Name,Id,Type,Defense,MagicResist,IconIdx,Quality,BasePrice,PriceRate,ReqStat1,ReqAmount1,ReqStat2,ReqAmount2,BonusStat1,BonusAmount1,BonusStat2,BonusAmount2,Durability,Weight,FieldItemId,MeshFemale,MeshMale,StlKey,DisplayName,Description
arms_0,0,0,0,0,0,0,0,0,,,,,,,,,,,0,/Game/Characters/Modular/Female/arms_0/arms_0/SkeletalMeshes/arms_0,/Game/Characters/Modular/Male/arms_0/arms_0/SkeletalMeshes/arms_0,,,
arms_1,1,0,0,0,0,0,0,0,,,,,,,,,,,0,/Game/Characters/Modular/Female/arms_1/arms_1/SkeletalMeshes/arms_1,/Game/Characters/Modular/Male/arms_1/arms_1/SkeletalMeshes/arms_1,,,
arms_2,2,143,1,1,416,10,150,0,,,,,,,,,25,1,242,/Game/Characters/Modular/Female/arms_2/arms_2/SkeletalMeshes/arms_2,/Game/Characters/Modular/Male/arms_2/arms_2/SkeletalMeshes/arms_2,LARM002,White Gloves,Fingerless gloves made with white fabric.
arms_3,3,143,2,1,417,11,200,0,31,4,,,,,,,26,1,242,/Game/Characters/Modular/Female/arms_3/arms_3/SkeletalMeshes/arms_3,/Game/Characters/Modular/Male/arms_3/arms_3/SkeletalMeshes/arms_3,LARM003,Leather Gloves,Fingerless gloves made out of leather.
arms_4,4,143,3,1,418,12,350,0,31,5,,,,,,,26,1,242,/Game/Characters/Modular/Female/arms_4/arms_4/SkeletalMeshes/arms_4,/Game/Characters/Modular/Male/arms_4/arms_4/SkeletalMeshes/arms_4,LARM004,Dumb Gloves,Gloves that supposedly went out of fashion years ago.
arms_5,5,143,4,1,419,12,750,0,31,7,,,24,1,,,26,1,242,/Game/Characters/Modular/Female/arms_5/arms_5/SkeletalMeshes/arms_5,/Game/Characters/Modular/Male/arms_5/arms_5/SkeletalMeshes/arms_5,LARM005,Safe Gloves,Thick mittens that keep one???s hands from getting hurt.
arms_6,6,143,4,2,420,13,1200,0,31,10,,,24,2,,,26,1,242,/Game/Characters/Modular/Female/arms_6/arms_6/SkeletalMeshes/arms_6,/Game/Characters/Modular/Male/arms_6/arms_6/SkeletalMeshes/arms_6,LARM006,Action Gloves,Fingerless gloves made out of stout leather.
arms_7,7,143,5,1,421,15,1400,0,31,15,,,24,2,,,27,1,242,/Game/Characters/Modular/Female/arms_7/arms_7/SkeletalMeshes/arms_7,/Game/Characters/Modular/Male/arms_7/arms_7/SkeletalMeshes/arms_7,LARM007,Full Action Gloves,"Fingerless gloves made out of stout, yet flexible leather."
arms_8,8,143,5,3,422,16,2100,0,31,20,,,24,3,,,27,1,242,/Game/Characters/Modular/Female/arms_8/arms_8/SkeletalMeshes/arms_8,/Game/Characters/Modular/Male/arms_8/arms_8/SkeletalMeshes/arms_8,LARM008,Gray Gloves,Gray gloves that seem sturdy and dependable.
arms_9,9,143,6,2,423,18,2450,0,31,25,,,24,3,,,28,1,242,/Game/Characters/Modular/Female/arms_9/arms_9/SkeletalMeshes/arms_9,/Game/Characters/Modular/Male/arms_9/arms_9/SkeletalMeshes/arms_9,LARM009,Hill Gray Gloves,Gloves that have a piously grey color.
arms_10,10,143,6,3,424,19,3200,0,31,30,,,24,4,,,28,1,242,/Game/Characters/Modular/Female/arms_10/arms_10/SkeletalMeshes/arms_10,/Game/Characters/Modular/Male/arms_10/arms_10/SkeletalMeshes/arms_10,LARM010,Gloves of Iguje,Gloves which make its wearer more dexterous.
arms_11,11,143,7,2,425,21,3650,0,31,35,,,24,4,,,29,1,242,/Game/Characters/Modular/Female/arms_11/arms_11/SkeletalMeshes/arms_11,/Game/Characters/Modular/Male/arms_11/arms_11/SkeletalMeshes/arms_11,LARM011,Islamic Gloves,Gloves which make its wearer more suave and dexterous.
arms_12,12,143,8,3,426,22,3700,0,31,40,,,24,3,,,29,1,242,/Game/Characters/Modular/Female/arms_12/arms_12/SkeletalMeshes/arms_12,/Game/Characters/Modular/Male/arms_12/arms_12/SkeletalMeshes/arms_12,LARM012,Venetian Gloves,Gloves favored by people who love to travel.
arms_13,13,143,9,3,427,24,5050,0,31,45,,,24,4,,,30,1,242,/Game/Characters/Modular/Female/arms_13/arms_13/SkeletalMeshes/arms_13,/Game/Characters/Modular/Male/arms_13/arms_13/SkeletalMeshes/arms_13,LARM013,Luxurious Venetian Gloves,Gloves favored by people who love to travel in comfort.
arms_14,14,143,10,5,429,27,7300,0,31,55,,,24,5,,,30,1,242,/Game/Characters/Modular/Female/arms_14/arms_14/SkeletalMeshes/arms_14,/Game/Characters/Modular/Male/arms_14/arms_14/SkeletalMeshes/arms_14,LARM014,Junior Gloves,Gloves for students who attend magic school.
arms_15,15,143,11,4,430,29,9150,0,31,63,,,24,6,,,31,1,242,/Game/Characters/Modular/Female/arms_15/arms_15/SkeletalMeshes/arms_15,/Game/Characters/Modular/Male/arms_15/arms_15/SkeletalMeshes/arms_15,LARM015,Senior Gloves,Gloves for exemplary students who attend magic school.
arms_16,16,143,14,5,432,33,11400,0,31,75,,,24,4,,,32,1,242,/Game/Characters/Modular/Female/arms_16/arms_16/SkeletalMeshes/arms_16,/Game/Characters/Modular/Male/arms_16/arms_16/SkeletalMeshes/arms_16,LARM016,Redfield Green Gloves,Gloves for a true gentleman.
arms_17,17,143,21,7,433,34,14050,0,31,85,,,24,5,,,33,1,242,/Game/Characters/Modular/Female/arms_17/arms_17/SkeletalMeshes/arms_17,/Game/Characters/Modular/Male/arms_17/arms_17/SkeletalMeshes/arms_17,LARM017,Redfield Black Gloves,Gentlemanly gloves for a man of refined tastes.
arms_18,18,143,45,16,433,37,17400,0,31,160,,,24,8,,,44,1,242,/Game/Characters/Modular/Female/arms_18/arms_18/SkeletalMeshes/arms_18,/Game/Characters/Modular/Male/arms_18/arms_18/SkeletalMeshes/arms_18,LARM018,Redfield Red Gloves,Gloves for the honourable gentleman.
arms_19,19,143,140,100,2518,100,10,0,,,,,11,30,22,50,120,1,234,/Game/Characters/Modular/Female/arms_19/arms_19/SkeletalMeshes/arms_19,/Game/Characters/Modular/Male/arms_19/arms_19/SkeletalMeshes/arms_19,LARM019,Venus Hawker Gloves,
arms_20,20,143,140,100,2518,100,10,0,,,,,11,30,22,50,120,1,234,/Game/Characters/Modular/Female/arms_20/arms_20/SkeletalMeshes/arms_20,/Game/Characters/Modular/Male/arms_20/arms_20/SkeletalMeshes/arms_20,LARM020,Jaguar Rave Gloves,
arms_21,21,143,140,100,2518,100,10,0,,,,,20,40,10,30,120,1,234,/Game/Characters/Modular/Female/arms_21/arms_21/SkeletalMeshes/arms_21,/Game/Characters/Modular/Male/arms_21/arms_21/SkeletalMeshes/arms_21,LARM021,White Gloves,
arms_22,22,143,140,100,2518,100,10,0,,,,,10,30,19,50,120,1,234,/Game/Characters/Modular/Female/arms_22/arms_22/SkeletalMeshes/arms_22,/Game/Characters/Modular/Male/arms_22/arms_22/SkeletalMeshes/arms_22,LARM022,White Gloves,
arms_23,23,143,140,100,2518,100,10,0,,,,,11,30,22,50,120,1,234,/Game/Characters/Modular/Female/arms_23/arms_23/SkeletalMeshes/arms_23,/Game/Characters/Modular/Male/arms_23/arms_23/SkeletalMeshes/arms_23,LARM023,White Gloves,
arms_24,24,143,140,100,2518,100,10,0,,,,,13,30,15,30,120,1,234,/Game/Characters/Modular/Female/arms_24/arms_24/SkeletalMeshes/arms_24,/Game/Characters/Modular/Male/arms_24/arms_24/SkeletalMeshes/arms_24,LARM024,Gray Gloves,
arms_25,25,143,140,100,2518,100,10,0,,,,,20,50,11,30,120,1,234,/Game/Characters/Modular/Female/arms_25/arms_25/SkeletalMeshes/arms_25,/Game/Characters/Modular/Male/arms_25/arms_25/SkeletalMeshes/arms_25,LARM025,Gray Gloves,
arms_26,26,143,140,100,2518,100,10,0,,,,,22,50,12,30,120,1,234,/Game/Characters/Modular/Female/arms_26/arms_26/SkeletalMeshes/arms_26,/Game/Characters/Modular/Male/arms_26/arms_26/SkeletalMeshes/arms_26,LARM026,Blue Racing Gloves,
arms_27,27,143,140,100,2518,100,10,0,,,,,12,30,19,50,120,1,234,/Game/Characters/Modular/Female/arms_27/arms_27/SkeletalMeshes/arms_27,/Game/Characters/Modular/Male/arms_27/arms_27/SkeletalMeshes/arms_27,LARM027,Pink Racing Gloves,
arms_28,28,143,140,100,2518,100,10,0,,,,,10,30,19,50,120,1,234,/Game/Characters/Modular/Female/arms_28/arms_28/SkeletalMeshes/arms_28,/Game/Characters/Modular/Male/arms_28/arms_28/SkeletalMeshes/arms_28,LARM028,Venus Soldier Gloves,
arms_29,29,143,140,100,2518,100,10,0,,,,,20,50,11,30,120,1,234,/Game/Characters/Modular/Female/arms_29/arms_29/SkeletalMeshes/arms_29,/Game/Characters/Modular/Male/arms_29/arms_29/SkeletalMeshes/arms_29,LARM029,Black Samurai Gauntlets,
arms_30,30,143,140,100,2518,100,10,0,,,,,20,50,10,30,120,1,234,/Game/Characters/Modular/Female/arms_30/arms_30/SkeletalMeshes/arms_30,/Game/Characters/Modular/Male/arms_30/arms_30/SkeletalMeshes/arms_30,LARM030,Gold Samurai Gauntlets,
arms_31,31,141,5,1,455,13,650,0,31,10,,,,,,,27,2,226,/Game/Characters/Modular/Female/arms_31/arms_31/SkeletalMeshes/arms_31,/Game/Characters/Modular/Male/arms_31/arms_31/SkeletalMeshes/arms_31,LARM031,Soldier Gloves,Basic gloves for soldiers.
arms_32,32,141,8,2,456,19,1950,0,31,30,,,,,,,28,3,226,/Game/Characters/Modular/Female/arms_32/arms_32/SkeletalMeshes/arms_32,/Game/Characters/Modular/Male/arms_32/arms_32/SkeletalMeshes/arms_32,LARM032,Iron Gauntlets,Gauntlets made out of iron.
arms_33,33,141,11,3,457,25,4350,0,31,50,,,,,,,30,3,226,/Game/Characters/Modular/Female/arms_33/arms_33/SkeletalMeshes/arms_33,/Game/Characters/Modular/Male/arms_33/arms_33/SkeletalMeshes/arms_33,LARM033,Trunket Gloves,Reliable gloves made out of iron.
arms_34,34,141,15,4,458,30,8950,0,31,70,,,,,,,32,3,226,/Game/Characters/Modular/Female/arms_34/arms_34/SkeletalMeshes/arms_34,/Game/Characters/Modular/Male/arms_34/arms_34/SkeletalMeshes/arms_34,LARM034,Chrome Gauntlets,Well-made gauntlets made out of a mysterious metal.
arms_35,35,141,19,5,459,36,16650,0,31,88,,,,,,,34,3,226,/Game/Characters/Modular/Female/arms_35/arms_35/SkeletalMeshes/arms_35,/Game/Characters/Modular/Male/arms_35/arms_35/SkeletalMeshes/arms_35,LARM035,Mighty Gauntlets,"Light, yet reliable gauntlets."
arms_36,36,141,23,6,460,40,26600,0,31,104,,,,,,,36,5,226,/Game/Characters/Modular/Female/arms_36/arms_36/SkeletalMeshes/arms_36,/Game/Characters/Modular/Male/arms_36/arms_36/SkeletalMeshes/arms_36,LARM036,Kurash Gauntlets,"Gauntlets, made out of tough steel, which can also be used as weapons."
arms_37,37,141,27,7,461,45,40800,0,31,120,,,,,,,37,5,226,/Game/Characters/Modular/Female/arms_37/arms_37/SkeletalMeshes/arms_37,/Game/Characters/Modular/Male/arms_37/arms_37/SkeletalMeshes/arms_37,LARM037,Plate Gauntlets,The best gauntlets: well-designed and reliable.
arms_38,38,141,36,10,462,54,62595,0,31,145,,,,,,,41,5,226,/Game/Characters/Modular/Female/arms_38/arms_38/SkeletalMeshes/arms_38,/Game/Characters/Modular/Male/arms_38/arms_38/SkeletalMeshes/arms_38,LARM038,Durable Gloves,A tough pair of gloves that is known for its durability.
arms_39,39,141,42,12,463,59,83655,0,31,155,,,,,,,43,5,226,/Game/Characters/Modular/Female/arms_39/arms_39/SkeletalMeshes/arms_39,/Game/Characters/Modular/Male/arms_39/arms_39/SkeletalMeshes/arms_39,LARM039,Cedric Gloves,Gloves designed by a famous swordman for use in battle.
arms_40,40,141,47,13,464,65,132200,0,31,165,,,,,,,45,5,226,/Game/Characters/Modular/Female/arms_40/arms_40/SkeletalMeshes/arms_40,/Game/Characters/Modular/Male/arms_40/arms_40/SkeletalMeshes/arms_40,LARM040,Execution Gloves,Gloves for warriors that must regularly battle against villains and scoundrels.
arms_41,41,141,54,14,465,69,177900,0,31,175,,,,,,,48,5,226,/Game/Characters/Modular/Female/arms_41/arms_41/SkeletalMeshes/arms_41,/Game/Characters/Modular/Male/arms_41/arms_41/SkeletalMeshes/arms_41,LARM041,Abyss Plate Gauntlets,Gauntlets forged out of a wondrous metal found at the bottom of an abyss.
arms_42,42,141,59,15,466,70,197900,0,31,185,,,,,,,52,5,226,/Game/Characters/Modular/Female/arms_42/arms_42/SkeletalMeshes/arms_42,/Game/Characters/Modular/Male/arms_42/arms_42/SkeletalMeshes/arms_42,LARM042,Righteous Plate Gauntlets,Gaunlets meant to be worn by warriors whose hearts know the true meaning of justice.
arms_43,43,141,66,17,468,83,232290,0,31,200,,,20,10,10,10,56,5,226,/Game/Characters/Modular/Female/arms_43/arms_43/SkeletalMeshes/arms_43,/Game/Characters/Modular/Male/arms_43/arms_43/SkeletalMeshes/arms_43,LARM043,Jabberwock Gauntlets,Gauntlets that shimmer freakily like the eyes of a madman.
arms_44,44,0,0,0,0,0,0,0,,,,,,,,,,,0,/Game/Characters/Modular/Female/arms_44/arms_44/SkeletalMeshes/arms_44,/Game/Characters/Modular/Male/arms_44/arms_44/SkeletalMeshes/arms_44,,,
arms_45,45,141,81,29,468,83,250000,0,31,205,,,20,10,10,10,59,5,226,/Game/Characters/Modular/Female/arms_45/arms_45/SkeletalMeshes/arms_45,/Game/Characters/Modular/Male/arms_45/arms_45/SkeletalMeshes/arms_45,LARM045,Brave Jabberwock Gauntlets,You entered deep into the depths of Prison and claimed these gauntlets.
arms_46,46,0,0,0,0,0,0,0,,,,,,,,,,,0,/Game/Characters/Modular/Female/arms_46/arms_46/SkeletalMeshes/arms_46,/Game/Characters/Modular/Male/arms_46/arms_46/SkeletalMeshes/arms_46,,,
arms_47,47,0,0,0,0,0,0,0,,,,,,,,,,,0,/Game/Characters/Modular/Female/arms_47/arms_47/SkeletalMeshes/arms_47,/Game/Characters/Modular/Male/arms_47/arms_47/SkeletalMeshes/arms_47,,,
arms_48,48,141,256,204,5265,83,250000,0,31,255,,,10,45,20,100,125,5,226,/Game/Characters/Modular/Female/arms_48/arms_48/SkeletalMeshes/arms_48,/Game/Characters/Modular/Male/arms_48/arms_48/SkeletalMeshes/arms_48,LARM048,Crusader's Pallid Gauntlets,Gloves Exclusive for ETC iROSE
arms_49,49,141,256,204,5266,83,250000,0,31,255,,,10,45,18,100,125,5,226,/Game/Characters/Modular/Female/arms_49/arms_49/SkeletalMeshes/arms_49,/Game/Characters/Modular/Male/arms_49/arms_49/SkeletalMeshes/arms_49,LARM049,Demon's Viking Gauntlets,Gloves Exclusive for ETC iROSE
arms_50,50,143,17,6,3462,38,19750,0,31,90,,,24,6,,,36,1,242,/Game/Characters/Modular/Female/arms_50/arms_50/SkeletalMeshes/arms_50,/Game/Characters/Modular/Male/arms_50/arms_50/SkeletalMeshes/arms_50,LARM050,Dariem Gloves,A fashionable yet common set of gloves.
arms_51,51,143,21,7,3463,39,20148,0,31,100,,,24,6,,,38,1,242,/Game/Characters/Modular/Female/arms_51/arms_51/SkeletalMeshes/arms_51,/Game/Characters/Modular/Male/arms_51/arms_51/SkeletalMeshes/arms_51,LARM051,Bleached Gloves,A set of bleached gloves.
arms_52,52,143,25,9,3464,40,21364,0,31,120,,,24,7,,,40,1,242,/Game/Characters/Modular/Female/arms_52/arms_52/SkeletalMeshes/arms_52,/Game/Characters/Modular/Male/arms_52/arms_52/SkeletalMeshes/arms_52,LARM052,Tye Dye Gloves,A set of tye dyed gloves.
arms_53,53,143,33,12,3465,41,22978,0,31,140,,,24,7,,,42,1,242,/Game/Characters/Modular/Female/arms_53/arms_53/SkeletalMeshes/arms_53,/Game/Characters/Modular/Male/arms_53/arms_53/SkeletalMeshes/arms_53,LARM053,Desert Wristbands,Wristbands suitable for desert travelers.
arms_54,54,143,39,14,3466,42,23472,0,31,150,,,24,8,,,46,1,242,/Game/Characters/Modular/Female/arms_54/arms_54/SkeletalMeshes/arms_54,/Game/Characters/Modular/Male/arms_54/arms_54/SkeletalMeshes/arms_54,LARM054,Warrior Wristbands,Wristbands commonly worn by the warriors of the desert.
arms_55,55,143,50,17,3467,43,24504,0,31,170,,,24,9,,,48,1,242,/Game/Characters/Modular/Female/arms_55/arms_55/SkeletalMeshes/arms_55,/Game/Characters/Modular/Male/arms_55/arms_55/SkeletalMeshes/arms_55,LARM055,Explorer Gloves,An expensive set of gloves worn by explorers.
arms_56,56,143,56,20,3468,44,25555,0,31,180,,,24,9,,,50,1,242,/Game/Characters/Modular/Female/arms_56/arms_56/SkeletalMeshes/arms_56,/Game/Characters/Modular/Male/arms_56/arms_56/SkeletalMeshes/arms_56,LARM056,Luxurious Explorer Gloves,An enchanted set of gloves worn by explorers.
arms_57,57,143,7,3,3469,45,26789,0,,,,,0,0,,,10,1,242,/Game/Characters/Modular/Female/arms_57/arms_57/SkeletalMeshes/arms_57,/Game/Characters/Modular/Male/arms_57/arms_57/SkeletalMeshes/arms_57,LARM057,Azure Wristbands,An alluring set of wristbands that maximize their wearer's comfort.
arms_61,61,142,5,2,481,15,850,0,31,10,,,,,,,27,2,234,/Game/Characters/Modular/Female/arms_61/arms_61/SkeletalMeshes/arms_61,/Game/Characters/Modular/Male/arms_61/arms_61/SkeletalMeshes/arms_61,LARM061,Spiritual Gloves,Basic gloves for new Muses.
arms_62,62,142,7,3,482,21,1900,0,31,30,,,,,,,28,2,234,/Game/Characters/Modular/Female/arms_62/arms_62/SkeletalMeshes/arms_62,/Game/Characters/Modular/Male/arms_62/arms_62/SkeletalMeshes/arms_62,LARM062,Green Gloves of Witch,Gloves which are considerably popular among Mages.
arms_63,63,142,10,5,483,28,4650,0,31,50,,,,,,,30,2,234,/Game/Characters/Modular/Female/arms_63/arms_63/SkeletalMeshes/arms_63,/Game/Characters/Modular/Male/arms_63/arms_63/SkeletalMeshes/arms_63,LARM063,Purple Gloves of Witch,Gloves that are favored by very well-experienced Mages.
arms_64,64,142,13,6,484,34,8700,0,31,70,,,,,,,32,2,234,/Game/Characters/Modular/Female/arms_64/arms_64/SkeletalMeshes/arms_64,/Game/Characters/Modular/Male/arms_64/arms_64/SkeletalMeshes/arms_64,LARM064,Violet Gloves,Fashionable gloves which are favored by powerful Mages.
arms_65,65,142,16,8,485,39,14850,0,31,88,,,,,,,34,2,234,/Game/Characters/Modular/Female/arms_65/arms_65/SkeletalMeshes/arms_65,/Game/Characters/Modular/Male/arms_65/arms_65/SkeletalMeshes/arms_65,LARM065,Gloves of Shadow,Gloves that are rumored to cover its wearer in shadow.
arms_66,66,142,20,10,486,44,25300,0,31,104,,,,,,,35,2,234,/Game/Characters/Modular/Female/arms_66/arms_66/SkeletalMeshes/arms_66,/Game/Characters/Modular/Male/arms_66/arms_66/SkeletalMeshes/arms_66,LARM066,Velvet Gloves of Witch,Gloves that contain powerful magic.
arms_67,67,142,23,11,487,49,36700,0,31,120,,,,,,,37,2,234,/Game/Characters/Modular/Female/arms_67/arms_67/SkeletalMeshes/arms_67,/Game/Characters/Modular/Male/arms_67/arms_67/SkeletalMeshes/arms_67,LARM067,Heaven's Gloves,Gloves said to be worn by those who have swooped down from the heavens.
arms_68,68,142,31,15,488,59,53595,0,31,145,,,,,,,40,2,234,/Game/Characters/Modular/Female/arms_68/arms_68/SkeletalMeshes/arms_68,/Game/Characters/Modular/Male/arms_68/arms_68/SkeletalMeshes/arms_68,LARM068,Fairy Gloves,Glove made by Arua Fairies
arms_69,69,142,36,18,489,65,71415,0,31,155,,,,,,,42,2,234,/Game/Characters/Modular/Female/arms_69/arms_69/SkeletalMeshes/arms_69,/Game/Characters/Modular/Male/arms_69/arms_69/SkeletalMeshes/arms_69,LARM069,Joker Gloves,Gloves that are usually worn by swindlers and crooks.
arms_70,70,142,42,19,490,68,118400,0,31,165,,,,,,,44,2,234,/Game/Characters/Modular/Female/arms_70/arms_70/SkeletalMeshes/arms_70,/Game/Characters/Modular/Male/arms_70/arms_70/SkeletalMeshes/arms_70,LARM070,Mystic Weaver Gloves,Gloves designed for use by intermediate level Muses.
arms_71,71,142,47,20,491,72,165850,0,31,175,,,,,,,46,2,234,/Game/Characters/Modular/Female/arms_71/arms_71/SkeletalMeshes/arms_71,/Game/Characters/Modular/Male/arms_71/arms_71/SkeletalMeshes/arms_71,LARM071,Serenity Gloves,Gloves that enable its wearer to relax and focus just by wearing them.
arms_72,72,142,53,22,492,78,205850,0,31,185,,,,,,,49,2,234,/Game/Characters/Modular/Female/arms_72/arms_72/SkeletalMeshes/arms_72,/Game/Characters/Modular/Male/arms_72/arms_72/SkeletalMeshes/arms_72,LARM072,Archmage Gloves,Gloves that are especially crafted for advanced Muses.
arms_73,73,142,58,24,507,86,245850,0,31,200,,,20,10,12,10,53,2,234,/Game/Characters/Modular/Female/arms_73/arms_73/SkeletalMeshes/arms_73,/Game/Characters/Modular/Male/arms_73/arms_73/SkeletalMeshes/arms_73,LARM073,Dimple Gloves,"A pair of cute, classy gloves made by a famous designer."
arms_74,74,143,140,100,2518,100,10,0,,,,,22,50,12,30,120,1,234,/Game/Characters/Modular/Female/arms_74/arms_74/SkeletalMeshes/arms_74,/Game/Characters/Modular/Male/arms_74/arms_74/SkeletalMeshes/arms_74,LARM074,Fancy White Ribbons,Fancy ribbons designed for Shuya.
arms_75,75,142,73,30,507,86,138950,0,31,205,,,20,10,12,10,56,2,234,/Game/Characters/Modular/Female/arms_75/arms_75/SkeletalMeshes/arms_75,/Game/Characters/Modular/Male/arms_75/arms_75/SkeletalMeshes/arms_75,LARM075,Brave Dimple Gloves,You entered deep into the depths of Prison and claimed these gloves. 
arms_76,76,143,140,100,2518,100,10,0,,,,,10,30,20,40,120,1,234,/Game/Characters/Modular/Female/arms_76/arms_76/SkeletalMeshes/arms_76,/Game/Characters/Modular/Male/arms_76/arms_76/SkeletalMeshes/arms_76,LARM076,Fancy Pink Ribbons,Redesigned fancy ribbons.
arms_77,77,143,140,100,2518,100,10,0,,,,,12,30,20,40,120,1,234,/Game/Characters/Modular/Female/arms_77/arms_77/SkeletalMeshes/arms_77,/Game/Characters/Modular/Male/arms_77/arms_77/SkeletalMeshes/arms_77,LARM077,Fancy Purple Ribbons,Redesigned fancy ribbons.
arms_78,78,143,140,100,2518,100,10,0,,,,,11,30,20,40,120,1,234,/Game/Characters/Modular/Female/arms_78/arms_78/SkeletalMeshes/arms_78,/Game/Characters/Modular/Male/arms_78/arms_78/SkeletalMeshes/arms_78,LARM078,Fancy Black Ribbons,Redesigned fancy ribbons.
arms_79,79,143,140,100,2518,100,10,0,,,,,13,30,20,40,120,1,234,/Game/Characters/Modular/Female/arms_79/arms_79/SkeletalMeshes/arms_79,/Game/Characters/Modular/Male/arms_79/arms_79/SkeletalMeshes/arms_79,LARM079,Fancy Blue Ribbons,Redesigned fancy ribbons.
arms_80,80,143,140,100,2518,100,10,0,,,,,10,30,15,30,120,1,234,/Game/Characters/Modular/Female/arms_80/arms_80/SkeletalMeshes/arms_80,/Game/Characters/Modular/Male/arms_80/arms_80/SkeletalMeshes/arms_80,LARM080,Baseball Gloves,Gloves commonly worn by baseball players.
arms_81,81,142,140,100,2518,100,10,0,,,,,12,30,19,50,120,1,234,/Game/Characters/Modular/Female/arms_81/arms_81/SkeletalMeshes/arms_81,/Game/Characters/Modular/Male/arms_81/arms_81/SkeletalMeshes/arms_81,LARM081,Elegant Muse Gloves,Gloves that can only be worn by the most powerful muses.
arms_82,82,143,140,100,2518,100,10,0,,,,,12,30,19,50,120,1,234,/Game/Characters/Modular/Female/arms_82/arms_82/SkeletalMeshes/arms_82,/Game/Characters/Modular/Male/arms_82/arms_82/SkeletalMeshes/arms_82,LARM082,Pink Bunny Gloves,Pink Bunny Boo Gloves.
arms_83,83,143,140,100,2518,100,10,0,,,,,13,30,15,30,120,1,234,/Game/Characters/Modular/Female/arms_83/arms_83/SkeletalMeshes/arms_83,/Game/Characters/Modular/Male/arms_83/arms_83/SkeletalMeshes/arms_83,LARM083,Ghost Armor Gauntlets,Gauntlets that are said to be haunted by their owner.
arms_84,84,143,140,100,2518,100,10,0,,,,,11,30,20,40,120,1,234,/Game/Characters/Modular/Female/arms_84/arms_84/SkeletalMeshes/arms_84,/Game/Characters/Modular/Male/arms_84/arms_84/SkeletalMeshes/arms_84,LARM084,Bloody Ghost Armor Gauntlets,Gauntlets that are said to be haunted by their owner.
arms_85,85,143,140,100,2518,100,10,0,,,,,12,30,20,40,120,1,234,/Game/Characters/Modular/Female/arms_85/arms_85/SkeletalMeshes/arms_85,/Game/Characters/Modular/Male/arms_85/arms_85/SkeletalMeshes/arms_85,LARM085,Alpha gloves,Gloves of the legendary Alpha.
arms_86,86,143,140,100,2518,100,10,0,,,,,11,30,20,40,120,1,234,/Game/Characters/Modular/Female/arms_86/arms_86/SkeletalMeshes/arms_86,/Game/Characters/Modular/Male/arms_86/arms_86/SkeletalMeshes/arms_86,LARM086,Glowstick Wristbands,Wristbands that glow under a blacklight.
arms_87,87,143,140,100,2518,100,10,0,,,,,10,30,20,40,120,1,234,/Game/Characters/Modular/Female/arms_87/arms_87/SkeletalMeshes/arms_87,/Game/Characters/Modular/Male/arms_87/arms_87/SkeletalMeshes/arms_87,LARM087,Omega Gloves,Gloves of the legendary Omega.
arms_88,88,143,140,100,2518,100,10,0,,,,,20,40,11,30,120,1,234,/Game/Characters/Modular/Female/arms_88/arms_88/SkeletalMeshes/arms_88,/Game/Characters/Modular/Male/arms_88/arms_88/SkeletalMeshes/arms_88,LARM088,Zephyr Venus Gloves,
arms_89,89,143,140,100,2518,100,10,0,,,,,20,40,10,30,120,1,234,/Game/Characters/Modular/Female/arms_89/arms_89/SkeletalMeshes/arms_89,/Game/Characters/Modular/Male/arms_89/arms_89/SkeletalMeshes/arms_89,LARM089,Turbo Venus Gloves,
arms_90,90,143,140,100,2518,100,10,0,,,,,20,40,12,30,120,1,234,/Game/Characters/Modular/Female/arms_90/arms_90/SkeletalMeshes/arms_90,/Game/Characters/Modular/Male/arms_90/arms_90/SkeletalMeshes/arms_90,LARM090,Jager Venus Gloves,
arms_91,91,143,5,1,520,15,750,0,31,10,,,,,,,27,2,230,/Game/Characters/Modular/Female/arms_91/arms_91/SkeletalMeshes/arms_91,/Game/Characters/Modular/Male/arms_91/arms_91/SkeletalMeshes/arms_91,LARM091,Hunter Gloves,Basic gloves for Hawkers.
arms_92,92,143,7,2,521,21,1800,0,31,30,,,,,,,28,2,230,/Game/Characters/Modular/Female/arms_92/arms_92/SkeletalMeshes/arms_92,/Game/Characters/Modular/Male/arms_92/arms_92/SkeletalMeshes/arms_92,LARM092,Criker Gloves,Light mittens that are suitable for hunting.
arms_93,93,143,10,3,522,27,4050,0,31,50,,,,,,,30,2,230,/Game/Characters/Modular/Female/arms_93/arms_93/SkeletalMeshes/arms_93,/Game/Characters/Modular/Male/arms_93/arms_93/SkeletalMeshes/arms_93,LARM093,Ranger Gloves,Fashionable gloves for well-experienced hunters.
arms_94,94,143,14,5,523,33,9100,0,31,70,,,,,,,32,2,230,/Game/Characters/Modular/Female/arms_94/arms_94/SkeletalMeshes/arms_94,/Game/Characters/Modular/Male/arms_94/arms_94/SkeletalMeshes/arms_94,LARM094,Black Pirate Gloves,Gloves that are favored by pirates of the black sea.
arms_95,95,143,18,6,524,38,16450,0,31,88,,,,,,,34,5,230,/Game/Characters/Modular/Female/arms_95/arms_95/SkeletalMeshes/arms_95,/Game/Characters/Modular/Male/arms_95/arms_95/SkeletalMeshes/arms_95,LARM095,Mariner's Gloves,Gloves that are favored by people who love sailing.
arms_96,96,143,21,7,525,43,24950,0,31,104,,,,,,,35,3,230,/Game/Characters/Modular/Female/arms_96/arms_96/SkeletalMeshes/arms_96,/Game/Characters/Modular/Male/arms_96/arms_96/SkeletalMeshes/arms_96,LARM096,Jaguar Gloves,Gloves that enable its wearer to move as quickly as a jaguar.
arms_97,97,143,25,9,526,48,39600,0,31,120,,,,,,,37,3,230,/Game/Characters/Modular/Female/arms_97/arms_97/SkeletalMeshes/arms_97,/Game/Characters/Modular/Male/arms_97/arms_97/SkeletalMeshes/arms_97,LARM097,Wild Hawker Gloves,"Carrying the essence of freedom, these gloves are a necessity for the ultimate Hawker!"
arms_98,98,143,34,12,527,57,58050,0,31,145,,,,,,,40,3,230,/Game/Characters/Modular/Female/arms_98/arms_98/SkeletalMeshes/arms_98,/Game/Characters/Modular/Male/arms_98/arms_98/SkeletalMeshes/arms_98,LARM098,Pirate Gloves,Essential for Pirate costume. It's a nice glove.
arms_99,99,143,40,14,528,63,79020,0,31,155,,,,,,,43,3,230,/Game/Characters/Modular/Female/arms_99/arms_99/SkeletalMeshes/arms_99,/Game/Characters/Modular/Male/arms_99/arms_99/SkeletalMeshes/arms_99,LARM099,Silent Walker Gloves,Gloves that are usually worn by those skilled in stealth and espionage.
arms_100,100,143,45,16,529,67,124450,0,31,165,,,,,,,46,3,230,/Game/Characters/Modular/Female/arms_100/arms_100/SkeletalMeshes/arms_100,/Game/Characters/Modular/Male/arms_100/arms_100/SkeletalMeshes/arms_100,LARM100,Triggerman Gloves,Gloves that are generally worn by hitmen.
arms_101,101,143,49,18,531,73,173250,0,31,175,,,,,,,49,3,230,/Game/Characters/Modular/Female/arms_101/arms_101/SkeletalMeshes/arms_101,/Game/Characters/Modular/Male/arms_101/arms_101/SkeletalMeshes/arms_101,LARM101,Captain Hawker Gloves,Gloves that are the mark of a capable and confident captain.
arms_102,102,143,55,22,530,78,203250,0,31,185,,,,,,,55,3,230,/Game/Characters/Modular/Female/arms_102/arms_102/SkeletalMeshes/arms_102,/Game/Characters/Modular/Male/arms_102/arms_102/SkeletalMeshes/arms_102,LARM102,Netherworld Gloves,Gloves designed for use by leaders of the underworld.
arms_103,103,143,60,25,533,82,223250,0,31,200,,,22,10,11,10,60,3,230,/Game/Characters/Modular/Female/arms_103/arms_103/SkeletalMeshes/arms_103,/Game/Characters/Modular/Male/arms_103/arms_103/SkeletalMeshes/arms_103,LARM103,Steel Resolve Gloves,"Gloves suited to marksmen that live by the one shot, one kill credo."
arms_104,104,0,0,0,0,0,0,0,,,,,,,,,,,0,/Game/Characters/Modular/Female/arms_104/arms_104/SkeletalMeshes/arms_104,/Game/Characters/Modular/Male/arms_104/arms_104/SkeletalMeshes/arms_104,,,
arms_105,105,143,75,38,533,82,232502,0,31,205,,,22,10,11,10,64,3,230,/Game/Characters/Modular/Female/arms_105/arms_105/SkeletalMeshes/arms_105,/Game/Characters/Modular/Male/arms_105/arms_105/SkeletalMeshes/arms_105,LARM105,Brave Steel Resolve Gloves,You entered deep into the depths of Prison and claimed these gloves.
arms_106,106,0,0,0,0,0,0,0,,,,,,,,,,,0,/Game/Characters/Modular/Female/arms_106/arms_106/SkeletalMeshes/arms_106,/Game/Characters/Modular/Male/arms_106/arms_106/SkeletalMeshes/arms_106,,,
arms_107,107,141,156,104,6318,83,250000,0,31,255,,,18,30,10,30,125,5,226,/Game/Characters/Modular/Female/arms_107/arms_107/SkeletalMeshes/arms_107,/Game/Characters/Modular/Male/arms_107/arms_107/SkeletalMeshes/arms_107,LARM107,Aurum Gauntlets,x
arms_108,108,142,125,135,6319,86,138950,0,31,255,,,18,30,12,30,125,2,234,/Game/Characters/Modular/Female/arms_108/arms_108/SkeletalMeshes/arms_108,/Game/Characters/Modular/Male/arms_108/arms_108/SkeletalMeshes/arms_108,LARM108,Orlean Gloves,x
arms_109,109,143,155,113,6320,82,232502,0,31,255,,,18,30,11,30,125,3,230,/Game/Characters/Modular/Female/arms_109/arms_109/SkeletalMeshes/arms_109,/Game/Characters/Modular/Male/arms_109/arms_109/SkeletalMeshes/arms_109,LARM109,Raptor Gauntlets,x
arms_110,110,143,150,114,6321,95,275000,0,31,255,,,18,30,13,30,125,2,238,/Game/Characters/Modular/Female/arms_110/arms_110/SkeletalMeshes/arms_110,/Game/Characters/Modular/Male/arms_110/arms_110/SkeletalMeshes/arms_110,LARM110,Mercenary Gloves,x
arms_111,111,141,140,100,2518,99,100000,0,,,,,10,30,20,40,120,3,234,/Game/Characters/Modular/Female/arms_111/arms_111/SkeletalMeshes/arms_111,/Game/Characters/Modular/Male/arms_111/arms_111/SkeletalMeshes/arms_111,LARM111,Arkon? XG-101 Arm Unit,Arm unit compatible with experimental XG-101.
arms_112,112,141,140,100,2518,99,100000,0,,,,,11,30,20,40,120,3,234,/Game/Characters/Modular/Female/arms_112/arms_112/SkeletalMeshes/arms_112,/Game/Characters/Modular/Male/arms_112/arms_112/SkeletalMeshes/arms_112,LARM112,Virtigo? XG-401 Arm Unit,Arm unit compatible with experimental XG-401.
arms_113,113,141,140,100,2518,99,100000,0,,,,,12,30,20,40,120,3,234,/Game/Characters/Modular/Female/arms_113/arms_113/SkeletalMeshes/arms_113,/Game/Characters/Modular/Male/arms_113/arms_113/SkeletalMeshes/arms_113,LARM113,Iris? XG-701 Arm Unit,Arm unit compatible with experimental XG-701.
arms_114,114,141,140,100,2518,99,100000,0,,,,,13,30,20,40,120,3,234,/Game/Characters/Modular/Female/arms_114/arms_114/SkeletalMeshes/arms_114,/Game/Characters/Modular/Male/arms_114/arms_114/SkeletalMeshes/arms_114,LARM114,Nova? XG-901 Arm Unit,Arm unit compatible with experimental XG-901.
arms_115,115,141,140,100,2518,99,100000,0,,,,,10,30,18,40,120,3,234,/Game/Characters/Modular/Female/arms_115/arms_115/SkeletalMeshes/arms_115,/Game/Characters/Modular/Male/arms_115/arms_115/SkeletalMeshes/arms_115,LARM115,Arvock? XG-102 Arm Unit,An upgraded version of the Arkon XG-101 Arm Unit.
arms_116,116,141,140,100,2518,99,100000,0,,,,,11,30,18,40,120,3,234,/Game/Characters/Modular/Female/arms_116/arms_116/SkeletalMeshes/arms_116,/Game/Characters/Modular/Male/arms_116/arms_116/SkeletalMeshes/arms_116,LARM116,Airo? XG-402 Arm Unit,An upgraded version of the Virtigo XG-401 Arm Unit.
arms_117,117,141,140,100,2518,99,100000,0,,,,,12,30,18,40,120,3,234,/Game/Characters/Modular/Female/arms_117/arms_117/SkeletalMeshes/arms_117,/Game/Characters/Modular/Male/arms_117/arms_117/SkeletalMeshes/arms_117,LARM117,Isis? XG-702 Arm Unit,An upgraded version of the Iris XG-701 Arm Unit.
arms_118,118,141,140,100,2518,99,100000,0,,,,,13,30,18,40,120,3,234,/Game/Characters/Modular/Female/arms_118/arms_118/SkeletalMeshes/arms_118,/Game/Characters/Modular/Male/arms_118/arms_118/SkeletalMeshes/arms_118,LARM118,Endo? XG-902 Arm Unit,An upgraded version of the Nova XG-901 Arm Unit.
arms_119,119,143,255,213,5269,82,232502,0,31,255,,,11,45,20,100,125,3,230,/Game/Characters/Modular/Female/arms_119/arms_119/SkeletalMeshes/arms_119,/Game/Characters/Modular/Male/arms_119/arms_119/SkeletalMeshes/arms_119,LARM119,Black Artillery Gloves,Gloves Exclusive for ETC iROSE
arms_120,120,143,255,213,5270,82,232502,0,31,255,,,11,45,18,100,125,3,230,/Game/Characters/Modular/Female/arms_120/arms_120/SkeletalMeshes/arms_120,/Game/Characters/Modular/Male/arms_120/arms_120/SkeletalMeshes/arms_120,LARM120,Bloody Raven's Gloves,Gloves Exclusive for ETC iROSE
arms_121,121,143,5,1,546,18,900,0,31,10,,,,,,,27,2,238,/Game/Characters/Modular/Female/arms_121/arms_121/SkeletalMeshes/arms_121,/Game/Characters/Modular/Male/arms_121/arms_121/SkeletalMeshes/arms_121,LARM121,Brown Gloves,Gloves for new merchants.
arms_122,122,143,7,2,547,24,2050,0,31,30,,,,,,,28,2,238,/Game/Characters/Modular/Female/arms_122/arms_122/SkeletalMeshes/arms_122,/Game/Characters/Modular/Male/arms_122/arms_122/SkeletalMeshes/arms_122,LARM122,Vibe Gloves,Gloves for people that just started to understand trading theory.
arms_123,123,143,10,3,548,30,4550,0,31,50,,,,,,,30,2,238,/Game/Characters/Modular/Female/arms_123/arms_123/SkeletalMeshes/arms_123,/Game/Characters/Modular/Male/arms_123/arms_123/SkeletalMeshes/arms_123,LARM123,Tamiya Gloves,"Thick, lightweight gloves for young peddlers."
arms_124,124,143,14,5,549,35,9700,0,31,70,,,,,,,32,2,238,/Game/Characters/Modular/Female/arms_124/arms_124/SkeletalMeshes/arms_124,/Game/Characters/Modular/Male/arms_124/arms_124/SkeletalMeshes/arms_124,LARM124,Semiya Gloves,"Thick, lightweight gloves for intermediate peddlers."
arms_125,125,143,17,6,550,41,16350,0,31,88,,,,,,,34,2,238,/Game/Characters/Modular/Female/arms_125/arms_125/SkeletalMeshes/arms_125,/Game/Characters/Modular/Male/arms_125/arms_125/SkeletalMeshes/arms_125,LARM125,Merchant Gloves,Sophisticated gloves for well-experienced peddlers.
arms_126,126,143,21,7,551,45,26250,0,31,104,,,,,,,35,2,238,/Game/Characters/Modular/Female/arms_126/arms_126/SkeletalMeshes/arms_126,/Game/Characters/Modular/Male/arms_126/arms_126/SkeletalMeshes/arms_126,LARM126,Rich Merchant Gloves,Suave and sophisticated gloves for well-experienced peddlers.
arms_127,127,143,25,9,552,50,41450,0,31,120,,,,,,,37,2,238,/Game/Characters/Modular/Female/arms_127/arms_127/SkeletalMeshes/arms_127,/Game/Characters/Modular/Male/arms_127/arms_127/SkeletalMeshes/arms_127,LARM127,Redfield Chairman Gloves,High-quality gloves for a person of high esteem. It commands respect!
arms_128,128,143,33,12,553,59,55485,0,31,145,,,,,,,40,2,238,/Game/Characters/Modular/Female/arms_128/arms_128/SkeletalMeshes/arms_128,/Game/Characters/Modular/Male/arms_128/arms_128/SkeletalMeshes/arms_128,LARM128,Fisher Gloves,Gloves that expresses the hope of catching big game when you go fishing.
arms_129,129,143,39,14,554,64,75825,0,31,155,,,,,,,43,2,238,/Game/Characters/Modular/Female/arms_129/arms_129/SkeletalMeshes/arms_129,/Game/Characters/Modular/Male/arms_129/arms_129/SkeletalMeshes/arms_129,LARM129,Bomber Gloves,Gloves that are worn by demolition experts.
arms_130,130,143,46,16,555,70,123450,0,31,165,,,,,,,46,2,238,/Game/Characters/Modular/Female/arms_130/arms_130/SkeletalMeshes/arms_130,/Game/Characters/Modular/Male/arms_130/arms_130/SkeletalMeshes/arms_130,LARM130,Cart Racer Gloves,Gloves that are very popular among Cart Racers.
arms_131,131,143,51,18,556,75,167800,0,31,175,,,,,,,49,2,238,/Game/Characters/Modular/Female/arms_131/arms_131/SkeletalMeshes/arms_131,/Game/Characters/Modular/Male/arms_131/arms_131/SkeletalMeshes/arms_131,LARM131,Bourgeois Gloves,Gloves that serve as symbols of wealth. Most people sigh out of jealousy when glancing at these gloves for the first time.
arms_132,132,143,57,22,557,85,197800,0,31,185,,,,,,,55,2,238,/Game/Characters/Modular/Female/arms_132/arms_132/SkeletalMeshes/arms_132,/Game/Characters/Modular/Male/arms_132/arms_132/SkeletalMeshes/arms_132,LARM132,Noble Lord Gloves,"Gloves that are a symbol of honor, power, and prestige."
arms_133,133,143,65,26,559,95,262600,0,31,200,,,20,10,13,10,60,2,238,/Game/Characters/Modular/Female/arms_133/arms_133/SkeletalMeshes/arms_133,/Game/Characters/Modular/Male/arms_133/arms_133/SkeletalMeshes/arms_133,LARM133,Mana Steam Gloves,Specialty magic gloves that can directly manipulate Mana.
arms_134,134,0,0,0,0,0,0,0,,,,,,,,,,,0,/Game/Characters/Modular/Female/arms_134/arms_134/SkeletalMeshes/arms_134,/Game/Characters/Modular/Male/arms_134/arms_134/SkeletalMeshes/arms_134,,,
arms_135,135,143,82,40,559,95,275000,0,31,205,,,20,10,13,10,64,2,238,/Game/Characters/Modular/Female/arms_135/arms_135/SkeletalMeshes/arms_135,/Game/Characters/Modular/Male/arms_135/arms_135/SkeletalMeshes/arms_135,LARM135,Brave Mana Steam Gloves,You entered deep into the depths of Prison and claimed these gloves.
arms_136,136,0,0,0,0,0,0,0,,,,,,,,,,,0,/Game/Characters/Modular/Female/arms_136/arms_136/SkeletalMeshes/arms_136,/Game/Characters/Modular/Male/arms_136/arms_136/SkeletalMeshes/arms_136,,,
arms_137,137,0,0,0,0,0,0,0,,,,,,,,,,,0,/Game/Characters/Modular/Female/arms_137/arms_137/SkeletalMeshes/arms_137,/Game/Characters/Modular/Male/arms_137/arms_137/SkeletalMeshes/arms_137,,,
arms_138,138,143,250,214,5272,95,275000,0,31,255,,,13,45,20,100,125,2,238,/Game/Characters/Modular/Female/arms_138/arms_138/SkeletalMeshes/arms_138,/Game/Characters/Modular/Male/arms_138/arms_138/SkeletalMeshes/arms_138,LARM138,Venus Valentine Gloves,Gloves Exclusive for ETC iROSE
arms_139,139,143,250,214,5271,95,275000,0,31,255,,,15,45,18,100,125,2,238,/Game/Characters/Modular/Female/arms_139/arms_139/SkeletalMeshes/arms_139,/Game/Characters/Modular/Male/arms_139/arms_139/SkeletalMeshes/arms_139,LARM139,Snow Berry Gloves,Gloves Exclusive for ETC iROSE
arms_140,140,0,0,0,0,0,0,0,,,,,,,,,,,0,/Game/Characters/Modular/Female/arms_140/arms_140/SkeletalMeshes/arms_140,/Game/Characters/Modular/Male/arms_140/arms_140/SkeletalMeshes/arms_140,,,
arms_141,141,0,0,0,0,0,0,0,,,,,,,,,,,0,/Game/Characters/Modular/Female/arms_141/arms_141/SkeletalMeshes/arms_141,/Game/Characters/Modular/Male/arms_141/arms_141/SkeletalMeshes/arms_141,,,
arms_142,142,142,248,245,5267,86,138950,0,31,255,,,12,45,20,100,125,2,234,/Game/Characters/Modular/Female/arms_142/arms_142/SkeletalMeshes/arms_142,/Game/Characters/Modular/Male/arms_142/arms_142/SkeletalMeshes/arms_142,LARM142,Allabast Rift Gloves,Gloves Exclusive for ETC iROSE
arms_143,143,142,248,245,5268,86,138950,0,31,255,,,12,45,18,100,125,2,234,/Game/Characters/Modular/Female/arms_143/arms_143/SkeletalMeshes/arms_143,/Game/Characters/Modular/Male/arms_143/arms_143/SkeletalMeshes/arms_143,LARM143,Heavenly Priest Gloves,Gloves Exclusive for ETC iROSE
arms_144,144,0,0,0,0,0,0,0,,,,,,,,,,,0,/Game/Characters/Modular/Female/arms_144/arms_144/SkeletalMeshes/arms_144,/Game/Characters/Modular/Male/arms_144/arms_144/SkeletalMeshes/arms_144,,,
arms_145,145,0,0,0,0,0,0,0,,,,,,,,,,,0,/Game/Characters/Modular/Female/arms_145/arms_145/SkeletalMeshes/arms_145,/Game/Characters/Modular/Male/arms_145/arms_145/SkeletalMeshes/arms_145,,,
arms_149,149,0,0,0,0,0,0,0,,,,,,,,,,,0,/Game/Characters/Modular/Female/arms_149/arms_149/SkeletalMeshes/arms_149,/Game/Characters/Modular/Male/arms_149/arms_149/SkeletalMeshes/arms_149,,,
arms_150,150,0,0,0,0,0,0,0,,,,,,,,,,,0,/Game/Characters/Modular/Female/arms_150/arms_150/SkeletalMeshes/arms_150,/Game/Characters/Modular/Male/arms_150/arms_150/SkeletalMeshes/arms_150,,,
arms_151,151,143,999,999,2518,50,1000000,0,,,,,20,5000,18,5000,120,1,234,/Game/Characters/Modular/Female/arms_151/arms_151/SkeletalMeshes/arms_151,/Game/Characters/Modular/Male/arms_151/arms_151/SkeletalMeshes/arms_151,LARM151,GameMaster Gloves,The Gloves for GameMasters.
arms_152,152,143,5,3,431,15,1200,0,31,10,,,,,,,16,2,234,/Game/Characters/Modular/Female/arms_152/arms_152/SkeletalMeshes/arms_152,/Game/Characters/Modular/Male/arms_152/arms_152/SkeletalMeshes/arms_152,LARM152,Santa Gloves,Santa's gloves of choice. They're awfully merry.
arms_153,153,143,5,1,421,14,1598,0,31,14,,,24,2,38,10,27,1,242,/Game/Characters/Modular/Female/arms_153/arms_153/SkeletalMeshes/arms_153,/Game/Characters/Modular/Male/arms_153/arms_153/SkeletalMeshes/arms_153,LARM153,Adventurer's Gloves,A gift from villagers of Adventurer's Plain. They are hand made.(Quest Reward)
arms_154,154,143,140,100,2518,100,1800,0,,,,,20,40,13,30,120,1,234,/Game/Characters/Modular/Female/arms_154/arms_154/SkeletalMeshes/arms_154,/Game/Characters/Modular/Male/arms_154/arms_154/SkeletalMeshes/arms_154,LARM154,Blood Samurai Gauntlets,
arms_155,155,143,140,100,2518,100,1800,0,,,,,20,40,12,30,120,1,234,/Game/Characters/Modular/Female/arms_155/arms_155/SkeletalMeshes/arms_155,/Game/Characters/Modular/Male/arms_155/arms_155/SkeletalMeshes/arms_155,LARM155,White Samurai Gauntlets,
arms_164,164,143,140,100,2518,14,1200,0,31,131,,,11,30,22,50,120,1,242,/Game/Characters/Modular/Female/arms_164/arms_164/SkeletalMeshes/arms_164,/Game/Characters/Modular/Male/arms_164/arms_164/SkeletalMeshes/arms_164,LARM164,White Santa Gloves,White gloves that Santa wears to give him the edge in terms of style.
arms_167,167,0,0,0,0,0,0,0,,,,,,,,,,,0,/Game/Characters/Modular/Female/arms_167/arms_167/SkeletalMeshes/arms_167,/Game/Characters/Modular/Male/arms_167/arms_167/SkeletalMeshes/arms_167,,,
arms_168,168,0,0,0,0,0,0,0,,,,,,,,,,,0,/Game/Characters/Modular/Female/arms_168/arms_168/SkeletalMeshes/arms_168,/Game/Characters/Modular/Male/arms_168/arms_168/SkeletalMeshes/arms_168,,,
arms_169,169,143,5,1,2518,14,1200,0,31,14,,,,,,,27,1,242,/Game/Characters/Modular/Female/arms_169/arms_169/SkeletalMeshes/arms_169,/Game/Characters/Modular/Male/arms_169/arms_169/SkeletalMeshes/arms_169,LARM165,Snowboard Gloves,Protective gloves for the extreme sport of snowboarding.
arms_170,170,143,140,100,2518,21,10,0,31,14,,,13,40,12,30,120,1,234,/Game/Characters/Modular/Female/arms_170/arms_170/SkeletalMeshes/arms_170,/Game/Characters/Modular/Male/arms_170/arms_170/SkeletalMeshes/arms_170,LARM170,Fairy Gift Gloves,Special equipment given to Visitors that are invited by Arua's fairy.
arms_171,171,143,140,100,2518,21,10,0,31,14,,,11,30,22,50,120,1,234,/Game/Characters/Modular/Female/arms_171/arms_171/SkeletalMeshes/arms_171,/Game/Characters/Modular/Male/arms_171/arms_171/SkeletalMeshes/arms_171,LARM171,Fairy Bless Gloves,Special equipment given to Visitors that are invited by Arua's fairy.
arms_172,172,143,140,100,2518,14,1200,0,,,,,10,30,19,50,120,1,255,/Game/Characters/Modular/Female/arms_172/arms_172/SkeletalMeshes/arms_172,/Game/Characters/Modular/Male/arms_172/arms_172/SkeletalMeshes/arms_172,LARM172,Clan War School Gloves,A pair of specially designed gloves that is given as a reward to those that advance to the final Clan match.
arms_173,173,143,5,1,2518,14,1200,0,,,,,,,,,27,1,242,/Game/Characters/Modular/Female/arms_173/arms_173/SkeletalMeshes/arms_173,/Game/Characters/Modular/Male/arms_173/arms_173/SkeletalMeshes/arms_173,LARM173,Rudolph Gloves,"A pair of gloves worn by the famous reindeer, Rudolph."
arms_174,174,143,45,1,564,14,2000,0,31,50,,,0,0,,,32,1,242,/Game/Characters/Modular/Female/arms_174/arms_174/SkeletalMeshes/arms_174,/Game/Characters/Modular/Male/arms_174/arms_174/SkeletalMeshes/arms_174,LARM174,Green Rudolph Gloves,"A pair of gloves not usually worn by the famous reindeer, Rudolph."
arms_176,176,0,0,0,0,0,0,0,,,,,,,,,,,0,/Game/Characters/Modular/Female/arms_176/arms_176/SkeletalMeshes/arms_176,/Game/Characters/Modular/Male/arms_176/arms_176/SkeletalMeshes/arms_176,,,
arms_177,177,0,0,0,0,0,0,0,,,,,,,,,,,0,/Game/Characters/Modular/Female/arms_177/arms_177/SkeletalMeshes/arms_177,/Game/Characters/Modular/Male/arms_177/arms_177/SkeletalMeshes/arms_177,,,
arms_178,178,0,0,0,0,0,0,0,,,,,,,,,,,0,/Game/Characters/Modular/Female/arms_178/arms_178/SkeletalMeshes/arms_178,/Game/Characters/Modular/Male/arms_178/arms_178/SkeletalMeshes/arms_178,,,
arms_179,179,0,0,0,0,0,0,0,,,,,,,,,,,0,/Game/Characters/Modular/Female/arms_179/arms_179/SkeletalMeshes/arms_179,/Game/Characters/Modular/Male/arms_179/arms_179/SkeletalMeshes/arms_179,,,
arms_180,180,143,140,100,2518,14,1200,0,,,,,11,30,22,50,120,1,242,/Game/Characters/Modular/Female/arms_180/arms_180/SkeletalMeshes/arms_180,/Game/Characters/Modular/Male/arms_180/arms_180/SkeletalMeshes/arms_180,LARM180,Blue Santa Glove,Santa Gloves that are colored with the hue of the sky.
arms_181,181,143,21,12,440,14,1200,0,31,84,,,24,8,,,27,1,242,/Game/Characters/Modular/Female/arms_181/arms_181/SkeletalMeshes/arms_181,/Game/Characters/Modular/Male/arms_181/arms_181/SkeletalMeshes/arms_181,LARM181,Navy Blue Magic School Glove,Magic School Gloves that are colored dark blue.
arms_182,182,141,140,100,2518,71,3000,0,,,,,10,30,19,50,120,5,226,/Game/Characters/Modular/Female/arms_182/arms_182/SkeletalMeshes/arms_182,/Game/Characters/Modular/Male/arms_182/arms_182/SkeletalMeshes/arms_182,LARM182,New Abyss Plate Gauntlets,Gauntlets made out advanced power from Star of Warrior.
arms_183,183,142,140,100,2518,77,3000,0,,,,,12,30,19,50,120,2,234,/Game/Characters/Modular/Female/arms_183/arms_183/SkeletalMeshes/arms_183,/Game/Characters/Modular/Male/arms_183/arms_183/SkeletalMeshes/arms_183,LARM183,New Serenity Gloves,Gloves made of advanced power from Star of Magic.
arms_184,184,143,140,100,2518,75,3000,0,,,,,11,30,22,50,120,3,230,/Game/Characters/Modular/Female/arms_184/arms_184/SkeletalMeshes/arms_184,/Game/Characters/Modular/Male/arms_184/arms_184/SkeletalMeshes/arms_184,LARM184,New Captain Gauntlets,Gauntlets made of advanced power from Star of Hunter.
arms_185,185,143,140,100,2518,76,3000,0,,,,,13,30,15,30,120,2,238,/Game/Characters/Modular/Female/arms_185/arms_185/SkeletalMeshes/arms_185,/Game/Characters/Modular/Male/arms_185/arms_185/SkeletalMeshes/arms_185,LARM185,New Bourgeois Gloves,Gauntlets made of advanced power from Star of Merchant.
arms_186,186,143,23,12,440,14,1200,0,31,98,,,24,10,,,27,1,255,/Game/Characters/Modular/Female/arms_186/arms_186/SkeletalMeshes/arms_186,/Game/Characters/Modular/Male/arms_186/arms_186/SkeletalMeshes/arms_186,LARM186,White Magic School Gloves,Magic School Gloves that are colored white.
arms_187,187,143,140,100,2518,100,10,0,,,,,11,30,22,50,120,1,234,/Game/Characters/Modular/Female/arms_187/arms_187/SkeletalMeshes/arms_187,/Game/Characters/Modular/Male/arms_187/arms_187/SkeletalMeshes/arms_187,LARM187,Servant's Gloves,A pair of gloves that is typically worn by the caretakers of a nobleman's mansion.
arms_188,188,143,140,100,2518,100,10,0,,,,,10,30,19,50,120,1,234,/Game/Characters/Modular/Female/arms_188/arms_188/SkeletalMeshes/arms_188,/Game/Characters/Modular/Male/arms_188/arms_188/SkeletalMeshes/arms_188,LARM188,Boxing Gloves,Cheer Up!
arms_189,189,143,140,100,2518,100,10,0,,,,,12,30,19,50,120,1,234,/Game/Characters/Modular/Female/arms_189/arms_189/SkeletalMeshes/arms_189,/Game/Characters/Modular/Male/arms_189/arms_189/SkeletalMeshes/arms_189,LARM189,Gachapin Glove,A cute glove which makes up the Gachapin set.
arms_190,190,143,140,100,2518,100,10,0,,,,,22,50,12,30,120,1,234,/Game/Characters/Modular/Female/arms_190/arms_190/SkeletalMeshes/arms_190,/Game/Characters/Modular/Male/arms_190/arms_190/SkeletalMeshes/arms_190,LARM190,Mukku Gloves,A cute glove which makes up the Mukku set.
arms_191,191,0,0,0,0,0,0,0,,,,,,,,,,,0,/Game/Characters/Modular/Female/arms_191/arms_191/SkeletalMeshes/arms_191,/Game/Characters/Modular/Male/arms_191/arms_191/SkeletalMeshes/arms_191,,,
arms_192,192,143,25,4,445,19,1600,0,31,30,,,0,0,0,0,20,2,234,/Game/Characters/Modular/Female/arms_192/arms_192/SkeletalMeshes/arms_192,/Game/Characters/Modular/Male/arms_192/arms_192/SkeletalMeshes/arms_192,LARM192,Black Santa Gloves,Santa Gloves that are coloured black.
arms_193,193,0,0,0,0,0,0,0,,,,,,,,,,,0,/Game/Characters/Modular/Female/arms_193/arms_193/SkeletalMeshes/arms_193,/Game/Characters/Modular/Male/arms_193/arms_193/SkeletalMeshes/arms_193,,,
arms_194,194,143,15,3,446,17,1400,0,31,20,,,0,0,0,0,18,2,234,/Game/Characters/Modular/Female/arms_194/arms_194/SkeletalMeshes/arms_194,/Game/Characters/Modular/Male/arms_194/arms_194/SkeletalMeshes/arms_194,LARM194,Pink Santa Gloves,Mrs Santa's gloves of choice. They're awfully lovely.
arms_195,195,143,2,3,447,10,21400,0,31,5,,,,,,,14,2,234,/Game/Characters/Modular/Female/arms_195/arms_195/SkeletalMeshes/arms_195,/Game/Characters/Modular/Male/arms_195/arms_195/SkeletalMeshes/arms_195,LARM195,Leopard Santa Gloves,Santa Gloves that are patterned like a Leopard.
arms_196,196,0,0,0,0,0,0,0,,,,,,,,,,,0,/Game/Characters/Modular/Female/arms_196/arms_196/SkeletalMeshes/arms_196,/Game/Characters/Modular/Male/arms_196/arms_196/SkeletalMeshes/arms_196,,,
arms_197,197,143,140,100,2518,100,1000,0,,,,,10,30,19,50,120,1,234,/Game/Characters/Modular/Female/arms_197/arms_197/SkeletalMeshes/arms_197,/Game/Characters/Modular/Male/arms_197/arms_197/SkeletalMeshes/arms_197,LARM199,Astronaut Gloves,
arms_198,198,143,140,100,2518,100,1000,0,,,,,22,40,12,30,120,1,234,/Game/Characters/Modular/Female/arms_198/arms_198/SkeletalMeshes/arms_198,/Game/Characters/Modular/Male/arms_198/arms_198/SkeletalMeshes/arms_198,LARM199,Astronaut Gloves,
arms_199,199,143,140,100,2518,100,1000,0,,,,,10,30,19,50,120,1,234,/Game/Characters/Modular/Female/arms_199/arms_199/SkeletalMeshes/arms_199,/Game/Characters/Modular/Male/arms_199/arms_199/SkeletalMeshes/arms_199,LARM199,Astronaut Gloves,
arms_200,200,143,140,100,2518,100,1000,0,,,,,19,50,12,30,120,1,234,/Game/Characters/Modular/Female/arms_200/arms_200/SkeletalMeshes/arms_200,/Game/Characters/Modular/Male/arms_200/arms_200/SkeletalMeshes/arms_200,LARM200,Alien Gloves,
arms_201,201,143,7,4,419,18,750,0,31,9,,,24,1,0,0,44,1,242,/Game/Characters/Modular/Female/arms_201/arms_201/SkeletalMeshes/arms_201,/Game/Characters/Modular/Male/arms_201/arms_201/SkeletalMeshes/arms_201,LARM005,Safe Gloves,Thick mittens that keep one???s hands from getting hurt.
arms_202,202,143,7,5,420,16,1200,0,31,9,,,24,2,0,0,41,1,242,/Game/Characters/Modular/Female/arms_202/arms_202/SkeletalMeshes/arms_202,/Game/Characters/Modular/Male/arms_202/arms_202/SkeletalMeshes/arms_202,LARM006,Action Gloves,Fingerless gloves made out of stout leather.
arms_203,203,143,8,5,420,19,1200,0,31,12,,,24,2,0,0,45,1,242,/Game/Characters/Modular/Female/arms_203/arms_203/SkeletalMeshes/arms_203,/Game/Characters/Modular/Male/arms_203/arms_203/SkeletalMeshes/arms_203,LARM006,Action Gloves,Fingerless gloves made out of stout leather.
arms_204,204,143,7,4,421,17,1400,0,31,13,,,24,2,0,0,41,1,242,/Game/Characters/Modular/Female/arms_204/arms_204/SkeletalMeshes/arms_204,/Game/Characters/Modular/Male/arms_204/arms_204/SkeletalMeshes/arms_204,LARM007,Full Action Gloves,"Fingerless gloves made out of stout, yet flexible leather."
arms_205,205,143,8,4,421,20,1400,0,31,16,,,24,2,0,0,44,1,242,/Game/Characters/Modular/Female/arms_205/arms_205/SkeletalMeshes/arms_205,/Game/Characters/Modular/Male/arms_205/arms_205/SkeletalMeshes/arms_205,LARM007,Full Action Gloves,"Fingerless gloves made out of stout, yet flexible leather."
arms_206,206,143,9,5,421,22,1400,0,31,18,,,24,2,0,0,47,1,242,/Game/Characters/Modular/Female/arms_206/arms_206/SkeletalMeshes/arms_206,/Game/Characters/Modular/Male/arms_206/arms_206/SkeletalMeshes/arms_206,LARM007,Full Action Gloves,"Fingerless gloves made out of stout, yet flexible leather."
arms_207,207,143,8,6,422,19,2100,0,31,19,,,24,3,0,0,43,1,242,/Game/Characters/Modular/Female/arms_207/arms_207/SkeletalMeshes/arms_207,/Game/Characters/Modular/Male/arms_207/arms_207/SkeletalMeshes/arms_207,LARM008,Gray Gloves,Gray gloves that seem sturdy and dependable.
arms_208,208,143,9,6,422,21,2100,0,31,21,,,24,3,0,0,45,1,242,/Game/Characters/Modular/Female/arms_208/arms_208/SkeletalMeshes/arms_208,/Game/Characters/Modular/Male/arms_208/arms_208/SkeletalMeshes/arms_208,LARM008,Gray Gloves,Gray gloves that seem sturdy and dependable.
arms_209,209,143,9,7,422,23,2100,0,31,23,,,24,3,0,0,47,1,242,/Game/Characters/Modular/Female/arms_209/arms_209/SkeletalMeshes/arms_209,/Game/Characters/Modular/Male/arms_209/arms_209/SkeletalMeshes/arms_209,LARM008,Gray Gloves,Gray gloves that seem sturdy and dependable.
arms_210,210,143,9,5,423,21,2450,0,31,24,,,24,3,0,0,43,1,242,/Game/Characters/Modular/Female/arms_210/arms_210/SkeletalMeshes/arms_210,/Game/Characters/Modular/Male/arms_210/arms_210/SkeletalMeshes/arms_210,LARM009,Hill Gray Gloves,Gloves that have a piously grey color.
arms_211,211,143,10,6,423,23,2450,0,31,26,,,24,3,0,0,46,1,242,/Game/Characters/Modular/Female/arms_211/arms_211/SkeletalMeshes/arms_211,/Game/Characters/Modular/Male/arms_211/arms_211/SkeletalMeshes/arms_211,LARM009,Hill Gray Gloves,Gloves that have a piously grey color.
arms_212,212,143,11,6,423,25,2450,0,31,28,,,24,3,0,0,48,1,242,/Game/Characters/Modular/Female/arms_212/arms_212/SkeletalMeshes/arms_212,/Game/Characters/Modular/Male/arms_212/arms_212/SkeletalMeshes/arms_212,LARM009,Hill Gray Gloves,Gloves that have a piously grey color.
arms_213,213,143,9,6,424,21,3200,0,31,28,,,24,4,0,0,43,1,242,/Game/Characters/Modular/Female/arms_213/arms_213/SkeletalMeshes/arms_213,/Game/Characters/Modular/Male/arms_213/arms_213/SkeletalMeshes/arms_213,LARM010,Gloves of Iguje,Gloves which make its wearer more dexterous.
arms_214,214,143,10,7,424,24,3200,0,31,31,,,24,4,0,0,46,1,242,/Game/Characters/Modular/Female/arms_214/arms_214/SkeletalMeshes/arms_214,/Game/Characters/Modular/Male/arms_214/arms_214/SkeletalMeshes/arms_214,LARM010,Gloves of Iguje,Gloves which make its wearer more dexterous.
arms_215,215,143,11,7,424,26,3200,0,31,33,,,24,4,0,0,48,1,242,/Game/Characters/Modular/Female/arms_215/arms_215/SkeletalMeshes/arms_215,/Game/Characters/Modular/Male/arms_215/arms_215/SkeletalMeshes/arms_215,LARM010,Gloves of Iguje,Gloves which make its wearer more dexterous.
arms_216,216,143,11,5,425,24,3650,0,31,34,,,24,3,0,0,44,1,242,/Game/Characters/Modular/Female/arms_216/arms_216/SkeletalMeshes/arms_216,/Game/Characters/Modular/Male/arms_216/arms_216/SkeletalMeshes/arms_216,LARM011,Islamic Gloves,Gloves which make its wearer more suave and dexterous.
arms_217,217,143,11,6,425,26,3650,0,31,36,,,24,3,0,0,47,1,242,/Game/Characters/Modular/Female/arms_217/arms_217/SkeletalMeshes/arms_217,/Game/Characters/Modular/Male/arms_217/arms_217/SkeletalMeshes/arms_217,LARM011,Islamic Gloves,Gloves which make its wearer more suave and dexterous.
arms_218,218,143,12,6,425,27,3650,0,31,37,,,24,3,0,0,48,1,242,/Game/Characters/Modular/Female/arms_218/arms_218/SkeletalMeshes/arms_218,/Game/Characters/Modular/Male/arms_218/arms_218/SkeletalMeshes/arms_218,LARM011,Islamic Gloves,Gloves which make its wearer more suave and dexterous.
arms_219,219,143,11,6,426,24,3700,0,31,38,,,24,3,0,0,44,1,242,/Game/Characters/Modular/Female/arms_219/arms_219/SkeletalMeshes/arms_219,/Game/Characters/Modular/Male/arms_219/arms_219/SkeletalMeshes/arms_219,LARM012,Venetian Gloves,Gloves favored by people who love to travel.
arms_220,220,143,12,7,426,26,3700,0,31,40,,,24,3,0,0,46,1,242,/Game/Characters/Modular/Female/arms_220/arms_220/SkeletalMeshes/arms_220,/Game/Characters/Modular/Male/arms_220/arms_220/SkeletalMeshes/arms_220,LARM012,Venetian Gloves,Gloves favored by people who love to travel.
arms_221,221,143,13,7,426,28,3700,0,31,42,,,24,3,0,0,48,1,242,/Game/Characters/Modular/Female/arms_221/arms_221/SkeletalMeshes/arms_221,/Game/Characters/Modular/Male/arms_221/arms_221/SkeletalMeshes/arms_221,LARM012,Venetian Gloves,Gloves favored by people who love to travel.
arms_222,222,143,13,7,427,27,5050,0,31,44,,,24,4,0,0,46,1,242,/Game/Characters/Modular/Female/arms_222/arms_222/SkeletalMeshes/arms_222,/Game/Characters/Modular/Male/arms_222/arms_222/SkeletalMeshes/arms_222,LARM013,Luxurious Venetian Gloves,Gloves favored by people who love to travel in comfort.
arms_223,223,143,14,7,427,29,5050,0,31,46,,,24,4,0,0,48,1,242,/Game/Characters/Modular/Female/arms_223/arms_223/SkeletalMeshes/arms_223,/Game/Characters/Modular/Male/arms_223/arms_223/SkeletalMeshes/arms_223,LARM013,Luxurious Venetian Gloves,Gloves favored by people who love to travel in comfort.
arms_224,224,143,15,8,427,31,5050,0,31,48,,,24,4,0,0,50,1,242,/Game/Characters/Modular/Female/arms_224/arms_224/SkeletalMeshes/arms_224,/Game/Characters/Modular/Male/arms_224/arms_224/SkeletalMeshes/arms_224,LARM013,Luxurious Venetian Gloves,Gloves favored by people who love to travel in comfort.
arms_225,225,143,14,9,429,30,7300,0,31,54,,,24,5,0,0,47,1,242,/Game/Characters/Modular/Female/arms_225/arms_225/SkeletalMeshes/arms_225,/Game/Characters/Modular/Male/arms_225/arms_225/SkeletalMeshes/arms_225,LARM014,Junior Gloves,Gloves for students who attend magic school.
arms_226,226,143,15,9,429,31,7300,0,31,55,,,24,5,0,0,48,1,242,/Game/Characters/Modular/Female/arms_226/arms_226/SkeletalMeshes/arms_226,/Game/Characters/Modular/Male/arms_226/arms_226/SkeletalMeshes/arms_226,LARM014,Junior Gloves,Gloves for students who attend magic school.
arms_227,227,143,16,10,429,33,7300,0,31,57,,,24,5,0,0,50,1,242,/Game/Characters/Modular/Female/arms_227/arms_227/SkeletalMeshes/arms_227,/Game/Characters/Modular/Male/arms_227/arms_227/SkeletalMeshes/arms_227,LARM014,Junior Gloves,Gloves for students who attend magic school.
arms_228,228,143,16,8,430,32,9150,0,31,62,,,24,6,0,0,48,1,242,/Game/Characters/Modular/Female/arms_228/arms_228/SkeletalMeshes/arms_228,/Game/Characters/Modular/Male/arms_228/arms_228/SkeletalMeshes/arms_228,LARM015,Senior Gloves,Gloves for exemplary students who attend magic school.
arms_229,229,143,16,9,430,33,9150,0,31,63,,,24,6,0,0,49,1,242,/Game/Characters/Modular/Female/arms_229/arms_229/SkeletalMeshes/arms_229,/Game/Characters/Modular/Male/arms_229/arms_229/SkeletalMeshes/arms_229,LARM015,Senior Gloves,Gloves for exemplary students who attend magic school.
arms_230,230,143,17,9,430,34,9150,0,31,64,,,24,6,0,0,50,1,242,/Game/Characters/Modular/Female/arms_230/arms_230/SkeletalMeshes/arms_230,/Game/Characters/Modular/Male/arms_230/arms_230/SkeletalMeshes/arms_230,LARM015,Senior Gloves,Gloves for exemplary students who attend magic school.
arms_231,231,143,18,10,430,36,9150,0,31,66,,,24,6,0,0,52,1,242,/Game/Characters/Modular/Female/arms_231/arms_231/SkeletalMeshes/arms_231,/Game/Characters/Modular/Male/arms_231/arms_231/SkeletalMeshes/arms_231,LARM015,Senior Gloves,Gloves for exemplary students who attend magic school.
arms_232,232,143,19,10,431,31,11400,0,31,59,,,24,4,0,0,47,1,242,/Game/Characters/Modular/Female/arms_232/arms_232/SkeletalMeshes/arms_232,/Game/Characters/Modular/Male/arms_232/arms_232/SkeletalMeshes/arms_232,LARM016,Redfield Green Gloves,Gloves for a true gentleman.
arms_233,233,143,20,10,431,32,11400,0,31,60,,,24,4,0,0,49,1,242,/Game/Characters/Modular/Female/arms_233/arms_233/SkeletalMeshes/arms_233,/Game/Characters/Modular/Male/arms_233/arms_233/SkeletalMeshes/arms_233,LARM016,Redfield Green Gloves,Gloves for a true gentleman.
arms_234,234,143,20,10,431,33,11400,0,31,61,,,24,4,0,0,50,1,242,/Game/Characters/Modular/Female/arms_234/arms_234/SkeletalMeshes/arms_234,/Game/Characters/Modular/Male/arms_234/arms_234/SkeletalMeshes/arms_234,LARM016,Redfield Green Gloves,Gloves for a true gentleman.
arms_235,235,143,21,11,431,35,11400,0,31,63,,,24,4,0,0,52,1,242,/Game/Characters/Modular/Female/arms_235/arms_235/SkeletalMeshes/arms_235,/Game/Characters/Modular/Male/arms_235/arms_235/SkeletalMeshes/arms_235,LARM016,Redfield Green Gloves,Gloves for a true gentleman.
arms_236,236,143,20,11,432,33,14050,0,31,64,,,24,5,0,0,48,1,242,/Game/Characters/Modular/Female/arms_236/arms_236/SkeletalMeshes/arms_236,/Game/Characters/Modular/Male/arms_236/arms_236/SkeletalMeshes/arms_236,LARM017,Redfield Black Gloves,Gentlemanly gloves for a man of refined tastes.
arms_237,237,143,21,11,432,34,14050,0,31,65,,,24,5,0,0,49,1,242,/Game/Characters/Modular/Female/arms_237/arms_237/SkeletalMeshes/arms_237,/Game/Characters/Modular/Male/arms_237/arms_237/SkeletalMeshes/arms_237,LARM017,Redfield Black Gloves,Gentlemanly gloves for a man of refined tastes.
arms_238,238,143,21,12,432,35,14050,0,31,66,,,24,5,0,0,50,1,242,/Game/Characters/Modular/Female/arms_238/arms_238/SkeletalMeshes/arms_238,/Game/Characters/Modular/Male/arms_238/arms_238/SkeletalMeshes/arms_238,LARM017,Redfield Black Gloves,Gentlemanly gloves for a man of refined tastes.
arms_239,239,143,23,12,432,37,14050,0,31,68,,,24,5,0,0,53,1,242,/Game/Characters/Modular/Female/arms_239/arms_239/SkeletalMeshes/arms_239,/Game/Characters/Modular/Male/arms_239/arms_239/SkeletalMeshes/arms_239,LARM017,Redfield Black Gloves,Gentlemanly gloves for a man of refined tastes.
arms_240,240,0,0,0,0,0,0,0,,,,,,,,,,,0,/Game/Characters/Modular/Female/arms_240/arms_240/SkeletalMeshes/arms_240,/Game/Characters/Modular/Male/arms_240/arms_240/SkeletalMeshes/arms_240,,,
arms_245,245,0,0,0,0,0,0,0,,,,,,,,,,,0,/Game/Characters/Modular/Female/arms_245/arms_245/SkeletalMeshes/arms_245,/Game/Characters/Modular/Male/arms_245/arms_245/SkeletalMeshes/arms_245,,,
arms_246,246,0,0,0,0,0,0,0,,,,,,,,,,,0,/Game/Characters/Modular/Female/arms_246/arms_246/SkeletalMeshes/arms_246,/Game/Characters/Modular/Male/arms_246/arms_246/SkeletalMeshes/arms_246,,,
arms_247,247,0,0,0,0,0,0,0,,,,,,,,,,,0,/Game/Characters/Modular/Female/arms_247/arms_247/SkeletalMeshes/arms_247,/Game/Characters/Modular/Male/arms_247/arms_247/SkeletalMeshes/arms_247,,,
arms_248,248,0,0,0,0,0,0,0,,,,,,,,,,,0,/Game/Characters/Modular/Female/arms_248/arms_248/SkeletalMeshes/arms_248,/Game/Characters/Modular/Male/arms_248/arms_248/SkeletalMeshes/arms_248,,,
arms_249,249,0,0,0,0,0,0,0,,,,,,,,,,,0,/Game/Characters/Modular/Female/arms_249/arms_249/SkeletalMeshes/arms_249,/Game/Characters/Modular/Male/arms_249/arms_249/SkeletalMeshes/arms_249,,,
arms_250,250,0,0,0,0,0,0,0,,,,,,,,,,,0,/Game/Characters/Modular/Female/arms_250/arms_250/SkeletalMeshes/arms_250,/Game/Characters/Modular/Male/arms_250/arms_250/SkeletalMeshes/arms_250,,,
arms_251,251,0,0,0,0,0,0,0,,,,,,,,,,,0,/Game/Characters/Modular/Female/arms_251/arms_251/SkeletalMeshes/arms_251,/Game/Characters/Modular/Male/arms_251/arms_251/SkeletalMeshes/arms_251,,,
arms_252,252,0,0,0,0,0,0,0,,,,,,,,,,,0,/Game/Characters/Modular/Female/arms_252/arms_252/SkeletalMeshes/arms_252,/Game/Characters/Modular/Male/arms_252/arms_252/SkeletalMeshes/arms_252,,,
arms_253,253,0,0,0,0,0,0,0,,,,,,,,,,,0,/Game/Characters/Modular/Female/arms_253/arms_253/SkeletalMeshes/arms_253,/Game/Characters/Modular/Male/arms_253/arms_253/SkeletalMeshes/arms_253,,,
arms_254,254,0,0,0,0,0,0,0,,,,,,,,,,,0,/Game/Characters/Modular/Female/arms_254/arms_254/SkeletalMeshes/arms_254,/Game/Characters/Modular/Male/arms_254/arms_254/SkeletalMeshes/arms_254,,,
arms_255,255,0,0,0,0,0,0,0,,,,,,,,,,,0,/Game/Characters/Modular/Female/arms_255/arms_255/SkeletalMeshes/arms_255,/Game/Characters/Modular/Male/arms_255/arms_255/SkeletalMeshes/arms_255,,,
arms_256,256,141,181,129,4323,83,280000,0,31,255,,,20,40,10,30,100,5,226,/Game/Characters/Modular/Female/arms_256/arms_256/SkeletalMeshes/arms_256,/Game/Characters/Modular/Male/arms_256/arms_256/SkeletalMeshes/arms_256,LARM256,Legionnaire Gloves,
arms_257,257,141,156,104,4319,83,280000,0,,,,,18,40,10,30,125,5,226,/Game/Characters/Modular/Female/arms_257/arms_257/SkeletalMeshes/arms_257,/Game/Characters/Modular/Male/arms_257/arms_257/SkeletalMeshes/arms_257,LARM257,P2P Oppressor Gloves,
arms_258,258,142,165,130,4327,86,280000,0,31,255,,,20,40,12,30,100,2,234,/Game/Characters/Modular/Female/arms_258/arms_258/SkeletalMeshes/arms_258,/Game/Characters/Modular/Male/arms_258/arms_258/SkeletalMeshes/arms_258,LARM258,Aristocrat Gloves,
arms_259,259,142,125,135,4332,86,280000,0,,,,,18,40,12,30,125,2,234,/Game/Characters/Modular/Female/arms_259/arms_259/SkeletalMeshes/arms_259,/Game/Characters/Modular/Male/arms_259/arms_259/SkeletalMeshes/arms_259,LARM259,P2P Bureaucrats Gloves,
arms_260,260,143,178,188,4336,82,280000,0,31,255,,,20,40,11,20,100,3,230,/Game/Characters/Modular/Female/arms_260/arms_260/SkeletalMeshes/arms_260,/Game/Characters/Modular/Male/arms_260/arms_260/SkeletalMeshes/arms_260,LARM260,Frostwaker Gloves,
arms_261,261,143,155,113,4340,82,280000,0,,,,,18,40,11,30,125,3,230,/Game/Characters/Modular/Female/arms_261/arms_261/SkeletalMeshes/arms_261,/Game/Characters/Modular/Male/arms_261/arms_261/SkeletalMeshes/arms_261,LARM261,P2P Windreader Gloves,
arms_262,262,143,175,139,4374,95,280000,0,31,255,,,20,40,13,30,100,2,238,/Game/Characters/Modular/Female/arms_262/arms_262/SkeletalMeshes/arms_262,/Game/Characters/Modular/Male/arms_262/arms_262/SkeletalMeshes/arms_262,LARM262,Fateshaper Gloves,
arms_263,263,143,150,114,4352,95,280000,0,,,,,18,40,13,30,125,2,238,/Game/Characters/Modular/Female/arms_263/arms_263/SkeletalMeshes/arms_263,/Game/Characters/Modular/Male/arms_263/arms_263/SkeletalMeshes/arms_263,LARM263,P2P Smokeweaver Gloves,
arms_264,264,143,150,114,4248,95,280000,0,,,,,18,40,13,30,125,2,238,/Game/Characters/Modular/Female/arms_264/arms_264/SkeletalMeshes/arms_264,/Game/Characters/Modular/Male/arms_264/arms_264/SkeletalMeshes/arms_264,LARM264,Puppet Gloves,
arms_265,265,0,0,0,0,0,0,0,,,,,,,,,,,0,/Game/Characters/Modular/Female/arms_265/arms_265/SkeletalMeshes/arms_265,/Game/Characters/Modular/Male/arms_265/arms_265/SkeletalMeshes/arms_265,,,
arms_266,266,0,0,0,0,0,0,0,,,,,,,,,,,0,/Game/Characters/Modular/Female/arms_266/arms_266/SkeletalMeshes/arms_266,/Game/Characters/Modular/Male/arms_266/arms_266/SkeletalMeshes/arms_266,,,
arms_267,267,0,0,0,0,0,0,0,,,,,,,,,,,0,/Game/Characters/Modular/Female/arms_267/arms_267/SkeletalMeshes/arms_267,/Game/Characters/Modular/Male/arms_267/arms_267/SkeletalMeshes/arms_267,,,
arms_268,268,0,0,0,0,0,0,0,,,,,,,,,,,0,/Game/Characters/Modular/Female/arms_268/arms_268/SkeletalMeshes/arms_268,/Game/Characters/Modular/Male/arms_268/arms_268/SkeletalMeshes/arms_268,,,
arms_269,269,0,0,0,0,0,0,0,,,,,,,,,,,0,/Game/Characters/Modular/Female/arms_269/arms_269/SkeletalMeshes/arms_269,/Game/Characters/Modular/Male/arms_269/arms_269/SkeletalMeshes/arms_269,,,
arms_270,270,0,0,0,0,0,0,0,,,,,,,,,,,0,/Game/Characters/Modular/Female/arms_270/arms_270/SkeletalMeshes/arms_270,/Game/Characters/Modular/Male/arms_270/arms_270/SkeletalMeshes/arms_270,,,
arms_271,271,0,0,0,0,0,0,0,,,,,,,,,,,0,/Game/Characters/Modular/Female/arms_271/arms_271/SkeletalMeshes/arms_271,/Game/Characters/Modular/Male/arms_271/arms_271/SkeletalMeshes/arms_271,,,
arms_272,272,0,0,0,0,0,0,0,,,,,,,,,,,0,/Game/Characters/Modular/Female/arms_272/arms_272/SkeletalMeshes/arms_272,/Game/Characters/Modular/Male/arms_272/arms_272/SkeletalMeshes/arms_272,,,
arms_273,273,0,0,0,0,0,0,0,,,,,,,,,,,0,/Game/Characters/Modular/Female/arms_273/arms_273/SkeletalMeshes/arms_273,/Game/Characters/Modular/Male/arms_273/arms_273/SkeletalMeshes/arms_273,,,
arms_274,274,0,0,0,0,0,0,0,,,,,,,,,,,0,/Game/Characters/Modular/Female/arms_274/arms_274/SkeletalMeshes/arms_274,/Game/Characters/Modular/Male/arms_274/arms_274/SkeletalMeshes/arms_274,,,
arms_275,275,143,155,113,3988,95,150000,0,,,,,22,50,11,30,125,2,238,/Game/Characters/Modular/Female/arms_275/arms_275/SkeletalMeshes/arms_275,/Game/Characters/Modular/Male/arms_275/arms_275/SkeletalMeshes/arms_275,LARM275,Streetfighter Gloves 1,
arms_276,276,143,156,104,3989,95,150000,0,,,,,19,50,10,30,125,2,238,/Game/Characters/Modular/Female/arms_276/arms_276/SkeletalMeshes/arms_276,/Game/Characters/Modular/Male/arms_276/arms_276/SkeletalMeshes/arms_276,LARM276,Streetfighter Gloves 2,
arms_301,301,141,7,3,455,13,650,0,31,13,,,0,0,0,0,40,2,226,/Game/Characters/Modular/Female/arms_301/arms_301/SkeletalMeshes/arms_301,/Game/Characters/Modular/Male/arms_301/arms_301/SkeletalMeshes/arms_301,LARM031,Soldier Gloves,Basic gloves for soldiers.
arms_302,302,141,8,3,455,13,650,0,31,16,,,0,0,0,0,40,2,226,/Game/Characters/Modular/Female/arms_302/arms_302/SkeletalMeshes/arms_302,/Game/Characters/Modular/Male/arms_302/arms_302/SkeletalMeshes/arms_302,LARM031,Soldier Gloves,Basic gloves for soldiers.
arms_303,303,141,9,4,455,13,650,0,31,19,,,0,0,0,0,41,2,226,/Game/Characters/Modular/Female/arms_303/arms_303/SkeletalMeshes/arms_303,/Game/Characters/Modular/Male/arms_303/arms_303/SkeletalMeshes/arms_303,LARM031,Soldier Gloves,Basic gloves for soldiers.
arms_304,304,141,9,5,455,21,650,0,31,14,,,0,0,0,0,47,2,226,/Game/Characters/Modular/Female/arms_304/arms_304/SkeletalMeshes/arms_304,/Game/Characters/Modular/Male/arms_304/arms_304/SkeletalMeshes/arms_304,LARM031,Soldier Gloves,Basic gloves for soldiers.
arms_305,305,141,11,6,455,25,650,0,31,18,,,0,0,0,0,52,2,226,/Game/Characters/Modular/Female/arms_305/arms_305/SkeletalMeshes/arms_305,/Game/Characters/Modular/Male/arms_305/arms_305/SkeletalMeshes/arms_305,LARM031,Soldier Gloves,Basic gloves for soldiers.
arms_306,306,141,12,7,455,29,650,0,31,22,,,0,0,0,0,56,2,226,/Game/Characters/Modular/Female/arms_306/arms_306/SkeletalMeshes/arms_306,/Game/Characters/Modular/Male/arms_306/arms_306/SkeletalMeshes/arms_306,LARM031,Soldier Gloves,Basic gloves for soldiers.
arms_307,307,141,10,4,456,19,1950,0,31,33,,,0,0,0,0,42,3,226,/Game/Characters/Modular/Female/arms_307/arms_307/SkeletalMeshes/arms_307,/Game/Characters/Modular/Male/arms_307/arms_307/SkeletalMeshes/arms_307,LARM032,Iron Gauntlets,Gauntlets made out of iron.
arms_308,308,141,11,5,456,19,1950,0,31,36,,,0,0,0,0,43,3,226,/Game/Characters/Modular/Female/arms_308/arms_308/SkeletalMeshes/arms_308,/Game/Characters/Modular/Male/arms_308/arms_308/SkeletalMeshes/arms_308,LARM032,Iron Gauntlets,Gauntlets made out of iron.
arms_309,309,141,12,5,456,19,1950,0,31,39,,,0,0,0,0,43,3,226,/Game/Characters/Modular/Female/arms_309/arms_309/SkeletalMeshes/arms_309,/Game/Characters/Modular/Male/arms_309/arms_309/SkeletalMeshes/arms_309,LARM032,Iron Gauntlets,Gauntlets made out of iron.
arms_310,310,141,13,6,456,25,1950,0,31,32,,,0,0,0,0,47,3,226,/Game/Characters/Modular/Female/arms_310/arms_310/SkeletalMeshes/arms_310,/Game/Characters/Modular/Male/arms_310/arms_310/SkeletalMeshes/arms_310,LARM032,Iron Gauntlets,Gauntlets made out of iron.
arms_311,311,141,14,7,456,28,1950,0,31,35,,,0,0,0,0,51,3,226,/Game/Characters/Modular/Female/arms_311/arms_311/SkeletalMeshes/arms_311,/Game/Characters/Modular/Male/arms_311/arms_311/SkeletalMeshes/arms_311,LARM032,Iron Gauntlets,Gauntlets made out of iron.
arms_312,312,141,16,8,456,33,1950,0,31,40,,,0,0,0,0,56,3,226,/Game/Characters/Modular/Female/arms_312/arms_312/SkeletalMeshes/arms_312,/Game/Characters/Modular/Male/arms_312/arms_312/SkeletalMeshes/arms_312,LARM032,Iron Gauntlets,Gauntlets made out of iron.
arms_313,313,141,18,9,456,36,1950,0,31,43,,,0,0,0,0,60,3,226,/Game/Characters/Modular/Female/arms_313/arms_313/SkeletalMeshes/arms_313,/Game/Characters/Modular/Male/arms_313/arms_313/SkeletalMeshes/arms_313,LARM032,Iron Gauntlets,Gauntlets made out of iron.
arms_314,314,141,13,5,457,25,4350,0,31,53,,,0,0,0,0,45,3,226,/Game/Characters/Modular/Female/arms_314/arms_314/SkeletalMeshes/arms_314,/Game/Characters/Modular/Male/arms_314/arms_314/SkeletalMeshes/arms_314,LARM033,Trunket Gloves,Reliable gloves made out of iron.
arms_315,315,141,15,6,457,25,4350,0,31,56,,,0,0,0,0,45,3,226,/Game/Characters/Modular/Female/arms_315/arms_315/SkeletalMeshes/arms_315,/Game/Characters/Modular/Male/arms_315/arms_315/SkeletalMeshes/arms_315,LARM033,Trunket Gloves,Reliable gloves made out of iron.
arms_316,316,141,16,7,457,25,4350,0,31,59,,,0,0,0,0,45,3,226,/Game/Characters/Modular/Female/arms_316/arms_316/SkeletalMeshes/arms_316,/Game/Characters/Modular/Male/arms_316/arms_316/SkeletalMeshes/arms_316,LARM033,Trunket Gloves,Reliable gloves made out of iron.
arms_317,317,141,16,8,457,31,4350,0,31,52,,,0,0,0,0,50,3,226,/Game/Characters/Modular/Female/arms_317/arms_317/SkeletalMeshes/arms_317,/Game/Characters/Modular/Male/arms_317/arms_317/SkeletalMeshes/arms_317,LARM033,Trunket Gloves,Reliable gloves made out of iron.
arms_318,318,141,18,9,457,34,4350,0,31,55,,,0,0,0,0,53,3,226,/Game/Characters/Modular/Female/arms_318/arms_318/SkeletalMeshes/arms_318,/Game/Characters/Modular/Male/arms_318/arms_318/SkeletalMeshes/arms_318,LARM033,Trunket Gloves,Reliable gloves made out of iron.
arms_319,319,141,21,10,457,39,4350,0,31,60,,,0,0,0,0,59,3,226,/Game/Characters/Modular/Female/arms_319/arms_319/SkeletalMeshes/arms_319,/Game/Characters/Modular/Male/arms_319/arms_319/SkeletalMeshes/arms_319,LARM033,Trunket Gloves,Reliable gloves made out of iron.
arms_320,320,141,22,12,457,42,4350,0,31,63,,,0,0,0,0,62,3,226,/Game/Characters/Modular/Female/arms_320/arms_320/SkeletalMeshes/arms_320,/Game/Characters/Modular/Male/arms_320/arms_320/SkeletalMeshes/arms_320,LARM033,Trunket Gloves,Reliable gloves made out of iron.
arms_321,321,141,18,6,458,30,8950,0,31,73,,,0,0,0,0,47,3,226,/Game/Characters/Modular/Female/arms_321/arms_321/SkeletalMeshes/arms_321,/Game/Characters/Modular/Male/arms_321/arms_321/SkeletalMeshes/arms_321,LARM034,Chrome Gauntlets,Well-made gauntlets made out of a mysterious metal.
arms_322,322,141,19,7,458,30,8950,0,31,76,,,0,0,0,0,48,3,226,/Game/Characters/Modular/Female/arms_322/arms_322/SkeletalMeshes/arms_322,/Game/Characters/Modular/Male/arms_322/arms_322/SkeletalMeshes/arms_322,LARM034,Chrome Gauntlets,Well-made gauntlets made out of a mysterious metal.
arms_323,323,141,21,8,458,30,8950,0,31,79,,,0,0,0,0,48,3,226,/Game/Characters/Modular/Female/arms_323/arms_323/SkeletalMeshes/arms_323,/Game/Characters/Modular/Male/arms_323/arms_323/SkeletalMeshes/arms_323,LARM034,Chrome Gauntlets,Well-made gauntlets made out of a mysterious metal.
arms_324,324,141,21,9,458,36,8950,0,31,72,,,0,0,0,0,52,3,226,/Game/Characters/Modular/Female/arms_324/arms_324/SkeletalMeshes/arms_324,/Game/Characters/Modular/Male/arms_324/arms_324/SkeletalMeshes/arms_324,LARM034,Chrome Gauntlets,Well-made gauntlets made out of a mysterious metal.
arms_325,325,141,23,11,458,39,8950,0,31,75,,,0,0,0,0,55,3,226,/Game/Characters/Modular/Female/arms_325/arms_325/SkeletalMeshes/arms_325,/Game/Characters/Modular/Male/arms_325/arms_325/SkeletalMeshes/arms_325,LARM034,Chrome Gauntlets,Well-made gauntlets made out of a mysterious metal.
arms_326,326,141,26,12,458,44,8950,0,31,80,,,0,0,0,0,61,3,226,/Game/Characters/Modular/Female/arms_326/arms_326/SkeletalMeshes/arms_326,/Game/Characters/Modular/Male/arms_326/arms_326/SkeletalMeshes/arms_326,LARM034,Chrome Gauntlets,Well-made gauntlets made out of a mysterious metal.
arms_327,327,141,28,14,458,47,8950,0,31,83,,,0,0,0,0,64,3,226,/Game/Characters/Modular/Female/arms_327/arms_327/SkeletalMeshes/arms_327,/Game/Characters/Modular/Male/arms_327/arms_327/SkeletalMeshes/arms_327,LARM034,Chrome Gauntlets,Well-made gauntlets made out of a mysterious metal.
arms_328,328,141,21,7,459,36,16650,0,31,90,,,0,0,0,0,49,3,226,/Game/Characters/Modular/Female/arms_328/arms_328/SkeletalMeshes/arms_328,/Game/Characters/Modular/Male/arms_328/arms_328/SkeletalMeshes/arms_328,LARM035,Mighty Gauntlets,"Light, yet reliable gauntlets."
arms_329,329,141,23,8,459,36,16650,0,31,93,,,0,0,0,0,50,3,226,/Game/Characters/Modular/Female/arms_329/arms_329/SkeletalMeshes/arms_329,/Game/Characters/Modular/Male/arms_329/arms_329/SkeletalMeshes/arms_329,LARM035,Mighty Gauntlets,"Light, yet reliable gauntlets."
arms_330,330,141,25,9,459,36,16650,0,31,96,,,0,0,0,0,50,3,226,/Game/Characters/Modular/Female/arms_330/arms_330/SkeletalMeshes/arms_330,/Game/Characters/Modular/Male/arms_330/arms_330/SkeletalMeshes/arms_330,LARM035,Mighty Gauntlets,"Light, yet reliable gauntlets."
arms_331,331,141,26,11,459,41,16650,0,31,89,,,0,0,0,0,53,3,226,/Game/Characters/Modular/Female/arms_331/arms_331/SkeletalMeshes/arms_331,/Game/Characters/Modular/Male/arms_331/arms_331/SkeletalMeshes/arms_331,LARM035,Mighty Gauntlets,"Light, yet reliable gauntlets."
arms_332,332,141,28,12,459,44,16650,0,31,92,,,0,0,0,0,56,3,226,/Game/Characters/Modular/Female/arms_332/arms_332/SkeletalMeshes/arms_332,/Game/Characters/Modular/Male/arms_332/arms_332/SkeletalMeshes/arms_332,LARM035,Mighty Gauntlets,"Light, yet reliable gauntlets."
arms_333,333,141,29,13,459,47,16650,0,31,95,,,0,0,0,0,60,3,226,/Game/Characters/Modular/Female/arms_333/arms_333/SkeletalMeshes/arms_333,/Game/Characters/Modular/Male/arms_333/arms_333/SkeletalMeshes/arms_333,LARM035,Mighty Gauntlets,"Light, yet reliable gauntlets."
arms_334,334,141,31,14,459,50,16650,0,31,98,,,0,0,0,0,63,3,226,/Game/Characters/Modular/Female/arms_334/arms_334/SkeletalMeshes/arms_334,/Game/Characters/Modular/Male/arms_334/arms_334/SkeletalMeshes/arms_334,LARM035,Mighty Gauntlets,"Light, yet reliable gauntlets."
arms_335,335,141,25,8,460,40,26600,0,31,106,,,0,0,0,0,51,5,226,/Game/Characters/Modular/Female/arms_335/arms_335/SkeletalMeshes/arms_335,/Game/Characters/Modular/Male/arms_335/arms_335/SkeletalMeshes/arms_335,LARM036,Kurash Gauntlets,"Gauntlets, made out of tough steel, which can also be used as weapons."
arms_336,336,141,27,9,460,40,26600,0,31,109,,,0,0,0,0,51,5,226,/Game/Characters/Modular/Female/arms_336/arms_336/SkeletalMeshes/arms_336,/Game/Characters/Modular/Male/arms_336/arms_336/SkeletalMeshes/arms_336,LARM036,Kurash Gauntlets,"Gauntlets, made out of tough steel, which can also be used as weapons."
arms_337,337,141,29,11,460,40,26600,0,31,112,,,0,0,0,0,52,5,226,/Game/Characters/Modular/Female/arms_337/arms_337/SkeletalMeshes/arms_337,/Game/Characters/Modular/Male/arms_337/arms_337/SkeletalMeshes/arms_337,LARM036,Kurash Gauntlets,"Gauntlets, made out of tough steel, which can also be used as weapons."
arms_338,338,141,30,12,460,45,26600,0,31,105,,,0,0,0,0,55,5,226,/Game/Characters/Modular/Female/arms_338/arms_338/SkeletalMeshes/arms_338,/Game/Characters/Modular/Male/arms_338/arms_338/SkeletalMeshes/arms_338,LARM036,Kurash Gauntlets,"Gauntlets, made out of tough steel, which can also be used as weapons."
arms_339,339,141,32,13,460,48,26600,0,31,108,,,0,0,0,0,58,5,226,/Game/Characters/Modular/Female/arms_339/arms_339/SkeletalMeshes/arms_339,/Game/Characters/Modular/Male/arms_339/arms_339/SkeletalMeshes/arms_339,LARM036,Kurash Gauntlets,"Gauntlets, made out of tough steel, which can also be used as weapons."
arms_340,340,141,34,15,460,51,26600,0,31,111,,,0,0,0,0,62,5,226,/Game/Characters/Modular/Female/arms_340/arms_340/SkeletalMeshes/arms_340,/Game/Characters/Modular/Male/arms_340/arms_340/SkeletalMeshes/arms_340,LARM036,Kurash Gauntlets,"Gauntlets, made out of tough steel, which can also be used as weapons."
arms_341,341,141,37,16,460,54,26600,0,31,114,,,0,0,0,0,65,5,226,/Game/Characters/Modular/Female/arms_341/arms_341/SkeletalMeshes/arms_341,/Game/Characters/Modular/Male/arms_341/arms_341/SkeletalMeshes/arms_341,LARM036,Kurash Gauntlets,"Gauntlets, made out of tough steel, which can also be used as weapons."
arms_342,342,141,30,9,461,45,40800,0,31,122,,,0,0,0,0,53,5,226,/Game/Characters/Modular/Female/arms_342/arms_342/SkeletalMeshes/arms_342,/Game/Characters/Modular/Male/arms_342/arms_342/SkeletalMeshes/arms_342,LARM037,Plate Gauntlets,The best gauntlets: well-designed and reliable.
arms_343,343,141,32,11,461,45,40800,0,31,125,,,0,0,0,0,53,5,226,/Game/Characters/Modular/Female/arms_343/arms_343/SkeletalMeshes/arms_343,/Game/Characters/Modular/Male/arms_343/arms_343/SkeletalMeshes/arms_343,LARM037,Plate Gauntlets,The best gauntlets: well-designed and reliable.
arms_344,344,141,34,12,461,45,40800,0,31,128,,,0,0,0,0,54,5,226,/Game/Characters/Modular/Female/arms_344/arms_344/SkeletalMeshes/arms_344,/Game/Characters/Modular/Male/arms_344/arms_344/SkeletalMeshes/arms_344,LARM037,Plate Gauntlets,The best gauntlets: well-designed and reliable.
arms_345,345,141,35,14,461,50,40800,0,31,121,,,0,0,0,0,57,5,226,/Game/Characters/Modular/Female/arms_345/arms_345/SkeletalMeshes/arms_345,/Game/Characters/Modular/Male/arms_345/arms_345/SkeletalMeshes/arms_345,LARM037,Plate Gauntlets,The best gauntlets: well-designed and reliable.
arms_346,346,141,37,15,461,53,40800,0,31,124,,,0,0,0,0,60,5,226,/Game/Characters/Modular/Female/arms_346/arms_346/SkeletalMeshes/arms_346,/Game/Characters/Modular/Male/arms_346/arms_346/SkeletalMeshes/arms_346,LARM037,Plate Gauntlets,The best gauntlets: well-designed and reliable.
arms_347,347,141,39,16,461,56,40800,0,31,127,,,0,0,0,0,64,5,226,/Game/Characters/Modular/Female/arms_347/arms_347/SkeletalMeshes/arms_347,/Game/Characters/Modular/Male/arms_347/arms_347/SkeletalMeshes/arms_347,LARM037,Plate Gauntlets,The best gauntlets: well-designed and reliable.
arms_348,348,141,42,18,461,59,40800,0,31,130,,,0,0,0,0,67,5,226,/Game/Characters/Modular/Female/arms_348/arms_348/SkeletalMeshes/arms_348,/Game/Characters/Modular/Male/arms_348/arms_348/SkeletalMeshes/arms_348,LARM037,Plate Gauntlets,The best gauntlets: well-designed and reliable.
arms_349,349,0,0,0,0,0,0,0,,,,,,,,,,,0,/Game/Characters/Modular/Female/arms_349/arms_349/SkeletalMeshes/arms_349,/Game/Characters/Modular/Male/arms_349/arms_349/SkeletalMeshes/arms_349,,,
arms_350,350,141,86,34,468,83,251350,0,31,215,,,24,6,19,10,64,5,226,/Game/Characters/Modular/Female/arms_350/arms_350/SkeletalMeshes/arms_350,/Game/Characters/Modular/Male/arms_350/arms_350/SkeletalMeshes/arms_350,LARM043,Jabberwock Gauntlets,Gauntlets that shimmer freakily like the eyes of a madman.
arms_351,351,142,78,35,507,86,238950,0,31,215,,,24,6,18,10,61,2,234,/Game/Characters/Modular/Female/arms_351/arms_351/SkeletalMeshes/arms_351,/Game/Characters/Modular/Male/arms_351/arms_351/SkeletalMeshes/arms_351,LARM073,Dimple Gloves,"A pair of cute, classy gloves made by a famous designer."
arms_352,352,143,80,43,533,82,251950,0,31,215,,,24,6,26,10,69,3,230,/Game/Characters/Modular/Female/arms_352/arms_352/SkeletalMeshes/arms_352,/Game/Characters/Modular/Male/arms_352/arms_352/SkeletalMeshes/arms_352,LARM103,Steel Resolve Gloves,"Gloves suited to marksmen that live by the one shot, one kill credo."
arms_353,353,143,87,45,559,95,248300,0,31,215,,,24,6,18,10,69,2,238,/Game/Characters/Modular/Female/arms_353/arms_353/SkeletalMeshes/arms_353,/Game/Characters/Modular/Male/arms_353/arms_353/SkeletalMeshes/arms_353,LARM133,Mana Steam Gloves,Specialty magic gloves that can directly manipulate Mana.
arms_354,354,141,86,34,468,83,251350,0,31,215,,,24,6,18,10,64,5,226,/Game/Characters/Modular/Female/arms_354/arms_354/SkeletalMeshes/arms_354,/Game/Characters/Modular/Male/arms_354/arms_354/SkeletalMeshes/arms_354,LARM043,Jabberwock Gauntlets,Gauntlets that shimmer freakily like the eyes of a madman.
arms_355,355,142,78,35,507,86,238950,0,31,215,,,24,6,29,5,61,2,234,/Game/Characters/Modular/Female/arms_355/arms_355/SkeletalMeshes/arms_355,/Game/Characters/Modular/Male/arms_355/arms_355/SkeletalMeshes/arms_355,LARM073,Dimple Gloves,"A pair of cute, classy gloves made by a famous designer."
arms_356,356,143,80,43,533,82,251950,0,31,215,,,24,6,18,10,69,3,230,/Game/Characters/Modular/Female/arms_356/arms_356/SkeletalMeshes/arms_356,/Game/Characters/Modular/Male/arms_356/arms_356/SkeletalMeshes/arms_356,LARM103,Steel Resolve Gloves,"Gloves suited to marksmen that live by the one shot, one kill credo."
arms_357,357,143,87,45,559,95,248300,0,31,215,,,24,6,26,10,69,2,238,/Game/Characters/Modular/Female/arms_357/arms_357/SkeletalMeshes/arms_357,/Game/Characters/Modular/Male/arms_357/arms_357/SkeletalMeshes/arms_357,LARM133,Mana Steam Gloves,Specialty magic gloves that can directly manipulate Mana.
arms_358,358,0,0,0,0,0,0,0,,,,,,,0,,,,0,/Game/Characters/Modular/Female/arms_358/arms_358/SkeletalMeshes/arms_358,/Game/Characters/Modular/Male/arms_358/arms_358/SkeletalMeshes/arms_358,,,
arms_359,359,141,166,114,3458,83,232290,0,31,235,,,20,40,10,10,100,5,226,/Game/Characters/Modular/Female/arms_359/arms_359/SkeletalMeshes/arms_359,/Game/Characters/Modular/Male/arms_359/arms_359/SkeletalMeshes/arms_359,LARM359,Viper Gauntlets,A lightweight yet strong set of gauntlets crafted of pure gold.
arms_360,360,141,156,104,8217,83,232290,0,,,,,18,40,10,30,125,5,226,/Game/Characters/Modular/Female/arms_360/arms_360/SkeletalMeshes/arms_360,/Game/Characters/Modular/Male/arms_360/arms_360/SkeletalMeshes/arms_360,LARM360,Shadow Viper Gauntlets,A lightweight yet strong set of gauntlets crafted of pure gold.
arms_361,361,141,156,104,8216,83,232290,0,,,,,20,40,10,30,125,5,226,/Game/Characters/Modular/Female/arms_361/arms_361/SkeletalMeshes/arms_361,/Game/Characters/Modular/Male/arms_361/arms_361/SkeletalMeshes/arms_361,LARM361,Infernal Viper Gauntlets,A lightweight yet strong set of gauntlets crafted of pure gold.
arms_362,362,142,158,115,3459,86,245850,0,31,235,,,20,40,12,10,100,2,234,/Game/Characters/Modular/Female/arms_362/arms_362/SkeletalMeshes/arms_362,/Game/Characters/Modular/Male/arms_362/arms_362/SkeletalMeshes/arms_362,LARM362,Oasis Gloves,Lightweight gloves enchanted with the power of water.
arms_363,363,142,148,105,8219,86,245850,0,,,,,18,40,12,30,125,2,234,/Game/Characters/Modular/Female/arms_363/arms_363/SkeletalMeshes/arms_363,/Game/Characters/Modular/Male/arms_363/arms_363/SkeletalMeshes/arms_363,LARM363,Shadow Oasis Gloves,Lightweight gloves enchanted with the power of water.
arms_364,364,142,148,105,8219,86,245850,0,,,,,20,40,12,30,125,2,234,/Game/Characters/Modular/Female/arms_364/arms_364/SkeletalMeshes/arms_364,/Game/Characters/Modular/Male/arms_364/arms_364/SkeletalMeshes/arms_364,LARM364,Infernal Oasis Gloves,Lightweight gloves enchanted with the power of water.
arms_365,365,143,165,123,3460,82,223250,0,31,235,,,20,40,11,10,100,3,230,/Game/Characters/Modular/Female/arms_365/arms_365/SkeletalMeshes/arms_365,/Game/Characters/Modular/Male/arms_365/arms_365/SkeletalMeshes/arms_365,LARM365,Akela Paws,"Gloves of the lone wolf, enchanted with the power of wind."
arms_366,366,143,155,113,8221,82,223250,0,,,,,18,40,11,30,125,3,230,/Game/Characters/Modular/Female/arms_366/arms_366/SkeletalMeshes/arms_366,/Game/Characters/Modular/Male/arms_366/arms_366/SkeletalMeshes/arms_366,LARM366,Shadow Akela Paws,"Gloves of the lone wolf, enchanted with the power of wind."
arms_367,367,143,155,113,8220,82,223250,0,,,,,20,40,11,30,125,3,230,/Game/Characters/Modular/Female/arms_367/arms_367/SkeletalMeshes/arms_367,/Game/Characters/Modular/Male/arms_367/arms_367/SkeletalMeshes/arms_367,LARM367,Infernal Akela Paws,"Gloves of the lone wolf, enchanted with the power of wind."
arms_368,368,143,160,124,3461,95,262600,0,31,235,,,20,40,13,10,100,2,238,/Game/Characters/Modular/Female/arms_368/arms_368/SkeletalMeshes/arms_368,/Game/Characters/Modular/Male/arms_368/arms_368/SkeletalMeshes/arms_368,LARM368,Matrix Gloves,Gloves commonly worn by desert assassins.
arms_369,369,143,150,114,8223,95,262600,0,,,,,18,40,13,30,125,2,238,/Game/Characters/Modular/Female/arms_369/arms_369/SkeletalMeshes/arms_369,/Game/Characters/Modular/Male/arms_369/arms_369/SkeletalMeshes/arms_369,LARM369,Shadow Matrix Gloves,Gloves commonly worn by desert assassins.
arms_370,370,143,150,114,8222,95,262600,0,,,,,20,40,13,30,125,2,238,/Game/Characters/Modular/Female/arms_370/arms_370/SkeletalMeshes/arms_370,/Game/Characters/Modular/Male/arms_370/arms_370/SkeletalMeshes/arms_370,LARM370,Infernal Matrix Gloves,Gloves commonly worn by desert assassins.
arms_371,371,0,0,0,0,0,0,0,,,,,,,,,,,0,/Game/Characters/Modular/Female/arms_371/arms_371/SkeletalMeshes/arms_371,/Game/Characters/Modular/Male/arms_371/arms_371/SkeletalMeshes/arms_371,,,
arms_372,372,141,106,57,3406,83,232290,0,31,225,,,24,8,10,10,66,5,226,/Game/Characters/Modular/Female/arms_372/arms_372/SkeletalMeshes/arms_372,/Game/Characters/Modular/Male/arms_372/arms_372/SkeletalMeshes/arms_372,LARM1000,Obsidian Plate Gauntlets,NaRose Evolution Soldier Gauntlets.
arms_373,373,142,98,64,3407,86,245850,0,31,225,,,24,8,12,10,63,2,234,/Game/Characters/Modular/Female/arms_373/arms_373/SkeletalMeshes/arms_373,/Game/Characters/Modular/Male/arms_373/arms_373/SkeletalMeshes/arms_373,LARM1001,Royal Sage Gloves,NaRose Evolution Muse Gloves.
arms_374,374,143,100,65,3408,82,223250,0,31,225,,,24,8,11,10,70,3,230,/Game/Characters/Modular/Female/arms_374/arms_374/SkeletalMeshes/arms_374,/Game/Characters/Modular/Male/arms_374/arms_374/SkeletalMeshes/arms_374,LARM1002,Shadow Fall Wraps,NaRose Evolution Hawker Wraps.
arms_375,375,143,105,66,3409,95,262600,0,31,225,,,24,8,13,10,70,2,238,/Game/Characters/Modular/Female/arms_375/arms_375/SkeletalMeshes/arms_375,/Game/Characters/Modular/Male/arms_375/arms_375/SkeletalMeshes/arms_375,LARM1003,Mana Fusion Gloves,NaRose Evolution Dealer Gloves.
arms_376,376,0,0,0,0,0,0,0,,,,,,,,,,,0,/Game/Characters/Modular/Female/arms_376/arms_376/SkeletalMeshes/arms_376,/Game/Characters/Modular/Male/arms_376/arms_376/SkeletalMeshes/arms_376,,,
arms_377,377,0,0,0,0,0,0,0,,,,,,,,,,,0,/Game/Characters/Modular/Female/arms_377/arms_377/SkeletalMeshes/arms_377,/Game/Characters/Modular/Male/arms_377/arms_377/SkeletalMeshes/arms_377,,,
arms_378,378,0,0,0,0,0,0,0,,,,,,,,,,,0,/Game/Characters/Modular/Female/arms_378/arms_378/SkeletalMeshes/arms_378,/Game/Characters/Modular/Male/arms_378/arms_378/SkeletalMeshes/arms_378,,,
arms_379,379,0,0,0,0,0,0,0,,,,,,,,,,,0,/Game/Characters/Modular/Female/arms_379/arms_379/SkeletalMeshes/arms_379,/Game/Characters/Modular/Male/arms_379/arms_379/SkeletalMeshes/arms_379,,,
arms_380,380,0,0,0,0,0,0,0,,,,,,,,,,,0,/Game/Characters/Modular/Female/arms_380/arms_380/SkeletalMeshes/arms_380,/Game/Characters/Modular/Male/arms_380/arms_380/SkeletalMeshes/arms_380,,,
arms_381,381,0,0,0,0,0,0,0,,,,,,,,,,,0,/Game/Characters/Modular/Female/arms_381/arms_381/SkeletalMeshes/arms_381,/Game/Characters/Modular/Male/arms_381/arms_381/SkeletalMeshes/arms_381,,,
arms_382,382,0,0,0,0,0,0,0,,,,,,,,,,,0,/Game/Characters/Modular/Female/arms_382/arms_382/SkeletalMeshes/arms_382,/Game/Characters/Modular/Male/arms_382/arms_382/SkeletalMeshes/arms_382,,,
arms_383,383,0,0,0,0,0,0,0,,,,,,,,,,,0,/Game/Characters/Modular/Female/arms_383/arms_383/SkeletalMeshes/arms_383,/Game/Characters/Modular/Male/arms_383/arms_383/SkeletalMeshes/arms_383,,,
arms_384,384,0,0,0,0,0,0,0,,,,,,,,,,,0,/Game/Characters/Modular/Female/arms_384/arms_384/SkeletalMeshes/arms_384,/Game/Characters/Modular/Male/arms_384/arms_384/SkeletalMeshes/arms_384,,,
arms_385,385,0,0,0,0,0,0,0,,,,,,,,,,,0,/Game/Characters/Modular/Female/arms_385/arms_385/SkeletalMeshes/arms_385,/Game/Characters/Modular/Male/arms_385/arms_385/SkeletalMeshes/arms_385,,,
arms_401,401,142,7,4,481,15,850,0,31,13,,,0,0,0,0,40,2,234,/Game/Characters/Modular/Female/arms_401/arms_401/SkeletalMeshes/arms_401,/Game/Characters/Modular/Male/arms_401/arms_401/SkeletalMeshes/arms_401,LARM061,Spiritual Gloves,Basic gloves for new Muses.
arms_402,402,142,8,4,481,15,850,0,31,16,,,0,0,0,0,40,2,234,/Game/Characters/Modular/Female/arms_402/arms_402/SkeletalMeshes/arms_402,/Game/Characters/Modular/Male/arms_402/arms_402/SkeletalMeshes/arms_402,LARM061,Spiritual Gloves,Basic gloves for new Muses.
arms_403,403,142,9,5,481,15,850,0,31,19,,,0,0,0,0,41,2,234,/Game/Characters/Modular/Female/arms_403/arms_403/SkeletalMeshes/arms_403,/Game/Characters/Modular/Male/arms_403/arms_403/SkeletalMeshes/arms_403,LARM061,Spiritual Gloves,Basic gloves for new Muses.
arms_404,404,142,9,6,481,23,850,0,31,14,,,0,0,0,0,47,2,234,/Game/Characters/Modular/Female/arms_404/arms_404/SkeletalMeshes/arms_404,/Game/Characters/Modular/Male/arms_404/arms_404/SkeletalMeshes/arms_404,LARM061,Spiritual Gloves,Basic gloves for new Muses.
arms_405,405,142,11,7,481,27,850,0,31,18,,,0,0,0,0,52,2,234,/Game/Characters/Modular/Female/arms_405/arms_405/SkeletalMeshes/arms_405,/Game/Characters/Modular/Male/arms_405/arms_405/SkeletalMeshes/arms_405,LARM061,Spiritual Gloves,Basic gloves for new Muses.
arms_406,406,142,12,8,481,31,850,0,31,22,,,0,0,0,0,56,2,234,/Game/Characters/Modular/Female/arms_406/arms_406/SkeletalMeshes/arms_406,/Game/Characters/Modular/Male/arms_406/arms_406/SkeletalMeshes/arms_406,LARM061,Spiritual Gloves,Basic gloves for new Muses.
arms_407,407,142,9,5,482,21,1900,0,31,33,,,0,0,0,0,42,2,234,/Game/Characters/Modular/Female/arms_407/arms_407/SkeletalMeshes/arms_407,/Game/Characters/Modular/Male/arms_407/arms_407/SkeletalMeshes/arms_407,LARM062,Green Gloves of Witch,Gloves which are considerably popular among Mages.
arms_408,408,142,10,6,482,21,1900,0,31,36,,,0,0,0,0,43,2,234,/Game/Characters/Modular/Female/arms_408/arms_408/SkeletalMeshes/arms_408,/Game/Characters/Modular/Male/arms_408/arms_408/SkeletalMeshes/arms_408,LARM062,Green Gloves of Witch,Gloves which are considerably popular among Mages.
arms_409,409,142,11,6,482,21,1900,0,31,39,,,0,0,0,0,43,2,234,/Game/Characters/Modular/Female/arms_409/arms_409/SkeletalMeshes/arms_409,/Game/Characters/Modular/Male/arms_409/arms_409/SkeletalMeshes/arms_409,LARM062,Green Gloves of Witch,Gloves which are considerably popular among Mages.
arms_410,410,142,12,7,482,27,1900,0,31,32,,,0,0,0,0,47,2,234,/Game/Characters/Modular/Female/arms_410/arms_410/SkeletalMeshes/arms_410,/Game/Characters/Modular/Male/arms_410/arms_410/SkeletalMeshes/arms_410,LARM062,Green Gloves of Witch,Gloves which are considerably popular among Mages.
arms_411,411,142,13,8,482,30,1900,0,31,35,,,0,0,0,0,51,2,234,/Game/Characters/Modular/Female/arms_411/arms_411/SkeletalMeshes/arms_411,/Game/Characters/Modular/Male/arms_411/arms_411/SkeletalMeshes/arms_411,LARM062,Green Gloves of Witch,Gloves which are considerably popular among Mages.
arms_412,412,142,15,9,482,35,1900,0,31,40,,,0,0,0,0,56,2,234,/Game/Characters/Modular/Female/arms_412/arms_412/SkeletalMeshes/arms_412,/Game/Characters/Modular/Male/arms_412/arms_412/SkeletalMeshes/arms_412,LARM062,Green Gloves of Witch,Gloves which are considerably popular among Mages.
arms_413,413,142,17,10,482,38,1900,0,31,43,,,0,0,0,0,60,2,234,/Game/Characters/Modular/Female/arms_413/arms_413/SkeletalMeshes/arms_413,/Game/Characters/Modular/Male/arms_413/arms_413/SkeletalMeshes/arms_413,LARM062,Green Gloves of Witch,Gloves which are considerably popular among Mages.
arms_414,414,142,12,7,483,28,4650,0,31,53,,,0,0,0,0,45,2,234,/Game/Characters/Modular/Female/arms_414/arms_414/SkeletalMeshes/arms_414,/Game/Characters/Modular/Male/arms_414/arms_414/SkeletalMeshes/arms_414,LARM063,Purple Gloves of Witch,Gloves that are favored by very well-experienced Mages.
arms_415,415,142,14,8,483,28,4650,0,31,56,,,0,0,0,0,45,2,234,/Game/Characters/Modular/Female/arms_415/arms_415/SkeletalMeshes/arms_415,/Game/Characters/Modular/Male/arms_415/arms_415/SkeletalMeshes/arms_415,LARM063,Purple Gloves of Witch,Gloves that are favored by very well-experienced Mages.
arms_416,416,142,15,9,483,28,4650,0,31,59,,,0,0,0,0,45,2,234,/Game/Characters/Modular/Female/arms_416/arms_416/SkeletalMeshes/arms_416,/Game/Characters/Modular/Male/arms_416/arms_416/SkeletalMeshes/arms_416,LARM063,Purple Gloves of Witch,Gloves that are favored by very well-experienced Mages.
arms_417,417,142,15,10,483,34,4650,0,31,52,,,0,0,0,0,50,2,234,/Game/Characters/Modular/Female/arms_417/arms_417/SkeletalMeshes/arms_417,/Game/Characters/Modular/Male/arms_417/arms_417/SkeletalMeshes/arms_417,LARM063,Purple Gloves of Witch,Gloves that are favored by very well-experienced Mages.
arms_418,418,142,17,11,483,37,4650,0,31,55,,,0,0,0,0,53,2,234,/Game/Characters/Modular/Female/arms_418/arms_418/SkeletalMeshes/arms_418,/Game/Characters/Modular/Male/arms_418/arms_418/SkeletalMeshes/arms_418,LARM063,Purple Gloves of Witch,Gloves that are favored by very well-experienced Mages.
arms_419,419,142,20,12,483,42,4650,0,31,60,,,0,0,0,0,59,2,234,/Game/Characters/Modular/Female/arms_419/arms_419/SkeletalMeshes/arms_419,/Game/Characters/Modular/Male/arms_419/arms_419/SkeletalMeshes/arms_419,LARM063,Purple Gloves of Witch,Gloves that are favored by very well-experienced Mages.
arms_420,420,142,21,14,483,45,4650,0,31,63,,,0,0,0,0,62,2,234,/Game/Characters/Modular/Female/arms_420/arms_420/SkeletalMeshes/arms_420,/Game/Characters/Modular/Male/arms_420/arms_420/SkeletalMeshes/arms_420,LARM063,Purple Gloves of Witch,Gloves that are favored by very well-experienced Mages.
arms_421,421,142,16,8,484,34,8700,0,31,73,,,0,0,0,0,47,2,234,/Game/Characters/Modular/Female/arms_421/arms_421/SkeletalMeshes/arms_421,/Game/Characters/Modular/Male/arms_421/arms_421/SkeletalMeshes/arms_421,LARM064,Violet Gloves,Fashionable gloves which are favored by powerful Mages.
arms_422,422,142,17,9,484,34,8700,0,31,76,,,0,0,0,0,48,2,234,/Game/Characters/Modular/Female/arms_422/arms_422/SkeletalMeshes/arms_422,/Game/Characters/Modular/Male/arms_422/arms_422/SkeletalMeshes/arms_422,LARM064,Violet Gloves,Fashionable gloves which are favored by powerful Mages.
arms_423,423,142,19,10,484,34,8700,0,31,79,,,0,0,0,0,48,2,234,/Game/Characters/Modular/Female/arms_423/arms_423/SkeletalMeshes/arms_423,/Game/Characters/Modular/Male/arms_423/arms_423/SkeletalMeshes/arms_423,LARM064,Violet Gloves,Fashionable gloves which are favored by powerful Mages.
arms_424,424,142,19,11,484,40,8700,0,31,72,,,0,0,0,0,52,2,234,/Game/Characters/Modular/Female/arms_424/arms_424/SkeletalMeshes/arms_424,/Game/Characters/Modular/Male/arms_424/arms_424/SkeletalMeshes/arms_424,LARM064,Violet Gloves,Fashionable gloves which are favored by powerful Mages.
arms_425,425,142,21,13,484,43,8700,0,31,75,,,0,0,0,0,55,2,234,/Game/Characters/Modular/Female/arms_425/arms_425/SkeletalMeshes/arms_425,/Game/Characters/Modular/Male/arms_425/arms_425/SkeletalMeshes/arms_425,LARM064,Violet Gloves,Fashionable gloves which are favored by powerful Mages.
arms_426,426,142,24,14,484,48,8700,0,31,80,,,0,0,0,0,61,2,234,/Game/Characters/Modular/Female/arms_426/arms_426/SkeletalMeshes/arms_426,/Game/Characters/Modular/Male/arms_426/arms_426/SkeletalMeshes/arms_426,LARM064,Violet Gloves,Fashionable gloves which are favored by powerful Mages.
arms_427,427,142,26,16,484,51,8700,0,31,83,,,0,0,0,0,64,2,234,/Game/Characters/Modular/Female/arms_427/arms_427/SkeletalMeshes/arms_427,/Game/Characters/Modular/Male/arms_427/arms_427/SkeletalMeshes/arms_427,LARM064,Violet Gloves,Fashionable gloves which are favored by powerful Mages.
arms_428,428,142,18,10,485,39,14850,0,31,90,,,0,0,0,0,49,2,234,/Game/Characters/Modular/Female/arms_428/arms_428/SkeletalMeshes/arms_428,/Game/Characters/Modular/Male/arms_428/arms_428/SkeletalMeshes/arms_428,LARM065,Gloves of Shadow,Gloves that are rumored to cover its wearer in shadow.
arms_429,429,142,20,11,485,39,14850,0,31,93,,,0,0,0,0,50,2,234,/Game/Characters/Modular/Female/arms_429/arms_429/SkeletalMeshes/arms_429,/Game/Characters/Modular/Male/arms_429/arms_429/SkeletalMeshes/arms_429,LARM065,Gloves of Shadow,Gloves that are rumored to cover its wearer in shadow.
arms_430,430,142,22,12,485,39,14850,0,31,96,,,0,0,0,0,50,2,234,/Game/Characters/Modular/Female/arms_430/arms_430/SkeletalMeshes/arms_430,/Game/Characters/Modular/Male/arms_430/arms_430/SkeletalMeshes/arms_430,LARM065,Gloves of Shadow,Gloves that are rumored to cover its wearer in shadow.
arms_431,431,142,23,14,485,44,14850,0,31,89,,,0,0,0,0,53,2,234,/Game/Characters/Modular/Female/arms_431/arms_431/SkeletalMeshes/arms_431,/Game/Characters/Modular/Male/arms_431/arms_431/SkeletalMeshes/arms_431,LARM065,Gloves of Shadow,Gloves that are rumored to cover its wearer in shadow.
arms_432,432,142,25,15,485,47,14850,0,31,92,,,0,0,0,0,56,2,234,/Game/Characters/Modular/Female/arms_432/arms_432/SkeletalMeshes/arms_432,/Game/Characters/Modular/Male/arms_432/arms_432/SkeletalMeshes/arms_432,LARM065,Gloves of Shadow,Gloves that are rumored to cover its wearer in shadow.
arms_433,433,142,26,16,485,50,14850,0,31,95,,,0,0,0,0,60,2,234,/Game/Characters/Modular/Female/arms_433/arms_433/SkeletalMeshes/arms_433,/Game/Characters/Modular/Male/arms_433/arms_433/SkeletalMeshes/arms_433,LARM065,Gloves of Shadow,Gloves that are rumored to cover its wearer in shadow.
arms_434,434,142,28,17,485,53,14850,0,31,98,,,0,0,0,0,63,2,234,/Game/Characters/Modular/Female/arms_434/arms_434/SkeletalMeshes/arms_434,/Game/Characters/Modular/Male/arms_434/arms_434/SkeletalMeshes/arms_434,LARM065,Gloves of Shadow,Gloves that are rumored to cover its wearer in shadow.
arms_435,435,142,22,12,486,44,25300,0,31,106,,,0,0,0,0,51,2,234,/Game/Characters/Modular/Female/arms_435/arms_435/SkeletalMeshes/arms_435,/Game/Characters/Modular/Male/arms_435/arms_435/SkeletalMeshes/arms_435,LARM066,Velvet Gloves of Witch,Gloves that contain powerful magic.
arms_436,436,142,24,13,486,44,25300,0,31,109,,,0,0,0,0,51,2,234,/Game/Characters/Modular/Female/arms_436/arms_436/SkeletalMeshes/arms_436,/Game/Characters/Modular/Male/arms_436/arms_436/SkeletalMeshes/arms_436,LARM066,Velvet Gloves of Witch,Gloves that contain powerful magic.
arms_437,437,142,26,15,486,44,25300,0,31,112,,,0,0,0,0,52,2,234,/Game/Characters/Modular/Female/arms_437/arms_437/SkeletalMeshes/arms_437,/Game/Characters/Modular/Male/arms_437/arms_437/SkeletalMeshes/arms_437,LARM066,Velvet Gloves of Witch,Gloves that contain powerful magic.
arms_438,438,142,27,16,486,49,25300,0,31,105,,,0,0,0,0,55,2,234,/Game/Characters/Modular/Female/arms_438/arms_438/SkeletalMeshes/arms_438,/Game/Characters/Modular/Male/arms_438/arms_438/SkeletalMeshes/arms_438,LARM066,Velvet Gloves of Witch,Gloves that contain powerful magic.
arms_439,439,142,29,17,486,52,25300,0,31,108,,,0,0,0,0,58,2,234,/Game/Characters/Modular/Female/arms_439/arms_439/SkeletalMeshes/arms_439,/Game/Characters/Modular/Male/arms_439/arms_439/SkeletalMeshes/arms_439,LARM066,Velvet Gloves of Witch,Gloves that contain powerful magic.
arms_440,440,142,31,19,486,55,25300,0,31,111,,,0,0,0,0,62,2,234,/Game/Characters/Modular/Female/arms_440/arms_440/SkeletalMeshes/arms_440,/Game/Characters/Modular/Male/arms_440/arms_440/SkeletalMeshes/arms_440,LARM066,Velvet Gloves of Witch,Gloves that contain powerful magic.
arms_441,441,142,34,20,486,58,25300,0,31,114,,,0,0,0,0,65,2,234,/Game/Characters/Modular/Female/arms_441/arms_441/SkeletalMeshes/arms_441,/Game/Characters/Modular/Male/arms_441/arms_441/SkeletalMeshes/arms_441,LARM066,Velvet Gloves of Witch,Gloves that contain powerful magic.
arms_442,442,142,26,13,487,49,36700,0,31,122,,,0,0,0,0,53,2,234,/Game/Characters/Modular/Female/arms_442/arms_442/SkeletalMeshes/arms_442,/Game/Characters/Modular/Male/arms_442/arms_442/SkeletalMeshes/arms_442,LARM067,Heaven's Gloves,Gloves said to be worn by those who have swooped down from the heavens.
arms_443,443,142,28,15,487,49,36700,0,31,125,,,0,0,0,0,53,2,234,/Game/Characters/Modular/Female/arms_443/arms_443/SkeletalMeshes/arms_443,/Game/Characters/Modular/Male/arms_443/arms_443/SkeletalMeshes/arms_443,LARM067,Heaven's Gloves,Gloves said to be worn by those who have swooped down from the heavens.
arms_444,444,142,30,16,487,49,36700,0,31,128,,,0,0,0,0,54,2,234,/Game/Characters/Modular/Female/arms_444/arms_444/SkeletalMeshes/arms_444,/Game/Characters/Modular/Male/arms_444/arms_444/SkeletalMeshes/arms_444,LARM067,Heaven's Gloves,Gloves said to be worn by those who have swooped down from the heavens.
arms_445,445,142,31,18,487,54,36700,0,31,121,,,0,0,0,0,57,2,234,/Game/Characters/Modular/Female/arms_445/arms_445/SkeletalMeshes/arms_445,/Game/Characters/Modular/Male/arms_445/arms_445/SkeletalMeshes/arms_445,LARM067,Heaven's Gloves,Gloves said to be worn by those who have swooped down from the heavens.
arms_446,446,142,33,19,487,57,36700,0,31,124,,,0,0,0,0,60,2,234,/Game/Characters/Modular/Female/arms_446/arms_446/SkeletalMeshes/arms_446,/Game/Characters/Modular/Male/arms_446/arms_446/SkeletalMeshes/arms_446,LARM067,Heaven's Gloves,Gloves said to be worn by those who have swooped down from the heavens.
arms_447,447,142,35,20,487,60,36700,0,31,127,,,0,0,0,0,64,2,234,/Game/Characters/Modular/Female/arms_447/arms_447/SkeletalMeshes/arms_447,/Game/Characters/Modular/Male/arms_447/arms_447/SkeletalMeshes/arms_447,LARM067,Heaven's Gloves,Gloves said to be worn by those who have swooped down from the heavens.
arms_448,448,142,38,22,487,63,36700,0,31,130,,,0,0,0,0,67,2,234,/Game/Characters/Modular/Female/arms_448/arms_448/SkeletalMeshes/arms_448,/Game/Characters/Modular/Male/arms_448/arms_448/SkeletalMeshes/arms_448,LARM067,Heaven's Gloves,Gloves said to be worn by those who have swooped down from the heavens.
arms_449,449,0,0,0,0,0,0,0,,,,,,,,,,,0,/Game/Characters/Modular/Female/arms_449/arms_449/SkeletalMeshes/arms_449,/Game/Characters/Modular/Male/arms_449/arms_449/SkeletalMeshes/arms_449,,,
arms_450,450,141,156,104,2518,99,100000,0,,,,,20,40,10,30,125,3,234,/Game/Characters/Modular/Female/arms_450/arms_450/SkeletalMeshes/arms_450,/Game/Characters/Modular/Male/arms_450/arms_450/SkeletalMeshes/arms_450,LARM450,Ravenlock Gauntlets,Ravenlock Gauntlets
arms_451,451,141,156,104,2518,99,100000,0,,,,,18,40,10,30,125,3,234,/Game/Characters/Modular/Female/arms_451/arms_451/SkeletalMeshes/arms_451,/Game/Characters/Modular/Male/arms_451/arms_451/SkeletalMeshes/arms_451,LARM451,Royal Guard Gauntlets,Royal Guard Gauntlets
arms_452,452,142,125,135,2518,99,100000,0,,,,,20,40,12,30,125,3,234,/Game/Characters/Modular/Female/arms_452/arms_452/SkeletalMeshes/arms_452,/Game/Characters/Modular/Male/arms_452/arms_452/SkeletalMeshes/arms_452,LARM452,Earth Fairy Gloves,Earth Fairy Gloves
arms_453,453,142,125,135,2518,99,100000,0,,,,,18,40,12,30,125,3,234,/Game/Characters/Modular/Female/arms_453/arms_453/SkeletalMeshes/arms_453,/Game/Characters/Modular/Male/arms_453/arms_453/SkeletalMeshes/arms_453,LARM453,Water Fairy Gloves,Water Fairy Gloves
arms_454,454,142,125,135,2518,99,100000,0,,,,,20,40,12,30,125,3,234,/Game/Characters/Modular/Female/arms_454/arms_454/SkeletalMeshes/arms_454,/Game/Characters/Modular/Male/arms_454/arms_454/SkeletalMeshes/arms_454,LARM454,Shao Monk Gloves,Shao Monk Gloves
arms_455,455,142,125,135,2518,99,100000,0,,,,,18,40,12,30,125,3,234,/Game/Characters/Modular/Female/arms_455/arms_455/SkeletalMeshes/arms_455,/Game/Characters/Modular/Male/arms_455/arms_455/SkeletalMeshes/arms_455,LARM455,Tao Monk Gloves,Tao Monk Gloves
arms_456,456,142,125,135,2518,99,100000,0,,,,,22,50,11,30,125,3,234,/Game/Characters/Modular/Female/arms_456/arms_456/SkeletalMeshes/arms_456,/Game/Characters/Modular/Male/arms_456/arms_456/SkeletalMeshes/arms_456,LARM456,Windweaver Gloves,Windweaver Gloves
arms_457,457,142,125,135,2518,99,100000,0,,,,,22,50,11,30,125,3,234,/Game/Characters/Modular/Female/arms_457/arms_457/SkeletalMeshes/arms_457,/Game/Characters/Modular/Male/arms_457/arms_457/SkeletalMeshes/arms_457,LARM457,Sandbender Gloves,Sandbender Gloves
arms_458,458,142,125,135,2518,99,100000,0,,,,,20,40,12,30,125,3,234,/Game/Characters/Modular/Female/arms_458/arms_458/SkeletalMeshes/arms_458,/Game/Characters/Modular/Male/arms_458/arms_458/SkeletalMeshes/arms_458,LARM458,Battlemage Gauntlets,Battlemage Gauntlets
arms_459,459,142,125,135,2518,99,100000,0,,,,,18,40,12,30,125,3,234,/Game/Characters/Modular/Female/arms_459/arms_459/SkeletalMeshes/arms_459,/Game/Characters/Modular/Male/arms_459/arms_459/SkeletalMeshes/arms_459,LARM459,Battlecleric Gauntlets,Battlecleric Gauntlets
arms_460,460,143,155,113,2518,99,100000,0,,,,,20,40,11,30,125,3,234,/Game/Characters/Modular/Female/arms_460/arms_460/SkeletalMeshes/arms_460,/Game/Characters/Modular/Male/arms_460/arms_460/SkeletalMeshes/arms_460,LARM460,Niteshade Gauntlets,Niteshade Gauntlets
arms_461,461,143,155,113,2518,99,100000,0,,,,,18,40,11,30,125,3,234,/Game/Characters/Modular/Female/arms_461/arms_461/SkeletalMeshes/arms_461,/Game/Characters/Modular/Male/arms_461/arms_461/SkeletalMeshes/arms_461,LARM461,Poisonshade Gauntlets,Poisonshade Gauntlets
arms_462,462,141,156,104,2518,99,100000,0,,,,,20,40,10,30,125,3,234,/Game/Characters/Modular/Female/arms_462/arms_462/SkeletalMeshes/arms_462,/Game/Characters/Modular/Male/arms_462/arms_462/SkeletalMeshes/arms_462,LARM462,Mithril Gauntlets,Mithril Gauntlets
arms_463,463,141,156,104,2518,99,100000,0,,,,,18,40,10,30,125,3,234,/Game/Characters/Modular/Female/arms_463/arms_463/SkeletalMeshes/arms_463,/Game/Characters/Modular/Male/arms_463/arms_463/SkeletalMeshes/arms_463,LARM463,Adamantium Gauntlets,Adamantium Gauntlets
arms_464,464,143,155,113,2518,99,100000,0,,,,,20,40,11,30,125,3,234,/Game/Characters/Modular/Female/arms_464/arms_464/SkeletalMeshes/arms_464,/Game/Characters/Modular/Male/arms_464/arms_464/SkeletalMeshes/arms_464,LARM464,Mysthowl Gauntlets,Mysthowl Gauntlets
arms_465,465,143,155,113,2518,99,100000,0,,,,,18,40,11,30,125,3,234,/Game/Characters/Modular/Female/arms_465/arms_465/SkeletalMeshes/arms_465,/Game/Characters/Modular/Male/arms_465/arms_465/SkeletalMeshes/arms_465,LARM465,Nighthowl Gauntlets,Nighthowl Gauntlets
arms_466,466,141,156,104,2518,99,100000,0,,,,,20,40,10,30,125,3,234,/Game/Characters/Modular/Female/arms_466/arms_466/SkeletalMeshes/arms_466,/Game/Characters/Modular/Male/arms_466/arms_466/SkeletalMeshes/arms_466,LARM466,Ironking Gauntlets,Ironking Gauntlets
arms_467,467,141,156,104,2518,99,100000,0,,,,,18,40,10,30,125,3,234,/Game/Characters/Modular/Female/arms_467/arms_467/SkeletalMeshes/arms_467,/Game/Characters/Modular/Male/arms_467/arms_467/SkeletalMeshes/arms_467,LARM467,Skyking Gauntlets,Skyking Gauntlets
arms_468,468,142,125,135,2518,99,100000,0,,,,,20,40,12,30,125,3,234,/Game/Characters/Modular/Female/arms_468/arms_468/SkeletalMeshes/arms_468,/Game/Characters/Modular/Male/arms_468/arms_468/SkeletalMeshes/arms_468,LARM468,Jeastral Gloves,Jeastral Gloves
arms_469,469,142,125,135,2518,99,100000,0,,,,,18,40,12,30,125,3,234,/Game/Characters/Modular/Female/arms_469/arms_469/SkeletalMeshes/arms_469,/Game/Characters/Modular/Male/arms_469/arms_469/SkeletalMeshes/arms_469,LARM469,Witchdoctor Gloves,Witchdoctor Gloves
arms_470,470,142,125,135,2518,99,100000,0,,,,,20,40,12,30,125,3,234,/Game/Characters/Modular/Female/arms_470/arms_470/SkeletalMeshes/arms_470,/Game/Characters/Modular/Male/arms_470/arms_470/SkeletalMeshes/arms_470,LARM470,Kao Monk Gloves,Kao Monk Gloves
arms_471,471,142,125,135,2518,99,100000,0,,,,,18,40,12,30,125,3,234,/Game/Characters/Modular/Female/arms_471/arms_471/SkeletalMeshes/arms_471,/Game/Characters/Modular/Male/arms_471/arms_471/SkeletalMeshes/arms_471,LARM471,Zho Monk Gloves,Zho Monk Gloves
arms_472,472,141,156,104,2518,99,100000,0,,,,,20,40,10,30,125,3,234,/Game/Characters/Modular/Female/arms_472/arms_472/SkeletalMeshes/arms_472,/Game/Characters/Modular/Male/arms_472/arms_472/SkeletalMeshes/arms_472,LARM472,Yojimbo Gloves,Yojimbo Gloves
arms_473,473,141,156,104,2518,99,100000,0,,,,,18,40,10,30,125,3,234,/Game/Characters/Modular/Female/arms_473/arms_473/SkeletalMeshes/arms_473,/Game/Characters/Modular/Male/arms_473/arms_473/SkeletalMeshes/arms_473,LARM473,Zenmari Gloves,Zenmari Gloves
arms_474,474,142,125,135,2518,99,100000,0,,,,,20,40,12,30,125,3,234,/Game/Characters/Modular/Female/arms_474/arms_474/SkeletalMeshes/arms_474,/Game/Characters/Modular/Male/arms_474/arms_474/SkeletalMeshes/arms_474,LARM474,Dress Gloves,Dress Gloves
arms_475,475,143,155,113,2518,99,100000,0,,,,,18,40,11,30,125,3,234,/Game/Characters/Modular/Female/arms_475/arms_475/SkeletalMeshes/arms_475,/Game/Characters/Modular/Male/arms_475/arms_475/SkeletalMeshes/arms_475,LARM475,Kitsune Bands,Kitsune Bands
arms_476,476,141,156,104,2518,99,100000,0,,,,,20,40,10,30,125,3,234,/Game/Characters/Modular/Female/arms_476/arms_476/SkeletalMeshes/arms_476,/Game/Characters/Modular/Male/arms_476/arms_476/SkeletalMeshes/arms_476,LARM476,Flight Attendant Gloves,Flight Attendant Gloves
arms_477,477,143,150,114,2518,99,100000,0,,,,,18,40,13,30,125,3,234,/Game/Characters/Modular/Female/arms_477/arms_477/SkeletalMeshes/arms_477,/Game/Characters/Modular/Male/arms_477/arms_477/SkeletalMeshes/arms_477,LARM477,Wish Police Gloves,Wish Police Gloves
arms_478,478,143,150,114,2518,99,100000,0,,,,,18,40,13,30,125,3,234,/Game/Characters/Modular/Female/arms_478/arms_478/SkeletalMeshes/arms_478,/Game/Characters/Modular/Male/arms_478/arms_478/SkeletalMeshes/arms_478,LARM478,Bandit Cat Gloves,Bandit Cat Gloves
arms_479,479,141,156,104,2518,99,100000,0,,,,,18,40,10,30,125,3,234,/Game/Characters/Modular/Female/arms_479/arms_479/SkeletalMeshes/arms_479,/Game/Characters/Modular/Male/arms_479/arms_479/SkeletalMeshes/arms_479,LARM479,Tigra Gloves,Tigra Gloves
arms_480,480,143,150,114,2518,99,100000,0,,,,,18,40,13,30,125,3,234,/Game/Characters/Modular/Female/arms_480/arms_480/SkeletalMeshes/arms_480,/Game/Characters/Modular/Male/arms_480/arms_480/SkeletalMeshes/arms_480,LARM480,Flame Racer Gloves,Flame Racer Gloves
arms_481,481,143,150,114,2518,99,100000,0,,,,,18,40,13,30,125,3,234,/Game/Characters/Modular/Female/arms_481/arms_481/SkeletalMeshes/arms_481,/Game/Characters/Modular/Male/arms_481/arms_481/SkeletalMeshes/arms_481,LARM481,Tropical Summer Gloves,Tropical Summer Gloves
arms_482,482,141,156,104,2518,99,100000,0,,,,,20,40,10,30,125,3,234,/Game/Characters/Modular/Female/arms_482/arms_482/SkeletalMeshes/arms_482,/Game/Characters/Modular/Male/arms_482/arms_482/SkeletalMeshes/arms_482,LARM482,Tapdance Gloves,Tapdance Gloves
arms_483,483,141,156,104,2518,99,100000,0,,,,,20,40,11,30,125,3,234,/Game/Characters/Modular/Female/arms_483/arms_483/SkeletalMeshes/arms_483,/Game/Characters/Modular/Male/arms_483/arms_483/SkeletalMeshes/arms_483,LARM483,Dracula Gloves,Dracula Gloves
arms_484,484,143,155,113,2518,99,100000,0,,,,,20,40,11,30,125,3,234,/Game/Characters/Modular/Female/arms_484/arms_484/SkeletalMeshes/arms_484,/Game/Characters/Modular/Male/arms_484/arms_484/SkeletalMeshes/arms_484,LARM484,Scout Gloves,Scout Gloves
arms_485,485,143,150,114,2518,99,100000,0,,,,,18,40,13,30,125,3,234,/Game/Characters/Modular/Female/arms_485/arms_485/SkeletalMeshes/arms_485,/Game/Characters/Modular/Male/arms_485/arms_485/SkeletalMeshes/arms_485,LARM485,Silly Santa Gloves,Silly Santa Gloves
arms_486,486,143,155,113,2518,99,100000,0,,,,,18,40,11,30,125,3,234,/Game/Characters/Modular/Female/arms_486/arms_486/SkeletalMeshes/arms_486,/Game/Characters/Modular/Male/arms_486/arms_486/SkeletalMeshes/arms_486,LARM486,Kittycon Bands,Kittycon Bands
arms_487,487,143,150,114,2518,99,100000,0,,,,,19,40,13,30,125,3,234,/Game/Characters/Modular/Female/arms_487/arms_487/SkeletalMeshes/arms_487,/Game/Characters/Modular/Male/arms_487/arms_487/SkeletalMeshes/arms_487,LARM487,Mountainman Gloves,Mountainman Gloves
arms_488,488,141,156,104,2518,99,100000,0,,,,,19,40,10,30,125,3,234,/Game/Characters/Modular/Female/arms_488/arms_488/SkeletalMeshes/arms_488,/Game/Characters/Modular/Male/arms_488/arms_488/SkeletalMeshes/arms_488,LARM488,Brittish Guard Gloves,Brittish Guard Gloves
arms_489,489,143,155,113,2518,99,100000,0,,,,,20,40,11,30,125,3,234,/Game/Characters/Modular/Female/arms_489/arms_489/SkeletalMeshes/arms_489,/Game/Characters/Modular/Male/arms_489/arms_489/SkeletalMeshes/arms_489,LARM489,Fox Gloves,Fox Gloves
arms_490,490,142,125,135,2518,99,100000,0,,,,,18,40,12,30,125,3,234,/Game/Characters/Modular/Female/arms_490/arms_490/SkeletalMeshes/arms_490,/Game/Characters/Modular/Male/arms_490/arms_490/SkeletalMeshes/arms_490,LARM490,Earth Bender Gloves,Earth Bender Gloves
arms_491,491,143,150,114,2518,99,100000,0,,,,,18,40,13,30,125,3,234,/Game/Characters/Modular/Female/arms_491/arms_491/SkeletalMeshes/arms_491,/Game/Characters/Modular/Male/arms_491/arms_491/SkeletalMeshes/arms_491,LARM491,DJ Snow Gloves,DJ Snow Gloves
arms_492,492,142,125,135,2518,99,100000,0,,,,,20,40,12,30,125,3,234,/Game/Characters/Modular/Female/arms_492/arms_492/SkeletalMeshes/arms_492,/Game/Characters/Modular/Male/arms_492/arms_492/SkeletalMeshes/arms_492,LARM492,Furry Fury Paws,Furry Fury Paws
arms_493,493,143,155,113,2518,99,100000,0,,,,,18,40,11,30,125,3,234,/Game/Characters/Modular/Female/arms_493/arms_493/SkeletalMeshes/arms_493,/Game/Characters/Modular/Male/arms_493/arms_493/SkeletalMeshes/arms_493,LARM493,Crow Gloves,Crow Gloves
arms_501,501,143,7,3,520,15,750,0,31,13,,,0,0,0,0,40,2,230,/Game/Characters/Modular/Female/arms_501/arms_501/SkeletalMeshes/arms_501,/Game/Characters/Modular/Male/arms_501/arms_501/SkeletalMeshes/arms_501,LARM091,Hunter Gloves,Basic gloves for Hawkers.
arms_502,502,143,8,3,520,15,750,0,31,16,,,0,0,0,0,40,2,230,/Game/Characters/Modular/Female/arms_502/arms_502/SkeletalMeshes/arms_502,/Game/Characters/Modular/Male/arms_502/arms_502/SkeletalMeshes/arms_502,LARM091,Hunter Gloves,Basic gloves for Hawkers.
arms_503,503,143,9,4,520,15,750,0,31,19,,,0,0,0,0,41,2,230,/Game/Characters/Modular/Female/arms_503/arms_503/SkeletalMeshes/arms_503,/Game/Characters/Modular/Male/arms_503/arms_503/SkeletalMeshes/arms_503,LARM091,Hunter Gloves,Basic gloves for Hawkers.
arms_504,504,143,9,5,520,23,750,0,31,14,,,0,0,0,0,47,2,230,/Game/Characters/Modular/Female/arms_504/arms_504/SkeletalMeshes/arms_504,/Game/Characters/Modular/Male/arms_504/arms_504/SkeletalMeshes/arms_504,LARM091,Hunter Gloves,Basic gloves for Hawkers.
arms_505,505,143,11,6,520,27,750,0,31,18,,,0,0,0,0,52,2,230,/Game/Characters/Modular/Female/arms_505/arms_505/SkeletalMeshes/arms_505,/Game/Characters/Modular/Male/arms_505/arms_505/SkeletalMeshes/arms_505,LARM091,Hunter Gloves,Basic gloves for Hawkers.
arms_506,506,143,12,7,520,31,750,0,31,22,,,0,0,0,0,56,2,230,/Game/Characters/Modular/Female/arms_506/arms_506/SkeletalMeshes/arms_506,/Game/Characters/Modular/Male/arms_506/arms_506/SkeletalMeshes/arms_506,LARM091,Hunter Gloves,Basic gloves for Hawkers.
arms_507,507,143,9,4,521,21,1800,0,31,33,,,0,0,0,0,42,2,230,/Game/Characters/Modular/Female/arms_507/arms_507/SkeletalMeshes/arms_507,/Game/Characters/Modular/Male/arms_507/arms_507/SkeletalMeshes/arms_507,LARM092,Criker Gloves,Light mittens that are suitable for hunting.
arms_508,508,143,10,5,521,21,1800,0,31,36,,,0,0,0,0,43,2,230,/Game/Characters/Modular/Female/arms_508/arms_508/SkeletalMeshes/arms_508,/Game/Characters/Modular/Male/arms_508/arms_508/SkeletalMeshes/arms_508,LARM092,Criker Gloves,Light mittens that are suitable for hunting.
arms_509,509,143,11,5,521,21,1800,0,31,39,,,0,0,0,0,43,2,230,/Game/Characters/Modular/Female/arms_509/arms_509/SkeletalMeshes/arms_509,/Game/Characters/Modular/Male/arms_509/arms_509/SkeletalMeshes/arms_509,LARM092,Criker Gloves,Light mittens that are suitable for hunting.
arms_510,510,143,12,6,521,27,1800,0,31,32,,,0,0,0,0,47,2,230,/Game/Characters/Modular/Female/arms_510/arms_510/SkeletalMeshes/arms_510,/Game/Characters/Modular/Male/arms_510/arms_510/SkeletalMeshes/arms_510,LARM092,Criker Gloves,Light mittens that are suitable for hunting.
arms_511,511,143,13,7,521,30,1800,0,31,35,,,0,0,0,0,51,2,230,/Game/Characters/Modular/Female/arms_511/arms_511/SkeletalMeshes/arms_511,/Game/Characters/Modular/Male/arms_511/arms_511/SkeletalMeshes/arms_511,LARM092,Criker Gloves,Light mittens that are suitable for hunting.
arms_512,512,143,15,8,521,35,1800,0,31,40,,,0,0,0,0,56,2,230,/Game/Characters/Modular/Female/arms_512/arms_512/SkeletalMeshes/arms_512,/Game/Characters/Modular/Male/arms_512/arms_512/SkeletalMeshes/arms_512,LARM092,Criker Gloves,Light mittens that are suitable for hunting.
arms_513,513,143,17,9,521,38,1800,0,31,43,,,0,0,0,0,60,2,230,/Game/Characters/Modular/Female/arms_513/arms_513/SkeletalMeshes/arms_513,/Game/Characters/Modular/Male/arms_513/arms_513/SkeletalMeshes/arms_513,LARM092,Criker Gloves,Light mittens that are suitable for hunting.
arms_514,514,143,12,5,522,27,4050,0,31,53,,,0,0,0,0,45,2,230,/Game/Characters/Modular/Female/arms_514/arms_514/SkeletalMeshes/arms_514,/Game/Characters/Modular/Male/arms_514/arms_514/SkeletalMeshes/arms_514,LARM093,Ranger Gloves,Fashionable gloves for well-experienced hunters.
arms_515,515,143,14,6,522,27,4050,0,31,56,,,0,0,0,0,45,2,230,/Game/Characters/Modular/Female/arms_515/arms_515/SkeletalMeshes/arms_515,/Game/Characters/Modular/Male/arms_515/arms_515/SkeletalMeshes/arms_515,LARM093,Ranger Gloves,Fashionable gloves for well-experienced hunters.
arms_516,516,143,15,7,522,27,4050,0,31,59,,,0,0,0,0,45,2,230,/Game/Characters/Modular/Female/arms_516/arms_516/SkeletalMeshes/arms_516,/Game/Characters/Modular/Male/arms_516/arms_516/SkeletalMeshes/arms_516,LARM093,Ranger Gloves,Fashionable gloves for well-experienced hunters.
arms_517,517,143,15,8,522,33,4050,0,31,52,,,0,0,0,0,50,2,230,/Game/Characters/Modular/Female/arms_517/arms_517/SkeletalMeshes/arms_517,/Game/Characters/Modular/Male/arms_517/arms_517/SkeletalMeshes/arms_517,LARM093,Ranger Gloves,Fashionable gloves for well-experienced hunters.
arms_518,518,143,17,9,522,36,4050,0,31,55,,,0,0,0,0,53,2,230,/Game/Characters/Modular/Female/arms_518/arms_518/SkeletalMeshes/arms_518,/Game/Characters/Modular/Male/arms_518/arms_518/SkeletalMeshes/arms_518,LARM093,Ranger Gloves,Fashionable gloves for well-experienced hunters.
arms_519,519,143,20,10,522,41,4050,0,31,60,,,0,0,0,0,59,2,230,/Game/Characters/Modular/Female/arms_519/arms_519/SkeletalMeshes/arms_519,/Game/Characters/Modular/Male/arms_519/arms_519/SkeletalMeshes/arms_519,LARM093,Ranger Gloves,Fashionable gloves for well-experienced hunters.
arms_520,520,143,21,12,522,44,4050,0,31,63,,,0,0,0,0,62,2,230,/Game/Characters/Modular/Female/arms_520/arms_520/SkeletalMeshes/arms_520,/Game/Characters/Modular/Male/arms_520/arms_520/SkeletalMeshes/arms_520,LARM093,Ranger Gloves,Fashionable gloves for well-experienced hunters.
arms_521,521,143,17,7,523,33,9100,0,31,73,,,0,0,0,0,47,2,230,/Game/Characters/Modular/Female/arms_521/arms_521/SkeletalMeshes/arms_521,/Game/Characters/Modular/Male/arms_521/arms_521/SkeletalMeshes/arms_521,LARM094,Black Pirate Gloves,Gloves that are favored by pirates of the black sea.
arms_522,522,143,18,8,523,33,9100,0,31,76,,,0,0,0,0,48,2,230,/Game/Characters/Modular/Female/arms_522/arms_522/SkeletalMeshes/arms_522,/Game/Characters/Modular/Male/arms_522/arms_522/SkeletalMeshes/arms_522,LARM094,Black Pirate Gloves,Gloves that are favored by pirates of the black sea.
arms_523,523,143,20,9,523,33,9100,0,31,79,,,0,0,0,0,48,2,230,/Game/Characters/Modular/Female/arms_523/arms_523/SkeletalMeshes/arms_523,/Game/Characters/Modular/Male/arms_523/arms_523/SkeletalMeshes/arms_523,LARM094,Black Pirate Gloves,Gloves that are favored by pirates of the black sea.
arms_524,524,143,20,10,523,39,9100,0,31,72,,,0,0,0,0,52,2,230,/Game/Characters/Modular/Female/arms_524/arms_524/SkeletalMeshes/arms_524,/Game/Characters/Modular/Male/arms_524/arms_524/SkeletalMeshes/arms_524,LARM094,Black Pirate Gloves,Gloves that are favored by pirates of the black sea.
arms_525,525,143,22,12,523,42,9100,0,31,75,,,0,0,0,0,55,2,230,/Game/Characters/Modular/Female/arms_525/arms_525/SkeletalMeshes/arms_525,/Game/Characters/Modular/Male/arms_525/arms_525/SkeletalMeshes/arms_525,LARM094,Black Pirate Gloves,Gloves that are favored by pirates of the black sea.
arms_526,526,143,25,13,523,47,9100,0,31,80,,,0,0,0,0,61,2,230,/Game/Characters/Modular/Female/arms_526/arms_526/SkeletalMeshes/arms_526,/Game/Characters/Modular/Male/arms_526/arms_526/SkeletalMeshes/arms_526,LARM094,Black Pirate Gloves,Gloves that are favored by pirates of the black sea.
arms_527,527,143,27,15,523,50,9100,0,31,83,,,0,0,0,0,64,2,230,/Game/Characters/Modular/Female/arms_527/arms_527/SkeletalMeshes/arms_527,/Game/Characters/Modular/Male/arms_527/arms_527/SkeletalMeshes/arms_527,LARM094,Black Pirate Gloves,Gloves that are favored by pirates of the black sea.
arms_528,528,143,20,8,524,38,16450,0,31,90,,,0,0,0,0,49,5,230,/Game/Characters/Modular/Female/arms_528/arms_528/SkeletalMeshes/arms_528,/Game/Characters/Modular/Male/arms_528/arms_528/SkeletalMeshes/arms_528,LARM095,Mariner's Gloves,Gloves that are favored by people who love sailing.
arms_529,529,143,22,9,524,38,16450,0,31,93,,,0,0,0,0,50,5,230,/Game/Characters/Modular/Female/arms_529/arms_529/SkeletalMeshes/arms_529,/Game/Characters/Modular/Male/arms_529/arms_529/SkeletalMeshes/arms_529,LARM095,Mariner's Gloves,Gloves that are favored by people who love sailing.
arms_530,530,143,24,10,524,38,16450,0,31,96,,,0,0,0,0,50,5,230,/Game/Characters/Modular/Female/arms_530/arms_530/SkeletalMeshes/arms_530,/Game/Characters/Modular/Male/arms_530/arms_530/SkeletalMeshes/arms_530,LARM095,Mariner's Gloves,Gloves that are favored by people who love sailing.
arms_531,531,143,25,12,524,43,16450,0,31,89,,,0,0,0,0,53,5,230,/Game/Characters/Modular/Female/arms_531/arms_531/SkeletalMeshes/arms_531,/Game/Characters/Modular/Male/arms_531/arms_531/SkeletalMeshes/arms_531,LARM095,Mariner's Gloves,Gloves that are favored by people who love sailing.
arms_532,532,143,27,13,524,46,16450,0,31,92,,,0,0,0,0,56,5,230,/Game/Characters/Modular/Female/arms_532/arms_532/SkeletalMeshes/arms_532,/Game/Characters/Modular/Male/arms_532/arms_532/SkeletalMeshes/arms_532,LARM095,Mariner's Gloves,Gloves that are favored by people who love sailing.
arms_533,533,143,28,14,524,49,16450,0,31,95,,,0,0,0,0,60,5,230,/Game/Characters/Modular/Female/arms_533/arms_533/SkeletalMeshes/arms_533,/Game/Characters/Modular/Male/arms_533/arms_533/SkeletalMeshes/arms_533,LARM095,Mariner's Gloves,Gloves that are favored by people who love sailing.
arms_534,534,143,30,15,524,52,16450,0,31,98,,,0,0,0,0,63,5,230,/Game/Characters/Modular/Female/arms_534/arms_534/SkeletalMeshes/arms_534,/Game/Characters/Modular/Male/arms_534/arms_534/SkeletalMeshes/arms_534,LARM095,Mariner's Gloves,Gloves that are favored by people who love sailing.
arms_535,535,143,23,9,525,43,24950,0,31,106,,,0,0,0,0,51,3,230,/Game/Characters/Modular/Female/arms_535/arms_535/SkeletalMeshes/arms_535,/Game/Characters/Modular/Male/arms_535/arms_535/SkeletalMeshes/arms_535,LARM096,Jaguar Gloves,Gloves that enable its wearer to move as quickly as a jaguar.
arms_536,536,143,25,10,525,43,24950,0,31,109,,,0,0,0,0,51,3,230,/Game/Characters/Modular/Female/arms_536/arms_536/SkeletalMeshes/arms_536,/Game/Characters/Modular/Male/arms_536/arms_536/SkeletalMeshes/arms_536,LARM096,Jaguar Gloves,Gloves that enable its wearer to move as quickly as a jaguar.
arms_537,537,143,27,12,525,43,24950,0,31,112,,,0,0,0,0,52,3,230,/Game/Characters/Modular/Female/arms_537/arms_537/SkeletalMeshes/arms_537,/Game/Characters/Modular/Male/arms_537/arms_537/SkeletalMeshes/arms_537,LARM096,Jaguar Gloves,Gloves that enable its wearer to move as quickly as a jaguar.
arms_538,538,143,28,13,525,48,24950,0,31,105,,,0,0,0,0,55,3,230,/Game/Characters/Modular/Female/arms_538/arms_538/SkeletalMeshes/arms_538,/Game/Characters/Modular/Male/arms_538/arms_538/SkeletalMeshes/arms_538,LARM096,Jaguar Gloves,Gloves that enable its wearer to move as quickly as a jaguar.
arms_539,539,143,30,14,525,51,24950,0,31,108,,,0,0,0,0,58,3,230,/Game/Characters/Modular/Female/arms_539/arms_539/SkeletalMeshes/arms_539,/Game/Characters/Modular/Male/arms_539/arms_539/SkeletalMeshes/arms_539,LARM096,Jaguar Gloves,Gloves that enable its wearer to move as quickly as a jaguar.
arms_540,540,143,32,16,525,54,24950,0,31,111,,,0,0,0,0,62,3,230,/Game/Characters/Modular/Female/arms_540/arms_540/SkeletalMeshes/arms_540,/Game/Characters/Modular/Male/arms_540/arms_540/SkeletalMeshes/arms_540,LARM096,Jaguar Gloves,Gloves that enable its wearer to move as quickly as a jaguar.
arms_541,541,143,35,17,525,57,24950,0,31,114,,,0,0,0,0,65,3,230,/Game/Characters/Modular/Female/arms_541/arms_541/SkeletalMeshes/arms_541,/Game/Characters/Modular/Male/arms_541/arms_541/SkeletalMeshes/arms_541,LARM096,Jaguar Gloves,Gloves that enable its wearer to move as quickly as a jaguar.
arms_542,542,143,28,11,0,48,39600,0,31,122,,,0,0,0,0,53,3,230,/Game/Characters/Modular/Female/arms_542/arms_542/SkeletalMeshes/arms_542,/Game/Characters/Modular/Male/arms_542/arms_542/SkeletalMeshes/arms_542,LARM097,Wild Hawker Gloves,"Carrying the essence of freedom, these gloves are a necessity for the ultimate Hawker!"
arms_543,543,143,30,13,0,48,39600,0,31,125,,,0,0,0,0,53,3,230,/Game/Characters/Modular/Female/arms_543/arms_543/SkeletalMeshes/arms_543,/Game/Characters/Modular/Male/arms_543/arms_543/SkeletalMeshes/arms_543,LARM097,Wild Hawker Gloves,"Carrying the essence of freedom, these gloves are a necessity for the ultimate Hawker!"
arms_544,544,143,32,14,0,48,39600,0,31,128,,,0,0,0,0,54,3,230,/Game/Characters/Modular/Female/arms_544/arms_544/SkeletalMeshes/arms_544,/Game/Characters/Modular/Male/arms_544/arms_544/SkeletalMeshes/arms_544,LARM097,Wild Hawker Gloves,"Carrying the essence of freedom, these gloves are a necessity for the ultimate Hawker!"
arms_545,545,143,33,16,0,53,39600,0,31,121,,,0,0,0,0,57,3,230,/Game/Characters/Modular/Female/arms_545/arms_545/SkeletalMeshes/arms_545,/Game/Characters/Modular/Male/arms_545/arms_545/SkeletalMeshes/arms_545,LARM097,Wild Hawker Gloves,"Carrying the essence of freedom, these gloves are a necessity for the ultimate Hawker!"
arms_546,546,143,35,17,0,56,39600,0,31,124,,,0,0,0,0,60,3,230,/Game/Characters/Modular/Female/arms_546/arms_546/SkeletalMeshes/arms_546,/Game/Characters/Modular/Male/arms_546/arms_546/SkeletalMeshes/arms_546,LARM097,Wild Hawker Gloves,"Carrying the essence of freedom, these gloves are a necessity for the ultimate Hawker!"
arms_547,547,143,37,18,0,59,39600,0,31,127,,,0,0,0,0,64,3,230,/Game/Characters/Modular/Female/arms_547/arms_547/SkeletalMeshes/arms_547,/Game/Characters/Modular/Male/arms_547/arms_547/SkeletalMeshes/arms_547,LARM097,Wild Hawker Gloves,"Carrying the essence of freedom, these gloves are a necessity for the ultimate Hawker!"
arms_548,548,143,40,20,0,62,39600,0,31,130,,,0,0,0,0,67,3,230,/Game/Characters/Modular/Female/arms_548/arms_548/SkeletalMeshes/arms_548,/Game/Characters/Modular/Male/arms_548/arms_548/SkeletalMeshes/arms_548,LARM097,Wild Hawker Gloves,"Carrying the essence of freedom, these gloves are a necessity for the ultimate Hawker!"
arms_549,549,0,0,0,0,0,0,0,,,,,,,,,,,0,/Game/Characters/Modular/Female/arms_549/arms_549/SkeletalMeshes/arms_549,/Game/Characters/Modular/Male/arms_549/arms_549/SkeletalMeshes/arms_549,,,
arms_550,550,0,0,0,0,0,0,0,,,,,,,,,,,0,/Game/Characters/Modular/Female/arms_550/arms_550/SkeletalMeshes/arms_550,/Game/Characters/Modular/Male/arms_550/arms_550/SkeletalMeshes/arms_550,,,
arms_551,551,0,0,0,0,0,0,0,,,,,,,,,,,0,/Game/Characters/Modular/Female/arms_551/arms_551/SkeletalMeshes/arms_551,/Game/Characters/Modular/Male/arms_551/arms_551/SkeletalMeshes/arms_551,,,
arms_552,552,0,0,0,0,0,0,0,,,,,,,,,,,0,/Game/Characters/Modular/Female/arms_552/arms_552/SkeletalMeshes/arms_552,/Game/Characters/Modular/Male/arms_552/arms_552/SkeletalMeshes/arms_552,,,
arms_553,553,0,0,0,0,0,0,0,,,,,,,,,,,0,/Game/Characters/Modular/Female/arms_553/arms_553/SkeletalMeshes/arms_553,/Game/Characters/Modular/Male/arms_553/arms_553/SkeletalMeshes/arms_553,,,
arms_554,554,0,0,0,0,0,0,0,,,,,,,,,,,0,/Game/Characters/Modular/Female/arms_554/arms_554/SkeletalMeshes/arms_554,/Game/Characters/Modular/Male/arms_554/arms_554/SkeletalMeshes/arms_554,,,
arms_555,555,0,0,0,0,0,0,0,,,,,,,,,,,0,/Game/Characters/Modular/Female/arms_555/arms_555/SkeletalMeshes/arms_555,/Game/Characters/Modular/Male/arms_555/arms_555/SkeletalMeshes/arms_555,,,
arms_556,556,0,0,0,0,0,0,0,,,,,,,,,,,0,/Game/Characters/Modular/Female/arms_556/arms_556/SkeletalMeshes/arms_556,/Game/Characters/Modular/Male/arms_556/arms_556/SkeletalMeshes/arms_556,,,
arms_557,557,0,0,0,0,0,0,0,,,,,,,,,,,0,/Game/Characters/Modular/Female/arms_557/arms_557/SkeletalMeshes/arms_557,/Game/Characters/Modular/Male/arms_557/arms_557/SkeletalMeshes/arms_557,,,
arms_558,558,0,0,0,0,0,0,0,,,,,,,,,,,0,/Game/Characters/Modular/Female/arms_558/arms_558/SkeletalMeshes/arms_558,/Game/Characters/Modular/Male/arms_558/arms_558/SkeletalMeshes/arms_558,,,
arms_559,559,0,0,0,0,0,0,0,,,,,,,,,,,0,/Game/Characters/Modular/Female/arms_559/arms_559/SkeletalMeshes/arms_559,/Game/Characters/Modular/Male/arms_559/arms_559/SkeletalMeshes/arms_559,,,
arms_560,560,0,0,0,0,0,0,0,,,,,,,,,,,0,/Game/Characters/Modular/Female/arms_560/arms_560/SkeletalMeshes/arms_560,/Game/Characters/Modular/Male/arms_560/arms_560/SkeletalMeshes/arms_560,,,
arms_561,561,0,0,0,0,0,0,0,,,,,,,,,,,0,/Game/Characters/Modular/Female/arms_561/arms_561/SkeletalMeshes/arms_561,/Game/Characters/Modular/Male/arms_561/arms_561/SkeletalMeshes/arms_561,,,
arms_562,562,0,0,0,0,0,0,0,,,,,,,,,,,0,/Game/Characters/Modular/Female/arms_562/arms_562/SkeletalMeshes/arms_562,/Game/Characters/Modular/Male/arms_562/arms_562/SkeletalMeshes/arms_562,,,
arms_563,563,0,0,0,0,0,0,0,,,,,,,,,,,0,/Game/Characters/Modular/Female/arms_563/arms_563/SkeletalMeshes/arms_563,/Game/Characters/Modular/Male/arms_563/arms_563/SkeletalMeshes/arms_563,,,
arms_564,564,0,0,0,0,0,0,0,,,,,,,,,,,0,/Game/Characters/Modular/Female/arms_564/arms_564/SkeletalMeshes/arms_564,/Game/Characters/Modular/Male/arms_564/arms_564/SkeletalMeshes/arms_564,,,
arms_565,565,0,0,0,0,0,0,0,,,,,,,,,,,0,/Game/Characters/Modular/Female/arms_565/arms_565/SkeletalMeshes/arms_565,/Game/Characters/Modular/Male/arms_565/arms_565/SkeletalMeshes/arms_565,,,
arms_566,566,0,0,0,0,0,0,0,,,,,,,,,,,0,/Game/Characters/Modular/Female/arms_566/arms_566/SkeletalMeshes/arms_566,/Game/Characters/Modular/Male/arms_566/arms_566/SkeletalMeshes/arms_566,,,
arms_567,567,0,0,0,0,0,0,0,,,,,,,,,,,0,/Game/Characters/Modular/Female/arms_567/arms_567/SkeletalMeshes/arms_567,/Game/Characters/Modular/Male/arms_567/arms_567/SkeletalMeshes/arms_567,,,
arms_568,568,0,0,0,0,0,0,0,,,,,,,,,,,0,/Game/Characters/Modular/Female/arms_568/arms_568/SkeletalMeshes/arms_568,/Game/Characters/Modular/Male/arms_568/arms_568/SkeletalMeshes/arms_568,,,
arms_569,569,0,0,0,0,0,0,0,,,,,,,,,,,0,/Game/Characters/Modular/Female/arms_569/arms_569/SkeletalMeshes/arms_569,/Game/Characters/Modular/Male/arms_569/arms_569/SkeletalMeshes/arms_569,,,
arms_570,570,0,0,0,0,0,0,0,,,,,,,,,,,0,/Game/Characters/Modular/Female/arms_570/arms_570/SkeletalMeshes/arms_570,/Game/Characters/Modular/Male/arms_570/arms_570/SkeletalMeshes/arms_570,,,
arms_571,571,0,0,0,0,0,0,0,,,,,,,,,,,0,/Game/Characters/Modular/Female/arms_571/arms_571/SkeletalMeshes/arms_571,/Game/Characters/Modular/Male/arms_571/arms_571/SkeletalMeshes/arms_571,,,
arms_572,572,0,0,0,0,0,0,0,,,,,,,,,,,0,/Game/Characters/Modular/Female/arms_572/arms_572/SkeletalMeshes/arms_572,/Game/Characters/Modular/Male/arms_572/arms_572/SkeletalMeshes/arms_572,,,
arms_573,573,0,0,0,0,0,0,0,,,,,,,,,,,0,/Game/Characters/Modular/Female/arms_573/arms_573/SkeletalMeshes/arms_573,/Game/Characters/Modular/Male/arms_573/arms_573/SkeletalMeshes/arms_573,,,
arms_574,574,0,0,0,0,0,0,0,,,,,,,,,,,0,/Game/Characters/Modular/Female/arms_574/arms_574/SkeletalMeshes/arms_574,/Game/Characters/Modular/Male/arms_574/arms_574/SkeletalMeshes/arms_574,,,
arms_575,575,0,0,0,0,0,0,0,,,,,,,,,,,0,/Game/Characters/Modular/Female/arms_575/arms_575/SkeletalMeshes/arms_575,/Game/Characters/Modular/Male/arms_575/arms_575/SkeletalMeshes/arms_575,,,
arms_576,576,0,0,0,0,0,0,0,,,,,,,,,,,0,/Game/Characters/Modular/Female/arms_576/arms_576/SkeletalMeshes/arms_576,/Game/Characters/Modular/Male/arms_576/arms_576/SkeletalMeshes/arms_576,,,
arms_577,577,0,0,0,0,0,0,0,,,,,,,,,,,0,/Game/Characters/Modular/Female/arms_577/arms_577/SkeletalMeshes/arms_577,/Game/Characters/Modular/Male/arms_577/arms_577/SkeletalMeshes/arms_577,,,
arms_578,578,0,0,0,0,0,0,0,,,,,,,,,,,0,/Game/Characters/Modular/Female/arms_578/arms_578/SkeletalMeshes/arms_578,/Game/Characters/Modular/Male/arms_578/arms_578/SkeletalMeshes/arms_578,,,
arms_579,579,0,0,0,0,0,0,0,,,,,,,,,,,0,/Game/Characters/Modular/Female/arms_579/arms_579/SkeletalMeshes/arms_579,/Game/Characters/Modular/Male/arms_579/arms_579/SkeletalMeshes/arms_579,,,
arms_580,580,0,0,0,0,0,0,0,,,,,,,,,,,0,/Game/Characters/Modular/Female/arms_580/arms_580/SkeletalMeshes/arms_580,/Game/Characters/Modular/Male/arms_580/arms_580/SkeletalMeshes/arms_580,,,
arms_581,581,0,0,0,0,0,0,0,,,,,,,,,,,0,/Game/Characters/Modular/Female/arms_581/arms_581/SkeletalMeshes/arms_581,/Game/Characters/Modular/Male/arms_581/arms_581/SkeletalMeshes/arms_581,,,
arms_582,582,0,0,0,0,0,0,0,,,,,,,,,,,0,/Game/Characters/Modular/Female/arms_582/arms_582/SkeletalMeshes/arms_582,/Game/Characters/Modular/Male/arms_582/arms_582/SkeletalMeshes/arms_582,,,
arms_583,583,0,0,0,0,0,0,0,,,,,,,,,,,0,/Game/Characters/Modular/Female/arms_583/arms_583/SkeletalMeshes/arms_583,/Game/Characters/Modular/Male/arms_583/arms_583/SkeletalMeshes/arms_583,,,
arms_584,584,0,0,0,0,0,0,0,,,,,,,,,,,0,/Game/Characters/Modular/Female/arms_584/arms_584/SkeletalMeshes/arms_584,/Game/Characters/Modular/Male/arms_584/arms_584/SkeletalMeshes/arms_584,,,
arms_585,585,0,0,0,0,0,0,0,,,,,,,,,,,0,/Game/Characters/Modular/Female/arms_585/arms_585/SkeletalMeshes/arms_585,/Game/Characters/Modular/Male/arms_585/arms_585/SkeletalMeshes/arms_585,,,
arms_601,601,143,7,3,546,18,900,0,31,13,,,0,0,0,0,40,2,238,/Game/Characters/Modular/Female/arms_601/arms_601/SkeletalMeshes/arms_601,/Game/Characters/Modular/Male/arms_601/arms_601/SkeletalMeshes/arms_601,LARM121,Brown Gloves,Gloves for new merchants.
arms_602,602,143,8,3,546,18,900,0,31,16,,,0,0,0,0,40,2,238,/Game/Characters/Modular/Female/arms_602/arms_602/SkeletalMeshes/arms_602,/Game/Characters/Modular/Male/arms_602/arms_602/SkeletalMeshes/arms_602,LARM121,Brown Gloves,Gloves for new merchants.
arms_603,603,143,9,4,546,18,900,0,31,19,,,0,0,0,0,41,2,238,/Game/Characters/Modular/Female/arms_603/arms_603/SkeletalMeshes/arms_603,/Game/Characters/Modular/Male/arms_603/arms_603/SkeletalMeshes/arms_603,LARM121,Brown Gloves,Gloves for new merchants.
arms_604,604,143,9,5,546,26,900,0,31,14,,,0,0,0,0,47,2,238,/Game/Characters/Modular/Female/arms_604/arms_604/SkeletalMeshes/arms_604,/Game/Characters/Modular/Male/arms_604/arms_604/SkeletalMeshes/arms_604,LARM121,Brown Gloves,Gloves for new merchants.
arms_605,605,143,11,6,546,30,900,0,31,18,,,0,0,0,0,52,2,238,/Game/Characters/Modular/Female/arms_605/arms_605/SkeletalMeshes/arms_605,/Game/Characters/Modular/Male/arms_605/arms_605/SkeletalMeshes/arms_605,LARM121,Brown Gloves,Gloves for new merchants.
arms_606,606,143,12,7,546,34,900,0,31,22,,,0,0,0,0,56,2,238,/Game/Characters/Modular/Female/arms_606/arms_606/SkeletalMeshes/arms_606,/Game/Characters/Modular/Male/arms_606/arms_606/SkeletalMeshes/arms_606,LARM121,Brown Gloves,Gloves for new merchants.
arms_607,607,143,9,4,547,24,2050,0,31,33,,,0,0,0,0,42,2,238,/Game/Characters/Modular/Female/arms_607/arms_607/SkeletalMeshes/arms_607,/Game/Characters/Modular/Male/arms_607/arms_607/SkeletalMeshes/arms_607,LARM122,Vibe Gloves,Gloves for people that just started to understand trading theory.
arms_608,608,143,10,5,547,24,2050,0,31,36,,,0,0,0,0,43,2,238,/Game/Characters/Modular/Female/arms_608/arms_608/SkeletalMeshes/arms_608,/Game/Characters/Modular/Male/arms_608/arms_608/SkeletalMeshes/arms_608,LARM122,Vibe Gloves,Gloves for people that just started to understand trading theory.
arms_609,609,143,11,5,547,24,2050,0,31,39,,,0,0,0,0,43,2,238,/Game/Characters/Modular/Female/arms_609/arms_609/SkeletalMeshes/arms_609,/Game/Characters/Modular/Male/arms_609/arms_609/SkeletalMeshes/arms_609,LARM122,Vibe Gloves,Gloves for people that just started to understand trading theory.
arms_610,610,143,12,6,547,30,2050,0,31,32,,,0,0,0,0,47,2,238,/Game/Characters/Modular/Female/arms_610/arms_610/SkeletalMeshes/arms_610,/Game/Characters/Modular/Male/arms_610/arms_610/SkeletalMeshes/arms_610,LARM122,Vibe Gloves,Gloves for people that just started to understand trading theory.
arms_611,611,143,13,7,547,33,2050,0,31,35,,,0,0,0,0,51,2,238,/Game/Characters/Modular/Female/arms_611/arms_611/SkeletalMeshes/arms_611,/Game/Characters/Modular/Male/arms_611/arms_611/SkeletalMeshes/arms_611,LARM122,Vibe Gloves,Gloves for people that just started to understand trading theory.
arms_612,612,143,15,8,547,38,2050,0,31,40,,,0,0,0,0,56,2,238,/Game/Characters/Modular/Female/arms_612/arms_612/SkeletalMeshes/arms_612,/Game/Characters/Modular/Male/arms_612/arms_612/SkeletalMeshes/arms_612,LARM122,Vibe Gloves,Gloves for people that just started to understand trading theory.
arms_613,613,143,17,9,547,41,2050,0,31,43,,,0,0,0,0,60,2,238,/Game/Characters/Modular/Female/arms_613/arms_613/SkeletalMeshes/arms_613,/Game/Characters/Modular/Male/arms_613/arms_613/SkeletalMeshes/arms_613,LARM122,Vibe Gloves,Gloves for people that just started to understand trading theory.
arms_614,614,143,12,5,548,30,4550,0,31,53,,,0,0,0,0,45,2,238,/Game/Characters/Modular/Female/arms_614/arms_614/SkeletalMeshes/arms_614,/Game/Characters/Modular/Male/arms_614/arms_614/SkeletalMeshes/arms_614,LARM123,Tamiya Gloves,"Thick, lightweight gloves for young peddlers."
arms_615,615,143,14,6,548,30,4550,0,31,56,,,0,0,0,0,45,2,238,/Game/Characters/Modular/Female/arms_615/arms_615/SkeletalMeshes/arms_615,/Game/Characters/Modular/Male/arms_615/arms_615/SkeletalMeshes/arms_615,LARM123,Tamiya Gloves,"Thick, lightweight gloves for young peddlers."
arms_616,616,143,15,7,548,30,4550,0,31,59,,,0,0,0,0,45,2,238,/Game/Characters/Modular/Female/arms_616/arms_616/SkeletalMeshes/arms_616,/Game/Characters/Modular/Male/arms_616/arms_616/SkeletalMeshes/arms_616,LARM123,Tamiya Gloves,"Thick, lightweight gloves for young peddlers."
arms_617,617,143,15,8,548,36,4550,0,31,52,,,0,0,0,0,50,2,238,/Game/Characters/Modular/Female/arms_617/arms_617/SkeletalMeshes/arms_617,/Game/Characters/Modular/Male/arms_617/arms_617/SkeletalMeshes/arms_617,LARM123,Tamiya Gloves,"Thick, lightweight gloves for young peddlers."
arms_618,618,143,17,9,548,39,4550,0,31,55,,,0,0,0,0,53,2,238,/Game/Characters/Modular/Female/arms_618/arms_618/SkeletalMeshes/arms_618,/Game/Characters/Modular/Male/arms_618/arms_618/SkeletalMeshes/arms_618,LARM123,Tamiya Gloves,"Thick, lightweight gloves for young peddlers."
arms_619,619,143,20,10,548,44,4550,0,31,60,,,0,0,0,0,59,2,238,/Game/Characters/Modular/Female/arms_619/arms_619/SkeletalMeshes/arms_619,/Game/Characters/Modular/Male/arms_619/arms_619/SkeletalMeshes/arms_619,LARM123,Tamiya Gloves,"Thick, lightweight gloves for young peddlers."
arms_620,620,143,21,12,548,47,4550,0,31,63,,,0,0,0,0,62,2,238,/Game/Characters/Modular/Female/arms_620/arms_620/SkeletalMeshes/arms_620,/Game/Characters/Modular/Male/arms_620/arms_620/SkeletalMeshes/arms_620,LARM123,Tamiya Gloves,"Thick, lightweight gloves for young peddlers."
arms_621,621,143,17,7,549,35,9700,0,31,73,,,0,0,0,0,47,2,238,/Game/Characters/Modular/Female/arms_621/arms_621/SkeletalMeshes/arms_621,/Game/Characters/Modular/Male/arms_621/arms_621/SkeletalMeshes/arms_621,LARM124,Semiya Gloves,"Thick, lightweight gloves for intermediate peddlers."
arms_622,622,143,18,8,549,35,9700,0,31,76,,,0,0,0,0,48,2,238,/Game/Characters/Modular/Female/arms_622/arms_622/SkeletalMeshes/arms_622,/Game/Characters/Modular/Male/arms_622/arms_622/SkeletalMeshes/arms_622,LARM124,Semiya Gloves,"Thick, lightweight gloves for intermediate peddlers."
arms_623,623,143,20,9,549,35,9700,0,31,79,,,0,0,0,0,48,2,238,/Game/Characters/Modular/Female/arms_623/arms_623/SkeletalMeshes/arms_623,/Game/Characters/Modular/Male/arms_623/arms_623/SkeletalMeshes/arms_623,LARM124,Semiya Gloves,"Thick, lightweight gloves for intermediate peddlers."
arms_624,624,143,20,10,549,41,9700,0,31,72,,,0,0,0,0,52,2,238,/Game/Characters/Modular/Female/arms_624/arms_624/SkeletalMeshes/arms_624,/Game/Characters/Modular/Male/arms_624/arms_624/SkeletalMeshes/arms_624,LARM124,Semiya Gloves,"Thick, lightweight gloves for intermediate peddlers."
arms_625,625,143,22,12,549,44,9700,0,31,75,,,0,0,0,0,55,2,238,/Game/Characters/Modular/Female/arms_625/arms_625/SkeletalMeshes/arms_625,/Game/Characters/Modular/Male/arms_625/arms_625/SkeletalMeshes/arms_625,LARM124,Semiya Gloves,"Thick, lightweight gloves for intermediate peddlers."
arms_626,626,143,25,13,549,49,9700,0,31,80,,,0,0,0,0,61,2,238,/Game/Characters/Modular/Female/arms_626/arms_626/SkeletalMeshes/arms_626,/Game/Characters/Modular/Male/arms_626/arms_626/SkeletalMeshes/arms_626,LARM124,Semiya Gloves,"Thick, lightweight gloves for intermediate peddlers."
arms_627,627,143,27,15,549,52,9700,0,31,83,,,0,0,0,0,64,2,238,/Game/Characters/Modular/Female/arms_627/arms_627/SkeletalMeshes/arms_627,/Game/Characters/Modular/Male/arms_627/arms_627/SkeletalMeshes/arms_627,LARM124,Semiya Gloves,"Thick, lightweight gloves for intermediate peddlers."
arms_628,628,143,19,8,550,41,16350,0,31,90,,,0,0,0,0,49,2,238,/Game/Characters/Modular/Female/arms_628/arms_628/SkeletalMeshes/arms_628,/Game/Characters/Modular/Male/arms_628/arms_628/SkeletalMeshes/arms_628,LARM125,Merchant Gloves,Sophisticated gloves for well-experienced peddlers.
arms_629,629,143,21,9,550,41,16350,0,31,93,,,0,0,0,0,50,2,238,/Game/Characters/Modular/Female/arms_629/arms_629/SkeletalMeshes/arms_629,/Game/Characters/Modular/Male/arms_629/arms_629/SkeletalMeshes/arms_629,LARM125,Merchant Gloves,Sophisticated gloves for well-experienced peddlers.
arms_630,630,143,23,10,550,41,16350,0,31,96,,,0,0,0,0,50,2,238,/Game/Characters/Modular/Female/arms_630/arms_630/SkeletalMeshes/arms_630,/Game/Characters/Modular/Male/arms_630/arms_630/SkeletalMeshes/arms_630,LARM125,Merchant Gloves,Sophisticated gloves for well-experienced peddlers.
arms_631,631,143,24,12,550,46,16350,0,31,89,,,0,0,0,0,53,2,238,/Game/Characters/Modular/Female/arms_631/arms_631/SkeletalMeshes/arms_631,/Game/Characters/Modular/Male/arms_631/arms_631/SkeletalMeshes/arms_631,LARM125,Merchant Gloves,Sophisticated gloves for well-experienced peddlers.
arms_632,632,143,26,13,550,49,16350,0,31,92,,,0,0,0,0,56,2,238,/Game/Characters/Modular/Female/arms_632/arms_632/SkeletalMeshes/arms_632,/Game/Characters/Modular/Male/arms_632/arms_632/SkeletalMeshes/arms_632,LARM125,Merchant Gloves,Sophisticated gloves for well-experienced peddlers.
arms_633,633,143,27,14,550,52,16350,0,31,95,,,0,0,0,0,60,2,238,/Game/Characters/Modular/Female/arms_633/arms_633/SkeletalMeshes/arms_633,/Game/Characters/Modular/Male/arms_633/arms_633/SkeletalMeshes/arms_633,LARM125,Merchant Gloves,Sophisticated gloves for well-experienced peddlers.
arms_634,634,143,29,15,550,55,16350,0,31,98,,,0,0,0,0,63,2,238,/Game/Characters/Modular/Female/arms_634/arms_634/SkeletalMeshes/arms_634,/Game/Characters/Modular/Male/arms_634/arms_634/SkeletalMeshes/arms_634,LARM125,Merchant Gloves,Sophisticated gloves for well-experienced peddlers.
arms_635,635,143,23,9,551,45,26250,0,31,106,,,0,0,0,0,51,2,238,/Game/Characters/Modular/Female/arms_635/arms_635/SkeletalMeshes/arms_635,/Game/Characters/Modular/Male/arms_635/arms_635/SkeletalMeshes/arms_635,LARM126,Rich Merchant Gloves,Suave and sophisticated gloves for well-experienced peddlers.
arms_636,636,143,25,10,551,45,26250,0,31,109,,,0,0,0,0,51,2,238,/Game/Characters/Modular/Female/arms_636/arms_636/SkeletalMeshes/arms_636,/Game/Characters/Modular/Male/arms_636/arms_636/SkeletalMeshes/arms_636,LARM126,Rich Merchant Gloves,Suave and sophisticated gloves for well-experienced peddlers.
arms_637,637,143,27,12,551,45,26250,0,31,112,,,0,0,0,0,52,2,238,/Game/Characters/Modular/Female/arms_637/arms_637/SkeletalMeshes/arms_637,/Game/Characters/Modular/Male/arms_637/arms_637/SkeletalMeshes/arms_637,LARM126,Rich Merchant Gloves,Suave and sophisticated gloves for well-experienced peddlers.
arms_638,638,143,28,13,551,50,26250,0,31,105,,,0,0,0,0,55,2,238,/Game/Characters/Modular/Female/arms_638/arms_638/SkeletalMeshes/arms_638,/Game/Characters/Modular/Male/arms_638/arms_638/SkeletalMeshes/arms_638,LARM126,Rich Merchant Gloves,Suave and sophisticated gloves for well-experienced peddlers.
arms_639,639,143,30,14,551,53,26250,0,31,108,,,0,0,0,0,58,2,238,/Game/Characters/Modular/Female/arms_639/arms_639/SkeletalMeshes/arms_639,/Game/Characters/Modular/Male/arms_639/arms_639/SkeletalMeshes/arms_639,LARM126,Rich Merchant Gloves,Suave and sophisticated gloves for well-experienced peddlers.
arms_640,640,143,32,16,551,56,26250,0,31,111,,,0,0,0,0,62,2,238,/Game/Characters/Modular/Female/arms_640/arms_640/SkeletalMeshes/arms_640,/Game/Characters/Modular/Male/arms_640/arms_640/SkeletalMeshes/arms_640,LARM126,Rich Merchant Gloves,Suave and sophisticated gloves for well-experienced peddlers.
arms_641,641,143,35,17,551,59,26250,0,31,114,,,0,0,0,0,65,2,238,/Game/Characters/Modular/Female/arms_641/arms_641/SkeletalMeshes/arms_641,/Game/Characters/Modular/Male/arms_641/arms_641/SkeletalMeshes/arms_641,LARM126,Rich Merchant Gloves,Suave and sophisticated gloves for well-experienced peddlers.
arms_642,642,143,28,11,0,50,41450,0,31,122,,,0,0,0,0,53,2,238,/Game/Characters/Modular/Female/arms_642/arms_642/SkeletalMeshes/arms_642,/Game/Characters/Modular/Male/arms_642/arms_642/SkeletalMeshes/arms_642,LARM127,Redfield Chairman Gloves,High-quality gloves for a person of high esteem. It commands respect!
arms_643,643,143,30,13,0,50,41450,0,31,125,,,0,0,0,0,53,2,238,/Game/Characters/Modular/Female/arms_643/arms_643/SkeletalMeshes/arms_643,/Game/Characters/Modular/Male/arms_643/arms_643/SkeletalMeshes/arms_643,LARM127,Redfield Chairman Gloves,High-quality gloves for a person of high esteem. It commands respect!
arms_644,644,143,32,14,0,50,41450,0,31,128,,,0,0,0,0,54,2,238,/Game/Characters/Modular/Female/arms_644/arms_644/SkeletalMeshes/arms_644,/Game/Characters/Modular/Male/arms_644/arms_644/SkeletalMeshes/arms_644,LARM127,Redfield Chairman Gloves,High-quality gloves for a person of high esteem. It commands respect!
arms_645,645,143,33,16,0,55,41450,0,31,121,,,0,0,0,0,57,2,238,/Game/Characters/Modular/Female/arms_645/arms_645/SkeletalMeshes/arms_645,/Game/Characters/Modular/Male/arms_645/arms_645/SkeletalMeshes/arms_645,LARM127,Redfield Chairman Gloves,High-quality gloves for a person of high esteem. It commands respect!
arms_646,646,143,35,17,0,58,41450,0,31,124,,,0,0,0,0,60,2,238,/Game/Characters/Modular/Female/arms_646/arms_646/SkeletalMeshes/arms_646,/Game/Characters/Modular/Male/arms_646/arms_646/SkeletalMeshes/arms_646,LARM127,Redfield Chairman Gloves,High-quality gloves for a person of high esteem. It commands respect!
arms_647,647,143,37,18,0,61,41450,0,31,127,,,0,0,0,0,64,2,238,/Game/Characters/Modular/Female/arms_647/arms_647/SkeletalMeshes/arms_647,/Game/Characters/Modular/Male/arms_647/arms_647/SkeletalMeshes/arms_647,LARM127,Redfield Chairman Gloves,High-quality gloves for a person of high esteem. It commands respect!
arms_648,648,143,40,20,0,64,41450,0,31,130,,,0,0,0,0,67,2,238,/Game/Characters/Modular/Female/arms_648/arms_648/SkeletalMeshes/arms_648,/Game/Characters/Modular/Male/arms_648/arms_648/SkeletalMeshes/arms_648,LARM127,Redfield Chairman Gloves,High-quality gloves for a person of high esteem. It commands respect!
arms_649,649,0,0,0,0,0,0,0,,,,,,,,,,,0,/Game/Characters/Modular/Female/arms_649/arms_649/SkeletalMeshes/arms_649,/Game/Characters/Modular/Male/arms_649/arms_649/SkeletalMeshes/arms_649,,,
arms_650,650,0,0,0,0,0,0,0,,,,,,,,,,,0,/Game/Characters/Modular/Female/arms_650/arms_650/SkeletalMeshes/arms_650,/Game/Characters/Modular/Male/arms_650/arms_650/SkeletalMeshes/arms_650,,,
arms_651,651,0,0,0,0,0,0,0,,,,,,,,,,,0,/Game/Characters/Modular/Female/arms_651/arms_651/SkeletalMeshes/arms_651,/Game/Characters/Modular/Male/arms_651/arms_651/SkeletalMeshes/arms_651,,,
arms_652,652,0,0,0,0,0,0,0,,,,,,,,,,,0,/Game/Characters/Modular/Female/arms_652/arms_652/SkeletalMeshes/arms_652,/Game/Characters/Modular/Male/arms_652/arms_652/SkeletalMeshes/arms_652,,,
arms_653,653,0,0,0,0,0,0,0,,,,,,,,,,,0,/Game/Characters/Modular/Female/arms_653/arms_653/SkeletalMeshes/arms_653,/Game/Characters/Modular/Male/arms_653/arms_653/SkeletalMeshes/arms_653,,,
arms_654,654,0,0,0,0,0,0,0,,,,,,,,,,,0,/Game/Characters/Modular/Female/arms_654/arms_654/SkeletalMeshes/arms_654,/Game/Characters/Modular/Male/arms_654/arms_654/SkeletalMeshes/arms_654,,,
arms_655,655,0,0,0,0,0,0,0,,,,,,,,,,,0,/Game/Characters/Modular/Female/arms_655/arms_655/SkeletalMeshes/arms_655,/Game/Characters/Modular/Male/arms_655/arms_655/SkeletalMeshes/arms_655,,,
arms_656,656,0,0,0,0,0,0,0,,,,,,,,,,,0,/Game/Characters/Modular/Female/arms_656/arms_656/SkeletalMeshes/arms_656,/Game/Characters/Modular/Male/arms_656/arms_656/SkeletalMeshes/arms_656,,,
arms_657,657,0,0,0,0,0,0,0,,,,,,,,,,,0,/Game/Characters/Modular/Female/arms_657/arms_657/SkeletalMeshes/arms_657,/Game/Characters/Modular/Male/arms_657/arms_657/SkeletalMeshes/arms_657,,,
arms_658,658,0,0,0,0,0,0,0,,,,,,,,,,,0,/Game/Characters/Modular/Female/arms_658/arms_658/SkeletalMeshes/arms_658,/Game/Characters/Modular/Male/arms_658/arms_658/SkeletalMeshes/arms_658,,,
arms_659,659,0,0,0,0,0,0,0,,,,,,,,,,,0,/Game/Characters/Modular/Female/arms_659/arms_659/SkeletalMeshes/arms_659,/Game/Characters/Modular/Male/arms_659/arms_659/SkeletalMeshes/arms_659,,,
arms_660,660,0,0,0,0,0,0,0,,,,,,,,,,,0,/Game/Characters/Modular/Female/arms_660/arms_660/SkeletalMeshes/arms_660,/Game/Characters/Modular/Male/arms_660/arms_660/SkeletalMeshes/arms_660,,,
arms_661,661,0,0,0,0,0,0,0,,,,,,,,,,,0,/Game/Characters/Modular/Female/arms_661/arms_661/SkeletalMeshes/arms_661,/Game/Characters/Modular/Male/arms_661/arms_661/SkeletalMeshes/arms_661,,,
arms_662,662,0,0,0,0,0,0,0,,,,,,,,,,,0,/Game/Characters/Modular/Female/arms_662/arms_662/SkeletalMeshes/arms_662,/Game/Characters/Modular/Male/arms_662/arms_662/SkeletalMeshes/arms_662,,,
arms_663,663,0,0,0,0,0,0,0,,,,,,,,,,,0,/Game/Characters/Modular/Female/arms_663/arms_663/SkeletalMeshes/arms_663,/Game/Characters/Modular/Male/arms_663/arms_663/SkeletalMeshes/arms_663,,,
arms_664,664,0,0,0,0,0,0,0,,,,,,,,,,,0,/Game/Characters/Modular/Female/arms_664/arms_664/SkeletalMeshes/arms_664,/Game/Characters/Modular/Male/arms_664/arms_664/SkeletalMeshes/arms_664,,,
arms_665,665,0,0,0,0,0,0,0,,,,,,,,,,,0,/Game/Characters/Modular/Female/arms_665/arms_665/SkeletalMeshes/arms_665,/Game/Characters/Modular/Male/arms_665/arms_665/SkeletalMeshes/arms_665,,,
arms_666,666,0,0,0,0,0,0,0,,,,,,,,,,,0,/Game/Characters/Modular/Female/arms_666/arms_666/SkeletalMeshes/arms_666,/Game/Characters/Modular/Male/arms_666/arms_666/SkeletalMeshes/arms_666,,,
arms_667,667,0,0,0,0,0,0,0,,,,,,,,,,,0,/Game/Characters/Modular/Female/arms_667/arms_667/SkeletalMeshes/arms_667,/Game/Characters/Modular/Male/arms_667/arms_667/SkeletalMeshes/arms_667,,,
arms_668,668,0,0,0,0,0,0,0,,,,,,,,,,,0,/Game/Characters/Modular/Female/arms_668/arms_668/SkeletalMeshes/arms_668,/Game/Characters/Modular/Male/arms_668/arms_668/SkeletalMeshes/arms_668,,,
arms_669,669,0,0,0,0,0,0,0,,,,,,,,,,,0,/Game/Characters/Modular/Female/arms_669/arms_669/SkeletalMeshes/arms_669,/Game/Characters/Modular/Male/arms_669/arms_669/SkeletalMeshes/arms_669,,,
arms_670,670,0,0,0,0,0,0,0,,,,,,,,,,,0,/Game/Characters/Modular/Female/arms_670/arms_670/SkeletalMeshes/arms_670,/Game/Characters/Modular/Male/arms_670/arms_670/SkeletalMeshes/arms_670,,,
arms_671,671,0,0,0,0,0,0,0,,,,,,,,,,,0,/Game/Characters/Modular/Female/arms_671/arms_671/SkeletalMeshes/arms_671,/Game/Characters/Modular/Male/arms_671/arms_671/SkeletalMeshes/arms_671,,,
arms_672,672,0,0,0,0,0,0,0,,,,,,,,,,,0,/Game/Characters/Modular/Female/arms_672/arms_672/SkeletalMeshes/arms_672,/Game/Characters/Modular/Male/arms_672/arms_672/SkeletalMeshes/arms_672,,,
arms_673,673,0,0,0,0,0,0,0,,,,,,,,,,,0,/Game/Characters/Modular/Female/arms_673/arms_673/SkeletalMeshes/arms_673,/Game/Characters/Modular/Male/arms_673/arms_673/SkeletalMeshes/arms_673,,,
arms_674,674,0,0,0,0,0,0,0,,,,,,,,,,,0,/Game/Characters/Modular/Female/arms_674/arms_674/SkeletalMeshes/arms_674,/Game/Characters/Modular/Male/arms_674/arms_674/SkeletalMeshes/arms_674,,,
arms_675,675,0,0,0,0,0,0,0,,,,,,,,,,,0,/Game/Characters/Modular/Female/arms_675/arms_675/SkeletalMeshes/arms_675,/Game/Characters/Modular/Male/arms_675/arms_675/SkeletalMeshes/arms_675,,,
arms_676,676,0,0,0,0,0,0,0,,,,,,,,,,,0,/Game/Characters/Modular/Female/arms_676/arms_676/SkeletalMeshes/arms_676,/Game/Characters/Modular/Male/arms_676/arms_676/SkeletalMeshes/arms_676,,,
arms_677,677,0,0,0,0,0,0,0,,,,,,,,,,,0,/Game/Characters/Modular/Female/arms_677/arms_677/SkeletalMeshes/arms_677,/Game/Characters/Modular/Male/arms_677/arms_677/SkeletalMeshes/arms_677,,,
arms_678,678,0,0,0,0,0,0,0,,,,,,,,,,,0,/Game/Characters/Modular/Female/arms_678/arms_678/SkeletalMeshes/arms_678,/Game/Characters/Modular/Male/arms_678/arms_678/SkeletalMeshes/arms_678,,,
arms_679,679,0,0,0,0,0,0,0,,,,,,,,,,,0,/Game/Characters/Modular/Female/arms_679/arms_679/SkeletalMeshes/arms_679,/Game/Characters/Modular/Male/arms_679/arms_679/SkeletalMeshes/arms_679,,,
arms_680,680,0,0,0,0,0,0,0,,,,,,,,,,,0,/Game/Characters/Modular/Female/arms_680/arms_680/SkeletalMeshes/arms_680,/Game/Characters/Modular/Male/arms_680/arms_680/SkeletalMeshes/arms_680,,,
arms_681,681,0,0,0,0,0,0,0,,,,,,,,,,,0,/Game/Characters/Modular/Female/arms_681/arms_681/SkeletalMeshes/arms_681,/Game/Characters/Modular/Male/arms_681/arms_681/SkeletalMeshes/arms_681,,,
arms_682,682,0,0,0,0,0,0,0,,,,,,,,,,,0,/Game/Characters/Modular/Female/arms_682/arms_682/SkeletalMeshes/arms_682,/Game/Characters/Modular/Male/arms_682/arms_682/SkeletalMeshes/arms_682,,,
arms_683,683,0,0,0,0,0,0,0,,,,,,,,,,,0,/Game/Characters/Modular/Female/arms_683/arms_683/SkeletalMeshes/arms_683,/Game/Characters/Modular/Male/arms_683/arms_683/SkeletalMeshes/arms_683,,,
arms_684,684,0,0,0,0,0,0,0,,,,,,,,,,,0,/Game/Characters/Modular/Female/arms_684/arms_684/SkeletalMeshes/arms_684,/Game/Characters/Modular/Male/arms_684/arms_684/SkeletalMeshes/arms_684,,,
arms_685,685,0,0,0,0,0,0,0,,,,,,,,,,,0,/Game/Characters/Modular/Female/arms_685/arms_685/SkeletalMeshes/arms_685,/Game/Characters/Modular/Male/arms_685/arms_685/SkeletalMeshes/arms_685,,,
arms_698,698,0,0,0,0,0,0,0,,,,,,,,,,,0,/Game/Characters/Modular/Female/arms_698/arms_698/SkeletalMeshes/arms_698,/Game/Characters/Modular/Male/arms_698/arms_698/SkeletalMeshes/arms_698,,,
arms_699,699,0,0,0,0,0,0,0,,,,,,,,,,,0,/Game/Characters/Modular/Female/arms_699/arms_699/SkeletalMeshes/arms_699,/Game/Characters/Modular/Male/arms_699/arms_699/SkeletalMeshes/arms_699,,,
arms_700,700,0,0,0,0,0,0,0,,,,,,,,,,,0,/Game/Characters/Modular/Female/arms_700/arms_700/SkeletalMeshes/arms_700,/Game/Characters/Modular/Male/arms_700/arms_700/SkeletalMeshes/arms_700,,,
arms_701,701,0,0,0,0,0,0,0,,,,,,,,,,,0,/Game/Characters/Modular/Female/arms_701/arms_701/SkeletalMeshes/arms_701,/Game/Characters/Modular/Male/arms_701/arms_701/SkeletalMeshes/arms_701,,,
arms_702,702,0,0,0,0,0,0,0,,,,,,,,,,,0,/Game/Characters/Modular/Female/arms_702/arms_702/SkeletalMeshes/arms_702,/Game/Characters/Modular/Male/arms_702/arms_702/SkeletalMeshes/arms_702,,,
arms_703,703,0,0,0,0,0,0,0,,,,,,,,,,,0,/Game/Characters/Modular/Female/arms_703/arms_703/SkeletalMeshes/arms_703,/Game/Characters/Modular/Male/arms_703/arms_703/SkeletalMeshes/arms_703,,,
arms_704,704,0,0,0,0,0,0,0,,,,,,,,,,,0,/Game/Characters/Modular/Female/arms_704/arms_704/SkeletalMeshes/arms_704,/Game/Characters/Modular/Male/arms_704/arms_704/SkeletalMeshes/arms_704,,,
arms_705,705,0,0,0,0,0,0,0,,,,,,,,,,,0,/Game/Characters/Modular/Female/arms_705/arms_705/SkeletalMeshes/arms_705,/Game/Characters/Modular/Male/arms_705/arms_705/SkeletalMeshes/arms_705,,,
arms_706,706,0,0,0,0,0,0,0,,,,,,,,,,,0,/Game/Characters/Modular/Female/arms_706/arms_706/SkeletalMeshes/arms_706,/Game/Characters/Modular/Male/arms_706/arms_706/SkeletalMeshes/arms_706,,,
arms_707,707,0,0,0,0,0,0,0,,,,,,,,,,,0,/Game/Characters/Modular/Female/arms_707/arms_707/SkeletalMeshes/arms_707,/Game/Characters/Modular/Male/arms_707/arms_707/SkeletalMeshes/arms_707,,,
arms_709,709,0,0,0,0,0,0,0,,,,,,,,,,,0,/Game/Characters/Modular/Female/arms_709/arms_709/SkeletalMeshes/arms_709,/Game/Characters/Modular/Male/arms_709/arms_709/SkeletalMeshes/arms_709,,,
arms_710,710,0,0,0,0,0,0,0,,,,,,,,,,,0,/Game/Characters/Modular/Female/arms_710/arms_710/SkeletalMeshes/arms_710,/Game/Characters/Modular/Male/arms_710/arms_710/SkeletalMeshes/arms_710,,,
arms_711,711,0,0,0,0,0,0,0,,,,,,,,,,,0,/Game/Characters/Modular/Female/arms_711/arms_711/SkeletalMeshes/arms_711,/Game/Characters/Modular/Male/arms_711/arms_711/SkeletalMeshes/arms_711,,,
arms_712,712,0,0,0,0,0,0,0,,,,,,,,,,,0,/Game/Characters/Modular/Female/arms_712/arms_712/SkeletalMeshes/arms_712,/Game/Characters/Modular/Male/arms_712/arms_712/SkeletalMeshes/arms_712,,,
arms_713,713,0,0,0,0,0,0,0,,,,,,,,,,,0,/Game/Characters/Modular/Female/arms_713/arms_713/SkeletalMeshes/arms_713,/Game/Characters/Modular/Male/arms_713/arms_713/SkeletalMeshes/arms_713,,,
arms_714,714,0,0,0,0,0,0,0,,,,,,,,,,,0,/Game/Characters/Modular/Female/arms_714/arms_714/SkeletalMeshes/arms_714,/Game/Characters/Modular/Male/arms_714/arms_714/SkeletalMeshes/arms_714,,,
arms_715,715,0,0,0,0,0,0,0,,,,,,,,,,,0,/Game/Characters/Modular/Female/arms_715/arms_715/SkeletalMeshes/arms_715,/Game/Characters/Modular/Male/arms_715/arms_715/SkeletalMeshes/arms_715,,,
arms_717,717,0,0,0,0,0,0,0,,,,,,,,,,,0,/Game/Characters/Modular/Female/arms_717/arms_717/SkeletalMeshes/arms_717,/Game/Characters/Modular/Male/arms_717/arms_717/SkeletalMeshes/arms_717,,,
arms_718,718,0,0,0,0,0,0,0,,,,,,,,,,,0,/Game/Characters/Modular/Female/arms_718/arms_718/SkeletalMeshes/arms_718,/Game/Characters/Modular/Male/arms_718/arms_718/SkeletalMeshes/arms_718,,,
arms_719,719,0,0,0,0,0,0,0,,,,,,,,,,,0,/Game/Characters/Modular/Female/arms_719/arms_719/SkeletalMeshes/arms_719,/Game/Characters/Modular/Male/arms_719/arms_719/SkeletalMeshes/arms_719,,,
arms_720,720,0,0,0,0,0,0,0,,,,,,,,,,,0,/Game/Characters/Modular/Female/arms_720/arms_720/SkeletalMeshes/arms_720,/Game/Characters/Modular/Male/arms_720/arms_720/SkeletalMeshes/arms_720,,,
arms_721,721,0,0,0,0,0,0,0,,,,,,,,,,,0,/Game/Characters/Modular/Female/arms_721/arms_721/SkeletalMeshes/arms_721,/Game/Characters/Modular/Male/arms_721/arms_721/SkeletalMeshes/arms_721,,,
arms_722,722,0,0,0,0,0,0,0,,,,,,,,,,,0,/Game/Characters/Modular/Female/arms_722/arms_722/SkeletalMeshes/arms_722,/Game/Characters/Modular/Male/arms_722/arms_722/SkeletalMeshes/arms_722,,,
arms_723,723,0,0,0,0,0,0,0,,,,,,,,,,,0,/Game/Characters/Modular/Female/arms_723/arms_723/SkeletalMeshes/arms_723,/Game/Characters/Modular/Male/arms_723/arms_723/SkeletalMeshes/arms_723,,,
arms_724,724,0,0,0,0,0,0,0,,,,,,,,,,,0,/Game/Characters/Modular/Female/arms_724/arms_724/SkeletalMeshes/arms_724,/Game/Characters/Modular/Male/arms_724/arms_724/SkeletalMeshes/arms_724,,,
arms_725,725,0,0,0,0,0,0,0,,,,,,,,,,,0,/Game/Characters/Modular/Female/arms_725/arms_725/SkeletalMeshes/arms_725,/Game/Characters/Modular/Male/arms_725/arms_725/SkeletalMeshes/arms_725,,,
arms_726,726,0,0,0,0,0,0,0,,,,,,,,,,,0,/Game/Characters/Modular/Female/arms_726/arms_726/SkeletalMeshes/arms_726,/Game/Characters/Modular/Male/arms_726/arms_726/SkeletalMeshes/arms_726,,,
arms_727,727,0,0,0,0,0,0,0,,,,,,,,,,,0,/Game/Characters/Modular/Female/arms_727/arms_727/SkeletalMeshes/arms_727,/Game/Characters/Modular/Male/arms_727/arms_727/SkeletalMeshes/arms_727,,,
arms_728,728,0,0,0,0,0,0,0,,,,,,,,,,,0,/Game/Characters/Modular/Female/arms_728/arms_728/SkeletalMeshes/arms_728,/Game/Characters/Modular/Male/arms_728/arms_728/SkeletalMeshes/arms_728,,,
arms_729,729,0,0,0,0,0,0,0,,,,,,,,,,,0,/Game/Characters/Modular/Female/arms_729/arms_729/SkeletalMeshes/arms_729,/Game/Characters/Modular/Male/arms_729/arms_729/SkeletalMeshes/arms_729,,,
arms_730,730,0,0,0,0,0,0,0,,,,,,,,,,,0,/Game/Characters/Modular/Female/arms_730/arms_730/SkeletalMeshes/arms_730,/Game/Characters/Modular/Male/arms_730/arms_730/SkeletalMeshes/arms_730,,,
arms_731,731,0,0,0,0,0,0,0,,,,,,,,,,,0,/Game/Characters/Modular/Female/arms_731/arms_731/SkeletalMeshes/arms_731,/Game/Characters/Modular/Male/arms_731/arms_731/SkeletalMeshes/arms_731,,,
arms_732,732,0,0,0,0,0,0,0,,,,,,,,,,,0,/Game/Characters/Modular/Female/arms_732/arms_732/SkeletalMeshes/arms_732,/Game/Characters/Modular/Male/arms_732/arms_732/SkeletalMeshes/arms_732,,,
arms_733,733,0,0,0,0,0,0,0,,,,,,,,,,,0,/Game/Characters/Modular/Female/arms_733/arms_733/SkeletalMeshes/arms_733,/Game/Characters/Modular/Male/arms_733/arms_733/SkeletalMeshes/arms_733,,,
arms_734,734,0,0,0,0,0,0,0,,,,,,,,,,,0,/Game/Characters/Modular/Female/arms_734/arms_734/SkeletalMeshes/arms_734,/Game/Characters/Modular/Male/arms_734/arms_734/SkeletalMeshes/arms_734,,,
arms_735,735,0,0,0,0,0,0,0,,,,,,,,,,,0,/Game/Characters/Modular/Female/arms_735/arms_735/SkeletalMeshes/arms_735,/Game/Characters/Modular/Male/arms_735/arms_735/SkeletalMeshes/arms_735,,,
arms_736,736,0,0,0,0,0,0,0,,,,,,,,,,,0,/Game/Characters/Modular/Female/arms_736/arms_736/SkeletalMeshes/arms_736,/Game/Characters/Modular/Male/arms_736/arms_736/SkeletalMeshes/arms_736,,,
arms_737,737,0,0,0,0,0,0,0,,,,,,,,,,,0,/Game/Characters/Modular/Female/arms_737/arms_737/SkeletalMeshes/arms_737,/Game/Characters/Modular/Male/arms_737/arms_737/SkeletalMeshes/arms_737,,,
arms_738,738,0,0,0,0,0,0,0,,,,,,,,,,,0,/Game/Characters/Modular/Female/arms_738/arms_738/SkeletalMeshes/arms_738,/Game/Characters/Modular/Male/arms_738/arms_738/SkeletalMeshes/arms_738,,,
arms_739,739,0,0,0,0,0,0,0,,,,,,,,,,,0,/Game/Characters/Modular/Female/arms_739/arms_739/SkeletalMeshes/arms_739,/Game/Characters/Modular/Male/arms_739/arms_739/SkeletalMeshes/arms_739,,,
arms_740,740,0,0,0,0,0,0,0,,,,,,,,,,,0,/Game/Characters/Modular/Female/arms_740/arms_740/SkeletalMeshes/arms_740,/Game/Characters/Modular/Male/arms_740/arms_740/SkeletalMeshes/arms_740,,,
arms_741,741,0,0,0,0,0,0,0,,,,,,,,,,,0,/Game/Characters/Modular/Female/arms_741/arms_741/SkeletalMeshes/arms_741,/Game/Characters/Modular/Male/arms_741/arms_741/SkeletalMeshes/arms_741,,,
arms_742,742,0,0,0,0,0,0,0,,,,,,,,,,,0,/Game/Characters/Modular/Female/arms_742/arms_742/SkeletalMeshes/arms_742,/Game/Characters/Modular/Male/arms_742/arms_742/SkeletalMeshes/arms_742,,,
arms_743,743,0,0,0,0,0,0,0,,,,,,,,,,,0,/Game/Characters/Modular/Female/arms_743/arms_743/SkeletalMeshes/arms_743,/Game/Characters/Modular/Male/arms_743/arms_743/SkeletalMeshes/arms_743,,,
arms_744,744,0,0,0,0,0,0,0,,,,,,,,,,,0,/Game/Characters/Modular/Female/arms_744/arms_744/SkeletalMeshes/arms_744,/Game/Characters/Modular/Male/arms_744/arms_744/SkeletalMeshes/arms_744,,,
arms_745,745,0,0,0,0,0,0,0,,,,,,,,,,,0,/Game/Characters/Modular/Female/arms_745/arms_745/SkeletalMeshes/arms_745,/Game/Characters/Modular/Male/arms_745/arms_745/SkeletalMeshes/arms_745,,,
arms_746,746,0,0,0,0,0,0,0,,,,,,,,,,,0,/Game/Characters/Modular/Female/arms_746/arms_746/SkeletalMeshes/arms_746,/Game/Characters/Modular/Male/arms_746/arms_746/SkeletalMeshes/arms_746,,,
arms_747,747,0,0,0,0,0,0,0,,,,,,,,,,,0,/Game/Characters/Modular/Female/arms_747/arms_747/SkeletalMeshes/arms_747,/Game/Characters/Modular/Male/arms_747/arms_747/SkeletalMeshes/arms_747,,,
arms_748,748,0,0,0,0,0,0,0,,,,,,,,,,,0,/Game/Characters/Modular/Female/arms_748/arms_748/SkeletalMeshes/arms_748,/Game/Characters/Modular/Male/arms_748/arms_748/SkeletalMeshes/arms_748,,,
arms_749,749,0,0,0,0,0,0,0,,,,,,,,,,,0,/Game/Characters/Modular/Female/arms_749/arms_749/SkeletalMeshes/arms_749,/Game/Characters/Modular/Male/arms_749/arms_749/SkeletalMeshes/arms_749,,,
arms_750,750,0,0,0,0,0,0,0,,,,,,,,,,,0,/Game/Characters/Modular/Female/arms_750/arms_750/SkeletalMeshes/arms_750,/Game/Characters/Modular/Male/arms_750/arms_750/SkeletalMeshes/arms_750,,,
arms_751,751,0,0,0,0,0,0,0,,,,,,,,,,,0,/Game/Characters/Modular/Female/arms_751/arms_751/SkeletalMeshes/arms_751,/Game/Characters/Modular/Male/arms_751/arms_751/SkeletalMeshes/arms_751,,,
arms_752,752,0,0,0,0,0,0,0,,,,,,,,,,,0,/Game/Characters/Modular/Female/arms_752/arms_752/SkeletalMeshes/arms_752,/Game/Characters/Modular/Male/arms_752/arms_752/SkeletalMeshes/arms_752,,,
arms_753,753,0,0,0,0,0,0,0,,,,,,,,,,,0,/Game/Characters/Modular/Female/arms_753/arms_753/SkeletalMeshes/arms_753,/Game/Characters/Modular/Male/arms_753/arms_753/SkeletalMeshes/arms_753,,,
arms_754,754,0,0,0,0,0,0,0,,,,,,,,,,,0,/Game/Characters/Modular/Female/arms_754/arms_754/SkeletalMeshes/arms_754,/Game/Characters/Modular/Male/arms_754/arms_754/SkeletalMeshes/arms_754,,,
arms_755,755,0,0,0,0,0,0,0,,,,,,,,,,,0,/Game/Characters/Modular/Female/arms_755/arms_755/SkeletalMeshes/arms_755,/Game/Characters/Modular/Male/arms_755/arms_755/SkeletalMeshes/arms_755,,,
arms_756,756,0,0,0,0,0,0,0,,,,,,,,,,,0,/Game/Characters/Modular/Female/arms_756/arms_756/SkeletalMeshes/arms_756,/Game/Characters/Modular/Male/arms_756/arms_756/SkeletalMeshes/arms_756,,,
arms_757,757,0,0,0,0,0,0,0,,,,,,,,,,,0,/Game/Characters/Modular/Female/arms_757/arms_757/SkeletalMeshes/arms_757,/Game/Characters/Modular/Male/arms_757/arms_757/SkeletalMeshes/arms_757,,,
arms_758,758,0,0,0,0,0,0,0,,,,,,,,,,,0,/Game/Characters/Modular/Female/arms_758/arms_758/SkeletalMeshes/arms_758,/Game/Characters/Modular/Male/arms_758/arms_758/SkeletalMeshes/arms_758,,,
arms_759,759,0,0,0,0,0,0,0,,,,,,,,,,,0,/Game/Characters/Modular/Female/arms_759/arms_759/SkeletalMeshes/arms_759,/Game/Characters/Modular/Male/arms_759/arms_759/SkeletalMeshes/arms_759,,,
arms_760,760,0,0,0,0,0,0,0,,,,,,,,,,,0,/Game/Characters/Modular/Female/arms_760/arms_760/SkeletalMeshes/arms_760,/Game/Characters/Modular/Male/arms_760/arms_760/SkeletalMeshes/arms_760,,,
arms_761,761,0,0,0,0,0,0,0,,,,,,,,,,,0,/Game/Characters/Modular/Female/arms_761/arms_761/SkeletalMeshes/arms_761,/Game/Characters/Modular/Male/arms_761/arms_761/SkeletalMeshes/arms_761,,,
arms_762,762,0,0,0,0,0,0,0,,,,,,,,,,,0,/Game/Characters/Modular/Female/arms_762/arms_762/SkeletalMeshes/arms_762,/Game/Characters/Modular/Male/arms_762/arms_762/SkeletalMeshes/arms_762,,,
arms_763,763,0,0,0,0,0,0,0,,,,,,,,,,,0,/Game/Characters/Modular/Female/arms_763/arms_763/SkeletalMeshes/arms_763,/Game/Characters/Modular/Male/arms_763/arms_763/SkeletalMeshes/arms_763,,,
arms_764,764,0,0,0,0,0,0,0,,,,,,,,,,,0,/Game/Characters/Modular/Female/arms_764/arms_764/SkeletalMeshes/arms_764,/Game/Characters/Modular/Male/arms_764/arms_764/SkeletalMeshes/arms_764,,,
arms_765,765,0,0,0,0,0,0,0,,,,,,,,,,,0,/Game/Characters/Modular/Female/arms_765/arms_765/SkeletalMeshes/arms_765,/Game/Characters/Modular/Male/arms_765/arms_765/SkeletalMeshes/arms_765,,,
arms_766,766,0,0,0,0,0,0,0,,,,,,,,,,,0,/Game/Characters/Modular/Female/arms_766/arms_766/SkeletalMeshes/arms_766,/Game/Characters/Modular/Male/arms_766/arms_766/SkeletalMeshes/arms_766,,,
arms_767,767,0,0,0,0,0,0,0,,,,,,,,,,,0,/Game/Characters/Modular/Female/arms_767/arms_767/SkeletalMeshes/arms_767,/Game/Characters/Modular/Male/arms_767/arms_767/SkeletalMeshes/arms_767,,,
arms_768,768,0,0,0,0,0,0,0,,,,,,,,,,,0,/Game/Characters/Modular/Female/arms_768/arms_768/SkeletalMeshes/arms_768,/Game/Characters/Modular/Male/arms_768/arms_768/SkeletalMeshes/arms_768,,,
arms_769,769,0,0,0,0,0,0,0,,,,,,,,,,,0,/Game/Characters/Modular/Female/arms_769/arms_769/SkeletalMeshes/arms_769,/Game/Characters/Modular/Male/arms_769/arms_769/SkeletalMeshes/arms_769,,,
arms_770,770,0,0,0,0,0,0,0,,,,,,,,,,,0,/Game/Characters/Modular/Female/arms_770/arms_770/SkeletalMeshes/arms_770,/Game/Characters/Modular/Male/arms_770/arms_770/SkeletalMeshes/arms_770,,,
arms_771,771,0,0,0,0,0,0,0,,,,,,,,,,,0,/Game/Characters/Modular/Female/arms_771/arms_771/SkeletalMeshes/arms_771,/Game/Characters/Modular/Male/arms_771/arms_771/SkeletalMeshes/arms_771,,,
arms_772,772,0,0,0,0,0,0,0,,,,,,,,,,,0,/Game/Characters/Modular/Female/arms_772/arms_772/SkeletalMeshes/arms_772,/Game/Characters/Modular/Male/arms_772/arms_772/SkeletalMeshes/arms_772,,,
arms_773,773,0,0,0,0,0,0,0,,,,,,,,,,,0,/Game/Characters/Modular/Female/arms_773/arms_773/SkeletalMeshes/arms_773,/Game/Characters/Modular/Male/arms_773/arms_773/SkeletalMeshes/arms_773,,,
arms_774,774,0,0,0,0,0,0,0,,,,,,,,,,,0,/Game/Characters/Modular/Female/arms_774/arms_774/SkeletalMeshes/arms_774,/Game/Characters/Modular/Male/arms_774/arms_774/SkeletalMeshes/arms_774,,,
arms_775,775,0,0,0,0,0,0,0,,,,,,,,,,,0,/Game/Characters/Modular/Female/arms_775/arms_775/SkeletalMeshes/arms_775,/Game/Characters/Modular/Male/arms_775/arms_775/SkeletalMeshes/arms_775,,,
arms_776,776,0,0,0,0,0,0,0,,,,,,,,,,,0,/Game/Characters/Modular/Female/arms_776/arms_776/SkeletalMeshes/arms_776,/Game/Characters/Modular/Male/arms_776/arms_776/SkeletalMeshes/arms_776,,,
arms_777,777,0,0,0,0,0,0,0,,,,,,,,,,,0,/Game/Characters/Modular/Female/arms_777/arms_777/SkeletalMeshes/arms_777,/Game/Characters/Modular/Male/arms_777/arms_777/SkeletalMeshes/arms_777,,,
arms_778,778,0,0,0,0,0,0,0,,,,,,,,,,,0,/Game/Characters/Modular/Female/arms_778/arms_778/SkeletalMeshes/arms_778,/Game/Characters/Modular/Male/arms_778/arms_778/SkeletalMeshes/arms_778,,,
arms_779,779,0,0,0,0,0,0,0,,,,,,,,,,,0,/Game/Characters/Modular/Female/arms_779/arms_779/SkeletalMeshes/arms_779,/Game/Characters/Modular/Male/arms_779/arms_779/SkeletalMeshes/arms_779,,,
arms_780,780,0,0,0,0,0,0,0,,,,,,,,,,,0,/Game/Characters/Modular/Female/arms_780/arms_780/SkeletalMeshes/arms_780,/Game/Characters/Modular/Male/arms_780/arms_780/SkeletalMeshes/arms_780,,,
arms_781,781,0,0,0,0,0,0,0,,,,,,,,,,,0,/Game/Characters/Modular/Female/arms_781/arms_781/SkeletalMeshes/arms_781,/Game/Characters/Modular/Male/arms_781/arms_781/SkeletalMeshes/arms_781,,,
arms_782,782,0,0,0,0,0,0,0,,,,,,,,,,,0,/Game/Characters/Modular/Female/arms_782/arms_782/SkeletalMeshes/arms_782,/Game/Characters/Modular/Male/arms_782/arms_782/SkeletalMeshes/arms_782,,,
arms_783,783,0,0,0,0,0,0,0,,,,,,,,,,,0,/Game/Characters/Modular/Female/arms_783/arms_783/SkeletalMeshes/arms_783,/Game/Characters/Modular/Male/arms_783/arms_783/SkeletalMeshes/arms_783,,,
arms_784,784,0,0,0,0,0,0,0,,,,,,,,,,,0,/Game/Characters/Modular/Female/arms_784/arms_784/SkeletalMeshes/arms_784,/Game/Characters/Modular/Male/arms_784/arms_784/SkeletalMeshes/arms_784,,,
arms_785,785,0,0,0,0,0,0,0,,,,,,,,,,,0,/Game/Characters/Modular/Female/arms_785/arms_785/SkeletalMeshes/arms_785,/Game/Characters/Modular/Male/arms_785/arms_785/SkeletalMeshes/arms_785,,,
arms_786,786,0,0,0,0,0,0,0,,,,,,,,,,,0,/Game/Characters/Modular/Female/arms_786/arms_786/SkeletalMeshes/arms_786,/Game/Characters/Modular/Male/arms_786/arms_786/SkeletalMeshes/arms_786,,,
arms_787,787,0,0,0,0,0,0,0,,,,,,,,,,,0,/Game/Characters/Modular/Female/arms_787/arms_787/SkeletalMeshes/arms_787,/Game/Characters/Modular/Male/arms_787/arms_787/SkeletalMeshes/arms_787,,,
arms_788,788,0,0,0,0,0,0,0,,,,,,,,,,,0,/Game/Characters/Modular/Female/arms_788/arms_788/SkeletalMeshes/arms_788,/Game/Characters/Modular/Male/arms_788/arms_788/SkeletalMeshes/arms_788,,,
arms_789,789,0,0,0,0,0,0,0,,,,,,,,,,,0,/Game/Characters/Modular/Female/arms_789/arms_789/SkeletalMeshes/arms_789,/Game/Characters/Modular/Male/arms_789/arms_789/SkeletalMeshes/arms_789,,,
arms_790,790,0,0,0,0,0,0,0,,,,,,,,,,,0,/Game/Characters/Modular/Female/arms_790/arms_790/SkeletalMeshes/arms_790,/Game/Characters/Modular/Male/arms_790/arms_790/SkeletalMeshes/arms_790,,,
arms_791,791,0,0,0,0,0,0,0,,,,,,,,,,,0,/Game/Characters/Modular/Female/arms_791/arms_791/SkeletalMeshes/arms_791,/Game/Characters/Modular/Male/arms_791/arms_791/SkeletalMeshes/arms_791,,,
arms_792,792,0,0,0,0,0,0,0,,,,,,,,,,,0,/Game/Characters/Modular/Female/arms_792/arms_792/SkeletalMeshes/arms_792,/Game/Characters/Modular/Male/arms_792/arms_792/SkeletalMeshes/arms_792,,,
arms_793,793,0,0,0,0,0,0,0,,,,,,,,,,,0,/Game/Characters/Modular/Female/arms_793/arms_793/SkeletalMeshes/arms_793,/Game/Characters/Modular/Male/arms_793/arms_793/SkeletalMeshes/arms_793,,,
arms_794,794,0,0,0,0,0,0,0,,,,,,,,,,,0,/Game/Characters/Modular/Female/arms_794/arms_794/SkeletalMeshes/arms_794,/Game/Characters/Modular/Male/arms_794/arms_794/SkeletalMeshes/arms_794,,,
arms_795,795,0,0,0,0,0,0,0,,,,,,,,,,,0,/Game/Characters/Modular/Female/arms_795/arms_795/SkeletalMeshes/arms_795,/Game/Characters/Modular/Male/arms_795/arms_795/SkeletalMeshes/arms_795,,,
arms_796,796,0,0,0,0,0,0,0,,,,,,,,,,,0,/Game/Characters/Modular/Female/arms_796/arms_796/SkeletalMeshes/arms_796,/Game/Characters/Modular/Male/arms_796/arms_796/SkeletalMeshes/arms_796,,,
arms_797,797,0,0,0,0,0,0,0,,,,,,,,,,,0,/Game/Characters/Modular/Female/arms_797/arms_797/SkeletalMeshes/arms_797,/Game/Characters/Modular/Male/arms_797/arms_797/SkeletalMeshes/arms_797,,,
arms_798,798,0,0,0,0,0,0,0,,,,,,,,,,,0,/Game/Characters/Modular/Female/arms_798/arms_798/SkeletalMeshes/arms_798,/Game/Characters/Modular/Male/arms_798/arms_798/SkeletalMeshes/arms_798,,,
arms_799,799,0,0,0,0,0,0,0,,,,,,,,,,,0,/Game/Characters/Modular/Female/arms_799/arms_799/SkeletalMeshes/arms_799,/Game/Characters/Modular/Male/arms_799/arms_799/SkeletalMeshes/arms_799,,,
arms_800,800,0,0,0,0,0,0,0,,,,,,,,,,,0,/Game/Characters/Modular/Female/arms_800/arms_800/SkeletalMeshes/arms_800,/Game/Characters/Modular/Male/arms_800/arms_800/SkeletalMeshes/arms_800,,,
arms_801,801,0,0,0,0,0,0,0,,,,,,,,,,,0,/Game/Characters/Modular/Female/arms_801/arms_801/SkeletalMeshes/arms_801,/Game/Characters/Modular/Male/arms_801/arms_801/SkeletalMeshes/arms_801,,,
arms_802,802,0,0,0,0,0,0,0,,,,,,,,,,,0,/Game/Characters/Modular/Female/arms_802/arms_802/SkeletalMeshes/arms_802,/Game/Characters/Modular/Male/arms_802/arms_802/SkeletalMeshes/arms_802,,,
arms_803,803,0,0,0,0,0,0,0,,,,,,,,,,,0,/Game/Characters/Modular/Female/arms_803/arms_803/SkeletalMeshes/arms_803,/Game/Characters/Modular/Male/arms_803/arms_803/SkeletalMeshes/arms_803,,,
arms_804,804,0,0,0,0,0,0,0,,,,,,,,,,,0,/Game/Characters/Modular/Female/arms_804/arms_804/SkeletalMeshes/arms_804,/Game/Characters/Modular/Male/arms_804/arms_804/SkeletalMeshes/arms_804,,,
arms_805,805,0,0,0,0,0,0,0,,,,,,,,,,,0,/Game/Characters/Modular/Female/arms_805/arms_805/SkeletalMeshes/arms_805,/Game/Characters/Modular/Male/arms_805/arms_805/SkeletalMeshes/arms_805,,,
arms_806,806,0,0,0,0,0,0,0,,,,,,,,,,,0,/Game/Characters/Modular/Female/arms_806/arms_806/SkeletalMeshes/arms_806,/Game/Characters/Modular/Male/arms_806/arms_806/SkeletalMeshes/arms_806,,,
arms_807,807,0,0,0,0,0,0,0,,,,,,,,,,,0,/Game/Characters/Modular/Female/arms_807/arms_807/SkeletalMeshes/arms_807,/Game/Characters/Modular/Male/arms_807/arms_807/SkeletalMeshes/arms_807,,,
arms_808,808,0,0,0,0,0,0,0,,,,,,,,,,,0,/Game/Characters/Modular/Female/arms_808/arms_808/SkeletalMeshes/arms_808,/Game/Characters/Modular/Male/arms_808/arms_808/SkeletalMeshes/arms_808,,,
arms_809,809,0,0,0,0,0,0,0,,,,,,,,,,,0,/Game/Characters/Modular/Female/arms_809/arms_809/SkeletalMeshes/arms_809,/Game/Characters/Modular/Male/arms_809/arms_809/SkeletalMeshes/arms_809,,,
arms_810,810,0,0,0,0,0,0,0,,,,,,,,,,,0,/Game/Characters/Modular/Female/arms_810/arms_810/SkeletalMeshes/arms_810,/Game/Characters/Modular/Male/arms_810/arms_810/SkeletalMeshes/arms_810,,,
arms_811,811,0,0,0,0,0,0,0,,,,,,,,,,,0,/Game/Characters/Modular/Female/arms_811/arms_811/SkeletalMeshes/arms_811,/Game/Characters/Modular/Male/arms_811/arms_811/SkeletalMeshes/arms_811,,,
arms_812,812,0,0,0,0,0,0,0,,,,,,,,,,,0,/Game/Characters/Modular/Female/arms_812/arms_812/SkeletalMeshes/arms_812,/Game/Characters/Modular/Male/arms_812/arms_812/SkeletalMeshes/arms_812,,,
arms_813,813,0,0,0,0,0,0,0,,,,,,,,,,,0,/Game/Characters/Modular/Female/arms_813/arms_813/SkeletalMeshes/arms_813,/Game/Characters/Modular/Male/arms_813/arms_813/SkeletalMeshes/arms_813,,,
arms_814,814,0,0,0,0,0,0,0,,,,,,,,,,,0,/Game/Characters/Modular/Female/arms_814/arms_814/SkeletalMeshes/arms_814,/Game/Characters/Modular/Male/arms_814/arms_814/SkeletalMeshes/arms_814,,,
arms_815,815,0,0,0,0,0,0,0,,,,,,,,,,,0,/Game/Characters/Modular/Female/arms_815/arms_815/SkeletalMeshes/arms_815,/Game/Characters/Modular/Male/arms_815/arms_815/SkeletalMeshes/arms_815,,,
arms_816,816,0,0,0,0,0,0,0,,,,,,,,,,,0,/Game/Characters/Modular/Female/arms_816/arms_816/SkeletalMeshes/arms_816,/Game/Characters/Modular/Male/arms_816/arms_816/SkeletalMeshes/arms_816,,,
arms_817,817,0,0,0,0,0,0,0,,,,,,,,,,,0,/Game/Characters/Modular/Female/arms_817/arms_817/SkeletalMeshes/arms_817,/Game/Characters/Modular/Male/arms_817/arms_817/SkeletalMeshes/arms_817,,,
arms_818,818,0,0,0,0,0,0,0,,,,,,,,,,,0,/Game/Characters/Modular/Female/arms_818/arms_818/SkeletalMeshes/arms_818,/Game/Characters/Modular/Male/arms_818/arms_818/SkeletalMeshes/arms_818,,,
arms_819,819,0,0,0,0,0,0,0,,,,,,,,,,,0,/Game/Characters/Modular/Female/arms_819/arms_819/SkeletalMeshes/arms_819,/Game/Characters/Modular/Male/arms_819/arms_819/SkeletalMeshes/arms_819,,,
arms_820,820,0,0,0,0,0,0,0,,,,,,,,,,,0,/Game/Characters/Modular/Female/arms_820/arms_820/SkeletalMeshes/arms_820,/Game/Characters/Modular/Male/arms_820/arms_820/SkeletalMeshes/arms_820,,,
arms_821,821,0,0,0,0,0,0,0,,,,,,,,,,,0,/Game/Characters/Modular/Female/arms_821/arms_821/SkeletalMeshes/arms_821,/Game/Characters/Modular/Male/arms_821/arms_821/SkeletalMeshes/arms_821,,,
arms_822,822,0,0,0,0,0,0,0,,,,,,,,,,,0,/Game/Characters/Modular/Female/arms_822/arms_822/SkeletalMeshes/arms_822,/Game/Characters/Modular/Male/arms_822/arms_822/SkeletalMeshes/arms_822,,,
arms_823,823,0,0,0,0,0,0,0,,,,,,,,,,,0,/Game/Characters/Modular/Female/arms_823/arms_823/SkeletalMeshes/arms_823,/Game/Characters/Modular/Male/arms_823/arms_823/SkeletalMeshes/arms_823,,,
arms_824,824,0,0,0,0,0,0,0,,,,,,,,,,,0,/Game/Characters/Modular/Female/arms_824/arms_824/SkeletalMeshes/arms_824,/Game/Characters/Modular/Male/arms_824/arms_824/SkeletalMeshes/arms_824,,,
arms_825,825,0,0,0,0,0,0,0,,,,,,,,,,,0,/Game/Characters/Modular/Female/arms_825/arms_825/SkeletalMeshes/arms_825,/Game/Characters/Modular/Male/arms_825/arms_825/SkeletalMeshes/arms_825,,,
arms_826,826,0,0,0,0,0,0,0,,,,,,,,,,,0,/Game/Characters/Modular/Female/arms_826/arms_826/SkeletalMeshes/arms_826,/Game/Characters/Modular/Male/arms_826/arms_826/SkeletalMeshes/arms_826,,,
arms_827,827,0,0,0,0,0,0,0,,,,,,,,,,,0,/Game/Characters/Modular/Female/arms_827/arms_827/SkeletalMeshes/arms_827,/Game/Characters/Modular/Male/arms_827/arms_827/SkeletalMeshes/arms_827,,,
arms_828,828,0,0,0,0,0,0,0,,,,,,,,,,,0,/Game/Characters/Modular/Female/arms_828/arms_828/SkeletalMeshes/arms_828,/Game/Characters/Modular/Male/arms_828/arms_828/SkeletalMeshes/arms_828,,,
arms_829,829,0,0,0,0,0,0,0,,,,,,,,,,,0,/Game/Characters/Modular/Female/arms_829/arms_829/SkeletalMeshes/arms_829,/Game/Characters/Modular/Male/arms_829/arms_829/SkeletalMeshes/arms_829,,,
arms_830,830,0,0,0,0,0,0,0,,,,,,,,,,,0,/Game/Characters/Modular/Female/arms_830/arms_830/SkeletalMeshes/arms_830,/Game/Characters/Modular/Male/arms_830/arms_830/SkeletalMeshes/arms_830,,,
arms_831,831,0,0,0,0,0,0,0,,,,,,,,,,,0,/Game/Characters/Modular/Female/arms_831/arms_831/SkeletalMeshes/arms_831,/Game/Characters/Modular/Male/arms_831/arms_831/SkeletalMeshes/arms_831,,,
arms_832,832,0,0,0,0,0,0,0,,,,,,,,,,,0,/Game/Characters/Modular/Female/arms_832/arms_832/SkeletalMeshes/arms_832,/Game/Characters/Modular/Male/arms_832/arms_832/SkeletalMeshes/arms_832,,,
arms_833,833,0,0,0,0,0,0,0,,,,,,,,,,,0,/Game/Characters/Modular/Female/arms_833/arms_833/SkeletalMeshes/arms_833,/Game/Characters/Modular/Male/arms_833/arms_833/SkeletalMeshes/arms_833,,,
arms_834,834,0,0,0,0,0,0,0,,,,,,,,,,,0,/Game/Characters/Modular/Female/arms_834/arms_834/SkeletalMeshes/arms_834,/Game/Characters/Modular/Male/arms_834/arms_834/SkeletalMeshes/arms_834,,,
arms_835,835,0,0,0,0,0,0,0,,,,,,,,,,,0,/Game/Characters/Modular/Female/arms_835/arms_835/SkeletalMeshes/arms_835,/Game/Characters/Modular/Male/arms_835/arms_835/SkeletalMeshes/arms_835,,,
arms_836,836,0,0,0,0,0,0,0,,,,,,,,,,,0,/Game/Characters/Modular/Female/arms_836/arms_836/SkeletalMeshes/arms_836,/Game/Characters/Modular/Male/arms_836/arms_836/SkeletalMeshes/arms_836,,,
arms_837,837,0,0,0,0,0,0,0,,,,,,,,,,,0,/Game/Characters/Modular/Female/arms_837/arms_837/SkeletalMeshes/arms_837,/Game/Characters/Modular/Male/arms_837/arms_837/SkeletalMeshes/arms_837,,,
arms_838,838,0,0,0,0,0,0,0,,,,,,,,,,,0,/Game/Characters/Modular/Female/arms_838/arms_838/SkeletalMeshes/arms_838,/Game/Characters/Modular/Male/arms_838/arms_838/SkeletalMeshes/arms_838,,,
arms_839,839,0,0,0,0,0,0,0,,,,,,,,,,,0,/Game/Characters/Modular/Female/arms_839/arms_839/SkeletalMeshes/arms_839,/Game/Characters/Modular/Male/arms_839/arms_839/SkeletalMeshes/arms_839,,,
arms_840,840,0,0,0,0,0,0,0,,,,,,,,,,,0,/Game/Characters/Modular/Female/arms_840/arms_840/SkeletalMeshes/arms_840,/Game/Characters/Modular/Male/arms_840/arms_840/SkeletalMeshes/arms_840,,,
arms_841,841,0,0,0,0,0,0,0,,,,,,,,,,,0,/Game/Characters/Modular/Female/arms_841/arms_841/SkeletalMeshes/arms_841,/Game/Characters/Modular/Male/arms_841/arms_841/SkeletalMeshes/arms_841,,,
arms_842,842,0,0,0,0,0,0,0,,,,,,,,,,,0,/Game/Characters/Modular/Female/arms_842/arms_842/SkeletalMeshes/arms_842,/Game/Characters/Modular/Male/arms_842/arms_842/SkeletalMeshes/arms_842,,,
arms_843,843,0,0,0,0,0,0,0,,,,,,,,,,,0,/Game/Characters/Modular/Female/arms_843/arms_843/SkeletalMeshes/arms_843,/Game/Characters/Modular/Male/arms_843/arms_843/SkeletalMeshes/arms_843,,,
arms_844,844,0,0,0,0,0,0,0,,,,,,,,,,,0,/Game/Characters/Modular/Female/arms_844/arms_844/SkeletalMeshes/arms_844,/Game/Characters/Modular/Male/arms_844/arms_844/SkeletalMeshes/arms_844,,,
arms_845,845,0,0,0,0,0,0,0,,,,,,,,,,,0,/Game/Characters/Modular/Female/arms_845/arms_845/SkeletalMeshes/arms_845,/Game/Characters/Modular/Male/arms_845/arms_845/SkeletalMeshes/arms_845,,,
arms_846,846,0,0,0,0,0,0,0,,,,,,,,,,,0,/Game/Characters/Modular/Female/arms_846/arms_846/SkeletalMeshes/arms_846,/Game/Characters/Modular/Male/arms_846/arms_846/SkeletalMeshes/arms_846,,,
arms_847,847,0,0,0,0,0,0,0,,,,,,,,,,,0,/Game/Characters/Modular/Female/arms_847/arms_847/SkeletalMeshes/arms_847,/Game/Characters/Modular/Male/arms_847/arms_847/SkeletalMeshes/arms_847,,,
arms_848,848,0,0,0,0,0,0,0,,,,,,,,,,,0,/Game/Characters/Modular/Female/arms_848/arms_848/SkeletalMeshes/arms_848,/Game/Characters/Modular/Male/arms_848/arms_848/SkeletalMeshes/arms_848,,,
arms_849,849,0,0,0,0,0,0,0,,,,,,,,,,,0,/Game/Characters/Modular/Female/arms_849/arms_849/SkeletalMeshes/arms_849,/Game/Characters/Modular/Male/arms_849/arms_849/SkeletalMeshes/arms_849,,,
arms_850,850,0,0,0,0,0,0,0,,,,,,,,,,,0,/Game/Characters/Modular/Female/arms_850/arms_850/SkeletalMeshes/arms_850,/Game/Characters/Modular/Male/arms_850/arms_850/SkeletalMeshes/arms_850,,,
arms_851,851,0,0,0,0,0,0,0,,,,,,,,,,,0,/Game/Characters/Modular/Female/arms_851/arms_851/SkeletalMeshes/arms_851,/Game/Characters/Modular/Male/arms_851/arms_851/SkeletalMeshes/arms_851,,,
arms_852,852,0,0,0,0,0,0,0,,,,,,,,,,,0,/Game/Characters/Modular/Female/arms_852/arms_852/SkeletalMeshes/arms_852,/Game/Characters/Modular/Male/arms_852/arms_852/SkeletalMeshes/arms_852,,,
arms_853,853,0,0,0,0,0,0,0,,,,,,,,,,,0,/Game/Characters/Modular/Female/arms_853/arms_853/SkeletalMeshes/arms_853,/Game/Characters/Modular/Male/arms_853/arms_853/SkeletalMeshes/arms_853,,,
arms_854,854,0,0,0,0,0,0,0,,,,,,,,,,,0,/Game/Characters/Modular/Female/arms_854/arms_854/SkeletalMeshes/arms_854,/Game/Characters/Modular/Male/arms_854/arms_854/SkeletalMeshes/arms_854,,,
arms_855,855,0,0,0,0,0,0,0,,,,,,,,,,,0,/Game/Characters/Modular/Female/arms_855/arms_855/SkeletalMeshes/arms_855,/Game/Characters/Modular/Male/arms_855/arms_855/SkeletalMeshes/arms_855,,,
arms_856,856,0,0,0,0,0,0,0,,,,,,,,,,,0,/Game/Characters/Modular/Female/arms_856/arms_856/SkeletalMeshes/arms_856,/Game/Characters/Modular/Male/arms_856/arms_856/SkeletalMeshes/arms_856,,,
arms_857,857,0,0,0,0,0,0,0,,,,,,,,,,,0,/Game/Characters/Modular/Female/arms_857/arms_857/SkeletalMeshes/arms_857,/Game/Characters/Modular/Male/arms_857/arms_857/SkeletalMeshes/arms_857,,,
arms_858,858,0,0,0,0,0,0,0,,,,,,,,,,,0,/Game/Characters/Modular/Female/arms_858/arms_858/SkeletalMeshes/arms_858,/Game/Characters/Modular/Male/arms_858/arms_858/SkeletalMeshes/arms_858,,,
arms_859,859,0,0,0,0,0,0,0,,,,,,,,,,,0,/Game/Characters/Modular/Female/arms_859/arms_859/SkeletalMeshes/arms_859,/Game/Characters/Modular/Male/arms_859/arms_859/SkeletalMeshes/arms_859,,,
arms_860,860,0,0,0,0,0,0,0,,,,,,,,,,,0,/Game/Characters/Modular/Female/arms_860/arms_860/SkeletalMeshes/arms_860,/Game/Characters/Modular/Male/arms_860/arms_860/SkeletalMeshes/arms_860,,,
arms_861,861,0,0,0,0,0,0,0,,,,,,,,,,,0,/Game/Characters/Modular/Female/arms_861/arms_861/SkeletalMeshes/arms_861,/Game/Characters/Modular/Male/arms_861/arms_861/SkeletalMeshes/arms_861,,,
arms_862,862,0,0,0,0,0,0,0,,,,,,,,,,,0,/Game/Characters/Modular/Female/arms_862/arms_862/SkeletalMeshes/arms_862,/Game/Characters/Modular/Male/arms_862/arms_862/SkeletalMeshes/arms_862,,,
arms_863,863,0,0,0,0,0,0,0,,,,,,,,,,,0,/Game/Characters/Modular/Female/arms_863/arms_863/SkeletalMeshes/arms_863,/Game/Characters/Modular/Male/arms_863/arms_863/SkeletalMeshes/arms_863,,,
arms_864,864,0,0,0,0,0,0,0,,,,,,,,,,,0,/Game/Characters/Modular/Female/arms_864/arms_864/SkeletalMeshes/arms_864,/Game/Characters/Modular/Male/arms_864/arms_864/SkeletalMeshes/arms_864,,,
arms_865,865,0,0,0,0,0,0,0,,,,,,,,,,,0,/Game/Characters/Modular/Female/arms_865/arms_865/SkeletalMeshes/arms_865,/Game/Characters/Modular/Male/arms_865/arms_865/SkeletalMeshes/arms_865,,,
arms_866,866,0,0,0,0,0,0,0,,,,,,,,,,,0,/Game/Characters/Modular/Female/arms_866/arms_866/SkeletalMeshes/arms_866,/Game/Characters/Modular/Male/arms_866/arms_866/SkeletalMeshes/arms_866,,,
arms_867,867,0,0,0,0,0,0,0,,,,,,,,,,,0,/Game/Characters/Modular/Female/arms_867/arms_867/SkeletalMeshes/arms_867,/Game/Characters/Modular/Male/arms_867/arms_867/SkeletalMeshes/arms_867,,,
arms_868,868,0,0,0,0,0,0,0,,,,,,,,,,,0,/Game/Characters/Modular/Female/arms_868/arms_868/SkeletalMeshes/arms_868,/Game/Characters/Modular/Male/arms_868/arms_868/SkeletalMeshes/arms_868,,,
arms_869,869,0,0,0,0,0,0,0,,,,,,,,,,,0,/Game/Characters/Modular/Female/arms_869/arms_869/SkeletalMeshes/arms_869,/Game/Characters/Modular/Male/arms_869/arms_869/SkeletalMeshes/arms_869,,,
arms_870,870,0,0,0,0,0,0,0,,,,,,,,,,,0,/Game/Characters/Modular/Female/arms_870/arms_870/SkeletalMeshes/arms_870,/Game/Characters/Modular/Male/arms_870/arms_870/SkeletalMeshes/arms_870,,,
arms_871,871,0,0,0,0,0,0,0,,,,,,,,,,,0,/Game/Characters/Modular/Female/arms_871/arms_871/SkeletalMeshes/arms_871,/Game/Characters/Modular/Male/arms_871/arms_871/SkeletalMeshes/arms_871,,,
arms_872,872,0,0,0,0,0,0,0,,,,,,,,,,,0,/Game/Characters/Modular/Female/arms_872/arms_872/SkeletalMeshes/arms_872,/Game/Characters/Modular/Male/arms_872/arms_872/SkeletalMeshes/arms_872,,,
arms_873,873,0,0,0,0,0,0,0,,,,,,,,,,,0,/Game/Characters/Modular/Female/arms_873/arms_873/SkeletalMeshes/arms_873,/Game/Characters/Modular/Male/arms_873/arms_873/SkeletalMeshes/arms_873,,,
arms_874,874,0,0,0,0,0,0,0,,,,,,,,,,,0,/Game/Characters/Modular/Female/arms_874/arms_874/SkeletalMeshes/arms_874,/Game/Characters/Modular/Male/arms_874/arms_874/SkeletalMeshes/arms_874,,,
arms_875,875,0,0,0,0,0,0,0,,,,,,,,,,,0,/Game/Characters/Modular/Female/arms_875/arms_875/SkeletalMeshes/arms_875,/Game/Characters/Modular/Male/arms_875/arms_875/SkeletalMeshes/arms_875,,,
arms_876,876,0,0,0,0,0,0,0,,,,,,,,,,,0,/Game/Characters/Modular/Female/arms_876/arms_876/SkeletalMeshes/arms_876,/Game/Characters/Modular/Male/arms_876/arms_876/SkeletalMeshes/arms_876,,,
arms_877,877,0,0,0,0,0,0,0,,,,,,,,,,,0,/Game/Characters/Modular/Female/arms_877/arms_877/SkeletalMeshes/arms_877,/Game/Characters/Modular/Male/arms_877/arms_877/SkeletalMeshes/arms_877,,,
arms_878,878,0,0,0,0,0,0,0,,,,,,,,,,,0,/Game/Characters/Modular/Female/arms_878/arms_878/SkeletalMeshes/arms_878,/Game/Characters/Modular/Male/arms_878/arms_878/SkeletalMeshes/arms_878,,,
arms_879,879,0,0,0,0,0,0,0,,,,,,,,,,,0,/Game/Characters/Modular/Female/arms_879/arms_879/SkeletalMeshes/arms_879,/Game/Characters/Modular/Male/arms_879/arms_879/SkeletalMeshes/arms_879,,,
arms_880,880,0,0,0,0,0,0,0,,,,,,,,,,,0,/Game/Characters/Modular/Female/arms_880/arms_880/SkeletalMeshes/arms_880,/Game/Characters/Modular/Male/arms_880/arms_880/SkeletalMeshes/arms_880,,,
arms_881,881,0,0,0,0,0,0,0,,,,,,,,,,,0,/Game/Characters/Modular/Female/arms_881/arms_881/SkeletalMeshes/arms_881,/Game/Characters/Modular/Male/arms_881/arms_881/SkeletalMeshes/arms_881,,,
arms_882,882,0,0,0,0,0,0,0,,,,,,,,,,,0,/Game/Characters/Modular/Female/arms_882/arms_882/SkeletalMeshes/arms_882,/Game/Characters/Modular/Male/arms_882/arms_882/SkeletalMeshes/arms_882,,,
arms_883,883,0,0,0,0,0,0,0,,,,,,,,,,,0,/Game/Characters/Modular/Female/arms_883/arms_883/SkeletalMeshes/arms_883,/Game/Characters/Modular/Male/arms_883/arms_883/SkeletalMeshes/arms_883,,,
arms_884,884,0,0,0,0,0,0,0,,,,,,,,,,,0,/Game/Characters/Modular/Female/arms_884/arms_884/SkeletalMeshes/arms_884,/Game/Characters/Modular/Male/arms_884/arms_884/SkeletalMeshes/arms_884,,,
arms_885,885,0,0,0,0,0,0,0,,,,,,,,,,,0,/Game/Characters/Modular/Female/arms_885/arms_885/SkeletalMeshes/arms_885,/Game/Characters/Modular/Male/arms_885/arms_885/SkeletalMeshes/arms_885,,,
arms_886,886,0,0,0,0,0,0,0,,,,,,,,,,,0,/Game/Characters/Modular/Female/arms_886/arms_886/SkeletalMeshes/arms_886,/Game/Characters/Modular/Male/arms_886/arms_886/SkeletalMeshes/arms_886,,,
arms_887,887,0,0,0,0,0,0,0,,,,,,,,,,,0,/Game/Characters/Modular/Female/arms_887/arms_887/SkeletalMeshes/arms_887,/Game/Characters/Modular/Male/arms_887/arms_887/SkeletalMeshes/arms_887,,,
arms_888,888,0,0,0,0,0,0,0,,,,,,,,,,,0,/Game/Characters/Modular/Female/arms_888/arms_888/SkeletalMeshes/arms_888,/Game/Characters/Modular/Male/arms_888/arms_888/SkeletalMeshes/arms_888,,,
arms_889,889,0,0,0,0,0,0,0,,,,,,,,,,,0,/Game/Characters/Modular/Female/arms_889/arms_889/SkeletalMeshes/arms_889,/Game/Characters/Modular/Male/arms_889/arms_889/SkeletalMeshes/arms_889,,,
arms_890,890,0,0,0,0,0,0,0,,,,,,,,,,,0,/Game/Characters/Modular/Female/arms_890/arms_890/SkeletalMeshes/arms_890,/Game/Characters/Modular/Male/arms_890/arms_890/SkeletalMeshes/arms_890,,,
arms_891,891,0,0,0,0,0,0,0,,,,,,,,,,,0,/Game/Characters/Modular/Female/arms_891/arms_891/SkeletalMeshes/arms_891,/Game/Characters/Modular/Male/arms_891/arms_891/SkeletalMeshes/arms_891,,,
arms_892,892,0,0,0,0,0,0,0,,,,,,,,,,,0,/Game/Characters/Modular/Female/arms_892/arms_892/SkeletalMeshes/arms_892,/Game/Characters/Modular/Male/arms_892/arms_892/SkeletalMeshes/arms_892,,,
arms_893,893,0,0,0,0,0,0,0,,,,,,,,,,,0,/Game/Characters/Modular/Female/arms_893/arms_893/SkeletalMeshes/arms_893,/Game/Characters/Modular/Male/arms_893/arms_893/SkeletalMeshes/arms_893,,,
arms_894,894,0,0,0,0,0,0,0,,,,,,,,,,,0,/Game/Characters/Modular/Female/arms_894/arms_894/SkeletalMeshes/arms_894,/Game/Characters/Modular/Male/arms_894/arms_894/SkeletalMeshes/arms_894,,,
arms_895,895,0,0,0,0,0,0,0,,,,,,,,,,,0,/Game/Characters/Modular/Female/arms_895/arms_895/SkeletalMeshes/arms_895,/Game/Characters/Modular/Male/arms_895/arms_895/SkeletalMeshes/arms_895,,,
arms_896,896,0,0,0,0,0,0,0,,,,,,,,,,,0,/Game/Characters/Modular/Female/arms_896/arms_896/SkeletalMeshes/arms_896,/Game/Characters/Modular/Male/arms_896/arms_896/SkeletalMeshes/arms_896,,,
arms_898,898,0,0,0,0,0,0,0,,,,,,,,,,,0,/Game/Characters/Modular/Female/arms_898/arms_898/SkeletalMeshes/arms_898,/Game/Characters/Modular/Male/arms_898/arms_898/SkeletalMeshes/arms_898,,,
arms_899,899,0,0,0,0,0,0,0,,,,,,,,,,,0,/Game/Characters/Modular/Female/arms_899/arms_899/SkeletalMeshes/arms_899,/Game/Characters/Modular/Male/arms_899/arms_899/SkeletalMeshes/arms_899,,,
arms_900,900,0,0,0,0,0,0,0,,,,,,,,,,,0,/Game/Characters/Modular/Female/arms_900/arms_900/SkeletalMeshes/arms_900,/Game/Characters/Modular/Male/arms_900/arms_900/SkeletalMeshes/arms_900,,,
arms_901,901,0,0,0,0,0,0,0,,,,,,,,,,,0,/Game/Characters/Modular/Female/arms_901/arms_901/SkeletalMeshes/arms_901,/Game/Characters/Modular/Male/arms_901/arms_901/SkeletalMeshes/arms_901,,,
arms_902,902,0,0,0,0,0,0,0,,,,,,,,,,,0,/Game/Characters/Modular/Female/arms_902/arms_902/SkeletalMeshes/arms_902,/Game/Characters/Modular/Male/arms_902/arms_902/SkeletalMeshes/arms_902,,,
arms_903,903,0,0,0,0,0,0,0,,,,,,,,,,,0,/Game/Characters/Modular/Female/arms_903/arms_903/SkeletalMeshes/arms_903,/Game/Characters/Modular/Male/arms_903/arms_903/SkeletalMeshes/arms_903,,,
arms_904,904,0,0,0,0,0,0,0,,,,,,,,,,,0,/Game/Characters/Modular/Female/arms_904/arms_904/SkeletalMeshes/arms_904,/Game/Characters/Modular/Male/arms_904/arms_904/SkeletalMeshes/arms_904,,,
arms_905,905,0,0,0,0,0,0,0,,,,,,,,,,,0,/Game/Characters/Modular/Female/arms_905/arms_905/SkeletalMeshes/arms_905,/Game/Characters/Modular/Male/arms_905/arms_905/SkeletalMeshes/arms_905,,,
arms_906,906,0,0,0,0,0,0,0,,,,,,,,,,,0,/Game/Characters/Modular/Female/arms_906/arms_906/SkeletalMeshes/arms_906,/Game/Characters/Modular/Male/arms_906/arms_906/SkeletalMeshes/arms_906,,,
arms_907,907,0,0,0,0,0,0,0,,,,,,,,,,,0,/Game/Characters/Modular/Female/arms_907/arms_907/SkeletalMeshes/arms_907,/Game/Characters/Modular/Male/arms_907/arms_907/SkeletalMeshes/arms_907,,,
arms_908,908,0,0,0,0,0,0,0,,,,,,,,,,,0,/Game/Characters/Modular/Female/arms_908/arms_908/SkeletalMeshes/arms_908,/Game/Characters/Modular/Male/arms_908/arms_908/SkeletalMeshes/arms_908,,,
arms_909,909,0,0,0,0,0,0,0,,,,,,,,,,,0,/Game/Characters/Modular/Female/arms_909/arms_909/SkeletalMeshes/arms_909,/Game/Characters/Modular/Male/arms_909/arms_909/SkeletalMeshes/arms_909,,,
arms_910,910,0,0,0,0,0,0,0,,,,,,,,,,,0,/Game/Characters/Modular/Female/arms_910/arms_910/SkeletalMeshes/arms_910,/Game/Characters/Modular/Male/arms_910/arms_910/SkeletalMeshes/arms_910,,,
arms_911,911,0,0,0,0,0,0,0,,,,,,,,,,,0,/Game/Characters/Modular/Female/arms_911/arms_911/SkeletalMeshes/arms_911,/Game/Characters/Modular/Male/arms_911/arms_911/SkeletalMeshes/arms_911,,,
arms_912,912,0,0,0,0,0,0,0,,,,,,,,,,,0,/Game/Characters/Modular/Female/arms_912/arms_912/SkeletalMeshes/arms_912,/Game/Characters/Modular/Male/arms_912/arms_912/SkeletalMeshes/arms_912,,,
arms_913,913,0,0,0,0,0,0,0,,,,,,,,,,,0,/Game/Characters/Modular/Female/arms_913/arms_913/SkeletalMeshes/arms_913,/Game/Characters/Modular/Male/arms_913/arms_913/SkeletalMeshes/arms_913,,,
arms_914,914,0,0,0,0,0,0,0,,,,,,,,,,,0,/Game/Characters/Modular/Female/arms_914/arms_914/SkeletalMeshes/arms_914,/Game/Characters/Modular/Male/arms_914/arms_914/SkeletalMeshes/arms_914,,,
arms_915,915,0,0,0,0,0,0,0,,,,,,,,,,,0,/Game/Characters/Modular/Female/arms_915/arms_915/SkeletalMeshes/arms_915,/Game/Characters/Modular/Male/arms_915/arms_915/SkeletalMeshes/arms_915,,,
arms_916,916,0,0,0,0,0,0,0,,,,,,,,,,,0,/Game/Characters/Modular/Female/arms_916/arms_916/SkeletalMeshes/arms_916,/Game/Characters/Modular/Male/arms_916/arms_916/SkeletalMeshes/arms_916,,,
arms_917,917,0,0,0,0,0,0,0,,,,,,,,,,,0,/Game/Characters/Modular/Female/arms_917/arms_917/SkeletalMeshes/arms_917,/Game/Characters/Modular/Male/arms_917/arms_917/SkeletalMeshes/arms_917,,,
arms_918,918,0,0,0,0,0,0,0,,,,,,,,,,,0,/Game/Characters/Modular/Female/arms_918/arms_918/SkeletalMeshes/arms_918,/Game/Characters/Modular/Male/arms_918/arms_918/SkeletalMeshes/arms_918,,,
arms_919,919,0,0,0,0,0,0,0,,,,,,,,,,,0,/Game/Characters/Modular/Female/arms_919/arms_919/SkeletalMeshes/arms_919,/Game/Characters/Modular/Male/arms_919/arms_919/SkeletalMeshes/arms_919,,,
arms_920,920,141,176,124,3562,83,232290,0,31,255,,,20,30,10,15,100,5,226,/Game/Characters/Modular/Female/arms_920/arms_920/SkeletalMeshes/arms_920,/Game/Characters/Modular/Male/arms_920/arms_920/SkeletalMeshes/arms_920,LARM920,Accelerator  Gloves,
arms_921,921,142,160,125,3563,86,245850,0,31,255,,,20,30,12,15,100,2,234,/Game/Characters/Modular/Female/arms_921/arms_921/SkeletalMeshes/arms_921,/Game/Characters/Modular/Male/arms_921/arms_921/SkeletalMeshes/arms_921,LARM921,Pathwalker Gloves,
arms_922,922,143,155,113,3608,37,14050,0,,,,,11,30,22,50,125,1,242,/Game/Characters/Modular/Female/arms_922/arms_922/SkeletalMeshes/arms_922,/Game/Characters/Modular/Male/arms_922/arms_922/SkeletalMeshes/arms_922,LARM922,Barbarian Gloves,
arms_923,923,143,150,114,3603,95,262600,0,,,,,20,40,13,30,125,2,238,/Game/Characters/Modular/Female/arms_923/arms_923/SkeletalMeshes/arms_923,/Game/Characters/Modular/Male/arms_923/arms_923/SkeletalMeshes/arms_923,LARM923,Robin Hood Gloves,
arms_924,924,141,176,124,3605,83,232290,0,31,255,,,20,30,10,15,100,5,226,/Game/Characters/Modular/Female/arms_924/arms_924/SkeletalMeshes/arms_924,/Game/Characters/Modular/Male/arms_924/arms_924/SkeletalMeshes/arms_924,LARM924,Paladin Gloves,
arms_925,925,142,168,125,3567,86,245850,0,31,255,,,20,30,12,15,100,2,234,/Game/Characters/Modular/Female/arms_925/arms_925/SkeletalMeshes/arms_925,/Game/Characters/Modular/Male/arms_925/arms_925/SkeletalMeshes/arms_925,LARM925,Divine Spirit Gloves,
arms_926,926,143,175,133,3568,82,223250,0,31,255,,,20,30,11,15,100,3,230,/Game/Characters/Modular/Female/arms_926/arms_926/SkeletalMeshes/arms_926,/Game/Characters/Modular/Male/arms_926/arms_926/SkeletalMeshes/arms_926,LARM926,Beast Gloves,
arms_927,927,143,170,134,3549,95,262600,0,31,255,,,20,30,13,15,100,2,238,/Game/Characters/Modular/Female/arms_927/arms_927/SkeletalMeshes/arms_927,/Game/Characters/Modular/Male/arms_927/arms_927/SkeletalMeshes/arms_927,LARM927,Mortar Unit Gloves,
arms_928,928,143,50,50,4010,37,140500,0,,,,,20,20,18,20,53,1,242,/Game/Characters/Modular/Female/arms_928/arms_928/SkeletalMeshes/arms_928,/Game/Characters/Modular/Male/arms_928/arms_928/SkeletalMeshes/arms_928,LARM928,Dragon Hands,
arms_929,929,141,156,104,3569,83,232290,0,,,,,20,40,10,30,125,5,226,/Game/Characters/Modular/Female/arms_929/arms_929/SkeletalMeshes/arms_929,/Game/Characters/Modular/Male/arms_929/arms_929/SkeletalMeshes/arms_929,LARM929,Firegone Gloves,
arms_930,930,142,148,105,3549,86,245850,0,,,,,20,40,12,30,125,2,234,/Game/Characters/Modular/Female/arms_930/arms_930/SkeletalMeshes/arms_930,/Game/Characters/Modular/Male/arms_930/arms_930/SkeletalMeshes/arms_930,LARM930,Kashmir Gloves,
arms_931,931,143,148,105,3617,37,140500,0,,,,,18,40,12,30,125,1,242,/Game/Characters/Modular/Female/arms_931/arms_931/SkeletalMeshes/arms_931,/Game/Characters/Modular/Male/arms_931/arms_931/SkeletalMeshes/arms_931,LARM931,Luxurious Kitty Gloves,
arms_932,932,143,165,123,3575,82,223250,0,31,255,,,20,30,11,15,100,3,230,/Game/Characters/Modular/Female/arms_932/arms_932/SkeletalMeshes/arms_932,/Game/Characters/Modular/Male/arms_932/arms_932/SkeletalMeshes/arms_932,LARM932,Pirate Gloves,
arms_933,933,143,125,90,3552,37,140500,0,,,,,18,30,22,10,53,1,242,/Game/Characters/Modular/Female/arms_933/arms_933/SkeletalMeshes/arms_933,/Game/Characters/Modular/Male/arms_933/arms_933/SkeletalMeshes/arms_933,LARM933,Panda Gloves,
arms_934,934,143,125,90,3553,37,140500,0,,,,,20,30,19,10,53,1,242,/Game/Characters/Modular/Female/arms_934/arms_934/SkeletalMeshes/arms_934,/Game/Characters/Modular/Male/arms_934/arms_934/SkeletalMeshes/arms_934,LARM934,Froggy Gloves,
arms_935,935,143,125,90,3554,37,140500,0,,,,,22,30,21,10,53,1,242,/Game/Characters/Modular/Female/arms_935/arms_935/SkeletalMeshes/arms_935,/Game/Characters/Modular/Male/arms_935/arms_935/SkeletalMeshes/arms_935,LARM935,Koala Gloves,
arms_936,936,143,50,50,3556,37,140500,0,,,,,20,20,18,20,53,1,242,/Game/Characters/Modular/Female/arms_936/arms_936/SkeletalMeshes/arms_936,/Game/Characters/Modular/Male/arms_936/arms_936/SkeletalMeshes/arms_936,LARM936,Strawberry Gloves,
arms_937,937,143,150,114,3555,37,140500,0,,,,,10,30,19,50,125,1,242,/Game/Characters/Modular/Female/arms_937/arms_937/SkeletalMeshes/arms_937,/Game/Characters/Modular/Male/arms_937/arms_937/SkeletalMeshes/arms_937,LARM937,Final Fantasy VII Gloves,
arms_938,938,143,170,134,3549,95,262600,0,31,255,,,20,30,13,15,100,2,238,/Game/Characters/Modular/Female/arms_938/arms_938/SkeletalMeshes/arms_938,/Game/Characters/Modular/Male/arms_938/arms_938/SkeletalMeshes/arms_938,LARM938,Kevlar Gloves,
arms_939,939,143,155,113,3519,82,223250,0,,,,,20,40,11,30,125,3,230,/Game/Characters/Modular/Female/arms_939/arms_939/SkeletalMeshes/arms_939,/Game/Characters/Modular/Male/arms_939/arms_939/SkeletalMeshes/arms_939,LARM939,Tatoo Gloves,
arms_940,940,143,155,113,3519,82,223250,0,,,,,18,40,11,30,125,3,230,/Game/Characters/Modular/Female/arms_940/arms_940/SkeletalMeshes/arms_940,/Game/Characters/Modular/Male/arms_940/arms_940/SkeletalMeshes/arms_940,LARM940,Tatoo Gloves Red,
arms_941,941,141,156,104,3569,83,232290,0,,,,,18,40,10,30,125,5,226,/Game/Characters/Modular/Female/arms_941/arms_941/SkeletalMeshes/arms_941,/Game/Characters/Modular/Male/arms_941/arms_941/SkeletalMeshes/arms_941,LARM941,Firegon Gloves Blue,
arms_942,942,143,155,113,3568,82,223250,0,,,,,18,40,11,30,125,3,230,/Game/Characters/Modular/Female/arms_942/arms_942/SkeletalMeshes/arms_942,/Game/Characters/Modular/Male/arms_942/arms_942/SkeletalMeshes/arms_942,LARM942,Beast Gloves Blue,
arms_963,963,0,0,0,0,0,0,0,,,,,,,,,,,0,/Game/Characters/Modular/Female/arms_963/arms_963/SkeletalMeshes/arms_963,/Game/Characters/Modular/Male/arms_963/arms_963/SkeletalMeshes/arms_963,,,
arms_964,964,0,0,0,0,0,0,0,,,,,,,,,,,0,/Game/Characters/Modular/Female/arms_964/arms_964/SkeletalMeshes/arms_964,/Game/Characters/Modular/Male/arms_964/arms_964/SkeletalMeshes/arms_964,,,
arms_965,965,0,0,0,0,0,0,0,,,,,,,,,,,0,/Game/Characters/Modular/Female/arms_965/arms_965/SkeletalMeshes/arms_965,/Game/Characters/Modular/Male/arms_965/arms_965/SkeletalMeshes/arms_965,,,
arms_966,966,0,0,0,0,0,0,0,,,,,,,,,,,0,/Game/Characters/Modular/Female/arms_966/arms_966/SkeletalMeshes/arms_966,/Game/Characters/Modular/Male/arms_966/arms_966/SkeletalMeshes/arms_966,,,
arms_970,970,0,0,0,0,0,0,0,,,,,,,,,,,0,/Game/Characters/Modular/Female/arms_970/arms_970/SkeletalMeshes/arms_970,/Game/Characters/Modular/Male/arms_970/arms_970/SkeletalMeshes/arms_970,,,
arms_971,971,0,0,0,0,0,0,0,,,,,,,,,,,0,/Game/Characters/Modular/Female/arms_971/arms_971/SkeletalMeshes/arms_971,/Game/Characters/Modular/Male/arms_971/arms_971/SkeletalMeshes/arms_971,,,
arms_972,972,0,0,0,0,0,0,0,,,,,,,,,,,0,/Game/Characters/Modular/Female/arms_972/arms_972/SkeletalMeshes/arms_972,/Game/Characters/Modular/Male/arms_972/arms_972/SkeletalMeshes/arms_972,,,
arms_973,973,0,0,0,0,0,0,0,,,,,,,,,,,0,/Game/Characters/Modular/Female/arms_973/arms_973/SkeletalMeshes/arms_973,/Game/Characters/Modular/Male/arms_973/arms_973/SkeletalMeshes/arms_973,,,
arms_996,996,141,156,104,3182,83,280000,0,,,,,20,40,10,30,125,5,226,/Game/Characters/Modular/Female/arms_996/arms_996/SkeletalMeshes/arms_996,/Game/Characters/Modular/Male/arms_996/arms_996/SkeletalMeshes/arms_996,LARM996,Onslaught Gloves,x
arms_997,997,142,125,135,3183,86,280000,0,,,,,20,40,12,30,125,2,234,/Game/Characters/Modular/Female/arms_997/arms_997/SkeletalMeshes/arms_997,/Game/Characters/Modular/Male/arms_997/arms_997/SkeletalMeshes/arms_997,LARM997,Plane Shift Gloves,x
arms_998,998,143,155,113,3185,82,280000,0,,,,,20,40,11,30,125,3,230,/Game/Characters/Modular/Female/arms_998/arms_998/SkeletalMeshes/arms_998,/Game/Characters/Modular/Male/arms_998/arms_998/SkeletalMeshes/arms_998,LARM998,Mirrodin Gloves,x
arms_999,999,143,150,114,3186,95,280000,0,,,,,20,40,13,30,125,2,238,/Game/Characters/Modular/Female/arms_999/arms_999/SkeletalMeshes/arms_999,/Game/Characters/Modular/Male/arms_999/arms_999/SkeletalMeshes/arms_999,LARM999,Mercadian Gloves,x
