Name,Id,Type,Defense,MagicResist,IconIdx,Quality,BasePrice,PriceRate,MoveSpeed,ReqStat1,ReqAmount1,ReqStat2,ReqAmount2,BonusStat1,BonusAmount1,BonusStat2,BonusAmount2,Durability,Weight,FieldItemId,MeshFemale,MeshMale,StlKey,DisplayName,Description
back_1,1,163,30,30,799,30,68000,0,,,,,,23,100,10,15,70,0,248,/Game/Characters/Modular/Female/back_1/back_1/SkeletalMeshes/back_1,/Game/Characters/Modular/Male/back_1/back_1/SkeletalMeshes/back_1,LBAC001,Little Black Seraph Wing,A Very Cute Smaller Version of Seraph Wing
back_2,2,163,30,30,2461,30,68000,0,,,,,,23,100,11,15,70,0,248,/Game/Characters/Modular/Female/back_2/back_2/SkeletalMeshes/back_2,/Game/Characters/Modular/Male/back_2/back_2/SkeletalMeshes/back_2,LBAC002,Little Blue Seraph Wing,A Very Cute Smaller Version of Seraph Wing
back_3,3,163,30,30,2463,30,68000,0,,,,,,23,100,12,15,70,0,248,/Game/Characters/Modular/Female/back_3/back_3/SkeletalMeshes/back_3,/Game/Characters/Modular/Male/back_3/back_3/SkeletalMeshes/back_3,LBAC820,Gundam Purple Wings ,Gundam Purple Wings 
back_4,4,163,30,30,2462,30,68000,0,,,,,,23,100,13,15,70,0,248,/Game/Characters/Modular/Female/back_4/back_4/SkeletalMeshes/back_4,/Game/Characters/Modular/Male/back_4/back_4/SkeletalMeshes/back_4,LBAC004,Little Pink Seraph Wing,A Very Cute Smaller Version of Seraph Wing
back_5,5,161,50,50,3516,30,68000,0,,31,90,,,19,10,26,10,70,0,248,/Game/Characters/Modular/Female/back_5/back_5/SkeletalMeshes/back_5,/Game/Characters/Modular/Male/back_5/back_5/SkeletalMeshes/back_5,LBAC005,Scorpion Backshield,A Backshield made up of Scorpion
back_6,6,163,50,50,5070,30,68000,0,,31,131,,,20,100,19,100,120,0,248,/Game/Characters/Modular/Female/back_6/back_6/SkeletalMeshes/back_6,/Game/Characters/Modular/Male/back_6/back_6/SkeletalMeshes/back_6,LBAC006,Bone Wing,A Wing made up of Scorpion
back_7,7,161,50,50,3512,30,68000,0,,31,90,,,10,15,11,15,70,0,248,/Game/Characters/Modular/Female/back_7/back_7/SkeletalMeshes/back_7,/Game/Characters/Modular/Male/back_7/back_7/SkeletalMeshes/back_7,LBAC007,Chimpansy Backpack,A Backshield made up of Chimpansy
back_8,8,163,50,50,5071,30,68000,0,,31,131,,,20,100,11,30,120,0,248,/Game/Characters/Modular/Female/back_8/back_8/SkeletalMeshes/back_8,/Game/Characters/Modular/Male/back_8/back_8/SkeletalMeshes/back_8,LBAC008,Cloud Wings,A Wing made up of Weird Looking Cloud
back_9,9,163,45,45,3504,30,68000,0,,31,90,,,20,50,11,15,120,0,248,/Game/Characters/Modular/Female/back_9/back_9/SkeletalMeshes/back_9,/Game/Characters/Modular/Male/back_9/back_9/SkeletalMeshes/back_9,LBAC009,Dragon Wings Blue,A Wing taken from Blue Dragons
back_10,10,163,45,45,3505,30,68000,0,,31,90,,,20,50,10,15,120,0,248,/Game/Characters/Modular/Female/back_10/back_10/SkeletalMeshes/back_10,/Game/Characters/Modular/Male/back_10/back_10/SkeletalMeshes/back_10,LBAC010,Dragon Wings Red,A Wing taken from Red Dragons
back_11,11,161,50,50,5072,30,68000,0,,31,131,,,20,100,26,50,120,0,248,/Game/Characters/Modular/Female/back_11/back_11/SkeletalMeshes/back_11,/Game/Characters/Modular/Male/back_11/back_11/SkeletalMeshes/back_11,LBAC011,Samurai's Spirit,Ancient mystical symbols infuse this rare item with the ability to make it's wearer feel invulnerable.
back_12,12,163,35,35,3497,30,68000,0,,31,90,,,23,90,19,10,70,0,248,/Game/Characters/Modular/Female/back_12/back_12/SkeletalMeshes/back_12,/Game/Characters/Modular/Male/back_12/back_12/SkeletalMeshes/back_12,LBAC012,Frost Wings,A Wing taken from Frost Mobs
back_13,13,161,50,50,3514,30,68000,0,,31,90,,,25,1500,13,20,70,0,248,/Game/Characters/Modular/Female/back_13/back_13/SkeletalMeshes/back_13,/Game/Characters/Modular/Male/back_13/back_13/SkeletalMeshes/back_13,LBAC013,Gembasket Big,A Gem Bag that was taken from Ikannes mobs
back_14,14,161,50,50,3514,30,68000,0,,31,90,,,25,1500,15,20,70,0,248,/Game/Characters/Modular/Female/back_14/back_14/SkeletalMeshes/back_14,/Game/Characters/Modular/Male/back_14/back_14/SkeletalMeshes/back_14,LBAC014,Gembasket Small,A Smaller version of Gembasket BIG
back_15,15,163,35,35,3506,30,68000,0,,31,90,,,12,10,10,10,70,0,248,/Game/Characters/Modular/Female/back_15/back_15/SkeletalMeshes/back_15,/Game/Characters/Modular/Male/back_15/back_15/SkeletalMeshes/back_15,LBAC015,Green Glass Wings,A Wing made up of Green Glass
back_16,16,163,35,35,3507,30,68000,0,,31,90,,,12,10,11,10,70,0,248,/Game/Characters/Modular/Female/back_16/back_16/SkeletalMeshes/back_16,/Game/Characters/Modular/Male/back_16/back_16/SkeletalMeshes/back_16,LBAC016,Violet Glass Wings,A Wing made up of Violet Glass
back_17,17,163,50,50,5076,30,68000,0,,31,131,,,20,100,19,100,120,0,248,/Game/Characters/Modular/Female/back_17/back_17/SkeletalMeshes/back_17,/Game/Characters/Modular/Male/back_17/back_17/SkeletalMeshes/back_17,LBAC017,Black Orange Astarot Wing,A Rare Astarot Wing with awesome Colors
back_18,18,163,35,35,8161,30,68000,0,,31,130,,,23,90,11,15,70,0,248,/Game/Characters/Modular/Female/back_18/back_18/SkeletalMeshes/back_18,/Game/Characters/Modular/Male/back_18/back_18/SkeletalMeshes/back_18,LBAC018,Brown Hook Wings,A Wing Take off Hook Wing Mobs
back_19,19,162,50,50,5073,30,68000,0,,31,131,,,20,100,26,50,120,0,248,/Game/Characters/Modular/Female/back_19/back_19/SkeletalMeshes/back_19,/Game/Characters/Modular/Male/back_19/back_19/SkeletalMeshes/back_19,LBAC019,Lunar Moldy Backpack,A Backpack with a design of a cute Lunar Moldy Design
back_20,20,163,35,35,3499,30,68000,0,,31,90,,,23,150,12,15,70,0,248,/Game/Characters/Modular/Female/back_20/back_20/SkeletalMeshes/back_20,/Game/Characters/Modular/Male/back_20/back_20/SkeletalMeshes/back_20,LBAC020,Slag Wings,A Wing taken from Slag Mobs
back_21,21,163,50,50,5182,30,68000,0,,31,131,,,20,100,11,30,120,0,248,/Game/Characters/Modular/Female/back_21/back_21/SkeletalMeshes/back_21,/Game/Characters/Modular/Male/back_21/back_21/SkeletalMeshes/back_21,LBAC021,Tirwin Wings Pink,A Rare Wing taken from Tirwin Mobs
back_22,22,163,50,50,5181,30,68000,0,,31,131,,,20,100,10,30,120,0,248,/Game/Characters/Modular/Female/back_22/back_22/SkeletalMeshes/back_22,/Game/Characters/Modular/Male/back_22/back_22/SkeletalMeshes/back_22,LBAC022,Tirwin Wings Red,A Rare Wing taken from Tirwin Mobs
back_23,23,161,35,35,3498,30,68000,0,,31,90,,,23,150,22,15,70,0,248,/Game/Characters/Modular/Female/back_23/back_23/SkeletalMeshes/back_23,/Game/Characters/Modular/Male/back_23/back_23/SkeletalMeshes/back_23,LBAC023,Tyrant Back,A Wing taken from Tyrant Mobs
back_24,24,161,50,50,3511,30,68000,0,,,,,,23,150,15,10,70,0,248,/Game/Characters/Modular/Female/back_24/back_24/SkeletalMeshes/back_24,/Game/Characters/Modular/Male/back_24/back_24/SkeletalMeshes/back_24,LBAC024,Winter Barrel,"A sturdy barrel built of wood from an outside world, very resistant against heat, cold, electricity and flaming skulls."
back_25,25,163,50,50,5074,30,68000,0,,31,131,,,20,100,19,100,120,0,248,/Game/Characters/Modular/Female/back_25/back_25/SkeletalMeshes/back_25,/Game/Characters/Modular/Male/back_25/back_25/SkeletalMeshes/back_25,LBAC025,Alpha Wings,"Wings created in the name of Alpha, the beginning."
back_26,26,163,50,50,5075,30,68000,0,,31,131,,,20,100,12,30,120,0,248,/Game/Characters/Modular/Female/back_26/back_26/SkeletalMeshes/back_26,/Game/Characters/Modular/Male/back_26/back_26/SkeletalMeshes/back_26,LBAC026,Archangel Wing,Holy wings of an archangel.
back_27,27,161,50,50,5101,30,68000,0,,31,131,,,20,100,12,30,120,0,248,/Game/Characters/Modular/Female/back_27/back_27/SkeletalMeshes/back_27,/Game/Characters/Modular/Male/back_27/back_27/SkeletalMeshes/back_27,LBAC027,Blue Cross Shield,A Blue Version of the Cross Shield
back_28,28,163,45,45,3501,30,68000,0,,31,130,,,23,120,11,15,70,0,248,/Game/Characters/Modular/Female/back_28/back_28/SkeletalMeshes/back_28,/Game/Characters/Modular/Male/back_28/back_28/SkeletalMeshes/back_28,LBAC028,Antares BackShield,Wings forged from the remains of the Turak
back_29,29,163,50,50,5077,30,68000,0,,31,131,,,20,100,13,30,120,0,248,/Game/Characters/Modular/Female/back_29/back_29/SkeletalMeshes/back_29,/Game/Characters/Modular/Male/back_29/back_29/SkeletalMeshes/back_29,LBAC029,Astarot Black Light Wing,
back_30,30,163,50,50,5078,30,68000,0,,31,131,,,20,100,12,30,120,0,248,/Game/Characters/Modular/Female/back_30/back_30/SkeletalMeshes/back_30,/Game/Characters/Modular/Male/back_30/back_30/SkeletalMeshes/back_30,LBAC030,Astarot Crystal Wing,
back_31,31,163,50,50,5086,30,68000,0,,31,131,,,20,100,18,50,120,0,248,/Game/Characters/Modular/Female/back_31/back_31/SkeletalMeshes/back_31,/Game/Characters/Modular/Male/back_31/back_31/SkeletalMeshes/back_31,LBAC031,Astarot Holy Wing,
back_32,32,163,50,50,5079,30,68000,0,,31,131,,,20,100,18,50,120,0,248,/Game/Characters/Modular/Female/back_32/back_32/SkeletalMeshes/back_32,/Game/Characters/Modular/Male/back_32/back_32/SkeletalMeshes/back_32,LBAC032,Astarot Holy Aqua Wing,
back_33,33,163,50,50,5080,30,68000,0,,31,131,,,20,100,26,50,120,0,248,/Game/Characters/Modular/Female/back_33/back_33/SkeletalMeshes/back_33,/Game/Characters/Modular/Male/back_33/back_33/SkeletalMeshes/back_33,LBAC033,Astarot Holy Pink Wing,
back_34,34,163,50,50,5081,30,68000,0,,31,131,,,20,100,15,30,120,0,248,/Game/Characters/Modular/Female/back_34/back_34/SkeletalMeshes/back_34,/Game/Characters/Modular/Male/back_34/back_34/SkeletalMeshes/back_34,LBAC034,Astarot Lime Wing,
back_35,35,163,50,50,5083,30,68000,0,,31,131,,,20,100,10,30,120,0,248,/Game/Characters/Modular/Female/back_35/back_35/SkeletalMeshes/back_35,/Game/Characters/Modular/Male/back_35/back_35/SkeletalMeshes/back_35,LBAC035,Astarot Midnight Wing,
back_36,36,163,50,50,5084,30,68000,0,,31,131,,,20,100,13,30,120,0,248,/Game/Characters/Modular/Female/back_36/back_36/SkeletalMeshes/back_36,/Game/Characters/Modular/Male/back_36/back_36/SkeletalMeshes/back_36,LBAC036,Astarot Sapphire Wing,
back_37,37,163,50,50,5085,30,68000,0,,31,131,,,20,100,15,30,120,0,248,/Game/Characters/Modular/Female/back_37/back_37/SkeletalMeshes/back_37,/Game/Characters/Modular/Male/back_37/back_37/SkeletalMeshes/back_37,LBAC037,Astarot Silk Purple Wing,
back_38,38,163,50,50,5086,30,68000,0,,31,131,,,20,100,10,30,120,0,248,/Game/Characters/Modular/Female/back_38/back_38/SkeletalMeshes/back_38,/Game/Characters/Modular/Male/back_38/back_38/SkeletalMeshes/back_38,LBAC038,Astarot Sunshine Wing,
back_39,39,161,45,45,3508,30,68000,0,,,,,,23,90,19,10,70,0,248,/Game/Characters/Modular/Female/back_39/back_39/SkeletalMeshes/back_39,/Game/Characters/Modular/Male/back_39/back_39/SkeletalMeshes/back_39,LBAC039,Philippine Flag,A Flag with the symbol of the philippines
back_40,40,163,20,20,8143,30,68000,0,,31,130,,,23,90,10,15,70,0,248,/Game/Characters/Modular/Female/back_40/back_40/SkeletalMeshes/back_40,/Game/Characters/Modular/Male/back_40/back_40/SkeletalMeshes/back_40,LBAC040,Blaze Wings,
back_41,41,161,50,50,5184,30,68000,0,,31,131,,,20,100,11,30,120,0,248,/Game/Characters/Modular/Female/back_41/back_41/SkeletalMeshes/back_41,/Game/Characters/Modular/Male/back_41/back_41/SkeletalMeshes/back_41,LBAC041,Moldy Backpack,A Backpack with the design of a moldy
back_42,42,161,50,50,5102,30,68000,0,,31,131,,,20,100,10,30,120,0,248,/Game/Characters/Modular/Female/back_42/back_42/SkeletalMeshes/back_42,/Game/Characters/Modular/Male/back_42/back_42/SkeletalMeshes/back_42,LBAC042,Church Cross Shield,A shield in the shape of a cross. It's supposedly designed to attack enemies behind you.
back_43,43,161,50,50,5103,30,68000,0,,31,131,,,20,100,13,30,120,0,248,/Game/Characters/Modular/Female/back_43/back_43/SkeletalMeshes/back_43,/Game/Characters/Modular/Male/back_43/back_43/SkeletalMeshes/back_43,LBAC043,Crystal Cross Shield,A shield in the shape of a cross. It's supposedly designed to attack enemies behind you.
back_44,44,161,50,50,5104,30,68000,0,,31,131,,,20,100,15,30,120,0,248,/Game/Characters/Modular/Female/back_44/back_44/SkeletalMeshes/back_44,/Game/Characters/Modular/Male/back_44/back_44/SkeletalMeshes/back_44,LBAC044,Gold Cross Shield,A shield in the shape of a cross. It's supposedly designed to attack enemies behind you.
back_45,45,161,50,50,5105,30,68000,0,,31,131,,,20,100,19,50,120,0,248,/Game/Characters/Modular/Female/back_45/back_45/SkeletalMeshes/back_45,/Game/Characters/Modular/Male/back_45/back_45/SkeletalMeshes/back_45,LBAC045,Holy Cross Shield,A shield in the shape of a cross. It's supposedly designed to attack enemies behind you.
back_46,46,161,50,50,5106,30,68000,0,,31,131,,,20,100,15,30,120,0,248,/Game/Characters/Modular/Female/back_46/back_46/SkeletalMeshes/back_46,/Game/Characters/Modular/Male/back_46/back_46/SkeletalMeshes/back_46,LBAC046,Lime Cross Shield,A shield in the shape of a cross. It's supposedly designed to attack enemies behind you.
back_47,47,161,50,50,5107,30,68000,0,,31,131,,,20,100,12,30,120,0,248,/Game/Characters/Modular/Female/back_47/back_47/SkeletalMeshes/back_47,/Game/Characters/Modular/Male/back_47/back_47/SkeletalMeshes/back_47,LBAC047,Liquid Metal Cross Shield,A shield in the shape of a cross. It's supposedly designed to attack enemies behind you.
back_48,48,161,50,50,5109,30,68000,0,,31,131,,,20,100,26,50,120,0,248,/Game/Characters/Modular/Female/back_48/back_48/SkeletalMeshes/back_48,/Game/Characters/Modular/Male/back_48/back_48/SkeletalMeshes/back_48,LBAC048,Midnight Cross Shield,A shield in the shape of a cross. It's supposedly designed to attack enemies behind you.
back_49,49,161,50,50,5110,30,68000,0,,31,131,,,20,100,15,30,120,0,248,/Game/Characters/Modular/Female/back_49/back_49/SkeletalMeshes/back_49,/Game/Characters/Modular/Male/back_49/back_49/SkeletalMeshes/back_49,LBAC049,Sapphire Cross Shield,A shield in the shape of a cross. It's supposedly designed to attack enemies behind you.
back_50,50,163,50,50,5113,30,68000,0,,31,131,,,20,100,22,50,120,0,248,/Game/Characters/Modular/Female/back_50/back_50/SkeletalMeshes/back_50,/Game/Characters/Modular/Male/back_50/back_50/SkeletalMeshes/back_50,LBAC050,Aqua Seraph Wing,Wings that call out to a great angel.
back_51,51,163,50,50,5114,30,68000,0,,31,131,,,20,100,18,50,120,0,248,/Game/Characters/Modular/Female/back_51/back_51/SkeletalMeshes/back_51,/Game/Characters/Modular/Male/back_51/back_51/SkeletalMeshes/back_51,LBAC051,Bloody Seraph Wing,Wings that call out to a great angel.
back_52,52,163,50,50,5115,30,68000,0,,31,131,,,20,100,26,50,120,0,248,/Game/Characters/Modular/Female/back_52/back_52/SkeletalMeshes/back_52,/Game/Characters/Modular/Male/back_52/back_52/SkeletalMeshes/back_52,LBAC052,Crystal Seraph Wing,Wings that call out to a great angel.
back_53,53,163,50,50,5116,30,68000,0,,31,131,,,20,100,22,50,120,0,248,/Game/Characters/Modular/Female/back_53/back_53/SkeletalMeshes/back_53,/Game/Characters/Modular/Male/back_53/back_53/SkeletalMeshes/back_53,LBAC053,Midnight Seraph Wing,Wings that call out to a great angel.
back_54,54,163,50,50,5117,30,68000,0,,31,131,,,20,100,19,100,120,0,248,/Game/Characters/Modular/Female/back_54/back_54/SkeletalMeshes/back_54,/Game/Characters/Modular/Male/back_54/back_54/SkeletalMeshes/back_54,LBAC054,Purple Seraph Wing,Wings that call out to a great angel.
back_55,55,163,50,50,5118,30,68000,0,,31,131,,,20,100,21,100,120,0,248,/Game/Characters/Modular/Female/back_55/back_55/SkeletalMeshes/back_55,/Game/Characters/Modular/Male/back_55/back_55/SkeletalMeshes/back_55,LBAC055,Sapphire Seraph Wing,Wings that call out to a great angel.
back_56,56,163,50,50,5119,30,68000,0,,31,131,,,20,100,18,50,120,0,248,/Game/Characters/Modular/Female/back_56/back_56/SkeletalMeshes/back_56,/Game/Characters/Modular/Male/back_56/back_56/SkeletalMeshes/back_56,LBAC056,Sunshine Seraph Wing,Wings that call out to a great angel.
back_57,57,163,50,50,5122,30,68000,0,,31,131,,,20,100,19,50,120,0,248,/Game/Characters/Modular/Female/back_57/back_57/SkeletalMeshes/back_57,/Game/Characters/Modular/Male/back_57/back_57/SkeletalMeshes/back_57,LBAC057,Omega Wings,"Wings created in the name of Omega, the end."
back_58,58,163,50,50,5123,30,68000,0,,31,131,,,20,100,19,50,120,0,248,/Game/Characters/Modular/Female/back_58/back_58/SkeletalMeshes/back_58,/Game/Characters/Modular/Male/back_58/back_58/SkeletalMeshes/back_58,LBAC058,Arua Pink Wing,
back_59,59,163,50,50,3513,30,68000,0,,31,90,,,23,90,13,5,70,0,248,/Game/Characters/Modular/Female/back_59/back_59/SkeletalMeshes/back_59,/Game/Characters/Modular/Male/back_59/back_59/SkeletalMeshes/back_59,LBAC059,Black Cupid Wing,
back_60,60,163,50,50,3513,30,68000,0,,31,90,,,23,90,15,5,70,0,248,/Game/Characters/Modular/Female/back_60/back_60/SkeletalMeshes/back_60,/Game/Characters/Modular/Male/back_60/back_60/SkeletalMeshes/back_60,LBAC060,Cupid Wing,
back_61,61,163,50,50,5124,30,68000,0,,31,131,,,20,100,15,30,120,0,248,/Game/Characters/Modular/Female/back_61/back_61/SkeletalMeshes/back_61,/Game/Characters/Modular/Male/back_61/back_61/SkeletalMeshes/back_61,LBAC061,Fairy Cape,
back_62,62,163,50,50,5125,30,68000,0,,31,131,,,20,100,12,30,120,0,248,/Game/Characters/Modular/Female/back_62/back_62/SkeletalMeshes/back_62,/Game/Characters/Modular/Male/back_62/back_62/SkeletalMeshes/back_62,LBAC062,Ninja Shuriken,
back_63,63,162,50,50,5193,30,68000,0,,31,131,,,20,100,22,50,120,0,248,/Game/Characters/Modular/Female/back_63/back_63/SkeletalMeshes/back_63,/Game/Characters/Modular/Male/back_63/back_63/SkeletalMeshes/back_63,LBAC063,White Bear Bag,
back_64,64,163,50,50,5126,30,68000,0,,31,131,,,20,100,19,100,120,0,248,/Game/Characters/Modular/Female/back_64/back_64/SkeletalMeshes/back_64,/Game/Characters/Modular/Male/back_64/back_64/SkeletalMeshes/back_64,LBAC064,Price Wing,
back_65,65,163,50,50,5127,30,68000,0,,31,131,,,20,100,22,50,120,0,248,/Game/Characters/Modular/Female/back_65/back_65/SkeletalMeshes/back_65,/Game/Characters/Modular/Male/back_65/back_65/SkeletalMeshes/back_65,LBAC065,Sikuku Backshield,
back_66,66,163,50,50,3515,30,68000,0,,31,90,,,23,90,10,5,70,0,248,/Game/Characters/Modular/Female/back_66/back_66/SkeletalMeshes/back_66,/Game/Characters/Modular/Male/back_66/back_66/SkeletalMeshes/back_66,LBAC066,Scarab Bag,A fabulous bag created from gold and scarab shells.
back_67,67,163,50,50,5128,30,68000,0,,31,131,,,20,100,18,50,120,0,248,/Game/Characters/Modular/Female/back_67/back_67/SkeletalMeshes/back_67,/Game/Characters/Modular/Male/back_67/back_67/SkeletalMeshes/back_67,LBAC067,Astronaut Back,A backpack used by astronauts on space travels.
back_68,68,163,50,50,3502,30,68000,0,,31,125,,,20,50,10,5,120,0,248,/Game/Characters/Modular/Female/back_68/back_68/SkeletalMeshes/back_68,/Game/Characters/Modular/Male/back_68/back_68/SkeletalMeshes/back_68,LBAC068,Sikuku Butterfly Wing,A wing made out of the finest Sikuku feathers on Eldeon.
back_69,69,163,50,50,3503,30,68000,0,,31,125,,,20,50,11,5,120,0,248,/Game/Characters/Modular/Female/back_69/back_69/SkeletalMeshes/back_69,/Game/Characters/Modular/Male/back_69/back_69/SkeletalMeshes/back_69,LBAC069,Sikuku Butterfly Wing,A wing made out of the finest Sikuku feathers on Eldeon.
back_70,70,163,50,50,5194,30,68000,0,,31,131,,,20,100,21,100,120,0,248,/Game/Characters/Modular/Female/back_70/back_70/SkeletalMeshes/back_70,/Game/Characters/Modular/Male/back_70/back_70/SkeletalMeshes/back_70,LBAC070,Teddy Bear Bag ,A wing made out of the finest Sikuku feathers on Eldeon.
back_71,71,163,50,50,3492,117,150000,0,,31,210,,,23,200,20,55,100,0,248,/Game/Characters/Modular/Female/back_71/back_71/SkeletalMeshes/back_71,/Game/Characters/Modular/Male/back_71/back_71/SkeletalMeshes/back_71,LBAC071,Phoenix Wings,Wings clipped from the almighty Phoenix Titan.
back_72,72,163,50,50,5098,16,150000,0,,31,131,,,20,100,11,30,120,0,248,/Game/Characters/Modular/Female/back_72/back_72/SkeletalMeshes/back_72,/Game/Characters/Modular/Male/back_72/back_72/SkeletalMeshes/back_72,LBAC072,Arch-Astarot White Wing,Wings clipped from an Arch-Astarot.  It is said that nobody has ever seen one.
back_73,73,161,50,50,5097,16,68000,0,,31,131,,,20,100,10,30,120,0,248,/Game/Characters/Modular/Female/back_73/back_73/SkeletalMeshes/back_73,/Game/Characters/Modular/Male/back_73/back_73/SkeletalMeshes/back_73,LBAC073,Arch-Astarot Silver Wing,Wings clipped from an Arch-Astarot.  It is said that nobody has ever seen one.
back_74,74,161,50,50,5099,16,68000,0,,31,131,,,20,100,13,30,120,0,248,/Game/Characters/Modular/Female/back_74/back_74/SkeletalMeshes/back_74,/Game/Characters/Modular/Male/back_74/back_74/SkeletalMeshes/back_74,LBAC074,Arch-Astarot Purple Wing,Wings clipped from an Arch-Astarot.  It is said that nobody has ever seen one.
back_75,75,161,50,50,5096,16,68000,0,,31,131,,,20,100,12,30,120,0,248,/Game/Characters/Modular/Female/back_75/back_75/SkeletalMeshes/back_75,/Game/Characters/Modular/Male/back_75/back_75/SkeletalMeshes/back_75,LBAC075,Arch-Astarot Pink Wing,Wings clipped from an Arch-Astarot.  It is said that nobody has ever seen one.
back_76,76,161,50,50,815,16,150000,0,,31,210,,,23,200,20,55,100,0,248,/Game/Characters/Modular/Female/back_76/back_76/SkeletalMeshes/back_76,/Game/Characters/Modular/Male/back_76/back_76/SkeletalMeshes/back_76,LBAC076,Arch-Astarot Gold Wing,Wings clipped from an Arch-Astarot.  It is said that nobody has ever seen one.
back_77,77,161,50,50,775,16,150000,0,,31,200,,,23,200,20,50,100,0,248,/Game/Characters/Modular/Female/back_77/back_77/SkeletalMeshes/back_77,/Game/Characters/Modular/Male/back_77/back_77/SkeletalMeshes/back_77,LBAC077,Arch-Astarot Wing,Wings clipped from an Arch-Astarot.  It is said that nobody has ever seen one.
back_78,78,161,50,50,5129,16,150000,0,,31,131,,,20,100,12,30,120,0,248,/Game/Characters/Modular/Female/back_78/back_78/SkeletalMeshes/back_78,/Game/Characters/Modular/Male/back_78/back_78/SkeletalMeshes/back_78,LBAC078,Glass Butterfly Wing,A butterfly wing crafted of stained glass.
back_79,79,163,50,50,4431,117,150000,0,,31,200,,,18,50,11,10,100,0,248,/Game/Characters/Modular/Female/back_79/back_79/SkeletalMeshes/back_79,/Game/Characters/Modular/Male/back_79/back_79/SkeletalMeshes/back_79,LBAC079,Green Drake Wings,
back_80,80,163,50,50,4435,117,150000,0,,31,200,,,18,50,12,10,100,0,248,/Game/Characters/Modular/Female/back_80/back_80/SkeletalMeshes/back_80,/Game/Characters/Modular/Male/back_80/back_80/SkeletalMeshes/back_80,LBAC080,Violet Drake Wings,
back_81,81,163,50,50,4436,117,150000,0,,31,200,,,18,50,15,10,100,0,248,/Game/Characters/Modular/Female/back_81/back_81/SkeletalMeshes/back_81,/Game/Characters/Modular/Male/back_81/back_81/SkeletalMeshes/back_81,LBAC081,Red Ma'at Wings,
back_82,82,163,50,50,4466,117,150000,0,,31,200,,,18,50,13,10,100,0,248,/Game/Characters/Modular/Female/back_82/back_82/SkeletalMeshes/back_82,/Game/Characters/Modular/Male/back_82/back_82/SkeletalMeshes/back_82,LBAC082,Blue Ma'at Wings,
back_83,83,163,50,50,4467,117,150000,0,,31,200,,,18,50,10,10,100,0,248,/Game/Characters/Modular/Female/back_83/back_83/SkeletalMeshes/back_83,/Game/Characters/Modular/Male/back_83/back_83/SkeletalMeshes/back_83,LBAC083,Santa Bag,
back_84,84,163,50,50,5130,117,150000,0,,31,131,,,18,50,22,50,120,0,248,/Game/Characters/Modular/Female/back_84/back_84/SkeletalMeshes/back_84,/Game/Characters/Modular/Male/back_84/back_84/SkeletalMeshes/back_84,LBAC084,Golden Ring,
back_85,85,161,50,50,5131,16,150000,0,,31,131,,,18,50,19,100,120,0,248,/Game/Characters/Modular/Female/back_85/back_85/SkeletalMeshes/back_85,/Game/Characters/Modular/Male/back_85/back_85/SkeletalMeshes/back_85,LBAC085,Twin Rapier Backshield,
back_86,86,161,50,50,5132,16,150000,0,,31,131,,,18,50,20,100,120,0,248,/Game/Characters/Modular/Female/back_86/back_86/SkeletalMeshes/back_86,/Game/Characters/Modular/Male/back_86/back_86/SkeletalMeshes/back_86,LBAC086,Crystal Cross,
back_87,87,161,50,50,4405,16,150000,0,,31,200,,,20,50,11,10,100,0,248,/Game/Characters/Modular/Female/back_87/back_87/SkeletalMeshes/back_87,/Game/Characters/Modular/Male/back_87/back_87/SkeletalMeshes/back_87,LBAC087,Christmas Cookie,
back_88,88,161,50,50,5133,16,150000,0,,31,131,,,19,100,10,50,120,0,248,/Game/Characters/Modular/Female/back_88/back_88/SkeletalMeshes/back_88,/Game/Characters/Modular/Male/back_88/back_88/SkeletalMeshes/back_88,LBAC088,Spiked TurtleShell,
back_89,89,161,50,50,4400,16,150000,0,,31,200,,,20,50,26,10,100,0,248,/Game/Characters/Modular/Female/back_89/back_89/SkeletalMeshes/back_89,/Game/Characters/Modular/Male/back_89/back_89/SkeletalMeshes/back_89,LBAC089,Sizzling Sisig,
back_90,90,161,50,50,4402,16,150000,0,,31,150,,,18,50,11,10,100,0,248,/Game/Characters/Modular/Female/back_90/back_90/SkeletalMeshes/back_90,/Game/Characters/Modular/Male/back_90/back_90/SkeletalMeshes/back_90,LBAC090,Yummy Pizza,
back_91,91,161,50,50,4404,16,150000,0,,31,200,,,18,50,13,10,100,0,248,/Game/Characters/Modular/Female/back_91/back_91/SkeletalMeshes/back_91,/Game/Characters/Modular/Male/back_91/back_91/SkeletalMeshes/back_91,LBAC091,Fire Extinguisher,
back_92,92,163,50,50,4396,117,150000,0,,31,200,,,18,50,12,10,100,0,248,/Game/Characters/Modular/Female/back_92/back_92/SkeletalMeshes/back_92,/Game/Characters/Modular/Male/back_92/back_92/SkeletalMeshes/back_92,LBAC092,Cute Floral Ribbon,
back_93,93,163,50,50,4397,117,150000,0,,31,255,,,18,50,11,20,100,0,248,/Game/Characters/Modular/Female/back_93/back_93/SkeletalMeshes/back_93,/Game/Characters/Modular/Male/back_93/back_93/SkeletalMeshes/back_93,LBAC093,Aeriform Wings,
back_94,94,163,50,50,5135,117,150000,0,,31,131,,,19,150,10,10,120,0,248,/Game/Characters/Modular/Female/back_94/back_94/SkeletalMeshes/back_94,/Game/Characters/Modular/Male/back_94/back_94/SkeletalMeshes/back_94,LBAC094,Magestic Wings,
back_95,95,163,50,50,5136,117,150000,0,,31,131,,,21,150,12,10,120,0,248,/Game/Characters/Modular/Female/back_95/back_95/SkeletalMeshes/back_95,/Game/Characters/Modular/Male/back_95/back_95/SkeletalMeshes/back_95,LBAC095,Pink Arch-Phoenix Wings,
back_96,96,163,50,50,5137,117,150000,0,,31,131,,,19,150,13,10,120,0,248,/Game/Characters/Modular/Female/back_96/back_96/SkeletalMeshes/back_96,/Game/Characters/Modular/Male/back_96/back_96/SkeletalMeshes/back_96,LBAC096,Blue Arch-Phoenix Wings,
back_97,97,0,0,0,0,0,0,0,,,,,,,,,,,,0,/Game/Characters/Modular/Female/back_97/back_97/SkeletalMeshes/back_97,/Game/Characters/Modular/Male/back_97/back_97/SkeletalMeshes/back_97,,,
back_98,98,0,0,0,0,0,0,0,,,,,,,,,,,,0,/Game/Characters/Modular/Female/back_98/back_98/SkeletalMeshes/back_98,/Game/Characters/Modular/Male/back_98/back_98/SkeletalMeshes/back_98,,,
back_99,99,0,0,0,0,0,0,0,,,,,,,,,,,,0,/Game/Characters/Modular/Female/back_99/back_99/SkeletalMeshes/back_99,/Game/Characters/Modular/Male/back_99/back_99/SkeletalMeshes/back_99,,,
back_100,100,163,50,50,3947,16,150000,0,,31,150,,,20,50,23,10,100,0,248,/Game/Characters/Modular/Female/back_100/back_100/SkeletalMeshes/back_100,/Game/Characters/Modular/Male/back_100/back_100/SkeletalMeshes/back_100,LBAC100,Righteous Angel Wings,
back_101,101,161,50,50,3948,16,150000,0,,31,150,,,18,50,26,5,100,0,248,/Game/Characters/Modular/Female/back_101/back_101/SkeletalMeshes/back_101,/Game/Characters/Modular/Male/back_101/back_101/SkeletalMeshes/back_101,LBAC101,Jiggly Puff Backpack,
back_102,102,161,50,50,3949,16,150000,0,,31,150,,,20,50,18,10,100,0,248,/Game/Characters/Modular/Female/back_102/back_102/SkeletalMeshes/back_102,/Game/Characters/Modular/Male/back_102/back_102/SkeletalMeshes/back_102,LBAC102,Stone Domo Backpack,
back_103,103,161,50,50,3959,16,150000,0,,31,150,,,18,50,11,5,100,0,248,/Game/Characters/Modular/Female/back_103/back_103/SkeletalMeshes/back_103,/Game/Characters/Modular/Male/back_103/back_103/SkeletalMeshes/back_103,LBAC103,White Cupid Backpack,
back_104,104,161,50,50,5138,16,150000,0,,31,131,,,20,100,18,50,120,0,248,/Game/Characters/Modular/Female/back_104/back_104/SkeletalMeshes/back_104,/Game/Characters/Modular/Male/back_104/back_104/SkeletalMeshes/back_104,LBAC104,Crystal Backshield,
back_105,105,161,50,50,3558,16,150000,0,,31,150,,,20,50,10,5,100,0,248,/Game/Characters/Modular/Female/back_105/back_105/SkeletalMeshes/back_105,/Game/Characters/Modular/Male/back_105/back_105/SkeletalMeshes/back_105,LBAC105,Dragon Backshield,
back_106,106,161,50,50,5139,16,150000,0,,31,131,,,22,100,11,10,120,0,248,/Game/Characters/Modular/Female/back_106/back_106/SkeletalMeshes/back_106,/Game/Characters/Modular/Male/back_106/back_106/SkeletalMeshes/back_106,LBAC106,Tribal Blade Backshield,
back_107,107,161,50,50,3570,16,150000,0,,31,150,,,18,50,12,5,100,0,248,/Game/Characters/Modular/Female/back_107/back_107/SkeletalMeshes/back_107,/Game/Characters/Modular/Male/back_107/back_107/SkeletalMeshes/back_107,LBAC107,Guitar Backshield,
back_108,108,161,50,50,5140,16,150000,0,,31,131,,,19,100,10,10,120,0,248,/Game/Characters/Modular/Female/back_108/back_108/SkeletalMeshes/back_108,/Game/Characters/Modular/Male/back_108/back_108/SkeletalMeshes/back_108,LBAC108,Wind-up Backshield,
back_109,109,161,50,50,5141,16,150000,0,,31,131,,,18,50,26,50,120,0,248,/Game/Characters/Modular/Female/back_109/back_109/SkeletalMeshes/back_109,/Game/Characters/Modular/Male/back_109/back_109/SkeletalMeshes/back_109,LBAC109,Roronoa Zoro Swords,Sharkfin
back_110,110,161,50,50,5142,16,150000,0,,31,131,,,20,100,26,50,120,0,248,/Game/Characters/Modular/Female/back_110/back_110/SkeletalMeshes/back_110,/Game/Characters/Modular/Male/back_110/back_110/SkeletalMeshes/back_110,LBAC110,Sharkfin,
back_111,111,163,50,50,3635,16,150000,0,,31,150,,,20,50,13,5,120,0,248,/Game/Characters/Modular/Female/back_111/back_111/SkeletalMeshes/back_111,/Game/Characters/Modular/Male/back_111/back_111/SkeletalMeshes/back_111,LBAC111,Blue Butterfly Wing,
back_112,112,163,50,50,3633,16,150000,0,,31,150,,,18,50,22,5,100,0,248,/Game/Characters/Modular/Female/back_112/back_112/SkeletalMeshes/back_112,/Game/Characters/Modular/Male/back_112/back_112/SkeletalMeshes/back_112,LBAC112,Booster Wing,Doll bag
back_113,113,161,50,50,3638,16,150000,0,,31,150,,,20,50,10,5,100,0,248,/Game/Characters/Modular/Female/back_113/back_113/SkeletalMeshes/back_113,/Game/Characters/Modular/Male/back_113/back_113/SkeletalMeshes/back_113,LBAC113,Doll bag,
back_114,114,161,50,50,3634,16,150000,0,,31,150,,,18,50,11,5,100,0,248,/Game/Characters/Modular/Female/back_114/back_114/SkeletalMeshes/back_114,/Game/Characters/Modular/Male/back_114/back_114/SkeletalMeshes/back_114,LBAC114,Porky Backpack,
back_115,115,161,50,50,3636,16,150000,0,,31,150,,,20,50,10,5,100,0,248,/Game/Characters/Modular/Female/back_115/back_115/SkeletalMeshes/back_115,/Game/Characters/Modular/Male/back_115/back_115/SkeletalMeshes/back_115,LBAC115,Stinger bear Backpack,
back_116,116,161,50,50,3637,16,150000,0,,31,150,,,18,50,11,5,100,0,248,/Game/Characters/Modular/Female/back_116/back_116/SkeletalMeshes/back_116,/Game/Characters/Modular/Male/back_116/back_116/SkeletalMeshes/back_116,LBAC116,Honey Jar Backpack,
back_117,117,161,50,50,4073,16,150000,0,,31,150,,,20,50,12,5,100,0,248,/Game/Characters/Modular/Female/back_117/back_117/SkeletalMeshes/back_117,/Game/Characters/Modular/Male/back_117/back_117/SkeletalMeshes/back_117,LBAC117,Black Japanese schoolbag,
back_118,118,161,50,50,4073,16,150000,0,,31,150,,,18,50,13,5,100,0,248,/Game/Characters/Modular/Female/back_118/back_118/SkeletalMeshes/back_118,/Game/Characters/Modular/Male/back_118/back_118/SkeletalMeshes/back_118,LBAC118,Red Japanese schoolbag,
back_119,119,161,50,50,4110,16,150000,0,,31,150,,,20,50,15,5,100,0,248,/Game/Characters/Modular/Female/back_119/back_119/SkeletalMeshes/back_119,/Game/Characters/Modular/Male/back_119/back_119/SkeletalMeshes/back_119,LBAC119,Pink Chopsticks ,
back_120,120,161,50,50,4151,16,150000,0,,31,150,,,20,50,19,10,100,0,248,/Game/Characters/Modular/Female/back_120/back_120/SkeletalMeshes/back_120,/Game/Characters/Modular/Male/back_120/back_120/SkeletalMeshes/back_120,LBAC120,Pink Teddy Backpack,
back_121,121,161,50,50,4152,16,150000,0,,31,150,,,18,50,26,5,100,0,248,/Game/Characters/Modular/Female/back_121/back_121/SkeletalMeshes/back_121,/Game/Characters/Modular/Male/back_121/back_121/SkeletalMeshes/back_121,LBAC121,Pink Bunny Backpack,
back_122,122,161,50,50,4153,16,150000,0,,31,150,,,20,50,18,10,100,0,248,/Game/Characters/Modular/Female/back_122/back_122/SkeletalMeshes/back_122,/Game/Characters/Modular/Male/back_122/back_122/SkeletalMeshes/back_122,LBAC122,kittykat Backpack,
back_123,123,163,50,50,4154,16,150000,0,,31,150,,,18,50,22,5,100,0,248,/Game/Characters/Modular/Female/back_123/back_123/SkeletalMeshes/back_123,/Game/Characters/Modular/Male/back_123/back_123/SkeletalMeshes/back_123,LBAC123,Green tribal butterflyWing,Cow Bag
back_124,124,161,50,50,4155,16,150000,0,,31,150,,,20,50,15,5,100,0,248,/Game/Characters/Modular/Female/back_124/back_124/SkeletalMeshes/back_124,/Game/Characters/Modular/Male/back_124/back_124/SkeletalMeshes/back_124,LBAC124,Cow Bag,
back_125,125,162,50,50,4156,16,150000,0,,31,150,,,18,50,13,5,100,0,248,/Game/Characters/Modular/Female/back_125/back_125/SkeletalMeshes/back_125,/Game/Characters/Modular/Male/back_125/back_125/SkeletalMeshes/back_125,LBAC125,Leopard elephant bag,
back_126,126,162,50,50,4157,16,150000,0,,31,150,,,20,50,12,5,100,0,248,/Game/Characters/Modular/Female/back_126/back_126/SkeletalMeshes/back_126,/Game/Characters/Modular/Male/back_126/back_126/SkeletalMeshes/back_126,LBAC126,Leopard rakoon bag,
back_127,127,161,50,50,4076,16,150000,0,,31,150,,,20,50,10,5,100,0,248,/Game/Characters/Modular/Female/back_127/back_127/SkeletalMeshes/back_127,/Game/Characters/Modular/Male/back_127/back_127/SkeletalMeshes/back_127,LBAC127,Flag Backshield,
back_128,128,161,50,50,4148,16,150000,0,,31,150,,,18,50,11,5,120,0,248,/Game/Characters/Modular/Female/back_128/back_128/SkeletalMeshes/back_128,/Game/Characters/Modular/Male/back_128/back_128/SkeletalMeshes/back_128,LBAC128,Car Backpack,
back_129,129,161,50,50,4149,16,150000,0,,31,150,,,18,50,12,5,100,0,248,/Game/Characters/Modular/Female/back_129/back_129/SkeletalMeshes/back_129,/Game/Characters/Modular/Male/back_129/back_129/SkeletalMeshes/back_129,LBAC129,White Cabrio Backpack,
back_130,130,161,50,50,4148,16,150000,0,,31,150,,,20,50,26,5,120,0,248,/Game/Characters/Modular/Female/back_130/back_130/SkeletalMeshes/back_130,/Game/Characters/Modular/Male/back_130/back_130/SkeletalMeshes/back_130,LBAC130,Red Cabrio Backpack,
back_131,131,161,50,50,4147,16,150000,0,,31,150,,,18,50,22,5,100,0,248,/Game/Characters/Modular/Female/back_131/back_131/SkeletalMeshes/back_131,/Game/Characters/Modular/Male/back_131/back_131/SkeletalMeshes/back_131,LBAC131,Tomato Man Backpack ,
back_132,132,163,50,50,4145,16,150000,0,,31,150,,,20,50,12,5,100,0,248,/Game/Characters/Modular/Female/back_132/back_132/SkeletalMeshes/back_132,/Game/Characters/Modular/Male/back_132/back_132/SkeletalMeshes/back_132,LBAC132,Yellow littleWing,
back_133,133,163,50,50,4144,16,150000,0,,31,150,,,18,50,13,5,100,0,248,/Game/Characters/Modular/Female/back_133/back_133/SkeletalMeshes/back_133,/Game/Characters/Modular/Male/back_133/back_133/SkeletalMeshes/back_133,LBAC133,Grey littleWing,
back_134,134,163,50,50,4066,16,150000,0,,31,150,,,20,50,18,10,100,0,248,/Game/Characters/Modular/Female/back_134/back_134/SkeletalMeshes/back_134,/Game/Characters/Modular/Male/back_134/back_134/SkeletalMeshes/back_134,LBAC134,Bubbly fairyWing,
back_135,135,161,50,50,5143,16,150000,0,,31,131,,,20,100,18,50,120,0,248,/Game/Characters/Modular/Female/back_135/back_135/SkeletalMeshes/back_135,/Game/Characters/Modular/Male/back_135/back_135/SkeletalMeshes/back_135,LBAC135,Mini - Nephthyst Wing,
back_136,136,161,50,50,4143,16,150000,0,,31,150,,,20,50,10,5,100,0,248,/Game/Characters/Modular/Female/back_136/back_136/SkeletalMeshes/back_136,/Game/Characters/Modular/Male/back_136/back_136/SkeletalMeshes/back_136,LBAC136,Orang utan Backpack,
back_137,137,163,50,50,5089,16,150000,0,,31,131,,,19,150,10,10,100,0,248,/Game/Characters/Modular/Female/back_137/back_137/SkeletalMeshes/back_137,/Game/Characters/Modular/Male/back_137/back_137/SkeletalMeshes/back_137,LBAC137,Little grey AstarotWing,
back_138,138,163,50,50,5090,16,150000,0,,31,131,,,22,100,11,10,100,0,248,/Game/Characters/Modular/Female/back_138/back_138/SkeletalMeshes/back_138,/Game/Characters/Modular/Male/back_138/back_138/SkeletalMeshes/back_138,LBAC138,Little white AstarotWing,
back_139,139,163,50,50,5087,16,150000,0,,31,131,,,21,150,12,10,100,0,248,/Game/Characters/Modular/Female/back_139/back_139/SkeletalMeshes/back_139,/Game/Characters/Modular/Male/back_139/back_139/SkeletalMeshes/back_139,LBAC139,Little black AstarotWing,
back_140,140,163,50,50,4139,16,150000,0,,31,150,,,20,50,15,5,100,0,248,/Game/Characters/Modular/Female/back_140/back_140/SkeletalMeshes/back_140,/Game/Characters/Modular/Male/back_140/back_140/SkeletalMeshes/back_140,LBAC140,Little red AstarotWing,
back_141,141,163,50,50,4138,16,150000,0,,31,150,,,18,50,22,5,100,0,248,/Game/Characters/Modular/Female/back_141/back_141/SkeletalMeshes/back_141,/Game/Characters/Modular/Male/back_141/back_141/SkeletalMeshes/back_141,LBAC141,Little purple AstarotWing,
back_142,142,163,50,50,4137,16,150000,0,,31,150,,,20,50,26,5,100,0,248,/Game/Characters/Modular/Female/back_142/back_142/SkeletalMeshes/back_142,/Game/Characters/Modular/Male/back_142/back_142/SkeletalMeshes/back_142,LBAC142,Little brown AstarotWing,
back_143,143,163,50,50,4136,16,150000,0,,31,150,,,18,50,12,5,100,0,248,/Game/Characters/Modular/Female/back_143/back_143/SkeletalMeshes/back_143,/Game/Characters/Modular/Male/back_143/back_143/SkeletalMeshes/back_143,LBAC143,Little green AstarotWing,
back_144,144,161,50,50,4135,16,150000,0,,31,150,,,20,50,11,5,100,0,248,/Game/Characters/Modular/Female/back_144/back_144/SkeletalMeshes/back_144,/Game/Characters/Modular/Male/back_144/back_144/SkeletalMeshes/back_144,LBAC144,Golden Cupid Backpack,
back_145,145,161,50,50,4134,16,150000,0,,31,150,,,18,50,10,5,100,0,248,/Game/Characters/Modular/Female/back_145/back_145/SkeletalMeshes/back_145,/Game/Characters/Modular/Male/back_145/back_145/SkeletalMeshes/back_145,LBAC145,Beat-Box Guitar Backpack,
back_146,146,161,50,50,4093,16,150000,0,,31,150,,,20,50,12,5,100,0,248,/Game/Characters/Modular/Female/back_146/back_146/SkeletalMeshes/back_146,/Game/Characters/Modular/Male/back_146/back_146/SkeletalMeshes/back_146,LBAC146,Booze Backpack,
back_147,147,161,50,50,4092,16,150000,0,,31,150,,,20,50,13,5,120,0,248,/Game/Characters/Modular/Female/back_147/back_147/SkeletalMeshes/back_147,/Game/Characters/Modular/Male/back_147/back_147/SkeletalMeshes/back_147,LBAC147,Turbo Backshield,
back_148,148,161,50,50,4091,16,150000,0,,31,150,,,18,50,11,5,120,0,248,/Game/Characters/Modular/Female/back_148/back_148/SkeletalMeshes/back_148,/Game/Characters/Modular/Male/back_148/back_148/SkeletalMeshes/back_148,LBAC148,Elesi Backpack,
back_149,149,163,50,50,5144,16,150000,0,,31,131,,,20,80,11,30,120,0,248,/Game/Characters/Modular/Female/back_149/back_149/SkeletalMeshes/back_149,/Game/Characters/Modular/Male/back_149/back_149/SkeletalMeshes/back_149,LBAC149,Akela Backshield HR,
back_150,150,163,50,50,5145,16,150000,0,,31,131,,,18,50,11,30,120,0,248,/Game/Characters/Modular/Female/back_150/back_150/SkeletalMeshes/back_150,/Game/Characters/Modular/Male/back_150/back_150/SkeletalMeshes/back_150,LBAC150,Akela Backshield AP,
back_151,151,163,50,50,5146,16,150000,0,,31,131,,,20,80,12,30,120,0,248,/Game/Characters/Modular/Female/back_151/back_151/SkeletalMeshes/back_151,/Game/Characters/Modular/Male/back_151/back_151/SkeletalMeshes/back_151,LBAC151,Oasis Wing HR,
back_152,152,163,50,50,5148,16,150000,0,,31,131,,,18,80,12,30,120,0,248,/Game/Characters/Modular/Female/back_152/back_152/SkeletalMeshes/back_152,/Game/Characters/Modular/Male/back_152/back_152/SkeletalMeshes/back_152,LBAC152,Oasis Wing AP,
back_153,153,163,50,50,5149,16,150000,0,,31,131,,,20,80,10,30,120,0,248,/Game/Characters/Modular/Female/back_153/back_153/SkeletalMeshes/back_153,/Game/Characters/Modular/Male/back_153/back_153/SkeletalMeshes/back_153,LBAC153,Viper Backshield HR,
back_154,154,163,50,50,5150,16,150000,0,,31,131,,,18,80,10,30,120,0,248,/Game/Characters/Modular/Female/back_154/back_154/SkeletalMeshes/back_154,/Game/Characters/Modular/Male/back_154/back_154/SkeletalMeshes/back_154,LBAC154,Viper Backshield AP,
back_155,155,163,50,50,3523,16,150000,0,,31,235,,,20,50,11,10,100,0,248,/Game/Characters/Modular/Female/back_155/back_155/SkeletalMeshes/back_155,/Game/Characters/Modular/Male/back_155/back_155/SkeletalMeshes/back_155,LBAC155,Infiltrator Backshield,
back_156,156,163,50,50,3527,16,150000,0,,31,235,,,18,80,12,10,100,0,248,/Game/Characters/Modular/Female/back_156/back_156/SkeletalMeshes/back_156,/Game/Characters/Modular/Male/back_156/back_156/SkeletalMeshes/back_156,LBAC156,Raven Wings Red,
back_157,157,163,50,50,5151,16,150000,0,,31,131,,,20,100,19,100,120,0,248,/Game/Characters/Modular/Female/back_157/back_157/SkeletalMeshes/back_157,/Game/Characters/Modular/Male/back_157/back_157/SkeletalMeshes/back_157,LBAC157,Raven Wings Blue,
back_158,158,163,50,50,3529,16,150000,0,,31,235,,,18,50,13,10,120,0,248,/Game/Characters/Modular/Female/back_158/back_158/SkeletalMeshes/back_158,/Game/Characters/Modular/Male/back_158/back_158/SkeletalMeshes/back_158,LBAC158,Raven Wings Gray,
back_159,159,163,50,50,5152,16,150000,0,,31,131,,,20,100,22,50,120,0,248,/Game/Characters/Modular/Female/back_159/back_159/SkeletalMeshes/back_159,/Game/Characters/Modular/Male/back_159/back_159/SkeletalMeshes/back_159,LBAC159,Raven Wings Orange,
back_160,160,163,50,50,3525,16,150000,0,,31,235,,,18,50,26,10,120,0,248,/Game/Characters/Modular/Female/back_160/back_160/SkeletalMeshes/back_160,/Game/Characters/Modular/Male/back_160/back_160/SkeletalMeshes/back_160,LBAC160,Relic Backshield,
back_161,161,161,50,50,4175,16,150000,0,,31,150,,,18,50,13,5,120,0,248,/Game/Characters/Modular/Female/back_161/back_161/SkeletalMeshes/back_161,/Game/Characters/Modular/Male/back_161/back_161/SkeletalMeshes/back_161,LBAC161,Cock Roach Backshield,
back_162,162,161,50,50,4176,16,150000,0,,31,150,,,19,50,13,5,120,0,248,/Game/Characters/Modular/Female/back_162/back_162/SkeletalMeshes/back_162,/Game/Characters/Modular/Male/back_162/back_162/SkeletalMeshes/back_162,LBAC162,Crystal Shield,
back_163,163,161,50,50,5153,16,150000,0,,31,131,,,20,100,18,50,120,0,248,/Game/Characters/Modular/Female/back_163/back_163/SkeletalMeshes/back_163,/Game/Characters/Modular/Male/back_163/back_163/SkeletalMeshes/back_163,LBAC163,Demonic Wings Blue,
back_164,164,161,50,50,5154,16,150000,0,,31,131,,,21,100,18,50,120,0,248,/Game/Characters/Modular/Female/back_164/back_164/SkeletalMeshes/back_164,/Game/Characters/Modular/Male/back_164/back_164/SkeletalMeshes/back_164,LBAC164,Demonic Wings Red,
back_165,165,161,50,50,4177,16,150000,0,,31,150,,,18,50,10,5,100,0,248,/Game/Characters/Modular/Female/back_165/back_165/SkeletalMeshes/back_165,/Game/Characters/Modular/Male/back_165/back_165/SkeletalMeshes/back_165,LBAC165,Explorer Back Pack,
back_166,166,161,50,50,4178,16,150000,0,,31,150,,,19,100,22,50,100,0,248,/Game/Characters/Modular/Female/back_166/back_166/SkeletalMeshes/back_166,/Game/Characters/Modular/Male/back_166/back_166/SkeletalMeshes/back_166,LBAC166,Kon of Bleach ,
back_167,167,161,50,50,5155,16,150000,0,,31,131,,,20,100,18,50,120,0,248,/Game/Characters/Modular/Female/back_167/back_167/SkeletalMeshes/back_167,/Game/Characters/Modular/Male/back_167/back_167/SkeletalMeshes/back_167,LBAC167,Scarecrow Wing,
back_168,168,161,50,50,5156,16,150000,0,,31,131,,,21,100,19,100,120,0,248,/Game/Characters/Modular/Female/back_168/back_168/SkeletalMeshes/back_168,/Game/Characters/Modular/Male/back_168/back_168/SkeletalMeshes/back_168,LBAC168,Venom Wings Blue,
back_169,169,161,50,50,5157,16,150000,0,,31,131,,,22,50,18,50,120,0,248,/Game/Characters/Modular/Female/back_169/back_169/SkeletalMeshes/back_169,/Game/Characters/Modular/Male/back_169/back_169/SkeletalMeshes/back_169,LBAC169,Venom Wings Green,
back_170,170,161,50,50,5158,16,150000,0,,31,131,,,18,50,26,50,120,0,248,/Game/Characters/Modular/Female/back_170/back_170/SkeletalMeshes/back_170,/Game/Characters/Modular/Male/back_170/back_170/SkeletalMeshes/back_170,LBAC170,Venom Wings Pink,
back_171,171,161,50,50,5159,16,150000,0,,31,131,,,19,100,21,100,120,0,248,/Game/Characters/Modular/Female/back_171/back_171/SkeletalMeshes/back_171,/Game/Characters/Modular/Male/back_171/back_171/SkeletalMeshes/back_171,LBAC171,Venom Wings Red,
back_172,172,161,50,50,5161,16,150000,0,,31,131,,,20,100,18,50,120,0,248,/Game/Characters/Modular/Female/back_172/back_172/SkeletalMeshes/back_172,/Game/Characters/Modular/Male/back_172/back_172/SkeletalMeshes/back_172,LBAC172,Mini Dragon Wing Blue,
back_173,173,161,50,50,5162,16,150000,0,,31,131,,,22,50,21,100,120,0,248,/Game/Characters/Modular/Female/back_173/back_173/SkeletalMeshes/back_173,/Game/Characters/Modular/Male/back_173/back_173/SkeletalMeshes/back_173,LBAC173,Mini Dragon Wing Red,
back_174,174,161,80,60,4516,100,150000,0,,31,255,,,18,50,11,20,70,,248,/Game/Characters/Modular/Female/back_174/back_174/SkeletalMeshes/back_174,/Game/Characters/Modular/Male/back_174/back_174/SkeletalMeshes/back_174,LBAC174,Mummy Wizard BackShield,
back_175,175,161,50,50,5218,100,150000,0,,31,200,,,20,100,26,50,120,,248,/Game/Characters/Modular/Female/back_175/back_175/SkeletalMeshes/back_175,/Game/Characters/Modular/Male/back_175/back_175/SkeletalMeshes/back_175,LBAC175,Twin Sai Backshield,
back_176,176,161,80,60,4519,100,150000,0,,31,255,,,18,50,10,20,70,,248,/Game/Characters/Modular/Female/back_176/back_176/SkeletalMeshes/back_176,/Game/Characters/Modular/Male/back_176/back_176/SkeletalMeshes/back_176,LBAC176,Fury Wings,
back_177,177,161,80,60,4517,100,150000,0,,31,255,,,18,50,13,20,70,,248,/Game/Characters/Modular/Female/back_177/back_177/SkeletalMeshes/back_177,/Game/Characters/Modular/Male/back_177/back_177/SkeletalMeshes/back_177,LBAC177,Insane Shaman Backshield,
back_178,178,163,50,50,5163,30,150000,0,,31,131,,,18,50,21,100,70,0,248,/Game/Characters/Modular/Female/back_178/back_178/SkeletalMeshes/back_178,/Game/Characters/Modular/Male/back_178/back_178/SkeletalMeshes/back_178,LBAC178,Brown Cape,
back_179,179,161,80,60,4521,100,150000,0,,31,255,,,21,50,26,20,70,,248,/Game/Characters/Modular/Female/back_179/back_179/SkeletalMeshes/back_179,/Game/Characters/Modular/Male/back_179/back_179/SkeletalMeshes/back_179,LBAC179,Crying Easter Egg,
back_180,180,161,80,60,4522,100,150000,0,,31,255,,,20,50,18,30,70,,248,/Game/Characters/Modular/Female/back_180/back_180/SkeletalMeshes/back_180,/Game/Characters/Modular/Male/back_180/back_180/SkeletalMeshes/back_180,LBAC180,Hopeful Easter Egg,
back_181,181,161,80,60,4524,100,150000,0,,31,255,,,20,50,22,20,70,,248,/Game/Characters/Modular/Female/back_181/back_181/SkeletalMeshes/back_181,/Game/Characters/Modular/Male/back_181/back_181/SkeletalMeshes/back_181,LBAC181,Happy Easter Egg,
back_182,182,161,80,60,4525,100,150000,0,,31,255,,,20,50,12,20,70,,248,/Game/Characters/Modular/Female/back_182/back_182/SkeletalMeshes/back_182,/Game/Characters/Modular/Male/back_182/back_182/SkeletalMeshes/back_182,LBAC182,Angry Easter Egg,
back_183,183,163,50,50,4511,16,150000,0,,31,150,,,20,50,18,30,70,0,248,/Game/Characters/Modular/Female/back_183/back_183/SkeletalMeshes/back_183,/Game/Characters/Modular/Male/back_183/back_183/SkeletalMeshes/back_183,LBAC183,Maroon FairyWinkle Wings,
back_184,184,163,50,50,4512,16,150000,0,,31,150,,,19,50,18,30,70,0,248,/Game/Characters/Modular/Female/back_184/back_184/SkeletalMeshes/back_184,/Game/Characters/Modular/Male/back_184/back_184/SkeletalMeshes/back_184,LBAC184,Green FairyWinkle Wings,
back_185,185,162,50,50,3493,100,150000,0,,31,200,,,25,2000,18,50,80,,248,/Game/Characters/Modular/Female/back_185/back_185/SkeletalMeshes/back_185,/Game/Characters/Modular/Male/back_185/back_185/SkeletalMeshes/back_185,LBAC185,Bomber Backpack,A backpack that is said to have enough capacity to hold a month's worth of ammo.
back_186,186,163,50,50,3495,100,150000,0,,31,200,,,21,150,20,50,80,,248,/Game/Characters/Modular/Female/back_186/back_186/SkeletalMeshes/back_186,/Game/Characters/Modular/Male/back_186/back_186/SkeletalMeshes/back_186,LBAC186,Ghost Wing,Wings that are said to be possessed by the souls of a thousand dead.
back_187,187,161,50,50,3494,100,150000,0,,31,200,,,19,50,21,50,70,,248,/Game/Characters/Modular/Female/back_187/back_187/SkeletalMeshes/back_187,/Game/Characters/Modular/Male/back_187/back_187/SkeletalMeshes/back_187,LBAC187,Jabberwock Backshield,"A backshield crafted from the remains of the mighty titan, Jabberwock."
back_188,188,161,50,50,5164,100,150000,0,,31,131,,,21,300,12,10,125,,248,/Game/Characters/Modular/Female/back_188/back_188/SkeletalMeshes/back_188,/Game/Characters/Modular/Male/back_188/back_188/SkeletalMeshes/back_188,LBAC188,Aqua Forcefield,The ultimate defense against magic.
back_189,189,161,50,50,5165,100,150000,0,,31,131,,,22,100,11,10,125,,248,/Game/Characters/Modular/Female/back_189/back_189/SkeletalMeshes/back_189,/Game/Characters/Modular/Male/back_189/back_189/SkeletalMeshes/back_189,LBAC189,Flame Forcefield,The ultimate defense against accuracy.
back_190,190,161,50,50,5166,100,150000,0,,31,131,,,19,200,13,10,125,,248,/Game/Characters/Modular/Female/back_190/back_190/SkeletalMeshes/back_190,/Game/Characters/Modular/Male/back_190/back_190/SkeletalMeshes/back_190,LBAC190,Heart Forcefield,The ultimate defense against attack.
back_191,191,161,50,50,5167,100,150000,0,,31,131,,,19,200,10,10,125,,248,/Game/Characters/Modular/Female/back_191/back_191/SkeletalMeshes/back_191,/Game/Characters/Modular/Male/back_191/back_191/SkeletalMeshes/back_191,LBAC191,Earth Forcefield,The ultimate defense against attack.
back_192,192,161,40,40,3484,30,1250,0,,31,5,,,20,30,12,10,50,,248,/Game/Characters/Modular/Female/back_192/back_192/SkeletalMeshes/back_192,/Game/Characters/Modular/Male/back_192/back_192/SkeletalMeshes/back_192,LBAC192,Blue Hula Hoop,Celebrate the comming of summer with this blue hula hoop!
back_193,193,161,40,40,3487,30,1250,0,,31,5,,,20,30,11,10,50,,248,/Game/Characters/Modular/Female/back_193/back_193/SkeletalMeshes/back_193,/Game/Characters/Modular/Male/back_193/back_193/SkeletalMeshes/back_193,LBAC193,Red Hula Hoop,Celebrate the comming of summer with this red hula hoop!
back_194,194,161,40,40,3485,30,1250,0,,31,5,,,20,30,10,10,50,,248,/Game/Characters/Modular/Female/back_194/back_194/SkeletalMeshes/back_194,/Game/Characters/Modular/Male/back_194/back_194/SkeletalMeshes/back_194,LBAC194,Green Hula Hoop,Celebrate the comming of summer with this green hula hoop!
back_195,195,161,40,40,3486,30,1250,0,,31,5,,,20,30,13,10,50,,248,/Game/Characters/Modular/Female/back_195/back_195/SkeletalMeshes/back_195,/Game/Characters/Modular/Male/back_195/back_195/SkeletalMeshes/back_195,LBAC195,Pink Hula Hoop,Celebrate the comming of summer with this pink hula hoop!
back_196,196,163,50,50,4513,16,150000,0,,31,150,,,22,30,11,10,100,0,248,/Game/Characters/Modular/Female/back_196/back_196/SkeletalMeshes/back_196,/Game/Characters/Modular/Male/back_196/back_196/SkeletalMeshes/back_196,LBAC196,Violet FairyWinkle Wings,
back_197,197,163,50,50,4514,16,150000,0,,31,150,,,21,50,10,10,100,0,248,/Game/Characters/Modular/Female/back_197/back_197/SkeletalMeshes/back_197,/Game/Characters/Modular/Male/back_197/back_197/SkeletalMeshes/back_197,LBAC197,Blue-Violet FairyWinkle Wings,
back_198,198,163,50,50,4515,16,150000,0,,31,150,,,21,50,12,10,100,0,248,/Game/Characters/Modular/Female/back_198/back_198/SkeletalMeshes/back_198,/Game/Characters/Modular/Male/back_198/back_198/SkeletalMeshes/back_198,LBAC198,Blue-Green FairyWinkle Wings,
back_199,199,163,50,50,4427,16,150000,0,,31,150,,,20,50,21,10,100,0,248,/Game/Characters/Modular/Female/back_199/back_199/SkeletalMeshes/back_199,/Game/Characters/Modular/Male/back_199/back_199/SkeletalMeshes/back_199,LBAC199,Red Drake Wings,
back_200,200,163,50,50,4428,16,150000,0,,31,150,,,20,50,18,10,100,0,248,/Game/Characters/Modular/Female/back_200/back_200/SkeletalMeshes/back_200,/Game/Characters/Modular/Male/back_200/back_200/SkeletalMeshes/back_200,LBAC200,Black Drake Wings,
back_201,201,163,50,50,4429,16,150000,0,,31,150,,,18,50,19,10,100,0,248,/Game/Characters/Modular/Female/back_201/back_201/SkeletalMeshes/back_201,/Game/Characters/Modular/Male/back_201/back_201/SkeletalMeshes/back_201,LBAC201,Yellow Drake Wings,
back_202,202,162,1,1,742,19,3950,0,,31,8,,,25,300,,,31,5,248,/Game/Characters/Modular/Female/back_202/back_202/SkeletalMeshes/back_202,/Game/Characters/Modular/Male/back_202/back_202/SkeletalMeshes/back_202,LBAC202,Leather Bag,A bagpack made with thin leather.
back_203,203,162,2,1,743,23,6500,0,,31,18,,,25,370,,,36,10,248,/Game/Characters/Modular/Female/back_203/back_203/SkeletalMeshes/back_203,/Game/Characters/Modular/Male/back_203/back_203/SkeletalMeshes/back_203,LBAC203,Wooden Chest,A bagpack assembled with wooden plates.
back_206,206,162,2,1,746,34,16050,0,,31,46,,,25,550,,,50,,248,/Game/Characters/Modular/Female/back_206/back_206/SkeletalMeshes/back_206,/Game/Characters/Modular/Male/back_206/back_206/SkeletalMeshes/back_206,LBAC206,Cutie Bag,"A small, cute, and rather feminine bag."
back_208,208,162,2,3,748,41,24900,0,,31,62,,,25,650,,,58,,248,/Game/Characters/Modular/Female/back_208/back_208/SkeletalMeshes/back_208,/Game/Characters/Modular/Male/back_208/back_208/SkeletalMeshes/back_208,LBAC208,Street Bag,"A highly practical, multi-purpose bag."
back_210,210,162,3,1,750,47,35000,0,,31,78,,,25,750,,,66,5,248,/Game/Characters/Modular/Female/back_210/back_210/SkeletalMeshes/back_210,/Game/Characters/Modular/Male/back_210/back_210/SkeletalMeshes/back_210,LBAC210,Tamiya Bag,A thick bagpack for young peddlers.
back_211,211,162,45,45,751,50,50000,0,,31,86,,,25,1000,,,70,,248,/Game/Characters/Modular/Female/back_211/back_211/SkeletalMeshes/back_211,/Game/Characters/Modular/Male/back_211/back_211/SkeletalMeshes/back_211,LBAC211,Ferrell Bag,A bag crafted by the Ferrell Union. It's suitable for battle situations.
back_212,212,162,12,8,749,53,95550,0,,31,100,,,25,1100,,,77,,248,/Game/Characters/Modular/Female/back_212/back_212/SkeletalMeshes/back_212,/Game/Characters/Modular/Male/back_212/back_212/SkeletalMeshes/back_212,LBAC212,Magic Cubic,A mysterious bag constructed of crystal.
back_215,215,163,50,50,5168,16,150000,0,,31,150,,,18,80,13,25,120,0,248,/Game/Characters/Modular/Female/back_215/back_215/SkeletalMeshes/back_215,/Game/Characters/Modular/Male/back_215/back_215/SkeletalMeshes/back_215,LBAC213,Ultimate Dealer's Backpack,
back_216,216,163,50,50,5169,16,150000,0,,31,150,,,18,80,10,25,120,0,248,/Game/Characters/Modular/Female/back_216/back_216/SkeletalMeshes/back_216,/Game/Characters/Modular/Male/back_216/back_216/SkeletalMeshes/back_216,LBAC214,Bony Backshield,
back_217,217,163,50,50,5170,16,150000,0,,31,150,,,18,80,12,25,120,0,248,/Game/Characters/Modular/Female/back_217/back_217/SkeletalMeshes/back_217,/Game/Characters/Modular/Male/back_217/back_217/SkeletalMeshes/back_217,LBAC215,Stellar Backshield,
back_218,218,163,50,50,5171,16,150000,0,,31,150,,,18,50,11,25,120,0,248,/Game/Characters/Modular/Female/back_218/back_218/SkeletalMeshes/back_218,/Game/Characters/Modular/Male/back_218/back_218/SkeletalMeshes/back_218,LBAC216,LeoHazard backshield,
back_221,221,163,10,10,767,22,6100,0,,31,15,,,23,50,18,20,35,2,248,/Game/Characters/Modular/Female/back_221/back_221/SkeletalMeshes/back_221,/Game/Characters/Modular/Male/back_221/back_221/SkeletalMeshes/back_221,LBAC221,Fairy Wing ,Wings created to imitate those on the back of a fairy.
back_222,222,163,15,15,768,26,10350,0,,31,25,,,23,50,20,20,40,10,248,/Game/Characters/Modular/Female/back_222/back_222/SkeletalMeshes/back_222,/Game/Characters/Modular/Male/back_222/back_222/SkeletalMeshes/back_222,LBAC222,Nymph Wing ,Wings created to imitate those on the back of a nymph.
back_223,223,163,20,20,769,30,13150,0,,31,35,,,23,55,18,20,45,5,248,/Game/Characters/Modular/Female/back_223/back_223/SkeletalMeshes/back_223,/Game/Characters/Modular/Male/back_223/back_223/SkeletalMeshes/back_223,LBAC223,Butterfly Wing,Wings of a giant butterfly.
back_224,224,163,25,25,770,34,25100,0,,31,45,,,23,60,20,20,50,6,248,/Game/Characters/Modular/Female/back_224/back_224/SkeletalMeshes/back_224,/Game/Characters/Modular/Male/back_224/back_224/SkeletalMeshes/back_224,LBAC224,Little Angel Wing,Wings of a little angel.
back_225,225,163,25,25,771,36,29500,0,,31,50,,,23,50,18,20,52,8,248,/Game/Characters/Modular/Female/back_225/back_225/SkeletalMeshes/back_225,/Game/Characters/Modular/Male/back_225/back_225/SkeletalMeshes/back_225,LBAC225,Little Devil Wing,Wings of a little devil.
back_226,226,163,30,30,772,40,37900,0,,31,60,,,23,70,20,20,57,15,248,/Game/Characters/Modular/Female/back_226/back_226/SkeletalMeshes/back_226,/Game/Characters/Modular/Male/back_226/back_226/SkeletalMeshes/back_226,LBAC226,Crow Wing ,Wings that reek strongly of evil.
back_227,227,163,35,35,773,44,39400,0,,31,70,,,23,60,18,20,55,15,248,/Game/Characters/Modular/Female/back_227/back_227/SkeletalMeshes/back_227,/Game/Characters/Modular/Male/back_227/back_227/SkeletalMeshes/back_227,LBAC227,Angel Wing,Official angel wings that emit an aura of majesty.
back_228,228,163,35,35,774,46,46150,0,,31,76,,,23,60,20,20,57,20,248,/Game/Characters/Modular/Female/back_228/back_228/SkeletalMeshes/back_228,/Game/Characters/Modular/Male/back_228/back_228/SkeletalMeshes/back_228,LBAC228,Devil Wing,Official devil wings that emit an aura of menace.
back_231,231,163,40,40,777,54,81700,0,,31,95,,,23,75,18,30,65,20,248,/Game/Characters/Modular/Female/back_231/back_231/SkeletalMeshes/back_231,/Game/Characters/Modular/Male/back_231/back_231/SkeletalMeshes/back_231,LBAC231,Worm Dragon Wing,Wings cut from a disgusting looking Worm Dragon.
back_233,233,163,40,40,775,66,129250,0,,31,125,,,23,90,20,30,77,,248,/Game/Characters/Modular/Female/back_233/back_233/SkeletalMeshes/back_233,/Game/Characters/Modular/Male/back_233/back_233/SkeletalMeshes/back_233,LBAC233,Astarot Wing,"Astarot's wings. Sadly, it's all that remains of Astarot."
back_241,241,161,5,1,793,21,3300,0,,31,12,,,,,,,33,20,248,/Game/Characters/Modular/Female/back_241/back_241/SkeletalMeshes/back_241,/Game/Characters/Modular/Male/back_241/back_241/SkeletalMeshes/back_241,LBAC241,Turtle Backshield ,A shell used for turtle hermits in training.
back_242,242,161,6,2,794,25,5000,0,,31,22,,,,,,,38,20,248,/Game/Characters/Modular/Female/back_242/back_242/SkeletalMeshes/back_242,/Game/Characters/Modular/Male/back_242/back_242/SkeletalMeshes/back_242,LBAC242,Endeavor Backshield,A Backshield which protects hardworking people.
back_243,243,161,8,3,795,29,8250,0,,31,32,,,,,,,43,20,248,/Game/Characters/Modular/Female/back_243/back_243/SkeletalMeshes/back_243,/Game/Characters/Modular/Male/back_243/back_243/SkeletalMeshes/back_243,LBAC243,Training Back shield,A Backshield that protects the rear of a novice in training.
back_244,244,161,10,4,796,33,12550,0,,31,42,,,,,,,48,20,248,/Game/Characters/Modular/Female/back_244/back_244/SkeletalMeshes/back_244,/Game/Characters/Modular/Male/back_244/back_244/SkeletalMeshes/back_244,LBAC244,Guard Backshield,A Backshield that protects one???s back from danger and threats.
back_245,245,161,50,50,797,36,17600,0,,31,50,,,,,,,50,30,248,/Game/Characters/Modular/Female/back_245/back_245/SkeletalMeshes/back_245,/Game/Characters/Modular/Male/back_245/back_245/SkeletalMeshes/back_245,LBAC245,Lion Backshield,A Backshield on which the gallant figure of a lion is painted.
back_246,246,161,50,50,798,39,23600,0,,31,58,,,,,,,51,,248,/Game/Characters/Modular/Female/back_246/back_246/SkeletalMeshes/back_246,/Game/Characters/Modular/Male/back_246/back_246/SkeletalMeshes/back_246,LBAC246,Tiger Backshield,A Backshield on which the ferocious image of a tiger is painted.
back_247,247,161,20,20,799,42,30800,0,,31,66,,,,,,,53,30,248,/Game/Characters/Modular/Female/back_247/back_247/SkeletalMeshes/back_247,/Game/Characters/Modular/Male/back_247/back_247/SkeletalMeshes/back_247,LBAC247,Buffalo Backshield,A Backshield on which the curse of the raging buffalo has been placed.
back_248,248,161,50,50,800,46,40000,0,,31,74,,,,,,,57,,248,/Game/Characters/Modular/Female/back_248/back_248/SkeletalMeshes/back_248,/Game/Characters/Modular/Male/back_248/back_248/SkeletalMeshes/back_248,LBAC248,Lizard Backshield,A Backshield that expresses the nimble movements of a lizard.
back_249,249,161,50,50,5208,100,1000,0,,31,100,,,10,30,11,30,125,0,248,/Game/Characters/Modular/Female/back_249/back_249/SkeletalMeshes/back_249,/Game/Characters/Modular/Male/back_249/back_249/SkeletalMeshes/back_249,LBAC283,ETC iROSE Flag,Elegant Twist Creation 
back_250,250,161,50,50,5208,100,1000,0,,31,100,,,10,30,11,30,125,0,248,/Game/Characters/Modular/Female/back_250/back_250/SkeletalMeshes/back_250,/Game/Characters/Modular/Male/back_250/back_250/SkeletalMeshes/back_250,LBAC250,Napoles Billboard Backshield,Ubod ng kapal
back_251,251,161,50,50,5208,100,1000,0,,31,100,,,10,30,11,30,125,0,248,/Game/Characters/Modular/Female/back_251/back_251/SkeletalMeshes/back_251,/Game/Characters/Modular/Male/back_251/back_251/SkeletalMeshes/back_251,LBAC251,Pamella Constantino BS,Artista kana!!!!
back_252,252,135,100,100,4065,16,150000,0,,31,100,,,20,150,18,150,125,0,248,/Game/Characters/Modular/Female/back_252/back_252/SkeletalMeshes/back_252,/Game/Characters/Modular/Male/back_252/back_252/SkeletalMeshes/back_252,LBAC252,Nephthys Wing,Wings formed by god nephthys.
back_253,253,135,100,100,8115,16,150000,0,,31,100,,,20,150,18,150,125,0,248,/Game/Characters/Modular/Female/back_253/back_253/SkeletalMeshes/back_253,/Game/Characters/Modular/Male/back_253/back_253/SkeletalMeshes/back_253,LBAC253,Nephthys Wing DarkBlue,Wings formed by god nephthys.
back_254,254,135,100,100,8119,16,150000,0,,31,100,,,20,150,18,150,125,0,248,/Game/Characters/Modular/Female/back_254/back_254/SkeletalMeshes/back_254,/Game/Characters/Modular/Male/back_254/back_254/SkeletalMeshes/back_254,LBAC254,Nephthys Wing Gold,Wings formed by god nephthys.
back_255,255,135,100,100,8129,16,150000,0,,31,100,,,20,150,18,150,125,0,248,/Game/Characters/Modular/Female/back_255/back_255/SkeletalMeshes/back_255,/Game/Characters/Modular/Male/back_255/back_255/SkeletalMeshes/back_255,LBAC255,Nephthys Wing Green,Wings formed by god nephthys.
back_256,256,135,100,100,8118,16,150000,0,,31,100,,,20,150,18,150,125,0,248,/Game/Characters/Modular/Female/back_256/back_256/SkeletalMeshes/back_256,/Game/Characters/Modular/Male/back_256/back_256/SkeletalMeshes/back_256,LBAC256,Nephthys Wing LightBlue,Wings formed by god nephthys.
back_257,257,135,100,100,8120,16,150000,0,,31,100,,,20,150,18,150,125,0,248,/Game/Characters/Modular/Female/back_257/back_257/SkeletalMeshes/back_257,/Game/Characters/Modular/Male/back_257/back_257/SkeletalMeshes/back_257,LBAC257,Nephthys Wing Pink,Wings formed by god nephthys.
back_258,258,135,10,100,8122,16,150000,0,,31,100,,,20,150,18,150,125,0,248,/Game/Characters/Modular/Female/back_258/back_258/SkeletalMeshes/back_258,/Game/Characters/Modular/Male/back_258/back_258/SkeletalMeshes/back_258,LBAC258,Nephthys Wing Purple,Wings formed by god nephthys.
back_259,259,135,100,100,8123,16,150000,0,,31,100,,,20,150,18,150,125,0,248,/Game/Characters/Modular/Female/back_259/back_259/SkeletalMeshes/back_259,/Game/Characters/Modular/Male/back_259/back_259/SkeletalMeshes/back_259,LBAC259,Nephthys Wing Red,Wings formed by god nephthys.
back_260,260,161,50,50,5208,16,1000,0,,31,100,,,10,10,11,10,125,0,248,/Game/Characters/Modular/Female/back_260/back_260/SkeletalMeshes/back_260,/Game/Characters/Modular/Male/back_260/back_260/SkeletalMeshes/back_260,LBAC260,Brett Donney BS,By Osama Binladen.
back_261,261,161,40,40,2520,35,3900,0,,,,,,,,,,40,10,248,/Game/Characters/Modular/Female/back_261/back_261/SkeletalMeshes/back_261,/Game/Characters/Modular/Male/back_261/back_261/SkeletalMeshes/back_261,LBAC261,MiniBuffalo Backshield,A Backshield on which the curse of the raging buffalo has been placed. Now in mini size.
back_262,262,161,50,50,5208,100,1000,0,,31,100,,,10,30,11,30,125,0,248,/Game/Characters/Modular/Female/back_262/back_262/SkeletalMeshes/back_262,/Game/Characters/Modular/Male/back_262/back_262/SkeletalMeshes/back_262,LBAC283,ETC iROSE Flag,Elegant Twist Creation 
back_263,263,161,50,50,5208,100,1000,0,,31,100,,,10,30,11,30,125,0,248,/Game/Characters/Modular/Female/back_263/back_263/SkeletalMeshes/back_263,/Game/Characters/Modular/Male/back_263/back_263/SkeletalMeshes/back_263,LBAC283,ETC iROSE Flag,Elegant Twist Creation 
back_264,264,135,100,100,8113,16,150000,0,,31,100,,,38,700,18,150,125,0,248,/Game/Characters/Modular/Female/back_264/back_264/SkeletalMeshes/back_264,/Game/Characters/Modular/Male/back_264/back_264/SkeletalMeshes/back_264,LBAC264,Nephthys Wing White,Wings formed by god nephthys.
back_265,265,135,100,100,8112,16,150000,0,,31,100,,,38,700,20,150,125,0,248,/Game/Characters/Modular/Female/back_265/back_265/SkeletalMeshes/back_265,/Game/Characters/Modular/Male/back_265/back_265/SkeletalMeshes/back_265,LBAC265,Nephthyst Wing- Ako Mismo,Wings formed by god nephthys.
back_266,266,161,50,50,5208,100,1000,0,,31,100,,,10,30,11,30,125,0,248,/Game/Characters/Modular/Female/back_266/back_266/SkeletalMeshes/back_266,/Game/Characters/Modular/Male/back_266/back_266/SkeletalMeshes/back_266,LBAC283,ETC iROSE Flag,Elegant Twist Creation 
back_270,270,161,50,50,5208,16,1000,0,,31,100,,,11,30,15,30,125,0,248,/Game/Characters/Modular/Female/back_270/back_270/SkeletalMeshes/back_270,/Game/Characters/Modular/Male/back_270/back_270/SkeletalMeshes/back_270,LBAC270,Happy Friends Billboard,x
back_271,271,161,50,50,5208,16,1000,0,,31,100,,,10,30,15,30,125,0,248,/Game/Characters/Modular/Female/back_271/back_271/SkeletalMeshes/back_271,/Game/Characters/Modular/Male/back_271/back_271/SkeletalMeshes/back_271,LBAC271,Selfie Billboard,x
back_272,272,161,50,50,5208,16,1000,0,,31,100,,,11,30,12,30,125,0,248,/Game/Characters/Modular/Female/back_272/back_272/SkeletalMeshes/back_272,/Game/Characters/Modular/Male/back_272/back_272/SkeletalMeshes/back_272,LBAC272,Joy Billboard,x
back_273,273,161,50,50,5208,16,1000,0,,31,100,,,12,30,15,30,125,0,248,/Game/Characters/Modular/Female/back_273/back_273/SkeletalMeshes/back_273,/Game/Characters/Modular/Male/back_273/back_273/SkeletalMeshes/back_273,LBAC273,Nakakagutom na Billboard,x
back_274,274,161,50,50,5208,16,1000,0,,31,100,,,11,30,12,30,125,0,248,/Game/Characters/Modular/Female/back_274/back_274/SkeletalMeshes/back_274,/Game/Characters/Modular/Male/back_274/back_274/SkeletalMeshes/back_274,LBAC274,AruaStar Clan Billboard,x
back_280,280,161,50,50,5208,16,1000,0,,,,,,11,30,12,30,125,0,248,/Game/Characters/Modular/Female/back_280/back_280/SkeletalMeshes/back_280,/Game/Characters/Modular/Male/back_280/back_280/SkeletalMeshes/back_280,LBAC280,Sam Billboard,x
back_281,281,161,50,50,5208,16,1000,0,,,,,,10,40,12,40,120,0,248,/Game/Characters/Modular/Female/back_281/back_281/SkeletalMeshes/back_281,/Game/Characters/Modular/Male/back_281/back_281/SkeletalMeshes/back_281,LBAC281,Archie Billboard,Billboard for the month of July 2015
back_282,282,161,50,50,5208,16,1000,0,,,,,,11,40,12,40,120,0,248,/Game/Characters/Modular/Female/back_282/back_282/SkeletalMeshes/back_282,/Game/Characters/Modular/Male/back_282/back_282/SkeletalMeshes/back_282,LBAC282,JoleDears Billboard,billboard specially made for donors that help the server
back_283,283,161,10,15,2520,16,1000,0,,,,,,23,50,18,10,25,0,248,/Game/Characters/Modular/Female/back_283/back_283/SkeletalMeshes/back_283,/Game/Characters/Modular/Male/back_283/back_283/SkeletalMeshes/back_283,LBAC283,ETC iROSE Flag,Elegant Twist Creation 
back_285,285,0,0,0,0,0,0,0,,,,,,,,,,,,0,/Game/Characters/Modular/Female/back_285/back_285/SkeletalMeshes/back_285,/Game/Characters/Modular/Male/back_285/back_285/SkeletalMeshes/back_285,,,
back_287,287,0,0,0,0,0,0,0,,,,,,,,,,,,0,/Game/Characters/Modular/Female/back_287/back_287/SkeletalMeshes/back_287,/Game/Characters/Modular/Male/back_287/back_287/SkeletalMeshes/back_287,,,
back_288,288,0,0,0,0,0,0,0,,,,,,,,,,,,0,/Game/Characters/Modular/Female/back_288/back_288/SkeletalMeshes/back_288,/Game/Characters/Modular/Male/back_288/back_288/SkeletalMeshes/back_288,,,
back_289,289,0,0,0,0,0,0,0,,,,,,,,,,,,0,/Game/Characters/Modular/Female/back_289/back_289/SkeletalMeshes/back_289,/Game/Characters/Modular/Male/back_289/back_289/SkeletalMeshes/back_289,,,
back_290,290,0,0,0,0,0,0,0,,,,,,,,,,,,0,/Game/Characters/Modular/Female/back_290/back_290/SkeletalMeshes/back_290,/Game/Characters/Modular/Male/back_290/back_290/SkeletalMeshes/back_290,,,
back_291,291,0,0,0,0,0,0,0,,,,,,,,,,,,0,/Game/Characters/Modular/Female/back_291/back_291/SkeletalMeshes/back_291,/Game/Characters/Modular/Male/back_291/back_291/SkeletalMeshes/back_291,,,
back_292,292,0,0,0,0,0,0,0,,,,,,,,,,,,0,/Game/Characters/Modular/Female/back_292/back_292/SkeletalMeshes/back_292,/Game/Characters/Modular/Male/back_292/back_292/SkeletalMeshes/back_292,,,
back_293,293,0,0,0,0,0,0,0,,,,,,,,,,,,0,/Game/Characters/Modular/Female/back_293/back_293/SkeletalMeshes/back_293,/Game/Characters/Modular/Male/back_293/back_293/SkeletalMeshes/back_293,,,
back_294,294,0,0,0,0,0,0,0,,,,,,,,,,,,0,/Game/Characters/Modular/Female/back_294/back_294/SkeletalMeshes/back_294,/Game/Characters/Modular/Male/back_294/back_294/SkeletalMeshes/back_294,,,
back_295,295,0,0,0,0,0,0,0,,,,,,,,,,,,0,/Game/Characters/Modular/Female/back_295/back_295/SkeletalMeshes/back_295,/Game/Characters/Modular/Male/back_295/back_295/SkeletalMeshes/back_295,,,
back_296,296,0,0,0,0,0,0,0,,,,,,,,,,,,0,/Game/Characters/Modular/Female/back_296/back_296/SkeletalMeshes/back_296,/Game/Characters/Modular/Male/back_296/back_296/SkeletalMeshes/back_296,,,
back_297,297,0,0,0,0,0,0,0,,,,,,,,,,,,0,/Game/Characters/Modular/Female/back_297/back_297/SkeletalMeshes/back_297,/Game/Characters/Modular/Male/back_297/back_297/SkeletalMeshes/back_297,,,
back_298,298,0,0,0,0,0,0,0,,,,,,,,,,,,0,/Game/Characters/Modular/Female/back_298/back_298/SkeletalMeshes/back_298,/Game/Characters/Modular/Male/back_298/back_298/SkeletalMeshes/back_298,,,
back_299,299,0,0,0,0,0,0,0,,,,,,,,,,,,0,/Game/Characters/Modular/Female/back_299/back_299/SkeletalMeshes/back_299,/Game/Characters/Modular/Male/back_299/back_299/SkeletalMeshes/back_299,,,
back_300,300,162,50,50,5208,16,1000,0,,31,100,,,10,30,12,30,125,0,248,/Game/Characters/Modular/Female/back_300/back_300/SkeletalMeshes/back_300,/Game/Characters/Modular/Male/back_300/back_300/SkeletalMeshes/back_300,LBAC300,Simply Unique,Shekainah Aranza Simply Unique.
back_301,301,0,0,0,0,0,0,0,,,,,,,,,,,,0,/Game/Characters/Modular/Female/back_301/back_301/SkeletalMeshes/back_301,/Game/Characters/Modular/Male/back_301/back_301/SkeletalMeshes/back_301,,,
back_302,302,0,0,0,0,0,0,0,,,,,,,,,,,,0,/Game/Characters/Modular/Female/back_302/back_302/SkeletalMeshes/back_302,/Game/Characters/Modular/Male/back_302/back_302/SkeletalMeshes/back_302,,,
back_303,303,0,0,0,0,0,0,0,,,,,,,,,,,,0,/Game/Characters/Modular/Female/back_303/back_303/SkeletalMeshes/back_303,/Game/Characters/Modular/Male/back_303/back_303/SkeletalMeshes/back_303,,,
back_304,304,0,0,0,0,0,0,0,,,,,,,,,,,,0,/Game/Characters/Modular/Female/back_304/back_304/SkeletalMeshes/back_304,/Game/Characters/Modular/Male/back_304/back_304/SkeletalMeshes/back_304,,,
back_305,305,0,0,0,0,0,0,0,,,,,,,,,,,,0,/Game/Characters/Modular/Female/back_305/back_305/SkeletalMeshes/back_305,/Game/Characters/Modular/Male/back_305/back_305/SkeletalMeshes/back_305,,,
back_306,306,0,0,0,0,0,0,0,,,,,,,,,,,,0,/Game/Characters/Modular/Female/back_306/back_306/SkeletalMeshes/back_306,/Game/Characters/Modular/Male/back_306/back_306/SkeletalMeshes/back_306,,,
back_308,308,162,4,4,742,22,17250,0,0,31,7,,,25,300,0,0,41,5,248,/Game/Characters/Modular/Female/back_308/back_308/SkeletalMeshes/back_308,/Game/Characters/Modular/Male/back_308/back_308/SkeletalMeshes/back_308,LBAC202,Leather Bag,A bagpack made with thin leather.
back_309,309,162,4,4,742,23,17550,0,0,31,8,,,25,300,0,0,42,5,248,/Game/Characters/Modular/Female/back_309/back_309/SkeletalMeshes/back_309,/Game/Characters/Modular/Male/back_309/back_309/SkeletalMeshes/back_309,LBAC202,Leather Bag,A bagpack made with thin leather.
back_310,310,162,4,4,742,24,17900,0,0,31,9,,,25,300,0,0,43,5,248,/Game/Characters/Modular/Female/back_310/back_310/SkeletalMeshes/back_310,/Game/Characters/Modular/Male/back_310/back_310/SkeletalMeshes/back_310,LBAC202,Leather Bag,A bagpack made with thin leather.
back_311,311,162,5,4,742,25,18900,0,0,31,10,,,25,300,0,0,45,5,248,/Game/Characters/Modular/Female/back_311/back_311/SkeletalMeshes/back_311,/Game/Characters/Modular/Male/back_311/back_311/SkeletalMeshes/back_311,LBAC202,Leather Bag,A bagpack made with thin leather.
back_312,312,162,5,5,742,26,19650,0,0,31,11,,,25,300,0,0,46,5,248,/Game/Characters/Modular/Female/back_312/back_312/SkeletalMeshes/back_312,/Game/Characters/Modular/Male/back_312/back_312/SkeletalMeshes/back_312,LBAC202,Leather Bag,A bagpack made with thin leather.
back_313,313,162,5,5,742,27,19950,0,0,31,12,,,25,300,0,0,47,5,248,/Game/Characters/Modular/Female/back_313/back_313/SkeletalMeshes/back_313,/Game/Characters/Modular/Male/back_313/back_313/SkeletalMeshes/back_313,LBAC202,Leather Bag,A bagpack made with thin leather.
back_314,314,162,6,5,742,28,21150,0,0,31,13,,,25,300,0,0,48,5,248,/Game/Characters/Modular/Female/back_314/back_314/SkeletalMeshes/back_314,/Game/Characters/Modular/Male/back_314/back_314/SkeletalMeshes/back_314,LBAC202,Leather Bag,A bagpack made with thin leather.
back_315,315,162,5,4,743,26,27100,0,0,31,17,,,25,370,0,0,42,10,248,/Game/Characters/Modular/Female/back_315/back_315/SkeletalMeshes/back_315,/Game/Characters/Modular/Male/back_315/back_315/SkeletalMeshes/back_315,LBAC203,Wooden Chest,A bagpack assembled with wooden plates.
back_316,316,162,5,4,743,27,27600,0,0,31,18,,,25,370,0,0,44,10,248,/Game/Characters/Modular/Female/back_316/back_316/SkeletalMeshes/back_316,/Game/Characters/Modular/Male/back_316/back_316/SkeletalMeshes/back_316,LBAC203,Wooden Chest,A bagpack assembled with wooden plates.
back_317,317,162,6,4,743,28,28850,0,0,31,19,,,25,370,0,0,45,10,248,/Game/Characters/Modular/Female/back_317/back_317/SkeletalMeshes/back_317,/Game/Characters/Modular/Male/back_317/back_317/SkeletalMeshes/back_317,LBAC203,Wooden Chest,A bagpack assembled with wooden plates.
back_318,318,162,6,5,743,29,29750,0,0,31,20,,,25,370,0,0,46,10,248,/Game/Characters/Modular/Female/back_318/back_318/SkeletalMeshes/back_318,/Game/Characters/Modular/Male/back_318/back_318/SkeletalMeshes/back_318,LBAC203,Wooden Chest,A bagpack assembled with wooden plates.
back_319,319,162,6,5,743,30,30250,0,0,31,21,,,25,370,0,0,47,10,248,/Game/Characters/Modular/Female/back_319/back_319/SkeletalMeshes/back_319,/Game/Characters/Modular/Male/back_319/back_319/SkeletalMeshes/back_319,LBAC203,Wooden Chest,A bagpack assembled with wooden plates.
back_320,320,162,7,5,743,31,31700,0,0,31,22,,,25,370,0,0,48,10,248,/Game/Characters/Modular/Female/back_320/back_320/SkeletalMeshes/back_320,/Game/Characters/Modular/Male/back_320/back_320/SkeletalMeshes/back_320,LBAC203,Wooden Chest,A bagpack assembled with wooden plates.
back_321,321,162,7,5,743,32,32200,0,0,31,23,,,25,370,0,0,49,10,248,/Game/Characters/Modular/Female/back_321/back_321/SkeletalMeshes/back_321,/Game/Characters/Modular/Male/back_321/back_321/SkeletalMeshes/back_321,LBAC203,Wooden Chest,A bagpack assembled with wooden plates.
back_336,336,162,6,5,746,37,67000,0,0,31,45,,,25,550,0,0,46,0,248,/Game/Characters/Modular/Female/back_336/back_336/SkeletalMeshes/back_336,/Game/Characters/Modular/Male/back_336/back_336/SkeletalMeshes/back_336,LBAC206,Cutie Bag,"A small, cute, and rather feminine bag."
back_337,337,162,6,5,746,38,68000,0,0,31,46,,,25,550,0,0,47,0,248,/Game/Characters/Modular/Female/back_337/back_337/SkeletalMeshes/back_337,/Game/Characters/Modular/Male/back_337/back_337/SkeletalMeshes/back_337,LBAC206,Cutie Bag,"A small, cute, and rather feminine bag."
back_338,338,162,7,5,746,39,70000,0,0,31,47,,,25,550,0,0,48,0,248,/Game/Characters/Modular/Female/back_338/back_338/SkeletalMeshes/back_338,/Game/Characters/Modular/Male/back_338/back_338/SkeletalMeshes/back_338,LBAC206,Cutie Bag,"A small, cute, and rather feminine bag."
back_339,339,162,7,6,746,40,71600,0,0,31,48,,,25,550,0,0,49,0,248,/Game/Characters/Modular/Female/back_339/back_339/SkeletalMeshes/back_339,/Game/Characters/Modular/Male/back_339/back_339/SkeletalMeshes/back_339,LBAC206,Cutie Bag,"A small, cute, and rather feminine bag."
back_340,340,162,8,6,746,41,73750,0,0,31,49,,,25,550,0,0,50,0,248,/Game/Characters/Modular/Female/back_340/back_340/SkeletalMeshes/back_340,/Game/Characters/Modular/Male/back_340/back_340/SkeletalMeshes/back_340,LBAC206,Cutie Bag,"A small, cute, and rather feminine bag."
back_341,341,162,8,6,746,42,74750,0,0,31,50,,,25,550,0,0,51,0,248,/Game/Characters/Modular/Female/back_341/back_341/SkeletalMeshes/back_341,/Game/Characters/Modular/Male/back_341/back_341/SkeletalMeshes/back_341,LBAC206,Cutie Bag,"A small, cute, and rather feminine bag."
back_342,342,162,9,7,746,43,77800,0,0,31,51,,,25,550,0,0,53,0,248,/Game/Characters/Modular/Female/back_342/back_342/SkeletalMeshes/back_342,/Game/Characters/Modular/Male/back_342/back_342/SkeletalMeshes/back_342,LBAC206,Cutie Bag,"A small, cute, and rather feminine bag."
back_350,350,162,7,7,748,44,102900,0,0,31,61,,,25,650,0,0,48,0,248,/Game/Characters/Modular/Female/back_350/back_350/SkeletalMeshes/back_350,/Game/Characters/Modular/Male/back_350/back_350/SkeletalMeshes/back_350,LBAC208,Street Bag,"A highly practical, multi-purpose bag."
back_351,351,162,7,8,748,45,104950,0,0,31,62,,,25,650,0,0,49,0,248,/Game/Characters/Modular/Female/back_351/back_351/SkeletalMeshes/back_351,/Game/Characters/Modular/Male/back_351/back_351/SkeletalMeshes/back_351,LBAC208,Street Bag,"A highly practical, multi-purpose bag."
back_352,352,162,8,8,748,46,107600,0,0,31,63,,,25,650,0,0,50,0,248,/Game/Characters/Modular/Female/back_352/back_352/SkeletalMeshes/back_352,/Game/Characters/Modular/Male/back_352/back_352/SkeletalMeshes/back_352,LBAC208,Street Bag,"A highly practical, multi-purpose bag."
back_353,353,162,8,8,748,47,109000,0,0,31,64,,,25,650,0,0,51,0,248,/Game/Characters/Modular/Female/back_353/back_353/SkeletalMeshes/back_353,/Game/Characters/Modular/Male/back_353/back_353/SkeletalMeshes/back_353,LBAC208,Street Bag,"A highly practical, multi-purpose bag."
back_354,354,162,9,9,748,48,112600,0,0,31,65,,,25,650,0,0,52,0,248,/Game/Characters/Modular/Female/back_354/back_354/SkeletalMeshes/back_354,/Game/Characters/Modular/Male/back_354/back_354/SkeletalMeshes/back_354,LBAC208,Street Bag,"A highly practical, multi-purpose bag."
back_355,355,162,9,9,748,49,114100,0,0,31,66,,,25,650,0,0,53,0,248,/Game/Characters/Modular/Female/back_355/back_355/SkeletalMeshes/back_355,/Game/Characters/Modular/Male/back_355/back_355/SkeletalMeshes/back_355,LBAC208,Street Bag,"A highly practical, multi-purpose bag."
back_356,356,162,10,9,748,50,117050,0,0,31,67,,,25,650,0,0,54,0,248,/Game/Characters/Modular/Female/back_356/back_356/SkeletalMeshes/back_356,/Game/Characters/Modular/Male/back_356/back_356/SkeletalMeshes/back_356,LBAC208,Street Bag,"A highly practical, multi-purpose bag."
back_364,364,162,8,6,750,50,145400,0,0,31,77,,,25,750,0,0,50,5,248,/Game/Characters/Modular/Female/back_364/back_364/SkeletalMeshes/back_364,/Game/Characters/Modular/Male/back_364/back_364/SkeletalMeshes/back_364,LBAC210,Tamiya Bag,A thick bagpack for young peddlers.
back_365,365,162,9,6,750,51,148600,0,0,31,78,,,25,750,0,0,51,5,248,/Game/Characters/Modular/Female/back_365/back_365/SkeletalMeshes/back_365,/Game/Characters/Modular/Male/back_365/back_365/SkeletalMeshes/back_365,LBAC210,Tamiya Bag,A thick bagpack for young peddlers.
back_366,366,162,9,6,750,52,150450,0,0,31,79,,,25,750,0,0,52,5,248,/Game/Characters/Modular/Female/back_366/back_366/SkeletalMeshes/back_366,/Game/Characters/Modular/Male/back_366/back_366/SkeletalMeshes/back_366,LBAC210,Tamiya Bag,A thick bagpack for young peddlers.
back_367,367,162,10,7,750,53,154550,0,0,31,80,,,25,750,0,0,53,5,248,/Game/Characters/Modular/Female/back_367/back_367/SkeletalMeshes/back_367,/Game/Characters/Modular/Male/back_367/back_367/SkeletalMeshes/back_367,LBAC210,Tamiya Bag,A thick bagpack for young peddlers.
back_368,368,162,10,7,750,54,156450,0,0,31,81,,,25,750,0,0,54,5,248,/Game/Characters/Modular/Female/back_368/back_368/SkeletalMeshes/back_368,/Game/Characters/Modular/Male/back_368/back_368/SkeletalMeshes/back_368,LBAC210,Tamiya Bag,A thick bagpack for young peddlers.
back_369,369,162,11,7,750,55,160100,0,0,31,82,,,25,750,0,0,55,5,248,/Game/Characters/Modular/Female/back_369/back_369/SkeletalMeshes/back_369,/Game/Characters/Modular/Male/back_369/back_369/SkeletalMeshes/back_369,LBAC210,Tamiya Bag,A thick bagpack for young peddlers.
back_370,370,162,12,8,750,56,164700,0,0,31,83,,,25,750,0,0,56,5,248,/Game/Characters/Modular/Female/back_370/back_370/SkeletalMeshes/back_370,/Game/Characters/Modular/Male/back_370/back_370/SkeletalMeshes/back_370,LBAC210,Tamiya Bag,A thick bagpack for young peddlers.
back_371,371,162,15,15,750,53,281750,0,0,31,85,,,25,1000,0,0,51,5,248,/Game/Characters/Modular/Female/back_371/back_371/SkeletalMeshes/back_371,/Game/Characters/Modular/Male/back_371/back_371/SkeletalMeshes/back_371,LBAC211,Ferrell Bag,A bag crafted by the Ferrell Union. It's suitable for battle situations.
back_372,372,162,16,15,750,54,287650,0,0,31,86,,,25,1000,0,0,52,5,248,/Game/Characters/Modular/Female/back_372/back_372/SkeletalMeshes/back_372,/Game/Characters/Modular/Male/back_372/back_372/SkeletalMeshes/back_372,LBAC211,Ferrell Bag,A bag crafted by the Ferrell Union. It's suitable for battle situations.
back_373,373,162,17,16,750,55,295050,0,0,31,87,,,25,1000,0,0,53,5,248,/Game/Characters/Modular/Female/back_373/back_373/SkeletalMeshes/back_373,/Game/Characters/Modular/Male/back_373/back_373/SkeletalMeshes/back_373,LBAC211,Ferrell Bag,A bag crafted by the Ferrell Union. It's suitable for battle situations.
back_374,374,162,17,16,750,56,298550,0,0,31,88,,,25,1000,0,0,54,5,248,/Game/Characters/Modular/Female/back_374/back_374/SkeletalMeshes/back_374,/Game/Characters/Modular/Male/back_374/back_374/SkeletalMeshes/back_374,LBAC211,Ferrell Bag,A bag crafted by the Ferrell Union. It's suitable for battle situations.
back_375,375,162,18,16,750,57,304900,0,0,31,89,,,25,1000,0,0,55,5,248,/Game/Characters/Modular/Female/back_375/back_375/SkeletalMeshes/back_375,/Game/Characters/Modular/Male/back_375/back_375/SkeletalMeshes/back_375,LBAC211,Ferrell Bag,A bag crafted by the Ferrell Union. It's suitable for battle situations.
back_376,376,162,18,17,750,58,310000,0,0,31,90,,,25,1000,0,0,56,5,248,/Game/Characters/Modular/Female/back_376/back_376/SkeletalMeshes/back_376,/Game/Characters/Modular/Male/back_376/back_376/SkeletalMeshes/back_376,LBAC211,Ferrell Bag,A bag crafted by the Ferrell Union. It's suitable for battle situations.
back_377,377,162,19,17,750,59,316650,0,0,31,91,,,25,1000,0,0,57,5,248,/Game/Characters/Modular/Female/back_377/back_377/SkeletalMeshes/back_377,/Game/Characters/Modular/Male/back_377/back_377/SkeletalMeshes/back_377,LBAC211,Ferrell Bag,A bag crafted by the Ferrell Union. It's suitable for battle situations.
back_400,400,161,40,40,5297,16,150000,0,,31,255,,,38,500,13,30,120,0,248,/Game/Characters/Modular/Female/back_400/back_400/SkeletalMeshes/back_400,/Game/Characters/Modular/Male/back_400/back_400/SkeletalMeshes/back_400,LBAC400,Angelic Wings,Wings Exclusive for ETC iROSE
back_410,410,161,40,40,5296,16,150000,0,,31,255,,,38,500,12,30,120,0,248,/Game/Characters/Modular/Female/back_410/back_410/SkeletalMeshes/back_410,/Game/Characters/Modular/Male/back_410/back_410/SkeletalMeshes/back_410,LBAC410,Angelic Wings Black,Wings Exclusive for ETC iROSE
back_420,420,161,40,40,5298,16,150000,0,,31,255,,,38,500,26,100,120,0,248,/Game/Characters/Modular/Female/back_420/back_420/SkeletalMeshes/back_420,/Game/Characters/Modular/Male/back_420/back_420/SkeletalMeshes/back_420,LBAC420,Angelic Wings Gold,Wings Exclusive for ETC iROSE
back_426,426,0,0,0,0,0,0,0,,,,,,,,,,,,0,/Game/Characters/Modular/Female/back_426/back_426/SkeletalMeshes/back_426,/Game/Characters/Modular/Male/back_426/back_426/SkeletalMeshes/back_426,,,
back_427,427,0,0,0,0,0,0,0,,,,,,,,,,,,0,/Game/Characters/Modular/Female/back_427/back_427/SkeletalMeshes/back_427,/Game/Characters/Modular/Male/back_427/back_427/SkeletalMeshes/back_427,,,
back_428,428,0,0,0,0,0,0,0,,,,,,,,,,,,0,/Game/Characters/Modular/Female/back_428/back_428/SkeletalMeshes/back_428,/Game/Characters/Modular/Male/back_428/back_428/SkeletalMeshes/back_428,,,
back_429,429,0,0,0,0,0,0,0,,,,,,,,,,,,0,/Game/Characters/Modular/Female/back_429/back_429/SkeletalMeshes/back_429,/Game/Characters/Modular/Male/back_429/back_429/SkeletalMeshes/back_429,,,
back_430,430,161,40,40,5295,16,150000,0,,31,255,,,38,500,15,30,120,0,248,/Game/Characters/Modular/Female/back_430/back_430/SkeletalMeshes/back_430,/Game/Characters/Modular/Male/back_430/back_430/SkeletalMeshes/back_430,LBAC430,Angelic Wings Green,Wings Exclusive for ETC iROSE
back_431,431,0,0,0,0,0,0,0,,,,,,,,,,,,0,/Game/Characters/Modular/Female/back_431/back_431/SkeletalMeshes/back_431,/Game/Characters/Modular/Male/back_431/back_431/SkeletalMeshes/back_431,,,
back_432,432,0,0,0,0,0,0,0,,,,,,,,,,,,0,/Game/Characters/Modular/Female/back_432/back_432/SkeletalMeshes/back_432,/Game/Characters/Modular/Male/back_432/back_432/SkeletalMeshes/back_432,,,
back_433,433,0,0,0,0,0,0,0,,,,,,,,,,,,0,/Game/Characters/Modular/Female/back_433/back_433/SkeletalMeshes/back_433,/Game/Characters/Modular/Male/back_433/back_433/SkeletalMeshes/back_433,,,
back_434,434,0,0,0,0,0,0,0,,,,,,,,,,,,0,/Game/Characters/Modular/Female/back_434/back_434/SkeletalMeshes/back_434,/Game/Characters/Modular/Male/back_434/back_434/SkeletalMeshes/back_434,,,
back_435,435,0,0,0,0,0,0,0,,,,,,,,,,,,0,/Game/Characters/Modular/Female/back_435/back_435/SkeletalMeshes/back_435,/Game/Characters/Modular/Male/back_435/back_435/SkeletalMeshes/back_435,,,
back_436,436,0,0,0,0,0,0,0,,,,,,,,,,,,0,/Game/Characters/Modular/Female/back_436/back_436/SkeletalMeshes/back_436,/Game/Characters/Modular/Male/back_436/back_436/SkeletalMeshes/back_436,,,
back_437,437,0,0,0,0,0,0,0,,,,,,,,,,,,0,/Game/Characters/Modular/Female/back_437/back_437/SkeletalMeshes/back_437,/Game/Characters/Modular/Male/back_437/back_437/SkeletalMeshes/back_437,,,
back_438,438,0,0,0,0,0,0,0,,,,,,,,,,,,0,/Game/Characters/Modular/Female/back_438/back_438/SkeletalMeshes/back_438,/Game/Characters/Modular/Male/back_438/back_438/SkeletalMeshes/back_438,,,
back_439,439,0,0,0,0,0,0,0,,,,,,,,,,,,0,/Game/Characters/Modular/Female/back_439/back_439/SkeletalMeshes/back_439,/Game/Characters/Modular/Male/back_439/back_439/SkeletalMeshes/back_439,,,
back_440,440,161,40,40,5294,16,150000,0,,31,255,,,38,500,24,30,120,0,248,/Game/Characters/Modular/Female/back_440/back_440/SkeletalMeshes/back_440,/Game/Characters/Modular/Male/back_440/back_440/SkeletalMeshes/back_440,LBAC440,Angelic Wings LightBlue,Wings Exclusive for ETC iROSE
back_441,441,163,4,4,767,25,26950,0,0,31,14,,,23,50,0,0,42,2,248,/Game/Characters/Modular/Female/back_441/back_441/SkeletalMeshes/back_441,/Game/Characters/Modular/Male/back_441/back_441/SkeletalMeshes/back_441,LBAC221,Fairy Wing ,Wings created to imitate those on the back of a fairy.
back_442,442,163,2,2,767,22,21300,0,0,31,15,,,23,50,0,0,40,2,248,/Game/Characters/Modular/Female/back_442/back_442/SkeletalMeshes/back_442,/Game/Characters/Modular/Male/back_442/back_442/SkeletalMeshes/back_442,LBAC221,Fairy Wing ,Wings created to imitate those on the back of a fairy.
back_443,443,163,2,2,767,22,21300,0,0,31,16,,,23,50,0,0,40,2,248,/Game/Characters/Modular/Female/back_443/back_443/SkeletalMeshes/back_443,/Game/Characters/Modular/Male/back_443/back_443/SkeletalMeshes/back_443,LBAC221,Fairy Wing ,Wings created to imitate those on the back of a fairy.
back_444,444,163,2,2,767,22,21300,0,0,31,17,,,23,50,0,0,40,2,248,/Game/Characters/Modular/Female/back_444/back_444/SkeletalMeshes/back_444,/Game/Characters/Modular/Male/back_444/back_444/SkeletalMeshes/back_444,LBAC221,Fairy Wing ,Wings created to imitate those on the back of a fairy.
back_445,445,163,5,5,767,29,31800,0,0,31,18,,,23,50,0,0,47,2,248,/Game/Characters/Modular/Female/back_445/back_445/SkeletalMeshes/back_445,/Game/Characters/Modular/Male/back_445/back_445/SkeletalMeshes/back_445,LBAC221,Fairy Wing ,Wings created to imitate those on the back of a fairy.
back_446,446,163,6,5,767,30,34500,0,0,31,19,,,23,50,0,0,48,2,248,/Game/Characters/Modular/Female/back_446/back_446/SkeletalMeshes/back_446,/Game/Characters/Modular/Male/back_446/back_446/SkeletalMeshes/back_446,LBAC221,Fairy Wing ,Wings created to imitate those on the back of a fairy.
back_447,447,163,6,5,767,31,34950,0,0,31,20,,,23,50,0,0,49,2,248,/Game/Characters/Modular/Female/back_447/back_447/SkeletalMeshes/back_447,/Game/Characters/Modular/Male/back_447/back_447/SkeletalMeshes/back_447,LBAC221,Fairy Wing ,Wings created to imitate those on the back of a fairy.
back_448,448,163,5,7,768,29,34300,0,0,31,24,,,23,50,0,0,43,10,248,/Game/Characters/Modular/Female/back_448/back_448/SkeletalMeshes/back_448,/Game/Characters/Modular/Male/back_448/back_448/SkeletalMeshes/back_448,LBAC222,Nymph Wing ,Wings created to imitate those on the back of a nymph.
back_449,449,163,3,5,768,26,26900,0,0,31,25,,,23,50,0,0,41,10,248,/Game/Characters/Modular/Female/back_449/back_449/SkeletalMeshes/back_449,/Game/Characters/Modular/Male/back_449/back_449/SkeletalMeshes/back_449,LBAC222,Nymph Wing ,Wings created to imitate those on the back of a nymph.
back_450,450,161,40,40,5293,16,150000,0,,31,255,,,38,500,11,30,120,0,248,/Game/Characters/Modular/Female/back_450/back_450/SkeletalMeshes/back_450,/Game/Characters/Modular/Male/back_450/back_450/SkeletalMeshes/back_450,LBAC450,Angelic Wings Pink,Wings Exclusive for ETC iROSE
back_451,451,163,3,5,768,26,26950,0,0,31,27,,,23,50,0,0,42,10,248,/Game/Characters/Modular/Female/back_451/back_451/SkeletalMeshes/back_451,/Game/Characters/Modular/Male/back_451/back_451/SkeletalMeshes/back_451,LBAC222,Nymph Wing ,Wings created to imitate those on the back of a nymph.
back_452,452,163,7,8,768,33,42900,0,0,31,28,,,23,50,0,0,48,10,248,/Game/Characters/Modular/Female/back_452/back_452/SkeletalMeshes/back_452,/Game/Characters/Modular/Male/back_452/back_452/SkeletalMeshes/back_452,LBAC222,Nymph Wing ,Wings created to imitate those on the back of a nymph.
back_453,453,163,7,8,768,34,43450,0,0,31,29,,,23,50,0,0,49,10,248,/Game/Characters/Modular/Female/back_453/back_453/SkeletalMeshes/back_453,/Game/Characters/Modular/Male/back_453/back_453/SkeletalMeshes/back_453,LBAC222,Nymph Wing ,Wings created to imitate those on the back of a nymph.
back_454,454,163,8,9,768,35,48850,0,0,31,30,,,23,50,0,0,50,10,248,/Game/Characters/Modular/Female/back_454/back_454/SkeletalMeshes/back_454,/Game/Characters/Modular/Male/back_454/back_454/SkeletalMeshes/back_454,LBAC222,Nymph Wing ,Wings created to imitate those on the back of a nymph.
back_455,455,163,6,8,769,33,44150,0,0,31,34,,,23,55,0,0,44,5,248,/Game/Characters/Modular/Female/back_455/back_455/SkeletalMeshes/back_455,/Game/Characters/Modular/Male/back_455/back_455/SkeletalMeshes/back_455,LBAC223,Butterfly Wing,Wings of a giant butterfly.
back_456,456,163,3,6,769,30,33800,0,0,31,35,,,23,55,0,0,43,5,248,/Game/Characters/Modular/Female/back_456/back_456/SkeletalMeshes/back_456,/Game/Characters/Modular/Male/back_456/back_456/SkeletalMeshes/back_456,LBAC223,Butterfly Wing,Wings of a giant butterfly.
back_457,457,163,3,6,769,30,33800,0,0,31,36,,,23,55,0,0,43,5,248,/Game/Characters/Modular/Female/back_457/back_457/SkeletalMeshes/back_457,/Game/Characters/Modular/Male/back_457/back_457/SkeletalMeshes/back_457,LBAC223,Butterfly Wing,Wings of a giant butterfly.
back_458,458,163,4,7,769,30,36850,0,0,31,37,,,23,55,0,0,43,5,248,/Game/Characters/Modular/Female/back_458/back_458/SkeletalMeshes/back_458,/Game/Characters/Modular/Male/back_458/back_458/SkeletalMeshes/back_458,LBAC223,Butterfly Wing,Wings of a giant butterfly.
back_459,459,163,7,10,769,37,53350,0,0,31,38,,,23,55,0,0,49,5,248,/Game/Characters/Modular/Female/back_459/back_459/SkeletalMeshes/back_459,/Game/Characters/Modular/Male/back_459/back_459/SkeletalMeshes/back_459,LBAC223,Butterfly Wing,Wings of a giant butterfly.
back_460,460,161,40,40,5292,16,150000,0,,31,255,,,38,500,18,100,120,0,248,/Game/Characters/Modular/Female/back_460/back_460/SkeletalMeshes/back_460,/Game/Characters/Modular/Male/back_460/back_460/SkeletalMeshes/back_460,LBAC460,Angelic Wings Purple,Wings Exclusive for ETC iROSE
back_461,461,163,8,10,769,39,57700,0,0,31,40,,,23,55,0,0,51,5,248,/Game/Characters/Modular/Female/back_461/back_461/SkeletalMeshes/back_461,/Game/Characters/Modular/Male/back_461/back_461/SkeletalMeshes/back_461,LBAC223,Butterfly Wing,Wings of a giant butterfly.
back_462,462,163,7,14,770,37,67700,0,0,31,44,,,23,60,0,0,46,6,248,/Game/Characters/Modular/Female/back_462/back_462/SkeletalMeshes/back_462,/Game/Characters/Modular/Male/back_462/back_462/SkeletalMeshes/back_462,LBAC224,Little Angel Wing,Wings of a little angel.
back_463,463,163,4,11,770,34,51200,0,0,31,45,,,23,60,0,0,44,6,248,/Game/Characters/Modular/Female/back_463/back_463/SkeletalMeshes/back_463,/Game/Characters/Modular/Male/back_463/back_463/SkeletalMeshes/back_463,LBAC224,Little Angel Wing,Wings of a little angel.
back_464,464,163,4,11,770,34,51200,0,0,31,46,,,23,60,0,0,44,6,248,/Game/Characters/Modular/Female/back_464/back_464/SkeletalMeshes/back_464,/Game/Characters/Modular/Male/back_464/back_464/SkeletalMeshes/back_464,LBAC224,Little Angel Wing,Wings of a little angel.
back_465,465,163,5,12,770,34,55450,0,0,31,47,,,23,60,0,0,44,6,248,/Game/Characters/Modular/Female/back_465/back_465/SkeletalMeshes/back_465,/Game/Characters/Modular/Male/back_465/back_465/SkeletalMeshes/back_465,LBAC224,Little Angel Wing,Wings of a little angel.
back_466,466,163,9,15,770,41,80550,0,0,31,48,,,23,60,0,0,50,6,248,/Game/Characters/Modular/Female/back_466/back_466/SkeletalMeshes/back_466,/Game/Characters/Modular/Male/back_466/back_466/SkeletalMeshes/back_466,LBAC224,Little Angel Wing,Wings of a little angel.
back_467,467,163,9,15,770,42,81550,0,0,31,49,,,23,60,0,0,51,6,248,/Game/Characters/Modular/Female/back_467/back_467/SkeletalMeshes/back_467,/Game/Characters/Modular/Male/back_467/back_467/SkeletalMeshes/back_467,LBAC224,Little Angel Wing,Wings of a little angel.
back_468,468,163,10,16,770,43,89500,0,0,31,50,,,23,60,0,0,52,6,248,/Game/Characters/Modular/Female/back_468/back_468/SkeletalMeshes/back_468,/Game/Characters/Modular/Male/back_468/back_468/SkeletalMeshes/back_468,LBAC224,Little Angel Wing,Wings of a little angel.
back_469,469,163,10,14,771,39,69100,0,0,31,49,,,23,50,0,0,46,8,248,/Game/Characters/Modular/Female/back_469/back_469/SkeletalMeshes/back_469,/Game/Characters/Modular/Male/back_469/back_469/SkeletalMeshes/back_469,LBAC225,Little Devil Wing,Wings of a little devil.
back_470,470,161,40,40,5291,16,150000,0,,31,255,,,38,500,10,30,120,0,248,/Game/Characters/Modular/Female/back_470/back_470/SkeletalMeshes/back_470,/Game/Characters/Modular/Male/back_470/back_470/SkeletalMeshes/back_470,LBAC470,Angelic Wings Red,Wings Exclusive for ETC iROSE
back_471,471,163,7,11,771,36,50050,0,0,31,51,,,23,50,0,0,45,8,248,/Game/Characters/Modular/Female/back_471/back_471/SkeletalMeshes/back_471,/Game/Characters/Modular/Male/back_471/back_471/SkeletalMeshes/back_471,LBAC225,Little Devil Wing,Wings of a little devil.
back_472,472,163,8,12,771,36,55250,0,0,31,52,,,23,50,0,0,45,8,248,/Game/Characters/Modular/Female/back_472/back_472/SkeletalMeshes/back_472,/Game/Characters/Modular/Male/back_472/back_472/SkeletalMeshes/back_472,LBAC225,Little Devil Wing,Wings of a little devil.
back_473,473,163,12,15,771,43,84150,0,0,31,53,,,23,50,0,0,51,8,248,/Game/Characters/Modular/Female/back_473/back_473/SkeletalMeshes/back_473,/Game/Characters/Modular/Male/back_473/back_473/SkeletalMeshes/back_473,LBAC225,Little Devil Wing,Wings of a little devil.
back_474,474,163,12,15,771,44,85150,0,0,31,54,,,23,50,0,0,52,8,248,/Game/Characters/Modular/Female/back_474/back_474/SkeletalMeshes/back_474,/Game/Characters/Modular/Male/back_474/back_474/SkeletalMeshes/back_474,LBAC225,Little Devil Wing,Wings of a little devil.
back_475,475,163,13,16,771,45,94150,0,0,31,55,,,23,50,0,0,53,8,248,/Game/Characters/Modular/Female/back_475/back_475/SkeletalMeshes/back_475,/Game/Characters/Modular/Male/back_475/back_475/SkeletalMeshes/back_475,LBAC225,Little Devil Wing,Wings of a little devil.
back_476,476,163,12,12,772,43,96450,0,0,31,59,,,23,70,0,0,47,15,248,/Game/Characters/Modular/Female/back_476/back_476/SkeletalMeshes/back_476,/Game/Characters/Modular/Male/back_476/back_476/SkeletalMeshes/back_476,LBAC226,Crow Wing ,Wings that reek strongly of evil.
back_477,477,163,13,12,772,44,102500,0,0,31,60,,,23,70,0,0,49,15,248,/Game/Characters/Modular/Female/back_477/back_477/SkeletalMeshes/back_477,/Game/Characters/Modular/Male/back_477/back_477/SkeletalMeshes/back_477,LBAC226,Crow Wing ,Wings that reek strongly of evil.
back_478,478,163,13,13,772,45,106500,0,0,31,61,,,23,70,0,0,50,15,248,/Game/Characters/Modular/Female/back_478/back_478/SkeletalMeshes/back_478,/Game/Characters/Modular/Male/back_478/back_478/SkeletalMeshes/back_478,LBAC226,Crow Wing ,Wings that reek strongly of evil.
back_479,479,163,14,13,772,46,112800,0,0,31,62,,,23,70,0,0,51,15,248,/Game/Characters/Modular/Female/back_479/back_479/SkeletalMeshes/back_479,/Game/Characters/Modular/Male/back_479/back_479/SkeletalMeshes/back_479,LBAC226,Crow Wing ,Wings that reek strongly of evil.
back_480,480,163,14,13,772,47,114100,0,0,31,63,,,23,70,0,0,52,15,248,/Game/Characters/Modular/Female/back_480/back_480/SkeletalMeshes/back_480,/Game/Characters/Modular/Male/back_480/back_480/SkeletalMeshes/back_480,LBAC226,Crow Wing ,Wings that reek strongly of evil.
back_481,481,163,15,14,772,48,123900,0,0,31,64,,,23,70,0,0,53,15,248,/Game/Characters/Modular/Female/back_481/back_481/SkeletalMeshes/back_481,/Game/Characters/Modular/Male/back_481/back_481/SkeletalMeshes/back_481,LBAC226,Crow Wing ,Wings that reek strongly of evil.
back_482,482,163,16,14,772,49,131200,0,0,31,65,,,23,70,0,0,54,15,248,/Game/Characters/Modular/Female/back_482/back_482/SkeletalMeshes/back_482,/Game/Characters/Modular/Male/back_482/back_482/SkeletalMeshes/back_482,LBAC226,Crow Wing ,Wings that reek strongly of evil.
back_483,483,163,12,15,773,47,96850,0,0,31,69,,,23,60,0,0,49,15,248,/Game/Characters/Modular/Female/back_483/back_483/SkeletalMeshes/back_483,/Game/Characters/Modular/Male/back_483/back_483/SkeletalMeshes/back_483,LBAC227,Angel Wing,Official angel wings that emit an aura of majesty.
back_484,484,163,12,16,773,48,101350,0,0,31,70,,,23,60,0,0,50,15,248,/Game/Characters/Modular/Female/back_484/back_484/SkeletalMeshes/back_484,/Game/Characters/Modular/Male/back_484/back_484/SkeletalMeshes/back_484,LBAC227,Angel Wing,Official angel wings that emit an aura of majesty.
back_485,485,163,13,16,773,49,107250,0,0,31,71,,,23,60,0,0,51,15,248,/Game/Characters/Modular/Female/back_485/back_485/SkeletalMeshes/back_485,/Game/Characters/Modular/Male/back_485/back_485/SkeletalMeshes/back_485,LBAC227,Angel Wing,Official angel wings that emit an aura of majesty.
back_486,486,163,13,16,773,50,108450,0,0,31,72,,,23,60,0,0,52,15,248,/Game/Characters/Modular/Female/back_486/back_486/SkeletalMeshes/back_486,/Game/Characters/Modular/Male/back_486/back_486/SkeletalMeshes/back_486,LBAC227,Angel Wing,Official angel wings that emit an aura of majesty.
back_487,487,163,14,17,773,51,118500,0,0,31,73,,,23,60,0,0,53,15,248,/Game/Characters/Modular/Female/back_487/back_487/SkeletalMeshes/back_487,/Game/Characters/Modular/Male/back_487/back_487/SkeletalMeshes/back_487,LBAC227,Angel Wing,Official angel wings that emit an aura of majesty.
back_488,488,163,15,17,773,52,125500,0,0,31,74,,,23,60,0,0,54,15,248,/Game/Characters/Modular/Female/back_488/back_488/SkeletalMeshes/back_488,/Game/Characters/Modular/Male/back_488/back_488/SkeletalMeshes/back_488,LBAC227,Angel Wing,Official angel wings that emit an aura of majesty.
back_489,489,163,15,18,773,53,130700,0,0,31,75,,,23,60,0,0,55,15,248,/Game/Characters/Modular/Female/back_489/back_489/SkeletalMeshes/back_489,/Game/Characters/Modular/Male/back_489/back_489/SkeletalMeshes/back_489,LBAC227,Angel Wing,Official angel wings that emit an aura of majesty.
back_490,490,163,13,17,774,49,110050,0,0,31,75,,,23,60,0,0,49,20,248,/Game/Characters/Modular/Female/back_490/back_490/SkeletalMeshes/back_490,/Game/Characters/Modular/Male/back_490/back_490/SkeletalMeshes/back_490,LBAC228,Devil Wing,Official devil wings that emit an aura of menace.
back_491,491,163,14,17,774,50,116850,0,0,31,76,,,23,60,0,0,51,20,248,/Game/Characters/Modular/Female/back_491/back_491/SkeletalMeshes/back_491,/Game/Characters/Modular/Male/back_491/back_491/SkeletalMeshes/back_491,LBAC228,Devil Wing,Official devil wings that emit an aura of menace.
back_492,492,163,14,17,774,51,118100,0,0,31,77,,,23,60,0,0,52,20,248,/Game/Characters/Modular/Female/back_492/back_492/SkeletalMeshes/back_492,/Game/Characters/Modular/Male/back_492/back_492/SkeletalMeshes/back_492,LBAC228,Devil Wing,Official devil wings that emit an aura of menace.
back_493,493,163,15,18,774,52,128900,0,0,31,78,,,23,60,0,0,53,20,248,/Game/Characters/Modular/Female/back_493/back_493/SkeletalMeshes/back_493,/Game/Characters/Modular/Male/back_493/back_493/SkeletalMeshes/back_493,LBAC228,Devil Wing,Official devil wings that emit an aura of menace.
back_494,494,163,15,18,774,53,130250,0,0,31,79,,,23,60,0,0,54,20,248,/Game/Characters/Modular/Female/back_494/back_494/SkeletalMeshes/back_494,/Game/Characters/Modular/Male/back_494/back_494/SkeletalMeshes/back_494,LBAC228,Devil Wing,Official devil wings that emit an aura of menace.
back_495,495,163,16,18,774,54,137750,0,0,31,80,,,23,60,0,0,55,20,248,/Game/Characters/Modular/Female/back_495/back_495/SkeletalMeshes/back_495,/Game/Characters/Modular/Male/back_495/back_495/SkeletalMeshes/back_495,LBAC228,Devil Wing,Official devil wings that emit an aura of menace.
back_496,496,163,16,19,774,55,143350,0,0,31,81,,,23,60,0,0,56,20,248,/Game/Characters/Modular/Female/back_496/back_496/SkeletalMeshes/back_496,/Game/Characters/Modular/Male/back_496/back_496/SkeletalMeshes/back_496,LBAC228,Devil Wing,Official devil wings that emit an aura of menace.
back_500,500,161,40,40,5307,16,150000,0,,31,255,,,38,500,10,30,120,0,248,/Game/Characters/Modular/Female/back_500/back_500/SkeletalMeshes/back_500,/Game/Characters/Modular/Male/back_500/back_500/SkeletalMeshes/back_500,LBAC500,Demonic Wings,Wings Exclusive for ETC iROSE
back_501,501,161,40,40,5310,16,150000,0,,31,255,,,38,500,11,30,120,0,248,/Game/Characters/Modular/Female/back_501/back_501/SkeletalMeshes/back_501,/Game/Characters/Modular/Male/back_501/back_501/SkeletalMeshes/back_501,LBAC501,Demonic Wings Black,Wings Exclusive for ETC iROSE
back_502,502,161,40,40,5309,16,150000,0,,31,255,,,38,500,13,30,120,0,248,/Game/Characters/Modular/Female/back_502/back_502/SkeletalMeshes/back_502,/Game/Characters/Modular/Male/back_502/back_502/SkeletalMeshes/back_502,LBAC502,Demonic Wings BlackGreen,Wings Exclusive for ETC iROSE
back_503,503,161,40,40,5308,16,150000,0,,31,255,,,38,500,15,30,120,0,248,/Game/Characters/Modular/Female/back_503/back_503/SkeletalMeshes/back_503,/Game/Characters/Modular/Male/back_503/back_503/SkeletalMeshes/back_503,LBAC503,Demonic Wings BlackPurple,Wings Exclusive for ETC iROSE
back_504,504,161,40,40,5311,16,150000,0,,31,255,,,38,500,18,100,120,0,248,/Game/Characters/Modular/Female/back_504/back_504/SkeletalMeshes/back_504,/Game/Characters/Modular/Male/back_504/back_504/SkeletalMeshes/back_504,LBAC504,Demonic Wings BlackRed,Wings Exclusive for ETC iROSE
back_505,505,161,40,40,5306,16,150000,0,,31,255,,,38,500,12,30,120,0,248,/Game/Characters/Modular/Female/back_505/back_505/SkeletalMeshes/back_505,/Game/Characters/Modular/Male/back_505/back_505/SkeletalMeshes/back_505,LBAC505,Demonic Wings BlackWhite,Wings Exclusive for ETC iROSE
back_506,506,161,40,40,5305,16,150000,0,,31,255,,,38,500,24,30,120,0,248,/Game/Characters/Modular/Female/back_506/back_506/SkeletalMeshes/back_506,/Game/Characters/Modular/Male/back_506/back_506/SkeletalMeshes/back_506,LBAC506,Demonic Wings GreenRed,Wings Exclusive for ETC iROSE
back_507,507,161,40,40,5304,16,150000,0,,31,255,,,38,500,26,70,120,0,248,/Game/Characters/Modular/Female/back_507/back_507/SkeletalMeshes/back_507,/Game/Characters/Modular/Male/back_507/back_507/SkeletalMeshes/back_507,LBAC507,Demonic Wings PurpleBlue,Wings Exclusive for ETC iROSE
back_511,511,163,17,21,777,57,180650,0,0,31,94,,,23,75,0,0,52,20,248,/Game/Characters/Modular/Female/back_511/back_511/SkeletalMeshes/back_511,/Game/Characters/Modular/Male/back_511/back_511/SkeletalMeshes/back_511,LBAC231,Worm Dragon Wing,Wings cut from a disgusting looking Worm Dragon.
back_512,512,163,17,22,777,58,187350,0,0,31,95,,,23,75,0,0,53,20,248,/Game/Characters/Modular/Female/back_512/back_512/SkeletalMeshes/back_512,/Game/Characters/Modular/Male/back_512/back_512/SkeletalMeshes/back_512,LBAC231,Worm Dragon Wing,Wings cut from a disgusting looking Worm Dragon.
back_513,513,163,18,22,777,59,196150,0,0,31,96,,,23,75,0,0,54,20,248,/Game/Characters/Modular/Female/back_513/back_513/SkeletalMeshes/back_513,/Game/Characters/Modular/Male/back_513/back_513/SkeletalMeshes/back_513,LBAC231,Worm Dragon Wing,Wings cut from a disgusting looking Worm Dragon.
back_514,514,163,13,18,777,54,139900,0,0,31,97,,,23,75,0,0,50,20,248,/Game/Characters/Modular/Female/back_514/back_514/SkeletalMeshes/back_514,/Game/Characters/Modular/Male/back_514/back_514/SkeletalMeshes/back_514,LBAC231,Worm Dragon Wing,Wings cut from a disgusting looking Worm Dragon.
back_515,515,163,14,19,777,54,149150,0,0,31,98,,,23,75,0,0,50,20,248,/Game/Characters/Modular/Female/back_515/back_515/SkeletalMeshes/back_515,/Game/Characters/Modular/Male/back_515/back_515/SkeletalMeshes/back_515,LBAC231,Worm Dragon Wing,Wings cut from a disgusting looking Worm Dragon.
back_516,516,163,15,19,777,54,154750,0,0,31,99,,,23,75,0,0,50,20,248,/Game/Characters/Modular/Female/back_516/back_516/SkeletalMeshes/back_516,/Game/Characters/Modular/Male/back_516/back_516/SkeletalMeshes/back_516,LBAC231,Worm Dragon Wing,Wings cut from a disgusting looking Worm Dragon.
back_517,517,163,21,24,777,63,238650,0,0,31,100,,,23,75,0,0,58,20,248,/Game/Characters/Modular/Female/back_517/back_517/SkeletalMeshes/back_517,/Game/Characters/Modular/Male/back_517/back_517/SkeletalMeshes/back_517,LBAC231,Worm Dragon Wing,Wings cut from a disgusting looking Worm Dragon.
back_519,519,0,0,0,0,0,0,0,,,,,,,,,,,,0,/Game/Characters/Modular/Female/back_519/back_519/SkeletalMeshes/back_519,/Game/Characters/Modular/Male/back_519/back_519/SkeletalMeshes/back_519,,,
back_579,579,0,0,0,0,0,0,0,,,,,,,,,,,,0,/Game/Characters/Modular/Female/back_579/back_579/SkeletalMeshes/back_579,/Game/Characters/Modular/Male/back_579/back_579/SkeletalMeshes/back_579,,,
back_580,580,0,0,0,0,0,0,0,,,,,,,,,,,,0,/Game/Characters/Modular/Female/back_580/back_580/SkeletalMeshes/back_580,/Game/Characters/Modular/Male/back_580/back_580/SkeletalMeshes/back_580,,,
back_581,581,161,8,4,793,24,8350,0,0,31,11,,,0,0,0,0,42,20,248,/Game/Characters/Modular/Female/back_581/back_581/SkeletalMeshes/back_581,/Game/Characters/Modular/Male/back_581/back_581/SkeletalMeshes/back_581,LBAC241,Turtle Backshield ,A shell used for turtle hermits in training.
back_582,582,161,8,4,793,25,8450,0,0,31,12,,,0,0,0,0,43,20,248,/Game/Characters/Modular/Female/back_582/back_582/SkeletalMeshes/back_582,/Game/Characters/Modular/Male/back_582/back_582/SkeletalMeshes/back_582,LBAC241,Turtle Backshield ,A shell used for turtle hermits in training.
back_583,583,161,8,4,793,26,8600,0,0,31,13,,,0,0,0,0,44,20,248,/Game/Characters/Modular/Female/back_583/back_583/SkeletalMeshes/back_583,/Game/Characters/Modular/Male/back_583/back_583/SkeletalMeshes/back_583,LBAC241,Turtle Backshield ,A shell used for turtle hermits in training.
back_584,584,161,9,4,793,27,10150,0,0,31,14,,,0,0,0,0,45,20,248,/Game/Characters/Modular/Female/back_584/back_584/SkeletalMeshes/back_584,/Game/Characters/Modular/Male/back_584/back_584/SkeletalMeshes/back_584,LBAC241,Turtle Backshield ,A shell used for turtle hermits in training.
back_585,585,161,9,5,793,28,10900,0,0,31,15,,,0,0,0,0,46,20,248,/Game/Characters/Modular/Female/back_585/back_585/SkeletalMeshes/back_585,/Game/Characters/Modular/Male/back_585/back_585/SkeletalMeshes/back_585,LBAC241,Turtle Backshield ,A shell used for turtle hermits in training.
back_586,586,161,9,5,793,29,11050,0,0,31,16,,,0,0,0,0,47,20,248,/Game/Characters/Modular/Female/back_586/back_586/SkeletalMeshes/back_586,/Game/Characters/Modular/Male/back_586/back_586/SkeletalMeshes/back_586,LBAC241,Turtle Backshield ,A shell used for turtle hermits in training.
back_587,587,161,10,5,793,30,12850,0,0,31,17,,,0,0,0,0,48,20,248,/Game/Characters/Modular/Female/back_587/back_587/SkeletalMeshes/back_587,/Game/Characters/Modular/Male/back_587/back_587/SkeletalMeshes/back_587,LBAC241,Turtle Backshield ,A shell used for turtle hermits in training.
back_588,588,161,9,5,794,28,10700,0,0,31,21,,,0,0,0,0,43,20,248,/Game/Characters/Modular/Female/back_588/back_588/SkeletalMeshes/back_588,/Game/Characters/Modular/Male/back_588/back_588/SkeletalMeshes/back_588,LBAC242,Endeavor Backshield,A Backshield which protects hardworking people.
back_589,589,161,9,5,794,29,10850,0,0,31,22,,,0,0,0,0,44,20,248,/Game/Characters/Modular/Female/back_589/back_589/SkeletalMeshes/back_589,/Game/Characters/Modular/Male/back_589/back_589/SkeletalMeshes/back_589,LBAC242,Endeavor Backshield,A Backshield which protects hardworking people.
back_590,590,161,10,6,794,30,13300,0,0,31,23,,,0,0,0,0,45,20,248,/Game/Characters/Modular/Female/back_590/back_590/SkeletalMeshes/back_590,/Game/Characters/Modular/Male/back_590/back_590/SkeletalMeshes/back_590,LBAC242,Endeavor Backshield,A Backshield which protects hardworking people.
back_591,591,161,10,6,794,31,13450,0,0,31,24,,,0,0,0,0,46,20,248,/Game/Characters/Modular/Female/back_591/back_591/SkeletalMeshes/back_591,/Game/Characters/Modular/Male/back_591/back_591/SkeletalMeshes/back_591,LBAC242,Endeavor Backshield,A Backshield which protects hardworking people.
back_592,592,161,11,6,794,32,15500,0,0,31,25,,,0,0,0,0,47,20,248,/Game/Characters/Modular/Female/back_592/back_592/SkeletalMeshes/back_592,/Game/Characters/Modular/Male/back_592/back_592/SkeletalMeshes/back_592,LBAC242,Endeavor Backshield,A Backshield which protects hardworking people.
back_593,593,161,11,6,794,33,15800,0,0,31,26,,,0,0,0,0,49,20,248,/Game/Characters/Modular/Female/back_593/back_593/SkeletalMeshes/back_593,/Game/Characters/Modular/Male/back_593/back_593/SkeletalMeshes/back_593,LBAC242,Endeavor Backshield,A Backshield which protects hardworking people.
back_594,594,161,11,7,794,34,16750,0,0,31,27,,,0,0,0,0,50,20,248,/Game/Characters/Modular/Female/back_594/back_594/SkeletalMeshes/back_594,/Game/Characters/Modular/Male/back_594/back_594/SkeletalMeshes/back_594,LBAC242,Endeavor Backshield,A Backshield which protects hardworking people.
back_595,595,161,11,6,795,32,15250,0,0,31,31,,,0,0,0,0,44,20,248,/Game/Characters/Modular/Female/back_595/back_595/SkeletalMeshes/back_595,/Game/Characters/Modular/Male/back_595/back_595/SkeletalMeshes/back_595,LBAC243,Training Back shield,A Backshield that protects the rear of a novice in training.
back_596,596,161,12,7,795,33,18150,0,0,31,32,,,0,0,0,0,45,20,248,/Game/Characters/Modular/Female/back_596/back_596/SkeletalMeshes/back_596,/Game/Characters/Modular/Male/back_596/back_596/SkeletalMeshes/back_596,LBAC243,Training Back shield,A Backshield that protects the rear of a novice in training.
back_597,597,161,12,7,795,34,18400,0,0,31,33,,,0,0,0,0,46,20,248,/Game/Characters/Modular/Female/back_597/back_597/SkeletalMeshes/back_597,/Game/Characters/Modular/Male/back_597/back_597/SkeletalMeshes/back_597,LBAC243,Training Back shield,A Backshield that protects the rear of a novice in training.
back_598,598,161,13,7,795,35,20850,0,0,31,34,,,0,0,0,0,47,20,248,/Game/Characters/Modular/Female/back_598/back_598/SkeletalMeshes/back_598,/Game/Characters/Modular/Male/back_598/back_598/SkeletalMeshes/back_598,LBAC243,Training Back shield,A Backshield that protects the rear of a novice in training.
back_599,599,161,13,7,795,36,21200,0,0,31,35,,,0,0,0,0,49,20,248,/Game/Characters/Modular/Female/back_599/back_599/SkeletalMeshes/back_599,/Game/Characters/Modular/Male/back_599/back_599/SkeletalMeshes/back_599,LBAC243,Training Back shield,A Backshield that protects the rear of a novice in training.
back_600,600,161,14,8,795,37,24800,0,0,31,36,,,0,0,0,0,50,20,248,/Game/Characters/Modular/Female/back_600/back_600/SkeletalMeshes/back_600,/Game/Characters/Modular/Male/back_600/back_600/SkeletalMeshes/back_600,LBAC243,Training Back shield,A Backshield that protects the rear of a novice in training.
back_601,601,161,11,5,795,29,14150,0,0,31,37,,,0,0,0,0,43,20,248,/Game/Characters/Modular/Female/back_601/back_601/SkeletalMeshes/back_601,/Game/Characters/Modular/Male/back_601/back_601/SkeletalMeshes/back_601,LBAC243,Training Back shield,A Backshield that protects the rear of a novice in training.
back_602,602,161,10,5,796,33,12800,0,0,31,41,,,0,0,0,0,43,20,248,/Game/Characters/Modular/Female/back_602/back_602/SkeletalMeshes/back_602,/Game/Characters/Modular/Male/back_602/back_602/SkeletalMeshes/back_602,LBAC244,Guard Backshield,A Backshield that protects one???s back from danger and threats.
back_603,603,161,11,5,796,33,14600,0,0,31,42,,,0,0,0,0,43,20,248,/Game/Characters/Modular/Female/back_603/back_603/SkeletalMeshes/back_603,/Game/Characters/Modular/Male/back_603/back_603/SkeletalMeshes/back_603,LBAC244,Guard Backshield,A Backshield that protects one???s back from danger and threats.
back_604,604,161,15,8,796,38,27250,0,0,31,43,,,0,0,0,0,48,20,248,/Game/Characters/Modular/Female/back_604/back_604/SkeletalMeshes/back_604,/Game/Characters/Modular/Male/back_604/back_604/SkeletalMeshes/back_604,LBAC244,Guard Backshield,A Backshield that protects one???s back from danger and threats.
back_605,605,161,15,8,796,39,27600,0,0,31,44,,,0,0,0,0,49,20,248,/Game/Characters/Modular/Female/back_605/back_605/SkeletalMeshes/back_605,/Game/Characters/Modular/Male/back_605/back_605/SkeletalMeshes/back_605,LBAC244,Guard Backshield,A Backshield that protects one???s back from danger and threats.
back_606,606,161,16,9,796,40,31750,0,0,31,45,,,0,0,0,0,50,20,248,/Game/Characters/Modular/Female/back_606/back_606/SkeletalMeshes/back_606,/Game/Characters/Modular/Male/back_606/back_606/SkeletalMeshes/back_606,LBAC244,Guard Backshield,A Backshield that protects one???s back from danger and threats.
back_607,607,161,13,6,796,33,19450,0,0,31,46,,,0,0,0,0,44,20,248,/Game/Characters/Modular/Female/back_607/back_607/SkeletalMeshes/back_607,/Game/Characters/Modular/Male/back_607/back_607/SkeletalMeshes/back_607,LBAC244,Guard Backshield,A Backshield that protects one???s back from danger and threats.
back_608,608,161,13,7,796,33,20200,0,0,31,47,,,0,0,0,0,44,20,248,/Game/Characters/Modular/Female/back_608/back_608/SkeletalMeshes/back_608,/Game/Characters/Modular/Male/back_608/back_608/SkeletalMeshes/back_608,LBAC244,Guard Backshield,A Backshield that protects one???s back from danger and threats.
back_609,609,161,12,6,797,36,17750,0,0,31,49,,,0,0,0,0,44,30,248,/Game/Characters/Modular/Female/back_609/back_609/SkeletalMeshes/back_609,/Game/Characters/Modular/Male/back_609/back_609/SkeletalMeshes/back_609,LBAC245,Lion Backshield,A Backshield on which the gallant figure of a lion is painted.
back_610,610,161,17,9,797,40,34150,0,0,31,50,,,0,0,0,0,47,30,248,/Game/Characters/Modular/Female/back_610/back_610/SkeletalMeshes/back_610,/Game/Characters/Modular/Male/back_610/back_610/SkeletalMeshes/back_610,LBAC245,Lion Backshield,A Backshield on which the gallant figure of a lion is painted.
back_611,611,161,17,9,797,41,34750,0,0,31,51,,,0,0,0,0,49,30,248,/Game/Characters/Modular/Female/back_611/back_611/SkeletalMeshes/back_611,/Game/Characters/Modular/Male/back_611/back_611/SkeletalMeshes/back_611,LBAC245,Lion Backshield,A Backshield on which the gallant figure of a lion is painted.
back_612,612,161,17,10,797,42,36300,0,0,31,52,,,0,0,0,0,50,30,248,/Game/Characters/Modular/Female/back_612/back_612/SkeletalMeshes/back_612,/Game/Characters/Modular/Male/back_612/back_612/SkeletalMeshes/back_612,LBAC245,Lion Backshield,A Backshield on which the gallant figure of a lion is painted.
back_613,613,161,18,10,797,43,39950,0,0,31,53,,,0,0,0,0,51,30,248,/Game/Characters/Modular/Female/back_613/back_613/SkeletalMeshes/back_613,/Game/Characters/Modular/Male/back_613/back_613/SkeletalMeshes/back_613,LBAC245,Lion Backshield,A Backshield on which the gallant figure of a lion is painted.
back_614,614,161,15,7,797,36,25550,0,0,31,54,,,0,0,0,0,45,30,248,/Game/Characters/Modular/Female/back_614/back_614/SkeletalMeshes/back_614,/Game/Characters/Modular/Male/back_614/back_614/SkeletalMeshes/back_614,LBAC245,Lion Backshield,A Backshield on which the gallant figure of a lion is painted.
back_615,615,161,15,8,797,36,26400,0,0,31,55,,,0,0,0,0,45,30,248,/Game/Characters/Modular/Female/back_615/back_615/SkeletalMeshes/back_615,/Game/Characters/Modular/Male/back_615/back_615/SkeletalMeshes/back_615,LBAC245,Lion Backshield,A Backshield on which the gallant figure of a lion is painted.
back_623,623,161,16,8,799,42,30600,0,0,31,65,,,0,0,0,0,46,30,248,/Game/Characters/Modular/Female/back_623/back_623/SkeletalMeshes/back_623,/Game/Characters/Modular/Male/back_623/back_623/SkeletalMeshes/back_623,LBAC247,Buffalo Backshield,A Backshield on which the curse of the raging buffalo has been placed.
back_624,624,161,21,12,799,46,53600,0,0,31,66,,,0,0,0,0,49,30,248,/Game/Characters/Modular/Female/back_624/back_624/SkeletalMeshes/back_624,/Game/Characters/Modular/Male/back_624/back_624/SkeletalMeshes/back_624,LBAC247,Buffalo Backshield,A Backshield on which the curse of the raging buffalo has been placed.
back_625,625,161,22,12,799,47,58200,0,0,31,67,,,0,0,0,0,50,30,248,/Game/Characters/Modular/Female/back_625/back_625/SkeletalMeshes/back_625,/Game/Characters/Modular/Male/back_625/back_625/SkeletalMeshes/back_625,LBAC247,Buffalo Backshield,A Backshield on which the curse of the raging buffalo has been placed.
back_626,626,161,22,12,799,48,59250,0,0,31,68,,,0,0,0,0,52,30,248,/Game/Characters/Modular/Female/back_626/back_626/SkeletalMeshes/back_626,/Game/Characters/Modular/Male/back_626/back_626/SkeletalMeshes/back_626,LBAC247,Buffalo Backshield,A Backshield on which the curse of the raging buffalo has been placed.
back_627,627,161,23,13,799,49,65650,0,0,31,69,,,0,0,0,0,53,30,248,/Game/Characters/Modular/Female/back_627/back_627/SkeletalMeshes/back_627,/Game/Characters/Modular/Male/back_627/back_627/SkeletalMeshes/back_627,LBAC247,Buffalo Backshield,A Backshield on which the curse of the raging buffalo has been placed.
back_628,628,161,19,10,799,42,42100,0,0,31,70,,,0,0,0,0,47,30,248,/Game/Characters/Modular/Female/back_628/back_628/SkeletalMeshes/back_628,/Game/Characters/Modular/Male/back_628/back_628/SkeletalMeshes/back_628,LBAC247,Buffalo Backshield,A Backshield on which the curse of the raging buffalo has been placed.
back_629,629,161,20,10,799,42,45500,0,0,31,71,,,0,0,0,0,47,30,248,/Game/Characters/Modular/Female/back_629/back_629/SkeletalMeshes/back_629,/Game/Characters/Modular/Male/back_629/back_629/SkeletalMeshes/back_629,LBAC247,Buffalo Backshield,A Backshield on which the curse of the raging buffalo has been placed.
back_630,630,161,25,11,799,46,68100,0,0,31,73,,,0,0,0,0,47,0,248,/Game/Characters/Modular/Female/back_630/back_630/SkeletalMeshes/back_630,/Game/Characters/Modular/Male/back_630/back_630/SkeletalMeshes/back_630,LBAC248,Lizard Backshield,A Backshield that expresses the nimble movements of a lizard.
back_631,631,161,29,15,799,50,97050,0,0,31,74,,,0,0,0,0,50,0,248,/Game/Characters/Modular/Female/back_631/back_631/SkeletalMeshes/back_631,/Game/Characters/Modular/Male/back_631/back_631/SkeletalMeshes/back_631,LBAC248,Lizard Backshield,A Backshield that expresses the nimble movements of a lizard.
back_632,632,161,30,15,799,51,103700,0,0,31,75,,,0,0,0,0,51,0,248,/Game/Characters/Modular/Female/back_632/back_632/SkeletalMeshes/back_632,/Game/Characters/Modular/Male/back_632/back_632/SkeletalMeshes/back_632,LBAC248,Lizard Backshield,A Backshield that expresses the nimble movements of a lizard.
back_633,633,161,31,16,799,52,113050,0,0,31,76,,,0,0,0,0,53,0,248,/Game/Characters/Modular/Female/back_633/back_633/SkeletalMeshes/back_633,/Game/Characters/Modular/Male/back_633/back_633/SkeletalMeshes/back_633,LBAC248,Lizard Backshield,A Backshield that expresses the nimble movements of a lizard.
back_634,634,161,31,16,799,53,114400,0,0,31,77,,,0,0,0,0,54,0,248,/Game/Characters/Modular/Female/back_634/back_634/SkeletalMeshes/back_634,/Game/Characters/Modular/Male/back_634/back_634/SkeletalMeshes/back_634,LBAC248,Lizard Backshield,A Backshield that expresses the nimble movements of a lizard.
back_635,635,161,27,13,799,46,80350,0,0,31,78,,,0,0,0,0,48,0,248,/Game/Characters/Modular/Female/back_635/back_635/SkeletalMeshes/back_635,/Game/Characters/Modular/Male/back_635/back_635/SkeletalMeshes/back_635,LBAC248,Lizard Backshield,A Backshield that expresses the nimble movements of a lizard.
back_636,636,161,28,13,799,46,85200,0,0,31,79,,,0,0,0,0,48,0,248,/Game/Characters/Modular/Female/back_636/back_636/SkeletalMeshes/back_636,/Game/Characters/Modular/Male/back_636/back_636/SkeletalMeshes/back_636,LBAC248,Lizard Backshield,A Backshield that expresses the nimble movements of a lizard.
back_722,722,163,50,50,5172,99,100000,0,0,31,131,,,20,80,10,28,120,5,248,/Game/Characters/Modular/Female/back_722/back_722/SkeletalMeshes/back_722,/Game/Characters/Modular/Male/back_722/back_722/SkeletalMeshes/back_722,LBAC722,Arkon? XG-101 Back Unit,Back unit compatible with experimental XG-101.
back_723,723,163,50,50,5175,99,100000,0,0,31,131,,,20,80,11,28,120,5,248,/Game/Characters/Modular/Female/back_723/back_723/SkeletalMeshes/back_723,/Game/Characters/Modular/Male/back_723/back_723/SkeletalMeshes/back_723,LBAC723,Virtigo? XG-401 Back Unit,Back unit compatible with experimental XG-401.
back_724,724,163,50,50,5177,99,100000,0,0,31,131,,,20,80,12,28,120,5,248,/Game/Characters/Modular/Female/back_724/back_724/SkeletalMeshes/back_724,/Game/Characters/Modular/Male/back_724/back_724/SkeletalMeshes/back_724,LBAC724,Iris? XG-003-701 Back Unit,Back unit compatible with experimental XG-701.
back_725,725,163,50,50,5179,99,100000,0,0,31,131,,,20,80,13,28,120,5,248,/Game/Characters/Modular/Female/back_725/back_725/SkeletalMeshes/back_725,/Game/Characters/Modular/Male/back_725/back_725/SkeletalMeshes/back_725,LBAC725,Nova? XG-901 Back Unit,Back unit compatible with experimental XG-901.
back_726,726,163,50,50,5174,99,100000,0,0,31,131,,,20,90,10,30,120,5,248,/Game/Characters/Modular/Female/back_726/back_726/SkeletalMeshes/back_726,/Game/Characters/Modular/Male/back_726/back_726/SkeletalMeshes/back_726,LBAC726,Arvock? XG-102 Back Unit,An upgraded version of the Arkon XG-101 Back Unit.
back_727,727,163,50,50,5176,99,100000,0,0,31,131,,,20,90,11,30,120,5,248,/Game/Characters/Modular/Female/back_727/back_727/SkeletalMeshes/back_727,/Game/Characters/Modular/Male/back_727/back_727/SkeletalMeshes/back_727,LBAC727,Airo? XG-402 Back Unit,An upgraded version of the Virtigo XG-401 Back Unit.
back_728,728,163,50,50,5178,99,100000,0,0,31,131,,,20,90,12,30,120,5,248,/Game/Characters/Modular/Female/back_728/back_728/SkeletalMeshes/back_728,/Game/Characters/Modular/Male/back_728/back_728/SkeletalMeshes/back_728,LBAC728,Isis? XG-702 Back Unit,An upgraded version of the Iris XG-701 Back Unit.
back_729,729,163,50,50,5180,99,100000,0,0,31,131,,,20,90,13,30,120,5,248,/Game/Characters/Modular/Female/back_729/back_729/SkeletalMeshes/back_729,/Game/Characters/Modular/Male/back_729/back_729/SkeletalMeshes/back_729,LBAC729,Endo? XG-902 Back Unit,An upgraded version of the Nova XG-901 Back Unit.
back_730,730,0,0,0,0,0,0,0,,,,,,,,,,,,0,/Game/Characters/Modular/Female/back_730/back_730/SkeletalMeshes/back_730,/Game/Characters/Modular/Male/back_730/back_730/SkeletalMeshes/back_730,,,
back_731,731,162,50,50,5185,16,1000,0,,31,131,,,20,100,11,30,120,5,248,/Game/Characters/Modular/Female/back_731/back_731/SkeletalMeshes/back_731,/Game/Characters/Modular/Male/back_731/back_731/SkeletalMeshes/back_731,LBAC731,Fairy Pod,A fabulous wing and bag combination.
back_732,732,0,0,0,0,0,0,0,,,,,,,,,,,,0,/Game/Characters/Modular/Female/back_732/back_732/SkeletalMeshes/back_732,/Game/Characters/Modular/Male/back_732/back_732/SkeletalMeshes/back_732,,,
back_733,733,0,0,0,0,0,0,0,,,,,,,,,,,,0,/Game/Characters/Modular/Female/back_733/back_733/SkeletalMeshes/back_733,/Game/Characters/Modular/Male/back_733/back_733/SkeletalMeshes/back_733,,,
back_734,734,0,0,0,0,0,0,0,,,,,,,,,,,,0,/Game/Characters/Modular/Female/back_734/back_734/SkeletalMeshes/back_734,/Game/Characters/Modular/Male/back_734/back_734/SkeletalMeshes/back_734,,,
back_735,735,0,0,0,0,0,0,0,,,,,,,,,,,,0,/Game/Characters/Modular/Female/back_735/back_735/SkeletalMeshes/back_735,/Game/Characters/Modular/Male/back_735/back_735/SkeletalMeshes/back_735,,,
back_736,736,0,0,0,0,0,0,0,,,,,,,,,,,,0,/Game/Characters/Modular/Female/back_736/back_736/SkeletalMeshes/back_736,/Game/Characters/Modular/Male/back_736/back_736/SkeletalMeshes/back_736,,,
back_737,737,163,30,30,728,50,65170,0,,31,83,,,23,65,20,20,58,20,248,/Game/Characters/Modular/Female/back_737/back_737/SkeletalMeshes/back_737,/Game/Characters/Modular/Male/back_737/back_737/SkeletalMeshes/back_737,LBAC737,Red Demon Wing,Wings taken from one of Hebarn's demons.
back_738,738,163,30,50,5352,65,150000,0,,31,200,,,23,500,20,130,80,30,248,/Game/Characters/Modular/Female/back_738/back_738/SkeletalMeshes/back_738,/Game/Characters/Modular/Male/back_738/back_738/SkeletalMeshes/back_738,LBAC738,Frozen ArchAngel Wings,Wings taken from an angel that emit an aura of holy power.
back_739,739,163,40,40,760,50,115100,0,,31,130,,,23,100,20,20,75,12,248,/Game/Characters/Modular/Female/back_739/back_739/SkeletalMeshes/back_739,/Game/Characters/Modular/Male/back_739/back_739/SkeletalMeshes/back_739,LBAC739,Tirwin Wing,Wings clipped from a Tirwin.
back_740,740,163,40,40,761,50,130100,0,,31,133,,,23,150,18,20,77,12,248,/Game/Characters/Modular/Female/back_740/back_740/SkeletalMeshes/back_740,/Game/Characters/Modular/Male/back_740/back_740/SkeletalMeshes/back_740,LBAC740,Golden Tirwin Wing,"Golden wings, which apparently give good luck and fortune to the wearer. "
back_741,741,163,50,50,5187,16,1200,0,,31,131,,,10,30,12,30,120,20,248,/Game/Characters/Modular/Female/back_741/back_741/SkeletalMeshes/back_741,/Game/Characters/Modular/Male/back_741/back_741/SkeletalMeshes/back_741,LBAC741,Scented Butterfly Wing,A mysterious butterfly that can only live on the back of a person with a good sense of smell.
back_742,742,163,50,50,5112,16,1200,0,,31,131,,,11,30,12,30,120,20,248,/Game/Characters/Modular/Female/back_742/back_742/SkeletalMeshes/back_742,/Game/Characters/Modular/Male/back_742/back_742/SkeletalMeshes/back_742,LBAC742,Seraph Wing,Wings that call out to a great angel. But actually
back_743,743,163,50,50,5188,16,1200,0,,31,131,,,13,30,12,30,120,20,248,/Game/Characters/Modular/Female/back_743/back_743/SkeletalMeshes/back_743,/Game/Characters/Modular/Male/back_743/back_743/SkeletalMeshes/back_743,LBAC743,Succubus Wing,The wings of a seductive Succubus.
back_744,744,161,50,50,791,45,169250,0,,31,165,,,0,0,0,0,77,35,248,/Game/Characters/Modular/Female/back_744/back_744/SkeletalMeshes/back_744,/Game/Characters/Modular/Male/back_744/back_744/SkeletalMeshes/back_744,LBAC744,Reinforced Blade Shield,A crowded shield made of blades.
back_745,745,163,35,35,765,35,29500,0,,31,80,,,23,70,11,10,60,10,248,/Game/Characters/Modular/Female/back_745/back_745/SkeletalMeshes/back_745,/Game/Characters/Modular/Male/back_745/back_745/SkeletalMeshes/back_745,LBAC745,Green Crystal Wing,Wing beautifully crafted from special weightless green crystals from Hebarn.
back_746,746,163,35,35,763,35,29500,0,,31,80,,,23,70,12,10,60,10,248,/Game/Characters/Modular/Female/back_746/back_746/SkeletalMeshes/back_746,/Game/Characters/Modular/Male/back_746/back_746/SkeletalMeshes/back_746,LBAC747,Pink Crystal Wing,Wing beautifully crafted from special weightless pink crystals from Hebarn.
back_747,747,163,35,35,762,35,29500,0,,31,80,,,23,,13,10,60,10,248,/Game/Characters/Modular/Female/back_747/back_747/SkeletalMeshes/back_747,/Game/Characters/Modular/Male/back_747/back_747/SkeletalMeshes/back_747,LBAC748,Blue Crystal Wing,Wing beautifully crafted from special weightless blue crystals from Hebarn.
back_748,748,163,35,35,764,35,29500,0,,31,80,,,23,70,10,10,60,10,248,/Game/Characters/Modular/Female/back_748/back_748/SkeletalMeshes/back_748,/Game/Characters/Modular/Male/back_748/back_748/SkeletalMeshes/back_748,LBAC746,Red Crystal Wing,Wing beautifully crafted from special weightless red crystals from Hebarn.
back_749,749,163,35,35,816,55,143170,0,,31,145,,,23,85,11,10,75,15,248,/Game/Characters/Modular/Female/back_749/back_749/SkeletalMeshes/back_749,/Game/Characters/Modular/Male/back_749/back_749/SkeletalMeshes/back_749,LBAC749,Hook Wing,Wings of a Hook.
back_750,750,163,45,45,5353,65,150000,0,,31,200,,,23,500,20,130,80,30,248,/Game/Characters/Modular/Female/back_750/back_750/SkeletalMeshes/back_750,/Game/Characters/Modular/Male/back_750/back_750/SkeletalMeshes/back_750,LBAC750,Frozen ArchDevil Wings,Wings taken from a fallen angel that emit an aura of evil power.
back_751,751,161,25,25,801,16,1000,0,,,,,,39,2000,,,80,30,248,/Game/Characters/Modular/Female/back_751/back_751/SkeletalMeshes/back_751,/Game/Characters/Modular/Male/back_751/back_751/SkeletalMeshes/back_751,LBAC751,Magic Pumpkin Shield,A magical shield that can be pretty noisy if you don't walk carefully.
back_752,752,161,50,50,5189,16,1000,0,,31,131,,,20,100,11,30,120,30,248,/Game/Characters/Modular/Female/back_752/back_752/SkeletalMeshes/back_752,/Game/Characters/Modular/Male/back_752/back_752/SkeletalMeshes/back_752,LBAC752,Croos Angle,A metal plated skull of a huge creature.
back_753,753,161,50,50,5100,16,1000,0,,31,131,,,10,30,19,100,120,30,248,/Game/Characters/Modular/Female/back_753/back_753/SkeletalMeshes/back_753,/Game/Characters/Modular/Male/back_753/back_753/SkeletalMeshes/back_753,LBAC753,Cross Devil,A shield in the shape of a cross. It's supposedly designed to attack enemies behind you.
back_754,754,0,0,0,0,0,0,0,,,,,,,,,,,,0,/Game/Characters/Modular/Female/back_754/back_754/SkeletalMeshes/back_754,/Game/Characters/Modular/Male/back_754/back_754/SkeletalMeshes/back_754,,,
back_755,755,0,0,0,0,0,0,0,,,,,,,,,,,,0,/Game/Characters/Modular/Female/back_755/back_755/SkeletalMeshes/back_755,/Game/Characters/Modular/Male/back_755/back_755/SkeletalMeshes/back_755,,,
back_756,756,0,0,0,0,0,0,0,,,,,,,,,,,,0,/Game/Characters/Modular/Female/back_756/back_756/SkeletalMeshes/back_756,/Game/Characters/Modular/Male/back_756/back_756/SkeletalMeshes/back_756,,,
back_757,757,0,0,0,0,0,0,0,,,,,,,,,,,,0,/Game/Characters/Modular/Female/back_757/back_757/SkeletalMeshes/back_757,/Game/Characters/Modular/Male/back_757/back_757/SkeletalMeshes/back_757,,,
back_758,758,0,0,0,0,0,0,0,,,,,,,,,,,,0,/Game/Characters/Modular/Female/back_758/back_758/SkeletalMeshes/back_758,/Game/Characters/Modular/Male/back_758/back_758/SkeletalMeshes/back_758,,,
back_759,759,0,0,0,0,0,0,0,,,,,,,,,,,,0,/Game/Characters/Modular/Female/back_759/back_759/SkeletalMeshes/back_759,/Game/Characters/Modular/Male/back_759/back_759/SkeletalMeshes/back_759,,,
back_760,760,0,0,0,0,0,0,0,,,,,,,,,,,,0,/Game/Characters/Modular/Female/back_760/back_760/SkeletalMeshes/back_760,/Game/Characters/Modular/Male/back_760/back_760/SkeletalMeshes/back_760,,,
back_761,761,163,50,50,5120,16,1200,0,,31,131,,,21,300,12,20,120,20,248,/Game/Characters/Modular/Female/back_761/back_761/SkeletalMeshes/back_761,/Game/Characters/Modular/Male/back_761/back_761/SkeletalMeshes/back_761,LBAC761,Black Seraph Wing,Wings that call out to a great angel. But actually
back_762,762,163,50,50,5089,16,1200,0,,31,131,,,19,200,10,20,120,20,248,/Game/Characters/Modular/Female/back_762/back_762/SkeletalMeshes/back_762,/Game/Characters/Modular/Male/back_762/back_762/SkeletalMeshes/back_762,LBAC762,Astarot Silver Wing,Silver wings clipped from an Astarot.
back_763,763,163,50,50,5090,16,1200,0,,31,131,,,22,100,11,20,120,20,248,/Game/Characters/Modular/Female/back_763/back_763/SkeletalMeshes/back_763,/Game/Characters/Modular/Male/back_763/back_763/SkeletalMeshes/back_763,LBAC763,Astarot White Wing,White wings clipped from an Astarot.
back_764,764,163,50,50,5091,16,1200,0,,31,131,,,19,200,13,20,120,20,248,/Game/Characters/Modular/Female/back_764/back_764/SkeletalMeshes/back_764,/Game/Characters/Modular/Male/back_764/back_764/SkeletalMeshes/back_764,LBAC764,Astarot Pink Wing,Pink wings clipped from an Astarot.
back_765,765,0,0,0,0,0,0,0,,,,,,,,,,,,0,/Game/Characters/Modular/Female/back_765/back_765/SkeletalMeshes/back_765,/Game/Characters/Modular/Male/back_765/back_765/SkeletalMeshes/back_765,,,
back_766,766,162,50,50,5207,16,1000,0,,31,131,,,18,50,22,50,120,20,248,/Game/Characters/Modular/Female/back_766/back_766/SkeletalMeshes/back_766,/Game/Characters/Modular/Male/back_766/back_766/SkeletalMeshes/back_766,LBAC766,Elementary School Bag,A little knapsack that is given to new students when they are accepted into Magic School.
back_767,767,161,50,50,5190,16,1000,0,,31,131,,,12,50,13,50,120,30,248,/Game/Characters/Modular/Female/back_767/back_767/SkeletalMeshes/back_767,/Game/Characters/Modular/Male/back_767/back_767/SkeletalMeshes/back_767,LBAC767,Thor's Bass Drum,"A bass drum that contains the power of Thor, the god of Thunder."
back_768,768,161,50,50,5191,25,1000,0,,31,131,,,13,50,15,50,120,3,248,/Game/Characters/Modular/Female/back_768/back_768/SkeletalMeshes/back_768,/Game/Characters/Modular/Male/back_768/back_768/SkeletalMeshes/back_768,LBAC768,Kerokero Umbrella,"No matter how strong the rain may be, this umbrella will offer adequate protection."
back_769,769,162,50,50,5192,16,1000,0,,31,131,,,20,100,22,50,120,20,248,/Game/Characters/Modular/Female/back_769/back_769/SkeletalMeshes/back_769,/Game/Characters/Modular/Male/back_769/back_769/SkeletalMeshes/back_769,LBAC769,Dolphin,A bag fashioned in the friendly form of the dolphin.
back_770,770,161,50,50,5103,16,1000,0,,31,131,,,10,50,18,50,120,30,248,/Game/Characters/Modular/Female/back_770/back_770/SkeletalMeshes/back_770,/Game/Characters/Modular/Male/back_770/back_770/SkeletalMeshes/back_770,LBAC770,Black Cross Shield,"Although it has the color of dark shadow, this special cross shaped Backshield uses the power of holiness."
back_771,771,163,50,50,5087,16,1200,0,,31,131,,,22,100,11,10,120,20,248,/Game/Characters/Modular/Female/back_771/back_771/SkeletalMeshes/back_771,/Game/Characters/Modular/Male/back_771/back_771/SkeletalMeshes/back_771,LBAC771,Astarot Black Wing,Black wings clipped from an Astarot.
back_772,772,163,50,50,5088,16,1200,0,,31,131,,,21,300,12,10,120,20,248,/Game/Characters/Modular/Female/back_772/back_772/SkeletalMeshes/back_772,/Game/Characters/Modular/Male/back_772/back_772/SkeletalMeshes/back_772,LBAC772,Astarot Red Wing,Red wings clipped from an Astarot.
back_773,773,163,40,40,815,70,150000,0,,31,125,,,23,95,20,35,80,0,248,/Game/Characters/Modular/Female/back_773/back_773/SkeletalMeshes/back_773,/Game/Characters/Modular/Male/back_773/back_773/SkeletalMeshes/back_773,LBAC773,Golden Astarot Wing,Only those who have truely proven themselves to an Astarot can gain it's prized procession....
back_774,774,162,50,50,5194,16,1000,0,,31,131,,,20,100,10,30,120,20,248,/Game/Characters/Modular/Female/back_774/back_774/SkeletalMeshes/back_774,/Game/Characters/Modular/Male/back_774/back_774/SkeletalMeshes/back_774,LBAC774,Teddybear Bag,A cute bag which looks like a teddybear.
back_775,775,162,50,50,5195,16,1000,0,,31,131,,,20,100,11,30,120,20,248,/Game/Characters/Modular/Female/back_775/back_775/SkeletalMeshes/back_775,/Game/Characters/Modular/Male/back_775/back_775/SkeletalMeshes/back_775,LBAC775,Bunny Bag,A cute bag which looks like a bunny.
back_776,776,162,50,50,5197,16,1000,0,,31,131,,,20,100,12,30,120,20,248,/Game/Characters/Modular/Female/back_776/back_776/SkeletalMeshes/back_776,/Game/Characters/Modular/Male/back_776/back_776/SkeletalMeshes/back_776,LBAC776,Kitty Bag,A cute bag which looks like a kitty.
back_777,777,162,50,50,5200,16,1000,0,,31,131,,,20,100,11,30,120,20,248,/Game/Characters/Modular/Female/back_777/back_777/SkeletalMeshes/back_777,/Game/Characters/Modular/Male/back_777/back_777/SkeletalMeshes/back_777,LBAC777,Elephant Bag,A cute bag which looks like an Elephant.
back_778,778,162,20,12,758,56,125000,0,,,,,,24,10,18,100,120,50,248,/Game/Characters/Modular/Female/back_778/back_778/SkeletalMeshes/back_778,/Game/Characters/Modular/Male/back_778/back_778/SkeletalMeshes/back_778,LBAC778,Castlegear Bag,A cute bag which looks like a Castlegear.
back_779,779,162,50,50,5202,16,1000,0,,31,131,,,20,100,11,30,120,20,248,/Game/Characters/Modular/Female/back_779/back_779/SkeletalMeshes/back_779,/Game/Characters/Modular/Male/back_779/back_779/SkeletalMeshes/back_779,LBAC779,Seal bag,A cute bag which looks like a Seal.
back_780,780,162,50,50,5203,16,1000,0,,31,131,,,20,100,11,30,120,20,248,/Game/Characters/Modular/Female/back_780/back_780/SkeletalMeshes/back_780,/Game/Characters/Modular/Male/back_780/back_780/SkeletalMeshes/back_780,LBAC781,Pig Bag,A cute bag which looks like a Pig.
back_781,781,162,50,50,5204,16,1000,0,,31,131,,,20,100,22,50,120,20,248,/Game/Characters/Modular/Female/back_781/back_781/SkeletalMeshes/back_781,/Game/Characters/Modular/Male/back_781/back_781/SkeletalMeshes/back_781,LBAC780,Penguin Bag,A cute bag which looks like a Penguin.
back_782,782,162,50,50,738,16,1000,0,,,,,,20,50,19,50,120,20,248,/Game/Characters/Modular/Female/back_782/back_782/SkeletalMeshes/back_782,/Game/Characters/Modular/Male/back_782/back_782/SkeletalMeshes/back_782,LBAC782,Raccon Bag,A cute bag which looks like a Raccon.
back_783,783,162,50,50,5205,16,1000,0,,31,131,,,20,100,10,30,120,20,248,/Game/Characters/Modular/Female/back_783/back_783/SkeletalMeshes/back_783,/Game/Characters/Modular/Male/back_783/back_783/SkeletalMeshes/back_783,LBAC783,Zuly Shop Bag,A handy bag for selling and storing items on the move.
back_784,784,162,50,50,5197,15,1000,0,,31,131,,,20,100,22,50,120,20,248,/Game/Characters/Modular/Female/back_784/back_784/SkeletalMeshes/back_784,/Game/Characters/Modular/Male/back_784/back_784/SkeletalMeshes/back_784,LBAC784,Brown Kitty Bag,A cute bag which looks like a brown kitty.
back_785,785,162,50,50,5196,15,1000,0,,31,131,,,20,100,15,30,120,20,248,/Game/Characters/Modular/Female/back_785/back_785/SkeletalMeshes/back_785,/Game/Characters/Modular/Male/back_785/back_785/SkeletalMeshes/back_785,LBAC785,Black Bunny Bag,A cute bag which looks like a black bunny.
back_786,786,162,50,50,5201,16,1000,0,,31,131,,,20,100,19,100,120,20,248,/Game/Characters/Modular/Female/back_786/back_786/SkeletalMeshes/back_786,/Game/Characters/Modular/Male/back_786/back_786/SkeletalMeshes/back_786,LBAC786,Purple Elephant Bag,A cute bag which looks like a purple Elephant.
back_787,787,162,50,50,5206,16,1000,0,,31,131,,,20,100,11,30,120,20,248,/Game/Characters/Modular/Female/back_787/back_787/SkeletalMeshes/back_787,/Game/Characters/Modular/Male/back_787/back_787/SkeletalMeshes/back_787,LBAC787,Pink Raccon Bag,A cute bag which looks like a pink Raccon.
back_788,788,162,10,10,734,49,40000,0,,31,88,,,25,1500,14,20,60,20,248,/Game/Characters/Modular/Female/back_788/back_788/SkeletalMeshes/back_788,/Game/Characters/Modular/Male/back_788/back_788/SkeletalMeshes/back_788,LBAC788,Panda Bag,A cute but rather heavy bag which looks like a Panda.
back_789,789,162,4,1,716,48,37500,0,,31,83,,,25,800,0,0,67,20,248,/Game/Characters/Modular/Female/back_789/back_789/SkeletalMeshes/back_789,/Game/Characters/Modular/Male/back_789/back_789/SkeletalMeshes/back_789,LBAC789,Moon Kana Bag,A bag based on the dolls of Japanese artist Moon.
back_790,790,163,45,45,717,16,1200,0,,,,,,23,90, , ,100,20,248,/Game/Characters/Modular/Female/back_790/back_790/SkeletalMeshes/back_790,/Game/Characters/Modular/Male/back_790/back_790/SkeletalMeshes/back_790,LBAC790,Purple Astarot Wing,Purple wing clipped from an Astarot.
back_791,791,162,50,50,5208,16,1000,0,,31,131,,,10,30,11,30,120,20,248,/Game/Characters/Modular/Female/back_791/back_791/SkeletalMeshes/back_791,/Game/Characters/Modular/Male/back_791/back_791/SkeletalMeshes/back_791,LBAC791,Dorien Board,Dorien's 'noob' board.
back_792,792,162,35,35,719,26,8500,0,,31,30,,,14,10,25,500,60,10,248,/Game/Characters/Modular/Female/back_792/back_792/SkeletalMeshes/back_792,/Game/Characters/Modular/Male/back_792/back_792/SkeletalMeshes/back_792,LBAC792,Snowman Bag,A bag made up of snowballs from Santa Planetoid.
back_794,794,163,50,50,8147,16,1200,1,,31,131,,,20,100,19,50,120,16,248,/Game/Characters/Modular/Female/back_794/back_794/SkeletalMeshes/back_794,/Game/Characters/Modular/Male/back_794/back_794/SkeletalMeshes/back_794,LBAC794,Tirwin Wings (J),Wings clipped from a Tirwin (jrose)
back_795,795,163,50,50,2520,16,1200,0,,31,131,,,20,100,22,50,120,16,248,/Game/Characters/Modular/Female/back_795/back_795/SkeletalMeshes/back_795,/Game/Characters/Modular/Male/back_795/back_795/SkeletalMeshes/back_795,LBAC795,White Tirwin Wing,Wings clipped from a Tirwin
back_796,796,163,45,45,721,16,1200,0,,31,155,,,23,70,,,55,16,248,/Game/Characters/Modular/Female/back_796/back_796/SkeletalMeshes/back_796,/Game/Characters/Modular/Male/back_796/back_796/SkeletalMeshes/back_796,LBAC796,Black Large Tirwin Wing,An item purchased from the Clan Shop.
back_797,797,161,45,45,722,16,1000,0,,31,150,,,,,,,55,30,248,/Game/Characters/Modular/Female/back_797/back_797/SkeletalMeshes/back_797,/Game/Characters/Modular/Male/back_797/back_797/SkeletalMeshes/back_797,LBAC797,Pink Cross Shield,An item purchased from the Clan Shop.
back_798,798,0,0,0,0,0,0,0,,,,,,,,,,,,0,/Game/Characters/Modular/Female/back_798/back_798/SkeletalMeshes/back_798,/Game/Characters/Modular/Male/back_798/back_798/SkeletalMeshes/back_798,,,
back_799,799,0,0,0,0,0,0,0,,,,,,,,,,,,0,/Game/Characters/Modular/Female/back_799/back_799/SkeletalMeshes/back_799,/Game/Characters/Modular/Male/back_799/back_799/SkeletalMeshes/back_799,,,
back_801,801,0,0,0,0,0,0,0,,,,,,,,,,,,0,/Game/Characters/Modular/Female/back_801/back_801/SkeletalMeshes/back_801,/Game/Characters/Modular/Male/back_801/back_801/SkeletalMeshes/back_801,,,
back_802,802,0,0,0,0,0,0,0,,,,,,,,,,,,0,/Game/Characters/Modular/Female/back_802/back_802/SkeletalMeshes/back_802,/Game/Characters/Modular/Male/back_802/back_802/SkeletalMeshes/back_802,,,
back_803,803,163,50,50,5209,30,68000,0,,31,131,,,20,100,22,50,120,0,248,/Game/Characters/Modular/Female/back_803/back_803/SkeletalMeshes/back_803,/Game/Characters/Modular/Male/back_803/back_803/SkeletalMeshes/back_803,LBAC803,Violet Dragon Wing,Tree Wing
back_804,804,163,50,50,5210,30,68000,0,,31,131,,,20,100,10,30,120,0,248,/Game/Characters/Modular/Female/back_804/back_804/SkeletalMeshes/back_804,/Game/Characters/Modular/Male/back_804/back_804/SkeletalMeshes/back_804,LBAC804,Tree Wing,
back_805,805,163,50,50,5211,30,68000,0,,31,131,,,20,100,12,30,120,0,248,/Game/Characters/Modular/Female/back_805/back_805/SkeletalMeshes/back_805,/Game/Characters/Modular/Male/back_805/back_805/SkeletalMeshes/back_805,LBAC805,Tribal Wing,
back_806,806,163,50,50,5213,30,68000,0,,31,131,,,20,100,11,30,120,0,248,/Game/Characters/Modular/Female/back_806/back_806/SkeletalMeshes/back_806,/Game/Characters/Modular/Male/back_806/back_806/SkeletalMeshes/back_806,LBAC806,Techno Angel Wing,
back_807,807,163,50,50,5214,30,68000,0,,31,131,,,20,100,13,30,120,0,248,/Game/Characters/Modular/Female/back_807/back_807/SkeletalMeshes/back_807,/Game/Characters/Modular/Male/back_807/back_807/SkeletalMeshes/back_807,LBAC807,Bat Backshield,
back_808,808,163,50,50,5215,30,68000,0,,31,131,,,20,100,19,100,120,0,248,/Game/Characters/Modular/Female/back_808/back_808/SkeletalMeshes/back_808,/Game/Characters/Modular/Male/back_808/back_808/SkeletalMeshes/back_808,LBAC808,Golden Skill Backshield, 
back_809,809,163,60,60,3510,30,68000,0,,, ,,,23,90,10,10,70,0,248,/Game/Characters/Modular/Female/back_809/back_809/SkeletalMeshes/back_809,/Game/Characters/Modular/Male/back_809/back_809/SkeletalMeshes/back_809,LBAC809,Tiger Backshield, 
back_810,810,163,60,60,8144,46,46150,0,,31,90,,,23,90,11,10,70,20,248,/Game/Characters/Modular/Female/back_810/back_810/SkeletalMeshes/back_810,/Game/Characters/Modular/Male/back_810/back_810/SkeletalMeshes/back_810,LBAC810,Aswang Wing, 
back_811,811,163,60,60,718,55,147200,0,,31,153,,,23,90,12,10,77,10,248,/Game/Characters/Modular/Female/back_811/back_811/SkeletalMeshes/back_811,/Game/Characters/Modular/Male/back_811/back_811/SkeletalMeshes/back_811,LBAC811,Sikuku Butterfly Wing,A wing made out of the finest Sikuku feathers on Eldeon.
back_812,812,0,0,0,0,0,0,0,,,,,,,,,,,,0,/Game/Characters/Modular/Female/back_812/back_812/SkeletalMeshes/back_812,/Game/Characters/Modular/Male/back_812/back_812/SkeletalMeshes/back_812,,,
back_813,813,163,50,50,5216,16,1200,0,,31,131,,,20,100,11,30,120,16,248,/Game/Characters/Modular/Female/back_813/back_813/SkeletalMeshes/back_813,/Game/Characters/Modular/Male/back_813/back_813/SkeletalMeshes/back_813,LBAC813,Glowstick Backpack,A backpack decorated with designs that glow under a blacklight.
back_814,814,0,0,0,0,0,0,0,,,,,,,,,,,,0,/Game/Characters/Modular/Female/back_814/back_814/SkeletalMeshes/back_814,/Game/Characters/Modular/Male/back_814/back_814/SkeletalMeshes/back_814,,,
back_815,815,0,0,0,0,0,0,0,,,,,,,,,,,,0,/Game/Characters/Modular/Female/back_815/back_815/SkeletalMeshes/back_815,/Game/Characters/Modular/Male/back_815/back_815/SkeletalMeshes/back_815,,,
back_816,816,0,0,0,0,0,0,0,,,,,,,,,,,,0,/Game/Characters/Modular/Female/back_816/back_816/SkeletalMeshes/back_816,/Game/Characters/Modular/Male/back_816/back_816/SkeletalMeshes/back_816,,,
back_817,817,0,0,0,0,0,0,0,,,,,,,,,,,,0,/Game/Characters/Modular/Female/back_817/back_817/SkeletalMeshes/back_817,/Game/Characters/Modular/Male/back_817/back_817/SkeletalMeshes/back_817,,,
back_818,818,0,0,0,0,0,0,0,,,,,,,,,,,,0,/Game/Characters/Modular/Female/back_818/back_818/SkeletalMeshes/back_818,/Game/Characters/Modular/Male/back_818/back_818/SkeletalMeshes/back_818,,,
back_819,819,0,0,0,0,0,0,0,,,,,,,,,,,,0,/Game/Characters/Modular/Female/back_819/back_819/SkeletalMeshes/back_819,/Game/Characters/Modular/Male/back_819/back_819/SkeletalMeshes/back_819,,,
back_820,820,163,200,100,8155,117,150000,0,,,,,,20,100,11,30,125,6,248,/Game/Characters/Modular/Female/back_820/back_820/SkeletalMeshes/back_820,/Game/Characters/Modular/Male/back_820/back_820/SkeletalMeshes/back_820,LBAC820,Gundam Purple Wings ,Gundam Purple Wings 
back_821,821,163,200,100,8154,117,150000,0,,,,,,18,100,13,30,125,6,248,/Game/Characters/Modular/Female/back_821/back_821/SkeletalMeshes/back_821,/Game/Characters/Modular/Male/back_821/back_821/SkeletalMeshes/back_821,LBAC821,Gundam Orange Wings ,Gundam Orange Wings 
back_822,822,163,200,100,8153,117,150000,0,,,,,,20,100,12,30,125,6,248,/Game/Characters/Modular/Female/back_822/back_822/SkeletalMeshes/back_822,/Game/Characters/Modular/Male/back_822/back_822/SkeletalMeshes/back_822,LBAC822,Gundam Green Wings ,Gundam Green Wings 
back_823,823,163,200,100,8152,117,150000,0,,,,,,20,100,13,30,125,6,248,/Game/Characters/Modular/Female/back_823/back_823/SkeletalMeshes/back_823,/Game/Characters/Modular/Male/back_823/back_823/SkeletalMeshes/back_823,LBAC823,Gundam Cyan Wings ,Gundam Cyan Wings 
back_824,824,163,200,100,8158,117,150000,0,,,,,,18,100,10,30,125,6,248,/Game/Characters/Modular/Female/back_824/back_824/SkeletalMeshes/back_824,/Game/Characters/Modular/Male/back_824/back_824/SkeletalMeshes/back_824,LBAC824,Gundam Red Wings ,Gundam Red Wings 
back_825,825,163,200,100,8151,117,150000,0,,,,,,18,100,12,30,125,6,248,/Game/Characters/Modular/Female/back_825/back_825/SkeletalMeshes/back_825,/Game/Characters/Modular/Male/back_825/back_825/SkeletalMeshes/back_825,LBAC825,Gundam White Wings ,Gundam White Wings 
back_826,826,163,200,100,8158,117,150000,0,,,,,,20,100,10,30,125,6,248,/Game/Characters/Modular/Female/back_826/back_826/SkeletalMeshes/back_826,/Game/Characters/Modular/Male/back_826/back_826/SkeletalMeshes/back_826,LBAC826,Gundam Silver Wings ,Gundam Silver Wings 
back_827,827,163,200,100,8159,117,150000,0,,,,,,18,100,11,30,125,6,248,/Game/Characters/Modular/Female/back_827/back_827/SkeletalMeshes/back_827,/Game/Characters/Modular/Male/back_827/back_827/SkeletalMeshes/back_827,LBAC827,Gundam Black Wings ,Gundam Black Wings 
back_828,828,163,200,100,8156,117,150000,0,,,,,,22,100,11,30,125,6,248,/Game/Characters/Modular/Female/back_828/back_828/SkeletalMeshes/back_828,/Game/Characters/Modular/Male/back_828/back_828/SkeletalMeshes/back_828,LBAC828,Gundam Golden Wings ,Gundam Golden Wings 
back_829,829,163,200,100,8138,117,150000,0,,,,,,22,100,11,30,125,6,248,/Game/Characters/Modular/Female/back_829/back_829/SkeletalMeshes/back_829,/Game/Characters/Modular/Male/back_829/back_829/SkeletalMeshes/back_829,LBAC829,Akram Cape,Akram Cape
back_830,830,163,200,100,8145,117,150000,0,,,,,,22,100,11,30,125,6,248,/Game/Characters/Modular/Female/back_830/back_830/SkeletalMeshes/back_830,/Game/Characters/Modular/Male/back_830/back_830/SkeletalMeshes/back_830,LBAC830,Ancient Royal Adornment,Ancient Royal Adornment
back_831,831,163,200,100,8139,117,150000,0,,,,,,22,100,11,30,125,6,248,/Game/Characters/Modular/Female/back_831/back_831/SkeletalMeshes/back_831,/Game/Characters/Modular/Male/back_831/back_831/SkeletalMeshes/back_831,LBAC831,Purple Magician Cape,Purple Magician Cape
back_832,832,163,200,100,8141,117,150000,0,,,,,,22,100,11,30,125,6,248,/Game/Characters/Modular/Female/back_832/back_832/SkeletalMeshes/back_832,/Game/Characters/Modular/Male/back_832/back_832/SkeletalMeshes/back_832,LBAC832,Red Magician Cape,Red Magician Cape
back_833,833,163,200,100,8157,117,150000,0,,,,,,22,100,11,30,125,6,248,/Game/Characters/Modular/Female/back_833/back_833/SkeletalMeshes/back_833,/Game/Characters/Modular/Male/back_833/back_833/SkeletalMeshes/back_833,LBAC833,Warlock Cape,Warlocks
back_834,834,163,200,100,8142,117,150000,0,,,,,,18,100,11,30,125,6,248,/Game/Characters/Modular/Female/back_834/back_834/SkeletalMeshes/back_834,/Game/Characters/Modular/Male/back_834/back_834/SkeletalMeshes/back_834,LBAC834,Super ROSE Cape,Super ROSE Cape
back_835,835,163,200,100,8160,117,150000,0,,,,,,20,100,10,30,125,6,248,/Game/Characters/Modular/Female/back_835/back_835/SkeletalMeshes/back_835,/Game/Characters/Modular/Male/back_835/back_835/SkeletalMeshes/back_835,LBAC835,Phoenix Wings,Phoenix Wings
back_836,836,163,200,100,8146,117,150000,0,,,,,,20,100,11,30,125,6,248,/Game/Characters/Modular/Female/back_836/back_836/SkeletalMeshes/back_836,/Game/Characters/Modular/Male/back_836/back_836/SkeletalMeshes/back_836,LBAC836,Crimson Backshield,Crimson Backshield
back_838,838,0,0,0,0,0,0,0,,,,,,,,,,,,0,/Game/Characters/Modular/Female/back_838/back_838/SkeletalMeshes/back_838,/Game/Characters/Modular/Male/back_838/back_838/SkeletalMeshes/back_838,,,
back_840,840,0,0,0,0,0,0,0,,,,,,,,,,,,0,/Game/Characters/Modular/Female/back_840/back_840/SkeletalMeshes/back_840,/Game/Characters/Modular/Male/back_840/back_840/SkeletalMeshes/back_840,,,
back_842,842,0,0,0,0,0,0,0,,,,,,,,,,,,0,/Game/Characters/Modular/Female/back_842/back_842/SkeletalMeshes/back_842,/Game/Characters/Modular/Male/back_842/back_842/SkeletalMeshes/back_842,,,
back_844,844,0,0,0,0,0,0,0,,,,,,,,,,,,0,/Game/Characters/Modular/Female/back_844/back_844/SkeletalMeshes/back_844,/Game/Characters/Modular/Male/back_844/back_844/SkeletalMeshes/back_844,,,
back_846,846,0,0,0,0,0,0,0,,,,,,,,,,,,0,/Game/Characters/Modular/Female/back_846/back_846/SkeletalMeshes/back_846,/Game/Characters/Modular/Male/back_846/back_846/SkeletalMeshes/back_846,,,
back_848,848,0,0,0,0,0,0,0,,,,,,,,,,,,0,/Game/Characters/Modular/Female/back_848/back_848/SkeletalMeshes/back_848,/Game/Characters/Modular/Male/back_848/back_848/SkeletalMeshes/back_848,,,
back_850,850,154,100,100,8114,16,150000,0,,31,100,,,18,150,19,200,125,0,248,/Game/Characters/Modular/Female/back_850/back_850/SkeletalMeshes/back_850,/Game/Characters/Modular/Male/back_850/back_850/SkeletalMeshes/back_850,LBAC850,Nephthys Wing Black,Wings formed by god nephthys.
back_851,851,154,100,100,8125,16,150000,0,,31,100,,,18,150,19,200,125,0,248,/Game/Characters/Modular/Female/back_851/back_851/SkeletalMeshes/back_851,/Game/Characters/Modular/Male/back_851/back_851/SkeletalMeshes/back_851,LBAC851,Nephthys Wing Sky Realm,Wings formed by god nephthys.
back_852,852,154,100,100,8121,16,150000,0,,31,100,,,18,150,19,200,125,0,248,/Game/Characters/Modular/Female/back_852/back_852/SkeletalMeshes/back_852,/Game/Characters/Modular/Male/back_852/back_852/SkeletalMeshes/back_852,LBAC852,Nephthys Wing Peach,Wings formed by god nephthys.
back_853,853,154,100,100,8127,16,150000,0,,31,100,,,18,150,19,200,125,0,248,/Game/Characters/Modular/Female/back_853/back_853/SkeletalMeshes/back_853,/Game/Characters/Modular/Male/back_853/back_853/SkeletalMeshes/back_853,LBAC853,Nephthys Wing Brown,Wings formed by god nephthys.
back_854,854,154,100,100,8117,16,150000,0,,31,100,,,18,150,19,200,125,0,248,/Game/Characters/Modular/Female/back_854/back_854/SkeletalMeshes/back_854,/Game/Characters/Modular/Male/back_854/back_854/SkeletalMeshes/back_854,LBAC854,Nephthys Wing Silver,Wings formed by god nephthys.
back_855,855,154,100,100,8129,16,150000,0,,31,100,,,18,150,19,200,125,0,248,/Game/Characters/Modular/Female/back_855/back_855/SkeletalMeshes/back_855,/Game/Characters/Modular/Male/back_855/back_855/SkeletalMeshes/back_855,LBAC855,Nephthys Wing Green,Wings formed by god nephthys.
back_856,856,154,100,100,8121,16,150000,0,,31,100,,,18,150,19,200,125,0,248,/Game/Characters/Modular/Female/back_856/back_856/SkeletalMeshes/back_856,/Game/Characters/Modular/Male/back_856/back_856/SkeletalMeshes/back_856,LBAC856,Nephthys Wing Pink-Green,Wings formed by god nephthys.
back_857,857,154,100,100,8117,16,150000,0,,31,100,,,18,150,19,200,125,0,248,/Game/Characters/Modular/Female/back_857/back_857/SkeletalMeshes/back_857,/Game/Characters/Modular/Male/back_857/back_857/SkeletalMeshes/back_857,LBAC857,Nephthys Wing of Ice,Wings formed by god nephthys.
back_858,858,154,100,100,8116,16,150000,0,,31,100,,,18,150,19,200,125,0,248,/Game/Characters/Modular/Female/back_858/back_858/SkeletalMeshes/back_858,/Game/Characters/Modular/Male/back_858/back_858/SkeletalMeshes/back_858,LBAC858,Nephthys Wing of Lime,Wings formed by god nephthys.
back_859,859,154,100,100,8126,16,150000,0,,31,100,,,18,150,19,200,125,0,248,/Game/Characters/Modular/Female/back_859/back_859/SkeletalMeshes/back_859,/Game/Characters/Modular/Male/back_859/back_859/SkeletalMeshes/back_859,LBAC859,Nephthys Wing Pinky,Wings formed by god nephthys.
back_860,860,154,100,100,8131,16,150000,0,,31,100,,,18,150,19,200,125,0,248,/Game/Characters/Modular/Female/back_860/back_860/SkeletalMeshes/back_860,/Game/Characters/Modular/Male/back_860/back_860/SkeletalMeshes/back_860,LBAC860,Nephthys Wing Red-Orange,Wings formed by god nephthys.
back_861,861,0,0,0,0,0,0,0,,,,,,,,,,,,0,/Game/Characters/Modular/Female/back_861/back_861/SkeletalMeshes/back_861,/Game/Characters/Modular/Male/back_861/back_861/SkeletalMeshes/back_861,,,
back_862,862,0,0,0,0,0,0,0,,,,,,,,,,,,0,/Game/Characters/Modular/Female/back_862/back_862/SkeletalMeshes/back_862,/Game/Characters/Modular/Male/back_862/back_862/SkeletalMeshes/back_862,,,
back_864,864,0,0,0,0,0,0,0,,,,,,,,,,,,0,/Game/Characters/Modular/Female/back_864/back_864/SkeletalMeshes/back_864,/Game/Characters/Modular/Male/back_864/back_864/SkeletalMeshes/back_864,,,
back_868,868,0,0,0,0,0,0,0,,,,,,,,,,,,0,/Game/Characters/Modular/Female/back_868/back_868/SkeletalMeshes/back_868,/Game/Characters/Modular/Male/back_868/back_868/SkeletalMeshes/back_868,,,
back_872,872,0,0,0,0,0,0,0,,,,,,,,,,,,0,/Game/Characters/Modular/Female/back_872/back_872/SkeletalMeshes/back_872,/Game/Characters/Modular/Male/back_872/back_872/SkeletalMeshes/back_872,,,
back_875,875,0,0,0,0,0,0,0,,,,,,,,,,,,0,/Game/Characters/Modular/Female/back_875/back_875/SkeletalMeshes/back_875,/Game/Characters/Modular/Male/back_875/back_875/SkeletalMeshes/back_875,,,
back_876,876,0,0,0,0,0,0,0,,,,,,,,,,,,0,/Game/Characters/Modular/Female/back_876/back_876/SkeletalMeshes/back_876,/Game/Characters/Modular/Male/back_876/back_876/SkeletalMeshes/back_876,,,
back_880,880,163,40,100,509,16,1000,0,,31,100,,,23,350,26,120,120,0,248,/Game/Characters/Modular/Female/back_880/back_880/SkeletalMeshes/back_880,/Game/Characters/Modular/Male/back_880/back_880/SkeletalMeshes/back_880,LBAC880,Dragon Drake Wings,Wings Exclusive for ETC iROSE
back_881,881,163,40,100,516,16,1000,0,,31,100,,,23,350,18,120,120,0,248,/Game/Characters/Modular/Female/back_881/back_881/SkeletalMeshes/back_881,/Game/Characters/Modular/Male/back_881/back_881/SkeletalMeshes/back_881,LBAC881,Pegasus Wing Red,Wings Exclusive for ETC iROSE
back_882,882,163,40,100,517,16,1000,0,,31,100,,,23,350,20,120,120,0,248,/Game/Characters/Modular/Female/back_882/back_882/SkeletalMeshes/back_882,/Game/Characters/Modular/Male/back_882/back_882/SkeletalMeshes/back_882,LBAC882,Pegasus Wing,Wings Exclusive for ETC iROSE
back_883,883,163,40,100,514,16,1000,0,,31,100,,,23,350,38,500,120,0,248,/Game/Characters/Modular/Female/back_883/back_883/SkeletalMeshes/back_883,/Game/Characters/Modular/Male/back_883/back_883/SkeletalMeshes/back_883,LBAC883,Blue Firegon Wing,Wings Exclusive for ETC iROSE
back_884,884,163,40,100,2520,16,1000,0,,31,100,,,23,350,11,30,120,0,248,/Game/Characters/Modular/Female/back_884/back_884/SkeletalMeshes/back_884,/Game/Characters/Modular/Male/back_884/back_884/SkeletalMeshes/back_884,LBAC884,Summoner Wing,Wings Exclusive for ETC iROSE
back_886,886,163,40,100,534,16,1000,0,,31,100,,,23,350,38,500,120,0,248,/Game/Characters/Modular/Female/back_886/back_886/SkeletalMeshes/back_886,/Game/Characters/Modular/Male/back_886/back_886/SkeletalMeshes/back_886,LBAC886,Retribution Wing of Blood,Wings Exclusive for ETC iROSE
back_887,887,163,40,100,535,16,1000,0,,31,100,,,23,350,15,30,120,0,248,/Game/Characters/Modular/Female/back_887/back_887/SkeletalMeshes/back_887,/Game/Characters/Modular/Male/back_887/back_887/SkeletalMeshes/back_887,LBAC887,Retribution Wing of Glory,Wings Exclusive for ETC iROSE
back_888,888,163,40,100,539,16,1000,0,,31,100,,,23,350,13,30,120,0,248,/Game/Characters/Modular/Female/back_888/back_888/SkeletalMeshes/back_888,/Game/Characters/Modular/Male/back_888/back_888/SkeletalMeshes/back_888,LBAC888,Retribution Wing of Spira,Wings Exclusive for ETC iROSE
back_889,889,163,40,100,537,16,1000,0,,31,100,,,23,350,13,30,120,0,248,/Game/Characters/Modular/Female/back_889/back_889/SkeletalMeshes/back_889,/Game/Characters/Modular/Male/back_889/back_889/SkeletalMeshes/back_889,LBAC889,Retribution Wing of Phyro,Wings Exclusive for ETC iROSE
back_891,891,163,40,100,538,16,1000,0,,31,100,,,23,350,10,30,120,0,248,/Game/Characters/Modular/Female/back_891/back_891/SkeletalMeshes/back_891,/Game/Characters/Modular/Male/back_891/back_891/SkeletalMeshes/back_891,LBAC891,Retribution Wing of Skaa,Wings Exclusive for ETC iROSE
back_892,892,163,40,100,518,16,1000,0,,31,100,,,23,350,12,30,120,0,248,/Game/Characters/Modular/Female/back_892/back_892/SkeletalMeshes/back_892,/Game/Characters/Modular/Male/back_892/back_892/SkeletalMeshes/back_892,LBAC892,Retribution Wing of Athena,Wings Exclusive for ETC iROSE
back_893,893,0,0,0,0,0,0,0,,,,,,,,,,,,0,/Game/Characters/Modular/Female/back_893/back_893/SkeletalMeshes/back_893,/Game/Characters/Modular/Male/back_893/back_893/SkeletalMeshes/back_893,,,
back_894,894,0,0,0,0,0,0,0,,,,,,,,,,,,0,/Game/Characters/Modular/Female/back_894/back_894/SkeletalMeshes/back_894,/Game/Characters/Modular/Male/back_894/back_894/SkeletalMeshes/back_894,,,
back_911,911,125,40,200,5331,16,1000,0,,31,255,,,23,500,10,30,120,0,248,/Game/Characters/Modular/Female/back_911/back_911/SkeletalMeshes/back_911,/Game/Characters/Modular/Male/back_911/back_911/SkeletalMeshes/back_911,LBAC911,Bloody Hermes Wing,Wings Exclusive for ETC iROSE
back_912,912,125,40,200,5332,16,1000,0,,31,255,,,23,500,11,30,120,0,248,/Game/Characters/Modular/Female/back_912/back_912/SkeletalMeshes/back_912,/Game/Characters/Modular/Male/back_912/back_912/SkeletalMeshes/back_912,LBAC912,Fiery Hermes Wing,Wings Exclusive for ETC iROSE
back_913,913,125,40,200,5354,16,1000,0,,31,255,,,23,500,22,100,120,0,248,/Game/Characters/Modular/Female/back_913/back_913/SkeletalMeshes/back_913,/Game/Characters/Modular/Male/back_913/back_913/SkeletalMeshes/back_913,LBAC913,Wing of Hermes,Wings Exclusive for ETC iROSE
back_914,914,125,40,200,5334,16,1000,0,,31,255,,,23,500,38,500,120,0,248,/Game/Characters/Modular/Female/back_914/back_914/SkeletalMeshes/back_914,/Game/Characters/Modular/Male/back_914/back_914/SkeletalMeshes/back_914,LBAC914,Icy Green Hermes Wing,Wings Exclusive for ETC iROSE
back_916,916,125,40,200,5336,16,1000,0,,31,255,,,23,500,12,30,120,0,248,/Game/Characters/Modular/Female/back_916/back_916/SkeletalMeshes/back_916,/Game/Characters/Modular/Male/back_916/back_916/SkeletalMeshes/back_916,LBAC916,Pink Hermes Wing,Wings Exclusive for ETC iROSE
back_917,917,125,40,200,5330,16,1000,0,,31,255,,,23,500,13,30,120,0,248,/Game/Characters/Modular/Female/back_917/back_917/SkeletalMeshes/back_917,/Game/Characters/Modular/Male/back_917/back_917/SkeletalMeshes/back_917,LBAC917,Sky Blue Hermes Wing,Wings Exclusive for ETC iROSE
back_918,918,0,0,0,0,0,0,0,,,,,,,,,,,,0,/Game/Characters/Modular/Female/back_918/back_918/SkeletalMeshes/back_918,/Game/Characters/Modular/Male/back_918/back_918/SkeletalMeshes/back_918,,,
back_919,919,0,0,0,0,0,0,0,,,,,,,,,,,,0,/Game/Characters/Modular/Female/back_919/back_919/SkeletalMeshes/back_919,/Game/Characters/Modular/Male/back_919/back_919/SkeletalMeshes/back_919,,,
back_920,920,0,0,0,0,0,0,0,,,,,,,,,,,,0,/Game/Characters/Modular/Female/back_920/back_920/SkeletalMeshes/back_920,/Game/Characters/Modular/Male/back_920/back_920/SkeletalMeshes/back_920,,,
back_921,921,0,0,0,0,0,0,0,,,,,,,,,,,,0,/Game/Characters/Modular/Female/back_921/back_921/SkeletalMeshes/back_921,/Game/Characters/Modular/Male/back_921/back_921/SkeletalMeshes/back_921,,,
