Name,Id,Type,Defense,MagicResist,IconIdx,Quality,BasePrice,PriceRate,ReqStat1,ReqAmount1,ReqStat2,ReqAmount2,BonusStat1,BonusAmount1,BonusStat2,BonusAmount2,Durability,Weight,FieldItemId,MeshFemale,MeshMale,StlKey,DisplayName,Description
body_0,0,133,0,0,0,0,0,0,,,,,,,,,,,0,/Game/Characters/Modular/Female/body_0/body_0/SkeletalMeshes/body_0,/Game/Characters/Modular/Male/body_0/body_0/SkeletalMeshes/body_0,,,
body_1,1,133,0,0,0,0,0,0,,,,,,,,,,,0,/Game/Characters/Modular/Female/body_1/body_1/SkeletalMeshes/body_1,/Game/Characters/Modular/Male/body_1/body_1/SkeletalMeshes/body_1,,,
body_2,2,133,13,3,260,20,200,0,,,,,,,,,34,10,241,/Game/Characters/Modular/Female/body_2/body_2/SkeletalMeshes/body_2,/Game/Characters/Modular/Male/body_2/body_2/SkeletalMeshes/body_2,LBOD002,Flower Shorts ,Basic shorts made with a flower based on those worn by the first humans.
body_3,3,133,14,5,261,20,300,0,,,,,,,,,34,10,241,/Game/Characters/Modular/Female/body_3/body_3/SkeletalMeshes/body_3,/Game/Characters/Modular/Male/body_3/body_3/SkeletalMeshes/body_3,LBOD003,Leopard Ensemble,An outfit made with leopard pelt for that wild and savage look.
body_4,4,133,16,6,262,22,450,0,31,5,,,,,,,35,10,241,/Game/Characters/Modular/Female/body_4/body_4/SkeletalMeshes/body_4,/Game/Characters/Modular/Male/body_4/body_4/SkeletalMeshes/body_4,LBOD004,Blue Wild Jeans,A pair of blue Jeans.
body_5,5,133,17,6,263,23,1450,0,31,7,,,38,30,,,35,10,241,/Game/Characters/Modular/Female/body_5/body_5/SkeletalMeshes/body_5,/Game/Characters/Modular/Male/body_5/body_5/SkeletalMeshes/body_5,LBOD005,Yellow Wild Jeans,A pair of yellow Jeans.
body_6,6,133,18,7,264,24,2050,0,31,10,,,38,36,,,36,10,241,/Game/Characters/Modular/Female/body_6/body_6/SkeletalMeshes/body_6,/Game/Characters/Modular/Male/body_6/body_6/SkeletalMeshes/body_6,LBOD006,Natalie Look,Casual wear that is very convenient to wear at any time.
body_7,7,133,20,8,265,26,3400,0,31,15,,,38,46,,,36,10,241,/Game/Characters/Modular/Female/body_7/body_7/SkeletalMeshes/body_7,/Game/Characters/Modular/Male/body_7/body_7/SkeletalMeshes/body_7,LBOD007,Yellow Denim Look,The yellow version of clothes made for adventurers that are just beginning to develop their skills.
body_8,8,133,22,9,266,28,5050,0,31,20,,,38,56,,,37,10,241,/Game/Characters/Modular/Female/body_8/body_8/SkeletalMeshes/body_8,/Game/Characters/Modular/Male/body_8/body_8/SkeletalMeshes/body_8,LBOD008,Blue Denim Look,The blue version of clothes made for adventurers that are just beginning to develop their skills.
body_9,9,133,24,10,267,30,7200,0,31,25,,,38,66,,,38,10,241,/Game/Characters/Modular/Female/body_9/body_9/SkeletalMeshes/body_9,/Game/Characters/Modular/Male/body_9/body_9/SkeletalMeshes/body_9,LBOD009,Brown Denim Look,The brown version of clothes made for adventurers that are just beginning to develop their skills.
body_10,10,133,27,11,268,32,10050,0,31,30,,,38,76,,,39,10,241,/Game/Characters/Modular/Female/body_10/body_10/SkeletalMeshes/body_10,/Game/Characters/Modular/Male/body_10/body_10/SkeletalMeshes/body_10,LBOD010,Islamic Dress,A conservative dress for conservative people.
body_11,11,133,29,12,269,34,13150,0,31,35,,,38,86,,,39,10,241,/Game/Characters/Modular/Female/body_11/body_11/SkeletalMeshes/body_11,/Game/Characters/Modular/Male/body_11/body_11/SkeletalMeshes/body_11,LBOD011,Venetian Dress,A dress suitable for people who like traveling.
body_12,12,133,31,14,270,36,17000,0,31,40,,,38,96,,,40,10,241,/Game/Characters/Modular/Female/body_12/body_12/SkeletalMeshes/body_12,/Game/Characters/Modular/Male/body_12/body_12/SkeletalMeshes/body_12,LBOD012,Fancy Sky,A gown that makes its wearer feels refreshed.
body_13,13,133,34,15,271,38,21850,0,31,45,,,38,106,,,41,10,241,/Game/Characters/Modular/Female/body_13/body_13/SkeletalMeshes/body_13,/Game/Characters/Modular/Male/body_13/body_13/SkeletalMeshes/body_13,LBOD013,Fancy Blue,An indulgent gown that makes its wearer feels refreshed.
body_14,14,133,40,18,273,41,33300,0,31,55,,,38,126,,,43,10,241,/Game/Characters/Modular/Female/body_14/body_14/SkeletalMeshes/body_14,/Game/Characters/Modular/Male/body_14/body_14/SkeletalMeshes/body_14,LBOD014,Junior Look,Clothes for normal magic school students.
body_15,15,133,45,20,274,44,45650,0,31,63,,,38,142,,,44,10,241,/Game/Characters/Modular/Female/body_15/body_15/SkeletalMeshes/body_15,/Game/Characters/Modular/Male/body_15/body_15/SkeletalMeshes/body_15,LBOD015,Senior Look,Clothes for magic school students that exhibit great potential.
body_16,16,133,52,24,276,44,41850,0,31,60,,,38,136,,,44,10,241,/Game/Characters/Modular/Female/body_16/body_16/SkeletalMeshes/body_16,/Game/Characters/Modular/Male/body_16/body_16/SkeletalMeshes/body_16,LBOD016,Redfield Green Suit,A fine suit for a gentleman.
body_17,17,133,59,29,277,48,50750,0,31,75,,,38,156,,,48,10,241,/Game/Characters/Modular/Female/body_17/body_17/SkeletalMeshes/body_17,/Game/Characters/Modular/Male/body_17/body_17/SkeletalMeshes/body_17,LBOD017,Redfield Black Suit,A gentlemanly suit for a connoisseur of fashion.
body_18,18,133,143,77,322,52,60450,0,31,160,,,38,266,,,64,10,241,/Game/Characters/Modular/Female/body_18/body_18/SkeletalMeshes/body_18,/Game/Characters/Modular/Male/body_18/body_18/SkeletalMeshes/body_18,LBOD018,Redfield Red Suit,A fine red suit for a honourable gentleman.
body_19,19,0,0,0,0,0,0,0,,,,,,,,,,,0,/Game/Characters/Modular/Female/body_19/body_19/SkeletalMeshes/body_19,/Game/Characters/Modular/Male/body_19/body_19/SkeletalMeshes/body_19,,,
body_20,20,131,281,175,6305,80,305150,0,31,255,,,38,375,10,50,125,20,225,/Game/Characters/Modular/Female/body_20/body_20/SkeletalMeshes/body_20,/Game/Characters/Modular/Male/body_20/body_20/SkeletalMeshes/body_20,LBOD020,Aurum Plate Mail,
body_21,21,132,243,215,6306,95,305890,0,31,255,,,38,375,12,50,125,20,233,/Game/Characters/Modular/Female/body_21/body_21/SkeletalMeshes/body_21,/Game/Characters/Modular/Male/body_21/body_21/SkeletalMeshes/body_21,LBOD021,Orlean Robe,
body_22,22,131,251,167,6307,90,305087,0,31,255,,,38,375,11,50,125,20,229,/Game/Characters/Modular/Female/body_22/body_22/SkeletalMeshes/body_22,/Game/Characters/Modular/Male/body_22/body_22/SkeletalMeshes/body_22,LBOD022,Raptor Chest,
body_23,23,133,281,175,6308,105,400000,0,31,255,,,38,375,13,50,125,20,237,/Game/Characters/Modular/Female/body_23/body_23/SkeletalMeshes/body_23,/Game/Characters/Modular/Male/body_23/body_23/SkeletalMeshes/body_23,LBOD023,Mercenary Vest,
body_25,25,0,0,0,0,0,0,0,,,,,,,,,,,0,/Game/Characters/Modular/Female/body_25/body_25/SkeletalMeshes/body_25,/Game/Characters/Modular/Male/body_25/body_25/SkeletalMeshes/body_25,,,
body_28,28,0,0,0,0,0,0,0,,,,,,,,,,,0,/Game/Characters/Modular/Female/body_28/body_28/SkeletalMeshes/body_28,/Game/Characters/Modular/Male/body_28/body_28/SkeletalMeshes/body_28,,,
body_29,29,133,15,3,289,16,565,0,0,0,,,0,0,,,34,10,241,/Game/Characters/Modular/Female/body_29/body_29/SkeletalMeshes/body_29,/Game/Characters/Modular/Male/body_29/body_29/SkeletalMeshes/body_29,LBOD029,Evolution Visitor Look,The basic clothing provided for Visitors in Rose Evolution.
body_30,30,133,12,3,290,16,0,0,,,,,,,,,34,10,241,/Game/Characters/Modular/Female/body_30/body_30/SkeletalMeshes/body_30,/Game/Characters/Modular/Male/body_30/body_30/SkeletalMeshes/body_30,LBOD030,Visitor Look,Basic clothing for Visitors that is provided by the Akram Kingdom.
body_31,31,131,24,4,299,29,2450,0,31,10,,,,,,,37,10,225,/Game/Characters/Modular/Female/body_31/body_31/SkeletalMeshes/body_31,/Game/Characters/Modular/Male/body_31/body_31/SkeletalMeshes/body_31,LBOD031,Soldier Armor,Basic armor for swordsmen that have just started mastering the art of wielding a blade.
body_32,32,131,33,8,300,35,7200,0,31,30,,,,,,,40,20,225,/Game/Characters/Modular/Female/body_32/body_32/SkeletalMeshes/body_32,/Game/Characters/Modular/Male/body_32/body_32/SkeletalMeshes/body_32,LBOD032,Iron Armor,A heavy armor constructed out of iron.
body_33,33,131,44,13,301,41,17700,0,31,50,,,,,,,43,20,225,/Game/Characters/Modular/Female/body_33/body_33/SkeletalMeshes/body_33,/Game/Characters/Modular/Male/body_33/body_33/SkeletalMeshes/body_33,LBOD033,Trunket Armor,A heavy armor that efficiently protects its wearer.
body_34,34,131,57,18,302,47,38400,0,31,70,,,,,,,47,20,225,/Game/Characters/Modular/Female/body_34/body_34/SkeletalMeshes/body_34,/Game/Characters/Modular/Male/body_34/body_34/SkeletalMeshes/body_34,LBOD034,Chrome Armor,"A very sturdy, yet light, armor that is forged out of a rare metal."
body_35,35,131,70,24,303,52,69650,0,31,88,,,,,,,50,20,225,/Game/Characters/Modular/Female/body_35/body_35/SkeletalMeshes/body_35,/Game/Characters/Modular/Male/body_35/body_35/SkeletalMeshes/body_35,LBOD035,Mighty Armor,"A lightweight, but very reliable armor."
body_36,36,131,83,29,304,57,115550,0,31,104,,,,,,,54,20,225,/Game/Characters/Modular/Female/body_36/body_36/SkeletalMeshes/body_36,/Game/Characters/Modular/Male/body_36/body_36/SkeletalMeshes/body_36,LBOD036,Kurash Armor,"An ornate, yet reliable armor whose splendor even impresses the enemy."
body_37,37,131,97,35,305,62,150787,0,31,120,,,,,,,57,20,225,/Game/Characters/Modular/Female/body_37/body_37/SkeletalMeshes/body_37,/Game/Characters/Modular/Male/body_37/body_37/SkeletalMeshes/body_37,LBOD037,Plate Armor,The best armor: it is well-designed and excellent in every aspect.
body_38,38,131,127,48,306,71,185070,0,31,145,,,,,,,64,20,225,/Game/Characters/Modular/Female/body_38/body_38/SkeletalMeshes/body_38,/Game/Characters/Modular/Male/body_38/body_38/SkeletalMeshes/body_38,LBOD038,Durable Armor,Armor generally known for its toughness and durability.
body_39,39,131,147,57,307,77,205778,0,31,155,,,,,,,69,20,225,/Game/Characters/Modular/Female/body_39/body_39/SkeletalMeshes/body_39,/Game/Characters/Modular/Male/body_39/body_39/SkeletalMeshes/body_39,LBOD039,Cedric Armor,Surprisingly useful armor that was designed by a famous swordsman.
body_40,40,131,159,65,308,85,230488,0,31,165,,,,,,,69,20,225,/Game/Characters/Modular/Female/body_40/body_40/SkeletalMeshes/body_40,/Game/Characters/Modular/Male/body_40/body_40/SkeletalMeshes/body_40,LBOD040,Execution Armor,Armor intended to be worn by warriors that battle villains on a daily basis.
body_41,41,131,175,76,309,94,250785,0,31,175,,,,,,,73,20,225,/Game/Characters/Modular/Female/body_41/body_41/SkeletalMeshes/body_41,/Game/Characters/Modular/Male/body_41/body_41/SkeletalMeshes/body_41,LBOD041,Abyss Plate Mail,Armor forged out of a peculiar metal found at the bottom of an abyss.
body_42,42,131,188,85,310,100,280540,0,31,185,,,,,,,76,20,225,/Game/Characters/Modular/Female/body_42/body_42/SkeletalMeshes/body_42,/Game/Characters/Modular/Male/body_42/body_42/SkeletalMeshes/body_42,LBOD042,Righteous Plate Mail,Armor intended to be worn by heroes that fight the enemies of justice.
body_43,43,131,211,108,312,76,302578,0,31,200,,,38,375,10,10,79,20,225,/Game/Characters/Modular/Female/body_43/body_43/SkeletalMeshes/body_43,/Game/Characters/Modular/Male/body_43/body_43/SkeletalMeshes/body_43,LBOD043,Jabberwock Mail,Armor that shimmer freakily like the eyes of a madman.
body_44,44,0,0,0,0,0,0,0,,,,,,,,,,,0,/Game/Characters/Modular/Female/body_44/body_44/SkeletalMeshes/body_44,/Game/Characters/Modular/Male/body_44/body_44/SkeletalMeshes/body_44,,,
body_45,45,131,216,113,312,80,305150,0,31,205,,,38,375,10,10,81,20,225,/Game/Characters/Modular/Female/body_45/body_45/SkeletalMeshes/body_45,/Game/Characters/Modular/Male/body_45/body_45/SkeletalMeshes/body_45,LBOD045,Brave Jabberwock Mail,You entered deep into the depths of Prison and claimed this armor.
body_46,46,0,0,0,0,0,0,0,,,,,,,,,,,0,/Game/Characters/Modular/Female/body_46/body_46/SkeletalMeshes/body_46,/Game/Characters/Modular/Male/body_46/body_46/SkeletalMeshes/body_46,,,
body_47,47,0,0,0,0,0,0,0,,,,,,,,,,,0,/Game/Characters/Modular/Female/body_47/body_47/SkeletalMeshes/body_47,/Game/Characters/Modular/Male/body_47/body_47/SkeletalMeshes/body_47,,,
body_48,48,131,481,375,5252,80,305150,0,31,255,,,10,55,20,150,125,20,225,/Game/Characters/Modular/Female/body_48/body_48/SkeletalMeshes/body_48,/Game/Characters/Modular/Male/body_48/body_48/SkeletalMeshes/body_48,LBOD048,Crusader's Pallid Chest,Armor Exclusive for ETC iROSE
body_49,49,131,481,375,5253,80,305150,0,31,255,,,10,55,18,150,125,20,225,/Game/Characters/Modular/Female/body_49/body_49/SkeletalMeshes/body_49,/Game/Characters/Modular/Male/body_49/body_49/SkeletalMeshes/body_49,LBOD049,Demon's Viking Chest,Armor Exclusive for ETC iROSE
body_50,50,131,63,29,3449,56,75420,0,31,90,,,38,176,,,54,20,225,/Game/Characters/Modular/Female/body_50/body_50/SkeletalMeshes/body_50,/Game/Characters/Modular/Male/body_50/body_50/SkeletalMeshes/body_50,LBOD050,Dariem Look,A fashionable set of casual clothes.
body_51,51,131,75,36,3450,60,82840,0,31,100,,,38,196,,,56,20,225,/Game/Characters/Modular/Female/body_51/body_51/SkeletalMeshes/body_51,/Game/Characters/Modular/Male/body_51/body_51/SkeletalMeshes/body_51,LBOD051,Bleached Denim Look,A set of bleached clothing.
body_52,52,131,87,43,3451,64,95982,0,31,120,,,38,216,,,58,20,225,/Game/Characters/Modular/Female/body_52/body_52/SkeletalMeshes/body_52,/Game/Characters/Modular/Male/body_52/body_52/SkeletalMeshes/body_52,LBOD052,Tye Dye Denim Look,A set of tye dyed clothing.
body_53,53,131,114,58,3452,68,103240,0,31,140,,,38,226,,,60,20,225,/Game/Characters/Modular/Female/body_53/body_53/SkeletalMeshes/body_53,/Game/Characters/Modular/Male/body_53/body_53/SkeletalMeshes/body_53,LBOD053,Egyptian Dress,A traditional Egyptian dress.
body_54,54,131,133,69,3453,72,111248,0,31,150,,,38,246,,,62,20,225,/Game/Characters/Modular/Female/body_54/body_54/SkeletalMeshes/body_54,/Game/Characters/Modular/Male/body_54/body_54/SkeletalMeshes/body_54,LBOD054,Warrior Dress,A dress worn by the warriors of the desert.
body_55,55,131,155,88,3454,76,129875,0,31,170,,,38,286,,,66,20,225,/Game/Characters/Modular/Female/body_55/body_55/SkeletalMeshes/body_55,/Game/Characters/Modular/Male/body_55/body_55/SkeletalMeshes/body_55,LBOD055,Fancy Red Robe,An expensive fancy red robe.
body_56,56,131,166,98,3455,80,136847,0,31,180,,,38,306,,,68,20,225,/Game/Characters/Modular/Female/body_56/body_56/SkeletalMeshes/body_56,/Game/Characters/Modular/Male/body_56/body_56/SkeletalMeshes/body_56,LBOD056,Fancy Flaming Robe,An enchanted fancy red robe.
body_57,57,131,15,5,3456,84,200,0,,,,,38,50,,,15,20,225,/Game/Characters/Modular/Female/body_57/body_57/SkeletalMeshes/body_57,/Game/Characters/Modular/Male/body_57/body_57/SkeletalMeshes/body_57,LBOD057,Azure Wear,An alluring set of common clothes that maximizes it's wearer's comfort.
body_61,61,132,20,10,338,31,3300,0,31,10,,,39,30,,,36,10,233,/Game/Characters/Modular/Female/body_61/body_61/SkeletalMeshes/body_61,/Game/Characters/Modular/Male/body_61/body_61/SkeletalMeshes/body_61,LBOD061,Spiritual Vest,"As it brings feelings of calm to its wearer, this armor is ideal for new Muses."
body_62,62,132,27,15,339,38,9450,0,31,30,,,39,50,,,39,10,233,/Game/Characters/Modular/Female/body_62/body_62/SkeletalMeshes/body_62,/Game/Characters/Modular/Male/body_62/body_62/SkeletalMeshes/body_62,LBOD062,Green Vest of Witch,A magic armor that is fairly popular among mages.
body_63,63,132,35,22,340,45,21500,0,31,50,,,39,70,,,42,10,233,/Game/Characters/Modular/Female/body_63/body_63/SkeletalMeshes/body_63,/Game/Characters/Modular/Male/body_63/body_63/SkeletalMeshes/body_63,LBOD063,Purple Vest of Witch,A basic armor which is favored by well-experienced mages.
body_64,64,132,45,30,341,51,42650,0,31,70,,,39,90,,,45,10,233,/Game/Characters/Modular/Female/body_64/body_64/SkeletalMeshes/body_64,/Game/Characters/Modular/Male/body_64/body_64/SkeletalMeshes/body_64,LBOD064,Violet Dress,A fashionable dress which is favored by powerful mages.
body_65,65,132,55,38,342,57,74550,0,31,88,,,39,108,,,48,20,233,/Game/Characters/Modular/Female/body_65/body_65/SkeletalMeshes/body_65,/Game/Characters/Modular/Male/body_65/body_65/SkeletalMeshes/body_65,LBOD065,Coat of Shadow,A coat that is rumored to cover its wearer in shadow.
body_66,66,132,65,46,343,62,116900,0,31,104,,,39,124,,,51,20,233,/Game/Characters/Modular/Female/body_66/body_66/SkeletalMeshes/body_66,/Game/Characters/Modular/Male/body_66/body_66/SkeletalMeshes/body_66,LBOD066,Velvet Coat of Witch,A coat containing extremely potent magic that can only be worn by adept magic users.
body_67,67,132,75,55,344,68,150870,0,31,120,,,39,140,,,54,20,233,/Game/Characters/Modular/Female/body_67/body_67/SkeletalMeshes/body_67,/Game/Characters/Modular/Male/body_67/body_67/SkeletalMeshes/body_67,LBOD067,Heaven's Coat,A coat said to have been worn by those descended from the heavens.
body_68,68,132,98,73,345,78,185720,0,31,145,,,39,170,,,60,20,233,/Game/Characters/Modular/Female/body_68/body_68/SkeletalMeshes/body_68,/Game/Characters/Modular/Male/body_68/body_68/SkeletalMeshes/body_68,LBOD068,Fairy Vest,Cute clothes that were crafted by Arua's Fairy.
body_69,69,132,115,86,346,84,205708,0,31,155,,,39,190,,,64,20,233,/Game/Characters/Modular/Female/body_69/body_69/SkeletalMeshes/body_69,/Game/Characters/Modular/Male/body_69/body_69/SkeletalMeshes/body_69,LBOD069,Joker Vest,Clothes that are usually worn by cheaters and confidence men.
body_70,70,132,126,99,347,87,230578,0,31,165,,,39,197,,,65,20,233,/Game/Characters/Modular/Female/body_70/body_70/SkeletalMeshes/body_70,/Game/Characters/Modular/Male/body_70/body_70/SkeletalMeshes/body_70,LBOD070,Mysticweaver Vest,Clothes designed for intermediate level Mages.
body_71,71,132,137,111,348,92,250712,0,31,175,,,39,204,,,67,20,233,/Game/Characters/Modular/Female/body_71/body_71/SkeletalMeshes/body_71,/Game/Characters/Modular/Male/body_71/body_71/SkeletalMeshes/body_71,LBOD071,Serenity Coat,A coat that helps its wearer to relax and focus just by wearing it.
body_72,72,132,149,123,349,95,289017,0,31,185,,,39,214,,,71,20,233,/Game/Characters/Modular/Female/body_72/body_72/SkeletalMeshes/body_72,/Game/Characters/Modular/Male/body_72/body_72/SkeletalMeshes/body_72,LBOD072,Archmage Coat,A coat that is especially designed to be worn by advanced Muses.
body_73,73,132,172,144,351,95,302458,0,31,200,,,39,235,12,10,76,20,233,/Game/Characters/Modular/Female/body_73/body_73/SkeletalMeshes/body_73,/Game/Characters/Modular/Male/body_73/body_73/SkeletalMeshes/body_73,LBOD073,Dimple Vest,"A cute, classy vest made by a famous designer."
body_74,74,0,0,0,0,0,0,0,,,,,,,,,,,0,/Game/Characters/Modular/Female/body_74/body_74/SkeletalMeshes/body_74,/Game/Characters/Modular/Male/body_74/body_74/SkeletalMeshes/body_74,,,
body_75,75,132,180,152,351,95,305890,0,31,205,,,39,250,12,10,78,20,233,/Game/Characters/Modular/Female/body_75/body_75/SkeletalMeshes/body_75,/Game/Characters/Modular/Male/body_75/body_75/SkeletalMeshes/body_75,LBOD075,Brave Dimple Vest,You entered deep into the depths of Prison and claimed this armor.
body_76,76,0,0,0,0,0,0,0,,,,,,,,,,,0,/Game/Characters/Modular/Female/body_76/body_76/SkeletalMeshes/body_76,/Game/Characters/Modular/Male/body_76/body_76/SkeletalMeshes/body_76,,,
body_77,77,0,0,0,0,0,0,0,,,,,,,,,,,0,/Game/Characters/Modular/Female/body_77/body_77/SkeletalMeshes/body_77,/Game/Characters/Modular/Male/body_77/body_77/SkeletalMeshes/body_77,,,
body_78,78,132,443,415,5254,95,305890,0,31,255,,,12,55,20,150,125,20,233,/Game/Characters/Modular/Female/body_78/body_78/SkeletalMeshes/body_78,/Game/Characters/Modular/Male/body_78/body_78/SkeletalMeshes/body_78,LBOD078,Allabast Rift Suit,Armor Exclusive for ETC iROSE
body_79,79,132,443,415,5255,95,305890,0,31,255,,,12,55,18,150,125,20,233,/Game/Characters/Modular/Female/body_79/body_79/SkeletalMeshes/body_79,/Game/Characters/Modular/Male/body_79/body_79/SkeletalMeshes/body_79,LBOD079,Heavenly Priest Suit,Armor Exclusive for ETC iROSE
body_80,80,131,296,190,4321,76,150000,0,31,255,,,38,575,10,45,85,20,225,/Game/Characters/Modular/Female/body_80/body_80/SkeletalMeshes/body_80,/Game/Characters/Modular/Male/body_80/body_80/SkeletalMeshes/body_80,LBOD080,Legionnaire Suit,
body_81,81,131,281,175,4317,76,150000,0,31,201,,,38,575,10,50,125,20,225,/Game/Characters/Modular/Female/body_81/body_81/SkeletalMeshes/body_81,/Game/Characters/Modular/Male/body_81/body_81/SkeletalMeshes/body_81,LBOD081,P2P Oppressor Suit,
body_82,82,132,258,230,4325,95,150000,0,31,255,,,38,575,12,45,85,20,233,/Game/Characters/Modular/Female/body_82/body_82/SkeletalMeshes/body_82,/Game/Characters/Modular/Male/body_82/body_82/SkeletalMeshes/body_82,LBOD082,Aristocrat Suit,
body_83,83,132,243,215,4330,95,150000,0,31,201,,,38,575,12,50,125,20,233,/Game/Characters/Modular/Female/body_83/body_83/SkeletalMeshes/body_83,/Game/Characters/Modular/Male/body_83/body_83/SkeletalMeshes/body_83,LBOD083,P2P Bureaucrats Suit,
body_84,84,131,276,192,4334,87,150000,0,31,255,,,38,575,11,45,85,20,229,/Game/Characters/Modular/Female/body_84/body_84/SkeletalMeshes/body_84,/Game/Characters/Modular/Male/body_84/body_84/SkeletalMeshes/body_84,LBOD084,Frostwaker Suit,
body_85,85,131,251,167,4339,87,150000,0,31,201,,,38,575,11,50,125,20,229,/Game/Characters/Modular/Female/body_85/body_85/SkeletalMeshes/body_85,/Game/Characters/Modular/Male/body_85/body_85/SkeletalMeshes/body_85,LBOD085,P2P Windreader Suit,
body_86,86,133,285,222,4372,105,150000,0,31,255,,,38,575,13,45,85,20,237,/Game/Characters/Modular/Female/body_86/body_86/SkeletalMeshes/body_86,/Game/Characters/Modular/Male/body_86/body_86/SkeletalMeshes/body_86,LBOD086,Fateshaper Suit,
body_87,87,133,281,175,4350,105,150000,0,31,201,,,38,575,13,50,125,20,237,/Game/Characters/Modular/Female/body_87/body_87/SkeletalMeshes/body_87,/Game/Characters/Modular/Male/body_87/body_87/SkeletalMeshes/body_87,LBOD087,P2P Smokeweaver Suit,
body_88,88,133,230,130,4434,100,150000,0,,,,,,,,,120,2,243,/Game/Characters/Modular/Female/body_88/body_88/SkeletalMeshes/body_88,/Game/Characters/Modular/Male/body_88/body_88/SkeletalMeshes/body_88,LBOD088,P2P Black Chinese Dress,
body_89,89,133,230,130,4247,100,150000,0,,,,,,,,,120,2,243,/Game/Characters/Modular/Female/body_89/body_89/SkeletalMeshes/body_89,/Game/Characters/Modular/Male/body_89/body_89/SkeletalMeshes/body_89,LBOD089,Puppet suit,
body_90,90,133,150,100,4273,100,150000,0,,,,,,,,,85,2,243,/Game/Characters/Modular/Female/body_90/body_90/SkeletalMeshes/body_90,/Game/Characters/Modular/Male/body_90/body_90/SkeletalMeshes/body_90,LBOD090,Phantasms Suit,
body_91,91,131,23,5,364,33,3150,0,31,10,,,,,,,36,15,229,/Game/Characters/Modular/Female/body_91/body_91/SkeletalMeshes/body_91,/Game/Characters/Modular/Male/body_91/body_91/SkeletalMeshes/body_91,LBOD091,Hunter Chest,A basic armor for hawkers.
body_92,92,131,31,10,365,40,8600,0,31,30,,,,,,,39,15,229,/Game/Characters/Modular/Female/body_92/body_92/SkeletalMeshes/body_92,/Game/Characters/Modular/Male/body_92/body_92/SkeletalMeshes/body_92,LBOD092,Criker Chest,A lightweight armor that is suitable for hunting.
body_93,93,131,41,15,366,47,20300,0,31,50,,,,,,,43,15,229,/Game/Characters/Modular/Female/body_93/body_93/SkeletalMeshes/body_93,/Game/Characters/Modular/Male/body_93/body_93/SkeletalMeshes/body_93,LBOD093,Ranger Chest,A fashionable armor for well-experienced hunters.
body_94,94,131,53,22,367,54,43550,0,31,70,,,,,,,46,15,229,/Game/Characters/Modular/Female/body_94/body_94/SkeletalMeshes/body_94,/Game/Characters/Modular/Male/body_94/body_94/SkeletalMeshes/body_94,LBOD094,Black Pirate Armor,A set of armor that is favored by pirates of the black sea.
body_95,95,131,66,28,368,60,80900,0,31,88,,,,,,,50,20,229,/Game/Characters/Modular/Female/body_95/body_95/SkeletalMeshes/body_95,/Game/Characters/Modular/Male/body_95/body_95/SkeletalMeshes/body_95,LBOD095,Marinerâ??s Look,A set of armor for people who love sailing.
body_96,96,131,78,35,369,65,130050,0,31,104,,,,,,,53,20,229,/Game/Characters/Modular/Female/body_96/body_96/SkeletalMeshes/body_96,/Game/Characters/Modular/Male/body_96/body_96/SkeletalMeshes/body_96,LBOD096,Jaguar Chest ,A set of armor that enables its wearer to move as quickly as a jaguar.
body_97,97,131,91,42,370,71,150500,0,31,120,,,,,,,56,20,229,/Game/Characters/Modular/Female/body_97/body_97/SkeletalMeshes/body_97,/Game/Characters/Modular/Male/body_97/body_97/SkeletalMeshes/body_97,LBOD097,Wild Hawker Chest,A necessity for the ultimate Hawker!
body_98,98,131,118,57,371,81,180500,0,31,145,,,,,,,63,20,229,/Game/Characters/Modular/Female/body_98/body_98/SkeletalMeshes/body_98,/Game/Characters/Modular/Male/body_98/body_98/SkeletalMeshes/body_98,LBOD098,Pirate Armor,"Although roughly hewn, these pirate clothes promote ease of movement."
body_99,99,131,139,68,372,88,205001,0,31,155,,,,,,,68,20,229,/Game/Characters/Modular/Female/body_99/body_99/SkeletalMeshes/body_99,/Game/Characters/Modular/Male/body_99/body_99/SkeletalMeshes/body_99,LBOD099,Silentwalker Chest,Clothes that are worn by those that specialize in stealth and espionage.
body_100,100,131,142,70,373,93,230500,0,31,165,,,,,,,70,20,229,/Game/Characters/Modular/Female/body_100/body_100/SkeletalMeshes/body_100,/Game/Characters/Modular/Male/body_100/body_100/SkeletalMeshes/body_100,LBOD100,Triggerman Chest,Mysterious clothes that are favored by hitmen.
body_101,101,131,154,77,374,104,250458,0,31,175,,,,,,,77,20,229,/Game/Characters/Modular/Female/body_101/body_101/SkeletalMeshes/body_101,/Game/Characters/Modular/Male/body_101/body_101/SkeletalMeshes/body_101,LBOD101,Captain Hawker Chest,Garments that are the mark of a truly great captain.
body_102,102,131,164,87,375,114,289014,0,31,185,,,,,,,85,20,229,/Game/Characters/Modular/Female/body_102/body_102/SkeletalMeshes/body_102,/Game/Characters/Modular/Male/body_102/body_102/SkeletalMeshes/body_102,LBOD102,Netherworld Chest,Clothes designed for wear by leaders of the underworld.
body_103,103,131,189,109,377,87,302550,0,31,200,,,38,375,11,10,93,20,229,/Game/Characters/Modular/Female/body_103/body_103/SkeletalMeshes/body_103,/Game/Characters/Modular/Male/body_103/body_103/SkeletalMeshes/body_103,LBOD103,Steel Resolve Chest,"Clothes suited to marksmen that live by the one shot, one kill credo."
body_104,104,0,0,0,0,0,0,0,,,,,,,,,,,0,/Game/Characters/Modular/Female/body_104/body_104/SkeletalMeshes/body_104,/Game/Characters/Modular/Male/body_104/body_104/SkeletalMeshes/body_104,,,
body_105,105,131,195,115,377,90,305087,0,31,205,,,38,375,11,10,95,20,229,/Game/Characters/Modular/Female/body_105/body_105/SkeletalMeshes/body_105,/Game/Characters/Modular/Male/body_105/body_105/SkeletalMeshes/body_105,LBOD105,Brave Steel Resolve Chest,You entered deep into the depths of Prison and claimed this armor.
body_106,106,0,0,0,0,0,0,0,,,,,,,,,,,0,/Game/Characters/Modular/Female/body_106/body_106/SkeletalMeshes/body_106,/Game/Characters/Modular/Male/body_106/body_106/SkeletalMeshes/body_106,,,
body_107,107,0,0,0,0,0,0,0,,,,,,,,,,,0,/Game/Characters/Modular/Female/body_107/body_107/SkeletalMeshes/body_107,/Game/Characters/Modular/Male/body_107/body_107/SkeletalMeshes/body_107,,,
body_108,108,131,471,387,5256,90,305087,0,31,255,,,11,55,20,150,125,20,229,/Game/Characters/Modular/Female/body_108/body_108/SkeletalMeshes/body_108,/Game/Characters/Modular/Male/body_108/body_108/SkeletalMeshes/body_108,LBOD108,Black Artillery Chest,Armor Exclusive for ETC iROSE
body_109,109,131,471,387,5257,90,305087,0,31,255,,,11,55,18,150,125,20,229,/Game/Characters/Modular/Female/body_109/body_109/SkeletalMeshes/body_109,/Game/Characters/Modular/Male/body_109/body_109/SkeletalMeshes/body_109,LBOD109,Bloody Raven's Chest,Armor Exclusive for ETC iROSE
body_110,110,0,0,0,0,0,0,0,,,,,,,,,,,0,/Game/Characters/Modular/Female/body_110/body_110/SkeletalMeshes/body_110,/Game/Characters/Modular/Male/body_110/body_110/SkeletalMeshes/body_110,,,
body_111,111,131,255,185,2517,99,100000,0,,,,,10,30,20,40,120,20,229,/Game/Characters/Modular/Female/body_111/body_111/SkeletalMeshes/body_111,/Game/Characters/Modular/Male/body_111/body_111/SkeletalMeshes/body_111,LBOD111,Arkon© XG-101,Experimental XG-101 Core Unit.
body_112,112,131,255,185,2517,99,100000,0,,,,,11,30,20,40,120,20,229,/Game/Characters/Modular/Female/body_112/body_112/SkeletalMeshes/body_112,/Game/Characters/Modular/Male/body_112/body_112/SkeletalMeshes/body_112,LBOD112,Virtigo© XG-401,Experimental XG-401 Core Unit.
body_113,113,131,255,185,2517,99,100000,0,,,,,12,30,20,40,120,20,229,/Game/Characters/Modular/Female/body_113/body_113/SkeletalMeshes/body_113,/Game/Characters/Modular/Male/body_113/body_113/SkeletalMeshes/body_113,LBOD113,Iris© XG-701,Experimental XG-701 Core Unit.
body_114,114,131,255,185,2517,99,100000,0,,,,,13,30,20,40,120,20,229,/Game/Characters/Modular/Female/body_114/body_114/SkeletalMeshes/body_114,/Game/Characters/Modular/Male/body_114/body_114/SkeletalMeshes/body_114,LBOD114,Nova© XG-901,Experimental XG-901 Core Unit.
body_115,115,131,255,185,2517,99,100000,0,,,,,10,30,18,40,120,20,229,/Game/Characters/Modular/Female/body_115/body_115/SkeletalMeshes/body_115,/Game/Characters/Modular/Male/body_115/body_115/SkeletalMeshes/body_115,LBOD115,Arvock© XG-102,An upgraded version of the Arkon XG-101 Core Unit.
body_116,116,131,255,185,2517,99,100000,0,,,,,11,30,18,40,120,20,229,/Game/Characters/Modular/Female/body_116/body_116/SkeletalMeshes/body_116,/Game/Characters/Modular/Male/body_116/body_116/SkeletalMeshes/body_116,LBOD116,Airo© XG-402,An upgraded version of the Virtigo XG-401 Core Unit.
body_117,117,131,255,185,2517,99,100000,0,,,,,12,30,18,40,120,20,229,/Game/Characters/Modular/Female/body_117/body_117/SkeletalMeshes/body_117,/Game/Characters/Modular/Male/body_117/body_117/SkeletalMeshes/body_117,LBOD117,Isis© XG-702,An upgraded version of the Iris XG-701 Core Unit.
body_118,118,131,255,185,2517,99,100000,0,,,,,13,30,18,40,120,20,229,/Game/Characters/Modular/Female/body_118/body_118/SkeletalMeshes/body_118,/Game/Characters/Modular/Male/body_118/body_118/SkeletalMeshes/body_118,LBOD118,Endo© XG-902,An upgraded version of the Nova XG-901 Core Unit.
body_121,121,133,23,7,390,35,3650,0,31,10,,,,,,,36,15,237,/Game/Characters/Modular/Female/body_121/body_121/SkeletalMeshes/body_121,/Game/Characters/Modular/Male/body_121/body_121/SkeletalMeshes/body_121,LBOD121,Brown Vest,A basic armor for new merchants.
body_122,122,133,31,11,391,42,9500,0,31,30,,,,,,,39,15,237,/Game/Characters/Modular/Female/body_122/body_122/SkeletalMeshes/body_122,/Game/Characters/Modular/Male/body_122/body_122/SkeletalMeshes/body_122,LBOD122,Vibe Vest,A basic armor for people who just started to understand economic theories.
body_123,123,133,41,16,392,48,21250,0,31,50,,,,,,,43,15,237,/Game/Characters/Modular/Female/body_123/body_123/SkeletalMeshes/body_123,/Game/Characters/Modular/Male/body_123/body_123/SkeletalMeshes/body_123,LBOD123,Tamiya Vest,"A thick, yet lightweight armor for young peddlers."
body_124,124,133,53,22,393,54,43550,0,31,70,,,,,,,46,15,237,/Game/Characters/Modular/Female/body_124/body_124/SkeletalMeshes/body_124,/Game/Characters/Modular/Male/body_124/body_124/SkeletalMeshes/body_124,LBOD124,Semiya Vest,"A thick, yet lightweight and comfortable armor for young peddlers."
body_125,125,133,64,28,394,60,76200,0,31,88,,,,,,,49,20,237,/Game/Characters/Modular/Female/body_125/body_125/SkeletalMeshes/body_125,/Game/Characters/Modular/Male/body_125/body_125/SkeletalMeshes/body_125,LBOD125,Merchant Vest,A sophisticated armor for well-experienced peddlers.
body_126,126,133,75,35,395,65,120800,0,31,104,,,,,,,52,20,237,/Game/Characters/Modular/Female/body_126/body_126/SkeletalMeshes/body_126,/Game/Characters/Modular/Male/body_126/body_126/SkeletalMeshes/body_126,LBOD126,Rich Merchant Vest,A sophisticated armor that fits well on well-experienced peddlers.
body_127,127,133,88,41,396,70,188550,0,31,120,,,,,,,56,20,237,/Game/Characters/Modular/Female/body_127/body_127/SkeletalMeshes/body_127,/Game/Characters/Modular/Male/body_127/body_127/SkeletalMeshes/body_127,LBOD127,Redfield Chairman Suit,A high-quality suit for person of esteem.
body_128,128,133,114,55,397,80,265950,0,31,145,,,,,,,62,20,237,/Game/Characters/Modular/Female/body_128/body_128/SkeletalMeshes/body_128,/Game/Characters/Modular/Male/body_128/body_128/SkeletalMeshes/body_128,LBOD128,Fisherman Suit,A suit that expresses the hope of catching big game when you go fishing.
body_129,129,133,133,66,398,86,280000,0,31,155,,,,,,,69,20,237,/Game/Characters/Modular/Female/body_129/body_129/SkeletalMeshes/body_129,/Game/Characters/Modular/Male/body_129/body_129/SkeletalMeshes/body_129,LBOD129,Bomber Vest,Clothes designed for highly skilled demolition experts.
body_130,130,133,145,77,399,90,310000,0,31,165,,,,,,,72,20,237,/Game/Characters/Modular/Female/body_130/body_130/SkeletalMeshes/body_130,/Game/Characters/Modular/Male/body_130/body_130/SkeletalMeshes/body_130,LBOD130,Cart Racer Vest,Clothes worn by the best Cart Racers.
body_131,131,133,155,88,400,95,320000,0,31,175,,,,,,,80,20,237,/Game/Characters/Modular/Female/body_131/body_131/SkeletalMeshes/body_131,/Game/Characters/Modular/Male/body_131/body_131/SkeletalMeshes/body_131,LBOD131,Bourgeois Vest,Garments worn by the rich as symbols of their status.  These clothes elicit sighs of jealousy from most onlookers.
body_132,132,133,166,99,401,100,350000,0,31,185,,,,,,,90,20,237,/Game/Characters/Modular/Female/body_132/body_132/SkeletalMeshes/body_132,/Game/Characters/Modular/Male/body_132/body_132/SkeletalMeshes/body_132,LBOD132,Noble Lord Vest,"Garments, worn as symbols of power and prestige, that are especially made for aristocrats."
body_133,133,133,177,107,403,105,380000,0,31,200,,,38,375,13,10,98,20,237,/Game/Characters/Modular/Female/body_133/body_133/SkeletalMeshes/body_133,/Game/Characters/Modular/Male/body_133/body_133/SkeletalMeshes/body_133,LBOD133,Mana Steam Vest,Specialty magic clothes that can directly manipulate Mana.
body_134,134,0,0,0,0,0,0,0,,,,,,,,,,,0,/Game/Characters/Modular/Female/body_134/body_134/SkeletalMeshes/body_134,/Game/Characters/Modular/Male/body_134/body_134/SkeletalMeshes/body_134,,,
body_135,135,133,185,112,403,105,400000,0,31,205,,,38,375,13,10,98,20,237,/Game/Characters/Modular/Female/body_135/body_135/SkeletalMeshes/body_135,/Game/Characters/Modular/Male/body_135/body_135/SkeletalMeshes/body_135,LBOD135,Brave Mana Steam Vest,You entered deep into the depths of Prison and claimed this armor.
body_136,136,0,0,0,0,0,0,0,,,,,,,,,,,0,/Game/Characters/Modular/Female/body_136/body_136/SkeletalMeshes/body_136,/Game/Characters/Modular/Male/body_136/body_136/SkeletalMeshes/body_136,,,
body_137,137,0,0,0,0,0,0,0,,,,,,,,,,,0,/Game/Characters/Modular/Female/body_137/body_137/SkeletalMeshes/body_137,/Game/Characters/Modular/Male/body_137/body_137/SkeletalMeshes/body_137,,,
body_138,138,133,450,487,5259,105,400000,0,31,255,,,13,55,20,150,125,20,237,/Game/Characters/Modular/Female/body_138/body_138/SkeletalMeshes/body_138,/Game/Characters/Modular/Male/body_138/body_138/SkeletalMeshes/body_138,LBOD138,Venus Valentine Suit,Armor Exclusive for ETC iROSE
body_139,139,133,450,487,5258,105,400000,0,31,255,,,15,55,18,150,125,20,237,/Game/Characters/Modular/Female/body_139/body_139/SkeletalMeshes/body_139,/Game/Characters/Modular/Male/body_139/body_139/SkeletalMeshes/body_139,LBOD139,Snow Berry Suit,Armor Exclusive for ETC iROSE
body_140,140,0,0,0,0,0,0,0,,,,,,,,,,,0,/Game/Characters/Modular/Female/body_140/body_140/SkeletalMeshes/body_140,/Game/Characters/Modular/Male/body_140/body_140/SkeletalMeshes/body_140,,,
body_141,141,0,0,0,0,0,0,0,,,,,,,,,,,0,/Game/Characters/Modular/Female/body_141/body_141/SkeletalMeshes/body_141,/Game/Characters/Modular/Male/body_141/body_141/SkeletalMeshes/body_141,,,
body_142,142,0,0,0,0,0,0,0,,,,,,,,,,,0,/Game/Characters/Modular/Female/body_142/body_142/SkeletalMeshes/body_142,/Game/Characters/Modular/Male/body_142/body_142/SkeletalMeshes/body_142,,,
body_143,143,0,0,0,0,0,0,0,,,,,,,,,,,0,/Game/Characters/Modular/Female/body_143/body_143/SkeletalMeshes/body_143,/Game/Characters/Modular/Male/body_143/body_143/SkeletalMeshes/body_143,,,
body_144,144,0,0,0,0,0,0,0,,,,,,,,,,,0,/Game/Characters/Modular/Female/body_144/body_144/SkeletalMeshes/body_144,/Game/Characters/Modular/Male/body_144/body_144/SkeletalMeshes/body_144,,,
body_145,145,0,0,0,0,0,0,0,,,,,,,,,,,0,/Game/Characters/Modular/Female/body_145/body_145/SkeletalMeshes/body_145,/Game/Characters/Modular/Male/body_145/body_145/SkeletalMeshes/body_145,,,
body_149,149,0,0,0,0,0,0,0,,,,,,,,,,,0,/Game/Characters/Modular/Female/body_149/body_149/SkeletalMeshes/body_149,/Game/Characters/Modular/Male/body_149/body_149/SkeletalMeshes/body_149,,,
body_150,150,133,255,185,2517,100,1500,0,,,,,11,30,22,50,120,2,241,/Game/Characters/Modular/Female/body_150/body_150/SkeletalMeshes/body_150,/Game/Characters/Modular/Male/body_150/body_150/SkeletalMeshes/body_150,LBOD150,Oro Outfit,Rewarded to the first 10 players to enter the 4th Planet Oro.
body_151,151,133,999,999,2517,50,1000000,0,,,,,22,3000,24,100,120,5,233,/Game/Characters/Modular/Female/body_151/body_151/SkeletalMeshes/body_151,/Game/Characters/Modular/Male/body_151/body_151/SkeletalMeshes/body_151,LBOD151,GameMaster Suit,The suit for GameMasters.
body_152,152,133,20,10,275,24,3000,0,,,,,38,100,39,100,20,10,241,/Game/Characters/Modular/Female/body_152/body_152/SkeletalMeshes/body_152,/Game/Characters/Modular/Male/body_152/body_152/SkeletalMeshes/body_152,LBOD152,Santa Sweater,Santa's sweater of choice. It fills you with warmth and the spirit of giving.
body_153,153,133,255,185,2517,30,3000,0,,,,,11,30,22,50,120,10,241,/Game/Characters/Modular/Female/body_153/body_153/SkeletalMeshes/body_153,/Game/Characters/Modular/Male/body_153/body_153/SkeletalMeshes/body_153,LBOD153,HanBok,Traditional Korean Dress.
body_154,154,133,20,9,265,26,2250,0,,,,,38,30,,,36,10,241,/Game/Characters/Modular/Female/body_154/body_154/SkeletalMeshes/body_154,/Game/Characters/Modular/Male/body_154/body_154/SkeletalMeshes/body_154,LBOD154,Adventurer's Jeans,A gift from villagers of Adventurer's Plain. It is hand-made outfit. (Quest Reward)
body_155,155,133,255,185,2517,20,3000,0,,,,,10,30,19,50,120,2,243,/Game/Characters/Modular/Female/body_155/body_155/SkeletalMeshes/body_155,/Game/Characters/Modular/Male/body_155/body_155/SkeletalMeshes/body_155,LBOD155,Swimsuit,Generic swimwear that's worn by students learning to swim.
body_156,156,133,255,185,2517,20,3000,0,,,,,11,30,22,50,120,2,243,/Game/Characters/Modular/Female/body_156/body_156/SkeletalMeshes/body_156,/Game/Characters/Modular/Male/body_156/body_156/SkeletalMeshes/body_156,LBOD156,Bikini,A swimsuit that makes for fashionable beachwear.
body_157,157,133,255,185,2517,20,3000,0,,,,,10,30,19,50,120,2,243,/Game/Characters/Modular/Female/body_157/body_157/SkeletalMeshes/body_157,/Game/Characters/Modular/Male/body_157/body_157/SkeletalMeshes/body_157,LBOD157,Beach Wear,Cool beachwear worn by fashion trendsetters.
body_160,160,133,255,185,2517,20,3000,0,,,,,10,30,19,50,120,2,243,/Game/Characters/Modular/Female/body_160/body_160/SkeletalMeshes/body_160,/Game/Characters/Modular/Male/body_160/body_160/SkeletalMeshes/body_160,LBOD160,Lucille Party Wear,Fine evening wear that's perfect for a classy party.
body_161,161,133,255,185,2517,20,3000,0,,,,,11,30,22,50,120,2,243,/Game/Characters/Modular/Female/body_161/body_161/SkeletalMeshes/body_161,/Game/Characters/Modular/Male/body_161/body_161/SkeletalMeshes/body_161,LBOD161,Felice Party Wear,Luxurious evening wear that's perfect for a high class party.
body_162,162,0,0,0,0,0,0,0,,,,,,,,,,,0,/Game/Characters/Modular/Female/body_162/body_162/SkeletalMeshes/body_162,/Game/Characters/Modular/Male/body_162/body_162/SkeletalMeshes/body_162,,,
body_163,163,133,255,185,2517,20,3000,0,,,,,12,30,15,30,120,2,243,/Game/Characters/Modular/Female/body_163/body_163/SkeletalMeshes/body_163,/Game/Characters/Modular/Male/body_163/body_163/SkeletalMeshes/body_163,LBOD163,Hogan Belt,A belt that only true champions of justice can wear.
body_164,164,133,255,185,2517,20,3000,0,,,,,11,30,22,50,120,2,243,/Game/Characters/Modular/Female/body_164/body_164/SkeletalMeshes/body_164,/Game/Characters/Modular/Male/body_164/body_164/SkeletalMeshes/body_164,LBOD164,White Santa Sweater,The white sweater that Santa wears during the rare occasions when he feels the need to impress somebody.
body_166,166,133,27,11,2517,32,10,0,39,,0,0,,,,,,10,233,/Game/Characters/Modular/Female/body_166/body_166/SkeletalMeshes/body_166,/Game/Characters/Modular/Male/body_166/body_166/SkeletalMeshes/body_166,LBOD166,Fairy Gift Vest,Special equipment given to Visitors that are invited by Arua's fairy.
body_167,167,133,27,11,2517,32,10,0,39,,0,0,,,,,,10,233,/Game/Characters/Modular/Female/body_167/body_167/SkeletalMeshes/body_167,/Game/Characters/Modular/Male/body_167/body_167/SkeletalMeshes/body_167,LBOD167,Fairy Bless Vest,Special equipment given to Visitors that are invited by Arua's fairy.
body_168,168,0,0,0,0,0,0,0,,,,,,,,,,,0,/Game/Characters/Modular/Female/body_168/body_168/SkeletalMeshes/body_168,/Game/Characters/Modular/Male/body_168/body_168/SkeletalMeshes/body_168,,,
body_169,169,133,0,0,291,20,3000,0,,,,,,,,,20,2,243,/Game/Characters/Modular/Female/body_169/body_169/SkeletalMeshes/body_169,/Game/Characters/Modular/Male/body_169/body_169/SkeletalMeshes/body_169,LBOD165,Snowboard Suit,A set of waterproof jacket and pants that is perfect for snowboarding.
body_170,170,133,5,5,296,20,3000,0,,,,, , , , ,40,2,243,/Game/Characters/Modular/Female/body_170/body_170/SkeletalMeshes/body_170,/Game/Characters/Modular/Male/body_170/body_170/SkeletalMeshes/body_170,LBOD170,ROSE Online uniform,An item purchased from the Clan Shop.
body_171,171,133,5,5,293,20,3000,0,,,,, , , , ,40,2,243,/Game/Characters/Modular/Female/body_171/body_171/SkeletalMeshes/body_171,/Game/Characters/Modular/Male/body_171/body_171/SkeletalMeshes/body_171,LBOD171,KROSE Uniform,An item purchased from the Clan Shop.
body_172,172,133,5,5,294,20,3000,0,,,,, , , , ,40,2,243,/Game/Characters/Modular/Female/body_172/body_172/SkeletalMeshes/body_172,/Game/Characters/Modular/Male/body_172/body_172/SkeletalMeshes/body_172,LBOD172,JROSE Uniform,An item purchased from the Clan Shop.
body_173,173,133,5,5,297,20,3000,0,,,,, , , , ,40,2,243,/Game/Characters/Modular/Female/body_173/body_173/SkeletalMeshes/body_173,/Game/Characters/Modular/Male/body_173/body_173/SkeletalMeshes/body_173,LBOD173,ROSE NA Uniform,An item purchased from the Clan Shop.
body_174,174,133,5,5,295,20,3000,0,,,,, , , , ,40,2,243,/Game/Characters/Modular/Female/body_174/body_174/SkeletalMeshes/body_174,/Game/Characters/Modular/Male/body_174/body_174/SkeletalMeshes/body_174,LBOD174,pROSE Uniform,An item purchased from the Clan Shop.
body_175,175,133,40,18,2517,20,3000,0,,,,,22,12,,,50,2,243,/Game/Characters/Modular/Female/body_175/body_175/SkeletalMeshes/body_175,/Game/Characters/Modular/Male/body_175/body_175/SkeletalMeshes/body_175,LBOD175,Clan War School Look,A specially designed outfit given as a reward to those that advance to the final Clan match.
body_176,176,133,10,1,2517,20,1000,0,,,,,,,,,30,2,241,/Game/Characters/Modular/Female/body_176/body_176/SkeletalMeshes/body_176,/Game/Characters/Modular/Male/body_176/body_176/SkeletalMeshes/body_176,LBOD176,Rudolph Vest,"The raiment worn by the famous reindeer, Rudolph."
body_177,177,0,0,0,0,0,0,0,,,,,,,,,,,0,/Game/Characters/Modular/Female/body_177/body_177/SkeletalMeshes/body_177,/Game/Characters/Modular/Male/body_177/body_177/SkeletalMeshes/body_177,,,
body_178,178,133,60,10,405,20,700,0,31,50,,,38,300,39,300,40,10,241,/Game/Characters/Modular/Female/body_178/body_178/SkeletalMeshes/body_178,/Game/Characters/Modular/Male/body_178/body_178/SkeletalMeshes/body_178,LBOD178,Green Rudolph Vest,"A raiment not usually worn by the famous reindeer, Rudolph."
body_179,179,0,0,0,0,0,0,0,,,,,,,,,,,0,/Game/Characters/Modular/Female/body_179/body_179/SkeletalMeshes/body_179,/Game/Characters/Modular/Male/body_179/body_179/SkeletalMeshes/body_179,,,
body_180,180,133,255,185,2517,20,3000,0,,,,,11,30,22,50,120,2,243,/Game/Characters/Modular/Female/body_180/body_180/SkeletalMeshes/body_180,/Game/Characters/Modular/Male/body_180/body_180/SkeletalMeshes/body_180,LBOD180,Blue Santa Sweater,A Santa uniform that is sky blue in color.
body_181,181,133,63,30,292,20,3000,0,31,84,,,38,172,,,53,2,243,/Game/Characters/Modular/Female/body_181/body_181/SkeletalMeshes/body_181,/Game/Characters/Modular/Male/body_181/body_181/SkeletalMeshes/body_181,LBOD181,Navy Blue Magic School Look,A Magic School uniform in a navy blue color.
body_182,182,133,255,185,2517,20,3000,0,,,,,13,30,15,30,120,2,254,/Game/Characters/Modular/Female/body_182/body_182/SkeletalMeshes/body_182,/Game/Characters/Modular/Male/body_182/body_182/SkeletalMeshes/body_182,LBOD182,Trendy Swim Suit,You are the hero of this summer beach!
body_183,183,131,255,185,2517,89,3000,0,,,,,10,30,19,50,120,20,225,/Game/Characters/Modular/Female/body_183/body_183/SkeletalMeshes/body_183,/Game/Characters/Modular/Male/body_183/body_183/SkeletalMeshes/body_183,LBOD183,New Abyss Plate Armor,An armor made out advanced power from Star of Warrior.
body_184,184,132,255,185,2517,97,3000,0,,,,,12,30,19,50,120,20,233,/Game/Characters/Modular/Female/body_184/body_184/SkeletalMeshes/body_184,/Game/Characters/Modular/Male/body_184/body_184/SkeletalMeshes/body_184,LBOD184,New Serenity Vest,A vest made of advanced power from Star of Magic.
body_185,185,131,255,185,2517,101,3000,0,,,,,11,30,22,50,58,20,229,/Game/Characters/Modular/Female/body_185/body_185/SkeletalMeshes/body_185,/Game/Characters/Modular/Male/body_185/body_185/SkeletalMeshes/body_185,LBOD185,New Captain Chest,A chest made of advanced power from Star of Hunter.
body_186,186,133,255,185,2517,99,3000,0,,,,,13,30,12,40,120,20,237,/Game/Characters/Modular/Female/body_186/body_186/SkeletalMeshes/body_186,/Game/Characters/Modular/Male/body_186/body_186/SkeletalMeshes/body_186,LBOD186,New Bourgeois Vest,A vest made of advanced power from Star of Merchant.
body_187,187,133,71,33,255,20,3000,0,31,98,,,38,196,,,58,2,243,/Game/Characters/Modular/Female/body_187/body_187/SkeletalMeshes/body_187,/Game/Characters/Modular/Male/body_187/body_187/SkeletalMeshes/body_187,LBOD187,White Magic School Look,A Magic School uniform in a white.
body_188,188,133,255,185,2517,20,3000,0,,,,,11,30,22,50,120,2,243,/Game/Characters/Modular/Female/body_188/body_188/SkeletalMeshes/body_188,/Game/Characters/Modular/Male/body_188/body_188/SkeletalMeshes/body_188,LBOD188,Yukata,Clothes that symbolize the rendezvous of the stars.
body_189,189,133,255,185,2517,20,3000,0,,,,,10,30,19,50,120,2,243,/Game/Characters/Modular/Female/body_189/body_189/SkeletalMeshes/body_189,/Game/Characters/Modular/Male/body_189/body_189/SkeletalMeshes/body_189,LBOD189,Summer School Look,A bright summer uniform usually worn by young students.
body_190,190,133,255,185,2517,20,3000,0,,,,,11,30,22,40,120,2,243,/Game/Characters/Modular/Female/body_190/body_190/SkeletalMeshes/body_190,/Game/Characters/Modular/Male/body_190/body_190/SkeletalMeshes/body_190,LBOD190,Physical Uniform,Don this athletic uniform in the competitive spirit of Field Day!
body_191,191,133,255,185,2517,20,3000,0,,,,,11,30,22,50,120,2,243,/Game/Characters/Modular/Female/body_191/body_191/SkeletalMeshes/body_191,/Game/Characters/Modular/Male/body_191/body_191/SkeletalMeshes/body_191,LBOD191,Yellow Uniform,A yellow athletic jumpsuit that was worn by a legendary martial artist.
body_192,192,133,255,185,2517,20,3000,0,,,,,11,30,22,40,120,2,243,/Game/Characters/Modular/Female/body_192/body_192/SkeletalMeshes/body_192,/Game/Characters/Modular/Male/body_192/body_192/SkeletalMeshes/body_192,LBOD192,Snow White Swimsuit ,An alluring snow white swimsuit that captivates those who see it.
body_193,193,133,255,185,2517,100,3000,0,,,,,10,30,19,50,120,2,243,/Game/Characters/Modular/Female/body_193/body_193/SkeletalMeshes/body_193,/Game/Characters/Modular/Male/body_193/body_193/SkeletalMeshes/body_193,LBOD193,Servant's Uniform,A uniform that is typically worn by the caretakers of a nobleman's mansion.
body_194,194,133,255,185,2517,100,3000,0,,,,,12,30,19,50,120,2,243,/Game/Characters/Modular/Female/body_194/body_194/SkeletalMeshes/body_194,/Game/Characters/Modular/Male/body_194/body_194/SkeletalMeshes/body_194,LBOD194,Boxing Uniform,Cheer Up!
body_195,195,133,255,185,2517,100,3000,0,,,,,10,30,19,50,120,2,243,/Game/Characters/Modular/Female/body_195/body_195/SkeletalMeshes/body_195,/Game/Characters/Modular/Male/body_195/body_195/SkeletalMeshes/body_195,LBOD195,Gachapin Outfit,A cute uniform which resembles the body of Gachapin.
body_196,196,133,255,185,2517,100,3000,0,,,,,22,40,12,30,120,2,243,/Game/Characters/Modular/Female/body_196/body_196/SkeletalMeshes/body_196,/Game/Characters/Modular/Male/body_196/body_196/SkeletalMeshes/body_196,LBOD196,Mukku Outfit,A cute uniform which resembles the body of Mukku
body_197,197,133,255,185,2517,100,3000,0,,,,,10,30,19,50,120,2,243,/Game/Characters/Modular/Female/body_197/body_197/SkeletalMeshes/body_197,/Game/Characters/Modular/Male/body_197/body_197/SkeletalMeshes/body_197,LBOD197,Servant's Brown Uniform,A brown uniform that is typically worn by the caretakers of a nobleman's mansion.
body_198,198,133,255,185,2517,20,3000,0,,,,,20,40,10,30,120,2,243,/Game/Characters/Modular/Female/body_198/body_198/SkeletalMeshes/body_198,/Game/Characters/Modular/Male/body_198/body_198/SkeletalMeshes/body_198,LBOD198,School Look,A bright uniform usually worn by young students during their school year.
body_199,199,133,0,0,2517,20,3000,0,,,,,,,,,,2,243,/Game/Characters/Modular/Female/body_199/body_199/SkeletalMeshes/body_199,/Game/Characters/Modular/Male/body_199/body_199/SkeletalMeshes/body_199,LBOD199,iRosePH Outfit,iRosePH Suit
body_200,200,133,255,185,2517,100,3000,0,,,,,10,30,19,50,120,2,243,/Game/Characters/Modular/Female/body_200/body_200/SkeletalMeshes/body_200,/Game/Characters/Modular/Male/body_200/body_200/SkeletalMeshes/body_200,LBOD200,Servant's Navy Uniform,A navy uniform that is typically worn by the caretakers of a nobleman's mansion.
body_201,201,133,20,9,263,29,1450,0,31,9,,,38,30,0,0,44,10,241,/Game/Characters/Modular/Female/body_201/body_201/SkeletalMeshes/body_201,/Game/Characters/Modular/Male/body_201/body_201/SkeletalMeshes/body_201,LBOD005,Yellow Wild Jeans,A pair of yellow Jeans.
body_202,202,133,21,10,264,27,2050,0,31,9,,,38,36,0,0,41,10,241,/Game/Characters/Modular/Female/body_202/body_202/SkeletalMeshes/body_202,/Game/Characters/Modular/Male/body_202/body_202/SkeletalMeshes/body_202,LBOD006,Natalie Look,Casual wear that is very convenient to wear at any time.
body_203,203,133,22,10,264,30,2050,0,31,12,,,38,36,0,0,45,10,241,/Game/Characters/Modular/Female/body_203/body_203/SkeletalMeshes/body_203,/Game/Characters/Modular/Male/body_203/body_203/SkeletalMeshes/body_203,LBOD006,Natalie Look,Casual wear that is very convenient to wear at any time.
body_204,204,133,22,11,265,28,3400,0,31,13,,,38,46,0,0,41,10,241,/Game/Characters/Modular/Female/body_204/body_204/SkeletalMeshes/body_204,/Game/Characters/Modular/Male/body_204/body_204/SkeletalMeshes/body_204,LBOD007,Yellow Denim Look,The yellow version of clothes made for adventurers that are just beginning to develop their skills.
body_205,205,133,23,11,265,31,3400,0,31,16,,,38,46,0,0,44,10,241,/Game/Characters/Modular/Female/body_205/body_205/SkeletalMeshes/body_205,/Game/Characters/Modular/Male/body_205/body_205/SkeletalMeshes/body_205,LBOD007,Yellow Denim Look,The yellow version of clothes made for adventurers that are just beginning to develop their skills.
body_206,206,133,24,12,265,33,3400,0,31,18,,,38,46,0,0,47,10,241,/Game/Characters/Modular/Female/body_206/body_206/SkeletalMeshes/body_206,/Game/Characters/Modular/Male/body_206/body_206/SkeletalMeshes/body_206,LBOD007,Yellow Denim Look,The yellow version of clothes made for adventurers that are just beginning to develop their skills.
body_207,207,133,25,12,266,31,5050,0,31,19,,,38,56,0,0,43,10,241,/Game/Characters/Modular/Female/body_207/body_207/SkeletalMeshes/body_207,/Game/Characters/Modular/Male/body_207/body_207/SkeletalMeshes/body_207,LBOD008,Blue Denim Look,The blue version of clothes made for adventurers that are just beginning to develop their skills.
body_208,208,133,26,12,266,33,5050,0,31,21,,,38,56,0,0,45,10,241,/Game/Characters/Modular/Female/body_208/body_208/SkeletalMeshes/body_208,/Game/Characters/Modular/Male/body_208/body_208/SkeletalMeshes/body_208,LBOD008,Blue Denim Look,The blue version of clothes made for adventurers that are just beginning to develop their skills.
body_209,209,133,26,13,266,35,5050,0,31,23,,,38,56,0,0,47,10,241,/Game/Characters/Modular/Female/body_209/body_209/SkeletalMeshes/body_209,/Game/Characters/Modular/Male/body_209/body_209/SkeletalMeshes/body_209,LBOD008,Blue Denim Look,The blue version of clothes made for adventurers that are just beginning to develop their skills.
body_210,210,133,27,13,267,33,7200,0,31,24,,,38,66,0,0,43,10,241,/Game/Characters/Modular/Female/body_210/body_210/SkeletalMeshes/body_210,/Game/Characters/Modular/Male/body_210/body_210/SkeletalMeshes/body_210,LBOD009,Brown Denim Look,The brown version of clothes made for adventurers that are just beginning to develop their skills.
body_211,211,133,28,14,267,35,7200,0,31,26,,,38,66,0,0,46,10,241,/Game/Characters/Modular/Female/body_211/body_211/SkeletalMeshes/body_211,/Game/Characters/Modular/Male/body_211/body_211/SkeletalMeshes/body_211,LBOD009,Brown Denim Look,The brown version of clothes made for adventurers that are just beginning to develop their skills.
body_212,212,133,29,14,267,37,7200,0,31,28,,,38,66,0,0,48,10,241,/Game/Characters/Modular/Female/body_212/body_212/SkeletalMeshes/body_212,/Game/Characters/Modular/Male/body_212/body_212/SkeletalMeshes/body_212,LBOD009,Brown Denim Look,The brown version of clothes made for adventurers that are just beginning to develop their skills.
body_213,213,133,30,14,268,34,10050,0,31,28,,,38,76,0,0,43,10,241,/Game/Characters/Modular/Female/body_213/body_213/SkeletalMeshes/body_213,/Game/Characters/Modular/Male/body_213/body_213/SkeletalMeshes/body_213,LBOD010,Islamic Dress,A conservative dress for conservative people.
body_214,214,133,31,15,268,37,10050,0,31,31,,,38,76,0,0,46,10,241,/Game/Characters/Modular/Female/body_214/body_214/SkeletalMeshes/body_214,/Game/Characters/Modular/Male/body_214/body_214/SkeletalMeshes/body_214,LBOD010,Islamic Dress,A conservative dress for conservative people.
body_215,215,133,32,15,268,39,10050,0,31,33,,,38,76,0,0,48,10,241,/Game/Characters/Modular/Female/body_215/body_215/SkeletalMeshes/body_215,/Game/Characters/Modular/Male/body_215/body_215/SkeletalMeshes/body_215,LBOD010,Islamic Dress,A conservative dress for conservative people.
body_216,216,133,33,15,269,37,13150,0,31,34,,,38,86,0,0,44,10,241,/Game/Characters/Modular/Female/body_216/body_216/SkeletalMeshes/body_216,/Game/Characters/Modular/Male/body_216/body_216/SkeletalMeshes/body_216,LBOD011,Venetian Dress,A dress suitable for people who like traveling.
body_217,217,133,33,16,269,39,13150,0,31,36,,,38,86,0,0,47,10,241,/Game/Characters/Modular/Female/body_217/body_217/SkeletalMeshes/body_217,/Game/Characters/Modular/Male/body_217/body_217/SkeletalMeshes/body_217,LBOD011,Venetian Dress,A dress suitable for people who like traveling.
body_218,218,133,34,16,269,40,13150,0,31,37,,,38,86,0,0,48,10,241,/Game/Characters/Modular/Female/body_218/body_218/SkeletalMeshes/body_218,/Game/Characters/Modular/Male/body_218/body_218/SkeletalMeshes/body_218,LBOD011,Venetian Dress,A dress suitable for people who like traveling.
body_219,219,133,34,17,270,38,17000,0,31,38,,,38,96,0,0,44,10,241,/Game/Characters/Modular/Female/body_219/body_219/SkeletalMeshes/body_219,/Game/Characters/Modular/Male/body_219/body_219/SkeletalMeshes/body_219,LBOD012,Fancy Sky,A gown that makes its wearer feels refreshed.
body_220,220,133,35,18,270,40,17000,0,31,40,,,38,96,0,0,46,10,241,/Game/Characters/Modular/Female/body_220/body_220/SkeletalMeshes/body_220,/Game/Characters/Modular/Male/body_220/body_220/SkeletalMeshes/body_220,LBOD012,Fancy Sky,A gown that makes its wearer feels refreshed.
body_221,221,133,36,18,270,42,17000,0,31,42,,,38,96,0,0,48,10,241,/Game/Characters/Modular/Female/body_221/body_221/SkeletalMeshes/body_221,/Game/Characters/Modular/Male/body_221/body_221/SkeletalMeshes/body_221,LBOD012,Fancy Sky,A gown that makes its wearer feels refreshed.
body_222,222,133,38,19,271,41,21850,0,31,44,,,38,106,0,0,46,10,241,/Game/Characters/Modular/Female/body_222/body_222/SkeletalMeshes/body_222,/Game/Characters/Modular/Male/body_222/body_222/SkeletalMeshes/body_222,LBOD013,Fancy Blue,An indulgent gown that makes its wearer feels refreshed.
body_223,223,133,39,19,271,43,21850,0,31,46,,,38,106,0,0,48,10,241,/Game/Characters/Modular/Female/body_223/body_223/SkeletalMeshes/body_223,/Game/Characters/Modular/Male/body_223/body_223/SkeletalMeshes/body_223,LBOD013,Fancy Blue,An indulgent gown that makes its wearer feels refreshed.
body_224,224,133,40,20,271,45,21850,0,31,48,,,38,106,0,0,50,10,241,/Game/Characters/Modular/Female/body_224/body_224/SkeletalMeshes/body_224,/Game/Characters/Modular/Male/body_224/body_224/SkeletalMeshes/body_224,LBOD013,Fancy Blue,An indulgent gown that makes its wearer feels refreshed.
body_225,225,133,44,22,273,44,33300,0,31,54,,,38,126,0,0,47,10,241,/Game/Characters/Modular/Female/body_225/body_225/SkeletalMeshes/body_225,/Game/Characters/Modular/Male/body_225/body_225/SkeletalMeshes/body_225,LBOD014,Junior Look,Clothes for normal magic school students.
body_226,226,133,45,22,273,45,33300,0,31,55,,,38,126,0,0,48,10,241,/Game/Characters/Modular/Female/body_226/body_226/SkeletalMeshes/body_226,/Game/Characters/Modular/Male/body_226/body_226/SkeletalMeshes/body_226,LBOD014,Junior Look,Clothes for normal magic school students.
body_227,227,133,46,23,273,47,33300,0,31,57,,,38,126,0,0,50,10,241,/Game/Characters/Modular/Female/body_227/body_227/SkeletalMeshes/body_227,/Game/Characters/Modular/Male/body_227/body_227/SkeletalMeshes/body_227,LBOD014,Junior Look,Clothes for normal magic school students.
body_228,228,133,50,24,274,47,45650,0,31,62,,,38,142,0,0,48,10,241,/Game/Characters/Modular/Female/body_228/body_228/SkeletalMeshes/body_228,/Game/Characters/Modular/Male/body_228/body_228/SkeletalMeshes/body_228,LBOD015,Senior Look,Clothes for magic school students that exhibit great potential.
body_229,229,133,50,25,274,48,45650,0,31,63,,,38,142,0,0,49,10,241,/Game/Characters/Modular/Female/body_229/body_229/SkeletalMeshes/body_229,/Game/Characters/Modular/Male/body_229/body_229/SkeletalMeshes/body_229,LBOD015,Senior Look,Clothes for magic school students that exhibit great potential.
body_230,230,133,51,25,274,49,45650,0,31,64,,,38,142,0,0,50,10,241,/Game/Characters/Modular/Female/body_230/body_230/SkeletalMeshes/body_230,/Game/Characters/Modular/Male/body_230/body_230/SkeletalMeshes/body_230,LBOD015,Senior Look,Clothes for magic school students that exhibit great potential.
body_231,231,133,52,26,274,51,45650,0,31,66,,,38,142,0,0,52,10,241,/Game/Characters/Modular/Female/body_231/body_231/SkeletalMeshes/body_231,/Game/Characters/Modular/Male/body_231/body_231/SkeletalMeshes/body_231,LBOD015,Senior Look,Clothes for magic school students that exhibit great potential.
body_232,232,133,47,23,275,47,41850,0,31,59,,,38,136,0,0,47,10,241,/Game/Characters/Modular/Female/body_232/body_232/SkeletalMeshes/body_232,/Game/Characters/Modular/Male/body_232/body_232/SkeletalMeshes/body_232,LBOD016,Redfield Green Suit,A fine suit for a gentleman.
body_233,233,133,48,23,275,48,41850,0,31,60,,,38,136,0,0,49,10,241,/Game/Characters/Modular/Female/body_233/body_233/SkeletalMeshes/body_233,/Game/Characters/Modular/Male/body_233/body_233/SkeletalMeshes/body_233,LBOD016,Redfield Green Suit,A fine suit for a gentleman.
body_234,234,133,48,24,275,49,41850,0,31,61,,,38,136,0,0,50,10,241,/Game/Characters/Modular/Female/body_234/body_234/SkeletalMeshes/body_234,/Game/Characters/Modular/Male/body_234/body_234/SkeletalMeshes/body_234,LBOD016,Redfield Green Suit,A fine suit for a gentleman.
body_235,235,133,49,24,275,51,41850,0,31,63,,,38,136,0,0,52,10,241,/Game/Characters/Modular/Female/body_235/body_235/SkeletalMeshes/body_235,/Game/Characters/Modular/Male/body_235/body_235/SkeletalMeshes/body_235,LBOD016,Redfield Green Suit,A fine suit for a gentleman.
body_236,236,133,51,25,276,49,50750,0,31,64,,,38,146,0,0,48,10,241,/Game/Characters/Modular/Female/body_236/body_236/SkeletalMeshes/body_236,/Game/Characters/Modular/Male/body_236/body_236/SkeletalMeshes/body_236,LBOD017,Redfield Black Suit,A gentlemanly suit for a connoisseur of fashion.
body_237,237,133,51,26,276,50,50750,0,31,65,,,38,146,0,0,49,10,241,/Game/Characters/Modular/Female/body_237/body_237/SkeletalMeshes/body_237,/Game/Characters/Modular/Male/body_237/body_237/SkeletalMeshes/body_237,LBOD017,Redfield Black Suit,A gentlemanly suit for a connoisseur of fashion.
body_238,238,133,52,26,276,51,50750,0,31,66,,,38,146,0,0,50,10,241,/Game/Characters/Modular/Female/body_238/body_238/SkeletalMeshes/body_238,/Game/Characters/Modular/Male/body_238/body_238/SkeletalMeshes/body_238,LBOD017,Redfield Black Suit,A gentlemanly suit for a connoisseur of fashion.
body_239,239,133,53,27,276,53,50750,0,31,68,,,38,146,0,0,53,10,241,/Game/Characters/Modular/Female/body_239/body_239/SkeletalMeshes/body_239,/Game/Characters/Modular/Male/body_239/body_239/SkeletalMeshes/body_239,LBOD017,Redfield Black Suit,A gentlemanly suit for a connoisseur of fashion.
body_240,240,0,0,0,0,0,0,0,,,,,,,,,,,0,/Game/Characters/Modular/Female/body_240/body_240/SkeletalMeshes/body_240,/Game/Characters/Modular/Male/body_240/body_240/SkeletalMeshes/body_240,,,
body_241,241,0,0,0,0,0,0,0,,,,,,,,,,,0,/Game/Characters/Modular/Female/body_241/body_241/SkeletalMeshes/body_241,/Game/Characters/Modular/Male/body_241/body_241/SkeletalMeshes/body_241,,,
body_245,245,0,0,0,0,0,0,0,,,,,,,,,,,0,/Game/Characters/Modular/Female/body_245/body_245/SkeletalMeshes/body_245,/Game/Characters/Modular/Male/body_245/body_245/SkeletalMeshes/body_245,,,
body_246,246,0,0,0,0,0,0,0,,,,,,,,,,,0,/Game/Characters/Modular/Female/body_246/body_246/SkeletalMeshes/body_246,/Game/Characters/Modular/Male/body_246/body_246/SkeletalMeshes/body_246,,,
body_247,247,133,255,185,2517,30,3000,0,,,,,10,30,19,50,120,10,241,/Game/Characters/Modular/Female/body_247/body_247/SkeletalMeshes/body_247,/Game/Characters/Modular/Male/body_247/body_247/SkeletalMeshes/body_247,LBOD247,Spartan Armor Soldier,
body_248,248,133,255,100,2517,30,3000,0,,,,,11,30,22,50,120,10,241,/Game/Characters/Modular/Female/body_248/body_248/SkeletalMeshes/body_248,/Game/Characters/Modular/Male/body_248/body_248/SkeletalMeshes/body_248,LBOD248,Spartan Armor Hawker,
body_249,249,133,999,999,2517,30,3000,0,,,,,11,999,22,999,120,10,241,/Game/Characters/Modular/Female/body_249/body_249/SkeletalMeshes/body_249,/Game/Characters/Modular/Male/body_249/body_249/SkeletalMeshes/body_249,LBOD249,GM Suite Pink,The suit for GameMasters.
body_250,250,133,999,999,2517,30,3000,0,,,,,11,999,22,999,120,10,241,/Game/Characters/Modular/Female/body_250/body_250/SkeletalMeshes/body_250,/Game/Characters/Modular/Male/body_250/body_250/SkeletalMeshes/body_250,LBOD250,GM Suite Blue,The suit for GameMasters.
body_251,251,133,255,185,2517,30,3000,0,,,,,20,40,10,30,120,10,241,/Game/Characters/Modular/Female/body_251/body_251/SkeletalMeshes/body_251,/Game/Characters/Modular/Male/body_251/body_251/SkeletalMeshes/body_251,LBOD251,Dark Yukata,Clothes that symbolize the rendezvous of the stars.
body_252,252,133,255,185,2517,30,3000,0,,,,,20,40,11,30,120,10,241,/Game/Characters/Modular/Female/body_252/body_252/SkeletalMeshes/body_252,/Game/Characters/Modular/Male/body_252/body_252/SkeletalMeshes/body_252,LBOD252,Red Samurai,A Suite for Samurai Warriors
body_253,253,133,255,185,2517,30,3000,0,,,,,20,40,12,30,120,10,241,/Game/Characters/Modular/Female/body_253/body_253/SkeletalMeshes/body_253,/Game/Characters/Modular/Male/body_253/body_253/SkeletalMeshes/body_253,LBOD253,Sky Blue Samurai,A Suite for Samurai Warriors
body_254,254,133,255,185,2517,30,3000,0,,,,,20,40,13,30,120,10,241,/Game/Characters/Modular/Female/body_254/body_254/SkeletalMeshes/body_254,/Game/Characters/Modular/Male/body_254/body_254/SkeletalMeshes/body_254,LBOD254,Blue Samurai,A Suite for Samurai Warriors
body_255,255,133,255,185,2517,30,3000,0,,,,,11,30,22,50,120,10,241,/Game/Characters/Modular/Female/body_255/body_255/SkeletalMeshes/body_255,/Game/Characters/Modular/Male/body_255/body_255/SkeletalMeshes/body_255,LBOD255,Jaguar Rave,Special Edition Jaguar Suite
body_256,256,133,255,185,2517,30,3000,0,,,,,20,40,11,30,120,10,241,/Game/Characters/Modular/Female/body_256/body_256/SkeletalMeshes/body_256,/Game/Characters/Modular/Male/body_256/body_256/SkeletalMeshes/body_256,LBOD256,Hanbok ,Traditional Korean Dress.
body_257,257,133,255,185,2517,30,3000,0,,,,,20,40,12,30,120,10,241,/Game/Characters/Modular/Female/body_257/body_257/SkeletalMeshes/body_257,/Game/Characters/Modular/Male/body_257/body_257/SkeletalMeshes/body_257,LBOD257,Neon Green Pajamas,
body_258,258,133,255,185,2517,30,3000,0,,,,,20,40,13,30,120,10,241,/Game/Characters/Modular/Female/body_258/body_258/SkeletalMeshes/body_258,/Game/Characters/Modular/Male/body_258/body_258/SkeletalMeshes/body_258,LBOD258,Sky Hanbok,
body_259,259,0,0,0,0,0,0,0,,,,,,,,,,,0,/Game/Characters/Modular/Female/body_259/body_259/SkeletalMeshes/body_259,/Game/Characters/Modular/Male/body_259/body_259/SkeletalMeshes/body_259,,,
body_260,260,0,0,0,0,0,0,0,,,,,,,,,,,0,/Game/Characters/Modular/Female/body_260/body_260/SkeletalMeshes/body_260,/Game/Characters/Modular/Male/body_260/body_260/SkeletalMeshes/body_260,,,
body_261,261,0,0,0,0,0,0,0,,,,,,,,,,,0,/Game/Characters/Modular/Female/body_261/body_261/SkeletalMeshes/body_261,/Game/Characters/Modular/Male/body_261/body_261/SkeletalMeshes/body_261,,,
body_262,262,0,0,0,0,0,0,0,,,,,,,,,,,0,/Game/Characters/Modular/Female/body_262/body_262/SkeletalMeshes/body_262,/Game/Characters/Modular/Male/body_262/body_262/SkeletalMeshes/body_262,,,
body_263,263,0,0,0,0,0,0,0,,,,,,,,,,,0,/Game/Characters/Modular/Female/body_263/body_263/SkeletalMeshes/body_263,/Game/Characters/Modular/Male/body_263/body_263/SkeletalMeshes/body_263,,,
body_264,264,0,0,0,0,0,0,0,,,,,,,,,,,0,/Game/Characters/Modular/Female/body_264/body_264/SkeletalMeshes/body_264,/Game/Characters/Modular/Male/body_264/body_264/SkeletalMeshes/body_264,,,
body_265,265,0,0,0,0,0,0,0,,,,,,,,,,,0,/Game/Characters/Modular/Female/body_265/body_265/SkeletalMeshes/body_265,/Game/Characters/Modular/Male/body_265/body_265/SkeletalMeshes/body_265,,,
body_266,266,0,0,0,0,0,0,0,,,,,,,,,,,0,/Game/Characters/Modular/Female/body_266/body_266/SkeletalMeshes/body_266,/Game/Characters/Modular/Male/body_266/body_266/SkeletalMeshes/body_266,,,
body_267,267,0,0,0,0,0,0,0,,,,,,,,,,,0,/Game/Characters/Modular/Female/body_267/body_267/SkeletalMeshes/body_267,/Game/Characters/Modular/Male/body_267/body_267/SkeletalMeshes/body_267,,,
body_268,268,0,0,0,0,0,0,0,,,,,,,,,,,0,/Game/Characters/Modular/Female/body_268/body_268/SkeletalMeshes/body_268,/Game/Characters/Modular/Male/body_268/body_268/SkeletalMeshes/body_268,,,
body_269,269,0,0,0,0,0,0,0,,,,,,,,,,,0,/Game/Characters/Modular/Female/body_269/body_269/SkeletalMeshes/body_269,/Game/Characters/Modular/Male/body_269/body_269/SkeletalMeshes/body_269,,,
body_270,270,0,0,0,0,0,0,0,,,,,,,,,,,0,/Game/Characters/Modular/Female/body_270/body_270/SkeletalMeshes/body_270,/Game/Characters/Modular/Male/body_270/body_270/SkeletalMeshes/body_270,,,
body_271,271,0,0,0,0,0,0,0,,,,,,,,,,,0,/Game/Characters/Modular/Female/body_271/body_271/SkeletalMeshes/body_271,/Game/Characters/Modular/Male/body_271/body_271/SkeletalMeshes/body_271,,,
body_272,272,0,0,0,0,0,0,0,,,,,,,,,,,0,/Game/Characters/Modular/Female/body_272/body_272/SkeletalMeshes/body_272,/Game/Characters/Modular/Male/body_272/body_272/SkeletalMeshes/body_272,,,
body_273,273,0,0,0,0,0,0,0,,,,,,,,,,,0,/Game/Characters/Modular/Female/body_273/body_273/SkeletalMeshes/body_273,/Game/Characters/Modular/Male/body_273/body_273/SkeletalMeshes/body_273,,,
body_274,274,0,0,0,0,0,0,0,,,,,,,,,,,0,/Game/Characters/Modular/Female/body_274/body_274/SkeletalMeshes/body_274,/Game/Characters/Modular/Male/body_274/body_274/SkeletalMeshes/body_274,,,
body_275,275,133,251,167,3926,100,150000,0,,,,,22,50,11,30,120,2,243,/Game/Characters/Modular/Female/body_275/body_275/SkeletalMeshes/body_275,/Game/Characters/Modular/Male/body_275/body_275/SkeletalMeshes/body_275,LBOD275,Streetfighter Suite 1,
body_276,276,133,281,175,3927,100,150000,0,,,,,38,275,19,50,120,2,243,/Game/Characters/Modular/Female/body_276/body_276/SkeletalMeshes/body_276,/Game/Characters/Modular/Male/body_276/body_276/SkeletalMeshes/body_276,LBOD276,Streetfighter Suite 2,
body_277,277,0,0,0,0,0,0,0,,,,,,,,,,,0,/Game/Characters/Modular/Female/body_277/body_277/SkeletalMeshes/body_277,/Game/Characters/Modular/Male/body_277/body_277/SkeletalMeshes/body_277,,,
body_278,278,0,0,0,0,0,0,0,,,,,,,,,,,0,/Game/Characters/Modular/Female/body_278/body_278/SkeletalMeshes/body_278,/Game/Characters/Modular/Male/body_278/body_278/SkeletalMeshes/body_278,,,
body_279,279,0,0,0,0,0,0,0,,,,,,,,,,,0,/Game/Characters/Modular/Female/body_279/body_279/SkeletalMeshes/body_279,/Game/Characters/Modular/Male/body_279/body_279/SkeletalMeshes/body_279,,,
body_280,280,0,0,0,0,0,0,0,,,,,,,,,,,0,/Game/Characters/Modular/Female/body_280/body_280/SkeletalMeshes/body_280,/Game/Characters/Modular/Male/body_280/body_280/SkeletalMeshes/body_280,,,
body_282,282,0,0,0,0,0,0,0,,,,,,,,,,,0,/Game/Characters/Modular/Female/body_282/body_282/SkeletalMeshes/body_282,/Game/Characters/Modular/Male/body_282/body_282/SkeletalMeshes/body_282,,,
body_284,284,0,0,0,0,0,0,0,,,,,,,,,,,0,/Game/Characters/Modular/Female/body_284/body_284/SkeletalMeshes/body_284,/Game/Characters/Modular/Male/body_284/body_284/SkeletalMeshes/body_284,,,
body_288,288,133,14,7,290,23,0,0,0,-1,,,0,0,0,0,40,10,241,/Game/Characters/Modular/Female/body_288/body_288/SkeletalMeshes/body_288,/Game/Characters/Modular/Male/body_288/body_288/SkeletalMeshes/body_288,LBOD030,Visitor Look,Basic clothing for Visitors that is provided by the Akram Kingdom.
body_289,289,133,15,8,290,24,0,0,0,0,,,0,0,0,0,41,10,241,/Game/Characters/Modular/Female/body_289/body_289/SkeletalMeshes/body_289,/Game/Characters/Modular/Male/body_289/body_289/SkeletalMeshes/body_289,LBOD030,Visitor Look,Basic clothing for Visitors that is provided by the Akram Kingdom.
body_290,290,133,15,8,290,25,0,0,0,1,,,0,0,0,0,43,10,241,/Game/Characters/Modular/Female/body_290/body_290/SkeletalMeshes/body_290,/Game/Characters/Modular/Male/body_290/body_290/SkeletalMeshes/body_290,LBOD030,Visitor Look,Basic clothing for Visitors that is provided by the Akram Kingdom.
body_291,291,133,15,8,290,27,0,0,0,3,,,0,0,0,0,45,10,241,/Game/Characters/Modular/Female/body_291/body_291/SkeletalMeshes/body_291,/Game/Characters/Modular/Male/body_291/body_291/SkeletalMeshes/body_291,LBOD030,Visitor Look,Basic clothing for Visitors that is provided by the Akram Kingdom.
body_292,292,133,15,8,290,24,0,0,0,0,,,0,0,0,0,41,10,241,/Game/Characters/Modular/Female/body_292/body_292/SkeletalMeshes/body_292,/Game/Characters/Modular/Male/body_292/body_292/SkeletalMeshes/body_292,LBOD030,Visitor Look,Basic clothing for Visitors that is provided by the Akram Kingdom.
body_293,293,133,15,8,290,24,0,0,0,0,,,0,0,0,0,41,10,241,/Game/Characters/Modular/Female/body_293/body_293/SkeletalMeshes/body_293,/Game/Characters/Modular/Male/body_293/body_293/SkeletalMeshes/body_293,LBOD030,Visitor Look,Basic clothing for Visitors that is provided by the Akram Kingdom.
body_294,294,133,15,8,290,24,0,0,0,0,,,0,0,0,0,41,10,241,/Game/Characters/Modular/Female/body_294/body_294/SkeletalMeshes/body_294,/Game/Characters/Modular/Male/body_294/body_294/SkeletalMeshes/body_294,LBOD030,Visitor Look,Basic clothing for Visitors that is provided by the Akram Kingdom.
body_295,295,133,15,8,290,24,0,0,0,0,,,0,0,0,0,41,10,241,/Game/Characters/Modular/Female/body_295/body_295/SkeletalMeshes/body_295,/Game/Characters/Modular/Male/body_295/body_295/SkeletalMeshes/body_295,LBOD030,Visitor Look,Basic clothing for Visitors that is provided by the Akram Kingdom.
body_296,296,133,15,8,290,24,0,0,0,0,,,0,0,0,0,41,10,241,/Game/Characters/Modular/Female/body_296/body_296/SkeletalMeshes/body_296,/Game/Characters/Modular/Male/body_296/body_296/SkeletalMeshes/body_296,LBOD030,Visitor Look,Basic clothing for Visitors that is provided by the Akram Kingdom.
body_297,297,133,15,8,290,24,0,0,0,0,,,0,0,0,0,41,10,241,/Game/Characters/Modular/Female/body_297/body_297/SkeletalMeshes/body_297,/Game/Characters/Modular/Male/body_297/body_297/SkeletalMeshes/body_297,LBOD030,Visitor Look,Basic clothing for Visitors that is provided by the Akram Kingdom.
body_298,298,133,15,8,290,24,0,0,0,0,,,0,0,0,0,41,10,241,/Game/Characters/Modular/Female/body_298/body_298/SkeletalMeshes/body_298,/Game/Characters/Modular/Male/body_298/body_298/SkeletalMeshes/body_298,LBOD030,Visitor Look,Basic clothing for Visitors that is provided by the Akram Kingdom.
body_299,299,133,15,8,290,24,0,0,0,0,,,0,0,0,0,41,10,241,/Game/Characters/Modular/Female/body_299/body_299/SkeletalMeshes/body_299,/Game/Characters/Modular/Male/body_299/body_299/SkeletalMeshes/body_299,LBOD030,Visitor Look,Basic clothing for Visitors that is provided by the Akram Kingdom.
body_300,300,133,15,8,290,24,0,0,0,0,,,0,0,0,0,41,10,241,/Game/Characters/Modular/Female/body_300/body_300/SkeletalMeshes/body_300,/Game/Characters/Modular/Male/body_300/body_300/SkeletalMeshes/body_300,LBOD030,Visitor Look,Basic clothing for Visitors that is provided by the Akram Kingdom.
body_301,301,131,26,6,299,29,2450,0,31,13,,,0,0,0,0,40,10,225,/Game/Characters/Modular/Female/body_301/body_301/SkeletalMeshes/body_301,/Game/Characters/Modular/Male/body_301/body_301/SkeletalMeshes/body_301,LBOD031,Soldier Armor,Basic armor for swordsmen that have just started mastering the art of wielding a blade.
body_302,302,131,27,6,299,29,2450,0,31,16,,,0,0,0,0,40,10,225,/Game/Characters/Modular/Female/body_302/body_302/SkeletalMeshes/body_302,/Game/Characters/Modular/Male/body_302/body_302/SkeletalMeshes/body_302,LBOD031,Soldier Armor,Basic armor for swordsmen that have just started mastering the art of wielding a blade.
body_303,303,131,28,7,299,29,2450,0,31,19,,,0,0,0,0,41,10,225,/Game/Characters/Modular/Female/body_303/body_303/SkeletalMeshes/body_303,/Game/Characters/Modular/Male/body_303/body_303/SkeletalMeshes/body_303,LBOD031,Soldier Armor,Basic armor for swordsmen that have just started mastering the art of wielding a blade.
body_304,304,131,28,8,299,37,2450,0,31,14,,,0,0,0,0,47,10,225,/Game/Characters/Modular/Female/body_304/body_304/SkeletalMeshes/body_304,/Game/Characters/Modular/Male/body_304/body_304/SkeletalMeshes/body_304,LBOD031,Soldier Armor,Basic armor for swordsmen that have just started mastering the art of wielding a blade.
body_305,305,131,30,9,299,41,2450,0,31,18,,,0,0,0,0,52,10,225,/Game/Characters/Modular/Female/body_305/body_305/SkeletalMeshes/body_305,/Game/Characters/Modular/Male/body_305/body_305/SkeletalMeshes/body_305,LBOD031,Soldier Armor,Basic armor for swordsmen that have just started mastering the art of wielding a blade.
body_306,306,131,31,10,299,45,2450,0,31,22,,,0,0,0,0,56,10,225,/Game/Characters/Modular/Female/body_306/body_306/SkeletalMeshes/body_306,/Game/Characters/Modular/Male/body_306/body_306/SkeletalMeshes/body_306,LBOD031,Soldier Armor,Basic armor for swordsmen that have just started mastering the art of wielding a blade.
body_307,307,131,35,10,300,35,7200,0,31,33,,,0,0,0,0,42,20,225,/Game/Characters/Modular/Female/body_307/body_307/SkeletalMeshes/body_307,/Game/Characters/Modular/Male/body_307/body_307/SkeletalMeshes/body_307,LBOD032,Iron Armor,A heavy armor constructed out of iron.
body_308,308,131,36,11,300,35,7200,0,31,36,,,0,0,0,0,43,20,225,/Game/Characters/Modular/Female/body_308/body_308/SkeletalMeshes/body_308,/Game/Characters/Modular/Male/body_308/body_308/SkeletalMeshes/body_308,LBOD032,Iron Armor,A heavy armor constructed out of iron.
body_309,309,131,37,11,300,35,7200,0,31,39,,,0,0,0,0,43,20,225,/Game/Characters/Modular/Female/body_309/body_309/SkeletalMeshes/body_309,/Game/Characters/Modular/Male/body_309/body_309/SkeletalMeshes/body_309,LBOD032,Iron Armor,A heavy armor constructed out of iron.
body_310,310,131,38,12,300,41,7200,0,31,32,,,0,0,0,0,47,20,225,/Game/Characters/Modular/Female/body_310/body_310/SkeletalMeshes/body_310,/Game/Characters/Modular/Male/body_310/body_310/SkeletalMeshes/body_310,LBOD032,Iron Armor,A heavy armor constructed out of iron.
body_311,311,131,39,13,300,44,7200,0,31,35,,,0,0,0,0,51,20,225,/Game/Characters/Modular/Female/body_311/body_311/SkeletalMeshes/body_311,/Game/Characters/Modular/Male/body_311/body_311/SkeletalMeshes/body_311,LBOD032,Iron Armor,A heavy armor constructed out of iron.
body_312,312,131,41,14,300,49,7200,0,31,40,,,0,0,0,0,56,20,225,/Game/Characters/Modular/Female/body_312/body_312/SkeletalMeshes/body_312,/Game/Characters/Modular/Male/body_312/body_312/SkeletalMeshes/body_312,LBOD032,Iron Armor,A heavy armor constructed out of iron.
body_313,313,131,43,15,300,52,7200,0,31,43,,,0,0,0,0,60,20,225,/Game/Characters/Modular/Female/body_313/body_313/SkeletalMeshes/body_313,/Game/Characters/Modular/Male/body_313/body_313/SkeletalMeshes/body_313,LBOD032,Iron Armor,A heavy armor constructed out of iron.
body_314,314,131,46,15,301,41,17700,0,31,53,,,0,0,0,0,45,20,225,/Game/Characters/Modular/Female/body_314/body_314/SkeletalMeshes/body_314,/Game/Characters/Modular/Male/body_314/body_314/SkeletalMeshes/body_314,LBOD033,Trunket Armor,A heavy armor that efficiently protects its wearer.
body_315,315,131,48,16,301,41,17700,0,31,56,,,0,0,0,0,45,20,225,/Game/Characters/Modular/Female/body_315/body_315/SkeletalMeshes/body_315,/Game/Characters/Modular/Male/body_315/body_315/SkeletalMeshes/body_315,LBOD033,Trunket Armor,A heavy armor that efficiently protects its wearer.
body_316,316,131,49,17,301,41,17700,0,31,59,,,0,0,0,0,45,20,225,/Game/Characters/Modular/Female/body_316/body_316/SkeletalMeshes/body_316,/Game/Characters/Modular/Male/body_316/body_316/SkeletalMeshes/body_316,LBOD033,Trunket Armor,A heavy armor that efficiently protects its wearer.
body_317,317,131,49,18,301,47,17700,0,31,52,,,0,0,0,0,50,20,225,/Game/Characters/Modular/Female/body_317/body_317/SkeletalMeshes/body_317,/Game/Characters/Modular/Male/body_317/body_317/SkeletalMeshes/body_317,LBOD033,Trunket Armor,A heavy armor that efficiently protects its wearer.
body_318,318,131,51,19,301,50,17700,0,31,55,,,0,0,0,0,53,20,225,/Game/Characters/Modular/Female/body_318/body_318/SkeletalMeshes/body_318,/Game/Characters/Modular/Male/body_318/body_318/SkeletalMeshes/body_318,LBOD033,Trunket Armor,A heavy armor that efficiently protects its wearer.
body_319,319,131,54,20,301,55,17700,0,31,60,,,0,0,0,0,59,20,225,/Game/Characters/Modular/Female/body_319/body_319/SkeletalMeshes/body_319,/Game/Characters/Modular/Male/body_319/body_319/SkeletalMeshes/body_319,LBOD033,Trunket Armor,A heavy armor that efficiently protects its wearer.
body_320,320,131,55,22,301,58,17700,0,31,63,,,0,0,0,0,62,20,225,/Game/Characters/Modular/Female/body_320/body_320/SkeletalMeshes/body_320,/Game/Characters/Modular/Male/body_320/body_320/SkeletalMeshes/body_320,LBOD033,Trunket Armor,A heavy armor that efficiently protects its wearer.
body_321,321,131,60,20,302,47,38400,0,31,73,,,0,0,0,0,47,20,225,/Game/Characters/Modular/Female/body_321/body_321/SkeletalMeshes/body_321,/Game/Characters/Modular/Male/body_321/body_321/SkeletalMeshes/body_321,LBOD034,Chrome Armor,"A very sturdy, yet light, armor that is forged out of a rare metal."
body_322,322,131,61,21,302,47,38400,0,31,76,,,0,0,0,0,48,20,225,/Game/Characters/Modular/Female/body_322/body_322/SkeletalMeshes/body_322,/Game/Characters/Modular/Male/body_322/body_322/SkeletalMeshes/body_322,LBOD034,Chrome Armor,"A very sturdy, yet light, armor that is forged out of a rare metal."
body_323,323,131,63,22,302,47,38400,0,31,79,,,0,0,0,0,48,20,225,/Game/Characters/Modular/Female/body_323/body_323/SkeletalMeshes/body_323,/Game/Characters/Modular/Male/body_323/body_323/SkeletalMeshes/body_323,LBOD034,Chrome Armor,"A very sturdy, yet light, armor that is forged out of a rare metal."
body_324,324,131,63,23,302,53,38400,0,31,72,,,0,0,0,0,52,20,225,/Game/Characters/Modular/Female/body_324/body_324/SkeletalMeshes/body_324,/Game/Characters/Modular/Male/body_324/body_324/SkeletalMeshes/body_324,LBOD034,Chrome Armor,"A very sturdy, yet light, armor that is forged out of a rare metal."
body_325,325,131,65,25,302,56,38400,0,31,75,,,0,0,0,0,55,20,225,/Game/Characters/Modular/Female/body_325/body_325/SkeletalMeshes/body_325,/Game/Characters/Modular/Male/body_325/body_325/SkeletalMeshes/body_325,LBOD034,Chrome Armor,"A very sturdy, yet light, armor that is forged out of a rare metal."
body_326,326,131,68,26,302,61,38400,0,31,80,,,0,0,0,0,61,20,225,/Game/Characters/Modular/Female/body_326/body_326/SkeletalMeshes/body_326,/Game/Characters/Modular/Male/body_326/body_326/SkeletalMeshes/body_326,LBOD034,Chrome Armor,"A very sturdy, yet light, armor that is forged out of a rare metal."
body_327,327,131,70,28,302,64,38400,0,31,83,,,0,0,0,0,64,20,225,/Game/Characters/Modular/Female/body_327/body_327/SkeletalMeshes/body_327,/Game/Characters/Modular/Male/body_327/body_327/SkeletalMeshes/body_327,LBOD034,Chrome Armor,"A very sturdy, yet light, armor that is forged out of a rare metal."
body_328,328,131,72,26,303,52,69650,0,31,90,,,0,0,0,0,49,20,225,/Game/Characters/Modular/Female/body_328/body_328/SkeletalMeshes/body_328,/Game/Characters/Modular/Male/body_328/body_328/SkeletalMeshes/body_328,LBOD035,Mighty Armor,"A lightweight, but very reliable armor."
body_329,329,131,74,27,303,52,69650,0,31,93,,,0,0,0,0,50,20,225,/Game/Characters/Modular/Female/body_329/body_329/SkeletalMeshes/body_329,/Game/Characters/Modular/Male/body_329/body_329/SkeletalMeshes/body_329,LBOD035,Mighty Armor,"A lightweight, but very reliable armor."
body_330,330,131,76,28,303,52,69650,0,31,96,,,0,0,0,0,50,20,225,/Game/Characters/Modular/Female/body_330/body_330/SkeletalMeshes/body_330,/Game/Characters/Modular/Male/body_330/body_330/SkeletalMeshes/body_330,LBOD035,Mighty Armor,"A lightweight, but very reliable armor."
body_331,331,131,77,30,303,57,69650,0,31,89,,,0,0,0,0,53,20,225,/Game/Characters/Modular/Female/body_331/body_331/SkeletalMeshes/body_331,/Game/Characters/Modular/Male/body_331/body_331/SkeletalMeshes/body_331,LBOD035,Mighty Armor,"A lightweight, but very reliable armor."
body_332,332,131,79,31,303,60,69650,0,31,92,,,0,0,0,0,56,20,225,/Game/Characters/Modular/Female/body_332/body_332/SkeletalMeshes/body_332,/Game/Characters/Modular/Male/body_332/body_332/SkeletalMeshes/body_332,LBOD035,Mighty Armor,"A lightweight, but very reliable armor."
body_333,333,131,80,32,303,63,69650,0,31,95,,,0,0,0,0,60,20,225,/Game/Characters/Modular/Female/body_333/body_333/SkeletalMeshes/body_333,/Game/Characters/Modular/Male/body_333/body_333/SkeletalMeshes/body_333,LBOD035,Mighty Armor,"A lightweight, but very reliable armor."
body_334,334,131,82,33,303,66,69650,0,31,98,,,0,0,0,0,63,20,225,/Game/Characters/Modular/Female/body_334/body_334/SkeletalMeshes/body_334,/Game/Characters/Modular/Male/body_334/body_334/SkeletalMeshes/body_334,LBOD035,Mighty Armor,"A lightweight, but very reliable armor."
body_335,335,131,85,31,304,57,115550,0,31,106,,,0,0,0,0,51,20,225,/Game/Characters/Modular/Female/body_335/body_335/SkeletalMeshes/body_335,/Game/Characters/Modular/Male/body_335/body_335/SkeletalMeshes/body_335,LBOD036,Kurash Armor,"An ornate, yet reliable armor whose splendor even impresses the enemy."
body_336,336,131,87,32,304,57,115550,0,31,109,,,0,0,0,0,51,20,225,/Game/Characters/Modular/Female/body_336/body_336/SkeletalMeshes/body_336,/Game/Characters/Modular/Male/body_336/body_336/SkeletalMeshes/body_336,LBOD036,Kurash Armor,"An ornate, yet reliable armor whose splendor even impresses the enemy."
body_337,337,131,89,34,304,57,115550,0,31,112,,,0,0,0,0,52,20,225,/Game/Characters/Modular/Female/body_337/body_337/SkeletalMeshes/body_337,/Game/Characters/Modular/Male/body_337/body_337/SkeletalMeshes/body_337,LBOD036,Kurash Armor,"An ornate, yet reliable armor whose splendor even impresses the enemy."
body_338,338,131,90,35,304,62,115550,0,31,105,,,0,0,0,0,55,20,225,/Game/Characters/Modular/Female/body_338/body_338/SkeletalMeshes/body_338,/Game/Characters/Modular/Male/body_338/body_338/SkeletalMeshes/body_338,LBOD036,Kurash Armor,"An ornate, yet reliable armor whose splendor even impresses the enemy."
body_339,339,131,92,36,304,65,115550,0,31,108,,,0,0,0,0,58,20,225,/Game/Characters/Modular/Female/body_339/body_339/SkeletalMeshes/body_339,/Game/Characters/Modular/Male/body_339/body_339/SkeletalMeshes/body_339,LBOD036,Kurash Armor,"An ornate, yet reliable armor whose splendor even impresses the enemy."
body_340,340,131,94,38,304,68,115550,0,31,111,,,0,0,0,0,62,20,225,/Game/Characters/Modular/Female/body_340/body_340/SkeletalMeshes/body_340,/Game/Characters/Modular/Male/body_340/body_340/SkeletalMeshes/body_340,LBOD036,Kurash Armor,"An ornate, yet reliable armor whose splendor even impresses the enemy."
body_341,341,131,97,39,304,71,115550,0,31,114,,,0,0,0,0,65,20,225,/Game/Characters/Modular/Female/body_341/body_341/SkeletalMeshes/body_341,/Game/Characters/Modular/Male/body_341/body_341/SkeletalMeshes/body_341,LBOD036,Kurash Armor,"An ornate, yet reliable armor whose splendor even impresses the enemy."
body_342,342,131,100,37,305,62,182600,0,31,122,,,0,0,0,0,53,20,225,/Game/Characters/Modular/Female/body_342/body_342/SkeletalMeshes/body_342,/Game/Characters/Modular/Male/body_342/body_342/SkeletalMeshes/body_342,LBOD037,Plate Armor,The best armor: it is well-designed and excellent in every aspect.
body_343,343,131,102,39,305,62,182600,0,31,125,,,0,0,0,0,53,20,225,/Game/Characters/Modular/Female/body_343/body_343/SkeletalMeshes/body_343,/Game/Characters/Modular/Male/body_343/body_343/SkeletalMeshes/body_343,LBOD037,Plate Armor,The best armor: it is well-designed and excellent in every aspect.
body_344,344,131,104,40,305,62,182600,0,31,128,,,0,0,0,0,54,20,225,/Game/Characters/Modular/Female/body_344/body_344/SkeletalMeshes/body_344,/Game/Characters/Modular/Male/body_344/body_344/SkeletalMeshes/body_344,LBOD037,Plate Armor,The best armor: it is well-designed and excellent in every aspect.
body_345,345,131,105,42,305,67,182600,0,31,121,,,0,0,0,0,57,20,225,/Game/Characters/Modular/Female/body_345/body_345/SkeletalMeshes/body_345,/Game/Characters/Modular/Male/body_345/body_345/SkeletalMeshes/body_345,LBOD037,Plate Armor,The best armor: it is well-designed and excellent in every aspect.
body_346,346,131,107,43,305,70,182600,0,31,124,,,0,0,0,0,60,20,225,/Game/Characters/Modular/Female/body_346/body_346/SkeletalMeshes/body_346,/Game/Characters/Modular/Male/body_346/body_346/SkeletalMeshes/body_346,LBOD037,Plate Armor,The best armor: it is well-designed and excellent in every aspect.
body_347,347,131,109,44,305,73,182600,0,31,127,,,0,0,0,0,64,20,225,/Game/Characters/Modular/Female/body_347/body_347/SkeletalMeshes/body_347,/Game/Characters/Modular/Male/body_347/body_347/SkeletalMeshes/body_347,LBOD037,Plate Armor,The best armor: it is well-designed and excellent in every aspect.
body_348,348,131,112,46,305,76,182600,0,31,130,,,0,0,0,0,67,20,225,/Game/Characters/Modular/Female/body_348/body_348/SkeletalMeshes/body_348,/Game/Characters/Modular/Male/body_348/body_348/SkeletalMeshes/body_348,LBOD037,Plate Armor,The best armor: it is well-designed and excellent in every aspect.
body_349,349,0,0,0,0,0,0,0,,,,,,,,,,,0,/Game/Characters/Modular/Female/body_349/body_349/SkeletalMeshes/body_349,/Game/Characters/Modular/Male/body_349/body_349/SkeletalMeshes/body_349,,,
body_350,350,131,226,120,312,80,350000,0,31,215,,,38,350,19,10,86,20,225,/Game/Characters/Modular/Female/body_350/body_350/SkeletalMeshes/body_350,/Game/Characters/Modular/Male/body_350/body_350/SkeletalMeshes/body_350,LBOD043,Jabberwock Mail,Armor that shimmer freakily like the eyes of a madman.
body_351,351,132,188,160,351,95,350000,0,31,215,,,38,350,18,10,83,20,233,/Game/Characters/Modular/Female/body_351/body_351/SkeletalMeshes/body_351,/Game/Characters/Modular/Male/body_351/body_351/SkeletalMeshes/body_351,LBOD073,Dimple Vest,"A cute, classy vest made by a famous designer."
body_352,352,131,206,122,377,90,350000,0,31,215,,,38,350,26,10,100,20,229,/Game/Characters/Modular/Female/body_352/body_352/SkeletalMeshes/body_352,/Game/Characters/Modular/Male/body_352/body_352/SkeletalMeshes/body_352,LBOD103,Steel Resolve Chest,"Clothes suited to marksmen that live by the one shot, one kill credo."
body_353,353,133,190,117,403,105,350000,0,31,215,,,38,350,18,10,103,20,237,/Game/Characters/Modular/Female/body_353/body_353/SkeletalMeshes/body_353,/Game/Characters/Modular/Male/body_353/body_353/SkeletalMeshes/body_353,LBOD133,Mana Steam Vest,Specialty magic clothes that can directly manipulate Mana.
body_354,354,131,226,120,312,80,350000,0,31,215,,,38,350,18,10,86,20,225,/Game/Characters/Modular/Female/body_354/body_354/SkeletalMeshes/body_354,/Game/Characters/Modular/Male/body_354/body_354/SkeletalMeshes/body_354,LBOD043,Jabberwock Mail,Armor that shimmer freakily like the eyes of a madman.
body_355,355,132,188,160,351,95,350000,0,31,215,,,38,350,29,5,83,20,233,/Game/Characters/Modular/Female/body_355/body_355/SkeletalMeshes/body_355,/Game/Characters/Modular/Male/body_355/body_355/SkeletalMeshes/body_355,LBOD073,Dimple Vest,"A cute, classy vest made by a famous designer."
body_356,356,131,206,122,377,90,350000,0,31,215,,,38,350,18,10,100,20,229,/Game/Characters/Modular/Female/body_356/body_356/SkeletalMeshes/body_356,/Game/Characters/Modular/Male/body_356/body_356/SkeletalMeshes/body_356,LBOD103,Steel Resolve Chest,"Clothes suited to marksmen that live by the one shot, one kill credo."
body_357,357,133,190,117,403,105,350000,0,31,215,,,38,350,26,10,103,20,237,/Game/Characters/Modular/Female/body_357/body_357/SkeletalMeshes/body_357,/Game/Characters/Modular/Male/body_357/body_357/SkeletalMeshes/body_357,LBOD133,Mana Steam Vest,Specialty magic clothes that can directly manipulate Mana.
body_358,358,0,0,0,0,0,0,0,,,,,,,,,,,0,/Game/Characters/Modular/Female/body_358/body_358/SkeletalMeshes/body_358,/Game/Characters/Modular/Male/body_358/body_358/SkeletalMeshes/body_358,,,
body_359,359,131,271,165,3445,76,350000,0,31,235,,,38,575,10,10,100,20,225,/Game/Characters/Modular/Female/body_359/body_359/SkeletalMeshes/body_359,/Game/Characters/Modular/Male/body_359/body_359/SkeletalMeshes/body_359,LBOD359,Viper Cuirass,A lightweight yet strong armor set complete with a gold snakeskin chainmail.
body_360,360,131,281,175,8204,76,350000,0,,,,,38,575,10,50,125,20,225,/Game/Characters/Modular/Female/body_360/body_360/SkeletalMeshes/body_360,/Game/Characters/Modular/Male/body_360/body_360/SkeletalMeshes/body_360,LBOD360,Shadow Viper Cuirass,A lightweight yet strong armor set complete with a gold snakeskin chainmail.
body_361,361,131,281,175,8203,76,350000,0,,,,,38,575,10,50,125,20,225,/Game/Characters/Modular/Female/body_361/body_361/SkeletalMeshes/body_361,/Game/Characters/Modular/Male/body_361/body_361/SkeletalMeshes/body_361,LBOD361,Infernal Viper Cuirass,A lightweight yet strong armor set complete with a gold snakeskin chainmail.
body_362,362,132,233,205,3446,95,350000,0,31,235,,,38,575,12,10,100,20,233,/Game/Characters/Modular/Female/body_362/body_362/SkeletalMeshes/body_362,/Game/Characters/Modular/Male/body_362/body_362/SkeletalMeshes/body_362,LBOD362,Oasis Vest,A lightweight vest enchanted with the power of water.
body_363,363,132,243,215,8206,95,350000,0,,,,,38,575,12,50,125,20,233,/Game/Characters/Modular/Female/body_363/body_363/SkeletalMeshes/body_363,/Game/Characters/Modular/Male/body_363/body_363/SkeletalMeshes/body_363,LBOD363,Shadow Oasis Vest,A lightweight vest enchanted with the power of water.
body_364,364,132,243,215,8205,95,350000,0,,,,,38,575,12,50,125,20,233,/Game/Characters/Modular/Female/body_364/body_364/SkeletalMeshes/body_364,/Game/Characters/Modular/Male/body_364/body_364/SkeletalMeshes/body_364,LBOD364,Infernal Oasis Vest,A lightweight vest enchanted with the power of water.
body_365,365,131,251,167,3447,87,350000,0,31,235,,,38,575,11,10,100,20,229,/Game/Characters/Modular/Female/body_365/body_365/SkeletalMeshes/body_365,/Game/Characters/Modular/Male/body_365/body_365/SkeletalMeshes/body_365,LBOD365,Akela Chest,"Chest of the lone wolf, enchanted with the power of wind."
body_366,366,131,251,167,8208,87,350000,0,,,,,38,575,11,50,125,20,229,/Game/Characters/Modular/Female/body_366/body_366/SkeletalMeshes/body_366,/Game/Characters/Modular/Male/body_366/body_366/SkeletalMeshes/body_366,LBOD366,Shadow Akela Chest,"Chest of the lone wolf, enchanted with the power of wind."
body_367,367,131,271,187,8207,87,350000,0,,,,,38,575,11,50,125,20,229,/Game/Characters/Modular/Female/body_367/body_367/SkeletalMeshes/body_367,/Game/Characters/Modular/Male/body_367/body_367/SkeletalMeshes/body_367,LBOD367,Infernal Akela Chest,"Chest of the lone wolf, enchanted with the power of wind."
body_368,368,133,230,167,3448,105,350000,0,31,235,,,38,575,13,10,100,20,237,/Game/Characters/Modular/Female/body_368/body_368/SkeletalMeshes/body_368,/Game/Characters/Modular/Male/body_368/body_368/SkeletalMeshes/body_368,LBOD368,Matrix Coat,A cloak commonly worn by desert assassins.
body_369,369,133,250,187,8210,105,350000,0,,,,,38,575,13,50,125,20,237,/Game/Characters/Modular/Female/body_369/body_369/SkeletalMeshes/body_369,/Game/Characters/Modular/Male/body_369/body_369/SkeletalMeshes/body_369,LBOD369,Shadow Matrix Coat,A cloak commonly worn by desert assassins.
body_370,370,133,250,187,8209,105,350000,0,,,,,38,575,13,50,125,20,237,/Game/Characters/Modular/Female/body_370/body_370/SkeletalMeshes/body_370,/Game/Characters/Modular/Male/body_370/body_370/SkeletalMeshes/body_370,LBOD370,Infernal Matrix Coat,A cloak commonly worn by desert assassins.
body_371,371,0,0,0,0,0,0,0,,,,,,,,,,,0,/Game/Characters/Modular/Female/body_371/body_371/SkeletalMeshes/body_371,/Game/Characters/Modular/Male/body_371/body_371/SkeletalMeshes/body_371,,,
body_372,372,131,236,130,3393,76,350000,0,31,225,,,38,375,19,10,99,20,225,/Game/Characters/Modular/Female/body_372/body_372/SkeletalMeshes/body_372,/Game/Characters/Modular/Male/body_372/body_372/SkeletalMeshes/body_372,LBOD1000,Obsidian Plate Mail ,NaRose Evolutin Soldier Armor.
body_373,373,132,198,170,3394,95,350000,0,31,225,,,38,375,39,235,96,20,233,/Game/Characters/Modular/Female/body_373/body_373/SkeletalMeshes/body_373,/Game/Characters/Modular/Male/body_373/body_373/SkeletalMeshes/body_373,LBOD1001,Royal Sage Suit ,NaRose Evolutin Muse Armor.
body_374,374,131,216,132,3395,87,350000,0,31,225,,,38,375,22,10,113,20,229,/Game/Characters/Modular/Female/body_374/body_374/SkeletalMeshes/body_374,/Game/Characters/Modular/Male/body_374/body_374/SkeletalMeshes/body_374,LBOD1002,Shadow Fall Sash ,NaRose Evolutin Hawker Armor.
body_375,375,133,210,137,3396,105,350000,0,31,225,,,38,375,15,10,118,20,237,/Game/Characters/Modular/Female/body_375/body_375/SkeletalMeshes/body_375,/Game/Characters/Modular/Male/body_375/body_375/SkeletalMeshes/body_375,LBOD1003,Mana Fusion Suit ,NaRose Evolutin Dealer Armor.
body_376,376,0,0,0,0,0,0,0,,,,,,,,,,,0,/Game/Characters/Modular/Female/body_376/body_376/SkeletalMeshes/body_376,/Game/Characters/Modular/Male/body_376/body_376/SkeletalMeshes/body_376,,,
body_377,377,0,0,0,0,0,0,0,,,,,,,,,,,0,/Game/Characters/Modular/Female/body_377/body_377/SkeletalMeshes/body_377,/Game/Characters/Modular/Male/body_377/body_377/SkeletalMeshes/body_377,,,
body_378,378,0,0,0,0,0,0,0,,,,,,,,,,,0,/Game/Characters/Modular/Female/body_378/body_378/SkeletalMeshes/body_378,/Game/Characters/Modular/Male/body_378/body_378/SkeletalMeshes/body_378,,,
body_379,379,0,0,0,0,0,0,0,,,,,,,,,,,0,/Game/Characters/Modular/Female/body_379/body_379/SkeletalMeshes/body_379,/Game/Characters/Modular/Male/body_379/body_379/SkeletalMeshes/body_379,,,
body_380,380,0,0,0,0,0,0,0,,,,,,,,,,,0,/Game/Characters/Modular/Female/body_380/body_380/SkeletalMeshes/body_380,/Game/Characters/Modular/Male/body_380/body_380/SkeletalMeshes/body_380,,,
body_381,381,0,0,0,0,0,0,0,,,,,,,,,,,0,/Game/Characters/Modular/Female/body_381/body_381/SkeletalMeshes/body_381,/Game/Characters/Modular/Male/body_381/body_381/SkeletalMeshes/body_381,,,
body_382,382,0,0,0,0,0,0,0,,,,,,,,,,,0,/Game/Characters/Modular/Female/body_382/body_382/SkeletalMeshes/body_382,/Game/Characters/Modular/Male/body_382/body_382/SkeletalMeshes/body_382,,,
body_383,383,0,0,0,0,0,0,0,,,,,,,,,,,0,/Game/Characters/Modular/Female/body_383/body_383/SkeletalMeshes/body_383,/Game/Characters/Modular/Male/body_383/body_383/SkeletalMeshes/body_383,,,
body_384,384,0,0,0,0,0,0,0,,,,,,,,,,,0,/Game/Characters/Modular/Female/body_384/body_384/SkeletalMeshes/body_384,/Game/Characters/Modular/Male/body_384/body_384/SkeletalMeshes/body_384,,,
body_385,385,0,0,0,0,0,0,0,,,,,,,,,,,0,/Game/Characters/Modular/Female/body_385/body_385/SkeletalMeshes/body_385,/Game/Characters/Modular/Male/body_385/body_385/SkeletalMeshes/body_385,,,
body_401,401,132,22,12,338,31,3300,0,31,13,,,39,30,0,0,40,10,233,/Game/Characters/Modular/Female/body_401/body_401/SkeletalMeshes/body_401,/Game/Characters/Modular/Male/body_401/body_401/SkeletalMeshes/body_401,LBOD061,Spiritual Vest,"As it brings feelings of calm to its wearer, this armor is ideal for new Muses."
body_402,402,132,23,12,338,31,3300,0,31,16,,,39,30,0,0,40,10,233,/Game/Characters/Modular/Female/body_402/body_402/SkeletalMeshes/body_402,/Game/Characters/Modular/Male/body_402/body_402/SkeletalMeshes/body_402,LBOD061,Spiritual Vest,"As it brings feelings of calm to its wearer, this armor is ideal for new Muses."
body_403,403,132,24,13,338,31,3300,0,31,19,,,39,30,0,0,41,10,233,/Game/Characters/Modular/Female/body_403/body_403/SkeletalMeshes/body_403,/Game/Characters/Modular/Male/body_403/body_403/SkeletalMeshes/body_403,LBOD061,Spiritual Vest,"As it brings feelings of calm to its wearer, this armor is ideal for new Muses."
body_404,404,132,24,14,338,39,3300,0,31,14,,,39,30,0,0,47,10,233,/Game/Characters/Modular/Female/body_404/body_404/SkeletalMeshes/body_404,/Game/Characters/Modular/Male/body_404/body_404/SkeletalMeshes/body_404,LBOD061,Spiritual Vest,"As it brings feelings of calm to its wearer, this armor is ideal for new Muses."
body_405,405,132,26,15,338,43,3300,0,31,18,,,39,30,0,0,52,10,233,/Game/Characters/Modular/Female/body_405/body_405/SkeletalMeshes/body_405,/Game/Characters/Modular/Male/body_405/body_405/SkeletalMeshes/body_405,LBOD061,Spiritual Vest,"As it brings feelings of calm to its wearer, this armor is ideal for new Muses."
body_406,406,132,27,16,338,47,3300,0,31,22,,,39,30,0,0,56,10,233,/Game/Characters/Modular/Female/body_406/body_406/SkeletalMeshes/body_406,/Game/Characters/Modular/Male/body_406/body_406/SkeletalMeshes/body_406,LBOD061,Spiritual Vest,"As it brings feelings of calm to its wearer, this armor is ideal for new Muses."
body_407,407,132,29,17,339,38,9450,0,31,33,,,39,50,0,0,42,10,233,/Game/Characters/Modular/Female/body_407/body_407/SkeletalMeshes/body_407,/Game/Characters/Modular/Male/body_407/body_407/SkeletalMeshes/body_407,LBOD062,Green Vest of Witch,A magic armor that is fairly popular among mages.
body_408,408,132,30,18,339,38,9450,0,31,36,,,39,50,0,0,43,10,233,/Game/Characters/Modular/Female/body_408/body_408/SkeletalMeshes/body_408,/Game/Characters/Modular/Male/body_408/body_408/SkeletalMeshes/body_408,LBOD062,Green Vest of Witch,A magic armor that is fairly popular among mages.
body_409,409,132,31,18,339,38,9450,0,31,39,,,39,50,0,0,43,10,233,/Game/Characters/Modular/Female/body_409/body_409/SkeletalMeshes/body_409,/Game/Characters/Modular/Male/body_409/body_409/SkeletalMeshes/body_409,LBOD062,Green Vest of Witch,A magic armor that is fairly popular among mages.
body_410,410,132,32,19,339,44,9450,0,31,32,,,39,50,0,0,47,10,233,/Game/Characters/Modular/Female/body_410/body_410/SkeletalMeshes/body_410,/Game/Characters/Modular/Male/body_410/body_410/SkeletalMeshes/body_410,LBOD062,Green Vest of Witch,A magic armor that is fairly popular among mages.
body_411,411,132,33,20,339,47,9450,0,31,35,,,39,50,0,0,51,10,233,/Game/Characters/Modular/Female/body_411/body_411/SkeletalMeshes/body_411,/Game/Characters/Modular/Male/body_411/body_411/SkeletalMeshes/body_411,LBOD062,Green Vest of Witch,A magic armor that is fairly popular among mages.
body_412,412,132,35,21,339,52,9450,0,31,40,,,39,50,0,0,56,10,233,/Game/Characters/Modular/Female/body_412/body_412/SkeletalMeshes/body_412,/Game/Characters/Modular/Male/body_412/body_412/SkeletalMeshes/body_412,LBOD062,Green Vest of Witch,A magic armor that is fairly popular among mages.
body_413,413,132,37,22,339,55,9450,0,31,43,,,39,50,0,0,60,10,233,/Game/Characters/Modular/Female/body_413/body_413/SkeletalMeshes/body_413,/Game/Characters/Modular/Male/body_413/body_413/SkeletalMeshes/body_413,LBOD062,Green Vest of Witch,A magic armor that is fairly popular among mages.
body_414,414,132,37,24,340,45,21500,0,31,53,,,39,70,0,0,45,10,233,/Game/Characters/Modular/Female/body_414/body_414/SkeletalMeshes/body_414,/Game/Characters/Modular/Male/body_414/body_414/SkeletalMeshes/body_414,LBOD063,Purple Vest of Witch,A basic armor which is favored by well-experienced mages.
body_415,415,132,39,25,340,45,21500,0,31,56,,,39,70,0,0,45,10,233,/Game/Characters/Modular/Female/body_415/body_415/SkeletalMeshes/body_415,/Game/Characters/Modular/Male/body_415/body_415/SkeletalMeshes/body_415,LBOD063,Purple Vest of Witch,A basic armor which is favored by well-experienced mages.
body_416,416,132,40,26,340,45,21500,0,31,59,,,39,70,0,0,45,10,233,/Game/Characters/Modular/Female/body_416/body_416/SkeletalMeshes/body_416,/Game/Characters/Modular/Male/body_416/body_416/SkeletalMeshes/body_416,LBOD063,Purple Vest of Witch,A basic armor which is favored by well-experienced mages.
body_417,417,132,40,27,340,51,21500,0,31,52,,,39,70,0,0,50,10,233,/Game/Characters/Modular/Female/body_417/body_417/SkeletalMeshes/body_417,/Game/Characters/Modular/Male/body_417/body_417/SkeletalMeshes/body_417,LBOD063,Purple Vest of Witch,A basic armor which is favored by well-experienced mages.
body_418,418,132,42,28,340,54,21500,0,31,55,,,39,70,0,0,53,10,233,/Game/Characters/Modular/Female/body_418/body_418/SkeletalMeshes/body_418,/Game/Characters/Modular/Male/body_418/body_418/SkeletalMeshes/body_418,LBOD063,Purple Vest of Witch,A basic armor which is favored by well-experienced mages.
body_419,419,132,45,29,340,59,21500,0,31,60,,,39,70,0,0,59,10,233,/Game/Characters/Modular/Female/body_419/body_419/SkeletalMeshes/body_419,/Game/Characters/Modular/Male/body_419/body_419/SkeletalMeshes/body_419,LBOD063,Purple Vest of Witch,A basic armor which is favored by well-experienced mages.
body_420,420,132,46,31,340,62,21500,0,31,63,,,39,70,0,0,62,10,233,/Game/Characters/Modular/Female/body_420/body_420/SkeletalMeshes/body_420,/Game/Characters/Modular/Male/body_420/body_420/SkeletalMeshes/body_420,LBOD063,Purple Vest of Witch,A basic armor which is favored by well-experienced mages.
body_421,421,132,48,32,341,51,42650,0,31,73,,,39,90,0,0,47,10,233,/Game/Characters/Modular/Female/body_421/body_421/SkeletalMeshes/body_421,/Game/Characters/Modular/Male/body_421/body_421/SkeletalMeshes/body_421,LBOD064,Violet Dress,A fashionable dress which is favored by powerful mages.
body_422,422,132,49,33,341,51,42650,0,31,76,,,39,90,0,0,48,10,233,/Game/Characters/Modular/Female/body_422/body_422/SkeletalMeshes/body_422,/Game/Characters/Modular/Male/body_422/body_422/SkeletalMeshes/body_422,LBOD064,Violet Dress,A fashionable dress which is favored by powerful mages.
body_423,423,132,51,34,341,51,42650,0,31,79,,,39,90,0,0,48,10,233,/Game/Characters/Modular/Female/body_423/body_423/SkeletalMeshes/body_423,/Game/Characters/Modular/Male/body_423/body_423/SkeletalMeshes/body_423,LBOD064,Violet Dress,A fashionable dress which is favored by powerful mages.
body_424,424,132,51,35,341,57,42650,0,31,72,,,39,90,0,0,52,10,233,/Game/Characters/Modular/Female/body_424/body_424/SkeletalMeshes/body_424,/Game/Characters/Modular/Male/body_424/body_424/SkeletalMeshes/body_424,LBOD064,Violet Dress,A fashionable dress which is favored by powerful mages.
body_425,425,132,53,37,341,60,42650,0,31,75,,,39,90,0,0,55,10,233,/Game/Characters/Modular/Female/body_425/body_425/SkeletalMeshes/body_425,/Game/Characters/Modular/Male/body_425/body_425/SkeletalMeshes/body_425,LBOD064,Violet Dress,A fashionable dress which is favored by powerful mages.
body_426,426,132,56,38,341,65,42650,0,31,80,,,39,90,0,0,61,10,233,/Game/Characters/Modular/Female/body_426/body_426/SkeletalMeshes/body_426,/Game/Characters/Modular/Male/body_426/body_426/SkeletalMeshes/body_426,LBOD064,Violet Dress,A fashionable dress which is favored by powerful mages.
body_427,427,132,58,40,341,68,42650,0,31,83,,,39,90,0,0,64,10,233,/Game/Characters/Modular/Female/body_427/body_427/SkeletalMeshes/body_427,/Game/Characters/Modular/Male/body_427/body_427/SkeletalMeshes/body_427,LBOD064,Violet Dress,A fashionable dress which is favored by powerful mages.
body_428,428,132,57,40,342,57,74550,0,31,90,,,39,108,0,0,49,20,233,/Game/Characters/Modular/Female/body_428/body_428/SkeletalMeshes/body_428,/Game/Characters/Modular/Male/body_428/body_428/SkeletalMeshes/body_428,LBOD065,Coat of Shadow,A coat that is rumored to cover its wearer in shadow.
body_429,429,132,59,41,342,57,74550,0,31,93,,,39,108,0,0,50,20,233,/Game/Characters/Modular/Female/body_429/body_429/SkeletalMeshes/body_429,/Game/Characters/Modular/Male/body_429/body_429/SkeletalMeshes/body_429,LBOD065,Coat of Shadow,A coat that is rumored to cover its wearer in shadow.
body_430,430,132,61,42,342,57,74550,0,31,96,,,39,108,0,0,50,20,233,/Game/Characters/Modular/Female/body_430/body_430/SkeletalMeshes/body_430,/Game/Characters/Modular/Male/body_430/body_430/SkeletalMeshes/body_430,LBOD065,Coat of Shadow,A coat that is rumored to cover its wearer in shadow.
body_431,431,132,62,44,342,62,74550,0,31,89,,,39,108,0,0,53,20,233,/Game/Characters/Modular/Female/body_431/body_431/SkeletalMeshes/body_431,/Game/Characters/Modular/Male/body_431/body_431/SkeletalMeshes/body_431,LBOD065,Coat of Shadow,A coat that is rumored to cover its wearer in shadow.
body_432,432,132,64,45,342,65,74550,0,31,92,,,39,108,0,0,56,20,233,/Game/Characters/Modular/Female/body_432/body_432/SkeletalMeshes/body_432,/Game/Characters/Modular/Male/body_432/body_432/SkeletalMeshes/body_432,LBOD065,Coat of Shadow,A coat that is rumored to cover its wearer in shadow.
body_433,433,132,65,46,342,68,74550,0,31,95,,,39,108,0,0,60,20,233,/Game/Characters/Modular/Female/body_433/body_433/SkeletalMeshes/body_433,/Game/Characters/Modular/Male/body_433/body_433/SkeletalMeshes/body_433,LBOD065,Coat of Shadow,A coat that is rumored to cover its wearer in shadow.
body_434,434,132,67,47,342,71,74550,0,31,98,,,39,108,0,0,63,20,233,/Game/Characters/Modular/Female/body_434/body_434/SkeletalMeshes/body_434,/Game/Characters/Modular/Male/body_434/body_434/SkeletalMeshes/body_434,LBOD065,Coat of Shadow,A coat that is rumored to cover its wearer in shadow.
body_435,435,132,67,48,343,62,116900,0,31,106,,,39,124,0,0,51,20,233,/Game/Characters/Modular/Female/body_435/body_435/SkeletalMeshes/body_435,/Game/Characters/Modular/Male/body_435/body_435/SkeletalMeshes/body_435,LBOD066,Velvet Coat of Witch,A coat containing extremely potent magic that can only be worn by adept magic users.
body_436,436,132,69,49,343,62,116900,0,31,109,,,39,124,0,0,51,20,233,/Game/Characters/Modular/Female/body_436/body_436/SkeletalMeshes/body_436,/Game/Characters/Modular/Male/body_436/body_436/SkeletalMeshes/body_436,LBOD066,Velvet Coat of Witch,A coat containing extremely potent magic that can only be worn by adept magic users.
body_437,437,132,71,51,343,62,116900,0,31,112,,,39,124,0,0,52,20,233,/Game/Characters/Modular/Female/body_437/body_437/SkeletalMeshes/body_437,/Game/Characters/Modular/Male/body_437/body_437/SkeletalMeshes/body_437,LBOD066,Velvet Coat of Witch,A coat containing extremely potent magic that can only be worn by adept magic users.
body_438,438,132,72,52,343,67,116900,0,31,105,,,39,124,0,0,55,20,233,/Game/Characters/Modular/Female/body_438/body_438/SkeletalMeshes/body_438,/Game/Characters/Modular/Male/body_438/body_438/SkeletalMeshes/body_438,LBOD066,Velvet Coat of Witch,A coat containing extremely potent magic that can only be worn by adept magic users.
body_439,439,132,74,53,343,70,116900,0,31,108,,,39,124,0,0,58,20,233,/Game/Characters/Modular/Female/body_439/body_439/SkeletalMeshes/body_439,/Game/Characters/Modular/Male/body_439/body_439/SkeletalMeshes/body_439,LBOD066,Velvet Coat of Witch,A coat containing extremely potent magic that can only be worn by adept magic users.
body_440,440,132,76,55,343,73,116900,0,31,111,,,39,124,0,0,62,20,233,/Game/Characters/Modular/Female/body_440/body_440/SkeletalMeshes/body_440,/Game/Characters/Modular/Male/body_440/body_440/SkeletalMeshes/body_440,LBOD066,Velvet Coat of Witch,A coat containing extremely potent magic that can only be worn by adept magic users.
body_441,441,132,79,56,343,76,116900,0,31,114,,,39,124,0,0,65,20,233,/Game/Characters/Modular/Female/body_441/body_441/SkeletalMeshes/body_441,/Game/Characters/Modular/Male/body_441/body_441/SkeletalMeshes/body_441,LBOD066,Velvet Coat of Witch,A coat containing extremely potent magic that can only be worn by adept magic users.
body_442,442,132,78,57,344,68,178650,0,31,122,,,39,140,0,0,53,20,233,/Game/Characters/Modular/Female/body_442/body_442/SkeletalMeshes/body_442,/Game/Characters/Modular/Male/body_442/body_442/SkeletalMeshes/body_442,LBOD067,Heaven's Coat,A coat said to have been worn by those descended from the heavens.
body_443,443,132,80,59,344,68,178650,0,31,125,,,39,140,0,0,53,20,233,/Game/Characters/Modular/Female/body_443/body_443/SkeletalMeshes/body_443,/Game/Characters/Modular/Male/body_443/body_443/SkeletalMeshes/body_443,LBOD067,Heaven's Coat,A coat said to have been worn by those descended from the heavens.
body_444,444,132,82,60,344,68,178650,0,31,128,,,39,140,0,0,54,20,233,/Game/Characters/Modular/Female/body_444/body_444/SkeletalMeshes/body_444,/Game/Characters/Modular/Male/body_444/body_444/SkeletalMeshes/body_444,LBOD067,Heaven's Coat,A coat said to have been worn by those descended from the heavens.
body_445,445,132,83,62,344,73,178650,0,31,121,,,39,140,0,0,57,20,233,/Game/Characters/Modular/Female/body_445/body_445/SkeletalMeshes/body_445,/Game/Characters/Modular/Male/body_445/body_445/SkeletalMeshes/body_445,LBOD067,Heaven's Coat,A coat said to have been worn by those descended from the heavens.
body_446,446,132,85,63,344,76,178650,0,31,124,,,39,140,0,0,60,20,233,/Game/Characters/Modular/Female/body_446/body_446/SkeletalMeshes/body_446,/Game/Characters/Modular/Male/body_446/body_446/SkeletalMeshes/body_446,LBOD067,Heaven's Coat,A coat said to have been worn by those descended from the heavens.
body_447,447,132,87,64,344,79,178650,0,31,127,,,39,140,0,0,64,20,233,/Game/Characters/Modular/Female/body_447/body_447/SkeletalMeshes/body_447,/Game/Characters/Modular/Male/body_447/body_447/SkeletalMeshes/body_447,LBOD067,Heaven's Coat,A coat said to have been worn by those descended from the heavens.
body_448,448,132,90,66,344,82,178650,0,31,130,,,39,140,0,0,67,20,233,/Game/Characters/Modular/Female/body_448/body_448/SkeletalMeshes/body_448,/Game/Characters/Modular/Male/body_448/body_448/SkeletalMeshes/body_448,LBOD067,Heaven's Coat,A coat said to have been worn by those descended from the heavens.
body_449,449,0,0,0,0,0,0,0,,,,,,,,,,,0,/Game/Characters/Modular/Female/body_449/body_449/SkeletalMeshes/body_449,/Game/Characters/Modular/Male/body_449/body_449/SkeletalMeshes/body_449,,,
body_450,450,131,281,175,2517,99,100000,0,,,,,20,40,10,30,125,20,229,/Game/Characters/Modular/Female/body_450/body_450/SkeletalMeshes/body_450,/Game/Characters/Modular/Male/body_450/body_450/SkeletalMeshes/body_450,LBOD450,Ravenlock Armor,Ravenlock Armor
body_451,451,131,281,175,2517,99,100000,0,,,,,18,40,10,30,125,20,229,/Game/Characters/Modular/Female/body_451/body_451/SkeletalMeshes/body_451,/Game/Characters/Modular/Male/body_451/body_451/SkeletalMeshes/body_451,LBOD451,Royal Guard Armor,Royal Guard Armor
body_452,452,132,243,215,2517,99,100000,0,,,,,20,40,12,30,125,20,229,/Game/Characters/Modular/Female/body_452/body_452/SkeletalMeshes/body_452,/Game/Characters/Modular/Male/body_452/body_452/SkeletalMeshes/body_452,LBOD452,Earth Fairy Vest,Earth Fairy Vest
body_453,453,132,243,215,2517,99,100000,0,,,,,18,40,12,30,125,20,229,/Game/Characters/Modular/Female/body_453/body_453/SkeletalMeshes/body_453,/Game/Characters/Modular/Male/body_453/body_453/SkeletalMeshes/body_453,LBOD453,Water Fairy Vest,Water Fairy Vest
body_454,454,132,243,215,2517,99,100000,0,,,,,20,40,12,30,125,20,229,/Game/Characters/Modular/Female/body_454/body_454/SkeletalMeshes/body_454,/Game/Characters/Modular/Male/body_454/body_454/SkeletalMeshes/body_454,LBOD454,Shao Monk Vest,Shao Monk Vest
body_455,455,132,243,215,2517,99,100000,0,,,,,18,40,12,30,125,20,229,/Game/Characters/Modular/Female/body_455/body_455/SkeletalMeshes/body_455,/Game/Characters/Modular/Male/body_455/body_455/SkeletalMeshes/body_455,LBOD455,Tao Monk Vest,Tao Monk Vest
body_456,456,132,243,215,2517,99,100000,0,,,,,22,50,11,30,125,20,229,/Game/Characters/Modular/Female/body_456/body_456/SkeletalMeshes/body_456,/Game/Characters/Modular/Male/body_456/body_456/SkeletalMeshes/body_456,LBOD456,Windweaver Vest,Windweaver Vest
body_457,457,132,243,215,2517,99,100000,0,,,,,22,50,11,30,125,20,229,/Game/Characters/Modular/Female/body_457/body_457/SkeletalMeshes/body_457,/Game/Characters/Modular/Male/body_457/body_457/SkeletalMeshes/body_457,LBOD457,Sandbender Vest,Sandbender Vest
body_458,458,132,243,215,2517,99,100000,0,,,,,20,40,12,30,125,20,229,/Game/Characters/Modular/Female/body_458/body_458/SkeletalMeshes/body_458,/Game/Characters/Modular/Male/body_458/body_458/SkeletalMeshes/body_458,LBOD458,Battlemage Armor,Battlemage Armor
body_459,459,132,243,215,2517,99,100000,0,,,,,18,40,12,30,125,20,229,/Game/Characters/Modular/Female/body_459/body_459/SkeletalMeshes/body_459,/Game/Characters/Modular/Male/body_459/body_459/SkeletalMeshes/body_459,LBOD459,Battlecleric Armor,Battlecleric Armor
body_460,460,131,251,167,2517,99,100000,0,,,,,20,40,11,30,125,20,229,/Game/Characters/Modular/Female/body_460/body_460/SkeletalMeshes/body_460,/Game/Characters/Modular/Male/body_460/body_460/SkeletalMeshes/body_460,LBOD460,Niteshade Armor,Niteshade Armor
body_461,461,131,251,167,2517,99,100000,0,,,,,18,40,11,30,125,20,229,/Game/Characters/Modular/Female/body_461/body_461/SkeletalMeshes/body_461,/Game/Characters/Modular/Male/body_461/body_461/SkeletalMeshes/body_461,LBOD461,Poisonshade Armor,Poisonshade Armor
body_462,462,131,281,175,2517,99,100000,0,,,,,20,40,10,30,125,20,229,/Game/Characters/Modular/Female/body_462/body_462/SkeletalMeshes/body_462,/Game/Characters/Modular/Male/body_462/body_462/SkeletalMeshes/body_462,LBOD462,Mithril Armor,Mithril Armor
body_463,463,131,281,175,2517,99,100000,0,,,,,18,40,10,30,125,20,229,/Game/Characters/Modular/Female/body_463/body_463/SkeletalMeshes/body_463,/Game/Characters/Modular/Male/body_463/body_463/SkeletalMeshes/body_463,LBOD463,Adamantium Armor,Adamantium Armor
body_464,464,131,251,167,2517,99,100000,0,,,,,20,40,11,30,125,20,229,/Game/Characters/Modular/Female/body_464/body_464/SkeletalMeshes/body_464,/Game/Characters/Modular/Male/body_464/body_464/SkeletalMeshes/body_464,LBOD464,Mysthowl Armor,Mysthowl Armor
body_465,465,131,251,167,2517,99,100000,0,,,,,18,40,11,30,125,20,229,/Game/Characters/Modular/Female/body_465/body_465/SkeletalMeshes/body_465,/Game/Characters/Modular/Male/body_465/body_465/SkeletalMeshes/body_465,LBOD465,Nighthowl Armor,Nighthowl Armor
body_466,466,131,281,175,2517,99,100000,0,,,,,20,40,10,30,125,20,229,/Game/Characters/Modular/Female/body_466/body_466/SkeletalMeshes/body_466,/Game/Characters/Modular/Male/body_466/body_466/SkeletalMeshes/body_466,LBOD466,Ironking Armor,Ironking Armor
body_467,467,131,281,175,2517,99,100000,0,,,,,18,40,10,30,125,20,229,/Game/Characters/Modular/Female/body_467/body_467/SkeletalMeshes/body_467,/Game/Characters/Modular/Male/body_467/body_467/SkeletalMeshes/body_467,LBOD467,Skyking Armor,Skyking Armor
body_468,468,132,243,215,2517,99,100000,0,,,,,20,40,12,30,125,20,229,/Game/Characters/Modular/Female/body_468/body_468/SkeletalMeshes/body_468,/Game/Characters/Modular/Male/body_468/body_468/SkeletalMeshes/body_468,LBOD468,Jeastral Suit,Jeastral Suit
body_469,469,132,243,215,2517,99,100000,0,,,,,18,40,12,30,125,20,229,/Game/Characters/Modular/Female/body_469/body_469/SkeletalMeshes/body_469,/Game/Characters/Modular/Male/body_469/body_469/SkeletalMeshes/body_469,LBOD469,Witchdoctor Suit,Witchdoctor Suit
body_470,470,132,243,215,2517,99,100000,0,,,,,20,40,12,30,125,20,229,/Game/Characters/Modular/Female/body_470/body_470/SkeletalMeshes/body_470,/Game/Characters/Modular/Male/body_470/body_470/SkeletalMeshes/body_470,LBOD470,Kao Monk Vest,Kao Monk Vest
body_471,471,132,243,215,2517,99,100000,0,,,,,18,40,12,30,125,20,229,/Game/Characters/Modular/Female/body_471/body_471/SkeletalMeshes/body_471,/Game/Characters/Modular/Male/body_471/body_471/SkeletalMeshes/body_471,LBOD471,Zho Monk Vest,Zho Monk Vest
body_472,472,131,281,175,2517,99,100000,0,,,,,20,40,10,30,125,20,229,/Game/Characters/Modular/Female/body_472/body_472/SkeletalMeshes/body_472,/Game/Characters/Modular/Male/body_472/body_472/SkeletalMeshes/body_472,LBOD472,Yojimbo Vest,Yojimbo Vest
body_473,473,131,281,175,2517,99,100000,0,,,,,18,40,10,30,125,20,229,/Game/Characters/Modular/Female/body_473/body_473/SkeletalMeshes/body_473,/Game/Characters/Modular/Male/body_473/body_473/SkeletalMeshes/body_473,LBOD473,Zenmari Vest,Zenmari Vest
body_474,474,132,243,215,2517,99,100000,0,,,,,20,40,12,30,125,20,229,/Game/Characters/Modular/Female/body_474/body_474/SkeletalMeshes/body_474,/Game/Characters/Modular/Male/body_474/body_474/SkeletalMeshes/body_474,LBOD474,Dress Suit,Dress Suit
body_475,475,131,251,167,2517,99,100000,0,,,,,18,40,11,30,125,20,229,/Game/Characters/Modular/Female/body_475/body_475/SkeletalMeshes/body_475,/Game/Characters/Modular/Male/body_475/body_475/SkeletalMeshes/body_475,LBOD475,Kitsune Robe,Kitsune Robe
body_476,476,131,281,175,2517,99,100000,0,,,,,20,40,10,30,125,20,229,/Game/Characters/Modular/Female/body_476/body_476/SkeletalMeshes/body_476,/Game/Characters/Modular/Male/body_476/body_476/SkeletalMeshes/body_476,LBOD476,Flight Attendant Suit,Flight Attendant Suit
body_477,477,133,281,175,2517,99,100000,0,,,,,18,40,13,30,125,20,229,/Game/Characters/Modular/Female/body_477/body_477/SkeletalMeshes/body_477,/Game/Characters/Modular/Male/body_477/body_477/SkeletalMeshes/body_477,LBOD477,Wish Police Suit,Wish Police Suit
body_478,478,133,281,175,2517,99,100000,0,,,,,18,40,13,30,125,20,229,/Game/Characters/Modular/Female/body_478/body_478/SkeletalMeshes/body_478,/Game/Characters/Modular/Male/body_478/body_478/SkeletalMeshes/body_478,LBOD478,Bandit Cat Suit,Bandit Cat Suit
body_479,479,131,281,175,2517,99,100000,0,,,,,20,40,10,30,125,20,229,/Game/Characters/Modular/Female/body_479/body_479/SkeletalMeshes/body_479,/Game/Characters/Modular/Male/body_479/body_479/SkeletalMeshes/body_479,LBOD479,Tigra Suit,Tigra Suit
body_480,480,133,281,175,2517,99,100000,0,,,,,18,40,13,30,125,20,229,/Game/Characters/Modular/Female/body_480/body_480/SkeletalMeshes/body_480,/Game/Characters/Modular/Male/body_480/body_480/SkeletalMeshes/body_480,LBOD480,Flame Racer Suit,Flame Racer Suit
body_481,481,133,281,175,2517,99,100000,0,,,,,18,40,13,30,125,20,229,/Game/Characters/Modular/Female/body_481/body_481/SkeletalMeshes/body_481,/Game/Characters/Modular/Male/body_481/body_481/SkeletalMeshes/body_481,LBOD481,Tropical Summer Look,Tropical Summer Look
body_482,482,131,281,175,2517,99,100000,0,,,,,20,40,10,30,125,20,229,/Game/Characters/Modular/Female/body_482/body_482/SkeletalMeshes/body_482,/Game/Characters/Modular/Male/body_482/body_482/SkeletalMeshes/body_482,LBOD482,Tapdance Suit,Tapdance Suit
body_483,483,131,251,167,2517,99,100000,0,,,,,20,40,11,30,125,20,229,/Game/Characters/Modular/Female/body_483/body_483/SkeletalMeshes/body_483,/Game/Characters/Modular/Male/body_483/body_483/SkeletalMeshes/body_483,LBOD483,Dracula Suit,Dracula Suit
body_484,484,131,251,167,2517,99,100000,0,,,,,20,40,11,30,125,20,229,/Game/Characters/Modular/Female/body_484/body_484/SkeletalMeshes/body_484,/Game/Characters/Modular/Male/body_484/body_484/SkeletalMeshes/body_484,LBOD484,Scout Suit,Scout Suit
body_485,485,133,281,175,2517,99,100000,0,,,,,18,40,13,30,125,20,229,/Game/Characters/Modular/Female/body_485/body_485/SkeletalMeshes/body_485,/Game/Characters/Modular/Male/body_485/body_485/SkeletalMeshes/body_485,LBOD485,Silly Santa Suit,Silly Santa Suit
body_486,486,133,281,175,2517,99,100000,0,,,,,19,40,13,30,125,20,229,/Game/Characters/Modular/Female/body_486/body_486/SkeletalMeshes/body_486,/Game/Characters/Modular/Male/body_486/body_486/SkeletalMeshes/body_486,LBOD486,Outrageous Pink Suit,Outrageous Pink Suit
body_487,487,131,251,167,2517,99,100000,0,,,,,18,40,11,30,125,20,229,/Game/Characters/Modular/Female/body_487/body_487/SkeletalMeshes/body_487,/Game/Characters/Modular/Male/body_487/body_487/SkeletalMeshes/body_487,LBOD487,Kittycon Robe,Kittycon Robe
body_488,488,133,281,175,2517,99,100000,0,,,,,19,40,13,30,125,20,229,/Game/Characters/Modular/Female/body_488/body_488/SkeletalMeshes/body_488,/Game/Characters/Modular/Male/body_488/body_488/SkeletalMeshes/body_488,LBOD488,Mountainman Coat,Mountainman Coat
body_489,489,131,281,175,2517,99,100000,0,,,,,19,40,10,30,125,20,229,/Game/Characters/Modular/Female/body_489/body_489/SkeletalMeshes/body_489,/Game/Characters/Modular/Male/body_489/body_489/SkeletalMeshes/body_489,LBOD489,Brittish Guard Suit,Brittish Guard Suit
body_490,490,131,251,167,2517,99,100000,0,,,,,20,40,11,30,125,20,229,/Game/Characters/Modular/Female/body_490/body_490/SkeletalMeshes/body_490,/Game/Characters/Modular/Male/body_490/body_490/SkeletalMeshes/body_490,LBOD490,Fox Look,Fox Look
body_491,491,132,243,215,2517,99,100000,0,,,,,18,40,12,30,125,20,229,/Game/Characters/Modular/Female/body_491/body_491/SkeletalMeshes/body_491,/Game/Characters/Modular/Male/body_491/body_491/SkeletalMeshes/body_491,LBOD491,Earth Bender Suit,Earth Bender Suit
body_492,492,133,281,175,2517,99,100000,0,,,,,18,40,13,30,125,20,229,/Game/Characters/Modular/Female/body_492/body_492/SkeletalMeshes/body_492,/Game/Characters/Modular/Male/body_492/body_492/SkeletalMeshes/body_492,LBOD492,DJ Snow Coat,DJ Snow Coat
body_493,493,132,243,215,2517,99,100000,0,,,,,20,40,12,30,125,20,229,/Game/Characters/Modular/Female/body_493/body_493/SkeletalMeshes/body_493,/Game/Characters/Modular/Male/body_493/body_493/SkeletalMeshes/body_493,LBOD493,Furry Fury Suit,Furry Fury Suit
body_494,494,131,251,167,2517,99,100000,0,,,,,18,40,11,30,125,20,229,/Game/Characters/Modular/Female/body_494/body_494/SkeletalMeshes/body_494,/Game/Characters/Modular/Male/body_494/body_494/SkeletalMeshes/body_494,LBOD494,Crow Suit,Crow Suit
body_495,495,132,243,215,2517,99,100000,0,,,,,20,40,12,30,125,20,229,/Game/Characters/Modular/Female/body_495/body_495/SkeletalMeshes/body_495,/Game/Characters/Modular/Male/body_495/body_495/SkeletalMeshes/body_495,LBOD495,Fireprysm Suit,Fireprysm Suit
body_501,501,131,25,7,364,33,3150,0,31,13,,,0,0,0,0,40,15,229,/Game/Characters/Modular/Female/body_501/body_501/SkeletalMeshes/body_501,/Game/Characters/Modular/Male/body_501/body_501/SkeletalMeshes/body_501,LBOD091,Hunter Chest,A basic armor for hawkers.
body_502,502,131,26,7,364,33,3150,0,31,16,,,0,0,0,0,40,15,229,/Game/Characters/Modular/Female/body_502/body_502/SkeletalMeshes/body_502,/Game/Characters/Modular/Male/body_502/body_502/SkeletalMeshes/body_502,LBOD091,Hunter Chest,A basic armor for hawkers.
body_503,503,131,27,8,364,33,3150,0,31,19,,,0,0,0,0,41,15,229,/Game/Characters/Modular/Female/body_503/body_503/SkeletalMeshes/body_503,/Game/Characters/Modular/Male/body_503/body_503/SkeletalMeshes/body_503,LBOD091,Hunter Chest,A basic armor for hawkers.
body_504,504,131,27,9,364,41,3150,0,31,14,,,0,0,0,0,47,15,229,/Game/Characters/Modular/Female/body_504/body_504/SkeletalMeshes/body_504,/Game/Characters/Modular/Male/body_504/body_504/SkeletalMeshes/body_504,LBOD091,Hunter Chest,A basic armor for hawkers.
body_505,505,131,29,10,364,45,3150,0,31,18,,,0,0,0,0,52,15,229,/Game/Characters/Modular/Female/body_505/body_505/SkeletalMeshes/body_505,/Game/Characters/Modular/Male/body_505/body_505/SkeletalMeshes/body_505,LBOD091,Hunter Chest,A basic armor for hawkers.
body_506,506,131,30,11,364,49,3150,0,31,22,,,0,0,0,0,56,15,229,/Game/Characters/Modular/Female/body_506/body_506/SkeletalMeshes/body_506,/Game/Characters/Modular/Male/body_506/body_506/SkeletalMeshes/body_506,LBOD091,Hunter Chest,A basic armor for hawkers.
body_507,507,131,33,12,365,40,8600,0,31,33,,,0,0,0,0,42,15,229,/Game/Characters/Modular/Female/body_507/body_507/SkeletalMeshes/body_507,/Game/Characters/Modular/Male/body_507/body_507/SkeletalMeshes/body_507,LBOD092,Criker Chest,A lightweight armor that is suitable for hunting.
body_508,508,131,34,13,365,40,8600,0,31,36,,,0,0,0,0,43,15,229,/Game/Characters/Modular/Female/body_508/body_508/SkeletalMeshes/body_508,/Game/Characters/Modular/Male/body_508/body_508/SkeletalMeshes/body_508,LBOD092,Criker Chest,A lightweight armor that is suitable for hunting.
body_509,509,131,35,13,365,40,8600,0,31,39,,,0,0,0,0,43,15,229,/Game/Characters/Modular/Female/body_509/body_509/SkeletalMeshes/body_509,/Game/Characters/Modular/Male/body_509/body_509/SkeletalMeshes/body_509,LBOD092,Criker Chest,A lightweight armor that is suitable for hunting.
body_510,510,131,36,14,365,46,8600,0,31,32,,,0,0,0,0,47,15,229,/Game/Characters/Modular/Female/body_510/body_510/SkeletalMeshes/body_510,/Game/Characters/Modular/Male/body_510/body_510/SkeletalMeshes/body_510,LBOD092,Criker Chest,A lightweight armor that is suitable for hunting.
body_511,511,131,37,15,365,49,8600,0,31,35,,,0,0,0,0,51,15,229,/Game/Characters/Modular/Female/body_511/body_511/SkeletalMeshes/body_511,/Game/Characters/Modular/Male/body_511/body_511/SkeletalMeshes/body_511,LBOD092,Criker Chest,A lightweight armor that is suitable for hunting.
body_512,512,131,39,16,365,54,8600,0,31,40,,,0,0,0,0,56,15,229,/Game/Characters/Modular/Female/body_512/body_512/SkeletalMeshes/body_512,/Game/Characters/Modular/Male/body_512/body_512/SkeletalMeshes/body_512,LBOD092,Criker Chest,A lightweight armor that is suitable for hunting.
body_513,513,131,41,17,365,57,8600,0,31,43,,,0,0,0,0,60,15,229,/Game/Characters/Modular/Female/body_513/body_513/SkeletalMeshes/body_513,/Game/Characters/Modular/Male/body_513/body_513/SkeletalMeshes/body_513,LBOD092,Criker Chest,A lightweight armor that is suitable for hunting.
body_514,514,131,43,17,366,47,20300,0,31,53,,,0,0,0,0,45,15,229,/Game/Characters/Modular/Female/body_514/body_514/SkeletalMeshes/body_514,/Game/Characters/Modular/Male/body_514/body_514/SkeletalMeshes/body_514,LBOD093,Ranger Chest,A fashionable armor for well-experienced hunters.
body_515,515,131,45,18,366,47,20300,0,31,56,,,0,0,0,0,45,15,229,/Game/Characters/Modular/Female/body_515/body_515/SkeletalMeshes/body_515,/Game/Characters/Modular/Male/body_515/body_515/SkeletalMeshes/body_515,LBOD093,Ranger Chest,A fashionable armor for well-experienced hunters.
body_516,516,131,46,19,366,47,20300,0,31,59,,,0,0,0,0,45,15,229,/Game/Characters/Modular/Female/body_516/body_516/SkeletalMeshes/body_516,/Game/Characters/Modular/Male/body_516/body_516/SkeletalMeshes/body_516,LBOD093,Ranger Chest,A fashionable armor for well-experienced hunters.
body_517,517,131,46,20,366,53,20300,0,31,52,,,0,0,0,0,50,15,229,/Game/Characters/Modular/Female/body_517/body_517/SkeletalMeshes/body_517,/Game/Characters/Modular/Male/body_517/body_517/SkeletalMeshes/body_517,LBOD093,Ranger Chest,A fashionable armor for well-experienced hunters.
body_518,518,131,48,21,366,56,20300,0,31,55,,,0,0,0,0,53,15,229,/Game/Characters/Modular/Female/body_518/body_518/SkeletalMeshes/body_518,/Game/Characters/Modular/Male/body_518/body_518/SkeletalMeshes/body_518,LBOD093,Ranger Chest,A fashionable armor for well-experienced hunters.
body_519,519,131,51,22,366,61,20300,0,31,60,,,0,0,0,0,59,15,229,/Game/Characters/Modular/Female/body_519/body_519/SkeletalMeshes/body_519,/Game/Characters/Modular/Male/body_519/body_519/SkeletalMeshes/body_519,LBOD093,Ranger Chest,A fashionable armor for well-experienced hunters.
body_520,520,131,52,24,366,64,20300,0,31,63,,,0,0,0,0,62,15,229,/Game/Characters/Modular/Female/body_520/body_520/SkeletalMeshes/body_520,/Game/Characters/Modular/Male/body_520/body_520/SkeletalMeshes/body_520,LBOD093,Ranger Chest,A fashionable armor for well-experienced hunters.
body_521,521,131,56,24,367,54,43550,0,31,73,,,0,0,0,0,47,15,229,/Game/Characters/Modular/Female/body_521/body_521/SkeletalMeshes/body_521,/Game/Characters/Modular/Male/body_521/body_521/SkeletalMeshes/body_521,LBOD094,Black Pirate Armor,A set of armor that is favored by pirates of the black sea.
body_522,522,131,57,25,367,54,43550,0,31,76,,,0,0,0,0,48,15,229,/Game/Characters/Modular/Female/body_522/body_522/SkeletalMeshes/body_522,/Game/Characters/Modular/Male/body_522/body_522/SkeletalMeshes/body_522,LBOD094,Black Pirate Armor,A set of armor that is favored by pirates of the black sea.
body_523,523,131,59,26,367,54,43550,0,31,79,,,0,0,0,0,48,15,229,/Game/Characters/Modular/Female/body_523/body_523/SkeletalMeshes/body_523,/Game/Characters/Modular/Male/body_523/body_523/SkeletalMeshes/body_523,LBOD094,Black Pirate Armor,A set of armor that is favored by pirates of the black sea.
body_524,524,131,59,27,367,60,43550,0,31,72,,,0,0,0,0,52,15,229,/Game/Characters/Modular/Female/body_524/body_524/SkeletalMeshes/body_524,/Game/Characters/Modular/Male/body_524/body_524/SkeletalMeshes/body_524,LBOD094,Black Pirate Armor,A set of armor that is favored by pirates of the black sea.
body_525,525,131,61,29,367,63,43550,0,31,75,,,0,0,0,0,55,15,229,/Game/Characters/Modular/Female/body_525/body_525/SkeletalMeshes/body_525,/Game/Characters/Modular/Male/body_525/body_525/SkeletalMeshes/body_525,LBOD094,Black Pirate Armor,A set of armor that is favored by pirates of the black sea.
body_526,526,131,64,30,367,68,43550,0,31,80,,,0,0,0,0,61,15,229,/Game/Characters/Modular/Female/body_526/body_526/SkeletalMeshes/body_526,/Game/Characters/Modular/Male/body_526/body_526/SkeletalMeshes/body_526,LBOD094,Black Pirate Armor,A set of armor that is favored by pirates of the black sea.
body_527,527,131,66,32,367,71,43550,0,31,83,,,0,0,0,0,64,15,229,/Game/Characters/Modular/Female/body_527/body_527/SkeletalMeshes/body_527,/Game/Characters/Modular/Male/body_527/body_527/SkeletalMeshes/body_527,LBOD094,Black Pirate Armor,A set of armor that is favored by pirates of the black sea.
body_528,528,131,68,30,368,60,80900,0,31,90,,,0,0,0,0,49,20,229,/Game/Characters/Modular/Female/body_528/body_528/SkeletalMeshes/body_528,/Game/Characters/Modular/Male/body_528/body_528/SkeletalMeshes/body_528,LBOD095,Marinerâ??s Look,A set of armor for people who love sailing.
body_529,529,131,70,31,368,60,80900,0,31,93,,,0,0,0,0,50,20,229,/Game/Characters/Modular/Female/body_529/body_529/SkeletalMeshes/body_529,/Game/Characters/Modular/Male/body_529/body_529/SkeletalMeshes/body_529,LBOD095,Marinerâ??s Look,A set of armor for people who love sailing.
body_530,530,131,72,32,368,60,80900,0,31,96,,,0,0,0,0,50,20,229,/Game/Characters/Modular/Female/body_530/body_530/SkeletalMeshes/body_530,/Game/Characters/Modular/Male/body_530/body_530/SkeletalMeshes/body_530,LBOD095,Marinerâ??s Look,A set of armor for people who love sailing.
body_531,531,131,73,34,368,65,80900,0,31,89,,,0,0,0,0,53,20,229,/Game/Characters/Modular/Female/body_531/body_531/SkeletalMeshes/body_531,/Game/Characters/Modular/Male/body_531/body_531/SkeletalMeshes/body_531,LBOD095,Marinerâ??s Look,A set of armor for people who love sailing.
body_532,532,131,75,35,368,68,80900,0,31,92,,,0,0,0,0,56,20,229,/Game/Characters/Modular/Female/body_532/body_532/SkeletalMeshes/body_532,/Game/Characters/Modular/Male/body_532/body_532/SkeletalMeshes/body_532,LBOD095,Marinerâ??s Look,A set of armor for people who love sailing.
body_533,533,131,76,36,368,71,80900,0,31,95,,,0,0,0,0,60,20,229,/Game/Characters/Modular/Female/body_533/body_533/SkeletalMeshes/body_533,/Game/Characters/Modular/Male/body_533/body_533/SkeletalMeshes/body_533,LBOD095,Marinerâ??s Look,A set of armor for people who love sailing.
body_534,534,131,78,37,368,74,80900,0,31,98,,,0,0,0,0,63,20,229,/Game/Characters/Modular/Female/body_534/body_534/SkeletalMeshes/body_534,/Game/Characters/Modular/Male/body_534/body_534/SkeletalMeshes/body_534,LBOD095,Marinerâ??s Look,A set of armor for people who love sailing.
body_535,535,131,80,37,369,65,130050,0,31,106,,,0,0,0,0,51,20,229,/Game/Characters/Modular/Female/body_535/body_535/SkeletalMeshes/body_535,/Game/Characters/Modular/Male/body_535/body_535/SkeletalMeshes/body_535,LBOD096,Jaguar Chest ,A set of armor that enables its wearer to move as quickly as a jaguar.
body_536,536,131,82,38,369,65,130050,0,31,109,,,0,0,0,0,51,20,229,/Game/Characters/Modular/Female/body_536/body_536/SkeletalMeshes/body_536,/Game/Characters/Modular/Male/body_536/body_536/SkeletalMeshes/body_536,LBOD096,Jaguar Chest ,A set of armor that enables its wearer to move as quickly as a jaguar.
body_537,537,131,84,40,369,65,130050,0,31,112,,,0,0,0,0,52,20,229,/Game/Characters/Modular/Female/body_537/body_537/SkeletalMeshes/body_537,/Game/Characters/Modular/Male/body_537/body_537/SkeletalMeshes/body_537,LBOD096,Jaguar Chest ,A set of armor that enables its wearer to move as quickly as a jaguar.
body_538,538,131,85,41,369,70,130050,0,31,105,,,0,0,0,0,55,20,229,/Game/Characters/Modular/Female/body_538/body_538/SkeletalMeshes/body_538,/Game/Characters/Modular/Male/body_538/body_538/SkeletalMeshes/body_538,LBOD096,Jaguar Chest ,A set of armor that enables its wearer to move as quickly as a jaguar.
body_539,539,131,87,42,369,73,130050,0,31,108,,,0,0,0,0,58,20,229,/Game/Characters/Modular/Female/body_539/body_539/SkeletalMeshes/body_539,/Game/Characters/Modular/Male/body_539/body_539/SkeletalMeshes/body_539,LBOD096,Jaguar Chest ,A set of armor that enables its wearer to move as quickly as a jaguar.
body_540,540,131,89,44,369,76,130050,0,31,111,,,0,0,0,0,62,20,229,/Game/Characters/Modular/Female/body_540/body_540/SkeletalMeshes/body_540,/Game/Characters/Modular/Male/body_540/body_540/SkeletalMeshes/body_540,LBOD096,Jaguar Chest ,A set of armor that enables its wearer to move as quickly as a jaguar.
body_541,541,131,92,45,369,79,130050,0,31,114,,,0,0,0,0,65,20,229,/Game/Characters/Modular/Female/body_541/body_541/SkeletalMeshes/body_541,/Game/Characters/Modular/Male/body_541/body_541/SkeletalMeshes/body_541,LBOD096,Jaguar Chest ,A set of armor that enables its wearer to move as quickly as a jaguar.
body_542,542,131,94,44,0,71,205350,0,31,122,,,0,0,0,0,53,20,229,/Game/Characters/Modular/Female/body_542/body_542/SkeletalMeshes/body_542,/Game/Characters/Modular/Male/body_542/body_542/SkeletalMeshes/body_542,LBOD097,Wild Hawker Chest,A necessity for the ultimate Hawker!
body_543,543,131,96,46,0,71,205350,0,31,125,,,0,0,0,0,53,20,229,/Game/Characters/Modular/Female/body_543/body_543/SkeletalMeshes/body_543,/Game/Characters/Modular/Male/body_543/body_543/SkeletalMeshes/body_543,LBOD097,Wild Hawker Chest,A necessity for the ultimate Hawker!
body_544,544,131,98,47,0,71,205350,0,31,128,,,0,0,0,0,54,20,229,/Game/Characters/Modular/Female/body_544/body_544/SkeletalMeshes/body_544,/Game/Characters/Modular/Male/body_544/body_544/SkeletalMeshes/body_544,LBOD097,Wild Hawker Chest,A necessity for the ultimate Hawker!
body_545,545,131,99,49,0,76,205350,0,31,121,,,0,0,0,0,57,20,229,/Game/Characters/Modular/Female/body_545/body_545/SkeletalMeshes/body_545,/Game/Characters/Modular/Male/body_545/body_545/SkeletalMeshes/body_545,LBOD097,Wild Hawker Chest,A necessity for the ultimate Hawker!
body_546,546,131,101,50,0,79,205350,0,31,124,,,0,0,0,0,60,20,229,/Game/Characters/Modular/Female/body_546/body_546/SkeletalMeshes/body_546,/Game/Characters/Modular/Male/body_546/body_546/SkeletalMeshes/body_546,LBOD097,Wild Hawker Chest,A necessity for the ultimate Hawker!
body_547,547,131,103,51,0,82,205350,0,31,127,,,0,0,0,0,64,20,229,/Game/Characters/Modular/Female/body_547/body_547/SkeletalMeshes/body_547,/Game/Characters/Modular/Male/body_547/body_547/SkeletalMeshes/body_547,LBOD097,Wild Hawker Chest,A necessity for the ultimate Hawker!
body_548,548,131,106,53,0,85,205350,0,31,130,,,0,0,0,0,67,20,229,/Game/Characters/Modular/Female/body_548/body_548/SkeletalMeshes/body_548,/Game/Characters/Modular/Male/body_548/body_548/SkeletalMeshes/body_548,LBOD097,Wild Hawker Chest,A necessity for the ultimate Hawker!
body_549,549,0,0,0,0,0,0,0,,,,,,,,,,,0,/Game/Characters/Modular/Female/body_549/body_549/SkeletalMeshes/body_549,/Game/Characters/Modular/Male/body_549/body_549/SkeletalMeshes/body_549,,,
body_550,550,0,0,0,0,0,0,0,,,,,,,,,,,0,/Game/Characters/Modular/Female/body_550/body_550/SkeletalMeshes/body_550,/Game/Characters/Modular/Male/body_550/body_550/SkeletalMeshes/body_550,,,
body_551,551,0,0,0,0,0,0,0,,,,,,,,,,,0,/Game/Characters/Modular/Female/body_551/body_551/SkeletalMeshes/body_551,/Game/Characters/Modular/Male/body_551/body_551/SkeletalMeshes/body_551,,,
body_552,552,0,0,0,0,0,0,0,,,,,,,,,,,0,/Game/Characters/Modular/Female/body_552/body_552/SkeletalMeshes/body_552,/Game/Characters/Modular/Male/body_552/body_552/SkeletalMeshes/body_552,,,
body_553,553,0,0,0,0,0,0,0,,,,,,,,,,,0,/Game/Characters/Modular/Female/body_553/body_553/SkeletalMeshes/body_553,/Game/Characters/Modular/Male/body_553/body_553/SkeletalMeshes/body_553,,,
body_554,554,0,0,0,0,0,0,0,,,,,,,,,,,0,/Game/Characters/Modular/Female/body_554/body_554/SkeletalMeshes/body_554,/Game/Characters/Modular/Male/body_554/body_554/SkeletalMeshes/body_554,,,
body_555,555,0,0,0,0,0,0,0,,,,,,,,,,,0,/Game/Characters/Modular/Female/body_555/body_555/SkeletalMeshes/body_555,/Game/Characters/Modular/Male/body_555/body_555/SkeletalMeshes/body_555,,,
body_556,556,0,0,0,0,0,0,0,,,,,,,,,,,0,/Game/Characters/Modular/Female/body_556/body_556/SkeletalMeshes/body_556,/Game/Characters/Modular/Male/body_556/body_556/SkeletalMeshes/body_556,,,
body_557,557,0,0,0,0,0,0,0,,,,,,,,,,,0,/Game/Characters/Modular/Female/body_557/body_557/SkeletalMeshes/body_557,/Game/Characters/Modular/Male/body_557/body_557/SkeletalMeshes/body_557,,,
body_558,558,0,0,0,0,0,0,0,,,,,,,,,,,0,/Game/Characters/Modular/Female/body_558/body_558/SkeletalMeshes/body_558,/Game/Characters/Modular/Male/body_558/body_558/SkeletalMeshes/body_558,,,
body_559,559,0,0,0,0,0,0,0,,,,,,,,,,,0,/Game/Characters/Modular/Female/body_559/body_559/SkeletalMeshes/body_559,/Game/Characters/Modular/Male/body_559/body_559/SkeletalMeshes/body_559,,,
body_560,560,0,0,0,0,0,0,0,,,,,,,,,,,0,/Game/Characters/Modular/Female/body_560/body_560/SkeletalMeshes/body_560,/Game/Characters/Modular/Male/body_560/body_560/SkeletalMeshes/body_560,,,
body_561,561,0,0,0,0,0,0,0,,,,,,,,,,,0,/Game/Characters/Modular/Female/body_561/body_561/SkeletalMeshes/body_561,/Game/Characters/Modular/Male/body_561/body_561/SkeletalMeshes/body_561,,,
body_562,562,0,0,0,0,0,0,0,,,,,,,,,,,0,/Game/Characters/Modular/Female/body_562/body_562/SkeletalMeshes/body_562,/Game/Characters/Modular/Male/body_562/body_562/SkeletalMeshes/body_562,,,
body_563,563,0,0,0,0,0,0,0,,,,,,,,,,,0,/Game/Characters/Modular/Female/body_563/body_563/SkeletalMeshes/body_563,/Game/Characters/Modular/Male/body_563/body_563/SkeletalMeshes/body_563,,,
body_564,564,0,0,0,0,0,0,0,,,,,,,,,,,0,/Game/Characters/Modular/Female/body_564/body_564/SkeletalMeshes/body_564,/Game/Characters/Modular/Male/body_564/body_564/SkeletalMeshes/body_564,,,
body_565,565,0,0,0,0,0,0,0,,,,,,,,,,,0,/Game/Characters/Modular/Female/body_565/body_565/SkeletalMeshes/body_565,/Game/Characters/Modular/Male/body_565/body_565/SkeletalMeshes/body_565,,,
body_566,566,0,0,0,0,0,0,0,,,,,,,,,,,0,/Game/Characters/Modular/Female/body_566/body_566/SkeletalMeshes/body_566,/Game/Characters/Modular/Male/body_566/body_566/SkeletalMeshes/body_566,,,
body_567,567,0,0,0,0,0,0,0,,,,,,,,,,,0,/Game/Characters/Modular/Female/body_567/body_567/SkeletalMeshes/body_567,/Game/Characters/Modular/Male/body_567/body_567/SkeletalMeshes/body_567,,,
body_568,568,0,0,0,0,0,0,0,,,,,,,,,,,0,/Game/Characters/Modular/Female/body_568/body_568/SkeletalMeshes/body_568,/Game/Characters/Modular/Male/body_568/body_568/SkeletalMeshes/body_568,,,
body_569,569,0,0,0,0,0,0,0,,,,,,,,,,,0,/Game/Characters/Modular/Female/body_569/body_569/SkeletalMeshes/body_569,/Game/Characters/Modular/Male/body_569/body_569/SkeletalMeshes/body_569,,,
body_570,570,0,0,0,0,0,0,0,,,,,,,,,,,0,/Game/Characters/Modular/Female/body_570/body_570/SkeletalMeshes/body_570,/Game/Characters/Modular/Male/body_570/body_570/SkeletalMeshes/body_570,,,
body_571,571,0,0,0,0,0,0,0,,,,,,,,,,,0,/Game/Characters/Modular/Female/body_571/body_571/SkeletalMeshes/body_571,/Game/Characters/Modular/Male/body_571/body_571/SkeletalMeshes/body_571,,,
body_572,572,0,0,0,0,0,0,0,,,,,,,,,,,0,/Game/Characters/Modular/Female/body_572/body_572/SkeletalMeshes/body_572,/Game/Characters/Modular/Male/body_572/body_572/SkeletalMeshes/body_572,,,
body_573,573,0,0,0,0,0,0,0,,,,,,,,,,,0,/Game/Characters/Modular/Female/body_573/body_573/SkeletalMeshes/body_573,/Game/Characters/Modular/Male/body_573/body_573/SkeletalMeshes/body_573,,,
body_574,574,0,0,0,0,0,0,0,,,,,,,,,,,0,/Game/Characters/Modular/Female/body_574/body_574/SkeletalMeshes/body_574,/Game/Characters/Modular/Male/body_574/body_574/SkeletalMeshes/body_574,,,
body_575,575,0,0,0,0,0,0,0,,,,,,,,,,,0,/Game/Characters/Modular/Female/body_575/body_575/SkeletalMeshes/body_575,/Game/Characters/Modular/Male/body_575/body_575/SkeletalMeshes/body_575,,,
body_576,576,0,0,0,0,0,0,0,,,,,,,,,,,0,/Game/Characters/Modular/Female/body_576/body_576/SkeletalMeshes/body_576,/Game/Characters/Modular/Male/body_576/body_576/SkeletalMeshes/body_576,,,
body_577,577,0,0,0,0,0,0,0,,,,,,,,,,,0,/Game/Characters/Modular/Female/body_577/body_577/SkeletalMeshes/body_577,/Game/Characters/Modular/Male/body_577/body_577/SkeletalMeshes/body_577,,,
body_578,578,0,0,0,0,0,0,0,,,,,,,,,,,0,/Game/Characters/Modular/Female/body_578/body_578/SkeletalMeshes/body_578,/Game/Characters/Modular/Male/body_578/body_578/SkeletalMeshes/body_578,,,
body_579,579,0,0,0,0,0,0,0,,,,,,,,,,,0,/Game/Characters/Modular/Female/body_579/body_579/SkeletalMeshes/body_579,/Game/Characters/Modular/Male/body_579/body_579/SkeletalMeshes/body_579,,,
body_580,580,0,0,0,0,0,0,0,,,,,,,,,,,0,/Game/Characters/Modular/Female/body_580/body_580/SkeletalMeshes/body_580,/Game/Characters/Modular/Male/body_580/body_580/SkeletalMeshes/body_580,,,
body_581,581,0,0,0,0,0,0,0,,,,,,,,,,,0,/Game/Characters/Modular/Female/body_581/body_581/SkeletalMeshes/body_581,/Game/Characters/Modular/Male/body_581/body_581/SkeletalMeshes/body_581,,,
body_582,582,0,0,0,0,0,0,0,,,,,,,,,,,0,/Game/Characters/Modular/Female/body_582/body_582/SkeletalMeshes/body_582,/Game/Characters/Modular/Male/body_582/body_582/SkeletalMeshes/body_582,,,
body_583,583,0,0,0,0,0,0,0,,,,,,,,,,,0,/Game/Characters/Modular/Female/body_583/body_583/SkeletalMeshes/body_583,/Game/Characters/Modular/Male/body_583/body_583/SkeletalMeshes/body_583,,,
body_584,584,0,0,0,0,0,0,0,,,,,,,,,,,0,/Game/Characters/Modular/Female/body_584/body_584/SkeletalMeshes/body_584,/Game/Characters/Modular/Male/body_584/body_584/SkeletalMeshes/body_584,,,
body_585,585,0,0,0,0,0,0,0,,,,,,,,,,,0,/Game/Characters/Modular/Female/body_585/body_585/SkeletalMeshes/body_585,/Game/Characters/Modular/Male/body_585/body_585/SkeletalMeshes/body_585,,,
body_601,601,133,25,9,390,35,3650,0,31,13,,,0,0,0,0,40,15,237,/Game/Characters/Modular/Female/body_601/body_601/SkeletalMeshes/body_601,/Game/Characters/Modular/Male/body_601/body_601/SkeletalMeshes/body_601,LBOD121,Brown Vest,A basic armor for new merchants.
body_602,602,133,26,9,390,35,3650,0,31,16,,,0,0,0,0,40,15,237,/Game/Characters/Modular/Female/body_602/body_602/SkeletalMeshes/body_602,/Game/Characters/Modular/Male/body_602/body_602/SkeletalMeshes/body_602,LBOD121,Brown Vest,A basic armor for new merchants.
body_603,603,133,27,10,390,35,3650,0,31,19,,,0,0,0,0,41,15,237,/Game/Characters/Modular/Female/body_603/body_603/SkeletalMeshes/body_603,/Game/Characters/Modular/Male/body_603/body_603/SkeletalMeshes/body_603,LBOD121,Brown Vest,A basic armor for new merchants.
body_604,604,133,27,11,390,43,3650,0,31,14,,,0,0,0,0,47,15,237,/Game/Characters/Modular/Female/body_604/body_604/SkeletalMeshes/body_604,/Game/Characters/Modular/Male/body_604/body_604/SkeletalMeshes/body_604,LBOD121,Brown Vest,A basic armor for new merchants.
body_605,605,133,29,12,390,47,3650,0,31,18,,,0,0,0,0,52,15,237,/Game/Characters/Modular/Female/body_605/body_605/SkeletalMeshes/body_605,/Game/Characters/Modular/Male/body_605/body_605/SkeletalMeshes/body_605,LBOD121,Brown Vest,A basic armor for new merchants.
body_606,606,133,30,13,390,51,3650,0,31,22,,,0,0,0,0,56,15,237,/Game/Characters/Modular/Female/body_606/body_606/SkeletalMeshes/body_606,/Game/Characters/Modular/Male/body_606/body_606/SkeletalMeshes/body_606,LBOD121,Brown Vest,A basic armor for new merchants.
body_607,607,133,33,13,391,42,9500,0,31,33,,,0,0,0,0,42,15,237,/Game/Characters/Modular/Female/body_607/body_607/SkeletalMeshes/body_607,/Game/Characters/Modular/Male/body_607/body_607/SkeletalMeshes/body_607,LBOD122,Vibe Vest,A basic armor for people who just started to understand economic theories.
body_608,608,133,34,14,391,42,9500,0,31,36,,,0,0,0,0,43,15,237,/Game/Characters/Modular/Female/body_608/body_608/SkeletalMeshes/body_608,/Game/Characters/Modular/Male/body_608/body_608/SkeletalMeshes/body_608,LBOD122,Vibe Vest,A basic armor for people who just started to understand economic theories.
body_609,609,133,35,14,391,42,9500,0,31,39,,,0,0,0,0,43,15,237,/Game/Characters/Modular/Female/body_609/body_609/SkeletalMeshes/body_609,/Game/Characters/Modular/Male/body_609/body_609/SkeletalMeshes/body_609,LBOD122,Vibe Vest,A basic armor for people who just started to understand economic theories.
body_610,610,133,36,15,391,48,9500,0,31,32,,,0,0,0,0,47,15,237,/Game/Characters/Modular/Female/body_610/body_610/SkeletalMeshes/body_610,/Game/Characters/Modular/Male/body_610/body_610/SkeletalMeshes/body_610,LBOD122,Vibe Vest,A basic armor for people who just started to understand economic theories.
body_611,611,133,37,16,391,51,9500,0,31,35,,,0,0,0,0,51,15,237,/Game/Characters/Modular/Female/body_611/body_611/SkeletalMeshes/body_611,/Game/Characters/Modular/Male/body_611/body_611/SkeletalMeshes/body_611,LBOD122,Vibe Vest,A basic armor for people who just started to understand economic theories.
body_612,612,133,39,17,391,56,9500,0,31,40,,,0,0,0,0,56,15,237,/Game/Characters/Modular/Female/body_612/body_612/SkeletalMeshes/body_612,/Game/Characters/Modular/Male/body_612/body_612/SkeletalMeshes/body_612,LBOD122,Vibe Vest,A basic armor for people who just started to understand economic theories.
body_613,613,133,41,18,391,59,9500,0,31,43,,,0,0,0,0,60,15,237,/Game/Characters/Modular/Female/body_613/body_613/SkeletalMeshes/body_613,/Game/Characters/Modular/Male/body_613/body_613/SkeletalMeshes/body_613,LBOD122,Vibe Vest,A basic armor for people who just started to understand economic theories.
body_614,614,133,43,18,392,48,21250,0,31,53,,,0,0,0,0,45,15,237,/Game/Characters/Modular/Female/body_614/body_614/SkeletalMeshes/body_614,/Game/Characters/Modular/Male/body_614/body_614/SkeletalMeshes/body_614,LBOD123,Tamiya Vest,"A thick, yet lightweight armor for young peddlers."
body_615,615,133,45,19,392,48,21250,0,31,56,,,0,0,0,0,45,15,237,/Game/Characters/Modular/Female/body_615/body_615/SkeletalMeshes/body_615,/Game/Characters/Modular/Male/body_615/body_615/SkeletalMeshes/body_615,LBOD123,Tamiya Vest,"A thick, yet lightweight armor for young peddlers."
body_616,616,133,46,20,392,48,21250,0,31,59,,,0,0,0,0,45,15,237,/Game/Characters/Modular/Female/body_616/body_616/SkeletalMeshes/body_616,/Game/Characters/Modular/Male/body_616/body_616/SkeletalMeshes/body_616,LBOD123,Tamiya Vest,"A thick, yet lightweight armor for young peddlers."
body_617,617,133,46,21,392,54,21250,0,31,52,,,0,0,0,0,50,15,237,/Game/Characters/Modular/Female/body_617/body_617/SkeletalMeshes/body_617,/Game/Characters/Modular/Male/body_617/body_617/SkeletalMeshes/body_617,LBOD123,Tamiya Vest,"A thick, yet lightweight armor for young peddlers."
body_618,618,133,48,22,392,57,21250,0,31,55,,,0,0,0,0,53,15,237,/Game/Characters/Modular/Female/body_618/body_618/SkeletalMeshes/body_618,/Game/Characters/Modular/Male/body_618/body_618/SkeletalMeshes/body_618,LBOD123,Tamiya Vest,"A thick, yet lightweight armor for young peddlers."
body_619,619,133,51,23,392,62,21250,0,31,60,,,0,0,0,0,59,15,237,/Game/Characters/Modular/Female/body_619/body_619/SkeletalMeshes/body_619,/Game/Characters/Modular/Male/body_619/body_619/SkeletalMeshes/body_619,LBOD123,Tamiya Vest,"A thick, yet lightweight armor for young peddlers."
body_620,620,133,52,25,392,65,21250,0,31,63,,,0,0,0,0,62,15,237,/Game/Characters/Modular/Female/body_620/body_620/SkeletalMeshes/body_620,/Game/Characters/Modular/Male/body_620/body_620/SkeletalMeshes/body_620,LBOD123,Tamiya Vest,"A thick, yet lightweight armor for young peddlers."
body_621,621,133,56,24,393,54,43550,0,31,73,,,0,0,0,0,47,15,237,/Game/Characters/Modular/Female/body_621/body_621/SkeletalMeshes/body_621,/Game/Characters/Modular/Male/body_621/body_621/SkeletalMeshes/body_621,LBOD124,Semiya Vest,"A thick, yet lightweight and comfortable armor for young peddlers."
body_622,622,133,57,25,393,54,43550,0,31,76,,,0,0,0,0,48,15,237,/Game/Characters/Modular/Female/body_622/body_622/SkeletalMeshes/body_622,/Game/Characters/Modular/Male/body_622/body_622/SkeletalMeshes/body_622,LBOD124,Semiya Vest,"A thick, yet lightweight and comfortable armor for young peddlers."
body_623,623,133,59,26,393,54,43550,0,31,79,,,0,0,0,0,48,15,237,/Game/Characters/Modular/Female/body_623/body_623/SkeletalMeshes/body_623,/Game/Characters/Modular/Male/body_623/body_623/SkeletalMeshes/body_623,LBOD124,Semiya Vest,"A thick, yet lightweight and comfortable armor for young peddlers."
body_624,624,133,59,27,393,60,43550,0,31,72,,,0,0,0,0,52,15,237,/Game/Characters/Modular/Female/body_624/body_624/SkeletalMeshes/body_624,/Game/Characters/Modular/Male/body_624/body_624/SkeletalMeshes/body_624,LBOD124,Semiya Vest,"A thick, yet lightweight and comfortable armor for young peddlers."
body_625,625,133,61,29,393,63,43550,0,31,75,,,0,0,0,0,55,15,237,/Game/Characters/Modular/Female/body_625/body_625/SkeletalMeshes/body_625,/Game/Characters/Modular/Male/body_625/body_625/SkeletalMeshes/body_625,LBOD124,Semiya Vest,"A thick, yet lightweight and comfortable armor for young peddlers."
body_626,626,133,64,30,393,68,43550,0,31,80,,,0,0,0,0,61,15,237,/Game/Characters/Modular/Female/body_626/body_626/SkeletalMeshes/body_626,/Game/Characters/Modular/Male/body_626/body_626/SkeletalMeshes/body_626,LBOD124,Semiya Vest,"A thick, yet lightweight and comfortable armor for young peddlers."
body_627,627,133,66,32,393,71,43550,0,31,83,,,0,0,0,0,64,15,237,/Game/Characters/Modular/Female/body_627/body_627/SkeletalMeshes/body_627,/Game/Characters/Modular/Male/body_627/body_627/SkeletalMeshes/body_627,LBOD124,Semiya Vest,"A thick, yet lightweight and comfortable armor for young peddlers."
body_628,628,133,66,30,394,60,76200,0,31,90,,,0,0,0,0,49,20,237,/Game/Characters/Modular/Female/body_628/body_628/SkeletalMeshes/body_628,/Game/Characters/Modular/Male/body_628/body_628/SkeletalMeshes/body_628,LBOD125,Merchant Vest,A sophisticated armor for well-experienced peddlers.
body_629,629,133,68,31,394,60,76200,0,31,93,,,0,0,0,0,50,20,237,/Game/Characters/Modular/Female/body_629/body_629/SkeletalMeshes/body_629,/Game/Characters/Modular/Male/body_629/body_629/SkeletalMeshes/body_629,LBOD125,Merchant Vest,A sophisticated armor for well-experienced peddlers.
body_630,630,133,70,32,394,60,76200,0,31,96,,,0,0,0,0,50,20,237,/Game/Characters/Modular/Female/body_630/body_630/SkeletalMeshes/body_630,/Game/Characters/Modular/Male/body_630/body_630/SkeletalMeshes/body_630,LBOD125,Merchant Vest,A sophisticated armor for well-experienced peddlers.
body_631,631,133,71,34,394,65,76200,0,31,89,,,0,0,0,0,53,20,237,/Game/Characters/Modular/Female/body_631/body_631/SkeletalMeshes/body_631,/Game/Characters/Modular/Male/body_631/body_631/SkeletalMeshes/body_631,LBOD125,Merchant Vest,A sophisticated armor for well-experienced peddlers.
body_632,632,133,73,35,394,68,76200,0,31,92,,,0,0,0,0,56,20,237,/Game/Characters/Modular/Female/body_632/body_632/SkeletalMeshes/body_632,/Game/Characters/Modular/Male/body_632/body_632/SkeletalMeshes/body_632,LBOD125,Merchant Vest,A sophisticated armor for well-experienced peddlers.
body_633,633,133,74,36,394,71,76200,0,31,95,,,0,0,0,0,60,20,237,/Game/Characters/Modular/Female/body_633/body_633/SkeletalMeshes/body_633,/Game/Characters/Modular/Male/body_633/body_633/SkeletalMeshes/body_633,LBOD125,Merchant Vest,A sophisticated armor for well-experienced peddlers.
body_634,634,133,76,37,394,74,76200,0,31,98,,,0,0,0,0,63,20,237,/Game/Characters/Modular/Female/body_634/body_634/SkeletalMeshes/body_634,/Game/Characters/Modular/Male/body_634/body_634/SkeletalMeshes/body_634,LBOD125,Merchant Vest,A sophisticated armor for well-experienced peddlers.
body_635,635,133,77,37,395,65,120800,0,31,106,,,0,0,0,0,51,20,237,/Game/Characters/Modular/Female/body_635/body_635/SkeletalMeshes/body_635,/Game/Characters/Modular/Male/body_635/body_635/SkeletalMeshes/body_635,LBOD126,Rich Merchant Vest,A sophisticated armor that fits well on well-experienced peddlers.
body_636,636,133,79,38,395,65,120800,0,31,109,,,0,0,0,0,51,20,237,/Game/Characters/Modular/Female/body_636/body_636/SkeletalMeshes/body_636,/Game/Characters/Modular/Male/body_636/body_636/SkeletalMeshes/body_636,LBOD126,Rich Merchant Vest,A sophisticated armor that fits well on well-experienced peddlers.
body_637,637,133,81,40,395,65,120800,0,31,112,,,0,0,0,0,52,20,237,/Game/Characters/Modular/Female/body_637/body_637/SkeletalMeshes/body_637,/Game/Characters/Modular/Male/body_637/body_637/SkeletalMeshes/body_637,LBOD126,Rich Merchant Vest,A sophisticated armor that fits well on well-experienced peddlers.
body_638,638,133,82,41,395,70,120800,0,31,105,,,0,0,0,0,55,20,237,/Game/Characters/Modular/Female/body_638/body_638/SkeletalMeshes/body_638,/Game/Characters/Modular/Male/body_638/body_638/SkeletalMeshes/body_638,LBOD126,Rich Merchant Vest,A sophisticated armor that fits well on well-experienced peddlers.
body_639,639,133,84,42,395,73,120800,0,31,108,,,0,0,0,0,58,20,237,/Game/Characters/Modular/Female/body_639/body_639/SkeletalMeshes/body_639,/Game/Characters/Modular/Male/body_639/body_639/SkeletalMeshes/body_639,LBOD126,Rich Merchant Vest,A sophisticated armor that fits well on well-experienced peddlers.
body_640,640,133,86,44,395,76,120800,0,31,111,,,0,0,0,0,62,20,237,/Game/Characters/Modular/Female/body_640/body_640/SkeletalMeshes/body_640,/Game/Characters/Modular/Male/body_640/body_640/SkeletalMeshes/body_640,LBOD126,Rich Merchant Vest,A sophisticated armor that fits well on well-experienced peddlers.
body_641,641,133,89,45,395,79,120800,0,31,114,,,0,0,0,0,65,20,237,/Game/Characters/Modular/Female/body_641/body_641/SkeletalMeshes/body_641,/Game/Characters/Modular/Male/body_641/body_641/SkeletalMeshes/body_641,LBOD126,Rich Merchant Vest,A sophisticated armor that fits well on well-experienced peddlers.
body_642,642,133,91,43,0,70,188550,0,31,122,,,0,0,0,0,53,20,237,/Game/Characters/Modular/Female/body_642/body_642/SkeletalMeshes/body_642,/Game/Characters/Modular/Male/body_642/body_642/SkeletalMeshes/body_642,LBOD127,Redfield Chairman Suit,A high-quality suit for person of esteem.
body_643,643,133,93,45,0,70,188550,0,31,125,,,0,0,0,0,53,20,237,/Game/Characters/Modular/Female/body_643/body_643/SkeletalMeshes/body_643,/Game/Characters/Modular/Male/body_643/body_643/SkeletalMeshes/body_643,LBOD127,Redfield Chairman Suit,A high-quality suit for person of esteem.
body_644,644,133,95,46,0,70,188550,0,31,128,,,0,0,0,0,54,20,237,/Game/Characters/Modular/Female/body_644/body_644/SkeletalMeshes/body_644,/Game/Characters/Modular/Male/body_644/body_644/SkeletalMeshes/body_644,LBOD127,Redfield Chairman Suit,A high-quality suit for person of esteem.
body_645,645,133,96,48,0,75,188550,0,31,121,,,0,0,0,0,57,20,237,/Game/Characters/Modular/Female/body_645/body_645/SkeletalMeshes/body_645,/Game/Characters/Modular/Male/body_645/body_645/SkeletalMeshes/body_645,LBOD127,Redfield Chairman Suit,A high-quality suit for person of esteem.
body_646,646,133,98,49,0,78,188550,0,31,124,,,0,0,0,0,60,20,237,/Game/Characters/Modular/Female/body_646/body_646/SkeletalMeshes/body_646,/Game/Characters/Modular/Male/body_646/body_646/SkeletalMeshes/body_646,LBOD127,Redfield Chairman Suit,A high-quality suit for person of esteem.
body_647,647,133,100,50,0,81,188550,0,31,127,,,0,0,0,0,64,20,237,/Game/Characters/Modular/Female/body_647/body_647/SkeletalMeshes/body_647,/Game/Characters/Modular/Male/body_647/body_647/SkeletalMeshes/body_647,LBOD127,Redfield Chairman Suit,A high-quality suit for person of esteem.
body_648,648,133,103,52,0,84,188550,0,31,130,,,0,0,0,0,67,20,237,/Game/Characters/Modular/Female/body_648/body_648/SkeletalMeshes/body_648,/Game/Characters/Modular/Male/body_648/body_648/SkeletalMeshes/body_648,LBOD127,Redfield Chairman Suit,A high-quality suit for person of esteem.
body_649,649,0,0,0,0,0,0,0,,,,,,,,,,,0,/Game/Characters/Modular/Female/body_649/body_649/SkeletalMeshes/body_649,/Game/Characters/Modular/Male/body_649/body_649/SkeletalMeshes/body_649,,,
body_650,650,0,0,0,0,0,0,0,,,,,,,,,,,0,/Game/Characters/Modular/Female/body_650/body_650/SkeletalMeshes/body_650,/Game/Characters/Modular/Male/body_650/body_650/SkeletalMeshes/body_650,,,
body_651,651,0,0,0,0,0,0,0,,,,,,,,,,,0,/Game/Characters/Modular/Female/body_651/body_651/SkeletalMeshes/body_651,/Game/Characters/Modular/Male/body_651/body_651/SkeletalMeshes/body_651,,,
body_652,652,0,0,0,0,0,0,0,,,,,,,,,,,0,/Game/Characters/Modular/Female/body_652/body_652/SkeletalMeshes/body_652,/Game/Characters/Modular/Male/body_652/body_652/SkeletalMeshes/body_652,,,
body_653,653,0,0,0,0,0,0,0,,,,,,,,,,,0,/Game/Characters/Modular/Female/body_653/body_653/SkeletalMeshes/body_653,/Game/Characters/Modular/Male/body_653/body_653/SkeletalMeshes/body_653,,,
body_654,654,0,0,0,0,0,0,0,,,,,,,,,,,0,/Game/Characters/Modular/Female/body_654/body_654/SkeletalMeshes/body_654,/Game/Characters/Modular/Male/body_654/body_654/SkeletalMeshes/body_654,,,
body_655,655,0,0,0,0,0,0,0,,,,,,,,,,,0,/Game/Characters/Modular/Female/body_655/body_655/SkeletalMeshes/body_655,/Game/Characters/Modular/Male/body_655/body_655/SkeletalMeshes/body_655,,,
body_656,656,0,0,0,0,0,0,0,,,,,,,,,,,0,/Game/Characters/Modular/Female/body_656/body_656/SkeletalMeshes/body_656,/Game/Characters/Modular/Male/body_656/body_656/SkeletalMeshes/body_656,,,
body_657,657,0,0,0,0,0,0,0,,,,,,,,,,,0,/Game/Characters/Modular/Female/body_657/body_657/SkeletalMeshes/body_657,/Game/Characters/Modular/Male/body_657/body_657/SkeletalMeshes/body_657,,,
body_658,658,0,0,0,0,0,0,0,,,,,,,,,,,0,/Game/Characters/Modular/Female/body_658/body_658/SkeletalMeshes/body_658,/Game/Characters/Modular/Male/body_658/body_658/SkeletalMeshes/body_658,,,
body_659,659,0,0,0,0,0,0,0,,,,,,,,,,,0,/Game/Characters/Modular/Female/body_659/body_659/SkeletalMeshes/body_659,/Game/Characters/Modular/Male/body_659/body_659/SkeletalMeshes/body_659,,,
body_660,660,0,0,0,0,0,0,0,,,,,,,,,,,0,/Game/Characters/Modular/Female/body_660/body_660/SkeletalMeshes/body_660,/Game/Characters/Modular/Male/body_660/body_660/SkeletalMeshes/body_660,,,
body_661,661,0,0,0,0,0,0,0,,,,,,,,,,,0,/Game/Characters/Modular/Female/body_661/body_661/SkeletalMeshes/body_661,/Game/Characters/Modular/Male/body_661/body_661/SkeletalMeshes/body_661,,,
body_662,662,0,0,0,0,0,0,0,,,,,,,,,,,0,/Game/Characters/Modular/Female/body_662/body_662/SkeletalMeshes/body_662,/Game/Characters/Modular/Male/body_662/body_662/SkeletalMeshes/body_662,,,
body_663,663,0,0,0,0,0,0,0,,,,,,,,,,,0,/Game/Characters/Modular/Female/body_663/body_663/SkeletalMeshes/body_663,/Game/Characters/Modular/Male/body_663/body_663/SkeletalMeshes/body_663,,,
body_664,664,0,0,0,0,0,0,0,,,,,,,,,,,0,/Game/Characters/Modular/Female/body_664/body_664/SkeletalMeshes/body_664,/Game/Characters/Modular/Male/body_664/body_664/SkeletalMeshes/body_664,,,
body_665,665,0,0,0,0,0,0,0,,,,,,,,,,,0,/Game/Characters/Modular/Female/body_665/body_665/SkeletalMeshes/body_665,/Game/Characters/Modular/Male/body_665/body_665/SkeletalMeshes/body_665,,,
body_666,666,0,0,0,0,0,0,0,,,,,,,,,,,0,/Game/Characters/Modular/Female/body_666/body_666/SkeletalMeshes/body_666,/Game/Characters/Modular/Male/body_666/body_666/SkeletalMeshes/body_666,,,
body_667,667,0,0,0,0,0,0,0,,,,,,,,,,,0,/Game/Characters/Modular/Female/body_667/body_667/SkeletalMeshes/body_667,/Game/Characters/Modular/Male/body_667/body_667/SkeletalMeshes/body_667,,,
body_668,668,0,0,0,0,0,0,0,,,,,,,,,,,0,/Game/Characters/Modular/Female/body_668/body_668/SkeletalMeshes/body_668,/Game/Characters/Modular/Male/body_668/body_668/SkeletalMeshes/body_668,,,
body_669,669,0,0,0,0,0,0,0,,,,,,,,,,,0,/Game/Characters/Modular/Female/body_669/body_669/SkeletalMeshes/body_669,/Game/Characters/Modular/Male/body_669/body_669/SkeletalMeshes/body_669,,,
body_670,670,0,0,0,0,0,0,0,,,,,,,,,,,0,/Game/Characters/Modular/Female/body_670/body_670/SkeletalMeshes/body_670,/Game/Characters/Modular/Male/body_670/body_670/SkeletalMeshes/body_670,,,
body_671,671,0,0,0,0,0,0,0,,,,,,,,,,,0,/Game/Characters/Modular/Female/body_671/body_671/SkeletalMeshes/body_671,/Game/Characters/Modular/Male/body_671/body_671/SkeletalMeshes/body_671,,,
body_672,672,0,0,0,0,0,0,0,,,,,,,,,,,0,/Game/Characters/Modular/Female/body_672/body_672/SkeletalMeshes/body_672,/Game/Characters/Modular/Male/body_672/body_672/SkeletalMeshes/body_672,,,
body_673,673,0,0,0,0,0,0,0,,,,,,,,,,,0,/Game/Characters/Modular/Female/body_673/body_673/SkeletalMeshes/body_673,/Game/Characters/Modular/Male/body_673/body_673/SkeletalMeshes/body_673,,,
body_674,674,0,0,0,0,0,0,0,,,,,,,,,,,0,/Game/Characters/Modular/Female/body_674/body_674/SkeletalMeshes/body_674,/Game/Characters/Modular/Male/body_674/body_674/SkeletalMeshes/body_674,,,
body_675,675,0,0,0,0,0,0,0,,,,,,,,,,,0,/Game/Characters/Modular/Female/body_675/body_675/SkeletalMeshes/body_675,/Game/Characters/Modular/Male/body_675/body_675/SkeletalMeshes/body_675,,,
body_676,676,0,0,0,0,0,0,0,,,,,,,,,,,0,/Game/Characters/Modular/Female/body_676/body_676/SkeletalMeshes/body_676,/Game/Characters/Modular/Male/body_676/body_676/SkeletalMeshes/body_676,,,
body_677,677,0,0,0,0,0,0,0,,,,,,,,,,,0,/Game/Characters/Modular/Female/body_677/body_677/SkeletalMeshes/body_677,/Game/Characters/Modular/Male/body_677/body_677/SkeletalMeshes/body_677,,,
body_678,678,0,0,0,0,0,0,0,,,,,,,,,,,0,/Game/Characters/Modular/Female/body_678/body_678/SkeletalMeshes/body_678,/Game/Characters/Modular/Male/body_678/body_678/SkeletalMeshes/body_678,,,
body_679,679,0,0,0,0,0,0,0,,,,,,,,,,,0,/Game/Characters/Modular/Female/body_679/body_679/SkeletalMeshes/body_679,/Game/Characters/Modular/Male/body_679/body_679/SkeletalMeshes/body_679,,,
body_680,680,0,0,0,0,0,0,0,,,,,,,,,,,0,/Game/Characters/Modular/Female/body_680/body_680/SkeletalMeshes/body_680,/Game/Characters/Modular/Male/body_680/body_680/SkeletalMeshes/body_680,,,
body_681,681,0,0,0,0,0,0,0,,,,,,,,,,,0,/Game/Characters/Modular/Female/body_681/body_681/SkeletalMeshes/body_681,/Game/Characters/Modular/Male/body_681/body_681/SkeletalMeshes/body_681,,,
body_682,682,0,0,0,0,0,0,0,,,,,,,,,,,0,/Game/Characters/Modular/Female/body_682/body_682/SkeletalMeshes/body_682,/Game/Characters/Modular/Male/body_682/body_682/SkeletalMeshes/body_682,,,
body_683,683,0,0,0,0,0,0,0,,,,,,,,,,,0,/Game/Characters/Modular/Female/body_683/body_683/SkeletalMeshes/body_683,/Game/Characters/Modular/Male/body_683/body_683/SkeletalMeshes/body_683,,,
body_684,684,0,0,0,0,0,0,0,,,,,,,,,,,0,/Game/Characters/Modular/Female/body_684/body_684/SkeletalMeshes/body_684,/Game/Characters/Modular/Male/body_684/body_684/SkeletalMeshes/body_684,,,
body_685,685,0,0,0,0,0,0,0,,,,,,,,,,,0,/Game/Characters/Modular/Female/body_685/body_685/SkeletalMeshes/body_685,/Game/Characters/Modular/Male/body_685/body_685/SkeletalMeshes/body_685,,,
body_691,691,0,0,0,0,0,0,0,,,,,,,,,,,0,/Game/Characters/Modular/Female/body_691/body_691/SkeletalMeshes/body_691,/Game/Characters/Modular/Male/body_691/body_691/SkeletalMeshes/body_691,,,
body_692,692,0,0,0,0,0,0,0,,,,,,,,,,,0,/Game/Characters/Modular/Female/body_692/body_692/SkeletalMeshes/body_692,/Game/Characters/Modular/Male/body_692/body_692/SkeletalMeshes/body_692,,,
body_693,693,0,0,0,0,0,0,0,,,,,,,,,,,0,/Game/Characters/Modular/Female/body_693/body_693/SkeletalMeshes/body_693,/Game/Characters/Modular/Male/body_693/body_693/SkeletalMeshes/body_693,,,
body_694,694,0,0,0,0,0,0,0,,,,,,,,,,,0,/Game/Characters/Modular/Female/body_694/body_694/SkeletalMeshes/body_694,/Game/Characters/Modular/Male/body_694/body_694/SkeletalMeshes/body_694,,,
body_695,695,0,0,0,0,0,0,0,,,,,,,,,,,0,/Game/Characters/Modular/Female/body_695/body_695/SkeletalMeshes/body_695,/Game/Characters/Modular/Male/body_695/body_695/SkeletalMeshes/body_695,,,
body_696,696,0,0,0,0,0,0,0,,,,,,,,,,,0,/Game/Characters/Modular/Female/body_696/body_696/SkeletalMeshes/body_696,/Game/Characters/Modular/Male/body_696/body_696/SkeletalMeshes/body_696,,,
body_697,697,0,0,0,0,0,0,0,,,,,,,,,,,0,/Game/Characters/Modular/Female/body_697/body_697/SkeletalMeshes/body_697,/Game/Characters/Modular/Male/body_697/body_697/SkeletalMeshes/body_697,,,
body_698,698,0,0,0,0,0,0,0,,,,,,,,,,,0,/Game/Characters/Modular/Female/body_698/body_698/SkeletalMeshes/body_698,/Game/Characters/Modular/Male/body_698/body_698/SkeletalMeshes/body_698,,,
body_699,699,0,0,0,0,0,0,0,,,,,,,,,,,0,/Game/Characters/Modular/Female/body_699/body_699/SkeletalMeshes/body_699,/Game/Characters/Modular/Male/body_699/body_699/SkeletalMeshes/body_699,,,
body_700,700,0,0,0,0,0,0,0,,,,,,,,,,,0,/Game/Characters/Modular/Female/body_700/body_700/SkeletalMeshes/body_700,/Game/Characters/Modular/Male/body_700/body_700/SkeletalMeshes/body_700,,,
body_701,701,0,0,0,0,0,0,0,,,,,,,,,,,0,/Game/Characters/Modular/Female/body_701/body_701/SkeletalMeshes/body_701,/Game/Characters/Modular/Male/body_701/body_701/SkeletalMeshes/body_701,,,
body_702,702,0,0,0,0,0,0,0,,,,,,,,,,,0,/Game/Characters/Modular/Female/body_702/body_702/SkeletalMeshes/body_702,/Game/Characters/Modular/Male/body_702/body_702/SkeletalMeshes/body_702,,,
body_703,703,0,0,0,0,0,0,0,,,,,,,,,,,0,/Game/Characters/Modular/Female/body_703/body_703/SkeletalMeshes/body_703,/Game/Characters/Modular/Male/body_703/body_703/SkeletalMeshes/body_703,,,
body_704,704,0,0,0,0,0,0,0,,,,,,,,,,,0,/Game/Characters/Modular/Female/body_704/body_704/SkeletalMeshes/body_704,/Game/Characters/Modular/Male/body_704/body_704/SkeletalMeshes/body_704,,,
body_705,705,0,0,0,0,0,0,0,,,,,,,,,,,0,/Game/Characters/Modular/Female/body_705/body_705/SkeletalMeshes/body_705,/Game/Characters/Modular/Male/body_705/body_705/SkeletalMeshes/body_705,,,
body_706,706,0,0,0,0,0,0,0,,,,,,,,,,,0,/Game/Characters/Modular/Female/body_706/body_706/SkeletalMeshes/body_706,/Game/Characters/Modular/Male/body_706/body_706/SkeletalMeshes/body_706,,,
body_708,708,0,0,0,0,0,0,0,,,,,,,,,,,0,/Game/Characters/Modular/Female/body_708/body_708/SkeletalMeshes/body_708,/Game/Characters/Modular/Male/body_708/body_708/SkeletalMeshes/body_708,,,
body_711,711,133,255,185,2517,30,3000,0,,,,,11,30,22,50,120,2,243,/Game/Characters/Modular/Female/body_711/body_711/SkeletalMeshes/body_711,/Game/Characters/Modular/Male/body_711/body_711/SkeletalMeshes/body_711,LBOD711,Black Uniform,A dark athletic jumpsuit that was worn by a legendary martial grandmaster.
body_712,712,133,255,185,2517,30,3000,0,,,,,11,30,22,50,120,2,243,/Game/Characters/Modular/Female/body_712/body_712/SkeletalMeshes/body_712,/Game/Characters/Modular/Male/body_712/body_712/SkeletalMeshes/body_712,LBOD712,Bunny Suit,A cute bunny suit which is very popular.
body_713,713,133,255,185,2517,30,3000,0,,,,,10,30,19,50,120,2,243,/Game/Characters/Modular/Female/body_713/body_713/SkeletalMeshes/body_713,/Game/Characters/Modular/Male/body_713/body_713/SkeletalMeshes/body_713,LBOD713,Dark Outfit,So dark you can easily hide in the shadows.
body_714,714,133,255,185,2517,30,3000,0,,,,,11,30,22,50,120,2,243,/Game/Characters/Modular/Female/body_714/body_714/SkeletalMeshes/body_714,/Game/Characters/Modular/Male/body_714/body_714/SkeletalMeshes/body_714,LBOD714,White Bunny Suit,A cute white bunny suit which is very popular.
body_715,715,133,255,185,2517,30,3000,0,,,,,12,30,10,30,120,2,243,/Game/Characters/Modular/Female/body_715/body_715/SkeletalMeshes/body_715,/Game/Characters/Modular/Male/body_715/body_715/SkeletalMeshes/body_715,LBOD715,Red Bunny Suit,A cute red bunny suit which is very popular.
body_716,716,133,255,185,2517,30,3000,0,,,,,10,30,11,30,120,2,243,/Game/Characters/Modular/Female/body_716/body_716/SkeletalMeshes/body_716,/Game/Characters/Modular/Male/body_716/body_716/SkeletalMeshes/body_716,LBOD716,Flower Dress,Lovely dress decorated with flower patterns.
body_717,717,133,80,36,360,30,3000,0,31,105,,,38,210,,,63,2,243,/Game/Characters/Modular/Female/body_717/body_717/SkeletalMeshes/body_717,/Game/Characters/Modular/Male/body_717/body_717/SkeletalMeshes/body_717,LBOD717,Green Magic School Look,A Magic School uniform in a green.
body_718,718,133,92,40,361,30,3000,0,31,112,,,38,234,0,0,68,2,243,/Game/Characters/Modular/Female/body_718/body_718/SkeletalMeshes/body_718,/Game/Characters/Modular/Male/body_718/body_718/SkeletalMeshes/body_718,LBOD718,Yellow Magic School Look,A Magic School uniform in a yellow.
body_719,719,133,105,43,362,30,3000,0,31,120,,,38,258,0,0,74,2,243,/Game/Characters/Modular/Female/body_719/body_719/SkeletalMeshes/body_719,/Game/Characters/Modular/Male/body_719/body_719/SkeletalMeshes/body_719,LBOD719,Pink Magic School Look,A Magic School uniform in a pink.
body_720,720,133,255,185,2517,100,3000,0,,,0,0,10,30,19,50,120,2,243,/Game/Characters/Modular/Female/body_720/body_720/SkeletalMeshes/body_720,/Game/Characters/Modular/Male/body_720/body_720/SkeletalMeshes/body_720,LBOD720,Servant's Blue Uniform,A blue uniform that is typically worn by the caretakers of a nobleman's mansion.
body_721,721,133,255,185,2517,100,3000,0,,,0,0,18,50,22,50,120,2,243,/Game/Characters/Modular/Female/body_721/body_721/SkeletalMeshes/body_721,/Game/Characters/Modular/Male/body_721/body_721/SkeletalMeshes/body_721,LBOD721,Pink Bunny Suit,A cute pink bunny suit which is very popular.
body_722,722,133,8,8,380,100,1000,0,0,0,0,0,12,2,14,8,54,2,243,/Game/Characters/Modular/Female/body_722/body_722/SkeletalMeshes/body_722,/Game/Characters/Modular/Male/body_722/body_722/SkeletalMeshes/body_722,LBOD722,Rascal Outfit,An item purchased from the Clan Shop.
body_723,723,133,8,8,381,100,1000,0,0,0,0,0,11,2,14,8,54,2,243,/Game/Characters/Modular/Female/body_723/body_723/SkeletalMeshes/body_723,/Game/Characters/Modular/Male/body_723/body_723/SkeletalMeshes/body_723,LBOD723,Patrash Outfit,An item purchased from the Clan Shop.
body_724,724,133,8,8,382,100,3000,0,0,0,0,0,23,10,0,0,54,2,243,/Game/Characters/Modular/Female/body_724/body_724/SkeletalMeshes/body_724,/Game/Characters/Modular/Male/body_724/body_724/SkeletalMeshes/body_724,LBOD724,Leopard Outfit,An item purchased from the Clan Shop.
body_725,725,133,255,185,2517,40,25500,0,,,0,0,10,30,19,50,120,10,243,/Game/Characters/Modular/Female/body_725/body_725/SkeletalMeshes/body_725,/Game/Characters/Modular/Male/body_725/body_725/SkeletalMeshes/body_725,LBOD725,Park Ranger Look,An outfit suitable for safari park rangers.
body_726,726,133,255,185,2517,42,30100,0,,,0,0,11,30,22,50,120,10,243,/Game/Characters/Modular/Female/body_726/body_726/SkeletalMeshes/body_726,/Game/Characters/Modular/Male/body_726/body_726/SkeletalMeshes/body_726,LBOD726,Light Park Ranger Look,A light outfit suitable for safari park rangers.
body_727,727,133,255,185,2517,100,1000,0,,,0,0,12,30,10,30,120,2,243,/Game/Characters/Modular/Female/body_727/body_727/SkeletalMeshes/body_727,/Game/Characters/Modular/Male/body_727/body_727/SkeletalMeshes/body_727,LBOD727,Servant's Pink Uniform,A pink uniform that isn't usually worn by caretakers.
body_728,728,133,255,185,2517,30,380,0,,,0,0,11,30,12,30,120,2,243,/Game/Characters/Modular/Female/body_728/body_728/SkeletalMeshes/body_728,/Game/Characters/Modular/Male/body_728/body_728/SkeletalMeshes/body_728,LBOD728,Moon Kana Outfit,"An outfit printed with the logo of Kana, a doll created by Japanese artist Moon."
body_729,729,0,0,0,0,0,0,0,,,,,,,,,,,0,/Game/Characters/Modular/Female/body_729/body_729/SkeletalMeshes/body_729,/Game/Characters/Modular/Male/body_729/body_729/SkeletalMeshes/body_729,,,
body_730,730,133,40,10,387,32,5000,0,31,30,0,0,38,200,39,200,30,10,241,/Game/Characters/Modular/Female/body_730/body_730/SkeletalMeshes/body_730,/Game/Characters/Modular/Male/body_730/body_730/SkeletalMeshes/body_730,LBOD730,Black Santa Sweater,A Santa uniform that is black in colour.
body_731,731,0,0,0,0,0,0,0,,,,,,,,,,,0,/Game/Characters/Modular/Female/body_731/body_731/SkeletalMeshes/body_731,/Game/Characters/Modular/Male/body_731/body_731/SkeletalMeshes/body_731,,,
body_732,732,133,30,10,388,28,4000,0,31,20,0,0,38,150,39,150,25,10,241,/Game/Characters/Modular/Female/body_732/body_732/SkeletalMeshes/body_732,/Game/Characters/Modular/Male/body_732/body_732/SkeletalMeshes/body_732,LBOD732,Pink Santa Sweater,The pink sweater that Mrs Santa wears during the rare occasion that Santa is sick and she has to deliever the presents instead. 
body_733,733,133,10,10,409,20,43300,0,31,5,0,0,0,0,0,0,15,10,241,/Game/Characters/Modular/Female/body_733/body_733/SkeletalMeshes/body_733,/Game/Characters/Modular/Male/body_733/body_733/SkeletalMeshes/body_733,LBOD733,Leopard Santa Sweater,A Santa uniform which is patterned like a Leopard.
body_734,734,0,0,0,0,0,0,0,,,,,,,,,,,0,/Game/Characters/Modular/Female/body_734/body_734/SkeletalMeshes/body_734,/Game/Characters/Modular/Male/body_734/body_734/SkeletalMeshes/body_734,,,
body_735,735,133,285,185,2517,100,1000,0,,,0,0,10,30,12,30,120,2,243,/Game/Characters/Modular/Female/body_735/body_735/SkeletalMeshes/body_735,/Game/Characters/Modular/Male/body_735/body_735/SkeletalMeshes/body_735,LBOD735,Servant's Red Uniform,A red uniform that isn't usually worn by caretakers.
body_736,736,133,108,46,408,30,3000,0,31,135,0,0,38,282,0,0,77,2,243,/Game/Characters/Modular/Female/body_736/body_736/SkeletalMeshes/body_736,/Game/Characters/Modular/Male/body_736/body_736/SkeletalMeshes/body_736,LBOD736,Orange Magic School Look,A Magic School uniform in an orange.
body_737,737,133,118,50,407,30,3000,0,31,149,0,0,38,306,0,0,82,2,243,/Game/Characters/Modular/Female/body_737/body_737/SkeletalMeshes/body_737,/Game/Characters/Modular/Male/body_737/body_737/SkeletalMeshes/body_737,LBOD737,Purple Magic School Look,A Magic School uniform in a purple.
body_738,738,133,129,54,406,30,3000,0,31,164,0,0,38,330,0,0,85,2,243,/Game/Characters/Modular/Female/body_738/body_738/SkeletalMeshes/body_738,/Game/Characters/Modular/Male/body_738/body_738/SkeletalMeshes/body_738,LBOD738,Black Magic School Look,A uniform given out to students who graduate from Magic School.
body_739,739,0,0,0,0,0,0,0,,,,,,,,,,,0,/Game/Characters/Modular/Female/body_739/body_739/SkeletalMeshes/body_739,/Game/Characters/Modular/Male/body_739/body_739/SkeletalMeshes/body_739,,,
body_740,740,0,0,0,0,0,0,0,,,,,,,,,,,0,/Game/Characters/Modular/Female/body_740/body_740/SkeletalMeshes/body_740,/Game/Characters/Modular/Male/body_740/body_740/SkeletalMeshes/body_740,,,
body_741,741,133,50,20,410,62,1000,0,0,0,0,0,10,3,0,0,67,2,243,/Game/Characters/Modular/Female/body_741/body_741/SkeletalMeshes/body_741,/Game/Characters/Modular/Male/body_741/body_741/SkeletalMeshes/body_741,LBOD741,Office Uniform,An item purchased from the Clan Shop.
body_742,742,133,10,10,2369,100,1000,0,0,0,0,0,18,5,14,5,60,5,243,/Game/Characters/Modular/Female/body_742/body_742/SkeletalMeshes/body_742,/Game/Characters/Modular/Male/body_742/body_742/SkeletalMeshes/body_742,LBOD742,Marriage Dress,
body_743,743,133,25,2,413,100,1000,0,0,0,0,0,14,15,0,0,40,5,243,/Game/Characters/Modular/Female/body_743/body_743/SkeletalMeshes/body_743,/Game/Characters/Modular/Male/body_743/body_743/SkeletalMeshes/body_743,LBOD743,Valentine Wear,A red dress made especially for Valentine's Day.
body_744,744,133,10,5,231,100,1500,0, , , , , , , , ,100,2,241,/Game/Characters/Modular/Female/body_744/body_744/SkeletalMeshes/body_744,/Game/Characters/Modular/Male/body_744/body_744/SkeletalMeshes/body_744,LBOD744,Valentine Uniform,A uniform made especially for Valentine's Day.
body_745,745,133,12,55,232,50,1500,0, , , , ,11,4, , ,35,2,241,/Game/Characters/Modular/Female/body_745/body_745/SkeletalMeshes/body_745,/Game/Characters/Modular/Male/body_745/body_745/SkeletalMeshes/body_745,LBOD745,Samurai Outfit,An item purchased from the Clan Shop.
body_746,746,133,40,12,249,50,1500,0, , , , ,23,15, , ,50,2,241,/Game/Characters/Modular/Female/body_746/body_746/SkeletalMeshes/body_746,/Game/Characters/Modular/Male/body_746/body_746/SkeletalMeshes/body_746,LBOD746,Racing Outfit,An item purchased from the Clan Shop.
body_747,747,133,255,185,2517,30,3000,0,,,,,11,30,22,50,120,10,241,/Game/Characters/Modular/Female/body_747/body_747/SkeletalMeshes/body_747,/Game/Characters/Modular/Male/body_747/body_747/SkeletalMeshes/body_747,LBOD747,Plain Business Wear,A Plain Business Outfit
body_748,748,133,255,185,2517,100,1000000,0,,,,,22,40,12,30,120,2,243,/Game/Characters/Modular/Female/body_748/body_748/SkeletalMeshes/body_748,/Game/Characters/Modular/Male/body_748/body_748/SkeletalMeshes/body_748,LBOD748,Fancy White Dress,A beautiful dress desgined for Shuya.
body_749,749,133,255,185,2517,100,1000000,0,,,,,10,30,20,40,120,2,243,/Game/Characters/Modular/Female/body_749/body_749/SkeletalMeshes/body_749,/Game/Characters/Modular/Male/body_749/body_749/SkeletalMeshes/body_749,LBOD749,Fancy Pink Dress,A redesigned fancy dress.  Now in pink!
body_750,750,133,255,185,2517,100,1000000,0,,,,,12,30,20,40,120,2,243,/Game/Characters/Modular/Female/body_750/body_750/SkeletalMeshes/body_750,/Game/Characters/Modular/Male/body_750/body_750/SkeletalMeshes/body_750,LBOD750,Fancy Purple Dress,A redesigned fancy dress. Now in purple!
body_751,751,133,255,185,2517,100,1000000,0,,,,,11,30,20,40,120,2,243,/Game/Characters/Modular/Female/body_751/body_751/SkeletalMeshes/body_751,/Game/Characters/Modular/Male/body_751/body_751/SkeletalMeshes/body_751,LBOD751,Fancy Black Dress,A redesigned fancy dress. Now in black!
body_752,752,133,255,185,2517,100,1000000,0,,,,,13,30,20,40,120,2,243,/Game/Characters/Modular/Female/body_752/body_752/SkeletalMeshes/body_752,/Game/Characters/Modular/Male/body_752/body_752/SkeletalMeshes/body_752,LBOD752,Fancy Blue Dress,A redesigned fancy dress. Now in blue!
body_753,753,133,255,185,2517,100,3000,0,,,,,22,40,12,30,120,10,241,/Game/Characters/Modular/Female/body_753/body_753/SkeletalMeshes/body_753,/Game/Characters/Modular/Male/body_753/body_753/SkeletalMeshes/body_753,LBOD753,Polka Dot Butler Suit,
body_754,754,133,255,185,2517,100,3000,0,,,,,11,30,22,50,120,10,241,/Game/Characters/Modular/Female/body_754/body_754/SkeletalMeshes/body_754,/Game/Characters/Modular/Male/body_754/body_754/SkeletalMeshes/body_754,LBOD754,Heart Snowboard Suit,
body_755,755,133,255,185,2517,100,3000,0,,,,,10,30,19,50,120,10,241,/Game/Characters/Modular/Female/body_755/body_755/SkeletalMeshes/body_755,/Game/Characters/Modular/Male/body_755/body_755/SkeletalMeshes/body_755,LBOD755,Chinese Dress,
body_756,756,133,255,185,2517,100,3000,0,,,,,22,40,12,30,120,10,241,/Game/Characters/Modular/Female/body_756/body_756/SkeletalMeshes/body_756,/Game/Characters/Modular/Male/body_756/body_756/SkeletalMeshes/body_756,LBOD756,Blue Racing Wear,
body_757,757,133,255,185,2517,100,3000,0,,,,,13,40,12,30,120,10,241,/Game/Characters/Modular/Female/body_757/body_757/SkeletalMeshes/body_757,/Game/Characters/Modular/Male/body_757/body_757/SkeletalMeshes/body_757,LBOD757,Green Jersey,
body_758,758,133,255,185,2517,100,3000,0,,,,,22,40,12,30,120,10,241,/Game/Characters/Modular/Female/body_758/body_758/SkeletalMeshes/body_758,/Game/Characters/Modular/Male/body_758/body_758/SkeletalMeshes/body_758,LBOD758,Polka Dot Butler Suit,
body_759,759,133,255,185,2517,100,3000,0,,,,,10,30,19,50,120,10,241,/Game/Characters/Modular/Female/body_759/body_759/SkeletalMeshes/body_759,/Game/Characters/Modular/Male/body_759/body_759/SkeletalMeshes/body_759,LBOD759,Astronaut Suit,
body_760,760,133,255,185,2517,100,3000,0,,,,,19,50,12,30,120,10,241,/Game/Characters/Modular/Female/body_760/body_760/SkeletalMeshes/body_760,/Game/Characters/Modular/Male/body_760/body_760/SkeletalMeshes/body_760,LBOD760,Alien Suit,
body_761,761,133,255,185,2517,100,3000,0,,,,,10,30,19,50,120,10,241,/Game/Characters/Modular/Female/body_761/body_761/SkeletalMeshes/body_761,/Game/Characters/Modular/Male/body_761/body_761/SkeletalMeshes/body_761,LBOD761,Pink Racing Wear,
body_762,762,133,255,185,2517,100,3000,0,,,,,10,30,19,50,120,10,241,/Game/Characters/Modular/Female/body_762/body_762/SkeletalMeshes/body_762,/Game/Characters/Modular/Male/body_762/body_762/SkeletalMeshes/body_762,LBOD762,White Business Wear,
body_763,763,133,255,185,2517,100,3000,0,,,,,11,30,22,50,120,10,241,/Game/Characters/Modular/Female/body_763/body_763/SkeletalMeshes/body_763,/Game/Characters/Modular/Male/body_763/body_763/SkeletalMeshes/body_763,LBOD763,Pink Pajamas,
body_764,764,0,0,0,0,0,0,0,,,,,,,,,,,0,/Game/Characters/Modular/Female/body_764/body_764/SkeletalMeshes/body_764,/Game/Characters/Modular/Male/body_764/body_764/SkeletalMeshes/body_764,,,
body_765,765,133,255,185,2517,100,3000,0,,,,,11,30,22,50,120,10,241,/Game/Characters/Modular/Female/body_765/body_765/SkeletalMeshes/body_765,/Game/Characters/Modular/Male/body_765/body_765/SkeletalMeshes/body_765,LBOD765,Red Racing Wear,
body_766,766,0,0,0,0,0,0,0,,,,,,,,,,,0,/Game/Characters/Modular/Female/body_766/body_766/SkeletalMeshes/body_766,/Game/Characters/Modular/Male/body_766/body_766/SkeletalMeshes/body_766,,,
body_767,767,0,0,0,0,0,0,0,,,,,,,,,,,0,/Game/Characters/Modular/Female/body_767/body_767/SkeletalMeshes/body_767,/Game/Characters/Modular/Male/body_767/body_767/SkeletalMeshes/body_767,,,
body_768,768,0,0,0,0,0,0,0,,,,,,,,,,,0,/Game/Characters/Modular/Female/body_768/body_768/SkeletalMeshes/body_768,/Game/Characters/Modular/Male/body_768/body_768/SkeletalMeshes/body_768,,,
body_769,769,0,0,0,0,0,0,0,,,,,,,,,,,0,/Game/Characters/Modular/Female/body_769/body_769/SkeletalMeshes/body_769,/Game/Characters/Modular/Male/body_769/body_769/SkeletalMeshes/body_769,,,
body_770,770,133,255,185,2517,100,3000,0,,,,,20,40,10,30,120,2,243,/Game/Characters/Modular/Female/body_770/body_770/SkeletalMeshes/body_770,/Game/Characters/Modular/Male/body_770/body_770/SkeletalMeshes/body_770,LBOD770,ABS-CBN Shirt (B),
body_771,771,133,255,185,2517,100,3000,0,,,,,20,40,11,30,120,2,243,/Game/Characters/Modular/Female/body_771/body_771/SkeletalMeshes/body_771,/Game/Characters/Modular/Male/body_771/body_771/SkeletalMeshes/body_771,LBOD771,AMD Phenom Shirt (B),
body_772,772,133,255,185,2517,100,3000,0,,,,,20,40,12,30,120,2,243,/Game/Characters/Modular/Female/body_772/body_772/SkeletalMeshes/body_772,/Game/Characters/Modular/Male/body_772/body_772/SkeletalMeshes/body_772,LBOD772,BIOHAZARD Shirt (B),
body_773,773,133,255,185,2517,100,3000,0,,,,,20,40,13,30,120,2,243,/Game/Characters/Modular/Female/body_773/body_773/SkeletalMeshes/body_773,/Game/Characters/Modular/Male/body_773/body_773/SkeletalMeshes/body_773,LBOD773,Condom Shirt (B),
body_774,774,133,255,185,2517,100,3000,0,,,,,11,30,22,50,120,2,243,/Game/Characters/Modular/Female/body_774/body_774/SkeletalMeshes/body_774,/Game/Characters/Modular/Male/body_774/body_774/SkeletalMeshes/body_774,LBOD774,Friendster Shirt (B),
body_775,775,133,255,185,2517,100,3000,0,,,,,19,50,10,30,120,2,243,/Game/Characters/Modular/Female/body_775/body_775/SkeletalMeshes/body_775,/Game/Characters/Modular/Male/body_775/body_775/SkeletalMeshes/body_775,LBOD775,GMA 7 Shirt (B),
body_776,776,133,255,185,2517,100,3000,0,,,,,22,40,12,30,120,2,243,/Game/Characters/Modular/Female/body_776/body_776/SkeletalMeshes/body_776,/Game/Characters/Modular/Male/body_776/body_776/SkeletalMeshes/body_776,LBOD776,Inte Quad Core Shirt (B),
body_777,777,133,255,185,2517,100,3000,0,,,,,13,40,12,30,120,2,243,/Game/Characters/Modular/Female/body_777/body_777/SkeletalMeshes/body_777,/Game/Characters/Modular/Male/body_777/body_777/SkeletalMeshes/body_777,LBOD777,RosePH Shirt (B),
body_778,778,133,255,185,2517,100,3000,0,,,,,19,50,12,30,120,2,243,/Game/Characters/Modular/Female/body_778/body_778/SkeletalMeshes/body_778,/Game/Characters/Modular/Male/body_778/body_778/SkeletalMeshes/body_778,LBOD778,Marlboro Shirt (B),
body_779,779,133,255,185,2517,100,3000,0,,,,,20,40,10,30,120,2,243,/Game/Characters/Modular/Female/body_779/body_779/SkeletalMeshes/body_779,/Game/Characters/Modular/Male/body_779/body_779/SkeletalMeshes/body_779,LBOD779,Nvidia Shirt (B),
body_780,780,133,255,185,2517,100,3000,0,,,,,20,40,11,30,120,2,243,/Game/Characters/Modular/Female/body_780/body_780/SkeletalMeshes/body_780,/Game/Characters/Modular/Male/body_780/body_780/SkeletalMeshes/body_780,LBOD780,Pink Floyd Shirt (B),
body_781,781,133,255,185,2517,100,3000,0,,,,,20,40,12,30,120,2,243,/Game/Characters/Modular/Female/body_781/body_781/SkeletalMeshes/body_781,/Game/Characters/Modular/Male/body_781/body_781/SkeletalMeshes/body_781,LBOD781,Victoria Court Shirt (B),
body_782,782,133,255,185,2517,100,3000,0,,,,,20,40,13,30,120,2,243,/Game/Characters/Modular/Female/body_782/body_782/SkeletalMeshes/body_782,/Game/Characters/Modular/Male/body_782/body_782/SkeletalMeshes/body_782,LBOD782,ABS-CBN Shirt (W),
body_783,783,133,255,185,2517,100,3000,0,,,,,11,30,22,50,120,2,243,/Game/Characters/Modular/Female/body_783/body_783/SkeletalMeshes/body_783,/Game/Characters/Modular/Male/body_783/body_783/SkeletalMeshes/body_783,LBOD783,Army Shirt (W),
body_784,784,133,255,185,2517,100,3000,0,,,,,19,50,10,30,120,2,243,/Game/Characters/Modular/Female/body_784/body_784/SkeletalMeshes/body_784,/Game/Characters/Modular/Male/body_784/body_784/SkeletalMeshes/body_784,LBOD784,Bathing Ape Shirt (W),
body_785,785,133,255,185,2517,100,3000,0,,,,,22,40,12,30,120,2,243,/Game/Characters/Modular/Female/body_785/body_785/SkeletalMeshes/body_785,/Game/Characters/Modular/Male/body_785/body_785/SkeletalMeshes/body_785,LBOD785,Condom Shirt (W),
body_786,786,133,255,185,2517,100,3000,0,,,,,13,40,12,30,120,2,243,/Game/Characters/Modular/Female/body_786/body_786/SkeletalMeshes/body_786,/Game/Characters/Modular/Male/body_786/body_786/SkeletalMeshes/body_786,LBOD786,Ferrari Shirt (W),
body_787,787,133,255,185,2517,100,3000,0,,,,,19,50,12,30,120,2,243,/Game/Characters/Modular/Female/body_787/body_787/SkeletalMeshes/body_787,/Game/Characters/Modular/Male/body_787/body_787/SkeletalMeshes/body_787,LBOD787,Flame Eye Shirt (W),
body_788,788,133,255,185,2517,100,3000,0,,,,,20,40,10,30,120,2,243,/Game/Characters/Modular/Female/body_788/body_788/SkeletalMeshes/body_788,/Game/Characters/Modular/Male/body_788/body_788/SkeletalMeshes/body_788,LBOD788,GMA 7 Shirt (W),
body_789,789,133,255,185,2517,100,3000,0,,,,,20,40,11,30,120,2,243,/Game/Characters/Modular/Female/body_789/body_789/SkeletalMeshes/body_789,/Game/Characters/Modular/Male/body_789/body_789/SkeletalMeshes/body_789,LBOD789,Intel Quad Core Shirt (W),
body_790,790,133,255,185,2517,100,3000,0,,,,,20,40,12,30,120,2,243,/Game/Characters/Modular/Female/body_790/body_790/SkeletalMeshes/body_790,/Game/Characters/Modular/Male/body_790/body_790/SkeletalMeshes/body_790,LBOD790,Marijuana Shirt (W),
body_791,791,133,255,185,2517,100,3000,0,,,,,20,40,13,30,120,2,243,/Game/Characters/Modular/Female/body_791/body_791/SkeletalMeshes/body_791,/Game/Characters/Modular/Male/body_791/body_791/SkeletalMeshes/body_791,LBOD791,Marlboro Shirt (W),
body_792,792,133,255,185,2517,100,3000,0,,,,,11,30,22,50,120,2,243,/Game/Characters/Modular/Female/body_792/body_792/SkeletalMeshes/body_792,/Game/Characters/Modular/Male/body_792/body_792/SkeletalMeshes/body_792,LBOD792,Naruto Shirt (W),
body_793,793,133,255,185,2517,100,3000,0,,,,,19,50,12,30,120,2,243,/Game/Characters/Modular/Female/body_793/body_793/SkeletalMeshes/body_793,/Game/Characters/Modular/Male/body_793/body_793/SkeletalMeshes/body_793,LBOD793,Nvidia Shirt (W),
body_794,794,133,255,185,2517,100,3000,0,,,,,22,40,12,30,120,2,243,/Game/Characters/Modular/Female/body_794/body_794/SkeletalMeshes/body_794,/Game/Characters/Modular/Male/body_794/body_794/SkeletalMeshes/body_794,LBOD794,Amd Phenom Shirt (W),
body_795,795,133,255,185,2517,100,3000,0,,,,,13,40,12,30,120,2,243,/Game/Characters/Modular/Female/body_795/body_795/SkeletalMeshes/body_795,/Game/Characters/Modular/Male/body_795/body_795/SkeletalMeshes/body_795,LBOD795,Sparco Shirt (W),
body_796,796,133,255,185,2517,100,3000,0,,,,,19,50,10,30,120,2,243,/Game/Characters/Modular/Female/body_796/body_796/SkeletalMeshes/body_796,/Game/Characters/Modular/Male/body_796/body_796/SkeletalMeshes/body_796,LBOD796,Sparco Shirt (W),
body_797,797,133,255,185,2517,100,3000,0,,,,,22,40,12,30,120,2,243,/Game/Characters/Modular/Female/body_797/body_797/SkeletalMeshes/body_797,/Game/Characters/Modular/Male/body_797/body_797/SkeletalMeshes/body_797,LBOD797,Victoria Court Shirt (W),
body_798,798,133,255,185,2517,100,3000,0,,,,,13,40,12,30,120,2,243,/Game/Characters/Modular/Female/body_798/body_798/SkeletalMeshes/body_798,/Game/Characters/Modular/Male/body_798/body_798/SkeletalMeshes/body_798,LBOD798,Bob Marley Shirt (W),
body_799,799,133,255,185,2517,100,3000,0,,,,,19,50,12,30,120,2,243,/Game/Characters/Modular/Female/body_799/body_799/SkeletalMeshes/body_799,/Game/Characters/Modular/Male/body_799/body_799/SkeletalMeshes/body_799,LBOD799,FAQ U Shirt (W),
body_800,800,133,999,999,2517,100,3000,0,,,,,11,999,22,999,120,2,243,/Game/Characters/Modular/Female/body_800/body_800/SkeletalMeshes/body_800,/Game/Characters/Modular/Male/body_800/body_800/SkeletalMeshes/body_800,LBOD800,GM Shirt,
body_801,801,133,130,100,2517,100,3000,0, , ,,,10,15,19,30,0,2,243,/Game/Characters/Modular/Female/body_801/body_801/SkeletalMeshes/body_801,/Game/Characters/Modular/Male/body_801/body_801/SkeletalMeshes/body_801,LBOD801,Red Jersey,Faction Suit
body_802,802,133,130,100,2517,100,3000,0,,,,,11,15,22,30,0,2,243,/Game/Characters/Modular/Female/body_802/body_802/SkeletalMeshes/body_802,/Game/Characters/Modular/Male/body_802/body_802/SkeletalMeshes/body_802,LBOD802,Black Jersey,Faction Suit
body_803,803,0,0,0,0,0,0,0,,,,,,,,,,,0,/Game/Characters/Modular/Female/body_803/body_803/SkeletalMeshes/body_803,/Game/Characters/Modular/Male/body_803/body_803/SkeletalMeshes/body_803,,,
body_804,804,0,0,0,0,0,0,0,,,,,,,,,,,0,/Game/Characters/Modular/Female/body_804/body_804/SkeletalMeshes/body_804,/Game/Characters/Modular/Male/body_804/body_804/SkeletalMeshes/body_804,,,
body_805,805,0,0,0,0,0,0,0,,,,,,,,,,,0,/Game/Characters/Modular/Female/body_805/body_805/SkeletalMeshes/body_805,/Game/Characters/Modular/Male/body_805/body_805/SkeletalMeshes/body_805,,,
body_806,806,0,0,0,0,0,0,0,,,,,,,,,,,0,/Game/Characters/Modular/Female/body_806/body_806/SkeletalMeshes/body_806,/Game/Characters/Modular/Male/body_806/body_806/SkeletalMeshes/body_806,,,
body_807,807,0,0,0,0,0,0,0,,,,,,,,,,,0,/Game/Characters/Modular/Female/body_807/body_807/SkeletalMeshes/body_807,/Game/Characters/Modular/Male/body_807/body_807/SkeletalMeshes/body_807,,,
body_808,808,0,0,0,0,0,0,0,,,,,,,,,,,0,/Game/Characters/Modular/Female/body_808/body_808/SkeletalMeshes/body_808,/Game/Characters/Modular/Male/body_808/body_808/SkeletalMeshes/body_808,,,
body_809,809,133,50,50,2369,100,3000,0,,,,,22,10,15,10,65,2,243,/Game/Characters/Modular/Female/body_809/body_809/SkeletalMeshes/body_809,/Game/Characters/Modular/Male/body_809/body_809/SkeletalMeshes/body_809,LBOD809,Chinese Dress Black,
body_810,810,133,255,185,2517,100,3000,0,,,,,11,30,22,50,120,2,243,/Game/Characters/Modular/Female/body_810/body_810/SkeletalMeshes/body_810,/Game/Characters/Modular/Male/body_810/body_810/SkeletalMeshes/body_810,LBOD810,Chinese Dress Yellow,
body_811,811,133,255,185,2517,100,3000,0,,,,,10,30,19,50,120,2,243,/Game/Characters/Modular/Female/body_811/body_811/SkeletalMeshes/body_811,/Game/Characters/Modular/Male/body_811/body_811/SkeletalMeshes/body_811,LBOD811,Astronaut Suit Orange,
body_812,812,133,255,185,2517,100,3000,0,,,,,11,30,22,50,120,2,243,/Game/Characters/Modular/Female/body_812/body_812/SkeletalMeshes/body_812,/Game/Characters/Modular/Male/body_812/body_812/SkeletalMeshes/body_812,LBOD812,Venus Hawker Suit,
body_813,813,133,255,185,2517,100,3000,0,,,,,10,30,19,50,120,2,243,/Game/Characters/Modular/Female/body_813/body_813/SkeletalMeshes/body_813,/Game/Characters/Modular/Male/body_813/body_813/SkeletalMeshes/body_813,LBOD813,Venus Soldier Suit,
body_814,814,133,255,185,2517,100,3000,0,,,,,11,30,22,50,120,2,243,/Game/Characters/Modular/Female/body_814/body_814/SkeletalMeshes/body_814,/Game/Characters/Modular/Male/body_814/body_814/SkeletalMeshes/body_814,LBOD814,iTachi Red Hawker Suit,
body_815,815,133,255,185,2517,100,3000,0,,,,,10,30,19,50,120,2,243,/Game/Characters/Modular/Female/body_815/body_815/SkeletalMeshes/body_815,/Game/Characters/Modular/Male/body_815/body_815/SkeletalMeshes/body_815,LBOD815,iTachi White Suit,
body_816,816,133,255,185,2517,100,3000,0,,,,,10,30,19,50,120,2,243,/Game/Characters/Modular/Female/body_816/body_816/SkeletalMeshes/body_816,/Game/Characters/Modular/Male/body_816/body_816/SkeletalMeshes/body_816,LBOD816,iTachi Red Soldier Suit,
body_817,817,0,0,0,0,0,0,0,,,,,,,,,,,0,/Game/Characters/Modular/Female/body_817/body_817/SkeletalMeshes/body_817,/Game/Characters/Modular/Male/body_817/body_817/SkeletalMeshes/body_817,,,
body_818,818,133,100,100,2517,100,3000,0,,,,,11,10,10,10,120,2,243,/Game/Characters/Modular/Female/body_818/body_818/SkeletalMeshes/body_818,/Game/Characters/Modular/Male/body_818/body_818/SkeletalMeshes/body_818,LBOD818,Zebra Swim Wear,Zebra Swim Wear
body_819,819,133,100,100,2517,100,3000,0,,,,,10,10,26,10,120,2,243,/Game/Characters/Modular/Female/body_819/body_819/SkeletalMeshes/body_819,/Game/Characters/Modular/Male/body_819/body_819/SkeletalMeshes/body_819,LBOD819,Leopard Swim Wear,Leopard Swim Wear
body_820,820,133,100,100,2517,100,3000,0,,,,,11,10,26,10,120,2,243,/Game/Characters/Modular/Female/body_820/body_820/SkeletalMeshes/body_820,/Game/Characters/Modular/Male/body_820/body_820/SkeletalMeshes/body_820,LBOD820,Pinky Swim Wear,Pinky Swim Wear
body_821,821,133,100,100,2517,100,3000,0,,,,,13,10,26,10,120,2,243,/Game/Characters/Modular/Female/body_821/body_821/SkeletalMeshes/body_821,/Game/Characters/Modular/Male/body_821/body_821/SkeletalMeshes/body_821,LBOD821,Hearty Swim Wear,Hearty Swim Wear
body_822,822,133,100,100,2517,100,3000,0,,,,,19,10,21,10,120,2,243,/Game/Characters/Modular/Female/body_822/body_822/SkeletalMeshes/body_822,/Game/Characters/Modular/Male/body_822/body_822/SkeletalMeshes/body_822,LBOD822,Yellow Swim Wear,Yellow Swim Wear
body_823,823,133,100,100,2517,100,3000,0,,,,,22,10,21,10,120,2,243,/Game/Characters/Modular/Female/body_823/body_823/SkeletalMeshes/body_823,/Game/Characters/Modular/Male/body_823/body_823/SkeletalMeshes/body_823,LBOD823,Camo Swim Wear,Camo Swim Wear
body_824,824,133,100,100,2517,100,3000,0,,,,,18,10,19,10,120,2,243,/Game/Characters/Modular/Female/body_824/body_824/SkeletalMeshes/body_824,/Game/Characters/Modular/Male/body_824/body_824/SkeletalMeshes/body_824,LBOD824,Polkadot Swim Wear,Polkadot Swim Wear
body_825,825,133,100,100,2517,100,3000,0,,,,,12,10,19,10,120,2,243,/Game/Characters/Modular/Female/body_825/body_825/SkeletalMeshes/body_825,/Game/Characters/Modular/Male/body_825/body_825/SkeletalMeshes/body_825,LBOD825,Cyan Swim Wear,Cyan Swim Wear
body_826,826,133,100,100,2517,100,3000,0,,,,,13,10,19,10,120,2,243,/Game/Characters/Modular/Female/body_826/body_826/SkeletalMeshes/body_826,/Game/Characters/Modular/Male/body_826/body_826/SkeletalMeshes/body_826,LBOD826,White Swim Wear,White Swim Wear
body_827,827,133,100,100,2517,100,3000,0,,,,,10,10,15,10,120,2,243,/Game/Characters/Modular/Female/body_827/body_827/SkeletalMeshes/body_827,/Game/Characters/Modular/Male/body_827/body_827/SkeletalMeshes/body_827,LBOD827,Red Swim Wear,Red Swim Wear
body_828,828,133,100,100,2517,100,3000,0,,,,,24,10,26,10,120,2,243,/Game/Characters/Modular/Female/body_828/body_828/SkeletalMeshes/body_828,/Game/Characters/Modular/Male/body_828/body_828/SkeletalMeshes/body_828,LBOD828,Black Swim Wear,Black Swim Wear
body_829,829,133,100,100,2517,100,3000,0,,,,,12,10,21,10,120,2,243,/Game/Characters/Modular/Female/body_829/body_829/SkeletalMeshes/body_829,/Game/Characters/Modular/Male/body_829/body_829/SkeletalMeshes/body_829,LBOD829,Plaid Swim Wear,Plaid Swim Wear
body_830,830,133,100,100,2517,100,3000,0,,,,,10,10,12,10,120,2,243,/Game/Characters/Modular/Female/body_830/body_830/SkeletalMeshes/body_830,/Game/Characters/Modular/Male/body_830/body_830/SkeletalMeshes/body_830,LBOD830,Skyblu Swim Wear,Skyblu Swim Wear
body_831,831,133,100,100,2517,100,3000,0,,,,,13,10,24,10,120,2,243,/Game/Characters/Modular/Female/body_831/body_831/SkeletalMeshes/body_831,/Game/Characters/Modular/Male/body_831/body_831/SkeletalMeshes/body_831,LBOD831,Cow Swim Wear,Cow Swim Wear
body_832,832,133,100,100,2517,100,3000,0,,,,,15,10,26,10,120,2,243,/Game/Characters/Modular/Female/body_832/body_832/SkeletalMeshes/body_832,/Game/Characters/Modular/Male/body_832/body_832/SkeletalMeshes/body_832,LBOD832,New Polkadot Swim Wear,New Polkadot Swim Wear
body_833,833,133,100,100,2517,100,3000,0,,,,,11,10,12,10,120,2,243,/Game/Characters/Modular/Female/body_833/body_833/SkeletalMeshes/body_833,/Game/Characters/Modular/Male/body_833/body_833/SkeletalMeshes/body_833,LBOD833,Tiger Swim Wear,Tiger Swim Wear
body_834,834,133,100,100,2517,100,3000,0,,,,,10,10,19,10,120,2,243,/Game/Characters/Modular/Female/body_834/body_834/SkeletalMeshes/body_834,/Game/Characters/Modular/Male/body_834/body_834/SkeletalMeshes/body_834,LBOD834,Sunny Swim Wear,Sunny Swim Wear
body_835,835,133,100,100,2517,100,3000,0,,,,,12,10,18,10,120,2,243,/Game/Characters/Modular/Female/body_835/body_835/SkeletalMeshes/body_835,/Game/Characters/Modular/Male/body_835/body_835/SkeletalMeshes/body_835,LBOD835,Moonlight Swim Wear,Moonlight Swim Wear
body_836,836,133,100,100,2517,100,3000,0,,,,,12,10,15,10,120,2,243,/Game/Characters/Modular/Female/body_836/body_836/SkeletalMeshes/body_836,/Game/Characters/Modular/Male/body_836/body_836/SkeletalMeshes/body_836,LBOD836,Aqua Swim Wear,Aqua Swim Wear
body_837,837,133,100,100,2517,100,3000,0,,,,,11,10,15,10,120,2,243,/Game/Characters/Modular/Female/body_837/body_837/SkeletalMeshes/body_837,/Game/Characters/Modular/Male/body_837/body_837/SkeletalMeshes/body_837,LBOD837,Fire Swim Wear,Fire Swim Wear
body_838,838,133,100,100,2517,100,3000,0,,,,,10,10,15,10,120,2,243,/Game/Characters/Modular/Female/body_838/body_838/SkeletalMeshes/body_838,/Game/Characters/Modular/Male/body_838/body_838/SkeletalMeshes/body_838,LBOD838,Earth Swim Wear,Earth Swim Wear
body_839,839,133,100,100,2517,100,3000,0,,,,,20,10,22,10,120,2,242,/Game/Characters/Modular/Female/body_839/body_839/SkeletalMeshes/body_839,/Game/Characters/Modular/Male/body_839/body_839/SkeletalMeshes/body_839,LBOD839,Beachy Swim Wear,Beachy Swim Wear
body_840,840,0,0,0,0,0,0,0,,,,,,,,,,,0,/Game/Characters/Modular/Female/body_840/body_840/SkeletalMeshes/body_840,/Game/Characters/Modular/Male/body_840/body_840/SkeletalMeshes/body_840,,,
body_841,841,133,255,185,2517,100,3000,0,,,,,10,30,15,30,120,2,242,/Game/Characters/Modular/Female/body_841/body_841/SkeletalMeshes/body_841,/Game/Characters/Modular/Male/body_841/body_841/SkeletalMeshes/body_841,LBOD841,Baseball Uniform,A uniform commonly worn by baseball players.
body_842,842,133,255,185,2517,100,3000,0,,,,,22,40,12,30,120,2,242,/Game/Characters/Modular/Female/body_842/body_842/SkeletalMeshes/body_842,/Game/Characters/Modular/Male/body_842/body_842/SkeletalMeshes/body_842,LBOD842,Blue Dressy Dress,A pretty blue dress.
body_843,843,133,255,185,2517,100,3000,0,,,,,11,30,22,50,120,2,242,/Game/Characters/Modular/Female/body_843/body_843/SkeletalMeshes/body_843,/Game/Characters/Modular/Male/body_843/body_843/SkeletalMeshes/body_843,LBOD843,Karate Uniform,A karate uniform.
body_844,844,133,255,185,2517,100,3000,0,,,,,12,30,19,50,120,2,242,/Game/Characters/Modular/Female/body_844/body_844/SkeletalMeshes/body_844,/Game/Characters/Modular/Male/body_844/body_844/SkeletalMeshes/body_844,LBOD844,Elegant Muse Suit,A suit that can only be worn by the most powerful muses.
body_845,845,133,255,185,2517,100,3000,0,,,,,10,30,19,30,120,2,242,/Game/Characters/Modular/Female/body_845/body_845/SkeletalMeshes/body_845,/Game/Characters/Modular/Male/body_845/body_845/SkeletalMeshes/body_845,LBOD845,Summer School 2008 Uniform,Uniform for students who attend school during the summer of 2008.
body_846,846,133,255,185,2517,100,3000,0,,,,,13,30,15,30,120,2,242,/Game/Characters/Modular/Female/body_846/body_846/SkeletalMeshes/body_846,/Game/Characters/Modular/Male/body_846/body_846/SkeletalMeshes/body_846,LBOD846,GT Pit Crew Blue Suit,Blue uniform for GT Racing pit crew members.
body_847,847,133,255,185,2517,100,3000,0,,,,,13,30,12,30,120,2,242,/Game/Characters/Modular/Female/body_847/body_847/SkeletalMeshes/body_847,/Game/Characters/Modular/Male/body_847/body_847/SkeletalMeshes/body_847,LBOD847,GT Pit Crew Red Suit,Red uniform for GT Racing pit crew members.
body_848,848,133,255,185,2517,100,3000,0,,,,,11,30,22,50,120,2,242,/Game/Characters/Modular/Female/body_848/body_848/SkeletalMeshes/body_848,/Game/Characters/Modular/Male/body_848/body_848/SkeletalMeshes/body_848,LBOD848,Casual Tshirt & Jeans,A casual set of t-shirt and jeans.
body_849,849,133,255,185,2517,100,3000,0,,,,,22,40,12,30,120,2,242,/Game/Characters/Modular/Female/body_849/body_849/SkeletalMeshes/body_849,/Game/Characters/Modular/Male/body_849/body_849/SkeletalMeshes/body_849,LBOD849,Black Dressy Dress,A pretty black dress.
body_850,850,133,255,185,2517,100,3000,0,,,,,12,30,20,40,120,2,242,/Game/Characters/Modular/Female/body_850/body_850/SkeletalMeshes/body_850,/Game/Characters/Modular/Male/body_850/body_850/SkeletalMeshes/body_850,LBOD850,Alpha Armor,The legendary armor of Alpha.
body_851,851,133,255,185,2517,100,3000,0,,,,,11,30,20,40,120,2,242,/Game/Characters/Modular/Female/body_851/body_851/SkeletalMeshes/body_851,/Game/Characters/Modular/Male/body_851/body_851/SkeletalMeshes/body_851,LBOD851,Glowstick Wear,Clothes decorated with glowsticks.
body_852,852,133,255,185,2517,100,3000,0,,,,,10,30,20,40,120,2,242,/Game/Characters/Modular/Female/body_852/body_852/SkeletalMeshes/body_852,/Game/Characters/Modular/Male/body_852/body_852/SkeletalMeshes/body_852,LBOD852,Omega Armor,The legendary armor of Omega.
body_853,853,133,255,185,2517,100,3000,0,,,,,22,40,12,30,120,2,242,/Game/Characters/Modular/Female/body_853/body_853/SkeletalMeshes/body_853,/Game/Characters/Modular/Male/body_853/body_853/SkeletalMeshes/body_853,LBOD853,White Trench Coat,An expensive white trench coat.
body_854,854,133,255,185,2517,100,3000,0,,,,,19,50,12,30,120,2,242,/Game/Characters/Modular/Female/body_854/body_854/SkeletalMeshes/body_854,/Game/Characters/Modular/Male/body_854/body_854/SkeletalMeshes/body_854,LBOD854,Colonial Wear,A set of colonial fassioned clothes.
body_855,855,133,255,185,2517,100,3000,0,,,,,13,40,12,30,120,2,242,/Game/Characters/Modular/Female/body_855/body_855/SkeletalMeshes/body_855,/Game/Characters/Modular/Male/body_855/body_855/SkeletalMeshes/body_855,LBOD855,Dance Wear,Clothes often worn by salsa dancers.
body_856,856,133,255,185,2517,100,3000,0,,,,,20,40,11,30,120,2,242,/Game/Characters/Modular/Female/body_856/body_856/SkeletalMeshes/body_856,/Game/Characters/Modular/Male/body_856/body_856/SkeletalMeshes/body_856,LBOD856,Zephyr Venus Wear,
body_857,857,133,255,185,2517,100,3000,0,,,,,20,40,10,30,120,2,242,/Game/Characters/Modular/Female/body_857/body_857/SkeletalMeshes/body_857,/Game/Characters/Modular/Male/body_857/body_857/SkeletalMeshes/body_857,LBOD857,Turbo Venus Wear,
body_858,858,133,255,185,2517,100,3000,0,,,,,20,40,12,30,120,2,242,/Game/Characters/Modular/Female/body_858/body_858/SkeletalMeshes/body_858,/Game/Characters/Modular/Male/body_858/body_858/SkeletalMeshes/body_858,LBOD858,Jager Venus Wear,
body_859,859,133,255,185,2517,100,3000,0,,,,,13,30,20,40,120,2,242,/Game/Characters/Modular/Female/body_859/body_859/SkeletalMeshes/body_859,/Game/Characters/Modular/Male/body_859/body_859/SkeletalMeshes/body_859,LBOD859,Brown Dress,
body_860,860,133,255,185,2517,100,3000,0,,,,,20,40,11,30,120,2,242,/Game/Characters/Modular/Female/body_860/body_860/SkeletalMeshes/body_860,/Game/Characters/Modular/Male/body_860/body_860/SkeletalMeshes/body_860,LBOD860,Black Samurai Armor,
body_861,861,133,255,185,2517,100,3000,0,,,,,20,40,10,30,120,2,242,/Game/Characters/Modular/Female/body_861/body_861/SkeletalMeshes/body_861,/Game/Characters/Modular/Male/body_861/body_861/SkeletalMeshes/body_861,LBOD861,Golden Samurai Armor,
body_862,862,133,255,185,2517,100,3000,0,,,,,20,40,13,30,120,2,242,/Game/Characters/Modular/Female/body_862/body_862/SkeletalMeshes/body_862,/Game/Characters/Modular/Male/body_862/body_862/SkeletalMeshes/body_862,LBOD862,Blood Samurai Armor,
body_863,863,133,255,185,2517,100,3000,0,,,,,20,40,12,30,120,2,242,/Game/Characters/Modular/Female/body_863/body_863/SkeletalMeshes/body_863,/Game/Characters/Modular/Male/body_863/body_863/SkeletalMeshes/body_863,LBOD863,White Samurai Armor,
body_864,864,133,50,30,2369,100,1000,0,,,,,14,50,,,20,2,242,/Game/Characters/Modular/Female/body_864/body_864/SkeletalMeshes/body_864,/Game/Characters/Modular/Male/body_864/body_864/SkeletalMeshes/body_864,LBOD864,Pumpkin Costume,A Pumpkin Costume.
body_865,865,133,50,30,2369,100,1000,0,,,,,14,50,,,20,2,242,/Game/Characters/Modular/Female/body_865/body_865/SkeletalMeshes/body_865,/Game/Characters/Modular/Male/body_865/body_865/SkeletalMeshes/body_865,LBOD865,Witch Costume,A Witch Costume.
body_866,866,133,255,185,2517,100,1000,0,,,,,13,40,12,30,120,2,242,/Game/Characters/Modular/Female/body_866/body_866/SkeletalMeshes/body_866,/Game/Characters/Modular/Male/body_866/body_866/SkeletalMeshes/body_866,LBOD866,Rocker Dress,A fassionable rocker dress.
body_867,867,133,20,10,275,24,3000,0,,,,,38,100,39,100,20,10,241,/Game/Characters/Modular/Female/body_867/body_867/SkeletalMeshes/body_867,/Game/Characters/Modular/Male/body_867/body_867/SkeletalMeshes/body_867,LBOD867,Christmas Costume 2008,Christmas costume from event 2008.
body_868,868,133,20,10,275,24,3000,0,,,,,38,100,39,100,20,10,241,/Game/Characters/Modular/Female/body_868/body_868/SkeletalMeshes/body_868,/Game/Characters/Modular/Male/body_868/body_868/SkeletalMeshes/body_868,LBOD868,Christmas Suit 2008,Christmas suit from event 2008.
body_869,869,133,20,10,275,24,3000,0,,,,,38,100,39,100,20,10,241,/Game/Characters/Modular/Female/body_869/body_869/SkeletalMeshes/body_869,/Game/Characters/Modular/Male/body_869/body_869/SkeletalMeshes/body_869,LBOD869,Christmas Dress 2008,Christmas dress from event 2008.
body_870,870,133,255,185,2517,100,1000,0,,,,,20,40,10,30,120,2,242,/Game/Characters/Modular/Female/body_870/body_870/SkeletalMeshes/body_870,/Game/Characters/Modular/Male/body_870/body_870/SkeletalMeshes/body_870,LBOD870,Cheerleader Uniform,A high school spirited cheerleader uniform.
body_871,871,133,255,185,2517,100,1000,0,,,,,20,40,11,30,120,2,242,/Game/Characters/Modular/Female/body_871/body_871/SkeletalMeshes/body_871,/Game/Characters/Modular/Male/body_871/body_871/SkeletalMeshes/body_871,LBOD871,Cute Red Uniform,A redesigned cute red servant uniform.
body_872,872,133,255,185,2517,100,1000,0,,,,,20,40,12,30,120,2,242,/Game/Characters/Modular/Female/body_872/body_872/SkeletalMeshes/body_872,/Game/Characters/Modular/Male/body_872/body_872/SkeletalMeshes/body_872,LBOD872,Cute Blue Uniform,A redesigned cute blue servant uniform.
body_873,873,133,255,185,2517,100,1000,0,,,,,20,40,13,30,120,2,242,/Game/Characters/Modular/Female/body_873/body_873/SkeletalMeshes/body_873,/Game/Characters/Modular/Male/body_873/body_873/SkeletalMeshes/body_873,LBOD873,Babydoll Dress,Babydoll Dress
body_874,874,133,255,185,2517,100,1000,0,,,,,22,40,12,30,120,2,242,/Game/Characters/Modular/Female/body_874/body_874/SkeletalMeshes/body_874,/Game/Characters/Modular/Male/body_874/body_874/SkeletalMeshes/body_874,LBOD874,Ugo Dress,Ugo Dress
body_875,875,133,255,185,2517,100,1000,0,,,,,19,50,12,30,120,2,242,/Game/Characters/Modular/Female/body_875/body_875/SkeletalMeshes/body_875,/Game/Characters/Modular/Male/body_875/body_875/SkeletalMeshes/body_875,LBOD875,Hikesi Robe,Hikesi Robe
body_876,876,133,20,30,2369,100,1000,0,,,,,,,,,20,2,242,/Game/Characters/Modular/Female/body_876/body_876/SkeletalMeshes/body_876,/Game/Characters/Modular/Male/body_876/body_876/SkeletalMeshes/body_876,LBOD876,New Year's Dress,New Year's Dress
body_877,877,0,0,0,0,0,0,0,,,,,,,,,,,0,/Game/Characters/Modular/Female/body_877/body_877/SkeletalMeshes/body_877,/Game/Characters/Modular/Male/body_877/body_877/SkeletalMeshes/body_877,,,
body_878,878,133,50,50,3413,100,1000,0,,,,,20,30,10,10,50,2,242,/Game/Characters/Modular/Female/body_878/body_878/SkeletalMeshes/body_878,/Game/Characters/Modular/Male/body_878/body_878/SkeletalMeshes/body_878,LBOD691,Botanical Dress,A beautiful flowery dress.
body_879,879,133,50,50,3410,100,1000,0,,,,,20,30,11,10,50,2,242,/Game/Characters/Modular/Female/body_879/body_879/SkeletalMeshes/body_879,/Game/Characters/Modular/Male/body_879/body_879/SkeletalMeshes/body_879,LBOD692,Candy Dress,A dress made out of candy that is actually edible.
body_880,880,133,50,50,3410,100,1000,0,,,,,20,30,12,10,50,2,242,/Game/Characters/Modular/Female/body_880/body_880/SkeletalMeshes/body_880,/Game/Characters/Modular/Male/body_880/body_880/SkeletalMeshes/body_880,LBOD693,Bluekitty Dress,A blue kitty dress.
body_881,881,133,30,30,407,100,1000,0,,,,,20,20,15,10,50,2,242,/Game/Characters/Modular/Female/body_881/body_881/SkeletalMeshes/body_881,/Game/Characters/Modular/Male/body_881/body_881/SkeletalMeshes/body_881,LBOD694,Junior High School Look,Uniform worn by junior high school students.
body_882,882,133,255,185,2517,100,1000,0,,,,,20,40,10,30,120,2,242,/Game/Characters/Modular/Female/body_882/body_882/SkeletalMeshes/body_882,/Game/Characters/Modular/Male/body_882/body_882/SkeletalMeshes/body_882,LBOD695,Undertaker Coat,A western trench coat worn by undertakers.
body_883,883,133,30,30,3425,100,1000,0,,,,,18,30,15,10,50,2,242,/Game/Characters/Modular/Female/body_883/body_883/SkeletalMeshes/body_883,/Game/Characters/Modular/Male/body_883/body_883/SkeletalMeshes/body_883,LBOD696,Elementry School Look,Uniform worn by elementary school students.
body_884,884,133,50,50,3412,100,1000,0,,,,,20,30,15,10,50,2,242,/Game/Characters/Modular/Female/body_884/body_884/SkeletalMeshes/body_884,/Game/Characters/Modular/Male/body_884/body_884/SkeletalMeshes/body_884,LBOD697,Mouse Suit,A fluffy mouse costume.
body_885,885,133,50,50,3412,100,1000,0,,,,,18,50,20,30,50,2,242,/Game/Characters/Modular/Female/body_885/body_885/SkeletalMeshes/body_885,/Game/Characters/Modular/Male/body_885/body_885/SkeletalMeshes/body_885,LBOD698,Usagi Suit Pink,A fluffy pink costume.
body_886,886,133,50,50,3412,100,1000,0,,,,,18,50,20,30,50,2,242,/Game/Characters/Modular/Female/body_886/body_886/SkeletalMeshes/body_886,/Game/Characters/Modular/Male/body_886/body_886/SkeletalMeshes/body_886,LBOD699,Usagi Suit Brown,A fluffy brown costume.
body_887,887,133,255,185,2517,100,1000,0,,,,,20,40,12,30,120,2,242,/Game/Characters/Modular/Female/body_887/body_887/SkeletalMeshes/body_887,/Game/Characters/Modular/Male/body_887/body_887/SkeletalMeshes/body_887,LBOD700,Kurara Suit,A kurara costume.
body_888,888,133,255,185,2517,100,1000,0,,,,,20,40,13,30,120,2,242,/Game/Characters/Modular/Female/body_888/body_888/SkeletalMeshes/body_888,/Game/Characters/Modular/Male/body_888/body_888/SkeletalMeshes/body_888,LBOD701,Underworld Suit,A suit worn by those who live the night life.
body_889,889,0,0,0,0,0,0,0,,,,,,,,,,,0,/Game/Characters/Modular/Female/body_889/body_889/SkeletalMeshes/body_889,/Game/Characters/Modular/Male/body_889/body_889/SkeletalMeshes/body_889,,,
body_890,890,0,0,0,0,0,0,0,,,,,,,,,,,0,/Game/Characters/Modular/Female/body_890/body_890/SkeletalMeshes/body_890,/Game/Characters/Modular/Male/body_890/body_890/SkeletalMeshes/body_890,,,
body_891,891,0,0,0,0,0,0,0,,,,,,,,,,,0,/Game/Characters/Modular/Female/body_891/body_891/SkeletalMeshes/body_891,/Game/Characters/Modular/Male/body_891/body_891/SkeletalMeshes/body_891,,,
body_892,892,0,0,0,0,0,0,0,,,,,,,,,,,0,/Game/Characters/Modular/Female/body_892/body_892/SkeletalMeshes/body_892,/Game/Characters/Modular/Male/body_892/body_892/SkeletalMeshes/body_892,,,
body_893,893,0,0,0,0,0,0,0,,,,,,,,,,,0,/Game/Characters/Modular/Female/body_893/body_893/SkeletalMeshes/body_893,/Game/Characters/Modular/Male/body_893/body_893/SkeletalMeshes/body_893,,,
body_894,894,0,0,0,0,0,0,0,,,,,,,,,,,0,/Game/Characters/Modular/Female/body_894/body_894/SkeletalMeshes/body_894,/Game/Characters/Modular/Male/body_894/body_894/SkeletalMeshes/body_894,,,
body_895,895,0,0,0,0,0,0,0,,,,,,,,,,,0,/Game/Characters/Modular/Female/body_895/body_895/SkeletalMeshes/body_895,/Game/Characters/Modular/Male/body_895/body_895/SkeletalMeshes/body_895,,,
body_896,896,0,0,0,0,0,0,0,,,,,,,,,,,0,/Game/Characters/Modular/Female/body_896/body_896/SkeletalMeshes/body_896,/Game/Characters/Modular/Male/body_896/body_896/SkeletalMeshes/body_896,,,
body_897,897,0,0,0,0,0,0,0,,,,,,,,,,,0,/Game/Characters/Modular/Female/body_897/body_897/SkeletalMeshes/body_897,/Game/Characters/Modular/Male/body_897/body_897/SkeletalMeshes/body_897,,,
body_898,898,0,0,0,0,0,0,0,,,,,,,,,,,0,/Game/Characters/Modular/Female/body_898/body_898/SkeletalMeshes/body_898,/Game/Characters/Modular/Male/body_898/body_898/SkeletalMeshes/body_898,,,
body_899,899,0,0,0,0,0,0,0,,,,,,,,,,,0,/Game/Characters/Modular/Female/body_899/body_899/SkeletalMeshes/body_899,/Game/Characters/Modular/Male/body_899/body_899/SkeletalMeshes/body_899,,,
body_900,900,0,0,0,0,0,0,0,,,,,,,,,,,0,/Game/Characters/Modular/Female/body_900/body_900/SkeletalMeshes/body_900,/Game/Characters/Modular/Male/body_900/body_900/SkeletalMeshes/body_900,,,
body_901,901,0,0,0,0,0,0,0,,,,,,,,,,,0,/Game/Characters/Modular/Female/body_901/body_901/SkeletalMeshes/body_901,/Game/Characters/Modular/Male/body_901/body_901/SkeletalMeshes/body_901,,,
body_902,902,0,0,0,0,0,0,0,,,,,,,,,,,0,/Game/Characters/Modular/Female/body_902/body_902/SkeletalMeshes/body_902,/Game/Characters/Modular/Male/body_902/body_902/SkeletalMeshes/body_902,,,
body_903,903,0,0,0,0,0,0,0,,,,,,,,,,,0,/Game/Characters/Modular/Female/body_903/body_903/SkeletalMeshes/body_903,/Game/Characters/Modular/Male/body_903/body_903/SkeletalMeshes/body_903,,,
body_904,904,0,0,0,0,0,0,0,,,,,,,,,,,0,/Game/Characters/Modular/Female/body_904/body_904/SkeletalMeshes/body_904,/Game/Characters/Modular/Male/body_904/body_904/SkeletalMeshes/body_904,,,
body_905,905,0,0,0,0,0,0,0,,,,,,,,,,,0,/Game/Characters/Modular/Female/body_905/body_905/SkeletalMeshes/body_905,/Game/Characters/Modular/Male/body_905/body_905/SkeletalMeshes/body_905,,,
body_906,906,0,0,0,0,0,0,0,,,,,,,,,,,0,/Game/Characters/Modular/Female/body_906/body_906/SkeletalMeshes/body_906,/Game/Characters/Modular/Male/body_906/body_906/SkeletalMeshes/body_906,,,
body_907,907,0,0,0,0,0,0,0,,,,,,,,,,,0,/Game/Characters/Modular/Female/body_907/body_907/SkeletalMeshes/body_907,/Game/Characters/Modular/Male/body_907/body_907/SkeletalMeshes/body_907,,,
body_908,908,0,0,0,0,0,0,0,,,,,,,,,,,0,/Game/Characters/Modular/Female/body_908/body_908/SkeletalMeshes/body_908,/Game/Characters/Modular/Male/body_908/body_908/SkeletalMeshes/body_908,,,
body_909,909,0,0,0,0,0,0,0,,,,,,,,,,,0,/Game/Characters/Modular/Female/body_909/body_909/SkeletalMeshes/body_909,/Game/Characters/Modular/Male/body_909/body_909/SkeletalMeshes/body_909,,,
body_910,910,0,0,0,0,0,0,0,,,,,,,,,,,0,/Game/Characters/Modular/Female/body_910/body_910/SkeletalMeshes/body_910,/Game/Characters/Modular/Male/body_910/body_910/SkeletalMeshes/body_910,,,
body_911,911,0,0,0,0,0,0,0,,,,,,,,,,,0,/Game/Characters/Modular/Female/body_911/body_911/SkeletalMeshes/body_911,/Game/Characters/Modular/Male/body_911/body_911/SkeletalMeshes/body_911,,,
body_912,912,0,0,0,0,0,0,0,,,,,,,,,,,0,/Game/Characters/Modular/Female/body_912/body_912/SkeletalMeshes/body_912,/Game/Characters/Modular/Male/body_912/body_912/SkeletalMeshes/body_912,,,
body_913,913,0,0,0,0,0,0,0,,,,,,,,,,,0,/Game/Characters/Modular/Female/body_913/body_913/SkeletalMeshes/body_913,/Game/Characters/Modular/Male/body_913/body_913/SkeletalMeshes/body_913,,,
body_914,914,0,0,0,0,0,0,0,,,,,,,,,,,0,/Game/Characters/Modular/Female/body_914/body_914/SkeletalMeshes/body_914,/Game/Characters/Modular/Male/body_914/body_914/SkeletalMeshes/body_914,,,
body_915,915,0,0,0,0,0,0,0,,,,,,,,,,,0,/Game/Characters/Modular/Female/body_915/body_915/SkeletalMeshes/body_915,/Game/Characters/Modular/Male/body_915/body_915/SkeletalMeshes/body_915,,,
body_916,916,0,0,0,0,0,0,0,,,,,,,,,,,0,/Game/Characters/Modular/Female/body_916/body_916/SkeletalMeshes/body_916,/Game/Characters/Modular/Male/body_916/body_916/SkeletalMeshes/body_916,,,
body_917,917,0,0,0,0,0,0,0,,,,,,,,,,,0,/Game/Characters/Modular/Female/body_917/body_917/SkeletalMeshes/body_917,/Game/Characters/Modular/Male/body_917/body_917/SkeletalMeshes/body_917,,,
body_918,918,0,0,0,0,0,0,0,,,,,,,,,,,0,/Game/Characters/Modular/Female/body_918/body_918/SkeletalMeshes/body_918,/Game/Characters/Modular/Male/body_918/body_918/SkeletalMeshes/body_918,,,
body_919,919,0,0,0,0,0,0,0,,,,,,,,,,,0,/Game/Characters/Modular/Female/body_919/body_919/SkeletalMeshes/body_919,/Game/Characters/Modular/Male/body_919/body_919/SkeletalMeshes/body_919,,,
body_920,920,131,291,185,3644,76,350000,0,31,255,,,38,575,10,15,100,20,225,/Game/Characters/Modular/Female/body_920/body_920/SkeletalMeshes/body_920,/Game/Characters/Modular/Male/body_920/body_920/SkeletalMeshes/body_920,LBOD920,Accelerator  suit,
body_921,921,132,253,225,3667,95,350000,0,31,255,,,38,575,12,15,100,20,233,/Game/Characters/Modular/Female/body_921/body_921/SkeletalMeshes/body_921,/Game/Characters/Modular/Male/body_921/body_921/SkeletalMeshes/body_921,LBOD921,Pathwalker suit,
body_922,922,133,261,177,3642,105,350000,0,,,,,11,30,22,50,125,20,237,/Game/Characters/Modular/Female/body_922/body_922/SkeletalMeshes/body_922,/Game/Characters/Modular/Male/body_922/body_922/SkeletalMeshes/body_922,LBOD922,Barbarian suit,
body_923,923,133,281,175,3669,50,350000,0,,, , ,38,575,13,50,125,2,241,/Game/Characters/Modular/Female/body_923/body_923/SkeletalMeshes/body_923,/Game/Characters/Modular/Male/body_923/body_923/SkeletalMeshes/body_923,LBOD923,Robin Hood suit,
body_924,924,131,291,185,3640,76,350000,0,31,255,,,38,575,10,15,100,20,225,/Game/Characters/Modular/Female/body_924/body_924/SkeletalMeshes/body_924,/Game/Characters/Modular/Male/body_924/body_924/SkeletalMeshes/body_924,LBOD924,Paladin suit,
body_925,925,132,253,225,3645,95,350000,0,31,255,,,38,575,12,15,100,20,233,/Game/Characters/Modular/Female/body_925/body_925/SkeletalMeshes/body_925,/Game/Characters/Modular/Male/body_925/body_925/SkeletalMeshes/body_925,LBOD925,Divine Spirit suit,
body_926,926,131,271,187,3646,87,350000,0,31,255,,,38,575,11,15,100,20,229,/Game/Characters/Modular/Female/body_926/body_926/SkeletalMeshes/body_926,/Game/Characters/Modular/Male/body_926/body_926/SkeletalMeshes/body_926,LBOD926,Beast suit,
body_927,927,133,280,217,3647,105,350000,0,31,255,,,38,575,13,15,100,20,237,/Game/Characters/Modular/Female/body_927/body_927/SkeletalMeshes/body_927,/Game/Characters/Modular/Male/body_927/body_927/SkeletalMeshes/body_927,LBOD927,Mortar unit suit,
body_928,928,131,281,175,3962,76,350000,0,,,,,38,275,10,50,125,20,225,/Game/Characters/Modular/Female/body_928/body_928/SkeletalMeshes/body_928,/Game/Characters/Modular/Male/body_928/body_928/SkeletalMeshes/body_928,LBOD928,Firegon suit suit,
body_929,929,132,243,215,3648,95,350000,0,,,,,38,575,12,50,125,20,233,/Game/Characters/Modular/Female/body_929/body_929/SkeletalMeshes/body_929,/Game/Characters/Modular/Male/body_929/body_929/SkeletalMeshes/body_929,LBOD929,Kashmir suit,
body_930,930,133,280,218,3643,105,350000,0,31,255,,,38,575,13,15,100,20,237,/Game/Characters/Modular/Female/body_930/body_930/SkeletalMeshes/body_930,/Game/Characters/Modular/Male/body_930/body_930/SkeletalMeshes/body_930,LBOD930,Kevlar Suit,
body_931,931,131,280,218,3677,50,350000,0,,, , ,38,575,13,50,125,2,241,/Game/Characters/Modular/Female/body_931/body_931/SkeletalMeshes/body_931,/Game/Characters/Modular/Male/body_931/body_931/SkeletalMeshes/body_931,LBOD931,Final Fantasy VIII Costume,
body_932,932,133,75,75,3130,50,350000,0, , , , ,20,20,19,10,50,2,241,/Game/Characters/Modular/Female/body_932/body_932/SkeletalMeshes/body_932,/Game/Characters/Modular/Male/body_932/body_932/SkeletalMeshes/body_932,LBOD932,Pink Nurse Suit,
body_933,933,133,75,75,3675,50,350000,0, , , , ,20,20,21,10,50,2,241,/Game/Characters/Modular/Female/body_933/body_933/SkeletalMeshes/body_933,/Game/Characters/Modular/Male/body_933/body_933/SkeletalMeshes/body_933,LBOD933,Sumo suit suit,
body_934,934,133,75,75,3674,50,350000,0, , , , ,20,20,22,10,50,2,241,/Game/Characters/Modular/Female/body_934/body_934/SkeletalMeshes/body_934,/Game/Characters/Modular/Male/body_934/body_934/SkeletalMeshes/body_934,LBOD934,Playboy suit,
body_935,935,133,75,75,3650,50,350000,0, , , , ,20,20,18,10,50,2,241,/Game/Characters/Modular/Female/body_935/body_935/SkeletalMeshes/body_935,/Game/Characters/Modular/Male/body_935/body_935/SkeletalMeshes/body_935,LBOD935,Quicherat suit,
body_936,936,133,281,175,3664,50,350000,0,,, , ,38,275,10,50,125,2,241,/Game/Characters/Modular/Female/body_936/body_936/SkeletalMeshes/body_936,/Game/Characters/Modular/Male/body_936/body_936/SkeletalMeshes/body_936,LBOD936,Final Fantasy VII Costume,
body_937,937,133,243,215,3663,50,350000,0,,, , ,38,575,12,50,125,2,241,/Game/Characters/Modular/Female/body_937/body_937/SkeletalMeshes/body_937,/Game/Characters/Modular/Male/body_937/body_937/SkeletalMeshes/body_937,LBOD937,Sexy Tiger Dress,
body_938,938,133,75,75,3662,50,350000,0,,, , ,20,20,19,10,50,2,241,/Game/Characters/Modular/Female/body_938/body_938/SkeletalMeshes/body_938,/Game/Characters/Modular/Male/body_938/body_938/SkeletalMeshes/body_938,LBOD938,Pink Heart Dress,
body_939,939,133,75,75,3676,50,350000,0,,, , ,20,20,21,10,50,2,241,/Game/Characters/Modular/Female/body_939/body_939/SkeletalMeshes/body_939,/Game/Characters/Modular/Male/body_939/body_939/SkeletalMeshes/body_939,LBOD939,Stawberry Suit,
body_940,940,133,75,75,3660,50,350000,0,,, , ,20,20,22,10,50,2,241,/Game/Characters/Modular/Female/body_940/body_940/SkeletalMeshes/body_940,/Game/Characters/Modular/Male/body_940/body_940/SkeletalMeshes/body_940,LBOD940,Bunny Suit,
body_941,941,133,185,100,3661,50,350000,0,,, , ,22,30,18,10,53,2,241,/Game/Characters/Modular/Female/body_941/body_941/SkeletalMeshes/body_941,/Game/Characters/Modular/Male/body_941/body_941/SkeletalMeshes/body_941,LBOD941,Koala Costume,
body_942,942,133,185,100,3658,50,350000,0,,, , ,20,30,18,10,53,2,241,/Game/Characters/Modular/Female/body_942/body_942/SkeletalMeshes/body_942,/Game/Characters/Modular/Male/body_942/body_942/SkeletalMeshes/body_942,LBOD942,Froggy Costume,
body_943,943,133,185,100,3657,50,350000,0,,, , ,18,30,22,10,53,2,241,/Game/Characters/Modular/Female/body_943/body_943/SkeletalMeshes/body_943,/Game/Characters/Modular/Male/body_943/body_943/SkeletalMeshes/body_943,LBOD943,Panda Costume,
body_944,944,133,281,175,3656,50,350000,0,,, , ,38,575,13,50,125,2,241,/Game/Characters/Modular/Female/body_944/body_944/SkeletalMeshes/body_944,/Game/Characters/Modular/Male/body_944/body_944/SkeletalMeshes/body_944,LBOD944,Sexy Chinese Dress,
body_945,945,131,271,187,3655,87,350000,0,31,255,,,38,575,11,15,100,20,229,/Game/Characters/Modular/Female/body_945/body_945/SkeletalMeshes/body_945,/Game/Characters/Modular/Male/body_945/body_945/SkeletalMeshes/body_945,LBOD945,Pirate suit,
body_946,946,133,75,75,3654,50,350000,0, , , , ,20,20,19,10,50,2,241,/Game/Characters/Modular/Female/body_946/body_946/SkeletalMeshes/body_946,/Game/Characters/Modular/Male/body_946/body_946/SkeletalMeshes/body_946,LBOD946,Pink Kimono,
body_947,947,133,75,75,3653,50,350000,0, , , , ,20,20,21,10,50,2,241,/Game/Characters/Modular/Female/body_947/body_947/SkeletalMeshes/body_947,/Game/Characters/Modular/Male/body_947/body_947/SkeletalMeshes/body_947,LBOD947,Luxurious Dress,
body_948,948,131,251,167,3518,87,350000,0,,,,,38,575,11,50,125,20,229,/Game/Characters/Modular/Female/body_948/body_948/SkeletalMeshes/body_948,/Game/Characters/Modular/Male/body_948/body_948/SkeletalMeshes/body_948,LBOD948,Tattoo Suit,
body_949,949,131,281,175,3962,76,350000,0,,,,,38,275,10,50,125,20,225,/Game/Characters/Modular/Female/body_949/body_949/SkeletalMeshes/body_949,/Game/Characters/Modular/Male/body_949/body_949/SkeletalMeshes/body_949,LBOD949,Firegon Suit Blue,
body_950,950,131,251,167,3646,87,350000,0,,,,,38,575,11,50,125,20,229,/Game/Characters/Modular/Female/body_950/body_950/SkeletalMeshes/body_950,/Game/Characters/Modular/Male/body_950/body_950/SkeletalMeshes/body_950,LBOD950,Beast Suit Black,
body_951,951,131,251,167,3518,87,350000,0,,,,,38,575,11,50,125,20,229,/Game/Characters/Modular/Female/body_951/body_951/SkeletalMeshes/body_951,/Game/Characters/Modular/Male/body_951/body_951/SkeletalMeshes/body_951,LBOD951,Tatoo Suit Red,
body_952,952,0,0,0,0,0,0,0,,,,,,,,,,,0,/Game/Characters/Modular/Female/body_952/body_952/SkeletalMeshes/body_952,/Game/Characters/Modular/Male/body_952/body_952/SkeletalMeshes/body_952,,,
body_953,953,0,0,0,0,0,0,0,,,,,,,,,,,0,/Game/Characters/Modular/Female/body_953/body_953/SkeletalMeshes/body_953,/Game/Characters/Modular/Male/body_953/body_953/SkeletalMeshes/body_953,,,
body_954,954,0,0,0,0,0,0,0,,,,,,,,,,,0,/Game/Characters/Modular/Female/body_954/body_954/SkeletalMeshes/body_954,/Game/Characters/Modular/Male/body_954/body_954/SkeletalMeshes/body_954,,,
body_955,955,131,281,175,6301,76,150000,0,,,,,22,50,11,30,125,20,225,/Game/Characters/Modular/Female/body_955/body_955/SkeletalMeshes/body_955,/Game/Characters/Modular/Male/body_955/body_955/SkeletalMeshes/body_955,LBOD955,Blue Warper Suit,P2P Warper Armor
body_956,956,131,281,175,6299,76,150000,0,,,,,19,50,10,30,125,20,225,/Game/Characters/Modular/Female/body_956/body_956/SkeletalMeshes/body_956,/Game/Characters/Modular/Male/body_956/body_956/SkeletalMeshes/body_956,LBOD956,Gray Warper Suit,P2P Warper Armor
body_957,957,131,281,175,6309,76,150000,0,,,,,20,50,12,30,125,20,225,/Game/Characters/Modular/Female/body_957/body_957/SkeletalMeshes/body_957,/Game/Characters/Modular/Male/body_957/body_957/SkeletalMeshes/body_957,LBOD957,Green Warper Suit,P2P Warper Armor
body_958,958,131,281,175,6312,76,150000,0,,,,,19,50,12,30,125,20,225,/Game/Characters/Modular/Female/body_958/body_958/SkeletalMeshes/body_958,/Game/Characters/Modular/Male/body_958/body_958/SkeletalMeshes/body_958,LBOD958,Orange Warper Suit,P2P Warper Armor
body_959,959,131,281,175,6335,76,150000,0,,,,,22,30,12,30,125,20,225,/Game/Characters/Modular/Female/body_959/body_959/SkeletalMeshes/body_959,/Game/Characters/Modular/Male/body_959/body_959/SkeletalMeshes/body_959,LBOD959,Purple Warper Suit,P2P Warper Armor
body_960,960,131,281,175,6287,76,150000,0,,,,,18,50,26,30,125,20,225,/Game/Characters/Modular/Female/body_960/body_960/SkeletalMeshes/body_960,/Game/Characters/Modular/Male/body_960/body_960/SkeletalMeshes/body_960,LBOD960,Frost Skater Suit,P2P Skater Armor
body_961,961,131,100,80,6286,76,150000,0,,,,,20,30,10,10,50,20,225,/Game/Characters/Modular/Female/body_961/body_961/SkeletalMeshes/body_961,/Game/Characters/Modular/Male/body_961/body_961/SkeletalMeshes/body_961,LBOD961,Dream Skater Suit,P2P Skater Armor
body_962,962,131,100,80,6285,76,150000,0,,,,,20,30,11,10,50,20,225,/Game/Characters/Modular/Female/body_962/body_962/SkeletalMeshes/body_962,/Game/Characters/Modular/Male/body_962/body_962/SkeletalMeshes/body_962,LBOD962,Rose Skater Suit,P2P Skater Armor
body_963,963,131,100,80,6284,76,150000,0,,,,,20,30,12,10,50,20,225,/Game/Characters/Modular/Female/body_963/body_963/SkeletalMeshes/body_963,/Game/Characters/Modular/Male/body_963/body_963/SkeletalMeshes/body_963,LBOD963,Vine Skater Suit,P2P Skater Armor
body_964,964,131,100,80,6282,76,150000,0,,,,,20,30,15,10,50,20,225,/Game/Characters/Modular/Female/body_964/body_964/SkeletalMeshes/body_964,/Game/Characters/Modular/Male/body_964/body_964/SkeletalMeshes/body_964,LBOD964,Combat Bikini,P2P Bikini
body_965,965,131,100,80,6283,76,150000,0,,,,,20,30,10,10,50,20,225,/Game/Characters/Modular/Female/body_965/body_965/SkeletalMeshes/body_965,/Game/Characters/Modular/Male/body_965/body_965/SkeletalMeshes/body_965,LBOD965,Shine Bikini,P2P Bikini
body_966,966,131,100,80,6281,76,150000,0,,,,,20,30,11,10,50,20,225,/Game/Characters/Modular/Female/body_966/body_966/SkeletalMeshes/body_966,/Game/Characters/Modular/Male/body_966/body_966/SkeletalMeshes/body_966,LBOD966,Nightvision Bikini,P2P Bikini
body_967,967,131,100,80,6280,76,150000,0,,,,,20,30,12,10,50,20,225,/Game/Characters/Modular/Female/body_967/body_967/SkeletalMeshes/body_967,/Game/Characters/Modular/Male/body_967/body_967/SkeletalMeshes/body_967,LBOD967,Blushell Bikini,P2P Bikini
body_968,968,131,100,80,6279,76,150000,0,,,,,20,30,13,10,50,20,225,/Game/Characters/Modular/Female/body_968/body_968/SkeletalMeshes/body_968,/Game/Characters/Modular/Male/body_968/body_968/SkeletalMeshes/body_968,LBOD968,Plaid Bikini,P2P Bikini
body_970,970,0,0,0,0,0,0,0,,,,,,,,,,,0,/Game/Characters/Modular/Female/body_970/body_970/SkeletalMeshes/body_970,/Game/Characters/Modular/Male/body_970/body_970/SkeletalMeshes/body_970,,,
body_971,971,0,0,0,0,0,0,0,,,,,,,,,,,0,/Game/Characters/Modular/Female/body_971/body_971/SkeletalMeshes/body_971,/Game/Characters/Modular/Male/body_971/body_971/SkeletalMeshes/body_971,,,
body_972,972,0,0,0,0,0,0,0,,,,,,,,,,,0,/Game/Characters/Modular/Female/body_972/body_972/SkeletalMeshes/body_972,/Game/Characters/Modular/Male/body_972/body_972/SkeletalMeshes/body_972,,,
body_973,973,0,0,0,0,0,0,0,,,,,,,,,,,0,/Game/Characters/Modular/Female/body_973/body_973/SkeletalMeshes/body_973,/Game/Characters/Modular/Male/body_973/body_973/SkeletalMeshes/body_973,,,
body_974,974,0,0,0,0,0,0,0,,,,,,,,,,,0,/Game/Characters/Modular/Female/body_974/body_974/SkeletalMeshes/body_974,/Game/Characters/Modular/Male/body_974/body_974/SkeletalMeshes/body_974,,,
body_975,975,0,0,0,0,0,0,0,,,,,,,,,,,0,/Game/Characters/Modular/Female/body_975/body_975/SkeletalMeshes/body_975,/Game/Characters/Modular/Male/body_975/body_975/SkeletalMeshes/body_975,,,
body_976,976,0,0,0,0,0,0,0,,,,,,,,,,,0,/Game/Characters/Modular/Female/body_976/body_976/SkeletalMeshes/body_976,/Game/Characters/Modular/Male/body_976/body_976/SkeletalMeshes/body_976,,,
body_977,977,0,0,0,0,0,0,0,,,,,,,,,,,0,/Game/Characters/Modular/Female/body_977/body_977/SkeletalMeshes/body_977,/Game/Characters/Modular/Male/body_977/body_977/SkeletalMeshes/body_977,,,
body_978,978,0,0,0,0,0,0,0,,,,,,,,,,,0,/Game/Characters/Modular/Female/body_978/body_978/SkeletalMeshes/body_978,/Game/Characters/Modular/Male/body_978/body_978/SkeletalMeshes/body_978,,,
body_979,979,0,0,0,0,0,0,0,,,,,,,,,,,0,/Game/Characters/Modular/Female/body_979/body_979/SkeletalMeshes/body_979,/Game/Characters/Modular/Male/body_979/body_979/SkeletalMeshes/body_979,,,
body_980,980,0,0,0,0,0,0,0,,,,,,,,,,,0,/Game/Characters/Modular/Female/body_980/body_980/SkeletalMeshes/body_980,/Game/Characters/Modular/Male/body_980/body_980/SkeletalMeshes/body_980,,,
body_981,981,0,0,0,0,0,0,0,,,,,,,,,,,0,/Game/Characters/Modular/Female/body_981/body_981/SkeletalMeshes/body_981,/Game/Characters/Modular/Male/body_981/body_981/SkeletalMeshes/body_981,,,
body_982,982,0,0,0,0,0,0,0,,,,,,,,,,,0,/Game/Characters/Modular/Female/body_982/body_982/SkeletalMeshes/body_982,/Game/Characters/Modular/Male/body_982/body_982/SkeletalMeshes/body_982,,,
body_983,983,0,0,0,0,0,0,0,,,,,,,,,,,0,/Game/Characters/Modular/Female/body_983/body_983/SkeletalMeshes/body_983,/Game/Characters/Modular/Male/body_983/body_983/SkeletalMeshes/body_983,,,
body_984,984,0,0,0,0,0,0,0,,,,,,,,,,,0,/Game/Characters/Modular/Female/body_984/body_984/SkeletalMeshes/body_984,/Game/Characters/Modular/Male/body_984/body_984/SkeletalMeshes/body_984,,,
body_985,985,0,0,0,0,0,0,0,,,,,,,,,,,0,/Game/Characters/Modular/Female/body_985/body_985/SkeletalMeshes/body_985,/Game/Characters/Modular/Male/body_985/body_985/SkeletalMeshes/body_985,,,
body_986,986,0,0,0,0,0,0,0,,,,,,,,,,,0,/Game/Characters/Modular/Female/body_986/body_986/SkeletalMeshes/body_986,/Game/Characters/Modular/Male/body_986/body_986/SkeletalMeshes/body_986,,,
body_987,987,0,0,0,0,0,0,0,,,,,,,,,,,0,/Game/Characters/Modular/Female/body_987/body_987/SkeletalMeshes/body_987,/Game/Characters/Modular/Male/body_987/body_987/SkeletalMeshes/body_987,,,
body_988,988,0,0,0,0,0,0,0,,,,,,,,,,,0,/Game/Characters/Modular/Female/body_988/body_988/SkeletalMeshes/body_988,/Game/Characters/Modular/Male/body_988/body_988/SkeletalMeshes/body_988,,,
body_989,989,0,0,0,0,0,0,0,,,,,,,,,,,0,/Game/Characters/Modular/Female/body_989/body_989/SkeletalMeshes/body_989,/Game/Characters/Modular/Male/body_989/body_989/SkeletalMeshes/body_989,,,
body_990,990,0,0,0,0,0,0,0,,,,,,,,,,,0,/Game/Characters/Modular/Female/body_990/body_990/SkeletalMeshes/body_990,/Game/Characters/Modular/Male/body_990/body_990/SkeletalMeshes/body_990,,,
body_991,991,0,0,0,0,0,0,0,,,,,,,,,,,0,/Game/Characters/Modular/Female/body_991/body_991/SkeletalMeshes/body_991,/Game/Characters/Modular/Male/body_991/body_991/SkeletalMeshes/body_991,,,
body_993,993,0,0,0,0,0,0,0,,,,,,,,,,,0,/Game/Characters/Modular/Female/body_993/body_993/SkeletalMeshes/body_993,/Game/Characters/Modular/Male/body_993/body_993/SkeletalMeshes/body_993,,,
body_994,994,0,0,0,0,0,0,0,,,,,,,,,,,0,/Game/Characters/Modular/Female/body_994/body_994/SkeletalMeshes/body_994,/Game/Characters/Modular/Male/body_994/body_994/SkeletalMeshes/body_994,,,
body_995,995,0,0,0,0,0,0,0,,,,,,,,,,,0,/Game/Characters/Modular/Female/body_995/body_995/SkeletalMeshes/body_995,/Game/Characters/Modular/Male/body_995/body_995/SkeletalMeshes/body_995,,,
body_996,996,131,281,175,3178,76,150000,0,,,,,38,275,10,50,125,20,225,/Game/Characters/Modular/Female/body_996/body_996/SkeletalMeshes/body_996,/Game/Characters/Modular/Male/body_996/body_996/SkeletalMeshes/body_996,LBOD996,Onslaught Armor,x
body_997,997,132,243,215,3179,95,150000,0,,,,,38,575,12,50,125,20,233,/Game/Characters/Modular/Female/body_997/body_997/SkeletalMeshes/body_997,/Game/Characters/Modular/Male/body_997/body_997/SkeletalMeshes/body_997,LBOD997,Plane Shift Armor,x
body_998,998,131,251,167,3180,87,150000,0,,,,,38,575,11,50,125,20,229,/Game/Characters/Modular/Female/body_998/body_998/SkeletalMeshes/body_998,/Game/Characters/Modular/Male/body_998/body_998/SkeletalMeshes/body_998,LBOD998,Mirrodin Armor,x
body_999,999,133,281,175,3181,105,150000,0,,,,,38,575,13,50,125,20,237,/Game/Characters/Modular/Female/body_999/body_999/SkeletalMeshes/body_999,/Game/Characters/Modular/Male/body_999/body_999/SkeletalMeshes/body_999,LBOD999,Mercadian Armor,x
