,,,12:????,,,,,10:????,,,11:????,,,01~06:??????,,,08~09:????,,07:??????,,,,,,,,,,,,,,,,,,,,,,,,,,,,,,,
Canyon City of Zant,12041,10970,10101,12041,12041,10120,12041,12041,12042,12042,12099,10056,10970,12100,10057,12043,12043,10120,10058,12045,10102,12045,12045,10102,12112,12112,12112,,,,,,,,,,,,,,,,,,,,,,,
City of Junon Polis,12052,12052,12053,10107,12053,12117,12054,12099,12055,12055,12055,10056,10970,12056,10057,10104,10122,12058,10058,12058,12058,10104,12117,12117,12117,10381,10383,12079,,,,,,,,,,,,,,,,,,,,,,
Dolphin Island,,,,,,,,,,,,,,,,,,,,,,,,,,,,,,,,,,,,,,,,,,,,,,,,,,
Login Map,,,,,,,,,,,,,,,,,,,,,,,,,,,,,,,,,,,,,,,,,,,,,,,,,,
Junon Cartel,,,,,,,,,,,,,,,,,,,,,,,,,,,,,,,,,,,,,,,,,,,,,,,,,,
Crusader Training Camp,,,,,,,,,,,,,,,,,,,,,,,,,,,,,,,,,,,,,,,,,,,,,,,,,,
,,,,,,,,,,,,,,,,,,,,,,,,,,,,,,,,,,,,,,,,,,,,,,,,,,
Lion's Plains,,,,,,,,,,,,,,,,,,,,,,,,,,,,,,,,,,,,,,,,,,,,,,,,,,
Union War,,,,,,,,,,,,,,,,,,,,,,,,,,,,,,,,,,,,,,,,,,,,,,,,,,
Adventurer's Plains (EVO),,,,,,,,,,,,,,,,,,,,,,,,,,,,,,,,,,,,,,,,,,,,,,,,,,
Junon Clan Field,12074,12074,12075,12074,12076,12075,12076,12076,12075,10181,10181,10182,12075,12077,12075,10182,12078,12076,10183,12078,12077,12077,12078,12162,12164,12161,12163,12163,12162,12164,,,,,,,,,,,,,,,,,,,,
Junon Clan Field,,,,,,,,,,,,,,,,,,,,,,,,,,,,,,,,,,,,,,,,,,,,,,,,,,
Junon Clan Field,,,,,,,,,,,,,,,,,,,,,,,,,,,,,,,,,,,,,,,,,,,,,,,,,,
,,,,,,,,,,,,,,,,,,,,,,,,,,,,,,,,,,,,,,,,,,,,,,,,,,
Clan House,,,,,,,,,,,,,,,,,,,,,,,,,,,,,,,,,,,,,,,,,,,,,,,,,,
Clan Beach,,,,,,,,,,,,,,,,,,,,,,,,,,,,,,,,,,,,,,,,,,,,,,,,,,
,,,,,,,,,,,,,,,,,,,,,,,,,,,,,,,,,,,,,,,,,,,,,,,,,,
evo login map,,,,,,,,,,,,,,,,,,,,,,,,,,,,,,,,,,,,,,,,,,,,,,,,,,
flying boat,,,,,,,,,,,,,,,,,,,,,,,,,,,,,,,,,,,,,,,,,,,,,,,,,,
Birth Island,12031,12031,12031,10101,12031,10102,12031,12031,12031,12032,12032,12032,12032,10057,12032,12033,10120,12033,10058,12033,12033,10970,,,10101,,,,,,,,,,,,,,,,,,,,,,,,,
Valley of Luxem Tower,12002,10103,12002,10105,12102,10970,12099,12002,12002,12002,12003,12003,10056,12003,12004,10057,10121,12004,10058,10103,12005,10103,12116,12116,12116,12116,,,,,,,,,,,,,,,,,,,,,,,,
Adventurer's Plains,12041,10122,12041,12041,10104,12041,12102,12042,12042,12043,12043,10970,10056,10970,12111,10057,10120,12111,10058,12111,10102,10102,10970,10102,,,,,,,,,,,,,,,,,,,,,,,,,,
Breezy Hills,12042,12042,10102,12097,12042,10103,12043,12043,10056,12044,12044,12044,12045,10970,12046,10057,10121,12047,10058,12047,12047,10104,12122,12122,10104,,,10970,,,,,,,,,,,,,,,,,,,,,,
El Verloon Desert,12001,12001,10105,12001,12092,12091,10106,12002,12003,10970,10056,12003,12004,10057,12004,12005,12005,12006,10058,10120,12006,10105,12007,10105,12126,12126,10382,12126,12126,,,,,,,,,,,,,,,,,,,,,
Anima Lake,12032,10122,12032,12099,10108,12381,10970,12033,12102,12099,12034,10107,12102,10057,12035,12036,12036,12037,10058,10121,12037,10106,12121,12121,10121,10384,10383,12381,12381,,,,,,,,,,,,,,,,,,,,,
Forest of Wisdom,12034,12095,10107,12034,12095,12034,12035,12035,12094,12036,10056,12037,12038,10057,12038,12039,10107,12040,10058,10122,12127,10970,12127,,10970,,10381,,,,,,,,,,,,,,,,,,,,,,,
Kenji Beach,10970,12093,10108,12093,10970,12100,12045,12056,12046,12057,10056,12047,12044,10057,12058,12048,12049,12059,10058,12113,12046,12060,12050,12114,12048,12049,10381,12115,12059,,,,,,,,,,,,,,,,,,,,,
Gorge of Silence,12004,12004,10109,12004,12101,12113,12005,12005,12006,12006,10056,10970,12007,10057,12007,12008,12008,12009,10058,12009,12006,12010,12381,12119,12010,12120,10384,10382,12381,,,,,,,,,,,,,,,,,,,,,
Desert of the Dead,,,,,,,,,,,,,,,,,,,,,,,,,,,,,,,,,,,,,,,,,,,,,,,,,,
,,,,,,,,,,,,,,,,,,,,,,,,,,,,,,,,,,,,,,,,,,,,,,,,,,
Goblin Cave (B1),10970,12043,10970,12044,12043,12071,12045,12061,10056,12111,12046,12072,10057,12116,12062,10057,12047,12116,12048,10058,12073,12126,,12063,10107,10384,10381,10970,10382,,,,,,,,,,,,,,,,,,,,,
Goblin Cave (B2),10970,12005,12006,10970,12072,12061,12007,12071,10056,12112,12062,12073,10057,12117,10057,12063,12008,12122,12074,12064,10058,12075,12123,12127,12009,12076,12124,10383,12065,10970,,,,,,,,,,,,,,,,,,,,
Goblin Cave (B3),10970,12118,12006,12007,12062,12073,12062,12073,12113,10056,10057,12063,12008,10057,12064,12075,12381,12123,10058,12076,12065,12009,12128,12077,12010,12066,10383,12129,12130,12381,,,,,,,,,,,,,,,,,,,,
,,,,,,,,,,,,,,,,,,,,,,,,,,,,,,,,,,,,,,,,,,,,,,,,,,
,,,,,,,,,,,,,,,,,,,,,,,,,,,,,,,,,,,,,,,,,,,,,,,,,,
,,,,,,,,,,,,,,,,,,,,,,,,,,,,,,,,,,,,,,,,,,,,,,,,,,
Sunshine Coast,10155,10031, ,10031,10152,12051,,,12080,,12081,12078,,12051,,,12081,,12002,,,12081, ,10013,10013,12002, , , ,12002, ,,,,,,,,,,,,,,,,,,,
Santa Planetoid,,,,,,,,,,,,,,,,,,,,,, ,,,,,,,,,,,,,,,,,,,,,,,,,,,,
,,,,,,,,,,,,,,,,,,,,,,,,,,,,,,,,,,,,,,,,,,,,,,,,,,
Grand Ballroom,,,,,,,,,,,,,,,,,,,,,,,,,,,,,,,,,,,,,,,,,,,,,,,,,,
Pyramid (F1),,,,,,,,,,,,,,,,,,,,,,,,,,,,,,,,,,,,,,,,,,,,,,,,,,
Pyramid Tombs(B1),12004,12004,12046,12046,12005,12005,12079,12047,10970,12048,12048,12075,12007,12007,12075,12191,12192,12079,12079,12126,12079,10970,12093,12121,12122,12075,12079,12075,12079,12062,,,,,,,,,,,,,,,,,,,,
,,,,,,,,,,,,,,,,,,,,,,,,,,,,,,,,,,,,,,,,,,,,,,,,,,
,,,,,,,,,,,,,,,,,,,,,,,,,,,,,,,,,,,,,,,,,,,,,,,,,,
,,,,,,,,,,,,,,,,,,,,,,,,,,,,,,,,,,,,,,,,,,,,,,,,,,
Frozen Island,10381,10157,10168,10013,10032,12029,12079,12061,12062,12085,12130,10381,10157,10168,10013,10032,12029,12079,12061,12062,12085,12130,10381,10157,10168,10013,10032,12029,12079,12061,,,,,,,,,,,,,,,,,,,,
,,,,,,,,,,,,,,,,,,,,,,,,,,,,,,,,,,,,,,,,,,,,,,,,,,
,,,,,,,,,,,,,,,,,,,,,,,,,,,,,,,,,,,,,,,,,,,,,,,,,,
,,,,,,,,,,,,,,,,,,,,,,,,,,,,,,,,,,,,,,,,,,,,,,,,,,
,,,,,,,,,,,,,,,,,,,,,,,,,,,,,,,,,,,,,,,,,,,,,,,,,,
Magic City of the Eucar,12079,12011,12118,12011,12012,12144,12074,12063,12012,12074,12063,10057,12075,12012,12064,10970,12381,12013,10970,10322,12076,12013,12065,12013,10323,12013,12014,10381,12014,12014,,,,,,,,,,,,,,,,,,,,
Mana Snowfields,12011,12012,12012,12118,12013,12144,12064,12013,12076,12078,10057,12078,12064,12014,12079,10970,12381,10322,10970,12065,12381,12066,12015,12066,10323,12015,12015,10384,10381,12016,,,,,,,,,,,,,,,,,,,,
Arumic Valley,12012,12012,12118,12119,12013,12144,12014,12065,12078,10057,12065,12078,12015,12079,12066,10970,12381,12066,10970,12080,12067,10323,12067,10323,12015,12016,12016,10382,12016,12016,,,,,,,,,,,,,,,,,,,,
Crystal Snowfields,12013,12013,12014,12119,12065,12144,12078,12016,12079,10057,12065,10058,12078,12015,12080,10970,12381,12081,10970,10323,12067,12016,12067,12017,12016,12017,12381,10383,,,,,,,,,,,,,,,,,,,,,,
Freezing Plateau,12014,12014,12014,12015,12120,12144,12066,12079,12016,12066,10057,12079,12017,12080,12067,10970,12381,12067,10970,12080,12068,10323,12068,10323,12017,12017,12018,12018,10383,12018,,,,,,,,,,,,,,,,,,,,
Forgotten Temple (B1),12015,12015,12015,,12015,12144,10154,12015,12015,10174,12016,12016,12016,,12017,,,10309,,10310,12018,12018,12018,,12018,,12019,10382,12019,12019,,,,,,,,,,,,,,,,,,,,
Forgotten Temple (B2),12015,12015,12015,12015,12015,12144,10155,12015,12015,10176,12016,12016,12016,12017,12017,12017,12017,10313,12018,12018,12018,12018,12019,10319,12018,12019,12019,10384,12020,12020,,,,,,,,,,,,,,,,,,,,
Mount Eruca,,,,,,,,,,,,,,,,,,,,,,,,,,,,,,,,,,,,,,,,,,,,,,,,,,
Luna Clan Field,12079,12063,12064,12077,12076,12062,12077,12061,10182,10182,12065,12078,10183,12066,10183,,,10184,,,12078,10185,12079,12161,10186,12162,12163,12163,12164,12164,,,,,,,,,,,,,,,,,,,,
,,,,,,,,,,,,,,,,,,,,,,,,,,,,,,,,,,,,,,,,,,,,,,,,,,
Xita Refuge,12271,12035,12271,12035,12271,12035,12271,12035,12271,12036,12271,12036,12271,12036,12271,10010,10057,12037,12271,12037,10029,10058,,12038,10384,12038,12271,12039,12039,12039,10970,,,,,,,,,,,,,,,,,,,
Shady Jungle,10970,12035,12272,12035,12272,12036,12272,12036,12272,12036,12272,12036,12272,12037,12272,10011,10057,12037,12272,12038,10030,10058,,12038,10384,12039,12272,12039,12040,12139,,,,,,,,,,,,,,,,,,,,
Forest of Wandering,10970,12036,12282,12036,12282,12036,12282,12036,12282,10057,12282,10058,12282,12036,12282,12036,12282,10013,12282,10032,12282,12036,12282,12038,10383,12282,12120,10383,10384,12040,,,,,,,,,,,,,,,,,,,,
Marsh of Ghosts,12278,12036,12279,12036,12278,10970,12279,12381,12278,,12279,12381,12278,12037,12279,12037,12278,10013,12279,10032,12278,12381,12279,,,,12120,10382,10384,12040,,,,,,,,,,,,,,,,,,,,
Sikuku Underground Prison,12021,12021,12022,12023,12024,12025,12012,12012,,10168,10168,10157,,10056,10057,12098,,12093,12093,10032,10013,12048,,10058,12026,12027,12028,12065,12066,12067,,,,,,,,,,,,,,,,,,,,
,,,,,,,,,,,,,,,,,,,,,,,,,,,,,,,,,,,,,,,,,,,,,,,,,,
Sikuku Ruins,12381,10970,12282,12279,,12282,12271,12279,10384,,12271,12282,12279,,12271,12278,12063,12064,,12065,12278,12084,10013,12278,10032,10056,10057,10056,10057,12152,,,,,,,,,,,,,,,,,,,,
,,,,,,,,,,,,,,,,,,,,,,,,,,,,,,,,,,,,,,,,,,,,,,,,,,
,,,,,,,,,,,,,,,,,,,,,,,,,,,,,,,,,,,,,,,,,,,,,,,,,,
,,,,,,,,,,,,,,,,,,,,,,,,,,,,,,,,,,,,,,,,,,,,,,,,,,
Geb Desert,12291,12252,12292,12253,12293,12254,12294,12255,12256,12257,12258,12259,12060,12084,12085,12064,12066,12060,,,12067,12252,12252,12065,12253,12253,12260,12260,,10970,,,,,,,,,,,,,,,,,,,,
Paradise of Ra,12131,12131,12131,12103,12103,10056,12131,10032,10013,10970,10970,10057,10970,12114,12132,12132,12114,,10970,10058,10058,12133,12133,12104,12115,,10382,12010,12104,12104,,,,,,,,,,,,,,,,,,,,
Eldeon Clan Field,12080,12080,12080,12080,12081,12081,12081,12082,12082,10181,10182,10181,10181,10182,10183,10183,10181,12081,12081,12083,12083,10184,10182,10183,10183,10184,12161,12162,12163,12164,,,,,,,,,,,,,,,,,,,,
,,,,,,,,,,,,,,,,,,,,,,,,,,,,,,,,,,,,,,,,,,,,,,,,,,
Heliopolis,12131,12131,12131,12103,12103,10056,12131,10032,10013,,,10057,10970,12114,12132,12132,12114,,,10058,10058,12133,12133,12104,12115,,10382,12010,12104,12104,,,,,,,,,,,,,,,,,,,,
Seth b1,,,,,,,,,,,,,,,,,,,,,,,,,,,,,,,,,,,,,,,,,,,,,,,,,,
Seth b2,,,,,,,,,,,,,,,,,,,,,,,,,,,,,,,,,,,,,,,,,,,,,,,,,,
Seth b3,,,,,,,,,,,,,,,,,,,,,,,,,,,,,,,,,,,,,,,,,,,,,,,,,,
Seth b4,,,,,,,,,,,,,,,,,,,,,,,,,,,,,,,,,,,,,,,,,,,,,,,,,,
Ramesses Mines,,,,,,,,,,,,,,,,,,,,,,,,,,,,,,,,,,,,,,,,,,,,,,,,,,
Oro Clan Field,10970,12010,12104,10056,10057,10032,10014,12060,12009,12017,12029,12064,12065,12066,12067,12078,12105,12084,12109,12162,12163,10184,10185,10185,10184,,,12084,,12066,10181,10182,,10183,10183,10184,10184,,,,,,,,,,,,,
Corrupted Deity's Realm,10970,12010,12104,10056,10057,10032,10014,12060,12009,12017,12029,12064,12065,12066,12067,12078,12105,12084,12109,12162,12163,10184,10185,10185,10184,,,12084,,12066,10181,10182,,10183,10183,10184,10184,,,,,,,,,,,,,
,,,,,,,,,,,,,,,,,,,,,,,,,,,,,,,,,,,,,,,,,,,,,,,,,,
Memphis,12527,12528,12527,12528,12529,12530,12529,12530,12531,12532,12531,12532,12533,12533,12085,12086,12085,12068,,10970,12381,10970,12381,,12065,12065,12066,12067,12078,12078,,,,,,,,,,,,,,,,,,,,
,,,,,,,,,,,,,,,,,,,,,,,,,,,,,,,,,,,,,,,,,,,,,,,,,,
,,,,,,,,,,,,,,,,,,,,,,,,,,,,,,,,,,,,,,,,,,,,,,,,,,
,,,,,,,,,,,,,,,,,,,,,,,,,,,,,,,,,,,,,,,,,,,,,,,,,,
 ,,,,,,,,,,,,,,,,,,,,,,,,,,,,,,,,,,,,,,,,,,,,,,,,,,
,12025,12026,12015,12125,12282,12279,12279,12279,12047,12047,12025,12015,12015,10032,10026,12064,12061,12098,12192,12085,2102,3042,4042,4132,8420,8278,11322,12155,10026,10026,,,,,,,,,,,,,,,,,,,,
Summer Event Map -----,,,,,,,,,,,,,,,,,,,,,,,,,,,,,,,,,,,,,,,,,,,,,,,,,,
,12025,12026,12015,12125,,12279,12279,12279,12047,12047,12025,12015,12015,10032,10026,12064,12061,12098,12192,2042,3072,8250,8448,11302,12285,12285,12285,12285,12288,,,,,,,,,,,,,,,,,,,,,
,12025,12026,12015,12125,12286,12279,12279,12279,12047,12047,12025,12015,12015,10032,10026,12064,12061,12098,12192,2072,3102,4102,4072,8183,8349,11352,12155,12286,12288,,,,,,,,,,,,,,,,,,,,,
Sikuku Jailer,12025,12026,12015,12125,12286,12279,12279,12279,12047,12047,12025,12015,12015,10032,10026,12064,12061,12098,8001292,2102,3132,8278,8183,11312,12286,12286,12288,,,,,,,,,,,,,,,,,,,,,,,
Sikuku Guard,12025,12026,12015,12125,,12279,12279,12279,12047,12047,12025,12015,12015,10032,10026,12064,12061,12098,8001293,2042,3072,8051,8349,12288,12288,12288,12288,,,,,,,,,,,,,,,,,,,,,,,
,12025,12026,12015,12125,12286,12279,12279,12279,12047,12047,12025,12015,12015,10032,10026,12064,12061,12098,12192,2102,3042,4042,4132,8051,8120,12287,12287,12287,12287,,,,,,,,,,,,,,,,,,,,,
,12025,12026,12015,12125,,12279,12279,12279,12047,12047,12025,12015,12015,10032,10026,12064,12061,12098,12192,12288,12288,12288,,,,,,,,,,,,,,,,,,,,,,,,,,,,
,12025,12026,12015,12125,,12279,12279,12279,12047,12047,12025,12015,12015,10032,10026,12064,12061,12098,12192,2072,3102,4102,4072,8221,8022,12288,12288,10901,,,,,,,,,,,,,,,,,,,,,,
Executor Kera,12025,12026,12015,12125,12125,12279,12279,12279,12047,12047,12025,12015,12015,10032,12155,12064,12163,12098,12192,8001294,1,1,2,3,2,4,3,1,,3073,4133,2043,5103,8350,8222,8421,,,,,,,,,,,,,,8480
,12025,12026,12015,12125,,12279,12279,12279,12047,12047,12025,12015,12015,10032,10026,12064,12061,12098,12192,2102,3042,8278,11332,8349,12153,4102,4072,8183,,,,,,,,,,,,,,,,,,,,,,
Mini-Jelly Bean,12171,12173,12171,12178,12173,10151,12171,,10171,12173,12178,12178,12173,12173,12171,12173,12171,12173,10401,12173,10401,,,1,1,2,2,2,1,2,8002,4003,5002,8002,8161,8001,2003,3003,4003,5003,,,,,,,,,,
Jelly Bean,12173,12173,12171,12171,12173,12171,12173,10001,12171,12173,10151,12173,12173,10171,12171,12173,12171,12173,10401,12173,10401,,,1,1,2,2,2,1,2,4002,3003,8002,4005,5002,8002,2003,3003,4003,5003,,,,,,,,,,
JellyNut,12171,12173,12171,12173,12173,10151,12171,10001,12171,,12171,10171,12173,12173,12171,12173,12171,12173,10402,12173,10402,,,1,1,2,2,2,1,2,8161,2003,8161,8002,8002,8161,2003,3003,4003,5003,,,,,,,,,,
Red Jelly Bean,12171,10102,12171,12171,12381,12173,10151,,12171,10172,12171,,12173,12173,12171,12173,12171,12173,10401,12178,10401,,,1,1,2,2,2,1,2,3002,2002,8031,5003,8002,8201,2003,3003,4003,5003,,,,,,,,,,
Mini-Choropy,12171,12176,12171,12171,12176,,12171,,10171,12176,12171,12176,12176,12176,10151,12176,10151,12176,10403,12176,10403,,,,1,1,2,2,2,1,8002,5002,8161,4004,2003,8031,2003,3003,4003,5003,,,,,,,,,,
Choropy,12171,,12171,12171,,12176,,,12171,12176,10171,12176,12176,10151,12171,12176,12171,12176,10403,12176,10403,,,,1,1,2,2,2,1,8161,8002,8002,3005,8002,8001,2003,3003,4003,5003,,,,,,,,,,
Mother Choropy,12171,12176,10103,12171,,12176,10151,10002,12171,12176,12171,12176,12176,12176,12171,12176,12171,12171,12176,10403,12177,10403,12177,,1,2,2,3,4,4,8031,4005,3004,8002,5005,8002,2004,3004,4004,5004,8031,8201,8031,8003,8201,8003,8101,8231,8003,8401
Spotted Choropy,12171,12176,12171,10171,12171,12176,12171,10002,12171,,12171,12176,12176,10151,12171,12176,12171,12171,12176,10403,12177,10403,12177,,1,2,2,3,4,4,1007,8201,8002,2005,5006,8161,2004,3004,4004,5004,8031,8201,8031,8101,8031,8301,8401,8032,8031,8101
Pumpkin,12173,,12173,12173,12173,10171,12173,,10151,12174,12173,,,12174,12173,12174,12173,12173,12174,10404,12174,10404,12174,,1,2,2,3,4,4,8201,8231,8231,8201,3004,8201,2004,3004,4004,5004,,,,,,,,,,
Big Pumpkin,,12174,12173,10151,12173,10103,,,12173,10171,12173,12174,,,12173,12174,12173,12174,12196,12196,12196,12196,12196,,1,2,2,3,4,4,8031,4004,4004,5004,8231,8031,2004,3004,4004,5004,8002,8161,8201,8202,9001,8401,8231,8101,8201,8202
Elder Pumpkin,12173,12174,12173,12173,12173,12174,12173,10001,10171,12174,12173,,,10151,12173,12174,12173,12174,12174,10404,12174,10404,,,1,2,2,3,4,4,5091,8002,8301,8162,8301,8003,2005,3005,4005,5005,8031,8201,8101,8231,9001,8401,8231,8101,8101,8231
Cowboy Pumpkin,12173,12174,12173,12173,12173,10151,12173,10001,12173,10172,12173,,,12174,12173,12174,12173,12174,12174,10404,12184,10404,,,1,2,2,3,4,4,1007,5121,8231,8002,8162,8101,2005,3005,4005,5005,8231,8301,8401,8032,9001,8032,8331,8401,8401,8032
Dalping,12176,,10151,12176,10104,12175,12176,,10171,12175,10161,12175,,12175,12176,12175,12176,12175,3716,,10405,12175,10405,,,1,2,3,2,4,8131,8003,8231,8032,8331,8032,2031,3061,4091,5121,8401,8032,8202,8301,9061,8004,8302,8203,8202,8301
Ranger Dalping,12176,12175,12176,10171,,12175,10161,,12176,10151,12176,12175,,12175,12176,12175,12176,12175,3716,,,12175,,,,1,2,3,2,4,1007,8231,8003,8231,8401,8331,3031,4061,5091,2121,8032,8331,8231,8331,9061,8004,8102,8203,8231,8331
Hunter Dalping,12176,,12176,12176,12175,12175,12176,10021,12176,12175,12176,12175,,12175,12176,12175,12176,12175,12175,,,12175,,,,1,2,3,2,4,8332,8203,8331,8331,8162,8162,2008,3008,4008,5008,8331,8162,8301,8101,9061,8004,8302,8203,8301,8101
Dalping Leader,,12175,12176,12176,12175,12175,12176,10021,12176,12175,12176,12175,,12175,12176,12175,12176,12175,12175,,10405,12178,10405,,,1,2,3,3,4,8163,8131,8102,8331,8232,8004,5031,2061,3091,4121,8162,8004,8302,8203,9002,8232,8302,8402,8302,8203
Flanae,12180,12184,12180,10151,12184,10103,12180,,10171,12179,12180,12184,,12179,12180,12179,12180,12179,12179,,,12179,,,,1,1,2,2,2,3002,8101,3003,2002,8002,8161,2003,3003,4003,5003,,,,,,,,,,
Elder Flanae,12180,12184,12180,12180,12184,12179,10151,12184,12184,10171,12180,12184,12381,12179,12180,12179,12180,12179,12179,,,12179,,,,1,1,2,2,2,3002,8031,4005,8002,4005,8201,2004,3004,4004,5004,,,,,,,,,,
Red Flanae,12180,12184,12180,,12184,12179,12180,10022,12180,12179,12180,12184,12196,12179,12196,12196,12196,12196,12179,,12196,12196,12196,,,,1,2,3,4,8331,3002,5006,4006,2007,8301,3031,4061,5091,2121,8003,8101,8202,8231,9001,8162,8331,8032,8231,8331
Old Flanae,12180,12184,12180,10171,12184,10151,12180,10022,12184,10161,12180,12184,,12179,12180,12179,12180,12179,12179,,,12179,,,,1,2,3,3,3,1007,3002,8101,8202,8162,8401,5031,2061,3091,4121,8301,8401,8032,8331,9001,,,,,
Big Flanae,12180,12184,10172,12180,12184,12179,10161,10002,12190,12179,10151,12184,12190,12179,12180,12179,12180,12179,12179,,,12181,,,,1,2,3,2,4,8331,8302,8003,8032,8004,8402,2031,3061,4091,5121,8162,8331,8004,8102,9061,8004,8102,8203,8004,8102
Smouly,12182,12184,10171,12182,12184,10164,12182,10021,12184,10154,12182,12184,12190,12183,12182,12183,12182,7251,12183,,,12183,,10306,,1,2,3,2,4,8432,8234,8261,8431,8006,8304,2012,3012,4012,5012,8164,8006,8104,8205,9003,8531,8501,8671,8701,8611
Elder Smouly,12182,12184,12190,10154,12184,12183,10171,10022,12190,10164,12182,12184,12190,12183,12182,12183,12182,,7261,,,12183,10307,10307,,1,2,3,2,4,8304,8006,8432,8164,8431,8404,3032,4413,5092,2122,8234,8304,8404,8035,9003,8791,2413,3513,4613,5222
Old Smouly,,12184,12182,10172,12184,10154,12182,10023,12190,12183,10164,12184,12190,12183,12182,12183,12182,7271,12183,12190,,12190,7092,10308,,1,2,3,3,4,8261,3032,8304,8006,8006,8035,4032,5062,2092,3122,8133,8262,8334,8432,9063,8036,8263,8433,8641,8672
Needle HoneyBee,12176,10151,12176,12176,10103,12177,10161,12381,12176,10171,12176,12177,,12177,12176,12177,12176,,12177,10406,12177,10406,12177,,,1,1,1,2,2,3121,4031,4091,3061,5121,8401,2005,3005,4005,5005,,,,,,,,,,
HoneyBee,12176,12177,,10171,,12177,12176,,12176,12177,12176,12177,,12177,12176,12177,12176,,12177,10406,12177,10406,12177,,,1,1,1,2,2,2091,3121,4091,3061,4091,8032,2005,3005,4005,5005,,,,,,,,,,
Needle Hornet,12177,12175,12177,12177,12175,12175,12177,10001,10171,12175,12177,12175,12196,12175,12196,12175,12196,12196,12175,10407,12175,10407,12175,,,1,1,2,3,3,5061,4091,3061,4091,3061,8331,2006,3006,4006,5006,8101,8003,8202,8231,9002,,,,,
Hornet,12177,,12177,10171,,12175,10161,10002,12177,12175,10151,12175,,12175,12177,12175,12177,12175,12175,10407,12175,10407,12175,,,1,1,2,3,4,2091,3121,2006,4091,4091,8162,5031,2061,3091,4121,8301,8401,8032,8331,9002,8331,8032,8162,8301,8401
Queen HoneyBee,12177,12181,12177,10151,12181,10171,,10021,12177,10161,12177,12181,,12181,12177,12181,12177,12181,12181,,,12181,,,,1,3,2,2,4,8004,8302,8102,8232,8402,8163,2009,3009,4009,5009,8004,8102,8203,8302,9061,8004,8102,8203,8302,8332
Queen Bibi,,12181,12177,10161,12181,12181,10151,10022,12177,12181,10171,12181,,12181,12177,12181,12177,12181,12181,,,12181,,,,1,2,3,3,4,8302,2062,8203,8302,8033,8005,4031,5061,2091,3121,8402,8033,8131,8332,9062,8402,8033,8131,8332,8203
Master Queen Bibi,12177,12181,10171,12177,,12181,12177,10023,12177,10162,12196,10152,12196,12196,12177,12181,12177,12181,7271,12197,,12197,12197,,,1,2,3,3,4,3092,4122,8103,8403,8303,8403,5311,2062,3092,4122,8163,8005,8103,8204,6222,8132,8034,8164,8531,8761
Needle Pomic,12175,,12175,10171,10101,12176,10161,,12175,10151,12175,12176,,12176,12175,12176,12175,12176,12176,10408,12176,10408,12176,,,1,1,1,2,2,8162,8032,5121,2031,3091,8301,2005,3005,4005,5005,,,,,,,,,,
Pomic,12175,12176,10151,12175,,10171,12175,,12175,10161,12175,12176,,12176,12175,12176,12175,12176,12176,10408,12176,10408,12176,,,1,1,2,3,3,2091,8101,8162,5031,8162,8401,2005,3005,4005,5005,8031,8003,8101,8202,9001,,,,,
Red Pomic,12175,12176,12175,10171,12178,12176,10161,10002,12175,10151,12175,12176,,12176,12175,12176,12175,12176,12176,10408,12176,10408,12176,,,1,1,2,3,3,8131,4091,8202,8003,8202,8032,3032,4062,5092,2122,8231,8301,8401,8032,9061,,,,,
Pomic Soldier,12175,10171,12381,12175,10101,10161,12175,10002,10151,12176,12175,12176,,12176,12175,12176,12175,12176,12176,10409,12176,10409,12176,,,1,1,2,3,3,8162,8101,8162,8032,8231,8331,5031,2061,3091,4121,8331,8032,8401,8231,9002,,,,,
Pomic Fighter,12175,12178,10171,12175,,12176,10151,12178,12175,10161,12175,12176,,12176,12175,12176,12175,12176,12176,10409,12176,10409,12176,7082,,1,3,2,2,4,2121,3031,8202,8401,8231,8162,2031,3061,4091,5121,8202,8101,8003,8032,9062,8162,8004,8102,8003,8032
Beetle,12176,12178,12176,10171,,10161,12176,,12176,12172,10151,12172,12381,12172,12176,12172,12176,12172,12172,10410,12172,10410,12172,,,1,3,2,2,4,1008,8401,8231,8301,8032,8101,3031,4061,5091,2121,8162,8331,8032,8401,9002,8162,8331,8032,8401,5505
Beetle Fighter,12176,12172,10161,12176,12178,10171,12176,10002,12176,10151,12178,12172,,12172,12176,12172,12176,12172,12172,,10410,12172,10410,,,1,3,2,2,4,8402,8162,8301,8331,8202,8202,8162,8331,8003,8101,5031,2061,3091,4121,9062,8033,8131,8332,8102,8162
Turtle,,10171,12191,12191,,10161,12191,10002,10151,12192,12191,12192,,12192,12191,12192,12191,12192,12192,,10411,12192,10411,7088,,1,3,2,2,4,4008,8004,8401,8203,8402,8231,8032,8162,8004,8101,2031,3061,4091,5121,9002,8004,8162,8331,8102,4503
Turtle Guard,12191,12192,12191,10161,10101,12192,10151,,12191,10171,12191,12192,,12192,12191,12192,12191,12192,12192,,10411,12192,10411,,,1,3,2,2,4,2310,8332,8032,8131,8033,8004,8102,8203,8232,8302,3031,4061,5091,2121,9003,8102,8004,8203,8232,3603
Crack,12176,,12176,10151,,12172,10171,,10161,12172,12196,12172,12196,12172,12176,12172,12176,12196,12172,,10412,12172,10412,7084,,1,3,2,2,4,4007,8401,8331,8331,8162,8401,4031,5061,2091,3121,8004,8102,8162,8332,9061,8004,8102,8302,8033,8302
Crack Fighter,12176,12172,10151,12176,,10171,12176,,12176,12172,12176,12172,12196,12172,12176,12196,12176,,12172,,10412,12172,10412,,,1,3,2,2,4,8402,8331,8162,8162,8401,8032,5031,2061,3091,4121,8004,8162,8331,8102,9062,8402,8131,8232,8131,8332
?????? ????,,12187,,12185,10102,12187,10151,10001,12185,12187,12185,12187,12185,12187,12185,12187,12185,,12187,,10413,12187,10413,,,1,3,2,2,4,8033,7086,8004,8162,8331,8331,2031,3061,4091,5121,8102,8004,8203,8232,9002,8332,8163,8402,8302,8163
???? ????,,12187,10171,12185,,10161,12185,10002,12185,10151,12185,12187,12185,12187,12185,12187,12185,,12187,,10413,12187,10413,7089,,1,3,2,2,4,8004,8102,8102,8331,8004,8162,3031,4061,5091,2121,8302,8402,8033,8131,9062,8402,8033,8131,8232,8131
?????? ????,12185,,12185,10171,,12187,12185,10161,12185,12187,12185,10151,12185,12187,12185,12187,12185,,12187,,10413,12188,10413,,,1,3,2,2,4,8102,5091,8302,8302,8402,8004,4031,5061,2091,3121,8332,8163,8402,8302,9003,8203,8232,8302,8402,8302
???? ????,10103,,10171,12185,,12187,12185,,10161,10151,12185,12187,12185,12187,12185,12187,12185,,12187,,10413,12187,10413,,,1,3,2,2,4,8004,8102,8232,8131,8033,8102,2031,3061,4091,5121,8203,8232,8302,8402,9063,8302,8102,8004,8203,8232
???? ????,12185,12187,12185,10161,,10151,12185,,10171,12187,12185,12187,12185,12187,12185,12187,12185,,12187,,,12187,,,,1,3,2,2,4,8203,8004,8033,8163,8163,8203,3031,4061,5091,2121,8033,8131,8332,8163,9003,8163,8332,8131,8102,8004
????,,12185,12185,10171,,12186,10161,10021,12185,10151,12185,12186,12185,12186,12185,12186,12185,,12186,10414,12186,12186,10414,,,1,2,2,3,3,8003,8032,4202,3202,5202,8301,2006,3006,4006,5006,8003,8101,8202,8231,9061,,,,,
?????? ????,12185,,10151,12185,,12186,12185,10022,10161,12186,12185,10171,12185,12186,12185,12186,12185,,12186,10414,12186,12186,10414,,,1,2,2,3,3,8301,8331,3203,5203,4203,8401,2007,3007,4007,5007,8331,8032,8401,8301,9001,,,,,
?????? ????,12185,12186,,10161,,12186,10171,,12185,12186,10151,12186,12185,12186,12185,12186,12185,,12186,10414,12188,12188,10414,,,1,2,3,3,3,8331,8401,8331,8162,8032,8032,2007,3007,4007,5007,8162,8331,8032,8401,9001,,,,,
????,12187,12191,10171,12187,,10163,12187,,12187,10152,12187,12191,12187,12191,12187,12191,12187,12191,7251,12191,10415,12191,10415,,,1,2,3,3,4,8301,8331,8163,8131,8332,8333,2032,3062,4092,5122,8034,8132,8261,8333,9004,8131,8333,8431,8531,8761
???? ????,12187,12191,,10162,,10171,12187,10004,12187,,10151,12191,12187,12191,12187,12191,12187,12191,12191,7261,10415,12191,10415,,,1,2,3,3,4,1038,3122,8233,8103,8204,8431,3032,4062,5092,2122,8431,8164,8403,8303,9064,8701,2407,3407,4507,5607
???? ????,12187,,10151,12187,,10162,12187,10024,12187,10171,12187,12191,12187,12191,12187,12191,12187,12191,7271,,10415,12191,10415,,,1,2,3,3,4,1038,3092,8303,8403,8034,8164,8132,8261,8333,8431,4032,5062,2092,3122,9004,8132,8261,8333,8501,8791
???? ????,,10172,12187,12187,,12191,10152,,12187,12191,10162,12191,12187,12191,12187,12191,12187,12191,7251,12191,10415,12189,12191,10309,,1,2,3,3,4,2092,3122,8261,8164,8104,8006,8006,8104,8205,8234,5032,2062,3092,4122,9064,8006,8104,8205,8671,8531
Krawfy,,12191,10154,12192,,10164,12192,,10171,12191,12192,12191,12192,12191,12192,12191,12192,12191,12191,7261,10416,12191,12191,,,1,3,2,2,4,2033,3063,8434,8167,8264,8166,2033,3063,4093,5123,8008,8207,8306,8037,9007,8534,8643,8732,8852,8764
Krawfy Warrior,12192,12178,12192,10171,,12191,10154,10005,12192,10165,12192,12191,12192,12191,12192,12191,12192,12191,12191,,7271,12191,12191,,,1,3,2,2,4,1011,4617,8406,8037,8167,8062,3033,4063,5093,2123,8106,8406,8037,8264,9067,8434,8167,8063,8582,8674
Krawfy Captain,12192,12191,10172,12192,12178,12191,12192,10025,10164,12191,10154,12191,12192,12191,12192,12191,8001266,8001267,7261,,10416,12189,,,1,2,3,3,4,12151,3093,8236,8135,8264,8009,8008,4033,5063,2093,3123,8009,8107,8208,8237,9007,8064,2419,3419,4519,5619
???? ????,,12178,12187,10171,12178,12191,10151,12178,12187,10161,12187,12191,12187,12191,12187,12191,12187,12191,12191,,10417,12191,12191,,,1,2,2,3,3,2007,8401,8202,8101,8003,8162,2007,3007,4007,5007,8162,8331,8032,8301,9001,,,,,
????,12187,12191,10162,12187,,10171,12187,,10152,12191,12187,12191,12187,12191,12187,12191,12187,12191,12191,7251,10417,12191,12191,7084,,1,3,2,2,4,4092,3122,8332,8033,8163,8403,2032,3062,4092,5122,8332,8163,8005,8103,9003,8034,8132,8261,8531,8501
???? ????,12187,12191,12187,10171,,12191,10163,10004,12187,10153,12187,12191,12187,12191,12187,12191,12187,12191,7261,,10417,12189,12189,,,1,3,2,2,3,2512,3092,8163,8204,8303,8034,3032,4062,5510,2122,8204,8233,8303,8403,9003,8501,2512,,,
??????,12186,10163,12186,12186,,10152,12186,10004,12186,12191,10171,12191,12186,12191,12186,12191,12186,12191,7271,,10418,12191,12186,10310,,1,3,2,2,4,3062,4122,8103,8164,8431,8431,4032,5062,2092,3122,8164,8006,8104,8205,9004,8334,8432,8262,8611,8701
?????? ??????,,12191,10171,12186,,10163,12186,,10153,12191,12186,12191,12186,12191,12186,12191,12186,12191,7261,12191,10418,12191,12186,10307,,1,3,2,2,4,8006,8133,8333,8204,8006,8164,5032,2062,3092,4122,8234,8304,8404,8035,9064,8006,8104,8205,8791,8612
?????? ??????,,12191,12186,10153,,12191,10171,,12186,12191,10163,12191,12186,12191,12186,12191,12186,12191,12191,,7251,12191,12186,10308,,1,3,2,2,4,1011,8165,8431,8261,8234,8006,3032,4062,5092,2122,8133,8262,8334,8432,9064,8304,8404,8133,8641,8672
?????? ????,,,10164,12186,,10172,12186,10025,12186,10154,12186,12191,12186,12191,12186,12191,12186,12191,12191,7251,10419,12189,7151,10301,,1,3,2,2,4,3063,4093,8007,8036,8433,8061,8007,8105,8206,8235,3033,4063,5093,2123,9005,8036,8134,8263,8502,8763
?????? ????,12186,10172,12186,12186,,10164,12186,10025,10164,12191,12196,12191,12196,12191,12196,12191,12196,12191,7261,12196,10419,12189,7152,,1,2,3,3,4,12152,4063,5093,8036,8134,8263,8165,8305,8405,8036,8134,4033,5063,2093,3123,9005,8036,2417,3417,4517,5617
??????,10171,,12191,10165,,12192,12191,,12191,10155,12191,12192,12191,12192,12191,12192,12191,,12192,7271,10420,12192,12192,7086,,1,3,2,2,4,4123,8434,8105,8206,8405,8007,2033,3063,4093,5123,8134,8263,8335,8433,9065,8008,8106,8236,8822,8613
?????? ????,12191,10171,12191,12191,10164,,12191,10026,10155,12192,12191,12192,12191,12192,12191,12192,12191,,12192,,7261,12192,12192,,,1,3,2,2,4,5123,8106,8433,8008,8306,8008,2013,3013,4013,5013,8062,8008,8106,8207,9006,8008,2415,3418,4518,5618
?????? ??????,12191,12192,10171,12191,,12192,10155,10026,12191,10165,12191,12192,12191,12192,12191,12192,12191,,12192,7251,10420,12189,12189,7088,,1,3,2,2,4,3093,8037,8236,8135,8037,8106,4033,5063,2093,3123,8236,8306,8406,8037,6206,8135,8037,8336,8764,8582
?????? ??????,10171,,12191,12191,,10164,12191,10005,10155,12192,12191,12192,12191,12192,12191,12192,12191,,7261,12192,,12192,12192,7089,,1,2,3,3,4,1007,8236,8135,8336,8434,8207,5033,2063,3093,4123,8135,8264,8336,8434,9006,8062,2618,3617,4314,5414
?????? ????,12191,10171,,10165,,12192,12191,10006,12191,10155,12191,12192,12191,12192,12191,12192,12191,,12192,7251,,12192,12192,,,1,2,3,3,4,8009,8264,8434,8167,8063,8062,2033,3063,4093,5123,8167,8063,8406,8306,9066,8264,8336,8434,8853,8794
Doonga,,12188,10171,12187,,12188,10164,,10155,12188,12187,12188,12187,12188,12187,8001266,8001267,,12188,,7271,12188,12187,10301,,1,3,2,2,4,1008,3063,8105,8206,8235,8008,3033,4063,5093,2123,8134,8263,8335,8433,9065,8433,8166,8062,8731,8613
Elder Doonga,12187,,12187,10171,,10155,12187,,12187,10165,12187,12188,12187,12188,12187,12188,12187,,12188,7261,10421,12188,12187,10301,,1,2,3,3,4,2123,3033,8405,8305,8007,8106,4033,5063,2093,3123,8166,8062,8008,8106,6208,8236,8008,8106,8673,8731
Doonga Origin,12187,10171,12187,12187,,12188,12187,,12187,12188,12187,12188,12187,12188,12187,12188,12187,12188,7271,12188,10423,12189,12162,7160,,1,3,2,2,4,8135,8264,8167,8208,8009,8207,5033,2063,3093,4123,8167,8063,8009,8107,9006,8009,5319,4419,3518,2719
Doonga Fighter,,12188,12187,10171,,12188,12187,,12187,12188,12187,12188,12187,12188,12187,12188,12187,12188,12188,7271,10422,12188,,,,1,3,2,2,4,7160,8008,8008,8207,8306,8236,3033,4063,5093,2123,8037,8135,8306,8434,6206,8107,2715,3315,4415,5515
Doonga Warrior,12187,,10171,12187,,12188,12187,,12187,12188,12187,12188,12187,12188,12187,12188,12187,12188,7261,,10422,12188,12187,10301,,1,2,3,3,4,8207,8037,8135,8406,8434,8306,4033,5063,2093,3123,8063,8167,8434,8336,6208,8434,8167,8063,8582,8503
Doonga Hunter,12187,,12187,12187,,12188,10171,10010,12187,12188,12187,12188,12187,12188,12187,12188,12187,12188,7261,12188,,12188,12187,10312,,1,2,3,3,4,8236,8406,8434,8336,8207,8406,8135,8037,8406,8306,4033,5063,2093,3123,9066,8037,2615,3418,4318,5618
Doonga Leader,12187,12188,,12187,,12188,12187,10011,12187,12188,10172,12188,12187,12188,12187,12188,12187,12188,12188,7251,10423,12189,10313,,,1,2,3,3,4,8107,8435,8336,8264,8135,8009,8038,8136,8265,8168,2034,3064,4094,5124,6245,8038,8337,8265,8824,8795
Doonga Captain,,12188,10172,12187,,12188,12187,10012,12187,12188,12187,12188,12187,12188,12187,12188,12187,12188,12188,,7261,12189,12189,10314,1,2,3,3,4,12153,4124,5034,8063,8107,8407,8237,8064,8407,8307,8009,3034,4064,5094,2124,9007,8337,8435,8168,8675,8705
Master Doonga,12187,,12187,10171,,12188,12187,10013,12187,12188,12187,12188,12187,12188,12187,12188,12187,12188,12188,7271,10423,12189,12187,10315,1,2,3,4,4,12153,8306,8236,8406,8037,8336,2034,3064,4094,5124,8336,8434,8167,8063,8853,8732,8794,2415,3418,5518,4618
???? ????,,12201,,12202,,12201,,,12202,10171,,12203,12204,,12204,12205,,,7251,12161,12161,,12161,1,2,2,3,4,11301,11311,8262,8334,8432,8061,8165,2062,3092,4122,5032,8007,8105,8206,8235,8305,8405,8671,5412,2412,4510,2712
?????? ????,10002,12201,12201,12202,,12202,10171,,,12203,,12204,12205,,12205,12206,,7261,12206,12205,12206,,7016,10317,1,2,3,3,4,4,8435,8168,8064,8038,8136,3094,4124,5324,2064,8038,8435,8168,8064,8010,6245,8538,4320,5320,2620,3620
?????? ????,10003,12201,12201,10171,,12202,12203,10029,12204,12204,12205,12205,,12206,,12198,,7261,12198,7271,12198,,,10318,1,2,3,3,4,4,8169,8065,8011,8109,8309,3034,4064,5124,2094,8855,8733,8585,8826,8766,6247,8506,5625,3325,4524,2725
????????,12201,12201,10002,12201,,12201,12201,10030,12202,10171,12202,12203,,12203,,12204,,7251,12205,12205,,12205,12205,,,,1,2,3,4,8238,8009,8208,8136,8168,8064,8107,8208,8168,8064,4034,5064,2094,3124,6245,8064,8168,8435,8765,8583
???? ????????,12201,12201,10003,10171,12202,12202,12202,10031,12203,12203,,12204,,12205,,,,,7261,,12205,,7017,10314,,,1,2,3,4,8039,2094,8136,8337,8435,8010,8010,8108,8209,8238,5034,2064,3094,4625,6245,8010,8108,8209,8504,8535
?????? ????????,12201,12201,,12202,12203,12203,10173,10032,,12204,,12204,,12205,,12205,,12206,,7251,12205,12205,12206,10315,1,2,3,2,4,12156,2034,3064,4094,5124,8308,8408,8039,8137,8266,8338,8436,8169,8065,8238,8010,8536,2424,3427,4624,5524
???????????? ????,12201,10173,12202,10165,12163,12203,10155,12203,12163,12204,12381,10058,12206,12207,10058,12208,12381,7271,12209,10314,1,1,2,3,2,4,3,1,11351,12212,3034,4064,5094,2124,8066,8170,8437,8339,8267,8138,2035,3065,4095,5125,6247,8767,8508,8828,8796,8828
?????? ????,,12192,12191,10165,,12192,12191,10155,12191,10171,12191,12192,12192,12192,12191,12192,,12192,,7251,10425,12192,,7001,,1,3,2,2,4,4031,2121,8332,8033,8131,8033,8402,8033,8131,8332,2009,3009,4009,5009,9003,8005,8103,8204,2308,3606
?????? ??????,12191,12192,12178,12191,10171,12192,10155,,12191,12192,10165,12192,12192,12192,12191,12192,12191,12192,,7271,12192,12192,,,,1,3,2,2,4,8163,,8163,8302,8232,8131,8163,8332,8131,8033,2009,3009,4009,5009,9063,8233,8303,8403,4606,5606
?????? ????,12191,,10165,12191,,12192,10172,10155,12191,12192,12191,12192,12192,12192,12191,12192,12191,12192,7261,10425,12189,12192,,7004,,1,2,3,3,4,4032,5062,8131,8332,8163,8332,4032,5062,2092,3122,8005,8103,8204,8403,9063,8034,8132,8261,2311,3211
?????? ??????,12191,12192,12178,12191,10154,12192,12191,,12191,10171,12191,10163,12192,12192,12191,12192,12191,12192,,7251,12192,12192,,7003,,1,2,3,3,4,8261,8233,8004,8102,8163,8163,8403,8005,8163,8332,2009,3009,4009,5009,9003,8132,8261,8333,4211,5211
?????? ????,12191,,12191,10163,12178,10171,12191,,12191,12192,10153,12192,,12192,12191,12192,12191,12192,,7261,12192,12192,7005,,,1,3,2,2,4,8204,8261,8402,8332,8005,8005,2032,3062,4092,5122,8034,8132,8261,8333,9003,8431,8164,8303,8531,8501
???? ??????,12191,12187,12178,12191,,12187,12191,10171,12191,12187,12191,12187,,12187,12191,12187,12191,12187,7271,10426,12187,12187,,7006,,1,3,2,2,4,8006,8133,8132,8333,8164,8334,3032,4062,5092,2122,8006,8104,8205,8234,9004,8035,8133,8262,2320,3220
??????,,12187,12191,12191,,10171,12191,,12191,12187,12191,12187,,12187,12191,12187,12191,12187,7251,10426,12187,12187,12191,10307,,1,2,3,3,4,5062,3122,8234,8404,8304,8432,2013,3013,4013,5013,8304,8404,8035,8133,9064,8007,8105,8405,8641,8702
?????? ??????,12191,12187,,10163,,10154,12191,10171,12191,12187,12191,12187,,12187,12191,12187,12191,12187,,7271,12189,,10309,7007,,1,2,3,4,12163,8405,8061,8165,8334,8035,8061,2013,3013,4013,5013,8007,8105,8206,8235,9005,8036,8134,8263,8792,8502
?????? ??????,12191,12187,,12191,,12187,10154,,10164,12187,10171,12187,,12187,12191,12187,,12187,,7251,,12187,10301,7009,,1,2,3,3,4,8234,8262,8234,8205,8006,8165,2013,3013,4013,5013,8165,8061,8432,8334,9064,8061,8007,8206,4221,5221
???? ??????,12191,,12191,10171,,12187,12191,10154,12191,12187,12191,10165,,12187,12191,12187,,12187,,7261,12187,12187,10306,7008,,1,3,2,2,4,8234,8205,8262,8262,8334,8007,2013,3013,4013,5013,8007,8206,8305,8263,9065,8206,8105,8007,8532,8762
Worm Dragon,,,10173,,12163,12381,12200,12163,12200,12200,12163,12200,10058,12200,10058,12200,12197,12200,12197,12381,12155,9205,1,3,2,2,4,3,11341,12221,8584,8766,8506,8169,8826,5065,2095,3125,4035,8536,2527,5427,4327,3627,6228,8734,8585,8538,8768,8507
???? ????,12191,,12191,10171,,12192,10171,,12191,12196,12191,12196,,12196,12191,12196,,12198,,,12198,,,,,,,,,,,,,,,,,,,,,,,,,,,,,
??????,,12178,12178,,12178,10171,12161,10021,,12178,12178,,12381,12161,12178,,12178,12161,12178,,12178,12178,12161,10307,1,2,3,3,,12161,8031,8003,8101,8202,8231,8201,2010,3010,4010,5010,8301,8401,8032,8331,8162,,,,,
?????? ????,12185,10171,12185,10163,12187,12185,,10022,12161,,,12161,,12187,12185,12161,,12187,12185,12187,12185,12185,12187,10308,1,1,2,3,4,12162,2031,4121,8331,8301,8401,8401,2007,3007,4007,5007,8003,8202,8301,8331,9002,8331,8162,8004,8331,8202
???? ??,,12191,12187,,12191,12187,12187,10023,,12191,12187,,12187,12161,12191,12187,12161,12191,12187,12191,12187,,1,2,3,2,4,4,,12163,8004,8203,8302,8033,8332,8402,8162,8232,8004,8163,2031,4121,5061,4061,8163,2406,3503,4603,3210,4210
???? ??????,12187,,12188,,,10163,10153,10024,12187,12162,12188,12187,12188,12187,12162,12188,12187,12162,12188,,10307,,,,1,2,2,3,4,12164,8304,8262,8164,2062,3092,8304,2032,3062,4092,5122,8432,8334,8262,8133,9004,8531,8761,8501,8671,8701
?????? ??,12191,12192,,10173,12191,12192,12162,10025,12191,12192,12162,12191,12162,10058,12192,10058,12191,12192,12191,10308,1,1,2,3,2,4,3,4,,12163,8103,8132,8164,8431,8164,2610,3122,4032,5413,8164,8104,8205,8006,8234,8304,8641,2411,3611,5613,4311
?????? ????,,12176,12163,12176,12163,12176,12176,10026,12163,10153,12163,12176,12176,10058,12176,12163,12176,10058,12176,,1,1,2,3,2,4,3,4,,11311,8206,8035,8134,8263,8433,3320,3063,4093,5123,8335,8793,8672,8581,8642,6223,2518,3223,4318,5317,12155
?????? ??,12191,12186,12161,12191,10153,10173,12191,12186,12161,10173,12191,12186,12191,12186,10058,12191,10058,12161,12161,,1,1,2,3,3,4,4,12152,12211,11301,8263,8207,8236,8208,8406,2717,3033,4418,5093,8135,8614,8673,8704,8534,8731,5619,3519,4419,2416,12154
????????,,12172,,10171,,12172,,10165,,10153,,12172,,12172,12381,12172,,12172,,12172,,,,,,,,,,,,,,,,,,,,,,,,,,,,,,
?????? ????,12187,12162,12188,12187,12162,12188,10165,12187,10173,12187,12162,12188,10058,12188,12187,10058,12188,12381,12162,1,1,2,2,3,3,4,4,4,12221,11321,8038,8435,8009,8136,8265,2064,4124,5094,3034,8765,8854,8504,8795,8824,8854,8535,8765,8583,2624,3624
?????? ??,12187,12162,12187,10173,12187,12162,12381,10173,12162,10165,12187,12162,10058,12187,10058,12187,12162,12187,12162,1,1,2,2,3,3,4,4,4,12211,11331,8407,8307,8107,8010,8108,4324,5064,2094,3124,8583,8821,8615,8644,8505,8563,8825,2424,3324,4324,5524
?????? ??(??????),,,,8794,8764,8704,8615,8534,8503,8643,8983,8967,8991,8975,8927,8920,8909,8940,8952,8823,8853,8732,8643,8794,8764,8704,8615,,,,,,,,,,,,,,,,,,,,,,,
?????? ??(??????),,,,8644,8504,8675,8705,8535,8583,8705,8615,8909,8927,8933,8941,8960,8991,8953,8901,8920,8644,8765,8795,8825,8854,8765,8733,,,,,,,,,,,,,,,,,,,,,,,
???????????? ????(??????),,,,8827,8768,8676,8585,8796,8537,8564,8984,8976,8961,8968,8902,8910,8921,8928,8942,8856,8706,8734,8507,8537,8827,8856,8706,,,,,,,,,,,,,,,,,,,,,,,
mummies,12191,12192,12191,12192,12191,12192,12071,12072,12073,12074,12075,12076,12077,12111,10056,12117,12117,12117,12111,10057,,,,,10058,12117,12161,12162,12163,12164,,,,,,,,,,,,,,,,,,,,
lich,,12381,12381,8539,8648,8798,8707,8736,8676,11321,11331,11341,12198,12199,12117,12117,12117,12117,11341,11331,10314,10316,10319,10058,11321,11371,12155,12212,12212,12212,,,,,,,,,,,,,,,,,,,,
Enormous Beetle,12176,12178,12176,10171,6019,10161,12176,6019,12176,12172,10151,12172,12381,12172,5406,12172,12176,12172,12172,10410,3305,10410,12172,,,,,,,,,,,,,,,,,,,,,,,,,,,
Commander Rackie,12185,3512,12185,10171,2412,12187,12185,10161,8531,12187,12185,10151,12185,12187,94,12187,12185,6034,12187,2613,10413,12188,10413,,,,,,,,,,,,,,,,,,,,,,,,,,,
Rebellion Clown,12191,,12191,10171,,12187,12191,10154,12191,12187,12191,10165,2189,12187,12191,12187,,12187,,7261,12187,12187,10306,7008,,,,,,,,,,,,,,,,,,,,,,,,,,
Xita Hornets,,,,,,10384,,,,,,,,,,,,10384,,,,,,,,,,,,,,,,,,,,,,,,,,,,,,,,
Sikuku Enforcer,12191,12191,12086,12191,12191,12088,12087,12087,12192,12154,12152,12151,12281,12281,12281,12281,12066,12067,12068,12244,12069,12085,12085,12086,12087,12244,12087,12088,12244,12244,,,,,,,,,,,,,,,,,,,,
Outsider Messenger,12192,12192,12086,12192,12192,12098,12098,12155,12155,12156,12156,12155,12069,12067,12066,12067,12068,12068,12069,12086,12087,12088,12095,12244,12244,12050,12244,12088,12244,12244,,,,,,,,,,,,,,,,,,,,
Outsider Messenger (Unique),12192,12192,12086,12192,12192,12098,12098,12155,12155,12156,12156,12155,12069,12067,12066,12067,12068,12068,12069,12086,12087,12088,12095,12244,12244,12050,12244,12088,12244,8963,,,,,,,,,,,,,,,,,,,,
,,,,,,,,,,,,,,,,,,,,,,,,,,,,,,,,,,,,,,,,,,,,,,,,,,
??????,12188,12187,,10171,,10164,12188,10001,12188,12187,10153,12187,12187,12187,12188,12187,,12187,7251,,12187,12188,7081,,,1,3,2,2,4,8261,8006,8133,8262,8334,8432,2013,4013,5013,3013,8334,8432,8061,8165,9004,2013,3013,4013,5013,8641
????????,12186,12186,12188,12188,10163,12186,12188,10002,12188,10171,12188,12186,12186,10154,12188,12186,12197,12186,12197,7261,12186,12188,,7082,,1,2,3,3,4,2033,3123,8165,8061,8404,8035,2013,4013,5013,3013,8007,8105,8206,8235,9005,8335,2033,3063,4093,5123
???? ????????,12186,12186,12188,10154,,10172,12188,10003,12188,12186,12188,10164,12188,12186,12188,12186,12198,12199,7271,12198,12199,12188,7083,,,1,2,3,3,4,3063,2093,8062,8335,8134,8405,2033,3063,4093,5123,8008,8207,8037,8135,6223,8037,2416,3416,4516,5616
????????,,12201,12201,12201,10171,,12201,10004,10163,12202,12202,10153,12202,12203,12204,12204,,7271,,,,12204,,7084,,1,3,2,2,4,8007,8061,8432,8262,8035,8133,2032,3062,4092,5122,8334,8432,8061,8165,9064,2013,3013,4013,5013,8581
????????,12201,12201,,10154,9046,12201,10171,10005,12202,12202,10163,12203,,12204,12204,12204,,12205,7251,,,12204,,12204,,1,2,3,3,4,8166,4093,8061,8165,8262,8133,2013,3013,4013,5013,8007,8105,8206,8405,9065,8433,8335,8134,8533,8762
?????? ????,12192,12192,12191,10171,,12192,12191,10006,10154,12192,12191,10163,,12192,12191,12192,,12192,7261,10428,12192,12191,12192,,,1,2,3,3,4,8234,3063,8133,8334,8006,8104,2013,4013,5013,3013,8036,8263,8433,8432,9005,8166,2413,3510,4613,5222
???? ??????????,12020,12192,12191,12191,12061,10171,12191,12025,12191,10153,12191,12192,12026,10163,12191,12192,7271,12192,12134,12381,12192,12191,12192,12161,12381,1,2,3,3,4,2095,8209,8307,8239,8765,8109,2016,12078,12079,12080,8340,8438,8170,8066,9068,8066,8239,8409,8766,8642
Pumpkin Ghost,12192,12025,12191,12191,10153,12192,10172,12062,12191,12192,10163,12192,12191,12381,12191,12192,7261,12192,7271,12026,12192,12191,8001271,8001270,12020,1,2,3,4,12381,5095,2126,8110,8211,8239,8309,3036,4440,5095,2126,8439,8170,8066,8041,9009,8067,3065,4036,5095,2126
?????? ????,12192,12192,12020,10163,,12192,12191,,12191,10171,10153,12192,12191,12192,12191,12192,12026,12192,12063,7251,12192,12191,12192,12191,12025,1,2,3,3,4,2095,3126,8307,8209,8409,8011,2095,,,,8171,8437,8339,8138,6247,8339,8268,8171,8766,8539
Evil Jack,12192,12020,12191,12191,12191,10172,12191,12025,10153,12192,10163,12192,12191,12192,12191,12192,7251,8001274,12189,12191,12189,12191,12026,11332,11302,1,2,3,3,4,8210,8270,8068,8171,8440,8140,4036,5066,2096,3126,8111,8015,8068,8171,9071,8240,8112,8015,8678,8567
?????? ????,,12191,12191,12191,12191,10163,12191,,12191,10171,12191,10153,12191,12192,12191,12192,,12192,7251,10429,12192,12191,12191,,12164,12161,1,2,3,4,8015,8110,8068,8170,8438,8269,5036,2066,3096,4639,8041,8340,8068,8171,9011,2037,3066,4096,5126,8615
Pomic Ghost,,12192,,12191,12191,12192,12191,,10171,12192,12191,12192,,8001272,8001273,12192,7261,12192,,10429,12192,12191,,,,1,3,2,2,4,8109,8436,8169,8436,8338,8266,3034,4064,5094,2124,8011,8109,8210,8239,6247,8210,2426,3426,4526,5626
?????? ??????,12192,,12191,12191,12191,10171,12191,,12191,12192,10165,12192,11352,10155,12191,12192,11332,12192,12155,10430,12192,12191,7161,12164,12161,12161,1,2,3,4,2640,3634,4339,5440,2638,2638,,,,,,,,,,,,,,
Antares,12191,,10172,12191,12191,12192,12191,,10155,12192,12191,12192,,10165,12191,12192,12199,8001275,7271,10430,12189,12199,7159,,,1,3,2,2,4,8015,2066,8171,8440,8340,8269,2036,3036,4036,5036,8240,8211,8410,8041,9012,8170,2731,3634,4533,5441
???? ??????????,12025,12192,12192,10165,12026,12192,10171,12020,12191,10155,12191,12192,12192,12192,12191,12199,7261,12192,12199,10429,12192,12191,7160,,,1,3,2,2,4,2036,3066,8170,8068,8139,8410,2036,3036,4036,5339,8340,8438,8171,8041,9070,8013,8210,8240,8676,8585
Giant Antares,12192,12192,12191,12191,10155,12192,10165,12020,12191,10171,12191,12192,12192,12192,12191,12199,11322,12192,12199,7251,12192,12191,7161,8001367,8001368,1,3,2,2,4,8269,2069,8016,8112,8211,8311,2036,3066,4096,5126,8171,8438,8340,8268,9069,2036,3066,4096,5126,8707
Poison Master,12189,12191,12189,12191,12189,12192,12191,10172,12191,12192,10165,12192,12192,12192,12191,12192,7251,12192,,10155,12189,12191,7162,9210,1195,1,2,3,4,12153,3339,2539,4638,5541,3539,,,,,,,,,,,,,,,
???? ????????????,12192,12192,12191,10155,12020,10171,12191,12025,12191,10165,12191,12192,12192,12192,12191,12199,12026,12192,12199,7251,12192,12191,7163,,,1,3,2,2,4,2096,3126,8339,8138,8308,8109,3036,4066,5096,2126,8339,8437,8068,8014,9069,8308,8138,8437,8616,8765
?????? ????,12191,12020,12191,12191,10172,12192,12191,12025,12191,12192,12191,12192,12026,12192,12191,12192,,12192,,7261,12192,,12161,12162,,1,2,3,4,12155,4066,5096,8068,8171,8437,8269,4036,5066,2096,3126,8109,8212,8240,8308,9011,8170,8266,8012,8825,8505
Sandstorm Scavenger,12191,12192,12191,10155,12192,12191,10173,12192,12191,12161,12020,10165,12025,12191,12162,12161,7271,12161,12191,8001369,8001370,1,2,2,3,3,4,4,4,12221,8210,8340,8341,8309,8041,2066,8139,8269,8340,8438,4036,5066,5539,2126,6247,8832,8566,8512,3534,5639
?????????? ??????,12020,12250,10173,12251,12250,12250,10165,12025,12250,10155,12250,12251,10058,12381,10058,12164,12164,11362,1,1,2,2,3,3,3,4,4,4,4,12212,12151,12153,12155,12157,12381,,,,,,,,,,,,,,,
???? ???? ????,12271,12035,12271,12035,12271,12035,12271,12035,12271,12036,12271,12036,12271,12036,12271,10010,10057,12037,12151,12037,10029,10058,12271,12038,12271,12038,12271,12039,12039,12039,,,,,,,,,,,,,,,,,,,,
???? ?????? ????,12272,12035,12272,12035,12272,12036,12272,12036,12272,12036,12272,12036,12272,12037,12272,10011,10057,12037,12152,12038,10030,10058,12272,12038,12272,12039,12272,12039,12040,12040,,,,,,,,,,,,,,,,,,,,
,12282,12280,12282,12282,12282,12282,12282,12281,12282,12280,,,12282,12066,10010,10029,12282,12282,12282,12282,12282,4,12156,11332,1,3100,5070,2130,8148,4040,8447,8320,12282,12282,,,,,,,,,,,,,,,,
,12282,12282,12282,,12282,12280,12282,12281,12282,,12282,,12282,12066,10010,10029,12163,12282,12282,12282,1,2,11332,1,2,3,3,8024,8348,8277,5100,8419,2040,3070,4130,12282,,,,,,,,,,,,,,
,12282,12282,12282,10901,12282,12282,12282,12278,12282,12282,,12282,12282,10901,10010,10029,12161,12162,12155,12164,7251,11322,7104,2098,3098,4098,5098,8348,8248,8053,,,,,,,,,,,,,,,,,,,,
,12282,12282,12282,12282,12282,12282,12282,12278,12282,12282,12282,12282,12282,12282,10010,10029,11302,12157,4070,5130,3040,2100,,8252,8280,12282,8025,8054,8072,8122,,,,,,,,,,,,,,,,,,,,
,12282,12282,12282,,12282,12282,12282,12278,12282,12282,12281,12282,12282,12282,10010,10029,11302,12157,2131,2,5041,4,3101,5041,1,2101,,,,,,,,,,,,,,,,,,,,,,,,
,12282,12282,12282,,12136,12282,12282,12278,12282,12282,,12282,12282,12282,1,4071,5131,4,3041,2101,3,10901,,12155,11332,12282,8123,8149,8150,4,12282,12282,12282,12282,12282,12282,12282,12282,12282,12282,,,,,,,,,,
,12282,12282,12282,,12282,12282,12282,12278,12282,12282,,12282,12282,12282,1,4071,5131,4,3041,2101,3,10901,4041,12155,11332,12282,12282,8181,8223,4,12282,12282,12282,12282,12282,12282,12282,12282,12282,12282,2475,,,,,,,,,
,12282,12282,12282,,12136,12282,12282,12278,12282,12282,12153,12282,12282,12282,10010,10029,,,2131,,5071,11302,3101,4041,,10901,8224,8324,8252,1,12282,12282,12282,12282,12282,12282,12282,12282,12282,,,,,,,,,,,
,,12192,12191,12191,,10171,12191,,12191,10153,12191,12192,,10163,12191,12192,7271,12192,,10428,12192,12191,12192,12161,,1,2,3,3,4,2093,8206,8305,8235,8762,8105,2013,4013,5013,3013,8335,8433,8166,8062,9065,8062,8235,8405,8762,8642
,12192,,12191,12191,10153,12192,10172,,12191,12192,10163,12192,12191,12192,12191,12192,7261,12192,7271,10428,12192,12191,12192,12191,,1,2,3,4,12154,5093,2123,8106,8207,8236,8306,3033,4063,5093,2123,8343,8167,8063,8037,9006,8063,3416,4316,5516,2716
,12192,12192,,10163,,12192,12191,,12191,10171,10153,12192,12191,12192,12191,12192,,12192,,7251,12192,12191,12192,12191,,1,,,2,3,4,2093,3123,8305,8206,8405,8007,2013,4013,5013,3013,8166,8433,8335,8134,6245,8335,8263,8166,8762
,12192,,12191,12191,12191,10172,12191,,10153,12192,10163,12192,12191,12192,12191,12192,7251,12192,12189,12191,12189,12191,,,,1,2,3,4,8207,8264,8063,8167,8434,8135,4033,5418,2093,3123,8107,8009,8063,8167,9066,8237,8107,8009,8675,8562,
,,12192,,12191,12191,12192,12191,,10171,12192,12192,,12192,12191,12192,12191,12192,7261,12192,10429,12192,12191,,,1,3,2,2,4,8109,8436,8169,8436,8338,8266,3034,4427,5094,2124,8011,8109,8210,8239,6247,8210,2426,3426,4526,5626,
Goblin Warrior,12192,,12191,12191,12191,10171,12191,,12191,12192,10165,12192,,10155,12191,12192,,12192,7261,10430,8001266,8001267,7158,12164,12161,12161,1,2,3,4,8064,8168,8435,8337,8265,8136,4034,5064,2094,3124,8064,8168,8435,8136,9007,8010,8168,8265,8854,8854
,12191,,10172,12191,12191,12192,12191,,10155,12192,12191,12192,,10165,12191,12192,12199,12192,7271,10430,12189,12199,7159,,1,3,2,2,4,8010,2064,8169,8436,8338,8266,2035,3035,4035,5035,8239,8210,8409,8040,9008,8170,2724,3627,4527,5427,
,,12192,12192,10165,,12192,10171,,12191,10155,12191,12192,12192,12192,12191,12199,7261,12192,12199,10429,12192,12191,7160,,,1,3,2,2,4,2033,3063,8166,8062,8134,8405,2033,3033,4033,5033,8336,8434,8167,8037,9066,8008,8207,8236,8674,8582
,,,,,,,,,,,,,,,,,,,,,,,,,,,,,,,,,,,,,,,,,,,,,,,,,,
Goblin Mage and Gem GM,,12191,10155,12191,,12192,12191,10172,12191,12192,10165,12192,12192,12192,12191,12192,7251,8001269,,,12189,8001268,7162,12164,,1,2,3,4,12154,3094,4124,8170,8437,8339,8267,3035,4065,5095,2125,8110,8012,8066,8170,9009,8066,2526,3524,4624,5321
,12192,12192,12191,10155,,10171,12191,,12191,10165,12191,12192,12192,12192,12191,12199,,12192,12199,7251,12192,12191,7163,,,1,3,2,2,4,2094,3124,8337,8136,8307,8107,3034,4064,5094,2124,8337,8435,8064,8010,9067,8308,8137,8436,8615,8765
,12191,,12191,12191,10172,12192,12191,,12191,12192,12191,12192,,12192,12191,12192,,12192,,7261,12192,,12161,12162,,1,2,3,4,12155,4064,5094,8064,8168,8435,8265,4034,5064,2094,3625,8108,8209,8238,8308,9007,8169,8266,8010,8825,8505
Master Goblin,12191,12192,12191,10155,12192,12191,10173,12192,12191,12161,,10165,,12191,12162,12161,7271,12191,9200,1,1,2,2,3,4,4,4,12221,8209,8339,8341,8308,8041,2064,8139,8268,8340,8438,4034,5064,3094,2124,6247,8831,8564,8512,3532,5632,3533,
,6290,12192,10173,12164,12381,12191,10165,12381,12191,10155,12192,12191,10058,12191,10058,12164,12164,11361,1,1,2,2,3,3,3,4,4,4,4,12212,8169,8269,8341,8439,8172,3034,4064,2094,5124,8513,12151,12153,12155,12157,12154,8709,2432,3334,5432,4534
Reckless Antares,10156,10168,10180,10315,12133,11313,12009,12156,10156,10168,10180,10315,12133,11303,12010,12156,12063,12065,12163,10315,12133,11333,12155,12156,10156,8001378,8001377,10315,12133,6580,,,,,,,,,,,,,,,,,,,,
,,,,,,,,,,,,,,,,,,,,,,,,,,,,,,,,,,,,,,,,,,,,,,,,,,
,,,,,,,,,,,,,,,,,,,,,,,,,,,,,,,,,,,,,,,,,,,,,,,,,,
,,,,,,,,,,,,,,,,,,,,,,,,,,,,,,,,,,,,,,,,,,,,,,,,,,
,,,,,,,,,,,,,,,,,,,,,,,,,,,,,,,,,,,,,,,,,,,,,,,,,,
?????? ??????(??????),12161,12161,12161,12161,12161,12161,12162,12162,12162,12162,12151,12162,12151,12162,12152,12163,12152,12163,12153,12163,12153,12163,11301,11311,12164,12164,11301,11311,11321,11331,,,,,,,,,,,,,,,,,,,,
?????? ??????(??????),12161,12161,12161,12161,12162,12162,12162,12162,12162,12151,12162,12151,12163,12152,12163,12152,12163,12153,12163,12153,12163,12164,11331,11341,12164,12164,11341,11351,11361,11302,,,,,,,,,,,,,,,,,,,,
?????? ??????(??????),12161,12161,12161,12162,12162,12162,12162,12162,12162,12162,12152,12163,12152,12163,12153,12163,12153,12163,12154,12163,12154,12164,11321,11351,12164,12164,11312,11322,11332,11342,,,,,,,,,,,,,,,,,,,,
???? ??????(??????),12161,12161,12161,12162,12162,12162,12162,12162,12163,12153,12163,12153,12163,12154,12163,12154,12163,12155,12164,12155,12164,12164,11341,11351,12164,12164,11302,11332,11352,11362,,,,,,,,,,,,,,,,,,,,
?????? ??????(??????),12161,12161,12162,12162,12162,12162,12162,12162,12163,12163,12155,12163,12155,12163,12156,12163,12156,12164,12157,12164,12157,12164,11351,11361,12164,12164,11352,11352,11362,11362,,,,,,,,,,,,,,,,,,,,
,,,,,,,,,,,,,,,,,,,,,,,,,,,,,,,,,,,,,,,,,,,,,,,,,,
??????????(??????),12161,12161,10183,12161,12161,10184,12162,12162,10185,12162,12163,10185,12163,12163,10186,12164,11301,11311,11331,11341,12151,12152,12153,12154,11301,11311,11321,11331,11341,11351,12086,12086,,,,,,,,,,,,,,,,,,
??????????(??),12161,10183,10183,12161,12162,10184,12162,12162,10185,12162,12163,10186,12164,12164,10187,11321,11351,11331,11341,11361,10187,12153,12154,10187,12155,12156,12157,8901,6233,8967,,,,,,,,,,,,,,,,,,,,
??????????,10151,10182,,10182,10152,,12079,12079,12080,12065,12081,12078,12079,12066,12080,12082,12081,12067,12082,12065,12080,12081,,10183,,,,,,,,,,,,,,,,,,,,,,,,,,
??????7,,10182,10151,,10183,10152,12080,12081,12066,12080,12082,12083,12081,12067,12080,12082,12084,12081,12068,12066,12082,12083,,,10184,,,,,,,,,,,,,,,,,,,,,,,,,
??????8,,10153,10152,,10154,10153,12082,12082,12067,12081,12083,12066,12084,12068,12083,12067,12085,12082,12083,12084,12069,12086,,,,10185,,,,,,,,,,,,,,,,,,,,,,,,
??????(????),10151,,,10152,,10153,12079,12079,12080,12065,12081,12078,12079,12066,12080,12082,12081,12067,12082,12065,12080,12081,,11301,11311,11321,11331,11341,11351,,,,,,,,,,,,,,,,,,,,,
,12037,12038,12039,12040,12047,12048,12049,10013,10032,12008,12009,12010,12016,12017,12059,12060,12067,12068,12084,12085,12086,12099,12135,12064,12069,12134,12135,10901,12139,2402,,,,,,,,,,,,,,,,,,,,
chicken,10107,10107,10107,10107,10107,10107,10107,10107,10107,10107,10107,10107,10107,10107,10107,10107,10107,10107,10107,10107,10107,10107,10107,10107,10107,10107,10107,10107,10107,10107,,,,,,,,,,,,,,,,,,,,
 ,12037,12038,12039,12040,12047,12048,12049,10013,10032,12008,12009,12010,12016,12017,12059,12060,12067,12068,12084,12085,12099,12061,12086,12064,12134,12135, ,10901,12135,,,,,,,,,,,,,,,,,,,,,
,12037,12038,12064,12040,12047,12048,12049,10013,10032,12008,12009,12010,12016,12017,12059,12060,12067,12068,12084,12085,12061,10294,12099,12134,12135,,,,,10901,2042,3042,4041,5041,,,,,,,,,,,,,,,,
,12037,12038,12039,12040,12047,12048,12049,10013,10032,12008,12009,12010,12016,12017,12059,12060,12067,12068,12084,12085,12086,12099,12135,12064,12069,12134,12135,10901,12139,2399,,,,,,,,,,,,,,,,,,,,
,12037,12038,12039,12040,12047,12048,12049,10013,10032,12008,12009,12010,12016,12017,12059,12060,12067,12068,12084,12085,12086,,12099,10901,,,,,,,,,,,,,,,,,,,,,,,,,,
,12037,12038,12039,12040,12047,12048,12049,10013,10032,12008,12009,12010,12016,12017,12059,12060,12067,12068,12084,12085,12086,10294,12095,,,,,,,,,,,,,,,,,,,,,,,,,,,
,12037,12038,12039,12040,12047,12048,12049,10013,10032,12008,12009,12010,12016,12017,12059,12060,12067,12068,12084,12085,12086,12063,12020,3042,3102,2072,2132,8221,8051,8349,2578,2578,2579,2579,,,,,,,,,,,,,,,,
Ikaness Heavygear,12066,12381,12381,10901,10901,12154,12049,12156,12155,10901,10901,12010,12088,12381,12087,12060,12067,12068,12069,12086,1,1,2,3,2,4,3,1,,,4377,12157,5073,3133,4043,2103,8350,8023,8449,12087,12086,3578,3578,2777,2777,,4478,5377,3577,2778
Orpe,12038,12038,12038,12039,12039,12039,12039,12047,12047,12047,12048,12048,12164,12049,12049,12161,12050,12050,12162,10013,12163,10013,10032,8001292,10901,10157,12134,3072,8120,8151,,,,,,,,,,,,,,,,,,,,
,12038,12038,12038,12039,12039,12039,12039,12047,12047,12047,12048,12048,12164,12049,12049,12161,12050,12050,12162,10013,12163,10013,10032,10901,10032,10157,12134,3042,8448,8250,,,,,,,,,,,,,,,,,,,,
Orpe Lukete,12038,12038,12038,12039,12039,12039,12039,12047,12047,12047,12048,12048,12164,12049,12049,12161,12050,12050,12162,10013,12163,10013,10032,8001293,10032,11351,8278,8183,8349,12139,,,,,,,,,,,,,,,,,,,,
,12038,12038,12038,12039,12039,12039,12039,12047,12047,12047,12048,12048,12164,12049,12049,12161,12050,12050,12162,10013,12163,10901,10032,12135,8420,12197,12135,8022,2042,2401,,,,,,,,,,,,,,,,,,,,
,12038,12162,12038,12039,12039,12163,12039,12047,12047,12047,12048,12164,12164,12049,12049,12161,12050,12050,12162,10013,12163,10013,10032,10032,10032,10157,10157,10167,2779,2479,,,,,,,,,,,,,,,,,,,,
,12038,12038,12038,12039,12039,12039,12039,12047,12047,12047,12048,12048,12164,12049,12049,12161,12050,12050,12162,10013,12163,10013,10032,10032,10032,10157,10157,10167,,,,,,,,,,,,,,,,,,,,,,
,12038,12038,12039,12039,12039,12047,12137,12136,12048,12048,12049,12049,12164,12050,12050,10032,10013,10167,11312,10013,10032,10157,10901,8448,5072,3132,4042,2102,8278,8022,,,,,,,,,,,,,,,,,,,,
,10921,10922,10923,10924,10930,10931,10932,10933,10935,10938,10939,10994,10992,10993,10994,10995,10150,10149,,,,10914,,,,10916,10496,10438,10918,10940,,,,,,,,,,,,,,,,,,,,
,12038,12038,12038,12039,12039,12039,12039,12047,12047,12047,12048,12048,12164,12049,12049,12161,12050,12050,12162,10013,12163,10901,10032,12135,8420,12197,12135,8022,2042,2400,,,,,,,,,,,,,,,,,,,,
?????? ??????,10306,10010,10029,12161,12162,10312,7013,7091,12161,12162,12163,12163,12151,12151,12151,12151,12151,12151,12152,11301,11311,11321,11331,8641,8502,8581,8672,8762,8821,12211,,,,,,,,,,,,,,,,,,,,
?????? ??????,10307,10011,10029,12161,12162,10314,7014,7092,12161,12162,12163,12163,12151,12151,12151,12151,12152,12152,12152,11341,11351,11361,11302,8613,8642,8534,8614,8674,8852,12221,,,,,,,,,,,,,,,,,,,,
?????? ????,10308,10010,10029,12161,12163,10315,7015,7161,12161,12162,12162,12164,12151,12151,12151,12151,12152,12152,12153,11301,11321,11361,11312,3311,3413,3513,3613,8702,8673,12211,,,,,,,,,,,,,,,,,,,,
?????? ??????,10309,10011,10029,12161,12161,10313,7016,7162,12161,12161,12161,12161,12161,12151,12151,12151,12151,12152,12153,11321,11361,11302,11351,,,,,,,12221,,,,,,,,,,,,,,,,,,,,
Junon's Krawfy,10310,10012,10030,12161,12162,10314,7017,7091,12163,12163,12164,12151,12151,12151,12152,12152,12152,12153,12153,11321,11331,11322,11342,8705,8733,8505,8825,8584,8826,8001308,,,,,,,,,,,,,,,,,,,,
?????? ????,10311,10011,10030,12161,12162,10315,7161,7092,12163,12163,12164,12151,12151,12151,12151,12152,12152,12153,12153,11351,11361,11332,11352,8675,8562,8853,8536,8795,8765,12221,,,,,,,,,,,,,,,,,,,,
?????? ????,10312,10011,10030,12163,12163,10316,7162,7163,12163,12163,12161,12163,12151,12151,12151,12152,12152,12153,12154,11341,11332,11352,11311,,,,,,,12212,,,,,,,,,,,,,,,,,,,,
?????? ????????,10316,10012,10031,12161,12162,10317,7163,7094,12162,12163,12164,12151,12151,12152,12152,12153,12154,12154,12155,11311,11362,11302,11312,8564,8585,8766,8796,8767,8768,12226,,,,,,,,,,,,,,,,,,,,
?????? ????,10317,10012,10031,12161,12162,10318,7164,7095,12162,12163,12164,12151,12152,12152,12153,12154,12154,12155,12156,11341,11332,11342,11303,3631,3531,3432,3331,8617,8510,12235,3432,,,,,,,,,,,,,,,,,,,
Junon's Goblin King,10315,10013,10031,12161,12162,10319,7165,7018,12163,12164,12164,12151,12152,12153,12154,12154,12155,12156,12157,11351,11352,11362,11323,8735,8586,8618,8650,8679,8001309,12231,,,,,,,,,,,,,,,,,,,,
,12038,12038,12038,12039,12047,12039,12047,12047,12049,12049,12048,12048,12164,10013,12162,12161,12050,10157,10032,10167,12163,10013,10901,8349,8221,4072,2132,5042,3102,8120,12155,,,,,,,,,,,,,,,,,,,
Moss Golem,12086,12381,12086,10901,12068,12067,12068,12069,10901,12152,12153,10901,10901,12064,12156,12157,11373,12155,12155,8001295,1,1,2,3,2,4,4,,,,,,3073,4133,2043,5103,12040,12086,12087,12088,12087,12088,8279,8222,3678,3678,5378,4577,3679,2678
,,,,,,,,,,,,,,,,,,,,,,,,,,,,,,,,,,,,,,,,,,,,,,,,,,
luna bebeg ,11351,11352,11353,11302,12212,12153,10313,10317,8565,8798,11351,11351,11352,12212,12212,12212,10313,12381,8565,8565,8798,8798,12164,12164,12164,12164,12085,12085,12085,12164,,,,,,,,,,,,,,,,,,,,
luna warship,2447,3447,4347,4447,11371,11372,11373,11312,12155,10314,10315,12164,12164,12164,12164,2447,3447,4347,4447,11371,11371,11372,12085,12085,12085,12212,12212,10314,10314,10315,,,,,,,,,,,,,,,,,,,,
luna mammoth,2749,2648,3648,3548,2749,2648,3648,3548,11361,11361,11361,11362,11362,11363,12212,12212,12212,12381,10316,10319,10319,12164,12164,12164,10322,10322,12085,12085,12156,12156,2645,2645,3545,3545,2127,2127,3648,3648,4127,4127,,,,,,,,,,
luna dread,11341,11341,11341,11342,11342,11343,11332,11332,12212,12212,12212,12156,12156,10318,10318,10318,10316,12381,3352,3352,3452,3452,3554,3554,3652,3652,8865,8865,8745,8001310,,,,,,,,,,,,,,,,,,,,
luna behemot,11301,11301,11301,11302,11302,11303,11381,11381,12235,12235,12157,12157,12157,12381,10342,10346,12381,10346,10342,8719,8719,8687,5661,5661,5561,5561,5461,5461,5361,8001311,,,,,,,,,,,,,,,,,,,,
,,,,,,,,,,,,,,,,,,,,,,,,,,,,,,,,,,,,,,,,,,,,,,,,,,
Snow Spirit,10206,10207,10206,10381,12240,10207,10206,12240,12240,10206,10207,12240,10206,12240,12240,10207,12240,12240,12240,10381,10206,12240,12240,12240,10206,12240,10381,12240,10206,10207,,,,,,,,,,,,,,,,,,,,
Snow Giant,12240,10381,10496,12240,12206,12240,12240,10206,10207,10496,12240,10207,12240,12240,10206,12240,12240,10206,10496,12240,10206,12240,10207,12240,10381,12240,10207,10496,10207,12240,,,,,,,,,,,,,,,,,,,,
Snow Abomination,8001184,8001185,8001186,8001187,8001188,8001189,8001190,8001191,8001184,8001185,8001186,8001187,8001188,8001189,8001190,8001191,8001184,8001185,8001186,8001187,8001188,8001189,8001190,8001191,8001184,8001185,8001186,8001187,8001188,8001189,,,,,,,,,,,,,,,,,,,,
,,,,,,,,,,,,,,,,,,,,,,,,,,,,,,,,,,,,,,,,,,,,,,,,,,
,,,,,,,,,,,,,,,,,,,,,,,,,,,,,,,,,,,,,,,,,,,,,,,,,,
Silent Allurer,12068,12060,12010,10301,10326,10321,10322,10323,10317,12010,12060,10168,10013,10032,12029,12079,12061,12062,,12060,12111,12111,12111,10301,10326,10301,10326,12029,12079,10159,,,,,,,,,,,,,,,,,,,,
Fearful Allurer,12068,12060,12010,10301,10326,10321,10322,10323,10316,12010,12060,10168,10013,10032,12029,12079,12061,12062,,12060,12111,12111,12111,10301,10326,10301,10326,12029,12079,10169,,,,,,,,,,,,,,,,,,,,
Frozen Allurer,10315,12241,10321,10322,10323,10473,10472,10381,10157,10168,10013,10032,12029,12079,12061,12062,12085,12130,10381,10157,10328,10325,12241,10324,10323,10328,10325,10324,10322,12241,,,,,,,,,,,,,,,,,,,,
Frost Dragon,12242,12242,12242,12242,8918,12242,12242,12242,12242,12242,12242,12242,12242,12242,12242,12242,12242,12242,12242,12242,12242,12242,12242,12242,12242,12242,12242,12242,12242,12242,,,,,,,,,,,,,,,,,,,,
Frost Dragon Unique (DONT USE YET),,,,,,,,,,,,,,,,,,,,,,,,,,,,,,,,,,,,,,,,,,,,,,,,,,
,,,,,,,,,,,,,,,,,,,,,,,,,,,,,,,,,,,,,,,,,,,,,,,,,,
,,,,,,,,,,,,,,,,,,,,,,,,,,,,,,,,,,,,,,,,,,,,,,,,,,
used to be row 90 ~,12025,12026,12015,12125,12381,12279,12279,12279,12047,12047,12025,12015,12015,10032,10026,12064,12061,12098,12192,2102,3132,8151,11332,12285,12285,12285,12285,12285,,,,,,,,,,,,,,,,,,,,,,
,,,,,,,,,,,,,,,,,,,,,,,,,,,,,,,,,,,,,,,,,,,,,,,,,,
,,,,,,,,,,,,,,,,,,,,,,,,,,,,,,,,,,,,,,,,,,,,,,,,,,
,,,,,,,,,,,,,,,,,,,,,,,,,,,,,,,,,,,,,,,,,,,,,,,,,,
,,,,,,,,,,,,,,,,,,,,,,,,,,,,,,,,,,,,,,,,,,,,,,,,,,
,,,,,,,,,,,,,,,,,,,,,,,,,,,,,,,,,,,,,,,,,,,,,,,,,,
,,,,,,,,,,,,,,,,,,,,,,,,,,,,,,,,,,,,,,,,,,,,,,,,,,
,,,,,,,,,,,,,,,,,,,,,,,,,,,,,,,,,,,,,,,,,,,,,,,,,,
,,,,,,,,,,,,,,,,,,,,,,,,,,,,,,,,,,,,,,,,,,,,,,,,,,
,,,,,,,,,,,,,,,,,,,,,,,,,,,,,,,,,,,,,,,,,,,,,,,,,,
,,,,,,,,,,,,,,,,,,,,,,,,,,,,,,,,,,,,,,,,,,,,,,,,,,
,,,,,,,,,,,,,,,,,,,,,,,,,,,,,,,,,,,,,,,,,,,,,,,,,,
,,,,,,,,,,,,,,,,,,,,,,,,,,,,,,,,,,,,,,,,,,,,,,,,,,
,,,,,,,,,,,,,,,,,,,,,,,,,,,,,,,,,,,,,,,,,,,,,,,,,,
,,,,,,,,,,,,,,,,,,,,,,,,,,,,,,,,,,,,,,,,,,,,,,,,,,
,,,,,,,,,,,,,,,,,,,,,,,,,,,,,,,,,,,,,,,,,,,,,,,,,,
,,,,,,,,,,,,,,,,,,,,,,,,,,,,,,,,,,,,,,,,,,,,,,,,,,
,,,,,,,,,,,,,,,,,,,,,,,,,,,,,,,,,,,,,,,,,,,,,,,,,,
,,,,,,,,,,,,,,,,,,,,,,,,,,,,,,,,,,,,,,,,,,,,,,,,,,
???? ??,12075,12076,12077,12078,12079,12080,12161,12161,12161,12161,12161,12161,12161,12161,12161,12161,12161,12161,12161,12161,12161,12161,12161,12161,11341,11351,11351,11341,11342,11351,,,,,,,,,,,,,,,,,,,,
???? ??,12075,12076,12077,12078,12079,12080,12162,12162,12162,12162,12162,12162,12162,12162,12162,12162,12162,12162,12162,12162,12162,12162,12162,12162,11321,11331,11331,11321,11322,11332,,,,,,,,,,,,,,,,,,,,
???? ??,12076,12077,12078,12079,12080,12081,12163,12163,12163,12163,12163,12163,12163,12163,12163,12163,12163,12163,12163,12163,12163,12163,12163,12163,11301,11311,11311,11301,11302,11312,,,,,,,,,,,,,,,,,,,,
?????? ??,12076,12077,12079,12080,12081,12082,12164,12164,12164,12164,12164,12164,12164,12164,12164,12164,12164,12164,12164,12164,12164,12164,12164,12164,11361,11361,11361,11361,11362,11362,,,,,,,,,,,,,,,,,,,,
Slag and Elder Slag,12193,,12193,12194,12193,12194,,12114,12115,12194,12142,12194,12193,12142,12193,12142,12142,,12193,,12194,12193,12194,8001268,8001269,10431,1,2,3,4,8308,8338,8265,8009,8038,8010,8064,8107,8136,8168,6224,6247,9006,9007,9008,8505,8583,8675,8705,8765
???? ????,12193,12261,,12261,12193,12261,,12113,12114,12261,12143,12261,12193,12143,12193,12261,12143,12261,12193,,12261,12193,12261,12193,12261,12193,12261,12193,12261,12193,,,,,,,,,,,,,,,,,,,,
?????? ????,12193,,12193,12261,12193,12261,,12114,12115,12261,12144,12261,12193,12142,12142,12261,12142,12261,12261,,12193,12261,12193,12261,12193,12261,12193,12261,12193,12193,,,,,,,,,,,,,,,,,,,,
???? ????,,12261,12193,12261,12193,12261,,12113,12114,12261,12143,12261,12193,12143,12193,12261,12143,10432,12261,10432,12193,12261,12193,12261,12193,12261,12193,1,2,3,8309,8211,8012,8040,8066,8109,8139,8210,8240,8267,8309,8339,8796,8828,8856,,,,,
?????? ????,12193,,12193,12261,12193,12261,,12114,12115,12261,12144,12261,12193,12144,12193,12261,12144,12261,12261,,12193,12261,12193,12261,12193,12261,12193,1,2,3,8170,8138,8267,8410,8438,8240,8210,8267,8139,8139,8339,8309,8828,8856,8796,,,,,
Yeti,12193,,12193,12262,12193,12262,,12118,12118,12262,12142,12262,12193,12143,12193,12262,12143,10433,12143,10433,12193,12262,,,,1,2,3,3,4,2035,3065,4095,5125,3035,4065,5095,2125,4035,5065,8309,8211,8012,8066,8109,8139,8210,8267,8796,8856
Yeti Hunter,12193,12262,,12262,12193,12262,,12114,12115,12262,12144,12262,12193,12144,12193,12142,12142,10434,12262,10434,8001270,8001271,,,,1,2,3,3,4,4065,5095,3035,2125,2095,3125,4035,5065,2095,3035,8170,8138,8267,8309,8211,8012,8066,8109,8828,8770
Yeti Guard,12193,,12193,12262,12193,12262,,12119,12120,12262,12142,12262,12142,12142,12193,12262,12143,10435,12262,10435,12193,12262,,,,1,2,3,3,4,5065,3125,2095,4035,3065,8410,8240,8110,8013,8171,8212,8311,9007,9008,9009,8341,8411,8439,8830,8772
Yeti Captain,12193,,12193,12262,12193,12262,,12114,12115,12144,12144,12262,12193,12144,12193,12262,12144,12262,12262,,12193,12193,,,1,2,3,3,2,4,3095,4125,5035,2065,4035,5125,2065,3095,4035,3125,8437,8067,8340,8311,8511,8541,8649,8709,8772,8832
???? ??????,12193,12263,,12263,12193,12263,,12123,12124,12263,12142,12263,12142,12142,12193,12263,12164,12263,12263,,12193,12193,,,,1,2,3,3,4,2035,3065,4095,5125,5065,3125,2095,4035,3065,5095,8268,8311,8211,8067,8340,8311,8341,8411,8832,8512
Ruper Wizard,12193,,12193,12263,12193,12263,,12128,12123,12263,12143,12263,12193,12143,12143,12263,12142,12263,12263,,8001272,8001273,,,,1,2,3,3,4,4065,5095,3035,2125,2035,8111,8438,8410,8013,8171,8212,8311,9070,9071,9072,8012,8341,8312,8799,8771
Ruper Captain,,12263,12193,12263,12193,12263,,12123,12124,12142,12142,12263,12193,12142,12193,12263,12143,12263,12263,,8001275,8001275,,,1,2,3,3,2,4,8140,8171,8268,8013,8269,8241,8173,8112,8068,8043,5065,3125,2095,4035,4632,8832,5333,4634,3534,2532
???? ??????,12193,,12193,12262,12193,12262,,12128,12129,12262,12143,12143,12193,12143,12193,12262,12144,10436,12262,10436,12193,12262,,,,1,2,3,3,4,3095,4125,5035,2065,4095,8042,8311,8212,8111,8269,3125,4035,5065,2095,2035,3035,4065,5125,5332,3534
?????? ??????,12193,12262,,12262,12193,12262,,12123,12124,12262,12144,12262,12193,12144,12144,12262,12143,10436,12262,10436,12193,12262,,,,1,2,3,3,4,2035,3065,4095,5125,2065,8013,8043,8411,8311,8341,2125,3095,3632,4035,5065,8439,8172,8140,8799,8832
?????? ????,12193,,12193,12262,12193,12262,,12128,12130,12262,12142,12262,12193,12143,12193,12262,12144,12144,12262,,12193,12193,,,,1,2,3,3,4,8014,8440,8113,8043,8068,8112,8141,8173,8214,8270,4065,5095,3035,2125,4065,8512,4435,4335,4535,4635
???????? ????,12194,,12194,12265,12194,12265,,12130,12124,12265,12143,12265,12194,12144,12194,12142,12142,12265,12265,,12194,12151,12152,1,2,3,3,2,3,4,2036,5126,4096,3066,2065,8242,8213,8014,8312,8342,8412,8043,8015,8342,8441,8859,8652,8620,8587,8543
Tyrant,12194,12265,,12265,12194,12265,,12120,12125,12265,12144,12265,12194,12142,12194,12265,12144,8001276,8001277,,12194,12194,,1,2,3,3,2,3,4,8043,8113,8440,8013,8068,8112,8142,8173,8214,8242,4065,5095,3035,2125,5095,5635,5335,5435,5535,8544
FrostWorm and Elder FW,12194,12265,,12265,12194,12265,,12120,12115,12265,12143,12265,12194,12144,12144,12265,12142,12265,8001276,,12194,12194,,,,1,3,2,2,4,8140,8172,8340,8242,8312,8342,8412,8440,8173,8112,3065,2035,4095,5125,6226,5036,3126,4096,5036,2066
Winter Maul Leader,,12264,12194,12264,12194,12264,,12115,12114,12264,12144,12144,12194,12142,12194,8001274,12144,12264,12264,12161,12161,12162,11321,11311,,1,3,2,2,4,4066,2738,5096,3036,2126,5036,3126,4096,5036,2066,8015,8044,8068,8112,8440,8413,8342,8320,8566,8620
Vulcan,,12264,12194,12264,12194,12264,12123,12123,12123,12264,12142,12142,12194,12143,12194,12264,12142,12264,8001277,12161,12162,12151,11331,12155,,1,3,2,2,4,5096,2036,3066,4126,2126,5096,3036,2126,5036,3126,8270,8243,8214,8015,8069,8113,8174,8143,8652,8710
??????????,12194,,12194,12265,12194,12265,12118,12119,12120,12144,12144,12265,12194,12142,12143,12265,12265,12162,12162,12152,,11341,,,1,2,3,3,2,4,2036,4096,3066,5126,3066,8015,8044,8069,8114,8143,8175,8215,8271,8314,8344,4037,5067,2097,3127,4016
??????????,12193,12267,,12267,12193,12267,12128,12129,12130,12267,12142,12142,12193,12143,12193,12267,12142,12267,12267,12163,12164,12153,11351,,1,2,3,3,2,4,5126,2036,4096,3066,2036,5036,4126,5036,2096,3066,8243,8214,8174,8442,8414,8016,8314,8244,8654,8621
Dreadnaught King,12161,12162,12163,12164,12161,12162,6186,12164,11341,11331,11351,11361,12267,12267,12151,12152,8001374,12153,11351,11361,8001373,,1,2,3,3,2,1,4,4,3445,3097,3037,3127,5347,5648,4067,4097,2545,3037,3127,5067,5097,5640,3440,2440,4539,4541,3440,2438
??????,12195,,12195,12267,12195,12267,,12267,12195,12267,12144,12267,12195,12144,12144,12267,12143,12267,12267,12163,12163,12154,11301,,1,2,3,3,2,4,8270,8243,8173,8015,8043,8068,8313,8343,8413,8441,8916,5066,3639,4036,4066,8620,8589,8710,8737,8775
Elder Mammoth,12195,,12195,12267,12195,12267,,12267,12195,12267,12142,12267,12195,12142,12195,12267,12144,12144,8001371,8001372,,12153,12154,11361,,1,3,2,2,4,8173,8440,8412,8342,8312,8270,8243,8214,8043,8015,8917,4036,5096,2066,3066,8774,8799,8835,8710,8588
????????,12195,12270,8516,8681,8713,8739,8777,8801,8836,8860,8546,8567,8589,8621,8653,8861,8836,8802,8776,8738,8681,8655,8621,8590,8568,8548,8517,12153,12154,12155,,,,,,,,,,,,,,,,,,,,
Behemoth King,12381,12270,12152,12153,12154,12155,12156,12157,8001376,8861,8836,8802,8776,8738,8681,8655,8621,8590,8568,8548,8517,8518,8001375,8590,8623,8656,8682,8714,8778,8838,4432,4432,12381,12381,,,,,,,,,,,,,,,,
????(????),11402,8041,11402,8110,8438,11402,8171,8211,8240,8410,8339,8310,8269,2433,3434,4534,5634,8511,8585,8678,8708,8735,8771,8541,8564,8618,8649,8798,8831,8857,,,,,,,,,,,,,,,,,,,,
???? ????(????),11403,8310,11403,8438,8211,8171,8139,11403,8041,8066,8110,2531,2531,2533,4634,5334,3534,8858,8832,8773,8735,8512,8542,8565,8586,8619,8650,8679,8709,8799,,,,,,,,,,,,,,,,,,,,
?????? ??????(????),11402,8041,11402,8111,8438,8140,11402,8212,8241,8268,8311,8410,,5434,4333,3634,2632,8735,8512,8542,8565,8679,8709,8799,8858,8832,8586,8619,8773,8650,,,,,,,,,,,,,,,,,,,,
?????? ????(????),8410,11403,8311,11403,8242,8212,8172,8140,11403,8042,8066,8111,8438,4434,3333,2733,5534,8514,8544,8566,8735,8774,8652,8588,8679,8709,8833,8858,8800,8620,5533,5533,,,,,,,,,,,,,,,,,,
Behemoth King (Unique),8042,8066,8111,8438,4434,3334,2733,5534,8514,8544,8566,8735,8774,8902,8910,8984,8903,8985,,8961,8942,8954,8934,8969,,8928,8977,8993,12231,,,,,,,,,,,,,,,,,,,,,
"????(????,????????)",12194,12264,12194,12264,12194,12264,12194,12264,12194,12264,12194,12264,12194,12264,12194,12264,12194,12153,12154,,,1,2,3,3,2,1,4,4,4,4545,2067,3037,5445,4445,2037,4037,3067,5037,2097,5127,4648,5545,2748,3097,11301,11311,11321,11331,11351
Basilisk Captain,12194,12265,12194,12265,12194,12265,12161,12162,12163,12164,12161,8001278,8001279,,,11331,11341,11361,1,2,3,2,1,2,3,2,1,4,4,4,8410,8338,8313,8143,8272,8214,8016,8114,8344,8045,8442,,8414,8069,8243,8621,8654,8680,8737,8800
Devil Pest Slag,12193,12063,12161,12194,12162,12161,12064,12114,12115,12163,12142,12194,12193,12065,12193,12142,12164,,12193,,12064,12164,12194,12193,12194,10431,12161,12162,12163,12164,,,,,,,,,,,,,,,,,,,,
,,,,,,,,,,,,,,,,,,,,,,,,,,,,,,,,,,,,,,,,,,,,,,,,,,
,,,,,,,,,,,,,,,,,,,,,,,,,,,,,,,,,,,,,,,,,,,,,,,,,,
,,,,,,,,,,,,,,,,,,,,,,,,,,,,,,,,,,,,,,,,,,,,,,,,,,
,,,,,,,,,,,,,,,,,,,,,,,,,,,,,,,,,,,,,,,,,,,,,,,,,,
,,,,,,,,,,,,,,,,,,,,,,,,,,,,,,,,,,,,,,,,,,,,,,,,,,
,,,,,,,,,,,,,,,,,,,,,,,,,,,,,,,,,,,,,,,,,,,,,,,,,,
,,,,,,,,,,,,,,,,,,,,,,,,,,,,,,,,,,,,,,,,,,,,,,,,,,
,,,,,,,,,,,,,,,,,,,,,,,,,,,,,,,,,,,,,,,,,,,,,,,,,,
t4 seal 152,,12381,,8865,8182,8072,8323,8223,8844,8422,8353,8806,8783,8745,8718,8150,8450,8686,8123,8662,8423,8324,8628,8595,8181,8224,8054,8553,8524,6794,,,,,,,,,,,,,,,,,,,,
ruper wizard,,,,,,,,,,,,,,,,,,,,,,,,,,,,,,,,,,,,,,,,,,,,,,,,,,
t4 seal 160,,12381,8866,8845,8182,8072,8323,8223,8807,8422,8353,8785,8784,8746,8719,8150,8450,8687,8123,8663,8423,8324,8629,8596,8181,8224,8054,8554,8525,6794,,,,,,,,,,,,,,,,,,,,
??????,,,8267,,8065,8010,8210,8108,8339,8267,8408,8137,,8039,8169,8309,8436,8239,8794,8823,8704,8853,8534,8643,8643,,8764,8732,8615,8503,,,,,,,,,,,,,,,,,,,,
??????,,,8239,8267,8339,8438,,8410,8210,8065,8267,8170,8011,8310,8110,8138,,8040,8706,,8585,8856,8537,8564,8796,8507,8537,8827,8676,,,,,,,,,,,,,,,,,,,,,
??????,,,8411,,8042,8140,8341,8269,8111,8067,8013,,8439,8172,8311,,8241,8212,8831,8649,8564,8771,8735,8678,8541,8585,,8511,8798,8618,,,,,,,,,,,,,,,,,,,,
??????,,,,8312,8242,8412,8173,8440,8014,8342,,8270,8141,8799,8068,8043,8112,8213,8832,8773,8735,8512,8542,8565,8586,8619,8650,8679,8709,6794,,,,,,,,,,,,,,,,,,,,
??????,,,8272,,8143,8114,8313,8016,8069,8344,,8442,8414,8620,8045,8243,8182,8214,8544,8566,8735,8774,8652,8588,8679,8709,8833,8858,8800,6794,,,,,,,,,,,,,,,,,,,,
Seal Stone T3,8045,8016,8244,8069,8344,8143,8414,8175,8215,8836,8442,8272,8314,8860,2548,3347,4548,5647,8589,8567,8775,8653,8545,8516,8738,8681,8621,8802,8711,6794,,,,,,,,,,,,,,,,,,,,
?????? ????,12282,12282,12282,12282,12282,12282,12282,12282,12282,12282,12282,12282,12282,12282,10010,10029,12282,4069,12282,5129,3039,2099,12152,12161,8179,8318,8049,,,,4460,4460,5460,5460,2662,2662,,,,,,,,,,,,,,
?????? ????,12282,12282,12282,12282,12282,12282,12282,12282,12282,12282,12282,12282,12282,12282,10010,10029,12282,3069,12282,4129,2039,5099,12151,8418,8347,8276,8422,,,,3460,3460,,,,,,,,,,,,,,,,,,
Sikuku Tiger Captain,12282,12282,12282,12282,12282,12282,12282,12282,12282,12282,12282,12282,12282,,8001288,10029,12282,12155,11322,12161,2069,3129,5039,4099,8248,8219,8119,8020,8323,8351,2560,2560,4554,4554,,,,,,,,,,,,,,,,
Thorn Hound King,12193,12193,12193,12193,12193,12193,12012,12012,12193,12011,12011,12194,12194,12194,12118,12113,12194,12193,14866,4327,4427,4527,4627,12153,12151,12193,12113,12193,12113,14866,,,,,,,,,,,,,,,,,,,,
??????,12119,12120,12114,12079,12079,12080,12065,12081,12078,12079,12066,12080,12082,12081,12067,12082,12065,12080,12081,12161,10308,12161,,10316,,1,3,2,2,4,8704,8615,8534,8503,8011,8040,8065,8109,8138,8210,2016,3016,4016,5016,3016,4016,5125,4035,2065,3095
??????,12118,12124,12115,12080,12081,12066,12080,12082,12083,12081,12067,12080,12082,12084,12081,12068,12066,12082,12083,12162,10309,12162,,10317,,1,3,2,2,4,8564,8507,8537,8827,8212,8269,8341,8111,8140,8172,2016,4016,3125,4095,5035,2065,3095,4035,2125,5065
??????,12125,12129,12130,12082,12082,12067,12081,12083,12066,12084,12068,12083,12067,12085,12082,12083,12084,12069,12086,12163,10310,12163,,10318,,1,3,2,2,4,8175,8344,8272,8442,8215,8016,8215,8271,8343,8016,3125,4095,5035,2065,3095,4035,4036,5096,2126,3066
??????,12136,12130,12082,12083,12082,12083,12067,12084,12067,12068,12087,12068,12086,12086,12069,12109,12084,12087,12085,12164,10311,12164,12109,12109,12084,12083,12109,12083,12085,12085,,,,,,,,,,,,,,,,,,,,
,12193,12193,12193,12193,12193,12193,12012,12012,12193,12011,12011,12194,12194,12194,12118,12113,12194,12193,,,,,,,,,,,,,,,,,,,,,,,,,,,,,,,,
,12193,12193,12193,12193,12193,12193,12012,12012,12193,12011,12011,12194,12194,12194,12118,12113,12194,12193,,,,,,,,,,,,,,,,,,,,,,,,,,,,,,,,
,12193,12193,12193,12193,12193,12193,12012,12012,12193,12011,12011,12194,12194,12194,12118,12113,12194,12193,,,,,,,,,,,,,,,,,,,,,,,,,,,,,,,,
,12193,12193,12193,12193,12193,12193,12012,12012,12193,12011,12011,12194,12194,12194,12118,12113,12194,12193,,,,,,,,,,,,,,,,,,,,,,,,,,,,,,,,
Varus,3541,5541,5441,4441,6292,3341,4341,3641,4641,5641,2640,2526,2440,2733,6292,12116,12118,12381,12381,12381,12143,12144,12142,12129,12130,12128,12084,12153,12152,6292,,,,,,,,,,,,,,,,,,,,
,12193,12193,12193,12193,12193,12193,12012,12012,12193,12011,12011,12194,12194,12194,12118,12113,12194,12193,,,,,,,,,,,,,,,,,,,,,,,,,,,,,,,,
,12193,12193,12193,12193,12193,12193,12012,12012,12193,12011,12011,12194,12194,12194,12118,12113,12194,12193,,,,,,,,,,,,,,,,,,,,,,,,,,,,,,,,
,12193,12193,12193,12193,12193,12193,12012,12012,12193,12011,12011,12194,12194,12194,12118,12113,12194,12193,,,,,,,,,,,,,,,,,,,,,,,,,,,,,,,,
,12193,12193,12193,12193,12193,12193,12012,12012,12193,12011,12011,12194,12194,12194,12118,12113,12194,12193,,,,,,,,,,,,,,,,,,,,,,,,,,,,,,,,
,12193,12193,12193,12193,12193,12193,12012,12012,12193,12011,12011,12194,12194,12194,12118,12113,12194,12193,,,,,,,,,,,,,,,,,,,,,,,,,,,,,,,,
,12193,12193,12193,12193,12193,12193,12012,12012,12193,12011,12011,12194,12194,12194,12118,12113,12194,12193,,,,,,,,,,,,,,,,,,,,,,,,,,,,,,,,
,12193,12193,12193,12193,12193,12193,12012,12012,12193,12011,12011,12194,12194,12194,12118,12113,12194,12193,,,,,,,,,,,,,,,,,,,,,,,,,,,,,,,,
,12193,12193,12193,12193,12193,12193,12012,12012,12193,12011,12011,12194,12194,12194,12118,12113,12194,12193,,,,,,,,,,,,,,,,,,,,,,,,,,,,,,,,
,12193,12193,12193,12193,12193,12193,12012,12012,12193,12011,12011,12194,12194,12194,12118,12113,12194,12193,,,,,,,,,,,,,,,,,,,,,,,,,,,,,,,,
,12193,12193,12193,12193,12193,12193,12012,12012,12193,12011,12011,12194,12194,12194,12118,12113,12194,12193,,,,,,,,,,,,,,,,,,,,,,,,,,,,,,,,
,12193,12193,12193,12193,12135,12193,12012,12012,12193,12011,12011,12194,12194,12194,12118,12113,12194,12193,,,,,,,,,,,,,,,,,,,,,,,,,,,,,,,,
,12193,12193,12193,12193,12193,12193,12012,12012,12193,12011,12011,12194,12194,12194,12118,12113,12194,12193,,,,,,,,,,,,,,,,,,,,,,,,,,,,,,,,
??????1,12280,12280,12280,12280,12280,12280,12280,12280,12280,12280,12280,12280,12280,12280,10010,10029,12161,12162,12163,12164,7251,12199,7008,,1,2,3,3,2,4,8018,8116,8217,8246,8316,8416,8047,8145,8274,8346,,,,,,,,,,
??????2,12280,12280,12280,12280,12280,12280,12280,12280,12280,12280,12280,12280,12280,12280,10010,10029,12161,12162,12163,12164,7261,,7088,,1,2,3,3,2,4,8020,8049,8118,8147,8179,,,,,,,,,,,,,,,
??????1,12280,12280,12280,12280,12280,12280,12280,12280,12280,12280,12280,12280,12280,12280,10010,10029,12161,12162,12163,12164,7251,,7008,,1,2,3,3,2,4,8018,8116,8217,8246,8316,8416,8047,8145,8274,8346,,,,,,,,,,
??????1,12280,12280,12280,12280,12280,12280,12280,12280,12280,12280,12280,12280,12280,12280,10010,10029,12161,12162,12163,12164,7251,,7008,,1,2,3,3,2,4,8018,8116,8217,8246,8316,8416,8047,8145,8274,8346,,,,,,,,,,
??????1,12280,12280,12280,12280,12280,12280,12280,12280,12280,12280,12280,12280,12280,12280,10010,10029,12161,12162,12163,12164,7251,,7008,,1,2,3,3,2,4,8018,8116,8217,8246,8316,8416,8047,8145,8274,8346,,,,,,,,,,
Pincer,12280,12280,12135,12280,12134,12280,12135,12280,12280,12280,12280,12280,12280,12280,10010,10029,12161,12162,12163,12164,8416,7011,,,,,,,,,,,,,,,,,,,,,,,,,,,,
Pincer Queen,12280,12280,12280,12280,12280,12280,12280,12280,12280,12280,12280,12280,12280,8001284,10010,10029,12161,12162,12163,12164,7091,12155,11303,11313,1,2,3,3,,,,,,,,,,,,,,,,,,,,,,
,,,,,,,,,,,,,,,,,,,,,,,,,,,,,,,,,,,,,,,,,,,,,,,,,,
,,,,,,,,,,,,,,,,,,,,,,,,,,,,,,,,,,,,,,,,,,,,,,,,,,
Hook,12280,12280,12136,12280,12280,12137,12280,12170,12280,12137,12280,12280,12170,12136,10010,10029,12161,12162,12163,12164,7271,12170,7161,,12170,,,,,,,,,,,,,,,,,,,,,,,,,
King Hook,12280,12280,12280,12280,12170,12280,12280,12280,12170,12280,12280,12170,12280,11400,10010,10029,12161,12162,8001285,7020,12155,11323,11333,6050,1,2,3,12170,12170,12170,,,,,,,,,,,,,,,,,,,,
,,,,,,,,,,,,,,,,,,,,,,,,,,,,,,,,,,,,,,,,,,,,,,,,,,
,,,,,,,,,,,,,,,,,,,,,,,,,,,,,,,,,,,,,,,,,,,,,,,,,,
????????,12136,12279,12279,12279,12137,12279,12279,12137,12279,12279,12279,12279,12279,11400,10010,10029,12161,12162,12163,12164,12182,12182,12183,12183,12182,12182,12183,,,,,,,,,,,,,,,,,,,,,,,
,,,,,,,,,,,,,,,,,,,,,,,,,,,,,,,,,,,,,,,,,,,,,,,,,,
,,,,,,,,,,,,,,,,,,,,,,,,,,,,,,,,,,,,,,,,,,,,,,,,,,
?????? ????,12278,12278,12278,12278,12278,12278,12278,12278,12278,12278,12278,12278,12278,12278,10010,10029,12161,12162,12163,12164,,,7170,12152,1,2,3,3,2,4,8020,8049,8118,8147,8179,,,,,,,,,,,,,,,
,12282,12282,12282,12282,12282,12281,12282,12281,12282,12282,12282,,12282,,12282,12281,,,,,,,,,,,,,,,,,,,,,,,,,,,,,,,,,,
,,,,,,,,,,,,,,,,,,,,,,,,,,,,,,,,,,,,,,,,,,,,,,,,,,
Predator,12280,12280,12134,12280,12280,12135,12280,12280,12280,12280,12280,12280,12280,12280,10010,10029,12161,12162,8001286,8001287,7091,12155,11303,11313,,,,,,,,,,,,,,,,,,,,,,,,,,
,,,,,,,,,,,,,,,,,,,,,,,,,,,,,,,,,,,,,,,,,,,,,,,,,,
,,,,,,,,,,,,,,,,,,,,,,,,,,,,,,,,,,,,,,,,,,,,,,,,,,
?????? ????,12282,12282,12282,12282,12282,12282,12282,12282,12282,12282,12282,12282,12282,12282,10010,10029,,,,,11361,,,,,,,,,,,,,,,,,,,,,,,,,,,,,
?????? ????,12282,12282,12282,12282,12282,12282,12282,12282,12282,12282,12282,12282,12282,12282,10010,10029,12161,12162,12163,12164,7261,7098,12154,11343,1,2,3,3,2,4,,,,,,,,,,,,,,,,,,,,
?????? ????,12282,12282,12282,12282,12282,12282,12282,12282,12282,12282,12282,12282,12282,12282,10010,10029,,,,,11352,,,,,,,,,,,,,,,,,,,,,,,,,,,,,
Sikuku Veteran,12282,12282,12282,12282,12282,12282,12282,12282,12279,12279,12279,12152,8001379,8001380,10010,8001289,,,7022,12164,7251,12152,11373,8658,1,2,3,3,2,4,5362,,,,,,,,,,,,,,,,,,,
?????? ?????? ????,12282,12282,12282,12282,12282,12282,12282,12282,12282,12282,12282,12282,12282,12282,10010,10029,12162,,,,7261,,7102,,1,2,3,3,2,4,,,,,,,,,,,,,,,,,,,,
,,,,,,,,,,,,,,,,,,,,,,,,,,,,,,,,,,,,,,,,,,,,,,,,,,
,,,,,,,,,,,,,,,,,,,,,,,,,,,,,,,,,,,,,,,,,,,,,,,,,,
Sikuku Hunter,12282,12282,12282,12282,12282,12282,12282,12282,12282,12282,12282,12282,12282,12282,10010,10029,,,12163,,7271,,7172,,1,2,3,3,2,4,8071,8019,8117,8218,8247,,,,,,,,,,,,,,,
Sikuku Tracker,12282,12137,12282,12136,12282,12282,12136,12282,12282,12282,12282,12282,,12282,10010,10029,12154,4068,5128,12164,3038,2098,8178,8317,8048,,,,,11389,4455,4455,5652,5652,,,,,,,,,,,,,,,,
Sikuku Captain,12282,12282,12282,12282,12282,12282,12282,12282,12282,12282,12282,12282,12282,12282,10010,8001288,12282,12164,12282,12156,5069,2129,4039,3099,8446,8319,8147,,5101,11389,,,,,,,,,,,,,,,,,,,,
Sikuku Butcher,12282,12137,12282,12282,12137,12282,12282,12282,12282,12282,12282,12282,12282,12282,10010,10029,12153,12161,,,2070,3130,5040,4100,8249,8220,8119,8021,,11390,,,,,,,,,,,,,,,,,,,,
,,,,,,,,,,,,,,,,,,,,,,,,,,,,,,,,,,,,,,,,,,,,,,,,,,
,,,,,,,,,,,,,,,,,,,,,,,,,,,,,,,,,,,,,,,,,,,,,,,,,,
?????? ??????,12137,12282,12282,12136,12282,12136,12282,12137,12282,12282,12282,12282,12282,12282,10010,10029,,12162,,,7251,3068,7024,4128,5098,8445,8318,8146,,2038,5098,5554,5554,,,,,,,,,,,,,,,,,
?????? ?????? ??????,12282,12282,12282,12282,12282,12282,12282,12282,12282,12282,12282,12282,12282,12282,10010,10029,,,12163,,7261,,7174,,1,2,3,3,2,4,2462,4362,,,,,,,,,,,,,,,,,,
,,,,,,,,,,,,,,,,,,,,,,,,,,,,,,,,,,,,,,,,,,,,,,,,,,
,,,,,,,,,,,,,,,,,,,,,,,,,,,,,,,,,,,,,,,,,,,,,,,,,,
,,,,,,,,,,,,,,,,,,,,,,,,,,,,,,,,,,,,,,,,,,,,,,,,,,
Sikuku Shaman,12282,12282,12282,12282,12282,12282,12282,12282,12282,12282,12282,12282,12282,12282,8001381,8001382,,,12163,,3068,3128,7103,2038,2098,8247,8218,8118,8019,,2752,2752,,,,,,,,,2761,2761,2761,4661,4661,4661,,,,
Sikuku Psychic,12282,12282,12282,12282,12282,12282,12282,12282,12282,12282,12282,12282,12282,12282,10010,8001286,8001287,,,,7261,5068,7104,2128,8417,8118,8275,,,4038,3098,,,,,,,,,,,,,,,,,,,
Elder Sikuku,12282,12282,12282,12282,12282,12282,12282,12282,12282,12282,12282,12282,12282,12282,8001291,8001290,12161,,12155,2071,3131,5041,4101,8253,8281,12281,12281,12281,12281,2403,4352,5352,,,,,,,,,,,,,,,,,,
Elder Sikuku,12282,12282,12282,12282,12282,12282,12282,12282,12282,12282,12282,12282,12282,12282,8001291,10029,8001290,,12155,2071,3131,5041,4101,8253,8281,12281,12281,12281,12281,2398,,,,,,,,,,,,,,,,,,,,
,,,,,,,,,,,,,,,,,,,,,,,,,,,,,,,,,,,,,,,,,,,,,,,,,,
Turak,12381,8523,12152,8552,12153,8594,8001384,8627,12155,8661,12156,8685,12157,8717,8684,8743,8715,8782,8742,8805,8841,8842,8864,8863,8625,8592,8550,8521,8001383,6581,,,,,,,,,,,,,,,,,,,,
??????(????),,,,,,,,,,,,,,,,,,,,,,,,,,,,,,,,,,,,,,,,,,,,,,,,,,
??????(????),,12281,12280,12278,12279,12279,12279,,,,,,,,,,,,,,,,,,,,,,,,,,,,,,,,,,,,,,,,,,,
,,,,,,,,,,,,,,,,,,,,,,,,,,,,,,,,,,,,,,,,,,,,,,,,,,
???? ????????,12281,12281,12281,12281,12281,12281,12281,12281,12281,12281,12281,12281,12281,12281,10010,10029,12161,12162,12163,12164,,,7021,,1,2,3,3,2,4,8178,8275,8417,8146,8019,,,,,,,,,,,,,,,
???? ????????,12281,12281,12281,12281,12281,12281,12281,12281,12281,12281,12281,12281,12281,12281,10010,10029,12161,12162,12163,12164,,,7171,12155,1,2,3,3,2,4,8020,8049,8276,8318,8347,,,,,,,,,,,,,,,
,,,,,,,,,,,,,,,,,,,,,,,,,,,,,,,,,,,,,,,,,,,,,,,,,,
,,,,,,,,,,,,,,,,,,,,,,,,,,,,,,,,,,,,,,,,,,,,,,,,,,
Rotten Tree,12281,12281,12281,12281,12281,12281,12281,12281,12281,12281,12281,12281,12281,12281,10010,10029,12161,12162,12163,12164,12183,12183,12182,12182,,,,,,,,,,,,,,,,,,,,,,,,,,
Rotten Elemental,12281,12281,12281,12281,12281,12281,12281,12281,12281,,,12281,12281,,10010,10029,12161,12162,12163,12164,2068,3128,5038,4098,7102,8417,8346,8275,12155,2555,2555,,,,,,,,,,,,,,,,,,,
,12193,12193,12193,12193,12193,12193,12012,12012,12193,12011,12011,12194,12194,12194,12118,12113,12194,12193,,,,,,,,,,,,,,,,,,,,,,,,,,,,,,,,
,12193,12193,12193,12193,12193,12193,12012,12012,12193,12011,12011,12194,12194,12194,12118,12113,12194,12193,,,,,,,,,,,,,,,,,,,,,,,,,,,,,,,,
,12193,12193,12193,12193,12193,12193,12012,12012,12193,12011,12011,12194,12194,12194,12118,12113,12194,12193,,,,,,,,,,,,,,,,,,,,,,,,,,,,,,,,
,12193,12193,12193,12193,12193,12193,12012,12012,12193,12011,12011,12194,12194,12194,12118,12113,12194,12193,,,,,,,,,,,,,,,,,,,,,,,,,,,,,,,,
,12193,12193,12193,12193,12193,12193,12012,12012,12193,12011,12011,12194,12194,12194,12118,12113,12194,12193,,,,,,,,,,,,,,,,,,,,,,,,,,,,,,,,
,12193,12193,12193,12193,12193,12193,12012,12012,12193,12011,12011,12194,12194,12194,12118,12113,12194,12193,,,,,,,,,,,,,,,,,,,,,,,,,,,,,,,,
,12193,12193,12193,12134,12193,12135,12012,12012,12193,12011,12011,12194,12194,12194,12118,12113,12194,12193,,,,,,,,,,,,,,,,,,,,,,,,,,,,,,,,
?????? ????,12282,12282,12282,12282,12282,12282,12282,12282,12282,12282,12282,12282,12282,12282,10010,10029,12282,4069,12282,5129,3039,2099,12152,12162,,,,,,,,,,,,,,,,,,,,,,,,,,
Sikuku Gargoyle,12282,12282,12282,12136,12282,12282,12282,12282,12136,12282,12136,12282,12282,12282,10010,10029,12282,3071,12282,4129,2041,5099,12151,11312,2,1,2,5101,,,,,,,,,,,,,,,,,,,,,,
?????? ????,12282,12282,12282,12282,12282,12282,12282,12282,12282,12282,12282,12282,12282,,10010,10029,12282,12155,12282,12161,2069,3129,5039,4099,,,,,,,,,,,,,,,,,,,,,,,,,,
,12282,12282,12282,,12282,12282,12282,12282,12282,12282,12282,12282,12282,10901,,,,,,,,,,,,,,,,,,,,,,,,,,,,,,,,,,,,
,12282,12282,12282,,12282,12282,12282,12282,12282,12282,12282,12282,12282,10901,,,,,,,,,,,,,,,,,3367,4367,,,,,,,,,,,,,,,,,,
,12282,12282,12282,,12282,12282,12282,12282,12282,12282,12282,12282,12282,10901,,,,,,,,,,,,,,,,,4375,5375,,,,,,,,,,,,,,,,,,
Sikuku Elite Slaughter,12381,12067,12381,10901,10901,12066,12067,10901,12151,12282,12153,12282,12064,12068,11401,12085,12381,10901,12282,12007,1,1,2,3,2,4,3,1,,,2477,8052,5133,3043,2073,8152,8251,4103,12086,12087,4378,4378,5577,5577,4677,4677,5579,4678,3478,2477
Cursed Ant Vagabond,,11401,,10901,10901,12066,12067,10901,12155,12154,12069,12064,12282,12068,11401,12381,12381,10901,12086,12381,1,1,2,3,2,4,3,1,,,5677,3103,2133,5043,4073,8322,8421,8184,12087,12088,3377,3377,5478,5478,2677,5677,5678,5477,3378,2678
Sikuku Killer,12125,12061,12059,12060,12049,12050,12038,12008,12015,,,10026,10032,12161,12164,12162,2072,5132,3042,4102,8321,8001385,12153,8420,11352,1,2,3,3,2,,8183,8183,8321,8420,,,,,,,,,,,,,,,
Sikuku Destroyer,12125,12061,12059,12060,12049,12050,12038,12008,12015,,,10026,10032,12161,12163,12162,3072,4132,2042,5102,12152,11352,12282,8001386,1,2,3,3,,11390,,,,8151,8250,8051,12282,,,,,,,,,,,,,
dont use,,,,,,,,,,,,,,,,,,,,,,,,,,,,,,,,,,,,,,,,,,,,,,,,,,
dont use,,,,,,,,,,,,,,,,,,,,,,,,,,,,,,,,,,,,,,,,,,,,,,,,,,
dont use,,,,,,,,,,,,,,,,,,,,,,,,,,,,,,,,,,,,,,,,,,,,,,,,,,
dont use,,,,,,,,,,,,,,,,,,,,,,,,,,,,,,,,,,,,,,,,,,,,,,,,,,
dont use,,,,,,,,,,,,,,,,,,,,,,,,,,,,,,,,,,,,,,,,,,,,,,,,,,
dont use,,,,,,,,,,,,,,,,,,,,,,,,,,,,,,,,,,,,,,,,,,,,,,,,,,
dont use,,,,,,,,,,,,,,,,,,,,,,,,,,,,,,,,,,,,,,,,,,,,,,,,,,
dont use,,,,,,,,,,,,,,,,,,,,,,,,,,,,,,,,,,,,,,,,,,,,,,,,,,
dont use,,,,,,,,,,,,,,,,,,,,,,,,,,,,,,,,,,,,,,,,,,,,,,,,,,
dont use,,,,,,,,,,,,,,,,,,,,,,,,,,,,,,,,,,,,,,,,,,,,,,,,,,
dont use,,,,,,,,,,,,,,,,,,,,,,,,,,,,,,,,,,,,,,,,,,,,,,,,,,
dont use,,,,,,,,,,,,,,,,,,,,,,,,,,,,,,,,,,,,,,,,,,,,,,,,,,
dont use,,,,,,,,,,,,,,,,,,,,,,,,,,,,,,,,,,,,,,,,,,,,,,,,,,
dont use,,,,,,,,,,,,,,,,,,,,,,,,,,,,,,,,,,,,,,,,,,,,,,,,,,
dont use,,,,,,,,,,,,,,,,,,,,,,,,,,,,,,,,,,,,,,,,,,,,,,,,,,
dont use,,,,,,,,,,,,,,,,,,,,,,,,,,,,,,,,,,,,,,,,,,,,,,,,,,
dont use,,,,,,,,,,,,,,,,,,,,,,,,,,,,,,,,,,,,,,,,,,,,,,,,,,
dont use,,,,,,,,,,,,,,,,,,,,,,,,,,,,,,,,,,,,,,,,,,,,,,,,,,
dont use,,,,,,,,,,,,,,,,,,,,,,,,,,,,,,,,,,,,,,,,,,,,,,,,,,
dont use,,,,,,,,,,,,,,,,,,,,,,,,,,,,,,,,,,,,,,,,,,,,,,,,,,
dont use,,,,,,,,,,,,,,,,,,,,,,,,,,,,,,,,,,,,,,,,,,,,,,,,,,
dont use,,,,,,,,,,,,,,,,,,,,,,,,,,,,,,,,,,,,,,,,,,,,,,,,,,
dont use,,,,,,,,,,,,,,,,,,,,,,,,,,,,,,,,,,,,,,,,,,,,,,,,,,
dont use,,,,,,,,,,,,,,,,,,,,,,,,,,,,,,,,,,,,,,,,,,,,,,,,,,
,,,,,,,,,,,,,,,,,,,,,,,,,,,,,,,,,,,,,,,,,,,,,,,,,,
,,,,,,,,,,,,,,,,,,,,,,,,,,,,,,,,,,,,,,,,,,,,,,,,,,
,,,,,,,,,,,,,,,,,,,,,,,,,,,,,,,,,,,,,,,,,,,,,,,,,,
,,,,,,,,,,,,,,,,,,,,,,,,,,,,,,,,,,,,,,,,,,,,,,,,,,
,,,,,,,,,,,,,,,,,,,,,,,,,,,,,,,,,,,,,,,,,,,,,,,,,,
dont use,,,,,,,,,,,,,,,,,,,,,,,,,,,,,,,,,,,,,,,,,,,,,,,,,,
,,,,,,,,,,,,,,,,,,,,,,,,,,,,,,,,,,,,,,,,,,,,,,,,,,
,,,,,,,,,,,,,,,,,,,,,,,,,,,,,,,,,,,,,,,,,,,,,,,,,,
,,,,,,,,,,,,,,,,,,,,,,,,,,,,,,,,,,,,,,,,,,,,,,,,,,
,,,,,,,,,,,,,,,,,,,,,,,,,,,,,,,,,,,,,,,,,,,,,,,,,,
,,,,,,,,,,,,,,,,,,,,,,,,,,,,,,,,,,,,,,,,,,,,,,,,,,
,,,,,,,,,,,,,,,,,,,,,,,,,,,,,,,,,,,,,,,,,,,,,,,,,,
,,,,,,,,,,,,,,,,,,,,,,,,,,,,,,,,,,,,,,,,,,,,,,,,,,
,,,,,,,,,,,,,,,,,,,,,,,,,,,,,,,,,,,,,,,,,,,,,,,,,,
,,,,,,,,,,,,,,,,,,,,,,,,,,,,,,,,,,,,,,,,,,,,,,,,,,
,,,,,,,,,,,,,,,,,,,,,,,,,,,,,,,,,,,,,,,,,,,,,,,,,,
,,,,,,,,,,,,,,,,,,,,,,,,,,,,,,,,,,,,,,,,,,,,,,,,,,
,,,,,,,,,,,,,,,,,,,,,,,,,,,,,,,,,,,,,,,,,,,,,,,,,,
,,,,,,,,,,,,,,,,,,,,,,,,,,,,,,,,,,,,,,,,,,,,,,,,,,
,,,,,,,,,,,,,,,,,,,,,,,,,,,,,,,,,,,,,,,,,,,,,,,,,,
,,,,,,,,,,,,,,,,,,,,,,,,,,,,,,,,,,,,,,,,,,,,,,,,,,
,,,,,,,,,,,,,,,,,,,,,,,,,,,,,,,,,,,,,,,,,,,,,,,,,,
,,,,,,,,,,,,,,,,,,,,,,,,,,,,,,,,,,,,,,,,,,,,,,,,,,
,,,,,,,,,,,,,,,,,,,,,,,,,,,,,,,,,,,,,,,,,,,,,,,,,,
,,,,,,,,,,,,,,,,,,,,,,,,,,,,,,,,,,,,,,,,,,,,,,,,,,
,,,,,,,,,,,,,,,,,,,,,,,,,,,,,,,,,,,,,,,,,,,,,,,,,,
,,,,,,,,,,,,,,,,,,,,,,,,,,,,,,,,,,,,,,,,,,,,,,,,,,
,,,,,,,,,,,,,,,,,,,,,,,,,,,,,,,,,,,,,,,,,,,,,,,,,,
,,,,,,,,,,,,,,,,,,,,,,,,,,,,,,,,,,,,,,,,,,,,,,,,,,
,,,,,,,,,,,,,,,,,,,,,,,,,,,,,,,,,,,,,,,,,,,,,,,,,,
,,,,,,,,,,,,,,,,,,,,,,,,,,,,,,,,,,,,,,,,,,,,,,,,,,
,,,,,,,,,,,,,,,,,,,,,,,,,,,,,,,,,,,,,,,,,,,,,,,,,,
,,,,,,,,,,,,,,,,,,,,,,,,,,,,,,,,,,,,,,,,,,,,,,,,,,
,,,,,,,,,,,,,,,,,,,,,,,,,,,,,,,,,,,,,,,,,,,,,,,,,,
,,,,,,,,,,,,,,,,,,,,,,,,,,,,,,,,,,,,,,,,,,,,,,,,,,
,,,,,,,,,,,,,,,,,,,,,,,,,,,,,,,,,,,,,,,,,,,,,,,,,,
,,,,,,,,,,,,,,,,,,,,,,,,,,,,,,,,,,,,,,,,,,,,,,,,,,
,,,,,,,,,,,,,,,,,,,,,,,,,,,,,,,,,,,,,,,,,,,,,,,,,,
,,,,,,,,,,,,,,,,,,,,,,,,,,,,,,,,,,,,,,,,,,,,,,,,,,
,,,,,,,,,,,,,,,,,,,,,,,,,,,,,,,,,,,,,,,,,,,,,,,,,,
,,,,,,,,,,,,,,,,,,,,,,,,,,,,,,,,,,,,,,,,,,,,,,,,,,
,,,,,,,,,,,,,,,,,,,,,,,,,,,,,,,,,,,,,,,,,,,,,,,,,,
,,,,,,,,,,,,,,,,,,,,,,,,,,,,,,,,,,,,,,,,,,,,,,,,,,
,,,,,,,,,,,,,,,,,,,,,,,,,,,,,,,,,,,,,,,,,,,,,,,,,,
,,,,,,,,,,,,,,,,,,,,,,,,,,,,,,,,,,,,,,,,,,,,,,,,,,
,,,,,,,,,,,,,,,,,,,,,,,,,,,,,,,,,,,,,,,,,,,,,,,,,,
,,,,,,,,,,,,,,,,,,,,,,,,,,,,,,,,,,,,,,,,,,,,,,,,,,
,,,,,,,,,,,,,,,,,,,,,,,,,,,,,,,,,,,,,,,,,,,,,,,,,,
,,,,,,,,,,,,,,,,,,,,,,,,,,,,,,,,,,,,,,,,,,,,,,,,,,
,,,,,,,,,,,,,,,,,,,,,,,,,,,,,,,,,,,,,,,,,,,,,,,,,,
,,,,,,,,,,,,,,,,,,,,,,,,,,,,,,,,,,,,,,,,,,,,,,,,,,
,,,,,,,,,,,,,,,,,,,,,,,,,,,,,,,,,,,,,,,,,,,,,,,,,,
,,,,,,,,,,,,,,,,,,,,,,,,,,,,,,,,,,,,,,,,,,,,,,,,,,
,,,,,,,,,,,,,,,,,,,,,,,,,,,,,,,,,,,,,,,,,,,,,,,,,,
,,,,,,,,,,,,,,,,,,,,,,,,,,,,,,,,,,,,,,,,,,,,,,,,,,
,,,,,,,,,,,,,,,,,,,,,,,,,,,,,,,,,,,,,,,,,,,,,,,,,,
,,,,,,,,,,,,,,,,,,,,,,,,,,,,,,,,,,,,,,,,,,,,,,,,,,
,,,,,,,,,,,,,,,,,,,,,,,,,,,,,,,,,,,,,,,,,,,,,,,,,,
,,,,,,,,,,,,,,,,,,,,,,,,,,,,,,,,,,,,,,,,,,,,,,,,,,
,,,,,,,,,,,,,,,,,,,,,,,,,,,,,,,,,,,,,,,,,,,,,,,,,,
,,,,,,,,,,,,,,,,,,,,,,,,,,,,,,,,,,,,,,,,,,,,,,,,,,
,,,,,,,,,,,,,,,,,,,,,,,,,,,,,,,,,,,,,,,,,,,,,,,,,,
,,,,,,,,,,,,,,,,,,,,,,,,,,,,,,,,,,,,,,,,,,,,,,,,,,
,,,,,,,,,,,,,,,,,,,,,,,,,,,,,,,,,,,,,,,,,,,,,,,,,,
,,,,,,,,,,,,,,,,,,,,,,,,,,,,,,,,,,,,,,,,,,,,,,,,,,
,,,,,,,,,,,,,,,,,,,,,,,,,,,,,,,,,,,,,,,,,,,,,,,,,,
,,,,,,,,,,,,,,,,,,,,,,,,,,,,,,,,,,,,,,,,,,,,,,,,,,
,,,,,,,,,,,,,,,,,,,,,,,,,,,,,,,,,,,,,,,,,,,,,,,,,,
,,,,,,,,,,,,,,,,,,,,,,,,,,,,,,,,,,,,,,,,,,,,,,,,,,
,,,,,,,,,,,,,,,,,,,,,,,,,,,,,,,,,,,,,,,,,,,,,,,,,,
,,,,,,,,,,,,,,,,,,,,,,,,,,,,,,,,,,,,,,,,,,,,,,,,,,
,,,,,,,,,,,,,,,,,,,,,,,,,,,,,,,,,,,,,,,,,,,,,,,,,,
,,,,,,,,,,,,,,,,,,,,,,,,,,,,,,,,,,,,,,,,,,,,,,,,,,
,,,,,,,,,,,,,,,,,,,,,,,,,,,,,,,,,,,,,,,,,,,,,,,,,,
,,,,,,,,,,,,,,,,,,,,,,,,,,,,,,,,,,,,,,,,,,,,,,,,,,
,,,,,,,,,,,,,,,,,,,,,,,,,,,,,,,,,,,,,,,,,,,,,,,,,,
mummy 4 blue hat,12095,12278,12285,12201,12186,12164,10057,10032,10014,12247,12278,12093,12205,12131,12132,12103,12119,12120,12078,12079,12023,12021,12007,8321,8448,12061,12067,12084,12086,2396,,,,,,,,,,,,,,,,,,,,
mummy 1,12095,12278,12285,12201,12186,12164,10056,10033,10014,12245,12278,12205,12093,12131,12132,12120,12119,12103,12079,12105,12078,12021,12023,12004,8250,8075,12064,12062,12085,12001,,,,,,,,,,,,,,,,,,,,
mummy 2,12095,12278,12285,12201,12185,12163,10057,10033,10014,12246,12278,12205,12093,12131,12132,12120,12119,12103,12076,12077,12105,12021,12023,12003,8221,8420,12068,12085,12084,12001,,,,,,,,,,,,,,,,,,,,
mummy 3,12063,12067,12057,12020,12124,10014,10033,10057,10157,10295,12104,12105,12115,12075,12109,12101,12085,12055,12023,11341,11321,12203,12163,12188,12130,8868,8788,12023,12061,12062,,,,,,,,,,,,,,,,,,,,
mummy 4,12095,12278,12285,12201,12186,12164,10057,10032,10014,12247,12278,12093,12205,12131,12132,12103,12119,12120,12078,12079,12023,12021,12007,8321,8448,12061,12067,12084,12086,2397,,,,,,,,,,,,,,,,,,,,
mummy 5,12095,12278,12285,12201,12186,12164,10057,10033,10014,12248,12278,12003,12093,12131,12132,12119,12120,12103,12079,12078,12021,12023,12007,8349,8278,12081,12082,12083,12065,12109,,,,,,,,,,,,,,,,,,,,
Sand Golem,12381,10031,10012,12258,12256,,12061,12063,10301,12157,10056,10057,,12084,12085,12024,12030,,12016,12008,12020,,10306,10031,12521,12064,12074,12084,12085,12085,,,,,,,,,,,,,,,,,,,,
Desert Golem,12381,10031,10012,12258,12256,,12061,12063,10301,12157,10056,10057,,12084,12085,12024,12030,,12016,12008,12020,,10306,10031,10306,12521,12074,12084,12086,11302,,,,,,,,,,,,,,,,,,,,
Iron Golem,,10032,10013,12253,12103,12062,,12067,10383,12120,10057,10058,10176,,10166,12026,12078,12086,,12099,12115,12212,10311,12085,10311,10311,12074,12084,12086,11312,,,,,,,,,,,,,,,,,,,,
Boulder Golem,,10032,10013,12253,12103,12062,,12067,10383,12120,10057,10058,10176,,10166,12026,12078,12086,,12099,12115,12212,10311,12085,10311,12521,12074,12084,12086,11362,,,,,,,,,,,,,,,,,,,,
Molten Boulder Golem,12161,12162,12163,12164,12151,12152,12153,12154,12155,12156,12157,10342,10343,10344,10345,10346,10347,,12381,,12381,12521,12380,12381,12087,12153,12380,12088,11333,11363,,,,,,,,,,,,,,,,,,,,
Anubis Spearman,12065,12062,12084,12085,12082,12078,12098,12116,12117,12121,12157,12161,12202,12286,12128,12105,11311,11361,12009,12010,10014,10033,10168,10180,10301,4577,5102,8811,8848,3072,4578,4578,,,,,,,,,,,,,,,,,,
Horus Bowman,10159,12020,12051,12050,12060,12058,12078,12074,12091,12120,12105,12103,12102,12100,12131,12132,12191,12192,12002,12002,12181,12187,12196,12286,12247,12067,11342,5072,5477,12001,,,,,,,,,,,,,,,,,,,,
Horus Swordsman,10159,12020,12051,12050,12060,12058,12077,12076,12091,12120,12105,12103,12102,12100,12132,12131,12192,12191,12205,12204,12181,12187,12196,12286,12248,4042,4377,11302,12066,12002,,,,,,,,,,,,,,,,,,,,
Anubis Berserker,12133,12133,12103,12103,12103,12103,12105,12105,12105,12104,12104,12104,12161,12162,12163,12164,12161,12162,12163,12164,1,1,2,3,2,4,3,1,10319,10317,10316,12157,,,,,,,,,,,,,,,,12086,12221,12221
Lich Adviser,12381,12087,12088,12067,12068,12069,12364,12365,12213,2480,3380,4380,5380,10313,10314,4380,8023,8052,8076,2480,3380,11302,11312,7108,7109,7186,5380,3380,11382,12087,12381,,,,,,,,,,,,,,,,,,,
Lich Pharaoh,12381,12087,12088,12067,12068,12069,12366,12367,12141,2580,3480,4480,5480,10315,10316,4380,8121,8152,8184,2580,3480,11322,11332,7107,7021,7186,5480,3480,11382,12087,12381,,,,,,,,,,,,,,,,,,,
Anubis Mage,12381,12066,12131,12151,12104,12115,12162,10295,10157,10058,10033,10014,10381,12020,12052,12076,12083,12094,12288,12203,12008,11371,12058,12060,12123,12162,12086,8666,8722,12001,12381,,,,,,,,,,,,,,,,,,,
giant mummy ,12381,12087,12088,12067,12068,12069,12368,12369,12133,2680,3580,4580,5580,10317,10318,4580,8222,8251,8279,2680,10170,11342,11352,10381,12161,12162,5580,3580,11382,12087,12381,,,,,,,,,,,,,,,,,,,
giant anubis,12381,12087,12088,12067,12068,12069,12370,12371,12133,2780,3680,4680,5680,10319,10319,4680,8322,8350,8421,8449,10160,2780,11362,11372,12163,12164,5680,3680,11382,12087,12381,,,,,,,,,,,,,,,,,,,
lich 1 unique,12381,12087,12088,12067,12068,12069,12364,12365,12213,2481,3381,4381,5381,12069,12087,12088,8529,8558,8575,10160,12088,11303,12289,7108,7109,7186,11383,12087,12069,7365,12381,,,,,,,,,,,,,,,,,,,
lich 2 unique,12381,12087,12088,12067,12068,12069,12366,12367,12141,2581,3481,4481,5481,12069,12087,12088,8600,8633,8667,10160,12088,11323,12289,12088,7021,7186,11383,12088,12069,7353,12381,,,,,,,,,,,,,,,,,,,
giant mummy unique,12381,12087,12088,12067,12068,12069,12368,12369,12133,2681,3581,4581,5581,12069,12087,12088,8691,8723,8750,10160,12088,4581,12290,10381,12161,12088,11383,12087,12069,7341,12381,,,,,,,,,,,,,,,,,,,
giant anubis unique,12381,12087,12088,12067,12068,12069,12370,12371,12133,2781,3681,4681,5681,12069,12087,12088,8789,8812,8849,8869,12088,4681,8936,11372,12088,12164,11383,12088,12069,7377,12381,,,,,,,,,,,,,,,,,,,
,,,,,,,,,,,,,,,,,,,,,,,,,,,,,,,,,,,,,,,,,,,,,,,,,,
,,,,,,,,,,,,,,,,,,,,,,,,,,,,,,,,,,,,,,,,,,,,,,,,,,
hook,12161,12162,12163,12164,12161,12162,12163,12164,12151,12152,12153,12154,12155,12156,12157,11301,11321,11362,11382,12381,1,1,2,3,2,4,3,1,10342,10343,10344,10345,10346,10347,11303,11313,11323,10188,10188,,10189,10189,,10190,10190,,7252,7262,7272,8483
sikuku,12161,12162,12163,12164,12161,12162,12163,12164,12151,12152,12153,12154,12155,12156,12157,11311,11331,11372,11332,12381,1,1,2,3,2,4,3,1,10342,10343,10344,10345,10346,10347,11303,11313,11323,10188,10188,,10189,10189,,10190,10190,,7252,7262,7272,8482
pred,12161,12162,12163,12164,12161,12162,12163,12164,12151,12152,12153,12154,12155,12156,12157,11341,11351,11362,11372,12381,1,1,2,3,2,4,3,1,10342,10343,10344,10345,10346,10347,11333,11343,11353,10188,10188,,10189,10189,,10190,10190,,,7253,7263,7273
turak,12161,12162,12163,12164,12161,12162,12163,12164,12151,12152,12153,12154,12155,12156,12157,11361,11371,11342,11352,12381,1,1,2,3,2,4,3,1,10342,10343,10344,10345,10346,10347,11333,11343,11353,10188,10188,,10189,10189,,10190,10190,,7253,7263,7273,8481
ikaness,12161,12162,12163,12164,12161,12162,12163,12164,12151,12152,12153,12154,12155,12156,12157,11371,11331,11312,11332,12381,1,1,2,3,2,4,3,1,10342,10343,10344,10345,10346,10347,11363,11373,11383,10188,10188,,10189,10189,,10190,10190,,,7254,7264,7274
moss,12161,12162,12163,12164,12161,12162,12163,12164,12151,12152,12153,12154,12155,12156,12157,11361,11381,11302,11321,,1,1,2,3,2,4,3,1,10342,10343,10344,10345,10346,10347,11363,11373,11383,10188,10188,,10189,10189,,10190,10190,,,7254,7264,7274
,,,,,,,,,,,,,,,,,,,,,,,,,,,,,,,,,,,,,,,,,,,,,,,,,,
pincer,12280,12280,12135,12280,12134,12280,12135,12280,12280,12280,12280,12280,12280,12280,10010,10029,12381,12162,12163,12164,,,,,,,,,,,,,,,,,,,,,,,,,,,,,,
hook,12280,12280,12136,12280,12280,12137,12280,12280,12280,12137,12280,12280,12280,12136,10010,10029,12161,12162,12163,12164,,,,,,,,,,,,,,,,,,,,,,,,,,,,,,
nepenthis,12136,12279,12279,12279,12137,12279,12279,12137,12279,12279,12279,12279,12279,12279,10010,10029,12161,12162,12163,12164,12182,12182,12183,12183,12182,12182,12183,,,,,,,,,,,,,,,,,,,,,,,
warbiz,12280,12280,12280,12280,12280,12280,12280,12280,12280,12280,12280,12280,12280,12280,10010,10029,12161,12162,12163,12164,7251,12199,7008,,,,,,,,,,,,,,,,,,,,,,,,,,,
sikuku leader,12282,12282,12282,12282,12282,12282,12282,12282,12282,12282,12282,12282,12282,12282,10010,10029,12161,12162,12163,12164,7261,7098,,,,,,,,,,,,,,,,,,,,,,,,,,,,
sikuku phychic,12282,12282,12282,12282,12282,12282,12282,12282,12282,12282,12282,12282,12282,12282,10010,10029,12161,,,,7261,,,,,,,,,12139,3455,3455,5455,5455,,,,,,,,,,,,,,,,
sikuku butcher,12282,12137,12282,12282,12137,12282,12282,12282,12282,12282,12282,12282,12282,12282,10010,10029,,12161,,,,,,,,,,,,12139,,,,,,,,,,,,,,,,,,,,
poison weaver,12278,12278,12278,12278,12278,12278,12278,12278,12278,12278,12278,12278,12278,12278,10010,10029,12161,12162,12163,12164,,,7170,,1,2,3,3,2,4,8020,8049,8118,8147,8179,,,,,,,,,,,,,,,
rotton elemental,12281,12281,12281,12281,12281,12281,12281,12281,12281,,,12281,12281,12281,10010,10029,12161,12162,12163,12164,,,,,7102,8417,8346,8275,,,,,,,,,,,,,,,,,,,,,,
rotton tree,12281,12281,12281,12281,12281,12281,12281,12281,12281,12281,12281,12281,12281,12281,10010,10029,12161,12162,12163,12164,12183,12183,12182,12182,,,,,,,,,,,,,,,,,,,,,,,,,,
sikuku tiger rider,12282,12282,12282,12282,12282,12282,12282,12282,12282,12282,12282,12282,12282,12282,10010,10029,12282,,12282,,,,,12161,8179,8318,8049,,,,,,,,,,,,,,,,,,,,,,,
lion sikuku assasin leader,12282,12282,12282,12381,12136,12282,12282,12278,12282,12282,,12282,12282,12282,,,,,,,,,,12155,,12282,8123,8149,8150,4,12282,12282,12282,12282,,,,,,,,,,,,,,,,
lion sikuku assasin captain,12282,12282,12282,12381,12136,12282,12282,12278,12282,12282,,12282,12282,12282,10010,10029,,,,,5071,,,,,,8224,8324,8252,1,12282,12282,12282,12282,,,,,,,,,,,,,,,,
ikaness miner,12037,12038,12064,12040,12047,12048,12049,10013,10032,12008,12009,12010,12016,12017,12059,12060,12067,12068,,,12061,10294,12099,12134,12135,,,,,,,,,,,,,,,,,,,,,,,,,
ikaness leader,12037,12038,12039,12040,12047,12048,12049,10013,10032,12008,12009,12010,12016,12017,12059,12060,12067,12068,,,,12099,12135,12064,12069,12134,12135,,12139,,,,,,,,,,,,,,,,,,,,,
ikaness engineer,12037,12038,12039,12040,12047,12048,12049,10013,10032,12008,12009,12010,12016,12017,12059,12060,12067,12068,12084,12085,12086,12063,12020,,,,,8221,8051,8349,,,,,,,,,,,,,,,,,,,,
moss ant,12038,12038,12038,12039,12047,12039,12047,12047,12049,12049,12048,12048,12164,10013,12162,12161,12050,10157,10032,10167,12163,10013,10032,8349,8221,,,,3102,8120,,,,,,,,,,,,,,,,,,,,
melt dut,12038,12038,12039,12039,12039,12047,12137,12136,12048,12048,12049,12049,12164,12050,12050,10032,10013,10167,11312,10013,10032,10157,,8448,,,,,8278,8022,,,,,,,,,,,,,,,,,,,,
orpe lukette,12038,12038,12038,12039,12039,12039,12039,12047,12047,12047,12048,12048,12164,12049,12049,12161,12050,12050,12162,10013,12163,10013,10032,10032,10032,11351,8278,8183,8349,12139,,,,,,,,,,,,,,,,,,,,
eudy lukette,12038,12038,12038,12039,12039,12039,12039,12047,12047,12047,12048,12048,12164,12049,12049,12161,12050,12050,12162,10013,12163,10013,10032,12135,8420,12197,12135,8022,,,,,,,,,,,,,,,,,,,,,,
,,,,,,,,,,,,,,,,,,,,,,,,,,,,,,,,,,,,,,,,,,,,,,,,,,
,,,,,,,,,,,,,,,,,,,,,,,,,,,,,,,,,,,,,,,,,,,,,,,,,,
,,,,,,,,,,,,,,,,,,,,,,,,,,,,,,,,,,,,,,,,,,,,,,,,,,
Super Sikuku Slaughterer,10901,10901,10901,8001387,12152,12153,8001388,12155,12156,12157,12087,12088,12087,12088,12087,12088,12087,12088,12087,8557,8632,8722,5680,4580,3380,2580,8558,8633,8723,12536,,,,,,,,,,,,,,,,,,,,
Super Ant Vagabond,10901,10901,10901,8001389,12152,12153,8001390,12155,12156,12157,12087,12088,12087,12088,12087,12088,12087,12088,12087,8788,8848,8666,5380,4480,3580,2780,8789,8849,8667,12537,,,,,,,,,,,,,,,,,,,,
Super Heavygear,10901,10901,10901,12151,12152,12153,8001392,12155,12156,12157,12087,12088,12087,12088,12087,12088,12087,12088,12087,8811,8528,8868,5480,4380,3680,2680,8812,8529,8869,12538,,,,,,,,,,,,,,,,,,,,
Super Moss Golem,10901,10901,10901,8001391,12152,12153,12154,12155,12156,12157,12087,12088,12087,12088,12087,12088,12087,12088,12087,8599,8690,8749,5580,4680,3480,2480,8600,8691,8750,12539,,,,,,,,,,,,,,,,,,,,
,,,,,,,,,,,,,,,,,,,,,,,,,,,,,,,,,,,,,,,,,,,,,,,,,,
dupe slaught,8557,8632,8722,,12088,12088,12088,12088,5578,4679,3479,2478,,12068,8941,,8952,12069,8921,5681,4581,3381,2581,8558,8633,8723,,12087,,12536,,,,,,,,,,,,,,,,,,,,
dupe vaga,8788,8848,8666,,12088,12088,12088,12088,5679,5479,3379,2679,,12068,8934,,8983,12069,8969,5381,4481,3581,2781,8789,8849,8667,,12087,,12537,,,,,,,,,,,,,,,,,,,,
dupe heavy,8811,8528,8868,,12088,12088,12088,12088,2779,3579,4379,4479,,12068,8960,,8942,12069,8954,5481,4381,3681,2681,8812,8529,8869,,12087,,12538,,,,,,,,,,,,,,,,,,,,
dup moss,8599,8690,8749,,12088,12088,12088,12088,2679,3677,4579,5379,,12068,8992,,8968,12069,8902,5581,4681,3481,2481,8600,8691,8750,,12087,,12539,,,,,,,,,,,,,,,,,,,,
,,,,,,,,,,,,,,,,,,,,,,,,,,,,,,,,,,,,,,,,,,,,,,,,,,
silver,11402,11402,5666,5569,5467,5367,4669,4568,4466,4369,3668,3566,3469,3368,2769,2667,2567,2466,8846,8809,8808,8786,8747,8720,8688,8664,8630,8597,8555,8526,2769,2568,3468,5468,4468,5669,5468,3669,2666,4566,,3566,3566,5566,5566,,,,,
golden,11403,11403,5673,5576,5473,5374,4675,4575,4476,4376,3676,3573,3474,3375,2775,2675,2576,2474,8867,8847,8810,8787,8748,8721,8689,8665,8631,8598,8556,8527,2467,3375,2573,3473,4473,5473,2674,3574,4574,5574,,2774,2774,3674,3674,4674,4674,5674,5674,
sikuku king,2452,2553,2654,6291,3354,3454,3553,3655,4355,4453,4552,4652,5354,5455,5555,5653,2460,2561,2660,6291,3359,3462,3562,3661,4362,4461,4562,5460,5562,6291,3362,12381,12381,12381,6291,,,,,,,,,,,,,,,
,,,,,,,,,,,,,,,,,,,,,,,,,,,,,,,,,,,,,,,,,,,,,,,,,,
,,,,,,,,,,,,,,,,,,,,,,,,,,,,,,,,,,,,,,,,,,,,,,,,,,
Anubis Mage 6-8,12064,12066,12381,12151,12104,12381,12162,10295,10157,10058,10033,10014,10381,12020,12052,12076,12083,12094,12288,12381,12008,11371,12058,12060,12123,12162,12086,8666,8722,7339,,,,,,,,,,,,,,,,,,,,
Anubis Mage 12-14,12064,12066,12381,12151,12104,12381,12162,10295,10157,10058,10033,10014,10381,12020,12052,12076,12083,12094,12288,12381,12008,11371,12058,12060,12123,12162,12086,8666,8722,7395,,,,,,,,,,,,,,,,,,,,
Anubis Mage 18-20,12064,12066,12381,12151,12104,12381,12162,10295,10157,10058,10033,10014,10381,12020,12052,12076,12083,12094,12288,12381,12008,11371,12058,12060,12123,12162,12086,8666,8722,7403,,,,,,,,,,,,,,,,,,,,
Mummy 5 0-2,12095,12278,12285,12201,12186,12164,10057,10033,10014,12248,12278,12003,12093,12131,12132,12119,12120,12103,12079,12078,12381,12023,12007,8349,8278,12081,12082,12083,12065,7351,,,,,,,,,,,,,,,,,,,,
Mummy 5,12095,12278,12285,12201,12186,12164,10057,10033,10014,12248,12278,12003,12093,12131,12132,12119,12120,12103,12079,12078,12381,12023,12007,8349,8278,12081,12082,12083,12065,7371,,,,,,,,,,,,,,,,,,,,
Mummy 5 16-18,12095,12278,12285,12201,12186,12164,10057,10033,10014,12248,12278,12003,12093,12131,12132,12119,12120,12103,12079,12078,12381,12023,12007,8349,8278,12081,12082,12083,12065,7379,,,,,,,,,,,,,,,,,,,,
Lich Adviser 2-4,12086,12087,12088,12067,12068,12069,12364,12365,12213,2480,3381,4381,5381,10313,10314,10058,8529,8558,8575,4381,3381,11302,11312,7108,7109,7186,12381,2481,12381,7340,,,,,,,,,,,,,,,,,,,,
Lich Adviser 9-11,12086,12087,12088,12067,12068,12069,12364,12365,12213,2480,3381,4381,5381,10313,10314,10058,8529,8558,8575,4381,3381,11302,11312,7108,7109,7186,12381,2481,12381,7344,,,,,,,,,,,,,,,,,,,,
Lich Adviser 15-17,12086,12087,12088,12067,12068,12069,12364,12365,12213,2480,3381,4381,5381,10313,10314,10058,8529,8558,8575,4381,3381,11302,11312,7108,7109,7186,12381,2481,12381,7348,,,,,,,,,,,,,,,,,,,,
Lich Pharaoh 4-6,12086,12087,12088,12067,12068,12069,12366,12367,12141,2581,3481,4481,5481,10315,10316,10058,8600,8633,8667,4481,3481,11322,11332,7028,7108,7186,12381,2581,12381,7364,,,,,,,,,,,,,,,,,,,,
Lich Pharaoh 11-13,12086,12087,12088,12067,12068,12069,12366,12367,12141,2581,3481,4481,5481,10315,10316,10058,8600,8633,8667,4481,3481,11322,11332,7028,7108,7186,12381,2581,12381,7368,,,,,,,,,,,,,,,,,,,,
Lich Pharaoh 17-19,12086,12087,12088,12067,12068,12069,12366,12367,12141,2581,3481,4481,5481,10315,10316,10058,8600,8633,8667,4481,3481,11322,11332,7028,7108,7186,12381,2581,12381,7372,,,,,,,,,,,,,,,,,,,,
Giant Mummy 6-8,12086,12087,12088,12067,12068,12069,12368,12369,12133,2681,3581,4581,5581,10317,10318,10058,8691,8723,8750,4581,3581,11342,11352,10381,12161,12162,12381,2681,12381,7400,,,,,,,,,,,,,,,,,,,,
Giant Mummy 13-15,12086,12087,12088,12067,12068,12069,12368,12369,12133,2681,3581,4581,5581,10317,10318,10058,8691,8723,8750,4581,3581,11342,11352,10381,12161,12162,12381,2681,12381,7404,,,,,,,,,,,,,,,,,,,,
Giant Mummy 21-23,12086,12087,12088,12067,12068,12069,12368,12369,12133,2681,3581,4581,5581,10317,10318,10058,8691,8723,8750,4581,3581,11342,11352,10381,12161,12162,12381,2681,12381,7408,,,,,,,,,,,,,,,,,,,,
Giant Anubis 4-6,12086,12087,12088,12067,12068,12069,12370,12371,12133,2781,3681,4681,5681,10319,10319,10058,8789,8812,8849,8869,3681,4681,11362,11372,12163,12164,12381,2781,12381,7376,,,,,,,,,,,,,,,,,,,,
Giant Anubis 17-19,12086,12087,12088,12067,12068,12069,12370,12371,12133,2781,3681,4681,5681,10319,10319,10058,8789,8812,8849,8869,3681,4681,11362,11372,12163,12164,12381,2781,12381,7380,,,,,,,,,,,,,,,,,,,,
Giant Anubis 20-22,12086,12087,12088,12067,12068,12069,12370,12371,12133,2781,3681,4681,5681,10319,10319,10058,8789,8812,8849,8869,3681,4681,11362,11372,12163,12164,12381,2781,12381,7384,,,,,,,,,,,,,,,,,,,,
Amun Warrior,12006,12006,12015,12015,12061,12062,12091,12091,12104,12104,12115,12120,12120,12155,11381,11389,10383,10309,10160,12381,12245,12252,12381,12381,12069,2043,12151,12185,8023,5579,,,,,,,,,,,,,,,,,,,,
Entiku Princess,2133,3133,4133,5133,4479,3479,12161,12162,12163,12164,,12153,,2133,3133,4133,5133,4479,3479,12161,12162,12163,12164,8001297,2133,3133,4133,5133,4479,3479,,,,,,,,,,,,,,,,,,,,
Deadly Imparis,10033,12095,12113,12113,12212,12133,12133,12020,12020,12040,12040,12050,12050,12301,12154,10384,10301,10160,10170,12245,12252,12180,12184,12061,12152,12185,3043,8076,4579,12069,,,,,,,,,,,,,,,,,,,,
Amun Fighter,12103,12381,12104,12106,12133,12020,12015,12211,12252,12253,12254,12255,12256,10014,11322,12082,12081,12246,12252,12181,12381,12151,12185,4043,8121,12069,3579,12062,12062,11342,,,,,,,,,,,,,,,,,,,,
Saboten,10033,10014,12133,12135,12252,12253,12254,12255,12256,12257,12258,12259,12260,10383,12006,12061,12062,11381,12040,12255,12252,12381,12254,12255,12256,12257,12258,5043,8152,2679,,,,,,,,,,,,,,,,,,,,
Saboten Zyo,12252,12253,12254,12255,12256,12257,12258,12259,12260,12015,10160,10170,10384,10306,12084,12151,11332,12116,12059,12049,12040,12104,12381,12253,12254,12256,12067,2073,8184,5379,,,,,,,,,,,,,,,,,,,,
Taipan,12252,12253,12254,12255,12256,12257,12258,12259,12260,12015,10014,10033,12065,10383,10307,12084,12157,12311,12117,12058,12050,12039,12381,12104,12255,12253,12255,3073,8251,4379,,,,,,,,,,,,,,,,,,,,
Horridus,12252,12253,12254,12255,12256,12257,12258,12259,12260,12015,10160,10170,12066,10384,10308,12084,12152,12321,12118,12059,12049,12040,12381,12104,12253,12255,12254,4073,8222,3379,,,,,,,,,,,,,,,,,,,,
red snake,12252,12253,12254,12255,12256,12257,12258,12259,12260,12015,10014,10033,12064,10383,10309,12084,12156,12341,12119,12058,12050,12039,12381,12104,12254,12253,12257,5073,8279,2479,,,,,,,,,,,,,,,,,,,,
Cerpentes scavenger,12252,12253,12254,12255,12256,12257,12258,12259,12260,12015,10160,10170,12065,10384,10310,12084,12151,12351,12120,12059,12049,12040,12104,12104,,12256,12255,2103,8322,5679,,,,,,,,,,,,,,,,,,,,
black snake small,12252,12253,12254,12255,12256,12257,12258,12259,12260,12015,10014,10033,12065,10383,10311,12084,12157,,12115,12058,12050,12039,12104,12104,12257,12259,12254,3103,8350,4679,,,,,,,,,,,,,,,,,,,,
Taipan Scavenger,12252,12253,12254,12255,12256,12257,12258,12259,12260,12015,10160,10170,10384,10312,12084,12152,12371,12112,12059,12049,12040,12104,12104,12066,12253,12258,12256,4103,8421,3679,,,,,,,,,,,,,,,,,,,,
Imparis Warrior,12252,12253,12254,12255,12256,12257,12258,12259,12260,12015,10014,10033,10383,10301,12084,12156,12321,12113,12058,12050,12039,12104,12381,12254,12256,12067,12255,5103,8449,2779,,,,,,,,,,,,,,,,,,,,
Imparis Soldier,12252,12253,12254,12255,12256,12257,12258,12259,12260,12015,12381,10170,12064,10384,10312,12084,12151,12341,12114,12059,12049,12040,12104,12104,12255,12253,12257,2133,8052,5479,,,,,,,,,,,,,,,,,,,,
Imparis Queen,12022,12032,12106,12120,10170,12176,12179,12364,12381,12380,12284,12366,12368,12370,12067,12068,12069,12086,12087,12088,3044,3074,4104,4134,8057,8127,8186,8329,12096,12381,,,,,,,,,,,,,,,,,,,,
Lord Horridus,12023,12033,12106,12120,10160,12177,12180,12365,12381,12380,12284,12367,12369,12371,12067,12068,12069,12086,12087,12088,3104,3134,4044,4074,8079,8153,8260,8451,12096,12381,,,,,,,,,,,,,,,,,,,,
Aleksandros,12089,2044,2074,2104,2134,5044,5074,5104,8001296,12380,12284,11373,8026,8227,8424,8357,8286,12087,12088,12089,12068,12069,5134,11353,10180,10170,10160,10059,10014,12381,,,,,,,,,,,,,,,,,,,,
Super Aleksandros,8530,8559,8576,8601,6015,6015,8692,8724,12289,12290,8751,8790,8813,8850,8870,2483,2583,2683,2783,3383,3483,8001300,3683,4383,4483,4583,4683,5383,8001301,5583,,,,,,,,,,,,,,,,,,,,
Lord Horridus UNIQUE,12023,12033,12106,12120,10160,12177,12180,12365,12381,12380,12290,12367,12369,12371,12067,12068,12069,12086,12087,12088,3582,3682,4382,4482,8079,8153,8260,8451,7389,8001312,,,,,,,,,,,,,,,,,,,,
Imparis Queen UNIQUE,12022,12032,12106,12120,10170,12176,12179,12364,12381,12380,12289,12366,12368,12370,12067,12068,12069,12086,12087,12088,3382,3482,4582,4682,8057,8127,8186,8329,12096,7401,,,,,,,,,,,,,,,,,,,,
Imparis Queen 0-2,12022,12032,12106,7189,10170,12176,12179,12364,12381,12380,12380,12366,12368,12370,12067,12068,12069,12086,12087,12088,3382,3482,4582,4682,8057,8127,8186,8329,12096,7388,,,,,,,,,,,,,,,,,,,,
Imparis Queen 10-12,12022,12032,12106,7182,10170,12176,12179,12364,12381,12380,12380,12366,12368,12370,12067,12068,12069,12086,12087,12088,3382,3482,4582,4682,8057,8127,8186,8329,12096,7392,,,,,,,,,,,,,,,,,,,,
Imparis Queen 18-20,12022,12032,12106,7181,10170,12176,12179,12364,12381,12380,12380,12366,12368,12370,12067,12068,12069,12086,12087,12088,3382,3482,4582,4682,8057,8127,8186,8329,12096,7396,,,,,,,,,,,,,,,,,,,,
Lord Horridus 4-6,12023,12033,12106,7178,10160,12177,12180,12365,12381,12380,12380,12367,12369,12371,12067,12068,12069,12086,12087,12088,3582,3682,4382,4482,8079,8153,8260,8451,12096,7352,,,,,,,,,,,,,,,,,,,,
Lord Horridus 14-16,12023,12033,12106,7189,10160,12177,12180,12365,12381,12380,12380,12367,12369,12371,12067,12068,12069,12086,12087,12088,3582,3682,4382,4482,8079,8153,8260,8451,12096,7356,,,,,,,,,,,,,,,,,,,,
Lord Horridus 20-22,12023,12033,12106,7182,10160,12177,12180,12365,12381,12380,12380,12367,12369,12371,12067,12068,12069,12086,12087,12088,3582,3682,4382,4482,8079,8153,8260,8451,12096,7360,,,,,,,,,,,,,,,,,,,,
Saboten 2-4,10033,10014,12133,12135,12252,12253,12254,12255,12256,12257,12258,12259,12260,10383,12006,12061,12062,11381,12040,2679,12252,12253,12254,12255,12256,12257,12258,5043,8152,7343,,,,,,,,,,,,,,,,,,,,
Saboten 12-14,10033,10014,12133,12135,12252,12253,12254,12255,12256,12257,12258,12259,12260,10383,12006,12061,12062,11381,12040,2679,12252,12253,12254,12255,12256,12257,12258,5043,8152,7407,,,,,,,,,,,,,,,,,,,,
Saboten 21-23,10033,10014,12133,12135,12252,12253,12254,12255,12256,12257,12258,12259,12260,10383,12006,12061,12062,11381,12040,2679,12252,12253,12254,12255,12256,12257,12258,5043,8152,7375,,,,,,,,,,,,,,,,,,,,
Aleksandros UNIQUE,12289,2482,2582,2682,2782,5382,5482,5582,12381,12380,12284,5682,8026,8227,8424,8357,8286,12087,12088,12089,12068,12069,11373,11353,10180,12290,12381,12284,12289,12290,,,,,,,,,,,,,,,,,,,,
Dead Head,12380,12380,12380,12380,12380,12380,12380,12380,12380,12380,12380,12380,12380,12380,12380,12380,12380,12380,12380,12380,12289,12289,12289,12380,12380,12380,12380,12380,12380,12380,,,,,,,,,,,,,,,,,,,,
Dead Body,12380,12380,12380,12380,12380,12380,12380,12380,12380,12380,12380,12380,12380,12380,12380,12380,12380,12380,12380,12380,12290,12290,12290,12380,12380,12380,12380,12380,12380,12380,,,,,,,,,,,,,,,,,,,,
,,,,,,,,,,,,,,,,,,,,,,,,,,,,,,,,,,,,,,,,,,,,,,,,,,
,,,,,,,,,,,,,,,,,,,,,,,,,,,,,,,,,,,,,,,,,,,,,,,,,,
,,,,,,,,,,,,,,,,,,,,,,,,,,,,,,,,,,,,,,,,,,,,,,,,,,
,,,,,,,,,,,,,,,,,,,,,,,,,,,,,,,,,,,,,,,,,,,,,,,,,,
,,,,,,,,,,,,,,,,,,,,,,,,,,,,,,,,,,,,,,,,,,,,,,,,,,
,,,,,,,,,,,,,,,,,,,,,,,,,,,,,,,,,,,,,,,,,,,,,,,,,,
,,,,,,,,,,,,,,,,,,,,,,,,,,,,,,,,,,,,,,,,,,,,,,,,,,
,,,,,,,,,,,,,,,,,,,,,,,,,,,,,,,,,,,,,,,,,,,,,,,,,,
,,,,,,,,,,,,,,,,,,,,,,,,,,,,,,,,,,,,,,,,,,,,,,,,,,
,,,,,,,,,,,,,,,,,,,,,,,,,,,,,,,,,,,,,,,,,,,,,,,,,,
,,,,,,,,,,,,,,,,,,,,,,,,,,,,,,,,,,,,,,,,,,,,,,,,,,
,,,,,,,,,,,,,,,,,,,,,,,,,,,,,,,,,,,,,,,,,,,,,,,,,,
,,,,,,,,,,,,,,,,,,,,,,,,,,,,,,,,,,,,,,,,,,,,,,,,,,
,,,,,,,,,,,,,,,,,,,,,,,,,,,,,,,,,,,,,,,,,,,,,,,,,,
,,,,,,,,,,,,,,,,,,,,,,,,,,,,,,,,,,,,,,,,,,,,,,,,,,
Bronze Box (LVL 70 Soldier),2034,2035,2424,2431,3034,3035,3324,3331,4034,4035,4324,4331,5034,5035,5324,5331,8010,8011,8039,8040,8108,8109,8137,8138,8169,8170,12084,12085,12086,11311,,,,,,,,,,,,,,,,,,,,
Bronze Box (LVL 70 Muse),2064,2065,2524,2531,3064,3065,3424,3431,4064,4065,4431,4424,5064,5065,5424,5431,8308,8309,8339,8340,8308,8309,8339,8340,12082,12083,12084,12085,12086,11331,,,,,,,,,,,,,,,,,,,,
Bronze Box (LVL 70 Hawker),2094,2095,2624,2631,3094,3095,3524,3531,4094,4095,4531,4524,5095,5094,5524,5531,8408,8409,8436,8437,8209,8210,8064,8065,12082,12083,12084,12085,12086,11301,,,,,,,,,,,,,,,,,,,,
Bronze Box (LVL 70 Dealer),2124,2125,2724,2731,3124,3125,3624,3631,4124,4125,4624,4631,5125,5124,5624,5631,8238,8239,8266,8267,8238,8239,8266,8267,12082,12083,12084,12085,12086,11321,,,,,,,,,,,,,,,,,,,,
Bronze Box (LVL 70 Random),DROPPED,,,,,,,,,,,,,,,,,,,,,,,,,,,,,,,,,,,,,,,,,,,,,,,,,
Bronze Box (LVL 100 Soldier),2036,2037,2438,2445,3036,3037,3338,3345,4036,4037,4338,4345,5036,5037,5338,5345,8014,8015,8043,8044,8112,8113,8141,8142,8173,8174,12084,12085,12086,11312,,,,,,,,,,,,,,,,,,,,
Bronze Box (LVL 100 Muse),2066,2067,2538,2545,3066,3067,3438,3445,4066,4067,4438,4445,5066,5067,5438,5445,8312,8313,8342,8343,8312,8313,8342,8343,12082,12083,12084,12085,12086,11332,,,,,,,,,,,,,,,,,,,,
Bronze Box (LVL 100 Hawker),2096,2097,2638,2645,3096,3097,3538,3545,4096,4097,4538,4545,5096,5097,5538,5545,8068,8069,8215,8216,8412,8413,8440,8441,12082,12083,12084,12085,12086,11302,,,,,,,,,,,,,,,,,,,,
Bronze Box (LVL 100 Dealer),2126,2127,2738,2745,3126,3127,3638,3645,4126,4127,4638,4645,5126,5127,5638,5645,8242,8243,8270,8271,8242,8243,8270,8271,12082,12083,12084,12085,12086,11322,,,,,,,,,,,,,,,,,,,,
Bronze Box (LVL 100 Random),DROPPED,,,,,,,,,,,,,,,,,,,,,,,,,,,,,,,,,,,,,,,,,,,,,,,,,
Bronze Box (LVL 150 Soldier),2039,2040,2459,2466,3039,3040,3359,3366,4039,4040,4359,4366,5039,5040,5359,5366,8020,8021,8049,8050,8118,8119,8147,8148,8179,8180,12085,12086,12087,11313,,,,,,,,,,,,,,,,,,,,
Bronze Box (LVL 150 Muse),2069,2070,2559,2566,3069,3070,3459,3466,4069,4070,4459,4466,5069,5070,5459,5466,8318,8319,8347,8348,8318,8319,8347,8348,12083,12084,12085,12086,12087,11333,,,,,,,,,,,,,,,,,,,,
Bronze Box (LVL 150 Hawker),2099,2100,2659,2666,3099,3010,3559,3566,4100,4101,4559,4566,5099,5100,5559,5566,8072,8073,8219,8220,8418,8419,8446,8447,12083,12084,12085,12086,12087,11303,,,,,,,,,,,,,,,,,,,,
Bronze Box (LVL 150 Dealer),2129,2130,2759,2766,3129,3130,3659,3666,4129,4130,4659,4666,5129,5130,5659,5666,8248,8249,8276,8277,8248,8249,8276,8277,12083,12084,12085,12086,12087,11323,,,,,,,,,,,,,,,,,,,,
Bronze Box (LVL 150 Random),DROPPED,,,,,,,,,,,,,,,,,,,,,,,,,,,,,,,,,,,,,,,,,,,,,,,,,
Bronze Box (LVL 200 Soldier),2043,3043,4043,5043,8023,8052,8121,8152,8184,2044,3044,4044,5044,2043,3043,4043,5043,8529,8558,8600,8633,8667,2048,3048,4048,5048,12086,12087,12088,11314,,,,,,,,,,,,,,,,,,,,
Bronze Box (LVL 200 Muse),2073,3073,4073,5073,8350,8322,8350,8322,12085,2074,3074,4074,5074,2073,3073,4073,5073,8789,8812,8789,8812,12086,2078,3078,4078,5078,12086,12087,12088,11334,,,,,,,,,,,,,,,,,,,,
Bronze Box (LVL 200 Hawker),2103,3103,4103,5103,8076,8222,8421,8449,12085,2104,3104,4104,5104,2103,3103,4103,5103,8575,8691,8849,8869,12086,2108,3108,4108,5108,12086,12087,12088,11304,,,,,,,,,,,,,,,,,,,,
Bronze Box (LVL 200 Dealer),2133,3133,4133,5133,8251,8279,8251,8279,12085,2134,3134,4134,5134,2133,3133,4133,5133,8723,8750,8723,8750,12086,2138,3138,4138,5138,12086,12087,12088,11324,,,,,,,,,,,,,,,,,,,,
Bronze Box (LVL 200 Random),DROPPED,,,,,,,,,,,,,,,,,,,,,,,,,,,,,,,,,,,,,,,,,,,,,,,,,
Silver Box (LVL 70 Soldier),2426,2433,2425,2432,3325,3332,3326,3333,4332,4333,4325,4326,5332,5333,5325,5326,8505,8012,8536,8041,8584,8110,8615,8139,8645,8171,12084,12085,12086,11311,,,,,,,,,,,,,,,,,,,,
Silver Box (LVL 70 Muse),2526,2533,2525,2532,3425,3426,3432,3433,4432,4433,4425,4426,5432,5433,5425,5426,8766,8310,8796,8341,8766,8310,8796,8341,12082,12083,12084,12085,12086,11331,,,,,,,,,,,,,,,,,,,,
Silver Box (LVL 70 Hawker),2626,2633,2625,2632,3533,3532,3525,3526,4532,4533,4525,4526,5532,5533,5525,5526,8826,8410,8855,8438,8676,8211,8563,8066,12082,12083,12084,12085,12086,11301,,,,,,,,,,,,,,,,,,,,
Silver Box (LVL 70 Dealer),2726,2733,2725,2732,3625,3626,3632,3633,4633,4632,4625,4626,5632,5633,5625,5626,8706,8240,8733,8268,8706,8240,8733,8268,12082,12083,12084,12085,12086,11321,,,,,,,,,,,,,,,,,,,,
Silver Box (LVL 70 Random),DROPPED,,,,,,,,,,,,,,,,,,,,,,,,12082,12083,12084,12085,12086,11361,,,,,,,,,,,,,,,,,,,,
Silver Box (LVL 100 Soldier),2439,2446,2440,2447,3339,3346,3340,3347,4339,4340,4346,4347,5339,5346,5340,5347,8513,8016,8543,8045,8587,8114,8620,8143,8651,8175,12084,12085,12086,11312,,,,,,,,,,,,,,,,,,,,
Silver Box (LVL 100 Muse),2539,2546,2540,2547,3439,3446,3440,3447,4439,4440,4446,4447,5439,5446,5440,5447,8773,8314,8800,8344,8773,8314,8800,8344,12082,12083,12084,12085,12086,11332,,,,,,,,,,,,,,,,,,,,
Silver Box (LVL 100 Hawker),2639,2646,2640,2647,3539,3546,3540,3547,4539,4540,4546,4547,5539,5546,5540,5547,8566,8070,8681,8217,8833,8414,8859,8442,12082,12083,12084,12085,12086,11302,,,,,,,,,,,,,,,,,,,,
Silver Box (LVL 100 Dealer),2739,2746,2740,2747,3639,3646,3640,3647,4639,4640,4646,4647,5639,5646,5640,5647,8710,8244,8737,8271,8710,8244,8737,8271,12082,12083,12084,12085,12086,11322,,,,,,,,,,,,,,,,,,,,
Silver Box (LVL 100 Random),DROPPED,,,,,,,,,,,,,,,,,,,,,,,,,,,,,,,,,,,,,,,,,,,,,,,,,
Silver Box (LVL 150 Soldier),2460,2467,2461,2468,3360,3367,3361,3368,4360,4367,4361,4368,5360,5367,5361,5368,8524,8024,8553,8053,8595,8122,8628,8149,8662,8182,12085,12086,12087,11313,,,,,,,,,,,,,,,,,,,,
Silver Box (LVL 150 Muse),2560,2567,2561,2568,3460,3467,3461,3468,4460,4467,4461,4468,5460,5467,5461,5468,8783,8323,8806,8351,8783,8323,8806,8351,12083,12084,12085,12086,12087,11333,,,,,,,,,,,,,,,,,,,,
Silver Box (LVL 150 Hawker),2660,2667,2661,2668,3560,3567,3561,3568,4560,4567,4561,4568,5560,5567,5561,5568,8571,8074,8686,8223,8844,8422,8865,8450,12083,12084,12085,12086,12087,11303,,,,,,,,,,,,,,,,,,,,
Silver Box (LVL 150 Dealer),2760,2767,2761,2768,3660,3667,3661,3668,4660,4667,4661,4668,5660,5667,5661,5668,8718,8252,8745,8280,8718,8252,8745,8280,12083,12084,12085,12086,12087,11323,,,,,,,,,,,,,,,,,,,,
Silver Box (LVL 150 Random),DROPPED,,,,,,,,,,,,,,,,,,,,,,,,,,,,,,,,,,,,,,,,,,,,,,,,,
Silver Box (LVL 200 Soldier),2480,3380,4380,5380,8023,8052,8121,8152,8184,2482,3382,4382,5382,2480,3380,4380,5380,8026,8057,8127,8153,8186,2484,3384,4384,5384,12086,12087,12088,11314,,,,,,,,,,,,,,,,,,,,
Silver Box (LVL 200 Muse),2580,3480,4480,5480,8350,8322,8350,8322,12085,2582,3482,4482,5482,2580,3480,4480,5480,8329,8357,8329,8357,12086,2584,3484,4484,5484,12086,12087,12088,11334,,,,,,,,,,,,,,,,,,,,
Silver Box (LVL 200 Hawker),2680,3580,4580,5580,8076,8222,8421,8449,12085,2682,3582,4582,5582,2680,3580,4580,5580,8079,8227,8424,8451,12086,2684,3584,4584,5584,12086,12087,12088,11304,,,,,,,,,,,,,,,,,,,,
Silver Box (LVL 200 Dealer),2780,3680,4680,5680,8251,8279,8251,8279,12085,2782,3682,4682,5682,2780,3680,4680,5680,8260,8286,8260,8286,12086,3684,3684,4684,5684,12086,12087,12088,11324,,,,,,,,,,,,,,,,,,,,
Silver Box (LVL 200 Random),DROPPED,,,,,,,,,,,,,,,,,,,,,,,,,,,,,,,,,,,,,,,,,,,,,,,,,
Golden Box (LVL 70 Soldier),2426,2433,2427,2434,3326,3333,3327,3334,4333,4334,4326,4327,5326,5327,5333,5334,8507,8509,8537,8539,8585,8586,8616,8617,8646,8647,12084,12085,12086,11311,,,,,,,,,,,,,,,,,,,,
Golden Box (LVL 70 Muse),2526,2534,3434,3427,4427,4434,5427,5434,2527,2533,3433,3426,4426,4433,5426,5433,8767,8769,8796,8797,8767,8769,8796,8797,12082,12083,12084,12085,12086,11331,,,,,,,,,,,,,,,,,,,,
Golden Box (LVL 70 Hawker),2627,2634,3527,3534,4534,4527,5527,5534,2626,2633,3526,3533,4533,4526,5526,5533,8828,8829,8856,8857,8677,8678,8563,8564,12082,12083,12084,12085,12086,11301,,,,,,,,,,,,,,,,,,,,
Golden Box (LVL 70 Dealer),2727,2734,3634,3627,4634,4627,5627,5634,2726,2733,3633,3626,4633,4626,5626,5633,8707,8708,8734,8735,8707,8708,8734,8735,12082,12083,12084,12085,12086,11321,,,,,,,,,,,,,,,,,,,,
Golden Box (LVL 70 Random),11361,12063,12064,12065,12082,12083,12084,12151,12152,12211,12196,12197,12198,12199,10970,12201,12202,10306,10307,10308,10309,10310,10311,10312,10186,14499,12381,12381,12381,12144,,,,,,,,,,,,,,,,,,,,
Golden Box (LVL 100 Soldier),2441,2448,3341,3348,4341,4348,5341,5348,2440,2447,3340,3347,4340,4347,5340,5347,8515,8517,8545,8547,8588,8589,8621,8622,8654,8655,12084,12085,12086,11312,,,,,,,,,,,,,,,,,,,,
Golden Box (LVL 100 Muse),2541,2548,3441,3448,4441,4448,5441,5448,2540,2547,3440,3447,4440,4447,5440,5447,8775,8776,8801,8802,8775,8776,8801,8802,12082,12083,12084,12085,12086,11332,,,,,,,,,,,,,,,,,,,,
Golden Box (LVL 100 Hawker),2641,2648,3541,3548,4541,4548,5541,5548,2640,2647,3540,3547,4540,4547,5540,5547,8567,8568,8681,8682,8835,8837,8860,8861,12082,12083,12084,12085,12086,11302,,,,,,,,,,,,,,,,,,,,
Golden Box (LVL 100 Dealer),2741,2748,3641,3648,4641,4648,5641,5648,2740,2747,3640,3647,4640,4647,5640,5647,8711,8712,8738,8739,8711,8712,8738,8739,12082,12083,12084,12085,12086,11322,,,,,,,,,,,,,,,,,,,,
Golden Box (LVL 100 Random),11362,12064,12065,12066,12083,12084,12085,12153,12154,12212,12198,12199,12200,12207,10970,12204,12205,10313,10314,10315,10316,10317,10318,10319,10188,14500,12381,12381,12381,12144,,,,,,,,,,,,,,,,,,,,
Golden Box (LVL 150 Soldier),2462,2469,3362,3369,4362,4369,5362,5369,2461,2468,3361,3368,4361,4368,5361,5368,8525,8526,8554,8555,8596,8597,8629,8630,8663,8664,12085,12086,12086,11313,,,,,,,,,,,,,,,,,,,,
Golden Box (LVL 150 Muse),2562,2569,3462,3469,4462,4469,5462,5469,2561,2568,3461,3468,4461,4468,5461,5468,8785,8786,8807,8808,8785,8786,8807,8808,12083,12084,12085,12086,12086,11333,,,,,,,,,,,,,,,,,,,,
Golden Box (LVL 150 Hawker),2662,2669,3562,3569,4562,4569,5562,5569,2661,2668,3561,3568,4561,4568,5561,5568,8572,8573,8687,8688,8845,8846,8866,8867,12083,12084,12085,12086,12086,11303,,,,,,,,,,,,,,,,,,,,
Golden Box (LVL 150 Dealer),2762,2769,3662,3669,4662,4669,5662,5669,2761,2768,3661,3668,4661,4668,5661,5668,8719,8720,8746,8747,8719,8720,8746,8747,12083,12084,12085,12086,12086,11323,,,,,,,,,,,,,,,,,,,,
Golden Box (LVL 150 Random),11363,12065,12066,12067,12085,12086,12087,12155,12156,12213,12250,12251,12364,12365,10970,12368,12369,10342,10343,10344,10345,10346,10347,10301,10190,6288,6440,12381,12381,6439,,,,,,,,,,,,,,,,,,,,
Golden Box (LVL 200 Soldier),2481,3381,4381,5381,8529,8558,8600,8633,8667,2483,3383,4383,5383,2481,3381,4381,5381,8530,8559,8601,8634,8668,2485,3385,4385,5385,12086,12087,12086,11314,,,,,,,,,,,,,,,,,,,,
Golden Box (LVL 200 Muse),2581,3481,4481,5481,8789,8812,8789,8812,12085,2583,3483,4483,5483,2581,3481,4481,5481,8790,8813,8790,8813,12086,2585,3485,4485,5485,12086,12087,12088,11334,,,,,,,,,,,,,,,,,,,,
Golden Box (LVL 200 Hawker),2681,3581,4581,5581,8575,8691,8849,8869,12085,2683,3583,4583,5583,2681,3581,4581,5581,8576,8692,8850,8870,12086,2685,3585,4585,5585,12086,12087,12088,11304,,,,,,,,,,,,,,,,,,,,
Golden Box (LVL 200 Dealer),2781,3681,4681,5681,8723,8750,8723,8750,12085,2783,3683,4683,5683,2785,3681,4681,5681,8724,8751,8724,8751,12086,3685,3685,4685,5685,12086,12087,12088,11324,,,,,,,,,,,,,,,,,,,,
Golden Box (LVL 200 Random),11364,12289,12290,12284,12089,12087,12088,12157,12157,12213,12250,12251,12366,12367,10970,12370,12371,12144,12284,12290,12289,14501,12381,12380,7342,7358,7374,7378,7394,7410,,,,,,,,,,,,,,,,,,,,
,,,,,,,,,,,,,,,,,,,,,,,,,,,,,,,,,,,,,,,,,,,,,,,,,,
,,,,,,,,,,,,,,,,,,,,,,,,,,,,,,,,,,,,,,,,,,,,,,,,,,
,,,,,,,,,,,,,,,,,,,,,,,,,,,,,,,,,,,,,,,,,,,,,,,,,,
Volcanic Dragon,12155,12069,,12163,11313,12155,,,12163,6116,12155,12069,12086,,6116,12155,,,12163,11313,12155,,12155,1149,,1149,6116,6116,1149,6116,,,,,,,,,,,,,,,,,,,,
Matriarch Volcanic Dragon,6116,,6116,,6116,,1149,1149,,6116,6116,,6116,6116,6116,6116,6116,6116,6116,6116,6116,6116,1149,6116,1149,6116,1149,6116,1149,6116,,,,,,,,,,,,,,,,,,,,
Hydratic Dragon,12153,12069,,12162,11323,12153,,,12162,6117,12153,12069,12086,,6117,12153,,,12162,11323,12153,,12153,1150,,1150,6117,6117,1150,6117,,,,,,,,,,,,,,,,,,,,
Matriarch Hydratic Dragon,6117,,6117,,6117,,1150,1150,,6117,6117,,6117,6117,6117,6117,6117,6117,6117,6117,6117,6117,1150,6117,1150,6117,1150,6117,1150,6117,,,,,,,,,,,,,,,,,,,,
Sunlight Dragon,12156,12069,,12164,11353,12156,,,12164,6118,12156,12069,12086,,6118,12156,,,12164,11353,12156,,12156,1158,,1158,6118,6118,1158,6118,,,,,,,,,,,,,,,,,,,,
Matriarch Sunlight Dragon,6118,,6118,,6118,,1158,1158,,6118,6118,,6118,6118,6118,6118,6118,6118,6118,6118,6118,6118,1150,6118,1150,6118,1150,6118,1150,6118,,,,,,,,,,,,,,,,,,,,
Matriarch Elven Dragon,6106,,6106,,6106,,1148,1148,,6106,6106,,6106,6106,6106,6106,6106,6106,6106,6106,6106,6106,1148,6106,1148,6106,1148,6106,1148,6106,,,,,,,,,,,,,,,,,,,,
Bronze Egg,10342,,10344,,10345,10346,10347,12155,12066,12086,,11389,12155,,12086,11312,12155,,12086,,11389,12163,12066,12085,11312,11389,12163,11389,12163,12163,,,,,,,,,,,,,,,,,,,,
Silver Egg,10342,10343,10344,12157,10345,10346,10347,12157,12067,,11332,,12157,12067,,11332,,12066,12085,11332,11402,12164,,12086,11332,,12164,11402,12164,12164,,,,,,,,,,,,,,,,,,,,
Golden Egg,10342,10343,10344,12156,10345,,10347,12156,12068,,11343,11403,12156,,12088,11343,12156,12067,,11342,,12161,12067,12086,,11403,12161,11403,12161,12161,,,,,,,,,,,,,,,,,,,,
Platinum Egg,10342,,10344,12153,,10346,10347,12153,12068,,11364,,,12069,12087,11381,12153,12068,,11373,,12162,12068,12085,11391,12200,,12200,12162,12162,,,,,,,,,,,,,,,,,,,,
Elven Dragon,12152,12069,,12161,11343,12152,,,12161,6106,12152,12069,12086,,6106,12152,6106,,12161,11343,12152,,12152,1148,,1148,6106,6106,1148,6106,,,,,,,,,,,,,,,,,,,,
Entiku Guardian,10160,10160,10170,10170,10180,10180,10346,10346,10344,10344,10317,10317,10315,10315,10032,10032,10188,10188,10190,10190,12069,12069,12088,12088,12380,12380,12089,12089,7353,12290,,,,,,,,,,,,,,,,,,,,
Terrasaurus Guardian,12161,12162,12163,12164,12151,12152,12153,12154,12155,12156,12157,10342,10343,10344,10345,10346,10347,10188,10189,10190,10188,10189,10190,12381,12380,12381,10189,12088,11303,11343,,,,,,,,,,,,,,,,,,,,
Giant Terrasaurus,12381,10032,10013,12004,12048,12062,,12063,10382,12151,10057,10058,,12072,12076,12083,12095,,12105,12117,12369,10308,10311,10181,10182,10183,10184,10185,10186,10187,,,,,,,,,,,,,,,,,,,,
Terrasaurus (Small),12381,10031,10012,12001,12045,,12061,12062,10301,12154,10056,,10057,12072,12074,12082,,12093,12105,12117,12124,,10309,10311,,10181,10182,10183,10184,10185,,,,,,,,,,,,,,,,,,,,
Terrasaurus Gaurdian (Unique),12152,12153,12155,12157,12156,10342,10343,10344,10345,10346,10347,10188,10189,10190,10188,10189,10190,12381,12380,12381,12380,12284,12089,11303,11343,11382,12284,7345,,,,,,,,,,,,,,,,,,,,,,
,,,,,,,,,,,,,,,,,,,,,,,,,,,,,,,,,,,,,,,,,,,,,,,,,,
Devourer Guardian,12161,12162,12163,12164,12151,12152,12153,12154,12155,12156,12157,10342,10343,10344,10345,10346,10347,10188,10189,10190,10188,10189,10190,12381,12380,12381,10189,12087,11333,11323,,,,,,,,,,,,,,,,,,,,
Devourer Berserker,12381,10033,10014,12132,12133,12065,,12066,10382,12085,10057,10058,,12020,12022,12291,12294,,12293,12048,12371,12075,10311,10181,10182,10183,10184,10185,10186,10187,,,,,,,,,,,,,,,,,,,,
Devourer (Small),12381,10031,10012,12132,12133,12062,12064,10301,12151,10056,10058,,10058,12078,12257,,12255,12253,12153,12024,,12122,10312,11331,10181,10182,,10183,,10184,,,,,,,,,,,,,,,,,,,,
Devourer Guardian (Unique),12152,12153,12155,12157,12156,10342,10343,10344,10345,10346,10347,10188,10189,10190,10188,10189,10190,12381,12380,12381,12380,12290,12089,12290,11333,11323,11372,7369,,,,,,,,,,,,,,,,,,,,,,
,,,,,,,,,,,,,,,,,,,,,,,,,,,,,,,,,,,,,,,,,,,,,,,,,,
Desert Golem Guardian,12161,12162,12163,12164,12151,12152,12153,12154,12155,12156,12157,10342,10343,10344,10345,10346,10347,10188,10189,10190,10188,10189,10190,12381,12380,12381,10189,12088,11333,11363,,,,,,,,,,,,,,,,,,,,
Reckless Golem,,10032,10013,12253,12103,12062,,12067,10383,12120,10057,10058,10176,,10166,12026,12078,12086,,12099,12115,12212,10311,10181,10182,10183,10184,10185,10186,10187,,,,,,,,,,,,,,,,,,,,
Sand Golem (Small),12381,10031,10012,12258,12256,,12061,12063,10301,12157,10056,10057,,12084,12085,12024,12030,,12016,12008,12020,,10306,10031,,10181,10182,10183,10184,10185,,,,,,,,,,,,,,,,,,,,
Desert Golem Guardian (Unique),12152,12153,12155,12157,12156,10342,10343,10344,10345,10346,10347,10188,10189,10190,10188,10189,10190,12381,12380,12381,12380,12284,12089,11363,11353,11392,10190,7381,,,,,,,,,,,,,,,,,,,,,,
,,,,,,,,,,,,,,,,,,,,,,,,,,,,,,,,,,,,,,,,,,,,,,,,,,
Mastyx Guardian,12161,12162,12163,12164,12151,12152,12153,12154,12155,12156,12157,10342,10343,10344,10345,10346,10347,10188,10189,10190,10188,10189,10190,12381,12380,12381,10189,12088,11303,11343,,,,,,,,,,,,,,,,,,,,
Corrupted Mastyx,12381,10033,10033,10014,12253,12097,,12064,12065,10383,12077,10058,10170,12104,,12114,12156,12085,12105,,12102,12187,11382,10181,10182,10183,10184,10185,10186,10187,,,,,,,,,,,,,,,,,,,,
Mastyx (Small),12381,10032,10013,12291,12293,,12061,12063,,10301,12155,10056,10057,,12367,12084,12025,12049,,12010,12008,12018,10307,12044,,10181,10182,10183,10184,10185,,,,,,,,,,,,,,,,,,,,
Mastyx Guardian (Unique),12152,12153,12155,12157,12156,10342,10343,10344,10345,10346,10347,10188,10189,10190,10188,10189,10190,12381,12380,12381,12380,12290,12089,12290,11303,11343,11392,7357,,8001313,,,,,,,,,,,,,,,,,,,,
,,,,,,,,,,,,,,,,,,,,,,,,,,,,,,,,,,,,,,,,,,,,,,,,,,
Snapper Guardian,12161,12162,12163,12164,12151,12152,12153,12154,12155,12156,12157,10342,10343,10344,10345,10346,10347,10188,10189,10190,10188,10189,10190,12381,12380,12381,12085,12087,11313,11363,,,,,,,,,,,,,,,,,,,,
Demonic Snapper,12381,10033,10013,12156,12153,,12067,12068,10384,12071,10059,,10159,12104,12134,11312,12086,12105,,12256,12259,12258,10181,10182,10183,10184,10185,10186,10187,10181,,,,,,,,,,,,,,,,,,,,
Snapper (Small),12381,10031,10013,12293,,12294,12064,12066,10301,,10056,10057,10058,,12364,12085,,12258,12253,12105,12104,12030,,12015,12048,10181,10182,10183,10184,10185,,,,,,,,,,,,,,,,,,,,
Snapper Guardian (Unique),12152,12153,12155,12157,12156,10342,10343,10344,10345,10346,10347,10188,10189,10190,10188,10189,10190,12381,12380,12381,12380,12289,12089,11313,11363,11382,12289,7393,,,,,,,,,,,,,,,,,,,,,,
,,,,,,,,,,,,,,,,,,,,,,,,,,,,,,,,,,,,,,,,,,,,,,,,,,
Pharaoh Boss,12151,12152,12153,12154,12155,12156,12157,12380,10188,10189,10190,10188,10189,10190,12284,12290,12289,11383,11393,11373,,,,,,,,,,,,,,,,,,,,,,,,,,,,,,
Serpent Servant,12066,12067,12068,12084,12085,12086,12104,10058,10059,10039,10160,10170,10180,10301,10316,10315,10181,10182,10183,10184,10185,10186,10187,10181,10182,10183,10184,10185,10186,10187,,,,,,,,,,,,,,,,,,,,
Fiery Serpent,12084,12063,12064,12065,12085,12086,12104,10058,10059,10019,10160,10170,10180,10301,10317,10319,10181,10182,10183,10184,10185,10186,10187,10181,10182,10183,10184,10185,10186,10187,,,,,,,,,,,,,,,,,,,,
Pharaoh Boss (Unique),12152,12153,12155,12157,12156,12380,10188,10189,10190,10188,10189,10190,12290,12289,11383,11393,,,,,,,,,,,,,,,,,,,,,,,,,,,,,,,,,,
,,,,,,,,,,,,,,,,,,,,,,,,,,,,,,,,,,,,,,,,,,,,,,,,,,
Throne Ra,12151,12152,12153,12154,12155,12157,12156,12380,10188,10188,10189,10189,10190,10190,12087,12088,12089,12089,12066,12067,12068,12069,11383,11393,11373,12381,12243,12243,6017,7405,,,,,,,,,,,,,,,,,,,,
Corrupted Sun God Ra,12243,12152,12153,12155,12157,12156,12380,10188,10189,10190,12088,12089,12068,12069,11383,11393,12089,12141,12381,12156,12155,12380,12243,12243,12243,12243,12243,12243,10002042,10002042,,,,,,,,,,,,,,,,,,,,
Ra Spear,12073,,12074,12081,,,12104,10057,,,10160,,10180,,10171,,,10182,10183,,,10183,,10181,,,,10184,10185,10186,,,,,,,,,,,,,,,,,,,,
Ra Bow,12073,12074,,12061,,12080,,,10056,10012,,,10180,,10171,,10181,,10183,,10182,,10184,,10182,,10184,,10185,10186,,,,,,,,,,,,,,,,,,,,
Ra Sword,12084,,12062,,12084,,12104,10058,,,10160,10170,,10301,,10119,,10182,,10184,,10183,,10181,,10183,,10184,,10186,,,,,,,,,,,,,,,,,,,,
Ra Mage,12062,12061,,,12083,,,,10058,10036,,10170,,10301,,10119,10181,,,,10182,,10184,,,10183,10184,,10185,10186,,,,,,,,,,,,,,,,,,,,
Mimic Chest of Menes,12381,12381,12065,12066,12067,12068,12069,12064,10033,10014,10186,10187,10188,10189,12152,12154,10190,12086,12087,12156,12088,12239,12239,12239,12239,10002093,10002093,12284,12290,12289,,,,,,,,,,,,,,,,,,,,
Cerberus,12193,12193,12193,12012,12011,12012,12011,12193,12087,12194,12011,12193,12194,12011,12012,12087,12113,12113,12113,2448,2548,2648,2748,12113,12011,12194,12011,12193,12087,8940,,,,,,,,,,,,,,,,,,,,
Corrupted Sun God Ra (Unique),12243,12152,12153,12155,12157,12156,12380,10188,10189,10190,12088,12089,12068,12069,11383,11393,12089,12141,12381,12156,12155,12380,12243,12243,12243,8001158,8001153,8001154,8001151,8001152,,,,,,,,,,,,,,,,,,,,
Corrupted Sun God Ra (Unique),12243,12152,12153,12155,12157,12156,12380,10188,10189,10190,12088,12089,12068,12069,11383,11393,12089,12141,12381,12156,12155,12380,12243,12243,12243,8001155,8001156,8001159,8001157,8001302,,,,,,,,,,,,,,,,,,,,
Corrupted Sun God Ra (Unique),12243,12152,12153,12155,12157,12156,12380,10188,10189,10190,12088,12089,12068,12069,11383,11393,12089,12141,12381,12156,12155,12380,12243,12243,12243,8001161,8001160,8001162,8001163,8001303,,,,,,,,,,,,,,,,,,,,
Serpent Menes,12381,12294,,10014,12293,10014,10181,,,10182,10183,,10184,10185,12291,12063,,12063,12062,12078,12064,,12065,10033,10058,,,,,10058,,,,,,,,,,,,,,,,,,,,
Spider Kera,14889,14889,14889,14889,14889,14889,14889,14889,14889,14889,14889,14889,14889,14889,14889,14889,14889,14889,14889,14889,14889,14889,14889,14889,14889,14889,14889,14889,14889,14889,,,,,,,,,,,,,,,,,,,,
,,,,,,,,,,,,,,,,,,,,,,,,,,,,,,,,,,,,,,,,,,,,,,,,,,
Memphis Citizens,12381,12527,12381,12528,12527,12044,12528,12044,12528,12061,12044,12131,12061,,12073,12073,12529,,12529,12131,,12103,12105,12103,12105,,12131,12533,12137,12521,,,,,,,,,,,,,,,,,,,,
Memphis Mages,12381,12528,12059,12528,12381,12059,12061,12113,,12061,12085,,12113,12121,12085,12132,12530,12121,12530,12132,12135,,12135,12531,,12132,12131,12521,12531,12521,,,,,,,,,,,,,,,,,,,,
Memphis Hawkers,12381,12527,10014,12381,12527,10014,12528,,12528,10157,12086,,12531,10301,10382,12531,,12532,12022,12532,,12022,12062,,12062,,12521,12533,,12521,,,,,,,,,,,,,,,,,,,,
Memphis Soldiers,12381,12528,10058,12528,10058,12085,12381,12529,10382,12529,10382,12532,,12532,,12532,,,12065,,12533,12022,,12533,,12521,12533,12534,,12521,,,,,,,,,,,,,,,,,,,,
Memphis General,12381,10383,,10382,,12381,12530,12530,12531,12531,12151,10316,12151,12316,12532,12063,12532,12064,12068,12068,,12533,12533,12521,,12534,12521,12534,12156,12521,,,,,,,,,,,,,,,,,,,,
Memphis Pharaoh,12381,12534,12533,12531,12529,12527,12067,12381,12068,12069,,12069,12284,12156,12364,12371,12521,12380,12078,12521,12521,12087,12088,2141,5111,4051,3081,8259,8426,8027,,,,,,,,,,,,,,,,,,,,
Anubis Berserker (Bronze 1),12381,12527,10014,12381,12527,10014,12528,,12528,10157,12086,12086,12531,10301,10382,12531,12156,12532,12022,12532,12022,,12521,12521,12062,12533,12521,12533,12521,7347,,,,,,,,,,,,,,,,,,,,
Anubis Berserker (Bronze 2),12381,12527,10014,12381,,12527,10014,12528,12528,10157,12086,12531,10301,,10382,,12531,12532,12022,12156,12022,12532,12062,12521,12062,12533,12521,12521,12521,7355,,,,,,,,,,,,,,,,,,,,
Anubis Berserker (Bronze 3),12381,12527,10014,12381,12527,10014,12528,,12528,10157,12086,12156,12531,10301,10382,12531,,12532,12022,12532,12022,,12062,12521,12062,12521,12521,12533,12521,7363,,,,,,,,,,,,,,,,,,,,
Memphis Pharaoh (Unique),12381,12534,12533,12531,12529,12527,12067,12381,12068,12069,,12069,12284,12156,12364,12371,12521,12380,12078,12521,12521,12088,12089,8259,8426,8027,2001093,5001072,4001030,3001051,,,,,,,,,,,,,,,,,,,,
Fiery Warbiz / Arachnid,12279,12271,,12278,12271,,12279,,,12278,,12280,,,10384,,,12282,12272,,12282,12280,,12272,,12282,,,12282,12282,,,,,,,,,,,,,,,,,,,,
Tigris / Pantharis,12381,10970,12279,12044,12282,10012,12279,12044,12279,,12279,,12044,12282,,12282,12282,,,12136,12282,,10012,11389,12136,,12136,,11389,12153,,,,,,,,,,,,,,,,,,,,
Tigris Captain,12381,12381,10384,12282,12279,12282,,12282,12279,10384,12282,12282,,12048,12282,,12048,12279,12063,12048,12163,12048,12161,12063,12163,12063,12161,12068,12068,12153,,,,,,,,,,,,,,,,,,,,
Pantharis King,12381,12381,12381,10014,10014,10033,10033,12154,,12157,12152,10970,12157,,10970,10059,10180,11401,11401,10059,11353,11332,11332,12085,12085,12086,12086,12087,12088,6109,,,,,,,,,,,,,,,,,,,,
Terrapin / Aplysia,12092,12061,12092,12064,12092,12381,12381,,10013,10013,,12164,,12164,12038,12038,,12038,12049,12049,,12049,12050,,12050,11312,11312,10901,12067,12068,,,,,,,,,,,,,,,,,,,,
Terrapin Captain,12092,12092,12092,12092,12161,12161,12162,12162,,12097,12097,12097,,12015,12015,12015,,12010,12010,3042,3072,3102,3132,11302,12153,11302,12066,12067,12068,12069,,,,,,,,,,,,,,,,,,,,
Giant Arachnid,12381,12381,12163,12163,12164,12164,,8420,12155,12155,,,12156,12068,,12068,12085,12085,12086,12086,,12282,12282,12282,12282,12282,12282,11373,11303,11363,,,,,,,,,,,,,,,,,,,,
Aplysia King,12381,12381,10384,10384,12161,12162,10180,10170,,10170,12061,12063,12064,,12066,12157,12151,11323,11343,12153,12156,12156,12156,12085,12085,12086,12086,12087,12088,6108,,,,,,,,,,,,,,,,,,,,
Bone Spider,12191,12191,12191,,12191,,12192,12192,12192,,12192,,12278,12278,12278,,12278,,12271,12271,,12271,,12282,,12062,12063,12064,12065,12065,,,,,,,,,,,,,,,,,,,,
Bone Spider King,12381,12381,12162,12162,12164,12164,10014,10033,10033,12271,12087,12279,12087,12065,12065,12065,12067,12067,12068,12068,,12085,12085,12086,12086,12087,12087,12088,12088,9092,,,,,,,,,,,,,,,,,,,,
E.S.P / S.H.C,12381,10013,10032,12381,10032,12015,,12015,12015,,12018,12018,,12025,12025,,12085,12030,12066,12086,12030,12288,12154,12288,12067,12151,12061,12061,12098,12098,,,,,,,,,,,,,,,,,,,,
Grand Master Sikuku,12381,12381,10384,10058,10058,10059,12071,12073,12100,11390,11390,11382,11313,12156,12153,12155,12068,12068,12069,12069,12085,12085,12086,12086,12087,12087,12088,12088,12089,6107,,,,,,,,,,,,,,,,,,,,
Devil Pests,12381,12381,12161,12162,12163,12164,12161,12162,12163,12164,12061,12061,12062,12062,10970,10970,12278,12278,12282,12282,,12282,,12282,,12282,,12282,,12282,,,,,,,,,,,,,,,,,,,,
Haunted Tree / Titan,12279,12279,12381,12381,12279,10383,,12282,,12282,,12282,,12282,,12282,,12282,,12282,,12282,,12162,,12162,12163,12163,12155,12155,,,,,,,,,,,,,,,,,,,,
Doom Master,12381,12272,12272,10014,10157,,10157,12288,12288,,12288,12161,12161,,12162,,12162,12063,12063,12063,12069,12069,12085,12085,12085,12086,12086,12087,12088,6049,,,,,,,,,,,,,,,,,,,,
Cursed Sikuku,12281,12281,,,12281,,12281,12279,,12279,,,12279,12279,,12061,12061,12061,12065,12065,12282,12282,12282,12282,12282,12085,10970,12086,12065,12066,,,,,,,,,,,,,,,,,,,,
Sikuku Dismember,12281,12281,12279,12279,,12061,,,12061,,12065,,12282,,12282,12282,12282,10970,12192,12026,12163,12163,12162,12162,12085,12085,12086,12066,12067,12068,,,,,,,,,,,,,,,,,,,,
Sikuku Fleshlasher,12381,12381,10970,12028,12271,12018,10059,12061,,12061,12066,12066,,12067,12067,11400,11400,11391,11392,12085,12085,12085,12086,12086,,12086,12087,12088,12089,6110,,,,,,,,,,,,,,,,,,,,
Chief Turak,12381,12381,12381,12381,12381,12381,12381,12381,12381,12381,12381,12381,12381,12381,12381,12381,12381,12381,12381,12381,12381,12381,12381,12381,12381,12381,12381,12381,12381,12381,,,,,,,,,,,,,,,,,,,,
Ambush Antares,12001,,12001,,12001,,,12021,,12021,,12021,,,12093,,12093,,12093,,,12103,,12103,,12131,,12131,,12131,,,,,,,,,,,,,,,,,,,,
Moldie Slave / Rich D Moldie,12381,12527,12064,12527,10382,12528,12528,12530,12533,12064,12061,10382,,12062,12534,12532,12001,12012,12063,12023,10012,10026,10109,,12065,,10166,10175,12164,,,,,,,,,,,,,,,,,,,,,
Moldie Soldier,12381,10176,10167,12065,10383,10021,10383,10058,12066,12020,12028,10384,12063,12064,,12047,12047,12072,,12073,,12092,12103,12104,,12124,12122,,12085,12086,,,,,,,,,,,,,,,,,,,,
Moldie General,12381,12381,,12527,12527,12381,12530,12530,12531,,12063,12064,12065,12533,12534,12533,,10109,10058,10058,10032,10012,,12153,,,12133,12132,12103,12086,,,,,,,,,,,,,,,,,,,,
Moldie Mammoth,12381,12381,,12040,12040,,12191,12192,12187,,10059,12188,12188,12370,12368,12365,12369,12156,12521,12521,12380,12067,12086,12088,5081,2051,3141,8128,8452,8001299,,,,,,,,,,,,,,,,,,,,
Moldie Pharaoh,12381,12381,12521,12381,12533,12533,12534,12532,12369,12365,12153,12152,12521,12133,12104,12103,10059,12521,12380,12068,12085,12086,12087,5051,4081,2111,8187,8080,8358,12535,,,,,,,,,,,,,,,,,,,,
Cursed Moldie Soldier,12381,12381,10382,12527,12527,12381,12530,12530,12531,10384,12063,12064,,12533,12534,12533,,10109,10058,10058,10032,12065,,12153,,,12133,12066,12086,12087,,,,,,,,,,,,,,,,,,,,
Cursed Moldie Mammoth,12381,12381,,12040,12040,,12191,12192,12187,,10059,12188,12188,12370,12368,12365,12369,,12521,12521,12380,12069,12087,12088,5081,2051,3141,8128,8452,8001299,,,,,,,,,,,,,,,,,,,,
Cursed Moldie Pharaoh,12381,12381,12521,12381,12533,12533,12534,12532,12521,12365,12521,12152,12284,12133,12104,12521,12521,12521,12381,12380,12290,12087,12088,5051,4081,2111,8187,8080,8358,12535,,,,,,,,,,,,,,,,,,,,
Moldie Pharaoh (Unique),12381,12381,12521,12381,12533,12533,12534,12532,12369,12365,12153,12152,12521,12133,12104,12103,10059,12521,12380,12068,12085,12086,12087,8187,8080,8358,5001030,4001051,2001072,12535,,,,,,,,,,,,,,,,,,,,
Moldie Scorpion,12381,,12529,12531,,12078,,12132,12133,12071,12530,12530,12530,12284,,12366,12151,12380,12521,12521,12086,12066,12068,12087,4141,2081,3111,8154,8229,8001298,,,,,,,,,,,,,,,,,,,,
Moldie Scorpion (Unique),12381,12381,12529,12531,12531,12078,12078,12132,12133,12071,12530,12530,12530,12284,12284,12366,12151,12380,12521,12521,12087,12067,12069,12088,8001298,8229,8154,4001093,2001051,3001072,,,,,,,,,,,,,,,,,,,,
Moldie Mammoth (Unique),12381,12381,12381,12040,12040,12040,12191,12192,12187,12187,10059,12188,12188,12370,12368,12365,12369,12156,12521,12521,12380,12068,12088,12088,8001299,8452,8128,5001051,2001030,3001093,,,,,,,,,,,,,,,,,,,,
Zombie craps,12381,12001,12008,,12008,10155,12061,12062,12531,12529,10180,10014,,12380,12521,12521,,12368,,,12066,12069,12085,,12087,12088,12521,5141,8326,8058,,,,,,,,,,,,,,,,,,,,
Zombie craps1,12381,12001,12008,,12008,10155,12061,12062,12531,12529,10180,10014,,12380,12521,12521,,12368,,12065,12066,12069,12085,12087,12088,12521,,4111,3051,8288,,,,,,,,,,,,,,,,,,,,
Zombie craps (Unique Craps),12381,12001,12008,12008,12008,10155,12061,12062,12531,12529,10180,10014,10014,12380,12521,12521,12521,12368,12156,12065,12066,12069,12085,12087,8058,8288,8326,4001072,5001093,3001030,,,,,,,,,,,,,,,,,,,,
Robots,12381,12001,12001,12009,12009,12009,12009,12009,12009,,12014,12014,12014,12014,12061,12062,12072,12072,,12085,12085,12099,12099,,12131,12131,12204,12206,12207,12153,,,,,,,,,,,,,,,,,,,,
Zombie Craps 2 (Unique craps 2),12381,12534,12533,12531,12529,12527,12068,12381,12068,12069,12156,12069,12284,12156,12364,12371,12521,12380,12078,12521,12521,12088,12089,8027,8426,8259,4001030,3001051,2001093,5001072,,,,,,,,,,,,,,,,,,,,
Verminios 1,12380,12289,12290,12069,12284,12290,12289,12380,12087,12087,12088,12088,12089,12089,2001031,3001052,4001073,5001094,2001031,3001052,4001073,5001094,8635,8752,8577,8694,8635,8577,8752,8694,,,,,,,,,,,,,,,,,,,,
Verminios 2,12380,12289,12290,12069,12284,12290,12289,12380,12087,12087,12088,12088,12089,12089,2001094,5001073,4001052,3001031,2001094,5001073,4001052,3001031,8695,8001395,8871,8695,8560,8001395,8871,8560,,,,,,,,,,,,,,,,,,,,
Verminios 3,12380,12289,12290,12069,12284,12290,12289,12380,12087,12087,12088,12088,12089,12089,3001094,5001052,2001073,4001031,5001052,2001073,4001031,3001094,8602,8814,8602,8001396,8696,8814,8696,8001396,,,,,,,,,,,,,,,,,,,,
Verminios 4,12380,12289,12290,12069,12284,12290,12289,12380,12087,12087,12088,12088,12089,12089,3001073,2001052,5001031,4001094,3001073,4001094,5001031,2001052,8725,8669,8725,8669,8693,8725,8669,8693,,,,,,,,,,,,,,,,,,,,
Karkian Beasts,10108,10109,10109,10108,10109,10109,10108,10109,10109,10108,10109,10109,10108,10109,10109,10117,10117,10117,10109,10117,10109,10117,10109,10117,12542,10001100,10117,10001100,10109,12542,,,,,,,,,,,,,,,,,,,,
Venerable Snapper,12381,10176,10167,,10383,10021,10383,10058,12066,12020,12028,10384,12063,12064,,12047,12047,12072,11301,12073,12065,12092,12103,12104,11311,12124,12122,12521,12085,12086,,,,,,,,,,,,,,,,,,,,
Stingernail Antares,12381,12001,12001,12009,12009,12009,12009,12009,12009,,12014,12014,12014,12014,12061,12062,12072,12072,,12085,12085,12099,12099,,12131,12131,12204,12206,12207,12153,,,,,,,,,,,,,,,,,,,,
Ambush Antares,12381,12001,12001,12009,12009,12009,12009,12009,12009,,12014,12014,12014,12014,12061,12062,12072,12072,,12085,12085,12099,12099,,12131,12131,12204,12206,12207,12153,,,,,,,,,,,,,,,,,,,,
Lost and Erotion Soul,12078,12381,12381,12104,12133,,12104,,12381,,,12135,,,12023,,12063,12023,,12161,12064,,12163,,12521,11332,11322,11312,11302,11391,,,,,,,,,,,,,,,,,,,,
Bleaking Soul,12078,12381,12078,12381,,12085,,12104,,12133,,12063,12135,,12135,12064,,,12023,12162,12521,12063,12164,12023,11342,11352,11362,11372,11382,11392,,,,,,,,,,,,,,,,,,,,
Adder,12381,12381,,,12133,,12133,,12123,,12109,,12123,10058,,12104,,12103,12104,,,10058,,12061,12084,12068,12085,12086,12521,12521,,,,,,,,,,,,,,,,,,,,
Karkian Beasts,12381,12546,,12546,12546,,12550,12550,,12550,12543,12543,,12549,12549,12077,10177,10166,10156,12063,,12058,12081,11381,12030,12151,12018,12163,12066,11342,,,,,,,,,,,,,,,,,,,,
Armored Romusta,12381,12548,12548,12543,,12549,12549,12012,12549,12012,,12544,12546,12085,12546,12544,12164,12102,,12164,12112,12102,,12062,12072,12157,11391,12086,11342,11411,,,,,,,,,,,,,,,,,,,,
Virus Romusta,12381,10014,,12549,10014,12547,12548,12548,,12550,12550,12550,12543,12544,12545,,12119,12099,12099,12030,12001,12049,12050,12061,12067,12076,12076,12086,11411,11343,,,,,,,,,,,,,,,,,,,,
Fazzys,12381,12546,12546,12546,12546,12547,12067,10057,12543,12543,12543,12065,10033,10033,12062,10014,10014,12547,12550,10058,12550,12550,12071,12071,12062,12073,12086,11301,11362,11411,,,,,,,,,,,,,,,,,,,,
Poison Fazzy,12381,10159,10169,12557,10180,12551,10014,12551,10033,12064,12545,12545,12551,12557,12164,12163,12162,12161,12154,12153,12551,12081,12083,12086,12086,12066,12067,12068,12551,11412,,,,,,,,,,,,,,,,,,,,
Hilabos The Conqueror,12381,12546,12546,12546,12547,12547,12544,12544,12548,12557,12548,12549,12068,12068,12069,12557,12087,12155,12156,12157,12556,12556,12085,12086,12087,11412,12553,12553,12553,12553,,,,,,,,,,,,,,,,,,,,
Soul Ripper,12381,12546,12546,12546,12547,12547,12544,12544,12548,12548,12548,12549,12545,12545,,12151,12152,,12153,12556,12065,12557,12067,12068,12069,12557,12556,11413,12553,12557,,,,,,,,,,,,,,,,,,,,
Crystal Spider,,,,,,,,,,,,,,,,,,,,,,,,,,,,,,12236,,,,,,,,,,,,,,,,,,,,
Temple Golems,12005,12005,12005,12006,12009,12018,12018,12028,12028,12029,,12073,12073,12074,12074,,12081,12081,12121,12122,12123,12124,12125,12136,12137,12161,12162,12066,12066,11411,,,,,,,,,,,,,,,,,,,,
Denvanus,12010,12020,12030,12040,12050,12381,12381,12068,12001,12161,12162,12067,12164,12151,12152,12069,12154,12155,12156,12069,12068,12068,12069,12557,12086,12087,12087,12088,12557,4801,,,,,,,,,,,,,,,,,,,,
Ferulahs,12381,12043,12043,12043,12043,12043,12043,12043,12043,12043,12048,12048,12048,12048,12048,12048,12048,12048,12048,12050,12050,12050,12080,12080,12080,12062,12062,12064,12152,11411,,,,,,,,,,,,,,,,,,,,
Arvaos,12381,10970,10970,10059,10059,10159,10169,10159,10169,10315,10316,10383,10383,12065,12153,12152,12152,12067,,12069,12557,12069,11411,12086,12557,12086,11411,12087,12557,11412,,,,,,,,,,,,,,,,,,,,
Breathers,12381,10012,10013,10014,10030,10031,10032,10033,10382,10109,10109,,10157,10382,10158,10160,10165,10166,12098,12098,12098,12098,12098,12098,12113,12114,12154,12151,12163,11411,,,,,,,,,,,,,,,,,,,,
Essifaz,11411,11412,12557,12557,12557,12547,12547,12153,12545,12545,12556,12556,12556,12556,12556,12066,12067,12068,12069,12085,12086,12087,12088,12089,,2967,6435,2967,6435,8936,,,,,,,,,,,,,,,,,,,,
Nest Caddet,12098,12098,12098,12098,12098,12098,12098,12098,12098,12098,12100,12100,12100,12100,12100,12100,12100,12100,12100,12100,12072,12072,12072,12072,12072,12072,12072,12072,12072,12151,,,,,,,,,,,,,,,,,,,,
Judge's Illusion,12557,10001,10001,10021,10021,10021,12001,12557,12021,12031,12041,12051,10382,10383,10384,12556,12556,12157,12156,12066,12067,12068,1285,12086,11411,11412,12552,12552,12552,12552,,,,,,,,,,,,,,,,,,,,
Raised Mutated Karkian,12381,12546,,12546,12546,,12550,12550,,12550,12543,12543,,12549,12549,12077,10177,10166,10156,,,12058,12081,11341,12030,,12018,12163,12087,11342,,,,,,,,,,,,,,,,,,,,
Raised Mutated Boss,12381,12086,12546,12546,12087,12549,12549,12088,12549,12550,12550,12550,12012,12012,12069,12067,12075,12075,10006,10014,10112,10061,12557,12557,12152,12155,4051,3051,11363,11413,,,,,,,,,,,,,,,,,,,,
,,,,,,,,,,,,,,,,,,,,,,,,,,,,,,,,,,,,,,,,,,,,,,,,,,
,,,,,,,,,,,,,,,,,,,,,,,,,,,,,,,,,,,,,,,,,,,,,,,,,,
,,,,,,,,,,,,,,,,,,,,,,,,,,,,,,,,,,,,,,,,,,,,,,,,,,
,,,,,,,,,,,,,,,,,,,,,,,,,,,,,,,,,,,,,,,,,,,,,,,,,,
,,,,,,,,,,,,,,,,,,,,,,,,,,,,,,,,,,,,,,,,,,,,,,,,,,
,,,,,,,,,,,,,,,,,,,,,,,,,,,,,,,,,,,,,,,,,,,,,,,,,,
,,,,,,,,,,,,,,,,,,,,,,,,,,,,,,,,,,,,,,,,,,,,,,,,,,
,,,,,,,,,,,,,,,,,,,,,,,,,,,,,,,,,,,,,,,,,,,,,,,,,,
,,,,,,,,,,,,,,,,,,,,,,,,,,,,,,,,,,,,,,,,,,,,,,,,,,
,,,,,,,,,,,,,,,,,,,,,,,,,,,,,,,,,,,,,,,,,,,,,,,,,,
,,,,,,,,,,,,,,,,,,,,,,,,,,,,,,,,,,,,,,,,,,,,,,,,,,
,,,,,,,,,,,,,,,,,,,,,,,,,,,,,,,,,,,,,,,,,,,,,,,,,,
,,,,,,,,,,,,,,,,,,,,,,,,,,,,,,,,,,,,,,,,,,,,,,,,,,
,,,,,,,,,,,,,,,,,,,,,,,,,,,,,,,,,,,,,,,,,,,,,,,,,,
,,,,,,,,,,,,,,,,,,,,,,,,,,,,,,,,,,,,,,,,,,,,,,,,,,
,,,,,,,,,,,,,,,,,,,,,,,,,,,,,,,,,,,,,,,,,,,,,,,,,,
,,,,,,,,,,,,,,,,,,,,,,,,,,,,,,,,,,,,,,,,,,,,,,,,,,
,,,,,,,,,,,,,,,,,,,,,,,,,,,,,,,,,,,,,,,,,,,,,,,,,,
,,,,,,,,,,,,,,,,,,,,,,,,,,,,,,,,,,,,,,,,,,,,,,,,,,
,,,,,,,,,,,,,,,,,,,,,,,,,,,,,,,,,,,,,,,,,,,,,,,,,,
,,,,,,,,,,,,,,,,,,,,,,,,,,,,,,,,,,,,,,,,,,,,,,,,,,
,,,,,,,,,,,,,,,,,,,,,,,,,,,,,,,,,,,,,,,,,,,,,,,,,,
,,,,,,,,,,,,,,,,,,,,,,,,,,,,,,,,,,,,,,,,,,,,,,,,,,
,,,,,,,,,,,,,,,,,,,,,,,,,,,,,,,,,,,,,,,,,,,,,,,,,,
,,,,,,,,,,,,,,,,,,,,,,,,,,,,,,,,,,,,,,,,,,,,,,,,,,
,,,,,,,,,,,,,,,,,,,,,,,,,,,,,,,,,,,,,,,,,,,,,,,,,,
,,,,,,,,,,,,,,,,,,,,,,,,,,,,,,,,,,,,,,,,,,,,,,,,,,
,,,,,,,,,,,,,,,,,,,,,,,,,,,,,,,,,,,,,,,,,,,,,,,,,,
,,,,,,,,,,,,,,,,,,,,,,,,,,,,,,,,,,,,,,,,,,,,,,,,,,
,,,,,,,,,,,,,,,,,,,,,,,,,,,,,,,,,,,,,,,,,,,,,,,,,,
,,,,,,,,,,,,,,,,,,,,,,,,,,,,,,,,,,,,,,,,,,,,,,,,,,
,,,,,,,,,,,,,,,,,,,,,,,,,,,,,,,,,,,,,,,,,,,,,,,,,,
,,,,,,,,,,,,,,,,,,,,,,,,,,,,,,,,,,,,,,,,,,,,,,,,,,
,,,,,,,,,,,,,,,,,,,,,,,,,,,,,,,,,,,,,,,,,,,,,,,,,,
,,,,,,,,,,,,,,,,,,,,,,,,,,,,,,,,,,,,,,,,,,,,,,,,,,
,,,,,,,,,,,,,,,,,,,,,,,,,,,,,,,,,,,,,,,,,,,,,,,,,,
,,,,,,,,,,,,,,,,,,,,,,,,,,,,,,,,,,,,,,,,,,,,,,,,,,
,,,,,,,,,,,,,,,,,,,,,,,,,,,,,,,,,,,,,,,,,,,,,,,,,,
,,,,,,,,,,,,,,,,,,,,,,,,,,,,,,,,,,,,,,,,,,,,,,,,,,
,,,,,,,,,,,,,,,,,,,,,,,,,,,,,,,,,,,,,,,,,,,,,,,,,,
,,,,,,,,,,,,,,,,,,,,,,,,,,,,,,,,,,,,,,,,,,,,,,,,,,
,,,,,,,,,,,,,,,,,,,,,,,,,,,,,,,,,,,,,,,,,,,,,,,,,,
,,,,,,,,,,,,,,,,,,,,,,,,,,,,,,,,,,,,,,,,,,,,,,,,,,
,,,,,,,,,,,,,,,,,,,,,,,,,,,,,,,,,,,,,,,,,,,,,,,,,,
,,,,,,,,,,,,,,,,,,,,,,,,,,,,,,,,,,,,,,,,,,,,,,,,,,
,,,,,,,,,,,,,,,,,,,,,,,,,,,,,,,,,,,,,,,,,,,,,,,,,,
,,,,,,,,,,,,,,,,,,,,,,,,,,,,,,,,,,,,,,,,,,,,,,,,,,
,,,,,,,,,,,,,,,,,,,,,,,,,,,,,,,,,,,,,,,,,,,,,,,,,,
,,,,,,,,,,,,,,,,,,,,,,,,,,,,,,,,,,,,,,,,,,,,,,,,,,
,,,,,,,,,,,,,,,,,,,,,,,,,,,,,,,,,,,,,,,,,,,,,,,,,,
,,,,,,,,,,,,,,,,,,,,,,,,,,,,,,,,,,,,,,,,,,,,,,,,,,
,,,,,,,,,,,,,,,,,,,,,,,,,,,,,,,,,,,,,,,,,,,,,,,,,,
,,,,,,,,,,,,,,,,,,,,,,,,,,,,,,,,,,,,,,,,,,,,,,,,,,
,,,,,,,,,,,,,,,,,,,,,,,,,,,,,,,,,,,,,,,,,,,,,,,,,,
,,,,,,,,,,,,,,,,,,,,,,,,,,,,,,,,,,,,,,,,,,,,,,,,,,
,,,,,,,,,,,,,,,,,,,,,,,,,,,,,,,,,,,,,,,,,,,,,,,,,,
,,,,,,,,,,,,,,,,,,,,,,,,,,,,,,,,,,,,,,,,,,,,,,,,,,
,,,,,,,,,,,,,,,,,,,,,,,,,,,,,,,,,,,,,,,,,,,,,,,,,,
,,,,,,,,,,,,,,,,,,,,,,,,,,,,,,,,,,,,,,,,,,,,,,,,,,
,,,,,,,,,,,,,,,,,,,,,,,,,,,,,,,,,,,,,,,,,,,,,,,,,,
,,,,,,,,,,,,,,,,,,,,,,,,,,,,,,,,,,,,,,,,,,,,,,,,,,
,,,,,,,,,,,,,,,,,,,,,,,,,,,,,,,,,,,,,,,,,,,,,,,,,,
,,,,,,,,,,,,,,,,,,,,,,,,,,,,,,,,,,,,,,,,,,,,,,,,,,
,,,,,,,,,,,,,,,,,,,,,,,,,,,,,,,,,,,,,,,,,,,,,,,,,,
,,,,,,,,,,,,,,,,,,,,,,,,,,,,,,,,,,,,,,,,,,,,,,,,,,
,,,,,,,,,,,,,,,,,,,,,,,,,,,,,,,,,,,,,,,,,,,,,,,,,,
,,,,,,,,,,,,,,,,,,,,,,,,,,,,,,,,,,,,,,,,,,,,,,,,,,
,,,,,,,,,,,,,,,,,,,,,,,,,,,,,,,,,,,,,,,,,,,,,,,,,,
,,,,,,,,,,,,,,,,,,,,,,,,,,,,,,,,,,,,,,,,,,,,,,,,,,
,,,,,,,,,,,,,,,,,,,,,,,,,,,,,,,,,,,,,,,,,,,,,,,,,,
,,,,,,,,,,,,,,,,,,,,,,,,,,,,,,,,,,,,,,,,,,,,,,,,,,
,,,,,,,,,,,,,,,,,,,,,,,,,,,,,,,,,,,,,,,,,,,,,,,,,,
,,,,,,,,,,,,,,,,,,,,,,,,,,,,,,,,,,,,,,,,,,,,,,,,,,
,,,,,,,,,,,,,,,,,,,,,,,,,,,,,,,,,,,,,,,,,,,,,,,,,,
,,,,,,,,,,,,,,,,,,,,,,,,,,,,,,,,,,,,,,,,,,,,,,,,,,
,,,,,,,,,,,,,,,,,,,,,,,,,,,,,,,,,,,,,,,,,,,,,,,,,,
,,,,,,,,,,,,,,,,,,,,,,,,,,,,,,,,,,,,,,,,,,,,,,,,,,
,,,,,,,,,,,,,,,,,,,,,,,,,,,,,,,,,,,,,,,,,,,,,,,,,,
,,,,,,,,,,,,,,,,,,,,,,,,,,,,,,,,,,,,,,,,,,,,,,,,,,
,,,,,,,,,,,,,,,,,,,,,,,,,,,,,,,,,,,,,,,,,,,,,,,,,,
,,,,,,,,,,,,,,,,,,,,,,,,,,,,,,,,,,,,,,,,,,,,,,,,,,
,,,,,,,,,,,,,,,,,,,,,,,,,,,,,,,,,,,,,,,,,,,,,,,,,,
,,,,,,,,,,,,,,,,,,,,,,,,,,,,,,,,,,,,,,,,,,,,,,,,,,
,,,,,,,,,,,,,,,,,,,,,,,,,,,,,,,,,,,,,,,,,,,,,,,,,,
,,,,,,,,,,,,,,,,,,,,,,,,,,,,,,,,,,,,,,,,,,,,,,,,,,
,,,,,,,,,,,,,,,,,,,,,,,,,,,,,,,,,,,,,,,,,,,,,,,,,,
,,,,,,,,,,,,,,,,,,,,,,,,,,,,,,,,,,,,,,,,,,,,,,,,,,
,,,,,,,,,,,,,,,,,,,,,,,,,,,,,,,,,,,,,,,,,,,,,,,,,,
,,,,,,,,,,,,,,,,,,,,,,,,,,,,,,,,,,,,,,,,,,,,,,,,,,
,,,,,,,,,,,,,,,,,,,,,,,,,,,,,,,,,,,,,,,,,,,,,,,,,,
,,,,,,,,,,,,,,,,,,,,,,,,,,,,,,,,,,,,,,,,,,,,,,,,,,
,,,,,,,,,,,,,,,,,,,,,,,,,,,,,,,,,,,,,,,,,,,,,,,,,,
,,,,,,,,,,,,,,,,,,,,,,,,,,,,,,,,,,,,,,,,,,,,,,,,,,
,,,,,,,,,,,,,,,,,,,,,,,,,,,,,,,,,,,,,,,,,,,,,,,,,,
,,,,,,,,,,,,,,,,,,,,,,,,,,,,,,,,,,,,,,,,,,,,,,,,,,
,,,,,,,,,,,,,,,,,,,,,,,,,,,,,,,,,,,,,,,,,,,,,,,,,,
,,,,,,,,,,,,,,,,,,,,,,,,,,,,,,,,,,,,,,,,,,,,,,,,,,
,,,,,,,,,,,,,,,,,,,,,,,,,,,,,,,,,,,,,,,,,,,,,,,,,,
,,,,,,,,,,,,,,,,,,,,,,,,,,,,,,,,,,,,,,,,,,,,,,,,,,
,,,,,,,,,,,,,,,,,,,,,,,,,,,,,,,,,,,,,,,,,,,,,,,,,,
,,,,,,,,,,,,,,,,,,,,,,,,,,,,,,,,,,,,,,,,,,,,,,,,,,
,,,,,,,,,,,,,,,,,,,,,,,,,,,,,,,,,,,,,,,,,,,,,,,,,,
,,,,,,,,,,,,,,,,,,,,,,,,,,,,,,,,,,,,,,,,,,,,,,,,,,
,,,,,,,,,,,,,,,,,,,,,,,,,,,,,,,,,,,,,,,,,,,,,,,,,,
,,,,,,,,,,,,,,,,,,,,,,,,,,,,,,,,,,,,,,,,,,,,,,,,,,
,,,,,,,,,,,,,,,,,,,,,,,,,,,,,,,,,,,,,,,,,,,,,,,,,,
,,,,,,,,,,,,,,,,,,,,,,,,,,,,,,,,,,,,,,,,,,,,,,,,,,
,,,,,,,,,,,,,,,,,,,,,,,,,,,,,,,,,,,,,,,,,,,,,,,,,,
,,,,,,,,,,,,,,,,,,,,,,,,,,,,,,,,,,,,,,,,,,,,,,,,,,
,,,,,,,,,,,,,,,,,,,,,,,,,,,,,,,,,,,,,,,,,,,,,,,,,,
,,,,,,,,,,,,,,,,,,,,,,,,,,,,,,,,,,,,,,,,,,,,,,,,,,
,,,,,,,,,,,,,,,,,,,,,,,,,,,,,,,,,,,,,,,,,,,,,,,,,,
,,,,,,,,,,,,,,,,,,,,,,,,,,,,,,,,,,,,,,,,,,,,,,,,,,
,,,,,,,,,,,,,,,,,,,,,,,,,,,,,,,,,,,,,,,,,,,,,,,,,,
,,,,,,,,,,,,,,,,,,,,,,,,,,,,,,,,,,,,,,,,,,,,,,,,,,
,,,,,,,,,,,,,,,,,,,,,,,,,,,,,,,,,,,,,,,,,,,,,,,,,,
,,,,,,,,,,,,,,,,,,,,,,,,,,,,,,,,,,,,,,,,,,,,,,,,,,
,,,,,,,,,,,,,,,,,,,,,,,,,,,,,,,,,,,,,,,,,,,,,,,,,,
,,,,,,,,,,,,,,,,,,,,,,,,,,,,,,,,,,,,,,,,,,,,,,,,,,
,,,,,,,,,,,,,,,,,,,,,,,,,,,,,,,,,,,,,,,,,,,,,,,,,,
,,,,,,,,,,,,,,,,,,,,,,,,,,,,,,,,,,,,,,,,,,,,,,,,,,
,,,,,,,,,,,,,,,,,,,,,,,,,,,,,,,,,,,,,,,,,,,,,,,,,,
,,,,,,,,,,,,,,,,,,,,,,,,,,,,,,,,,,,,,,,,,,,,,,,,,,
,,,,,,,,,,,,,,,,,,,,,,,,,,,,,,,,,,,,,,,,,,,,,,,,,,
,,,,,,,,,,,,,,,,,,,,,,,,,,,,,,,,,,,,,,,,,,,,,,,,,,
,,,,,,,,,,,,,,,,,,,,,,,,,,,,,,,,,,,,,,,,,,,,,,,,,,
,,,,,,,,,,,,,,,,,,,,,,,,,,,,,,,,,,,,,,,,,,,,,,,,,,
,,,,,,,,,,,,,,,,,,,,,,,,,,,,,,,,,,,,,,,,,,,,,,,,,,
,,,,,,,,,,,,,,,,,,,,,,,,,,,,,,,,,,,,,,,,,,,,,,,,,,
,,,,,,,,,,,,,,,,,,,,,,,,,,,,,,,,,,,,,,,,,,,,,,,,,,
,,,,,,,,,,,,,,,,,,,,,,,,,,,,,,,,,,,,,,,,,,,,,,,,,,
,,,,,,,,,,,,,,,,,,,,,,,,,,,,,,,,,,,,,,,,,,,,,,,,,,
,,,,,,,,,,,,,,,,,,,,,,,,,,,,,,,,,,,,,,,,,,,,,,,,,,
,,,,,,,,,,,,,,,,,,,,,,,,,,,,,,,,,,,,,,,,,,,,,,,,,,
,,,,,,,,,,,,,,,,,,,,,,,,,,,,,,,,,,,,,,,,,,,,,,,,,,
,,,,,,,,,,,,,,,,,,,,,,,,,,,,,,,,,,,,,,,,,,,,,,,,,,
,,,,,,,,,,,,,,,,,,,,,,,,,,,,,,,,,,,,,,,,,,,,,,,,,,
,,,,,,,,,,,,,,,,,,,,,,,,,,,,,,,,,,,,,,,,,,,,,,,,,,
,,,,,,,,,,,,,,,,,,,,,,,,,,,,,,,,,,,,,,,,,,,,,,,,,,
,,,,,,,,,,,,,,,,,,,,,,,,,,,,,,,,,,,,,,,,,,,,,,,,,,
,,,,,,,,,,,,,,,,,,,,,,,,,,,,,,,,,,,,,,,,,,,,,,,,,,
,,,,,,,,,,,,,,,,,,,,,,,,,,,,,,,,,,,,,,,,,,,,,,,,,,
,,,,,,,,,,,,,,,,,,,,,,,,,,,,,,,,,,,,,,,,,,,,,,,,,,
,,,,,,,,,,,,,,,,,,,,,,,,,,,,,,,,,,,,,,,,,,,,,,,,,,
,,,,,,,,,,,,,,,,,,,,,,,,,,,,,,,,,,,,,,,,,,,,,,,,,,
,,,,,,,,,,,,,,,,,,,,,,,,,,,,,,,,,,,,,,,,,,,,,,,,,,
,,,,,,,,,,,,,,,,,,,,,,,,,,,,,,,,,,,,,,,,,,,,,,,,,,
,,,,,,,,,,,,,,,,,,,,,,,,,,,,,,,,,,,,,,,,,,,,,,,,,,
,,,,,,,,,,,,,,,,,,,,,,,,,,,,,,,,,,,,,,,,,,,,,,,,,,
,,,,,,,,,,,,,,,,,,,,,,,,,,,,,,,,,,,,,,,,,,,,,,,,,,
,,,,,,,,,,,,,,,,,,,,,,,,,,,,,,,,,,,,,,,,,,,,,,,,,,
,,,,,,,,,,,,,,,,,,,,,,,,,,,,,,,,,,,,,,,,,,,,,,,,,,
,,,,,,,,,,,,,,,,,,,,,,,,,,,,,,,,,,,,,,,,,,,,,,,,,,
,,,,,,,,,,,,,,,,,,,,,,,,,,,,,,,,,,,,,,,,,,,,,,,,,,
,,,,,,,,,,,,,,,,,,,,,,,,,,,,,,,,,,,,,,,,,,,,,,,,,,
,,,,,,,,,,,,,,,,,,,,,,,,,,,,,,,,,,,,,,,,,,,,,,,,,,
,,,,,,,,,,,,,,,,,,,,,,,,,,,,,,,,,,,,,,,,,,,,,,,,,,
,,,,,,,,,,,,,,,,,,,,,,,,,,,,,,,,,,,,,,,,,,,,,,,,,,
,,,,,,,,,,,,,,,,,,,,,,,,,,,,,,,,,,,,,,,,,,,,,,,,,,
,,,,,,,,,,,,,,,,,,,,,,,,,,,,,,,,,,,,,,,,,,,,,,,,,,
,,,,,,,,,,,,,,,,,,,,,,,,,,,,,,,,,,,,,,,,,,,,,,,,,,
,,,,,,,,,,,,,,,,,,,,,,,,,,,,,,,,,,,,,,,,,,,,,,,,,,
,,,,,,,,,,,,,,,,,,,,,,,,,,,,,,,,,,,,,,,,,,,,,,,,,,
,,,,,,,,,,,,,,,,,,,,,,,,,,,,,,,,,,,,,,,,,,,,,,,,,,
,,,,,,,,,,,,,,,,,,,,,,,,,,,,,,,,,,,,,,,,,,,,,,,,,,
,,,,,,,,,,,,,,,,,,,,,,,,,,,,,,,,,,,,,,,,,,,,,,,,,,
,,,,,,,,,,,,,,,,,,,,,,,,,,,,,,,,,,,,,,,,,,,,,,,,,,
,,,,,,,,,,,,,,,,,,,,,,,,,,,,,,,,,,,,,,,,,,,,,,,,,,
,,,,,,,,,,,,,,,,,,,,,,,,,,,,,,,,,,,,,,,,,,,,,,,,,,
,,,,,,,,,,,,,,,,,,,,,,,,,,,,,,,,,,,,,,,,,,,,,,,,,,
,,,,,,,,,,,,,,,,,,,,,,,,,,,,,,,,,,,,,,,,,,,,,,,,,,
,,,,,,,,,,,,,,,,,,,,,,,,,,,,,,,,,,,,,,,,,,,,,,,,,,
,,,,,,,,,,,,,,,,,,,,,,,,,,,,,,,,,,,,,,,,,,,,,,,,,,
,,,,,,,,,,,,,,,,,,,,,,,,,,,,,,,,,,,,,,,,,,,,,,,,,,
,,,,,,,,,,,,,,,,,,,,,,,,,,,,,,,,,,,,,,,,,,,,,,,,,,
,,,,,,,,,,,,,,,,,,,,,,,,,,,,,,,,,,,,,,,,,,,,,,,,,,
,,,,,,,,,,,,,,,,,,,,,,,,,,,,,,,,,,,,,,,,,,,,,,,,,,
,,,,,,,,,,,,,,,,,,,,,,,,,,,,,,,,,,,,,,,,,,,,,,,,,,
,,,,,,,,,,,,,,,,,,,,,,,,,,,,,,,,,,,,,,,,,,,,,,,,,,
,,,,,,,,,,,,,,,,,,,,,,,,,,,,,,,,,,,,,,,,,,,,,,,,,,
,,,,,,,,,,,,,,,,,,,,,,,,,,,,,,,,,,,,,,,,,,,,,,,,,,
,,,,,,,,,,,,,,,,,,,,,,,,,,,,,,,,,,,,,,,,,,,,,,,,,,
,,,,,,,,,,,,,,,,,,,,,,,,,,,,,,,,,,,,,,,,,,,,,,,,,,
,,,,,,,,,,,,,,,,,,,,,,,,,,,,,,,,,,,,,,,,,,,,,,,,,,
,,,,,,,,,,,,,,,,,,,,,,,,,,,,,,,,,,,,,,,,,,,,,,,,,,
,,,,,,,,,,,,,,,,,,,,,,,,,,,,,,,,,,,,,,,,,,,,,,,,,,
,,,,,,,,,,,,,,,,,,,,,,,,,,,,,,,,,,,,,,,,,,,,,,,,,,
,,,,,,,,,,,,,,,,,,,,,,,,,,,,,,,,,,,,,,,,,,,,,,,,,,
,,,,,,,,,,,,,,,,,,,,,,,,,,,,,,,,,,,,,,,,,,,,,,,,,,
,,,,,,,,,,,,,,,,,,,,,,,,,,,,,,,,,,,,,,,,,,,,,,,,,,
,,,,,,,,,,,,,,,,,,,,,,,,,,,,,,,,,,,,,,,,,,,,,,,,,,
,,,,,,,,,,,,,,,,,,,,,,,,,,,,,,,,,,,,,,,,,,,,,,,,,,
,,,,,,,,,,,,,,,,,,,,,,,,,,,,,,,,,,,,,,,,,,,,,,,,,,
,,,,,,,,,,,,,,,,,,,,,,,,,,,,,,,,,,,,,,,,,,,,,,,,,,
,,,,,,,,,,,,,,,,,,,,,,,,,,,,,,,,,,,,,,,,,,,,,,,,,,
,,,,,,,,,,,,,,,,,,,,,,,,,,,,,,,,,,,,,,,,,,,,,,,,,,
,,,,,,,,,,,,,,,,,,,,,,,,,,,,,,,,,,,,,,,,,,,,,,,,,,
,,,,,,,,,,,,,,,,,,,,,,,,,,,,,,,,,,,,,,,,,,,,,,,,,,
,,,,,,,,,,,,,,,,,,,,,,,,,,,,,,,,,,,,,,,,,,,,,,,,,,
,,,,,,,,,,,,,,,,,,,,,,,,,,,,,,,,,,,,,,,,,,,,,,,,,,
,,,,,,,,,,,,,,,,,,,,,,,,,,,,,,,,,,,,,,,,,,,,,,,,,,
,,,,,,,,,,,,,,,,,,,,,,,,,,,,,,,,,,,,,,,,,,,,,,,,,,
,,,,,,,,,,,,,,,,,,,,,,,,,,,,,,,,,,,,,,,,,,,,,,,,,,
,,,,,,,,,,,,,,,,,,,,,,,,,,,,,,,,,,,,,,,,,,,,,,,,,,
,,,,,,,,,,,,,,,,,,,,,,,,,,,,,,,,,,,,,,,,,,,,,,,,,,
,,,,,,,,,,,,,,,,,,,,,,,,,,,,,,,,,,,,,,,,,,,,,,,,,,
,,,,,,,,,,,,,,,,,,,,,,,,,,,,,,,,,,,,,,,,,,,,,,,,,,
,,,,,,,,,,,,,,,,,,,,,,,,,,,,,,,,,,,,,,,,,,,,,,,,,,
,,,,,,,,,,,,,,,,,,,,,,,,,,,,,,,,,,,,,,,,,,,,,,,,,,
,,,,,,,,,,,,,,,,,,,,,,,,,,,,,,,,,,,,,,,,,,,,,,,,,,
,,,,,,,,,,,,,,,,,,,,,,,,,,,,,,,,,,,,,,,,,,,,,,,,,,
,,,,,,,,,,,,,,,,,,,,,,,,,,,,,,,,,,,,,,,,,,,,,,,,,,
,,,,,,,,,,,,,,,,,,,,,,,,,,,,,,,,,,,,,,,,,,,,,,,,,,
,,,,,,,,,,,,,,,,,,,,,,,,,,,,,,,,,,,,,,,,,,,,,,,,,,
,,,,,,,,,,,,,,,,,,,,,,,,,,,,,,,,,,,,,,,,,,,,,,,,,,
,,,,,,,,,,,,,,,,,,,,,,,,,,,,,,,,,,,,,,,,,,,,,,,,,,
,,,,,,,,,,,,,,,,,,,,,,,,,,,,,,,,,,,,,,,,,,,,,,,,,,
,,,,,,,,,,,,,,,,,,,,,,,,,,,,,,,,,,,,,,,,,,,,,,,,,,
,,,,,,,,,,,,,,,,,,,,,,,,,,,,,,,,,,,,,,,,,,,,,,,,,,
,,,,,,,,,,,,,,,,,,,,,,,,,,,,,,,,,,,,,,,,,,,,,,,,,,
,,,,,,,,,,,,,,,,,,,,,,,,,,,,,,,,,,,,,,,,,,,,,,,,,,
,,,,,,,,,,,,,,,,,,,,,,,,,,,,,,,,,,,,,,,,,,,,,,,,,,
,,,,,,,,,,,,,,,,,,,,,,,,,,,,,,,,,,,,,,,,,,,,,,,,,,
,,,,,,,,,,,,,,,,,,,,,,,,,,,,,,,,,,,,,,,,,,,,,,,,,,
,,,,,,,,,,,,,,,,,,,,,,,,,,,,,,,,,,,,,,,,,,,,,,,,,,
,,,,,,,,,,,,,,,,,,,,,,,,,,,,,,,,,,,,,,,,,,,,,,,,,,
,,,,,,,,,,,,,,,,,,,,,,,,,,,,,,,,,,,,,,,,,,,,,,,,,,
,,,,,,,,,,,,,,,,,,,,,,,,,,,,,,,,,,,,,,,,,,,,,,,,,,
,,,,,,,,,,,,,,,,,,,,,,,,,,,,,,,,,,,,,,,,,,,,,,,,,,
,,,,,,,,,,,,,,,,,,,,,,,,,,,,,,,,,,,,,,,,,,,,,,,,,,
,,,,,,,,,,,,,,,,,,,,,,,,,,,,,,,,,,,,,,,,,,,,,,,,,,
,,,,,,,,,,,,,,,,,,,,,,,,,,,,,,,,,,,,,,,,,,,,,,,,,,
,,,,,,,,,,,,,,,,,,,,,,,,,,,,,,,,,,,,,,,,,,,,,,,,,,
,,,,,,,,,,,,,,,,,,,,,,,,,,,,,,,,,,,,,,,,,,,,,,,,,,
,,,,,,,,,,,,,,,,,,,,,,,,,,,,,,,,,,,,,,,,,,,,,,,,,,
,,,,,,,,,,,,,,,,,,,,,,,,,,,,,,,,,,,,,,,,,,,,,,,,,,
,,,,,,,,,,,,,,,,,,,,,,,,,,,,,,,,,,,,,,,,,,,,,,,,,,
,,,,,,,,,,,,,,,,,,,,,,,,,,,,,,,,,,,,,,,,,,,,,,,,,,
,,,,,,,,,,,,,,,,,,,,,,,,,,,,,,,,,,,,,,,,,,,,,,,,,,
,,,,,,,,,,,,,,,,,,,,,,,,,,,,,,,,,,,,,,,,,,,,,,,,,,
,,,,,,,,,,,,,,,,,,,,,,,,,,,,,,,,,,,,,,,,,,,,,,,,,,
,,,,,,,,,,,,,,,,,,,,,,,,,,,,,,,,,,,,,,,,,,,,,,,,,,
,,,,,,,,,,,,,,,,,,,,,,,,,,,,,,,,,,,,,,,,,,,,,,,,,,
,,,,,,,,,,,,,,,,,,,,,,,,,,,,,,,,,,,,,,,,,,,,,,,,,,
,,,,,,,,,,,,,,,,,,,,,,,,,,,,,,,,,,,,,,,,,,,,,,,,,,
,,,,,,,,,,,,,,,,,,,,,,,,,,,,,,,,,,,,,,,,,,,,,,,,,,
,,,,,,,,,,,,,,,,,,,,,,,,,,,,,,,,,,,,,,,,,,,,,,,,,,
,,,,,,,,,,,,,,,,,,,,,,,,,,,,,,,,,,,,,,,,,,,,,,,,,,
,,,,,,,,,,,,,,,,,,,,,,,,,,,,,,,,,,,,,,,,,,,,,,,,,,
,,,,,,,,,,,,,,,,,,,,,,,,,,,,,,,,,,,,,,,,,,,,,,,,,,
,,,,,,,,,,,,,,,,,,,,,,,,,,,,,,,,,,,,,,,,,,,,,,,,,,
,,,,,,,,,,,,,,,,,,,,,,,,,,,,,,,,,,,,,,,,,,,,,,,,,,
,,,,,,,,,,,,,,,,,,,,,,,,,,,,,,,,,,,,,,,,,,,,,,,,,,
,,,,,,,,,,,,,,,,,,,,,,,,,,,,,,,,,,,,,,,,,,,,,,,,,,
,,,,,,,,,,,,,,,,,,,,,,,,,,,,,,,,,,,,,,,,,,,,,,,,,,
,,,,,,,,,,,,,,,,,,,,,,,,,,,,,,,,,,,,,,,,,,,,,,,,,,
,,,,,,,,,,,,,,,,,,,,,,,,,,,,,,,,,,,,,,,,,,,,,,,,,,
,,,,,,,,,,,,,,,,,,,,,,,,,,,,,,,,,,,,,,,,,,,,,,,,,,
,,,,,,,,,,,,,,,,,,,,,,,,,,,,,,,,,,,,,,,,,,,,,,,,,,
,,,,,,,,,,,,,,,,,,,,,,,,,,,,,,,,,,,,,,,,,,,,,,,,,,
,,,,,,,,,,,,,,,,,,,,,,,,,,,,,,,,,,,,,,,,,,,,,,,,,,
,,,,,,,,,,,,,,,,,,,,,,,,,,,,,,,,,,,,,,,,,,,,,,,,,,
,,,,,,,,,,,,,,,,,,,,,,,,,,,,,,,,,,,,,,,,,,,,,,,,,,
,,,,,,,,,,,,,,,,,,,,,,,,,,,,,,,,,,,,,,,,,,,,,,,,,,
,,,,,,,,,,,,,,,,,,,,,,,,,,,,,,,,,,,,,,,,,,,,,,,,,,
,,,,,,,,,,,,,,,,,,,,,,,,,,,,,,,,,,,,,,,,,,,,,,,,,,
,,,,,,,,,,,,,,,,,,,,,,,,,,,,,,,,,,,,,,,,,,,,,,,,,,
,,,,,,,,,,,,,,,,,,,,,,,,,,,,,,,,,,,,,,,,,,,,,,,,,,
,,,,,,,,,,,,,,,,,,,,,,,,,,,,,,,,,,,,,,,,,,,,,,,,,,
,,,,,,,,,,,,,,,,,,,,,,,,,,,,,,,,,,,,,,,,,,,,,,,,,,
,,,,,,,,,,,,,,,,,,,,,,,,,,,,,,,,,,,,,,,,,,,,,,,,,,
,,,,,,,,,,,,,,,,,,,,,,,,,,,,,,,,,,,,,,,,,,,,,,,,,,
,,,,,,,,,,,,,,,,,,,,,,,,,,,,,,,,,,,,,,,,,,,,,,,,,,
,,,,,,,,,,,,,,,,,,,,,,,,,,,,,,,,,,,,,,,,,,,,,,,,,,
,,,,,,,,,,,,,,,,,,,,,,,,,,,,,,,,,,,,,,,,,,,,,,,,,,
,,,,,,,,,,,,,,,,,,,,,,,,,,,,,,,,,,,,,,,,,,,,,,,,,,
,,,,,,,,,,,,,,,,,,,,,,,,,,,,,,,,,,,,,,,,,,,,,,,,,,
,,,,,,,,,,,,,,,,,,,,,,,,,,,,,,,,,,,,,,,,,,,,,,,,,,
,,,,,,,,,,,,,,,,,,,,,,,,,,,,,,,,,,,,,,,,,,,,,,,,,,
,,,,,,,,,,,,,,,,,,,,,,,,,,,,,,,,,,,,,,,,,,,,,,,,,,
,,,,,,,,,,,,,,,,,,,,,,,,,,,,,,,,,,,,,,,,,,,,,,,,,,
,,,,,,,,,,,,,,,,,,,,,,,,,,,,,,,,,,,,,,,,,,,,,,,,,,
,,,,,,,,,,,,,,,,,,,,,,,,,,,,,,,,,,,,,,,,,,,,,,,,,,
,,,,,,,,,,,,,,,,,,,,,,,,,,,,,,,,,,,,,,,,,,,,,,,,,,
,,,,,,,,,,,,,,,,,,,,,,,,,,,,,,,,,,,,,,,,,,,,,,,,,,
,,,,,,,,,,,,,,,,,,,,,,,,,,,,,,,,,,,,,,,,,,,,,,,,,,
,,,,,,,,,,,,,,,,,,,,,,,,,,,,,,,,,,,,,,,,,,,,,,,,,,
,,,,,,,,,,,,,,,,,,,,,,,,,,,,,,,,,,,,,,,,,,,,,,,,,,
,,,,,,,,,,,,,,,,,,,,,,,,,,,,,,,,,,,,,,,,,,,,,,,,,,
,,,,,,,,,,,,,,,,,,,,,,,,,,,,,,,,,,,,,,,,,,,,,,,,,,
,,,,,,,,,,,,,,,,,,,,,,,,,,,,,,,,,,,,,,,,,,,,,,,,,,
,,,,,,,,,,,,,,,,,,,,,,,,,,,,,,,,,,,,,,,,,,,,,,,,,,
,,,,,,,,,,,,,,,,,,,,,,,,,,,,,,,,,,,,,,,,,,,,,,,,,,
,,,,,,,,,,,,,,,,,,,,,,,,,,,,,,,,,,,,,,,,,,,,,,,,,,
,,,,,,,,,,,,,,,,,,,,,,,,,,,,,,,,,,,,,,,,,,,,,,,,,,
,,,,,,,,,,,,,,,,,,,,,,,,,,,,,,,,,,,,,,,,,,,,,,,,,,
,,,,,,,,,,,,,,,,,,,,,,,,,,,,,,,,,,,,,,,,,,,,,,,,,,
,,,,,,,,,,,,,,,,,,,,,,,,,,,,,,,,,,,,,,,,,,,,,,,,,,
,,,,,,,,,,,,,,,,,,,,,,,,,,,,,,,,,,,,,,,,,,,,,,,,,,
,,,,,,,,,,,,,,,,,,,,,,,,,,,,,,,,,,,,,,,,,,,,,,,,,,
,,,,,,,,,,,,,,,,,,,,,,,,,,,,,,,,,,,,,,,,,,,,,,,,,,
,,,,,,,,,,,,,,,,,,,,,,,,,,,,,,,,,,,,,,,,,,,,,,,,,,
,,,,,,,,,,,,,,,,,,,,,,,,,,,,,,,,,,,,,,,,,,,,,,,,,,
,,,,,,,,,,,,,,,,,,,,,,,,,,,,,,,,,,,,,,,,,,,,,,,,,,
,,,,,,,,,,,,,,,,,,,,,,,,,,,,,,,,,,,,,,,,,,,,,,,,,,
,,,,,,,,,,,,,,,,,,,,,,,,,,,,,,,,,,,,,,,,,,,,,,,,,,
,,,,,,,,,,,,,,,,,,,,,,,,,,,,,,,,,,,,,,,,,,,,,,,,,,
,,,,,,,,,,,,,,,,,,,,,,,,,,,,,,,,,,,,,,,,,,,,,,,,,,
,,,,,,,,,,,,,,,,,,,,,,,,,,,,,,,,,,,,,,,,,,,,,,,,,,
,,,,,,,,,,,,,,,,,,,,,,,,,,,,,,,,,,,,,,,,,,,,,,,,,,
,,,,,,,,,,,,,,,,,,,,,,,,,,,,,,,,,,,,,,,,,,,,,,,,,,
,,,,,,,,,,,,,,,,,,,,,,,,,,,,,,,,,,,,,,,,,,,,,,,,,,
,,,,,,,,,,,,,,,,,,,,,,,,,,,,,,,,,,,,,,,,,,,,,,,,,,
,,,,,,,,,,,,,,,,,,,,,,,,,,,,,,,,,,,,,,,,,,,,,,,,,,
,,,,,,,,,,,,,,,,,,,,,,,,,,,,,,,,,,,,,,,,,,,,,,,,,,
,,,,,,,,,,,,,,,,,,,,,,,,,,,,,,,,,,,,,,,,,,,,,,,,,,
,,,,,,,,,,,,,,,,,,,,,,,,,,,,,,,,,,,,,,,,,,,,,,,,,,
,,,,,,,,,,,,,,,,,,,,,,,,,,,,,,,,,,,,,,,,,,,,,,,,,,
,,,,,,,,,,,,,,,,,,,,,,,,,,,,,,,,,,,,,,,,,,,,,,,,,,
,,,,,,,,,,,,,,,,,,,,,,,,,,,,,,,,,,,,,,,,,,,,,,,,,,
,,,,,,,,,,,,,,,,,,,,,,,,,,,,,,,,,,,,,,,,,,,,,,,,,,
,,,,,,,,,,,,,,,,,,,,,,,,,,,,,,,,,,,,,,,,,,,,,,,,,,
,,,,,,,,,,,,,,,,,,,,,,,,,,,,,,,,,,,,,,,,,,,,,,,,,,
,,,,,,,,,,,,,,,,,,,,,,,,,,,,,,,,,,,,,,,,,,,,,,,,,,
,,,,,,,,,,,,,,,,,,,,,,,,,,,,,,,,,,,,,,,,,,,,,,,,,,
,,,,,,,,,,,,,,,,,,,,,,,,,,,,,,,,,,,,,,,,,,,,,,,,,,
,,,,,,,,,,,,,,,,,,,,,,,,,,,,,,,,,,,,,,,,,,,,,,,,,,
,,,,,,,,,,,,,,,,,,,,,,,,,,,,,,,,,,,,,,,,,,,,,,,,,,
,,,,,,,,,,,,,,,,,,,,,,,,,,,,,,,,,,,,,,,,,,,,,,,,,,
,,,,,,,,,,,,,,,,,,,,,,,,,,,,,,,,,,,,,,,,,,,,,,,,,,
,,,,,,,,,,,,,,,,,,,,,,,,,,,,,,,,,,,,,,,,,,,,,,,,,,
,,,,,,,,,,,,,,,,,,,,,,,,,,,,,,,,,,,,,,,,,,,,,,,,,,
,,,,,,,,,,,,,,,,,,,,,,,,,,,,,,,,,,,,,,,,,,,,,,,,,,
,,,,,,,,,,,,,,,,,,,,,,,,,,,,,,,,,,,,,,,,,,,,,,,,,,
,,,,,,,,,,,,,,,,,,,,,,,,,,,,,,,,,,,,,,,,,,,,,,,,,,
,,,,,,,,,,,,,,,,,,,,,,,,,,,,,,,,,,,,,,,,,,,,,,,,,,
,,,,,,,,,,,,,,,,,,,,,,,,,,,,,,,,,,,,,,,,,,,,,,,,,,
,,,,,,,,,,,,,,,,,,,,,,,,,,,,,,,,,,,,,,,,,,,,,,,,,,
,,,,,,,,,,,,,,,,,,,,,,,,,,,,,,,,,,,,,,,,,,,,,,,,,,
,,,,,,,,,,,,,,,,,,,,,,,,,,,,,,,,,,,,,,,,,,,,,,,,,,
,,,,,,,,,,,,,,,,,,,,,,,,,,,,,,,,,,,,,,,,,,,,,,,,,,
,,,,,,,,,,,,,,,,,,,,,,,,,,,,,,,,,,,,,,,,,,,,,,,,,,
,,,,,,,,,,,,,,,,,,,,,,,,,,,,,,,,,,,,,,,,,,,,,,,,,,
,,,,,,,,,,,,,,,,,,,,,,,,,,,,,,,,,,,,,,,,,,,,,,,,,,
,,,,,,,,,,,,,,,,,,,,,,,,,,,,,,,,,,,,,,,,,,,,,,,,,,
,,,,,,,,,,,,,,,,,,,,,,,,,,,,,,,,,,,,,,,,,,,,,,,,,,
,,,,,,,,,,,,,,,,,,,,,,,,,,,,,,,,,,,,,,,,,,,,,,,,,,
,,,,,,,,,,,,,,,,,,,,,,,,,,,,,,,,,,,,,,,,,,,,,,,,,,
,,,,,,,,,,,,,,,,,,,,,,,,,,,,,,,,,,,,,,,,,,,,,,,,,,
,,,,,,,,,,,,,,,,,,,,,,,,,,,,,,,,,,,,,,,,,,,,,,,,,,
,,,,,,,,,,,,,,,,,,,,,,,,,,,,,,,,,,,,,,,,,,,,,,,,,,
,,,,,,,,,,,,,,,,,,,,,,,,,,,,,,,,,,,,,,,,,,,,,,,,,,
,,,,,,,,,,,,,,,,,,,,,,,,,,,,,,,,,,,,,,,,,,,,,,,,,,
,,,,,,,,,,,,,,,,,,,,,,,,,,,,,,,,,,,,,,,,,,,,,,,,,,
,,,,,,,,,,,,,,,,,,,,,,,,,,,,,,,,,,,,,,,,,,,,,,,,,,
,,,,,,,,,,,,,,,,,,,,,,,,,,,,,,,,,,,,,,,,,,,,,,,,,,
,,,,,,,,,,,,,,,,,,,,,,,,,,,,,,,,,,,,,,,,,,,,,,,,,,
,,,,,,,,,,,,,,,,,,,,,,,,,,,,,,,,,,,,,,,,,,,,,,,,,,
,,,,,,,,,,,,,,,,,,,,,,,,,,,,,,,,,,,,,,,,,,,,,,,,,,
,,,,,,,,,,,,,,,,,,,,,,,,,,,,,,,,,,,,,,,,,,,,,,,,,,
,,,,,,,,,,,,,,,,,,,,,,,,,,,,,,,,,,,,,,,,,,,,,,,,,,
,,,,,,,,,,,,,,,,,,,,,,,,,,,,,,,,,,,,,,,,,,,,,,,,,,
,,,,,,,,,,,,,,,,,,,,,,,,,,,,,,,,,,,,,,,,,,,,,,,,,,
,,,,,,,,,,,,,,,,,,,,,,,,,,,,,,,,,,,,,,,,,,,,,,,,,,
,,,,,,,,,,,,,,,,,,,,,,,,,,,,,,,,,,,,,,,,,,,,,,,,,,
,,,,,,,,,,,,,,,,,,,,,,,,,,,,,,,,,,,,,,,,,,,,,,,,,,
,,,,,,,,,,,,,,,,,,,,,,,,,,,,,,,,,,,,,,,,,,,,,,,,,,
,,,,,,,,,,,,,,,,,,,,,,,,,,,,,,,,,,,,,,,,,,,,,,,,,,
,,,,,,,,,,,,,,,,,,,,,,,,,,,,,,,,,,,,,,,,,,,,,,,,,,
,,,,,,,,,,,,,,,,,,,,,,,,,,,,,,,,,,,,,,,,,,,,,,,,,,
,,,,,,,,,,,,,,,,,,,,,,,,,,,,,,,,,,,,,,,,,,,,,,,,,,
,,,,,,,,,,,,,,,,,,,,,,,,,,,,,,,,,,,,,,,,,,,,,,,,,,
,,,,,,,,,,,,,,,,,,,,,,,,,,,,,,,,,,,,,,,,,,,,,,,,,,
,,,,,,,,,,,,,,,,,,,,,,,,,,,,,,,,,,,,,,,,,,,,,,,,,,
,,,,,,,,,,,,,,,,,,,,,,,,,,,,,,,,,,,,,,,,,,,,,,,,,,
,,,,,,,,,,,,,,,,,,,,,,,,,,,,,,,,,,,,,,,,,,,,,,,,,,
,,,,,,,,,,,,,,,,,,,,,,,,,,,,,,,,,,,,,,,,,,,,,,,,,,
,,,,,,,,,,,,,,,,,,,,,,,,,,,,,,,,,,,,,,,,,,,,,,,,,,
,,,,,,,,,,,,,,,,,,,,,,,,,,,,,,,,,,,,,,,,,,,,,,,,,,
,,,,,,,,,,,,,,,,,,,,,,,,,,,,,,,,,,,,,,,,,,,,,,,,,,
,,,,,,,,,,,,,,,,,,,,,,,,,,,,,,,,,,,,,,,,,,,,,,,,,,
,,,,,,,,,,,,,,,,,,,,,,,,,,,,,,,,,,,,,,,,,,,,,,,,,,
,,,,,,,,,,,,,,,,,,,,,,,,,,,,,,,,,,,,,,,,,,,,,,,,,,
,,,,,,,,,,,,,,,,,,,,,,,,,,,,,,,,,,,,,,,,,,,,,,,,,,
,,,,,,,,,,,,,,,,,,,,,,,,,,,,,,,,,,,,,,,,,,,,,,,,,,
,,,,,,,,,,,,,,,,,,,,,,,,,,,,,,,,,,,,,,,,,,,,,,,,,,
,,,,,,,,,,,,,,,,,,,,,,,,,,,,,,,,,,,,,,,,,,,,,,,,,,
,,,,,,,,,,,,,,,,,,,,,,,,,,,,,,,,,,,,,,,,,,,,,,,,,,
,,,,,,,,,,,,,,,,,,,,,,,,,,,,,,,,,,,,,,,,,,,,,,,,,,
,,,,,,,,,,,,,,,,,,,,,,,,,,,,,,,,,,,,,,,,,,,,,,,,,,
,,,,,,,,,,,,,,,,,,,,,,,,,,,,,,,,,,,,,,,,,,,,,,,,,,
,,,,,,,,,,,,,,,,,,,,,,,,,,,,,,,,,,,,,,,,,,,,,,,,,,
,,,,,,,,,,,,,,,,,,,,,,,,,,,,,,,,,,,,,,,,,,,,,,,,,,
,,,,,,,,,,,,,,,,,,,,,,,,,,,,,,,,,,,,,,,,,,,,,,,,,,
,,,,,,,,,,,,,,,,,,,,,,,,,,,,,,,,,,,,,,,,,,,,,,,,,,
,,,,,,,,,,,,,,,,,,,,,,,,,,,,,,,,,,,,,,,,,,,,,,,,,,
,,,,,,,,,,,,,,,,,,,,,,,,,,,,,,,,,,,,,,,,,,,,,,,,,,
,,,,,,,,,,,,,,,,,,,,,,,,,,,,,,,,,,,,,,,,,,,,,,,,,,
,,,,,,,,,,,,,,,,,,,,,,,,,,,,,,,,,,,,,,,,,,,,,,,,,,
,,,,,,,,,,,,,,,,,,,,,,,,,,,,,,,,,,,,,,,,,,,,,,,,,,
,,,,,,,,,,,,,,,,,,,,,,,,,,,,,,,,,,,,,,,,,,,,,,,,,,
,,,,,,,,,,,,,,,,,,,,,,,,,,,,,,,,,,,,,,,,,,,,,,,,,,
,,,,,,,,,,,,,,,,,,,,,,,,,,,,,,,,,,,,,,,,,,,,,,,,,,
,,,,,,,,,,,,,,,,,,,,,,,,,,,,,,,,,,,,,,,,,,,,,,,,,,
,,,,,,,,,,,,,,,,,,,,,,,,,,,,,,,,,,,,,,,,,,,,,,,,,,
,,,,,,,,,,,,,,,,,,,,,,,,,,,,,,,,,,,,,,,,,,,,,,,,,,
,,,,,,,,,,,,,,,,,,,,,,,,,,,,,,,,,,,,,,,,,,,,,,,,,,
,,,,,,,,,,,,,,,,,,,,,,,,,,,,,,,,,,,,,,,,,,,,,,,,,,
,,,,,,,,,,,,,,,,,,,,,,,,,,,,,,,,,,,,,,,,,,,,,,,,,,
,,,,,,,,,,,,,,,,,,,,,,,,,,,,,,,,,,,,,,,,,,,,,,,,,,
,,,,,,,,,,,,,,,,,,,,,,,,,,,,,,,,,,,,,,,,,,,,,,,,,,
,,,,,,,,,,,,,,,,,,,,,,,,,,,,,,,,,,,,,,,,,,,,,,,,,,
,,,,,,,,,,,,,,,,,,,,,,,,,,,,,,,,,,,,,,,,,,,,,,,,,,
,,,,,,,,,,,,,,,,,,,,,,,,,,,,,,,,,,,,,,,,,,,,,,,,,,
,,,,,,,,,,,,,,,,,,,,,,,,,,,,,,,,,,,,,,,,,,,,,,,,,,
,,,,,,,,,,,,,,,,,,,,,,,,,,,,,,,,,,,,,,,,,,,,,,,,,,
,,,,,,,,,,,,,,,,,,,,,,,,,,,,,,,,,,,,,,,,,,,,,,,,,,
,,,,,,,,,,,,,,,,,,,,,,,,,,,,,,,,,,,,,,,,,,,,,,,,,,
,,,,,,,,,,,,,,,,,,,,,,,,,,,,,,,,,,,,,,,,,,,,,,,,,,
,,,,,,,,,,,,,,,,,,,,,,,,,,,,,,,,,,,,,,,,,,,,,,,,,,
,,,,,,,,,,,,,,,,,,,,,,,,,,,,,,,,,,,,,,,,,,,,,,,,,,
,,,,,,,,,,,,,,,,,,,,,,,,,,,,,,,,,,,,,,,,,,,,,,,,,,
,,,,,,,,,,,,,,,,,,,,,,,,,,,,,,,,,,,,,,,,,,,,,,,,,,
,,,,,,,,,,,,,,,,,,,,,,,,,,,,,,,,,,,,,,,,,,,,,,,,,,
,,,,,,,,,,,,,,,,,,,,,,,,,,,,,,,,,,,,,,,,,,,,,,,,,,
,,,,,,,,,,,,,,,,,,,,,,,,,,,,,,,,,,,,,,,,,,,,,,,,,,
,,,,,,,,,,,,,,,,,,,,,,,,,,,,,,,,,,,,,,,,,,,,,,,,,,
,,,,,,,,,,,,,,,,,,,,,,,,,,,,,,,,,,,,,,,,,,,,,,,,,,
,,,,,,,,,,,,,,,,,,,,,,,,,,,,,,,,,,,,,,,,,,,,,,,,,,
,,,,,,,,,,,,,,,,,,,,,,,,,,,,,,,,,,,,,,,,,,,,,,,,,,
,,,,,,,,,,,,,,,,,,,,,,,,,,,,,,,,,,,,,,,,,,,,,,,,,,
,,,,,,,,,,,,,,,,,,,,,,,,,,,,,,,,,,,,,,,,,,,,,,,,,,
,,,,,,,,,,,,,,,,,,,,,,,,,,,,,,,,,,,,,,,,,,,,,,,,,,
,,,,,,,,,,,,,,,,,,,,,,,,,,,,,,,,,,,,,,,,,,,,,,,,,,
,,,,,,,,,,,,,,,,,,,,,,,,,,,,,,,,,,,,,,,,,,,,,,,,,,
,,,,,,,,,,,,,,,,,,,,,,,,,,,,,,,,,,,,,,,,,,,,,,,,,,
,,,,,,,,,,,,,,,,,,,,,,,,,,,,,,,,,,,,,,,,,,,,,,,,,,
,,,,,,,,,,,,,,,,,,,,,,,,,,,,,,,,,,,,,,,,,,,,,,,,,,
,,,,,,,,,,,,,,,,,,,,,,,,,,,,,,,,,,,,,,,,,,,,,,,,,,
,,,,,,,,,,,,,,,,,,,,,,,,,,,,,,,,,,,,,,,,,,,,,,,,,,
,,,,,,,,,,,,,,,,,,,,,,,,,,,,,,,,,,,,,,,,,,,,,,,,,,
,,,,,,,,,,,,,,,,,,,,,,,,,,,,,,,,,,,,,,,,,,,,,,,,,,
,,,,,,,,,,,,,,,,,,,,,,,,,,,,,,,,,,,,,,,,,,,,,,,,,,
,,,,,,,,,,,,,,,,,,,,,,,,,,,,,,,,,,,,,,,,,,,,,,,,,,
,,,,,,,,,,,,,,,,,,,,,,,,,,,,,,,,,,,,,,,,,,,,,,,,,,
,,,,,,,,,,,,,,,,,,,,,,,,,,,,,,,,,,,,,,,,,,,,,,,,,,
,,,,,,,,,,,,,,,,,,,,,,,,,,,,,,,,,,,,,,,,,,,,,,,,,,
,,,,,,,,,,,,,,,,,,,,,,,,,,,,,,,,,,,,,,,,,,,,,,,,,,
,,,,,,,,,,,,,,,,,,,,,,,,,,,,,,,,,,,,,,,,,,,,,,,,,,
,,,,,,,,,,,,,,,,,,,,,,,,,,,,,,,,,,,,,,,,,,,,,,,,,,
,,,,,,,,,,,,,,,,,,,,,,,,,,,,,,,,,,,,,,,,,,,,,,,,,,
,,,,,,,,,,,,,,,,,,,,,,,,,,,,,,,,,,,,,,,,,,,,,,,,,,
,,,,,,,,,,,,,,,,,,,,,,,,,,,,,,,,,,,,,,,,,,,,,,,,,,
,,,,,,,,,,,,,,,,,,,,,,,,,,,,,,,,,,,,,,,,,,,,,,,,,,
,,,,,,,,,,,,,,,,,,,,,,,,,,,,,,,,,,,,,,,,,,,,,,,,,,
,,,,,,,,,,,,,,,,,,,,,,,,,,,,,,,,,,,,,,,,,,,,,,,,,,
,,,,,,,,,,,,,,,,,,,,,,,,,,,,,,,,,,,,,,,,,,,,,,,,,,
,,,,,,,,,,,,,,,,,,,,,,,,,,,,,,,,,,,,,,,,,,,,,,,,,,
,,,,,,,,,,,,,,,,,,,,,,,,,,,,,,,,,,,,,,,,,,,,,,,,,,
,,,,,,,,,,,,,,,,,,,,,,,,,,,,,,,,,,,,,,,,,,,,,,,,,,
,,,,,,,,,,,,,,,,,,,,,,,,,,,,,,,,,,,,,,,,,,,,,,,,,,
,,,,,,,,,,,,,,,,,,,,,,,,,,,,,,,,,,,,,,,,,,,,,,,,,,
,,,,,,,,,,,,,,,,,,,,,,,,,,,,,,,,,,,,,,,,,,,,,,,,,,
,,,,,,,,,,,,,,,,,,,,,,,,,,,,,,,,,,,,,,,,,,,,,,,,,,
,,,,,,,,,,,,,,,,,,,,,,,,,,,,,,,,,,,,,,,,,,,,,,,,,,
,,,,,,,,,,,,,,,,,,,,,,,,,,,,,,,,,,,,,,,,,,,,,,,,,,
,,,,,,,,,,,,,,,,,,,,,,,,,,,,,,,,,,,,,,,,,,,,,,,,,,
,,,,,,,,,,,,,,,,,,,,,,,,,,,,,,,,,,,,,,,,,,,,,,,,,,
,,,,,,,,,,,,,,,,,,,,,,,,,,,,,,,,,,,,,,,,,,,,,,,,,,
,,,,,,,,,,,,,,,,,,,,,,,,,,,,,,,,,,,,,,,,,,,,,,,,,,
,,,,,,,,,,,,,,,,,,,,,,,,,,,,,,,,,,,,,,,,,,,,,,,,,,
,,,,,,,,,,,,,,,,,,,,,,,,,,,,,,,,,,,,,,,,,,,,,,,,,,
,,,,,,,,,,,,,,,,,,,,,,,,,,,,,,,,,,,,,,,,,,,,,,,,,,
,,,,,,,,,,,,,,,,,,,,,,,,,,,,,,,,,,,,,,,,,,,,,,,,,,
,,,,,,,,,,,,,,,,,,,,,,,,,,,,,,,,,,,,,,,,,,,,,,,,,,
,,,,,,,,,,,,,,,,,,,,,,,,,,,,,,,,,,,,,,,,,,,,,,,,,,
,,,,,,,,,,,,,,,,,,,,,,,,,,,,,,,,,,,,,,,,,,,,,,,,,,
,,,,,,,,,,,,,,,,,,,,,,,,,,,,,,,,,,,,,,,,,,,,,,,,,,
,,,,,,,,,,,,,,,,,,,,,,,,,,,,,,,,,,,,,,,,,,,,,,,,,,
,,,,,,,,,,,,,,,,,,,,,,,,,,,,,,,,,,,,,,,,,,,,,,,,,,
,,,,,,,,,,,,,,,,,,,,,,,,,,,,,,,,,,,,,,,,,,,,,,,,,,
,,,,,,,,,,,,,,,,,,,,,,,,,,,,,,,,,,,,,,,,,,,,,,,,,,
,,,,,,,,,,,,,,,,,,,,,,,,,,,,,,,,,,,,,,,,,,,,,,,,,,
,,,,,,,,,,,,,,,,,,,,,,,,,,,,,,,,,,,,,,,,,,,,,,,,,,
,,,,,,,,,,,,,,,,,,,,,,,,,,,,,,,,,,,,,,,,,,,,,,,,,,
,,,,,,,,,,,,,,,,,,,,,,,,,,,,,,,,,,,,,,,,,,,,,,,,,,
,,,,,,,,,,,,,,,,,,,,,,,,,,,,,,,,,,,,,,,,,,,,,,,,,,
,,,,,,,,,,,,,,,,,,,,,,,,,,,,,,,,,,,,,,,,,,,,,,,,,,
,,,,,,,,,,,,,,,,,,,,,,,,,,,,,,,,,,,,,,,,,,,,,,,,,,
,,,,,,,,,,,,,,,,,,,,,,,,,,,,,,,,,,,,,,,,,,,,,,,,,,
,,,,,,,,,,,,,,,,,,,,,,,,,,,,,,,,,,,,,,,,,,,,,,,,,,
,,,,,,,,,,,,,,,,,,,,,,,,,,,,,,,,,,,,,,,,,,,,,,,,,,
,,,,,,,,,,,,,,,,,,,,,,,,,,,,,,,,,,,,,,,,,,,,,,,,,,
,,,,,,,,,,,,,,,,,,,,,,,,,,,,,,,,,,,,,,,,,,,,,,,,,,
,,,,,,,,,,,,,,,,,,,,,,,,,,,,,,,,,,,,,,,,,,,,,,,,,,
,,,,,,,,,,,,,,,,,,,,,,,,,,,,,,,,,,,,,,,,,,,,,,,,,,
,,,,,,,,,,,,,,,,,,,,,,,,,,,,,,,,,,,,,,,,,,,,,,,,,,
,,,,,,,,,,,,,,,,,,,,,,,,,,,,,,,,,,,,,,,,,,,,,,,,,,
,,,,,,,,,,,,,,,,,,,,,,,,,,,,,,,,,,,,,,,,,,,,,,,,,,
,,,,,,,,,,,,,,,,,,,,,,,,,,,,,,,,,,,,,,,,,,,,,,,,,,
,,,,,,,,,,,,,,,,,,,,,,,,,,,,,,,,,,,,,,,,,,,,,,,,,,
,,,,,,,,,,,,,,,,,,,,,,,,,,,,,,,,,,,,,,,,,,,,,,,,,,
,,,,,,,,,,,,,,,,,,,,,,,,,,,,,,,,,,,,,,,,,,,,,,,,,,
,,,,,,,,,,,,,,,,,,,,,,,,,,,,,,,,,,,,,,,,,,,,,,,,,,
,,,,,,,,,,,,,,,,,,,,,,,,,,,,,,,,,,,,,,,,,,,,,,,,,,
,,,,,,,,,,,,,,,,,,,,,,,,,,,,,,,,,,,,,,,,,,,,,,,,,,
,,,,,,,,,,,,,,,,,,,,,,,,,,,,,,,,,,,,,,,,,,,,,,,,,,
,,,,,,,,,,,,,,,,,,,,,,,,,,,,,,,,,,,,,,,,,,,,,,,,,,
,,,,,,,,,,,,,,,,,,,,,,,,,,,,,,,,,,,,,,,,,,,,,,,,,,
,,,,,,,,,,,,,,,,,,,,,,,,,,,,,,,,,,,,,,,,,,,,,,,,,,
,,,,,,,,,,,,,,,,,,,,,,,,,,,,,,,,,,,,,,,,,,,,,,,,,,
,,,,,,,,,,,,,,,,,,,,,,,,,,,,,,,,,,,,,,,,,,,,,,,,,,
,,,,,,,,,,,,,,,,,,,,,,,,,,,,,,,,,,,,,,,,,,,,,,,,,,
,,,,,,,,,,,,,,,,,,,,,,,,,,,,,,,,,,,,,,,,,,,,,,,,,,
,,,,,,,,,,,,,,,,,,,,,,,,,,,,,,,,,,,,,,,,,,,,,,,,,,
,,,,,,,,,,,,,,,,,,,,,,,,,,,,,,,,,,,,,,,,,,,,,,,,,,
,,,,,,,,,,,,,,,,,,,,,,,,,,,,,,,,,,,,,,,,,,,,,,,,,,
,,,,,,,,,,,,,,,,,,,,,,,,,,,,,,,,,,,,,,,,,,,,,,,,,,
,,,,,,,,,,,,,,,,,,,,,,,,,,,,,,,,,,,,,,,,,,,,,,,,,,
,,,,,,,,,,,,,,,,,,,,,,,,,,,,,,,,,,,,,,,,,,,,,,,,,,
,,,,,,,,,,,,,,,,,,,,,,,,,,,,,,,,,,,,,,,,,,,,,,,,,,
,,,,,,,,,,,,,,,,,,,,,,,,,,,,,,,,,,,,,,,,,,,,,,,,,,
,,,,,,,,,,,,,,,,,,,,,,,,,,,,,,,,,,,,,,,,,,,,,,,,,,
,,,,,,,,,,,,,,,,,,,,,,,,,,,,,,,,,,,,,,,,,,,,,,,,,,
,,,,,,,,,,,,,,,,,,,,,,,,,,,,,,,,,,,,,,,,,,,,,,,,,,
,,,,,,,,,,,,,,,,,,,,,,,,,,,,,,,,,,,,,,,,,,,,,,,,,,
,,,,,,,,,,,,,,,,,,,,,,,,,,,,,,,,,,,,,,,,,,,,,,,,,,
,,,,,,,,,,,,,,,,,,,,,,,,,,,,,,,,,,,,,,,,,,,,,,,,,,
,,,,,,,,,,,,,,,,,,,,,,,,,,,,,,,,,,,,,,,,,,,,,,,,,,
,,,,,,,,,,,,,,,,,,,,,,,,,,,,,,,,,,,,,,,,,,,,,,,,,,
,,,,,,,,,,,,,,,,,,,,,,,,,,,,,,,,,,,,,,,,,,,,,,,,,,
,,,,,,,,,,,,,,,,,,,,,,,,,,,,,,,,,,,,,,,,,,,,,,,,,,
,,,,,,,,,,,,,,,,,,,,,,,,,,,,,,,,,,,,,,,,,,,,,,,,,,
,,,,,,,,,,,,,,,,,,,,,,,,,,,,,,,,,,,,,,,,,,,,,,,,,,
,,,,,,,,,,,,,,,,,,,,,,,,,,,,,,,,,,,,,,,,,,,,,,,,,,
,,,,,,,,,,,,,,,,,,,,,,,,,,,,,,,,,,,,,,,,,,,,,,,,,,
,,,,,,,,,,,,,,,,,,,,,,,,,,,,,,,,,,,,,,,,,,,,,,,,,,
,,,,,,,,,,,,,,,,,,,,,,,,,,,,,,,,,,,,,,,,,,,,,,,,,,
,,,,,,,,,,,,,,,,,,,,,,,,,,,,,,,,,,,,,,,,,,,,,,,,,,
,,,,,,,,,,,,,,,,,,,,,,,,,,,,,,,,,,,,,,,,,,,,,,,,,,
,,,,,,,,,,,,,,,,,,,,,,,,,,,,,,,,,,,,,,,,,,,,,,,,,,
,,,,,,,,,,,,,,,,,,,,,,,,,,,,,,,,,,,,,,,,,,,,,,,,,,
,,,,,,,,,,,,,,,,,,,,,,,,,,,,,,,,,,,,,,,,,,,,,,,,,,
,,,,,,,,,,,,,,,,,,,,,,,,,,,,,,,,,,,,,,,,,,,,,,,,,,
,,,,,,,,,,,,,,,,,,,,,,,,,,,,,,,,,,,,,,,,,,,,,,,,,,
,,,,,,,,,,,,,,,,,,,,,,,,,,,,,,,,,,,,,,,,,,,,,,,,,,
,,,,,,,,,,,,,,,,,,,,,,,,,,,,,,,,,,,,,,,,,,,,,,,,,,
,,,,,,,,,,,,,,,,,,,,,,,,,,,,,,,,,,,,,,,,,,,,,,,,,,
,,,,,,,,,,,,,,,,,,,,,,,,,,,,,,,,,,,,,,,,,,,,,,,,,,
,,,,,,,,,,,,,,,,,,,,,,,,,,,,,,,,,,,,,,,,,,,,,,,,,,
,,,,,,,,,,,,,,,,,,,,,,,,,,,,,,,,,,,,,,,,,,,,,,,,,,
,,,,,,,,,,,,,,,,,,,,,,,,,,,,,,,,,,,,,,,,,,,,,,,,,,
,,,,,,,,,,,,,,,,,,,,,,,,,,,,,,,,,,,,,,,,,,,,,,,,,,
,,,,,,,,,,,,,,,,,,,,,,,,,,,,,,,,,,,,,,,,,,,,,,,,,,
,,,,,,,,,,,,,,,,,,,,,,,,,,,,,,,,,,,,,,,,,,,,,,,,,,
,,,,,,,,,,,,,,,,,,,,,,,,,,,,,,,,,,,,,,,,,,,,,,,,,,
,,,,,,,,,,,,,,,,,,,,,,,,,,,,,,,,,,,,,,,,,,,,,,,,,,
,,,,,,,,,,,,,,,,,,,,,,,,,,,,,,,,,,,,,,,,,,,,,,,,,,
,,,,,,,,,,,,,,,,,,,,,,,,,,,,,,,,,,,,,,,,,,,,,,,,,,
,,,,,,,,,,,,,,,,,,,,,,,,,,,,,,,,,,,,,,,,,,,,,,,,,,
,,,,,,,,,,,,,,,,,,,,,,,,,,,,,,,,,,,,,,,,,,,,,,,,,,
,,,,,,,,,,,,,,,,,,,,,,,,,,,,,,,,,,,,,,,,,,,,,,,,,,
,,,,,,,,,,,,,,,,,,,,,,,,,,,,,,,,,,,,,,,,,,,,,,,,,,
,,,,,,,,,,,,,,,,,,,,,,,,,,,,,,,,,,,,,,,,,,,,,,,,,,
,,,,,,,,,,,,,,,,,,,,,,,,,,,,,,,,,,,,,,,,,,,,,,,,,,
,,,,,,,,,,,,,,,,,,,,,,,,,,,,,,,,,,,,,,,,,,,,,,,,,,
,,,,,,,,,,,,,,,,,,,,,,,,,,,,,,,,,,,,,,,,,,,,,,,,,,
,,,,,,,,,,,,,,,,,,,,,,,,,,,,,,,,,,,,,,,,,,,,,,,,,,
,,,,,,,,,,,,,,,,,,,,,,,,,,,,,,,,,,,,,,,,,,,,,,,,,,
,,,,,,,,,,,,,,,,,,,,,,,,,,,,,,,,,,,,,,,,,,,,,,,,,,
,,,,,,,,,,,,,,,,,,,,,,,,,,,,,,,,,,,,,,,,,,,,,,,,,,
,,,,,,,,,,,,,,,,,,,,,,,,,,,,,,,,,,,,,,,,,,,,,,,,,,
,,,,,,,,,,,,,,,,,,,,,,,,,,,,,,,,,,,,,,,,,,,,,,,,,,
,,,,,,,,,,,,,,,,,,,,,,,,,,,,,,,,,,,,,,,,,,,,,,,,,,
,,,,,,,,,,,,,,,,,,,,,,,,,,,,,,,,,,,,,,,,,,,,,,,,,,
,,,,,,,,,,,,,,,,,,,,,,,,,,,,,,,,,,,,,,,,,,,,,,,,,,
,,,,,,,,,,,,,,,,,,,,,,,,,,,,,,,,,,,,,,,,,,,,,,,,,,
,,,,,,,,,,,,,,,,,,,,,,,,,,,,,,,,,,,,,,,,,,,,,,,,,,
,,,,,,,,,,,,,,,,,,,,,,,,,,,,,,,,,,,,,,,,,,,,,,,,,,
,,,,,,,,,,,,,,,,,,,,,,,,,,,,,,,,,,,,,,,,,,,,,,,,,,
,,,,,,,,,,,,,,,,,,,,,,,,,,,,,,,,,,,,,,,,,,,,,,,,,,
,,,,,,,,,,,,,,,,,,,,,,,,,,,,,,,,,,,,,,,,,,,,,,,,,,
,,,,,,,,,,,,,,,,,,,,,,,,,,,,,,,,,,,,,,,,,,,,,,,,,,
,,,,,,,,,,,,,,,,,,,,,,,,,,,,,,,,,,,,,,,,,,,,,,,,,,
,,,,,,,,,,,,,,,,,,,,,,,,,,,,,,,,,,,,,,,,,,,,,,,,,,
,,,,,,,,,,,,,,,,,,,,,,,,,,,,,,,,,,,,,,,,,,,,,,,,,,
,,,,,,,,,,,,,,,,,,,,,,,,,,,,,,,,,,,,,,,,,,,,,,,,,,
,,,,,,,,,,,,,,,,,,,,,,,,,,,,,,,,,,,,,,,,,,,,,,,,,,
,,,,,,,,,,,,,,,,,,,,,,,,,,,,,,,,,,,,,,,,,,,,,,,,,,
,,,,,,,,,,,,,,,,,,,,,,,,,,,,,,,,,,,,,,,,,,,,,,,,,,
,,,,,,,,,,,,,,,,,,,,,,,,,,,,,,,,,,,,,,,,,,,,,,,,,,
,,,,,,,,,,,,,,,,,,,,,,,,,,,,,,,,,,,,,,,,,,,,,,,,,,
,,,,,,,,,,,,,,,,,,,,,,,,,,,,,,,,,,,,,,,,,,,,,,,,,,
,,,,,,,,,,,,,,,,,,,,,,,,,,,,,,,,,,,,,,,,,,,,,,,,,,
,,,,,,,,,,,,,,,,,,,,,,,,,,,,,,,,,,,,,,,,,,,,,,,,,,
,,,,,,,,,,,,,,,,,,,,,,,,,,,,,,,,,,,,,,,,,,,,,,,,,,
,,,,,,,,,,,,,,,,,,,,,,,,,,,,,,,,,,,,,,,,,,,,,,,,,,
,,,,,,,,,,,,,,,,,,,,,,,,,,,,,,,,,,,,,,,,,,,,,,,,,,
,,,,,,,,,,,,,,,,,,,,,,,,,,,,,,,,,,,,,,,,,,,,,,,,,,
,,,,,,,,,,,,,,,,,,,,,,,,,,,,,,,,,,,,,,,,,,,,,,,,,,
,,,,,,,,,,,,,,,,,,,,,,,,,,,,,,,,,,,,,,,,,,,,,,,,,,
,,,,,,,,,,,,,,,,,,,,,,,,,,,,,,,,,,,,,,,,,,,,,,,,,,
,,,,,,,,,,,,,,,,,,,,,,,,,,,,,,,,,,,,,,,,,,,,,,,,,,
,,,,,,,,,,,,,,,,,,,,,,,,,,,,,,,,,,,,,,,,,,,,,,,,,,
,,,,,,,,,,,,,,,,,,,,,,,,,,,,,,,,,,,,,,,,,,,,,,,,,,
,,,,,,,,,,,,,,,,,,,,,,,,,,,,,,,,,,,,,,,,,,,,,,,,,,
,,,,,,,,,,,,,,,,,,,,,,,,,,,,,,,,,,,,,,,,,,,,,,,,,,
,,,,,,,,,,,,,,,,,,,,,,,,,,,,,,,,,,,,,,,,,,,,,,,,,,
,,,,,,,,,,,,,,,,,,,,,,,,,,,,,,,,,,,,,,,,,,,,,,,,,,
,,,,,,,,,,,,,,,,,,,,,,,,,,,,,,,,,,,,,,,,,,,,,,,,,,
,,,,,,,,,,,,,,,,,,,,,,,,,,,,,,,,,,,,,,,,,,,,,,,,,,
,,,,,,,,,,,,,,,,,,,,,,,,,,,,,,,,,,,,,,,,,,,,,,,,,,
,,,,,,,,,,,,,,,,,,,,,,,,,,,,,,,,,,,,,,,,,,,,,,,,,,
,,,,,,,,,,,,,,,,,,,,,,,,,,,,,,,,,,,,,,,,,,,,,,,,,,
,,,,,,,,,,,,,,,,,,,,,,,,,,,,,,,,,,,,,,,,,,,,,,,,,,
,,,,,,,,,,,,,,,,,,,,,,,,,,,,,,,,,,,,,,,,,,,,,,,,,,
,,,,,,,,,,,,,,,,,,,,,,,,,,,,,,,,,,,,,,,,,,,,,,,,,,
,,,,,,,,,,,,,,,,,,,,,,,,,,,,,,,,,,,,,,,,,,,,,,,,,,
,,,,,,,,,,,,,,,,,,,,,,,,,,,,,,,,,,,,,,,,,,,,,,,,,,
,,,,,,,,,,,,,,,,,,,,,,,,,,,,,,,,,,,,,,,,,,,,,,,,,,
,,,,,,,,,,,,,,,,,,,,,,,,,,,,,,,,,,,,,,,,,,,,,,,,,,
,,,,,,,,,,,,,,,,,,,,,,,,,,,,,,,,,,,,,,,,,,,,,,,,,,
,,,,,,,,,,,,,,,,,,,,,,,,,,,,,,,,,,,,,,,,,,,,,,,,,,
,,,,,,,,,,,,,,,,,,,,,,,,,,,,,,,,,,,,,,,,,,,,,,,,,,
,,,,,,,,,,,,,,,,,,,,,,,,,,,,,,,,,,,,,,,,,,,,,,,,,,
,,,,,,,,,,,,,,,,,,,,,,,,,,,,,,,,,,,,,,,,,,,,,,,,,,
,,,,,,,,,,,,,,,,,,,,,,,,,,,,,,,,,,,,,,,,,,,,,,,,,,
,,,,,,,,,,,,,,,,,,,,,,,,,,,,,,,,,,,,,,,,,,,,,,,,,,
,,,,,,,,,,,,,,,,,,,,,,,,,,,,,,,,,,,,,,,,,,,,,,,,,,
,,,,,,,,,,,,,,,,,,,,,,,,,,,,,,,,,,,,,,,,,,,,,,,,,,
,,,,,,,,,,,,,,,,,,,,,,,,,,,,,,,,,,,,,,,,,,,,,,,,,,
,,,,,,,,,,,,,,,,,,,,,,,,,,,,,,,,,,,,,,,,,,,,,,,,,,
,,,,,,,,,,,,,,,,,,,,,,,,,,,,,,,,,,,,,,,,,,,,,,,,,,
,,,,,,,,,,,,,,,,,,,,,,,,,,,,,,,,,,,,,,,,,,,,,,,,,,
,,,,,,,,,,,,,,,,,,,,,,,,,,,,,,,,,,,,,,,,,,,,,,,,,,
,,,,,,,,,,,,,,,,,,,,,,,,,,,,,,,,,,,,,,,,,,,,,,,,,,
,,,,,,,,,,,,,,,,,,,,,,,,,,,,,,,,,,,,,,,,,,,,,,,,,,
,,,,,,,,,,,,,,,,,,,,,,,,,,,,,,,,,,,,,,,,,,,,,,,,,,
,,,,,,,,,,,,,,,,,,,,,,,,,,,,,,,,,,,,,,,,,,,,,,,,,,
,,,,,,,,,,,,,,,,,,,,,,,,,,,,,,,,,,,,,,,,,,,,,,,,,,
,,,,,,,,,,,,,,,,,,,,,,,,,,,,,,,,,,,,,,,,,,,,,,,,,,
,,,,,,,,,,,,,,,,,,,,,,,,,,,,,,,,,,,,,,,,,,,,,,,,,,
,,,,,,,,,,,,,,,,,,,,,,,,,,,,,,,,,,,,,,,,,,,,,,,,,,
,,,,,,,,,,,,,,,,,,,,,,,,,,,,,,,,,,,,,,,,,,,,,,,,,,
,,,,,,,,,,,,,,,,,,,,,,,,,,,,,,,,,,,,,,,,,,,,,,,,,,
,,,,,,,,,,,,,,,,,,,,,,,,,,,,,,,,,,,,,,,,,,,,,,,,,,
,,,,,,,,,,,,,,,,,,,,,,,,,,,,,,,,,,,,,,,,,,,,,,,,,,
,,,,,,,,,,,,,,,,,,,,,,,,,,,,,,,,,,,,,,,,,,,,,,,,,,
,,,,,,,,,,,,,,,,,,,,,,,,,,,,,,,,,,,,,,,,,,,,,,,,,,
,,,,,,,,,,,,,,,,,,,,,,,,,,,,,,,,,,,,,,,,,,,,,,,,,,
,,,,,,,,,,,,,,,,,,,,,,,,,,,,,,,,,,,,,,,,,,,,,,,,,,
,,,,,,,,,,,,,,,,,,,,,,,,,,,,,,,,,,,,,,,,,,,,,,,,,,
,,,,,,,,,,,,,,,,,,,,,,,,,,,,,,,,,,,,,,,,,,,,,,,,,,
,,,,,,,,,,,,,,,,,,,,,,,,,,,,,,,,,,,,,,,,,,,,,,,,,,
,,,,,,,,,,,,,,,,,,,,,,,,,,,,,,,,,,,,,,,,,,,,,,,,,,
,,,,,,,,,,,,,,,,,,,,,,,,,,,,,,,,,,,,,,,,,,,,,,,,,,
,,,,,,,,,,,,,,,,,,,,,,,,,,,,,,,,,,,,,,,,,,,,,,,,,,
,,,,,,,,,,,,,,,,,,,,,,,,,,,,,,,,,,,,,,,,,,,,,,,,,,
,,,,,,,,,,,,,,,,,,,,,,,,,,,,,,,,,,,,,,,,,,,,,,,,,,
,,,,,,,,,,,,,,,,,,,,,,,,,,,,,,,,,,,,,,,,,,,,,,,,,,
,,,,,,,,,,,,,,,,,,,,,,,,,,,,,,,,,,,,,,,,,,,,,,,,,,
,,,,,,,,,,,,,,,,,,,,,,,,,,,,,,,,,,,,,,,,,,,,,,,,,,
,,,,,,,,,,,,,,,,,,,,,,,,,,,,,,,,,,,,,,,,,,,,,,,,,,
,,,,,,,,,,,,,,,,,,,,,,,,,,,,,,,,,,,,,,,,,,,,,,,,,,
,,,,,,,,,,,,,,,,,,,,,,,,,,,,,,,,,,,,,,,,,,,,,,,,,,
,,,,,,,,,,,,,,,,,,,,,,,,,,,,,,,,,,,,,,,,,,,,,,,,,,
,,,,,,,,,,,,,,,,,,,,,,,,,,,,,,,,,,,,,,,,,,,,,,,,,,
,,,,,,,,,,,,,,,,,,,,,,,,,,,,,,,,,,,,,,,,,,,,,,,,,,
,,,,,,,,,,,,,,,,,,,,,,,,,,,,,,,,,,,,,,,,,,,,,,,,,,
,,,,,,,,,,,,,,,,,,,,,,,,,,,,,,,,,,,,,,,,,,,,,,,,,,
,,,,,,,,,,,,,,,,,,,,,,,,,,,,,,,,,,,,,,,,,,,,,,,,,,
,,,,,,,,,,,,,,,,,,,,,,,,,,,,,,,,,,,,,,,,,,,,,,,,,,
,,,,,,,,,,,,,,,,,,,,,,,,,,,,,,,,,,,,,,,,,,,,,,,,,,
,,,,,,,,,,,,,,,,,,,,,,,,,,,,,,,,,,,,,,,,,,,,,,,,,,
,,,,,,,,,,,,,,,,,,,,,,,,,,,,,,,,,,,,,,,,,,,,,,,,,,
,,,,,,,,,,,,,,,,,,,,,,,,,,,,,,,,,,,,,,,,,,,,,,,,,,
,,,,,,,,,,,,,,,,,,,,,,,,,,,,,,,,,,,,,,,,,,,,,,,,,,
,,,,,,,,,,,,,,,,,,,,,,,,,,,,,,,,,,,,,,,,,,,,,,,,,,
,,,,,,,,,,,,,,,,,,,,,,,,,,,,,,,,,,,,,,,,,,,,,,,,,,
,,,,,,,,,,,,,,,,,,,,,,,,,,,,,,,,,,,,,,,,,,,,,,,,,,
,,,,,,,,,,,,,,,,,,,,,,,,,,,,,,,,,,,,,,,,,,,,,,,,,,
,,,,,,,,,,,,,,,,,,,,,,,,,,,,,,,,,,,,,,,,,,,,,,,,,,
,,,,,,,,,,,,,,,,,,,,,,,,,,,,,,,,,,,,,,,,,,,,,,,,,,
,,,,,,,,,,,,,,,,,,,,,,,,,,,,,,,,,,,,,,,,,,,,,,,,,,
,,,,,,,,,,,,,,,,,,,,,,,,,,,,,,,,,,,,,,,,,,,,,,,,,,
,,,,,,,,,,,,,,,,,,,,,,,,,,,,,,,,,,,,,,,,,,,,,,,,,,
,,,,,,,,,,,,,,,,,,,,,,,,,,,,,,,,,,,,,,,,,,,,,,,,,,
,,,,,,,,,,,,,,,,,,,,,,,,,,,,,,,,,,,,,,,,,,,,,,,,,,
,,,,,,,,,,,,,,,,,,,,,,,,,,,,,,,,,,,,,,,,,,,,,,,,,,
,,,,,,,,,,,,,,,,,,,,,,,,,,,,,,,,,,,,,,,,,,,,,,,,,,
,,,,,,,,,,,,,,,,,,,,,,,,,,,,,,,,,,,,,,,,,,,,,,,,,,
,,,,,,,,,,,,,,,,,,,,,,,,,,,,,,,,,,,,,,,,,,,,,,,,,,
,,,,,,,,,,,,,,,,,,,,,,,,,,,,,,,,,,,,,,,,,,,,,,,,,,
,,,,,,,,,,,,,,,,,,,,,,,,,,,,,,,,,,,,,,,,,,,,,,,,,,
,,,,,,,,,,,,,,,,,,,,,,,,,,,,,,,,,,,,,,,,,,,,,,,,,,
,,,,,,,,,,,,,,,,,,,,,,,,,,,,,,,,,,,,,,,,,,,,,,,,,,
,,,,,,,,,,,,,,,,,,,,,,,,,,,,,,,,,,,,,,,,,,,,,,,,,,
,,,,,,,,,,,,,,,,,,,,,,,,,,,,,,,,,,,,,,,,,,,,,,,,,,
,,,,,,,,,,,,,,,,,,,,,,,,,,,,,,,,,,,,,,,,,,,,,,,,,,
,,,,,,,,,,,,,,,,,,,,,,,,,,,,,,,,,,,,,,,,,,,,,,,,,,
,,,,,,,,,,,,,,,,,,,,,,,,,,,,,,,,,,,,,,,,,,,,,,,,,,
,,,,,,,,,,,,,,,,,,,,,,,,,,,,,,,,,,,,,,,,,,,,,,,,,,
,,,,,,,,,,,,,,,,,,,,,,,,,,,,,,,,,,,,,,,,,,,,,,,,,,
,,,,,,,,,,,,,,,,,,,,,,,,,,,,,,,,,,,,,,,,,,,,,,,,,,
,,,,,,,,,,,,,,,,,,,,,,,,,,,,,,,,,,,,,,,,,,,,,,,,,,
,,,,,,,,,,,,,,,,,,,,,,,,,,,,,,,,,,,,,,,,,,,,,,,,,,
,,,,,,,,,,,,,,,,,,,,,,,,,,,,,,,,,,,,,,,,,,,,,,,,,,
,,,,,,,,,,,,,,,,,,,,,,,,,,,,,,,,,,,,,,,,,,,,,,,,,,
,,,,,,,,,,,,,,,,,,,,,,,,,,,,,,,,,,,,,,,,,,,,,,,,,,
,,,,,,,,,,,,,,,,,,,,,,,,,,,,,,,,,,,,,,,,,,,,,,,,,,
,,,,,,,,,,,,,,,,,,,,,,,,,,,,,,,,,,,,,,,,,,,,,,,,,,
,,,,,,,,,,,,,,,,,,,,,,,,,,,,,,,,,,,,,,,,,,,,,,,,,,
,,,,,,,,,,,,,,,,,,,,,,,,,,,,,,,,,,,,,,,,,,,,,,,,,,
,,,,,,,,,,,,,,,,,,,,,,,,,,,,,,,,,,,,,,,,,,,,,,,,,,
,,,,,,,,,,,,,,,,,,,,,,,,,,,,,,,,,,,,,,,,,,,,,,,,,,
,,,,,,,,,,,,,,,,,,,,,,,,,,,,,,,,,,,,,,,,,,,,,,,,,,
,,,,,,,,,,,,,,,,,,,,,,,,,,,,,,,,,,,,,,,,,,,,,,,,,,
,,,,,,,,,,,,,,,,,,,,,,,,,,,,,,,,,,,,,,,,,,,,,,,,,,
,,,,,,,,,,,,,,,,,,,,,,,,,,,,,,,,,,,,,,,,,,,,,,,,,,
,,,,,,,,,,,,,,,,,,,,,,,,,,,,,,,,,,,,,,,,,,,,,,,,,,
,,,,,,,,,,,,,,,,,,,,,,,,,,,,,,,,,,,,,,,,,,,,,,,,,,
,,,,,,,,,,,,,,,,,,,,,,,,,,,,,,,,,,,,,,,,,,,,,,,,,,
,,,,,,,,,,,,,,,,,,,,,,,,,,,,,,,,,,,,,,,,,,,,,,,,,,
,,,,,,,,,,,,,,,,,,,,,,,,,,,,,,,,,,,,,,,,,,,,,,,,,,
,,,,,,,,,,,,,,,,,,,,,,,,,,,,,,,,,,,,,,,,,,,,,,,,,,
,,,,,,,,,,,,,,,,,,,,,,,,,,,,,,,,,,,,,,,,,,,,,,,,,,
,,,,,,,,,,,,,,,,,,,,,,,,,,,,,,,,,,,,,,,,,,,,,,,,,,
,,,,,,,,,,,,,,,,,,,,,,,,,,,,,,,,,,,,,,,,,,,,,,,,,,
,,,,,,,,,,,,,,,,,,,,,,,,,,,,,,,,,,,,,,,,,,,,,,,,,,
,,,,,,,,,,,,,,,,,,,,,,,,,,,,,,,,,,,,,,,,,,,,,,,,,,
,,,,,,,,,,,,,,,,,,,,,,,,,,,,,,,,,,,,,,,,,,,,,,,,,,
,,,,,,,,,,,,,,,,,,,,,,,,,,,,,,,,,,,,,,,,,,,,,,,,,,
,,,,,,,,,,,,,,,,,,,,,,,,,,,,,,,,,,,,,,,,,,,,,,,,,,
,,,,,,,,,,,,,,,,,,,,,,,,,,,,,,,,,,,,,,,,,,,,,,,,,,
,,,,,,,,,,,,,,,,,,,,,,,,,,,,,,,,,,,,,,,,,,,,,,,,,,
,,,,,,,,,,,,,,,,,,,,,,,,,,,,,,,,,,,,,,,,,,,,,,,,,,
,,,,,,,,,,,,,,,,,,,,,,,,,,,,,,,,,,,,,,,,,,,,,,,,,,
,,,,,,,,,,,,,,,,,,,,,,,,,,,,,,,,,,,,,,,,,,,,,,,,,,
,,,,,,,,,,,,,,,,,,,,,,,,,,,,,,,,,,,,,,,,,,,,,,,,,,
,,,,,,,,,,,,,,,,,,,,,,,,,,,,,,,,,,,,,,,,,,,,,,,,,,
,,,,,,,,,,,,,,,,,,,,,,,,,,,,,,,,,,,,,,,,,,,,,,,,,,
,,,,,,,,,,,,,,,,,,,,,,,,,,,,,,,,,,,,,,,,,,,,,,,,,,
,,,,,,,,,,,,,,,,,,,,,,,,,,,,,,,,,,,,,,,,,,,,,,,,,,
,,,,,,,,,,,,,,,,,,,,,,,,,,,,,,,,,,,,,,,,,,,,,,,,,,
,,,,,,,,,,,,,,,,,,,,,,,,,,,,,,,,,,,,,,,,,,,,,,,,,,
,,,,,,,,,,,,,,,,,,,,,,,,,,,,,,,,,,,,,,,,,,,,,,,,,,
,,,,,,,,,,,,,,,,,,,,,,,,,,,,,,,,,,,,,,,,,,,,,,,,,,
