????,,,,,,,,,,,,,,,,,,,,,,,,,,,,,,,,,100,,,8,,,101,31,,1,,Item Set,Dynamic Weapon,Prefix,Costume,Change Costume,Expire,
Wooden Sword,weapon\onehand\osw15\osw15.txt,,,211,0,0,10,24,910,301,578,,,,,,,,,,,,,,,,,,35,2,,,150,1,7,9,0,,111,38,,5,2,,,,,,,LWEA001
Short Sword,weapon\onehand\osw1\osw1.txt,,,211,420,0,5,26,911,302,577,,,,,,,,,,,,,,,,,,35,2,,,150,1,10,9,0,,111,38,,5,2,,,,,,,LWEA002
Rapier,weapon\onehand\osw2\osw2.txt,,,211,850,0,5,28,912,303,577,,,,,,,,31,10,10,30,,,,,,,38,2,,,200,1,14,9,0,,111,37,,5,2,,,,,,,LWEA003
Khukuri,weapon\onehand\osw16\osw16.txt,,,211,1890,0,5,32,913,304,577,11,1,501,20,,,,31,20,10,47,,,,,,,40,2,,,200,1,23,10,0,,111,38,,5,2,,,,,,,LWEA004
Long Sword,WEAPON\onehand\osw3\osw3.txt,,,211,3570,0,10,36,914,305,577,11,2,502,22,,,,31,29,10,62,,,,,,,41,2,,,200,1,31,10,0,,111,38,,5,2,,,,,,,LWEA005
Bushido,weapon\onehand\osw4\osw4.txt,,,211,6680,0,15,39,915,306,577,11,2,503,26,,,,31,38,10,76,,,,,,,43,2,,,200,1,39,9,0,,111,38,,5,2,,,,,,,LWEA006
Saber,weapon\onehand\osw17\osw17.txt,,,211,11880,0,15,43,916,307,577,11,3,504,30,,,,31,47,10,91,,,,,,,45,2,,,200,1,51,10,0,,111,38,,5,2,,,,,,,LWEA007
Elven Sword,weapon\onehand\osw18\osw18.txt,,,211,19750,0,15,46,917,308,577,11,3,505,34,,,,31,56,10,105,,,,,,,46,2,,,200,1,62,10,0,,111,38,,5,2,,,,,,,LWEA008
Squid Sword,weapon\onehand\osw11\osw11.txt,,,211,28400,0,20,50,918,309,577,11,4,506,38,,,,31,64,10,118,,,,,,,48,2,,,200,1,72,10,0,,111,38,,5,2,,,,,,,LWEA009
Shark Blade,weapon\onehand\osw9\osw9.txt,,,211,37600,0,25,53,919,310,577,11,4,507,42,,,,31,72,10,131,,,,,,,49,2,,,200,1,80,9,0,,111,38,,5,2,,,,,,,LWEA010
Viking Sword,weapon\onehand\osw19\osw19.txt,,,211,55950,0,30,56,920,311,577,11,5,508,45,,,,31,80,10,143,,,,,,,51,2,,,200,1,100,11,0,,111,38,,5,2,,,,,,,LWEA011
Blood Sword,weapon\onehand\osw10\osw10.txt,,,211,70850,0,35,59,921,312,577,11,6,509,49,,,,31,88,10,156,,,,,,,52,2,,,200,1,108,10,0,,111,38,,5,2,,,,,,,LWEA012
Katana,weapon\onehand\osw26\osw26.txt,,,211,93250,0,40,62,923,313,577,11,7,510,53,,,,31,95,10,167,,,,,,,53,2,,,200,1,120,10,0,,111,38,,5,2,,,,,,,LWEA013
Ice Sword,weapon\onehand\osw25\osw25.txt,,,211,124500,0,45,65,924,314,577,11,7,511,57,,,,31,102,10,178,,,,,,,55,2,,,200,1,138,11,0,,111,38,,5,2,,,,,,,LWEA014
Flare Sword,weapon\onehand\osw24\osw24.txt,,,211,152800,0,45,68,925,315,577,11,8,512,61,,,,31,109,10,189,,,,,,,56,2,,,200,1,145,10,0,,111,38,,5,2,,,,,,,LWEA015
Lord Black Sun Sword,weapon\onehand\osw33\osw33.txt,,,211,189700,0,50,70,926,316,577,11,9,513,40,,,,31,116,10,200,,,,,,,57,2,,,200,1,158,10,0,,111,38,,5,2,,,,,,,LWEA016
Flamboyant,weapon\onehand\osw34\osw34.txt,,,211,246700,0,50,73,927,317,577,11,9,514,42,,,,31,123,10,211,,,,,,,58,2,,,200,1,179,11,0,,111,38,,5,2,,,,,,,LWEA017
Righteous Sword,weapon\onehand\osw35\osw35.txt,,,211,284850,0,50,76,928,318,577,11,10,515,44,,,,31,129,10,221,,,,,,,60,2,,,200,1,184,10,0,,111,38,,5,2,,,,,,,LWEA018
Black Shamshir,weapon\onehand\osw36\osw36.txt,,,211,362500,0,50,78,929,319,577,11,10,516,46,,,,31,135,10,230,,,,,,,61,2,,,200,1,205,11,0,,111,38,,5,2,,,,,,,LWEA019
Death Bringer,weapon\onehand\osw40\osw40.txt,,,211,407500,0,50,82,930,320,577,,11,,,,,,31,145,10,246,,,,,,,62,2,,,200,1,227,11,0,,111,38,,5,2,,,,,,,LWEA020
Death Expeller,weapon\onehand\osw41\osw41.txt,,,211,457500,0,50,86,931,321,577,,11,,,,,,31,155,10,261,,,,,,,64,2,,,200,1,253,10,0,,111,38,,5,2,,,,,,,LWEA021
Dark Panther,weapon\onehand\osw51\osw51.txt,,,211,617150,0,50,90,932,324,577,,12,,,,,,31,184,10,297,,,,,,,67,2,,,250,1,306,11,0,,111,38,,5,2,,,,,,,LWEA024
Saint Blade Kreuz,weapon\onehand\osw53\osw53.txt,,,211,711600,0,40,92,933,325,577,,12,,,,,,31,200,10,312,,,,,,,69,2,,,250,1,345,11,0,,111,38,,5,2,,,,,,,LWEA025
Simplex Saber,WEAPON\ONEHAND\OSW44,,,211,475600,0,40,87,907,322,577,,13,,,,,,31,163,10,278,,,,,,,65,2,,,250,1,278,11,0,,111,38,,5,2,,,,,,,LWEA022
Mythril Rapier,WEAPON\ONEHAND\OSW45,,,211,512000,0,50,88,908,323,577,,13,,,,,,31,172,10,286,,,,,,,66,2,,,250,1,291,10,0,,111,38,,5,2,,,,,,,LWEA023
Grand Slasher,weapon\onehand\onehand_career021\onehand_career021.txt,,,211,797500,,40,89,3658,1043,577,,,,,,,,31,212,10,326,,,,,,,71,2,,,250,1,385,10,0,,111,38,,5,2,,,,,,,LWEA026
Blaze Dancer,weapon\onehand\onehand_career027\onehand_career027.txt,,,211,912300,0,30,90,3674,1074,577,,,,,,,,31,222,10,367,,,,,,,74,2,,,250,1,425,10,0,,111,38,,5,2,,,,,,,LWEA027
Requiem of Souls Sword,weapon\onehand\glitter_handsword.txt,,,211,1101250,0,40,92,8698,1164,577,,,,,,,,140,10,10,388,,,,,,,76,2,,,250,1,470,10,0,,111,38,,5,2,31,,,,,,LWEA028
Heavens Sword,weapon\onehand\onehand_career023\onehand_career023.txt,,,211,1,,30,10,877,1044,577,,,,,,,,31,200,10,200,,,,,,,50,2,,,250,1,300,10,0,,111,38,,5,2,,,,,,,LWEA029
Meteoric Sword,weapon\onehand\onehand_career025\onehand_career025.txt,,,211,1,,30,10,878,1045,577,,,,,,,,31,200,10,200,,,,,,,50,2,,,250,1,300,10,0,,111,38,,5,2,,,,,,,LWEA030
Wooden Bat,weapon\onehand\osw14\osw14.txt,,,212,580,0,20,24,949,331,576,,,,,,,,31,5,10,24,,,,,,,37,2,,,200,3,15,11,0,,121,47,,15,2,,,,,,,LWEA031
Monkey Wrench,weapon\onehand\osw20\osw20.txt,,,212,1025,0,10,26,950,332,576,,,,,,,,31,11,10,35,,,,,,,38,2,,,200,3,20,11,0,,121,47,,15,2,,,,,,,LWEA032
Buffoon Mace,weapon\onehand\osw5\osw5.txt,,,212,2220,0,15,30,951,333,576,12,1,551,20,,,,31,21,10,53,,,,,,,40,2,,,200,3,31,12,0,,121,47,,15,2,,,,,,,LWEA033
Ogre Mace,weapon\onehand\osw27\osw27.txt,,,212,4445,0,20,34,952,334,576,12,2,552,22,,,,31,30,10,69,,,,,,,42,2,,,200,3,39,11,0,,121,47,,15,2,,,,,,,LWEA034
Onion Mace,weapon\onehand\osw21\osw21.txt,,,212,7920,0,25,37,953,335,576,12,2,553,26,,,,31,39,10,84,,,,,,,44,2,,,200,3,52,12,0,,121,47,,15,2,,,,,,,LWEA035
Ghost Bat,weapon\onehand\osw7\osw7.txt,,,212,13905,0,30,41,954,336,576,12,3,554,30,,,,31,48,10,100,,,,,,,45,2,,,200,3,63,12,0,,121,48,,15,2,,,,,,,LWEA036
Stone Hammer,weapon\onehand\osw8\osw8.txt,,,212,22400,0,35,44,955,337,576,12,3,555,34,,,,31,57,10,115,,,,,,,47,2,,,200,3,73,11,0,,121,48,,15,2,,,,,,,LWEA037
Skeleton Hammer,weapon\onehand\osw30\osw30.txt,,,212,32050,0,40,47,956,338,576,12,4,556,38,,,,31,65,10,129,,,,,,,49,2,,,200,3,88,12,0,,121,48,,15,2,,,,,,,LWEA038
Ice Hammer,weapon\onehand\osw31\osw31.txt,,,212,43600,0,50,50,957,339,576,12,5,557,42,,,,31,73,10,142,,,,,,,50,2,,,200,3,101,12,0,,121,48,,15,2,,,,,,,LWEA039
Morning Star,weapon\onehand\osw13\osw13.txt,,,212,61250,0,50,53,958,340,576,12,5,558,46,,,,31,81,10,156,,,,,,,52,2,,,200,3,119,13,0,,121,48,,15,2,,,,,,,LWEA040
Pony Hammer,weapon\onehand\osw6\osw6.txt,,,212,79650,0,50,56,959,341,576,12,6,559,50,,,,31,89,10,169,,,,,,,53,2,,,200,3,129,12,0,,121,48,,15,2,,,,,,,LWEA041
Blood Mace,weapon\onehand\osw28\osw28.txt,,,212,103600,0,60,59,960,342,576,12,7,560,53,,,,31,96,10,181,,,,,,,54,2,,,200,3,142,12,0,,121,48,,15,2,,,,,,,LWEA042
Scorpion Club,weapon\onehand\osw29\osw29.txt,,,212,126250,0,60,62,962,343,576,12,7,561,57,,,,31,103,10,193,,,,,,,56,2,,,200,3,150,11,0,,121,48,,15,2,,,,,,,LWEA043
Battle Mace,weapon\onehand\osw22\osw22.txt,,,212,165850,0,60,64,963,344,576,12,8,562,61,,,,31,110,10,205,,,,,,,57,2,,,200,3,170,12,0,,121,48,,15,2,,,,,,,LWEA044
Great Hammer,weapon\onehand\osw32\osw32.txt,,,212,216900,0,70,67,964,345,576,12,9,563,65,,,,31,117,10,217,,,,,,,58,2,,,200,3,193,13,0,,121,48,,15,2,,,,,,,LWEA045
Forest Hammer,weapon\onehand\osw37\osw37.txt,,,212,262700,0,70,70,965,346,576,12,9,564,40,,,,31,124,10,228,,,,,,,60,2,,,250,3,201,12,0,,121,48,,15,2,,,,,,,LWEA046
Labor Hammer,weapon\onehand\osw38\osw38.txt,,,212,315950,0,60,72,966,347,576,12,10,565,42,,,,31,130,10,238,,,,,,,61,2,,,250,3,214,12,0,,121,48,,15,2,,,,,,,LWEA047
Nirvana Hammer,weapon\onehand\osw39\osw39.txt,,,212,376350,0,70,74,967,348,576,12,10,565,45,,,,31,136,10,248,,,,,,,62,2,,,250,3,229,12,0,,121,48,,15,2,,,,,,,LWEA048
Doom Hammer,weapon\onehand\osw42\osw42.txt,,,212,421350,0,70,78,969,349,576,,11,,,,,,31,146,10,265,,,,,,,64,2,,,250,3,253,12,0,,121,48,,15,2,,,,,,,LWEA049
Final Hammer,weapon\onehand\osw43\osw43.txt,,,212,471350,0,70,82,968,350,576,,11,,,,,,31,156,10,282,,,,,,,66,2,,,250,3,279,12,0,,121,48,,15,2,,,,,,,LWEA050
Northern Light,weapon\onehand\osw52\osw52.txt,,,212,659050,0,70,84,970,353,576,,12,,,,,,31,186,10,319,,,,,,,69,2,,,250,3,343,13,0,,121,48,,15,2,,,,,,,LWEA053
Skull Breaker,weapon\onehand\osw54\osw54.txt,,,212,714500,0,80,86,971,354,576,,12,,,,,,31,200,10,332,,,,,,,71,2,,,250,3,369,12,0,,121,48,,15,2,,,,,,,LWEA054
Bone Club,WEAPON\ONEHAND\OSW46,,,212,500500,0,80,83,946,351,576,,13,,,,,,31,168,10,293,,,,,,,67,2,,,250,3,295,12,,,121,48,,15,2,,,,,,,LWEA051
Heavy Bolt,WEAPON\ONEHAND\OSW47,,,212,540900,0,80,84,947,352,576,,13,,,,,,31,177,10,306,,,,,,,68,2,,,250,3,322,13,,,121,48,,15,2,,,,,,,LWEA052
GM Stick,weapon\onehand\osw55\osw55.txt,,6,212,711600,0,40,92,906,325,577,,12,,,,,,31,1,10,1,,20,5000,,,,120,2,,,250,3,1000,11,0,,121,48,,15,2,,,,,,,LWEA055
GM Stop,weapon\onehand\osw56\osw56.txt,,6,212,711600,0,40,92,904,325,577,,12,,,,,,31,1,10,1,,20,5000,,,,120,2,,,250,3,1000,11,0,,121,48,,15,2,,,,,,,LWEA056
Eagle Slayer,WEAPON\twohand\twohand_career070\twohand_career070.txt,,,212,794320,0,80,87,3659,1036,576,,,,,,,,31,212,10,341,,,,,,,80,2,,,250,3,409,11,0,,121,48,,15,2,,,,,,,LWEA057
Glacier Cutter,WEAPON\twohand\twohand_career031\twohand_career031.txt,,,212,923000,0,90,90,3675,1037,576,,,,,,,,31,222,10,383,,,,,,,82,2,,,250,3,449,11,,,121,48,,15,2,,,,,,,LWEA058
Requiem of Souls Hammer,WEAPON\onehand\glittler_handhammer.txt,,,212,1184511,0,100,92,8699,1165,576,,,,,,,,140,10,10,399,,,,,,,83,2,,,250,3,494,11,,,121,48,,15,2,31,,,,,,LWEA059
,,,,212,1836700,0,100,98,,360,576,,,,,,,,31,197,10,350,,,,,,,73,2,,,250,3,396,12,,,121,48,,15,,,,,,,,
Simple Crossbow,WEAPON\far\bog3\bog3.txt,,,271,8155,0,10,44,988,361,578,13,2,631,26,,,,31,40,10,62,,,,,,,42,2,,,2000,11,52,10,0,151,,,71,,1,,,,,,,LWEA061
Cutter Crossbow,WEAPON\far\bog5\bog5.txt,,,271,15240,0,10,48,989,362,578,13,3,632,30,,,,31,50,10,74,,,,,,,44,2,,,2000,11,65,10,0,151,,,71,,1,,,,,,,LWEA062
Quick Crossbow,WEAPON\far\bog1\bog1.txt,,,271,23130,0,15,52,990,363,578,13,3,633,34,,,,31,59,10,86,,,,,,,45,2,,,2000,11,71,8,0,151,,,71,,1,,,,,,,LWEA063
Crossbow Gun,WEAPON\far\bog4\bog4.txt,,,271,39400,0,20,56,991,364,578,13,4,634,38,,,,31,68,10,97,,,,,,,47,2,,,2200,11,88,9,0,151,,,71,,1,,,,,,,LWEA064
Poison Crossbow,WEAPON\far\bog2\bog2.txt,,,271,57050,0,20,60,992,365,578,13,5,635,42,,,,31,77,10,109,,,,,,,48,2,,,2200,11,106,10,0,151,,,71,,1,,,,,,,LWEA065
Dark Crossbow,WEAPON\far\bog6\bog6.txt,,,271,75050,0,20,63,993,366,578,13,6,636,45,,,,31,85,10,119,,,,,,,49,2,,,2200,11,119,10,0,151,,,71,,1,,,,,,,LWEA066
Elf Crossbow,WEAPON\far\bog7\bog7.txt,,,271,98500,0,25,66,994,367,578,13,6,637,49,,,,31,93,10,129,,,,,,,51,2,,,2300,11,128,9,0,151,,,71,,1,,,,,,,LWEA067
Anima Crossbow,WEAPON\far\bog8\bog8.txt,,,271,131900,0,25,70,995,368,578,13,7,638,53,,,,31,101,10,139,,,,,,,52,2,,,2300,11,149,10,0,151,,,71,,1,,,,,,,LWEA068
OverGear Crossbow,WEAPON\far\bog9\bog9.txt,,,271,171900,0,30,73,996,369,578,13,8,639,40,,,,31,109,10,149,,,,,,,53,2,,,2300,11,165,10,0,151,,,71,,1,,,,,,,LWEA069
Steel Crossbow,WEAPON\onehand\bog10\bog10.txt,,,271,196900,0,30,79,997,370,578,,8,,,,,,31,122,10,166,,,,,,,55,2,,,2300,11,192,10,0,151,,,71,,1,,,,,,,LWEA070
Mythril Crossbow,WEAPON\onehand\bog11\bog11.txt,,,271,231900,0,30,84,998,371,578,,9,,,,,,31,134,10,179,,,,,,,57,2,,,2400,11,232,10,0,151,,,71,,1,,,,,,,LWEA071
Cyclone Crossbow,WEAPON\onehand\bog12\bog12.txt,,,271,342950,0,30,83,986,372,578,,10,,,,,,31,147,10,192,,,,,,,58,2,,,2400,11,256,10,0,151,,,71,,1,,,,,,,LWEA072
Tribal Crossbow,WEAPON\onehand\bog12\bog13.txt,,,271,410750,0,30,85,984,374,578,,10,,,,,,31,156,10,212,,,,,,,59,2,,,2500,11,275,9,0,151,,,71,,,,,,,,,LWEA073
Military Crossbow,WEAPON\onehand\bog12\bog14.txt,,,271,506550,0,35,88,983,375,578,,11,,,,,,31,168,10,225,,,,,,,60,2,,,2500,11,294,9,0,151,,,71,,,,,,,,,LWEA074
Dragon Crossbow,WEAPON\onehand\bog12\bog15.txt,,,271,597600,0,35,90,982,376,578,,12,,,,,,31,180,10,238,,,,,,,61,2,,,2500,11,320,10,0,151,,,71,,,,,,,,,LWEA075
Four Stick Crossbow,WEAPON\onehand\bog12\bog16.txt,,,271,699850,0,40,92,985,373,578,,12,,,,,,31,200,10,251,,,,,,,62,2,,,2500,11,341,9,0,151,,,71,,,,,,,,,LWEA076
Harpoon Crossbow,WEAPON\far\bog_career001\bog_career001.txt,,,271,1,,30,10,3224,1046,578,,,,,,,,31,200,10,200,,,,,,,50,2,,,2000,11,300,9,0,151,,,71,,1,,,,,,,LWEA077
Hyksos Crossbow,WEAPON\far\bog_career002\bog_career002.txt,,,271,741840,0,40,93,3660,1075,578,,,,,,,,31,212,10,263,,,,,,,73,2,,,2700,11,372,10,0,151,,,71,,1,,,,,,,LWEA078
Hydra Crossbow,WEAPON\far\bog_career003\bog_career003.txt,,,271,741840,0,40,93,3672,1076,578,,,,,,,,31,212,10,263,,,,,,,73,2,,,2700,11,374,10,0,151,,,71,,1,,,,,,,LWEA079
Nepheramun Crossbow,WEAPON\far\bog_career002\bog_career002.txt,,,271,984620,0,40,90,3660,1075,578,,,,,,,,31,222,10,291,,,,,,,75,2,,,2700,11,414,10,0,151,,,71,,1,,,,,,,LWEA080
Requiem of Souls Crossbow,WEAPON\far\glitter_crossbow.txt,,,271,1098740,0,40,92,8700,1166,578,,,,,,,,140,10,10,309,,,,,,,76,2,,,2800,11,459,10,0,151,,,71,,1,31,,,,,,LWEA081
,,,,,,,,,,382,,,,,,,,,,,,,,,,,,,,,,,,,,,,,,,,,,,,,,,,
Cold-Hearted Bow,WEAPON\far\far_career080\far_career080.txt,,6,231,1000,0,10,15,4012,1012,578,,,,,,,,,,,,,,,,,,50,2,,,1800,10,33,10,0,151,,,71,0,1,,,,,,,LWEA083
Magical Heart Wand,WEAPON\magic\magicalwand\magicalwand_1030_cr.txt,,6,242,0,0,1,20,8172,1131,578,,,,,,,,,,,,,,,,,,30,2,,,600,14,15,12,1,186,,37,89,,1,,,,,,,LWEA084
Razer Fan,WEAPON\onehand\onehand_fashion009_d\onehand_fashion009_d.txt,,,212,8172,0,33,10,4174,1166,576,,,,,,,,,,31,30,,,,,,,39,2,,,100,3,314,12,0,0,121,48,0,15,2,,,,,,,LWEA085
Love Stick,WEAPON\twohand\twohand_career078\twohand_career078.txt,,6,221,125676,0,39,15,4170,1010,577,,,,,,,,31,80,,,,,,,,,40,2,,,200,5,877,14,0,0,131,39,0,5,2,,,,,,,LWEA086
Heart Bow,WEAPON\far\far_career080\far_career080.txt,,6,231,1000,0,10,15,2727,1012,578,,,,,,,,,,,,,,,,,,50,2,,,1800,10,33,10,0,151,,,71,0,1,,,,,,,LWEA087
Fish Gun,WEAPON\far\far_career081\far_career081.txt,,6,232,123814,0,40,15,4173,1013,578,,,,,,,,31,80,,,,,,,,,36,2,,,2200,26,864,10,0,0,171,84,78,0,1,,,,,,,LWEA088
Heart Wand,WEAPON\magic\mto1\mto1.txt,,6,242,0,0,1,20,7365,1131,578,,,,,,,,,,,,,,,,,,30,2,,,600,14,12,12,1,186,,37,89,,1,,,,,,,LWEA089
,,,,,,,,,,390,577,,,,,,,,,,,,,,,,,,,,,,,,,,,,,,,,,,,,,,,
NOT SPECIFIED,WEAPON\onehand\osw3\osw3.txt,,,211,3500,0,15,45,,391,577,,,,,,,,,,,,,,,,,,40,0,,,300,1,20,18,0,,101,,,,2,,,,,,,LWEA091
NOT SPECIFIED,weapon\onehand\osw4\osw4.txt,,,211,5100,0,10,45,,392,577,,,,,,,,,,,,,,,,,,45,0,,,300,1,20,12,0,,101,,,,2,,,,,,,LWEA092
NOT SPECIFIED,weapon\onehand\osw17\osw17.txt,,,211,7150,0,10,45,,393,577,,,,,,,,,,,,,,,,,,45,0,,,300,1,20,8,0,,101,,,,2,,,,,,,LWEA093
NOT SPECIFIED,WEAPON\far\fgu7\fgu7.txt,,,232,3500,0,10,45,,394,577,,,,,,,,,,,,,,,,,,35,0,,,3000,12,20,20,0,,101,,,,1,,,,,,,LWEA094
NOT SPECIFIED,WEAPON\far\fgu10\fgu10.txt,,,232,5150,0,10,45,,395,577,,,,,,,,,,,,,,,,,,35,0,,,3000,12,20,13,0,,101,,,,1,,,,,,,LWEA095
NOT SPECIFIED,WEAPON\far\fgu11\fgu11.txt,,,232,7750,0,10,45,,396,577,,,,,,,,,,,,,,,,,,35,0,,,3000,12,20,8,0,,101,,,,2,,,,,,,LWEA096
NOT SPECIFIED,weapon\onehand\osw4\osw4.txt,,,211,7500,0,10,99,,397,577,,,,,,,,,,,,,,,,,,45,0,,,300,1,20,12,0,,101,,,,2,,,,,,,LWEA097
NOT SPECIFIED,WEAPON\far\fgu10\fgu10.txt,,,232,7600,0,10,99,,398,577,,,,,,,,,,,,,,,,,,35,0,,,3000,12,20,13,0,,101,,,,1,,,,,,,LWEA098
NOT SPECIFIED,WEAPON\magic\mst4\mst4.txt,,,241,9900,0,10,99,,399,577,,,,,,,,,,,,,,,,,,40,0,,,450,6,20,13,1,,101,,,,2,,,,,,,LWEA099
,,,,,,,,,,400,577,,,,,,,,,,,,,,,,,,,,,,,,,,,,101,,,,,,,,,,,
Haedong Sword,WEAPON\twohand\tsw12\tsw12.txt,,,221,1275,0,15,32,1040,401,576,,,,,,,,31,10,10,32,,,,,,,38,2,,,250,5,24,11,0,,131,39,,5,2,,,,,,,LWEA101
Nameless Sword,WEAPON\twohand\tsw41\tsw41.txt,,,221,2820,0,20,36,1041,402,576,,,,,,,,31,20,10,50,,,,,,,40,2,,,250,5,35,11,0,,131,39,,5,2,,,,,,,LWEA102
Sword of Hardship,WEAPON\twohand\tsw42\tsw42.txt,,,221,5075,0,20,40,1042,403,576,11,2,521,20,,,,31,29,10,65,,,,,,,42,2,,,250,5,46,11,0,,131,39,,5,2,,,,,,,LWEA103
Cutter Edge,WEAPON\twohand\tsw43\tsw43.txt,,,221,8640,0,25,44,1043,404,576,11,2,522,22,,,,31,38,10,80,,,,,,,43,2,,,250,5,55,10,0,,131,39,,5,2,,,,,,,LWEA104
Surado,WEAPON\twohand\tsw44\tsw44.txt,,,221,15210,0,25,48,1044,405,576,11,3,523,26,,,,31,47,10,95,,,,,,,45,2,,,250,5,67,10,0,,131,39,,5,2,,,,,,,LWEA105
Bull Sword,WEAPON\twohand\tsw3\tsw3.txt,,,221,24950,0,25,51,1045,406,576,11,3,524,30,,,,31,56,10,110,,,,,,,47,2,,,250,5,84,11,0,,131,39,,5,2,,,,,,,LWEA106
Two-Handed Sword,WEAPON\twohand\tsw13\tsw13.txt,,,221,34900,0,30,55,1046,407,576,11,4,525,34,,,,31,64,10,123,,,,,,,48,2,,,250,5,97,11,0,,131,39,,5,2,,,,,,,LWEA107
After Blade,WEAPON\twohand\tsw15\tsw15.txt,,,221,47300,0,30,58,1047,408,576,11,4,526,38,,,,31,72,10,136,,,,,,,50,2,,,250,5,110,11,0,,131,39,,5,2,,,,,,,LWEA108
Executioner ,WEAPON\twohand\tsw14\tsw14.txt,,,221,67600,0,30,62,1048,409,576,11,5,527,41,,,,31,80,10,149,,,,,,,51,2,,,250,5,130,12,0,,131,39,,5,2,,,,,,,LWEA109
Bastard Sword,WEAPON\twohand\tsw1\tsw1.txt,,,221,85700,0,40,65,1049,410,576,11,6,528,45,,,,31,88,10,162,,,,,,,53,2,,,250,5,140,11,0,,131,39,,5,2,,,,,,,LWEA110
Claymore,WEAPON\twohand\tsw2\tsw2.txt,,,221,108100,0,40,68,1050,411,576,11,7,529,49,,,,31,95,10,174,,,,,,,54,2,,,250,5,154,11,0,,131,39,,5,2,,,,,,,LWEA111
Flamberge,WEAPON\twohand\tsw16\tsw16.txt,,,221,137650,0,50,71,1051,412,576,11,7,530,53,,,,31,102,10,185,,,,,,,55,2,,,250,5,169,11,0,,131,39,,5,2,,,,,,,LWEA112
Dragon Sword,WEAPON\twohand\tsw23\tsw23.txt,,,221,162800,0,50,74,1053,413,576,11,8,531,57,,,,31,109,10,197,,,,,,,56,2,,,250,5,176,10,0,,131,39,,5,2,,,,,,,LWEA113
Heroic Sword,WEAPON\twohand\tsw24\tsw24.txt,,,221,213750,0,60,77,1054,414,576,11,9,532,61,,,,31,116,10,208,,,,,,,58,2,,,250,5,200,11,0,,131,39,,5,2,,,,,,,LWEA114
Great Sword,WEAPON\twohand\tsw32\tsw32.txt,,,221,277200,0,60,80,1055,415,576,11,10,533,64,,,,31,123,10,219,,,,,,,59,2,,,250,5,225,12,0,,131,39,,5,2,,,,,,,LWEA115
Giant Sword,WEAPON\twohand\tsw33\tsw33.txt,,,221,332200,0,60,83,1056,416,576,11,10,534,42,,,,31,129,10,229,,,,,,,60,2,,,250,5,240,12,0,,131,39,,5,2,,,,,,,LWEA116
Shion's Guardian,WEAPON\twohand\tsw48\tsw48.txt,,,221,375000,0,70,85,1057,417,576,11,11,535,44,,,,31,135,10,239,,,,,,,61,2,,,250,5,246,11,0,,131,39,,5,2,,,,,,,LWEA117
Sacred Hander,WEAPON\twohand\tsw55\tsw55.txt,,,221,420000,0,70,88,1059,418,576,,11,,,,,,31,145,10,255,,,,,,,63,2,,,250,5,272,11,0,,131,39,,5,2,,,,,,,LWEA118
Explosion Hander,WEAPON\twohand\tsw56\tsw56.txt,,,221,470000,0,70,89,1058,419,576,,12,,,,,,31,155,10,271,,,,,,,65,2,,,250,5,286,10,0,,131,39,,5,2,,,,,,,LWEA119
Moon Sword,WEAPON\twohand\tsw69\tsw69.txt,,,221,617750,0,80,92,1062,422,576,,12,,,,,,31,186,10,304,,,,,,,68,2,,,250,5,359,11,0,,131,39,,5,2,,,,,,,LWEA122
Caliburn,WEAPON\twohand\tsw72\tsw72.txt,,,221,666700,0,80,93,1063,423,576,,13,,,,,,31,200,10,317,,,,,,,71,2,,,250,5,381,10,0,,131,39,,5,2,,,,,,,LWEA123
Spatha,WEAPON\TWOHAND\TSW61,,,221,500400,0,70,90,1066,420,576,,13,,,,,,31,166,10,284,,,,,,,66,2,,,250,5,298,10,0,,131,39,,5,2,,,,,,,LWEA120
Acolyte Sword,WEAPON\TWOHAND\TSW62,,,221,553000,0,70,91,1067,421,576,,14,,,,,,31,175,10,292,,,,,,,50,2,,,250,5,324,11,0,,131,39,,5,2,,,,,,,LWEA121
Glacier Cutter,WEAPON\twohand\twohand_career031\twohand_career031.txt,,,221,1,,30,10,879,1037,577,,,,,,,,31,200,10,200,,,,,,,50,2,,,250,5,300,10,0,,131,39,,5,2,,,,,,,LWEA124
Two Handed 1,WEAPON\twohand\twohand_career038\twohand_career038.txt,,,221,1,,30,10,880,1077,577,,,,,,,,31,200,10,200,,,,,,,50,2,,,250,5,400,11,0,,131,39,,5,2,,,,,,,LWEA125
Two Handed 2,WEAPON\twohand\twohand_career074\twohand_career074.txt,,,221,1,,30,10,881,1039,577,,,,,,,,31,200,10,200,,,,,,,50,2,,,250,5,300,10,0,,131,39,,5,2,,,,,,,LWEA126
Asmodeus Ritual Blade,WEAPON\twohand\twohand_career082\twohand_career082.txt,,,221,704300,0,90,94,3661,1040,577,,,,,,,,31,212,10,330,,,,,,,72,2,,,250,5,421,10,0,,131,39,,5,2,,,,,,,LWEA127
Warmaster Sword,WEAPON\twohand\twohand_career070\twohand_career070.txt,,,221,921000,0,90,96,3676,1038,577,,,,,,,,31,222,10,366,,,,,,,75,2,,,250,5,461,11,0,,131,39,,5,2,,,,,,,LWEA128
Requiem of Souls Claymore,WEAPON\twohand_glittler_twohandsword.txt,,,221,1254156,0,100,98,8701,1167,576,,,,,,,,140,10,10,388,,,,,,,76,2,,,250,5,506,11,0,,131,39,,5,2,31,,,,,,LWEA129
,,,,221,1979250,0,200,113,,430,576,,,,,,,,31,200,10,343,,,,,,,73,2,,,250,5,436,11,,,131,39,,5,,,,,,,,
Woodman Axe,WEAPON\twohand\tsw17\tsw17.txt,,,223,3150,0,15,38,1118,431,576,,,,,,,,31,21,10,57,,,,,,,40,2,,,150,8,36,11,0,,141,63,,20,2,,,,,,,LWEA131
Small Axe,WEAPON\twohand\tsw6\tsw6.txt,,,223,5840,0,20,42,1120,432,576,12,2,566,20,,,,31,30,10,73,,,,,,,42,2,,,150,8,47,11,0,,141,63,,20,2,,,,,,,LWEA132
Battle Axe,WEAPON\twohand\tsw5\tsw5.txt,,,223,10485,0,20,46,1119,433,576,12,2,567,22,,,,31,39,10,90,,,,,,,44,2,,,200,8,62,12,0,,141,63,,20,2,,,,,,,LWEA133
Tomahawk,WEAPON\twohand\tsw7\tsw7.txt,,,223,17450,0,25,50,1121,434,576,12,3,568,26,,,,31,48,10,106,,,,,,,46,2,,,200,8,75,12,0,,141,63,,20,2,,,,,,,LWEA134
Orc Axe,WEAPON\twohand\tsw18\tsw18.txt,,,223,24850,0,30,54,1122,435,576,12,3,569,30,,,,31,57,10,122,,,,,,,48,2,,,200,8,86,11,0,,141,63,,20,2,,,,,,,LWEA135
Tower Axe,WEAPON\twohand\tsw19\tsw19.txt,,,223,35650,0,30,58,1123,436,576,12,4,570,34,,,,31,65,10,136,,,,,,,49,2,,,200,8,103,12,0,,141,63,,20,2,,,,,,,LWEA136
Cross Axe,WEAPON\twohand\tsw25\tsw25.txt,,,223,49050,0,30,61,1124,437,576,12,5,571,38,,,,31,73,10,150,,,,,,,51,2,,,200,8,118,12,0,,141,63,,20,2,,,,,,,LWEA137
Silver Axe,WEAPON\twohand\tsw29\tsw29.txt,,,223,62950,0,35,65,1125,438,576,12,5,572,41,,,,31,81,10,164,,,,,,,52,2,,,200,8,128,11,0,,141,63,,20,2,,,,,,,LWEA138
Golden Axe,WEAPON\twohand\tsw30\tsw30.txt,,,223,83100,0,30,68,1126,439,576,12,6,573,45,,,,31,89,10,178,,,,,,,54,2,,,200,8,143,11,0,,141,63,,20,2,,,,,,,LWEA139
Great Axe,WEAPON\twohand\tsw34\tsw34.txt,,,223,109800,0,30,71,1127,440,576,12,7,574,49,,,,31,96,10,190,,,,,,,55,2,,,200,8,164,12,0,,141,63,,20,2,,,,,,,LWEA140
Ice Axe,WEAPON\twohand\tsw35\tsw35.txt,,,223,141200,0,40,74,1128,441,576,12,7,575,53,,,,31,103,10,202,,,,,,,56,2,,,200,8,179,12,0,,141,63,,20,2,,,,,,,LWEA141
Flame Axe,WEAPON\twohand\tsw31\tsw31.txt,,,223,169500,0,40,77,1129,442,576,12,8,576,57,,,,31,110,10,214,,,,,,,58,2,,,200,8,187,11,0,,141,63,,20,2,,,,,,,LWEA142
Earthquake,WEAPON\twohand\tsw36\tsw36.txt,,,223,224350,0,40,81,1131,443,576,12,9,577,61,,,,31,117,10,227,,,,,,,59,2,,,250,8,212,12,0,,141,63,,20,2,,,,,,,LWEA143
Bloody Axe,WEAPON\twohand\tsw49\tsw49.txt,,,223,275950,0,45,84,1132,444,576,12,9,578,40,,,,31,124,10,239,,,,,,,60,2,,,250,8,229,12,0,,141,63,,20,2,,,,,,,LWEA144
Collapse Axe,WEAPON\twohand\tsw50\tsw50.txt,,,223,312900,0,50,86,1133,445,576,12,10,579,42,,,,31,130,10,249,,,,,,,62,2,,,250,8,234,11,0,,141,63,,20,2,,,,,,,LWEA145
Adamantium Axe,WEAPON\twohand\tsw51\tsw51.txt,,,223,396550,0,60,89,1134,446,576,12,10,580,44,,,,31,136,10,259,,,,,,,63,2,,,250,8,260,12,0,,141,63,,20,2,,,,,,,LWEA146
Titan Axe,WEAPON\twohand\tsw57\tsw57.txt,,,223,441550,0,60,93,1135,447,576,,11,,,,,,31,146,10,277,,,,,,,65,2,,,250,8,287,12,0,,141,63,,20,,,,,,,,LWEA147
Behead Axe,WEAPON\twohand\tsw58\tsw58.txt,,,223,491550,0,60,94,1136,448,576,,11,,,,,,31,156,10,284,,,,,,,66,2,,,250,8,303,11,0,,141,63,,20,2,,,,,,,LWEA148
Nail Hatchet,WEAPON\twohand\tsw63\tsw63.txt,,,223,645200,0,60,95,1115,449,576,,12,,,,,,31,166,10,292,,,,,,,67,2,,,250,8,320,12,0,,141,63,,20,,,,,,,,LWEA149
Goblin Hatchet,WEAPON\twohand\tsw64\tsw64.txt,,,223,739700,0,60,95,1116,450,576,,12,,,,,,31,176,10,299,,,,,,,68,2,,,250,8,342,12,0,,141,63,,20,,,,,,,,LWEA150
Turak Axe,WEAPON\twohand\tsw70\tsw70.txt,,,223,843700,0,70,96,1137,451,576,,13,,,,,,31,186,10,311,,,,,,,69,2,,,250,8,363,12,0,,141,63,,20,,,,,,,,LWEA151
Jabberwock's Nail,WEAPON\twohand\tsw73\tsw73.txt,,,223,957750,0,70,97,1138,452,576,,13,,,,,,31,200,10,324,,,,,,,71,2,,,250,8,397,12,0,,141,63,,20,,,,,,,,LWEA152
Belial's Axe,WEAPON\twohand\twohand_career027\twohand_career027.txt,,,223,1024080,,70,98,3662,1035,576,,,,,,,,31,212,10,337,,,,,,,79,2,,,250,8,437,12,0,,141,63,,20,,,,,,,,LWEA153
Lava Axe of Athoum,WEAPON\twohand\u_tsw7\utsw7.txt,,,223,1223150,0,80,99,3677,1087,576,,,,,,,,31,222,10,373,,,,,,,75,2,,,250,8,477,12,,,141,63,,20,,,,,,,,LWEA154
Requiem of Souls Axe,WEAPON\twohand\glitter_axe.txt,,,223,957750,0,70,101,8702,1168,576,,,,,,,,140,10,10,392,,,,,,,71,2,,,250,8,522,12,0,,141,63,,20,,31,,,,,,LWEA155
,,,,223,1549350,0,90,112,,456,576,,15,,,,,,31,189,10,351,,,,,,,73,2,,,250,8,418,12,,,141,63,,20,,,,,,,,
,,,,223,1706650,0,100,114,,457,576,,,,,,,,31,193,10,357,,,,,,,74,2,,,250,8,432,12,,,141,63,,20,,,,,,,,
,,,,223,1869550,0,120,116,,458,576,,,,,,,,31,197,10,364,,,,,,,74,2,,,250,8,445,12,,,141,63,,20,,,,,,,,
,,,,223,2041850,0,130,117,,459,576,,,,,,,,31,201,10,371,,,,,,,75,2,,,250,8,459,12,,,141,63,,20,,,,,,,,
Seasonal Bamboo Spear,WEAPON\twohand\tsw20\tsw20.txt,,6,222,1000,0,10,23,9735,461,578,,,,,,,,,,,,,,,,,,35,2,,,350,6,13,9,0,,497,55,,25,2,,,,,,,LWEA160
Bamboo Spear,WEAPON\twohand\tsw20\tsw20.txt,,,222,380,0,10,23,1079,461,578,,,,,,,,,,,,,,,,,,35,2,,,350,6,13,9,0,,131,55,,25,2,,,,,,,LWEA161
Javelin,WEAPON\twohand\tsw22\tsw22.txt,,,222,1425,0,15,28,1080,462,577,,,,,,,,31,12,10,32,,,,,,,38,2,,,350,6,25,10,0,,131,55,,25,2,,,,,,,LWEA162
Round Spear,WEAPON\twohand\tsw26\tsw26.txt,,,222,2910,0,25,32,1081,463,577,12,1,581,20,,,,31,22,10,48,,,,,,,40,2,,,350,6,34,9,0,,131,55,,25,2,,,,,,,LWEA163
Scimitar,WEAPON\twohand\tsw10\tsw10.txt,,,222,5600,0,20,35,1082,464,577,12,2,582,22,,,,31,31,10,63,,,,,,,42,2,,,350,6,46,10,0,,131,55,,25,2,,,,,,,LWEA164
Bardiche,WEAPON\twohand\tsw27\tsw27.txt,,,222,9840,0,25,39,1083,465,577,12,2,583,26,,,,31,40,10,77,,,,,,,43,2,,,350,6,58,10,0,,131,55,,25,2,,,,,,,LWEA165
Iron Spear,WEAPON\twohand\tsw21\tsw21.txt,,,222,15975,0,30,42,1084,466,577,12,3,584,30,,,,31,49,10,91,,,,,,,45,2,,,350,6,67,9,0,,131,55,,25,2,,,,,,,LWEA166
Trident,WEAPON\twohand\tsw11\tsw11.txt,,,222,26300,0,30,46,1085,467,577,12,3,585,34,,,,31,58,10,105,,,,,,,46,2,,,350,6,83,10,0,,131,55,,25,2,,,,,,,LWEA167
Death Spear,WEAPON\twohand\tsw28\tsw28.txt,,,222,35900,0,35,49,1086,468,577,12,4,586,38,,,,31,66,10,117,,,,,,,48,2,,,350,6,92,9,0,,131,55,,25,2,,,,,,,LWEA168
Halberd,WEAPON\twohand\tsw37\tsw37.txt,,,222,48550,0,30,52,1087,469,577,12,5,587,42,,,,31,74,10,129,,,,,,,49,2,,,400,6,104,9,0,,131,55,,25,2,,,,,,,LWEA169
Lightning Spear,WEAPON\twohand\tsw38\tsw38.txt,,,222,67850,0,30,55,1088,470,577,12,5,588,45,,,,31,82,10,142,,,,,,,51,2,,,400,6,123,10,0,,131,55,,25,2,,,,,,,LWEA170
Shining Spear,WEAPON\twohand\tsw40\tsw40.txt,,,222,90250,0,40,58,1089,471,577,12,6,589,49,,,,31,90,10,154,,,,,,,52,2,,,400,6,138,10,0,,131,55,,25,2,,,,,,,LWEA171
Chaos Spear,WEAPON\twohand\tsw39\tsw39.txt,,,222,109000,0,40,61,1090,472,577,12,7,590,53,,,,31,97,10,164,,,,,,,53,2,,,400,6,145,9,0,,131,55,,25,2,,,,,,,LWEA172
Gungnir ,WEAPON\twohand\tsw46\tsw46.txt,,,222,137750,0,40,64,1092,473,577,12,7,591,57,,,,31,104,10,175,,,,,,,55,2,,,400,6,159,9,0,,131,55,,25,2,,,,,,,LWEA173
Oriental Spear,WEAPON\twohand\tsw47\tsw47.txt,,,222,180350,0,45,67,1093,474,577,12,8,592,61,,,,31,111,10,186,,,,,,,56,2,,,400,6,181,10,0,,131,55,,25,2,,,,,,,LWEA174
Dragon Spear,WEAPON\twohand\tsw45\tsw45.txt,,,222,222900,0,50,69,1094,475,577,12,9,593,42,,,,31,118,10,196,,,,,,,57,2,,,400,6,196,10,0,,131,55,,25,2,,,,,,,LWEA175
Dagan Spear,WEAPON\twohand\tsw52\tsw52.txt,,,222,273200,0,60,72,1095,476,577,12,9,594,44,,,,31,125,10,207,,,,,,,58,2,,,400,6,212,10,0,,131,55,,25,2,,,,,,,LWEA176
Longinus Spear,WEAPON\twohand\tsw53\tsw53.txt,,,222,330200,0,50,74,1096,477,577,12,10,595,46,,,,31,131,10,216,,,,,,,59,2,,,450,6,226,10,0,,131,55,,25,2,,,,,,,LWEA177
Nimrodpiece,WEAPON\twohand\tsw54\tsw54.txt,,,222,373250,0,50,77,1097,478,577,12,10,596,48,,,,31,137,10,225,,,,,,,60,2,,,450,6,230,9,0,,131,55,,25,2,,,,,,,LWEA178
Fury Spantun,WEAPON\twohand\tsw59\tsw59.txt,,,222,418250,0,55,81,1099,479,577,,11,,,,,,31,147,10,240,,,,,,,62,2,,,450,6,265,10,0,,131,55,,25,2,,,,,,,LWEA179
Punisher Drill,WEAPON\twohand\tsw60\tsw60.txt,,,222,468250,0,55,85,1098,480,577,,11,,,,,,31,157,10,255,,,,,,,64,2,,,450,6,292,10,0,,131,55,,25,2,,,,,,,LWEA180
Keil Cutter,WEAPON\twohand\tsw65\tsw65.txt,,,222,612800,0,70,86,1076,481,577,,12,,,,,,31,170,10,271,,,,,,,65,2,,,450,6,324,9,,,131,55,,25,2,,,,,,,LWEA181
Reams Puricator,WEAPON\twohand\tsw66\tsw66.txt,,,222,740250,0,70,85,1077,482,577,,12,,,,,,31,160,10,260,,,,,,,64,2,,,450,6,300,10,,,131,55,,25,,,,,,,,LWEA182
Warlord Spear,WEAPON\twohand\tsw71\tsw71.txt,,,222,792950,0,80,87,1102,487,577,,13,,,,,,31,180,10,282,,,,,,,68,2,,,450,6,341,9,,,131,55,,25,,,,,,,,LWEA183
Widow Maker,WEAPON\twohand\tsw74\tsw74.txt,,,222,952550,0,80,88,1103,488,577,,13,,,,,,31,200,10,295,,,,,,,69,2,,,450,6,365,10,,,131,55,,25,2,,,,,,,LWEA184
Fishing Rod,WEAPON\twohand\fishrod\fishrod.txt,,,222,50000,0,50,50,2982,781,577,,,,,,,,31,50,10,50,,,,,,,40,2,,,500,6,111,9,,,131,55,,25,2,,,,,,,LWEA185
Eternal Impaler,WEAPON\magic\magic_career035\magic_career035.txt,,,222,1021332,0,90,90,3663,1066,577,,,,,,,,31,212,10,309,,,,,,,79,2,,,500,6,405,10,,,131,55,,25,2,,,,,,,LWEA186
Deadly Avarice,WEAPON\onehand\onehand_fashion012\onehand_fashion012.txt,,,222,1322650,0,90,91,3687,1088,577,,,,,,,,31,222,10,348,,,,,,,73,2,,,500,6,445,9,,,131,55,,25,2,,,,,,,LWEA187
Requiem of Souls Spear,WEAPON\twohand\glitter_lance.txt,,,222,1455142,0,100,93,8703,1169,577,,,,,,,,140,10,10,359,,,,,,,74,2,,,500,6,490,9,,,131,55,,25,2,31,,,,,,LWEA188
,,,,222,1713000,0,130,99,,489,577,,,,,,,,31,194,10,311,,,,,,,70,2,,,500,6,399,10,,,131,55,,25,,,,,,,,
,,,,222,1897700,0,150,101,,490,577,,,,,,,,31,198,10,317,,,,,,,71,2,,,500,6,411,10,,,131,55,,25,,,,,,,,
,,,,,,,,,,491,577,,,,,,,,,,,,,,,,,,,,,,,,,,,,,,,,,,,,,,,
,,,,,,,,,,492,577,,,,,,,,,,,,,,,,,,,,,,,,,,,,,,,,,,,,,,,
,,,,,,,,,,493,577,,,,,,,,,,,,,,,,,,,,,,,,,,,,,,,,,,,,,,,
,,,,,,,,,,494,577,,,,,,,,,,,,,,,,,,,,,,,,,,,,,,,,,,,,,,,
,,,,,,,,,,495,577,,,,,,,,,,,,,,,,,,,,,,,,,,,,,,,,,,,,,,,
,,,,,,,,,,496,577,,,,,,,,,,,,,,,,,,,,,,,,,,,,,,,,,,,,,,,
,,,,,,,,,,497,577,,,,,,,,,,,,,,,,,,,,,,,,,,,,,,,,,,,,,,,
,,,,,,,,,,498,577,,,,,,,,,,,,,,,,,,,,,,,,,,,,,,,,,,,,,,,
,,,,,,,,,,499,577,,,,,,,,,,,,,,,,,,,,,,,,,,,,,,,,,,,,,,,
,,,,,,,,,,500,577,,,,,,,,,,,,,,,,,,,,,,,,,,,,,,,,,,,,,,,
Toy Bow,WEAPON\far\fgu8\fgu8.txt,,,231,460,0,5,28,1157,501,578,,,,,,,,,,,,,,,,,,35,2,,,2000,10,13,10,0,151,,,71,0,1,,,,,,,LWEA201
Short Bow,WEAPON\far\fbo1\fbo1.txt,,,231,1175,0,5,32,1158,502,578,,,,,,,,31,10,11,29,,,,,,,38,2,,,2100,10,23,10,0,151,,,71,0,0,,,,,,,LWEA202
Long Bow,WEAPON\far\fbo2\fbo2.txt,,,231,2460,0,10,37,1159,503,578,13,1,601,20,,,,31,20,11,45,,,,,,,40,2,,,2200,10,33,10,0,151,,,71,0,1,,,,,,,LWEA203
Orc Bow,WEAPON\far\fbo10\fbo10.txt,,,231,4480,0,10,41,1160,504,578,13,2,602,22,,,,31,29,11,60,,,,,,,41,2,,,2200,10,43,10,0,151,,,71,0,1,,,,,,,LWEA204
White Wing Bow,WEAPON\far\fbo3\fbo3.txt,,,231,8040,0,10,44,1161,505,578,13,2,603,26,,,,31,38,11,74,,,,,,,43,2,,,2200,10,55,10,0,151,,,71,0,1,,,,,,,LWEA205
Elf Bow,WEAPON\far\fbo12\fbo12.txt,,,231,13590,0,15,48,1162,506,578,13,3,604,30,,,,31,47,11,88,,,,,,,44,2,,,2300,10,67,10,0,151,,,71,0,1,,,,,,,LWEA206
Iron Bow,WEAPON\far\fbo13\fbo13.txt,,,231,22400,0,15,52,1163,507,578,13,3,605,34,,,,31,56,11,102,,,,,,,46,2,,,2300,10,80,10,0,151,,,71,0,1,,,,,,,LWEA207
Maiya Bow,WEAPON\far\fbo11\fbo11.txt,,,231,30550,0,15,56,1164,508,578,13,4,606,38,,,,31,64,11,114,,,,,,,47,2,,,2300,10,93,10,0,151,,,71,0,1,,,,,,,LWEA208
Rider Bow,WEAPON\far\fbo4\fbo4.txt,,,231,42600,0,20,59,1165,509,578,13,4,607,42,,,,31,72,11,126,,,,,,,49,2,,,2400,10,106,10,0,151,,,71,0,1,,,,,,,LWEA209
Half-Elf Bow,WEAPON\far\fbo5\fbo5.txt,,,231,56950,0,20,63,1166,510,578,13,5,608,45,,,,31,80,11,139,,,,,,,50,2,,,2400,10,120,10,0,151,,,71,0,1,,,,,,,LWEA210
Mythril Bow,WEAPON\far\fbo6\fbo6.txt,,,231,76600,0,20,66,1167,511,578,13,6,609,49,,,,31,88,11,151,,,,,,,52,2,,,2400,10,135,10,0,151,,,71,0,1,,,,,,,LWEA211
Bow of East Archer,WEAPON\far\fbo7\fbo7.txt,,,231,94950,0,20,69,1168,512,578,13,7,610,53,,,,31,95,11,161,,,,,,,53,2,,,2400,10,149,10,0,151,,,71,0,1,,,,,,,LWEA212
Cupid Bow,WEAPON\far\fbo8\fbo8.txt,,,231,124050,0,20,72,1183,513,578,13,7,611,57,,,,31,102,11,172,,,,,,,54,2,,,2500,10,163,10,0,151,,,71,0,1,,,,,,,LWEA213
Bow of Wind Spirit,WEAPON\far\fbo9\fbo9.txt,,,231,153300,0,20,75,1184,514,578,13,8,612,61,,,,31,109,11,183,,,,,,,55,2,,,2500,10,177,10,0,151,,,71,0,1,,,,,,,LWEA214
Dual Stick Bow,WEAPON\far\fbo14\fbo14.txt,,,231,191900,0,25,78,1185,515,578,13,9,613,42,,,,31,116,11,193,,,,,,,57,2,,,2500,10,193,10,0,151,,,71,0,1,,,,,,,LWEA215
Mediator Bow,WEAPON\far\fbo15\fbo15.txt,,,231,236250,0,25,81,1186,516,578,13,9,614,44,,,,31,123,11,204,,,,,,,58,2,,,2500,10,209,10,0,151,,,71,0,1,,,,,,,LWEA216
Lynx Bow,WEAPON\far\fbo16\fbo16.txt,,,231,281850,0,25,84,1187,517,578,13,10,615,46,,,,31,129,11,213,,,,,,,59,2,,,2500,10,223,10,0,151,,,71,0,1,,,,,,,LWEA217
Bifenith Bow,WEAPON\far\fbo17\fbo17.txt,,,231,338300,0,30,86,1188,518,578,13,10,616,48,,,,31,135,11,222,,,,,,,60,2,,,2500,10,237,10,0,151,,,71,0,1,,,,,,,LWEA218
Zephyr Long Bow,WEAPON\far\fbo19\fbo19.txt,,,231,383300,0,30,91,1189,519,578,,11,,,,,,31,145,11,237,,,,,,,62,2,,,2500,10,262,10,0,151,,,71,0,1,,,,,,,LWEA219
Six Stick Bow,WEAPON\far\fbo18\fbo18.txt,,,231,433300,0,30,93,1190,520,578,,11,,,,,,31,155,11,252,,,,,,,63,2,,,2600,10,289,10,,151,,,71,0,1,,,,,,,LWEA220
Kentauros Bow,WEAPON\far\fbo23\fbo23.txt,,,231,558350,0,30,96,1191,524,578,,12,,,,,,31,185,11,284,,,,,,,65,2,,,2700,10,345,10,,151,,,71,0,1,,,,,,,LWEA221
Zephyr Falcon,WEAPON\far\fbo24\fbo24.txt,,,231,639500,0,30,97,1192,525,578,,12,,,,,,31,200,11,296,,,,,,,67,2,,,2700,10,375,10,,151,,,71,0,1,,,,,,,LWEA222
Ferrum Bow,WEAPON\far\fbo21\fbo21.txt,,,231,489000,0,30,94,1154,522,578,,13,,,,,,31,167,11,264,,,,,,,65,2,,,2600,10,311,10,,151,,,71,0,1,,,,,,,LWEA223
Aquilia Bow,WEAPON\far\fbo22\fbo22.txt,,,231,527500,0,30,95,1155,523,578,,13,,,,,,31,175,11,272,,,,,,,66,2,,,2700,10,325,10,,151,,,71,0,1,,,,,,,LWEA224
Draconic Spike Bow,WEAPON\far\far_career045\far_career045.txt,,6,231,1000,0,20,30,882,1050,578,,,,,,,,,,,,,,,,,,75,2,,,2000,10,10,10,,151,,,71,0,2,,,,,,,LWEA225
Bat Bow,WEAPON\far\far_career047\far_career047.txt,,,231,1,,30,10,939,1051,578,,,,,,,,31,200,11,200,,,,,,,50,2,,,2000,10,300,10,,151,,,71,0,1,,,,,,,LWEA226
Pincer Bow,WEAPON\far\far_career049\far_career049.txt,,,231,932147,0,35,98,3664,1052,578,,,,,,,,31,212,11,308,,,,,,,70,2,,,2900,10,415,10,,151,,,71,0,1,,,,,,,LWEA227
Crusader Short Bow,WEAPON\far\far_career071\far_career071.txt,,,231,932147,0,35,98,3673,1078,578,,,,,,,,31,218,11,312,,,,,,,70,2,,,1200,10,490,12,,151,,,71,0,1,,,,,,,LWEA228
Carnival Bow,WEAPON\far\far_fashion003\far_fashion003.txt,,,231,1023000,0,30,99,3688,1089,578,,,,,,,,31,222,11,349,,,,,,,75,2,,,3000,10,455,10,,151,,,71,0,1,,,,,,,LWEA229
Requiem of Souls Bow,WEAPON\far\glitter_bow.txt,,,231,1215481,0,40,101,8704,1170,578,,,,,,,,140,10,11,372,,,,,,,76,2,,,3200,10,500,10,,151,,,71,0,1,32,,,,,,LWEA230
Bubble Gun,WEAPON\far\fgu7\fgu7.txt,,,232,1425,0,10,33,1209,531,578,,,,,,,,31,10,13,32,,,,,,,38,2,,,2200,26,24,10,0,175,,82,78,0,1,,,,,,,LWEA231
Air Gun,WEAPON\far\fgu10\fgu10.txt,,,232,3120,0,10,38,1210,532,578,14,1,651,20,,,,31,20,13,48,,,,,,,40,2,,,2200,26,34,10,0,172,,84,78,0,1,,,,,,,LWEA232
Gloria Gun,WEAPON\far\fgu11\fgu11.txt,,,232,6020,0,15,42,1211,533,578,14,2,652,22,,,,31,29,13,62,,,,,,,41,2,,,2300,26,45,10,0,171,,82,78,0,1,,,,,,,LWEA233
Iron Rifle,WEAPON\far\fgu5\fgu5.txt,,,232,10560,0,20,46,1212,534,578,14,2,653,26,,,,31,38,13,76,,,,,,,43,2,,,2300,12,56,10,0,173,,84,78,0,1,,,,,,,LWEA234
Iron Shotgun,WEAPON\far\fgu6\fgu6.txt,,,232,17280,0,20,50,1213,535,578,14,3,654,30,,,,31,47,13,89,,,,,,,45,2,,,2300,12,68,10,0,174,,84,78,0,1,,,,,,,LWEA235
Sorden Gun,WEAPON\far\fgu20\fgu20.txt,,,232,29100,0,20,54,1214,536,578,14,3,655,34,,,,31,56,13,103,,,,,,,46,2,,,2300,26,82,10,0,174,,84,78,0,1,,,,,,,LWEA236
Edge Gun,WEAPON\far\fgu21\fgu21.txt,,,232,39000,0,25,57,1215,537,578,14,4,656,38,,,,31,64,13,115,,,,,,,48,2,,,2300,12,94,10,0,174,,84,78,0,1,,,,,,,LWEA237
Showdown Gun,WEAPON\far\fgu22\fgu22.txt,,,232,54700,0,25,61,1216,538,578,14,4,657,42,,,,31,72,13,127,,,,,,,49,2,,,2300,26,108,10,0,174,,84,78,0,1,,,,,,,LWEA238
Beretta,WEAPON\far\fgu23\fgu23.txt,,,232,73900,0,30,64,1217,539,578,14,5,658,45,,,,31,80,13,139,,,,,,,50,2,,,2500,26,122,10,0,174,,84,78,0,1,,,,,,,LWEA239
Sniper Gun,WEAPON\far\fgu13\fgu13.txt,,,232,98400,0,30,68,1218,540,578,14,6,659,49,,,,31,88,13,150,,,,,,,52,2,,,2500,12,137,10,0,174,,84,78,0,1,,,,,,,LWEA240
Justice Cannon,WEAPON\far\fgu14\fgu14.txt,,,232,127300,0,30,71,1219,541,578,14,7,660,53,,,,31,95,13,161,,,,,,,53,2,,,2500,12,150,10,0,174,,84,78,0,1,,,,,,,LWEA241
RP-911,WEAPON\far\fgu15\fgu15.txt,,,232,161650,0,30,74,1220,542,578,14,7,661,57,,,,31,102,13,171,,,,,,,54,2,,,2500,12,164,10,0,174,,84,78,0,1,,,,,,,LWEA242
Piercing Gun,WEAPON\far\fgu16\fgu16.txt,,,232,207800,0,30,77,1222,543,578,14,8,662,59,,,,31,109,13,181,,,,,,,55,2,,,2700,12,179,10,0,174,,84,78,0,1,,,,,,,LWEA243
Remington,WEAPON\far\fgu17\fgu17.txt,,,232,256200,0,35,80,1223,544,578,14,9,663,61,,,,31,116,13,191,,,,,,,56,2,,,2700,12,194,10,0,174,,84,78,0,1,,,,,,,LWEA244
Brave Gun,WEAPON\far\fgu18\fgu18.txt,,,232,319250,0,35,83,1224,545,578,14,10,664,63,,,,31,123,13,202,,,,,,,58,2,,,2700,12,210,10,0,174,,84,78,0,1,,,,,,,LWEA245
Bastard Gun,WEAPON\far\fgu19\fgu19.txt,,,232,387800,0,40,86,1225,546,578,14,10,665,65,,,,31,129,13,211,,,,,,,59,2,,,2900,12,224,10,0,174,,84,78,0,1,,,,,,,LWEA246
Steam Shocker,WEAPON\far\fgu24\fgu24.txt,,,232,461100,0,40,88,1226,547,578,14,11,666,45,,,,31,135,13,219,,,,,,,60,2,,,2900,12,239,10,0,171,,84,78,0,1,,,,,,,LWEA247
Shock Impact Gun,WEAPON\far\fgu25\fgu25.txt,,,232,506100,0,40,93,1227,548,578,,11,,,,,,31,145,13,234,,,,,,,62,2,,,2900,12,264,10,0,171,,84,78,0,1,,,,,,,LWEA248
White Night Gun,WEAPON\far\fgu26\fgu26.txt,,,232,556100,0,45,94,1228,549,578,,12,,,,,,31,155,13,248,,,,,,,63,2,,,2900,12,290,10,0,171,,84,78,0,1,,,,,,,LWEA249
Winchester,WEAPON\far\fgu27\fgu27.txt,,,232,766600,0,50,97,1229,550,578,,12,,,,,,31,185,13,281,,,,,,,66,2,,,3000,12,362,10,0,171,,84,78,0,,,,,,,,LWEA250
Tornado Rifle,WEAPON\far\fgu28\fgu28.txt,,,232,875350,0,50,99,1230,551,578,,13,,,,,,31,200,13,297,,,,,,,67,2,,,3000,12,386,10,0,171,,84,78,0,,,,,,,,LWEA251
Blunderbuss,WEAPON\far\fgu29\fgu29.txt,,,232,612030,0,50,95,1231,552,578,,12,,,,,,31,165,13,259,,,,,,,64,2,,,3000,12,324,10,0,171,,84,78,0,1,,,,,,,LWEA252
Desert Eagle,WEAPON\far\fgu30\fgu30.txt,,,232,675200,0,40,96,1232,553,578,,12,,,,,,31,175,13,274,,,,,,,65,2,,,3000,26,348,9,0,171,,84,78,0,1,,,,,,,LWEA253
GM Shotgun,WEAPON\far\fgu31\fgu31.txt,,6,232,1318000,0,50,105,905,553,578,,14,,,,,,31,1,13,1,,20,3500,,,,120,2,,,5000,12,1500,10,0,171,,84,78,0,1,,,,,,,LWEA254
Annihilator,WEAPON\far\far_career057\far_career057.txt,,,232,1,,30,10,934,1053,578,,,,,,,,31,200,13,200,,,,,,,50,2,,,2000,12,300,10,0,171,,84,78,0,,,,,,,,LWEA255
Pulse Rifle,WEAPON\far\far_career059\far_career059.txt,,,232,1,,30,10,945,1054,578,,,,,,,,31,200,13,200,,,,,,,50,2,,,2000,12,300,10,0,171,,84,78,0,,,,,,,,LWEA256
Ceberus Gun,WEAPON\far\far_career061\far_career061.txt,,,232,1,,30,10,972,1055,578,,,,,,,,31,200,13,200,,,,,,,50,2,,,2000,12,300,10,0,171,,84,78,0,,,,,,,,LWEA257
Requiem of Souls Gun,WEAPON\far\glittler_gun.txt,,,232,1584451,,70,103,8705,1171,578,,,,,,,,140,10,13,375,,,,,,,74,2,,,3400,12,511,10,0,171,,84,78,0,,34,,,,,,LWEA258
Mana Shooter,WEAPON\far\far_career077\far_career077.txt,,,232,1450000,,60,101,3689,1059,578,,,,,,,,31,222,13,354,,,,,,,73,2,,,3300,12,466,9,0,171,,84,78,0,,,,,,,,LWEA259
Phased Plasma Gun,WEAPON\far\far_career093\far_career093.txt,,,232,1292016,,60,100,3666,1079,578,,,,,,,,31,212,13,313,,,,,,,70,2,,,3200,12,426,9,0,171,,84,78,0,,,,,,,,LWEA260
Wooden Launcher,WEAPON\far\cannon1\cannon1.txt,,,233,12720,0,20,44,1248,561,578,14,2,681,22,,,,31,30,10,28,,,,,,,39,2,,,2500,9,54,12,0,174,,84,78,0,0,,,,,,,LWEA261
Basic Launcher,WEAPON\far\cannon2\cannon2.txt,,,233,21915,0,20,48,1249,562,578,14,2,682,26,,,,31,39,10,36,,,,,,,40,2,,,2500,9,67,12,0,191,,84,78,0,0,,,,,,,LWEA262
Hard Launcher,WEAPON\far\cannon3\cannon3.txt,,,233,35900,0,20,52,1250,563,578,14,3,683,30,,,,31,48,10,44,,,,,,,41,2,,,2600,9,81,12,0,191,,84,78,0,0,,,,,,,LWEA263
Bronze Launcher,WEAPON\far\cannon4\cannon4.txt,,,233,52300,0,20,56,1251,564,577,14,3,684,34,,,,31,57,10,52,,,,,,,43,2,,,2600,9,96,12,0,191,,84,78,0,0,,,,,,,LWEA264
Marble Launcher,WEAPON\far\cannon5\cannon5.txt,,,233,73700,0,20,59,1252,565,577,14,4,685,38,,,,31,65,10,59,,,,,,,44,2,,,2700,9,110,12,0,191,,84,78,0,0,,,,,,,LWEA265
Orc Launcher,WEAPON\far\cannon6\cannon6.txt,,,233,99850,0,20,63,1253,566,577,14,5,686,41,,,,31,73,10,67,,,,,,,45,2,,,2700,9,125,12,0,191,,84,78,0,0,,,,,,,LWEA266
Mythril Launcher,WEAPON\far\cannon7\cannon7.txt,,,233,131350,0,20,66,1254,567,577,14,5,687,45,,,,31,81,10,74,,,,,,,46,2,,,2700,9,141,12,0,191,,84,78,0,0,,,,,,,LWEA267
Cross Launcher,WEAPON\far\cannon8\cannon8.txt,,,233,176550,0,20,70,1255,568,577,14,6,688,49,,,,31,89,10,80,,,,,,,47,2,,,2800,9,157,12,0,191,,84,78,0,0,,,,,,,LWEA268
Burning Launcher,WEAPON\far\cannon9\cannon9.txt,,,233,222950,0,20,73,1256,569,576,14,7,689,53,,,,31,96,10,87,,,,,,,48,2,,,2800,9,173,12,0,191,,84,78,0,0,,,,,,,LWEA269
Shadow Launcher,WEAPON\far\cannon11\cannon11.txt,,,233,283450,0,20,76,1257,570,576,14,7,690,57,,,,31,103,10,93,,,,,,,49,2,,,2800,9,188,12,0,191,,84,78,0,0,,,,,,,LWEA270
Corsair Cannon,WEAPON\far\cannon12\cannon12.txt,,,233,356550,0,20,79,1258,571,576,14,8,691,42,,,,31,110,10,99,,,,,,,50,2,,,3000,9,205,12,0,191,,84,78,0,0,,,,,,,LWEA271
Particle Cannon,WEAPON\far\cannon13\cannon13.txt,,,233,442350,0,20,83,1259,572,576,14,8,692,44,,,,31,117,10,105,,,,,,,51,2,,,3000,9,222,12,0,191,,84,78,0,0,,,,,,,LWEA272
Mana Cannon,WEAPON\far\cannon14\cannon14.txt,,,233,547750,0,20,86,1261,573,576,14,9,693,46,,,,31,124,10,111,,,,,,,51,2,,,3000,9,239,12,0,191,,84,78,0,0,,,,,,,LWEA273
Ferrell Cannon,WEAPON\far\cannon15\cannon15.txt,,,233,663300,0,20,88,1262,574,576,14,9,694,48,,,,31,130,10,116,,,,,,,52,2,,,3200,9,255,12,0,191,,84,78,0,0,,,,,,,LWEA274
Spero Shooter,WEAPON\far\cannon16\cannon16.txt,,,233,793150,0,20,91,1263,575,576,14,10,695,50,,,,31,136,10,121,,,,,,,53,2,,,3200,9,271,12,0,191,,84,78,0,0,,,,,,,LWEA275
Breakdown Cannon,WEAPON\far\cannon17\cannon17.txt,,,233,838150,0,20,96,1264,576,576,,11,,,,,,31,146,10,130,,,,,,,54,2,,,3200,9,299,12,,191,,84,78,0,0,,,,,,,LWEA276
Reverse Cannon,WEAPON\far\cannon18\cannon18.txt,,,233,888150,0,20,100,1265,577,576,,11,,,,,,31,156,10,138,,,,,,,56,2,,,3200,9,328,12,,191,,84,78,0,0,,,,,,,LWEA277
Hedgehog,WEAPON\far\cannon19\cannon19.txt,,,233,1113850,0,20,101,1266,578,576,,12,,,,,,31,186,10,159,,,,,,,59,2,,,3400,9,384,12,0,191,,84,78,0,0,,,,,,,LWEA278
Gigantic Wave,WEAPON\far\cannon20\cannon20.txt,,,233,1199100,0,20,101,1267,579,576,,12,,,,,,31,200,10,168,,,,,,,60,2,,,3400,9,419,12,0,191,,84,78,0,0,,,,,,,LWEA279
Devil Launcher,WEAPON\far\cannon21\cannon21.txt,,,233,910750,0,20,100,1268,580,576,,13,,,,,,31,166,10,145,,,,,,,57,2,,,3400,9,342,12,0,191,,84,78,0,0,,,,,,,LWEA280
Imperial Launcher,WEAPON\far\cannon22\cannon22.txt,,,233,1055450,0,20,100,1269,581,576,,13,,,,,,31,176,10,151,,,,,,,58,2,,,3400,9,368,12,0,191,,84,78,0,0,,,,,,,LWEA281
Battle Cannon,WEAPON\far\\cannon_career063\cannon_career063.txt,,,233,1,,30,10,975,1047,576,,,,,,,,31,200,10,200,,,,,,,50,2,,,2000,9,300,12,0,191,,84,78,0,0,,,,,,,LWEA282
Launcher 1,WEAPON\far\\cannon_career065\cannon_career065.txt,,,233,1,,30,10,976,1048,576,,,,,,,,31,200,10,200,,,,,,,50,2,,,2000,9,300,12,0,191,,84,78,0,0,,,,,,,LWEA283
Launcher 2,WEAPON\far\\cannon_career067\cannon_career067.txt,,,233,1,,30,10,977,1049,576,,,,,,,,31,200,10,200,,,,,,,50,2,,,2000,9,300,12,0,191,,84,78,0,0,,,,,,,LWEA284
Railgun,WEAPON\far\far_career085\far_career085.txt,,,233,1,,30,10,978,1061,576,,,,,,,,31,200,10,200,,,,,,,50,2,,,2000,9,300,12,0,191,,84,78,0,0,,,,,,,LWEA285
Meteorite Launcher,WEAPON\far\\cannon_career104\cannon_career104.txt,,,233,1462310,,30,102,3667,1085,576,,,,,,,,31,212,10,174,,,,,,,60,2,,,3500,9,459,11,0,191,,84,78,0,0,,,,,,,LWEA286
Launcher 4,WEAPON\far\\cannon_career105\cannon_career105.txt,,,233,1,,30,10,999,1061,576,,,,,,,,31,200,10,200,,,,,,,50,2,,,2000,9,300,12,0,191,,84,78,0,0,,,,,,,LWEA287
Plasmatic Fusion Launcher,WEAPON\far\\cannon_career106\cannon_career106.txt,,,233,1698700,,30,103,3690,1090,576,,,,,,,,31,222,10,213,,,,,,,75,2,,,3600,9,499,12,0,191,,84,78,0,0,,,,,,,LWEA288
Requiem of Souls Cannon,WEAPON\far\glittler_canon.txt,,,233,1844515,,30,105,8706,1172,576,,,,,,,,140,10,10,220,,,,,,,76,2,,,3700,9,544,12,0,191,,84,78,0,0,34,,,,,,LWEA289
,,,,,,,,,,590,576,,,,,,,,,,,,,,,,,,,,,,,,,,,,,,,,,,,,,,,
,,,,,,,,,,591,577,,,,,,,,,,,,,,,,,,,,,,,,,,,,,,,,,,,,,,,
,,,,,,,,,,592,577,,,,,,,,,,,,,,,,,,,,,,,,,,,,,,,,,,,,,,,
,,,,,,,,,,593,577,,,,,,,,,,,,,,,,,,,,,,,,,,,,,,,,,,,,,,,
,,,,,,,,,,594,577,,,,,,,,,,,,,,,,,,,,,,,,,,,,,,,,,,,,,,,
,,,,,,,,,,595,577,,,,,,,,,,,,,,,,,,,,,,,,,,,,,,,,,,,,,,,
,,,,,,,,,,596,577,,,,,,,,,,,,,,,,,,,,,,,,,,,,,,,,,,,,,,,
,,,,,,,,,,597,577,,,,,,,,,,,,,,,,,,,,,,,,,,,,,,,,,,,,,,,
,,,,,,,,,,598,577,,,,,,,,,,,,,,,,,,,,,,,,,,,,,,,,,,,,,,,
,,,,,,,,,,599,577,,,,,,,,,,,,,,,,,,,,,,,,,,,,,,,,,,,,,,,
,,,,,,,,,,600,577,,,,,,,,,,,,,,,,,,,,,,,,,,,,,,,,,,,,,,,
Baobab Rod,WEAPON\magic\mst2\mst2.txt,,,241,1400,0,5,31,1287,601,578,,,,,,,,31,10,12,28,,29,15,,,,38,2,,,250,6,19,10,1,,131,72,,25,2,,,,,,,LWEA301
Lemmings Rod,WEAPON\magic\mst2\msp1.txt,,,241,3030,0,5,35,1288,602,578,15,1,701,19,,,,31,20,12,44,,29,16,,,,39,2,,,250,6,28,10,1,,131,72,,25,2,,,,,,,LWEA302
Animal Rod,WEAPON\magic\mst2\mst3.txt,,,241,5915,0,10,39,1289,603,578,15,2,702,21,,,,31,29,12,58,,29,16,,,,41,2,,,300,6,37,10,1,,131,72,,25,2,,,,,,,LWEA303
Mage's Rod,WEAPON\magic\mst4\mst4.txt,,,241,11080,0,10,43,1290,604,578,15,2,703,25,,,,31,38,12,72,,29,17,,,,43,2,,,300,6,47,10,1,,131,72,,25,2,,,,,,,LWEA304
White Staff,WEAPON\magic\mst4\mst5.txt,,,241,19035,0,10,47,1291,605,578,15,3,704,29,,,,31,47,12,85,,29,18,,,,44,2,,,300,6,58,10,1,,131,72,,25,2,,,,,,,LWEA305
Wisp Staff,WEAPON\magic\mst4\mst6.txt,,,241,30850,0,20,51,1292,606,578,15,3,705,33,,,,31,56,12,99,,29,19,,,,46,2,,,300,6,70,10,1,,131,72,,25,2,,,,,,,LWEA306
Shadow Staff,WEAPON\magic\mst4\mst1.txt,,,241,43000,0,20,54,1293,607,578,15,4,706,37,,,,31,64,12,111,,29,20,,,,47,2,,,300,6,81,10,1,,131,72,,25,2,,,,,,,LWEA307
Golden Staff,WEAPON\magic\mst7\mst7.txt,,,241,60400,0,25,57,1294,608,578,15,4,707,40,,,,31,72,12,123,,29,21,,,,49,2,,,300,6,93,10,1,,131,72,,25,2,,,,,,,LWEA308
Anima Staff,WEAPON\magic\mst7\mst11.txt,,,241,82350,0,25,61,1295,609,578,15,5,708,44,,,,31,80,12,135,,29,22,,,,50,2,,,300,6,105,10,1,,131,72,,25,2,,,,,,,LWEA309
Land Staff,WEAPON\magic\mst7\msp2.txt,,,241,107400,0,30,64,1296,610,578,15,6,709,48,,,,31,88,12,147,,29,22,,,,51,2,,,300,6,118,10,1,,131,72,,25,2,,,,,,,LWEA310
Holy Staff,WEAPON\magic\mst25\mst25.txt,,,241,139600,0,30,67,1297,611,578,15,7,710,52,,,,31,95,12,158,,29,23,,,,53,2,,,300,6,131,10,1,,131,72,,25,2,,,,,,,LWEA311
Dark Staff,WEAPON\magic\mst26\mst26.txt,,,241,177550,0,30,70,1298,612,578,15,7,711,56,,,,31,102,12,168,,29,24,,,,54,2,,,300,6,143,10,1,,131,72,,25,2,,,,,,,LWEA312
Rune Staff,WEAPON\magic\mst26\mst27.txt,,,241,219800,0,30,73,1300,613,578,15,8,712,44,,,,31,109,12,178,,29,24,,,,55,2,,,300,6,156,10,1,,131,72,,25,2,,,,,,,LWEA313
Prayer Staff,WEAPON\magic\mst28\mst28.txt,,,241,277700,0,30,76,1301,614,578,15,8,713,46,,,,31,116,12,189,,29,24,,,,56,2,,,300,6,170,10,1,,131,72,,25,2,,,,,,,LWEA314
Cypress Pole,WEAPON\magic\mst28\mst29.txt,,,241,346700,0,30,79,1302,615,578,15,9,714,48,,,,31,123,12,199,,29,25,,,,58,2,,,300,6,184,10,1,,131,72,,25,2,,,,,,,LWEA315
Ikaness Staff,WEAPON\magic\mst30\mst30.txt,,,241,413800,0,30,82,1303,616,578,15,9,715,50,,,,31,129,12,208,,29,25,,,,59,2,,,300,6,197,10,1,,131,72,,25,2,,,,,,,LWEA316
Oracle Staff,WEAPON\magic\mst31\mst31.txt,,,241,492050,0,35,84,1304,617,578,15,10,716,52,,,,31,135,12,217,,29,25,,,,60,2,,,300,6,210,10,1,,131,72,,25,2,,,,,,,LWEA317
Twinkle Staff,WEAPON\magic\mst35\mst35.txt,,,241,537050,0,35,88,1359,618,578,,11,,,,,,31,145,12,232,,29,25,,,,61,2,,,300,6,233,10,1,,131,72,,25,2,,,,,,,LWEA318
Sparkle Staff,WEAPON\magic\mst35\mst36.txt,,,241,587050,0,35,93,1358,619,578,,11,,,,,,31,155,12,247,,29,25,,,,63,2,,,300,6,256,10,1,,131,72,,25,2,,,,,,,LWEA319
Amazing Carrot,WEAPON\magic\mst39\mst39.txt,,,241,566030,0,40,92,1283,620,578,,12,,,,,,31,153,12,244,,29,26,,,,63,2,,,300,6,251,10,1,,131,72,,25,2,,,,,,,LWEA320
Albtraum,WEAPON\magic\mst45\mst45.txt,,,241,760330,0,40,94,1305,623,578,,12,,,,,,31,184,12,279,,29,26,,,,64,2,,,300,6,314,10,1,,131,72,,25,,,,,,,,LWEA321
Einstern,WEAPON\magic\mst47\mst47.txt,,,241,933650,0,40,96,1306,624,578,,13,,,,,,31,200,12,290,,29,27,,,,64,2,,,300,6,340,10,1,,131,72,,25,,,,,,,,LWEA322
Marvel Staff,WEAPON\magic\mst40\mst40.txt,,,241,600800,0,40,98,1284,621,578,,13,,,,,,31,166,12,256,,29,27,,,,65,2,,,300,6,272,10,1,,131,72,,25,2,,,,,,,LWEA323
Vengeance Staff,WEAPON\magic\mst41\mst41.txt,,,241,653000,0,40,100,1285,622,578,,14,,,,,,31,174,12,268,,29,27,,,,66,2,,,300,6,292,10,1,,131,72,,25,2,,,,,,,LWEA324
Palm Staff,WEAPON\magic\mstspe\mstspe.txt,,,241,1000,0,30,10,2935,782,578,93,1,1839,1,,,,,,,,,,,,,,50,1,,,300,6,50,10,1,,131,72,,25,2,,,,,,,LWEA325
Oblivion Staff,WEAPON\magic\magic_career037\magic_career037.txt,,,241,1456000,0,40,101,3700,1067,578,,,,,,,,31,222,12,339,,29,32,,,,75,2,,,350,6,420,10,1,,131,72,,25,,,,,,,,LWEA326
Requiem of Souls Staff,WEAPON\magic\glittler_stick,,,241,1611458,0,50,103,8707,1173,578,,,,,,,,140,10,12,354,,29,34,,,,76,2,,,350,6,465,10,1,,131,72,,25,2,33,,,,,,LWEA327
Aquarius Beast Staff,WEAPON\magic\magic_career075\magic_career075.txt,,,241,1456000,,30,90,3690,1072,578,,,,,,,,31,200,12,200,,29,25,,,,50,2,,,300,6,300,10,1,,131,72,,25,,,,,,,,LWEA328
Pole of Abyss,WEAPON\magic\magic_career083\magic_career083.txt,,,241,1301532,,35,100,3668,1042,578,,,,,,,,31,212,12,302,,29,32,,,,70,2,,,350,6,380,10,1,,131,72,,25,,,,,,,,LWEA329
,,,,241,2616900,0,50,112,,630,578,,,,,,,,31,200,12,313,,29,29,,,,71,2,,,300,6,376,10,1,,,72,,,,,,,,,,
Baobab Wand,WEAPON\magic\mto1\mto1.txt,,,242,1075,0,3,28,1326,631,578,,,,,,,,31,11,12,33,,29,5,,,,38,2,,,1600,14,15,12,1,210,,37,89,,2,,,,,,,LWEA331
Mage's Wand,WEAPON\magic\mto1\mto2.txt,,,242,2580,0,3,32,1327,632,578,15,1,721,20,,,,31,21,12,50,,29,6,,,,40,2,,,1800,14,24,12,1,210,,37,89,,2,,,,,,,LWEA332
Sorcerer's Wand,WEAPON\magic\mto1\mst8.txt,,,242,5180,0,5,36,1328,633,578,15,2,722,22,,,,31,30,12,65,,29,7,,,,42,2,,,1800,14,32,12,1,212,,37,89,,2,,,,,,,LWEA333
Elven Wand,WEAPON\magic\mst15\mst9.txt,,,242,9880,0,5,40,1329,634,578,15,2,723,26,,,,31,39,12,80,,29,8,,,,43,2,,,1800,14,41,12,1,213,,37,89,,2,,,,,,,LWEA334
Silence Wand,WEAPON\magic\mst15\mst10.txt,,,242,16785,0,5,43,1330,635,578,15,3,724,30,,,,31,48,12,94,,29,8,,,,45,2,,,1800,14,51,12,1,214,,37,89,,2,,,,,,,LWEA335
Windphon Wand,WEAPON\magic\mst15\mst15.txt,,,242,29000,0,5,47,1331,636,578,15,3,725,34,,,,31,57,12,109,,29,9,,,,47,2,,,1800,14,62,12,1,216,,37,89,,2,,,,,,,LWEA336
Flame Wand,WEAPON\magic\mst16\mst16.txt,,,242,43900,0,5,50,1332,637,578,15,4,726,38,,,,31,65,12,122,,29,10,,,,48,2,,,2000,14,72,12,1,217,,37,89,,2,,,,,,,LWEA337
Thunder Wand,WEAPON\magic\mst16\mst17.txt,,,242,59600,0,10,53,1333,638,578,15,5,727,41,,,,31,73,12,134,,29,11,,,,49,2,,,2000,14,83,12,1,205,,37,89,,2,,,,,,,LWEA338
Blizzard Wand,WEAPON\magic\mst16\mst18.txt,,,242,84450,0,10,56,1334,639,578,15,5,728,45,,,,31,81,12,147,,29,12,,,,51,2,,,2000,14,94,12,1,207,,37,89,,2,,,,,,,LWEA339
Recovery Wand,WEAPON\magic\mst19\mst19.txt,,,242,115900,0,10,60,1335,640,578,15,6,729,49,,,,31,89,12,160,,29,13,,,,52,2,,,2000,14,107,12,1,211,,37,89,,2,,,,,,,LWEA340
Windstorm Wand,WEAPON\magic\mst19\mst20.txt,,,242,147450,0,10,62,1336,641,578,15,7,730,53,,,,31,96,12,171,,29,13,,,,54,2,,,2000,14,118,12,1,212,,37,89,,2,,,,,,,LWEA341
Holy Wand,WEAPON\magic\mst19\mst21.txt,,,242,193450,0,10,65,1337,642,578,15,7,731,57,,,,31,103,12,182,,29,14,,,,55,2,,,2200,14,130,12,1,216,,37,89,,2,,,,,,,LWEA342
Shadow Wand,WEAPON\magic\mst22\mst22.txt,,,242,248050,0,15,68,1352,643,578,15,8,732,61,,,,31,110,12,193,,29,15,,,,56,2,,,2200,14,142,12,1,202,,37,89,,2,,,,,,,LWEA343
Bleak Wind,WEAPON\magic\mst32\mst32.txt,,,242,319550,0,10,71,1355,644,578,15,8,733,46,,,,31,117,12,204,,29,16,,,,57,2,,,2200,14,155,12,1,161,,37,89,,2,,,,,,,LWEA347
Conjurer's Wand,WEAPON\magic\mst33\mst33.txt,,,242,392900,0,20,74,1356,645,578,15,9,734,48,,,,31,124,12,215,,29,16,,,,59,2,,,2200,14,168,12,1,203,,37,89,,2,,,,,,,LWEA348
Twister Wand,WEAPON\magic\mst34\mst34.txt,,,242,479600,0,20,76,1357,646,578,15,9,735,50,,,,31,130,12,224,,29,17,,,,60,2,,,2200,14,180,12,1,206,,37,89,,2,,,,,,,LWEA349
Snake Wand,WEAPON\magic\mst37\mst37.txt,,,242,514600,0,20,80,1361,647,578,,10,,,,,,31,140,12,240,,29,18,,,,62,2,,,2400,14,201,12,1,161,,37,89,,2,,,,,,,LWEA350
Ouroboros Wand,WEAPON\magic\mst38\mst38.txt,,,242,554600,0,20,81,1360,648,578,,11,,,,,,31,150,12,255,,29,19,,,,63,2,,,2400,14,222,12,1,204,,37,89,,2,,,,,,,LWEA351
Sternen Haufen,WEAPON\magic\mst46\mst46.txt,,,242,839450,0,20,85,1362,652,578,,11,,,,,,31,180,12,289,,29,21,,,,65,2,,,2400,14,276,12,1,208,,37,89,,2,,,,,,,LWEA355
Amazing Brush,WEAPON\magic\mst48\mst48.txt,,,242,981950,0,20,86,1363,653,578,,12,,,,,,31,200,12,298,,29,22,,,,64,2,,,2400,14,302,12,1,322,,37,89,,2,,,,,,,LWEA356
Vision Wand,WEAPON\magic\mst42\mst42.txt,,,242,650000,0,20,82,1322,649,578,,12,,,,,,31,160,12,265,,29,20,,,,65,2,,,2400,14,242,12,1,324,,37,89,,2,,,,,,,LWEA353
Blaze Wand,WEAPON\magic\mst43\mst43.txt,,,242,675420,0,20,83,1323,650,578,,13,,,,,,31,167,12,273,,29,20,,,,66,2,,,2600,14,254,12,1,217,,37,89,,2,,,,,,,LWEA352
Icicle,WEAPON\magic\mst44\mst44.txt,,,242,723500,0,20,84,1324,651,578,,13,,,,,,31,172,12,281,,29,21,,,,67,2,,,2600,14,266,12,1,207,,37,89,,2,,,,,,,LWEA354
Wand 1,WEAPON\magic\magic_career039\magic_career039.txt,,,242,1,,30,10,1139,1068,578,,,,,,,,31,200,12,200,,29,20,,,,50,2,,,2000,14,300,12,1,161,,37,89,,2,,,,,,,LWEA357
Eldar Wand,WEAPON\magic\magic_career041\magic_career041.txt,,,242,1,,30,10,1140,1069,578,,,,,,,,31,200,12,200,,29,20,,,,50,2,,,2000,14,300,12,1,161,,37,89,,2,,,,,,,LWEA358
Wand 1,WEAPON\magic\magic_career043\magic_career043.txt,,,242,1,,30,10,1141,1070,578,,,,,,,,31,200,12,200,,29,20,,,,50,2,,,2000,14,300,12,1,161,,37,89,,2,,,,,,,LWEA359
Sekhem Scepter,WEAPON\magic\magic_career059\magic_career059.txt,,,242,1301420,,25,85,3669,1086,578,,,,,,,,31,212,12,316,,29,25,,,,70,2,,,2450,14,342,11,1,321,,37,89,,2,,,,,,,LWEA360
Void Conjurer,WEAPON\magic\magic_career079\magic_career079.txt,,,242,1420000,0,30,86,3701,1091,578,,,,,,,,31,222,12,357,,29,26,,,,73,2,,,2600,14,382,12,1,323,,37,89,,2,,,,,,,LWEA361
Requiem of Souls Scepter,WEAPON\magic\glittler_wand.txt,,,242,1611154,0,40,88,8708,1174,578,,,,,,,,140,10,12,381,,29,28,,,,74,2,,,2800,14,427,12,1,323,,37,89,,2,33,,,,,,LWEA359
,,,,242,3456200,0,20,104,,660,578,,,,,,,,31,201,12,335,,29,24,,,,73,2,,,2800,14,349,12,1,,,,,,2,,,,,,,
,,,,,,,,,,661,,,,,,,,,,,,,,,,,,,,,,,,,,,,,,,,,,,,,,,,
,,,,,,,,,,662,,,,,,,,,,,,,,,,,,,,,,,,,,,,,,,,,,,,,,,,
,,,,,,,,,,663,,,,,,,,,,,,,,,,,,,,,,,,,,,,,,,,,,,,,,,,
,,,,,,,,,,664,,,,,,,,,,,,,,,,,,,,,,,,,,,,,,,,,,,,,,,,
,,,,,,,,,,665,,,,,,,,,,,,,,,,,,,,,,,,,,,,,,,,,,,,,,,,
,,,,,,,,,,666,,,,,,,,,,,,,,,,,,,,,,,,,,,,,,,,,,,,,,,,
,,,,,,,,,,667,,,,,,,,,,,,,,,,,,,,,,,,,,,,,,,,,,,,,,,,
,,,,,,,,,,668,,,,,,,,,,,,,,,,,,,,,,,,,,,,,,,,,,,,,,,,
,,,,,,,,,,669,,,,,,,,,,,,,,,,,,,,,,,,,,,,,,,,,,,,,,,,
Hoarfrost,WEAPON\ONEHAND\SOD\sword\SOD_1handSword.txt,,,211,50000,0,35,94,4866,326,577,,,,,,,,31,165,10,275.55,,18,102,,20,113,51,240,,,200,1,112,15,0,,,,,5,1,,,,,,,LWEA370
Frost Guardian Sword,WEAPON\TWOHAND\SOD\2handSword\SOD_2handSword.txt,,,221,50000,0,35,95,4867,424,576,,,,,,,,31,165,10,287.1,,26,56,,24,20,48,253,,,250,5,140,17,0,,,,,5,1,,,,,,,LWEA371
Ice Cudgel,WEAPON\ONEHAND\SOD\mace\SOD_mace.txt,,,212,50000,0,35,95,4868,327,576,,,,,,,,31,165,10,275.55,,20,113,,26,56,51,240,,,200,1,112,15,0,,,,,15,1,,,,,,,LWEA372
Frozen Cleave,WEAPON\ONEHAND\SOD\axe\SOD_axe.txt,,,223,50000,0,35,92,4869,328,576,,,,,,,,31,165,10,308.55,,18,102,,24,20,57,196,,,250,8,137,18,0,,,,,20,1,,,,,,,LWEA373
Icing Bane,WEAPON\TWOHAND\SOD\spear\SOD_spear.txt,,,222,50000,0,35,90,4870,425,578,,,,,,,,31,165,10,268.95,,20,113,,23,25,63,171,,,450,6,137,16,0,,,,,5,1,,,,,,,LWEA374
Lunaris Bow,WEAPON\FAR\SOD\bow\SOD_bow.txt,,,231,50000,0,35,96,4871,526,578,,,,,,,,31,165,11,267.3,,24,20,,22,45,42,272,,,2600,10,136,16,0,,,,,0,1,,,,,,,LWEA375
Frozen Arbalest,WEAPON\FAR\SOD\crossbow\SOD_crossBow.txt,,,271,50000,0,35,89,4872,381,578,,,,,,,,31,165,10,212.85,,18,102,,24,20,49,239,,,3200,11,118,16,0,,,,,0,1,,,,,,,LWEA376
Frostbitten Knuckles,WEAPON\KATAR\SOD\SOD_katar.txt,,,251,50000,0,35,85,4873,725,577,,,,,,,,31,165,11,250.8,,18,102,,26,56,57,196,,,250,16,115,15,0,,,,,5,1,,,,,,,LWEA377
Dual Hoarfrosts,WEAPON\DSW\SOD\sword\SOD_duelSword.txt,,,252,50000,0,35,87,4879,751,577,,,,,,,,31,165,11,202.95,,18,102,,20,113,55,208,,,250,7,140,17,0,,,,,5,1,,,,,,,LWEA378
Shadowmoon Wand,WEAPON\MAGIC\SOD\wand\SOD_wand.txt,,,242,50000,0,35,82,4880,655,578,,,,,,,,31,165,12,278.85,,29,20,,28,120,50,234,,,2100,14,105,16,1,,,,,2,1,,,,,,,LWEA379
Dawn Seeker?s Staff,WEAPON\MAGIC\SOD\staff\SOD_staff.txt,,,241,50000,0,35,92,4881,656,578,,,,,,,,31,165,12,255.75,,29,26,,18,102,55,208,,,300,6,126,17,1,,,,,2,1,,,,,,,LWEA380
Frost Musket,WEAPON\FAR\SOD\gun\SOD_gun.txt,,,232,50000,0,35,96,4882,552,577,,,,,,,,31,165,13,262.35,,18,102,,26,56,47,247,,,2700,12,137,16,0,,,,71,,1,,,,,,,LWEA381
Frost Launcher,WEAPON\FAR\SOD\launcher\SOD_launcher.txt,,,233,50000,0,35,95,4883,580,578,,,,,,,,31,165,10,145.2,,18,102,,24,20,63,171,,,2900,9,155,19,0,,,,71,,1,,,,,,,LWEA382
Master Sword,WEAPON\Onehand\ZeldaMasterSword,,6,211,0,0,25,50,5331,1028,577,,,,,,,,,,,,,,,,,,75,4,,,250,1,10,10,0,,111,38,,5,2,,,,,,,LWEA383
Ice Cream,WEAPON\katar\katar_career051\katar_career055.txt,,6,211,0,0,50,10,3685,1,577,,,,,,,,,,,,,,,,,,75,4,,,250,1,15,11,0,,111,38,,5,2,,,,,,,LWEA384
,,,,,,,,,,,,,,,,,,,,,,,,,,,,,,,,,,,,,,,,,,,,,,,,,,
,,,,,,,,,,686,578,,,,,,,,,,,,,,,,,,,,,,,,,,,614,,,,,,,,,,,,
,,,,,,,,,,687,578,,,,,,,,,,,,,,,,,,,,,,,,,,,613,,,,,,,,,,,,
Shovel,,,,602,10000,0,1,25,5577,661,577,,,,,,,,,,,,,,,,,,50,,,,50,23,7,12,0,,95,18,,0,2,,,,,,,LWEA388
Harvest Gloves,,,,601,12500,0,1,25,5578,663,579,,,,,,,,,,,,,,,,,,50,,,,50,22,7,12,0,,94,19,,0,1,,,,,,,LWEA389
Basic Pickaxe,,,,600,25000,0,1,25,5579,662,577,,,,,,,,,,,,,,,,,,50,,,,125,24,5,12,0,,99,20,,20,0,,,,,,,LWEA390
Luxurious Pickaxe,,,,600,125000,0,1,25,5580,662,577,,,,,,,,,,,,,,,,,,50,,,,125,24,8,12,0,,99,20,,20,0,,,,,,,LWEA391
Golden Pickaxe,,,,600,650000,0,1,25,5581,662,577,,,,,,,,,,,,,,,,,,50,,,,125,24,14,12,0,,99,20,,20,0,,,,,,,LWEA392
Aquarius Pickaxe,,,,603,356900,0,1,25,5582,662,577,12,8,40,60,,,,,,,,,,,,,,50,,,,125,24,4,12,0,,99,20,,20,0,,,,,,,LWEA393
Crystal Pickaxe,,,,603,580000,0,1,25,5583,662,577,12,8,41,60,,,,,,,,,,,,,,50,,,,125,24,14,12,0,,99,20,,20,0,,,,,,,LWEA394
Diamond Pickaxe,,,6,603,1,0,1,25,6797,662,577,,,,,,,,,,,,,,,,,,50,,,,125,24,14,12,0,,97,20,,20,0,,,,,,,LWEA395
Fishing Test,,,,600,25000,0,1,25,5579,662,577,,,,,,,,,,,,,,,,,,50,,,,2000,24,10,12,0,,99,20,,20,0,,,,,,,LWEA396
,,,,,,,,,,697,,,,,,,,,,,,,,,,,,,,,,,,,,,,,,,,,,,,,,,,
,,,,,,,,,,698,,,,,,,,,,,,,,,,,,,,,,,,,,,,,,,,,,,,,,,,
,,,,,,,,,,699,,,,,,,,,,,,,,,,,,,,,,,,,,,,,,,,,,,,,,,,
,,,,,,,,,,700,,,,,,,,,,,,,,,,,,,,,,,,,,,,,,,,,,,,,,,,
Knuckle,weapon\katar\kka1\kka1_01.txt,,,251,1150,0,10,26,1378,701,578,,,,,,,,31,10,11,28,,,,,,,38,2,,,250,16,21,9,0,,121,38,,5,4,,,,,,,LWEA401
Sword Knuckle,weapon\katar\kka2\kka2.txt,,,251,2280,0,15,30,1379,702,577,12,1,751,18,,,,31,20,11,44,,,,,,,39,2,,,250,16,30,9,0,,121,38,,5,4,,,,,,,LWEA402
Katar,weapon\katar\kka3\kka3.txt,,,251,4480,0,25,34,1380,703,577,12,2,752,22,,,,31,29,11,58,,,,,,,41,2,,,250,16,38,8,0,,121,38,,5,4,,,,,,,LWEA403
Rake Hand,weapon\katar\kka4\kka4.txt,,,251,7640,0,20,37,1381,704,577,12,2,753,26,,,,31,38,11,72,,,,,,,43,2,,,250,16,45,7,0,,121,38,,5,4,,,,,,,LWEA404
Wolf's Paw,weapon\katar\kka5\kka5.txt,,,251,12870,0,25,41,1382,705,577,12,3,754,29,,,,31,47,11,86,,,,,,,44,2,,,250,16,58,8,0,,121,38,,5,4,,,,,,,LWEA405
Bear's Paw,weapon\katar\kka6\kka6.txt,,,251,20950,0,30,44,1383,706,577,12,3,755,32,,,,31,56,11,100,,,,,,,46,2,,,250,16,70,8,0,,121,38,,5,4,,,,,,,LWEA406
Spike Knuckle,weapon\katar\kka7\kka7.txt,,,251,27300,0,30,47,1384,707,577,12,4,756,34,,,,31,64,11,112,,,,,,,47,2,,,250,16,77,7,0,,121,38,,5,4,,,,,,,LWEA407
Crescent Knuckle,weapon\katar\kka8\kka8.txt,,,251,38700,0,35,51,1385,708,577,12,4,757,37,,,,31,72,11,125,,,,,,,49,2,,,250,16,92,8,0,,121,38,,5,4,,,,,,,LWEA408
Dual Patar,weapon\katar\kka9\kka9.txt,,,251,53750,0,30,54,1386,709,577,12,5,758,40,,,,31,80,11,137,,,,,,,50,2,,,250,16,110,9,0,,121,38,,5,4,,,,,,,LWEA409
Shaft Claw,weapon\katar\kka10\kka10.txt,,,251,69050,0,30,57,1387,710,577,12,6,759,43,,,,31,88,11,149,,,,,,,52,2,,,250,16,118,8,0,,121,38,,5,4,,,,,,,LWEA410
Assassin Katar,weapon\katar\kka12\kka12.txt,,,251,85600,0,30,59,1388,711,577,12,7,760,46,,,,31,95,11,159,,,,,,,53,2,,,250,16,123,7,0,,121,38,,5,4,,,,,,,LWEA411
Dragon Knuckle,weapon\katar\kka11\kka11.txt,,,251,109100,0,30,62,1389,712,578,12,7,761,50,,,,31,102,11,170,,,,,,,54,2,,,250,16,142,8,0,,121,38,,5,4,,,,,,,LWEA412
Sudden Raid Dagger,weapon\katar\kka13\kka13.txt,,,251,138100,0,30,65,1391,713,577,12,8,762,47,,,,31,109,11,181,,,,,,,55,2,,,250,16,155,8,0,,121,38,,5,4,,,,,,,LWEA413
Stiletto,weapon\katar\kka14\kka14.txt,,,251,172150,0,30,68,1392,714,577,12,9,763,48,,,,31,116,11,191,,,,,,,56,2,,,250,16,168,8,0,,121,38,,5,4,,,,,,,LWEA414
Fenrir's Tooth,weapon\katar\kka15\kka15.txt,,,251,203950,0,30,70,1393,715,577,12,9,764,49,,,,31,123,11,202,,,,,,,58,2,,,250,16,174,7,0,,121,38,,5,4,,,,,,,LWEA415
Phantasma Knuckle,weapon\katar\kka16\kka16.txt,,,251,251650,0,30,73,1394,716,577,12,10,765,50,,,,31,129,11,211,,,,,,,59,2,,,250,16,195,8,0,,121,38,,5,4,,,,,,,LWEA416
Bloody Hook Knuckle,weapon\katar\kka17\kka17.txt,,,251,301850,0,30,75,1395,717,577,12,10,766,51,,,,31,135,11,220,,,,,,,60,2,,,250,16,207,8,0,,121,38,,5,4,,,,,,,LWEA417
Hawk Knuckle,weapon\katar\kka18\kka18.txt,,,251,346850,0,30,79,1399,718,577,,11,,,,,,31,145,11,235,,,,,,,62,2,,,250,16,229,8,0,,121,38,,5,4,,,,,,,LWEA418
Raven Knuckle,weapon\katar\kka19\kka19.txt,,,251,396850,0,30,83,1400,719,577,,11,,,,,,31,155,11,250,,,,,,,63,2,,,250,16,240,7,0,,121,38,,5,4,,,,,,,LWEA419
Lemures,weapon\katar\kka23\kka23.txt,,,251,633900,0,30,86,1371,723,577,,12,,,,,,31,185,11,284,,,,,,,66,2,,,250,16,291,7,0,,121,38,,5,4,,,,,,,LWEA420
Burnthesnatch,weapon\katar\kka24\kka24.txt,,,251,729100,0,30,87,1372,724,577,,12,,,,,,31,200,11,296,,,,,,,70,2,,,250,16,320,7,0,,121,38,,5,4,,,,,,,LWEA421
Glove Knuckle,weapon\katar\kka21\kka21.txt,,,251,425800,0,30,84,1375,721,577,,13,,,,,,31,165,11,262,,,,,,,64,2,,,250,16,262,8,0,,121,38,,5,4,,,,,,,LWEA422
Mythril Knuckle,weapon\katar\kka22\kka22.txt,,,251,485300,0,30,85,1376,722,577,,13,,,,,,31,175,11,273,,,,,,,65,2,,,250,16,279,8,0,,121,38,,5,4,,,,,,,LWEA423
Bastet Claws,WEAPON\katar\katar_career051\katar_career051.txt,,,251,932148,,35,88,3670,1062,577,,,,,,,,31,212,11,309,,,,,,,70,2,,,250,16,353,6,0,,121,38,,5,4,,,,,,,LWEA424
Scissors Katar,WEAPON\katar\katar_career051\katar_career053.txt,,,251,1,,30,10,1142,1063,577,,,,,,,,31,200,11,200,,,,,,,50,2,,,250,16,300,7,0,,121,38,,5,4,,,,,,,LWEA425
Ritual Wrist Blade,WEAPON\katar\katar_career051\katar_career055.txt,,,251,1010000,0,30,89,3702,1064,577,,,,,,,,31,222,11,347,,,,,,,73,2,,,250,16,393,5,0,,121,38,,5,4,,,,,,,LWEA426
Katar 1,WEAPON\katar\katar_career082\katar_career082.txt,,,251,1,,30,10,1149,1084,577,,,,,,,,31,200,11,200,,,,,,,50,2,,,250,16,345,8,0,,121,38,,5,4,,,,,,,LWEA427
Requiem of Souls Claws,WEAPON\katar\glittler_katar.txt,,,251,1211455,0,40,91,8710,1175,577,,,,,,,,140,10,11,362,,,,,,,74,2,,,250,16,438,5,0,,121,38,,5,4,32,,,,,,LWEA428
,,,,,,,,,,729,,,,,,,,,,,,,,,,,,,,,,,,,,,,,,,,,4,,,,,,,
,,,,,,,,,,730,,,,,,,,,,,,,,,,,,,,,,,,,,,,,,,,,4,,,,,,,
Khukuri & Long Sword,WEAPON\dsw\dsw1\dsw1.txt,,,252,5845,0,10,36,1417,731,577,11,2,771,25,,,,31,30,11,46,,,,,,,40,2,,,250,7,47,11,0,,111,38,,5,4,,,,,,,LWEA431
Long Sword & Mace,WEAPON\dsw\dsw2\dsw2.txt,,,252,10240,0,15,40,1418,732,577,11,2,772,25,,,,31,39,11,56,,,,,,,42,2,,,250,7,59,11,0,,111,47,,5,4,,,,,,,LWEA432
Dual Bushido,WEAPON\dsw\dsw3\dsw3.txt,,,252,17190,0,25,43,1419,733,577,11,3,773,25,,,,31,48,11,67,,,,,,,43,2,,,250,7,68,10,0,,111,63,,5,4,,,,,,,LWEA433
Twin Ghost Bat,WEAPON\dsw\dsw4\dsw4.txt,,,252,26750,0,20,47,1420,734,577,11,3,774,25,,,,31,57,11,78,,,,,,,44,2,,,250,7,82,10,0,,111,63,,5,4,,,,,,,LWEA434
Saber & Elven Sword ,WEAPON\dsw\dsw5\dsw5.txt,,,252,38950,0,25,50,1421,735,577,11,4,775,25,,,,31,65,11,87,,,,,,,46,2,,,250,7,98,11,0,,111,63,,5,4,,,,,,,LWEA435
Dual Ocean Swords,WEAPON\dsw\dsw10\dsw10.txt,,,252,51300,0,30,53,1422,736,577,11,5,776,25,,,,31,73,11,97,,,,,,,47,2,,,250,7,107,10,0,,111,63,,5,4,,,,,,,LWEA436
Viking Sword & Axe,WEAPON\dsw\dsw6\dsw6.txt,,,252,67950,0,30,56,1423,737,577,11,5,777,25,,,,31,81,11,106,,,,,,,48,2,,,250,7,121,10,0,,111,63,,5,4,,,,,,,LWEA437
Blood Sword & Axe,WEAPON\dsw\dsw7\dsw7.txt,,,252,94050,0,35,60,1424,738,577,11,6,778,25,,,,31,89,11,115,,,,,,,49,2,,,250,7,142,11,0,,111,63,,5,4,,,,,,,LWEA438
Dual Katana,WEAPON\dsw\dsw8\dsw8.txt,,,252,115000,0,30,62,1425,739,577,11,7,779,25,,,,31,96,11,123,,,,,,,50,2,,,250,7,150,10,0,,111,63,,5,4,,,,,,,LWEA439
Ice & Flare Swords,WEAPON\dsw\dsw9\dsw9.txt,,,252,149700,0,30,65,1426,740,577,11,7,780,26,,,,31,103,11,131,,,,,,,51,2,,,250,7,171,11,0,,111,63,,5,4,,,,,,,LWEA440
Dual Flare Swords,WEAPON\dsw\dsw11\dsw11.txt,,,252,187850,0,30,68,1427,741,577,11,8,781,27,,,,31,110,11,140,,,,,,,53,2,,,250,7,186,11,0,,111,63,,5,4,,,,,,,LWEA441
Brilliant Dual Wield,WEAPON\dsw\dsw12\dsw12.txt,,,252,225800,0,30,71,1428,742,577,11,9,782,28,,,,31,117,11,148,,,,,,,54,2,,,250,7,194,10,0,,111,63,,5,4,,,,,,,LWEA442
Spirits Dual Wield,WEAPON\dsw\dsw13\dsw13.txt,,,252,287950,0,30,74,1430,743,577,11,9,783,29,,,,31,124,11,156,,,,,,,55,2,,,250,7,219,11,0,,111,63,,5,4,,,,,,,LWEA443
Desperado Dual Wield,WEAPON\dsw\dsw14\dsw14.txt,,,252,328100,0,30,76,1431,744,577,11,10,784,30,,,,31,130,11,163,,,,,,,56,2,,,250,7,224,10,0,,131,63,,5,4,,,,,,,LWEA444
Glorious Dual Wield,WEAPON\dsw\dsw15\dsw15.txt,,,252,384300,0,30,78,1432,745,577,11,10,785,31,,,,31,136,11,170,,,,,,,56,2,,,250,7,238,10,0,,131,63,,5,4,,,,,,,LWEA445
Demise Dual Weapon,WEAPON\dsw\dsw16\dsw16.txt,,,252,429300,0,30,82,1433,746,577,,11,,,,,,31,146,11,181,,,,,,,58,2,,,250,7,263,10,0,,131,63,,5,4,,,,,,,LWEA446
Living Dead,WEAPON\dsw\dsw17\dsw17.txt,,,252,479300,0,30,86,1434,747,577,,11,,,,,,31,156,11,193,,,,,,,59,2,,,250,7,302,11,0,,131,63,,5,4,,,,,,,LWEA447
Fenccer Dual Wield,WEAPON\dsw\dsw20\dsw20.txt,,,252,632850,0,30,88,1457,750,577,,12,,,,,,31,180,11,213,,,,,,,61,2,,,250,7,352,10,0,,131,63,,5,4,,,,,,,LWEA449
Kreuz Dual Wield,WEAPON\dsw\dsw19\dsw19.txt,,,252,723600,0,30,89,1458,749,577,,12,,,,,,31,200,11,225,,,,,,,65,2,,,250,7,396,10,0,,131,63,,5,4,,,,,,,LWEA450
Mythril Dual Wield,WEAPON\dsw\dsw18\dsw18.txt,,,252,863050,0,30,87,1459,748,577,,13,,,,,,31,170,11,202,,,,,,,60,2,,,250,7,324,11,0,,131,63,,5,4,,,,,,,LWEA448
Elemental Dual Swords,WEAPON\dsw\dsw21\dsw21.txt,,,252,936581,0,40,90,3671,1073,577,,,,,,,,31,212,11,238,,,,,,,74,2,,,250,7,441,10,0,,131,63,,5,4,,,,,,,LWEA451
Resilience Dual Wield,WEAPON\dsw\dsw22\dsw22.txt,,,252,1048350,0,40,91,3703,1092,577,,,,,,,,31,222,11,277,,,,,,,75,2,,,250,7,481,10,0,,131,63,,5,4,,,,,,,LWEA452
Requiem of Souls Dual Wield,WEAPON\dsw\glitter_dagger.txt,,,252,1193050,0,50,93,8711,1176,577,,,,,,,,140,10,11,291,,,,,,,76,2,,,250,7,526,10,0,,131,63,,5,4,32,,,,,,LWEA453
,,,,252,1334850,0,30,98,,754,577,,15,,,,,,31,184,11,225,,,,,,,64,2,,,250,7,368,10,0,,131,63,,5,44,,,,,,,
,,,,252,1501650,0,30,100,,755,577,,15,,,,,,31,189,11,230,,,,,,,64,2,,,250,7,383,10,0,,131,63,,5,4,,,,,,,
Fists of the Southern Barbarians,weapon\katar\banken\banken.txt,,6,251,1000,0,10,32,4034,351,577,,,,,,,,,,,,,26,45,,24,35,74,131,,,250,16,54,15,0,,121,38,,5,1,,,,,,,LWEA456
Ninja Sword,WEAPON\dsw\dsw_fashion011_d\dsw_fashion011_d.txt,,6,252,8323,0,36,10,1150,1168,577,,,,,,,,,,,,,,,,,,127,2,,,100,7,320,11,0,0,115,63,0,5,4,,,,,,,LWEA457
Clown Hammer,WEAPON\twohand\twohand_fashion007\twohand_fashion007.txt,,6,212,8172,0,33,10,1151,1164,576,,,,,,,,,,,,,,,,,,39,2,,,100,3,314,12,0,0,121,48,0,15,2,,,,,,,LWEA458
Beer Mug,WEAPON\onehand\onehand_fashion021\onehand_fashion021.txt,,0,212,8172,0,33,10,4031,1020,576,93,1,1839,1,,,,,,,,,,,,,,39,1,,,100,3,50,12,0,0,121,48,0,15,2,,,,,,,LWEA459
Grim Reaper Slayer,WEAPON\twohand\twohand_event001\twohand_event001.txt,,0,222,702,0,32,10,4030,768,577,,,,,,,,,,,,,,,,,,127,2,,,200,6,177,12,0,0,145,55,0,25,2,,,,,,,LWEA460
Grody Scrubber,WEAPON\twohand\tsw67\tsw67.txt,,,222,1000,0,1,30,1100,483,577,,,,120,,,,,,,,,14,4,,,,30,4,,,300,6,15,10,0,172,131,55,78,25,2,,,,,,,LWEA461
Pink Guitar,WEAPON\twohand\tsw68\tsw68.txt,,,222,3000,0,10,30,1111,484,577,,,,120,,,,,,,,,14,4,,,,30,4,,,400,6,20,9,0,171,131,55,78,25,2,,,,,,,LWEA462
Angel Recorder,WEAPON\onehand\osw48\osw48.txt,,6,211,1000,0,5,30,1101,355,577,,,,,,,,,,,,,14,4,,,,30,2,,,200,1,29,11,,,111,38,,5,0,,,,,,,LWEA463
Rose Bouquet,WEAPON\onehand\osw49\osw49.txt,,,212,1000,0,10,30,1112,358,578,,,,120,,,,,,,,,14,4,,,,30,4,,,200,3,29,11,,,131,55,,25,2,,,,,,,LWEA464
Queen HoneyBee's Staff,WEAPON\magic\mileage_weapon1\mileage_weapon1.txt,,,241,1000,0,10,30,1113,485,577,,,,120,,,,,,,,,29,6,,,,30,4,,,300,6,29,11,0,,131,72,,25,2,,,,,,,LWEA465
Woopie Chef's Kitchen Knife,WEAPON\onehand\mileage_weapon2\mileage_weapon2.txt,,,211,1000,0,3,32,1114,486,578,,,,120,,,,,,,,,14,4,,,,30,0,,,200,1,24,12,,,111,38,,5,2,,,,,,,LWEA466
White Rose Bouquet,WEAPON\onehand\osw50\f_osw50.txt,,,212,1000,0,10,30,1105,356,578,,,,,,,,,,,,,,,,,,30,2,,,200,3,20,11,,,131,55,,25,2,,,,,,,LWEA467
Woopie Chef's Kitchen Knife,WEAPON\onehand\mileage_weapon2\mileage_weapon2.txt,,,242,1000,0,10,30,1114,351,578,,,,120,,,,,,,,,29,6,,,,30,0,,,200,1,24,12,0,,111,38,,5,2,,,,,,,LWEA466
Yellow Rose Bouquet,WEAPON\onehand\osw55\f_osw55.txt,,,212,1000,0,10,30,1106,769,578,,,,120,,,,,,,,,14,4,,26,10,30,0,,,200,3,29,11,,,131,55,,25,2,,,,,,,LWEA469
Black Rose Bouquet,WEAPON\onehand\osw56\f_osw56.txt,,,212,1000,0,10,30,1108,770,578,,,,120,,,,,,,,,14,4,,26,10,30,0,,,200,3,29,11,,,131,55,,25,2,,,,,,,LWEA470
Blue Rose Bouquet,WEAPON\onehand\osw57\f_osw57.txt,,,212,1000,0,10,30,1107,359,578,,,,120,,,,,,,,,14,4,,26,10,30,2,,,200,3,29,11,,,131,55,,25,2,,,,,,,LWEA471
GIGA Guitar,WEAPON\twohand\tsw75\tsw75.txt,,,222,1000,0,10,30,1075,484,577,,,,120,,,,,,,,,14,4,,,,30,2,,,400,6,20,9,,,131,55,,25,,,,,,,,LWEA472
Guitar Case,WEAPON\other\other01\other01.txt,,,233,1000,0,20,30,1073,561,578,,,,,,,,,,,,,14,15,,,,30,2,,,2500,9,30,7,,174,,84,78,0,0,,,,,,,LWEA473
lolgun,WEAPON\other\other02\other02.txt,,6,232,1000,0,500,30,1074,531,578,,,,,,,,,,,,,,,,,,30,0,,,3400,12,80,17,,175,,82,78,0,1,,,,,,,LWEA474
Wedding Flowers,WEAPON\OTHER\F0475\WP_F04750.txt,,,212,1000,0,3,30,3066,357,578,,,,,,,,,,,,,,,,,,30,2,,,150,3,20,11,,,111,55,,25,2,,,,,,,LWEA475
lolsword,WEAPON\OTHER\other03\other03.txt,,6,211,1000,0,10,50,910,1030,577,,,,,,,,,,,,,,,,,,120,2,,,150,1,9001,6,0,,111,55,,5,2,,,21,,,,LWEA476
BAN Hammer,WEAPON\twohand\twohand_fashion007\twohand_fashion007.txt,,6,212,1000,0,1,50,8047,1164,576,,,,,,,,,,,,,,,,,,120,2,,,1000,3,9001,6,0,0,121,48,0,15,2,,,,,,,LWEA477
Rose Bouquet,WEAPON\onehand\osw49\osw49.txt,,,212,1000,0,10,30,1112,351,577,,,,120,,,,,,,,,14,4,,,,30,0,,,200,3,29,11,,,131,55,,25,,,,,,,,LWEA478
Halloween Tree Sword,WEAPON\TWOHAND\CHSAW\CHSAW.txt  ,,,211,1000,0,10,26,7564,898,576,,,,,,,,,,,,,,,,,,25,2,,,200,1,30,13,0,,131,96,,25,0,,,,,,,LWEA479
Shredder,WEAPON\other\other03\other03.txt,,,251,396850,0,30,73,1373,728,577,,,,,,,,11,224,,,,19,50,,,,74,1,,,250,16,213,7,0,,121,38,,5,4,,,21,,,,LWEA480
War Axe of the Sikuku,WEAPON\other\other04\other04.txt,,,223,258000,0,50,70,1365,725,577,,,,,,,,10,201,,,,18,40,,,,70,1,,,250,8,189,10,,,141,63,,20,2,,,21,,,,LWEA481
Warspear of the Sikuku,WEAPON\other\other05\other05.txt,,,222,284000,0,35,75,1366,726,577,,,,,,,,10,198,,,,24,25,,,,71,1,,,450,6,191,8,,,131,55,,25,2,,,21,,,,LWEA482
Hook Scythes,WEAPON\other\other06\other06.txt,,,252,158000,0,25,65,1367,727,577,,,,,,,,11,143,,,,26,45,,,,68,1,,,250,7,173,9,,,131,63,,5,4,,,21,,,,LWEA483
,,,,,,,,,,793,,,,,,,,,,,,,,,,,,,,,,,,,,,,,,,,,,,,,,,,
Predator Spear,WEAPON\WEAPON\mobwpn\mob_s_eater02/mob_s_eater02,,6,222,0,0,25,50,4534,380,577,,,,,,,,,,,,,,,,,,75,4,,,450,6,50,10,,,131,55,,25,2,,,,,,,LWEA485
Butcher Blade,WEAPON\WEAPON\mobwpn\mob_s_eater02/mob_s_eater03,,6,211,0,0,25,50,4522,381,577,,,,,,,,,,,,,,,,,,75,4,,,250,1,50,11,0,,111,38,,5,2,,,,,,,LWEA486
Hoshi Dagger,WEAPON/WEAPON/mobwpn/mon_tirwin/mon_tirwin1,,6,211,0,0,25,50,4504,382,577,,,,,,,,,,,,,,,,,,75,4,,,150,1,50,9,0,,111,38,,5,2,,,,,,,LWEA487
Serenity Wand,WEAPON\WEAPON\mobwpn\mob_icanes_O/mob_Icanes_O,,6,242,0,0,25,50,4535,383,578,,,,,,,,,,,,,,,,,,75,4,,,2600,14,50,12,1,216,,37,89,,2,,,,,,,LWEA488
Kage Dagger,WEAPON\WEAPON\mobwpn\mob_icanes_G\mob_icanes_G,,6,211,0,0,25,50,4531,384,577,,,,,,,,,,,,,,,,,,75,4,,,150,1,50,9,0,,111,38,,5,2,,,,,,,LWEA489
EMPTY,WEAPON/WEAPON/mobwpn/mob_flower/mob_flower,,6,231,0,0,25,50,1192,525,578,,,,,,,,,,,,,,,,,,70,2,,,2200,10,50,10,,151,,,71,0,1,,,,,,,LWEA490
Frosted Dual Wield,WEAPON/WEAPON/mobwpn/mon_yeti/mon_yeti,,6,252,0,0,25,50,4532,385,549,,,,,,,,,,,,,,,,,,75,4,,,200,7,50,7,0,,131,63,,5,,,,,,,,LWEA491
Ivy Skull Wand,WEAPON/WEAPON/mobwpn/mob_orphe/Orphe01_W,,6,242,0,0,25,50,4533,386,578,,,,,,,,,,,,,,,,,,75,4,,,2400,14,50,12,1,326,,37,89,,2,,,,,,,LWEA492
,,,,,,,,,,793,,,,,,,,,,,,,,,,,,,,,,,,,,,,,,,,,,,,,,,,
Halloween Broom,WEAPON\twohand\halloweenbroom\halloween_broom_1004_wa.txt,,6,241,380,0,25,50,4283,667,578,,,,,,,,,,,,,,,,,,40,0,,,300,6,37,10,1,,131,72,,25,2,,,,,,,LWEA494
Candy Cane Duals,WEAPON\OTHER\AruaC_01,,,252,1000,0,5,10,2392,1000,549,,,,,,,,,,,,,14,10,,,,40,2,,,200,7,20,7,0,,131,63,,5,,,,,,,,LWEA495
Candy Cane Gun,WEAPON\OTHER\AruaC_02,,,232,1000,0,8,10,2393,1001,549,,,,,,,,,,,,,14,10,,,,40,2,,,2400,12,18,7,0,171,,84,78,0,,,,,,,,LWEA496
Candy Cane Katars,WEAPON\OTHER\AruaC_03,,,251,1000,0,3,10,2394,1002,549,,,,,,,,,,,,,14,10,,,,40,2,,,200,16,15,7,0,,121,38,,5,,,,,,,,LWEA497
Christmas Bell Launcher,WEAPON\OTHER\AruaC_04,,,233,1000,0,30,10,2395,1003,549,,,,,,,,,,,,,14,10,,,,40,2,,,2500,9,24,7,0,174,,84,78,0,,,,,,,,LWEA498
Candy Cane Staff,WEAPON\OTHER\AruaC_05,,,241,1000,0,8,10,2396,1004,549,,,,,,,,,,,,,14,10,,,,40,2,,,300,6,16,7,1,,131,72,,25,,,,,,,,LWEA499
Candy Cane Sword,WEAPON\OTHER\AruaC_06,,,211,1000,0,5,10,2397,1005,549,,,,,,,,,,,,,14,10,,,,40,2,,,200,1,16,7,,,111,38,,5,,,,,,,,LWEA500
Long Sword,WEAPON\onehand\osw3\osw3.txt,,,211,3570,0,10,53,914,305,577,,,,,,,,31,32,10,62,,,,,,,49,2,,,200,1,40,9,0,0,111,38,0,5,2,,,3,,,,LWEA005
Saber,weapon\onehand\osw17\osw17.txt,,,211,11880,0,15,60,916,307,577,,,,,,,,31,49,10,91,,,,,,,52,2,,,200,1,59,9,0,0,111,38,0,5,2,,,8,,,,LWEA007
Elven Sword,weapon\onehand\osw18\osw18.txt,,,211,19750,0,15,65,917,308,577,,,,,,,,31,60,10,105,,,,,,,54,2,,,200,1,73,9,0,0,111,38,0,5,2,,,2,,,,LWEA008
Squid Sword,weapon\onehand\osw11\osw11.txt,,,211,28400,0,20,67,918,309,577,,,,,,,,31,65,10,118,,,,,,,55,2,,,200,1,83,10,0,0,111,38,0,5,2,,,6,,,,LWEA009
Shark Blade,weapon\onehand\osw9\osw9.txt,,,211,37600,0,25,71,919,310,577,,,,,,,,31,72,10,131,,,,,,,56,2,,,200,1,89,9,0,0,111,38,0,5,2,,,5,,,,LWEA010
Shark Blade,weapon\onehand\osw9\osw9.txt,,,211,37600,0,25,72,919,310,577,,,,,,,,31,75,10,131,,,,,,,56,2,,,200,1,89,8,0,0,111,38,0,5,2,,,3,,,,LWEA010
Viking Sword,weapon\onehand\osw19\osw19.txt,,,211,55950,0,30,75,920,311,577,,,,,,,,31,82,10,143,,,,,,,58,2,,,200,1,109,10,0,0,111,38,0,5,2,,,8,,,,LWEA011
Viking Sword,weapon\onehand\osw19\osw19.txt,,,211,55950,0,30,76,920,311,577,,,,,,,,31,84,10,143,,,,,,,58,2,,,200,1,112,10,0,0,111,38,0,5,2,,,2,,,,LWEA011
Blood Sword,weapon\onehand\osw10\osw10.txt,,,211,70850,0,35,78,921,312,577,,,,,,,,31,89,10,156,,,,,,,59,2,,,200,1,120,10,0,0,111,38,0,5,2,,,6,,,,LWEA012
Blood Sword,weapon\onehand\osw10\osw10.txt,,,211,70850,0,35,79,921,312,577,,,,,,,,31,91,10,156,,,,,,,59,2,,,200,1,118,9,0,0,111,38,0,5,2,,,3,,,,LWEA012
Katana,weapon\onehand\osw26\osw26.txt,,,211,93250,0,40,81,923,313,577,,,,,,,,31,95,10,167,,,,,,,60,2,,,200,1,131,10,0,0,111,38,0,5,2,,,5,,,,LWEA013
Katana,weapon\onehand\osw26\osw26.txt,,,211,93250,0,40,82,923,313,577,,,,,,,,31,97,10,167,,,,,,,60,2,,,200,1,128,9,0,0,111,38,0,5,2,,,8,,,,LWEA013
Ice Sword,weapon\onehand\osw25\osw25.txt,,,211,124500,0,45,84,924,314,577,,,,,,,,31,103,10,178,,,,,,,62,2,,,200,1,152,11,0,0,111,38,0,5,2,,,6,,,,LWEA014
Ice Sword,weapon\onehand\osw25\osw25.txt,,,211,124500,0,45,85,924,314,577,,,,,,,,31,105,10,178,,,,,,,62,2,,,200,1,149,10,0,0,111,38,0,5,2,,,3,,,,LWEA014
Flare Sword,weapon\onehand\osw24\osw24.txt,,,211,152800,0,45,88,925,315,577,,,,,,,,31,111,10,189,,,,,,,63,2,,,200,1,152,9,0,0,111,38,0,5,2,,,8,,,,LWEA015
Lord Black Sun Sword,weapon\onehand\osw33\osw33.txt,,,211,189700,0,50,90,926,316,577,,,,,,,,31,116,10,200,,,,,,,64,2,,,200,1,170,10,0,0,111,38,0,5,2,,,5,,,,LWEA016
Lord Black Sun Sword,weapon\onehand\osw33\osw33.txt,,,211,189700,0,50,92,926,316,577,,,,,,,,31,120,10,200,,,,,,,64,2,,,200,1,169,9,0,0,111,38,0,5,2,,,2,,,,LWEA016
Flamboyant,weapon\onehand\osw34\osw34.txt,,,211,246700,0,50,94,927,317,577,,,,,,,,31,125,10,211,,,,,,,66,2,,,200,1,188,10,0,0,111,38,0,5,2,,,8,,,,LWEA017
Flamboyant,weapon\onehand\osw34\osw34.txt,,,211,246700,0,50,93,927,317,577,,,,,,,,31,122,10,211,,,,,,,65,2,,,200,1,191,11,0,0,111,38,0,5,2,,,4,,,,LWEA017
Righteous Sword,weapon\onehand\osw35\osw35.txt,,,211,284850,0,50,96,928,318,577,,,,,,,,31,130,10,221,,,,,,,67,2,,,200,1,198,10,0,0,111,38,0,5,2,,,6,,,,LWEA018
Righteous Sword,weapon\onehand\osw35\osw35.txt,,,211,284850,0,50,97,928,318,577,,,,,,,,31,132,10,221,,,,,,,67,2,,,200,1,193,9,0,0,111,38,0,5,2,,,3,,,,LWEA018
Black Shamshir,weapon\onehand\osw36\osw36.txt,,,211,362500,0,50,97,929,319,577,,,,,,,,31,133,10,230,,,,,,,67,2,,,200,1,225,12,0,0,111,38,0,5,2,,,1,,,,LWEA019
Black Shamshir,weapon\onehand\osw36\osw36.txt,,,211,362500,0,50,99,929,319,577,,,,,,,,31,136,10,230,,,,,,,68,2,,,200,1,222,11,0,0,111,38,0,5,2,,,6,,,,LWEA019
Death Bringer,weapon\onehand\osw40\osw40.txt,,,211,407500,0,50,82,930,320,577,,11,,,,,,31,149,10,246,,,,,,,67,2,,,200,1,245,10,0,,111,38,,5,2,,,3,,,,LWEA020
Death Expeller,weapon\onehand\osw41\osw41.txt,,,211,457500,0,50,86,931,321,577,,11,,,,,,31,158,10,261,,,,,,,69,2,,,200,1,269,10,0,,111,38,,5,2,,,2,,,,LWEA021
Simplex Saber,WEAPON\ONEHAND\OSW44,,,211,475600,0,40,87,907,322,577,,13,,,,,,31,169,10,278,,,,,,,70,2,,,250,1,292,11,0,,111,38,,5,2,,,7,,,,LWEA022
Mythril Rapier,WEAPON\ONEHAND\OSW45,,,211,512000,0,50,88,908,323,577,,13,,,,,,31,177,10,286,,,,,,,71,2,,,250,1,308,9,0,,111,38,,5,2,,,8,,,,LWEA023
Dark Panther,weapon\onehand\osw51\osw51.txt,,,211,617150,0,50,90,932,324,577,,12,,,,,,31,186,10,297,,,,,,,72,2,,,250,1,321,11,0,,111,38,,5,2,,,1,,,,LWEA024
Saint Blade Kreuz,weapon\onehand\osw53\osw53.txt,,,211,711600,0,40,92,933,325,577,,12,,,,,,31,210,10,312,,,,,,,74,2,,,250,1,365,10,0,,111,38,,5,2,,,6,,,,LWEA025
Grand Slasher,weapon\onehand\onehand_career021\onehand_career021.txt,,,211,797500,,40,93,3658,1043,577,,,,,,,,31,218,10,326,,,,,,,75,2,,,250,1,405,9,0,,111,38,,5,2,,,7,,,,LWEA026
Ogre Mace,weapon\onehand\osw27\osw27.txt,,,212,4445,0,20,53,952,334,576,,,,,,,,31,31,10,69,,,,,,,49,2,,,200,3,49,11,0,0,121,47,0,15,2,,,6,,,,LWEA034
Onion Mace,weapon\onehand\osw21\osw21.txt,,,212,7920,0,25,57,953,335,576,,,,,,,,31,42,10,84,,,,,,,51,2,,,200,3,62,11,0,0,121,47,0,15,2,,,3,,,,LWEA035
Ghost Bat,weapon\onehand\osw7\osw7.txt,,,212,13905,0,30,60,954,336,576,,,,,,,,31,48,10,100,,,,,,,52,2,,,200,3,73,12,0,0,121,48,0,15,2,,,5,,,,LWEA036
Stone Hammer,weapon\onehand\osw8\osw8.txt,,,212,22400,0,35,65,955,337,576,,,,,,,,31,59,10,115,,,,,,,54,2,,,200,3,83,10,0,0,121,48,0,15,2,,,8,,,,LWEA037
Skeleton Hammer,weapon\onehand\osw30\osw30.txt,,,212,32050,0,40,68,956,338,576,,,,,,,,31,66,10,129,,,,,,,56,2,,,200,3,101,12,0,0,121,48,0,15,2,,,6,,,,LWEA038
Ice Hammer,weapon\onehand\osw31\osw31.txt,,,212,43600,0,50,72,957,339,576,,,,,,,,31,76,10,142,,,,,,,57,2,,,200,3,113,11,0,0,121,48,0,15,2,,,3,,,,LWEA039
Morning Star,weapon\onehand\osw13\osw13.txt,,,212,61250,0,50,75,958,340,576,,,,,,,,31,83,10,156,,,,,,,59,2,,,200,3,130,12,0,0,121,48,0,15,2,,,8,,,,LWEA040
Morning Star,weapon\onehand\osw13\osw13.txt,,,212,61250,0,50,75,958,340,576,,,,,,,,31,81,10,156,,,,,,,59,2,,,200,3,131,13,0,0,121,48,0,15,2,,,5,,,,LWEA040
Pony Hammer,weapon\onehand\osw6\osw6.txt,,,212,79650,0,50,80,959,341,576,,,,,,,,31,93,10,169,,,,,,,60,2,,,200,3,143,11,0,0,121,48,0,15,2,,,2,,,,LWEA041
Pony Hammer,weapon\onehand\osw6\osw6.txt,,,212,79650,0,50,79,959,341,576,,,,,,,,31,91,10,169,,,,,,,60,2,,,200,3,139,11,0,0,121,48,0,15,2,,,8,,,,LWEA041
Blood Mace,weapon\onehand\osw28\osw28.txt,,,212,103600,0,60,81,960,342,576,,,,,,,,31,95,10,181,,,,,,,61,2,,,200,3,153,12,0,0,121,48,0,15,2,,,4,,,,LWEA042
Blood Mace,weapon\onehand\osw28\osw28.txt,,,212,103600,0,60,82,960,342,576,,,,,,,,31,97,10,181,,,,,,,61,2,,,200,3,157,12,0,0,121,48,0,15,2,,,6,,,,LWEA042
Scorpion Club,weapon\onehand\osw29\osw29.txt,,,212,126250,0,60,85,962,343,576,,,,,,,,31,104,10,193,,,,,,,63,2,,,200,3,164,11,0,0,121,48,0,15,2,,,6,,,,LWEA043
Scorpion Club,weapon\onehand\osw29\osw29.txt,,,212,126250,0,60,86,962,343,576,,,,,,,,31,106,10,193,,,,,,,63,2,,,200,3,162,10,0,0,121,48,0,15,2,,,3,,,,LWEA043
Battle Mace,weapon\onehand\osw22\osw22.txt,,,212,165850,0,60,88,963,344,576,,,,,,,,31,112,10,205,,,,,,,64,2,,,200,3,181,11,0,0,121,48,0,15,2,,,8,,,,LWEA044
Great Hammer,weapon\onehand\osw32\osw32.txt,,,212,216900,0,70,90,964,345,576,,,,,,,,31,117,10,217,,,,,,,65,2,,,200,3,207,13,0,0,121,48,0,15,2,,,5,,,,LWEA045
Great Hammer,weapon\onehand\osw32\osw32.txt,,,212,216900,0,70,92,964,345,576,,,,,,,,31,121,10,217,,,,,,,66,2,,,200,3,208,12,0,0,121,48,0,15,2,,,2,,,,LWEA045
Forest Hammer,weapon\onehand\osw37\osw37.txt,,,212,262700,0,70,94,965,346,576,,,,,,,,31,126,10,228,,,,,,,67,2,,,250,3,211,11,0,0,121,48,0,15,2,,,8,,,,LWEA046
Forest Hammer,weapon\onehand\osw37\osw37.txt,,,212,262700,0,70,93,965,346,576,,,,,,,,31,124,10,228,,,,,,,67,2,,,250,3,215,12,0,0,121,48,0,15,2,,,5,,,,LWEA046
Labor Hammer,weapon\onehand\osw38\osw38.txt,,,212,315950,0,60,97,966,347,576,,,,,,,,31,131,10,238,,,,,,,68,2,,,250,3,231,12,0,0,121,48,0,15,2,,,6,,,,LWEA047
Labor Hammer,weapon\onehand\osw38\osw38.txt,,,212,315950,0,60,97,966,347,576,,,,,,,,31,133,10,238,,,,,,,68,2,,,250,3,227,11,0,0,121,48,0,15,2,,,3,,,,LWEA047
Nirvana Hammer,weapon\onehand\osw39\osw39.txt,,,212,376350,0,70,100,967,348,576,,,,,,,,31,140,10,248,,,,,,,69,2,,,250,3,244,11,0,0,121,48,0,15,2,,,2,,,,LWEA048
Doom Hammer,weapon\onehand\osw42\osw42.txt,,,212,421350,0,70,78,969,349,576,,11,,,,,,31,150,10,265,,,,,,,71,2,,,250,3,268,11,0,,121,48,,15,2,,,2,,,,LWEA049
Final Hammer,weapon\onehand\osw43\osw43.txt,,,212,471350,0,70,82,968,350,576,,11,,,,,,31,161,10,282,,,,,,,71,2,,,250,3,291,12,0,,121,48,,15,2,,,5,,,,LWEA050
Bone Club,WEAPON\ONEHAND\OSW46,,,212,500500,0,80,83,946,351,576,,13,,,,,,31,171,10,293,,,,,,,72,2,,,250,3,309,12,,,121,48,,15,2,,,7,,,,LWEA051
Heavy Bolt,WEAPON\ONEHAND\OSW47,,,212,540900,0,80,84,947,352,576,,13,,,,,,31,182,10,306,,,,,,,73,2,,,250,3,335,12,,,121,48,,15,2,,,6,,,,LWEA052
Northern Light,weapon\onehand\osw52\osw52.txt,,,212,659050,0,70,84,970,353,576,,12,,,,,,31,198,10,319,,,,,,,74,2,,,250,3,363,12,0,,121,48,,15,2,,,8,,,,LWEA053
Skull Breaker,weapon\onehand\osw54\osw54.txt,,,212,714500,0,80,86,971,354,576,,12,,,,,,31,210,10,332,,,,,,,76,2,,,250,3,389,11,0,,121,48,,15,2,,,2,,,,LWEA054
Eagle Slayer,WEAPON\twohand\twohand_career070\twohand_career070.txt,,,212,794320,0,80,87,3659,1036,576,,,,,,,,31,218,10,341,,,,,,,80,2,,,250,3,429,11,0,,121,48,,15,2,,,3,,,,LWEA057
Glacier Cutter,WEAPON\twohand\twohand_career031\twohand_career031.txt,,,212,1423000,0,90,90,3675,1037,576,,,,,,,,31,228,10,383,,,,,,,82,2,,,250,3,469,11,0,,121,48,,15,2,,,7,,,,LWEA058
Cutter Crossbow,WEAPON\far\bog5\bog5.txt,,,271,15240,0,10,62,989,362,578,,,,,,,,31,53,10,74,,,,,,,51,2,,,2300,11,78,9,0,151,0,0,71,0,1,,,3,,,,LWEA062
Quick Crossbow,WEAPON\far\bog1\bog1.txt,,,271,23130,0,15,66,990,363,578,,,,,,,,31,61,10,86,,,,,,,52,2,,,2300,11,82,7,0,151,0,0,71,0,1,,,8,,,,LWEA063
Crossbow Gun,WEAPON\far\bog4\bog4.txt,,,271,39400,0,20,71,991,364,578,,,,,,,,31,72,10,97,,,,,,,54,2,,,2400,11,102,8,0,151,0,0,71,0,1,,,2,,,,LWEA064
Dark Crossbow,WEAPON\far\bog6\bog6.txt,,,271,75050,0,20,77,993,366,578,,,,,,,,31,86,10,119,,,,,,,56,2,,,2400,11,136,10,0,151,0,0,71,0,1,,,6,,,,LWEA066
Elf Crossbow,WEAPON\far\bog7\bog7.txt,,,271,98500,0,25,81,994,367,578,,,,,,,,31,96,10,129,,,,,,,58,2,,,2400,11,141,8,0,151,0,0,71,0,1,,,3,,,,LWEA067
Anima Crossbow,WEAPON\far\bog8\bog8.txt,,,271,131900,0,25,83,995,368,578,,,,,,,,31,101,10,139,,,,,,,59,2,,,2400,11,164,10,0,151,0,0,71,0,1,,,5,,,,LWEA068
OverGear Crossbow,WEAPON\far\bog9\bog9.txt,,,271,171900,0,30,88,996,369,578,,,,,,,,31,111,10,149,,,,,,,60,2,,,2500,11,177,9,0,151,0,0,71,0,1,,,8,,,,LWEA069
OverGear Crossbow,WEAPON\far\bog9\bog9.txt,,,271,171900,0,30,87,996,369,578,,,,,,,,31,110,10,149,,,,,,,60,2,,,2500,11,183,10,0,151,0,0,71,0,1,,,6,,,,LWEA069
Steel Crossbow,WEAPON\onehand\bog10\bog10.txt,,,271,183098,0,30,92,997,370,578,,,,,,,,31,129,10,166,,,,,,,62,2,,,2500,11,211,10,0,151,0,0,71,0,1,,,2,,,,LWEA070
Mythril Crossbow,WEAPON\onehand\bog11\bog11.txt,,,271,209418,0,30,94,998,371,578,,,,,,,,31,140,10,181,,,,,,,63,2,,,2500,11,247,9,0,151,0,0,71,0,1,,,6,,,,LWEA071
Cyclone Crossbow,WEAPON\onehand\bog12\bog12.txt,,,271,254318,0,30,93,986,372,578,,,,,,,,31,152,10,203,,,,,,,62,2,,,2600,11,270,10,0,151,0,0,71,0,1,,,4,,,,LWEA072
Tribal Crossbow,WEAPON\onehand\bog12\bog13.txt,,,271,410750,0,30,85,984,374,578,,,,,,,,31,162,10,212,,,,,,,59,2,,,2600,11,286,9,0,151,,,71,,1,,,1,,,,LWEA073
Military Crossbow,WEAPON\onehand\bog12\bog14.txt,,,271,506550,0,35,88,983,375,578,,,,,,,,31,174,10,225,,,,,,,60,2,,,2600,11,318,10,0,151,,,71,,1,,,5,,,,LWEA074
Dragon Crossbow,WEAPON\onehand\bog12\bog15.txt,,,271,657600,0,35,91,982,376,578,,,,,,,,31,184,10,238,,,,,,,61,2,,,2600,11,339,9,0,151,,,71,,1,,,6,,,,LWEA075
Four Stick Crossbow,WEAPON\onehand\bog12\bog16.txt,,,271,759850,0,40,93,985,373,578,,,,,,,,31,210,10,251,,,,,,,62,2,,,2600,11,354,8,0,151,,,71,,1,,,8,,,,LWEA076
Hydra Crossbow,WEAPON\far\bog_career003\bog_career003.txt,,,271,741840,0,40,94,3672,1076,578,,,,,,,,31,218,10,263,,,,,,,73,2,,,2700,11,394,10,0,151,,,71,,1,,,6,,,,LWEA079
Nepheramun Crossbow,WEAPON\far\bog_career002\bog_career002.txt,,,271,1384620,,40,95,3660,1075,578,,,,,,,,31,228,10,291,,,,,,,75,2,,,2700,11,434,10,0,151,,,71,,1,,,1,,,,LWEA080
Requiem of Souls Crossbow,WEAPON\far\glitter_crossbow.txt,,,271,1098740,0,40,97,8700,1166,578,,,,,,,,140,20,10,309,,147,5,,,,76,2,,,2800,11,489,9,0,151,,,71,,1,35,,7,,,,LWEA081
,,,,,405195,,40,113,1019,378,578,,,,,,,,31,169,10,224,,,,,,,70,2,,,2800,11,326,10,0,151,0,0,71,0,1,,,5,,,,
,,,,,435162,,45,117,1020,379,578,,,,,,,,31,178,10,232,,,,,,,71,2,,,2800,11,336,9,0,151,0,0,71,0,1,,,3,,,,
Cutter Edge,WEAPON\twohand\tsw43\tsw43.txt,,,221,8640,0,25,57,1043,404,576,,,,,,,,31,41,10,80,,,,,,,50,2,,,250,5,67,9,0,0,131,39,0,5,2,,,3,,,,LWEA104
Bull Sword,WEAPON\twohand\tsw3\tsw3.txt,,,221,24950,0,25,64,1045,406,576,,,,,,,,31,58,10,110,,,,,,,54,2,,,250,5,95,10,0,0,131,39,0,5,2,,,8,,,,LWEA106
Two-Handed Sword,WEAPON\twohand\tsw13\tsw13.txt,,,221,34900,0,30,69,1046,407,576,,,,,,,,31,68,10,123,,,,,,,55,2,,,250,5,112,10,0,0,131,39,0,5,2,,,2,,,,LWEA107
After Blade,WEAPON\twohand\tsw15\tsw15.txt,,,221,47300,0,30,71,1047,408,576,,,,,,,,31,73,10,136,,,,,,,57,2,,,250,5,125,11,0,0,131,39,0,5,2,,,6,,,,LWEA108
Executioner ,WEAPON\twohand\tsw14\tsw14.txt,,,221,67600,0,30,74,1048,409,576,,,,,,,,31,80,10,149,,,,,,,58,2,,,250,5,144,12,0,0,131,39,0,5,2,,,5,,,,LWEA109
Claymore,WEAPON\twohand\tsw2\tsw2.txt,,,221,108100,0,40,82,1050,411,576,,,,,,,,31,98,10,174,,,,,,,61,2,,,250,5,168,10,0,0,131,39,0,5,2,,,3,,,,LWEA111
Flamberge,WEAPON\twohand\tsw16\tsw16.txt,,,221,137650,0,50,85,1051,412,576,,,,,,,,31,104,10,185,,,,,,,62,2,,,250,5,181,10,0,0,131,39,0,5,2,,,8,,,,LWEA112
Flamberge,WEAPON\twohand\tsw16\tsw16.txt,,,221,137650,0,50,86,1051,412,576,,,,,,,,31,106,10,185,,,,,,,62,2,,,250,5,185,10,0,0,131,39,0,5,2,,,2,,,,LWEA112
Dragon Sword,WEAPON\twohand\tsw23\tsw23.txt,,,221,162800,0,50,87,1053,413,576,,,,,,,,31,110,10,197,,,,,,,63,2,,,250,5,194,10,0,0,131,39,0,5,2,,,6,,,,LWEA113
Great Sword,WEAPON\twohand\tsw32\tsw32.txt,,,221,277200,0,60,94,1055,415,576,,,,,,,,31,126,10,219,,,,,,,66,2,,,250,5,240,11,0,0,131,39,0,5,2,,,3,,,,LWEA115
Giant Sword,WEAPON\twohand\tsw33\tsw33.txt,,,221,332200,0,60,96,1056,416,576,,,,,,,,31,129,10,229,,,,,,,67,2,,,250,5,258,12,0,0,131,39,0,5,2,,,5,,,,LWEA116
Giant Sword,WEAPON\twohand\tsw33\tsw33.txt,,,221,332200,0,60,97,1056,416,576,,,,,,,,31,131,10,229,,,,,,,67,2,,,250,5,253,11,0,0,131,39,0,5,2,,,8,,,,LWEA116
Shion's Guardian,WEAPON\twohand\tsw48\tsw48.txt,,,221,375000,0,70,99,1057,417,576,,,,,,,,31,136,10,239,,,,,,,68,2,,,250,5,266,11,0,0,131,39,0,5,2,,,6,,,,LWEA117
Shion's Guardian,WEAPON\twohand\tsw48\tsw48.txt,,,221,375000,0,70,100,1057,417,576,,,,,,,,31,138,10,239,,,,,,,68,2,,,250,5,260,10,0,0,131,39,0,5,2,,,3,,,,LWEA117
Sacred Hander,WEAPON\twohand\tsw55\tsw55.txt,,,221,420000,0,70,88,1059,418,576,,11,,,,,,31,148,10,255,,,,,,,68,2,,,250,5,286,11,0,,131,39,,5,2,,,3,,,,LWEA118
Explosion Hander,WEAPON\twohand\tsw56\tsw56.txt,,,221,470000,0,70,89,1058,419,576,,12,,,,,,31,159,10,271,,,,,,,70,2,,,250,5,300,10,0,,131,39,,5,2,,,7,,,,LWEA119
Sword,WEAPON\TWOHAND\TSW61,,,221,500400,0,70,90,1066,420,576,,13,,,,,,31,170,10,284,,,,,,,71,2,,,250,5,313,10,0,,131,39,,5,2,,,7,,,,LWEA120
Rookie Sword,WEAPON\TWOHAND\TSW62,,,221,553000,0,70,91,1067,421,576,,14,,,,,,31,185,10,292,,,,,,,72,2,,,250,5,341,10,0,,131,39,,5,2,,,8,,,,LWEA121
Moon Sword,WEAPON\twohand\tsw69\tsw69.txt,,,221,617750,0,80,92,1062,422,576,,12,,,,,,31,197,10,304,,,,,,,73,2,,,250,5,366,11,0,,131,39,,5,2,,,3,,,,LWEA122
Caliburn,WEAPON\twohand\tsw72\tsw72.txt,,,221,666700,0,80,93,1063,423,576,,13,,,,,,31,210,10,317,,,,,,,76,2,,,250,5,401,10,0,,131,39,,5,2,,,7,,,,LWEA123
Asmodeus Ritual Blade,WEAPON\twohand\twohand_career082\twohand_career082.txt,,,221,704300,,90,94,3661,1040,577,,,,,,,,31,218,10,330,,,,,,,77,2,,,250,5,441,10,0,,131,39,,5,2,,,2,,,,LWEA127
Warmaster Sword,WEAPON\twohand\twohand_career082\twohand_career038.txt,,,221,1421000,0,90,95,3676,1038,577,,,,,,,,31,228,10,366,,,,,,,75,2,,,250,5,481,10,0,,131,39,,5,2,,,2,,,,LWEA128
Requiem of Souls Claymore,WEAPON\twohand_glittler_twohandsword.txt,,,221,1254156,0,100,102,8701,1167,576,,,,,,,,140,20,10,388,,147,5,,,,76,2,,,250,5,536,10,0,,131,39,,5,2,35,,7,,,,LWEA129
?????? ??????????,0,,,221,428570,0,80,113,1063,423,576,,,,,,,,31,168,10,292,,,,,,,74,2,,,250,5,356,11,0,0,131,39,0,5,2,,,5,,,,
???? ??????????,0,,,221,428570,0,80,114,1063,423,576,,,,,,,,31,171,10,292,,,,,,,74,2,,,250,5,350,10,0,0,131,39,0,5,2,,,3,,,,
???? ?????? ??,0,,,221,435380,0,80,117,1064,424,576,,,,,,,,31,177,10,300,,,,,,,75,2,,,250,5,351,9,0,0,131,39,0,5,2,,,2,,,,
???? ??????????,0,,,221,483985,0,100,119,1066,425,576,,,,,,,,31,181,10,308,,,,,,,76,2,,,250,5,379,10,0,0,131,39,0,5,2,,,3,,,,
?????? ??????????,0,,,221,483985,0,100,118,1066,425,576,,,,,,,,31,180,10,308,,,,,,,76,2,,,250,5,376,10,0,0,131,39,0,5,2,,,8,,,,
???? ??????????????,0,,,221,479218,0,120,119,1067,426,576,,,,,,,,31,182,10,316,,,,,,,77,2,,,250,5,382,10,0,0,131,39,0,5,2,,,4,,,,
?????? ??????????????,0,,,221,479218,0,120,119,1067,426,576,,,,,,,,31,183,10,316,,,,,,,77,2,,,250,5,385,10,0,0,131,39,0,5,2,,,5,,,,
Small Axe,WEAPON\twohand\tsw6\tsw6.txt,,,223,5840,0,20,53,1120,432,576,,,,,,,,31,33,10,73,,,,,,,49,2,,,150,8,59,10,0,0,141,63,0,20,2,,,3,,,,LWEA132
Battle Axe,WEAPON\twohand\tsw5\tsw5.txt,,,223,10485,0,20,56,1119,433,576,,,,,,,,31,39,10,90,,,,,,,51,2,,,200,8,73,12,0,0,141,63,0,20,2,,,5,,,,LWEA133
Tomahawk,WEAPON\twohand\tsw7\tsw7.txt,,,223,17450,0,25,61,1121,434,576,,,,,,,,31,50,10,106,,,,,,,53,2,,,200,8,87,11,0,0,141,63,0,20,2,,,8,,,,LWEA134
Orc Axe,WEAPON\twohand\tsw18\tsw18.txt,,,223,24850,0,30,64,1122,435,576,,,,,,,,31,58,10,122,,,,,,,55,2,,,200,8,100,11,0,0,141,63,0,20,2,,,6,,,,LWEA135
Tower Axe,WEAPON\twohand\tsw19\tsw19.txt,,,223,35650,0,30,69,1123,436,576,,,,,,,,31,68,10,136,,,,,,,56,2,,,200,8,117,11,0,0,141,63,0,20,2,,,3,,,,LWEA136
Silver Axe,WEAPON\twohand\tsw29\tsw29.txt,,,223,62950,0,35,75,1125,438,576,,,,,,,,31,83,10,164,,,,,,,59,2,,,200,8,139,10,0,0,141,63,0,20,2,,,8,,,,LWEA138
Golden Axe,WEAPON\twohand\tsw30\tsw30.txt,,,223,83100,0,30,78,1126,439,576,,,,,,,,31,89,10,178,,,,,,,61,2,,,200,8,157,11,0,0,141,63,0,20,2,,,5,,,,LWEA139
Golden Axe,WEAPON\twohand\tsw30\tsw30.txt,,,223,83100,0,30,80,1126,439,576,,,,,,,,31,93,10,178,,,,,,,61,2,,,200,8,159,10,0,0,141,63,0,20,2,,,2,,,,LWEA139
Great Axe,WEAPON\twohand\tsw34\tsw34.txt,,,223,109800,0,30,82,1127,440,576,,,,,,,,31,98,10,190,,,,,,,62,2,,,200,8,176,11,0,0,141,63,0,20,2,,,8,,,,LWEA140
Flame Axe,WEAPON\twohand\tsw31\tsw31.txt,,,223,169500,0,40,87,1129,442,576,,,,,,,,31,109,10,214,,,,,,,65,2,,,200,8,201,11,0,0,141,63,0,20,2,,,4,,,,LWEA142
Earthquake,WEAPON\twohand\tsw36\tsw36.txt,,,223,224350,0,40,91,1131,443,576,,,,,,,,31,118,10,227,,,,,,,66,2,,,250,8,231,12,0,0,141,63,0,20,2,,,6,,,,LWEA143
Earthquake,WEAPON\twohand\tsw36\tsw36.txt,,,223,224350,0,40,92,1131,443,576,,,,,,,,31,120,10,227,,,,,,,66,2,,,250,8,227,11,0,0,141,63,0,20,2,,,3,,,,LWEA143
Bloody Axe,WEAPON\twohand\tsw49\tsw49.txt,,,223,275950,0,45,95,1132,444,576,,,,,,,,31,128,10,239,,,,,,,68,2,,,250,8,246,11,0,0,141,63,0,20,2,,,2,,,,LWEA144
Bloody Axe,WEAPON\twohand\tsw49\tsw49.txt,,,223,275950,0,45,94,1132,444,576,,,,,,,,31,125,10,239,,,,,,,67,2,,,250,8,249,12,0,0,141,63,0,20,2,,,6,,,,LWEA144
Collapse Axe,WEAPON\twohand\tsw50\tsw50.txt,,,223,312900,0,50,96,1133,445,576,,,,,,,,31,130,10,249,,,,,,,69,2,,,250,8,251,11,0,0,141,63,0,20,2,,,5,,,,LWEA145
Adamantium Axe,WEAPON\twohand\tsw51\tsw51.txt,,,223,396550,0,60,100,1134,446,576,,,,,,,,31,139,10,259,,,,,,,70,2,,,250,8,275,11,0,0,141,63,0,20,2,,,3,,,,LWEA146
Adamantium Axe,WEAPON\twohand\tsw51\tsw51.txt,,,223,396550,0,60,100,1134,446,576,,,,,,,,31,140,10,259,,,,,,,70,2,,,250,8,278,11,0,0,141,63,0,20,2,,,2,,,,LWEA146
Titan Axe,WEAPON\twohand\tsw57\tsw57.txt,,,223,441550,0,60,93,1135,447,576,,11,,,,,,31,151,10,277,,,,,,,70,2,,,250,8,300,12,0,,141,63,,20,2,,,1,,,,LWEA147
Behead Axe,WEAPON\twohand\tsw58\tsw58.txt,,,223,491550,0,60,94,1136,448,576,,11,,,,,,31,165,10,284,,,,,,,71,2,,,250,8,319,11,0,,141,63,,20,2,,,7,,,,LWEA148
Nail Hatchet,WEAPON\twohand\tsw63\tsw63.txt,,,223,645200,0,60,95,1115,449,576,,12,,,,,,31,173,10,292,,,,,,,72,2,,,250,8,333,12,0,,141,63,,20,,,,3,,,,LWEA149
Goblin Hatchet,WEAPON\twohand\tsw64\tsw64.txt,,,223,739700,0,60,95,1116,450,576,,12,,,,,,31,182,10,299,,,,,,,73,2,,,250,8,356,11,0,,141,63,,20,,,,8,,,,LWEA150
Turak Axe,WEAPON\twohand\tsw70\tsw70.txt,,,223,843700,0,70,96,1137,451,576,,13,,,,,,31,188,10,311,,,,,,,74,2,,,250,8,374,12,0,,141,63,,20,,,,2,,,,LWEA151
Jabberwock's Nail,WEAPON\twohand\tsw73\tsw73.txt,,,223,957750,0,70,97,1138,452,576,,13,,,,,,31,210,10,324,,,,,,,75,2,,,250,8,417,12,0,,141,63,,20,,,,1,,,,LWEA152
Belial's Axe,WEAPON\twohand\twohand_career027\twohand_career027.txt,,,223,1024080,,70,98,3662,1035,576,,,,,,,,31,218,10,337,,,,,,,79,2,,,250,8,457,11,0,,141,63,,20,,,,8,,,,LWEA153
Lava Axe of Athoum,WEAPON\twohand\u_tsw7\utsw7.txt,,,223,1723150,0,80,99,3677,1087,576,,,,,,,,31,228,10,373,,,,,,,75,2,,,250,8,497,11,0,,141,63,,20,,,,6,,,,LWEA154
Haloween Pumpkin,WEAPON\mst_F1301.txt,,,241,10,0,10,39,1138,1031,576,,,,,,,,,,,,,,,,,,50,2,,,300,6,50,10,1,,131,72,,25,2,,,,,,,LWEA636
Lollipop,WEAPON\mst_F1227.txt,,6,242,10,0,10,50,3692,1032,576,,,,,,,,,,,,,,,,,,50,2,,,1500,14,50,12,1,212,,37,89,5,1,,,,,,,LWEA637
Lucky Star Wand,WEAPON\mst_F1228.txt,,6,242,0,0,3,50,4358,1033,576,,,,,,,,,,,,,,,,,,75,4,,,1200,14,50,12,1,319,,37,89,5,2,,,,,,,LWEA638
Black Kokeshi Fan,WEAPON\kka_F1238.txt,,6,251,10,0,10,50,2548,1034,576,,,,,,,,,,,,,,,,,,50,2,,,320,16,50,7,0,,121,38,,5,1,,,,,,,LWEA639
Golden Kokeshi Fan,WEAPON\kka_F1238.txt,,6,251,10,0,10,50,5848,1034,576,,,,,,,,,,,,,,,,,,50,2,,,320,16,50,7,0,,121,38,,5,1,,,,,,,LWEA640
Bardiche,WEAPON\twohand\tsw27\tsw27.txt,,,222,9840,0,25,56,1083,465,577,,,,,,,,31,40,10,77,,,,,,,50,2,,,350,6,68,10,0,0,131,55,0,25,2,,,5,,,,LWEA165
Iron Spear,WEAPON\twohand\tsw21\tsw21.txt,,,222,15975,0,30,61,1084,466,577,,,,,,,,31,51,10,91,,,,,,,52,2,,,350,6,77,8,0,0,131,55,0,25,2,,,8,,,,LWEA166
Trident,WEAPON\twohand\tsw11\tsw11.txt,,,222,26300,0,30,65,1085,467,577,,,,,,,,31,59,10,105,,,,,,,53,2,,,350,6,97,10,0,0,131,55,0,25,2,,,6,,,,LWEA167
Death Spear,WEAPON\twohand\tsw28\tsw28.txt,,,222,35900,0,35,69,1086,468,577,,,,,,,,31,69,10,117,,,,,,,55,2,,,350,6,104,8,0,0,131,55,0,25,2,,,3,,,,LWEA168
Halberd,WEAPON\twohand\tsw37\tsw37.txt,,,222,48550,0,30,72,1087,469,577,,,,,,,,31,76,10,129,,,,,,,56,2,,,400,6,115,8,0,0,131,55,0,25,2,,,8,,,,LWEA169
Lightning Spear,WEAPON\twohand\tsw38\tsw38.txt,,,222,67850,0,30,75,1088,470,577,,,,,,,,31,82,10,142,,,,,,,58,2,,,400,6,137,10,0,0,131,55,0,25,2,,,5,,,,LWEA170
Shining Spear,WEAPON\twohand\tsw40\tsw40.txt,,,222,90250,0,40,80,1089,471,577,,,,,,,,31,94,10,154,,,,,,,59,2,,,400,6,153,9,0,0,131,55,0,25,2,,,2,,,,LWEA171
Shining Spear,WEAPON\twohand\tsw40\tsw40.txt,,,222,90250,0,40,79,1089,471,577,,,,,,,,31,92,10,154,,,,,,,59,2,,,400,6,149,9,0,0,131,55,0,25,2,,,8,,,,LWEA171
Chaos Spear,WEAPON\twohand\tsw39\tsw39.txt,,,222,109000,0,40,81,1090,472,577,,,,,,,,31,96,10,164,,,,,,,60,2,,,400,6,157,9,0,0,131,55,0,25,2,,,4,,,,LWEA172
Chaos Spear,WEAPON\twohand\tsw39\tsw39.txt,,,222,109000,0,40,82,1090,472,577,,,,,,,,31,98,10,164,,,,,,,60,2,,,400,6,161,9,0,0,131,55,0,25,2,,,6,,,,LWEA172
Gungnir ,WEAPON\twohand\tsw46\tsw46.txt,,,222,137750,0,40,86,1092,473,577,,,,,,,,31,106,10,175,,,,,,,62,2,,,400,6,169,8,0,0,131,55,0,25,2,,,8,,,,LWEA173
Gungnir ,WEAPON\twohand\tsw46\tsw46.txt,,,222,137750,0,40,86,1092,473,577,,,,,,,,31,108,10,175,,,,,,,62,2,,,400,6,173,8,0,0,131,55,0,25,2,,,2,,,,LWEA173
Oriental Spear,WEAPON\twohand\tsw47\tsw47.txt,,,222,180350,0,45,88,1093,474,577,,,,,,,,31,112,10,186,,,,,,,63,2,,,400,6,198,10,0,0,131,55,0,25,2,,,6,,,,LWEA174
Oriental Spear,WEAPON\twohand\tsw47\tsw47.txt,,,222,180350,0,45,88,1093,474,577,,,,,,,,31,111,10,186,,,,,,,63,2,,,400,6,196,10,0,0,131,55,0,25,2,,,5,,,,LWEA174
Dragon Spear,WEAPON\twohand\tsw45\tsw45.txt,,,222,222900,0,50,92,1094,475,577,,,,,,,,31,121,10,196,,,,,,,64,2,,,400,6,209,9,0,0,131,55,0,25,2,,,3,,,,LWEA175
Dagan Spear,WEAPON\twohand\tsw52\tsw52.txt,,,222,273200,0,60,94,1095,476,577,,,,,,,,31,125,10,207,,,,,,,65,2,,,400,6,228,10,0,0,131,55,0,25,2,,,5,,,,LWEA176
Dagan Spear,WEAPON\twohand\tsw52\tsw52.txt,,,222,273200,0,60,96,1095,476,577,,,,,,,,31,129,10,207,,,,,,,66,2,,,400,6,228,9,0,0,131,55,0,25,2,,,2,,,,LWEA176
Longinus Spear,WEAPON\twohand\tsw53\tsw53.txt,,,222,330200,0,50,97,1096,477,577,,,,,,,,31,133,10,216,,,,,,,66,2,,,450,6,237,9,0,0,131,55,0,25,2,,,8,,,,LWEA177
Longinus Spear,WEAPON\twohand\tsw53\tsw53.txt,,,222,330200,0,50,96,1096,477,577,,,,,,,,31,130,10,216,,,,,,,66,2,,,450,6,240,10,0,0,131,55,0,25,2,,,4,,,,LWEA177
Nimrodpiece,WEAPON\twohand\tsw54\tsw54.txt,,,222,373250,0,50,100,1097,478,577,,,,,,,,31,138,10,225,,,,,,,67,2,,,450,6,249,9,0,0,131,55,0,25,2,,,6,,,,LWEA178
Nimrodpiece,WEAPON\twohand\tsw54\tsw54.txt,,,222,373250,0,50,100,1097,478,577,,,,,,,,31,140,10,225,,,,,,,68,2,,,450,6,242,8,0,0,131,55,0,25,2,,,3,,,,LWEA178
Fury Spantun,WEAPON\twohand\tsw59\tsw59.txt,,,222,418250,0,55,81,1099,479,577,,11,,,,,,31,149,10,240,,,,,,,67,2,,,450,6,277,10,0,,131,55,,25,2,,,2,,,,LWEA179
Punisher Drill,WEAPON\twohand\tsw60\tsw60.txt,,,222,468250,0,55,85,1098,480,577,,11,,,,,,31,159,10,255,,,,,,,69,2,,,450,6,308,10,0,,131,55,,25,2,,,7,,,,LWEA180
Reams Puricator,WEAPON\twohand\tsw66\tsw66.txt,,,222,740250,0,70,85,1077,482,577,,12,,,,,,31,165,10,260,,,,,,,69,2,,,450,6,313,10,,,131,55,,25,,,,1,,,,LWEA182
Keil Cutter,WEAPON\twohand\tsw65\tsw65.txt,,,222,612800,0,70,86,1076,481,577,,12,,,,,,31,179,10,271,,,,,,,70,2,,,450,6,339,8,,,131,55,,25,2,,,8,,,,LWEA181
Warlord Spear,WEAPON\twohand\tsw71\tsw71.txt,,,222,792950,0,80,87,1102,487,577,,13,,,,,,31,192,10,282,,,,,,,73,2,,,450,6,357,9,,,131,55,,25,,,,6,,,,LWEA183
Widow Maker,WEAPON\twohand\tsw74\tsw74.txt,,,222,952550,0,80,88,1103,488,577,,13,,,,,,31,210,10,295,,,,,,,74,2,,,450,6,385,9,,,131,55,,25,2,,,3,,,,LWEA184
Eternal Impaler,WEAPON\magic\magic_career035\magic_career035.txt,,,222,1021332,0,100,89,3663,1066,577,,,,,,,,31,218,10,309,,,,,,,79,2,,,500,6,425,9,,,131,55,,25,2,,,5,,,,LWEA186
Deadly Avarice,WEAPON\onehand\onehand_fashion012\onehand_fashion012.txt,,,222,1822650,0,100,90,3687,1088,577,,,,,,,,31,228,10,348,,,,,,,73,2,,,500,6,465,9,,,131,55,,25,2,,,4,,,,LWEA187
Requiem of Souls Spear,WEAPON\twohand\glitter_lance.txt,,,222,1455142,0,100,97,8703,1169,577,,,,,,,,140,20,10,359,,147,5,,,,74,2,,,500,6,520,8,,,131,55,,25,2,35,,7,,,,LWEA188
Orc Bow,WEAPON\far\fbo10\fbo10.txt,,,231,4480,0,10,53,1160,504,578,,,,,,,,31,32,11,60,,,,,,,48,2,,,2500,10,54,9,0,151,0,0,71,0,1,,,3,,,,LWEA204
White Wing Bow,WEAPON\far\fbo3\fbo3.txt,,,231,8040,0,10,56,1161,505,578,,,,,,,,31,40,11,74,,,,,,,50,2,,,2500,10,64,9,0,151,0,0,71,0,1,,,8,,,,LWEA205
Elf Bow,WEAPON\far\fbo12\fbo12.txt,,,231,13590,0,15,61,1162,506,578,,,,,,,,31,51,11,88,,,,,,,52,2,,,2600,10,80,9,0,151,0,0,71,0,1,,,2,,,,LWEA206
Iron Bow,WEAPON\far\fbo13\fbo13.txt,,,231,22400,0,15,64,1163,507,578,,,,,,,,31,57,11,102,,,,,,,53,2,,,2600,10,92,10,0,151,0,0,71,0,1,,,6,,,,LWEA207
Maiya Bow,WEAPON\far\fbo11\fbo11.txt,,,231,30550,0,15,67,1164,508,578,,,,,,,,31,64,11,114,,,,,,,54,2,,,2600,10,104,10,0,151,0,0,71,0,1,,,5,,,,LWEA208
Half-Elf Bow,WEAPON\far\fbo5\fbo5.txt,,,231,56950,0,20,75,1166,510,578,,,,,,,,31,83,11,139,,,,,,,58,2,,,2700,10,132,9,0,151,0,0,71,0,1,,,3,,,,LWEA210
Mythril Bow,WEAPON\far\fbo6\fbo6.txt,,,231,76600,0,20,78,1167,511,578,,,,,,,,31,90,11,151,,,,,,,59,2,,,2700,10,145,9,0,151,0,0,71,0,1,,,8,,,,LWEA211
Mythril Bow,WEAPON\far\fbo6\fbo6.txt,,,231,76600,0,20,79,1167,511,578,,,,,,,,31,92,11,151,,,,,,,59,2,,,2700,10,149,9,0,151,0,0,71,0,1,,,2,,,,LWEA211
Bow of East Archer,WEAPON\far\fbo7\fbo7.txt,,,231,94950,0,20,81,1168,512,578,,,,,,,,31,96,11,161,,,,,,,60,2,,,2700,10,164,10,0,151,0,0,71,0,1,,,6,,,,LWEA212
Bow of Wind Spirit,WEAPON\far\fbo9\fbo9.txt,,,231,191900,0,20,88,1184,514,578,,,,,,,,31,112,11,183,,,,,,,63,2,,,2700,10,190,9,0,151,0,0,71,0,1,,,3,,,,LWEA214
Dual Stick Bow,WEAPON\far\fbo14\fbo14.txt,,,231,178467,0,25,90,1185,515,578,,,,,,,,31,116,11,193,,,,,,,64,2,,,2800,10,207,10,0,151,0,0,71,0,1,,,5,,,,LWEA215
Mediator Bow,WEAPON\far\fbo15\fbo15.txt,,,231,236250,0,25,94,1186,516,578,,,,,,,,31,125,11,204,,,,,,,65,2,,,2800,10,219,9,0,151,0,0,71,0,1,,,8,,,,LWEA216
Lynx Bow,WEAPON\far\fbo16\fbo16.txt,,,231,281850,0,25,96,1187,517,578,,,,,,,,31,130,11,213,,,,,,,66,2,,,2800,10,241,10,0,151,0,0,71,0,1,,,6,,,,LWEA217
Lynx Bow,WEAPON\far\fbo16\fbo16.txt,,,231,281850,0,25,97,1187,517,578,,,,,,,,31,132,11,213,,,,,,,66,2,,,2800,10,235,9,0,151,0,0,71,0,1,,,3,,,,LWEA217
Bifenith Bow,WEAPON\far\fbo17\fbo17.txt,,,231,338300,0,30,99,1188,518,578,,,,,,,,31,137,11,222,,,,,,,67,2,,,2800,10,247,9,0,151,0,0,71,0,1,,,8,,,,LWEA218
Zephyr Long Bow,WEAPON\far\fbo19\fbo19.txt,,,231,383300,0,30,91,1189,519,578,,11,,,,,,31,151,11,237,,,,,,,67,2,,,2800,10,278,10,0,151,,,71,0,1,,,6,,,,LWEA219
Six Stick Bow,WEAPON\far\fbo18\fbo18.txt,,,231,433300,0,30,93,1190,520,578,,11,,,,,,31,166,11,252,,,,,,,68,2,,,2800,10,299,9,,151,,,71,0,1,,,8,,,,LWEA220
Ferrum Bow,WEAPON\far\fbo21\fbo21.txt,,,231,489000,0,30,94,1154,522,578,,13,,,,,,31,170,11,264,,,,,,,70,2,,,2800,10,325,10,,151,,,71,0,1,,,3,,,,LWEA223
Aquilia Bow,WEAPON\far\fbo22\fbo22.txt,,,231,527500,0,30,95,1155,523,578,,13,,,,,,31,183,11,272,,,,,,,71,2,,,2900,10,341,10,,151,,,71,0,1,,,7,,,,LWEA224
Kentauros Bow,WEAPON\far\fbo23\fbo23.txt,,,231,558350,0,30,96,1191,524,578,,12,,,,,,31,189,11,284,,,,,,,72,2,,,2900,10,362,10,,151,,,71,0,1,,,5,,,,LWEA221
Zephyr Falcon,WEAPON\far\fbo24\fbo24.txt,,,231,639500,0,30,97,1192,525,578,,12,,,,,,31,210,11,296,,,,,,,73,2,,,2900,10,395,10,,151,,,71,0,1,,,6,,,,LWEA222
Pincer Bow,WEAPON\far\far_career049\far_career049.txt,,,231,932147,0,35,98,3664,1052,578,,,,,,,,31,218,11,308,,,,,,,74,2,,,2900,10,435,10,,151,,,71,0,1,,,1,,,,LWEA227
Carnival Bow,WEAPON\far\far_fashion003\far_fashion003.txt,,,231,1523000,0,30,99,3688,1089,578,,,,,,,,31,228,11,349,,,,,,,75,2,,,3000,10,475,10,,151,,,71,0,1,,,8,,,,LWEA229
Blaze Dancer,weapon\onehand\onehand_career027\onehand_career027.txt,,,211,1312300,0,30,94,3674,1074,577,,,,,,,,31,228,10,367,,,,,,,74,2,,,250,1,445,9,0,,111,38,,5,2,,,3,,,,LWEA027
Oblivion Staff,WEAPON\magic\magic_career037\magic_career037.txt,,,241,1956000,0,30,101,3700,1067,578,,,,,,,,31,228,12,339,,29,32,,,,75,2,,,350,6,440,10,1,,131,72,,25,,,,7,,,,LWEA326
Ritual Wrist Blade,WEAPON\katar\katar_career051\katar_career055.txt,,,251,1510000,0,30,90,3702,1064,577,,,,,,,,31,228,11,347,,,,,,,73,2,,,250,16,413,4,0,,121,38,,5,4,,,2,,,,LWEA426
Requiem of Souls Bow,WEAPON\far\glitter_bow.txt,,,231,1215481,0,40,105,8704,1170,578,,,,,,,,140,20,11,372,,147,5,,,,76,2,,,3200,10,530,9,,151,,,71,0,1,36,,7,,,,LWEA230
,,,,,,,,,,,,,,,,,,,,,,,,,,,,,,,,,,,,,,,,,,,,,,,,,,
,,,,,,,,,,,,,,,,,,,,,,,,,,,,,,,,,,,,,,,,,,,,,,,,,,
?????? 0,0,,,231,454986,0,35,117,1197,526,578,,,,,,,,31,178,11,287,,,,,,,75,2,,,3500,10,372,10,0,151,0,0,71,0,0,,,5,,,,
Gloria Gun,WEAPON\far\fgu11\fgu11.txt,,,232,6020,0,15,53,1211,533,578,,,,,,,,31,32,13,62,,,,,,,49,2,,,2600,26,57,9,0,171,0,82,78,0,1,,,3,,,,LWEA233
Iron Rifle,WEAPON\far\fgu5\fgu5.txt,,,232,10560,0,20,56,1212,534,578,,,,,,,,31,40,13,76,,,,,,,50,2,,,2600,12,67,9,0,173,0,84,78,0,1,,,8,,,,LWEA234
Iron Shotgun,WEAPON\far\fgu6\fgu6.txt,,,232,17280,0,20,61,1213,535,578,,,,,,,,31,51,13,89,,,,,,,52,2,,,2600,12,82,9,0,174,0,84,78,0,1,,,2,,,,LWEA235
Sorden Gun,WEAPON\far\fgu20\fgu20.txt,,,232,29100,0,20,64,1214,536,578,,,,,,,,31,57,13,103,,,,,,,53,2,,,2600,26,95,10,0,174,0,84,78,0,1,,,6,,,,LWEA236
Edge Gun,WEAPON\far\fgu21\fgu21.txt,,,232,39000,0,25,67,1215,537,578,,,,,,,,31,64,13,115,,,,,,,55,2,,,2600,12,107,10,0,174,0,84,78,0,1,,,5,,,,LWEA237
Beretta,WEAPON\far\fgu23\fgu23.txt,,,232,73900,0,30,75,1217,539,578,,,,,,,,31,83,13,139,,,,,,,58,2,,,2800,26,135,9,0,174,0,84,78,0,1,,,3,,,,LWEA239
Sniper Gun,WEAPON\far\fgu13\fgu13.txt,,,232,98400,0,30,78,1218,540,578,,,,,,,,31,90,13,150,,,,,,,59,2,,,2800,12,148,9,0,174,0,84,78,0,1,,,8,,,,LWEA240
Sniper Gun,WEAPON\far\fgu13\fgu13.txt,,,232,98400,0,30,79,1218,540,578,,,,,,,,31,92,13,150,,,,,,,59,2,,,2800,12,152,9,0,174,0,84,78,0,1,,,2,,,,LWEA240
Justice Cannon,WEAPON\far\fgu14\fgu14.txt,,,232,127300,0,30,81,1219,541,578,,,,,,,,31,96,13,161,,,,,,,60,2,,,2800,12,167,10,0,174,0,84,78,0,1,,,6,,,,LWEA241
Piercing Gun,WEAPON\far\fgu16\fgu16.txt,,,232,207800,0,30,88,1222,543,578,,,,,,,,31,112,13,181,,,,,,,63,2,,,3000,12,193,9,0,174,0,84,78,0,1,,,3,,,,LWEA243
Remington,WEAPON\far\fgu17\fgu17.txt,,,232,256200,0,35,90,1223,544,578,,,,,,,,31,116,13,191,,,,,,,63,2,,,3000,12,210,10,0,174,0,84,78,0,1,,,5,,,,LWEA244
Remington,WEAPON\far\fgu17\fgu17.txt,,,232,256200,0,35,91,1223,544,578,,,,,,,,31,118,13,191,,,,,,,64,2,,,3000,12,206,9,0,174,0,84,78,0,1,,,8,,,,LWEA244
Brave Gun,WEAPON\far\fgu18\fgu18.txt,,,232,319250,0,35,93,1224,545,578,,,,,,,,31,124,13,202,,,,,,,65,2,,,3000,12,229,10,0,174,0,84,78,0,1,,,6,,,,LWEA245
Brave Gun,WEAPON\far\fgu18\fgu18.txt,,,232,319250,0,35,94,1224,545,578,,,,,,,,31,126,13,202,,,,,,,65,2,,,3000,12,224,9,0,174,0,84,78,0,1,,,3,,,,LWEA245
Bastard Gun,WEAPON\far\fgu19\fgu19.txt,,,232,387800,0,40,97,1225,546,578,,,,,,,,31,131,13,211,,,,,,,66,2,,,3200,12,236,9,0,174,0,84,78,0,1,,,8,,,,LWEA246
Steam Shocker,WEAPON\far\fgu24\fgu24.txt,,,232,461100,0,40,98,1226,547,578,,,,,,,,31,135,13,219,,,,,,,67,2,,,3200,12,256,10,0,171,0,0,78,0,1,,,5,,,,LWEA247
Steam Shocker,WEAPON\far\fgu24\fgu24.txt,,,232,461100,0,40,100,1226,547,578,,,,,,,,31,139,13,219,,,,,,,67,2,,,3200,12,255,9,0,171,0,0,78,0,1,,,2,,,,LWEA247
Shock Impact Gun,WEAPON\far\fgu25\fgu25.txt,,,232,506100,0,40,93,1227,548,578,,11,,,,,,31,151,13,234,,,,,,,67,2,,,3200,12,281,10,0,171,0,84,78,0,1,,,5,,,,LWEA248
White Night Gun,WEAPON\far\fgu26\fgu26.txt,,,232,556100,0,45,94,1228,549,578,,12,,,,,,31,164,13,248,,,,,,,68,2,,,3200,12,309,10,0,171,0,84,78,0,1,,,6,,,,LWEA249
Blunderbuss,WEAPON\far\fgu29\fgu29.txt,,,232,612030,0,50,95,1231,552,578,,12,,,,,,31,168,13,259,,,,,,,69,2,,,3200,12,338,10,0,171,0,84,78,0,1,,,2,,,,LWEA252
Desert Eagle,WEAPON\far\fgu30\fgu30.txt,,,232,675200,0,40,96,1232,553,578,,12,,,,,,31,181,13,274,,,,,,,70,2,,,3200,26,359,9,0,171,0,84,78,0,1,,,3,,,,LWEA253
Winchester,WEAPON\far\fgu27\fgu27.txt,,,232,766600,0,50,97,1229,550,578,,12,,,,,,31,198,13,281,,,,,,,71,2,,,3200,12,370,9,0,171,0,84,78,0,,,,8,,,,LWEA250
Tornado Rifle,WEAPON\far\fgu28\fgu28.txt,,,232,875350,0,50,99,1230,551,578,,13,,,,,,31,210,13,297,,,,,,,72,2,,,3200,12,406,10,0,171,0,84,78,0,,,,2,,,,LWEA251
Phased Plasma Gun,WEAPON\far\far_career093\far_career093.txt,,,232,1292016,,60,100,3666,1079,578,,,,,,,,31,218,13,313,,,,,,,73,2,,,3200,12,446,9,0,171,0,84,78,0,,,,4,,,,LWEA260
Mana Shooter,WEAPON\far\far_career077\far_career077.txt,,,232,1950000,0,50,101,3689,1059,578,,,,,,,,31,228,13,354,,,,,,,73,2,,,3300,12,486,9,0,171,,84,78,0,,,,5,,,,LWEA259
Requiem of Souls Gun,WEAPON\far\glittler_gun.txt,,,232,1584451,,70,107,8705,1171,578,,,,,,,,140,20,13,375,,147,5,,,,74,2,,,3400,12,541,9,0,171,,84,78,0,,38,,7,,,,LWEA258
???? 0,0,,,232,556368,0,50,114,1232,553,578,,,,,,,,31,171,13,267,,,,,,,73,2,,,3500,12,340,10,0,171,0,0,78,0,1,,,3,,,,
?????? 0,0,,,232,556368,0,50,114,1232,553,578,,,,,,,,31,170,13,267,,,,,,,73,2,,,3500,12,337,10,0,171,0,0,78,0,1,,,8,,,,
???? 0,0,,,232,566740,0,50,115,1233,554,578,,,,,,,,31,172,13,275,,,,,,,73,2,,,3500,12,357,11,0,171,0,0,78,0,1,,,4,,,,
?????? 0,0,,,232,581861,0,50,117,1235,555,578,,,,,,,,31,178,13,282,,,,,,,74,2,,,3500,12,375,11,0,171,0,0,78,0,1,,,5,,,,
Hard Launcher,WEAPON\far\cannon3\cannon3.txt,,,233,35900,0,20,61,1250,563,578,,,,,,,,31,51,10,44,,,,,,,49,2,,,2700,9,95,11,0,191,0,84,78,0,0,,,3,,,,LWEA263
Bronze Launcher,WEAPON\far\cannon4\cannon4.txt,,,233,52300,0,20,65,1251,564,577,,,,,,,,31,59,10,52,,,,,,,50,2,,,2700,9,108,11,0,191,0,84,78,0,0,,,8,,,,LWEA264
Orc Launcher,WEAPON\far\cannon6\cannon6.txt,,,233,99850,0,20,73,1253,566,577,,,,,,,,31,77,10,67,,,,,,,52,2,,,2800,9,142,11,0,191,0,84,78,0,0,,,2,,,,LWEA266
Mythril Launcher,WEAPON\far\cannon7\cannon7.txt,,,233,131350,0,20,75,1254,567,577,,,,,,,,31,82,10,74,,,,,,,53,2,,,2800,9,158,12,0,191,0,84,78,0,0,,,6,,,,LWEA267
Cross Launcher,WEAPON\far\cannon8\cannon8.txt,,,233,176550,0,20,79,1255,568,577,,,,,,,,31,92,10,80,,,,,,,54,2,,,2900,9,173,11,0,191,0,84,78,0,0,,,3,,,,LWEA268
Burning Launcher,WEAPON\far\cannon9\cannon9.txt,,,233,222950,0,20,81,1256,569,576,,,,,,,,31,96,10,87,,,,,,,55,2,,,2900,9,189,12,0,191,0,84,78,0,0,,,5,,,,LWEA269
Corsair Cannon,WEAPON\far\cannon12\cannon12.txt,,,233,356550,0,20,88,1258,571,576,,,,,,,,31,112,10,99,,,,,,,57,2,,,3100,9,218,11,0,191,0,84,78,0,0,,,8,,,,LWEA271
Particle Cannon,WEAPON\far\cannon13\cannon13.txt,,,233,442350,0,20,91,1259,572,576,,,,,,,,31,118,10,105,,,,,,,58,2,,,3100,9,242,12,0,191,0,84,78,0,0,,,6,,,,LWEA272
Particle Cannon,WEAPON\far\cannon13\cannon13.txt,,,233,442350,0,20,92,1259,572,576,,,,,,,,31,120,10,105,,,,,,,58,2,,,3100,9,238,11,0,191,0,84,78,0,0,,,3,,,,LWEA272
Mana Cannon,WEAPON\far\cannon14\cannon14.txt,,,233,547750,0,20,94,1261,573,576,,,,,,,,31,126,10,111,,,,,,,59,2,,,3100,9,253,11,0,191,0,84,78,0,0,,,8,,,,LWEA273
Mana Cannon,WEAPON\far\cannon14\cannon14.txt,,,233,547750,0,20,93,1261,573,576,,,,,,,,31,124,10,111,,,,,,,58,2,,,3100,9,258,12,0,191,0,84,78,0,0,,,5,,,,LWEA273
Ferrell Cannon,WEAPON\far\cannon15\cannon15.txt,,,233,663300,0,20,98,1262,574,576,,,,,,,,31,134,10,116,,,,,,,60,2,,,3300,9,274,11,0,191,0,84,78,0,0,,,2,,,,LWEA274
Spero Shooter,WEAPON\far\cannon16\cannon16.txt,,,233,793150,0,20,100,1263,575,576,,,,,,,,31,138,10,121,,,,,,,60,2,,,3300,9,284,11,0,191,0,84,78,0,0,,,8,,,,LWEA275
Spero Shooter,WEAPON\far\cannon16\cannon16.txt,,,233,793150,0,20,98,1263,575,576,,,,,,,,31,135,10,121,,,,,,,60,2,,,3300,9,288,12,0,191,0,84,78,0,0,,,4,,,,LWEA275
Breakdown Cannon,WEAPON\far\cannon17\cannon17.txt,,,233,838150,0,20,96,1264,576,576,,11,,,,,,31,150,10,130,,,,,,,59,2,,,3200,9,305,12,,191,,84,78,0,0,,,5,,,,LWEA276
Reverse Cannon,WEAPON\far\cannon18\cannon18.txt,,,233,888150,0,20,100,1265,577,576,,11,,,,,,31,165,10,138,,,,,,,61,2,,,3200,9,345,12,,191,,84,78,0,0,,,3,,,,LWEA277
Devil Launcher,WEAPON\far\cannon21\cannon21.txt,,,233,910750,0,20,100,1268,580,576,,13,,,,,,31,170,10,145,,,,,,,62,2,,,3400,9,361,12,0,191,,84,78,0,0,,,2,,,,LWEA280
Imperial Launcher,WEAPON\far\cannon22\cannon22.txt,,,233,1055450,0,20,100,1269,581,576,,13,,,,,,31,185,10,151,,,,,,,63,2,,,3400,9,382,11,0,191,,84,78,0,0,,,8,,,,LWEA281
Hedgehog,WEAPON\far\cannon19\cannon19.txt,,,233,1113850,0,20,101,1266,578,576,,12,,,,,,31,189,10,159,,,,,,,64,2,,,3400,9,399,12,0,191,,84,78,0,0,,,3,,,,LWEA278
Gigantic Wave,WEAPON\far\cannon20\cannon20.txt,,,233,1199100,0,20,101,1267,579,576,,12,,,,,,31,210,10,168,,,,,,,65,2,,,3400,9,439,12,0,191,,84,78,0,0,,,7,,,,LWEA279
Meteorite Launcher,WEAPON\far\\cannon_career104\cannon_career104.txt,,,233,1462310,0,30,102,3667,1085,576,,,,,,,,31,218,10,174,,,,,,,66,2,,,3500,9,479,11,0,191,,84,78,0,0,,,1,,,,LWEA286
Plasmatic Fusion Launcher,WEAPON\far\\cannon_career106\cannon_career106.txt,,,233,1698700,0,30,103,3690,1090,576,,,,,,,,31,228,10,213,,,,,,,75,2,,,3600,9,519,12,0,191,,84,78,0,0,,,7,,,,LWEA288
Requiem of Souls Cannon,WEAPON\far\glittler_canon.txt,,,233,1844515,,30,109,8706,1172,576,,,,,,,,140,20,10,220,,147,5,,,,76,2,,,3700,9,574,11,0,191,,84,78,0,0,38,,7,,,,LWEA289
?????? ??????,0,,,233,730133,0,20,118,1271,583,576,,,,,,,,31,179,10,158,,,,,,,66,2,,,3700,9,422,12,0,191,0,84,78,0,1,,,5,,,,
???? ??????,0,,,233,730133,0,20,119,1271,583,576,,,,,,,,31,182,10,158,,,,,,,66,2,,,3700,9,415,11,0,191,0,84,78,0,1,,,3,,,,
,,,,,,,,,,,,,,,,,,,,,,,,,,,,,,,,,,,,,,,,,,,,,,,,,,
,,,,,,,,,,,,,,,,,,,,,,,,,,,,,,,,,,,,,,,,,,,,,,,,,,
,,,,,,,,,,,,,,,,,,,,,,,,,,,,,,,,,,,,,,,,,,,,,,,,,,
,,,,,,,,,,,,,,,,,,,,,,,,,,,,,,,,,,,,,,,,,,,,,,,,,,
,,,,,,,,,,,,,,,,,,,,,,,,,,,,,,,,,,,,,,,,,,,,,,,,,,
Animal Rod,WEAPON\magic\mst2\mst3.txt,,,241,5915,0,10,53,1289,603,578,,,,,,,,31,31,12,58,,29,17,,,,48,2,,,300,6,47,9,1,0,131,72,0,25,2,,,8,,,,LWEA303
Mage's Rod,WEAPON\magic\mst4\mst4.txt,,,241,11080,0,10,57,1290,604,578,,,,,,,,31,42,12,72,,29,18,,,,50,2,,,300,6,59,9,1,0,131,72,0,25,2,,,2,,,,LWEA304
White Staff,WEAPON\magic\mst4\mst5.txt,,,241,19035,0,10,60,1291,605,578,,,,,,,,31,48,12,85,,29,18,,,,51,2,,,300,6,70,10,1,0,131,72,0,25,2,,,6,,,,LWEA305
Wisp Staff,WEAPON\magic\mst4\mst6.txt,,,241,30850,0,20,64,1292,606,578,,,,,,,,31,56,12,99,,29,19,,,,53,2,,,300,6,81,10,1,0,131,72,0,25,2,,,5,,,,LWEA306
Shadow Staff,WEAPON\magic\mst4\mst1.txt,,,241,43000,0,20,68,1293,607,578,,,,,,,,31,67,12,111,,29,20,,,,54,2,,,300,6,93,9,1,0,131,72,0,25,2,,,3,,,,LWEA307
Golden Staff,WEAPON\magic\mst7\mst7.txt,,,241,60400,0,25,71,1294,608,578,,,,,,,,31,74,12,123,,29,21,,,,56,2,,,300,6,103,9,1,0,131,72,0,25,2,,,8,,,,LWEA308
Anima Staff,WEAPON\magic\mst7\mst11.txt,,,241,82350,0,25,76,1295,609,578,,,,,,,,31,84,12,135,,29,22,,,,57,2,,,300,6,119,9,1,0,131,72,0,25,2,,,2,,,,LWEA309
Anima Staff,WEAPON\magic\mst7\mst11.txt,,,241,82350,0,25,75,1295,609,578,,,,,,,,31,81,12,135,,29,22,,,,57,2,,,300,6,119,10,1,0,131,72,0,25,2,,,6,,,,LWEA309
Land Staff,WEAPON\magic\mst7\msp2.txt,,,241,107400,0,30,79,1296,610,578,,,,,,,,31,91,12,147,,29,23,,,,59,2,,,300,6,131,9,1,0,131,72,0,25,2,,,3,,,,LWEA310
Land Staff,WEAPON\magic\mst7\msp2.txt,,,241,107400,0,30,78,1296,610,578,,,,,,,,31,88,12,147,,29,22,,,,58,2,,,300,6,131,10,1,0,131,72,0,25,2,,,5,,,,LWEA310
Holy Staff,WEAPON\magic\mst25\mst25.txt,,,241,139600,0,30,82,1297,611,578,,,,,,,,31,97,12,158,,29,23,,,,60,2,,,300,6,141,9,1,0,131,72,0,25,2,,,8,,,,LWEA311
Holy Staff,WEAPON\magic\mst25\mst25.txt,,,241,139600,0,30,81,1297,611,578,,,,,,,,31,96,12,158,,29,23,,,,60,2,,,300,6,145,10,1,0,131,72,0,25,2,,,6,,,,LWEA311
Dark Staff,WEAPON\magic\mst26\mst26.txt,,,241,177550,0,30,85,1298,612,578,,,,,,,,31,105,12,168,,29,24,,,,61,2,,,300,6,156,9,1,0,131,72,0,25,2,,,3,,,,LWEA312
Dark Staff,WEAPON\magic\mst26\mst26.txt,,,241,177550,0,30,85,1298,612,578,,,,,,,,31,104,12,168,,29,24,,,,61,2,,,300,6,154,9,1,0,131,72,0,25,2,,,8,,,,LWEA312
Rune Staff,WEAPON\magic\mst26\mst27.txt,,,241,219800,0,30,87,1300,613,578,,,,,,,,31,109,12,178,,29,24,,,,62,2,,,300,6,170,10,1,0,131,72,0,25,2,,,5,,,,LWEA313
Prayer Staff,WEAPON\magic\mst28\mst28.txt,,,241,277700,0,30,92,1301,614,578,,,,,,,,31,120,12,189,,29,24,,,,64,2,,,300,6,185,9,1,0,131,72,0,25,2,,,2,,,,LWEA314
Prayer Staff,WEAPON\magic\mst28\mst28.txt,,,241,277700,0,30,91,1301,614,578,,,,,,,,31,118,12,189,,29,25,,,,63,2,,,300,6,181,9,1,0,131,72,0,25,2,,,8,,,,LWEA314
Cypress Pole,WEAPON\magic\mst28\mst29.txt,,,241,346700,0,30,93,1302,615,578,,,,,,,,31,122,12,199,,29,25,,,,64,2,,,300,6,197,10,1,0,131,72,0,25,2,,,4,,,,LWEA315
Cypress Pole,WEAPON\magic\mst28\mst29.txt,,,241,346700,0,30,93,1302,615,578,,,,,,,,31,124,12,199,,29,25,,,,65,2,,,300,6,201,10,1,0,131,72,0,25,2,,,6,,,,LWEA315
Ikaness Staff,WEAPON\magic\mst30\mst30.txt,,,241,413800,0,30,97,1303,616,578,,,,,,,,31,132,12,208,,29,25,,,,66,2,,,300,6,209,9,1,0,131,72,0,25,2,,,3,,,,LWEA316
Ikaness Staff,WEAPON\magic\mst30\mst30.txt,,,241,413800,0,30,95,1303,616,578,,,,,,,,31,127,12,208,,29,26,,,,65,2,,,300,6,216,11,1,0,131,72,0,25,2,,,1,,,,LWEA316
Oracle Staff,WEAPON\magic\mst31\mst31.txt,,,241,492050,0,35,99,1304,617,578,,,,,,,,31,136,12,217,,29,26,,,,67,2,,,300,6,228,10,1,0,131,72,0,25,2,,,6,,,,LWEA317
Twinkle Staff,WEAPON\magic\mst35\mst35.txt,,,241,537050,0,35,88,1359,618,578,,11,,,,,,31,149,12,232,,29,25,,,,66,2,,,300,6,243,10,1,,131,72,,25,2,,,3,,,,LWEA318
Amazing Carrot,WEAPON\magic\mst39\mst39.txt,,,241,566030,0,40,92,1283,620,578,,12,,,,,,31,154,12,244,,29,26,,,,68,2,,,300,6,261,9,1,,131,72,,25,2,,,8,,,,LWEA320
Sparkle Staff,WEAPON\magic\mst35\mst36.txt,,,241,587050,0,35,93,1358,619,578,,11,,,,,,31,165,12,247,,29,25,,,,68,2,,,300,6,266,10,1,,131,72,,25,2,,,6,,,,LWEA319
Marvel Staff,WEAPON\magic\mst40\mst40.txt,,,241,600800,0,40,98,1284,621,578,,13,,,,,,31,170,12,256,,29,27,,,,70,2,,,300,6,285,10,1,,131,72,,25,2,,,2,,,,LWEA323
Vengeance Staff,WEAPON\magic\mst41\mst41.txt,,,241,653000,0,40,100,1285,622,578,,14,,,,,,31,180,12,268,,29,27,,,,71,2,,,300,6,305,10,1,,131,72,,25,2,,,1,,,,LWEA324
Albtraum,WEAPON\magic\mst45\mst45.txt,,,241,760330,0,40,94,1305,623,578,,12,,,,,,31,196,12,279,,29,26,,,,71,2,,,300,6,325,10,1,,131,72,,25,,,,5,,,,LWEA321
Einstern,WEAPON\magic\mst47\mst47.txt,,,241,933650,0,40,96,1306,624,578,,13,,,,,,31,210,12,290,,29,27,,,,71,2,,,300,6,360,10,1,,131,72,,25,,,,1,,,,LWEA322
Pole of Abyss,WEAPON\magic\magic_career083\magic_career083.txt,,,241,1301532,,35,100,3668,1042,578,,,,,,,,31,218,12,302,,29,32,,,,72,2,,,350,6,400,10,1,,131,72,,25,,,,6,,,,LWEA329
Sorcerer's Wand,WEAPON\magic\mto1\mst8.txt,,,242,5180,0,5,53,1328,633,578,,,,,,,,31,33,12,65,,29,7,,,,49,2,,,1900,14,41,11,1,212,0,37,89,0,2,,,3,,,,LWEA333
Elven Wand,WEAPON\magic\mst15\mst9.txt,,,242,9880,0,5,57,1329,634,578,,,,,,,,31,41,12,80,,29,8,,,,50,2,,,1900,14,50,11,1,213,0,37,89,0,2,,,8,,,,LWEA334
Silence Wand,WEAPON\magic\mst15\mst10.txt,,,242,16785,0,5,62,1330,635,578,,,,,,,,31,52,12,94,,29,9,,,,52,2,,,1900,14,62,11,1,214,0,37,89,0,2,,,2,,,,LWEA335
Windphon Wand,WEAPON\magic\mst15\mst15.txt,,,242,29000,0,5,64,1331,636,578,,,,,,,,31,58,12,109,,29,9,,,,54,2,,,1900,14,72,12,1,216,0,37,89,0,2,,,6,,,,LWEA336
Flame Wand,WEAPON\magic\mst16\mst16.txt,,,242,43900,0,5,67,1332,637,578,,,,,,,,31,65,12,122,,29,10,,,,55,2,,,2100,14,81,12,1,217,0,37,89,0,2,,,5,,,,LWEA337
Blizzard Wand,WEAPON\magic\mst16\mst18.txt,,,242,84450,0,10,76,1334,639,578,,,,,,,,31,84,12,147,,29,12,,,,58,2,,,2100,14,105,11,1,207,0,37,89,0,2,,,3,,,,LWEA339
Recovery Wand,WEAPON\magic\mst19\mst19.txt,,,242,115900,0,10,79,1335,640,578,,,,,,,,31,91,12,160,,29,13,,,,60,2,,,2100,14,116,11,1,211,0,37,89,0,2,,,8,,,,LWEA340
Recovery Wand,WEAPON\magic\mst19\mst19.txt,,,242,115900,0,10,80,1335,640,578,,,,,,,,31,93,12,160,,29,13,,,,60,2,,,2100,14,119,11,1,211,0,37,89,0,2,,,2,,,,LWEA340
Windstorm Wand,WEAPON\magic\mst19\mst20.txt,,,242,147450,0,10,82,1336,641,578,,,,,,,,31,97,12,171,,29,14,,,,61,2,,,2100,14,131,12,1,212,0,37,89,0,2,,,6,,,,LWEA341
Shadow Wand,WEAPON\magic\mst22\mst22.txt,,,242,248050,0,15,89,1352,643,578,,,,,,,,31,113,12,193,,29,15,,,,63,2,,,2300,14,153,11,1,202,0,37,89,0,2,,,3,,,,LWEA343
Bleak Wind,WEAPON\magic\mst22\mst23.txt,,,242,319550,0,10,90,1355,644,578,,,,,,,,31,117,12,204,,29,16,,,,64,2,,,2300,14,167,12,1,161,0,37,89,0,2,,,5,,,,LWEA347
Bleak Wind,WEAPON\magic\mst22\mst23.txt,,,242,319550,0,10,91,1355,644,578,,,,,,,,31,119,12,204,,29,16,,,,65,2,,,2300,14,164,11,1,161,0,37,89,0,2,,,8,,,,LWEA347
Conjurer's Wand,WEAPON\magic\mst22\mst24.txt,,,242,392900,0,20,94,1354,645,578,,,,,,,,31,125,12,215,,29,16,,,,66,2,,,2300,14,183,12,1,203,0,37,89,0,2,,,6,,,,LWEA348
Conjurer's Wand,WEAPON\magic\mst22\mst24.txt,,,242,392900,0,20,95,1356,645,578,,,,,,,,31,127,12,215,,29,16,,,,66,2,,,2300,14,179,11,1,203,0,37,89,0,2,,,3,,,,LWEA348
Twister Wand,WEAPON\magic\mst34\mst34.txt,,,242,479600,0,20,97,1357,646,578,,,,,,,,31,132,12,224,,29,17,,,,67,2,,,2300,14,189,11,1,206,0,37,89,0,2,,,8,,,,LWEA349
Snake Wand,WEAPON\magic\mst37\mst37.txt,,,242,514600,0,20,80,1361,647,578,,10,,,,,,31,148,12,240,,29,18,,,,67,2,,,2400,14,212,12,1,161,,37,89,,2,,,2,,,,LWEA350
Ouroboros Wand,WEAPON\magic\mst38\mst38.txt,,,242,554600,0,20,81,1360,648,578,,11,,,,,,31,156,12,255,,29,19,,,,68,2,,,2400,14,232,12,1,204,,37,89,,2,,,5,,,,LWEA351
Vision Wand,WEAPON\magic\mst42\mst42.txt,,,242,650000,0,20,82,1322,649,578,,12,,,,,,31,166,12,265,,29,20,,,,70,2,,,2400,14,261,11,1,324,,37,89,,2,,,8,,,,LWEA353
Blaze Wand,WEAPON\magic\mst43\mst43.txt,,,242,675420,0,20,83,1323,650,578,,13,,,,,,31,170,12,273,,29,20,,,,71,2,,,2600,14,261,12,1,217,,37,89,,2,,,7,,,,LWEA352
Icicle,WEAPON\magic\mst44\mst44.txt,,,242,723500,0,20,84,1324,651,578,,13,,,,,,31,178,12,281,,29,21,,,,72,2,,,2600,14,279,12,1,207,,37,89,,2,,,2,,,,LWEA354
Sternen Haufen,WEAPON\magic\mst46\mst46.txt,,,242,839450,0,20,85,1362,652,578,,11,,,,,,31,195,12,289,,29,21,,,,72,2,,,2400,14,299,12,1,208,,37,89,,2,,,3,,,,LWEA355
Amazing Brush,WEAPON\magic\mst48\mst48.txt,,,242,981950,0,20,86,1363,653,578,,12,,,,,,31,210,12,298,,29,22,,,,72,2,,,2400,14,322,12,1,322,,37,89,,2,,,2,,,,LWEA356
Sekhem Scepter,WEAPON\magic\magic_career059\magic_career059.txt,,,242,1301420,,25,87,3669,1086,578,,,,,,,,31,218,12,316,,29,25,,,,73,2,,,2450,14,362,10,1,325,,37,89,,2,,,8,,,,LWEA360
Void Conjurer,WEAPON\magic\magic_career079\magic_career079.txt,,,242,1920000,0,30,88,3701,1091,578,,,,,,,,31,228,12,357,,29,26,,,,73,2,,,2600,14,402,11,1,323,,37,89,,2,,,6,,,,LWEA361
Requiem of Souls Scepter,WEAPON\magic\glittler_wand.txt,,,242,1611154,0,40,92,8708,1174,578,,,,,,,,140,20,12,381,,147,5,,29,28,74,2,,,2800,14,457,11,1,323,,37,89,,2,37,,7,,,,LWEA359
Chainsaw,WEAPON\TWOHAND\CHSAW\CHSAW.txt  ,,,221,0,0,20,26,4456,894,576,,,,,,,,,,,,,,,,,,25,2,,,250,5,40,15,0,,131,96,,25,0,,,,,,,LWEA816
Raptor Bow,WEAPON\FAR\Raptor_Bow,,,231,1000,0,50,100,6217,894,577,,,,,,,,,,,,,,,,,,65,2,,,2600,9,10,10,0,,,,0,0,0,,,,,,,LWEA817
?????? 0,0,,,242,522036,0,20,114,1362,653,578,,,,,,,,31,171,12,285,,29,21,,,,74,2,,,2700,14,274,11,1,0,0,0,0,0,2,,,8,,,,
???? 0,0,,,242,546183,0,20,115,1363,654,578,,,,,,,,31,173,12,293,,29,21,,,,75,2,,,2700,14,290,12,1,0,0,0,0,0,2,,,4,,,,
?????? 0,0,,,242,582816,0,20,118,1365,655,578,,,,,,,,31,179,12,301,,29,22,,,,76,2,,,2700,14,306,12,1,0,0,0,0,0,2,,,5,,,,
Rake Hand,weapon\katar\kka4\kka4.txt,,,251,7640,0,20,57,1381,704,577,,,,,,,,31,41,11,72,,,,,,,50,2,,,250,16,55,6,0,0,121,38,0,5,4,,,3,,,,LWEA404
Wolf's Paw,weapon\katar\kka5\kka5.txt,,,251,12870,0,25,60,1382,705,577,,,,,,,,31,49,11,86,,,,,,,51,2,,,250,16,67,7,0,0,121,38,0,5,4,,,8,,,,LWEA405
Bear's Paw,weapon\katar\kka6\kka6.txt,,,251,20950,0,30,65,1383,706,577,,,,,,,,31,60,11,100,,,,,,,53,2,,,250,16,81,7,0,0,121,38,0,5,4,,,2,,,,LWEA406
Spike Knuckle,weapon\katar\kka7\kka7.txt,,,251,27300,0,30,67,1384,707,577,,,,,,,,31,65,11,112,,,,,,,54,2,,,250,16,88,7,0,0,121,38,0,5,4,,,6,,,,LWEA407
Crescent Knuckle,weapon\katar\kka8\kka8.txt,,,251,38700,0,35,71,1385,708,577,,,,,,,,31,72,11,125,,,,,,,56,2,,,250,16,103,8,0,0,121,38,0,5,4,,,5,,,,LWEA408
Crescent Knuckle,weapon\katar\kka8\kka8.txt,,,251,38700,0,35,72,1385,708,577,,,,,,,,31,75,11,125,,,,,,,56,2,,,250,16,103,7,0,0,121,38,0,5,4,,,3,,,,LWEA408
Dual Patar,weapon\katar\kka9\kka9.txt,,,251,53750,0,30,75,1386,709,577,,,,,,,,31,82,11,137,,,,,,,57,2,,,250,16,119,8,0,0,121,38,0,5,4,,,8,,,,LWEA409
Dual Patar,weapon\katar\kka9\kka9.txt,,,251,53750,0,30,76,1386,709,577,,,,,,,,31,84,11,137,,,,,,,57,2,,,250,16,123,8,0,0,121,38,0,5,4,,,2,,,,LWEA409
Shaft Claw,weapon\katar\kka10\kka10.txt,,,251,69050,0,30,78,1387,710,577,,,,,,,,31,89,11,149,,,,,,,59,2,,,250,16,131,8,0,0,121,38,0,5,4,,,6,,,,LWEA410
Shaft Claw,weapon\katar\kka10\kka10.txt,,,251,69050,0,30,79,1387,710,577,,,,,,,,31,91,11,149,,,,,,,59,2,,,250,16,128,7,0,0,121,38,0,5,4,,,3,,,,LWEA410
Assassin Katar,weapon\katar\kka12\kka12.txt,,,251,85600,0,30,81,1388,711,577,,,,,,,,31,95,11,159,,,,,,,60,2,,,250,16,135,7,0,0,121,38,0,5,4,,,5,,,,LWEA411
Assassin Katar,weapon\katar\kka12\kka12.txt,,,251,85600,0,30,82,1388,711,577,,,,,,,,31,97,11,159,,,,,,,60,2,,,250,16,132,6,0,0,121,38,0,5,4,,,8,,,,LWEA411
Dragon Knuckle,weapon\katar\kka11\kka11.txt,,,251,109100,0,30,84,1389,712,578,,,,,,,,31,103,11,170,,,,,,,61,2,,,250,16,156,8,0,0,121,38,0,5,4,,,6,,,,LWEA412
Dragon Knuckle,weapon\katar\kka11\kka11.txt,,,251,109100,0,30,85,1389,712,578,,,,,,,,31,105,11,170,,,,,,,61,2,,,250,16,153,7,0,0,121,38,0,5,4,,,3,,,,LWEA412
Sudden Raid Dagger,weapon\katar\kka13\kka13.txt,,,251,138100,0,30,88,1391,713,577,,,,,,,,31,111,11,181,,,,,,,62,2,,,250,16,164,7,0,0,121,38,0,5,4,,,8,,,,LWEA413
Stiletto,weapon\katar\kka14\kka14.txt,,,251,172150,0,30,90,1392,714,577,,,,,,,,31,116,11,191,,,,,,,63,2,,,250,16,181,8,0,0,121,38,0,5,4,,,5,,,,LWEA414
Stiletto,weapon\katar\kka14\kka14.txt,,,251,172150,0,30,92,1392,714,577,,,,,,,,31,120,11,191,,,,,,,64,2,,,250,16,181,7,0,0,121,38,0,5,4,,,2,,,,LWEA414
Fenrir's Tooth,weapon\katar\kka15\kka15.txt,,,251,203950,0,30,94,1393,715,577,,,,,,,,31,125,11,202,,,,,,,65,2,,,250,16,181,6,0,0,121,38,0,5,4,,,8,,,,LWEA415
Fenrir's Tooth,weapon\katar\kka15\kka15.txt,,,251,203950,0,30,93,1393,715,577,,,,,,,,31,122,11,202,,,,,,,65,2,,,250,16,185,7,0,0,121,38,0,5,4,,,4,,,,LWEA415
Phantasma Knuckle,weapon\katar\kka16\kka16.txt,,,251,251650,0,30,96,1394,716,577,,,,,,,,31,130,11,211,,,,,,,66,2,,,250,16,211,8,0,0,121,38,0,5,4,,,6,,,,LWEA416
Phantasma Knuckle,weapon\katar\kka16\kka16.txt,,,251,251650,0,30,97,1394,716,577,,,,,,,,31,132,11,211,,,,,,,66,2,,,250,16,205,7,0,0,121,38,0,5,4,,,3,,,,LWEA416
Bloody Hook Knuckle,weapon\katar\kka17\kka17.txt,,,251,301850,0,30,97,1395,717,577,,,,,,,,31,133,11,220,,,,,,,67,2,,,250,16,227,9,0,0,121,38,0,5,4,,,1,,,,LWEA417
Bloody Hook Knuckle,weapon\katar\kka17\kka17.txt,,,251,301850,0,30,99,1395,717,577,,,,,,,,31,136,11,220,,,,,,,67,2,,,250,16,224,8,0,0,121,38,0,5,4,,,6,,,,LWEA417
Hawk Knuckle,weapon\katar\kka18\kka18.txt,,,251,346850,0,30,79,1399,718,577,,11,,,,,,31,153,11,235,,,,,,,67,2,,,250,16,239,8,0,,121,38,,5,4,,,1,,,,LWEA418
Raven Knuckle,weapon\katar\kka19\kka19.txt,,,251,396850,0,30,83,1400,719,577,,11,,,,,,31,164,11,250,,,,,,,68,2,,,250,16,261,6,0,,121,38,,5,4,,,8,,,,LWEA419
Glove Knuckle,weapon\katar\kka21\kka21.txt,,,251,425800,0,30,84,1375,721,577,,13,,,,,,31,169,11,262,,,,,,,69,2,,,250,16,275,8,0,,121,38,,5,4,,,3,,,,LWEA422
Mythril Knuckle,weapon\katar\kka22\kka22.txt,,,251,485300,0,30,85,1376,722,577,,13,,,,,,31,178,11,273,,,,,,,70,2,,,250,16,288,8,0,,121,38,,5,4,,,5,,,,LWEA423
Lemures,weapon\katar\kka23\kka23.txt,,,251,633900,0,30,86,1371,723,577,,12,,,,,,31,196,11,284,,,,,,,71,2,,,250,16,311,6,0,,121,38,,5,4,,,2,,,,LWEA420
Burnthesnatch,weapon\katar\kka24\kka24.txt,,,251,729100,0,30,87,1372,724,577,,12,,,,,,31,210,11,296,,,,,,,75,2,,,250,16,333,6,0,,121,38,,5,4,,,8,,,,LWEA421
Bastet Claws,WEAPON\katar\katar_career051\katar_career051.txt,,,251,932148,,35,88,3670,1062,577,,,,,,,,31,218,11,309,,,,,,,72,2,,,250,16,373,5,0,,121,38,,5,4,,,1,,,,LWEA424
Long Sword & Mace,WEAPON\dsw\dsw2\dsw2.txt,,,252,10240,0,15,57,1418,732,577,,,,,,,,31,41,11,56,,,,,,,49,2,,,250,7,70,10,0,0,111,47,0,5,4,,,8,,,,LWEA432
Dual Bushido,WEAPON\dsw\dsw3\dsw3.txt,,,252,17190,0,25,62,1419,733,577,,,,,,,,31,52,11,67,,,,,,,50,2,,,250,7,82,9,0,0,111,63,0,5,4,,,2,,,,LWEA433
Twin Ghost Bat,WEAPON\dsw\dsw4\dsw4.txt,,,252,26750,0,20,64,1420,734,577,,,,,,,,31,58,11,78,,,,,,,52,2,,,250,7,95,10,0,0,111,63,0,5,4,,,6,,,,LWEA434
Saber & Elven Sword ,WEAPON\dsw\dsw5\dsw5.txt,,,252,38950,0,25,67,1421,735,577,,,,,,,,31,65,11,87,,,,,,,53,2,,,250,7,111,11,0,0,111,63,0,5,4,,,5,,,,LWEA435
Dual Ocean Swords,WEAPON\dsw\dsw10\dsw10.txt,,,252,51300,0,30,72,1422,736,577,,,,,,,,31,76,11,97,,,,,,,54,2,,,250,7,120,9,0,0,111,63,0,5,4,,,3,,,,LWEA436
Viking Sword & Axe,WEAPON\dsw\dsw6\dsw6.txt,,,252,67950,0,30,75,1423,737,577,,,,,,,,31,83,11,106,,,,,,,55,2,,,250,7,133,9,0,0,111,63,0,5,4,,,8,,,,LWEA437
Blood Sword & Axe,WEAPON\dsw\dsw7\dsw7.txt,,,252,94050,0,35,80,1424,738,577,,,,,,,,31,93,11,115,,,,,,,57,2,,,250,7,158,10,0,0,111,63,0,5,4,,,2,,,,LWEA438
Dual Katana,WEAPON\dsw\dsw8\dsw8.txt,,,252,115000,0,30,82,1425,739,577,,,,,,,,31,97,11,123,,,,,,,57,2,,,250,7,166,10,0,0,111,63,0,5,4,,,6,,,,LWEA439
Ice & Flare Swords,WEAPON\dsw\dsw9\dsw9.txt,,,252,149700,0,30,86,1426,740,577,,,,,,,,31,106,11,131,,,,,,,59,2,,,250,7,185,10,0,0,111,63,0,5,4,,,3,,,,LWEA440
Dual Flare Swords,WEAPON\dsw\dsw11\dsw11.txt,,,252,187850,0,30,87,1427,741,577,,,,,,,,31,110,11,140,,,,,,,60,2,,,250,7,202,11,0,0,111,63,0,5,4,,,5,,,,LWEA441
Brilliant Dual Wield,WEAPON\dsw\dsw12\dsw12.txt,,,252,225800,0,30,91,1428,742,577,,,,,,,,31,119,11,148,,,,,,,61,2,,,250,7,205,9,0,0,111,63,0,5,4,,,8,,,,LWEA442
Spirits Dual Wield,WEAPON\dsw\dsw13\dsw13.txt,,,252,287950,0,30,94,1430,743,577,,,,,,,,31,125,11,156,,,,,,,62,2,,,250,7,238,11,0,0,111,63,0,5,4,,,6,,,,LWEA443
Desperado Dual Wield,WEAPON\dsw\dsw14\dsw14.txt,,,252,328100,0,30,97,1431,744,577,,,,,,,,31,133,11,163,,,,,,,63,2,,,250,7,237,9,0,0,131,63,0,5,4,,,3,,,,LWEA444
Glorious Dual Wield,WEAPON\dsw\dsw15\dsw15.txt,,,252,384300,0,30,100,1432,745,577,,,,,,,,31,138,11,170,,,,,,,64,2,,,250,7,249,9,0,0,131,63,0,5,4,,,8,,,,LWEA445
Demise Dual Weapon,WEAPON\dsw\dsw16\dsw16.txt,,,252,429300,0,30,82,1433,746,577,,11,,,,,,31,150,11,181,,,,,,,63,2,,,250,7,278,10,0,,131,63,,5,4,,,1,,,,LWEA446
Living Dead,WEAPON\dsw\dsw17\dsw17.txt,,,252,479300,0,30,86,1434,747,577,,11,,,,,,31,167,11,193,,,,,,,64,2,,,250,7,319,11,0,,131,63,,5,4,,,3,,,,LWEA447
Mythril Dual Wield,WEAPON\dsw\dsw18\dsw18.txt,,,252,863050,0,30,87,1459,748,577,,13,,,,,,31,178,11,202,,,,,,,65,2,,,250,7,341,11,0,,131,63,,5,4,,,6,,,,LWEA448
Fenccer Dual Wield,WEAPON\dsw\dsw20\dsw20.txt,,,252,632850,0,30,88,1457,750,577,,12,,,,,,31,196,11,213,,,,,,,66,2,,,250,7,372,9,0,,131,63,,5,4,,,8,,,,LWEA449
Kreuz Dual Wield,WEAPON\dsw\dsw19\dsw19.txt,,,252,723600,0,30,89,1458,749,577,,12,,,,,,31,210,11,225,,,,,,,70,2,,,250,7,421,10,0,,131,63,,5,4,,,7,,,,LWEA450
Elemental Dual Swords,WEAPON\dsw\dsw21\dsw21.txt,,,252,936581,0,40,90,3671,1073,577,,,,,,,,31,218,11,238,,,,,,,80,2,,,250,7,461,10,0,,131,63,,5,4,,,3,,,,LWEA451
Resiliance Dual Wield,WEAPON\dsw\dsw22\dsw22.txt,,,252,1448350,0,30,91,3703,1092,577,,,,,,,,31,228,11,277,,,,,,,75,2,,,250,7,501,10,0,,131,63,,5,4,,,4,,,,LWEA452
Requiem of Souls Dual Wield,WEAPON\dsw\glitter_dagger.txt,,,252,1193050,0,50,97,8711,1176,577,,,,,,,,140,20,11,291,,147,5,,,,76,2,,,250,7,556,9,0,,131,63,,5,4,36,,7,,,,LWEA453
,,,,,,,,,,,,,,,,,,,,,,,,,,,,,,,,,,,,,,,,,,,,,,,,,,
Requiem of Souls Sword,weapon\onehand\glitter_handsword.txt,,,211,1101250,0,40,96,8698,1164,577,,,,,,,,140,20,10,388,,147,5,,,,76,2,,,250,1,500,9,0,,111,38,,5,2,35,,7,,,,LWEA028
Requiem of Souls Hammer,WEAPON\onehand\glittler_handhammer.txt,,,212,1184511,0,100,96,8699,1165,576,,,,,,,,140,20,10,399,,147,5,,,,83,2,,,250,3,524,10,,,121,48,,15,2,35,,7,,,,LWEA059
Requiem of Souls Axe,WEAPON\twohand\glitter_axe.txt,,,223,957750,0,70,105,8702,1168,576,,,,,,,,140,20,10,392,,147,5,,,,71,2,,,250,8,552,11,0,,141,63,,20,,35,,7,,,,LWEA155
Requiem of Souls Staff,WEAPON\magic\glittler_stick,,,241,1611458,0,50,107,8707,1173,578,,,,,,,,140,20,12,354,,147,5,,29,34,76,2,,,350,6,495,9,1,,131,72,,25,2,37,,7,,,,LWEA327
Requiem of Souls Claws,WEAPON\katar\glittler_katar.txt,,,251,1211455,0,40,95,8710,1175,577,,,,,,,,140,20,11,362,,147,5,,,,74,2,,,250,16,468,4,,,121,38,,,4,36,,7,,,,LWEA428
,,,,,,,,,,,,,,,,,,,,,,,,,,,,,,,,,,,,,,,,,,,,,,,,,,
Roaring Lion Cannon,WEAPON\far\kosensyahou\kosensyahou.txt,,,233,100,0,30,100,4225,583,578,,,,,,,,,,,,,,,,,,100,2,,,2600,9,73,10,0,174,,84,78,0,0,,,,,,,LWEA880
Pickaxe,WEAPON\LA_F0479.txt,,,212,100,0,30,25,855,662,577,,,,,,,,,,,,,,,,,,50,2,,,250,3,58,11,0,,121,48,,15,2,,,,,,,LWEA881
Fishing Net,WEAPON\LA_F0480.txt,,,212,100,0,5,25,856,665,577,,,,,,,,,,,,,,,,,,50,2,,,250,3,15,11,0,,121,48,,25,2,,,,,,,LWEA882
Cake,WEAPON\far\shortcake\shortcake.txt,,,271,815,0,30,50,4824,361,578,,,,,,,,,,,,,,,,,,30,0,,,2500,11,86,9,0,151,,,71,,1,,,,,,,LWEA883
Squirt Gun,WEAPON\event\watergun\watergun.txt,,,232,0,0,10,33,5195,554,578,93,1,1839,1,,,,,,,,,20,20,,,,20,1,,,1200,12,15,11,0,311,,82,78,0,0,,,,,,,LWEA884
Star Squirt Gun,WEAPON\event\watergun\watergun.txt,,,232,0,0,10,33,8543,555,578,93,1,1839,1,,,,,,,,,20,20,,,,20,1,,,1200,12,15,11,0,311,,82,78,0,0,,,,,,,LWEA815
,,,,,,,,,,,,,,,,,,,,,,,,,,,,,,,,,,,,,,,,,,,,,,,,,,
Used by Classic dont edit,,,,,,,,,,,,,,,,,,,,,,,,,,,,,,,,,,,,,,,,,,,,,,,,,,
Used by Classic dont edit,,,,,,,,,,,,,,,,,,,,,,,,,,,,,,,,,,,,,,,,,,,,,,,,,,
Used by Classic dont edit,,,,,,,,,,,,,,,,,,,,,,,,,,,,,,,,,,,,,,,,,,,,,,,,,,
Used by Classic dont edit,,,,,,,,,,,,,,,,,,,,,,,,,,,,,,,,,,,,,,,,,,,,,,,,,,
Used by Classic dont edit,,,,,,,,,,,,,,,,,,,,,,,,,,,,,,,,,,,,,,,,,,,,,,,,,,
Used by Classic dont edit,,,,,,,,,,,,,,,,,,,,,,,,,,,,,,,,,,,,,,,,,,,,,,,,,,
Used by Classic dont edit,,,,,,,,,,,,,,,,,,,,,,,,,,,,,,,,,,,,,,,,,,,,,,,,,,
Used by Classic dont edit,,,,,,,,,,,,,,,,,,,,,,,,,,,,,,,,,,,,,,,,,,,,,,,,,,
Used by Classic dont edit,,,,,,,,,,,,,,,,,,,,,,,,,,,,,,,,,,,,,,,,,,,,,,,,,,
Used by Classic dont edit,,,,,,,,,,,,,,,,,,,,,,,,,,,,,,,,,,,,,,,,,,,,,,,,,,
,,,,,,,,,,,,,,,,,,,,,,,,,,,,,,,,,,,,,,,,,,,,,,,,,,
,,,,,,,,,,,,,,,,,,,,,,,,,,,,,,,,,,,,,,,,,,,,,,,,,,
,,,,,,,,,,,,,,,,,,,,,,,,,,,,,,,,,,,,,,,,,,,,,,,,,,
,,,,,0,,,39,,,,,,,,,,,,0,,0,,,,,,,42,0,,,200,1,,10,0,,,,,,,,,,,,,
Falchion,unik\onehand\u_osw1\u_osw1.txt,,,211,42235,0,40,43,941,901,577,,,,,,,,,,10,96,,38,300,,,,59,1,,,250,1,56,8,0,,111,38,,5,2,,,21,,,,LWEA901
Gladius,unik\onehand\u_osw2\u_osw2.txt,,,211,78520,0,45,56,942,902,577,,,,,,,,,,10,147,,18,30,,,,65,1,,,250,1,98,8,0,,111,38,,5,2,,,21,,,,LWEA902
Firangi ,unik\onehand\u_osw3\u_osw3.txt,,,211,146440,0,40,65,943,903,577,,,,,,,,,,10,183,,29,20,,,,69,1,,,250,1,135,8,0,,111,37,,5,2,,,21,,,,LWEA903
Mystic Sol Blade,WEAPON\onehand\t_unique_onehand\t_unique_onehand.txt,,,211,273840,0,50,80,944,904,577,,,,,,,,,,10,232,,20,30,,23,120,65,1,,,250,1,219,8,0,,111,37,,5,2,,,21,,,,LWEA904
,,,,,,,,,,,,,,,,,,,,,,,,,,,,,,,,,,,,,,,,,,,,,,,,,,
,,,,211,1750,0,0,25,946,906,577,,,,,,,,,,10,10,,,,,,,50,1,,,250,1,13,8,0,,111,38,,5,2,,,21,,,,LWEA906
,,,,211,1585,0,0,25,947,907,577,,,,,,,,,,10,10,,,,,,,50,1,,,250,1,14,9,0,,111,38,,5,2,,,21,,,,LWEA907
,,,,211,4620,0,0,25,948,908,577,,,,,,,,,,10,10,,,,,,,50,1,,,250,1,14,9,0,,111,38,,5,2,,,21,,,,LWEA908
Gurz,unik\onehand\u_osw4\u_osw4.txt,,,212,39900,0,60,43,979,909,576,,,,,,,,,,10,117,,38,400,,,,61,1,,,250,3,76,9,0,,121,47,,15,2,,,21,,,,LWEA909
Spike Club,unik\onehand\u_osw5\u_osw5.txt,,,212,106050,0,60,56,980,910,576,,,,,,,,,,10,171,,26,40,,,,67,1,,,250,3,126,9,0,,121,47,,15,2,,,21,,,,LWEA910
Forgotten Hammer,WEAPON\onehand\t_unique_hammer\t_unique_hammer.txt,,,212,287300,0,70,80,981,911,576,,,,,,,,,,10,241,,10,10,,26,30,65,1,,,250,3,229,10,0,,121,47,,15,2,,,21,,,,LWEA911
Tempest,WEAPON\onehand\onehand_unique01\onehand_unique01.txt,,,212,135540,0,70,69,1152,912,576,,,,,,,,,,10,204,,19,40,,,,64,1,,,250,3,178,9,0,,121,47,,15,2,,,21,,,,LWEA912
,,,,212,2465,0,12,23,983,913,576,,,,,,,,,,10,12,,,,,,,50,1,,,250,3,19,10,0,,121,47,,15,2,,,21,,,,LWEA913
,,,,212,2200,0,12,23,984,914,576,,,,,,,,,,10,12,,,,,,,50,1,,,250,3,19,11,0,,121,48,,15,2,,,21,,,,LWEA914
,,,,212,1975,0,12,23,985,915,576,,,,,,,,,,10,12,,,,,,,50,1,,,250,3,19,11,0,,121,48,,15,2,,,21,,,,LWEA915
Composite Crossbow,unik\far\u_bog1\u_bog1.txt,,,271,115400,0,25,60,1023,916,578,,,,,,,,,,10,94,,26,40,,,,62,1,,,2800,11,118,9,0,151,,,71,,1,,,21,,,,LWEA916
Knight Killer,unik\far\u_bog2\u_bog2.txt,,,271,242060,0,30,73,1024,917,578,,,,,,,,,,10,114,,24,20,,,,67,1,,,2800,11,179,9,0,151,,,71,,1,,,21,,,,LWEA917
Frost Crossbow,unik\far\u_bog2\u_bog2.txt,,,271,342060,0,35,73,1064,918,578,,,,,,,,,,10,136,,22,25,,,,67,1,,,2900,11,207,7,0,151,,,71,,1,,,21,,,,LWEA918
Sacred Scarab Crossbow,WEAPON\far\t_unique_bog\t_unique_bog.txt,,,271,508320,0,40,80,1068,919,578,,,,,,,,,,10,207,,26,30,,19,20,65,1,,,2800,11,236,8,0,151,,,71,,1,,,21,,,,LWEA919
Zweihander,unik\twohand\u_tsw1\u_tsw1.txt,,,221,33790,0,70,47,1069,920,576,,,,,,,,,,10,97,,26,35,,,,59,1,,,250,5,78,10,0,,131,39,,5,2,,,21,,,,LWEA920
Phoenixhander,unik\twohand\u_tsw2\u_tsw2.txt,,,221,105195,0,80,63,1070,921,576,,,,,,,,,,10,156,,29,20,,,,65,1,,,250,5,141,10,0,,131,39,,5,2,,,21,,,,LWEA921
Karma Sword,WEAPON\twohand\t_unique_tsword\t_unique_tsword.txt,,,221,328200,0,90,80,1071,922,576,,,,,,,,,,10,260,,18,40,,19,20,65,1,,,250,5,273,10,0,,131,39,,5,2,,,21,,,,LWEA922
Frostborne Blade,unik\twohand\u_tsw7\u_tsw7.txt,,,221,231025,0,100,71,2399,923,576,,,,,,,,,,10,206,,24,20,,,,70,1,,,250,5,211,10,0,,131,39,,5,2,,,21,,,,LWEA923
,,,,221,2770,0,23,29,1073,924,576,,,,,,,,,,10,12,,,,,,,50,1,,,250,5,23,10,0,,131,39,,5,2,,,21,,,,LWEA924
,,,,221,2450,0,23,29,1074,925,576,,,,,,,,,,10,12,,,,,,,50,1,,,250,5,23,10,0,,131,39,,5,2,,,21,,,,LWEA925
,,,,221,2170,0,23,29,1077,926,576,,,,,,,,,,10,12,,,,,,,50,1,,,250,5,23,10,0,,131,39,,5,2,,,21,,,,LWEA926
Devil Axe,unik\twohand\u_tsw3\u_tsw3.txt,,,223,71580,0,50,54,1146,927,576,,,,,,,,,,10,123,,38,400,,,,61,1,,,200,8,98,11,0,,141,63,,20,2,,,21,,,,LWEA927
Dark Buster,unik\twohand\u_tsw4\u_tsw4.txt,,,223,134905,0,60,68,1147,928,576,,,,,,,,,,10,181,,19,60,,,,68,1,,,200,8,162,11,0,,141,63,,20,2,,,21,,,,LWEA928
Fatal Dismember,WEAPON\twohand\t_unique_axe\t_unique_axe.txt,,,223,388105,0,80,80,1148,929,576,,,,,,,,,,10,275,,19,20,,26,40,65,1,,,250,8,284,11,0,,141,63,,20,2,,,21,,,,LWEA929
,,,,,,,,,,,,,,,,,,,,,,,,,,,,,,,,,,,,,,,,,,,,,,,,,,
,,,,223,2850,0,23,30,1150,931,576,,,,,,,,,,10,14,,,,,,,50,1,,,200,8,24,11,0,,141,63,,20,2,,,21,,,,LWEA931
,,,,223,2575,0,23,30,1151,932,576,,,,,,,,,,10,14,,,,,,,50,1,,,250,8,24,11,0,,141,63,,20,2,,,21,,,,LWEA932
Glaive,unik\twohand\u_tsw5\u_tsw5.txt,,,222,69175,0,50,49,1109,933,577,,,,,,,,,,10,125,,26,40,,,,65,1,,,350,6,106,9,0,,131,55,,25,2,,,21,,,,LWEA933
Halbert,unik\twohand\u_tsw6\u_tsw6.txt,,,222,171565,0,55,62,1110,934,577,,,,,,,,,,10,176,,22,30,,,,68,1,,,350,6,166,9,0,,131,55,,25,2,,,21,,,,LWEA934
Sunlight Spear,WEAPON\twohand\t_unique_spear\t_unique_spear.txt,,,222,425485,0,70,80,1145,935,577,,,,,,,,,,10,262,,24,20,,38,250,72,1,,,400,6,262,9,0,,131,55,,25,2,,,21,,,,LWEA935
Slayer,WEAPON\twohand\twohand_event001\twohand_event001.txt,,,222,521500,0,80,90,1144,530,577,,,,,,,,,,10,219,,20,60,,,,78,1,,,425,6,207,9,0,,145,55,,25,2,,,21,,,,LWEA936
,,,,,,,,,,,,,,,,,,,,,,,,,,,,,,,,,,,,,,,,,,,,,,,,,,
,,,,222,2685,0,23,24,1114,938,577,,,,,,,,,,10,10,,,,,,,50,1,,,450,6,21,8,0,,131,55,,25,2,,,21,,,,LWEA938
,,,,222,3840,0,38,28,1115,939,577,,,,,,,,,,10,29,,,,,,,52,1,,,450,6,22,9,0,,131,55,,25,2,,,21,,,,LWEA939
Bow of the Fairies,unik\far\u_fbo1\u_fbo1.txt,,,231,34395,0,15,49,1200,940,578,,,,,,,,,,11,96,,22,25,,,,59,1,,,2800,10,77,9,0,151,,,71,0,1,,,21,,,,LWEA940
Bow of Artemis,unik\far\u_fbo2\u_fbo2.txt,,,231,76590,0,25,59,1201,941,578,,,,,,,,,,11,134,,24,20,,,,63,1,,,2900,10,116,9,0,151,,,71,0,1,,,21,,,,LWEA941
Bow of Sagittarius,unik\far\u_fbo3\u_fbo3.txt,,,231,132885,0,30,67,1202,942,578,,,,,,,,,,11,163,,26,45,,,,66,1,,,3000,10,143,8,0,151,,,71,0,1,,,21,,,,LWEA942
Dragon Shooter,WEAPON\far\t_unique_bow\t_unique_bow.txt,,,231,305635,0,35,80,1203,943,578,,,,,,,,,,11,261,,11,10,,20,20,65,1,,,3000,10,264,8,0,151,,,71,0,1,,,21,,,,LWEA943
,,,,231,3720,0,5,29,1204,944,578,,,,,,,,,,11,10,,,,,,,50,1,,,3000,10,21,9,0,151,,,71,0,1,,,21,,,,LWEA944
,,,,231,3610,0,5,29,1206,945,578,,,,,,,,,,11,10,,,,,,,50,1,,,3000,10,20,8,0,151,,,71,0,1,,,21,,,,LWEA945
,,,,231,3425,0,5,29,1207,946,578,,,,,,,,,,11,10,,,,,,,50,1,,,3000,10,20,8,0,151,,,71,0,1,,,21,,,,LWEA946
,,,,231,3240,0,5,29,1208,947,578,,,,,,,,,,11,10,,,,,,,50,1,,,3000,10,20,8,0,151,,,71,0,1,,,21,,,,LWEA947
,,,,231,3180,0,5,29,,948,578,,,,,,,,,,11,10,,,,,,,50,1,,,3200,10,20,8,0,151,,,71,0,1,,,21,,,,LWEA948
,,,,231,2985,0,5,29,,949,578,,,,,,,,,,11,10,,,,,,,50,1,,,3200,10,21,9,0,151,,,71,0,1,,,21,,,,LWEA949
,,,,231,2895,0,5,29,,950,578,,,,,,,,,,11,10,,,,,,,50,1,,,3200,10,20,8,0,151,,,71,0,1,,,21,,,,LWEA950
,,,,231,2755,0,5,29,,951,578,,,,,,,,,,11,10,,,,,,,50,1,,,3200,10,20,8,0,151,,,71,0,1,,,21,,,,LWEA951
Potbelly Gun,unik\far\u_fgu1\u_fgu1.txt,,,232,43750,0,15,50,1238,952,578,,,,,,,,,,13,93,,29,15,,,,59,1,,,3000,26,78,9,0,175,,82,78,0,1,,,21,,,,LWEA952
Spero's Revolver,unik\far\u_fgu2\u_fgu2.txt,,,232,120000,0,25,61,1239,953,578,,,,,,,,,,13,131,,39,200,,,,63,1,,,3100,26,119,9,0,172,,84,78,0,1,,,21,,,,LWEA953
Abyss Rifle,unik\far\u_fgu3\u_fgu3.txt,,,232,199725,0,30,71,1240,954,578,,,,,,,,,,13,165,,24,20,,,,67,1,,,3200,12,163,9,0,171,,82,78,0,1,,,21,,,,LWEA954
Leviathan Gun,WEAPON\far\t_unique_fgu\t_unique_gun.txt,,,232,375480,0,40,80,1241,955,578,,,,,,,,,,13,256,,18,30,,24,20,65,1,,,3200,12,266,9,0,171,,82,78,0,1,,,21,,,,LWEA955
,,,,,,,,,,,,,,,,,,,,,,,,,,,,,,,,,,,,,,,,,,,,,,,,,,
,,,,232,4310,0,5,30,1245,957,578,,,,,,,,,,13,14,,,,,,,50,1,,,3500,12,23,10,0,171,,,78,0,1,,,21,,,,LWEA957
,,,,232,3815,0,5,30,1246,958,578,,,,,,,,,,13,14,,,,,,,50,1,,,3600,12,22,9,0,171,,,78,0,1,,,21,,,,LWEA958
,,,,232,3750,0,5,30,,959,578,,,,,,,,,,13,14,,,,,,,50,1,,,3700,12,23,10,0,171,,,78,0,1,,,21,,,,LWEA959
Gatling Multi Launcher,unik\far\u_connon1\u_connon1.txt,,,233,120655,0,30,54,1275,960,576,,,,,,,,,,10,59,,20,10,,,,56,1,,,3200,9,101,11,0,174,,84,78,0,0,,,21,,,,LWEA960
Faust,unik\far\u_connon2\u_connon2.txt,,,233,243665,0,40,67,1276,961,578,,,,,,,,,,10,84,,24,20,,,,60,1,,,3200,9,155,11,0,191,,84,78,0,0,,,21,,,,LWEA961
Catastrophe,WEAPON\far\t_unique_cannon\t_unique_cannon.txt,,,233,492200,0,50,80,1277,962,578,,,,,,,,,,10,145,,26,30,,20,20,65,1,,,3400,9,297,11,0,191,,84,78,0,1,,,21,,,,LWEA962
Megaton Launcher,WEAPON\far\u_cannon3\u_cannon3.txt,,,233,363212,0,60,73,1278,963,578,,,,,,,,,,10,109,,26,18,,,,63,1,,,3300,9,203,11,0,191,,84,78,0,1,,,21,,,,LWEA963
,,,,233,8150,0,23,31,1279,964,577,,,,,,,,,,10,-3,,,,,,,49,1,,,3500,9,28,11,0,191,,84,78,0,1,,,21,,,,LWEA964
,,,,233,7645,0,23,31,1280,965,577,,,,,,,,,,10,-3,,,,,,,49,1,,,3700,9,28,11,0,191,,84,78,0,1,,,21,,,,LWEA965
,,,,233,7195,0,23,31,1081,966,577,,,,,,,,,,10,-3,,,,,,,49,1,,,3700,9,27,10,0,191,,84,78,0,1,,,21,,,,LWEA966
Shining Staff,unik\magic\u_mst1\u_mst1.txt,,,241,36840,0,25,47,1316,967,578,,,,,,,,,,12,91,,39,100,,29,21,58,1,,,250,6,63,9,1,,131,72,,25,2,,,21,,,,LWEA967
Lunar Seal Staff,unik\magic\u_mst2\u_mst2.txt,,,241,109190,0,30,60,1317,968,578,,,,,,,,,,12,138,,39,200,,29,25,64,1,,,250,6,106,9,1,,131,72,,25,2,,,21,,,,LWEA968
Chronicle Staff,unik\magic\u_mst3\u_mst3.txt,,,241,252905,0,30,71,1318,969,578,,,,,,,,,,12,175,,39,300,,29,28,68,1,,,300,6,147,9,1,,131,72,,25,2,,,21,,,,LWEA969
Divinity Staff,WEAPON\magic\t_unique_magic\t_unique_magic.txt,,,241,670195,0,40,80,1319,970,578,,,,,,,,,,12,250,,12,10,,29,30,65,1,,,300,6,235,9,1,,131,72,,25,2,,,21,,,,LWEA970
,,,,241,2615,0,12,28,1320,971,578,,,,,,,,,,12,9,,29,15,,,,50,1,,,300,6,19,10,1,,131,72,,25,2,,,21,,,,LWEA971
,,,,241,2190,0,12,28,1321,972,578,,,,,,,,,,12,9,,29,15,,,,50,1,,,300,6,18,9,1,,,72,,,2,,,21,,,,LWEA972
,,,,241,2215,0,12,28,1322,973,578,,,,,,,,,,12,9,,29,15,,,,50,1,,,300,6,19,10,1,,,72,,,2,,,21,,,,LWEA973
,,,,241,1855,0,12,28,,974,578,,,,,,,,,,12,9,,29,15,,,,50,1,,,300,6,18,9,1,,,72,,,2,,,21,,,,LWEA974
Coyote Wand,unik\magic\u_mst4\u_mst4.txt,,,242,52595,0,10,46,1368,975,578,,,,,,,,,,12,111,,39,100,,29,13,60,1,,,2000,14,68,11,1,161,,37,89,,1,,,21,,,,LWEA975
Dust Wand,unik\magic\u_mst5\u_mst5.txt,,,242,165465,0,10,59,1369,976,578,,,,,,,,,,12,162,,39,200,,29,17,66,1,,,2200,14,114,11,1,201,,37,89,,1,,,21,,,,LWEA976
Crystal Wand,unik\magic\u_mst6\u_mst6.txt,,,242,319870,0,15,68,1370,977,578,,,,,,,,,,12,196,,39,300,,29,20,70,1,,,2300,14,145,10,1,320,,37,89,,1,,,21,,,,LWEA977
Solstice Wand,WEAPON\magic\t_unique_wands\t_unique_wands.txt,,,242,681000,0,20,80,1443,978,578,,,,,,,,,,12,261,,62,30,,14,20,65,1,,,2400,14,209,10,1,209,,37,89,,0,,,21,,,,LWEA978
,,,,242,2095,0,5,25,1372,979,578,,,,,,,,,,12,12,,29,7,,,,50,1,,,2500,14,15,11,1,214,,37,89,,0,,,21,,,,LWEA979
,,,,242,1930,0,5,25,1373,980,578,,,,,,,,,,12,12,,29,7,,,,50,1,,,2700,14,14,10,1,,,,,,0,,,21,,,,LWEA980
,,,,242,1825,0,5,25,1374,981,578,,,,,,,,,,12,12,,29,7,,,,50,1,,,2700,14,15,11,1,,,,,,0,,,21,,,,LWEA981
,,,,242,1700,0,5,25,,982,578,,,,,,,,,,12,12,,29,7,,,,50,1,,,2800,14,15,11,1,,,,,,0,,,21,,,,LWEA982
Zamadar,unik\katar\u_kka1\u_kka1.txt,,,251,30355,0,25,41,1396,983,577,,,,,,,,,,11,90,,26,35,,,,58,1,,,250,16,68,8,0,,121,38,,5,4,,,21,,,,LWEA983
Chakram,unik\katar\u_kka2\u_kka2.txt,,,251,85005,0,30,53,1397,984,577,,,,,,,,,,11,139,,22,30,,,,64,1,,,250,16,116,8,0,,121,38,,5,4,,,21,,,,LWEA984
Shining Finger,unik\katar\u_kka3\u_kka3.txt,,,251,155360,0,30,63,1398,985,577,,,,,,,,,,11,175,,18,30,,,,68,1,,,250,16,152,7,0,,121,38,,5,4,,,21,,,,LWEA985
Corruption Katar,WEAPON\katar\t_unique_kka\t_unique_kka01.txt,,,251,382180,0,40,80,1456,986,577,,,,,,,,,,11,260,,22,20,,24,15,65,1,,,250,16,231,6,0,,121,38,,5,4,,,21,,,,LWEA986
,,,,251,2840,0,5,23,1400,987,577,,,,,,,,,,11,9,,,,,,,50,1,,,250,16,18,7,0,,121,38,,5,4,,,21,,,,LWEA987
,,,,251,2550,0,5,23,1401,988,577,,,,,,,,,,11,9,,,,,,,50,1,,,250,16,19,8,0,,121,38,,5,4,,,21,,,,LWEA988
,,,,251,2410,0,5,23,,989,577,,,,,,,,,,11,9,,,,,,,50,1,,,250,16,18,7,0,,121,38,,5,4,,,21,,,,LWEA989
,,,,251,2210,0,5,23,,990,577,,,,,,,,,,11,9,,,,,,,50,1,,,250,16,18,7,0,,121,38,,5,4,,,21,,,,LWEA990
Falchion-Gladius,unik\dsw\u_dsw1\u_dsw1.txt,,,252,57425,0,30,47,1444,991,577,,,,,,,,,,11,84,,22,25,,,,59,1,,,250,7,97,10,0,,111,38,,5,4,,,21,,,,LWEA991
Falchion-Firangi,unik\dsw\u_dsw2\u_dsw2.txt,,,252,148085,0,30,60,1445,992,577,,,,,,,,,,11,122,,24,20,,,,64,1,,,250,7,157,10,0,,111,47,,5,4,,,21,,,,LWEA992
Firangi-Firangi,unik\dsw\u_dsw3\u_dsw3.txt,,,252,291785,0,35,71,1446,993,577,,,,,,,,,,11,154,,18,30,,,,68,1,,,250,7,209,9,0,,111,63,,5,4,,,21,,,,LWEA993
Dragon Dual Wield,WEAPON\dsw\t_unique_dsw\t_unique_dsw.txt,,,252,600200,0,35,80,1447,994,577,,,,,,,,,,11,187,,20,20,,38,200,65,1,,,250,7,267,9,0,,111,63,,5,4,,,21,,,,LWEA994
,,,,252,3320,0,23,25,1448,995,577,,,,,,,,,,11,6,,,,,,,49,1,,,250,7,23,10,0,,111,63,,5,4,,,21,,,,LWEA995
,,,,252,3010,0,23,25,1449,996,577,,,,,,,,,,11,6,,,,,,,49,1,,,250,7,22,9,0,,131,63,,5,4,,,21,,,,LWEA996
Random Staff,WEAPON\magic\momo_tsue\momo_tsue.txt,,6,241,1186350,0,40,98,4274,625,578,,,,,,,,,,,,,29,28,,,,69,0,,,300,6,395,10,1,,131,72,,25,2,,,,,,,LWEA997
Random Duels,WEAPON\dsw\light_sw2\light_sw2.txt,,6,252,827350,0,30,90,4275,751,577,,,,,,,,,,,,,,,,,,62,0,,,250,7,436,10,0,,131,63,,5,4,,,,,,,LWEA998
Unique Staff,WEAPON\magic\t_unique_magic\t_unique_magic.txt,,,241,670195,0,166,92,4400,970,578,,,,,,,,168,160,12,250,,29,29,,14,10,72,0,,,300,6,349,9,1,,131,72,,25,2,,,21,,,,LWEA999
Unique Wand,WEAPON\magic\t_unique_wands\t_unique_wands.txt,,,242,681000,0,70,84,4401,978,578,,,,,,,,168,160,12,261,,29,21,,14,10,72,0,,,2400,14,322,10,1,212,,37,89,,0,,,21,,,,LWEA1000
Pomic General (Sword),WEAPON\mobwpn\mob_wolf\mob_wolf.txt,,,,,,,50,,,,,,,,,,,,,,,,,,,,,,,,,,,,,,,411,37,,5,,,,,,,,
Doonga Fighter (Sword),WEAPON\mobwpn\mob_monkey2\mob_monkey2.txt,,,,,,,50,,,,,,,,,,,,,,,,,,,,,,,,,,,,,,,411,37,,5,,,,,,,,
Woopie (Sword),WEAPON\mobwpn\mob_wolf\mob_wolf2.txt,,,,,,,50,,,,,,,,,,,,,,,,,,,,,,,,,,,,,,,411,52,,5,,,,,,,,
Doonga Warrior (Sword),WEAPON\mobwpn\mon3\mon3.txt,,,,,,,50,,,,,,,,,,,,,,,,,,,,,,,,,,,,,,,411,37,,5,,,,,,,,
Fighter Rackie (Sword),WEAPON\mobwpn\mob_raccoon\mob_raccoon3.txt,,,,,,,50,,,,,,,,,,,,,,,,,,,,,,,,,,,,,,,411,37,,5,,,,,,,,
Not Used (Sword),weapon\onehand\boss1\boss.txt,,,,,,,50,,,,,,,,,,,,,,,,,,,,,,,,,,,,,,,411,37,,5,,,,,,,,
Fighter Rackie (Sword),WEAPON\mobwpn\mob_sordmaster\mob_sordmaster.txt,,,,,,,50,,,,,,,,,,,,,,,,,,,,,,,,,,,,,,,411,37,,5,,,,,,,,
Yeti (Sword),WEAPON\mobwpn\mon_tyrant\mon_tyrant.txt,,,,,,,50,,,,,,,,,,,,,,,,,,,,,,,,,,,,,,,453,52,,25,,,,,,,,
Yeti Captain (Sword),WEAPON\mobwpn\mon_tyrantcaptin\mon_tyrantcaptin.txt,,,,,,,50,,,,,,,,,,,,,,,,,,,,,,,,,,,,,,,453,52,,25,,,,,,,,
Tirwin (Sword),WEAPON\mobwpn\mon_tirwin\mon_tirwin1.txt,,,,,,,50,,,,,,,,,,,,,,,,,,,,,,,,,,,,,,,411,37,,5,,,,,,,,
Pomic (Bat),WEAPON\mobwpn\mob_small_Goblin3\mob_small_Goblin1.txt,,,,,,,50,,,,,,,,,,,,,,,,,,,,,,,,,,,,,,,411,37,,5,,,,,,,,
Pomic Fighter (Sword),WEAPON\mobwpn\mob_raccoon\mob_raccoon.txt,,,,,,,50,,,,,,,,,,,,,,,,,,,,,,,,,,,,,,,411,37,,5,,,,,,,,
Elder Doonga (Sword),WEAPON\mobwpn\mob_monkey1\mob_monky1.txt,,,,,,,50,,,,,,,,,,,,,,,,,,,,,,,,,,,,,,,411,37,,5,,,,,,,,
Rackie Hooligan (Hammer),WEAPON\mobwpn\mon1\mon1.txt,,,,,,,50,,,,,,,,,,,,,,,,,,,,,,,,,,,,,,,411,37,,5,,,,,,,,
Goblin Worker (Pickaxe),WEAPON\mobwpn\mon_goblin\mon_goblin.txt,,,,,,,50,,,,,,,,,,,,,,,,,,,,,,,,,,,,,,,411,37,,5,,,,,,,,
Gold Mine Moldie (Pickaxe),WEAPON\mobwpn\mob_mole\mob_mole.txt,,,,,,,50,,,,,,,,,,,,,,,,,,,,,,,,,,,,,,,411,37,,5,,,,,,,,
Yeti Hunter (Boomerang),WEAPON\mobwpn\mon_tyranthunter\mon_tyranthunter.txt,,,,,,,50,,,,,,,,,,,,,,,,,,,,,,,,,,,,,,457,,67,131,35,,,,,,,,
Scaled Yggdrasil Blade,WEAPON\onehand\yggdrasil,,,211,178000,0,40,45,5288,1043,577,,,,,,,,,,10,247,,20,40,,52,160,68,2,,,300,1,296,9,0,,111,37,,5,2,,,21,,,,LWEA1018
Rammesses Remains (Bow Gun),weapon\mobweapon\zonbi,,,,,,,50,,,,,,,,,,,,,,,,,,,,,,,,,,,,,,151,,,71,,,,,,,,,
Rammesses Remains (Sword),weapon\mobweapon\zonbi,,,,,,,50,,,,,,,,,,,,,,,,,,,,,,,,,,,,,,,411,37,,5,,,,,,,,
Grunter Warrior (Axe),WEAPON\mobwpn\mob_pig2\mob_pig2.txt,,,,,,,50,,,,,,,,,,,,,,,,,,,,,,,,,,,,,,,411,37,,5,,,,,,,,
Not Used (Axe),WEAPON\mobwpn\mob_Goblinheader\mob_Goblinheader.txt,,,,,,,50,,,,,,,,,,,,,,,,,,,,,,,,,,,,,,,,,,,,,,,,,,
Not Used (Axe),WEAPON\mobwpn\mob_Goblinking\mob_Goblinking.txt,,,,,,,50,,,,,,,,,,,,,,,,,,,,,,,,,,,,,,,,,,,,,,,,,,
Tyrant (Katars),WEAPON\mobwpn\mon_yeti\mon_yeti.txt,,,,,,,50,,,,,,,,,,,,,,,,,,,,,,,,,,,,,,,453,52,,25,,,,,,,,
Sikuku Tracker (Axe),WEAPON\mobwpn\mob_sikukuB\mob_sikukuB.txt,,,,,,,50,,,,,,,,,,,,,,,,,,,,,,,,,,,,,,,453,52,,25,,,,,,,,
,,,,,,,,50,,,,,,,,,,,,,,,,,,,,,,,,,,,,,,,,,,,,,,,,,,
Ra Bowmaster (Bow),WEAPON\mobwpn\Ra_Bow\Ra_Bow.txt,,,231,,0,,86,,,,,,,,,,,,,,,,,,,,,,2,,,2500,10,237,10,0,151,415,52,71,25,1,,,,,,,
Ra Spearman (Spear),WEAPON\mobwpn\Ra_Spear\Ra_Spear.txt,,,222,,0,,87,,,,,,,,,,,,,,,,,,,,,,2,,,450,6,351,9,,,415,52,,25,,,,,,,,
Ra Magician (Staff),WEAPON\mobwpn\Ra_Staff\Ra_Staff.txt,,,241,,0,,96,,,,,,,,,,,,,,,,,,,,,,2,,,300,6,340,10,1,,415,52,,25,,,,,,,,
Ra The Corrupted Sun God (Staff),WEAPON\mobwpn\Ra_wand\La_wand.txt,,,241,100,0,45,50,5331,251,578,,,,,,,,,,,,,,,,,,100,,,,175,6,10,10,1,,415,52,,25,,,,,,,,
Pomic Soldier (Spear),WEAPON\mobwpn\mon2\mon2.txt,,,,,,,50,,,,,,,,,,,,,,,,,,,,,,,,,,,,,,,415,52,,25,,,,,,,,
Pomic Fighter (Spear),WEAPON\mobwpn\mob_ant\mob_ant.txt,,,,,,,50,,,,,,,,,,,,,,,,,,,,,,,,,,,,,,,415,52,,25,,,,,,,,
Not Used (Spear),WEAPON\mobwpn\mob_pig\mob_pig.txt,,,,,,,50,,,,,,,,,,,,,,,,,,,,,,,,,,,,,,,415,52,,25,,,,,,,,
Not Used (Spear),WEAPON\mobwpn\mob_ant2\mob_ant2.txt,,,,,,,50,,,,,,,,,,,,,,,,,,,,,,,,,,,,,,,415,52,,25,,,,,,,,
Aqua Guard (Spear),WEAPON\mobwpn\mon_fishman1\mon_fishman1.txt,,,,,,,50,,,,,,,,,,,,,,,,,,,,,,,,,,,,,,,415,52,,25,,,,,,,,
Yeti Rider (Spear),WEAPON\mobwpn\mob_tyrantrider\mob_tyrantrider.txt,,,,,,,50,,,,,,,,,,,,,,,,,,,,,,,,,,,,,,,453,52,,25,,,,,,,,
Pomic King (Spear),WEAPON\mobwpn\mob_guard\mob_guard.txt,,,,,,,50,,,,,,,,,,,,,,,,,,,,,,,,,,,,,,,,,,,,,,,,,,
Not Used (Spear),WEAPON\mobwpn\mon_tirwin\mob_tirwinChang.txt,,,,,,,50,,,,,,,,,,,,,,,,,,,,,,,,,,,,,,,453,52,,25,,,,,,,,
Sikuku Spearman (Spear),WEAPON\mobwpn\mob_s_fighter01\mob_s_fighter01.txt,,,,,,,50,,,,,,,,,,,,,,,,,,,,,,,,,,,,,,,415,52,,25,,,,,,,,
robot_boss03,WEAPON\mobwpn\robot_cannon001\robot_cannon001.txt,,,,,,,50,,,,,,,,,,,,,,,,,,,,,,,,,,,,,,192,,,,,,,,,,,,
Mummy Ranger (Bow),WEAPON\mobwpn\mob_raccoon\mob_raccoon4.txt,,,,,,,50,,,,,,,,,,,,,,,,,,,,,,,,,,,,,,421,,,71,,,,,,,,,
Hunter Clown (Bow),WEAPON\mobwpn\mob_small_Goblin3\mob_small_Goblin2.txt,,,,,,,50,,,,,,,,,,,,,,,,,,,,,,,,,,,,,,421,,,71,,,,,,,,,
Aqua Ranger (Bow),WEAPON\mobwpn\mon_fishman1\mon_fishman2.txt,,,,,,,50,,,,,,,,,,,,,,,,,,,,,,,,,,,,,,421,,,71,,,,,,,,,
Doonga Hunter (Bow),WEAPON\mobwpn\mob_monkey2\mob_monkey3.txt,,,,,,,50,,,,,,,,,,,,,,,,,,,,,,,,,,,,,,421,,,71,,,,,,,,,
Kaiman Ranger (Bow),WEAPON\mobwpn\mob_ally\mob_ally2.txt,,,,,,,50,,,,,,,,,,,,,,,,,,,,,,,,,,,,,,421,,,71,,,,,,,,,
Tirwin (Bow),WEAPON\mobwpn\mon_tirwin\mob_tirwinBow.txt,,,,,,,50,,,,,,,,,,,,,,,,,,,,,,,,,,,,,,162,,,71,,,,,,,,,
Anubis Mage (Staff),WEAPON\mobwpn\mon_stoneguard01\stoneguard_staff.txt,,,,,,,50,,,,,,,,,,,,,,,,,,,,,,,,,,,,,,,131,72,,25,,,,,,,,
Anubis Spearman (Spear),WEAPON\twohand\tsw66\tsw66.txt,,,,,,,50,,,,,,,,,,,,,,,,,,,,,,,,,,,,,,,131,55,,25,,,,,,,,
Demon Alchemist (Staff),WEAPON\magic\mst27\mob01.txt,,,,,,,50,,,,,,,,,,,,,,,,,,,,,,,,,,,,,,,131,72,,25,,,,,,,,
Necromancer (Staff),WEAPON\magic\mst27\mob02.txt,,,,,,,50,,,,,,,,,,,,,,,,,,,,,,,,,,,,,,,131,72,,25,,,,,,,,
Not Used (Gun),WEAPON\mobwpn\mob_duck\mob_duck.txt,,,,,,,50,,,,,,,,,,,,,,,,,,,,,,,,,,,,,,423,,,82,35,,,,,,,,
Medusa (Bow),,,,,,,,50,,,,,,,,,,,,,,,,,,,,,,,,,,,,,,421,,,71,,,,,,,,,
Mama Moldie (Pan),WEAPON\mob_F1192.txt,,,,,,,50,,,,,,,,,,,,,,,,,,,,,,,,,,,,,,,131,55,,25,,,,,,,,
,,,,,,,,50,,,,,,,,,,,,,,,,,,,,,,,,,,,,,,,,,,,,,,,,,,
Astarot (Katars),WEAPON\mobwpn\mob_astarot\mob_astarot_catar.txt,,,,,,,50,,,,,,,,,,,,,,,,,,,,,,,,,,,,,,,453,52,,25,,,,,,,,
Moon Pastor Laguz (Katars),WEAPON\mobwpn\mob_astarot\mob_astarot_catar.txt,,,,,,,50,,,,,,,,,,,,,,,,,,,,,,,,,,,,,,,453,52,,25,,,,,,,,
Deity Ra Bowmaster (Bow),WEAPON\mobwpn\Ra_Bow\Ra_Bow.txt,,,,,,,50,,,,,,,,,,,,,,,,,,,,,,,,,2500,,237,10,0,394,415,52,71,25,,,,,,,,
Horus Ranger (Bow),,,,,,,,50,,,,,,,,,,,,,,,,,,,,,,,,,2500,,300,10,0,151,,,71,25,,,,,,,,
Horus Spellcaster (Staff),,,,,,,,50,,,,,,,,,,,,,,,,,,,,,,,,,,,300,,,,131,72,,25,,,,,,,,
,,,,,,,,50,,,,,,,,,,,,,,,,,,,,,,,,,,,,,,,,,,,,,,,,,,
Queen HoneyBee (Wand),WEAPON\mobwpn\mob_beer2\mob_beer2.txt,,,,,,,50,,,,,,,,,,,,,,,,,,,,,,,,,,,,,,433,,,67,131,,,,,,,,
Not Used (Staff),WEAPON\mobwpn\mob_Goblinmagic\mob_Goblinmagic.txt,,,,,,,50,,,,,,,,,,,,,,,,,,,,,,,,,,,,,,,,,,,,,,,,,,
Not Used (Wand),WEAPON\mobwpn\mob_fairy\mob_fairy.txt,,,,,,,50,,,,,,,,,,,,,,,,,,,,,,,,,,,,,,,,,,,,,,,,,,
Ruper Mage (Staff),WEAPON\mobwpn\mob_tyrantmagic\mob_tyrantmagic.txt,,,,,,,50,,,,,,,,,,,,,,,,,,,,,,,,,,,,,,450,,67,131,35,,,,,,,,
,,,,,,,,50,,,,,,,,,,,,,,,,,,,,,,,,,,,,,,,,,,,,,,,,,,
Clan Jason Spear,,,,,,,,50,,,,,,,,,,,,,,,,,,,,,,,,,,,,,,,329,,,,,,,,,,,
Wild Gorilla Banana,,,,,,,,50,,,,,,,,,,,,,,,,,,,,,,,,,,,,,,,411,37,,5,,,,,,,,
,,,,,,,,50,,,,,,,,,,,,,,,,,,,,,,,,,,,,,,,,,,,,,,,,,,
,,,,,,,,50,,,,,,,,,,,,,,,,,,,,,,,,,,,,,,,,,,,,,,,,,,
Fallen Judge Talratha (Dual),weapon\mobwpn\mob_fallenPriest\fallenPriestSword.txt,,,,,,,50,,,,,,,,,,,,,,,,,,,,,,,,,,,,,,,453,52,,25,,,,,,,,LWEA1070
Dalping (Bubble bullet),WEAPON\mobwpn\mob_can\mob_can.txt,,,,,,,50,,,,,,,,,,,,,,,,,,,,,,,,,,,,,,431,,,82,35,50,,,,,,,
Flanae (Flower bullet),WEAPON\mobwpn\mob_flower\mob_flower.txt,,,,,,,50,,,,,,,,,,,,,,,,,,,,,,,,,,,,,,441,,67,131,,50,,,,,,,
Elder Flanae (Flower bullet),WEAPON\mobwpn\mob_flower\mob_flower.txt,,,,,,,50,,,,,,,,,,,,,,,,,,,,,,,,,,,,,,441,,67,131,,50,,,,,,,
Smouly (Flower bullet),WEAPON\mobwpn\mob_smol\mob_smol.txt,,,,,,,50,,,,,,,,,,,,,,,,,,,,,,,,,,,,,,435,,67,131,,50,,,,,,,
Guardian Tree (Flower bullet),WEAPON\mobwpn\mob_smol\mob_smol.txt,,,,,,,50,,,,,,,,,,,,,,,,,,,,,,,,,,,,,,435,,67,131,,50,,,,,,,
Candle Ghost (Skull bullet),WEAPON\mobwpn\mob_can\mob_can.txt,,,,,,,50,,,,,,,,,,,,,,,,,,,,,,,,,,,,,,439,,67,131,,50,,,,,,,
Not Used (Skull bullet),WEAPON\mobwpn\mob_can\mob_can.txt,,,,,,,50,,,,,,,,,,,,,,,,,,,,,,,,,,,,,,439,,67,131,,50,,,,,,,
Not Used (Bubble bullet),WEAPON\mobwpn\mob_flower\mob_flower.txt,,,,,,,50,,,,,,,,,,,,,,,,,,,,,,,,,,,,,,431,,67,131,,50,,,,,,,
Lunar Keeper (Skull bullet),WEAPON\mobwpn\mob_can\mob_can.txt,,,,,,,50,,,,,,,,,,,,,,,,,,,,,,,,,,,,,,439,,67,131,,50,,,,,,,
Woopie Chef (Rock bullet),WEAPON\mobwpn\mon\mob_goblin_a2.txt,,,,,,,50,,,,,,,,,,,,,,,,,,,,,,,,,,,,,,449,,67,131,35,50,,,,,,,
Cherry Smouly (Flower bullet),WEAPON\mobwpn\mob_smol\mob_smol.txt,,,,,,,50,,,,,,,,,,,,,,,,,,,,,,,,,,,,,,436,,67,131,,50,,,,,,,
Rotten Tree (Flower bullet),WEAPON\mobwpn\mob_smol\mob_smol.txt,,,,,,,50,,,,,,,,,,,,,,,,,,,,,,,,,,,,,,467,,67,131,,50,,,,,,,
,,,,,,,,50,,,,,,,,,,,,,,,,,,,,,,,,,,,,,,,,,,,50,,,,,,,
Worm Dragon (Smoke bullet),WEAPON\mobwpn\mon\mob_wormdragon_01.txt,,,,,,,50,,,,,,,,,,,,,,,,,,,,,,,,,,,,,,443,,,82,,50,,,,,,,
Snapper (Smoke bullet),Snapper weapon,,,,,,,50,,,,,,,,,,,,,,,,,,,,,,,,,,,,,,444,,,82,,50,,,,,,,
Ice Spirit (Snowball bullet),WEAPON\mobwpn\mob_can\mob_can.txt,,,,,,,50,,,,,,,,,,,,,,,,,,,,,,,,,,,,,,301,,67,131,,50,,,,,,,
Frostworm (Smoke Tempfix),WEAPON\mobwpn\mon\mob_etc.txt,,,,,,,50,,,,,,,,,,,,,,,,,,,,,,,,,,,,,,477,,67,131,35,50,,,,,,,
Cerberus (Red Bullet),WEAPON\mobwpn\mon\mob_etc.txt,,,,,,,50,,,,,,,,,,,,,,,,,,,,,,,,,,,,,,314,,,,,50,,,,,,,
,,,,,,,,50,,,,,,,,,,,,,,,,,,,,,,,,,,,,,,,,,,,50,,,,,,,
Tombstone (Blue bullet),WEAPON\mobwpn\mon\mob_etc.txt,,,,,,,50,,,,,,,,,,,,,,,,,,,,,,,,,,,,,,494,,67,131,35,50,,,,,,,
Tirwin Mage (Blue bullet),WEAPON\mobwpn\mon\mob_etc.txt,,,,,,,50,,,,,,,,,,,,,,,,,,,,,,,,,,,,,,458,,67,131,35,50,,,,,,,
Rider Wizard (Pink bullet),WEAPON\mobwpn\mon\mob_etc.txt,,,,,,,50,,,,,,,,,,,,,,,,,,,,,,,,,,,,,,459,,67,131,35,50,,,,,,,
Tyrant Warship (Blue bullet),WEAPON\mobwpn\mon\mob_etc.txt,,,,,,,50,,,,,,,,,,,,,,,,,,,,,,,,,,,,,,452,,67,131,35,50,,,,,,,
Basilisk Captain (Blue bullet),WEAPON\mobwpn\mon\mob_etc.txt,,,,,,,50,,,,,,,,,,,,,,,,,,,,,,,,,,,,,,451,,67,131,35,50,,,,,,,
Firegon (Fire bullet),WEAPON\mobwpn\mon\mob_etc.txt,,,,,,,50,,,,,,,,,,,,,,,,,,,,,,,,,,,,,,460,,67,131,35,50,,,,,,,
Firecracker Penguin (bullet),WEAPON\mobwpn\mon\mob_etc.txt,,,,,,,50,,,,,,,,,,,,,,,,,,,,,,,,,,,,,,468,,67,131,35,50,,,,,,,
Mercenary Warrior (Empty),WEAPON\twohand\tsw16\tsw16.txt,,,,,,,50,,,,,,,,,,,,,,,,,,,,,,,,,250,,169,11,,,131,39,,5,2,,,,,,,
Lava Terror Knight (Empty),WEAPON\twohand\tsw32\tsw32.txt,,,,,,,50,,,,,,,,,,,,,,,,,,,,,,,,,250,,225,12,,,131,39,,5,2,,,,,,,
Frost Knight Sword,,,,,,,,50,,,,,,,,,,,,,,,,,,,,,,,,,250,,501,,,,567,63,,5,4,,,,,,,
,,,,,,,,,,,,,,,,,,,,,,,,,,,,,,,,,,,,,,,,,,,,,,,,,,
Sikuku Shaman (Staff),WEAPON\mobwpn\mob_s_shaman01\mob_s_shaman01.txt,,,,,,,,,,,,,,,,,,,,,,,,,,,,,,,,,,,,,191,,84,78,0,,,,,,,,
Sikuku Psychic (Staff),WEAPON\mobwpn\mob_s_shaman02\mob_s_shaman02.txt,,,,,,,,,,,,,,,,,,,,,,,,,,,,,,,,,,,,,191,,84,78,0,,,,,,,,
Elder Sikuku (Staff),WEAPON\mobwpn\mob_s_shaman03\mob_s_shaman03.txt,,,,,,,,,,,,,,,,,,,,,,,,,,,,,,,,,,,,,191,,84,78,0,,,,,,,,
Sikuku Leader (Spear),WEAPON\mobwpn\mob_s_fighter03\mob_s_fighter03.txt,,,,,,,,,,,,,,,,,,,,,,,,,,,,,,,,,,,,,0,131,55,0,25,,,,,,,,
Sikuku Fighter (Spear),WEAPON\mobwpn\mob_s_fighter04\mob_s_fighter04.txt,,,,,,,,,,,,,,,,,,,,,,,,,,,,,,,,,,,,,0,131,55,0,25,,,,,,,,
Sikuku Veteran (Spear),WEAPON\mobwpn\mob_silkuuF\silkuuF.txt,,,,,,,,,,,,,,,,,,,,,,,,,,,,,,,,,,,,,0,131,55,0,25,,,,,,,,
Sikuku Elite Fighter (Spear),WEAPON\mobwpn\mob_s_fighter05\mob_s_fighter05.txt,,,,,,,,,,,,,,,,,,,,,,,,,,,,,,,,,,,,,0,131,55,0,25,,,,,,,,
Sikuku Hunter (Axe),WEAPON\mobwpn\mob_s_tracer01\mob_s_tracer01.txt,,,,,,,,,,,,,,,,,,,,,,,,,,,,,,,,,,,,,0,141,63,,5,,,,,,,,
Sikuku Captain (Axe),WEAPON\mobwpn\mob_s_tracer03\mob_s_tracer03.txt,,,,,,,,,,,,,,,,,,,,,,,,,,,,,,,,,,,,,0,141,63,,5,,,,,,,,
Sikuku Destroyer (Axe),WEAPON\mobwpn\mob_s_tracer04\mob_s_tracer04.txt,,,,,,,,,,,,,,,,,,,,,,,,,,,,,,,,,,,,,0,141,63,,5,,,,,,,,
Sikuku Assassin (Dart bullet),WEAPON\mobwpn\mon\mob_etc.txt,,,,,,,50,,,,,,,,,,,,,,,,,,,,,,,,,,,,,,461,,67,131,35,50,,,,,,,
Sikuku Elite Slaughterer (Axe),WEAPON\mobwpn\mob_turak\mob_turak.txt,,,,,,,,,,,,,,,,,,,,,,,,,,,,,,,,,,,,,0,141,63,,5,,,,,,,,
Blue Elemental (Blue bullet),WEAPON\mobwpn\mon\mob_etc.txt,,,,,,,50,,,,,,,,,,,,,,,,,,,,,,,,,,,,,,463,,67,131,35,50,,,,,,,
Red Elemental (Red bullet),WEAPON\mobwpn\mon\mob_etc.txt,,,,,,,50,,,,,,,,,,,,,,,,,,,,,,,,,,,,,,464,,67,131,35,50,,,,,,,
Orpe (Staff),WEAPON\mobwpn\mob_orphe\mob_orphe.txt,,,,,,,,,,,,,,,,,,,,,,,,,,,,,,,,,,,,,464,,67,131,35,50,,,,,,,
GrimHemmz (Hammer),WEAPON\mobwpn\mob_osw37\mob_osw37.txt,,,,,,,,,,,,,,,,,,,,,,,,,,,,,,,,,,,,,,,,,,,,,,,,,
Fiery Snapper (Fire bullet),weapon\mobwpn\mob_flower\mob_range.txt,,,,,,,50,,,,,,,,,,,,,,,,,,,,,,,,,,,,,,176,,67,131,,50,,,,,,,
,,,,,,,,,,,,,,,,,,,,,,,,,,,,,,,,,,,,,,,,,,,,,,,,,,
Eudy (Arrow bullet),WEAPON\mobwpn\mob_flower\mob_flower.txt,,,,,,,,,,,,,,,,,,,,,,,,,,,,,,,,,,,,,153,,67,131,,50,,,,,,,
Ikaness Engineer (Bolt bullet),WEAPON\mobwpn\mob_can\mob_can.txt,,,,,,,,,,,,,,,,,,,,,,,,,,,,,,,,,,,,,601,,67,131,,50,,,,,,,
Cursed Ent Vagabond (Empty),WEAPON\mobwpn\mon\mob_etc.txt,,,,,,,,,,,,,,,,,,,,,,,,,,,,,,,,,,,,,,602,52,,25,,,,,,,,
Ikaness Worker (Pickaxe),WEAPON\mobwpn\mob_icanes\mob_icanes.txt,,,,,,,,,,,,,,,,,,,,,,,,,,,,,,,,,,,,,,602,52,,25,,,,,,,,
Ikaness Leader (Fire bullet),WEAPON\mobwpn\mob_icanes_O\mob_Icanes_O.txt,,,,,,,,,,,,,,,,,,,,,,,,,,,,,,,,,,,,,433,,,,,,,,,,,,
Ikaness Soldier (Sword),WEAPON\mobwpn\mob_icanes_G\mob_Icanes_G.txt,,,,,,,,,,,,,,,,,,,,,,,,,,,,,,,,,,,,,,401,52,,25,,,,,,,,
Gangster Henchman (Club),WEAPON\mobwpn\mob_Penguin06\mob_Penguin06.txt,,,,,,,,,,,,,,,,,,,,,,,,,,,,,,,,,,,,,,604,52,,25,,,,,,,,
Gangster Pang (Guns),WEAPON\mobwpn\mob_Penguin07\mob_Penguin07.txt,,,,,,,,,,,,,,,,,,,,,,,,,,,,,,,,,,,,,425,,,,,,,,,,,,
Lower Penguin Soldier (Sword),WEAPON\mobwpn\mob_Penguin02\mob_Penguin02.txt,,,,,,,,,,,,,,,,,,,,,,,,,,,,,,,,,,,,,,,,,,,,,,,,,
Lunaris Bear (Bottle),WEAPON\mobwpn\mob_Lunarismoldy01\mob_Lunarismoldy01.txt,,,,,,,,,,,,,,,,,,,,,,,,,,,,,,,,,,,,,,456,52,,25,,,,,,,,
Penguin General (Blunt),WEAPON\mobwpn\mob_Penguin04\mob_Penguin04.txt,,,,,,,,,,,,,,,,,,,,,,,,,,,,,,,,,,,,,,,,,,,,,,,,,
Moon Sister Inguz (Sword),WEAPON\mobwpn\mob_melendino01\mob_melendino01.txt,,,,,,,,,,,,,,,,,,,,,,,,,,,,,,,,,,,,,,,,,,,,,,,,,
Insane Shaman (Sword),WEAPON\mobwpn\mob_zombi\mob_zombi.txt,,,,,,,,,,,,,,,,,,,,,,,,,,,,,,,,,,,,,,453,37,,5,,,,,,,,
Heburka (Spear),WEAPON\mobwpn\mob_Brinto01\mob_Brinto01.txt,,,,,,,,,,,,,,,,,,,,,,,,,,,,,,,,,,,,,,,,,,,,,,,,,
,,,,,,,,,,,,,,,,,,,,,,,,,,,,,,,,,,,,,,,,,,,,,,,,,,
Lower Penguin Exploder (Cannon bullet),WEAPON\mobwpn\mon\mob_etc.txt,,,,,,,,,,,,,,,,,,,,,,,,,,,,,,,,,,,,,192,,67,131,35,50,,,,,,,
Not Used (Sword),WEAPON\mobwpn\mob_Mummy_male03\Mummy_male03.txt,,,,,,,,,,,,,,,,,,,,,,,,,,,,,,,,,,,,,,,,,,,,,,,,,
Not Used (Sword),WEAPON\mobwpn\mob_Mummy_male03\Mummy_male05.txt,,,,,,,,,,,,,,,,,,,,,,,,,,,,,,,,,,,,,,,,,,,,,,,,,
Not Used (Staff),WEAPON\mobwpn\mob_stoneguard01\mob_stoneguard01.txt,,,,,,,,,,,,,,,,,,,,,,,,,,,,,,,,,,,,,,,,,,,,,,,,,
Not Used (Wand),WEAPON\mobwpn\mob_Mummy_male03\Mummy_male06.txt,,,,,,,,,,,,,,,,,,,,,,,,,,,,,,,,,,,,,,,,,,,,,,,,,
Not Used (Bow),WEAPON\mobwpn\mob_raccoon\mob_mummy_ranger.txt,,,,,,,,,,,,,,,,,,,,,,,,,,,,,,,,,,,,,,,,,,,,,,,,,
Sikuku Gargoyle Hunter (Staff),WEAPON\mobwpn\mon_gargoyle\Gargoyle_03.txt,,,,,,,,,,,,,,,,,,,,,,,,,,,,,,,,,,,,,0,141,63,,5,,,,,,,,
Sikuku Gargoyle Shaman (Staff),WEAPON\mobwpn\mon_gargoyle\Gargoyle_04.txt,,,,,,,,,,,,,,,,,,,,,,,,,,,,,,,,,,,,,463,,84,78,0,,,,,,,,
Sikuku Gargoyle Fighter (Spear),WEAPON\mobwpn\mob_Gargoyle_Fighter\mob_Gargoyle_Fighter.txt,,,,,,,,,,,,,,,,,,,,,,,,,,,,,,,,,,,,,0,141,63,,5,,,,,,,,
Sikuku Jailer (Blunt),WEAPON\mobwpn\mob_s_warder01\mob_s_warder01.txt,,,,,,,,,,,,,,,,,,,,,,,,,,,,,,,,,,,,,0,141,63,,5,,,,,,,,
Sikuku Predator (Sword),WEAPON\mobwpn\mob_s_eater02\mob_s_eater02.txt,,,,,,,,,,,,,,,,,,,,,,,,,,,,,,,,,,,,,,415,52,,25,,,,,,,,
Sikuku Cannibal Chef (Sword),WEAPON\mobwpn\mob_s_eater03\mob_s_eater03.txt,,,,,,,,,,,,,,,,,,,,,,,,,,,,,,,,,,,,,,453,37,,5,,,,,,,,
Pharaohs Robot Servant (Bullet),WEAPON\mobwpn\mon_gargoyle\Gargoyle_04_tans.txt,,,,,,,,,,,,,,,,,,,,,,,,,,,,,,,,,,,,,171,,67,131,,50,,,,,,,
Sikuku Guard (Crossbow Axe),WEAPON\mobwpn\mob_s_woman01\mob_s_woman01.txt,,,,,,,,,,,,,,,,,,,,,,,,,,,,,,,,,,,,,0,395,63,,5,,,,,,,,
Sikuku Infiltrator (Crossbow),WEAPON\mobwpn\mob_s_woman02\mob_s_woman02.txt,,,,,,,,,,,,,,,,,,,,,,,,,,,,,,,,,,,,,162,,,71,,,,,,,,,
Delusion Nymph (Rod),WEAPON\mobwpn\mob_delusion_nymph_rod\mob_delusion_nymph_rod.txt,,,,,,,,,,,,,,,,,,,,,,,,,,,,,,,,,,,,,464,,67,131,35,50,,,,,,,
Redheart (Spear),WEAPON\mobwpn\mon_redheart\mon_redheart.txt,,,,,,,,,,,,,,,,,,,,,,,,,,,,,,,,,,,,,,453,37,,5,,,,,,,,
Ancient Sword,,,6,211,1300000,0,10,90,5291,1007,577,,,,,,,,,,10,232,,20,1,,23,1,10,1,,,125,1,10,16,0,,121,48,,5,2,,,13,,,,LWEA1151
Ancient Mace,,,6,212,1300000,0,15,90,5292,1008,576,,,,,,,,,,10,241,,10,1,,26,1,10,1,,,125,3,10,16,0,,121,48,,15,2,,,13,,,,LWEA1152
Ancient Heavy Sword,,,6,221,1300000,0,25,90,5293,1009,576,,,,,,,,,,10,245,,18,1,,19,1,10,1,,,140,5,10,16,0,,121,48,,5,2,,,13,,,,LWEA1153
Ancient Spear,,,6,222,1300000,0,30,90,5294,1010,577,,,,,,,,,,10,243,,24,1,,38,1,10,1,,,250,6,10,16,0,,121,48,,5,2,,,13,,,,LWEA1154
Ancient Axe,,,6,223,1300000,0,30,90,5295,1011,576,,,,,,,,,,10,242,,19,1,,26,1,10,1,,,125,8,10,16,0,,121,48,,20,,,,13,,,,LWEA1155
Ancient Duals,,,6,252,1300000,0,20,90,5296,1012,577,,,,,,,,,,11,187,,24,1,,38,1,10,1,,,125,7,10,16,0,,121,48,,5,4,,,13,,,,LWEA1156
Ancient Katars,,,6,251,1300000,0,20,90,5297,1013,577,,,,,,,,,,11,237,,22,1,,24,1,10,1,,,100,16,10,16,0,,121,48,,5,4,,,13,,,,LWEA1157
Ancient Bow,,,6,231,1300000,0,15,90,5298,1014,578,,,,,,,,,,11,235,,11,1,,20,1,10,1,,,1500,10,10,16,0,,121,48,,5,1,,,13,,,,LWEA1158
Ancient Crossbow,,,6,271,1300000,0,25,90,5299,1015,578,,,,,,,,,,10,197,,26,1,,19,1,10,1,,,1350,11,10,16,0,,121,48,,5,1,,,13,,,,LWEA1159
Ancient Staff,,,6,241,1300000,0,20,90,5300,1016,578,,,,,,,,,,12,228,,12,1,,29,1,10,1,,,175,6,10,16,0,,121,48,,5,,,,13,,,,LWEA1160
Ancient Wand,,,6,242,1300000,0,10,90,5301,1017,578,,,,,,,,,,12,236,,62,1,,14,1,10,1,,,1200,14,10,16,0,,121,48,,5,2,,,13,,,,LWEA1161
Ancient Gun,,,6,232,1300000,0,20,90,5302,1018,578,,,,,,,,,,13,215,,18,1,,24,1,10,1,,,1500,12,10,16,0,,121,48,,5,,,,13,,,,LWEA1162
Ancient Launcher,,,6,233,1300000,0,30,90,5304,1019,576,,,,,,,,,,10,148,,26,1,,20,1,10,1,,,1700,9,10,16,0,,121,48,,5,,,,13,,,,LWEA1163
,,,,,,,,,,,,,,,,,,,,,,,,,,,,,,,,,,,,,,,,,,,,,,,,,,
Skull Staff,,,6,241,0,0,20,50,5332,251,578,,,,,,,,,,,,,,,,,,75,4,,,175,6,10,9,0,,121,48,,5,,,,,,,,LWEA1165
Eagle Staff,,,6,241,0,0,20,50,5333,251,578,,,,,,,,,,,,,,,,,,75,4,,,175,6,10,9,0,,121,48,,5,,,,,,,,LWEA1166
Snake Staff,,,6,241,0,0,20,50,5334,251,578,,,,,,,,,,,,,,,,,,75,4,,,175,6,10,9,0,,121,48,,5,,,,,,,,LWEA1167
Sikuku's Saw Spear,,,6,222,0,0,15,50,5335,251,577,,,,,,,,,,,,,,,,,,75,4,,,250,6,10,9,0,,121,48,,5,2,,,,,,,LWEA1168
Sikuku's Spiked Spear,,,6,222,0,0,15,50,5336,251,577,,,,,,,,,,,,,,,,,,75,4,,,250,6,10,9,0,,121,48,,5,2,,,,,,,LWEA1169
Sikuku Death Spear,,,6,222,0,0,15,50,5337,251,577,,,,,,,,,,,,,,,,,,75,4,,,250,6,10,9,0,,121,48,,5,2,,,,,,,LWEA1170
,,,6,222,0,0,1,50,1,251,577,,,,,,,,,,,,,,,,,,75,2,,,250,6,10,9,0,,121,48,,5,,,,,,,,LWEA1171
Wood Axe,,,6,223,0,0,20,50,5338,251,576,,,,,,,,,,,,,,,,,,75,4,,,125,8,10,9,0,,121,48,,20,2,,,,,,,LWEA1172
Fearsome Axe,,,6,223,0,0,20,50,5339,251,576,,,,,,,,,,,,,,,,,,75,4,,,125,8,10,9,0,,121,48,,20,2,,,,,,,LWEA1173
Butcher Axe,,,6,223,0,0,20,50,5340,251,576,,,,,,,,,,,,,,,,,,75,4,,,125,8,10,9,0,,121,48,,20,2,,,,,,,LWEA1174
Gargoyle Scythe,,,6,222,0,0,20,50,5341,251,577,,,,,,,,,,,,,,,,,,75,4,,,250,6,10,9,0,,121,48,,5,,,,,,,,LWEA1175
Tribal Staff,,,6,241,0,0,25,50,5343,251,578,,,,,,,,,,,,,,,,,,75,4,,,175,6,10,9,0,,121,48,,5,,,,,,,,LWEA1176
Spell Staff,,,6,241,0,0,25,50,5344,251,578,,,,,,,,,,,,,,,,,,75,4,,,175,6,10,9,0,,121,48,,5,,,,,,,,LWEA1177
Lead Mace,,,6,212,0,0,15,50,5345,251,576,,,,,,,,,,,,,,,,,,75,4,,,125,3,10,9,0,,121,48,,15,1,,,,,,,LWEA1178
Ancient Dagger,,,6,211,0,0,10,50,5346,251,577,,,,,,,,,,,,,,,,,,75,4,,,125,1,10,9,0,,121,48,,5,2,,,,,,,LWEA1179
Skull Crossbow,,,6,271,0,0,10,50,5347,251,578,,,,,,,,,,,,,,,,,,75,4,,,1800,11,10,9,0,,121,48,,5,,,,,,,,LWEA1180
Sun Staff,,,,241,123450,0,45,20,5348,670,578,,,,,,,,,,,,,12,25,,39,350,100,1,,,175,6,75,8,0,,121,48,,5,,,,,,,,LWEA1181
Saint Blade Kreuz,weapon\onehand\osw53\osw53.txt,,,211,711600,0,40,92,933,325,577,,12,,,,,,31,210,10,312,,,,,,,74,2,,,250,1,365,10,0,,111,38,,5,2,,,6,,,,LWEA025
,,,,,,,,,,,,,,,,,,,,,,,,,,,,,,,,,,,,,,,,,,,,,,,,,,
Iced Shamshir,Craft Tabs: 11 10 452 30,,,211,1000,0,50,90,5520,251,577,11,10,452,30,,,,31,135,10,230,,24,5,,,,75,2,,,200,1,210,11,0,,121,48,,5,2,,,,,,,LWEA1184
Iced Skull Breaker,Craft Tabs: 12 10 456 30,,,212,1000,0,80,90,5521,251,577,12,10,456,30,,,,31,200,10,332,,24,5,,,,75,2,,,250,1,374,12,0,,121,48,,15,2,,,,,,,LWEA1185
Iced Four Stick Bow,Craft Tabs: 13 10 453 30,,,271,1000,0,40,90,5522,251,577,13,10,453,30,,,,31,200,10,251,,24,5,,,,75,2,,,2500,11,346,9,0,151,,,71,,1,,,,,,,LWEA1186
Iced Zephyr Falcon,Craft Tabs: 13 10 457 30,,,231,1000,0,30,90,5523,251,577,13,10,457,30,,,,31,200,11,296,,24,5,,,,75,2,,,2700,10,380,10,,151,,,71,0,1,,,,,,,LWEA1187
Iced Burnthesnatch,Craft Tabs: 12 10 458 30,,,251,1000,0,30,90,5533,251,577,12,10,458,30,,,,31,200,11,296,,24,5,,,,75,2,,,250,16,325,7,0,,121,38,,5,4,,,,,,,LWEA1188
Iced Gigantic Wave,Craft Tabs: 14 10 459 30,,,233,1000,0,20,90,5534,251,577,14,10,459,30,,,,31,200,10,168,,24,5,,,,75,2,,,3400,9,424,12,0,191,,84,78,0,,,,,,,,LWEA1189
Iced Rune Staff,Craft Tabs: 15 10 454 30,,,241,1000,0,30,90,5535,251,577,15,10,454,30,,,,31,109,12,178,,24,5,,29,25,75,2,,,300,6,161,10,1,,131,72,,25,2,,,,,,,LWEA1190
Iced Sternen Haufen,Craft Tabs: 15 10 455 30,,,242,1000,0,20,90,5536,251,577,15,10,455,30,,,,31,180,12,289,,24,5,,29,22,75,2,,,2400,14,281,12,1,208,,37,89,,2,,,,,,,LWEA1191
Grand Slasher,weapon\onehand\onehand_career021\onehand_career021.txt,,,211,997500,,80,89,5948,1043,577,11,10,460,30,,,,31,215,10,326,,20,10,,19,-15,75,2,,,250,1,395,10,0,,111,38,,5,2,,,12,,,,LWEA026
Eagle Slayer,WEAPON\twohand\twohand_career070\twohand_career070.txt,,,212,994320,0,160,87,5949,1036,576,12,10,461,30,,,,31,215,10,341,,26,10,,38,-80,75,2,,,250,3,419,11,0,,121,48,,15,2,,,12,,,,LWEA057
Hydra Crossbow,WEAPON\far\bog_career003\bog_career003.txt,,,271,941840,,80,93,5950,1076,578,13,10,462,30,,,,31,215,10,263,,22,-10,,,,75,2,,,2900,11,384,10,0,151,,,71,,1,,,12,,,,LWEA079
Asmodeus Ritual Blade,WEAPON\twohand\twohand_career082\twohand_career082.txt,,,221,904300,0,60,94,5951,1040,577,11,10,463,30,,,,31,215,10,330,,20,12,,26,-10,75,2,,,250,5,431,10,0,,131,39,,5,2,,,12,,,,LWEA127
Belial's Axe,WEAPON\twohand\twohand_career027\twohand_career027.txt,,,223,1224080,,140,98,5952,1035,576,12,10,464,30,,,,31,215,10,337,,26,12,,20,-10,75,2,,,250,8,447,12,0,,141,63,,20,,,,12,,,,LWEA153
Eternal Impaler,WEAPON\magic\magic_career035\magic_career035.txt,,,222,1221332,0,162,90,5954,1066,577,12,10,465,30,,,,31,215,10,309,,24,10,,21,-10,75,2,,,500,6,415,9,,,131,55,,25,2,,,12,,,,LWEA186
Pincer Bow,WEAPON\far\far_career049\far_career049.txt,,,231,1132147,0,70,98,5955,1052,578,13,10,466,30,,,,31,215,11,308,,38,150,,,,75,2,,,2600,10,425,10,,151,,,71,0,1,,,12,,,,LWEA227
Phased Plasma Gun,WEAPON\far\far_career093\far_career093.txt,,,232,1492016,,120,100,5956,1079,578,14,10,467,30,,,,31,215,13,313,,26,10,,24,-10,75,2,,,3200,12,436,9,0,171,,84,78,0,,,,12,,,,LWEA260
Meteorite Launcher,WEAPON\far\\cannon_career104\cannon_career104.txt,,,233,1662310,,60,102,5957,1085,576,14,10,468,30,,,,31,215,10,174,,24,10,,20,-15,75,2,,,3500,9,469,11,0,191,,84,78,0,,,,12,,,,LWEA286
Pole of Abyss,WEAPON\magic\magic_career083\magic_career083.txt,,,241,1501532,,70,100,5958,1042,578,15,10,469,30,,,,31,215,12,302,,21,15,,20,-10,75,2,,,350,6,390,10,1,,131,72,,25,,,,12,,,,LWEA329
Sekhem Scepter,WEAPON\magic\magic_career059\magic_career059.txt,,,242,1501420,,50,85,5959,1086,578,15,10,470,30,,,,31,215,12,316,,22,10,,19,-15,75,2,,,2450,14,352,11,1,318,,37,89,,2,,,12,,,,LWEA360
Bastet Claws,WEAPON\katar\katar_career051\katar_career051.txt,,,251,1132148,,70,88,5960,1062,577,12,10,471,30,,,,31,215,11,309,,24,10,,22,-8,75,2,,,250,16,363,6,0,,121,38,,5,4,,,12,,,,LWEA424
Elemental Dual Swords,WEAPON\dsw\dsw21\dsw21.txt,,,252,1136581,0,80,90,5961,1073,577,11,10,472,30,,,,31,215,11,238,,22,10,,24,-10,75,2,,,250,7,451,10,0,,131,63,,5,4,,,12,,,,LWEA451
,,,,,,,,,,,,,,,,,,,,,,,,,,,,,,,,,,,,,,,,,,,,,,,,,,
Dango Spear,WEAPON\twohand\dango\dango.txt,,,222,1000,0,20,35,5962,1149,577,,,,,,,,,,,,,,,,,,30,2,,,350,6,50,10,,,131,55,,25,2,,,,,,,LWEA1206
Cotton Candy,WEAPON\magic\wataame\wataame.txt,,,242,1000,0,5,35,5963,1154,578,,,,,,,,,,,,,,,,,,30,2,,,2200,14,50,12,1,211,,37,89,,0,,,,,,,LWEA1207
Candy Jewel Katar,WEAPON\katar\jewel_ring\jewel_ring.txt,,,251,1000,0,30,35,5964,1155,577,,,,,,,,,,,,,,,,,,30,2,,,250,16,50,5,0,,121,38,,5,0,,,,,,,LWEA1208
Candy Bow,WEAPON\far\candy\candy.txt,,,231,1000,0,10,35,5965,1151,578,,,,,,,,,,,,,,,,,,30,2,,,2800,10,50,10,0,151,0,0,71,0,1,,,,,,,LWEA1209
Choco Banana,WEAPON\twohand\choco_banana\choco_banana.txt,,,221,1000,0,30,35,5967,1148,576,,,,,,,,,,,,,,,,,,30,2,,,200,5,50,11,0,,131,39,,5,0,,,,,,,LWEA1210
Pink Megaphone,WEAPON\megahon_pink.txt,,6,211,1000,0,2,35,5968,,577,,,,,,,,,,,,,,,,,,30,2,,,150,1,50,6,0,,111,37,,5,0,,,,,,,LWEA1211
Strawberry Fondue,WEAPON\onehand\strawberry_fondu\strawberry_fondu.txt,,,211,1000,0,10,35,5969,1145,577,,,,,,,,,,,,,,,,,,30,2,,,200,1,50,10,0,,111,38,,5,0,,,,,,,LWEA1212
Ice Cream,WEAPON\magic\icecream\icecream.txt,,,241,1000,0,15,35,5970,1153,578,,,,,,,,,,,,,,,,,,30,2,,,300,6,50,9,1,,131,72,,25,2,,,,,,,LWEA1213
Rollcake,WEAPON\far\rollcake\rollcake.txt,,,233,1000,0,20,35,5971,1152,578,,,,,,,,,,,,,,,,,,30,2,,,3000,9,50,11,0,174,,84,78,0,0,,,,,,,LWEA1214
Cookie Axe,WEAPON\twohand\cookie\cookie.txt,,,223,1000,0,25,35,5972,1150,576,,,,,,,,,,,,,,,,,,30,2,,,200,8,50,11,0,,141,63,,20,0,,,,,,,LWEA1215
Candy Sticks,WEAPON\dsw\stick\stick.txt,,,252,1000,0,30,35,5973,1156,577,,,,,,,,,,,,,,,,,,30,2,,,250,7,50,9,0,,111,37,,5,2,,,,,,,LWEA1216
Sweet Apple,WEAPON\onehand\ringoame\ringoame.txt,,,212,1000,0,30,35,5974,1146,576,,,,,,,,,,,,,,,,,,30,2,,,200,3,50,9,0,,121,47,,15,2,,,,,,,LWEA1217
Shortcake,WEAPON\far\shortcake\shortcake.txt,,,271,815,0,15,35,5975,1147,578,,,,,,,,,,,,,,,,,,30,2,,,2500,11,50,9,0,151,,,71,,1,,,,,,,LWEA1218
,,,,,,,,,,,,,,,,,,,,,,,,,,,,,,,,,,,50,,,,,,,,,,,,,,,
Aqua Dragon Sword,WEAPON\dsw\dragon_sw\dragon_sw01_0810_ka.txt,,6,211,1000,0,5,50,5976,,577,,,,,,,,,,,,,,,,,,46,0,,,200,1,74,9,0,,111,37,,5,2,,,,,,,LWEA1220
Fire Dragon Sword,WEAPON\dsw\dragon_sw\dragon_sw02_0810_ka.txt,,6,211,1000,0,5,46,5977,,577,,,,,,,,,,,,,,,,,,44,0,,,200,1,63,9,0,,111,37,,5,2,,,,,,,LWEA1221
,,,,,,,,,,,,,,,,,,,,,,,,,,,,,,,,,,,,,,,,,,,,,,,,,,
Cat1,WEAPON\twohand\nyangokuspear1\nyangokuspear1_0928_cr.txt,,6,222,1000,0,40,64,5980,,578,,,,,,,,31,70,,,,,,,,,60,0,,,400,6,217,9,1,,131,55,,25,2,,,,,,,LWEA1223
Cat2,WEAPON\twohand\nyangokuspear2\nyangokuspear2_0928_cr.txt,,6,222,1000,0,40,64,5981,,578,,,,,,,,31,70,,,,,,,,,60,0,,,400,6,217,9,1,,131,55,,25,2,,,,,,,LWEA1224
Cat3,WEAPON\magic\nyangokuwand\nyangokuwand_0928_cr.txt,,6,242,1000,0,10,65,5982,,578,,,,,,,,31,70,,,,,,,,,60,0,,,2200,14,177,10,1,210,,37,89,,2,,,,,,,LWEA1225
Cat4,WEAPON\katar\ng_katar_0924_wa\ng_katar_0924_wa.txt,,6,251,1000,0,25,62,5983,,577,,,,,,,,31,70,,,,,,,,,60,0,,,250,16,200,5,0,,121,38,,5,1,,,,,,,LWEA1226
Cat5,WEAPON\far\nyangokubow\nyangokubow_0928_cr.txt,,6,231,1000,0,20,72,5984,,578,,,,,,,,31,70,,,,,,,,,60,0,,,2600,10,228,10,0,151,0,0,71,0,1,,,,,,,LWEA1227
Cat6,WEAPON\twohand\ng_tsw_0924_wa\ng_tsw_0924_wa.txt,,6,221,1000,0,40,71,5985,,576,,,,,,,,31,70,,,,,,,,,60,0,,,300,5,229,11,,,131,39,,5,1,,,,,,,LWEA1228
Cat7,WEAPON\onehand\nyangokuonehandsword\nyangokuonehandsword_0928_cr.txt,,6,211,1000,0,45,65,5986,,577,,,,,,,,31,70,,,,,,,,,60,0,,,200,1,189,8,0,,111,37,,5,2,,,,,,,LWEA1229
Cat8,WEAPON\magic\nyangokucane\nyangokucane_0928_cr.txt,,6,241,1000,0,30,70,5987,,578,,,,,,,,31,70,,,,,,,,,60,0,,,300,6,203,10,1,,131,72,,25,2,,,,,,,LWEA1230
Cat9,WEAPON\twohand\nyangokutwohandaxe\nyangokutwohandaxe_0928_cr.txt,,6,223,1000,0,40,74,5988,,576,,,,,,,,31,70,,,,,,,,,60,0,,,200,8,204,12,0,,141,63,,20,2,,,,,,,LWEA1231
,,,,,,,,,,,,,,,,,,,,,,,,,,,,,,,,,,,,,,,,,,,,,,,,,,
Cat11,WEAPON\onehand\nyangokuhandaxe\nyangokuhandaxe_0928_cr.txt,,6,223,1000,0,40,74,5989,,576,,,,,,,,31,70,,,,,,,,,60,0,,,200,8,201,10,0,,141,63,,20,2,,,,,,,LWEA1233
Cat12,WEAPON\dsw\ng_dsw_0924_wa\ng_dsw_0924_wa.txt,,6,252,1000,0,30,65,5990,,577,,,,,,,,31,70,,,,,,,,,60,0,,,200,7,233,11,0,,111,37,,5,2,,,,,,,LWEA1234
Cat13,WEAPON\far\nyangokubowgun\nyangokubowgun_0928_cr.txt,,6,271,815,0,25,70,5991,361,578,,,,,,,,31,70,,,,,,,,,60,0,,,2400,11,206,10,0,151,,,71,,1,,,,,,,LWEA1235
Pussy Bomber 2000,WEAPON\far\nyangokucanon\nyangokucanon_0928_cr.txt,,6,233,100,0,30,76,5993,,578,,,,,,,,31,70,,,,,,,,,60,0,,,2800,9,255,12,0,174,,84,78,0,1,,,,,,,LWEA1236
Cat15,WEAPON\onehand\nyangokumace\nyangokumace_0928_cr.txt,,6,212,1000,0,50,62,5994,,576,,,,,,,,31,70,,,,,,,,,60,0,,,200,3,213,11,0,,121,47,,15,0,,,,,,,LWEA1237
Cat16,WEAPON\far\nyangokugun\nyangokugun_0928_cr.txt,,6,232,1000,0,30,74,5995,,578,,,,,,,,31,70,,,,,,,,,60,0,,,2800,12,230,11,0,175,,82,78,0,0,,,,,,,LWEA1238
Blaze Dancer,weapon\onehand\onehand_career027\onehand_career027.txt,,,211,912300,0,30,90,6637,1074,577,11,10,475,35,,,,31,225,10,367,,20,10,,21,-20,75,1,,,250,1,430,10,0,,111,38,,5,2,,,11,,,,LWEA027
Glacier Cutter,WEAPON\twohand\twohand_career031\twohand_career031.txt,,,212,923000,0,90,90,6638,1037,576,12,10,476,35,,,,31,225,10,383,,26,10,,19,-20,75,1,,,250,3,454,11,,,121,48,,15,2,,,11,,,,LWEA058
Nepheramun Crossbow,WEAPON\far\bog_career002\bog_career002.txt,,,271,984620,,40,90,6639,1075,578,13,10,477,35,,,,31,225,10,291,,20,10,,22,-12,75,1,,,2700,11,419,10,0,151,,,71,,1,,,11,,,,LWEA080
Warmaster Sword,WEAPON\twohand\twohand_career070\twohand_career070.txt,,,221,921000,0,90,96,6640,1038,577,11,10,478,35,,,,31,225,10,366,,20,10,,21,-20,75,1,,,250,5,468,11,0,,131,39,,5,2,,,11,,,,LWEA128
Lava Axe of Athoum,WEAPON\twohand\u_tsw7\utsw7.txt,,,223,1223150,0,80,99,6641,1087,576,12,10,479,35,,,,31,225,10,373,,26,12,,38,-100,75,1,,,250,8,485,12,,,141,63,,20,,,,11,,,,LWEA154
Deadly Avarice,WEAPON\onehand\onehand_fashion012\onehand_fashion012.txt,,,222,1322650,0,90,91,6643,1088,577,12,10,480,35,,,,31,225,10,348,,26,10,,19,-20,75,1,,,500,6,451,9,,,131,55,,25,2,,,11,,,,LWEA187
Carnival Bow,WEAPON\far\far_fashion003\far_fashion003.txt,,,231,1023000,0,30,99,6644,1089,578,13,10,481,35,,,,31,225,11,349,,20,10,,21,-15,75,1,,,3200,10,462,10,,151,,,71,0,1,,,11,,,,LWEA229
Mana Shooter,WEAPON\far\far_career077\far_career077.txt,,,232,1450000,,60,101,6645,1059,578,14,10,482,35,,,,31,225,13,354,,24,10,,21,-20,75,1,,,3300,12,473,9,0,171,,84,78,0,,,,11,,,,LWEA259
Plasmatic Fusion Launcher,WEAPON\far\\cannon_career106\cannon_career106.txt,,,233,1698700,,30,103,6646,1090,576,14,10,483,35,,,,31,225,10,213,,24,10,,19,-20,75,1,,,3600,9,504,12,0,191,,84,78,0,,,,11,,,,LWEA288
Oblivion Staff,WEAPON\magic\magic_career037\magic_career037.txt,,,241,1456000,,40,101,6647,1067,578,15,10,484,35,,,,31,225,12,339,,38,150,,21,-20,75,1,,,350,6,427,10,1,,131,72,,25,,,,11,,,,LWEA326
Void Conjurer,WEAPON\magic\magic_career079\magic_career079.txt,,,242,1420000,0,30,86,6648,1091,578,15,10,485,35,,,,31,225,12,357,,23,100,,19,-20,75,1,,,2600,14,390,12,1,318,,37,89,,2,,,11,,,,LWEA361
Ritual Wrist Blade,WEAPON\katar\katar_career051\katar_career055.txt,,,251,1010000,0,30,89,6649,1064,577,12,10,486,35,,,,31,225,11,347,,26,10,,22,-10,75,1,,,250,16,400,5,0,,121,38,,5,4,,,11,,,,LWEA426
Resiliance Dual Wield,WEAPON\dsw\dsw22\dsw22.txt,,,252,1048350,0,40,91,6650,1092,577,11,10,487,35,,,,31,225,11,277,,20,10,,22,-10,75,1,,,250,7,487,10,0,,131,63,,5,4,,,11,,,,LWEA452
Blaze Dancer,weapon\onehand\onehand_career027\onehand_career027.txt,,,211,912300,0,30,90,3674,1074,577,,,,,,,,31,205,10,342,,,,,,,74,2,,,250,1,425,10,0,,111,38,,5,2,,,14,,,,LWEA027
Glacier Cutter,WEAPON\twohand\twohand_career031\twohand_career031.txt,,,212,923000,0,90,90,3675,1037,576,,,,,,,,31,205,10,358,,,,,,,82,2,,,250,3,449,11,,,121,48,,15,2,,,14,,,,LWEA058
Nepheramun Crossbow,WEAPON\far\bog_career002\bog_career002.txt,,,271,984620,,40,90,3660,1075,578,,,,,,,,31,205,10,281,,,,,,,75,2,,,2700,11,414,10,0,151,,,71,,1,,,14,,,,LWEA080
Warmaster Sword,WEAPON\twohand\twohand_career070\twohand_career070.txt,,,221,921000,0,30,96,3676,1038,577,,,,,,,,31,205,10,361,,,,,,,75,2,,,250,5,461,11,0,,131,39,,5,2,,,14,,,,LWEA128
Lava Axe of Athoum,WEAPON\twohand\u_tsw7\utsw7.txt,,,223,1223150,0,80,99,3677,1087,576,,,,,,,,31,205,10,348,,,,,,,75,2,,,250,8,477,12,,,141,63,,20,,,,14,,,,LWEA154
Deadly Avarice,WEAPON\onehand\onehand_fashion012\onehand_fashion012.txt,,,222,1322650,0,100,91,3687,1088,577,,,,,,,,31,205,10,323,,,,,,,73,2,,,500,6,458,9,,,131,55,,25,2,,,14,,,,LWEA187
Carnival Bow,WEAPON\far\far_fashion003\far_fashion003.txt,,,231,1023000,0,30,99,3688,1089,578,,,,,,,,31,205,11,324,,,,,,,75,2,,,3000,10,455,10,,151,,,71,0,1,,,14,,,,LWEA229
Mana Shooter,WEAPON\far\far_career077\far_career077.txt,,,232,1450000,,50,101,3689,1059,578,,,,,,,,31,205,13,329,,,,,,,73,2,,,3300,12,466,9,0,171,,84,78,0,,,,14,,,,LWEA259
Plasmatic Fusion Launcher,WEAPON\far\\cannon_career106\cannon_career106.txt,,,233,1698700,,30,103,3690,1090,576,,,,,,,,31,205,10,188,,,,,,,75,2,,,3600,9,499,12,0,191,,84,78,0,,,,14,,,,LWEA288
Oblivion Staff,WEAPON\magic\magic_career037\magic_career037.txt,,,241,1456000,,30,101,3700,1067,578,,,,,,,,31,205,12,314,,29,32,,,,75,2,,,350,6,420,10,1,,131,72,,25,,,,14,,,,LWEA326
Void Conjurer,WEAPON\magic\magic_career079\magic_career079.txt,,,242,1420000,0,30,86,3701,1091,578,,,,,,,,31,205,12,332,,29,26,,,,73,2,,,2600,14,382,12,1,161,,37,89,,2,,,14,,,,LWEA361
Ritual Wrist Blade,WEAPON\katar\katar_career051\katar_career055.txt,,,251,1010000,0,30,89,3702,1064,577,,,,,,,,31,205,11,322,,,,,,,73,2,,,250,16,393,6,0,,121,38,,5,4,,,14,,,,LWEA426
Resiliance Dual Wield,WEAPON\dsw\dsw22\dsw22.txt,,,252,1048350,0,30,91,3703,1092,577,,,,,,,,31,205,11,252,,,,,,,75,2,,,250,7,481,10,0,,131,63,,5,4,,,14,,,,LWEA452
,,,,,,,,,,,,,,,,,,,,,,,,,,,,,,,,,,,,,,,,,,,,,,,,,,
Iron Glaive,,,,580,21000,0,60,46,6162,588,577,11,5,757,25,,,,31,70,11,110,,,,,,,44,2,,,250,20,45,11,0,,131,63,,5,2,,,,,,,LWEA1266
Iron Glaive,,,,580,21000,1,60,46,6188,588,577,11,5,757,25,,,,31,70,11,110,,,,,,,44,2,,,250,20,45,11,0,,131,63,,5,0,,,,,,,LWEA1266
Glaive of Purity,,,,580,36000,0,60,48,6163,587,577,11,5,758,25,,,,31,79,11,119,,,,,,,46,2,,,250,20,57,11,0,,131,63,,5,2,,,,,,,LWEA1268
Glaive of Purity,,,,580,36000,1,60,48,6189,587,577,11,5,758,25,,,,31,79,11,119,,,,,,,46,2,,,250,20,57,11,0,,131,63,,5,0,,,,,,,LWEA1268
Advanced Battle Glaive,,,,580,50000,0,60,50,6164,590,577,11,6,759,25,,,,31,88,11,128,,,,,,,48,2,,,250,20,63,10,0,,131,63,,5,2,,,,,,,LWEA1270
Advanced Battle Glaive,,,,580,50000,1,60,50,6190,590,577,11,6,759,25,,,,31,88,11,128,,,,,,,48,2,,,250,20,63,10,0,,131,63,,5,0,,,,,,,LWEA1270
Callandor,,,,580,67000,0,60,52,6165,591,577,11,7,760,25,,,,31,96,11,137,,,,,,,50,2,,,250,20,70,10,0,,131,63,,5,2,,,,,,,LWEA1272
Callandor,,,,580,67000,1,60,52,6191,591,577,11,7,760,25,,,,31,96,11,137,,,,,,,50,2,,,250,20,70,10,0,,131,63,,5,0,,,,,,,LWEA1272
Persian Glaive,,,,580,81000,0,60,54,6166,592,577,11,7,761,26,,,,31,103,11,146,,,,,,,52,2,,,250,20,78,10,0,,131,63,,5,2,,,,,,,LWEA1274
Persian Glaive,,,,580,81000,1,60,54,6192,592,577,11,7,761,26,,,,31,103,11,146,,,,,,,52,2,,,250,20,78,10,0,,131,63,,5,0,,,,,,,LWEA1274
Vasilis,,,,580,93000,0,60,56,6167,589,577,11,8,762,27,,,,31,110,11,155,,,,,,,54,2,,,250,20,86,10,0,,131,63,,5,2,,,,,,,LWEA1276
Vasilis,,,,580,93000,1,60,56,6193,589,577,11,8,762,27,,,,31,110,11,155,,,,,,,54,2,,,250,20,86,10,0,,131,63,,5,0,,,,,,,LWEA1276
Glaive of Shannara,,,,580,101000,0,60,58,6168,586,577,11,9,763,28,,,,31,117,11,164,,,,,,,56,2,,,250,20,95,10,0,,131,63,,5,2,,,,,,,LWEA1278
Glaive of Shannara,,,,580,101000,1,60,58,6194,586,577,11,9,763,28,,,,31,117,11,164,,,,,,,56,2,,,250,20,95,10,0,,131,63,,5,0,,,,,,,LWEA1278
Righteous Crusader Glaive,,,,580,121000,0,60,60,6169,594,577,11,9,764,29,,,,31,124,11,173,,,,,,,58,2,,,250,20,103,10,0,,131,63,,5,2,,,,,,,LWEA1280
Righteous Crusader Glaive,,,,580,121000,1,60,60,6195,594,577,11,9,764,29,,,,31,124,11,173,,,,,,,58,2,,,250,20,103,10,0,,131,63,,5,0,,,,,,,LWEA1280
Barbarian Glaive,,,,580,143000,0,60,63,6170,595,577,11,10,765,30,,,,31,130,11,182,,,,,,,60,2,,,250,20,109,10,0,,131,63,,5,2,,,,,,,LWEA1282
Barbarian Glaive,,,,580,143000,1,60,63,6196,595,577,11,10,765,30,,,,31,130,11,182,,,,,,,60,2,,,250,20,109,10,0,,131,63,,5,0,,,,,,,LWEA1282
Kusanagi,,,,580,167000,0,60,66,6171,596,577,11,10,766,31,,,,31,136,11,191,,,,,,,62,2,,,250,20,120,10,0,,131,63,,5,2,,,,,,,LWEA1284
Kusanagi,,,,580,167000,1,60,66,6197,596,577,11,10,766,31,,,,31,136,11,191,,,,,,,62,2,,,250,20,120,10,0,,131,63,,5,0,,,,,,,LWEA1284
Bronze War Glaive,,,,580,185000,0,60,69,6172,599,577,,,,,,,,31,146,11,200,,,,,,,64,2,,,250,20,131,10,0,,131,63,,5,2,,,,,,,LWEA1286
Bronze War Glaive,,,,580,185000,1,60,69,6198,599,577,,,,,,,,31,146,11,200,,,,,,,64,2,,,250,20,131,10,0,,131,63,,5,0,,,,,,,LWEA1286
Frost Glaive,,,,580,201000,0,60,73,6173,598,577,,,,,,,,31,156,11,209,,,,,,,66,2,,,250,20,141,10,0,,131,63,,5,2,,,,,,,LWEA1288
Frost Glaive,,,,580,201000,1,60,73,6199,598,577,,,,,,,,31,156,11,209,,,,,,,66,2,,,250,20,141,10,0,,131,63,,5,0,,,,,,,LWEA1288
War Glaive of the Sikuku,,,,580,221000,0,60,78,6175,600,577,,,,,,,,31,170,11,218,,,,,,,68,2,,,250,20,152,10,0,,131,63,,5,2,,,,,,,LWEA1290
War Glaive of the Sikuku,,,,580,221000,1,60,78,6201,600,577,,,,,,,,31,170,11,218,,,,,,,68,2,,,250,20,152,10,0,,131,63,,5,0,,,,,,,LWEA1290
Ashbringer,,,,580,245000,0,60,83,6176,597,577,,,,,,,,31,180,11,227,,,,,,,70,2,,,250,20,163,10,0,,131,63,,5,2,,,,,,,LWEA1292
Ashbringer,,,,580,245000,1,60,83,6202,597,577,,,,,,,,31,180,11,227,,,,,,,70,2,,,250,20,163,10,0,,131,63,,5,0,,,,,,,LWEA1292
Warglaive of Azzinoth,,,,580,275000,0,60,86,6177,585,577,,,,,,,,31,200,11,236,,,,,,,72,2,,,250,20,173,10,0,,131,63,,5,2,,,,,,,LWEA1294
Warglaive of Azzinoth,,,,580,275000,1,60,86,6203,585,577,,,,,,,,31,200,11,236,,,,,,,72,2,,,250,20,173,10,0,,131,63,,5,0,,,,,,,LWEA1294
Gazing Glaive,WEAPON\glaives\glaives19\glaives19.txt,,,580,301000,0,60,90,6178,627,577,,,,,,,,31,212,11,245,,,,,,,75,2,,,250,20,183,10,0,,131,63,,5,2,,,,,,,LWEA1296
Gazing Glaive,WEAPON\glaives\glaives19\glaives19.txt,,,580,301000,1,60,90,6204,627,577,,,,,,,,31,212,11,245,,,,,,,75,2,,,250,20,183,10,0,,131,63,,5,0,,,,,,,LWEA1296
Breakdown Glaive,WEAPON\glaives\glaives20\glaives20.txt,,,580,324000,0,60,93,6186,654,577,,,,,,,,31,222,11,279,,,,,,,75,2,,,250,20,194,10,0,,131,63,,5,2,,,,,,,LWEA1298
Breakdown Glaive,WEAPON\glaives\glaives20\glaives20.txt,,,580,324000,1,60,93,6212,654,577,,,,,,,,31,222,11,279,,,,,,,75,2,,,250,20,194,10,0,,131,63,,5,0,,,,,,,LWEA1298
Gazing Glaive,WEAPON\glaives\glaives19\glaives19_legend.txt,,,580,301000,0,60,90,6178,627,577,,,,,,,,31,218,11,245,,,,,,,75,2,,,250,20,191,10,0,,131,63,,5,2,,,6,,,,LWEA1296
Gazing Glaive,WEAPON\glaives\glaives19\glaives19_legend.txt,,,580,301000,1,60,90,6204,627,577,,,,,,,,31,218,11,245,,,,,,,75,2,,,250,20,191,10,0,,131,63,,5,0,,,6,,,,LWEA1296
Ancient Glaive,WEAPON\glaives\glaives_sun_unique\glaives_sun_unique_broken.txt,,6,580,320000,0,100,82,6184,630,577,,,,,,,,,,11,196,,11,1,,24,1,10,1,,,250,20,10,10,0,,131,63,,5,2,,,13,,,,LWEA1302
Ancient Glaive,WEAPON\glaives\glaives_sun_unique\glaives_sun_unique_broken.txt,,6,580,320000,1,100,82,6210,630,577,,,,,,,,,,11,196,,11,1,,26,1,10,1,,,250,20,10,10,0,,131,63,,5,0,,,13,,,,LWEA1303
Battle Glaive of Reoh,WEAPON\glaives\Glaives21\Glaives21.txt,,,580,360000,0,60,90,6185,628,577,,,,,,,,31,218,11,,,,,,,,10,2,,,250,20,10,10,0,,131,63,,5,2,,,,,,,LWEA1304
Battle Glaive of Reoh,WEAPON\glaives\Glaives21\Glaives21.txt,,,580,360000,1,60,90,6211,628,577,,,,,,,,31,218,11,,,,,,,,10,2,,,250,20,10,10,0,,131,63,,5,0,,,,,,,LWEA1305
Requiem of Souls Glaive,WEAPON\glaives\glittler_glaive.txt,,,580,484151,0,110,92,8712,1177,577,,,,,,,,140,10,11,301,,,,,,,76,2,,,250,20,212,10,0,,131,63,,5,2,32,,,,,,LWEA1306
Requiem of Souls Glaive,WEAPON\glaives\glittler_glaive.txt,,,580,484151,1,110,92,8713,1177,577,,,,,,,,140,10,11,301,,,,,,,76,2,,,250,20,212,10,0,,131,63,,5,0,,,,,,,LWEA1307
Priest Glaive,WEAPON\glaives\glaives9\glaives9.txt,,,580,35600,0,70,48,6179,593,577,,,,,,,,,,11,93,,20,20,,,,65,1,,,250,20,53,10,0,,131,63,,5,2,,,21,,,,LWEA1308
Priest Glaive,WEAPON\glaives\glaives9\glaives9.txt,,,580,35600,1,70,48,6205,593,577,,,,,,,,,,11,93,,20,20,,,,65,1,,,250,20,53,10,0,,131,63,,5,0,,,21,,,,LWEA1309
Dragon Slayer,WEAPON\glaives\glaives17\glaives17.txt,,,580,79000,0,70,62,6180,625,577,,,,,,,,,,11,130,,26,25,,,,70,1,,,250,20,72,10,0,,131,63,,5,2,,,21,,,,LWEA1310
Dragon Slayer,WEAPON\glaives\glaives17\glaives17.txt,,,580,79000,1,70,62,6206,625,577,,,,,,,,,,11,130,,26,25,,,,70,1,,,250,20,72,10,0,,131,63,,5,0,,,21,,,,LWEA1311
Corruption Lava Glaive,WEAPON\glaives\glaives18\glaives18.txt,,,580,156000,0,70,74,6181,626,577,,,,,,,,,,11,163,,24,20,,,,74,1,,,250,20,105,10,0,,131,63,,5,2,,,21,,,,LWEA1312
Corruption Lava Glaive,WEAPON\glaives\glaives18\glaives18.txt,,,580,156000,1,70,74,6207,626,577,,,,,,,,,,11,163,,24,20,,,,74,1,,,250,20,105,10,0,,131,63,,5,0,,,21,,,,LWEA1313
Double Fate,WEAPON\glaives\glaives_sun_unique\glaives_sun_unique.txt,,,580,320000,0,70,82,6183,629,577,,,,,,,,,,11,196,,11,8,,24,20,75,1,,,250,20,128,10,0,,131,63,,5,2,,,21,,,,LWEA1314
Double Fate,WEAPON\glaives\glaives_sun_unique\glaives_sun_unique.txt,,,580,320000,1,70,82,6209,629,577,,,,,,,,,,11,196,,11,8,,26,25,75,1,,,250,20,128,10,0,,131,63,,5,0,,,21,,,,LWEA1315
,,,,,,,,,,,,,,,,,,,,,,,,,,,,,,,,,,,,,,,,,,,,,,,,,,LWEA1316
Dualgun1 Right,,,,580,1000,0,10,50,1214,536,578,,,,,,,,31,70,13,103,,,,,,,46,2,,,2300,21,82,11,0,174,,84,78,0,1,,,,,,,LWEA1317
Dualgun1 Left,,,,580,1000,1,10,50,1214,536,578,,,,,,,,31,70,13,115,,,,,,,48,2,,,2300,21,94,11,0,174,,84,78,0,1,,,,,,,LWEA1318
Dualgun2 Right,,,,580,1000,0,10,50,1215,537,578,,,,,,,,31,79,13,127,,,,,,,49,2,,,2300,21,108,11,0,174,,84,78,0,1,,,,,,,LWEA1319
Dualgun2 Left,,,,580,1000,1,10,50,1215,537,578,,,,,,,,31,79,13,139,,,,,,,50,2,,,2500,21,122,11,0,174,,84,78,0,1,,,,,,,LWEA1320
Dualgun3 Right,,,,580,1000,0,10,50,1216,538,578,,,,,,,,31,88,13,274,,,,,,,65,2,,,3000,21,348,10,0,171,,84,78,0,1,,,,,,,LWEA1321
Dualgun3 Left,,,,580,1000,1,10,50,1216,538,578,,,,,,,,31,88,,,,,,,,,75,2,,,3000,21,10,10,0,174,,84,78,0,1,,,,,,,LWEA1322
Dualgun4 Right,,,,580,1000,0,10,50,1217,539,578,,,,,,,,31,96,,,,,,,,,75,2,,,3000,21,10,10,0,174,,84,78,0,1,,,,,,,LWEA1323
Dualgun4 Left,,,,580,1000,1,10,50,1217,539,578,,,,,,,,31,96,,,,,,,,,75,2,,,3000,21,10,10,0,174,,84,78,0,1,,,,,,,LWEA1324
Dualgun5 Right,,,,580,1000,0,10,50,1232,553,578,,,,,,,,31,103,,,,,,,,,75,2,,,3000,21,10,10,0,174,,84,78,0,1,,,,,,,LWEA1325
Dualgun5 Left,,,,580,1000,1,10,50,1232,553,578,,,,,,,,31,103,,,,,,,,,75,2,,,3000,21,10,10,0,174,,84,78,0,0,,,,,,,LWEA1326
Dualgun6 Right,,,,580,1000,0,10,50,6238,1092,578,,,,,,,,31,110,,,,,,,,,75,2,,,3000,21,10,10,0,174,,84,78,0,0,,,,,,,LWEA1327
Dualgun6 Left,,,,580,1000,1,10,50,6238,1092,578,,,,,,,,31,110,,,,,,,,,75,2,,,3000,21,10,10,0,174,,84,78,0,0,,,,,,,LWEA1328
Dualgun7 Right,,,,580,1000,0,10,50,6238,1092,578,,,,,,,,31,117,,,,,,,,,75,2,,,3000,21,10,10,0,174,,84,78,0,0,,,,,,,LWEA1329
Dualgun7 Left,,,,580,1000,1,10,50,6238,1092,578,,,,,,,,31,117,,,,,,,,,75,2,,,3000,21,10,10,0,174,,84,78,0,0,,,,,,,LWEA1330
Dualgun8 Right,,,,580,1000,0,10,50,6238,1092,578,,,,,,,,31,124,,,,,,,,,75,2,,,3000,21,10,10,0,174,,84,78,0,0,,,,,,,LWEA1331
Dualgun8 Left,,,,580,1000,1,10,50,6238,1092,578,,,,,,,,31,124,,,,,,,,,75,2,,,3000,21,10,10,0,174,,84,78,0,0,,,,,,,LWEA1332
Dualgun9 Right,,,,580,1000,0,10,50,6238,1092,578,,,,,,,,31,130,,,,,,,,,75,2,,,3000,21,10,10,0,174,,84,78,0,0,,,,,,,LWEA1333
Dualgun9 Left,,,,580,1000,1,10,50,6238,1092,578,,,,,,,,31,130,,,,,,,,,75,2,,,3000,21,10,10,0,174,,84,78,0,0,,,,,,,LWEA1334
Dualgun10 Right,,,,580,1000,0,10,50,6238,1092,578,,,,,,,,31,136,,,,,,,,,75,2,,,3000,21,10,10,0,174,,84,78,0,0,,,,,,,LWEA1335
Dualgun10 Left,,,,580,1000,1,10,50,6238,1092,578,,,,,,,,31,136,,,,,,,,,75,2,,,3000,21,10,10,0,174,,84,78,0,0,,,,,,,LWEA1336
Dualgun11 Right,,,,580,1000,0,10,50,6238,1092,578,,,,,,,,31,146,,,,,,,,,75,2,,,3000,21,10,10,0,174,,84,78,0,0,,,,,,,LWEA1337
Dualgun11 Left,,,,580,1000,1,10,50,6238,1092,578,,,,,,,,31,146,,,,,,,,,75,2,,,3000,21,10,10,0,174,,84,78,0,0,,,,,,,LWEA1338
Dualgun12 Right,,,,580,1000,0,10,50,6238,1092,578,,,,,,,,31,156,,,,,,,,,75,2,,,3000,21,10,10,0,174,,84,78,0,0,,,,,,,LWEA1339
Dualgun12 Left,,,,580,1000,1,10,50,6238,1092,578,,,,,,,,31,156,,,,,,,,,75,2,,,3000,21,10,10,0,174,,84,78,0,0,,,,,,,LWEA1340
Dualgun13 Right,,,,580,1000,0,10,50,6238,1092,578,,,,,,,,31,170,,,,,,,,,75,2,,,3000,21,10,10,0,174,,84,78,0,0,,,,,,,LWEA1341
Dualgun13 Left,,,,580,1000,1,10,50,6238,1092,578,,,,,,,,31,170,,,,,,,,,75,2,,,3000,21,10,10,0,174,,84,78,0,0,,,,,,,LWEA1342
Dualgun14 Right,,,,580,1000,0,10,50,6238,1092,578,,,,,,,,31,180,,,,,,,,,75,2,,,3000,21,10,10,0,174,,84,78,0,0,,,,,,,LWEA1343
Dualgun14 Left,,,,580,1000,1,10,50,6238,1092,578,,,,,,,,31,180,,,,,,,,,75,2,,,3000,21,10,10,0,174,,84,78,0,0,,,,,,,LWEA1344
Dualgun15 Right,,,,580,1000,0,10,50,6238,1092,578,,,,,,,,31,200,,,,,,,,,75,2,,,3000,21,10,10,0,174,,84,78,0,0,,,,,,,LWEA1345
Dualgun15 Left,,,,580,1000,1,10,50,6238,1092,578,,,,,,,,31,200,,,,,,,,,75,2,,,3000,21,10,10,0,174,,84,78,0,0,,,,,,,LWEA1346
Dualgun16 Right,,,,580,1000,0,10,50,6238,1092,578,,,,,,,,31,212,,,,,,,,,75,2,,,3000,21,10,10,0,174,,84,78,0,0,,,,,,,LWEA1347
Dualgun16 Left,,,,580,1000,1,10,50,6238,1092,578,,,,,,,,31,212,,,,,,,,,75,2,,,3000,21,10,10,0,174,,84,78,0,0,,,,,,,LWEA1348
Dualgun17 Right,,,,580,1000,0,10,50,6238,1092,578,,,,,,,,31,220,,,,,,,,,75,2,,,3000,21,10,10,0,174,,84,78,0,0,,,,,,,LWEA1349
Dualgun17 Left,,,,580,1000,1,10,50,6238,1092,578,,,,,,,,31,220,,,,,,,,,75,2,,,3000,21,10,10,0,174,,84,78,0,0,,,,,,,LWEA1350
Dualgun18 Right,,,,580,1000,0,10,50,6238,1092,578,,,,,,,,31,228,,,,,,,,,75,2,,,3000,21,10,10,0,174,,84,78,0,0,,,,,,,LWEA1351
Dualgun18 Left,,,,580,1000,1,10,50,6238,1092,578,,,,,,,,31,228,,,,,,,,,75,2,,,3000,21,10,10,0,174,,84,78,0,0,,,,,,,LWEA1352
Dualgun19 Right,,,,580,1000,0,10,50,6238,1092,578,,,,,,,,31,236,,,,,,,,,75,2,,,3000,21,10,10,0,174,,84,78,0,0,,,,,,,LWEA1353
Dualgun19 Left,,,,580,1000,1,10,50,6238,1092,578,,,,,,,,31,236,,,,,,,,,75,2,,,3000,21,10,10,0,174,,84,78,0,0,,,,,,,LWEA1354
Dualgun20 Right,,,,580,1000,0,10,50,6238,1092,578,,,,,,,,31,244,,,,,,,,,75,2,,,3000,21,10,10,0,174,,84,78,0,0,,,,,,,LWEA1355
Dualgun20 Left,,,,580,1000,1,10,50,6238,1092,578,,,,,,,,31,244,,,,,,,,,75,2,,,3000,21,10,10,0,174,,84,78,0,0,,,,,,,LWEA1356
Dualgun21 Right,,,,580,1000,0,10,50,6238,1092,578,,,,,,,,31,252,,,,,,,,,75,2,,,3000,21,10,10,0,174,,84,78,0,0,,,,,,,LWEA1357
Dualgun21 Left,,,,580,1000,1,10,50,6238,1092,578,,,,,,,,31,252,,,,,,,,,75,2,,,3000,21,10,10,0,174,,84,78,0,0,,,,,,,LWEA1358
Unique Dualgun1 Right,,,,580,1000,0,10,50,6238,1092,578,,,,,,,,,,,,,,,,,,75,2,,,3000,21,10,10,0,174,,84,78,0,0,,,21,,,,LWEA1359
Unique Dualgun1 Left,,,,580,1000,1,10,50,6238,1092,578,,,,,,,,,,,,,,,,,,75,2,,,3000,21,10,10,0,174,,84,78,0,0,,,21,,,,LWEA1360
Unique Dualgun2 Right,,,,580,1000,0,10,50,6238,1092,578,,,,,,,,,,,,,,,,,,75,2,,,3000,21,10,10,0,174,,84,78,0,0,,,21,,,,LWEA1361
Unique Dualgun2 Left,,,,580,1000,1,10,50,6238,1092,578,,,,,,,,,,,,,,,,,,75,2,,,3000,21,10,10,0,174,,84,78,0,0,,,21,,,,LWEA1362
Unique Dualgun3 Right,,,,580,1000,0,10,50,6238,1092,578,,,,,,,,,,,,,,,,,,75,2,,,3000,21,10,10,0,174,,84,78,0,0,,,21,,,,LWEA1363
Unique Dualgun3 Left,,,,580,1000,1,10,50,6238,1092,578,,,,,,,,,,,,,,,,,,75,2,,,3000,21,10,10,0,174,,84,78,0,0,,,21,,,,LWEA1364
Unique Dualgun4 Right,,,,580,1000,0,10,50,6238,1092,578,,,,,,,,,,,,,,,,,,75,2,,,3000,21,10,10,0,174,,84,78,0,0,,,21,,,,LWEA1365
Unique Dualgun4 Left,,,,580,1000,1,10,50,6238,1092,578,,,,,,,,,,,,,,,,,,75,2,,,3000,21,10,10,0,174,,84,78,0,0,,,21,,,,LWEA1366
Advanced Battle Glaive,blue version,,,580,60000,0,60,50,6164,590,577,,,,,,,,31,93,11,128,,,,,,,48,2,,,250,20,74,11,0,,131,63,,5,2,,,1,,,,LWEA1270
Advanced Battle Glaive,blue version,,,580,60000,1,60,50,6190,590,577,,,,,,,,31,93,11,128,,,,,,,48,2,,,250,20,74,11,0,,131,63,,5,0,,,1,,,,LWEA1270
Callandor,blue version,,,580,77000,0,60,52,6165,591,577,,,,,,,,31,101,11,137,,,,,,,50,2,,,250,20,85,11,0,,131,63,,5,2,,,2,,,,LWEA1272
Callandor,blue version,,,580,77000,1,60,52,6191,591,577,,,,,,,,31,101,11,137,,,,,,,50,2,,,250,20,85,11,0,,131,63,,5,0,,,2,,,,LWEA1272
Persian Glaive,blue version,,,580,91000,0,60,54,6166,592,577,,,,,,,,31,108,11,146,,,,,,,52,2,,,250,20,90,11,0,,131,63,,5,2,,,3,,,,LWEA1274
Persian Glaive,blue version,,,580,91000,1,60,54,6192,592,577,,,,,,,,31,108,11,146,,,,,,,52,2,,,250,20,90,11,0,,131,63,,5,0,,,3,,,,LWEA1274
Vasilis,blue version,,,580,103000,0,60,56,6167,589,577,,,,,,,,31,116,11,155,,,,,,,54,2,,,250,20,98,11,0,,131,63,,5,2,,,4,,,,LWEA1276
Vasilis,blue version,,,580,103000,1,60,56,6193,589,577,,,,,,,,31,116,11,155,,,,,,,54,2,,,250,20,98,11,0,,131,63,,5,0,,,4,,,,LWEA1276
Glaive of Shannara,blue version,,,580,121000,0,60,58,6168,586,577,,,,,,,,31,122,11,164,,,,,,,56,2,,,250,20,107,11,0,,131,63,,5,2,,,5,,,,LWEA1278
Glaive of Shannara,blue version,,,580,121000,1,60,58,6194,586,577,,,,,,,,31,122,11,164,,,,,,,56,2,,,250,20,107,11,0,,131,63,,5,0,,,5,,,,LWEA1278
Righteous Crusader Glaive,blue version,,,580,141000,0,60,60,6169,594,577,,,,,,,,31,130,11,173,,,,,,,58,2,,,250,20,116,10,0,,131,63,,5,2,,,6,,,,LWEA1280
Righteous Crusader Glaive,blue version,,,580,141000,1,60,60,6195,594,577,,,,,,,,31,130,11,173,,,,,,,58,2,,,250,20,116,10,0,,131,63,,5,0,,,6,,,,LWEA1280
Barbarian Glaive,blue version,,,580,163000,0,60,63,6170,595,577,,,,,,,,31,138,11,182,,,,,,,60,2,,,250,20,120,11,0,,131,63,,5,2,,,7,,,,LWEA1282
Barbarian Glaive,blue version,,,580,163000,1,60,63,6196,595,577,,,,,,,,31,138,11,182,,,,,,,60,2,,,250,20,120,11,0,,131,63,,5,0,,,7,,,,LWEA1282
Kusanagi,blue version,,,580,187000,0,60,66,6171,596,577,,,,,,,,31,142,11,191,,,,,,,62,2,,,250,20,130,11,0,,131,63,,5,2,,,8,,,,LWEA1284
Kusanagi,blue version,,,580,187000,1,60,66,6197,596,577,,,,,,,,31,142,11,191,,,,,,,62,2,,,250,20,130,11,0,,131,63,,5,0,,,8,,,,LWEA1284
Bronze War Glaive,blue version,,,580,205000,0,60,69,6172,599,577,,,,,,,,31,152,11,200,,,,,,,64,2,,,250,20,143,11,0,,131,63,,5,2,,,1,,,,LWEA1286
Bronze War Glaive,blue version,,,580,205000,1,60,69,6198,599,577,,,,,,,,31,152,11,200,,,,,,,64,2,,,250,20,143,11,0,,131,63,,5,0,,,1,,,,LWEA1286
Frost Glaive,blue version,,,580,221000,0,60,73,6173,598,577,,,,,,,,31,167,11,209,,,,,,,66,2,,,250,20,154,10,0,,131,63,,5,2,,,2,,,,LWEA1288
Frost Glaive,blue version,,,580,221000,1,60,73,6199,598,577,,,,,,,,31,167,11,209,,,,,,,66,2,,,250,20,154,10,0,,131,63,,5,0,,,2,,,,LWEA1288
War Glaive of the Sikuku,blue version,,,580,241000,0,60,78,6175,600,577,,,,,,,,31,178,11,218,,,,,,,68,2,,,250,20,163,11,0,,131,63,,5,2,,,3,,,,LWEA1290
War Glaive of the Sikuku,blue version,,,580,241000,1,60,78,6201,600,577,,,,,,,,31,178,11,218,,,,,,,68,2,,,250,20,163,11,0,,131,63,,5,0,,,3,,,,LWEA1290
Ashbringer,blue version,,,580,265000,0,60,83,6176,597,577,,,,,,,,31,196,11,227,,,,,,,70,2,,,250,20,172,11,0,,131,63,,5,2,,,4,,,,LWEA1292
Ashbringer,blue version,,,580,265000,1,60,83,6202,597,577,,,,,,,,31,196,11,227,,,,,,,70,2,,,250,20,172,11,0,,131,63,,5,0,,,4,,,,LWEA1292
Warglaive of Azzinoth,blue version,,,580,295000,0,60,86,6177,585,577,,,,,,,,31,210,11,236,,,,,,,72,2,,,250,20,181,11,0,,131,63,,5,2,,,5,,,,LWEA1294
Warglaive of Azzinoth,blue version,,,580,295000,1,60,86,6203,585,577,,,,,,,,31,210,11,236,,,,,,,72,2,,,250,20,181,11,0,,131,63,,5,0,,,5,,,,LWEA1294
Cursed Gazing Glaive,Cursed version - Right,,,580,301000,0,60,90,6182,627,577,11,10,473,30,,,,31,215,11,245,,20,10,,19,-10,70,2,,,250,20,187,10,0,,131,63,,5,2,,,12,,,,LWEA1296
Cursed Gazing Glaive,Cursed version - Left,,,580,301000,1,60,90,6208,627,577,11,10,474,30,,,,31,215,11,245,,20,10,,19,-10,70,2,,,250,20,187,10,0,,131,63,,5,0,,,12,,,,LWEA1296
Saint Breakdown Glaive,WEAPON\glaives\glaives20\glaives20.txt,,,580,368000,0,60,93,6186,654,577,,,,,,,,31,228,11,279,,,,,,,75,2,,,250,20,199,10,0,,131,63,,5,2,,,5,,,,LWEA1298
Saint Breakdown Glaive,WEAPON\glaives\glaives20\glaives20.txt,,,580,368000,1,60,93,6212,654,577,,,,,,,,31,228,11,279,,,,,,,75,2,,,250,20,199,10,0,,131,63,,5,0,,,5,,,,LWEA1298
Calamity Breakdown Glaive,WEAPON\glaives\glaives20\glaives20.txt,,,580,398600,0,60,93,6220,654,577,11,10,488,35,,,,31,225,11,279,,20,6,,19,-10,75,1,,,250,20,196,10,0,,131,63,,5,2,,,11,,,,LWEA1298
Calamity Breakdown Glaive,WEAPON\glaives\glaives20\glaives20.txt,,,580,398600,1,60,93,6221,654,577,11,10,489,35,,,,31,225,11,279,,26,6,,22,-10,75,1,,,250,20,196,10,0,,131,63,,5,0,,,11,,,,LWEA1298
Arcadian Breakdown Glaive,WEAPON\glaives\glaives20\glaives20.txt,,,580,545100,0,60,93,6186,654,577,,,,,,,,31,222,11,279,,,,,,,75,2,,,250,20,194,10,0,,131,63,,5,2,,,14,,,,LWEA1298
Arcadian Breakdown Glaive,WEAPON\glaives\glaives20\glaives20.txt,,,580,545100,1,60,93,6212,654,577,,,,,,,,31,222,11,279,,,,,,,75,2,,,250,20,194,10,0,,131,63,,5,0,,,14,,,,LWEA1298
,,,,,,,,,,,,,,,,,,,,,,,,,,,,,,,,,,,,,,,,,,,,,,,,,,
Teddybear Costume Paws,WEAPON\katar\katar_event_costume01.txt,,6,251,1000,0,25,50,8174,,577,,,,,,,,31,10,,,,,,,,,75,0,,,250,16,50,8,0,,121,38,,5,1,,,,,,,LWEA1402
Teddybear Big Paws,WEAPON\katar\katar_event_costume01.txt,,6,251,1000,0,25,50,8174,,577,,,,,,,,31,10,,,,,,,,,75,0,,,250,16,50,8,0,,121,38,,5,1,,,,,,,LWEA1403
Pink Kokeshi Fan,WEAPON\kka_F1238.txt,,6,251,10,0,10,50,8478,1034,576,,,,,,,,,,,,,,,,,,50,2,,,320,16,50,7,0,,121,38,,5,1,,,,,,,LWEA1404
Lich King,WEAPON\mobwpn\lich\lich.txt,,,,,,,,,,,,,,,,,,,,,,,,,,,,,,,,,,,,,,,72,,25,2,,,,,,,
Red Kokeshi Fan,WEAPON\kka_F1238.txt,,6,251,10,0,10,50,8481,1034,576,,,,,,,,,,,,,,,,,,50,2,,,320,16,50,7,0,,121,38,,5,1,,,,,,,LWEA1406
Green Kokeshi Fan,WEAPON\kka_F1238.txt,,6,251,10,0,10,50,8482,1034,576,,,,,,,,,,,,,,,,,,50,2,,,320,16,50,7,0,,121,38,,5,1,,,,,,,LWEA1407
Aqua Kokeshi Fan,WEAPON\kka_F1238.txt,,6,251,10,0,10,50,8483,1034,576,,,,,,,,,,,,,,,,,,50,2,,,320,16,50,7,0,,121,38,,5,1,,,,,,,LWEA1408
,,,,,,,,,,,,,,,,,,,,,,,,,,,,,,,,,,,,,,,,,,,,,,,,,,
Flamboyant,weapon\onehand\osw34\osw34.txt,,6,211,0,0,50,62,927,317,577,,,,,,,,31,120,10,167,,,,,,,58,2,,,200,1,120,11,0,,349,38,,5,2,,1,23,,,,LWEA017
Forest Hammer,weapon\onehand\osw37\osw37.txt,,6,212,0,0,70,59,965,346,576,,,,,,,,31,120,10,181,,,,,,,60,2,,,250,3,142,12,0,,350,48,,15,2,,2,23,,,,LWEA046
Steel Crossbow,WEAPON\onehand\bog10\bog10.txt,,6,271,0,0,30,63,997,370,578,,,,,,,,31,120,10,119,,,,,,,55,2,,,2300,11,119,10,0,151,351,,71,,1,,3,23,,,,LWEA070
Great Sword,WEAPON\twohand\tsw32\tsw32.txt,,6,221,0,0,60,68,1055,415,576,,,,,,,,31,120,10,174,,,,,,,59,2,,,250,5,154,12,0,,352,39,,5,2,,4,23,,,,LWEA115
Bloody Axe,WEAPON\twohand\tsw49\tsw49.txt,,6,223,0,0,45,71,1132,444,576,,,,,,,,31,120,10,190,,,,,,,60,2,,,250,8,164,12,0,,353,63,,20,2,,5,23,,,,LWEA144
Dagan Spear,WEAPON\twohand\tsw52\tsw52.txt,,6,222,0,0,60,61,1095,476,577,,,,,,,,31,120,10,164,,,,,,,58,2,,,400,6,145,10,0,,354,55,,25,2,,6,23,,,,LWEA176
Mediator Bow,WEAPON\far\fbo15\fbo15.txt,,6,231,0,0,25,69,1186,516,578,,,,,,,,31,120,11,161,,,,,,,58,2,,,2500,10,149,10,0,151,355,,71,0,1,,7,23,,,,LWEA216
Brave Gun,WEAPON\far\fgu18\fgu18.txt,,6,232,0,0,35,71,1224,545,578,,,,,,,,31,120,13,161,,,,,,,58,2,,,2700,12,150,10,0,174,356,84,78,0,1,,8,23,,,,LWEA245
Mana Cannon,WEAPON\far\cannon14\cannon14.txt,,6,233,0,0,20,73,1261,573,576,,,,,,,,31,120,10,87,,,,,,,51,2,,,3000,9,173,12,0,191,357,84,78,0,0,,9,23,,,,LWEA273
Cypress Pole,WEAPON\magic\mst28\mst29.txt,,6,241,0,0,30,67,1302,615,578,,,,,,,,31,120,12,158,,29,25,,,,58,2,,,300,6,131,10,1,,358,72,,25,2,,10,23,,,,LWEA315
Conjurer's Wand,WEAPON\magic\mst33\mst33.txt,,6,242,0,0,20,62,1356,645,578,,,,,,,,31,120,12,171,,29,16,,,,59,2,,,2200,14,118,12,1,203,359,37,89,,2,,11,23,,,,LWEA348
Fenrir's Tooth,weapon\katar\kka15\kka15.txt,,6,251,0,0,30,59,1393,715,577,,,,,,,,31,120,11,159,,,,,,,58,2,,,250,16,123,7,0,,360,38,,5,4,,12,23,,,,LWEA415
Spirits Dual Wield,WEAPON\dsw\dsw13\dsw13.txt,,6,252,0,0,30,62,1430,743,577,,,,,,,,31,120,11,123,,,,,,,55,2,,,250,7,150,11,0,,361,63,,5,4,,13,23,,,,LWEA443
CLASS VS CLASS 2014,,,,,,,,,,,,,,,,,,,,,,,,,,,,,,,,,,,,,,,,,,,,,,,,,,
Victorious Iced Dual Swords,WEAPON\dsw\e_dsw\e_dsw_0114_cr.txt,,6,252,1448350,0,30,91,6374,1092,577,,,,,,,,31,228,11,277,,,,,,,75,2,,,250,7,501,10,0,,567,63,,5,4,,,24,1,,,LWEA1424
Victorious Iced Katars,WEAPON\katar\e_kka\e_kka_0114_cr.txt,,6,251,1510000,0,30,90,6375,1064,577,,,,,,,,31,228,11,347,,,,,,,73,2,,,250,16,413,4,0,,566,38,,5,4,,,24,1,,,LWEA1425
Victorious Iced Wand,WEAPON\magic\e_wand\e_wand_131205_cr.txt,,6,242,1920000,0,30,88,6376,1091,578,,,,,,,,31,228,12,357,,29,26,,,,73,2,,,2600,14,402,11,1,323,565,37,89,,2,,,24,1,,,LWEA1426
Victorious Iced Staff,WEAPON\magic\e_magic\e_magic_131216_cr.txt,,6,241,1956000,0,30,101,6377,1067,578,,,,,,,,31,228,12,339,,29,32,,,,75,2,,,350,6,440,10,1,,564,72,,25,,,,24,1,,,LWEA1427
Victorious Iced Launcher,WEAPON\far\e_cannon\e_cannon_0106_cr.txt,,6,233,1698700,0,30,103,6378,1090,576,,,,,,,,31,228,10,213,,,,,,,75,2,,,3600,9,519,12,0,191,563,84,78,0,,,,24,1,,,LWEA1428
Victorious Iced Gun,WEAPON\far\e_gun\e_gun_0114_cr.txt,,6,232,1950000,0,50,101,6379,1059,578,,,,,,,,31,228,13,354,,,,,,,73,2,,,3300,12,486,9,0,171,562,84,78,0,,,,24,1,,,LWEA1429
Victorious Iced Bow,WEAPON\far\e_bow\e_bow_0106_cr.txt,,6,231,1523000,0,30,99,6380,1089,578,,,,,,,,31,228,11,349,,,,,,,75,2,,,3000,10,475,10,,151,561,,71,0,1,,,24,1,,,LWEA1430
Victorious Iced Spear,WEAPON\twohand\e_lance\e_lance_131217_cr.txt,,6,222,1822650,0,100,90,6381,1088,577,,,,,,,,31,228,10,348,,,,,,,73,2,,,500,6,465,9,,,560,55,,25,2,,,24,1,,,LWEA1431
Victorious Iced Two-handed Axe,WEAPON\twohand\e_axe\e_axe_0114_cr.txt,,6,223,1723150,0,80,99,6368,1087,576,,,,,,,,31,228,10,373,,,,,,,75,2,,,250,8,497,11,0,,559,63,,20,,,,24,1,,,LWEA1432
Victorious Iced Two-handed Sword,WEAPON\twohand\e_tsword\e_tsword_131205_cr.txt,,6,221,1421000,0,30,95,6390,1038,577,,,,,,,,31,228,10,366,,,,,,,75,2,,,250,5,481,10,0,,558,39,,5,2,,,24,1,,,LWEA1433
Victorious Iced Bowgun,WEAPON\far\e_bowgun\e_bowgun_0114_cr.txt,,6,271,1384620,,40,95,6389,1075,578,,,,,,,,31,228,10,291,,,,,,,75,2,,,2700,11,434,10,0,151,557,,71,,1,,,24,1,,,LWEA1434
Victorious Iced Hammer,WEAPON\onehand\e_hammer\e_hammer_1224_cr.txt,,6,212,1423000,0,90,90,6388,1037,576,,,,,,,,31,228,10,383,,,,,,,82,2,,,250,3,469,11,0,,556,48,,15,2,,,24,1,,,LWEA1435
Victorious Iced Sword,WEAPON\onehand\e_onehand\e_onehand_0106_cr.txt,,6,211,1312300,0,30,94,6387,1074,577,,,,,,,,31,228,10,367,,,,,,,74,2,,,250,1,445,9,0,,555,38,,5,2,,,24,1,,,LWEA1436
,,,,,,,,,,,,,,,,,,,,,,,,,,,,,,,,,,,,,,,,,,,,,,,,,,
Fortitude Blade,WEAPON\onehand\onehand_f01\onehand_f01.txt,,,211,500000,0,30,94,6656,1074,577,,,,,,,,31,228,10,367,,,,,,,80,1,,,250,1,445,9,0,,111,38,,5,2,,,22,,,,LWEA1438
Courage Mace,WEAPON\onehand\onehand_f02\onehand_f02.txt,,,212,500000,0,90,90,6657,1037,576,,,,,,,,31,228,10,383,,,,,,,80,1,,,250,3,469,11,0,,121,48,,15,2,,,22,,,,LWEA1439
Hope Cross Bow,WEAPON\far\far_f02\far_f02.txt,,,271,500000,0,40,95,6658,1075,578,,,,,,,,31,228,10,291,,,,,,,80,1,,,2700,11,434,10,0,151,,,71,,1,,,22,,,,LWEA1440
Prelude Sword,WEAPON\twohand\twohand_f01\twohand_f01.txt,,,221,500000,0,30,95,6659,1038,577,,,,,,,,31,228,10,366,,,,,,,80,1,,,250,5,481,10,0,,131,39,,5,2,,,22,,,,LWEA1441
Temperance Axe,WEAPON\twohand\twohand_f02\twohand_f02.txt,,,223,500000,0,80,99,6660,1087,576,,,,,,,,31,228,10,373,,,,,,,80,1,,,250,8,497,11,0,,141,63,,20,,,,22,,,,LWEA1442
Illusion Spear,WEAPON\twohand\twohand_f03\twohand_f03.txt,,,222,500000,0,100,90,6661,1088,577,,,,,,,,31,228,10,348,,,,,,,80,1,,,500,6,465,9,0,,131,55,,25,2,,,22,,,,LWEA1443
Despair Bow,WEAPON\far\far_f01\far_f01.txt,,,231,500000,0,30,99,6662,1089,578,,,,,,,,31,228,11,349,,,,,,,80,1,,,3000,10,475,10,0,151,,,71,0,1,,,22,,,,LWEA1444
Wrath Gun,WEAPON\far\far_f03\far_f03.txt,,,232,500000,0,50,101,6663,1059,578,,,,,,,,31,228,13,354,,,,,,,80,1,,,3300,12,486,9,0,171,,84,78,0,,,,22,,,,LWEA1445
Wisdom Cannon,WEAPON\far\far_f04\far_f04.txt,,,233,500000,0,30,103,6664,1090,576,,,,,,,,31,228,10,213,,,,,,,80,1,,,3600,9,519,12,0,191,,84,78,0,,,,22,,,,LWEA1446
Freedom Staff,WEAPON\magic\magic_f01\magic_f01.txt,,,241,500000,0,30,95,6665,1067,578,,,,,,,,31,228,12,339,,,,,,,80,1,,,350,6,440,10,1,,131,72,,25,,,,22,,,,LWEA1447
Creation Wand,WEAPON\magic\magic_f02\magic_f02.txt,,,242,500000,0,30,88,6666,1091,578,,,,,,,,31,228,12,357,,,,,,,80,1,,,2600,14,402,11,1,323,121,37,89,,2,,,22,,,,LWEA1448
Prudence Katar,WEAPON\katar\katar_f01\katar_f01.txt,,,251,500000,0,30,90,6667,1064,577,,,,,,,,31,228,11,347,,,,,,,80,1,,,250,16,413,4,0,,131,38,,5,4,,,22,,,,LWEA1449
Justice Blades,WEAPON\dsw\dsw_f01\dsw_f01.txt,,,252,500000,0,30,91,6669,1092,577,,,,,,,,31,228,11,277,,,,,,,80,1,,,250,7,501,10,0,,,63,,5,4,,,22,,,,LWEA1450
Fearless Glaive,WEAPON\glaives\glaives_f01\glaives_f01_1.txt,,,580,500000,0,60,93,6670,627,577,,,,,,,,31,228,11,279,,,,,,,80,1,,,250,20,199,10,0,,131,63,,5,2,,,22,,,,LWEA1451
Fearless Glaive,WEAPON\glaives\glaives_f01\glaives_f01_2.txt,,,580,500000,1,60,93,6671,627,577,,,,,,,,31,228,11,279,,,,,,,80,1,,,250,20,199,10,0,,131,63,,5,0,,,22,,,,LWEA1452
CLASS VS CLASS 2015,,,,,,,,,,,,,,,,,,,,,,,,,,,,,,,,,,,,,,,,,,,,,,,,,,
Victorious Lava Sword,WEAPON\onehand\e_onehand\e_onehand_0106_cr.txt,,6,211,1312300,0,30,94,7165,1074,577,,,,,,,,31,228,10,367,,,,,,,80,2,,,250,1,445,9,0,,378,38,,5,2,,,25,1,,,LWEA1454
Victorious Lava Hammer,WEAPON\onehand\e_hammer\e_hammer_1224_cr.txt,,6,212,1423000,0,90,90,7166,1037,576,,,,,,,,31,228,10,383,,,,,,,80,2,,,250,3,469,11,0,,379,48,,15,2,,,25,1,,,LWEA1455
Victorious Lava Bowgun,WEAPON\far\e_bowgun\e_bowgun_0114_cr.txt,,6,271,1384620,,40,95,7167,1075,578,,,,,,,,31,228,10,291,,,,,,,80,2,,,2700,11,434,10,0,151,380,,71,,1,,,25,1,,,LWEA1456
Victorious Lava Two-handed Sword,WEAPON\twohand\e_tsword\e_tsword_131205_cr.txt,,6,221,1421000,0,30,95,7168,1038,577,,,,,,,,31,228,10,366,,,,,,,80,2,,,250,5,481,10,0,,381,39,,5,2,,,25,1,,,LWEA1457
Victorious Lava Two-handed Axe,WEAPON\twohand\e_axe\e_axe_0114_cr.txt,,6,223,1723150,0,80,99,7169,1087,576,,,,,,,,31,228,10,373,,,,,,,80,2,,,250,8,497,11,0,,382,63,,20,,,,25,1,,,LWEA1458
Victorious Lava Spear,WEAPON\twohand\e_lance\e_lance_131217_cr.txt,,6,222,1822650,0,100,90,7170,1088,577,,,,,,,,31,228,10,348,,,,,,,80,2,,,500,6,465,9,,,383,55,,25,2,,,25,1,,,LWEA1459
Victorious Lava Bow,WEAPON\far\e_bow\e_bow_0106_cr.txt,,6,231,1523000,0,30,99,7171,1089,578,,,,,,,,31,228,11,349,,,,,,,80,2,,,3000,10,475,10,,151,384,,71,0,1,,,25,1,,,LWEA1460
Victorious Lava Gun,WEAPON\far\e_gun\e_gun_0114_cr.txt,,6,232,1950000,0,50,101,7172,1059,578,,,,,,,,31,228,13,354,,,,,,,80,2,,,3300,12,486,9,0,171,385,84,78,0,,,,25,1,,,LWEA1461
Victorious Lava Launcher,WEAPON\far\e_cannon\e_cannon_0106_cr.txt,,6,233,1698700,0,30,103,7173,1090,576,,,,,,,,31,228,10,213,,,,,,,80,2,,,3600,9,519,12,0,191,386,84,78,0,,,,25,1,,,LWEA1462
Victorious Lava Staff,WEAPON\magic\e_magic\e_magic_131216_cr.txt,,6,241,1956000,0,30,101,7174,1067,578,,,,,,,,31,228,12,339,,29,32,,,,80,2,,,350,6,440,10,1,,387,72,,25,,,,25,1,,,LWEA1463
Victorious Lava Wand,WEAPON\magic\e_wand\e_wand_131205_cr.txt,,6,242,1920000,0,30,88,7176,1091,578,,,,,,,,31,228,12,357,,29,26,,,,80,2,,,2600,14,402,11,1,217,388,37,89,,2,,,25,1,,,LWEA1464
Victorious Lava Katars,WEAPON\katar\e_kka\e_kka_0114_cr.txt,,6,251,1510000,0,30,90,7177,1064,577,,,,,,,,31,228,11,347,,,,,,,80,2,,,250,16,413,4,0,,389,38,,5,4,,,25,1,,,LWEA1465
Victorious Lava Dual Swords,WEAPON\dsw\e_dsw\e_dsw_0114_cr.txt,,6,252,1448350,0,30,91,7178,1092,577,,,,,,,,31,228,11,277,,,,,,,80,2,,,250,7,501,10,0,,390,63,,5,4,,,25,1,,,LWEA1466
Saint Breakdown Glaive,WEAPON\glaives\e_glaives\e_glaives.txt,,6,580,1235640,0,60,93,7179,627,577,,,,,,,,31,228,11,279,,,,,,,80,2,,,250,20,199,10,0,,131,63,,5,2,,,25,1,,,LWEA1467
Saint Breakdown Glaive,WEAPON\glaives\e_glaives\e_glaives.txt,,6,580,1235640,1,60,93,7180,627,577,,,,,,,,31,228,11,279,,,,,,,80,2,,,250,20,199,10,0,,131,63,,5,0,,,25,1,,,LWEA1468
,,,,,,,,,,,,,,,,,,,,,,,,,,,,,,,,,,,,,,,,,,,,,,,,,,
Sword of Holiday Cheer,weapon\onehand\osw16\osw16.txt,,,211,189,0,5,32,7273,1126,577,,,,,,,,,,,,,14,15,,,,40,2,,,200,1,20,10,0,,111,38,,5,2,,,,,,,LWEA1470
Snowman Mace,weapon\onehand\osw5\osw5.txt,,,212,222,0,15,30,7274,1123,576,,,,,,,,,,,,,14,15,,,,40,2,,,200,3,28,12,0,,121,47,,15,2,,,,,,,LWEA1471
Broardsword of Holiday Cheer,WEAPON\twohand\tsw41\tsw41.txt,,,221,282,0,20,36,7275,1127,576,,,,,,,,,,,,,14,15,,,,40,2,,,250,5,32,11,0,,131,39,,5,2,,,,,,,LWEA1472
Holiday Cheer Spear,WEAPON\twohand\tsw26\tsw26.txt,,,222,291,0,25,32,7276,1124,577,,,,,,,,,,,,,14,15,,,,40,2,,,350,6,31,9,0,,131,55,,25,2,,,,,,,LWEA1473
Gingerbread House Axe,WEAPON\twohand\tsw17\tsw17.txt,,,223,315,0,15,38,7286,1116,576,,,,,,,,,,,,,14,15,,,,40,2,,,150,8,33,11,0,,141,63,,20,2,,,,,,,LWEA1474
Holiday Bow,WEAPON\far\fbo2\fbo2.txt,,,231,246,0,10,37,7287,1117,578,,,,,,,,,,,,,14,15,,,,40,2,,,2200,10,30,10,0,151,,,71,0,1,,,,,,,LWEA1475
Holiday Popper Gun,WEAPON\far\fgu10\fgu10.txt,,,232,312,0,10,38,7288,1120,578,,,,,,,,,,,,,14,15,,,,40,2,,,2200,12,31,10,0,171,,84,78,0,1,,,,,,,LWEA1476
Holiday Festive Launcher,WEAPON\far\cannon1\cannon1.txt,,,233,127,0,20,44,7289,1122,578,,,,,,,,,,,,,14,15,,,,39,2,,,2500,9,49,12,0,313,,84,78,0,1,,,,,,,LWEA1477
Staff of Holiday Cheer,WEAPON\magic\mst2\msp1.txt,,,241,303,0,5,35,7299,1125,578,,,,,,,,,,,,,14,15,,,,39,2,,,250,6,25,10,1,,131,72,,25,2,,,,,,,LWEA1478
Peppermint Wand,WEAPON\magic\mto1\mto2.txt,,,242,258,0,3,32,7300,1128,578,,,,,,,,,,,,,14,15,,,,40,2,,,1800,14,21,12,1,210,,37,89,,2,,,,,,,LWEA1479
Gingerbread Claus,weapon\katar\kka2\kka2.txt,,,251,228,0,15,30,7301,1121,577,,,,,,,,,,,,,14,15,,,,39,2,,,250,16,27,9,0,,121,38,,5,4,,,,,,,LWEA1480
Dual Gingerbread Men,WEAPON\dsw\dsw1\dsw1.txt,,,252,584,0,10,36,7302,1119,577,,,,,,,,,,,,,14,15,,,,40,2,,,250,7,44,11,0,,111,38,,5,4,,,,,,,LWEA1481
Candy Crossbow,WEAPON\far\bog3\bog3.txt,,,271,815,0,10,44,7312,1118,578,,,,,,,,,,,,,14,15,,,,42,2,,,2000,11,48,10,0,151,,,71,,1,,,,,,,LWEA1482
CLASS VS CLASS 2016,,,,,,,,,,,,,,,,,,,,,,,,,,,,,,,,,,,,,,,,,,,,,,,,,,
Victorious Toxic Sword,WEAPON\onehand\e_onehand\e_onehand_0106_cr.txt,,6,211,1312300,0,30,94,7436,1074,577,,,,,,,,31,228,10,367,,,,,,,80,2,,,250,1,445,9,0,,364,38,,5,2,,,26,1,,,LWEA1484
Victorious Toxic Hammer,WEAPON\onehand\e_hammer\e_hammer_1224_cr.txt,,6,212,1423000,0,90,90,7437,1037,576,,,,,,,,31,228,10,383,,,,,,,80,2,,,250,3,469,11,0,,365,48,,15,2,,,26,1,,,LWEA1485
Victorious Toxic Bowgun,WEAPON\far\e_bowgun\e_bowgun_0114_cr.txt,,6,271,1384620,,40,95,7438,1075,578,,,,,,,,31,228,10,291,,,,,,,80,2,,,3200,11,434,10,0,151,366,,71,,1,,,26,1,,,LWEA1486
Victorious Toxic Two-handed Sword,WEAPON\twohand\e_tsword\e_tsword_131205_cr.txt,,6,221,1421000,0,30,95,7439,1038,577,,,,,,,,31,228,10,366,,,,,,,80,2,,,250,5,481,10,0,,367,39,,5,2,,,26,1,,,LWEA1487
Victorious Toxic Two-handed Axe,WEAPON\twohand\e_axe\e_axe_0114_cr.txt,,6,223,1723150,0,80,99,7440,1087,576,,,,,,,,31,228,10,373,,,,,,,80,2,,,250,8,497,11,0,,368,63,,20,0,,,26,1,,,LWEA1488
Victorious Toxic Spear,WEAPON\twohand\e_lance\e_lance_131217_cr.txt,,6,222,1822650,0,100,90,7441,1088,577,,,,,,,,31,228,10,348,,,,,,,80,2,,,500,6,465,9,,,369,55,,25,2,,,26,1,,,LWEA1489
Victorious Toxic Bow,WEAPON\far\e_bow\e_bow_0106_cr.txt,,6,231,1523000,0,30,99,7442,1089,578,,,,,,,,31,228,11,349,,,,,,,80,2,,,3000,10,475,10,,151,370,,71,0,1,,,26,1,,,LWEA1490
Victorious Toxic Gun,WEAPON\far\e_gun\e_gun_0114_cr.txt,,6,232,1950000,0,50,101,7443,1059,578,,,,,,,,31,228,13,354,,,,,,,80,2,,,3300,12,486,9,0,171,371,84,78,0,0,,,26,1,,,LWEA1491
Victorious Toxic Launcher,WEAPON\far\e_cannon\e_cannon_0106_cr.txt,,6,233,1698700,0,30,103,7444,1090,576,,,,,,,,31,228,10,213,,,,,,,80,2,,,3600,9,519,12,0,191,372,84,78,0,0,,,26,1,,,LWEA1492
Victorious Toxic Staff,WEAPON\magic\e_magic\e_magic_131216_cr.txt,,6,241,1956000,0,30,101,7445,1067,578,,,,,,,,31,228,12,339,,29,32,,,,80,2,,,350,6,440,10,1,,373,72,,25,0,,,26,1,,,LWEA1493
Victorious Toxic Wand,WEAPON\magic\e_wand\e_wand_131205_cr.txt,,6,242,1920000,0,30,88,7446,1091,578,,,,,,,,31,228,12,357,,29,26,,,,80,2,,,2600,14,402,11,1,323,374,37,89,,2,,,26,1,,,LWEA1494
Victorious Toxic Katars,WEAPON\katar\e_kka\e_kka_0114_cr.txt,,6,251,1510000,0,30,90,7447,1064,577,,,,,,,,31,228,11,347,,,,,,,80,2,,,250,16,413,4,0,,375,38,,5,4,,,26,1,,,LWEA1495
Victorious Toxic Dual Swords,WEAPON\dsw\e_dsw\e_dsw_0114_cr.txt,,6,252,1448350,0,30,91,7449,1092,577,,,,,,,,31,228,11,277,,,,,,,80,2,,,250,7,501,10,0,,376,63,,5,4,,,26,1,,,LWEA1496
Requiem of Souls Glaive,WEAPON\glaives\glittler_glaive.txt,,,580,484151,0,110,96,8712,1177,577,,,,,,,,140,20,11,301,,147,3,,,,76,2,,,250,20,227,9,0,,131,63,,5,2,36,,7,,,,LWEA1306
Requiem of Souls Glaive,WEAPON\glaives\glittler_glaive.txt,,,580,484151,1,110,96,8713,1177,577,,,,,,,,140,20,11,301,,147,3,,,,76,2,,,250,20,227,9,0,,131,63,,5,0,,,7,,,,LWEA1307
Karkia Forge,,,,,,,,,,,,,,,,,,,,,,,,,,,,,,,,,,,,,,,,,,,,,,,,,,
Ancient Karkian Weapon,WEAPON\dsw\e_dsw\e_dsw_0114_cr.txt,,,200,0,0,0,10,6651,1092,577,92,1,,1,,,,31,228,,,,,,,,,75,,,,1,1,1,10,,,,,,,,,,,,,,LWEA1500
Herune 4001 Bullet,WEAPON\mobwpn\,,,,,,,50,,,,,,,,,,,,,,,,,,,,,,,,,,,,,,440,,67,131,,50,,,,,,,
,,,,,,,,,,,,,,,,,,,,,,,,,,,,,,,,,,,,,,,,,,,,,,,,,,
Blue Umbrella,,,6,222,0,0,10,50,4205,251,577,,,,,,,,,,,,,,,,,,75,2,,,250,25,10,9,0,,121,48,,5,,,,,,,,LWEA1503
Yellow Umbrella,,,6,222,0,0,10,50,4206,251,577,,,,,,,,,,,,,,,,,,75,2,,,250,25,10,9,0,,121,48,,5,,,,,,,,LWEA1504
Orange Umbrella,,,6,222,0,0,10,50,4158,251,577,,,,,,,,,,,,,,,,,,75,2,,,250,25,10,9,0,,121,48,,5,,,,,,,,LWEA1505
Pink Umbrella,,,6,222,0,0,10,50,4171,251,577,,,,,,,,,,,,,,,,,,75,2,,,250,25,10,9,0,,121,48,,5,,,,,,,,LWEA1506
Blue Polka Dot Umbrella,,,6,222,0,0,10,50,4204,251,577,,,,,,,,,,,,,,,,,,75,4,,,250,25,10,9,0,,121,48,,5,,,,,,,,LWEA1507
Felice Fete Umbrella,,,6,222,0,0,15,50,4203,251,577,,,,,,,,,,,,,,,,,,75,4,,,250,25,10,9,0,,121,48,,5,,,,,,,,LWEA1508
Bangasa Umbrella,,,6,222,0,0,10,50,4202,251,577,,,,,,,,,,,,,,,,,,75,4,,,250,25,10,9,0,,121,48,,5,,,,,,,,LWEA1509
Red Umbrella,,,6,222,0,0,10,50,4201,251,577,,,,,,,,,,,,,,,,,,75,2,,,250,25,10,9,0,,121,48,,5,,,,,,,,LWEA1510
lunaris bottle,,,6,212,0,0,5,50,4183,251,576,,,,,,,,,,,,,,,,,,75,2,,,125,3,10,9,0,,121,48,,15,1,,,,,,,LWEA1511
Fish Pick,,,6,212,0,0,5,50,4178,251,576,,,,,,,,,,,,,,,,,,75,2,,,125,3,10,9,0,,121,48,,15,2,,,,,,,LWEA1512
brinto spear,,,6,222,0,0,15,50,4191,251,577,,,,,,,,,,,,,,,,,,75,2,,,250,6,10,9,0,,121,48,,5,,,,,,,,LWEA1513
stoneguard staff,,,6,241,0,0,15,50,4184,251,578,,,,,,,,,,,,,,,,,,75,2,,,175,6,10,9,0,,121,48,,5,,,,,,,,LWEA1514
Guitar Case,WEAPON\other\other01\other01.txt,,6,233,0,0,10,30,4192,561,578,,,,,,,,,,,,,,,,,,75,4,,,2500,9,30,7,0,174,,84,78,0,0,,,,,,,LWEA1515
Tennis Racket,,,6,212,0,0,5,50,4193,251,576,,,,,,,,,,,,,,,,,,75,4,,,125,3,10,9,0,,121,48,,15,1,,,,,,,LWEA1516
Wizard Wand,SUBWPN\Event\halloween\wizard_wand.txt,,6,242,0,0,1,50,5978,1033,578,,,,,,,,,,,,,,,,,,75,2,,,3500,14,10,10,1,325,,37,89,5,2,,,,,,,LWEA1517
,,,,,,,,,,,,,,,,,,,,,,,,,,,,,,,,,,,,,,,,,,,,,,,,,,
,,,,,,,,,,,,,,,,,,,,,,,,,,,,,,,,,,,,,,,,,,,,,,,,,,
Sword of Rebirth,weapon\onehand\osw16\osw16.txt,,6,211,157200000,0,5,44,7478,304,577,,,,,,,,111,9,10,47,,,,,,,75,4,,,200,1,23,10,0,,111,38,,5,2,,,,,,,LWEA1520
Hammer of Rebirth,weapon\onehand\osw5\osw5.txt,,6,212,157200000,0,15,44,7479,333,576,,,,,,,,111,9,10,53,,,,,,,75,4,,,200,3,31,12,0,,121,48,,15,2,,,,,,,LWEA1521
Crossbow of Rebirth,WEAPON\far\bog3\bog3.txt,,6,271,157200000,0,10,44,7480,361,578,,,,,,,,111,9,10,62,,,,,,,75,4,,,2000,11,52,10,0,151,,,71,,1,,,,,,,LWEA1522
Two-Handed Sword of Rebirth,WEAPON\twohand\tsw41\tsw41.txt,,6,221,157200000,0,20,44,7481,402,576,,,,,,,,111,9,10,50,,,,,,,75,4,,,250,5,35,11,0,,131,39,,5,2,,,,,,,LWEA1523
Spear of Rebirth,WEAPON\twohand\tsw26\tsw26.txt,,6,222,157200000,0,25,44,7482,463,577,,,,,,,,111,9,10,48,,,,,,,75,4,,,350,6,34,9,0,,131,55,,25,2,,,,,,,LWEA1524
Two-Handed Axe of Rebirth,WEAPON\twohand\tsw17\tsw17.txt,,6,223,157200000,0,15,44,7483,431,576,,,,,,,,111,9,10,57,,,,,,,75,4,,,150,8,36,11,0,,141,63,,20,0,,,,,,,LWEA1525
Bow of Rebirth,WEAPON\far\fbo2\fbo2.txt,,6,231,157200000,0,10,44,7484,503,578,,,,,,,,111,9,11,45,,,,,,,75,4,,,2200,10,33,10,0,151,,,71,0,1,,,,,,,LWEA1526
Gun of Rebirth,WEAPON\far\fgu10\fgu10.txt,,6,232,157200000,0,10,44,7485,532,578,,,,,,,,111,9,13,48,,,,,,,75,4,,,2200,12,34,10,0,172,,84,78,0,0,,,,,,,LWEA1527
Launcher of Rebirth,WEAPON\far\cannon1\cannon1.txt,,6,233,157200000,0,20,44,7486,561,578,,,,,,,,111,9,10,28,,,,,,,75,4,,,2500,9,54,12,0,174,,84,78,0,0,,,,,,,LWEA1528
Staff of Rebirth,WEAPON\magic\mst2\msp1.txt,,6,241,157200000,0,5,44,7488,602,578,,,,,,,,111,9,12,44,,29,16,,,,75,4,,,250,6,28,10,1,,131,72,,25,0,,,,,,,LWEA1529
Wand of Rebirth,WEAPON\magic\mto1\mto2.txt,,6,242,157200000,0,3,44,7489,632,578,,,,,,,,111,9,12,50,,29,6,,,,75,4,,,1800,14,24,12,1,161,,37,89,,2,,,,,,,LWEA1530
Katars of Rebirth,weapon\katar\kka2\kka2.txt,,6,251,157200000,0,15,44,7490,702,577,,,,,,,,111,9,11,44,,,,,,,75,4,,,250,16,30,9,0,,121,38,,5,4,,,,,,,LWEA1531
Dual Swords of Rebirth,WEAPON\dsw\dsw1\dsw1.txt,,6,252,157200000,0,10,44,7491,731,577,,,,,,,,111,9,11,46,,,,,,,75,4,,,250,7,47,11,0,,111,38,,5,4,,,,,,,LWEA1532
Glaive of Rebirth,,,6,580,157200000,0,10,44,7521,588,577,,,,,,,,111,9,11,96,,,,,,,75,4,,,250,20,45,11,0,,131,63,,5,2,,,,,,,LWEA1533
Glaive of Rebirth,,,6,580,157200000,1,10,44,7522,588,577,,,,,,,,111,9,11,96,,,,,,,75,4,,,250,20,45,11,0,,131,63,,5,0,,,,,,,LWEA1534
,,,,,,,,,,,,,,,,,,,,,,,,,,,,,,,,,,,,,,,,,,,,,,,,,,
Ritual Sword,weapon\onehand\osw16\osw16.txt,,6,211,1572,0,10,44,2556,1133,577,,,,,,,,,,,,,,,,,,40,2,,,200,1,23,10,0,,111,38,,5,2,,,,,,,LWEA1536
Ritual Wand,WEAPON\magic\mto1\mto2.txt,,6,242,1572,0,3,44,2557,1134,578,,,,,,,,,,,,,,,,,,40,2,,,1800,14,24,12,1,392,,37,89,,2,,,,,,,LWEA1537
Saihai,WEAPON\magic\mto1\mto2.txt,,6,242,1572,0,3,44,2601,632,578,,,,,,,,,,,,,,,,,,40,2,,,1800,14,24,12,1,212,,37,89,,2,,,,,,,LWEA1538
Broomstick,WEAPON\magic\mst2\msp1.txt,,6,241,1572,0,5,44,2603,1135,578,,,,,,,,,,,,,,,,,,40,2,,,250,6,28,10,1,,131,72,,25,0,,,,,,,LWEA1539
Souji,WEAPON\magic\mst2\msp1.txt,,6,241,1572,0,5,44,2604,602,578,,,,,,,,,,,,,,,,,,40,2,,,250,6,28,10,1,,131,72,,25,0,,,,,,,LWEA1540
Halloween Wand,WEAPON\magic\mto1\mto2.txt,,,242,0,0,3,26,4795,1031,578,,,,,,,,,,,,,,,,,,25,2,,,1800,14,24,12,1,212,,37,89,,2,,,,,,,LWEA1541
Pumpkin Wand,WEAPON\magic\mto1\mto2.txt,,,242,0,0,3,26,4834,1132,578,,,,,,,,,,,,,,,,,,25,2,,,1800,14,24,12,1,212,,37,89,,2,,,,,,,LWEA1542
Snowflake Wand,WEAPON\magic\mto1\mto2.txt,,,242,0,0,1,26,7714,1136,578,,,,,,,,,,,,,,,,,,25,2,,,1800,14,24,12,1,635,,37,89,,2,,,,,,,LWEA1543
,,,,,,,,,,,,,,,,,,,,,,,,,,,,,,,,,,,,,,,,,,,,,,,,,,
Victorious Ancient Sword,WEAPON\onehand\e_onehand\e_onehand_0106_cr.txt,,6,211,1312300,0,30,94,7943,1074,577,,,,,,,,31,228,10,367,,,,,,,80,2,,,250,1,445,9,0,,480,38,,5,2,,,27,1,,,LWEA1545
Victorious Ancient Hammer,WEAPON\onehand\e_hammer\e_hammer_1224_cr.txt,,6,212,1423000,0,90,90,7944,1037,576,,,,,,,,31,228,10,383,,,,,,,80,2,,,250,3,469,11,0,,481,48,,15,2,,,27,1,,,LWEA1546
Victorious Ancient Bowgun,WEAPON\far\e_bowgun\e_bowgun_0114_cr.txt,,6,271,1384620,0,40,95,7945,1075,578,,,,,,,,31,228,10,291,,,,,,,80,2,,,2700,11,434,10,0,151,482,,71,,1,,,27,1,,,LWEA1547
Victorious Ancient Two-handed Sword,WEAPON\twohand\e_tsword\e_tsword_131205_cr.txt,,6,221,1421000,0,30,95,7946,1038,577,,,,,,,,31,228,10,366,,,,,,,80,2,,,250,5,481,10,0,,483,39,,5,2,,,27,1,,,LWEA1548
Victorious Ancient Two-handed Axe,WEAPON\twohand\e_axe\e_axe_0114_cr.txt,,6,223,1723150,0,80,99,7947,1087,576,,,,,,,,31,228,10,373,,,,,,,80,2,,,250,8,497,11,0,,484,63,,20,0,,,27,1,,,LWEA1549
Victorious Ancient Spear,WEAPON\twohand\e_lance\e_lance_131217_cr.txt,,6,222,1822650,0,100,90,7948,1088,577,,,,,,,,31,228,10,348,,,,,,,80,2,,,500,6,465,9,,,485,55,,25,2,,,27,1,,,LWEA1550
Victorious Ancient Bow,WEAPON\far\e_bow\e_bow_0106_cr.txt,,6,231,1523000,0,30,99,7949,1089,578,,,,,,,,31,228,11,349,,,,,,,80,2,,,3000,10,475,10,,151,486,,71,0,1,,,27,1,,,LWEA1551
Victorious Ancient Gun,WEAPON\far\e_gun\e_gun_0114_cr.txt,,6,232,1950000,0,50,101,7950,1059,578,,,,,,,,31,228,13,354,,,,,,,80,2,,,3300,12,486,9,0,171,487,84,78,0,0,,,27,1,,,LWEA1552
Victorious Ancient Launcher,WEAPON\far\e_cannon\e_cannon_0106_cr.txt,,6,233,1698700,0,30,103,7951,1090,576,,,,,,,,31,228,10,213,,,,,,,80,2,,,3600,9,519,12,0,191,488,84,78,0,0,,,27,1,,,LWEA1553
Victorious Ancient Staff,WEAPON\magic\e_magic\e_magic_131216_cr.txt,,6,241,1956000,0,30,101,7952,1067,578,,,,,,,,31,228,12,339,,29,32,,,,80,2,,,350,6,440,10,1,,489,72,,25,0,,,27,1,,,LWEA1554
Victorious Ancient Wand,WEAPON\magic\e_wand\e_wand_131205_cr.txt,,6,242,1920000,0,30,88,7953,1091,578,,,,,,,,31,228,12,357,,29,26,,,,80,2,,,2600,14,402,11,1,323,490,37,89,,2,,,27,1,,,LWEA1555
Victorious Ancient Katars,WEAPON\katar\e_kka\e_kka_0114_cr.txt,,6,251,1510000,0,30,90,7954,1064,577,,,,,,,,31,228,11,347,,,,,,,80,2,,,250,16,413,4,0,,491,38,,5,4,,,27,1,,,LWEA1556
Victorious Ancient Dual Swords,WEAPON\dsw\e_dsw\e_dsw_0114_cr.txt,,6,252,1448350,0,30,91,7956,1092,577,,,,,,,,31,228,11,277,,,,,,,80,2,,,250,7,501,10,0,,492,63,,5,4,,,27,1,,,LWEA1557
Oathbreaker & Obscurity,WEAPON\dsw\dsw_koh01\dsw_koh01.txt,,6,252,1000,0,30,90,3933,744,577,,,,,,,,,,,,,,,,,,70,2,,,250,7,200,9,0,0,131,63,0,5,4,,,22,,,,LWEA1558
Rose Sword,WEAPON\onehand\rose_onehand\rose_onhand_0602_cr.txt,,7,211,1000,0,5,40,8008,304,577,,,,,,,,,,,,,,,,,,75,4,,,200,1,23,10,0,,111,38,,5,2,,,,,,,LWEA1559
White Rose Sword,WEAPON\onehand\rose_onehand\rose_onhand_white_0511_cr.txt,,7,211,1000,0,5,40,8029,304,577,,,,,,,,,,,,,,,,,,75,4,,,200,1,23,10,0,,111,38,,5,2,,,,,,,LWEA1560
Rose Hammer,WEAPON\onehand\rose_hammer\rose_hammer_0404_cr.txt,,7,212,1000,0,15,40,8009,333,576,,,,,,,,,,,,,,,,,,75,4,,,200,3,31,12,0,,121,48,,15,1,,,,,,,LWEA1561
White Rose Hammer,WEAPON\onehand\rose_hammer\rose_hammer_white_0511_cr.txt,,7,212,1000,0,15,40,8028,333,576,,,,,,,,,,,,,,,,,,75,4,,,200,3,31,12,0,,121,48,,15,1,,,,,,,LWEA1562
Rose Crossbow,WEAPON\far\rose_bowgun\rose_bowgun_0410_cr.txt,,7,271,1000,0,10,40,8010,361,578,,,,,,,,,,,,,,,,,,75,4,,,2000,11,52,10,0,151,,,71,,0,,,,,,,LWEA1563
White Rose Crossbow,WEAPON\far\rose_bowgun\rose_bowgun_white_0511_cr.txt,,7,271,1000,0,10,40,8022,361,578,,,,,,,,,,,,,,,,,,75,4,,,2000,11,52,10,0,151,,,71,,0,,,,,,,LWEA1564
Rose Blade,WEAPON\twohand\rose_tsword\rose_tsword_0401_cr.txt,,7,221,1000,0,20,40,8011,402,576,,,,,,,,,,,,,,,,,,75,4,,,250,5,35,11,0,,131,39,,5,1,,,,,,,LWEA1565
White Rose Blade,WEAPON\twohand\rose_tsword\rose_tsword_white_0511_cr.txt,,7,221,1000,0,20,40,8032,402,576,,,,,,,,,,,,,,,,,,75,4,,,250,5,35,11,0,,131,39,,5,1,,,,,,,LWEA1566
Rose Axe,WEAPON\twohand\rose_axe\rose_axe_0418_cr.txt,,7,223,1000,0,15,40,8012,431,576,,,,,,,,,,,,,,,,,,75,4,,,150,8,36,11,0,,141,63,,20,2,,,,,,,LWEA1567
White Rose Axe,WEAPON\twohand\rose_axe\rose_axe_white_0511_cr.txt,,7,223,1000,0,15,40,8030,431,576,,,,,,,,,,,,,,,,,,75,4,,,150,8,36,11,0,,141,63,,20,2,,,,,,,LWEA1568
Rose Spear,WEAPON\twohand\rose_spear\rose_spear_0409_cr.txt,,7,222,1000,0,25,40,8013,463,577,,,,,,,,,,,,,,,,,,75,4,,,350,6,34,9,0,,131,55,,25,1,,,,,,,LWEA1569
White Rose Spear,WEAPON\twohand\rose_spear\rose_spear_white_0511_cr.txt,,7,222,1000,0,25,40,8031,463,577,,,,,,,,,,,,,,,,,,75,4,,,350,6,34,9,0,,131,55,,25,1,,,,,,,LWEA1570
Rose Bow,WEAPON\far\rose_bow\rose_bow_0415_cr.txt,,7,231,1000,0,10,40,8014,503,578,,,,,,,,,,,,,,,,,,75,4,,,2200,10,33,10,0,151,,,71,0,2,,,,,,,LWEA1571
White Rose Bow,WEAPON\far\rose_bow\rose_bow_white_0511_cr.txt,,7,231,1000,0,10,40,8034,503,578,,,,,,,,,,,,,,,,,,75,4,,,2200,10,33,10,0,151,,,71,0,2,,,,,,,LWEA1572
Rose Gun,WEAPON\far\rose_gun\rose_gun_0408_cr.txt,,7,232,1000,0,10,40,8015,532,578,,,,,,,,,,,,,,,,,,75,4,,,2200,26,34,10,0,172,,84,78,0,1,,,,,,,LWEA1573
White Rose Gun,WEAPON\far\rose_gun\rose_gun_white_0511_cr.txt,,7,232,1000,0,10,40,8024,532,578,,,,,,,,,,,,,,,,,,75,4,,,2200,26,34,10,0,172,,84,78,0,1,,,,,,,LWEA1574
Rose Launcher,WEAPON\far\rose_cannon\rose_cannon_0402_cr.txt,,7,233,1000,0,20,40,8016,561,578,,,,,,,,,,,,,,,,,,75,4,,,2500,9,54,12,0,174,,84,78,0,0,,,,,,,LWEA1575
White Rose Launcher,WEAPON\far\rose_cannon\rose_cannon_white_0511_cr.txt,,7,233,1000,0,20,40,8023,561,578,,,,,,,,,,,,,,,,,,75,4,,,2500,9,54,12,0,174,,84,78,0,0,,,,,,,LWEA1576
Rose Staff,WEAPON\magic\rose_magic\rose_magic_0401_cr.txt,,7,241,1000,0,5,40,8017,602,578,,,,,,,,,,,,,,,,,,75,4,,,250,6,28,10,1,,131,72,,25,2,,,,,,,LWEA1577
White Rose Staff,WEAPON\magic\rose_magic\rose_magic_white_0511_cr.txt,,7,241,1000,0,5,40,8026,602,578,,,,,,,,,,,,,,,,,,75,4,,,250,6,28,10,1,,131,72,,25,2,,,,,,,LWEA1578
Rose Wand,WEAPON\magic\rose_wand\rose_wand_0602_cr.txt,,7,242,1000,0,3,40,8018,632,578,,,,,,,,,,,,,,,,,,75,4,,,1800,14,24,12,1,636,,37,89,,2,,,,,,,LWEA1579
White Rose Wand,WEAPON\magic\rose_wand\rose_wand_white_0511_cr.txt,,7,242,1000,0,3,40,8027,632,578,,,,,,,,,,,,,,,,,,75,4,,,1800,14,24,12,1,637,,37,89,,2,,,,,,,LWEA1580
Rose Katars,WEAPON\katar\rose_kka\rose_kka_0401_cr.txt,,7,251,1000,0,15,40,8019,702,577,,,,,,,,,,,,,,,,,,75,4,,,250,16,30,9,0,,121,38,,5,4,,,,,,,LWEA1581
White Rose Katars,WEAPON\katar\rose_kka\rose_kka_white_0511_cr.txt,,7,251,1000,0,15,40,8025,702,577,,,,,,,,,,,,,,,,,,75,4,,,250,16,30,9,0,,121,38,,5,4,,,,,,,LWEA1582
Rose Dual Swords,WEAPON\dsw\rose_dsw\rose_dsw_0415_cr.txt,,7,252,1000,0,10,40,8021,731,577,,,,,,,,,,,,,,,,,,75,4,,,250,7,47,11,0,,111,38,,5,4,,,,,,,LWEA1583
White Rose Dual Swords,WEAPON\dsw\rose_dsw\rose_dsw_white_0511_cr.txt,,7,252,1000,0,10,40,8035,731,577,,,,,,,,,,,,,,,,,,75,4,,,250,7,47,11,0,,111,38,,5,4,,,,,,,LWEA1584
Gangster Gun,WEAPON\far\gang_star_gun\gang_star_gun.txt,,7,232,1000,0,10,40,8004,532,578,,,,,,,,,,,,,,,,,,75,4,,,2200,12,34,10,0,172,,84,78,0,0,,,,,,,LWEA1585
Western Revolver,WEAPON\far\SW_1119_ka\SW_1119_ka.txt,,7,232,1000,0,10,40,8005,532,578,,,,,,,,,,,,,,,,,,75,4,,,2200,26,34,10,0,172,,84,78,0,0,,,,,,,LWEA1586
Rose Glaive,,,7,580,1000,0,10,40,8037,588,577,,,,,,,,,,,,,,,,,,75,4,,,250,20,45,11,0,,131,63,,5,2,,,,,,,LWEA1587
White Rose Glaive,,,7,580,1000,0,10,40,8038,588,577,,,,,,,,,,,,,,,,,,75,4,,,250,20,45,11,0,,131,63,,5,2,,,,,,,LWEA1588
Rose Glaive,,,7,580,1000,1,10,40,8039,588,577,,,,,,,,,,,,,,,,,,75,4,,,250,20,45,11,0,,131,63,,5,0,,,,,,,LWEA1589
White Rose Glaive,,,7,580,1000,1,10,40,8040,588,577,,,,,,,,,,,,,,,,,,75,4,,,250,20,45,11,0,,131,63,,5,0,,,,,,,LWEA1590
Blue Beam Sword,WEAPON\onehand\beam_sword\beam_sword_1002_wa.txt,,7,211,1000,0,5,40,8042,304,577,,,,,,,,,,,,,,,,,,75,4,,,200,1,23,10,0,,638,38,,5,2,,,,,,,LWEA1591
Red Beam Sword,WEAPON\onehand\beam_sword\beam_sword_1002_wa.txt,,7,211,1000,0,5,40,8042,304,577,,,,,,,,,,,,,,,,,,75,4,,,200,1,23,10,0,,639,38,,5,2,,,,,,,LWEA1592
Little Devil's Staff,WEAPON\magic\rose_magic\rose_magic_0401_cr.txt,,0,241,1000,0,5,40,8083,655,578,,,,,,,,,,,,,,,,,,75,4,,,250,6,28,10,1,,131,72,,25,2,,,,,,,LWEA1593
Jellyfish Wand,WEAPON\mst_F1237.txt,,7,242,1000,0,3,40,8094,632,578,,,,,,,,,,,,,,,,,,75,4,,,1800,14,24,12,1,216,,37,89,,2,,,,,,,LWEA1594
Kerokero Umbrella,WEAPON\twohand\happa\happa.txt,,7,222,1000,0,25,40,804,463,577,,,,,,,,,,,,,,,,,,75,4,,,350,25,34,9,0,,131,55,,25,2,,,,,,,LWEA1595
Teddy Bear Katars,WEAPON\katar\beardoll_katar\beardoll_katar_0307_cr.txt,,7,251,1000,0,15,40,8095,702,577,,,,,,,,,,,,,,,,,,75,4,,,250,16,30,9,0,,121,38,,5,4,,,,,,,LWEA1596
Pink Angel Dual Swords,WEAPON\dsw\magicalgirlarms_dsw\magicalgirlarms_dsw_1120_cr.txt,,7,252,1000,0,10,40,8096,731,577,,,,,,,,,,,,,,,,,,75,4,,,250,7,47,11,0,,111,38,,5,4,,,,,,,LWEA1597
Pink Angel Sword,WEAPON\onehand\rose_onehand\rose_onhand_0602_cr.txt,,7,211,1000,0,5,40,8097,304,577,,,,,,,,,,,,,,,,,,75,4,,,200,1,23,10,0,,111,38,,5,2,,,,,,,LWEA1598
Iced Caliburn,WEAPON\twohand\tsw72\tsw72.txt,,,221,1000,0,80,90,8112,423,576,11,10,494,30,,,,31,200,10,317,,24,5,,,,75,2,,,250,5,386,10,0,,131,39,,5,2,,,,,,,LWEA1599
Iced Adamantium Axe,WEAPON\twohand\tsw51\tsw51.txt,,,223,1000,0,60,90,8113,446,576,12,10,495,30,,,,31,136,10,259,,24,5,,,,75,2,,,250,8,265,12,0,,141,63,,20,2,,,,,,,LWEA1600
Iced Fury Spantun,WEAPON\twohand\tsw59\tsw59.txt,,,222,1000,0,55,90,8114,479,577,12,10,496,30,,,,31,147,10,240,,24,5,,,,75,2,,,450,6,270,10,0,,131,55,,25,2,,,,,,,LWEA1601
Iced Tornado Rifle,WEAPON\far\fgu28\fgu28.txt,,,232,1000,0,50,90,8115,551,578,14,10,497,30,,,,31,200,13,297,,24,5,,,,75,2,,,3000,12,391,10,0,171,,84,78,0,,,,,,,,LWEA1602
Iced War Glaive of the Sikuku,,,,580,1000,0,60,90,8116,600,577,,,,,,,,31,170,11,218,,24,5,,,,75,2,,,250,20,157,10,0,,131,63,,5,0,,,,,,,LWEA1603
Iced War Glaive of the Sikuku,,,,580,1000,1,60,90,8117,600,577,,,,,,,,31,170,11,218,,24,5,,,,75,2,,,250,20,157,10,0,,131,63,,5,0,,,,,,,LWEA1604
Iced Desperado Dual Wield,WEAPON\dsw\dsw14\dsw14.txt,,,252,1000,0,30,90,8118,744,577,11,10,500,30,,,,31,130,11,163,,24,5,,,,75,2,,,250,7,229,10,0,,131,63,,5,4,,,,,,,LWEA1605
Christmas Tree Sword,WEAPON\TWOHAND\CHSAW\CHSAW.txt  ,,,211,1000,0,10,26,8119,899,576,,,,,,,,,,,,,,,,,,25,2,,,200,1,30,13,0,,131,96,,25,0,,,,,,,LWEA1606
Iced Kusanagi,,,,580,1000,0,60,90,8125,596,577,11,10,498,30,,,,31,136,11,191,,24,5,,,,75,2,,,250,20,125,10,0,,131,63,,5,2,,,,,,,LWEA1607
Iced Kusanagi,,,,580,1000,1,60,90,8126,596,577,11,10,499,30,,,,31,136,11,191,,24,5,,,,75,2,,,250,20,125,10,0,,131,63,,5,0,,,,,,,LWEA1608
Chocolate Rollcake,WEAPON\far\chocorollcake\chocorollcake.txt,,,233,1000,0,20,35,8212,1158,578,,,,,,,,,,,,,,,,,,30,2,,,3000,9,50,11,0,174,,84,78,0,0,,,,,,,LWEA1609
Chocolate Treat Bow,WEAPON\far\choco_far\choco_far.txt,,,231,1000,0,10,35,8211,1157,578,,,,,,,,,,,,,,,,,,30,2,,,2800,10,50,10,0,151,0,0,71,0,1,,,,,,,LWEA1610
Marshmallow Fondue,WEAPON\twohand\dango\dango.txt,,,222,1000,0,20,35,8213,1159,577,,,,,,,,,,,,,,,,,,30,2,,,350,6,50,10,,,131,55,,25,2,,,,,,,LWEA1611
Bunny Hammer,WEAPON\onehand\rubit_hammer\rubit_hammer_white_0225_cr.txt,,,212,1000,0,20,35,8214,1160,576,93,1,1832,1,,,,,,,,,,,,,,30,1,,,200,3,50,12,0,,121,47,,15,2,,,,,,,LWEA1612
Bunny Katars,WEAPON\katar\rabit_kka\rabit_kka_0225_cr.txt,,,251,1000,0,15,33,8216,1160,577,93,1,1832,1,,,,,,,,,,,,,,30,1,,,250,16,27,9,0,,121,38,,5,4,,,,,,,LWEA1613
Carrot Gun,WEAPON\far\rose_gun\rose_gun_0408_cr.txt,,,232,1000,0,10,40,8219,1161,578,93,1,1832,1,,,,,,,,,,,,,,30,1,,,2200,12,34,10,0,172,,84,78,0,1,,,,,,,LWEA1614
Fighting Gloves,WEAPON\katar\KATAR_FASHION015\KATAR_FASHION015.txt,,7,251,1000,0,10,40,8243,702,577,,,,,,,,,,,,,,,,,,75,4,,,250,16,30,9,0,,121,38,,5,4,,,,,,,LWEA1615
Matchlock Gun,WEAPON\fgu_F1241.txt,,7,232,1000,0,10,40,8250,532,578,,,,,,,,,,,,,,,,,,75,4,,,2200,12,34,10,0,172,,84,78,0,0,,,,,,,LWEA1616
Blue Laser Swords,WEAPON\dsw\dsw_fashion005\dsw_fashion005.txt,,7,252,1000,0,10,40,8255,731,577,,,,,,,,,,,,,,,,,,75,4,,,250,7,47,11,0,,393,38,,5,4,,,,,,,LWEA1617
Red Laser Swords,WEAPON\dsw\dsw_fashion005\dsw_fashion005.txt,,7,252,1000,0,10,40,3927,731,577,,,,,,,,,,,,,,,,,,75,4,,,250,7,47,11,0,,396,38,,5,4,,,,,,,LWEA1618
Victorious Chivalry Sword,WEAPON\onehand\e_onehand\e_onehand_0106_cr.txt,,6,211,1312300,0,30,94,8322,1074,577,,,,,,,,31,228,10,367,,,,,,,80,2,,,250,1,445,9,0,,480,38,,5,2,,,27,,,,LWEA1619
Victorious Chivalry Hammer,WEAPON\onehand\e_hammer\e_hammer_1224_cr.txt,,6,212,1423000,0,90,90,8323,1037,576,,,,,,,,31,228,10,383,,,,,,,80,2,,,250,3,469,11,0,,481,48,,15,2,,,27,,,,LWEA1620
Victorious Chivalry Bowgun,WEAPON\far\e_bowgun\e_bowgun_0114_cr.txt,,6,271,1384620,0,40,95,8324,1075,578,,,,,,,,31,228,10,291,,,,,,,80,2,,,2700,11,434,10,0,151,482,,71,,1,,,27,,,,LWEA1621
Victorious Chivalry Two-handed Sword,WEAPON\twohand\e_tsword\e_tsword_131205_cr.txt,,6,221,1421000,0,30,95,8325,1038,577,,,,,,,,31,228,10,366,,,,,,,80,2,,,250,5,481,10,0,,483,39,,5,2,,,27,,,,LWEA1622
Victorious Chivalry Two-handed Axe,WEAPON\twohand\e_axe\e_axe_0114_cr.txt,,6,223,1723150,0,80,99,8326,1087,576,,,,,,,,31,228,10,373,,,,,,,80,2,,,250,8,497,11,0,,484,63,,20,0,,,27,,,,LWEA1623
Victorious Chivalry Spear,WEAPON\twohand\e_lance\e_lance_131217_cr.txt,,6,222,1822650,0,100,90,8327,1088,577,,,,,,,,31,228,10,348,,,,,,,80,2,,,500,6,465,9,,,485,55,,25,2,,,27,,,,LWEA1624
Victorious Chivalry Bow,WEAPON\far\e_bow\e_bow_0106_cr.txt,,6,231,1523000,0,30,99,8328,1089,578,,,,,,,,31,228,11,349,,,,,,,80,2,,,3000,10,475,10,,151,486,,71,0,1,,,27,,,,LWEA1625
Victorious Chivalry Gun,WEAPON\far\e_gun\e_gun_0114_cr.txt,,6,232,1950000,0,50,101,8329,1059,578,,,,,,,,31,228,13,354,,,,,,,80,2,,,3300,12,486,9,0,171,487,84,78,0,0,,,27,,,,LWEA1626
Victorious Chivalry Launcher,WEAPON\far\e_cannon\e_cannon_0106_cr.txt,,6,233,1698700,0,30,103,8330,1090,576,,,,,,,,31,228,10,213,,,,,,,80,2,,,3600,9,519,12,0,191,488,84,78,0,0,,,27,,,,LWEA1627
Victorious Chivalry Staff,WEAPON\magic\e_magic\e_magic_131216_cr.txt,,6,241,1956000,0,30,101,8331,1067,578,,,,,,,,31,228,12,339,,29,32,,,,80,2,,,350,6,440,10,1,,489,72,,25,0,,,27,,,,LWEA1628
Victorious Chivalry Wand,WEAPON\magic\e_wand\e_wand_131205_cr.txt,,6,242,1920000,0,30,88,8333,1091,578,,,,,,,,31,228,12,357,,29,26,,,,80,2,,,2600,14,402,11,1,323,490,37,89,,2,,,27,,,,LWEA1629
Victorious Chivalry Katars,WEAPON\katar\e_kka\e_kka_0114_cr.txt,,6,251,1510000,0,30,90,8334,1064,577,,,,,,,,31,228,11,347,,,,,,,80,2,,,250,16,413,4,0,,491,38,,5,4,,,27,,,,LWEA1630
Victorious Chivalry Dual Swords,WEAPON\dsw\e_dsw\e_dsw_0114_cr.txt,,6,252,1448350,0,30,91,8335,1092,577,,,,,,,,31,228,11,277,,,,,,,80,2,,,250,7,501,10,0,,492,63,,5,4,,,27,,,,LWEA1631
Chocolate Shortcake,WEAPON\far\shortcake\shortcake.txt,,,271,815,0,15,35,8476,1147,578,,,,,,,,,,,,,,,,,,30,2,,,2500,11,50,9,0,151,,,71,,1,,,,,,,LWEA1632
Strawberry Banana,WEAPON\twohand\choco_banana\choco_banana.txt,,,221,1000,0,20,35,8477,1148,576,,,,,,,,,,,,,,,,,,30,2,,,200,5,50,11,0,,131,39,,5,0,,,,,,,LWEA1633
Wonder Egg,,,6,242,10,0,3,40,8486,632,578,,,,,,,,,,,,,,,,,,75,2,,,1800,14,24,12,1,210,,37,89,,2,,,,,,,LWEA1634
Dual Carrots,,,,252,1000,0,10,36,2579,751,577,93,1,1832,1,,,,,,,,,,,,,,30,1,,,250,7,44,11,0,,111,38,,5,4,,,,,,,LWEA1635
Catching Net,WEAPON\twohand\mushiami_lance\mushiami_lance_0824_cr.txt,,6,222,0,0,2,30,8510,463,577,,,,,,,,,,,,,,,,,,30,0,,,200,6,5,10,0,,131,55,,25,1,,,,,,,LWEA1636
Rainbow Kokeshi Fan,WEAPON\kka_F1238.txt,,6,251,10,0,10,50,8511,1034,576,,,,,,,,,,,,,,,,,,50,2,,,320,16,50,7,0,,121,38,,5,1,,,,,,,LWEA1637
UFO Dual test,,,7,252,1000,0,10,40,8021,731,577,,,,,,,,,,,,,,,,,,75,4,,,250,7,47,11,0,,111,38,,5,4,,,,,,,LWEA1638
Chainsaw Test,WEAPON\twohand\chainsaw\chainsaw_0228_wa.txt,,7,221,1000,0,20,40,8032,402,576,,,,,,,,,,,,,,,,,,75,4,,,250,5,35,11,0,,640,39,,5,1,,,,,,,LWEA1639
Carrot,,,,211,1000,0,5,32,2581,751,577,93,1,1832,1,,,,,,,,,,,,,,30,1,,,200,1,20,10,0,,111,38,,5,2,,,,,,,LWEA1640
Frying Pan,,,6,271,1000,0,10,40,2640,361,578,,,,,,,,,,,,,,,,,,75,1,,,2000,11,52,10,0,151,,,71,,1,,,,,,,LWEA1641
Victorious Necromancer Sword,,,6,211,1312300,0,30,94,8684,1074,577,,,,,,,,31,228,10,367,,,,,,,80,2,,,250,1,445,9,0,,500,38,,5,2,,,28,,,,LWEA1642
Seahorse Bow,,,,231,0,0,10,33,2502,556,578,93,1,1839,1,,,,,,,,,14,15,,,,30,1,,,2200,10,30,10,0,151,,,71,0,0,,,,,,,LWEA1643
Dolphin Gun,,,,232,0,0,10,33,2503,557,578,93,1,1839,1,,,,,,,,,14,15,,,,30,1,,,2200,12,31,10,0,311,,82,78,0,0,,,,,,,LWEA1644
Shark Katar,,,,251,0,0,15,33,2504,752,577,93,1,1839,1,,,,,,,,,14,15,,,,30,1,,,250,16,27,9,0,,121,38,,5,4,,,,,,,LWEA1645
Victorious Necromancer Hammer,,,6,212,1423000,0,90,90,8685,1037,576,,,,,,,,31,228,10,383,,,,,,,80,2,,,250,3,469,11,0,,501,48,,15,2,,,28,,,,LWEA1646
Victorious Necromancer Bowgun,,,6,271,1384620,0,40,95,8686,1075,578,,,,,,,,31,228,10,291,,,,,,,80,2,,,2700,11,434,10,0,151,502,,71,,1,,,28,,,,LWEA1647
Victorious Necromancer Two-handed Sword,,,6,221,1421000,0,30,95,8687,1038,577,,,,,,,,31,228,10,366,,,,,,,80,2,,,250,5,481,10,0,,503,39,,5,2,,,28,,,,LWEA1648
Victorious Necromancer Two-handed Axe,,,6,223,1723150,0,80,99,8688,1087,576,,,,,,,,31,228,10,373,,,,,,,80,2,,,250,8,497,11,0,,504,63,,20,2,,,28,,,,LWEA1649
Victorious Necromancer Spear,,,6,222,1822650,0,100,90,8689,1088,577,,,,,,,,31,228,10,348,,,,,,,80,2,,,500,6,465,9,,,505,55,,25,2,,,28,,,,LWEA1650
Victorious Necromancer Bow,,,6,231,1523000,0,30,99,8690,1089,578,,,,,,,,31,228,11,349,,,,,,,80,2,,,3000,10,475,10,,151,506,,71,0,1,,,28,,,,LWEA1651
Victorious Necromancer Gun,,,6,232,1950000,0,50,101,8691,1059,578,,,,,,,,31,228,13,354,,,,,,,80,2,,,3300,12,486,9,0,171,507,84,78,0,0,,,28,,,,LWEA1652
Victorious Necromancer Launcher,,,6,233,1698700,0,30,103,8692,1090,576,,,,,,,,31,228,10,213,,,,,,,80,2,,,3600,9,519,12,0,191,508,84,78,0,0,,,28,,,,LWEA1653
Victorious Necromancer Staff,,,6,241,1956000,0,30,101,8693,1067,578,,,,,,,,31,228,12,339,,29,32,,,,80,2,,,350,6,440,10,1,,509,72,,25,2,,,28,,,,LWEA1654
Victorious Necromancer Wand,,,6,242,1920000,0,30,88,8694,1091,578,,,,,,,,31,228,12,357,,29,26,,,,80,2,,,2600,14,402,11,1,327,510,37,89,,2,,,28,,,,LWEA1655
Victorious Necromancer Katars,,,6,251,1510000,0,30,90,8695,1064,577,,,,,,,,31,228,11,347,,,,,,,80,2,,,250,16,413,4,0,,511,38,,5,4,,,28,,,,LWEA1656
Victorious Necromancer Dual Swords,,,6,252,1448350,0,30,91,8697,1092,577,,,,,,,,31,228,11,277,,,,,,,80,2,,,250,7,501,10,0,,512,63,,5,4,,,28,,,,LWEA1657
Monster Skull Crossbow,,,6,271,0,0,15,50,2796,251,578,,,,,,,,,,,,,,,,,,75,4,,,1800,11,10,9,0,,121,48,,5,1,,,,,,,LWEA1658
Halloween Umbrella,,,6,222,0,0,10,50,2797,251,577,,,,,,,,,,,,,,,,,,75,4,,,250,25,10,9,0,,121,48,,5,0,,,,,,,LWEA1659
Bat Umbrella,,,6,222,0,0,10,50,2798,251,577,,,,,,,,,,,,,,,,,,75,4,,,250,25,10,9,0,,121,48,,5,0,,,,,,,LWEA1660
Pink Bangasa Umbrella,,,6,222,0,0,5,50,2893,251,577,,,,,,,,,,,,,,,,,,75,4,,,250,25,10,9,0,,121,48,,5,0,,,,,,,LWEA1661
White Bangasa Umbrella,,,6,222,0,0,5,50,2894,251,577,,,,,,,,,,,,,,,,,,75,4,,,250,25,10,9,0,,121,48,,5,0,,,,,,,LWEA1662
Krawfy Claws,,,6,251,0,0,15,40,2895,702,577,,,,,,,,,,,,,,,,,,75,4,,,250,16,10,9,0,,121,38,,5,4,,,,,,,LWEA1663
Strawberry Rollcake,,,,233,1000,0,20,35,3610,1162,578,,,,,,,,,,,,,,,,,,30,2,,,3000,9,50,11,0,174,,84,78,0,0,,,,,,,LWEA1664
Dual Choco Bananas,,,,252,1000,0,30,35,3611,1148,577,,,,,,,,,,,,,,,,,,30,2,,,250,7,50,9,0,,111,37,,5,4,,,,,,,LWEA1665
Heart Wand,,,6,242,0,0,1,20,3926,1131,578,,,,,,,,,,,,,,,,,,30,2,,,1500,14,12,12,1,186,,37,89,,0,,,,,,,LWEA089
Victorious Eldritch Sword,WEAPON\onehand\e_onehand\e_onehand_0106_cr.txt,,6,211,1312300,0,30,94,8814,1074,577,,,,,,,,31,228,10,367,,,,,,,80,2,,,250,1,445,9,0,,513,38,,5,2,,,29,,,,LWEA1667
Sunfish Axe,,,6,223,1000,0,10,38,4349,1116,576,,,,,,,,,,,,,14,15,,,,40,2,,,150,8,33,11,0,,141,63,,20,2,,,,,,,LWEA1668
Squid Crossbow,,,,271,1000,0,10,44,4350,377,578,93,1,1839,1,,,,,,,,,14,15,,,,40,1,,,2000,11,48,10,0,151,,,71,,1,,,,,,,LWEA1669
Chocolate Mint Ice Cream,,,,241,1000,0,10,35,4352,656,578,93,1,1839,1,,,,,,,,,14,15,,,,40,1,,,250,6,25,10,1,,131,72,,25,1,,,,,,,LWEA1670
Blue Guitar Case,,,6,233,0,0,10,30,8720,561,578,,,,,,,,,,,,,,,,,,75,4,,,2500,9,30,7,0,174,,84,78,0,0,,,,,,,LWEA1671
Green Guitar Case,,,6,233,0,0,10,30,8721,561,578,,,,,,,,,,,,,,,,,,75,4,,,2500,9,30,7,0,174,,84,78,0,0,,,,,,,LWEA1672
Green Polka Dot Umbrella,,,6,222,0,0,10,50,5006,251,577,,,,,,,,,,,,,,,,,,75,4,,,250,25,10,9,0,,121,48,,5,,,,,,,,LWEA1673
Yellow Polka Dot Umbrella,,,6,222,0,0,10,50,5007,251,577,,,,,,,,,,,,,,,,,,75,4,,,250,25,10,9,0,,121,48,,5,,,,,,,,LWEA1674
Purple Kokeshi Fan,,,6,251,10,0,10,50,8771,1034,576,,,,,,,,,,,,,,,,,,50,2,,,320,16,50,7,0,,121,38,,5,1,,,,,,,LWEA1675
Blue Star Wand,,,6,242,0,0,3,50,8805,1033,576,,,,,,,,,,,,,,,,,,75,4,,,1200,14,50,12,1,316,,37,89,5,2,,,,,,,LWEA1676
Pink Star Wand,,,6,242,0,0,3,50,8806,1033,576,,,,,,,,,,,,,,,,,,75,4,,,1200,14,50,12,1,317,,37,89,5,2,,,,,,,LWEA1677
Victorious Eldritch Hammer,WEAPON\onehand\e_hammer\e_hammer_1224_cr.txt,,6,212,1423000,0,90,90,8815,1037,576,,,,,,,,31,228,10,383,,,,,,,80,2,,,250,3,469,11,0,,514,48,,15,2,,,29,,,,LWEA1678
Victorious Eldritch Bowgun,WEAPON\far\e_bowgun\e_bowgun_0114_cr.txt,,6,271,1384620,0,40,95,8816,1075,578,,,,,,,,31,228,10,291,,,,,,,80,2,,,2700,11,434,10,0,151,515,,71,,1,,,29,,,,LWEA1679
Victorious Eldritch Two-handed Sword,WEAPON\twohand\e_tsword\e_tsword_131205_cr.txt,,6,221,1421000,0,30,95,8817,1038,577,,,,,,,,31,228,10,366,,,,,,,80,2,,,250,5,481,10,0,,516,39,,5,2,,,29,,,,LWEA1680
Victorious Eldritch Two-handed Axe,WEAPON\twohand\e_axe\e_axe_0114_cr.txt,,6,223,1723150,0,80,99,8818,1087,576,,,,,,,,31,228,10,373,,,,,,,80,2,,,250,8,497,11,0,,517,63,,20,2,,,29,,,,LWEA1681
Victorious Eldritch Spear,WEAPON\twohand\e_lance\e_lance_131217_cr.txt,,6,222,1822650,0,100,90,8819,1088,577,,,,,,,,31,228,10,348,,,,,,,80,2,,,500,6,465,9,,,518,55,,25,2,,,29,,,,LWEA1682
Victorious Eldritch Bow,WEAPON\far\e_bow\e_bow_0106_cr.txt,,6,231,1523000,0,30,99,8820,1089,578,,,,,,,,31,228,11,349,,,,,,,80,2,,,3000,10,475,10,,151,519,,71,0,1,,,29,,,,LWEA1683
Victorious Eldritch Gun,WEAPON\far\e_gun\e_gun_0114_cr.txt,,6,232,1950000,0,50,101,8821,1059,578,,,,,,,,31,228,13,354,,,,,,,80,2,,,3300,12,486,9,0,171,521,84,78,0,0,,,29,,,,LWEA1684
Victorious Eldritch Launcher,WEAPON\far\e_cannon\e_cannon_0106_cr.txt,,6,233,1698700,0,30,103,8822,1090,576,,,,,,,,31,228,10,213,,,,,,,80,2,,,3600,9,519,12,0,191,522,84,78,0,0,,,29,,,,LWEA1685
Victorious Eldritch Staff,WEAPON\magic\e_magic\e_magic_131216_cr.txt,,6,241,1956000,0,30,101,8823,1067,578,,,,,,,,31,228,12,339,,29,32,,,,80,2,,,350,6,440,10,1,,523,72,,25,2,,,29,,,,LWEA1686
Victorious Eldritch Wand,WEAPON\magic\e_wand\e_wand_131205_cr.txt,,6,242,1920000,0,30,88,8824,1091,578,,,,,,,,31,228,12,357,,29,26,,,,80,2,,,2600,14,402,11,1,328,524,37,89,,2,,,29,,,,LWEA1687
Victorious Eldritch Katars,WEAPON\katar\e_kka\e_kka_0114_cr.txt,,6,251,1510000,0,30,90,8825,1064,577,,,,,,,,31,228,11,347,,,,,,,80,2,,,250,16,413,4,0,,525,38,,5,4,,,29,,,,LWEA1688
Victorious Eldritch Dual Swords,WEAPON\dsw\e_dsw\e_dsw_0114_cr.txt,,6,252,1448350,0,30,91,8827,1092,577,,,,,,,,31,228,11,277,,,,,,,80,2,,,250,7,501,10,0,,526,63,,5,4,,,29,,,,LWEA1689
Victorious Eldritch Launcher,,,6,233,1698700,0,30,103,8822,1090,576,,,,,,,,31,228,10,213,,,,,,,80,2,,,3600,9,519,12,0,191,522,84,78,0,0,,,29,,,,LWEA1690
Halloween Staff,,,,241,1000,0,5,40,8935,657,578,,,,,,,,,,,,,,,,,,75,4,,,250,6,28,10,1,,131,72,,25,1,,,,,,,LWEA1691
Pink Candle Sword,,,7,211,1000,0,5,40,8578,304,577,,,,,,,,,,,,,,,,,,75,4,,,200,1,23,10,0,,496,38,,5,2,,,,,,,LWEA1692
Whale Launcher,,,,233,1000,0,20,40,9137,658,578,93,1,1839,1,,,,,,,,,14,15,,,,40,1,,,2500,9,54,12,0,174,,84,78,0,0,,,,,,,LWEA1693
Victorious Astral Sword,,,6,211,1312300,0,30,94,8684,1074,577,,,,,,,,31,228,10,367,,,,,,,80,2,,,250,1,445,9,0,,527,38,,5,2,,,28,,,,LWEA1694
Ice Cream Gun,,,,232,0,0,10,33,9213,558,578,93,1,1839,1,,,,,,,,,14,15,,,,30,1,,,2200,12,31,10,0,175,,82,78,0,0,,,,,,,LWEA1695
Sakura Staff,,,6,241,1400,0,5,31,1287,601,578,,,,,,,,,,,,,,,,,,38,2,,,250,6,19,10,1,,131,72,,25,2,,,,,,,LWEA1696
Snowman Hammer,,,,212,1000,0,20,35,9310,1163,576,,,,,,,,,,,,,14,15,,,,30,1,,,200,3,50,12,0,,121,47,,15,0,,,,,,,LWEA1697
Wreath Katar,,,,251,1000,0,15,33,9312,753,577,,,,,,,,,,,,,14,15,,,,30,1,,,250,16,27,9,0,,121,38,,5,4,,,,,,,LWEA1698
Crosstree,,,,271,1000,0,10,44,9309,378,578,,,,,,,,,,,,,14,15,,,,40,1,,,2000,11,48,10,0,151,,,71,,1,,,,,,,LWEA1699
Stocking Launcher,,,,233,1000,0,20,40,9311,659,578,,,,,,,,,,,,,14,15,,,,40,1,,,2500,9,54,12,0,303,,84,78,0,0,,,,,,,LWEA1700
Victorious Lightning Sword,WEAPON\onehand\e_onehand\e_onehand_0106_cr.txt,,2,211,1312300,0,30,94,9507,1074,577,,,,,,,,31,228,10,367,,,,,,,80,2,,,250,1,445,9,0,,528,38,,5,2,,,30,1,,,LWEA1701
Victorious Lightning Hammer,WEAPON\onehand\e_hammer\e_hammer_1224_cr.txt,,2,212,1423000,0,90,90,9508,1037,576,,,,,,,,31,228,10,383,,,,,,,80,2,,,250,3,469,11,0,,529,48,,15,2,,,30,1,,,LWEA1702
Victorious Lightning Crossbow,WEAPON\far\e_bowgun\e_bowgun_0114_cr.txt,,2,271,1384620,,40,95,9509,1075,578,,,,,,,,31,228,10,291,,,,,,,80,2,,,2700,11,434,10,0,151,530,,71,,1,,,30,1,,,LWEA1703
Victorious Lightning Two-handed Sword,WEAPON\twohand\e_tsword\e_tsword_131205_cr.txt,,2,221,1421000,0,30,95,9510,1038,577,,,,,,,,31,228,10,366,,,,,,,80,2,,,250,5,481,10,0,,531,39,,5,2,,,30,1,,,LWEA1704
Victorious Lightning Axe,WEAPON\twohand\e_axe\e_axe_0114_cr.txt,,2,223,1723150,0,80,99,9511,1087,576,,,,,,,,31,228,10,373,,,,,,,80,2,,,250,8,497,11,0,,532,63,,20,,,,30,1,,,LWEA1705
Victorious Lightning Spear,WEAPON\twohand\e_lance\e_lance_131217_cr.txt,,2,222,1822650,0,100,90,9512,1088,577,,,,,,,,31,228,10,348,,,,,,,80,2,,,500,6,465,9,,,533,55,,25,2,,,30,1,,,LWEA1706
Victorious Lightning Bow,WEAPON\far\e_bow\e_bow_0106_cr.txt,,2,231,1523000,0,30,99,9513,1089,578,,,,,,,,31,228,11,349,,,,,,,80,2,,,3000,10,475,10,,151,534,,71,0,1,,,30,1,,,LWEA1707
Victorious Lightning Gun,WEAPON\far\e_gun\e_gun_0114_cr.txt,,2,232,1950000,0,50,101,9514,1059,578,,,,,,,,31,228,13,354,,,,,,,80,2,,,3300,12,486,9,0,171,535,84,78,0,,,,30,1,,,LWEA1708
Victorious Lightning Launcher,WEAPON\far\e_cannon\e_cannon_0106_cr.txt,,2,233,1698700,0,30,103,9516,1090,576,,,,,,,,31,228,10,213,,,,,,,80,2,,,3600,9,519,12,0,191,536,84,78,0,,,,30,1,,,LWEA1709
Victorious Lightning Staff,WEAPON\magic\e_magic\e_magic_131216_cr.txt,,2,241,1956000,0,30,101,9517,1067,578,,,,,,,,31,228,12,339,,29,32,,,,80,2,,,350,6,440,10,1,,537,72,,25,,,,30,1,,,LWEA1710
Victorious Lightning Wand,WEAPON\magic\e_wand\e_wand_131205_cr.txt,,2,242,1920000,0,30,88,9518,1091,578,,,,,,,,31,228,12,357,,29,26,,,,80,2,,,2600,14,402,11,1,203,538,37,89,,2,,,30,1,,,LWEA1711
Victorious Lightning Katars,WEAPON\katar\e_kka\e_kka_0114_cr.txt,,2,251,1510000,0,30,90,9519,1064,577,,,,,,,,31,228,11,347,,,,,,,80,2,,,250,16,413,4,0,,539,38,,5,4,,,30,1,,,LWEA1712
Victorious Lightning Dual Swords,WEAPON\dsw\e_dsw\e_dsw_0114_cr.txt,,2,252,1448350,0,30,91,9520,1092,577,,,,,,,,31,228,11,277,,,,,,,80,2,,,250,7,501,10,0,,540,63,,5,4,,,30,1,,,LWEA1713
Ghost Lantern,,,,241,1000,0,5,40,9597,666,578,,,,,,,,,,,,,,,,,,75,4,,,250,6,28,10,1,,131,72,,25,2,,,,,,,LWEA1714
Bat Bow,,,7,231,1000,0,10,33,9596,556,578,,,,,,,,,,,,,,,,,,75,1,,,2200,10,30,10,0,151,,,71,0,0,,,,,,,LWEA1715
Wild Banana,WEAPON\onehand\banana_sword\banana_sword_0121_cr.txt,,,212,1570,0,10,28,9641,387,576,,,,,,,,31,16,10,44,,,,,,,37,2,,,200,3,18,11,0,,121,47,,15,2,,,,,,,LWEA1716
Gibster's Bowgun,WEAPON\far\e_bowgun\e_bowgun_0114_cr.txt,,6,271,1000,0,30,10,9650,1075,578,,,,,,,,31,10,,,,,,,,,100,2,,,2700,11,10,10,0,151,,,71,,1,,,33,,,,LWEA1717
Gibster's Wand,WEAPON\magic\e_magic\e_magic_131216_cr.txt,,6,242,1000,0,30,10,9651,1067,578,,,,,,,,31,10,,,,,,,,,100,2,,,2600,14,10,11,1,205,,37,89,,2,,,33,,,,LWEA1718
Gibster's Staff,WEAPON\magic\e_wand\e_wand_131205_cr.txt,,6,241,1000,0,30,10,9652,1091,578,,,,,,,,31,10,,,,,,,,,100,2,,,350,6,10,11,1,,,72,,25,,,,33,,,,LWEA1719
Chocolate Blade,,,,221,1000,0,30,36,9703,424,576,,,,,,,,,,,,,,,,,,40,2,,,250,5,50,11,0,,131,39,,5,2,,,,,,,LWEA1720
Dragon Katar,,,7,251,1000,0,15,40,9702,702,577,,,,,,,,,,,,,,,,,,75,4,,,250,16,30,9,0,,121,38,,5,4,,,,,,,LWEA1721
Green Star Wand,,,6,242,0,0,3,50,9732,1033,576,,,,,,,,,,,,,,,,,,75,4,,,1200,14,50,12,1,330,,37,89,5,2,,,,,,,LWEA1722
Frog Launcher,,,6,233,1000,0,20,40,9745,658,578,,,,,,,,,,,,,,,,,,50,1,,,2500,9,54,12,0,174,,84,78,0,0,,,,,,,LWEA1723
Gibster's Katar,WEAPON\katar\e_kka\e_kka_0114_cr.txt,,6,251,1000,0,30,10,9786,1064,577,,,,,,,,31,10,,,,,,,,,100,2,,,250,16,10,4,0,,,38,,5,4,,,33,,,,LWEA1724
Iced Dual Swords,WEAPON\dsw\e_dsw\e_dsw_0114_cr.txt,,6,252,1448350,0,30,91,6374,1092,577,,,,,,,,31,228,11,277,,,,,,,75,2,,,250,7,501,10,0,,567,63,,5,4,,,24,1,,,LWEA1725
Iced Katars,WEAPON\katar\e_kka\e_kka_0114_cr.txt,,6,251,1510000,0,30,90,6375,1064,577,,,,,,,,31,228,11,347,,,,,,,73,2,,,250,16,413,4,0,,566,38,,5,4,,,24,1,,,LWEA1726
Iced Wand,WEAPON\magic\e_wand\e_wand_131205_cr.txt,,6,242,1920000,0,30,88,6376,1091,578,,,,,,,,31,228,12,357,,29,26,,,,73,2,,,2600,14,402,11,1,323,565,37,89,,2,,,24,1,,,LWEA1727
Iced Staff,WEAPON\magic\e_magic\e_magic_131216_cr.txt,,6,241,1956000,0,30,101,6377,1067,578,,,,,,,,31,228,12,339,,29,32,,,,75,2,,,350,6,440,10,1,,564,72,,25,,,,24,1,,,LWEA1728
Iced Launcher,WEAPON\far\e_cannon\e_cannon_0106_cr.txt,,6,233,1698700,0,30,103,6378,1090,576,,,,,,,,31,228,10,213,,,,,,,75,2,,,3600,9,519,12,0,191,563,84,78,0,,,,24,1,,,LWEA1729
Iced Gun,WEAPON\far\e_gun\e_gun_0114_cr.txt,,6,232,1950000,0,50,101,6379,1059,578,,,,,,,,31,228,13,354,,,,,,,73,2,,,3300,12,486,9,0,171,562,84,78,0,,,,24,1,,,LWEA1730
Iced Bow,WEAPON\far\e_bow\e_bow_0106_cr.txt,,6,231,1523000,0,30,99,6380,1089,578,,,,,,,,31,228,11,349,,,,,,,75,2,,,3000,10,475,10,,151,561,,71,0,1,,,24,1,,,LWEA1731
Iced Spear,WEAPON\twohand\e_lance\e_lance_131217_cr.txt,,6,222,1822650,0,100,90,6381,1088,577,,,,,,,,31,228,10,348,,,,,,,73,2,,,500,6,465,9,,,560,55,,25,2,,,24,1,,,LWEA1732
Iced Two-handed Axe,WEAPON\twohand\e_axe\e_axe_0114_cr.txt,,6,223,1723150,0,80,99,6368,1087,576,,,,,,,,31,228,10,373,,,,,,,75,2,,,250,8,497,11,0,,559,63,,20,,,,24,1,,,LWEA1733
Iced Two-handed Sword,WEAPON\twohand\e_tsword\e_tsword_131205_cr.txt,,6,221,1421000,0,30,95,6390,1038,577,,,,,,,,31,228,10,366,,,,,,,75,2,,,250,5,481,10,0,,558,39,,5,2,,,24,1,,,LWEA1734
Iced Bowgun,WEAPON\far\e_bowgun\e_bowgun_0114_cr.txt,,6,271,1384620,,40,95,6389,1075,578,,,,,,,,31,228,10,291,,,,,,,75,2,,,2700,11,434,10,0,151,557,,71,,1,,,24,1,,,LWEA1735
Iced Hammer,WEAPON\onehand\e_hammer\e_hammer_1224_cr.txt,,6,212,1423000,0,90,90,6388,1037,576,,,,,,,,31,228,10,383,,,,,,,82,2,,,250,3,469,11,0,,556,48,,15,2,,,24,1,,,LWEA1736
Iced Sword,WEAPON\onehand\e_onehand\e_onehand_0106_cr.txt,,6,211,1312300,0,30,94,6387,1074,577,,,,,,,,31,228,10,367,,,,,,,74,2,,,250,1,445,9,0,,555,38,,5,2,,,24,1,,,LWEA1737
,,,,,,,,,,,,,,,,,,,,,,,,,,,,,,,,,,,,,,,,,,,,,,,,,,
,,,,,,,,,,,,,,,,,,,,,,,,,,,,,,,,,,,,,,,,,,,,,,,,,,
Victorious Lava Sword,WEAPON\onehand\e_onehand\e_onehand_0106_cr.txt,,6,211,1312300,0,30,94,7165,1074,577,,,,,,,,31,228,10,367,,,,,,,80,2,,,250,1,445,9,0,,378,38,,5,2,,,25,1,,,LWEA1740
Victorious Lava Hammer,WEAPON\onehand\e_hammer\e_hammer_1224_cr.txt,,6,212,1423000,0,90,90,7166,1037,576,,,,,,,,31,228,10,383,,,,,,,80,2,,,250,3,469,11,0,,379,48,,15,2,,,25,1,,,LWEA1741
Victorious Lava Bowgun,WEAPON\far\e_bowgun\e_bowgun_0114_cr.txt,,6,271,1384620,,40,95,7167,1075,578,,,,,,,,31,228,10,291,,,,,,,80,2,,,2700,11,434,10,0,151,380,,71,,1,,,25,1,,,LWEA1742
Victorious Lava Two-handed Sword,WEAPON\twohand\e_tsword\e_tsword_131205_cr.txt,,6,221,1421000,0,30,95,7168,1038,577,,,,,,,,31,228,10,366,,,,,,,80,2,,,250,5,481,10,0,,381,39,,5,2,,,25,1,,,LWEA1743
Victorious Lava Two-handed Axe,WEAPON\twohand\e_axe\e_axe_0114_cr.txt,,6,223,1723150,0,80,99,7169,1087,576,,,,,,,,31,228,10,373,,,,,,,80,2,,,250,8,497,11,0,,382,63,,20,,,,25,1,,,LWEA1744
Victorious Lava Spear,WEAPON\twohand\e_lance\e_lance_131217_cr.txt,,6,222,1822650,0,100,90,7170,1088,577,,,,,,,,31,228,10,348,,,,,,,80,2,,,500,6,465,9,,,383,55,,25,2,,,25,1,,,LWEA1745
Victorious Lava Bow,WEAPON\far\e_bow\e_bow_0106_cr.txt,,6,231,1523000,0,30,99,7171,1089,578,,,,,,,,31,228,11,349,,,,,,,80,2,,,3000,10,475,10,,151,384,,71,0,1,,,25,1,,,LWEA1746
Victorious Lava Gun,WEAPON\far\e_gun\e_gun_0114_cr.txt,,6,232,1950000,0,50,101,7172,1059,578,,,,,,,,31,228,13,354,,,,,,,80,2,,,3300,12,486,9,0,171,385,84,78,0,,,,25,1,,,LWEA1747
Victorious Lava Launcher,WEAPON\far\e_cannon\e_cannon_0106_cr.txt,,6,233,1698700,0,30,103,7173,1090,576,,,,,,,,31,228,10,213,,,,,,,80,2,,,3600,9,519,12,0,191,386,84,78,0,,,,25,1,,,LWEA1748
Victorious Lava Staff,WEAPON\magic\e_magic\e_magic_131216_cr.txt,,6,241,1956000,0,30,101,7174,1067,578,,,,,,,,31,228,12,339,,29,32,,,,80,2,,,350,6,440,10,1,,387,72,,25,,,,25,1,,,LWEA1749
Victorious Lava Wand,WEAPON\magic\e_wand\e_wand_131205_cr.txt,,6,242,1920000,0,30,88,7176,1091,578,,,,,,,,31,228,12,357,,29,26,,,,80,2,,,2600,14,402,11,1,217,388,37,89,,2,,,25,1,,,LWEA1750
Victorious Lava Katars,WEAPON\katar\e_kka\e_kka_0114_cr.txt,,6,251,1510000,0,30,90,7177,1064,577,,,,,,,,31,228,11,347,,,,,,,80,2,,,250,16,413,4,0,,389,38,,5,4,,,25,1,,,LWEA1751
Victorious Lava Dual Swords,WEAPON\dsw\e_dsw\e_dsw_0114_cr.txt,,6,252,1448350,0,30,91,7178,1092,577,,,,,,,,31,228,11,277,,,,,,,80,2,,,250,7,501,10,0,,390,63,,5,4,,,25,1,,,LWEA1752
Victorious Lava Glaive,WEAPON\glaives\e_glaives\e_glaives.txt,,6,580,1235640,0,60,93,7179,627,577,,,,,,,,31,228,11,279,,,,,,,80,2,,,250,20,199,10,0,,131,63,,5,2,,,25,1,,,LWEA1753
Victorious Lava Glaive,WEAPON\glaives\e_glaives\e_glaives.txt,,6,580,1235640,1,60,93,7180,627,577,,,,,,,,31,228,11,279,,,,,,,80,2,,,250,20,199,10,0,,131,63,,5,0,,,25,1,,,LWEA1754
Requiem of Souls Sword,weapon\onehand\glitter_handsword.txt,,,211,1101250,0,40,92,9893,1164,577,,,,,,,,140,15,10,388,,20,12,,21,-20,76,2,,,250,1,485,10,0,,111,38,,5,2,,,10,,,,LWEA028
Requiem of Souls Hammer,WEAPON\onehand\glittler_handhammer.txt,,,212,1184511,0,100,92,9894,1165,576,,,,,,,,140,15,10,399,,26,12,,19,-20,83,2,,,250,3,509,11,,,121,48,,15,2,,,10,,,,LWEA059
Requiem of Souls Crossbow,WEAPON\far\glitter_crossbow.txt,,,271,1098740,0,40,92,9895,1166,578,,,,,,,,140,15,10,309,,20,12,,22,-12,76,2,,,2800,11,474,10,0,151,,,71,,1,,,10,,,,LWEA081
Requiem of Souls Claymore,WEAPON\twohand_glittler_twohandsword.txt,,,221,1254156,0,100,98,9896,1167,576,,,,,,,,140,15,10,388,,20,12,,21,-20,76,2,,,250,5,521,11,0,,131,39,,5,2,,,10,,,,LWEA129
Requiem of Souls Axe,WEAPON\twohand\glitter_axe.txt,,,223,957750,0,70,101,9897,1168,576,,,,,,,,140,15,10,392,,26,15,,38,-100,71,2,,,250,8,537,12,0,,141,63,,20,,,,10,,,,LWEA155
Requiem of Souls Spear,WEAPON\twohand\glitter_lance.txt,,,222,1455142,0,100,93,9898,1169,577,,,,,,,,140,15,10,359,,26,12,,19,-20,74,2,,,500,6,505,9,,,131,55,,25,2,,,10,,,,LWEA188
Requiem of Souls Bow,WEAPON\far\glitter_bow.txt,,,231,1215481,0,40,101,9899,1170,578,,,,,,,,140,15,11,372,,20,12,,21,-15,76,2,,,3200,10,515,10,,151,,,71,0,1,,,10,,,,LWEA230
Requiem of Souls Gun,WEAPON\far\glittler_gun.txt,,,232,1584451,,70,103,9900,1171,578,,,,,,,,140,15,13,375,,24,12,,21,-20,74,2,,,3400,12,526,10,0,171,,84,78,0,,,,10,,,,LWEA258
Requiem of Souls Cannon,WEAPON\far\glittler_canon.txt,,,233,1844515,,30,105,9901,1172,576,,,,,,,,140,15,10,220,,24,12,,19,-20,76,2,,,3700,9,559,12,0,191,,84,78,0,0,,,10,,,,LWEA289
Requiem of Souls Staff,WEAPON\magic\glittler_stick,,,241,1611458,0,50,103,9902,1173,578,,,,,,,,140,15,12,354,,38,170,,21,-20,76,2,,,350,6,480,10,1,,131,72,,25,2,,,10,,,,LWEA327
Requiem of Souls Scepter,WEAPON\magic\glittler_wand.txt,,,242,1611154,0,40,88,9903,1174,578,,,,,,,,140,15,12,381,,23,120,,19,-20,74,2,,,2800,14,442,12,1,323,,37,89,,2,,,10,,,,LWEA359
Requiem of Souls Claws,WEAPON\katar\glittler_katar.txt,,,251,1211455,0,40,91,9904,1175,577,,,,,,,,140,15,11,362,,26,12,,22,-20,74,2,,,250,16,453,5,0,,121,38,,5,4,,,10,,,,LWEA428
Requiem of Souls Dual Wield,WEAPON\dsw\glitter_dagger.txt,,,252,1193050,0,50,93,9906,1176,577,,,,,,,,140,15,11,291,,20,12,,22,-20,76,2,,,250,7,541,10,0,,131,63,,5,4,,,10,,,,LWEA453
Requiem of Souls Glaive,WEAPON\glaives\glittler_glaive.txt,,,580,484151,0,110,92,9907,1177,577,,,,,,,,140,15,11,301,,20,8,,19,-10,76,2,,,250,20,219,10,0,,131,63,,5,2,,,10,,,,LWEA1306
Requiem of Souls Glaive,WEAPON\glaives\glittler_glaive.txt,,,580,484151,1,110,92,9908,1177,577,,,,,,,,140,15,11,301,,26,8,,20,-10,76,2,,,250,20,219,10,0,,131,63,,5,0,,,10,,,,LWEA1307
Victorious Glacial Sword,WEAPON\onehand\e_onehand\e_onehand_0106_cr.txt,,2,211,1312300,0,30,94,6387,1074,577,,,,,,,,31,228,10,367,,,,,,,74,2,,,250,1,445,9,0,,568,38,,5,2,,,24,1,,,LWEA1770
Victorious Glacial Hammer,WEAPON\onehand\e_hammer\e_hammer_1224_cr.txt,,2,212,1423000,0,90,90,6388,1037,576,,,,,,,,31,228,10,383,,,,,,,82,2,,,250,3,469,11,0,,569,48,,15,2,,,24,1,,,LWEA1771
Victorious Glacial Two-handed Sword,WEAPON\twohand\e_tsword\e_tsword_131205_cr.txt,,2,221,1421000,0,30,95,6390,1038,577,,,,,,,,31,228,10,366,,,,,,,75,2,,,250,5,481,10,0,,570,39,,5,2,,,24,1,,,LWEA1772
Victorious Glacial Bowgun,WEAPON\far\e_bowgun\e_bowgun_0114_cr.txt,,2,271,1384620,,40,95,6389,1075,578,,,,,,,,31,228,10,291,,,,,,,75,2,,,2700,11,434,10,0,151,571,,71,,1,,,24,1,,,LWEA1773
Victorious Glacial Spear,WEAPON\twohand\e_lance\e_lance_131217_cr.txt,,2,222,1822650,0,100,90,6381,1088,577,,,,,,,,31,228,10,348,,,,,,,73,2,,,500,6,465,9,,,572,55,,25,2,,,24,1,,,LWEA1774
Victorious Glacial Two-handed Axe,WEAPON\twohand\e_axe\e_axe_0114_cr.txt,,2,223,1723150,0,80,99,6368,1087,576,,,,,,,,31,228,10,373,,,,,,,75,2,,,250,8,497,11,0,,573,63,,20,,,,24,1,,,LWEA1775
Victorious Glacial Gun,WEAPON\far\e_gun\e_gun_0114_cr.txt,,2,232,1950000,0,50,101,6379,1059,578,,,,,,,,31,228,13,354,,,,,,,73,2,,,3300,12,486,9,0,171,574,84,78,0,,,,24,1,,,LWEA1776
Victorious Glacial Bow,WEAPON\far\e_bow\e_bow_0106_cr.txt,,2,231,1523000,0,30,99,6380,1089,578,,,,,,,,31,228,11,349,,,,,,,75,2,,,3000,10,475,10,,151,575,,71,0,1,,,24,1,,,LWEA1777
Victorious Glacial Launcher,WEAPON\far\e_cannon\e_cannon_0106_cr.txt,,2,233,1698700,0,30,103,6378,1090,576,,,,,,,,31,228,10,213,,,,,,,75,2,,,3600,9,519,12,0,191,576,84,78,0,,,,24,1,,,LWEA1778
Victorious Glacial Staff,WEAPON\magic\e_magic\e_magic_131216_cr.txt,,2,241,1956000,0,30,101,6377,1067,578,,,,,,,,31,228,12,339,,29,32,,,,75,2,,,350,6,440,10,1,,577,72,,25,,,,24,1,,,LWEA1779
Victorious Glacial Wand,WEAPON\magic\e_wand\e_wand_131205_cr.txt,,2,242,1920000,0,30,88,6376,1091,578,,,,,,,,31,228,12,357,,29,26,,,,73,2,,,2600,14,402,11,1,323,578,37,89,,2,,,24,1,,,LWEA1780
Victorious Glacial Katars,WEAPON\katar\e_kka\e_kka_0114_cr.txt,,2,251,1510000,0,30,90,6375,1064,577,,,,,,,,31,228,11,347,,,,,,,73,2,,,250,16,413,4,0,,579,38,,5,4,,,24,1,,,LWEA1781
Victorious Glacial Dual Swords,WEAPON\dsw\e_dsw\e_dsw_0114_cr.txt,,2,252,1448350,0,30,91,6374,1092,577,,,,,,,,31,228,11,277,,,,,,,75,2,,,250,7,501,10,0,,580,63,,5,4,,,24,1,,,LWEA1782
White Kokeshi Fan,WEAPON\kka_F1238.txt,,6,251,10,0,10,50,10120,1034,576,,,,,,,,,,,,,,,,,,50,2,,,320,16,50,7,0,,121,38,,5,1,,,,,,,LWEA1783
Orange Kokeshi Fan,WEAPON\kka_F1238.txt,,6,251,10,0,10,50,10121,1034,576,,,,,,,,,,,,,,,,,,50,2,,,320,16,50,7,0,,121,38,,5,1,,,,,,,LWEA1784
Blue Kokeshi Fan,WEAPON\kka_F1238.txt,,6,251,10,0,10,50,10122,1034,576,,,,,,,,,,,,,,,,,,50,2,,,320,16,50,7,0,,121,38,,5,1,,,,,,,LWEA1785
Sunshine Hearted Bow,WEAPON\far\far_career080\far_career080.txt,,6,231,1000,0,10,15,10123,1012,578,,,,,,,,,,,,,,,,,,50,2,,,1800,10,33,10,0,151,,,71,0,1,,,,,,,LWEA1786
Chocolate Cake Gun,,,,232,1000,0,10,35,10054,559,578,,,,,,,,,,,,,,,,,,30,2,,,2200,12,50,10,0,175,,82,78,0,2,,,,,,,LWEA1787
Crab Katar,,,,251,0,0,15,33,10170,754,577,93,1,1839,1,,,,,,,,,14,15,,,,30,1,,,250,16,27,9,0,,121,38,,5,4,,,,,,,LWEA1788
Striped Anchor,,,,223,0,0,20,35,10167,1178,576,93,1,1839,1,,,,,,,,,14,15,,,,30,1,,,200,8,50,11,0,,141,63,,20,2,,,,,,,LWEA1789
,,,,,,,,,,,,,,,,,,,,,,,,,,,,,,,,,,,,,,,,,,,,,,,,,,
,,,,,,,,,,,,,,,,,,,,,,,,,,,,,,,,,,,,,,,,,,,,,,,,,,
,,,,,,,,,,,,,,,,,,,,,,,,,,,,,,,,,,,,,,,,,,,,,,,,,,
,,,,,,,,,,,,,,,,,,,,,,,,,,,,,,,,,,,,,,,,,,,,,,,,,,
,,,,,,,,,,,,,,,,,,,,,,,,,,,,,,,,,,,,,,,,,,,,,,,,,,
,,,,,,,,,,,,,,,,,,,,,,,,,,,,,,,,,,,,,,,,,,,,,,,,,,
,,,,,,,,,,,,,,,,,,,,,,,,,,,,,,,,,,,,,,,,,,,,,,,,,,
,,,,,,,,,,,,,,,,,,,,,,,,,,,,,,,,,,,,,,,,,,,,,,,,,,
,,,,,,,,,,,,,,,,,,,,,,,,,,,,,,,,,,,,,,,,,,,,,,,,,,
,,,,,,,,,,,,,,,,,,,,,,,,,,,,,,,,,,,,,,,,,,,,,,,,,,
,,,,,,,,,,,,,,,,,,,,,,,,,,,,,,,,,,,,,,,,,,,,,,,,,,
,,,,,,,,,,,,,,,,,,,,,,,,,,,,,,,,,,,,,,,,,,,,,,,,,,
,,,,,,,,,,,,,,,,,,,,,,,,,,,,,,,,,,,,,,,,,,,,,,,,,,
,,,,,,,,,,,,,,,,,,,,,,,,,,,,,,,,,,,,,,,,,,,,,,,,,,
,,,,,,,,,,,,,,,,,,,,,,,,,,,,,,,,,,,,,,,,,,,,,,,,,,
,,,,,,,,,,,,,,,,,,,,,,,,,,,,,,,,,,,,,,,,,,,,,,,,,,
,,,,,,,,,,,,,,,,,,,,,,,,,,,,,,,,,,,,,,,,,,,,,,,,,,
,,,,,,,,,,,,,,,,,,,,,,,,,,,,,,,,,,,,,,,,,,,,,,,,,,
,,,,,,,,,,,,,,,,,,,,,,,,,,,,,,,,,,,,,,,,,,,,,,,,,,
,,,,,,,,,,,,,,,,,,,,,,,,,,,,,,,,,,,,,,,,,,,,,,,,,,
,,,,,,,,,,,,,,,,,,,,,,,,,,,,,,,,,,,,,,,,,,,,,,,,,,
,,,,,,,,,,,,,,,,,,,,,,,,,,,,,,,,,,,,,,,,,,,,,,,,,,
,,,,,,,,,,,,,,,,,,,,,,,,,,,,,,,,,,,,,,,,,,,,,,,,,,
,,,,,,,,,,,,,,,,,,,,,,,,,,,,,,,,,,,,,,,,,,,,,,,,,,
,,,,,,,,,,,,,,,,,,,,,,,,,,,,,,,,,,,,,,,,,,,,,,,,,,
,,,,,,,,,,,,,,,,,,,,,,,,,,,,,,,,,,,,,,,,,,,,,,,,,,
,,,,,,,,,,,,,,,,,,,,,,,,,,,,,,,,,,,,,,,,,,,,,,,,,,
,,,,,,,,,,,,,,,,,,,,,,,,,,,,,,,,,,,,,,,,,,,,,,,,,,
,,,,,,,,,,,,,,,,,,,,,,,,,,,,,,,,,,,,,,,,,,,,,,,,,,
,,,,,,,,,,,,,,,,,,,,,,,,,,,,,,,,,,,,,,,,,,,,,,,,,,
,,,,,,,,,,,,,,,,,,,,,,,,,,,,,,,,,,,,,,,,,,,,,,,,,,
,,,,,,,,,,,,,,,,,,,,,,,,,,,,,,,,,,,,,,,,,,,,,,,,,,
,,,,,,,,,,,,,,,,,,,,,,,,,,,,,,,,,,,,,,,,,,,,,,,,,,
,,,,,,,,,,,,,,,,,,,,,,,,,,,,,,,,,,,,,,,,,,,,,,,,,,
,,,,,,,,,,,,,,,,,,,,,,,,,,,,,,,,,,,,,,,,,,,,,,,,,,
,,,,,,,,,,,,,,,,,,,,,,,,,,,,,,,,,,,,,,,,,,,,,,,,,,
,,,,,,,,,,,,,,,,,,,,,,,,,,,,,,,,,,,,,,,,,,,,,,,,,,
,,,,,,,,,,,,,,,,,,,,,,,,,,,,,,,,,,,,,,,,,,,,,,,,,,
,,,,,,,,,,,,,,,,,,,,,,,,,,,,,,,,,,,,,,,,,,,,,,,,,,
,,,,,,,,,,,,,,,,,,,,,,,,,,,,,,,,,,,,,,,,,,,,,,,,,,
,,,,,,,,,,,,,,,,,,,,,,,,,,,,,,,,,,,,,,,,,,,,,,,,,,
,,,,,,,,,,,,,,,,,,,,,,,,,,,,,,,,,,,,,,,,,,,,,,,,,,
,,,,,,,,,,,,,,,,,,,,,,,,,,,,,,,,,,,,,,,,,,,,,,,,,,
,,,,,,,,,,,,,,,,,,,,,,,,,,,,,,,,,,,,,,,,,,,,,,,,,,
,,,,,,,,,,,,,,,,,,,,,,,,,,,,,,,,,,,,,,,,,,,,,,,,,,
,,,,,,,,,,,,,,,,,,,,,,,,,,,,,,,,,,,,,,,,,,,,,,,,,,
,,,,,,,,,,,,,,,,,,,,,,,,,,,,,,,,,,,,,,,,,,,,,,,,,,
,,,,,,,,,,,,,,,,,,,,,,,,,,,,,,,,,,,,,,,,,,,,,,,,,,
,,,,,,,,,,,,,,,,,,,,,,,,,,,,,,,,,,,,,,,,,,,,,,,,,,
,,,,,,,,,,,,,,,,,,,,,,,,,,,,,,,,,,,,,,,,,,,,,,,,,,
,,,,,,,,,,,,,,,,,,,,,,,,,,,,,,,,,,,,,,,,,,,,,,,,,,
,,,,,,,,,,,,,,,,,,,,,,,,,,,,,,,,,,,,,,,,,,,,,,,,,,
,,,,,,,,,,,,,,,,,,,,,,,,,,,,,,,,,,,,,,,,,,,,,,,,,,
,,,,,,,,,,,,,,,,,,,,,,,,,,,,,,,,,,,,,,,,,,,,,,,,,,
,,,,,,,,,,,,,,,,,,,,,,,,,,,,,,,,,,,,,,,,,,,,,,,,,,
,,,,,,,,,,,,,,,,,,,,,,,,,,,,,,,,,,,,,,,,,,,,,,,,,,
,,,,,,,,,,,,,,,,,,,,,,,,,,,,,,,,,,,,,,,,,,,,,,,,,,
,,,,,,,,,,,,,,,,,,,,,,,,,,,,,,,,,,,,,,,,,,,,,,,,,,
,,,,,,,,,,,,,,,,,,,,,,,,,,,,,,,,,,,,,,,,,,,,,,,,,,
,,,,,,,,,,,,,,,,,,,,,,,,,,,,,,,,,,,,,,,,,,,,,,,,,,
,,,,,,,,,,,,,,,,,,,,,,,,,,,,,,,,,,,,,,,,,,,,,,,,,,
,,,,,,,,,,,,,,,,,,,,,,,,,,,,,,,,,,,,,,,,,,,,,,,,,,
,,,,,,,,,,,,,,,,,,,,,,,,,,,,,,,,,,,,,,,,,,,,,,,,,,
,,,,,,,,,,,,,,,,,,,,,,,,,,,,,,,,,,,,,,,,,,,,,,,,,,
,,,,,,,,,,,,,,,,,,,,,,,,,,,,,,,,,,,,,,,,,,,,,,,,,,
,,,,,,,,,,,,,,,,,,,,,,,,,,,,,,,,,,,,,,,,,,,,,,,,,,
,,,,,,,,,,,,,,,,,,,,,,,,,,,,,,,,,,,,,,,,,,,,,,,,,,
,,,,,,,,,,,,,,,,,,,,,,,,,,,,,,,,,,,,,,,,,,,,,,,,,,
,,,,,,,,,,,,,,,,,,,,,,,,,,,,,,,,,,,,,,,,,,,,,,,,,,
,,,,,,,,,,,,,,,,,,,,,,,,,,,,,,,,,,,,,,,,,,,,,,,,,,
,,,,,,,,,,,,,,,,,,,,,,,,,,,,,,,,,,,,,,,,,,,,,,,,,,
,,,,,,,,,,,,,,,,,,,,,,,,,,,,,,,,,,,,,,,,,,,,,,,,,,
,,,,,,,,,,,,,,,,,,,,,,,,,,,,,,,,,,,,,,,,,,,,,,,,,,
,,,,,,,,,,,,,,,,,,,,,,,,,,,,,,,,,,,,,,,,,,,,,,,,,,
,,,,,,,,,,,,,,,,,,,,,,,,,,,,,,,,,,,,,,,,,,,,,,,,,,
,,,,,,,,,,,,,,,,,,,,,,,,,,,,,,,,,,,,,,,,,,,,,,,,,,
,,,,,,,,,,,,,,,,,,,,,,,,,,,,,,,,,,,,,,,,,,,,,,,,,,
,,,,,,,,,,,,,,,,,,,,,,,,,,,,,,,,,,,,,,,,,,,,,,,,,,
,,,,,,,,,,,,,,,,,,,,,,,,,,,,,,,,,,,,,,,,,,,,,,,,,,
,,,,,,,,,,,,,,,,,,,,,,,,,,,,,,,,,,,,,,,,,,,,,,,,,,
,,,,,,,,,,,,,,,,,,,,,,,,,,,,,,,,,,,,,,,,,,,,,,,,,,
,,,,,,,,,,,,,,,,,,,,,,,,,,,,,,,,,,,,,,,,,,,,,,,,,,
,,,,,,,,,,,,,,,,,,,,,,,,,,,,,,,,,,,,,,,,,,,,,,,,,,
,,,,,,,,,,,,,,,,,,,,,,,,,,,,,,,,,,,,,,,,,,,,,,,,,,
,,,,,,,,,,,,,,,,,,,,,,,,,,,,,,,,,,,,,,,,,,,,,,,,,,
,,,,,,,,,,,,,,,,,,,,,,,,,,,,,,,,,,,,,,,,,,,,,,,,,,
,,,,,,,,,,,,,,,,,,,,,,,,,,,,,,,,,,,,,,,,,,,,,,,,,,
,,,,,,,,,,,,,,,,,,,,,,,,,,,,,,,,,,,,,,,,,,,,,,,,,,
,,,,,,,,,,,,,,,,,,,,,,,,,,,,,,,,,,,,,,,,,,,,,,,,,,
,,,,,,,,,,,,,,,,,,,,,,,,,,,,,,,,,,,,,,,,,,,,,,,,,,
,,,,,,,,,,,,,,,,,,,,,,,,,,,,,,,,,,,,,,,,,,,,,,,,,,
,,,,,,,,,,,,,,,,,,,,,,,,,,,,,,,,,,,,,,,,,,,,,,,,,,
,,,,,,,,,,,,,,,,,,,,,,,,,,,,,,,,,,,,,,,,,,,,,,,,,,
,,,,,,,,,,,,,,,,,,,,,,,,,,,,,,,,,,,,,,,,,,,,,,,,,,
,,,,,,,,,,,,,,,,,,,,,,,,,,,,,,,,,,,,,,,,,,,,,,,,,,
,,,,,,,,,,,,,,,,,,,,,,,,,,,,,,,,,,,,,,,,,,,,,,,,,,
,,,,,,,,,,,,,,,,,,,,,,,,,,,,,,,,,,,,,,,,,,,,,,,,,,
,,,,,,,,,,,,,,,,,,,,,,,,,,,,,,,,,,,,,,,,,,,,,,,,,,
,,,,,,,,,,,,,,,,,,,,,,,,,,,,,,,,,,,,,,,,,,,,,,,,,,
,,,,,,,,,,,,,,,,,,,,,,,,,,,,,,,,,,,,,,,,,,,,,,,,,,
,,,,,,,,,,,,,,,,,,,,,,,,,,,,,,,,,,,,,,,,,,,,,,,,,,
,,,,,,,,,,,,,,,,,,,,,,,,,,,,,,,,,,,,,,,,,,,,,,,,,,
,,,,,,,,,,,,,,,,,,,,,,,,,,,,,,,,,,,,,,,,,,,,,,,,,,
,,,,,,,,,,,,,,,,,,,,,,,,,,,,,,,,,,,,,,,,,,,,,,,,,,
,,,,,,,,,,,,,,,,,,,,,,,,,,,,,,,,,,,,,,,,,,,,,,,,,,
,,,,,,,,,,,,,,,,,,,,,,,,,,,,,,,,,,,,,,,,,,,,,,,,,,
,,,,,,,,,,,,,,,,,,,,,,,,,,,,,,,,,,,,,,,,,,,,,,,,,,
,,,,,,,,,,,,,,,,,,,,,,,,,,,,,,,,,,,,,,,,,,,,,,,,,,
,,,,,,,,,,,,,,,,,,,,,,,,,,,,,,,,,,,,,,,,,,,,,,,,,,
,,,,,,,,,,,,,,,,,,,,,,,,,,,,,,,,,,,,,,,,,,,,,,,,,,
,,,,,,,,,,,,,,,,,,,,,,,,,,,,,,,,,,,,,,,,,,,,,,,,,,
,,,,,,,,,,,,,,,,,,,,,,,,,,,,,,,,,,,,,,,,,,,,,,,,,,
,,,,,,,,,,,,,,,,,,,,,,,,,,,,,,,,,,,,,,,,,,,,,,,,,,
,,,,,,,,,,,,,,,,,,,,,,,,,,,,,,,,,,,,,,,,,,,,,,,,,,
,,,,,,,,,,,,,,,,,,,,,,,,,,,,,,,,,,,,,,,,,,,,,,,,,,
,,,,,,,,,,,,,,,,,,,,,,,,,,,,,,,,,,,,,,,,,,,,,,,,,,
,,,,,,,,,,,,,,,,,,,,,,,,,,,,,,,,,,,,,,,,,,,,,,,,,,
,,,,,,,,,,,,,,,,,,,,,,,,,,,,,,,,,,,,,,,,,,,,,,,,,,
,,,,,,,,,,,,,,,,,,,,,,,,,,,,,,,,,,,,,,,,,,,,,,,,,,
,,,,,,,,,,,,,,,,,,,,,,,,,,,,,,,,,,,,,,,,,,,,,,,,,,
,,,,,,,,,,,,,,,,,,,,,,,,,,,,,,,,,,,,,,,,,,,,,,,,,,
,,,,,,,,,,,,,,,,,,,,,,,,,,,,,,,,,,,,,,,,,,,,,,,,,,
,,,,,,,,,,,,,,,,,,,,,,,,,,,,,,,,,,,,,,,,,,,,,,,,,,
,,,,,,,,,,,,,,,,,,,,,,,,,,,,,,,,,,,,,,,,,,,,,,,,,,
,,,,,,,,,,,,,,,,,,,,,,,,,,,,,,,,,,,,,,,,,,,,,,,,,,
,,,,,,,,,,,,,,,,,,,,,,,,,,,,,,,,,,,,,,,,,,,,,,,,,,
,,,,,,,,,,,,,,,,,,,,,,,,,,,,,,,,,,,,,,,,,,,,,,,,,,
,,,,,,,,,,,,,,,,,,,,,,,,,,,,,,,,,,,,,,,,,,,,,,,,,,
,,,,,,,,,,,,,,,,,,,,,,,,,,,,,,,,,,,,,,,,,,,,,,,,,,
,,,,,,,,,,,,,,,,,,,,,,,,,,,,,,,,,,,,,,,,,,,,,,,,,,
,,,,,,,,,,,,,,,,,,,,,,,,,,,,,,,,,,,,,,,,,,,,,,,,,,
,,,,,,,,,,,,,,,,,,,,,,,,,,,,,,,,,,,,,,,,,,,,,,,,,,
,,,,,,,,,,,,,,,,,,,,,,,,,,,,,,,,,,,,,,,,,,,,,,,,,,
,,,,,,,,,,,,,,,,,,,,,,,,,,,,,,,,,,,,,,,,,,,,,,,,,,
,,,,,,,,,,,,,,,,,,,,,,,,,,,,,,,,,,,,,,,,,,,,,,,,,,
,,,,,,,,,,,,,,,,,,,,,,,,,,,,,,,,,,,,,,,,,,,,,,,,,,
,,,,,,,,,,,,,,,,,,,,,,,,,,,,,,,,,,,,,,,,,,,,,,,,,,
,,,,,,,,,,,,,,,,,,,,,,,,,,,,,,,,,,,,,,,,,,,,,,,,,,
,,,,,,,,,,,,,,,,,,,,,,,,,,,,,,,,,,,,,,,,,,,,,,,,,,
,,,,,,,,,,,,,,,,,,,,,,,,,,,,,,,,,,,,,,,,,,,,,,,,,,
,,,,,,,,,,,,,,,,,,,,,,,,,,,,,,,,,,,,,,,,,,,,,,,,,,
,,,,,,,,,,,,,,,,,,,,,,,,,,,,,,,,,,,,,,,,,,,,,,,,,,
,,,,,,,,,,,,,,,,,,,,,,,,,,,,,,,,,,,,,,,,,,,,,,,,,,
,,,,,,,,,,,,,,,,,,,,,,,,,,,,,,,,,,,,,,,,,,,,,,,,,,
,,,,,,,,,,,,,,,,,,,,,,,,,,,,,,,,,,,,,,,,,,,,,,,,,,
,,,,,,,,,,,,,,,,,,,,,,,,,,,,,,,,,,,,,,,,,,,,,,,,,,
,,,,,,,,,,,,,,,,,,,,,,,,,,,,,,,,,,,,,,,,,,,,,,,,,,
,,,,,,,,,,,,,,,,,,,,,,,,,,,,,,,,,,,,,,,,,,,,,,,,,,
,,,,,,,,,,,,,,,,,,,,,,,,,,,,,,,,,,,,,,,,,,,,,,,,,,
,,,,,,,,,,,,,,,,,,,,,,,,,,,,,,,,,,,,,,,,,,,,,,,,,,
,,,,,,,,,,,,,,,,,,,,,,,,,,,,,,,,,,,,,,,,,,,,,,,,,,
,,,,,,,,,,,,,,,,,,,,,,,,,,,,,,,,,,,,,,,,,,,,,,,,,,
,,,,,,,,,,,,,,,,,,,,,,,,,,,,,,,,,,,,,,,,,,,,,,,,,,
,,,,,,,,,,,,,,,,,,,,,,,,,,,,,,,,,,,,,,,,,,,,,,,,,,
,,,,,,,,,,,,,,,,,,,,,,,,,,,,,,,,,,,,,,,,,,,,,,,,,,
,,,,,,,,,,,,,,,,,,,,,,,,,,,,,,,,,,,,,,,,,,,,,,,,,,
,,,,,,,,,,,,,,,,,,,,,,,,,,,,,,,,,,,,,,,,,,,,,,,,,,
,,,,,,,,,,,,,,,,,,,,,,,,,,,,,,,,,,,,,,,,,,,,,,,,,,
,,,,,,,,,,,,,,,,,,,,,,,,,,,,,,,,,,,,,,,,,,,,,,,,,,
,,,,,,,,,,,,,,,,,,,,,,,,,,,,,,,,,,,,,,,,,,,,,,,,,,
,,,,,,,,,,,,,,,,,,,,,,,,,,,,,,,,,,,,,,,,,,,,,,,,,,
,,,,,,,,,,,,,,,,,,,,,,,,,,,,,,,,,,,,,,,,,,,,,,,,,,
,,,,,,,,,,,,,,,,,,,,,,,,,,,,,,,,,,,,,,,,,,,,,,,,,,
,,,,,,,,,,,,,,,,,,,,,,,,,,,,,,,,,,,,,,,,,,,,,,,,,,
,,,,,,,,,,,,,,,,,,,,,,,,,,,,,,,,,,,,,,,,,,,,,,,,,,
,,,,,,,,,,,,,,,,,,,,,,,,,,,,,,,,,,,,,,,,,,,,,,,,,,
,,,,,,,,,,,,,,,,,,,,,,,,,,,,,,,,,,,,,,,,,,,,,,,,,,
,,,,,,,,,,,,,,,,,,,,,,,,,,,,,,,,,,,,,,,,,,,,,,,,,,
,,,,,,,,,,,,,,,,,,,,,,,,,,,,,,,,,,,,,,,,,,,,,,,,,,
,,,,,,,,,,,,,,,,,,,,,,,,,,,,,,,,,,,,,,,,,,,,,,,,,,
,,,,,,,,,,,,,,,,,,,,,,,,,,,,,,,,,,,,,,,,,,,,,,,,,,
,,,,,,,,,,,,,,,,,,,,,,,,,,,,,,,,,,,,,,,,,,,,,,,,,,
,,,,,,,,,,,,,,,,,,,,,,,,,,,,,,,,,,,,,,,,,,,,,,,,,,
,,,,,,,,,,,,,,,,,,,,,,,,,,,,,,,,,,,,,,,,,,,,,,,,,,
,,,,,,,,,,,,,,,,,,,,,,,,,,,,,,,,,,,,,,,,,,,,,,,,,,
,,,,,,,,,,,,,,,,,,,,,,,,,,,,,,,,,,,,,,,,,,,,,,,,,,
,,,,,,,,,,,,,,,,,,,,,,,,,,,,,,,,,,,,,,,,,,,,,,,,,,
,,,,,,,,,,,,,,,,,,,,,,,,,,,,,,,,,,,,,,,,,,,,,,,,,,
,,,,,,,,,,,,,,,,,,,,,,,,,,,,,,,,,,,,,,,,,,,,,,,,,,
,,,,,,,,,,,,,,,,,,,,,,,,,,,,,,,,,,,,,,,,,,,,,,,,,,
,,,,,,,,,,,,,,,,,,,,,,,,,,,,,,,,,,,,,,,,,,,,,,,,,,
,,,,,,,,,,,,,,,,,,,,,,,,,,,,,,,,,,,,,,,,,,,,,,,,,,
,,,,,,,,,,,,,,,,,,,,,,,,,,,,,,,,,,,,,,,,,,,,,,,,,,
,,,,,,,,,,,,,,,,,,,,,,,,,,,,,,,,,,,,,,,,,,,,,,,,,,
,,,,,,,,,,,,,,,,,,,,,,,,,,,,,,,,,,,,,,,,,,,,,,,,,,
,,,,,,,,,,,,,,,,,,,,,,,,,,,,,,,,,,,,,,,,,,,,,,,,,,
,,,,,,,,,,,,,,,,,,,,,,,,,,,,,,,,,,,,,,,,,,,,,,,,,,
,,,,,,,,,,,,,,,,,,,,,,,,,,,,,,,,,,,,,,,,,,,,,,,,,,
,,,,,,,,,,,,,,,,,,,,,,,,,,,,,,,,,,,,,,,,,,,,,,,,,,
,,,,,,,,,,,,,,,,,,,,,,,,,,,,,,,,,,,,,,,,,,,,,,,,,,
,,,,,,,,,,,,,,,,,,,,,,,,,,,,,,,,,,,,,,,,,,,,,,,,,,
,,,,,,,,,,,,,,,,,,,,,,,,,,,,,,,,,,,,,,,,,,,,,,,,,,
,,,,,,,,,,,,,,,,,,,,,,,,,,,,,,,,,,,,,,,,,,,,,,,,,,
,,,,,,,,,,,,,,,,,,,,,,,,,,,,,,,,,,,,,,,,,,,,,,,,,,
,,,,,,,,,,,,,,,,,,,,,,,,,,,,,,,,,,,,,,,,,,,,,,,,,,
,,,,,,,,,,,,,,,,,,,,,,,,,,,,,,,,,,,,,,,,,,,,,,,,,,
,,,,,,,,,,,,,,,,,,,,,,,,,,,,,,,,,,,,,,,,,,,,,,,,,,
,,,,,,,,,,,,,,,,,,,,,,,,,,,,,,,,,,,,,,,,,,,,,,,,,,
,,,,,,,,,,,,,,,,,,,,,,,,,,,,,,,,,,,,,,,,,,,,,,,,,,
,,,,,,,,,,,,,,,,,,,,,,,,,,,,,,,,,,,,,,,,,,,,,,,,,,
,,,,,,,,,,,,,,,,,,,,,,,,,,,,,,,,,,,,,,,,,,,,,,,,,,
,,,,,,,,,,,,,,,,,,,,,,,,,,,,,,,,,,,,,,,,,,,,,,,,,,
,,,,,,,,,,,,,,,,,,,,,,,,,,,,,,,,,,,,,,,,,,,,,,,,,,
,,,,,,,,,,,,,,,,,,,,,,,,,,,,,,,,,,,,,,,,,,,,,,,,,,
,,,,,,,,,,,,,,,,,,,,,,,,,,,,,,,,,,,,,,,,,,,,,,,,,,
,,,,,,,,,,,,,,,,,,,,,,,,,,,,,,,,,,,,,,,,,,,,,,,,,,
,,,,,,,,,,,,,,,,,,,,,,,,,,,,,,,,,,,,,,,,,,,,,,,,,,
,,,,,,,,,,,,,,,,,,,,,,,,,,,,,,,,,,,,,,,,,,,,,,,,,,
,,,,,,,,,,,,,,,,,,,,,,,,,,,,,,,,,,,,,,,,,,,,,,,,,,
,,,,,,,,,,,,,,,,,,,,,,,,,,,,,,,,,,,,,,,,,,,,,,,,,,
,,,,,,,,,,,,,,,,,,,,,,,,,,,,,,,,,,,,,,,,,,,,,,,,,,
,,,,,,,,,,,,,,,,,,,,,,,,,,,,,,,,,,,,,,,,,,,,,,,,,,
,,,,,,,,,,,,,,,,,,,,,,,,,,,,,,,,,,,,,,,,,,,,,,,,,,
,,,,,,,,,,,,,,,,,,,,,,,,,,,,,,,,,,,,,,,,,,,,,,,,,,
,,,,,,,,,,,,,,,,,,,,,,,,,,,,,,,,,,,,,,,,,,,,,,,,,,
,,,,,,,,,,,,,,,,,,,,,,,,,,,,,,,,,,,,,,,,,,,,,,,,,,
,,,,,,,,,,,,,,,,,,,,,,,,,,,,,,,,,,,,,,,,,,,,,,,,,,
,,,,,,,,,,,,,,,,,,,,,,,,,,,,,,,,,,,,,,,,,,,,,,,,,,
,,,,,,,,,,,,,,,,,,,,,,,,,,,,,,,,,,,,,,,,,,,,,,,,,,
,,,,,,,,,,,,,,,,,,,,,,,,,,,,,,,,,,,,,,,,,,,,,,,,,,
,,,,,,,,,,,,,,,,,,,,,,,,,,,,,,,,,,,,,,,,,,,,,,,,,,
,,,,,,,,,,,,,,,,,,,,,,,,,,,,,,,,,,,,,,,,,,,,,,,,,,
,,,,,,,,,,,,,,,,,,,,,,,,,,,,,,,,,,,,,,,,,,,,,,,,,,
,,,,,,,,,,,,,,,,,,,,,,,,,,,,,,,,,,,,,,,,,,,,,,,,,,
,,,,,,,,,,,,,,,,,,,,,,,,,,,,,,,,,,,,,,,,,,,,,,,,,,
,,,,,,,,,,,,,,,,,,,,,,,,,,,,,,,,,,,,,,,,,,,,,,,,,,
,,,,,,,,,,,,,,,,,,,,,,,,,,,,,,,,,,,,,,,,,,,,,,,,,,
,,,,,,,,,,,,,,,,,,,,,,,,,,,,,,,,,,,,,,,,,,,,,,,,,,
,,,,,,,,,,,,,,,,,,,,,,,,,,,,,,,,,,,,,,,,,,,,,,,,,,
,,,,,,,,,,,,,,,,,,,,,,,,,,,,,,,,,,,,,,,,,,,,,,,,,,
,,,,,,,,,,,,,,,,,,,,,,,,,,,,,,,,,,,,,,,,,,,,,,,,,,
,,,,,,,,,,,,,,,,,,,,,,,,,,,,,,,,,,,,,,,,,,,,,,,,,,
,,,,,,,,,,,,,,,,,,,,,,,,,,,,,,,,,,,,,,,,,,,,,,,,,,
,,,,,,,,,,,,,,,,,,,,,,,,,,,,,,,,,,,,,,,,,,,,,,,,,,
,,,,,,,,,,,,,,,,,,,,,,,,,,,,,,,,,,,,,,,,,,,,,,,,,,
,,,,,,,,,,,,,,,,,,,,,,,,,,,,,,,,,,,,,,,,,,,,,,,,,,
,,,,,,,,,,,,,,,,,,,,,,,,,,,,,,,,,,,,,,,,,,,,,,,,,,
,,,,,,,,,,,,,,,,,,,,,,,,,,,,,,,,,,,,,,,,,,,,,,,,,,
,,,,,,,,,,,,,,,,,,,,,,,,,,,,,,,,,,,,,,,,,,,,,,,,,,
,,,,,,,,,,,,,,,,,,,,,,,,,,,,,,,,,,,,,,,,,,,,,,,,,,
,,,,,,,,,,,,,,,,,,,,,,,,,,,,,,,,,,,,,,,,,,,,,,,,,,
,,,,,,,,,,,,,,,,,,,,,,,,,,,,,,,,,,,,,,,,,,,,,,,,,,
,,,,,,,,,,,,,,,,,,,,,,,,,,,,,,,,,,,,,,,,,,,,,,,,,,
,,,,,,,,,,,,,,,,,,,,,,,,,,,,,,,,,,,,,,,,,,,,,,,,,,
,,,,,,,,,,,,,,,,,,,,,,,,,,,,,,,,,,,,,,,,,,,,,,,,,,
,,,,,,,,,,,,,,,,,,,,,,,,,,,,,,,,,,,,,,,,,,,,,,,,,,
,,,,,,,,,,,,,,,,,,,,,,,,,,,,,,,,,,,,,,,,,,,,,,,,,,
,,,,,,,,,,,,,,,,,,,,,,,,,,,,,,,,,,,,,,,,,,,,,,,,,,
,,,,,,,,,,,,,,,,,,,,,,,,,,,,,,,,,,,,,,,,,,,,,,,,,,
,,,,,,,,,,,,,,,,,,,,,,,,,,,,,,,,,,,,,,,,,,,,,,,,,,
,,,,,,,,,,,,,,,,,,,,,,,,,,,,,,,,,,,,,,,,,,,,,,,,,,
,,,,,,,,,,,,,,,,,,,,,,,,,,,,,,,,,,,,,,,,,,,,,,,,,,
,,,,,,,,,,,,,,,,,,,,,,,,,,,,,,,,,,,,,,,,,,,,,,,,,,
,,,,,,,,,,,,,,,,,,,,,,,,,,,,,,,,,,,,,,,,,,,,,,,,,,
,,,,,,,,,,,,,,,,,,,,,,,,,,,,,,,,,,,,,,,,,,,,,,,,,,
,,,,,,,,,,,,,,,,,,,,,,,,,,,,,,,,,,,,,,,,,,,,,,,,,,
,,,,,,,,,,,,,,,,,,,,,,,,,,,,,,,,,,,,,,,,,,,,,,,,,,
,,,,,,,,,,,,,,,,,,,,,,,,,,,,,,,,,,,,,,,,,,,,,,,,,,
,,,,,,,,,,,,,,,,,,,,,,,,,,,,,,,,,,,,,,,,,,,,,,,,,,
,,,,,,,,,,,,,,,,,,,,,,,,,,,,,,,,,,,,,,,,,,,,,,,,,,
,,,,,,,,,,,,,,,,,,,,,,,,,,,,,,,,,,,,,,,,,,,,,,,,,,
,,,,,,,,,,,,,,,,,,,,,,,,,,,,,,,,,,,,,,,,,,,,,,,,,,
,,,,,,,,,,,,,,,,,,,,,,,,,,,,,,,,,,,,,,,,,,,,,,,,,,
,,,,,,,,,,,,,,,,,,,,,,,,,,,,,,,,,,,,,,,,,,,,,,,,,,
,,,,,,,,,,,,,,,,,,,,,,,,,,,,,,,,,,,,,,,,,,,,,,,,,,
,,,,,,,,,,,,,,,,,,,,,,,,,,,,,,,,,,,,,,,,,,,,,,,,,,
,,,,,,,,,,,,,,,,,,,,,,,,,,,,,,,,,,,,,,,,,,,,,,,,,,
,,,,,,,,,,,,,,,,,,,,,,,,,,,,,,,,,,,,,,,,,,,,,,,,,,
,,,,,,,,,,,,,,,,,,,,,,,,,,,,,,,,,,,,,,,,,,,,,,,,,,
,,,,,,,,,,,,,,,,,,,,,,,,,,,,,,,,,,,,,,,,,,,,,,,,,,
,,,,,,,,,,,,,,,,,,,,,,,,,,,,,,,,,,,,,,,,,,,,,,,,,,
,,,,,,,,,,,,,,,,,,,,,,,,,,,,,,,,,,,,,,,,,,,,,,,,,,
,,,,,,,,,,,,,,,,,,,,,,,,,,,,,,,,,,,,,,,,,,,,,,,,,,
,,,,,,,,,,,,,,,,,,,,,,,,,,,,,,,,,,,,,,,,,,,,,,,,,,
,,,,,,,,,,,,,,,,,,,,,,,,,,,,,,,,,,,,,,,,,,,,,,,,,,
,,,,,,,,,,,,,,,,,,,,,,,,,,,,,,,,,,,,,,,,,,,,,,,,,,
,,,,,,,,,,,,,,,,,,,,,,,,,,,,,,,,,,,,,,,,,,,,,,,,,,
,,,,,,,,,,,,,,,,,,,,,,,,,,,,,,,,,,,,,,,,,,,,,,,,,,
,,,,,,,,,,,,,,,,,,,,,,,,,,,,,,,,,,,,,,,,,,,,,,,,,,
,,,,,,,,,,,,,,,,,,,,,,,,,,,,,,,,,,,,,,,,,,,,,,,,,,
,,,,,,,,,,,,,,,,,,,,,,,,,,,,,,,,,,,,,,,,,,,,,,,,,,
,,,,,,,,,,,,,,,,,,,,,,,,,,,,,,,,,,,,,,,,,,,,,,,,,,
,,,,,,,,,,,,,,,,,,,,,,,,,,,,,,,,,,,,,,,,,,,,,,,,,,
,,,,,,,,,,,,,,,,,,,,,,,,,,,,,,,,,,,,,,,,,,,,,,,,,,
,,,,,,,,,,,,,,,,,,,,,,,,,,,,,,,,,,,,,,,,,,,,,,,,,,
,,,,,,,,,,,,,,,,,,,,,,,,,,,,,,,,,,,,,,,,,,,,,,,,,,
,,,,,,,,,,,,,,,,,,,,,,,,,,,,,,,,,,,,,,,,,,,,,,,,,,
,,,,,,,,,,,,,,,,,,,,,,,,,,,,,,,,,,,,,,,,,,,,,,,,,,
,,,,,,,,,,,,,,,,,,,,,,,,,,,,,,,,,,,,,,,,,,,,,,,,,,
,,,,,,,,,,,,,,,,,,,,,,,,,,,,,,,,,,,,,,,,,,,,,,,,,,
,,,,,,,,,,,,,,,,,,,,,,,,,,,,,,,,,,,,,,,,,,,,,,,,,,
,,,,,,,,,,,,,,,,,,,,,,,,,,,,,,,,,,,,,,,,,,,,,,,,,,
,,,,,,,,,,,,,,,,,,,,,,,,,,,,,,,,,,,,,,,,,,,,,,,,,,
,,,,,,,,,,,,,,,,,,,,,,,,,,,,,,,,,,,,,,,,,,,,,,,,,,
,,,,,,,,,,,,,,,,,,,,,,,,,,,,,,,,,,,,,,,,,,,,,,,,,,
,,,,,,,,,,,,,,,,,,,,,,,,,,,,,,,,,,,,,,,,,,,,,,,,,,
,,,,,,,,,,,,,,,,,,,,,,,,,,,,,,,,,,,,,,,,,,,,,,,,,,
,,,,,,,,,,,,,,,,,,,,,,,,,,,,,,,,,,,,,,,,,,,,,,,,,,
,,,,,,,,,,,,,,,,,,,,,,,,,,,,,,,,,,,,,,,,,,,,,,,,,,
,,,,,,,,,,,,,,,,,,,,,,,,,,,,,,,,,,,,,,,,,,,,,,,,,,
,,,,,,,,,,,,,,,,,,,,,,,,,,,,,,,,,,,,,,,,,,,,,,,,,,
,,,,,,,,,,,,,,,,,,,,,,,,,,,,,,,,,,,,,,,,,,,,,,,,,,
,,,,,,,,,,,,,,,,,,,,,,,,,,,,,,,,,,,,,,,,,,,,,,,,,,
,,,,,,,,,,,,,,,,,,,,,,,,,,,,,,,,,,,,,,,,,,,,,,,,,,
,,,,,,,,,,,,,,,,,,,,,,,,,,,,,,,,,,,,,,,,,,,,,,,,,,
,,,,,,,,,,,,,,,,,,,,,,,,,,,,,,,,,,,,,,,,,,,,,,,,,,
,,,,,,,,,,,,,,,,,,,,,,,,,,,,,,,,,,,,,,,,,,,,,,,,,,
,,,,,,,,,,,,,,,,,,,,,,,,,,,,,,,,,,,,,,,,,,,,,,,,,,
,,,,,,,,,,,,,,,,,,,,,,,,,,,,,,,,,,,,,,,,,,,,,,,,,,
,,,,,,,,,,,,,,,,,,,,,,,,,,,,,,,,,,,,,,,,,,,,,,,,,,
,,,,,,,,,,,,,,,,,,,,,,,,,,,,,,,,,,,,,,,,,,,,,,,,,,
,,,,,,,,,,,,,,,,,,,,,,,,,,,,,,,,,,,,,,,,,,,,,,,,,,
,,,,,,,,,,,,,,,,,,,,,,,,,,,,,,,,,,,,,,,,,,,,,,,,,,
,,,,,,,,,,,,,,,,,,,,,,,,,,,,,,,,,,,,,,,,,,,,,,,,,,
,,,,,,,,,,,,,,,,,,,,,,,,,,,,,,,,,,,,,,,,,,,,,,,,,,
,,,,,,,,,,,,,,,,,,,,,,,,,,,,,,,,,,,,,,,,,,,,,,,,,,
,,,,,,,,,,,,,,,,,,,,,,,,,,,,,,,,,,,,,,,,,,,,,,,,,,
,,,,,,,,,,,,,,,,,,,,,,,,,,,,,,,,,,,,,,,,,,,,,,,,,,
,,,,,,,,,,,,,,,,,,,,,,,,,,,,,,,,,,,,,,,,,,,,,,,,,,
,,,,,,,,,,,,,,,,,,,,,,,,,,,,,,,,,,,,,,,,,,,,,,,,,,
,,,,,,,,,,,,,,,,,,,,,,,,,,,,,,,,,,,,,,,,,,,,,,,,,,
,,,,,,,,,,,,,,,,,,,,,,,,,,,,,,,,,,,,,,,,,,,,,,,,,,
,,,,,,,,,,,,,,,,,,,,,,,,,,,,,,,,,,,,,,,,,,,,,,,,,,
,,,,,,,,,,,,,,,,,,,,,,,,,,,,,,,,,,,,,,,,,,,,,,,,,,
,,,,,,,,,,,,,,,,,,,,,,,,,,,,,,,,,,,,,,,,,,,,,,,,,,
,,,,,,,,,,,,,,,,,,,,,,,,,,,,,,,,,,,,,,,,,,,,,,,,,,
,,,,,,,,,,,,,,,,,,,,,,,,,,,,,,,,,,,,,,,,,,,,,,,,,,
,,,,,,,,,,,,,,,,,,,,,,,,,,,,,,,,,,,,,,,,,,,,,,,,,,
,,,,,,,,,,,,,,,,,,,,,,,,,,,,,,,,,,,,,,,,,,,,,,,,,,
,,,,,,,,,,,,,,,,,,,,,,,,,,,,,,,,,,,,,,,,,,,,,,,,,,
,,,,,,,,,,,,,,,,,,,,,,,,,,,,,,,,,,,,,,,,,,,,,,,,,,
,,,,,,,,,,,,,,,,,,,,,,,,,,,,,,,,,,,,,,,,,,,,,,,,,,
,,,,,,,,,,,,,,,,,,,,,,,,,,,,,,,,,,,,,,,,,,,,,,,,,,
,,,,,,,,,,,,,,,,,,,,,,,,,,,,,,,,,,,,,,,,,,,,,,,,,,
,,,,,,,,,,,,,,,,,,,,,,,,,,,,,,,,,,,,,,,,,,,,,,,,,,
,,,,,,,,,,,,,,,,,,,,,,,,,,,,,,,,,,,,,,,,,,,,,,,,,,
,,,,,,,,,,,,,,,,,,,,,,,,,,,,,,,,,,,,,,,,,,,,,,,,,,
,,,,,,,,,,,,,,,,,,,,,,,,,,,,,,,,,,,,,,,,,,,,,,,,,,
,,,,,,,,,,,,,,,,,,,,,,,,,,,,,,,,,,,,,,,,,,,,,,,,,,
,,,,,,,,,,,,,,,,,,,,,,,,,,,,,,,,,,,,,,,,,,,,,,,,,,
,,,,,,,,,,,,,,,,,,,,,,,,,,,,,,,,,,,,,,,,,,,,,,,,,,
,,,,,,,,,,,,,,,,,,,,,,,,,,,,,,,,,,,,,,,,,,,,,,,,,,
,,,,,,,,,,,,,,,,,,,,,,,,,,,,,,,,,,,,,,,,,,,,,,,,,,
,,,,,,,,,,,,,,,,,,,,,,,,,,,,,,,,,,,,,,,,,,,,,,,,,,
,,,,,,,,,,,,,,,,,,,,,,,,,,,,,,,,,,,,,,,,,,,,,,,,,,
,,,,,,,,,,,,,,,,,,,,,,,,,,,,,,,,,,,,,,,,,,,,,,,,,,
,,,,,,,,,,,,,,,,,,,,,,,,,,,,,,,,,,,,,,,,,,,,,,,,,,
,,,,,,,,,,,,,,,,,,,,,,,,,,,,,,,,,,,,,,,,,,,,,,,,,,
,,,,,,,,,,,,,,,,,,,,,,,,,,,,,,,,,,,,,,,,,,,,,,,,,,
,,,,,,,,,,,,,,,,,,,,,,,,,,,,,,,,,,,,,,,,,,,,,,,,,,
,,,,,,,,,,,,,,,,,,,,,,,,,,,,,,,,,,,,,,,,,,,,,,,,,,
,,,,,,,,,,,,,,,,,,,,,,,,,,,,,,,,,,,,,,,,,,,,,,,,,,
,,,,,,,,,,,,,,,,,,,,,,,,,,,,,,,,,,,,,,,,,,,,,,,,,,
,,,,,,,,,,,,,,,,,,,,,,,,,,,,,,,,,,,,,,,,,,,,,,,,,,
,,,,,,,,,,,,,,,,,,,,,,,,,,,,,,,,,,,,,,,,,,,,,,,,,,
,,,,,,,,,,,,,,,,,,,,,,,,,,,,,,,,,,,,,,,,,,,,,,,,,,
,,,,,,,,,,,,,,,,,,,,,,,,,,,,,,,,,,,,,,,,,,,,,,,,,,
,,,,,,,,,,,,,,,,,,,,,,,,,,,,,,,,,,,,,,,,,,,,,,,,,,
,,,,,,,,,,,,,,,,,,,,,,,,,,,,,,,,,,,,,,,,,,,,,,,,,,
,,,,,,,,,,,,,,,,,,,,,,,,,,,,,,,,,,,,,,,,,,,,,,,,,,
,,,,,,,,,,,,,,,,,,,,,,,,,,,,,,,,,,,,,,,,,,,,,,,,,,
,,,,,,,,,,,,,,,,,,,,,,,,,,,,,,,,,,,,,,,,,,,,,,,,,,
,,,,,,,,,,,,,,,,,,,,,,,,,,,,,,,,,,,,,,,,,,,,,,,,,,
,,,,,,,,,,,,,,,,,,,,,,,,,,,,,,,,,,,,,,,,,,,,,,,,,,
,,,,,,,,,,,,,,,,,,,,,,,,,,,,,,,,,,,,,,,,,,,,,,,,,,
,,,,,,,,,,,,,,,,,,,,,,,,,,,,,,,,,,,,,,,,,,,,,,,,,,
,,,,,,,,,,,,,,,,,,,,,,,,,,,,,,,,,,,,,,,,,,,,,,,,,,
,,,,,,,,,,,,,,,,,,,,,,,,,,,,,,,,,,,,,,,,,,,,,,,,,,
,,,,,,,,,,,,,,,,,,,,,,,,,,,,,,,,,,,,,,,,,,,,,,,,,,
,,,,,,,,,,,,,,,,,,,,,,,,,,,,,,,,,,,,,,,,,,,,,,,,,,
,,,,,,,,,,,,,,,,,,,,,,,,,,,,,,,,,,,,,,,,,,,,,,,,,,
,,,,,,,,,,,,,,,,,,,,,,,,,,,,,,,,,,,,,,,,,,,,,,,,,,
,,,,,,,,,,,,,,,,,,,,,,,,,,,,,,,,,,,,,,,,,,,,,,,,,,
,,,,,,,,,,,,,,,,,,,,,,,,,,,,,,,,,,,,,,,,,,,,,,,,,,
,,,,,,,,,,,,,,,,,,,,,,,,,,,,,,,,,,,,,,,,,,,,,,,,,,
,,,,,,,,,,,,,,,,,,,,,,,,,,,,,,,,,,,,,,,,,,,,,,,,,,
,,,,,,,,,,,,,,,,,,,,,,,,,,,,,,,,,,,,,,,,,,,,,,,,,,
,,,,,,,,,,,,,,,,,,,,,,,,,,,,,,,,,,,,,,,,,,,,,,,,,,
,,,,,,,,,,,,,,,,,,,,,,,,,,,,,,,,,,,,,,,,,,,,,,,,,,
,,,,,,,,,,,,,,,,,,,,,,,,,,,,,,,,,,,,,,,,,,,,,,,,,,
,,,,,,,,,,,,,,,,,,,,,,,,,,,,,,,,,,,,,,,,,,,,,,,,,,
,,,,,,,,,,,,,,,,,,,,,,,,,,,,,,,,,,,,,,,,,,,,,,,,,,
,,,,,,,,,,,,,,,,,,,,,,,,,,,,,,,,,,,,,,,,,,,,,,,,,,
,,,,,,,,,,,,,,,,,,,,,,,,,,,,,,,,,,,,,,,,,,,,,,,,,,
,,,,,,,,,,,,,,,,,,,,,,,,,,,,,,,,,,,,,,,,,,,,,,,,,,
,,,,,,,,,,,,,,,,,,,,,,,,,,,,,,,,,,,,,,,,,,,,,,,,,,
,,,,,,,,,,,,,,,,,,,,,,,,,,,,,,,,,,,,,,,,,,,,,,,,,,
,,,,,,,,,,,,,,,,,,,,,,,,,,,,,,,,,,,,,,,,,,,,,,,,,,
,,,,,,,,,,,,,,,,,,,,,,,,,,,,,,,,,,,,,,,,,,,,,,,,,,
,,,,,,,,,,,,,,,,,,,,,,,,,,,,,,,,,,,,,,,,,,,,,,,,,,
,,,,,,,,,,,,,,,,,,,,,,,,,,,,,,,,,,,,,,,,,,,,,,,,,,
,,,,,,,,,,,,,,,,,,,,,,,,,,,,,,,,,,,,,,,,,,,,,,,,,,
,,,,,,,,,,,,,,,,,,,,,,,,,,,,,,,,,,,,,,,,,,,,,,,,,,
,,,,,,,,,,,,,,,,,,,,,,,,,,,,,,,,,,,,,,,,,,,,,,,,,,
,,,,,,,,,,,,,,,,,,,,,,,,,,,,,,,,,,,,,,,,,,,,,,,,,,
,,,,,,,,,,,,,,,,,,,,,,,,,,,,,,,,,,,,,,,,,,,,,,,,,,
,,,,,,,,,,,,,,,,,,,,,,,,,,,,,,,,,,,,,,,,,,,,,,,,,,
,,,,,,,,,,,,,,,,,,,,,,,,,,,,,,,,,,,,,,,,,,,,,,,,,,
,,,,,,,,,,,,,,,,,,,,,,,,,,,,,,,,,,,,,,,,,,,,,,,,,,
,,,,,,,,,,,,,,,,,,,,,,,,,,,,,,,,,,,,,,,,,,,,,,,,,,
,,,,,,,,,,,,,,,,,,,,,,,,,,,,,,,,,,,,,,,,,,,,,,,,,,
,,,,,,,,,,,,,,,,,,,,,,,,,,,,,,,,,,,,,,,,,,,,,,,,,,
,,,,,,,,,,,,,,,,,,,,,,,,,,,,,,,,,,,,,,,,,,,,,,,,,,
,,,,,,,,,,,,,,,,,,,,,,,,,,,,,,,,,,,,,,,,,,,,,,,,,,
,,,,,,,,,,,,,,,,,,,,,,,,,,,,,,,,,,,,,,,,,,,,,,,,,,
,,,,,,,,,,,,,,,,,,,,,,,,,,,,,,,,,,,,,,,,,,,,,,,,,,
,,,,,,,,,,,,,,,,,,,,,,,,,,,,,,,,,,,,,,,,,,,,,,,,,,
,,,,,,,,,,,,,,,,,,,,,,,,,,,,,,,,,,,,,,,,,,,,,,,,,,
,,,,,,,,,,,,,,,,,,,,,,,,,,,,,,,,,,,,,,,,,,,,,,,,,,
,,,,,,,,,,,,,,,,,,,,,,,,,,,,,,,,,,,,,,,,,,,,,,,,,,
,,,,,,,,,,,,,,,,,,,,,,,,,,,,,,,,,,,,,,,,,,,,,,,,,,
,,,,,,,,,,,,,,,,,,,,,,,,,,,,,,,,,,,,,,,,,,,,,,,,,,
,,,,,,,,,,,,,,,,,,,,,,,,,,,,,,,,,,,,,,,,,,,,,,,,,,
,,,,,,,,,,,,,,,,,,,,,,,,,,,,,,,,,,,,,,,,,,,,,,,,,,
,,,,,,,,,,,,,,,,,,,,,,,,,,,,,,,,,,,,,,,,,,,,,,,,,,
,,,,,,,,,,,,,,,,,,,,,,,,,,,,,,,,,,,,,,,,,,,,,,,,,,
,,,,,,,,,,,,,,,,,,,,,,,,,,,,,,,,,,,,,,,,,,,,,,,,,,
,,,,,,,,,,,,,,,,,,,,,,,,,,,,,,,,,,,,,,,,,,,,,,,,,,
,,,,,,,,,,,,,,,,,,,,,,,,,,,,,,,,,,,,,,,,,,,,,,,,,,
,,,,,,,,,,,,,,,,,,,,,,,,,,,,,,,,,,,,,,,,,,,,,,,,,,
,,,,,,,,,,,,,,,,,,,,,,,,,,,,,,,,,,,,,,,,,,,,,,,,,,
,,,,,,,,,,,,,,,,,,,,,,,,,,,,,,,,,,,,,,,,,,,,,,,,,,
,,,,,,,,,,,,,,,,,,,,,,,,,,,,,,,,,,,,,,,,,,,,,,,,,,
,,,,,,,,,,,,,,,,,,,,,,,,,,,,,,,,,,,,,,,,,,,,,,,,,,
,,,,,,,,,,,,,,,,,,,,,,,,,,,,,,,,,,,,,,,,,,,,,,,,,,
,,,,,,,,,,,,,,,,,,,,,,,,,,,,,,,,,,,,,,,,,,,,,,,,,,
,,,,,,,,,,,,,,,,,,,,,,,,,,,,,,,,,,,,,,,,,,,,,,,,,,
,,,,,,,,,,,,,,,,,,,,,,,,,,,,,,,,,,,,,,,,,,,,,,,,,,
,,,,,,,,,,,,,,,,,,,,,,,,,,,,,,,,,,,,,,,,,,,,,,,,,,
,,,,,,,,,,,,,,,,,,,,,,,,,,,,,,,,,,,,,,,,,,,,,,,,,,
,,,,,,,,,,,,,,,,,,,,,,,,,,,,,,,,,,,,,,,,,,,,,,,,,,
,,,,,,,,,,,,,,,,,,,,,,,,,,,,,,,,,,,,,,,,,,,,,,,,,,
,,,,,,,,,,,,,,,,,,,,,,,,,,,,,,,,,,,,,,,,,,,,,,,,,,
,,,,,,,,,,,,,,,,,,,,,,,,,,,,,,,,,,,,,,,,,,,,,,,,,,
,,,,,,,,,,,,,,,,,,,,,,,,,,,,,,,,,,,,,,,,,,,,,,,,,,
,,,,,,,,,,,,,,,,,,,,,,,,,,,,,,,,,,,,,,,,,,,,,,,,,,
,,,,,,,,,,,,,,,,,,,,,,,,,,,,,,,,,,,,,,,,,,,,,,,,,,
,,,,,,,,,,,,,,,,,,,,,,,,,,,,,,,,,,,,,,,,,,,,,,,,,,
,,,,,,,,,,,,,,,,,,,,,,,,,,,,,,,,,,,,,,,,,,,,,,,,,,
,,,,,,,,,,,,,,,,,,,,,,,,,,,,,,,,,,,,,,,,,,,,,,,,,,
,,,,,,,,,,,,,,,,,,,,,,,,,,,,,,,,,,,,,,,,,,,,,,,,,,
,,,,,,,,,,,,,,,,,,,,,,,,,,,,,,,,,,,,,,,,,,,,,,,,,,
,,,,,,,,,,,,,,,,,,,,,,,,,,,,,,,,,,,,,,,,,,,,,,,,,,
,,,,,,,,,,,,,,,,,,,,,,,,,,,,,,,,,,,,,,,,,,,,,,,,,,
,,,,,,,,,,,,,,,,,,,,,,,,,,,,,,,,,,,,,,,,,,,,,,,,,,
,,,,,,,,,,,,,,,,,,,,,,,,,,,,,,,,,,,,,,,,,,,,,,,,,,
,,,,,,,,,,,,,,,,,,,,,,,,,,,,,,,,,,,,,,,,,,,,,,,,,,
,,,,,,,,,,,,,,,,,,,,,,,,,,,,,,,,,,,,,,,,,,,,,,,,,,
,,,,,,,,,,,,,,,,,,,,,,,,,,,,,,,,,,,,,,,,,,,,,,,,,,
,,,,,,,,,,,,,,,,,,,,,,,,,,,,,,,,,,,,,,,,,,,,,,,,,,
,,,,,,,,,,,,,,,,,,,,,,,,,,,,,,,,,,,,,,,,,,,,,,,,,,
,,,,,,,,,,,,,,,,,,,,,,,,,,,,,,,,,,,,,,,,,,,,,,,,,,
,,,,,,,,,,,,,,,,,,,,,,,,,,,,,,,,,,,,,,,,,,,,,,,,,,
,,,,,,,,,,,,,,,,,,,,,,,,,,,,,,,,,,,,,,,,,,,,,,,,,,
,,,,,,,,,,,,,,,,,,,,,,,,,,,,,,,,,,,,,,,,,,,,,,,,,,
,,,,,,,,,,,,,,,,,,,,,,,,,,,,,,,,,,,,,,,,,,,,,,,,,,
,,,,,,,,,,,,,,,,,,,,,,,,,,,,,,,,,,,,,,,,,,,,,,,,,,
,,,,,,,,,,,,,,,,,,,,,,,,,,,,,,,,,,,,,,,,,,,,,,,,,,
,,,,,,,,,,,,,,,,,,,,,,,,,,,,,,,,,,,,,,,,,,,,,,,,,,
,,,,,,,,,,,,,,,,,,,,,,,,,,,,,,,,,,,,,,,,,,,,,,,,,,
,,,,,,,,,,,,,,,,,,,,,,,,,,,,,,,,,,,,,,,,,,,,,,,,,,
,,,,,,,,,,,,,,,,,,,,,,,,,,,,,,,,,,,,,,,,,,,,,,,,,,
,,,,,,,,,,,,,,,,,,,,,,,,,,,,,,,,,,,,,,,,,,,,,,,,,,
,,,,,,,,,,,,,,,,,,,,,,,,,,,,,,,,,,,,,,,,,,,,,,,,,,
,,,,,,,,,,,,,,,,,,,,,,,,,,,,,,,,,,,,,,,,,,,,,,,,,,
,,,,,,,,,,,,,,,,,,,,,,,,,,,,,,,,,,,,,,,,,,,,,,,,,,
,,,,,,,,,,,,,,,,,,,,,,,,,,,,,,,,,,,,,,,,,,,,,,,,,,
,,,,,,,,,,,,,,,,,,,,,,,,,,,,,,,,,,,,,,,,,,,,,,,,,,
,,,,,,,,,,,,,,,,,,,,,,,,,,,,,,,,,,,,,,,,,,,,,,,,,,
,,,,,,,,,,,,,,,,,,,,,,,,,,,,,,,,,,,,,,,,,,,,,,,,,,
,,,,,,,,,,,,,,,,,,,,,,,,,,,,,,,,,,,,,,,,,,,,,,,,,,
,,,,,,,,,,,,,,,,,,,,,,,,,,,,,,,,,,,,,,,,,,,,,,,,,,
,,,,,,,,,,,,,,,,,,,,,,,,,,,,,,,,,,,,,,,,,,,,,,,,,,
,,,,,,,,,,,,,,,,,,,,,,,,,,,,,,,,,,,,,,,,,,,,,,,,,,
,,,,,,,,,,,,,,,,,,,,,,,,,,,,,,,,,,,,,,,,,,,,,,,,,,
,,,,,,,,,,,,,,,,,,,,,,,,,,,,,,,,,,,,,,,,,,,,,,,,,,
,,,,,,,,,,,,,,,,,,,,,,,,,,,,,,,,,,,,,,,,,,,,,,,,,,
,,,,,,,,,,,,,,,,,,,,,,,,,,,,,,,,,,,,,,,,,,,,,,,,,,
,,,,,,,,,,,,,,,,,,,,,,,,,,,,,,,,,,,,,,,,,,,,,,,,,,
,,,,,,,,,,,,,,,,,,,,,,,,,,,,,,,,,,,,,,,,,,,,,,,,,,
,,,,,,,,,,,,,,,,,,,,,,,,,,,,,,,,,,,,,,,,,,,,,,,,,,
,,,,,,,,,,,,,,,,,,,,,,,,,,,,,,,,,,,,,,,,,,,,,,,,,,
,,,,,,,,,,,,,,,,,,,,,,,,,,,,,,,,,,,,,,,,,,,,,,,,,,
,,,,,,,,,,,,,,,,,,,,,,,,,,,,,,,,,,,,,,,,,,,,,,,,,,
,,,,,,,,,,,,,,,,,,,,,,,,,,,,,,,,,,,,,,,,,,,,,,,,,,
,,,,,,,,,,,,,,,,,,,,,,,,,,,,,,,,,,,,,,,,,,,,,,,,,,
,,,,,,,,,,,,,,,,,,,,,,,,,,,,,,,,,,,,,,,,,,,,,,,,,,
,,,,,,,,,,,,,,,,,,,,,,,,,,,,,,,,,,,,,,,,,,,,,,,,,,
,,,,,,,,,,,,,,,,,,,,,,,,,,,,,,,,,,,,,,,,,,,,,,,,,,
,,,,,,,,,,,,,,,,,,,,,,,,,,,,,,,,,,,,,,,,,,,,,,,,,,
,,,,,,,,,,,,,,,,,,,,,,,,,,,,,,,,,,,,,,,,,,,,,,,,,,
,,,,,,,,,,,,,,,,,,,,,,,,,,,,,,,,,,,,,,,,,,,,,,,,,,
,,,,,,,,,,,,,,,,,,,,,,,,,,,,,,,,,,,,,,,,,,,,,,,,,,
,,,,,,,,,,,,,,,,,,,,,,,,,,,,,,,,,,,,,,,,,,,,,,,,,,
,,,,,,,,,,,,,,,,,,,,,,,,,,,,,,,,,,,,,,,,,,,,,,,,,,
,,,,,,,,,,,,,,,,,,,,,,,,,,,,,,,,,,,,,,,,,,,,,,,,,,
,,,,,,,,,,,,,,,,,,,,,,,,,,,,,,,,,,,,,,,,,,,,,,,,,,
,,,,,,,,,,,,,,,,,,,,,,,,,,,,,,,,,,,,,,,,,,,,,,,,,,
,,,,,,,,,,,,,,,,,,,,,,,,,,,,,,,,,,,,,,,,,,,,,,,,,,
,,,,,,,,,,,,,,,,,,,,,,,,,,,,,,,,,,,,,,,,,,,,,,,,,,
,,,,,,,,,,,,,,,,,,,,,,,,,,,,,,,,,,,,,,,,,,,,,,,,,,
,,,,,,,,,,,,,,,,,,,,,,,,,,,,,,,,,,,,,,,,,,,,,,,,,,
,,,,,,,,,,,,,,,,,,,,,,,,,,,,,,,,,,,,,,,,,,,,,,,,,,
,,,,,,,,,,,,,,,,,,,,,,,,,,,,,,,,,,,,,,,,,,,,,,,,,,
,,,,,,,,,,,,,,,,,,,,,,,,,,,,,,,,,,,,,,,,,,,,,,,,,,
,,,,,,,,,,,,,,,,,,,,,,,,,,,,,,,,,,,,,,,,,,,,,,,,,,
,,,,,,,,,,,,,,,,,,,,,,,,,,,,,,,,,,,,,,,,,,,,,,,,,,
,,,,,,,,,,,,,,,,,,,,,,,,,,,,,,,,,,,,,,,,,,,,,,,,,,
,,,,,,,,,,,,,,,,,,,,,,,,,,,,,,,,,,,,,,,,,,,,,,,,,,
,,,,,,,,,,,,,,,,,,,,,,,,,,,,,,,,,,,,,,,,,,,,,,,,,,
,,,,,,,,,,,,,,,,,,,,,,,,,,,,,,,,,,,,,,,,,,,,,,,,,,
,,,,,,,,,,,,,,,,,,,,,,,,,,,,,,,,,,,,,,,,,,,,,,,,,,
,,,,,,,,,,,,,,,,,,,,,,,,,,,,,,,,,,,,,,,,,,,,,,,,,,
,,,,,,,,,,,,,,,,,,,,,,,,,,,,,,,,,,,,,,,,,,,,,,,,,,
,,,,,,,,,,,,,,,,,,,,,,,,,,,,,,,,,,,,,,,,,,,,,,,,,,
,,,,,,,,,,,,,,,,,,,,,,,,,,,,,,,,,,,,,,,,,,,,,,,,,,
,,,,,,,,,,,,,,,,,,,,,,,,,,,,,,,,,,,,,,,,,,,,,,,,,,
,,,,,,,,,,,,,,,,,,,,,,,,,,,,,,,,,,,,,,,,,,,,,,,,,,
,,,,,,,,,,,,,,,,,,,,,,,,,,,,,,,,,,,,,,,,,,,,,,,,,,
,,,,,,,,,,,,,,,,,,,,,,,,,,,,,,,,,,,,,,,,,,,,,,,,,,
,,,,,,,,,,,,,,,,,,,,,,,,,,,,,,,,,,,,,,,,,,,,,,,,,,
,,,,,,,,,,,,,,,,,,,,,,,,,,,,,,,,,,,,,,,,,,,,,,,,,,
,,,,,,,,,,,,,,,,,,,,,,,,,,,,,,,,,,,,,,,,,,,,,,,,,,
,,,,,,,,,,,,,,,,,,,,,,,,,,,,,,,,,,,,,,,,,,,,,,,,,,
,,,,,,,,,,,,,,,,,,,,,,,,,,,,,,,,,,,,,,,,,,,,,,,,,,
,,,,,,,,,,,,,,,,,,,,,,,,,,,,,,,,,,,,,,,,,,,,,,,,,,
,,,,,,,,,,,,,,,,,,,,,,,,,,,,,,,,,,,,,,,,,,,,,,,,,,
,,,,,,,,,,,,,,,,,,,,,,,,,,,,,,,,,,,,,,,,,,,,,,,,,,
,,,,,,,,,,,,,,,,,,,,,,,,,,,,,,,,,,,,,,,,,,,,,,,,,,
,,,,,,,,,,,,,,,,,,,,,,,,,,,,,,,,,,,,,,,,,,,,,,,,,,
,,,,,,,,,,,,,,,,,,,,,,,,,,,,,,,,,,,,,,,,,,,,,,,,,,
,,,,,,,,,,,,,,,,,,,,,,,,,,,,,,,,,,,,,,,,,,,,,,,,,,
,,,,,,,,,,,,,,,,,,,,,,,,,,,,,,,,,,,,,,,,,,,,,,,,,,
,,,,,,,,,,,,,,,,,,,,,,,,,,,,,,,,,,,,,,,,,,,,,,,,,,
,,,,,,,,,,,,,,,,,,,,,,,,,,,,,,,,,,,,,,,,,,,,,,,,,,
,,,,,,,,,,,,,,,,,,,,,,,,,,,,,,,,,,,,,,,,,,,,,,,,,,
,,,,,,,,,,,,,,,,,,,,,,,,,,,,,,,,,,,,,,,,,,,,,,,,,,
,,,,,,,,,,,,,,,,,,,,,,,,,,,,,,,,,,,,,,,,,,,,,,,,,,
,,,,,,,,,,,,,,,,,,,,,,,,,,,,,,,,,,,,,,,,,,,,,,,,,,
,,,,,,,,,,,,,,,,,,,,,,,,,,,,,,,,,,,,,,,,,,,,,,,,,,
,,,,,,,,,,,,,,,,,,,,,,,,,,,,,,,,,,,,,,,,,,,,,,,,,,
,,,,,,,,,,,,,,,,,,,,,,,,,,,,,,,,,,,,,,,,,,,,,,,,,,
,,,,,,,,,,,,,,,,,,,,,,,,,,,,,,,,,,,,,,,,,,,,,,,,,,
,,,,,,,,,,,,,,,,,,,,,,,,,,,,,,,,,,,,,,,,,,,,,,,,,,
,,,,,,,,,,,,,,,,,,,,,,,,,,,,,,,,,,,,,,,,,,,,,,,,,,
,,,,,,,,,,,,,,,,,,,,,,,,,,,,,,,,,,,,,,,,,,,,,,,,,,
,,,,,,,,,,,,,,,,,,,,,,,,,,,,,,,,,,,,,,,,,,,,,,,,,,
,,,,,,,,,,,,,,,,,,,,,,,,,,,,,,,,,,,,,,,,,,,,,,,,,,
,,,,,,,,,,,,,,,,,,,,,,,,,,,,,,,,,,,,,,,,,,,,,,,,,,
,,,,,,,,,,,,,,,,,,,,,,,,,,,,,,,,,,,,,,,,,,,,,,,,,,
,,,,,,,,,,,,,,,,,,,,,,,,,,,,,,,,,,,,,,,,,,,,,,,,,,
,,,,,,,,,,,,,,,,,,,,,,,,,,,,,,,,,,,,,,,,,,,,,,,,,,
,,,,,,,,,,,,,,,,,,,,,,,,,,,,,,,,,,,,,,,,,,,,,,,,,,
,,,,,,,,,,,,,,,,,,,,,,,,,,,,,,,,,,,,,,,,,,,,,,,,,,
,,,,,,,,,,,,,,,,,,,,,,,,,,,,,,,,,,,,,,,,,,,,,,,,,,
,,,,,,,,,,,,,,,,,,,,,,,,,,,,,,,,,,,,,,,,,,,,,,,,,,
,,,,,,,,,,,,,,,,,,,,,,,,,,,,,,,,,,,,,,,,,,,,,,,,,,
,,,,,,,,,,,,,,,,,,,,,,,,,,,,,,,,,,,,,,,,,,,,,,,,,,
,,,,,,,,,,,,,,,,,,,,,,,,,,,,,,,,,,,,,,,,,,,,,,,,,,
,,,,,,,,,,,,,,,,,,,,,,,,,,,,,,,,,,,,,,,,,,,,,,,,,,
,,,,,,,,,,,,,,,,,,,,,,,,,,,,,,,,,,,,,,,,,,,,,,,,,,
,,,,,,,,,,,,,,,,,,,,,,,,,,,,,,,,,,,,,,,,,,,,,,,,,,
,,,,,,,,,,,,,,,,,,,,,,,,,,,,,,,,,,,,,,,,,,,,,,,,,,
,,,,,,,,,,,,,,,,,,,,,,,,,,,,,,,,,,,,,,,,,,,,,,,,,,
,,,,,,,,,,,,,,,,,,,,,,,,,,,,,,,,,,,,,,,,,,,,,,,,,,
,,,,,,,,,,,,,,,,,,,,,,,,,,,,,,,,,,,,,,,,,,,,,,,,,,
,,,,,,,,,,,,,,,,,,,,,,,,,,,,,,,,,,,,,,,,,,,,,,,,,,
,,,,,,,,,,,,,,,,,,,,,,,,,,,,,,,,,,,,,,,,,,,,,,,,,,
,,,,,,,,,,,,,,,,,,,,,,,,,,,,,,,,,,,,,,,,,,,,,,,,,,
,,,,,,,,,,,,,,,,,,,,,,,,,,,,,,,,,,,,,,,,,,,,,,,,,,
,,,,,,,,,,,,,,,,,,,,,,,,,,,,,,,,,,,,,,,,,,,,,,,,,,
,,,,,,,,,,,,,,,,,,,,,,,,,,,,,,,,,,,,,,,,,,,,,,,,,,
,,,,,,,,,,,,,,,,,,,,,,,,,,,,,,,,,,,,,,,,,,,,,,,,,,
,,,,,,,,,,,,,,,,,,,,,,,,,,,,,,,,,,,,,,,,,,,,,,,,,,
,,,,,,,,,,,,,,,,,,,,,,,,,,,,,,,,,,,,,,,,,,,,,,,,,,
,,,,,,,,,,,,,,,,,,,,,,,,,,,,,,,,,,,,,,,,,,,,,,,,,,
,,,,,,,,,,,,,,,,,,,,,,,,,,,,,,,,,,,,,,,,,,,,,,,,,,
,,,,,,,,,,,,,,,,,,,,,,,,,,,,,,,,,,,,,,,,,,,,,,,,,,
,,,,,,,,,,,,,,,,,,,,,,,,,,,,,,,,,,,,,,,,,,,,,,,,,,
,,,,,,,,,,,,,,,,,,,,,,,,,,,,,,,,,,,,,,,,,,,,,,,,,,
,,,,,,,,,,,,,,,,,,,,,,,,,,,,,,,,,,,,,,,,,,,,,,,,,,
,,,,,,,,,,,,,,,,,,,,,,,,,,,,,,,,,,,,,,,,,,,,,,,,,,
,,,,,,,,,,,,,,,,,,,,,,,,,,,,,,,,,,,,,,,,,,,,,,,,,,
,,,,,,,,,,,,,,,,,,,,,,,,,,,,,,,,,,,,,,,,,,,,,,,,,,
,,,,,,,,,,,,,,,,,,,,,,,,,,,,,,,,,,,,,,,,,,,,,,,,,,
,,,,,,,,,,,,,,,,,,,,,,,,,,,,,,,,,,,,,,,,,,,,,,,,,,
,,,,,,,,,,,,,,,,,,,,,,,,,,,,,,,,,,,,,,,,,,,,,,,,,,
,,,,,,,,,,,,,,,,,,,,,,,,,,,,,,,,,,,,,,,,,,,,,,,,,,
,,,,,,,,,,,,,,,,,,,,,,,,,,,,,,,,,,,,,,,,,,,,,,,,,,
,,,,,,,,,,,,,,,,,,,,,,,,,,,,,,,,,,,,,,,,,,,,,,,,,,
,,,,,,,,,,,,,,,,,,,,,,,,,,,,,,,,,,,,,,,,,,,,,,,,,,
,,,,,,,,,,,,,,,,,,,,,,,,,,,,,,,,,,,,,,,,,,,,,,,,,,
,,,,,,,,,,,,,,,,,,,,,,,,,,,,,,,,,,,,,,,,,,,,,,,,,,
,,,,,,,,,,,,,,,,,,,,,,,,,,,,,,,,,,,,,,,,,,,,,,,,,,
,,,,,,,,,,,,,,,,,,,,,,,,,,,,,,,,,,,,,,,,,,,,,,,,,,
,,,,,,,,,,,,,,,,,,,,,,,,,,,,,,,,,,,,,,,,,,,,,,,,,,
,,,,,,,,,,,,,,,,,,,,,,,,,,,,,,,,,,,,,,,,,,,,,,,,,,
,,,,,,,,,,,,,,,,,,,,,,,,,,,,,,,,,,,,,,,,,,,,,,,,,,
,,,,,,,,,,,,,,,,,,,,,,,,,,,,,,,,,,,,,,,,,,,,,,,,,,
,,,,,,,,,,,,,,,,,,,,,,,,,,,,,,,,,,,,,,,,,,,,,,,,,,
,,,,,,,,,,,,,,,,,,,,,,,,,,,,,,,,,,,,,,,,,,,,,,,,,,
,,,,,,,,,,,,,,,,,,,,,,,,,,,,,,,,,,,,,,,,,,,,,,,,,,
,,,,,,,,,,,,,,,,,,,,,,,,,,,,,,,,,,,,,,,,,,,,,,,,,,
,,,,,,,,,,,,,,,,,,,,,,,,,,,,,,,,,,,,,,,,,,,,,,,,,,
,,,,,,,,,,,,,,,,,,,,,,,,,,,,,,,,,,,,,,,,,,,,,,,,,,
,,,,,,,,,,,,,,,,,,,,,,,,,,,,,,,,,,,,,,,,,,,,,,,,,,
,,,,,,,,,,,,,,,,,,,,,,,,,,,,,,,,,,,,,,,,,,,,,,,,,,
,,,,,,,,,,,,,,,,,,,,,,,,,,,,,,,,,,,,,,,,,,,,,,,,,,
,,,,,,,,,,,,,,,,,,,,,,,,,,,,,,,,,,,,,,,,,,,,,,,,,,
,,,,,,,,,,,,,,,,,,,,,,,,,,,,,,,,,,,,,,,,,,,,,,,,,,
,,,,,,,,,,,,,,,,,,,,,,,,,,,,,,,,,,,,,,,,,,,,,,,,,,
,,,,,,,,,,,,,,,,,,,,,,,,,,,,,,,,,,,,,,,,,,,,,,,,,,
,,,,,,,,,,,,,,,,,,,,,,,,,,,,,,,,,,,,,,,,,,,,,,,,,,
,,,,,,,,,,,,,,,,,,,,,,,,,,,,,,,,,,,,,,,,,,,,,,,,,,
,,,,,,,,,,,,,,,,,,,,,,,,,,,,,,,,,,,,,,,,,,,,,,,,,,
,,,,,,,,,,,,,,,,,,,,,,,,,,,,,,,,,,,,,,,,,,,,,,,,,,
,,,,,,,,,,,,,,,,,,,,,,,,,,,,,,,,,,,,,,,,,,,,,,,,,,
,,,,,,,,,,,,,,,,,,,,,,,,,,,,,,,,,,,,,,,,,,,,,,,,,,
,,,,,,,,,,,,,,,,,,,,,,,,,,,,,,,,,,,,,,,,,,,,,,,,,,
,,,,,,,,,,,,,,,,,,,,,,,,,,,,,,,,,,,,,,,,,,,,,,,,,,
,,,,,,,,,,,,,,,,,,,,,,,,,,,,,,,,,,,,,,,,,,,,,,,,,,
,,,,,,,,,,,,,,,,,,,,,,,,,,,,,,,,,,,,,,,,,,,,,,,,,,
,,,,,,,,,,,,,,,,,,,,,,,,,,,,,,,,,,,,,,,,,,,,,,,,,,
,,,,,,,,,,,,,,,,,,,,,,,,,,,,,,,,,,,,,,,,,,,,,,,,,,
,,,,,,,,,,,,,,,,,,,,,,,,,,,,,,,,,,,,,,,,,,,,,,,,,,
,,,,,,,,,,,,,,,,,,,,,,,,,,,,,,,,,,,,,,,,,,,,,,,,,,
,,,,,,,,,,,,,,,,,,,,,,,,,,,,,,,,,,,,,,,,,,,,,,,,,,
,,,,,,,,,,,,,,,,,,,,,,,,,,,,,,,,,,,,,,,,,,,,,,,,,,
,,,,,,,,,,,,,,,,,,,,,,,,,,,,,,,,,,,,,,,,,,,,,,,,,,
,,,,,,,,,,,,,,,,,,,,,,,,,,,,,,,,,,,,,,,,,,,,,,,,,,
,,,,,,,,,,,,,,,,,,,,,,,,,,,,,,,,,,,,,,,,,,,,,,,,,,
,,,,,,,,,,,,,,,,,,,,,,,,,,,,,,,,,,,,,,,,,,,,,,,,,,
,,,,,,,,,,,,,,,,,,,,,,,,,,,,,,,,,,,,,,,,,,,,,,,,,,
,,,,,,,,,,,,,,,,,,,,,,,,,,,,,,,,,,,,,,,,,,,,,,,,,,
,,,,,,,,,,,,,,,,,,,,,,,,,,,,,,,,,,,,,,,,,,,,,,,,,,
,,,,,,,,,,,,,,,,,,,,,,,,,,,,,,,,,,,,,,,,,,,,,,,,,,
,,,,,,,,,,,,,,,,,,,,,,,,,,,,,,,,,,,,,,,,,,,,,,,,,,
,,,,,,,,,,,,,,,,,,,,,,,,,,,,,,,,,,,,,,,,,,,,,,,,,,
,,,,,,,,,,,,,,,,,,,,,,,,,,,,,,,,,,,,,,,,,,,,,,,,,,
,,,,,,,,,,,,,,,,,,,,,,,,,,,,,,,,,,,,,,,,,,,,,,,,,,
,,,,,,,,,,,,,,,,,,,,,,,,,,,,,,,,,,,,,,,,,,,,,,,,,,
,,,,,,,,,,,,,,,,,,,,,,,,,,,,,,,,,,,,,,,,,,,,,,,,,,
,,,,,,,,,,,,,,,,,,,,,,,,,,,,,,,,,,,,,,,,,,,,,,,,,,
,,,,,,,,,,,,,,,,,,,,,,,,,,,,,,,,,,,,,,,,,,,,,,,,,,
,,,,,,,,,,,,,,,,,,,,,,,,,,,,,,,,,,,,,,,,,,,,,,,,,,
,,,,,,,,,,,,,,,,,,,,,,,,,,,,,,,,,,,,,,,,,,,,,,,,,,
,,,,,,,,,,,,,,,,,,,,,,,,,,,,,,,,,,,,,,,,,,,,,,,,,,
,,,,,,,,,,,,,,,,,,,,,,,,,,,,,,,,,,,,,,,,,,,,,,,,,,
,,,,,,,,,,,,,,,,,,,,,,,,,,,,,,,,,,,,,,,,,,,,,,,,,,
,,,,,,,,,,,,,,,,,,,,,,,,,,,,,,,,,,,,,,,,,,,,,,,,,,
,,,,,,,,,,,,,,,,,,,,,,,,,,,,,,,,,,,,,,,,,,,,,,,,,,
,,,,,,,,,,,,,,,,,,,,,,,,,,,,,,,,,,,,,,,,,,,,,,,,,,
,,,,,,,,,,,,,,,,,,,,,,,,,,,,,,,,,,,,,,,,,,,,,,,,,,
,,,,,,,,,,,,,,,,,,,,,,,,,,,,,,,,,,,,,,,,,,,,,,,,,,
,,,,,,,,,,,,,,,,,,,,,,,,,,,,,,,,,,,,,,,,,,,,,,,,,,
,,,,,,,,,,,,,,,,,,,,,,,,,,,,,,,,,,,,,,,,,,,,,,,,,,
,,,,,,,,,,,,,,,,,,,,,,,,,,,,,,,,,,,,,,,,,,,,,,,,,,
,,,,,,,,,,,,,,,,,,,,,,,,,,,,,,,,,,,,,,,,,,,,,,,,,,
,,,,,,,,,,,,,,,,,,,,,,,,,,,,,,,,,,,,,,,,,,,,,,,,,,
,,,,,,,,,,,,,,,,,,,,,,,,,,,,,,,,,,,,,,,,,,,,,,,,,,
,,,,,,,,,,,,,,,,,,,,,,,,,,,,,,,,,,,,,,,,,,,,,,,,,,
,,,,,,,,,,,,,,,,,,,,,,,,,,,,,,,,,,,,,,,,,,,,,,,,,,
,,,,,,,,,,,,,,,,,,,,,,,,,,,,,,,,,,,,,,,,,,,,,,,,,,
,,,,,,,,,,,,,,,,,,,,,,,,,,,,,,,,,,,,,,,,,,,,,,,,,,
,,,,,,,,,,,,,,,,,,,,,,,,,,,,,,,,,,,,,,,,,,,,,,,,,,
,,,,,,,,,,,,,,,,,,,,,,,,,,,,,,,,,,,,,,,,,,,,,,,,,,
,,,,,,,,,,,,,,,,,,,,,,,,,,,,,,,,,,,,,,,,,,,,,,,,,,
,,,,,,,,,,,,,,,,,,,,,,,,,,,,,,,,,,,,,,,,,,,,,,,,,,
,,,,,,,,,,,,,,,,,,,,,,,,,,,,,,,,,,,,,,,,,,,,,,,,,,
,,,,,,,,,,,,,,,,,,,,,,,,,,,,,,,,,,,,,,,,,,,,,,,,,,
,,,,,,,,,,,,,,,,,,,,,,,,,,,,,,,,,,,,,,,,,,,,,,,,,,
,,,,,,,,,,,,,,,,,,,,,,,,,,,,,,,,,,,,,,,,,,,,,,,,,,
,,,,,,,,,,,,,,,,,,,,,,,,,,,,,,,,,,,,,,,,,,,,,,,,,,
,,,,,,,,,,,,,,,,,,,,,,,,,,,,,,,,,,,,,,,,,,,,,,,,,,
,,,,,,,,,,,,,,,,,,,,,,,,,,,,,,,,,,,,,,,,,,,,,,,,,,
,,,,,,,,,,,,,,,,,,,,,,,,,,,,,,,,,,,,,,,,,,,,,,,,,,
,,,,,,,,,,,,,,,,,,,,,,,,,,,,,,,,,,,,,,,,,,,,,,,,,,
,,,,,,,,,,,,,,,,,,,,,,,,,,,,,,,,,,,,,,,,,,,,,,,,,,
,,,,,,,,,,,,,,,,,,,,,,,,,,,,,,,,,,,,,,,,,,,,,,,,,,
,,,,,,,,,,,,,,,,,,,,,,,,,,,,,,,,,,,,,,,,,,,,,,,,,,
,,,,,,,,,,,,,,,,,,,,,,,,,,,,,,,,,,,,,,,,,,,,,,,,,,
,,,,,,,,,,,,,,,,,,,,,,,,,,,,,,,,,,,,,,,,,,,,,,,,,,
,,,,,,,,,,,,,,,,,,,,,,,,,,,,,,,,,,,,,,,,,,,,,,,,,,
,,,,,,,,,,,,,,,,,,,,,,,,,,,,,,,,,,,,,,,,,,,,,,,,,,
,,,,,,,,,,,,,,,,,,,,,,,,,,,,,,,,,,,,,,,,,,,,,,,,,,
,,,,,,,,,,,,,,,,,,,,,,,,,,,,,,,,,,,,,,,,,,,,,,,,,,
,,,,,,,,,,,,,,,,,,,,,,,,,,,,,,,,,,,,,,,,,,,,,,,,,,
,,,,,,,,,,,,,,,,,,,,,,,,,,,,,,,,,,,,,,,,,,,,,,,,,,
,,,,,,,,,,,,,,,,,,,,,,,,,,,,,,,,,,,,,,,,,,,,,,,,,,
,,,,,,,,,,,,,,,,,,,,,,,,,,,,,,,,,,,,,,,,,,,,,,,,,,
,,,,,,,,,,,,,,,,,,,,,,,,,,,,,,,,,,,,,,,,,,,,,,,,,,
,,,,,,,,,,,,,,,,,,,,,,,,,,,,,,,,,,,,,,,,,,,,,,,,,,
,,,,,,,,,,,,,,,,,,,,,,,,,,,,,,,,,,,,,,,,,,,,,,,,,,
,,,,,,,,,,,,,,,,,,,,,,,,,,,,,,,,,,,,,,,,,,,,,,,,,,
,,,,,,,,,,,,,,,,,,,,,,,,,,,,,,,,,,,,,,,,,,,,,,,,,,
,,,,,,,,,,,,,,,,,,,,,,,,,,,,,,,,,,,,,,,,,,,,,,,,,,
,,,,,,,,,,,,,,,,,,,,,,,,,,,,,,,,,,,,,,,,,,,,,,,,,,
,,,,,,,,,,,,,,,,,,,,,,,,,,,,,,,,,,,,,,,,,,,,,,,,,,
,,,,,,,,,,,,,,,,,,,,,,,,,,,,,,,,,,,,,,,,,,,,,,,,,,
,,,,,,,,,,,,,,,,,,,,,,,,,,,,,,,,,,,,,,,,,,,,,,,,,,
,,,,,,,,,,,,,,,,,,,,,,,,,,,,,,,,,,,,,,,,,,,,,,,,,,
,,,,,,,,,,,,,,,,,,,,,,,,,,,,,,,,,,,,,,,,,,,,,,,,,,
,,,,,,,,,,,,,,,,,,,,,,,,,,,,,,,,,,,,,,,,,,,,,,,,,,
,,,,,,,,,,,,,,,,,,,,,,,,,,,,,,,,,,,,,,,,,,,,,,,,,,
,,,,,,,,,,,,,,,,,,,,,,,,,,,,,,,,,,,,,,,,,,,,,,,,,,
,,,,,,,,,,,,,,,,,,,,,,,,,,,,,,,,,,,,,,,,,,,,,,,,,,
,,,,,,,,,,,,,,,,,,,,,,,,,,,,,,,,,,,,,,,,,,,,,,,,,,
,,,,,,,,,,,,,,,,,,,,,,,,,,,,,,,,,,,,,,,,,,,,,,,,,,
,,,,,,,,,,,,,,,,,,,,,,,,,,,,,,,,,,,,,,,,,,,,,,,,,,
,,,,,,,,,,,,,,,,,,,,,,,,,,,,,,,,,,,,,,,,,,,,,,,,,,
,,,,,,,,,,,,,,,,,,,,,,,,,,,,,,,,,,,,,,,,,,,,,,,,,,
,,,,,,,,,,,,,,,,,,,,,,,,,,,,,,,,,,,,,,,,,,,,,,,,,,
,,,,,,,,,,,,,,,,,,,,,,,,,,,,,,,,,,,,,,,,,,,,,,,,,,
,,,,,,,,,,,,,,,,,,,,,,,,,,,,,,,,,,,,,,,,,,,,,,,,,,
,,,,,,,,,,,,,,,,,,,,,,,,,,,,,,,,,,,,,,,,,,,,,,,,,,
,,,,,,,,,,,,,,,,,,,,,,,,,,,,,,,,,,,,,,,,,,,,,,,,,,
,,,,,,,,,,,,,,,,,,,,,,,,,,,,,,,,,,,,,,,,,,,,,,,,,,
,,,,,,,,,,,,,,,,,,,,,,,,,,,,,,,,,,,,,,,,,,,,,,,,,,
,,,,,,,,,,,,,,,,,,,,,,,,,,,,,,,,,,,,,,,,,,,,,,,,,,
,,,,,,,,,,,,,,,,,,,,,,,,,,,,,,,,,,,,,,,,,,,,,,,,,,
,,,,,,,,,,,,,,,,,,,,,,,,,,,,,,,,,,,,,,,,,,,,,,,,,,
,,,,,,,,,,,,,,,,,,,,,,,,,,,,,,,,,,,,,,,,,,,,,,,,,,
,,,,,,,,,,,,,,,,,,,,,,,,,,,,,,,,,,,,,,,,,,,,,,,,,,
,,,,,,,,,,,,,,,,,,,,,,,,,,,,,,,,,,,,,,,,,,,,,,,,,,
,,,,,,,,,,,,,,,,,,,,,,,,,,,,,,,,,,,,,,,,,,,,,,,,,,
,,,,,,,,,,,,,,,,,,,,,,,,,,,,,,,,,,,,,,,,,,,,,,,,,,
,,,,,,,,,,,,,,,,,,,,,,,,,,,,,,,,,,,,,,,,,,,,,,,,,,
,,,,,,,,,,,,,,,,,,,,,,,,,,,,,,,,,,,,,,,,,,,,,,,,,,
,,,,,,,,,,,,,,,,,,,,,,,,,,,,,,,,,,,,,,,,,,,,,,,,,,
,,,,,,,,,,,,,,,,,,,,,,,,,,,,,,,,,,,,,,,,,,,,,,,,,,
,,,,,,,,,,,,,,,,,,,,,,,,,,,,,,,,,,,,,,,,,,,,,,,,,,
,,,,,,,,,,,,,,,,,,,,,,,,,,,,,,,,,,,,,,,,,,,,,,,,,,
,,,,,,,,,,,,,,,,,,,,,,,,,,,,,,,,,,,,,,,,,,,,,,,,,,
,,,,,,,,,,,,,,,,,,,,,,,,,,,,,,,,,,,,,,,,,,,,,,,,,,
,,,,,,,,,,,,,,,,,,,,,,,,,,,,,,,,,,,,,,,,,,,,,,,,,,
,,,,,,,,,,,,,,,,,,,,,,,,,,,,,,,,,,,,,,,,,,,,,,,,,,
,,,,,,,,,,,,,,,,,,,,,,,,,,,,,,,,,,,,,,,,,,,,,,,,,,
,,,,,,,,,,,,,,,,,,,,,,,,,,,,,,,,,,,,,,,,,,,,,,,,,,
,,,,,,,,,,,,,,,,,,,,,,,,,,,,,,,,,,,,,,,,,,,,,,,,,,
,,,,,,,,,,,,,,,,,,,,,,,,,,,,,,,,,,,,,,,,,,,,,,,,,,
,,,,,,,,,,,,,,,,,,,,,,,,,,,,,,,,,,,,,,,,,,,,,,,,,,
,,,,,,,,,,,,,,,,,,,,,,,,,,,,,,,,,,,,,,,,,,,,,,,,,,
,,,,,,,,,,,,,,,,,,,,,,,,,,,,,,,,,,,,,,,,,,,,,,,,,,
,,,,,,,,,,,,,,,,,,,,,,,,,,,,,,,,,,,,,,,,,,,,,,,,,,
,,,,,,,,,,,,,,,,,,,,,,,,,,,,,,,,,,,,,,,,,,,,,,,,,,
,,,,,,,,,,,,,,,,,,,,,,,,,,,,,,,,,,,,,,,,,,,,,,,,,,
,,,,,,,,,,,,,,,,,,,,,,,,,,,,,,,,,,,,,,,,,,,,,,,,,,
,,,,,,,,,,,,,,,,,,,,,,,,,,,,,,,,,,,,,,,,,,,,,,,,,,
,,,,,,,,,,,,,,,,,,,,,,,,,,,,,,,,,,,,,,,,,,,,,,,,,,
,,,,,,,,,,,,,,,,,,,,,,,,,,,,,,,,,,,,,,,,,,,,,,,,,,
,,,,,,,,,,,,,,,,,,,,,,,,,,,,,,,,,,,,,,,,,,,,,,,,,,
,,,,,,,,,,,,,,,,,,,,,,,,,,,,,,,,,,,,,,,,,,,,,,,,,,
,,,,,,,,,,,,,,,,,,,,,,,,,,,,,,,,,,,,,,,,,,,,,,,,,,
,,,,,,,,,,,,,,,,,,,,,,,,,,,,,,,,,,,,,,,,,,,,,,,,,,
,,,,,,,,,,,,,,,,,,,,,,,,,,,,,,,,,,,,,,,,,,,,,,,,,,
,,,,,,,,,,,,,,,,,,,,,,,,,,,,,,,,,,,,,,,,,,,,,,,,,,
,,,,,,,,,,,,,,,,,,,,,,,,,,,,,,,,,,,,,,,,,,,,,,,,,,
,,,,,,,,,,,,,,,,,,,,,,,,,,,,,,,,,,,,,,,,,,,,,,,,,,
,,,,,,,,,,,,,,,,,,,,,,,,,,,,,,,,,,,,,,,,,,,,,,,,,,
,,,,,,,,,,,,,,,,,,,,,,,,,,,,,,,,,,,,,,,,,,,,,,,,,,
,,,,,,,,,,,,,,,,,,,,,,,,,,,,,,,,,,,,,,,,,,,,,,,,,,
,,,,,,,,,,,,,,,,,,,,,,,,,,,,,,,,,,,,,,,,,,,,,,,,,,
,,,,,,,,,,,,,,,,,,,,,,,,,,,,,,,,,,,,,,,,,,,,,,,,,,
,,,,,,,,,,,,,,,,,,,,,,,,,,,,,,,,,,,,,,,,,,,,,,,,,,
,,,,,,,,,,,,,,,,,,,,,,,,,,,,,,,,,,,,,,,,,,,,,,,,,,
,,,,,,,,,,,,,,,,,,,,,,,,,,,,,,,,,,,,,,,,,,,,,,,,,,
,,,,,,,,,,,,,,,,,,,,,,,,,,,,,,,,,,,,,,,,,,,,,,,,,,
,,,,,,,,,,,,,,,,,,,,,,,,,,,,,,,,,,,,,,,,,,,,,,,,,,
,,,,,,,,,,,,,,,,,,,,,,,,,,,,,,,,,,,,,,,,,,,,,,,,,,
,,,,,,,,,,,,,,,,,,,,,,,,,,,,,,,,,,,,,,,,,,,,,,,,,,
,,,,,,,,,,,,,,,,,,,,,,,,,,,,,,,,,,,,,,,,,,,,,,,,,,
,,,,,,,,,,,,,,,,,,,,,,,,,,,,,,,,,,,,,,,,,,,,,,,,,,
,,,,,,,,,,,,,,,,,,,,,,,,,,,,,,,,,,,,,,,,,,,,,,,,,,
,,,,,,,,,,,,,,,,,,,,,,,,,,,,,,,,,,,,,,,,,,,,,,,,,,
,,,,,,,,,,,,,,,,,,,,,,,,,,,,,,,,,,,,,,,,,,,,,,,,,,
,,,,,,,,,,,,,,,,,,,,,,,,,,,,,,,,,,,,,,,,,,,,,,,,,,
,,,,,,,,,,,,,,,,,,,,,,,,,,,,,,,,,,,,,,,,,,,,,,,,,,
,,,,,,,,,,,,,,,,,,,,,,,,,,,,,,,,,,,,,,,,,,,,,,,,,,
,,,,,,,,,,,,,,,,,,,,,,,,,,,,,,,,,,,,,,,,,,,,,,,,,,
,,,,,,,,,,,,,,,,,,,,,,,,,,,,,,,,,,,,,,,,,,,,,,,,,,
,,,,,,,,,,,,,,,,,,,,,,,,,,,,,,,,,,,,,,,,,,,,,,,,,,
,,,,,,,,,,,,,,,,,,,,,,,,,,,,,,,,,,,,,,,,,,,,,,,,,,
,,,,,,,,,,,,,,,,,,,,,,,,,,,,,,,,,,,,,,,,,,,,,,,,,,
,,,,,,,,,,,,,,,,,,,,,,,,,,,,,,,,,,,,,,,,,,,,,,,,,,
,,,,,,,,,,,,,,,,,,,,,,,,,,,,,,,,,,,,,,,,,,,,,,,,,,
,,,,,,,,,,,,,,,,,,,,,,,,,,,,,,,,,,,,,,,,,,,,,,,,,,
,,,,,,,,,,,,,,,,,,,,,,,,,,,,,,,,,,,,,,,,,,,,,,,,,,
,,,,,,,,,,,,,,,,,,,,,,,,,,,,,,,,,,,,,,,,,,,,,,,,,,
,,,,,,,,,,,,,,,,,,,,,,,,,,,,,,,,,,,,,,,,,,,,,,,,,,
,,,,,,,,,,,,,,,,,,,,,,,,,,,,,,,,,,,,,,,,,,,,,,,,,,
,,,,,,,,,,,,,,,,,,,,,,,,,,,,,,,,,,,,,,,,,,,,,,,,,,
,,,,,,,,,,,,,,,,,,,,,,,,,,,,,,,,,,,,,,,,,,,,,,,,,,
,,,,,,,,,,,,,,,,,,,,,,,,,,,,,,,,,,,,,,,,,,,,,,,,,,
,,,,,,,,,,,,,,,,,,,,,,,,,,,,,,,,,,,,,,,,,,,,,,,,,,
,,,,,,,,,,,,,,,,,,,,,,,,,,,,,,,,,,,,,,,,,,,,,,,,,,
,,,,,,,,,,,,,,,,,,,,,,,,,,,,,,,,,,,,,,,,,,,,,,,,,,
,,,,,,,,,,,,,,,,,,,,,,,,,,,,,,,,,,,,,,,,,,,,,,,,,,
,,,,,,,,,,,,,,,,,,,,,,,,,,,,,,,,,,,,,,,,,,,,,,,,,,
,,,,,,,,,,,,,,,,,,,,,,,,,,,,,,,,,,,,,,,,,,,,,,,,,,
,,,,,,,,,,,,,,,,,,,,,,,,,,,,,,,,,,,,,,,,,,,,,,,,,,
,,,,,,,,,,,,,,,,,,,,,,,,,,,,,,,,,,,,,,,,,,,,,,,,,,
,,,,,,,,,,,,,,,,,,,,,,,,,,,,,,,,,,,,,,,,,,,,,,,,,,
,,,,,,,,,,,,,,,,,,,,,,,,,,,,,,,,,,,,,,,,,,,,,,,,,,
,,,,,,,,,,,,,,,,,,,,,,,,,,,,,,,,,,,,,,,,,,,,,,,,,,
,,,,,,,,,,,,,,,,,,,,,,,,,,,,,,,,,,,,,,,,,,,,,,,,,,
,,,,,,,,,,,,,,,,,,,,,,,,,,,,,,,,,,,,,,,,,,,,,,,,,,
,,,,,,,,,,,,,,,,,,,,,,,,,,,,,,,,,,,,,,,,,,,,,,,,,,
,,,,,,,,,,,,,,,,,,,,,,,,,,,,,,,,,,,,,,,,,,,,,,,,,,
,,,,,,,,,,,,,,,,,,,,,,,,,,,,,,,,,,,,,,,,,,,,,,,,,,
,,,,,,,,,,,,,,,,,,,,,,,,,,,,,,,,,,,,,,,,,,,,,,,,,,
,,,,,,,,,,,,,,,,,,,,,,,,,,,,,,,,,,,,,,,,,,,,,,,,,,
,,,,,,,,,,,,,,,,,,,,,,,,,,,,,,,,,,,,,,,,,,,,,,,,,,
,,,,,,,,,,,,,,,,,,,,,,,,,,,,,,,,,,,,,,,,,,,,,,,,,,
,,,,,,,,,,,,,,,,,,,,,,,,,,,,,,,,,,,,,,,,,,,,,,,,,,
,,,,,,,,,,,,,,,,,,,,,,,,,,,,,,,,,,,,,,,,,,,,,,,,,,
,,,,,,,,,,,,,,,,,,,,,,,,,,,,,,,,,,,,,,,,,,,,,,,,,,
,,,,,,,,,,,,,,,,,,,,,,,,,,,,,,,,,,,,,,,,,,,,,,,,,,
,,,,,,,,,,,,,,,,,,,,,,,,,,,,,,,,,,,,,,,,,,,,,,,,,,
,,,,,,,,,,,,,,,,,,,,,,,,,,,,,,,,,,,,,,,,,,,,,,,,,,
,,,,,,,,,,,,,,,,,,,,,,,,,,,,,,,,,,,,,,,,,,,,,,,,,,
,,,,,,,,,,,,,,,,,,,,,,,,,,,,,,,,,,,,,,,,,,,,,,,,,,
,,,,,,,,,,,,,,,,,,,,,,,,,,,,,,,,,,,,,,,,,,,,,,,,,,
,,,,,,,,,,,,,,,,,,,,,,,,,,,,,,,,,,,,,,,,,,,,,,,,,,
,,,,,,,,,,,,,,,,,,,,,,,,,,,,,,,,,,,,,,,,,,,,,,,,,,
,,,,,,,,,,,,,,,,,,,,,,,,,,,,,,,,,,,,,,,,,,,,,,,,,,
,,,,,,,,,,,,,,,,,,,,,,,,,,,,,,,,,,,,,,,,,,,,,,,,,,
,,,,,,,,,,,,,,,,,,,,,,,,,,,,,,,,,,,,,,,,,,,,,,,,,,
,,,,,,,,,,,,,,,,,,,,,,,,,,,,,,,,,,,,,,,,,,,,,,,,,,
,,,,,,,,,,,,,,,,,,,,,,,,,,,,,,,,,,,,,,,,,,,,,,,,,,
,,,,,,,,,,,,,,,,,,,,,,,,,,,,,,,,,,,,,,,,,,,,,,,,,,
,,,,,,,,,,,,,,,,,,,,,,,,,,,,,,,,,,,,,,,,,,,,,,,,,,
,,,,,,,,,,,,,,,,,,,,,,,,,,,,,,,,,,,,,,,,,,,,,,,,,,
,,,,,,,,,,,,,,,,,,,,,,,,,,,,,,,,,,,,,,,,,,,,,,,,,,
,,,,,,,,,,,,,,,,,,,,,,,,,,,,,,,,,,,,,,,,,,,,,,,,,,
,,,,,,,,,,,,,,,,,,,,,,,,,,,,,,,,,,,,,,,,,,,,,,,,,,
,,,,,,,,,,,,,,,,,,,,,,,,,,,,,,,,,,,,,,,,,,,,,,,,,,
,,,,,,,,,,,,,,,,,,,,,,,,,,,,,,,,,,,,,,,,,,,,,,,,,,
,,,,,,,,,,,,,,,,,,,,,,,,,,,,,,,,,,,,,,,,,,,,,,,,,,
,,,,,,,,,,,,,,,,,,,,,,,,,,,,,,,,,,,,,,,,,,,,,,,,,,
,,,,,,,,,,,,,,,,,,,,,,,,,,,,,,,,,,,,,,,,,,,,,,,,,,
,,,,,,,,,,,,,,,,,,,,,,,,,,,,,,,,,,,,,,,,,,,,,,,,,,
,,,,,,,,,,,,,,,,,,,,,,,,,,,,,,,,,,,,,,,,,,,,,,,,,,
,,,,,,,,,,,,,,,,,,,,,,,,,,,,,,,,,,,,,,,,,,,,,,,,,,
,,,,,,,,,,,,,,,,,,,,,,,,,,,,,,,,,,,,,,,,,,,,,,,,,,
,,,,,,,,,,,,,,,,,,,,,,,,,,,,,,,,,,,,,,,,,,,,,,,,,,
,,,,,,,,,,,,,,,,,,,,,,,,,,,,,,,,,,,,,,,,,,,,,,,,,,
,,,,,,,,,,,,,,,,,,,,,,,,,,,,,,,,,,,,,,,,,,,,,,,,,,
,,,,,,,,,,,,,,,,,,,,,,,,,,,,,,,,,,,,,,,,,,,,,,,,,,
,,,,,,,,,,,,,,,,,,,,,,,,,,,,,,,,,,,,,,,,,,,,,,,,,,
,,,,,,,,,,,,,,,,,,,,,,,,,,,,,,,,,,,,,,,,,,,,,,,,,,
,,,,,,,,,,,,,,,,,,,,,,,,,,,,,,,,,,,,,,,,,,,,,,,,,,
,,,,,,,,,,,,,,,,,,,,,,,,,,,,,,,,,,,,,,,,,,,,,,,,,,
,,,,,,,,,,,,,,,,,,,,,,,,,,,,,,,,,,,,,,,,,,,,,,,,,,
,,,,,,,,,,,,,,,,,,,,,,,,,,,,,,,,,,,,,,,,,,,,,,,,,,
,,,,,,,,,,,,,,,,,,,,,,,,,,,,,,,,,,,,,,,,,,,,,,,,,,
,,,,,,,,,,,,,,,,,,,,,,,,,,,,,,,,,,,,,,,,,,,,,,,,,,
,,,,,,,,,,,,,,,,,,,,,,,,,,,,,,,,,,,,,,,,,,,,,,,,,,
,,,,,,,,,,,,,,,,,,,,,,,,,,,,,,,,,,,,,,,,,,,,,,,,,,
,,,,,,,,,,,,,,,,,,,,,,,,,,,,,,,,,,,,,,,,,,,,,,,,,,
,,,,,,,,,,,,,,,,,,,,,,,,,,,,,,,,,,,,,,,,,,,,,,,,,,
,,,,,,,,,,,,,,,,,,,,,,,,,,,,,,,,,,,,,,,,,,,,,,,,,,
,,,,,,,,,,,,,,,,,,,,,,,,,,,,,,,,,,,,,,,,,,,,,,,,,,
,,,,,,,,,,,,,,,,,,,,,,,,,,,,,,,,,,,,,,,,,,,,,,,,,,
,,,,,,,,,,,,,,,,,,,,,,,,,,,,,,,,,,,,,,,,,,,,,,,,,,
,,,,,,,,,,,,,,,,,,,,,,,,,,,,,,,,,,,,,,,,,,,,,,,,,,
,,,,,,,,,,,,,,,,,,,,,,,,,,,,,,,,,,,,,,,,,,,,,,,,,,
,,,,,,,,,,,,,,,,,,,,,,,,,,,,,,,,,,,,,,,,,,,,,,,,,,
,,,,,,,,,,,,,,,,,,,,,,,,,,,,,,,,,,,,,,,,,,,,,,,,,,
,,,,,,,,,,,,,,,,,,,,,,,,,,,,,,,,,,,,,,,,,,,,,,,,,,
,,,,,,,,,,,,,,,,,,,,,,,,,,,,,,,,,,,,,,,,,,,,,,,,,,
,,,,,,,,,,,,,,,,,,,,,,,,,,,,,,,,,,,,,,,,,,,,,,,,,,
,,,,,,,,,,,,,,,,,,,,,,,,,,,,,,,,,,,,,,,,,,,,,,,,,,
,,,,,,,,,,,,,,,,,,,,,,,,,,,,,,,,,,,,,,,,,,,,,,,,,,
,,,,,,,,,,,,,,,,,,,,,,,,,,,,,,,,,,,,,,,,,,,,,,,,,,
,,,,,,,,,,,,,,,,,,,,,,,,,,,,,,,,,,,,,,,,,,,,,,,,,,
,,,,,,,,,,,,,,,,,,,,,,,,,,,,,,,,,,,,,,,,,,,,,,,,,,
,,,,,,,,,,,,,,,,,,,,,,,,,,,,,,,,,,,,,,,,,,,,,,,,,,
,,,,,,,,,,,,,,,,,,,,,,,,,,,,,,,,,,,,,,,,,,,,,,,,,,
,,,,,,,,,,,,,,,,,,,,,,,,,,,,,,,,,,,,,,,,,,,,,,,,,,
,,,,,,,,,,,,,,,,,,,,,,,,,,,,,,,,,,,,,,,,,,,,,,,,,,
,,,,,,,,,,,,,,,,,,,,,,,,,,,,,,,,,,,,,,,,,,,,,,,,,,
,,,,,,,,,,,,,,,,,,,,,,,,,,,,,,,,,,,,,,,,,,,,,,,,,,
,,,,,,,,,,,,,,,,,,,,,,,,,,,,,,,,,,,,,,,,,,,,,,,,,,
,,,,,,,,,,,,,,,,,,,,,,,,,,,,,,,,,,,,,,,,,,,,,,,,,,
,,,,,,,,,,,,,,,,,,,,,,,,,,,,,,,,,,,,,,,,,,,,,,,,,,
,,,,,,,,,,,,,,,,,,,,,,,,,,,,,,,,,,,,,,,,,,,,,,,,,,
,,,,,,,,,,,,,,,,,,,,,,,,,,,,,,,,,,,,,,,,,,,,,,,,,,
,,,,,,,,,,,,,,,,,,,,,,,,,,,,,,,,,,,,,,,,,,,,,,,,,,
,,,,,,,,,,,,,,,,,,,,,,,,,,,,,,,,,,,,,,,,,,,,,,,,,,
,,,,,,,,,,,,,,,,,,,,,,,,,,,,,,,,,,,,,,,,,,,,,,,,,,
,,,,,,,,,,,,,,,,,,,,,,,,,,,,,,,,,,,,,,,,,,,,,,,,,,
,,,,,,,,,,,,,,,,,,,,,,,,,,,,,,,,,,,,,,,,,,,,,,,,,,
,,,,,,,,,,,,,,,,,,,,,,,,,,,,,,,,,,,,,,,,,,,,,,,,,,
,,,,,,,,,,,,,,,,,,,,,,,,,,,,,,,,,,,,,,,,,,,,,,,,,,
,,,,,,,,,,,,,,,,,,,,,,,,,,,,,,,,,,,,,,,,,,,,,,,,,,
,,,,,,,,,,,,,,,,,,,,,,,,,,,,,,,,,,,,,,,,,,,,,,,,,,
,,,,,,,,,,,,,,,,,,,,,,,,,,,,,,,,,,,,,,,,,,,,,,,,,,
,,,,,,,,,,,,,,,,,,,,,,,,,,,,,,,,,,,,,,,,,,,,,,,,,,
,,,,,,,,,,,,,,,,,,,,,,,,,,,,,,,,,,,,,,,,,,,,,,,,,,
,,,,,,,,,,,,,,,,,,,,,,,,,,,,,,,,,,,,,,,,,,,,,,,,,,
,,,,,,,,,,,,,,,,,,,,,,,,,,,,,,,,,,,,,,,,,,,,,,,,,,
,,,,,,,,,,,,,,,,,,,,,,,,,,,,,,,,,,,,,,,,,,,,,,,,,,
,,,,,,,,,,,,,,,,,,,,,,,,,,,,,,,,,,,,,,,,,,,,,,,,,,
,,,,,,,,,,,,,,,,,,,,,,,,,,,,,,,,,,,,,,,,,,,,,,,,,,
,,,,,,,,,,,,,,,,,,,,,,,,,,,,,,,,,,,,,,,,,,,,,,,,,,
,,,,,,,,,,,,,,,,,,,,,,,,,,,,,,,,,,,,,,,,,,,,,,,,,,
,,,,,,,,,,,,,,,,,,,,,,,,,,,,,,,,,,,,,,,,,,,,,,,,,,
,,,,,,,,,,,,,,,,,,,,,,,,,,,,,,,,,,,,,,,,,,,,,,,,,,
,,,,,,,,,,,,,,,,,,,,,,,,,,,,,,,,,,,,,,,,,,,,,,,,,,
,,,,,,,,,,,,,,,,,,,,,,,,,,,,,,,,,,,,,,,,,,,,,,,,,,
,,,,,,,,,,,,,,,,,,,,,,,,,,,,,,,,,,,,,,,,,,,,,,,,,,
,,,,,,,,,,,,,,,,,,,,,,,,,,,,,,,,,,,,,,,,,,,,,,,,,,
,,,,,,,,,,,,,,,,,,,,,,,,,,,,,,,,,,,,,,,,,,,,,,,,,,
,,,,,,,,,,,,,,,,,,,,,,,,,,,,,,,,,,,,,,,,,,,,,,,,,,
,,,,,,,,,,,,,,,,,,,,,,,,,,,,,,,,,,,,,,,,,,,,,,,,,,
,,,,,,,,,,,,,,,,,,,,,,,,,,,,,,,,,,,,,,,,,,,,,,,,,,
,,,,,,,,,,,,,,,,,,,,,,,,,,,,,,,,,,,,,,,,,,,,,,,,,,
,,,,,,,,,,,,,,,,,,,,,,,,,,,,,,,,,,,,,,,,,,,,,,,,,,
,,,,,,,,,,,,,,,,,,,,,,,,,,,,,,,,,,,,,,,,,,,,,,,,,,
,,,,,,,,,,,,,,,,,,,,,,,,,,,,,,,,,,,,,,,,,,,,,,,,,,
,,,,,,,,,,,,,,,,,,,,,,,,,,,,,,,,,,,,,,,,,,,,,,,,,,
,,,,,,,,,,,,,,,,,,,,,,,,,,,,,,,,,,,,,,,,,,,,,,,,,,
,,,,,,,,,,,,,,,,,,,,,,,,,,,,,,,,,,,,,,,,,,,,,,,,,,
,,,,,,,,,,,,,,,,,,,,,,,,,,,,,,,,,,,,,,,,,,,,,,,,,,
,,,,,,,,,,,,,,,,,,,,,,,,,,,,,,,,,,,,,,,,,,,,,,,,,,
,,,,,,,,,,,,,,,,,,,,,,,,,,,,,,,,,,,,,,,,,,,,,,,,,,
,,,,,,,,,,,,,,,,,,,,,,,,,,,,,,,,,,,,,,,,,,,,,,,,,,
,,,,,,,,,,,,,,,,,,,,,,,,,,,,,,,,,,,,,,,,,,,,,,,,,,
,,,,,,,,,,,,,,,,,,,,,,,,,,,,,,,,,,,,,,,,,,,,,,,,,,
,,,,,,,,,,,,,,,,,,,,,,,,,,,,,,,,,,,,,,,,,,,,,,,,,,
,,,,,,,,,,,,,,,,,,,,,,,,,,,,,,,,,,,,,,,,,,,,,,,,,,
,,,,,,,,,,,,,,,,,,,,,,,,,,,,,,,,,,,,,,,,,,,,,,,,,,
,,,,,,,,,,,,,,,,,,,,,,,,,,,,,,,,,,,,,,,,,,,,,,,,,,
,,,,,,,,,,,,,,,,,,,,,,,,,,,,,,,,,,,,,,,,,,,,,,,,,,
,,,,,,,,,,,,,,,,,,,,,,,,,,,,,,,,,,,,,,,,,,,,,,,,,,
,,,,,,,,,,,,,,,,,,,,,,,,,,,,,,,,,,,,,,,,,,,,,,,,,,
,,,,,,,,,,,,,,,,,,,,,,,,,,,,,,,,,,,,,,,,,,,,,,,,,,
,,,,,,,,,,,,,,,,,,,,,,,,,,,,,,,,,,,,,,,,,,,,,,,,,,
,,,,,,,,,,,,,,,,,,,,,,,,,,,,,,,,,,,,,,,,,,,,,,,,,,
,,,,,,,,,,,,,,,,,,,,,,,,,,,,,,,,,,,,,,,,,,,,,,,,,,
,,,,,,,,,,,,,,,,,,,,,,,,,,,,,,,,,,,,,,,,,,,,,,,,,,
,,,,,,,,,,,,,,,,,,,,,,,,,,,,,,,,,,,,,,,,,,,,,,,,,,
,,,,,,,,,,,,,,,,,,,,,,,,,,,,,,,,,,,,,,,,,,,,,,,,,,
,,,,,,,,,,,,,,,,,,,,,,,,,,,,,,,,,,,,,,,,,,,,,,,,,,
,,,,,,,,,,,,,,,,,,,,,,,,,,,,,,,,,,,,,,,,,,,,,,,,,,
,,,,,,,,,,,,,,,,,,,,,,,,,,,,,,,,,,,,,,,,,,,,,,,,,,
,,,,,,,,,,,,,,,,,,,,,,,,,,,,,,,,,,,,,,,,,,,,,,,,,,
,,,,,,,,,,,,,,,,,,,,,,,,,,,,,,,,,,,,,,,,,,,,,,,,,,
,,,,,,,,,,,,,,,,,,,,,,,,,,,,,,,,,,,,,,,,,,,,,,,,,,
,,,,,,,,,,,,,,,,,,,,,,,,,,,,,,,,,,,,,,,,,,,,,,,,,,
,,,,,,,,,,,,,,,,,,,,,,,,,,,,,,,,,,,,,,,,,,,,,,,,,,
,,,,,,,,,,,,,,,,,,,,,,,,,,,,,,,,,,,,,,,,,,,,,,,,,,
,,,,,,,,,,,,,,,,,,,,,,,,,,,,,,,,,,,,,,,,,,,,,,,,,,
,,,,,,,,,,,,,,,,,,,,,,,,,,,,,,,,,,,,,,,,,,,,,,,,,,
,,,,,,,,,,,,,,,,,,,,,,,,,,,,,,,,,,,,,,,,,,,,,,,,,,
,,,,,,,,,,,,,,,,,,,,,,,,,,,,,,,,,,,,,,,,,,,,,,,,,,
,,,,,,,,,,,,,,,,,,,,,,,,,,,,,,,,,,,,,,,,,,,,,,,,,,
,,,,,,,,,,,,,,,,,,,,,,,,,,,,,,,,,,,,,,,,,,,,,,,,,,
,,,,,,,,,,,,,,,,,,,,,,,,,,,,,,,,,,,,,,,,,,,,,,,,,,
,,,,,,,,,,,,,,,,,,,,,,,,,,,,,,,,,,,,,,,,,,,,,,,,,,
,,,,,,,,,,,,,,,,,,,,,,,,,,,,,,,,,,,,,,,,,,,,,,,,,,
,,,,,,,,,,,,,,,,,,,,,,,,,,,,,,,,,,,,,,,,,,,,,,,,,,
,,,,,,,,,,,,,,,,,,,,,,,,,,,,,,,,,,,,,,,,,,,,,,,,,,
,,,,,,,,,,,,,,,,,,,,,,,,,,,,,,,,,,,,,,,,,,,,,,,,,,
,,,,,,,,,,,,,,,,,,,,,,,,,,,,,,,,,,,,,,,,,,,,,,,,,,
,,,,,,,,,,,,,,,,,,,,,,,,,,,,,,,,,,,,,,,,,,,,,,,,,,
,,,,,,,,,,,,,,,,,,,,,,,,,,,,,,,,,,,,,,,,,,,,,,,,,,
,,,,,,,,,,,,,,,,,,,,,,,,,,,,,,,,,,,,,,,,,,,,,,,,,,
,,,,,,,,,,,,,,,,,,,,,,,,,,,,,,,,,,,,,,,,,,,,,,,,,,
,,,,,,,,,,,,,,,,,,,,,,,,,,,,,,,,,,,,,,,,,,,,,,,,,,
,,,,,,,,,,,,,,,,,,,,,,,,,,,,,,,,,,,,,,,,,,,,,,,,,,
,,,,,,,,,,,,,,,,,,,,,,,,,,,,,,,,,,,,,,,,,,,,,,,,,,
,,,,,,,,,,,,,,,,,,,,,,,,,,,,,,,,,,,,,,,,,,,,,,,,,,
,,,,,,,,,,,,,,,,,,,,,,,,,,,,,,,,,,,,,,,,,,,,,,,,,,
,,,,,,,,,,,,,,,,,,,,,,,,,,,,,,,,,,,,,,,,,,,,,,,,,,
,,,,,,,,,,,,,,,,,,,,,,,,,,,,,,,,,,,,,,,,,,,,,,,,,,
,,,,,,,,,,,,,,,,,,,,,,,,,,,,,,,,,,,,,,,,,,,,,,,,,,
,,,,,,,,,,,,,,,,,,,,,,,,,,,,,,,,,,,,,,,,,,,,,,,,,,
,,,,,,,,,,,,,,,,,,,,,,,,,,,,,,,,,,,,,,,,,,,,,,,,,,
,,,,,,,,,,,,,,,,,,,,,,,,,,,,,,,,,,,,,,,,,,,,,,,,,,
,,,,,,,,,,,,,,,,,,,,,,,,,,,,,,,,,,,,,,,,,,,,,,,,,,
,,,,,,,,,,,,,,,,,,,,,,,,,,,,,,,,,,,,,,,,,,,,,,,,,,
,,,,,,,,,,,,,,,,,,,,,,,,,,,,,,,,,,,,,,,,,,,,,,,,,,
,,,,,,,,,,,,,,,,,,,,,,,,,,,,,,,,,,,,,,,,,,,,,,,,,,
,,,,,,,,,,,,,,,,,,,,,,,,,,,,,,,,,,,,,,,,,,,,,,,,,,
,,,,,,,,,,,,,,,,,,,,,,,,,,,,,,,,,,,,,,,,,,,,,,,,,,
,,,,,,,,,,,,,,,,,,,,,,,,,,,,,,,,,,,,,,,,,,,,,,,,,,
,,,,,,,,,,,,,,,,,,,,,,,,,,,,,,,,,,,,,,,,,,,,,,,,,,
,,,,,,,,,,,,,,,,,,,,,,,,,,,,,,,,,,,,,,,,,,,,,,,,,,
,,,,,,,,,,,,,,,,,,,,,,,,,,,,,,,,,,,,,,,,,,,,,,,,,,
,,,,,,,,,,,,,,,,,,,,,,,,,,,,,,,,,,,,,,,,,,,,,,,,,,
,,,,,,,,,,,,,,,,,,,,,,,,,,,,,,,,,,,,,,,,,,,,,,,,,,
,,,,,,,,,,,,,,,,,,,,,,,,,,,,,,,,,,,,,,,,,,,,,,,,,,
,,,,,,,,,,,,,,,,,,,,,,,,,,,,,,,,,,,,,,,,,,,,,,,,,,
,,,,,,,,,,,,,,,,,,,,,,,,,,,,,,,,,,,,,,,,,,,,,,,,,,
,,,,,,,,,,,,,,,,,,,,,,,,,,,,,,,,,,,,,,,,,,,,,,,,,,
,,,,,,,,,,,,,,,,,,,,,,,,,,,,,,,,,,,,,,,,,,,,,,,,,,
,,,,,,,,,,,,,,,,,,,,,,,,,,,,,,,,,,,,,,,,,,,,,,,,,,
,,,,,,,,,,,,,,,,,,,,,,,,,,,,,,,,,,,,,,,,,,,,,,,,,,
,,,,,,,,,,,,,,,,,,,,,,,,,,,,,,,,,,,,,,,,,,,,,,,,,,
,,,,,,,,,,,,,,,,,,,,,,,,,,,,,,,,,,,,,,,,,,,,,,,,,,
,,,,,,,,,,,,,,,,,,,,,,,,,,,,,,,,,,,,,,,,,,,,,,,,,,
,,,,,,,,,,,,,,,,,,,,,,,,,,,,,,,,,,,,,,,,,,,,,,,,,,
,,,,,,,,,,,,,,,,,,,,,,,,,,,,,,,,,,,,,,,,,,,,,,,,,,
,,,,,,,,,,,,,,,,,,,,,,,,,,,,,,,,,,,,,,,,,,,,,,,,,,
,,,,,,,,,,,,,,,,,,,,,,,,,,,,,,,,,,,,,,,,,,,,,,,,,,
,,,,,,,,,,,,,,,,,,,,,,,,,,,,,,,,,,,,,,,,,,,,,,,,,,
,,,,,,,,,,,,,,,,,,,,,,,,,,,,,,,,,,,,,,,,,,,,,,,,,,
,,,,,,,,,,,,,,,,,,,,,,,,,,,,,,,,,,,,,,,,,,,,,,,,,,
,,,,,,,,,,,,,,,,,,,,,,,,,,,,,,,,,,,,,,,,,,,,,,,,,,
,,,,,,,,,,,,,,,,,,,,,,,,,,,,,,,,,,,,,,,,,,,,,,,,,,
,,,,,,,,,,,,,,,,,,,,,,,,,,,,,,,,,,,,,,,,,,,,,,,,,,
,,,,,,,,,,,,,,,,,,,,,,,,,,,,,,,,,,,,,,,,,,,,,,,,,,
,,,,,,,,,,,,,,,,,,,,,,,,,,,,,,,,,,,,,,,,,,,,,,,,,,
,,,,,,,,,,,,,,,,,,,,,,,,,,,,,,,,,,,,,,,,,,,,,,,,,,
,,,,,,,,,,,,,,,,,,,,,,,,,,,,,,,,,,,,,,,,,,,,,,,,,,
,,,,,,,,,,,,,,,,,,,,,,,,,,,,,,,,,,,,,,,,,,,,,,,,,,
,,,,,,,,,,,,,,,,,,,,,,,,,,,,,,,,,,,,,,,,,,,,,,,,,,
,,,,,,,,,,,,,,,,,,,,,,,,,,,,,,,,,,,,,,,,,,,,,,,,,,
,,,,,,,,,,,,,,,,,,,,,,,,,,,,,,,,,,,,,,,,,,,,,,,,,,
,,,,,,,,,,,,,,,,,,,,,,,,,,,,,,,,,,,,,,,,,,,,,,,,,,
,,,,,,,,,,,,,,,,,,,,,,,,,,,,,,,,,,,,,,,,,,,,,,,,,,
,,,,,,,,,,,,,,,,,,,,,,,,,,,,,,,,,,,,,,,,,,,,,,,,,,
,,,,,,,,,,,,,,,,,,,,,,,,,,,,,,,,,,,,,,,,,,,,,,,,,,
,,,,,,,,,,,,,,,,,,,,,,,,,,,,,,,,,,,,,,,,,,,,,,,,,,
,,,,,,,,,,,,,,,,,,,,,,,,,,,,,,,,,,,,,,,,,,,,,,,,,,
,,,,,,,,,,,,,,,,,,,,,,,,,,,,,,,,,,,,,,,,,,,,,,,,,,
,,,,,,,,,,,,,,,,,,,,,,,,,,,,,,,,,,,,,,,,,,,,,,,,,,
,,,,,,,,,,,,,,,,,,,,,,,,,,,,,,,,,,,,,,,,,,,,,,,,,,
,,,,,,,,,,,,,,,,,,,,,,,,,,,,,,,,,,,,,,,,,,,,,,,,,,
,,,,,,,,,,,,,,,,,,,,,,,,,,,,,,,,,,,,,,,,,,,,,,,,,,
,,,,,,,,,,,,,,,,,,,,,,,,,,,,,,,,,,,,,,,,,,,,,,,,,,
,,,,,,,,,,,,,,,,,,,,,,,,,,,,,,,,,,,,,,,,,,,,,,,,,,
,,,,,,,,,,,,,,,,,,,,,,,,,,,,,,,,,,,,,,,,,,,,,,,,,,
,,,,,,,,,,,,,,,,,,,,,,,,,,,,,,,,,,,,,,,,,,,,,,,,,,
,,,,,,,,,,,,,,,,,,,,,,,,,,,,,,,,,,,,,,,,,,,,,,,,,,
,,,,,,,,,,,,,,,,,,,,,,,,,,,,,,,,,,,,,,,,,,,,,,,,,,
,,,,,,,,,,,,,,,,,,,,,,,,,,,,,,,,,,,,,,,,,,,,,,,,,,
,,,,,,,,,,,,,,,,,,,,,,,,,,,,,,,,,,,,,,,,,,,,,,,,,,
,,,,,,,,,,,,,,,,,,,,,,,,,,,,,,,,,,,,,,,,,,,,,,,,,,
,,,,,,,,,,,,,,,,,,,,,,,,,,,,,,,,,,,,,,,,,,,,,,,,,,
,,,,,,,,,,,,,,,,,,,,,,,,,,,,,,,,,,,,,,,,,,,,,,,,,,
,,,,,,,,,,,,,,,,,,,,,,,,,,,,,,,,,,,,,,,,,,,,,,,,,,
,,,,,,,,,,,,,,,,,,,,,,,,,,,,,,,,,,,,,,,,,,,,,,,,,,
,,,,,,,,,,,,,,,,,,,,,,,,,,,,,,,,,,,,,,,,,,,,,,,,,,
,,,,,,,,,,,,,,,,,,,,,,,,,,,,,,,,,,,,,,,,,,,,,,,,,,
,,,,,,,,,,,,,,,,,,,,,,,,,,,,,,,,,,,,,,,,,,,,,,,,,,
,,,,,,,,,,,,,,,,,,,,,,,,,,,,,,,,,,,,,,,,,,,,,,,,,,
,,,,,,,,,,,,,,,,,,,,,,,,,,,,,,,,,,,,,,,,,,,,,,,,,,
,,,,,,,,,,,,,,,,,,,,,,,,,,,,,,,,,,,,,,,,,,,,,,,,,,
,,,,,,,,,,,,,,,,,,,,,,,,,,,,,,,,,,,,,,,,,,,,,,,,,,
,,,,,,,,,,,,,,,,,,,,,,,,,,,,,,,,,,,,,,,,,,,,,,,,,,
,,,,,,,,,,,,,,,,,,,,,,,,,,,,,,,,,,,,,,,,,,,,,,,,,,
,,,,,,,,,,,,,,,,,,,,,,,,,,,,,,,,,,,,,,,,,,,,,,,,,,
,,,,,,,,,,,,,,,,,,,,,,,,,,,,,,,,,,,,,,,,,,,,,,,,,,
,,,,,,,,,,,,,,,,,,,,,,,,,,,,,,,,,,,,,,,,,,,,,,,,,,
,,,,,,,,,,,,,,,,,,,,,,,,,,,,,,,,,,,,,,,,,,,,,,,,,,
,,,,,,,,,,,,,,,,,,,,,,,,,,,,,,,,,,,,,,,,,,,,,,,,,,
,,,,,,,,,,,,,,,,,,,,,,,,,,,,,,,,,,,,,,,,,,,,,,,,,,
,,,,,,,,,,,,,,,,,,,,,,,,,,,,,,,,,,,,,,,,,,,,,,,,,,
,,,,,,,,,,,,,,,,,,,,,,,,,,,,,,,,,,,,,,,,,,,,,,,,,,
,,,,,,,,,,,,,,,,,,,,,,,,,,,,,,,,,,,,,,,,,,,,,,,,,,
,,,,,,,,,,,,,,,,,,,,,,,,,,,,,,,,,,,,,,,,,,,,,,,,,,
,,,,,,,,,,,,,,,,,,,,,,,,,,,,,,,,,,,,,,,,,,,,,,,,,,
,,,,,,,,,,,,,,,,,,,,,,,,,,,,,,,,,,,,,,,,,,,,,,,,,,
,,,,,,,,,,,,,,,,,,,,,,,,,,,,,,,,,,,,,,,,,,,,,,,,,,
,,,,,,,,,,,,,,,,,,,,,,,,,,,,,,,,,,,,,,,,,,,,,,,,,,
,,,,,,,,,,,,,,,,,,,,,,,,,,,,,,,,,,,,,,,,,,,,,,,,,,
,,,,,,,,,,,,,,,,,,,,,,,,,,,,,,,,,,,,,,,,,,,,,,,,,,
,,,,,,,,,,,,,,,,,,,,,,,,,,,,,,,,,,,,,,,,,,,,,,,,,,
,,,,,,,,,,,,,,,,,,,,,,,,,,,,,,,,,,,,,,,,,,,,,,,,,,
,,,,,,,,,,,,,,,,,,,,,,,,,,,,,,,,,,,,,,,,,,,,,,,,,,
,,,,,,,,,,,,,,,,,,,,,,,,,,,,,,,,,,,,,,,,,,,,,,,,,,
,,,,,,,,,,,,,,,,,,,,,,,,,,,,,,,,,,,,,,,,,,,,,,,,,,
,,,,,,,,,,,,,,,,,,,,,,,,,,,,,,,,,,,,,,,,,,,,,,,,,,
,,,,,,,,,,,,,,,,,,,,,,,,,,,,,,,,,,,,,,,,,,,,,,,,,,
,,,,,,,,,,,,,,,,,,,,,,,,,,,,,,,,,,,,,,,,,,,,,,,,,,
,,,,,,,,,,,,,,,,,,,,,,,,,,,,,,,,,,,,,,,,,,,,,,,,,,
,,,,,,,,,,,,,,,,,,,,,,,,,,,,,,,,,,,,,,,,,,,,,,,,,,
,,,,,,,,,,,,,,,,,,,,,,,,,,,,,,,,,,,,,,,,,,,,,,,,,,
,,,,,,,,,,,,,,,,,,,,,,,,,,,,,,,,,,,,,,,,,,,,,,,,,,
,,,,,,,,,,,,,,,,,,,,,,,,,,,,,,,,,,,,,,,,,,,,,,,,,,
,,,,,,,,,,,,,,,,,,,,,,,,,,,,,,,,,,,,,,,,,,,,,,,,,,
,,,,,,,,,,,,,,,,,,,,,,,,,,,,,,,,,,,,,,,,,,,,,,,,,,
,,,,,,,,,,,,,,,,,,,,,,,,,,,,,,,,,,,,,,,,,,,,,,,,,,
,,,,,,,,,,,,,,,,,,,,,,,,,,,,,,,,,,,,,,,,,,,,,,,,,,
,,,,,,,,,,,,,,,,,,,,,,,,,,,,,,,,,,,,,,,,,,,,,,,,,,
,,,,,,,,,,,,,,,,,,,,,,,,,,,,,,,,,,,,,,,,,,,,,,,,,,
,,,,,,,,,,,,,,,,,,,,,,,,,,,,,,,,,,,,,,,,,,,,,,,,,,
,,,,,,,,,,,,,,,,,,,,,,,,,,,,,,,,,,,,,,,,,,,,,,,,,,
,,,,,,,,,,,,,,,,,,,,,,,,,,,,,,,,,,,,,,,,,,,,,,,,,,
,,,,,,,,,,,,,,,,,,,,,,,,,,,,,,,,,,,,,,,,,,,,,,,,,,
,,,,,,,,,,,,,,,,,,,,,,,,,,,,,,,,,,,,,,,,,,,,,,,,,,
,,,,,,,,,,,,,,,,,,,,,,,,,,,,,,,,,,,,,,,,,,,,,,,,,,
,,,,,,,,,,,,,,,,,,,,,,,,,,,,,,,,,,,,,,,,,,,,,,,,,,
,,,,,,,,,,,,,,,,,,,,,,,,,,,,,,,,,,,,,,,,,,,,,,,,,,
,,,,,,,,,,,,,,,,,,,,,,,,,,,,,,,,,,,,,,,,,,,,,,,,,,
,,,,,,,,,,,,,,,,,,,,,,,,,,,,,,,,,,,,,,,,,,,,,,,,,,
,,,,,,,,,,,,,,,,,,,,,,,,,,,,,,,,,,,,,,,,,,,,,,,,,,
,,,,,,,,,,,,,,,,,,,,,,,,,,,,,,,,,,,,,,,,,,,,,,,,,,
,,,,,,,,,,,,,,,,,,,,,,,,,,,,,,,,,,,,,,,,,,,,,,,,,,
,,,,,,,,,,,,,,,,,,,,,,,,,,,,,,,,,,,,,,,,,,,,,,,,,,
,,,,,,,,,,,,,,,,,,,,,,,,,,,,,,,,,,,,,,,,,,,,,,,,,,
,,,,,,,,,,,,,,,,,,,,,,,,,,,,,,,,,,,,,,,,,,,,,,,,,,
,,,,,,,,,,,,,,,,,,,,,,,,,,,,,,,,,,,,,,,,,,,,,,,,,,
,,,,,,,,,,,,,,,,,,,,,,,,,,,,,,,,,,,,,,,,,,,,,,,,,,
,,,,,,,,,,,,,,,,,,,,,,,,,,,,,,,,,,,,,,,,,,,,,,,,,,
,,,,,,,,,,,,,,,,,,,,,,,,,,,,,,,,,,,,,,,,,,,,,,,,,,
,,,,,,,,,,,,,,,,,,,,,,,,,,,,,,,,,,,,,,,,,,,,,,,,,,
,,,,,,,,,,,,,,,,,,,,,,,,,,,,,,,,,,,,,,,,,,,,,,,,,,
,,,,,,,,,,,,,,,,,,,,,,,,,,,,,,,,,,,,,,,,,,,,,,,,,,
,,,,,,,,,,,,,,,,,,,,,,,,,,,,,,,,,,,,,,,,,,,,,,,,,,
,,,,,,,,,,,,,,,,,,,,,,,,,,,,,,,,,,,,,,,,,,,,,,,,,,
,,,,,,,,,,,,,,,,,,,,,,,,,,,,,,,,,,,,,,,,,,,,,,,,,,
,,,,,,,,,,,,,,,,,,,,,,,,,,,,,,,,,,,,,,,,,,,,,,,,,,
,,,,,,,,,,,,,,,,,,,,,,,,,,,,,,,,,,,,,,,,,,,,,,,,,,
,,,,,,,,,,,,,,,,,,,,,,,,,,,,,,,,,,,,,,,,,,,,,,,,,,
,,,,,,,,,,,,,,,,,,,,,,,,,,,,,,,,,,,,,,,,,,,,,,,,,,
,,,,,,,,,,,,,,,,,,,,,,,,,,,,,,,,,,,,,,,,,,,,,,,,,,
,,,,,,,,,,,,,,,,,,,,,,,,,,,,,,,,,,,,,,,,,,,,,,,,,,
,,,,,,,,,,,,,,,,,,,,,,,,,,,,,,,,,,,,,,,,,,,,,,,,,,
,,,,,,,,,,,,,,,,,,,,,,,,,,,,,,,,,,,,,,,,,,,,,,,,,,
,,,,,,,,,,,,,,,,,,,,,,,,,,,,,,,,,,,,,,,,,,,,,,,,,,
,,,,,,,,,,,,,,,,,,,,,,,,,,,,,,,,,,,,,,,,,,,,,,,,,,
,,,,,,,,,,,,,,,,,,,,,,,,,,,,,,,,,,,,,,,,,,,,,,,,,,
,,,,,,,,,,,,,,,,,,,,,,,,,,,,,,,,,,,,,,,,,,,,,,,,,,
,,,,,,,,,,,,,,,,,,,,,,,,,,,,,,,,,,,,,,,,,,,,,,,,,,
,,,,,,,,,,,,,,,,,,,,,,,,,,,,,,,,,,,,,,,,,,,,,,,,,,
,,,,,,,,,,,,,,,,,,,,,,,,,,,,,,,,,,,,,,,,,,,,,,,,,,
,,,,,,,,,,,,,,,,,,,,,,,,,,,,,,,,,,,,,,,,,,,,,,,,,,
,,,,,,,,,,,,,,,,,,,,,,,,,,,,,,,,,,,,,,,,,,,,,,,,,,
,,,,,,,,,,,,,,,,,,,,,,,,,,,,,,,,,,,,,,,,,,,,,,,,,,
,,,,,,,,,,,,,,,,,,,,,,,,,,,,,,,,,,,,,,,,,,,,,,,,,,
,,,,,,,,,,,,,,,,,,,,,,,,,,,,,,,,,,,,,,,,,,,,,,,,,,
,,,,,,,,,,,,,,,,,,,,,,,,,,,,,,,,,,,,,,,,,,,,,,,,,,
,,,,,,,,,,,,,,,,,,,,,,,,,,,,,,,,,,,,,,,,,,,,,,,,,,
,,,,,,,,,,,,,,,,,,,,,,,,,,,,,,,,,,,,,,,,,,,,,,,,,,
,,,,,,,,,,,,,,,,,,,,,,,,,,,,,,,,,,,,,,,,,,,,,,,,,,
,,,,,,,,,,,,,,,,,,,,,,,,,,,,,,,,,,,,,,,,,,,,,,,,,,
,,,,,,,,,,,,,,,,,,,,,,,,,,,,,,,,,,,,,,,,,,,,,,,,,,
,,,,,,,,,,,,,,,,,,,,,,,,,,,,,,,,,,,,,,,,,,,,,,,,,,
,,,,,,,,,,,,,,,,,,,,,,,,,,,,,,,,,,,,,,,,,,,,,,,,,,
,,,,,,,,,,,,,,,,,,,,,,,,,,,,,,,,,,,,,,,,,,,,,,,,,,
,,,,,,,,,,,,,,,,,,,,,,,,,,,,,,,,,,,,,,,,,,,,,,,,,,
,,,,,,,,,,,,,,,,,,,,,,,,,,,,,,,,,,,,,,,,,,,,,,,,,,
,,,,,,,,,,,,,,,,,,,,,,,,,,,,,,,,,,,,,,,,,,,,,,,,,,
,,,,,,,,,,,,,,,,,,,,,,,,,,,,,,,,,,,,,,,,,,,,,,,,,,
,,,,,,,,,,,,,,,,,,,,,,,,,,,,,,,,,,,,,,,,,,,,,,,,,,
,,,,,,,,,,,,,,,,,,,,,,,,,,,,,,,,,,,,,,,,,,,,,,,,,,
,,,,,,,,,,,,,,,,,,,,,,,,,,,,,,,,,,,,,,,,,,,,,,,,,,
,,,,,,,,,,,,,,,,,,,,,,,,,,,,,,,,,,,,,,,,,,,,,,,,,,
,,,,,,,,,,,,,,,,,,,,,,,,,,,,,,,,,,,,,,,,,,,,,,,,,,
,,,,,,,,,,,,,,,,,,,,,,,,,,,,,,,,,,,,,,,,,,,,,,,,,,
,,,,,,,,,,,,,,,,,,,,,,,,,,,,,,,,,,,,,,,,,,,,,,,,,,
,,,,,,,,,,,,,,,,,,,,,,,,,,,,,,,,,,,,,,,,,,,,,,,,,,
,,,,,,,,,,,,,,,,,,,,,,,,,,,,,,,,,,,,,,,,,,,,,,,,,,
,,,,,,,,,,,,,,,,,,,,,,,,,,,,,,,,,,,,,,,,,,,,,,,,,,
,,,,,,,,,,,,,,,,,,,,,,,,,,,,,,,,,,,,,,,,,,,,,,,,,,
,,,,,,,,,,,,,,,,,,,,,,,,,,,,,,,,,,,,,,,,,,,,,,,,,,
,,,,,,,,,,,,,,,,,,,,,,,,,,,,,,,,,,,,,,,,,,,,,,,,,,
,,,,,,,,,,,,,,,,,,,,,,,,,,,,,,,,,,,,,,,,,,,,,,,,,,
,,,,,,,,,,,,,,,,,,,,,,,,,,,,,,,,,,,,,,,,,,,,,,,,,,
,,,,,,,,,,,,,,,,,,,,,,,,,,,,,,,,,,,,,,,,,,,,,,,,,,
,,,,,,,,,,,,,,,,,,,,,,,,,,,,,,,,,,,,,,,,,,,,,,,,,,
,,,,,,,,,,,,,,,,,,,,,,,,,,,,,,,,,,,,,,,,,,,,,,,,,,
,,,,,,,,,,,,,,,,,,,,,,,,,,,,,,,,,,,,,,,,,,,,,,,,,,
,,,,,,,,,,,,,,,,,,,,,,,,,,,,,,,,,,,,,,,,,,,,,,,,,,
,,,,,,,,,,,,,,,,,,,,,,,,,,,,,,,,,,,,,,,,,,,,,,,,,,
,,,,,,,,,,,,,,,,,,,,,,,,,,,,,,,,,,,,,,,,,,,,,,,,,,
,,,,,,,,,,,,,,,,,,,,,,,,,,,,,,,,,,,,,,,,,,,,,,,,,,
,,,,,,,,,,,,,,,,,,,,,,,,,,,,,,,,,,,,,,,,,,,,,,,,,,
,,,,,,,,,,,,,,,,,,,,,,,,,,,,,,,,,,,,,,,,,,,,,,,,,,
,,,,,,,,,,,,,,,,,,,,,,,,,,,,,,,,,,,,,,,,,,,,,,,,,,
,,,,,,,,,,,,,,,,,,,,,,,,,,,,,,,,,,,,,,,,,,,,,,,,,,
,,,,,,,,,,,,,,,,,,,,,,,,,,,,,,,,,,,,,,,,,,,,,,,,,,
,,,,,,,,,,,,,,,,,,,,,,,,,,,,,,,,,,,,,,,,,,,,,,,,,,
,,,,,,,,,,,,,,,,,,,,,,,,,,,,,,,,,,,,,,,,,,,,,,,,,,
,,,,,,,,,,,,,,,,,,,,,,,,,,,,,,,,,,,,,,,,,,,,,,,,,,
,,,,,,,,,,,,,,,,,,,,,,,,,,,,,,,,,,,,,,,,,,,,,,,,,,
,,,,,,,,,,,,,,,,,,,,,,,,,,,,,,,,,,,,,,,,,,,,,,,,,,
,,,,,,,,,,,,,,,,,,,,,,,,,,,,,,,,,,,,,,,,,,,,,,,,,,
,,,,,,,,,,,,,,,,,,,,,,,,,,,,,,,,,,,,,,,,,,,,,,,,,,
,,,,,,,,,,,,,,,,,,,,,,,,,,,,,,,,,,,,,,,,,,,,,,,,,,
,,,,,,,,,,,,,,,,,,,,,,,,,,,,,,,,,,,,,,,,,,,,,,,,,,
,,,,,,,,,,,,,,,,,,,,,,,,,,,,,,,,,,,,,,,,,,,,,,,,,,
,,,,,,,,,,,,,,,,,,,,,,,,,,,,,,,,,,,,,,,,,,,,,,,,,,
,,,,,,,,,,,,,,,,,,,,,,,,,,,,,,,,,,,,,,,,,,,,,,,,,,
,,,,,,,,,,,,,,,,,,,,,,,,,,,,,,,,,,,,,,,,,,,,,,,,,,
,,,,,,,,,,,,,,,,,,,,,,,,,,,,,,,,,,,,,,,,,,,,,,,,,,
,,,,,,,,,,,,,,,,,,,,,,,,,,,,,,,,,,,,,,,,,,,,,,,,,,
,,,,,,,,,,,,,,,,,,,,,,,,,,,,,,,,,,,,,,,,,,,,,,,,,,
,,,,,,,,,,,,,,,,,,,,,,,,,,,,,,,,,,,,,,,,,,,,,,,,,,
,,,,,,,,,,,,,,,,,,,,,,,,,,,,,,,,,,,,,,,,,,,,,,,,,,
,,,,,,,,,,,,,,,,,,,,,,,,,,,,,,,,,,,,,,,,,,,,,,,,,,
,,,,,,,,,,,,,,,,,,,,,,,,,,,,,,,,,,,,,,,,,,,,,,,,,,
,,,,,,,,,,,,,,,,,,,,,,,,,,,,,,,,,,,,,,,,,,,,,,,,,,
,,,,,,,,,,,,,,,,,,,,,,,,,,,,,,,,,,,,,,,,,,,,,,,,,,
,,,,,,,,,,,,,,,,,,,,,,,,,,,,,,,,,,,,,,,,,,,,,,,,,,
,,,,,,,,,,,,,,,,,,,,,,,,,,,,,,,,,,,,,,,,,,,,,,,,,,
,,,,,,,,,,,,,,,,,,,,,,,,,,,,,,,,,,,,,,,,,,,,,,,,,,
,,,,,,,,,,,,,,,,,,,,,,,,,,,,,,,,,,,,,,,,,,,,,,,,,,
,,,,,,,,,,,,,,,,,,,,,,,,,,,,,,,,,,,,,,,,,,,,,,,,,,
,,,,,,,,,,,,,,,,,,,,,,,,,,,,,,,,,,,,,,,,,,,,,,,,,,
,,,,,,,,,,,,,,,,,,,,,,,,,,,,,,,,,,,,,,,,,,,,,,,,,,
,,,,,,,,,,,,,,,,,,,,,,,,,,,,,,,,,,,,,,,,,,,,,,,,,,
,,,,,,,,,,,,,,,,,,,,,,,,,,,,,,,,,,,,,,,,,,,,,,,,,,
,,,,,,,,,,,,,,,,,,,,,,,,,,,,,,,,,,,,,,,,,,,,,,,,,,
,,,,,,,,,,,,,,,,,,,,,,,,,,,,,,,,,,,,,,,,,,,,,,,,,,
,,,,,,,,,,,,,,,,,,,,,,,,,,,,,,,,,,,,,,,,,,,,,,,,,,
,,,,,,,,,,,,,,,,,,,,,,,,,,,,,,,,,,,,,,,,,,,,,,,,,,
,,,,,,,,,,,,,,,,,,,,,,,,,,,,,,,,,,,,,,,,,,,,,,,,,,
,,,,,,,,,,,,,,,,,,,,,,,,,,,,,,,,,,,,,,,,,,,,,,,,,,
,,,,,,,,,,,,,,,,,,,,,,,,,,,,,,,,,,,,,,,,,,,,,,,,,,
,,,,,,,,,,,,,,,,,,,,,,,,,,,,,,,,,,,,,,,,,,,,,,,,,,
,,,,,,,,,,,,,,,,,,,,,,,,,,,,,,,,,,,,,,,,,,,,,,,,,,
,,,,,,,,,,,,,,,,,,,,,,,,,,,,,,,,,,,,,,,,,,,,,,,,,,
,,,,,,,,,,,,,,,,,,,,,,,,,,,,,,,,,,,,,,,,,,,,,,,,,,
,,,,,,,,,,,,,,,,,,,,,,,,,,,,,,,,,,,,,,,,,,,,,,,,,,
,,,,,,,,,,,,,,,,,,,,,,,,,,,,,,,,,,,,,,,,,,,,,,,,,,
,,,,,,,,,,,,,,,,,,,,,,,,,,,,,,,,,,,,,,,,,,,,,,,,,,
,,,,,,,,,,,,,,,,,,,,,,,,,,,,,,,,,,,,,,,,,,,,,,,,,,
,,,,,,,,,,,,,,,,,,,,,,,,,,,,,,,,,,,,,,,,,,,,,,,,,,
,,,,,,,,,,,,,,,,,,,,,,,,,,,,,,,,,,,,,,,,,,,,,,,,,,
,,,,,,,,,,,,,,,,,,,,,,,,,,,,,,,,,,,,,,,,,,,,,,,,,,
,,,,,,,,,,,,,,,,,,,,,,,,,,,,,,,,,,,,,,,,,,,,,,,,,,
,,,,,,,,,,,,,,,,,,,,,,,,,,,,,,,,,,,,,,,,,,,,,,,,,,
,,,,,,,,,,,,,,,,,,,,,,,,,,,,,,,,,,,,,,,,,,,,,,,,,,
,,,,,,,,,,,,,,,,,,,,,,,,,,,,,,,,,,,,,,,,,,,,,,,,,,
,,,,,,,,,,,,,,,,,,,,,,,,,,,,,,,,,,,,,,,,,,,,,,,,,,
,,,,,,,,,,,,,,,,,,,,,,,,,,,,,,,,,,,,,,,,,,,,,,,,,,
,,,,,,,,,,,,,,,,,,,,,,,,,,,,,,,,,,,,,,,,,,,,,,,,,,
,,,,,,,,,,,,,,,,,,,,,,,,,,,,,,,,,,,,,,,,,,,,,,,,,,
,,,,,,,,,,,,,,,,,,,,,,,,,,,,,,,,,,,,,,,,,,,,,,,,,,
,,,,,,,,,,,,,,,,,,,,,,,,,,,,,,,,,,,,,,,,,,,,,,,,,,
,,,,,,,,,,,,,,,,,,,,,,,,,,,,,,,,,,,,,,,,,,,,,,,,,,
,,,,,,,,,,,,,,,,,,,,,,,,,,,,,,,,,,,,,,,,,,,,,,,,,,
,,,,,,,,,,,,,,,,,,,,,,,,,,,,,,,,,,,,,,,,,,,,,,,,,,
,,,,,,,,,,,,,,,,,,,,,,,,,,,,,,,,,,,,,,,,,,,,,,,,,,
,,,,,,,,,,,,,,,,,,,,,,,,,,,,,,,,,,,,,,,,,,,,,,,,,,
,,,,,,,,,,,,,,,,,,,,,,,,,,,,,,,,,,,,,,,,,,,,,,,,,,
,,,,,,,,,,,,,,,,,,,,,,,,,,,,,,,,,,,,,,,,,,,,,,,,,,
,,,,,,,,,,,,,,,,,,,,,,,,,,,,,,,,,,,,,,,,,,,,,,,,,,
,,,,,,,,,,,,,,,,,,,,,,,,,,,,,,,,,,,,,,,,,,,,,,,,,,
,,,,,,,,,,,,,,,,,,,,,,,,,,,,,,,,,,,,,,,,,,,,,,,,,,
,,,,,,,,,,,,,,,,,,,,,,,,,,,,,,,,,,,,,,,,,,,,,,,,,,
,,,,,,,,,,,,,,,,,,,,,,,,,,,,,,,,,,,,,,,,,,,,,,,,,,
,,,,,,,,,,,,,,,,,,,,,,,,,,,,,,,,,,,,,,,,,,,,,,,,,,
,,,,,,,,,,,,,,,,,,,,,,,,,,,,,,,,,,,,,,,,,,,,,,,,,,
,,,,,,,,,,,,,,,,,,,,,,,,,,,,,,,,,,,,,,,,,,,,,,,,,,
,,,,,,,,,,,,,,,,,,,,,,,,,,,,,,,,,,,,,,,,,,,,,,,,,,
,,,,,,,,,,,,,,,,,,,,,,,,,,,,,,,,,,,,,,,,,,,,,,,,,,
,,,,,,,,,,,,,,,,,,,,,,,,,,,,,,,,,,,,,,,,,,,,,,,,,,
,,,,,,,,,,,,,,,,,,,,,,,,,,,,,,,,,,,,,,,,,,,,,,,,,,
,,,,,,,,,,,,,,,,,,,,,,,,,,,,,,,,,,,,,,,,,,,,,,,,,,
,,,,,,,,,,,,,,,,,,,,,,,,,,,,,,,,,,,,,,,,,,,,,,,,,,
,,,,,,,,,,,,,,,,,,,,,,,,,,,,,,,,,,,,,,,,,,,,,,,,,,
,,,,,,,,,,,,,,,,,,,,,,,,,,,,,,,,,,,,,,,,,,,,,,,,,,
,,,,,,,,,,,,,,,,,,,,,,,,,,,,,,,,,,,,,,,,,,,,,,,,,,
,,,,,,,,,,,,,,,,,,,,,,,,,,,,,,,,,,,,,,,,,,,,,,,,,,
,,,,,,,,,,,,,,,,,,,,,,,,,,,,,,,,,,,,,,,,,,,,,,,,,,
,,,,,,,,,,,,,,,,,,,,,,,,,,,,,,,,,,,,,,,,,,,,,,,,,,
,,,,,,,,,,,,,,,,,,,,,,,,,,,,,,,,,,,,,,,,,,,,,,,,,,
,,,,,,,,,,,,,,,,,,,,,,,,,,,,,,,,,,,,,,,,,,,,,,,,,,
,,,,,,,,,,,,,,,,,,,,,,,,,,,,,,,,,,,,,,,,,,,,,,,,,,
,,,,,,,,,,,,,,,,,,,,,,,,,,,,,,,,,,,,,,,,,,,,,,,,,,
,,,,,,,,,,,,,,,,,,,,,,,,,,,,,,,,,,,,,,,,,,,,,,,,,,
,,,,,,,,,,,,,,,,,,,,,,,,,,,,,,,,,,,,,,,,,,,,,,,,,,
,,,,,,,,,,,,,,,,,,,,,,,,,,,,,,,,,,,,,,,,,,,,,,,,,,
,,,,,,,,,,,,,,,,,,,,,,,,,,,,,,,,,,,,,,,,,,,,,,,,,,
,,,,,,,,,,,,,,,,,,,,,,,,,,,,,,,,,,,,,,,,,,,,,,,,,,
,,,,,,,,,,,,,,,,,,,,,,,,,,,,,,,,,,,,,,,,,,,,,,,,,,
,,,,,,,,,,,,,,,,,,,,,,,,,,,,,,,,,,,,,,,,,,,,,,,,,,
,,,,,,,,,,,,,,,,,,,,,,,,,,,,,,,,,,,,,,,,,,,,,,,,,,
,,,,,,,,,,,,,,,,,,,,,,,,,,,,,,,,,,,,,,,,,,,,,,,,,,
,,,,,,,,,,,,,,,,,,,,,,,,,,,,,,,,,,,,,,,,,,,,,,,,,,
,,,,,,,,,,,,,,,,,,,,,,,,,,,,,,,,,,,,,,,,,,,,,,,,,,
,,,,,,,,,,,,,,,,,,,,,,,,,,,,,,,,,,,,,,,,,,,,,,,,,,
,,,,,,,,,,,,,,,,,,,,,,,,,,,,,,,,,,,,,,,,,,,,,,,,,,
,,,,,,,,,,,,,,,,,,,,,,,,,,,,,,,,,,,,,,,,,,,,,,,,,,
,,,,,,,,,,,,,,,,,,,,,,,,,,,,,,,,,,,,,,,,,,,,,,,,,,
,,,,,,,,,,,,,,,,,,,,,,,,,,,,,,,,,,,,,,,,,,,,,,,,,,
,,,,,,,,,,,,,,,,,,,,,,,,,,,,,,,,,,,,,,,,,,,,,,,,,,
,,,,,,,,,,,,,,,,,,,,,,,,,,,,,,,,,,,,,,,,,,,,,,,,,,
,,,,,,,,,,,,,,,,,,,,,,,,,,,,,,,,,,,,,,,,,,,,,,,,,,
,,,,,,,,,,,,,,,,,,,,,,,,,,,,,,,,,,,,,,,,,,,,,,,,,,
,,,,,,,,,,,,,,,,,,,,,,,,,,,,,,,,,,,,,,,,,,,,,,,,,,
,,,,,,,,,,,,,,,,,,,,,,,,,,,,,,,,,,,,,,,,,,,,,,,,,,
,,,,,,,,,,,,,,,,,,,,,,,,,,,,,,,,,,,,,,,,,,,,,,,,,,
,,,,,,,,,,,,,,,,,,,,,,,,,,,,,,,,,,,,,,,,,,,,,,,,,,
,,,,,,,,,,,,,,,,,,,,,,,,,,,,,,,,,,,,,,,,,,,,,,,,,,
,,,,,,,,,,,,,,,,,,,,,,,,,,,,,,,,,,,,,,,,,,,,,,,,,,
,,,,,,,,,,,,,,,,,,,,,,,,,,,,,,,,,,,,,,,,,,,,,,,,,,
,,,,,,,,,,,,,,,,,,,,,,,,,,,,,,,,,,,,,,,,,,,,,,,,,,
,,,,,,,,,,,,,,,,,,,,,,,,,,,,,,,,,,,,,,,,,,,,,,,,,,
,,,,,,,,,,,,,,,,,,,,,,,,,,,,,,,,,,,,,,,,,,,,,,,,,,
,,,,,,,,,,,,,,,,,,,,,,,,,,,,,,,,,,,,,,,,,,,,,,,,,,
,,,,,,,,,,,,,,,,,,,,,,,,,,,,,,,,,,,,,,,,,,,,,,,,,,
,,,,,,,,,,,,,,,,,,,,,,,,,,,,,,,,,,,,,,,,,,,,,,,,,,
,,,,,,,,,,,,,,,,,,,,,,,,,,,,,,,,,,,,,,,,,,,,,,,,,,
,,,,,,,,,,,,,,,,,,,,,,,,,,,,,,,,,,,,,,,,,,,,,,,,,,
,,,,,,,,,,,,,,,,,,,,,,,,,,,,,,,,,,,,,,,,,,,,,,,,,,
,,,,,,,,,,,,,,,,,,,,,,,,,,,,,,,,,,,,,,,,,,,,,,,,,,
,,,,,,,,,,,,,,,,,,,,,,,,,,,,,,,,,,,,,,,,,,,,,,,,,,
,,,,,,,,,,,,,,,,,,,,,,,,,,,,,,,,,,,,,,,,,,,,,,,,,,
,,,,,,,,,,,,,,,,,,,,,,,,,,,,,,,,,,,,,,,,,,,,,,,,,,
,,,,,,,,,,,,,,,,,,,,,,,,,,,,,,,,,,,,,,,,,,,,,,,,,,
,,,,,,,,,,,,,,,,,,,,,,,,,,,,,,,,,,,,,,,,,,,,,,,,,,
,,,,,,,,,,,,,,,,,,,,,,,,,,,,,,,,,,,,,,,,,,,,,,,,,,
,,,,,,,,,,,,,,,,,,,,,,,,,,,,,,,,,,,,,,,,,,,,,,,,,,
,,,,,,,,,,,,,,,,,,,,,,,,,,,,,,,,,,,,,,,,,,,,,,,,,,
,,,,,,,,,,,,,,,,,,,,,,,,,,,,,,,,,,,,,,,,,,,,,,,,,,
,,,,,,,,,,,,,,,,,,,,,,,,,,,,,,,,,,,,,,,,,,,,,,,,,,
,,,,,,,,,,,,,,,,,,,,,,,,,,,,,,,,,,,,,,,,,,,,,,,,,,
,,,,,,,,,,,,,,,,,,,,,,,,,,,,,,,,,,,,,,,,,,,,,,,,,,
,,,,,,,,,,,,,,,,,,,,,,,,,,,,,,,,,,,,,,,,,,,,,,,,,,
,,,,,,,,,,,,,,,,,,,,,,,,,,,,,,,,,,,,,,,,,,,,,,,,,,
,,,,,,,,,,,,,,,,,,,,,,,,,,,,,,,,,,,,,,,,,,,,,,,,,,
,,,,,,,,,,,,,,,,,,,,,,,,,,,,,,,,,,,,,,,,,,,,,,,,,,
,,,,,,,,,,,,,,,,,,,,,,,,,,,,,,,,,,,,,,,,,,,,,,,,,,
,,,,,,,,,,,,,,,,,,,,,,,,,,,,,,,,,,,,,,,,,,,,,,,,,,
,,,,,,,,,,,,,,,,,,,,,,,,,,,,,,,,,,,,,,,,,,,,,,,,,,
,,,,,,,,,,,,,,,,,,,,,,,,,,,,,,,,,,,,,,,,,,,,,,,,,,
,,,,,,,,,,,,,,,,,,,,,,,,,,,,,,,,,,,,,,,,,,,,,,,,,,
,,,,,,,,,,,,,,,,,,,,,,,,,,,,,,,,,,,,,,,,,,,,,,,,,,
,,,,,,,,,,,,,,,,,,,,,,,,,,,,,,,,,,,,,,,,,,,,,,,,,,
,,,,,,,,,,,,,,,,,,,,,,,,,,,,,,,,,,,,,,,,,,,,,,,,,,
,,,,,,,,,,,,,,,,,,,,,,,,,,,,,,,,,,,,,,,,,,,,,,,,,,
,,,,,,,,,,,,,,,,,,,,,,,,,,,,,,,,,,,,,,,,,,,,,,,,,,
,,,,,,,,,,,,,,,,,,,,,,,,,,,,,,,,,,,,,,,,,,,,,,,,,,
,,,,,,,,,,,,,,,,,,,,,,,,,,,,,,,,,,,,,,,,,,,,,,,,,,
,,,,,,,,,,,,,,,,,,,,,,,,,,,,,,,,,,,,,,,,,,,,,,,,,,
,,,,,,,,,,,,,,,,,,,,,,,,,,,,,,,,,,,,,,,,,,,,,,,,,,
,,,,,,,,,,,,,,,,,,,,,,,,,,,,,,,,,,,,,,,,,,,,,,,,,,
,,,,,,,,,,,,,,,,,,,,,,,,,,,,,,,,,,,,,,,,,,,,,,,,,,
,,,,,,,,,,,,,,,,,,,,,,,,,,,,,,,,,,,,,,,,,,,,,,,,,,
,,,,,,,,,,,,,,,,,,,,,,,,,,,,,,,,,,,,,,,,,,,,,,,,,,
,,,,,,,,,,,,,,,,,,,,,,,,,,,,,,,,,,,,,,,,,,,,,,,,,,
,,,,,,,,,,,,,,,,,,,,,,,,,,,,,,,,,,,,,,,,,,,,,,,,,,
,,,,,,,,,,,,,,,,,,,,,,,,,,,,,,,,,,,,,,,,,,,,,,,,,,
,,,,,,,,,,,,,,,,,,,,,,,,,,,,,,,,,,,,,,,,,,,,,,,,,,
,,,,,,,,,,,,,,,,,,,,,,,,,,,,,,,,,,,,,,,,,,,,,,,,,,
,,,,,,,,,,,,,,,,,,,,,,,,,,,,,,,,,,,,,,,,,,,,,,,,,,
,,,,,,,,,,,,,,,,,,,,,,,,,,,,,,,,,,,,,,,,,,,,,,,,,,
,,,,,,,,,,,,,,,,,,,,,,,,,,,,,,,,,,,,,,,,,,,,,,,,,,
,,,,,,,,,,,,,,,,,,,,,,,,,,,,,,,,,,,,,,,,,,,,,,,,,,
,,,,,,,,,,,,,,,,,,,,,,,,,,,,,,,,,,,,,,,,,,,,,,,,,,
,,,,,,,,,,,,,,,,,,,,,,,,,,,,,,,,,,,,,,,,,,,,,,,,,,
,,,,,,,,,,,,,,,,,,,,,,,,,,,,,,,,,,,,,,,,,,,,,,,,,,
,,,,,,,,,,,,,,,,,,,,,,,,,,,,,,,,,,,,,,,,,,,,,,,,,,
,,,,,,,,,,,,,,,,,,,,,,,,,,,,,,,,,,,,,,,,,,,,,,,,,,
,,,,,,,,,,,,,,,,,,,,,,,,,,,,,,,,,,,,,,,,,,,,,,,,,,
,,,,,,,,,,,,,,,,,,,,,,,,,,,,,,,,,,,,,,,,,,,,,,,,,,
,,,,,,,,,,,,,,,,,,,,,,,,,,,,,,,,,,,,,,,,,,,,,,,,,,
,,,,,,,,,,,,,,,,,,,,,,,,,,,,,,,,,,,,,,,,,,,,,,,,,,
,,,,,,,,,,,,,,,,,,,,,,,,,,,,,,,,,,,,,,,,,,,,,,,,,,
,,,,,,,,,,,,,,,,,,,,,,,,,,,,,,,,,,,,,,,,,,,,,,,,,,
,,,,,,,,,,,,,,,,,,,,,,,,,,,,,,,,,,,,,,,,,,,,,,,,,,
,,,,,,,,,,,,,,,,,,,,,,,,,,,,,,,,,,,,,,,,,,,,,,,,,,
,,,,,,,,,,,,,,,,,,,,,,,,,,,,,,,,,,,,,,,,,,,,,,,,,,
,,,,,,,,,,,,,,,,,,,,,,,,,,,,,,,,,,,,,,,,,,,,,,,,,,
,,,,,,,,,,,,,,,,,,,,,,,,,,,,,,,,,,,,,,,,,,,,,,,,,,
,,,,,,,,,,,,,,,,,,,,,,,,,,,,,,,,,,,,,,,,,,,,,,,,,,
,,,,,,,,,,,,,,,,,,,,,,,,,,,,,,,,,,,,,,,,,,,,,,,,,,
,,,,,,,,,,,,,,,,,,,,,,,,,,,,,,,,,,,,,,,,,,,,,,,,,,
,,,,,,,,,,,,,,,,,,,,,,,,,,,,,,,,,,,,,,,,,,,,,,,,,,
,,,,,,,,,,,,,,,,,,,,,,,,,,,,,,,,,,,,,,,,,,,,,,,,,,
,,,,,,,,,,,,,,,,,,,,,,,,,,,,,,,,,,,,,,,,,,,,,,,,,,
,,,,,,,,,,,,,,,,,,,,,,,,,,,,,,,,,,,,,,,,,,,,,,,,,,
,,,,,,,,,,,,,,,,,,,,,,,,,,,,,,,,,,,,,,,,,,,,,,,,,,
,,,,,,,,,,,,,,,,,,,,,,,,,,,,,,,,,,,,,,,,,,,,,,,,,,
,,,,,,,,,,,,,,,,,,,,,,,,,,,,,,,,,,,,,,,,,,,,,,,,,,
,,,,,,,,,,,,,,,,,,,,,,,,,,,,,,,,,,,,,,,,,,,,,,,,,,
,,,,,,,,,,,,,,,,,,,,,,,,,,,,,,,,,,,,,,,,,,,,,,,,,,
,,,,,,,,,,,,,,,,,,,,,,,,,,,,,,,,,,,,,,,,,,,,,,,,,,
,,,,,,,,,,,,,,,,,,,,,,,,,,,,,,,,,,,,,,,,,,,,,,,,,,
,,,,,,,,,,,,,,,,,,,,,,,,,,,,,,,,,,,,,,,,,,,,,,,,,,
,,,,,,,,,,,,,,,,,,,,,,,,,,,,,,,,,,,,,,,,,,,,,,,,,,
,,,,,,,,,,,,,,,,,,,,,,,,,,,,,,,,,,,,,,,,,,,,,,,,,,
,,,,,,,,,,,,,,,,,,,,,,,,,,,,,,,,,,,,,,,,,,,,,,,,,,
,,,,,,,,,,,,,,,,,,,,,,,,,,,,,,,,,,,,,,,,,,,,,,,,,,
,,,,,,,,,,,,,,,,,,,,,,,,,,,,,,,,,,,,,,,,,,,,,,,,,,
,,,,,,,,,,,,,,,,,,,,,,,,,,,,,,,,,,,,,,,,,,,,,,,,,,
,,,,,,,,,,,,,,,,,,,,,,,,,,,,,,,,,,,,,,,,,,,,,,,,,,
,,,,,,,,,,,,,,,,,,,,,,,,,,,,,,,,,,,,,,,,,,,,,,,,,,
,,,,,,,,,,,,,,,,,,,,,,,,,,,,,,,,,,,,,,,,,,,,,,,,,,
,,,,,,,,,,,,,,,,,,,,,,,,,,,,,,,,,,,,,,,,,,,,,,,,,,
,,,,,,,,,,,,,,,,,,,,,,,,,,,,,,,,,,,,,,,,,,,,,,,,,,
,,,,,,,,,,,,,,,,,,,,,,,,,,,,,,,,,,,,,,,,,,,,,,,,,,
,,,,,,,,,,,,,,,,,,,,,,,,,,,,,,,,,,,,,,,,,,,,,,,,,,
,,,,,,,,,,,,,,,,,,,,,,,,,,,,,,,,,,,,,,,,,,,,,,,,,,
,,,,,,,,,,,,,,,,,,,,,,,,,,,,,,,,,,,,,,,,,,,,,,,,,,
,,,,,,,,,,,,,,,,,,,,,,,,,,,,,,,,,,,,,,,,,,,,,,,,,,
,,,,,,,,,,,,,,,,,,,,,,,,,,,,,,,,,,,,,,,,,,,,,,,,,,
,,,,,,,,,,,,,,,,,,,,,,,,,,,,,,,,,,,,,,,,,,,,,,,,,,
,,,,,,,,,,,,,,,,,,,,,,,,,,,,,,,,,,,,,,,,,,,,,,,,,,
,,,,,,,,,,,,,,,,,,,,,,,,,,,,,,,,,,,,,,,,,,,,,,,,,,
,,,,,,,,,,,,,,,,,,,,,,,,,,,,,,,,,,,,,,,,,,,,,,,,,,
,,,,,,,,,,,,,,,,,,,,,,,,,,,,,,,,,,,,,,,,,,,,,,,,,,
,,,,,,,,,,,,,,,,,,,,,,,,,,,,,,,,,,,,,,,,,,,,,,,,,,
,,,,,,,,,,,,,,,,,,,,,,,,,,,,,,,,,,,,,,,,,,,,,,,,,,
,,,,,,,,,,,,,,,,,,,,,,,,,,,,,,,,,,,,,,,,,,,,,,,,,,
,,,,,,,,,,,,,,,,,,,,,,,,,,,,,,,,,,,,,,,,,,,,,,,,,,
,,,,,,,,,,,,,,,,,,,,,,,,,,,,,,,,,,,,,,,,,,,,,,,,,,
,,,,,,,,,,,,,,,,,,,,,,,,,,,,,,,,,,,,,,,,,,,,,,,,,,
,,,,,,,,,,,,,,,,,,,,,,,,,,,,,,,,,,,,,,,,,,,,,,,,,,
,,,,,,,,,,,,,,,,,,,,,,,,,,,,,,,,,,,,,,,,,,,,,,,,,,
,,,,,,,,,,,,,,,,,,,,,,,,,,,,,,,,,,,,,,,,,,,,,,,,,,
,,,,,,,,,,,,,,,,,,,,,,,,,,,,,,,,,,,,,,,,,,,,,,,,,,
,,,,,,,,,,,,,,,,,,,,,,,,,,,,,,,,,,,,,,,,,,,,,,,,,,
,,,,,,,,,,,,,,,,,,,,,,,,,,,,,,,,,,,,,,,,,,,,,,,,,,
,,,,,,,,,,,,,,,,,,,,,,,,,,,,,,,,,,,,,,,,,,,,,,,,,,
,,,,,,,,,,,,,,,,,,,,,,,,,,,,,,,,,,,,,,,,,,,,,,,,,,
,,,,,,,,,,,,,,,,,,,,,,,,,,,,,,,,,,,,,,,,,,,,,,,,,,
,,,,,,,,,,,,,,,,,,,,,,,,,,,,,,,,,,,,,,,,,,,,,,,,,,
,,,,,,,,,,,,,,,,,,,,,,,,,,,,,,,,,,,,,,,,,,,,,,,,,,
,,,,,,,,,,,,,,,,,,,,,,,,,,,,,,,,,,,,,,,,,,,,,,,,,,
,,,,,,,,,,,,,,,,,,,,,,,,,,,,,,,,,,,,,,,,,,,,,,,,,,
,,,,,,,,,,,,,,,,,,,,,,,,,,,,,,,,,,,,,,,,,,,,,,,,,,
,,,,,,,,,,,,,,,,,,,,,,,,,,,,,,,,,,,,,,,,,,,,,,,,,,
,,,,,,,,,,,,,,,,,,,,,,,,,,,,,,,,,,,,,,,,,,,,,,,,,,
,,,,,,,,,,,,,,,,,,,,,,,,,,,,,,,,,,,,,,,,,,,,,,,,,,
,,,,,,,,,,,,,,,,,,,,,,,,,,,,,,,,,,,,,,,,,,,,,,,,,,
,,,,,,,,,,,,,,,,,,,,,,,,,,,,,,,,,,,,,,,,,,,,,,,,,,
,,,,,,,,,,,,,,,,,,,,,,,,,,,,,,,,,,,,,,,,,,,,,,,,,,
,,,,,,,,,,,,,,,,,,,,,,,,,,,,,,,,,,,,,,,,,,,,,,,,,,
,,,,,,,,,,,,,,,,,,,,,,,,,,,,,,,,,,,,,,,,,,,,,,,,,,
,,,,,,,,,,,,,,,,,,,,,,,,,,,,,,,,,,,,,,,,,,,,,,,,,,
,,,,,,,,,,,,,,,,,,,,,,,,,,,,,,,,,,,,,,,,,,,,,,,,,,
,,,,,,,,,,,,,,,,,,,,,,,,,,,,,,,,,,,,,,,,,,,,,,,,,,
,,,,,,,,,,,,,,,,,,,,,,,,,,,,,,,,,,,,,,,,,,,,,,,,,,
,,,,,,,,,,,,,,,,,,,,,,,,,,,,,,,,,,,,,,,,,,,,,,,,,,
,,,,,,,,,,,,,,,,,,,,,,,,,,,,,,,,,,,,,,,,,,,,,,,,,,
,,,,,,,,,,,,,,,,,,,,,,,,,,,,,,,,,,,,,,,,,,,,,,,,,,
,,,,,,,,,,,,,,,,,,,,,,,,,,,,,,,,,,,,,,,,,,,,,,,,,,
,,,,,,,,,,,,,,,,,,,,,,,,,,,,,,,,,,,,,,,,,,,,,,,,,,
,,,,,,,,,,,,,,,,,,,,,,,,,,,,,,,,,,,,,,,,,,,,,,,,,,
,,,,,,,,,,,,,,,,,,,,,,,,,,,,,,,,,,,,,,,,,,,,,,,,,,
,,,,,,,,,,,,,,,,,,,,,,,,,,,,,,,,,,,,,,,,,,,,,,,,,,
,,,,,,,,,,,,,,,,,,,,,,,,,,,,,,,,,,,,,,,,,,,,,,,,,,
,,,,,,,,,,,,,,,,,,,,,,,,,,,,,,,,,,,,,,,,,,,,,,,,,,
,,,,,,,,,,,,,,,,,,,,,,,,,,,,,,,,,,,,,,,,,,,,,,,,,,
,,,,,,,,,,,,,,,,,,,,,,,,,,,,,,,,,,,,,,,,,,,,,,,,,,
,,,,,,,,,,,,,,,,,,,,,,,,,,,,,,,,,,,,,,,,,,,,,,,,,,
,,,,,,,,,,,,,,,,,,,,,,,,,,,,,,,,,,,,,,,,,,,,,,,,,,
,,,,,,,,,,,,,,,,,,,,,,,,,,,,,,,,,,,,,,,,,,,,,,,,,,
,,,,,,,,,,,,,,,,,,,,,,,,,,,,,,,,,,,,,,,,,,,,,,,,,,
,,,,,,,,,,,,,,,,,,,,,,,,,,,,,,,,,,,,,,,,,,,,,,,,,,
,,,,,,,,,,,,,,,,,,,,,,,,,,,,,,,,,,,,,,,,,,,,,,,,,,
,,,,,,,,,,,,,,,,,,,,,,,,,,,,,,,,,,,,,,,,,,,,,,,,,,
,,,,,,,,,,,,,,,,,,,,,,,,,,,,,,,,,,,,,,,,,,,,,,,,,,
,,,,,,,,,,,,,,,,,,,,,,,,,,,,,,,,,,,,,,,,,,,,,,,,,,
,,,,,,,,,,,,,,,,,,,,,,,,,,,,,,,,,,,,,,,,,,,,,,,,,,
,,,,,,,,,,,,,,,,,,,,,,,,,,,,,,,,,,,,,,,,,,,,,,,,,,
,,,,,,,,,,,,,,,,,,,,,,,,,,,,,,,,,,,,,,,,,,,,,,,,,,
,,,,,,,,,,,,,,,,,,,,,,,,,,,,,,,,,,,,,,,,,,,,,,,,,,
,,,,,,,,,,,,,,,,,,,,,,,,,,,,,,,,,,,,,,,,,,,,,,,,,,
,,,,,,,,,,,,,,,,,,,,,,,,,,,,,,,,,,,,,,,,,,,,,,,,,,
,,,,,,,,,,,,,,,,,,,,,,,,,,,,,,,,,,,,,,,,,,,,,,,,,,
,,,,,,,,,,,,,,,,,,,,,,,,,,,,,,,,,,,,,,,,,,,,,,,,,,
,,,,,,,,,,,,,,,,,,,,,,,,,,,,,,,,,,,,,,,,,,,,,,,,,,
,,,,,,,,,,,,,,,,,,,,,,,,,,,,,,,,,,,,,,,,,,,,,,,,,,
,,,,,,,,,,,,,,,,,,,,,,,,,,,,,,,,,,,,,,,,,,,,,,,,,,
,,,,,,,,,,,,,,,,,,,,,,,,,,,,,,,,,,,,,,,,,,,,,,,,,,
,,,,,,,,,,,,,,,,,,,,,,,,,,,,,,,,,,,,,,,,,,,,,,,,,,
,,,,,,,,,,,,,,,,,,,,,,,,,,,,,,,,,,,,,,,,,,,,,,,,,,
,,,,,,,,,,,,,,,,,,,,,,,,,,,,,,,,,,,,,,,,,,,,,,,,,,
,,,,,,,,,,,,,,,,,,,,,,,,,,,,,,,,,,,,,,,,,,,,,,,,,,
,,,,,,,,,,,,,,,,,,,,,,,,,,,,,,,,,,,,,,,,,,,,,,,,,,
,,,,,,,,,,,,,,,,,,,,,,,,,,,,,,,,,,,,,,,,,,,,,,,,,,
,,,,,,,,,,,,,,,,,,,,,,,,,,,,,,,,,,,,,,,,,,,,,,,,,,
,,,,,,,,,,,,,,,,,,,,,,,,,,,,,,,,,,,,,,,,,,,,,,,,,,
,,,,,,,,,,,,,,,,,,,,,,,,,,,,,,,,,,,,,,,,,,,,,,,,,,
,,,,,,,,,,,,,,,,,,,,,,,,,,,,,,,,,,,,,,,,,,,,,,,,,,
,,,,,,,,,,,,,,,,,,,,,,,,,,,,,,,,,,,,,,,,,,,,,,,,,,
,,,,,,,,,,,,,,,,,,,,,,,,,,,,,,,,,,,,,,,,,,,,,,,,,,
,,,,,,,,,,,,,,,,,,,,,,,,,,,,,,,,,,,,,,,,,,,,,,,,,,
,,,,,,,,,,,,,,,,,,,,,,,,,,,,,,,,,,,,,,,,,,,,,,,,,,
,,,,,,,,,,,,,,,,,,,,,,,,,,,,,,,,,,,,,,,,,,,,,,,,,,
,,,,,,,,,,,,,,,,,,,,,,,,,,,,,,,,,,,,,,,,,,,,,,,,,,
,,,,,,,,,,,,,,,,,,,,,,,,,,,,,,,,,,,,,,,,,,,,,,,,,,
,,,,,,,,,,,,,,,,,,,,,,,,,,,,,,,,,,,,,,,,,,,,,,,,,,
,,,,,,,,,,,,,,,,,,,,,,,,,,,,,,,,,,,,,,,,,,,,,,,,,,
,,,,,,,,,,,,,,,,,,,,,,,,,,,,,,,,,,,,,,,,,,,,,,,,,,
,,,,,,,,,,,,,,,,,,,,,,,,,,,,,,,,,,,,,,,,,,,,,,,,,,
,,,,,,,,,,,,,,,,,,,,,,,,,,,,,,,,,,,,,,,,,,,,,,,,,,
,,,,,,,,,,,,,,,,,,,,,,,,,,,,,,,,,,,,,,,,,,,,,,,,,,
,,,,,,,,,,,,,,,,,,,,,,,,,,,,,,,,,,,,,,,,,,,,,,,,,,
,,,,,,,,,,,,,,,,,,,,,,,,,,,,,,,,,,,,,,,,,,,,,,,,,,
,,,,,,,,,,,,,,,,,,,,,,,,,,,,,,,,,,,,,,,,,,,,,,,,,,
,,,,,,,,,,,,,,,,,,,,,,,,,,,,,,,,,,,,,,,,,,,,,,,,,,
,,,,,,,,,,,,,,,,,,,,,,,,,,,,,,,,,,,,,,,,,,,,,,,,,,
,,,,,,,,,,,,,,,,,,,,,,,,,,,,,,,,,,,,,,,,,,,,,,,,,,
,,,,,,,,,,,,,,,,,,,,,,,,,,,,,,,,,,,,,,,,,,,,,,,,,,
,,,,,,,,,,,,,,,,,,,,,,,,,,,,,,,,,,,,,,,,,,,,,,,,,,
,,,,,,,,,,,,,,,,,,,,,,,,,,,,,,,,,,,,,,,,,,,,,,,,,,
,,,,,,,,,,,,,,,,,,,,,,,,,,,,,,,,,,,,,,,,,,,,,,,,,,
,,,,,,,,,,,,,,,,,,,,,,,,,,,,,,,,,,,,,,,,,,,,,,,,,,
,,,,,,,,,,,,,,,,,,,,,,,,,,,,,,,,,,,,,,,,,,,,,,,,,,
,,,,,,,,,,,,,,,,,,,,,,,,,,,,,,,,,,,,,,,,,,,,,,,,,,
,,,,,,,,,,,,,,,,,,,,,,,,,,,,,,,,,,,,,,,,,,,,,,,,,,
,,,,,,,,,,,,,,,,,,,,,,,,,,,,,,,,,,,,,,,,,,,,,,,,,,
,,,,,,,,,,,,,,,,,,,,,,,,,,,,,,,,,,,,,,,,,,,,,,,,,,
,,,,,,,,,,,,,,,,,,,,,,,,,,,,,,,,,,,,,,,,,,,,,,,,,,
,,,,,,,,,,,,,,,,,,,,,,,,,,,,,,,,,,,,,,,,,,,,,,,,,,
,,,,,,,,,,,,,,,,,,,,,,,,,,,,,,,,,,,,,,,,,,,,,,,,,,
,,,,,,,,,,,,,,,,,,,,,,,,,,,,,,,,,,,,,,,,,,,,,,,,,,
,,,,,,,,,,,,,,,,,,,,,,,,,,,,,,,,,,,,,,,,,,,,,,,,,,
,,,,,,,,,,,,,,,,,,,,,,,,,,,,,,,,,,,,,,,,,,,,,,,,,,
,,,,,,,,,,,,,,,,,,,,,,,,,,,,,,,,,,,,,,,,,,,,,,,,,,
,,,,,,,,,,,,,,,,,,,,,,,,,,,,,,,,,,,,,,,,,,,,,,,,,,
,,,,,,,,,,,,,,,,,,,,,,,,,,,,,,,,,,,,,,,,,,,,,,,,,,
,,,,,,,,,,,,,,,,,,,,,,,,,,,,,,,,,,,,,,,,,,,,,,,,,,
,,,,,,,,,,,,,,,,,,,,,,,,,,,,,,,,,,,,,,,,,,,,,,,,,,
,,,,,,,,,,,,,,,,,,,,,,,,,,,,,,,,,,,,,,,,,,,,,,,,,,
,,,,,,,,,,,,,,,,,,,,,,,,,,,,,,,,,,,,,,,,,,,,,,,,,,
,,,,,,,,,,,,,,,,,,,,,,,,,,,,,,,,,,,,,,,,,,,,,,,,,,
,,,,,,,,,,,,,,,,,,,,,,,,,,,,,,,,,,,,,,,,,,,,,,,,,,
,,,,,,,,,,,,,,,,,,,,,,,,,,,,,,,,,,,,,,,,,,,,,,,,,,
,,,,,,,,,,,,,,,,,,,,,,,,,,,,,,,,,,,,,,,,,,,,,,,,,,
,,,,,,,,,,,,,,,,,,,,,,,,,,,,,,,,,,,,,,,,,,,,,,,,,,
,,,,,,,,,,,,,,,,,,,,,,,,,,,,,,,,,,,,,,,,,,,,,,,,,,
,,,,,,,,,,,,,,,,,,,,,,,,,,,,,,,,,,,,,,,,,,,,,,,,,,
,,,,,,,,,,,,,,,,,,,,,,,,,,,,,,,,,,,,,,,,,,,,,,,,,,
,,,,,,,,,,,,,,,,,,,,,,,,,,,,,,,,,,,,,,,,,,,,,,,,,,
,,,,,,,,,,,,,,,,,,,,,,,,,,,,,,,,,,,,,,,,,,,,,,,,,,
,,,,,,,,,,,,,,,,,,,,,,,,,,,,,,,,,,,,,,,,,,,,,,,,,,
,,,,,,,,,,,,,,,,,,,,,,,,,,,,,,,,,,,,,,,,,,,,,,,,,,
,,,,,,,,,,,,,,,,,,,,,,,,,,,,,,,,,,,,,,,,,,,,,,,,,,
,,,,,,,,,,,,,,,,,,,,,,,,,,,,,,,,,,,,,,,,,,,,,,,,,,
,,,,,,,,,,,,,,,,,,,,,,,,,,,,,,,,,,,,,,,,,,,,,,,,,,
,,,,,,,,,,,,,,,,,,,,,,,,,,,,,,,,,,,,,,,,,,,,,,,,,,
,,,,,,,,,,,,,,,,,,,,,,,,,,,,,,,,,,,,,,,,,,,,,,,,,,
,,,,,,,,,,,,,,,,,,,,,,,,,,,,,,,,,,,,,,,,,,,,,,,,,,
,,,,,,,,,,,,,,,,,,,,,,,,,,,,,,,,,,,,,,,,,,,,,,,,,,
,,,,,,,,,,,,,,,,,,,,,,,,,,,,,,,,,,,,,,,,,,,,,,,,,,
,,,,,,,,,,,,,,,,,,,,,,,,,,,,,,,,,,,,,,,,,,,,,,,,,,
,,,,,,,,,,,,,,,,,,,,,,,,,,,,,,,,,,,,,,,,,,,,,,,,,,
,,,,,,,,,,,,,,,,,,,,,,,,,,,,,,,,,,,,,,,,,,,,,,,,,,
,,,,,,,,,,,,,,,,,,,,,,,,,,,,,,,,,,,,,,,,,,,,,,,,,,
,,,,,,,,,,,,,,,,,,,,,,,,,,,,,,,,,,,,,,,,,,,,,,,,,,
,,,,,,,,,,,,,,,,,,,,,,,,,,,,,,,,,,,,,,,,,,,,,,,,,,
,,,,,,,,,,,,,,,,,,,,,,,,,,,,,,,,,,,,,,,,,,,,,,,,,,
,,,,,,,,,,,,,,,,,,,,,,,,,,,,,,,,,,,,,,,,,,,,,,,,,,
,,,,,,,,,,,,,,,,,,,,,,,,,,,,,,,,,,,,,,,,,,,,,,,,,,
,,,,,,,,,,,,,,,,,,,,,,,,,,,,,,,,,,,,,,,,,,,,,,,,,,
,,,,,,,,,,,,,,,,,,,,,,,,,,,,,,,,,,,,,,,,,,,,,,,,,,
,,,,,,,,,,,,,,,,,,,,,,,,,,,,,,,,,,,,,,,,,,,,,,,,,,
,,,,,,,,,,,,,,,,,,,,,,,,,,,,,,,,,,,,,,,,,,,,,,,,,,
,,,,,,,,,,,,,,,,,,,,,,,,,,,,,,,,,,,,,,,,,,,,,,,,,,
,,,,,,,,,,,,,,,,,,,,,,,,,,,,,,,,,,,,,,,,,,,,,,,,,,
,,,,,,,,,,,,,,,,,,,,,,,,,,,,,,,,,,,,,,,,,,,,,,,,,,
,,,,,,,,,,,,,,,,,,,,,,,,,,,,,,,,,,,,,,,,,,,,,,,,,,
,,,,,,,,,,,,,,,,,,,,,,,,,,,,,,,,,,,,,,,,,,,,,,,,,,
,,,,,,,,,,,,,,,,,,,,,,,,,,,,,,,,,,,,,,,,,,,,,,,,,,
,,,,,,,,,,,,,,,,,,,,,,,,,,,,,,,,,,,,,,,,,,,,,,,,,,
,,,,,,,,,,,,,,,,,,,,,,,,,,,,,,,,,,,,,,,,,,,,,,,,,,
,,,,,,,,,,,,,,,,,,,,,,,,,,,,,,,,,,,,,,,,,,,,,,,,,,
,,,,,,,,,,,,,,,,,,,,,,,,,,,,,,,,,,,,,,,,,,,,,,,,,,
,,,,,,,,,,,,,,,,,,,,,,,,,,,,,,,,,,,,,,,,,,,,,,,,,,
,,,,,,,,,,,,,,,,,,,,,,,,,,,,,,,,,,,,,,,,,,,,,,,,,,
,,,,,,,,,,,,,,,,,,,,,,,,,,,,,,,,,,,,,,,,,,,,,,,,,,
,,,,,,,,,,,,,,,,,,,,,,,,,,,,,,,,,,,,,,,,,,,,,,,,,,
,,,,,,,,,,,,,,,,,,,,,,,,,,,,,,,,,,,,,,,,,,,,,,,,,,
,,,,,,,,,,,,,,,,,,,,,,,,,,,,,,,,,,,,,,,,,,,,,,,,,,
,,,,,,,,,,,,,,,,,,,,,,,,,,,,,,,,,,,,,,,,,,,,,,,,,,
,,,,,,,,,,,,,,,,,,,,,,,,,,,,,,,,,,,,,,,,,,,,,,,,,,
,,,,,,,,,,,,,,,,,,,,,,,,,,,,,,,,,,,,,,,,,,,,,,,,,,
,,,,,,,,,,,,,,,,,,,,,,,,,,,,,,,,,,,,,,,,,,,,,,,,,,
,,,,,,,,,,,,,,,,,,,,,,,,,,,,,,,,,,,,,,,,,,,,,,,,,,
,,,,,,,,,,,,,,,,,,,,,,,,,,,,,,,,,,,,,,,,,,,,,,,,,,
,,,,,,,,,,,,,,,,,,,,,,,,,,,,,,,,,,,,,,,,,,,,,,,,,,
,,,,,,,,,,,,,,,,,,,,,,,,,,,,,,,,,,,,,,,,,,,,,,,,,,
,,,,,,,,,,,,,,,,,,,,,,,,,,,,,,,,,,,,,,,,,,,,,,,,,,
,,,,,,,,,,,,,,,,,,,,,,,,,,,,,,,,,,,,,,,,,,,,,,,,,,
,,,,,,,,,,,,,,,,,,,,,,,,,,,,,,,,,,,,,,,,,,,,,,,,,,
,,,,,,,,,,,,,,,,,,,,,,,,,,,,,,,,,,,,,,,,,,,,,,,,,,
,,,,,,,,,,,,,,,,,,,,,,,,,,,,,,,,,,,,,,,,,,,,,,,,,,
,,,,,,,,,,,,,,,,,,,,,,,,,,,,,,,,,,,,,,,,,,,,,,,,,,
,,,,,,,,,,,,,,,,,,,,,,,,,,,,,,,,,,,,,,,,,,,,,,,,,,
,,,,,,,,,,,,,,,,,,,,,,,,,,,,,,,,,,,,,,,,,,,,,,,,,,
,,,,,,,,,,,,,,,,,,,,,,,,,,,,,,,,,,,,,,,,,,,,,,,,,,
,,,,,,,,,,,,,,,,,,,,,,,,,,,,,,,,,,,,,,,,,,,,,,,,,,
,,,,,,,,,,,,,,,,,,,,,,,,,,,,,,,,,,,,,,,,,,,,,,,,,,
,,,,,,,,,,,,,,,,,,,,,,,,,,,,,,,,,,,,,,,,,,,,,,,,,,
,,,,,,,,,,,,,,,,,,,,,,,,,,,,,,,,,,,,,,,,,,,,,,,,,,
,,,,,,,,,,,,,,,,,,,,,,,,,,,,,,,,,,,,,,,,,,,,,,,,,,
,,,,,,,,,,,,,,,,,,,,,,,,,,,,,,,,,,,,,,,,,,,,,,,,,,
,,,,,,,,,,,,,,,,,,,,,,,,,,,,,,,,,,,,,,,,,,,,,,,,,,
,,,,,,,,,,,,,,,,,,,,,,,,,,,,,,,,,,,,,,,,,,,,,,,,,,
,,,,,,,,,,,,,,,,,,,,,,,,,,,,,,,,,,,,,,,,,,,,,,,,,,
,,,,,,,,,,,,,,,,,,,,,,,,,,,,,,,,,,,,,,,,,,,,,,,,,,
,,,,,,,,,,,,,,,,,,,,,,,,,,,,,,,,,,,,,,,,,,,,,,,,,,
,,,,,,,,,,,,,,,,,,,,,,,,,,,,,,,,,,,,,,,,,,,,,,,,,,
,,,,,,,,,,,,,,,,,,,,,,,,,,,,,,,,,,,,,,,,,,,,,,,,,,
,,,,,,,,,,,,,,,,,,,,,,,,,,,,,,,,,,,,,,,,,,,,,,,,,,
,,,,,,,,,,,,,,,,,,,,,,,,,,,,,,,,,,,,,,,,,,,,,,,,,,
,,,,,,,,,,,,,,,,,,,,,,,,,,,,,,,,,,,,,,,,,,,,,,,,,,
,,,,,,,,,,,,,,,,,,,,,,,,,,,,,,,,,,,,,,,,,,,,,,,,,,
,,,,,,,,,,,,,,,,,,,,,,,,,,,,,,,,,,,,,,,,,,,,,,,,,,
,,,,,,,,,,,,,,,,,,,,,,,,,,,,,,,,,,,,,,,,,,,,,,,,,,
,,,,,,,,,,,,,,,,,,,,,,,,,,,,,,,,,,,,,,,,,,,,,,,,,,
,,,,,,,,,,,,,,,,,,,,,,,,,,,,,,,,,,,,,,,,,,,,,,,,,,
,,,,,,,,,,,,,,,,,,,,,,,,,,,,,,,,,,,,,,,,,,,,,,,,,,
,,,,,,,,,,,,,,,,,,,,,,,,,,,,,,,,,,,,,,,,,,,,,,,,,,
,,,,,,,,,,,,,,,,,,,,,,,,,,,,,,,,,,,,,,,,,,,,,,,,,,
,,,,,,,,,,,,,,,,,,,,,,,,,,,,,,,,,,,,,,,,,,,,,,,,,,
,,,,,,,,,,,,,,,,,,,,,,,,,,,,,,,,,,,,,,,,,,,,,,,,,,
,,,,,,,,,,,,,,,,,,,,,,,,,,,,,,,,,,,,,,,,,,,,,,,,,,
,,,,,,,,,,,,,,,,,,,,,,,,,,,,,,,,,,,,,,,,,,,,,,,,,,
,,,,,,,,,,,,,,,,,,,,,,,,,,,,,,,,,,,,,,,,,,,,,,,,,,
,,,,,,,,,,,,,,,,,,,,,,,,,,,,,,,,,,,,,,,,,,,,,,,,,,
,,,,,,,,,,,,,,,,,,,,,,,,,,,,,,,,,,,,,,,,,,,,,,,,,,
,,,,,,,,,,,,,,,,,,,,,,,,,,,,,,,,,,,,,,,,,,,,,,,,,,
,,,,,,,,,,,,,,,,,,,,,,,,,,,,,,,,,,,,,,,,,,,,,,,,,,
,,,,,,,,,,,,,,,,,,,,,,,,,,,,,,,,,,,,,,,,,,,,,,,,,,
,,,,,,,,,,,,,,,,,,,,,,,,,,,,,,,,,,,,,,,,,,,,,,,,,,
,,,,,,,,,,,,,,,,,,,,,,,,,,,,,,,,,,,,,,,,,,,,,,,,,,
,,,,,,,,,,,,,,,,,,,,,,,,,,,,,,,,,,,,,,,,,,,,,,,,,,
,,,,,,,,,,,,,,,,,,,,,,,,,,,,,,,,,,,,,,,,,,,,,,,,,,
,,,,,,,,,,,,,,,,,,,,,,,,,,,,,,,,,,,,,,,,,,,,,,,,,,
,,,,,,,,,,,,,,,,,,,,,,,,,,,,,,,,,,,,,,,,,,,,,,,,,,
,,,,,,,,,,,,,,,,,,,,,,,,,,,,,,,,,,,,,,,,,,,,,,,,,,
,,,,,,,,,,,,,,,,,,,,,,,,,,,,,,,,,,,,,,,,,,,,,,,,,,
,,,,,,,,,,,,,,,,,,,,,,,,,,,,,,,,,,,,,,,,,,,,,,,,,,
,,,,,,,,,,,,,,,,,,,,,,,,,,,,,,,,,,,,,,,,,,,,,,,,,,
,,,,,,,,,,,,,,,,,,,,,,,,,,,,,,,,,,,,,,,,,,,,,,,,,,
,,,,,,,,,,,,,,,,,,,,,,,,,,,,,,,,,,,,,,,,,,,,,,,,,,
,,,,,,,,,,,,,,,,,,,,,,,,,,,,,,,,,,,,,,,,,,,,,,,,,,
,,,,,,,,,,,,,,,,,,,,,,,,,,,,,,,,,,,,,,,,,,,,,,,,,,
,,,,,,,,,,,,,,,,,,,,,,,,,,,,,,,,,,,,,,,,,,,,,,,,,,
,,,,,,,,,,,,,,,,,,,,,,,,,,,,,,,,,,,,,,,,,,,,,,,,,,
,,,,,,,,,,,,,,,,,,,,,,,,,,,,,,,,,,,,,,,,,,,,,,,,,,
,,,,,,,,,,,,,,,,,,,,,,,,,,,,,,,,,,,,,,,,,,,,,,,,,,
,,,,,,,,,,,,,,,,,,,,,,,,,,,,,,,,,,,,,,,,,,,,,,,,,,
,,,,,,,,,,,,,,,,,,,,,,,,,,,,,,,,,,,,,,,,,,,,,,,,,,
,,,,,,,,,,,,,,,,,,,,,,,,,,,,,,,,,,,,,,,,,,,,,,,,,,
,,,,,,,,,,,,,,,,,,,,,,,,,,,,,,,,,,,,,,,,,,,,,,,,,,
,,,,,,,,,,,,,,,,,,,,,,,,,,,,,,,,,,,,,,,,,,,,,,,,,,
,,,,,,,,,,,,,,,,,,,,,,,,,,,,,,,,,,,,,,,,,,,,,,,,,,
,,,,,,,,,,,,,,,,,,,,,,,,,,,,,,,,,,,,,,,,,,,,,,,,,,
,,,,,,,,,,,,,,,,,,,,,,,,,,,,,,,,,,,,,,,,,,,,,,,,,,
,,,,,,,,,,,,,,,,,,,,,,,,,,,,,,,,,,,,,,,,,,,,,,,,,,
,,,,,,,,,,,,,,,,,,,,,,,,,,,,,,,,,,,,,,,,,,,,,,,,,,
,,,,,,,,,,,,,,,,,,,,,,,,,,,,,,,,,,,,,,,,,,,,,,,,,,
,,,,,,,,,,,,,,,,,,,,,,,,,,,,,,,,,,,,,,,,,,,,,,,,,,
,,,,,,,,,,,,,,,,,,,,,,,,,,,,,,,,,,,,,,,,,,,,,,,,,,
,,,,,,,,,,,,,,,,,,,,,,,,,,,,,,,,,,,,,,,,,,,,,,,,,,
,,,,,,,,,,,,,,,,,,,,,,,,,,,,,,,,,,,,,,,,,,,,,,,,,,
,,,,,,,,,,,,,,,,,,,,,,,,,,,,,,,,,,,,,,,,,,,,,,,,,,
,,,,,,,,,,,,,,,,,,,,,,,,,,,,,,,,,,,,,,,,,,,,,,,,,,
,,,,,,,,,,,,,,,,,,,,,,,,,,,,,,,,,,,,,,,,,,,,,,,,,,
,,,,,,,,,,,,,,,,,,,,,,,,,,,,,,,,,,,,,,,,,,,,,,,,,,
,,,,,,,,,,,,,,,,,,,,,,,,,,,,,,,,,,,,,,,,,,,,,,,,,,
,,,,,,,,,,,,,,,,,,,,,,,,,,,,,,,,,,,,,,,,,,,,,,,,,,
,,,,,,,,,,,,,,,,,,,,,,,,,,,,,,,,,,,,,,,,,,,,,,,,,,
,,,,,,,,,,,,,,,,,,,,,,,,,,,,,,,,,,,,,,,,,,,,,,,,,,
,,,,,,,,,,,,,,,,,,,,,,,,,,,,,,,,,,,,,,,,,,,,,,,,,,
,,,,,,,,,,,,,,,,,,,,,,,,,,,,,,,,,,,,,,,,,,,,,,,,,,
,,,,,,,,,,,,,,,,,,,,,,,,,,,,,,,,,,,,,,,,,,,,,,,,,,
,,,,,,,,,,,,,,,,,,,,,,,,,,,,,,,,,,,,,,,,,,,,,,,,,,
,,,,,,,,,,,,,,,,,,,,,,,,,,,,,,,,,,,,,,,,,,,,,,,,,,
,,,,,,,,,,,,,,,,,,,,,,,,,,,,,,,,,,,,,,,,,,,,,,,,,,
,,,,,,,,,,,,,,,,,,,,,,,,,,,,,,,,,,,,,,,,,,,,,,,,,,
,,,,,,,,,,,,,,,,,,,,,,,,,,,,,,,,,,,,,,,,,,,,,,,,,,
,,,,,,,,,,,,,,,,,,,,,,,,,,,,,,,,,,,,,,,,,,,,,,,,,,
,,,,,,,,,,,,,,,,,,,,,,,,,,,,,,,,,,,,,,,,,,,,,,,,,,
,,,,,,,,,,,,,,,,,,,,,,,,,,,,,,,,,,,,,,,,,,,,,,,,,,
,,,,,,,,,,,,,,,,,,,,,,,,,,,,,,,,,,,,,,,,,,,,,,,,,,
,,,,,,,,,,,,,,,,,,,,,,,,,,,,,,,,,,,,,,,,,,,,,,,,,,
,,,,,,,,,,,,,,,,,,,,,,,,,,,,,,,,,,,,,,,,,,,,,,,,,,
,,,,,,,,,,,,,,,,,,,,,,,,,,,,,,,,,,,,,,,,,,,,,,,,,,
,,,,,,,,,,,,,,,,,,,,,,,,,,,,,,,,,,,,,,,,,,,,,,,,,,
,,,,,,,,,,,,,,,,,,,,,,,,,,,,,,,,,,,,,,,,,,,,,,,,,,
,,,,,,,,,,,,,,,,,,,,,,,,,,,,,,,,,,,,,,,,,,,,,,,,,,
,,,,,,,,,,,,,,,,,,,,,,,,,,,,,,,,,,,,,,,,,,,,,,,,,,
,,,,,,,,,,,,,,,,,,,,,,,,,,,,,,,,,,,,,,,,,,,,,,,,,,
,,,,,,,,,,,,,,,,,,,,,,,,,,,,,,,,,,,,,,,,,,,,,,,,,,
,,,,,,,,,,,,,,,,,,,,,,,,,,,,,,,,,,,,,,,,,,,,,,,,,,
,,,,,,,,,,,,,,,,,,,,,,,,,,,,,,,,,,,,,,,,,,,,,,,,,,
,,,,,,,,,,,,,,,,,,,,,,,,,,,,,,,,,,,,,,,,,,,,,,,,,,
,,,,,,,,,,,,,,,,,,,,,,,,,,,,,,,,,,,,,,,,,,,,,,,,,,
,,,,,,,,,,,,,,,,,,,,,,,,,,,,,,,,,,,,,,,,,,,,,,,,,,
,,,,,,,,,,,,,,,,,,,,,,,,,,,,,,,,,,,,,,,,,,,,,,,,,,
,,,,,,,,,,,,,,,,,,,,,,,,,,,,,,,,,,,,,,,,,,,,,,,,,,
,,,,,,,,,,,,,,,,,,,,,,,,,,,,,,,,,,,,,,,,,,,,,,,,,,
,,,,,,,,,,,,,,,,,,,,,,,,,,,,,,,,,,,,,,,,,,,,,,,,,,
,,,,,,,,,,,,,,,,,,,,,,,,,,,,,,,,,,,,,,,,,,,,,,,,,,
,,,,,,,,,,,,,,,,,,,,,,,,,,,,,,,,,,,,,,,,,,,,,,,,,,
,,,,,,,,,,,,,,,,,,,,,,,,,,,,,,,,,,,,,,,,,,,,,,,,,,
,,,,,,,,,,,,,,,,,,,,,,,,,,,,,,,,,,,,,,,,,,,,,,,,,,
,,,,,,,,,,,,,,,,,,,,,,,,,,,,,,,,,,,,,,,,,,,,,,,,,,
,,,,,,,,,,,,,,,,,,,,,,,,,,,,,,,,,,,,,,,,,,,,,,,,,,
,,,,,,,,,,,,,,,,,,,,,,,,,,,,,,,,,,,,,,,,,,,,,,,,,,
,,,,,,,,,,,,,,,,,,,,,,,,,,,,,,,,,,,,,,,,,,,,,,,,,,
,,,,,,,,,,,,,,,,,,,,,,,,,,,,,,,,,,,,,,,,,,,,,,,,,,
,,,,,,,,,,,,,,,,,,,,,,,,,,,,,,,,,,,,,,,,,,,,,,,,,,
,,,,,,,,,,,,,,,,,,,,,,,,,,,,,,,,,,,,,,,,,,,,,,,,,,
,,,,,,,,,,,,,,,,,,,,,,,,,,,,,,,,,,,,,,,,,,,,,,,,,,
,,,,,,,,,,,,,,,,,,,,,,,,,,,,,,,,,,,,,,,,,,,,,,,,,,
,,,,,,,,,,,,,,,,,,,,,,,,,,,,,,,,,,,,,,,,,,,,,,,,,,
,,,,,,,,,,,,,,,,,,,,,,,,,,,,,,,,,,,,,,,,,,,,,,,,,,
,,,,,,,,,,,,,,,,,,,,,,,,,,,,,,,,,,,,,,,,,,,,,,,,,,
,,,,,,,,,,,,,,,,,,,,,,,,,,,,,,,,,,,,,,,,,,,,,,,,,,
,,,,,,,,,,,,,,,,,,,,,,,,,,,,,,,,,,,,,,,,,,,,,,,,,,
,,,,,,,,,,,,,,,,,,,,,,,,,,,,,,,,,,,,,,,,,,,,,,,,,,
,,,,,,,,,,,,,,,,,,,,,,,,,,,,,,,,,,,,,,,,,,,,,,,,,,
,,,,,,,,,,,,,,,,,,,,,,,,,,,,,,,,,,,,,,,,,,,,,,,,,,
,,,,,,,,,,,,,,,,,,,,,,,,,,,,,,,,,,,,,,,,,,,,,,,,,,
,,,,,,,,,,,,,,,,,,,,,,,,,,,,,,,,,,,,,,,,,,,,,,,,,,
,,,,,,,,,,,,,,,,,,,,,,,,,,,,,,,,,,,,,,,,,,,,,,,,,,
,,,,,,,,,,,,,,,,,,,,,,,,,,,,,,,,,,,,,,,,,,,,,,,,,,
,,,,,,,,,,,,,,,,,,,,,,,,,,,,,,,,,,,,,,,,,,,,,,,,,,
,,,,,,,,,,,,,,,,,,,,,,,,,,,,,,,,,,,,,,,,,,,,,,,,,,
,,,,,,,,,,,,,,,,,,,,,,,,,,,,,,,,,,,,,,,,,,,,,,,,,,
,,,,,,,,,,,,,,,,,,,,,,,,,,,,,,,,,,,,,,,,,,,,,,,,,,
,,,,,,,,,,,,,,,,,,,,,,,,,,,,,,,,,,,,,,,,,,,,,,,,,,
,,,,,,,,,,,,,,,,,,,,,,,,,,,,,,,,,,,,,,,,,,,,,,,,,,
,,,,,,,,,,,,,,,,,,,,,,,,,,,,,,,,,,,,,,,,,,,,,,,,,,
,,,,,,,,,,,,,,,,,,,,,,,,,,,,,,,,,,,,,,,,,,,,,,,,,,
,,,,,,,,,,,,,,,,,,,,,,,,,,,,,,,,,,,,,,,,,,,,,,,,,,
,,,,,,,,,,,,,,,,,,,,,,,,,,,,,,,,,,,,,,,,,,,,,,,,,,
,,,,,,,,,,,,,,,,,,,,,,,,,,,,,,,,,,,,,,,,,,,,,,,,,,
,,,,,,,,,,,,,,,,,,,,,,,,,,,,,,,,,,,,,,,,,,,,,,,,,,
,,,,,,,,,,,,,,,,,,,,,,,,,,,,,,,,,,,,,,,,,,,,,,,,,,
,,,,,,,,,,,,,,,,,,,,,,,,,,,,,,,,,,,,,,,,,,,,,,,,,,
,,,,,,,,,,,,,,,,,,,,,,,,,,,,,,,,,,,,,,,,,,,,,,,,,,
,,,,,,,,,,,,,,,,,,,,,,,,,,,,,,,,,,,,,,,,,,,,,,,,,,
,,,,,,,,,,,,,,,,,,,,,,,,,,,,,,,,,,,,,,,,,,,,,,,,,,
,,,,,,,,,,,,,,,,,,,,,,,,,,,,,,,,,,,,,,,,,,,,,,,,,,
,,,,,,,,,,,,,,,,,,,,,,,,,,,,,,,,,,,,,,,,,,,,,,,,,,
,,,,,,,,,,,,,,,,,,,,,,,,,,,,,,,,,,,,,,,,,,,,,,,,,,
,,,,,,,,,,,,,,,,,,,,,,,,,,,,,,,,,,,,,,,,,,,,,,,,,,
,,,,,,,,,,,,,,,,,,,,,,,,,,,,,,,,,,,,,,,,,,,,,,,,,,
,,,,,,,,,,,,,,,,,,,,,,,,,,,,,,,,,,,,,,,,,,,,,,,,,,
,,,,,,,,,,,,,,,,,,,,,,,,,,,,,,,,,,,,,,,,,,,,,,,,,,
,,,,,,,,,,,,,,,,,,,,,,,,,,,,,,,,,,,,,,,,,,,,,,,,,,
,,,,,,,,,,,,,,,,,,,,,,,,,,,,,,,,,,,,,,,,,,,,,,,,,,
,,,,,,,,,,,,,,,,,,,,,,,,,,,,,,,,,,,,,,,,,,,,,,,,,,
,,,,,,,,,,,,,,,,,,,,,,,,,,,,,,,,,,,,,,,,,,,,,,,,,,
,,,,,,,,,,,,,,,,,,,,,,,,,,,,,,,,,,,,,,,,,,,,,,,,,,
,,,,,,,,,,,,,,,,,,,,,,,,,,,,,,,,,,,,,,,,,,,,,,,,,,
,,,,,,,,,,,,,,,,,,,,,,,,,,,,,,,,,,,,,,,,,,,,,,,,,,
,,,,,,,,,,,,,,,,,,,,,,,,,,,,,,,,,,,,,,,,,,,,,,,,,,
,,,,,,,,,,,,,,,,,,,,,,,,,,,,,,,,,,,,,,,,,,,,,,,,,,
,,,,,,,,,,,,,,,,,,,,,,,,,,,,,,,,,,,,,,,,,,,,,,,,,,
,,,,,,,,,,,,,,,,,,,,,,,,,,,,,,,,,,,,,,,,,,,,,,,,,,
,,,,,,,,,,,,,,,,,,,,,,,,,,,,,,,,,,,,,,,,,,,,,,,,,,
,,,,,,,,,,,,,,,,,,,,,,,,,,,,,,,,,,,,,,,,,,,,,,,,,,
,,,,,,,,,,,,,,,,,,,,,,,,,,,,,,,,,,,,,,,,,,,,,,,,,,
,,,,,,,,,,,,,,,,,,,,,,,,,,,,,,,,,,,,,,,,,,,,,,,,,,
,,,,,,,,,,,,,,,,,,,,,,,,,,,,,,,,,,,,,,,,,,,,,,,,,,
,,,,,,,,,,,,,,,,,,,,,,,,,,,,,,,,,,,,,,,,,,,,,,,,,,
,,,,,,,,,,,,,,,,,,,,,,,,,,,,,,,,,,,,,,,,,,,,,,,,,,
,,,,,,,,,,,,,,,,,,,,,,,,,,,,,,,,,,,,,,,,,,,,,,,,,,
,,,,,,,,,,,,,,,,,,,,,,,,,,,,,,,,,,,,,,,,,,,,,,,,,,
,,,,,,,,,,,,,,,,,,,,,,,,,,,,,,,,,,,,,,,,,,,,,,,,,,
,,,,,,,,,,,,,,,,,,,,,,,,,,,,,,,,,,,,,,,,,,,,,,,,,,
,,,,,,,,,,,,,,,,,,,,,,,,,,,,,,,,,,,,,,,,,,,,,,,,,,
,,,,,,,,,,,,,,,,,,,,,,,,,,,,,,,,,,,,,,,,,,,,,,,,,,
,,,,,,,,,,,,,,,,,,,,,,,,,,,,,,,,,,,,,,,,,,,,,,,,,,
,,,,,,,,,,,,,,,,,,,,,,,,,,,,,,,,,,,,,,,,,,,,,,,,,,
,,,,,,,,,,,,,,,,,,,,,,,,,,,,,,,,,,,,,,,,,,,,,,,,,,
,,,,,,,,,,,,,,,,,,,,,,,,,,,,,,,,,,,,,,,,,,,,,,,,,,
,,,,,,,,,,,,,,,,,,,,,,,,,,,,,,,,,,,,,,,,,,,,,,,,,,
,,,,,,,,,,,,,,,,,,,,,,,,,,,,,,,,,,,,,,,,,,,,,,,,,,
,,,,,,,,,,,,,,,,,,,,,,,,,,,,,,,,,,,,,,,,,,,,,,,,,,
,,,,,,,,,,,,,,,,,,,,,,,,,,,,,,,,,,,,,,,,,,,,,,,,,,
,,,,,,,,,,,,,,,,,,,,,,,,,,,,,,,,,,,,,,,,,,,,,,,,,,
,,,,,,,,,,,,,,,,,,,,,,,,,,,,,,,,,,,,,,,,,,,,,,,,,,
,,,,,,,,,,,,,,,,,,,,,,,,,,,,,,,,,,,,,,,,,,,,,,,,,,
,,,,,,,,,,,,,,,,,,,,,,,,,,,,,,,,,,,,,,,,,,,,,,,,,,
,,,,,,,,,,,,,,,,,,,,,,,,,,,,,,,,,,,,,,,,,,,,,,,,,,
,,,,,,,,,,,,,,,,,,,,,,,,,,,,,,,,,,,,,,,,,,,,,,,,,,
,,,,,,,,,,,,,,,,,,,,,,,,,,,,,,,,,,,,,,,,,,,,,,,,,,
,,,,,,,,,,,,,,,,,,,,,,,,,,,,,,,,,,,,,,,,,,,,,,,,,,
,,,,,,,,,,,,,,,,,,,,,,,,,,,,,,,,,,,,,,,,,,,,,,,,,,
,,,,,,,,,,,,,,,,,,,,,,,,,,,,,,,,,,,,,,,,,,,,,,,,,,
,,,,,,,,,,,,,,,,,,,,,,,,,,,,,,,,,,,,,,,,,,,,,,,,,,
,,,,,,,,,,,,,,,,,,,,,,,,,,,,,,,,,,,,,,,,,,,,,,,,,,
,,,,,,,,,,,,,,,,,,,,,,,,,,,,,,,,,,,,,,,,,,,,,,,,,,
,,,,,,,,,,,,,,,,,,,,,,,,,,,,,,,,,,,,,,,,,,,,,,,,,,
,,,,,,,,,,,,,,,,,,,,,,,,,,,,,,,,,,,,,,,,,,,,,,,,,,
,,,,,,,,,,,,,,,,,,,,,,,,,,,,,,,,,,,,,,,,,,,,,,,,,,
,,,,,,,,,,,,,,,,,,,,,,,,,,,,,,,,,,,,,,,,,,,,,,,,,,
,,,,,,,,,,,,,,,,,,,,,,,,,,,,,,,,,,,,,,,,,,,,,,,,,,
,,,,,,,,,,,,,,,,,,,,,,,,,,,,,,,,,,,,,,,,,,,,,,,,,,
,,,,,,,,,,,,,,,,,,,,,,,,,,,,,,,,,,,,,,,,,,,,,,,,,,
,,,,,,,,,,,,,,,,,,,,,,,,,,,,,,,,,,,,,,,,,,,,,,,,,,
,,,,,,,,,,,,,,,,,,,,,,,,,,,,,,,,,,,,,,,,,,,,,,,,,,
,,,,,,,,,,,,,,,,,,,,,,,,,,,,,,,,,,,,,,,,,,,,,,,,,,
,,,,,,,,,,,,,,,,,,,,,,,,,,,,,,,,,,,,,,,,,,,,,,,,,,
,,,,,,,,,,,,,,,,,,,,,,,,,,,,,,,,,,,,,,,,,,,,,,,,,,
,,,,,,,,,,,,,,,,,,,,,,,,,,,,,,,,,,,,,,,,,,,,,,,,,,
,,,,,,,,,,,,,,,,,,,,,,,,,,,,,,,,,,,,,,,,,,,,,,,,,,
,,,,,,,,,,,,,,,,,,,,,,,,,,,,,,,,,,,,,,,,,,,,,,,,,,
,,,,,,,,,,,,,,,,,,,,,,,,,,,,,,,,,,,,,,,,,,,,,,,,,,
,,,,,,,,,,,,,,,,,,,,,,,,,,,,,,,,,,,,,,,,,,,,,,,,,,
,,,,,,,,,,,,,,,,,,,,,,,,,,,,,,,,,,,,,,,,,,,,,,,,,,
,,,,,,,,,,,,,,,,,,,,,,,,,,,,,,,,,,,,,,,,,,,,,,,,,,
,,,,,,,,,,,,,,,,,,,,,,,,,,,,,,,,,,,,,,,,,,,,,,,,,,
,,,,,,,,,,,,,,,,,,,,,,,,,,,,,,,,,,,,,,,,,,,,,,,,,,
,,,,,,,,,,,,,,,,,,,,,,,,,,,,,,,,,,,,,,,,,,,,,,,,,,
,,,,,,,,,,,,,,,,,,,,,,,,,,,,,,,,,,,,,,,,,,,,,,,,,,
,,,,,,,,,,,,,,,,,,,,,,,,,,,,,,,,,,,,,,,,,,,,,,,,,,
,,,,,,,,,,,,,,,,,,,,,,,,,,,,,,,,,,,,,,,,,,,,,,,,,,
,,,,,,,,,,,,,,,,,,,,,,,,,,,,,,,,,,,,,,,,,,,,,,,,,,
,,,,,,,,,,,,,,,,,,,,,,,,,,,,,,,,,,,,,,,,,,,,,,,,,,
,,,,,,,,,,,,,,,,,,,,,,,,,,,,,,,,,,,,,,,,,,,,,,,,,,
,,,,,,,,,,,,,,,,,,,,,,,,,,,,,,,,,,,,,,,,,,,,,,,,,,
,,,,,,,,,,,,,,,,,,,,,,,,,,,,,,,,,,,,,,,,,,,,,,,,,,
,,,,,,,,,,,,,,,,,,,,,,,,,,,,,,,,,,,,,,,,,,,,,,,,,,
,,,,,,,,,,,,,,,,,,,,,,,,,,,,,,,,,,,,,,,,,,,,,,,,,,
,,,,,,,,,,,,,,,,,,,,,,,,,,,,,,,,,,,,,,,,,,,,,,,,,,
,,,,,,,,,,,,,,,,,,,,,,,,,,,,,,,,,,,,,,,,,,,,,,,,,,
,,,,,,,,,,,,,,,,,,,,,,,,,,,,,,,,,,,,,,,,,,,,,,,,,,
,,,,,,,,,,,,,,,,,,,,,,,,,,,,,,,,,,,,,,,,,,,,,,,,,,
,,,,,,,,,,,,,,,,,,,,,,,,,,,,,,,,,,,,,,,,,,,,,,,,,,
,,,,,,,,,,,,,,,,,,,,,,,,,,,,,,,,,,,,,,,,,,,,,,,,,,
,,,,,,,,,,,,,,,,,,,,,,,,,,,,,,,,,,,,,,,,,,,,,,,,,,
,,,,,,,,,,,,,,,,,,,,,,,,,,,,,,,,,,,,,,,,,,,,,,,,,,
,,,,,,,,,,,,,,,,,,,,,,,,,,,,,,,,,,,,,,,,,,,,,,,,,,
,,,,,,,,,,,,,,,,,,,,,,,,,,,,,,,,,,,,,,,,,,,,,,,,,,
,,,,,,,,,,,,,,,,,,,,,,,,,,,,,,,,,,,,,,,,,,,,,,,,,,
,,,,,,,,,,,,,,,,,,,,,,,,,,,,,,,,,,,,,,,,,,,,,,,,,,
,,,,,,,,,,,,,,,,,,,,,,,,,,,,,,,,,,,,,,,,,,,,,,,,,,
,,,,,,,,,,,,,,,,,,,,,,,,,,,,,,,,,,,,,,,,,,,,,,,,,,
,,,,,,,,,,,,,,,,,,,,,,,,,,,,,,,,,,,,,,,,,,,,,,,,,,
,,,,,,,,,,,,,,,,,,,,,,,,,,,,,,,,,,,,,,,,,,,,,,,,,,
,,,,,,,,,,,,,,,,,,,,,,,,,,,,,,,,,,,,,,,,,,,,,,,,,,
,,,,,,,,,,,,,,,,,,,,,,,,,,,,,,,,,,,,,,,,,,,,,,,,,,
,,,,,,,,,,,,,,,,,,,,,,,,,,,,,,,,,,,,,,,,,,,,,,,,,,
,,,,,,,,,,,,,,,,,,,,,,,,,,,,,,,,,,,,,,,,,,,,,,,,,,
,,,,,,,,,,,,,,,,,,,,,,,,,,,,,,,,,,,,,,,,,,,,,,,,,,
,,,,,,,,,,,,,,,,,,,,,,,,,,,,,,,,,,,,,,,,,,,,,,,,,,
,,,,,,,,,,,,,,,,,,,,,,,,,,,,,,,,,,,,,,,,,,,,,,,,,,
,,,,,,,,,,,,,,,,,,,,,,,,,,,,,,,,,,,,,,,,,,,,,,,,,,
,,,,,,,,,,,,,,,,,,,,,,,,,,,,,,,,,,,,,,,,,,,,,,,,,,
,,,,,,,,,,,,,,,,,,,,,,,,,,,,,,,,,,,,,,,,,,,,,,,,,,
,,,,,,,,,,,,,,,,,,,,,,,,,,,,,,,,,,,,,,,,,,,,,,,,,,
,,,,,,,,,,,,,,,,,,,,,,,,,,,,,,,,,,,,,,,,,,,,,,,,,,
,,,,,,,,,,,,,,,,,,,,,,,,,,,,,,,,,,,,,,,,,,,,,,,,,,
,,,,,,,,,,,,,,,,,,,,,,,,,,,,,,,,,,,,,,,,,,,,,,,,,,
,,,,,,,,,,,,,,,,,,,,,,,,,,,,,,,,,,,,,,,,,,,,,,,,,,
,,,,,,,,,,,,,,,,,,,,,,,,,,,,,,,,,,,,,,,,,,,,,,,,,,
,,,,,,,,,,,,,,,,,,,,,,,,,,,,,,,,,,,,,,,,,,,,,,,,,,
,,,,,,,,,,,,,,,,,,,,,,,,,,,,,,,,,,,,,,,,,,,,,,,,,,
,,,,,,,,,,,,,,,,,,,,,,,,,,,,,,,,,,,,,,,,,,,,,,,,,,
,,,,,,,,,,,,,,,,,,,,,,,,,,,,,,,,,,,,,,,,,,,,,,,,,,
,,,,,,,,,,,,,,,,,,,,,,,,,,,,,,,,,,,,,,,,,,,,,,,,,,
,,,,,,,,,,,,,,,,,,,,,,,,,,,,,,,,,,,,,,,,,,,,,,,,,,
,,,,,,,,,,,,,,,,,,,,,,,,,,,,,,,,,,,,,,,,,,,,,,,,,,
,,,,,,,,,,,,,,,,,,,,,,,,,,,,,,,,,,,,,,,,,,,,,,,,,,
,,,,,,,,,,,,,,,,,,,,,,,,,,,,,,,,,,,,,,,,,,,,,,,,,,
,,,,,,,,,,,,,,,,,,,,,,,,,,,,,,,,,,,,,,,,,,,,,,,,,,
,,,,,,,,,,,,,,,,,,,,,,,,,,,,,,,,,,,,,,,,,,,,,,,,,,
,,,,,,,,,,,,,,,,,,,,,,,,,,,,,,,,,,,,,,,,,,,,,,,,,,
,,,,,,,,,,,,,,,,,,,,,,,,,,,,,,,,,,,,,,,,,,,,,,,,,,
,,,,,,,,,,,,,,,,,,,,,,,,,,,,,,,,,,,,,,,,,,,,,,,,,,
,,,,,,,,,,,,,,,,,,,,,,,,,,,,,,,,,,,,,,,,,,,,,,,,,,
,,,,,,,,,,,,,,,,,,,,,,,,,,,,,,,,,,,,,,,,,,,,,,,,,,
,,,,,,,,,,,,,,,,,,,,,,,,,,,,,,,,,,,,,,,,,,,,,,,,,,
,,,,,,,,,,,,,,,,,,,,,,,,,,,,,,,,,,,,,,,,,,,,,,,,,,
,,,,,,,,,,,,,,,,,,,,,,,,,,,,,,,,,,,,,,,,,,,,,,,,,,
,,,,,,,,,,,,,,,,,,,,,,,,,,,,,,,,,,,,,,,,,,,,,,,,,,
,,,,,,,,,,,,,,,,,,,,,,,,,,,,,,,,,,,,,,,,,,,,,,,,,,
,,,,,,,,,,,,,,,,,,,,,,,,,,,,,,,,,,,,,,,,,,,,,,,,,,
,,,,,,,,,,,,,,,,,,,,,,,,,,,,,,,,,,,,,,,,,,,,,,,,,,
,,,,,,,,,,,,,,,,,,,,,,,,,,,,,,,,,,,,,,,,,,,,,,,,,,
,,,,,,,,,,,,,,,,,,,,,,,,,,,,,,,,,,,,,,,,,,,,,,,,,,
,,,,,,,,,,,,,,,,,,,,,,,,,,,,,,,,,,,,,,,,,,,,,,,,,,
,,,,,,,,,,,,,,,,,,,,,,,,,,,,,,,,,,,,,,,,,,,,,,,,,,
,,,,,,,,,,,,,,,,,,,,,,,,,,,,,,,,,,,,,,,,,,,,,,,,,,
,,,,,,,,,,,,,,,,,,,,,,,,,,,,,,,,,,,,,,,,,,,,,,,,,,
,,,,,,,,,,,,,,,,,,,,,,,,,,,,,,,,,,,,,,,,,,,,,,,,,,
,,,,,,,,,,,,,,,,,,,,,,,,,,,,,,,,,,,,,,,,,,,,,,,,,,
,,,,,,,,,,,,,,,,,,,,,,,,,,,,,,,,,,,,,,,,,,,,,,,,,,
,,,,,,,,,,,,,,,,,,,,,,,,,,,,,,,,,,,,,,,,,,,,,,,,,,
,,,,,,,,,,,,,,,,,,,,,,,,,,,,,,,,,,,,,,,,,,,,,,,,,,
,,,,,,,,,,,,,,,,,,,,,,,,,,,,,,,,,,,,,,,,,,,,,,,,,,
,,,,,,,,,,,,,,,,,,,,,,,,,,,,,,,,,,,,,,,,,,,,,,,,,,
,,,,,,,,,,,,,,,,,,,,,,,,,,,,,,,,,,,,,,,,,,,,,,,,,,
,,,,,,,,,,,,,,,,,,,,,,,,,,,,,,,,,,,,,,,,,,,,,,,,,,
,,,,,,,,,,,,,,,,,,,,,,,,,,,,,,,,,,,,,,,,,,,,,,,,,,
,,,,,,,,,,,,,,,,,,,,,,,,,,,,,,,,,,,,,,,,,,,,,,,,,,
,,,,,,,,,,,,,,,,,,,,,,,,,,,,,,,,,,,,,,,,,,,,,,,,,,
,,,,,,,,,,,,,,,,,,,,,,,,,,,,,,,,,,,,,,,,,,,,,,,,,,
,,,,,,,,,,,,,,,,,,,,,,,,,,,,,,,,,,,,,,,,,,,,,,,,,,
,,,,,,,,,,,,,,,,,,,,,,,,,,,,,,,,,,,,,,,,,,,,,,,,,,
,,,,,,,,,,,,,,,,,,,,,,,,,,,,,,,,,,,,,,,,,,,,,,,,,,
,,,,,,,,,,,,,,,,,,,,,,,,,,,,,,,,,,,,,,,,,,,,,,,,,,
,,,,,,,,,,,,,,,,,,,,,,,,,,,,,,,,,,,,,,,,,,,,,,,,,,
,,,,,,,,,,,,,,,,,,,,,,,,,,,,,,,,,,,,,,,,,,,,,,,,,,
,,,,,,,,,,,,,,,,,,,,,,,,,,,,,,,,,,,,,,,,,,,,,,,,,,
,,,,,,,,,,,,,,,,,,,,,,,,,,,,,,,,,,,,,,,,,,,,,,,,,,
,,,,,,,,,,,,,,,,,,,,,,,,,,,,,,,,,,,,,,,,,,,,,,,,,,
,,,,,,,,,,,,,,,,,,,,,,,,,,,,,,,,,,,,,,,,,,,,,,,,,,
,,,,,,,,,,,,,,,,,,,,,,,,,,,,,,,,,,,,,,,,,,,,,,,,,,
,,,,,,,,,,,,,,,,,,,,,,,,,,,,,,,,,,,,,,,,,,,,,,,,,,
,,,,,,,,,,,,,,,,,,,,,,,,,,,,,,,,,,,,,,,,,,,,,,,,,,
,,,,,,,,,,,,,,,,,,,,,,,,,,,,,,,,,,,,,,,,,,,,,,,,,,
,,,,,,,,,,,,,,,,,,,,,,,,,,,,,,,,,,,,,,,,,,,,,,,,,,
,,,,,,,,,,,,,,,,,,,,,,,,,,,,,,,,,,,,,,,,,,,,,,,,,,
,,,,,,,,,,,,,,,,,,,,,,,,,,,,,,,,,,,,,,,,,,,,,,,,,,
,,,,,,,,,,,,,,,,,,,,,,,,,,,,,,,,,,,,,,,,,,,,,,,,,,
,,,,,,,,,,,,,,,,,,,,,,,,,,,,,,,,,,,,,,,,,,,,,,,,,,
,,,,,,,,,,,,,,,,,,,,,,,,,,,,,,,,,,,,,,,,,,,,,,,,,,
,,,,,,,,,,,,,,,,,,,,,,,,,,,,,,,,,,,,,,,,,,,,,,,,,,
,,,,,,,,,,,,,,,,,,,,,,,,,,,,,,,,,,,,,,,,,,,,,,,,,,
,,,,,,,,,,,,,,,,,,,,,,,,,,,,,,,,,,,,,,,,,,,,,,,,,,
,,,,,,,,,,,,,,,,,,,,,,,,,,,,,,,,,,,,,,,,,,,,,,,,,,
,,,,,,,,,,,,,,,,,,,,,,,,,,,,,,,,,,,,,,,,,,,,,,,,,,
,,,,,,,,,,,,,,,,,,,,,,,,,,,,,,,,,,,,,,,,,,,,,,,,,,
,,,,,,,,,,,,,,,,,,,,,,,,,,,,,,,,,,,,,,,,,,,,,,,,,,
,,,,,,,,,,,,,,,,,,,,,,,,,,,,,,,,,,,,,,,,,,,,,,,,,,
,,,,,,,,,,,,,,,,,,,,,,,,,,,,,,,,,,,,,,,,,,,,,,,,,,
,,,,,,,,,,,,,,,,,,,,,,,,,,,,,,,,,,,,,,,,,,,,,,,,,,
,,,,,,,,,,,,,,,,,,,,,,,,,,,,,,,,,,,,,,,,,,,,,,,,,,
,,,,,,,,,,,,,,,,,,,,,,,,,,,,,,,,,,,,,,,,,,,,,,,,,,
,,,,,,,,,,,,,,,,,,,,,,,,,,,,,,,,,,,,,,,,,,,,,,,,,,
,,,,,,,,,,,,,,,,,,,,,,,,,,,,,,,,,,,,,,,,,,,,,,,,,,
,,,,,,,,,,,,,,,,,,,,,,,,,,,,,,,,,,,,,,,,,,,,,,,,,,
,,,,,,,,,,,,,,,,,,,,,,,,,,,,,,,,,,,,,,,,,,,,,,,,,,
,,,,,,,,,,,,,,,,,,,,,,,,,,,,,,,,,,,,,,,,,,,,,,,,,,
,,,,,,,,,,,,,,,,,,,,,,,,,,,,,,,,,,,,,,,,,,,,,,,,,,
,,,,,,,,,,,,,,,,,,,,,,,,,,,,,,,,,,,,,,,,,,,,,,,,,,
,,,,,,,,,,,,,,,,,,,,,,,,,,,,,,,,,,,,,,,,,,,,,,,,,,
,,,,,,,,,,,,,,,,,,,,,,,,,,,,,,,,,,,,,,,,,,,,,,,,,,
,,,,,,,,,,,,,,,,,,,,,,,,,,,,,,,,,,,,,,,,,,,,,,,,,,
,,,,,,,,,,,,,,,,,,,,,,,,,,,,,,,,,,,,,,,,,,,,,,,,,,
,,,,,,,,,,,,,,,,,,,,,,,,,,,,,,,,,,,,,,,,,,,,,,,,,,
,,,,,,,,,,,,,,,,,,,,,,,,,,,,,,,,,,,,,,,,,,,,,,,,,,
,,,,,,,,,,,,,,,,,,,,,,,,,,,,,,,,,,,,,,,,,,,,,,,,,,
,,,,,,,,,,,,,,,,,,,,,,,,,,,,,,,,,,,,,,,,,,,,,,,,,,
,,,,,,,,,,,,,,,,,,,,,,,,,,,,,,,,,,,,,,,,,,,,,,,,,,
,,,,,,,,,,,,,,,,,,,,,,,,,,,,,,,,,,,,,,,,,,,,,,,,,,
,,,,,,,,,,,,,,,,,,,,,,,,,,,,,,,,,,,,,,,,,,,,,,,,,,
,,,,,,,,,,,,,,,,,,,,,,,,,,,,,,,,,,,,,,,,,,,,,,,,,,
,,,,,,,,,,,,,,,,,,,,,,,,,,,,,,,,,,,,,,,,,,,,,,,,,,
,,,,,,,,,,,,,,,,,,,,,,,,,,,,,,,,,,,,,,,,,,,,,,,,,,
,,,,,,,,,,,,,,,,,,,,,,,,,,,,,,,,,,,,,,,,,,,,,,,,,,
,,,,,,,,,,,,,,,,,,,,,,,,,,,,,,,,,,,,,,,,,,,,,,,,,,
,,,,,,,,,,,,,,,,,,,,,,,,,,,,,,,,,,,,,,,,,,,,,,,,,,
,,,,,,,,,,,,,,,,,,,,,,,,,,,,,,,,,,,,,,,,,,,,,,,,,,
,,,,,,,,,,,,,,,,,,,,,,,,,,,,,,,,,,,,,,,,,,,,,,,,,,
,,,,,,,,,,,,,,,,,,,,,,,,,,,,,,,,,,,,,,,,,,,,,,,,,,
,,,,,,,,,,,,,,,,,,,,,,,,,,,,,,,,,,,,,,,,,,,,,,,,,,
,,,,,,,,,,,,,,,,,,,,,,,,,,,,,,,,,,,,,,,,,,,,,,,,,,
,,,,,,,,,,,,,,,,,,,,,,,,,,,,,,,,,,,,,,,,,,,,,,,,,,
,,,,,,,,,,,,,,,,,,,,,,,,,,,,,,,,,,,,,,,,,,,,,,,,,,
,,,,,,,,,,,,,,,,,,,,,,,,,,,,,,,,,,,,,,,,,,,,,,,,,,
,,,,,,,,,,,,,,,,,,,,,,,,,,,,,,,,,,,,,,,,,,,,,,,,,,
,,,,,,,,,,,,,,,,,,,,,,,,,,,,,,,,,,,,,,,,,,,,,,,,,,
,,,,,,,,,,,,,,,,,,,,,,,,,,,,,,,,,,,,,,,,,,,,,,,,,,
,,,,,,,,,,,,,,,,,,,,,,,,,,,,,,,,,,,,,,,,,,,,,,,,,,
,,,,,,,,,,,,,,,,,,,,,,,,,,,,,,,,,,,,,,,,,,,,,,,,,,
,,,,,,,,,,,,,,,,,,,,,,,,,,,,,,,,,,,,,,,,,,,,,,,,,,
,,,,,,,,,,,,,,,,,,,,,,,,,,,,,,,,,,,,,,,,,,,,,,,,,,
,,,,,,,,,,,,,,,,,,,,,,,,,,,,,,,,,,,,,,,,,,,,,,,,,,
,,,,,,,,,,,,,,,,,,,,,,,,,,,,,,,,,,,,,,,,,,,,,,,,,,
,,,,,,,,,,,,,,,,,,,,,,,,,,,,,,,,,,,,,,,,,,,,,,,,,,
,,,,,,,,,,,,,,,,,,,,,,,,,,,,,,,,,,,,,,,,,,,,,,,,,,
,,,,,,,,,,,,,,,,,,,,,,,,,,,,,,,,,,,,,,,,,,,,,,,,,,
,,,,,,,,,,,,,,,,,,,,,,,,,,,,,,,,,,,,,,,,,,,,,,,,,,
,,,,,,,,,,,,,,,,,,,,,,,,,,,,,,,,,,,,,,,,,,,,,,,,,,
,,,,,,,,,,,,,,,,,,,,,,,,,,,,,,,,,,,,,,,,,,,,,,,,,,
,,,,,,,,,,,,,,,,,,,,,,,,,,,,,,,,,,,,,,,,,,,,,,,,,,
,,,,,,,,,,,,,,,,,,,,,,,,,,,,,,,,,,,,,,,,,,,,,,,,,,
,,,,,,,,,,,,,,,,,,,,,,,,,,,,,,,,,,,,,,,,,,,,,,,,,,
,,,,,,,,,,,,,,,,,,,,,,,,,,,,,,,,,,,,,,,,,,,,,,,,,,
,,,,,,,,,,,,,,,,,,,,,,,,,,,,,,,,,,,,,,,,,,,,,,,,,,
,,,,,,,,,,,,,,,,,,,,,,,,,,,,,,,,,,,,,,,,,,,,,,,,,,
,,,,,,,,,,,,,,,,,,,,,,,,,,,,,,,,,,,,,,,,,,,,,,,,,,
,,,,,,,,,,,,,,,,,,,,,,,,,,,,,,,,,,,,,,,,,,,,,,,,,,
,,,,,,,,,,,,,,,,,,,,,,,,,,,,,,,,,,,,,,,,,,,,,,,,,,
,,,,,,,,,,,,,,,,,,,,,,,,,,,,,,,,,,,,,,,,,,,,,,,,,,
,,,,,,,,,,,,,,,,,,,,,,,,,,,,,,,,,,,,,,,,,,,,,,,,,,
,,,,,,,,,,,,,,,,,,,,,,,,,,,,,,,,,,,,,,,,,,,,,,,,,,
,,,,,,,,,,,,,,,,,,,,,,,,,,,,,,,,,,,,,,,,,,,,,,,,,,
,,,,,,,,,,,,,,,,,,,,,,,,,,,,,,,,,,,,,,,,,,,,,,,,,,
,,,,,,,,,,,,,,,,,,,,,,,,,,,,,,,,,,,,,,,,,,,,,,,,,,
,,,,,,,,,,,,,,,,,,,,,,,,,,,,,,,,,,,,,,,,,,,,,,,,,,
,,,,,,,,,,,,,,,,,,,,,,,,,,,,,,,,,,,,,,,,,,,,,,,,,,
,,,,,,,,,,,,,,,,,,,,,,,,,,,,,,,,,,,,,,,,,,,,,,,,,,
,,,,,,,,,,,,,,,,,,,,,,,,,,,,,,,,,,,,,,,,,,,,,,,,,,
,,,,,,,,,,,,,,,,,,,,,,,,,,,,,,,,,,,,,,,,,,,,,,,,,,
,,,,,,,,,,,,,,,,,,,,,,,,,,,,,,,,,,,,,,,,,,,,,,,,,,
,,,,,,,,,,,,,,,,,,,,,,,,,,,,,,,,,,,,,,,,,,,,,,,,,,
,,,,,,,,,,,,,,,,,,,,,,,,,,,,,,,,,,,,,,,,,,,,,,,,,,
,,,,,,,,,,,,,,,,,,,,,,,,,,,,,,,,,,,,,,,,,,,,,,,,,,
,,,,,,,,,,,,,,,,,,,,,,,,,,,,,,,,,,,,,,,,,,,,,,,,,,
,,,,,,,,,,,,,,,,,,,,,,,,,,,,,,,,,,,,,,,,,,,,,,,,,,
,,,,,,,,,,,,,,,,,,,,,,,,,,,,,,,,,,,,,,,,,,,,,,,,,,
,,,,,,,,,,,,,,,,,,,,,,,,,,,,,,,,,,,,,,,,,,,,,,,,,,
,,,,,,,,,,,,,,,,,,,,,,,,,,,,,,,,,,,,,,,,,,,,,,,,,,
,,,,,,,,,,,,,,,,,,,,,,,,,,,,,,,,,,,,,,,,,,,,,,,,,,
,,,,,,,,,,,,,,,,,,,,,,,,,,,,,,,,,,,,,,,,,,,,,,,,,,
,,,,,,,,,,,,,,,,,,,,,,,,,,,,,,,,,,,,,,,,,,,,,,,,,,
,,,,,,,,,,,,,,,,,,,,,,,,,,,,,,,,,,,,,,,,,,,,,,,,,,
,,,,,,,,,,,,,,,,,,,,,,,,,,,,,,,,,,,,,,,,,,,,,,,,,,
,,,,,,,,,,,,,,,,,,,,,,,,,,,,,,,,,,,,,,,,,,,,,,,,,,
,,,,,,,,,,,,,,,,,,,,,,,,,,,,,,,,,,,,,,,,,,,,,,,,,,
,,,,,,,,,,,,,,,,,,,,,,,,,,,,,,,,,,,,,,,,,,,,,,,,,,
,,,,,,,,,,,,,,,,,,,,,,,,,,,,,,,,,,,,,,,,,,,,,,,,,,
,,,,,,,,,,,,,,,,,,,,,,,,,,,,,,,,,,,,,,,,,,,,,,,,,,
,,,,,,,,,,,,,,,,,,,,,,,,,,,,,,,,,,,,,,,,,,,,,,,,,,
,,,,,,,,,,,,,,,,,,,,,,,,,,,,,,,,,,,,,,,,,,,,,,,,,,
,,,,,,,,,,,,,,,,,,,,,,,,,,,,,,,,,,,,,,,,,,,,,,,,,,
,,,,,,,,,,,,,,,,,,,,,,,,,,,,,,,,,,,,,,,,,,,,,,,,,,
,,,,,,,,,,,,,,,,,,,,,,,,,,,,,,,,,,,,,,,,,,,,,,,,,,
,,,,,,,,,,,,,,,,,,,,,,,,,,,,,,,,,,,,,,,,,,,,,,,,,,
,,,,,,,,,,,,,,,,,,,,,,,,,,,,,,,,,,,,,,,,,,,,,,,,,,
,,,,,,,,,,,,,,,,,,,,,,,,,,,,,,,,,,,,,,,,,,,,,,,,,,
,,,,,,,,,,,,,,,,,,,,,,,,,,,,,,,,,,,,,,,,,,,,,,,,,,
,,,,,,,,,,,,,,,,,,,,,,,,,,,,,,,,,,,,,,,,,,,,,,,,,,
,,,,,,,,,,,,,,,,,,,,,,,,,,,,,,,,,,,,,,,,,,,,,,,,,,
,,,,,,,,,,,,,,,,,,,,,,,,,,,,,,,,,,,,,,,,,,,,,,,,,,
,,,,,,,,,,,,,,,,,,,,,,,,,,,,,,,,,,,,,,,,,,,,,,,,,,
,,,,,,,,,,,,,,,,,,,,,,,,,,,,,,,,,,,,,,,,,,,,,,,,,,
,,,,,,,,,,,,,,,,,,,,,,,,,,,,,,,,,,,,,,,,,,,,,,,,,,
,,,,,,,,,,,,,,,,,,,,,,,,,,,,,,,,,,,,,,,,,,,,,,,,,,
,,,,,,,,,,,,,,,,,,,,,,,,,,,,,,,,,,,,,,,,,,,,,,,,,,
,,,,,,,,,,,,,,,,,,,,,,,,,,,,,,,,,,,,,,,,,,,,,,,,,,
,,,,,,,,,,,,,,,,,,,,,,,,,,,,,,,,,,,,,,,,,,,,,,,,,,
,,,,,,,,,,,,,,,,,,,,,,,,,,,,,,,,,,,,,,,,,,,,,,,,,,
,,,,,,,,,,,,,,,,,,,,,,,,,,,,,,,,,,,,,,,,,,,,,,,,,,
,,,,,,,,,,,,,,,,,,,,,,,,,,,,,,,,,,,,,,,,,,,,,,,,,,
,,,,,,,,,,,,,,,,,,,,,,,,,,,,,,,,,,,,,,,,,,,,,,,,,,
,,,,,,,,,,,,,,,,,,,,,,,,,,,,,,,,,,,,,,,,,,,,,,,,,,
,,,,,,,,,,,,,,,,,,,,,,,,,,,,,,,,,,,,,,,,,,,,,,,,,,
,,,,,,,,,,,,,,,,,,,,,,,,,,,,,,,,,,,,,,,,,,,,,,,,,,
,,,,,,,,,,,,,,,,,,,,,,,,,,,,,,,,,,,,,,,,,,,,,,,,,,
,,,,,,,,,,,,,,,,,,,,,,,,,,,,,,,,,,,,,,,,,,,,,,,,,,
,,,,,,,,,,,,,,,,,,,,,,,,,,,,,,,,,,,,,,,,,,,,,,,,,,
,,,,,,,,,,,,,,,,,,,,,,,,,,,,,,,,,,,,,,,,,,,,,,,,,,
,,,,,,,,,,,,,,,,,,,,,,,,,,,,,,,,,,,,,,,,,,,,,,,,,,
,,,,,,,,,,,,,,,,,,,,,,,,,,,,,,,,,,,,,,,,,,,,,,,,,,
,,,,,,,,,,,,,,,,,,,,,,,,,,,,,,,,,,,,,,,,,,,,,,,,,,
,,,,,,,,,,,,,,,,,,,,,,,,,,,,,,,,,,,,,,,,,,,,,,,,,,
,,,,,,,,,,,,,,,,,,,,,,,,,,,,,,,,,,,,,,,,,,,,,,,,,,
,,,,,,,,,,,,,,,,,,,,,,,,,,,,,,,,,,,,,,,,,,,,,,,,,,
,,,,,,,,,,,,,,,,,,,,,,,,,,,,,,,,,,,,,,,,,,,,,,,,,,
,,,,,,,,,,,,,,,,,,,,,,,,,,,,,,,,,,,,,,,,,,,,,,,,,,
,,,,,,,,,,,,,,,,,,,,,,,,,,,,,,,,,,,,,,,,,,,,,,,,,,
,,,,,,,,,,,,,,,,,,,,,,,,,,,,,,,,,,,,,,,,,,,,,,,,,,
,,,,,,,,,,,,,,,,,,,,,,,,,,,,,,,,,,,,,,,,,,,,,,,,,,
,,,,,,,,,,,,,,,,,,,,,,,,,,,,,,,,,,,,,,,,,,,,,,,,,,
,,,,,,,,,,,,,,,,,,,,,,,,,,,,,,,,,,,,,,,,,,,,,,,,,,
,,,,,,,,,,,,,,,,,,,,,,,,,,,,,,,,,,,,,,,,,,,,,,,,,,
,,,,,,,,,,,,,,,,,,,,,,,,,,,,,,,,,,,,,,,,,,,,,,,,,,
,,,,,,,,,,,,,,,,,,,,,,,,,,,,,,,,,,,,,,,,,,,,,,,,,,
,,,,,,,,,,,,,,,,,,,,,,,,,,,,,,,,,,,,,,,,,,,,,,,,,,
,,,,,,,,,,,,,,,,,,,,,,,,,,,,,,,,,,,,,,,,,,,,,,,,,,
,,,,,,,,,,,,,,,,,,,,,,,,,,,,,,,,,,,,,,,,,,,,,,,,,,
,,,,,,,,,,,,,,,,,,,,,,,,,,,,,,,,,,,,,,,,,,,,,,,,,,
,,,,,,,,,,,,,,,,,,,,,,,,,,,,,,,,,,,,,,,,,,,,,,,,,,
,,,,,,,,,,,,,,,,,,,,,,,,,,,,,,,,,,,,,,,,,,,,,,,,,,
,,,,,,,,,,,,,,,,,,,,,,,,,,,,,,,,,,,,,,,,,,,,,,,,,,
,,,,,,,,,,,,,,,,,,,,,,,,,,,,,,,,,,,,,,,,,,,,,,,,,,
,,,,,,,,,,,,,,,,,,,,,,,,,,,,,,,,,,,,,,,,,,,,,,,,,,
,,,,,,,,,,,,,,,,,,,,,,,,,,,,,,,,,,,,,,,,,,,,,,,,,,
,,,,,,,,,,,,,,,,,,,,,,,,,,,,,,,,,,,,,,,,,,,,,,,,,,
,,,,,,,,,,,,,,,,,,,,,,,,,,,,,,,,,,,,,,,,,,,,,,,,,,
,,,,,,,,,,,,,,,,,,,,,,,,,,,,,,,,,,,,,,,,,,,,,,,,,,
,,,,,,,,,,,,,,,,,,,,,,,,,,,,,,,,,,,,,,,,,,,,,,,,,,
,,,,,,,,,,,,,,,,,,,,,,,,,,,,,,,,,,,,,,,,,,,,,,,,,,
,,,,,,,,,,,,,,,,,,,,,,,,,,,,,,,,,,,,,,,,,,,,,,,,,,
,,,,,,,,,,,,,,,,,,,,,,,,,,,,,,,,,,,,,,,,,,,,,,,,,,
,,,,,,,,,,,,,,,,,,,,,,,,,,,,,,,,,,,,,,,,,,,,,,,,,,
,,,,,,,,,,,,,,,,,,,,,,,,,,,,,,,,,,,,,,,,,,,,,,,,,,
,,,,,,,,,,,,,,,,,,,,,,,,,,,,,,,,,,,,,,,,,,,,,,,,,,
,,,,,,,,,,,,,,,,,,,,,,,,,,,,,,,,,,,,,,,,,,,,,,,,,,
,,,,,,,,,,,,,,,,,,,,,,,,,,,,,,,,,,,,,,,,,,,,,,,,,,
,,,,,,,,,,,,,,,,,,,,,,,,,,,,,,,,,,,,,,,,,,,,,,,,,,
,,,,,,,,,,,,,,,,,,,,,,,,,,,,,,,,,,,,,,,,,,,,,,,,,,
,,,,,,,,,,,,,,,,,,,,,,,,,,,,,,,,,,,,,,,,,,,,,,,,,,
,,,,,,,,,,,,,,,,,,,,,,,,,,,,,,,,,,,,,,,,,,,,,,,,,,
,,,,,,,,,,,,,,,,,,,,,,,,,,,,,,,,,,,,,,,,,,,,,,,,,,
,,,,,,,,,,,,,,,,,,,,,,,,,,,,,,,,,,,,,,,,,,,,,,,,,,
,,,,,,,,,,,,,,,,,,,,,,,,,,,,,,,,,,,,,,,,,,,,,,,,,,
,,,,,,,,,,,,,,,,,,,,,,,,,,,,,,,,,,,,,,,,,,,,,,,,,,
,,,,,,,,,,,,,,,,,,,,,,,,,,,,,,,,,,,,,,,,,,,,,,,,,,
,,,,,,,,,,,,,,,,,,,,,,,,,,,,,,,,,,,,,,,,,,,,,,,,,,
,,,,,,,,,,,,,,,,,,,,,,,,,,,,,,,,,,,,,,,,,,,,,,,,,,
,,,,,,,,,,,,,,,,,,,,,,,,,,,,,,,,,,,,,,,,,,,,,,,,,,
,,,,,,,,,,,,,,,,,,,,,,,,,,,,,,,,,,,,,,,,,,,,,,,,,,
,,,,,,,,,,,,,,,,,,,,,,,,,,,,,,,,,,,,,,,,,,,,,,,,,,
,,,,,,,,,,,,,,,,,,,,,,,,,,,,,,,,,,,,,,,,,,,,,,,,,,
,,,,,,,,,,,,,,,,,,,,,,,,,,,,,,,,,,,,,,,,,,,,,,,,,,
,,,,,,,,,,,,,,,,,,,,,,,,,,,,,,,,,,,,,,,,,,,,,,,,,,
,,,,,,,,,,,,,,,,,,,,,,,,,,,,,,,,,,,,,,,,,,,,,,,,,,
,,,,,,,,,,,,,,,,,,,,,,,,,,,,,,,,,,,,,,,,,,,,,,,,,,
,,,,,,,,,,,,,,,,,,,,,,,,,,,,,,,,,,,,,,,,,,,,,,,,,,
,,,,,,,,,,,,,,,,,,,,,,,,,,,,,,,,,,,,,,,,,,,,,,,,,,
,,,,,,,,,,,,,,,,,,,,,,,,,,,,,,,,,,,,,,,,,,,,,,,,,,
,,,,,,,,,,,,,,,,,,,,,,,,,,,,,,,,,,,,,,,,,,,,,,,,,,
,,,,,,,,,,,,,,,,,,,,,,,,,,,,,,,,,,,,,,,,,,,,,,,,,,
,,,,,,,,,,,,,,,,,,,,,,,,,,,,,,,,,,,,,,,,,,,,,,,,,,
,,,,,,,,,,,,,,,,,,,,,,,,,,,,,,,,,,,,,,,,,,,,,,,,,,
,,,,,,,,,,,,,,,,,,,,,,,,,,,,,,,,,,,,,,,,,,,,,,,,,,
,,,,,,,,,,,,,,,,,,,,,,,,,,,,,,,,,,,,,,,,,,,,,,,,,,
,,,,,,,,,,,,,,,,,,,,,,,,,,,,,,,,,,,,,,,,,,,,,,,,,,
,,,,,,,,,,,,,,,,,,,,,,,,,,,,,,,,,,,,,,,,,,,,,,,,,,
,,,,,,,,,,,,,,,,,,,,,,,,,,,,,,,,,,,,,,,,,,,,,,,,,,
,,,,,,,,,,,,,,,,,,,,,,,,,,,,,,,,,,,,,,,,,,,,,,,,,,
,,,,,,,,,,,,,,,,,,,,,,,,,,,,,,,,,,,,,,,,,,,,,,,,,,
,,,,,,,,,,,,,,,,,,,,,,,,,,,,,,,,,,,,,,,,,,,,,,,,,,
,,,,,,,,,,,,,,,,,,,,,,,,,,,,,,,,,,,,,,,,,,,,,,,,,,
,,,,,,,,,,,,,,,,,,,,,,,,,,,,,,,,,,,,,,,,,,,,,,,,,,
,,,,,,,,,,,,,,,,,,,,,,,,,,,,,,,,,,,,,,,,,,,,,,,,,,
,,,,,,,,,,,,,,,,,,,,,,,,,,,,,,,,,,,,,,,,,,,,,,,,,,
,,,,,,,,,,,,,,,,,,,,,,,,,,,,,,,,,,,,,,,,,,,,,,,,,,
,,,,,,,,,,,,,,,,,,,,,,,,,,,,,,,,,,,,,,,,,,,,,,,,,,
,,,,,,,,,,,,,,,,,,,,,,,,,,,,,,,,,,,,,,,,,,,,,,,,,,
,,,,,,,,,,,,,,,,,,,,,,,,,,,,,,,,,,,,,,,,,,,,,,,,,,
,,,,,,,,,,,,,,,,,,,,,,,,,,,,,,,,,,,,,,,,,,,,,,,,,,
,,,,,,,,,,,,,,,,,,,,,,,,,,,,,,,,,,,,,,,,,,,,,,,,,,
,,,,,,,,,,,,,,,,,,,,,,,,,,,,,,,,,,,,,,,,,,,,,,,,,,
,,,,,,,,,,,,,,,,,,,,,,,,,,,,,,,,,,,,,,,,,,,,,,,,,,
,,,,,,,,,,,,,,,,,,,,,,,,,,,,,,,,,,,,,,,,,,,,,,,,,,
,,,,,,,,,,,,,,,,,,,,,,,,,,,,,,,,,,,,,,,,,,,,,,,,,,
,,,,,,,,,,,,,,,,,,,,,,,,,,,,,,,,,,,,,,,,,,,,,,,,,,
,,,,,,,,,,,,,,,,,,,,,,,,,,,,,,,,,,,,,,,,,,,,,,,,,,
,,,,,,,,,,,,,,,,,,,,,,,,,,,,,,,,,,,,,,,,,,,,,,,,,,
,,,,,,,,,,,,,,,,,,,,,,,,,,,,,,,,,,,,,,,,,,,,,,,,,,
,,,,,,,,,,,,,,,,,,,,,,,,,,,,,,,,,,,,,,,,,,,,,,,,,,
,,,,,,,,,,,,,,,,,,,,,,,,,,,,,,,,,,,,,,,,,,,,,,,,,,
,,,,,,,,,,,,,,,,,,,,,,,,,,,,,,,,,,,,,,,,,,,,,,,,,,
,,,,,,,,,,,,,,,,,,,,,,,,,,,,,,,,,,,,,,,,,,,,,,,,,,
,,,,,,,,,,,,,,,,,,,,,,,,,,,,,,,,,,,,,,,,,,,,,,,,,,
,,,,,,,,,,,,,,,,,,,,,,,,,,,,,,,,,,,,,,,,,,,,,,,,,,
,,,,,,,,,,,,,,,,,,,,,,,,,,,,,,,,,,,,,,,,,,,,,,,,,,
,,,,,,,,,,,,,,,,,,,,,,,,,,,,,,,,,,,,,,,,,,,,,,,,,,
,,,,,,,,,,,,,,,,,,,,,,,,,,,,,,,,,,,,,,,,,,,,,,,,,,
,,,,,,,,,,,,,,,,,,,,,,,,,,,,,,,,,,,,,,,,,,,,,,,,,,
,,,,,,,,,,,,,,,,,,,,,,,,,,,,,,,,,,,,,,,,,,,,,,,,,,
,,,,,,,,,,,,,,,,,,,,,,,,,,,,,,,,,,,,,,,,,,,,,,,,,,
,,,,,,,,,,,,,,,,,,,,,,,,,,,,,,,,,,,,,,,,,,,,,,,,,,
,,,,,,,,,,,,,,,,,,,,,,,,,,,,,,,,,,,,,,,,,,,,,,,,,,
,,,,,,,,,,,,,,,,,,,,,,,,,,,,,,,,,,,,,,,,,,,,,,,,,,
,,,,,,,,,,,,,,,,,,,,,,,,,,,,,,,,,,,,,,,,,,,,,,,,,,
,,,,,,,,,,,,,,,,,,,,,,,,,,,,,,,,,,,,,,,,,,,,,,,,,,
,,,,,,,,,,,,,,,,,,,,,,,,,,,,,,,,,,,,,,,,,,,,,,,,,,
,,,,,,,,,,,,,,,,,,,,,,,,,,,,,,,,,,,,,,,,,,,,,,,,,,
,,,,,,,,,,,,,,,,,,,,,,,,,,,,,,,,,,,,,,,,,,,,,,,,,,
,,,,,,,,,,,,,,,,,,,,,,,,,,,,,,,,,,,,,,,,,,,,,,,,,,
,,,,,,,,,,,,,,,,,,,,,,,,,,,,,,,,,,,,,,,,,,,,,,,,,,
,,,,,,,,,,,,,,,,,,,,,,,,,,,,,,,,,,,,,,,,,,,,,,,,,,
,,,,,,,,,,,,,,,,,,,,,,,,,,,,,,,,,,,,,,,,,,,,,,,,,,
,,,,,,,,,,,,,,,,,,,,,,,,,,,,,,,,,,,,,,,,,,,,,,,,,,
,,,,,,,,,,,,,,,,,,,,,,,,,,,,,,,,,,,,,,,,,,,,,,,,,,
,,,,,,,,,,,,,,,,,,,,,,,,,,,,,,,,,,,,,,,,,,,,,,,,,,
,,,,,,,,,,,,,,,,,,,,,,,,,,,,,,,,,,,,,,,,,,,,,,,,,,
,,,,,,,,,,,,,,,,,,,,,,,,,,,,,,,,,,,,,,,,,,,,,,,,,,
,,,,,,,,,,,,,,,,,,,,,,,,,,,,,,,,,,,,,,,,,,,,,,,,,,
,,,,,,,,,,,,,,,,,,,,,,,,,,,,,,,,,,,,,,,,,,,,,,,,,,
,,,,,,,,,,,,,,,,,,,,,,,,,,,,,,,,,,,,,,,,,,,,,,,,,,
,,,,,,,,,,,,,,,,,,,,,,,,,,,,,,,,,,,,,,,,,,,,,,,,,,
,,,,,,,,,,,,,,,,,,,,,,,,,,,,,,,,,,,,,,,,,,,,,,,,,,
,,,,,,,,,,,,,,,,,,,,,,,,,,,,,,,,,,,,,,,,,,,,,,,,,,
,,,,,,,,,,,,,,,,,,,,,,,,,,,,,,,,,,,,,,,,,,,,,,,,,,
,,,,,,,,,,,,,,,,,,,,,,,,,,,,,,,,,,,,,,,,,,,,,,,,,,
,,,,,,,,,,,,,,,,,,,,,,,,,,,,,,,,,,,,,,,,,,,,,,,,,,
,,,,,,,,,,,,,,,,,,,,,,,,,,,,,,,,,,,,,,,,,,,,,,,,,,
,,,,,,,,,,,,,,,,,,,,,,,,,,,,,,,,,,,,,,,,,,,,,,,,,,
,,,,,,,,,,,,,,,,,,,,,,,,,,,,,,,,,,,,,,,,,,,,,,,,,,
,,,,,,,,,,,,,,,,,,,,,,,,,,,,,,,,,,,,,,,,,,,,,,,,,,
,,,,,,,,,,,,,,,,,,,,,,,,,,,,,,,,,,,,,,,,,,,,,,,,,,
,,,,,,,,,,,,,,,,,,,,,,,,,,,,,,,,,,,,,,,,,,,,,,,,,,
,,,,,,,,,,,,,,,,,,,,,,,,,,,,,,,,,,,,,,,,,,,,,,,,,,
,,,,,,,,,,,,,,,,,,,,,,,,,,,,,,,,,,,,,,,,,,,,,,,,,,
,,,,,,,,,,,,,,,,,,,,,,,,,,,,,,,,,,,,,,,,,,,,,,,,,,
,,,,,,,,,,,,,,,,,,,,,,,,,,,,,,,,,,,,,,,,,,,,,,,,,,
,,,,,,,,,,,,,,,,,,,,,,,,,,,,,,,,,,,,,,,,,,,,,,,,,,
,,,,,,,,,,,,,,,,,,,,,,,,,,,,,,,,,,,,,,,,,,,,,,,,,,
,,,,,,,,,,,,,,,,,,,,,,,,,,,,,,,,,,,,,,,,,,,,,,,,,,
,,,,,,,,,,,,,,,,,,,,,,,,,,,,,,,,,,,,,,,,,,,,,,,,,,
,,,,,,,,,,,,,,,,,,,,,,,,,,,,,,,,,,,,,,,,,,,,,,,,,,
,,,,,,,,,,,,,,,,,,,,,,,,,,,,,,,,,,,,,,,,,,,,,,,,,,
,,,,,,,,,,,,,,,,,,,,,,,,,,,,,,,,,,,,,,,,,,,,,,,,,,
,,,,,,,,,,,,,,,,,,,,,,,,,,,,,,,,,,,,,,,,,,,,,,,,,,
,,,,,,,,,,,,,,,,,,,,,,,,,,,,,,,,,,,,,,,,,,,,,,,,,,
,,,,,,,,,,,,,,,,,,,,,,,,,,,,,,,,,,,,,,,,,,,,,,,,,,
,,,,,,,,,,,,,,,,,,,,,,,,,,,,,,,,,,,,,,,,,,,,,,,,,,
,,,,,,,,,,,,,,,,,,,,,,,,,,,,,,,,,,,,,,,,,,,,,,,,,,
,,,,,,,,,,,,,,,,,,,,,,,,,,,,,,,,,,,,,,,,,,,,,,,,,,
,,,,,,,,,,,,,,,,,,,,,,,,,,,,,,,,,,,,,,,,,,,,,,,,,,
,,,,,,,,,,,,,,,,,,,,,,,,,,,,,,,,,,,,,,,,,,,,,,,,,,
,,,,,,,,,,,,,,,,,,,,,,,,,,,,,,,,,,,,,,,,,,,,,,,,,,
,,,,,,,,,,,,,,,,,,,,,,,,,,,,,,,,,,,,,,,,,,,,,,,,,,
,,,,,,,,,,,,,,,,,,,,,,,,,,,,,,,,,,,,,,,,,,,,,,,,,,
,,,,,,,,,,,,,,,,,,,,,,,,,,,,,,,,,,,,,,,,,,,,,,,,,,
,,,,,,,,,,,,,,,,,,,,,,,,,,,,,,,,,,,,,,,,,,,,,,,,,,
,,,,,,,,,,,,,,,,,,,,,,,,,,,,,,,,,,,,,,,,,,,,,,,,,,
,,,,,,,,,,,,,,,,,,,,,,,,,,,,,,,,,,,,,,,,,,,,,,,,,,
,,,,,,,,,,,,,,,,,,,,,,,,,,,,,,,,,,,,,,,,,,,,,,,,,,
,,,,,,,,,,,,,,,,,,,,,,,,,,,,,,,,,,,,,,,,,,,,,,,,,,
,,,,,,,,,,,,,,,,,,,,,,,,,,,,,,,,,,,,,,,,,,,,,,,,,,
,,,,,,,,,,,,,,,,,,,,,,,,,,,,,,,,,,,,,,,,,,,,,,,,,,
,,,,,,,,,,,,,,,,,,,,,,,,,,,,,,,,,,,,,,,,,,,,,,,,,,
,,,,,,,,,,,,,,,,,,,,,,,,,,,,,,,,,,,,,,,,,,,,,,,,,,
,,,,,,,,,,,,,,,,,,,,,,,,,,,,,,,,,,,,,,,,,,,,,,,,,,
,,,,,,,,,,,,,,,,,,,,,,,,,,,,,,,,,,,,,,,,,,,,,,,,,,
,,,,,,,,,,,,,,,,,,,,,,,,,,,,,,,,,,,,,,,,,,,,,,,,,,
,,,,,,,,,,,,,,,,,,,,,,,,,,,,,,,,,,,,,,,,,,,,,,,,,,
,,,,,,,,,,,,,,,,,,,,,,,,,,,,,,,,,,,,,,,,,,,,,,,,,,
,,,,,,,,,,,,,,,,,,,,,,,,,,,,,,,,,,,,,,,,,,,,,,,,,,
,,,,,,,,,,,,,,,,,,,,,,,,,,,,,,,,,,,,,,,,,,,,,,,,,,
,,,,,,,,,,,,,,,,,,,,,,,,,,,,,,,,,,,,,,,,,,,,,,,,,,
,,,,,,,,,,,,,,,,,,,,,,,,,,,,,,,,,,,,,,,,,,,,,,,,,,
,,,,,,,,,,,,,,,,,,,,,,,,,,,,,,,,,,,,,,,,,,,,,,,,,,
Wooden Bat,weapon\onehand\osw14\osw14.txt,,13,212,580,0,100,24,949,331,576,,,,,,,,,,,,,23,50,,24,50,37,2,,,200,3,73,11,0,,121,47,,15,2,,,,,,,LWEA031
Ice Hammer,weapon\onehand\osw31\osw31.txt,,13,212,43600,0,100,50,957,339,576,,,,,,,,,,,,,23,50,,24,50,50,2,,,200,3,101,12,0,,121,48,,15,2,,,,,,,LWEA039
Forest Hammer,weapon\onehand\osw37\osw37.txt,,13,212,262700,0,100,70,965,346,576,,,,,,,,,,,,,23,50,,24,50,60,2,,,200,3,142,12,0,,121,48,,15,2,,,,,,,LWEA046
Short Sword,weapon\onehand\osw1\osw1.txt,,13,211,420,0,100,26,911,302,577,,,,,,,,,,,,,23,50,,24,50,35,2,,,200,1,72,10,0,,111,38,,5,2,,,,,,,LWEA002
Shark Blade,weapon\onehand\osw9\osw9.txt,,13,211,37600,0,100,53,919,310,577,,,,,,,,,,,,,23,50,,24,50,49,2,,,200,1,100,11,0,,111,38,,5,2,,,,,,,LWEA010
Flamboyant,weapon\onehand\osw34\osw34.txt,,13,211,246700,0,100,73,927,317,577,,,,,,,,,,,,,23,50,,24,50,58,2,,,200,1,145,10,0,,111,38,,5,2,,,,,,,LWEA017
Woodman Axe,WEAPON\twohand\tsw17\tsw17.txt,,13,223,3150,0,100,38,1118,431,576,,,,,,,,,,,,,23,50,,24,50,40,2,,,200,8,75,12,0,,141,63,,20,2,,,,,,,LWEA131
Cross Axe,WEAPON\twohand\tsw25\tsw25.txt,,13,223,49050,0,100,61,1124,437,576,,,,,,,,,,,,,23,50,,24,50,51,2,,,200,8,103,12,0,,141,63,,20,2,,,,,,,LWEA137
Bloody Axe,WEAPON\twohand\tsw49\tsw49.txt,,13,223,275950,0,100,84,1132,444,576,,,,,,,,,,,,,23,50,,24,50,60,2,,,200,8,143,11,0,,141,63,,20,2,,,,,,,LWEA144
Khukuri & Long Sword,WEAPON\dsw\dsw1\dsw1.txt,,13,252,5845,0,100,36,1417,731,577,,,,,,,,,,,,,23,50,,24,50,40,2,,,250,7,82,10,0,,111,38,,5,4,,,,,,,LWEA431
Dual Ocean Swords,WEAPON\dsw\dsw10\dsw10.txt,,13,252,51300,0,100,53,1422,736,577,,,,,,,,,,,,,23,50,,24,50,47,2,,,250,7,107,10,0,,111,63,,5,4,,,,,,,LWEA436
Spirits Dual Wield,WEAPON\dsw\dsw13\dsw13.txt,,13,252,287950,0,100,74,1430,743,577,,,,,,,,,,,,,23,50,,24,50,55,2,,,250,7,142,11,0,,111,63,,5,4,,,,,,,LWEA443
Knuckle,weapon\katar\kka1\kka1_01.txt,,13,251,1150,0,100,26,1378,701,578,,,,,,,,,,,,,23,50,,24,50,38,2,,,250,16,70,8,0,,121,38,,5,4,,,,,,,LWEA401
Crescent Knuckle,weapon\katar\kka8\kka8.txt,,13,251,38700,0,100,51,1385,708,577,,,,,,,,,,,,,23,50,,24,50,49,2,,,250,16,110,9,0,,121,38,,5,4,,,,,,,LWEA408
Fenrir's Tooth,weapon\katar\kka15\kka15.txt,,13,251,203950,0,100,70,1393,715,577,,,,,,,,,,,,,23,50,,24,50,58,2,,,250,16,142,8,0,,121,38,,5,4,,,,,,,LWEA415
Javelin,WEAPON\twohand\tsw22\tsw22.txt,,13,222,1425,0,100,28,1080,462,577,,,,,,,,,,,,,23,50,,24,50,38,2,,,350,6,67,9,0,,131,55,,25,2,,,,,,,LWEA162
Halberd,WEAPON\twohand\tsw37\tsw37.txt,,13,222,48550,0,100,52,1087,469,577,,,,,,,,,,,,,23,50,,24,50,49,2,,,400,6,104,9,0,,131,55,,25,2,,,,,,,LWEA169
Dagan Spear,WEAPON\twohand\tsw52\tsw52.txt,,13,222,273200,0,100,72,1095,476,577,,,,,,,,,,,,,23,50,,24,50,58,2,,,400,6,145,9,0,,131,55,,25,2,,,,,,,LWEA176
Haedong Sword,WEAPON\twohand\tsw12\tsw12.txt,,13,221,1275,0,100,32,1040,401,576,,,,,,,,,,,,,23,50,,24,50,38,2,,,250,5,67,10,0,,131,39,,5,2,,,,,,,LWEA101
After Blade,WEAPON\twohand\tsw15\tsw15.txt,,13,221,47300,0,100,58,1047,408,576,,,,,,,,,,,,,23,50,,24,50,50,2,,,250,5,110,11,0,,131,39,,5,2,,,,,,,LWEA108
Great Sword,WEAPON\twohand\tsw32\tsw32.txt,,13,221,277200,0,100,80,1055,415,576,,,,,,,,,,,,,23,50,,24,50,59,2,,,250,5,140,11,0,,131,39,,5,2,,,,,,,LWEA115
Baobab Rod,WEAPON\magic\mst2\mst2.txt,,13,241,1400,0,100,31,1287,601,578,,,,,,,,,,,,,23,50,,24,50,38,2,,,300,6,70,10,1,,131,72,,25,2,,,,,,,LWEA301
Golden Staff,WEAPON\magic\mst7\mst7.txt,,13,241,60400,0,100,57,1294,608,578,,,,,,,,,,,,,23,50,,24,50,49,2,,,300,6,93,10,1,,131,72,,25,2,,,,,,,LWEA308
Cypress Pole,WEAPON\magic\mst28\mst29.txt,,13,241,346700,0,100,79,1302,615,578,,,,,,,,,,,,,23,50,,24,50,58,2,,,300,6,131,10,1,,131,72,,25,2,,,,,,,LWEA315
Short Bow,WEAPON\far\fbo1\fbo1.txt,,13,231,1175,0,100,32,1158,502,578,,,,,,,,,,,,,,,,,,38,2,,,2300,10,34,10,0,151,,,71,0,0,,,,,,,LWEA202
Rider Bow,WEAPON\far\fbo4\fbo4.txt,,13,231,42600,0,100,59,1165,509,578,,,,,,,,,,,,,,,,,,49,2,,,2400,10,53,10,0,151,,,71,0,1,,,,,,,LWEA209
Lynx Bow,WEAPON\far\fbo16\fbo16.txt,,13,231,281850,0,100,84,1187,517,578,,,,,,,,,,,,,,,,,,59,2,,,2400,10,78,10,0,151,,,71,0,1,,,,,,,LWEA217
Simple Crossbow,WEAPON\far\bog3\bog3.txt,,13,271,8155,0,100,44,988,361,578,,,,,,,,,,,,,,,,,,42,2,,,2000,11,36,8,0,151,,,71,,1,,,,,,,LWEA061
Poison Crossbow,WEAPON\far\bog2\bog2.txt,,13,271,57050,0,100,60,992,365,578,,,,,,,,,,,,,,,,,,48,2,,,2200,11,53,10,0,151,,,71,,1,,,,,,,LWEA065
Steel Crossbow,WEAPON\onehand\bog10\bog10.txt,,13,271,196900,0,100,79,997,370,578,,,,,,,,,,,,,,,,,,55,2,,,2300,11,77,10,0,151,,,71,,1,,,,,,,LWEA070
Bubble Gun,WEAPON\far\fgu7\fgu7.txt,,13,232,1425,0,100,33,1209,531,578,,,,,,,,,,,,,,,,,,38,2,,,2300,26,34,10,0,175,,82,78,0,1,,,,,,,LWEA231
Showdown Gun,WEAPON\far\fgu22\fgu22.txt,,13,232,54700,0,100,61,1216,538,578,,,,,,,,,,,,,,,,,,49,2,,,2300,26,54,10,0,174,,84,78,0,1,,,,,,,LWEA238
Brave Gun,WEAPON\far\fgu18\fgu18.txt,,13,232,319250,0,100,83,1224,545,578,,,,,,,,,,,,,,,,,,58,2,,,2500,12,75,10,0,174,,84,78,0,1,,,,,,,LWEA245
Wooden Launcher,WEAPON\far\cannon1\cannon1.txt,,13,233,12720,0,100,44,1248,561,578,,,,,,,,,,,,,,,,,,39,2,,,2600,9,41,12,0,174,,84,78,0,1,,,,,,,LWEA261
Orc Launcher,WEAPON\far\cannon6\cannon6.txt,,13,233,99850,0,100,63,1253,566,577,,,,,,,,,,,,,,,,,,45,2,,,2700,9,55,12,0,191,,84,78,0,1,,,,,,,LWEA266
Mana Cannon,WEAPON\far\cannon14\cannon14.txt,,13,233,547750,0,100,86,1261,573,576,,,,,,,,,,,,,,,,,,51,2,,,2700,9,71,12,0,191,,84,78,0,1,,,,,,,LWEA273
