,,,,,,,,,,,,,,,,,,,,,,,,,,,,,,,,, ,,,,,,,,,,,,,,,,,,,,,,,,,,,,,,,,,,,,,Ability Type,Break IDX,,,Arms Type,Hide Player,Scaling,Preview,Expire,Prefix,Show Back,
Wooden Frame,3Ddata\PAT\CART\BODY\cart01_BODY01.txt,0,,511,197000,0,10,30,2165,246,580,21,1,1001,30,21,30,,,,,,,19,26,,21,12,34,1,,, ,,,,,,,281,261,,,,,,,670,,,,,,,,,,,,,,,,,,,1000,,,,,1,,,,,2186,,,,LPAT001
Wooden Carbon Frame,3Ddata\PAT\CART\BODY\cart01_BODY01_C2.txt,0,,511,249200,0,10,32,2166,246,580,21,1,1002,35,21,32,,,,,,,19,29,,21,14,35,1,,, ,,,,,,,281,261,,,,,,,670,,,,,,,,,,,,,,,,,,,1000,,,,,1,,,,,2186,,,,LPAT002
Colmandy Frame,3Ddata\PAT\CART\BODY\cart01_BODY02_C2.txt,0,,511,307900,0,15,34,2167,246,580,21,2,1003,40,21,34,,,,,,,19,31,,21,15,36,1,,, ,,,,,,,281,261,,,,,,,670,,,,,,,,,,,,,,,,,,,2000,,,,,1,,,,,2186,,,,LPAT003
Colmanju Frame,3Ddata\PAT\CART\BODY\cart01_BODY02.txt,0,,511,370400,0,15,36,2168,246,580,21,2,1004,45,21,36,,,,,,,19,34,,21,17,36,1,,, ,,,,,,,281,261,,,,,,,670,,,,,,,,,,,,,,,,,,,2000,,,,,1,,,,,2186,,,,LPAT004
Sporty Frame,3Ddata\PAT\CART\BODY\cart01_BODY03.txt,0,,511,582700,0,20,46,2169,246,580,21,3,1005,57,21,46,,,,,,,19,47,,21,25,41,1,,, ,,,,,,,281,261,,,,,,,670,,,,,,,,,,,,,,,,,,,3000,,,,,1,,,,,2186,,,,LPAT005
Sporty Red Frame,3Ddata\PAT\CART\BODY\cart01_BODY03_C2.txt,0,,511,582700,0,20,46,2171,246,580,21,3,1006,58,21,46,,,,,,,19,47,,21,25,41,1,,, ,,,,,,,281,261,,,,,,,670,,,,,,,,,,,,,,,,,,,3000,,,,,1,,,,,2186,,,,LPAT006
Sporty Green Frame,3Ddata\PAT\CART\BODY\cart01_BODY03_C3.txt,0,,511,682700,0,20,48,2175,246,580,21,3,1007,59,21,46,,,,,,,19,47,,21,25,41,1,,, ,,,,,,,281,261,,,,,,,670,,,,,,,,,,,,,,,,,,,3000,,,,,1,,,,,2186,,,,LPAT301
Sporty Black Frame,3Ddata\PAT\CART\BODY\cart01_BODY03_C4.txt,0,,511,682700,0,20,50,2176,246,580,21,3,1008,60,21,46,,,,,,,19,47,,21,25,41,1,,, ,,,,,,,281,261,,,,,,,670,,,,,,,,,,,,,,,,,,,3000,,,,,1,,,,,2186,,,,LPAT303
Sporty Pink Frame,3Ddata\PAT\CART\BODY\cart01_BODY03_C5.txt,0,,511,682700,0,20,52,2262,246,580,21,4,1038,61,21,46,,,,,,,19,47,,21,25,41,1,,, ,,,,,,,281,261,,,,,,,670,,,,,,,,,,,,,,,,,,,3000,,,,,1,,,,,2186,,,,LPAT009
,,0,,511,,,10,54,2175,246,580,,5,,,21,54,,,,,,,19,57,,21,31,45,1,,, ,,,,,,,281,261,,,,,,,670,,,,,,,,,,,,,,,,,,,,,,,,,,,,,,,,,
Sporty WR Frame,3Ddata\PAT\CART\BODY\cart01_BODY03_CW1.txt,0,0,511,732000,0,20,54,2266,246,580,21,4,1039,62,21,46,,,,,,,19,47,,21,25,41,1,,, ,,,,,,,281,261,,,,,,,670,,,,,,,,,,,,,,,,,,,4000,,,,,1,,,,,2186,,,,LPAT011
Sporty WB Frame,3Ddata\PAT\CART\BODY\cart01_BODY03_CW2.txt,0,0,511,732000,0,20,55,2267,246,580,21,5,1040,63,21,46,,,,,,,19,47,,21,25,41,1,,, ,,,,,,,281,261,,,,,,,670,,,,,,,,,,,,,,,,,,,4000,,,,,1,,,,,2186,,,,LPAT012
Sporty BR Frame,3Ddata\PAT\CART\BODY\cart01_BODY03_CBK.txt,0,0,511,732000,0,20,56,2268,246,580,21,5,1041,64,21,46,,,,,,,19,47,,21,25,41,1,,, ,,,,,,,281,261,,,,,,,670,,,,,,,,,,,,,,,,,,,4000,,,,,1,,,,,2186,,,,LPAT013
Sporty Orange Frame,,0,0,511,741000,0,20,57,9240,246,580,21,5,1045,65,21,46,,,,,,,19,47,,21,25,41,1,,, ,,,,,,,281,261,,,,,,,670,,,,,,,,,,,,,,,,,,,4000,,,,,1,,,,,2186,,,,LPAT014
Blue Racing Frame,3Ddata\PAT\CART\BODY\cart01_BODY_F00070.txt,0,,511,482700,0,15,35,2277,246,580,,8,,230,21,50,,,,,,,23,100,,0,0,50,1,,, ,,,,,,,281,261,,,,,,,670,,,,,,,,,,,,,,,,,,,3000,,,,,1,,,,,2186,,,,LPAT015
Green Racing Frame,3Ddata\PAT\CART\BODY\cart01_BODY_F00080.txt,0,,511,482700,0,15,35,2275,246,580,,8,,230,21,50,,,,,,,23,100,,0,0,50,1,,, ,,,,,,,281,261,,,,,,,670,,,,,,,,,,,,,,,,,,,3000,,,,,1,,,,,2186,,,,LPAT016
Red Racing Frame,3Ddata\PAT\CART\BODY\cart01_BODY_F00090.txt,0,,511,552700,0,15,35,2276,246,580,,9,,230,21,50,,,,,,,23,100,,0,0,50,1,,, ,,,,,,,281,261,,,,,,,670,,,,,,,,,,,,,,,,,,,3000,,,,,1,,,,,2186,,,,LPAT017
Yellow Racing Frame,3Ddata\PAT\CART\BODY\cart01_BODY_F00100.txt,0,,511,552700,0,15,35,2278,246,580,,9,,230,21,50,,,,,,,23,100,,0,0,50,1,,, ,,,,,,,281,261,,,,,,,670,,,,,,,,,,,,,,,,,,,3000,,,,,1,,,,,2186,,,,LPAT018
Halloween Frame,3Ddata\PAT\CART\BODY\cart01_HALLBODY01.txt,0,,511,602500,0,25,35,2348,246,580,,,,,21,50,,,,,,,,,,,,50,1,,, ,,,,,,,281,261,,,,,,,670,,,,,,,,,,,,,,,,,,,3000,,,,,1,,,,,2186,,,,LPAT019
,,0,,511,,,10,74,,246,580,,10,,,21,74,,,,,,,19,83,,21,47,55,1,,, ,,,,,,,,,,,,,,,,,,,,,,,,,,,,,,,,,,,,,,,,,,,,,,,,
P.I.G. Frame,3Ddata\PAT\CART\BODY\cart01_BODY05.txt,0,6,511,0,0,20,76,2238,246,580,,,,,21,62,,,,,,,,,,,,34,1,,, ,,,,,,,281,261,,,,,,,670,,,,,,,,,,,,,,,,,,,3000,,,,,1,,,,,2186,,,,LPAT021
Bull Frame,3Ddata\PAT\CART\BODY\NIUCHE_BODY.txt,0,,511,781000,0,20,76,2242,246,580,21,6,1042,70,21,46,,,,,,,19,86,,21,49,57,1,,, ,,,,,,,281,261,,,,,,,670,,,,,,,,,,,,,,,,,,,3000,,,,,1,,,,,2186,,,,LPAT022
GM Frame,3Ddata\PAT\CART\BODY\gmcart.txt,0,6,511,1000,0,20,76,2298,246,580,,,,,21,30,,,,,,,19,2000,,21,2000,120,1,,, ,,,,,,,281,261,,,,,,,670,,,,,,,,,,,,,,,,,,,15000,,,,,1,,,,,2186,,,,LPAT023
Black GM Frame,3Ddata\PAT\CART\BODY\gmcart.txt,0,6,511,1000,0,20,76,2299,246,580,,,,,21,30,,,,,,,19,91,,21,52,120,1,,, ,,,,,,,281,261,,,,,,,670,,,,,,,,,,,,,,,,,,,15000,,,,,1,,,,,2186,,,,LPAT024
,,0,,511,,,10,84,,246,580,,,,,21,84,,,,,,,19,96,,21,55,60,1,,, ,,,,,,,,,,,,,,,,,,,,,,,,,,,,,,,,,,,,,,,,,,,,,,,,
Wooden Sleigh Body,3Ddata\PAT\CART\BODY\basya_1109_ka.txt,0,6,511,1000,0,10,47,4923,246,580,,,,,21,47,,,,,,,21,20,,,,40,,,, ,,,,,,,281,261,,,,,,,670,,,,,,,,,,,,,,,,,,,1500,,,,,1,,,,,2186,,,,LPAT026
Wooden Sleigh Engine,3Ddata\PAT\CART\ENGINE\mokuba_1109_ka.txt,1,6,521,620,0,5,42,4449,246,580,,,,,21,36,,,,,,,,,,,,40,,600,3,124,13,,,,,,,,,,,,,,,,,,,,,,,,,,,,,,,,,,,,,,1,,,,,2186,,,,LPAT027
Wooden Sleigh Wheels,3Ddata\PAT\CART\WHEEL\tire_1109_ka.txt,2,6,531,550,0,10,38,4450,246,580,,,,,21,38,,,,,,,,,,,,32,,,,134,30,,,,,,281,261,,,,,,,,302,671,,,,,,,,,,,,,,,,,,,,,,1,,,,,2186,,,,LPAT028
,,0,,511,,,10,92,,246,580,,,,,21,92,,,,,,,19,214,,21,62,63,1,,, ,,,,,,,,,,,,,,,,,,,,,,,,,,,,,,,,,,,,,,,,,,,,,,,,
Classic Wooden Dont Edit,,0,,511,,,10,94,,246,580,,,,,21,94,,,,,,,19,260,,21,63,64,1,,, ,,,,,,,,,,,,,,,,,,,,,,,,,,,,,,,,,,,,,,,,,,,,,,,,
Wooden Stock Core,3Ddata\PAT\CastleGear\CastleGear02\BODY\CastleGear02_BODY01.txt,0,,512,472100,0,40,35,5417,246,580,22,1,1051,63,31,30,,,,31,70,,19,280,,21,60,51,0,,20, ,,,,,,,311,261,,,,,,,700,,,,,,,,,,,,,,,,,,,5000,,,,,2,,,,,2188,,,,LPAT031
Reinforced Stock Core,3Ddata\PAT\CastleGear\CastleGear02\BODY\CastleGear02_BODY01.txt,0,,512,534900,0,50,37,2179,246,580,22,1,1052,68,31,35,,,,31,80,,19,325,,21,65,52,0,,30, ,,,,,,,311,261,,,,,,,700,,,,,,,,,,,,,,,,,,,5000,,,,,2,,,,,2188,,,,LPAT032
Black Wooden Stock Core,3Ddata\PAT\CastleGear\CastleGear02\BODY\CastleGear02_BODY01.txt,0,,512,472100,0,40,35,5408,246,580,91,1,1701,1,31,30,,,,31,70,,19,280,,21,60,51,0,,20, ,,,,,,,311,261,,,,,,,700,,,,,,,,,,,,,,,,,,,5000,,,,,2,,,,,2188,,,,LPAT036
Blue Wooden Stock Core,3Ddata\PAT\CastleGear\CastleGear02\BODY\CastleGear02_BODY01.txt,0,,512,472100,0,40,35,5409,246,580,91,1,1702,1,31,30,,,,31,70,,19,280,,21,60,51,0,,20, ,,,,,,,311,261,,,,,,,700,,,,,,,,,,,,,,,,,,,5000,,,,,2,,,,,2188,,,,LPAT037
Green Wooden Stock Core,3Ddata\PAT\CastleGear\CastleGear02\BODY\CastleGear02_BODY01.txt,0,,512,472100,0,40,35,5410,246,580,91,1,1703,1,31,30,,,,31,70,,19,280,,21,60,51,0,,20, ,,,,,,,311,261,,,,,,,700,,,,,,,,,,,,,,,,,,,5000,,,,,2,,,,,2188,,,,LPAT038
Pink Wooden Stock Core,3Ddata\PAT\CastleGear\CastleGear02\BODY\CastleGear02_BODY01.txt,0,,512,472100,0,40,35,5411,246,580,91,1,1704,1,31,30,,,,31,70,,19,280,,21,60,51,0,,20, ,,,,,,,311,261,,,,,,,700,,,,,,,,,,,,,,,,,,,5000,,,,,2,,,,,2188,,,,LPAT039
Purple Wooden Stock Core,3Ddata\PAT\CastleGear\CastleGear02\BODY\CastleGear02_BODY01.txt,0,,512,472100,0,40,35,5412,246,580,91,1,1705,1,31,30,,,,31,70,,19,280,,21,60,51,0,,20, ,,,,,,,311,261,,,,,,,700,,,,,,,,,,,,,,,,,,,5000,,,,,2,,,,,2188,,,,LPAT040
Red Wooden Stock Core,3Ddata\PAT\CastleGear\CastleGear02\BODY\CastleGear02_BODY01.txt,0,,512,472100,0,40,35,5413,246,580,91,1,1706,1,31,30,,,,31,70,,19,280,,21,60,51,0,,20, ,,,,,,,311,261,,,,,,,700,,,,,,,,,,,,,,,,,,,5000,,,,,2,,,,,2188,,,,LPAT041
White Wooden Stock Core,3Ddata\PAT\CastleGear\CastleGear02\BODY\CastleGear02_BODY01.txt,0,,512,472100,0,40,35,5414,246,580,91,1,1707,1,31,30,,,,31,70,,19,280,,21,60,51,0,,20, ,,,,,,,311,261,,,,,,,700,,,,,,,,,,,,,,,,,,,5000,,,,,2,,,,,2188,,,,LPAT042
Yellow Wooden Stock Core,3Ddata\PAT\CastleGear\CastleGear02\BODY\CastleGear02_BODY01.txt,0,,512,472100,0,40,35,5415,246,580,91,1,1708,1,31,30,,,,31,70,,19,280,,21,60,51,0,,20, ,,,,,,,311,261,,,,,,,700,,,,,,,,,,,,,,,,,,,5000,,,,,2,,,,,2188,,,,LPAT043
Black Reinforced Stock Core,3Ddata\PAT\CastleGear\CastleGear02\BODY\CastleGear02_BODY01.txt,0,,512,534900,0,50,37,5421,246,580,91,1,1710,1,31,35,,,,31,80,,19,325,,21,65,52,0,,30, ,,,,,,,311,261,,,,,,,700,,,,,,,,,,,,,,,,,,,5000,,,,,2,,,,,2188,,,,LPAT044
Blue Reinforced Stock Core,3Ddata\PAT\CastleGear\CastleGear02\BODY\CastleGear02_BODY01.txt,0,,512,534900,0,50,37,5422,246,580,91,1,1711,1,31,35,,,,31,80,,19,325,,21,65,52,0,,30, ,,,,,,,311,261,,,,,,,700,,,,,,,,,,,,,,,,,,,5000,,,,,2,,,,,2188,,,,LPAT045
Green Reinforced Stock Core,3Ddata\PAT\CastleGear\CastleGear02\BODY\CastleGear02_BODY01.txt,0,,512,534900,0,50,37,5423,246,580,91,1,1712,1,31,35,,,,31,80,,19,325,,21,65,52,0,,30, ,,,,,,,311,261,,,,,,,700,,,,,,,,,,,,,,,,,,,5000,,,,,2,,,,,2188,,,,LPAT046
Pink Reinforced Stock Core,3Ddata\PAT\CastleGear\CastleGear02\BODY\CastleGear02_BODY01.txt,0,,512,534900,0,50,37,5424,246,580,91,1,1713,1,31,35,,,,31,80,,19,325,,21,65,52,0,,30, ,,,,,,,311,261,,,,,,,700,,,,,,,,,,,,,,,,,,,5000,,,,,2,,,,,2188,,,,LPAT047
Purple Reinforced Stock Core,3Ddata\PAT\CastleGear\CastleGear02\BODY\CastleGear02_BODY01.txt,0,,512,534900,0,50,37,5425,246,580,91,1,1714,1,31,35,,,,31,80,,19,325,,21,65,52,0,,30, ,,,,,,,311,261,,,,,,,700,,,,,,,,,,,,,,,,,,,5000,,,,,2,,,,,2188,,,,LPAT048
Red Reinforced Stock Core,3Ddata\PAT\CastleGear\CastleGear02\BODY\CastleGear02_BODY01.txt,0,,512,534900,0,50,37,5426,246,580,91,1,1715,1,31,35,,,,31,80,,19,325,,21,65,52,0,,30, ,,,,,,,311,261,,,,,,,700,,,,,,,,,,,,,,,,,,,5000,,,,,2,,,,,2188,,,,LPAT049
White Reinforced Stock Core,3Ddata\PAT\CastleGear\CastleGear02\BODY\CastleGear02_BODY01.txt,0,,512,534900,0,50,37,5427,246,580,91,1,1716,1,31,35,,,,31,80,,19,325,,21,65,52,0,,30, ,,,,,,,311,261,,,,,,,700,,,,,,,,,,,,,,,,,,,5000,,,,,2,,,,,2188,,,,LPAT050
Yellow Reinforced Stock Core,3Ddata\PAT\CastleGear\CastleGear02\BODY\CastleGear02_BODY01.txt,0,,512,534900,0,50,37,5428,246,580,91,1,1717,1,31,35,,,,31,80,,19,325,,21,65,52,0,,30, ,,,,,,,311,261,,,,,,,700,,,,,,,,,,,,,,,,,,,5000,,,,,2,,,,,2188,,,,LPAT051
Oro Black Core,3Ddata\PAT\CastleGear\CastleGear15\BODY\CGB_F02410.txt,0,,512,628400,0,40,50,5434,246,580,91,1,1719,1,31,40,,,,31,90,,19,370,,21,75,52,,,30, ,,,,,,,311,261,,,,,,,700,,,,,,,,,,,,,,,,,,,5000,,,,,2,,,,,2188,,,,LPAT052
Oro Blue Core,3Ddata\PAT\CastleGear\CastleGear15\BODY\CGB_F02410.txt,0,,512,628400,0,40,50,5435,246,580,91,1,1720,1,31,40,,,,31,90,,19,370,,21,75,52,,,30, ,,,,,,,311,261,,,,,,,700,,,,,,,,,,,,,,,,,,,5000,,,,,2,,,,,2188,,,,LPAT053
Oro Green Core,3Ddata\PAT\CastleGear\CastleGear15\BODY\CGB_F02410.txt,0,,512,628400,0,40,50,5436,246,580,91,1,1721,1,31,40,,,,31,90,,19,370,,21,75,52,,,30, ,,,,,,,311,261,,,,,,,700,,,,,,,,,,,,,,,,,,,5000,,,,,2,,,,,2188,,,,LPAT054
Oro Pink Core,3Ddata\PAT\CastleGear\CastleGear15\BODY\CGB_F02410.txt,0,,512,628400,0,40,50,5437,246,580,91,1,1722,1,31,40,,,,31,90,,19,370,,21,75,52,,,30, ,,,,,,,311,261,,,,,,,700,,,,,,,,,,,,,,,,,,,5000,,,,,2,,,,,2188,,,,LPAT055
Oro Purple Core,3Ddata\PAT\CastleGear\CastleGear15\BODY\CGB_F02410.txt,0,,512,628400,0,40,50,5438,246,580,91,1,1723,1,31,40,,,,31,90,,19,370,,21,75,52,,,30, ,,,,,,,311,261,,,,,,,700,,,,,,,,,,,,,,,,,,,5000,,,,,2,,,,,2188,,,,LPAT056
Oro Yellow Core,3Ddata\PAT\CastleGear\CastleGear15\BODY\CGB_F02410.txt,0,,512,628400,0,40,50,5440,246,580,91,1,1724,1,31,40,,,,31,90,,19,370,,21,75,52,,,30, ,,,,,,,311,261,,,,,,,700,,,,,,,,,,,,,,,,,,,5000,,,,,2,,,,,2188,,,,LPAT057
Oro White Core,3Ddata\PAT\CastleGear\CastleGear15\BODY\CGB_F02410.txt,0,,512,628400,,40,50,5439,246,580,91,1,1725,1,31,40,,,,31,90,,19,370,,21,75,52,,,30, ,,,,,,,311,261,,,,,,,700,,,,,,,,,,,,,,,,,,,5000,,,,,2,,,,,2188,,,,LPAT058
,,0,,512,,,20,85,,246,580,,,,,31,85,,,,,,,19,368,,21,157,85,,,, ,,,,,,,,,,,,,,,,,,,,,,,,,,,,,,,,,,,,,,,,,,,,,,,,
,,0,,512,,,20,87,,246,580,,,,,31,87,,,,,,,19,376,,21,161,86,,,, ,,,,,,,,,,,,,,,,,,,,,,,,,,,,,,,,,,,,,,,,,,,,,,,,
,,0,,512,,,20,89,,246,580,,,,,31,89,,,,,,,19,386,,21,166,88,,,, ,,,,,,,,,,,,,,,,,,,,,,,,,,,,,,,,,,,,,,,,,,,,,,,,
,,0,,512,,,20,91,,246,580,,,,,31,91,,,,,,,19,394,,21,170,89,,,, ,,,,,,,,,,,,,,,,,,,,,,,,,,,,,,,,,,,,,,,,,,,,,,,,
Ferrel Guild Core,3Ddata\PAT\CastleGear\CastleGear02\BODY\CastleGear02_BODY01.txt,0,,512,472100,0,50,35,5417,246,580,,,,,31,30,,,,31,70,,19,280,,21,60,51,0,,20, ,,,,,,,311,261,,,,,,,700,,,,,,,,,,,,,,,,,,,5000,,,,,2,,,,,2188,,,,LPAT060
Arumic Core,3Ddata\PAT\CastleGear\CastleGear02\BODY\CastleGear02_BODY01.txt,0,,512,472100,0,50,35,5417,246,580,,,,,31,30,,,,31,70,,19,280,,21,60,51,0,,20, ,,,,,,,311,261,,,,,,,700,,,,,,,,,,,,,,,,,,,5000,,,,,2,,,,,2188,,,,LPAT061
Righteous Core,3Ddata\PAT\CastleGear\CastleGear02\BODY\CastleGear02_BODY01.txt,0,,512,472100,0,50,35,5417,246,580,,,,,31,30,,,,31,70,,19,280,,21,60,51,0,,20, ,,,,,,,311,261,,,,,,,700,,,,,,,,,,,,,,,,,,,5000,,,,,2,,,,,2188,,,,LPAT062
Junon Order Core,3Ddata\PAT\CastleGear\CastleGear02\BODY\CastleGear02_BODY01.txt,0,,512,472100,0,50,35,5417,246,580,,,,,31,30,,,,31,70,,19,280,,21,60,51,0,,20, ,,,,,,,311,261,,,,,,,700,,,,,,,,,,,,,,,,,,,5000,,,,,2,,,,,2188,,,,LPAT063
,,0,,513,,,,,,246,580,,,,,11,,,,,,,,,,,,,,,,, ,,,,,,,,,,,,,,,,,,,,,,,,,,,,,,,,,,,,,,,,,,,,,,,,
Blaster Core,3Ddata\PAT\CastleGear\Robot_Jr04\robot_body.txt,0,,512,784410,0,50,55,7973,246,580,22,5,1054,65,31,45,,,,31,100,,19,450,,21,110,75,0,,30, ,,,,,,,311,261,,,,,,,700,,,,,,,,,,,,,,,,,,,5000,,,,,2,,,,,2188,,,,LPAT065
Blaster Legs,3Ddata\PAT\CastleGear\Robot_Jr04\robot_leg.txt,2,,532,784410,0,30,55,7974,246,580,22,5,1074,65,31,44,,,,,,,19,140,,21,55,75,,,,30,,,,,,,,,,,,,,,,1251,701,,,,,,,,,,,,,,,,,,,,,,2,,,,,2188,,,,LPAT066
Blaster Arms,3Ddata\PAT\CastleGear\Robot_Jr04\robot_arms.txt,4,,552,784410,0,30,55,7975,246,580,22,5,1088,65,31,40,,,,,,,18,190,,26,55,75,,,3, ,,300,350,9,,,0,261,,,,,,,,,,131,702,520,125,,,,,,,,,,,,,,,,,,2,,,,,2188,,,,LPAT067
Blaster Arms Launch,3Ddata\PAT\CastleGear\Robot_Jr04\robot_arms.txt,4,,552,784410,0,30,55,7976,246,580,22,5,1093,65,31,40,,,,,,,18,210,,26,60,75,,,5, ,,2000,350,11,,,3,261,,,,,,,,,,,84,,84,774,,,,,,,,,,,8,,,,,,2,,,,,2188,,,,LPAT068
,,0,,513,,,,,,246,580,,,,,11,,,,,,,,,,,,,,,,, ,,,,,,,,,,,,,,,,,,,,,,,,,,,,,,,,,,,,,,,,,,,,,,,,
Wooden Backseat,3Ddata\PAT\CART\ABILITY\cart01_ability08.txt,3,,541,275000,,5,55,2251,246,580,,,,,21,28,,,,,,,,,,,,34,,,0,,,,,,,,,,,,,,,,,,,,,,,,,,,,,,,,,,,,,,1,,1,,,,,2186,,,,LPAT070
Steel Backseat,3Ddata\PAT\CART\ABILITY\cart01_ability09.txt,3,,541,1980000,,10,55,2252,246,580,,,,,21,28,,,,,,,23,60,,,,34,,,0,,,,,,,,,,,,,,,,,,,,,,,,,,,,,,,,,,,,,,1,,1,,,,,2186,,,,LPAT071
Halloween Backseat,3Ddata\PAT\CART\ABILITY\Halloween_back.txt,3,,541,10000,,10,55,5353,246,580,,,,,21,28,,,,,,,,,,,,34,,,0, ,,,,,,,,,,,,,,,,,,,,,,,,,,,,,,,,,,,,,1,,1,,,,,2186,,,,LPAT072
,,0,,513,,,,,,246,580,,,,,11,,,,,,,,,,,,,,,,, ,,,,,,,,,,,,,,,,,,,,,,,,,,,,,,,,,,,,,,,,,,,,,,,,
,,0,,513,,,,,,246,580,,,,,11,,,,,,,,,,,,,,,,, ,,,,,,,,,,,,,,,,,,,,,,,,,,,,,,,,,,,,,,,,,,,,,,,,
Christmas Sleigh,3Ddata\PAT\CART\BODY\cart01_BODY01.txt,0,7,513,1000,0,20,30,7315,246,580,,,,,128,30,,70,1,,,,,,,,,30,1,,,1200,,,,,,,290,261,,,,,,,,,,,,,,,,,,,,1942,,,,,,1000,,,1,,3,,,,,1506,,,,LPAT075
Christmas Sleigh Engine,3Ddata\PAT\CART\ENGINE\cart01_ENGINE01.txt,1,7,521,1000,0,5,30,0,246,580,,,,,24,30,,,,,,,,,,,,32,,1600,2,102,10,,,,,,,,,,,,,,,,,,,,,,,,,,,,,,,,,,,,,,1,,,,,,,,,LPAT076
Christmas Sleigh Skis,3Ddata\PAT\CART\WHEEL\cart01_WHEEL01.txt,2,7,531,1000,0,2,30,0,246,580,,,,,24,30,,,,,,,,,,,,28,,,,102,20,,,,,,290,261,,,,,,,,,,,,,,,,,,,,,,,,,,,,,,,1,,,,,,,,,LPAT077
Green Christmas Sleigh,3Ddata\PAT\CART\BODY\cart01_BODY01.txt,0,7,513,1000,0,20,30,7317,246,580,,,,,128,30,,70,1,,,,,,,,,30,1,,,1200,,,,,,,290,261,,,,,,,,,,,,,,,,,,,,1942,,,,,,1000,,,1,,3,,,,,1507,,,,LPAT078
Pink Christmas Sleigh,3Ddata\PAT\CART\BODY\cart01_BODY01.txt,0,6,513,1000,0,20,30,7317,246,580,,,,,128,30,,70,1,,,,,,,,,30,1,,,1200,,,,,,,290,261,,,,,,,,,,,,,,,,,,,,1942,,,,,,1000,,,1,,3,,,,,,,,,LPAT079
Snake Cart,3Ddata\PAT\CART\BODY\snakecart_body_1211_cr.txt,0,7,511,1000,0,20,47,6222,246,580,,,,,21,47,,,,,,,23,100,,21,20,40,,,,,,,,,,,281,261,,,,,,,670,,,,,,,,,,,,,,,,,,,5500,,,,,,,,,,2187,,,,LPAT080
Snake Cart Engine,3Ddata\PAT\CART\ENGINE\invisiblescart02_0112_cr.txt,1,7,521,620,0,10,42,6223,246,580,,,,,21,36,,,,,,,,,,,,40,,600,3,126,13,,,,,,,,,,,,,,,,,,,,,,,,,,,,,,,,,,,,,,,,,,,2187,,,,LPAT081
Snake Cart Wheels,3Ddata\PAT\CART\WHEEL\snakecart_wheel_1211_cr.txt,2,7,531,550,0,10,38,6236,246,580,,,,,21,36,,,,,,,,,,,,32,,,,137,30,,,,,,281,261,,,,,,,,302,671,,,,,,,,,,,,,,,,,,,,,,,,,,,2187,,,,LPAT082
,,0,,513,,,,,,246,580,,,,,11,,,,,,,,,,,,,,,,, ,,,,,,,,,,,,,,,,,,,,,,,,,,,,,,,,,,,,,,,,,,,,,,,,
,,0,,513,,,,,,246,580,,,,,11,,,,,,,,,,,,,,,,, ,,,,,,,,,,,,,,,,,,,,,,,,,,,,,,,,,,,,,,,,,,,,,,,,
Pumpkin Frame,3Ddata\PAT\CART\BODY\pumpkin_body_1005_ka.txt,0,6,511,10000,0,15,47,6914,246,580,,,,,21,47,,,,,,,,,,,,40,,,, ,,,,,,,281,261,,,,,,,670,,,,,,,,,,,,,,,,,,,2000,,,,,1,,,,,2186,,,,LPAT085
Pumpkin Engine,3Ddata\PAT\CART\ENGINE\pumpkin_engine_1005_ka.txt,1,6,521,6200,0,10,42,6769,246,580,,,,,21,36,,,,,,,,,,,,40,,600,3,126,13,,,,,,,,,,,,,,,,,,,,,,,,,305,305,,,,,,,,,,,,1,,,,,2186,,,,LPAT086
Pumpkin Wheels,3Ddata\PAT\CART\WHEEL\pumpkin_tire_1005_ka.txt,2,6,531,5500,0,10,38,6782,246,580,,,,,21,38,,,,,,,,,,,,32,,,,136,30,,,,,,281,261,,,,,,,,302,671,,,,,,,,,,,,,,,,,,,,,,1,,,,,2186,,,,LPAT087
,,0,,513,,,,,,246,580,,,,,11,,,,,,,,,,,,,,,,, ,,,,,,,,,,,,,,,,,,,,,,,,,,,,,,,,,,,,,,,,,,,,,,,,
,,0,,513,,,,,,246,580,,,,,11,,,,,,,,,,,,,,,,, ,,,,,,,,,,,,,,,,,,,,,,,,,,,,,,,,,,,,,,, ,,,,,,,,,
Matts Spaceship Body,3Ddata\PAT\CART\BODY\cart01_BODY380.txt,0,2,511,10000,0,70,30,4303,246,580,,,,,21,25,,,,,,,,,,,,55,,,, ,,,,,,,281,261,,,,,,,670,,,,,,,,,,,,,,,,,,,3000,,,,,1,,,,,2186,,,,LPAT090
Matts Spaceship Wheel,3Ddata\PAT\CART\WHEEL\cart01_WHEEL380.txt,2,2,531,10000,0,30,30,4304,246,580,,,,,21,25,,,,,,,,,,,,55,,,,166,40,,,,,,281,261,,,,,,,,302,671,,,,,,,,,,,,,,,,, ,,,,,1,,,,,2186,,,,LPAT091
Matts Spaceship Engine,3Ddata\PAT\CART\ENGINE\cart01_ENGINE06.txt,1,2,521,10000,0,30,30,4305,246,580,,,,,21,25,,,,,,,,,,,,55,,200,10,143,13,,,,,,,,,,,,,,,,,,,,,,,,,299,299,,,,,,,,,,,,1,,,,,2186,,,,LPAT092
,,,,,,,,,,246,580,,,,,,,,,,,,,,,,,,,,,, ,,,,,,,,,,,,,,,,,,,,,,,,,,,,,,,,,,,,,,,,,,,,,,,,
Santa Frame,3Ddata\PAT\CART\BODY\pumpkin_body_1005_ka.txt,0,6,511,1000,0,20,47,7278,246,580,,,,,21,47,,,,,,,,,,,,40,,,, ,,,,,,,281,261,,,,,,,,,,,,,,,,,,,,,,,,,,2000,,,,,1,,,,,2186,,,,LPAT094
Santa Skis,3Ddata\PAT\CART\WHEEL\pumpkin_tire_1005_ka.txt,2,6,531,550,0,10,38,7291,246,580,,,,,21,38,,,,,,,,,,,,32,,,,136,30,,,,,,281,261,,,,,,,,302,671,,,,,,,,,,,,,,,,,,,,,,1,,,,,2186,,,,LPAT095
Flying Wooden Sleigh,3Ddata\PAT\CART\BODY\cart01_BODY01.txt,0,7,513,1000,0,10,30,3919,246,580,,,,,131,30,,70,1,,,,,,,,,30,1,,,1200,,,,,,,281,465,,,,,,,,,,,,,,,,,,,,1935,,,,,,1000,,,1,,3,,,,,1508,,,,LPAT096
Flying Wooden Sleigh Engine,3Ddata\PAT\CART\ENGINE\cart01_ENGINE01.txt,1,7,521,1000,0,5,30,0,246,580,,,,,25,30,,,,,,,,,,,,32,,1600,2,102,10,,,,,,,,,,,,,,,,,,,,,,,,,,,,,,,,,,,,,,1,,,,,,,,,LPAT097
Flying Wooden Horse Part,3Ddata\PAT\CART\WHEEL\cart01_WHEEL01.txt,2,7,531,1000,0,2,30,0,246,580,,,,,25,30,,,,,,,,,,,,28,,,,102,20,,,,,,281,465,,,,,,,,,,,,,,,,,,,,,,,,,,,,,,,1,,,,,,,,,LPAT098
,,,,,,,,,,246,580,,,,,,,,,,,,,,,,,,,,,, ,,,,,,,,,,,,,,,,,,,,,,,,,,,,,,,,,,,,,,,,,,,,,,,,
,,,,,,,,,,246,580,,,,,,,,,,,,,,,,,,,,,, ,,,,,,,,,,,,,,,,,,,,,,,,,,,,,,,,,,,,,,,,,,,,,,,,
First Engine,3Ddata\PAT\CART\ENGINE\cart01_ENGINE01.txt,1,,521,116100,0,10,30,2204,246,580,21,1,1011,30,21,30,,,,,,,,,,,,32,,1600,2,119,10,,,,,,,,,,,,,,,,,,,,,,,,,299,299,,,,,,,,,,,,1,,,,,2186,,,,LPAT101
Second Engine,3Ddata\PAT\CART\ENGINE\cart01_ENGINE02.txt,1,,521,151200,0,10,34,2205,246,580,21,1,1012,35,21,34,,,,,,,,,,,,34,,1800,2,124,12,,,,,,,,,,,,,,,,,,,,,,,,,299,299,,,,,,,,,,,,1,,,,,2186,,,,LPAT102
Dural Engine,3Ddata\PAT\CART\ENGINE\cart01_ENGINE03.txt,1,,521,193700,0,10,38,2206,246,580,21,2,1013,45,21,38,,,,,,,,,,,,37,,2000,2,127,12,,,,,,,,,,,,,,,,,,,,,,,,,299,299,,,,,,,,,,,,1,,,,,2186,,,,LPAT103
Halloween Engine,3Ddata\PAT\CART\ENGINE\cart01_HALLENGINE01.txt,1,,521,243200,0,10,42,2351,246,580,,,,,21,50,,,,,,,,,,,,50,,2000,2,126,13,,,,,,,,,,,,,,,,,,,,,,,,,299,299,,,,,,,,,,,,1,,,,,2186,,,,LPAT107
Tricky Engine,3Ddata\PAT\CART\ENGINE\cart01_ENGINE05.txt,1,,521,298000,0,10,46,2680,246,580,21,3,1015,50,21,46,,,,,,,,,,,,42,,2200,2,133,14,,,,,,,,,,,,,,,,,,,,,,,,,299,299,,,,,,,,,,,,1,,,,,2186,,,,LPAT105
Jet Engine,3Ddata\PAT\CART\ENGINE\cart01_ENGINE06.txt,1,,521,318000,0,10,50,2679,246,580,21,4,1016,50,21,46,,,,,,,,,,,,45,,2400,2,136,15,,,,,,,,,,,,,,,,,,,,,,,,,299,299,,,,,,,,,,,,1,,,,,2186,,,,LPAT106
??????????,3Ddata\PAT\CART\ENGINE\cart01_ENGINE07.txt,1,,521,,,10,54,,246,580,,4,,,21,54,,,,,,,,,,,,48,,2600,2,138,16,,,,,,,,,,,,,,,,,,,,,,,,,299,299,,,,,,,,,,,,,,,,,,,,,
,,1,,521,,,5,58,,246,580,,4,,,21,58,,,,,,,,,,,,50,,2800,0,141,17,,,,,,,,,,,,,,,,,,,,,,,,,299,299,,,,,,,,,,,,,,,,,,,,,
,,1,,521,,,5,62,,246,580,,5,,,21,62,,,,,,,,,,,,53,,2800,0,143,18,,,,,,,,,,,,,,,,,,,,,,,,,299,299,,,,,,,,,,,,,,,,,,,,,
,,1,,521,,,5,66,,246,580,,5,,,21,66,,,,,,,,,,,,55,,3000,0,145,19,,,,,,,,,,,,,,,,,,,,,,,,,299,299,,,,,,,,,,,,,,,,,,,,,
,,1,,521,,,5,70,,246,580,,6,,,21,70,,,,,,,,,,,,58,,3200,0,147,20,,,,,,,,,,,,,,,,,,,,,,,,,299,299,,,,,,,,,,,,,,,,,,,,,
,,1,,521,,,5,74,,246,580,,6,,,21,74,,,,,,,,,,,,61,,3400,0,150,21,,,,,,,,,,,,,,,,,,,,,,,,,299,299,,,,,,,,,,,,,,,,,,,,,
,,1,,521,,,5,78,,246,580,,7,,,21,78,,,,,,,,,,,,63,,3600,0,152,22,,,,,,,,,,,,,,,,,,,,,,,,,299,299,,,,,,,,,,,,,,,,,,,,,
,,1,,521,,,5,82,,246,580,,7,,,21,82,,,,,,,,,,,,66,,3600,0,155,23,,,,,,,,,,,,,,,,,,,,,,,,,299,299,,,,,,,,,,,,,,,,,,,,,
,,1,,521,,,5,86,,246,580,,8,,,21,86,,,,,,,,,,,,69,,3800,0,157,24,,,,,,,,,,,,,,,,,,,,,,,,,299,299,,,,,,,,,,,,,,,,,,,,,
,,1,,521,,,5,90,,246,580,,8,,,21,90,,,,,,,,,,,,71,,4000,0,160,25,,,,,,,,,,,,,,,,,,,,,,,,,299,299,,,,,,,,,,,,,,,,,,,,,
,,1,,521,,,5,92,,246,580,,9,,,21,92,,,,,,,,,,,,73,,4000,0, ,,,,,,,,,,,,,,,,,,,,,,,,,,299,299,,,,,,,,,,,,,,,,,,,,,
,,1,,521,,,5,94,,246,580,,9,,,21,94,,,,,,,,,,,,74,,4200,0, ,,,,,,,,,,,,,,,,,,,,,,,,,,299,299,,,,,,,,,,,,,,,,,,,,,
,,1,,521,,,5,96,,246,580,,10,,,21,96,,,,,,,,,,,,75,,4200,0, ,,,,,,,,,,,,,,,,,,,,,,,,,,299,299,,,,,,,,,,,,,,,,,,,,,
,,1,,521,,,5,98,,246,580,,10,,,21,98,,,,,,,,,,,,77,,4400,0, ,,,,,,,,,,,,,,,,,,,,,,,,,,299,299,,,,,,,,,,,,,,,,,,,,,
P.I.G. Engine,3Ddata\PAT\CART\ENGINE\cart01_ENGINE05.txt,1,6,521,0,0,10,30,2239,246,580,,,,,21,30,,,,,,,,,,,,32,,1600,2,119,10,,,,,,,,,,,,,,,,,,,,,,,,,299,299,,,,,,,,,,,,1,,,,,2186,,,,LPAT121
Bull Engine,3Ddata\PAT\CART\ENGINE\NIUCHE_FA.txt,1,,521,1000,0,10,52,2216,246,580,21,5,1043,60,21,46,,,,,,,,,,,,33,,1600,2,141,10,,,,,,,,,,,,,,,,,,,,,,,,,299,299,,,,,,,,,,,,1,,,,,2186,,,,LPAT122
GM Engine,3Ddata\PAT\CART\ENGINE\gmengine.txt,1,6,521,1000,0,10,30,2205,246,580,,,,,21,30,,,,,,,,,,,,120,,1600,2,172,25,,,,,,,,,,,,,,,,,,,,,,,,,299,299,,,,,,,,,,,,1,,,,,2186,,,,LPAT123
Sport Engine,3Ddata\PAT\CART\ENGINE\cart01_ENGINE01.txt,1,,521,116100,0,10,54,2678,246,580,21,6,1017,55,21,46,,,,,,,,,,,,32,,1600,2,145,10,,,,,,,,,,,,,,,,,,,,,,,,,299,299,,,,,,,,,,,,1,,,,,2186,,,,LPAT124
,,1,,521,,,5,38,,246,580,,,,,21,38,,,,,,,,,,,,37,,2000,0, ,,,,,,,,,,,,,,,,,,,,,,,,,,299,299,,,,,,,,,,,,,,,,,,,,,
,,1,,521,,,5,40,,246,580,,,,,21,40,,,,,,,,,,,,38,,2000,0, ,,,,,,,,,,,,,,,,,,,,,,,,,,299,299,,,,,,,,,,,,,,,,,,,,,
,,1,,521,,,5,42,,246,580,,,,,21,42,,,,,,,,,,,,40,,2000,0, ,,,,,,,,,,,,,,,,,,,,,,,,,,299,299,,,,,,,,,,,,,,,,,,,,,
,,1,,521,,,5,44,,246,580,,,,,21,44,,,,,,,,,,,,41,,2200,0, ,,,,,,,,,,,,,,,,,,,,,,,,,,299,299,,,,,,,,,,,,,,,,,,,,,
,,1,,521,,,5,46,,246,580,,,,,21,46,,,,,,,,,,,,42,,2200,0, ,,,,,,,,,,,,,,,,,,,,,,,,,,299,299,,,,,,,,,,,,,,,,,,,,,
,,1,,521,,,5,48,,246,580,,,,,21,48,,,,,,,,,,,,44,,2400,0, ,,,,,,,,,,,,,,,,,,,,,,,,,,299,299,,,,,,,,,,,,,,,,,,,,,
Fornef Engine,3Ddata\PAT\CastleGear\CastleGear02\ENGINE\CastleGear02_ENGINE01.txt,1,,522,188200,0,20,30,2217,246,580,22,1,1061,63,31,30,,,,,,,,,,,,41,,,3,100,,,,,,,,,,,,,,,,,,,,,,,,,,,1252,1253,1254,1255,,,,,,,,,2,,,,,,,,,LPAT131
Sheft Engine,3Ddata\PAT\CastleGear\CastleGear02\ENGINE\CastleGear02_ENGINE01.txt,1,,522,233800,0,20,32,2218,246,580,22,1,1062,68,31,32,,,,,,,24,10,,20,30,43,,,3,100,,,,,,,,,,,,,,,,,,,,,,,,,,,1252,1253,1254,1255,,,,,,,,,2,,,,,,,,,LPAT132
Luxem Engine,3Ddata\PAT\CastleGear\CastleGear02\ENGINE\CastleGear02_ENGINE01.txt,1,,522,282000,0,20,34,2219,246,580,22,2,1063,73,31,34,,,,,,,24,10,,20,40,44,,,4,102,,,,,,,,,,,,,,,,,,,,,,,,,,,1252,1253,1254,1255,,,,,,,,,2,,,,,,,,,LPAT133
,,1,,522,,,5,36,2220,246,580,,3,,,31,36,,,,,,,24,15,,20,40,46,,,4,124,,,,,,,,,,,,,,,,,,,,,,,,,,,1252,1253,1254,1255,,,,,,,,,,,,,,,,,,
,,1,,522,,,5,38,2221,246,580,,3,,,31,38,,,,,,,24,12,,20,50,48,,,4,128,,,,,,,,,,,,,,,,,,,,,,,,,,,1252,1253,1254,1255,,,,,,,,,,,,,,,,,,
,,1,,522,,,5,40,,246,580,,4,,,31,40,,,,,,,24,15,,20,64,49,,,5,128,,,,,,,,,,,,,,,,,,,,,,,,,,,1252,1253,1254,1255,,,,,,,,,,,,,,,,,,
,,1,,522,,,5,42,,246,580,,5,,,31,42,,,,,,,24,16,,20,67,51,,,5,133,,,,,,,,,,,,,,,,,,,,,,,,,,,1252,1253,1254,1255,,,,,,,,,,,,,,,,,,
,,1,,522,,,5,44,,246,580,,5,,,31,44,,,,,,,24,17,,20,69,53,,,5,131,,,,,,,,,,,,,,,,,,,,,,,,,,,1252,1253,1254,1255,,,,,,,,,,,,,,,,,,
,,1,,522,,,5,46,,246,580,,6,,,31,46,,,,,,,24,18,,20,72,54,,,6,137,,,,,,,,,,,,,,,,,,,,,,,,,,,1252,1253,1254,1255,,,,,,,,,,,,,,,,,,
,,1,,522,,,5,48,,246,580,,7,,,31,48,,,,,,,24,19,,20,74,56,,,6,139,,,,,,,,,,,,,,,,,,,,,,,,,,,1252,1253,1254,1255,,,,,,,,,,,,,,,,,,
,,1,,522,,,5,50,,246,580,,7,,,31,50,,,,,,,24,20,,20,77,58,,,7,143,,,,,,,,,,,,,,,,,,,,,,,,,,,1252,1253,1254,1255,,,,,,,,,,,,,,,,,,
,,1,,522,,,5,52,,246,580,,8,,,31,52,,,,,,,24,22,,20,79,60,,,, ,,,,,,,,,,,,,,,,,,,,,,,,,,,1252,1253,1254,1255,,,,,,,,,,,,,,,,,,
,,1,,522,,,5,54,,246,580,,9,,,31,54,,,,,,,24,23,,20,82,61,,,, ,,,,,,,,,,,,,,,,,,,,,,,,,,,1252,1253,1254,1255,,,,,,,,,,,,,,,,,,
,,1,,522,,,5,56,,246,580,,9,,,31,56,,,,,,,24,24,,20,84,63,,,, ,,,,,,,,,,,,,,,,,,,,,,,,,,,1252,1253,1254,1255,,,,,,,,,,,,,,,,,,
,,1,,522,,,5,58,,246,580,,10,,,31,58,,,,,,,24,25,,20,87,65,,,, ,,,,,,,,,,,,,,,,,,,,,,,,,,,1252,1253,1254,1255,,,,,,,,,,,,,,,,,,
,,1,,522,,,5,60,,246,580,,10,,,31,60,,,,,,,24,26,,20,90,66,,,, ,,,,,,,,,,,,,,,,,,,,,,,,,,,1252,1253,1254,1255,,,,,,,,,,,,,,,,,,
,,,,,,,,,,,580,,,,,,,,,,,,,,,,,,,,,, ,,,,,,,,,,,,,,,,,,,,,,,,,,,1252,1253,1254,1255,,,,,,,,,,,,,,,,,,
,,,,,,,,,,,580,,,,,,,,,,,,,,,,,,,,,, ,,,,,,,,,,,,,,,,,,,,,,,,,,,1252,1253,1254,1255,,,,,,,,,,,,,,,,,,
,,,,,,,,,,,580,,,,,,,,,,,,,,,,,,,,,, ,,,,,,,,,,,,,,,,,,,,,,,,,,,1252,1253,1254,1255,,,,,,,,,,,,,,,,,,
Aurum Engine Prototype,3Ddata\PAT\CastleGear\CastleGear02\ENGINE\CastleGear02_ENGINE01.txt,1,6,522,0,0,20,50,4194,246,580,,,,,31,30,,,,31,110,,,,,,,41,,,3,100,,,,,,,,,,,,,,,,,,,,,,,,,,,1252,1253,1254,1255,,,,,,,,,2,,,,,2188,,,,LPAT150
Aurum Core Prototype,3Ddata\PAT\CASTLEGEAR\CASTLEGEAR03\BODY\CG3_Body.txt,0,6,512,0,0,50,50,4195,246,580,,,,,31,35,,,,31,110,,,,,,,51,,,9,,,,,,,,311,261,,,,,,,700,,,,,,,,,,,,,,,,,,,5000,,,,,2,,,,,2188,,,,LPAT151
Aurum Legs Prototype,3Ddata\PAT\CASTLEGEAR\CASTLEGEAR03\LEG\CG3_Legs.txt,2,6,532,0,0,30,50,4196,246,580,,,,,31,30,,,,31,110,,,,,,,41,,,,30,,,,,,,,,,,,,,,,1251,701,,,,,,,,,,,,,,,,,,,,,,2,,,,,2188,,,,LPAT152
Aurum Arms Prototype,3Ddata\PAT\CASTLEGEAR\CASTLEGEAR03\ARMS\CG3_Arm.txt,4,6,552,0,0,30,50,4197,246,580,,,,,31,35,,,,31,110,,,,,,,52,,,1,,,300,2350,27,,,0,261,,,,,,,,,,131,702,520,125,,,,,,,,,,,,,,,,,,2,,,,,2188,,,,LPAT153
Black P.I.G. Frame,,0,6,511,0,0,20,76,3996,246,580,,,,,21,62,,,,,,,,,,,,34,1,,, ,,,,,,,281,261,,,,,,,670,,,,,,,,,,,,,,,,,,,3000,,,,,1,,,,,2186,,,,LPAT154
,,,,,,,,,,,580,,,,,,,,,,,,,,,,,,,,,, ,,,,,,,,,,,,,,,,,,,,,,,,,,,1252,1253,1254,1255,,,,,,,,,,,,,,,,,,
,,,,,,,,,,,580,,,,,,,,,,,,,,,,,,,,,, ,,,,,,,,,,,,,,,,,,,,,,,,,,,1252,1253,1254,1255,,,,,,,,,,,,,,,,,,
,,,,,,,,,,,580,,,,,,,,,,,,,,,,,,,,,, ,,,,,,,,,,,,,,,,,,,,,,,,,,,1252,1253,1254,1255,,,,,,,,,,,,,,,,,,
,,,,,,,,,,,580,,,,,,,,,,,,,,,,,,,,,, ,,,,,,,,,,,,,,,,,,,,,,,,,,,1252,1253,1254,1255,,,,,,,,,,,,,,,,,,
,,,,,,,,,,,580,,,,,,,,,,,,,,,,,,,,,, ,,,,,,,,,,,,,,,,,,,,,,,,,,,1252,1253,1254,1255,,,,,,,,,,,,,,,,,,
Heavygear Core,,0,,512,472100,0,50,53,8840,246,580,22,4,1056,72,32,41,,,,31,90,,19,400,,21,40,51,,,35, ,,,,,,,381,387,,,,,,,700,,,,,,,,,,,,,,,,,,,5000,,,,,2,,,,,2189,,,,LPAT160
Heavygear Engine,,1,,522,295000,0,30,36,8841,246,580,22,4,1064,74,32,41,,,,,,,24,15,,20,30,41,,,4,100,,,,,,,,,,,,,,,,,,,,,,,,,,,,,,,,,,,,,,,2,,,,,,,,,LPAT161
Heavygear Core Preview,,,,,,,,,,246,580,,,,,,,,,,,,,,,,,,,,,, ,,,,,,,,,,,,,,,,,,,,,,,,,,,,,,,,,,,,,,,,,,,,,,,,
,,,,,,,,,,246,580,,,,,,,,,,,,,,,,,,,,,, ,,,,,,,,,,,,,,,,,,,,,,,,,,,,,,,,,,,,,,,,,,,,,,,,
,,,,,,,,,,246,580,,,,,,,,,,,,,,,,,,,,,, ,,,,,,,,,,,,,,,,,,,,,,,,,,,,,,,,,,,,,,,,,,,,,,,,
,,,,,,,,,,246,580,,,,,,,,,,,,,,,,,,,,,, ,,,,,,,,,,,,,,,,,,,,,,,,,,,,,,,,,,,,,,,,,,,,,,,,
,,,,,,,,,,246,580,,,,,,,,,,,,,,,,,,,,,, ,,,,,,,,,,,,,,,,,,,,,,,,,,,,,,,,,,,,,,,,,,,,,,,,
,,,,,,,,,,246,580,,,,,,,,,,,,,,,,,,,,,, ,,,,,,,,,,,,,,,,,,,,,,,,,,,,,,,,,,,,,,,,,,,,,,,,
,,,,,,,,,,246,580,,,,,,,,,,,,,,,,,,,,,, ,,,,,,,,,,,,,,,,,,,,,,,,,,,,,,,,,,,,,,,,,,,,,,,,
,,,,,,,,,,246,580,,,,,,,,,,,,,,,,,,,,,, ,,,,,,,,,,,,,,,,,,,,,,,,,,,,,,,,,,,,,,,,,,,,,,,,
,,,,,,,,,,246,580,,,,,,,,,,,,,,,,,,,,,, ,,,,,,,,,,,,,,,,,,,,,,,,,,,,,,,,,,,,,,,,,,,,,,,,
,,,,,,,,,,246,580,,,,,,,,,,,,,,,,,,,,,, ,,,,,,,,,,,,,,,,,,,,,,,,,,,,,,,,,,,,,,,,,,,,,,,,
,,,,,,,,,,246,580,,,,,,,,,,,,,,,,,,,,,, ,,,,,,,,,,,,,,,,,,,,,,,,,,,,,,,,,,,,,,,,,,,,,,,,
,,,,,,,,,,246,580,,,,,,,,,,,,,,,,,,,,,, ,,,,,,,,,,,,,,,,,,,,,,,,,,,,,,,,,,,,,,,,,,,,,,,,
,,,,,,,,,,246,580,,,,,,,,,,,,,,,,,,,,,, ,,,,,,,,,,,,,,,,,,,,,,,,,,,,,,,,,,,,,,,,,,,,,,,,
,,,,,,,,,,246,580,,,,,,,,,,,,,,,,,,,,,, ,,,,,,,,,,,,,,,,,,,,,,,,,,,,,,,,,,,,,,,,,,,,,,,,
,,,,,,,,,,246,580,,,,,,,,,,,,,,,,,,,,,, ,,,,,,,,,,,,,,,,,,,,,,,,,,,,,,,,,,,,,,,,,,,,,,,,
,,,,,,,,,,246,580,,,,,,,,,,,,,,,,,,,,,, ,,,,,,,,,,,,,,,,,,,,,,,,,,,,,,,,,,,,,,,,,,,,,,,,
,,,,,,,,,,246,580,,,,,,,,,,,,,,,,,,,,,, ,,,,,,,,,,,,,,,,,,,,,,,,,,,,,,,,,,,,,,,,,,,,,,,,
,,,,,,,,,,246,580,,,,,,,,,,,,,,,,,,,,,, ,,,,,,,,,,,,,,,,,,,,,,,,,,,,,,,,,,,,,,,,,,,,,,,,
,,,,,,,,,,246,580,,,,,,,,,,,,,,,,,,,,,, ,,,,,,,,,,,,,,,,,,,,,,,,,,,,,,,,,,,,,,,,,,,,,,,,
,,,,,,,,,,246,580,,,,,,,,,,,,,,,,,,,,,, ,,,,,,,,,,,,,,,,,,,,,,,,,,,,,,,,,,,,,,,,,,,,,,,,
,,,,,,,,,,246,580,,,,,,,,,,,,,,,,,,,,,, ,,,,,,,,,,,,,,,,,,,,,,,,,,,,,,,,,,,,,,,,,,,,,,,,
,,,,,,,,,,246,580,,,,,,,,,,,,,,,,,,,,,, ,,,,,,,,,,,,,,,,,,,,,,,,,,,,,,,,,,,,,,,,,,,,,,,,
,,,,,,,,,,246,580,,,,,,,,,,,,,,,,,,,,,, ,,,,,,,,,,,,,,,,,,,,,,,,,,,,,,,,,,,,,,,,,,,,,,,,
,,,,,,,,,,246,580,,,,,,,,,,,,,,,,,,,,,, ,,,,,,,,,,,,,,,,,,,,,,,,,,,,,,,,,,,,,,,,,,,,,,,,
,,,,,,,,,,246,580,,,,,,,,,,,,,,,,,,,,,, ,,,,,,,,,,,,,,,,,,,,,,,,,,,,,,,,,,,,,,,,,,,,,,,,
,,,,,,,,,,246,580,,,,,,,,,,,,,,,,,,,,,, ,,,,,,,,,,,,,,,,,,,,,,,,,,,,,,,,,,,,,,,,,,,,,,,,
,,,,,,,,,,246,580,,,,,,,,,,,,,,,,,,,,,, ,,,,,,,,,,,,,,,,,,,,,,,,,,,,,,,,,,,,,,,,,,,,,,,,
,,,,,,,,,,246,580,,,,,,,,,,,,,,,,,,,,,, ,,,,,,,,,,,,,,,,,,,,,,,,,,,,,,,,,,,,,,,,,,,,,,,,
,,,,,,,,,,246,580,,,,,,,,,,,,,,,,,,,,,, ,,,,,,,,,,,,,,,,,,,,,,,,,,,,,,,,,,,,,,,,,,,,,,,,
,,,,,,,,,,246,580,,,,,,,,,,,,,,,,,,,,,, ,,,,,,,,,,,,,,,,,,,,,,,,,,,,,,,,,,,,,,,,,,,,,,,,
,,,,,,,,,,246,580,,,,,,,,,,,,,,,,,,,,,, ,,,,,,,,,,,,,,,,,,,,,,,,,,,,,,,,,,,,,,,,,,,,,,,,
,,,,,,,,,,246,580,,,,,,,,,,,,,,,,,,,,,, ,,,,,,,,,,,,,,,,,,,,,,,,,,,,,,,,,,,,,,,,,,,,,,,,
,,,,,,,,,,246,580,,,,,,,,,,,,,,,,,,,,,, ,,,,,,,,,,,,,,,,,,,,,,,,,,,,,,,,,,,,,,,,,,,,,,,,
,,,,,,,,,,246,580,,,,,,,,,,,,,,,,,,,,,, ,,,,,,,,,,,,,,,,,,,,,,,,,,,,,,,,,,,,,,,,,,,,,,,,
,,,,,,,,,,246,580,,,,,,,,,,,,,,,,,,,,,, ,,,,,,,,,,,,,,,,,,,,,,,,,,,,,,,,,,,,,,,,,,,,,,,,
,,,,,,,,,,246,580,,,,,,,,,,,,,,,,,,,,,, ,,,,,,,,,,,,,,,,,,,,,,,,,,,,,,,,,,,,,,,,,,,,,,,,
,,,,,,,,,,246,580,,,,,,,,,,,,,,,,,,,,,, ,,,,,,,,,,,,,,,,,,,,,,,,,,,,,,,,,,,,,,,,,,,,,,,,
,,,,,,,,,,246,580,,,,,,,,,,,,,,,,,,,,,, ,,,,,,,,,,,,,,,,,,,,,,,,,,,,,,,,,,,,,,,,,,,,,,,,
,,,,,,,,,,246,580,,,,,,,,,,,,,,,,,,,,,, ,,,,,,,,,,,,,,,,,,,,,,,,,,,,,,,,,,,,,,,,,,,,,,,,
Wooden Wheels,3Ddata\PAT\CART\WHEEL\cart01_WHEEL01.txt,2,,531,112000,0,10,30,2230,246,580,21,1,1021,30,21,30,,,,,,,19,8,,21,3,28,,,,131,20,,,,,,281,261,,,,,,,,302,671,,,,,,,,,,,,,,,,,,,,,,1,,,,,2186,,,,LPAT201
Carbon Wheels,3Ddata\PAT\CART\WHEEL\cart01_WHEEL02.txt,2,,531,145900,0,10,34,2231,246,580,21,1,1022,35,21,34,,,,,,,19,10,,21,4,30,,,,134,25,,,,,,281,261,,,,,,,,302,671,,,,,,,,,,,,,,,,,,,,,,1,,,,,2186,,,,LPAT202
Rapid Wheels,3Ddata\PAT\CART\WHEEL\cart01_WHEEL03.txt,2,,531,185500,0,10,38,2232,246,580,21,2,1023,40,21,38,,,,,,,19,11,,21,4,32,,,,138,30,,,,,,281,261,,,,,,,,302,671,,,,,,,,,,,,,,,,,,,,,,1,,,,,2186,,,,LPAT203
Steel Wheels,3Ddata\PAT\CART\WHEEL\cart01_WHEEL04.txt,2,,531,233100,0,10,42,2682,246,580,21,2,1024,45,21,42,,,,,,,19,13,,21,5,35,,,,142,35,,,,,,281,261,,,,,,,,302,671,,,,,,,,,,,,,,,,,,,,,,1,,,,,2186,,,,LPAT304
Tomahawk Wheels,3Ddata\PAT\CART\WHEEL\cart01_WHEEL05.txt,2,,531,285700,0,10,46,2681,246,580,21,4,1025,50,21,46,,,,,,,19,14,,21,6,37,,,,145,40,,,,,,281,261,,,,,,,,302,671,,,,,,,,,,,,,,,,,,,,,,1,,,,,2186,,,,LPAT302
Halloween Wheels,3Ddata\PAT\CART\WHEEL\cart01_HALLWHEEL01.txt,2,,531,174500,0,10,50,2349,246,580,,,,,21,50,,,,,,,,,,,,50,,,,136,40,,,,,,281,261,,,,,,,,302,671,,,,,,,,,,,,,,,,,,,,,,1,,,,,2186,,,,LPAT206
,,2,,531,,,5,54,,246,580,,4,,,21,54,,,,,,,19,18,,21,7,41,,,,152,,,,,,,,,,,,,,,,302,671,,,,,,,,,,,,,,,,,,,,,,,,,,,,,,,
,,2,,531,,,5,58,,246,580,,4,,,21,58,,,,,,,19,19,,21,8,43,,,,155,,,,,,,,,,,,,,,,302,671,,,,,,,,,,,,,,,,,,,,,,,,,,,,,,,
,,2,,531,,,5,62,,246,580,,5,,,21,62,,,,,,,19,21,,21,8,45,,,,157,,,,,,,,,,,,,,,,302,671,,,,,,,,,,,,,,,,,,,,,,,,,,,,,,,
,,2,,531,,,5,66,,246,580,,5,,,21,66,,,,,,,19,22,,21,9,48,,,,160,,,,,,,,,,,,,,,,302,671,,,,,,,,,,,,,,,,,,,,,,,,,,,,,,,
,,2,,531,,,5,70,,246,580,,6,,,21,70,,,,,,,19,24,,21,10,50,,,,162,,,,,,,,,,,,,,,,302,671,,,,,,,,,,,,,,,,,,,,,,,,,,,,,,,
,,2,,531,,,5,74,,246,580,,6,,,21,74,,,,,,,19,26,,21,10,52,,,,164,,,,,,,,,,,,,,,,302,671,,,,,,,,,,,,,,,,,,,,,,,,,,,,,,,
,,2,,531,,,5,78,,246,580,,7,,,21,78,,,,,,,19,27,,21,11,54,,,,166,,,,,,,,,,,,,,,,302,671,,,,,,,,,,,,,,,,,,,,,,,,,,,,,,,
,,2,,531,,,5,82,,246,580,,7,,,21,82,,,,,,,19,29,,21,12,56,,,,169,,,,,,,,,,,,,,,,302,671,,,,,,,,,,,,,,,,,,,,,,,,,,,,,,,
,,2,,531,,,5,86,,246,580,,8,,,21,86,,,,,,,19,30,,21,12,58,,,,171,,,,,,,,,,,,,,,,302,671,,,,,,,,,,,,,,,,,,,,,,,,,,,,,,,
,,2,,531,,,5,90,,246,580,,8,,,21,90,,,,,,,19,32,,21,13,60,,,,174,,,,,,,,,,,,,,,,302,671,,,,,,,,,,,,,,,,,,,,,,,,,,,,,,,
,,2,,531,,,5,92,,246,580,,9,,,21,92,,,,,,,19,33,,21,13,62,,,, ,,,,,,,,,,,,,,,,302,671,,,,,,,,,,,,,,,,,,,,,,,,,,,,,,,
,,2,,531,,,5,94,,246,580,,9,,,21,94,,,,,,,19,34,,21,13,63,,,, ,,,,,,,,,,,,,,,,302,671,,,,,,,,,,,,,,,,,,,,,,,,,,,,,,,
,,2,,531,,,5,96,,246,580,,10,,,21,96,,,,,,,19,34,,21,14,64,,,, ,,,,,,,,,,,,,,,,302,671,,,,,,,,,,,,,,,,,,,,,,,,,,,,,,,
,,2,,531,,,5,98,,246,580,,10,,,21,98,,,,,,,19,35,,21,14,65,,,, ,,,,,,,,,,,,,,,,302,671,,,,,,,,,,,,,,,,,,,,,,,,,,,,,,,
P.I.G. Wheels,3Ddata\PAT\CART\WHEEL\cart01_WHEEL05.txt,2,6,531,0,,10,30,2240,246,580,,,,,21,30,,,,,,,19,8,,21,3,28,,,,131,20,,,,,,281,261,,,,,,,,302,671,,,,,,,,,,,,,,,,,,,,,,1,,,,,2186,,,,LPAT221
Bull Wheels,3Ddata\PAT\CART\WHELL\NIUCHE_LUN.txt,2,,531,305400,,10,48,2226,246,580,21,6,1044,60,21,46,,,,,,,19,16,,21,7,29,,,,147,20,,,,,,281,261,,,,,,,,302,671,,,,,,,,,,,,,,,,,,,,,,1,,,,,2186,,,,LPAT222
GM Wheels,3Ddata\PAT\CART\WHELL\gmwhell.txt,2,6,531,1000,,10,30,2227,246,580,,,,,21,30,,,,,,,19,8,,21,3,29,,,,131,20,,,,,,281,261,,,,,,,,302,672,,,,,,,,,,,,,,,,,,,,,,1,,,,,2186,,,,LPAT223
,,2,,531,,,5,36,,246,580,,,,,21,36,,,,,,,19,10,,21,4,31,,,, ,,,,,,,,,,,,,,,,302,671,,,,,,,,,,,,,,,,,,,,,,,,,,,,,,,
,,2,,531,,,5,38,,246,580,,,,,21,38,,,,,,,19,11,,21,4,32,,,, ,,,,,,,,,,,,,,,,302,671,,,,,,,,,,,,,,,,,,,,,,,,,,,,,,,
,,2,,531,,,5,40,,246,580,,,,,21,40,,,,,,,19,12,,21,5,33,,,, ,,,,,,,,,,,,,,,,302,671,,,,,,,,,,,,,,,,,,,,,,,,,,,,,,,
,,2,,531,,,5,42,,246,580,,,,,21,42,,,,,,,19,13,,21,5,35,,,, ,,,,,,,,,,,,,,,,302,671,,,,,,,,,,,,,,,,,,,,,,,,,,,,,,,
,,2,,531,,,5,44,,246,580,,,,,21,44,,,,,,,19,14,,21,5,36,,,, ,,,,,,,,,,,,,,,,302,671,,,,,,,,,,,,,,,,,,,,,,,,,,,,,,,
,,2,,531,,,5,46,,246,580,,,,,21,46,,,,,,,19,14,,21,6,37,,,, ,,,,,,,,,,,,,,,,302,671,,,,,,,,,,,,,,,,,,,,,,,,,,,,,,,
Classic Stand Leg,,2,,531,,,5,48,,246,580,,,,,21,48,,,,,,,19,15,,21,6,38,,,, ,,,,,,,,,,,,,,,,302,671,,,,,,,,,,,,,,,,,,,,,,,,,,,,,,,
Stand Leg,3Ddata\PAT\CastleGear\CastleGear02\LEG\CastleGear02_LEG01.txt,2,,532,219500,0,30,30,5419,246,580,22,1,1071,51,31,30,,,,,,,19,90,,21,35,41,,,,30,,,,,,,,,,,,,,,,1251,701,,,,,,,,,,,,,,,,,,,,,,2,,,,,2188,,,,LPAT231
Runihol Leg,3Ddata\PAT\CastleGear\CastleGear02\LEG\CastleGear02_LEG01.txt,2,,532,246700,0,30,34,2244,246,580,22,1,1072,56,31,34,,,,,,,19,100,,21,40,44,,,,30,,,,,,,,,,,,,,,,1251,701,,,,,,,,,,,,,,,,,,,,,,2,,,,,2188,,,,LPAT232
Black Stand Leg,3Ddata\PAT\CastleGear\CastleGear02\LEG\CastleGear02_LEG01.txt,2,,532,219500,0,30,30,5447,246,580,91,1,1727,1,31,30,,,,,,,19,90,,21,35,41,,,,30,,,,,,,,,,,,,,,,1251,701,,,,,,,,,,,,,,,,,,,,,,2,,,,,2188,,,,LPAT234
Blue Stand Leg,3Ddata\PAT\CastleGear\CastleGear02\LEG\CastleGear02_LEG01.txt,2,,532,219500,0,30,30,5448,246,580,91,1,1728,1,31,30,,,,,,,19,90,,21,35,41,,,,30,,,,,,,,,,,,,,,,1251,701,,,,,,,,,,,,,,,,,,,,,,2,,,,,2188,,,,LPAT235
Green Stand Leg,3Ddata\PAT\CastleGear\CastleGear02\LEG\CastleGear02_LEG01.txt,2,,532,219500,0,30,30,5449,246,580,91,1,1729,1,31,30,,,,,,,19,90,,21,35,41,,,,30,,,,,,,,,,,,,,,,1251,701,,,,,,,,,,,,,,,,,,,,,,2,,,,,2188,,,,LPAT236
Pink Stand Leg,3Ddata\PAT\CastleGear\CastleGear02\LEG\CastleGear02_LEG01.txt,2,,532,219500,0,30,30,5450,246,580,91,1,1730,1,31,30,,,,,,,19,90,,21,35,41,,,,30,,,,,,,,,,,,,,,,1251,701,,,,,,,,,,,,,,,,,,,,,,2,,,,,2188,,,,LPAT237
Purple Stand Leg,3Ddata\PAT\CastleGear\CastleGear02\LEG\CastleGear02_LEG01.txt,2,,532,219500,0,30,30,5451,246,580,91,1,1731,1,31,30,,,,,,,19,90,,21,35,41,,,,30,,,,,,,,,,,,,,,,1251,701,,,,,,,,,,,,,,,,,,,,,,2,,,,,2188,,,,LPAT238
Red Stand Leg,3Ddata\PAT\CastleGear\CastleGear02\LEG\CastleGear02_LEG01.txt,2,,532,219500,0,30,30,5452,246,580,91,1,1732,1,31,30,,,,,,,19,90,,21,35,41,,,,30,,,,,,,,,,,,,,,,1251,701,,,,,,,,,,,,,,,,,,,,,,2,,,,,2188,,,,LPAT239
White Stand Leg,3Ddata\PAT\CastleGear\CastleGear02\LEG\CastleGear02_LEG01.txt,2,,532,219500,0,30,30,5453,246,580,91,1,1733,1,31,30,,,,,,,19,90,,21,35,41,,,,30,,,,,,,,,,,,,,,,1251,701,,,,,,,,,,,,,,,,,,,,,,2,,,,,2188,,,,LPAT243
Oro Leg,3Ddata\PAT\CastleGear\CastleGear15\LEG\CGL_F02400.txt,2,,532,312900,0,30,50,2163,246,580,22,3,1073,60,31,39,,,,,,,19,110,,21,45,41,,,,30,,,,,,,,,,,,,,,,1251,701,,,,,,,,,,,,,,,,,,,,,,2,,,,,2188,,,,LPAT240
Oro Core,3Ddata\PAT\CastleGear\CastleGear15\BODY\CGB_F02410.txt,0,,512,628400,0,40,50,2162,246,580,22,3,1053,72,31,40,,,,31,90,,19,370,,21,75,52,,,30, ,,,,,,,311,261,,,,,,,700,,,,,,,,,,,,,,,,,,,5000,,,,,2,,,,,2188,,,,LPAT241
Oro Arms,3Ddata\PAT\CastleGear\CastleGear15\ARMS\CGA_F02420.txt,4,,552,499200,0,30,50,2164,246,580,22,3,1086,63,31,35,,,,,,,18,180,,26,50,73,,,3, ,,300,350,9,,,0,,,,,,,,,,,131,702,520,125,,,,,,,,,,,,,,,,,,2,,,,,2188,,,,LPAT242
Yellow Stand Leg,3Ddata\PAT\CastleGear\CastleGear02\LEG\CastleGear02_LEG01.txt,2,,532,219500,0,30,30,5454,246,580,91,1,1734,1,31,30,,,,,,,19,90,,21,35,41,,,,30,,,,,,,,,,,,,,,,1251,701,,,,,,,,,,,,,,,,,,,,,,2,,,,,2188,,,,LPAT244
Black Runihol Leg,3Ddata\PAT\CastleGear\CastleGear02\LEG\CastleGear02_LEG01.txt,2,,532,246700,0,30,34,5460,246,580,91,1,1736,1,31,34,,,,,,,19,100,,21,40,44,,,,30,,,,,,,,,,,,,,,,1251,701,,,,,,,,,,,,,,,,,,,,,,2,,,,,2188,,,,LPAT245
Blue Runihol Leg,3Ddata\PAT\CastleGear\CastleGear02\LEG\CastleGear02_LEG01.txt,2,,532,246700,0,30,34,5461,246,580,91,1,1737,1,31,34,,,,,,,19,100,,21,40,44,,,,30,,,,,,,,,,,,,,,,1251,701,,,,,,,,,,,,,,,,,,,,,,2,,,,,2188,,,,LPAT246
Green Runihol Leg,3Ddata\PAT\CastleGear\CastleGear02\LEG\CastleGear02_LEG01.txt,2,,532,246700,0,30,34,5462,246,580,91,1,1738,1,31,34,,,,,,,19,100,,21,40,44,,,,30,,,,,,,,,,,,,,,,1251,701,,,,,,,,,,,,,,,,,,,,,,2,,,,,2188,,,,LPAT247
Pink Runihol Leg,3Ddata\PAT\CastleGear\CastleGear02\LEG\CastleGear02_LEG01.txt,2,,532,246700,0,30,34,5463,246,580,91,1,1739,1,31,34,,,,,,,19,100,,21,40,44,,,,30,,,,,,,,,,,,,,,,1251,701,,,,,,,,,,,,,,,,,,,,,,2,,,,,2188,,,,LPAT248
Purple Runihol Leg,3Ddata\PAT\CastleGear\CastleGear02\LEG\CastleGear02_LEG01.txt,2,,532,246700,0,30,34,5464,246,580,91,1,1740,1,31,34,,,,,,,19,100,,21,40,44,,,,30,,,,,,,,,,,,,,,,1251,701,,,,,,,,,,,,,,,,,,,,,,2,,,,,2188,,,,LPAT249
Red Runihol Leg,3Ddata\PAT\CastleGear\CastleGear02\LEG\CastleGear02_LEG01.txt,2,,532,246700,0,30,34,5465,246,580,91,1,1741,1,31,34,,,,,,,19,100,,21,40,44,,,,30,,,,,,,,,,,,,,,,1251,701,,,,,,,,,,,,,,,,,,,,,,2,,,,,2188,,,,LPAT250
White Runihol Leg,3Ddata\PAT\CastleGear\CastleGear02\LEG\CastleGear02_LEG01.txt,2,,532,246700,0,30,34,5466,246,580,91,1,1742,1,31,34,,,,,,,19,100,,21,40,44,,,,30,,,,,,,,,,,,,,,,1251,701,,,,,,,,,,,,,,,,,,,,,,2,,,,,2188,,,,LPAT251
Yellow Runihol Leg,3Ddata\PAT\CastleGear\CastleGear02\LEG\CastleGear02_LEG01.txt,2,,532,246700,0,30,34,5467,246,580,91,1,1743,1,31,34,,,,,,,19,100,,21,40,44,,,,30,,,,,,,,,,,,,,,,1251,701,,,,,,,,,,,,,,,,,,,,,,2,,,,,2188,,,,LPAT252
Oro Black Leg,3Ddata\PAT\CastleGear\CastleGear15\LEG\CGL_F02400.txt,2,,532,312900,0,30,50,5473,246,580,91,1,1745,1,31,39,,,,,,,19,110,,21,45,41,,,,30,,,,,,,,,,,,,,,,1251,701,,,,,,,,,,,,,,,,,,,,,,2,,,,,2188,,,,LPAT253
Oro Blue Leg,3Ddata\PAT\CastleGear\CastleGear15\LEG\CGL_F02400.txt,2,,532,312900,0,30,50,5474,246,580,91,1,1746,1,31,39,,,,,,,19,110,,21,45,41,,,,30,,,,,,,,,,,,,,,,1251,701,,,,,,,,,,,,,,,,,,,,,,2,,,,,2188,,,,LPAT254
Oro Green Leg,3Ddata\PAT\CastleGear\CastleGear15\LEG\CGL_F02400.txt,2,,532,312900,0,30,50,5475,246,580,91,1,1747,1,31,39,,,,,,,19,110,,21,45,41,,,,30,,,,,,,,,,,,,,,,1251,701,,,,,,,,,,,,,,,,,,,,,,2,,,,,2188,,,,LPAT255
Oro Pink Leg,3Ddata\PAT\CastleGear\CastleGear15\LEG\CGL_F02400.txt,2,,532,312900,0,30,50,5476,246,580,91,1,1748,1,31,39,,,,,,,19,110,,21,45,41,,,,30,,,,,,,,,,,,,,,,1251,701,,,,,,,,,,,,,,,,,,,,,,2,,,,,2188,,,,LPAT256
Oro Purple Leg,3Ddata\PAT\CastleGear\CastleGear15\LEG\CGL_F02400.txt,2,,532,312900,0,30,50,5477,246,580,91,1,1749,1,31,39,,,,,,,19,110,,21,45,41,,,,30,,,,,,,,,,,,,,,,1251,701,,,,,,,,,,,,,,,,,,,,,,2,,,,,2188,,,,LPAT257
Oro Yellow Leg,3Ddata\PAT\CastleGear\CastleGear15\LEG\CGL_F02400.txt,2,,532,312900,0,30,50,5479,246,580,91,1,1750,1,31,39,,,,,,,19,110,,21,45,41,,,,30,,,,,,,,,,,,,,,,1251,701,,,,,,,,,,,,,,,,,,,,,,2,,,,,2188,,,,LPAT258
Oro White Leg,3Ddata\PAT\CastleGear\CastleGear15\LEG\CGL_F02400.txt,2,,532,312900,0,30,50,5478,246,580,91,1,1751,1,31,39,,,,,,,19,110,,21,45,41,,,,30,,,,,,,,,,,,,,,,1251,701,,,,,,,,,,,,,,,,,,,,,,2,,,,,2188,,,,LPAT259
,,,,,,,,,,,580,,,,,,,,,,,,,,100,,,,,,,, ,,,,,,,,,,,,,,,,1251,701,,,,,,,,,,,,,,,,,,,,,,,,,,,,,,,
Ferrel Guild Leg,3Ddata\PAT\CastleGear\CastleGear02\LEG\CastleGear02_LEG01.txt,2,,532,219500,0,30,30,5419,246,580,,,,,31,30,,,,,,,19,90,,21,35,41,,,,30,,,,,,,,,,,,,,,,1251,701,,,,,,,,,,,,,,,,,,,,,,2,,,,,2188,,,,LPAT260
Arumic Leg,3Ddata\PAT\CastleGear\CastleGear02\LEG\CastleGear02_LEG01.txt,2,,532,219500,0,30,30,5419,246,580,,,,,31,30,,,,,,,19,90,,21,35,41,,,,30,,,,,,,,,,,,,,,,1251,701,,,,,,,,,,,,,,,,,,,,,,2,,,,,2188,,,,LPAT261
Righteous Leg,3Ddata\PAT\CastleGear\CastleGear02\LEG\CastleGear02_LEG01.txt,2,,532,219500,0,30,30,5419,246,580,,,,,31,30,,,,,,,19,90,,21,35,41,,,,30,,,,,,,,,,,,,,,,1251,701,,,,,,,,,,,,,,,,,,,,,,2,,,,,2188,,,,LPAT262
Junon Order Leg,3Ddata\PAT\CastleGear\CastleGear02\LEG\CastleGear02_LEG01.txt,2,,532,219500,0,30,30,5419,246,580,,,,,31,30,,,,,,,19,90,,21,35,41,,,,30,,,,,,,,,,,,,,,,1251,701,,,,,,,,,,,,,,,,,,,,,,2,,,,,2188,,,,LPAT263
Armored Beetle Core,3Ddata\PAT\CastleGear\Beetlegear\body\beetlegearbody_black_0920_cr.txt,0,,512,784410,0,50,55,8346,246,580,22,3,1055,72,31,40,,,,31,90,,19,370,,21,75,62,0,,30, ,,,,,,,311,261,,,,,,,700,,,,,,,,,,,,,,,,,,,5000,,,,,2,,,,,2188,,,,LPAT264
Armored Beetle Leg,3Ddata\PAT\CastleGear\Beetlegear\leg\beetlegearfoot_black_0920_cr.txt,2,,532,784410,0,30,55,8347,246,580,22,3,1075,60,31,39,,,,,,,19,110,,21,45,58,,,,30,,,,,,,,,,,,,,,,1251,701,,,,,,,,,,,,,,,,,,,,,,2,,,,,2188,,,,LPAT265
Armored Beetle Arms,3Ddata\PAT\CastleGear\Beetlegear\Arms\beetlegearhand_black_0920_cr.txt,4,,552,784410,0,30,55,8348,246,580,22,3,1089,63,31,35,,,,,,,18,180,,26,50,59,,,3, ,,300,350,9,,,0,261,,,,,,,,,,131,702,520,125,,,,,,,,,,,,,,,,,,2,,,,,2188,,,,LPAT266
Ramesses Core Test,3Ddata\PAT\CastleGear\Beetlegear\body\beetlegearbody_black_0920_cr.txt,0,,512,784410,0,50,55,8346,246,580,,,,,31,40,,,,31,90,,19,370,,21,75,62,0,,30, ,,,,,,,311,261,,,,,,,700,,,,,,,,,,,,,,,,,,,5000,,,,,2,,,,,2188,,,,LPAT267
Ramesses Leg Test,3Ddata\PAT\CastleGear\Beetlegear\leg\beetlegearfoot_black_0920_cr.txt,2,,532,784410,0,30,55,8347,246,580,,,,,31,30,,,,,,,19,110,,21,45,58,,,,30,,,,,,,,,,,,,,,,1251,701,,,,,,,,,,,,,,,,,,,,,,2,,,,,2188,,,,LPAT268
Ramesses Arms Test,3Ddata\PAT\CastleGear\Beetlegear\Arms\beetlegearhand_black_0920_cr.txt,4,,552,784410,0,30,55,8348,246,580,,,,,31,35,,,,,,,18,180,,26,50,59,,,5, ,,600,410,10,,,4,261,,,,,,,,,,131,704,520,125,,,,,,,,,,,,,,,,,,2,,101,,,2188,,,,LPAT269
Armored Beetle Blades,3Ddata\PAT\CastleGear\Beetlegear\Arms\beetlegearhand_black_0920_cr.txt,4,,552,784410,0,30,55,8554,246,580,22,3,1090,65,31,35,,,,,,,18,200,,26,55,60,,,3, ,,500,380,8,,,0,261,,,,,,,,,,131,702,702,125,,,,,,,,,,,,,,,,,,2,,,,,2188,,,,LPAT270
Heavygear Wheels,,2,,532,219500,0,30,53,8842,246,580,22,4,1076,58,32,41,,,,,,,19,70,,21,15,41,,,,65,,,,,,,,,,,,,,,,,,,,,,,,,,,,,,,,,,,,,,,2,,,,,,,,,LPAT271
Blue Armored Beetle Core,3Ddata\PAT\CastleGear\Beetlegear\body\beetlegearbody_black_0920_cr.txt,0,,512,784410,0,50,55,9479,246,580,91,1,1691,1,31,40,,,,31,90,,19,370,,21,75,62,0,,30, ,,,,,,,311,261,,,,,,,700,,,,,,,,,,,,,,,,,,,5000,,,,,2,,,,,2188,,,,LPAT272
Blue Armored Beetle Leg,3Ddata\PAT\CastleGear\Beetlegear\leg\beetlegearfoot_black_0920_cr.txt,2,,532,784410,0,30,55,9480,246,580,91,1,1692,1,31,39,,,,,,,19,110,,21,45,58,,,,30,,,,,,,,,,,,,,,,1251,701,,,,,,,,,,,,,,,,,,,,,,2,,,,,2188,,,,LPAT273
,,,,,,,,,,246,580,,,,,,,,,,,,,,,,,,,,,, ,,,,,,,,,,,,,,,,,,,,,,,,,,,,,,,,,,,,,,,,,,,,,,,,
Red Armored Beetle Core,3Ddata\PAT\CastleGear\Beetlegear\body\beetlegearbody_black_0920_cr.txt,0,,512,784410,0,50,55,9482,246,580,91,1,1694,1,31,40,,,,31,90,,19,370,,21,75,62,0,,30, ,,,,,,,311,261,,,,,,,700,,,,,,,,,,,,,,,,,,,5000,,,,,2,,,,,2188,,,,LPAT275
Red Armored Beetle Leg,3Ddata\PAT\CastleGear\Beetlegear\leg\beetlegearfoot_black_0920_cr.txt,2,,532,784410,0,30,55,9483,246,580,91,1,1695,1,31,39,,,,,,,19,110,,21,45,58,,,,30,,,,,,,,,,,,,,,,1251,701,,,,,,,,,,,,,,,,,,,,,,2,,,,,2188,,,,LPAT276
,,,,,,,,,,246,580,,,,,,,,,,,,,,,,,,,,,, ,,,,,,,,,,,,,,,,,,,,,,,,,,,,,,,,,,,,,,,,,,,,,,,,
White Armored Beetle Core,3Ddata\PAT\CastleGear\Beetlegear\body\beetlegearbody_black_0920_cr.txt,0,,512,784410,0,50,55,9485,246,580,91,1,1697,1,31,40,,,,31,90,,19,370,,21,75,62,0,,30, ,,,,,,,311,261,,,,,,,700,,,,,,,,,,,,,,,,,,,5000,,,,,2,,,,,2188,,,,LPAT278
White Armored Beetle Leg,3Ddata\PAT\CastleGear\Beetlegear\leg\beetlegearfoot_black_0920_cr.txt,2,,532,784410,0,30,55,9486,246,580,91,1,1698,1,31,39,,,,,,,19,110,,21,45,58,,,,30,,,,,,,,,,,,,,,,1251,701,,,,,,,,,,,,,,,,,,,,,,2,,,,,2188,,,,LPAT279
,,,,,,,,,,246,580,,,,,,,,,,,,,,,,,,,,,, ,,,,,,,,,,,,,,,,,,,,,,,,,,,,,,,,,,,,,,,,,,,,,,,,
Admonishment Gear Core,3Ddata\PAT\CastleGear\Castlegear_eins\body\castlegear_eins_body_arua_151029_CR.txt,0,,512,994450,0,50,55,9668,246,580,22,3,1057,72,31,40,,,,31,90,,19,370,,21,75,62,0,,30, ,,,,,,,311,261,,,,,,,700,,,,,,,,,,,,,,,,,,,5000,,,,,2,,,,,2188,,,,LPAT281
Admonishment Gear Legs,3Ddata\PAT\CastleGear\Castlegear_eins\legs\castlegear_eins_legs_arua_151029_CR.txt,2,,532,994450,0,30,55,9669,246,580,22,3,1077,60,31,39,,,,,,,19,110,,21,45,58,,,,30,,,,,,,,,,,,,,,,1251,701,,,,,,,,,,,,,,,,,,,,,,2,,,,,2188,,,,LPAT282
Admonishment Gear Arms,3Ddata\PAT\CastleGear\Castlegear_eins\arms\castlegear_eins_arms_arua_151029_CR.txt,4,,552,994450,0,30,55,9670,246,580,22,3,1092,63,31,35,,,,,,,18,180,,26,50,59,,,3, ,,300,350,9,,,0,261,,,,,,,,,,131,702,520,125,,,,,,,,,,,,,,,,,,2,,,,,2188,,,,LPAT283
,,,,,,,,,,246,580,,,,,,,,,,,,,,,,,,,,,, ,,,,,,,,,,,,,,,,,,,,,,,,,,,,,,,,,,,,,,,,,,,,,,,,
,,,,,,,,,,246,580,,,,,,,,,,,,,,,,,,,,,, ,,,,,,,,,,,,,,,,,,,,,,,,,,,,,,,,,,,,,,,,,,,,,,,,
,,,,,,,,,,246,580,,,,,,,,,,,,,,,,,,,,,, ,,,,,,,,,,,,,,,,,,,,,,,,,,,,,,,,,,,,,,,,,,,,,,,,
,,,,,,,,,,246,580,,,,,,,,,,,,,,,,,,,,,, ,,,,,,,,,,,,,,,,,,,,,,,,,,,,,,,,,,,,,,,,,,,,,,,,
,,,,,,,,,,246,580,,,,,,,,,,,,,,,,,,,,,, ,,,,,,,,,,,,,,,,,,,,,,,,,,,,,,,,,,,,,,,,,,,,,,,,
,,,,,,,,,,246,580,,,,,,,,,,,,,,,,,,,,,, ,,,,,,,,,,,,,,,,,,,,,,,,,,,,,,,,,,,,,,,,,,,,,,,,
,,,,,,,,,,246,580,,,,,,,,,,,,,,,,,,,,,, ,,,,,,,,,,,,,,,,,,,,,,,,,,,,,,,,,,,,,,,,,,,,,,,,
,,,,,,,,,,246,580,,,,,,,,,,,,,,,,,,,,,, ,,,,,,,,,,,,,,,,,,,,,,,,,,,,,,,,,,,,,,,,,,,,,,,,
,,,,,,,,,,246,580,,,,,,,,,,,,,,,,,,,,,, ,,,,,,,,,,,,,,,,,,,,,,,,,,,,,,,,,,,,,,,,,,,,,,,,
,,,,,,,,,,246,580,,,,,,,,,,,,,,,,,,,,,, ,,,,,,,,,,,,,,,,,,,,,,,,,,,,,,,,,,,,,,,,,,,,,,,,
,,,,,,,,,,246,580,,,,,,,,,,,,,,,,,,,,,, ,,,,,,,,,,,,,,,,,,,,,,,,,,,,,,,,,,,,,,,,,,,,,,,,
,,,,,,,,,,246,580,,,,,,,,,,,,,,,,,,,,,, ,,,,,,,,,,,,,,,,,,,,,,,,,,,,,,,,,,,,,,,,,,,,,,,,
,,,,,,,,,,246,580,,,,,,,,,,,,,,,,,,,,,, ,,,,,,,,,,,,,,,,,,,,,,,,,,,,,,,,,,,,,,,,,,,,,,,,
,,,,,,,,,,246,580,,,,,,,,,,,,,,,,,,,,,, ,,,,,,,,,,,,,,,,,,,,,,,,,,,,,,,,,,,,,,,,,,,,,,,,
,,,,,,,,,,246,580,,,,,,,,,,,,,,,,,,,,,, ,,,,,,,,,,,,,,,,,,,,,,,,,,,,,,,,,,,,,,,,,,,,,,,,
,,,,,,,,,,246,580,,,,,,,,,,,,,,,,,,,,,, ,,,,,,,,,,,,,,,,,,,,,,,,,,,,,,,,,,,,,,,,,,,,,,,,
,,,,,,,,,,246,580,,,,,,,,,,,,,,,,,,,,,, ,,,,,,,,,,,,,,,,,,,,,,,,,,,,,,,,,,,,,,,,,,,,,,,,
????????????B,,3,,551,204100,0,5,30,2256,246,580,,1,,,21,30,,,,,,,19,4,,,,25,,,, ,,,,,,,,,,,,,,,,,,,,,,,,,,,,,,,,,,,,,,,,,,,,,,,,
????????????,,3,,551,,,5,32,2257,246,580,,1,,,21,32,,,,,,,19,5,,,,26,,,, ,,,,,,,,,,,,,,,,,,,,,,,,,,,,,,,,,,,,,,,,,,,,,,,,
??????????,,3,,551,,,5,34,2258,246,580,,2,,,21,34,,,,,,,19,6,,,,27,,,, ,,,,,,1,,,,,,,,,,,,,,,,,,,,,,,,,,,,,,,,,,,,,,,,,,
,,3,,551,,,5,36,2259,246,580,,2,,,21,36,,,,,,,19,6,,,,27,,,, ,,,,,,,,,,,,,,,,,,,,,,,,,,,,,,,,,,,,,,,,,,,,,,,,
,,3,,551,,,5,38,2260,246,580,,3,,,21,38,,,,,,,19,7,,,,28,,,, ,,,,,,,,,,,,,,,,,,,,,,,,,,,,,,,,,,,,,,,,,,,,,,,,
,,3,,551,,,5,40,,246,580,,3,,,21,40,,,,,,,19,8,,,,29,,,, ,,,,,,,,,,,,,,,,,,,,,,,,,,,,,,,,,,,,,,,,,,,,,,,,
,,3,,551,,,5,42,,246,580,,4,,,21,42,,,,,,,19,9,,,,30,,,, ,,,,,,,,,,,,,,,,,,,,,,,,,,,,,,,,,,,,,,,,,,,,,,,,
,,3,,551,,,5,44,,246,580,,4,,,21,44,,,,,,,19,10,,,,30,,,, ,,,,,,,,,,,,,,,,,,,,,,,,,,,,,,,,,,,,,,,,,,,,,,,,
,,3,,551,,,5,46,,246,580,,4,,,21,46,,,,,,,19,10,,,,31,,,, ,,,,,,,,,,,,,,,,,,,,,,,,,,,,,,,,,,,,,,,,,,,,,,,,
,,3,,551,,,5,48,,246,580,,5,,,21,48,,,,,,,19,11,,,,32,,,, ,,,,,,,,,,,,,,,,,,,,,,,,,,,,,,,,,,,,,,,,,,,,,,,,
Battle Launcher,3Ddata\PAT\CART\ABILITY\cart01_ability05.txt,4,,551,94400,,15,55,2250,246,580,,,,150,21,30,,,,,,,,,,,,34,,,3, ,,3000,100,7,,,8,261,,,,,,,,,,,705,,125,191,,,,,,,,,,,7,,,,0,,1,,103,,,2186,,,,LPAT312
Battle Machine Gun,3Ddata\PAT\CART\ABILITY\cart01_ability06.txt,4,,551,105800,,15,60,2249,246,580,,,,170,21,35,,,,,,,,,,,,36,,,5, ,,2000,200,7,,,9,261,,,,,,,,,,,705,,125,286,,,,,,,,,,,7,,,,0,,1,,104,,,2186,,,,LPAT311
,,3,,551,,,5,54,,246,580,,6,,,21,54,,,,,,,19,14,,,,34,,,, ,,,,,,,,,,,,,,,,,,,,,,,,,,,,,,,,,,,,,,,,,,,,,,,,
,,3,,551,,,5,56,,246,580,,6,,,21,56,,,,,,,19,14,,,,35,,,, ,,,,,,,,,,,,,,,,,,,,,,,,,,,,,,,,,,,,,,,,,,,,,,,,
,,3,,551,,,5,58,,246,580,,6,,,21,58,,,,,,,19,15,,,,35,,,, ,,,,,,,,,,,,,,,,,,,,,,,,,,,,,,,,,,,,,,,,,,,,,,,,
,,3,,551,,,5,60,,246,580,,7,,,21,60,,,,,,,19,16,,,,36,,,, ,,,,,,,,,,,,,,,,,,,,,,,,,,,,,,,,,,,,,,,,,,,,,,,,
,,3,,551,,,5,62,,246,580,,7,,,21,62,,,,,,,19,17,,,,37,,,, ,,,,,,,,,,,,,,,,,,,,,,,,,,,,,,,,,,,,,,,,,,,,,,,,
,,3,,551,,,5,64,,246,580,,7,,,21,64,,,,,,,19,18,,,,37,,,, ,,,,,,,,,,,,,,,,,,,,,,,,,,,,,,,,,,,,,,,,,,,,,,,,
,,3,,551,,,5,66,,246,580,,8,,,21,66,,,,,,,19,18,,,,38,,,, ,,,,,,,,,,,,,,,,,,,,,,,,,,,,,,,,,,,,,,,,,,,,,,,,
,,3,,551,,,5,68,,246,580,,8,,,21,68,,,,,,,19,19,,,,39,,,, ,,,,,,,,,,,,,,,,,,,,,,,,,,,,,,,,,,,,,,,,,,,,,,,,
P.I.G Balloon,3Ddata\PAT\CART\ABILITY\cart01_ability10.txt,3,6,541,0,0,5,30,2241,246,580,,,,,21,30,,,,,,,19,5,,21,5,30,,,, ,,,,,,,,,,,,,,,,,,,,,,,,,,,,,,,,,,,,323,0,,1,,,,,2186,,,,LPAT321
Butterfly Wing Test,,3,6,541,0,0,5,30,2241,246,580,,,,,21,30,,,,,,,19,5,,21,5,30,,,, ,,,,,,,,,,,,,,,,,,,,,,,,,,1270,1271,,,,,,,,,,0,,1,,,,,2186,,,,LPAT322
P.I.G Balloon Preview,,3,,541,,,,,,,,,,,,,,,,,,,,,,,,,,,,, ,,,,,,,,,,,,,,,,,,,,,,,,,,,,,,,,,,,,,,,,,,,,,,,,
,,3,,551,,,5,76,,246,580,,9,,,21,76,,,,,,,19,22,,,,42,,,, ,,,,,,,,,,,,,,,,,,,,,,,,,,,,,,,,,,,,,,,,,,,,,,,,
,,3,,551,,,5,78,,246,580,,9,,,21,78,,,,,,,19,23,,,,42,,,, ,,,,,,,,,,,,,,,,,,,,,,,,,,,,,,,,,,,,,,,,,,,,,,,,
,,3,,551,,,5,80,,246,580,,9,,,21,80,,,,,,,19,24,,,,43,,,, ,,,,,,,,,,,,,,,,,,,,,,,,,,,,,,,,,,,,,,,,,,,,,,,,
,,3,,551,,,5,82,,246,580,,10,,,21,82,,,,,,,19,25,,,,44,,,, ,,,,,,,,,,,,,,,,,,,,,,,,,,,,,,,,,,,,,,,,,,,,,,,,
,,3,,551,,,5,84,,246,580,,10,,,21,84,,,,,,,19,26,,,,45,,,, ,,,,,,,,,,,,,,,,,,,,,,,,,,,,,,,,,,,,,,,,,,,,,,,,
Crystal Drill Arms,,4,,603,850489,0,30,50,4025,246,580,22,3,1087,78,31,30,,,,,,,,,,,,48,,,2, ,,350,22,10,,,1,261,,,,,,,,,,131,704,99,125,,0,0,0,0,69,69,0,0,69,69,,,,,,,2,,0,,,2188,,,,LPAT329
Wooden Punch Arms,3Ddata\PAT\CastleGear\CastleGear02\ARMS\CastleGear01_ARM01.txt,4,,552,423500,0,30,40,5418,246,580,22,1,1081,50,31,30,,,,,,,18,40,,26,20,52,,,3, ,,300,350,9,,,0,261,,,,,,,,,,131,702,520,125,,,,,,,,,,,,,,,,,,2,,0,,,2188,,,,LPAT330
Punch Arms,3Ddata\PAT\CastleGear\CastleGear02\ARMS\CastleGear02_ARM01.txt,4,,552,423500,0,30,40,2269,246,580,22,1,1081,50,31,30,,,,,,,18,60,,26,25,52,,,3, ,,300,350,9,,,0,261,,,,,,,,,,131,702,520,125,,,,,,,,,,,,,,,,,,2,,0,,,2188,,,,LPAT331
Drill Arms,3Ddata\PAT\CastleGear\CastleGear02\ARMS\CastleGear02_ARM02R.txt,4,,552,499200,0,30,50,2270,246,580,22,1,1082,54,31,30,,,,,,,18,70,,26,30,48,,,4, ,,350,400,10,,,1,261,,,,,,,,,,131,704,520,125,,,,,,,,,,,,,,,,,,2,,0,,,2188,,,,LPAT332
Sword Wheel Arms,3Ddata\PAT\CastleGear\CastleGear02\ARMS\CastleGear02_ARM03R.txt,4,,552,551400,0,30,65,2271,246,580,22,2,1083,59,31,30,,,,,,,18,80,,26,35,50,,,5, ,,300,430,11,,,2,261,,,,,,,,,,131,704,520,125,,,,,,,,,,,,,,,,,,2,,0,,,2188,,,,LPAT333
Cannon Arms,3Ddata\PAT\CastleGear\CastleGear02\ARMS\CastleGear02_ARM04R.txt,4,,552,585700,0,30,60,2272,246,580,22,2,1084,64,31,30,,,,,,,18,90,,26,40,46,,,6, ,,3300,440,12,,,3,261,,,,,,,,,,,705,,125,191,,,,,,,,,,,8,,,,,,2,,0,,,2188,,,,LPAT334
Spear Arms,3Ddata\PAT\CastleGear\CastleGear02\ARMS\CastleGear02_ARM05R.txt,4,,552,604200,0,30,55,2273,246,580,22,2,1085,68,31,30,,,,,,,18,100,,26,45,54,,,5, ,,600,410,10,,,4,261,,,,,,,,,,131,704,520,125,,,,,,,,,,,,,,,,,,2,,0,,,2188,,,,LPAT335
Black Wooden Punch Arms,3Ddata\PAT\CastleGear\CastleGear02\ARMS\CastleGear02_ARM01.txt,4,,552,423500,0,30,40,5486,246,580,91,1,1753,1,31,30,,,,,,,18,40,,26,20,52,,,3, ,,300,350,9,,,0,261,,,,,,,,,,131,702,520,125,,,,,,,,,,,,,,,,,,2,,0,,,2188,,,,LPAT336
Blue Wooden Punch Arms,3Ddata\PAT\CastleGear\CastleGear02\ARMS\CastleGear02_ARM01.txt,4,,552,423500,0,30,40,5487,246,580,91,1,1754,1,31,30,,,,,,,18,40,,26,20,52,,,3, ,,300,350,9,,,0,261,,,,,,,,,,131,702,520,125,,,,,,,,,,,,,,,,,,2,,0,,,2188,,,,LPAT337
Green Wooden Punch Arms,3Ddata\PAT\CastleGear\CastleGear02\ARMS\CastleGear02_ARM01.txt,4,,552,423500,0,30,40,5488,246,580,91,1,1755,1,31,30,,,,,,,18,40,,26,20,52,,,3, ,,300,350,9,,,0,261,,,,,,,,,,131,702,520,125,,,,,,,,,,,,,,,,,,2,,0,,,2188,,,,LPAT338
Pink Wooden Punch Arms,3Ddata\PAT\CastleGear\CastleGear02\ARMS\CastleGear02_ARM01.txt,4,,552,423500,0,30,40,5489,246,580,91,1,1756,1,31,30,,,,,,,18,40,,26,20,52,,,3, ,,300,350,9,,,0,261,,,,,,,,,,131,702,520,125,,,,,,,,,,,,,,,,,,2,,0,,,2188,,,,LPAT339
Purple Wooden Punch Arms,3Ddata\PAT\CastleGear\CastleGear02\ARMS\CastleGear02_ARM01.txt,4,,552,423500,0,30,40,5490,246,580,91,1,1757,1,31,30,,,,,,,18,40,,26,20,52,,,3, ,,300,350,9,,,0,261,,,,,,,,,,131,702,520,125,,,,,,,,,,,,,,,,,,2,,0,,,2188,,,,LPAT340
Red Wooden Punch Arms,3Ddata\PAT\CastleGear\CastleGear02\ARMS\CastleGear02_ARM01.txt,4,,552,423500,0,30,40,5491,246,580,91,1,1758,1,31,30,,,,,,,18,40,,26,20,52,,,3, ,,300,350,9,,,0,261,,,,,,,,,,131,702,520,125,,,,,,,,,,,,,,,,,,2,,0,,,2188,,,,LPAT341
White Wooden Punch Arms,3Ddata\PAT\CastleGear\CastleGear02\ARMS\CastleGear02_ARM01.txt,4,,552,423500,0,30,40,5492,246,580,91,1,1759,1,31,30,,,,,,,18,40,,26,20,52,,,3, ,,300,350,9,,,0,261,,,,,,,,,,131,702,520,125,,,,,,,,,,,,,,,,,,2,,0,,,2188,,,,LPAT342
Yellow Wooden Punch Arms,3Ddata\PAT\CastleGear\CastleGear02\ARMS\CastleGear02_ARM01.txt,4,,552,423500,0,30,40,5493,246,580,91,1,1760,1,31,30,,,,,,,18,40,,26,20,52,,,3, ,,300,350,9,,,0,261,,,,,,,,,,131,702,520,125,,,,,,,,,,,,,,,,,,2,,0,,,2188,,,,LPAT343
Black Punch Arms,3Ddata\PAT\CastleGear\CastleGear02\ARMS\CastleGear02_ARM01.txt,4,,552,423500,0,30,40,5499,246,580,91,1,1762,1,31,30,,,,,,,18,60,,26,25,52,,,3, ,,300,350,9,,,0,261,,,,,,,,,,131,702,520,125,,,,,,,,,,,,,,,,,,2,,0,,,2188,,,,LPAT344
Blue Punch Arms,3Ddata\PAT\CastleGear\CastleGear02\ARMS\CastleGear02_ARM01.txt,4,,552,423500,0,30,40,5500,246,580,91,1,1763,1,31,30,,,,,,,18,60,,26,25,52,,,3, ,,300,350,9,,,0,261,,,,,,,,,,131,702,520,125,,,,,,,,,,,,,,,,,,2,,0,,,2188,,,,LPAT345
Green Punch Arms,3Ddata\PAT\CastleGear\CastleGear02\ARMS\CastleGear02_ARM01.txt,4,,552,423500,0,30,40,5501,246,580,91,1,1764,1,31,30,,,,,,,18,60,,26,25,52,,,3, ,,300,350,9,,,0,261,,,,,,,,,,131,702,520,125,,,,,,,,,,,,,,,,,,2,,0,,,2188,,,,LPAT346
Pink Punch Arms,3Ddata\PAT\CastleGear\CastleGear02\ARMS\CastleGear02_ARM01.txt,4,,552,423500,0,30,40,5502,246,580,91,1,1765,1,31,30,,,,,,,18,60,,26,25,52,,,3, ,,300,350,9,,,0,261,,,,,,,,,,131,702,520,125,,,,,,,,,,,,,,,,,,2,,0,,,2188,,,,LPAT347
Purple Punch Arms,3Ddata\PAT\CastleGear\CastleGear02\ARMS\CastleGear02_ARM01.txt,4,,552,423500,0,30,40,5503,246,580,91,1,1766,1,31,30,,,,,,,18,60,,26,25,52,,,3, ,,300,350,9,,,0,261,,,,,,,,,,131,702,520,125,,,,,,,,,,,,,,,,,,2,,0,,,2188,,,,LPAT348
Red Punch Arms,3Ddata\PAT\CastleGear\CastleGear02\ARMS\CastleGear02_ARM01.txt,4,,552,423500,0,30,40,5504,246,580,91,1,1767,1,31,30,,,,,,,18,60,,26,25,52,,,3, ,,300,350,9,,,0,261,,,,,,,,,,131,702,520,125,,,,,,,,,,,,,,,,,,2,,0,,,2188,,,,LPAT349
White Punch Arms,3Ddata\PAT\CastleGear\CastleGear02\ARMS\CastleGear02_ARM01.txt,4,,552,423500,0,30,40,5505,246,580,91,1,1768,1,31,30,,,,,,,18,60,,26,25,52,,,3, ,,300,350,9,,,0,261,,,,,,,,,,131,702,520,125,,,,,,,,,,,,,,,,,,2,,0,,,2188,,,,LPAT350
Yellow Punch Arms,3Ddata\PAT\CastleGear\CastleGear02\ARMS\CastleGear02_ARM01.txt,4,,552,423500,0,30,40,5506,246,580,91,1,1769,1,31,30,,,,,,,18,60,,26,25,52,,,3, ,,300,350,9,,,0,261,,,,,,,,,,131,702,520,125,,,,,,,,,,,,,,,,,,2,,0,,,2188,,,,LPAT351
Black Sword Wheel Arms,3Ddata\PAT\CastleGear\CastleGear02\ARMS\CastleGear02_ARM03R.txt,4,,552,551400,0,30,65,2271,246,580,91,1,1771,1,31,30,,,,,,,18,80,,26,35,50,,,5, ,,300,430,11,,,2,261,,,,,,,,,,131,704,520,125,,,,,,,,,,,,,,,,,,2,,108,,,2188,,,,LPAT352
Blue Sword Wheel Arms,3Ddata\PAT\CastleGear\CastleGear02\ARMS\CastleGear02_ARM03R.txt,4,,552,551400,0,30,65,2271,246,580,91,1,1772,1,31,30,,,,,,,18,80,,26,35,50,,,5, ,,300,430,11,,,2,261,,,,,,,,,,131,704,520,125,,,,,,,,,,,,,,,,,,2,,108,,,2188,,,,LPAT353
Green Sword Wheel Arms,3Ddata\PAT\CastleGear\CastleGear02\ARMS\CastleGear02_ARM03R.txt,4,,552,551400,0,30,65,2271,246,580,91,1,1773,1,31,30,,,,,,,18,80,,26,35,50,,,5, ,,300,430,11,,,2,261,,,,,,,,,,131,704,520,125,,,,,,,,,,,,,,,,,,2,,108,,,2188,,,,LPAT354
Pink Sword Wheel Arms,3Ddata\PAT\CastleGear\CastleGear02\ARMS\CastleGear02_ARM03R.txt,4,,552,551400,0,30,65,2271,246,580,91,1,1774,1,31,30,,,,,,,18,80,,26,35,50,,,5, ,,300,430,11,,,2,261,,,,,,,,,,131,704,520,125,,,,,,,,,,,,,,,,,,2,,108,,,2188,,,,LPAT355
Purple Sword Wheel Arms,3Ddata\PAT\CastleGear\CastleGear02\ARMS\CastleGear02_ARM03R.txt,4,,552,551400,0,30,65,2271,246,580,91,1,1775,1,31,30,,,,,,,18,80,,26,35,50,,,5, ,,300,430,11,,,2,261,,,,,,,,,,131,704,520,125,,,,,,,,,,,,,,,,,,2,,108,,,2188,,,,LPAT356
Red Sword Wheel Arms,3Ddata\PAT\CastleGear\CastleGear02\ARMS\CastleGear02_ARM03R.txt,4,,552,551400,0,30,65,2271,246,580,91,1,1776,1,31,30,,,,,,,18,80,,26,35,50,,,5, ,,300,430,11,,,2,261,,,,,,,,,,131,704,520,125,,,,,,,,,,,,,,,,,,2,,108,,,2188,,,,LPAT357
White Sword Wheel Arms,3Ddata\PAT\CastleGear\CastleGear02\ARMS\CastleGear02_ARM03R.txt,4,,552,551400,0,30,65,2271,246,580,91,1,1777,1,31,30,,,,,,,18,80,,26,35,50,,,5, ,,300,430,11,,,2,261,,,,,,,,,,131,704,520,125,,,,,,,,,,,,,,,,,,2,,108,,,2188,,,,LPAT358
Yellow Sword Wheel Arms,3Ddata\PAT\CastleGear\CastleGear02\ARMS\CastleGear02_ARM03R.txt,4,,552,551400,0,30,65,2271,246,580,91,1,1778,1,31,30,,,,,,,18,80,,26,35,50,,,5, ,,300,430,11,,,2,261,,,,,,,,,,131,704,520,125,,,,,,,,,,,,,,,,,,2,,108,,,2188,,,,LPAT359
Black Cannon Arms,3Ddata\PAT\CastleGear\CastleGear02\ARMS\CastleGear02_ARM04R.txt,4,,552,585700,0,30,60,5525,246,580,91,1,1780,1,31,30,,,,,,,18,90,,26,40,46,,,6, ,,3300,440,12,,,3,261,,,,,,,,,,,705,,125,191,,,,,,,,,,,8,,,,,,2,,104,,,2188,,,,LPAT360
Blue Cannon Arms,3Ddata\PAT\CastleGear\CastleGear02\ARMS\CastleGear02_ARM04R.txt,4,,552,585700,0,30,60,5526,246,580,91,1,1781,1,31,30,,,,,,,18,90,,26,40,46,,,6, ,,3300,440,12,,,3,261,,,,,,,,,,,705,,125,191,,,,,,,,,,,8,,,,,,2,,104,,,2188,,,,LPAT361
Green Cannon Arms,3Ddata\PAT\CastleGear\CastleGear02\ARMS\CastleGear02_ARM04R.txt,4,,552,585700,0,30,60,5527,246,580,91,1,1782,1,31,30,,,,,,,18,90,,26,40,46,,,6, ,,3300,440,12,,,3,261,,,,,,,,,,,705,,125,191,,,,,,,,,,,8,,,,,,2,,104,,,2188,,,,LPAT362
Pink Cannon Arms,3Ddata\PAT\CastleGear\CastleGear02\ARMS\CastleGear02_ARM04R.txt,4,,552,585700,0,30,60,5528,246,580,91,1,1783,1,31,30,,,,,,,18,90,,26,40,46,,,6, ,,3300,440,12,,,3,261,,,,,,,,,,,705,,125,191,,,,,,,,,,,8,,,,,,2,,104,,,2188,,,,LPAT363
Purple Cannon Arms,3Ddata\PAT\CastleGear\CastleGear02\ARMS\CastleGear02_ARM04R.txt,4,,552,585700,0,30,60,5529,246,580,91,1,1784,1,31,30,,,,,,,18,90,,26,40,46,,,6, ,,3300,440,12,,,3,261,,,,,,,,,,,705,,125,191,,,,,,,,,,,8,,,,,,2,,104,,,2188,,,,LPAT364
Red Cannon Arms,3Ddata\PAT\CastleGear\CastleGear02\ARMS\CastleGear02_ARM04R.txt,4,,552,585700,0,30,60,5530,246,580,91,1,1785,1,31,30,,,,,,,18,90,,26,40,46,,,6, ,,3300,440,12,,,3,261,,,,,,,,,,,705,,125,191,,,,,,,,,,,8,,,,,,2,,104,,,2188,,,,LPAT365
White Cannon Arms,3Ddata\PAT\CastleGear\CastleGear02\ARMS\CastleGear02_ARM04R.txt,4,,552,585700,0,30,60,5531,246,580,91,1,1786,1,31,30,,,,,,,18,90,,26,40,46,,,6, ,,3300,440,12,,,3,261,,,,,,,,,,,705,,125,191,,,,,,,,,,,8,,,,,,2,,104,,,2188,,,,LPAT366
Yellow Cannon Arms,3Ddata\PAT\CastleGear\CastleGear02\ARMS\CastleGear02_ARM04R.txt,4,,552,585700,0,30,60,5532,246,580,91,1,1787,1,31,30,,,,,,,18,90,,26,40,46,,,6, ,,3300,440,12,,,3,261,,,,,,,,,,,705,,125,191,,,,,,,,,,,8,,,,,,2,,104,,,2188,,,,LPAT367
Black Spear Arms,3Ddata\PAT\CastleGear\CastleGear02\ARMS\CastleGear02_ARM05R.txt,4,,552,604200,0,30,55,5538,246,580,91,1,1789,1,31,30,,,,,,,18,100,,26,45,54,,,5, ,,600,410,10,,,4,261,,,,,,,,,,131,704,520,125,,,,,,,,,,,,,,,,,,2,,101,,,2188,,,,LPAT368
Blue Spear Arms,3Ddata\PAT\CastleGear\CastleGear02\ARMS\CastleGear02_ARM05R.txt,4,,552,604200,0,30,55,5539,246,580,91,1,1790,1,31,30,,,,,,,18,100,,26,45,54,,,5, ,,600,410,10,,,4,261,,,,,,,,,,131,704,520,125,,,,,,,,,,,,,,,,,,2,,101,,,2188,,,,LPAT369
Green Spear Arms,3Ddata\PAT\CastleGear\CastleGear02\ARMS\CastleGear02_ARM05R.txt,4,,552,604200,0,30,55,5540,246,580,91,1,1791,1,31,30,,,,,,,18,100,,26,45,54,,,5, ,,600,410,10,,,4,261,,,,,,,,,,131,704,520,125,,,,,,,,,,,,,,,,,,2,,101,,,2188,,,,LPAT370
Pink Spear Arms,3Ddata\PAT\CastleGear\CastleGear02\ARMS\CastleGear02_ARM05R.txt,4,,552,604200,0,30,55,5541,246,580,91,1,1792,1,31,30,,,,,,,18,100,,26,45,54,,,5, ,,600,410,10,,,4,261,,,,,,,,,,131,704,520,125,,,,,,,,,,,,,,,,,,2,,101,,,2188,,,,LPAT371
Purple Spear Arms,3Ddata\PAT\CastleGear\CastleGear02\ARMS\CastleGear02_ARM05R.txt,4,,552,604200,0,30,55,5542,246,580,91,1,1793,1,31,30,,,,,,,18,100,,26,45,54,,,5, ,,600,410,10,,,4,261,,,,,,,,,,131,704,520,125,,,,,,,,,,,,,,,,,,2,,101,,,2188,,,,LPAT372
Red Spear Arms,3Ddata\PAT\CastleGear\CastleGear02\ARMS\CastleGear02_ARM05R.txt,4,,552,604200,0,30,55,5543,246,580,91,1,1794,1,31,30,,,,,,,18,100,,26,45,54,,,5, ,,600,410,10,,,4,261,,,,,,,,,,131,704,520,125,,,,,,,,,,,,,,,,,,2,,101,,,2188,,,,LPAT373
White Spear Arms,3Ddata\PAT\CastleGear\CastleGear02\ARMS\CastleGear02_ARM05R.txt,4,,552,604200,0,30,55,5544,246,580,91,1,1795,1,31,30,,,,,,,18,100,,26,45,54,,,5, ,,600,410,10,,,4,261,,,,,,,,,,131,704,520,125,,,,,,,,,,,,,,,,,,2,,101,,,2188,,,,LPAT374
Yellow Spear Arms,3Ddata\PAT\CastleGear\CastleGear02\ARMS\CastleGear02_ARM05R.txt,4,,552,604200,0,30,55,5545,246,580,91,1,1796,1,31,30,,,,,,,18,100,,26,45,54,,,5, ,,600,410,10,,,4,261,,,,,,,,,,131,704,520,125,,,,,,,,,,,,,,,,,,2,,101,,,2188,,,,LPAT375
Black Drill Arms,3Ddata\PAT\CastleGear\CastleGear02\ARMS\CastleGear02_ARM02R.txt,4,,552,499200,0,30,50,5512,246,580,91,1,1798,1,31,30,,,,,,,18,70,,26,30,48,,,4, ,,350,400,10,,,1,261,,,,,,,,,,131,704,520,125,,,,,,,,,,,,,,,,,,2,,107,,,2188,,,,LPAT376
Blue Drill Arms,3Ddata\PAT\CastleGear\CastleGear02\ARMS\CastleGear02_ARM02R.txt,4,,552,499200,0,30,50,5513,246,580,91,1,1799,1,31,30,,,,,,,18,70,,26,30,48,,,4, ,,350,400,10,,,1,261,,,,,,,,,,131,704,520,125,,,,,,,,,,,,,,,,,,2,,107,,,2188,,,,LPAT377
Green Drill Arms,3Ddata\PAT\CastleGear\CastleGear02\ARMS\CastleGear02_ARM02R.txt,4,,552,499200,0,30,50,5514,246,580,91,1,1800,1,31,30,,,,,,,18,70,,26,30,48,,,4, ,,350,400,10,,,1,261,,,,,,,,,,131,704,520,125,,,,,,,,,,,,,,,,,,2,,107,,,2188,,,,LPAT378
Pink Drill Arms,3Ddata\PAT\CastleGear\CastleGear02\ARMS\CastleGear02_ARM02R.txt,4,,552,499200,0,30,50,5515,246,580,91,1,1801,1,31,30,,,,,,,18,70,,26,30,48,,,4, ,,350,400,10,,,1,261,,,,,,,,,,131,704,520,125,,,,,,,,,,,,,,,,,,2,,107,,,2188,,,,LPAT379
Purple Drill Arms,3Ddata\PAT\CastleGear\CastleGear02\ARMS\CastleGear02_ARM02R.txt,4,,552,499200,0,30,50,5516,246,580,91,1,1802,1,31,30,,,,,,,18,70,,26,30,48,,,4, ,,350,400,10,,,1,261,,,,,,,,,,131,704,520,125,,,,,,,,,,,,,,,,,,2,,107,,,2188,,,,LPAT380
Red Drill Arms,3Ddata\PAT\CastleGear\CastleGear02\ARMS\CastleGear02_ARM02R.txt,4,,552,499200,0,30,50,5517,246,580,91,1,1803,1,31,30,,,,,,,18,70,,26,30,48,,,4, ,,350,400,10,,,1,261,,,,,,,,,,131,704,520,125,,,,,,,,,,,,,,,,,,2,,107,,,2188,,,,LPAT381
White Drill Arms,3Ddata\PAT\CastleGear\CastleGear02\ARMS\CastleGear02_ARM02R.txt,4,,552,499200,0,30,50,5518,246,580,91,1,1804,1,31,30,,,,,,,18,70,,26,30,48,,,4, ,,350,400,10,,,1,261,,,,,,,,,,131,704,520,125,,,,,,,,,,,,,,,,,,2,,107,,,2188,,,,LPAT382
Yellow Drill Arms,3Ddata\PAT\CastleGear\CastleGear02\ARMS\CastleGear02_ARM02R.txt,4,,552,499200,0,30,50,5519,246,580,91,1,1805,1,31,30,,,,,,,18,70,,26,30,48,,,4, ,,350,400,10,,,1,261,,,,,,,,,,131,704,520,125,,,,,,,,,,,,,,,,,,2,,107,,,2188,,,,LPAT383
Oro Black Arms,3Ddata\PAT\CastleGear\CastleGear15\ARMS\CGA_F02420.txt,4,,552,499200,0,30,50,5551,246,580,91,1,1807,1,31,35,,,,,,,18,180,,26,50,73,,,3, ,,300,350,9,,,0,,,,,,,,,,,131,702,520,125,,,,,,,,,,,,,,,,,,2,,0,,,2188,,,,LPAT384
Oro Blue Arms,3Ddata\PAT\CastleGear\CastleGear15\ARMS\CGA_F02420.txt,4,,552,499200,0,30,50,5552,246,580,91,1,1808,1,31,35,,,,,,,18,180,,26,50,73,,,3, ,,300,350,9,,,0,,,,,,,,,,,131,702,520,125,,,,,,,,,,,,,,,,,,2,,0,,,2188,,,,LPAT385
Oro Green Arms,3Ddata\PAT\CastleGear\CastleGear15\ARMS\CGA_F02420.txt,4,,552,499200,0,30,50,5553,246,580,91,1,1809,1,31,35,,,,,,,18,180,,26,50,73,,,3, ,,300,350,9,,,0,,,,,,,,,,,131,702,520,125,,,,,,,,,,,,,,,,,,2,,0,,,2188,,,,LPAT386
Oro Pink Arms,3Ddata\PAT\CastleGear\CastleGear15\ARMS\CGA_F02420.txt,4,,552,499200,0,30,50,5554,246,580,91,1,1810,1,31,35,,,,,,,18,180,,26,50,73,,,3, ,,300,350,9,,,0,,,,,,,,,,,131,702,520,125,,,,,,,,,,,,,,,,,,2,,0,,,2188,,,,LPAT387
Oro Purple Arms,3Ddata\PAT\CastleGear\CastleGear15\ARMS\CGA_F02420.txt,4,,552,499200,0,30,50,5555,246,580,91,1,1811,1,31,35,,,,,,,18,180,,26,50,73,,,3, ,,300,350,9,,,0,,,,,,,,,,,131,702,520,125,,,,,,,,,,,,,,,,,,2,,0,,,2188,,,,LPAT388
Oro Yellow Arms,3Ddata\PAT\CastleGear\CastleGear15\ARMS\CGA_F02420.txt,4,,552,499200,0,30,50,5557,246,580,91,1,1812,1,31,35,,,,,,,18,180,,26,50,73,,,3, ,,300,350,9,,,0,,,,,,,,,,,131,702,520,125,,,,,,,,,,,,,,,,,,2,,0,,,2188,,,,LPAT389
Oro White Arms,3Ddata\PAT\CastleGear\CastleGear15\ARMS\CGA_F02420.txt,4,,552,499200,0,30,50,5556,246,580,91,1,1813,1,31,35,,,,,,,18,180,,26,50,73,,,3, ,,300,350,9,,,0,,,,,,,,,,,131,702,520,125,,,,,,,,,,,,,,,,,,2,,0,,,2188,,,,LPAT390
,,3,,,,,,,,246,580,,,,,31,,,,,,,,,,,,,,,,, ,,,,,,,,,,,,,,,,,,,,,,,,,,,,,,,,,,,,,,,,,,,,,,,,
Ferrel Guild Arms,3Ddata\PAT\CastleGear\CastleGear02\ARMS\CastleGear02_ARM01.txt,4,,552,423500,0,30,40,2269,246,580,,,,,31,30,,,,,,,18,60,,26,25,52,,,3, ,,300,350,9,,,0,261,,,,,,,,,,131,702,520,125,,,,,,,,,,,,,,,,,,2,,0,,,2188,,,,LPAT392
Arumic Arms,3Ddata\PAT\CastleGear\CastleGear02\ARMS\CastleGear02_ARM01.txt,4,,552,423500,0,30,40,2269,246,580,,,,,31,30,,,,,,,18,60,,26,25,52,,,3, ,,300,350,9,,,0,261,,,,,,,,,,131,702,520,125,,,,,,,,,,,,,,,,,,2,,0,,,2188,,,,LPAT393
Righteous Arms,3Ddata\PAT\CastleGear\CastleGear02\ARMS\CastleGear02_ARM01.txt,4,,552,423500,0,30,40,2269,246,580,,,,,31,30,,,,,,,18,60,,26,25,52,,,3, ,,300,350,9,,,0,261,,,,,,,,,,131,702,520,125,,,,,,,,,,,,,,,,,,2,,0,,,2188,,,,LPAT394
Junon Order Arms,3Ddata\PAT\CastleGear\CastleGear02\ARMS\CastleGear02_ARM01.txt,4,,552,423500,0,30,40,2269,246,580,,,,,31,30,,,,,,,18,60,,26,25,52,,,3, ,,300,350,9,,,0,261,,,,,,,,,,131,702,520,125,,,,,,,,,,,,,,,,,,2,,0,,,2188,,,,LPAT395
Heavygear Arms,,4,,552,551400,0,30,65,8843,246,580,22,4,1091,58,32,41,,,,,,,18,80,,26,45,50,,,5, ,,300,420,11,,,0,387,,,,,,,,,,131,704,520,125,,,,,,,,,,,,,,,,,,2,,,,,2189,,,,LPAT396
Speed Wing Preview,,3,,541,,,,,,,,,,,,,,,,,,,,,,,,,,,,, ,,,,,,,,,,,,,,,,,,,,,,,,,,,,,,,,,,,,,,,,,,,,,,,,
Blue Speed Wing Preview,,3,,541,,,,,,,,,,,,,,,,,,,,,,,,,,,,, ,,,,,,,,,,,,,,,,,,,,,,,,,,,,,,,,,,,,,,,,,,,,,,,,
Pink Speed Wing Preview,,3,,541,,,,,,,,,,,,,,,,,,,,,,,,,,,,, ,,,,,,,,,,,,,,,,,,,,,,,,,,,,,,,,,,,,,,,,,,,,,,,,
Black Speed Wing Preview,,3,,541,,,,,,,,,,,,,,,,,,,,,,,,,,,,, ,,,,,,,,,,,,,,,,,,,,,,,,,,,,,,,,,,,,,,,,,,,,,,,,
Spiked Wheel Rims,3Ddata\PAT\CART\ABILITY\cart01_ability04.txt,3,7,541,2500,0,5,30,2223,246,580,,,,,21,30,,,,,,,23,100,,,,100,,,, ,,,,,,,,,,,,,,,,,,,,,,,,,,,,,,,,,,,,,0,,1,,,,,2186,,,,LPAT401
Speed Wing,3Ddata\PAT\CART\ABILITY\cart01_ability03.txt,3,7,541,3000,0,5,30,2210,246,580,,,,,21,30,,,,,,,23,120,,,,100,,,, ,,,,,,,,,,,,,,,,,,,,,,,,,,,,,,,,,,,,397,0,,1,,,,,2186,,,,LPAT402
Wind Booster,3Ddata\PAT\CART\ABILITY\cart01_ability01.txt,3,7,541,4000,0,10,30,2198,246,580,,,,,21,30,,,,,,,23,130,,,,100,,,, ,,,,,,,,,,,,,,,,,,,,,,,,,,,,1258,1258,,,,,,,430,0,,1,,,,,2186,,,,LPAT403
Jet Booster,3Ddata\PAT\CART\ABILITY\cart01_ability02.txt,3,7,541,5000,0,20,30,2197,246,580,,,,,21,30,,,,,,,23,150,,,,100,,,, ,,,,,,,,,,,,,,,,,,,,,,,,,,,,1257,1257,,,,,,,431,0,,1,,,,,2186,,,,LPAT404
Sun Roof,3Ddata\PAT\CART\ABILITY\cart01_ability07.txt,3,,541,3000,0,10,30,2236,246,580,,,,150,21,30,,,,,,,19,5,,21,5,30,,,, ,,,,,,,,,,,,,,,,,,,,,,,,,,,,,,,,,,,,,0,,1,,,,,2186,,,,LPAT405
Coal Mine Moldie Sun Roof,3Ddata\PAT\CART\ABILITY\cart01_ability072.txt,3,6,541,0,0,15,30,2237,246,580,,,,,21,30,,,,,,,23,100,,,,100,,,, ,,,,,,,,,,,,,,,,,,,,,,,,,,,,,,,,,,,,,0,,1,,,,,2186,,,,LPAT406
Coal Mine Moldie Sun Roof P,3Ddata\PAT\CART\ABILITY\cart01_ability072_P.txt,3,6,541,0,0,15,30,2265,246,580,,,,,21,30,,,,,,,23,100,,,,100,,,, ,,,,,,,,,,,,,,,,,,,,,,,,,,,,,,,,,,,,,0,,1,,,,,2186,,,,LPAT407
Polka Dot parasol,3Ddata\PAT\CART\ABILITY\Cart01_F04080.txt,3,6,541,0,0,5,30,2224,246,580,,,,,21,30,,,,,,,19,5,,21,5,100,,,, ,,,,,,,,,,,,,,,,,,,,,,,,,,,,,,,,,,,,,0,,1,,,,,2186,,,,LPAT408
Black parasol,3Ddata\PAT\CART\ABILITY\Cart01_F04090.txt,3,6,541,0,0,5,30,2225,246,580,,,,,21,30,,,,,,,19,5,,21,5,100,,,, ,,,,,,,,,,,,,,,,,,,,,,,,,,,,,,,,,,,,,0,,1,,,,,2186,,,,LPAT409
Sunflower Backseat,3Ddata\PAT\CART\ABILITY\cartomg_ability001.txt,3,7,541,1000,0,10,30,4157,246,580,,,,,21,30,,,,,,,23,70,,,,30,,,, ,,,,,,,,,,,,,,,,,,,,,,,,,,,,,,,,,,,,,1,,1,,,,,2186,,,,LPAT410
Fixed Fan,3Ddata\PAT\CART\ABILITY\cartomg_ability002.txt,3,6,541,3000,0,30,30,9201,246,580,,,,,21,30,,,,,,,23,20,,,,100,,,, ,,,,,,,,,,,,,,,,,,,,,,,,,,,,,,,,,,,,,0,,1,,,,,2186,,,,LPAT411
Wind Spinners,3Ddata\PAT\CART\ABILITY\cartomg_ability003.txt,3,6,541,3000,0,30,30,9202,246,580,,,,,21,30,,,,,,,23,20,,,,100,,,, ,,,,,,,,,,,,,,,,,,,,,,,,,,,,1261,1261,,,,,,,,0,,1,,,,,2186,,,,LPAT412
Bamboo Tree,3Ddata\PAT\CART\ABILITY\cartomg_ability004.txt,3,6,541,3000,0,30,30,9204,246,580,,,,,21,30,,,,,,,23,20,,,,100,,,, ,,,,,,,,,,,,,,,,,,,,,,,,,,,,,,,,,,,,,0,,1,,,,,2186,,,,LPAT413
,,,,,,,,,,,,,,,,,,,,,,,,,,,,,,,,, ,,,,,,,,,,,,,,,,,,,,,,,,,,,,,,,,,,,,,,,,,,,,,,,,
Arumic Backseat,,3,0,541,124530,0,10,55,2366,246,580,,, ,300,21,30,,,,114,10,,23,110,,,0,50,,0,, ,,,,,,,,,,,,,,,,,,,,,,,,,,,,,,,,,,,,,1,,1,,,,,2186,,,,LPAT415
Ferrell Guild Backseat,,3,0,541,124530,0,10,55,2367,246,580,,, ,300,21,30,,,,114,10,,23,110,,,0,50,,0,, ,,,,,,,,,,,,,,,,,,,,,,,,,,,,,,,,,,,,,1,,1,,,,,2186,,,,LPAT416
Junon Order Backseat,,3,0,541,124530,0,10,55,2368,246,580,,, ,300,21,30,,,,114,10,,23,110,,,0,50,,0,, ,,,,,,,,,,,,,,,,,,,,,,,,,,,,,,,,,,,,,1,,1,,,,,2186,,,,LPAT417
Righteous Crusaders Backseat,,3,0,541,124530,0,10,55,2369,246,580,,, ,300,21,30,,,,114,10,,23,110,,,0,50,,0,, ,,,,,,,,,,,,,,,,,,,,,,,,,,,,,,,,,,,,,1,,1,,,,,2186,,,,LPAT418
,,,,,,,,,,,,,,,,,,,,,,,,,,,,,,,,, ,,,,,,,,,,,,,,,,,,,,,,,,,,,,,,,,,,,,,,,,,,,,,,,,
,,,,,,,,,,,,,,,,,,,,,,,,,,,,,,,,, ,,,,,,,,,,,,,,,,,,,,,,,,,,,,,,,,,,,,,,,,,,,,,,,,
Meister W Frame,3Ddata\PAT\CART\BODY\cart01_BODY04_c2.txt,0,7,511,1000,0,20,40,2174,246,580,,,,,21,62,,,,,,,,,,,,100,1,,, ,,,,,,,281,261,,,,,,,670,,,,,,,,,,,,,,,,,,,3500,,,,,1,,,,,2186,,,,LPAT421
Meister R Frame,3Ddata\PAT\CART\BODY\cart01_BODY04_c3.txt,0,7,511,1000,0,20,40,2173,246,580,,,,,21,62,,,,,,,,,,,,100,1,,, ,,,,,,,281,261,,,,,,,670,,,,,,,,,,,,,,,,,,,3500,,,,,1,,,,,2186,,,,LPAT422
Meister B Frame,3Ddata\PAT\CART\BODY\cart01_BODY04.txt,0,7,511,1000,0,20,40,2172,246,580,,,,,21,62,,,,,,,,,,,,100,1,,, ,,,,,,,281,261,,,,,,,670,,,,,,,,,,,,,,,,,,,3500,,,,,1,,,,,2186,,,,LPAT423
Meister Y Frame,3Ddata\PAT\CART\BODY\cart01_BODY04_c4.txt,0,7,511,1000,0,20,40,2264,246,580,,,,,21,62,,,,,,,,,,,,100,1,,, ,,,,,,,281,261,,,,,,,670,,,,,,,,,,,,,,,,,,,3500,,,,,1,,,,,2186,,,,LPAT424
Meister Pink Frame,3Ddata\PAT\CART\BODY\cart01_BODY04_c5.txt,0,7,511,1000,0,20,40,2263,246,580,,,,,21,62,,,,,,,,,,,,100,1,,, ,,,,,,,281,261,,,,,,,670,,,,,,,,,,,,,,,,,,,3500,,,,,1,,,,,2186,,,,LPAT425
Meister Pure Gold Frame,3Ddata\PAT\CART\BODY\cart01_BODY04_cg.txt,0,7,511,1000,0,20,40,4600,246,580,,,,,21,62,,,,,,,,,,,,100,1,,, ,,,,,,,281,261,,,,,,,670,,,,,,,,,,,,,,,,,,,3500,,,,,1,,,,,2186,,,,LPAT426
Meister Gold Frame,3Ddata\PAT\CART\BODY\cart01_BODY05_cg.txt,0,7,511,1000,0,20,40,4599,246,580,,,,,21,62,,,,,,,,,,,,100,1,,, ,,,,,,,281,261,,,,,,,670,,,,,,,,,,,,,,,,,,,3500,,,,,1,,,,,2186,,,,LPAT427
,,,,,,,,,,,,,,,,,,,,,,,,,,,,,,,,, ,,,,,,,,,,,,,,,,,,,,,,,,,,,,,,,,,,,,,,,,,,,,,,,,
Meister Brown Frame,,0,7,511,1000,0,20,40,3618,246,580,,,,,21,62,,,,,,,,,,,,100,1,,, ,,,,,,,281,261,,,,,,,670,,,,,,,,,,,,,,,,,,,3500,,,,,1,,,,,2186,,,,LPAT429
Wind Booster Preview,,3,,541,,,,,,,,,,,,,,,,,,,,,,,,,,,,, ,,,,,,,,,,,,,,,,,,,,,,,,,,,,,,,,,,,,,,,,,,,,,,,,
Jet Booster Preview,,3,,541,,,,,,,,,,,,,,,,,,,,,,,,,,,,, ,,,,,,,,,,,,,,,,,,,,,,,,,,,,,,,,,,,,,,,,,,,,,,,,
Firecracker Backseat,,3,6,541,3000,0,30,30,9208,246,580,,,,,21,30,,,,,,,23,20,,,,100,,,, ,,,,,,,,,,,,,,,,,,,,,,,,,,,,,,,,,,,,,1,,1,,,,,2186,,,,LPAT432
Frog Sun Roof,,3,6,541,3000,0,30,30,9209,246,580,,,,,21,30,,,,,,,23,20,,,,100,,,, ,,,,,,,,,,,,,,,,,,,,,,,,,,,,,,,,,,,,,,,1,,,,,2186,,,,LPAT433
Carp Windsocks,,3,6,541,3000,0,30,30,9210,246,580,,,,,21,30,,,,,,,23,20,,,,100,,,, ,,,,,,,,,,,,,,,,,,,,,,,,,,,,,,,,,,,,,,,1,,,,,2186,,,,LPAT434
Royal Backseat,,3,6,541,3000,0,30,30,9211,246,580,,,,,21,30,,,,,,,23,20,,,,100,,,, ,,,,,,,,,,,,,,,,,,,,,,,,,,,,,,,,,,,,,1,,1,,,,,2186,,,,LPAT435
Gold Steel Backseat,,3,6,541,1000,0,10,55,9245,246,580,,, ,,21,30,,,,,,,23,110,,,,50,,,, ,,,,,,,,,,,,,,,,,,,,,,,,,,,,,,,,,,,,,1,,1,,,,,2186,,,,LPAT436
Fire Jet,3Ddata\PAT\Cart\Ability\cartomg_ability007.txt,3,,541,559810,0,30,30,9442,246,580,21,8,1033,50,21,30,,,,,,,23,140,,,,100,,,, ,,,,,,,,,,,,,,,,,,,,,,,,,,,,1262,1263,,,,,,,,,,1,,,,,2186,,,,LPAT437
Blue Armored Beetle Arms,3Ddata\PAT\CastleGear\Beetlegear\Arms\beetlegearhand_black_0920_cr.txt,4,,552,784410,0,30,55,9481,246,580,91,1,1693,1,31,35,,,,,,,18,180,,26,50,59,,,3, ,,300,350,9,,,0,261,,,,,,,,,,131,702,520,125,,,,,,,,,,,,,,,,,,2,,,,,2188,,,,LPAT438
Red Armored Beetle Arms,3Ddata\PAT\CastleGear\Beetlegear\Arms\beetlegearhand_black_0920_cr.txt,4,,552,784410,0,30,55,9484,246,580,91,1,1696,1,31,35,,,,,,,18,180,,26,50,59,,,3, ,,300,350,9,,,0,261,,,,,,,,,,131,702,520,125,,,,,,,,,,,,,,,,,,2,,,,,2188,,,,LPAT439
White Armored Beetle Arms,3Ddata\PAT\CastleGear\Beetlegear\Arms\beetlegearhand_black_0920_cr.txt,4,,552,784410,0,30,55,9487,246,580,91,1,1699,1,31,35,,,,,,,18,180,,26,50,59,,,3, ,,300,350,9,,,0,261,,,,,,,,,,131,702,520,125,,,,,,,,,,,,,,,,,,2,,,,,2188,,,,LPAT440
Silver Fire Jet,3Ddata\PAT\Cart\Ability\cartomg_ability007.txt,3,,541,559810,0,30,30,9883,246,580,21,8,1034,50,21,30,,,,,,,23,140,,,,100,,,, ,,,,,,,,,,,,,,,,,,,,,,,,,,,,1262,1263,,,,,,,,,,1,,,,,2186,,,,LPAT441
,,,,,,,,,,,,,,,,,,,,,,,,,,,,,,,,, ,,,,,,,,,,,,,,,,,,,,,,,,,,,,,,,,,,,,,,,,,,,,,,,,
,,,,,,,,,,,,,,,,,,,,,,,,,,,,,,,,, ,,,,,,,,,,,,,,,,,,,,,,,,,,,,,,,,,,,,,,,,,,,,,,,,
,,,,,,,,,,,,,,,,,,,,,,,,,,,,,,,,, ,,,,,,,,,,,,,,,,,,,,,,,,,,,,,,,,,,,,,,,,,,,,,,,,
,,,,,,,,,,,,,,,,,,,,,,,,,,,,,,,,, ,,,,,,,,,,,,,,,,,,,,,,,,,,,,,,,,,,,,,,,,,,,,,,,,
,,,,,,,,,,,,,,,,,,,,,,,,,,,,,,,,, ,,,,,,,,,,,,,,,,,,,,,,,,,,,,,,,,,,,,,,,,,,,,,,,,
,,,,,,,,,,,,,,,,,,,,,,,,,,,,,,,,, ,,,,,,,,,,,,,,,,,,,,,,,,,,,,,,,,,,,,,,,,,,,,,,,,
,,,,,,,,,,,,,,,,,,,,,,,,,,,,,,,,, ,,,,,,,,,,,,,,,,,,,,,,,,,,,,,,,,,,,,,,,,,,,,,,,,
,,,,,,,,,,,,,,,,,,,,,,,,,,,,,,,,, ,,,,,,,,,,,,,,,,,,,,,,,,,,,,,,,,,,,,,,,,,,,,,,,,
,,,,,,,,,,,,,,,,,,,,,,,,,,,,,,,,, ,,,,,,,,,,,,,,,,,,,,,,,,,,,,,,,,,,,,,,,,,,,,,,,,
Chaser Engine,3Ddata\PAT\CART\ENGINE\cart01_ENGINE04.txt,1,7,521,8000,0,10,30,2208,246,580,,,,,21,30,,,,,,,,,,,,100,,,2,126,,,,,,,,,,,,,,,,,,,,,,,,,,299,299,,,,,,,,,,,,1,,,,,2186,,,,LPAT451
,,1,6,521,8000,0,5,44,2207,246,580,,,,,21,44,,,,,,,,,,,,100,,,,134,,,,,,,,,,,,,,,,,,,,,,,,,,299,299,,,,,,,,,,,,1,,,,,,,,,LPAT452
,,1,6,521,8000,0,5,48,2208,246,580,,,,,21,48,,,,,,,,,,,,100,,,,138,,,,,,,,,,,,,,,,,,,,,,,,,,299,299,,,,,,,,,,,,1,,,,,,,,,LPAT453
,,1,6,521,8000,0,5,52,2209,246,580,,,,,21,52,,,,,,,,,,,,100,,,,142,,,,,,,,,,,,,,,,,,,,,,,,,,299,299,,,,,,,,,,,,1,,,,,,,,,LPAT454
,,1,6,521,8000,0,5,56,2210,246,580,,,,,21,56,,,,,,,,,,,,100,,,,145,,,,,,,,,,,,,,,,,,,,,,,,,,299,299,,,,,,,,,,,,1,,,,,,,,,LPAT455
,,1,6,521,8000,0,5,60,2211,246,580,,,,,21,60,,,,,,,,,,,,100,,,,148,,,,,,,,,,,,,,,,,,,,,,,,,,299,299,,,,,,,,,,,,1,,,,,,,,,LPAT456
,,1,6,521,8000,0,5,64,2212,246,580,,,,,21,64,,,,,,,,,,,,100,,,,152,,,,,,,,,,,,,,,,,,,,,,,,,,299,299,,,,,,,,,,,,1,,,,,,,,,LPAT457
,,1,6,521,8000,0,5,68,2213,246,580,,,,,21,68,,,,,,,,,,,,100,,,,156,,,,,,,,,,,,,,,,,,,,,,,,,,299,299,,,,,,,,,,,,1,,,,,,,,,LPAT458
,,1,6,521,8000,0,5,72,2214,246,580,,,,,21,72,,,,,,,,,,,,100,,,,160,,,,,,,,,,,,,,,,,,,,,,,,,,299,299,,,,,,,,,,,,1,,,,,,,,,LPAT459
,,1,6,521,8000,0,5,76,2215,246,580,,,,,21,76,,,,,,,,,,,,100,,,,162,,,,,,,,,,,,,,,,,,,,,,,,,,299,299,,,,,,,,,,,,1,,,,,,,,,LPAT460
,,,,,,,,,,,,,,,,,,,,,,,,,,,,,,,,, ,,,,,,,,,,,,,,,,,,,,,,,,,,,,,,,,,,,,,,,,,,,,,,,,
,,,,,,,,,,,,,,,,,,,,,,,,,,,,,,,,, ,,,,,,,,,,,,,,,,,,,,,,,,,,,,,,,,,,,,,,,,,,,,,,,,
,,,,,,,,,,,,,,,,,,,,,,,,,,,,,,,,, ,,,,,,,,,,,,,,,,,,,,,,,,,,,,,,,,,,,,,,,,,,,,,,,,
,,,,,,,,,,,,,,,,,,,,,,,,,,,,,,,,, ,,,,,,,,,,,,,,,,,,,,,,,,,,,,,,,,,,,,,,,,,,,,,,,,
,,,,,,,,,,,,,,,,,,,,,,,,,,,,,,,,, ,,,,,,,,,,,,,,,,,,,,,,,,,,,,,,,,,,,,,,,,,,,,,,,,
,,,,,,,,,,,,,,,,,,,,,,,,,,,,,,,,, ,,,,,,,,,,,,,,,,,,,,,,,,,,,,,,,,,,,,,,,,,,,,,,,,
,,,,,,,,,,,,,,,,,,,,,,,,,,,,,,,,, ,,,,,,,,,,,,,,,,,,,,,,,,,,,,,,,,,,,,,,,,,,,,,,,,
,,,,,,,,,,,,,,,,,,,,,,,,,,,,,,,,, ,,,,,,,,,,,,,,,,,,,,,,,,,,,,,,,,,,,,,,,,,,,,,,,,
,,,,,,,,,,,,,,,,,,,,,,,,,,,,,,,,, ,,,,,,,,,,,,,,,,,,,,,,,,,,,,,,,,,,,,,,,,,,,,,,,,
,,,,,,,,,,,,,,,,,,,,,,,,,,,,,,,,, ,,,,,,,,,,,,,,,,,,,,,,,,,,,,,,,,,,,,,,,,,,,,,,,,
Meister Wheels,3Ddata\PAT\CART\WHEEL\cart01_WHEEL04.txt,2,7,531,5000,0,10,30,2233,246,580,,,,,21,30,,,,,,,19,25,,21,15,100,,,,136,35,,,,,,281,261,,,,,,,,302,671,,,,,,,,,,,,,,,,,,,,,,1,,,,,2186,,,,LPAT471
,,2,6,531,5000,0,5,44,2232,246,580,,,,,21,44,,,,,,,19,14,,21,5,100,,,,145,40,,,,,,281,261,,,,,,,,302,671,,,,,,,,,,,,,,,,,,,,,,1,,,,,,,,,LPAT472
,,2,6,531,5000,0,5,48,2233,246,580,,,,,21,48,,,,,,,19,15,,21,6,100,,,,148,45,,,,,,281,261,,,,,,,,302,671,,,,,,,,,,,,,,,,,,,,,,1,,,,,,,,,LPAT473
,,2,6,531,5000,0,5,52,2234,246,580,,,,,21,52,,,,,,,19,17,,21,7,100,,,,152,50,,,,,,281,261,,,,,,,,302,671,,,,,,,,,,,,,,,,,,,,,,1,,,,,,,,,LPAT474
,,2,6,531,5000,0,5,56,2235,246,580,,,,,21,56,,,,,,,19,18,,21,7,100,,,,156,55,,,,,,281,261,,,,,,,,302,671,,,,,,,,,,,,,,,,,,,,,,1,,,,,,,,,LPAT475
,,2,6,531,5000,0,5,60,2236,246,580,,,,,21,60,,,,,,,19,20,,21,8,100,,,,160,60,,,,,,281,261,,,,,,,,302,671,,,,,,,,,,,,,,,,,,,,,,1,,,,,,,,,LPAT476
,,2,6,531,5000,0,5,64,2237,246,580,,,,,21,64,,,,,,,19,22,,21,9,100,,,,162,65,,,,,,281,261,,,,,,,,302,671,,,,,,,,,,,,,,,,,,,,,,1,,,,,,,,,LPAT477
,,2,6,531,5000,0,5,68,2238,246,580,,,,,21,68,,,,,,,19,23,,21,9,100,,,,166,70,,,,,,281,261,,,,,,,,302,671,,,,,,,,,,,,,,,,,,,,,,1,,,,,,,,,LPAT478
,,2,6,531,5000,0,5,72,2239,246,580,,,,,21,72,,,,,,,19,25,,21,10,100,,,,170,75,,,,,,281,261,,,,,,,,302,671,,,,,,,,,,,,,,,,,,,,,,1,,,,,,,,,LPAT479
,,2,6,531,5000,0,5,76,2240,246,580,,,,,21,76,,,,,,,19,26,,21,11,100,,,,174,80,,,,,,281,261,,,,,,,,302,671,,,,,,,,,,,,,,,,,,,,,,1,,,,,,,,,LPAT480
Meister Gold Wheels,3Ddata\PAT\CART\WHEEL\CartW_F04810.txt,2,7,531,5000,0,10,30,2234,246,580,,,,,21,30,,,,,,,19,25,,21,15,100,,,,137,35,,,,,,281,261,,,,,,,,302,671,,,,,,,,,,,,,,,,,,,,,,1,,,,,2186,,,,LPAT481
,,,,,,,,,,,,,,,,,,,,,,,,,,,,,,,,, ,,,,,,,,,,,,,,,,,,,,,,,,,,,,,,,,,,,,,,,,,,,,,,,,
,,,,,,,,,,,,,,,,,,,,,,,,,,,,,,,,, ,,,,,,,,,,,,,,,,,,,,,,,,,,,,,,,,,,,,,,,,,,,,,,,,
,,,,,,,,,,,,,,,,,,,,,,,,,,,,,,,,, ,,,,,,,,,,,,,,,,,,,,,,,,,,,,,,,,,,,,,,,,,,,,,,,,
,,,,,,,,,,,,,,,,,,,,,,,,,,,,,,,,, ,,,,,,,,,,,,,,,,,,,,,,,,,,,,,,,,,,,,,,,,,,,,,,,,
,,,,,,,,,,,,,,,,,,,,,,,,,,,,,,,,, ,,,,,,,,,,,,,,,,,,,,,,,,,,,,,,,,,,,,,,,,,,,,,,,,
,,,,,,,,,,,,,,,,,,,,,,,,,,,,,,,,, ,,,,,,,,,,,,,,,,,,,,,,,,,,,,,,,,,,,,,,,,,,,,,,,,
,,,,,,,,,,,,,,,,,,,,,,,,,,,,,,,,, ,,,,,,,,,,,,,,,,,,,,,,,,,,,,,,,,,,,,,,,,,,,,,,,,
,,,,,,,,,,,,,,,,,,,,,,,,,,,,,,,,, ,,,,,,,,,,,,,,,,,,,,,,,,,,,,,,,,,,,,,,,,,,,,,,,,
,,,,,,,,,,,,,,,,,,,,,,,,,,,,,,,,, ,,,,,,,,,,,,,,,,,,,,,,,,,,,,,,,,,,,,,,,,,,,,,,,,
,,,,,,,,,,,,,,,,,,,,,,,,,,,,,,,,, ,,,,,,,,,,,,,,,,,,,,,,,,,,,,,,,,,,,,,,,,,,,,,,,,
,,,,,,,,,,,,,,,,,,,,,,,,,,,,,,,,, ,,,,,,,,,,,,,,,,,,,,,,,,,,,,,,,,,,,,,,,,,,,,,,,,
,,,,,,,,,,,,,,,,,,,,,,,,,,,,,,,,, ,,,,,,,,,,,,,,,,,,,,,,,,,,,,,,,,,,,,,,,,,,,,,,,,
,,,,,,,,,,,,,,,,,,,,,,,,,,,,,,,,, ,,,,,,,,,,,,,,,,,,,,,,,,,,,,,,,,,,,,,,,,,,,,,,,,
,,,,,,,,,,,,,,,,,,,,,,,,,,,,,,,,, ,,,,,,,,,,,,,,,,,,,,,,,,,,,,,,,,,,,,,,,,,,,,,,,,
,,,,,,,,,,,,,,,,,,,,,,,,,,,,,,,,, ,,,,,,,,,,,,,,,,,,,,,,,,,,,,,,,,,,,,,,,,,,,,,,,,
,,,,,,,,,,,,,,,,,,,,,,,,,,,,,,,,, ,,,,,,,,,,,,,,,,,,,,,,,,,,,,,,,,,,,,,,,,,,,,,,,,
,,,,,,,,,,,,,,,,,,,,,,,,,,,,,,,,, ,,,,,,,,,,,,,,,,,,,,,,,,,,,,,,,,,,,,,,,,,,,,,,,,
Red Striped Racing Frame,3Ddata\PAT\CART\BODY\cartM_BODY_F05000.txt,0,6,511,124530,0,20,30,2279,246,580,,,,,21,40,,,,,,,19,45,,21,20,50,,,, ,,,,,,,281,261,,,,,,,,,,,,,,,,,,,,,,,,,,2000,,,,,1,,,,,2186,,,,LPAT500
White Striped Racing Frame,3Ddata\PAT\CART\BODY\cartM_BODY_F05010.txt,0,6,511,124530,0,20,30,2280,246,580,,,,0,21,40,,,,,,,19,45,,21,20,50,1,,, ,,,,,,0,281,261,,,,,,,,,,,,,,,,,,,,,,,,,,2000,,,,,1,,,,,2186,,,,LPAT501
White Polka Dot Frame,3Ddata\PAT\CART\BODY\cartM_BODY_F05020.txt,0,6,511,124530,0,20,30,2281,246,580,,,,0,21,40,,,,,,,19,45,,21,20,50,1,,, ,,,,,,0,281,261,,,,,,,,,,,,,,,,,,,,,,,,,,2000,,,,,1,,,,,2186,,,,LPAT502
Second engine J,3Ddata\PAT\CART\ENGINE\cartM_ENGINE_F05030.txt,1,6,521,124530,0,10,30,2200,246,580,,,,0,21,30,,,,,,,,,,,0,50,0,1000,2,143,10,,,,,0,281,261,0,677,0,678,,0,675,0,676,,,,,,,,,,,,,,,,,,,,,,1,,,,,2186,,,,LPAT503
White Rim Wheel,3Ddata\PAT\CART\WHEEL\cartM_WHELL_F05040.txt,2,6,531,124530,0,5,30,2229,246,580,,,,0,21,30,,,,,,0,19,25,0,21,15,50,,,0,143,35,,,,,0,281,261,,,,,,,0,302,,,,,,,,,,,,,,,,,,,,,,,1,,,,,2186,,,,LPAT504
Black Rim Wheel,3Ddata\PAT\CART\WHEEL\cartM_WHELL_F05050.txt,2,6,531,124530,0,5,30,2228,246,580,,,,0,21,30,,,,,,0,19,25,0,21,15,50,,,0,143,35,,,,,0,281,261,,,,,,,0,302,,,,,,,,,,,,,,,,,,,,,,,1,,,,,2186,,,,LPAT505
Black And Red Passenger Seat,3Ddata\PAT\CART\ABILITY\cartM_ability_F05060.txt,3,6,541,0,0,10,55,3992,246,580,,,,0,21,30,,,,,,0,23,100,,,0,50,,0,0, ,,,,,,,,,,,,,,,,,,,,,,,,,,,,,,,,,,,,,1,,1,,,,,2186,,,,LPAT506
Blue Passenger Seat,3Ddata\PAT\CART\ABILITY\cartM_ability_F05070.txt,3,6,541,0,0,10,55,2293,246,580,,,,0,21,30,,,,,,0,23,100,,,0,50,,0,0, ,,,,,,,,,,,,,,,,,,,,,,,,,,,,,,,,,,,,,1,,1,,,,,2186,,,,LPAT507
Black Passenger Seat,3Ddata\PAT\CART\ABILITY\cartM_ability_F05080.txt,3,6,541,0,0,10,55,2292,246,580,,,,0,21,30,,,,,,0,23,100,,,0,50,,0,0, ,,,,,,,,,,,,,,,,,,,,,,,,,,,,,,,,,,,,,1,,1,,,,,2186,,,,LPAT508
White Speed Wing,3Ddata\PAT\CART\ABILITY\cartM_ability_F05090.txt,3,6,541,124530,0,5,30,2212,246,580,,,,0,21,30,,,,,,0,23,100,,,0,50,,,, ,,,,,,,,,,,,,,,,,,,,,,,,,,,,,,,,,,,,,0,,1,,,,,2186,,,,LPAT509
Blue Speed Wing,3Ddata\PAT\CART\ABILITY\cartM_ability_F05100.txt,3,6,541,0,0,5,30,2214,246,580,,,,0,21,30,,,,,,0,23,100,,,0,50,,,, ,,,,,,,,,,,,,,,,,,,,,,,,,,,,,,,,,,,,398,0,,1,,,,,2186,,,,LPAT510
Black Speed Wing,3Ddata\PAT\CART\ABILITY\cartM_ability_F05110.txt,3,6,541,0,0,5,30,2213,246,580,,,,0,21,30,,,,,,0,23,100,,,0,50,,,, ,,,,,,,,,,,,,,,,,,,,,,,,,,,,,,,,,,,,400,0,,1,,,,,2186,,,,LPAT511
Fancy Pink Frame,3Ddata\PAT\CART\BODY\cartM_BODY_F05120.txt,0,6,511,0,0,20,30,2282,246,580,,,,0,21,40,,,,,,,,,,,0,50,1,,, ,,,,,,0,281,261,,,,,,,,,,,,,,,,,,,,,,,,,,2000,,,0,,1,,,,,2186,,,,LPAT512
Leopard Skin Frame,3Ddata\PAT\CART\BODY\cartM_BODY_F05130.txt,0,6,511,0,0,20,30,2283,246,580,,,,0,21,40,,,,,,,,,,,0,50,1,,, ,,,,,,0,281,261,,,,,,,,,,,,,,,,,,,,,,,,,,2000,,,,,1,,,,,2186,,,,LPAT513
Lovely Frame,3Ddata\PAT\CART\BODY\cartM_BODY_F05140.txt,0,6,511,1000,0,10,30,2284,246,580,93,1,1845,1,21,40,,,,,,,,,,,0,34,10,,, ,,,,,,0,281,261,,,,,,,,,,,,,,,,,,,,,,,,,,2000,,,,,1,,,,,2186,,,,LPAT514
Red Passenger Seat,3Ddata\PAT\CART\ABILITY\cartM_ability_F05150.txt,3,0,541,124530,0,10,55,2295,246,580,,8, ,250,21,30,,,,,,0,23,100,,,0,50,,0,, ,,,,,,,,,,,,,,,,,,,,,,,,,,,,,,,,,,,,,1,,1,,,,,2186,,,,LPAT515
Pink Passenger Seat,3Ddata\PAT\CART\ABILITY\cartM_ability_F05160.txt,3,0,541,124530,0,10,55,2294,246,580,,8, ,250,21,30,,,,,,0,23,100,,,0,50,,0,, ,,,,,,,,,,,,,,,,,,,,,,,,,,,,,,,,,,,,,1,,1,,,,,2186,,,,LPAT516
Pink Cart Wings,3Ddata\PAT\CART\ABILITY\cartM_ability_F05170.txt,3,6,541,1245,0,5,55,2215,246,580,93,1,1843,1,21,30,,,,,,0,23,50,,,0,50,10,,, ,,,,,,,,,,,,,,,,,,,,,,,,,,,,,,,,,,,,399,0,,1,,,,,2186,,,,LPAT517
,,,,,,,,,,,,,,,,,,,,,,,,,,,,,,,,, ,,,,,,,,,,,,,,,,,,,,,,,,,,,,,,,,,,,,,0,,,,,,,,,,,
,3Ddata\PAT\CART\BODY\cartM_BODY_F05180.txt,0,6,511,1000,0,10,30,2293,246,580,,,,,21,80,,,,,,,,,,,,50,,,, ,,,,,,,281,261,,,,,,,,,,,,,,,,,,,,,,,,,,2000,,,,,1,,,,,2186,,,,LPAT518
,3Ddata\PAT\CART\BODY\cartM_BODY_F05190.txt,0,6,511,1000,0,10,30,2286,246,580,,,,,21,80,,,,,,,,,,,,50,,,, ,,,,,,,281,261,,,,,,,,,,,,,,,,,,,,,,,,,,2000,,,,,1,,,,,2186,,,,LPAT519
,3Ddata\PAT\CART\BODY\cartM_BODY_F05200.txt,0,6,511,1000,0,10,30,2292,246,580,,,,,21,80,,,,,,,,,,,,50,,,, ,,,,,,,281,261,,,,,,,,,,,,,,,,,,,,,,,,,,2000,,,,,1,,,,,2186,,,,LPAT520
Lovely Sporty Frame,3Ddata\PAT\CART\BODY\cartM_BODY_F05210.txt,0,6,511,1000,0,20,46,2957,246,580,93,1,1846,1,21,46,,,,,,,,,,,,41,10,,, ,,,,,,,281,261,,,,,,,,,,,,,,,,,,,,,,,,,,2000,,,,,1,,,,,2186,,,,LPAT521
Sporty White Frame,3Ddata\PAT\CART\BODY\cartM_BODY_F05220.txt,0,0,511,761000,0,20,57,2956,246,580,21,5,1049,65,21,46,,,,,,,19,47,,21,25,41,1,,, ,,,,,,,281,261,,,,,,,670,,,,,,,,,,,,,,,,,,,4000,,,,,1,,,,,2186,,,,LPAT522
,3Ddata\PAT\CART\ENGINE\cartM_ENGINE_F05030.txt,1,6,521,1000,0,10,30,2200,246,580,,,,,21,80,,,,,,,,,,,,50,,1000,2,143,10,,,,,,281,261,,677,678,,,,675,,680,,,,,,,,,,,,,,,,,,,,,,1,,,,,2186,,,,LPAT523
,3Ddata\PAT\CART\ENGINE\cartM_ENGINE_F05030.txt,1,6,521,1000,0,10,30,2200,246,580,,,,,21,80,,,,,,,,,,,,50,,1000,2,143,10,,,,,,281,261,,677,678,,,,675,,681,,,,,,,,,,,,,,,,,,,,,,1,,,,,2186,,,,LPAT524
,3Ddata\PAT\CART\ENGINE\cartM_ENGINE_F05030.txt,1,6,521,1000,0,10,30,2200,246,580,,,,,21,80,,,,,,,,,,,,50,,1000,2,143,10,,,,,,281,261,,677,678,,,,675,,682,,,,,,,,,,,,,,,,,,,,,,1,,,,,2186,,,,LPAT525
,3Ddata\PAT\CART\ENGINE\cart_ENGINE_F0526.txt,1,6,521,1000,0,5,30,2200,246,580,,,,,21,50,,,,,,,,,,,,50,,1000,2,119,10,,,,,,281,261,,585,585,,,,675,,676,,,,,,,,,,,,,,,,,,,,,,1,,,,,2186,,,,LPAT526
,3Ddata\PAT\CART\BODY\cart_BODY_F0527.txt,0,6,511,1000,0,10,30,3085,246,580,,,,,21,50,,,,,,,,,,,,50,,,, ,,,,,,,281,261,,,,,,,670,,,,,,,,,,,,,,,,,,,2000,,,,,1,,,,,2186,,,,LPAT527
,3Ddata\PAT\CART\WHEEL\cart_WHEEL_F0528.txt,2,6,531,1000,,5,30,3084,246,580,,,,,21,50,,,,,,,,,,,,50,,,,131,20,,,,,,281,261,,,,,,,,320,671,,,,,,,,,,,,,,,,,,,,,,1,,,,,2186,,,,LPAT528
Chocolate Sporty Frame,3Ddata\PAT\CART\BODY\cartM_BODY_F0529.txt,0,6,511,1000,0,20,46,2958,246,580,93,1,1846,1,21,46,,,,,,,,,,,,41,10,,, ,,,,,,,281,261,,,,,,,,,,,,,,,,,,,,,,,,,,2000,,,,,1,,,,,2186,,,,LPAT529
,3Ddata\PAT\CART\BODY\cartM_BODY_F0530.txt,0,6,511,1000,0,10,47,2956,246,580,,,,,21,80,,,,,,,,,,,,50,,,, ,,,,,,,281,261,,,,,,,670,,,,,,,,,,,,,,,,,,,2000,,,,,1,,,,,2186,,,,LPAT530
,3Ddata\PAT\CART\BODY\cartM_BODY_F0531.txt,0,6,511,1000,0,10,57,2957,246,580,,,,,21,80,,,,,,,,,,,,50,,,, ,,,,,,,281,261,,,,,,,670,,,,,,,,,,,,,,,,,,,,,,,, ,,,,,2186,,,,
,,,,,,,,,,,,,,,,,,,,,,,,,,,,,,,,,,,,,,,,,,,,,,,,,,,,,,,,,,,,,,,,,,,,,,,,,,,,,,,,,
,,,,,,,,,,,,,,,,,,,,,,,,,,,,,,,,, ,,,,,,,,,,,,,,,,,,,,,,,,,,,,,,,,,,,,,0,,,,,,,,,,,
,,,,,,,,,,,,,,,,,,,,,,,,,,,,,,,,,,,,,,,,,,,,,,,,,,,,,,,,,,,,,,,,,,,,,,,,,,,,,,,,,
Pizza Cart,3Ddata\PAT\CART\BODY\snakecart_body_1211_cr.txt,0,7,511,1000,0,10,47,7232,246,580,,,,,22,47,,,,,,,23,100,,21,20,40,,,,,,,,,,,281,261,,,,,,,670,,,,,,,,,,,,,,,,,,,5500,,,,,,,,,,2186,,,,LPAT535
Pizza Cart Engine,3Ddata\PAT\CART\ENGINE\invisiblescart02_0112_cr.txt,1,7,521,620,0,5,42,7233,246,580,,,,,22,36,,,,,,,,,,,,40,,600,3,126,13,,,,,,,,,,,,,,,,,,,,,,,,,,,,,,,,,,,,,,,,,,,2186,,,,LPAT536
Pizza Cart Wheels,3Ddata\PAT\CART\WHEEL\snakecart_wheel_1211_cr.txt,2,7,531,550,0,5,38,7234,246,580,,,,,22,36,,,,,,,,,,,,32,,,,137,30,,,,,,281,261,,,,,,,,302,671,,,,,,,,,,,,,,,,,,,,,,,,,,,2186,,,,LPAT537
Hover Scooter,3Ddata\PAT\CART\BODY\snakecart_body_1211_cr.txt,0,7,513,1000,0,10,30,7226,246,580,,,,,146,30,,70,1,,,,,,,,,30,1,,,1000,,,,,,,281,469,,,,,,,,,,,,,,,,,,,,1933,,,,,,1000,,,1,,3,,,,,777,,,,LPAT538
USED IN ZSC,,,,,,,,,,,,,,,,,,,,,,,,,,,,,,,,, ,,,,,,,,,,,,,,,,,,,,,,,,,,,,,,,,,,,,,,,,,,,,,,,,
USED IN ZSC,,,,,,,,,,,,,,,,,,,,,,,,,,,,,,,,, ,,,,,,,,,,,,,,,,,,,,,,,,,,,,,,,,,,,,,,,,,,,,,,,,
USED IN ZSC,,,,,,,,,,,,,,,,,,,,,,,,,,,,,,,,, ,,,,,,,,,,,,,,,,,,,,,,,,,,,,,,,,,,,,,,,,,,,,,,,,
Scooter,3Ddata\PAT\CART\BODY\snakecart_body_1211_cr.txt,0,6,511,1000,0,10,47,6222,246,580,,,,,22,47,,,,,,,23,100,,21,20,40,,,,,,,,,,,281,261,,,,,,,,,,,,,,,,,,,,,,,,,,5500,,,,,,,,,,,,,,LPAT542
Scooter,3Ddata\PAT\CART\BODY\snakecart_body_1211_cr.txt,0,6,511,1000,0,10,47,6222,246,580,,,,,22,47,,,,,,,23,100,,21,20,40,,,,,,,,,,,281,261,,,,,,,,,,,,,,,,,,,,,,,,,,5500,,,,,,,,,,,,,,LPAT543
Scooter,3Ddata\PAT\CART\BODY\snakecart_body_1211_cr.txt,0,6,511,1000,0,10,47,6222,246,580,,,,,22,47,,,,,,,23,100,,21,20,40,,,,,,,,,,,281,261,,,,,,,,,,,,,,,,,,,,,,,,,,5500,,,,,,,,,,,,,,LPAT544
Scooter,3Ddata\PAT\CART\BODY\snakecart_body_1211_cr.txt,0,6,511,1000,0,10,47,7231,246,580,,,,,22,47,,,,,,,23,100,,21,20,40,,,,,,,,,,,281,261,,,,,,,,,,,,,,,,,,,,,,,,,,5500,,,,,,,,,,,,,,LPAT545
Scooter Engine,3Ddata\PAT\CART\ENGINE\invisiblescart02_0112_cr.txt,1,6,521,620,0,5,42,6223,246,580,,,,,22,36,,,,,,,,,,,,40,,600,3,126,13,,,,,,,,,,,,,,,,,,,,,,3503,,,,,,,,,,,,,,,,,,,,,,,,,LPAT546
Scooter Engine,3Ddata\PAT\CART\ENGINE\invisiblescart02_0112_cr.txt,1,6,521,620,0,5,42,6223,246,580,,,,,22,36,,,,,,,,,,,,40,,600,3,126,13,,,,,,,,,,,,,,,,,,,,,,,,,,,,,,,,,,,,,,,,,,,,,,,LPAT547
Scooter Engine,3Ddata\PAT\CART\ENGINE\invisiblescart02_0112_cr.txt,1,6,521,620,0,5,42,6223,246,580,,,,,22,36,,,,,,,,,,,,40,,600,3,126,13,,,,,,,,,,,,,,,,,,,,,,,,,,,,,,,,,,,,,,,,,,,,,,,LPAT548
Scooter Engine,3Ddata\PAT\CART\ENGINE\invisiblescart02_0112_cr.txt,1,6,521,620,0,5,42,6223,246,580,,,,,22,36,,,,,,,,,,,,40,,600,3,126,13,,,,,,,,,,,,,,,,,,,,,,,,,,,,,,,,,,,,,,,,,,,,,,,LPAT549
Power Suit Mount,,0,6,513,1000,0,10,76,7236,246,580,,,,,119,30,,,,,,,,,,,,120,,,0,900,,,,,,,281,470,,,,,,,,,,,,,,,,,,1928,1928,,,,,,,15000,,,,,3,,,,,,,,,LPAT550
Panda Cart Frame,3Ddata\PAT\CART\BODY\cart01_BODY340.txt,0,6,511,1000,0,20,30,6900,246,580,,,,,21,62,,,,,,,,,,,,100,,,, ,,,,,,,281,467,,,,,,,670,,,,,,,,,,,,,,,,,,,3000,,,,,1,,,,,2186,,,,LPAT551
USED IN ZSC,,,,,,,,,,,,,,,,,,,,,,,,,,,,,,,,, ,,,,,,,,,,,,,,,,,,,,,,,,,,,,,,,,,,,,,,,,,,,,,,,,
,,,,,,,,,,,,,,,,,,,,,,,,,,,,,,,,, ,,,,,,,,,,,,,,,,,,,,,,,,,,,,,,,,,,,,,,,,,,,,,,,,
Ed Joke Mount,,0,6,513,0,0,0,76,1,246,580,,,,,72,30,,,,,,,,,,,,120,,,0,750,,,,,,,281,470,,,,,,,,,,,,,,,1931,,,,,,,,,,,15000,,,,,3,,,,,,,,,LPAT554
,,,,,,,,,,,,,,,,,,,,,,,,,,,,,,,,, ,,,,,,,,,,,,,,,,,,,,,,,,,,,,,,,,,,,,,,,,,,,,,,,,
Flying Star Mount,3ddata\PAT\CART\BODY\flying_star_1202_cr.txt,0,7,513,1000,0,10,30,4659,246,580,,,,,127,30,,70,1,,,,,,,,,30,1,,,900,,,,,,,290,490,,,,,,,,,,,,,,,,,,,,1936,,,,,,1000,,,1,,3,,,,,2195,,,,LPAT556
Magic Carpet 785,3Ddata\PAT\SKYPAT\BODY\magic_carpet_1220_wa.txt,0,7,513,1000,0,10,30,7315,246,580,,,,,149,30,,70,1,,,,,,,,,30,1,,,800,,,,,,,320,325,,,,,,,,,,,,,,,,,,,,,,,,,,1000,,,,,3,,,,,,,,,LPAT557
Flying Broom 747,3Ddata\PAT\CART\BODY\flying_burashi_0909_cr.txt,0,7,511,1000,0,10,30,7315,246,580,,,,,26,10,,,,,,,,,,,,30,1,,,,,,,,,,290,401,,,,,,,,,,,,,,,,,,,,,,,,,,1000,,,,,1,,,,,,,,,LPAT558
Skateboard 771,3Ddata\PAT\CART\BODY\skateboard_0725_cr.txt,0,7,511,1000,0,10,30,7315,246,580,,,,,26,10,,,,,,,,,,,,30,1,,,,,,,,,,290,325,,,,,,,,,,,,,,,,,,,,,,,,,,1000,,,,,1,,,,,,,,,LPAT559
Red Magic Carpet 790,3Ddata\PAT\SKYPAT\BODY\magic_carpet_1220_wa.txt,0,7,513,1000,0,10,30,7315,246,580,,,,,149,30,,70,1,,,,,,,,,30,1,,,800,,,,,,,320,325,,,,,,,,,,,,,,,,,,,,,,,,,,1000,,,,,3,,,,,,,,,LPAT560
Flying Bed 820,3Ddata\PAT\CART\BODY\flyingbed_brown_0612_cr.txt,0,7,513,1000,0,10,30,7315,246,580,,,,,147,30,,70,1,,,,,,,,,30,1,,,800,,,,,,,290,305,,,,,,,,,,,,,,,,,,,,,,,,,,1000,,,1,,3,,,,,,,,,LPAT561
UFO 835,3Ddata\PAT\CART\BODY\ufo_0724_wa.txt,0,7,513,1000,0,10,30,7315,246,580,,,,,148,30,,70,1,,,,,,,,,30,1,,,800,,,,,,,290,332,,,,,,,,,,,,,,,,,,,,,,,,,,1000,,,,,3,,,,,,,,,LPAT562
Rocking Sheep,3ddata\PAT\CART\BODY\sheep_cart_body_1218_cr.txt,0,6,513,1000,0,10,30,3922,246,580,,,,,133,30,,70,1,,,,,,,,,30,1,,,900,,,,,,,281,510,,,,,,,,,,,,,,,,,,,,,,,,,,1000,,,,,3,,,,,,,,1,LPAT563
Candle Ghost Coffin,3ddata\PAT\CART\BODY\ghostcart_body_0331_cr.txt,0,7,513,1000,0,10,30,3924,246,580,,,,,132,30,,70,1,,,,,,,,,30,1,,,800,,,,,,,281,481,,,,,,,,,,,,,,,,,,,,1941,,,,,,1000,,,,,3,,,,,767,,,,LPAT564
Inflatable Dolphin,3ddata\PAT\CART\BODY\iruka_boat_0728_cr.txt,0,7,513,1000,0,10,30,3920,246,580,,,,,129,30,,70,1,,,,,,,,,30,1,,,800,,,,,,,290,558,,,,,,,,,,,,,,,,,,,,1944,,,,,,1000,,,,,3,,,,,2395,,,1,LPAT565
Inflatable Banana,3ddata\PAT\CART\BODY\iruka_boat_0728_cr.txt,0,7,513,1000,0,10,30,3921,246,580,,,,,129,30,,70,1,,,,,,,,,30,1,,,800,,,,,,,290,558,,,,,,,,,,,,,,,,,,,,1945,,,,,,1000,,,,,3,,,,,2396,,,1,LPAT566
Pirate Ship,3Ddata\PAT\CART\BODY\takarabune_car_0121_cr.txt,0,6,513,1760000000,0,40,81,7472,246,580,,,,,130,30,,70,1,111,10,,,,,,,75,1,,,1200,,,,,,,281,560,,,,,,,,,,,,,,,,,,,,1943,,,,,,1000,,,1,,3,,,,,1216,,,,LPAT567
Test Engine,3Ddata\PAT\CART\ENGINE\cart01_ENGINE01.txt,1,7,521,1000,0,5,30,7340,246,580,,,,,26,10,,,,,,,,,,,,32,,1600,2,119,10,,,,,,,,,,,,,,,,,,,,,,,,,,,,,,,,,,,,,,1,,,,,,,,,
Test Wheels,3Ddata\PAT\CART\WHEEL\cart01_WHEEL01.txt,2,7,531,1000,0,2,30,7341,246,580,,,,,26,10,,,,,,,,,,,,28,,,,131,20,,,,,,,,,,,,,,,,,,,,,,,,,,,,,,,,,,,,,,1,,,,,,,,,
Elec Ghost Coffin,3ddata\PAT\CART\BODY\ghostcart_body_0331_cr.txt,0,7,513,1000,0,10,30,4030,246,580,,,,,132,30,,70,1,,,,,,,,,30,1,,,800,,,,,,,281,481,,,,,,,,,,,,,,,,,,,,1946,,,,,,1000,,,,,3,,,,,768,,,,LPAT570
Pig Cart Mount,,0,6,513,28300000,0,10,76,7476,246,580,,,,,134,30,,70,1,111,3,,,,,,,75,,,0,900,,,,,,,625,626,,,,,,,,307,,,,,,,,,,,,,,,,,,1000,,,1,,3,,,,,1217,,,,LPAT571
Inflatable Orca,3ddata\PAT\CART\BODY\iruka_boat_0728_cr.txt,0,7,513,1000,0,10,30,7528,246,580,,,,,129,30,,70,1,,,,,,,,,30,1,,,800,,,,,,,290,558,,,,,,,,,,,,,,,,,,,,1944,,,,,,1000,,,,,3,,,,,2379,,,1,LPAT572
Inflatable Watermelon,3ddata\PAT\CART\BODY\iruka_boat_0728_cr.txt,0,7,513,1000,0,10,30,7527,246,580,,,,,135,30,,70,1,,,,,,,,,30,1,,,800,,,,,,,290,558,,,,,,,,,,,,,,,,,,,,1944,,,,,,1000,,,,,3,,,,,2380,,,,LPAT573
Pumpkin Carriage,3ddata\PAT\CART\BODY\iruka_boat_0728_cr.txt,0,7,513,1000,0,20,30,7557,246,580,,,,,136,30,,70,1,,,,,,,,,30,1,,,1000,,,,,,,281,261,,,,,,,,,,,,,,,,,,,,,,,,,,1000,,,1,,3,,,,,765,,,,LPAT574
Flying Broom,3ddata\PAT\CART\BODY\iruka_boat_0728_cr.txt,0,6,513,1000,0,10,30,7558,246,580,,,,,137,30,,70,1,,,,,,,,,30,1,,,1000,,,,,,,281,261,,,,,,,,,,,,,,,,,,,,,,,,,,1000,,,,,3,,,,,769,,,1,LPAT575
Flying Broom,3ddata\PAT\CART\BODY\iruka_boat_0728_cr.txt,0,6,513,1000,0,10,30,7559,246,580,,,,,137,30,,70,1,,,,,,,,,30,1,,,1000,,,,,,,281,261,,,,,,,,,,,,,,,,,,,,,,,,,,1000,,,,,3,,,,,764,,,1,LPAT576
Wizard's Broom,3ddata\PAT\CART\BODY\iruka_boat_0728_cr.txt,0,6,513,1000,0,10,30,7560,246,580,,,,,137,30,,70,1,,,,,,,,,30,1,,,1000,,,,,,,281,261,,,,,,,,,,,,,,,,,,,,,,,,,,1000,,,,,3,,,,,770,,,1,LPAT577
Haunted Carriage,3ddata\PAT\CART\BODY\iruka_boat_0728_cr.txt,0,7,513,1000,0,20,30,7561,246,580,,,,,138,30,,70,1,,,,,,,,,30,1,,,1000,,,,,,,281,261,,,,,,,,,,,,,,,,,,,,,,,,,,1000,,,1,,3,,,,,766,,,,LPAT578
God Ra's Sun Throne,3ddata\PAT\CART\BODY\iruka_boat_0728_cr.txt,0,,513,230000,0,15,30,7562,246,580,,,,,139,30,,74,5,31,205,,,,,,,30,1,,,1200,,,,,,,281,261,,,,,,,,,,,,,,,,,,,,2062,,,,,,1000,,,,,3,,,,,2196,,,,LPAT579
Ikaness Heavygear,3ddata\PAT\CART\BODY\iruka_boat_0728_cr.txt,0,6,513,1000,0,15,30,4451,246,580,,,,,140,30,,70,1,,,,,,,,,30,1,,,700,,,,,,,281,261,,,,,,,,,,,,,,,,,,,,,,,,,,1000,,,,,3,,,,,,,,,LPAT580
Ghost Shrine,3ddata\PAT\CART\BODY\iruka_boat_0728_cr.txt,0,6,513,1000,0,15,30,4452,246,580,,,,,141,30,,70,1,,,,,,,,,30,1,,,700,,,,,,,281,261,,,,,,,,,,,,,,,,,,,,,,,,,,1000,,,,,3,,,,,,,,,LPAT581
Tank,3ddata\PAT\CART\BODY\iruka_boat_0728_cr.txt,0,6,513,1000,0,15,30,4453,246,580,,,,,142,30,,70,1,,,,,,,,,30,1,,,700,,,,,,,281,261,,,,,,,,,,,,,,,,,,,,,,,,,,1000,,,,,3,,,,,,,,,LPAT582
Warship Mount,3ddata\PAT\CART\BODY\iruka_boat_0728_cr.txt,0,,513,145360,0,25,30,7999,252,580,,,,,139,30,,70,1,,,,,,,,,30,1,,,900,,,,,,,281,261,,,,,,,,,,,,,,,,,,,,,,,,,,1000,,,,,3,,,,,2197,,21,,LPAT583
Valentine Fondue,3ddata\PAT\CART\BODY\iruka_boat_0728_cr.txt,0,7,513,1000,0,15,30,4455,246,580,,,,,143,30,,70,1,,,,,,,,,30,1,,,900,,,,,,,281,261,,,,,,,,,,,,,,,,,,,,,,,,,,1000,,,1,,3,,,,,776,,,1,LPAT584
Spooky Ghost Coffin,3ddata\PAT\CART\BODY\ghostcart_body_0331_cr.txt,0,7,513,1000,0,10,30,5198,246,580,,,,,132,30,,70,1,,,,,,,,,30,1,,,800,,,,,,,281,481,,,,,,,,,,,,,,,,,,,,1941,,,,,,1000,,,,,3,,,,,768,,,,LPAT585
Red Snowmobile,,0,7,513,1000,0,15,30,9308,246,580,,,,,144,30,,70,1,,,,,,,,,30,1,,,1200,,,,,,,281,261,,,,,,,,,,,,,,,,,,,,,,,,,,1000,,,,,3,,,,,1509,,,,LPAT586
Green Snowmobile,,0,6,513,1000,0,15,30,9327,246,580,,,,,144,30,,70,1,,,,,,,,,30,1,,,1200,,,,,,,281,261,,,,,,,,,,,,,,,,,,,,,,,,,,1000,,,,,3,,,,,1510,,,,LPAT587
Music Bird,,0,6,513,1000,0,15,30,7779,246,580,,,,,145,30,,70,1,,,,,,,,,30,1,,,900,,,,,,,281,261,,,,,,,,,,,,,,,,,,,,1940,,,,,,1000,,,1,,3,,,,,,,,,LPAT588
Inflatable Clownfish,3ddata\PAT\CART\BODY\iruka_boat_0728_cr.txt,0,7,513,1000,0,10,30,7978,246,580,,,,,129,30,,70,1,,,,,,,,,30,1,,,800,,,,,,,290,558,,,,,,,,,,,,,,,,,,,,1944,,,,,,1000,,,,,3,,,,,2381,,,1,LPAT589
Inflatable Duck,3ddata\PAT\CART\BODY\iruka_boat_0728_cr.txt,0,7,513,1000,0,10,30,7977,246,580,,,,,150,30,,70,1,,,,,,,,,30,1,,,800,,,,,,,290,558,,,,,,,,,,,,,,,,,,,,1944,,,,,,1000,,,,,3,,,,,2382,,,,LPAT590
Lucky Ghost Coffin,3Ddata\PAT\CART\BODY\ghostcart_obake_body_1027_cr.txt,0,7,513,1000,0,10,30,8074,246,580,,,,,132,30,,70,1,,,,,,,,,30,1,,,800,,,,,,,281,481,,,,,,,,,,,,,,,,,,,,1949,,,,,,1000,,,,,3,,,,,1411,,,,LPAT591
Christmas Scooter,3Ddata\PAT\CART\BODY\snakecart_body_1211_cr.txt,0,6,511,1000,0,10,47,8390,246,580,,,,,22,47,,,,,,,23,100,,21,20,40,,,,,,,,,,,281,261,,,,,,,,,,,,,,,,,,,,,,,,,,5500,,,,,,,,,,2186,,,,LPAT592
Christmas Scooter Engine,3Ddata\PAT\CART\ENGINE\invisiblescart02_0112_cr.txt,1,6,521,620,0,5,42,6223,246,580,,,,,22,36,,,,,,,,,,,,40,,600,3,126,13,,,,,,,,,,,,,,,,,,,,,,,,,,,,,,,,,,,,,,,,,,,2186,,,,LPAT593
Christmas Scooter Wheels,3Ddata\PAT\CART\WHEEL\snakecart_wheel_1211_cr.txt,2,6,531,550,0,5,38,7234,246,580,,,,,22,36,,,,,,,,,,,,32,,,,137,30,,,,,,281,261,,,,,,,,302,671,,,,,,,,,,,,,,,,,,,,,,,,,,,2186,,,,LPAT594
Red Hover Scooter,3Ddata\PAT\CART\BODY\snakecart_body_1211_cr.txt,0,6,513,1000,0,10,30,8391,246,580,,,,,146,30,,70,1,,,,,,,,,30,1,,,1000,,,,,,,281,469,,,,,,,,,,,,,,,,,,,,1933,,,,,,1000,,,1,,3,,,,,,,,,LPAT595
Inflatable Crocodile,,0,7,513,1000,0,10,30,3995,246,580,,,,,158,30,,70,1,,,,,,,,,30,1,,,800,,,,,,,290,558,,,,,,,,,,,,,,,,,,,,1944,,,,,,1000,,,,,3,,,,,2383,,,1,LPAT596
Inflatable Flamingo,,0,7,513,1000,0,10,30,3994,246,580,,,,,135,30,,70,1,,,,,,,,,30,1,,,800,,,,,,,290,558,,,,,,,,,,,,,,,,,,,,1944,,,,,,1000,,,,,3,,,,,2384,,,,LPAT597
Surfboard,,0,7,513,1000,0,10,30,9145,246,580,,,,,160,30,,70,1,,,,,,,,,30,1,,,800,,,,,,,290,558,,,,,,,,,,,,,,,,,,,,1954,,,,,,1000,,,,,3,,,,,2378,,,1,LPAT598
,,,,,,,,,,,,,,,,,,,,,,,,,,,,,,,,, ,,,,,,,,,,,,,,,,,,,,,,,,,,,,,,,,,,,,,,,,,,,,,,,,
Bike Test Frame,,0,6,511,1000,0,10,47,8390,246,580,,,,,155,47,,,,,,,,,,,,40,,,,,,,,,,,500,502,,,,,,,,,,,,,,,,,,,,,,,,,,5500,,,,,,,,,,,,,,LPAT600
Bike Test Engine,,1,6,521,620,0,5,42,6223,246,580,,,,,155,36,,,,,,,,,,,,40,,600,3,126,13,,,,,,,,,,,,,,,,,,,,,,,,,,,,,,,,,,,,,,,,,,,,,,,LPAT601
Bike Test Wheels,,2,6,531,550,0,5,38,7234,246,580,,,,,155,36,,,,,,,,,,,,32,,,,137,30,,,,,,500,502,,,,,,,,302,671,,,,,,,,,,,,,,,,,,,,,,,,,,,,,,,LPAT602
Reindeer Scooter,,0,6,511,1000,0,10,47,9326,246,580,,,,,22,47,,,,,,,23,100,,21,20,40,,,,,,,,,,,281,261,,,,,,,,,,,,,,,,,,,,,,,,,,5500,,,,,,,,,,2186,,,,LPAT603
Reindeer Scooter Engine,,1,6,521,620,0,5,42,9330,246,580,,,,,22,36,,,,,,,,,,,,40,,600,3,126,13,,,,,,,,,,,,,,,,,,,,,,,,,,,,,,,,,,,,,,,,,,,2186,,,,LPAT604
Reindeer Scooter Wheels,,2,6,531,550,0,5,38,9328,246,580,,,,,22,36,,,,,,,,,,,,32,,,,137,30,,,,,,281,261,,,,,,,,302,671,,,,,,,,,,,,,,,,,,,,,,,,,,,2186,,,,LPAT605
Blue Cinderella Carriage,,0,7,513,1000,0,10,30,9472,246,580,,,,,161,30,,70,1,,,,,,,,,30,1,,,1000,,,,,,,281,261,,,,,,,,,,,,,,,,,,,,313,,,,,,1000,,,,,3,,,,,,,,,LPAT606
Pink Cinderella Carriage,,0,7,513,1000,0,10,30,9473,246,580,,,,,161,30,,70,1,,,,,,,,,30,1,,,1000,,,,,,,281,261,,,,,,,,,,,,,,,,,,,,313,,,,,,1000,,,,,3,,,,,,,,,LPAT607
Valentines Carriage,,0,7,513,1000,0,20,30,7557,246,580,,,,,164,30,,70,1,,,,,,,,,30,1,,,1000,,,,,,,281,261,,,,,,,,,,,,,,,,,,,,,,,,,,1000,,,1,,3,,,,,,,,,LPAT608
,,,,,,,,,,,,,,,,,,,,,,,,,,,,,,,,, ,,,,,,,,,,,,,,,,,,,,,,,,,,,,,,,,,,,,,,,,,,,,,,,,
,,,,,,,,,,,,,,,,,,,,,,,,,,,,,,,,, ,,,,,,,,,,,,,,,,,,,,,,,,,,,,,,,,,,,,,,,,,,,,,,,,
,,,,,,,,,,,,,,,,,,,,,,,,,,,,,,,,, ,,,,,,,,,,,,,,,,,,,,,,,,,,,,,,,,,,,,,,,,,,,,,,,,
,,,,,,,,,,,,,,,,,,,,,,,,,,,,,,,,, ,,,,,,,,,,,,,,,,,,,,,,,,,,,,,,,,,,,,,,,,,,,,,,,,
,,,,,,,,,,,,,,,,,,,,,,,,,,,,,,,,, ,,,,,,,,,,,,,,,,,,,,,,,,,,,,,,,,,,,,,,,,,,,,,,,,
,,,,,,,,,,,,,,,,,,,,,,,,,,,,,,,,, ,,,,,,,,,,,,,,,,,,,,,,,,,,,,,,,,,,,,,,,,,,,,,,,,
,,,,,,,,,,,,,,,,,,,,,,,,,,,,,,,,, ,,,,,,,,,,,,,,,,,,,,,,,,,,,,,,,,,,,,,,,,,,,,,,,,
,,,,,,,,,,,,,,,,,,,,,,,,,,,,,,,,, ,,,,,,,,,,,,,,,,,,,,,,,,,,,,,,,,,,,,,,,,,,,,,,,,
Spiderman Frame,3Ddata\PAT\CART\BODY\cart01_BODY190.txt,0,0,511,1,0,20,76,3595,246,580,,,,,21,30,,,,,,,19,55,,21,75,50,1,,, ,,,,,,,281,261,,,,,,,670,,,,,,,,,,,,,,,,,,,3000,,,,,1,,,,,2186,,,,LPAT617
,,,,,,,,,,,,,,,,,,,,,,,,,,,,,,,,, ,,,,,,,,,,,,,,,,,,,,,,,,,,,,,,,,,,,,,,,,,,,,,,,,
,,,,,,,,,,,,,,,,,,,,,,,,,,,,,,,,, ,,,,,,,,,,,,,,,,,,,,,,,,,,,,,,,,,,,,,,,,,,,,,,,,
,,,,,,,,,,,,,,,,,,,,,,,,,,,,,,,,, ,,,,,,,,,,,,,,,,,,,,,,,,,,,,,,,,,,,,,,,,,,,,,,,,
,,,,,,,,,,,,,,,,,,,,,,,,,,,,,,,,, ,,,,,,,,,,,,,,,,,,,,,,,,,,,,,,,,,,,,,,,,,,,,,,,,
,,,,,,,,,,,,,,,,,,,,,,,,,,,,,,,,, ,,,,,,,,,,,,,,,,,,,,,,,,,,,,,,,,,,,,,,,,,,,,,,,,
,,,,,,,,,,,,,,,,,,,,,,,,,,,,,,,,, ,,,,,,,,,,,,,,,,,,,,,,,,,,,,,,,,,,,,,,,,,,,,,,,,
,,,,,,,,,,,,,,,,,,,,,,,,,,,,,,,,, ,,,,,,,,,,,,,,,,,,,,,,,,,,,,,,,,,,,,,,,,,,,,,,,,
,,,,,,,,,,,,,,,,,,,,,,,,,,,,,,,,, ,,,,,,,,,,,,,,,,,,,,,,,,,,,,,,,,,,,,,,,,,,,,,,,,
,,,,,,,,,,,,,,,,,,,,,,,,,,,,,,,,, ,,,,,,,,,,,,,,,,,,,,,,,,,,,,,,,,,,,,,,,,,,,,,,,,
,,,,,,,,,,,,,,,,,,,,,,,,,,,,,,,,, ,,,,,,,,,,,,,,,,,,,,,,,,,,,,,,,,,,,,,,,,,,,,,,,,
,,,,,,,,,,,,,,,,,,,,,,,,,,,,,,,,, ,,,,,,,,,,,,,,,,,,,,,,,,,,,,,,,,,,,,,,,,,,,,,,,,
,,,,,,,,,,,,,,,,,,,,,,,,,,,,,,,,, ,,,,,,,,,,,,,,,,,,,,,,,,,,,,,,,,,,,,,,,,,,,,,,,,
,,,,,,,,,,,,,,,,,,,,,,,,,,,,,,,,, ,,,,,,,,,,,,,,,,,,,,,,,,,,,,,,,,,,,,,,,,,,,,,,,,
,,,,,,,,,,,,,,,,,,,,,,,,,,,,,,,,, ,,,,,,,,,,,,,,,,,,,,,,,,,,,,,,,,,,,,,,,,,,,,,,,,
,,,,,,,,,,,,,,,,,,,,,,,,,,,,,,,,, ,,,,,,,,,,,,,,,,,,,,,,,,,,,,,,,,,,,,,,,,,,,,,,,,
,,,,,,,,,,,,,,,,,,,,,,,,,,,,,,,,, ,,,,,,,,,,,,,,,,,,,,,,,,,,,,,,,,,,,,,,,,,,,,,,,,
,,,,,,,,,,,,,,,,,,,,,,,,,,,,,,,,, ,,,,,,,,,,,,,,,,,,,,,,,,,,,,,,,,,,,,,,,,,,,,,,,,
,,,,,,,,,,,,,,,,,,,,,,,,,,,,,,,,, ,,,,,,,,,,,,,,,,,,,,,,,,,,,,,,,,,,,,,,,,,,,,,,,,
,,,,,,,,,,,,,,,,,,,,,,,,,,,,,,,,, ,,,,,,,,,,,,,,,,,,,,,,,,,,,,,,,,,,,,,,,,,,,,,,,,
,,,,,,,,,,,,,,,,,,,,,,,,,,,,,,,,, ,,,,,,,,,,,,,,,,,,,,,,,,,,,,,,,,,,,,,,,,,,,,,,,,
,,,,,,,,,,,,,,,,,,,,,,,,,,,,,,,,, ,,,,,,,,,,,,,,,,,,,,,,,,,,,,,,,,,,,,,,,,,,,,,,,,
,,,,,,,,,,,,,,,,,,,,,,,,,,,,,,,,, ,,,,,,,,,,,,,,,,,,,,,,,,,,,,,,,,,,,,,,,,,,,,,,,,
,,,,,,,,,,,,,,,,,,,,,,,,,,,,,,,,, ,,,,,,,,,,,,,,,,,,,,,,,,,,,,,,,,,,,,,,,,,,,,,,,,
,,,,,,,,,,,,,,,,,,,,,,,,,,,,,,,,, ,,,,,,,,,,,,,,,,,,,,,,,,,,,,,,,,,,,,,,,,,,,,,,,,
Spiderman Wheels,3Ddata\PAT\CART\WHEEL\cart01_WHEEL190.txt,2,0,531,1,0,10,30,3622,246,580,,,,,21,30,,,,,,,19,10,,21,12,50,,,,131,20,,,,,,281,261,,,,,,,,302,671,,,,,,,,,,,,,,,,,,,,,,1,,,,,2186,,,,LPAT642
,,,,,,,,,,,,,,,,,,,,,,,,,,,,,,,,, ,,,,,,,,,,,,,,,,,,,,,,,,,,,,,,,,,,,,,,,,,,,,,,,,
,,,,,,,,,,,,,,,,,,,,,,,,,,,,,,,,, ,,,,,,,,,,,,,,,,,,,,,,,,,,,,,,,,,,,,,,,,,,,,,,,,
,,,,,,,,,,,,,,,,,,,,,,,,,,,,,,,,, ,,,,,,,,,,,,,,,,,,,,,,,,,,,,,,,,,,,,,,,,,,,,,,,,
,,,,,,,,,,,,,,,,,,,,,,,,,,,,,,,,, ,,,,,,,,,,,,,,,,,,,,,,,,,,,,,,,,,,,,,,,,,,,,,,,,
,,,,,,,,,,,,,,,,,,,,,,,,,,,,,,,,, ,,,,,,,,,,,,,,,,,,,,,,,,,,,,,,,,,,,,,,,,,,,,,,,,
,,,,,,,,,,,,,,,,,,,,,,,,,,,,,,,,, ,,,,,,,,,,,,,,,,,,,,,,,,,,,,,,,,,,,,,,,,,,,,,,,,
,,,,,,,,,,,,,,,,,,,,,,,,,,,,,,,,, ,,,,,,,,,,,,,,,,,,,,,,,,,,,,,,,,,,,,,,,,,,,,,,,,
,,,,,,,,,,,,,,,,,,,,,,,,,,,,,,,,, ,,,,,,,,,,,,,,,,,,,,,,,,,,,,,,,,,,,,,,,,,,,,,,,,
,,,,,,,,,,,,,,,,,,,,,,,,,,,,,,,,, ,,,,,,,,,,,,,,,,,,,,,,,,,,,,,,,,,,,,,,,,,,,,,,,,
,,,,,,,,,,,,,,,,,,,,,,,,,,,,,,,,, ,,,,,,,,,,,,,,,,,,,,,,,,,,,,,,,,,,,,,,,,,,,,,,,,
,,,,,,,,,,,,,,,,,,,,,,,,,,,,,,,,, ,,,,,,,,,,,,,,,,,,,,,,,,,,,,,,,,,,,,,,,,,,,,,,,,
,,,,,,,,,,,,,,,,,,,,,,,,,,,,,,,,, ,,,,,,,,,,,,,,,,,,,,,,,,,,,,,,,,,,,,,,,,,,,,,,,,
Molten Reinforced Stock Core,3Ddata\PAT\CastleGear\CastleGear02\BODY\CastleGear02_BODY061.txt,0,0,512,534900,0,50,37,3632,246,580,,,,,31,35,,,,31,80,,19,325,,21,65,52,,,30, ,,,,,,,311,261,,,,,,,700,,,,,,,,,,,,,,,,,,,5000,,,,,2,,,,,2188,,,,LPAT655
Cyborg Core,3Ddata\PAT\CastleGear\CastleGear02\BODY\CastleGear02_BODY071.txt,0,,512,628400,0,50,50,3633,246,580,,,,,31,40,,,,31,90,,19,370,,21,75,52,,,30, ,,,,,,,311,261,,,,,,,700,,,,,,,,,,,,,,,,,,,5000,,,,,2,,,,,2188,,,,LPAT656
thRose,3Ddata\PAT\CastleGear\CastleGear02\BODY\CastleGear02_BODY081.txt,0,0,512,1,0,50,,3634,246,580,,,,,31,35,,,,31,100,,19,1,,21,1,50,,,20, ,,,,,,,311,261,,,,,,,700,,,,,,,,,,,,,,,,,,,,,,,,2,,,,,2188,,,,LPAT657
Molten Runihol Leg,3Ddata\PAT\CastleGear\CastleGear02\LEG\CastleGear02_leg061.txt,2,,532,246700,0,30,34,3635,246,580,,,,,31,34,,,,,,,19,100,,21,40,44,,,,30,,,,,,,,,,,,,,,,1251,701,,,,,,,,,,,,,,,,,,,,,,2,,,,,2188,,,,LPAT658
Hydraulic Leg,3Ddata\PAT\CastleGear\CastleGear02\LEG\CastleGear02_leg071.txt,2,,532,312900,0,30,50,3636,246,580,,,,,31,30,,,,,,,19,110,,21,45,41,,,,30,,,,,,,,,,,,,,,,1251,701,,,,,,,,,,,,,,,,,,,,,,2,,,,,2188,,,,LPAT659
thRose,3Ddata\PAT\CastleGear\CastleGear02\LEG\CastleGear02_leg081.txt,2,0,532,1,0,30,,3637,246,580,,,,,31,35,,,,,,,19,1,,21,1,50,,,,30,,,,,,,,,,,,,,,,1251,701,,,,,,,,,,,,,,,,,,,,,,2,,,,,2188,,,,LPAT660
Molten Punch Arms,3Ddata\PAT\CastleGear\CastleGear02\ARMS\CastleGear02_arm061.txt,4,0,552,423500,0,40,40,3638,246,580,,,,,31,30,,,,,,,18,60,,26,25,52,,,3, ,,350,350,10,,,1,261,,,,,,,,,,131,704,520,125,,,,,,,,,,,,,,,,,,2,,,,,2188,,,,LPAT661
Grappling Arms,3Ddata\PAT\CastleGear\CastleGear02\ARMS\CastleGear02_arm071.txt,4,0,552,499200,0,40,50,3640,246,580,,,,,31,35,,,,,,,18,180,,26,50,73,,,3, ,,350,350,10,,,1,261,,,,,,,,,,131,704,520,125,,,,,,,,,,,,,,,,,,2,,,,,2188,,,,LPAT662
,,,,,,,,,,,,,,,,,,,,,,,,,,,,,,,,, ,,,,,,,,,,,,,,,,,,,,,,,,,,,,,,,,,,,,,,,,,,,,,,,,
,,,,,,,,,,,,,,,,,,,,,,,,,,,,,,,,, ,,,,,,,,,,,,,,,,,,,,,,,,,,,,,,,,,,,,,,,,,,,,,,,,
,,,,,,,,,,,,,,,,,,,,,,,,,,,,,,,,, ,,,,,,,,,,,,,,,,,,,,,,,,,,,,,,,,,,,,,,,,,,,,,,,,
,,,,,,,,,,,,,,,,,,,,,,,,,,,,,,,,, ,,,,,,,,,,,,,,,,,,,,,,,,,,,,,,,,,,,,,,,,,,,,,,,,
,,,,,,,,,,,,,,,,,,,,,,,,,,,,,,,,, ,,,,,,,,,,,,,,,,,,,,,,,,,,,,,,,,,,,,,,,,,,,,,,,,
,,,,,,,,,,,,,,,,,,,,,,,,,,,,,,,,, ,,,,,,,,,,,,,,,,,,,,,,,,,,,,,,,,,,,,,,,,,,,,,,,,
,,,,,,,,,,,,,,,,,,,,,,,,,,,,,,,,, ,,,,,,,,,,,,,,,,,,,,,,,,,,,,,,,,,,,,,,,,,,,,,,,,
,,,,,,,,,,,,,,,,,,,,,,,,,,,,,,,,, ,,,,,,,,,,,,,,,,,,,,,,,,,,,,,,,,,,,,,,,,,,,,,,,,
,,,,,,,,,,,,,,,,,,,,,,,,,,,,,,,,, ,,,,,,,,,,,,,,,,,,,,,,,,,,,,,,,,,,,,,,,,,,,,,,,,
,,,,,,,,,,,,,,,,,,,,,,,,,,,,,,,,, ,,,,,,,,,,,,,,,,,,,,,,,,,,,,,,,,,,,,,,,,,,,,,,,,
,,,,,,,,,,,,,,,,,,,,,,,,,,,,,,,,, ,,,,,,,,,,,,,,,,,,,,,,,,,,,,,,,,,,,,,,,,,,,,,,,,
,,,,,,,,,,,,,,,,,,,,,,,,,,,,,,,,, ,,,,,,,,,,,,,,,,,,,,,,,,,,,,,,,,,,,,,,,,,,,,,,,,
,,,,,,,,,,,,,,,,,,,,,,,,,,,,,,,,, ,,,,,,,,,,,,,,,,,,,,,,,,,,,,,,,,,,,,,,,,,,,,,,,,
,,,,,,,,,,,,,,,,,,,,,,,,,,,,,,,,, ,,,,,,,,,,,,,,,,,,,,,,,,,,,,,,,,,,,,,,,,,,,,,,,,
,,,,,,,,,,,,,,,,,,,,,,,,,,,,,,,,, ,,,,,,,,,,,,,,,,,,,,,,,,,,,,,,,,,,,,,,,,,,,,,,,,
,,,,,,,,,,,,,,,,,,,,,,,,,,,,,,,,, ,,,,,,,,,,,,,,,,,,,,,,,,,,,,,,,,,,,,,,,,,,,,,,,,
Red Sport Car Wheels,3Ddata\PAT\CART\WHEEL\cart01_WHEEL270.txt,2,0,531,10000,0,10,30,4624,246,580,,,,,21,30,,,,,,,,,,,,127,,,,184,40,,,,,,281,261,,,,,,,,302,671,,,,,,,,,,,,,,,,,,,,,,1,,,,,2186,,,,PAT679
,,,,,,,,,,,,,,,,,,,,,,,,,,,,,,,,, ,,,,,,,,,,,,,,,,,,,,,,,,,,,,,,,,,,,,,,,,,,,,,,,,
,,,,,,,,,,,,,,,,,,,,,,,,,,,,,,,,, ,,,,,,,,,,,,,,,,,,,,,,,,,,,,,,,,,,,,,,,,,,,,,,,,
,,,,,,,,,,,,,,,,,,,,,,,,,,,,,,,,, ,,,,,,,,,,,,,,,,,,,,,,,,,,,,,,,,,,,,,,,,,,,,,,,,
,,,,,,,,,,,,,,,,,,,,,,,,,,,,,,,,, ,,,,,,,,,,,,,,,,,,,,,,,,,,,,,,,,,,,,,,,,,,,,,,,,
,,,,,,,,,,,,,,,,,,,,,,,,,,,,,,,,, ,,,,,,,,,,,,,,,,,,,,,,,,,,,,,,,,,,,,,,,,,,,,,,,,
,,,,,,,,,,,,,,,,,,,,,,,,,,,,,,,,, ,,,,,,,,,,,,,,,,,,,,,,,,,,,,,,,,,,,,,,,,,,,,,,,,
,,,,,,,,,,,,,,,,,,,,,,,,,,,,,,,,, ,,,,,,,,,,,,,,,,,,,,,,,,,,,,,,,,,,,,,,,,,,,,,,,,
,,,,,,,,,,,,,,,,,,,,,,,,,,,,,,,,, ,,,,,,,,,,,,,,,,,,,,,,,,,,,,,,,,,,,,,,,,,,,,,,,,
,,,,,,,,,,,,,,,,,,,,,,,,,,,,,,,,, ,,,,,,,,,,,,,,,,,,,,,,,,,,,,,,,,,,,,,,,,,,,,,,,,
,,,,,,,,,,,,,,,,,,,,,,,,,,,,,,,,, ,,,,,,,,,,,,,,,,,,,,,,,,,,,,,,,,,,,,,,,,,,,,,,,,
,,,,,,,,,,,,,,,,,,,,,,,,,,,,,,,,, ,,,,,,,,,,,,,,,,,,,,,,,,,,,,,,,,,,,,,,,,,,,,,,,,
,,,,,,,,,,,,,,,,,,,,,,,,,,,,,,,,, ,,,,,,,,,,,,,,,,,,,,,,,,,,,,,,,,,,,,,,,,,,,,,,,,
,,,,,,,,,,,,,,,,,,,,,,,,,,,,,,,,, ,,,,,,,,,,,,,,,,,,,,,,,,,,,,,,,,,,,,,,,,,,,,,,,,
,,,,,,,,,,,,,,,,,,,,,,,,,,,,,,,,, ,,,,,,,,,,,,,,,,,,,,,,,,,,,,,,,,,,,,,,,,,,,,,,,,
,,,,,,,,,,,,,,,,,,,,,,,,,,,,,,,,, ,,,,,,,,,,,,,,,,,,,,,,,,,,,,,,,,,,,,,,,,,,,,,,,,
,,,,,,,,,,,,,,,,,,,,,,,,,,,,,,,,, ,,,,,,,,,,,,,,,,,,,,,,,,,,,,,,,,,,,,,,,,,,,,,,,,
,,,,,,,,,,,,,,,,,,,,,,,,,,,,,,,,, ,,,,,,,,,,,,,,,,,,,,,,,,,,,,,,,,,,,,,,,,,,,,,,,,
,,,,,,,,,,,,,,,,,,,,,,,,,,,,,,,,, ,,,,,,,,,,,,,,,,,,,,,,,,,,,,,,,,,,,,,,,,,,,,,,,,
,,,,,,,,,,,,,,,,,,,,,,,,,,,,,,,,, ,,,,,,,,,,,,,,,,,,,,,,,,,,,,,,,,,,,,,,,,,,,,,,,,
,,,,,,,,,,,,,,,,,,,,,,,,,,,,,,,,, ,,,,,,,,,,,,,,,,,,,,,,,,,,,,,,,,,,,,,,,,,,,,,,,,
Stone Hammers,3Ddata\PAT\CART\WEAPON\cart01_weapon01.txt,4,,551,88290,0,55,55,2253,246,580,,,,,21,28,,,,31,70,,,,,,,49,,,, ,,200,103,7,,,0,261,,,,,,,,,,,50,110,50,,,,,,,,,,,,,,41,,,,1,,101,,,2186,,,,LPAT700
Doom Hammers,3Ddata\PAT\CART\WEAPON\cart01_weapon02.txt,4,,551,149580,0,55,60,2259,246,580,,,,,21,28,,,,31,90,,,,,,,52,,,, ,,200,145,7,,,1,261,,,,,,,,,,,50,110,50,,,,,,,,,,,,,,41,,,,1,,101,,,2186,,,,LPAT701
Battle Bow,3Ddata\PAT\CART\WEAPON\cart01_weapon03.txt,4,,551,54990,0,15,58,2257,246,580,,,,,21,28,,,,31,70,,,,,,,49,,,, ,,1500,103,7,,,2,261,,,,,,,,,,,78,110,78,151,,,,,,,,,,,8,,43,,,,1,,102,,,2186,,,,LPAT702
Tarkion Bow,3Ddata\PAT\CART\WEAPON\cart01_weapon04.txt,4,,551,102510,0,20,67,2260,246,580,,,,,21,28,,,,31,90,,,,,,,52,,,, ,,1600,139,7,,,3,261,,,,,,,,,,,78,110,78,151,,,,,,,,,,,8,,43,,,,1,,102,,,2186,,,,LPAT703
Battle Katar,3Ddata\PAT\CART\WEAPON\cart01_weapon05.txt,4,,551,49140,0,30,50,2255,246,580,,,,,21,28,,,,31,70,,,,,,,48,,,, ,,250,85,7,,,4,261,,,,,,,,,,,39,110,39,,,,,,,,,,,,,,43,,,,1,,107,,,2186,,,,LPAT704
Battle Spikes,3Ddata\PAT\CART\WEAPON\cart01_weapon06.txt,4,,551,96750,0,30,58,2256,246,580,,,,,21,28,,,,31,90,,,,,,,52,,,, ,,250,127,7,,,5,261,,,,,,,,,,,39,110,39,,,,,,,,,,,,,,43,,,,1,,108,,,2186,,,,LPAT705
Battle Mirror,3Ddata\PAT\CART\WEAPON\cart01_weapon07.txt,4,,551,79020,0,5,52,2258,246,580,,,,,21,28,,,,31,70,,,,,,,49,,,, ,,1600,79,7,,,6,261,,,,,,,,,,,90,110,90,261,,,,,,,,,,,9,,42,,,,1,,105,,,2186,,,,LPAT706
Battle Crystal,3Ddata\PAT\CART\WEAPON\cart01_weapon08.txt,4,,551,152010,0,10,60,2254,246,580,,,,,21,28,,,,31,90,,,,,,,53,,,, ,,1600,108,7,,,7,261,,,,,,,,,,,84,110,84,261,,,,,,,,,,,9,,42,,,,1,,106,,,2186,,,,LPAT707
Battle Machine Gun,3Ddata\PAT\CART\ABILITY\cart01_ability05.txt,4,,551,70200,0,25,60,2249,246,580,,,,,21,28,,,,31,70,,,,,,,49,,,, ,,1370,104,7,,,9,261,,,,,,,,,,,82,,82,286,,,,,,,,,,,7,,44,,,,1,,103,,,2186,,,,LPAT708
Battle Launcher,3Ddata\PAT\CART\ABILITY\cart01_ability06.txt,4,,551,133020,0,30,69,2250,246,580,,,,,21,28,,,,31,90,,,,,,,52,,,, ,,1400,140,7,,,8,261,,,,,,,,,,,81,,81,191,,,,,,,,,,,7,,44,,,,1,,104,,,2186,,,,LPAT709
,,,,,,,,,,,,,,,,,,,,,,,,,,,,,,,,, ,,,,,,,,,,,,,,,,,,,,,,,,,,,,,,,,,,,,,,,,,,,,,,,,
,,,,,,,,,,,,,,,,,,,,,,,,,,,,,,,,, ,,,,,,,,,,,,,,,,,,,,,,,,,,,,,,,,,,,,,,,,,,,,,,,,
,,,,,,,,,,,,,,,,,,,,,,,,,,,,,,,,, ,,,,,,,,,,,,,,,,,,,,,,,,,,,,,,,,,,,,,,,,,,,,,,,,
,,,,,,,,,,,,,,,,,,,,,,,,,,,,,,,,, ,,,,,,,,,,,,,,,,,,,,,,,,,,,,,,,,,,,,,,,,,,,,,,,,
,,,,,,,,,,,,,,,,,,,,,,,,,,,,,,,,, ,,,,,,,,,,,,,,,,,,,,,,,,,,,,,,,,,,,,,,,,,,,,,,,,
Dragon Frame,3Ddata\PAT\CART\BODY\doragon_cart_1219_wa.txt,0,7,511,1000,0,20,30,8159,246,580,,,,,21,62,,,,,,,,,,,,100,,,, ,,,,,,,281,261,,,,,,,670,,,,,,,,,,,,,,,,,,,3000,,,,,1,,,,,2187,,,,PAT715
,,,,,,,,,,,,,,,,,,,,,,,,,,,,,,,,, ,,,,,,,,,,,,,,,,,,,,,,,,,,,,,,,,,,,,,,,,,,,,,,,,
,,,,,,,,,,,,,,,,,,,,,,,,,,,,,,,,, ,,,,,,,,,,,,,,,,,,,,,,,,,,,,,,,,,,,,,,,,,,,,,,,,
Rollercoaster Cart,3Ddata\PAT\CART\BODY\cart01_BODY220.txt,0,0,511,10000,0,20,30,3887,246,580,,,,,21,30,,,,,,,,,,,,20,,,, ,,,,,,,281,261,,,,,,,670,,,,,,,,,,,,,,,,,,,3000,,,,,1,,,,,2186,,,,PAT718
,,,,,,,,,,,,,,,,,,,,,,,,,,,,,,,,, ,,,,,,,,,,,,,,,,,,,,,,,,,,,,,,,,,,,,,,,,,,,,,,,,
Red Racecar Frame,3Ddata\PAT\CART\BODY\cart01_BODY060.txt,0,6,511,1000,0,20,30,4563,246,580,,,,,21,62,,,,,,,23,100,,,,100,,,, ,,,,,,,281,261,,,,,,,670,,,,,,,,,,,,,,,,,,,3000,,,,,1,,,,,2186,,,,PAT720
Panda Frame,3Ddata\PAT\CART\BODY\cart01_BODY070.txt,0,6,511,0,0,20,30,4564,246,580,,,,,21,62,,,,,,,,,,,,127,,,, ,,,,,,,281,261,,,,,,,670,,,,,,,,,,,,,,,,,,,3000,,,,,1,,,,,2186,,,,PAT721
Pink SubJet Frame,3Ddata\PAT\CART\BODY\cart01_BODY080.txt,0,7,511,10000,0,20,30,4565,246,580,,,,,21,62,,,,,,,,,,,,20,,,, ,,,,,,,281,261,,,,,,,670,,,,,,,,,,,,,,,,,,,3000,,,,,1,,,,,2186,,,,PAT722
Green MiniTank Frame,3Ddata\PAT\CART\BODY\cart01_BODY090.txt,0,,511,811000,0,20,78,4566,246,580,21,7,1046,65,21,55,,,,,,,23,100,,,,100,,,, ,,,,,,,281,261,,,,,,,670,,,,,,,,,,,,,,,,,,,3000,,,,,1,,,,,2186,,,,PAT723
Yellow Sport Frame,3Ddata\PAT\CART\BODY\cart01_BODY140.txt,0,6,511,1000,0,20,30,4567,246,580,,,,,21,62,,,,,,,23,100,,,,100,,,, ,,,,,,,281,261,,,,,,,670,,,,,,,,,,,,,,,,,,,3000,,,,,1,,,,,2186,,,,PAT724
Blue Racecar Frame,3Ddata\PAT\CART\BODY\cart01_BODY100.txt,0,6,511,1000,0,20,30,4568,246,580,,,,,21,62,,,,,,,23,100,,,,100,,,, ,,,,,,,281,261,,,,,,,670,,,,,,,,,,,,,,,,,,,3000,,,,,1,,,,,2186,,,,PAT725
Hamster Frame,3Ddata\PAT\CART\BODY\cart01_BODY110.txt,0,6,511,0,0,20,30,4569,246,580,,,,,21,62,,,,,,,,,,,,100,,,, ,,,,,,,281,261,,,,,,,670,,,,,,,,,,,,,,,,,,,3000,,,,,1,,,,,2186,,,,PAT726
Orange SubJet Frame,3Ddata\PAT\CART\BODY\cart01_BODY120.txt,0,7,511,10000,0,20,30,4570,246,580,,,,,21,62,,,,,,,,,,,,20,,,, ,,,,,,,281,261,,,,,,,670,,,,,,,,,,,,,,,,,,,3000,,,,,1,,,,,2186,,,,PAT727
Pink MiniTank Frame,3Ddata\PAT\CART\BODY\cart01_BODY130.txt,0,,511,811000,0,20,78,4571,246,580,,,,,21,55,,,,,,,23,100,,,,100,,,, ,,,,,,,281,261,,,,,,,670,,,,,,,,,,,,,,,,,,,3000,,,,,1,,,,,2186,,,,PAT728
Red Sport Frame,3Ddata\PAT\CART\BODY\cart01_BODY270.txt,0,6,511,1000,0,20,30,4572,246,580,,,,,21,62,,,,,,,23,100,,,,100,,,, ,,,,,,,281,261,,,,,,,670,,,,,,,,,,,,,,,,,,,3000,,,,,1,,,,,2186,,,,PAT729
Green Racecar Frame,3Ddata\PAT\CART\BODY\cart01_BODY150.txt,0,6,511,1000,0,20,30,4573,246,580,,,,,21,62,,,,,,,23,100,,,,100,,,, ,,,,,,,281,261,,,,,,,670,,,,,,,,,,,,,,,,,,,3000,,,,,1,,,,,2186,,,,PAT730
Dark SuperHero Frame,3Ddata\PAT\CART\BODY\cart01_BODY180.txt,0,7,511,1000,0,20,30,4574,246,580,,,,,21,62,,,,,,,,,,,,100,,,, ,,,,,,,281,261,,,,,,,670,,,,,,,,,,,,,,,,,,,3000,,,,,1,,,,,2186,,,,PAT731
Purple SubJet Frame,3Ddata\PAT\CART\BODY\cart01_BODY210.txt,0,7,511,10000,0,20,30,4576,246,580,,,,,21,62,,,,,,,,,,,,20,,,, ,,,,,,,281,261,,,,,,,670,,,,,,,,,,,,,,,,,,,3000,,,,,1,,,,,2186,,,,PAT732
Grey MiniTank Frame,3Ddata\PAT\CART\BODY\cart01_BODY240.txt,0,,511,1000,0,20,30,4577,246,580,,,,,21,62,,,,,,,23,100,,,,100,,,, ,,,,,,,281,261,,,,,,,670,,,,,,,,,,,,,,,,,,,3000,,,,,1,,,,,2186,,,,PAT733
Black Sport Frame,3Ddata\PAT\CART\BODY\cart01_BODY280.txt,0,6,511,1000,0,20,30,4578,246,580,,,,,21,62,,,,,,,23,100,,,,100,,,, ,,,,,,,281,261,,,,,,,670,,,,,,,,,,,,,,,,,,,3000,,,,,1,,,,,2186,,,,PAT734
Orange Racecar Frame,3Ddata\PAT\CART\BODY\cart01_BODY160.txt,0,6,511,1000,0,20,30,4579,246,580,,,,,21,62,,,,,,,23,100,,,,100,,,, ,,,,,,,281,261,,,,,,,670,,,,,,,,,,,,,,,,,,,3000,,,,,1,,,,,2186,,,,PAT735
Spiderman Frame,3Ddata\PAT\CART\BODY\cart01_BODY190.txt,0,7,511,10000,0,20,30,4580,246,580,,,,,21,62,,,,,,,,,,,,127,,,, ,,,,,,,281,261,,,,,,,670,,,,,,,,,,,,,,,,,,,3000,,,,,1,,,,,2186,,,,PAT736
Green SubJet Frame,3Ddata\PAT\CART\BODY\cart01_BODY220.txt,0,7,511,10000,0,20,30,4581,246,580,,,,,21,62,,,,,,,,,,,,20,,,, ,,,,,,,281,261,,,,,,,670,,,,,,,,,,,,,,,,,,,3000,,,,,1,,,,,2186,,,,PAT737
Blue MiniTank Frame,3Ddata\PAT\CART\BODY\cart01_BODY250.txt,0,,511,811000,0,20,78,4582,246,580,21,7,1047,65,21,55,,,,,,,23,100,,,,100,,,, ,,,,,,,281,261,,,,,,,670,,,,,,,,,,,,,,,,,,,3000,,,,,1,,,,,2186,,,,PAT738
Blue Sport Frame,3Ddata\PAT\CART\BODY\cart01_BODY290.txt,0,6,511,1000,0,20,30,4583,246,580,,,,,21,62,,,,,,,23,100,,,,100,,,, ,,,,,,,281,261,,,,,,,670,,,,,,,,,,,,,,,,,,,3000,,,,,1,,,,,2186,,,,PAT739
Black Racecar Frame,3Ddata\PAT\CART\BODY\cart01_BODY170.txt,0,6,511,1000,0,20,30,4584,246,580,,,,,21,62,,,,,,,23,100,,,,100,,,, ,,,,,,,281,261,,,,,,,670,,,,,,,,,,,,,,,,,,,3000,,,,,1,,,,,2186,,,,PAT740
Yellow SuperHero Frame,3Ddata\PAT\CART\BODY\cart01_BODY200.txt,0,7,511,1000,0,20,30,4585,246,580,,,,,21,62,,,,,,,,,,,,100,,,, ,,,,,,,281,261,,,,,,,670,,,,,,,,,,,,,,,,,,,3000,,,,,1,,,,,2186,,,,PAT741
Grey SubJet Frame,3Ddata\PAT\CART\BODY\cart01_BODY230.txt,0,7,511,10000,0,20,30,4586,246,580,,,,,21,62,,,,,,,,,,,,20,,,, ,,,,,,,281,261,,,,,,,670,,,,,,,,,,,,,,,,,,,3000,,,,,1,,,,,2186,,,,PAT742
Yellow MiniTank Frame,3Ddata\PAT\CART\BODY\cart01_BODY260.txt,0,,511,811000,0,20,78,4587,246,580,21,7,1048,65,21,55,,,,,,,23,100,,,,100,,,, ,,,,,,,281,261,,,,,,,670,,,,,,,,,,,,,,,,,,,3000,,,,,1,,,,,2186,,,,PAT743
Police Sport Frame,3Ddata\PAT\CART\BODY\cart01_BODY300.txt,0,6,511,1000,0,20,30,4589,246,580,,,,,21,62,,,,,,,23,100,,,,100,,,, ,,,,,,,281,261,,,,,,,670,,,,,,,,,,,,,,,,,,,3000,,,,,1,,,,,2186,,,,PAT744
Puppy Frame,3Ddata\PAT\CART\BODY\cart01_BODY301.txt,0,7,511,1000,0,20,30,4590,246,580,,,,,21,62,,,,,,,,,,,,100,,,, ,,,,,,,281,261,,,,,,,670,,,,,,,,,,,,,,,,,,,3000,,,,,1,,,,,2186,,,,PAT745
Santa Puppy Frame,3Ddata\PAT\CART\BODY\cart01_BODY302.txt,0,7,511,10000,0,20,30,4591,246,580,,,,,21,62,,,,,,,,,,,,127,,,, ,,,,,,,281,261,,,,,,,670,,,,,,,,,,,,,,,,,,,3000,,,,,1,,,,,2186,,,,PAT746
Gold Cat Frame,3Ddata\PAT\CART\BODY\cart01_BODY320.txt,0,6,511,0,0,20,30,4592,246,580,,,,,21,62,,,,,,,,,,,,127,,,, ,,,,,,,281,261,,,,,,,670,,,,,,,,,,,,,,,,,,,3000,,,,,1,,,,,2186,,,,PAT747
Black Cat Frame,3Ddata\PAT\CART\BODY\cart01_BODY330.txt,0,6,511,0,0,20,30,4593,246,580,,,,,21,62,,,,,,,,,,,,127,,,, ,,,,,,,281,261,,,,,,,670,,,,,,,,,,,,,,,,,,,3000,,,,,1,,,,,2186,,,,PAT748
Blue Truck Frame,3Ddata\PAT\CART\BODY\cart01_BODY340.txt,0,7,511,1000,0,20,30,4594,246,580,,,,,21,62,,,,,,,,,,,,100,,,, ,,,,,,,281,261,,,,,,,670,,,,,,,,,,,,,,,,,,,3000,,,,,1,,,,,2186,,,,PAT749
Brown Cat Frame,3Ddata\PAT\CART\BODY\cart01_BODY350.txt,0,6,511,0,0,20,30,4595,246,580,,,,,21,62,,,,,,,,,,,,30,,,, ,,,,,,,281,261,,,,,,,670,,,,,,,,,,,,,,,,,,,3000,,,,,1,,,,,2186,,,,PAT750
White Cat Frame,3Ddata\PAT\CART\BODY\cart01_BODY370.txt,0,6,511,0,0,20,30,4596,246,580,,,,,21,62,,,,,,,,,,,,100,,,, ,,,,,,,281,261,,,,,,,670,,,,,,,,,,,,,,,,,,,3000,,,,,1,,,,,2186,,,,PAT751
Yellow Truck Frame,3Ddata\PAT\CART\BODY\cart01_BODY360.txt,0,7,511,1000,0,20,30,4597,246,580,,,,,21,62,,,,,,,,,,,,100,,,, ,,,,,,,281,261,,,,,,,670,,,,,,,,,,,,,,,,,,,3000,,,,,1,,,,,2186,,,,PAT752
Rolls Royce Frame,3Ddata\PAT\CART\BODY\cart01_BODY390.txt,0,7,511,10000,0,20,30,4598,246,580,,,,,21,62,,,,,,,,,,,,127,,,, ,,,,,,,281,261,,,,,,,670,,,,,,,,,,,,,,,,,,,3000,,,,,1,,,,,2186,,,,PAT753
Golden Royce Frame,3Ddata\PAT\CART\BODY\cart01_BODY390.txt,0,6,511,126000000,0,20,81,7471,246,580,,,,,21,62,,,,111,7,,23,100,,,,75,,,, ,,,,,,,281,261,,,,,,,670,,,,,,,,,,,,,,,,,,,3000,,,,,1,,,,,2186,,,,PAT754
,,,,,,,,,,,,,,,,,,,,,,,,,,,,,,,,, ,,,,,,,,,,,,,,,,,,,,,,,,,,,,,,,,,,,,,,,,,,,,,,,,
,,,,,,,,,,,,,,,,,,,,,,,,,,,,,,,,, ,,,,,,,,,,,,,,,,,,,,,,,,,,,,,,,,,,,,,,,,,,,,,,,,
,,,,,,,,,,,,,,,,,,,,,,,,,,,,,,,,, ,,,,,,,,,,,,,,,,,,,,,,,,,,,,,,,,,,,,,,,,,,,,,,,,
,,,,,,,,,,,,,,,,,,,,,,,,,,,,,,,,, ,,,,,,,,,,,,,,,,,,,,,,,,,,,,,,,,,,,,,,,,,,,,,,,,
,,,,,,,,,,,,,,,,,,,,,,,,,,,,,,,,, ,,,,,,,,,,,,,,,,,,,,,,,,,,,,,,,,,,,,,,,,,,,,,,,,
Red Racecar Wheels,3Ddata\PAT\CART\WHEEL\cart01_WHEEL060.txt ,2,7,531,10000,0,10,30,4615,246,580,,,,,21,60,,,,,,,,,,,,30,,,,147,40,,,,,,281,261,,,,,,,,302,671,,,,,,,,,,,,,,,,,,,,,,1,,,,,2186,,,,PAT760
Panda Wheels,3Ddata\PAT\CART\WHEEL\cart01_WHEEL070.txt,2,6,531,0,0,10,30,4616,246,580,,,,,21,60,,,,,,,,,,,,30,,,,133,40,,,,,,281,261,,,,,,,,302,671,,,,,,,,,,,,,,,,,,,,,,1,,,,,2186,,,,PAT761
Pink SubJet Reactors,3Ddata\PAT\CART\WHEEL\cart01_WHEEL080.txt,2,7,531,10000,0,10,30,4617,246,580,,,,,21,60,,,,,,,,,,,,30,,,,133,40,,,,,,281,261,,,,,,,,302,671,,,,,,,,,,,,,,,,,,,,,,1,,,,,2186,,,,PAT762
Green MiniTank Wheels,3Ddata\PAT\CART\WHEEL\cart01_WHEEL090.txt,2,,531,325000,0,15,50,4618,246,580,21,7,1026,50,21,55,,,,,,,19,20,,21,12,75,,,,155,40,,,,,,281,261,,,,,,,,302,671,,,,,,,,,,,,,,,,,,,,,,1,,,,,2186,,,,PAT763
Yellow Sport Car Wheels,3Ddata\PAT\CART\WHEEL\cart01_WHEEL140.txt,2,7,531,10000,0,10,30,4619,246,580,,,,,21,60,,,,,,,,,,,,30,,,,147,40,,,,,,281,261,,,,,,,,302,671,,,,,,,,,,,,,,,,,,,,,,1,,,,,2186,,,,PAT764
Blue Racecar Wheels,3Ddata\PAT\CART\WHEEL\cart01_WHEEL100.txt,2,7,531,10000,0,10,30,4620,246,580,,,,,21,60,,,,,,,,,,,,30,,,,147,40,,,,,,281,261,,,,,,,,302,671,,,,,,,,,,,,,,,,,,,,,,1,,,,,2186,,,,PAT765
Hamster Wheels,3Ddata\PAT\CART\WHEEL\cart01_WHEEL110.txt,2,6,531,0,0,10,30,4621,246,580,,,,,21,60,,,,,,,,,,,,100,,,,135,40,,,,,,281,261,,,,,,,,302,671,,,,,,,,,,,,,,,,,,,,,,1,,,,,2186,,,,PAT766
Orange SubJet Reactors,3Ddata\PAT\CART\WHEEL\cart01_WHEEL120.txt,2,6,531,10000,0,10,30,4622,246,580,,,,,21,60,,,,,,,,,,,,30,,,,147,40,,,,,,281,261,,,,,,,,302,671,,,,,,,,,,,,,,,,,,,,,,1,,,,,2186,,,,PAT767
Pink MiniTank Wheels,3Ddata\PAT\CART\WHEEL\cart01_WHEEL130.txt,2,,531,325000,0,15,50,4623,246,580,,,,,21,55,,,,,,,19,20,,21,12,75,,,,155,40,,,,,,281,261,,,,,,,,302,671,,,,,,,,,,,,,,,,,,,,,,1,,,,,2186,,,,PAT768
Red Sport Car Wheels,3Ddata\PAT\CART\WHEEL\cart01_WHEEL270.txt,2,7,531,10000,0,10,30,4625,246,580,,,,,21,60,,,,,,,,,,,,30,,,,147,40,,,,,,281,261,,,,,,,,302,671,,,,,,,,,,,,,,,,,,,,,,1,,,,,2186,,,,PAT769
Green Racecar Wheels,3Ddata\PAT\CART\WHEEL\cart01_WHEEL150.txt,2,7,531,10000,0,10,30,4626,246,580,,,,,21,60,,,,,,,,,,,,30,,,,135,40,,,,,,281,261,,,,,,,,302,671,,,,,,,,,,,,,,,,,,,,,,1,,,,,2186,,,,PAT770
Dark SuperHeroe Wheels,3Ddata\PAT\CART\WHEEL\cart01_WHEEL180.txt,2,7,531,1000,0,10,30,4628,246,580,,,,,21,60,,,,,,,,,,,,100,,,,135,40,,,,,,281,261,,,,,,,,302,671,,,,,,,,,,,,,,,,,,,,,,1,,,,,2186,,,,PAT771
Purple SubJet Reactors,3Ddata\PAT\CART\WHEEL\cart01_WHEEL210.txt,2,7,531,10000,0,10,30,4629,246,580,,,,,21,60,,,,,,,,,,,,20,,,,147,40,,,,,,281,261,,,,,,,,302,671,,,,,,,,,,,,,,,,,,,,,,1,,,,,2186,,,,PAT772
Grey MiniTank Wheels,3Ddata\PAT\CART\WHEEL\cart01_WHEEL240.txt,2,,531,325000,0,15,50,4630,246,580,,,,,21,60,,,,,,,19,20,,21,12,75,,,,155,40,,,,,,281,261,,,,,,,,302,671,,,,,,,,,,,,,,,,,,,,,,1,,,,,2186,,,,PAT773
Black Sport Car Wheels,3Ddata\PAT\CART\WHEEL\cart01_WHEEL280.txt,2,7,531,10000,0,10,30,4631,246,580,,,,,21,60,,,,,,,,,,,,55,,,,157,40,,,,,,281,261,,,,,,,,302,671,,,,,,,,,,,,,,,,,,,,,,1,,,,,2186,,,,PAT774
Orange Racecar Wheels,3Ddata\PAT\CART\WHEEL\cart01_WHEEL160.txt,2,7,531,10000,0,10,30,4632,246,580,,,,,21,60,,,,,,,,,,,,30,,,,147,40,,,,,,281,261,,,,,,,,302,671,,,,,,,,,,,,,,,,,,,,,,1,,,,,2186,,,,PAT775
Spiderman Cart Wheels,3Ddata\PAT\CART\WHEEL\cart01_WHEEL190.txt,2,7,531,10000,0,10,30,4633,246,580,,,,,21,60,,,,,,,,,,,,30,,,,147,40,,,,,,281,261,,,,,,,,302,671,,,,,,,,,,,,,,,,,,,,,,1,,,,,2186,,,,PAT776
Green SubJet Reactors,3Ddata\PAT\CART\WHEEL\cart01_WHEEL220.txt,2,7,531,10000,0,10,30,4634,246,580,,,,,21,60,,,,,,,,,,,,20,,,,120,40,,,,,,281,261,,,,,,,,302,671,,,,,,,,,,,,,,,,,,,,,,1,,,,,2186,,,,PAT777
Blue MiniTank Wheels,3Ddata\PAT\CART\WHEEL\cart01_WHEEL250.txt,2,,531,325000,0,15,50,4635,246,580,21,7,1027,50,21,55,,,,,,,19,20,,21,12,75,,,,155,40,,,,,,281,261,,,,,,,,302,671,,,,,,,,,,,,,,,,,,,,,,1,,,,,2186,,,,PAT778
Blue Sport Car Wheels,3Ddata\PAT\CART\WHEEL\cart01_WHEEL290.txt,2,7,531,10000,0,10,30,4636,246,580,,,,,21,60,,,,,,,,,,,,30,,,,147,40,,,,,,281,261,,,,,,,,302,671,,,,,,,,,,,,,,,,,,,,,,1,,,,,2186,,,,PAT779
Black Racecar Wheels,3Ddata\PAT\CART\WHEEL\cart01_WHEEL170.txt,2,7,531,10000,0,10,30,4637,246,580,,,,,21,60,,,,,,,,,,,,30,,,,147,40,,,,,,281,261,,,,,,,,302,671,,,,,,,,,,,,,,,,,,,,,,1,,,,,2186,,,,PAT780
Yellow SuperHeroe Wheels,3Ddata\PAT\CART\WHEEL\cart01_WHEEL200.txt,2,7,531,1000,0,10,30,4638,246,580,,,,,21,60,,,,,,,,,,,,100,,,,135,40,,,,,,281,261,,,,,,,,302,671,,,,,,,,,,,,,,,,,,,,,,1,,,,,2186,,,,PAT781
Grey SubJet Reactors,3Ddata\PAT\CART\WHEEL\cart01_WHEEL230.txt,2,7,531,10000,0,10,30,4639,246,580,,,,,21,60,,,,,,,,,,,,20,,,,147,40,,,,,,281,261,,,,,,,,302,671,,,,,,,,,,,,,,,,,,,,,,1,,,,,2186,,,,PAT782
Yellow MiniTank Wheels,3Ddata\PAT\CART\WHEEL\cart01_WHEEL260.txt,2,,531,325000,0,15,50,4641,246,580,21,7,1028,50,21,55,,,,,,,19,20,,21,12,75,,,,155,40,,,,,,281,261,,,,,,,,302,671,,,,,,,,,,,,,,,,,,,,,,1,,,,,2186,,,,PAT783
Police Sport Car Wheels,3Ddata\PAT\CART\WHEEL\cart01_WHEEL300.txt,2,7,531,10000,0,10,30,4642,246,580,,,,,21,60,,,,,,,,,,,,30,,,,155,40,,,,,,281,261,,,,,,,,302,671,,,,,,,,,,,,,,,,,,,,,,1,,,,,2186,,,,PAT784
Puppy Car Wheels,3Ddata\PAT\CART\WHEEL\cart01_WHEEL301.txt,2,7,531,1000,0,10,30,4643,246,580,,,,,21,60,,,,,,,,,,,,100,,,,135,40,,,,,,281,261,,,,,,,,302,671,,,,,,,,,,,,,,,,,,,,,,1,,,,,2186,,,,PAT785
Gold Cat Car Wheels,3Ddata\PAT\CART\WHEEL\cart01_WHEEL320.txt,2,7,531,10000,0,10,30,4644,246,580,,,,,21,60,,,,,,,,,,,,30,,,,140,40,,,,,,281,261,,,,,,,,302,671,,,,,,,,,,,,,,,,,,,,,,1,,,,,2186,,,,PAT786
Black Cat Car Wheels,3Ddata\PAT\CART\WHEEL\cart01_WHEEL330.txt,2,7,531,10000,0,10,30,4645,246,580,,,,,21,60,,,,,,,,,,,,30,,,,152,40,,,,,,281,261,,,,,,,,302,671,,,,,,,,,,,,,,,,,,,,,,1,,,,,2186,,,,PAT787
Blue Truck Wheels,3Ddata\PAT\CART\WHEEL\cart01_WHEEL340.txt,2,7,531,1000,0,10,30,4646,246,580,,,,,21,60,,,,,,,,,,,,100,,,,135,40,,,,,,281,261,,,,,,,,302,671,,,,,,,,,,,,,,,,,,,,,,1,,,,,2186,,,,PAT788
Brown Cat Car Wheels,3Ddata\PAT\CART\WHEEL\cart01_WHEEL350.txt,2,6,531,0,0,10,30,4647,246,580,,,,,21,60,,,,,,,,,,,,30,,,,135,40,,,,,,281,261,,,,,,,,302,671,,,,,,,,,,,,,,,,,,,,,,1,,,,,2186,,,,PAT789
White Cat Car Wheels,3Ddata\PAT\CART\WHEEL\cart01_WHEEL370.txt,2,7,531,1000,0,10,30,4650,246,580,,,,,21,60,,,,,,,,,,,,100,,,,135,40,,,,,,281,261,,,,,,,,302,671,,,,,,,,,,,,,,,,,,,,,,1,,,,,2186,,,,PAT790
PowerFull Reactors,3Ddata\PAT\CART\WHEEL\cart01_WHEEL380.txt,2,7,531,10000,0,10,30,4648,246,580,,,,,21,60,,,,,,,,,,,,55,,,,157,40,,,,,,281,261,,,,,,,,302,671,,,,,,,,,,,,,,,,,,,,,,1,,,,,2186,,,,PAT791
Yellow Truck Wheels,3Ddata\PAT\CART\WHEEL\cart01_WHEEL360.txt,2,7,531,1000,0,10,30,4651,246,580,,,,,21,60,,,,,,,,,,,,100,,,,135,40,,,,,,281,261,,,,,,,,302,671,,,,,,,,,,,,,,,,,,,,,,1,,,,,2186,,,,PAT792
Rolls Royce Wheels,3Ddata\PAT\CART\WHEEL\cart01_WHEEL390.txt,2,7,531,10000,0,10,30,4649,246,580,,,,,21,60,,,,,,,,,,,,30,,,,152,40,,,,,,281,261,,,,,,,,302,671,,,,,,,,,,,,,,,,,,,,,,1,,,,,2186,,,,PAT793
,,,,,,,,,,,,,,,,,,,,,,,,,,,,,,,,, ,,,,,,,,,,,,,,,,,,,,,,,,,,,,,,,,,,,,,,,,,,,,,,,,
,,,,,,,,,,,,,,,,,,,,,,,,,,,,,,,,, ,,,,,,,,,,,,,,,,,,,,,,,,,,,,,,,,,,,,,,,,,,,,,,,,
,,,,,,,,,,,,,,,,,,,,,,,,,,,,,,,,, ,,,,,,,,,,,,,,,,,,,,,,,,,,,,,,,,,,,,,,,,,,,,,,,,
,,,,,,,,,,,,,,,,,,,,,,,,,,,,,,,,, ,,,,,,,,,,,,,,,,,,,,,,,,,,,,,,,,,,,,,,,,,,,,,,,,
,,,,,,,,,,,,,,,,,,,,,,,,,,,,,,,,, ,,,,,,,,,,,,,,,,,,,,,,,,,,,,,,,,,,,,,,,,,,,,,,,,
,,,,,,,,,,,,,,,,,,,,,,,,,,,,,,,,, ,,,,,,,,,,,,,,,,,,,,,,,,,,,,,,,,,,,,,,,,,,,,,,,,
Pirate Frigate,3Ddata\PAT\CART\BODY\cart01_BODY06.txt,0,6,511,1000,0,20,36,5208,246,580,,,,,21,36,,,,,,,,,,,,36,1,,,,,,,,,,281,261,,,,,,,670,,,,,,,,,,,,,,,,,,,2000,,,,,1,,,,,2186,,,,PAT800
,,,,,,,,,,,,,,,,,,,,,,,,,,,,,,,,, ,,,,,,,,,,,,,,,,,,,,,,,,,,,,,,,,,,,,,,,,,,,,,,,,
,,,,,,,,,,,,,,,,,,,,,,,,,,,,,,,,, ,,,,,,,,,,,,,,,,,,,,,,,,,,,,,,,,,,,,,,,,,,,,,,,,
,,,,,,,,,,,,,,,,,,,,,,,,,,,,,,,,, ,,,,,,,,,,,,,,,,,,,,,,,,,,,,,,,,,,,,,,,,,,,,,,,,
,,,,,,,,,,,,,,,,,,,,,,,,,,,,,,,,, ,,,,,,,,,,,,,,,,,,,,,,,,,,,,,,,,,,,,,,,,,,,,,,,,
,,,,,,,,,,,,,,,,,,,,,,,,,,,,,,,,, ,,,,,,,,,,,,,,,,,,,,,,,,,,,,,,,,,,,,,,,,,,,,,,,,
,,,,,,,,,,,,,,,,,,,,,,,,,,,,,,,,, ,,,,,,,,,,,,,,,,,,,,,,,,,,,,,,,,,,,,,,,,,,,,,,,,
,,,,,,,,,,,,,,,,,,,,,,,,,,,,,,,,, ,,,,,,,,,,,,,,,,,,,,,,,,,,,,,,,,,,,,,,,,,,,,,,,,
,,,,,,,,,,,,,,,,,,,,,,,,,,,,,,,,, ,,,,,,,,,,,,,,,,,,,,,,,,,,,,,,,,,,,,,,,,,,,,,,,,
,,,,,,,,,,,,,,,,,,,,,,,,,,,,,,,,, ,,,,,,,,,,,,,,,,,,,,,,,,,,,,,,,,,,,,,,,,,,,,,,,,
,,,,,,,,,,,,,,,,,,,,,,,,,,,,,,,,, ,,,,,,,,,,,,,,,,,,,,,,,,,,,,,,,,,,,,,,,,,,,,,,,,
,,,,,,,,,,,,,,,,,,,,,,,,,,,,,,,,, ,,,,,,,,,,,,,,,,,,,,,,,,,,,,,,,,,,,,,,,,,,,,,,,,
,,,,,,,,,,,,,,,,,,,,,,,,,,,,,,,,, ,,,,,,,,,,,,,,,,,,,,,,,,,,,,,,,,,,,,,,,,,,,,,,,,
,,,,,,,,,,,,,,,,,,,,,,,,,,,,,,,,, ,,,,,,,,,,,,,,,,,,,,,,,,,,,,,,,,,,,,,,,,,,,,,,,,
,,,,,,,,,,,,,,,,,,,,,,,,,,,,,,,,, ,,,,,,,,,,,,,,,,,,,,,,,,,,,,,,,,,,,,,,,,,,,,,,,,
,,,,,,,,,,,,,,,,,,,,,,,,,,,,,,,,, ,,,,,,,,,,,,,,,,,,,,,,,,,,,,,,,,,,,,,,,,,,,,,,,,
,,,,,,,,,,,,,,,,,,,,,,,,,,,,,,,,, ,,,,,,,,,,,,,,,,,,,,,,,,,,,,,,,,,,,,,,,,,,,,,,,,
,,,,,,,,,,,,,,,,,,,,,,,,,,,,,,,,, ,,,,,,,,,,,,,,,,,,,,,,,,,,,,,,,,,,,,,,,,,,,,,,,,
Rollercoaster Boosters,3Ddata\PAT\CART\WHEEL\cart01_WHEEL220.txt,2,7,531,10000,0,10,30,3888,246,580,,,,,21,30,,,,,,,,,,,,20,,,,96,40,,,,,,281,261,,,,,,,,302,671,,,,,,,,,,,,,,,,,,,,,,1,,,,,2186,,,,PAT818
,,,,,,,,,,,,,,,,,,,,,,,,,,,,,,,,, ,,,,,,,,,,,,,,,,,,,,,,,,,,,,,,,,,,,,,,,,,,,,,,,,
White GT Tracy Sport,3Ddata\PAT\CART\BODY\cart01_BODY060.txt,0,7,511,10000,0,20,30,4667,246,580,,,,,21,70,,,,,,,,,,,,127,,,, ,,,,,,,281,261,,,,,,,670,,,,,,,,,,,,,,,,,,,3000,,,,,1,,,,,2186,,,,PAT820
GT Engine,3Ddata\PAT\CART\ENGINE\GT_F0551.txt,1,7,521,1000,0,10,30,4668,246,580,,,,,21,68,50,250,130,850,,,,,,,,100,,1000,5,152,12,,,,,,,,,677,,678,,,673,,674,,,,,,,,,,311,,,,,,,,,,,,1,,,,,2186,,,,PAT821
GT Wheels,3Ddata\PAT\CART\WHEEL\GT_F0552.txt,2,7,531,1000,0,10,30,4669,246,580,,,,,21,68,,,,,,,,,,,,100,,,,152,12,,,,,,,,,,,,,,,,,,,,,,,,,,,,,,,,,,,,,,1,,,,,2186,,,,PAT822
GT Fin Sport,3Ddata\PAT\CART\ABILITY\GT_F0553.txt,3,7,541,1000,0,10,30,4670,246,580,,,,,21,70,,,,,,,23,60,,,,100,,,, ,,,,,,,,,,,,,,,,,,,,,,,,,,,,,,,,,,,,,,,1,,,,,2186,,,,PAT823
Red GT Tracy,3Ddata\PAT\CART\BODY\GT_F0554.txt,0,7,511,1000,0,20,30,4667,246,580,,,,,21,70,,,,,,,,,,,,100,,,, ,,,,,,,281,261,,,,,,,,,,,,,,,,,,,,,,,,,,3000,,,,,1,,,,,2186,,,,PAT824
Red GT Fin,3Ddata\PAT\CART\ABILITY\GT_F0557.txt,3,7,541,1000,0,10,30,4670,246,580,,,,,21,70,,,,,,,23,60,,,,100,,,, ,,,,,,,,,,,,,,,,,,,,,,,,,,,,,,,,,,,,,,,1,,,,,2186,,,,PAT825
Red Lolita GT Tracy,3Ddata\PAT\CART\BODY\GT_F0558.txt,0,7,511,1000,0,20,30,4667,246,580,,,,,21,70,,,,,,,,,,,,100,,,, ,,,,,,,281,261,,,,,,,,,,,,,,,,,,,,,,,,,,3000,,,,,1,,,,,2186,,,,PAT826
Red Lolita GT Fin,3Ddata\PAT\CART\ABILITY\GT_F0560.txt,3,7,541,1000,0,10,30,4670,246,580,,,,,21,70,,,,,,,23,60,,,,100,,,, ,,,,,,,,,,,,,,,,,,,,,,,,,,,,,,,,,,,,,,,1,,,,,2186,,,,PAT827
Blue Lolita GT Tracy,3Ddata\PAT\CART\BODY\GT_F0562.txt,0,7,511,1000,0,20,30,4667,246,580,,,,,21,70,,,,,,,,,,,,100,,,, ,,,,,,,281,261,,,,,,,,,,,,,,,,,,,,,,,,,,3000,,,,,1,,,,,2186,,,,PAT828
Blue Lolita GT Fin,3Ddata\PAT\CART\ABILITY\GT_F0563.txt,3,7,541,1000,0,10,30,4670,246,580,,,,,21,70,,,,,,,23,60,,,,100,,,, ,,,,,,,,,,,,,,,,,,,,,,,,,,,,,,,,,,,,,,,1,,,,,2186,,,,PAT829
Yellow GT Tracy,3Ddata\PAT\CART\BODY\GT_F0564.txt,0,7,511,1000,0,20,30,4667,246,580,,,,,21,70,,,,,,,,,,,,100,,,, ,,,,,,,281,261,,,,,,,,,,,,,,,,,,,,,,,,,,3000,,,,,1,,,,,2186,,,,PAT830
Yellow GT Fin,3Ddata\PAT\CART\ABILITY\GT_F0567.txt,3,7,541,1000,0,10,30,4670,246,580,,,,,21,70,,,,,,,23,60,,,,100,,,, ,,,,,,,,,,,,,,,,,,,,,,,,,,,,,,,,,,0,,,,,1,,,,,2186,,,,PAT831
Black GT Tracy Sport,3Ddata\PAT\CART\BODY\GT_F0568.txt,0,7,511,1000,0,20,30,4667,246,580,,,,,21,70,,,,,,,,,,,,100,,,, ,,,,,,,281,261,,,,,,,,,,,,,,,,,,,,,,,,,,3000,,,,,1,,,,,2186,,,,PAT832
White GT Tracy,3Ddata\PAT\CART\BODY\GT_F0569.txt,0,7,511,1000,0,20,30,4667,246,580,,,,,21,70,,,,,,,,,,,,100,,,, ,,,,,,,281,261,,,,,,,,,,,,,,,,,,,,,,,,,,3000,,,,,1,,,,,2186,,,,PAT833
White GT Fin,3Ddata\PAT\CART\ABILITY\GT_F0571.txt,3,7,541,1000,0,10,30,4670,246,580,,,,,21,70,,,,,,,23,60,,,,100,,,, ,,,,,,,,,,,,,,,,,,,,,,,,,,,,,,,,,,,,,,,1,,,,,2186,,,,PAT834
Moon GT Tracy,3Ddata\PAT\CART\BODY\GT_F0572.txt,0,7,511,1000,0,20,30,4667,246,580,,,,,21,70,,,,,,,,,,,,100,,,, ,,,,,,,281,261,,,,,,,,,,,,,,,,,,,,,,,,,,3000,,,,,1,,,,,2186,,,,PAT835
Moon GT Fin,3Ddata\PAT\CART\ABILITY\GT_F0574.txt,3,7,541,1000,0,10,30,4670,246,580,,,,,21,70,,,,,,,23,60,,,,100,,,, ,,,,,,,,,,,,,,,,,,,,,,,,,,,,,,,,,,,,,,,1,,,,,2186,,,,PAT836
White Tuned Car,3Ddata\PAT\CART\BODY\GT_F0581.txt,0,7,511,1000,0,20,30,4671,246,580,,,,,21,70,,,,,,,,,,,,100,,,, ,,,,,,,281,261,,,,,,,,,,,,,,,,,,,,,,,,,,3000,,,,,1,,,,,2186,,,,PAT837
Tuned Engine,3Ddata\PAT\CART\ENGINE\GT_F0582.txt,1,7,521,1000,0,10,30,4672,246,580,,,,,21,68,50,250,130,850,,,,,,,,100,,1000,5,157,12,,,,,,,,,677,,678,,,673,,674,,,,,,,,,,311,,,,,,,,,,,,1,,,,,2186,,,,PAT838
Tuned Wheels,3Ddata\PAT\CART\WHEEL\GT_F0583.txt,2,7,531,1000,0,10,30,4673,246,580,,,,,21,68,,,,,,,23,60,,,,100,,,,157,12,,,,,,,,,,,,,,,,,,,,,,,,,,,,,,,,,,,,,,1,,,,,2186,,,,PAT839
White Tuned Fin,3Ddata\PAT\CART\ABILITY\GT_F0584.txt,3,7,541,1000,0,10,30,4674,246,580,,,,,21,70,,,,,,,,,,,,100,,,, ,,,,,,,,,,,,,,,,,,,,,,,,,,,,,,,,,,,,,,,1,,,,,2186,,,,PAT840
White Tuned Car 2,3Ddata\PAT\CART\BODY\GT_F0585.txt,0,7,511,1000,0,20,30,4671,246,580,,,,,21,70,,,,,,,,,,,,100,,,, ,,,,,,,281,261,,,,,,,,,,,,,,,,,,,,,,,,,,3000,,,,,1,,,,,2186,,,,PAT841
Pink Tuned Car ,3Ddata\PAT\CART\BODY\GT_body_komachi.txt,0,7,511,1000,0,20,30,4667,246,580,,,,,21,70,,,,,,,,,,,,100,,,, ,,,,,,,281,261,,,,,,,,,,,,,,,,,,,,,,,,,,3000,,,,,1,,,,,2186,,,,PAT842
Red Tuned Car ,3Ddata\PAT\CART\BODY\Lancer_body_ichigo.txt,0,7,511,1000,0,20,30,4671,246,580,,,,,21,70,,,,,,,,,,,,100,,,, ,,,,,,,281,261,,,,,,,,,,,,,,,,,,,,,,,,,,3000,,,,,1,,,,,2186,,,,PAT843
Blue Tuned Car,3Ddata\PAT\CART\BODY\Lancer_body_hanayome.txt,0,7,511,1000,0,20,30,4671,246,580,,,,,21,70,,,,,,,,,,,,100,,,, ,,,,,,,281,261,,,,,,,,,,,,,,,,,,,,,,,,,,3000,,,,,1,,,,,2186,,,,PAT844
White Tuned Fin 2,3Ddata\PAT\CART\ABILITY\GT_wing_komachi.txt,3,7,541,1000,0,10,30,4670,246,580,,,,,21,70,,,,,,,23,60,,,,100,,,, ,,,,,,,,,,,,,,,,,,,,,,,,,,,,,,,,,,,,,,,1,,,,,2186,,,,PAT845
Green Tuned Car,3Ddata\PAT\CART\BODY\Lancer_body_green.txt,0,7,511,1000,0,20,30,4671,246,580,,,,,21,70,,,,,,,,,,,,100,,,, ,,,,,,,281,261,,,,,,,,,,,,,,,,,,,,,,,,,,3000,,,,,1,,,,,2186,,,,PAT846
Hippy Tuned Car,3Ddata\PAT\CART\BODY\GT_body_paco.txt,0,7,511,1000,0,20,30,4667,246,580,,,,,21,70,,,,,,,,,,,,100,,,, ,,,,,,,281,261,,,,,,,,,,,,,,,,,,,,,,,,,,3000,,,,,1,,,,,2186,,,,PAT847
,,,,,,,,,,,,,,,,,,,,,,,,,,,,,,,,, ,,,,,,,,,,,,,,,,,,,,,,,,,,,,,,,,,,,,,,,,,,,,,,,,
,,,,,,,,,,,,,,,,,,,,,,,,,,,,,,,,, ,,,,,,,,,,,,,,,,,,,,,,,,,,,,,,,,,,,,,,,,,,,,,,,,
,,,,,,,,,,,,,,,,,,,,,,,,,,,,,,,,, ,,,,,,,,,,,,,,,,,,,,,,,,,,,,,,,,,,,,,,,,,,,,,,,,
,,,,,,,,,,,,,,,,,,,,,,,,,,,,,,,,, ,,,,,,,,,,,,,,,,,,,,,,,,,,,,,,,,,,,,,,,,,,,,,,,,
,,,,,,,,,,,,,,,,,,,,,,,,,,,,,,,,, ,,,,,,,,,,,,,,,,,,,,,,,,,,,,,,,,,,,,,,,,,,,,,,,,
,,,,,,,,,,,,,,,,,,,,,,,,,,,,,,,,, ,,,,,,,,,,,,,,,,,,,,,,,,,,,,,,,,,,,,,,,,,,,,,,,,
,,,,,,,,,,,,,,,,,,,,,,,,,,,,,,,,, ,,,,,,,,,,,,,,,,,,,,,,,,,,,,,,,,,,,,,,,,,,,,,,,,
,,,,,,,,,,,,,,,,,,,,,,,,,,,,,,,,, ,,,,,,,,,,,,,,,,,,,,,,,,,,,,,,,,,,,,,,,,,,,,,,,,
,,,,,,,,,,,,,,,,,,,,,,,,,,,,,,,,, ,,,,,,,,,,,,,,,,,,,,,,,,,,,,,,,,,,,,,,,,,,,,,,,,
,,,,,,,,,,,,,,,,,,,,,,,,,,,,,,,,, ,,,,,,,,,,,,,,,,,,,,,,,,,,,,,,,,,,,,,,,,,,,,,,,,
,,,,,,,,,,,,,,,,,,,,,,,,,,,,,,,,, ,,,,,,,,,,,,,,,,,,,,,,,,,,,,,,,,,,,,,,,,,,,,,,,,
,,,,,,,,,,,,,,,,,,,,,,,,,,,,,,,,, ,,,,,,,,,,,,,,,,,,,,,,,,,,,,,,,,,,,,,,,,,,,,,,,,
Mini Mammoth Mount,,0,,513,31200000,0,10,76,5371,246,580,,,,,40,30,,71,2,,,,,,,,,120,,,2,260,,,,,,,625,626,,,,,,,,,301,,,,,,,,,,,,,,,,,15000,,,,,3,,,,,378,,,1,LPAT0860
Sabertooth Mount,,0,7,513,1000,0,10,76,5369,246,580,,,,,41,30,,70,1,,,,,,,,,120,,,0,750,,,,,,,638,635,,,,,,,,,,,,,,,,,,,,,,,,,,15000,,,,,3,,,,,1531,,,1,LPAT0861
Frozen Tooth Mount,,0,7,513,1000,0,10,76,5370,246,580,,,,,42,30,,70,1,,,,,,,,,120,,,0,850,,,,,,,281,261,,,,,,,,,,,,,,,,,,,,,,,,,,15000,,,,,3,,,,,1532,,,1,LPAT0862
Wolf Mount,,0,,513,34400000,0,10,76,5372,246,580,,,,,43,30,,71,2,,,,,,,,,120,,,3,540,,,,,,,281,261,,,,,,,,,,,,,,,,,,,,,,,,,,15000,,,,,3,,,,,336,,,1,LPAT0863
Shadow Wolf Mount,,0,,513,38900000,0,10,76,5373,246,580,,,,,44,30,,71,2,,,,,,,,,120,,,3,590,,,,,,,281,261,,,,,,,,,,,,,,,,,,,,,,,,,,15000,,,,,3,,,,,338,,,1,LPAT0864
Frozen Thorn Mount,,0,,513,45000000,0,10,76,5374,246,580,,,,,45,30,,71,2,,,,,,,,,120,,,3,750,,,,,,,281,261,,,,,,,,,,,,,,,,,,,,,,,,,,15000,,,,,3,,,,,1527,,,1,LPAT0865
Thorn Hound Mount,,0,,513,1000,0,10,76,5375,246,580,,,,,46,30,,71,2,,,,,,,,,120,,,3,750,,,,,,,281,261,,,,,,,,,,,,,,,,,,,,,,,,,,15000,,,,,3,,,,,1525,,,1,LPAT0866
Antares Mount,,0,7,513,1000,0,10,76,5376,246,580,,,,,47,30,,70,1,,,,,,,,,120,,,0,700,,,,,,,281,261,,,,,,,,,,,,,,,,,,,,,,,,,,15000,,,,,3,,,,,442,,,1,LPAT0867
Reckless Antares Mount,,0,7,513,1000,0,10,76,5377,246,580,,,,,48,30,,70,1,,,,,,,,,120,,,0,900,,,,,,,281,261,,,,,,,,,,,,,,,,,,,,,,,,,,15000,,,,,3,,,,,459,,,1,LPAT0868
Choropy Mount,,0,,513,2800000,0,10,76,5378,246,580,,,,,49,30,,70,1,,,,,,,,,120,,,2,175,,,,,,,281,261,,,,,,,,,,,,,,,,,,,,,,,,,,15000,,,,,3,,,,,12,,,,LPAT0869
Mammoth Mount,,0,6,513,1000,0,10,76,5379,246,580,,,,,50,30,,70,1,,,,,,,,,120,,,0,260,,,,,,,625,626,,,,,,,,,301,,,,,,,,,,,,,,,,,15000,,,,,3,,,,,379,,,1,LPAT0870
Frost Dragon Mount,,0,6,513,1000,0,10,76,5380,246,580,,,,,51,30,,70,1,,,,,,,,,120,,,0,1000,,,,,,,625,626,,,,,,,,,312,,,,,,,,,,,,,,,,,15000,,,,,3,,,,,,,,1,LPAT0871
Chicken Mount,,0,,513,1000,0,10,76,5382,246,580,,,,,52,30,,70,1,,,,,,,,,120,,,0,400,,,,,,,625,626,,,,,,,,,,,,,,,,,,,,,,,,,,15000,,,,,3,,,,,,,,1,LPAT0872
Spotted Choropy Mount,,0,,513,9945000,0,10,76,5383,246,580,,,,,53,30,,70,1,,,,,,,,,120,,,2,180,,,,,,,625,626,,,,,,,,,,,,,,,,,,,,,,,,,,15000,,,,,3,,,,,15,,,,LPAT0873
Beetle Mount,,0,,513,11850000,0,10,76,5384,246,580,,,,,54,30,,70,1,,,,,,,,,120,,,2,420,,,,,,,625,626,,,,,,,,,,,,,,,,,,,,,,,,,,15000,,,,,3,,,,,81,,,1,LPAT0874
Cow Mount,,0,,513,2200000,0,10,76,5385,246,580,,,,,55,30,,70,1,,,,,,,,,120,,,2,300,,,,,,,625,626,,,,,,,,,,,,,,,,,,,,,,,,,,15000,,,,,3,,,,,1267,,,1,LPAT0875
Cerberus Mount,,0,6,513,1000,0,10,76,5386,246,580,,,,,56,30,,70,1,,,,,,,,,120,,,4,1000,,,,,,,625,626,,,,,,,,,,,,,,,,,,,,,,,,,,15000,,,,,3,,,,,2682,,,1,LPAT0876
Pomic Mount,,0,,513,10740000,0,10,76,5387,246,580,,,,,57,30,,70,1,,,,,,,,,120,,,2,420,,,,,,,625,626,,,,,,,,,,,,,,,,,,,,,,,,,,15000,,,,,3,,,,,72,,,1,LPAT0877
Moldie Mount,,0,,513,14850000,0,10,76,5388,246,580,,,,,58,30,,70,1,,,,,,,,,120,,,2,520,,,,,,,625,626,,,,,,,,,,,,,,,,,,,,,,,,,,15000,,,,,3,,,,,111,,,1,LPAT0878
Terrasaurus Mount,,0,7,513,22790000,0,10,76,5389,246,580,,,,,59,30,,70,1,,,,,,,,,120,,,0,550,,,,,,,625,626,,,,,,,,,,,,,,,,,,,,,,,,,,15000,,,,,3,,,,,2643,,,1,LPAT0879
Cursed Ant Vagabond Mount,,0,6,513,22790000,0,10,76,5390,246,580,,,,,60,30,,70,1,,,,,,,,,120,,,0,400,,,,,,,625,626,,,,,,,,,,,,,,,,,,,,,,,,,,15000,,,,,3,,,,,,,,,LPAT0880
Love Pig Mount,,0,6,513,1000,0,15,76,7836,246,580,,,,,61,30,,70,1,,,,,,,,,120,,,0,650,,,,,,,625,626,,,,,,,,,,,,,,,,,,,,,,,,,,15000,,,,,3,,,,,3003,,,,LPAT0881
Pincer Mount,,0,,513,51000000,0,10,76,5392,246,580,,,,,62,30,,72,3,,,,,,,,,120,,,0,590,,,,,,,625,626,,,,,,,,,,,,,,,,,,,,,,,,,,15000,,,,,3,,,,,511,,,1,LPAT0882
Moss Golem Mount,,0,6,513,22790000,0,10,76,5393,246,580,,,,,63,30,,70,1,,,,,,,,,120,,,0,850,,,,,,,625,626,,,,,,,,,,,,,,,,,,,,,,,,,,15000,,,,,3,,,,,,,,,LPAT0883
Candle Ghost Mount,,0,6,513,1000,0,10,76,5429,246,580,,,,,64,30,,70,1,,,,,,,,,120,,,0,650,,,,,,,625,626,,,,,,,,,,,,,,,,,,390,,,,,,,,15000,,,,,3,,,,,2248,,,1,LPAT0884
Nepenthes Mount,,0,,513,54000000,0,10,76,5430,246,580,,,,,65,30,,72,3,,,,,,,,,120,,,2,350,,,,,,,625,626,,,,,,,,,,,,,,,,,,,,,,,,,,15000,,,,,3,,,,,521,,,,LPAT0885
Tigris Mount,,0,,513,59000000,0,10,76,5431,246,580,,,,,66,30,,72,3,,,,,,,,,120,,,4,1000,,,,,,,625,626,,,,,,,,,,,,,,,,,,,,,,,,,,15000,,,,,3,,,,,1903,,,1,LPAT0886
Pantharis Mount,,0,,513,57000000,0,10,76,5432,246,580,,,,,67,30,,72,3,,,,,,,,,120,,,3,850,,,,,,,625,626,,,,,,,,,,,,,,,,,,,,,,,,,,15000,,,,,3,,,,,1905,,,1,LPAT0887
Blazing Beast Mount,,0,6,513,0,0,10,76,5442,246,580,,,,,68,30,,70,1,,,,,,,,,120,,,0,1200,,,,,,,625,626,,,,,,,,,,,,,,,,,,,,,,,,,,15000,,,,,3,,,,,3515,,,1,LPAT0888
Kera Spider Mount,,0,6,513,1000,0,10,76,5443,246,580,,,,,69,30,,72,3,,,,,,,,,120,,,0,825,,,,,,,625,626,,,,,,,,,,,,,,,,,,,,,,,,,,15000,,,,,3,,,,,1914,,,1,LPAT0889
Little Reindeer Mount,,0,6,513,1000,0,10,76,9196,246,580,,,,,70,30,,70,1,,,,,,,,,120,,,0,550,,,,,,,625,626,,,,,,,,,,,,,,,,,,,,,,,,,,15000,,,,,3,,,,,2223,,,1,LPAT0890
Reindeer Mount,,0,6,513,1000,0,10,76,9197,246,580,,,,,71,30,,70,1,,,,,,,,,120,,,0,650,,,,,,,625,626,,,,,,,,,,,,,,,,,,,,,,,,,,15000,,,,,3,,,,,1523,,,1,LPAT0891
Angry Reindeer Mount,,0,6,513,1000,0,10,76,9198,246,580,,,,,72,30,,70,1,,,,,,,,,120,,,0,750,,,,,,,625,626,,,,,,,,,,,,,,,,,,,,,,,,,,15000,,,,,3,,,,,1524,,,1,LPAT0892
FrostWorm Mount,,0,6,513,1000,0,10,76,5456,246,580,,,,,73,30,,70,1,,,,,,,,,120,,,0,850,,,,,,,625,626,,,,,,,,,,,,,,,,,,,,,,,,,,15000,,,,,3,,,,,361,,,1,LPAT0893
Lich Pharoah Mount,,0,6,513,0,0,10,76,5458,246,580,,,,,74,30,,70,1,,,,,,,,,120,,,0,850,,,,,,,625,626,,,,,,,,,,,,,,,,,,,,,,,,,,15000,,,,,3,,,,,963,,,1,LPAT0894
Lich Adviser Mount,,0,7,513,1000,0,10,76,5457,246,580,,,,,74,30,,70,1,,,,,,,,,120,,,0,850,,,,,,,625,626,,,,,,,,,,,,,,,,,,,,,,,,,,15000,,,,,3,,,,,1830,,,1,LPAT0895
Zombie Mount,,0,6,513,1000,0,10,76,5495,246,580,,,,,75,30,,70,1,,,,,,,,,120,,,0,850,,,,,,,625,626,,,,,,,,,,,,,,,,,,,,,,,,,,15000,,,,,3,,,,,643,,,1,LPAT0896
[GM]Tuweky Mount,,0,6,513,1000,0,10,76,5496,246,580,,,,,76,30,,70,1,,,,,,,,,120,,,0,450,,,,,,,625,626,,,,,,,,,,,,,,,,,,,,,,,,,,15000,,,,,3,,,,,,,,,LPAT0897
Amun Fighter Mount,,0,7,513,1000,0,10,76,5497,246,580,,,,,77,30,,70,1,,,,,,,,,120,,,0,900,,,,,,,625,626,,,,,,,,,,,,,,,,,,,,,,,,,,15000,,,,,3,,,,,1842,,,1,LPAT0898
Sun Throne Mount,,0,6,513,1000,0,10,76,5509,246,580,,,,,78,30,,70,1,,,,,,,,,120,,,0,600,,,,,,,625,626,,,,,,,,,,,,,,,,,2060,,,2062,,,,,,15000,,,,,3,,,,,,,,,LPAT0899
King Asphyratum Mount,,0,7,513,1000,0,10,76,5510,246,580,,,,,79,30,,70,1,,,,,,,,,120,,,0,500,,,,,,,625,626,,,,,,,,,,,,,,,,,,,,,,,,,,15000,,,,,3,,,,,1723,,,,LPAT0900
Lord Storm Mount,,0,7,513,1000,0,10,76,5468,246,580,,,,,80,30,,70,1,,,,,,,,,120,,,0,650,,,,,,,625,626,,,,,,,,,,,,,,,1371,1371,1371,1371,1371,1371,,,,,,15000,,,,,3,,,,,449,,,1,LPAT0901
Horridus Mount,,0,6,513,0,0,10,76,5469,246,580,,,,,81,30,,70,1,,,,,,,,,120,,,0,650,,,,,,,625,626,,,,,,,,,,,,,,,,,,,,,,,,,,15000,,,,,3,,,,,1881,,,1,LPAT0902
Penguin Cannon Mount,,0,6,513,1000,0,10,76,6006,246,580,,,,,82,30,,70,1,,,,,,,,,120,,,0,350,,,,,,,625,626,,,,,,,,,,,,,,,,1331,,,,,,,,,,15000,,,,,3,,,,,1458,,,,LPAT0903
Slag Mount,,0,7,513,1000,0,10,76,6007,246,580,,,,,83,30,,70,1,,,,,,,,,120,,,0,650,,,,,,,625,626,,,,,,,,,,,,,,,,,,,,,,,,,,15000,,,,,3,,,,,331,,,1,LPAT0904
Slave Throne Mount,,0,6,513,1000,0,10,76,6008,246,580,,,,,84,30,,70,1,,,,,,,,,120,,,0,450,,,,,,,625,626,,,,,,,,,,,,,,,,,,,,,,,,,,15000,,,,,3,,,,,,,,,LPAT0905
Maneater Mount,,0,6,513,0,0,10,76,6009,246,580,,,,,85,30,,70,1,,,,,,,,,120,,,0,650,,,,,,,625,626,,,,,,,,,,,,,,,,,,,,,,,,,,15000,,,,,3,,,,,2264,,,1,LPAT0906
Blitzen Mount,,0,6,513,1000,0,10,76,6598,246,580,,,,,86,30,,70,1,,,,,,,,,120,,,0,750,,,,,,,625,626,,,,,,,,,,,,,,,,,,,,,,,,,,15000,,,,,3,,,,,3158,,,1,LPAT0907
Comet Mount,,0,6,513,1000,0,10,76,6599,246,580,,,,,87,30,,70,1,,,,,,,,,120,,,0,750,,,,,,,625,626,,,,,,,,,,,,,,,,,,,,,,,,,,15000,,,,,3,,,,,2079,,,1,LPAT0908
Cupid Mount,,0,6,513,1000,0,10,76,6600,246,580,,,,,88,30,,70,1,,,,,,,,,120,,,0,750,,,,,,,625,626,,,,,,,,,,,,,,,,,,,,,,,,,,15000,,,,,3,,,,,3173,,,1,LPAT0909
Dancer Mount,,0,6,513,1000,0,10,76,6601,246,580,,,,,89,30,,70,1,,,,,,,,,120,,,0,750,,,,,,,625,626,,,,,,,,,,,,,,,,,,,,,,,,,,15000,,,,,3,,,,,3174,,,1,LPAT0910
Dasher Mount,,0,6,513,1000,0,10,76,6602,246,580,,,,,90,30,,70,1,,,,,,,,,120,,,0,750,,,,,,,625,626,,,,,,,,,,,,,,,,,,,,,,,,,,15000,,,,,3,,,,,3175,,,1,LPAT0911
Donder Mount,,0,6,513,1000,0,10,76,6604,246,580,,,,,91,30,,70,1,,,,,,,,,120,,,0,750,,,,,,,625,626,,,,,,,,,,,,,,,,,,,,,,,,,,15000,,,,,3,,,,,3176,,,1,LPAT0912
Prancer Mount,,0,6,513,1000,0,10,76,6605,246,580,,,,,92,30,,70,1,,,,,,,,,120,,,0,750,,,,,,,625,626,,,,,,,,,,,,,,,,,,,,,,,,,,15000,,,,,3,,,,,3177,,,1,LPAT0913
Rudolph Mount,,0,6,513,1000,0,10,76,6606,246,580,,,,,93,30,,70,1,,,,,,,,,120,,,0,750,,,,,,,625,626,,,,,,,,,,,,,,,,,,,,,,,,,,15000,,,,,3,,,,,3159,,,1,LPAT0914
Vixen Mount,,0,6,513,1000,0,10,76,6607,246,580,,,,,94,30,,70,1,,,,,,,,,120,,,0,750,,,,,,,625,626,,,,,,,,,,,,,,,,,,,,,,,,,,15000,,,,,3,,,,,3178,,,1,LPAT0915
Naughty Dragon Mount,,0,7,513,1000,0,10,76,6608,246,580,,,,,95,30,,70,1,,,,,,,,,120,,,0,1100,,,,,,,625,626,,,,,,,,,,,,,,,,,,,,,,,,,,15000,,,,,3,,,,,2198,,,1,LPAT0916
Zephyr Dragon Mount,,0,7,513,1000,0,10,76,6609,246,580,,,,,96,30,,70,1,,,,,,,,,120,,,0,1100,,,,,,,625,626,,,,,,,,,,,,,,,,,,,,,,,,,,15000,,,,,3,,,,,2199,,,1,LPAT0917
Precious Dragon Mount,,0,7,513,1000,0,10,76,6610,246,580,,,,,97,30,,70,1,,,,,,,,,120,,,0,1100,,,,,,,625,626,,,,,,,,,,,,,,,,,,,,,,,,,,15000,,,,,3,,,,,2203,,,1,LPAT0918
Earth Dragon Mount,,0,7,513,1000,0,10,76,6611,246,580,,,,,98,30,,70,1,,,,,,,,,120,,,0,1100,,,,,,,625,626,,,,,,,,,,,,,,,,,,,,,,,,,,15000,,,,,3,,,,,2207,,,1,LPAT0919
Thunder Dragon Mount,,0,7,513,1000,0,10,76,6612,246,580,,,,,99,30,,70,1,,,,,,,,,120,,,0,1100,,,,,,,625,626,,,,,,,,,,,,,,,,,,,,,,,,,,15000,,,,,3,,,,,2211,,,1,LPAT0920
Volcanic Dragon Mount,,0,7,513,1000,0,10,76,6613,246,580,,,,,100,30,,70,1,,,,,,,,,120,,,0,1100,,,,,,,625,626,,,,,,,,,,,,,,,,,,,,,,,,,,15000,,,,,3,,,,,2218,,,1,LPAT0921
Arctic Dragon Mount,,0,7,513,1000,0,10,76,6614,246,580,,,,,101,30,,70,1,,,,,,,,,120,,,0,1100,,,,,,,625,626,,,,,,,,,,,,,,,,,,,,,,,,,,15000,,,,,3,,,,,2219,,,1,LPAT0922
Spiky Dragon Mount,,0,7,513,1000,0,10,76,6615,246,580,,,,,102,30,,70,1,,,,,,,,,120,,,0,1100,,,,,,,625,626,,,,,,,,,,,,,,,,,,,,,,,,,,15000,,,,,3,,,,,2235,,,1,LPAT0923
Flying Pumpkin Mount,,0,6,513,1000,0,10,76,6676,246,580,,,,,103,30,,70,1,,,,,,,,,120,,,0,900,,,,,,,281,470,,,,,,,,,,,,,,,,,,,,,,,,,,15000,,,,,3,,,,,2236,,,1,LPAT0924
Comet Sequence,,0,6,513,1000,0,10,76,5455,246,580,,,,,72,30,,70,1,,,,,,,,,120,,,0,750,,,,,,,625,626,,,,,,,,,,,,,,,,,,,,,,,,,,15000,,,,,3,,,,,,,,,
Ice Spirit Morph,,0,6,513,100,0,10,76,6808,246,580,,,,,104,30,,70,1,,,,,,,,,120,,,0,500,,,,,,,281,470,,,,,,,,,,,,,,,,,,,,,,,,,,15000,,,,,3,,,1,,2222,,,,LPAT0926
Rudolph Santa Morph,,0,6,513,100,0,10,76,6795,246,580,,,,,105,30,,70,1,,,,,,,,,120,,,0,500,,,,,,,281,470,,,,,,,,,,,,,,,,,,,,,,,,,,15000,,,,,3,,,1,,3682,,,,LPAT0927
Dog Mount,,0,6,513,0,0,10,76,6903,246,580,,,,,106,30,,70,1,,,,,,,,,120,,,0,700,,,,,,,625,626,,,,,,,,,,,,,,,,,,,,,,,,,,15000,,,,,3,,,,,2215,,,1,LPAT0928
Unicorn Mount,,0,6,513,0,0,10,76,6904,246,580,,,,,107,30,,70,1,,,,,,,,,120,,,0,1000,,,,,,,625,626,,,,,,,,,,,,,,,,,,,,,,,,,,15000,,,,,3,,,,,2216,,,1,LPAT0929
Horse Mount,,0,6,513,0,0,10,76,6905,246,580,,,,,107,30,,70,1,,,,,,,,,120,,,0,1000,,,,,,,625,626,,,,,,,,,,,,,,,,,,,,,,,,,,15000,,,,,3,,,,,2217,,,1,LPAT0930
Lion Mount,,0,6,513,0,0,10,76,6906,246,580,,,,,108,30,,70,1,,,,,,,,,120,,,0,850,,,,,,,625,626,,,,,,,,,,,,,,,,,,,,,,,,,,15000,,,,,3,,,,,,,,1,LPAT0931
Springer Bean Morph,,0,6,513,0,0,10,76,6808,246,580,,,,,0,30,,70,1,,,,,,,,,120,,,0,700,,,,,,,281,470,,,,,,,,,,,,,,,,,,,,,,,,,,15000,,,,,3,,,1,,,,,,LPAT0932
Chubby Bean Morph,,0,10,513,0,0,10,76,6868,246,580,,,,,110,30,,70,1,,,,,,,,,120,,,0,650,,,,,,,281,470,,,,,,,,,,,,,,,,,,,,,,,,,,15000,,,,,3,,,1,130,2227,,,,LPAT0933
Warrior Bean Morph,,0,10,513,0,0,10,76,6869,246,580,,,,,111,30,,70,1,,,,,,,,,120,,,0,700,,,,,,,281,470,,,,,,,,,,,,,,,,,,,,,,,,,,15000,,,,,3,,,1,70,2228,,,,LPAT0934
Ultimate Bean Morph,,0,10,513,0,0,10,76,6870,246,580,,,,,112,30,,70,1,,,,,,,,,120,,,0,700,,,,,,,281,470,,,,,,,,,,,,,,,,,,,,,,,,,,15000,,,,,3,,,1,160,2229,,,,LPAT0935
Leprechaun Morph,,0,6,513,0,0,3,76,6871,246,580,,,,,113,30,,70,1,,,,,,,,,120,,,0,700,,,,,,,281,470,,,,,,,,304,,,,,,,,,,,,,,,,,,15000,,,,,3,,,1,50,2225,,,,LPAT0936
Mr Baggie Morph,,0,6,513,0,0,1,76,6882,246,580,,,,,114,30,,70,1,,,,,,,,,120,,,0,600,,,,,,,281,470,,,,,,,,,,,,,,,,,,,,,,,,,,15000,,,,,3,,,1,55,2276,,,,LPAT0937
Mr Cannie Morph,,0,6,513,0,0,1,76,6881,246,580,,,,,115,30,,70,1,,,,,,,,,120,,,0,600,,,,,,,281,470,,,,,,,,,,,,,,,,,,,,,,,,,,15000,,,,,3,,,1,55,2277,,,,LPAT0938
Astarot Morph,,0,10,513,0,0,20,76,6883,246,580,,,,,116,30,,70,1,,,,,,,,,120,,,0,720,,,,,,,281,470,,,,,,,,,,,,,,,,,,,,,,,,,,15000,,,,,3,,,1,150,396,,,,LPAT0939
Flaming Wolf,,0,6,513,0,0,10,76,6883,246,580,,,,,117,30,,70,1,,,,,,,,,120,,,0,1000,,,,,,,281,470,,,,,,,,,,,,,,,,,,,,,,,,,,15000,,,,,3,,,,,,,,,LPAT0940
Ghost Morph,,0,6,513,0,0,1,76,7224,246,580,,,,,118,30,,70,1,,,,,,,,,120,,,0,1000,,,,,,,281,470,,,,,,,,,,,,,,,,1934,,,,,,,,,,15000,,,,,3,,,1,130,3677,,,,LPAT0941
Reaper Ghost Morph,,0,6,513,100,0,10,76,6885,246,580,,,,,120,30,,70,1,,,,,,,,,120,,,0,800,,,,,,,281,470,,,,,,,,,,,,,,,,,,390,,,,,,,,15000,,,,,3,,,1,105,3005,,,,LPAT0942
Skeleton Morph,,0,6,513,100,0,5,76,6886,246,580,,,,,121,30,,70,1,,,,,,,,,120,,,0,650,,,,,,,281,470,,,,,,,,,,,,,,,,,,,,,,,,,,15000,,,,,3,,,1,105,3675,,,,LPAT0943
Spooky Ghost Mount,,0,6,513,100,0,5,76,6888,246,580,,,,,64,30,,70,1,,,,,,,,,120,,,0,650,,,,,,,625,626,,,,,,,,,,,,,,,,,,390,,,,,,,,15000,,,,,3,,,,,3676,,,1,LPAT0944
Zombie Spirit Morph,,0,6,513,100,0,1,76,6907,246,580,,,,,104,30,,70,1,,,,,,,,,120,,,0,500,,,,,,,281,470,,,,,,,,,,,,,,,,,,,,,,,,,,15000,,,,,3,,,1,70,3674,,,,LPAT0945
Igloo Turtle Mount,,0,6,513,100,0,10,76,6901,246,580,,,,,122,30,,70,1,,,,,,,,,120,,,0,650,,,,,,,625,626,,,,,,,,,,,,,,,,,,,,,,,,,,15000,,,,,3,,,,,1463,,,1,LPAT0946
Snowman Morph,,0,6,513,100,0,10,76,7327,246,580,,,,,123,30,,70,1,,,,,,,,,120,,,0,600,,,,,,,625,626,,,,,,,,,,,,,,,,,,,,,,,,,,15000,,,,,3,,,1,90,3162,,,,LPAT0947
Evil Snowman Morph,,0,6,513,100,0,10,76,7338,246,580,,,,,124,30,,70,1,,,,,,,,,120,,,0,600,,,,,,,625,626,,,,,,,,,,,,,,,,,,,,,,,,,,15000,,,,,3,,,1,120,3161,,,,LPAT0948
Easter Bunny Morph,,0,6,513,100,0,10,76,7380,246,580,,,,,125,30,,70,1,,,,,,,,,120,,,0,600,,,,,,,625,626,,,,,,,,,,,,,,,,,,,,,,,,,,15000,,,,,3,,,1,,3765,,,,LPAT0949
Easter Egg Morph,,0,6,513,100,0,1,76,7382,246,580,,,,,126,30,,70,1,,,,,,,,,120,,,0,550,,,,,,,625,626,,,,,,,,,,,,,,,,,,,,,,,,,,15000,,,,,3,,,1,35,1653,,,,LPAT0950
Easter Egg Morph,,0,6,513,100,0,1,76,7384,246,580,,,,,126,30,,70,1,,,,,,,,,120,,,0,550,,,,,,,625,626,,,,,,,,,,,,,,,,,,,,,,,,,,15000,,,,,3,,,1,35,1658,,,,LPAT0951
Easter Egg Morph,,0,6,513,100,0,1,76,7385,246,580,,,,,126,30,,70,1,,,,,,,,,120,,,0,550,,,,,,,625,626,,,,,,,,,,,,,,,,,,,,,,,,,,15000,,,,,3,,,1,35,1663,,,,LPAT0952
Gryphon Mount,,0,7,513,1000,0,10,76,6615,246,580,,,,,102,30,,70,1,,,,,,,,,120,,,0,1000,,,,,,,625,626,,,,,,,,,,,,,,,,,,,,,,,,,,15000,,,,,3,,,,,,,,,LPAT0953
,,,,,,,,,,,,,,,,,,,,,,,,,,,,,,,,, ,,,,,,,,,,,,,,,,,,,,,,,,,,,,,,,,,,,,,,,,,,,,,,,,
,,,,,,,,,,,,,,,,,,,,,,,,,,,,,,,,, ,,,,,,,,,,,,,,,,,,,,,,,,,,,,,,,,,,,,,,,,,,,,,,,,
Snowman Prop,,0,2,513,0,0,0,76,7327,246,580,,,,,123,30,,,,,,,,,,,,120,,,0,550,,,,,,,625,626,,,,,,,,,,,,,,,,,,,,,,,,,,15000,,,,,3,,,1,105,,,,,LPAT0956
Ice Spirit Prop,,0,2,513,0,0,0,76,6808,246,580,,,,,104,30,,,,,,,,,,,,120,,,0,540,,,,,,,281,470,,,,,,,,,,,,,,,,,,,,,,,,,,15000,,,,,3,,,1,70,,,,,LPAT0957
Reindeer Prop,,0,2,513,0,0,0,76,5445,246,580,,,,,71,30,,,,,,,,,,,,120,,,0,550,,,,,,,625,626,,,,,,,,,,,,,,,,,,,,,,,,,,15000,,,,,3,,,1,90,,,,,LPAT0958
Angry Reindeer Prop,,0,2,513,0,0,0,76,5455,246,580,,,,,72,30,,,,,,,,,,,,120,,,0,650,,,,,,,625,626,,,,,,,,,,,,,,,,,,,,,,,,,,15000,,,,,3,,,1,105,,,,,LPAT0959
Rudolph Santa Prop,,0,2,513,0,0,0,76,6795,246,580,,,,,105,30,,,,,,,,,,,,120,,,0,570,,,,,,,281,470,,,,,,,,,,,,,,,,,,,,,,,,,,15000,,,,,3,,,1,95,,,,,LPAT0960
Little Reindeer Prop,,0,2,513,0,0,0,76,5444,246,580,,,,,70,30,,,,,,,,,,,,120,,,0,550,,,,,,,625,626,,,,,,,,,,,,,,,,,,,,,,,,,,15000,,,,,3,,,1,70,,,,,LPAT0961
Christmas Tree Prop,,0,2,513,0,0,0,76,2044,246,580,,,,,151,30,,,,,,,,,,,,120,,,0,550,,,,,,,625,626,,,,,,,,,,,,,,,,,,,,,,,,,,15000,,,,,3,,,1,85,,,,,LPAT0962
Red Present Prop,,0,2,513,0,0,0,76,5753,246,580,,,,,152,30,,,,,,,,,,,,120,,,0,550,,,,,,,625,626,,,,,,,,,,,,,,,,,,,,,,,,,,15000,,,,,3,,,1,85,,,,,LPAT0963
Blue Present Prop,,0,2,513,0,0,0,76,5754,246,580,,,,,152,30,,,,,,,,,,,,120,,,0,550,,,,,,,625,626,,,,,,,,,,,,,,,,,,,,,,,,,,15000,,,,,3,,,1,85,,,,,LPAT0964
Snow Cone Prop,,0,2,513,0,0,0,76,8396,246,580,,,,,153,30,,,,,,,,,,,,120,,,0,540,,,,,,,281,470,,,,,,,,,,,,,,,,,,,,,,,,,,15000,,,,,3,,,1,95,,,,,LPAT0965
Snow Cone Morph,,0,6,513,0,0,0,76,8396,246,580,,,,,153,30,,,,,,,,,,,,120,,,0,520,,,,,,,281,470,,,,,,,,,,,,,,,,,,,,,,,,,,15000,,,,,3,,,1,95,976,,,,LPAT0966
,,,,,,,,,,,,,,,,,,,,,,,,,,,,,,,,, ,,,,,,,,,,,,,,,,,,,,,,,,,,,,,,,,,,,,,,,,,,,,,,,,
BloodBat Mount,,0,6,513,1000,0,10,76,8604,246,580,,,,,156,30,,70,1,,,,,,,,,120,,,0,850,,,,,,,625,626,,,,,,,,,,,,,,,,,,,,,,,,,,15000,,,,,3,,,,,3679,,,1,LPAT0968
Vicious Bunny Morph,,0,6,513,1000,0,10,76,2592,246,580,,,,,125,30,,70,1,,,,,,,,,120,,,0,600,,,,,,,625,626,,,,,,,,,,,,,,,,,,,,,,,,,,15000,,,,,3,,,1,,3793,,,,LPAT0969
Lunar Keeper Morph,,0,6,513,1000,0,10,76,2947,246,580,,,,,157,30,,70,1,,,,,,,,,120,,,0,850,,,,,,,625,626,,,,,,,,,,,,,,,,1291,1291,,,,,,,,,15000,,,,,3,,,1,,384,,,,LPAT0970
Island Cockroach Morph,,0,6,513,1000,0,10,76,4542,246,580,,,,,159,30,,70,1,,,,,,,,,120,,,0,800,,,,,,,625,626,,,,,,,,,,,,,,,,,,,,,,,,,,15000,,,,,3,,,1,85,3872,,,,LPAT0971
Delusion Antares Mount,,0,0,513,192650,0,10,30,9179,246,580,,,,,48,30,,73,4,31,170,,,,,,,30,1,,4,1100,,,,,,,281,261,,,,,,,,,,,,,,,3217,,3217,3217,3217,,,,,,,15000,,,,,3,,,,,2423,,21,1,LPAT0972
Phoenix Mount,,0,6,513,1000,0,10,75,1,246,580,,,,,162,30,,70,1,,,,,,,,,120,,,0,1200,,,,,,,625,626,,,,,,,,,,,,,,,,,,,,3303,3303,3303,,,,15000,,,,,3,,,,,,,,1,LPAT0973
Wing Mount,,0,6,513,1000,0,10,75,1,246,580,,,,,163,30,,70,1,,,,,,,,,120,,,0,1200,,,,,,,625,626,,,,,,,,,,,,,,,,,,,,,,,,,,15000,,,,,3,,,,,,,,,LPAT0974
,,,,,,,,,,,,,,,,,,,,,,,,,,,,,,,,, ,,,,,,,,,,,,,,,,,,,,,,,,,,,,,,,,,,,,,,,,,,,,,,,,
,,,,,,,,,,,,,,,,,,,,,,,,,,,,,,,,, ,,,,,,,,,,,,,,,,,,,,,,,,,,,,,,,,,,,,,,,,,,,,,,,,
,,,,,,,,,,,,,,,,,,,,,,,,,,,,,,,,, ,,,,,,,,,,,,,,,,,,,,,,,,,,,,,,,,,,,,,,,,,,,,,,,,
,,,,,,,,,,,,,,,,,,,,,,,,,,,,,,,,, ,,,,,,,,,,,,,,,,,,,,,,,,,,,,,,,,,,,,,,,,,,,,,,,,
,,,,,,,,,,,,,,,,,,,,,,,,,,,,,,,,, ,,,,,,,,,,,,,,,,,,,,,,,,,,,,,,,,,,,,,,,,,,,,,,,,
,,,,,,,,,,,,,,,,,,,,,,,,,,,,,,,,, ,,,,,,,,,,,,,,,,,,,,,,,,,,,,,,,,,,,,,,,,,,,,,,,,
,,,,,,,,,,,,,,,,,,,,,,,,,,,,,,,,, ,,,,,,,,,,,,,,,,,,,,,,,,,,,,,,,,,,,,,,,,,,,,,,,,
,,,,,,,,,,,,,,,,,,,,,,,,,,,,,,,,, ,,,,,,,,,,,,,,,,,,,,,,,,,,,,,,,,,,,,,,,,,,,,,,,,
,,,,,,,,,,,,,,,,,,,,,,,,,,,,,,,,, ,,,,,,,,,,,,,,,,,,,,,,,,,,,,,,,,,,,,,,,,,,,,,,,,
,,,,,,,,,,,,,,,,,,,,,,,,,,,,,,,,, ,,,,,,,,,,,,,,,,,,,,,,,,,,,,,,,,,,,,,,,,,,,,,,,,
,,,,,,,,,,,,,,,,,,,,,,,,,,,,,,,,, ,,,,,,,,,,,,,,,,,,,,,,,,,,,,,,,,,,,,,,,,,,,,,,,,
,,,,,,,,,,,,,,,,,,,,,,,,,,,,,,,,, ,,,,,,,,,,,,,,,,,,,,,,,,,,,,,,,,,,,,,,,,,,,,,,,,
,,,,,,,,,,,,,,,,,,,,,,,,,,,,,,,,, ,,,,,,,,,,,,,,,,,,,,,,,,,,,,,,,,,,,,,,,,,,,,,,,,
,,,,,,,,,,,,,,,,,,,,,,,,,,,,,,,,, ,,,,,,,,,,,,,,,,,,,,,,,,,,,,,,,,,,,,,,,,,,,,,,,,
,,,,,,,,,,,,,,,,,,,,,,,,,,,,,,,,, ,,,,,,,,,,,,,,,,,,,,,,,,,,,,,,,,,,,,,,,,,,,,,,,,
,,,,,,,,,,,,,,,,,,,,,,,,,,,,,,,,, ,,,,,,,,,,,,,,,,,,,,,,,,,,,,,,,,,,,,,,,,,,,,,,,,
,,,,,,,,,,,,,,,,,,,,,,,,,,,,,,,,, ,,,,,,,,,,,,,,,,,,,,,,,,,,,,,,,,,,,,,,,,,,,,,,,,
,,,,,,,,,,,,,,,,,,,,,,,,,,,,,,,,, ,,,,,,,,,,,,,,,,,,,,,,,,,,,,,,,,,,,,,,,,,,,,,,,,
,,,,,,,,,,,,,,,,,,,,,,,,,,,,,,,,, ,,,,,,,,,,,,,,,,,,,,,,,,,,,,,,,,,,,,,,,,,,,,,,,,
,,,,,,,,,,,,,,,,,,,,,,,,,,,,,,,,, ,,,,,,,,,,,,,,,,,,,,,,,,,,,,,,,,,,,,,,,,,,,,,,,,
,,,,,,,,,,,,,,,,,,,,,,,,,,,,,,,,, ,,,,,,,,,,,,,,,,,,,,,,,,,,,,,,,,,,,,,,,,,,,,,,,,
,,,,,,,,,,,,,,,,,,,,,,,,,,,,,,,,, ,,,,,,,,,,,,,,,,,,,,,,,,,,,,,,,,,,,,,,,,,,,,,,,,
,,,,,,,,,,,,,,,,,,,,,,,,,,,,,,,,, ,,,,,,,,,,,,,,,,,,,,,,,,,,,,,,,,,,,,,,,,,,,,,,,,
,,,,,,,,,,,,,,,,,,,,,,,,,,,,,,,,, ,,,,,,,,,,,,,,,,,,,,,,,,,,,,,,,,,,,,,,,,,,,,,,,,
,,,,,,,,,,,,,,,,,,,,,,,,,,,,,,,,, ,,,,,,,,,,,,,,,,,,,,,,,,,,,,,,,,,,,,,,,,,,,,,,,,
,,,,,,,,,,,,,,,,,,,,,,,,,,,,,,,,,,,,,,,,,,,,,,,,,,,,,,,,,,,,,,,,,,,,,,,,,,,,,,,,,
,,,,,,,,,,,,,,,,,,,,,,,,,,,,,,,,,,,,,,,,,,,,,,,,,,,,,,,,,,,,,,,,,,,,,,,,,,,,,,,,,
,,,,,,,,,,,,,,,,,,,,,,,,,,,,,,,,,,,,,,,,,,,,,,,,,,,,,,,,,,,,,,,,,,,,,,,,,,,,,,,,,
,,,,,,,,,,,,,,,,,,,,,,,,,,,,,,,,,,,,,,,,,,,,,,,,,,,,,,,,,,,,,,,,,,,,,,,,,,,,,,,,,
,,,,,,,,,,,,,,,,,,,,,,,,,,,,,,,,,,,,,,,,,,,,,,,,,,,,,,,,,,,,,,,,,,,,,,,,,,,,,,,,,
,,,,,,,,,,,,,,,,,,,,,,,,,,,,,,,,,,,,,,,,,,,,,,,,,,,,,,,,,,,,,,,,,,,,,,,,,,,,,,,,,
,,,,,,,,,,,,,,,,,,,,,,,,,,,,,,,,,,,,,,,,,,,,,,,,,,,,,,,,,,,,,,,,,,,,,,,,,,,,,,,,,
,,,,,,,,,,,,,,,,,,,,,,,,,,,,,,,,,,,,,,,,,,,,,,,,,,,,,,,,,,,,,,,,,,,,,,,,,,,,,,,,,
,,,,,,,,,,,,,,,,,,,,,,,,,,,,,,,,,,,,,,,,,,,,,,,,,,,,,,,,,,,,,,,,,,,,,,,,,,,,,,,,,
,,,,,,,,,,,,,,,,,,,,,,,,,,,,,,,,,,,,,,,,,,,,,,,,,,,,,,,,,,,,,,,,,,,,,,,,,,,,,,,,,
,,,,,,,,,,,,,,,,,,,,,,,,,,,,,,,,,,,,,,,,,,,,,,,,,,,,,,,,,,,,,,,,,,,,,,,,,,,,,,,,,
,,,,,,,,,,,,,,,,,,,,,,,,,,,,,,,,,,,,,,,,,,,,,,,,,,,,,,,,,,,,,,,,,,,,,,,,,,,,,,,,,
,,,,,,,,,,,,,,,,,,,,,,,,,,,,,,,,,,,,,,,,,,,,,,,,,,,,,,,,,,,,,,,,,,,,,,,,,,,,,,,,,
,,,,,,,,,,,,,,,,,,,,,,,,,,,,,,,,,,,,,,,,,,,,,,,,,,,,,,,,,,,,,,,,,,,,,,,,,,,,,,,,,
,,,,,,,,,,,,,,,,,,,,,,,,,,,,,,,,,,,,,,,,,,,,,,,,,,,,,,,,,,,,,,,,,,,,,,,,,,,,,,,,,
,,,,,,,,,,,,,,,,,,,,,,,,,,,,,,,,,,,,,,,,,,,,,,,,,,,,,,,,,,,,,,,,,,,,,,,,,,,,,,,,,
,,,,,,,,,,,,,,,,,,,,,,,,,,,,,,,,,,,,,,,,,,,,,,,,,,,,,,,,,,,,,,,,,,,,,,,,,,,,,,,,,
,,,,,,,,,,,,,,,,,,,,,,,,,,,,,,,,,,,,,,,,,,,,,,,,,,,,,,,,,,,,,,,,,,,,,,,,,,,,,,,,,
,,,,,,,,,,,,,,,,,,,,,,,,,,,,,,,,,,,,,,,,,,,,,,,,,,,,,,,,,,,,,,,,,,,,,,,,,,,,,,,,,
,,,,,,,,,,,,,,,,,,,,,,,,,,,,,,,,,,,,,,,,,,,,,,,,,,,,,,,,,,,,,,,,,,,,,,,,,,,,,,,,,
,,,,,,,,,,,,,,,,,,,,,,,,,,,,,,,,,,,,,,,,,,,,,,,,,,,,,,,,,,,,,,,,,,,,,,,,,,,,,,,,,
,,,,,,,,,,,,,,,,,,,,,,,,,,,,,,,,,,,,,,,,,,,,,,,,,,,,,,,,,,,,,,,,,,,,,,,,,,,,,,,,,
,,,,,,,,,,,,,,,,,,,,,,,,,,,,,,,,,,,,,,,,,,,,,,,,,,,,,,,,,,,,,,,,,,,,,,,,,,,,,,,,,
,,,,,,,,,,,,,,,,,,,,,,,,,,,,,,,,,,,,,,,,,,,,,,,,,,,,,,,,,,,,,,,,,,,,,,,,,,,,,,,,,
,,,,,,,,,,,,,,,,,,,,,,,,,,,,,,,,,,,,,,,,,,,,,,,,,,,,,,,,,,,,,,,,,,,,,,,,,,,,,,,,,
,,,,,,,,,,,,,,,,,,,,,,,,,,,,,,,,,,,,,,,,,,,,,,,,,,,,,,,,,,,,,,,,,,,,,,,,,,,,,,,,,
,,,,,,,,,,,,,,,,,,,,,,,,,,,,,,,,,,,,,,,,,,,,,,,,,,,,,,,,,,,,,,,,,,,,,,,,,,,,,,,,,
,,,,,,,,,,,,,,,,,,,,,,,,,,,,,,,,,,,,,,,,,,,,,,,,,,,,,,,,,,,,,,,,,,,,,,,,,,,,,,,,,
,,,,,,,,,,,,,,,,,,,,,,,,,,,,,,,,,,,,,,,,,,,,,,,,,,,,,,,,,,,,,,,,,,,,,,,,,,,,,,,,,
,,,,,,,,,,,,,,,,,,,,,,,,,,,,,,,,,,,,,,,,,,,,,,,,,,,,,,,,,,,,,,,,,,,,,,,,,,,,,,,,,
,,,,,,,,,,,,,,,,,,,,,,,,,,,,,,,,,,,,,,,,,,,,,,,,,,,,,,,,,,,,,,,,,,,,,,,,,,,,,,,,,
,,,,,,,,,,,,,,,,,,,,,,,,,,,,,,,,,,,,,,,,,,,,,,,,,,,,,,,,,,,,,,,,,,,,,,,,,,,,,,,,,
,,,,,,,,,,,,,,,,,,,,,,,,,,,,,,,,,,,,,,,,,,,,,,,,,,,,,,,,,,,,,,,,,,,,,,,,,,,,,,,,,
,,,,,,,,,,,,,,,,,,,,,,,,,,,,,,,,,,,,,,,,,,,,,,,,,,,,,,,,,,,,,,,,,,,,,,,,,,,,,,,,,
,,,,,,,,,,,,,,,,,,,,,,,,,,,,,,,,,,,,,,,,,,,,,,,,,,,,,,,,,,,,,,,,,,,,,,,,,,,,,,,,,
,,,,,,,,,,,,,,,,,,,,,,,,,,,,,,,,,,,,,,,,,,,,,,,,,,,,,,,,,,,,,,,,,,,,,,,,,,,,,,,,,
,,,,,,,,,,,,,,,,,,,,,,,,,,,,,,,,,,,,,,,,,,,,,,,,,,,,,,,,,,,,,,,,,,,,,,,,,,,,,,,,,
,,,,,,,,,,,,,,,,,,,,,,,,,,,,,,,,,,,,,,,,,,,,,,,,,,,,,,,,,,,,,,,,,,,,,,,,,,,,,,,,,
,,,,,,,,,,,,,,,,,,,,,,,,,,,,,,,,,,,,,,,,,,,,,,,,,,,,,,,,,,,,,,,,,,,,,,,,,,,,,,,,,
,,,,,,,,,,,,,,,,,,,,,,,,,,,,,,,,,,,,,,,,,,,,,,,,,,,,,,,,,,,,,,,,,,,,,,,,,,,,,,,,,
,,,,,,,,,,,,,,,,,,,,,,,,,,,,,,,,,,,,,,,,,,,,,,,,,,,,,,,,,,,,,,,,,,,,,,,,,,,,,,,,,
,,,,,,,,,,,,,,,,,,,,,,,,,,,,,,,,,,,,,,,,,,,,,,,,,,,,,,,,,,,,,,,,,,,,,,,,,,,,,,,,,
,,,,,,,,,,,,,,,,,,,,,,,,,,,,,,,,,,,,,,,,,,,,,,,,,,,,,,,,,,,,,,,,,,,,,,,,,,,,,,,,,
,,,,,,,,,,,,,,,,,,,,,,,,,,,,,,,,,,,,,,,,,,,,,,,,,,,,,,,,,,,,,,,,,,,,,,,,,,,,,,,,,
,,,,,,,,,,,,,,,,,,,,,,,,,,,,,,,,,,,,,,,,,,,,,,,,,,,,,,,,,,,,,,,,,,,,,,,,,,,,,,,,,
,,,,,,,,,,,,,,,,,,,,,,,,,,,,,,,,,,,,,,,,,,,,,,,,,,,,,,,,,,,,,,,,,,,,,,,,,,,,,,,,,
,,,,,,,,,,,,,,,,,,,,,,,,,,,,,,,,,,,,,,,,,,,,,,,,,,,,,,,,,,,,,,,,,,,,,,,,,,,,,,,,,
,,,,,,,,,,,,,,,,,,,,,,,,,,,,,,,,,,,,,,,,,,,,,,,,,,,,,,,,,,,,,,,,,,,,,,,,,,,,,,,,,
,,,,,,,,,,,,,,,,,,,,,,,,,,,,,,,,,,,,,,,,,,,,,,,,,,,,,,,,,,,,,,,,,,,,,,,,,,,,,,,,,
,,,,,,,,,,,,,,,,,,,,,,,,,,,,,,,,,,,,,,,,,,,,,,,,,,,,,,,,,,,,,,,,,,,,,,,,,,,,,,,,,
,,,,,,,,,,,,,,,,,,,,,,,,,,,,,,,,,,,,,,,,,,,,,,,,,,,,,,,,,,,,,,,,,,,,,,,,,,,,,,,,,
,,,,,,,,,,,,,,,,,,,,,,,,,,,,,,,,,,,,,,,,,,,,,,,,,,,,,,,,,,,,,,,,,,,,,,,,,,,,,,,,,
,,,,,,,,,,,,,,,,,,,,,,,,,,,,,,,,,,,,,,,,,,,,,,,,,,,,,,,,,,,,,,,,,,,,,,,,,,,,,,,,,
,,,,,,,,,,,,,,,,,,,,,,,,,,,,,,,,,,,,,,,,,,,,,,,,,,,,,,,,,,,,,,,,,,,,,,,,,,,,,,,,,
,,,,,,,,,,,,,,,,,,,,,,,,,,,,,,,,,,,,,,,,,,,,,,,,,,,,,,,,,,,,,,,,,,,,,,,,,,,,,,,,,
,,,,,,,,,,,,,,,,,,,,,,,,,,,,,,,,,,,,,,,,,,,,,,,,,,,,,,,,,,,,,,,,,,,,,,,,,,,,,,,,,
,,,,,,,,,,,,,,,,,,,,,,,,,,,,,,,,,,,,,,,,,,,,,,,,,,,,,,,,,,,,,,,,,,,,,,,,,,,,,,,,,
,,,,,,,,,,,,,,,,,,,,,,,,,,,,,,,,,,,,,,,,,,,,,,,,,,,,,,,,,,,,,,,,,,,,,,,,,,,,,,,,,
,,,,,,,,,,,,,,,,,,,,,,,,,,,,,,,,,,,,,,,,,,,,,,,,,,,,,,,,,,,,,,,,,,,,,,,,,,,,,,,,,
,,,,,,,,,,,,,,,,,,,,,,,,,,,,,,,,,,,,,,,,,,,,,,,,,,,,,,,,,,,,,,,,,,,,,,,,,,,,,,,,,
,,,,,,,,,,,,,,,,,,,,,,,,,,,,,,,,,,,,,,,,,,,,,,,,,,,,,,,,,,,,,,,,,,,,,,,,,,,,,,,,,
,,,,,,,,,,,,,,,,,,,,,,,,,,,,,,,,,,,,,,,,,,,,,,,,,,,,,,,,,,,,,,,,,,,,,,,,,,,,,,,,,
,,,,,,,,,,,,,,,,,,,,,,,,,,,,,,,,,,,,,,,,,,,,,,,,,,,,,,,,,,,,,,,,,,,,,,,,,,,,,,,,,
,,,,,,,,,,,,,,,,,,,,,,,,,,,,,,,,,,,,,,,,,,,,,,,,,,,,,,,,,,,,,,,,,,,,,,,,,,,,,,,,,
,,,,,,,,,,,,,,,,,,,,,,,,,,,,,,,,,,,,,,,,,,,,,,,,,,,,,,,,,,,,,,,,,,,,,,,,,,,,,,,,,
,,,,,,,,,,,,,,,,,,,,,,,,,,,,,,,,,,,,,,,,,,,,,,,,,,,,,,,,,,,,,,,,,,,,,,,,,,,,,,,,,
,,,,,,,,,,,,,,,,,,,,,,,,,,,,,,,,,,,,,,,,,,,,,,,,,,,,,,,,,,,,,,,,,,,,,,,,,,,,,,,,,
,,,,,,,,,,,,,,,,,,,,,,,,,,,,,,,,,,,,,,,,,,,,,,,,,,,,,,,,,,,,,,,,,,,,,,,,,,,,,,,,,
,,,,,,,,,,,,,,,,,,,,,,,,,,,,,,,,,,,,,,,,,,,,,,,,,,,,,,,,,,,,,,,,,,,,,,,,,,,,,,,,,
,,,,,,,,,,,,,,,,,,,,,,,,,,,,,,,,,,,,,,,,,,,,,,,,,,,,,,,,,,,,,,,,,,,,,,,,,,,,,,,,,
,,,,,,,,,,,,,,,,,,,,,,,,,,,,,,,,,,,,,,,,,,,,,,,,,,,,,,,,,,,,,,,,,,,,,,,,,,,,,,,,,
,,,,,,,,,,,,,,,,,,,,,,,,,,,,,,,,,,,,,,,,,,,,,,,,,,,,,,,,,,,,,,,,,,,,,,,,,,,,,,,,,
,,,,,,,,,,,,,,,,,,,,,,,,,,,,,,,,,,,,,,,,,,,,,,,,,,,,,,,,,,,,,,,,,,,,,,,,,,,,,,,,,
,,,,,,,,,,,,,,,,,,,,,,,,,,,,,,,,,,,,,,,,,,,,,,,,,,,,,,,,,,,,,,,,,,,,,,,,,,,,,,,,,
,,,,,,,,,,,,,,,,,,,,,,,,,,,,,,,,,,,,,,,,,,,,,,,,,,,,,,,,,,,,,,,,,,,,,,,,,,,,,,,,,
,,,,,,,,,,,,,,,,,,,,,,,,,,,,,,,,,,,,,,,,,,,,,,,,,,,,,,,,,,,,,,,,,,,,,,,,,,,,,,,,,
,,,,,,,,,,,,,,,,,,,,,,,,,,,,,,,,,,,,,,,,,,,,,,,,,,,,,,,,,,,,,,,,,,,,,,,,,,,,,,,,,
,,,,,,,,,,,,,,,,,,,,,,,,,,,,,,,,,,,,,,,,,,,,,,,,,,,,,,,,,,,,,,,,,,,,,,,,,,,,,,,,,
,,,,,,,,,,,,,,,,,,,,,,,,,,,,,,,,,,,,,,,,,,,,,,,,,,,,,,,,,,,,,,,,,,,,,,,,,,,,,,,,,
,,,,,,,,,,,,,,,,,,,,,,,,,,,,,,,,,,,,,,,,,,,,,,,,,,,,,,,,,,,,,,,,,,,,,,,,,,,,,,,,,
,,,,,,,,,,,,,,,,,,,,,,,,,,,,,,,,,,,,,,,,,,,,,,,,,,,,,,,,,,,,,,,,,,,,,,,,,,,,,,,,,
,,,,,,,,,,,,,,,,,,,,,,,,,,,,,,,,,,,,,,,,,,,,,,,,,,,,,,,,,,,,,,,,,,,,,,,,,,,,,,,,,
,,,,,,,,,,,,,,,,,,,,,,,,,,,,,,,,,,,,,,,,,,,,,,,,,,,,,,,,,,,,,,,,,,,,,,,,,,,,,,,,,
,,,,,,,,,,,,,,,,,,,,,,,,,,,,,,,,,,,,,,,,,,,,,,,,,,,,,,,,,,,,,,,,,,,,,,,,,,,,,,,,,
,,,,,,,,,,,,,,,,,,,,,,,,,,,,,,,,,,,,,,,,,,,,,,,,,,,,,,,,,,,,,,,,,,,,,,,,,,,,,,,,,
,,,,,,,,,,,,,,,,,,,,,,,,,,,,,,,,,,,,,,,,,,,,,,,,,,,,,,,,,,,,,,,,,,,,,,,,,,,,,,,,,
,,,,,,,,,,,,,,,,,,,,,,,,,,,,,,,,,,,,,,,,,,,,,,,,,,,,,,,,,,,,,,,,,,,,,,,,,,,,,,,,,
,,,,,,,,,,,,,,,,,,,,,,,,,,,,,,,,,,,,,,,,,,,,,,,,,,,,,,,,,,,,,,,,,,,,,,,,,,,,,,,,,
,,,,,,,,,,,,,,,,,,,,,,,,,,,,,,,,,,,,,,,,,,,,,,,,,,,,,,,,,,,,,,,,,,,,,,,,,,,,,,,,,
,,,,,,,,,,,,,,,,,,,,,,,,,,,,,,,,,,,,,,,,,,,,,,,,,,,,,,,,,,,,,,,,,,,,,,,,,,,,,,,,,
,,,,,,,,,,,,,,,,,,,,,,,,,,,,,,,,,,,,,,,,,,,,,,,,,,,,,,,,,,,,,,,,,,,,,,,,,,,,,,,,,
,,,,,,,,,,,,,,,,,,,,,,,,,,,,,,,,,,,,,,,,,,,,,,,,,,,,,,,,,,,,,,,,,,,,,,,,,,,,,,,,,
,,,,,,,,,,,,,,,,,,,,,,,,,,,,,,,,,,,,,,,,,,,,,,,,,,,,,,,,,,,,,,,,,,,,,,,,,,,,,,,,,
,,,,,,,,,,,,,,,,,,,,,,,,,,,,,,,,,,,,,,,,,,,,,,,,,,,,,,,,,,,,,,,,,,,,,,,,,,,,,,,,,
,,,,,,,,,,,,,,,,,,,,,,,,,,,,,,,,,,,,,,,,,,,,,,,,,,,,,,,,,,,,,,,,,,,,,,,,,,,,,,,,,
,,,,,,,,,,,,,,,,,,,,,,,,,,,,,,,,,,,,,,,,,,,,,,,,,,,,,,,,,,,,,,,,,,,,,,,,,,,,,,,,,
,,,,,,,,,,,,,,,,,,,,,,,,,,,,,,,,,,,,,,,,,,,,,,,,,,,,,,,,,,,,,,,,,,,,,,,,,,,,,,,,,
,,,,,,,,,,,,,,,,,,,,,,,,,,,,,,,,,,,,,,,,,,,,,,,,,,,,,,,,,,,,,,,,,,,,,,,,,,,,,,,,,
,,,,,,,,,,,,,,,,,,,,,,,,,,,,,,,,,,,,,,,,,,,,,,,,,,,,,,,,,,,,,,,,,,,,,,,,,,,,,,,,,
,,,,,,,,,,,,,,,,,,,,,,,,,,,,,,,,,,,,,,,,,,,,,,,,,,,,,,,,,,,,,,,,,,,,,,,,,,,,,,,,,
,,,,,,,,,,,,,,,,,,,,,,,,,,,,,,,,,,,,,,,,,,,,,,,,,,,,,,,,,,,,,,,,,,,,,,,,,,,,,,,,,
,,,,,,,,,,,,,,,,,,,,,,,,,,,,,,,,,,,,,,,,,,,,,,,,,,,,,,,,,,,,,,,,,,,,,,,,,,,,,,,,,
,,,,,,,,,,,,,,,,,,,,,,,,,,,,,,,,,,,,,,,,,,,,,,,,,,,,,,,,,,,,,,,,,,,,,,,,,,,,,,,,,
,,,,,,,,,,,,,,,,,,,,,,,,,,,,,,,,,,,,,,,,,,,,,,,,,,,,,,,,,,,,,,,,,,,,,,,,,,,,,,,,,
,,,,,,,,,,,,,,,,,,,,,,,,,,,,,,,,,,,,,,,,,,,,,,,,,,,,,,,,,,,,,,,,,,,,,,,,,,,,,,,,,
,,,,,,,,,,,,,,,,,,,,,,,,,,,,,,,,,,,,,,,,,,,,,,,,,,,,,,,,,,,,,,,,,,,,,,,,,,,,,,,,,
,,,,,,,,,,,,,,,,,,,,,,,,,,,,,,,,,,,,,,,,,,,,,,,,,,,,,,,,,,,,,,,,,,,,,,,,,,,,,,,,,
,,,,,,,,,,,,,,,,,,,,,,,,,,,,,,,,,,,,,,,,,,,,,,,,,,,,,,,,,,,,,,,,,,,,,,,,,,,,,,,,,
,,,,,,,,,,,,,,,,,,,,,,,,,,,,,,,,,,,,,,,,,,,,,,,,,,,,,,,,,,,,,,,,,,,,,,,,,,,,,,,,,
,,,,,,,,,,,,,,,,,,,,,,,,,,,,,,,,,,,,,,,,,,,,,,,,,,,,,,,,,,,,,,,,,,,,,,,,,,,,,,,,,
,,,,,,,,,,,,,,,,,,,,,,,,,,,,,,,,,,,,,,,,,,,,,,,,,,,,,,,,,,,,,,,,,,,,,,,,,,,,,,,,,
,,,,,,,,,,,,,,,,,,,,,,,,,,,,,,,,,,,,,,,,,,,,,,,,,,,,,,,,,,,,,,,,,,,,,,,,,,,,,,,,,
,,,,,,,,,,,,,,,,,,,,,,,,,,,,,,,,,,,,,,,,,,,,,,,,,,,,,,,,,,,,,,,,,,,,,,,,,,,,,,,,,
,,,,,,,,,,,,,,,,,,,,,,,,,,,,,,,,,,,,,,,,,,,,,,,,,,,,,,,,,,,,,,,,,,,,,,,,,,,,,,,,,
,,,,,,,,,,,,,,,,,,,,,,,,,,,,,,,,,,,,,,,,,,,,,,,,,,,,,,,,,,,,,,,,,,,,,,,,,,,,,,,,,
,,,,,,,,,,,,,,,,,,,,,,,,,,,,,,,,,,,,,,,,,,,,,,,,,,,,,,,,,,,,,,,,,,,,,,,,,,,,,,,,,
,,,,,,,,,,,,,,,,,,,,,,,,,,,,,,,,,,,,,,,,,,,,,,,,,,,,,,,,,,,,,,,,,,,,,,,,,,,,,,,,,
,,,,,,,,,,,,,,,,,,,,,,,,,,,,,,,,,,,,,,,,,,,,,,,,,,,,,,,,,,,,,,,,,,,,,,,,,,,,,,,,,
,,,,,,,,,,,,,,,,,,,,,,,,,,,,,,,,,,,,,,,,,,,,,,,,,,,,,,,,,,,,,,,,,,,,,,,,,,,,,,,,,
,,,,,,,,,,,,,,,,,,,,,,,,,,,,,,,,,,,,,,,,,,,,,,,,,,,,,,,,,,,,,,,,,,,,,,,,,,,,,,,,,
,,,,,,,,,,,,,,,,,,,,,,,,,,,,,,,,,,,,,,,,,,,,,,,,,,,,,,,,,,,,,,,,,,,,,,,,,,,,,,,,,
,,,,,,,,,,,,,,,,,,,,,,,,,,,,,,,,,,,,,,,,,,,,,,,,,,,,,,,,,,,,,,,,,,,,,,,,,,,,,,,,,
,,,,,,,,,,,,,,,,,,,,,,,,,,,,,,,,,,,,,,,,,,,,,,,,,,,,,,,,,,,,,,,,,,,,,,,,,,,,,,,,,
,,,,,,,,,,,,,,,,,,,,,,,,,,,,,,,,,,,,,,,,,,,,,,,,,,,,,,,,,,,,,,,,,,,,,,,,,,,,,,,,,
,,,,,,,,,,,,,,,,,,,,,,,,,,,,,,,,,,,,,,,,,,,,,,,,,,,,,,,,,,,,,,,,,,,,,,,,,,,,,,,,,
,,,,,,,,,,,,,,,,,,,,,,,,,,,,,,,,,,,,,,,,,,,,,,,,,,,,,,,,,,,,,,,,,,,,,,,,,,,,,,,,,
,,,,,,,,,,,,,,,,,,,,,,,,,,,,,,,,,,,,,,,,,,,,,,,,,,,,,,,,,,,,,,,,,,,,,,,,,,,,,,,,,
,,,,,,,,,,,,,,,,,,,,,,,,,,,,,,,,,,,,,,,,,,,,,,,,,,,,,,,,,,,,,,,,,,,,,,,,,,,,,,,,,
,,,,,,,,,,,,,,,,,,,,,,,,,,,,,,,,,,,,,,,,,,,,,,,,,,,,,,,,,,,,,,,,,,,,,,,,,,,,,,,,,
,,,,,,,,,,,,,,,,,,,,,,,,,,,,,,,,,,,,,,,,,,,,,,,,,,,,,,,,,,,,,,,,,,,,,,,,,,,,,,,,,
,,,,,,,,,,,,,,,,,,,,,,,,,,,,,,,,,,,,,,,,,,,,,,,,,,,,,,,,,,,,,,,,,,,,,,,,,,,,,,,,,
,,,,,,,,,,,,,,,,,,,,,,,,,,,,,,,,,,,,,,,,,,,,,,,,,,,,,,,,,,,,,,,,,,,,,,,,,,,,,,,,,
,,,,,,,,,,,,,,,,,,,,,,,,,,,,,,,,,,,,,,,,,,,,,,,,,,,,,,,,,,,,,,,,,,,,,,,,,,,,,,,,,
,,,,,,,,,,,,,,,,,,,,,,,,,,,,,,,,,,,,,,,,,,,,,,,,,,,,,,,,,,,,,,,,,,,,,,,,,,,,,,,,,
,,,,,,,,,,,,,,,,,,,,,,,,,,,,,,,,,,,,,,,,,,,,,,,,,,,,,,,,,,,,,,,,,,,,,,,,,,,,,,,,,
,,,,,,,,,,,,,,,,,,,,,,,,,,,,,,,,,,,,,,,,,,,,,,,,,,,,,,,,,,,,,,,,,,,,,,,,,,,,,,,,,
,,,,,,,,,,,,,,,,,,,,,,,,,,,,,,,,,,,,,,,,,,,,,,,,,,,,,,,,,,,,,,,,,,,,,,,,,,,,,,,,,
,,,,,,,,,,,,,,,,,,,,,,,,,,,,,,,,,,,,,,,,,,,,,,,,,,,,,,,,,,,,,,,,,,,,,,,,,,,,,,,,,
,,,,,,,,,,,,,,,,,,,,,,,,,,,,,,,,,,,,,,,,,,,,,,,,,,,,,,,,,,,,,,,,,,,,,,,,,,,,,,,,,
,,,,,,,,,,,,,,,,,,,,,,,,,,,,,,,,,,,,,,,,,,,,,,,,,,,,,,,,,,,,,,,,,,,,,,,,,,,,,,,,,
,,,,,,,,,,,,,,,,,,,,,,,,,,,,,,,,,,,,,,,,,,,,,,,,,,,,,,,,,,,,,,,,,,,,,,,,,,,,,,,,,
,,,,,,,,,,,,,,,,,,,,,,,,,,,,,,,,,,,,,,,,,,,,,,,,,,,,,,,,,,,,,,,,,,,,,,,,,,,,,,,,,
,,,,,,,,,,,,,,,,,,,,,,,,,,,,,,,,,,,,,,,,,,,,,,,,,,,,,,,,,,,,,,,,,,,,,,,,,,,,,,,,,
,,,,,,,,,,,,,,,,,,,,,,,,,,,,,,,,,,,,,,,,,,,,,,,,,,,,,,,,,,,,,,,,,,,,,,,,,,,,,,,,,
,,,,,,,,,,,,,,,,,,,,,,,,,,,,,,,,,,,,,,,,,,,,,,,,,,,,,,,,,,,,,,,,,,,,,,,,,,,,,,,,,
,,,,,,,,,,,,,,,,,,,,,,,,,,,,,,,,,,,,,,,,,,,,,,,,,,,,,,,,,,,,,,,,,,,,,,,,,,,,,,,,,
,,,,,,,,,,,,,,,,,,,,,,,,,,,,,,,,,,,,,,,,,,,,,,,,,,,,,,,,,,,,,,,,,,,,,,,,,,,,,,,,,
,,,,,,,,,,,,,,,,,,,,,,,,,,,,,,,,,,,,,,,,,,,,,,,,,,,,,,,,,,,,,,,,,,,,,,,,,,,,,,,,,
,,,,,,,,,,,,,,,,,,,,,,,,,,,,,,,,,,,,,,,,,,,,,,,,,,,,,,,,,,,,,,,,,,,,,,,,,,,,,,,,,
,,,,,,,,,,,,,,,,,,,,,,,,,,,,,,,,,,,,,,,,,,,,,,,,,,,,,,,,,,,,,,,,,,,,,,,,,,,,,,,,,
,,,,,,,,,,,,,,,,,,,,,,,,,,,,,,,,,,,,,,,,,,,,,,,,,,,,,,,,,,,,,,,,,,,,,,,,,,,,,,,,,
,,,,,,,,,,,,,,,,,,,,,,,,,,,,,,,,,,,,,,,,,,,,,,,,,,,,,,,,,,,,,,,,,,,,,,,,,,,,,,,,,
,,,,,,,,,,,,,,,,,,,,,,,,,,,,,,,,,,,,,,,,,,,,,,,,,,,,,,,,,,,,,,,,,,,,,,,,,,,,,,,,,
,,,,,,,,,,,,,,,,,,,,,,,,,,,,,,,,,,,,,,,,,,,,,,,,,,,,,,,,,,,,,,,,,,,,,,,,,,,,,,,,,
,,,,,,,,,,,,,,,,,,,,,,,,,,,,,,,,,,,,,,,,,,,,,,,,,,,,,,,,,,,,,,,,,,,,,,,,,,,,,,,,,
,,,,,,,,,,,,,,,,,,,,,,,,,,,,,,,,,,,,,,,,,,,,,,,,,,,,,,,,,,,,,,,,,,,,,,,,,,,,,,,,,
,,,,,,,,,,,,,,,,,,,,,,,,,,,,,,,,,,,,,,,,,,,,,,,,,,,,,,,,,,,,,,,,,,,,,,,,,,,,,,,,,
,,,,,,,,,,,,,,,,,,,,,,,,,,,,,,,,,,,,,,,,,,,,,,,,,,,,,,,,,,,,,,,,,,,,,,,,,,,,,,,,,
,,,,,,,,,,,,,,,,,,,,,,,,,,,,,,,,,,,,,,,,,,,,,,,,,,,,,,,,,,,,,,,,,,,,,,,,,,,,,,,,,
,,,,,,,,,,,,,,,,,,,,,,,,,,,,,,,,,,,,,,,,,,,,,,,,,,,,,,,,,,,,,,,,,,,,,,,,,,,,,,,,,
,,,,,,,,,,,,,,,,,,,,,,,,,,,,,,,,,,,,,,,,,,,,,,,,,,,,,,,,,,,,,,,,,,,,,,,,,,,,,,,,,
,,,,,,,,,,,,,,,,,,,,,,,,,,,,,,,,,,,,,,,,,,,,,,,,,,,,,,,,,,,,,,,,,,,,,,,,,,,,,,,,,
,,,,,,,,,,,,,,,,,,,,,,,,,,,,,,,,,,,,,,,,,,,,,,,,,,,,,,,,,,,,,,,,,,,,,,,,,,,,,,,,,
,,,,,,,,,,,,,,,,,,,,,,,,,,,,,,,,,,,,,,,,,,,,,,,,,,,,,,,,,,,,,,,,,,,,,,,,,,,,,,,,,
,,,,,,,,,,,,,,,,,,,,,,,,,,,,,,,,,,,,,,,,,,,,,,,,,,,,,,,,,,,,,,,,,,,,,,,,,,,,,,,,,
,,,,,,,,,,,,,,,,,,,,,,,,,,,,,,,,,,,,,,,,,,,,,,,,,,,,,,,,,,,,,,,,,,,,,,,,,,,,,,,,,
,,,,,,,,,,,,,,,,,,,,,,,,,,,,,,,,,,,,,,,,,,,,,,,,,,,,,,,,,,,,,,,,,,,,,,,,,,,,,,,,,
,,,,,,,,,,,,,,,,,,,,,,,,,,,,,,,,,,,,,,,,,,,,,,,,,,,,,,,,,,,,,,,,,,,,,,,,,,,,,,,,,
,,,,,,,,,,,,,,,,,,,,,,,,,,,,,,,,,,,,,,,,,,,,,,,,,,,,,,,,,,,,,,,,,,,,,,,,,,,,,,,,,
,,,,,,,,,,,,,,,,,,,,,,,,,,,,,,,,,,,,,,,,,,,,,,,,,,,,,,,,,,,,,,,,,,,,,,,,,,,,,,,,,
,,,,,,,,,,,,,,,,,,,,,,,,,,,,,,,,,,,,,,,,,,,,,,,,,,,,,,,,,,,,,,,,,,,,,,,,,,,,,,,,,
,,,,,,,,,,,,,,,,,,,,,,,,,,,,,,,,,,,,,,,,,,,,,,,,,,,,,,,,,,,,,,,,,,,,,,,,,,,,,,,,,
,,,,,,,,,,,,,,,,,,,,,,,,,,,,,,,,,,,,,,,,,,,,,,,,,,,,,,,,,,,,,,,,,,,,,,,,,,,,,,,,,
,,,,,,,,,,,,,,,,,,,,,,,,,,,,,,,,,,,,,,,,,,,,,,,,,,,,,,,,,,,,,,,,,,,,,,,,,,,,,,,,,
,,,,,,,,,,,,,,,,,,,,,,,,,,,,,,,,,,,,,,,,,,,,,,,,,,,,,,,,,,,,,,,,,,,,,,,,,,,,,,,,,
,,,,,,,,,,,,,,,,,,,,,,,,,,,,,,,,,,,,,,,,,,,,,,,,,,,,,,,,,,,,,,,,,,,,,,,,,,,,,,,,,
,,,,,,,,,,,,,,,,,,,,,,,,,,,,,,,,,,,,,,,,,,,,,,,,,,,,,,,,,,,,,,,,,,,,,,,,,,,,,,,,,
,,,,,,,,,,,,,,,,,,,,,,,,,,,,,,,,,,,,,,,,,,,,,,,,,,,,,,,,,,,,,,,,,,,,,,,,,,,,,,,,,
,,,,,,,,,,,,,,,,,,,,,,,,,,,,,,,,,,,,,,,,,,,,,,,,,,,,,,,,,,,,,,,,,,,,,,,,,,,,,,,,,
,,,,,,,,,,,,,,,,,,,,,,,,,,,,,,,,,,,,,,,,,,,,,,,,,,,,,,,,,,,,,,,,,,,,,,,,,,,,,,,,,
,,,,,,,,,,,,,,,,,,,,,,,,,,,,,,,,,,,,,,,,,,,,,,,,,,,,,,,,,,,,,,,,,,,,,,,,,,,,,,,,,
,,,,,,,,,,,,,,,,,,,,,,,,,,,,,,,,,,,,,,,,,,,,,,,,,,,,,,,,,,,,,,,,,,,,,,,,,,,,,,,,,
,,,,,,,,,,,,,,,,,,,,,,,,,,,,,,,,,,,,,,,,,,,,,,,,,,,,,,,,,,,,,,,,,,,,,,,,,,,,,,,,,
,,,,,,,,,,,,,,,,,,,,,,,,,,,,,,,,,,,,,,,,,,,,,,,,,,,,,,,,,,,,,,,,,,,,,,,,,,,,,,,,,
,,,,,,,,,,,,,,,,,,,,,,,,,,,,,,,,,,,,,,,,,,,,,,,,,,,,,,,,,,,,,,,,,,,,,,,,,,,,,,,,,
,,,,,,,,,,,,,,,,,,,,,,,,,,,,,,,,,,,,,,,,,,,,,,,,,,,,,,,,,,,,,,,,,,,,,,,,,,,,,,,,,
,,,,,,,,,,,,,,,,,,,,,,,,,,,,,,,,,,,,,,,,,,,,,,,,,,,,,,,,,,,,,,,,,,,,,,,,,,,,,,,,,
,,,,,,,,,,,,,,,,,,,,,,,,,,,,,,,,,,,,,,,,,,,,,,,,,,,,,,,,,,,,,,,,,,,,,,,,,,,,,,,,,
,,,,,,,,,,,,,,,,,,,,,,,,,,,,,,,,,,,,,,,,,,,,,,,,,,,,,,,,,,,,,,,,,,,,,,,,,,,,,,,,,
,,,,,,,,,,,,,,,,,,,,,,,,,,,,,,,,,,,,,,,,,,,,,,,,,,,,,,,,,,,,,,,,,,,,,,,,,,,,,,,,,
,,,,,,,,,,,,,,,,,,,,,,,,,,,,,,,,,,,,,,,,,,,,,,,,,,,,,,,,,,,,,,,,,,,,,,,,,,,,,,,,,
,,,,,,,,,,,,,,,,,,,,,,,,,,,,,,,,,,,,,,,,,,,,,,,,,,,,,,,,,,,,,,,,,,,,,,,,,,,,,,,,,
,,,,,,,,,,,,,,,,,,,,,,,,,,,,,,,,,,,,,,,,,,,,,,,,,,,,,,,,,,,,,,,,,,,,,,,,,,,,,,,,,
,,,,,,,,,,,,,,,,,,,,,,,,,,,,,,,,,,,,,,,,,,,,,,,,,,,,,,,,,,,,,,,,,,,,,,,,,,,,,,,,,
,,,,,,,,,,,,,,,,,,,,,,,,,,,,,,,,,,,,,,,,,,,,,,,,,,,,,,,,,,,,,,,,,,,,,,,,,,,,,,,,,
,,,,,,,,,,,,,,,,,,,,,,,,,,,,,,,,,,,,,,,,,,,,,,,,,,,,,,,,,,,,,,,,,,,,,,,,,,,,,,,,,
,,,,,,,,,,,,,,,,,,,,,,,,,,,,,,,,,,,,,,,,,,,,,,,,,,,,,,,,,,,,,,,,,,,,,,,,,,,,,,,,,
,,,,,,,,,,,,,,,,,,,,,,,,,,,,,,,,,,,,,,,,,,,,,,,,,,,,,,,,,,,,,,,,,,,,,,,,,,,,,,,,,
,,,,,,,,,,,,,,,,,,,,,,,,,,,,,,,,,,,,,,,,,,,,,,,,,,,,,,,,,,,,,,,,,,,,,,,,,,,,,,,,,
,,,,,,,,,,,,,,,,,,,,,,,,,,,,,,,,,,,,,,,,,,,,,,,,,,,,,,,,,,,,,,,,,,,,,,,,,,,,,,,,,
,,,,,,,,,,,,,,,,,,,,,,,,,,,,,,,,,,,,,,,,,,,,,,,,,,,,,,,,,,,,,,,,,,,,,,,,,,,,,,,,,
,,,,,,,,,,,,,,,,,,,,,,,,,,,,,,,,,,,,,,,,,,,,,,,,,,,,,,,,,,,,,,,,,,,,,,,,,,,,,,,,,
,,,,,,,,,,,,,,,,,,,,,,,,,,,,,,,,,,,,,,,,,,,,,,,,,,,,,,,,,,,,,,,,,,,,,,,,,,,,,,,,,
,,,,,,,,,,,,,,,,,,,,,,,,,,,,,,,,,,,,,,,,,,,,,,,,,,,,,,,,,,,,,,,,,,,,,,,,,,,,,,,,,
,,,,,,,,,,,,,,,,,,,,,,,,,,,,,,,,,,,,,,,,,,,,,,,,,,,,,,,,,,,,,,,,,,,,,,,,,,,,,,,,,
,,,,,,,,,,,,,,,,,,,,,,,,,,,,,,,,,,,,,,,,,,,,,,,,,,,,,,,,,,,,,,,,,,,,,,,,,,,,,,,,,
,,,,,,,,,,,,,,,,,,,,,,,,,,,,,,,,,,,,,,,,,,,,,,,,,,,,,,,,,,,,,,,,,,,,,,,,,,,,,,,,,
,,,,,,,,,,,,,,,,,,,,,,,,,,,,,,,,,,,,,,,,,,,,,,,,,,,,,,,,,,,,,,,,,,,,,,,,,,,,,,,,,
,,,,,,,,,,,,,,,,,,,,,,,,,,,,,,,,,,,,,,,,,,,,,,,,,,,,,,,,,,,,,,,,,,,,,,,,,,,,,,,,,
,,,,,,,,,,,,,,,,,,,,,,,,,,,,,,,,,,,,,,,,,,,,,,,,,,,,,,,,,,,,,,,,,,,,,,,,,,,,,,,,,
,,,,,,,,,,,,,,,,,,,,,,,,,,,,,,,,,,,,,,,,,,,,,,,,,,,,,,,,,,,,,,,,,,,,,,,,,,,,,,,,,
,,,,,,,,,,,,,,,,,,,,,,,,,,,,,,,,,,,,,,,,,,,,,,,,,,,,,,,,,,,,,,,,,,,,,,,,,,,,,,,,,
,,,,,,,,,,,,,,,,,,,,,,,,,,,,,,,,,,,,,,,,,,,,,,,,,,,,,,,,,,,,,,,,,,,,,,,,,,,,,,,,,
,,,,,,,,,,,,,,,,,,,,,,,,,,,,,,,,,,,,,,,,,,,,,,,,,,,,,,,,,,,,,,,,,,,,,,,,,,,,,,,,,
,,,,,,,,,,,,,,,,,,,,,,,,,,,,,,,,,,,,,,,,,,,,,,,,,,,,,,,,,,,,,,,,,,,,,,,,,,,,,,,,,
,,,,,,,,,,,,,,,,,,,,,,,,,,,,,,,,,,,,,,,,,,,,,,,,,,,,,,,,,,,,,,,,,,,,,,,,,,,,,,,,,
,,,,,,,,,,,,,,,,,,,,,,,,,,,,,,,,,,,,,,,,,,,,,,,,,,,,,,,,,,,,,,,,,,,,,,,,,,,,,,,,,
,,,,,,,,,,,,,,,,,,,,,,,,,,,,,,,,,,,,,,,,,,,,,,,,,,,,,,,,,,,,,,,,,,,,,,,,,,,,,,,,,
,,,,,,,,,,,,,,,,,,,,,,,,,,,,,,,,,,,,,,,,,,,,,,,,,,,,,,,,,,,,,,,,,,,,,,,,,,,,,,,,,
,,,,,,,,,,,,,,,,,,,,,,,,,,,,,,,,,,,,,,,,,,,,,,,,,,,,,,,,,,,,,,,,,,,,,,,,,,,,,,,,,
,,,,,,,,,,,,,,,,,,,,,,,,,,,,,,,,,,,,,,,,,,,,,,,,,,,,,,,,,,,,,,,,,,,,,,,,,,,,,,,,,
,,,,,,,,,,,,,,,,,,,,,,,,,,,,,,,,,,,,,,,,,,,,,,,,,,,,,,,,,,,,,,,,,,,,,,,,,,,,,,,,,
,,,,,,,,,,,,,,,,,,,,,,,,,,,,,,,,,,,,,,,,,,,,,,,,,,,,,,,,,,,,,,,,,,,,,,,,,,,,,,,,,
,,,,,,,,,,,,,,,,,,,,,,,,,,,,,,,,,,,,,,,,,,,,,,,,,,,,,,,,,,,,,,,,,,,,,,,,,,,,,,,,,
,,,,,,,,,,,,,,,,,,,,,,,,,,,,,,,,,,,,,,,,,,,,,,,,,,,,,,,,,,,,,,,,,,,,,,,,,,,,,,,,,
,,,,,,,,,,,,,,,,,,,,,,,,,,,,,,,,,,,,,,,,,,,,,,,,,,,,,,,,,,,,,,,,,,,,,,,,,,,,,,,,,
,,,,,,,,,,,,,,,,,,,,,,,,,,,,,,,,,,,,,,,,,,,,,,,,,,,,,,,,,,,,,,,,,,,,,,,,,,,,,,,,,
,,,,,,,,,,,,,,,,,,,,,,,,,,,,,,,,,,,,,,,,,,,,,,,,,,,,,,,,,,,,,,,,,,,,,,,,,,,,,,,,,
,,,,,,,,,,,,,,,,,,,,,,,,,,,,,,,,,,,,,,,,,,,,,,,,,,,,,,,,,,,,,,,,,,,,,,,,,,,,,,,,,
,,,,,,,,,,,,,,,,,,,,,,,,,,,,,,,,,,,,,,,,,,,,,,,,,,,,,,,,,,,,,,,,,,,,,,,,,,,,,,,,,
,,,,,,,,,,,,,,,,,,,,,,,,,,,,,,,,,,,,,,,,,,,,,,,,,,,,,,,,,,,,,,,,,,,,,,,,,,,,,,,,,
,,,,,,,,,,,,,,,,,,,,,,,,,,,,,,,,,,,,,,,,,,,,,,,,,,,,,,,,,,,,,,,,,,,,,,,,,,,,,,,,,
,,,,,,,,,,,,,,,,,,,,,,,,,,,,,,,,,,,,,,,,,,,,,,,,,,,,,,,,,,,,,,,,,,,,,,,,,,,,,,,,,
,,,,,,,,,,,,,,,,,,,,,,,,,,,,,,,,,,,,,,,,,,,,,,,,,,,,,,,,,,,,,,,,,,,,,,,,,,,,,,,,,
,,,,,,,,,,,,,,,,,,,,,,,,,,,,,,,,,,,,,,,,,,,,,,,,,,,,,,,,,,,,,,,,,,,,,,,,,,,,,,,,,
,,,,,,,,,,,,,,,,,,,,,,,,,,,,,,,,,,,,,,,,,,,,,,,,,,,,,,,,,,,,,,,,,,,,,,,,,,,,,,,,,
,,,,,,,,,,,,,,,,,,,,,,,,,,,,,,,,,,,,,,,,,,,,,,,,,,,,,,,,,,,,,,,,,,,,,,,,,,,,,,,,,
,,,,,,,,,,,,,,,,,,,,,,,,,,,,,,,,,,,,,,,,,,,,,,,,,,,,,,,,,,,,,,,,,,,,,,,,,,,,,,,,,
,,,,,,,,,,,,,,,,,,,,,,,,,,,,,,,,,,,,,,,,,,,,,,,,,,,,,,,,,,,,,,,,,,,,,,,,,,,,,,,,,
,,,,,,,,,,,,,,,,,,,,,,,,,,,,,,,,,,,,,,,,,,,,,,,,,,,,,,,,,,,,,,,,,,,,,,,,,,,,,,,,,
,,,,,,,,,,,,,,,,,,,,,,,,,,,,,,,,,,,,,,,,,,,,,,,,,,,,,,,,,,,,,,,,,,,,,,,,,,,,,,,,,
,,,,,,,,,,,,,,,,,,,,,,,,,,,,,,,,,,,,,,,,,,,,,,,,,,,,,,,,,,,,,,,,,,,,,,,,,,,,,,,,,
,,,,,,,,,,,,,,,,,,,,,,,,,,,,,,,,,,,,,,,,,,,,,,,,,,,,,,,,,,,,,,,,,,,,,,,,,,,,,,,,,
,,,,,,,,,,,,,,,,,,,,,,,,,,,,,,,,,,,,,,,,,,,,,,,,,,,,,,,,,,,,,,,,,,,,,,,,,,,,,,,,,
,,,,,,,,,,,,,,,,,,,,,,,,,,,,,,,,,,,,,,,,,,,,,,,,,,,,,,,,,,,,,,,,,,,,,,,,,,,,,,,,,
,,,,,,,,,,,,,,,,,,,,,,,,,,,,,,,,,,,,,,,,,,,,,,,,,,,,,,,,,,,,,,,,,,,,,,,,,,,,,,,,,
,,,,,,,,,,,,,,,,,,,,,,,,,,,,,,,,,,,,,,,,,,,,,,,,,,,,,,,,,,,,,,,,,,,,,,,,,,,,,,,,,
,,,,,,,,,,,,,,,,,,,,,,,,,,,,,,,,,,,,,,,,,,,,,,,,,,,,,,,,,,,,,,,,,,,,,,,,,,,,,,,,,
,,,,,,,,,,,,,,,,,,,,,,,,,,,,,,,,,,,,,,,,,,,,,,,,,,,,,,,,,,,,,,,,,,,,,,,,,,,,,,,,,
,,,,,,,,,,,,,,,,,,,,,,,,,,,,,,,,,,,,,,,,,,,,,,,,,,,,,,,,,,,,,,,,,,,,,,,,,,,,,,,,,
,,,,,,,,,,,,,,,,,,,,,,,,,,,,,,,,,,,,,,,,,,,,,,,,,,,,,,,,,,,,,,,,,,,,,,,,,,,,,,,,,
,,,,,,,,,,,,,,,,,,,,,,,,,,,,,,,,,,,,,,,,,,,,,,,,,,,,,,,,,,,,,,,,,,,,,,,,,,,,,,,,,
,,,,,,,,,,,,,,,,,,,,,,,,,,,,,,,,,,,,,,,,,,,,,,,,,,,,,,,,,,,,,,,,,,,,,,,,,,,,,,,,,
,,,,,,,,,,,,,,,,,,,,,,,,,,,,,,,,,,,,,,,,,,,,,,,,,,,,,,,,,,,,,,,,,,,,,,,,,,,,,,,,,
,,,,,,,,,,,,,,,,,,,,,,,,,,,,,,,,,,,,,,,,,,,,,,,,,,,,,,,,,,,,,,,,,,,,,,,,,,,,,,,,,
,,,,,,,,,,,,,,,,,,,,,,,,,,,,,,,,,,,,,,,,,,,,,,,,,,,,,,,,,,,,,,,,,,,,,,,,,,,,,,,,,
,,,,,,,,,,,,,,,,,,,,,,,,,,,,,,,,,,,,,,,,,,,,,,,,,,,,,,,,,,,,,,,,,,,,,,,,,,,,,,,,,
,,,,,,,,,,,,,,,,,,,,,,,,,,,,,,,,,,,,,,,,,,,,,,,,,,,,,,,,,,,,,,,,,,,,,,,,,,,,,,,,,
,,,,,,,,,,,,,,,,,,,,,,,,,,,,,,,,,,,,,,,,,,,,,,,,,,,,,,,,,,,,,,,,,,,,,,,,,,,,,,,,,
,,,,,,,,,,,,,,,,,,,,,,,,,,,,,,,,,,,,,,,,,,,,,,,,,,,,,,,,,,,,,,,,,,,,,,,,,,,,,,,,,
,,,,,,,,,,,,,,,,,,,,,,,,,,,,,,,,,,,,,,,,,,,,,,,,,,,,,,,,,,,,,,,,,,,,,,,,,,,,,,,,,
,,,,,,,,,,,,,,,,,,,,,,,,,,,,,,,,,,,,,,,,,,,,,,,,,,,,,,,,,,,,,,,,,,,,,,,,,,,,,,,,,
,,,,,,,,,,,,,,,,,,,,,,,,,,,,,,,,,,,,,,,,,,,,,,,,,,,,,,,,,,,,,,,,,,,,,,,,,,,,,,,,,
,,,,,,,,,,,,,,,,,,,,,,,,,,,,,,,,,,,,,,,,,,,,,,,,,,,,,,,,,,,,,,,,,,,,,,,,,,,,,,,,,
,,,,,,,,,,,,,,,,,,,,,,,,,,,,,,,,,,,,,,,,,,,,,,,,,,,,,,,,,,,,,,,,,,,,,,,,,,,,,,,,,
,,,,,,,,,,,,,,,,,,,,,,,,,,,,,,,,,,,,,,,,,,,,,,,,,,,,,,,,,,,,,,,,,,,,,,,,,,,,,,,,,
,,,,,,,,,,,,,,,,,,,,,,,,,,,,,,,,,,,,,,,,,,,,,,,,,,,,,,,,,,,,,,,,,,,,,,,,,,,,,,,,,
,,,,,,,,,,,,,,,,,,,,,,,,,,,,,,,,,,,,,,,,,,,,,,,,,,,,,,,,,,,,,,,,,,,,,,,,,,,,,,,,,
,,,,,,,,,,,,,,,,,,,,,,,,,,,,,,,,,,,,,,,,,,,,,,,,,,,,,,,,,,,,,,,,,,,,,,,,,,,,,,,,,
,,,,,,,,,,,,,,,,,,,,,,,,,,,,,,,,,,,,,,,,,,,,,,,,,,,,,,,,,,,,,,,,,,,,,,,,,,,,,,,,,
,,,,,,,,,,,,,,,,,,,,,,,,,,,,,,,,,,,,,,,,,,,,,,,,,,,,,,,,,,,,,,,,,,,,,,,,,,,,,,,,,
,,,,,,,,,,,,,,,,,,,,,,,,,,,,,,,,,,,,,,,,,,,,,,,,,,,,,,,,,,,,,,,,,,,,,,,,,,,,,,,,,
,,,,,,,,,,,,,,,,,,,,,,,,,,,,,,,,,,,,,,,,,,,,,,,,,,,,,,,,,,,,,,,,,,,,,,,,,,,,,,,,,
,,,,,,,,,,,,,,,,,,,,,,,,,,,,,,,,,,,,,,,,,,,,,,,,,,,,,,,,,,,,,,,,,,,,,,,,,,,,,,,,,
,,,,,,,,,,,,,,,,,,,,,,,,,,,,,,,,,,,,,,,,,,,,,,,,,,,,,,,,,,,,,,,,,,,,,,,,,,,,,,,,,
,,,,,,,,,,,,,,,,,,,,,,,,,,,,,,,,,,,,,,,,,,,,,,,,,,,,,,,,,,,,,,,,,,,,,,,,,,,,,,,,,
,,,,,,,,,,,,,,,,,,,,,,,,,,,,,,,,,,,,,,,,,,,,,,,,,,,,,,,,,,,,,,,,,,,,,,,,,,,,,,,,,
,,,,,,,,,,,,,,,,,,,,,,,,,,,,,,,,,,,,,,,,,,,,,,,,,,,,,,,,,,,,,,,,,,,,,,,,,,,,,,,,,
,,,,,,,,,,,,,,,,,,,,,,,,,,,,,,,,,,,,,,,,,,,,,,,,,,,,,,,,,,,,,,,,,,,,,,,,,,,,,,,,,
,,,,,,,,,,,,,,,,,,,,,,,,,,,,,,,,,,,,,,,,,,,,,,,,,,,,,,,,,,,,,,,,,,,,,,,,,,,,,,,,,
,,,,,,,,,,,,,,,,,,,,,,,,,,,,,,,,,,,,,,,,,,,,,,,,,,,,,,,,,,,,,,,,,,,,,,,,,,,,,,,,,
,,,,,,,,,,,,,,,,,,,,,,,,,,,,,,,,,,,,,,,,,,,,,,,,,,,,,,,,,,,,,,,,,,,,,,,,,,,,,,,,,
,,,,,,,,,,,,,,,,,,,,,,,,,,,,,,,,,,,,,,,,,,,,,,,,,,,,,,,,,,,,,,,,,,,,,,,,,,,,,,,,,
,,,,,,,,,,,,,,,,,,,,,,,,,,,,,,,,,,,,,,,,,,,,,,,,,,,,,,,,,,,,,,,,,,,,,,,,,,,,,,,,,
,,,,,,,,,,,,,,,,,,,,,,,,,,,,,,,,,,,,,,,,,,,,,,,,,,,,,,,,,,,,,,,,,,,,,,,,,,,,,,,,,
,,,,,,,,,,,,,,,,,,,,,,,,,,,,,,,,,,,,,,,,,,,,,,,,,,,,,,,,,,,,,,,,,,,,,,,,,,,,,,,,,
,,,,,,,,,,,,,,,,,,,,,,,,,,,,,,,,,,,,,,,,,,,,,,,,,,,,,,,,,,,,,,,,,,,,,,,,,,,,,,,,,
,,,,,,,,,,,,,,,,,,,,,,,,,,,,,,,,,,,,,,,,,,,,,,,,,,,,,,,,,,,,,,,,,,,,,,,,,,,,,,,,,
,,,,,,,,,,,,,,,,,,,,,,,,,,,,,,,,,,,,,,,,,,,,,,,,,,,,,,,,,,,,,,,,,,,,,,,,,,,,,,,,,
,,,,,,,,,,,,,,,,,,,,,,,,,,,,,,,,,,,,,,,,,,,,,,,,,,,,,,,,,,,,,,,,,,,,,,,,,,,,,,,,,
,,,,,,,,,,,,,,,,,,,,,,,,,,,,,,,,,,,,,,,,,,,,,,,,,,,,,,,,,,,,,,,,,,,,,,,,,,,,,,,,,
,,,,,,,,,,,,,,,,,,,,,,,,,,,,,,,,,,,,,,,,,,,,,,,,,,,,,,,,,,,,,,,,,,,,,,,,,,,,,,,,,
,,,,,,,,,,,,,,,,,,,,,,,,,,,,,,,,,,,,,,,,,,,,,,,,,,,,,,,,,,,,,,,,,,,,,,,,,,,,,,,,,
,,,,,,,,,,,,,,,,,,,,,,,,,,,,,,,,,,,,,,,,,,,,,,,,,,,,,,,,,,,,,,,,,,,,,,,,,,,,,,,,,
,,,,,,,,,,,,,,,,,,,,,,,,,,,,,,,,,,,,,,,,,,,,,,,,,,,,,,,,,,,,,,,,,,,,,,,,,,,,,,,,,
,,,,,,,,,,,,,,,,,,,,,,,,,,,,,,,,,,,,,,,,,,,,,,,,,,,,,,,,,,,,,,,,,,,,,,,,,,,,,,,,,
,,,,,,,,,,,,,,,,,,,,,,,,,,,,,,,,,,,,,,,,,,,,,,,,,,,,,,,,,,,,,,,,,,,,,,,,,,,,,,,,,
,,,,,,,,,,,,,,,,,,,,,,,,,,,,,,,,,,,,,,,,,,,,,,,,,,,,,,,,,,,,,,,,,,,,,,,,,,,,,,,,,
,,,,,,,,,,,,,,,,,,,,,,,,,,,,,,,,,,,,,,,,,,,,,,,,,,,,,,,,,,,,,,,,,,,,,,,,,,,,,,,,,
,,,,,,,,,,,,,,,,,,,,,,,,,,,,,,,,,,,,,,,,,,,,,,,,,,,,,,,,,,,,,,,,,,,,,,,,,,,,,,,,,
,,,,,,,,,,,,,,,,,,,,,,,,,,,,,,,,,,,,,,,,,,,,,,,,,,,,,,,,,,,,,,,,,,,,,,,,,,,,,,,,,
,,,,,,,,,,,,,,,,,,,,,,,,,,,,,,,,,,,,,,,,,,,,,,,,,,,,,,,,,,,,,,,,,,,,,,,,,,,,,,,,,
,,,,,,,,,,,,,,,,,,,,,,,,,,,,,,,,,,,,,,,,,,,,,,,,,,,,,,,,,,,,,,,,,,,,,,,,,,,,,,,,,
,,,,,,,,,,,,,,,,,,,,,,,,,,,,,,,,,,,,,,,,,,,,,,,,,,,,,,,,,,,,,,,,,,,,,,,,,,,,,,,,,
,,,,,,,,,,,,,,,,,,,,,,,,,,,,,,,,,,,,,,,,,,,,,,,,,,,,,,,,,,,,,,,,,,,,,,,,,,,,,,,,,
,,,,,,,,,,,,,,,,,,,,,,,,,,,,,,,,,,,,,,,,,,,,,,,,,,,,,,,,,,,,,,,,,,,,,,,,,,,,,,,,,
,,,,,,,,,,,,,,,,,,,,,,,,,,,,,,,,,,,,,,,,,,,,,,,,,,,,,,,,,,,,,,,,,,,,,,,,,,,,,,,,,
,,,,,,,,,,,,,,,,,,,,,,,,,,,,,,,,,,,,,,,,,,,,,,,,,,,,,,,,,,,,,,,,,,,,,,,,,,,,,,,,,
,,,,,,,,,,,,,,,,,,,,,,,,,,,,,,,,,,,,,,,,,,,,,,,,,,,,,,,,,,,,,,,,,,,,,,,,,,,,,,,,,
,,,,,,,,,,,,,,,,,,,,,,,,,,,,,,,,,,,,,,,,,,,,,,,,,,,,,,,,,,,,,,,,,,,,,,,,,,,,,,,,,
,,,,,,,,,,,,,,,,,,,,,,,,,,,,,,,,,,,,,,,,,,,,,,,,,,,,,,,,,,,,,,,,,,,,,,,,,,,,,,,,,
,,,,,,,,,,,,,,,,,,,,,,,,,,,,,,,,,,,,,,,,,,,,,,,,,,,,,,,,,,,,,,,,,,,,,,,,,,,,,,,,,
,,,,,,,,,,,,,,,,,,,,,,,,,,,,,,,,,,,,,,,,,,,,,,,,,,,,,,,,,,,,,,,,,,,,,,,,,,,,,,,,,
,,,,,,,,,,,,,,,,,,,,,,,,,,,,,,,,,,,,,,,,,,,,,,,,,,,,,,,,,,,,,,,,,,,,,,,,,,,,,,,,,
,,,,,,,,,,,,,,,,,,,,,,,,,,,,,,,,,,,,,,,,,,,,,,,,,,,,,,,,,,,,,,,,,,,,,,,,,,,,,,,,,
,,,,,,,,,,,,,,,,,,,,,,,,,,,,,,,,,,,,,,,,,,,,,,,,,,,,,,,,,,,,,,,,,,,,,,,,,,,,,,,,,
,,,,,,,,,,,,,,,,,,,,,,,,,,,,,,,,,,,,,,,,,,,,,,,,,,,,,,,,,,,,,,,,,,,,,,,,,,,,,,,,,
,,,,,,,,,,,,,,,,,,,,,,,,,,,,,,,,,,,,,,,,,,,,,,,,,,,,,,,,,,,,,,,,,,,,,,,,,,,,,,,,,
,,,,,,,,,,,,,,,,,,,,,,,,,,,,,,,,,,,,,,,,,,,,,,,,,,,,,,,,,,,,,,,,,,,,,,,,,,,,,,,,,
,,,,,,,,,,,,,,,,,,,,,,,,,,,,,,,,,,,,,,,,,,,,,,,,,,,,,,,,,,,,,,,,,,,,,,,,,,,,,,,,,
,,,,,,,,,,,,,,,,,,,,,,,,,,,,,,,,,,,,,,,,,,,,,,,,,,,,,,,,,,,,,,,,,,,,,,,,,,,,,,,,,
,,,,,,,,,,,,,,,,,,,,,,,,,,,,,,,,,,,,,,,,,,,,,,,,,,,,,,,,,,,,,,,,,,,,,,,,,,,,,,,,,
,,,,,,,,,,,,,,,,,,,,,,,,,,,,,,,,,,,,,,,,,,,,,,,,,,,,,,,,,,,,,,,,,,,,,,,,,,,,,,,,,
,,,,,,,,,,,,,,,,,,,,,,,,,,,,,,,,,,,,,,,,,,,,,,,,,,,,,,,,,,,,,,,,,,,,,,,,,,,,,,,,,
,,,,,,,,,,,,,,,,,,,,,,,,,,,,,,,,,,,,,,,,,,,,,,,,,,,,,,,,,,,,,,,,,,,,,,,,,,,,,,,,,
,,,,,,,,,,,,,,,,,,,,,,,,,,,,,,,,,,,,,,,,,,,,,,,,,,,,,,,,,,,,,,,,,,,,,,,,,,,,,,,,,
,,,,,,,,,,,,,,,,,,,,,,,,,,,,,,,,,,,,,,,,,,,,,,,,,,,,,,,,,,,,,,,,,,,,,,,,,,,,,,,,,
,,,,,,,,,,,,,,,,,,,,,,,,,,,,,,,,,,,,,,,,,,,,,,,,,,,,,,,,,,,,,,,,,,,,,,,,,,,,,,,,,
,,,,,,,,,,,,,,,,,,,,,,,,,,,,,,,,,,,,,,,,,,,,,,,,,,,,,,,,,,,,,,,,,,,,,,,,,,,,,,,,,
,,,,,,,,,,,,,,,,,,,,,,,,,,,,,,,,,,,,,,,,,,,,,,,,,,,,,,,,,,,,,,,,,,,,,,,,,,,,,,,,,
,,,,,,,,,,,,,,,,,,,,,,,,,,,,,,,,,,,,,,,,,,,,,,,,,,,,,,,,,,,,,,,,,,,,,,,,,,,,,,,,,
,,,,,,,,,,,,,,,,,,,,,,,,,,,,,,,,,,,,,,,,,,,,,,,,,,,,,,,,,,,,,,,,,,,,,,,,,,,,,,,,,
,,,,,,,,,,,,,,,,,,,,,,,,,,,,,,,,,,,,,,,,,,,,,,,,,,,,,,,,,,,,,,,,,,,,,,,,,,,,,,,,,
,,,,,,,,,,,,,,,,,,,,,,,,,,,,,,,,,,,,,,,,,,,,,,,,,,,,,,,,,,,,,,,,,,,,,,,,,,,,,,,,,
,,,,,,,,,,,,,,,,,,,,,,,,,,,,,,,,,,,,,,,,,,,,,,,,,,,,,,,,,,,,,,,,,,,,,,,,,,,,,,,,,
,,,,,,,,,,,,,,,,,,,,,,,,,,,,,,,,,,,,,,,,,,,,,,,,,,,,,,,,,,,,,,,,,,,,,,,,,,,,,,,,,
,,,,,,,,,,,,,,,,,,,,,,,,,,,,,,,,,,,,,,,,,,,,,,,,,,,,,,,,,,,,,,,,,,,,,,,,,,,,,,,,,
,,,,,,,,,,,,,,,,,,,,,,,,,,,,,,,,,,,,,,,,,,,,,,,,,,,,,,,,,,,,,,,,,,,,,,,,,,,,,,,,,
,,,,,,,,,,,,,,,,,,,,,,,,,,,,,,,,,,,,,,,,,,,,,,,,,,,,,,,,,,,,,,,,,,,,,,,,,,,,,,,,,
,,,,,,,,,,,,,,,,,,,,,,,,,,,,,,,,,,,,,,,,,,,,,,,,,,,,,,,,,,,,,,,,,,,,,,,,,,,,,,,,,
,,,,,,,,,,,,,,,,,,,,,,,,,,,,,,,,,,,,,,,,,,,,,,,,,,,,,,,,,,,,,,,,,,,,,,,,,,,,,,,,,
,,,,,,,,,,,,,,,,,,,,,,,,,,,,,,,,,,,,,,,,,,,,,,,,,,,,,,,,,,,,,,,,,,,,,,,,,,,,,,,,,
,,,,,,,,,,,,,,,,,,,,,,,,,,,,,,,,,,,,,,,,,,,,,,,,,,,,,,,,,,,,,,,,,,,,,,,,,,,,,,,,,
,,,,,,,,,,,,,,,,,,,,,,,,,,,,,,,,,,,,,,,,,,,,,,,,,,,,,,,,,,,,,,,,,,,,,,,,,,,,,,,,,
,,,,,,,,,,,,,,,,,,,,,,,,,,,,,,,,,,,,,,,,,,,,,,,,,,,,,,,,,,,,,,,,,,,,,,,,,,,,,,,,,
,,,,,,,,,,,,,,,,,,,,,,,,,,,,,,,,,,,,,,,,,,,,,,,,,,,,,,,,,,,,,,,,,,,,,,,,,,,,,,,,,
,,,,,,,,,,,,,,,,,,,,,,,,,,,,,,,,,,,,,,,,,,,,,,,,,,,,,,,,,,,,,,,,,,,,,,,,,,,,,,,,,
,,,,,,,,,,,,,,,,,,,,,,,,,,,,,,,,,,,,,,,,,,,,,,,,,,,,,,,,,,,,,,,,,,,,,,,,,,,,,,,,,
,,,,,,,,,,,,,,,,,,,,,,,,,,,,,,,,,,,,,,,,,,,,,,,,,,,,,,,,,,,,,,,,,,,,,,,,,,,,,,,,,
,,,,,,,,,,,,,,,,,,,,,,,,,,,,,,,,,,,,,,,,,,,,,,,,,,,,,,,,,,,,,,,,,,,,,,,,,,,,,,,,,
,,,,,,,,,,,,,,,,,,,,,,,,,,,,,,,,,,,,,,,,,,,,,,,,,,,,,,,,,,,,,,,,,,,,,,,,,,,,,,,,,
,,,,,,,,,,,,,,,,,,,,,,,,,,,,,,,,,,,,,,,,,,,,,,,,,,,,,,,,,,,,,,,,,,,,,,,,,,,,,,,,,
,,,,,,,,,,,,,,,,,,,,,,,,,,,,,,,,,,,,,,,,,,,,,,,,,,,,,,,,,,,,,,,,,,,,,,,,,,,,,,,,,
,,,,,,,,,,,,,,,,,,,,,,,,,,,,,,,,,,,,,,,,,,,,,,,,,,,,,,,,,,,,,,,,,,,,,,,,,,,,,,,,,
,,,,,,,,,,,,,,,,,,,,,,,,,,,,,,,,,,,,,,,,,,,,,,,,,,,,,,,,,,,,,,,,,,,,,,,,,,,,,,,,,
,,,,,,,,,,,,,,,,,,,,,,,,,,,,,,,,,,,,,,,,,,,,,,,,,,,,,,,,,,,,,,,,,,,,,,,,,,,,,,,,,
,,,,,,,,,,,,,,,,,,,,,,,,,,,,,,,,,,,,,,,,,,,,,,,,,,,,,,,,,,,,,,,,,,,,,,,,,,,,,,,,,
,,,,,,,,,,,,,,,,,,,,,,,,,,,,,,,,,,,,,,,,,,,,,,,,,,,,,,,,,,,,,,,,,,,,,,,,,,,,,,,,,
,,,,,,,,,,,,,,,,,,,,,,,,,,,,,,,,,,,,,,,,,,,,,,,,,,,,,,,,,,,,,,,,,,,,,,,,,,,,,,,,,
,,,,,,,,,,,,,,,,,,,,,,,,,,,,,,,,,,,,,,,,,,,,,,,,,,,,,,,,,,,,,,,,,,,,,,,,,,,,,,,,,
,,,,,,,,,,,,,,,,,,,,,,,,,,,,,,,,,,,,,,,,,,,,,,,,,,,,,,,,,,,,,,,,,,,,,,,,,,,,,,,,,
,,,,,,,,,,,,,,,,,,,,,,,,,,,,,,,,,,,,,,,,,,,,,,,,,,,,,,,,,,,,,,,,,,,,,,,,,,,,,,,,,
,,,,,,,,,,,,,,,,,,,,,,,,,,,,,,,,,,,,,,,,,,,,,,,,,,,,,,,,,,,,,,,,,,,,,,,,,,,,,,,,,
,,,,,,,,,,,,,,,,,,,,,,,,,,,,,,,,,,,,,,,,,,,,,,,,,,,,,,,,,,,,,,,,,,,,,,,,,,,,,,,,,
,,,,,,,,,,,,,,,,,,,,,,,,,,,,,,,,,,,,,,,,,,,,,,,,,,,,,,,,,,,,,,,,,,,,,,,,,,,,,,,,,
,,,,,,,,,,,,,,,,,,,,,,,,,,,,,,,,,,,,,,,,,,,,,,,,,,,,,,,,,,,,,,,,,,,,,,,,,,,,,,,,,
,,,,,,,,,,,,,,,,,,,,,,,,,,,,,,,,,,,,,,,,,,,,,,,,,,,,,,,,,,,,,,,,,,,,,,,,,,,,,,,,,
,,,,,,,,,,,,,,,,,,,,,,,,,,,,,,,,,,,,,,,,,,,,,,,,,,,,,,,,,,,,,,,,,,,,,,,,,,,,,,,,,
,,,,,,,,,,,,,,,,,,,,,,,,,,,,,,,,,,,,,,,,,,,,,,,,,,,,,,,,,,,,,,,,,,,,,,,,,,,,,,,,,
,,,,,,,,,,,,,,,,,,,,,,,,,,,,,,,,,,,,,,,,,,,,,,,,,,,,,,,,,,,,,,,,,,,,,,,,,,,,,,,,,
,,,,,,,,,,,,,,,,,,,,,,,,,,,,,,,,,,,,,,,,,,,,,,,,,,,,,,,,,,,,,,,,,,,,,,,,,,,,,,,,,
,,,,,,,,,,,,,,,,,,,,,,,,,,,,,,,,,,,,,,,,,,,,,,,,,,,,,,,,,,,,,,,,,,,,,,,,,,,,,,,,,
,,,,,,,,,,,,,,,,,,,,,,,,,,,,,,,,,,,,,,,,,,,,,,,,,,,,,,,,,,,,,,,,,,,,,,,,,,,,,,,,,
,,,,,,,,,,,,,,,,,,,,,,,,,,,,,,,,,,,,,,,,,,,,,,,,,,,,,,,,,,,,,,,,,,,,,,,,,,,,,,,,,
,,,,,,,,,,,,,,,,,,,,,,,,,,,,,,,,,,,,,,,,,,,,,,,,,,,,,,,,,,,,,,,,,,,,,,,,,,,,,,,,,
,,,,,,,,,,,,,,,,,,,,,,,,,,,,,,,,,,,,,,,,,,,,,,,,,,,,,,,,,,,,,,,,,,,,,,,,,,,,,,,,,
,,,,,,,,,,,,,,,,,,,,,,,,,,,,,,,,,,,,,,,,,,,,,,,,,,,,,,,,,,,,,,,,,,,,,,,,,,,,,,,,,
,,,,,,,,,,,,,,,,,,,,,,,,,,,,,,,,,,,,,,,,,,,,,,,,,,,,,,,,,,,,,,,,,,,,,,,,,,,,,,,,,
,,,,,,,,,,,,,,,,,,,,,,,,,,,,,,,,,,,,,,,,,,,,,,,,,,,,,,,,,,,,,,,,,,,,,,,,,,,,,,,,,
,,,,,,,,,,,,,,,,,,,,,,,,,,,,,,,,,,,,,,,,,,,,,,,,,,,,,,,,,,,,,,,,,,,,,,,,,,,,,,,,,
,,,,,,,,,,,,,,,,,,,,,,,,,,,,,,,,,,,,,,,,,,,,,,,,,,,,,,,,,,,,,,,,,,,,,,,,,,,,,,,,,
,,,,,,,,,,,,,,,,,,,,,,,,,,,,,,,,,,,,,,,,,,,,,,,,,,,,,,,,,,,,,,,,,,,,,,,,,,,,,,,,,
,,,,,,,,,,,,,,,,,,,,,,,,,,,,,,,,,,,,,,,,,,,,,,,,,,,,,,,,,,,,,,,,,,,,,,,,,,,,,,,,,
,,,,,,,,,,,,,,,,,,,,,,,,,,,,,,,,,,,,,,,,,,,,,,,,,,,,,,,,,,,,,,,,,,,,,,,,,,,,,,,,,
,,,,,,,,,,,,,,,,,,,,,,,,,,,,,,,,,,,,,,,,,,,,,,,,,,,,,,,,,,,,,,,,,,,,,,,,,,,,,,,,,
,,,,,,,,,,,,,,,,,,,,,,,,,,,,,,,,,,,,,,,,,,,,,,,,,,,,,,,,,,,,,,,,,,,,,,,,,,,,,,,,,
,,,,,,,,,,,,,,,,,,,,,,,,,,,,,,,,,,,,,,,,,,,,,,,,,,,,,,,,,,,,,,,,,,,,,,,,,,,,,,,,,
,,,,,,,,,,,,,,,,,,,,,,,,,,,,,,,,,,,,,,,,,,,,,,,,,,,,,,,,,,,,,,,,,,,,,,,,,,,,,,,,,
,,,,,,,,,,,,,,,,,,,,,,,,,,,,,,,,,,,,,,,,,,,,,,,,,,,,,,,,,,,,,,,,,,,,,,,,,,,,,,,,,
,,,,,,,,,,,,,,,,,,,,,,,,,,,,,,,,,,,,,,,,,,,,,,,,,,,,,,,,,,,,,,,,,,,,,,,,,,,,,,,,,
,,,,,,,,,,,,,,,,,,,,,,,,,,,,,,,,,,,,,,,,,,,,,,,,,,,,,,,,,,,,,,,,,,,,,,,,,,,,,,,,,
,,,,,,,,,,,,,,,,,,,,,,,,,,,,,,,,,,,,,,,,,,,,,,,,,,,,,,,,,,,,,,,,,,,,,,,,,,,,,,,,,
,,,,,,,,,,,,,,,,,,,,,,,,,,,,,,,,,,,,,,,,,,,,,,,,,,,,,,,,,,,,,,,,,,,,,,,,,,,,,,,,,
,,,,,,,,,,,,,,,,,,,,,,,,,,,,,,,,,,,,,,,,,,,,,,,,,,,,,,,,,,,,,,,,,,,,,,,,,,,,,,,,,
,,,,,,,,,,,,,,,,,,,,,,,,,,,,,,,,,,,,,,,,,,,,,,,,,,,,,,,,,,,,,,,,,,,,,,,,,,,,,,,,,
,,,,,,,,,,,,,,,,,,,,,,,,,,,,,,,,,,,,,,,,,,,,,,,,,,,,,,,,,,,,,,,,,,,,,,,,,,,,,,,,,
,,,,,,,,,,,,,,,,,,,,,,,,,,,,,,,,,,,,,,,,,,,,,,,,,,,,,,,,,,,,,,,,,,,,,,,,,,,,,,,,,
,,,,,,,,,,,,,,,,,,,,,,,,,,,,,,,,,,,,,,,,,,,,,,,,,,,,,,,,,,,,,,,,,,,,,,,,,,,,,,,,,
,,,,,,,,,,,,,,,,,,,,,,,,,,,,,,,,,,,,,,,,,,,,,,,,,,,,,,,,,,,,,,,,,,,,,,,,,,,,,,,,,
,,,,,,,,,,,,,,,,,,,,,,,,,,,,,,,,,,,,,,,,,,,,,,,,,,,,,,,,,,,,,,,,,,,,,,,,,,,,,,,,,
,,,,,,,,,,,,,,,,,,,,,,,,,,,,,,,,,,,,,,,,,,,,,,,,,,,,,,,,,,,,,,,,,,,,,,,,,,,,,,,,,
,,,,,,,,,,,,,,,,,,,,,,,,,,,,,,,,,,,,,,,,,,,,,,,,,,,,,,,,,,,,,,,,,,,,,,,,,,,,,,,,,
,,,,,,,,,,,,,,,,,,,,,,,,,,,,,,,,,,,,,,,,,,,,,,,,,,,,,,,,,,,,,,,,,,,,,,,,,,,,,,,,,
,,,,,,,,,,,,,,,,,,,,,,,,,,,,,,,,,,,,,,,,,,,,,,,,,,,,,,,,,,,,,,,,,,,,,,,,,,,,,,,,,
,,,,,,,,,,,,,,,,,,,,,,,,,,,,,,,,,,,,,,,,,,,,,,,,,,,,,,,,,,,,,,,,,,,,,,,,,,,,,,,,,
,,,,,,,,,,,,,,,,,,,,,,,,,,,,,,,,,,,,,,,,,,,,,,,,,,,,,,,,,,,,,,,,,,,,,,,,,,,,,,,,,
,,,,,,,,,,,,,,,,,,,,,,,,,,,,,,,,,,,,,,,,,,,,,,,,,,,,,,,,,,,,,,,,,,,,,,,,,,,,,,,,,
,,,,,,,,,,,,,,,,,,,,,,,,,,,,,,,,,,,,,,,,,,,,,,,,,,,,,,,,,,,,,,,,,,,,,,,,,,,,,,,,,
,,,,,,,,,,,,,,,,,,,,,,,,,,,,,,,,,,,,,,,,,,,,,,,,,,,,,,,,,,,,,,,,,,,,,,,,,,,,,,,,,
,,,,,,,,,,,,,,,,,,,,,,,,,,,,,,,,,,,,,,,,,,,,,,,,,,,,,,,,,,,,,,,,,,,,,,,,,,,,,,,,,
,,,,,,,,,,,,,,,,,,,,,,,,,,,,,,,,,,,,,,,,,,,,,,,,,,,,,,,,,,,,,,,,,,,,,,,,,,,,,,,,,
,,,,,,,,,,,,,,,,,,,,,,,,,,,,,,,,,,,,,,,,,,,,,,,,,,,,,,,,,,,,,,,,,,,,,,,,,,,,,,,,,
,,,,,,,,,,,,,,,,,,,,,,,,,,,,,,,,,,,,,,,,,,,,,,,,,,,,,,,,,,,,,,,,,,,,,,,,,,,,,,,,,
,,,,,,,,,,,,,,,,,,,,,,,,,,,,,,,,,,,,,,,,,,,,,,,,,,,,,,,,,,,,,,,,,,,,,,,,,,,,,,,,,
,,,,,,,,,,,,,,,,,,,,,,,,,,,,,,,,,,,,,,,,,,,,,,,,,,,,,,,,,,,,,,,,,,,,,,,,,,,,,,,,,
,,,,,,,,,,,,,,,,,,,,,,,,,,,,,,,,,,,,,,,,,,,,,,,,,,,,,,,,,,,,,,,,,,,,,,,,,,,,,,,,,
,,,,,,,,,,,,,,,,,,,,,,,,,,,,,,,,,,,,,,,,,,,,,,,,,,,,,,,,,,,,,,,,,,,,,,,,,,,,,,,,,
,,,,,,,,,,,,,,,,,,,,,,,,,,,,,,,,,,,,,,,,,,,,,,,,,,,,,,,,,,,,,,,,,,,,,,,,,,,,,,,,,
,,,,,,,,,,,,,,,,,,,,,,,,,,,,,,,,,,,,,,,,,,,,,,,,,,,,,,,,,,,,,,,,,,,,,,,,,,,,,,,,,
,,,,,,,,,,,,,,,,,,,,,,,,,,,,,,,,,,,,,,,,,,,,,,,,,,,,,,,,,,,,,,,,,,,,,,,,,,,,,,,,,
,,,,,,,,,,,,,,,,,,,,,,,,,,,,,,,,,,,,,,,,,,,,,,,,,,,,,,,,,,,,,,,,,,,,,,,,,,,,,,,,,
,,,,,,,,,,,,,,,,,,,,,,,,,,,,,,,,,,,,,,,,,,,,,,,,,,,,,,,,,,,,,,,,,,,,,,,,,,,,,,,,,
,,,,,,,,,,,,,,,,,,,,,,,,,,,,,,,,,,,,,,,,,,,,,,,,,,,,,,,,,,,,,,,,,,,,,,,,,,,,,,,,,
,,,,,,,,,,,,,,,,,,,,,,,,,,,,,,,,,,,,,,,,,,,,,,,,,,,,,,,,,,,,,,,,,,,,,,,,,,,,,,,,,
,,,,,,,,,,,,,,,,,,,,,,,,,,,,,,,,,,,,,,,,,,,,,,,,,,,,,,,,,,,,,,,,,,,,,,,,,,,,,,,,,
,,,,,,,,,,,,,,,,,,,,,,,,,,,,,,,,,,,,,,,,,,,,,,,,,,,,,,,,,,,,,,,,,,,,,,,,,,,,,,,,,
,,,,,,,,,,,,,,,,,,,,,,,,,,,,,,,,,,,,,,,,,,,,,,,,,,,,,,,,,,,,,,,,,,,,,,,,,,,,,,,,,
,,,,,,,,,,,,,,,,,,,,,,,,,,,,,,,,,,,,,,,,,,,,,,,,,,,,,,,,,,,,,,,,,,,,,,,,,,,,,,,,,
,,,,,,,,,,,,,,,,,,,,,,,,,,,,,,,,,,,,,,,,,,,,,,,,,,,,,,,,,,,,,,,,,,,,,,,,,,,,,,,,,
,,,,,,,,,,,,,,,,,,,,,,,,,,,,,,,,,,,,,,,,,,,,,,,,,,,,,,,,,,,,,,,,,,,,,,,,,,,,,,,,,
,,,,,,,,,,,,,,,,,,,,,,,,,,,,,,,,,,,,,,,,,,,,,,,,,,,,,,,,,,,,,,,,,,,,,,,,,,,,,,,,,
,,,,,,,,,,,,,,,,,,,,,,,,,,,,,,,,,,,,,,,,,,,,,,,,,,,,,,,,,,,,,,,,,,,,,,,,,,,,,,,,,
,,,,,,,,,,,,,,,,,,,,,,,,,,,,,,,,,,,,,,,,,,,,,,,,,,,,,,,,,,,,,,,,,,,,,,,,,,,,,,,,,
,,,,,,,,,,,,,,,,,,,,,,,,,,,,,,,,,,,,,,,,,,,,,,,,,,,,,,,,,,,,,,,,,,,,,,,,,,,,,,,,,
,,,,,,,,,,,,,,,,,,,,,,,,,,,,,,,,,,,,,,,,,,,,,,,,,,,,,,,,,,,,,,,,,,,,,,,,,,,,,,,,,
,,,,,,,,,,,,,,,,,,,,,,,,,,,,,,,,,,,,,,,,,,,,,,,,,,,,,,,,,,,,,,,,,,,,,,,,,,,,,,,,,
,,,,,,,,,,,,,,,,,,,,,,,,,,,,,,,,,,,,,,,,,,,,,,,,,,,,,,,,,,,,,,,,,,,,,,,,,,,,,,,,,
,,,,,,,,,,,,,,,,,,,,,,,,,,,,,,,,,,,,,,,,,,,,,,,,,,,,,,,,,,,,,,,,,,,,,,,,,,,,,,,,,
,,,,,,,,,,,,,,,,,,,,,,,,,,,,,,,,,,,,,,,,,,,,,,,,,,,,,,,,,,,,,,,,,,,,,,,,,,,,,,,,,
,,,,,,,,,,,,,,,,,,,,,,,,,,,,,,,,,,,,,,,,,,,,,,,,,,,,,,,,,,,,,,,,,,,,,,,,,,,,,,,,,
,,,,,,,,,,,,,,,,,,,,,,,,,,,,,,,,,,,,,,,,,,,,,,,,,,,,,,,,,,,,,,,,,,,,,,,,,,,,,,,,,
,,,,,,,,,,,,,,,,,,,,,,,,,,,,,,,,,,,,,,,,,,,,,,,,,,,,,,,,,,,,,,,,,,,,,,,,,,,,,,,,,
,,,,,,,,,,,,,,,,,,,,,,,,,,,,,,,,,,,,,,,,,,,,,,,,,,,,,,,,,,,,,,,,,,,,,,,,,,,,,,,,,
,,,,,,,,,,,,,,,,,,,,,,,,,,,,,,,,,,,,,,,,,,,,,,,,,,,,,,,,,,,,,,,,,,,,,,,,,,,,,,,,,
,,,,,,,,,,,,,,,,,,,,,,,,,,,,,,,,,,,,,,,,,,,,,,,,,,,,,,,,,,,,,,,,,,,,,,,,,,,,,,,,,
,,,,,,,,,,,,,,,,,,,,,,,,,,,,,,,,,,,,,,,,,,,,,,,,,,,,,,,,,,,,,,,,,,,,,,,,,,,,,,,,,
,,,,,,,,,,,,,,,,,,,,,,,,,,,,,,,,,,,,,,,,,,,,,,,,,,,,,,,,,,,,,,,,,,,,,,,,,,,,,,,,,
,,,,,,,,,,,,,,,,,,,,,,,,,,,,,,,,,,,,,,,,,,,,,,,,,,,,,,,,,,,,,,,,,,,,,,,,,,,,,,,,,
,,,,,,,,,,,,,,,,,,,,,,,,,,,,,,,,,,,,,,,,,,,,,,,,,,,,,,,,,,,,,,,,,,,,,,,,,,,,,,,,,
,,,,,,,,,,,,,,,,,,,,,,,,,,,,,,,,,,,,,,,,,,,,,,,,,,,,,,,,,,,,,,,,,,,,,,,,,,,,,,,,,
,,,,,,,,,,,,,,,,,,,,,,,,,,,,,,,,,,,,,,,,,,,,,,,,,,,,,,,,,,,,,,,,,,,,,,,,,,,,,,,,,
,,,,,,,,,,,,,,,,,,,,,,,,,,,,,,,,,,,,,,,,,,,,,,,,,,,,,,,,,,,,,,,,,,,,,,,,,,,,,,,,,
,,,,,,,,,,,,,,,,,,,,,,,,,,,,,,,,,,,,,,,,,,,,,,,,,,,,,,,,,,,,,,,,,,,,,,,,,,,,,,,,,
,,,,,,,,,,,,,,,,,,,,,,,,,,,,,,,,,,,,,,,,,,,,,,,,,,,,,,,,,,,,,,,,,,,,,,,,,,,,,,,,,
,,,,,,,,,,,,,,,,,,,,,,,,,,,,,,,,,,,,,,,,,,,,,,,,,,,,,,,,,,,,,,,,,,,,,,,,,,,,,,,,,
,,,,,,,,,,,,,,,,,,,,,,,,,,,,,,,,,,,,,,,,,,,,,,,,,,,,,,,,,,,,,,,,,,,,,,,,,,,,,,,,,
,,,,,,,,,,,,,,,,,,,,,,,,,,,,,,,,,,,,,,,,,,,,,,,,,,,,,,,,,,,,,,,,,,,,,,,,,,,,,,,,,
,,,,,,,,,,,,,,,,,,,,,,,,,,,,,,,,,,,,,,,,,,,,,,,,,,,,,,,,,,,,,,,,,,,,,,,,,,,,,,,,,
,,,,,,,,,,,,,,,,,,,,,,,,,,,,,,,,,,,,,,,,,,,,,,,,,,,,,,,,,,,,,,,,,,,,,,,,,,,,,,,,,
,,,,,,,,,,,,,,,,,,,,,,,,,,,,,,,,,,,,,,,,,,,,,,,,,,,,,,,,,,,,,,,,,,,,,,,,,,,,,,,,,
,,,,,,,,,,,,,,,,,,,,,,,,,,,,,,,,,,,,,,,,,,,,,,,,,,,,,,,,,,,,,,,,,,,,,,,,,,,,,,,,,
,,,,,,,,,,,,,,,,,,,,,,,,,,,,,,,,,,,,,,,,,,,,,,,,,,,,,,,,,,,,,,,,,,,,,,,,,,,,,,,,,
,,,,,,,,,,,,,,,,,,,,,,,,,,,,,,,,,,,,,,,,,,,,,,,,,,,,,,,,,,,,,,,,,,,,,,,,,,,,,,,,,
,,,,,,,,,,,,,,,,,,,,,,,,,,,,,,,,,,,,,,,,,,,,,,,,,,,,,,,,,,,,,,,,,,,,,,,,,,,,,,,,,
,,,,,,,,,,,,,,,,,,,,,,,,,,,,,,,,,,,,,,,,,,,,,,,,,,,,,,,,,,,,,,,,,,,,,,,,,,,,,,,,,
,,,,,,,,,,,,,,,,,,,,,,,,,,,,,,,,,,,,,,,,,,,,,,,,,,,,,,,,,,,,,,,,,,,,,,,,,,,,,,,,,
,,,,,,,,,,,,,,,,,,,,,,,,,,,,,,,,,,,,,,,,,,,,,,,,,,,,,,,,,,,,,,,,,,,,,,,,,,,,,,,,,
,,,,,,,,,,,,,,,,,,,,,,,,,,,,,,,,,,,,,,,,,,,,,,,,,,,,,,,,,,,,,,,,,,,,,,,,,,,,,,,,,
,,,,,,,,,,,,,,,,,,,,,,,,,,,,,,,,,,,,,,,,,,,,,,,,,,,,,,,,,,,,,,,,,,,,,,,,,,,,,,,,,
,,,,,,,,,,,,,,,,,,,,,,,,,,,,,,,,,,,,,,,,,,,,,,,,,,,,,,,,,,,,,,,,,,,,,,,,,,,,,,,,,
,,,,,,,,,,,,,,,,,,,,,,,,,,,,,,,,,,,,,,,,,,,,,,,,,,,,,,,,,,,,,,,,,,,,,,,,,,,,,,,,,
,,,,,,,,,,,,,,,,,,,,,,,,,,,,,,,,,,,,,,,,,,,,,,,,,,,,,,,,,,,,,,,,,,,,,,,,,,,,,,,,,
,,,,,,,,,,,,,,,,,,,,,,,,,,,,,,,,,,,,,,,,,,,,,,,,,,,,,,,,,,,,,,,,,,,,,,,,,,,,,,,,,
,,,,,,,,,,,,,,,,,,,,,,,,,,,,,,,,,,,,,,,,,,,,,,,,,,,,,,,,,,,,,,,,,,,,,,,,,,,,,,,,,
,,,,,,,,,,,,,,,,,,,,,,,,,,,,,,,,,,,,,,,,,,,,,,,,,,,,,,,,,,,,,,,,,,,,,,,,,,,,,,,,,
,,,,,,,,,,,,,,,,,,,,,,,,,,,,,,,,,,,,,,,,,,,,,,,,,,,,,,,,,,,,,,,,,,,,,,,,,,,,,,,,,
,,,,,,,,,,,,,,,,,,,,,,,,,,,,,,,,,,,,,,,,,,,,,,,,,,,,,,,,,,,,,,,,,,,,,,,,,,,,,,,,,
,,,,,,,,,,,,,,,,,,,,,,,,,,,,,,,,,,,,,,,,,,,,,,,,,,,,,,,,,,,,,,,,,,,,,,,,,,,,,,,,,
,,,,,,,,,,,,,,,,,,,,,,,,,,,,,,,,,,,,,,,,,,,,,,,,,,,,,,,,,,,,,,,,,,,,,,,,,,,,,,,,,
,,,,,,,,,,,,,,,,,,,,,,,,,,,,,,,,,,,,,,,,,,,,,,,,,,,,,,,,,,,,,,,,,,,,,,,,,,,,,,,,,
,,,,,,,,,,,,,,,,,,,,,,,,,,,,,,,,,,,,,,,,,,,,,,,,,,,,,,,,,,,,,,,,,,,,,,,,,,,,,,,,,
,,,,,,,,,,,,,,,,,,,,,,,,,,,,,,,,,,,,,,,,,,,,,,,,,,,,,,,,,,,,,,,,,,,,,,,,,,,,,,,,,
,,,,,,,,,,,,,,,,,,,,,,,,,,,,,,,,,,,,,,,,,,,,,,,,,,,,,,,,,,,,,,,,,,,,,,,,,,,,,,,,,
,,,,,,,,,,,,,,,,,,,,,,,,,,,,,,,,,,,,,,,,,,,,,,,,,,,,,,,,,,,,,,,,,,,,,,,,,,,,,,,,,
,,,,,,,,,,,,,,,,,,,,,,,,,,,,,,,,,,,,,,,,,,,,,,,,,,,,,,,,,,,,,,,,,,,,,,,,,,,,,,,,,
,,,,,,,,,,,,,,,,,,,,,,,,,,,,,,,,,,,,,,,,,,,,,,,,,,,,,,,,,,,,,,,,,,,,,,,,,,,,,,,,,
,,,,,,,,,,,,,,,,,,,,,,,,,,,,,,,,,,,,,,,,,,,,,,,,,,,,,,,,,,,,,,,,,,,,,,,,,,,,,,,,,
,,,,,,,,,,,,,,,,,,,,,,,,,,,,,,,,,,,,,,,,,,,,,,,,,,,,,,,,,,,,,,,,,,,,,,,,,,,,,,,,,
,,,,,,,,,,,,,,,,,,,,,,,,,,,,,,,,,,,,,,,,,,,,,,,,,,,,,,,,,,,,,,,,,,,,,,,,,,,,,,,,,
,,,,,,,,,,,,,,,,,,,,,,,,,,,,,,,,,,,,,,,,,,,,,,,,,,,,,,,,,,,,,,,,,,,,,,,,,,,,,,,,,
,,,,,,,,,,,,,,,,,,,,,,,,,,,,,,,,,,,,,,,,,,,,,,,,,,,,,,,,,,,,,,,,,,,,,,,,,,,,,,,,,
,,,,,,,,,,,,,,,,,,,,,,,,,,,,,,,,,,,,,,,,,,,,,,,,,,,,,,,,,,,,,,,,,,,,,,,,,,,,,,,,,
,,,,,,,,,,,,,,,,,,,,,,,,,,,,,,,,,,,,,,,,,,,,,,,,,,,,,,,,,,,,,,,,,,,,,,,,,,,,,,,,,
,,,,,,,,,,,,,,,,,,,,,,,,,,,,,,,,,,,,,,,,,,,,,,,,,,,,,,,,,,,,,,,,,,,,,,,,,,,,,,,,,
,,,,,,,,,,,,,,,,,,,,,,,,,,,,,,,,,,,,,,,,,,,,,,,,,,,,,,,,,,,,,,,,,,,,,,,,,,,,,,,,,
,,,,,,,,,,,,,,,,,,,,,,,,,,,,,,,,,,,,,,,,,,,,,,,,,,,,,,,,,,,,,,,,,,,,,,,,,,,,,,,,,
,,,,,,,,,,,,,,,,,,,,,,,,,,,,,,,,,,,,,,,,,,,,,,,,,,,,,,,,,,,,,,,,,,,,,,,,,,,,,,,,,
,,,,,,,,,,,,,,,,,,,,,,,,,,,,,,,,,,,,,,,,,,,,,,,,,,,,,,,,,,,,,,,,,,,,,,,,,,,,,,,,,
,,,,,,,,,,,,,,,,,,,,,,,,,,,,,,,,,,,,,,,,,,,,,,,,,,,,,,,,,,,,,,,,,,,,,,,,,,,,,,,,,
,,,,,,,,,,,,,,,,,,,,,,,,,,,,,,,,,,,,,,,,,,,,,,,,,,,,,,,,,,,,,,,,,,,,,,,,,,,,,,,,,
,,,,,,,,,,,,,,,,,,,,,,,,,,,,,,,,,,,,,,,,,,,,,,,,,,,,,,,,,,,,,,,,,,,,,,,,,,,,,,,,,
,,,,,,,,,,,,,,,,,,,,,,,,,,,,,,,,,,,,,,,,,,,,,,,,,,,,,,,,,,,,,,,,,,,,,,,,,,,,,,,,,
,,,,,,,,,,,,,,,,,,,,,,,,,,,,,,,,,,,,,,,,,,,,,,,,,,,,,,,,,,,,,,,,,,,,,,,,,,,,,,,,,
,,,,,,,,,,,,,,,,,,,,,,,,,,,,,,,,,,,,,,,,,,,,,,,,,,,,,,,,,,,,,,,,,,,,,,,,,,,,,,,,,
,,,,,,,,,,,,,,,,,,,,,,,,,,,,,,,,,,,,,,,,,,,,,,,,,,,,,,,,,,,,,,,,,,,,,,,,,,,,,,,,,
,,,,,,,,,,,,,,,,,,,,,,,,,,,,,,,,,,,,,,,,,,,,,,,,,,,,,,,,,,,,,,,,,,,,,,,,,,,,,,,,,
,,,,,,,,,,,,,,,,,,,,,,,,,,,,,,,,,,,,,,,,,,,,,,,,,,,,,,,,,,,,,,,,,,,,,,,,,,,,,,,,,
,,,,,,,,,,,,,,,,,,,,,,,,,,,,,,,,,,,,,,,,,,,,,,,,,,,,,,,,,,,,,,,,,,,,,,,,,,,,,,,,,
,,,,,,,,,,,,,,,,,,,,,,,,,,,,,,,,,,,,,,,,,,,,,,,,,,,,,,,,,,,,,,,,,,,,,,,,,,,,,,,,,
,,,,,,,,,,,,,,,,,,,,,,,,,,,,,,,,,,,,,,,,,,,,,,,,,,,,,,,,,,,,,,,,,,,,,,,,,,,,,,,,,
,,,,,,,,,,,,,,,,,,,,,,,,,,,,,,,,,,,,,,,,,,,,,,,,,,,,,,,,,,,,,,,,,,,,,,,,,,,,,,,,,
,,,,,,,,,,,,,,,,,,,,,,,,,,,,,,,,,,,,,,,,,,,,,,,,,,,,,,,,,,,,,,,,,,,,,,,,,,,,,,,,,
,,,,,,,,,,,,,,,,,,,,,,,,,,,,,,,,,,,,,,,,,,,,,,,,,,,,,,,,,,,,,,,,,,,,,,,,,,,,,,,,,
,,,,,,,,,,,,,,,,,,,,,,,,,,,,,,,,,,,,,,,,,,,,,,,,,,,,,,,,,,,,,,,,,,,,,,,,,,,,,,,,,
,,,,,,,,,,,,,,,,,,,,,,,,,,,,,,,,,,,,,,,,,,,,,,,,,,,,,,,,,,,,,,,,,,,,,,,,,,,,,,,,,
,,,,,,,,,,,,,,,,,,,,,,,,,,,,,,,,,,,,,,,,,,,,,,,,,,,,,,,,,,,,,,,,,,,,,,,,,,,,,,,,,
,,,,,,,,,,,,,,,,,,,,,,,,,,,,,,,,,,,,,,,,,,,,,,,,,,,,,,,,,,,,,,,,,,,,,,,,,,,,,,,,,
,,,,,,,,,,,,,,,,,,,,,,,,,,,,,,,,,,,,,,,,,,,,,,,,,,,,,,,,,,,,,,,,,,,,,,,,,,,,,,,,,
,,,,,,,,,,,,,,,,,,,,,,,,,,,,,,,,,,,,,,,,,,,,,,,,,,,,,,,,,,,,,,,,,,,,,,,,,,,,,,,,,
,,,,,,,,,,,,,,,,,,,,,,,,,,,,,,,,,,,,,,,,,,,,,,,,,,,,,,,,,,,,,,,,,,,,,,,,,,,,,,,,,
,,,,,,,,,,,,,,,,,,,,,,,,,,,,,,,,,,,,,,,,,,,,,,,,,,,,,,,,,,,,,,,,,,,,,,,,,,,,,,,,,
,,,,,,,,,,,,,,,,,,,,,,,,,,,,,,,,,,,,,,,,,,,,,,,,,,,,,,,,,,,,,,,,,,,,,,,,,,,,,,,,,
,,,,,,,,,,,,,,,,,,,,,,,,,,,,,,,,,,,,,,,,,,,,,,,,,,,,,,,,,,,,,,,,,,,,,,,,,,,,,,,,,
,,,,,,,,,,,,,,,,,,,,,,,,,,,,,,,,,,,,,,,,,,,,,,,,,,,,,,,,,,,,,,,,,,,,,,,,,,,,,,,,,
,,,,,,,,,,,,,,,,,,,,,,,,,,,,,,,,,,,,,,,,,,,,,,,,,,,,,,,,,,,,,,,,,,,,,,,,,,,,,,,,,
,,,,,,,,,,,,,,,,,,,,,,,,,,,,,,,,,,,,,,,,,,,,,,,,,,,,,,,,,,,,,,,,,,,,,,,,,,,,,,,,,
,,,,,,,,,,,,,,,,,,,,,,,,,,,,,,,,,,,,,,,,,,,,,,,,,,,,,,,,,,,,,,,,,,,,,,,,,,,,,,,,,
,,,,,,,,,,,,,,,,,,,,,,,,,,,,,,,,,,,,,,,,,,,,,,,,,,,,,,,,,,,,,,,,,,,,,,,,,,,,,,,,,
,,,,,,,,,,,,,,,,,,,,,,,,,,,,,,,,,,,,,,,,,,,,,,,,,,,,,,,,,,,,,,,,,,,,,,,,,,,,,,,,,
,,,,,,,,,,,,,,,,,,,,,,,,,,,,,,,,,,,,,,,,,,,,,,,,,,,,,,,,,,,,,,,,,,,,,,,,,,,,,,,,,
,,,,,,,,,,,,,,,,,,,,,,,,,,,,,,,,,,,,,,,,,,,,,,,,,,,,,,,,,,,,,,,,,,,,,,,,,,,,,,,,,
,,,,,,,,,,,,,,,,,,,,,,,,,,,,,,,,,,,,,,,,,,,,,,,,,,,,,,,,,,,,,,,,,,,,,,,,,,,,,,,,,
,,,,,,,,,,,,,,,,,,,,,,,,,,,,,,,,,,,,,,,,,,,,,,,,,,,,,,,,,,,,,,,,,,,,,,,,,,,,,,,,,
,,,,,,,,,,,,,,,,,,,,,,,,,,,,,,,,,,,,,,,,,,,,,,,,,,,,,,,,,,,,,,,,,,,,,,,,,,,,,,,,,
