,Time Limit,Type,Icon,Block Abandon,Init Lua,Quest Level,Remove on logout,Objective,Objective Condition,Abandon Link,Eventid,String
Quest Board,0,15,81,,32,,,,,,,LQUE0001
Speak to Myad,0,1,81,,,1,,,,,,LQUE0002
,,,,,,,,,,,,
Learning Skills,0,15,81,,,,,,,,,LQUE0004
Learning Skills,0,15,81,,,,,,,,,LQUE0005
Learning Skills,0,15,81,,,,,,,,,LQUE0006
Learning Skills,0,15,81,,,,,,,,,LQUE0007
,,,,,,,,,,,,
,,,,,,,,,,,,
JO/ARU_A - sign up,0,4,81,,,,,,,,,LQUE0010
JO/ARU_D - sign up,0,4,81,,,,,,,,,LQUE0011
RC/FAR_A - sign up,0,4,81,,,,,,,,,LQUE0012
RC/FAR_D - sign up,0,4,81,,,,,,,,,LQUE0013
JO/ARU_A - inprogress,0,4,81,,,,,,,,,LQUE0014
JO/ARU_D - inprogress,0,4,81,,,,,,,,,LQUE0015
RC/FAR_A - inprgress,0,4,81,,,,,,,,,LQUE0016
RC/FAR_D - inprogress,0,4,81,,,,,,,,,LQUE0017
,,,,,,,,,,,,
,,,,,,,,,,,,
The Lost Presents,0,20,147,,,50,,,,,5,LQUE0020
Santas Sleigh,0,20,147,,,50,,,,,5,LQUE0021
Rudolphs Clothing,0,20,147,,,57,,,,,5,LQUE0022
Costume Dyes,0,20,147,,,50,,,,,5,LQUE0023
Christmas Spirit ,0,20,147,,,47,,,,,5,LQUE0024
Feeding the Reindeer,0,20,147,,,57,,,,,5,LQUE0025
,,,,,,,,,,,,
Cerberus,0,2,86,,,125,,,,,,LQUE0027
Cerberus,0,2,86,,,125,,,,,,LQUE0028
Cerberus,0,2,86,,,125,,,,,,LQUE0029
Cerberus,0,2,86,,,125,,,,,,LQUE0030
Cerberus,0,2,86,,,125,,,,,,LQUE0031
,,,,,,,,,,,,
,,,,,,,,,,,,
,,,,,,,,,,,,
,,,,,,,,,,,,
,,,,,,,,,,,,
,,,,,,,,,,,,
,,,,,,,,,,,,
,,,,,,,,,,,,
Pest Moldies,0,23,80,,,35,,,,,,LQUE0040
Mining Axe,0,23,80,,,35,,,,,,LQUE0041
Guardian Sap,0,23,80,,,53,,,,,,LQUE0042
The Legendary Bow,0,23,80,,,45,,,,,,LQUE0043
Junon Delicacies,0,23,80,,,55,,,,,,LQUE0044
Krawfy Claws,0,23,80,,,70,,,,,,LQUE0045
Stone Beasts,0,23,80,,,70,,,,,,LQUE0046
Strengthening Armors,0,23,80,,,77,,,,,,LQUE0047
Styling Wings,0,23,80,,,82,,,,,,LQUE0048
Proving Your Strength,0,23,80,,,98,,,,,,LQUE0049
,0,0,80,,,,,,,,,LQUE0050
,,,,,,,,,,,,
,,,,,,,,,,,,
,,,,,,,,,,,,
,,,,,,,,,,,,
Jack's Halloween Costume,0,19,85,,,,,,,,,LQUE0055
Trick or Treat,0,19,85,,,,,,,,,LQUE0056
,,,,,,,,,,,,
,,,,,,,,,,,,
,,,,,,,,,,,,
Forgotten Power,0,14,86,,,215,,,,,,LQUE0060
Forgotten Power,0,14,86,,,215,,,,,,LQUE0061
Forgotten Power,0,14,86,,,215,,,,,,LQUE0062
Forgotten Power,0,14,86,,,215,,,,,,LQUE0063
Forgotten Power,0,14,86,,,215,,,,,,LQUE0064
Forgotten Power,0,14,86,,,215,,,,,,LQUE0065
Forgotten Power,0,14,86,1,,215,,,,,,LQUE0066
,,,,,,,,,,,,
,,,,,,,,,,,,
,,,,,,,,,,,,
The Anubis Mystery,0,14,86,,,210,,,,,,LQUE0070
The Anubis Mystery,0,14,86,,,210,,,,,,LQUE0071
The Anubis Mystery,0,14,86,,,210,,,,,,LQUE0072
Shelley's Lost Doll,0,19,146,,,17,,,,,4,LQUE0073
Shelley's Lost Doll,0,19,146,,,17,,,,,4,LQUE0074
Shelley's Lost Doll,0,19,146,,,17,,,,,4,LQUE0075
Shelley's Lost Doll,0,19,146,,,17,,,,,4,LQUE0076
Shelley's Lost Doll,0,19,146,,,17,,,,,4,LQUE0077
Damien's Lucky Charms,0,19,146,,,18,,,,,4,LQUE0078
Lost in the Forest,0,19,146,,,,,,,,4,LQUE0079
,,,,,,,,,,,,
The Treasure Hunt,0,19,146,,,,,,,,4,LQUE0081
The Treasure Hunt,0,19,146,,,,,,,,4,LQUE0082
Samara,0,19,146,,,,,,,,4,LQUE0083
Samara,0,19,146,,,,,,,,4,LQUE0084
Samara,0,19,146,,,,,,,,4,LQUE0085
Samara,0,19,146,,,,,,,,4,LQUE0086
Samara,0,19,146,,,,,,,,4,LQUE0087
Shelley's Lost Doll,0,19,146,,,,,,,,4,LQUE0088
,,,,,,,,,,,,
,,,,,,,,,,,,
,,,,,,,,,,,,
,,,,,,,,,,,,
,,,,,,,,,,,,
,,,,,,,,,,,,
,,,,,,,,,,,,
,,,,,,,,,,,,
,,,,,,,,,,,,
,,,,,,,,,,,,
Dreadful Epidemic,0,1,81,1,,2,,,,,,LQUE0099
Info from Arua's Fairy,0,1,81,1,,1,,,,,,LQUE0100
Dreadful Epidemic,0,1,81,1,,1,,,,,,LQUE0101
Dreadful Epidemic,0,1,81,1,,2,,,,,,LQUE0102
Mysterious Emblem,0,1,81,1,,3,,,,,,LQUE0103
Mysterious Emblem,0,1,81,1,,4,,,,,,LQUE0104
Healing Hands,0,1,81,1,,5,,,,,,LQUE0105
Healing Hands,180,1,81,1,68,6,,,,,,LQUE0106
Healing Hands,90,1,81,1,67,7,,,,,,LQUE0107
Healing Hands,0,1,81,1,,8,,,,,,LQUE0108
Sacrificed Soul,0,1,81,1,,9,,,,,,LQUE0109
The Truth to the Rumors,0,1,81,1,,10,,,,,,LQUE0110
The Truth to the Rumors,0,1,81,1,,12,,,,,,LQUE0111
Hourglass of Purification,0,1,81,1,,13,,,,,,LQUE0112
Hourglass of Purification,0,1,81,1,,15,,,,,,LQUE0113
Hourglass of Purification,0,1,81,1,,16,,,,,,LQUE0114
Hourglass of Purification,0,1,81,1,,18,,,,,,LQUE0115
A Favor for Karitte,0,1,81,1,,20,,,,,,LQUE0116
Proof,0,1,81,1,,21,,,,,,LQUE0117
Forbidden Potion,0,1,81,1,,23,,,,,,LQUE0118
Forbidden Potion,0,1,81,1,,24,,,,,,LQUE0119
Dreadful Book,0,1,81,1,,26,,,,,,LQUE0120
Banned Recipe,0,1,81,1,,27,,,,,,LQUE0121
Resurrection,0,1,81,1,,28,,,,,,LQUE0122
Resurrection,0,1,81,1,,30,,,,,,LQUE0123
Magic of Anima Lake,0,1,81,1,,32,,,,,,LQUE0124
Falsehoods,0,1,81,1,,33,,,,,,LQUE0125
Falsehoods,0,1,81,1,,34,,,,,,LQUE0126
The Owl Eye,0,1,81,1,,36,,,,,,LQUE0127
The Owl Eye,0,1,81,1,,47,,,,,,LQUE0128
The Owl Eye,0,1,81,1,,50,,,,,,LQUE0129
Eva the Sorcerer,0,1,81,1,,52,,,,,,LQUE0130
Eva the Sorcerer,0,1,81,1,,55,,,,,,LQUE0131
Forbidden Spell,0,1,81,1,,59,,,,,,LQUE0132
Forbidden Spell,0,1,81,1,,60,,,,,,LQUE0133
The Scheme,0,1,81,1,,63,,,,,,LQUE0134
The Scheme,0,1,81,1,,65,,,,,,LQUE0135
The Scheme,0,1,81,1,,65,,,,,,LQUE0136
The Road to Justice,0,1,81,1,,65,,,,,,LQUE0137
The Road to Justice,0,1,81,1,,65,,,,,,LQUE0138
Punwell in Windmill Village,0,1,81,1,,65,,,,,,LQUE0139
The Zeppastone Wind Gem,0,1,81,1,,65,,,,,,LQUE0140
The Prince of Akram,0,1,81,1,,65,,,,,,LQUE0141
The Search for the Prince,0,1,81,1,,65,,,,,,LQUE0142
The Ominous Kenji Stone,0,1,81,1,,65,,,,,,LQUE0143
The Truth of the Golden Dagger,0,1,81,1,,66,,,,,,LQUE0144
Information on Luna,0,1,81,1,,66,,,,,,LQUE0145
The Truth of the Golden Dagger (2),0,1,81,1,,66,,,,,,LQUE0146
"Pavrick, the Craftsman on Luna",0,1,81,1,,67,,,,,,LQUE0147
The Royal Golden Dagger,0,1,81,1,,67,,,,,,LQUE0148
An Interesting Proposal,0,1,81,1,,67,,,,,,LQUE0149
Kay's Secret,0,1,81,1,,68,,,,,,LQUE0150
Lunarian Coffee,0,1,81,1,,70,,,,,,LQUE0151
Lunarian Coffee,60,1,81,1,,72,,,,,,LQUE0152
Kay's Request,0,1,81,1,,76,,,,,,LQUE0153
Kay's Request,0,1,81,1,,78,,,,,,LQUE0154
Suspicious Researchers,0,1,81,1,,80,,,,,,LQUE0155
Monsters in the Desert,0,1,81,1,,82,,,,,,LQUE0156
Skin of Steel,0,1,81,1,,85,,,,,,LQUE0157
Masters in the Abyss,0,1,81,1,,90,,,,,,LQUE0158
"Pavrick, the Craftsman on Luna",0,1,81,1,,67,,,,,,LQUE0159
The Ominous Kenji Stone,0,1,81,1,,65,,,,,,LQUE0160
Monsters in the Desert,0,1,81,1,,82,,,,,,LQUE0161
Skin of Steel,0,1,81,1,,85,,,,,,LQUE0162
Masters in the Abyss,0,1,81,1,,90,,,,,,LQUE0163
,,,78,,,,,,,,,
Defeat 10 Players,8640,6,121,1,,,,1,10,,,LQUE0165
Complete 3 PvP Arenas,8640,6,121,1,,,,1,3,,,LQUE0166
Survival Arena Survivor,8640,6,121,1,,,,1,1,,,LQUE0167
Top 3 Survivors,8640,6,121,1,,,,1,1,,,LQUE0168
Survival Arena Kill Spree,8640,6,121,1,,,,1,1,,,LQUE0169
Crystal Defenders Kill Spree,8640,6,121,1,,,,1,1,,,LQUE0170
Crystal Defender,8640,6,121,1,,,,1,1,,,LQUE0171
Defeat 40 Players,60480,6,134,1,,,,2,40,,,LQUE0172
Complete 12 Arenas,60480,6,134,1,,,,2,12,,,LQUE0173
Soul Survivor 4 Times,60480,6,134,1,,,,2,4,,,LQUE0174
Defeat 125 Players,,6,135,1,,,,3,125,,,LQUE0175
Complete 35 PvP Arenas,,6,135,1,,,,3,35,,,LQUE0176
Win 20 PvP Arenas,,6,135,1,,,,3,20,,,LQUE0177
Collect 5 Fairies,60480,6,134,1,,,,2,5,,,LQUE0178
Capture the Fairy,8640,6,121,1,,,,1,1,,,LQUE0179
Fairy Capturer,8640,6,121,1,,,,1,1,,,LQUE0180
Capture the Fairy Kill Spree,8640,6,121,1,,,,1,1,,,LQUE0181
Fairy Dominance,8640,6,121,1,,,,1,1,,,LQUE0182
Fairy Defender,8640,6,121,1,,,,1,1,,,LQUE0183
Battle Royale,8640,6,121,1,,,,1,1,,,LQUE0184
Battle Royale Killer,8640,6,121,1,,,,1,1,,,LQUE0185
Battle Royale Survivor,60480,6,134,1,,,,2,4,,,LQUE0186
Union War,8640,6,121,1,,,,1,1,,,LQUE0187
Union War Kill Spree,8640,6,121,1,,,,1,1,,,LQUE0188
Win 3 Union Wars,60480,6,134,1,,,,2,3,,,LQUE0189
,,,,,,,,,,,,
,,,,,,,,,,,,
,,,,,,,,,,,,
,,,,,,,,,,,,
,,,,,,,,,,,,
,,,,,,,,,,,,
,,,,,,,,,,,,
,,,,,,,,,,,,
,,,,,,,,,,,,
,,,,,,,,,,,,
Beautiful Butterflies,0,11,86,,,,,,,,,LQUE0200
Lunar Language,0,29,81,,,41,,,,,,LQUE0201
,,,,,,,,,,,,
,,,,,,,,,,,,
,,,,,,,,,,,,
,,,,,,,,,,,,
,,,,,,,,,,,,
,,,,,,,,,,,,
,,,,,,,,,,,,
,,,,,,,,,,,,
,,,,,,,,,,,,
,,,,,,,,,,,,
,,,,,,,,,,,,
,,,,,,,,,,,,
,,,,,,,,,,,,
The Hunt,0,14,86,,,218,,,,,,LQUE215
The Hunt,0,14,86,,,218,,,,,,LQUE216
The Hunt,0,14,86,,,218,,,,,,LQUE217
????? ????,0,0,86,,,,,,,,,LQUE218
,,,,,,,,,,,,
,,,,,,,,,,,,
,,,,,,,,,,,,
,,,,,,,,,,,,
,,,,,,,,,,,,
Stone Walkers,0,5,80,,,1,,,,,,LQUE224
Stockpiling Jelly Bean Hides,0,2,80,,,1,,,,,,LQUE225
Delivery for Bert,0,2,80,,,3,,,,69,,LQUE226
Choropy Hunt,0,2,80,,,4,,,,,,LQUE227
Food Reserves,0,2,80,,,5,,,,,,LQUE228
Red Jelly,0,2,80,,,5,,,,,,LQUE229
Jar Delivery,0,2,80,,,5,,,,,,LQUE230
Clearing the Field,0,2,80,,,6,,,,,,LQUE231
Gods and Heroes,0,2,80,,,7,,,,,,LQUE232
,,,,,,,,,,,,
,,,,,,,,,,,,
,,,,,,,,,,,,
,,,,,,,,,,,,
,,,,,,,,,,,,
,,,,,,,,,,,,
,,,,,,,,,,,,
Crusader Battlegrounds (Blue Team),60,10,78,,,,,,,,,LQUE240
Crusader Battlegrounds (Red Team),60,10,78,,,,,,,,,LQUE241
,,,,,,,,,,,,
,,,,,,,,,,,,
,,,,,,,,,,,,
Akram Quest (Level 50-69),0,10,78,,,,,,,,,LQUE245
Akram Quest (Level 70-89),0,10,78,,,,,,,,,LQUE246
Akram Quest (Level 90-109),0,10,78,,,,,,,,,LQUE247
Akram Quest (Level 110-129),0,10,78,,,,,,,,,LQUE248
,,,,,,,,,,,,
Akram Quest (Level 50-69),240,10,78,,,,,,,,,LQUE250
Akram Quest (Level 70-89),240,10,78,,,,,,,,,LQUE251
Akram Quest (Level 90-109),240,10,78,,,,,,,,,LQUE252
Akram Quest (Level 110-129),240,10,78,,,,,,,,,LQUE253
Akram Quest (Level 130-149),240,10,78,,,,,,,,,LQUE254
,,,,,,,,,,,,
,,,,,,,,,,,,
Capture the Fairy (Red Team),280,10,78,,,,,,,,,LQUE257
Capture the Fairy (Blue Team),280,10,78,,,,,,,,,LQUE258
,,,,,,,,,,,,
Junon's Union War,280,10,78,,,,,,,,,LQUE260
Junon's Union War,280,10,78,,,,,,,,,LQUE261
,,,,,,,,,,,,
,,,,,,,,,,,,
,,,,,,,,,,,,
,,,,,,,,,,,,
,,,,,,,,,,,,
,,,,,,,,,,,,
,,,,,,,,,,,,
,,,,,,,,,,,,
,,,,,,,,,,,,
,,,,,,,,,,,,
,,,,,,,,,,,,
,,,,,,,,,,,,
,,,,,,,,,,,,
,,,,,,,,,,,,
,,,,,,,,,,,,
,,,,,,,,,,,,
,,,,,,,,,,,,
Mummy Staff,0,23,80,,,188,,,,,,LQUE279
Horus Shield,0,23,80,,,195,,,,,,LQUE280
Protectors of the Treasure,0,23,80,,,195,,,,,,LQUE281
Desert Beast,0,23,80,,,215,,,,,,LQUE282
Amun Feathers,0,23,80,,,215,,,,,,LQUE283
,0,0,80,,,,,,,,,LQUE284
Rune Stones,0,23,80,,,75,,,,,,LQUE285
Cape of the Ruper Mage,0,23,80,,,95,,,,,,LQUE286
Mammoth's Blood,0,23,80,,,110,,,,,,LQUE287
Vulcan Skins,0,23,80,,,114,,,,,,LQUE288
Behemoth King,0,23,80,,,130,,,,,,LQUE289
Frozen Thorns,0,23,80,,,52,,,,,,LQUE290
,0,0,80,,,,,,,,,LQUE291
Tree Supplies,0,23,80,,,142,,,,,,LQUE292
Planetary Weapons,0,23,80,,,168,,,,,,LQUE293
Gargoyle Wings,0,23,80,,,174,,,,,,LQUE294
Eldeon's Delicacies,0,23,80,,,195,,,,,,LQUE295
Executing Kera,0,23,80,,,205,,,,,,LQUE296
,0,0,80,,,,,,,,,LQUE297
,,,,,,,,,,,,
,,,,,,,,,,,,
Race43,0,0,80,,,,,,,,,LQUE300
,,,,,,,,,,,,
,,,,,,,,,,,,
,,,,,,,,,,,,
,,,,,,,,,,,,
Bounty - The Wolf (1),0,0,78,,,,,,,,,LQUE305
Bounty - The Wolf (2),0,0,78,,,,,,,,,LQUE306
Bounty - The Wolf (3),0,0,78,,,,,,,,,LQUE307
,,,,,,,,,,,,
,,,,,,,,,,,,
Bounty - The Lion (1),0,0,78,,,,,,,,,LQUE310
Bounty - The Lion (2),0,0,78,,,,,,,,,LQUE311
Bounty - The Lion (3),0,0,78,,,,,,,,,LQUE312
,,,,,,,,,,,,
,,,,,,,,,,,,
,,,,,,,,,,,,
,,,,,,,,,,,,
,,,,,,,,,,,,
,,,,,,,,,,,,
,,,,,,,,,,,,
,,,,,,,,,,,,
,,,,,,,,,,,,
,,,,,,,,,,,,
,,,,,,,,,,,,
,,,,,,,,,,,,
,,,,,,,,,,,,
,,,,,,,,,,,,
,,,,,,,,,,,,
,,,,,,,,,,,,
,,,,,,,,,,,,
,,,,,,,,,,,,
,,,,,,,,,,,,
,,,,,,,,,,,,
,,,,,,,,,,,,
,,,,,,,,,,,,
,,,,,,,,,,,,
,,,,,,,,,,,,
,,,,,,,,,,,,
,,,,,,,,,,,,
,,,,,,,,,,,,
,,,,,,,,,,,,
,,,,,,,,,,,,
,,,,,,,,,,,,
,,,,,,,,,,,,
,,,,,,,,,,,,
,,,,,,,,,,,,
,,,,,,,,,,,,
,,,,,,,,,,,,
,,,,,,,,,,,,
,,,,,,,,,,,,
In Search of Answers,0,1,81,1,,90,,,,,,LQUE0350
In Search of Answers,0,1,81,1,,90,,,,,,LQUE0351
In Search of Answers,0,1,81,1,,90,,,,,,LQUE0352
In Search of Answers,0,1,81,1,,90,,,,,,LQUE0353
In Search of Answers,0,1,81,1,,90,,,,,,LQUE0354
Men in the Red Robes,0,1,81,1,,92,,,,,,LQUE0355
Men in the Red Robes,0,1,81,1,,92,,,,,,LQUE0356
The Arumic Moonstaff,0,1,81,1,,100,,,,,,LQUE0357
The Arumic Moonstaff,0,1,81,1,,100,,,,,,LQUE0358
The Arumic Moonstaff,0,1,81,1,,100,,,,,,LQUE0359
The Arumic Moonstaff,0,1,81,1,,100,,,,,,LQUE0360
The Arumic Moonstaff,0,1,81,1,,106,,,,,,LQUE0361
The Arumic Moonstaff,0,1,81,1,,106,,,,,,LQUE0362
The Enigmatic Ikaness,0,1,81,1,,106,,,,,,LQUE0363
The Enigmatic Ikaness,0,1,81,1,,106,,,,,,LQUE0364
The Enigmatic Ikaness,0,1,81,1,,106,,,,,,LQUE0365
In Search of Answers,0,1,81,1,,106,,,,,,LQUE0366
In Search of Answers,0,1,81,1,,106,,,,,,LQUE0367
In Search of Answers,0,1,81,1,,108,,,,,,LQUE0368
Est the Wounded Shamanist,0,1,81,1,,108,,,,,,LQUE0369
Est the Wounded Shamanist,0,1,81,1,,108,,,,,,LQUE0370
Est the Wounded Shamanist,0,1,81,1,,108,,,,,,LQUE0371
Est the Wounded Shamanist,0,1,81,1,,108,,,,,,LQUE0372
Est the Wounded Shamanist,0,1,81,1,,108,,,,,,LQUE0373
Est the Wounded Shamanist,0,1,81,1,,108,,,,,,LQUE0374
Est the Wounded Shamanist,0,1,81,1,,108,,,,,,LQUE0375
Est the Wounded Shamanist,0,1,81,1,,108,,,,,,LQUE0376
Berzerk Monsters,0,1,81,1,,110,,,,,,LQUE0377
Berzerk Monsters,0,1,81,1,,112,,,,,,LQUE0378
Viral Host,0,1,81,1,,112,,,,,,LQUE0379
Viral Host,0,1,81,1,,112,,,,,,LQUE0380
Viral Host,0,1,81,1,,113,,,,,,LQUE0381
Viral Host,0,1,81,1,,120,,,,,,LQUE0382
Viral Host,0,1,81,1,,120,,,,,,LQUE0383
Wiping out the Mammoths,0,1,81,1,,120,,,,,,LQUE0384
Wiping out the Poisoned Mammoths,0,1,81,1,,120,,,,,,LQUE0385
Spiritual Flame of Eucar,0,1,81,1,,120,,,,,,LQUE0386
Spiritual Flame of Eucar,0,1,81,1,,120,,,,,,LQUE0387
Spiritual Flame of Eucar,0,1,81,1,,120,,,,,,LQUE0388
Ancient God of Fire,0,1,81,1,,120,,,,,,LQUE0389
Ancient God of Fire,0,1,81,1,,122,,,,,,LQUE0390
Ancient God of Fire,0,1,81,1,,122,,,,,,LQUE0391
Ancient God of Fire,0,1,81,1,,122,,,,,,LQUE0392
Red Crystal,0,1,81,1,,122,,,,,,LQUE0393
Red Crystal,0,1,81,1,,122,,,,,,LQUE0394
Red Crystal,0,1,81,1,,122,,,,,,LQUE0395
Red Crystal,0,1,81,1,,122,,,,,,LQUE0396
Budeater the Crystal Keeper,0,1,81,1,,124,,,,,,LQUE0397
Budeater the Crystal Keeper,0,1,81,1,,124,,,,,,LQUE0398
Budeater the Crystal Keeper,0,1,81,1,,124,,,,,,LQUE0399
Survival (Level 100-125),245,10,78,,,,,,,,,LQUE400
Survival (Level 126-150),245,10,78,,,,,,,,,LQUE401
Survival (Level 151-175),245,10,78,,,,,,,,,LQUE402
Survival (Level 176-200),245,10,78,,,,,,,,,LQUE403
Survival (Level 201-218),245,10,78,,,,,,,,,LQUE404
,,,,,,,,,,,,
Crystal Defenders (Level 150-199) (Red),540,10,78,,,,,,,,,LQUE406
Crystal Defenders (Level 150-199) (Blue),540,10,78,,,,,,,,,LQUE407
Crystal Defenders (Level 200-228) (Red),540,10,78,,,,,,,,,LQUE408
Crystal Defenders (Level 200-228) (Blue),540,10,78,,,,,,,,,LQUE409
,,,,,,,,,,,,
Check in With Anzhelika,0,1,81,1,,124,,,,,,LQUE0411
Food for Luna Tower,0,1,81,1,,124,,,,,,LQUE0412
The Girl of Luna Tower,0,1,81,1,,124,,,,,,LQUE0413
The Girl of Luna Tower,0,1,81,1,,124,,,,,,LQUE0414
The Girl of Luna Tower,0,1,81,1,,124,,,,,,LQUE0415
The Girl of Luna Tower,0,1,81,1,,124,,,,,,LQUE0416
Secrets of the Flame,0,1,81,1,,124,,,,,,LQUE0417
Secrets of the Flame,0,1,81,1,,124,,,,,,LQUE0418
Secrets of the Flame,0,1,81,1,,124,,,,,,LQUE0419
Secrets of the Flame,0,1,81,1,,124,,,,,,LQUE0420
Scholar of the Mana Lens,0,1,81,1,,127,,,,,,LQUE0421
Purifying the Mana Lens,0,1,81,1,,127,,,,,,LQUE0422
Kiroro's Lost Memories,0,1,81,1,,127,,,,,,LQUE0423
Kiroro's Lost Memories,0,1,81,1,,127,,,,,,LQUE0424
Kiroro's Lost Memories,0,1,81,1,,127,,,,,,LQUE0425
Kiroro's Lost Memories,0,1,81,1,,127,,,,,,LQUE0426
Kiroro's Lost Memories,0,1,81,1,,127,,,,,,LQUE0427
Kiroro's Lost Memories,0,1,81,1,,127,,,,,,LQUE0428
A Letter for You,0,1,81,1,,130,,,,,,LQUE0429
A Letter From Fredrick,0,1,81,1,,130,,,,,,LQUE0430
The Ikaness Scheme,0,1,81,1,,130,,,,,,LQUE0431
The Ikaness Scheme,0,1,81,1,,130,,,,,,LQUE0432
The Ikaness Scheme,0,1,81,1,,130,,,,,,LQUE0433
A Titanic Solution,0,1,81,1,,130,,,,,,LQUE0434
A Titanic Solution,0,1,81,1,,130,,,,,,LQUE0435
A Titanic Solution,0,1,81,1,,130,,,,,,LQUE0436
A Titanic Solution,0,1,81,1,,130,,,,,,LQUE0437
A Titanic Solution,0,1,81,1,,130,,,,,,LQUE0438
A Titanic Solution,0,1,81,1,,130,,,,,,LQUE0439
Revelations,0,1,81,1,,130,,,,,,LQUE0440
Revelations,0,1,81,1,,130,,,,,,LQUE0441
Welcome to the Jungle,0,1,81,1,,135,,,,,,LQUE0442
Welcome to the Jungle,0,1,81,1,,135,,,,,,LQUE0443
Welcome to the Jungle,0,1,81,1,,137,,,,,,LQUE0444
Rumble in the Jungle,0,1,81,1,,137,,,,,,LQUE0445
Rumble in the Jungle,0,1,81,1,,137,,,,,,LQUE0446
To Catch a Thief,0,1,81,1,,140,,,,,,LQUE0447
To Catch a Thief,0,1,81,1,,140,,,,,,LQUE0448
,,,,,,,,,,,,
Learning To Ride,0,13,86,,,50,,,,,,LQUE450
Staying Safe,0,13,86,1,,50,,,,,,LQUE451
Learning To Ride,0,13,86,1,,50,,,,,,LQUE452
,,,,,,,,,,,,
To Catch a Thief,0,1,81,1,,140,,,,,,LQUE0454
To Catch a Thief,0,1,81,1,,140,,,,,,LQUE0455
To Catch a Thief,0,1,81,1,,140,,,,,,LQUE0456
Caught Red-Handed,0,1,81,1,,140,,,,,,LQUE0457
Caught Red-Handed,0,1,81,1,,140,,,,,,LQUE0458
,,,,,,,,,,,,
,,,,,,,,,,,,
,,,,,,,,,,,,
,,,,,,,,,,,,
,,,,,,,,,,,,
,,,,,,,,,,,,
,,,,,,,,,,,,
,,,,,,,,,,,,
,,,,,,,,,,,,
,,,,,,,,,,,,
,,,,,,,,,,,,
,,,,,,,,,,,,
,,,,,,,,,,,,
,,,,,,,,,,,,
,,,,,,,,,,,,
,,,,,,,,,,,,
,,,,,,,,,,,,
,,,,,,,,,,,,
,,,,,,,,,,,,
,,,,,,,,,,,,
,,,,,,,,,,,,
,,,,,,,,,,,,
,,,,,,,,,,,,
,,,,,,,,,,,,
,,,,,,,,,,,,
,,,,,,,,,,,,
,,,,,,,,,,,,
,,,,,,,,,,,,
,,,,,,,,,,,,
,,,,,,,,,,,,
,,,,,,,,,,,,
,,,,,,,,,,,,
,,,,,,,,,,,,
,,,,,,,,,,,,
,,,,,,,,,,,,
,,,,,,,,,,,,
,,,,,,,,,,,,
???????? ?????,0,11,80,,,,,,,,,LQUE0496
,,,,,,,,,,,,
,,,,,,,,,,,,
,,,,,,,,,,,,
Dark Rituals,0,11,86,,,,,,,,,LQUE0500
The Recipe,0,11,86,,,,,,,,,LQUE0501
The Prototype (Part 1),0,2,86,,,,,,,,,LQUE0502
The Prototype (Part 2),0,2,86,,,,,,,,,LQUE0503
The Prototype (Part 3),0,2,86,,,,,,,,,LQUE0504
The Prototype (Part 4),0,2,86,,,,,,,,,LQUE0505
,,,,,,,,,,,,
,,,,,,,,,,,,
,,,,,,,,,,,,
,,,,,,,,,,,,
Royal Jelly Beans,0,23,80,,,2,,,,,,LQUE0510
Choropy Skins,0,23,80,,,3,,,,,,LQUE0511
Flowery Flanaes,0,23,80,,,4,,,,,,LQUE0512
Tasty Pumpkins,0,23,80,,,9,,,,,,LQUE0513
Ronks Delivery,0,23,80,,,,,,,,,LQUE0514
Helping Ronk,0,23,80,,,,,,,,,LQUE0515
,,,,,,,,,,,,
Woopie Cloth,0,23,80,,,13,,,,,,LQUE0517
Lovely Nectar,0,23,80,,,8,,,,,,LQUE0518
Aqua Skins,0,23,80,,,26,,,,,,LQUE0519
Rackie Bats,0,23,80,,,19,,,,,,LQUE0520
Mina's Jewelry Delivery,0,5,80,,,17,,,,,,LQUE0521
Mina's Jewelry Delivery,0,5,80,,,17,,,,,,LQUE0522
A Livestock Farmer,0,23,80,,,,,,,,,LQUE0523
A Livestock Farmer,0,23,80,,,,,,,,,LQUE0524
,,,,,,,,,,,,
,,,,,,,,,,,,
,,,,,,,,,,,,
,,,,,,,,,,,,
,,,,,,,,,,,,
Akram Tower (Easy),540,10,78,,,,,,,,,LQUE0530
Akram Tower (Normal),540,10,78,,,,,,,,,LQUE0531
Akram Tower (Hard),540,10,78,,,,,,,,,LQUE0532
Akram Tower (Extreme),540,10,78,,,,,,,,,LQUE0533
,,,,,,,,,,,,
,,,,,,,,,,,,
,,,,,,,,,,,,
,,,,,,,,,,,,
,,,,,,,,,,,,
,,,,,,,,,,,,
,,,,,,,,,,,,
,,,,,,,,,,,,
,,,,,,,,,,,,
,,,,,,,,,,,,
,,,,,,,,,,,,
,,,,,,,,,,,,
,,,,,,,,,,,,
,,,,,,,,,,,,
,,,,,,,,,,,,
,,,,,,,,,,,,
Easter Egg Hunt [1/9],0,17,85,,,,,,,,,LQUE0550
Easter Egg Hunt [2/9],0,17,85,,,,,,,,,LQUE0551
Easter Egg Hunt [3/9],0,17,85,,,,,,,,,LQUE0552
Easter Egg Hunt [4/9],0,17,85,,,,,,,,,LQUE0553
Easter Egg Hunt [5/9],0,17,85,,,,,,,,,LQUE0554
Easter Egg Hunt [6/9],0,17,85,,,,,,,,,LQUE0555
Easter Egg Hunt [7/9],0,17,85,,,,,,,,,LQUE0556
Easter Egg Hunt [8/9],0,17,85,,,,,,,,,LQUE0557
Easter Egg Hunt [9/9],0,17,85,,,,,,,,,LQUE0558
Capture the Escaped Bunnies,0,17,144,,,,,,,38,2,LQUE0559
Capture the Escaped Bunnies,0,17,144,,,,,,,39,2,LQUE0560
,,,,,,,,,,,,
,,,,,,,,,,,,
,,,,,,,,,,,,
,,,,,,,,,,,,
,,,,,,,,,,,,
,,,,,,,,,,,,
,,,,,,,,,,,,
,,,,,,,,,,,,
,,,,,,,,,,,,
,,,,,,,,,,,,
,,,,,,,,,,,,
,,,,,,,,,,,,
,,,,,,,,,,,,
,,,,,,,,,,,,
,,,,,,,,,,,,
,,,,,,,,,,,,
,,,,,,,,,,,,
,,,,,,,,,,,,
,,,,,,,,,,,,
,,,,,,,,,,,,
,,,,,,,,,,,,
,,,,,,,,,,,,
,,,,,,,,,,,,
,,,,,,,,,,,,
,,,,,,,,,,,,
,,,,,,,,,,,,
,,,,,,,,,,,,
,,,,,,,,,,,,
,,,,,,,,,,,,
,,,,,,,,,,,,
,,,,,,,,,,,,
,,,,,,,,,,,,
,,,,,,,,,,,,
,,,,,,,,,,,,
,,,,,,,,,,,,
,,,,,,,,,,,,
,,,,,,,,,,,,
,,,,,,,,,,,,
,,,,,,,,,,,,
Dolphin Island Race Track,0,10,86,,,,,,,72,,LQUE0600
Dolphin Island Race Track FLY,0,10,86,,,,,,,80,,LQUE0601
,,,,,,,,,,,,
,,,,,,,,,,,,
,,,,,,,,,,,,
,,,,,,,,,,,,
,,,,,,,,,,,,
,,,,,,,,,,,,
,,,,,,,,,,,,
,,,,,,,,,,,,
,,,,,,,,,,,,
,,,,,,,,,,,,
,,,,,,,,,,,,
,,,,,,,,,,,,
,,,,,,,,,,,,
,,,,,,,,,,,,
,,,,,,,,,,,,
,,,,,,,,,,,,
,,,,,,,,,,,,
,,,,,,,,,,,,
Exile Trail Track,0,10,86,,,,,,,73,,LQUE0620
Pedion Flight Track,900,8,85,,85,,,,,81,,LQUE0621
Graceful Town Race,900,8,85,,84,,,,,83,,LQUE0622
,,,,,,,,,,,,
,,,,,,,,,,,,
,,,,,,,,,,,,
,,,,,,,,,,,,
,,,,,,,,,,,,
,,,,,,,,,,,,
,,,,,,,,,,,,
Cold Island Race Track [0/15],0,10,86,,,,,,,71,,LQUE0630
Not Used. Only 630.,0,0,86,,,,,,,,,LQUE0631
Cold Island Race Track [2/15],0,0,86,,,,,,,,,LQUE0632
Cold Island Race Track [3/15],0,0,86,,,,,,,,,LQUE0633
Cold Island Race Track [4/15],0,0,86,,,,,,,,,LQUE0634
Cold Island Race Track [5/15],0,0,86,,,,,,,,,LQUE0635
Cold Island Race Track [6/15],0,0,86,,,,,,,,,LQUE0636
Cold Island Race Track [7/15],0,0,86,,,,,,,,,LQUE0637
Cold Island Race Track [8/15],0,0,86,,,,,,,,,LQUE0638
Cold Island Race Track [9/15],0,0,86,,,,,,,,,LQUE0639
Cold Island Race Track [10/15],0,0,86,,,,,,,,,LQUE0640
Cold Island Race Track [11/15],0,0,86,,,,,,,,,LQUE0641
Cold Island Race Track [12/15],0,0,86,,,,,,,,,LQUE0642
Cold Island Race Track [13/15],0,0,86,,,,,,,,,LQUE0643
Cold Island Race Track [14/15],0,0,86,,,,,,,,,LQUE0644
Cold Island Race Track [15/15],0,0,86,,,,,,,,,LQUE0645
,,,,,,,,,,,,
,,,,,,,,,,,,
,,,,,,,,,,,,
,,,,,,,,,,,,
Memphis Dungeon,360,7,81,1,,,,,,,,LQUE0650
Memphis Dungeon,0,7,81,,,,,,,,,LQUE0651
Memphis Dungeon,0,7,81,,,,,,,,,LQUE0652
Memphis Dungeon,0,7,81,,,,,,,,,LQUE0653
Memphis Dungeon,0,7,81,,,,,,,,,LQUE0654
Memphis Dungeon,0,7,81,,,,,,,,,LQUE0655
Memphis Dungeon,0,7,81,,,,,,,,,LQUE0656
Memphis Dungeon,0,7,81,,,,,,,,,LQUE0657
Memphis Dungeon,0,7,81,,,,,,,,,LQUE0658
Memphis Dungeon,0,7,81,,,,,,,,,LQUE0659
Memphis Dungeon,0,7,81,,,,,,,,,LQUE0660
Tainted Key,0,7,81,,,,,,,,,LQUE0661
Tainted Key,0,7,81,,,,,,,,,LQUE0662
,,,,,,,,,,,,
,,,,,,,,,,,,
Mammoth Verm,720,28,81,,,,,,,,,LQUE0665
Pharaoh Verm,720,28,81,,,,,,,,,LQUE0666
Scorpion Verm,720,28,81,,,,,,,,,LQUE0667
Ptah Verm,720,28,81,,,,,,,,,LQUE0668
,,,,,,,,,,,,
,,,,,,,,,,,,
,,,,,,,,,,,,
,,,,,,,,,,,,
,,,,,,,,,,,,
,,,,,,,,,,,,
,,,,,,,,,,,,
,,,,,,,,,,,,
,,,,,,,,,,,,
,,,,,,,,,,,,
,,,,,,,,,,,,
,,,,,,,,,,,,
,,,,,,,,,,,,
,,,,,,,,,,,,
,,,,,,,,,,,,
,,,,,,,,,,,,
,,,,,,,,,,,,
,,,,,,,,,,,,
,,,,,,,,,,,,
,,,,,,,,,,,,
,,,,,,,,,,,,
,,,,,,,,,,,,
,,,,,,,,,,,,
,,,,,,,,,,,,
,,,,,,,,,,,,
,,,,,,,,,,,,
,,,,,,,,,,,,
,,,,,,,,,,,,
,,,,,,,,,,,,
,,,,,,,,,,,,
Speak to Arua Fairy,0,15,81,,,,,,,40,,LQUE0699
Stat Points,0,15,81,,,,,,,40,,LQUE0700
Skill Points,0,15,81,,,,,,,40,,LQUE0701
Not Used,0,15,81,,,,,,,40,,LQUE0702
Not Used,0,15,81,,41,,,,,40,,LQUE0703
Not Used,0,15,81,,,,,,,40,,LQUE0704
Not Used,0,15,81,,,,,,,,,LQUE0705
Not Used,0,15,81,,,,,,,,,LQUE0706
Not Used,0,15,81,,,,,,,,,LQUE0707
Not Used,0,15,81,,,,,,,40,,LQUE0708
Speak to Seyon,0,15,81,,,,,,,40,,LQUE0709
Not Used,0,15,81,,,,,,,40,,LQUE0710
,,,,,,,,,,,,
,,,,,,,,,,,,
,,,,,,,,,,,,
,,,,,,,,,,,,
,,,,,,,,,,,,
,,,,,,,,,,,,
,,,,,,,,,,,,
,,,,,,,,,,,,
,,,,,,,,,,,,
,,,,,,,,,,,,
,,,,,,,,,,,,
,,,,,,,,,,,,
,,,,,,,,,,,,
,,,,,,,,,,,,
,,,,,,,,,,,,
,,,,,,,,,,,,
,,,,,,,,,,,,
,,,,,,,,,,,,
,,,,,,,,,,,,
,,,,,,,,,,,,
,,,,,,,,,,,,
,,,,,,,,,,,,
,,,,,,,,,,,,
,,,,,,,,,,,,
,,,,,,,,,,,,
,,,,,,,,,,,,
,,,,,,,,,,,,
,,,,,,,,,,,,
,,,,,,,,,,,,
,,,,,,,,,,,,
,,,,,,,,,,,,
,,,,,,,,,,,,
,,,,,,,,,,,,
,,,,,,,,,,,,
,,,,,,,,,,,,
,,,,,,,,,,,,
,,,,,,,,,,,,
,,,,,,,,,,,,
,,,,,,,,,,,,
Lost Child,0,2,86,,,11,,,,,,LQUE0750
Lost Child,0,2,86,,,11,,,,,,LQUE0751
Lost Child,0,2,86,,,11,,,,,,LQUE0752
Lost Child,0,2,86,,,11,,,,,,LQUE0753
Lost Child,0,2,86,,,11,,,,,,LQUE0754
Lost Child,0,2,86,,,11,,,,,,LQUE0755
Lost Child,0,2,86,,,11,,,,,,LQUE0756
Lost Child,0,2,86,,,11,,,,,,LQUE0757
,,,,,,,,,,,,
,,,,,,,,,,,,
,,,,,,,,,,,,
,,,,,,,,,,,,
,,,,,,,,,,,,
,,,,,,,,,,,,
,,,,,,,,,,,,
,,,,,,,,,,,,
,,,,,,,,,,,,
,,,,,,,,,,,,
,,,,,,,,,,,,
,,,,,,,,,,,,
,,,,,,,,,,,,
,,,,,,,,,,,,
,,,,,,,,,,,,
,,,,,,,,,,,,
,,,,,,,,,,,,
,,,,,,,,,,,,
,,,,,,,,,,,,
,,,,,,,,,,,,
,,,,,,,,,,,,
,,,,,,,,,,,,
,,,,,,,,,,,,
,,,,,,,,,,,,
,,,,,,,,,,,,
,,,,,,,,,,,,
,,,,,,,,,,,,
,,,,,,,,,,,,
,,,,,,,,,,,,
,,,,,,,,,,,,
,,,,,,,,,,,,
,,,,,,,,,,,,
,,,,,,,,,,,,
,,,,,,,,,,,,
,,,,,,,,,,,,
,,,,,,,,,,,,
,,,,,,,,,,,,
,,,,,,,,,,,,
,,,,,,,,,,,,
,,,,,,,,,,,,
,,,,,,,,,,,,
,,,,,,,,,,,,
,,,,,,,,,,,,
Junon Planet Identification,0,3,81,1,,10,,,,,,LQUE0801
Secretly Learning to Drive,0,12,81,,,50,,,,,,LQUE0802
Secretly Learning to Drive,0,12,81,,,50,,,,,,LQUE0803
Secretly Learning to Drive,0,12,81,,,50,,,,,,LQUE0804
Secretly Learning to Drive,0,12,81,,,52,,,,,,LQUE0805
,,,,,,,,,,,,
,,,,,,,,,,,,
,,,,,,,,,,,,
,,,,,,,,,,,,
,,,,,,,,,,,,
,,,,,,,,,,,,
,,,,,,,,,,,,
,,,,,,,,,,,,
,,,,,,,,,,,,
,,,,,,,,,,,,
,,,,,,,,,,,,
,,,,,,,,,,,,
,,,,,,,,,,,,
,,,,,,,,,,,,
,,,,,,,,,,,,
,,,,,,,,,,,,
,,,,,,,,,,,,
,,,,,,,,,,,,
,,,,,,,,,,,,
,,,,,,,,,,,,
,,,,,,,,,,,,
,,,,,,,,,,,,
,,,,,,,,,,,,
,,,,,,,,,,,,
,,,,,,,,,,,,
,,,,,,,,,,,,
,,,,,,,,,,,,
,,,,,,,,,,,,
,,,,,,,,,,,,
,,,,,,,,,,,,
,,,,,,,,,,,,
,,,,,,,,,,,,
,,,,,,,,,,,,
,,,,,,,,,,,,
,,,,,,,,,,,,
,,,,,,,,,,,,
,,,,,,,,,,,,
,,,,,,,,,,,,
,,,,,,,,,,,,
,,,,,,,,,,,,
,,,,,,,,,,,,
,,,,,,,,,,,,
,,,,,,,,,,,,
,,,,,,,,,,,,
Job Change Quest,0,3,81,1,,10,,,,,,LQUE0850
Soldier Job Change Quest,0,3,99,,,10,,,,52,,LQUE0851
Soldier Job Change Quest,0,3,99,,,10,,,,53,,LQUE0852
Soldier Job Change Quest,0,3,99,,,10,,,,54,,LQUE0853
Soldier Job Change Quest,0,3,99,,,10,,,,55,,LQUE0854
Living as a True Soldier,0,24,99,,,18,,,,,,LQUE0855
Living as a True Soldier,0,24,99,,,20,,,,,,LQUE0856
Living as a True Soldier,0,24,99,,,23,,,,,,LQUE0857
Hovert's Mementos,0,24,99,,,30,,,,,,LQUE0858
Hovert's Mementos,0,24,99,,,32,,,,,,LQUE0859
Hovert's Mementos,0,24,99,,,32,,,,,,LQUE0860
,,,,,,,,,,,,
,,,,,,,,,,,,
,,,,,,,,,,,,
,,,,,,,,,,,,
The World Cup,0,21,85,,,,,,,,,LQUE0865
,,,,,,,,,,,,
,,,,,,,,,,,,
,,,,,,,,,,,,
,,,,,,,,,,,,
,,,,,,,,,,,,
,,,,,,,,,,,,
,,,,,,,,,,,,
,,,,,,,,,,,,
,,,,,,,,,,,,
,,,,,,,,,,,,
,,,,,,,,,,,,
,,,,,,,,,,,,
,,,,,,,,,,,,
,,,,,,,,,,,,
,,,,,,,,,,,,
,,,,,,,,,,,,
,,,,,,,,,,,,
,,,,,,,,,,,,
,,,,,,,,,,,,
,,,,,,,,,,,,
,,,,,,,,,,,,
,,,,,,,,,,,,
,,,,,,,,,,,,
,,,,,,,,,,,,
,,,,,,,,,,,,
,,,,,,,,,,,,
,,,,,,,,,,,,
,,,,,,,,,,,,
,,,,,,,,,,,,
,,,,,,,,,,,,
,,,,,,,,,,,,
,,,,,,,,,,,,
,,,,,,,,,,,,
,,,,,,,,,,,,
,,,,,,,,,,,,
Muse Job Change Quest,0,3,100,,,10,,,,56,,LQUE0901
Muse Job Change Quest,0,3,100,,,10,,,,57,,LQUE0902
Muse Job Change Quest,0,3,100,,,10,,,,58,,LQUE0903
Muse Job Change Quest,0,3,100,,,10,,,,59,,LQUE0904
Solitary Orias,0,25,100,,,20,,,,,,LQUE0905
Solitary Orias,0,25,100,,,20,,,,,,LQUE0906
Solitary Orias,0,25,100,,,20,,,,,,LQUE0907
An Appropriate Compromise,0,25,100,,,30,,,,,,LQUE0908
An Appropriate Compromise,0,25,100,,,30,,,,,,LQUE0909
An Appropriate Compromise,0,25,100,,,30,,,,,,LQUE0910
An Appropriate Compromise,0,25,100,,,30,,,,,,LQUE0911
An Appropriate Compromise,0,25,100,,,30,,,,,,LQUE0912
,,,,,,,,,,,,
,,,,,,,,,,,,
,,,,,,,,,,,,
,,,,,,,,,,,,
,,,,,,,,,,,,
,,,,,,,,,,,,
,,,,,,,,,,,,
,,,,,,,,,,,,
,,,,,,,,,,,,
,,,,,,,,,,,,
,,,,,,,,,,,,
,,,,,,,,,,,,
,,,,,,,,,,,,
,,,,,,,,,,,,
,,,,,,,,,,,,
,,,,,,,,,,,,
,,,,,,,,,,,,
,,,,,,,,,,,,
,,,,,,,,,,,,
,,,,,,,,,,,,
,,,,,,,,,,,,
,,,,,,,,,,,,
,,,,,,,,,,,,
,,,,,,,,,,,,
,,,,,,,,,,,,
,,,,,,,,,,,,
,,,,,,,,,,,,
,,,,,,,,,,,,
,,,,,,,,,,,,
,,,,,,,,,,,,
,,,,,,,,,,,,
,,,,,,,,,,,,
,,,,,,,,,,,,
,,,,,,,,,,,,
,,,,,,,,,,,,
,,,,,,,,,,,,
,,,,,,,,,,,,
,,,,,,,,,,,,
Hawker Job Change Quest,0,3,101,,,10,,,,60,,LQUE0951
Hawker Job Change Quest,0,3,101,,,10,,,,61,,LQUE0952
Hawker Job Change Quest,0,3,101,,,10,,,,62,,LQUE0953
Why Did Toddy Steal the Jewels?,0,26,101,,,20,,,,,,LQUE0954
Why Did Toddy Steal the Jewels?,0,26,101,,,20,,,,,,LQUE0955
Why Did Toddy Steal the Jewels?,0,26,101,,,20,,,,,,LQUE0956
The Essence of Speed,60,26,101,,,30,,,,,,LQUE0957
The Essence of Speed,90,26,101,,,30,,,,,,LQUE0958
The Essence of Speed,180,26,101,1,,30,,,,,,LQUE0959
,,,,,,,,,,,,
,,,,,,,,,,,,
,,,,,,,,,,,,
,,,,,,,,,,,,
,,,,,,,,,,,,
,,,,,,,,,,,,
,,,,,,,,,,,,
,,,,,,,,,,,,
,,,,,,,,,,,,
,,,,,,,,,,,,
Jello,0,11,86,,,,,,,,,LQUE0970
,,,,,,,,,,,,
,,,,,,,,,,,,
,,,,,,,,,,,,
,,,,,,,,,,,,
,,,,,,,,,,,,
,,,,,,,,,,,,
,,,,,,,,,,,,
,,,,,,,,,,,,
,,,,,,,,,,,,
,,,,,,,,,,,,
,,,,,,,,,,,,
,,,,,,,,,,,,
,,,,,,,,,,,,
,,,,,,,,,,,,
,,,,,,,,,,,,
,,,,,,,,,,,,
,,,,,,,,,,,,
,,,,,,,,,,,,
,,,,,,,,,,,,
,,,,,,,,,,,,
,,,,,,,,,,,,
,,,,,,,,,,,,
,,,,,,,,,,,,
,,,,,,,,,,,,
,,,,,,,,,,,,
,,,,,,,,,,,,
,,,,,,,,,,,,
,,,,,,,,,,,,
,,,,,,,,,,,,
,,,,,,,,,,,,
Dealer Job Change Quest,0,3,102,,,10,,,,63,,LQUE1001
Dealer Job Change Quest,0,3,102,,,10,,,,64,,LQUE1002
Dealer Job Change Quest,0,3,102,,,10,,,,65,,LQUE1003
Dealer Job Change Quest,0,3,102,,,10,,,,66,,LQUE1004
An Eye for the Marketplace,0,27,102,,,20,,,,,,LQUE1005
An Eye for the Marketplace,0,27,102,,,20,,,,,,LQUE1006
An Eye for the Marketplace,0,27,102,,,20,,,,,,LQUE1007
The Humble Smith,0,27,102,,,30,,,,,,LQUE1008
,,,,,,,,,,,,
,,,,,,,,,,,,
,,,,,,,,,,,,
,,,,,,,,,,,,
,,,,,,,,,,,,
,,,,,,,,,,,,
,,,,,,,,,,,,
,,,,,,,,,,,,
,,,,,,,,,,,,
,,,,,,,,,,,,
,,,,,,,,,,,,
,,,,,,,,,,,,
,,,,,,,,,,,,
,,,,,,,,,,,,
,,,,,,,,,,,,
,,,,,,,,,,,,
,,,,,,,,,,,,
,,,,,,,,,,,,
,,,,,,,,,,,,
,,,,,,,,,,,,
,,,,,,,,,,,,
,,,,,,,,,,,,
,,,,,,,,,,,,
,,,,,,,,,,,,
,,,,,,,,,,,,
,,,,,,,,,,,,
,,,,,,,,,,,,
,,,,,,,,,,,,
,,,,,,,,,,,,
,,,,,,,,,,,,
,,,,,,,,,,,,
,,,,,,,,,,,,
,,,,,,,,,,,,
,,,,,,,,,,,,
Applesalad,0,11,86,,,,,,,,,LQUE1043
,,,,,,,,,,,,
,,,,,,,,,,,,
,,,,,,,,,,,,
,,,,,,,,,,,,
,,,,,,,,,,,,
Second Job Change Quest,0,3,78,1,,70,,,,,,LQUE1049
Second Job Change Quest,0,3,78,1,,70,,,,,,LQUE1050
Road to Second Job Change,0,3,78,1,,70,,,,,,LQUE1051
Road to Second Job Change,0,3,78,1,,70,,,,,,LQUE1052
Road to Second Job Change,0,3,78,1,,70,,,,,,LQUE1053
Road to Second Job Change,0,3,78,1,,70,,,,,,LQUE1054
Lucid: King of Legend (Second Job Change),0,3,99,1,,70,,,,,,LQUE1055
Lucid: King of Legend (Second Job Change),0,3,99,1,,70,,,,,,LQUE1056
Lucid: King of Legend (Second Job Change),0,3,99,1,,70,,,,,,LQUE1057
Lucid: King of Legend (Second Job Change),0,3,99,1,,70,,,,,,LQUE1058
Lucid: King of Legend (Second Job Change),0,3,99,1,,70,,,,,,LQUE1059
Lucid: King of Legend (Second Job Change),0,3,99,1,,70,,,,,,LQUE1060
Lucid: King of Legend (Second Job Change),0,3,99,1,,70,,,,,,LQUE1061
Namielle: Mother of All (Second Job Change),0,3,100,1,,70,,,,,,LQUE1062
Namielle: Mother of All (Second Job Change),0,3,100,1,,70,,,,,,LQUE1063
Namielle: Mother of All (Second Job Change),0,3,100,1,,70,,,,,,LQUE1064
Namielle: Mother of All (Second Job Change),0,3,100,1,,70,,,,,,LQUE1065
Namielle: Mother of All (Second Job Change),0,3,100,1,,70,,,,,,LQUE1066
Namielle: Mother of All (Second Job Change),0,3,100,1,,70,,,,,,LQUE1067
Kirnale's Journals (Second Job Change),0,3,101,1,,70,,,,,,LQUE1068
Kirnale's Journals (Second Job Change),0,3,101,1,,70,,,,,,LQUE1069
Kirnale's Journals (Second Job Change),0,3,101,1,,70,,,,,,LQUE1070
Kirnale's Journals (Second Job Change),0,3,101,1,,70,,,,,,LQUE1071
Kirnale's Journals (Second Job Change),0,3,101,1,,70,,,,,,LQUE1072
Kirnale's Journals (Second Job Change),0,3,101,1,,70,,,,,,LQUE1073
"Lillith, Woman of the Cosmos (Second Job Change)",0,3,102,1,,70,,,,,,LQUE1074
"Lillith, Woman of the Cosmos (Second Job Change)",0,3,102,1,,70,,,,,,LQUE1075
"Lillith, Woman of the Cosmos (Second Job Change)",0,3,102,1,,70,,,,,,LQUE1076
"Lillith, Woman of the Cosmos (Second Job Change)",0,3,102,1,,70,,,,,,LQUE1077
"Lillith, Woman of the Cosmos (Second Job Change)",0,3,102,1,,70,,,,,,LQUE1078
"Lillith, Woman of the Cosmos (Second Job Change)",0,3,102,1,,70,,,,,,LQUE1079
,,,,,,,,,,,,
Companion Cube,0,11,86,,,,,,,,,LQUE1081
,,,,,,,,,,,,
,,,,,,,,,,,,
,,,,,,,,,,,,
,,,,,,,,,,,,
,,,,,,,,,,,,
,,,,,,,,,,,,
,,,,,,,,,,,,
,,,,,,,,,,,,
,,,,,,,,,,,,
,,,,,,,,,,,,
,,,,,,,,,,,,
,,,,,,,,,,,,
,,,,,,,,,,,,
,,,,,,,,,,,,
,,,,,,,,,,,,
,,,,,,,,,,,,
,,,,,,,,,,,,
,,,,,,,,,,,,
,,,,,,,,,,,,
,,,,,,,,,,,,
,,,,,,,,,,,,
,,,,,,,,,,,,
,,,,,,,,,,,,
,,,,,,,,,,,,
,,,,,,,,,,,,
,,,,,,,,,,,,
,,,,,,,,,,,,
,,,,,,,,,,,,
,,,,,,,,,,,,
,,,,,,,,,,,,
,,,,,,,,,,,,
,,,,,,,,,,,,
,,,,,,,,,,,,
,,,,,,,,,,,,
,,,,,,,,,,,,
,,,,,,,,,,,,
,,,,,,,,,,,,
,,,,,,,,,,,,
,,,,,,,,,,,,
,,,,,,,,,,,,
,,,,,,,,,,,,
,,,,,,,,,,,,
,,,,,,,,,,,,
,,,,,,,,,,,,
,,,,,,,,,,,,
,,,,,,,,,,,,
,,,,,,,,,,,,
,,,,,,,,,,,,
,,,,,,,,,,,,
,,,,,,,,,,,,
,,,,,,,,,,,,
,,,,,,,,,,,,
,,,,,,,,,,,,
,,,,,,,,,,,,
,,,,,,,,,,,,
,,,,,,,,,,,,
,,,,,,,,,,,,
,,,,,,,,,,,,
,,,,,,,,,,,,
,,,,,,,,,,,,
,,,,,,,,,,,,
,,,,,,,,,,,,
,,,,,,,,,,,,
,,,,,,,,,,,,
,,,,,,,,,,,,
,,,,,,,,,,,,
,,,,,,,,,,,,
,,,,,,,,,,,,
,,,,,,,,,,,,
,,,,,,,,,,,,
,,,,,,,,,,,,
,,,,,,,,,,,,
,,,,,,,,,,,,
,,,,,,,,,,,,
,,,,,,,,,,,,
,,,,,,,,,,,,
,,,,,,,,,,,,
,,,,,,,,,,,,
,,,,,,,,,,,,
,,,,,,,,,,,,
,,,,,,,,,,,,
,,,,,,,,,,,,
,,,,,,,,,,,,
,,,,,,,,,,,,
,,,,,,,,,,,,
,,,,,,,,,,,,
,,,,,,,,,,,,
,,,,,,,,,,,,
,,,,,,,,,,,,
,,,,,,,,,,,,
,,,,,,,,,,,,
,,,,,,,,,,,,
,,,,,,,,,,,,
,,,,,,,,,,,,
,,,,,,,,,,,,
,,,,,,,,,,,,
,,,,,,,,,,,,
,,,,,,,,,,,,
,,,,,,,,,,,,
,,,,,,,,,,,,
,,,,,,,,,,,,
,,,,,,,,,,,,
,,,,,,,,,,,,
,,,,,,,,,,,,
,,,,,,,,,,,,
,,,,,,,,,,,,
,,,,,,,,,,,,
,,,,,,,,,,,,
,,,,,,,,,,,,
,,,,,,,,,,,,
,,,,,,,,,,,,
,,,,,,,,,,,,
,,,,,,,,,,,,
,,,,,,,,,,,,
,,,,,,,,,,,,
,,,,,,,,,,,,
,,,,,,,,,,,,
,,,,,,,,,,,,
,,,,,,,,,,,,
,,,,,,,,,,,,
,,,,,,,,,,,,
,,,,,,,,,,,,
,,,,,,,,,,,,
,,,,,,,,,,,,
,,,,,,,,,,,,
,,,,,,,,,,,,
,,,,,,,,,,,,
,,,,,,,,,,,,
,,,,,,,,,,,,
,,,,,,,,,,,,
,,,,,,,,,,,,
,,,,,,,,,,,,
,,,,,,,,,,,,
,,,,,,,,,,,,
,,,,,,,,,,,,
,,,,,,,,,,,,
,,,,,,,,,,,,
,,,,,,,,,,,,
,,,,,,,,,,,,
,,,,,,,,,,,,
,,,,,,,,,,,,
,,,,,,,,,,,,
,,,,,,,,,,,,
,,,,,,,,,,,,
,,,,,,,,,,,,
,,,,,,,,,,,,
,,,,,,,,,,,,
,,,,,,,,,,,,
,,,,,,,,,,,,
,,,,,,,,,,,,
,,,,,,,,,,,,
,,,,,,,,,,,,
,,,,,,,,,,,,
,,,,,,,,,,,,
,,,,,,,,,,,,
,,,,,,,,,,,,
,,,,,,,,,,,,
,,,,,,,,,,,,
,,,,,,,,,,,,
,,,,,,,,,,,,
,,,,,,,,,,,,
,,,,,,,,,,,,
,,,,,,,,,,,,
,,,,,,,,,,,,
,,,,,,,,,,,,
,,,,,,,,,,,,
,,,,,,,,,,,,
,,,,,,,,,,,,
,,,,,,,,,,,,
,,,,,,,,,,,,
,,,,,,,,,,,,
,,,,,,,,,,,,
,,,,,,,,,,,,
,,,,,,,,,,,,
,,,,,,,,,,,,
,,,,,,,,,,,,
,,,,,,,,,,,,
,,,,,,,,,,,,
,,,,,,,,,,,,
,,,,,,,,,,,,
,,,,,,,,,,,,
,,,,,,,,,,,,
,,,,,,,,,,,,
,,,,,,,,,,,,
,,,,,,,,,,,,
,,,,,,,,,,,,
,,,,,,,,,,,,
,,,,,,,,,,,,
,,,,,,,,,,,,
,,,,,,,,,,,,
,,,,,,,,,,,,
,,,,,,,,,,,,
,,,,,,,,,,,,
,,,,,,,,,,,,
,,,,,,,,,,,,
,,,,,,,,,,,,
,,,,,,,,,,,,
,,,,,,,,,,,,
,,,,,,,,,,,,
,,,,,,,,,,,,
,,,,,,,,,,,,
,,,,,,,,,,,,
,,,,,,,,,,,,
,,,,,,,,,,,,
,,,,,,,,,,,,
,,,,,,,,,,,,
,,,,,,,,,,,,
,,,,,,,,,,,,
,,,,,,,,,,,,
,,,,,,,,,,,,
,,,,,,,,,,,,
,,,,,,,,,,,,
,,,,,,,,,,,,
,,,,,,,,,,,,
,,,,,,,,,,,,
,,,,,,,,,,,,
,,,,,,,,,,,,
,,,,,,,,,,,,
,,,,,,,,,,,,
,,,,,,,,,,,,
,,,,,,,,,,,,
,,,,,,,,,,,,
,,,,,,,,,,,,
,,,,,,,,,,,,
,,,,,,,,,,,,
,,,,,,,,,,,,
,,,,,,,,,,,,
,,,,,,,,,,,,
,,,,,,,,,,,,
,,,,,,,,,,,,
,,,,,,,,,,,,
,,,,,,,,,,,,
,,,,,,,,,,,,
,,,,,,,,,,,,
,,,,,,,,,,,,
,,,,,,,,,,,,
,,,,,,,,,,,,
,,,,,,,,,,,,
,,,,,,,,,,,,
,,,,,,,,,,,,
,,,,,,,,,,,,
,,,,,,,,,,,,
,,,,,,,,,,,,
,,,,,,,,,,,,
,,,,,,,,,,,,
,,,,,,,,,,,,
,,,,,,,,,,,,
,,,,,,,,,,,,
,,,,,,,,,,,,
,,,,,,,,,,,,
,,,,,,,,,,,,
,,,,,,,,,,,,
,,,,,,,,,,,,
,,,,,,,,,,,,
,,,,,,,,,,,,
,,,,,,,,,,,,
,,,,,,,,,,,,
,,,,,,,,,,,,
,,,,,,,,,,,,
,,,,,,,,,,,,
,,,,,,,,,,,,
,,,,,,,,,,,,
,,,,,,,,,,,,
,,,,,,,,,,,,
,,,,,,,,,,,,
,,,,,,,,,,,,
,,,,,,,,,,,,
,,,,,,,,,,,,
,,,,,,,,,,,,
,,,,,,,,,,,,
,,,,,,,,,,,,
,,,,,,,,,,,,
,,,,,,,,,,,,
,,,,,,,,,,,,
,,,,,,,,,,,,
,,,,,,,,,,,,
,,,,,,,,,,,,
,,,,,,,,,,,,
,,,,,,,,,,,,
,,,,,,,,,,,,
,,,,,,,,,,,,
,,,,,,,,,,,,
,,,,,,,,,,,,
,,,,,,,,,,,,
,,,,,,,,,,,,
,,,,,,,,,,,,
,,,,,,,,,,,,
,,,,,,,,,,,,
,,,,,,,,,,,,
,,,,,,,,,,,,
,,,,,,,,,,,,
,,,,,,,,,,,,
,,,,,,,,,,,,
,,,,,,,,,,,,
,,,,,,,,,,,,
,,,,,,,,,,,,
,,,,,,,,,,,,
,,,,,,,,,,,,
,,,,,,,,,,,,
,,,,,,,,,,,,
,,,,,,,,,,,,
,,,,,,,,,,,,
,,,,,,,,,,,,
,,,,,,,,,,,,
,,,,,,,,,,,,
,,,,,,,,,,,,
,,,,,,,,,,,,
,,,,,,,,,,,,
,,,,,,,,,,,,
,,,,,,,,,,,,
,,,,,,,,,,,,
,,,,,,,,,,,,
,,,,,,,,,,,,
,,,,,,,,,,,,
,,,,,,,,,,,,
,,,,,,,,,,,,
,,,,,,,,,,,,
,,,,,,,,,,,,
,,,,,,,,,,,,
,,,,,,,,,,,,
,,,,,,,,,,,,
,,,,,,,,,,,,
,,,,,,,,,,,,
,,,,,,,,,,,,
,,,,,,,,,,,,
,,,,,,,,,,,,
,,,,,,,,,,,,
,,,,,,,,,,,,
,,,,,,,,,,,,
,,,,,,,,,,,,
,,,,,,,,,,,,
,,,,,,,,,,,,
,,,,,,,,,,,,
,,,,,,,,,,,,
,,,,,,,,,,,,
,,,,,,,,,,,,
,,,,,,,,,,,,
,,,,,,,,,,,,
,,,,,,,,,,,,
,,,,,,,,,,,,
,,,,,,,,,,,,
,,,,,,,,,,,,
,,,,,,,,,,,,
,,,,,,,,,,,,
,,,,,,,,,,,,
,,,,,,,,,,,,
,,,,,,,,,,,,
,,,,,,,,,,,,
,,,,,,,,,,,,
,,,,,,,,,,,,
,,,,,,,,,,,,
,,,,,,,,,,,,
,,,,,,,,,,,,
,,,,,,,,,,,,
,,,,,,,,,,,,
,,,,,,,,,,,,
,,,,,,,,,,,,
,,,,,,,,,,,,
,,,,,,,,,,,,
,,,,,,,,,,,,
,,,,,,,,,,,,
,,,,,,,,,,,,
,,,,,,,,,,,,
,,,,,,,,,,,,
,,,,,,,,,,,,
,,,,,,,,,,,,
,,,,,,,,,,,,
,,,,,,,,,,,,
,,,,,,,,,,,,
,,,,,,,,,,,,
,,,,,,,,,,,,
,,,,,,,,,,,,
,,,,,,,,,,,,
,,,,,,,,,,,,
,,,,,,,,,,,,
,,,,,,,,,,,,
,,,,,,,,,,,,
,,,,,,,,,,,,
,,,,,,,,,,,,
,,,,,,,,,,,,
,,,,,,,,,,,,
,,,,,,,,,,,,
,,,,,,,,,,,,
,,,,,,,,,,,,
,,,,,,,,,,,,
,,,,,,,,,,,,
,,,,,,,,,,,,
,,,,,,,,,,,,
,,,,,,,,,,,,
,,,,,,,,,,,,
,,,,,,,,,,,,
,,,,,,,,,,,,
,,,,,,,,,,,,
,,,,,,,,,,,,
,,,,,,,,,,,,
,,,,,,,,,,,,
,,,,,,,,,,,,
,,,,,,,,,,,,
,,,,,,,,,,,,
,,,,,,,,,,,,
,,,,,,,,,,,,
,,,,,,,,,,,,
,,,,,,,,,,,,
,,,,,,,,,,,,
,,,,,,,,,,,,
,,,,,,,,,,,,
,,,,,,,,,,,,
,,,,,,,,,,,,
,,,,,,,,,,,,
,,,,,,,,,,,,
,,,,,,,,,,,,
,,,,,,,,,,,,
,,,,,,,,,,,,
,,,,,,,,,,,,
,,,,,,,,,,,,
,,,,,,,,,,,,
,,,,,,,,,,,,
,,,,,,,,,,,,
,,,,,,,,,,,,
,,,,,,,,,,,,
,,,,,,,,,,,,
,,,,,,,,,,,,
,,,,,,,,,,,,
,,,,,,,,,,,,
,,,,,,,,,,,,
,,,,,,,,,,,,
,,,,,,,,,,,,
,,,,,,,,,,,,
,,,,,,,,,,,,
,,,,,,,,,,,,
,,,,,,,,,,,,
,,,,,,,,,,,,
,,,,,,,,,,,,
,,,,,,,,,,,,
,,,,,,,,,,,,
,,,,,,,,,,,,
,,,,,,,,,,,,
,,,,,,,,,,,,
,,,,,,,,,,,,
,,,,,,,,,,,,
,,,,,,,,,,,,
,,,,,,,,,,,,
,,,,,,,,,,,,
,,,,,,,,,,,,
,,,,,,,,,,,,
,,,,,,,,,,,,
,,,,,,,,,,,,
,,,,,,,,,,,,
,,,,,,,,,,,,
,,,,,,,,,,,,
,,,,,,,,,,,,
,,,,,,,,,,,,
,,,,,,,,,,,,
,,,,,,,,,,,,
,,,,,,,,,,,,
,,,,,,,,,,,,
,,,,,,,,,,,,
,,,,,,,,,,,,
,,,,,,,,,,,,
,,,,,,,,,,,,
,,,,,,,,,,,,
,,,,,,,,,,,,
,,,,,,,,,,,,
,,,,,,,,,,,,
,,,,,,,,,,,,
,,,,,,,,,,,,
,,,,,,,,,,,,
,,,,,,,,,,,,
,,,,,,,,,,,,
,,,,,,,,,,,,
,,,,,,,,,,,,
,,,,,,,,,,,,
,,,,,,,,,,,,
,,,,,,,,,,,,
,,,,,,,,,,,,
,,,,,,,,,,,,
,,,,,,,,,,,,
,,,,,,,,,,,,
,,,,,,,,,,,,
,,,,,,,,,,,,
,,,,,,,,,,,,
,,,,,,,,,,,,
,,,,,,,,,,,,
,,,,,,,,,,,,
,,,,,,,,,,,,
,,,,,,,,,,,,
,,,,,,,,,,,,
,,,,,,,,,,,,
,,,,,,,,,,,,
,,,,,,,,,,,,
,,,,,,,,,,,,
,,,,,,,,,,,,
,,,,,,,,,,,,
,,,,,,,,,,,,
,,,,,,,,,,,,
,,,,,,,,,,,,
,,,,,,,,,,,,
,,,,,,,,,,,,
,,,,,,,,,,,,
,,,,,,,,,,,,
,,,,,,,,,,,,
,,,,,,,,,,,,
,,,,,,,,,,,,
,,,,,,,,,,,,
,,,,,,,,,,,,
,,,,,,,,,,,,
,,,,,,,,,,,,
,,,,,,,,,,,,
,,,,,,,,,,,,
,,,,,,,,,,,,
,,,,,,,,,,,,
,,,,,,,,,,,,
,,,,,,,,,,,,
,,,,,,,,,,,,
,,,,,,,,,,,,
,,,,,,,,,,,,
,,,,,,,,,,,,
,,,,,,,,,,,,
,,,,,,,,,,,,
,,,,,,,,,,,,
,,,,,,,,,,,,
,,,,,,,,,,,,
,,,,,,,,,,,,
,,,,,,,,,,,,
,,,,,,,,,,,,
,,,,,,,,,,,,
,,,,,,,,,,,,
,,,,,,,,,,,,
,,,,,,,,,,,,
,,,,,,,,,,,,
,,,,,,,,,,,,
,,,,,,,,,,,,
,,,,,,,,,,,,
,,,,,,,,,,,,
,,,,,,,,,,,,
,,,,,,,,,,,,
,,,,,,,,,,,,
,,,,,,,,,,,,
,,,,,,,,,,,,
,,,,,,,,,,,,
,,,,,,,,,,,,
,,,,,,,,,,,,
,,,,,,,,,,,,
,,,,,,,,,,,,
,,,,,,,,,,,,
,,,,,,,,,,,,
,,,,,,,,,,,,
,,,,,,,,,,,,
,,,,,,,,,,,,
,,,,,,,,,,,,
,,,,,,,,,,,,
,,,,,,,,,,,,
,,,,,,,,,,,,
,,,,,,,,,,,,
,,,,,,,,,,,,
,,,,,,,,,,,,
,,,,,,,,,,,,
,,,,,,,,,,,,
,,,,,,,,,,,,
,,,,,,,,,,,,
,,,,,,,,,,,,
,,,,,,,,,,,,
,,,,,,,,,,,,
,,,,,,,,,,,,
,,,,,,,,,,,,
,,,,,,,,,,,,
,,,,,,,,,,,,
,,,,,,,,,,,,
,,,,,,,,,,,,
,,,,,,,,,,,,
,,,,,,,,,,,,
,,,,,,,,,,,,
,,,,,,,,,,,,
,,,,,,,,,,,,
,,,,,,,,,,,,
,,,,,,,,,,,,
,,,,,,,,,,,,
,,,,,,,,,,,,
,,,,,,,,,,,,
,,,,,,,,,,,,
,,,,,,,,,,,,
,,,,,,,,,,,,
,,,,,,,,,,,,
,,,,,,,,,,,,
,,,,,,,,,,,,
,,,,,,,,,,,,
,,,,,,,,,,,,
,,,,,,,,,,,,
,,,,,,,,,,,,
,,,,,,,,,,,,
,,,,,,,,,,,,
,,,,,,,,,,,,
,,,,,,,,,,,,
,,,,,,,,,,,,
,,,,,,,,,,,,
,,,,,,,,,,,,
,,,,,,,,,,,,
,,,,,,,,,,,,
,,,,,,,,,,,,
,,,,,,,,,,,,
,,,,,,,,,,,,
,,,,,,,,,,,,
,,,,,,,,,,,,
,,,,,,,,,,,,
,,,,,,,,,,,,
,,,,,,,,,,,,
,,,,,,,,,,,,
,,,,,,,,,,,,
,,,,,,,,,,,,
,,,,,,,,,,,,
,,,,,,,,,,,,
,,,,,,,,,,,,
,,,,,,,,,,,,
,,,,,,,,,,,,
,,,,,,,,,,,,
,,,,,,,,,,,,
,,,,,,,,,,,,
,,,,,,,,,,,,
,,,,,,,,,,,,
,,,,,,,,,,,,
,,,,,,,,,,,,
,,,,,,,,,,,,
,,,,,,,,,,,,
,,,,,,,,,,,,
,,,,,,,,,,,,
,,,,,,,,,,,,
,,,,,,,,,,,,
,,,,,,,,,,,,
,,,,,,,,,,,,
,,,,,,,,,,,,
,,,,,,,,,,,,
,,,,,,,,,,,,
,,,,,,,,,,,,
,,,,,,,,,,,,
,,,,,,,,,,,,
,,,,,,,,,,,,
,,,,,,,,,,,,
,,,,,,,,,,,,
,,,,,,,,,,,,
,,,,,,,,,,,,
,,,,,,,,,,,,
,,,,,,,,,,,,
,,,,,,,,,,,,
,,,,,,,,,,,,
,,,,,,,,,,,,
,,,,,,,,,,,,
,,,,,,,,,,,,
,,,,,,,,,,,,
,,,,,,,,,,,,
,,,,,,,,,,,,
,,,,,,,,,,,,
,,,,,,,,,,,,
,,,,,,,,,,,,
,,,,,,,,,,,,
,,,,,,,,,,,,
,,,,,,,,,,,,
,,,,,,,,,,,,
,,,,,,,,,,,,
,,,,,,,,,,,,
,,,,,,,,,,,,
,,,,,,,,,,,,
,,,,,,,,,,,,
,,,,,,,,,,,,
,,,,,,,,,,,,
,,,,,,,,,,,,
,,,,,,,,,,,,
,,,,,,,,,,,,
,,,,,,,,,,,,
,,,,,,,,,,,,
,,,,,,,,,,,,
,,,,,,,,,,,,
,,,,,,,,,,,,
,,,,,,,,,,,,
,,,,,,,,,,,,
,,,,,,,,,,,,
,,,,,,,,,,,,
,,,,,,,,,,,,
,,,,,,,,,,,,
,,,,,,,,,,,,
,,,,,,,,,,,,
,,,,,,,,,,,,
,,,,,,,,,,,,
,,,,,,,,,,,,
,,,,,,,,,,,,
,,,,,,,,,,,,
,,,,,,,,,,,,
,,,,,,,,,,,,
,,,,,,,,,,,,
,,,,,,,,,,,,
,,,,,,,,,,,,
,,,,,,,,,,,,
,,,,,,,,,,,,
,,,,,,,,,,,,
,,,,,,,,,,,,
,,,,,,,,,,,,
,,,,,,,,,,,,
,,,,,,,,,,,,
,,,,,,,,,,,,
,,,,,,,,,,,,
,,,,,,,,,,,,
,,,,,,,,,,,,
,,,,,,,,,,,,
,,,,,,,,,,,,
,,,,,,,,,,,,
,,,,,,,,,,,,
,,,,,,,,,,,,
,,,,,,,,,,,,
,,,,,,,,,,,,
,,,,,,,,,,,,
,,,,,,,,,,,,
,,,,,,,,,,,,
,,,,,,,,,,,,
,,,,,,,,,,,,
,,,,,,,,,,,,
,,,,,,,,,,,,
,,,,,,,,,,,,
,,,,,,,,,,,,
,,,,,,,,,,,,
,,,,,,,,,,,,
,,,,,,,,,,,,
,,,,,,,,,,,,
,,,,,,,,,,,,
,,,,,,,,,,,,
,,,,,,,,,,,,
,,,,,,,,,,,,
,,,,,,,,,,,,
,,,,,,,,,,,,
,,,,,,,,,,,,
,,,,,,,,,,,,
,,,,,,,,,,,,
,,,,,,,,,,,,
,,,,,,,,,,,,
,,,,,,,,,,,,
,,,,,,,,,,,,
,,,,,,,,,,,,
,,,,,,,,,,,,
,,,,,,,,,,,,
,,,,,,,,,,,,
,,,,,,,,,,,,
,,,,,,,,,,,,
,,,,,,,,,,,,
,,,,,,,,,,,,
,,,,,,,,,,,,
,,,,,,,,,,,,
,,,,,,,,,,,,
,,,,,,,,,,,,
,,,,,,,,,,,,
,,,,,,,,,,,,
,,,,,,,,,,,,
,,,,,,,,,,,,
,,,,,,,,,,,,
,,,,,,,,,,,,
,,,,,,,,,,,,
,,,,,,,,,,,,
,,,,,,,,,,,,
,,,,,,,,,,,,
,,,,,,,,,,,,
,,,,,,,,,,,,
,,,,,,,,,,,,
,,,,,,,,,,,,
,,,,,,,,,,,,
,,,,,,,,,,,,
,,,,,,,,,,,,
,,,,,,,,,,,,
,,,,,,,,,,,,
,,,,,,,,,,,,
,,,,,,,,,,,,
,,,,,,,,,,,,
,,,,,,,,,,,,
,,,,,,,,,,,,
,,,,,,,,,,,,
,,,,,,,,,,,,
,,,,,,,,,,,,
,,,,,,,,,,,,
,,,,,,,,,,,,
,,,,,,,,,,,,
,,,,,,,,,,,,
,,,,,,,,,,,,
,,,,,,,,,,,,
,,,,,,,,,,,,
,,,,,,,,,,,,
,,,,,,,,,,,,
,,,,,,,,,,,,
,,,,,,,,,,,,
,,,,,,,,,,,,
,,,,,,,,,,,,
,,,,,,,,,,,,
,,,,,,,,,,,,
,,,,,,,,,,,,
,,,,,,,,,,,,
,,,,,,,,,,,,
,,,,,,,,,,,,
,,,,,,,,,,,,
,,,,,,,,,,,,
,,,,,,,,,,,,
,,,,,,,,,,,,
,,,,,,,,,,,,
,,,,,,,,,,,,
,,,,,,,,,,,,
,,,,,,,,,,,,
,,,,,,,,,,,,
,,,,,,,,,,,,
,,,,,,,,,,,,
,,,,,,,,,,,,
,,,,,,,,,,,,
,,,,,,,,,,,,
,,,,,,,,,,,,
,,,,,,,,,,,,
,,,,,,,,,,,,
,,,,,,,,,,,,
,,,,,,,,,,,,
,,,,,,,,,,,,
,,,,,,,,,,,,
,,,,,,,,,,,,
,,,,,,,,,,,,
,,,,,,,,,,,,
,,,,,,,,,,,,
,,,,,,,,,,,,
,,,,,,,,,,,,
,,,,,,,,,,,,
,,,,,,,,,,,,
,,,,,,,,,,,,
,,,,,,,,,,,,
,,,,,,,,,,,,
,,,,,,,,,,,,
,,,,,,,,,,,,
,,,,,,,,,,,,
,,,,,,,,,,,,
,,,,,,,,,,,,
,,,,,,,,,,,,
,,,,,,,,,,,,
,,,,,,,,,,,,
,,,,,,,,,,,,
,,,,,,,,,,,,
,,,,,,,,,,,,
,,,,,,,,,,,,
,,,,,,,,,,,,
,,,,,,,,,,,,
,,,,,,,,,,,,
,,,,,,,,,,,,
,,,,,,,,,,,,
,,,,,,,,,,,,
,,,,,,,,,,,,
,,,,,,,,,,,,
,,,,,,,,,,,,
,,,,,,,,,,,,
,,,,,,,,,,,,
,,,,,,,,,,,,
,,,,,,,,,,,,
,,,,,,,,,,,,
,,,,,,,,,,,,
,,,,,,,,,,,,
,,,,,,,,,,,,
,,,,,,,,,,,,
,,,,,,,,,,,,
,,,,,,,,,,,,
,,,,,,,,,,,,
,,,,,,,,,,,,
,,,,,,,,,,,,
,,,,,,,,,,,,
,,,,,,,,,,,,
,,,,,,,,,,,,
,,,,,,,,,,,,
,,,,,,,,,,,,
,,,,,,,,,,,,
,,,,,,,,,,,,
,,,,,,,,,,,,
,,,,,,,,,,,,
,,,,,,,,,,,,
,,,,,,,,,,,,
,,,,,,,,,,,,
,,,,,,,,,,,,
,,,,,,,,,,,,
,,,,,,,,,,,,
,,,,,,,,,,,,
,,,,,,,,,,,,
,,,,,,,,,,,,
,,,,,,,,,,,,
,,,,,,,,,,,,
,,,,,,,,,,,,
,,,,,,,,,,,,
,,,,,,,,,,,,
,,,,,,,,,,,,
,,,,,,,,,,,,
,,,,,,,,,,,,
,,,,,,,,,,,,
,,,,,,,,,,,,
,,,,,,,,,,,,
,,,,,,,,,,,,
,,,,,,,,,,,,
,,,,,,,,,,,,
,,,,,,,,,,,,
,,,,,,,,,,,,
,,,,,,,,,,,,
,,,,,,,,,,,,
,,,,,,,,,,,,
Mana Engine Begotten: Devil Pest,900,28,81,,,,,,,,,LQUE1978
Mana Engine Begotten: Devil Pest,0,28,81,,,,,,,,,LQUE1979
Mana Engine Begotten: Devil Pest,900,28,81,,,,,,,,,LQUE1980
Zeppastone Wind Gem,0,1,81,,,,,,,,,LQUE1981
The Prince of Akram,0,1,81,,,,,,,,,LQUE1982
The Search for the Prince,0,1,81,,,,,,,,,LQUE1983
The Ominous Kenji Stone,0,1,81,,,,,,,,,LQUE1984
The Truth of the Golden Dagger,0,1,81,,,,,,,,,LQUE1985
Information on Lunar,0,1,81,,,,,,,,,LQUE1986
The Truth of the Golden Dagger (2),0,1,81,,,,,,,,,LQUE1987
"Pavrick, the Craftsman on Lunar",0,1,81,,,,,,,,,LQUE1988
The Royal Golden Dagger,0,1,81,,,,,,,,,LQUE1989
,,,,,,,,,,,,
,,,,,,,,,,,,
,,,,,,,,,,,,
,,,,,,,,,,,,
,,,,,,,,,,,,
,,,,,,,,,,,,
,,,,,,,,,,,,
,,,,,,,,,,,,
,,,,,,,,,,,,
,,,,,,,,,,,,
Stolen Drawings,0,2,86,,,13,,,,,,LQUE2000
Report about Darkness,0,2,86,,,13,,,,,,LQUE2001
Report about Darkness,0,2,86,,,13,,,,,,LQUE2002
Report about Darkness,0,2,86,,,14,,,,,,LQUE2003
Report about Darkness,0,2,86,,,14,,,,,,LQUE2004
Report about Darkness,0,2,86,,,15,,,,,,LQUE2005
Report about Darkness,0,2,86,,,15,,,,,,LQUE2006
Capturing Dalping,0,2,86,,,16,,,,,,LQUE2007
Capturing Dalping,0,2,86,,,18,,,,,,LQUE2008
Capturing Dalping,0,2,86,,,19,,,,,,LQUE2009
The Vaccine,0,2,86,,,22,,,,,,LQUE2010
The Vaccine,0,2,86,,,22,,,,,,LQUE2011
,,,,,,,,,,,,
Robbery,0,11,86,,,,,,,,,LQUE2013
,,,,,,,,,,,,
,,,,,,,,,,,,
,,,,,,,,,,,,
,,,,,,,,,,,,
,,,,,,,,,,,,
,,,,,,,,,,,,
,,,,,,,,,,,,
,,,,,,,,,,,,
,,,,,,,,,,,,
,,,,,,,,,,,,
,,,,,,,,,,,,
,,,,,,,,,,,,
,,,,,,,,,,,,
,,,,,,,,,,,,
,,,,,,,,,,,,
,,,,,,,,,,,,
,,,,,,,,,,,,
,,,,,,,,,,,,
,,,,,,,,,,,,
,,,,,,,,,,,,
,,,,,,,,,,,,
,,,,,,,,,,,,
,,,,,,,,,,,,
,,,,,,,,,,,,
,,,,,,,,,,,,
,,,,,,,,,,,,
,,,,,,,,,,,,
,,,,,,,,,,,,
,,,,,,,,,,,,
,,,,,,,,,,,,
,,,,,,,,,,,,
,,,,,,,,,,,,
,,,,,,,,,,,,
,,,,,,,,,,,,
Last Wish,0,11,86,,,,,,,,,LQUE2048
,,,,,,,,,,,,
,,,,,,,,,,,,
Forgotten Temple Investigation (1),1080,14,81,,,71,,,,,,LQUE2051
Forgotten Temple Investigation (2),1080,14,81,,,91,,,,,,LQUE2052
Forgotten Temple Investigation (3),1080,14,81,,,111,,,,,,LQUE2053
Forgotten Temple Investigation (4),1080,14,81,,,,,,,,,LQUE2054
Forgotten Temple Investigation (5),1080,14,81,,,,,,,,,LQUE2055
Forgotten Temple Investigation (6),1080,14,81,,,,,,,,,LQUE2056
Forgotten Temple Investigation (7),1080,14,81,,,,,,,,,LQUE2057
,,,,,,,,,,,,
,,,,,,,,,,,,
,,,,,,,,,,,,
Hidden Cave Investigation,0,29,81,,,190,,,,,,LQUE2061
Hidden Cave Investigation,0,29,81,,,190,,,,,,LQUE2062
Hidden Cave Investigation,0,29,81,1,36,190,,,,,,LQUE2063
sod quest,0,29,81,,,190,,,,,,LQUE2064
sod quest,0,29,81,,,190,,,,,,LQUE2065
sod quest,0,29,81,,,190,,,,,,LQUE2066
sod quest,0,29,81,,,190,,,,,,LQUE2067
sod quest,0,29,81,,,190,,,,,,LQUE2068
,,,,,,,,,,,,
,,,,,,,,,,,,
,,,,,,,,,,,,
,,,,,,,,,,,,
,,,,,,,,,,,,
,,,,,,,,,,,,
,,,,,,,,,,,,
,,,,,,,,,,,,
,,,,,,,,,,,,
,,,,,,,,,,,,
,,,,,,,,,,,,
,,,,,,,,,,,,
,,,,,,,,,,,,
,,,,,,,,,,,,
,,,,,,,,,,,,
,,,,,,,,,,,,
,,,,,,,,,,,,
,,,,,,,,,,,,
,,,,,,,,,,,,
,,,,,,,,,,,,
,,,,,,,,,,,,
,,,,,,,,,,,,
,,,,,,,,,,,,
,,,,,,,,,,,,
,,,,,,,,,,,,
,,,,,,,,,,,,
,,,,,,,,,,,,
,,,,,,,,,,,,
,,,,,,,,,,,,
,,,,,,,,,,,,
,,,,,,,,,,,,
,,,,,,,,,,,,
,,,,,,,,,,,,
,,,,,,,,,,,,
,,,,,,,,,,,,
,,,,,,,,,,,,
,,,,,,,,,,,,
,,,,,,,,,,,,
,,,,,,,,,,,,
,,,,,,,,,,,,
,,,,,,,,,,,,
,,,,,,,,,,,,
,,,,,,,,,,,,
,,,,,,,,,,,,
,,,,,,,,,,,,
,,,,,,,,,,,,
,,,,,,,,,,,,
,,,,,,,,,,,,
,,,,,,,,,,,,
,,,,,,,,,,,,
,,,,,,,,,,,,
,,,,,,,,,,,,
,,,,,,,,,,,,
,,,,,,,,,,,,
,,,,,,,,,,,,
,,,,,,,,,,,,
,,,,,,,,,,,,
,,,,,,,,,,,,
,,,,,,,,,,,,
,,,,,,,,,,,,
,,,,,,,,,,,,
,,,,,,,,,,,,
,,,,,,,,,,,,
,,,,,,,,,,,,
,,,,,,,,,,,,
,,,,,,,,,,,,
,,,,,,,,,,,,
,,,,,,,,,,,,
,,,,,,,,,,,,
,,,,,,,,,,,,
,,,,,,,,,,,,
,,,,,,,,,,,,
,,,,,,,,,,,,
,,,,,,,,,,,,
,,,,,,,,,,,,
,,,,,,,,,,,,
,,,,,,,,,,,,
,,,,,,,,,,,,
,,,,,,,,,,,,
,,,,,,,,,,,,
,,,,,,,,,,,,
,,,,,,,,,,,,
,,,,,,,,,,,,
,,,,,,,,,,,,
,,,,,,,,,,,,
,,,,,,,,,,,,
,,,,,,,,,,,,
,,,,,,,,,,,,
,,,,,,,,,,,,
,,,,,,,,,,,,
,,,,,,,,,,,,
,,,,,,,,,,,,
,,,,,,,,,,,,
,,,,,,,,,,,,
,,,,,,,,,,,,
,,,,,,,,,,,,
,,,,,,,,,,,,
,,,,,,,,,,,,
,,,,,,,,,,,,
,,,,,,,,,,,,
,,,,,,,,,,,,
,,,,,,,,,,,,
,,,,,,,,,,,,
,,,,,,,,,,,,
,,,,,,,,,,,,
,,,,,,,,,,,,
,,,,,,,,,,,,
,,,,,,,,,,,,
,,,,,,,,,,,,
,,,,,,,,,,,,
,,,,,,,,,,,,
,,,,,,,,,,,,
,,,,,,,,,,,,
,,,,,,,,,,,,
,,,,,,,,,,,,
,,,,,,,,,,,,
,,,,,,,,,,,,
,,,,,,,,,,,,
,,,,,,,,,,,,
,,,,,,,,,,,,
,,,,,,,,,,,,
,,,,,,,,,,,,
,,,,,,,,,,,,
,,,,,,,,,,,,
,,,,,,,,,,,,
,,,,,,,,,,,,
,,,,,,,,,,,,
,,,,,,,,,,,,
,,,,,,,,,,,,
,,,,,,,,,,,,
,,,,,,,,,,,,
,,,,,,,,,,,,
,,,,,,,,,,,,
,,,,,,,,,,,,
,,,,,,,,,,,,
,,,,,,,,,,,,
,,,,,,,,,,,,
,,,,,,,,,,,,
,,,,,,,,,,,,
,,,,,,,,,,,,
,,,,,,,,,,,,
,,,,,,,,,,,,
,,,,,,,,,,,,
,,,,,,,,,,,,
,,,,,,,,,,,,
,,,,,,,,,,,,
,,,,,,,,,,,,
,,,,,,,,,,,,
,,,,,,,,,,,,
,,,,,,,,,,,,
,,,,,,,,,,,,
,,,,,,,,,,,,
,,,,,,,,,,,,
,,,,,,,,,,,,
,,,,,,,,,,,,
,,,,,,,,,,,,
,,,,,,,,,,,,
,,,,,,,,,,,,
,,,,,,,,,,,,
,,,,,,,,,,,,
,,,,,,,,,,,,
,,,,,,,,,,,,
,,,,,,,,,,,,
,,,,,,,,,,,,
,,,,,,,,,,,,
,,,,,,,,,,,,
,,,,,,,,,,,,
,,,,,,,,,,,,
,,,,,,,,,,,,
,,,,,,,,,,,,
,,,,,,,,,,,,
,,,,,,,,,,,,
,,,,,,,,,,,,
,,,,,,,,,,,,
,,,,,,,,,,,,
,,,,,,,,,,,,
,,,,,,,,,,,,
,,,,,,,,,,,,
,,,,,,,,,,,,
,,,,,,,,,,,,
,,,,,,,,,,,,
,,,,,,,,,,,,
,,,,,,,,,,,,
,,,,,,,,,,,,
,,,,,,,,,,,,
,,,,,,,,,,,,
,,,,,,,,,,,,
,,,,,,,,,,,,
,,,,,,,,,,,,
,,,,,,,,,,,,
,,,,,,,,,,,,
,,,,,,,,,,,,
,,,,,,,,,,,,
,,,,,,,,,,,,
,,,,,,,,,,,,
,,,,,,,,,,,,
,,,,,,,,,,,,
,,,,,,,,,,,,
,,,,,,,,,,,,
,,,,,,,,,,,,
,,,,,,,,,,,,
,,,,,,,,,,,,
,,,,,,,,,,,,
,,,,,,,,,,,,
,,,,,,,,,,,,
,,,,,,,,,,,,
,,,,,,,,,,,,
,,,,,,,,,,,,
,,,,,,,,,,,,
,,,,,,,,,,,,
,,,,,,,,,,,,
,,,,,,,,,,,,
,,,,,,,,,,,,
,,,,,,,,,,,,
,,,,,,,,,,,,
,,,,,,,,,,,,
,,,,,,,,,,,,
,,,,,,,,,,,,
,,,,,,,,,,,,
,,,,,,,,,,,,
,,,,,,,,,,,,
,,,,,,,,,,,,
,,,,,,,,,,,,
,,,,,,,,,,,,
,,,,,,,,,,,,
,,,,,,,,,,,,
,,,,,,,,,,,,
,,,,,,,,,,,,
,,,,,,,,,,,,
,,,,,,,,,,,,
,,,,,,,,,,,,
,,,,,,,,,,,,
,,,,,,,,,,,,
,,,,,,,,,,,,
,,,,,,,,,,,,
,,,,,,,,,,,,
,,,,,,,,,,,,
,,,,,,,,,,,,
,,,,,,,,,,,,
,,,,,,,,,,,,
,,,,,,,,,,,,
,,,,,,,,,,,,
,,,,,,,,,,,,
,,,,,,,,,,,,
,,,,,,,,,,,,
,,,,,,,,,,,,
,,,,,,,,,,,,
,,,,,,,,,,,,
,,,,,,,,,,,,
,,,,,,,,,,,,
,,,,,,,,,,,,
,,,,,,,,,,,,
,,,,,,,,,,,,
,,,,,,,,,,,,
,,,,,,,,,,,,
,,,,,,,,,,,,
,,,,,,,,,,,,
,,,,,,,,,,,,
,,,,,,,,,,,,
,,,,,,,,,,,,
,,,,,,,,,,,,
,,,,,,,,,,,,
,,,,,,,,,,,,
,,,,,,,,,,,,
,,,,,,,,,,,,
,,,,,,,,,,,,
,,,,,,,,,,,,
,,,,,,,,,,,,
,,,,,,,,,,,,
,,,,,,,,,,,,
,,,,,,,,,,,,
,,,,,,,,,,,,
,,,,,,,,,,,,
,,,,,,,,,,,,
,,,,,,,,,,,,
,,,,,,,,,,,,
,,,,,,,,,,,,
,,,,,,,,,,,,
,,,,,,,,,,,,
,,,,,,,,,,,,
,,,,,,,,,,,,
,,,,,,,,,,,,
,,,,,,,,,,,,
,,,,,,,,,,,,
,,,,,,,,,,,,
,,,,,,,,,,,,
,,,,,,,,,,,,
,,,,,,,,,,,,
,,,,,,,,,,,,
,,,,,,,,,,,,
,,,,,,,,,,,,
,,,,,,,,,,,,
,,,,,,,,,,,,
,,,,,,,,,,,,
,,,,,,,,,,,,
,,,,,,,,,,,,
,,,,,,,,,,,,
,,,,,,,,,,,,
,,,,,,,,,,,,
,,,,,,,,,,,,
,,,,,,,,,,,,
,,,,,,,,,,,,
,,,,,,,,,,,,
,,,,,,,,,,,,
,,,,,,,,,,,,
,,,,,,,,,,,,
,,,,,,,,,,,,
,,,,,,,,,,,,
,,,,,,,,,,,,
,,,,,,,,,,,,
,,,,,,,,,,,,
,,,,,,,,,,,,
,,,,,,,,,,,,
,,,,,,,,,,,,
,,,,,,,,,,,,
,,,,,,,,,,,,
,,,,,,,,,,,,
,,,,,,,,,,,,
,,,,,,,,,,,,
,,,,,,,,,,,,
,,,,,,,,,,,,
,,,,,,,,,,,,
,,,,,,,,,,,,
,,,,,,,,,,,,
,,,,,,,,,,,,
,,,,,,,,,,,,
,,,,,,,,,,,,
,,,,,,,,,,,,
,,,,,,,,,,,,
,,,,,,,,,,,,
,,,,,,,,,,,,
,,,,,,,,,,,,
,,,,,,,,,,,,
,,,,,,,,,,,,
,,,,,,,,,,,,
,,,,,,,,,,,,
,,,,,,,,,,,,
,,,,,,,,,,,,
,,,,,,,,,,,,
,,,,,,,,,,,,
,,,,,,,,,,,,
,,,,,,,,,,,,
,,,,,,,,,,,,
,,,,,,,,,,,,
,,,,,,,,,,,,
,,,,,,,,,,,,
,,,,,,,,,,,,
Farming Fever,0,11,86,,,,,,,,,LQUE2416
,,,,,,,,,,,,
,,,,,,,,,,,,
???????? ???? ?????? ????,0,11,80,,,,,,,,,LQUE2419
,,,,,,,,,,,,
,,,,,,,,,,,,
,,,,,,,,,,,,
,,,,,,,,,,,,
,,,,,,,,,,,,
,,,,,,,,,,,,
,,,,,,,,,,,,
,,,,,,,,,,,,
,,,,,,,,,,,,
,,,,,,,,,,,,
,,,,,,,,,,,,
,,,,,,,,,,,,
,,,,,,,,,,,,
,,,,,,,,,,,,
,,,,,,,,,,,,
,,,,,,,,,,,,
,,,,,,,,,,,,
,,,,,,,,,,,,
,,,,,,,,,,,,
,,,,,,,,,,,,
,,,,,,,,,,,,
,,,,,,,,,,,,
,,,,,,,,,,,,
,,,,,,,,,,,,
,,,,,,,,,,,,
,,,,,,,,,,,,
,,,,,,,,,,,,
,,,,,,,,,,,,
,,,,,,,,,,,,
,,,,,,,,,,,,
,,,,,,,,,,,,
,,,,,,,,,,,,
,,,,,,,,,,,,
,,,,,,,,,,,,
,,,,,,,,,,,,
,,,,,,,,,,,,
,,,,,,,,,,,,
,,,,,,,,,,,,
,,,,,,,,,,,,
,,,,,,,,,,,,
,,,,,,,,,,,,
,,,,,,,,,,,,
,,,,,,,,,,,,
,,,,,,,,,,,,
,,,,,,,,,,,,
,,,,,,,,,,,,
,,,,,,,,,,,,
,,,,,,,,,,,,
,,,,,,,,,,,,
,,,,,,,,,,,,
,,,,,,,,,,,,
,,,,,,,,,,,,
,,,,,,,,,,,,
,,,,,,,,,,,,
,,,,,,,,,,,,
,,,,,,,,,,,,
,,,,,,,,,,,,
,,,,,,,,,,,,
,,,,,,,,,,,,
,,,,,,,,,,,,
,,,,,,,,,,,,
,,,,,,,,,,,,
,,,,,,,,,,,,
,,,,,,,,,,,,
,,,,,,,,,,,,
,,,,,,,,,,,,
,,,,,,,,,,,,
,,,,,,,,,,,,
,,,,,,,,,,,,
,,,,,,,,,,,,
,,,,,,,,,,,,
,,,,,,,,,,,,
,,,,,,,,,,,,
,,,,,,,,,,,,
,,,,,,,,,,,,
,,,,,,,,,,,,
,,,,,,,,,,,,
The Choice,0,11,86,,,,,,,,,LQUE2497
,,,,,,,,,,,,
,,,,,,,,,,,,
The Zombie Invasion,1080,14,86,,,,,,,,,LQUE2500
,,,,,,,,,,,,
,,,,,,,,,,,,
,,,,,,,,,,,,
,,,,,,,,,,,,
,,,,,,,,,,,,
,,,,,,,,,,,,
,,,,,,,,,,,,
,,,,,,,,,,,,
,,,,,,,,,,,,
,,,,,,,,,,,,
,,,,,,,,,,,,
,,,,,,,,,,,,
,,,,,,,,,,,,
,,,,,,,,,,,,
,,,,,,,,,,,,
,,,,,,,,,,,,
,,,,,,,,,,,,
,,,,,,,,,,,,
,,,,,,,,,,,,
,,,,,,,,,,,,
,,,,,,,,,,,,
,,,,,,,,,,,,
,,,,,,,,,,,,
,,,,,,,,,,,,
,,,,,,,,,,,,
,,,,,,,,,,,,
,,,,,,,,,,,,
,,,,,,,,,,,,
,,,,,,,,,,,,
,,,,,,,,,,,,
,,,,,,,,,,,,
,,,,,,,,,,,,
,,,,,,,,,,,,
,,,,,,,,,,,,
,,,,,,,,,,,,
,,,,,,,,,,,,
,,,,,,,,,,,,
,,,,,,,,,,,,
,,,,,,,,,,,,
,,,,,,,,,,,,
,,,,,,,,,,,,
,,,,,,,,,,,,
,,,,,,,,,,,,
,,,,,,,,,,,,
,,,,,,,,,,,,
,,,,,,,,,,,,
,,,,,,,,,,,,
,,,,,,,,,,,,
,,,,,,,,,,,,
,,,,,,,,,,,,
,,,,,,,,,,,,
,,,,,,,,,,,,
,,,,,,,,,,,,
,,,,,,,,,,,,
,,,,,,,,,,,,
,,,,,,,,,,,,
,,,,,,,,,,,,
,,,,,,,,,,,,
,,,,,,,,,,,,
,,,,,,,,,,,,
,,,,,,,,,,,,
,,,,,,,,,,,,
,,,,,,,,,,,,
,,,,,,,,,,,,
,,,,,,,,,,,,
,,,,,,,,,,,,
,,,,,,,,,,,,
,,,,,,,,,,,,
,,,,,,,,,,,,
,,,,,,,,,,,,
,,,,,,,,,,,,
,,,,,,,,,,,,
,,,,,,,,,,,,
,,,,,,,,,,,,
,,,,,,,,,,,,
,,,,,,,,,,,,
,,,,,,,,,,,,
,,,,,,,,,,,,
,,,,,,,,,,,,
,,,,,,,,,,,,
,,,,,,,,,,,,
,,,,,,,,,,,,
,,,,,,,,,,,,
,,,,,,,,,,,,
,,,,,,,,,,,,
,,,,,,,,,,,,
,,,,,,,,,,,,
,,,,,,,,,,,,
,,,,,,,,,,,,
,,,,,,,,,,,,
,,,,,,,,,,,,
,,,,,,,,,,,,
,,,,,,,,,,,,
,,,,,,,,,,,,
,,,,,,,,,,,,
,,,,,,,,,,,,
,,,,,,,,,,,,
,,,,,,,,,,,,
,,,,,,,,,,,,
,,,,,,,,,,,,
,,,,,,,,,,,,
,,,,,,,,,,,,
,,,,,,,,,,,,
,,,,,,,,,,,,
,,,,,,,,,,,,
,,,,,,,,,,,,
,,,,,,,,,,,,
,,,,,,,,,,,,
,,,,,,,,,,,,
,,,,,,,,,,,,
,,,,,,,,,,,,
,,,,,,,,,,,,
,,,,,,,,,,,,
,,,,,,,,,,,,
,,,,,,,,,,,,
,,,,,,,,,,,,
,,,,,,,,,,,,
,,,,,,,,,,,,
,,,,,,,,,,,,
,,,,,,,,,,,,
,,,,,,,,,,,,
,,,,,,,,,,,,
,,,,,,,,,,,,
,,,,,,,,,,,,
,,,,,,,,,,,,
,,,,,,,,,,,,
,,,,,,,,,,,,
,,,,,,,,,,,,
,,,,,,,,,,,,
,,,,,,,,,,,,
,,,,,,,,,,,,
,,,,,,,,,,,,
,,,,,,,,,,,,
,,,,,,,,,,,,
,,,,,,,,,,,,
,,,,,,,,,,,,
,,,,,,,,,,,,
,,,,,,,,,,,,
,,,,,,,,,,,,
,,,,,,,,,,,,
,,,,,,,,,,,,
,,,,,,,,,,,,
,,,,,,,,,,,,
,,,,,,,,,,,,
,,,,,,,,,,,,
,,,,,,,,,,,,
,,,,,,,,,,,,
,,,,,,,,,,,,
,,,,,,,,,,,,
,,,,,,,,,,,,
,,,,,,,,,,,,
,,,,,,,,,,,,
,,,,,,,,,,,,
,,,,,,,,,,,,
,,,,,,,,,,,,
,,,,,,,,,,,,
,,,,,,,,,,,,
,,,,,,,,,,,,
,,,,,,,,,,,,
,,,,,,,,,,,,
,,,,,,,,,,,,
,,,,,,,,,,,,
,,,,,,,,,,,,
,,,,,,,,,,,,
,,,,,,,,,,,,
,,,,,,,,,,,,
,,,,,,,,,,,,
,,,,,,,,,,,,
,,,,,,,,,,,,
,,,,,,,,,,,,
,,,,,,,,,,,,
,,,,,,,,,,,,
,,,,,,,,,,,,
,,,,,,,,,,,,
,,,,,,,,,,,,
,,,,,,,,,,,,
,,,,,,,,,,,,
,,,,,,,,,,,,
,,,,,,,,,,,,
,,,,,,,,,,,,
,,,,,,,,,,,,
,,,,,,,,,,,,
,,,,,,,,,,,,
,,,,,,,,,,,,
,,,,,,,,,,,,
,,,,,,,,,,,,
,,,,,,,,,,,,
,,,,,,,,,,,,
,,,,,,,,,,,,
,,,,,,,,,,,,
,,,,,,,,,,,,
,,,,,,,,,,,,
,,,,,,,,,,,,
,,,,,,,,,,,,
,,,,,,,,,,,,
,,,,,,,,,,,,
,,,,,,,,,,,,
,,,,,,,,,,,,
,,,,,,,,,,,,
,,,,,,,,,,,,
,,,,,,,,,,,,
,,,,,,,,,,,,
,,,,,,,,,,,,
,,,,,,,,,,,,
,,,,,,,,,,,,
,,,,,,,,,,,,
,,,,,,,,,,,,
,,,,,,,,,,,,
,,,,,,,,,,,,
,,,,,,,,,,,,
,,,,,,,,,,,,
,,,,,,,,,,,,
,,,,,,,,,,,,
,,,,,,,,,,,,
,,,,,,,,,,,,
,,,,,,,,,,,,
,,,,,,,,,,,,
,,,,,,,,,,,,
,,,,,,,,,,,,
,,,,,,,,,,,,
,,,,,,,,,,,,
,,,,,,,,,,,,
,,,,,,,,,,,,
,,,,,,,,,,,,
,,,,,,,,,,,,
,,,,,,,,,,,,
,,,,,,,,,,,,
,,,,,,,,,,,,
,,,,,,,,,,,,
,,,,,,,,,,,,
,,,,,,,,,,,,
,,,,,,,,,,,,
,,,,,,,,,,,,
,,,,,,,,,,,,
,,,,,,,,,,,,
,,,,,,,,,,,,
,,,,,,,,,,,,
,,,,,,,,,,,,
,,,,,,,,,,,,
Friday Friday,90,11,86,,,,,,,,,LQUE2740
,,,,,,,,,,,,
,,,,,,,,,,,,
,,,,,,,,,,,,
,,,,,,,,,,,,
,,,,,,,,,,,,
,,,,,,,,,,,,
Getaway,0,11,86,,,,,,,,,LQUE2747
,,,,,,,,,,,,
,,,,,,,,,,,,
,,,,,,,,,,,,
Clan House Extension (1),0,9,88,,,,,,,,,LQUE2751
Clan House Extension (2),0,9,88,,,,,,,,,LQUE2752
Clan House Extension (3),0,9,88,,,,,,,,,LQUE2753
,,,,,,,,,,,,
,,,,,,,,,,,,
,,,,,,,,,,,,
,,,,,,,,,,,,
,,,,,,,,,,,,
,,,,,,,,,,,,
Sevenberg Stronghold,0,9,88,,44,,,,,,,LQUE2760
,,,,,,,,,,,,
,,,,,,,,,,,,
,,,,,,,,,,,,
,,,,,,,,,,,,
,,,,,,,,,,,,
,,,,,,,,,,,,
,,,,,,,,,,,,
,,,,,,,,,,,,
,,,,,,,,,,,,
,,,,,,,,,,,,
,,,,,,,,,,,,
,,,,,,,,,,,,
,,,,,,,,,,,,
,,,,,,,,,,,,
,,,,,,,,,,,,
,,,,,,,,,,,,
,,,,,,,,,,,,
,,,,,,,,,,,,
,,,,,,,,,,,,
,,,,,,,,,,,,
,,,,,,,,,,,,
,,,,,,,,,,,,
,,,,,,,,,,,,
,,,,,,,,,,,,
,,,,,,,,,,,,
,,,,,,,,,,,,
,,,,,,,,,,,,
,,,,,,,,,,,,
,,,,,,,,,,,,
,,,,,,,,,,,,
,,,,,,,,,,,,
,,,,,,,,,,,,
,,,,,,,,,,,,
,,,,,,,,,,,,
,,,,,,,,,,,,
,,,,,,,,,,,,
,,,,,,,,,,,,
,,,,,,,,,,,,
,,,,,,,,,,,,
,,,,,,,,,,,,
,,,,,,,,,,,,
,,,,,,,,,,,,
,,,,,,,,,,,,
,,,,,,,,,,,,
,,,,,,,,,,,,
,,,,,,,,,,,,
,,,,,,,,,,,,
,,,,,,,,,,,,
,,,,,,,,,,,,
,,,,,,,,,,,,
,,,,,,,,,,,,
,,,,,,,,,,,,
,,,,,,,,,,,,
,,,,,,,,,,,,
,,,,,,,,,,,,
,,,,,,,,,,,,
,,,,,,,,,,,,
,,,,,,,,,,,,
,,,,,,,,,,,,
,,,,,,,,,,,,
,,,,,,,,,,,,
,,,,,,,,,,,,
,,,,,,,,,,,,
,,,,,,,,,,,,
,,,,,,,,,,,,
,,,,,,,,,,,,
,,,,,,,,,,,,
,,,,,,,,,,,,
,,,,,,,,,,,,
,,,,,,,,,,,,
,,,,,,,,,,,,
,,,,,,,,,,,,
,,,,,,,,,,,,
,,,,,,,,,,,,
,,,,,,,,,,,,
,,,,,,,,,,,,
,,,,,,,,,,,,
,,,,,,,,,,,,
,,,,,,,,,,,,
,,,,,,,,,,,,
,,,,,,,,,,,,
,,,,,,,,,,,,
,,,,,,,,,,,,
,,,,,,,,,,,,
,,,,,,,,,,,,
,,,,,,,,,,,,
,,,,,,,,,,,,
,,,,,,,,,,,,
,,,,,,,,,,,,
,,,,,,,,,,,,
Retribution upon the Blasphemous,420,4,79,,,,,,,,,LQUE2851
Protected by Holiness,420,4,79,,,,,,,,,LQUE2852
Recovery of Justice,420,4,79,,,,,,,,,LQUE2853
Dignity of the Righteous Crusaders,420,4,79,,,,,,,,,LQUE2854
Wounded Pride,420,4,79,,,,,,,,,LQUE2855
Supremacy of Mana Theory,420,4,79,,,,,,,,,LQUE2856
Taking Back Ferrell Road,420,4,79,,,,,,,,,LQUE2857
Justification of Wealth,420,4,79,,,,,,,,,LQUE2858
,,,,,,,,,,,,
,,,,,,,,,,,,
,,,,,,,,,,,,
,,,,,,,,,,,,
,,,,,,,,,,,,
,,,,,,,,,,,,
,,,,,,,,,,,,
,,,,,,,,,,,,
,,,,,,,,,,,,
,,,,,,,,,,,,
,,,,,,,,,,,,
,,,,,,,,,,,,
,,,,,,,,,,,,
,,,,,,,,,,,,
,,,,,,,,,,,,
,,,,,,,,,,,,
,,,,,,,,,,,,
,,,,,,,,,,,,
,,,,,,,,,,,,
,,,,,,,,,,,,
,,,,,,,,,,,,
,,,,,,,,,,,,
,,,,,,,,,,,,
,,,,,,,,,,,,
,,,,,,,,,,,,
,,,,,,,,,,,,
,,,,,,,,,,,,
,,,,,,,,,,,,
,,,,,,,,,,,,
,,,,,,,,,,,,
,,,,,,,,,,,,
,,,,,,,,,,,,
,,,,,,,,,,,,
,,,,,,,,,,,,
,,,,,,,,,,,,
,,,,,,,,,,,,
,,,,,,,,,,,,
,,,,,,,,,,,,
,,,,,,,,,,,,
,,,,,,,,,,,,
,,,,,,,,,,,,
,,,,,,,,,,,,
,,,,,,,,,,,,
,,,,,,,,,,,,
,,,,,,,,,,,,
,,,,,,,,,,,,
,,,,,,,,,,,,
,,,,,,,,,,,,
,,,,,,,,,,,,
,,,,,,,,,,,,
,,,,,,,,,,,,
,,,,,,,,,,,,
,,,,,,,,,,,,
,,,,,,,,,,,,
,,,,,,,,,,,,
,,,,,,,,,,,,
,,,,,,,,,,,,
,,,,,,,,,,,,
,,,,,,,,,,,,
,,,,,,,,,,,,
,,,,,,,,,,,,
,,,,,,,,,,,,
,,,,,,,,,,,,
,,,,,,,,,,,,
,,,,,,,,,,,,
,,,,,,,,,,,,
,,,,,,,,,,,,
,,,,,,,,,,,,
,,,,,,,,,,,,
,,,,,,,,,,,,
,,,,,,,,,,,,
,,,,,,,,,,,,
,,,,,,,,,,,,
,,,,,,,,,,,,
,,,,,,,,,,,,
,,,,,,,,,,,,
,,,,,,,,,,,,
,,,,,,,,,,,,
,,,,,,,,,,,,
,,,,,,,,,,,,
,,,,,,,,,,,,
,,,,,,,,,,,,
,,,,,,,,,,,,
,,,,,,,,,,,,
,,,,,,,,,,,,
,,,,,,,,,,,,
,,,,,,,,,,,,
,,,,,,,,,,,,
,,,,,,,,,,,,
,,,,,,,,,,,,
,,,,,,,,,,,,
,,,,,,,,,,,,
,,,,,,,,,,,,
,,,,,,,,,,,,
,,,,,,,,,,,,
,,,,,,,,,,,,
,,,,,,,,,,,,
,,,,,,,,,,,,
,,,,,,,,,,,,
,,,,,,,,,,,,
,,,,,,,,,,,,
,,,,,,,,,,,,
,,,,,,,,,,,,
,,,,,,,,,,,,
,,,,,,,,,,,,
,,,,,,,,,,,,
,,,,,,,,,,,,
,,,,,,,,,,,,
,,,,,,,,,,,,
,,,,,,,,,,,,
,,,,,,,,,,,,
,,,,,,,,,,,,
,,,,,,,,,,,,
,,,,,,,,,,,,
,,,,,,,,,,,,
,,,,,,,,,,,,
,,,,,,,,,,,,
,,,,,,,,,,,,
,,,,,,,,,,,,
,,,,,,,,,,,,
,,,,,,,,,,,,
,,,,,,,,,,,,
,,,,,,,,,,,,
,,,,,,,,,,,,
,,,,,,,,,,,,
,,,,,,,,,,,,
,,,,,,,,,,,,
,,,,,,,,,,,,
,,,,,,,,,,,,
,,,,,,,,,,,,
,,,,,,,,,,,,
,,,,,,,,,,,,
,,,,,,,,,,,,
,,,,,,,,,,,,
,,,,,,,,,,,,
,,,,,,,,,,,,
,,,,,,,,,,,,
,,,,,,,,,,,,
,,,,,,,,,,,,
,,,,,,,,,,,,
,,,,,,,,,,,,
,,,,,,,,,,,,
Shannon's Medical Treatment,0,4,91,,,30,,,,,,LQUE3001
Gorthein's Hidden Talent,0,4,91,,,30,,,,,,LQUE3002
Necessity of a New Shrine (1),0,4,91,,,40,,,,,,LQUE3003
Propagation Risking Danger,0,4,91,,,40,,,,,,LQUE3004
Necessity of a New Shrine (2),0,4,91,,,42,,,,,,LQUE3005
In Readiness for War,0,4,91,,,53,,,,,,LQUE3006
The Arumics' Request,0,4,91,,,60,,,,,,LQUE3007
,,,,,,,,,,,,
,,,,,,,,,,,,
,,,,,,,,,,,,
,,,,,,,,,,,,
,,,,,,,,,,,,
,,,,,,,,,,,,
,,,,,,,,,,,,
,,,,,,,,,,,,
,,,,,,,,,,,,
Lost Tools,0,11,86,,,,,,,,,LQUE3017
Broken Engine,0,11,86,,,,,,,,,LQUE3018
,,,,,,,,,,,,
The Choice,0,11,86,,,,,,,,,LQUE3020
,,,,,,,,,,,,
,,,,,,,,,,,,
,,,,,,,,,,,,
,,,,,,,,,,,,
,,,,,,,,,,,,
,,,,,,,,,,,,
,,,,,,,,,,,,
,,,,,,,,,,,,
,,,,,,,,,,,,
,,,,,,,,,,,,
,,,,,,,,,,,,
,,,,,,,,,,,,
,,,,,,,,,,,,
,,,,,,,,,,,,
,,,,,,,,,,,,
,,,,,,,,,,,,
,,,,,,,,,,,,
,,,,,,,,,,,,
,,,,,,,,,,,,
,,,,,,,,,,,,
,,,,,,,,,,,,
,,,,,,,,,,,,
,,,,,,,,,,,,
,,,,,,,,,,,,
,,,,,,,,,,,,
,,,,,,,,,,,,
,,,,,,,,,,,,
,,,,,,,,,,,,
,,,,,,,,,,,,
,,,,,,,,,,,,
,,,,,,,,,,,,
,,,,,,,,,,,,
,,,,,,,,,,,,
,,,,,,,,,,,,
,,,,,,,,,,,,
,,,,,,,,,,,,
,,,,,,,,,,,,
,,,,,,,,,,,,
,,,,,,,,,,,,
,,,,,,,,,,,,
,,,,,,,,,,,,
,,,,,,,,,,,,
,,,,,,,,,,,,
,,,,,,,,,,,,
,,,,,,,,,,,,
,,,,,,,,,,,,
,,,,,,,,,,,,
,,,,,,,,,,,,
,,,,,,,,,,,,
,,,,,,,,,,,,
,,,,,,,,,,,,
,,,,,,,,,,,,
,,,,,,,,,,,,
,,,,,,,,,,,,
,,,,,,,,,,,,
,,,,,,,,,,,,
,,,,,,,,,,,,
,,,,,,,,,,,,
,,,,,,,,,,,,
,,,,,,,,,,,,
,,,,,,,,,,,,
,,,,,,,,,,,,
,,,,,,,,,,,,
,,,,,,,,,,,,
,,,,,,,,,,,,
,,,,,,,,,,,,
,,,,,,,,,,,,
,,,,,,,,,,,,
,,,,,,,,,,,,
,,,,,,,,,,,,
,,,,,,,,,,,,
,,,,,,,,,,,,
,,,,,,,,,,,,
,,,,,,,,,,,,
,,,,,,,,,,,,
,,,,,,,,,,,,
,,,,,,,,,,,,
,,,,,,,,,,,,
Dem Bugs,0,11,80,,,,,,,,,LQUE3099
,,,,,,,,,,,,
Wickedness of the Righteous Crusaders,360,4,79,,,,,,,,,LQUE3101
Arrogance of the Junon Order,360,4,79,,,,,,,,,LQUE3102
,,,,,,,,,,,,
,,,,,,,,,,,,
,,,,,,,,,,,,
,,,,,,,,,,,,
,,,,,,,,,,,,
,,,,,,,,,,,,
,,,,,,,,,,,,
,,,,,,,,,,,,
,,,,,,,,,,,,
,,,,,,,,,,,,
,,,,,,,,,,,,
,,,,,,,,,,,,
,,,,,,,,,,,,
,,,,,,,,,,,,
,,,,,,,,,,,,
,,,,,,,,,,,,
,,,,,,,,,,,,
,,,,,,,,,,,,
,,,,,,,,,,,,
,,,,,,,,,,,,
,,,,,,,,,,,,
,,,,,,,,,,,,
,,,,,,,,,,,,
,,,,,,,,,,,,
,,,,,,,,,,,,
,,,,,,,,,,,,
,,,,,,,,,,,,
,,,,,,,,,,,,
,,,,,,,,,,,,
,,,,,,,,,,,,
,,,,,,,,,,,,
,,,,,,,,,,,,
,,,,,,,,,,,,
,,,,,,,,,,,,
,,,,,,,,,,,,
,,,,,,,,,,,,
,,,,,,,,,,,,
,,,,,,,,,,,,
,,,,,,,,,,,,
,,,,,,,,,,,,
,,,,,,,,,,,,
,,,,,,,,,,,,
,,,,,,,,,,,,
,,,,,,,,,,,,
,,,,,,,,,,,,
,,,,,,,,,,,,
,,,,,,,,,,,,
,,,,,,,,,,,,
,,,,,,,,,,,,
,,,,,,,,,,,,
,,,,,,,,,,,,
,,,,,,,,,,,,
,,,,,,,,,,,,
,,,,,,,,,,,,
,,,,,,,,,,,,
,,,,,,,,,,,,
,,,,,,,,,,,,
,,,,,,,,,,,,
,,,,,,,,,,,,
,,,,,,,,,,,,
,,,,,,,,,,,,
,,,,,,,,,,,,
,,,,,,,,,,,,
,,,,,,,,,,,,
,,,,,,,,,,,,
,,,,,,,,,,,,
,,,,,,,,,,,,
,,,,,,,,,,,,
,,,,,,,,,,,,
,,,,,,,,,,,,
,,,,,,,,,,,,
,,,,,,,,,,,,
,,,,,,,,,,,,
,,,,,,,,,,,,
,,,,,,,,,,,,
,,,,,,,,,,,,
,,,,,,,,,,,,
,,,,,,,,,,,,
,,,,,,,,,,,,
,,,,,,,,,,,,
,,,,,,,,,,,,
,,,,,,,,,,,,
,,,,,,,,,,,,
,,,,,,,,,,,,
,,,,,,,,,,,,
,,,,,,,,,,,,
,,,,,,,,,,,,
,,,,,,,,,,,,
,,,,,,,,,,,,
,,,,,,,,,,,,
,,,,,,,,,,,,
,,,,,,,,,,,,
,,,,,,,,,,,,
,,,,,,,,,,,,
,,,,,,,,,,,,
,,,,,,,,,,,,
,,,,,,,,,,,,
,,,,,,,,,,,,
,,,,,,,,,,,,
,,,,,,,,,,,,
,,,,,,,,,,,,
,,,,,,,,,,,,
,,,,,,,,,,,,
,,,,,,,,,,,,
,,,,,,,,,,,,
,,,,,,,,,,,,
,,,,,,,,,,,,
,,,,,,,,,,,,
,,,,,,,,,,,,
,,,,,,,,,,,,
,,,,,,,,,,,,
,,,,,,,,,,,,
,,,,,,,,,,,,
,,,,,,,,,,,,
,,,,,,,,,,,,
,,,,,,,,,,,,
,,,,,,,,,,,,
,,,,,,,,,,,,
,,,,,,,,,,,,
,,,,,,,,,,,,
,,,,,,,,,,,,
,,,,,,,,,,,,
,,,,,,,,,,,,
,,,,,,,,,,,,
,,,,,,,,,,,,
,,,,,,,,,,,,
,,,,,,,,,,,,
,,,,,,,,,,,,
,,,,,,,,,,,,
,,,,,,,,,,,,
,,,,,,,,,,,,
,,,,,,,,,,,,
,,,,,,,,,,,,
,,,,,,,,,,,,
,,,,,,,,,,,,
,,,,,,,,,,,,
,,,,,,,,,,,,
,,,,,,,,,,,,
,,,,,,,,,,,,
,,,,,,,,,,,,
,,,,,,,,,,,,
,,,,,,,,,,,,
,,,,,,,,,,,,
,,,,,,,,,,,,
,,,,,,,,,,,,
,,,,,,,,,,,,
,,,,,,,,,,,,
,,,,,,,,,,,,
,,,,,,,,,,,,
,,,,,,,,,,,,
,,,,,,,,,,,,
,,,,,,,,,,,,
,,,,,,,,,,,,
,,,,,,,,,,,,
,,,,,,,,,,,,
,,,,,,,,,,,,
,,,,,,,,,,,,
,,,,,,,,,,,,
,,,,,,,,,,,,
,,,,,,,,,,,,
,,,,,,,,,,,,
,,,,,,,,,,,,
,,,,,,,,,,,,
,,,,,,,,,,,,
,,,,,,,,,,,,
,,,,,,,,,,,,
,,,,,,,,,,,,
,,,,,,,,,,,,
,,,,,,,,,,,,
,,,,,,,,,,,,
,,,,,,,,,,,,
,,,,,,,,,,,,
,,,,,,,,,,,,
,,,,,,,,,,,,
,,,,,,,,,,,,
,,,,,,,,,,,,
,,,,,,,,,,,,
,,,,,,,,,,,,
,,,,,,,,,,,,
,,,,,,,,,,,,
,,,,,,,,,,,,
,,,,,,,,,,,,
,,,,,,,,,,,,
,,,,,,,,,,,,
,,,,,,,,,,,,
,,,,,,,,,,,,
,,,,,,,,,,,,
,,,,,,,,,,,,
,,,,,,,,,,,,
,,,,,,,,,,,,
,,,,,,,,,,,,
,,,,,,,,,,,,
,,,,,,,,,,,,
,,,,,,,,,,,,
,,,,,,,,,,,,
,,,,,,,,,,,,
,,,,,,,,,,,,
,,,,,,,,,,,,
,,,,,,,,,,,,
,,,,,,,,,,,,
,,,,,,,,,,,,
,,,,,,,,,,,,
,,,,,,,,,,,,
,,,,,,,,,,,,
,,,,,,,,,,,,
,,,,,,,,,,,,
,,,,,,,,,,,,
,,,,,,,,,,,,
,,,,,,,,,,,,
,,,,,,,,,,,,
,,,,,,,,,,,,
,,,,,,,,,,,,
,,,,,,,,,,,,
,,,,,,,,,,,,
,,,,,,,,,,,,
,,,,,,,,,,,,
,,,,,,,,,,,,
,,,,,,,,,,,,
,,,,,,,,,,,,
,,,,,,,,,,,,
,,,,,,,,,,,,
,,,,,,,,,,,,
,,,,,,,,,,,,
,,,,,,,,,,,,
,,,,,,,,,,,,
,,,,,,,,,,,,
,,,,,,,,,,,,
,,,,,,,,,,,,
,,,,,,,,,,,,
,,,,,,,,,,,,
,,,,,,,,,,,,
,,,,,,,,,,,,
,,,,,,,,,,,,
,,,,,,,,,,,,
,,,,,,,,,,,,
,,,,,,,,,,,,
,,,,,,,,,,,,
,,,,,,,,,,,,
,,,,,,,,,,,,
,,,,,,,,,,,,
,,,,,,,,,,,,
,,,,,,,,,,,,
,,,,,,,,,,,,
,,,,,,,,,,,,
,,,,,,,,,,,,
,,,,,,,,,,,,
,,,,,,,,,,,,
,,,,,,,,,,,,
,,,,,,,,,,,,
,,,,,,,,,,,,
,,,,,,,,,,,,
,,,,,,,,,,,,
,,,,,,,,,,,,
,,,,,,,,,,,,
,,,,,,,,,,,,
,,,,,,,,,,,,
,,,,,,,,,,,,
,,,,,,,,,,,,
,,,,,,,,,,,,
,,,,,,,,,,,,
,,,,,,,,,,,,
,,,,,,,,,,,,
,,,,,,,,,,,,
,,,,,,,,,,,,
,,,,,,,,,,,,
,,,,,,,,,,,,
,,,,,,,,,,,,
,,,,,,,,,,,,
,,,,,,,,,,,,
,,,,,,,,,,,,
,,,,,,,,,,,,
,,,,,,,,,,,,
,,,,,,,,,,,,
,,,,,,,,,,,,
,,,,,,,,,,,,
,,,,,,,,,,,,
,,,,,,,,,,,,
,,,,,,,,,,,,
,,,,,,,,,,,,
,,,,,,,,,,,,
,,,,,,,,,,,,
,,,,,,,,,,,,
,,,,,,,,,,,,
,,,,,,,,,,,,
,,,,,,,,,,,,
,,,,,,,,,,,,
,,,,,,,,,,,,
,,,,,,,,,,,,
,,,,,,,,,,,,
,,,,,,,,,,,,
,,,,,,,,,,,,
,,,,,,,,,,,,
,,,,,,,,,,,,
,,,,,,,,,,,,
,,,,,,,,,,,,
,,,,,,,,,,,,
,,,,,,,,,,,,
,,,,,,,,,,,,
Violence by Porkies,0,4,93,,,30,,,,,,LQUE3401
Moldie's Strange Behavior,0,4,93,,,34,,,,,,LQUE3402
Supplying Training Weapons,0,4,93,,,37,,,,,,LQUE3403
Lawless Porkie Hooligans,0,4,93,,,31,,,,,,LQUE3404
Supplying Training Gloves,0,4,93,,,42,,,,,,LQUE3405
Majesty of the Righteous Crusaders,0,4,93,,,55,,,,,,LQUE3406
Righteous Crusaders in Preparation,0,4,93,,,61,,,,,,LQUE3407
,,,,,,,,,,,,
,,,,,,,,,,,,
,,,,,,,,,,,,
,,,,,,,,,,,,
,,,,,,,,,,,,
,,,,,,,,,,,,
,,,,,,,,,,,,
,,,,,,,,,,,,
,,,,,,,,,,,,
,,,,,,,,,,,,
,,,,,,,,,,,,
,,,,,,,,,,,,
,,,,,,,,,,,,
,,,,,,,,,,,,
,,,,,,,,,,,,
,,,,,,,,,,,,
,,,,,,,,,,,,
,,,,,,,,,,,,
,,,,,,,,,,,,
,,,,,,,,,,,,
,,,,,,,,,,,,
,,,,,,,,,,,,
,,,,,,,,,,,,
,,,,,,,,,,,,
,,,,,,,,,,,,
,,,,,,,,,,,,
,,,,,,,,,,,,
,,,,,,,,,,,,
,,,,,,,,,,,,
,,,,,,,,,,,,
,,,,,,,,,,,,
,,,,,,,,,,,,
,,,,,,,,,,,,
,,,,,,,,,,,,
,,,,,,,,,,,,
,,,,,,,,,,,,
,,,,,,,,,,,,
,,,,,,,,,,,,
,,,,,,,,,,,,
,,,,,,,,,,,,
,,,,,,,,,,,,
,,,,,,,,,,,,
,,,,,,,,,,,,
,,,,,,,,,,,,
,,,,,,,,,,,,
,,,,,,,,,,,,
,,,,,,,,,,,,
,,,,,,,,,,,,
,,,,,,,,,,,,
,,,,,,,,,,,,
,,,,,,,,,,,,
,,,,,,,,,,,,
,,,,,,,,,,,,
,,,,,,,,,,,,
,,,,,,,,,,,,
,,,,,,,,,,,,
,,,,,,,,,,,,
,,,,,,,,,,,,
,,,,,,,,,,,,
,,,,,,,,,,,,
,,,,,,,,,,,,
,,,,,,,,,,,,
,,,,,,,,,,,,
,,,,,,,,,,,,
,,,,,,,,,,,,
,,,,,,,,,,,,
,,,,,,,,,,,,
,,,,,,,,,,,,
,,,,,,,,,,,,
,,,,,,,,,,,,
,,,,,,,,,,,,
,,,,,,,,,,,,
,,,,,,,,,,,,
,,,,,,,,,,,,
,,,,,,,,,,,,
,,,,,,,,,,,,
,,,,,,,,,,,,
,,,,,,,,,,,,
,,,,,,,,,,,,
,,,,,,,,,,,,
,,,,,,,,,,,,
,,,,,,,,,,,,
,,,,,,,,,,,,
,,,,,,,,,,,,
,,,,,,,,,,,,
,,,,,,,,,,,,
,,,,,,,,,,,,
,,,,,,,,,,,,
,,,,,,,,,,,,
,,,,,,,,,,,,
,,,,,,,,,,,,
,,,,,,,,,,,,
,,,,,,,,,,,,
,,,,,,,,,,,,
,,,,,,,,,,,,
,,,,,,,,,,,,
,,,,,,,,,,,,
,,,,,,,,,,,,
,,,,,,,,,,,,
,,,,,,,,,,,,
,,,,,,,,,,,,
,,,,,,,,,,,,
,,,,,,,,,,,,
,,,,,,,,,,,,
,,,,,,,,,,,,
,,,,,,,,,,,,
,,,,,,,,,,,,
,,,,,,,,,,,,
,,,,,,,,,,,,
,,,,,,,,,,,,
,,,,,,,,,,,,
,,,,,,,,,,,,
,,,,,,,,,,,,
,,,,,,,,,,,,
,,,,,,,,,,,,
,,,,,,,,,,,,
,,,,,,,,,,,,
,,,,,,,,,,,,
,,,,,,,,,,,,
,,,,,,,,,,,,
,,,,,,,,,,,,
,,,,,,,,,,,,
,,,,,,,,,,,,
,,,,,,,,,,,,
,,,,,,,,,,,,
,,,,,,,,,,,,
,,,,,,,,,,,,
,,,,,,,,,,,,
,,,,,,,,,,,,
,,,,,,,,,,,,
,,,,,,,,,,,,
,,,,,,,,,,,,
,,,,,,,,,,,,
,,,,,,,,,,,,
,,,,,,,,,,,,
,,,,,,,,,,,,
,,,,,,,,,,,,
,,,,,,,,,,,,
,,,,,,,,,,,,
,,,,,,,,,,,,
,,,,,,,,,,,,
,,,,,,,,,,,,
,,,,,,,,,,,,
,,,,,,,,,,,,
,,,,,,,,,,,,
,,,,,,,,,,,,
,,,,,,,,,,,,
,,,,,,,,,,,,
,,,,,,,,,,,,
,,,,,,,,,,,,
,,,,,,,,,,,,
,,,,,,,,,,,,
,,,,,,,,,,,,
,,,,,,,,,,,,
,,,,,,,,,,,,
,,,,,,,,,,,,
,,,,,,,,,,,,
,,,,,,,,,,,,
,,,,,,,,,,,,
,,,,,,,,,,,,
,,,,,,,,,,,,
,,,,,,,,,,,,
,,,,,,,,,,,,
,,,,,,,,,,,,
,,,,,,,,,,,,
,,,,,,,,,,,,
,,,,,,,,,,,,
,,,,,,,,,,,,
,,,,,,,,,,,,
,,,,,,,,,,,,
,,,,,,,,,,,,
,,,,,,,,,,,,
,,,,,,,,,,,,
,,,,,,,,,,,,
,,,,,,,,,,,,
,,,,,,,,,,,,
,,,,,,,,,,,,
,,,,,,,,,,,,
,,,,,,,,,,,,
,,,,,,,,,,,,
,,,,,,,,,,,,
,,,,,,,,,,,,
,,,,,,,,,,,,
,,,,,,,,,,,,
,,,,,,,,,,,,
,,,,,,,,,,,,
,,,,,,,,,,,,
,,,,,,,,,,,,
,,,,,,,,,,,,
,,,,,,,,,,,,
,,,,,,,,,,,,
,,,,,,,,,,,,
,,,,,,,,,,,,
Unexpectedly Useful Porkie Spines,0,4,94,,,30,,,,,,LQUE3601
Coal Mine Moldies under Arumic Watch,0,4,94,,,34,,,,,,LQUE3602
Grunter's Mysterious Strength,0,4,94,,,39,,,,,,LQUE3603
"Lutis, Guard of Luxem Tower",0,4,94,,,30,,,,,,LQUE3604
Plant Extract: Magic Fundamental,0,4,94,,,41,,,,,,LQUE3605
Magic Weapon Production,0,4,94,,,53,,,,,,LQUE3606
Weak Mana Waves from Lunar,0,4,94,,,62,,,,,,LQUE3607
,,,,,,,,,,,,
,,,,,,,,,,,,
,,,,,,,,,,,,
,,,,,,,,,,,,
,,,,,,,,,,,,
,,,,,,,,,,,,
,,,,,,,,,,,,
,,,,,,,,,,,,
,,,,,,,,,,,,
,,,,,,,,,,,,
,,,,,,,,,,,,
,,,,,,,,,,,,
,,,,,,,,,,,,
,,,,,,,,,,,,
,,,,,,,,,,,,
,,,,,,,,,,,,
,,,,,,,,,,,,
,,,,,,,,,,,,
,,,,,,,,,,,,
,,,,,,,,,,,,
,,,,,,,,,,,,
,,,,,,,,,,,,
,,,,,,,,,,,,
,,,,,,,,,,,,
,,,,,,,,,,,,
,,,,,,,,,,,,
,,,,,,,,,,,,
,,,,,,,,,,,,
,,,,,,,,,,,,
,,,,,,,,,,,,
,,,,,,,,,,,,
,,,,,,,,,,,,
,,,,,,,,,,,,
,,,,,,,,,,,,
,,,,,,,,,,,,
,,,,,,,,,,,,
,,,,,,,,,,,,
,,,,,,,,,,,,
,,,,,,,,,,,,
,,,,,,,,,,,,
,,,,,,,,,,,,
,,,,,,,,,,,,
,,,,,,,,,,,,
,,,,,,,,,,,,
,,,,,,,,,,,,
,,,,,,,,,,,,
,,,,,,,,,,,,
,,,,,,,,,,,,
,,,,,,,,,,,,
,,,,,,,,,,,,
,,,,,,,,,,,,
,,,,,,,,,,,,
,,,,,,,,,,,,
,,,,,,,,,,,,
,,,,,,,,,,,,
,,,,,,,,,,,,
,,,,,,,,,,,,
,,,,,,,,,,,,
,,,,,,,,,,,,
,,,,,,,,,,,,
,,,,,,,,,,,,
,,,,,,,,,,,,
,,,,,,,,,,,,
,,,,,,,,,,,,
,,,,,,,,,,,,
,,,,,,,,,,,,
,,,,,,,,,,,,
,,,,,,,,,,,,
,,,,,,,,,,,,
,,,,,,,,,,,,
,,,,,,,,,,,,
,,,,,,,,,,,,
,,,,,,,,,,,,
,,,,,,,,,,,,
,,,,,,,,,,,,
,,,,,,,,,,,,
,,,,,,,,,,,,
,,,,,,,,,,,,
,,,,,,,,,,,,
,,,,,,,,,,,,
,,,,,,,,,,,,
,,,,,,,,,,,,
,,,,,,,,,,,,
,,,,,,,,,,,,
,,,,,,,,,,,,
,,,,,,,,,,,,
,,,,,,,,,,,,
,,,,,,,,,,,,
,,,,,,,,,,,,
,,,,,,,,,,,,
,,,,,,,,,,,,
,,,,,,,,,,,,
,,,,,,,,,,,,
,,,,,,,,,,,,
,,,,,,,,,,,,
,,,,,,,,,,,,
,,,,,,,,,,,,
,,,,,,,,,,,,
,,,,,,,,,,,,
,,,,,,,,,,,,
,,,,,,,,,,,,
,,,,,,,,,,,,
,,,,,,,,,,,,
,,,,,,,,,,,,
,,,,,,,,,,,,
,,,,,,,,,,,,
,,,,,,,,,,,,
,,,,,,,,,,,,
,,,,,,,,,,,,
,,,,,,,,,,,,
,,,,,,,,,,,,
,,,,,,,,,,,,
,,,,,,,,,,,,
,,,,,,,,,,,,
,,,,,,,,,,,,
,,,,,,,,,,,,
,,,,,,,,,,,,
,,,,,,,,,,,,
,,,,,,,,,,,,
,,,,,,,,,,,,
,,,,,,,,,,,,
,,,,,,,,,,,,
,,,,,,,,,,,,
,,,,,,,,,,,,
,,,,,,,,,,,,
,,,,,,,,,,,,
,,,,,,,,,,,,
,,,,,,,,,,,,
,,,,,,,,,,,,
,,,,,,,,,,,,
,,,,,,,,,,,,
,,,,,,,,,,,,
,,,,,,,,,,,,
,,,,,,,,,,,,
,,,,,,,,,,,,
,,,,,,,,,,,,
,,,,,,,,,,,,
,,,,,,,,,,,,
,,,,,,,,,,,,
,,,,,,,,,,,,
,,,,,,,,,,,,
,,,,,,,,,,,,
,,,,,,,,,,,,
,,,,,,,,,,,,
,,,,,,,,,,,,
,,,,,,,,,,,,
,,,,,,,,,,,,
,,,,,,,,,,,,
,,,,,,,,,,,,
,,,,,,,,,,,,
,,,,,,,,,,,,
,,,,,,,,,,,,
,,,,,,,,,,,,
,,,,,,,,,,,,
,,,,,,,,,,,,
,,,,,,,,,,,,
,,,,,,,,,,,,
,,,,,,,,,,,,
,,,,,,,,,,,,
,,,,,,,,,,,,
,,,,,,,,,,,,
,,,,,,,,,,,,
,,,,,,,,,,,,
,,,,,,,,,,,,
,,,,,,,,,,,,
,,,,,,,,,,,,
,,,,,,,,,,,,
,,,,,,,,,,,,
,,,,,,,,,,,,
,,,,,,,,,,,,
,,,,,,,,,,,,
,,,,,,,,,,,,
,,,,,,,,,,,,
,,,,,,,,,,,,
,,,,,,,,,,,,
,,,,,,,,,,,,
,,,,,,,,,,,,
,,,,,,,,,,,,
,,,,,,,,,,,,
,,,,,,,,,,,,
,,,,,,,,,,,,
,,,,,,,,,,,,
,,,,,,,,,,,,
,,,,,,,,,,,,
,,,,,,,,,,,,
,,,,,,,,,,,,
,,,,,,,,,,,,
,,,,,,,,,,,,
,,,,,,,,,,,,
,,,,,,,,,,,,
,,,,,,,,,,,,
,,,,,,,,,,,,
,,,,,,,,,,,,
It Might be Worth More Later,0,4,95,,,30,,,,,,LQUE3801
Stockpiling High Quality Coal,0,4,95,,,33,,,,,,LQUE3802
Ferrell Guild Lounge Construction,0,4,95,,,41,,,,,,LQUE3803
Charrs' Elaborate Market Price Analysis Table,0,4,95,,,30,,,,,,LQUE3804
Arms Distribution Effort,0,4,95,,,42,,,,,,LQUE3805
Reassuring Support,0,4,95,,,55,,,,,,LQUE3806
New Recovery Potion,0,4,95,,,61,,,,,,LQUE3807
,,,,,,,,,,,,
,,,,,,,,,,,,
,,,,,,,,,,,,
,,,,,,,,,,,,
,,,,,,,,,,,,
,,,,,,,,,,,,
,,,,,,,,,,,,
,,,,,,,,,,,,
,,,,,,,,,,,,
,,,,,,,,,,,,
,,,,,,,,,,,,
,,,,,,,,,,,,
,,,,,,,,,,,,
,,,,,,,,,,,,
,,,,,,,,,,,,
,,,,,,,,,,,,
,,,,,,,,,,,,
,,,,,,,,,,,,
,,,,,,,,,,,,
,,,,,,,,,,,,
,,,,,,,,,,,,
,,,,,,,,,,,,
,,,,,,,,,,,,
,,,,,,,,,,,,
,,,,,,,,,,,,
,,,,,,,,,,,,
,,,,,,,,,,,,
,,,,,,,,,,,,
,,,,,,,,,,,,
,,,,,,,,,,,,
,,,,,,,,,,,,
,,,,,,,,,,,,
,,,,,,,,,,,,
,,,,,,,,,,,,
,,,,,,,,,,,,
,,,,,,,,,,,,
,,,,,,,,,,,,
,,,,,,,,,,,,
,,,,,,,,,,,,
,,,,,,,,,,,,
,,,,,,,,,,,,
,,,,,,,,,,,,
,,,,,,,,,,,,
,,,,,,,,,,,,
,,,,,,,,,,,,
,,,,,,,,,,,,
,,,,,,,,,,,,
,,,,,,,,,,,,
,,,,,,,,,,,,
,,,,,,,,,,,,
,,,,,,,,,,,,
,,,,,,,,,,,,
,,,,,,,,,,,,
,,,,,,,,,,,,
,,,,,,,,,,,,
,,,,,,,,,,,,
,,,,,,,,,,,,
,,,,,,,,,,,,
,,,,,,,,,,,,
,,,,,,,,,,,,
,,,,,,,,,,,,
,,,,,,,,,,,,
,,,,,,,,,,,,
,,,,,,,,,,,,
,,,,,,,,,,,,
,,,,,,,,,,,,
,,,,,,,,,,,,
,,,,,,,,,,,,
,,,,,,,,,,,,
,,,,,,,,,,,,
,,,,,,,,,,,,
,,,,,,,,,,,,
,,,,,,,,,,,,
,,,,,,,,,,,,
,,,,,,,,,,,,
,,,,,,,,,,,,
,,,,,,,,,,,,
,,,,,,,,,,,,
,,,,,,,,,,,,
,,,,,,,,,,,,
,,,,,,,,,,,,
,,,,,,,,,,,,
,,,,,,,,,,,,
,,,,,,,,,,,,
,,,,,,,,,,,,
,,,,,,,,,,,,
,,,,,,,,,,,,
,,,,,,,,,,,,
,,,,,,,,,,,,
,,,,,,,,,,,,
,,,,,,,,,,,,
,,,,,,,,,,,,
,,,,,,,,,,,,
,,,,,,,,,,,,
,,,,,,,,,,,,
,,,,,,,,,,,,
,,,,,,,,,,,,
,,,,,,,,,,,,
,,,,,,,,,,,,
,,,,,,,,,,,,
,,,,,,,,,,,,
,,,,,,,,,,,,
,,,,,,,,,,,,
,,,,,,,,,,,,
,,,,,,,,,,,,
,,,,,,,,,,,,
,,,,,,,,,,,,
,,,,,,,,,,,,
,,,,,,,,,,,,
,,,,,,,,,,,,
,,,,,,,,,,,,
,,,,,,,,,,,,
,,,,,,,,,,,,
,,,,,,,,,,,,
,,,,,,,,,,,,
,,,,,,,,,,,,
,,,,,,,,,,,,
,,,,,,,,,,,,
,,,,,,,,,,,,
,,,,,,,,,,,,
,,,,,,,,,,,,
,,,,,,,,,,,,
,,,,,,,,,,,,
,,,,,,,,,,,,
,,,,,,,,,,,,
,,,,,,,,,,,,
,,,,,,,,,,,,
,,,,,,,,,,,,
,,,,,,,,,,,,
,,,,,,,,,,,,
,,,,,,,,,,,,
,,,,,,,,,,,,
,,,,,,,,,,,,
,,,,,,,,,,,,
,,,,,,,,,,,,
,,,,,,,,,,,,
,,,,,,,,,,,,
,,,,,,,,,,,,
,,,,,,,,,,,,
,,,,,,,,,,,,
,,,,,,,,,,,,
,,,,,,,,,,,,
,,,,,,,,,,,,
,,,,,,,,,,,,
,,,,,,,,,,,,
,,,,,,,,,,,,
,,,,,,,,,,,,
,,,,,,,,,,,,
,,,,,,,,,,,,
,,,,,,,,,,,,
,,,,,,,,,,,,
,,,,,,,,,,,,
,,,,,,,,,,,,
,,,,,,,,,,,,
,,,,,,,,,,,,
,,,,,,,,,,,,
,,,,,,,,,,,,
,,,,,,,,,,,,
,,,,,,,,,,,,
,,,,,,,,,,,,
,,,,,,,,,,,,
,,,,,,,,,,,,
,,,,,,,,,,,,
,,,,,,,,,,,,
,,,,,,,,,,,,
,,,,,,,,,,,,
,,,,,,,,,,,,
,,,,,,,,,,,,
,,,,,,,,,,,,
,,,,,,,,,,,,
,,,,,,,,,,,,
,,,,,,,,,,,,
,,,,,,,,,,,,
,,,,,,,,,,,,
,,,,,,,,,,,,
,,,,,,,,,,,,
,,,,,,,,,,,,
,,,,,,,,,,,,
,,,,,,,,,,,,
,,,,,,,,,,,,
,,,,,,,,,,,,
,,,,,,,,,,,,
,,,,,,,,,,,,
,,,,,,,,,,,,
,,,,,,,,,,,,
,,,,,,,,,,,,
,,,,,,,,,,,,
Additional Errand,0,11,80,,,,,,,,,LQUE3995
,,,,,,,,,,,,
,,,,,,,,,,,,
,,,,,,,,,,,,
,,,,,,,,,,,,
Visitor Preperation,450,7,81,,,70,,,,,,LQUE4000
Visitor Instance,450,7,81,,,70,,,,,,LQUE4001
Veteran Preperation,450,7,81,,,100,,,,,,LQUE4002
Veteran Instance,450,7,81,,,100,,,,,,LQUE4003
Elite Preperation,450,7,81,,,150,,,,,,LQUE4004
Elite Instance,450,7,81,,,150,,,,,,LQUE4005
Nightmare Preperation,450,7,81,,,200,,,,,,LQUE4006
Nightmare Instance,450,7,81,,,200,,,,,,LQUE4007
,,,,,,,,,,,,
,,,,,,,,,,,,
Planet Hope,0,29,87,1,,228,,,,,,LQUE4010
Planet Hope,0,29,87,1,,228,,,,,,LQUE4011
Planet Hope,0,29,87,1,,228,,,,,,LQUE4012
Planet Hope,0,29,87,1,,228,,,,,,LQUE4013
Planet Hope,0,29,87,1,,228,,,,,,LQUE4014
Planet Hope,0,29,87,1,,228,,,,,,LQUE4015
,,,,,,,,,,,,
,,,,,,,,,,,,
,,,,,,,,,,,,
,,,,,,,,,,,,
Summoning Essifaz,0,0,87,,4,,,,,,,LQUE4020
Summoning Judge's Illusion,0,0,87,,5,,,,,,,LQUE4021
Summoning Denvanus,0,0,87,,6,,,,,,,LQUE4022
Summoning Arvaos,0,0,87,,7,,,,,,,LQUE4023
,,,,,,,,,,,,LQUE4024
,,,,,,,,,,,,LQUE4025
Injured Traveler,0,0,87,0,,,,,,,,LQUE4026
The Jabberwock Egg,0,0,87,0,,,,,,,,LQUE4027
The Jabberwock Egg,0,0,87,0,,,,,,,,LQUE4028
The Jabberwock Egg,0,0,87,0,,,,,,,,LQUE4029
The Jabberwock Egg,0,0,87,0,,,,,,,,LQUE4030
The Jabberwock Egg,0,0,87,0,,,,,,,,LQUE4031
Quest 1-3: Request of an injured knight,0,0,87,0,,,,,,,,LQUE4032
Quest 1-4: Request of an injured knight,0,0,87,0,,,,,,,,LQUE4033
Quest 1-5: Request of an injured knight,0,0,87,0,,,,,,,,LQUE4034
Quest 2-1: Planetary Hero,0,0,87,0,10,,,,,,,LQUE4035
Quest 2-1: Planetary Hero,0,0,87,0,10,,,,,,,LQUE4036
Quest 2-2: Planetary Hero,0,0,87,0,,,,,,,,LQUE4037
Quest 2-3: Planetary Hero,0,0,87,0,,,,,,,,LQUE4038
Quest 2-4: Planetary Hero,0,0,87,0,1,,,,,,,LQUE4039
Quest 2-5: Planetary Hero,0,0,87,0,,,,,,,,LQUE4040
Quest 3-1: The Lower Lands,0,0,87,0,,,,,,,,LQUE4041
Quest 3-2: The Lower Lands,0,0,87,0,,,,,,,,LQUE4042
Quest 3-3: The Lower Lands,0,0,87,0,,,,,,,,LQUE4043
Quest 3-4: The Lower Lands,0,0,87,0,,,,,,,,LQUE4044
Quest 4-1: The Cure?,0,0,87,0,,,,,,,,LQUE4045
Quest 4-2: The Cure?,0,0,87,0,,,,,,,,LQUE4046
Quest 4-3: The Cure?,0,0,87,0,,,,,,,,LQUE4047
Quest 4-4: The Cure?,60,0,87,0,2,,,,,,,LQUE4048
Quest 4-5: The Cure?,0,0,87,0,,,,,,,,LQUE4049
Quest 5-1: ,0,0,87,0,,,,,,,,LQUE4050
,,,,,,,,,,,,
,,,,,,,,,,,,
,,,,,,,,,,,,
,,,,,,,,,,,,
,,,,,,,,,,,,
,,,,,,,,,,,,
,,,,,,,,,,,,
,,,,,,,,,,,,
,,,,,,,,,,,,
,,,,,,,,,,,,
,,,,,,,,,,,,
,,,,,,,,,,,,
,,,,,,,,,,,,
,,,,,,,,,,,,
,,,,,,,,,,,,
,,,,,,,,,,,,
,,,,,,,,,,,,
,,,,,,,,,,,,
,,,,,,,,,,,,
,,,,,,,,,,,,
,,,,,,,,,,,,
,,,,,,,,,,,,
,,,,,,,,,,,,
,,,,,,,,,,,,
,,,,,,,,,,,,
,,,,,,,,,,,,
,,,,,,,,,,,,
,,,,,,,,,,,,
,,,,,,,,,,,,
,,,,,,,,,,,,
,,,,,,,,,,,,
,,,,,,,,,,,,
,,,,,,,,,,,,
,,,,,,,,,,,,
,,,,,,,,,,,,
,,,,,,,,,,,,
,,,,,,,,,,,,
,,,,,,,,,,,,
,,,,,,,,,,,,
,,,,,,,,,,,,
,,,,,,,,,,,,
,,,,,,,,,,,,
,,,,,,,,,,,,
,,,,,,,,,,,,
,,,,,,,,,,,,
,,,,,,,,,,,,
,,,,,,,,,,,,
,,,,,,,,,,,,
,,,,,,,,,,,,
Public Events,0,0,87,0,,,,,,,,LQUE4100
Public Events,0,0,87,0,,,,,,,,LQUE4101
Public Events,0,0,87,0,,,,,,,,LQUE4102
Public Events,0,0,87,0,,,,,,,,LQUE4103
Public Events,0,0,87,0,,,,,,,,LQUE4104
,,,,,,,,,,,,
,,,,,,,,,,,,
,,,,,,,,,,,,
,,,,,,,,,,,,
,,,,,,,,,,,,
,,,,,,,,,,,,
,,,,,,,,,,,,
,,,,,,,,,,,,
,,,,,,,,,,,,
,,,,,,,,,,,,
,,,,,,,,,,,,
,,,,,,,,,,,,
,,,,,,,,,,,,
,,,,,,,,,,,,
,,,,,,,,,,,,
,,,,,,,,,,,,
,,,,,,,,,,,,
,,,,,,,,,,,,
,,,,,,,,,,,,
,,,,,,,,,,,,
,,,,,,,,,,,,
,,,,,,,,,,,,
,,,,,,,,,,,,
,,,,,,,,,,,,
,,,,,,,,,,,,
,,,,,,,,,,,,
,,,,,,,,,,,,
,,,,,,,,,,,,
,,,,,,,,,,,,
,,,,,,,,,,,,
,,,,,,,,,,,,
,,,,,,,,,,,,
,,,,,,,,,,,,
,,,,,,,,,,,,
,,,,,,,,,,,,
,,,,,,,,,,,,
,,,,,,,,,,,,
,,,,,,,,,,,,
,,,,,,,,,,,,
,,,,,,,,,,,,
,,,,,,,,,,,,
,,,,,,,,,,,,
,,,,,,,,,,,,
,,,,,,,,,,,,
,,,,,,,,,,,,
,,,,,,,,,,,,
,,,,,,,,,,,,
,,,,,,,,,,,,
,,,,,,,,,,,,
,,,,,,,,,,,,
,,,,,,,,,,,,
,,,,,,,,,,,,
,,,,,,,,,,,,
,,,,,,,,,,,,
,,,,,,,,,,,,
,,,,,,,,,,,,
,,,,,,,,,,,,
,,,,,,,,,,,,
,,,,,,,,,,,,
,,,,,,,,,,,,
,,,,,,,,,,,,
,,,,,,,,,,,,
,,,,,,,,,,,,
,,,,,,,,,,,,
,,,,,,,,,,,,
,,,,,,,,,,,,
,,,,,,,,,,,,
,,,,,,,,,,,,
,,,,,,,,,,,,
,,,,,,,,,,,,
,,,,,,,,,,,,
,,,,,,,,,,,,
,,,,,,,,,,,,
,,,,,,,,,,,,
,,,,,,,,,,,,
,,,,,,,,,,,,
,,,,,,,,,,,,
,,,,,,,,,,,,
,,,,,,,,,,,,
,,,,,,,,,,,,
,,,,,,,,,,,,
,,,,,,,,,,,,
,,,,,,,,,,,,
,,,,,,,,,,,,
,,,,,,,,,,,,
,,,,,,,,,,,,
,,,,,,,,,,,,
,,,,,,,,,,,,
,,,,,,,,,,,,
,,,,,,,,,,,,
,,,,,,,,,,,,
,,,,,,,,,,,,
,,,,,,,,,,,,
,,,,,,,,,,,,
,,,,,,,,,,,,
,,,,,,,,,,,,
,,,,,,,,,,,,
,,,,,,,,,,,,
,,,,,,,,,,,,
,,,,,,,,,,,,
,,,,,,,,,,,,
,,,,,,,,,,,,
,,,,,,,,,,,,
,,,,,,,,,,,,
,,,,,,,,,,,,
,,,,,,,,,,,,
,,,,,,,,,,,,
,,,,,,,,,,,,
,,,,,,,,,,,,
,,,,,,,,,,,,
,,,,,,,,,,,,
,,,,,,,,,,,,
,,,,,,,,,,,,
,,,,,,,,,,,,
,,,,,,,,,,,,
,,,,,,,,,,,,
,,,,,,,,,,,,
,,,,,,,,,,,,
,,,,,,,,,,,,
,,,,,,,,,,,,
,,,,,,,,,,,,
,,,,,,,,,,,,
,,,,,,,,,,,,
,,,,,,,,,,,,
,,,,,,,,,,,,
,,,,,,,,,,,,
,,,,,,,,,,,,
,,,,,,,,,,,,
,,,,,,,,,,,,
,,,,,,,,,,,,
,,,,,,,,,,,,
,,,,,,,,,,,,
,,,,,,,,,,,,
,,,,,,,,,,,,
,,,,,,,,,,,,
,,,,,,,,,,,,
,,,,,,,,,,,,
,,,,,,,,,,,,
,,,,,,,,,,,,
,,,,,,,,,,,,
,,,,,,,,,,,,
,,,,,,,,,,,,
,,,,,,,,,,,,
,,,,,,,,,,,,
,,,,,,,,,,,,
,,,,,,,,,,,,
,,,,,,,,,,,,
,,,,,,,,,,,,
,,,,,,,,,,,,
,,,,,,,,,,,,
,,,,,,,,,,,,
,,,,,,,,,,,,
,,,,,,,,,,,,
,,,,,,,,,,,,
,,,,,,,,,,,,
,,,,,,,,,,,,
,,,,,,,,,,,,
,,,,,,,,,,,,
,,,,,,,,,,,,
,,,,,,,,,,,,
,,,,,,,,,,,,
,,,,,,,,,,,,
,,,,,,,,,,,,
,,,,,,,,,,,,
,,,,,,,,,,,,
,,,,,,,,,,,,
,,,,,,,,,,,,
,,,,,,,,,,,,
,,,,,,,,,,,,
,,,,,,,,,,,,
,,,,,,,,,,,,
,,,,,,,,,,,,
,,,,,,,,,,,,
,,,,,,,,,,,,
,,,,,,,,,,,,
,,,,,,,,,,,,
,,,,,,,,,,,,
,,,,,,,,,,,,
,,,,,,,,,,,,
,,,,,,,,,,,,
,,,,,,,,,,,,
,,,,,,,,,,,,
,,,,,,,,,,,,
,,,,,,,,,,,,
,,,,,,,,,,,,
,,,,,,,,,,,,
,,,,,,,,,,,,
,,,,,,,,,,,,
,,,,,,,,,,,,
,,,,,,,,,,,,
,,,,,,,,,,,,
,,,,,,,,,,,,
,,,,,,,,,,,,
,,,,,,,,,,,,
,,,,,,,,,,,,
,,,,,,,,,,,,
,,,,,,,,,,,,
,,,,,,,,,,,,
,,,,,,,,,,,,
,,,,,,,,,,,,
,,,,,,,,,,,,
,,,,,,,,,,,,
,,,,,,,,,,,,
,,,,,,,,,,,,
,,,,,,,,,,,,
,,,,,,,,,,,,
,,,,,,,,,,,,
,,,,,,,,,,,,
,,,,,,,,,,,,
,,,,,,,,,,,,
,,,,,,,,,,,,
,,,,,,,,,,,,
,,,,,,,,,,,,
,,,,,,,,,,,,
,,,,,,,,,,,,
,,,,,,,,,,,,
,,,,,,,,,,,,
,,,,,,,,,,,,
,,,,,,,,,,,,
,,,,,,,,,,,,
,,,,,,,,,,,,
,,,,,,,,,,,,
,,,,,,,,,,,,
,,,,,,,,,,,,
,,,,,,,,,,,,
,,,,,,,,,,,,
,,,,,,,,,,,,
,,,,,,,,,,,,
,,,,,,,,,,,,
,,,,,,,,,,,,
,,,,,,,,,,,,
,,,,,,,,,,,,
,,,,,,,,,,,,
,,,,,,,,,,,,
,,,,,,,,,,,,
,,,,,,,,,,,,
,,,,,,,,,,,,
,,,,,,,,,,,,
,,,,,,,,,,,,
,,,,,,,,,,,,
,,,,,,,,,,,,
,,,,,,,,,,,,
,,,,,,,,,,,,
,,,,,,,,,,,,
,,,,,,,,,,,,
,,,,,,,,,,,,
,,,,,,,,,,,,
,,,,,,,,,,,,
,,,,,,,,,,,,
,,,,,,,,,,,,
,,,,,,,,,,,,
,,,,,,,,,,,,
,,,,,,,,,,,,
,,,,,,,,,,,,
,,,,,,,,,,,,
,,,,,,,,,,,,
,,,,,,,,,,,,
,,,,,,,,,,,,
,,,,,,,,,,,,
,,,,,,,,,,,,
,,,,,,,,,,,,
,,,,,,,,,,,,
,,,,,,,,,,,,
,,,,,,,,,,,,
,,,,,,,,,,,,
,,,,,,,,,,,,
,,,,,,,,,,,,
,,,,,,,,,,,,
,,,,,,,,,,,,
,,,,,,,,,,,,
,,,,,,,,,,,,
,,,,,,,,,,,,
,,,,,,,,,,,,
,,,,,,,,,,,,
,,,,,,,,,,,,
,,,,,,,,,,,,
,,,,,,,,,,,,
,,,,,,,,,,,,
,,,,,,,,,,,,
,,,,,,,,,,,,
,,,,,,,,,,,,
,,,,,,,,,,,,
,,,,,,,,,,,,
,,,,,,,,,,,,
,,,,,,,,,,,,
,,,,,,,,,,,,
,,,,,,,,,,,,
,,,,,,,,,,,,
,,,,,,,,,,,,
,,,,,,,,,,,,
,,,,,,,,,,,,
,,,,,,,,,,,,
,,,,,,,,,,,,
,,,,,,,,,,,,
,,,,,,,,,,,,
,,,,,,,,,,,,
,,,,,,,,,,,,
,,,,,,,,,,,,
,,,,,,,,,,,,
,,,,,,,,,,,,
,,,,,,,,,,,,
,,,,,,,,,,,,
,,,,,,,,,,,,
,,,,,,,,,,,,
,,,,,,,,,,,,
,,,,,,,,,,,,
,,,,,,,,,,,,
,,,,,,,,,,,,
,,,,,,,,,,,,
,,,,,,,,,,,,
,,,,,,,,,,,,
,,,,,,,,,,,,
,,,,,,,,,,,,
,,,,,,,,,,,,
,,,,,,,,,,,,
,,,,,,,,,,,,
,,,,,,,,,,,,
,,,,,,,,,,,,
,,,,,,,,,,,,
,,,,,,,,,,,,
,,,,,,,,,,,,
,,,,,,,,,,,,
,,,,,,,,,,,,
,,,,,,,,,,,,
,,,,,,,,,,,,
The Game Begins,2190,11,86,,,,,,,,,LQUE4430
,,,,,,,,,,,,
,,,,,,,,,,,,
,,,,,,,,,,,,
,,,,,,,,,,,,
,,,,,,,,,,,,
,,,,,,,,,,,,
,,,,,,,,,,,,
,,,,,,,,,,,,
,,,,,,,,,,,,
,,,,,,,,,,,,
,,,,,,,,,,,,
,,,,,,,,,,,,
,,,,,,,,,,,,
,,,,,,,,,,,,
,,,,,,,,,,,,
,,,,,,,,,,,,
,,,,,,,,,,,,
,,,,,,,,,,,,
,,,,,,,,,,,,
,,,,,,,,,,,,
,,,,,,,,,,,,
,,,,,,,,,,,,
,,,,,,,,,,,,
,,,,,,,,,,,,
,,,,,,,,,,,,
,,,,,,,,,,,,
,,,,,,,,,,,,
,,,,,,,,,,,,
,,,,,,,,,,,,
,,,,,,,,,,,,
,,,,,,,,,,,,
,,,,,,,,,,,,
,,,,,,,,,,,,
,,,,,,,,,,,,
,,,,,,,,,,,,
,,,,,,,,,,,,
,,,,,,,,,,,,
,,,,,,,,,,,,
,,,,,,,,,,,,
,,,,,,,,,,,,
,,,,,,,,,,,,
,,,,,,,,,,,,
,,,,,,,,,,,,
,,,,,,,,,,,,
,,,,,,,,,,,,
,,,,,,,,,,,,
,,,,,,,,,,,,
,,,,,,,,,,,,
,,,,,,,,,,,,
,,,,,,,,,,,,
,,,,,,,,,,,,
,,,,,,,,,,,,
,,,,,,,,,,,,
,,,,,,,,,,,,
,,,,,,,,,,,,
,,,,,,,,,,,,
,,,,,,,,,,,,
,,,,,,,,,,,,
,,,,,,,,,,,,
,,,,,,,,,,,,
,,,,,,,,,,,,
,,,,,,,,,,,,
,,,,,,,,,,,,
,,,,,,,,,,,,
,,,,,,,,,,,,
,,,,,,,,,,,,
,,,,,,,,,,,,
,,,,,,,,,,,,
,,,,,,,,,,,,
Seeking the Stargazer,0,20,85,,,,,,,,,LQUE4500
Hubbles Medallion,0,20,85,,,,,,,,,LQUE4501
The Elf Hat,0,20,85,,,,,,,,,LQUE4502
Elf Hat Creation,0,20,85,,,,,,,,,LQUE4503
Elf Hat Materials,0,20,85,,,,,,,,,LQUE4504
The Christmas Spirit,0,20,85,,,,,,,,,LQUE4505
The Elf Hat,0,20,85,,,,,,,,,LQUE4506
The Stargazers Medallion,0,20,85,,,,,,,,,LQUE4507
"The Medallion, and more Questions",0,20,85,,,,,,,,,LQUE4508
Questions Answered,0,20,85,,,,,,,,,LQUE4509
Escaped Reindeer,0,20,85,,,,,,,,,LQUE4510
,,,,,,,,,,,,
The End,0,11,86,,,,,,,,,LQUE4512
,,,,,,,,,,,,
,,,,,,,,,,,,
Flanae Menace,0,5,86,,,,,,,,,LQUE4515
,,,,,,,,,,,,
,,,,,,,,,,,,
,,,,,,,,,,,,
,,,,,,,,,,,,
,,,,,,,,,,,,
,,,,,,,,,,,,
,,,,,,,,,,,,
,,,,,,,,,,,,
,,,,,,,,,,,,
,,,,,,,,,,,,
,,,,,,,,,,,,
,,,,,,,,,,,,
,,,,,,,,,,,,
,,,,,,,,,,,,
,,,,,,,,,,,,
,,,,,,,,,,,,
,,,,,,,,,,,,
,,,,,,,,,,,,
,,,,,,,,,,,,
,,,,,,,,,,,,
,,,,,,,,,,,,
,,,,,,,,,,,,
,,,,,,,,,,,,
,,,,,,,,,,,,
,,,,,,,,,,,,
,,,,,,,,,,,,
,,,,,,,,,,,,
,,,,,,,,,,,,
,,,,,,,,,,,,
,,,,,,,,,,,,
,,,,,,,,,,,,
,,,,,,,,,,,,
,,,,,,,,,,,,
,,,,,,,,,,,,
,,,,,,,,,,,,
,,,,,,,,,,,,
,,,,,,,,,,,,
,,,,,,,,,,,,
,,,,,,,,,,,,
,,,,,,,,,,,,
,,,,,,,,,,,,
,,,,,,,,,,,,
,,,,,,,,,,,,
,,,,,,,,,,,,
,,,,,,,,,,,,
,,,,,,,,,,,,
,,,,,,,,,,,,
,,,,,,,,,,,,
,,,,,,,,,,,,
,,,,,,,,,,,,
,,,,,,,,,,,,
,,,,,,,,,,,,
,,,,,,,,,,,,
,,,,,,,,,,,,
,,,,,,,,,,,,
,,,,,,,,,,,,
,,,,,,,,,,,,
,,,,,,,,,,,,
,,,,,,,,,,,,
,,,,,,,,,,,,
,,,,,,,,,,,,
,,,,,,,,,,,,
,,,,,,,,,,,,
,,,,,,,,,,,,
,,,,,,,,,,,,
,,,,,,,,,,,,
,,,,,,,,,,,,
,,,,,,,,,,,,
,,,,,,,,,,,,
,,,,,,,,,,,,
,,,,,,,,,,,,
,,,,,,,,,,,,
,,,,,,,,,,,,
,,,,,,,,,,,,
,,,,,,,,,,,,
,,,,,,,,,,,,
,,,,,,,,,,,,
,,,,,,,,,,,,
,,,,,,,,,,,,
,,,,,,,,,,,,
,,,,,,,,,,,,
,,,,,,,,,,,,
,,,,,,,,,,,,
,,,,,,,,,,,,
,,,,,,,,,,,,
,,,,,,,,,,,,
,,,,,,,,,,,,
,,,,,,,,,,,,
,,,,,,,,,,,,
,,,,,,,,,,,,
,,,,,,,,,,,,
,,,,,,,,,,,,
,,,,,,,,,,,,
,,,,,,,,,,,,
,,,,,,,,,,,,
,,,,,,,,,,,,
,,,,,,,,,,,,
,,,,,,,,,,,,
,,,,,,,,,,,,
,,,,,,,,,,,,
,,,,,,,,,,,,
,,,,,,,,,,,,
,,,,,,,,,,,,
,,,,,,,,,,,,
,,,,,,,,,,,,
,,,,,,,,,,,,
,,,,,,,,,,,,
,,,,,,,,,,,,
,,,,,,,,,,,,
,,,,,,,,,,,,
,,,,,,,,,,,,
,,,,,,,,,,,,
,,,,,,,,,,,,
,,,,,,,,,,,,
,,,,,,,,,,,,
,,,,,,,,,,,,
,,,,,,,,,,,,
,,,,,,,,,,,,
,,,,,,,,,,,,
,,,,,,,,,,,,
,,,,,,,,,,,,
,,,,,,,,,,,,
,,,,,,,,,,,,
,,,,,,,,,,,,
,,,,,,,,,,,,
,,,,,,,,,,,,
,,,,,,,,,,,,
,,,,,,,,,,,,
,,,,,,,,,,,,
,,,,,,,,,,,,
,,,,,,,,,,,,
,,,,,,,,,,,,
,,,,,,,,,,,,
,,,,,,,,,,,,
,,,,,,,,,,,,
,,,,,,,,,,,,
,,,,,,,,,,,,
,,,,,,,,,,,,
,,,,,,,,,,,,
,,,,,,,,,,,,
,,,,,,,,,,,,
,,,,,,,,,,,,
,,,,,,,,,,,,
,,,,,,,,,,,,
,,,,,,,,,,,,
,,,,,,,,,,,,
,,,,,,,,,,,,
,,,,,,,,,,,,
,,,,,,,,,,,,
,,,,,,,,,,,,
,,,,,,,,,,,,
,,,,,,,,,,,,
,,,,,,,,,,,,
,,,,,,,,,,,,
,,,,,,,,,,,,
,,,,,,,,,,,,
,,,,,,,,,,,,
,,,,,,,,,,,,
,,,,,,,,,,,,
,,,,,,,,,,,,
,,,,,,,,,,,,
,,,,,,,,,,,,
,,,,,,,,,,,,
,,,,,,,,,,,,
,,,,,,,,,,,,
,,,,,,,,,,,,
,,,,,,,,,,,,
,,,,,,,,,,,,
,,,,,,,,,,,,
,,,,,,,,,,,,
,,,,,,,,,,,,
,,,,,,,,,,,,
,,,,,,,,,,,,
,,,,,,,,,,,,
,,,,,,,,,,,,
,,,,,,,,,,,,
,,,,,,,,,,,,
,,,,,,,,,,,,
,,,,,,,,,,,,
,,,,,,,,,,,,
,,,,,,,,,,,,
,,,,,,,,,,,,
HEUHAUHUAHAU,0,11,86,,,,,,,,,LQUE04698
,,,,,,,,,,,,
Kelo's Lost Beachball,0,18,145,,,1,,,,,3,LQUE04700
Judy's Necklace,0,18,145,,,7,,,,,3,LQUE04701
Create The Necklace,0,18,145,,,7,,,,,3,LQUE04702
A Present For You,0,18,145,,,7,,,,,3,LQUE04703
Cleaning The Beach,0,18,145,,,1,,,,,3,LQUE04704
Starfish Delicacies,0,18,145,,,1,,,,,3,LQUE04705
Hades' Disapperance,0,18,145,,,12,,,,,3,LQUE04706
Hades' Disapperance,0,18,145,,,12,,,,,3,LQUE04707
Farming Sharks,0,18,145,,,37,,,,,3,LQUE04708
Exterminate! Exterminate!,0,18,145,,,7,,,,,3,LQUE04709
,0,18,145,,,,,,,,3,LQUE04710
Kelo's Lost Beachball (2),0,18,145,,,1,,,,,3,LQUE04711
Create The Necklace,0,18,145,,,7,,,,,3,LQUE04712
Kelo's Lost Beachball (2),0,18,145,,,1,,,,,3,LQUE04713
Kelo's Lost Beachball (2),0,18,145,,,1,,,,,3,LQUE04714
Kelo's Lost Beachball (2),0,18,145,,,1,,,,,3,LQUE04715
Hades' Disapperance,0,18,145,,,12,,,,,3,LQUE04716
Hades' Disapperance,0,18,145,,,12,,,,,3,LQUE04717
Hades' Disapperance,0,18,145,,,12,,,,,3,LQUE04718
,,,,,,,,,,,,
,,,,,,,,,,,,
,,,,,,,,,,,,
,,,,,,,,,,,,
,,,,,,,,,,,,
,,,,,,,,,,,,
,,,,,,,,,,,,
,,,,,,,,,,,,
,,,,,,,,,,,,
,,,,,,,,,,,,
,,,,,,,,,,,,
,,,,,,,,,,,,
,,,,,,,,,,,,
,,,,,,,,,,,,
,,,,,,,,,,,,
,,,,,,,,,,,,
,,,,,,,,,,,,
,,,,,,,,,,,,
,,,,,,,,,,,,
,,,,,,,,,,,,
,,,,,,,,,,,,
,,,,,,,,,,,,
,,,,,,,,,,,,
,,,,,,,,,,,,
,,,,,,,,,,,,
,,,,,,,,,,,,
,,,,,,,,,,,,
,,,,,,,,,,,,
,,,,,,,,,,,,
,,,,,,,,,,,,
,,,,,,,,,,,,
,,,,,,,,,,,,
,,,,,,,,,,,,
,,,,,,,,,,,,
,,,,,,,,,,,,
,,,,,,,,,,,,
,,,,,,,,,,,,
,,,,,,,,,,,,
,,,,,,,,,,,,
,,,,,,,,,,,,
,,,,,,,,,,,,
,,,,,,,,,,,,
,,,,,,,,,,,,
,,,,,,,,,,,,
,,,,,,,,,,,,
,,,,,,,,,,,,
,,,,,,,,,,,,
,,,,,,,,,,,,
,,,,,,,,,,,,
,,,,,,,,,,,,
,,,,,,,,,,,,
,,,,,,,,,,,,
,,,,,,,,,,,,
,,,,,,,,,,,,
,,,,,,,,,,,,
,,,,,,,,,,,,
,,,,,,,,,,,,
,,,,,,,,,,,,
,,,,,,,,,,,,
,,,,,,,,,,,,
,,,,,,,,,,,,
,,,,,,,,,,,,
,,,,,,,,,,,,
,,,,,,,,,,,,
,,,,,,,,,,,,
,,,,,,,,,,,,
,,,,,,,,,,,,
,,,,,,,,,,,,
,,,,,,,,,,,,
,,,,,,,,,,,,
,,,,,,,,,,,,
,,,,,,,,,,,,
,,,,,,,,,,,,
,,,,,,,,,,,,
,,,,,,,,,,,,
,,,,,,,,,,,,
,,,,,,,,,,,,
,,,,,,,,,,,,
,,,,,,,,,,,,
,,,,,,,,,,,,
,,,,,,,,,,,,
,,,,,,,,,,,,
,,,,,,,,,,,,
,,,,,,,,,,,,
,,,,,,,,,,,,
,,,,,,,,,,,,
,,,,,,,,,,,,
,,,,,,,,,,,,
,,,,,,,,,,,,
,,,,,,,,,,,,
,,,,,,,,,,,,
Speedrace,0,11,80,,,,,,,,,LQUE04810
,,,,,,,,,,,,
,,,,,,,,,,,,
,,,,,,,,,,,,
,,,,,,,,,,,,
,,,,,,,,,,,,
,,,,,,,,,,,,
,,,,,,,,,,,,
,,,,,,,,,,,,
,,,,,,,,,,,,
,,,,,,,,,,,,
,,,,,,,,,,,,
,,,,,,,,,,,,
,,,,,,,,,,,,
,,,,,,,,,,,,
,,,,,,,,,,,,
,,,,,,,,,,,,
,,,,,,,,,,,,
,,,,,,,,,,,,
,,,,,,,,,,,,
,,,,,,,,,,,,
,,,,,,,,,,,,
,,,,,,,,,,,,
,,,,,,,,,,,,
,,,,,,,,,,,,
,,,,,,,,,,,,
,,,,,,,,,,,,
,,,,,,,,,,,,
,,,,,,,,,,,,
,,,,,,,,,,,,
,,,,,,,,,,,,
,,,,,,,,,,,,
,,,,,,,,,,,,
,,,,,,,,,,,,
,,,,,,,,,,,,
,,,,,,,,,,,,
,,,,,,,,,,,,
,,,,,,,,,,,,
,,,,,,,,,,,,
,,,,,,,,,,,,
,,,,,,,,,,,,
,,,,,,,,,,,,
,,,,,,,,,,,,
,,,,,,,,,,,,
,,,,,,,,,,,,
,,,,,,,,,,,,
,,,,,,,,,,,,
,,,,,,,,,,,,
,,,,,,,,,,,,
,,,,,,,,,,,,
,,,,,,,,,,,,
,,,,,,,,,,,,
,,,,,,,,,,,,
,,,,,,,,,,,,
,,,,,,,,,,,,
,,,,,,,,,,,,
,,,,,,,,,,,,
,,,,,,,,,,,,
,,,,,,,,,,,,
,,,,,,,,,,,,
,,,,,,,,,,,,
,,,,,,,,,,,,
,,,,,,,,,,,,
,,,,,,,,,,,,
,,,,,,,,,,,,
,,,,,,,,,,,,
,,,,,,,,,,,,
,,,,,,,,,,,,
,,,,,,,,,,,,
,,,,,,,,,,,,
,,,,,,,,,,,,
,,,,,,,,,,,,
,,,,,,,,,,,,
,,,,,,,,,,,,
,,,,,,,,,,,,
,,,,,,,,,,,,
,,,,,,,,,,,,
,,,,,,,,,,,,
,,,,,,,,,,,,
,,,,,,,,,,,,
,,,,,,,,,,,,
,,,,,,,,,,,,
,,,,,,,,,,,,
,,,,,,,,,,,,
,,,,,,,,,,,,
,,,,,,,,,,,,
,,,,,,,,,,,,
,,,,,,,,,,,,
,,,,,,,,,,,,
,,,,,,,,,,,,
,,,,,,,,,,,,
,,,,,,,,,,,,
,,,,,,,,,,,,
,,,,,,,,,,,,
,,,,,,,,,,,,
,,,,,,,,,,,,
,,,,,,,,,,,,
,,,,,,,,,,,,
,,,,,,,,,,,,
,,,,,,,,,,,,
,,,,,,,,,,,,
,,,,,,,,,,,,
,,,,,,,,,,,,
,,,,,,,,,,,,
,,,,,,,,,,,,
,,,,,,,,,,,,
,,,,,,,,,,,,
,,,,,,,,,,,,
,,,,,,,,,,,,
,,,,,,,,,,,,
,,,,,,,,,,,,
,,,,,,,,,,,,
,,,,,,,,,,,,
,,,,,,,,,,,,
,,,,,,,,,,,,
,,,,,,,,,,,,
,,,,,,,,,,,,
,,,,,,,,,,,,
,,,,,,,,,,,,
,,,,,,,,,,,,
,,,,,,,,,,,,
,,,,,,,,,,,,
,,,,,,,,,,,,
,,,,,,,,,,,,
,,,,,,,,,,,,
,,,,,,,,,,,,
,,,,,,,,,,,,
,,,,,,,,,,,,
,,,,,,,,,,,,
,,,,,,,,,,,,
,,,,,,,,,,,,
,,,,,,,,,,,,
,,,,,,,,,,,,
,,,,,,,,,,,,
,,,,,,,,,,,,
,,,,,,,,,,,,
,,,,,,,,,,,,
,,,,,,,,,,,,
,,,,,,,,,,,,
,,,,,,,,,,,,
,,,,,,,,,,,,
,,,,,,,,,,,,
,,,,,,,,,,,,
,,,,,,,,,,,,
,,,,,,,,,,,,
,,,,,,,,,,,,
,,,,,,,,,,,,
,,,,,,,,,,,,
,,,,,,,,,,,,
,,,,,,,,,,,,
,,,,,,,,,,,,
,,,,,,,,,,,,
,,,,,,,,,,,,
,,,,,,,,,,,,
,,,,,,,,,,,,
,,,,,,,,,,,,
,,,,,,,,,,,,
,,,,,,,,,,,,
,,,,,,,,,,,,
,,,,,,,,,,,,
,,,,,,,,,,,,
,,,,,,,,,,,,
,,,,,,,,,,,,
,,,,,,,,,,,,
,,,,,,,,,,,,
,,,,,,,,,,,,
,,,,,,,,,,,,
,,,,,,,,,,,,
,,,,,,,,,,,,
,,,,,,,,,,,,
,,,,,,,,,,,,
,,,,,,,,,,,,
,,,,,,,,,,,,
,,,,,,,,,,,,
,,,,,,,,,,,,
,,,,,,,,,,,,
,,,,,,,,,,,,
,,,,,,,,,,,,
,,,,,,,,,,,,
,,,,,,,,,,,,
,,,,,,,,,,,,
,,,,,,,,,,,,
,,,,,,,,,,,,
,,,,,,,,,,,,
,,,,,,,,,,,,
,,,,,,,,,,,,
,,,,,,,,,,,,
,,,,,,,,,,,,
,,,,,,,,,,,,
,,,,,,,,,,,,
,,,,,,,,,,,,
Wine Delivery (Part Time Job),180,5,80,,,10,,,,,,LQUE5001
Pomic Hunt (Fetch Quest),580,5,82,,,10,,,,,,LQUE5002
Dalping Hunt (Fetch Quest),700,5,82,,,18,,,,,,LQUE5003
Ulysses' Price Chart Delivery,0,5,80,,,1,,,,,,LQUE5004
Spero's Top Secret Cart Schematic,0,5,80,,,10,,,,,,LQUE5005
Stockpiling Bronze Fragments,0,5,80,,,11,,,,,,LQUE5006
Stockpiling Iron Fragments,0,5,80,,,14,,,,,,LQUE5007
Stockpiling Silver Fragments,0,5,80,,,20,,,,,,LQUE5008
Candle Ghost Extermination (Fetch Quest),2160,5,82,,,,,,,,,LQUE5009
,,,,,,,,,,,,
Stockpiling Maple Branches,0,5,80,,,30,,,,,,LQUE5011
Stockpiling Konara Branches,0,5,80,,,45,,,,,,LQUE5012
Stockpiling Oak Branches,0,5,80,,,53,,,,,,LQUE5013
Goblin Cave Expedition (1st Level),0,5,80,,,45,,,,,,LQUE5014
Goblin Cave Expedition (2nd Level),0,5,80,,,60,,,,,,LQUE5015
Goblin Cave Expedition (3rd Level),0,5,80,,,80,,,,,,LQUE5016
Moldie's Strange Mineral (Fetch Quest),900,5,82,,,34,,,,,,LQUE5017
Candle Ghost's Identity (Fetch Quest),1080,5,82,,,,,,,,,LQUE5018
Goblin Hunting Competition (Fetch Quest),1080,5,82,,,55,,,,,,LQUE5019
,,,,,,,,,,,,
,,,,,,,,,,,,
The Beginning,0,11,80,,,,,,,,,LQUE5022
Stockpiling Silver Fragments,0,5,80,,,20,,,,,,LQUE5023
,,,,,,,,,,,,
,,,,,,,,,,,,
,,,,,,,,,,,,
,,,,,,,,,,,,
,,,,,,,,,,,,
,,,,,,,,,,,,
,,,,,,,,,,,,
Seyon's Price Checklist Delivery,0,5,80,,,7,,,,,,LQUE5031
Piety and a Bribe?,0,5,80,,,7,,,,,,LQUE5032
Stockpiling Jelly Bean Hides,0,5,80,,,1,,,,,,LQUE5033
Stockpiling Jelly Bean Hides,0,5,80,,,3,,,,,,LQUE5034
Stockpiling Jelly Bean Hides,0,5,80,,,5,,,,,,LQUE5035
,,,,,,,,,,,,
,,,,,,,,,,,,
Worries,0,11,80,,,,,,,,,LQUE5038
,,,,,,,,,,,,
,,,,,,,,,,,,
The Lost Engagement Ring,0,5,86,,,13,,,,,,LQUE5041
Gorthein's Worries,0,5,86,,,,,,,,,LQUE5042
Felling Smoulies,0,5,86,,,42,,,,,,LQUE5043
,,,,,,,,,,,,
,,,,,,,,,,,,
,,,,,,,,,,,,
,,,,,,,,,,,,
,,,,,,,,,,,,
,,,,,,,,,,,,
,,,,,,,,,,,,
Hunting Practice (1),0,15,80,,,1,,,,,,LQUE5051
Hunting Practice (2),0,15,80,,,2,,,,,,LQUE5052
Hunting Practice (3),60,15,80,,,3,,,,,,LQUE5053
,,,,,,,,,,,,
,,,,,,,,,,,,
,,,,,,,,,,,,
,,,,,,,,,,,,
,,,,,,,,,,,,
,,,,,,,,,,,,
,,,,,,,,,,,,
The Santa Suit Heist,0,20,85,,,,,,,,,LQUE5061
No Name,0,0,81,,,,,,,,,LQUE5062
No Name,0,0,82,,,,,,,,,LQUE5063
Darling Judy (1),0,0,85,,,,,,,,,LQUE5064
Darling Judy (2),1080,0,85,,,,,,,,,LQUE5065
Quiz Event,900,8,85,,,,,,,,,LQUE5066
Flying Event,900,8,85,,,,,,,,,LQUE5067
Cart Race Event,900,8,85,,,,,,,,,LQUE5068
,,,,,,,,,,,,
Boggy the Lunaris Bear,0,20,147,,,20,,,,,5,LQUE5070
Boggy the Lunaris Bear,0,20,147,,,20,,,,,5,LQUE5071
Boggy the Lunaris Bear,0,20,147,,,20,,,,,5,LQUE5072
Boggy the Lunaris Bear,0,20,147,,,20,,,,,5,LQUE5073
Boggy the Lunaris Bear,0,20,147,,,20,,,,,5,LQUE5074
Not a Leg to Stand On,0,20,147,,,20,,,,,5,LQUE5075
Not a Leg to Stand On,0,20,147,,20,20,,,,,5,LQUE5076
The Stolen Presents,0,20,147,,,45,,,,,5,LQUE5077
The Stolen Presents,0,20,147,,,45,,,,,5,LQUE5078
The Stolen Presents,0,20,147,,,45,,,,,5,LQUE5079
Christmas Present,0,20,147,,,,,,,45,5,LQUE5080
Christmas Present,0,20,147,,,,,,,46,5,LQUE5081
Boggy the Lunaris Bear,0,20,147,,,20,,,,,5,LQUE5082
,,,,,,,,,,,,
,,,,,,,,,,,,
Season of Love,0,16,143,,,13,,,,,1,LQUE5085
Season of Love,0,16,143,,,13,,,,,1,LQUE5086
Season of Love,0,16,143,,,13,,,,,1,LQUE5087
Season of Love,0,16,143,,,28,,,,,1,LQUE5088
Season of Love,0,16,143,,,28,,,,,1,LQUE5089
Season of Love,0,16,143,,,28,,,,,1,LQUE5090
Season of Love,0,16,143,,,28,,,,,1,LQUE5091
Season of Love,0,16,143,,,37,,,,,1,LQUE5092
Season of Love,0,16,143,,,37,,,,,1,LQUE5093
Season of Love,0,16,143,,,37,,,,,1,LQUE5094
Season of Love,0,16,143,,,37,,,,,1,LQUE5095
Season of Love,0,16,143,,,37,,,,,1,LQUE5096
Season of Love,0,16,143,,,37,,,,,1,LQUE5097
Season of Love,0,16,143,,,37,,,,,1,LQUE5098
Season of Love,0,16,143,,,39,,,,,1,LQUE5099
Season of Love,0,16,143,,,39,,,,,1,LQUE5100
,,,,,,,,,,,,
Easter Event,0,17,144,,,40,,,,,2,LQUE5102
Easter Event,0,17,144,,,40,,,,,2,LQUE5103
Easter Event,0,17,144,,,40,,,,,2,LQUE5104
Easter Event,0,17,144,,,40,,,,,2,LQUE5105
Easter Event,0,17,144,,,40,,,,,2,LQUE5106
Easter Event,0,17,144,,,40,,,,,2,LQUE5107
Easter Event,0,17,144,,,40,,,,,2,LQUE5108
Easter Event,0,17,144,,,40,,,,48,2,LQUE5109
Easter Egg Hunt,0,17,144,,,40,,,,49,2,LQUE5110
Easter Egg Hunt,0,17,144,,,40,,,,50,2,LQUE5111
Easter Egg Hunt,0,17,144,,,40,,,,51,2,LQUE5112
,,,,,,,,,,,,
,,,,,,,,,,,,
,,,,,,,,,,,,
,,,,,,,,,,,,
Instance Preparations,0,7,81,,,,,,,,,LQUE5117
,,,,,,,,,,,,
,,,,,,,,,,,,
Dirty Coast,0,17,85,,,,,,,,,LQUE5120
Pearl Necklace,0,17,85,,,,,,,,,LQUE5121
,,,,,,,,,,,,
,,,,,,,,,,,,
,,,,,,,,,,,,
APs: [Smith] Nel Eldora,0,14,80,,,138,,,,,,LQUE5125
APs: [Sikuku Chief] Namiel Char,0,14,80,,,164,,,,,,LQUE5126
APs: [Elder of Junon Order] Oscar Patrick,0,14,80,,,182,,,,,,LQUE5127
APs: [Arumic Researcher] Catherine Clara,0,14,80,,,186,,,,,,LQUE5128
APs: [Ferrell Guild Staff] Gilbert,0,14,80,,,190,,,,,,LQUE5129
,,,,,,,,,,,,
APs: [Supplies] Khait,0,14,80,,,187,,,,,,LQUE5131
APs: [Ferrell Guild Banker] Adjo,0,14,80,,,,,,,,,LQUE5132
APs: [Smith] Monifa,0,14,80,,,214,,,,,,LQUE5133
,,,,,,,,,,,,
,,,,,,,,,,,,
,,,,,,,,,,,,
,,,,,,,,,,,,
,,,,,,,,,,,,
,,,,,,,,,,,,
Arua's 10th Birthday,0,22,148,,,,,,,,6,LQUE5140
Arua's 10th Birthday,0,22,148,,,,,,,,6,LQUE5141
,,,,,,,,,,,,
,,,,,,,,,,,,
,,,,,,,,,,,,
Stolen Soccer Balls 1,0,21,149,,,,,,,74,7,LQUE5145
Stolen Soccer Balls 2,0,21,149,,,,,,,75,7,LQUE5146
Stolen Soccer Balls 3,0,21,149,,,,,,,76,7,LQUE5147
Stolen Soccer Balls 1,0,21,149,,,,,,,,7,LQUE5148
Stolen Soccer Balls 2,0,21,149,,,,,,,,7,LQUE5149
,,,,,,,,,,,,
,,,,,,,,,,,,
,,,,,,,,,,,,
,,,,,,,,,,,,
,,,,,,,,,,,,
,,,,,,,,,,,,
,,,,,,,,,,,,
,,,,,,,,,,,,
,,,,,,,,,,,,
,,,,,,,,,,,,
,,,,,,,,,,,,
,,,,,,,,,,,,
,,,,,,,,,,,,
,,,,,,,,,,,,
,,,,,,,,,,,,
,,,,,,,,,,,,
,,,,,,,,,,,,
,,,,,,,,,,,,
,,,,,,,,,,,,
,,,,,,,,,,,,
,,,,,,,,,,,,
,,,,,,,,,,,,
,,,,,,,,,,,,
,,,,,,,,,,,,
,,,,,,,,,,,,
,,,,,,,,,,,,
,,,,,,,,,,,,
,,,,,,,,,,,,
,,,,,,,,,,,,
,,,,,,,,,,,,
,,,,,,,,,,,,
,,,,,,,,,,,,
,,,,,,,,,,,,
,,,,,,,,,,,,
,,,,,,,,,,,,
,,,,,,,,,,,,
,,,,,,,,,,,,
,,,,,,,,,,,,
,,,,,,,,,,,,
,,,,,,,,,,,,
,,,,,,,,,,,,
,,,,,,,,,,,,
,,,,,,,,,,,,
,,,,,,,,,,,,
,,,,,,,,,,,,
,,,,,,,,,,,,
,,,,,,,,,,,,
,,,,,,,,,,,,
,,,,,,,,,,,,
,,,,,,,,,,,,
,,,,,,,,,,,,
,,,,,,,,,,,,
,,,,,,,,,,,,
,,,,,,,,,,,,
,,,,,,,,,,,,
,,,,,,,,,,,,
,,,,,,,,,,,,
,,,,,,,,,,,,
,,,,,,,,,,,,
,,,,,,,,,,,,
,,,,,,,,,,,,
,,,,,,,,,,,,
,,,,,,,,,,,,
,,,,,,,,,,,,
,,,,,,,,,,,,
,,,,,,,,,,,,
,,,,,,,,,,,,
,,,,,,,,,,,,
,,,,,,,,,,,,
,,,,,,,,,,,,
,,,,,,,,,,,,
,,,,,,,,,,,,
,,,,,,,,,,,,
,,,,,,,,,,,,
,,,,,,,,,,,,
,,,,,,,,,,,,
,,,,,,,,,,,,
,,,,,,,,,,,,
,,,,,,,,,,,,
,,,,,,,,,,,,
,,,,,,,,,,,,
,,,,,,,,,,,,
,,,,,,,,,,,,
,,,,,,,,,,,,
,,,,,,,,,,,,
,,,,,,,,,,,,
,,,,,,,,,,,,
,,,,,,,,,,,,
,,,,,,,,,,,,
,,,,,,,,,,,,
,,,,,,,,,,,,
,,,,,,,,,,,,
,,,,,,,,,,,,
,,,,,,,,,,,,
,,,,,,,,,,,,
,,,,,,,,,,,,
,,,,,,,,,,,,
,,,,,,,,,,,,
,,,,,,,,,,,,
,,,,,,,,,,,,
,,,,,,,,,,,,
,,,,,,,,,,,,
,,,,,,,,,,,,
,,,,,,,,,,,,
,,,,,,,,,,,,
,,,,,,,,,,,,
,,,,,,,,,,,,
,,,,,,,,,,,,
,,,,,,,,,,,,
,,,,,,,,,,,,
,,,,,,,,,,,,
,,,,,,,,,,,,
,,,,,,,,,,,,
,,,,,,,,,,,,
,,,,,,,,,,,,
,,,,,,,,,,,,
,,,,,,,,,,,,
,,,,,,,,,,,,
,,,,,,,,,,,,
,,,,,,,,,,,,
,,,,,,,,,,,,
,,,,,,,,,,,,
,,,,,,,,,,,,
,,,,,,,,,,,,
,,,,,,,,,,,,
,,,,,,,,,,,,
,,,,,,,,,,,,
,,,,,,,,,,,,
,,,,,,,,,,,,
,,,,,,,,,,,,
,,,,,,,,,,,,
,,,,,,,,,,,,
,,,,,,,,,,,,
,,,,,,,,,,,,
,,,,,,,,,,,,
,,,,,,,,,,,,
,,,,,,,,,,,,
,,,,,,,,,,,,
,,,,,,,,,,,,
,,,,,,,,,,,,
,,,,,,,,,,,,
,,,,,,,,,,,,
,,,,,,,,,,,,
,,,,,,,,,,,,
,,,,,,,,,,,,
,,,,,,,,,,,,
,,,,,,,,,,,,
,,,,,,,,,,,,
,,,,,,,,,,,,
,,,,,,,,,,,,
,,,,,,,,,,,,
,,,,,,,,,,,,
,0,20,80,,,,,,,,,LQUE5302
,0,14,80,,,,,,,37,,LQUE5303
,1080,14,81,,,131,,,,,,LQUE5304
,0,0,80,,,,,,,,,LQUE5305
,0,0,80,,,,,,,,,LQUE5306
,0,0,80,,,,,,,,,LQUE5307
,0,0,80,,,,,,,,,LQUE5308
,0,0,80,,,,,,,,,LQUE5309
,0,0,80,,,,,,,,,LQUE5310
,0,0,80,,,,,,,,,LQUE5311
,0,0,80,,,,,,,,,LQUE5312
,0,0,80,,,,,,,,,LQUE5313
,0,0,80,,,,,,,,,LQUE5314
,0,0,80,,,,,,,,,LQUE5315
,0,0,80,,,,,,,,,LQUE5316
,0,0,80,,,,,,,,,LQUE5317
,,,,,,,,,,,,
,,,,,,,,,,,,
,,,,,,,,,,,,
,,,,,,,,,,,,
,,,,,,,,,,,,
,,,,,,,,,,,,
,,,,,,,,,,,,
,,,,,,,,,,,,
,,,,,,,,,,,,
,,,,,,,,,,,,
,0,0,80,,,,,,,,,LQUE5328
,,,,,,,,,,,,
Letter for Shannon,0,16,143,,,,,,,,1,LQUE5330
The Kidnapping Case,0,16,143,,,27,,,,,1,LQUE5331
Letter for Winters,0,16,143,,,,,,,,1,LQUE5332
Love Pigs,0,16,143,,,20,,,,,1,LQUE5333
,,,,,,,,,,,,
Pony's Eggs,0,17,85,,,,,,,,,LQUE5335
Vicious Bunny,0,17,85,,,,,,,,,LQUE5336
,,,,,,,,,,,,
Zika's Journals,0,4,91,,,148,,,,,,LQUE5338
Nepenthes Nectar,0,4,91,,,144,,,,,,LQUE5339
Obtaining Poison Metals,0,4,93,,,,,,,,,LQUE5340
Rediscovering Ancient Spells,0,4,94,,,100,,,,,,LQUE5341
Obtaining Elder Slag Bones,0,4,95,,,78,,,,,,LQUE5342
Gathering of the Religious Sacraments,0,4,91,,,150,,,,,,LQUE5343
Hunting the Leaders,0,4,93,,,148,,,,,,LQUE5344
Stop Raiding the Merchants!,0,4,95,,,151,,,,,,LQUE5345
Retrieving Whats Been Stolen,0,4,95,,,176,,,,,,LQUE5346
Sikuku's Development of Gunpowder,0,4,94,,,178,,,,,,LQUE5347
Paralyzing the Sikuku,0,4,94,,,169,,,,,,LQUE5348
"Elder Mammoths, Get Out!",0,4,91,,,122,,,,,,LQUE5349
The Basilisk Problem,0,4,91,,,125,,,,,,LQUE5350
Retrieving Stolen Crosses,0,4,91,,,110,,,,,,LQUE5351
Stop those Dreadnaughts!,0,4,93,,,125,,,,,,LQUE5352
Researching The Yeti Armor,0,4,93,,,101,,,,,,LQUE5353
Obtaining The Warship Engine,0,4,94,,,109,,,,,,LQUE5354
Ferrell Frostworm Research,0,4,95,,,111,,,,,,LQUE5355
Zika's Journals,,4,,,,,,,,,,
Nepenthes Nectar,0,4,80,,,,,,,,,LQUE5357
Obtaining Poison Metals,0,4,80,,,,,,,,,LQUE5358
,,,,,,,,,,,,
The Rogue Monsters (Sign Up),100,28,80,,,,,,,,,LQUE5360
The Rogue Monsters,500,28,80,,,,,,,,,LQUE5361
,,,,,,,,,,,,
,,,,,,,,,,,,
,,,,,,,,,,,,
,,,,,,,,,,,,
,,,,,,,,,,,,
,,,,,,,,,,,,
,,,,,,,,,,,,
,,,,,,,,,,,,
,,,,,,,,,,,,
,,,,,,,,,,,,
,,,,,,,,,,,,
,,,,,,,,,,,,
,,,,,,,,,,,,
,,,,,,,,,,,,
,,,,,,,,,,,,
,,,,,,,,,,,,
,,,,,,,,,,,,
,,,,,,,,,,,,
,,,,,,,,,,,,
,,,,,,,,,,,,
,,,,,,,,,,,,
,,,,,,,,,,,,
,,,,,,,,,,,,
,,,,,,,,,,,,
,,,,,,,,,,,,
,,,,,,,,,,,,
,,,,,,,,,,,,
,,,,,,,,,,,,
,,,,,,,,,,,,
,,,,,,,,,,,,
,,,,,,,,,,,,
,,,,,,,,,,,,
,,,,,,,,,,,,
,,,,,,,,,,,,
,,,,,,,,,,,,
,,,,,,,,,,,,
,,,,,,,,,,,,
,,,,,,,,,,,,
Union Devotion,0,4,79,,,70,,,,,,LQUE5400
Union Devotion,0,4,79,,,70,,,,,,LQUE5401
Union Devotion,0,4,79,,,70,,,,,,LQUE5402
Union Devotion,0,4,79,,,70,,,,,,LQUE5403
Union Devotion,0,4,79,,,70,,,,,,LQUE5404
Union Devotion,0,4,79,,,80,,,,,,LQUE5405
Union Devotion,0,4,79,,,80,,,,,,LQUE5406
Union Devotion,0,4,79,,,80,,,,,,LQUE5407
Union Devotion,0,4,79,,,80,,,,,,LQUE5408
Union Devotion,0,4,79,,,80,,,,,,LQUE5409
Union Devotion,0,4,79,,,80,,,,,,LQUE5410
Union Devotion,0,4,79,,,80,,,,,,LQUE5411
Hidden Quest,0,11,86,,,,,,,,,LQUE5412
Hidden Quest,0,11,86,,,,,,,,,LQUE5413
Hidden Quest,0,11,86,,,,,,,,,LQUE5414
Hidden Quest,0,11,86,,,,,,,,,LQUE5415
Hidden Quest,0,11,86,,,,,,,,,LQUE5416
Hidden Quest,0,11,86,,,,,,,,,LQUE5417
Hidden Quest,0,11,86,,,,,,,,,LQUE5418
Hidden Quest,0,11,86,,,,,,,,,LQUE5419
Hidden Quest,0,11,86,,,,,,,,,LQUE5420
Hidden Quest,0,11,86,,,,,,,,,LQUE5421
Hidden Quest,0,11,86,,,,,,,,,LQUE5422
Hidden Quest,0,11,86,,,147,,,,,,LQUE5423
,,,,,,,,,,,,
,,,,,,,,,,,,
,,,,,,,,,,,,
,,,,,,,,,,,,
,,,,,,,,,,,,
,,,,,,,,,,,,
,,,,,,,,,,,,
,,,,,,,,,,,,
,,,,,,,,,,,,
,,,,,,,,,,,,
,,,,,,,,,,,,
,,,,,,,,,,,,
,,,,,,,,,,,,
,,,,,,,,,,,,
,,,,,,,,,,,,
,,,,,,,,,,,,
,,,,,,,,,,,,
,,,,,,,,,,,,
,,,,,,,,,,,,
,,,,,,,,,,,,
,,,,,,,,,,,,
,,,,,,,,,,,,
,,,,,,,,,,,,
,,,,,,,,,,,,
,,,,,,,,,,,,
,,,,,,,,,,,,
,,,,,,,,,,,,
,,,,,,,,,,,,
,,,,,,,,,,,,
,,,,,,,,,,,,
,,,,,,,,,,,,
,,,,,,,,,,,,
,,,,,,,,,,,,
,,,,,,,,,,,,
,,,,,,,,,,,,
,,,,,,,,,,,,
,,,,,,,,,,,,
,,,,,,,,,,,,
,,,,,,,,,,,,
,,,,,,,,,,,,
,,,,,,,,,,,,
,,,,,,,,,,,,
,,,,,,,,,,,,
,,,,,,,,,,,,
,,,,,,,,,,,,
,,,,,,,,,,,,
,,,,,,,,,,,,
,,,,,,,,,,,,
,,,,,,,,,,,,
,,,,,,,,,,,,
,,,,,,,,,,,,
,,,,,,,,,,,,
,,,,,,,,,,,,
,,,,,,,,,,,,
,,,,,,,,,,,,
,,,,,,,,,,,,
,,,,,,,,,,,,
,,,,,,,,,,,,
,,,,,,,,,,,,
,,,,,,,,,,,,
,,,,,,,,,,,,
,,,,,,,,,,,,
,,,,,,,,,,,,
,,,,,,,,,,,,
,,,,,,,,,,,,
,,,,,,,,,,,,
,,,,,,,,,,,,
,,,,,,,,,,,,
,,,,,,,,,,,,
,,,,,,,,,,,,
,,,,,,,,,,,,
,,,,,,,,,,,,
,,,,,,,,,,,,
,,,,,,,,,,,,
,,,,,,,,,,,,
,,,,,,,,,,,,
,,,,,,,,,,,,
