????,ARMS\arm1_00100.txt,ARMS\arm2_00100.txt,,,,,,,,,,,,,,,,,,,,,,,,,,,,,,,,Item Set,Dynamic EQ,Trade Key,Expire,Prefix,
???????,ARMS\arm1_00100.txt,ARMS\arm2_00100.txt,,,,,,,,,,,,,,,,,,,,,,,,,,,,,,,,,,,,,
White Gloves,ARMS\arm1_00400.txt,ARMS\arm2_00400.txt,,143,150,0,1,10,416,242,579,,,,,,,,,,,,,,,,,,25,,1,1,,,,,,,LARM002
Leather Gloves,ARMS\arm1_00200.txt,ARMS\arm2_00200.txt,,143,200,0,1,11,417,242,579,,,,,,,,31,4,,,,,,,,,26,,2,1,,,,,,,LARM003
Dumb Gloves,ARMS\arm1_00600.txt,ARMS\arm2_00600.txt,,143,350,0,1,12,418,242,579,,,,,,,,31,5,,,,,,,,,26,,3,1,,,,,,0,LARM004
Safe Gloves,ARMS\arm1_00600.txt,ARMS\arm2_00600.txt,,143,750,0,1,12,419,242,579,,,,,,,,31,7,,,,24,1,,,,26,,4,1,,,,,,0,LARM005
Action Gloves,ARMS\arm1_00300.txt,ARMS\arm2_00300.txt,,143,1200,0,1,13,420,242,579,,,,,,,,31,10,,,,24,2,,,,26,,4,2,,,,,,0,LARM006
Full Action Gloves,ARMS\arm1_00300.txt,ARMS\arm2_00300.txt,,143,1400,0,1,15,421,242,579,19,1,281,22,,,,31,15,,,,24,2,,,,27,,5,1,,,,,,0,LARM007
Gray Gloves,ARMS\arm1_00310.txt,ARMS\arm2_00310.txt,,143,2100,0,1,16,422,242,579,19,1,282,23,,,,31,20,,,,24,3,,,,27,,5,3,,,,,,0,LARM008
Hill Gray Gloves,ARMS\arm1_00310.txt,ARMS\arm2_00310.txt,,143,2450,0,1,18,423,242,579,19,2,283,24,,,,31,25,,,,24,3,,,,28,,6,2,,,,,,0,LARM009
Gloves of Iguje,ARMS\arm1_01000.txt,ARMS\arm2_01000.txt,,143,3200,0,1,19,424,242,579,19,2,284,25,,,,31,30,,,,24,4,,,,28,,6,3,,,,,,0,LARM010
Islamic Gloves,ARMS\arm1_01000.txt,ARMS\arm2_01000.txt,,143,3650,0,1,21,425,242,579,19,2,285,28,,,,31,35,,,,24,4,,,,29,,7,2,,,,,,0,LARM011
Venetian Gloves,ARMS\arm1_00601.txt,ARMS\arm2_00601.txt,,143,3700,0,1,22,426,242,579,19,3,286,27,,,,31,40,,,,24,3,,,,29,,8,3,,,,,,0,LARM012
Luxurious Venetian Gloves,ARMS\arm1_00601.txt,ARMS\arm2_00601.txt,,143,5050,0,1,24,427,242,579,19,3,287,28,,,,31,45,,,,24,4,,,,30,,9,3,,,,,,0,LARM013
Junior Gloves,ARMS\arm1_03700.txt,ARMS\arm2_03700.txt,,143,7300,0,1,27,429,242,579,,3,,,,,,31,55,,,,24,5,,,,30,,10,5,,,,,,0,LARM014
Senior Gloves,ARMS\arm1_03800.txt,ARMS\arm2_03800.txt,,143,9150,0,1,29,430,242,579,,4,,,,,,31,63,,,,24,6,,,,31,,11,4,,,,,,0,LARM015
Redfield Green Gloves,ARMS\arm1_04000.txt,ARMS\arm2_04000.txt,,143,11400,0,1,37,432,242,579,19,4,288,32,,,,31,75,,,,24,4,,,,32,,14,5,,,,,,0,LARM016
Redfield Black Gloves,ARMS\arm1_03900.txt,ARMS\arm2_03900.txt,,143,14050,0,1,38,433,242,579,19,5,289,33,,,,31,83,,,,24,5,,,,33,,15,6,,,,,,0,LARM017
Redfield Red Gloves,ARMS\arm1_F00180.txt,ARMS\arm2_F00180.txt,,143,17400,0,1,39,469,242,579,19,6,290,34,,,,31,95,,,,24,6,,,,34,,17,7,,,,,,0,LARM018
Redfield Blue Gloves,,,,143,21300,0,1,40,470,242,579,19,7,291,35,,,,31,103,,,,24,7,,,,35,,20,8,,,,,,0,LARM019
Blue Moldie Ring,,,,143,29150,0,1,42,2962,242,579,,,,,,,,,,,,,,,,,,20,,10,10,,,,,,0,LARM020
Pink Moldie Ring,,,,143,31600,0,1,44,2972,242,579,,,,,,,,,,,,,,,,,,20,,10,10,,,,,,0,LARM021
Moon Flower Gloves,,,6,143,20550,0,1,40,10039,242,579,,,,,,,,31,115,,,,24,7,,,,35,,19,9,,,,,,0,LARM022
,,,,143,47900,0,1,47,438,242,579,,8,,,,,,31,132,,,,24,6,,,,38,,26,11,,,,,,0,
,,,,143,58300,0,1,50,439,242,579,,8,,,,,,31,142,,,,24,6,,,,39,,28,12,,,,,,0,
,,,,143,65500,0,1,51,440,242,579,,9,,,,,,31,148,,,,24,7,,,,40,,30,9,,,,,,0,
,,,,143,80900,0,1,54,442,242,579,,9,,,,,,31,156,,,,24,7,,,,41,,33,8,,,,,,0,
,,,,143,94850,0,1,55,443,242,579,,10,,,,,,31,162,,,,24,8,,,,41,,34,15,,,,,,0,
,,,,143,117600,0,1,59,444,242,579,,10,,,,,,31,174,,,,24,7,,,,43,,37,16,,,,,,0,
,,,,143,133450,0,1,60,445,242,579,,10,,,,,,31,180,,,,24,8,,,,43,,39,17,,,,,,0,
,,,1,143,100,0,1,10,446,242,579,,,,,,,,,,,,,,,,,,25,,1,1,,,,,,0,
Soldier Gloves,ARMS\arm1_00300.txt,ARMS\arm2_00300.txt,,141,650,0,2,13,455,226,580,,,,,41,,,31,10,,,,,,,,,27,,5,1,,,,,,0,LARM031
Iron Gauntlets,ARMS\arm1_00500.txt,ARMS\arm2_00500.txt,,141,1950,0,3,19,456,226,580,17,1,251,22,41,,,31,30,,,,,,,,,28,,8,2,,,,,,0,LARM032
Trunket Gloves,ARMS\arm1_01700.txt,ARMS\arm2_01700.txt,,141,4350,0,3,25,457,226,580,17,2,252,27,41,,,31,50,,,,,,,,,30,,11,3,,,,,,0,LARM033
Chrome Gauntlets,ARMS\arm1_02500.txt,ARMS\arm2_02500.txt,,141,8950,0,3,30,458,226,580,17,3,253,32,51,,,31,70,,,,,,,,,32,,15,4,,,,,,0,LARM034
Mighty Gauntlets,ARMS\arm1_02100.txt,ARMS\arm2_02100.txt,,141,16650,0,3,36,459,226,580,17,4,254,35,51,,,31,88,,,,,,,,,34,,19,5,,,,,,0,LARM035
Kurash Gauntlets,ARMS\arm1_02600.txt,ARMS\arm2_02600.txt,,141,26600,0,5,40,460,226,580,17,5,255,40,51,,,31,104,,,,,,,,,36,,23,6,,,,,,0,LARM036
Plate Gauntlets,ARMS\arm1_01100.txt,ARMS\arm2_01100.txt,,141,40800,0,5,45,461,226,580,17,6,256,45,51,,,31,120,,,,,,,,,37,,27,7,,,,,,0,LARM037
Durable Gloves,ARMS\arm1_04800.txt,ARMS\arm2_04800.txt,,141,62595,0,5,49,462,226,580,17,7,257,48,51,,,31,145,,,,,,,,,41,,36,10,,,,,,0,LARM030
Cedric Gloves,ARMS\arm1_05100.txt,ARMS\arm2_05100.txt,,141,83655,0,5,54,463,226,580,17,8,258,52,51,,,31,155,,,,,,,,,43,,42,12,,,,,,0,LARM038
Execution Gloves,ARMS\arm1_05800.txt,ARMS\arm2_05800.txt,,141,132200,0,5,58,464,226,580,17,9,259,58,51,,,31,165,,,,,,,,,43,,48,14,,,,,,0,LARM039
Abyss Plate Gauntlets,ARMS\arm1_06600.txt,ARMS\arm2_06600.txt,,141,177900,0,5,60,465,226,580,17,10,260,62,51,,,31,175,,,,,,,,,45,,54,15,,,,,,0,LARM040
Righteous Plate Gauntlets,ARMS\arm1_04800.txt,ARMS\arm2_04800.txt,,141,197900,0,5,65,466,226,580,17,11,,65,51,,,31,185,,,,,,,,,47,,60,16,,,,,,0,LARM041
Jabberwock Gauntlets,ARMS\arm1_07500.txt,ARMS\arm2_07500.txt,,141,232290,0,5,70,468,226,580,17,12,,70,51,,,31,200,,,,,,,,,52,,66,17,,,,,,0,LARM042
Obsidian Plate Gauntlets,ARMS\arm1_08500.txt,ARMS\arm2_08500.txt,,141,284240,0,5,56,471,226,580,,,,,51,,,31,210,,,,,,,,,55,,72,18,,,,,,0,LARM043
Soldier 1,ARMS\arm1_career001_a.txt,ARMS\arm2_career001_a.txt,,141,1,0,5,56,3270,226,580,,,,,51,,,31,210,,,,,,,,,58,,100,100,,,,,,0,LARM044
Valiant Guardian Gauntlets of Rebirth,ARMS\arm1_career005_e.txt,ARMS\arm2_career005_e.txt,6,141,199900,0,5,58,3274,226,580,,,,,51,,,111,8,,,,,,,,,75,,9,3,,,,,,0,LARM045
Soldier 2,ARMS\arm1_career001_1a.txt,ARMS\arm2_career001_1a.txt,,141,1,0,5,56,3279,226,580,,,,,51,,,31,210,,,,,,,,,58,,100,100,,,,,,0,LARM046
Valiant Guardian Gauntlets,ARMS\arm1_career005_1e.txt,ARMS\arm2_career005_1e.txt,6,141,302160,0,5,56,3283,226,580,,,,,51,,,31,210,,,,10,1,,23,25,58,,76,18,,,,392,,0,LARM047
Merciful Dawnfrost Gauntlets (Warrior),ARMS\arm1_career_a_001.txt,ARMS\arm2_career_a_001.txt,,141,332445,0,5,65,3287,226,580,,,182,,51,,,31,205,,,,18,-20,,148,-3,55,,82,21,,23,,,,0,LARM049
Ruthless Dawnfrost Gauntlets (Warrior),ARMS\arm1_career_a_002.txt,ARMS\arm2_career_a_002.txt,,141,332445,0,5,65,3292,226,580,,,182,,51,,,31,205,,,,18,20,,148,2,55,,49,12,,24,,,,0,LARM050
Aurum Plate Gauntlets,ARMS\arm1_soldier200.txt,ARMS\arm2_soldier200.txt,,141,332445,0,5,56,3824,226,580,,,,,51,,,31,220,,,,,,,,,68,,80,19,,,,,,0,LARM51
Heavy Frost Gloves,ARMS\arm1_sodSoldier.txt,ARMS\arm2_sodSoldierGloves.txt,,141,12000,0,2,59,4853,226,579,,,,,41,,,31,160,,,,,,,,,46,12,313,79,,,,,,0,LARM52
Harbinger Gauntlets,ARMS\arm1_soldier_master.txt,ARMS\arm2_soldier_master.txt,,141,365598,0,5,60,9598,226,580,,,,,51,,,140,10,,,,,,,,,70,,88,20,,,,,,0,LARM53
Soldier 2023 1,,,,141,365598,0,5,60,9331,226,580,,,,,51,,,31,228,,,,,,,,,70,,88,20,,,,,,0,LARM054
Soldier 2023 2,,,,141,365598,0,5,60,9332,226,580,,,,,51,,,31,228,,,,,,,,,70,,88,20,,,,,,0,LARM055
,,,,,,,,,,,,,,,,,,,,,,,,,,,,,25,,,,,,,,,0,
,,,,,,,,,,,,,,,,,,,,,,,,,,,,,25,,,,,,,,,0,
,,,,,,,,,,,,,,,,,,,,,,,,,,,,,25,,,,,,,,,0,
,,,,,,,,,,,,,,,,,,,,,,,,,,,,,25,,,,,,,,,0,
,,,,,,,,,,,,,,,,,,,,,,,,,,,,,25,,,,,,,,,0,
Spiritual Gloves,ARMS\arm1_02700.txt,ARMS\arm2_02700.txt,,142,850,0,2,15,481,234,579,,,,,42,,,31,10,,,,,,,,,27,,5,2,,0,,,,0,LARM061
Green Gloves of Witch,ARMS\arm1_01600.txt,ARMS\arm2_01600.txt,,142,1900,0,2,21,482,234,579,18,1,261,17,42,,,31,30,,,,,,,,,28,,7,3,,0,,,,0,LARM062
Purple Gloves of Witch,ARMS\arm1_01200.txt,ARMS\arm2_01200.txt,,142,4650,0,2,28,483,234,579,18,2,262,22,42,,,31,50,,,,,,,,,30,,10,5,,0,,,,0,LARM063
Violet Gloves,ARMS\arm1_02400.txt,ARMS\arm2_02400.txt,,142,8700,0,2,34,484,234,579,18,3,263,27,52,,,31,70,,,,,,,,,32,,13,6,,0,,,,0,LARM064
Gloves of Shadow,ARMS\arm1_01900.txt,ARMS\arm2_01900.txt,,142,14850,0,2,39,485,234,579,18,4,264,30,52,,,31,88,,,,,,,,,34,,16,8,,0,,,,0,LARM065
Velvet Gloves of Witch,ARMS\arm1_00700.txt,ARMS\arm2_00710.txt,,142,25300,0,2,44,486,234,579,18,5,265,35,52,,,31,104,,,,,,,,,35,,20,10,,0,,,,0,LARM066
Heaven's Gloves,ARMS\arm1_04100.txt,ARMS\arm2_04100.txt,,142,36700,0,2,49,487,234,579,18,6,266,45,52,,,31,120,,,,,,,,,37,,23,11,,0,,,,0,LARM067
Fairy Gloves,ARMS\arm1_05000.txt,ARMS\arm2_05000.txt,,142,53595,0,2,55,488,234,579,18,7,267,48,52,,,31,145,,,,,,,,,40,,31,15,,0,,,,0,LARM060
Joker Gloves,ARMS\arm1_05300.txt,ARMS\arm2_05300.txt,,142,71415,0,2,59,489,234,579,18,8,268,52,52,,,31,155,,,,,,,,,42,,36,18,,0,,,,0,LARM068
Mystic Weaver Gloves,ARMS\arm1_06400.txt,ARMS\arm2_06400.txt,,142,118400,0,2,64,490,234,579,18,9,269,58,52,,,31,165,,,,,,,,,44,,40,19,,0,,,,0,LARM069
Serenity Gloves,ARMS\arm1_06000.txt,ARMS\arm2_06000.txt,,142,165850,0,2,68,491,234,579,18,10,270,62,52,,,31,175,,,,,,,,,46,,44,20,,0,,,,0,LARM070
Archmage Gloves,ARMS\arm1_06800.txt,ARMS\arm2_06800.txt,,142,205850,0,2,72,492,234,579,18,11,,65,52,,,31,185,,,,,,,,,49,,48,21,,0,,,,0,LARM071
Dimple Gloves,ARMS\arm1_07200.txt,ARMS\arm2_07200.txt,,142,245850,0,2,75,507,234,579,18,12,,70,52,,,31,200,,,,,,,,,53,,52,22,,0,,,,0,LARM072
Royal Sage Gloves,ARMS\arm1_08200.txt,ARMS\arm2_08200.txt,,142,295850,0,2,78,472,234,579,,,,,52,,,31,210,,,,,,,,,58,,56,23,,0,,,,0,LARM073
Muse 1,ARMS\arm1_career002_b.txt,ARMS\arm2_career002_b.txt,,142,1,0,2,78,3271,234,579,,,,,52,,,31,210,,,,,,,,,60,,100,100,,,,,,0,LARM074
Caster Gloves of Rebirth,ARMS\arm1_career006_f.txt,ARMS\arm2_career006_f.txt,6,142,216000,0,2,78,3276,234,579,,,,,52,,,111,8,,,,,,,,,75,,8,3,,,,,,0,LARM075
Muse 2,ARMS\arm1_career002_1b.txt,ARMS\arm2_career002_1b.txt,,142,1,0,2,78,3280,234,579,,,,,52,,,31,210,,,,,,,,,60,,100,100,,,,,,0,LARM076
Burning Gloves of Caster,ARMS\arm1_career006_1f.txt,ARMS\arm2_career006_1f.txt,6,142,313210,0,2,78,3284,234,579,,,,,52,,,31,210,,,,12,1,,19,3,61,,59,23,,0,,392,,0,LARM077
Merciful Dawnfrost Gloves (Maiden),ARMS\arm1_career_a_003.txt,ARMS\arm2_career_a_003.txt,,142,341154,0,2,65,3289,234,579,,,182,,52,,,31,205,,,,18,-20,,148,-3,55,,62,27,,25,,,,0,LARM079
Ruthless Dawnfrost Gloves (Maiden),ARMS\arm1_career_a_004.txt,ARMS\arm2_career_a_004.txt,,142,341154,0,2,65,3293,234,579,,,182,,52,,,31,205,,,,18,20,,148,2,55,,61,16,,26,,,,0,LARM080
Oro's Walker Gloves,ARMS\arm1_muse200.txt,ARMS\arm2_muse200.txt,,142,341154,0,2,78,3837,234,579,,,,,52,,,31,220,,,,,,,,,68,,61,24,,0,,,,0,LARM81
Light Frost Gloves,ARMS\arm1_sodMuseGloves.txt,ARMS\arm2_sodMuseGloves.txt,,142,12000,0,2,59,4855,234,579,,,,,42,,,31,160,,,,,,,,,23,29,147,169,,,,,,0,LARM82
Magus Gloves,ARMS\arm1_muse_master.txt,ARMS\arm2_muse_master.txt,,142,389940,0,2,79,9599,234,579,,,,,52,,,140,10,,,,,,,,,69,,66,25,,0,,,,0,LARM83
Muse 2023 1,,,,142,389940,0,2,79,9334,234,579,,,,,52,,,31,228,,,,,,,,,69,,66,25,,0,,,,0,LARM084
Muse 2023 2,,,,142,389940,0,2,79,9335,234,579,,,,,52,,,31,228,,,,,,,,,69,,66,25,,0,,,,0,LARM085
,,,,,,,,,,,,,,,,,,,,,,,,,,,,,25,,,,,,,,,0,
,,,,,,,,,,,,,,,,,,,,,,,,,,,,,25,,,,,,,,,0,
,,,,,,,,,,,,,,,,,,,,,,,,,,,,,25,,,,,,,,,0,
,,,,,,,,,,,,,,,,,,,,,,,,,,,,,25,,,,,,,,,0,
,,,,,,,,,,,,,,,,,,,,,,,,,,,,,25,,,,,,,,,0,
Hunter Gloves,ARMS\arm1_02200.txt,ARMS\arm2_02200.txt,,143,750,0,2,15,520,230,579,,,,,43,,,31,10,,,,,,,,,27,,5,1,,0,,,,0,LARM091
Criker Gloves,ARMS\arm1_03300.txt,ARMS\arm2_03300.txt,,143,1800,0,2,21,521,230,580,17,1,251,18,43,,,31,30,,,,,,,,,28,,7,2,,0,,,,0,LARM092
Ranger Gloves,ARMS\arm1_01400.txt,ARMS\arm2_01400.txt,,143,4050,0,2,27,522,230,579,17,2,252,23,43,,,31,50,,,,,,,,,30,,10,3,,0,,,,0,LARM093
Black Pirate Gloves,ARMS\arm1_01500.txt,ARMS\arm2_01500.txt,,143,9100,0,2,33,523,230,579,17,3,253,30,53,,,31,70,,,,,,,,,32,,14,5,,0,,,,0,LARM094
Mariner's Gloves,ARMS\arm1_02800.txt,ARMS\arm2_02800.txt,,143,16450,0,5,38,524,230,579,17,4,254,35,53,,,31,88,,,,,,,,,34,,18,6,,0,,,,0,LARM095
Jaguar Gloves,ARMS\arm1_02000.txt,ARMS\arm2_02000.txt,,143,24950,0,3,43,525,230,579,17,5,255,40,53,,,31,104,,,,,,,,,35,,21,7,,0,,,,0,LARM096
Wild Hawker Gloves,ARMS\arm1_04200.txt,ARMS\arm2_04200.txt,,143,39600,0,3,48,526,230,579,17,6,256,45,53,,,31,120,,,,,,,,,37,,25,9,,0,,,,0,LARM097
Pirate Gloves,ARMS\arm1_04700.txt,ARMS\arm2_04700.txt,,143,58050,0,3,55,527,230,579,17,7,257,48,53,,,31,145,,,,,,,,,40,,34,12,,0,,,,0,LARM090
Silentwalker Gloves,ARMS\arm1_05200.txt,ARMS\arm2_05200.txt,,143,79020,0,3,59,528,230,579,17,8,258,52,53,,,31,155,,,,,,,,,43,,40,14,,0,,,,0,LARM098
Triggerman Gloves,ARMS\arm1_06300.txt,ARMS\arm2_06300.txt,,143,124450,0,3,64,529,230,579,17,9,259,58,53,,,31,165,,,,,,,,,46,,46,16,,0,,,,0,LARM099
Captain Hawker Gloves,ARMS\arm1_05900.txt,ARMS\arm2_05900.txt,,143,173250,0,3,68,531,230,579,17,10,260,62,53,,,31,175,,,,,,,,,49,,52,18,,0,,,,0,LARM100
Netherworld Gloves,ARMS\arm1_04700.txt,ARMS\arm2_04700.txt,,143,203250,0,3,72,530,230,579,17,11,,65,53,,,31,185,,,,,,,,,55,,58,20,,0,,,,0,LARM101
Steel Resolve Gloves,ARMS\arm1_07400.txt,ARMS\arm2_07400.txt,,143,223250,0,3,74,533,230,579,17,12,,70,53,,,31,200,,,,,,,,,60,,64,22,,0,,,,0,LARM102
Shadow Fall Wraps,ARMS\arm1_08400.txt,ARMS\arm2_08400.txt,,143,243115,0,3,76,473,230,579,,,,,53,,,31,210,,,,,,,,,63,,70,24,,0,,,,0,LARM103
Hawker 1,ARMS\arm1_career003_c.txt,ARMS\arm2_career003_c.txt,,143,1,0,3,76,3272,230,579,,,,,53,,,31,210,,,,,,,,,68,,100,100,,0,,,,0,LARM104
Reckless Ram Gloves of Rebirth,ARMS\arm1_career007_g.txt,ARMS\arm2_career007_g.txt,6,143,199900,0,3,76,3277,230,579,,,,,53,,,111,8,,,,,,,,,75,,9,3,,,,,,0,LARM105
Hawker 2,ARMS\arm1_career003_1c.txt,ARMS\arm2_career003_1c.txt,,143,1,0,3,76,3281,230,579,,,,,53,,,31,210,,,,,,,,,68,,100,100,,,,,,0,LARM106
Reckless Ram Gloves,ARMS\arm1_career007_1g.txt,ARMS\arm2_career007_1g.txt,6,143,266120,0,3,76,3285,230,579,,,,,53,,,31,210,,,,11,1,,24,4,65,,74,24,,0,,392,,0,LARM107
Merciful Dawnfrost Gloves (Hunter),ARMS\arm1_career_a_005.txt,ARMS\arm2_career_a_005.txt,,143,335545,0,3,76,3290,230,579,,,182,,53,,,31,205,,,,18,-20,,148,-3,55,,80,27,,27,,,,0,LARM109
Ruthless Dawnfrost Gloves (Hunter),ARMS\arm1_career_a_006.txt,ARMS\arm2_career_a_006.txt,,143,335545,0,3,76,3294,230,579,,,182,,53,,,31,205,,,,18,20,,148,2,55,,48,16,,28,,,,0,LARM110
Raptor Gloves,ARMS\arm1_hawker200.txt,ARMS\arm2_hawker200.txt,,143,271001,0,3,76,3850,230,579,,,,,53,,,31,220,,,,,,,,,68,,78,26,,0,,,,0,LARM111
Leather Frost Gloves,ARMS\arm1_sodHawker.txt,ARMS\arm2_sodHawker.txt,,143,12000,0,2,59,4854,230,579,,,,,43,,,31,160,,,,,,,,,19,,176,132,,,,,,0,LARM112
Rogue's Gloves,ARMS\arm1_hawker_master.txt,ARMS\arm2_hawker_master.txt,,143,302454,0,3,77,9600,230,579,,,,,53,,,140,10,,,,,,,,,69,,86,28,,0,,,,0,LARM113
Hawker 2023 1,,,,143,302454,0,3,77,9336,230,579,,,,,53,,,31,228,,,,,,,,,69,,86,28,,0,,,,0,LARM114
Hawker 2023 2,,,,143,302454,0,3,77,9337,230,579,,,,,53,,,31,228,,,,,,,,,69,,86,28,,0,,,,0,LARM115
,,,,,,,,,,,,,,,,,,,,,,,,,,,,,25,,,,,,,,,0,
,,,,,,,,,,,,,,,,,,,,,,,,,,,,,25,,,,,,,,,0,
,,,,,,,,,,,,,,,,,,,,,,,,,,,,,25,,,,,,,,,0,
,,,,,,,,,,,,,,,,,,,,,,,,,,,,,25,,,,,,,,,0,
,,,,,,,,,,,,,,,,,,,,,,,,,,,,,25,,,,,,,,,0,
Brown Gloves,ARMS\arm1_03200.txt,ARMS\arm2_03200.txt,,143,900,0,2,18,546,238,579,,,,,44,,,31,10,,,,,,,,,27,,5,1,,0,,,,0,LARM121
Vibe Gloves,ARMS\arm1_03100.txt,ARMS\arm2_03100.txt,,143,2050,0,2,24,547,238,579,18,1,271,19,44,,,31,30,,,,,,,,,28,,7,2,,0,,,,0,LARM122
Tamiya Gloves,ARMS\arm1_01800.txt,ARMS\arm2_01800.txt,,143,4550,0,2,30,548,238,579,18,2,272,24,44,,,31,50,,,,,,,,,30,,10,3,,0,,,,0,LARM123
Semiya Gloves,ARMS\arm1_02300.txt,ARMS\arm2_02300.txt,,143,9700,0,2,35,549,238,579,18,3,273,29,54,,,31,70,,,,,,,,,32,,14,5,,0,,,,0,LARM124
Merchant Gloves,ARMS\arm1_03600.txt,ARMS\arm2_03600.txt,,143,16350,0,2,41,550,238,579,18,4,274,33,54,,,31,88,,,,,,,,,34,,17,6,,0,,,,0,LARM125
Rich Merchant Gloves,ARMS\arm1_03500.txt,ARMS\arm2_03500.txt,,143,26250,0,2,45,551,238,579,18,5,275,38,54,,,31,104,,,,,,,,,35,,21,7,,0,,,,0,LARM126
Redfield Chairman Gloves,ARMS\arm1_04400.txt,ARMS\arm2_04400.txt,,143,41450,0,2,49,552,238,579,18,6,276,45,54,,,31,120,,,,,,,,,37,,25,9,,0,,,,0,LARM127
Fisherman Gloves,ARMS\arm1_04900.txt,ARMS\arm2_04900.txt,,143,55485,0,2,54,553,238,579,18,7,277,48,54,,,31,145,,,,,,,,,40,,33,12,,0,,,,0,LARM120
Bomber Gloves,ARMS\arm1_05400.txt,ARMS\arm2_05400.txt,,143,75825,0,2,59,554,238,579,18,8,278,52,54,,,31,155,,,,,,,,,43,,39,14,,0,,,,0,LARM128
Cart Racer Gloves,ARMS\arm1_06500.txt,ARMS\arm2_06500.txt,,143,123450,0,2,64,555,238,579,18,9,279,58,54,,,31,165,,,,,,,,,46,,45,16,,0,,,,0,LARM129
Bourgeois Gloves,ARMS\arm1_06100.txt,ARMS\arm2_06100.txt,,143,167800,0,2,68,556,238,579,18,10,280,62,54,,,31,175,,,,,,,,,49,,51,18,,0,,,,0,LARM130
Noble Lord Gloves,ARMS\arm1_04900.txt,ARMS\arm2_04900.txt,,143,197800,0,2,73,557,238,579,18,11,,65,54,,,31,185,,,,,,,,,55,,57,20,,0,,,,0,LARM131
Mana Steam Gloves,ARMS\arm1_07300.txt,ARMS\arm2_07300.txt,,143,262600,0,2,75,559,238,579,18,12,,70,54,,,31,200,,,,,,,,,60,,63,22,,0,,,,0,LARM132
Mana Fusion Gloves,ARMS\arm1_08300.txt,ARMS\arm2_08300.txt,,143,304600,0,2,78,474,238,579,,,,,54,,,31,210,,,,,,,,,62,,69,24,,0,,,,0,LARM133
Dealer 1,ARMS\arm1_career004_d.txt,ARMS\arm2_career004_d.txt,,143,1,0,2,78,3273,238,579,,,,,54,,,31,210,,,,,,,,,69,,100,100,,,,,,0,LARM134
Staid Gentleman Gloves of Rebirth,ARMS\arm1_career008_h.txt,ARMS\arm2_career008_h.txt,6,143,199900,0,2,78,3278,238,579,,,,,54,,,111,8,,,,,,,,,75,,9,3,,,,,,0,LARM135
Dealer 2,ARMS\arm1_career004_1d.txt,ARMS\arm2_career004_1d.txt,,143,1,0,2,78,3282,238,579,,,,,54,,,31,210,,,,,,,,,69,,100,100,,,,,,0,LARM136
Staid Gentleman Gloves,ARMS\arm1_career008_1h.txt,ARMS\arm2_career008_1h.txt,6,143,318500,0,2,78,3286,238,579,,,,,54,,,31,210,,,,13,1,,19,3,65,,72,24,,0,,392,,0,LARM137
Merciful Dawnfrost Gloves (Trader),ARMS\arm1_career_a_007.txt,ARMS\arm2_career_a_007.txt,,143,344478,0,2,65,3291,238,579,,,182,,54,,,31,205,,,,18,-20,,148,-3,55,,78,25,,29,,,,0,LARM139
Ruthless Dawnfrost Gloves (Trader),ARMS\arm1_career_a_008.txt,ARMS\arm2_career_a_008.txt,,143,344478,0,2,65,3295,238,579,,,182,,54,,,31,205,,,,18,20,,148,2,55,,47,16,,30,,,,0,LARM140
Mercenary Gloves,ARMS\arm1_dealer200.txt,ARMS\arm2_dealer200.txt,,143,344478,0,2,78,3863,238,579,,,,,54,,,31,220,,,,,,,,,68,,76,26,,0,,,,0,LARM141
Sturdy Frost Gloves,ARMS\arm1_sodDealerGloves.txt,ARMS\arm2_sodDealerGloves.txt,,143,12000,0,2,59,4856,238,579,,,,,44,,,31,160,,,,,,,,,34,,245,95,,,,,,0,LARM142
Judgement Gloves,ARMS\arm1_dealer_master.txt,ARMS\arm2_dealer_master.txt,,143,379981,0,2,79,9601,238,579,,,,,54,,,140,10,,,,,,,,,69,,83,28,,0,,,,0,LARM143
Dealer 2023 1,,,,143,379981,0,2,79,9338,238,579,,,,,54,,,31,228,,,,,,,,,69,,83,28,,0,,,,0,LARM144
Dealer 2023 2,,,,143,379981,0,2,79,9339,238,579,,,,,54,,,31,228,,,,,,,,,69,,83,28,,0,,,,0,LARM145
,,,,,,,,,,,,,,,,,,,,,,,,,,,,,,,,,,,,,,0,
,,,,,,,,,,,,,,,,,,,,,,,,,,,,,,,,,,,,,,0,
,,,,,,,,,,,,,,,,,,,,,,,,,,,,,,,,,,,,,,0,
Santa Disguise Kit Don't Edit,,,,,,,,,,,,,,,,,,,,,,,,,,,,,,,,,,,,,,0,
ET Gloves,ARMS\arm_ET.txt,ARMS\arm_ET.txt,6,143,0,0,1,50,446,234,579,,,,,,,,,,,,,24,50,,25,5000,120,,999,999,,,,,,0,LARM150
GM Gloves,ARMS\arm1_04500.txt,ARMS\arm2_04500.txt,6,143,0,0,1,50,434,234,579,,,,,,,,,,,,,24,50,,25,5000,120,,999,999,,,,,,0,LARM151
Santa Gloves,ARMS\arm1_04300.txt,ARMS\arm2_04300.txt,7,143,1200,0,2,15,431,234,,,,,,,,,,,,,,,,,,,30,,5,3,,,,,,0,LARM152
Adventurer's Gloves,ARMS\arm1_00300.txt,ARMS\arm2_00300.txt,2,143,1598,0,1,14,421,242,579,,,,,,,,31,14,,,,24,2,,38,10,27,,5,1,,,,,,0,LARM153
,,,,,,,,,,,,,,,,,,,,,,,,,,,,,,,,,,,,,,0,
,,,,,,,,,,,,,,,,,,,,,,,,,,,,,,,,,,,,,,0,
,,,,,,,,,,,,,,,,,,,,,,,,,,,,,,,,,,,,,,0,
,,,,,,,,,,,,,,,,,,,,,,,,,,,,,,,,,,,,,,0,
,,,,,,,,,,,,,,,,,,,,,,,,,,,,,,,,,,,,,,0,
,,,,,,,,,,,,,,,,,,,,,,,,,,,,,,,,,,,,,,0,
????????????01_????????01,ARMS\arm1_20200.txt,ARMS\arm2_20200.txt,2,143,1598,0,1,14,424,242,579,,,,,,,,31,14,,,,24,2,,38,10,27,,5,1,,,,,,0,LARM160
????????????01_????????02,ARMS\arm1_20300.txt,ARMS\arm2_20300.txt,2,143,1598,0,1,14,423,242,579,,,,,,,,31,14,,,,24,2,,38,10,27,,5,1,,,,,,0,LARM161
,,,,,,,,,,,,,,,,,,,,,,,,,,,,,,,,,,,,,,0,
,,,,,,,,,,,,,,,,,,,,,,,,,,,,,,,,,,,,,,0,LARM163
White Santa Gloves,ARMS\arm1_20700.txt,ARMS\arm2_20700.txt,7,143,1200,0,1,14,438,242,579,,,,,,,,,,,,,,,,,,30,,5,1,,,,,,0,LARM164
,,,,,,,,,,,,,,,,,,,,,,,,,,,,,,,,,,,,,,0,
,,,,,,,,,,,,,,,,,,,,,,,,,,,,,,,,,,,,,,0,
Conjurer's Gloves,,,,142,10,0,1,100,9368,234,579,,,,124,42,,,,,,,,14,8,,62,10,70,5,40,12,,19,,,,0,LARM167
Christmas Cheer Gloves,ARMS\arm1_cristmas2010.txt,ARMS\arm2_cristmas2010.txt,6,143,0,0,1,50,4498,234,579,,,,,,,,,,,,,,,,,,50,,10,10,,,,,,0,LARM168
Snowboard Gloves,ARMS\arm1_20800.txt,ARMS\arm2_20800.txt,6,143,1200,0,1,14,439,242,579,,,,,,,,,,,,,,,,,,27,,5,1,,,,,,0,LARM165
Fairy Gift Gloves,ARMS\arm1_05300.txt,ARMS\arm2_05300.txt,6,143,10,0,1,21,488,234,579,,,,,,,,31,14,,,,,,,,,29,,20,4,,,,,,0,LARM170
Fairy Bless Gloves,ARMS\arm1_05300.txt,ARMS\arm2_05300.txt,6,143,10,0,1,21,488,234,579,,,,,,,,31,14,,,,,,,,,29,,20,4,,,,,,0,LARM171
Clan War School Gloves,ARMS\arm1_07100.txt,ARMS\arm2_07100.txt,6,143,1200,0,1,14,442,234,579,,,,,,,,,,,,,14,8,,,,27,,,,,,,,,0,LARM172
Rudolph Gloves,ARMS\arm1_22000.txt,ARMS\arm2_22000.txt,7,143,1200,0,1,14,447,242,579,,,,,,,,,,,,,,,,,,27,,5,1,,,,,,0,LARM173
Cheerful Rudolph Gloves,ARMS\arm1_22000.txt,ARMS\arm2_22000.txt,6,143,120,0,1,14,7345,242,579,,,,,,,,,,,,,,,,,,27,,5,1,,,,,,0,LARM174
,,,,,,,,,,,,,,,,,,,,,,,,,,,,,,,,,,,,,,0,
Santa Disguise Gloves,ARMS\arm1_F01920.txt,ARMS\arm2_F01920.txt,6,143,1000,0,1,10,4422,234,579,,,,,,,,,,,,,,,,,,50,,10,10,,,,,,0,LARM176
Jolly Santa Gloves,ARMS\arm1_F01920.txt,ARMS\arm2_F01920.txt,6,143,1000,0,1,10,3681,234,579,,,,,,,,,,,,,,,,,,50,,10,10,,,,,,0,LARM177
Santa's Helper Gloves,ARMS\arm1_F01920.txt,ARMS\arm2_F01920.txt,6,143,1000,0,1,10,3682,234,579,,,,,,,,,,,,,,,,,,50,,10,10,,,,,,0,LARM178
Bad Santa Gloves,ARMS\arm1_F01920.txt,ARMS\arm2_F01920.txt,6,143,1000,0,1,10,8142,234,579,,,,,,,,,,,,,,,,,,50,,10,10,,,,,,0,LARM179
Blue Santa Gloves,ARMS\arm1_20600.txt,ARMS\arm2_20600.txt,7,143,1200,0,1,14,437,242,579,,,,,,,,,,,,,,,,,,30,,10,5,,,,,,0,LARM180
Navy Blue Magic School Gloves,ARMS\arm1_20900.txt,ARMS\arm2_20900.txt,,143,1200,0,1,14,440,242,579,,,,84,,,,31,83,,,,24,8,,,,51,5,21,12,,,,,,0,LARM181
New Abyss Plate Gauntlets,ARMS\arm1_06600.txt,ARMS\arm2_06600.txt,6,141,3000,0,5,71,440,226,580,,,,,,,,31,120,,,,13,4,10,2,,48,,30,8,,,,,,0,LARM182
New Serenity Gloves,ARMS\arm1_06800.txt,ARMS\arm2_06800.txt,6,142,3000,0,2,77,440,234,579,,,,,,,,31,120,,,,13,4,12,2,,47,,26,13,,,,,,0,LARM183
New Captain Gauntlets,ARMS\arm1_04700.txt,ARMS\arm2_04700.txt,6,143,3000,0,3,75,440,230,579,,,,,,,,31,120,,,,13,4,11,2,,47,,28,10,,,,,,0,LARM184
New Bourgeois Gloves,ARMS\arm1_04900.txt,ARMS\arm2_04900.txt,6,143,3000,0,2,76,440,238,579,,,,,,,,31,120,,,,13,4,15,2,,47,,27,10,,,,,,0,LARM185
White Magic School Gloves,ARMS\arm1_07100.txt,ARMS\arm2_07100.txt,,143,1200,0,1,14,434,234,579,,,,100,,,,31,97,,,,24,10,,,,54,5,23,12,,,,,,0,LARM186
Servant's Gloves,ARMS\arm1_22300.txt,ARMS\arm2_22300.txt,7,143,10,0,1,100,444,234,579,,,,,,,,,,,,,18,5,,,,30,,10,10,,,,,,0,LARM187
Boxing Gloves,ARMS\arm1_22400.txt,ARMS\arm2_22400.txt,7,143,10,0,1,100,443,234,579,,,,,,,,,,,,,15,7,,,,30,,5,20,,,,,,0,LARM188
Gachapin Gloves,ARMS\arm1_30000.txt,ARMS\arm2_30000.txt,,143,10,0,1,100,562,234,579,,,,124,,,,,,,,,14,8,,15,8,70,5,42,10,,,,,,0,LARM189
Mukku Gloves,ARMS\arm1_30100.txt,ARMS\arm2_30100.txt,,143,10,0,1,100,563,234,579,,,,124,,,,,,,,,14,8,,10,8,70,5,42,10,,,,,,0,LARM190
Transparent Gloves,,,,143,100000,0,1,10,5107,234,579,,,,,,,,,,,,,,,,,,30,,0,0,,,,,,0,LARM191
Black Santa Gloves,ARMS\arm1_F01920.txt,ARMS\arm2_F01920.txt,6,143,1000,0,1,10,2591,234,579,,,,,,,,,,,,,,,,,,50,,10,10,,,,,,0,LARM192
Green Santa Gloves,ARMS\arm1_F01930.txt,ARMS\arm2_F01930.txt,6,143,1000,0,1,10,2485,234,579,,,,,,,,,,,,,,,,,,50,,10,10,,,,,,0,LARM193
Pink Santa Gloves,ARMS\arm1_F01940.txt,ARMS\arm2_F01940.txt,6,143,1000,0,1,10,2589,234,579,,,,,,,,,,,,,,,,,,50,,10,10,,,,,,0,LARM194
Leopard Santa Gloves,ARMS\arm1_F01950.txt,ARMS\arm2_F01950.txt,6,143,1000,0,1,10,2590,234,579,,,,,,,,,,,,,,,,,,50,,10,10,,,,,,0,LARM195
White Santa Gloves,ARMS\arm1_F01960.txt,ARMS\arm2_F01960.txt,6,143,1000,0,1,10,2595,234,579,,,,,,,,,,,,,,,,,,50,,10,10,,,,,,0,LARM196
Snow Wear Gloves,ARMS\arm1_F01970.txt,ARMS\arm2_F01970.txt,6,143,1000,0,1,10,2593,234,579,,,,,,,,,,,,,,,,,,27,,5,1,,,,,,0,LARM197
Wedding Gloves,ARMS\arm1_F01980.txt,ARMS\arm2_F01980.txt,6,143,1000,0,1,10,3064,234,579,93,1,1847,1,,,,,,,,,,,,,,50,10,10,10,,,,,,0,LARM198
Light Blue Santa Gloves,ARMS\arm1_F01940.txt,ARMS\arm2_F01940.txt,6,143,1000,0,1,10,2588,234,579,,,,,,,,,,,,,,,,,,50,,10,10,,,,,,0,LARM199
,,,,,,,,,,,,,,,,,,,,,,,,,,,,,,,,,,,,,,0,
Safe Gloves,ARMS\arm1_00600.txt,ARMS\arm2_00600.txt,,143,750,0,1,18,419,242,579,,,,,0,,,31,9,,,,24,1,,0,0,44,,7,4,,,,,,4,LARM005
Action Gloves,ARMS\arm1_00300.txt,ARMS\arm2_00300.txt,,143,1200,0,1,16,420,242,579,,,,,0,,,31,9,,,,24,2,,0,0,41,,7,5,,,,,,2,LARM006
Action Gloves,ARMS\arm1_00300.txt,ARMS\arm2_00300.txt,,143,1200,0,1,19,420,242,579,,,,,0,,,31,12,,,,24,2,,0,0,45,,8,5,,,,,,4,LARM006
Full Action Gloves,ARMS\arm1_00300.txt,ARMS\arm2_00300.txt,,143,1400,0,1,17,421,242,579,,,,,0,,,31,13,,,,24,2,,0,0,41,,7,4,,,,,,2,LARM007
Full Action Gloves,ARMS\arm1_00300.txt,ARMS\arm2_00300.txt,,143,1400,0,1,20,421,242,579,,,,,0,,,31,16,,,,24,2,,0,0,44,,8,4,,,,,,3,LARM007
Full Action Gloves,ARMS\arm1_00300.txt,ARMS\arm2_00300.txt,,143,1400,0,1,22,421,242,579,,,,,0,,,31,18,,,,24,2,,0,0,47,,9,5,,,,,,4,LARM007
Gray Gloves,ARMS\arm1_00310.txt,ARMS\arm2_00310.txt,,143,2100,0,1,19,422,242,579,,,,,0,,,31,19,,,,24,3,,0,0,43,,8,6,,,,,,2,LARM008
Gray Gloves,ARMS\arm1_00310.txt,ARMS\arm2_00310.txt,,143,2100,0,1,21,422,242,579,,,,,0,,,31,21,,,,24,3,,0,0,45,,9,6,,,,,,3,LARM008
Gray Gloves,ARMS\arm1_00310.txt,ARMS\arm2_00310.txt,,143,2100,0,1,23,422,242,579,,,,,0,,,31,23,,,,24,3,,0,0,47,,9,7,,,,,,4,LARM008
Hill Gray Gloves,ARMS\arm1_00310.txt,ARMS\arm2_00310.txt,,143,2450,0,1,21,423,242,579,,,,,0,,,31,24,,,,24,3,,0,0,43,,9,5,,,,,,2,LARM009
Hill Gray Gloves,ARMS\arm1_00310.txt,ARMS\arm2_00310.txt,,143,2450,0,1,23,423,242,579,,,,,0,,,31,26,,,,24,3,,0,0,46,,10,6,,,,,,3,LARM009
Hill Gray Gloves,ARMS\arm1_00310.txt,ARMS\arm2_00310.txt,,143,2450,0,1,25,423,242,579,,,,,0,,,31,28,,,,24,3,,0,0,48,,11,6,,,,,,4,LARM009
Gloves of Iguje,ARMS\arm1_01000.txt,ARMS\arm2_01000.txt,,143,3200,0,1,21,424,242,579,,,,,0,,,31,28,,,,24,4,,0,0,43,,9,6,,,,,,2,LARM010
Gloves of Iguje,ARMS\arm1_01000.txt,ARMS\arm2_01000.txt,,143,3200,0,1,24,424,242,579,,,,,0,,,31,31,,,,24,4,,0,0,46,,10,7,,,,,,3,LARM010
Gloves of Iguje,ARMS\arm1_01000.txt,ARMS\arm2_01000.txt,,143,3200,0,1,26,424,242,579,,,,,0,,,31,33,,,,24,4,,0,0,48,,11,7,,,,,,4,LARM010
Islamic Gloves,ARMS\arm1_01000.txt,ARMS\arm2_01000.txt,,143,3650,0,1,24,425,242,579,,,,,0,,,31,34,,,,24,3,,0,0,44,,11,5,,,,,,2,LARM011
Islamic Gloves,ARMS\arm1_01000.txt,ARMS\arm2_01000.txt,,143,3650,0,1,26,425,242,579,,,,,0,,,31,36,,,,24,3,,0,0,47,,11,6,,,,,,3,LARM011
Islamic Gloves,ARMS\arm1_01000.txt,ARMS\arm2_01000.txt,,143,3650,0,1,27,425,242,579,,,,,0,,,31,37,,,,24,3,,0,0,48,,12,6,,,,,,4,LARM011
Venetian Gloves,ARMS\arm1_00601.txt,ARMS\arm2_00601.txt,,143,3700,0,1,24,426,242,579,,,,,0,,,31,38,,,,24,3,,0,0,44,,11,6,,,,,,2,LARM012
Venetian Gloves,ARMS\arm1_00601.txt,ARMS\arm2_00601.txt,,143,3700,0,1,26,426,242,579,,,,19,0,,,31,40,,,,24,3,,0,0,46,5,12,7,,,,,,3,LARM012
Venetian Gloves,ARMS\arm1_00601.txt,ARMS\arm2_00601.txt,,143,3700,0,1,28,426,242,579,,,,20,0,,,31,42,,,,24,3,,0,0,48,5,13,7,,,,,,4,LARM012
Luxurious Venetian Gloves,ARMS\arm1_00601.txt,ARMS\arm2_00601.txt,,143,5050,0,1,27,427,242,579,,,,21,0,,,31,44,,,,24,4,,0,0,46,5,13,7,,,,,,2,LARM013
Luxurious Venetian Gloves,ARMS\arm1_00601.txt,ARMS\arm2_00601.txt,,143,5050,0,1,29,427,242,579,,,,22,0,,,31,46,,,,24,4,,0,0,48,5,14,7,,,,,,3,LARM013
Luxurious Venetian Gloves,ARMS\arm1_00601.txt,ARMS\arm2_00601.txt,,143,5050,0,1,31,427,242,579,,,,24,0,,,31,48,,,,24,4,,0,0,50,5,15,8,,,,,,4,LARM013
Junior Gloves,ARMS\arm1_03700.txt,ARMS\arm2_03700.txt,,143,7300,0,1,30,429,242,579,,,,36,0,,,31,54,,,,24,5,,0,0,47,5,14,9,,,,,,2,LARM014
Junior Gloves,ARMS\arm1_03700.txt,ARMS\arm2_03700.txt,,143,7300,0,1,31,429,242,579,,,,38,0,,,31,55,,,,24,5,,0,0,48,5,15,9,,,,,,3,LARM014
Junior Gloves,ARMS\arm1_03700.txt,ARMS\arm2_03700.txt,,143,7300,0,1,33,429,242,579,,,,40,0,,,31,57,,,,24,5,,0,0,50,5,16,10,,,,,,4,LARM014
Senior Gloves,ARMS\arm1_03800.txt,ARMS\arm2_03800.txt,,143,9150,0,1,32,430,242,579,,,,52,0,,,31,62,,,,24,6,,0,0,48,5,16,8,,,,,,2,LARM015
Senior Gloves,ARMS\arm1_03800.txt,ARMS\arm2_03800.txt,,143,9150,0,1,33,430,242,579,,,,54,0,,,31,63,,,,24,6,,0,0,49,5,16,9,,,,,,3,LARM015
Senior Gloves,ARMS\arm1_03800.txt,ARMS\arm2_03800.txt,,143,9150,0,1,34,430,242,579,,,,56,0,,,31,64,,,,24,6,,0,0,50,5,17,9,,,,,,3,LARM015
Senior Gloves,ARMS\arm1_03800.txt,ARMS\arm2_03800.txt,,143,9150,0,1,36,430,242,579,,,,61,0,,,31,66,,,,24,6,,0,0,52,5,18,10,,,,,,4,LARM015
Redfield Green Gloves,ARMS\arm1_04000.txt,ARMS\arm2_04000.txt,,143,11400,0,1,31,431,242,579,,,,,0,,,31,59,,,,24,4,,0,0,47,,19,10,,,,,,2,LARM016
Redfield Green Gloves,ARMS\arm1_04000.txt,ARMS\arm2_04000.txt,,143,11400,0,1,32,431,242,579,,,,,0,,,31,60,,,,24,4,,0,0,49,,20,10,,,,,,3,LARM016
Redfield Green Gloves,ARMS\arm1_04000.txt,ARMS\arm2_04000.txt,,143,11400,0,1,33,431,242,579,,,,,0,,,31,61,,,,24,4,,0,0,50,,20,10,,,,,,3,LARM016
Redfield Green Gloves,ARMS\arm1_04000.txt,ARMS\arm2_04000.txt,,143,11400,0,1,35,431,242,579,,,,,0,,,31,63,,,,24,4,,0,0,52,,21,11,,,,,,4,LARM016
Redfield Black Gloves,ARMS\arm1_03900.txt,ARMS\arm2_03900.txt,,143,14050,0,1,33,432,242,579,,,,,0,,,31,64,,,,24,5,,0,0,48,,20,11,,,,,,2,LARM017
Redfield Black Gloves,ARMS\arm1_03900.txt,ARMS\arm2_03900.txt,,143,14050,0,1,34,432,242,579,,,,,0,,,31,65,,,,24,5,,0,0,49,,21,11,,,,,,3,LARM017
Redfield Black Gloves,ARMS\arm1_03900.txt,ARMS\arm2_03900.txt,,143,14050,0,1,35,432,242,579,,,,,0,,,31,66,,,,24,5,,0,0,50,,21,12,,,,,,3,LARM017
Redfield Black Gloves,ARMS\arm1_03900.txt,ARMS\arm2_03900.txt,,143,14050,0,1,37,432,242,579,,,,,0,,,31,68,,,,24,5,,0,0,53,,23,12,,,,,,4,LARM017
Leprechaun Gloves,ARMS\arm1_leprechaun.txt,ARMS\arm2_leprechaun.txt,6,143,15850,0,1,34,3463,242,579,,,,,0,,,,,,,,14,10,,,,75,,30,20,,,,,,,LARM240
???? ????????18,0,0,,143,15850,0,1,35,433,242,579,,,,,0,,,31,70,,,,24,4,,0,0,50,,23,12,,,,,,3,
???? ????????18,0,0,,143,15850,0,1,36,433,242,579,,,,,0,,,31,71,,,,24,4,,0,0,51,,24,13,,,,,,3,
???? ????????18,0,0,,143,15850,0,1,38,433,242,579,,,,,0,,,31,73,,,,24,4,,0,0,53,,25,14,,,,,,4,
???? ????????19,0,0,,143,18700,0,1,36,434,242,579,,,,,0,,,31,74,,,,24,5,,0,0,49,,24,13,,,,,,2,
Jellybean Gloves,ARMS\ARM1_mjJB.txt,ARMS\ARM2_mjJB.txt,7,143,0,0,1,0,4748,238,579,,,,,,,,,,,,,,,,,,30,,5,3,,,,,,0,LARM245
Blue Aqua Fins,ARMS\ARM1_mjag.txt,ARMS\ARM2_mjag.txt,7,143,0,0,1,0,4749,238,579,,,,,,,,,,,,,,,,,,30,,5,3,,,,,,0,LARM246
Moldie Claws,ARMS\ARM1_mjM_b.txt,ARMS\ARM2_mjM_b.txt,7,143,0,0,1,0,4750,238,579,,,,,,,,,,,,,,,,,,30,,5,3,,,,,,0,LARM247
Rackie Paws,ARMS\ARM1_mjR.txt,ARMS\ARM2_mjR.txt,7,143,0,0,1,0,4751,238,579,,,,,,,,,,,,,,,,,,30,,5,3,,,,,,0,LARM248
Woopie Chef Paws,ARMS\ARM1_mjw.txt,ARMS\ARM2_mjw.txt,7,143,0,0,1,0,4752,238,579,,,,,,,,,,,,,,,,,,30,,5,3,,,,,,0,LARM249
Aqua King Fins,ARMS\ARM1_mjag_g.txt,ARMS\ARM2_mjag_g.txt,7,143,0,0,1,0,4753,238,579,,,,,,,,,,,,,,,,,,30,,5,3,,,,,,0,LARM250
Manager Moldie Claws,ARMS\ARM1_mjM_g.txt,ARMS\ARM2_mjM_g.txt,7,143,0,0,1,0,4754,238,579,,,,,,,,,,,,,,,,,,30,,5,3,,,,,,0,LARM251
Vagabond Rackie Paws,ARMS\ARM1_mjR_a.txt,ARMS\ARM2_mjR_a.txt,7,143,0,0,1,0,4755,238,579,,,,,,,,,,,,,,,,,,30,,5,3,,,,,,0,LARM252
Woopie King Paws,ARMS\ARM1_mjw_g.txt,ARMS\ARM2_mjw_g.txt,7,143,0,0,1,0,4756,238,579,,,,,,,,,,,,,,,,,,30,,5,3,,,,,,0,LARM253
Elite Pomic Soldier Gauntlets,ARMS\ARM1_mjA.txt,ARMS\ARM2_mjA.txt,7,143,0,0,1,0,4758,238,579,,,,,,,,,,,,,,,,,,30,,5,3,,,,,,0,LARM254
Candle Ghost Hands,ARMS\ARM1_mjG.txt,ARMS\ARM2_mjG.txt,7,143,0,0,1,0,4759,238,579,,,,,,,,,,,,,,,,,,30,,5,3,,,,,,0,LARM255
Queen Bibi Manicured Hands,ARMS\ARM1_mjQB.txt,ARMS\ARM2_mjQB.txt,7,143,0,0,1,0,4760,238,579,,,,,,,,,,,,,,,,,,30,,5,3,,,,,,0,LARM256
???? ????????22,0,0,,143,29700,0,1,41,437,242,579,,,,,0,,,31,90,,,,24,5,,0,0,52,,32,17,,,,,,3,
???? ????????22,0,0,,143,29700,0,1,42,437,242,579,,,,,0,,,31,91,,,,24,5,,0,0,53,,32,17,,,,,,3,
???? ????????22,0,0,,143,29700,0,1,44,437,242,579,,,,,0,,,31,93,,,,24,5,,0,0,56,,34,18,,,,,,4,
???? ????????23,0,0,,143,35450,0,1,42,438,242,579,,,,,0,,,31,94,,,,24,6,,0,0,52,,33,17,,,,,,2,
Devil Hands,ARMS\arm1_devil.txt,ARMS\arm2_devil.txt,6,143,1000,0,1,14,3789,242,579,,,,,,,,,,,,,,,,,,30,,10,9,,,,,,0,LARM261
Frankenhands,ARMS\arm1_frankenstien.txt,ARMS\arm2_frankenstien.txt,6,143,1000,0,1,14,3790,242,579,,,,,,,,,,,,,,,,,,30,,10,9,,,,,,0,LARM262
Mummy Hands,ARMS\arm1_mummy.txt,ARMS\arm2_mummy.txt,6,143,1000,0,1,14,3791,242,579,,,,,,,,,,,,,,,,,,30,,10,9,,,,,,0,LARM263
Vampire Hands,ARMS\arm1_vampire.txt,ARMS\arm2_vampire.txt,6,143,1000,0,1,14,3792,242,579,,,,,,,,,,,,,,,,,,30,,10,9,,,,,,0,LARM264
Werewolf Claws,ARMS\arm1_werewolf.txt,ARMS\arm2_werewolf.txt,6,143,1000,0,1,14,3793,242,579,,,,,,,,,,,,,,,,,,30,,10,9,,,,,,0,LARM265
Wicked Gloves,ARMS\arm1_warlock.txt,ARMS\arm2_witch.txt,6,143,1000,0,1,14,3794,242,579,,,,,,,,,,,,,,,,,,30,,10,9,,,,,,0,LARM266
Zombie Hands,ARMS\arm1_zombie.txt  ,ARMS\arm2_zombie.txt  ,6,143,1000,0,1,14,3796,242,579,,,,,,,,,,,,,,,,,,30,,10,9,,,,,,0,LARM267
Storybook Gloves,ARMS\arm1_Halloween2010_01.txt,ARMS\arm2_Halloween2010_01.txt,6,143,0,0,1,14,4336,242,579,,,,,,,,,,,,,,,,,,30,,11,9,,,,,,0,LARM268
Tea Party Handgear,ARMS\arm1_Halloween2010_02.txt,ARMS\arm2_Halloween2010_02.txt,6,143,0,0,1,14,4337,242,579,,,,,,,,,,,,,,,,,,30,,11,9,,,,,,0,LARM269
Fable Handgear,ARMS\arm1_Halloween2010_03.txt,ARMS\arm2_Halloween2010_03.txt,6,143,0,0,1,14,4338,242,579,,,,,,,,,,,,,,,,,,30,,11,9,,,,,,0,LARM270
Fairy Tale Handgear,ARMS\arm1_Halloween2010_04.txt,ARMS\arm2_Halloween2010_04.txt,6,143,0,0,1,14,4339,242,579,,,,,,,,,,,,,,,,,,30,,11,9,,,,,,0,LARM271
Union Uniform Gloves,ARMS\arm1_09000.txt,ARMS\arm2_09000.txt,,143,0,0,1,29,4340,242,579,,,,30,,,,,30,,,,24,20,,,,11,,27,17,,,,,,0,LARM272
Blue Snowboard Gloves,ARMS\arm1_20800b.txt,ARMS\arm2_20800b.txt,,143,0,0,1,14,4342,242,579,,,,,,,,,,,,,28,15,,29,15,30,,11,9,,,,,,0,LARM273
Purple Snowboard Gloves,ARMS\arm1_20800p.txt,ARMS\arm2_20800p.txt,,143,0,0,1,14,4343,242,579,,,,,,,,,,,,,28,15,,29,15,30,,11,9,,,,,,0,LARM274
???? ????????26,0,0,,143,52800,0,1,50,442,242,579,,,,,0,,,31,113,,,,24,7,,0,0,58,,44,17,,,,,,4,
???? ????????27,0,0,,143,61150,0,1,48,443,242,579,,,,,0,,,31,114,,,,24,8,,0,0,54,,42,22,,,,,,2,
???? ????????27,0,0,,143,61150,0,1,49,443,242,579,,,,,0,,,31,115,,,,24,8,,0,0,55,,43,23,,,,,,3,
???? ????????27,0,0,,143,61150,0,1,50,443,242,579,,,,,0,,,31,116,,,,24,8,,0,0,56,,44,23,,,,,,3,
???? ????????27,0,0,,143,61150,0,1,52,443,242,579,,,,,0,,,31,118,,,,24,8,,0,0,59,,46,24,,,,,,4,
???? ????????28,0,0,,143,70000,0,1,49,444,242,579,,,,,0,,,31,119,,,,24,7,,0,0,55,,46,24,,,,,,2,
???? ????????28,0,0,,143,70000,0,1,50,444,242,579,,,,,0,,,31,120,,,,24,7,,0,0,56,,46,24,,,,,,3,
???? ????????28,0,0,,143,70000,0,1,51,444,242,579,,,,,0,,,31,121,,,,24,7,,0,0,57,,47,25,,,,,,3,
???? ????????28,0,0,,143,70000,0,1,53,444,242,579,,,,,0,,,31,123,,,,24,7,,0,0,59,,49,26,,,,,,4,
???? ????????29,0,0,,143,78650,0,1,51,445,242,579,,,,,0,,,31,124,,,,24,8,,0,0,55,,48,25,,,,,,2,
???? ????????29,0,0,,143,78650,0,1,52,445,242,579,,,,,0,,,31,125,,,,24,8,,0,0,56,,49,25,,,,,,3,
???? ????????29,0,0,,143,78650,0,1,53,445,242,579,,,,,0,,,31,126,,,,24,8,,0,0,58,,50,26,,,,,,3,
???? ????????29,0,0,,143,78650,0,1,55,445,242,579,,,,,0,,,31,128,,,,24,8,,0,0,60,,51,27,,,,,,4,
???? ????????30,0,0,,143,150,0,1,13,446,242,579,,,,,0,,,,,,,,0,0,,0,0,40,,3,3,,,,,,2,
???? ????????30,0,0,,143,150,0,1,14,446,242,579,,,,,0,,,,,,,,0,0,,0,0,41,,4,4,,,,,,3,
???? ????????30,0,0,,143,150,0,1,15,446,242,579,,,,,0,,,,,,,,0,0,,0,0,43,,4,4,,,,,,3,
???? ????????30,0,0,,143,150,0,1,17,446,242,579,,,,,0,,,,,,,,0,0,,0,0,45,,4,4,,,,,,4,
???? ????????30,0,0,,143,150,0,1,14,446,242,579,,,,,0,,,,,,,,0,0,,0,0,41,,4,4,,,,,,3,
???? ????????30,0,0,,143,150,0,1,14,446,242,579,,,,,0,,,,,,,,0,0,,0,0,41,,4,4,,,,,,3,
???? ????????30,0,0,,143,150,0,1,14,446,242,579,,,,,0,,,,,,,,0,0,,0,0,41,,4,4,,,,,,3,
???? ????????30,0,0,,143,150,0,1,14,446,242,579,,,,,0,,,,,,,,0,0,,0,0,41,,4,4,,,,,,3,
???? ????????30,0,0,,143,150,0,1,14,446,242,579,,,,,0,,,,,,,,0,0,,0,0,41,,4,4,,,,,,3,
???? ????????30,0,0,,143,150,0,1,14,446,242,579,,,,,0,,,,,,,,0,0,,0,0,41,,4,4,,,,,,3,
???? ????????30,0,0,,143,150,0,1,14,446,242,579,,,,,0,,,,,,,,0,0,,0,0,41,,4,4,,,,,,3,
???? ????????30,0,0,,143,150,0,1,14,446,242,579,,,,,0,,,,,,,,0,0,,0,0,41,,4,4,,,,,,3,
???? ????????30,0,0,,143,150,0,1,14,446,242,579,,,,,0,,,,,,,,0,0,,0,0,41,,4,4,,,,,,3,
Soldier Gloves,ARMS\arm1_00300.txt,ARMS\arm2_00300.txt,,141,650,0,2,13,455,226,580,,,,,41,,,31,13,,,,0,0,,0,0,40,,7,3,,,,,,0,LARM031
Soldier Gloves,ARMS\arm1_00300.txt,ARMS\arm2_00300.txt,,141,650,0,2,13,455,226,580,,,,,41,,,31,16,,,,0,0,,0,0,40,,8,3,,,,,,0,LARM031
Soldier Gloves,ARMS\arm1_00300.txt,ARMS\arm2_00300.txt,,141,650,0,2,13,455,226,580,,,,,41,,,31,19,,,,0,0,,0,0,41,,9,4,,,,,,0,LARM031
Soldier Gloves,ARMS\arm1_00300.txt,ARMS\arm2_00300.txt,,141,650,0,2,21,455,226,580,,,,,41,,,31,14,,,,0,0,,0,0,47,,9,5,,,,,,4,LARM031
Soldier Gloves,ARMS\arm1_00300.txt,ARMS\arm2_00300.txt,,141,650,0,2,25,455,226,580,,,,,41,,,31,18,,,,0,0,,0,0,52,,11,6,,,,,,6,LARM031
Soldier Gloves,ARMS\arm1_00300.txt,ARMS\arm2_00300.txt,,141,650,0,2,29,455,226,580,,,,,41,,,31,22,,,,0,0,,0,0,56,,12,7,,,,,,7,LARM031
Halloween Dress Gloves,ARMS\arm1_00001.txt,ARMS\arm1_00001.txt,,143,5000,0,1,19,719,242,579,,,,,0,,,,,,,,14,10,,0,0,48,,5,5,,,,,,0,LARM307
Skeleton Costume Gloves,ARMS\arm1_00002.txt,ARMS\arm2_00002.txt,,143,5000,0,1,19,722,242,579,,,,,0,,,,,,,,14,10,,0,0,48,,5,5,,,,,,0,LARM308
Iron Gauntlets,ARMS\arm1_00500.txt,ARMS\arm2_00500.txt,,141,1950,0,3,19,456,226,580,,,,,41,,,31,39,,,,0,0,,0,0,43,,12,5,,,,,,0,LARM032
Iron Gauntlets,ARMS\arm1_00500.txt,ARMS\arm2_00500.txt,,141,1950,0,3,25,456,226,580,,,,,41,,,31,32,,,,0,0,,0,0,47,,13,6,,,,,,4,LARM032
Iron Gauntlets,ARMS\arm1_00500.txt,ARMS\arm2_00500.txt,,141,1950,0,3,28,456,226,580,,,,,41,,,31,35,,,,0,0,,0,0,51,,14,7,,,,,,5,LARM032
Iron Gauntlets,ARMS\arm1_00500.txt,ARMS\arm2_00500.txt,,141,1950,0,3,33,456,226,580,,,,,41,,,31,40,,,,0,0,,0,0,56,,16,8,,,,,,6,LARM032
Iron Gauntlets,ARMS\arm1_00500.txt,ARMS\arm2_00500.txt,,141,1950,0,3,36,456,226,580,,,,,41,,,31,43,,,,0,0,,0,0,60,,18,9,,,,,,7,LARM032
Trunket Gloves,ARMS\arm1_01700.txt,ARMS\arm2_01700.txt,,141,4350,0,3,25,457,226,580,,,252,27,41,,,31,50,,,,,,,,,30,,11,3,,,,,,0,LARM033
Trunket Gloves,ARMS\arm1_01700.txt,ARMS\arm2_01700.txt,,141,4350,0,3,25,457,226,580,,,,,41,,,31,56,,,,0,0,,0,0,45,,15,6,,,,,,0,LARM033
Trunket Gloves,ARMS\arm1_01700.txt,ARMS\arm2_01700.txt,,141,4350,0,3,31,457,226,580,,,,,41,,,31,52,,,,0,0,,0,0,50,,16,8,,,,,,4,LARM033
Trunket Gloves,ARMS\arm1_01700.txt,ARMS\arm2_01700.txt,,141,4350,0,3,31,457,226,580,,,,,41,,,31,52,,,,0,0,,0,0,50,,16,8,,,,,,4,LARM033
Trunket Gloves,ARMS\arm1_01700.txt,ARMS\arm2_01700.txt,,141,4350,0,3,34,457,226,580,,,,,41,,,31,55,,,,0,0,,0,0,53,,18,9,,,,,,5,LARM033
Trunket Gloves,ARMS\arm1_01700.txt,ARMS\arm2_01700.txt,,141,4350,0,3,39,457,226,580,,,,,41,,,31,60,,,,0,0,,0,0,59,,21,10,,,,,,6,LARM033
Trunket Gloves,ARMS\arm1_01700.txt,ARMS\arm2_01700.txt,,141,4350,0,3,42,457,226,580,,,,,41,,,31,63,,,,0,0,,0,0,62,,22,12,,,,,,7,LARM033
Chrome Gauntlets,ARMS\arm1_02500.txt,ARMS\arm2_02500.txt,,141,8950,0,3,30,458,226,580,,,,,51,,,31,73,,,,0,0,,0,0,47,,18,6,,,,,,0,LARM034
Chrome Gauntlets,ARMS\arm1_02500.txt,ARMS\arm2_02500.txt,,141,8950,0,3,30,458,226,580,,,,,51,,,31,76,,,,0,0,,0,0,48,,19,7,,,,,,0,LARM034
Chrome Gauntlets,ARMS\arm1_02500.txt,ARMS\arm2_02500.txt,,141,8950,0,3,30,458,226,580,,,,,51,,,31,79,,,,0,0,,0,0,48,,21,8,,,,,,0,LARM034
Chrome Gauntlets,ARMS\arm1_02500.txt,ARMS\arm2_02500.txt,,141,8950,0,3,36,458,226,580,,,,,51,,,31,72,,,,0,0,,0,0,52,,21,9,,,,,,4,LARM034
Chrome Gauntlets,ARMS\arm1_02500.txt,ARMS\arm2_02500.txt,,141,8950,0,3,39,458,226,580,,,,,51,,,31,75,,,,0,0,,0,0,55,,23,11,,,,,,5,LARM034
Chrome Gauntlets,ARMS\arm1_02500.txt,ARMS\arm2_02500.txt,,141,8950,0,3,44,458,226,580,,,,,51,,,31,80,,,,0,0,,0,0,61,,26,12,,,,,,6,LARM034
Chrome Gauntlets,ARMS\arm1_02500.txt,ARMS\arm2_02500.txt,,141,8950,0,3,47,458,226,580,,,,,51,,,31,83,,,,0,0,,0,0,64,,28,14,,,,,,7,LARM034
Mighty Gauntlets,ARMS\arm1_02100.txt,ARMS\arm2_02100.txt,,141,16650,0,3,36,459,226,580,,,,,51,,,31,90,,,,0,0,,0,0,49,,21,7,,,,,,0,LARM035
Mighty Gauntlets,ARMS\arm1_02100.txt,ARMS\arm2_02100.txt,,141,16650,0,3,36,459,226,580,,,,,51,,,31,93,,,,0,0,,0,0,50,,23,8,,,,,,0,LARM035
Mighty Gauntlets,ARMS\arm1_02100.txt,ARMS\arm2_02100.txt,,141,16650,0,3,36,459,226,580,,,,,51,,,31,96,,,,0,0,,0,0,50,,25,9,,,,,,0,LARM035
Mighty Gauntlets,ARMS\arm1_02100.txt,ARMS\arm2_02100.txt,,141,16650,0,3,41,459,226,580,,,,,51,,,31,89,,,,0,0,,0,0,53,,26,11,,,,,,3,LARM035
Mighty Gauntlets,ARMS\arm1_02100.txt,ARMS\arm2_02100.txt,,141,16650,0,3,44,459,226,580,,,,,51,,,31,92,,,,0,0,,0,0,56,,28,12,,,,,,4,LARM035
Mighty Gauntlets,ARMS\arm1_02100.txt,ARMS\arm2_02100.txt,,141,16650,0,3,47,459,226,580,,,,,51,,,31,95,,,,0,0,,0,0,60,,29,13,,,,,,5,LARM035
Mighty Gauntlets,ARMS\arm1_02100.txt,ARMS\arm2_02100.txt,,141,16650,0,3,50,459,226,580,,,,,51,,,31,98,,,,0,0,,0,0,63,,31,14,,,,,,6,LARM035
Kurash Gauntlets,ARMS\arm1_02600.txt,ARMS\arm2_02600.txt,,141,26600,0,5,40,460,226,580,,,255,40,51,,,31,104,,,,,,,,,36,,23,6,,,,,,0,LARM036
Kurash Gauntlets,ARMS\arm1_02600.txt,ARMS\arm2_02600.txt,,141,26600,0,5,40,460,226,580,,,,,51,,,31,109,,,,0,0,,0,0,51,,27,9,,,,,,0,LARM036
Kurash Gauntlets,ARMS\arm1_02600.txt,ARMS\arm2_02600.txt,,141,26600,0,5,40,460,226,580,,,,,51,,,31,112,,,,0,0,,0,0,52,,29,11,,,,,,0,LARM036
Kurash Gauntlets,ARMS\arm1_02600.txt,ARMS\arm2_02600.txt,,141,26600,0,5,45,460,226,580,,,,,51,,,31,105,,,,0,0,,0,0,55,,30,12,,,,,,3,LARM036
Kurash Gauntlets,ARMS\arm1_02600.txt,ARMS\arm2_02600.txt,,141,26600,0,5,48,460,226,580,,,,,51,,,31,108,,,,0,0,,0,0,58,,32,13,,,,,,4,LARM036
Kurash Gauntlets,ARMS\arm1_02600.txt,ARMS\arm2_02600.txt,,141,26600,0,5,51,460,226,580,,,,,51,,,31,111,,,,0,0,,0,0,62,,34,15,,,,,,5,LARM036
Kurash Gauntlets,ARMS\arm1_02600.txt,ARMS\arm2_02600.txt,,141,26600,0,5,54,460,226,580,,,,,51,,,31,114,,,,0,0,,0,0,65,,37,16,,,,,,6,LARM036
Plate Gauntlets,ARMS\arm1_01100.txt,ARMS\arm2_01100.txt,,141,40800,0,5,45,461,226,580,,,,,51,,,31,122,,,,0,0,,0,0,53,,30,9,,,,,,0,LARM037
Plate Gauntlets,ARMS\arm1_01100.txt,ARMS\arm2_01100.txt,,141,40800,0,5,45,461,226,580,,,,,51,,,31,125,,,,0,0,,0,0,53,,32,11,,,,,,0,LARM037
Plate Gauntlets,ARMS\arm1_01100.txt,ARMS\arm2_01100.txt,,141,40800,0,5,45,461,226,580,,,,,51,,,31,128,,,,0,0,,0,0,54,,34,12,,,,,,0,LARM037
Plate Gauntlets,ARMS\arm1_01100.txt,ARMS\arm2_01100.txt,,141,40800,0,5,50,461,226,580,,,,,51,,,31,121,,,,0,0,,0,0,57,,35,14,,,,,,3,LARM037
Plate Gauntlets,ARMS\arm1_01100.txt,ARMS\arm2_01100.txt,,141,40800,0,5,53,461,226,580,,,,,51,,,31,124,,,,0,0,,0,0,60,,37,15,,,,,,4,LARM037
Plate Gauntlets,ARMS\arm1_01100.txt,ARMS\arm2_01100.txt,,141,40800,0,5,56,461,226,580,,,,,51,,,31,127,,,,0,0,,0,0,64,,39,16,,,,,,5,LARM037
Plate Gauntlets,ARMS\arm1_01100.txt,ARMS\arm2_01100.txt,,141,40800,0,5,59,461,226,580,,,,,51,,,31,130,,,,0,0,,0,0,67,,42,18,,,,,,6,LARM037
Durable Gloves,0,0,,141,62595,0,5,49,462,226,580,,,,,51,,,31,138,,,,0,0,,0,0,55,,35,12,,,,,,0,LARM030
Durable Gloves,0,0,,141,62595,0,5,49,462,226,580,,,,,51,,,31,141,,,,0,0,,0,0,55,,37,13,,,,,,0,LARM030
Durable Gloves,0,0,,141,62595,0,5,49,462,226,580,,,,,51,,,31,144,,,,0,0,,0,0,56,,39,14,,,,,,0,LARM030
Durable Gloves,0,0,,141,62595,0,5,51,462,226,580,,,,,51,,,31,146,,,,0,0,,0,0,59,,44,17,,,,,,3,LARM030
Durable Gloves,0,0,,141,62595,0,5,52,462,226,580,,,,,51,,,31,148,,,,0,0,,0,0,62,,46,18,,,,,,4,LARM030
Durable Gloves,0,0,,141,62595,0,5,53,462,226,580,,,,,51,,,31,150,,,,0,0,,0,0,66,,48,19,,,,,,5,LARM030
Durable Gloves,0,0,,141,62595,0,5,54,462,226,580,,,,,51,,,31,153,,,,0,0,,0,0,69,,51,21,,,,,,6,LARM030
Cedric Gloves,0,0,,141,83655,0,5,54,463,226,580,,,,,51,,,31,154,,,,0,0,,0,0,57,,39,13,,,,,,0,LARM038
Cedric Gloves,0,0,,141,83655,0,5,54,463,226,580,,,,,51,,,31,157,,,,0,0,,0,0,57,,42,14,,,,,,0,LARM038
Cedric Gloves,0,0,,141,83655,0,5,54,463,226,580,,,,,51,,,31,160,,,,0,0,,0,0,58,,44,16,,,,,,0,LARM038
Cedric Gloves,0,0,,141,83655,0,5,56,463,226,580,,,,,51,,,31,156,,,,0,0,,0,0,61,,50,19,,,,,,3,LARM038
Cedric Gloves,0,0,,141,83655,0,5,57,463,226,580,,,,,51,,,31,158,,,,0,0,,0,0,64,,52,20,,,,,,4,LARM038
Cedric Gloves,0,0,,141,83655,0,5,58,463,226,580,,,,,51,,,31,160,,,,0,0,,0,0,67,,53,21,,,,,,5,LARM038
Cedric Gloves,0,0,,141,83655,0,5,59,463,226,580,,,,,51,,,31,163,,,,0,0,,0,0,71,,56,23,,,,,,6,LARM038
Execution Gloves,0,0,,141,132200,0,5,59,464,226,580,,,,,51,,,31,170,,,,0,0,,0,0,59,,45,15,,,,,,0,LARM039
Execution Gloves,0,0,,141,132200,0,5,59,464,226,580,,,,,51,,,31,172,,,,0,0,,0,0,59,,47,16,,,,,,0,LARM039
Execution Gloves,0,0,,141,132200,0,5,59,464,226,580,,,,,51,,,31,174,,,,0,0,,0,0,59,,49,17,,,,,,0,LARM039
Execution Gloves,0,0,,141,132200,0,5,62,464,226,580,,,,,51,,,31,166,,,,0,0,,0,0,63,,56,21,,,,,,3,LARM039
Execution Gloves,0,0,,141,132200,0,5,63,464,226,580,,,,,51,,,31,168,,,,0,0,,0,0,65,,58,22,,,,,,4,LARM039
Execution Gloves,0,0,,141,132200,0,5,64,464,226,580,,,,,51,,,31,170,,,,0,0,,0,0,67,,60,23,,,,,,7,LARM039
Execution Gloves,0,0,,141,132200,0,5,65,464,226,580,,,,,51,,,31,173,,,,0,0,,0,0,69,,63,25,,,,,,6,LARM039
Abyss Plate Gauntlets,0,0,,141,177900,0,5,63,465,226,580,,,,,51,,,31,186,,,,0,0,,0,0,61,,51,16,,,,,,0,LARM040
Abyss Plate Gauntlets,0,0,,141,177900,0,5,63,465,226,580,,,,,51,,,31,188,,,,0,0,,0,0,61,,52,17,,,,,,0,LARM040
Abyss Plate Gauntlets,0,0,,141,177900,0,5,63,465,226,580,,,,,51,,,31,190,,,,0,0,,0,0,61,,54,18,,,,,,0,LARM040
Abyss Plate Gauntlets,0,0,,141,177900,0,5,62,465,226,580,,,,,51,,,31,176,,,,0,0,,0,0,65,,62,22,,,,,,3,LARM040
Abyss Plate Gauntlets,0,0,,141,177900,0,5,63,465,226,580,,,,,51,,,31,178,,,,0,0,,0,0,67,,64,23,,,,,,4,LARM040
Abyss Plate Gauntlets,0,0,,141,177900,0,5,64,465,226,580,,,,,51,,,31,180,,,,0,0,,0,0,69,,66,24,,,,,,5,LARM040
Abyss Plate Gauntlets,0,0,,141,177900,0,5,65,465,226,580,,,,,51,,,31,183,,,,0,0,,0,0,71,,69,26,,,,,,6,LARM040
Righteous Plate Gauntlets,0,0,,141,197900,0,5,67,466,226,580,,,,,51,,,31,186,,,,0,0,,0,0,59,,68,23,,,,,,3,LARM041
Righteous Plate Gauntlets,0,0,,141,197900,0,5,68,466,226,580,,,,,51,,,31,188,,,,0,0,,0,0,62,,70,24,,,,,,4,LARM041
Righteous Plate Gauntlets,0,0,,141,197900,0,5,69,466,226,580,,,,,51,,,31,190,,,,0,0,,0,0,65,,72,25,,,,,,5,LARM041
Jabberwock Gauntlets,0,0,,141,232290,0,5,72,468,226,580,,,,,51,,,31,204,,,,0,0,,0,0,61,,76,25,,,,,,4,LARM042
Jabberwock Gauntlets,0,0,,141,232290,0,5,73,468,226,580,,,,,51,,,31,208,,,,0,0,,0,0,64,,81,28,,,,,,6,LARM042
Obsidian Plate Gauntlets,ARMS\arm1_08500.txt,ARMS\arm2_08500.txt,,141,284240,0,5,56,471,226,580,,,,,51,,,31,214,,,,,,,,,63,,82,27,,,,,,3,LARM043
Obsidian Plate Gauntlets,ARMS\arm1_08500.txt,ARMS\arm2_08500.txt,,141,284240,0,5,56,471,226,580,,,,,51,,,31,218,,,,,,,,,67,,86,29,,,,,,8,LARM043
Valiant Guardian Gauntlets,ARMS\arm1_career005_1e.txt,ARMS\arm2_career005_1e.txt,6,141,302160,0,5,56,3283,226,580,,,,,51,,,31,214,,,,10,3,,23,50,75,,84,28,,,,393,,5,LARM047
Valiant Guardian Gauntlets,ARMS\arm1_career005_1e.txt,ARMS\arm2_career005_1e.txt,6,141,302160,0,5,56,3283,226,580,,,,,51,,,31,218,,,,10,5,,23,75,75,,90,30,,,,391,,7,LARM047
???? ????2??-????????,0,0,,141,98450,0,5,67,0,226,580,,,,,0,,,31,178,,,,0,0,,0,0,65,,55,22,,,,,,4,
?????? ????2??-????????,0,0,,141,98450,0,5,70,0,226,580,,,,,0,,,31,181,,,,0,0,,0,0,68,,58,24,,,,,,5,
?????? ????2??-????????,0,0,,141,98450,0,5,72,0,226,580,,,,,0,,,31,183,,,,0,0,,0,0,70,,60,25,,,,,,5,
???? ????2??-??????,0,0,,141,47900,0,5,53,0,226,580,,,,,0,,,31,130,,,,0,0,,0,0,59,,38,16,,,,,,4,
?????? ????2??-??????,0,0,,141,47900,0,5,56,0,226,580,,,,,0,,,31,133,,,,0,0,,0,0,62,,40,17,,,,,,5,
?????? ????2??-??????,0,0,,141,47900,0,5,58,0,226,580,,,,,0,,,31,135,,,,0,0,,0,0,65,,42,18,,,,,,5,
???? ????2??-??????,0,0,,141,62350,0,5,58,0,226,580,,,,,0,,,31,146,,,,0,0,,0,0,61,,44,17,,,,,,4,
?????? ????2??-??????,0,0,,141,62350,0,5,61,0,226,580,,,,,0,,,31,149,,,,0,0,,0,0,64,,46,19,,,,,,5,
?????? ????2??-??????,0,0,,141,62350,0,5,63,0,226,580,,,,,0,,,31,151,,,,0,0,,0,0,67,,48,19,,,,,,5,
???? ????2??-??????,0,0,,141,79550,0,5,62,0,226,580,,,,,0,,,31,162,,,,0,0,,0,0,63,,50,20,,,,,,4,
?????? ????2??-??????,0,0,,141,79550,0,5,65,0,226,580,,,,,0,,,31,165,,,,0,0,,0,0,66,,52,21,,,,,,5,
?????? ????2??-??????,0,0,,141,79550,0,5,67,0,226,580,,,,,0,,,31,167,,,,0,0,,0,0,68,,54,22,,,,,,5,
???? ????2??-??????,0,0,,141,98450,0,5,67,0,226,580,,,,,0,,,31,178,,,,0,0,,0,0,65,,55,22,,,,,,4,
?????? ????2??-??????,0,0,,141,98450,0,5,70,0,226,580,,,,,0,,,31,181,,,,0,0,,0,0,68,,58,24,,,,,,5,
?????? ????2??-??????,0,0,,141,98450,0,5,72,0,226,580,,,,,0,,,31,183,,,,0,0,,0,0,70,,60,25,,,,,,5,
Spiritual Gloves,ARMS\arm1_02700.txt,ARMS\arm2_02700.txt,,142,850,0,2,15,481,234,579,,,,,42,,,31,13,,,,0,0,,0,0,40,,7,4,,,,,,0,LARM061
Spiritual Gloves,ARMS\arm1_02700.txt,ARMS\arm2_02700.txt,,142,850,0,2,15,481,234,579,,,,,42,,,31,16,,,,0,0,,0,0,40,,8,4,,,,,,0,LARM061
Spiritual Gloves,ARMS\arm1_02700.txt,ARMS\arm2_02700.txt,,142,850,0,2,15,481,234,579,,,,,42,,,31,19,,,,0,0,,0,0,41,,9,5,,,,,,0,LARM061
Spiritual Gloves,ARMS\arm1_02700.txt,ARMS\arm2_02700.txt,,142,850,0,2,23,481,234,579,,,,,42,,,31,14,,,,0,0,,0,0,47,,9,6,,,,,,4,LARM061
Spiritual Gloves,ARMS\arm1_02700.txt,ARMS\arm2_02700.txt,,142,850,0,2,27,481,234,579,,,,,42,,,31,18,,,,0,0,,0,0,52,,11,7,,,,,,6,LARM061
Spiritual Gloves,ARMS\arm1_02700.txt,ARMS\arm2_02700.txt,,142,850,0,2,31,481,234,579,,,,,42,,,31,22,,,,0,0,,0,0,56,,12,8,,,,,,7,LARM061
Green Gloves of Witch,ARMS\arm1_01600.txt,ARMS\arm2_01600.txt,,142,1900,0,2,21,482,234,579,,,,,42,,,31,33,,,,0,0,,0,0,42,,9,5,,,,,,0,LARM062
Green Gloves of Witch,ARMS\arm1_01600.txt,ARMS\arm2_01600.txt,,142,1900,0,2,21,482,234,579,,,,,42,,,31,36,,,,0,0,,0,0,43,,10,6,,,,,,0,LARM062
Green Gloves of Witch,ARMS\arm1_01600.txt,ARMS\arm2_01600.txt,,142,1900,0,2,21,482,234,579,,,,,42,,,31,39,,,,0,0,,0,0,43,,11,6,,,,,,0,LARM062
Green Gloves of Witch,ARMS\arm1_01600.txt,ARMS\arm2_01600.txt,,142,1900,0,2,27,482,234,579,,,,,42,,,31,32,,,,0,0,,0,0,47,,12,7,,,,,,4,LARM062
Green Gloves of Witch,ARMS\arm1_01600.txt,ARMS\arm2_01600.txt,,142,1900,0,2,30,482,234,579,,,,,42,,,31,35,,,,0,0,,0,0,51,,13,8,,,,,,5,LARM062
Green Gloves of Witch,ARMS\arm1_01600.txt,ARMS\arm2_01600.txt,,142,1900,0,2,35,482,234,579,,,,,42,,,31,40,,,,0,0,,0,0,56,,15,9,,,,,,6,LARM062
Green Gloves of Witch,ARMS\arm1_01600.txt,ARMS\arm2_01600.txt,,142,1900,0,2,38,482,234,579,,,,,42,,,31,43,,,,0,0,,0,0,60,,17,10,,,,,,7,LARM062
Purple Gloves of Witch,ARMS\arm1_01200.txt,ARMS\arm2_01200.txt,,142,4650,0,2,28,483,234,579,,,,,42,,,31,53,,,,0,0,,0,0,45,,12,7,,,,,,0,LARM063
Purple Gloves of Witch,ARMS\arm1_01200.txt,ARMS\arm2_01200.txt,,142,4650,0,2,34,483,234,579,,,,,42,,,31,52,,,,0,0,,0,0,50,,15,10,,,,,,4,LARM063
Purple Gloves of Witch,ARMS\arm1_01200.txt,ARMS\arm2_01200.txt,,142,4650,0,2,28,483,234,579,,,,,42,,,31,59,,,,0,0,,0,0,45,,15,9,,,,,,0,LARM063
Purple Gloves of Witch,ARMS\arm1_01200.txt,ARMS\arm2_01200.txt,,142,4650,0,2,34,483,234,579,,,,,42,,,31,52,,,,0,0,,0,0,50,,15,10,,,,,,4,LARM063
Purple Gloves of Witch,ARMS\arm1_01200.txt,ARMS\arm2_01200.txt,,142,4650,0,2,37,483,234,579,,,,,42,,,31,55,,,,0,0,,0,0,53,,17,11,,,,,,5,LARM063
Purple Gloves of Witch,ARMS\arm1_01200.txt,ARMS\arm2_01200.txt,,142,4650,0,2,42,483,234,579,,,,,42,,,31,60,,,,0,0,,0,0,59,,20,12,,,,,,6,LARM063
Purple Gloves of Witch,ARMS\arm1_01200.txt,ARMS\arm2_01200.txt,,142,4650,0,2,45,483,234,579,,,,,42,,,31,63,,,,0,0,,0,0,62,,21,14,,,,,,7,LARM063
Violet Gloves,ARMS\arm1_02400.txt,ARMS\arm2_02400.txt,,142,8700,0,2,34,484,234,579,,,,,52,,,31,73,,,,0,0,,0,0,47,,16,8,,,,,,0,LARM064
Violet Gloves,ARMS\arm1_02400.txt,ARMS\arm2_02400.txt,,142,8700,0,2,34,484,234,579,,,,,52,,,31,76,,,,0,0,,0,0,48,,17,9,,,,,,0,LARM064
Violet Gloves,ARMS\arm1_02400.txt,ARMS\arm2_02400.txt,,142,8700,0,2,34,484,234,579,,,,,52,,,31,79,,,,0,0,,0,0,48,,19,10,,,,,,0,LARM064
Violet Gloves,ARMS\arm1_02400.txt,ARMS\arm2_02400.txt,,142,8700,0,2,40,484,234,579,,,,,52,,,31,72,,,,0,0,,0,0,52,,19,11,,,,,,4,LARM064
Violet Gloves,ARMS\arm1_02400.txt,ARMS\arm2_02400.txt,,142,8700,0,2,43,484,234,579,,,,,52,,,31,75,,,,0,0,,0,0,55,,21,13,,,,,,5,LARM064
Violet Gloves,ARMS\arm1_02400.txt,ARMS\arm2_02400.txt,,142,8700,0,2,48,484,234,579,,,,,52,,,31,80,,,,0,0,,0,0,61,,24,14,,,,,,6,LARM064
Violet Gloves,ARMS\arm1_02400.txt,ARMS\arm2_02400.txt,,142,8700,0,2,51,484,234,579,,,,,52,,,31,83,,,,0,0,,0,0,64,,26,16,,,,,,7,LARM064
Gloves of Shadow,ARMS\arm1_01900.txt,ARMS\arm2_01900.txt,,142,14850,0,2,39,485,234,579,,,,,52,,,31,90,,,,0,0,,0,0,49,,18,10,,,,,,0,LARM065
Gloves of Shadow,ARMS\arm1_01900.txt,ARMS\arm2_01900.txt,,142,14850,0,2,39,485,234,579,,,,,52,,,31,93,,,,0,0,,0,0,50,,20,11,,,,,,0,LARM065
Gloves of Shadow,ARMS\arm1_01900.txt,ARMS\arm2_01900.txt,,142,14850,0,2,39,485,234,579,,,,,52,,,31,96,,,,0,0,,0,0,50,,22,12,,,,,,0,LARM065
Gloves of Shadow,ARMS\arm1_01900.txt,ARMS\arm2_01900.txt,,142,14850,0,2,44,485,234,579,,,,,52,,,31,89,,,,0,0,,0,0,53,,23,14,,,,,,3,LARM065
Gloves of Shadow,ARMS\arm1_01900.txt,ARMS\arm2_01900.txt,,142,14850,0,2,47,485,234,579,,,,,52,,,31,92,,,,0,0,,0,0,56,,25,15,,,,,,4,LARM065
Gloves of Shadow,ARMS\arm1_01900.txt,ARMS\arm2_01900.txt,,142,14850,0,2,50,485,234,579,,,,,52,,,31,95,,,,0,0,,0,0,60,,26,16,,,,,,5,LARM065
Gloves of Shadow,ARMS\arm1_01900.txt,ARMS\arm2_01900.txt,,142,14850,0,2,53,485,234,579,,,,,52,,,31,98,,,,0,0,,0,0,63,,28,17,,,,,,6,LARM065
Velvet Gloves of Witch,ARMS\arm1_00700.txt,ARMS\arm2_00710.txt,,142,25300,0,2,44,486,234,579,,,265,35,52,,,31,104,,,,,,,,,35,,20,10,,,,,,0,LARM066
Velvet Gloves of Witch,ARMS\arm1_00700.txt,ARMS\arm2_00710.txt,,142,25300,0,2,44,486,234,579,,,,,52,,,31,109,,,,0,0,,0,0,51,,24,13,,,,,,0,LARM066
Velvet Gloves of Witch,ARMS\arm1_00700.txt,ARMS\arm2_00710.txt,,142,25300,0,2,44,486,234,579,,,,,52,,,31,112,,,,0,0,,0,0,52,,26,15,,,,,,0,LARM066
Velvet Gloves of Witch,ARMS\arm1_00700.txt,ARMS\arm2_00710.txt,,142,25300,0,2,49,486,234,579,,,,,52,,,31,105,,,,0,0,,0,0,55,,27,16,,,,,,3,LARM066
Velvet Gloves of Witch,ARMS\arm1_00700.txt,ARMS\arm2_00710.txt,,142,25300,0,2,52,486,234,579,,,,,52,,,31,108,,,,0,0,,0,0,58,,29,17,,,,,,4,LARM066
Velvet Gloves of Witch,ARMS\arm1_00700.txt,ARMS\arm2_00710.txt,,142,25300,0,2,55,486,234,579,,,,,52,,,31,111,,,,0,0,,0,0,62,,31,19,,,,,,5,LARM066
Velvet Gloves of Witch,ARMS\arm1_00700.txt,ARMS\arm2_00710.txt,,142,25300,0,2,58,486,234,579,,,,,52,,,31,114,,,,0,0,,0,0,65,,34,20,,,,,,6,LARM066
Heaven's Gloves,ARMS\arm1_04100.txt,ARMS\arm2_04100.txt,,142,36700,0,2,49,487,234,579,,,,,52,,,31,122,,,,0,0,,0,0,53,,26,13,,,,,,0,LARM067
Heaven's Gloves,ARMS\arm1_04100.txt,ARMS\arm2_04100.txt,,142,36700,0,2,49,487,234,579,,,,,52,,,31,125,,,,0,0,,0,0,53,,28,15,,,,,,0,LARM067
Heaven's Gloves,ARMS\arm1_04100.txt,ARMS\arm2_04100.txt,,142,36700,0,2,49,487,234,579,,,,,52,,,31,128,,,,0,0,,0,0,54,,30,16,,,,,,0,LARM067
Heaven's Gloves,ARMS\arm1_04100.txt,ARMS\arm2_04100.txt,,142,36700,0,2,54,487,234,579,,,,,52,,,31,121,,,,0,0,,0,0,57,,31,18,,,,,,3,LARM067
Heaven's Gloves,ARMS\arm1_04100.txt,ARMS\arm2_04100.txt,,142,36700,0,2,57,487,234,579,,,,,52,,,31,124,,,,0,0,,0,0,60,,33,19,,,,,,4,LARM067
Heaven's Gloves,ARMS\arm1_04100.txt,ARMS\arm2_04100.txt,,142,36700,0,2,60,487,234,579,,,,,52,,,31,127,,,,0,0,,0,0,64,,35,20,,,,,,5,LARM067
Heaven's Gloves,ARMS\arm1_04100.txt,ARMS\arm2_04100.txt,,142,36700,0,2,63,487,234,579,,,,,52,,,31,130,,,,0,0,,0,0,67,,38,22,,,,,,6,LARM067
Fairy Gloves,0,0,,142,53595,0,2,54,488,234,579,,,,,52,,,31,138,,,,0,0,,0,0,55,,30,16,,,,,,0,LARM060
Fairy Gloves,0,0,,142,53595,0,2,54,488,234,579,,,,,52,,,31,141,,,,0,0,,0,0,55,,32,17,,,,,,0,LARM060
Fairy Gloves,0,0,,142,53595,0,2,54,488,234,579,,,,,52,,,31,144,,,,0,0,,0,0,56,,34,18,,,,,,0,LARM060
Fairy Gloves,0,0,,142,53595,0,2,57,488,234,579,,,,,52,,,31,146,,,,0,0,,0,0,59,,39,22,,,,,,3,LARM060
Fairy Gloves,0,0,,142,53595,0,2,58,488,234,579,,,,,52,,,31,148,,,,0,0,,0,0,62,,41,23,,,,,,4,LARM060
Fairy Gloves,0,0,,142,53595,0,2,59,488,234,579,,,,,52,,,31,150,,,,0,0,,0,0,66,,43,24,,,,,,5,LARM060
Fairy Gloves,0,0,,142,53595,0,2,60,488,234,579,,,,,52,,,31,153,,,,0,0,,0,0,69,,46,26,,,,,,6,LARM060
Joker Gloves,0,0,,142,71415,0,2,59,489,234,579,,,,,52,,,31,154,,,,0,0,,0,0,57,,34,19,,,,,,0,LARM068
Joker Gloves,0,0,,142,71415,0,2,59,489,234,579,,,,,52,,,31,157,,,,0,0,,0,0,57,,37,20,,,,,,0,LARM068
Joker Gloves,0,0,,142,71415,0,2,59,489,234,579,,,,,52,,,31,160,,,,0,0,,0,0,58,,39,22,,,,,,0,LARM068
Joker Gloves,0,0,,142,71415,0,2,61,489,234,579,,,,,52,,,31,156,,,,0,0,,0,0,61,,44,25,,,,,,3,LARM068
Joker Gloves,0,0,,142,71415,0,2,62,489,234,579,,,,,52,,,31,158,,,,0,0,,0,0,64,,46,26,,,,,,4,LARM068
Joker Gloves,0,0,,142,71415,0,2,63,489,234,579,,,,,52,,,31,160,,,,0,0,,0,0,67,,48,27,,,,,,5,LARM068
Joker Gloves,0,0,,142,71415,0,2,64,489,234,579,,,,,52,,,31,163,,,,0,0,,0,0,71,,51,29,,,,,,6,LARM068
Mystic Weaver Gloves,0,0,,142,118400,0,2,64,490,234,579,,,,,52,,,31,170,,,,0,0,,0,0,59,,39,21,,,,,,0,LARM069
Mystic Weaver Gloves,0,0,,142,118400,0,2,64,490,234,579,,,,,52,,,31,172,,,,0,0,,0,0,59,,41,22,,,,,,0,LARM069
Mystic Weaver Gloves,0,0,,142,118400,0,2,64,490,234,579,,,,,52,,,31,174,,,,0,0,,0,0,59,,43,23,,,,,,0,LARM069
Mystic Weaver Gloves,0,0,,142,118400,0,2,66,490,234,579,,,,,52,,,31,166,,,,0,0,,0,0,63,,48,26,,,,,,3,LARM069
Mystic Weaver Gloves,0,0,,142,118400,0,2,67,490,234,579,,,,,52,,,31,168,,,,0,0,,0,0,65,,50,27,,,,,,4,LARM069
Mystic Weaver Gloves,0,0,,142,118400,0,2,68,490,234,579,,,,,52,,,31,170,,,,0,0,,0,0,67,,52,28,,,,,,5,LARM069
Mystic Weaver Gloves,0,0,,142,118400,0,2,69,490,234,579,,,,,52,,,31,173,,,,0,0,,0,0,69,,55,30,,,,,,6,LARM069
Serenity Gloves,0,0,,142,165850,0,2,69,491,234,579,,,,,52,,,31,186,,,,0,0,,0,0,61,,45,23,,,,,,0,LARM070
Serenity Gloves,0,0,,142,165850,0,2,69,491,234,579,,,,,52,,,31,188,,,,0,0,,0,0,61,,46,24,,,,,,0,LARM070
Serenity Gloves,0,0,,142,165850,0,2,69,491,234,579,,,,,52,,,31,190,,,,0,0,,0,0,61,,48,25,,,,,,0,LARM070
Serenity Gloves,0,0,,142,165850,0,2,70,491,234,579,,,,,52,,,31,176,,,,0,0,,0,0,65,,52,27,,,,,,3,LARM070
Serenity Gloves,0,0,,142,165850,0,2,71,491,234,579,,,,,52,,,31,178,,,,0,0,,0,0,67,,54,28,,,,,,4,LARM070
Serenity Gloves,0,0,,142,165850,0,2,72,491,234,579,,,,,52,,,31,180,,,,0,0,,0,0,69,,56,29,,,,,,5,LARM070
Serenity Gloves,0,0,,142,165850,0,2,73,491,234,579,,,,,52,,,31,183,,,,0,0,,0,0,71,,59,31,,,,,,6,LARM070
Archmage Gloves,0,0,,142,205850,0,2,74,492,234,579,,,,,52,,,31,186,,,,0,0,,0,0,59,,56,28,,,,,,3,LARM071
Archmage Gloves,0,0,,142,205850,0,2,75,492,234,579,,,,,52,,,31,188,,,,0,0,,0,0,62,,58,29,,,,,,4,LARM071
Archmage Gloves,0,0,,142,205850,0,2,76,492,234,579,,,,,52,,,31,190,,,,0,0,,0,0,65,,60,30,,,,,,5,LARM071
Dimple Gloves,0,0,,142,245850,0,2,77,507,234,579,,,,,52,,,31,204,,,,0,0,,0,0,61,,62,30,,,,,,4,LARM072
Dimple Gloves,0,0,,142,245850,0,2,78,507,234,579,,,,,52,,,31,208,,,,0,0,,0,0,64,,67,33,,,,,,6,LARM072
Royal Sage Gloves,ARMS\arm1_08200.txt,ARMS\arm2_08200.txt,,142,295850,0,2,78,472,234,579,,,,,52,,,31,214,,,,,,,,,63,,68,32,,,,,,3,LARM073
Royal Sage Gloves,ARMS\arm1_08200.txt,ARMS\arm2_08200.txt,,142,295850,0,2,78,472,234,579,,,,,52,,,31,218,,,,,,,,,66,,72,34,,,,,,8,LARM073
Burning Gloves of Caster,ARMS\arm1_career006_1f.txt,ARMS\arm2_career006_1f.txt,6,142,313210,0,2,78,3284,234,579,,,,,52,,,31,214,,,,12,3,,19,5,75,,70,33,,,,393,,5,LARM077
Burning Gloves of Caster,ARMS\arm1_career006_1f.txt,ARMS\arm2_career006_1f.txt,6,142,313210,0,2,78,3284,234,579,,,,,52,,,31,218,,,,12,5,,19,10,75,,77,35,,,,391,,7,LARM077
???? ????2??-????????,0,0,,142,88750,0,2,73,0,234,579,,,,,23,,,31,178,,,,0,0,,0,0,65,,49,28,,,,,,4,
?????? ????2??-????????,0,0,,142,88750,0,2,76,0,234,579,,,,,23,,,31,181,,,,0,0,,0,0,68,,52,30,,,,,,5,
?????? ????2??-????????,0,0,,142,88750,0,2,78,0,234,579,,,,,23,,,31,183,,,,0,0,,0,0,70,,54,31,,,,,,5,
???? ????2??-????????,0,0,,142,40350,0,2,58,0,234,579,,,,,24,,,31,130,,,,0,0,,0,0,59,,34,20,,,,,,4,
?????? ????2??-????????,0,0,,142,40350,0,2,61,0,234,579,,,,,24,,,31,133,,,,0,0,,0,0,62,,36,21,,,,,,5,
?????? ????2??-????????,0,0,,142,40350,0,2,63,0,234,579,,,,,24,,,31,135,,,,0,0,,0,0,65,,38,22,,,,,,5,
???? ????2??-????????,0,0,,142,52750,0,2,63,0,234,579,,,,,24,,,31,146,,,,0,0,,0,0,61,,39,22,,,,,,4,
?????? ????2??-????????,0,0,,142,52750,0,2,66,0,234,579,,,,,24,,,31,149,,,,0,0,,0,0,64,,41,24,,,,,,5,
?????? ????2??-????????,0,0,,142,52750,0,2,68,0,234,579,,,,,24,,,31,151,,,,0,0,,0,0,67,,43,24,,,,,,5,
???? ????2??-????????,0,0,,142,68900,0,2,68,0,234,579,,,,,24,,,31,162,,,,0,0,,0,0,63,,44,26,,,,,,4,
?????? ????2??-????????,0,0,,142,68900,0,2,71,0,234,579,,,,,24,,,31,165,,,,0,0,,0,0,66,,46,27,,,,,,5,
?????? ????2??-????????,0,0,,142,68900,0,2,73,0,234,579,,,,,24,,,31,167,,,,0,0,,0,0,68,,48,28,,,,,,5,
???? ????2??-????????,0,0,,142,88750,0,2,73,0,234,579,,,,,24,,,31,178,,,,0,0,,0,0,65,,49,28,,,,,,4,
?????? ????2??-????????,0,0,,142,88750,0,2,76,0,234,579,,,,,24,,,31,181,,,,0,0,,0,0,68,,52,30,,,,,,5,
?????? ????2??-????????,0,0,,142,88750,0,2,78,0,234,579,,,,,24,,,31,183,,,,0,0,,0,0,70,,54,31,,,,,,5,
Hunter Gloves,ARMS\arm1_02200.txt,ARMS\arm2_02200.txt,,143,750,0,2,15,520,230,579,,,,,43,,,31,13,,,,0,0,,0,0,40,,7,3,,,,,,0,LARM091
Hunter Gloves,ARMS\arm1_02200.txt,ARMS\arm2_02200.txt,,143,750,0,2,15,520,230,579,,,,,43,,,31,16,,,,0,0,,0,0,40,,8,3,,,,,,0,LARM091
Hunter Gloves,ARMS\arm1_02200.txt,ARMS\arm2_02200.txt,,143,750,0,2,23,520,230,579,,,,,43,,,31,14,,,,0,0,,0,0,47,,9,5,,,,,,4,LARM091
Hunter Gloves,ARMS\arm1_02200.txt,ARMS\arm2_02200.txt,,143,750,0,2,23,520,230,579,,,,,43,,,31,14,,,,0,0,,0,0,47,,9,5,,,,,,4,LARM091
Hunter Gloves,ARMS\arm1_02200.txt,ARMS\arm2_02200.txt,,143,750,0,2,27,520,230,579,,,,,43,,,31,18,,,,0,0,,0,0,52,,11,6,,,,,,6,LARM091
Hunter Gloves,ARMS\arm1_02200.txt,ARMS\arm2_02200.txt,,143,750,0,2,31,520,230,579,,,,,43,,,31,22,,,,0,0,,0,0,56,,12,7,,,,,,7,LARM091
Criker Gloves,ARMS\arm1_03300.txt,ARMS\arm2_03300.txt,,143,1800,0,2,21,521,230,580,,,,,43,,,31,31,,,,0,0,,0,0,42,,9,4,,,,,,3,LARM092
Criker Gloves,ARMS\arm1_03300.txt,ARMS\arm2_03300.txt,,143,1800,0,2,21,521,230,580,,,,,43,,,31,36,,,,0,0,,0,0,43,,10,5,,,,,,0,LARM092
Criker Gloves,ARMS\arm1_03300.txt,ARMS\arm2_03300.txt,,143,1800,0,2,21,521,230,580,,,,,43,,,31,39,,,,0,0,,0,0,43,,11,5,,,,,,0,LARM092
Criker Gloves,ARMS\arm1_03300.txt,ARMS\arm2_03300.txt,,143,1800,0,2,27,521,230,580,,,,,43,,,31,32,,,,0,0,,0,0,47,,12,6,,,,,,4,LARM092
Criker Gloves,ARMS\arm1_03300.txt,ARMS\arm2_03300.txt,,143,1800,0,2,30,521,230,580,,,,,43,,,31,35,,,,0,0,,0,0,51,,13,7,,,,,,5,LARM092
Criker Gloves,ARMS\arm1_03300.txt,ARMS\arm2_03300.txt,,143,1800,0,2,35,521,230,580,,,,,43,,,31,40,,,,0,0,,0,0,56,,15,8,,,,,,6,LARM092
Criker Gloves,ARMS\arm1_03300.txt,ARMS\arm2_03300.txt,,143,1800,0,2,38,521,230,580,,,,,43,,,31,43,,,,0,0,,0,0,60,,17,9,,,,,,7,LARM092
Ranger Gloves,ARMS\arm1_01400.txt,ARMS\arm2_01400.txt,,143,4050,0,2,27,522,230,579,,,,,43,,,31,53,,,,0,0,,0,0,45,,12,5,,,,,,0,LARM093
Ranger Gloves,ARMS\arm1_01400.txt,ARMS\arm2_01400.txt,,143,4050,0,2,27,522,230,579,,,,,43,,,31,56,,,,0,0,,0,0,45,,14,6,,,,,,0,LARM093
Ranger Gloves,ARMS\arm1_01400.txt,ARMS\arm2_01400.txt,,143,4050,0,2,33,522,230,579,,,,,43,,,31,52,,,,0,0,,0,0,50,,15,8,,,,,,4,LARM093
Ranger Gloves,ARMS\arm1_01400.txt,ARMS\arm2_01400.txt,,143,4050,0,2,33,522,230,579,,,,,43,,,31,51,,,,0,0,,0,0,45,,13,5,,,,,,3,LARM093
Ranger Gloves,ARMS\arm1_01400.txt,ARMS\arm2_01400.txt,,143,4050,0,2,36,522,230,579,,,,,43,,,31,55,,,,0,0,,0,0,53,,17,9,,,,,,5,LARM093
Ranger Gloves,ARMS\arm1_01400.txt,ARMS\arm2_01400.txt,,143,4050,0,2,41,522,230,579,,,,,43,,,31,60,,,,0,0,,0,0,59,,20,10,,,,,,6,LARM093
Ranger Gloves,ARMS\arm1_01400.txt,ARMS\arm2_01400.txt,,143,4050,0,2,44,522,230,579,,,,,43,,,31,63,,,,0,0,,0,0,62,,21,12,,,,,,7,LARM093
Black Pirate Gloves,ARMS\arm1_01500.txt,ARMS\arm2_01500.txt,,143,9100,0,2,33,523,230,579,,,,,53,,,31,73,,,,0,0,,0,0,47,,17,7,,,,,,0,LARM094
Black Pirate Gloves,ARMS\arm1_01500.txt,ARMS\arm2_01500.txt,,143,9100,0,2,33,523,230,579,,,,,53,,,31,76,,,,0,0,,0,0,48,,18,8,,,,,,0,LARM094
Black Pirate Gloves,ARMS\arm1_01500.txt,ARMS\arm2_01500.txt,,143,9100,0,2,33,523,230,579,,,,,53,,,31,79,,,,0,0,,0,0,48,,20,9,,,,,,0,LARM094
Black Pirate Gloves,ARMS\arm1_01500.txt,ARMS\arm2_01500.txt,,143,9100,0,2,39,523,230,579,,,,,53,,,31,72,,,,0,0,,0,0,52,,20,10,,,,,,4,LARM094
Black Pirate Gloves,ARMS\arm1_01500.txt,ARMS\arm2_01500.txt,,143,9100,0,2,42,523,230,579,,,,,53,,,31,75,,,,0,0,,0,0,55,,22,12,,,,,,5,LARM094
Black Pirate Gloves,ARMS\arm1_01500.txt,ARMS\arm2_01500.txt,,143,9100,0,2,47,523,230,579,,,,,53,,,31,80,,,,0,0,,0,0,61,,25,13,,,,,,6,LARM094
Black Pirate Gloves,ARMS\arm1_01500.txt,ARMS\arm2_01500.txt,,143,9100,0,2,50,523,230,579,,,,,53,,,31,83,,,,0,0,,0,0,64,,27,15,,,,,,7,LARM094
Mariner's Gloves,ARMS\arm1_02800.txt,ARMS\arm2_02800.txt,,143,16450,0,5,38,524,230,579,,,,,53,,,31,90,,,,0,0,,0,0,49,,20,8,,,,,,0,LARM095
Mariner's Gloves,ARMS\arm1_02800.txt,ARMS\arm2_02800.txt,,143,16450,0,5,38,524,230,579,,,,,53,,,31,93,,,,0,0,,0,0,50,,22,9,,,,,,0,LARM095
Mariner's Gloves,ARMS\arm1_02800.txt,ARMS\arm2_02800.txt,,143,16450,0,5,38,524,230,579,,,,,53,,,31,96,,,,0,0,,0,0,50,,24,10,,,,,,0,LARM095
Mariner's Gloves,ARMS\arm1_02800.txt,ARMS\arm2_02800.txt,,143,16450,0,5,43,524,230,579,,,,,53,,,31,89,,,,0,0,,0,0,53,,25,12,,,,,,3,LARM095
Mariner's Gloves,ARMS\arm1_02800.txt,ARMS\arm2_02800.txt,,143,16450,0,5,46,524,230,579,,,,,53,,,31,92,,,,0,0,,0,0,56,,27,13,,,,,,4,LARM095
Mariner's Gloves,ARMS\arm1_02800.txt,ARMS\arm2_02800.txt,,143,16450,0,5,49,524,230,579,,,,,53,,,31,95,,,,0,0,,0,0,60,,28,14,,,,,,5,LARM095
Mariner's Gloves,ARMS\arm1_02800.txt,ARMS\arm2_02800.txt,,143,16450,0,5,52,524,230,579,,,,,53,,,31,98,,,,0,0,,0,0,63,,30,15,,,,,,6,LARM095
Jaguar Gloves,ARMS\arm1_02000.txt,ARMS\arm2_02000.txt,,143,24950,0,3,43,525,230,579,,,255,40,53,,,31,104,,,,,,,,,35,,21,7,,,,,,0,LARM096
Jaguar Gloves,ARMS\arm1_02000.txt,ARMS\arm2_02000.txt,,143,24950,0,3,43,525,230,579,,,,,53,,,31,109,,,,0,0,,0,0,51,,25,10,,,,,,0,LARM096
Jaguar Gloves,ARMS\arm1_02000.txt,ARMS\arm2_02000.txt,,143,24950,0,3,43,525,230,579,,,,,53,,,31,112,,,,0,0,,0,0,52,,27,12,,,,,,0,LARM096
Jaguar Gloves,ARMS\arm1_02000.txt,ARMS\arm2_02000.txt,,143,24950,0,3,48,525,230,579,,,,,53,,,31,105,,,,0,0,,0,0,55,,28,13,,,,,,3,LARM096
Jaguar Gloves,ARMS\arm1_02000.txt,ARMS\arm2_02000.txt,,143,24950,0,3,51,525,230,579,,,,,53,,,31,108,,,,0,0,,0,0,58,,30,14,,,,,,4,LARM096
Jaguar Gloves,ARMS\arm1_02000.txt,ARMS\arm2_02000.txt,,143,24950,0,3,54,525,230,579,,,,,53,,,31,111,,,,0,0,,0,0,62,,32,16,,,,,,5,LARM096
Jaguar Gloves,ARMS\arm1_02000.txt,ARMS\arm2_02000.txt,,143,24950,0,3,57,525,230,579,,,,,53,,,31,114,,,,0,0,,0,0,65,,35,17,,,,,,6,LARM096
Wild Hawker Gloves,ARMS\arm1_04200.txt,ARMS\arm2_04200.txt,,143,39600,0,3,48,526,230,579,,,,,53,,,31,122,,,,0,0,,0,0,53,,28,11,,,,,,0,LARM097
Wild Hawker Gloves,ARMS\arm1_04200.txt,ARMS\arm2_04200.txt,,143,39600,0,3,48,526,230,579,,,,,53,,,31,125,,,,0,0,,0,0,53,,30,13,,,,,,0,LARM097
Wild Hawker Gloves,ARMS\arm1_04200.txt,ARMS\arm2_04200.txt,,143,39600,0,3,48,526,230,579,,,,,53,,,31,128,,,,0,0,,0,0,54,,32,14,,,,,,0,LARM097
Wild Hawker Gloves,ARMS\arm1_04200.txt,ARMS\arm2_04200.txt,,143,39600,0,3,53,526,230,579,,,,,53,,,31,121,,,,0,0,,0,0,57,,33,16,,,,,,3,LARM097
Wild Hawker Gloves,ARMS\arm1_04200.txt,ARMS\arm2_04200.txt,,143,39600,0,3,56,526,230,579,,,,,53,,,31,124,,,,0,0,,0,0,60,,35,17,,,,,,4,LARM097
Wild Hawker Gloves,ARMS\arm1_04200.txt,ARMS\arm2_04200.txt,,143,39600,0,3,59,526,230,579,,,,,53,,,31,127,,,,0,0,,0,0,64,,37,18,,,,,,5,LARM097
Wild Hawker Gloves,ARMS\arm1_04200.txt,ARMS\arm2_04200.txt,,143,39600,0,3,62,526,230,579,,,,,53,,,31,130,,,,0,0,,0,0,67,,40,20,,,,,,6,LARM097
Pirate Gloves,0,0,,143,58050,0,3,53,527,230,579,,,,,53,,,31,138,,,,0,0,,0,0,55,,33,13,,,,,,0,LARM090
Pirate Gloves,0,0,,143,58050,0,3,53,527,230,579,,,,,53,,,31,141,,,,0,0,,0,0,55,,35,14,,,,,,0,LARM090
Pirate Gloves,0,0,,143,58050,0,3,53,527,230,579,,,,,53,,,31,144,,,,0,0,,0,0,56,,37,15,,,,,,0,LARM090
Pirate Gloves,0,0,,143,58050,0,3,57,527,230,579,,,,,53,,,31,146,,,,0,0,,0,0,59,,41,18,,,,,,3,LARM090
Pirate Gloves,0,0,,143,58050,0,3,58,527,230,579,,,,,53,,,31,148,,,,0,0,,0,0,62,,43,19,,,,,,4,LARM090
Pirate Gloves,0,0,,143,58050,0,3,59,527,230,579,,,,,53,,,31,150,,,,0,0,,0,0,66,,45,21,,,,,,5,LARM090
Pirate Gloves,0,0,,143,58050,0,3,60,527,230,579,,,,,53,,,31,153,,,,0,0,,0,0,69,,48,22,,,,,,6,LARM090
Silentwalker Gloves,0,0,,143,79020,0,3,58,528,230,579,,,,,53,,,31,154,,,,0,0,,0,0,57,,37,15,,,,,,0,LARM098
Silentwalker Gloves,0,0,,143,79020,0,3,58,528,230,579,,,,,53,,,31,157,,,,0,0,,0,0,57,,40,16,,,,,,0,LARM098
Silentwalker Gloves,0,0,,143,79020,0,3,58,528,230,579,,,,,53,,,31,160,,,,0,0,,0,0,58,,42,18,,,,,,0,LARM098
Silentwalker Gloves,0,0,,143,79020,0,3,61,528,230,579,,,,,53,,,31,156,,,,0,0,,0,0,61,,47,20,,,,,,3,LARM098
Silentwalker Gloves,0,0,,143,79020,0,3,62,528,230,579,,,,,53,,,31,158,,,,0,0,,0,0,64,,49,21,,,,,,4,LARM098
Silentwalker Gloves,0,0,,143,79020,0,3,63,528,230,579,,,,,53,,,31,160,,,,0,0,,0,0,67,,51,23,,,,,,5,LARM098
Silentwalker Gloves,0,0,,143,79020,0,3,64,528,230,579,,,,,53,,,31,163,,,,0,0,,0,0,71,,54,24,,,,,,6,LARM098
Triggerman Gloves,0,0,,143,124450,0,3,62,529,230,579,,,,,53,,,31,170,,,,0,0,,0,0,59,,42,17,,,,,,0,LARM099
Triggerman Gloves,0,0,,143,124450,0,3,62,529,230,579,,,,,53,,,31,172,,,,0,0,,0,0,59,,44,18,,,,,,0,LARM099
Triggerman Gloves,0,0,,143,124450,0,3,62,529,230,579,,,,,53,,,31,174,,,,0,0,,0,0,59,,46,19,,,,,,0,LARM099
Triggerman Gloves,0,0,,143,124450,0,3,66,529,230,579,,,,,53,,,31,166,,,,0,0,,0,0,63,,53,22,,,,,,3,LARM099
Triggerman Gloves,0,0,,143,124450,0,3,67,529,230,579,,,,,53,,,31,168,,,,0,0,,0,0,65,,54,23,,,,,,4,LARM099
Triggerman Gloves,0,0,,143,124450,0,3,68,529,230,579,,,,,53,,,31,170,,,,0,0,,0,0,67,,56,25,,,,,,5,LARM099
Triggerman Gloves,0,0,,143,124450,0,3,69,529,230,579,,,,,53,,,31,173,,,,0,0,,0,0,69,,59,26,,,,,,6,LARM099
Captain Hawker Gloves,0,0,,143,173250,0,3,67,531,230,579,,,,,53,,,31,186,,,,0,0,,0,0,61,,59,24,,,,,,0,LARM100
Captain Hawker Gloves,0,0,,143,173250,0,3,67,531,230,579,,,,,53,,,31,188,,,,0,0,,0,0,61,,61,25,,,,,,0,LARM100
Captain Hawker Gloves,0,0,,143,173250,0,3,67,531,230,579,,,,,53,,,31,190,,,,0,0,,0,0,61,,63,27,,,,,,0,LARM100
Captain Hawker Gloves,0,0,,143,173250,0,3,70,531,230,579,,,,,53,,,31,176,,,,0,0,,0,0,65,,59,24,,,,,,3,LARM100
Captain Hawker Gloves,0,0,,143,173250,0,3,71,531,230,579,,,,,53,,,31,178,,,,0,0,,0,0,67,,61,25,,,,,,4,LARM100
Captain Hawker Gloves,0,0,,143,173250,0,3,72,531,230,579,,,,,53,,,31,180,,,,0,0,,0,0,69,,63,27,,,,,,5,LARM100
Captain Hawker Gloves,0,0,,143,173250,0,3,73,531,230,579,,,,,53,,,31,183,,,,0,0,,0,0,71,,66,28,,,,,,6,LARM100
Netherworld Gloves,0,0,,143,203250,0,3,74,530,230,579,,,,,53,,,31,186,,,,0,0,,0,0,59,,65,26,,,,,,3,LARM101
Netherworld Gloves,0,0,,143,203250,0,3,75,530,230,579,,,,,53,,,31,188,,,,0,0,,0,0,62,,67,27,,,,,,4,LARM101
Netherworld Gloves,0,0,,143,203250,0,3,76,530,230,579,,,,,53,,,31,190,,,,0,0,,0,0,65,,69,29,,,,,,5,LARM101
Steel Resolve Gloves,0,0,,143,223250,0,3,76,533,230,579,,,,,53,,,31,204,,,,0,0,,0,0,61,,73,29,,,,,,4,LARM102
Steel Resolve Gloves,0,0,,143,223250,0,3,77,533,230,579,,,,,53,,,31,208,,,,0,0,,0,0,64,,78,32,,,,,,6,LARM102
Shadow Fall Wraps,ARMS\arm1_08400.txt,ARMS\arm2_08400.txt,,143,243115,0,3,76,473,230,579,,,,,53,,,31,214,,,,,,,,,63,,80,31,,,,,,3,LARM103
Shadow Fall Wraps,ARMS\arm1_08400.txt,ARMS\arm2_08400.txt,,143,243115,0,3,76,473,230,579,,,,,53,,,31,218,,,,,,,,,63,,84,33,,,,,,8,LARM103
Reckless Ram Gloves,ARMS\arm1_career007_1g.txt,ARMS\arm2_career007_1g.txt,6,143,266120,0,3,76,3285,230,579,,,,,53,,,31,214,,,,11,3,,24,10,75,,82,32,,,,393,,5,LARM107
Reckless Ram Gloves,ARMS\arm1_career007_1g.txt,ARMS\arm2_career007_1g.txt,6,143,266120,0,3,76,3285,230,579,,,,,53,,,31,218,,,,11,5,,24,18,75,,88,35,,,,391,,7,LARM107
???? ????2??-????????,0,0,,143,92850,0,3,71,0,230,579,,,,,25,,,31,178,,,,0,0,,0,0,65,,53,24,,,,,,4,
?????? ????2??-????????,0,0,,143,92850,0,3,74,0,230,579,,,,,25,,,31,181,,,,0,0,,0,0,68,,56,26,,,,,,5,
?????? ????2??-????????,0,0,,143,92850,0,3,76,0,230,579,,,,,25,,,31,183,,,,0,0,,0,0,70,,58,27,,,,,,5,
???? ????2??-??????????,0,0,,143,41000,0,3,56,0,230,579,,,,,26,,,31,130,,,,0,0,,0,0,59,,36,18,,,,,,4,
?????? ????2??-??????????,0,0,,143,41000,0,3,59,0,230,579,,,,,26,,,31,133,,,,0,0,,0,0,62,,38,19,,,,,,5,
?????? ????2??-??????????,0,0,,143,41000,0,3,61,0,230,579,,,,,26,,,31,135,,,,0,0,,0,0,65,,40,20,,,,,,5,
???? ????2??-??????????,0,0,,143,55450,0,3,61,0,230,579,,,,,26,,,31,146,,,,0,0,,0,0,61,,42,19,,,,,,4,
?????? ????2??-??????????,0,0,,143,55450,0,3,64,0,230,579,,,,,26,,,31,149,,,,0,0,,0,0,64,,44,21,,,,,,5,
?????? ????2??-??????????,0,0,,143,55450,0,3,66,0,230,579,,,,,26,,,31,151,,,,0,0,,0,0,67,,46,21,,,,,,5,
???? ????2??-??????????,0,0,,143,72600,0,3,66,0,230,579,,,,,26,,,31,162,,,,0,0,,0,0,63,,48,22,,,,,,4,
?????? ????2??-??????????,0,0,,143,72600,0,3,69,0,230,579,,,,,26,,,31,165,,,,0,0,,0,0,66,,50,23,,,,,,5,
?????? ????2??-??????????,0,0,,143,72600,0,3,71,0,230,579,,,,,26,,,31,167,,,,0,0,,0,0,68,,52,24,,,,,,5,
???? ????2??-??????????,0,0,,143,92850,0,3,71,0,230,579,,,,,26,,,31,178,,,,0,0,,0,0,65,,53,24,,,,,,4,
?????? ????2??-??????????,0,0,,143,92850,0,3,74,0,230,579,,,,,26,,,31,181,,,,0,0,,0,0,68,,56,26,,,,,,5,
?????? ????2??-??????????,0,0,,143,92850,0,3,76,0,230,579,,,,,26,,,31,183,,,,0,0,,0,0,70,,58,27,,,,,,5,
Brown Gloves,ARMS\arm1_03200.txt,ARMS\arm2_03200.txt,,143,900,0,2,18,546,238,579,,,,,44,,,31,13,,,,0,0,,0,0,40,,7,3,,,,,,0,LARM121
Brown Gloves,ARMS\arm1_03200.txt,ARMS\arm2_03200.txt,,143,900,0,2,18,546,238,579,,,,,44,,,31,16,,,,0,0,,0,0,40,,8,3,,,,,,0,LARM121
Brown Gloves,ARMS\arm1_03200.txt,ARMS\arm2_03200.txt,,143,900,0,2,18,546,238,579,,,,,44,,,31,11,,,,0,0,,0,0,41,,9,4,,,,,,3,LARM121
Brown Gloves,ARMS\arm1_03200.txt,ARMS\arm2_03200.txt,,143,900,0,2,26,546,238,579,,,,,44,,,31,14,,,,0,0,,0,0,47,,9,5,,,,,,4,LARM121
Brown Gloves,ARMS\arm1_03200.txt,ARMS\arm2_03200.txt,,143,900,0,2,30,546,238,579,,,,,44,,,31,18,,,,0,0,,0,0,52,,11,6,,,,,,6,LARM121
Brown Gloves,ARMS\arm1_03200.txt,ARMS\arm2_03200.txt,,143,900,0,2,34,546,238,579,,,,,44,,,31,22,,,,0,0,,0,0,56,,12,7,,,,,,7,LARM121
Vibe Gloves,ARMS\arm1_03100.txt,ARMS\arm2_03100.txt,,143,2050,0,2,24,547,238,579,,,,,44,,,31,33,,,,0,0,,0,0,42,,9,4,,,,,,0,LARM122
Vibe Gloves,ARMS\arm1_03100.txt,ARMS\arm2_03100.txt,,143,2050,0,2,24,547,238,579,,,,,44,,,31,36,,,,0,0,,0,0,43,,10,5,,,,,,0,LARM122
Vibe Gloves,ARMS\arm1_03100.txt,ARMS\arm2_03100.txt,,143,2050,0,2,24,547,238,579,,,,,44,,,31,39,,,,0,0,,0,0,43,,11,5,,,,,,0,LARM122
Vibe Gloves,ARMS\arm1_03100.txt,ARMS\arm2_03100.txt,,143,2050,0,2,30,547,238,579,,,,,44,,,31,32,,,,0,0,,0,0,47,,12,6,,,,,,4,LARM122
Vibe Gloves,ARMS\arm1_03100.txt,ARMS\arm2_03100.txt,,143,2050,0,2,33,547,238,579,,,,,44,,,31,35,,,,0,0,,0,0,51,,13,7,,,,,,5,LARM122
Vibe Gloves,ARMS\arm1_03100.txt,ARMS\arm2_03100.txt,,143,2050,0,2,38,547,238,579,,,,,44,,,31,40,,,,0,0,,0,0,56,,15,8,,,,,,6,LARM122
Vibe Gloves,ARMS\arm1_03100.txt,ARMS\arm2_03100.txt,,143,2050,0,2,41,547,238,579,,,,,44,,,31,43,,,,0,0,,0,0,60,,17,9,,,,,,7,LARM122
Tamiya Gloves,ARMS\arm1_01800.txt,ARMS\arm2_01800.txt,,143,4550,0,2,30,548,238,579,,,,,44,,,31,53,,,,0,0,,0,0,45,,12,5,,,,,,0,LARM123
Tamiya Gloves,ARMS\arm1_01800.txt,ARMS\arm2_01800.txt,,143,4550,0,2,30,548,238,579,,,,,44,,,31,56,,,,0,0,,0,0,45,,14,6,,,,,,0,LARM123
Tamiya Gloves,ARMS\arm1_01800.txt,ARMS\arm2_01800.txt,,143,4550,0,2,30,548,238,579,,,,,44,,,31,59,,,,0,0,,0,0,45,,15,7,,,,,,0,LARM123
Tamiya Gloves,ARMS\arm1_01800.txt,ARMS\arm2_01800.txt,,143,4550,0,2,36,548,238,579,,,,,44,,,31,52,,,,0,0,,0,0,50,,15,8,,,,,,4,LARM123
Tamiya Gloves,ARMS\arm1_01800.txt,ARMS\arm2_01800.txt,,143,4550,0,2,39,548,238,579,,,,,44,,,31,55,,,,0,0,,0,0,53,,17,9,,,,,,5,LARM123
Tamiya Gloves,ARMS\arm1_01800.txt,ARMS\arm2_01800.txt,,143,4550,0,2,44,548,238,579,,,,,44,,,31,60,,,,0,0,,0,0,59,,20,10,,,,,,6,LARM123
Tamiya Gloves,ARMS\arm1_01800.txt,ARMS\arm2_01800.txt,,143,4550,0,2,47,548,238,579,,,,,44,,,31,63,,,,0,0,,0,0,62,,21,12,,,,,,7,LARM123
Semiya Gloves,ARMS\arm1_02300.txt,ARMS\arm2_02300.txt,,143,9700,0,2,35,549,238,579,,,,,54,,,31,73,,,,0,0,,0,0,47,,17,7,,,,,,0,LARM124
Semiya Gloves,ARMS\arm1_02300.txt,ARMS\arm2_02300.txt,,143,9700,0,2,35,549,238,579,,,,,54,,,31,76,,,,0,0,,0,0,48,,18,8,,,,,,0,LARM124
Semiya Gloves,ARMS\arm1_02300.txt,ARMS\arm2_02300.txt,,143,9700,0,2,35,549,238,579,,,,,54,,,31,79,,,,0,0,,0,0,48,,20,9,,,,,,0,LARM124
Semiya Gloves,ARMS\arm1_02300.txt,ARMS\arm2_02300.txt,,143,9700,0,2,41,549,238,579,,,,,54,,,31,72,,,,0,0,,0,0,52,,20,10,,,,,,4,LARM124
Semiya Gloves,ARMS\arm1_02300.txt,ARMS\arm2_02300.txt,,143,9700,0,2,44,549,238,579,,,,,54,,,31,75,,,,0,0,,0,0,55,,22,12,,,,,,5,LARM124
Semiya Gloves,ARMS\arm1_02300.txt,ARMS\arm2_02300.txt,,143,9700,0,2,49,549,238,579,,,,,54,,,31,80,,,,0,0,,0,0,61,,25,13,,,,,,6,LARM124
Semiya Gloves,ARMS\arm1_02300.txt,ARMS\arm2_02300.txt,,143,9700,0,2,52,549,238,579,,,,,54,,,31,83,,,,0,0,,0,0,64,,27,15,,,,,,7,LARM124
Merchant Gloves,ARMS\arm1_03600.txt,ARMS\arm2_03600.txt,,143,16350,0,2,41,550,238,579,,,,,54,,,31,90,,,,0,0,,0,0,49,,19,8,,,,,,0,LARM125
Merchant Gloves,ARMS\arm1_03600.txt,ARMS\arm2_03600.txt,,143,16350,0,2,41,550,238,579,,,,,54,,,31,93,,,,0,0,,0,0,50,,21,9,,,,,,0,LARM125
Merchant Gloves,ARMS\arm1_03600.txt,ARMS\arm2_03600.txt,,143,16350,0,2,41,550,238,579,,,,,54,,,31,96,,,,0,0,,0,0,50,,23,10,,,,,,0,LARM125
Merchant Gloves,ARMS\arm1_03600.txt,ARMS\arm2_03600.txt,,143,16350,0,2,46,550,238,579,,,,,54,,,31,89,,,,0,0,,0,0,53,,24,12,,,,,,3,LARM125
Merchant Gloves,ARMS\arm1_03600.txt,ARMS\arm2_03600.txt,,143,16350,0,2,49,550,238,579,,,,,54,,,31,92,,,,0,0,,0,0,56,,26,13,,,,,,4,LARM125
Merchant Gloves,ARMS\arm1_03600.txt,ARMS\arm2_03600.txt,,143,16350,0,2,52,550,238,579,,,,,54,,,31,95,,,,0,0,,0,0,60,,27,14,,,,,,5,LARM125
Merchant Gloves,ARMS\arm1_03600.txt,ARMS\arm2_03600.txt,,143,16350,0,2,55,550,238,579,,,,,54,,,31,98,,,,0,0,,0,0,63,,29,15,,,,,,6,LARM125
Rich Merchant Gloves,ARMS\arm1_03500.txt,ARMS\arm2_03500.txt,,143,26250,0,2,45,551,238,579,,,275,38,54,,,31,104,,,,,,,,,35,,21,7,,,,,,0,LARM126
Rich Merchant Gloves,ARMS\arm1_03500.txt,ARMS\arm2_03500.txt,,143,26250,0,2,45,551,238,579,,,,,54,,,31,109,,,,0,0,,0,0,51,,25,10,,,,,,0,LARM126
Rich Merchant Gloves,ARMS\arm1_03500.txt,ARMS\arm2_03500.txt,,143,26250,0,2,45,551,238,579,,,,,54,,,31,112,,,,0,0,,0,0,52,,27,12,,,,,,0,LARM126
Rich Merchant Gloves,ARMS\arm1_03500.txt,ARMS\arm2_03500.txt,,143,26250,0,2,50,551,238,579,,,,,54,,,31,105,,,,0,0,,0,0,55,,28,13,,,,,,3,LARM126
Rich Merchant Gloves,ARMS\arm1_03500.txt,ARMS\arm2_03500.txt,,143,26250,0,2,53,551,238,579,,,,,54,,,31,108,,,,0,0,,0,0,58,,30,14,,,,,,4,LARM126
Rich Merchant Gloves,ARMS\arm1_03500.txt,ARMS\arm2_03500.txt,,143,26250,0,2,56,551,238,579,,,,,54,,,31,111,,,,0,0,,0,0,62,,32,16,,,,,,5,LARM126
Rich Merchant Gloves,ARMS\arm1_03500.txt,ARMS\arm2_03500.txt,,143,26250,0,2,59,551,238,579,,,,,54,,,31,114,,,,0,0,,0,0,65,,35,17,,,,,,6,LARM126
Redfield Chairman Gloves,ARMS\arm1_04400.txt,ARMS\arm2_04400.txt,,143,41450,0,2,50,552,238,579,,,,,54,,,31,122,,,,0,0,,0,0,53,,28,11,,,,,,0,LARM127
Redfield Chairman Gloves,ARMS\arm1_04400.txt,ARMS\arm2_04400.txt,,143,41450,0,2,50,552,238,579,,,,,54,,,31,125,,,,0,0,,0,0,53,,30,13,,,,,,0,LARM127
Redfield Chairman Gloves,ARMS\arm1_04400.txt,ARMS\arm2_04400.txt,,143,41450,0,2,50,552,238,579,,,,,54,,,31,128,,,,0,0,,0,0,54,,32,14,,,,,,0,LARM127
Redfield Chairman Gloves,ARMS\arm1_04400.txt,ARMS\arm2_04400.txt,,143,41450,0,2,55,552,238,579,,,,,54,,,31,121,,,,0,0,,0,0,57,,33,16,,,,,,3,LARM127
Redfield Chairman Gloves,ARMS\arm1_04400.txt,ARMS\arm2_04400.txt,,143,41450,0,2,58,552,238,579,,,,,54,,,31,124,,,,0,0,,0,0,60,,35,17,,,,,,4,LARM127
Redfield Chairman Gloves,ARMS\arm1_04400.txt,ARMS\arm2_04400.txt,,143,41450,0,2,61,552,238,579,,,,,54,,,31,127,,,,0,0,,0,0,64,,37,18,,,,,,5,LARM127
Redfield Chairman Gloves,ARMS\arm1_04400.txt,ARMS\arm2_04400.txt,,143,41450,0,2,64,552,238,579,,,,,54,,,31,130,,,,0,0,,0,0,67,,40,20,,,,,,6,LARM127
Fisher Gloves,0,0,,143,55485,0,2,54,553,238,579,,,,,54,,,31,138,,,,0,0,,0,0,55,,32,13,,,,,,0,LARM120
Fisher Gloves,0,0,,143,55485,0,2,54,553,238,579,,,,,54,,,31,141,,,,0,0,,0,0,55,,34,14,,,,,,0,LARM120
Fisher Gloves,0,0,,143,55485,0,2,54,553,238,579,,,,,54,,,31,144,,,,0,0,,0,0,56,,36,15,,,,,,0,LARM120
Fisher Gloves,0,0,,143,55485,0,2,56,553,238,579,,,,,54,,,31,146,,,,0,0,,0,0,59,,41,19,,,,,,3,LARM120
Fisher Gloves,0,0,,143,55485,0,2,57,553,238,579,,,,,54,,,31,148,,,,0,0,,0,0,62,,43,20,,,,,,4,LARM120
Fisher Gloves,0,0,,143,55485,0,2,58,553,238,579,,,,,54,,,31,150,,,,0,0,,0,0,66,,45,21,,,,,,5,LARM120
Fisher Gloves,0,0,,143,55485,0,2,59,553,238,579,,,,,54,,,31,153,,,,0,0,,0,0,69,,48,23,,,,,,6,LARM120
Bomber Gloves,0,0,,143,75825,0,2,59,554,238,579,,,,,54,,,31,154,,,,0,0,,0,0,57,,36,15,,,,,,0,LARM128
Bomber Gloves,0,0,,143,75825,0,2,59,554,238,579,,,,,54,,,31,157,,,,0,0,,0,0,57,,39,16,,,,,,0,LARM128
Bomber Gloves,0,0,,143,75825,0,2,59,554,238,579,,,,,54,,,31,160,,,,0,0,,0,0,58,,41,18,,,,,,0,LARM128
Bomber Gloves,0,0,,143,75825,0,2,61,554,238,579,,,,,54,,,31,156,,,,0,0,,0,0,61,,47,21,,,,,,3,LARM128
Bomber Gloves,0,0,,143,75825,0,2,62,554,238,579,,,,,54,,,31,158,,,,0,0,,0,0,64,,49,22,,,,,,4,LARM128
Bomber Gloves,0,0,,143,75825,0,2,63,554,238,579,,,,,54,,,31,160,,,,0,0,,0,0,67,,51,23,,,,,,5,LARM128
Bomber Gloves,0,0,,143,75825,0,2,64,554,238,579,,,,,54,,,31,163,,,,0,0,,0,0,71,,54,25,,,,,,6,LARM128
Cart Racer Gloves,0,0,,143,123450,0,2,64,555,238,579,,,,,54,,,31,170,,,,0,0,,0,0,59,,41,17,,,,,,0,LARM129
Cart Racer Gloves,0,0,,143,123450,0,2,64,555,238,579,,,,,54,,,31,172,,,,0,0,,0,0,59,,43,18,,,,,,0,LARM129
Cart Racer Gloves,0,0,,143,123450,0,2,64,555,238,579,,,,,54,,,31,174,,,,0,0,,0,0,59,,45,19,,,,,,0,LARM129
Cart Racer Gloves,0,0,,143,123450,0,2,66,555,238,579,,,,,54,,,31,166,,,,0,0,,0,0,63,,53,23,,,,,,3,LARM129
Cart Racer Gloves,0,0,,143,123450,0,2,67,555,238,579,,,,,54,,,31,168,,,,0,0,,0,0,65,,55,24,,,,,,4,LARM129
Cart Racer Gloves,0,0,,143,123450,0,2,68,555,238,579,,,,,54,,,31,170,,,,0,0,,0,0,67,,57,25,,,,,,5,LARM129
Cart Racer Gloves,0,0,,143,123450,0,2,69,555,238,579,,,,,54,,,31,173,,,,0,0,,0,0,69,,60,27,,,,,,6,LARM129
Bourgeois Gloves,0,0,,143,167800,0,2,68,556,238,579,,,,,54,,,31,186,,,,0,0,,0,0,61,,47,18,,,,,,0,LARM130
Bourgeois Gloves,0,0,,143,167800,0,2,68,556,238,579,,,,,54,,,31,188,,,,0,0,,0,0,61,,48,19,,,,,,0,LARM130
Bourgeois Gloves,0,0,,143,167800,0,2,68,556,238,579,,,,,54,,,31,190,,,,0,0,,0,0,61,,50,20,,,,,,0,LARM130
Bourgeois Gloves,0,0,,143,167800,0,2,70,556,238,579,,,,,54,,,31,176,,,,0,0,,0,0,65,,59,25,,,,,,3,LARM130
Bourgeois Gloves,0,0,,143,167800,0,2,71,556,238,579,,,,,54,,,31,178,,,,0,0,,0,0,67,,61,26,,,,,,4,LARM130
Bourgeois Gloves,0,0,,143,167800,0,2,72,556,238,579,,,,,54,,,31,180,,,,0,0,,0,0,69,,63,27,,,,,,5,LARM130
Bourgeois Gloves,0,0,,143,167800,0,2,73,556,238,579,,,,,54,,,31,183,,,,0,0,,0,0,71,,66,29,,,,,,6,LARM130
Noble Lord Gloves,0,0,,143,197800,0,2,75,557,238,579,,,,,54,,,31,186,,,,0,0,,0,0,59,,65,27,,,,,,3,LARM131
Noble Lord Gloves,0,0,,143,197800,0,2,76,557,238,579,,,,,54,,,31,188,,,,0,0,,0,0,62,,67,28,,,,,,4,LARM131
Noble Lord Gloves,0,0,,143,197800,0,2,77,557,238,579,,,,,54,,,31,190,,,,0,0,,0,0,65,,69,29,,,,,,5,LARM131
Mana Steam Gloves,0,0,,143,262600,0,2,77,559,238,579,,,,,54,,,31,204,,,,0,0,,0,0,61,,73,30,,,,,,4,LARM132
Mana Steam Gloves,0,0,,143,262600,0,2,78,559,238,579,,,,,54,,,31,208,,,,0,0,,0,0,64,,78,33,,,,,,6,LARM132
Mana Fusion Gloves,ARMS\arm1_08300.txt,ARMS\arm2_08300.txt,,143,304600,0,2,78,474,238,579,,,,,54,,,31,214,,,,,,,,,63,,80,32,,,,,,3,LARM133
Mana Fusion Gloves,ARMS\arm1_08300.txt,ARMS\arm2_08300.txt,,143,304600,0,2,78,474,238,579,,,,,54,,,31,218,,,,,,,,,63,,84,34,,,,,,8,LARM133
Staid Gentleman Gloves,ARMS\arm1_career008_1h.txt,ARMS\arm2_career008_1h.txt,6,143,318500,0,2,78,3286,238,579,,,,,54,,,31,214,,,,13,3,,19,5,75,,82,33,,,,393,,5,LARM137
Staid Gentleman Gloves,ARMS\arm1_career008_1h.txt,ARMS\arm2_career008_1h.txt,6,143,318500,0,2,78,3286,238,579,,,,,54,,,31,218,,,,13,5,,19,10,75,,88,36,,,,391,,7,LARM137
???? ????2??-??????????,0,0,,143,96150,0,2,72,0,238,579,,,,,27,,,31,178,,,,0,0,,0,0,65,,52,24,,,,,,4,
?????? ????2??-??????????,0,0,,143,96150,0,2,75,0,238,579,,,,,27,,,31,181,,,,0,0,,0,0,68,,55,26,,,,,,5,
?????? ????2??-??????????,0,0,,143,96150,0,2,77,0,238,579,,,,,27,,,31,183,,,,0,0,,0,0,70,,57,27,,,,,,5,
???? ????2??-????????,0,0,,143,43550,0,2,58,0,238,579,,,,,28,,,31,130,,,,0,0,,0,0,59,,36,17,,,,,,4,
?????? ????2??-????????,0,0,,143,43550,0,2,61,0,238,579,,,,,28,,,31,133,,,,0,0,,0,0,62,,38,18,,,,,,5,
?????? ????2??-????????,0,0,,143,43550,0,2,63,0,238,579,,,,,28,,,31,135,,,,0,0,,0,0,65,,40,19,,,,,,5,
???? ????2??-????????,0,0,,143,56700,0,2,63,0,238,579,,,,,28,,,31,146,,,,0,0,,0,0,61,,41,19,,,,,,4,
?????? ????2??-????????,0,0,,143,56700,0,2,66,0,238,579,,,,,28,,,31,149,,,,0,0,,0,0,64,,43,21,,,,,,5,
?????? ????2??-????????,0,0,,143,56700,0,2,68,0,238,579,,,,,28,,,31,151,,,,0,0,,0,0,67,,45,21,,,,,,5,
???? ????2??-????????,0,0,,143,75350,0,2,67,0,238,579,,,,,28,,,31,162,,,,0,0,,0,0,63,,47,22,,,,,,4,
?????? ????2??-????????,0,0,,143,75350,0,2,70,0,238,579,,,,,28,,,31,165,,,,0,0,,0,0,66,,49,23,,,,,,5,
?????? ????2??-????????,0,0,,143,75350,0,2,72,0,238,579,,,,,28,,,31,167,,,,0,0,,0,0,68,,51,24,,,,,,5,
Seasonal Kingdom Gloves,,,6,143,1000,0,2,50,5312,234,579,,,,,,,,,,,,,,,,,,75,,10,10,,,,,,,LARM698
Akram Kingdom Gloves,,,,143,100000,0,2,50,5312,234,579,,,,,,,,,,,,,,,,,,75,,10,10,,,,,,,LARM699
Blue Boxing Gloves,ARMS\arm1_F0700.txt,ARMS\arm2_F0700.txt,6,143,1000,0,1,10,2582,234,579,,,,,,,,,,,,,,,,,,30,,1,1,,,,,,,LARM700
Red Dress Gloves,ARMS\arm1_F0701.txt,ARMS\arm2_F0701.txt,6,143,1000,0,1,10,3088,234,579,,,,,,,,,,,,,,,,,,30,,1,1,,,,,,,LARM701
White Racing Gloves,ARMS\arm1_F0702.txt,ARMS\arm2_F0702.txt,6,143,0,0,1,10,3099,234,579,,,,,,,,,,,,,,,,,,30,,1,1,,,,,,,LARM702
Heart Snowboard Gloves,ARMS\arm1_F0703.txt,ARMS\arm2_F0703.txt,6,143,1000,0,1,10,2596,234,579,,,,,,,,,,,,,,,,,,27,,5,1,,,,,,,LARM703
Black Racing Gloves,ARMS\arm1_F0704.txt,ARMS\arm2_F0704.txt,6,143,0,0,1,10,3099,234,579,,,,,,,,,,,,,,,,,,30,,1,1,,,,,,,LARM704
Astronaut Gloves,ARMS\arm1_F0705.txt,ARMS\arm2_F0705.txt,6,143,1000,0,1,10,3104,234,579,,,,,,,,,,,,,,,,,,30,,1,1,,,,,,,LARM705
Alien Gloves,ARMS\arm1_F0706.txt,ARMS\arm2_F0706.txt,6,143,1000,0,1,10,3112,234,579,,,,,,,,,,,,,,,,,,30,,1,1,,,,,,,LARM706
Pink Racing Gloves,ARMS\arm1_F0707.txt,ARMS\arm2_F0707.txt,6,143,0,0,1,10,3099,234,579,,,,,,,,,,,,,,,,,,30,,1,1,,,,,,,LARM707
,,,,,,,,,,,,,,,,,,,,,,,,,,,,,,,,,,,,,,,
Wedding Gloves,ARMS\arm1_fashion001_a.txt,ARMS\arm2_fashion001_a.txt,7,143,1000,0,1,18,3464,238,579,,,,,,,,,,,,,,,,,,30,,15,5,,,,,,,LARM709
Kimono Wristbands,ARMS\arms1_fashion002_b.txt,ARMS\arms2_fashion002_b.txt,6,143,10000,0,1,18,3465,238,579,,,,,,,,,,,,,,,,,,30,,15,10,,,,,,,LARM710
Pirate Gloves,ARMS\arm1_fashion003_c.txt,ARMS\arm2_fashion003_c.txt,6,143,1000,0,1,14,3466,238,579,,,,,,,,,,,,,,,,,,30,,10,9,,,,,,,LARM711
Bear Paws,ARMS\arm1_fashion004_e.txt,ARMS\arm2_fashion004_e.txt,6,143,10000,0,1,18,3467,238,579,,,,,,,,,,,,,,,,,,30,,15,10,,,,,,,LARM712
Frog Gloves,ARMS\arm1_fashion005_f.txt,ARMS\arm2_fashion005_f.txt,7,143,10000,0,1,18,3468,238,579,,,,,,,,,,,,,12,3,,15,3,30,,5,3,,,,,,,LARM713
Koala Paws,ARMS\arm1_fashion005_p.txt,ARMS\arm2_fashion005_p.txt,6,143,10000,0,1,18,3469,238,579,,,,,,,,,,,,,,,,,,30,,15,10,,,,,,,LARM714
Pastery Chef's Gloves,ARMS\arm1_fashion007_h.txt,ARMS\arm2_fashion006_h.txt,7,143,10000,0,1,18,4188,238,579,,,,,,,,,,,,,19,10,,11,3,30,,5,3,,,,,,,LARM715
,,,,,,,,,,,,,,,,,,,,,,,,,,,,,,,,,,,,,,,
Green Magic School Gloves,,,,143,8400,0,1,18,566,234,579,,,,142,,,,31,104,,,,24,10,,,,62,5,31,18,,,,,,0,LARM717
Yellow Magic School Gloves,,,,143,8400,0,1,18,567,234,579,,,,142,,,,31,104,,,,24,10,,,,62,5,31,18,,,,,,0,LARM718
Red Magic School Gloves,,,,143,8400,0,1,18,564,234,579,,,,142,,,,31,104,,,,24,10,,,,62,5,31,18,,,,,,0,LARM719
Blue Magic School Gloves,,,,143,8400,0,1,18,565,234,579,,,,142,,,,31,104,,,,24,10,,,,62,5,31,18,,,,,,0,LARM720
Red Wonder Gloves,,ARMS\hu_konan_arm_w.txt,,143,10000,0,1,18,3472,238,579,,,,,,,,,,,,,,,,,,50,,15,10,,,,,,,LARM721
Pink Wonder Gloves,,ARMS\hu_can_arm_w.txt,,143,10000,0,1,18,3473,238,579,,,,,,,,,,,,,,,,,,50,,15,10,,,,,,,LARM722
Green Wonder Gloves,,ARMS\hu_kyomo_arm_w.txt,,143,10000,0,1,18,3474,238,579,,,,,,,,,,,,,,,,,,50,,15,10,,,,,,,LARM723
Orange Wonder Gloves,,ARMS\hu_marurin_arm.txt,,143,10000,0,1,18,3475,238,579,,,,,,,,,,,,,,,,,,50,,15,10,,,,,,,LARM724
Yellow Wonder Gloves,,ARMS\hu_piro_arm_w.txt,,143,10000,0,1,18,3476,238,579,,,,,,,,,,,,,,,,,,50,,15,10,,,,,,,LARM725
Blue Wonder Gloves,,ARMS\hu_ura_arm.txt,,143,10000,0,1,18,3477,238,579,,,,,,,,,,,,,,,,,,50,,15,10,,,,,,,LARM726
Purple Wonder Gloves,,ARMS\hu_yokyun_arm_w.txt,,143,10000,0,1,18,3478,238,579,,,,,,,,,,,,,,,,,,50,,15,10,,,,,,,LARM727
Grey Woopie Gloves,ARMS\whoopee2_hand_m_1026_ka.txt,ARMS\whoopee2_hand_m_1026_ka.txt,6,143,1000,0,1,10,4430,,579,,,,,,,,,,,,,12,3,,13,4,30,,31,6,,,,,,0,LARM728
Kaiman Gloves,ARMS\kaimanhand_m_1021_wa.txt,ARMS\kaimanhand_f_1021_wa.txt,6,143,1000,0,1,10,4431,,579,,,,,,,,,,,,,10,3,,15,3,30,,30,4,,,,,,0,LARM729
Pink and Red Winter Gloves,ARMS\mint_xmas_hand_pink_1101_wa.txt,ARMS\cr_xmas_arms_pink_1101_wa.txt,6,143,1000,0,1,10,4433,,579,,,,,,,,,,,,,14,12,,,,30,,27,16,,,,,,0,LARM730
White and Red Winter Gloves,ARMS\mint_xmas_hand_white_1101_wa.txt,ARMS\cr_xmas_arms_white_1101_wa.txt,6,143,1000,0,1,10,4434,,579,,,,,,,,,,,,,14,12,,,,30,,27,16,,,,,,0,LARM731
Black and Red Winter Gloves,ARMS\mint_xmas_hand_check_1101_wa.txt,ARMS\cr_xmas_arms_hyou_1101_wa.txt,6,143,1000,0,1,10,4435,,579,,,,,,,,,,,,,14,12,,,,30,,27,16,,,,,,0,LARM732
Black Panda Gloves,ARMS\panzukin_arm_m_0922_wa.txt,ARMS\panzukin_arm_f_0922_wa.txt,6,143,1000,0,1,10,4862,,579,,,,,,,,,,,,,,,,14,5,30,,15,15,,,,,,0,LARM733
Pussy Cat Gloves,ARMS\catdancerhand_m_pink_0401_cr.txt,ARMS\catdancer_foot_f_0324_wa.txt,6,143,0,0,1,10,4863,,579,,,,,,,,,,,,,11,4,,14,10,30,,14,12,,,,,,0,LARM734
Captain Zack Gloves,ARMS\ARM1_captain_pirate.txt,ARMS\ARM2_captain_pirate.txt,7,143,1000,0,0,0,4537,238,579,,,,,,,,,,,,,,,,,,30,,15,12,,,,,,,LARM735
Black Magic School Gloves,ARMS\arm1_F0704.txt,ARMS\arm2_F0704.txt,6,143,0,0,1,10,8432,234,579,,,,,,,,,,,,,,,,,,30,,1,1,,,,,,,LARM736
Orange Magic School Gloves,ARMS\arm1_F0704.txt,ARMS\arm2_F0704.txt,6,143,0,0,1,10,8433,234,579,,,,,,,,,,,,,,,,,,30,,1,1,,,,,,,LARM737
Purple Magic School Gloves,ARMS\arm1_F0704.txt,ARMS\arm2_F0704.txt,6,143,0,0,1,10,8434,234,579,,,,,,,,,,,,,,,,,,30,,1,1,,,,,,,LARM738
Bracelet,ARMS\pumpkin_man_arm.txt,ARMS\pumpkin_woman_arm.txt,6,143,1200,0,2,54,4273,234,579,,,,,,,,,,,,,,,,14,3,21,,4,8,,,,,,0,LARM739
Blue Rudolph Gloves,ARMS\arm1_22000_blue_1116_na1117.txt,ARMS\arm2_22000_blue_1116_na1117.txt,6,143,1200,0,1,14,7724,242,579,,,,4,,,,,,,,,,,,,,27,,5,1,,,,,,0,LARM740
thRose,ARMS\arm1_career013_1m.txt,ARMS\arm2_career013_1m.txt,6,143,1,0,1,18,3471,238,579,,,,,,,,,,,,,13,8,,,,30,,15,5,,,,,,,LARM741
thRose,ARMS\arm1_career018_r.txt,ARMS\arm2_career018_r.txt,6,143,1,0,1,18,3472,238,579,,,,,,,,,,,,,13,8,,,,30,,15,5,,,,,,,LARM742
thRose,ARMS\arm1_career018_1r.txt,ARMS\arm2_career018_1r.txt,6,143,1,0,1,18,3473,238,579,,,,,,,,,,,,,13,8,,,,30,,15,5,,,,,,,LARM743
thRose,ARMS\arm1_career020_t.txt,ARMS\arm2_career020_t.txt,6,143,1,0,1,18,3474,238,579,,,,,,,,,,,,,13,8,,,,30,,15,5,,,,,,,LARM744
thRose,ARMS\arm1_career020_1t.txt,ARMS\arm2_career020_1t.txt,6,143,1,0,1,18,3475,238,579,,,,,,,,,,,,,13,8,,,,30,,15,5,,,,,,,LARM745
Skeletal Warrior Gloves,ARMS\arm1_career021_u.txt,ARMS\arm2_career021_u.txt,10,143,0,0,0,0,7194,242,579,,,,,,,,,,,,,,,,,,30,,0,0,,,,,,,LARM746
Wolf Gloves,ARMS\arm1_career022_v.txt,ARMS\arm2_career022_v.txt,6,143,1,0,1,18,3476,238,579,,,,,,,,,,,,,,,,,,30,,15,5,,,,,,,LARM747
Demon Claws,ARMS\arm1_career023.txt,ARMS\arm2_career023.txt,7,143,1,0,1,18,3477,238,579,,,,,,,,,,,,,,,,,,30,,10,15,,,,,,,LARM748
Valentine Gloves,ARMS\arm1_Valentine2011.txt,ARMS\arm2_Valentine2011.txt,6,143,0,0,1,14,4465,242,579,,,,,,,,,,,,,,,,,,30,,15,5,,,,,,0,LARM749
Airplane Attendant Gloves,ARMS\arm1_fashion018_1018.txt,ARMS\arm2_fashion018_1018.txt,6,143,1000,0,1,18,3490,238,579,,,,,,,,,,,,,,,,,,30,,15,5,,,,,,,LARM750
Police Gloves,ARMS\arm1_fashion019_1019.txt,ARMS\arm2_fashion019_1019.txt,7,143,1,0,1,18,3491,238,579,,,,,,,,,,,,,,,,,,30,,15,5,,,,,,,LARM751
Pink Cat Gloves,ARMS\arm1_fashion020_1020.txt,ARMS\arm2_fashion020_1020.txt,6,143,1,0,1,18,3492,238,579,,,,,,,,,,,,,26,13,,22,4,30,,15,5,,,,,,,LARM752
Tiger Claws,ARMS\arm1_fashion021_1021.txt,ARMS\arm2_fashion021_1021.txt,7,143,1,0,1,18,3493,238,579,,,,,,,,,,,,,,,,,,30,,15,5,,,,,,,LARM753
Racing Gloves,ARMS\arm1_fashion022_1022.txt,ARMS\arm2_fashion022_1022.txt,7,143,1,0,1,18,3494,238,579,,,,,,,,,,,,,,,,,,30,,15,5,,,,,,,LARM754
thRose,ARMS\arm1_fashion023_1023.txt,ARMS\arm2_fashion023_1023.txt,6,143,1,0,1,18,3495,238,579,,,,,,,,,,,,,13,8,,,,30,,15,5,,,,,,,LARM755
thRose,ARMS\arm1_fashion024_1024.txt,ARMS\arm2_fashion024_1024.txt,6,143,1,0,1,18,3497,238,579,,,,,,,,,,,,,13,8,,,,30,,15,5,,,,,,,LARM756
Little Red Gloves,ARMS\akazukin_arm_m_0917_wa.txt,ARMS\akazukin_arm_0906_wa.txt,6,143,0,0,2,20,4253,234,579,,,,,,,,,,,,,20,3,,14,7,21,,15,5,,,,,,0,LARM757
thRose,ARMS\arm1_fashion007.txt,ARMS\arm2_fashion007.txt,6,143,1,0,1,18,3499,238,579,,,,,,,,,,,,,13,8,,,,30,,15,5,,,,,,,LARM758
Woopie Gloves,ARMS\whoopee_hand_m_0921_ka.txt,ARMS\whoopee_hand_f_0921_ka.txt,6,143,1000,0,1,10,4252,238,579,,,,,,,,,,,,,11,4,,10,3,30,,15,5,,,,,,0,LARM759
Rabbit Paw,ARMS\cat_hand_m.txt,ARMS\cat_hand_w.txt,6,143,1000,0,1,10,4467,238,579,93,1,1830,1,,,,,,,,,11,4,,14,10,30,10,15,5,,,,,,0,LARM760
Love Story Hands,ARMS\arm1_BATB.txt,ARMS\arm2_BATB.txt,6,143,0,0,1,14,4457,242,579,,,,,,,,,,,,,,,,,,30,,15,5,,,,,,0,LARM761
Jester Gloves,ARMS\arm1_fashion019_1019.txt,ARMS\arm2_fashion019_1019.txt,7,143,1000,0,1,18,4074,238,579,,,,,,,,,,,,,,,,,,30,,15,5,,,,,,,LARM762
Hunter's Gloves,ARMS\arm1_fashion019_1019.txt,ARMS\arm2_fashion019_1019.txt,7,143,1000,0,1,18,4076,238,579,,,,,,,,,,,,,,,,,,30,,15,5,,,,,,,LARM763
Devil Gloves,ARMS\arm1_fashion019_1019.txt,ARMS\arm2_fashion019_1019.txt,7,143,1000,0,1,18,7407,238,579,,,,,,,,,,,,,,,,,,30,,15,5,,,,,,,LARM764
Pink Gloves,ARMS\arm1_fashion019_1019.txt,ARMS\arm2_fashion019_1019.txt,7,143,1000,0,1,18,4079,238,579,,,,,,,,,,,,,,,,,,30,,15,5,,,,,,,LARM765
Noble Gloves,ARMS\arm1_fashion019_1019.txt,ARMS\arm2_fashion019_1019.txt,7,143,1000,0,1,18,4138,238,579,,,,,,,,,,,,,,,,,,30,,15,5,,,,,,,LARM766
Wrist Irons,ARMS\arm1_fashion019_1019.txt,ARMS\arm2_fashion019_1019.txt,7,143,1000,0,1,18,3462,238,579,,,,,,,,,,,,,,,,,,30,,15,5,,,,,,,LARM767
Treasure Hunter Gloves,ARMS\arm1_fashion019_1019.txt,ARMS\arm2_fashion019_1019.txt,7,143,1000,0,1,18,3487,238,579,,,,,,,,,,,,,,,,,,30,,15,5,,,,,,,LARM768
Ram Gloves,ARMS\arm1_fashion019_1019.txt,ARMS\arm2_fashion019_1019.txt,7,143,1000,0,1,18,3575,238,579,,,,,,,,,,,,,,,,,,30,,15,5,,,,,,,LARM769
Winter Walker Hands,ARMS\arm1_werewolf.txt,ARMS\arm2_werewolf.txt,6,143,1000,0,1,14,4878,242,579,,,,,,,,,,,,,,,,,,30,,10,9,,,,,,,LARM770
Vampire Hunter Gloves,ARMS\arm1_werewolf.txt,ARMS\arm2_werewolf.txt,6,143,1000,0,1,14,3498,242,579,,,,,,,,,,,,,,,,,,30,,10,9,,,,,,,LARM771
Black Hunter's Gloves,ARMS\arm1_fashion019_1019.txt,ARMS\arm2_fashion019_1019.txt,7,143,1000,0,1,18,5117,238,579,,,,,,,,,,,,,,,,,,30,,15,5,,,,,,,LARM772
Alucard's Gloves,ARMS\arm1_fashion019_1019.txt,ARMS\arm2_fashion019_1019.txt,7,143,1000,0,1,18,7797,238,579,,,,,,,,,,,,,,,,,,30,,15,5,,,,,,,LARM773
Seeker's Gloves,ARMS\arm1_fashion019_1019.txt,ARMS\arm2_fashion019_1019.txt,7,143,1000,0,1,18,7827,238,579,,,,,,,,,,,,,,,,,,30,,15,5,,,,,,,LARM774
Black Traitor Gloves,ARMS\arm1_fashion019_1019.txt,ARMS\arm2_fashion019_1019.txt,7,143,1000,0,1,18,7886,238,579,,,,,,,,,,,,,,,,,,30,,15,5,,,,,,,LARM775
Red Traitor Gloves,ARMS\arm1_fashion019_1019.txt,ARMS\arm2_fashion019_1019.txt,7,143,1000,0,1,18,7887,238,579,,,,,,,,,,,,,,,,,,30,,15,5,,,,,,,LARM776
Pink Punk Rabbit Gloves,ARMS\arm1_fashion019_1019.txt,ARMS\arm2_fashion019_1019.txt,7,143,1000,0,1,18,7898,238,579,,,,,,,,,,,,,,,,,,30,,15,5,,,,,,,LARM777
Green Punk Rabbit Gloves,ARMS\arm1_fashion019_1019.txt,ARMS\arm2_fashion019_1019.txt,7,143,1000,0,1,18,7899,238,579,,,,,,,,,,,,,,,,,,30,,15,5,,,,,,,LARM778
Horned Gauntlets,ARMS\arm1_fashion019_1019.txt,ARMS\arm2_fashion019_1019.txt,7,141,1000,0,5,18,7909,238,579,,,,,,,,,,,,,,,,,,30,,15,5,,,,,,,LARM779
White Noble Gloves,ARMS\arm1_fashion019_1019.txt,ARMS\arm2_fashion019_1019.txt,7,143,1000,0,1,18,7912,238,579,,,,,,,,,,,,,,,,,,30,,15,5,,,,,,,LARM780
Golden Lion Gloves,ARMS\arm1_fashion019_1019.txt,ARMS\arm2_fashion019_1019.txt,7,143,1000,0,1,18,8044,238,579,,,,,,,,,,,,,,,,,,30,,15,5,,,,,,,LARM781
Guardsman Gloves,ARMS\arm1_fashion019_1019.txt,ARMS\arm2_fashion019_1019.txt,7,143,1000,0,1,18,8045,238,579,,,,,,,,,,,,,,,,,,30,,15,5,,,,,,,LARM782
Red Steampunk Gloves,ARMS\steampunk_dress_m_hand_red_0907_cr.txt,ARMS\steampunk_dress_f_hand_red_0907_cr.txt,7,143,1000,0,1,18,8055,238,579,,,,,,,,,,,,,,,,,,30,,15,5,,,,,,,LARM783
Yellow Steampunk Gloves,ARMS\steampunk_dress_m_hand_yellow_0907_cr.txt,ARMS\steampunk_dress_f_hand_yellow_0907_cr.txt,7,143,1000,0,1,18,8056,238,579,,,,,,,,,,,,,,,,,,30,,15,5,,,,,,,LARM784
Red Moonlight Gloves,ARMS\punk_kaguya_m_arms_red_0921_cr.txt,ARMS\punk_kaguya_f_arms_red_0921_cr.txt,7,143,1000,0,1,18,8057,238,579,,,,,,,,,,,,,,,,,,30,,15,5,,,,,,,LARM785
Black Moonlight Gloves,ARMS\punk_kaguya_m_arms_black_0921_cr.txt,ARMS\punk_kaguya_f_arms_black_0921_cr.txt,7,143,1000,0,1,18,8058,238,579,,,,,,,,,,,,,,,,,,30,,15,5,,,,,,,LARM786
Black Punk Rabbit Gloves,ARMS\punk_kaguya_m_arms_black_0921_cr.txt,ARMS\punk_kaguya_f_arms_black_0921_cr.txt,7,143,1000,0,1,18,8066,238,579,,,,,,,,,,,,,,,,,,30,,15,5,,,,,,,LARM787
Masters Gloves,ARMS\arm1_frankenstien.txt,ARMS\arm2_frankenstien.txt,6,143,1000,0,1,14,8081,242,579,,,,,,,,,,,,,,,,,,30,,10,9,,,,,,,LARM788
Blue Nyanko Gloves,ARMS\punk_kaguya_m_arms_black_0921_cr.txt,ARMS\punk_kaguya_f_arms_black_0921_cr.txt,7,143,1000,0,1,18,8155,238,579,,,,,,,,,,,,,,,,,,30,,15,5,,,,,,,LARM789
Purple Nyanko Gloves,ARMS\punk_kaguya_m_arms_black_0921_cr.txt,ARMS\punk_kaguya_f_arms_black_0921_cr.txt,7,143,1000,0,1,18,8156,238,579,,,,,,,,,,,,,,,,,,30,,15,5,,,,,,,LARM790
Red Kimono Gloves,ARMS\kimono_dress_arms_m_red_0118_cr.txt,ARMS\kimono_dress_arms_m_red_0118_cr.txt,7,143,1000,0,1,18,8190,238,579,,,,,,,,,,,,,,,,,,30,,15,5,,,,,,,LARM791
Purple Kimono Gloves,ARMS\kimono_dress_arms_m_purple_0118_cr.txt,ARMS\kimono_dress_arms_m_purple_0118_cr.txt,7,143,1000,0,1,18,8191,238,579,,,,,,,,,,,,,,,,,,30,,15,5,,,,,,,LARM792
Blue Steampunk Gloves,ARMS\kimono_dress_arms_m_purple_0118_cr.txt,ARMS\kimono_dress_arms_m_purple_0118_cr.txt,7,143,1000,0,1,18,8315,238,579,,,,,,,,,,,,,,,,,,30,,15,5,,,,,,,LARM793
Green Steampunk Gloves,ARMS\kimono_dress_arms_m_purple_0118_cr.txt,ARMS\kimono_dress_arms_m_purple_0118_cr.txt,7,143,1000,0,1,18,8316,238,579,,,,,,,,,,,,,,,,,,30,,15,5,,,,,,,LARM794
Blue Rebellion Gloves,ARMS\kimono_dress_arms_m_purple_0118_cr.txt,ARMS\kimono_dress_arms_m_purple_0118_cr.txt,7,143,1000,0,1,18,8352,238,579,,,,,,,,,,,,,,,,,,30,,15,5,,,,,,,LARM795
Lilac Rebellion Gloves,ARMS\kimono_dress_arms_m_purple_0118_cr.txt,ARMS\kimono_dress_arms_m_purple_0118_cr.txt,7,143,1000,0,1,18,8356,238,579,,,,,,,,,,,,,,,,,,30,,15,5,,,,,,,LARM796
Red Battle Tribe Hands,,,7,143,1000,0,1,18,8599,238,579,,,,,,,,,,,,,,,,,,30,,15,5,,,,,,,LARM797
Black Battle Tribe Hands,,,7,143,1000,0,1,18,8600,238,579,,,,,,,,,,,,,,,,,,30,,15,5,,,,,,,LARM798
Blue Festival Gloves,,,7,143,1000,0,1,18,8623,238,579,,,,,,,,,,,,,,,,,,30,,15,5,,,,,,,LARM799
Green Festival Gloves,,,7,143,1000,0,1,18,8624,238,579,,,,,,,,,,,,,,,,,,30,,15,5,,,,,,,LARM800
Guardian's Knuckles,ARMS\arm1_golem.txt,ARMS\arm2_golem.txt,,143,0,0,10,50,180,242,579,,,,,,,,14,40,,,,18,15,,22,10,70,,35,15,,,,,,,LARM801
Red Shinobi Gloves,,,7,143,1000,0,1,18,2513,238,579,,,,,,,,,,,,,,,,,,30,,15,5,,,,,,,LARM802
Blue Shinobi Gloves,,,7,143,1000,0,1,18,2515,238,579,,,,,,,,,,,,,,,,,,30,,15,5,,,,,,,LARM803
Brown Bear Pajama Gloves,,,6,143,1000,0,1,18,2646,238,579,,,,,,,,,,,,,,,,,,30,,15,5,,,,,,,LARM804
White Bear Pajama Gloves,,,6,143,1000,0,1,18,2647,238,579,,,,,,,,,,,,,,,,,,30,,15,5,,,,,,,LARM805
Panda Pajama Gloves,,,6,143,1000,0,1,18,2648,238,579,,,,,,,,,,,,,,,,,,30,,15,5,,,,,,,LARM806
Pink Casual Hands,,,6,143,1000,0,1,18,2663,238,579,,,,,,,,,,,,,,,,,,30,,15,5,,,,,,,LARM807
Samii Claws,,,6,143,1,0,1,18,2946,238,579,,,,,,,,,,,,,14,10,,,,30,,15,5,,,,,,,LARM808
Brown Aristocrat Gloves,,,7,143,1000,0,1,18,2760,238,579,,,,,,,,,,,,,,,,,,30,,15,5,,,,,,,LARM809
Black Aristocrat Gloves,,,7,143,1000,0,1,18,2761,238,579,,,,,,,,,,,,,,,,,,30,,15,5,,,,,,,LARM810
Purple Temari Gloves,,,7,143,1000,0,1,18,2766,238,579,,,,,,,,,,,,,,,,,,30,,15,5,,,,,,,LARM811
White Ninja Gloves,,,7,143,1000,0,1,18,2769,238,579,,,,,,,,,,,,,,,,,,30,,15,5,,,,,,,LARM812
Black Ninja Gloves,,,7,143,1000,0,1,18,2772,238,579,,,,,,,,,,,,,,,,,,30,,15,5,,,,,,,LARM813
Blue Battle Tribe Hands,,,7,143,1000,0,1,18,2783,238,579,,,,,,,,,,,,,,,,,,30,,15,5,,,,,,,LARM814
Green Temari Gloves,,,7,143,1000,0,1,18,2857,238,579,,,,,,,,,,,,,,,,,,30,,15,5,,,,,,,LARM815
Pumpkin Wizard Gloves,,,6,143,1000,0,1,18,2912,238,579,,,,,,,,,,,,,,,,,,30,,15,5,,,,,,,LARM816
Pastry Chef Gloves,,,7,143,1000,0,1,18,3590,238,579,,,,,,,,,,,,,,,,,,30,,15,5,,,,,,,LARM817
Phantom Burglar Gloves,,,7,143,1000,0,1,18,3583,238,579,,,,,,,,,,,,,,,,,,30,,15,5,,,,,,,LARM818
Chocolate Fondant Gloves,,,6,143,1000,0,1,18,3580,238,579,,,,,,,,,,,,,,,,,,30,,15,5,,,,,,,LARM819
Forest Dweller Gloves,,,7,143,1000,0,1,18,3596,238,579,,,,,,,,,,,,,,,,,,30,,15,5,,,,,,,LARM820
Blind Slayer Gloves,,,7,143,1000,0,1,18,3592,238,579,,,,,,,,,,,,,,,,,,30,,15,5,,,,,,,LARM821
Fox Priestess Gloves,,,7,143,1000,0,1,18,3601,238,579,,,,,,,,,,,,,,,,,,30,,15,5,,,,,,,LARM822
White Chocolatier Hands,,,6,143,1000,0,1,18,3606,238,579,,,,,,,,,,,,,,,,,,30,,15,5,,,,,,,LARM823
Blue Wrapped Gloves,,,6,143,1000,0,1,14,3616,242,579,,,,,,,,,,,,,,,,,,30,,10,9,,,,,,,LARM824
Floral Wedding Gloves,,,6,143,1000,0,1,14,3630,242,579,,,,,,,,,,,,,,,,,,30,,10,9,,,,,,,LARM825
Beige Gothic Lolita Gloves,,,6,143,0,0,1,10,3950,234,579,,,,,,,,,,,,,,,,,,30,,1,1,,,,,,,LARM826
Pink Gothic Lolita Gloves,,,6,143,0,0,1,10,3952,234,579,,,,,,,,,,,,,,,,,,30,,1,1,,,,,,,LARM827
Black Gothic Lolita Gloves,,,6,143,0,0,1,10,3953,234,579,,,,,,,,,,,,,,,,,,30,,1,1,,,,,,,LARM828
Pink Magical Gloves,,,6,143,0,0,1,10,4001,234,579,,,,,,,,,,,,,,,,,,30,,1,1,,,,,,,LARM829
Blue Magical Gloves,,,6,143,0,0,1,10,4002,234,579,,,,,,,,,,,,,,,,,,30,,1,1,,,,,,,LARM830
Green Magical Gloves,,,6,143,0,0,1,10,4004,234,579,,,,,,,,,,,,,,,,,,30,,1,1,,,,,,,LARM831
Yellow Magical Gloves,,,6,143,0,0,1,10,4005,234,579,,,,,,,,,,,,,,,,,,30,,1,1,,,,,,,LARM832
Summer Fashion Hands,,,6,143,0,0,1,10,8734,234,579,,,,,,,,,,,,,,,,,,30,,1,1,,,,,,,LARM833
Blue Fox Priestess Gloves,,,7,143,1000,0,1,18,8726,238,579,,,,,,,,,,,,,,,,,,30,,15,5,,,,,,,LARM834
Green Shinobi Gloves,,,7,143,1000,0,1,18,8732,238,579,,,,,,,,,,,,,,,,,,30,,15,5,,,,,,,LARM835
Red Temari Gloves,,,7,143,1000,0,1,18,8738,238,579,,,,,,,,,,,,,,,,,,30,,15,5,,,,,,,LARM836
Yellow Kerokero Gloves,,,7,143,1000,0,1,18,8753,238,579,,,,,,,,,,,,,,,,,,30,,15,5,,,,,,,LARM837
White Kerokero Gloves,,,7,143,1000,0,1,18,8754,238,579,,,,,,,,,,,,,,,,,,30,,15,5,,,,,,,LARM838
Orange Neon Gloves,,,6,143,1000,0,1,18,8763,238,579,,,,,,,,,,,,,,,,,,30,,15,5,,,,,,,LARM839
Purple Neon Gloves,,,6,143,1000,0,1,18,8764,238,579,,,,,,,,,,,,,,,,,,30,,15,5,,,,,,,LARM840
Blue Neon Gloves,,,6,143,1000,0,1,18,8762,238,579,,,,,,,,,,,,,,,,,,30,,15,5,,,,,,,LARM841
Yellow Neon Gloves,,,6,143,1000,0,1,18,8765,238,579,,,,,,,,,,,,,,,,,,30,,15,5,,,,,,,LARM842
Little Blue Gloves,,,6,143,0,0,2,20,8798,234,579,,,,,,,,,,,,,20,3,,14,7,21,,15,5,,,,,,,LARM843
Little Shiny Yellow Gloves,,,6,143,0,0,2,20,8803,234,579,,,,,,,,,,,,,20,3,,14,7,21,,15,5,,,,,,,LARM844
Little Green Gloves,,,6,143,0,0,2,20,8794,234,579,,,,,,,,,,,,,20,3,,14,7,21,,15,5,,,,,,,LARM845
Little Pink Gloves,,,6,143,0,0,2,20,8790,234,579,,,,,,,,,,,,,20,3,,14,7,21,,15,5,,,,,,,LARM846
Blue Sidme Gloves,,,7,143,1000,0,1,18,8898,238,579,,,,,,,,,,,,,,,,,,30,,15,5,,,,,,,LARM847
Green Sidme Gloves,,,7,143,1000,0,1,18,8899,238,579,,,,,,,,,,,,,,,,,,30,,15,5,,,,,,,LARM848
Jack o'lantern Gloves,,,6,143,1000,0,1,18,8931,238,579,,,,,,,,,,,,,,,,,,30,,15,5,,,,,,,LARM849
Purple Halloween Devil Gloves,,,6,143,1000,0,1,14,8941,242,579,,,,,,,,,,,,,,,,,,30,,10,9,,,,,,,LARM850
Little Orange Gloves,,,6,143,0,0,2,20,8972,234,579,,,,,,,,,,,,,20,3,,14,7,21,,15,5,,,,,,,LARM851
Little Purple Gloves,,,6,143,0,0,2,20,8976,234,579,,,,,,,,,,,,,20,3,,14,7,21,,15,5,,,,,,,LARM852
Red Aristocrat Gloves,,,7,143,1000,0,1,18,8992,238,579,,,,,,,,,,,,,,,,,,30,,15,5,,,,,,,LARM853
Red Festival Gloves,,,7,143,1000,0,1,18,8985,238,579,,,,,,,,,,,,,,,,,,30,,15,5,,,,,,,LARM854
Brown Kerokero Gloves,,,7,143,1000,0,1,18,8998,238,579,,,,,,,,,,,,,,,,,,30,,15,5,,,,,,,LARM855
Pink Charmy Animal Gloves,,,7,143,1000,0,1,18,9002,238,579,,,,,,,,,,,,,,,,,,30,,15,5,,,,,,,LARM856
Green Christmas Fashion Gloves,,,6,143,1000,0,1,10,9028,234,579,,,,,,,,,,,,,,,,,,30,,10,10,,,,,,,LARM857
Black Tesla Steampunk Gloves,,,7,143,1000,0,1,18,9048,238,579,,,,,,,,,,,,,,,,,,30,,15,5,,,,,,,LARM858
Green Tesla Steampunk Gloves,,,7,143,1000,0,1,18,9105,238,579,,,,,,,,,,,,,,,,,,30,,15,5,,,,,,,LARM859
Blue Charmy Animal Gloves,,,7,143,1000,0,1,18,9100,238,579,,,,,,,,,,,,,,,,,,30,,15,5,,,,,,,LARM860
Yellow Sidme Gloves,,,7,143,1000,0,1,18,9095,238,579,,,,,,,,,,,,,,,,,,30,,15,5,,,,,,,LARM861
Purple Oracle Gloves,,,7,143,1000,0,1,18,9108,238,579,,,,,,,,,,,,,,,,,,30,,15,5,,,,,,,LARM862
Blue Starwisher Gloves,,,7,143,1000,0,1,18,9165,238,579,,,,,,,,,,,,,,,,,,30,,15,5,,,,,,,LARM863
Pink Starwisher Gloves,,,7,143,1000,0,1,18,9168,238,579,,,,,,,,,,,,,,,,,,30,,15,5,,,,,,,LARM864
Yellow Music Star Gloves,,,7,143,1000,0,1,18,9174,238,579,,,,,,,,,,,,,,,,,,30,,15,5,,,,,,,LARM865
Black Music Star Gloves,,,7,143,1000,0,1,18,9173,238,579,,,,,,,,,,,,,,,,,,30,,15,5,,,,,,,LARM866
Pumpkin Marquis Gloves,,,7,143,1000,0,1,18,9191,238,579,,,,,,,,,,,,,,,,,,30,,15,5,,,,,,,LARM867
Stylish Halloween Gloves,,,7,143,1000,0,1,18,9186,238,579,,,,,,,,,,,,,,,,,,30,,15,5,,,,,,,LARM868
Grim Reaper Gloves,,,7,143,1000,0,1,18,9246,238,579,,,,,,,,,,,,,,,,,,30,,15,5,,,,,,,LARM869
Pumpkin Costume Gloves,,,7,143,1000,0,1,18,9251,238,579,,,,,,,,,,,,,,,,,,30,,15,5,,,,,,,LARM870
Goalkeeper Gloves,,,6,143,1000,0,1,18,9256,238,579,,,,,,,,,,,,,,,,,,30,,10,5,,,,,,,LARM871
Purple Sage Gloves,,,7,143,1000,0,1,18,9299,238,579,,,,,,,,,,,,,,,,,,30,,15,5,,,,,,,LARM872
White Sage Gloves,,,7,143,1000,0,1,18,9300,238,579,,,,,,,,,,,,,,,,,,30,,15,5,,,,,,,LARM873
Reindeer Gloves,,,6,143,1000,0,1,18,9313,238,579,,,,,,,,,,,,,,,,,,30,,15,5,,,,,,,LARM874
Snowman Gloves,,,7,143,1000,0,1,18,9314,238,579,,,,,,,,,,,,,,,,,,30,,15,5,,,,,,,LARM875
Snowman Costume Gloves,,,7,143,1000,0,1,18,9315,238,579,,,,,,,,,,,,,,,,,,30,,15,5,,,,,,,LARM876
Milk Sweetmaker Gloves,,,6,143,1000,0,1,18,9370,238,579,,,,,,,,,,,,,,,,,,30,,15,5,,,,,,,LARM877
Strawberry Sweetmaker Gloves,,,6,143,1000,0,1,18,9371,238,579,,,,,,,,,,,,,,,,,,30,,15,5,,,,,,,LARM878
Lemon Sweetmaker Gloves,,,6,143,1000,0,1,18,9379,238,579,,,,,,,,,,,,,,,,,,30,,15,5,,,,,,,LARM879
Brown Wrapped Gloves,,,6,143,1000,0,1,14,9386,242,579,,,,,,,,,,,,,,,,,,30,,10,9,,,,,,,LARM880
Red Oni Gloves,,,7,143,1000,0,1,18,9389,238,579,,,,,,,,,,,,,,,,,,30,,15,5,,,,,,,LARM881
Black Oni Gloves,,,7,143,1000,0,1,18,9388,238,579,,,,,,,,,,,,,,,,,,30,,15,5,,,,,,,LARM882
Pink Music Star Gloves,,,7,143,1000,0,1,18,9397,238,579,,,,,,,,,,,,,,,,,,30,,15,5,,,,,,,LARM883
Brown Majestic Gloves,,,7,143,1000,0,1,18,9401,238,579,,,,,,,,,,,,,,,,,,30,,15,5,,,,,,,LARM884
Fox Mailman Gloves,,,7,143,1000,0,1,18,9416,238,579,,,,,,,,,,,,,,,,,,30,,15,5,,,,,,,LARM885
Fashionable Kimono Gloves,,,7,143,1000,0,1,18,9425,238,579,,,,,,,,,,,,,,,,,,30,,15,5,,,,,,,LARM886
Yellow Oracle Gloves,,,7,143,1000,0,1,18,9440,238,579,,,,,,,,,,,,,,,,,,30,,15,5,,,,,,,LARM887
Little Rainbow Gloves,,,6,143,0,0,2,20,9505,234,579,,,,,,,,,,,,,20,3,,14,7,21,,15,5,,,,,,,LARM888
Black Sea Wolf Gloves,,,7,143,1000,0,1,18,9558,238,579,,,,,,,,,,,,,,,,,,30,,15,5,,,,,,,LARM889
White Money Player Gloves,,,6,143,1000,0,1,18,9568,238,579,,,,,,,,,,,,,,,,,,30,,15,5,,,,,,,LARM890
Yellow Money Player Gloves,,,6,143,1000,0,1,18,9569,238,579,,,,,,,,,,,,,,,,,,30,,15,5,,,,,,,LARM891
Lucifer Gloves,,,7,143,1000,0,1,18,9584,238,579,,,,,,,,,,,,,,,,,,30,,15,5,,,,,,,LARM892
Red Sea Wolf Gloves,,,7,143,1000,0,1,18,9609,238,579,,,,,,,,,,,,,,,,,,30,,15,5,,,,,,,LARM893
Purple Wolf Gloves,,,6,143,1000,0,1,18,9642,238,579,,,,,,,,,,,,,,,,,,30,,15,5,,,,,,,LARM894
Red Dragonic Gloves,,,7,143,1000,0,1,18,9698,238,579,,,,,,,,,,,,,,,,,,30,,15,5,,,,,,,LARM895
Purple Dragonic Gloves,,,7,143,1000,0,1,18,9696,238,579,,,,,,,,,,,,,,,,,,30,,15,5,,,,,,,LARM896
,,,,,,,,,,,,,,,,,,,,,,,,,,,,,,,,,,,,,,,
Organization X Gloves,ARMS\arm1_warlock_koh.txt,ARMS\arm1_warlock_koh.txt,6,143,1000,0,1,10,3930,242,579,,,,,,,,,,,,,,,,,,70,,50,50,,,,,,,LARM898
Chocolate Confiseur Gloves,,,6,143,1000,0,1,14,9711,242,579,,,,,,,,,,,,,,,,,,30,,10,9,,,,,,,LARM899
Strawberry Confiseur Gloves,,,6,143,1000,0,1,14,9712,242,579,,,,,,,,,,,,,,,,,,30,,10,9,,,,,,,LARM900
Black Zuisho Gloves,,,6,143,1000,0,1,18,9722,238,579,,,,,,,,,,,,,,,,,,30,,15,5,,,,,,,LARM901
Purple Zuisho Gloves,,,6,143,1000,0,1,18,9724,238,579,,,,,,,,,,,,,,,,,,30,,15,5,,,,,,,LARM902
Red Zuisho Gloves,,,6,143,1000,0,1,18,9725,238,579,,,,,,,,,,,,,,,,,,30,,15,5,,,,,,,LARM903
Little Red Riding Gloves,,,6,143,1000,0,1,18,9737,238,579,,,,,,,,,,,,,,,,,,30,,15,5,,,,,,,LARM904
Little Blue Riding Gloves,,,6,143,1000,0,1,18,9738,238,579,,,,,,,,,,,,,,,,,,30,,15,5,,,,,,,LARM905
Blue Cybercat Gloves,,,7,143,1000,0,1,18,9746,238,579,,,,,,,,,,,,,,,,,,30,,15,5,,,,,,,LARM906
Purple Cybercat Gloves,,,7,143,1000,0,1,18,9747,238,579,,,,,,,,,,,,,,,,,,30,,15,5,,,,,,,LARM907
White Rabbit Fairy Gloves,,,6,143,0,0,1,10,9764,238,579,93,1,1830,1,,,,,,,,,,,,,,45,10,15,10,,,,,,,LARM908
Purple Rabbit Fairy Gloves,,,6,143,0,0,1,10,9763,238,579,93,1,1830,1,,,,,,,,,,,,,,45,10,15,10,,,,,,,LARM909
White Sidme Gloves,,,7,143,1000,0,1,18,9773,238,579,,,,,,,,,,,,,,,,,,30,,15,5,,,,,,,LARM910
Blue Celebration Gloves,,,6,143,0,0,1,10,9778,238,579,,,,,,,,,,,,,,,,,,30,,15,10,,,,,,,LARM911
Little Forest Gloves,,,6,143,0,0,2,20,9783,234,579,,,,,,,,,,,,,20,3,,14,7,21,,15,5,,,,,,,LARM912
Yellow Stylish Rabbit Gloves,,,6,143,1000,0,3,28,9942,234,579,93,1,1830,1,,,,,,,,,,,,,,45,10,15,10,,,,,,,LARM913
Blue Mechanical Punk Gloves,,,7,143,1000,0,1,18,10010,238,579,,,,,,,,,,,,,,,,,,30,,15,5,,,,,,,LARM914
Red Mechanical Punk Gloves,,,7,143,1000,0,1,18,10015,238,579,,,,,,,,,,,,,,,,,,30,,15,5,,,,,,,LARM915
Brown Valentines Gloves,,,6,143,1000,0,1,18,10041,238,579,,,,,,,,,,,,,,,,,,30,,15,5,,,,,,,LARM916
Pink Valentines Gloves,,,6,143,1000,0,1,18,10042,238,579,,,,,,,,,,,,,,,,,,30,,15,5,,,,,,,LARM917
Mint Confiseur Gloves,,,6,143,1000,0,1,14,10050,242,579,,,,,,,,,,,,,,,,,,30,,10,9,,,,,,,LARM918
Yellow Dragonic Gloves,,,7,143,1000,0,1,18,10057,238,579,,,,,,,,,,,,,,,,,,30,,15,5,,,,,,,LARM919
Blue Stylish Rabbit Gloves,,,6,143,1000,0,3,28,10158,234,579,93,1,1830,1,,,,,,,,,,,,,,45,10,15,10,,,,,,,LARM920
Brown Patchwork Gloves,,,7,143,1000,0,1,18,6357,238,579,,,,,,,,,,,,,,,,,,30,,15,5,,,,,,,LARM921
Pink Patchwork Gloves,,,7,143,1000,0,1,18,6358,238,579,,,,,,,,,,,,,,,,,,30,,15,5,,,,,,,LARM922
Blue Sea Wolf Gloves,,,7,143,1000,0,1,18,6353,238,579,,,,,,,,,,,,,,,,,,30,,15,5,,,,,,,LARM923
Black Crow Masquerade Gloves,,,7,143,1000,0,1,18,10182,238,579,,,,,,,,,,,,,,,,,,30,,15,5,,,,,,,LARM924
Red Crow Masquerade Gloves,,,7,143,1000,0,1,18,10183,238,579,,,,,,,,,,,,,,,,,,30,,15,5,,,,,,,LARM925
Green Mermaid Gloves,,,6,143,1000,0,1,10,10199,238,579,,,,,,,,,,,,,,,,,,30,,10,8,,,,,,,LARM926
,,,,,,,,,,,,,,,,,,,,,,,,,,,,,,,,,,,,,,,
,,,,,,,,,,,,,,,,,,,,,,,,,,,,,,,,,,,,,,,
,,,,,,,,,,,,,,,,,,,,,,,,,,,,,,,,,,,,,,,
,,,,,,,,,,,,,,,,,,,,,,,,,,,,,,,,,,,,,,,
,,,,,,,,,,,,,,,,,,,,,,,,,,,,,,,,,,,,,,,
,,,,,,,,,,,,,,,,,,,,,,,,,,,,,,,,,,,,,,,
,,,,,,,,,,,,,,,,,,,,,,,,,,,,,,,,,,,,,,,
,,,,,,,,,,,,,,,,,,,,,,,,,,,,,,,,,,,,,,,
,,,,,,,,,,,,,,,,,,,,,,,,,,,,,,,,,,,,,,,
,,,,,,,,,,,,,,,,,,,,,,,,,,,,,,,,,,,,,,,
,,,,,,,,,,,,,,,,,,,,,,,,,,,,,,,,,,,,,,,
,,,,,,,,,,,,,,,,,,,,,,,,,,,,,,,,,,,,,,,
,,,,,,,,,,,,,,,,,,,,,,,,,,,,,,,,,,,,,,,
,,,,,,,,,,,,,,,,,,,,,,,,,,,,,,,,,,,,,,,
,,,,,,,,,,,,,,,,,,,,,,,,,,,,,,,,,,,,,,,
,,,,,,,,,,,,,,,,,,,,,,,,,,,,,,,,,,,,,,,
,,,,,,,,,,,,,,,,,,,,,,,,,,,,,,,,,,,,,,,
,,,,,,,,,,,,,,,,,,,,,,,,,,,,,,,,,,,,,,,
,,,,,,,,,,,,,,,,,,,,,,,,,,,,,,,,,,,,,,,
,,,,,,,,,,,,,,,,,,,,,,,,,,,,,,,,,,,,,,,
,,,,,,,,,,,,,,,,,,,,,,,,,,,,,,,,,,,,,,,
,,,,,,,,,,,,,,,,,,,,,,,,,,,,,,,,,,,,,,,
,,,,,,,,,,,,,,,,,,,,,,,,,,,,,,,,,,,,,,,
,,,,,,,,,,,,,,,,,,,,,,,,,,,,,,,,,,,,,,,
,,,,,,,,,,,,,,,,,,,,,,,,,,,,,,,,,,,,,,,
,,,,,,,,,,,,,,,,,,,,,,,,,,,,,,,,,,,,,,,
,,,,,,,,,,,,,,,,,,,,,,,,,,,,,,,,,,,,,,,
,,,,,,,,,,,,,,,,,,,,,,,,,,,,,,,,,,,,,,,
,,,,,,,,,,,,,,,,,,,,,,,,,,,,,,,,,,,,,,,
,,,,,,,,,,,,,,,,,,,,,,,,,,,,,,,,,,,,,,,
,,,,,,,,,,,,,,,,,,,,,,,,,,,,,,,,,,,,,,,
,,,,,,,,,,,,,,,,,,,,,,,,,,,,,,,,,,,,,,,
,,,,,,,,,,,,,,,,,,,,,,,,,,,,,,,,,,,,,,,
,,,,,,,,,,,,,,,,,,,,,,,,,,,,,,,,,,,,,,,
,,,,,,,,,,,,,,,,,,,,,,,,,,,,,,,,,,,,,,,
,,,,,,,,,,,,,,,,,,,,,,,,,,,,,,,,,,,,,,,
Hard Gauntlets of Champions,,,,141,50000,0,5,80,6128,230,579,,,,,41,,,31,40,,,,10,5,,38,100,70,,40,9,,,,,,,LARM963
Battle Gloves of Champions,,,,143,50000,0,3,80,6132,230,579,,,,,43,,,31,40,,,,11,5,,24,8,70,,37,10,,,,,,,LARM964
Magic Gloves of Champions,,,,142,50000,0,2,80,6141,230,579,,,,,42,,,31,40,,,,12,5,,39,100,70,,35,15,,,,,,,LARM965
War Gloves of Champions,,,,143,50000,0,2,80,6145,230,579,,,,,44,,,31,40,,,,13,5,,26,8,70,,38,10,,,,,,,LARM966
,,,,,,,,,,,,,,,,,,,,,,,,,,,,,,,,,,,,,,,
,,,,,,,,,,,,,,,,,,,,,,,,,,,,,,,,,,,,,,,
,,,,,,,,,,,,,,,,,,,,,,,,,,,,,,,,,,,,,,,
Brave Paladin Gauntlets of Rebirth,ARMS\arm1_soldier_220.txt,ARMS\arm2_soldier_220.txt,6,141,199900,0,5,58,7463,226,580,,,,,51,,,111,10,,,,,,,,,75,0,9,3,,,,,,,LARM970
Summoner's Majestic Gloves of Rebirth,ARMZ\arm1_muse_220.txt,ARMZ\arm2_muse_220.txt,6,142,216000,0,2,78,7464,234,579,,,,,52,,,111,10,,,,,,,,,75,0,8,3,,,,,,,LARM971
Fallen Overlord's Gloves of Rebirth,ARMZ\arm1_hawker_220.txt,ARMZ\arm2_hawker_220.txt,6,143,199900,0,3,76,7465,230,579,,,,,53,,,111,10,,,,,,,,,75,0,9,3,,,,,,,LARM972
Auction Master Gloves of Rebirth,ARMS\arm1_dealer_220.txt,ARMZ\arm2_dealer_220.txt,6,143,199900,0,2,78,7466,238,579,,,,,54,,,111,10,,,,,,,,,75,0,9,3,,,,,,,LARM973
,,,,,,,,,,,,,,,,,,,,,,,,,,,,,,,,,,,,,,,
,,,,,,,,,,,,,,,,,,,,,,,,,,,,,,,,,,,,,,,
,,,,,,,,,,,,,,,,,,,,,,,,,,,,,,,,,,,,,,,
,,,,,,,,,,,,,,,,,,,,,,,,,,,,,,,,,,,,,,,
,,,,,,,,,,,,,,,,,,,,,,,,,,,,,,,,,,,,,,,
,,,,,,,,,,,,,,,,,,,,,,,,,,,,,,,,,,,,,,,
,,,,,,,,,,,,,,,,,,,,,,,,,,,,,,,,,,,,,,,
,,,,,,,,,,,,,,,,,,,,,,,,,,,,,,,,,,,,,,,
,,,,,,,,,,,,,,,,,,,,,,,,,,,,,,,,,,,,,,,
,,,,,,,,,,,,,,,,,,,,,,,,,,,,,,,,,,,,,,,
,,,,,,,,,,,,,,,,,,,,,,,,,,,,,,,,,,,,,,,
,,,,,,,,,,,,,,,,,,,,,,,,,,,,,,,,,,,,,,,
,,,,,,,,,,,,,,,,,,,,,,,,,,,,,,,,,,,,,,,
,,,,,,,,,,,,,,,,,,,,,,,,,,,,,,,,,,,,,,,
,,,,,,,,,,,,,,,,,,,,,,,,,,,,,,,,,,,,,,,
,,,,,,,,,,,,,,,,,,,,,,,,,,,,,,,,,,,,,,,
,,,,,,,,,,,,,,,,,,,,,,,,,,,,,,,,,,,,,,,
,,,,,,,,,,,,,,,,,,,,,,,,,,,,,,,,,,,,,,,
,,,,,,,,,,,,,,,,,,,,,,,,,,,,,,,,,,,,,,,
,,,,,,,,,,,,,,,,,,,,,,,,,,,,,,,,,,,,,,,
,,,,,,,,,,,,,,,,,,,,,,,,,,,,,,,,,,,,,,,
,,,,,,,,,,,,,,,,,,,,,,,,,,,,,,,,,,,,,,,
,,,,,,,,,,,,,,,,,,,,,,,,,,,,,,,,,,,,,,,
,,,,,,,,,,,,,,,,,,,,,,,,,,,,,,,,,,,,,,,
,,,,,,,,,,,,,,,,,,,,,,,,,,,,,,,,,,,,,,,
,,,,,,,,,,,,,,,,,,,,,,,,,,,,,,,,,,,,,,,
,,,,,,,,,,,,,,,,,,,,,,,,,,,,,,,,,,,,,,,
,,,,,,,,,,,,,,,,,,,,,,,,,,,,,,,,,,,,,,,
,,,,,,,,,,,,,,,,,,,,,,,,,,,,,,,,,,,,,,,
,,,,,,,,,,,,,,,,,,,,,,,,,,,,,,,,,,,,,,,
,,,,,,,,,,,,,,,,,,,,,,,,,,,,,,,,,,,,,,,
,,,,,,,,,,,,,,,,,,,,,,,,,,,,,,,,,,,,,,,
,,,,,,,,,,,,,,,,,,,,,,,,,,,,,,,,,,,,,,,
,,,,,,,,,,,,,,,,,,,,,,,,,,,,,,,,,,,,,,,
,,,,,,,,,,,,,,,,,,,,,,,,,,,,,,,,,,,,,,,
,,,,,,,,,,,,,,,,,,,,,,,,,,,,,,,,,,,,,,,
,,,,,,,,,,,,,,,,,,,,,,,,,,,,,,,,,,,,,,,
,,,,,,,,,,,,,,,,,,,,,,,,,,,,,,,,,,,,,,,
,,,,,,,,,,,,,,,,,,,,,,,,,,,,,,,,,,,,,,,
,,,,,,,,,,,,,,,,,,,,,,,,,,,,,,,,,,,,,,,
,,,,,,,,,,,,,,,,,,,,,,,,,,,,,,,,,,,,,,,
,,,,,,,,,,,,,,,,,,,,,,,,,,,,,,,,,,,,,,,
,,,,,,,,,,,,,,,,,,,,,,,,,,,,,,,,,,,,,,,
,,,,,,,,,,,,,,,,,,,,,,,,,,,,,,,,,,,,,,,
,,,,,,,,,,,,,,,,,,,,,,,,,,,,,,,,,,,,,,,
,,,,,,,,,,,,,,,,,,,,,,,,,,,,,,,,,,,,,,,
,,,,,,,,,,,,,,,,,,,,,,,,,,,,,,,,,,,,,,,
,,,,,,,,,,,,,,,,,,,,,,,,,,,,,,,,,,,,,,,
Slender Hands,ARMS\arm1_Slender.txt,ARMS\arm2_Slender.txt,6,143,1000,0,2,50,5351,234,579,,,,,,,,,,,,,,,,,,50,,10,10,,,,,,,LARM1022
Gingerbread Man Arms,ARMS\arm1_ginger.txt,ARMS\arm2_ginger.txt,6,143,0,0,1,0,7293,242,579,,,,,,,,,,,,,14,5,,23,50,30,,10,8,,,,,,,LARM1023
Gingerbread Man Arms (Yellow),ARMS\arm1_ginger_yellow.txt,ARMS\arm2_ginger_yellow.txt,6,143,0,0,1,0,7294,242,579,,,,,,,,,,,,,14,5,,23,50,30,,10,8,,,,,,,LARM1024
Gingerbread Man Arms (Pink),ARMS\arm1_ginger_pink.txt,ARMS\arm2_ginger_pink.txt,6,143,0,0,1,0,7295,242,579,,,,,,,,,,,,,14,5,,23,50,30,,10,8,,,,,,,LARM1025
Gingerbread Man Arms (Brown),ARMS\arm1_ginger_brown.txt,ARMS\arm2_ginger_brown.txt,6,143,0,0,1,0,7296,242,579,,,,,,,,,,,,,14,5,,23,50,30,,10,8,,,,,,,LARM1026
Gingerbread Man Arms (White),ARMS\arm1_ginger_white.txt,ARMS\arm2_ginger_white.txt,6,143,0,0,1,0,7297,242,579,,,,,,,,,,,,,14,5,,23,50,30,,10,8,,,,,,,LARM1027
,,,,,,,,,,,,,,,,,,,,,,,,,,,,,,,,,,,,,,,
,,,,,,,,,,,,,,,,,,,,,,,,,,,,,,,,,,,,,,,
Aurum Plate Gauntlets,ARMS\arm1_soldier200.txt,ARMS\arm2_soldier200.txt,,141,183000,0,5,56,3824,226,580,,,,,51,,,31,224,,,,,,,,,68,0,89,28,,,,,,3,LARM51
Aurum Plate Gauntlets,ARMS\arm1_soldier200.txt,ARMS\arm2_soldier200.txt,,141,206300,0,5,56,3824,226,580,,,,,51,,,31,228,,,,,,,,,68,0,94,30,,,,,,6,LARM51
Brave Paladin Gauntlets of Resilience,ARMS\arm1_soldier_220.txt,ARMS\arm2_soldier_220.txt,9,141,153000,0,5,58,3296,226,580,70,1,1501,1,51,,,31,220,,,,10,2,,24,5,75,0,82,19,,,,,,,LARM1032
Brave Paladin Gauntlets of Agility,ARMS\arm1_soldier_220.txt,ARMS\arm2_soldier_220.txt,9,141,153000,0,5,58,3296,226,580,70,1,1502,1,51,,,31,220,,,,11,2,,24,5,75,0,82,19,,,,,,,LARM1033
Brave Paladin Gauntlets of Faith,ARMS\arm1_soldier_220.txt,ARMS\arm2_soldier_220.txt,9,141,153000,0,5,58,3296,226,580,70,1,1503,1,51,,,31,220,,,,12,2,,24,5,75,0,82,19,,,,,,,LARM1034
Brave Paladin Gauntlets of Precision,ARMS\arm1_soldier_220.txt,ARMS\arm2_soldier_220.txt,9,141,153000,0,5,58,3296,226,580,70,1,1504,1,51,,,31,220,,,,13,2,,24,5,75,0,82,19,,,,,,,LARM1035
Brave Paladin Gauntlets of Virtue,ARMS\arm1_soldier_220.txt,ARMS\arm2_soldier_220.txt,9,141,153000,0,5,58,3296,226,580,70,1,1505,1,51,,,31,220,,,,14,2,,24,5,75,0,82,19,,,,,,,LARM1036
Brave Paladin Gauntlets of Sharpness,ARMS\arm1_soldier_220.txt,ARMS\arm2_soldier_220.txt,9,141,153000,0,5,58,3296,226,580,70,1,1506,1,51,,,31,220,,,,15,2,,24,5,75,0,82,19,,,,,,,LARM1037
Brave Paladin Gauntlets of Resiliance,ARMS\arm1_soldier_220.txt,ARMS\arm2_soldier_220.txt,9,141,171000,0,5,58,3296,226,580,71,1,1507,1,51,,,31,224,,,,10,4,,24,8,75,0,90,29,,,,,,3,LARM1032
Brave Paladin Gauntlets of Agility,ARMS\arm1_soldier_220.txt,ARMS\arm2_soldier_220.txt,9,141,171000,0,5,58,3296,226,580,71,1,1508,1,51,,,31,224,,,,11,4,,24,8,75,0,90,29,,,,,,3,LARM1033
Brave Paladin Gauntlets of Faith,ARMS\arm1_soldier_220.txt,ARMS\arm2_soldier_220.txt,9,141,171000,0,5,58,3296,226,580,71,1,1509,1,51,,,31,224,,,,12,4,,24,8,75,0,90,29,,,,,,3,LARM1034
Brave Paladin Gauntlets of Precision,ARMS\arm1_soldier_220.txt,ARMS\arm2_soldier_220.txt,9,141,171000,0,5,58,3296,226,580,71,1,1510,1,51,,,31,224,,,,13,4,,24,8,75,0,90,29,,,,,,3,LARM1035
Brave Paladin Gauntlets of Virtue,ARMS\arm1_soldier_220.txt,ARMS\arm2_soldier_220.txt,9,141,171000,0,5,58,3296,226,580,71,1,1511,1,51,,,31,224,,,,14,4,,24,8,75,0,90,29,,,,,,3,LARM1036
Brave Paladin Gauntlets of Sharpness,ARMS\arm1_soldier_220.txt,ARMS\arm2_soldier_220.txt,9,141,171000,0,5,58,3296,226,580,71,1,1512,1,51,,,31,224,,,,15,4,,24,8,75,0,90,29,,,,,,3,LARM1037
Brave Paladin Gauntlets of Resilience,ARMS\arm1_soldier_220.txt,ARMS\arm2_soldier_220.txt,9,141,199900,0,5,58,3296,226,580,72,1,1513,1,51,,,31,228,,,,10,7,,24,12,75,0,96,31,,,,,,6,LARM1032
Brave Paladin Gauntlets of Agility,ARMS\arm1_soldier_220.txt,ARMS\arm2_soldier_220.txt,9,141,199900,0,5,58,3296,226,580,72,1,1514,1,51,,,31,228,,,,11,7,,24,12,75,0,96,31,,,,,,6,LARM1033
Brave Paladin Gauntlets of Faith,ARMS\arm1_soldier_220.txt,ARMS\arm2_soldier_220.txt,9,141,199900,0,5,58,3296,226,580,72,1,1515,1,51,,,31,228,,,,12,7,,24,12,75,0,96,31,,,,,,6,LARM1034
Brave Paladin Gauntlets of Precision,ARMS\arm1_soldier_220.txt,ARMS\arm2_soldier_220.txt,9,141,199900,0,5,58,3296,226,580,72,1,1516,1,51,,,31,228,,,,13,7,,24,12,75,0,96,31,,,,,,6,LARM1035
Brave Paladin Gauntlets of Virtue,ARMS\arm1_soldier_220.txt,ARMS\arm2_soldier_220.txt,9,141,199900,0,5,58,3296,226,580,72,1,1517,1,51,,,31,228,,,,14,7,,24,12,75,0,96,31,,,,,,6,LARM1036
Brave Paladin Gauntlets of Sharpness,ARMS\arm1_soldier_220.txt,ARMS\arm2_soldier_220.txt,9,141,199900,0,5,58,3296,226,580,72,1,1518,1,51,,,31,228,,,,15,7,,24,12,75,0,96,31,,,,,,6,LARM1037
,,,,,,,,,,,,,,,,,,,,,,,,,,,,,,,,,,,,,,,
Oro's Walker Gloves,ARMS\arm1_muse200.txt,ARMS\arm2_muse200.txt,,142,162000,0,2,78,3837,234,579,,,,,52,,,31,224,,,,,,,,,68,0,73,33,,,,,,3,LARM81
Oro's Walker Gloves,ARMS\arm1_muse200.txt,ARMS\arm2_muse200.txt,,142,192300,0,2,78,3837,234,579,,,,,52,,,31,228,,,,,,,,,68,0,78,35,,,,,,6,LARM81
Summoner's Majestic Gloves of Resilience,ARMZ\arm1_muse_220.txt,ARMZ\arm2_muse_220.txt,9,142,164650,0,2,78,3297,234,579,73,1,1520,1,52,,,31,220,,,,10,2,,19,5,75,0,63,24,,,,,,,LARM1053
Summoner's Majestic Gloves of Agility,ARMZ\arm1_muse_220.txt,ARMZ\arm2_muse_220.txt,9,142,164650,0,2,78,3297,234,579,73,1,1521,1,52,,,31,220,,,,11,2,,19,5,75,0,63,24,,,,,,,LARM1054
Summoner's Majestic Gloves of Faith,ARMZ\arm1_muse_220.txt,ARMZ\arm2_muse_220.txt,9,142,164650,0,2,78,3297,234,579,73,1,1522,1,52,,,31,220,,,,12,2,,19,5,75,0,63,24,,,,,,,LARM1055
Summoner's Majestic Gloves of Precision,ARMZ\arm1_muse_220.txt,ARMZ\arm2_muse_220.txt,9,142,164650,0,2,78,3297,234,579,73,1,1523,1,52,,,31,220,,,,13,2,,19,5,75,0,63,24,,,,,,,LARM1056
Summoner's Majestic Gloves of Virtue,ARMZ\arm1_muse_220.txt,ARMZ\arm2_muse_220.txt,9,142,164650,0,2,78,3297,234,579,73,1,1524,1,52,,,31,220,,,,14,2,,19,5,75,0,63,24,,,,,,,LARM1057
Summoner's Majestic Gloves of Sharpness,ARMZ\arm1_muse_220.txt,ARMZ\arm2_muse_220.txt,9,142,164650,0,2,78,3297,234,579,73,1,1525,1,52,,,31,220,,,,15,2,,19,5,75,0,63,24,,,,,,,LARM1058
Summoner's Majestic Gloves of Resilience,ARMZ\arm1_muse_220.txt,ARMZ\arm2_muse_220.txt,9,142,196000,0,2,78,3297,234,579,74,1,1526,1,52,,,31,224,,,,10,4,,19,8,75,0,74,34,,,,,,3,LARM1053
Summoner's Majestic Gloves of Agility,ARMZ\arm1_muse_220.txt,ARMZ\arm2_muse_220.txt,9,142,196000,0,2,78,3297,234,579,74,1,1527,1,52,,,31,224,,,,11,4,,19,8,75,0,74,34,,,,,,3,LARM1054
Summoner's Majestic Gloves of Faith,ARMZ\arm1_muse_220.txt,ARMZ\arm2_muse_220.txt,9,142,196000,0,2,78,3297,234,579,74,1,1528,1,52,,,31,224,,,,12,4,,19,8,75,0,74,34,,,,,,3,LARM1055
Summoner's Majestic Gloves of Precision,ARMZ\arm1_muse_220.txt,ARMZ\arm2_muse_220.txt,9,142,196000,0,2,78,3297,234,579,74,1,1529,1,52,,,31,224,,,,13,4,,19,8,75,0,74,34,,,,,,3,LARM1056
Summoner's Majestic Gloves of Virtue,ARMZ\arm1_muse_220.txt,ARMZ\arm2_muse_220.txt,9,142,196000,0,2,78,3297,234,579,74,1,1530,1,52,,,31,224,,,,14,4,,19,8,75,0,74,34,,,,,,3,LARM1057
Summoner's Majestic Gloves of Sharpness,ARMZ\arm1_muse_220.txt,ARMZ\arm2_muse_220.txt,9,142,196000,0,2,78,3297,234,579,74,1,1531,1,52,,,31,224,,,,15,4,,19,8,75,0,74,34,,,,,,3,LARM1058
Summoner's Majestic Gloves of Resilience,ARMZ\arm1_muse_220.txt,ARMZ\arm2_muse_220.txt,9,142,216000,0,2,78,3297,234,579,75,1,1532,1,52,,,31,228,,,,10,7,,19,12,75,0,81,36,,,,,,6,LARM1053
Summoner's Majestic Gloves of Agility,ARMZ\arm1_muse_220.txt,ARMZ\arm2_muse_220.txt,9,142,216000,0,2,78,3297,234,579,75,1,1533,1,52,,,31,228,,,,11,7,,19,12,75,0,81,36,,,,,,6,LARM1054
Summoner's Majestic Gloves of Faith,ARMZ\arm1_muse_220.txt,ARMZ\arm2_muse_220.txt,9,142,216000,0,2,78,3297,234,579,75,1,1534,1,52,,,31,228,,,,12,7,,19,12,75,0,81,36,,,,,,6,LARM1055
Summoner's Majestic Gloves of Precision,ARMZ\arm1_muse_220.txt,ARMZ\arm2_muse_220.txt,9,142,216000,0,2,78,3297,234,579,75,1,1535,1,52,,,31,228,,,,13,7,,19,12,75,0,81,36,,,,,,6,LARM1056
Summoner's Majestic Gloves of Virtue,ARMZ\arm1_muse_220.txt,ARMZ\arm2_muse_220.txt,9,142,216000,0,2,78,3297,234,579,75,1,1536,1,52,,,31,228,,,,14,7,,19,12,75,0,81,36,,,,,,6,LARM1057
Summoner's Majestic Gloves of Sharpness,ARMZ\arm1_muse_220.txt,ARMZ\arm2_muse_220.txt,9,142,216000,0,2,78,3297,234,579,75,1,1537,1,52,,,31,228,,,,15,7,,19,12,75,0,81,36,,,,,,6,LARM1058
,,,,,,,,,,,,,,,,,,,,,,,,,,,,,,,,,,,,,,,
Raptor Gloves,ARMS\arm1_hawker200.txt,ARMS\arm2_hawker200.txt,,143,181950,0,3,76,3850,230,579,,,,,53,,,31,224,,,,,,,,,68,0,87,33,,,,,,3,LARM111
Raptor Gloves,ARMS\arm1_hawker200.txt,ARMS\arm2_hawker200.txt,,143,211950,0,3,76,3850,230,579,,,,,53,,,31,228,,,,,,,,,68,0,92,35,,,,,,6,LARM111
Fallen Overlord's Gloves of Resilience,ARMZ\arm1_hawker_220.txt,ARMZ\arm2_hawker_220.txt,9,143,153000,0,3,76,3298,230,579,76,1,1539,1,53,,,31,220,,,,10,2,,24,6,75,0,80,26,,,,,,,LARM1074
Fallen Overlord's Gloves of Agility,ARMZ\arm1_hawker_220.txt,ARMZ\arm2_hawker_220.txt,9,143,153000,0,3,76,3298,230,579,76,1,1540,1,53,,,31,220,,,,11,2,,24,6,75,0,80,26,,,,,,,LARM1075
Fallen Overlord's Gloves of Faith,ARMZ\arm1_hawker_220.txt,ARMZ\arm2_hawker_220.txt,9,143,153000,0,3,76,3298,230,579,76,1,1541,1,53,,,31,220,,,,12,2,,24,6,75,0,80,26,,,,,,,LARM1076
Fallen Overlord's Gloves of Precision,ARMZ\arm1_hawker_220.txt,ARMZ\arm2_hawker_220.txt,9,143,153000,0,3,76,3298,230,579,76,1,1542,1,53,,,31,220,,,,13,2,,24,6,75,0,80,26,,,,,,,LARM1077
Fallen Overlord's Gloves of Virtue,ARMZ\arm1_hawker_220.txt,ARMZ\arm2_hawker_220.txt,9,143,153000,0,3,76,3298,230,579,76,1,1543,1,53,,,31,220,,,,14,2,,24,6,75,0,80,26,,,,,,,LARM1078
Fallen Overlord's Gloves of Sharpness,ARMZ\arm1_hawker_220.txt,ARMZ\arm2_hawker_220.txt,9,143,153000,0,3,76,3298,230,579,76,1,1544,1,53,,,31,220,,,,15,2,,24,6,75,0,80,26,,,,,,,LARM1079
Fallen Overlord's Gloves of Resilience,ARMZ\arm1_hawker_220.txt,ARMZ\arm2_hawker_220.txt,9,143,171000,0,3,76,3298,230,579,77,1,1545,1,53,,,31,224,,,,10,4,,24,12,75,0,88,34,,,,,,3,LARM1074
Fallen Overlord's Gloves of Agility,ARMZ\arm1_hawker_220.txt,ARMZ\arm2_hawker_220.txt,9,143,171000,0,3,76,3298,230,579,77,1,1546,1,53,,,31,224,,,,11,4,,24,12,75,0,88,34,,,,,,3,LARM1075
Fallen Overlord's Gloves of Faith,ARMZ\arm1_hawker_220.txt,ARMZ\arm2_hawker_220.txt,9,143,171000,0,3,76,3298,230,579,77,1,1547,1,53,,,31,224,,,,12,4,,24,12,75,0,88,34,,,,,,3,LARM1076
Fallen Overlord's Gloves of Precision,ARMZ\arm1_hawker_220.txt,ARMZ\arm2_hawker_220.txt,9,143,171000,0,3,76,3298,230,579,77,1,1548,1,53,,,31,224,,,,13,4,,24,12,75,0,88,34,,,,,,3,LARM1077
Fallen Overlord's Gloves of Virtue,ARMZ\arm1_hawker_220.txt,ARMZ\arm2_hawker_220.txt,9,143,171000,0,3,76,3298,230,579,77,1,1549,1,53,,,31,224,,,,14,4,,24,12,75,0,88,34,,,,,,3,LARM1078
Fallen Overlord's Gloves of Sharpness,ARMZ\arm1_hawker_220.txt,ARMZ\arm2_hawker_220.txt,9,143,171000,0,3,76,3298,230,579,77,1,1550,1,53,,,31,224,,,,15,4,,24,12,75,0,88,34,,,,,,3,LARM1079
Fallen Overlord's Gloves of Resilience,ARMZ\arm1_hawker_220.txt,ARMZ\arm2_hawker_220.txt,9,143,199900,0,3,76,3298,230,579,78,1,1551,1,53,,,31,228,,,,10,7,,24,20,75,0,94,37,,,,,,6,LARM1074
Fallen Overlord's Gloves of Agility,ARMZ\arm1_hawker_220.txt,ARMZ\arm2_hawker_220.txt,9,143,199900,0,3,76,3298,230,579,78,1,1552,1,53,,,31,228,,,,11,7,,24,20,75,0,94,37,,,,,,6,LARM1075
Fallen Overlord's Gloves of Faith,ARMZ\arm1_hawker_220.txt,ARMZ\arm2_hawker_220.txt,9,143,199900,0,3,76,3298,230,579,78,1,1553,1,53,,,31,228,,,,12,7,,24,20,75,0,94,37,,,,,,6,LARM1076
Fallen Overlord's Gloves of Precision,ARMZ\arm1_hawker_220.txt,ARMZ\arm2_hawker_220.txt,9,143,199900,0,3,76,3298,230,579,78,1,1554,1,53,,,31,228,,,,13,7,,24,20,75,0,94,37,,,,,,6,LARM1077
Fallen Overlord's Gloves of Virtue,ARMZ\arm1_hawker_220.txt,ARMZ\arm2_hawker_220.txt,9,143,199900,0,3,76,3298,230,579,78,1,1555,1,53,,,31,228,,,,14,7,,24,20,75,0,94,37,,,,,,6,LARM1078
Fallen Overlord's Gloves of Sharpness,ARMZ\arm1_hawker_220.txt,ARMZ\arm2_hawker_220.txt,9,143,199900,0,3,76,3298,230,579,78,1,1556,1,53,,,31,228,,,,15,7,,24,20,75,0,94,37,,,,,,6,LARM1079
,,,,,,,,,,,,,,,,,,,,,,,,,,,,,,,,,,,,,,,
Mercenary Gloves,ARMS\arm1_dealer200.txt,ARMS\arm2_dealer200.txt,,143,188300,0,2,78,3863,238,579,,,,,54,,,31,224,,,,,,,,,68,0,87,34,,,,,,3,LARM141
Mercenary Gloves,ARMS\arm1_dealer200.txt,ARMS\arm2_dealer200.txt,,143,228300,0,2,78,3863,238,579,,,,,54,,,31,228,,,,,,,,,68,0,92,36,,,,,,6,LARM141
Auction Master Gloves of Resilience,ARMS\arm1_dealer_220.txt,ARMS\arm2_dealer_220.txt,9,143,153000,0,2,78,3299,238,579,79,1,1558,1,54,,,31,220,,,,10,2,,19,5,75,0,78,26,,,,,,,LARM1095
Auction Master Gloves of Agility,ARMS\arm1_dealer_220.txt,ARMS\arm2_dealer_220.txt,9,143,153000,0,2,78,3299,238,579,79,1,1559,1,54,,,31,220,,,,11,2,,19,5,75,0,78,26,,,,,,,LARM1096
Auction Master Gloves of Faith,ARMS\arm1_dealer_220.txt,ARMS\arm2_dealer_220.txt,9,143,153000,0,2,78,3299,238,579,79,1,1560,1,54,,,31,220,,,,12,2,,19,5,75,0,78,26,,,,,,,LARM1097
Auction Master Gloves of Precision,ARMS\arm1_dealer_220.txt,ARMS\arm2_dealer_220.txt,9,143,153000,0,2,78,3299,238,579,79,1,1561,1,54,,,31,220,,,,13,2,,19,5,75,0,78,26,,,,,,,LARM1098
Auction Master Gloves of Virtue,ARMS\arm1_dealer_220.txt,ARMS\arm2_dealer_220.txt,9,143,153000,0,2,78,3299,238,579,79,1,1562,1,54,,,31,220,,,,14,2,,19,5,75,0,78,26,,,,,,,LARM1099
Auction Master Gloves of Sharpness,ARMS\arm1_dealer_220.txt,ARMS\arm2_dealer_220.txt,9,143,153000,0,2,78,3299,238,579,79,1,1563,1,54,,,31,220,,,,15,2,,19,5,75,0,78,26,,,,,,,LARM1100
Auction Master Gloves of Resilience,ARMS\arm1_dealer_220.txt,ARMS\arm2_dealer_220.txt,9,143,171000,0,2,78,3299,238,579,80,1,1564,1,54,,,31,224,,,,10,4,,19,8,75,0,88,35,,,,,,3,LARM1095
Auction Master Gloves of Agility,ARMS\arm1_dealer_220.txt,ARMS\arm2_dealer_220.txt,9,143,171000,0,2,78,3299,238,579,80,1,1565,1,54,,,31,224,,,,11,4,,19,8,75,0,88,35,,,,,,3,LARM1096
Auction Master Gloves of Faith,ARMS\arm1_dealer_220.txt,ARMS\arm2_dealer_220.txt,9,143,171000,0,2,78,3299,238,579,80,1,1566,1,54,,,31,224,,,,12,4,,19,8,75,0,88,35,,,,,,3,LARM1097
Auction Master Gloves of Precision,ARMS\arm1_dealer_220.txt,ARMS\arm2_dealer_220.txt,9,143,171000,0,2,78,3299,238,579,80,1,1567,1,54,,,31,224,,,,13,4,,19,8,75,0,88,35,,,,,,3,LARM1098
Auction Master Gloves of Virtue,ARMS\arm1_dealer_220.txt,ARMS\arm2_dealer_220.txt,9,143,171000,0,2,78,3299,238,579,80,1,1568,1,54,,,31,224,,,,14,4,,19,8,75,0,88,35,,,,,,3,LARM1099
Auction Master Gloves of Sharpness,ARMS\arm1_dealer_220.txt,ARMS\arm2_dealer_220.txt,9,143,171000,0,2,78,3299,238,579,80,1,1569,1,54,,,31,224,,,,15,4,,19,8,75,0,88,35,,,,,,3,LARM1100
Auction Master Gloves of Resilience,ARMS\arm1_dealer_220.txt,ARMS\arm2_dealer_220.txt,9,143,199900,0,2,78,3299,238,579,81,1,1570,1,54,,,31,228,,,,10,7,,19,12,75,0,94,38,,,,,,6,LARM1095
Auction Master Gloves of Agility,ARMS\arm1_dealer_220.txt,ARMS\arm2_dealer_220.txt,9,143,199900,0,2,78,3299,238,579,81,1,1571,1,54,,,31,228,,,,11,7,,19,12,75,0,94,38,,,,,,6,LARM1096
Auction Master Gloves of Faith,ARMS\arm1_dealer_220.txt,ARMS\arm2_dealer_220.txt,9,143,199900,0,2,78,3299,238,579,81,1,1572,1,54,,,31,228,,,,12,7,,19,12,75,0,94,38,,,,,,6,LARM1097
Auction Master Gloves of Precision,ARMS\arm1_dealer_220.txt,ARMS\arm2_dealer_220.txt,9,143,199900,0,2,78,3299,238,579,81,1,1573,1,54,,,31,228,,,,13,7,,19,12,75,0,94,38,,,,,,6,LARM1098
Auction Master Gloves of Virtue,ARMS\arm1_dealer_220.txt,ARMS\arm2_dealer_220.txt,9,143,199900,0,2,78,3299,238,579,81,1,1574,1,54,,,31,228,,,,14,7,,19,12,75,0,94,38,,,,,,6,LARM1099
Auction Master Gloves of Sharpness,ARMS\arm1_dealer_220.txt,ARMZ\arm2_dealer_220.txt,9,143,199900,0,2,78,3299,238,579,81,1,1575,1,54,,,31,228,,,,15,7,,19,12,75,0,94,38,,,,,,6,LARM1100
Aurum Plate Gauntlets of Glory,ARMS\arm1_soldier200.txt,ARMS\arm2_soldier200.txt,9,141,151350,0,5,56,3824,226,580,,,,,51,,,31,220,,,,,,,,,68,,78,19,,,,,,0,LARM1113
Aurum Plate Gauntlets of Glory,ARMS\arm1_soldier200.txt,ARMS\arm2_soldier200.txt,9,141,183000,0,5,56,3824,226,580,,,,,51,,,31,224,,,,,,,,,68,0,88,28,,,,,,3,LARM1113
Aurum Plate Gauntlets of Glory,ARMS\arm1_soldier200.txt,ARMS\arm2_soldier200.txt,9,141,206300,0,5,56,3824,226,580,,,,,51,,,31,228,,,,,,,,,68,0,92,30,,,,,,6,LARM1113
Oro's Walker Gloves of Glory,ARMS\arm1_muse200.txt,ARMS\arm2_muse200.txt,9,142,138950,0,2,78,3837,234,579,,,,,52,,,31,220,,,,,,,,,68,,60,24,,,,,,0,LARM1116
Oro's Walker Gloves of Glory,ARMS\arm1_muse200.txt,ARMS\arm2_muse200.txt,9,142,162000,0,2,78,3837,234,579,,,,,52,,,31,224,,,,,,,,,68,0,72,33,,,,,,3,LARM1116
Oro's Walker Gloves of Glory,ARMS\arm1_muse200.txt,ARMS\arm2_muse200.txt,9,142,192300,0,2,78,3837,234,579,,,,,52,,,31,228,,,,,,,,,68,0,76,35,,,,,,6,LARM1116
Raptor Gloves of Glory,ARMS\arm1_hawker200.txt,ARMS\arm2_hawker200.txt,9,143,151950,0,3,76,3850,230,579,,,,,53,,,31,220,,,,,,,,,68,0,76,26,,,,,,0,LARM1119
Raptor Gloves of Glory,ARMS\arm1_hawker200.txt,ARMS\arm2_hawker200.txt,9,143,181950,0,3,76,3850,230,579,,,,,53,,,31,224,,,,,,,,,68,0,86,33,,,,,,3,LARM1119
Raptor Gloves of Glory,ARMS\arm1_hawker200.txt,ARMS\arm2_hawker200.txt,9,143,211950,0,3,76,3850,230,579,,,,,53,,,31,228,,,,,,,,,68,0,90,35,,,,,,6,LARM1119
Mercenary Gloves of Glory,ARMS\arm1_dealer200.txt,ARMS\arm2_dealer200.txt,9,143,148300,0,2,78,3863,238,579,,,,,54,,,31,220,,,,,,,,,68,,75,26,,,,,,0,LARM1122
Mercenary Gloves of Glory,ARMS\arm1_dealer200.txt,ARMS\arm2_dealer200.txt,9,143,188300,0,2,78,3863,238,579,,,,,54,,,31,224,,,,,,,,,68,0,86,34,,,,,,3,LARM1122
Mercenary Gloves of Glory,ARMS\arm1_dealer200.txt,ARMS\arm2_dealer200.txt,9,143,228300,0,2,78,3863,238,579,,,,,54,,,31,228,,,,,,,,,68,0,90,36,,,,,,6,LARM1122
,,,,,,,,,,,,,,,,,,,,,,,,,,,,,,,,,,,,,,,
,,,,,,,,,,,,,,,,,,,,,,,,,,,,,,,,,,,,,,,
,,,,,,,,,,,,,,,,,,,,,,,,,,,,,,,,,,,,,,,
Plate Gauntlets of Rebirth,,,6,141,199900,0,5,58,9230,226,580,,,,,51,,,111,4,,,,,,,,,75,0,9,3,,,,,,,LARM1128
Heaven's Gloves of Rebirth,,,6,142,216000,0,2,78,9231,234,579,,,,,52,,,111,4,,,,,,,,,75,0,8,3,,,,,,,LARM1129
Wild Hawker Gloves of Rebirth,,,6,143,199900,0,3,76,9232,230,579,,,,,53,,,111,4,,,,,,,,,75,0,9,3,,,,,,,LARM1130
Redfield Chairman Gloves of Rebirth,,,6,143,199900,0,2,78,9233,238,579,,,,,54,,,111,4,,,,,,,,,75,0,9,3,,,,,,,LARM1131
Jabberwock Gauntlets of Rebirth,ARMS\arm1_07500.txt,ARMS\arm2_07500.txt,6,141,199900,0,5,58,8203,226,580,,,,,51,,,111,6,,,,,,,,,75,0,9,3,,,,,,,LARM1132
Dimple Gloves of Rebirth,ARMS\arm1_07200.txt,ARMS\arm2_07200.txt,6,142,216000,0,2,78,8204,234,579,,,,,52,,,111,6,,,,,,,,,75,0,8,3,,,,,,,LARM1133
Steel Resolve Gloves of Rebirth,ARMS\arm1_07400.txt,ARMS\arm2_07400.txt,6,143,199900,0,3,76,8205,230,579,,,,,53,,,111,6,,,,,,,,,75,0,9,3,,,,,,,LARM1134
Mana Steam Gloves of Rebirth,ARMS\arm1_07300.txt,ARMS\arm2_07300.txt,6,143,199900,0,2,78,8206,238,579,,,,,54,,,111,6,,,,,,,,,75,0,9,3,,,,,,,LARM1135
,,,,,,,,,,,,,,,,,,,,,,,,,,,,,,,,,,,,,,,
Royal Gauntlets of the Entiku,ARMS\gob_gauntlet_m_1221_cr.txt,ARMS\gob_gauntlet_f_1221_cr.txt,,141,564102,0,5,70,8491,242,580,,,,,,,,31,205,,,,,,,,,75,0,71,23,,14,,,,,LARM1137
Entiku Blue,ARMS\gob_gauntlet_m_1221_cr.txt,ARMS\gob_gauntlet_f_1221_cr.txt,,141,564102,0,5,70,8491,242,580,,,,,,,,31,205,,,,,,,,,75,0,10,10,,,,,,,LARM1138
Entiku Golden,ARMS\gob_gauntlet_m_1221_cr.txt,ARMS\gob_gauntlet_f_1221_cr.txt,,141,564102,0,5,70,8491,242,580,,,,,,,,31,205,,,,,,,,,75,0,10,10,,,,,,,LARM1139
Entiku Silver,ARMS\gob_gauntlet_m_1221_cr.txt,ARMS\gob_gauntlet_f_1221_cr.txt,,141,564102,0,5,70,8491,242,580,,,,,,,,31,205,,,,,,,,,75,0,10,10,,,,,,,LARM1140
Entiku Black,ARMS\gob_gauntlet_m_1221_cr.txt,ARMS\gob_gauntlet_f_1221_cr.txt,,141,564102,0,5,70,8491,242,580,,,,,,,,31,205,,,,,,,,,75,0,10,10,,,,,,,LARM1141
,,,,,,,,,,,,,,,,,,,,,,,,,,,,,,,,,,,,,,,
,,,,,,,,,,,,,,,,,,,,,,,,,,,,,,,,,,,,,,,
,,,,,,,,,,,,,,,,,,,,,,,,,,,,,,,,,,,,,,,
,,,,,,,,,,,,,,,,,,,,,,,,,,,,,,,,,,,,,,,
,,,,,,,,,,,,,,,,,,,,,,,,,,,,,,,,,,,,,,,
,,,,,,,,,,,,,,,,,,,,,,,,,,,,,,,,,,,,,,,
,,,,,,,,,,,,,,,,,,,,,,,,,,,,,,,,,,,,,,,
,,,,,,,,,,,,,,,,,,,,,,,,,,,,,,,,,,,,,,,
,,,,,,,,,,,,,,,,,,,,,,,,,,,,,,,,,,,,,,,
,,,,,,,,,,,,,,,,,,,,,,,,,,,,,,,,,,,,,,,
,,,,,,,,,,,,,,,,,,,,,,,,,,,,,,,,,,,,,,,
,,,,,,,,,,,,,,,,,,,,,,,,,,,,,,,,,,,,,,,
,,,,,,,,,,,,,,,,,,,,,,,,,,,,,,,,,,,,,,,
,,,,,,,,,,,,,,,,,,,,,,,,,,,,,,,,,,,,,,,
,,,,,,,,,,,,,,,,,,,,,,,,,,,,,,,,,,,,,,,
Red Panda Gloves,ARMS\panzukin_arm_m_0922_wa.txt,ARMS\panzukin_arm_f_0922_wa.txt,6,143,1000,0,1,10,9938,238,579,,,,,,,,,,,,,,,,,,75,,10,10,,,,,,,LARM1157
Little Yellow Gloves,ARMS\akazukin_arm_0903_yellow_new.txt,ARMS\akazukin_arm_0903_yellow_new.txt,6,143,0,0,2,20,10112,234,579,,,,,,,,,,,,,20,3,,14,7,21,,15,5,,,,,,,LARM1158
,,,,,,,,,,,,,,,,,,,,,,,,,,,,,,,,,,,,,,,
Black Clan Gloves,,,6,143,1000,0,1,18,8599,238,579,,,,,,,,,,,,,,,,,,30,,15,5,,,,,,,LARM1160
Blue Clan Gloves,,,6,143,1000,0,1,18,8599,238,579,,,,,,,,,,,,,,,,,,30,,15,5,,,,,,,LARM1161
Green Clan Gloves,,,6,143,1000,0,1,18,8599,238,579,,,,,,,,,,,,,,,,,,30,,15,5,,,,,,,LARM1162
Pink Clan Gloves,,,6,143,1000,0,1,18,8599,238,579,,,,,,,,,,,,,,,,,,30,,15,5,,,,,,,LARM1163
Purple Clan Gloves,,,6,143,1000,0,1,18,8599,238,579,,,,,,,,,,,,,,,,,,30,,15,5,,,,,,,LARM1164
Red Clan Gloves,,,6,143,1000,0,1,18,8599,238,579,,,,,,,,,,,,,,,,,,30,,15,5,,,,,,,LARM1165
White Clan Gloves,,,6,143,1000,0,1,18,8599,238,579,,,,,,,,,,,,,,,,,,30,,15,5,,,,,,,LARM1166
Yellow Clan Gloves,,,6,143,1000,0,1,18,8599,238,579,,,,,,,,,,,,,,,,,,30,,15,5,,,,,,,LARM1167
Merciful Dawnfrost Gauntlets (Warrior),ARMS\arm1_career_a_001.txt,ARMS\arm2_career_a_001.txt,,141,332445,0,5,65,3287,226,580,,,183,,51,,,31,210,,,,18,-18,,148,-2,65,,97,33,,23,,,,34,LARM049
Ruthless Dawnfrost Gauntlets (Warrior),ARMS\arm1_career_a_002.txt,ARMS\arm2_career_a_002.txt,,141,332445,0,5,65,3292,226,580,,,183,,51,,,31,210,,,,18,22,,148,3,65,,64,24,,24,,,,34,LARM050
Merciful Dawnfrost Gloves (Maiden),ARMS\arm1_career_a_003.txt,ARMS\arm2_career_a_003.txt,,142,341154,0,2,65,3289,234,579,,,183,,52,,,31,210,,,,18,-18,,148,-2,65,,77,39,,25,,,,34,LARM079
Ruthless Dawnfrost Gloves (Maiden),ARMS\arm1_career_a_004.txt,ARMS\arm2_career_a_004.txt,,142,341154,0,2,65,3293,234,579,,,183,,52,,,31,210,,,,18,22,,148,3,65,,76,28,,26,,,,34,LARM080
Merciful Dawnfrost Gloves (Hunter),ARMS\arm1_career_a_005.txt,ARMS\arm2_career_a_005.txt,,143,335545,0,3,76,3290,230,579,,,183,,53,,,31,210,,,,18,-18,,148,-2,65,,95,39,,27,,,,34,LARM109
Ruthless Dawnfrost Gloves (Hunter),ARMS\arm1_career_a_006.txt,ARMS\arm2_career_a_006.txt,,143,335545,0,3,76,3294,230,579,,,183,,53,,,31,210,,,,18,22,,148,3,65,,63,28,,28,,,,34,LARM110
Merciful Dawnfrost Gloves (Trader),ARMS\arm1_career_a_007.txt,ARMS\arm2_career_a_007.txt,,143,344478,0,2,65,3291,238,579,,,183,,54,,,31,210,,,,18,-18,,148,-2,65,,93,37,,29,,,,34,LARM139
Ruthless Dawnfrost Gloves (Trader),ARMS\arm1_career_a_008.txt,ARMS\arm2_career_a_008.txt,,143,344478,0,2,65,3295,238,579,,,183,,54,,,31,210,,,,18,22,,148,3,65,,82,28,,30,,,,34,LARM140
,,,,,,,,,,,,,,,,,,,,,,,,,,,,,,,,,,,,,,,
,,,,,,,,,,,,,,,,,,,,,,,,,,,,,,,,,,,,,,,
,,,,,,,,,,,,,,,,,,,,,,,,,,,,,,,,,,,,,,,
,,,,,,,,,,,,,,,,,,,,,,,,,,,,,,,,,,,,,,,
,,,,,,,,,,,,,,,,,,,,,,,,,,,,,,,,,,,,,,,
,,,,,,,,,,,,,,,,,,,,,,,,,,,,,,,,,,,,,,,
,,,,,,,,,,,,,,,,,,,,,,,,,,,,,,,,,,,,,,,
,,,,,,,,,,,,,,,,,,,,,,,,,,,,,,,,,,,,,,,
,,,,,,,,,,,,,,,,,,,,,,,,,,,,,,,,,,,,,,,
,,,,,,,,,,,,,,,,,,,,,,,,,,,,,,,,,,,,,,,
Titanic Jabberwock Gauntlets,ARMS\arm1_07500.txt,ARMS\arm2_07500.txt,,141,332290,0,5,70,468,226,580,17,12,,70,51,,,31,205,,,,10,3,,38,50,75,,75,25,,,,,,22,LARM1186
,,,,,,,,,,,,,,,,,,,,,,,,,,,,,,,,,,,,,,,
,,,,,,,,,,,,,,,,,,,,,,,,,,,,,,,,,,,,,,,
,,,,,,,,,,,,,,,,,,,,,,,,,,,,,,,,,,,,,,,
Godly Jabberwock Gauntlets,ARMS\arm1_07500.txt,ARMS\arm2_07500.txt,,141,432290,0,5,70,468,226,580,17,12,,70,51,,,31,210,,,,10,5,,38,100,75,,83,30,,,,,,22,LARM1190
,,,,,,,,,,,,,,,,,,,,,,,,,,,,,,,,,,,,,,,
,,,,,,,,,,,,,,,,,,,,,,,,,,,,,,,,,,,,,,,
,,,,,,,,,,,,,,,,,,,,,,,,,,,,,,,,,,,,,,,
,,,,,,,,,,,,,,,,,,,,,,,,,,,,,,,,,,,,,,,
,,,,,,,,,,,,,,,,,,,,,,,,,,,,,,,,,,,,,,,
,,,,,,,,,,,,,,,,,,,,,,,,,,,,,,,,,,,,,,,
,,,,,,,,,,,,,,,,,,,,,,,,,,,,,,,,,,,,,,,
,,,,,,,,,,,,,,,,,,,,,,,,,,,,,,,,,,,,,,,
,,,,,,,,,,,,,,,,,,,,,,,,,,,,,,,,,,,,,,,
,,,,,,,,,,,,,,,,,,,,,,,,,,,,,,,,,,,,,,,
,,,,,,,,,,,,,,,,,,,,,,,,,,,,,,,,,,,,,,,
,,,,,,,,,,,,,,,,,,,,,,,,,,,,,,,,,,,,,,,
,,,,,,,,,,,,,,,,,,,,,,,,,,,,,,,,,,,,,,,
,,,,,,,,,,,,,,,,,,,,,,,,,,,,,,,,,,,,,,,
,,,,,,,,,,,,,,,,,,,,,,,,,,,,,,,,,,,,,,,
,,,,,,,,,,,,,,,,,,,,,,,,,,,,,,,,,,,,,,,
,,,,,,,,,,,,,,,,,,,,,,,,,,,,,,,,,,,,,,,
,,,,,,,,,,,,,,,,,,,,,,,,,,,,,,,,,,,,,,,
,,,,,,,,,,,,,,,,,,,,,,,,,,,,,,,,,,,,,,,
,,,,,,,,,,,,,,,,,,,,,,,,,,,,,,,,,,,,,,,
,,,,,,,,,,,,,,,,,,,,,,,,,,,,,,,,,,,,,,,
,,,,,,,,,,,,,,,,,,,,,,,,,,,,,,,,,,,,,,,
,,,,,,,,,,,,,,,,,,,,,,,,,,,,,,,,,,,,,,,
Teddybear Costume Arms,ARMS\arm_event_costume01.txt,ARMS\arm_event_costume01.txt,6,143,0,0,2,40,8166,238,579,,,,,,,,,,,,,14,10,,,,75,,10,10,,,,,,,LARM1214
Lumberjack's Bear Arms,ARMS\arm_event_costume02.txt,ARMS\arm_event_costume02.txt,6,143,0,0,2,40,8403,238,579,,,,,,,,,,,,,,,,,,,,10,10,,,,,,,LARM1215
Stick Man Arms,,,6,143,0,0,2,40,8374,238,579,,,,,,,,31,10,,,,14,10,,24,15,75,,20,20,,,,,,,LARM1216
Grouch Gloves,ARMS\arm1_career022_v.txt,ARMS\arm2_career022_v.txt,6,143,1,0,1,18,8394,238,579,,,,,,,,,,,,,,,,,,60,,15,5,,,,,,,LARM1217
Frozen Storybook Gloves,ARMS\arm1_Frozen2019_01.txt,ARMS\arm2_Frozen2019_01.txt,6,143,0,0,1,14,8627,242,579,,,,,,,,,,,,,,,,,,30,,11,9,,,,,,,LARM1218
Hooded Leopard Gloves,ARMS\leopard_arm_m_0922_wa.txt,ARMS\leopard_arm_f_0922_wa.txt,6,143,1000,0,1,10,8632,242,579,,,,,,,,,,,,,,,,14,5,30,,15,15,,,,,,,LARM1219
,,,,,,,,,,,,,,,,,,,,,,,,,,,,,,,,,,,,,,,
,,,,,,,,,,,,,,,,,,,,,,,,,,,,,,,,,,,,,,,
,,,,,,,,,,,,,,,,,,,,,,,,,,,,,,,,,,,,,,,
,,,,,,,,,,,,,,,,,,,,,,,,,,,,,,,,,,,,,,,
,,,,,,,,,,,,,,,,,,,,,,,,,,,,,,,,,,,,,,,
,,,,,,,,,,,,,,,,,,,,,,,,,,,,,,,,,,,,,,,
Blue Winter Gloves,,,6,143,1000,0,1,10,3005,234,579,,,,,,,,,,,,,,,,,,30,,10,10,,,,,,,LARM1226
Pink Santa Claus Gloves,,,6,143,1000,0,1,10,2953,234,579,,,,,,,,,,,,,,,,,,30,,10,10,,,,,,,LARM1227
Blue Santa Claus Gloves,,,7,143,1000,0,1,10,9297,234,579,,,,,,,,,,,,,,,,,,30,,10,10,,,,,,,LARM1228
,,,,,,,,,,,,,,,,,,,,,,,,,,,,,,,,,,,,,,,
Halloween Diamond Gloves,ARMS\vampire_arms_m_orange_20241017.txt,ARMS\vampire_arms_f_orange_20241017.txt,6,143,1000,0,2,18,9851,234,579,,,,,,,,,,,,,,,,,,30,,10,10,,,,,,,LARM1230
,,,,,,,,,,,,,,,,,,,,,,,,,,,,,,,,,,,,,,,
,,,,,,,,,,,,,,,,,,,,,,,,,,,,,,,,,,,,,,,
,,,,,,,,,,,,,,,,,,,,,,,,,,,,,,,,,,,,,,,
,,,,,,,,,,,,,,,,,,,,,,,,,,,,,,,,,,,,,,,
,,,,,,,,,,,,,,,,,,,,,,,,,,,,,,,,,,,,,,,
,,,,,,,,,,,,,,,,,,,,,,,,,,,,,,,,,,,,,,,
,,,,,,,,,,,,,,,,,,,,,,,,,,,,,,,,,,,,,,,
,,,,,,,,,,,,,,,,,,,,,,,,,,,,,,,,,,,,,,,
,,,,,,,,,,,,,,,,,,,,,,,,,,,,,,,,,,,,,,,
,,,,,,,,,,,,,,,,,,,,,,,,,,,,,,,,,,,,,,,
,,,,,,,,,,,,,,,,,,,,,,,,,,,,,,,,,,,,,,,
,,,,,,,,,,,,,,,,,,,,,,,,,,,,,,,,,,,,,,,
,,,,,,,,,,,,,,,,,,,,,,,,,,,,,,,,,,,,,,,
,,,,,,,,,,,,,,,,,,,,,,,,,,,,,,,,,,,,,,,
,,,,,,,,,,,,,,,,,,,,,,,,,,,,,,,,,,,,,,,
,,,,,,,,,,,,,,,,,,,,,,,,,,,,,,,,,,,,,,,
,,,,,,,,,,,,,,,,,,,,,,,,,,,,,,,,,,,,,,,
,,,,,,,,,,,,,,,,,,,,,,,,,,,,,,,,,,,,,,,
,,,,,,,,,,,,,,,,,,,,,,,,,,,,,,,,,,,,,,,
,,,,,,,,,,,,,,,,,,,,,,,,,,,,,,,,,,,,,,,
,,,,,,,,,,,,,,,,,,,,,,,,,,,,,,,,,,,,,,,
,,,,,,,,,,,,,,,,,,,,,,,,,,,,,,,,,,,,,,,
,,,,,,,,,,,,,,,,,,,,,,,,,,,,,,,,,,,,,,,
,,,,,,,,,,,,,,,,,,,,,,,,,,,,,,,,,,,,,,,
,,,,,,,,,,,,,,,,,,,,,,,,,,,,,,,,,,,,,,,
,,,,,,,,,,,,,,,,,,,,,,,,,,,,,,,,,,,,,,,
,,,,,,,,,,,,,,,,,,,,,,,,,,,,,,,,,,,,,,,
,,,,,,,,,,,,,,,,,,,,,,,,,,,,,,,,,,,,,,,
,,,,,,,,,,,,,,,,,,,,,,,,,,,,,,,,,,,,,,,
,,,,,,,,,,,,,,,,,,,,,,,,,,,,,,,,,,,,,,,
,,,,,,,,,,,,,,,,,,,,,,,,,,,,,,,,,,,,,,,
,,,,,,,,,,,,,,,,,,,,,,,,,,,,,,,,,,,,,,,
,,,,,,,,,,,,,,,,,,,,,,,,,,,,,,,,,,,,,,,
,,,,,,,,,,,,,,,,,,,,,,,,,,,,,,,,,,,,,,,
,,,,,,,,,,,,,,,,,,,,,,,,,,,,,,,,,,,,,,,
,,,,,,,,,,,,,,,,,,,,,,,,,,,,,,,,,,,,,,,
,,,,,,,,,,,,,,,,,,,,,,,,,,,,,,,,,,,,,,,
,,,,,,,,,,,,,,,,,,,,,,,,,,,,,,,,,,,,,,,
,,,,,,,,,,,,,,,,,,,,,,,,,,,,,,,,,,,,,,,
,,,,,,,,,,,,,,,,,,,,,,,,,,,,,,,,,,,,,,,
,,,,,,,,,,,,,,,,,,,,,,,,,,,,,,,,,,,,,,,
,,,,,,,,,,,,,,,,,,,,,,,,,,,,,,,,,,,,,,,
,,,,,,,,,,,,,,,,,,,,,,,,,,,,,,,,,,,,,,,
,,,,,,,,,,,,,,,,,,,,,,,,,,,,,,,,,,,,,,,
,,,,,,,,,,,,,,,,,,,,,,,,,,,,,,,,,,,,,,,
,,,,,,,,,,,,,,,,,,,,,,,,,,,,,,,,,,,,,,,
,,,,,,,,,,,,,,,,,,,,,,,,,,,,,,,,,,,,,,,
,,,,,,,,,,,,,,,,,,,,,,,,,,,,,,,,,,,,,,,
,,,,,,,,,,,,,,,,,,,,,,,,,,,,,,,,,,,,,,,
,,,,,,,,,,,,,,,,,,,,,,,,,,,,,,,,,,,,,,,
,,,,,,,,,,,,,,,,,,,,,,,,,,,,,,,,,,,,,,,
,,,,,,,,,,,,,,,,,,,,,,,,,,,,,,,,,,,,,,,
,,,,,,,,,,,,,,,,,,,,,,,,,,,,,,,,,,,,,,,
,,,,,,,,,,,,,,,,,,,,,,,,,,,,,,,,,,,,,,,
,,,,,,,,,,,,,,,,,,,,,,,,,,,,,,,,,,,,,,,
,,,,,,,,,,,,,,,,,,,,,,,,,,,,,,,,,,,,,,,
,,,,,,,,,,,,,,,,,,,,,,,,,,,,,,,,,,,,,,,
,,,,,,,,,,,,,,,,,,,,,,,,,,,,,,,,,,,,,,,
,,,,,,,,,,,,,,,,,,,,,,,,,,,,,,,,,,,,,,,
,,,,,,,,,,,,,,,,,,,,,,,,,,,,,,,,,,,,,,,
,,,,,,,,,,,,,,,,,,,,,,,,,,,,,,,,,,,,,,,
,,,,,,,,,,,,,,,,,,,,,,,,,,,,,,,,,,,,,,,
,,,,,,,,,,,,,,,,,,,,,,,,,,,,,,,,,,,,,,,
,,,,,,,,,,,,,,,,,,,,,,,,,,,,,,,,,,,,,,,
,,,,,,,,,,,,,,,,,,,,,,,,,,,,,,,,,,,,,,,
,,,,,,,,,,,,,,,,,,,,,,,,,,,,,,,,,,,,,,,
,,,,,,,,,,,,,,,,,,,,,,,,,,,,,,,,,,,,,,,
,,,,,,,,,,,,,,,,,,,,,,,,,,,,,,,,,,,,,,,
,,,,,,,,,,,,,,,,,,,,,,,,,,,,,,,,,,,,,,,
,,,,,,,,,,,,,,,,,,,,,,,,,,,,,,,,,,,,,,,
,,,,,,,,,,,,,,,,,,,,,,,,,,,,,,,,,,,,,,,
,,,,,,,,,,,,,,,,,,,,,,,,,,,,,,,,,,,,,,,
,,,,,,,,,,,,,,,,,,,,,,,,,,,,,,,,,,,,,,,
,,,,,,,,,,,,,,,,,,,,,,,,,,,,,,,,,,,,,,,
,,,,,,,,,,,,,,,,,,,,,,,,,,,,,,,,,,,,,,,
,,,,,,,,,,,,,,,,,,,,,,,,,,,,,,,,,,,,,,,
,,,,,,,,,,,,,,,,,,,,,,,,,,,,,,,,,,,,,,,
,,,,,,,,,,,,,,,,,,,,,,,,,,,,,,,,,,,,,,,
,,,,,,,,,,,,,,,,,,,,,,,,,,,,,,,,,,,,,,,
,,,,,,,,,,,,,,,,,,,,,,,,,,,,,,,,,,,,,,,
,,,,,,,,,,,,,,,,,,,,,,,,,,,,,,,,,,,,,,,
,,,,,,,,,,,,,,,,,,,,,,,,,,,,,,,,,,,,,,,
,,,,,,,,,,,,,,,,,,,,,,,,,,,,,,,,,,,,,,,
,,,,,,,,,,,,,,,,,,,,,,,,,,,,,,,,,,,,,,,
,,,,,,,,,,,,,,,,,,,,,,,,,,,,,,,,,,,,,,,
,,,,,,,,,,,,,,,,,,,,,,,,,,,,,,,,,,,,,,,
,,,,,,,,,,,,,,,,,,,,,,,,,,,,,,,,,,,,,,,
,,,,,,,,,,,,,,,,,,,,,,,,,,,,,,,,,,,,,,,
,,,,,,,,,,,,,,,,,,,,,,,,,,,,,,,,,,,,,,,
,,,,,,,,,,,,,,,,,,,,,,,,,,,,,,,,,,,,,,,
,,,,,,,,,,,,,,,,,,,,,,,,,,,,,,,,,,,,,,,
,,,,,,,,,,,,,,,,,,,,,,,,,,,,,,,,,,,,,,,
,,,,,,,,,,,,,,,,,,,,,,,,,,,,,,,,,,,,,,,
,,,,,,,,,,,,,,,,,,,,,,,,,,,,,,,,,,,,,,,
,,,,,,,,,,,,,,,,,,,,,,,,,,,,,,,,,,,,,,,
,,,,,,,,,,,,,,,,,,,,,,,,,,,,,,,,,,,,,,,
,,,,,,,,,,,,,,,,,,,,,,,,,,,,,,,,,,,,,,,
,,,,,,,,,,,,,,,,,,,,,,,,,,,,,,,,,,,,,,,
,,,,,,,,,,,,,,,,,,,,,,,,,,,,,,,,,,,,,,,
,,,,,,,,,,,,,,,,,,,,,,,,,,,,,,,,,,,,,,,
,,,,,,,,,,,,,,,,,,,,,,,,,,,,,,,,,,,,,,,
,,,,,,,,,,,,,,,,,,,,,,,,,,,,,,,,,,,,,,,
,,,,,,,,,,,,,,,,,,,,,,,,,,,,,,,,,,,,,,,
,,,,,,,,,,,,,,,,,,,,,,,,,,,,,,,,,,,,,,,
,,,,,,,,,,,,,,,,,,,,,,,,,,,,,,,,,,,,,,,
,,,,,,,,,,,,,,,,,,,,,,,,,,,,,,,,,,,,,,,
,,,,,,,,,,,,,,,,,,,,,,,,,,,,,,,,,,,,,,,
,,,,,,,,,,,,,,,,,,,,,,,,,,,,,,,,,,,,,,,
,,,,,,,,,,,,,,,,,,,,,,,,,,,,,,,,,,,,,,,
,,,,,,,,,,,,,,,,,,,,,,,,,,,,,,,,,,,,,,,
,,,,,,,,,,,,,,,,,,,,,,,,,,,,,,,,,,,,,,,
,,,,,,,,,,,,,,,,,,,,,,,,,,,,,,,,,,,,,,,
,,,,,,,,,,,,,,,,,,,,,,,,,,,,,,,,,,,,,,,
,,,,,,,,,,,,,,,,,,,,,,,,,,,,,,,,,,,,,,,
,,,,,,,,,,,,,,,,,,,,,,,,,,,,,,,,,,,,,,,
,,,,,,,,,,,,,,,,,,,,,,,,,,,,,,,,,,,,,,,
,,,,,,,,,,,,,,,,,,,,,,,,,,,,,,,,,,,,,,,
,,,,,,,,,,,,,,,,,,,,,,,,,,,,,,,,,,,,,,,
,,,,,,,,,,,,,,,,,,,,,,,,,,,,,,,,,,,,,,,
,,,,,,,,,,,,,,,,,,,,,,,,,,,,,,,,,,,,,,,
,,,,,,,,,,,,,,,,,,,,,,,,,,,,,,,,,,,,,,,
,,,,,,,,,,,,,,,,,,,,,,,,,,,,,,,,,,,,,,,
,,,,,,,,,,,,,,,,,,,,,,,,,,,,,,,,,,,,,,,
,,,,,,,,,,,,,,,,,,,,,,,,,,,,,,,,,,,,,,,
,,,,,,,,,,,,,,,,,,,,,,,,,,,,,,,,,,,,,,,
,,,,,,,,,,,,,,,,,,,,,,,,,,,,,,,,,,,,,,,
,,,,,,,,,,,,,,,,,,,,,,,,,,,,,,,,,,,,,,,
,,,,,,,,,,,,,,,,,,,,,,,,,,,,,,,,,,,,,,,
,,,,,,,,,,,,,,,,,,,,,,,,,,,,,,,,,,,,,,,
,,,,,,,,,,,,,,,,,,,,,,,,,,,,,,,,,,,,,,,
,,,,,,,,,,,,,,,,,,,,,,,,,,,,,,,,,,,,,,,
,,,,,,,,,,,,,,,,,,,,,,,,,,,,,,,,,,,,,,,
,,,,,,,,,,,,,,,,,,,,,,,,,,,,,,,,,,,,,,,
,,,,,,,,,,,,,,,,,,,,,,,,,,,,,,,,,,,,,,,
,,,,,,,,,,,,,,,,,,,,,,,,,,,,,,,,,,,,,,,
,,,,,,,,,,,,,,,,,,,,,,,,,,,,,,,,,,,,,,,
,,,,,,,,,,,,,,,,,,,,,,,,,,,,,,,,,,,,,,,
,,,,,,,,,,,,,,,,,,,,,,,,,,,,,,,,,,,,,,,
,,,,,,,,,,,,,,,,,,,,,,,,,,,,,,,,,,,,,,,
,,,,,,,,,,,,,,,,,,,,,,,,,,,,,,,,,,,,,,,
,,,,,,,,,,,,,,,,,,,,,,,,,,,,,,,,,,,,,,,
,,,,,,,,,,,,,,,,,,,,,,,,,,,,,,,,,,,,,,,
,,,,,,,,,,,,,,,,,,,,,,,,,,,,,,,,,,,,,,,
,,,,,,,,,,,,,,,,,,,,,,,,,,,,,,,,,,,,,,,
,,,,,,,,,,,,,,,,,,,,,,,,,,,,,,,,,,,,,,,
,,,,,,,,,,,,,,,,,,,,,,,,,,,,,,,,,,,,,,,
,,,,,,,,,,,,,,,,,,,,,,,,,,,,,,,,,,,,,,,
,,,,,,,,,,,,,,,,,,,,,,,,,,,,,,,,,,,,,,,
,,,,,,,,,,,,,,,,,,,,,,,,,,,,,,,,,,,,,,,
,,,,,,,,,,,,,,,,,,,,,,,,,,,,,,,,,,,,,,,
,,,,,,,,,,,,,,,,,,,,,,,,,,,,,,,,,,,,,,,
,,,,,,,,,,,,,,,,,,,,,,,,,,,,,,,,,,,,,,,
,,,,,,,,,,,,,,,,,,,,,,,,,,,,,,,,,,,,,,,
,,,,,,,,,,,,,,,,,,,,,,,,,,,,,,,,,,,,,,,
,,,,,,,,,,,,,,,,,,,,,,,,,,,,,,,,,,,,,,,
,,,,,,,,,,,,,,,,,,,,,,,,,,,,,,,,,,,,,,,
,,,,,,,,,,,,,,,,,,,,,,,,,,,,,,,,,,,,,,,
,,,,,,,,,,,,,,,,,,,,,,,,,,,,,,,,,,,,,,,
,,,,,,,,,,,,,,,,,,,,,,,,,,,,,,,,,,,,,,,
,,,,,,,,,,,,,,,,,,,,,,,,,,,,,,,,,,,,,,,
,,,,,,,,,,,,,,,,,,,,,,,,,,,,,,,,,,,,,,,
,,,,,,,,,,,,,,,,,,,,,,,,,,,,,,,,,,,,,,,
,,,,,,,,,,,,,,,,,,,,,,,,,,,,,,,,,,,,,,,
,,,,,,,,,,,,,,,,,,,,,,,,,,,,,,,,,,,,,,,
,,,,,,,,,,,,,,,,,,,,,,,,,,,,,,,,,,,,,,,
,,,,,,,,,,,,,,,,,,,,,,,,,,,,,,,,,,,,,,,
,,,,,,,,,,,,,,,,,,,,,,,,,,,,,,,,,,,,,,,
,,,,,,,,,,,,,,,,,,,,,,,,,,,,,,,,,,,,,,,
Rabid Chicken Plate Gauntlets,,,6,143,100,0,1,50,6370,238,579,,,,,,,,,,,,,,,,,,75,,10,10,,,,,,0,LARM1399
,ARMS\general_suit_syoui_hand_m.txt,ARMS\general_suit_syoui_hand_w.txt,,143,20540,0,2,56,6344,238,579,,,,,,,,,,,,,15,1,,26,4,57,,76,14,,,,,,0,LARM1400
,ARMS\general_suit_tyuui_hand_m.txt,ARMS\general_suit_tyuui_hand_w.txt,,143,20540,0,2,56,6345,238,579,,,,,,,,,,,,,15,2,,26,6,57,,83,15,,,,,,0,LARM1401
,ARMS\general_suit_taii_hand_m.txt,ARMS\general_suit_taii_hand_w.txt,,143,20540,0,2,56,6346,238,579,,,,,,,,,,,,,15,3,,26,7,57,,90,16,,,,,,0,LARM1402
,,,,,,,,,,,,,,,,,,,,,,,,,,,,,,,,,,,,,,,
Infinity Void Gauntlets,ARMS\lv210_knighthand_m_white_1214_cr.txt,ARMS\lv210_knighthand01_??_white_1214_cr.txt,6,141,154400,0,7,88,6353,226,580,,,,,61,,,,,,,,,,,,,61,,158,36,,,,,,0,LARM1404
Great Berserker Gauntlets,ARMS\lv210_champhand_m_black_1214_cr.txt,ARMS\lv210_champhand01_f_black_1214_cr.txt,6,141,154400,0,5,88,6354,226,580,,,,,62,,,,,,,,,,,,,61,,155,36,,,,,,0,LARM1405
New Illumination Gloves,ARMS\lv210_clerichand_m_white_1214_cr.txt,ARMS\lv210_clerichandhand_f_white_1214_cr.txt,6,142,111900,0,2,98,6351,234,579,,,,,64,,,,,,,,,,,,,62,,123,34,,,,,,0,LARM1406
Fierce Calvary Gloves,ARMS\lv210_magicianhand_m_1214_cr.txt,ARMS\lv210_magicianhand_f_1214_cr.txt,6,142,111900,0,2,98,6352,234,579,,,,,63,,,,,,,,,,,,,62,,120,34,,,,,,0,LARM1407
Crimson Hunter Gloves,ARMS\lv210_Scouthand_m_red_1214_cr.txt,ARMS\lv210_Scouthand_f_red_1214_cr.txt,6,143,127300,0,3,98,6349,230,579,,,,,66,,,,,,,,,,,,,63,,129,31,,,,,,0,LARM1408
Enraged Hunter Gloves,ARMS\lv210_ladarhand_m_black_1214_cr.txt,ARMS\lv210_ladarhand_f_black_1214_cr.txt,6,143,127300,0,3,98,6350,230,579,,,,,65,,,,,,,,,,,,,63,,132,31,,,,,,0,LARM1409
Ruthless Financier Gloves,ARMS\lv210_bourgeoishand_m_white_1214_cr.txt,ARMS\lv210_bourgeoishand_f_white_1214_cr.txt,6,143,71150,0,2,89,6347,238,579,,,,,67,,,,,,,,,,,,,63,,133,30,,,,,,0,LARM1410
Empathic Craftsman Gloves,ARMS\lv210_artisanhand_m_black_1214_cr.txt,ARMS\lv210_artisanhand_f_white_1214_cr.txt,6,143,71150,0,2,89,6348,238,579,,,,,68,,,,,,,,,,,,,63,,130,30,,,,,,0,LARM1411
,,,,,,,,,,,,,,,,,,,,,,,,,,,,,,,,,,,,,,,
,,,,,,,,,,,,,,,,,,,,,,,,,,,,,,,,,,,,,,,
,,,,,,,,,,,,,,,,,,,,,,,,,,,,,,,,,,,,,,,
,,,,,,,,,,,,,,,,,,,,,,,,,,,,,,,,,,,,,,,
,,,,,,,,,,,,,,,,,,,,,,,,,,,,,,,,,,,,,,,
,,,,,,,,,,,,,,,,,,,,,,,,,,,,,,,,,,,,,,,
,,,,,,,,,,,,,,,,,,,,,,,,,,,,,,,,,,,,,,,
,,,,,,,,,,,,,,,,,,,,,,,,,,,,,,,,,,,,,,,
,,,,,,,,,,,,,,,,,,,,,,,,,,,,,,,,,,,,,,,
,,,,,,,,,,,,,,,,,,,,,,,,,,,,,,,,,,,,,,,
,,,,,,,,,,,,,,,,,,,,,,,,,,,,,,,,,,,,,,,
,,,,,,,,,,,,,,,,,,,,,,,,,,,,,,,,,,,,,,,
,,,,,,,,,,,,,,,,,,,,,,,,,,,,,,,,,,,,,,,
,,,,,,,,,,,,,,,,,,,,,,,,,,,,,,,,,,,,,,,
,,,,,,,,,,,,,,,,,,,,,,,,,,,,,,,,,,,,,,,
,,,,,,,,,,,,,,,,,,,,,,,,,,,,,,,,,,,,,,,
,,,,,,,,,,,,,,,,,,,,,,,,,,,,,,,,,,,,,,,
,,,,,,,,,,,,,,,,,,,,,,,,,,,,,,,,,,,,,,,
,,,,,,,,,,,,,,,,,,,,,,,,,,,,,,,,,,,,,,,
,,,,,,,,,,,,,,,,,,,,,,,,,,,,,,,,,,,,,,,
,,,,,,,,,,,,,,,,,,,,,,,,,,,,,,,,,,,,,,,
,,,,,,,,,,,,,,,,,,,,,,,,,,,,,,,,,,,,,,,
,,,,,,,,,,,,,,,,,,,,,,,,,,,,,,,,,,,,,,,
,,,,,,,,,,,,,,,,,,,,,,,,,,,,,,,,,,,,,,,
,,,,,,,,,,,,,,,,,,,,,,,,,,,,,,,,,,,,,,,
,,,,,,,,,,,,,,,,,,,,,,,,,,,,,,,,,,,,,,,
,,,,,,,,,,,,,,,,,,,,,,,,,,,,,,,,,,,,,,,
,,,,,,,,,,,,,,,,,,,,,,,,,,,,,,,,,,,,,,,
,,,,,,,,,,,,,,,,,,,,,,,,,,,,,,,,,,,,,,,
,,,,,,,,,,,,,,,,,,,,,,,,,,,,,,,,,,,,,,,
,,,,,,,,,,,,,,,,,,,,,,,,,,,,,,,,,,,,,,,
,,,,,,,,,,,,,,,,,,,,,,,,,,,,,,,,,,,,,,,
,,,,,,,,,,,,,,,,,,,,,,,,,,,,,,,,,,,,,,,
,,,,,,,,,,,,,,,,,,,,,,,,,,,,,,,,,,,,,,,
,,,,,,,,,,,,,,,,,,,,,,,,,,,,,,,,,,,,,,,
,,,,,,,,,,,,,,,,,,,,,,,,,,,,,,,,,,,,,,,
,,,,,,,,,,,,,,,,,,,,,,,,,,,,,,,,,,,,,,,
,,,,,,,,,,,,,,,,,,,,,,,,,,,,,,,,,,,,,,,
,,,,,,,,,,,,,,,,,,,,,,,,,,,,,,,,,,,,,,,
,,,,,,,,,,,,,,,,,,,,,,,,,,,,,,,,,,,,,,,
,,,,,,,,,,,,,,,,,,,,,,,,,,,,,,,,,,,,,,,
,,,,,,,,,,,,,,,,,,,,,,,,,,,,,,,,,,,,,,,
,,,,,,,,,,,,,,,,,,,,,,,,,,,,,,,,,,,,,,,
,,,,,,,,,,,,,,,,,,,,,,,,,,,,,,,,,,,,,,,
,,,,,,,,,,,,,,,,,,,,,,,,,,,,,,,,,,,,,,,
,,,,,,,,,,,,,,,,,,,,,,,,,,,,,,,,,,,,,,,
,,,,,,,,,,,,,,,,,,,,,,,,,,,,,,,,,,,,,,,
,,,,,,,,,,,,,,,,,,,,,,,,,,,,,,,,,,,,,,,
,,,,,,,,,,,,,,,,,,,,,,,,,,,,,,,,,,,,,,,
,,,,,,,,,,,,,,,,,,,,,,,,,,,,,,,,,,,,,,,
,,,,,,,,,,,,,,,,,,,,,,,,,,,,,,,,,,,,,,,
,,,,,,,,,,,,,,,,,,,,,,,,,,,,,,,,,,,,,,,
,,,,,,,,,,,,,,,,,,,,,,,,,,,,,,,,,,,,,,,
,,,,,,,,,,,,,,,,,,,,,,,,,,,,,,,,,,,,,,,
,,,,,,,,,,,,,,,,,,,,,,,,,,,,,,,,,,,,,,,
,,,,,,,,,,,,,,,,,,,,,,,,,,,,,,,,,,,,,,,
,,,,,,,,,,,,,,,,,,,,,,,,,,,,,,,,,,,,,,,
,,,,,,,,,,,,,,,,,,,,,,,,,,,,,,,,,,,,,,,
,,,,,,,,,,,,,,,,,,,,,,,,,,,,,,,,,,,,,,,
,,,,,,,,,,,,,,,,,,,,,,,,,,,,,,,,,,,,,,,
,,,,,,,,,,,,,,,,,,,,,,,,,,,,,,,,,,,,,,,
,,,,,,,,,,,,,,,,,,,,,,,,,,,,,,,,,,,,,,,
,,,,,,,,,,,,,,,,,,,,,,,,,,,,,,,,,,,,,,,
,,,,,,,,,,,,,,,,,,,,,,,,,,,,,,,,,,,,,,,
,,,,,,,,,,,,,,,,,,,,,,,,,,,,,,,,,,,,,,,
,,,,,,,,,,,,,,,,,,,,,,,,,,,,,,,,,,,,,,,
,,,,,,,,,,,,,,,,,,,,,,,,,,,,,,,,,,,,,,,
,,,,,,,,,,,,,,,,,,,,,,,,,,,,,,,,,,,,,,,
,,,,,,,,,,,,,,,,,,,,,,,,,,,,,,,,,,,,,,,
,,,,,,,,,,,,,,,,,,,,,,,,,,,,,,,,,,,,,,,
,,,,,,,,,,,,,,,,,,,,,,,,,,,,,,,,,,,,,,,
,,,,,,,,,,,,,,,,,,,,,,,,,,,,,,,,,,,,,,,
,,,,,,,,,,,,,,,,,,,,,,,,,,,,,,,,,,,,,,,
,,,,,,,,,,,,,,,,,,,,,,,,,,,,,,,,,,,,,,,
,,,,,,,,,,,,,,,,,,,,,,,,,,,,,,,,,,,,,,,
,,,,,,,,,,,,,,,,,,,,,,,,,,,,,,,,,,,,,,,
,,,,,,,,,,,,,,,,,,,,,,,,,,,,,,,,,,,,,,,
,,,,,,,,,,,,,,,,,,,,,,,,,,,,,,,,,,,,,,,
,,,,,,,,,,,,,,,,,,,,,,,,,,,,,,,,,,,,,,,
,,,,,,,,,,,,,,,,,,,,,,,,,,,,,,,,,,,,,,,
,,,,,,,,,,,,,,,,,,,,,,,,,,,,,,,,,,,,,,,
,,,,,,,,,,,,,,,,,,,,,,,,,,,,,,,,,,,,,,,
,,,,,,,,,,,,,,,,,,,,,,,,,,,,,,,,,,,,,,,
,,,,,,,,,,,,,,,,,,,,,,,,,,,,,,,,,,,,,,,
,,,,,,,,,,,,,,,,,,,,,,,,,,,,,,,,,,,,,,,
,,,,,,,,,,,,,,,,,,,,,,,,,,,,,,,,,,,,,,,
,,,,,,,,,,,,,,,,,,,,,,,,,,,,,,,,,,,,,,,
,,,,,,,,,,,,,,,,,,,,,,,,,,,,,,,,,,,,,,,
Soldier Gauntlets,,,6,141,0,0,5,80,6128,230,579,,,,,41,,,31,120,,,,,,,,,34,,19,5,,,1,,,23,LARM1500
Hawker Gloves,,,6,143,0,0,3,80,6132,230,579,,,,,43,,,31,120,,,,,,,,,34,,16,8,,,2,,,23,LARM1501
Muse Gloves,,,6,142,0,0,2,80,6141,230,579,,,,,42,,,31,120,,,,,,,,,34,,18,6,,,3,,,23,LARM1502
Dealer Gloves,,,6,143,0,0,2,80,6145,230,579,,,,,44,,,31,120,,,,,,,,,34,,17,6,,,4,,,23,LARM1503
,,,,,,,,,,,,,,,,,,,,,,,,,,,,,,,,,,,,,,,
Harbinger Gauntlets,ARMS\arm1_soldier_master.txt,ARMS\arm2_soldier_master.txt,,141,384415,0,5,60,9598,226,580,,,,,51,,,140,15,,,,151,1,,,,70,,93,26,,,,,,4,LARM53
Harbinger Gauntlets,ARMS\arm1_soldier_master.txt,ARMS\arm2_soldier_master.txt,,141,399877,0,5,60,9598,226,580,,,,,51,,,140,20,,,,151,1,,,,70,,98,32,,,,,,8,LARM53
Herald of War Gauntlets of Resilence,ARMS\arm1_soldier_raid.txt,ARMS\arm2_soldier_raid.txt,9,141,375545,0,5,61,9602,226,580,,,,,51,,,140,10,,,,10,5,,24,8,75,0,96,23,,,,,,,LARM1507
Herald of War Gauntlets of Agility,ARMS\arm1_soldier_raid.txt,ARMS\arm2_soldier_raid.txt,9,141,375545,0,5,61,9602,226,580,,,,,51,,,140,10,,,,11,5,,24,8,75,0,96,23,,,,,,,LARM1508
Herald of War Gauntlets of Faith,ARMS\arm1_soldier_raid.txt,ARMS\arm2_soldier_raid.txt,9,141,375545,0,5,61,9602,226,580,,,,,51,,,140,10,,,,12,5,,24,8,75,0,96,23,,,,,,,LARM1509
Herald of War Gauntlets of Precision,ARMS\arm1_soldier_raid.txt,ARMS\arm2_soldier_raid.txt,9,141,375545,0,5,61,9602,226,580,,,,,51,,,140,10,,,,13,5,,24,8,75,0,96,23,,,,,,,LARM1510
Herald of War Gauntlets of Virtue,ARMS\arm1_soldier_raid.txt,ARMS\arm2_soldier_raid.txt,9,141,375545,0,5,61,9602,226,580,,,,,51,,,140,10,,,,14,5,,24,8,75,0,96,23,,,,,,,LARM1511
Herald of War Gauntlets of Sharpness,ARMS\arm1_soldier_raid.txt,ARMS\arm2_soldier_raid.txt,9,141,375545,0,5,61,9602,226,580,,,,,51,,,140,10,,,,15,5,,24,8,75,0,96,23,,,,,,,LARM1512
Herald of War Gauntlets of Resiliance,ARMS\arm1_soldier_raid.txt,ARMS\arm2_soldier_raid.txt,9,141,391002,0,5,61,9602,226,580,,,,,51,,,140,15,,,,10,7,,24,12,75,0,102,29,,,,,,4,LARM1507
Herald of War Gauntlets of Agility,ARMS\arm1_soldier_raid.txt,ARMS\arm2_soldier_raid.txt,9,141,391002,0,5,61,9602,226,580,,,,,51,,,140,15,,,,11,7,,24,12,75,0,102,29,,,,,,4,LARM1508
Herald of War Gauntlets of Faith,ARMS\arm1_soldier_raid.txt,ARMS\arm2_soldier_raid.txt,9,141,391002,0,5,61,9602,226,580,,,,,51,,,140,15,,,,12,7,,24,12,75,0,102,29,,,,,,4,LARM1509
Herald of War Gauntlets of Precision,ARMS\arm1_soldier_raid.txt,ARMS\arm2_soldier_raid.txt,9,141,391002,0,5,61,9602,226,580,,,,,51,,,140,15,,,,13,7,,24,12,75,0,102,29,,,,,,4,LARM1510
Herald of War Gauntlets of Virtue,ARMS\arm1_soldier_raid.txt,ARMS\arm2_soldier_raid.txt,9,141,391002,0,5,61,9602,226,580,,,,,51,,,140,15,,,,14,7,,24,12,75,0,102,29,,,,,,4,LARM1511
Herald of War Gauntlets of Sharpness,ARMS\arm1_soldier_raid.txt,ARMS\arm2_soldier_raid.txt,9,141,391002,0,5,61,9602,226,580,,,,,51,,,140,15,,,,15,7,,24,12,75,0,102,29,,,,,,4,LARM1512
Herald of War Gauntlets of Resilience,ARMS\arm1_soldier_raid.txt,ARMS\arm2_soldier_raid.txt,9,141,409554,0,5,61,9602,226,580,,,,,51,,,140,20,,,,10,10,,24,15,75,0,108,35,,,,,,8,LARM1507
Herald of War Gauntlets of Agility,ARMS\arm1_soldier_raid.txt,ARMS\arm2_soldier_raid.txt,9,141,409554,0,5,61,9602,226,580,,,,,51,,,140,20,,,,11,10,,24,15,75,0,108,35,,,,,,8,LARM1508
Herald of War Gauntlets of Faith,ARMS\arm1_soldier_raid.txt,ARMS\arm2_soldier_raid.txt,9,141,409554,0,5,61,9602,226,580,,,,,51,,,140,20,,,,12,10,,24,15,75,0,108,35,,,,,,8,LARM1509
Herald of War Gauntlets of Precision,ARMS\arm1_soldier_raid.txt,ARMS\arm2_soldier_raid.txt,9,141,409554,0,5,61,9602,226,580,,,,,51,,,140,20,,,,13,10,,24,15,75,0,108,35,,,,,,8,LARM1510
Herald of War Gauntlets of Virtue,ARMS\arm1_soldier_raid.txt,ARMS\arm2_soldier_raid.txt,9,141,409554,0,5,61,9602,226,580,,,,,51,,,140,20,,,,14,10,,24,15,75,0,108,35,,,,,,8,LARM1511
Herald of War Gauntlets of Sharpness,ARMS\arm1_soldier_raid.txt,ARMS\arm2_soldier_raid.txt,9,141,409554,0,5,61,9602,226,580,,,,,51,,,140,20,,,,15,10,,24,15,75,0,108,35,,,,,,8,LARM1512
Magus Gloves,ARMS\arm1_muse_master.txt,ARMS\arm2_muse_master.txt,,142,405487,0,2,80,9599,234,579,,,,,52,,,140,15,,,,151,1,,,,69,,71,29,,,,,,4,LARM83
Magus Gloves,ARMS\arm1_muse_master.txt,ARMS\arm2_muse_master.txt,,142,425477,0,2,80,9599,234,579,,,,,52,,,140,20,,,,151,1,,,,69,,76,33,,,,,,8,LARM83
Ancient Druid Gloves of Resilience,ARMS\arm1_muse_raid.txt,ARMS\arm2_muse_raid.txt,9,142,399874,0,2,81,9603,234,579,,,,,52,,,140,10,,,,10,5,,62,20,75,0,76,30,,,,,,,LARM1527
Ancient Druid Gloves of Agility,ARMS\arm1_muse_raid.txt,ARMS\arm2_muse_raid.txt,9,142,399874,0,2,81,9603,234,579,,,,,52,,,140,10,,,,11,5,,62,20,75,0,76,30,,,,,,,LARM1528
Ancient Druid Gloves of Faith,ARMS\arm1_muse_raid.txt,ARMS\arm2_muse_raid.txt,9,142,399874,0,2,81,9603,234,579,,,,,52,,,140,10,,,,12,5,,62,20,75,0,76,30,,,,,,,LARM1529
Ancient Druid Gloves of Precision,ARMS\arm1_muse_raid.txt,ARMS\arm2_muse_raid.txt,9,142,399874,0,2,81,9603,234,579,,,,,52,,,140,10,,,,13,5,,62,20,75,0,76,30,,,,,,,LARM1530
Ancient Druid Gloves of Virtue,ARMS\arm1_muse_raid.txt,ARMS\arm2_muse_raid.txt,9,142,399874,0,2,81,9603,234,579,,,,,52,,,140,10,,,,14,5,,62,20,75,0,76,30,,,,,,,LARM1531
Ancient Druid Gloves of Sharpness,ARMS\arm1_muse_raid.txt,ARMS\arm2_muse_raid.txt,9,142,399874,0,2,81,9603,234,579,,,,,52,,,140,10,,,,15,5,,62,20,75,0,76,30,,,,,,,LARM1532
Ancient Druid Gloves of Resilience,ARMS\arm1_muse_raid.txt,ARMS\arm2_muse_raid.txt,9,142,411532,0,2,81,9603,234,579,,,,,52,,,140,15,,,,10,7,,62,30,75,0,82,36,,,,,,4,LARM1527
Ancient Druid Gloves of Agility,ARMS\arm1_muse_raid.txt,ARMS\arm2_muse_raid.txt,9,142,411532,0,2,81,9603,234,579,,,,,52,,,140,15,,,,11,7,,62,30,75,0,82,36,,,,,,4,LARM1528
Ancient Druid Gloves of Faith,ARMS\arm1_muse_raid.txt,ARMS\arm2_muse_raid.txt,9,142,411532,0,2,81,9603,234,579,,,,,52,,,140,15,,,,12,7,,62,30,75,0,82,36,,,,,,4,LARM1529
Ancient Druid Gloves of Precision,ARMS\arm1_muse_raid.txt,ARMS\arm2_muse_raid.txt,9,142,411532,0,2,81,9603,234,579,,,,,52,,,140,15,,,,13,7,,62,30,75,0,82,36,,,,,,4,LARM1530
Ancient Druid Gloves of Virtue,ARMS\arm1_muse_raid.txt,ARMS\arm2_muse_raid.txt,9,142,411532,0,2,81,9603,234,579,,,,,52,,,140,15,,,,14,7,,62,30,75,0,82,36,,,,,,4,LARM1531
Ancient Druid Gloves of Sharpness,ARMS\arm1_muse_raid.txt,ARMS\arm2_muse_raid.txt,9,142,411532,0,2,81,9603,234,579,,,,,52,,,140,15,,,,15,7,,62,30,75,0,82,36,,,,,,4,LARM1532
Ancient Druid Gloves of Resilience,ARMS\arm1_muse_raid.txt,ARMS\arm2_muse_raid.txt,9,142,433688,0,2,81,9603,234,579,,,,,52,,,140,20,,,,10,10,,62,40,75,0,88,42,,,,,,8,LARM1527
Ancient Druid Gloves of Agility,ARMS\arm1_muse_raid.txt,ARMS\arm2_muse_raid.txt,9,142,433688,0,2,81,9603,234,579,,,,,52,,,140,20,,,,11,10,,62,40,75,0,88,42,,,,,,8,LARM1528
Ancient Druid Gloves of Faith,ARMS\arm1_muse_raid.txt,ARMS\arm2_muse_raid.txt,9,142,433688,0,2,81,9603,234,579,,,,,52,,,140,20,,,,12,10,,62,40,75,0,88,42,,,,,,8,LARM1529
Ancient Druid Gloves of Precision,ARMS\arm1_muse_raid.txt,ARMS\arm2_muse_raid.txt,9,142,433688,0,2,81,9603,234,579,,,,,52,,,140,20,,,,13,10,,62,40,75,0,88,42,,,,,,8,LARM1530
Ancient Druid Gloves of Virtue,ARMS\arm1_muse_raid.txt,ARMS\arm2_muse_raid.txt,9,142,433688,0,2,81,9603,234,579,,,,,52,,,140,20,,,,14,10,,62,40,75,0,88,42,,,,,,8,LARM1531
Ancient Druid Gloves of Sharpness,ARMS\arm1_muse_raid.txt,ARMS\arm2_muse_raid.txt,9,142,433688,0,2,81,9603,234,579,,,,,52,,,140,20,,,,15,10,,62,40,75,0,88,42,,,,,,8,LARM1532
Rogue's Gloves,ARMS\arm1_hawker_master.txt,ARMS\arm2_hawker_master.txt,,143,324515,0,3,77,9600,230,579,,,,,53,,,140,15,,,,151,1,,,,69,,91,32,,,,,,4,LARM113
Rogue's Gloves,ARMS\arm1_hawker_master.txt,ARMS\arm2_hawker_master.txt,,143,349957,0,3,77,9600,230,579,,,,,53,,,140,20,,,,151,1,,,,69,,96,36,,,,,,8,LARM113
Shadow Strider Gloves of Resilience,ARMS\arm1_hawker_raid.txt,ARMS\arm2_hawker_raid.txt,9,143,331145,0,3,76,9604,230,579,,,,,53,,,140,10,,,,10,5,,24,10,75,0,94,30,,,,,,,LARM1547
Shadow Strider Gloves of Agility,ARMS\arm1_hawker_raid.txt,ARMS\arm2_hawker_raid.txt,9,143,331145,0,3,76,9604,230,579,,,,,53,,,140,10,,,,11,5,,24,10,75,0,94,30,,,,,,,LARM1548
Shadow Strider Gloves of Faith,ARMS\arm1_hawker_raid.txt,ARMS\arm2_hawker_raid.txt,9,143,331145,0,3,76,9604,230,579,,,,,53,,,140,10,,,,12,5,,24,10,75,0,94,30,,,,,,,LARM1549
Shadow Strider Gloves of Precision,ARMS\arm1_hawker_raid.txt,ARMS\arm2_hawker_raid.txt,9,143,331145,0,3,76,9604,230,579,,,,,53,,,140,10,,,,13,5,,24,10,75,0,94,30,,,,,,,LARM1550
Shadow Strider Gloves of Virtue,ARMS\arm1_hawker_raid.txt,ARMS\arm2_hawker_raid.txt,9,143,331145,0,3,76,9604,230,579,,,,,53,,,140,10,,,,14,5,,24,10,75,0,94,30,,,,,,,LARM1551
Shadow Strider Gloves of Sharpness,ARMS\arm1_hawker_raid.txt,ARMS\arm2_hawker_raid.txt,9,143,331145,0,3,76,9604,230,579,,,,,53,,,140,10,,,,15,5,,24,10,75,0,94,30,,,,,,,LARM1552
Shadow Strider Gloves of Resilience,ARMS\arm1_hawker_raid.txt,ARMS\arm2_hawker_raid.txt,9,143,355411,0,3,76,9604,230,579,,,,,53,,,140,15,,,,10,7,,24,18,75,0,100,36,,,,,,4,LARM1547
Shadow Strider Gloves of Agility,ARMS\arm1_hawker_raid.txt,ARMS\arm2_hawker_raid.txt,9,143,355411,0,3,76,9604,230,579,,,,,53,,,140,15,,,,11,7,,24,18,75,0,100,36,,,,,,4,LARM1548
Shadow Strider Gloves of Faith,ARMS\arm1_hawker_raid.txt,ARMS\arm2_hawker_raid.txt,9,143,355411,0,3,76,9604,230,579,,,,,53,,,140,15,,,,12,7,,24,18,75,0,100,36,,,,,,4,LARM1549
Shadow Strider Gloves of Precision,ARMS\arm1_hawker_raid.txt,ARMS\arm2_hawker_raid.txt,9,143,355411,0,3,76,9604,230,579,,,,,53,,,140,15,,,,13,7,,24,18,75,0,100,36,,,,,,4,LARM1550
Shadow Strider Gloves of Virtue,ARMS\arm1_hawker_raid.txt,ARMS\arm2_hawker_raid.txt,9,143,355411,0,3,76,9604,230,579,,,,,53,,,140,15,,,,14,7,,24,18,75,0,100,36,,,,,,4,LARM1551
Shadow Strider Gloves of Sharpness,ARMS\arm1_hawker_raid.txt,ARMS\arm2_hawker_raid.txt,9,143,355411,0,3,76,9604,230,579,,,,,53,,,140,15,,,,15,7,,24,18,75,0,100,36,,,,,,4,LARM1552
Shadow Strider Gloves of Resilience,ARMS\arm1_hawker_raid.txt,ARMS\arm2_hawker_raid.txt,9,143,379814,0,3,76,9604,230,579,,,,,53,,,140,20,,,,10,10,,24,25,75,0,106,42,,,,,,8,LARM1547
Shadow Strider Gloves of Agility,ARMS\arm1_hawker_raid.txt,ARMS\arm2_hawker_raid.txt,9,143,379814,0,3,76,9604,230,579,,,,,53,,,140,20,,,,11,10,,24,25,75,0,106,42,,,,,,8,LARM1548
Shadow Strider Gloves of Faith,ARMS\arm1_hawker_raid.txt,ARMS\arm2_hawker_raid.txt,9,143,379814,0,3,76,9604,230,579,,,,,53,,,140,20,,,,12,10,,24,25,75,0,106,42,,,,,,8,LARM1549
Shadow Strider Gloves of Precision,ARMS\arm1_hawker_raid.txt,ARMS\arm2_hawker_raid.txt,9,143,379814,0,3,76,9604,230,579,,,,,53,,,140,20,,,,13,10,,24,25,75,0,106,42,,,,,,8,LARM1550
Shadow Strider Gloves of Virtue,ARMS\arm1_hawker_raid.txt,ARMS\arm2_hawker_raid.txt,9,143,379814,0,3,76,9604,230,579,,,,,53,,,140,20,,,,14,10,,24,25,75,0,106,42,,,,,,8,LARM1551
Shadow Strider Gloves of Sharpness,ARMS\arm1_hawker_raid.txt,ARMS\arm2_hawker_raid.txt,9,143,379814,0,3,76,9604,230,579,,,,,53,,,140,20,,,,15,10,,24,25,75,0,106,42,,,,,,8,LARM1552
Judgement Gloves,ARMS\arm1_dealer_master.txt,ARMS\arm2_dealer_master.txt,,143,391154,0,2,79,9601,238,579,,,,,54,,,140,15,,,,151,1,,,,69,,88,32,,,,,,4,LARM143
Judgement Gloves,ARMS\arm1_dealer_master.txt,ARMS\arm2_dealer_master.txt,,143,401540,0,2,79,9601,238,579,,,,,54,,,140,20,,,,151,1,,,,69,,93,36,,,,,,8,LARM143
Wealthful Courtier's Gloves of Resilience,ARMS\arm1_dealer_raid.txt,ARMS\arm2_dealer_raid.txt,9,143,399984,0,2,78,9605,238,579,,,,,54,,,140,10,,,,10,4,,24,8,75,0,92,30,,,,,,,LARM1567
Wealthful Courtier's Gloves of Agility,ARMS\arm1_dealer_raid.txt,ARMS\arm2_dealer_raid.txt,9,143,399984,0,2,78,9605,238,579,,,,,54,,,140,10,,,,11,4,,24,8,75,0,92,30,,,,,,,LARM1568
Wealthful Courtier's Gloves of Faith,ARMS\arm1_dealer_raid.txt,ARMS\arm2_dealer_raid.txt,9,143,399984,0,2,78,9605,238,579,,,,,54,,,140,10,,,,12,4,,24,8,75,0,92,30,,,,,,,LARM1569
Wealthful Courtier's Gloves of Precision,ARMS\arm1_dealer_raid.txt,ARMS\arm2_dealer_raid.txt,9,143,399984,0,2,78,9605,238,579,,,,,54,,,140,10,,,,13,4,,24,8,75,0,92,30,,,,,,,LARM1570
Wealthful Courtier's Gloves of Virtue,ARMS\arm1_dealer_raid.txt,ARMS\arm2_dealer_raid.txt,9,143,399984,0,2,78,9605,238,579,,,,,54,,,140,10,,,,14,4,,24,8,75,0,92,30,,,,,,,LARM1571
Wealthful Courtier's Gloves of Sharpness,ARMS\arm1_dealer_raid.txt,ARMS\arm2_dealer_raid.txt,9,143,399984,0,2,78,9605,238,579,,,,,54,,,140,10,,,,15,4,,24,8,75,0,92,30,,,,,,,LARM1572
Wealthful Courtier's Gloves of Resilience,ARMS\arm1_dealer_raid.txt,ARMS\arm2_dealer_raid.txt,9,143,421157,0,2,78,9605,238,579,,,,,54,,,140,15,,,,10,6,,24,12,75,0,98,36,,,,,,4,LARM1567
Wealthful Courtier's Gloves of Agility,ARMS\arm1_dealer_raid.txt,ARMS\arm2_dealer_raid.txt,9,143,421157,0,2,78,9605,238,579,,,,,54,,,140,15,,,,11,6,,24,12,75,0,98,36,,,,,,4,LARM1568
Wealthful Courtier's Gloves of Faith,ARMS\arm1_dealer_raid.txt,ARMS\arm2_dealer_raid.txt,9,143,421157,0,2,78,9605,238,579,,,,,54,,,140,15,,,,12,6,,24,12,75,0,98,36,,,,,,4,LARM1569
Wealthful Courtier's Gloves of Precision,ARMS\arm1_dealer_raid.txt,ARMS\arm2_dealer_raid.txt,9,143,421157,0,2,78,9605,238,579,,,,,54,,,140,15,,,,13,6,,24,12,75,0,98,36,,,,,,4,LARM1570
Wealthful Courtier's Gloves of Virtue,ARMS\arm1_dealer_raid.txt,ARMS\arm2_dealer_raid.txt,9,143,421157,0,2,78,9605,238,579,,,,,54,,,140,15,,,,14,6,,24,12,75,0,98,36,,,,,,4,LARM1571
Wealthful Courtier's Gloves of Sharpness,ARMS\arm1_dealer_raid.txt,ARMS\arm2_dealer_raid.txt,9,143,421157,0,2,78,9605,238,579,,,,,54,,,140,15,,,,15,6,,24,12,75,0,98,36,,,,,,4,LARM1572
Wealthful Courtier's Gloves of Resilience,ARMS\arm1_dealer_raid.txt,ARMS\arm2_dealer_raid.txt,9,143,447884,0,2,78,9605,238,579,,,,,54,,,140,20,,,,10,9,,24,15,75,0,104,42,,,,,,8,LARM1567
Wealthful Courtier's Gloves of Agility,ARMS\arm1_dealer_raid.txt,ARMS\arm2_dealer_raid.txt,9,143,447884,0,2,78,9605,238,579,,,,,54,,,140,20,,,,11,9,,24,15,75,0,104,42,,,,,,8,LARM1568
Wealthful Courtier's Gloves of Faith,ARMS\arm1_dealer_raid.txt,ARMS\arm2_dealer_raid.txt,9,143,447884,0,2,78,9605,238,579,,,,,54,,,140,20,,,,12,9,,24,15,75,0,104,42,,,,,,8,LARM1569
Wealthful Courtier's Gloves of Precision,ARMS\arm1_dealer_raid.txt,ARMS\arm2_dealer_raid.txt,9,143,447884,0,2,78,9605,238,579,,,,,54,,,140,20,,,,13,9,,24,15,75,0,104,42,,,,,,8,LARM1570
Wealthful Courtier's Gloves of Virtue,ARMS\arm1_dealer_raid.txt,ARMS\arm2_dealer_raid.txt,9,143,447884,0,2,78,9605,238,579,,,,,54,,,140,20,,,,14,9,,24,15,75,0,104,42,,,,,,8,LARM1571
Wealthful Courtier's Gloves of Sharpness,ARMS\arm1_dealer_raid.txt,ARMS\arm2_dealer_raid.txt,9,143,447884,0,2,78,9605,238,579,,,,,54,,,140,20,,,,15,9,,24,15,75,0,104,42,,,,,,8,LARM1572
,,,,,,,,,,,,,,,,,,,,,,,,,,,,,,,,,,,,,,,
,,,,,,,,,,,,,,,,,,,,,,,,,,,,,,,,,,,,,,,
,,,,,,,,,,,,,,,,,,,,,,,,,,,,,,,,,,,,,,,
,,,,,,,,,,,,,,,,,,,,,,,,,,,,,,,,,,,,,,,
,,,,,,,,,,,,,,,,,,,,,,,,,,,,,,,,,,,,,,,
,,,,,,,,,,,,,,,,,,,,,,,,,,,,,,,,,,,,,,,
,,,,,,,,,,,,,,,,,,,,,,,,,,,,,,,,,,,,,,,
,,,,,,,,,,,,,,,,,,,,,,,,,,,,,,,,,,,,,,,
,,,,,,,,,,,,,,,,,,,,,,,,,,,,,,,,,,,,,,,
,,,,,,,,,,,,,,,,,,,,,,,,,,,,,,,,,,,,,,,
,,,,,,,,,,,,,,,,,,,,,,,,,,,,,,,,,,,,,,,
,,,,,,,,,,,,,,,,,,,,,,,,,,,,,,,,,,,,,,,
,,,,,,,,,,,,,,,,,,,,,,,,,,,,,,,,,,,,,,,
,,,,,,,,,,,,,,,,,,,,,,,,,,,,,,,,,,,,,,,
,,,,,,,,,,,,,,,,,,,,,,,,,,,,,,,,,,,,,,,
,,,,,,,,,,,,,,,,,,,,,,,,,,,,,,,,,,,,,,,
,,,,,,,,,,,,,,,,,,,,,,,,,,,,,,,,,,,,,,,
,,,,,,,,,,,,,,,,,,,,,,,,,,,,,,,,,,,,,,,
,,,,,,,,,,,,,,,,,,,,,,,,,,,,,,,,,,,,,,,
,,,,,,,,,,,,,,,,,,,,,,,,,,,,,,,,,,,,,,,
,,,,,,,,,,,,,,,,,,,,,,,,,,,,,,,,,,,,,,,
,,,,,,,,,,,,,,,,,,,,,,,,,,,,,,,,,,,,,,,
,,,,,,,,,,,,,,,,,,,,,,,,,,,,,,,,,,,,,,,
,,,,,,,,,,,,,,,,,,,,,,,,,,,,,,,,,,,,,,,
,,,,,,,,,,,,,,,,,,,,,,,,,,,,,,,,,,,,,,,
,,,,,,,,,,,,,,,,,,,,,,,,,,,,,,,,,,,,,,,
,,,,,,,,,,,,,,,,,,,,,,,,,,,,,,,,,,,,,,,
,,,,,,,,,,,,,,,,,,,,,,,,,,,,,,,,,,,,,,,
,,,,,,,,,,,,,,,,,,,,,,,,,,,,,,,,,,,,,,,
,,,,,,,,,,,,,,,,,,,,,,,,,,,,,,,,,,,,,,,
,,,,,,,,,,,,,,,,,,,,,,,,,,,,,,,,,,,,,,,
,,,,,,,,,,,,,,,,,,,,,,,,,,,,,,,,,,,,,,,
,,,,,,,,,,,,,,,,,,,,,,,,,,,,,,,,,,,,,,,
,,,,,,,,,,,,,,,,,,,,,,,,,,,,,,,,,,,,,,,
,,,,,,,,,,,,,,,,,,,,,,,,,,,,,,,,,,,,,,,
,,,,,,,,,,,,,,,,,,,,,,,,,,,,,,,,,,,,,,,
,,,,,,,,,,,,,,,,,,,,,,,,,,,,,,,,,,,,,,,
,,,,,,,,,,,,,,,,,,,,,,,,,,,,,,,,,,,,,,,
,,,,,,,,,,,,,,,,,,,,,,,,,,,,,,,,,,,,,,,
,,,,,,,,,,,,,,,,,,,,,,,,,,,,,,,,,,,,,,,
,,,,,,,,,,,,,,,,,,,,,,,,,,,,,,,,,,,,,,,
,,,,,,,,,,,,,,,,,,,,,,,,,,,,,,,,,,,,,,,
,,,,,,,,,,,,,,,,,,,,,,,,,,,,,,,,,,,,,,,
,,,,,,,,,,,,,,,,,,,,,,,,,,,,,,,,,,,,,,,
,,,,,,,,,,,,,,,,,,,,,,,,,,,,,,,,,,,,,,,
,,,,,,,,,,,,,,,,,,,,,,,,,,,,,,,,,,,,,,,
,,,,,,,,,,,,,,,,,,,,,,,,,,,,,,,,,,,,,,,
,,,,,,,,,,,,,,,,,,,,,,,,,,,,,,,,,,,,,,,
,,,,,,,,,,,,,,,,,,,,,,,,,,,,,,,,,,,,,,,
,,,,,,,,,,,,,,,,,,,,,,,,,,,,,,,,,,,,,,,
,,,,,,,,,,,,,,,,,,,,,,,,,,,,,,,,,,,,,,,
,,,,,,,,,,,,,,,,,,,,,,,,,,,,,,,,,,,,,,,
,,,,,,,,,,,,,,,,,,,,,,,,,,,,,,,,,,,,,,,
,,,,,,,,,,,,,,,,,,,,,,,,,,,,,,,,,,,,,,,
,,,,,,,,,,,,,,,,,,,,,,,,,,,,,,,,,,,,,,,
,,,,,,,,,,,,,,,,,,,,,,,,,,,,,,,,,,,,,,,
,,,,,,,,,,,,,,,,,,,,,,,,,,,,,,,,,,,,,,,
,,,,,,,,,,,,,,,,,,,,,,,,,,,,,,,,,,,,,,,
,,,,,,,,,,,,,,,,,,,,,,,,,,,,,,,,,,,,,,,
,,,,,,,,,,,,,,,,,,,,,,,,,,,,,,,,,,,,,,,
,,,,,,,,,,,,,,,,,,,,,,,,,,,,,,,,,,,,,,,
,,,,,,,,,,,,,,,,,,,,,,,,,,,,,,,,,,,,,,,
,,,,,,,,,,,,,,,,,,,,,,,,,,,,,,,,,,,,,,,
,,,,,,,,,,,,,,,,,,,,,,,,,,,,,,,,,,,,,,,
,,,,,,,,,,,,,,,,,,,,,,,,,,,,,,,,,,,,,,,
,,,,,,,,,,,,,,,,,,,,,,,,,,,,,,,,,,,,,,,
,,,,,,,,,,,,,,,,,,,,,,,,,,,,,,,,,,,,,,,
,,,,,,,,,,,,,,,,,,,,,,,,,,,,,,,,,,,,,,,
,,,,,,,,,,,,,,,,,,,,,,,,,,,,,,,,,,,,,,,
,,,,,,,,,,,,,,,,,,,,,,,,,,,,,,,,,,,,,,,
,,,,,,,,,,,,,,,,,,,,,,,,,,,,,,,,,,,,,,,
,,,,,,,,,,,,,,,,,,,,,,,,,,,,,,,,,,,,,,,
,,,,,,,,,,,,,,,,,,,,,,,,,,,,,,,,,,,,,,,
,,,,,,,,,,,,,,,,,,,,,,,,,,,,,,,,,,,,,,,
,,,,,,,,,,,,,,,,,,,,,,,,,,,,,,,,,,,,,,,
,,,,,,,,,,,,,,,,,,,,,,,,,,,,,,,,,,,,,,,
,,,,,,,,,,,,,,,,,,,,,,,,,,,,,,,,,,,,,,,
,,,,,,,,,,,,,,,,,,,,,,,,,,,,,,,,,,,,,,,
,,,,,,,,,,,,,,,,,,,,,,,,,,,,,,,,,,,,,,,
,,,,,,,,,,,,,,,,,,,,,,,,,,,,,,,,,,,,,,,
,,,,,,,,,,,,,,,,,,,,,,,,,,,,,,,,,,,,,,,
,,,,,,,,,,,,,,,,,,,,,,,,,,,,,,,,,,,,,,,
,,,,,,,,,,,,,,,,,,,,,,,,,,,,,,,,,,,,,,,
,,,,,,,,,,,,,,,,,,,,,,,,,,,,,,,,,,,,,,,
,,,,,,,,,,,,,,,,,,,,,,,,,,,,,,,,,,,,,,,
,,,,,,,,,,,,,,,,,,,,,,,,,,,,,,,,,,,,,,,
,,,,,,,,,,,,,,,,,,,,,,,,,,,,,,,,,,,,,,,
,,,,,,,,,,,,,,,,,,,,,,,,,,,,,,,,,,,,,,,
,,,,,,,,,,,,,,,,,,,,,,,,,,,,,,,,,,,,,,,
,,,,,,,,,,,,,,,,,,,,,,,,,,,,,,,,,,,,,,,
,,,,,,,,,,,,,,,,,,,,,,,,,,,,,,,,,,,,,,,
,,,,,,,,,,,,,,,,,,,,,,,,,,,,,,,,,,,,,,,
,,,,,,,,,,,,,,,,,,,,,,,,,,,,,,,,,,,,,,,
,,,,,,,,,,,,,,,,,,,,,,,,,,,,,,,,,,,,,,,
,,,,,,,,,,,,,,,,,,,,,,,,,,,,,,,,,,,,,,,
,,,,,,,,,,,,,,,,,,,,,,,,,,,,,,,,,,,,,,,
,,,,,,,,,,,,,,,,,,,,,,,,,,,,,,,,,,,,,,,
,,,,,,,,,,,,,,,,,,,,,,,,,,,,,,,,,,,,,,,
,,,,,,,,,,,,,,,,,,,,,,,,,,,,,,,,,,,,,,,
,,,,,,,,,,,,,,,,,,,,,,,,,,,,,,,,,,,,,,,
,,,,,,,,,,,,,,,,,,,,,,,,,,,,,,,,,,,,,,,
,,,,,,,,,,,,,,,,,,,,,,,,,,,,,,,,,,,,,,,
,,,,,,,,,,,,,,,,,,,,,,,,,,,,,,,,,,,,,,,
,,,,,,,,,,,,,,,,,,,,,,,,,,,,,,,,,,,,,,,
,,,,,,,,,,,,,,,,,,,,,,,,,,,,,,,,,,,,,,,
,,,,,,,,,,,,,,,,,,,,,,,,,,,,,,,,,,,,,,,
,,,,,,,,,,,,,,,,,,,,,,,,,,,,,,,,,,,,,,,
,,,,,,,,,,,,,,,,,,,,,,,,,,,,,,,,,,,,,,,
,,,,,,,,,,,,,,,,,,,,,,,,,,,,,,,,,,,,,,,
,,,,,,,,,,,,,,,,,,,,,,,,,,,,,,,,,,,,,,,
,,,,,,,,,,,,,,,,,,,,,,,,,,,,,,,,,,,,,,,
,,,,,,,,,,,,,,,,,,,,,,,,,,,,,,,,,,,,,,,
,,,,,,,,,,,,,,,,,,,,,,,,,,,,,,,,,,,,,,,
,,,,,,,,,,,,,,,,,,,,,,,,,,,,,,,,,,,,,,,
,,,,,,,,,,,,,,,,,,,,,,,,,,,,,,,,,,,,,,,
,,,,,,,,,,,,,,,,,,,,,,,,,,,,,,,,,,,,,,,
,,,,,,,,,,,,,,,,,,,,,,,,,,,,,,,,,,,,,,,
,,,,,,,,,,,,,,,,,,,,,,,,,,,,,,,,,,,,,,,
,,,,,,,,,,,,,,,,,,,,,,,,,,,,,,,,,,,,,,,
,,,,,,,,,,,,,,,,,,,,,,,,,,,,,,,,,,,,,,,
,,,,,,,,,,,,,,,,,,,,,,,,,,,,,,,,,,,,,,,
,,,,,,,,,,,,,,,,,,,,,,,,,,,,,,,,,,,,,,,
,,,,,,,,,,,,,,,,,,,,,,,,,,,,,,,,,,,,,,,
,,,,,,,,,,,,,,,,,,,,,,,,,,,,,,,,,,,,,,,
,,,,,,,,,,,,,,,,,,,,,,,,,,,,,,,,,,,,,,,
,,,,,,,,,,,,,,,,,,,,,,,,,,,,,,,,,,,,,,,
,,,,,,,,,,,,,,,,,,,,,,,,,,,,,,,,,,,,,,,
,,,,,,,,,,,,,,,,,,,,,,,,,,,,,,,,,,,,,,,
,,,,,,,,,,,,,,,,,,,,,,,,,,,,,,,,,,,,,,,
,,,,,,,,,,,,,,,,,,,,,,,,,,,,,,,,,,,,,,,
,,,,,,,,,,,,,,,,,,,,,,,,,,,,,,,,,,,,,,,
,,,,,,,,,,,,,,,,,,,,,,,,,,,,,,,,,,,,,,,
,,,,,,,,,,,,,,,,,,,,,,,,,,,,,,,,,,,,,,,
,,,,,,,,,,,,,,,,,,,,,,,,,,,,,,,,,,,,,,,
,,,,,,,,,,,,,,,,,,,,,,,,,,,,,,,,,,,,,,,
,,,,,,,,,,,,,,,,,,,,,,,,,,,,,,,,,,,,,,,
,,,,,,,,,,,,,,,,,,,,,,,,,,,,,,,,,,,,,,,
,,,,,,,,,,,,,,,,,,,,,,,,,,,,,,,,,,,,,,,
,,,,,,,,,,,,,,,,,,,,,,,,,,,,,,,,,,,,,,,
,,,,,,,,,,,,,,,,,,,,,,,,,,,,,,,,,,,,,,,
,,,,,,,,,,,,,,,,,,,,,,,,,,,,,,,,,,,,,,,
,,,,,,,,,,,,,,,,,,,,,,,,,,,,,,,,,,,,,,,
,,,,,,,,,,,,,,,,,,,,,,,,,,,,,,,,,,,,,,,
,,,,,,,,,,,,,,,,,,,,,,,,,,,,,,,,,,,,,,,
,,,,,,,,,,,,,,,,,,,,,,,,,,,,,,,,,,,,,,,
,,,,,,,,,,,,,,,,,,,,,,,,,,,,,,,,,,,,,,,
,,,,,,,,,,,,,,,,,,,,,,,,,,,,,,,,,,,,,,,
,,,,,,,,,,,,,,,,,,,,,,,,,,,,,,,,,,,,,,,
,,,,,,,,,,,,,,,,,,,,,,,,,,,,,,,,,,,,,,,
,,,,,,,,,,,,,,,,,,,,,,,,,,,,,,,,,,,,,,,
,,,,,,,,,,,,,,,,,,,,,,,,,,,,,,,,,,,,,,,
,,,,,,,,,,,,,,,,,,,,,,,,,,,,,,,,,,,,,,,
,,,,,,,,,,,,,,,,,,,,,,,,,,,,,,,,,,,,,,,
,,,,,,,,,,,,,,,,,,,,,,,,,,,,,,,,,,,,,,,
,,,,,,,,,,,,,,,,,,,,,,,,,,,,,,,,,,,,,,,
,,,,,,,,,,,,,,,,,,,,,,,,,,,,,,,,,,,,,,,
,,,,,,,,,,,,,,,,,,,,,,,,,,,,,,,,,,,,,,,
,,,,,,,,,,,,,,,,,,,,,,,,,,,,,,,,,,,,,,,
,,,,,,,,,,,,,,,,,,,,,,,,,,,,,,,,,,,,,,,
,,,,,,,,,,,,,,,,,,,,,,,,,,,,,,,,,,,,,,,
,,,,,,,,,,,,,,,,,,,,,,,,,,,,,,,,,,,,,,,
,,,,,,,,,,,,,,,,,,,,,,,,,,,,,,,,,,,,,,,
,,,,,,,,,,,,,,,,,,,,,,,,,,,,,,,,,,,,,,,
,,,,,,,,,,,,,,,,,,,,,,,,,,,,,,,,,,,,,,,
,,,,,,,,,,,,,,,,,,,,,,,,,,,,,,,,,,,,,,,
,,,,,,,,,,,,,,,,,,,,,,,,,,,,,,,,,,,,,,,
,,,,,,,,,,,,,,,,,,,,,,,,,,,,,,,,,,,,,,,
,,,,,,,,,,,,,,,,,,,,,,,,,,,,,,,,,,,,,,,
,,,,,,,,,,,,,,,,,,,,,,,,,,,,,,,,,,,,,,,
,,,,,,,,,,,,,,,,,,,,,,,,,,,,,,,,,,,,,,,
,,,,,,,,,,,,,,,,,,,,,,,,,,,,,,,,,,,,,,,
,,,,,,,,,,,,,,,,,,,,,,,,,,,,,,,,,,,,,,,
,,,,,,,,,,,,,,,,,,,,,,,,,,,,,,,,,,,,,,,
,,,,,,,,,,,,,,,,,,,,,,,,,,,,,,,,,,,,,,,
,,,,,,,,,,,,,,,,,,,,,,,,,,,,,,,,,,,,,,,
,,,,,,,,,,,,,,,,,,,,,,,,,,,,,,,,,,,,,,,
,,,,,,,,,,,,,,,,,,,,,,,,,,,,,,,,,,,,,,,
,,,,,,,,,,,,,,,,,,,,,,,,,,,,,,,,,,,,,,,
,,,,,,,,,,,,,,,,,,,,,,,,,,,,,,,,,,,,,,,
,,,,,,,,,,,,,,,,,,,,,,,,,,,,,,,,,,,,,,,
,,,,,,,,,,,,,,,,,,,,,,,,,,,,,,,,,,,,,,,
,,,,,,,,,,,,,,,,,,,,,,,,,,,,,,,,,,,,,,,
,,,,,,,,,,,,,,,,,,,,,,,,,,,,,,,,,,,,,,,
,,,,,,,,,,,,,,,,,,,,,,,,,,,,,,,,,,,,,,,
,,,,,,,,,,,,,,,,,,,,,,,,,,,,,,,,,,,,,,,
,,,,,,,,,,,,,,,,,,,,,,,,,,,,,,,,,,,,,,,
,,,,,,,,,,,,,,,,,,,,,,,,,,,,,,,,,,,,,,,
,,,,,,,,,,,,,,,,,,,,,,,,,,,,,,,,,,,,,,,
,,,,,,,,,,,,,,,,,,,,,,,,,,,,,,,,,,,,,,,
,,,,,,,,,,,,,,,,,,,,,,,,,,,,,,,,,,,,,,,
,,,,,,,,,,,,,,,,,,,,,,,,,,,,,,,,,,,,,,,
,,,,,,,,,,,,,,,,,,,,,,,,,,,,,,,,,,,,,,,
,,,,,,,,,,,,,,,,,,,,,,,,,,,,,,,,,,,,,,,
,,,,,,,,,,,,,,,,,,,,,,,,,,,,,,,,,,,,,,,
,,,,,,,,,,,,,,,,,,,,,,,,,,,,,,,,,,,,,,,
,,,,,,,,,,,,,,,,,,,,,,,,,,,,,,,,,,,,,,,
,,,,,,,,,,,,,,,,,,,,,,,,,,,,,,,,,,,,,,,
,,,,,,,,,,,,,,,,,,,,,,,,,,,,,,,,,,,,,,,
,,,,,,,,,,,,,,,,,,,,,,,,,,,,,,,,,,,,,,,
,,,,,,,,,,,,,,,,,,,,,,,,,,,,,,,,,,,,,,,
,,,,,,,,,,,,,,,,,,,,,,,,,,,,,,,,,,,,,,,
,,,,,,,,,,,,,,,,,,,,,,,,,,,,,,,,,,,,,,,
,,,,,,,,,,,,,,,,,,,,,,,,,,,,,,,,,,,,,,,
,,,,,,,,,,,,,,,,,,,,,,,,,,,,,,,,,,,,,,,
,,,,,,,,,,,,,,,,,,,,,,,,,,,,,,,,,,,,,,,
,,,,,,,,,,,,,,,,,,,,,,,,,,,,,,,,,,,,,,,
,,,,,,,,,,,,,,,,,,,,,,,,,,,,,,,,,,,,,,,
,,,,,,,,,,,,,,,,,,,,,,,,,,,,,,,,,,,,,,,
,,,,,,,,,,,,,,,,,,,,,,,,,,,,,,,,,,,,,,,
,,,,,,,,,,,,,,,,,,,,,,,,,,,,,,,,,,,,,,,
,,,,,,,,,,,,,,,,,,,,,,,,,,,,,,,,,,,,,,,
,,,,,,,,,,,,,,,,,,,,,,,,,,,,,,,,,,,,,,,
,,,,,,,,,,,,,,,,,,,,,,,,,,,,,,,,,,,,,,,
,,,,,,,,,,,,,,,,,,,,,,,,,,,,,,,,,,,,,,,
,,,,,,,,,,,,,,,,,,,,,,,,,,,,,,,,,,,,,,,
,,,,,,,,,,,,,,,,,,,,,,,,,,,,,,,,,,,,,,,
,,,,,,,,,,,,,,,,,,,,,,,,,,,,,,,,,,,,,,,
,,,,,,,,,,,,,,,,,,,,,,,,,,,,,,,,,,,,,,,
,,,,,,,,,,,,,,,,,,,,,,,,,,,,,,,,,,,,,,,
,,,,,,,,,,,,,,,,,,,,,,,,,,,,,,,,,,,,,,,
,,,,,,,,,,,,,,,,,,,,,,,,,,,,,,,,,,,,,,,
,,,,,,,,,,,,,,,,,,,,,,,,,,,,,,,,,,,,,,,
,,,,,,,,,,,,,,,,,,,,,,,,,,,,,,,,,,,,,,,
,,,,,,,,,,,,,,,,,,,,,,,,,,,,,,,,,,,,,,,
,,,,,,,,,,,,,,,,,,,,,,,,,,,,,,,,,,,,,,,
,,,,,,,,,,,,,,,,,,,,,,,,,,,,,,,,,,,,,,,
,,,,,,,,,,,,,,,,,,,,,,,,,,,,,,,,,,,,,,,
,,,,,,,,,,,,,,,,,,,,,,,,,,,,,,,,,,,,,,,
,,,,,,,,,,,,,,,,,,,,,,,,,,,,,,,,,,,,,,,
,,,,,,,,,,,,,,,,,,,,,,,,,,,,,,,,,,,,,,,
,,,,,,,,,,,,,,,,,,,,,,,,,,,,,,,,,,,,,,,
,,,,,,,,,,,,,,,,,,,,,,,,,,,,,,,,,,,,,,,
,,,,,,,,,,,,,,,,,,,,,,,,,,,,,,,,,,,,,,,
,,,,,,,,,,,,,,,,,,,,,,,,,,,,,,,,,,,,,,,
,,,,,,,,,,,,,,,,,,,,,,,,,,,,,,,,,,,,,,,
,,,,,,,,,,,,,,,,,,,,,,,,,,,,,,,,,,,,,,,
,,,,,,,,,,,,,,,,,,,,,,,,,,,,,,,,,,,,,,,
,,,,,,,,,,,,,,,,,,,,,,,,,,,,,,,,,,,,,,,
,,,,,,,,,,,,,,,,,,,,,,,,,,,,,,,,,,,,,,,
,,,,,,,,,,,,,,,,,,,,,,,,,,,,,,,,,,,,,,,
,,,,,,,,,,,,,,,,,,,,,,,,,,,,,,,,,,,,,,,
,,,,,,,,,,,,,,,,,,,,,,,,,,,,,,,,,,,,,,,
,,,,,,,,,,,,,,,,,,,,,,,,,,,,,,,,,,,,,,,
,,,,,,,,,,,,,,,,,,,,,,,,,,,,,,,,,,,,,,,
,,,,,,,,,,,,,,,,,,,,,,,,,,,,,,,,,,,,,,,
,,,,,,,,,,,,,,,,,,,,,,,,,,,,,,,,,,,,,,,
,,,,,,,,,,,,,,,,,,,,,,,,,,,,,,,,,,,,,,,
,,,,,,,,,,,,,,,,,,,,,,,,,,,,,,,,,,,,,,,
,,,,,,,,,,,,,,,,,,,,,,,,,,,,,,,,,,,,,,,
,,,,,,,,,,,,,,,,,,,,,,,,,,,,,,,,,,,,,,,
,,,,,,,,,,,,,,,,,,,,,,,,,,,,,,,,,,,,,,,
,,,,,,,,,,,,,,,,,,,,,,,,,,,,,,,,,,,,,,,
,,,,,,,,,,,,,,,,,,,,,,,,,,,,,,,,,,,,,,,
,,,,,,,,,,,,,,,,,,,,,,,,,,,,,,,,,,,,,,,
,,,,,,,,,,,,,,,,,,,,,,,,,,,,,,,,,,,,,,,
,,,,,,,,,,,,,,,,,,,,,,,,,,,,,,,,,,,,,,,
,,,,,,,,,,,,,,,,,,,,,,,,,,,,,,,,,,,,,,,
,,,,,,,,,,,,,,,,,,,,,,,,,,,,,,,,,,,,,,,
,,,,,,,,,,,,,,,,,,,,,,,,,,,,,,,,,,,,,,,
,,,,,,,,,,,,,,,,,,,,,,,,,,,,,,,,,,,,,,,
,,,,,,,,,,,,,,,,,,,,,,,,,,,,,,,,,,,,,,,
,,,,,,,,,,,,,,,,,,,,,,,,,,,,,,,,,,,,,,,
,,,,,,,,,,,,,,,,,,,,,,,,,,,,,,,,,,,,,,,
,,,,,,,,,,,,,,,,,,,,,,,,,,,,,,,,,,,,,,,
,,,,,,,,,,,,,,,,,,,,,,,,,,,,,,,,,,,,,,,
,,,,,,,,,,,,,,,,,,,,,,,,,,,,,,,,,,,,,,,
,,,,,,,,,,,,,,,,,,,,,,,,,,,,,,,,,,,,,,,
,,,,,,,,,,,,,,,,,,,,,,,,,,,,,,,,,,,,,,,
,,,,,,,,,,,,,,,,,,,,,,,,,,,,,,,,,,,,,,,
,,,,,,,,,,,,,,,,,,,,,,,,,,,,,,,,,,,,,,,
,,,,,,,,,,,,,,,,,,,,,,,,,,,,,,,,,,,,,,,
,,,,,,,,,,,,,,,,,,,,,,,,,,,,,,,,,,,,,,,
,,,,,,,,,,,,,,,,,,,,,,,,,,,,,,,,,,,,,,,
,,,,,,,,,,,,,,,,,,,,,,,,,,,,,,,,,,,,,,,
,,,,,,,,,,,,,,,,,,,,,,,,,,,,,,,,,,,,,,,
,,,,,,,,,,,,,,,,,,,,,,,,,,,,,,,,,,,,,,,
,,,,,,,,,,,,,,,,,,,,,,,,,,,,,,,,,,,,,,,
,,,,,,,,,,,,,,,,,,,,,,,,,,,,,,,,,,,,,,,
,,,,,,,,,,,,,,,,,,,,,,,,,,,,,,,,,,,,,,,
,,,,,,,,,,,,,,,,,,,,,,,,,,,,,,,,,,,,,,,
,,,,,,,,,,,,,,,,,,,,,,,,,,,,,,,,,,,,,,,
,,,,,,,,,,,,,,,,,,,,,,,,,,,,,,,,,,,,,,,
,,,,,,,,,,,,,,,,,,,,,,,,,,,,,,,,,,,,,,,
,,,,,,,,,,,,,,,,,,,,,,,,,,,,,,,,,,,,,,,
,,,,,,,,,,,,,,,,,,,,,,,,,,,,,,,,,,,,,,,
,,,,,,,,,,,,,,,,,,,,,,,,,,,,,,,,,,,,,,,
,,,,,,,,,,,,,,,,,,,,,,,,,,,,,,,,,,,,,,,
,,,,,,,,,,,,,,,,,,,,,,,,,,,,,,,,,,,,,,,
,,,,,,,,,,,,,,,,,,,,,,,,,,,,,,,,,,,,,,,
,,,,,,,,,,,,,,,,,,,,,,,,,,,,,,,,,,,,,,,
,,,,,,,,,,,,,,,,,,,,,,,,,,,,,,,,,,,,,,,
,,,,,,,,,,,,,,,,,,,,,,,,,,,,,,,,,,,,,,,
,,,,,,,,,,,,,,,,,,,,,,,,,,,,,,,,,,,,,,,
,,,,,,,,,,,,,,,,,,,,,,,,,,,,,,,,,,,,,,,
,,,,,,,,,,,,,,,,,,,,,,,,,,,,,,,,,,,,,,,
,,,,,,,,,,,,,,,,,,,,,,,,,,,,,,,,,,,,,,,
,,,,,,,,,,,,,,,,,,,,,,,,,,,,,,,,,,,,,,,
,,,,,,,,,,,,,,,,,,,,,,,,,,,,,,,,,,,,,,,
,,,,,,,,,,,,,,,,,,,,,,,,,,,,,,,,,,,,,,,
,,,,,,,,,,,,,,,,,,,,,,,,,,,,,,,,,,,,,,,
,,,,,,,,,,,,,,,,,,,,,,,,,,,,,,,,,,,,,,,
,,,,,,,,,,,,,,,,,,,,,,,,,,,,,,,,,,,,,,,
,,,,,,,,,,,,,,,,,,,,,,,,,,,,,,,,,,,,,,,
,,,,,,,,,,,,,,,,,,,,,,,,,,,,,,,,,,,,,,,
,,,,,,,,,,,,,,,,,,,,,,,,,,,,,,,,,,,,,,,
,,,,,,,,,,,,,,,,,,,,,,,,,,,,,,,,,,,,,,,
,,,,,,,,,,,,,,,,,,,,,,,,,,,,,,,,,,,,,,,
,,,,,,,,,,,,,,,,,,,,,,,,,,,,,,,,,,,,,,,
,,,,,,,,,,,,,,,,,,,,,,,,,,,,,,,,,,,,,,,
,,,,,,,,,,,,,,,,,,,,,,,,,,,,,,,,,,,,,,,
,,,,,,,,,,,,,,,,,,,,,,,,,,,,,,,,,,,,,,,
,,,,,,,,,,,,,,,,,,,,,,,,,,,,,,,,,,,,,,,
,,,,,,,,,,,,,,,,,,,,,,,,,,,,,,,,,,,,,,,
,,,,,,,,,,,,,,,,,,,,,,,,,,,,,,,,,,,,,,,
,,,,,,,,,,,,,,,,,,,,,,,,,,,,,,,,,,,,,,,
,,,,,,,,,,,,,,,,,,,,,,,,,,,,,,,,,,,,,,,
,,,,,,,,,,,,,,,,,,,,,,,,,,,,,,,,,,,,,,,
,,,,,,,,,,,,,,,,,,,,,,,,,,,,,,,,,,,,,,,
,,,,,,,,,,,,,,,,,,,,,,,,,,,,,,,,,,,,,,,
,,,,,,,,,,,,,,,,,,,,,,,,,,,,,,,,,,,,,,,
,,,,,,,,,,,,,,,,,,,,,,,,,,,,,,,,,,,,,,,
,,,,,,,,,,,,,,,,,,,,,,,,,,,,,,,,,,,,,,,
,,,,,,,,,,,,,,,,,,,,,,,,,,,,,,,,,,,,,,,
,,,,,,,,,,,,,,,,,,,,,,,,,,,,,,,,,,,,,,,
,,,,,,,,,,,,,,,,,,,,,,,,,,,,,,,,,,,,,,,
,,,,,,,,,,,,,,,,,,,,,,,,,,,,,,,,,,,,,,,
,,,,,,,,,,,,,,,,,,,,,,,,,,,,,,,,,,,,,,,
,,,,,,,,,,,,,,,,,,,,,,,,,,,,,,,,,,,,,,,
,,,,,,,,,,,,,,,,,,,,,,,,,,,,,,,,,,,,,,,
,,,,,,,,,,,,,,,,,,,,,,,,,,,,,,,,,,,,,,,
,,,,,,,,,,,,,,,,,,,,,,,,,,,,,,,,,,,,,,,
,,,,,,,,,,,,,,,,,,,,,,,,,,,,,,,,,,,,,,,
,,,,,,,,,,,,,,,,,,,,,,,,,,,,,,,,,,,,,,,
,,,,,,,,,,,,,,,,,,,,,,,,,,,,,,,,,,,,,,,
,,,,,,,,,,,,,,,,,,,,,,,,,,,,,,,,,,,,,,,
,,,,,,,,,,,,,,,,,,,,,,,,,,,,,,,,,,,,,,,
,,,,,,,,,,,,,,,,,,,,,,,,,,,,,,,,,,,,,,,
,,,,,,,,,,,,,,,,,,,,,,,,,,,,,,,,,,,,,,,
,,,,,,,,,,,,,,,,,,,,,,,,,,,,,,,,,,,,,,,
,,,,,,,,,,,,,,,,,,,,,,,,,,,,,,,,,,,,,,,
,,,,,,,,,,,,,,,,,,,,,,,,,,,,,,,,,,,,,,,
,,,,,,,,,,,,,,,,,,,,,,,,,,,,,,,,,,,,,,,
,,,,,,,,,,,,,,,,,,,,,,,,,,,,,,,,,,,,,,,
,,,,,,,,,,,,,,,,,,,,,,,,,,,,,,,,,,,,,,,
,,,,,,,,,,,,,,,,,,,,,,,,,,,,,,,,,,,,,,,
,,,,,,,,,,,,,,,,,,,,,,,,,,,,,,,,,,,,,,,
,,,,,,,,,,,,,,,,,,,,,,,,,,,,,,,,,,,,,,,
,,,,,,,,,,,,,,,,,,,,,,,,,,,,,,,,,,,,,,,
,,,,,,,,,,,,,,,,,,,,,,,,,,,,,,,,,,,,,,,
,,,,,,,,,,,,,,,,,,,,,,,,,,,,,,,,,,,,,,,
,,,,,,,,,,,,,,,,,,,,,,,,,,,,,,,,,,,,,,,
,,,,,,,,,,,,,,,,,,,,,,,,,,,,,,,,,,,,,,,
,,,,,,,,,,,,,,,,,,,,,,,,,,,,,,,,,,,,,,,
,,,,,,,,,,,,,,,,,,,,,,,,,,,,,,,,,,,,,,,
,,,,,,,,,,,,,,,,,,,,,,,,,,,,,,,,,,,,,,,
,,,,,,,,,,,,,,,,,,,,,,,,,,,,,,,,,,,,,,,
,,,,,,,,,,,,,,,,,,,,,,,,,,,,,,,,,,,,,,,
,,,,,,,,,,,,,,,,,,,,,,,,,,,,,,,,,,,,,,,
,,,,,,,,,,,,,,,,,,,,,,,,,,,,,,,,,,,,,,,
,,,,,,,,,,,,,,,,,,,,,,,,,,,,,,,,,,,,,,,
,,,,,,,,,,,,,,,,,,,,,,,,,,,,,,,,,,,,,,,
,,,,,,,,,,,,,,,,,,,,,,,,,,,,,,,,,,,,,,,
,,,,,,,,,,,,,,,,,,,,,,,,,,,,,,,,,,,,,,,
,,,,,,,,,,,,,,,,,,,,,,,,,,,,,,,,,,,,,,,
,,,,,,,,,,,,,,,,,,,,,,,,,,,,,,,,,,,,,,,
,,,,,,,,,,,,,,,,,,,,,,,,,,,,,,,,,,,,,,,
,,,,,,,,,,,,,,,,,,,,,,,,,,,,,,,,,,,,,,,
,,,,,,,,,,,,,,,,,,,,,,,,,,,,,,,,,,,,,,,
,,,,,,,,,,,,,,,,,,,,,,,,,,,,,,,,,,,,,,,
,,,,,,,,,,,,,,,,,,,,,,,,,,,,,,,,,,,,,,,
,,,,,,,,,,,,,,,,,,,,,,,,,,,,,,,,,,,,,,,
,,,,,,,,,,,,,,,,,,,,,,,,,,,,,,,,,,,,,,,
,,,,,,,,,,,,,,,,,,,,,,,,,,,,,,,,,,,,,,,
,,,,,,,,,,,,,,,,,,,,,,,,,,,,,,,,,,,,,,,
,,,,,,,,,,,,,,,,,,,,,,,,,,,,,,,,,,,,,,,
,,,,,,,,,,,,,,,,,,,,,,,,,,,,,,,,,,,,,,,
,,,,,,,,,,,,,,,,,,,,,,,,,,,,,,,,,,,,,,,
,,,,,,,,,,,,,,,,,,,,,,,,,,,,,,,,,,,,,,,
,,,,,,,,,,,,,,,,,,,,,,,,,,,,,,,,,,,,,,,
,,,,,,,,,,,,,,,,,,,,,,,,,,,,,,,,,,,,,,,
,,,,,,,,,,,,,,,,,,,,,,,,,,,,,,,,,,,,,,,
,,,,,,,,,,,,,,,,,,,,,,,,,,,,,,,,,,,,,,,
,,,,,,,,,,,,,,,,,,,,,,,,,,,,,,,,,,,,,,,
,,,,,,,,,,,,,,,,,,,,,,,,,,,,,,,,,,,,,,,
,,,,,,,,,,,,,,,,,,,,,,,,,,,,,,,,,,,,,,,
,,,,,,,,,,,,,,,,,,,,,,,,,,,,,,,,,,,,,,,
,,,,,,,,,,,,,,,,,,,,,,,,,,,,,,,,,,,,,,,
,,,,,,,,,,,,,,,,,,,,,,,,,,,,,,,,,,,,,,,
,,,,,,,,,,,,,,,,,,,,,,,,,,,,,,,,,,,,,,,
,,,,,,,,,,,,,,,,,,,,,,,,,,,,,,,,,,,,,,,
,,,,,,,,,,,,,,,,,,,,,,,,,,,,,,,,,,,,,,,
,,,,,,,,,,,,,,,,,,,,,,,,,,,,,,,,,,,,,,,
,,,,,,,,,,,,,,,,,,,,,,,,,,,,,,,,,,,,,,,
,,,,,,,,,,,,,,,,,,,,,,,,,,,,,,,,,,,,,,,
,,,,,,,,,,,,,,,,,,,,,,,,,,,,,,,,,,,,,,,
,,,,,,,,,,,,,,,,,,,,,,,,,,,,,,,,,,,,,,,
,,,,,,,,,,,,,,,,,,,,,,,,,,,,,,,,,,,,,,,
,,,,,,,,,,,,,,,,,,,,,,,,,,,,,,,,,,,,,,,
,,,,,,,,,,,,,,,,,,,,,,,,,,,,,,,,,,,,,,,
,,,,,,,,,,,,,,,,,,,,,,,,,,,,,,,,,,,,,,,
,,,,,,,,,,,,,,,,,,,,,,,,,,,,,,,,,,,,,,,
,,,,,,,,,,,,,,,,,,,,,,,,,,,,,,,,,,,,,,,
,,,,,,,,,,,,,,,,,,,,,,,,,,,,,,,,,,,,,,,
,,,,,,,,,,,,,,,,,,,,,,,,,,,,,,,,,,,,,,,
,,,,,,,,,,,,,,,,,,,,,,,,,,,,,,,,,,,,,,,
,,,,,,,,,,,,,,,,,,,,,,,,,,,,,,,,,,,,,,,
,,,,,,,,,,,,,,,,,,,,,,,,,,,,,,,,,,,,,,,
,,,,,,,,,,,,,,,,,,,,,,,,,,,,,,,,,,,,,,,
,,,,,,,,,,,,,,,,,,,,,,,,,,,,,,,,,,,,,,,
,,,,,,,,,,,,,,,,,,,,,,,,,,,,,,,,,,,,,,,
,,,,,,,,,,,,,,,,,,,,,,,,,,,,,,,,,,,,,,,
,,,,,,,,,,,,,,,,,,,,,,,,,,,,,,,,,,,,,,,
,,,,,,,,,,,,,,,,,,,,,,,,,,,,,,,,,,,,,,,
,,,,,,,,,,,,,,,,,,,,,,,,,,,,,,,,,,,,,,,
,,,,,,,,,,,,,,,,,,,,,,,,,,,,,,,,,,,,,,,
,,,,,,,,,,,,,,,,,,,,,,,,,,,,,,,,,,,,,,,
,,,,,,,,,,,,,,,,,,,,,,,,,,,,,,,,,,,,,,,
,,,,,,,,,,,,,,,,,,,,,,,,,,,,,,,,,,,,,,,
,,,,,,,,,,,,,,,,,,,,,,,,,,,,,,,,,,,,,,,
,,,,,,,,,,,,,,,,,,,,,,,,,,,,,,,,,,,,,,,
,,,,,,,,,,,,,,,,,,,,,,,,,,,,,,,,,,,,,,,
,,,,,,,,,,,,,,,,,,,,,,,,,,,,,,,,,,,,,,,
,,,,,,,,,,,,,,,,,,,,,,,,,,,,,,,,,,,,,,,
,,,,,,,,,,,,,,,,,,,,,,,,,,,,,,,,,,,,,,,
,,,,,,,,,,,,,,,,,,,,,,,,,,,,,,,,,,,,,,,
,,,,,,,,,,,,,,,,,,,,,,,,,,,,,,,,,,,,,,,
,,,,,,,,,,,,,,,,,,,,,,,,,,,,,,,,,,,,,,,
,,,,,,,,,,,,,,,,,,,,,,,,,,,,,,,,,,,,,,,
,,,,,,,,,,,,,,,,,,,,,,,,,,,,,,,,,,,,,,,
,,,,,,,,,,,,,,,,,,,,,,,,,,,,,,,,,,,,,,,
,,,,,,,,,,,,,,,,,,,,,,,,,,,,,,,,,,,,,,,
,,,,,,,,,,,,,,,,,,,,,,,,,,,,,,,,,,,,,,,
,,,,,,,,,,,,,,,,,,,,,,,,,,,,,,,,,,,,,,,
,,,,,,,,,,,,,,,,,,,,,,,,,,,,,,,,,,,,,,,
,,,,,,,,,,,,,,,,,,,,,,,,,,,,,,,,,,,,,,,
,,,,,,,,,,,,,,,,,,,,,,,,,,,,,,,,,,,,,,,
,,,,,,,,,,,,,,,,,,,,,,,,,,,,,,,,,,,,,,,
,,,,,,,,,,,,,,,,,,,,,,,,,,,,,,,,,,,,,,,
,,,,,,,,,,,,,,,,,,,,,,,,,,,,,,,,,,,,,,,
,,,,,,,,,,,,,,,,,,,,,,,,,,,,,,,,,,,,,,,
,,,,,,,,,,,,,,,,,,,,,,,,,,,,,,,,,,,,,,,
,,,,,,,,,,,,,,,,,,,,,,,,,,,,,,,,,,,,,,,
,,,,,,,,,,,,,,,,,,,,,,,,,,,,,,,,,,,,,,,
,,,,,,,,,,,,,,,,,,,,,,,,,,,,,,,,,,,,,,,
,,,,,,,,,,,,,,,,,,,,,,,,,,,,,,,,,,,,,,,
,,,,,,,,,,,,,,,,,,,,,,,,,,,,,,,,,,,,,,,
,,,,,,,,,,,,,,,,,,,,,,,,,,,,,,,,,,,,,,,
,,,,,,,,,,,,,,,,,,,,,,,,,,,,,,,,,,,,,,,
,,,,,,,,,,,,,,,,,,,,,,,,,,,,,,,,,,,,,,,
,,,,,,,,,,,,,,,,,,,,,,,,,,,,,,,,,,,,,,,
,,,,,,,,,,,,,,,,,,,,,,,,,,,,,,,,,,,,,,,
,,,,,,,,,,,,,,,,,,,,,,,,,,,,,,,,,,,,,,,
,,,,,,,,,,,,,,,,,,,,,,,,,,,,,,,,,,,,,,,
,,,,,,,,,,,,,,,,,,,,,,,,,,,,,,,,,,,,,,,
,,,,,,,,,,,,,,,,,,,,,,,,,,,,,,,,,,,,,,,
,,,,,,,,,,,,,,,,,,,,,,,,,,,,,,,,,,,,,,,
,,,,,,,,,,,,,,,,,,,,,,,,,,,,,,,,,,,,,,,
,,,,,,,,,,,,,,,,,,,,,,,,,,,,,,,,,,,,,,,
,,,,,,,,,,,,,,,,,,,,,,,,,,,,,,,,,,,,,,,
,,,,,,,,,,,,,,,,,,,,,,,,,,,,,,,,,,,,,,,
,,,,,,,,,,,,,,,,,,,,,,,,,,,,,,,,,,,,,,,
,,,,,,,,,,,,,,,,,,,,,,,,,,,,,,,,,,,,,,,
,,,,,,,,,,,,,,,,,,,,,,,,,,,,,,,,,,,,,,,
,,,,,,,,,,,,,,,,,,,,,,,,,,,,,,,,,,,,,,,
,,,,,,,,,,,,,,,,,,,,,,,,,,,,,,,,,,,,,,,
,,,,,,,,,,,,,,,,,,,,,,,,,,,,,,,,,,,,,,,
,,,,,,,,,,,,,,,,,,,,,,,,,,,,,,,,,,,,,,,
,,,,,,,,,,,,,,,,,,,,,,,,,,,,,,,,,,,,,,,
,,,,,,,,,,,,,,,,,,,,,,,,,,,,,,,,,,,,,,,
,,,,,,,,,,,,,,,,,,,,,,,,,,,,,,,,,,,,,,,
,,,,,,,,,,,,,,,,,,,,,,,,,,,,,,,,,,,,,,,
,,,,,,,,,,,,,,,,,,,,,,,,,,,,,,,,,,,,,,,
,,,,,,,,,,,,,,,,,,,,,,,,,,,,,,,,,,,,,,,
,,,,,,,,,,,,,,,,,,,,,,,,,,,,,,,,,,,,,,,
,,,,,,,,,,,,,,,,,,,,,,,,,,,,,,,,,,,,,,,
,,,,,,,,,,,,,,,,,,,,,,,,,,,,,,,,,,,,,,,
,,,,,,,,,,,,,,,,,,,,,,,,,,,,,,,,,,,,,,,
,,,,,,,,,,,,,,,,,,,,,,,,,,,,,,,,,,,,,,,
,,,,,,,,,,,,,,,,,,,,,,,,,,,,,,,,,,,,,,,
,,,,,,,,,,,,,,,,,,,,,,,,,,,,,,,,,,,,,,,
,,,,,,,,,,,,,,,,,,,,,,,,,,,,,,,,,,,,,,,
,,,,,,,,,,,,,,,,,,,,,,,,,,,,,,,,,,,,,,,
,,,,,,,,,,,,,,,,,,,,,,,,,,,,,,,,,,,,,,,
,,,,,,,,,,,,,,,,,,,,,,,,,,,,,,,,,,,,,,,
,,,,,,,,,,,,,,,,,,,,,,,,,,,,,,,,,,,,,,,
,,,,,,,,,,,,,,,,,,,,,,,,,,,,,,,,,,,,,,,
,,,,,,,,,,,,,,,,,,,,,,,,,,,,,,,,,,,,,,,
,,,,,,,,,,,,,,,,,,,,,,,,,,,,,,,,,,,,,,,
,,,,,,,,,,,,,,,,,,,,,,,,,,,,,,,,,,,,,,,
,,,,,,,,,,,,,,,,,,,,,,,,,,,,,,,,,,,,,,,
,,,,,,,,,,,,,,,,,,,,,,,,,,,,,,,,,,,,,,,
,,,,,,,,,,,,,,,,,,,,,,,,,,,,,,,,,,,,,,,
,,,,,,,,,,,,,,,,,,,,,,,,,,,,,,,,,,,,,,,
,,,,,,,,,,,,,,,,,,,,,,,,,,,,,,,,,,,,,,,
,,,,,,,,,,,,,,,,,,,,,,,,,,,,,,,,,,,,,,,
,,,,,,,,,,,,,,,,,,,,,,,,,,,,,,,,,,,,,,,
,,,,,,,,,,,,,,,,,,,,,,,,,,,,,,,,,,,,,,,
,,,,,,,,,,,,,,,,,,,,,,,,,,,,,,,,,,,,,,,
,,,,,,,,,,,,,,,,,,,,,,,,,,,,,,,,,,,,,,,
,,,,,,,,,,,,,,,,,,,,,,,,,,,,,,,,,,,,,,,
,,,,,,,,,,,,,,,,,,,,,,,,,,,,,,,,,,,,,,,
,,,,,,,,,,,,,,,,,,,,,,,,,,,,,,,,,,,,,,,
,,,,,,,,,,,,,,,,,,,,,,,,,,,,,,,,,,,,,,,
,,,,,,,,,,,,,,,,,,,,,,,,,,,,,,,,,,,,,,,
,,,,,,,,,,,,,,,,,,,,,,,,,,,,,,,,,,,,,,,
,,,,,,,,,,,,,,,,,,,,,,,,,,,,,,,,,,,,,,,
,,,,,,,,,,,,,,,,,,,,,,,,,,,,,,,,,,,,,,,
,,,,,,,,,,,,,,,,,,,,,,,,,,,,,,,,,,,,,,,
,,,,,,,,,,,,,,,,,,,,,,,,,,,,,,,,,,,,,,,
,,,,,,,,,,,,,,,,,,,,,,,,,,,,,,,,,,,,,,,
,,,,,,,,,,,,,,,,,,,,,,,,,,,,,,,,,,,,,,,
,,,,,,,,,,,,,,,,,,,,,,,,,,,,,,,,,,,,,,,
,,,,,,,,,,,,,,,,,,,,,,,,,,,,,,,,,,,,,,,
,,,,,,,,,,,,,,,,,,,,,,,,,,,,,,,,,,,,,,,
,,,,,,,,,,,,,,,,,,,,,,,,,,,,,,,,,,,,,,,
,,,,,,,,,,,,,,,,,,,,,,,,,,,,,,,,,,,,,,,
,,,,,,,,,,,,,,,,,,,,,,,,,,,,,,,,,,,,,,,
,,,,,,,,,,,,,,,,,,,,,,,,,,,,,,,,,,,,,,,
,,,,,,,,,,,,,,,,,,,,,,,,,,,,,,,,,,,,,,,
,,,,,,,,,,,,,,,,,,,,,,,,,,,,,,,,,,,,,,,
,,,,,,,,,,,,,,,,,,,,,,,,,,,,,,,,,,,,,,,
,,,,,,,,,,,,,,,,,,,,,,,,,,,,,,,,,,,,,,,
,,,,,,,,,,,,,,,,,,,,,,,,,,,,,,,,,,,,,,,
,,,,,,,,,,,,,,,,,,,,,,,,,,,,,,,,,,,,,,,
,,,,,,,,,,,,,,,,,,,,,,,,,,,,,,,,,,,,,,,
,,,,,,,,,,,,,,,,,,,,,,,,,,,,,,,,,,,,,,,
,,,,,,,,,,,,,,,,,,,,,,,,,,,,,,,,,,,,,,,
,,,,,,,,,,,,,,,,,,,,,,,,,,,,,,,,,,,,,,,
,,,,,,,,,,,,,,,,,,,,,,,,,,,,,,,,,,,,,,,
,,,,,,,,,,,,,,,,,,,,,,,,,,,,,,,,,,,,,,,
,,,,,,,,,,,,,,,,,,,,,,,,,,,,,,,,,,,,,,,
,,,,,,,,,,,,,,,,,,,,,,,,,,,,,,,,,,,,,,,
,,,,,,,,,,,,,,,,,,,,,,,,,,,,,,,,,,,,,,,
,,,,,,,,,,,,,,,,,,,,,,,,,,,,,,,,,,,,,,,
,,,,,,,,,,,,,,,,,,,,,,,,,,,,,,,,,,,,,,,
,,,,,,,,,,,,,,,,,,,,,,,,,,,,,,,,,,,,,,,
,,,,,,,,,,,,,,,,,,,,,,,,,,,,,,,,,,,,,,,
,,,,,,,,,,,,,,,,,,,,,,,,,,,,,,,,,,,,,,,
,,,,,,,,,,,,,,,,,,,,,,,,,,,,,,,,,,,,,,,
,,,,,,,,,,,,,,,,,,,,,,,,,,,,,,,,,,,,,,,
,,,,,,,,,,,,,,,,,,,,,,,,,,,,,,,,,,,,,,,
,,,,,,,,,,,,,,,,,,,,,,,,,,,,,,,,,,,,,,,
,,,,,,,,,,,,,,,,,,,,,,,,,,,,,,,,,,,,,,,
,,,,,,,,,,,,,,,,,,,,,,,,,,,,,,,,,,,,,,,
,,,,,,,,,,,,,,,,,,,,,,,,,,,,,,,,,,,,,,,
,,,,,,,,,,,,,,,,,,,,,,,,,,,,,,,,,,,,,,,
,,,,,,,,,,,,,,,,,,,,,,,,,,,,,,,,,,,,,,,
,,,,,,,,,,,,,,,,,,,,,,,,,,,,,,,,,,,,,,,
,,,,,,,,,,,,,,,,,,,,,,,,,,,,,,,,,,,,,,,
,,,,,,,,,,,,,,,,,,,,,,,,,,,,,,,,,,,,,,,
,,,,,,,,,,,,,,,,,,,,,,,,,,,,,,,,,,,,,,,
,,,,,,,,,,,,,,,,,,,,,,,,,,,,,,,,,,,,,,,
,,,,,,,,,,,,,,,,,,,,,,,,,,,,,,,,,,,,,,,
,,,,,,,,,,,,,,,,,,,,,,,,,,,,,,,,,,,,,,,
,,,,,,,,,,,,,,,,,,,,,,,,,,,,,,,,,,,,,,,
,,,,,,,,,,,,,,,,,,,,,,,,,,,,,,,,,,,,,,,
,,,,,,,,,,,,,,,,,,,,,,,,,,,,,,,,,,,,,,,
,,,,,,,,,,,,,,,,,,,,,,,,,,,,,,,,,,,,,,,
,,,,,,,,,,,,,,,,,,,,,,,,,,,,,,,,,,,,,,,
,,,,,,,,,,,,,,,,,,,,,,,,,,,,,,,,,,,,,,,
,,,,,,,,,,,,,,,,,,,,,,,,,,,,,,,,,,,,,,,
,,,,,,,,,,,,,,,,,,,,,,,,,,,,,,,,,,,,,,,
,,,,,,,,,,,,,,,,,,,,,,,,,,,,,,,,,,,,,,,
,,,,,,,,,,,,,,,,,,,,,,,,,,,,,,,,,,,,,,,
,,,,,,,,,,,,,,,,,,,,,,,,,,,,,,,,,,,,,,,
,,,,,,,,,,,,,,,,,,,,,,,,,,,,,,,,,,,,,,,
,,,,,,,,,,,,,,,,,,,,,,,,,,,,,,,,,,,,,,,
,,,,,,,,,,,,,,,,,,,,,,,,,,,,,,,,,,,,,,,
,,,,,,,,,,,,,,,,,,,,,,,,,,,,,,,,,,,,,,,
,,,,,,,,,,,,,,,,,,,,,,,,,,,,,,,,,,,,,,,
,,,,,,,,,,,,,,,,,,,,,,,,,,,,,,,,,,,,,,,
,,,,,,,,,,,,,,,,,,,,,,,,,,,,,,,,,,,,,,,
,,,,,,,,,,,,,,,,,,,,,,,,,,,,,,,,,,,,,,,
,,,,,,,,,,,,,,,,,,,,,,,,,,,,,,,,,,,,,,,
,,,,,,,,,,,,,,,,,,,,,,,,,,,,,,,,,,,,,,,
,,,,,,,,,,,,,,,,,,,,,,,,,,,,,,,,,,,,,,,
,,,,,,,,,,,,,,,,,,,,,,,,,,,,,,,,,,,,,,,
,,,,,,,,,,,,,,,,,,,,,,,,,,,,,,,,,,,,,,,
,,,,,,,,,,,,,,,,,,,,,,,,,,,,,,,,,,,,,,,
,,,,,,,,,,,,,,,,,,,,,,,,,,,,,,,,,,,,,,,
,,,,,,,,,,,,,,,,,,,,,,,,,,,,,,,,,,,,,,,
,,,,,,,,,,,,,,,,,,,,,,,,,,,,,,,,,,,,,,,
,,,,,,,,,,,,,,,,,,,,,,,,,,,,,,,,,,,,,,,
,,,,,,,,,,,,,,,,,,,,,,,,,,,,,,,,,,,,,,,
,,,,,,,,,,,,,,,,,,,,,,,,,,,,,,,,,,,,,,,
,,,,,,,,,,,,,,,,,,,,,,,,,,,,,,,,,,,,,,,
,,,,,,,,,,,,,,,,,,,,,,,,,,,,,,,,,,,,,,,
,,,,,,,,,,,,,,,,,,,,,,,,,,,,,,,,,,,,,,,
,,,,,,,,,,,,,,,,,,,,,,,,,,,,,,,,,,,,,,,
,,,,,,,,,,,,,,,,,,,,,,,,,,,,,,,,,,,,,,,
,,,,,,,,,,,,,,,,,,,,,,,,,,,,,,,,,,,,,,,
,,,,,,,,,,,,,,,,,,,,,,,,,,,,,,,,,,,,,,,
,,,,,,,,,,,,,,,,,,,,,,,,,,,,,,,,,,,,,,,
,,,,,,,,,,,,,,,,,,,,,,,,,,,,,,,,,,,,,,,
,,,,,,,,,,,,,,,,,,,,,,,,,,,,,,,,,,,,,,,
,,,,,,,,,,,,,,,,,,,,,,,,,,,,,,,,,,,,,,,
,,,,,,,,,,,,,,,,,,,,,,,,,,,,,,,,,,,,,,,
,,,,,,,,,,,,,,,,,,,,,,,,,,,,,,,,,,,,,,,
,,,,,,,,,,,,,,,,,,,,,,,,,,,,,,,,,,,,,,,
,,,,,,,,,,,,,,,,,,,,,,,,,,,,,,,,,,,,,,,
,,,,,,,,,,,,,,,,,,,,,,,,,,,,,,,,,,,,,,,
,,,,,,,,,,,,,,,,,,,,,,,,,,,,,,,,,,,,,,,
,,,,,,,,,,,,,,,,,,,,,,,,,,,,,,,,,,,,,,,
,,,,,,,,,,,,,,,,,,,,,,,,,,,,,,,,,,,,,,,
,,,,,,,,,,,,,,,,,,,,,,,,,,,,,,,,,,,,,,,
,,,,,,,,,,,,,,,,,,,,,,,,,,,,,,,,,,,,,,,
,,,,,,,,,,,,,,,,,,,,,,,,,,,,,,,,,,,,,,,
,,,,,,,,,,,,,,,,,,,,,,,,,,,,,,,,,,,,,,,
,,,,,,,,,,,,,,,,,,,,,,,,,,,,,,,,,,,,,,,
,,,,,,,,,,,,,,,,,,,,,,,,,,,,,,,,,,,,,,,
,,,,,,,,,,,,,,,,,,,,,,,,,,,,,,,,,,,,,,,
,,,,,,,,,,,,,,,,,,,,,,,,,,,,,,,,,,,,,,,
,,,,,,,,,,,,,,,,,,,,,,,,,,,,,,,,,,,,,,,
,,,,,,,,,,,,,,,,,,,,,,,,,,,,,,,,,,,,,,,
,,,,,,,,,,,,,,,,,,,,,,,,,,,,,,,,,,,,,,,
,,,,,,,,,,,,,,,,,,,,,,,,,,,,,,,,,,,,,,,
,,,,,,,,,,,,,,,,,,,,,,,,,,,,,,,,,,,,,,,
,,,,,,,,,,,,,,,,,,,,,,,,,,,,,,,,,,,,,,,
,,,,,,,,,,,,,,,,,,,,,,,,,,,,,,,,,,,,,,,
,,,,,,,,,,,,,,,,,,,,,,,,,,,,,,,,,,,,,,,
,,,,,,,,,,,,,,,,,,,,,,,,,,,,,,,,,,,,,,,
,,,,,,,,,,,,,,,,,,,,,,,,,,,,,,,,,,,,,,,
,,,,,,,,,,,,,,,,,,,,,,,,,,,,,,,,,,,,,,,
,,,,,,,,,,,,,,,,,,,,,,,,,,,,,,,,,,,,,,,
,,,,,,,,,,,,,,,,,,,,,,,,,,,,,,,,,,,,,,,
,,,,,,,,,,,,,,,,,,,,,,,,,,,,,,,,,,,,,,,
,,,,,,,,,,,,,,,,,,,,,,,,,,,,,,,,,,,,,,,
,,,,,,,,,,,,,,,,,,,,,,,,,,,,,,,,,,,,,,,
,,,,,,,,,,,,,,,,,,,,,,,,,,,,,,,,,,,,,,,
,,,,,,,,,,,,,,,,,,,,,,,,,,,,,,,,,,,,,,,
,,,,,,,,,,,,,,,,,,,,,,,,,,,,,,,,,,,,,,,
,,,,,,,,,,,,,,,,,,,,,,,,,,,,,,,,,,,,,,,
,,,,,,,,,,,,,,,,,,,,,,,,,,,,,,,,,,,,,,,
,,,,,,,,,,,,,,,,,,,,,,,,,,,,,,,,,,,,,,,
,,,,,,,,,,,,,,,,,,,,,,,,,,,,,,,,,,,,,,,
,,,,,,,,,,,,,,,,,,,,,,,,,,,,,,,,,,,,,,,
,,,,,,,,,,,,,,,,,,,,,,,,,,,,,,,,,,,,,,,
,,,,,,,,,,,,,,,,,,,,,,,,,,,,,,,,,,,,,,,
,,,,,,,,,,,,,,,,,,,,,,,,,,,,,,,,,,,,,,,
,,,,,,,,,,,,,,,,,,,,,,,,,,,,,,,,,,,,,,,
,,,,,,,,,,,,,,,,,,,,,,,,,,,,,,,,,,,,,,,
,,,,,,,,,,,,,,,,,,,,,,,,,,,,,,,,,,,,,,,
,,,,,,,,,,,,,,,,,,,,,,,,,,,,,,,,,,,,,,,
,,,,,,,,,,,,,,,,,,,,,,,,,,,,,,,,,,,,,,,
,,,,,,,,,,,,,,,,,,,,,,,,,,,,,,,,,,,,,,,
,,,,,,,,,,,,,,,,,,,,,,,,,,,,,,,,,,,,,,,
,,,,,,,,,,,,,,,,,,,,,,,,,,,,,,,,,,,,,,,
,,,,,,,,,,,,,,,,,,,,,,,,,,,,,,,,,,,,,,,
,,,,,,,,,,,,,,,,,,,,,,,,,,,,,,,,,,,,,,,
,,,,,,,,,,,,,,,,,,,,,,,,,,,,,,,,,,,,,,,
,,,,,,,,,,,,,,,,,,,,,,,,,,,,,,,,,,,,,,,
,,,,,,,,,,,,,,,,,,,,,,,,,,,,,,,,,,,,,,,
,,,,,,,,,,,,,,,,,,,,,,,,,,,,,,,,,,,,,,,
,,,,,,,,,,,,,,,,,,,,,,,,,,,,,,,,,,,,,,,
,,,,,,,,,,,,,,,,,,,,,,,,,,,,,,,,,,,,,,,
,,,,,,,,,,,,,,,,,,,,,,,,,,,,,,,,,,,,,,,
,,,,,,,,,,,,,,,,,,,,,,,,,,,,,,,,,,,,,,,
,,,,,,,,,,,,,,,,,,,,,,,,,,,,,,,,,,,,,,,
,,,,,,,,,,,,,,,,,,,,,,,,,,,,,,,,,,,,,,,
,,,,,,,,,,,,,,,,,,,,,,,,,,,,,,,,,,,,,,,
,,,,,,,,,,,,,,,,,,,,,,,,,,,,,,,,,,,,,,,
,,,,,,,,,,,,,,,,,,,,,,,,,,,,,,,,,,,,,,,
,,,,,,,,,,,,,,,,,,,,,,,,,,,,,,,,,,,,,,,
,,,,,,,,,,,,,,,,,,,,,,,,,,,,,,,,,,,,,,,
,,,,,,,,,,,,,,,,,,,,,,,,,,,,,,,,,,,,,,,
,,,,,,,,,,,,,,,,,,,,,,,,,,,,,,,,,,,,,,,
,,,,,,,,,,,,,,,,,,,,,,,,,,,,,,,,,,,,,,,
,,,,,,,,,,,,,,,,,,,,,,,,,,,,,,,,,,,,,,,
,,,,,,,,,,,,,,,,,,,,,,,,,,,,,,,,,,,,,,,
,,,,,,,,,,,,,,,,,,,,,,,,,,,,,,,,,,,,,,,
,,,,,,,,,,,,,,,,,,,,,,,,,,,,,,,,,,,,,,,
,,,,,,,,,,,,,,,,,,,,,,,,,,,,,,,,,,,,,,,
,,,,,,,,,,,,,,,,,,,,,,,,,,,,,,,,,,,,,,,
,,,,,,,,,,,,,,,,,,,,,,,,,,,,,,,,,,,,,,,
,,,,,,,,,,,,,,,,,,,,,,,,,,,,,,,,,,,,,,,
,,,,,,,,,,,,,,,,,,,,,,,,,,,,,,,,,,,,,,,
,,,,,,,,,,,,,,,,,,,,,,,,,,,,,,,,,,,,,,,
,,,,,,,,,,,,,,,,,,,,,,,,,,,,,,,,,,,,,,,
,,,,,,,,,,,,,,,,,,,,,,,,,,,,,,,,,,,,,,,
,,,,,,,,,,,,,,,,,,,,,,,,,,,,,,,,,,,,,,,
,,,,,,,,,,,,,,,,,,,,,,,,,,,,,,,,,,,,,,,
,,,,,,,,,,,,,,,,,,,,,,,,,,,,,,,,,,,,,,,
,,,,,,,,,,,,,,,,,,,,,,,,,,,,,,,,,,,,,,,
,,,,,,,,,,,,,,,,,,,,,,,,,,,,,,,,,,,,,,,
,,,,,,,,,,,,,,,,,,,,,,,,,,,,,,,,,,,,,,,
,,,,,,,,,,,,,,,,,,,,,,,,,,,,,,,,,,,,,,,
,,,,,,,,,,,,,,,,,,,,,,,,,,,,,,,,,,,,,,,
,,,,,,,,,,,,,,,,,,,,,,,,,,,,,,,,,,,,,,,
,,,,,,,,,,,,,,,,,,,,,,,,,,,,,,,,,,,,,,,
,,,,,,,,,,,,,,,,,,,,,,,,,,,,,,,,,,,,,,,
,,,,,,,,,,,,,,,,,,,,,,,,,,,,,,,,,,,,,,,
,,,,,,,,,,,,,,,,,,,,,,,,,,,,,,,,,,,,,,,
,,,,,,,,,,,,,,,,,,,,,,,,,,,,,,,,,,,,,,,
,,,,,,,,,,,,,,,,,,,,,,,,,,,,,,,,,,,,,,,
,,,,,,,,,,,,,,,,,,,,,,,,,,,,,,,,,,,,,,,
,,,,,,,,,,,,,,,,,,,,,,,,,,,,,,,,,,,,,,,
,,,,,,,,,,,,,,,,,,,,,,,,,,,,,,,,,,,,,,,
,,,,,,,,,,,,,,,,,,,,,,,,,,,,,,,,,,,,,,,
,,,,,,,,,,,,,,,,,,,,,,,,,,,,,,,,,,,,,,,
,,,,,,,,,,,,,,,,,,,,,,,,,,,,,,,,,,,,,,,
,,,,,,,,,,,,,,,,,,,,,,,,,,,,,,,,,,,,,,,
,,,,,,,,,,,,,,,,,,,,,,,,,,,,,,,,,,,,,,,
,,,,,,,,,,,,,,,,,,,,,,,,,,,,,,,,,,,,,,,
,,,,,,,,,,,,,,,,,,,,,,,,,,,,,,,,,,,,,,,
,,,,,,,,,,,,,,,,,,,,,,,,,,,,,,,,,,,,,,,
,,,,,,,,,,,,,,,,,,,,,,,,,,,,,,,,,,,,,,,
,,,,,,,,,,,,,,,,,,,,,,,,,,,,,,,,,,,,,,,
,,,,,,,,,,,,,,,,,,,,,,,,,,,,,,,,,,,,,,,
,,,,,,,,,,,,,,,,,,,,,,,,,,,,,,,,,,,,,,,
,,,,,,,,,,,,,,,,,,,,,,,,,,,,,,,,,,,,,,,
,,,,,,,,,,,,,,,,,,,,,,,,,,,,,,,,,,,,,,,
,,,,,,,,,,,,,,,,,,,,,,,,,,,,,,,,,,,,,,,
,,,,,,,,,,,,,,,,,,,,,,,,,,,,,,,,,,,,,,,
,,,,,,,,,,,,,,,,,,,,,,,,,,,,,,,,,,,,,,,
,,,,,,,,,,,,,,,,,,,,,,,,,,,,,,,,,,,,,,,
,,,,,,,,,,,,,,,,,,,,,,,,,,,,,,,,,,,,,,,
,,,,,,,,,,,,,,,,,,,,,,,,,,,,,,,,,,,,,,,
,,,,,,,,,,,,,,,,,,,,,,,,,,,,,,,,,,,,,,,
,,,,,,,,,,,,,,,,,,,,,,,,,,,,,,,,,,,,,,,
,,,,,,,,,,,,,,,,,,,,,,,,,,,,,,,,,,,,,,,
,,,,,,,,,,,,,,,,,,,,,,,,,,,,,,,,,,,,,,,
,,,,,,,,,,,,,,,,,,,,,,,,,,,,,,,,,,,,,,,
,,,,,,,,,,,,,,,,,,,,,,,,,,,,,,,,,,,,,,,
,,,,,,,,,,,,,,,,,,,,,,,,,,,,,,,,,,,,,,,
,,,,,,,,,,,,,,,,,,,,,,,,,,,,,,,,,,,,,,,
,,,,,,,,,,,,,,,,,,,,,,,,,,,,,,,,,,,,,,,
,,,,,,,,,,,,,,,,,,,,,,,,,,,,,,,,,,,,,,,
,,,,,,,,,,,,,,,,,,,,,,,,,,,,,,,,,,,,,,,
,,,,,,,,,,,,,,,,,,,,,,,,,,,,,,,,,,,,,,,
,,,,,,,,,,,,,,,,,,,,,,,,,,,,,,,,,,,,,,,
,,,,,,,,,,,,,,,,,,,,,,,,,,,,,,,,,,,,,,,
,,,,,,,,,,,,,,,,,,,,,,,,,,,,,,,,,,,,,,,
,,,,,,,,,,,,,,,,,,,,,,,,,,,,,,,,,,,,,,,
,,,,,,,,,,,,,,,,,,,,,,,,,,,,,,,,,,,,,,,
,,,,,,,,,,,,,,,,,,,,,,,,,,,,,,,,,,,,,,,
,,,,,,,,,,,,,,,,,,,,,,,,,,,,,,,,,,,,,,,
,,,,,,,,,,,,,,,,,,,,,,,,,,,,,,,,,,,,,,,
,,,,,,,,,,,,,,,,,,,,,,,,,,,,,,,,,,,,,,,
,,,,,,,,,,,,,,,,,,,,,,,,,,,,,,,,,,,,,,,
,,,,,,,,,,,,,,,,,,,,,,,,,,,,,,,,,,,,,,,
,,,,,,,,,,,,,,,,,,,,,,,,,,,,,,,,,,,,,,,
,,,,,,,,,,,,,,,,,,,,,,,,,,,,,,,,,,,,,,,
,,,,,,,,,,,,,,,,,,,,,,,,,,,,,,,,,,,,,,,
,,,,,,,,,,,,,,,,,,,,,,,,,,,,,,,,,,,,,,,
,,,,,,,,,,,,,,,,,,,,,,,,,,,,,,,,,,,,,,,
,,,,,,,,,,,,,,,,,,,,,,,,,,,,,,,,,,,,,,,
,,,,,,,,,,,,,,,,,,,,,,,,,,,,,,,,,,,,,,,
,,,,,,,,,,,,,,,,,,,,,,,,,,,,,,,,,,,,,,,
,,,,,,,,,,,,,,,,,,,,,,,,,,,,,,,,,,,,,,,
,,,,,,,,,,,,,,,,,,,,,,,,,,,,,,,,,,,,,,,
,,,,,,,,,,,,,,,,,,,,,,,,,,,,,,,,,,,,,,,
,,,,,,,,,,,,,,,,,,,,,,,,,,,,,,,,,,,,,,,
,,,,,,,,,,,,,,,,,,,,,,,,,,,,,,,,,,,,,,,
,,,,,,,,,,,,,,,,,,,,,,,,,,,,,,,,,,,,,,,
,,,,,,,,,,,,,,,,,,,,,,,,,,,,,,,,,,,,,,,
,,,,,,,,,,,,,,,,,,,,,,,,,,,,,,,,,,,,,,,
,,,,,,,,,,,,,,,,,,,,,,,,,,,,,,,,,,,,,,,
,,,,,,,,,,,,,,,,,,,,,,,,,,,,,,,,,,,,,,,
,,,,,,,,,,,,,,,,,,,,,,,,,,,,,,,,,,,,,,,
,,,,,,,,,,,,,,,,,,,,,,,,,,,,,,,,,,,,,,,
,,,,,,,,,,,,,,,,,,,,,,,,,,,,,,,,,,,,,,,
,,,,,,,,,,,,,,,,,,,,,,,,,,,,,,,,,,,,,,,
,,,,,,,,,,,,,,,,,,,,,,,,,,,,,,,,,,,,,,,
,,,,,,,,,,,,,,,,,,,,,,,,,,,,,,,,,,,,,,,
,,,,,,,,,,,,,,,,,,,,,,,,,,,,,,,,,,,,,,,
,,,,,,,,,,,,,,,,,,,,,,,,,,,,,,,,,,,,,,,
,,,,,,,,,,,,,,,,,,,,,,,,,,,,,,,,,,,,,,,
,,,,,,,,,,,,,,,,,,,,,,,,,,,,,,,,,,,,,,,
,,,,,,,,,,,,,,,,,,,,,,,,,,,,,,,,,,,,,,,
,,,,,,,,,,,,,,,,,,,,,,,,,,,,,,,,,,,,,,,
,,,,,,,,,,,,,,,,,,,,,,,,,,,,,,,,,,,,,,,
,,,,,,,,,,,,,,,,,,,,,,,,,,,,,,,,,,,,,,,
,,,,,,,,,,,,,,,,,,,,,,,,,,,,,,,,,,,,,,,
,,,,,,,,,,,,,,,,,,,,,,,,,,,,,,,,,,,,,,,
,,,,,,,,,,,,,,,,,,,,,,,,,,,,,,,,,,,,,,,
,,,,,,,,,,,,,,,,,,,,,,,,,,,,,,,,,,,,,,,
,,,,,,,,,,,,,,,,,,,,,,,,,,,,,,,,,,,,,,,
,,,,,,,,,,,,,,,,,,,,,,,,,,,,,,,,,,,,,,,
,,,,,,,,,,,,,,,,,,,,,,,,,,,,,,,,,,,,,,,
,,,,,,,,,,,,,,,,,,,,,,,,,,,,,,,,,,,,,,,
,,,,,,,,,,,,,,,,,,,,,,,,,,,,,,,,,,,,,,,
,,,,,,,,,,,,,,,,,,,,,,,,,,,,,,,,,,,,,,,
,,,,,,,,,,,,,,,,,,,,,,,,,,,,,,,,,,,,,,,
,,,,,,,,,,,,,,,,,,,,,,,,,,,,,,,,,,,,,,,
,,,,,,,,,,,,,,,,,,,,,,,,,,,,,,,,,,,,,,,
,,,,,,,,,,,,,,,,,,,,,,,,,,,,,,,,,,,,,,,
,,,,,,,,,,,,,,,,,,,,,,,,,,,,,,,,,,,,,,,
,,,,,,,,,,,,,,,,,,,,,,,,,,,,,,,,,,,,,,,
,,,,,,,,,,,,,,,,,,,,,,,,,,,,,,,,,,,,,,,
,,,,,,,,,,,,,,,,,,,,,,,,,,,,,,,,,,,,,,,
,,,,,,,,,,,,,,,,,,,,,,,,,,,,,,,,,,,,,,,
,,,,,,,,,,,,,,,,,,,,,,,,,,,,,,,,,,,,,,,
,,,,,,,,,,,,,,,,,,,,,,,,,,,,,,,,,,,,,,,
,,,,,,,,,,,,,,,,,,,,,,,,,,,,,,,,,,,,,,,
,,,,,,,,,,,,,,,,,,,,,,,,,,,,,,,,,,,,,,,
,,,,,,,,,,,,,,,,,,,,,,,,,,,,,,,,,,,,,,,
,,,,,,,,,,,,,,,,,,,,,,,,,,,,,,,,,,,,,,,
,,,,,,,,,,,,,,,,,,,,,,,,,,,,,,,,,,,,,,,
,,,,,,,,,,,,,,,,,,,,,,,,,,,,,,,,,,,,,,,
,,,,,,,,,,,,,,,,,,,,,,,,,,,,,,,,,,,,,,,
,,,,,,,,,,,,,,,,,,,,,,,,,,,,,,,,,,,,,,,
,,,,,,,,,,,,,,,,,,,,,,,,,,,,,,,,,,,,,,,
,,,,,,,,,,,,,,,,,,,,,,,,,,,,,,,,,,,,,,,
,,,,,,,,,,,,,,,,,,,,,,,,,,,,,,,,,,,,,,,
,,,,,,,,,,,,,,,,,,,,,,,,,,,,,,,,,,,,,,,
,,,,,,,,,,,,,,,,,,,,,,,,,,,,,,,,,,,,,,,
,,,,,,,,,,,,,,,,,,,,,,,,,,,,,,,,,,,,,,,
,,,,,,,,,,,,,,,,,,,,,,,,,,,,,,,,,,,,,,,
,,,,,,,,,,,,,,,,,,,,,,,,,,,,,,,,,,,,,,,
,,,,,,,,,,,,,,,,,,,,,,,,,,,,,,,,,,,,,,,
,,,,,,,,,,,,,,,,,,,,,,,,,,,,,,,,,,,,,,,
,,,,,,,,,,,,,,,,,,,,,,,,,,,,,,,,,,,,,,,
,,,,,,,,,,,,,,,,,,,,,,,,,,,,,,,,,,,,,,,
,,,,,,,,,,,,,,,,,,,,,,,,,,,,,,,,,,,,,,,
,,,,,,,,,,,,,,,,,,,,,,,,,,,,,,,,,,,,,,,
,,,,,,,,,,,,,,,,,,,,,,,,,,,,,,,,,,,,,,,
,,,,,,,,,,,,,,,,,,,,,,,,,,,,,,,,,,,,,,,
,,,,,,,,,,,,,,,,,,,,,,,,,,,,,,,,,,,,,,,
,,,,,,,,,,,,,,,,,,,,,,,,,,,,,,,,,,,,,,,
,,,,,,,,,,,,,,,,,,,,,,,,,,,,,,,,,,,,,,,
,,,,,,,,,,,,,,,,,,,,,,,,,,,,,,,,,,,,,,,
,,,,,,,,,,,,,,,,,,,,,,,,,,,,,,,,,,,,,,,
,,,,,,,,,,,,,,,,,,,,,,,,,,,,,,,,,,,,,,,
,,,,,,,,,,,,,,,,,,,,,,,,,,,,,,,,,,,,,,,
,,,,,,,,,,,,,,,,,,,,,,,,,,,,,,,,,,,,,,,
,,,,,,,,,,,,,,,,,,,,,,,,,,,,,,,,,,,,,,,
,,,,,,,,,,,,,,,,,,,,,,,,,,,,,,,,,,,,,,,
,,,,,,,,,,,,,,,,,,,,,,,,,,,,,,,,,,,,,,,
,,,,,,,,,,,,,,,,,,,,,,,,,,,,,,,,,,,,,,,
,,,,,,,,,,,,,,,,,,,,,,,,,,,,,,,,,,,,,,,
,,,,,,,,,,,,,,,,,,,,,,,,,,,,,,,,,,,,,,,
,,,,,,,,,,,,,,,,,,,,,,,,,,,,,,,,,,,,,,,
,,,,,,,,,,,,,,,,,,,,,,,,,,,,,,,,,,,,,,,
,,,,,,,,,,,,,,,,,,,,,,,,,,,,,,,,,,,,,,,
,,,,,,,,,,,,,,,,,,,,,,,,,,,,,,,,,,,,,,,
,,,,,,,,,,,,,,,,,,,,,,,,,,,,,,,,,,,,,,,
,,,,,,,,,,,,,,,,,,,,,,,,,,,,,,,,,,,,,,,
,,,,,,,,,,,,,,,,,,,,,,,,,,,,,,,,,,,,,,,
,,,,,,,,,,,,,,,,,,,,,,,,,,,,,,,,,,,,,,,
,,,,,,,,,,,,,,,,,,,,,,,,,,,,,,,,,,,,,,,
,,,,,,,,,,,,,,,,,,,,,,,,,,,,,,,,,,,,,,,
,,,,,,,,,,,,,,,,,,,,,,,,,,,,,,,,,,,,,,,
,,,,,,,,,,,,,,,,,,,,,,,,,,,,,,,,,,,,,,,
,,,,,,,,,,,,,,,,,,,,,,,,,,,,,,,,,,,,,,,
,,,,,,,,,,,,,,,,,,,,,,,,,,,,,,,,,,,,,,,
,,,,,,,,,,,,,,,,,,,,,,,,,,,,,,,,,,,,,,,
,,,,,,,,,,,,,,,,,,,,,,,,,,,,,,,,,,,,,,,
,,,,,,,,,,,,,,,,,,,,,,,,,,,,,,,,,,,,,,,
,,,,,,,,,,,,,,,,,,,,,,,,,,,,,,,,,,,,,,,
,,,,,,,,,,,,,,,,,,,,,,,,,,,,,,,,,,,,,,,
,,,,,,,,,,,,,,,,,,,,,,,,,,,,,,,,,,,,,,,
,,,,,,,,,,,,,,,,,,,,,,,,,,,,,,,,,,,,,,,
,,,,,,,,,,,,,,,,,,,,,,,,,,,,,,,,,,,,,,,
,,,,,,,,,,,,,,,,,,,,,,,,,,,,,,,,,,,,,,,
,,,,,,,,,,,,,,,,,,,,,,,,,,,,,,,,,,,,,,,
,,,,,,,,,,,,,,,,,,,,,,,,,,,,,,,,,,,,,,,
,,,,,,,,,,,,,,,,,,,,,,,,,,,,,,,,,,,,,,,
,,,,,,,,,,,,,,,,,,,,,,,,,,,,,,,,,,,,,,,
,,,,,,,,,,,,,,,,,,,,,,,,,,,,,,,,,,,,,,,
,,,,,,,,,,,,,,,,,,,,,,,,,,,,,,,,,,,,,,,
,,,,,,,,,,,,,,,,,,,,,,,,,,,,,,,,,,,,,,,
,,,,,,,,,,,,,,,,,,,,,,,,,,,,,,,,,,,,,,,
,,,,,,,,,,,,,,,,,,,,,,,,,,,,,,,,,,,,,,,
,,,,,,,,,,,,,,,,,,,,,,,,,,,,,,,,,,,,,,,
,,,,,,,,,,,,,,,,,,,,,,,,,,,,,,,,,,,,,,,
,,,,,,,,,,,,,,,,,,,,,,,,,,,,,,,,,,,,,,,
,,,,,,,,,,,,,,,,,,,,,,,,,,,,,,,,,,,,,,,
,,,,,,,,,,,,,,,,,,,,,,,,,,,,,,,,,,,,,,,
,,,,,,,,,,,,,,,,,,,,,,,,,,,,,,,,,,,,,,,
,,,,,,,,,,,,,,,,,,,,,,,,,,,,,,,,,,,,,,,
,,,,,,,,,,,,,,,,,,,,,,,,,,,,,,,,,,,,,,,
,,,,,,,,,,,,,,,,,,,,,,,,,,,,,,,,,,,,,,,
,,,,,,,,,,,,,,,,,,,,,,,,,,,,,,,,,,,,,,,
,,,,,,,,,,,,,,,,,,,,,,,,,,,,,,,,,,,,,,,
,,,,,,,,,,,,,,,,,,,,,,,,,,,,,,,,,,,,,,,
,,,,,,,,,,,,,,,,,,,,,,,,,,,,,,,,,,,,,,,
,,,,,,,,,,,,,,,,,,,,,,,,,,,,,,,,,,,,,,,
,,,,,,,,,,,,,,,,,,,,,,,,,,,,,,,,,,,,,,,
,,,,,,,,,,,,,,,,,,,,,,,,,,,,,,,,,,,,,,,
,,,,,,,,,,,,,,,,,,,,,,,,,,,,,,,,,,,,,,,
,,,,,,,,,,,,,,,,,,,,,,,,,,,,,,,,,,,,,,,
,,,,,,,,,,,,,,,,,,,,,,,,,,,,,,,,,,,,,,,
,,,,,,,,,,,,,,,,,,,,,,,,,,,,,,,,,,,,,,,
,,,,,,,,,,,,,,,,,,,,,,,,,,,,,,,,,,,,,,,
,,,,,,,,,,,,,,,,,,,,,,,,,,,,,,,,,,,,,,,
,,,,,,,,,,,,,,,,,,,,,,,,,,,,,,,,,,,,,,,
,,,,,,,,,,,,,,,,,,,,,,,,,,,,,,,,,,,,,,,
,,,,,,,,,,,,,,,,,,,,,,,,,,,,,,,,,,,,,,,
,,,,,,,,,,,,,,,,,,,,,,,,,,,,,,,,,,,,,,,
,,,,,,,,,,,,,,,,,,,,,,,,,,,,,,,,,,,,,,,
,,,,,,,,,,,,,,,,,,,,,,,,,,,,,,,,,,,,,,,
,,,,,,,,,,,,,,,,,,,,,,,,,,,,,,,,,,,,,,,
,,,,,,,,,,,,,,,,,,,,,,,,,,,,,,,,,,,,,,,
,,,,,,,,,,,,,,,,,,,,,,,,,,,,,,,,,,,,,,,
,,,,,,,,,,,,,,,,,,,,,,,,,,,,,,,,,,,,,,,
,,,,,,,,,,,,,,,,,,,,,,,,,,,,,,,,,,,,,,,
,,,,,,,,,,,,,,,,,,,,,,,,,,,,,,,,,,,,,,,
,,,,,,,,,,,,,,,,,,,,,,,,,,,,,,,,,,,,,,,
,,,,,,,,,,,,,,,,,,,,,,,,,,,,,,,,,,,,,,,
,,,,,,,,,,,,,,,,,,,,,,,,,,,,,,,,,,,,,,,
,,,,,,,,,,,,,,,,,,,,,,,,,,,,,,,,,,,,,,,
,,,,,,,,,,,,,,,,,,,,,,,,,,,,,,,,,,,,,,,
,,,,,,,,,,,,,,,,,,,,,,,,,,,,,,,,,,,,,,,
,,,,,,,,,,,,,,,,,,,,,,,,,,,,,,,,,,,,,,,
,,,,,,,,,,,,,,,,,,,,,,,,,,,,,,,,,,,,,,,
,,,,,,,,,,,,,,,,,,,,,,,,,,,,,,,,,,,,,,,
,,,,,,,,,,,,,,,,,,,,,,,,,,,,,,,,,,,,,,,
,,,,,,,,,,,,,,,,,,,,,,,,,,,,,,,,,,,,,,,
,,,,,,,,,,,,,,,,,,,,,,,,,,,,,,,,,,,,,,,
,,,,,,,,,,,,,,,,,,,,,,,,,,,,,,,,,,,,,,,
,,,,,,,,,,,,,,,,,,,,,,,,,,,,,,,,,,,,,,,
,,,,,,,,,,,,,,,,,,,,,,,,,,,,,,,,,,,,,,,
,,,,,,,,,,,,,,,,,,,,,,,,,,,,,,,,,,,,,,,
,,,,,,,,,,,,,,,,,,,,,,,,,,,,,,,,,,,,,,,
,,,,,,,,,,,,,,,,,,,,,,,,,,,,,,,,,,,,,,,
,,,,,,,,,,,,,,,,,,,,,,,,,,,,,,,,,,,,,,,
,,,,,,,,,,,,,,,,,,,,,,,,,,,,,,,,,,,,,,,
,,,,,,,,,,,,,,,,,,,,,,,,,,,,,,,,,,,,,,,
,,,,,,,,,,,,,,,,,,,,,,,,,,,,,,,,,,,,,,,
,,,,,,,,,,,,,,,,,,,,,,,,,,,,,,,,,,,,,,,
,,,,,,,,,,,,,,,,,,,,,,,,,,,,,,,,,,,,,,,
,,,,,,,,,,,,,,,,,,,,,,,,,,,,,,,,,,,,,,,
,,,,,,,,,,,,,,,,,,,,,,,,,,,,,,,,,,,,,,,
,,,,,,,,,,,,,,,,,,,,,,,,,,,,,,,,,,,,,,,
,,,,,,,,,,,,,,,,,,,,,,,,,,,,,,,,,,,,,,,
,,,,,,,,,,,,,,,,,,,,,,,,,,,,,,,,,,,,,,,
,,,,,,,,,,,,,,,,,,,,,,,,,,,,,,,,,,,,,,,
,,,,,,,,,,,,,,,,,,,,,,,,,,,,,,,,,,,,,,,
,,,,,,,,,,,,,,,,,,,,,,,,,,,,,,,,,,,,,,,
,,,,,,,,,,,,,,,,,,,,,,,,,,,,,,,,,,,,,,,
,,,,,,,,,,,,,,,,,,,,,,,,,,,,,,,,,,,,,,,
,,,,,,,,,,,,,,,,,,,,,,,,,,,,,,,,,,,,,,,
,,,,,,,,,,,,,,,,,,,,,,,,,,,,,,,,,,,,,,,
,,,,,,,,,,,,,,,,,,,,,,,,,,,,,,,,,,,,,,,
,,,,,,,,,,,,,,,,,,,,,,,,,,,,,,,,,,,,,,,
,,,,,,,,,,,,,,,,,,,,,,,,,,,,,,,,,,,,,,,
,,,,,,,,,,,,,,,,,,,,,,,,,,,,,,,,,,,,,,,
,,,,,,,,,,,,,,,,,,,,,,,,,,,,,,,,,,,,,,,
,,,,,,,,,,,,,,,,,,,,,,,,,,,,,,,,,,,,,,,
,,,,,,,,,,,,,,,,,,,,,,,,,,,,,,,,,,,,,,,
,,,,,,,,,,,,,,,,,,,,,,,,,,,,,,,,,,,,,,,
,,,,,,,,,,,,,,,,,,,,,,,,,,,,,,,,,,,,,,,
,,,,,,,,,,,,,,,,,,,,,,,,,,,,,,,,,,,,,,,
,,,,,,,,,,,,,,,,,,,,,,,,,,,,,,,,,,,,,,,
,,,,,,,,,,,,,,,,,,,,,,,,,,,,,,,,,,,,,,,
,,,,,,,,,,,,,,,,,,,,,,,,,,,,,,,,,,,,,,,
,,,,,,,,,,,,,,,,,,,,,,,,,,,,,,,,,,,,,,,
,,,,,,,,,,,,,,,,,,,,,,,,,,,,,,,,,,,,,,,
,,,,,,,,,,,,,,,,,,,,,,,,,,,,,,,,,,,,,,,
,,,,,,,,,,,,,,,,,,,,,,,,,,,,,,,,,,,,,,,
,,,,,,,,,,,,,,,,,,,,,,,,,,,,,,,,,,,,,,,
,,,,,,,,,,,,,,,,,,,,,,,,,,,,,,,,,,,,,,,
,,,,,,,,,,,,,,,,,,,,,,,,,,,,,,,,,,,,,,,
,,,,,,,,,,,,,,,,,,,,,,,,,,,,,,,,,,,,,,,
,,,,,,,,,,,,,,,,,,,,,,,,,,,,,,,,,,,,,,,
,,,,,,,,,,,,,,,,,,,,,,,,,,,,,,,,,,,,,,,
,,,,,,,,,,,,,,,,,,,,,,,,,,,,,,,,,,,,,,,
,,,,,,,,,,,,,,,,,,,,,,,,,,,,,,,,,,,,,,,
,,,,,,,,,,,,,,,,,,,,,,,,,,,,,,,,,,,,,,,
,,,,,,,,,,,,,,,,,,,,,,,,,,,,,,,,,,,,,,,
,,,,,,,,,,,,,,,,,,,,,,,,,,,,,,,,,,,,,,,
,,,,,,,,,,,,,,,,,,,,,,,,,,,,,,,,,,,,,,,
,,,,,,,,,,,,,,,,,,,,,,,,,,,,,,,,,,,,,,,
,,,,,,,,,,,,,,,,,,,,,,,,,,,,,,,,,,,,,,,
,,,,,,,,,,,,,,,,,,,,,,,,,,,,,,,,,,,,,,,
,,,,,,,,,,,,,,,,,,,,,,,,,,,,,,,,,,,,,,,
,,,,,,,,,,,,,,,,,,,,,,,,,,,,,,,,,,,,,,,
,,,,,,,,,,,,,,,,,,,,,,,,,,,,,,,,,,,,,,,
,,,,,,,,,,,,,,,,,,,,,,,,,,,,,,,,,,,,,,,
,,,,,,,,,,,,,,,,,,,,,,,,,,,,,,,,,,,,,,,
,,,,,,,,,,,,,,,,,,,,,,,,,,,,,,,,,,,,,,,
,,,,,,,,,,,,,,,,,,,,,,,,,,,,,,,,,,,,,,,
,,,,,,,,,,,,,,,,,,,,,,,,,,,,,,,,,,,,,,,
,,,,,,,,,,,,,,,,,,,,,,,,,,,,,,,,,,,,,,,
,,,,,,,,,,,,,,,,,,,,,,,,,,,,,,,,,,,,,,,
,,,,,,,,,,,,,,,,,,,,,,,,,,,,,,,,,,,,,,,
,,,,,,,,,,,,,,,,,,,,,,,,,,,,,,,,,,,,,,,
,,,,,,,,,,,,,,,,,,,,,,,,,,,,,,,,,,,,,,,
,,,,,,,,,,,,,,,,,,,,,,,,,,,,,,,,,,,,,,,
,,,,,,,,,,,,,,,,,,,,,,,,,,,,,,,,,,,,,,,
,,,,,,,,,,,,,,,,,,,,,,,,,,,,,,,,,,,,,,,
,,,,,,,,,,,,,,,,,,,,,,,,,,,,,,,,,,,,,,,
,,,,,,,,,,,,,,,,,,,,,,,,,,,,,,,,,,,,,,,
,,,,,,,,,,,,,,,,,,,,,,,,,,,,,,,,,,,,,,,
,,,,,,,,,,,,,,,,,,,,,,,,,,,,,,,,,,,,,,,
,,,,,,,,,,,,,,,,,,,,,,,,,,,,,,,,,,,,,,,
,,,,,,,,,,,,,,,,,,,,,,,,,,,,,,,,,,,,,,,
,,,,,,,,,,,,,,,,,,,,,,,,,,,,,,,,,,,,,,,
,,,,,,,,,,,,,,,,,,,,,,,,,,,,,,,,,,,,,,,
,,,,,,,,,,,,,,,,,,,,,,,,,,,,,,,,,,,,,,,
,,,,,,,,,,,,,,,,,,,,,,,,,,,,,,,,,,,,,,,
,,,,,,,,,,,,,,,,,,,,,,,,,,,,,,,,,,,,,,,
,,,,,,,,,,,,,,,,,,,,,,,,,,,,,,,,,,,,,,,
,,,,,,,,,,,,,,,,,,,,,,,,,,,,,,,,,,,,,,,
,,,,,,,,,,,,,,,,,,,,,,,,,,,,,,,,,,,,,,,
,,,,,,,,,,,,,,,,,,,,,,,,,,,,,,,,,,,,,,,
,,,,,,,,,,,,,,,,,,,,,,,,,,,,,,,,,,,,,,,
,,,,,,,,,,,,,,,,,,,,,,,,,,,,,,,,,,,,,,,
,,,,,,,,,,,,,,,,,,,,,,,,,,,,,,,,,,,,,,,
,,,,,,,,,,,,,,,,,,,,,,,,,,,,,,,,,,,,,,,
,,,,,,,,,,,,,,,,,,,,,,,,,,,,,,,,,,,,,,,
,,,,,,,,,,,,,,,,,,,,,,,,,,,,,,,,,,,,,,,
,,,,,,,,,,,,,,,,,,,,,,,,,,,,,,,,,,,,,,,
,,,,,,,,,,,,,,,,,,,,,,,,,,,,,,,,,,,,,,,
,,,,,,,,,,,,,,,,,,,,,,,,,,,,,,,,,,,,,,,
,,,,,,,,,,,,,,,,,,,,,,,,,,,,,,,,,,,,,,,
,,,,,,,,,,,,,,,,,,,,,,,,,,,,,,,,,,,,,,,
,,,,,,,,,,,,,,,,,,,,,,,,,,,,,,,,,,,,,,,
,,,,,,,,,,,,,,,,,,,,,,,,,,,,,,,,,,,,,,,
,,,,,,,,,,,,,,,,,,,,,,,,,,,,,,,,,,,,,,,
,,,,,,,,,,,,,,,,,,,,,,,,,,,,,,,,,,,,,,,
,,,,,,,,,,,,,,,,,,,,,,,,,,,,,,,,,,,,,,,
,,,,,,,,,,,,,,,,,,,,,,,,,,,,,,,,,,,,,,,
,,,,,,,,,,,,,,,,,,,,,,,,,,,,,,,,,,,,,,,
,,,,,,,,,,,,,,,,,,,,,,,,,,,,,,,,,,,,,,,
,,,,,,,,,,,,,,,,,,,,,,,,,,,,,,,,,,,,,,,
,,,,,,,,,,,,,,,,,,,,,,,,,,,,,,,,,,,,,,,
,,,,,,,,,,,,,,,,,,,,,,,,,,,,,,,,,,,,,,,
,,,,,,,,,,,,,,,,,,,,,,,,,,,,,,,,,,,,,,,
,,,,,,,,,,,,,,,,,,,,,,,,,,,,,,,,,,,,,,,
,,,,,,,,,,,,,,,,,,,,,,,,,,,,,,,,,,,,,,,
,,,,,,,,,,,,,,,,,,,,,,,,,,,,,,,,,,,,,,,
,,,,,,,,,,,,,,,,,,,,,,,,,,,,,,,,,,,,,,,
,,,,,,,,,,,,,,,,,,,,,,,,,,,,,,,,,,,,,,,
,,,,,,,,,,,,,,,,,,,,,,,,,,,,,,,,,,,,,,,
,,,,,,,,,,,,,,,,,,,,,,,,,,,,,,,,,,,,,,,
,,,,,,,,,,,,,,,,,,,,,,,,,,,,,,,,,,,,,,,
,,,,,,,,,,,,,,,,,,,,,,,,,,,,,,,,,,,,,,,
,,,,,,,,,,,,,,,,,,,,,,,,,,,,,,,,,,,,,,,
,,,,,,,,,,,,,,,,,,,,,,,,,,,,,,,,,,,,,,,
,,,,,,,,,,,,,,,,,,,,,,,,,,,,,,,,,,,,,,,
,,,,,,,,,,,,,,,,,,,,,,,,,,,,,,,,,,,,,,,
,,,,,,,,,,,,,,,,,,,,,,,,,,,,,,,,,,,,,,,
,,,,,,,,,,,,,,,,,,,,,,,,,,,,,,,,,,,,,,,
,,,,,,,,,,,,,,,,,,,,,,,,,,,,,,,,,,,,,,,
,,,,,,,,,,,,,,,,,,,,,,,,,,,,,,,,,,,,,,,
,,,,,,,,,,,,,,,,,,,,,,,,,,,,,,,,,,,,,,,
,,,,,,,,,,,,,,,,,,,,,,,,,,,,,,,,,,,,,,,
,,,,,,,,,,,,,,,,,,,,,,,,,,,,,,,,,,,,,,,
,,,,,,,,,,,,,,,,,,,,,,,,,,,,,,,,,,,,,,,
,,,,,,,,,,,,,,,,,,,,,,,,,,,,,,,,,,,,,,,
,,,,,,,,,,,,,,,,,,,,,,,,,,,,,,,,,,,,,,,
,,,,,,,,,,,,,,,,,,,,,,,,,,,,,,,,,,,,,,,
,,,,,,,,,,,,,,,,,,,,,,,,,,,,,,,,,,,,,,,
,,,,,,,,,,,,,,,,,,,,,,,,,,,,,,,,,,,,,,,
,,,,,,,,,,,,,,,,,,,,,,,,,,,,,,,,,,,,,,,
,,,,,,,,,,,,,,,,,,,,,,,,,,,,,,,,,,,,,,,
,,,,,,,,,,,,,,,,,,,,,,,,,,,,,,,,,,,,,,,
,,,,,,,,,,,,,,,,,,,,,,,,,,,,,,,,,,,,,,,
,,,,,,,,,,,,,,,,,,,,,,,,,,,,,,,,,,,,,,,
,,,,,,,,,,,,,,,,,,,,,,,,,,,,,,,,,,,,,,,
,,,,,,,,,,,,,,,,,,,,,,,,,,,,,,,,,,,,,,,
,,,,,,,,,,,,,,,,,,,,,,,,,,,,,,,,,,,,,,,
,,,,,,,,,,,,,,,,,,,,,,,,,,,,,,,,,,,,,,,
,,,,,,,,,,,,,,,,,,,,,,,,,,,,,,,,,,,,,,,
,,,,,,,,,,,,,,,,,,,,,,,,,,,,,,,,,,,,,,,
,,,,,,,,,,,,,,,,,,,,,,,,,,,,,,,,,,,,,,,
,,,,,,,,,,,,,,,,,,,,,,,,,,,,,,,,,,,,,,,
,,,,,,,,,,,,,,,,,,,,,,,,,,,,,,,,,,,,,,,
,,,,,,,,,,,,,,,,,,,,,,,,,,,,,,,,,,,,,,,
,,,,,,,,,,,,,,,,,,,,,,,,,,,,,,,,,,,,,,,
,,,,,,,,,,,,,,,,,,,,,,,,,,,,,,,,,,,,,,,
,,,,,,,,,,,,,,,,,,,,,,,,,,,,,,,,,,,,,,,
,,,,,,,,,,,,,,,,,,,,,,,,,,,,,,,,,,,,,,,
,,,,,,,,,,,,,,,,,,,,,,,,,,,,,,,,,,,,,,,
,,,,,,,,,,,,,,,,,,,,,,,,,,,,,,,,,,,,,,,
,,,,,,,,,,,,,,,,,,,,,,,,,,,,,,,,,,,,,,,
,,,,,,,,,,,,,,,,,,,,,,,,,,,,,,,,,,,,,,,
,,,,,,,,,,,,,,,,,,,,,,,,,,,,,,,,,,,,,,,
,,,,,,,,,,,,,,,,,,,,,,,,,,,,,,,,,,,,,,,
,,,,,,,,,,,,,,,,,,,,,,,,,,,,,,,,,,,,,,,
,,,,,,,,,,,,,,,,,,,,,,,,,,,,,,,,,,,,,,,
,,,,,,,,,,,,,,,,,,,,,,,,,,,,,,,,,,,,,,,
,,,,,,,,,,,,,,,,,,,,,,,,,,,,,,,,,,,,,,,
,,,,,,,,,,,,,,,,,,,,,,,,,,,,,,,,,,,,,,,
,,,,,,,,,,,,,,,,,,,,,,,,,,,,,,,,,,,,,,,
,,,,,,,,,,,,,,,,,,,,,,,,,,,,,,,,,,,,,,,
,,,,,,,,,,,,,,,,,,,,,,,,,,,,,,,,,,,,,,,
,,,,,,,,,,,,,,,,,,,,,,,,,,,,,,,,,,,,,,,
,,,,,,,,,,,,,,,,,,,,,,,,,,,,,,,,,,,,,,,
,,,,,,,,,,,,,,,,,,,,,,,,,,,,,,,,,,,,,,,
,,,,,,,,,,,,,,,,,,,,,,,,,,,,,,,,,,,,,,,
,,,,,,,,,,,,,,,,,,,,,,,,,,,,,,,,,,,,,,,
,,,,,,,,,,,,,,,,,,,,,,,,,,,,,,,,,,,,,,,
,,,,,,,,,,,,,,,,,,,,,,,,,,,,,,,,,,,,,,,
,,,,,,,,,,,,,,,,,,,,,,,,,,,,,,,,,,,,,,,
,,,,,,,,,,,,,,,,,,,,,,,,,,,,,,,,,,,,,,,
,,,,,,,,,,,,,,,,,,,,,,,,,,,,,,,,,,,,,,,
,,,,,,,,,,,,,,,,,,,,,,,,,,,,,,,,,,,,,,,
,,,,,,,,,,,,,,,,,,,,,,,,,,,,,,,,,,,,,,,
,,,,,,,,,,,,,,,,,,,,,,,,,,,,,,,,,,,,,,,
,,,,,,,,,,,,,,,,,,,,,,,,,,,,,,,,,,,,,,,
,,,,,,,,,,,,,,,,,,,,,,,,,,,,,,,,,,,,,,,
,,,,,,,,,,,,,,,,,,,,,,,,,,,,,,,,,,,,,,,
,,,,,,,,,,,,,,,,,,,,,,,,,,,,,,,,,,,,,,,
,,,,,,,,,,,,,,,,,,,,,,,,,,,,,,,,,,,,,,,
,,,,,,,,,,,,,,,,,,,,,,,,,,,,,,,,,,,,,,,
,,,,,,,,,,,,,,,,,,,,,,,,,,,,,,,,,,,,,,,
,,,,,,,,,,,,,,,,,,,,,,,,,,,,,,,,,,,,,,,
,,,,,,,,,,,,,,,,,,,,,,,,,,,,,,,,,,,,,,,
,,,,,,,,,,,,,,,,,,,,,,,,,,,,,,,,,,,,,,,
,,,,,,,,,,,,,,,,,,,,,,,,,,,,,,,,,,,,,,,
,,,,,,,,,,,,,,,,,,,,,,,,,,,,,,,,,,,,,,,
,,,,,,,,,,,,,,,,,,,,,,,,,,,,,,,,,,,,,,,
,,,,,,,,,,,,,,,,,,,,,,,,,,,,,,,,,,,,,,,
,,,,,,,,,,,,,,,,,,,,,,,,,,,,,,,,,,,,,,,
,,,,,,,,,,,,,,,,,,,,,,,,,,,,,,,,,,,,,,,
,,,,,,,,,,,,,,,,,,,,,,,,,,,,,,,,,,,,,,,
,,,,,,,,,,,,,,,,,,,,,,,,,,,,,,,,,,,,,,,
,,,,,,,,,,,,,,,,,,,,,,,,,,,,,,,,,,,,,,,
,,,,,,,,,,,,,,,,,,,,,,,,,,,,,,,,,,,,,,,
,,,,,,,,,,,,,,,,,,,,,,,,,,,,,,,,,,,,,,,
,,,,,,,,,,,,,,,,,,,,,,,,,,,,,,,,,,,,,,,
,,,,,,,,,,,,,,,,,,,,,,,,,,,,,,,,,,,,,,,
,,,,,,,,,,,,,,,,,,,,,,,,,,,,,,,,,,,,,,,
,,,,,,,,,,,,,,,,,,,,,,,,,,,,,,,,,,,,,,,
,,,,,,,,,,,,,,,,,,,,,,,,,,,,,,,,,,,,,,,
,,,,,,,,,,,,,,,,,,,,,,,,,,,,,,,,,,,,,,,
,,,,,,,,,,,,,,,,,,,,,,,,,,,,,,,,,,,,,,,
,,,,,,,,,,,,,,,,,,,,,,,,,,,,,,,,,,,,,,,
,,,,,,,,,,,,,,,,,,,,,,,,,,,,,,,,,,,,,,,
,,,,,,,,,,,,,,,,,,,,,,,,,,,,,,,,,,,,,,,
,,,,,,,,,,,,,,,,,,,,,,,,,,,,,,,,,,,,,,,
,,,,,,,,,,,,,,,,,,,,,,,,,,,,,,,,,,,,,,,
,,,,,,,,,,,,,,,,,,,,,,,,,,,,,,,,,,,,,,,
,,,,,,,,,,,,,,,,,,,,,,,,,,,,,,,,,,,,,,,
,,,,,,,,,,,,,,,,,,,,,,,,,,,,,,,,,,,,,,,
,,,,,,,,,,,,,,,,,,,,,,,,,,,,,,,,,,,,,,,
,,,,,,,,,,,,,,,,,,,,,,,,,,,,,,,,,,,,,,,
,,,,,,,,,,,,,,,,,,,,,,,,,,,,,,,,,,,,,,,
,,,,,,,,,,,,,,,,,,,,,,,,,,,,,,,,,,,,,,,
,,,,,,,,,,,,,,,,,,,,,,,,,,,,,,,,,,,,,,,
,,,,,,,,,,,,,,,,,,,,,,,,,,,,,,,,,,,,,,,
,,,,,,,,,,,,,,,,,,,,,,,,,,,,,,,,,,,,,,,
,,,,,,,,,,,,,,,,,,,,,,,,,,,,,,,,,,,,,,,
,,,,,,,,,,,,,,,,,,,,,,,,,,,,,,,,,,,,,,,
,,,,,,,,,,,,,,,,,,,,,,,,,,,,,,,,,,,,,,,
,,,,,,,,,,,,,,,,,,,,,,,,,,,,,,,,,,,,,,,
,,,,,,,,,,,,,,,,,,,,,,,,,,,,,,,,,,,,,,,
,,,,,,,,,,,,,,,,,,,,,,,,,,,,,,,,,,,,,,,
,,,,,,,,,,,,,,,,,,,,,,,,,,,,,,,,,,,,,,,
,,,,,,,,,,,,,,,,,,,,,,,,,,,,,,,,,,,,,,,
,,,,,,,,,,,,,,,,,,,,,,,,,,,,,,,,,,,,,,,
,,,,,,,,,,,,,,,,,,,,,,,,,,,,,,,,,,,,,,,
,,,,,,,,,,,,,,,,,,,,,,,,,,,,,,,,,,,,,,,
,,,,,,,,,,,,,,,,,,,,,,,,,,,,,,,,,,,,,,,
,,,,,,,,,,,,,,,,,,,,,,,,,,,,,,,,,,,,,,,
,,,,,,,,,,,,,,,,,,,,,,,,,,,,,,,,,,,,,,,
,,,,,,,,,,,,,,,,,,,,,,,,,,,,,,,,,,,,,,,
,,,,,,,,,,,,,,,,,,,,,,,,,,,,,,,,,,,,,,,
,,,,,,,,,,,,,,,,,,,,,,,,,,,,,,,,,,,,,,,
,,,,,,,,,,,,,,,,,,,,,,,,,,,,,,,,,,,,,,,
,,,,,,,,,,,,,,,,,,,,,,,,,,,,,,,,,,,,,,,
,,,,,,,,,,,,,,,,,,,,,,,,,,,,,,,,,,,,,,,
,,,,,,,,,,,,,,,,,,,,,,,,,,,,,,,,,,,,,,,
,,,,,,,,,,,,,,,,,,,,,,,,,,,,,,,,,,,,,,,
,,,,,,,,,,,,,,,,,,,,,,,,,,,,,,,,,,,,,,,
,,,,,,,,,,,,,,,,,,,,,,,,,,,,,,,,,,,,,,,
,,,,,,,,,,,,,,,,,,,,,,,,,,,,,,,,,,,,,,,
,,,,,,,,,,,,,,,,,,,,,,,,,,,,,,,,,,,,,,,
,,,,,,,,,,,,,,,,,,,,,,,,,,,,,,,,,,,,,,,
,,,,,,,,,,,,,,,,,,,,,,,,,,,,,,,,,,,,,,,
,,,,,,,,,,,,,,,,,,,,,,,,,,,,,,,,,,,,,,,
,,,,,,,,,,,,,,,,,,,,,,,,,,,,,,,,,,,,,,,
,,,,,,,,,,,,,,,,,,,,,,,,,,,,,,,,,,,,,,,
,,,,,,,,,,,,,,,,,,,,,,,,,,,,,,,,,,,,,,,
,,,,,,,,,,,,,,,,,,,,,,,,,,,,,,,,,,,,,,,
,,,,,,,,,,,,,,,,,,,,,,,,,,,,,,,,,,,,,,,
,,,,,,,,,,,,,,,,,,,,,,,,,,,,,,,,,,,,,,,
,,,,,,,,,,,,,,,,,,,,,,,,,,,,,,,,,,,,,,,
,,,,,,,,,,,,,,,,,,,,,,,,,,,,,,,,,,,,,,,
,,,,,,,,,,,,,,,,,,,,,,,,,,,,,,,,,,,,,,,
,,,,,,,,,,,,,,,,,,,,,,,,,,,,,,,,,,,,,,,
,,,,,,,,,,,,,,,,,,,,,,,,,,,,,,,,,,,,,,,
,,,,,,,,,,,,,,,,,,,,,,,,,,,,,,,,,,,,,,,
,,,,,,,,,,,,,,,,,,,,,,,,,,,,,,,,,,,,,,,
,,,,,,,,,,,,,,,,,,,,,,,,,,,,,,,,,,,,,,,
,,,,,,,,,,,,,,,,,,,,,,,,,,,,,,,,,,,,,,,
,,,,,,,,,,,,,,,,,,,,,,,,,,,,,,,,,,,,,,,
,,,,,,,,,,,,,,,,,,,,,,,,,,,,,,,,,,,,,,,
,,,,,,,,,,,,,,,,,,,,,,,,,,,,,,,,,,,,,,,
,,,,,,,,,,,,,,,,,,,,,,,,,,,,,,,,,,,,,,,
,,,,,,,,,,,,,,,,,,,,,,,,,,,,,,,,,,,,,,,
,,,,,,,,,,,,,,,,,,,,,,,,,,,,,,,,,,,,,,,
,,,,,,,,,,,,,,,,,,,,,,,,,,,,,,,,,,,,,,,
,,,,,,,,,,,,,,,,,,,,,,,,,,,,,,,,,,,,,,,
,,,,,,,,,,,,,,,,,,,,,,,,,,,,,,,,,,,,,,,
,,,,,,,,,,,,,,,,,,,,,,,,,,,,,,,,,,,,,,,
,,,,,,,,,,,,,,,,,,,,,,,,,,,,,,,,,,,,,,,
,,,,,,,,,,,,,,,,,,,,,,,,,,,,,,,,,,,,,,,
,,,,,,,,,,,,,,,,,,,,,,,,,,,,,,,,,,,,,,,
,,,,,,,,,,,,,,,,,,,,,,,,,,,,,,,,,,,,,,,
,,,,,,,,,,,,,,,,,,,,,,,,,,,,,,,,,,,,,,,
,,,,,,,,,,,,,,,,,,,,,,,,,,,,,,,,,,,,,,,
,,,,,,,,,,,,,,,,,,,,,,,,,,,,,,,,,,,,,,,
,,,,,,,,,,,,,,,,,,,,,,,,,,,,,,,,,,,,,,,
,,,,,,,,,,,,,,,,,,,,,,,,,,,,,,,,,,,,,,,
,,,,,,,,,,,,,,,,,,,,,,,,,,,,,,,,,,,,,,,
,,,,,,,,,,,,,,,,,,,,,,,,,,,,,,,,,,,,,,,
,,,,,,,,,,,,,,,,,,,,,,,,,,,,,,,,,,,,,,,
,,,,,,,,,,,,,,,,,,,,,,,,,,,,,,,,,,,,,,,
,,,,,,,,,,,,,,,,,,,,,,,,,,,,,,,,,,,,,,,
,,,,,,,,,,,,,,,,,,,,,,,,,,,,,,,,,,,,,,,
,,,,,,,,,,,,,,,,,,,,,,,,,,,,,,,,,,,,,,,
,,,,,,,,,,,,,,,,,,,,,,,,,,,,,,,,,,,,,,,
,,,,,,,,,,,,,,,,,,,,,,,,,,,,,,,,,,,,,,,
,,,,,,,,,,,,,,,,,,,,,,,,,,,,,,,,,,,,,,,
,,,,,,,,,,,,,,,,,,,,,,,,,,,,,,,,,,,,,,,
,,,,,,,,,,,,,,,,,,,,,,,,,,,,,,,,,,,,,,,
,,,,,,,,,,,,,,,,,,,,,,,,,,,,,,,,,,,,,,,
,,,,,,,,,,,,,,,,,,,,,,,,,,,,,,,,,,,,,,,
,,,,,,,,,,,,,,,,,,,,,,,,,,,,,,,,,,,,,,,
,,,,,,,,,,,,,,,,,,,,,,,,,,,,,,,,,,,,,,,
,,,,,,,,,,,,,,,,,,,,,,,,,,,,,,,,,,,,,,,
,,,,,,,,,,,,,,,,,,,,,,,,,,,,,,,,,,,,,,,
,,,,,,,,,,,,,,,,,,,,,,,,,,,,,,,,,,,,,,,
,,,,,,,,,,,,,,,,,,,,,,,,,,,,,,,,,,,,,,,
,,,,,,,,,,,,,,,,,,,,,,,,,,,,,,,,,,,,,,,
,,,,,,,,,,,,,,,,,,,,,,,,,,,,,,,,,,,,,,,
,,,,,,,,,,,,,,,,,,,,,,,,,,,,,,,,,,,,,,,
,,,,,,,,,,,,,,,,,,,,,,,,,,,,,,,,,,,,,,,
,,,,,,,,,,,,,,,,,,,,,,,,,,,,,,,,,,,,,,,
,,,,,,,,,,,,,,,,,,,,,,,,,,,,,,,,,,,,,,,
,,,,,,,,,,,,,,,,,,,,,,,,,,,,,,,,,,,,,,,
,,,,,,,,,,,,,,,,,,,,,,,,,,,,,,,,,,,,,,,
,,,,,,,,,,,,,,,,,,,,,,,,,,,,,,,,,,,,,,,
,,,,,,,,,,,,,,,,,,,,,,,,,,,,,,,,,,,,,,,
,,,,,,,,,,,,,,,,,,,,,,,,,,,,,,,,,,,,,,,
,,,,,,,,,,,,,,,,,,,,,,,,,,,,,,,,,,,,,,,
,,,,,,,,,,,,,,,,,,,,,,,,,,,,,,,,,,,,,,,
,,,,,,,,,,,,,,,,,,,,,,,,,,,,,,,,,,,,,,,
,,,,,,,,,,,,,,,,,,,,,,,,,,,,,,,,,,,,,,,
,,,,,,,,,,,,,,,,,,,,,,,,,,,,,,,,,,,,,,,
,,,,,,,,,,,,,,,,,,,,,,,,,,,,,,,,,,,,,,,
,,,,,,,,,,,,,,,,,,,,,,,,,,,,,,,,,,,,,,,
,,,,,,,,,,,,,,,,,,,,,,,,,,,,,,,,,,,,,,,
,,,,,,,,,,,,,,,,,,,,,,,,,,,,,,,,,,,,,,,
,,,,,,,,,,,,,,,,,,,,,,,,,,,,,,,,,,,,,,,
,,,,,,,,,,,,,,,,,,,,,,,,,,,,,,,,,,,,,,,
,,,,,,,,,,,,,,,,,,,,,,,,,,,,,,,,,,,,,,,
,,,,,,,,,,,,,,,,,,,,,,,,,,,,,,,,,,,,,,,
,,,,,,,,,,,,,,,,,,,,,,,,,,,,,,,,,,,,,,,
,,,,,,,,,,,,,,,,,,,,,,,,,,,,,,,,,,,,,,,
,,,,,,,,,,,,,,,,,,,,,,,,,,,,,,,,,,,,,,,
,,,,,,,,,,,,,,,,,,,,,,,,,,,,,,,,,,,,,,,
,,,,,,,,,,,,,,,,,,,,,,,,,,,,,,,,,,,,,,,
,,,,,,,,,,,,,,,,,,,,,,,,,,,,,,,,,,,,,,,
,,,,,,,,,,,,,,,,,,,,,,,,,,,,,,,,,,,,,,,
,,,,,,,,,,,,,,,,,,,,,,,,,,,,,,,,,,,,,,,
,,,,,,,,,,,,,,,,,,,,,,,,,,,,,,,,,,,,,,,
,,,,,,,,,,,,,,,,,,,,,,,,,,,,,,,,,,,,,,,
,,,,,,,,,,,,,,,,,,,,,,,,,,,,,,,,,,,,,,,
,,,,,,,,,,,,,,,,,,,,,,,,,,,,,,,,,,,,,,,
,,,,,,,,,,,,,,,,,,,,,,,,,,,,,,,,,,,,,,,
,,,,,,,,,,,,,,,,,,,,,,,,,,,,,,,,,,,,,,,
,,,,,,,,,,,,,,,,,,,,,,,,,,,,,,,,,,,,,,,
,,,,,,,,,,,,,,,,,,,,,,,,,,,,,,,,,,,,,,,
,,,,,,,,,,,,,,,,,,,,,,,,,,,,,,,,,,,,,,,
,,,,,,,,,,,,,,,,,,,,,,,,,,,,,,,,,,,,,,,
,,,,,,,,,,,,,,,,,,,,,,,,,,,,,,,,,,,,,,,
,,,,,,,,,,,,,,,,,,,,,,,,,,,,,,,,,,,,,,,
,,,,,,,,,,,,,,,,,,,,,,,,,,,,,,,,,,,,,,,
,,,,,,,,,,,,,,,,,,,,,,,,,,,,,,,,,,,,,,,
,,,,,,,,,,,,,,,,,,,,,,,,,,,,,,,,,,,,,,,
,,,,,,,,,,,,,,,,,,,,,,,,,,,,,,,,,,,,,,,
,,,,,,,,,,,,,,,,,,,,,,,,,,,,,,,,,,,,,,,
,,,,,,,,,,,,,,,,,,,,,,,,,,,,,,,,,,,,,,,
,,,,,,,,,,,,,,,,,,,,,,,,,,,,,,,,,,,,,,,
,,,,,,,,,,,,,,,,,,,,,,,,,,,,,,,,,,,,,,,
,,,,,,,,,,,,,,,,,,,,,,,,,,,,,,,,,,,,,,,
,,,,,,,,,,,,,,,,,,,,,,,,,,,,,,,,,,,,,,,
,,,,,,,,,,,,,,,,,,,,,,,,,,,,,,,,,,,,,,,
,,,,,,,,,,,,,,,,,,,,,,,,,,,,,,,,,,,,,,,
,,,,,,,,,,,,,,,,,,,,,,,,,,,,,,,,,,,,,,,
,,,,,,,,,,,,,,,,,,,,,,,,,,,,,,,,,,,,,,,
,,,,,,,,,,,,,,,,,,,,,,,,,,,,,,,,,,,,,,,
,,,,,,,,,,,,,,,,,,,,,,,,,,,,,,,,,,,,,,,
,,,,,,,,,,,,,,,,,,,,,,,,,,,,,,,,,,,,,,,
,,,,,,,,,,,,,,,,,,,,,,,,,,,,,,,,,,,,,,,
,,,,,,,,,,,,,,,,,,,,,,,,,,,,,,,,,,,,,,,
,,,,,,,,,,,,,,,,,,,,,,,,,,,,,,,,,,,,,,,
,,,,,,,,,,,,,,,,,,,,,,,,,,,,,,,,,,,,,,,
,,,,,,,,,,,,,,,,,,,,,,,,,,,,,,,,,,,,,,,
,,,,,,,,,,,,,,,,,,,,,,,,,,,,,,,,,,,,,,,
,,,,,,,,,,,,,,,,,,,,,,,,,,,,,,,,,,,,,,,
,,,,,,,,,,,,,,,,,,,,,,,,,,,,,,,,,,,,,,,
,,,,,,,,,,,,,,,,,,,,,,,,,,,,,,,,,,,,,,,
,,,,,,,,,,,,,,,,,,,,,,,,,,,,,,,,,,,,,,,
,,,,,,,,,,,,,,,,,,,,,,,,,,,,,,,,,,,,,,,
,,,,,,,,,,,,,,,,,,,,,,,,,,,,,,,,,,,,,,,
,,,,,,,,,,,,,,,,,,,,,,,,,,,,,,,,,,,,,,,
,,,,,,,,,,,,,,,,,,,,,,,,,,,,,,,,,,,,,,,
,,,,,,,,,,,,,,,,,,,,,,,,,,,,,,,,,,,,,,,
,,,,,,,,,,,,,,,,,,,,,,,,,,,,,,,,,,,,,,,
,,,,,,,,,,,,,,,,,,,,,,,,,,,,,,,,,,,,,,,
,,,,,,,,,,,,,,,,,,,,,,,,,,,,,,,,,,,,,,,
,,,,,,,,,,,,,,,,,,,,,,,,,,,,,,,,,,,,,,,
,,,,,,,,,,,,,,,,,,,,,,,,,,,,,,,,,,,,,,,
,,,,,,,,,,,,,,,,,,,,,,,,,,,,,,,,,,,,,,,
,,,,,,,,,,,,,,,,,,,,,,,,,,,,,,,,,,,,,,,
,,,,,,,,,,,,,,,,,,,,,,,,,,,,,,,,,,,,,,,
,,,,,,,,,,,,,,,,,,,,,,,,,,,,,,,,,,,,,,,
,,,,,,,,,,,,,,,,,,,,,,,,,,,,,,,,,,,,,,,
,,,,,,,,,,,,,,,,,,,,,,,,,,,,,,,,,,,,,,,
,,,,,,,,,,,,,,,,,,,,,,,,,,,,,,,,,,,,,,,
,,,,,,,,,,,,,,,,,,,,,,,,,,,,,,,,,,,,,,,
,,,,,,,,,,,,,,,,,,,,,,,,,,,,,,,,,,,,,,,
,,,,,,,,,,,,,,,,,,,,,,,,,,,,,,,,,,,,,,,
,,,,,,,,,,,,,,,,,,,,,,,,,,,,,,,,,,,,,,,
,,,,,,,,,,,,,,,,,,,,,,,,,,,,,,,,,,,,,,,
,,,,,,,,,,,,,,,,,,,,,,,,,,,,,,,,,,,,,,,
,,,,,,,,,,,,,,,,,,,,,,,,,,,,,,,,,,,,,,,
,,,,,,,,,,,,,,,,,,,,,,,,,,,,,,,,,,,,,,,
,,,,,,,,,,,,,,,,,,,,,,,,,,,,,,,,,,,,,,,
,,,,,,,,,,,,,,,,,,,,,,,,,,,,,,,,,,,,,,,
,,,,,,,,,,,,,,,,,,,,,,,,,,,,,,,,,,,,,,,
,,,,,,,,,,,,,,,,,,,,,,,,,,,,,,,,,,,,,,,
,,,,,,,,,,,,,,,,,,,,,,,,,,,,,,,,,,,,,,,
,,,,,,,,,,,,,,,,,,,,,,,,,,,,,,,,,,,,,,,
,,,,,,,,,,,,,,,,,,,,,,,,,,,,,,,,,,,,,,,
,,,,,,,,,,,,,,,,,,,,,,,,,,,,,,,,,,,,,,,
,,,,,,,,,,,,,,,,,,,,,,,,,,,,,,,,,,,,,,,
,,,,,,,,,,,,,,,,,,,,,,,,,,,,,,,,,,,,,,,
,,,,,,,,,,,,,,,,,,,,,,,,,,,,,,,,,,,,,,,
,,,,,,,,,,,,,,,,,,,,,,,,,,,,,,,,,,,,,,,
,,,,,,,,,,,,,,,,,,,,,,,,,,,,,,,,,,,,,,,
,,,,,,,,,,,,,,,,,,,,,,,,,,,,,,,,,,,,,,,
,,,,,,,,,,,,,,,,,,,,,,,,,,,,,,,,,,,,,,,
,,,,,,,,,,,,,,,,,,,,,,,,,,,,,,,,,,,,,,,
,,,,,,,,,,,,,,,,,,,,,,,,,,,,,,,,,,,,,,,
,,,,,,,,,,,,,,,,,,,,,,,,,,,,,,,,,,,,,,,
,,,,,,,,,,,,,,,,,,,,,,,,,,,,,,,,,,,,,,,
,,,,,,,,,,,,,,,,,,,,,,,,,,,,,,,,,,,,,,,
,,,,,,,,,,,,,,,,,,,,,,,,,,,,,,,,,,,,,,,
,,,,,,,,,,,,,,,,,,,,,,,,,,,,,,,,,,,,,,,
,,,,,,,,,,,,,,,,,,,,,,,,,,,,,,,,,,,,,,,
,,,,,,,,,,,,,,,,,,,,,,,,,,,,,,,,,,,,,,,
,,,,,,,,,,,,,,,,,,,,,,,,,,,,,,,,,,,,,,,
,,,,,,,,,,,,,,,,,,,,,,,,,,,,,,,,,,,,,,,
,,,,,,,,,,,,,,,,,,,,,,,,,,,,,,,,,,,,,,,
,,,,,,,,,,,,,,,,,,,,,,,,,,,,,,,,,,,,,,,
,,,,,,,,,,,,,,,,,,,,,,,,,,,,,,,,,,,,,,,
,,,,,,,,,,,,,,,,,,,,,,,,,,,,,,,,,,,,,,,
,,,,,,,,,,,,,,,,,,,,,,,,,,,,,,,,,,,,,,,
,,,,,,,,,,,,,,,,,,,,,,,,,,,,,,,,,,,,,,,
,,,,,,,,,,,,,,,,,,,,,,,,,,,,,,,,,,,,,,,
,,,,,,,,,,,,,,,,,,,,,,,,,,,,,,,,,,,,,,,
,,,,,,,,,,,,,,,,,,,,,,,,,,,,,,,,,,,,,,,
,,,,,,,,,,,,,,,,,,,,,,,,,,,,,,,,,,,,,,,
,,,,,,,,,,,,,,,,,,,,,,,,,,,,,,,,,,,,,,,
,,,,,,,,,,,,,,,,,,,,,,,,,,,,,,,,,,,,,,,
,,,,,,,,,,,,,,,,,,,,,,,,,,,,,,,,,,,,,,,
,,,,,,,,,,,,,,,,,,,,,,,,,,,,,,,,,,,,,,,
,,,,,,,,,,,,,,,,,,,,,,,,,,,,,,,,,,,,,,,
,,,,,,,,,,,,,,,,,,,,,,,,,,,,,,,,,,,,,,,
,,,,,,,,,,,,,,,,,,,,,,,,,,,,,,,,,,,,,,,
,,,,,,,,,,,,,,,,,,,,,,,,,,,,,,,,,,,,,,,
,,,,,,,,,,,,,,,,,,,,,,,,,,,,,,,,,,,,,,,
,,,,,,,,,,,,,,,,,,,,,,,,,,,,,,,,,,,,,,,
,,,,,,,,,,,,,,,,,,,,,,,,,,,,,,,,,,,,,,,
,,,,,,,,,,,,,,,,,,,,,,,,,,,,,,,,,,,,,,,
,,,,,,,,,,,,,,,,,,,,,,,,,,,,,,,,,,,,,,,
,,,,,,,,,,,,,,,,,,,,,,,,,,,,,,,,,,,,,,,
,,,,,,,,,,,,,,,,,,,,,,,,,,,,,,,,,,,,,,,
,,,,,,,,,,,,,,,,,,,,,,,,,,,,,,,,,,,,,,,
,,,,,,,,,,,,,,,,,,,,,,,,,,,,,,,,,,,,,,,
,,,,,,,,,,,,,,,,,,,,,,,,,,,,,,,,,,,,,,,
,,,,,,,,,,,,,,,,,,,,,,,,,,,,,,,,,,,,,,,
,,,,,,,,,,,,,,,,,,,,,,,,,,,,,,,,,,,,,,,
,,,,,,,,,,,,,,,,,,,,,,,,,,,,,,,,,,,,,,,
,,,,,,,,,,,,,,,,,,,,,,,,,,,,,,,,,,,,,,,
,,,,,,,,,,,,,,,,,,,,,,,,,,,,,,,,,,,,,,,
,,,,,,,,,,,,,,,,,,,,,,,,,,,,,,,,,,,,,,,
,,,,,,,,,,,,,,,,,,,,,,,,,,,,,,,,,,,,,,,
,,,,,,,,,,,,,,,,,,,,,,,,,,,,,,,,,,,,,,,
,,,,,,,,,,,,,,,,,,,,,,,,,,,,,,,,,,,,,,,
,,,,,,,,,,,,,,,,,,,,,,,,,,,,,,,,,,,,,,,
,,,,,,,,,,,,,,,,,,,,,,,,,,,,,,,,,,,,,,,
,,,,,,,,,,,,,,,,,,,,,,,,,,,,,,,,,,,,,,,
,,,,,,,,,,,,,,,,,,,,,,,,,,,,,,,,,,,,,,,
,,,,,,,,,,,,,,,,,,,,,,,,,,,,,,,,,,,,,,,
,,,,,,,,,,,,,,,,,,,,,,,,,,,,,,,,,,,,,,,
,,,,,,,,,,,,,,,,,,,,,,,,,,,,,,,,,,,,,,,
,,,,,,,,,,,,,,,,,,,,,,,,,,,,,,,,,,,,,,,
,,,,,,,,,,,,,,,,,,,,,,,,,,,,,,,,,,,,,,,
,,,,,,,,,,,,,,,,,,,,,,,,,,,,,,,,,,,,,,,
,,,,,,,,,,,,,,,,,,,,,,,,,,,,,,,,,,,,,,,
,,,,,,,,,,,,,,,,,,,,,,,,,,,,,,,,,,,,,,,
,,,,,,,,,,,,,,,,,,,,,,,,,,,,,,,,,,,,,,,
,,,,,,,,,,,,,,,,,,,,,,,,,,,,,,,,,,,,,,,
,,,,,,,,,,,,,,,,,,,,,,,,,,,,,,,,,,,,,,,
,,,,,,,,,,,,,,,,,,,,,,,,,,,,,,,,,,,,,,,
,,,,,,,,,,,,,,,,,,,,,,,,,,,,,,,,,,,,,,,
,,,,,,,,,,,,,,,,,,,,,,,,,,,,,,,,,,,,,,,
,,,,,,,,,,,,,,,,,,,,,,,,,,,,,,,,,,,,,,,
,,,,,,,,,,,,,,,,,,,,,,,,,,,,,,,,,,,,,,,
,,,,,,,,,,,,,,,,,,,,,,,,,,,,,,,,,,,,,,,
,,,,,,,,,,,,,,,,,,,,,,,,,,,,,,,,,,,,,,,
,,,,,,,,,,,,,,,,,,,,,,,,,,,,,,,,,,,,,,,
,,,,,,,,,,,,,,,,,,,,,,,,,,,,,,,,,,,,,,,
,,,,,,,,,,,,,,,,,,,,,,,,,,,,,,,,,,,,,,,
,,,,,,,,,,,,,,,,,,,,,,,,,,,,,,,,,,,,,,,
,,,,,,,,,,,,,,,,,,,,,,,,,,,,,,,,,,,,,,,
,,,,,,,,,,,,,,,,,,,,,,,,,,,,,,,,,,,,,,,
,,,,,,,,,,,,,,,,,,,,,,,,,,,,,,,,,,,,,,,
,,,,,,,,,,,,,,,,,,,,,,,,,,,,,,,,,,,,,,,
,,,,,,,,,,,,,,,,,,,,,,,,,,,,,,,,,,,,,,,
,,,,,,,,,,,,,,,,,,,,,,,,,,,,,,,,,,,,,,,
,,,,,,,,,,,,,,,,,,,,,,,,,,,,,,,,,,,,,,,
,,,,,,,,,,,,,,,,,,,,,,,,,,,,,,,,,,,,,,,
,,,,,,,,,,,,,,,,,,,,,,,,,,,,,,,,,,,,,,,
,,,,,,,,,,,,,,,,,,,,,,,,,,,,,,,,,,,,,,,
,,,,,,,,,,,,,,,,,,,,,,,,,,,,,,,,,,,,,,,
,,,,,,,,,,,,,,,,,,,,,,,,,,,,,,,,,,,,,,,
Vicious Bunny Paws,ARMS\arm1_easterbunny.txt,ARMS\arm2_easterbunny.txt,6,143,0,0,1,0,5070,238,579,,,,,,,,,,,,,,,,,,45,10,15,10,,,,,,,LARM2999
Easter Bunny Paws,ARMS\arm1_easterbunny.txt,ARMS\arm2_easterbunny.txt,6,143,0,0,1,10,5070,238,579,93,1,1830,1,,,,,,,,,,,,,,45,10,15,10,,,,,,,LARM3000
Wizard's Gloves,ARMS\arm1_magic_school.txt,ARMS\arm2_magic_school.txt,6,143,0,0,1,0,5083,238,579,,,,,,,,,,,,,,,,,,45,,15,10,,,,,,,LARM3001
Brown Cadet Gloves,ARMS\arm1_soldier_brown.txt,ARMS\arm2_soldier_brown.txt,6,143,0,0,1,0,5096,238,579,,,,,,,,,,,,,,,,,,45,,15,10,,,,,,,LARM3002
Blue Cadet Gloves,ARMS\arm1_soldier.txt,ARMS\arm2_soldier.txt,6,143,0,0,1,0,5109,238,579,,,,,,,,,,,,,,,,,,45,,15,10,,,,,,,LARM3003
Black Cadet Gloves,ARMS\arm1_soldier_black.txt,ARMS\arm2_soldier_black.txt,6,143,0,0,1,0,5122,238,579,,,,,,,,,,,,,,,,,,45,,15,10,,,,,,,LARM3004
Green Cadet Gloves,ARMS\arm1_soldier_green.txt,ARMS\arm2_soldier_green.txt,6,143,0,0,1,0,5135,238,579,,,,,,,,,,,,,,,,,,45,,15,10,,,,,,,LARM3005
,,,,,,,,,,,,,,,,,,,,,,,,,,,,,,,,,,,,,,,
,,,,,,,,,,,,,,,,,,,,,,,,,,,,,,,,,,,,,,,
,,,,,,,,,,,,,,,,,,,,,,,,,,,,,,,,,,,,,,,
,,,,,,,,,,,,,,,,,,,,,,,,,,,,,,,,,,,,,,,
Inmate Gloves,ARMS\arm1_prisoner_orange.txt,ARMS\arm2_prisoner_orange.txt,7,143,0,0,1,0,5074,238,579,,,,,,,,,,,,,,,,,,45,,15,10,,,,,,,LARM3010
Prisoner Gloves,ARMS\arm1_prisoner.txt,ARMS\arm2_prisoner.txt,7,143,0,0,1,0,5087,238,579,,,,,,,,,,,,,,,,,,45,,15,10,,,,,,,LARM3011
Police Watch,ARMS\arm1_police.txt,ARMS\arm2_police.txt,7,143,0,0,1,0,5100,238,579,,,,,,,,,,,,,,,,,,45,,15,10,,,,,,,LARM3012
Highway Patrol Watch,ARMS\arm1_police_CHP.txt,ARMS\arm2_police_CHP.txt,7,143,0,0,1,0,5113,238,579,,,,,,,,,,,,,,,,,,45,,15,10,,,,,,,LARM3013
Fire Rescue Gloves,ARMS\arm1_fireman.txt,ARMS\arm2_fireman.txt,7,143,0,0,1,0,5126,238,579,,,,,,,,,,,,,,,,,,45,,15,10,,,,,,,LARM3014
Fire Fighter Gloves,ARMS\arm1_fireman_black.txt,ARMS\arm2_fireman_black.txt,7,143,0,0,1,0,5139,238,579,,,,,,,,,,,,,,,,,,45,,15,10,,,,,,,LARM3015
Cowboy Gloves,ARMS\arm1_cowboy.txt,ARMS\arm2_cowboy.txt,7,143,0,0,1,0,5152,238,579,,,,,,,,,,,,,,,,,,45,,15,10,,,,,,,LARM3016
Indian Handwraps,ARMS\arm1_indian.txt,ARMS\arm2_indian.txt,7,143,0,0,1,0,5165,238,579,,,,,,,,,,,,,,,,,,45,,15,10,,,,,,,LARM3017
Doctor Gloves,ARMS\arm1_doctor.txt,ARMS\arm2_doctor.txt,7,143,0,0,1,0,5178,238,579,,,,,,,,,,,,,,,,,,45,,15,10,,,,,,,LARM3018
Hunter Gloves,ARMS\arm1_hunter.txt,ARMS\arm2_hunter.txt,7,143,0,0,1,0,5191,238,579,,,,,,,,,,,,,,,,,,45,,15,10,,,,,,,LARM3019
Warlock Gloves,ARMS\arm1_warlock2.txt,ARMS\arm2_warlock2.txt,7,143,0,0,1,0,5204,238,579,,,,,,,,,,,,,,,,,,45,,15,10,,,,,,,LARM3020
Alien Hands,ARMS\arm1_alien.txt,ARMS\arm2_alien.txt,7,143,0,0,1,0,5217,238,579,,,,,,,,,,,,,,,,,,45,,15,10,,,,,,,LARM3021
Caveman Handwraps,ARMS\arm1_caveman.txt,ARMS\arm2_caveman.txt,7,143,0,0,1,0,5078,238,579,,,,,,,,,,,,,,,,,,45,,15,10,,,,,,,LARM3022
,,,,,,,,,,,,,,,,,,,,,,,,,,,,,,,,,,,,,,,
,,,,,,,,,,,,,,,,,,,,,,,,,,,,,,,,,,,,,,,
Shark Hands,ARMS\arm1_shark.txt,ARMS\arm2_shark.txt,6,143,0,0,1,10,5184,238,579,93,1,1836,1,,,,,,,,,,,,,,30,10,15,10,,,,,,,LARM3025
,,,,,,,,,,,,,,,,,,,,,,,,,,,,,,,,,,,,,,,
Hip Hopper Gloves,ARMS\arm1_hiphop.txt,ARMS\arm2_hiphop.txt,7,143,0,0,1,10,7841,238,579,,,,,,,,,,,,,,,,,,30,,15,10,,,,,,,LARM3027
Crazy Twenties Gloves,ARMS\arm1_hiphop.txt,ARMS\arm2_hiphop.txt,6,143,0,0,1,10,7842,238,579,,,,,,,,,,,,,,,,,,30,,15,10,,,,,,,LARM3028
Rockabilly Gloves,ARMS\arm1_hiphop.txt,ARMS\arm2_hiphop.txt,6,143,0,0,1,10,7843,238,579,,,,,,,,,,,,,,,,,,30,,15,10,,,,,,,LARM3029
HipHop Gloves,ARMS\arm1_hiphop.txt,ARMS\arm2_hiphop.txt,7,143,0,0,1,10,6397,238,579,,,,,,,,,,,,,,,,,,30,,15,10,,,,,,,LARM3030
Shakespearean Gloves,ARMS\arm1_shakespearean.txt,ARMS\arm2_shakespearean.txt,7,143,0,0,1,10,6401,238,579,,,,,,,,,,,,,,,,,,30,,15,10,,,,,,,LARM3031
Spartan Wraps,ARMS\arm1_spartan.txt,ARMS\arm2_spartan.txt,7,143,0,0,1,10,6405,238,579,,,,,,,,,,,,,,,,,,30,,15,10,,,,,,,LARM3032
,,,,,,,,,,,,,,,,,,,,,,,,,,,,,,,,,,,,,,,
Blue Snowman Gloves,ARMS\snowman_arm_m_black_1203_cr.txt,ARMS\snowman_arm_f_black_1203_cr.txt,6,143,1000,0,1,10,5220,242,579,,,,,,,,,,,,,,,,,,30,,26,5,,,,,,,LARM3034
Black Snowman Gloves,ARMS\snowman_arm_m_black_1203_cr.txt,ARMS\snowman_arm_f_black_1203_cr.txt,6,143,1000,0,1,10,5221,242,579,,,,,,,,,,,,,,,,,,30,,26,5,,,,,,,LARM3035
Tiger Snowman Gloves,ARMS\snowman_arm_m_orange_1203_cr.txt,ARMS\snowman_arm_f_orange_1203_cr.txt,6,143,1000,0,1,10,5222,242,579,,,,,,,,,,,,,,,,,,30,,26,5,,,,,,,LARM3036
Pink Snowman Gloves,ARMS\snowman_arm_m_pink_1203_cr.txt,ARMS\snowman_arm_f_pink_1203_cr.txt,6,143,1000,0,1,10,5223,242,579,,,,,,,,,,,,,,,,,,30,,26,5,,,,,,,LARM3037
Snow Bear Gloves,ARMS\snowman_arm_m_pink_1203_cr.txt,ARMS\snowman_arm_f_pink_1203_cr.txt,6,143,100,0,1,10,6781,242,579,,,,,,,,,,,,,,,,,,30,,26,5,,,,,,,LARM3038
Pink Snow Bear Gloves,ARMS\snowman_arm_m_pink_1203_cr.txt,ARMS\snowman_arm_f_pink_1203_cr.txt,6,143,100,0,1,10,7719,242,579,,,,,,,,,,,,,,,,,,30,,26,5,,,,,,,LARM3039
Blue Snow Bear Gloves,ARMS\snowman_arm_m_pink_1203_cr.txt,ARMS\snowman_arm_f_pink_1203_cr.txt,6,143,100,0,1,10,6781,242,579,,,,,,,,,,,,,,,,,,30,,26,5,,,,,,,LARM3040
Glamorous Gloves,,,6,143,0,0,1,10,7860,238,579,,,,,,,,,,,,,,,,,,30,,15,10,,,,,,,LARM3041
Blue Party Gloves,,,6,143,0,0,1,10,8226,238,579,,,,,,,,,,,,,,,,,,30,,15,10,,,,,,,LARM3042
Red Party Gloves,,,6,143,0,0,1,10,8227,238,579,,,,,,,,,,,,,,,,,,30,,15,10,,,,,,,LARM3043
Styled Festival Gloves,,,6,143,0,0,1,10,9128,238,579,,,,,,,,,,,,,,,,,,30,,15,10,,,,,,,LARM3044
Dancing Fever Gloves,,,6,143,0,0,1,10,9127,238,579,,,,,,,,,,,,,,,,,,30,,15,10,,,,,,,LARM3045
,,,,,,,,,,,,,,,,,,,,,,,,,,,,,,,,,,,,,,,
,,,,,,,,,,,,,,,,,,,,,,,,,,,,,,,,,,,,,,,
,,,,,,,,,,,,,,,,,,,,,,,,,,,,,,,,,,,,,,,
,,,,,,,,,,,,,,,,,,,,,,,,,,,,,,,,,,,,,,,
,,,,,,,,,,,,,,,,,,,,,,,,,,,,,,,,,,,,,,,
,,,,,,,,,,,,,,,,,,,,,,,,,,,,,,,,,,,,,,,
,,,,,,,,,,,,,,,,,,,,,,,,,,,,,,,,,,,,,,,
,,,,,,,,,,,,,,,,,,,,,,,,,,,,,,,,,,,,,,,
,,,,,,,,,,,,,,,,,,,,,,,,,,,,,,,,,,,,,,,
,,,,,,,,,,,,,,,,,,,,,,,,,,,,,,,,,,,,,,,
,,,,,,,,,,,,,,,,,,,,,,,,,,,,,,,,,,,,,,,
Winged Gloves,ARMS\battlemage_arm_m_0601_cr.txt,ARMS\battlemage_arm_f_0601_cr.txt,7,143,1000,0,1,10,6455,242,579,,,,,,,,,,,,,,,,,,30,,12,10,,,,,,0,LARM3057
Black Winged Gloves,ARMS\battlemage_arm_m_0601_cr.txt,ARMS\battlemage_arm_f_0601_cr.txt,7,143,1000,0,1,10,5168,242,579,,,,,,,,,,,,,,,,,,30,,12,10,,,,,,0,LARM3058
,,,,,,,,,,,,,,,,,,,,,,,,,,,,,,,,,,,,,,,
,,,,,,,,,,,,,,,,,,,,,,,,,,,,,,,,,,,,,,,
,,,,,,,,,,,,,,,,,,,,,,,,,,,,,,,,,,,,,,,
,,,,,,,,,,,,,,,,,,,,,,,,,,,,,,,,,,,,,,,
,,,,,,,,,,,,,,,,,,,,,,,,,,,,,,,,,,,,,,,
,,,,,,,,,,,,,,,,,,,,,,,,,,,,,,,,,,,,,,,
,,,,,,,,,,,,,,,,,,,,,,,,,,,,,,,,,,,,,,,
,,,,,,,,,,,,,,,,,,,,,,,,,,,,,,,,,,,,,,,
,,,,,,,,,,,,,,,,,,,,,,,,,,,,,,,,,,,,,,,
Frozen Corpse Gloves,ARMS/arm1_frozen_corpse.txt,ARMS/arm2_frozen_corpse.txt,6,143,1000,0,1,14,6501,242,579,,,,,,,,,,,,,,,,,,30,,10,9,,,,,,,LARM3068
Military Leader's Gloves,,,7,143,0,0,1,0,8521,238,579,,,,,,,,,,,,,,,,,,30,,10,8,,,,,,,LARM3069
Cat Paws,,,7,143,0,0,1,0,8522,238,579,,,,,,,,,,,,,,,,,,30,,10,8,,,,,,,LARM3070
Dog Paws,,,7,143,0,0,1,0,8523,238,579,,,,,,,,,,,,,,,,,,30,,10,8,,,,,,,LARM3071
,,,,,,,,,,,,,,,,,,,,,,,,,,,,,,,,,,,,,,,
,,,,,,,,,,,,,,,,,,,,,,,,,,,,,,,,,,,,,,,
Cute Blue School Mitts,ARMS\arm1_cuteschool_blue.txt,ARMS\arm2_cuteschool_blue.txt,7,143,0,0,1,0,6517,238,579,,,,,,,,,,,,,,,,,,30,,10,8,,,,,,,LARM3074
Cute School Mitts,ARMS\arm1_cuteschool.txt,ARMS\arm2_cuteschool.txt,7,143,0,0,1,0,6518,238,579,,,,,,,,,,,,,,,,,,30,,10,8,,,,,,,LARM3075
Purple Magician Gloves,ARMS\arm1_dark_magician.txt,ARMS\arm2_dark_magician.txt,7,143,0,0,1,0,6519,238,579,,,,,,,,,,,,,,,,,,30,,10,8,,,,,,,LARM3076
Red Magician Gloves,ARMS\arm1_dark_magician_red.txt,ARMS\arm2_dark_magician_red.txt,7,143,0,0,1,0,6520,238,579,,,,,,,,,,,,,,,,,,30,,10,8,,,,,,,LARM3077
Narwhal Fins,ARMS/arm1_narwhal.txt,ARMS/arm2_narwhal.txt,7,143,0,0,1,0,6521,238,579,,,,,,,,,,,,,,,,,,30,,10,8,,,,,,,LARM3078
Fox Paws,ARMS/arm1_fox_costume.txt,ARMS/arm2_fox_costume.txt,7,143,0,0,1,0,6522,238,579,,,,,,,,,,,,,,,,,,30,,10,8,,,,,,,LARM3079
Red Walker Gloves,ARMS\magicknight_red_m_arm_0115_cr.txt,ARMS\magicknight_red_f_arm_0115_cr.txt,6,143,0,0,1,0,2891,238,579,,,,,,,,,,,,,,,,,,30,,10,8,,,,,,,LARM3080
Cow Hooves,ARMS/arm1_fox_costume.txt,ARMS/arm2_fox_costume.txt,7,143,0,0,1,0,3452,238,579,,,,,,,,,,,,,,,,,,30,,10,8,,,,,,,LARM3081
Dragon Claws,ARMS/arm1_fox_costume.txt,ARMS/arm2_fox_costume.txt,7,143,0,0,1,0,3453,238,579,,,,,,,,,,,,,,,,,,30,,10,8,,,,,,,LARM3082
,,,,,,,,,,,,,,,,,,,,,,,,,,,,,,,,,,,,,,,
,,,,,,,,,,,,,,,,,,,,,,,,,,,,,,,,,,,,,,,
,,,,,,,,,,,,,,,,,,,,,,,,,,,,,,,,,,,,,,,
Red Jester Gloves,ARMS\masquerade_arm02_joker_m_0418_cr.txt,ARMS\masquerade_arm_joker_f_0418_cr.txt,7,143,0,0,1,0,6660,238,579,,,,,,,,,,,,,,,,,,30,,10,8,,,,,,,LARM3086
Blue Jester Gloves,ARMS\masquerade_arm_joker_white_m_0418_cr.txt,ARMS\masquerade_arm_joker_white_f_0418_cr.txt,7,143,0,0,1,0,6660,238,579,,,,,,,,,,,,,,,,,,30,,10,8,,,,,,,LARM3087
,,,,,,,,,,,,,,,,,,,,,,,,,,,,,,,,,,,,,,,
,,,,,,,,,,,,,,,,,,,,,,,,,,,,,,,,,,,,,,,
,,,,,,,,,,,,,,,,,,,,,,,,,,,,,,,,,,,,,,,
,,,,,,,,,,,,,,,,,,,,,,,,,,,,,,,,,,,,,,,
,,,,,,,,,,,,,,,,,,,,,,,,,,,,,,,,,,,,,,,
,,,,,,,,,,,,,,,,,,,,,,,,,,,,,,,,,,,,,,,
,,,,,,,,,,,,,,,,,,,,,,,,,,,,,,,,,,,,,,,
,,,,,,,,,,,,,,,,,,,,,,,,,,,,,,,,,,,,,,,
,,,,,,,,,,,,,,,,,,,,,,,,,,,,,,,,,,,,,,,
,,,,,,,,,,,,,,,,,,,,,,,,,,,,,,,,,,,,,,,
,,,,,,,,,,,,,,,,,,,,,,,,,,,,,,,,,,,,,,,
,,,,,,,,,,,,,,,,,,,,,,,,,,,,,,,,,,,,,,,
,,,,,,,,,,,,,,,,,,,,,,,,,,,,,,,,,,,,,,,
,,,,,,,,,,,,,,,,,,,,,,,,,,,,,,,,,,,,,,,
,,,,,,,,,,,,,,,,,,,,,,,,,,,,,,,,,,,,,,,
,,,,,,,,,,,,,,,,,,,,,,,,,,,,,,,,,,,,,,,
,,,,,,,,,,,,,,,,,,,,,,,,,,,,,,,,,,,,,,,
,,,,,,,,,,,,,,,,,,,,,,,,,,,,,,,,,,,,,,,
,,,,,,,,,,,,,,,,,,,,,,,,,,,,,,,,,,,,,,,
Badass Love Bracelets,ARMS\arm1_Idol_costume.txt,ARMS\arm2_Idol_costume.txt,6,143,0,0,1,0,7372,242,579,,,,,,,,,,,,,,,,,,30,,10,8,,,,,,,LARM3107
Tango Hand Accessories,ARMS\arm1_Idol_costume.txt,ARMS\arm2_Idol_costume.txt,6,143,0,0,1,0,7371,242,579,,,,,,,,,,,,,,,,,,30,,10,8,,,,,,,LARM3108
Gingerbread Man Arms,ARMS\arm1_ginger.txt,ARMS\arm2_ginger.txt,6,143,0,0,1,0,6774,242,579,,,,,,,,,,,,,14,5,,23,50,30,,10,8,,,,,,,LARM3109
Festive Christmas Gloves,ARMS\arm1_cristmas2012.txt,ARMS\arm2_cristmas2012.txt,6,143,0,0,1,0,6773,242,579,,,,,,,,,,,,,,,,,,30,,10,8,,,,,,,LARM3110
Cocoa Gingerbread Gloves,ARMS\arm1_gingerbread_dark_brown.txt,ARMS\arm2_gingerbread_dark_brown.txt,6,143,0,0,1,0,6774,242,579,,,,,,,,,,,,,,,,,,30,,10,8,,,,,,,LARM3111
Vanilla Gingerbread Gloves,ARMS\arm1_gingerbread_light_brown.txt,ARMS\arm2_gingerbread_light_brown.txt,6,143,0,0,1,0,6775,242,579,,,,,,,,,,,,,,,,,,30,,10,8,,,,,,,LARM3112
Rudolph Gloves,ARMS\arm1_rudolph.txt,ARMS\arm2_rudolph.txt,6,143,0,0,1,0,6776,242,579,,,,,,,,,,,,,,,,,,30,,10,8,,,,,,,LARM3113
Snowman Gloves,ARMS\arm1_snowman.txt,ARMS\arm2_snowman.txt,6,143,0,0,1,0,6777,242,579,,,,,,,,,,,,,,,,,,30,,10,8,,,,,,,LARM3114
Gingerbread Hands,ARMS\arm1_gingerbread.txt,ARMS\arm2_gingerbread.txt,6,143,0,0,1,0,6778,242,579,,,,,,,,,,,,,,,,,,30,,10,8,,,,,,,LARM3115
Merry Holiday Party Gloves,ARMS\arm1_Holiday_Party_Wear_b.txt,ARMS\arm2_Holiday_Party_Wear_b.txt,6,143,0,0,1,0,6779,242,579,,,,,,,,,,,,,,,,,,30,,10,8,,,,,,,LARM3116
Jolly Holiday Party Gloves,ARMS\arm1_Holiday_Party_Wear_g.txt,ARMS\arm2_Holiday_Party_Wear_g.txt,6,143,0,0,1,0,6780,242,579,,,,,,,,,,,,,,,,,,30,,10,8,,,,,,,LARM3117
Christmas Joy Gloves,ARMS\snowman_arm_m_pink_1203_cr.txt,ARMS\snowman_arm_f_pink_1203_cr.txt,6,143,100,0,1,10,6783,242,579,,,,,,,,,,,,,,,,,,30,,26,5,,,,,,,LARM3118
Royal Winter Gloves,ARMS\snowman_arm_m_pink_1203_cr.txt,ARMS\snowman_arm_f_pink_1203_cr.txt,6,143,100,0,1,10,7303,242,579,,,,,,,,,,,,,,,,,,30,,26,5,,,,,,,LARM3119
Pop Idol Pink Gloves,ARMS\arm1_Idol_costume.txt,ARMS\arm2_Idol_costume.txt,6,143,0,0,1,0,6865,242,579,,,,,,,,,,,,,,,,,,30,,10,8,,,,,,,LARM3120
Pop Idol Blue Gloves,ARMS\arm1_Idol_costume_blue.txt,ARMS\arm2_Idol_costume_blue.txt,6,143,0,0,1,0,6866,242,579,,,,,,,,,,,,,,,,,,30,,10,8,,,,,,,LARM3121
Pop Idol Green Gloves,ARMS\arm1_Idol_costume_green.txt,ARMS\arm2_Idol_costume_green.txt,6,143,0,0,1,0,6867,242,579,,,,,,,,,,,,,,,,,,30,,10,8,,,,,,,LARM3122
,,,,,,,,,,,,,,,,,,,,,,,,,,,,,,,,,,,,,,,
,,,,,,,,,,,,,,,,,,,,,,,,,,,,,,,,,,,,,,,
Red Samurai Gloves,ARMS\arm1_samurai.txt,ARMS\arm2_samurai.txt,10,143,0,0,0,0,7111,242,579,,,,,,,,,,,,,,,,,,30,,10,8,,,,,,,LARM3125
Blue Samurai Gloves,ARMS\arm1_samurai_blue.txt,ARMS\arm2_samurai_blue.txt,10,143,0,0,0,0,7112,242,579,,,,,,,,,,,,,,,,,,30,,10,8,,,,,,,LARM3126
White Samurai Gloves,ARMS\arm1_samurai_white.txt,ARMS\arm2_samurai_white.txt,10,143,0,0,0,0,7113,242,579,,,,,,,,,,,,,,,,,,30,,10,8,,,,,,,LARM3127
Black Samurai Gloves,ARMS\arm1_samurai_black.txt,ARMS\arm2_samurai_black.txt,10,143,0,0,0,0,7114,242,579,,,,,,,,,,,,,,,,,,30,,10,8,,,,,,,LARM3128
Gold Samurai Gloves,ARMS\arm1_samurai_gold.txt,ARMS\arm2_samurai_gold.txt,10,143,0,0,0,0,7115,242,579,,,,,,,,,,,,,,,,,,30,,10,8,,,,,,,LARM3129
Chemical Handling Gloves,arms\arm1_steampunk_alchemist.txt,arms\arm2_steampunk_alchemist.txt,10,143,0,0,0,0,7116,242,579,,,,,,,,,,,,,,,,,,30,,10,8,,,,,,,LARM3130
Battle Worn Gauntlet,arms\arm1_steampunk_Warrior.txt,arms\arm2_steampunk_Warrior.txt,10,143,0,0,0,0,7117,242,579,,,,,,,,,,,,,,,,,,30,,10,8,,,,,,,LARM3131
Utility Gloves,arms\arm1_steampunk_adventurer.txt,arms\arm2_steampunk_adventurer.txt,10,143,0,0,0,0,7118,242,579,,,,,,,,,,,,,,,,,,30,,10,8,,,,,,,LARM3132
Experimental Mitts,arms\arm1_steampunk_inventor.txt,arms\arm2_steampunk_inventor.txt,10,143,0,0,0,0,7119,242,579,,,,,,,,,,,,,,,,,,30,,10,8,,,,,,,LARM3133
Explorer Rascal's Gloves,ARMS\arm1_explorer_rascal.txt,ARMS\arm2_explorer_rascal.txt,10,143,0,0,0,0,7120,242,579,,,,,,,,,,,,,,,,,,30,,10,8,,,,,,,LARM3134
Heavenly Soldier's Gloves,ARMS\arm1_heavenly_soldier.txt,ARMS\arm2_heavenly_soldier.txt,10,143,0,0,0,0,7121,242,579,,,,,,,,,,,,,,,,,,30,,10,8,,,,,,,LARM3135
Viking Gloves,arms\arm1_Viking.txt,arms\arm2_Viking.txt,10,143,0,0,0,0,7122,242,579,,,,,,,,,,,,,,,,,,30,,10,8,,,,,,,LARM3136
,,,,,,,,,,,,,,,,,,,,,,,,,,,,,,,,,,,,,,,
,,,,,,,,,,,,,,,,,,,,,,,,,,,,,,,,,,,,,,,
,,,,,,,,,,,,,,,,,,,,,,,,,,,,,,,,,,,,,,,
,,,,,,,,,,,,,,,,,,,,,,,,,,,,,,,,,,,,,,,
,,,,,,,,,,,,,,,,,,,,,,,,,,,,,,,,,,,,,,,
,,,,,,,,,,,,,,,,,,,,,,,,,,,,,,,,,,,,,,,
,,,,,,,,,,,,,,,,,,,,,,,,,,,,,,,,,,,,,,,
,,,,,,,,,,,,,,,,,,,,,,,,,,,,,,,,,,,,,,,
,,,,,,,,,,,,,,,,,,,,,,,,,,,,,,,,,,,,,,,
,,,,,,,,,,,,,,,,,,,,,,,,,,,,,,,,,,,,,,,
,,,,,,,,,,,,,,,,,,,,,,,,,,,,,,,,,,,,,,,
,,,,,,,,,,,,,,,,,,,,,,,,,,,,,,,,,,,,,,,
,,,,,,,,,,,,,,,,,,,,,,,,,,,,,,,,,,,,,,,
,,,,,,,,,,,,,,,,,,,,,,,,,,,,,,,,,,,,,,,
,,,,,,,,,,,,,,,,,,,,,,,,,,,,,,,,,,,,,,,
,,,,,,,,,,,,,,,,,,,,,,,,,,,,,,,,,,,,,,,
,,,,,,,,,,,,,,,,,,,,,,,,,,,,,,,,,,,,,,,
,,,,,,,,,,,,,,,,,,,,,,,,,,,,,,,,,,,,,,,
,,,,,,,,,,,,,,,,,,,,,,,,,,,,,,,,,,,,,,,
,,,,,,,,,,,,,,,,,,,,,,,,,,,,,,,,,,,,,,,
,,,,,,,,,,,,,,,,,,,,,,,,,,,,,,,,,,,,,,,
,,,,,,,,,,,,,,,,,,,,,,,,,,,,,,,,,,,,,,,
,,,,,,,,,,,,,,,,,,,,,,,,,,,,,,,,,,,,,,,
,,,,,,,,,,,,,,,,,,,,,,,,,,,,,,,,,,,,,,,
,,,,,,,,,,,,,,,,,,,,,,,,,,,,,,,,,,,,,,,
,,,,,,,,,,,,,,,,,,,,,,,,,,,,,,,,,,,,,,,
Yellow Mermaid Gloves,,,6,143,1000,0,1,10,4418,238,579,,,,,,,,,,,,,,,,,,30,,10,8,,,,,,,LARM3163
Blue Mermaid Gloves,,,6,143,1000,0,1,10,2498,238,579,,,,,,,,,,,,,,,,,,30,,10,8,,,,,,,LARM3164
Mythical Atlantian Gloves,,,6,143,1000,0,1,10,7962,238,579,,,,,,,,,,,,,,,,,,30,,10,8,,,,,,,LARM3165
Splash Down Gloves,ARMS\arm1_Splash_Down_Gear.txt,ARMS\arm2_Splash_Down_Gear.txt,7,143,0,0,1,10,7568,238,579,,,,,,,,,,,,,,,,,,30,,10,8,,,,,,,LARM3166
Beach Walk Gloves,ARMS\arm1_Beach_Walk.txt,ARMS\arm2_Beach_Walk.txt,7,143,0,0,1,10,7572,238,579,,,,,,,,,,,,,,,,,,30,,10,8,,,,,,,LARM3167
Luau Raver Gloves,ARMS\arm1_Luau_Raver.txt,ARMS\arm2_Luau_Raver.txt,7,143,0,0,1,10,7576,238,579,,,,,,,,,,,,,,,,,,30,,10,8,,,,,,,LARM3168
Royal Fortune Gloves,ARMS\arm1_Luau_Raver.txt,ARMS\arm2_Luau_Raver.txt,6,143,0,0,1,10,7535,238,579,,,,,,,,,,,,,,,,,,30,,10,8,,,,,,,LARM3169
Riot Corsair Gloves,ARMS\arm1_Luau_Raver.txt,ARMS\arm2_Luau_Raver.txt,6,143,0,0,1,10,7536,238,579,,,,,,,,,,,,,,,,,,30,,10,8,,,,,,,LARM3170
Outlaw Punk Gloves,ARMS\arm1_Luau_Raver.txt,ARMS\arm2_Luau_Raver.txt,6,143,0,0,1,10,7537,238,579,,,,,,,,,,,,,,,,,,30,,10,8,,,,,,,LARM3171
Halloween Gloves,ARMS\arm1_frankenstien.txt,ARMS\arm2_frankenstien.txt,6,143,1000,0,1,14,5196,242,579,,,,,,,,,,,,,,,,,,30,,10,9,,,,,,,LARM3172
Pumpkin Knight Gloves,ARMS\arm1_frankenstien.txt,ARMS\arm2_frankenstien.txt,6,143,1000,0,1,14,5202,242,579,,,,,,,,,,,,,,,,,,30,,10,9,,,,,,,LARM3173
Black Widow Gloves,,,6,143,1000,0,1,14,5203,242,579,,,,,,,,,,,,,,,,,,30,,10,9,,,,,,,LARM3174
White Highlight Gloves,ARMS\arm1_frankenstien.txt,ARMS\arm2_frankenstien.txt,6,143,1000,0,1,14,7817,242,579,,,,,,,,,,,,,,,,,,30,,10,9,,,,,,,LARM3175
Pink Highlight Gloves,ARMS\arm1_frankenstien.txt,ARMS\arm2_frankenstien.txt,6,143,1000,0,1,14,7818,242,579,,,,,,,,,,,,,,,,,,30,,10,9,,,,,,,LARM3176
Pink Wrapped Gloves,ARMS\arm1_frankenstien.txt,ARMS\arm2_frankenstien.txt,6,143,1000,0,1,14,7832,242,579,,,,,,,,,,,,,,,,,,30,,10,9,,,,,,,LARM3177
Purple Halloween Gloves,ARMS\arm1_frankenstien.txt,ARMS\arm2_frankenstien.txt,6,143,1000,0,1,14,8071,242,579,,,,,,,,,,,,,,,,,,30,,10,9,,,,,,,LARM3178
Oni Kigurumi Gloves,ARMS\arm1_frankenstien.txt,ARMS\arm2_frankenstien.txt,6,143,1000,0,1,14,8077,242,579,,,,,,,,,,,,,,,,,,30,,10,9,,,,,,,LARM3179
Spooky Scarecrow Gloves,,,6,143,1000,0,1,14,8088,242,579,,,,,,,,,,,,,,,,,,30,,10,9,,,,,,,LARM3180
Black Wrapped Gloves,,,6,143,1000,0,1,14,8170,242,579,,,,,,,,,,,,,,,,,,30,,10,9,,,,,,,LARM3181
Pink Beauty Gloves,,,6,143,1000,0,1,14,8181,242,579,,,,,,,,,,,,,,,,,,30,,10,9,,,,,,,LARM3182
White Beauty Gloves,,,6,143,1000,0,1,14,8182,242,579,,,,,,,,,,,,,,,,,,30,,10,9,,,,,,,LARM3183
Peach Rose Hands,,,6,143,1000,0,1,14,8468,242,579,,,,,,,,,,,,,,,,,,30,,10,9,,,,,,,LARM3184
Chocolatier Hands,,,6,143,1000,0,1,14,8473,242,579,,,,,,,,,,,,,,,,,,30,,10,9,,,,,,,LARM3185
Red Halloween Gloves,,,6,143,1000,0,1,14,8621,242,579,,,,,,,,,,,,,,,,,,30,,10,9,,,,,,,LARM3186
Pink Chocolatier Hands,,,6,143,1000,0,1,14,2448,242,579,,,,,,,,,,,,,,,,,,30,,10,9,,,,,,,LARM3187
Pink Marriage Hands,,,6,143,1000,0,1,14,2451,242,579,,,,,,,,,,,,,,,,,,30,,10,9,,,,,,,LARM3188
Orange Halloween Devil Gloves,,,6,143,1000,0,1,14,2815,242,579,,,,,,,,,,,,,,,,,,30,,10,9,,,,,,,LARM3189
Red Halloween Devil Gloves,,,6,143,1000,0,1,14,2818,242,579,,,,,,,,,,,,,,,,,,30,,10,9,,,,,,,LARM3190
,,,,,,,,,,,,,,,,,,,,,,,,,,,,,,,,,,,,,,,
,,,,,,,,,,,,,,,,,,,,,,,,,,,,,,,,,,,,,,,
,,,,,,,,,,,,,,,,,,,,,,,,,,,,,,,,,,,,,,,
,,,,,,,,,,,,,,,,,,,,,,,,,,,,,,,,,,,,,,,
,,,,,,,,,,,,,,,,,,,,,,,,,,,,,,,,,,,,,,,
,,,,,,,,,,,,,,,,,,,,,,,,,,,,,,,,,,,,,,,
,,,,,,,,,,,,,,,,,,,,,,,,,,,,,,,,,,,,,,,
,,,,,,,,,,,,,,,,,,,,,,,,,,,,,,,,,,,,,,,
,,,,,,,,,,,,,,,,,,,,,,,,,,,,,,,,,,,,,,,
Autumn Blossom Gloves,ARMS\arm1_Autumn_Blossom.txt,ARMS\arm2_Autumn_Blossom.txt,6,143,1000,0,1,10,7696,234,579,,,,,,,,,,,,,,,,,,30,,10,10,,,,,,,LARM3200
Winter Polar Gloves,ARMS\arm1_Winter_Polar.txt,ARMS\arm2_Winter_Polar.txt,6,143,1000,0,1,10,7697,234,579,,,,,,,,,,,,,,,,,,30,,10,10,,,,,,,LARM3201
Elegant Winter Gloves,ARMS\arm1_Elegant_Winter.txt,ARMS\arm2_Elegant_Winter.txt,6,143,1000,0,1,10,7698,234,579,,,,,,,,,,,,,,,,,,30,,10,10,,,,,,,LARM3202
Christmas Winter Gloves,ARMS\arm1_Elegant_Winter.txt,ARMS\arm2_Elegant_Winter.txt,6,143,1000,0,1,10,7690,234,579,,,,,,,,,,,,,,,,,,30,,10,10,,,,,,,LARM3203
Christmas Winter Gloves,ARMS\arm1_Elegant_Winter.txt,ARMS\arm2_Elegant_Winter.txt,6,143,1000,0,1,10,7691,234,579,,,,,,,,,,,,,,,,,,30,,10,10,,,,,,,LARM3204
Black Leopard Santa Gloves,ARMS\arm1_Elegant_Winter.txt,ARMS\arm2_Elegant_Winter.txt,6,143,1000,0,1,10,7700,234,579,,,,,,,,,,,,,,,,,,30,,10,10,,,,,,,LARM3205
Leopard Rudolph Gloves,ARMS\arm1_Elegant_Winter.txt,ARMS\arm2_Elegant_Winter.txt,6,143,1000,0,1,10,7704,234,579,,,,,,,,,,,,,,,,,,30,,10,10,,,,,,,LARM3206
Snowman Hands,ARMS\arm1_Elegant_Winter.txt,ARMS\arm2_Elegant_Winter.txt,6,143,1000,0,1,10,7698,234,579,,,,,,,,,,,,,,,,,,30,,10,10,,,,,,,LARM3207
Nice Winter Gloves,ARMS\arm1_Nice_Winter_Costume.txt,ARMS\arm2_Nice_Winter_Costume.txt,6,143,1000,0,1,10,8122,234,579,,,,,,,,,,,,,,,,,,30,,10,10,,,,,,,LARM3208
Pink Winter Gloves,ARMS\arm1_Elegant_Winter.txt,ARMS\arm2_Elegant_Winter.txt,6,143,1000,0,1,10,8129,234,579,,,,,,,,,,,,,,,,,,30,,10,10,,,,,,,LARM3209
Yellow Leopard Santa Gloves,ARMS\arm1_Elegant_Winter.txt,ARMS\arm2_Elegant_Winter.txt,6,143,1000,0,1,10,8133,234,579,,,,,,,,,,,,,,,,,,30,,10,10,,,,,,,LARM3210
Icy Dance Gloves,ARMS\arm1_Elegant_Winter.txt,ARMS\arm2_Elegant_Winter.txt,6,143,1000,0,1,10,8138,234,579,,,,,,,,,,,,,,,,,,30,,10,10,,,,,,,LARM3211
Winter Sleeping Gloves,ARMS\arm1_Elegant_Winter.txt,ARMS\arm2_Elegant_Winter.txt,6,143,1000,0,1,10,8378,234,579,,,,,,,,,,,,,,,,,,30,,10,10,,,,,,,LARM3212
Black Winter Gloves,ARMS\arm1_Elegant_Winter.txt,ARMS\arm2_Elegant_Winter.txt,6,143,1000,0,1,10,8388,234,579,,,,,,,,,,,,,,,,,,30,,10,10,,,,,,,LARM3213
Christmas Fashion Gloves,,,6,143,1000,0,1,10,2434,234,579,,,,,,,,,,,,,,,,,,30,,10,10,,,,,,,LARM3214
Christmas Glamour Gloves,,,6,143,1000,0,1,10,9053,234,579,,,,,,,,,,,,,,,,,,30,,10,10,,,,,,,LARM3215
White Christmas Glamour Gloves,,,6,143,1000,0,1,10,9054,234,579,,,,,,,,,,,,,,,,,,30,,10,10,,,,,,,LARM3216
Chocolate Confectioner Gloves,,,6,143,1000,0,1,14,9075,242,579,,,,,,,,,,,,,,,,,,30,,10,9,,,,,,,LARM3217
Orange Confectioner Gloves,,,6,143,1000,0,1,14,9076,242,579,,,,,,,,,,,,,,,,,,30,,10,9,,,,,,,LARM3218
Cookie Confectioner Gloves,,,6,143,1000,0,1,14,9074,242,579,,,,,,,,,,,,,,,,,,30,,10,9,,,,,,,LARM3219
Strawberry Fondant Gloves,,,6,143,1000,0,1,18,9079,238,579,,,,,,,,,,,,,,,,,,30,,15,5,,,,,,,LARM3220
Wedding Gown Gloves,,,,,,,,,,,,,,,,,,,,,,,,,,,,,,,,,,,,,,,
Green Christmas Glamour Gloves,,,7,143,1000,0,1,10,9276,234,579,,,,,,,,,,,,,,,,,,30,,10,10,,,,,,,LARM3222
Winter Twilight Gloves,,,6,143,1000,0,1,10,9874,234,579,,,,,,,,,,,,,,,,,,30,,10,10,,,,,,,LARM3223
Yuletide Gala Attire Gloves,,,6,143,1000,0,1,10,9878,234,579,,,,,,,,,,,,,,,,,,30,,10,10,,,,,,,LARM3224
Silent Night Gloves,,,7,143,1000,0,1,10,9994,234,579,,,,,,,,,,,,,,,,,,30,,10,10,,,,,,,LARM3225
,,,,,,,,,,,,,,,,,,,,,,,,,,,,,,,,,,,,,,,
,,,,,,,,,,,,,,,,,,,,,,,,,,,,,,,,,,,,,,,
,,,,,,,,,,,,,,,,,,,,,,,,,,,,,,,,,,,,,,,
,,,,,,,,,,,,,,,,,,,,,,,,,,,,,,,,,,,,,,,
,,,,,,,,,,,,,,,,,,,,,,,,,,,,,,,,,,,,,,,
,,,,,,,,,,,,,,,,,,,,,,,,,,,,,,,,,,,,,,,
,,,,,,,,,,,,,,,,,,,,,,,,,,,,,,,,,,,,,,,
,,,,,,,,,,,,,,,,,,,,,,,,,,,,,,,,,,,,,,,
,,,,,,,,,,,,,,,,,,,,,,,,,,,,,,,,,,,,,,,
,,,,,,,,,,,,,,,,,,,,,,,,,,,,,,,,,,,,,,,
,,,,,,,,,,,,,,,,,,,,,,,,,,,,,,,,,,,,,,,
,,,,,,,,,,,,,,,,,,,,,,,,,,,,,,,,,,,,,,,
,,,,,,,,,,,,,,,,,,,,,,,,,,,,,,,,,,,,,,,
,,,,,,,,,,,,,,,,,,,,,,,,,,,,,,,,,,,,,,,
,,,,,,,,,,,,,,,,,,,,,,,,,,,,,,,,,,,,,,,
,,,,,,,,,,,,,,,,,,,,,,,,,,,,,,,,,,,,,,,
,,,,,,,,,,,,,,,,,,,,,,,,,,,,,,,,,,,,,,,
,,,,,,,,,,,,,,,,,,,,,,,,,,,,,,,,,,,,,,,
,,,,,,,,,,,,,,,,,,,,,,,,,,,,,,,,,,,,,,,
,,,,,,,,,,,,,,,,,,,,,,,,,,,,,,,,,,,,,,,
,,,,,,,,,,,,,,,,,,,,,,,,,,,,,,,,,,,,,,,
,,,,,,,,,,,,,,,,,,,,,,,,,,,,,,,,,,,,,,,
,,,,,,,,,,,,,,,,,,,,,,,,,,,,,,,,,,,,,,,
,,,,,,,,,,,,,,,,,,,,,,,,,,,,,,,,,,,,,,,
,,,,,,,,,,,,,,,,,,,,,,,,,,,,,,,,,,,,,,,
,,,,,,,,,,,,,,,,,,,,,,,,,,,,,,,,,,,,,,,
,,,,,,,,,,,,,,,,,,,,,,,,,,,,,,,,,,,,,,,
,,,,,,,,,,,,,,,,,,,,,,,,,,,,,,,,,,,,,,,
,,,,,,,,,,,,,,,,,,,,,,,,,,,,,,,,,,,,,,,
,,,,,,,,,,,,,,,,,,,,,,,,,,,,,,,,,,,,,,,
,,,,,,,,,,,,,,,,,,,,,,,,,,,,,,,,,,,,,,,
,,,,,,,,,,,,,,,,,,,,,,,,,,,,,,,,,,,,,,,
,,,,,,,,,,,,,,,,,,,,,,,,,,,,,,,,,,,,,,,
,,,,,,,,,,,,,,,,,,,,,,,,,,,,,,,,,,,,,,,
,,,,,,,,,,,,,,,,,,,,,,,,,,,,,,,,,,,,,,,
,,,,,,,,,,,,,,,,,,,,,,,,,,,,,,,,,,,,,,,
,,,,,,,,,,,,,,,,,,,,,,,,,,,,,,,,,,,,,,,
,,,,,,,,,,,,,,,,,,,,,,,,,,,,,,,,,,,,,,,
,,,,,,,,,,,,,,,,,,,,,,,,,,,,,,,,,,,,,,,
,,,,,,,,,,,,,,,,,,,,,,,,,,,,,,,,,,,,,,,
,,,,,,,,,,,,,,,,,,,,,,,,,,,,,,,,,,,,,,,
,,,,,,,,,,,,,,,,,,,,,,,,,,,,,,,,,,,,,,,
,,,,,,,,,,,,,,,,,,,,,,,,,,,,,,,,,,,,,,,
,,,,,,,,,,,,,,,,,,,,,,,,,,,,,,,,,,,,,,,
,,,,,,,,,,,,,,,,,,,,,,,,,,,,,,,,,,,,,,,
,,,,,,,,,,,,,,,,,,,,,,,,,,,,,,,,,,,,,,,
,,,,,,,,,,,,,,,,,,,,,,,,,,,,,,,,,,,,,,,
,,,,,,,,,,,,,,,,,,,,,,,,,,,,,,,,,,,,,,,
,,,,,,,,,,,,,,,,,,,,,,,,,,,,,,,,,,,,,,,
,,,,,,,,,,,,,,,,,,,,,,,,,,,,,,,,,,,,,,,
,,,,,,,,,,,,,,,,,,,,,,,,,,,,,,,,,,,,,,,
,,,,,,,,,,,,,,,,,,,,,,,,,,,,,,,,,,,,,,,
,,,,,,,,,,,,,,,,,,,,,,,,,,,,,,,,,,,,,,,
,,,,,,,,,,,,,,,,,,,,,,,,,,,,,,,,,,,,,,,
,,,,,,,,,,,,,,,,,,,,,,,,,,,,,,,,,,,,,,,
,,,,,,,,,,,,,,,,,,,,,,,,,,,,,,,,,,,,,,,
,,,,,,,,,,,,,,,,,,,,,,,,,,,,,,,,,,,,,,,
,,,,,,,,,,,,,,,,,,,,,,,,,,,,,,,,,,,,,,,
,,,,,,,,,,,,,,,,,,,,,,,,,,,,,,,,,,,,,,,
,,,,,,,,,,,,,,,,,,,,,,,,,,,,,,,,,,,,,,,
,,,,,,,,,,,,,,,,,,,,,,,,,,,,,,,,,,,,,,,
,,,,,,,,,,,,,,,,,,,,,,,,,,,,,,,,,,,,,,,
,,,,,,,,,,,,,,,,,,,,,,,,,,,,,,,,,,,,,,,
,,,,,,,,,,,,,,,,,,,,,,,,,,,,,,,,,,,,,,,
,,,,,,,,,,,,,,,,,,,,,,,,,,,,,,,,,,,,,,,
,,,,,,,,,,,,,,,,,,,,,,,,,,,,,,,,,,,,,,,
,,,,,,,,,,,,,,,,,,,,,,,,,,,,,,,,,,,,,,,
,,,,,,,,,,,,,,,,,,,,,,,,,,,,,,,,,,,,,,,
,,,,,,,,,,,,,,,,,,,,,,,,,,,,,,,,,,,,,,,
,,,,,,,,,,,,,,,,,,,,,,,,,,,,,,,,,,,,,,,
,,,,,,,,,,,,,,,,,,,,,,,,,,,,,,,,,,,,,,,
,,,,,,,,,,,,,,,,,,,,,,,,,,,,,,,,,,,,,,,
,,,,,,,,,,,,,,,,,,,,,,,,,,,,,,,,,,,,,,,
,,,,,,,,,,,,,,,,,,,,,,,,,,,,,,,,,,,,,,,
,,,,,,,,,,,,,,,,,,,,,,,,,,,,,,,,,,,,,,,
,,,,,,,,,,,,,,,,,,,,,,,,,,,,,,,,,,,,,,,
,,,,,,,,,,,,,,,,,,,,,,,,,,,,,,,,,,,,,,,
,,,,,,,,,,,,,,,,,,,,,,,,,,,,,,,,,,,,,,,
,,,,,,,,,,,,,,,,,,,,,,,,,,,,,,,,,,,,,,,
,,,,,,,,,,,,,,,,,,,,,,,,,,,,,,,,,,,,,,,
,,,,,,,,,,,,,,,,,,,,,,,,,,,,,,,,,,,,,,,
,,,,,,,,,,,,,,,,,,,,,,,,,,,,,,,,,,,,,,,
,,,,,,,,,,,,,,,,,,,,,,,,,,,,,,,,,,,,,,,
,,,,,,,,,,,,,,,,,,,,,,,,,,,,,,,,,,,,,,,
,,,,,,,,,,,,,,,,,,,,,,,,,,,,,,,,,,,,,,,
,,,,,,,,,,,,,,,,,,,,,,,,,,,,,,,,,,,,,,,
,,,,,,,,,,,,,,,,,,,,,,,,,,,,,,,,,,,,,,,
,,,,,,,,,,,,,,,,,,,,,,,,,,,,,,,,,,,,,,,
,,,,,,,,,,,,,,,,,,,,,,,,,,,,,,,,,,,,,,,
,,,,,,,,,,,,,,,,,,,,,,,,,,,,,,,,,,,,,,,
,,,,,,,,,,,,,,,,,,,,,,,,,,,,,,,,,,,,,,,
,,,,,,,,,,,,,,,,,,,,,,,,,,,,,,,,,,,,,,,
,,,,,,,,,,,,,,,,,,,,,,,,,,,,,,,,,,,,,,,
,,,,,,,,,,,,,,,,,,,,,,,,,,,,,,,,,,,,,,,
,,,,,,,,,,,,,,,,,,,,,,,,,,,,,,,,,,,,,,,
,,,,,,,,,,,,,,,,,,,,,,,,,,,,,,,,,,,,,,,
,,,,,,,,,,,,,,,,,,,,,,,,,,,,,,,,,,,,,,,
,,,,,,,,,,,,,,,,,,,,,,,,,,,,,,,,,,,,,,,
,,,,,,,,,,,,,,,,,,,,,,,,,,,,,,,,,,,,,,,
,,,,,,,,,,,,,,,,,,,,,,,,,,,,,,,,,,,,,,,
,,,,,,,,,,,,,,,,,,,,,,,,,,,,,,,,,,,,,,,
,,,,,,,,,,,,,,,,,,,,,,,,,,,,,,,,,,,,,,,
,,,,,,,,,,,,,,,,,,,,,,,,,,,,,,,,,,,,,,,
,,,,,,,,,,,,,,,,,,,,,,,,,,,,,,,,,,,,,,,
,,,,,,,,,,,,,,,,,,,,,,,,,,,,,,,,,,,,,,,
,,,,,,,,,,,,,,,,,,,,,,,,,,,,,,,,,,,,,,,
,,,,,,,,,,,,,,,,,,,,,,,,,,,,,,,,,,,,,,,
,,,,,,,,,,,,,,,,,,,,,,,,,,,,,,,,,,,,,,,
,,,,,,,,,,,,,,,,,,,,,,,,,,,,,,,,,,,,,,,
,,,,,,,,,,,,,,,,,,,,,,,,,,,,,,,,,,,,,,,
,,,,,,,,,,,,,,,,,,,,,,,,,,,,,,,,,,,,,,,
,,,,,,,,,,,,,,,,,,,,,,,,,,,,,,,,,,,,,,,
,,,,,,,,,,,,,,,,,,,,,,,,,,,,,,,,,,,,,,,
,,,,,,,,,,,,,,,,,,,,,,,,,,,,,,,,,,,,,,,
,,,,,,,,,,,,,,,,,,,,,,,,,,,,,,,,,,,,,,,
,,,,,,,,,,,,,,,,,,,,,,,,,,,,,,,,,,,,,,,
,,,,,,,,,,,,,,,,,,,,,,,,,,,,,,,,,,,,,,,
,,,,,,,,,,,,,,,,,,,,,,,,,,,,,,,,,,,,,,,
,,,,,,,,,,,,,,,,,,,,,,,,,,,,,,,,,,,,,,,
,,,,,,,,,,,,,,,,,,,,,,,,,,,,,,,,,,,,,,,
,,,,,,,,,,,,,,,,,,,,,,,,,,,,,,,,,,,,,,,
,,,,,,,,,,,,,,,,,,,,,,,,,,,,,,,,,,,,,,,
,,,,,,,,,,,,,,,,,,,,,,,,,,,,,,,,,,,,,,,
,,,,,,,,,,,,,,,,,,,,,,,,,,,,,,,,,,,,,,,
,,,,,,,,,,,,,,,,,,,,,,,,,,,,,,,,,,,,,,,
,,,,,,,,,,,,,,,,,,,,,,,,,,,,,,,,,,,,,,,
,,,,,,,,,,,,,,,,,,,,,,,,,,,,,,,,,,,,,,,
,,,,,,,,,,,,,,,,,,,,,,,,,,,,,,,,,,,,,,,
,,,,,,,,,,,,,,,,,,,,,,,,,,,,,,,,,,,,,,,
,,,,,,,,,,,,,,,,,,,,,,,,,,,,,,,,,,,,,,,
,,,,,,,,,,,,,,,,,,,,,,,,,,,,,,,,,,,,,,,
,,,,,,,,,,,,,,,,,,,,,,,,,,,,,,,,,,,,,,,
,,,,,,,,,,,,,,,,,,,,,,,,,,,,,,,,,,,,,,,
,,,,,,,,,,,,,,,,,,,,,,,,,,,,,,,,,,,,,,,
,,,,,,,,,,,,,,,,,,,,,,,,,,,,,,,,,,,,,,,
,,,,,,,,,,,,,,,,,,,,,,,,,,,,,,,,,,,,,,,
,,,,,,,,,,,,,,,,,,,,,,,,,,,,,,,,,,,,,,,
,,,,,,,,,,,,,,,,,,,,,,,,,,,,,,,,,,,,,,,
,,,,,,,,,,,,,,,,,,,,,,,,,,,,,,,,,,,,,,,
,,,,,,,,,,,,,,,,,,,,,,,,,,,,,,,,,,,,,,,
,,,,,,,,,,,,,,,,,,,,,,,,,,,,,,,,,,,,,,,
,,,,,,,,,,,,,,,,,,,,,,,,,,,,,,,,,,,,,,,
,,,,,,,,,,,,,,,,,,,,,,,,,,,,,,,,,,,,,,,
,,,,,,,,,,,,,,,,,,,,,,,,,,,,,,,,,,,,,,,
,,,,,,,,,,,,,,,,,,,,,,,,,,,,,,,,,,,,,,,
,,,,,,,,,,,,,,,,,,,,,,,,,,,,,,,,,,,,,,,
,,,,,,,,,,,,,,,,,,,,,,,,,,,,,,,,,,,,,,,
,,,,,,,,,,,,,,,,,,,,,,,,,,,,,,,,,,,,,,,
,,,,,,,,,,,,,,,,,,,,,,,,,,,,,,,,,,,,,,,
,,,,,,,,,,,,,,,,,,,,,,,,,,,,,,,,,,,,,,,
,,,,,,,,,,,,,,,,,,,,,,,,,,,,,,,,,,,,,,,
,,,,,,,,,,,,,,,,,,,,,,,,,,,,,,,,,,,,,,,
,,,,,,,,,,,,,,,,,,,,,,,,,,,,,,,,,,,,,,,
,,,,,,,,,,,,,,,,,,,,,,,,,,,,,,,,,,,,,,,
,,,,,,,,,,,,,,,,,,,,,,,,,,,,,,,,,,,,,,,
,,,,,,,,,,,,,,,,,,,,,,,,,,,,,,,,,,,,,,,
,,,,,,,,,,,,,,,,,,,,,,,,,,,,,,,,,,,,,,,
,,,,,,,,,,,,,,,,,,,,,,,,,,,,,,,,,,,,,,,
,,,,,,,,,,,,,,,,,,,,,,,,,,,,,,,,,,,,,,,
,,,,,,,,,,,,,,,,,,,,,,,,,,,,,,,,,,,,,,,
,,,,,,,,,,,,,,,,,,,,,,,,,,,,,,,,,,,,,,,
,,,,,,,,,,,,,,,,,,,,,,,,,,,,,,,,,,,,,,,
,,,,,,,,,,,,,,,,,,,,,,,,,,,,,,,,,,,,,,,
,,,,,,,,,,,,,,,,,,,,,,,,,,,,,,,,,,,,,,,
,,,,,,,,,,,,,,,,,,,,,,,,,,,,,,,,,,,,,,,
,,,,,,,,,,,,,,,,,,,,,,,,,,,,,,,,,,,,,,,
,,,,,,,,,,,,,,,,,,,,,,,,,,,,,,,,,,,,,,,
,,,,,,,,,,,,,,,,,,,,,,,,,,,,,,,,,,,,,,,
,,,,,,,,,,,,,,,,,,,,,,,,,,,,,,,,,,,,,,,
,,,,,,,,,,,,,,,,,,,,,,,,,,,,,,,,,,,,,,,
,,,,,,,,,,,,,,,,,,,,,,,,,,,,,,,,,,,,,,,
,,,,,,,,,,,,,,,,,,,,,,,,,,,,,,,,,,,,,,,
,,,,,,,,,,,,,,,,,,,,,,,,,,,,,,,,,,,,,,,
,,,,,,,,,,,,,,,,,,,,,,,,,,,,,,,,,,,,,,,
,,,,,,,,,,,,,,,,,,,,,,,,,,,,,,,,,,,,,,,
,,,,,,,,,,,,,,,,,,,,,,,,,,,,,,,,,,,,,,,
,,,,,,,,,,,,,,,,,,,,,,,,,,,,,,,,,,,,,,,
,,,,,,,,,,,,,,,,,,,,,,,,,,,,,,,,,,,,,,,
,,,,,,,,,,,,,,,,,,,,,,,,,,,,,,,,,,,,,,,
,,,,,,,,,,,,,,,,,,,,,,,,,,,,,,,,,,,,,,,
,,,,,,,,,,,,,,,,,,,,,,,,,,,,,,,,,,,,,,,
,,,,,,,,,,,,,,,,,,,,,,,,,,,,,,,,,,,,,,,
,,,,,,,,,,,,,,,,,,,,,,,,,,,,,,,,,,,,,,,
,,,,,,,,,,,,,,,,,,,,,,,,,,,,,,,,,,,,,,,
,,,,,,,,,,,,,,,,,,,,,,,,,,,,,,,,,,,,,,,
,,,,,,,,,,,,,,,,,,,,,,,,,,,,,,,,,,,,,,,
,,,,,,,,,,,,,,,,,,,,,,,,,,,,,,,,,,,,,,,
,,,,,,,,,,,,,,,,,,,,,,,,,,,,,,,,,,,,,,,
,,,,,,,,,,,,,,,,,,,,,,,,,,,,,,,,,,,,,,,
,,,,,,,,,,,,,,,,,,,,,,,,,,,,,,,,,,,,,,,
,,,,,,,,,,,,,,,,,,,,,,,,,,,,,,,,,,,,,,,
,,,,,,,,,,,,,,,,,,,,,,,,,,,,,,,,,,,,,,,
,,,,,,,,,,,,,,,,,,,,,,,,,,,,,,,,,,,,,,,
,,,,,,,,,,,,,,,,,,,,,,,,,,,,,,,,,,,,,,,
,,,,,,,,,,,,,,,,,,,,,,,,,,,,,,,,,,,,,,,
,,,,,,,,,,,,,,,,,,,,,,,,,,,,,,,,,,,,,,,
,,,,,,,,,,,,,,,,,,,,,,,,,,,,,,,,,,,,,,,
,,,,,,,,,,,,,,,,,,,,,,,,,,,,,,,,,,,,,,,
,,,,,,,,,,,,,,,,,,,,,,,,,,,,,,,,,,,,,,,
,,,,,,,,,,,,,,,,,,,,,,,,,,,,,,,,,,,,,,,
,,,,,,,,,,,,,,,,,,,,,,,,,,,,,,,,,,,,,,,
,,,,,,,,,,,,,,,,,,,,,,,,,,,,,,,,,,,,,,,
,,,,,,,,,,,,,,,,,,,,,,,,,,,,,,,,,,,,,,,
,,,,,,,,,,,,,,,,,,,,,,,,,,,,,,,,,,,,,,,
,,,,,,,,,,,,,,,,,,,,,,,,,,,,,,,,,,,,,,,
,,,,,,,,,,,,,,,,,,,,,,,,,,,,,,,,,,,,,,,
,,,,,,,,,,,,,,,,,,,,,,,,,,,,,,,,,,,,,,,
,,,,,,,,,,,,,,,,,,,,,,,,,,,,,,,,,,,,,,,
,,,,,,,,,,,,,,,,,,,,,,,,,,,,,,,,,,,,,,,
,,,,,,,,,,,,,,,,,,,,,,,,,,,,,,,,,,,,,,,
,,,,,,,,,,,,,,,,,,,,,,,,,,,,,,,,,,,,,,,
,,,,,,,,,,,,,,,,,,,,,,,,,,,,,,,,,,,,,,,
,,,,,,,,,,,,,,,,,,,,,,,,,,,,,,,,,,,,,,,
,,,,,,,,,,,,,,,,,,,,,,,,,,,,,,,,,,,,,,,
,,,,,,,,,,,,,,,,,,,,,,,,,,,,,,,,,,,,,,,
,,,,,,,,,,,,,,,,,,,,,,,,,,,,,,,,,,,,,,,
,,,,,,,,,,,,,,,,,,,,,,,,,,,,,,,,,,,,,,,
Paragon Gloves,,,6,143,1000,0,1,10,9947,242,579,,,,,,,,,,,,,,,,,,30,,10,10,,,,,,,LARM3443
,,,,,,,,,,,,,,,,,,,,,,,,,,,,,,,,,,,,,,,
,,,,,,,,,,,,,,,,,,,,,,,,,,,,,,,,,,,,,,,
Little Sakura Gloves,ARMS\akazukin_arm_m_0917_sa.txt,ARMS\akazukin_arm_0906_sa.txt,6,143,0,0,2,20,9955,234,579,,,,,,,,,,,,,20,3,,14,7,21,,15,5,,,,,,,LARM3446
,,,,,,,,,,,,,,,,,,,,,,,,,,,,,,,,,,,,,,,
,,,,,,,,,,,,,,,,,,,,,,,,,,,,,,,,,,,,,,,
,,,,,,,,,,,,,,,,,,,,,,,,,,,,,,,,,,,,,,,
,,,,,,,,,,,,,,,,,,,,,,,,,,,,,,,,,,,,,,,
,,,,,,,,,,,,,,,,,,,,,,,,,,,,,,,,,,,,,,,
,,,,,,,,,,,,,,,,,,,,,,,,,,,,,,,,,,,,,,,
,,,,,,,,,,,,,,,,,,,,,,,,,,,,,,,,,,,,,,,
,,,,,,,,,,,,,,,,,,,,,,,,,,,,,,,,,,,,,,,
,,,,,,,,,,,,,,,,,,,,,,,,,,,,,,,,,,,,,,,
,,,,,,,,,,,,,,,,,,,,,,,,,,,,,,,,,,,,,,,
,,,,,,,,,,,,,,,,,,,,,,,,,,,,,,,,,,,,,,,
,,,,,,,,,,,,,,,,,,,,,,,,,,,,,,,,,,,,,,,
,,,,,,,,,,,,,,,,,,,,,,,,,,,,,,,,,,,,,,,
,,,,,,,,,,,,,,,,,,,,,,,,,,,,,,,,,,,,,,,
,,,,,,,,,,,,,,,,,,,,,,,,,,,,,,,,,,,,,,,
,,,,,,,,,,,,,,,,,,,,,,,,,,,,,,,,,,,,,,,
,,,,,,,,,,,,,,,,,,,,,,,,,,,,,,,,,,,,,,,
,,,,,,,,,,,,,,,,,,,,,,,,,,,,,,,,,,,,,,,
,,,,,,,,,,,,,,,,,,,,,,,,,,,,,,,,,,,,,,,
,,,,,,,,,,,,,,,,,,,,,,,,,,,,,,,,,,,,,,,
,,,,,,,,,,,,,,,,,,,,,,,,,,,,,,,,,,,,,,,
,,,,,,,,,,,,,,,,,,,,,,,,,,,,,,,,,,,,,,,
,,,,,,,,,,,,,,,,,,,,,,,,,,,,,,,,,,,,,,,
,,,,,,,,,,,,,,,,,,,,,,,,,,,,,,,,,,,,,,,
,,,,,,,,,,,,,,,,,,,,,,,,,,,,,,,,,,,,,,,
,,,,,,,,,,,,,,,,,,,,,,,,,,,,,,,,,,,,,,,
,,,,,,,,,,,,,,,,,,,,,,,,,,,,,,,,,,,,,,,
,,,,,,,,,,,,,,,,,,,,,,,,,,,,,,,,,,,,,,,
,,,,,,,,,,,,,,,,,,,,,,,,,,,,,,,,,,,,,,,
,,,,,,,,,,,,,,,,,,,,,,,,,,,,,,,,,,,,,,,
,,,,,,,,,,,,,,,,,,,,,,,,,,,,,,,,,,,,,,,
,,,,,,,,,,,,,,,,,,,,,,,,,,,,,,,,,,,,,,,
Pink Neon Gloves,,,6,143,1000,0,1,18,10207,238,579,,,,,,,,,,,,,,,,,,30,,15,5,,,,,,,LARM3479
Red Neon Gloves,,,6,143,1000,0,1,18,10211,238,579,,,,,,,,,,,,,,,,,,30,,15,5,,,,,,,LARM3480
,,,,,,,,,,,,,,,,,,,,,,,,,,,,,,,,,,,,,,,
,,,,,,,,,,,,,,,,,,,,,,,,,,,,,,,,,,,,,,,
,,,,,,,,,,,,,,,,,,,,,,,,,,,,,,,,,,,,,,,
,,,,,,,,,,,,,,,,,,,,,,,,,,,,,,,,,,,,,,,
,,,,,,,,,,,,,,,,,,,,,,,,,,,,,,,,,,,,,,,
,,,,,,,,,,,,,,,,,,,,,,,,,,,,,,,,,,,,,,,
,,,,,,,,,,,,,,,,,,,,,,,,,,,,,,,,,,,,,,,
,,,,,,,,,,,,,,,,,,,,,,,,,,,,,,,,,,,,,,,
,,,,,,,,,,,,,,,,,,,,,,,,,,,,,,,,,,,,,,,
,,,,,,,,,,,,,,,,,,,,,,,,,,,,,,,,,,,,,,,
,,,,,,,,,,,,,,,,,,,,,,,,,,,,,,,,,,,,,,,
,,,,,,,,,,,,,,,,,,,,,,,,,,,,,,,,,,,,,,,
,,,,,,,,,,,,,,,,,,,,,,,,,,,,,,,,,,,,,,,
,,,,,,,,,,,,,,,,,,,,,,,,,,,,,,,,,,,,,,,
,,,,,,,,,,,,,,,,,,,,,,,,,,,,,,,,,,,,,,,
,,,,,,,,,,,,,,,,,,,,,,,,,,,,,,,,,,,,,,,
,,,,,,,,,,,,,,,,,,,,,,,,,,,,,,,,,,,,,,,
,,,,,,,,,,,,,,,,,,,,,,,,,,,,,,,,,,,,,,,
,,,,,,,,,,,,,,,,,,,,,,,,,,,,,,,,,,,,,,,
,,,,,,,,,,,,,,,,,,,,,,,,,,,,,,,,,,,,,,,
,,,,,,,,,,,,,,,,,,,,,,,,,,,,,,,,,,,,,,,
,,,,,,,,,,,,,,,,,,,,,,,,,,,,,,,,,,,,,,,
,,,,,,,,,,,,,,,,,,,,,,,,,,,,,,,,,,,,,,,
,,,,,,,,,,,,,,,,,,,,,,,,,,,,,,,,,,,,,,,
,,,,,,,,,,,,,,,,,,,,,,,,,,,,,,,,,,,,,,,
,,,,,,,,,,,,,,,,,,,,,,,,,,,,,,,,,,,,,,,
,,,,,,,,,,,,,,,,,,,,,,,,,,,,,,,,,,,,,,,
,,,,,,,,,,,,,,,,,,,,,,,,,,,,,,,,,,,,,,,
,,,,,,,,,,,,,,,,,,,,,,,,,,,,,,,,,,,,,,,
,,,,,,,,,,,,,,,,,,,,,,,,,,,,,,,,,,,,,,,
,,,,,,,,,,,,,,,,,,,,,,,,,,,,,,,,,,,,,,,
,,,,,,,,,,,,,,,,,,,,,,,,,,,,,,,,,,,,,,,
,,,,,,,,,,,,,,,,,,,,,,,,,,,,,,,,,,,,,,,
,,,,,,,,,,,,,,,,,,,,,,,,,,,,,,,,,,,,,,,
,,,,,,,,,,,,,,,,,,,,,,,,,,,,,,,,,,,,,,,
,,,,,,,,,,,,,,,,,,,,,,,,,,,,,,,,,,,,,,,
,,,,,,,,,,,,,,,,,,,,,,,,,,,,,,,,,,,,,,,
,,,,,,,,,,,,,,,,,,,,,,,,,,,,,,,,,,,,,,,
,,,,,,,,,,,,,,,,,,,,,,,,,,,,,,,,,,,,,,,
,,,,,,,,,,,,,,,,,,,,,,,,,,,,,,,,,,,,,,,
,,,,,,,,,,,,,,,,,,,,,,,,,,,,,,,,,,,,,,,
,,,,,,,,,,,,,,,,,,,,,,,,,,,,,,,,,,,,,,,
,,,,,,,,,,,,,,,,,,,,,,,,,,,,,,,,,,,,,,,
,,,,,,,,,,,,,,,,,,,,,,,,,,,,,,,,,,,,,,,
,,,,,,,,,,,,,,,,,,,,,,,,,,,,,,,,,,,,,,,
,,,,,,,,,,,,,,,,,,,,,,,,,,,,,,,,,,,,,,,
,,,,,,,,,,,,,,,,,,,,,,,,,,,,,,,,,,,,,,,
,,,,,,,,,,,,,,,,,,,,,,,,,,,,,,,,,,,,,,,
,,,,,,,,,,,,,,,,,,,,,,,,,,,,,,,,,,,,,,,
,,,,,,,,,,,,,,,,,,,,,,,,,,,,,,,,,,,,,,,
,,,,,,,,,,,,,,,,,,,,,,,,,,,,,,,,,,,,,,,
,,,,,,,,,,,,,,,,,,,,,,,,,,,,,,,,,,,,,,,
,,,,,,,,,,,,,,,,,,,,,,,,,,,,,,,,,,,,,,,
,,,,,,,,,,,,,,,,,,,,,,,,,,,,,,,,,,,,,,,
,,,,,,,,,,,,,,,,,,,,,,,,,,,,,,,,,,,,,,,
,,,,,,,,,,,,,,,,,,,,,,,,,,,,,,,,,,,,,,,
,,,,,,,,,,,,,,,,,,,,,,,,,,,,,,,,,,,,,,,
,,,,,,,,,,,,,,,,,,,,,,,,,,,,,,,,,,,,,,,
,,,,,,,,,,,,,,,,,,,,,,,,,,,,,,,,,,,,,,,
,,,,,,,,,,,,,,,,,,,,,,,,,,,,,,,,,,,,,,,
,,,,,,,,,,,,,,,,,,,,,,,,,,,,,,,,,,,,,,,
,,,,,,,,,,,,,,,,,,,,,,,,,,,,,,,,,,,,,,,
,,,,,,,,,,,,,,,,,,,,,,,,,,,,,,,,,,,,,,,
,,,,,,,,,,,,,,,,,,,,,,,,,,,,,,,,,,,,,,,
,,,,,,,,,,,,,,,,,,,,,,,,,,,,,,,,,,,,,,,
,,,,,,,,,,,,,,,,,,,,,,,,,,,,,,,,,,,,,,,
,,,,,,,,,,,,,,,,,,,,,,,,,,,,,,,,,,,,,,,
,,,,,,,,,,,,,,,,,,,,,,,,,,,,,,,,,,,,,,,
,,,,,,,,,,,,,,,,,,,,,,,,,,,,,,,,,,,,,,,
,,,,,,,,,,,,,,,,,,,,,,,,,,,,,,,,,,,,,,,
,,,,,,,,,,,,,,,,,,,,,,,,,,,,,,,,,,,,,,,
,,,,,,,,,,,,,,,,,,,,,,,,,,,,,,,,,,,,,,,
,,,,,,,,,,,,,,,,,,,,,,,,,,,,,,,,,,,,,,,
,,,,,,,,,,,,,,,,,,,,,,,,,,,,,,,,,,,,,,,
,,,,,,,,,,,,,,,,,,,,,,,,,,,,,,,,,,,,,,,
,,,,,,,,,,,,,,,,,,,,,,,,,,,,,,,,,,,,,,,
,,,,,,,,,,,,,,,,,,,,,,,,,,,,,,,,,,,,,,,
,,,,,,,,,,,,,,,,,,,,,,,,,,,,,,,,,,,,,,,
,,,,,,,,,,,,,,,,,,,,,,,,,,,,,,,,,,,,,,,
,,,,,,,,,,,,,,,,,,,,,,,,,,,,,,,,,,,,,,,
,,,,,,,,,,,,,,,,,,,,,,,,,,,,,,,,,,,,,,,
,,,,,,,,,,,,,,,,,,,,,,,,,,,,,,,,,,,,,,,
,,,,,,,,,,,,,,,,,,,,,,,,,,,,,,,,,,,,,,,
,,,,,,,,,,,,,,,,,,,,,,,,,,,,,,,,,,,,,,,
,,,,,,,,,,,,,,,,,,,,,,,,,,,,,,,,,,,,,,,
,,,,,,,,,,,,,,,,,,,,,,,,,,,,,,,,,,,,,,,
,,,,,,,,,,,,,,,,,,,,,,,,,,,,,,,,,,,,,,,
,,,,,,,,,,,,,,,,,,,,,,,,,,,,,,,,,,,,,,,
,,,,,,,,,,,,,,,,,,,,,,,,,,,,,,,,,,,,,,,
,,,,,,,,,,,,,,,,,,,,,,,,,,,,,,,,,,,,,,,
,,,,,,,,,,,,,,,,,,,,,,,,,,,,,,,,,,,,,,,
,,,,,,,,,,,,,,,,,,,,,,,,,,,,,,,,,,,,,,,
,,,,,,,,,,,,,,,,,,,,,,,,,,,,,,,,,,,,,,,
,,,,,,,,,,,,,,,,,,,,,,,,,,,,,,,,,,,,,,,
,,,,,,,,,,,,,,,,,,,,,,,,,,,,,,,,,,,,,,,
,,,,,,,,,,,,,,,,,,,,,,,,,,,,,,,,,,,,,,,
,,,,,,,,,,,,,,,,,,,,,,,,,,,,,,,,,,,,,,,
,,,,,,,,,,,,,,,,,,,,,,,,,,,,,,,,,,,,,,,
,,,,,,,,,,,,,,,,,,,,,,,,,,,,,,,,,,,,,,,
,,,,,,,,,,,,,,,,,,,,,,,,,,,,,,,,,,,,,,,
,,,,,,,,,,,,,,,,,,,,,,,,,,,,,,,,,,,,,,,
,,,,,,,,,,,,,,,,,,,,,,,,,,,,,,,,,,,,,,,
,,,,,,,,,,,,,,,,,,,,,,,,,,,,,,,,,,,,,,,
,,,,,,,,,,,,,,,,,,,,,,,,,,,,,,,,,,,,,,,
,,,,,,,,,,,,,,,,,,,,,,,,,,,,,,,,,,,,,,,
,,,,,,,,,,,,,,,,,,,,,,,,,,,,,,,,,,,,,,,
,,,,,,,,,,,,,,,,,,,,,,,,,,,,,,,,,,,,,,,
,,,,,,,,,,,,,,,,,,,,,,,,,,,,,,,,,,,,,,,
,,,,,,,,,,,,,,,,,,,,,,,,,,,,,,,,,,,,,,,
,,,,,,,,,,,,,,,,,,,,,,,,,,,,,,,,,,,,,,,
,,,,,,,,,,,,,,,,,,,,,,,,,,,,,,,,,,,,,,,
,,,,,,,,,,,,,,,,,,,,,,,,,,,,,,,,,,,,,,,
,,,,,,,,,,,,,,,,,,,,,,,,,,,,,,,,,,,,,,,
,,,,,,,,,,,,,,,,,,,,,,,,,,,,,,,,,,,,,,,
,,,,,,,,,,,,,,,,,,,,,,,,,,,,,,,,,,,,,,,
,,,,,,,,,,,,,,,,,,,,,,,,,,,,,,,,,,,,,,,
,,,,,,,,,,,,,,,,,,,,,,,,,,,,,,,,,,,,,,,
,,,,,,,,,,,,,,,,,,,,,,,,,,,,,,,,,,,,,,,
,,,,,,,,,,,,,,,,,,,,,,,,,,,,,,,,,,,,,,,
,,,,,,,,,,,,,,,,,,,,,,,,,,,,,,,,,,,,,,,
,,,,,,,,,,,,,,,,,,,,,,,,,,,,,,,,,,,,,,,
,,,,,,,,,,,,,,,,,,,,,,,,,,,,,,,,,,,,,,,
,,,,,,,,,,,,,,,,,,,,,,,,,,,,,,,,,,,,,,,
,,,,,,,,,,,,,,,,,,,,,,,,,,,,,,,,,,,,,,,
,,,,,,,,,,,,,,,,,,,,,,,,,,,,,,,,,,,,,,,
,,,,,,,,,,,,,,,,,,,,,,,,,,,,,,,,,,,,,,,
,,,,,,,,,,,,,,,,,,,,,,,,,,,,,,,,,,,,,,,
,,,,,,,,,,,,,,,,,,,,,,,,,,,,,,,,,,,,,,,
,,,,,,,,,,,,,,,,,,,,,,,,,,,,,,,,,,,,,,,
,,,,,,,,,,,,,,,,,,,,,,,,,,,,,,,,,,,,,,,
,,,,,,,,,,,,,,,,,,,,,,,,,,,,,,,,,,,,,,,
,,,,,,,,,,,,,,,,,,,,,,,,,,,,,,,,,,,,,,,
,,,,,,,,,,,,,,,,,,,,,,,,,,,,,,,,,,,,,,,
,,,,,,,,,,,,,,,,,,,,,,,,,,,,,,,,,,,,,,,
,,,,,,,,,,,,,,,,,,,,,,,,,,,,,,,,,,,,,,,
,,,,,,,,,,,,,,,,,,,,,,,,,,,,,,,,,,,,,,,
,,,,,,,,,,,,,,,,,,,,,,,,,,,,,,,,,,,,,,,
,,,,,,,,,,,,,,,,,,,,,,,,,,,,,,,,,,,,,,,
,,,,,,,,,,,,,,,,,,,,,,,,,,,,,,,,,,,,,,,
,,,,,,,,,,,,,,,,,,,,,,,,,,,,,,,,,,,,,,,
,,,,,,,,,,,,,,,,,,,,,,,,,,,,,,,,,,,,,,,
,,,,,,,,,,,,,,,,,,,,,,,,,,,,,,,,,,,,,,,
,,,,,,,,,,,,,,,,,,,,,,,,,,,,,,,,,,,,,,,
,,,,,,,,,,,,,,,,,,,,,,,,,,,,,,,,,,,,,,,
,,,,,,,,,,,,,,,,,,,,,,,,,,,,,,,,,,,,,,,
,,,,,,,,,,,,,,,,,,,,,,,,,,,,,,,,,,,,,,,
,,,,,,,,,,,,,,,,,,,,,,,,,,,,,,,,,,,,,,,
,,,,,,,,,,,,,,,,,,,,,,,,,,,,,,,,,,,,,,,
,,,,,,,,,,,,,,,,,,,,,,,,,,,,,,,,,,,,,,,
,,,,,,,,,,,,,,,,,,,,,,,,,,,,,,,,,,,,,,,
,,,,,,,,,,,,,,,,,,,,,,,,,,,,,,,,,,,,,,,
,,,,,,,,,,,,,,,,,,,,,,,,,,,,,,,,,,,,,,,
,,,,,,,,,,,,,,,,,,,,,,,,,,,,,,,,,,,,,,,
,,,,,,,,,,,,,,,,,,,,,,,,,,,,,,,,,,,,,,,
,,,,,,,,,,,,,,,,,,,,,,,,,,,,,,,,,,,,,,,
,,,,,,,,,,,,,,,,,,,,,,,,,,,,,,,,,,,,,,,
,,,,,,,,,,,,,,,,,,,,,,,,,,,,,,,,,,,,,,,
,,,,,,,,,,,,,,,,,,,,,,,,,,,,,,,,,,,,,,,
,,,,,,,,,,,,,,,,,,,,,,,,,,,,,,,,,,,,,,,
,,,,,,,,,,,,,,,,,,,,,,,,,,,,,,,,,,,,,,,
,,,,,,,,,,,,,,,,,,,,,,,,,,,,,,,,,,,,,,,
,,,,,,,,,,,,,,,,,,,,,,,,,,,,,,,,,,,,,,,
,,,,,,,,,,,,,,,,,,,,,,,,,,,,,,,,,,,,,,,
,,,,,,,,,,,,,,,,,,,,,,,,,,,,,,,,,,,,,,,
,,,,,,,,,,,,,,,,,,,,,,,,,,,,,,,,,,,,,,,
,,,,,,,,,,,,,,,,,,,,,,,,,,,,,,,,,,,,,,,
,,,,,,,,,,,,,,,,,,,,,,,,,,,,,,,,,,,,,,,
,,,,,,,,,,,,,,,,,,,,,,,,,,,,,,,,,,,,,,,
,,,,,,,,,,,,,,,,,,,,,,,,,,,,,,,,,,,,,,,
,,,,,,,,,,,,,,,,,,,,,,,,,,,,,,,,,,,,,,,
,,,,,,,,,,,,,,,,,,,,,,,,,,,,,,,,,,,,,,,
,,,,,,,,,,,,,,,,,,,,,,,,,,,,,,,,,,,,,,,
,,,,,,,,,,,,,,,,,,,,,,,,,,,,,,,,,,,,,,,
,,,,,,,,,,,,,,,,,,,,,,,,,,,,,,,,,,,,,,,
,,,,,,,,,,,,,,,,,,,,,,,,,,,,,,,,,,,,,,,
,,,,,,,,,,,,,,,,,,,,,,,,,,,,,,,,,,,,,,,
,,,,,,,,,,,,,,,,,,,,,,,,,,,,,,,,,,,,,,,
,,,,,,,,,,,,,,,,,,,,,,,,,,,,,,,,,,,,,,,
,,,,,,,,,,,,,,,,,,,,,,,,,,,,,,,,,,,,,,,
,,,,,,,,,,,,,,,,,,,,,,,,,,,,,,,,,,,,,,,
,,,,,,,,,,,,,,,,,,,,,,,,,,,,,,,,,,,,,,,
,,,,,,,,,,,,,,,,,,,,,,,,,,,,,,,,,,,,,,,
,,,,,,,,,,,,,,,,,,,,,,,,,,,,,,,,,,,,,,,
,,,,,,,,,,,,,,,,,,,,,,,,,,,,,,,,,,,,,,,
,,,,,,,,,,,,,,,,,,,,,,,,,,,,,,,,,,,,,,,
,,,,,,,,,,,,,,,,,,,,,,,,,,,,,,,,,,,,,,,
,,,,,,,,,,,,,,,,,,,,,,,,,,,,,,,,,,,,,,,
,,,,,,,,,,,,,,,,,,,,,,,,,,,,,,,,,,,,,,,
,,,,,,,,,,,,,,,,,,,,,,,,,,,,,,,,,,,,,,,
,,,,,,,,,,,,,,,,,,,,,,,,,,,,,,,,,,,,,,,
,,,,,,,,,,,,,,,,,,,,,,,,,,,,,,,,,,,,,,,
,,,,,,,,,,,,,,,,,,,,,,,,,,,,,,,,,,,,,,,
,,,,,,,,,,,,,,,,,,,,,,,,,,,,,,,,,,,,,,,
,,,,,,,,,,,,,,,,,,,,,,,,,,,,,,,,,,,,,,,
,,,,,,,,,,,,,,,,,,,,,,,,,,,,,,,,,,,,,,,
,,,,,,,,,,,,,,,,,,,,,,,,,,,,,,,,,,,,,,,
,,,,,,,,,,,,,,,,,,,,,,,,,,,,,,,,,,,,,,,
,,,,,,,,,,,,,,,,,,,,,,,,,,,,,,,,,,,,,,,
,,,,,,,,,,,,,,,,,,,,,,,,,,,,,,,,,,,,,,,
,,,,,,,,,,,,,,,,,,,,,,,,,,,,,,,,,,,,,,,
,,,,,,,,,,,,,,,,,,,,,,,,,,,,,,,,,,,,,,,
,,,,,,,,,,,,,,,,,,,,,,,,,,,,,,,,,,,,,,,
,,,,,,,,,,,,,,,,,,,,,,,,,,,,,,,,,,,,,,,
,,,,,,,,,,,,,,,,,,,,,,,,,,,,,,,,,,,,,,,
,,,,,,,,,,,,,,,,,,,,,,,,,,,,,,,,,,,,,,,
,,,,,,,,,,,,,,,,,,,,,,,,,,,,,,,,,,,,,,,
,,,,,,,,,,,,,,,,,,,,,,,,,,,,,,,,,,,,,,,
,,,,,,,,,,,,,,,,,,,,,,,,,,,,,,,,,,,,,,,
,,,,,,,,,,,,,,,,,,,,,,,,,,,,,,,,,,,,,,,
,,,,,,,,,,,,,,,,,,,,,,,,,,,,,,,,,,,,,,,
,,,,,,,,,,,,,,,,,,,,,,,,,,,,,,,,,,,,,,,
,,,,,,,,,,,,,,,,,,,,,,,,,,,,,,,,,,,,,,,
,,,,,,,,,,,,,,,,,,,,,,,,,,,,,,,,,,,,,,,
,,,,,,,,,,,,,,,,,,,,,,,,,,,,,,,,,,,,,,,
,,,,,,,,,,,,,,,,,,,,,,,,,,,,,,,,,,,,,,,
,,,,,,,,,,,,,,,,,,,,,,,,,,,,,,,,,,,,,,,
,,,,,,,,,,,,,,,,,,,,,,,,,,,,,,,,,,,,,,,
,,,,,,,,,,,,,,,,,,,,,,,,,,,,,,,,,,,,,,,
,,,,,,,,,,,,,,,,,,,,,,,,,,,,,,,,,,,,,,,
,,,,,,,,,,,,,,,,,,,,,,,,,,,,,,,,,,,,,,,
,,,,,,,,,,,,,,,,,,,,,,,,,,,,,,,,,,,,,,,
,,,,,,,,,,,,,,,,,,,,,,,,,,,,,,,,,,,,,,,
,,,,,,,,,,,,,,,,,,,,,,,,,,,,,,,,,,,,,,,
,,,,,,,,,,,,,,,,,,,,,,,,,,,,,,,,,,,,,,,
,,,,,,,,,,,,,,,,,,,,,,,,,,,,,,,,,,,,,,,
,,,,,,,,,,,,,,,,,,,,,,,,,,,,,,,,,,,,,,,
,,,,,,,,,,,,,,,,,,,,,,,,,,,,,,,,,,,,,,,
,,,,,,,,,,,,,,,,,,,,,,,,,,,,,,,,,,,,,,,
,,,,,,,,,,,,,,,,,,,,,,,,,,,,,,,,,,,,,,,
,,,,,,,,,,,,,,,,,,,,,,,,,,,,,,,,,,,,,,,
,,,,,,,,,,,,,,,,,,,,,,,,,,,,,,,,,,,,,,,
,,,,,,,,,,,,,,,,,,,,,,,,,,,,,,,,,,,,,,,
,,,,,,,,,,,,,,,,,,,,,,,,,,,,,,,,,,,,,,,
,,,,,,,,,,,,,,,,,,,,,,,,,,,,,,,,,,,,,,,
,,,,,,,,,,,,,,,,,,,,,,,,,,,,,,,,,,,,,,,
,,,,,,,,,,,,,,,,,,,,,,,,,,,,,,,,,,,,,,,
,,,,,,,,,,,,,,,,,,,,,,,,,,,,,,,,,,,,,,,
,,,,,,,,,,,,,,,,,,,,,,,,,,,,,,,,,,,,,,,
,,,,,,,,,,,,,,,,,,,,,,,,,,,,,,,,,,,,,,,
,,,,,,,,,,,,,,,,,,,,,,,,,,,,,,,,,,,,,,,
,,,,,,,,,,,,,,,,,,,,,,,,,,,,,,,,,,,,,,,
,,,,,,,,,,,,,,,,,,,,,,,,,,,,,,,,,,,,,,,
,,,,,,,,,,,,,,,,,,,,,,,,,,,,,,,,,,,,,,,
,,,,,,,,,,,,,,,,,,,,,,,,,,,,,,,,,,,,,,,
,,,,,,,,,,,,,,,,,,,,,,,,,,,,,,,,,,,,,,,
,,,,,,,,,,,,,,,,,,,,,,,,,,,,,,,,,,,,,,,
,,,,,,,,,,,,,,,,,,,,,,,,,,,,,,,,,,,,,,,
,,,,,,,,,,,,,,,,,,,,,,,,,,,,,,,,,,,,,,,
,,,,,,,,,,,,,,,,,,,,,,,,,,,,,,,,,,,,,,,
,,,,,,,,,,,,,,,,,,,,,,,,,,,,,,,,,,,,,,,
,,,,,,,,,,,,,,,,,,,,,,,,,,,,,,,,,,,,,,,
,,,,,,,,,,,,,,,,,,,,,,,,,,,,,,,,,,,,,,,
,,,,,,,,,,,,,,,,,,,,,,,,,,,,,,,,,,,,,,,
,,,,,,,,,,,,,,,,,,,,,,,,,,,,,,,,,,,,,,,
,,,,,,,,,,,,,,,,,,,,,,,,,,,,,,,,,,,,,,,
,,,,,,,,,,,,,,,,,,,,,,,,,,,,,,,,,,,,,,,
,,,,,,,,,,,,,,,,,,,,,,,,,,,,,,,,,,,,,,,
,,,,,,,,,,,,,,,,,,,,,,,,,,,,,,,,,,,,,,,
,,,,,,,,,,,,,,,,,,,,,,,,,,,,,,,,,,,,,,,
,,,,,,,,,,,,,,,,,,,,,,,,,,,,,,,,,,,,,,,
,,,,,,,,,,,,,,,,,,,,,,,,,,,,,,,,,,,,,,,
,,,,,,,,,,,,,,,,,,,,,,,,,,,,,,,,,,,,,,,
,,,,,,,,,,,,,,,,,,,,,,,,,,,,,,,,,,,,,,,
,,,,,,,,,,,,,,,,,,,,,,,,,,,,,,,,,,,,,,,
,,,,,,,,,,,,,,,,,,,,,,,,,,,,,,,,,,,,,,,
,,,,,,,,,,,,,,,,,,,,,,,,,,,,,,,,,,,,,,,
,,,,,,,,,,,,,,,,,,,,,,,,,,,,,,,,,,,,,,,
,,,,,,,,,,,,,,,,,,,,,,,,,,,,,,,,,,,,,,,
,,,,,,,,,,,,,,,,,,,,,,,,,,,,,,,,,,,,,,,
,,,,,,,,,,,,,,,,,,,,,,,,,,,,,,,,,,,,,,,
,,,,,,,,,,,,,,,,,,,,,,,,,,,,,,,,,,,,,,,
,,,,,,,,,,,,,,,,,,,,,,,,,,,,,,,,,,,,,,,
,,,,,,,,,,,,,,,,,,,,,,,,,,,,,,,,,,,,,,,
,,,,,,,,,,,,,,,,,,,,,,,,,,,,,,,,,,,,,,,
,,,,,,,,,,,,,,,,,,,,,,,,,,,,,,,,,,,,,,,
,,,,,,,,,,,,,,,,,,,,,,,,,,,,,,,,,,,,,,,
,,,,,,,,,,,,,,,,,,,,,,,,,,,,,,,,,,,,,,,
,,,,,,,,,,,,,,,,,,,,,,,,,,,,,,,,,,,,,,,
,,,,,,,,,,,,,,,,,,,,,,,,,,,,,,,,,,,,,,,
,,,,,,,,,,,,,,,,,,,,,,,,,,,,,,,,,,,,,,,
,,,,,,,,,,,,,,,,,,,,,,,,,,,,,,,,,,,,,,,
,,,,,,,,,,,,,,,,,,,,,,,,,,,,,,,,,,,,,,,
,,,,,,,,,,,,,,,,,,,,,,,,,,,,,,,,,,,,,,,
,,,,,,,,,,,,,,,,,,,,,,,,,,,,,,,,,,,,,,,
,,,,,,,,,,,,,,,,,,,,,,,,,,,,,,,,,,,,,,,
,,,,,,,,,,,,,,,,,,,,,,,,,,,,,,,,,,,,,,,
,,,,,,,,,,,,,,,,,,,,,,,,,,,,,,,,,,,,,,,
,,,,,,,,,,,,,,,,,,,,,,,,,,,,,,,,,,,,,,,
,,,,,,,,,,,,,,,,,,,,,,,,,,,,,,,,,,,,,,,
,,,,,,,,,,,,,,,,,,,,,,,,,,,,,,,,,,,,,,,
,,,,,,,,,,,,,,,,,,,,,,,,,,,,,,,,,,,,,,,
,,,,,,,,,,,,,,,,,,,,,,,,,,,,,,,,,,,,,,,
,,,,,,,,,,,,,,,,,,,,,,,,,,,,,,,,,,,,,,,
,,,,,,,,,,,,,,,,,,,,,,,,,,,,,,,,,,,,,,,
,,,,,,,,,,,,,,,,,,,,,,,,,,,,,,,,,,,,,,,
,,,,,,,,,,,,,,,,,,,,,,,,,,,,,,,,,,,,,,,
,,,,,,,,,,,,,,,,,,,,,,,,,,,,,,,,,,,,,,,
,,,,,,,,,,,,,,,,,,,,,,,,,,,,,,,,,,,,,,,
,,,,,,,,,,,,,,,,,,,,,,,,,,,,,,,,,,,,,,,
,,,,,,,,,,,,,,,,,,,,,,,,,,,,,,,,,,,,,,,
,,,,,,,,,,,,,,,,,,,,,,,,,,,,,,,,,,,,,,,
,,,,,,,,,,,,,,,,,,,,,,,,,,,,,,,,,,,,,,,
,,,,,,,,,,,,,,,,,,,,,,,,,,,,,,,,,,,,,,,
,,,,,,,,,,,,,,,,,,,,,,,,,,,,,,,,,,,,,,,
,,,,,,,,,,,,,,,,,,,,,,,,,,,,,,,,,,,,,,,
,,,,,,,,,,,,,,,,,,,,,,,,,,,,,,,,,,,,,,,
,,,,,,,,,,,,,,,,,,,,,,,,,,,,,,,,,,,,,,,
,,,,,,,,,,,,,,,,,,,,,,,,,,,,,,,,,,,,,,,
,,,,,,,,,,,,,,,,,,,,,,,,,,,,,,,,,,,,,,,
,,,,,,,,,,,,,,,,,,,,,,,,,,,,,,,,,,,,,,,
,,,,,,,,,,,,,,,,,,,,,,,,,,,,,,,,,,,,,,,
,,,,,,,,,,,,,,,,,,,,,,,,,,,,,,,,,,,,,,,
,,,,,,,,,,,,,,,,,,,,,,,,,,,,,,,,,,,,,,,
,,,,,,,,,,,,,,,,,,,,,,,,,,,,,,,,,,,,,,,
,,,,,,,,,,,,,,,,,,,,,,,,,,,,,,,,,,,,,,,
,,,,,,,,,,,,,,,,,,,,,,,,,,,,,,,,,,,,,,,
,,,,,,,,,,,,,,,,,,,,,,,,,,,,,,,,,,,,,,,
,,,,,,,,,,,,,,,,,,,,,,,,,,,,,,,,,,,,,,,
,,,,,,,,,,,,,,,,,,,,,,,,,,,,,,,,,,,,,,,
,,,,,,,,,,,,,,,,,,,,,,,,,,,,,,,,,,,,,,,
,,,,,,,,,,,,,,,,,,,,,,,,,,,,,,,,,,,,,,,
,,,,,,,,,,,,,,,,,,,,,,,,,,,,,,,,,,,,,,,
,,,,,,,,,,,,,,,,,,,,,,,,,,,,,,,,,,,,,,,
,,,,,,,,,,,,,,,,,,,,,,,,,,,,,,,,,,,,,,,
,,,,,,,,,,,,,,,,,,,,,,,,,,,,,,,,,,,,,,,
,,,,,,,,,,,,,,,,,,,,,,,,,,,,,,,,,,,,,,,
,,,,,,,,,,,,,,,,,,,,,,,,,,,,,,,,,,,,,,,
,,,,,,,,,,,,,,,,,,,,,,,,,,,,,,,,,,,,,,,
,,,,,,,,,,,,,,,,,,,,,,,,,,,,,,,,,,,,,,,
,,,,,,,,,,,,,,,,,,,,,,,,,,,,,,,,,,,,,,,
,,,,,,,,,,,,,,,,,,,,,,,,,,,,,,,,,,,,,,,
,,,,,,,,,,,,,,,,,,,,,,,,,,,,,,,,,,,,,,,
,,,,,,,,,,,,,,,,,,,,,,,,,,,,,,,,,,,,,,,
,,,,,,,,,,,,,,,,,,,,,,,,,,,,,,,,,,,,,,,
,,,,,,,,,,,,,,,,,,,,,,,,,,,,,,,,,,,,,,,
,,,,,,,,,,,,,,,,,,,,,,,,,,,,,,,,,,,,,,,
,,,,,,,,,,,,,,,,,,,,,,,,,,,,,,,,,,,,,,,
,,,,,,,,,,,,,,,,,,,,,,,,,,,,,,,,,,,,,,,
,,,,,,,,,,,,,,,,,,,,,,,,,,,,,,,,,,,,,,,
,,,,,,,,,,,,,,,,,,,,,,,,,,,,,,,,,,,,,,,
,,,,,,,,,,,,,,,,,,,,,,,,,,,,,,,,,,,,,,,
,,,,,,,,,,,,,,,,,,,,,,,,,,,,,,,,,,,,,,,
,,,,,,,,,,,,,,,,,,,,,,,,,,,,,,,,,,,,,,,
,,,,,,,,,,,,,,,,,,,,,,,,,,,,,,,,,,,,,,,
,,,,,,,,,,,,,,,,,,,,,,,,,,,,,,,,,,,,,,,
,,,,,,,,,,,,,,,,,,,,,,,,,,,,,,,,,,,,,,,
,,,,,,,,,,,,,,,,,,,,,,,,,,,,,,,,,,,,,,,
,,,,,,,,,,,,,,,,,,,,,,,,,,,,,,,,,,,,,,,
,,,,,,,,,,,,,,,,,,,,,,,,,,,,,,,,,,,,,,,
,,,,,,,,,,,,,,,,,,,,,,,,,,,,,,,,,,,,,,,
,,,,,,,,,,,,,,,,,,,,,,,,,,,,,,,,,,,,,,,
,,,,,,,,,,,,,,,,,,,,,,,,,,,,,,,,,,,,,,,
,,,,,,,,,,,,,,,,,,,,,,,,,,,,,,,,,,,,,,,
,,,,,,,,,,,,,,,,,,,,,,,,,,,,,,,,,,,,,,,
,,,,,,,,,,,,,,,,,,,,,,,,,,,,,,,,,,,,,,,
,,,,,,,,,,,,,,,,,,,,,,,,,,,,,,,,,,,,,,,
,,,,,,,,,,,,,,,,,,,,,,,,,,,,,,,,,,,,,,,
,,,,,,,,,,,,,,,,,,,,,,,,,,,,,,,,,,,,,,,
,,,,,,,,,,,,,,,,,,,,,,,,,,,,,,,,,,,,,,,
,,,,,,,,,,,,,,,,,,,,,,,,,,,,,,,,,,,,,,,
,,,,,,,,,,,,,,,,,,,,,,,,,,,,,,,,,,,,,,,
,,,,,,,,,,,,,,,,,,,,,,,,,,,,,,,,,,,,,,,
,,,,,,,,,,,,,,,,,,,,,,,,,,,,,,,,,,,,,,,
,,,,,,,,,,,,,,,,,,,,,,,,,,,,,,,,,,,,,,,
,,,,,,,,,,,,,,,,,,,,,,,,,,,,,,,,,,,,,,,
,,,,,,,,,,,,,,,,,,,,,,,,,,,,,,,,,,,,,,,
,,,,,,,,,,,,,,,,,,,,,,,,,,,,,,,,,,,,,,,
,,,,,,,,,,,,,,,,,,,,,,,,,,,,,,,,,,,,,,,
,,,,,,,,,,,,,,,,,,,,,,,,,,,,,,,,,,,,,,,
,,,,,,,,,,,,,,,,,,,,,,,,,,,,,,,,,,,,,,,
,,,,,,,,,,,,,,,,,,,,,,,,,,,,,,,,,,,,,,,
,,,,,,,,,,,,,,,,,,,,,,,,,,,,,,,,,,,,,,,
,,,,,,,,,,,,,,,,,,,,,,,,,,,,,,,,,,,,,,,
,,,,,,,,,,,,,,,,,,,,,,,,,,,,,,,,,,,,,,,
,,,,,,,,,,,,,,,,,,,,,,,,,,,,,,,,,,,,,,,
,,,,,,,,,,,,,,,,,,,,,,,,,,,,,,,,,,,,,,,
,,,,,,,,,,,,,,,,,,,,,,,,,,,,,,,,,,,,,,,
,,,,,,,,,,,,,,,,,,,,,,,,,,,,,,,,,,,,,,,
,,,,,,,,,,,,,,,,,,,,,,,,,,,,,,,,,,,,,,,
,,,,,,,,,,,,,,,,,,,,,,,,,,,,,,,,,,,,,,,
,,,,,,,,,,,,,,,,,,,,,,,,,,,,,,,,,,,,,,,
,,,,,,,,,,,,,,,,,,,,,,,,,,,,,,,,,,,,,,,
,,,,,,,,,,,,,,,,,,,,,,,,,,,,,,,,,,,,,,,
,,,,,,,,,,,,,,,,,,,,,,,,,,,,,,,,,,,,,,,
,,,,,,,,,,,,,,,,,,,,,,,,,,,,,,,,,,,,,,,
,,,,,,,,,,,,,,,,,,,,,,,,,,,,,,,,,,,,,,,
,,,,,,,,,,,,,,,,,,,,,,,,,,,,,,,,,,,,,,,
,,,,,,,,,,,,,,,,,,,,,,,,,,,,,,,,,,,,,,,
,,,,,,,,,,,,,,,,,,,,,,,,,,,,,,,,,,,,,,,
,,,,,,,,,,,,,,,,,,,,,,,,,,,,,,,,,,,,,,,
,,,,,,,,,,,,,,,,,,,,,,,,,,,,,,,,,,,,,,,
,,,,,,,,,,,,,,,,,,,,,,,,,,,,,,,,,,,,,,,
,,,,,,,,,,,,,,,,,,,,,,,,,,,,,,,,,,,,,,,
,,,,,,,,,,,,,,,,,,,,,,,,,,,,,,,,,,,,,,,
,,,,,,,,,,,,,,,,,,,,,,,,,,,,,,,,,,,,,,,
,,,,,,,,,,,,,,,,,,,,,,,,,,,,,,,,,,,,,,,
,,,,,,,,,,,,,,,,,,,,,,,,,,,,,,,,,,,,,,,
,,,,,,,,,,,,,,,,,,,,,,,,,,,,,,,,,,,,,,,
,,,,,,,,,,,,,,,,,,,,,,,,,,,,,,,,,,,,,,,
,,,,,,,,,,,,,,,,,,,,,,,,,,,,,,,,,,,,,,,
,,,,,,,,,,,,,,,,,,,,,,,,,,,,,,,,,,,,,,,
,,,,,,,,,,,,,,,,,,,,,,,,,,,,,,,,,,,,,,,
,,,,,,,,,,,,,,,,,,,,,,,,,,,,,,,,,,,,,,,
,,,,,,,,,,,,,,,,,,,,,,,,,,,,,,,,,,,,,,,
,,,,,,,,,,,,,,,,,,,,,,,,,,,,,,,,,,,,,,,
,,,,,,,,,,,,,,,,,,,,,,,,,,,,,,,,,,,,,,,
,,,,,,,,,,,,,,,,,,,,,,,,,,,,,,,,,,,,,,,
,,,,,,,,,,,,,,,,,,,,,,,,,,,,,,,,,,,,,,,
,,,,,,,,,,,,,,,,,,,,,,,,,,,,,,,,,,,,,,,
,,,,,,,,,,,,,,,,,,,,,,,,,,,,,,,,,,,,,,,
,,,,,,,,,,,,,,,,,,,,,,,,,,,,,,,,,,,,,,,
,,,,,,,,,,,,,,,,,,,,,,,,,,,,,,,,,,,,,,,
,,,,,,,,,,,,,,,,,,,,,,,,,,,,,,,,,,,,,,,
,,,,,,,,,,,,,,,,,,,,,,,,,,,,,,,,,,,,,,,
,,,,,,,,,,,,,,,,,,,,,,,,,,,,,,,,,,,,,,,
,,,,,,,,,,,,,,,,,,,,,,,,,,,,,,,,,,,,,,,
,,,,,,,,,,,,,,,,,,,,,,,,,,,,,,,,,,,,,,,
,,,,,,,,,,,,,,,,,,,,,,,,,,,,,,,,,,,,,,,
,,,,,,,,,,,,,,,,,,,,,,,,,,,,,,,,,,,,,,,
,,,,,,,,,,,,,,,,,,,,,,,,,,,,,,,,,,,,,,,
,,,,,,,,,,,,,,,,,,,,,,,,,,,,,,,,,,,,,,,
,,,,,,,,,,,,,,,,,,,,,,,,,,,,,,,,,,,,,,,
,,,,,,,,,,,,,,,,,,,,,,,,,,,,,,,,,,,,,,,
,,,,,,,,,,,,,,,,,,,,,,,,,,,,,,,,,,,,,,,
,,,,,,,,,,,,,,,,,,,,,,,,,,,,,,,,,,,,,,,
,,,,,,,,,,,,,,,,,,,,,,,,,,,,,,,,,,,,,,,
,,,,,,,,,,,,,,,,,,,,,,,,,,,,,,,,,,,,,,,
,,,,,,,,,,,,,,,,,,,,,,,,,,,,,,,,,,,,,,,
,,,,,,,,,,,,,,,,,,,,,,,,,,,,,,,,,,,,,,,
,,,,,,,,,,,,,,,,,,,,,,,,,,,,,,,,,,,,,,,
,,,,,,,,,,,,,,,,,,,,,,,,,,,,,,,,,,,,,,,
,,,,,,,,,,,,,,,,,,,,,,,,,,,,,,,,,,,,,,,
,,,,,,,,,,,,,,,,,,,,,,,,,,,,,,,,,,,,,,,
,,,,,,,,,,,,,,,,,,,,,,,,,,,,,,,,,,,,,,,
,,,,,,,,,,,,,,,,,,,,,,,,,,,,,,,,,,,,,,,
,,,,,,,,,,,,,,,,,,,,,,,,,,,,,,,,,,,,,,,
,,,,,,,,,,,,,,,,,,,,,,,,,,,,,,,,,,,,,,,
,,,,,,,,,,,,,,,,,,,,,,,,,,,,,,,,,,,,,,,
,,,,,,,,,,,,,,,,,,,,,,,,,,,,,,,,,,,,,,,
,,,,,,,,,,,,,,,,,,,,,,,,,,,,,,,,,,,,,,,
,,,,,,,,,,,,,,,,,,,,,,,,,,,,,,,,,,,,,,,
,,,,,,,,,,,,,,,,,,,,,,,,,,,,,,,,,,,,,,,
,,,,,,,,,,,,,,,,,,,,,,,,,,,,,,,,,,,,,,,
,,,,,,,,,,,,,,,,,,,,,,,,,,,,,,,,,,,,,,,
,,,,,,,,,,,,,,,,,,,,,,,,,,,,,,,,,,,,,,,
,,,,,,,,,,,,,,,,,,,,,,,,,,,,,,,,,,,,,,,
,,,,,,,,,,,,,,,,,,,,,,,,,,,,,,,,,,,,,,,
,,,,,,,,,,,,,,,,,,,,,,,,,,,,,,,,,,,,,,,
,,,,,,,,,,,,,,,,,,,,,,,,,,,,,,,,,,,,,,,
,,,,,,,,,,,,,,,,,,,,,,,,,,,,,,,,,,,,,,,
,,,,,,,,,,,,,,,,,,,,,,,,,,,,,,,,,,,,,,,
,,,,,,,,,,,,,,,,,,,,,,,,,,,,,,,,,,,,,,,
,,,,,,,,,,,,,,,,,,,,,,,,,,,,,,,,,,,,,,,
,,,,,,,,,,,,,,,,,,,,,,,,,,,,,,,,,,,,,,,
,,,,,,,,,,,,,,,,,,,,,,,,,,,,,,,,,,,,,,,
,,,,,,,,,,,,,,,,,,,,,,,,,,,,,,,,,,,,,,,
,,,,,,,,,,,,,,,,,,,,,,,,,,,,,,,,,,,,,,,
,,,,,,,,,,,,,,,,,,,,,,,,,,,,,,,,,,,,,,,
,,,,,,,,,,,,,,,,,,,,,,,,,,,,,,,,,,,,,,,
,,,,,,,,,,,,,,,,,,,,,,,,,,,,,,,,,,,,,,,
,,,,,,,,,,,,,,,,,,,,,,,,,,,,,,,,,,,,,,,
,,,,,,,,,,,,,,,,,,,,,,,,,,,,,,,,,,,,,,,
,,,,,,,,,,,,,,,,,,,,,,,,,,,,,,,,,,,,,,,
,,,,,,,,,,,,,,,,,,,,,,,,,,,,,,,,,,,,,,,
,,,,,,,,,,,,,,,,,,,,,,,,,,,,,,,,,,,,,,,
,,,,,,,,,,,,,,,,,,,,,,,,,,,,,,,,,,,,,,,
,,,,,,,,,,,,,,,,,,,,,,,,,,,,,,,,,,,,,,,
,,,,,,,,,,,,,,,,,,,,,,,,,,,,,,,,,,,,,,,
,,,,,,,,,,,,,,,,,,,,,,,,,,,,,,,,,,,,,,,
,,,,,,,,,,,,,,,,,,,,,,,,,,,,,,,,,,,,,,,
,,,,,,,,,,,,,,,,,,,,,,,,,,,,,,,,,,,,,,,
,,,,,,,,,,,,,,,,,,,,,,,,,,,,,,,,,,,,,,,
,,,,,,,,,,,,,,,,,,,,,,,,,,,,,,,,,,,,,,,
,,,,,,,,,,,,,,,,,,,,,,,,,,,,,,,,,,,,,,,
,,,,,,,,,,,,,,,,,,,,,,,,,,,,,,,,,,,,,,,
,,,,,,,,,,,,,,,,,,,,,,,,,,,,,,,,,,,,,,,
,,,,,,,,,,,,,,,,,,,,,,,,,,,,,,,,,,,,,,,
,,,,,,,,,,,,,,,,,,,,,,,,,,,,,,,,,,,,,,,
,,,,,,,,,,,,,,,,,,,,,,,,,,,,,,,,,,,,,,,
,,,,,,,,,,,,,,,,,,,,,,,,,,,,,,,,,,,,,,,
,,,,,,,,,,,,,,,,,,,,,,,,,,,,,,,,,,,,,,,
,,,,,,,,,,,,,,,,,,,,,,,,,,,,,,,,,,,,,,,
,,,,,,,,,,,,,,,,,,,,,,,,,,,,,,,,,,,,,,,
,,,,,,,,,,,,,,,,,,,,,,,,,,,,,,,,,,,,,,,
,,,,,,,,,,,,,,,,,,,,,,,,,,,,,,,,,,,,,,,
,,,,,,,,,,,,,,,,,,,,,,,,,,,,,,,,,,,,,,,
,,,,,,,,,,,,,,,,,,,,,,,,,,,,,,,,,,,,,,,
,,,,,,,,,,,,,,,,,,,,,,,,,,,,,,,,,,,,,,,
,,,,,,,,,,,,,,,,,,,,,,,,,,,,,,,,,,,,,,,
,,,,,,,,,,,,,,,,,,,,,,,,,,,,,,,,,,,,,,,
,,,,,,,,,,,,,,,,,,,,,,,,,,,,,,,,,,,,,,,
,,,,,,,,,,,,,,,,,,,,,,,,,,,,,,,,,,,,,,,
,,,,,,,,,,,,,,,,,,,,,,,,,,,,,,,,,,,,,,,
,,,,,,,,,,,,,,,,,,,,,,,,,,,,,,,,,,,,,,,
,,,,,,,,,,,,,,,,,,,,,,,,,,,,,,,,,,,,,,,
,,,,,,,,,,,,,,,,,,,,,,,,,,,,,,,,,,,,,,,
,,,,,,,,,,,,,,,,,,,,,,,,,,,,,,,,,,,,,,,
,,,,,,,,,,,,,,,,,,,,,,,,,,,,,,,,,,,,,,,
,,,,,,,,,,,,,,,,,,,,,,,,,,,,,,,,,,,,,,,
,,,,,,,,,,,,,,,,,,,,,,,,,,,,,,,,,,,,,,,
,,,,,,,,,,,,,,,,,,,,,,,,,,,,,,,,,,,,,,,
,,,,,,,,,,,,,,,,,,,,,,,,,,,,,,,,,,,,,,,
,,,,,,,,,,,,,,,,,,,,,,,,,,,,,,,,,,,,,,,
,,,,,,,,,,,,,,,,,,,,,,,,,,,,,,,,,,,,,,,
,,,,,,,,,,,,,,,,,,,,,,,,,,,,,,,,,,,,,,,
,,,,,,,,,,,,,,,,,,,,,,,,,,,,,,,,,,,,,,,
,,,,,,,,,,,,,,,,,,,,,,,,,,,,,,,,,,,,,,,
,,,,,,,,,,,,,,,,,,,,,,,,,,,,,,,,,,,,,,,
,,,,,,,,,,,,,,,,,,,,,,,,,,,,,,,,,,,,,,,
,,,,,,,,,,,,,,,,,,,,,,,,,,,,,,,,,,,,,,,
,,,,,,,,,,,,,,,,,,,,,,,,,,,,,,,,,,,,,,,
,,,,,,,,,,,,,,,,,,,,,,,,,,,,,,,,,,,,,,,
,,,,,,,,,,,,,,,,,,,,,,,,,,,,,,,,,,,,,,,
,,,,,,,,,,,,,,,,,,,,,,,,,,,,,,,,,,,,,,,
,,,,,,,,,,,,,,,,,,,,,,,,,,,,,,,,,,,,,,,
,,,,,,,,,,,,,,,,,,,,,,,,,,,,,,,,,,,,,,,
,,,,,,,,,,,,,,,,,,,,,,,,,,,,,,,,,,,,,,,
,,,,,,,,,,,,,,,,,,,,,,,,,,,,,,,,,,,,,,,
,,,,,,,,,,,,,,,,,,,,,,,,,,,,,,,,,,,,,,,
Soldier Gloves,ARMS\arm1_00300.txt,ARMS\arm2_00300.txt,13,141,0,,25,13,455,226,580,,,,,,,,,,,,,,,,,,27,,5,1,,0,,,,0,LARM031
Chrome Gauntlets,ARMS\arm1_02500.txt,ARMS\arm2_02500.txt,13,141,0,,25,30,458,226,580,,,,,,,,,,,,,,,,,,32,,15,4,,0,,,,0,LARM034
Durable Gloves,ARMS\arm1_04800.txt,ARMS\arm2_04800.txt,13,141,0,,25,49,462,226,580,,,,,,,,,,,,,,,,,,41,,36,10,,0,,,,0,LARM030
Hunter Gloves,ARMS\arm1_02200.txt,ARMS\arm2_02200.txt,13,143,0,,25,15,520,230,579,,,,,,,,,,,,,,,,,,27,,5,1,,0,,,,0,LARM091
Black Pirate Gloves,ARMS\arm1_01500.txt,ARMS\arm2_01500.txt,13,143,0,,25,33,523,230,579,,,,,,,,,,,,,,,,,,32,,14,5,,0,,,,0,LARM094
Pirate Gloves,ARMS\arm1_04700.txt,ARMS\arm2_04700.txt,13,143,0,,25,55,527,230,579,,,,,,,,,,,,,,,,,,40,,34,12,,0,,,,0,LARM090
Spiritual Gloves,ARMS\arm1_02700.txt,ARMS\arm2_02700.txt,13,142,0,,25,15,481,234,579,,,,,,,,,,,,,,,,,,27,,5,2,,0,,,,0,LARM061
Violet Gloves,ARMS\arm1_02400.txt,ARMS\arm2_02400.txt,13,142,0,,25,34,484,234,579,,,,,,,,,,,,,,,,,,32,,13,6,,0,,,,0,LARM064
Fairy Gloves,ARMS\arm1_05000.txt,ARMS\arm2_05000.txt,13,142,0,,25,55,488,234,579,,,,,,,,,,,,,,,,,,40,,31,15,,0,,,,0,LARM060
Brown Gloves,ARMS\arm1_03200.txt,ARMS\arm2_03200.txt,13,143,0,,25,18,546,238,579,,,,,,,,,,,,,,,,,,27,,5,1,,0,,,,0,LARM121
Semiya Gloves,ARMS\arm1_02300.txt,ARMS\arm2_02300.txt,13,143,0,,25,35,549,238,579,,,,,,,,,,,,,,,,,,32,,14,5,,0,,,,0,LARM124
Fisherman Gloves,ARMS\arm1_04900.txt,ARMS\arm2_04900.txt,13,143,0,,25,54,553,238,579,,,,,,,,,,,,,,,,,,40,,33,12,,0,,,,0,LARM120
Dumb Gloves,ARMS\arm1_00600.txt,ARMS\arm2_00600.txt,13,143,0,,25,12,418,242,579,,,,,,,,,,,,,,,,,,26,,3,1,,,,,,0,LARM004
Hill Gray Gloves,ARMS\arm1_00310.txt,ARMS\arm2_00310.txt,13,143,0,,25,18,423,242,579,,,,,,,,,,,,,,,,,,28,,6,2,,,,,,0,LARM009
Redfield Green Gloves,ARMS\arm1_04000.txt,ARMS\arm2_04000.txt,13,143,0,,25,33,432,242,579,,,,,,,,,,,,,,,,,,32,,14,5,,0,,,,0,LARM016
,,,,,,,,,,,,,,,,,,,,,,,,,,,,,,,,,,,,,,,
,,,,,,,,,,,,,,,,,,,,,,,,,,,,,,,,,,,,,,,
,,,,,,,,,,,,,,,,,,,,,,,,,,,,,,,,,,,,,,,
,,,,,,,,,,,,,,,,,,,,,,,,,,,,,,,,,,,,,,,
,,,,,,,,,,,,,,,,,,,,,,,,,,,,,,,,,,,,,,,
,,,,,,,,,,,,,,,,,,,,,,,,,,,,,,,,,,,,,,,
,,,,,,,,,,,,,,,,,,,,,,,,,,,,,,,,,,,,,,,
,,,,,,,,,,,,,,,,,,,,,,,,,,,,,,,,,,,,,,,
,,,,,,,,,,,,,,,,,,,,,,,,,,,,,,,,,,,,,,,
,,,,,,,,,,,,,,,,,,,,,,,,,,,,,,,,,,,,,,,
,,,,,,,,,,,,,,,,,,,,,,,,,,,,,,,,,,,,,,,
,,,,,,,,,,,,,,,,,,,,,,,,,,,,,,,,,,,,,,,
,,,,,,,,,,,,,,,,,,,,,,,,,,,,,,,,,,,,,,,
,,,,,,,,,,,,,,,,,,,,,,,,,,,,,,,,,,,,,,,
,,,,,,,,,,,,,,,,,,,,,,,,,,,,,,,,,,,,,,,
,,,,,,,,,,,,,,,,,,,,,,,,,,,,,,,,,,,,,,,
,,,,,,,,,,,,,,,,,,,,,,,,,,,,,,,,,,,,,,,
,,,,,,,,,,,,,,,,,,,,,,,,,,,,,,,,,,,,,,,
,,,,,,,,,,,,,,,,,,,,,,,,,,,,,,,,,,,,,,,
,,,,,,,,,,,,,,,,,,,,,,,,,,,,,,,,,,,,,,,
,,,,,,,,,,,,,,,,,,,,,,,,,,,,,,,,,,,,,,,
,,,,,,,,,,,,,,,,,,,,,,,,,,,,,,,,,,,,,,,
,,,,,,,,,,,,,,,,,,,,,,,,,,,,,,,,,,,,,,,
,,,,,,,,,,,,,,,,,,,,,,,,,,,,,,,,,,,,,,,
,,,,,,,,,,,,,,,,,,,,,,,,,,,,,,,,,,,,,,,
,,,,,,,,,,,,,,,,,,,,,,,,,,,,,,,,,,,,,,,
,,,,,,,,,,,,,,,,,,,,,,,,,,,,,,,,,,,,,,,
,,,,,,,,,,,,,,,,,,,,,,,,,,,,,,,,,,,,,,,
,,,,,,,,,,,,,,,,,,,,,,,,,,,,,,,,,,,,,,,
,,,,,,,,,,,,,,,,,,,,,,,,,,,,,,,,,,,,,,,
,,,,,,,,,,,,,,,,,,,,,,,,,,,,,,,,,,,,,,,
,,,,,,,,,,,,,,,,,,,,,,,,,,,,,,,,,,,,,,,
,,,,,,,,,,,,,,,,,,,,,,,,,,,,,,,,,,,,,,,
,,,,,,,,,,,,,,,,,,,,,,,,,,,,,,,,,,,,,,,
,,,,,,,,,,,,,,,,,,,,,,,,,,,,,,,,,,,,,,,
,,,,,,,,,,,,,,,,,,,,,,,,,,,,,,,,,,,,,,,
,,,,,,,,,,,,,,,,,,,,,,,,,,,,,,,,,,,,,,,
,,,,,,,,,,,,,,,,,,,,,,,,,,,,,,,,,,,,,,,
,,,,,,,,,,,,,,,,,,,,,,,,,,,,,,,,,,,,,,,
,,,,,,,,,,,,,,,,,,,,,,,,,,,,,,,,,,,,,,,
,,,,,,,,,,,,,,,,,,,,,,,,,,,,,,,,,,,,,,,
,,,,,,,,,,,,,,,,,,,,,,,,,,,,,,,,,,,,,,,
,,,,,,,,,,,,,,,,,,,,,,,,,,,,,,,,,,,,,,,
,,,,,,,,,,,,,,,,,,,,,,,,,,,,,,,,,,,,,,,
,,,,,,,,,,,,,,,,,,,,,,,,,,,,,,,,,,,,,,,
,,,,,,,,,,,,,,,,,,,,,,,,,,,,,,,,,,,,,,,
,,,,,,,,,,,,,,,,,,,,,,,,,,,,,,,,,,,,,,,
,,,,,,,,,,,,,,,,,,,,,,,,,,,,,,,,,,,,,,,
,,,,,,,,,,,,,,,,,,,,,,,,,,,,,,,,,,,,,,,
,,,,,,,,,,,,,,,,,,,,,,,,,,,,,,,,,,,,,,,
,,,,,,,,,,,,,,,,,,,,,,,,,,,,,,,,,,,,,,,
,,,,,,,,,,,,,,,,,,,,,,,,,,,,,,,,,,,,,,,
,,,,,,,,,,,,,,,,,,,,,,,,,,,,,,,,,,,,,,,
,,,,,,,,,,,,,,,,,,,,,,,,,,,,,,,,,,,,,,,
,,,,,,,,,,,,,,,,,,,,,,,,,,,,,,,,,,,,,,,
,,,,,,,,,,,,,,,,,,,,,,,,,,,,,,,,,,,,,,,
,,,,,,,,,,,,,,,,,,,,,,,,,,,,,,,,,,,,,,,
,,,,,,,,,,,,,,,,,,,,,,,,,,,,,,,,,,,,,,,
,,,,,,,,,,,,,,,,,,,,,,,,,,,,,,,,,,,,,,,
,,,,,,,,,,,,,,,,,,,,,,,,,,,,,,,,,,,,,,,
,,,,,,,,,,,,,,,,,,,,,,,,,,,,,,,,,,,,,,,
,,,,,,,,,,,,,,,,,,,,,,,,,,,,,,,,,,,,,,,
,,,,,,,,,,,,,,,,,,,,,,,,,,,,,,,,,,,,,,,
,,,,,,,,,,,,,,,,,,,,,,,,,,,,,,,,,,,,,,,
,,,,,,,,,,,,,,,,,,,,,,,,,,,,,,,,,,,,,,,
,,,,,,,,,,,,,,,,,,,,,,,,,,,,,,,,,,,,,,,
,,,,,,,,,,,,,,,,,,,,,,,,,,,,,,,,,,,,,,,
,,,,,,,,,,,,,,,,,,,,,,,,,,,,,,,,,,,,,,,
,,,,,,,,,,,,,,,,,,,,,,,,,,,,,,,,,,,,,,,
,,,,,,,,,,,,,,,,,,,,,,,,,,,,,,,,,,,,,,,
,,,,,,,,,,,,,,,,,,,,,,,,,,,,,,,,,,,,,,,
,,,,,,,,,,,,,,,,,,,,,,,,,,,,,,,,,,,,,,,
,,,,,,,,,,,,,,,,,,,,,,,,,,,,,,,,,,,,,,,
,,,,,,,,,,,,,,,,,,,,,,,,,,,,,,,,,,,,,,,
,,,,,,,,,,,,,,,,,,,,,,,,,,,,,,,,,,,,,,,
,,,,,,,,,,,,,,,,,,,,,,,,,,,,,,,,,,,,,,,
,,,,,,,,,,,,,,,,,,,,,,,,,,,,,,,,,,,,,,,
,,,,,,,,,,,,,,,,,,,,,,,,,,,,,,,,,,,,,,,
,,,,,,,,,,,,,,,,,,,,,,,,,,,,,,,,,,,,,,,
,,,,,,,,,,,,,,,,,,,,,,,,,,,,,,,,,,,,,,,
,,,,,,,,,,,,,,,,,,,,,,,,,,,,,,,,,,,,,,,
,,,,,,,,,,,,,,,,,,,,,,,,,,,,,,,,,,,,,,,
,,,,,,,,,,,,,,,,,,,,,,,,,,,,,,,,,,,,,,,
,,,,,,,,,,,,,,,,,,,,,,,,,,,,,,,,,,,,,,,
,,,,,,,,,,,,,,,,,,,,,,,,,,,,,,,,,,,,,,,
,,,,,,,,,,,,,,,,,,,,,,,,,,,,,,,,,,,,,,,
,,,,,,,,,,,,,,,,,,,,,,,,,,,,,,,,,,,,,,,
,,,,,,,,,,,,,,,,,,,,,,,,,,,,,,,,,,,,,,,
,,,,,,,,,,,,,,,,,,,,,,,,,,,,,,,,,,,,,,,
,,,,,,,,,,,,,,,,,,,,,,,,,,,,,,,,,,,,,,,
,,,,,,,,,,,,,,,,,,,,,,,,,,,,,,,,,,,,,,,
,,,,,,,,,,,,,,,,,,,,,,,,,,,,,,,,,,,,,,,
,,,,,,,,,,,,,,,,,,,,,,,,,,,,,,,,,,,,,,,
,,,,,,,,,,,,,,,,,,,,,,,,,,,,,,,,,,,,,,,
,,,,,,,,,,,,,,,,,,,,,,,,,,,,,,,,,,,,,,,
,,,,,,,,,,,,,,,,,,,,,,,,,,,,,,,,,,,,,,,
,,,,,,,,,,,,,,,,,,,,,,,,,,,,,,,,,,,,,,,
,,,,,,,,,,,,,,,,,,,,,,,,,,,,,,,,,,,,,,,
,,,,,,,,,,,,,,,,,,,,,,,,,,,,,,,,,,,,,,,
,,,,,,,,,,,,,,,,,,,,,,,,,,,,,,,,,,,,,,,
,,,,,,,,,,,,,,,,,,,,,,,,,,,,,,,,,,,,,,,
,,,,,,,,,,,,,,,,,,,,,,,,,,,,,,,,,,,,,,,
,,,,,,,,,,,,,,,,,,,,,,,,,,,,,,,,,,,,,,,
,,,,,,,,,,,,,,,,,,,,,,,,,,,,,,,,,,,,,,,
,,,,,,,,,,,,,,,,,,,,,,,,,,,,,,,,,,,,,,,
,,,,,,,,,,,,,,,,,,,,,,,,,,,,,,,,,,,,,,,
,,,,,,,,,,,,,,,,,,,,,,,,,,,,,,,,,,,,,,,
,,,,,,,,,,,,,,,,,,,,,,,,,,,,,,,,,,,,,,,
,,,,,,,,,,,,,,,,,,,,,,,,,,,,,,,,,,,,,,,
,,,,,,,,,,,,,,,,,,,,,,,,,,,,,,,,,,,,,,,
,,,,,,,,,,,,,,,,,,,,,,,,,,,,,,,,,,,,,,,
,,,,,,,,,,,,,,,,,,,,,,,,,,,,,,,,,,,,,,,
,,,,,,,,,,,,,,,,,,,,,,,,,,,,,,,,,,,,,,,
,,,,,,,,,,,,,,,,,,,,,,,,,,,,,,,,,,,,,,,
,,,,,,,,,,,,,,,,,,,,,,,,,,,,,,,,,,,,,,,
,,,,,,,,,,,,,,,,,,,,,,,,,,,,,,,,,,,,,,,
,,,,,,,,,,,,,,,,,,,,,,,,,,,,,,,,,,,,,,,
,,,,,,,,,,,,,,,,,,,,,,,,,,,,,,,,,,,,,,,
,,,,,,,,,,,,,,,,,,,,,,,,,,,,,,,,,,,,,,,
,,,,,,,,,,,,,,,,,,,,,,,,,,,,,,,,,,,,,,,
,,,,,,,,,,,,,,,,,,,,,,,,,,,,,,,,,,,,,,,
,,,,,,,,,,,,,,,,,,,,,,,,,,,,,,,,,,,,,,,
,,,,,,,,,,,,,,,,,,,,,,,,,,,,,,,,,,,,,,,
,,,,,,,,,,,,,,,,,,,,,,,,,,,,,,,,,,,,,,,
,,,,,,,,,,,,,,,,,,,,,,,,,,,,,,,,,,,,,,,
,,,,,,,,,,,,,,,,,,,,,,,,,,,,,,,,,,,,,,,
,,,,,,,,,,,,,,,,,,,,,,,,,,,,,,,,,,,,,,,
,,,,,,,,,,,,,,,,,,,,,,,,,,,,,,,,,,,,,,,
,,,,,,,,,,,,,,,,,,,,,,,,,,,,,,,,,,,,,,,
,,,,,,,,,,,,,,,,,,,,,,,,,,,,,,,,,,,,,,,
,,,,,,,,,,,,,,,,,,,,,,,,,,,,,,,,,,,,,,,
,,,,,,,,,,,,,,,,,,,,,,,,,,,,,,,,,,,,,,,
,,,,,,,,,,,,,,,,,,,,,,,,,,,,,,,,,,,,,,,
,,,,,,,,,,,,,,,,,,,,,,,,,,,,,,,,,,,,,,,
,,,,,,,,,,,,,,,,,,,,,,,,,,,,,,,,,,,,,,,
,,,,,,,,,,,,,,,,,,,,,,,,,,,,,,,,,,,,,,,
,,,,,,,,,,,,,,,,,,,,,,,,,,,,,,,,,,,,,,,
,,,,,,,,,,,,,,,,,,,,,,,,,,,,,,,,,,,,,,,
,,,,,,,,,,,,,,,,,,,,,,,,,,,,,,,,,,,,,,,
,,,,,,,,,,,,,,,,,,,,,,,,,,,,,,,,,,,,,,,
,,,,,,,,,,,,,,,,,,,,,,,,,,,,,,,,,,,,,,,
,,,,,,,,,,,,,,,,,,,,,,,,,,,,,,,,,,,,,,,
,,,,,,,,,,,,,,,,,,,,,,,,,,,,,,,,,,,,,,,
,,,,,,,,,,,,,,,,,,,,,,,,,,,,,,,,,,,,,,,
,,,,,,,,,,,,,,,,,,,,,,,,,,,,,,,,,,,,,,,
,,,,,,,,,,,,,,,,,,,,,,,,,,,,,,,,,,,,,,,
,,,,,,,,,,,,,,,,,,,,,,,,,,,,,,,,,,,,,,,
,,,,,,,,,,,,,,,,,,,,,,,,,,,,,,,,,,,,,,,
,,,,,,,,,,,,,,,,,,,,,,,,,,,,,,,,,,,,,,,
,,,,,,,,,,,,,,,,,,,,,,,,,,,,,,,,,,,,,,,
,,,,,,,,,,,,,,,,,,,,,,,,,,,,,,,,,,,,,,,
,,,,,,,,,,,,,,,,,,,,,,,,,,,,,,,,,,,,,,,
,,,,,,,,,,,,,,,,,,,,,,,,,,,,,,,,,,,,,,,
,,,,,,,,,,,,,,,,,,,,,,,,,,,,,,,,,,,,,,,
,,,,,,,,,,,,,,,,,,,,,,,,,,,,,,,,,,,,,,,
,,,,,,,,,,,,,,,,,,,,,,,,,,,,,,,,,,,,,,,
,,,,,,,,,,,,,,,,,,,,,,,,,,,,,,,,,,,,,,,
,,,,,,,,,,,,,,,,,,,,,,,,,,,,,,,,,,,,,,,
,,,,,,,,,,,,,,,,,,,,,,,,,,,,,,,,,,,,,,,
,,,,,,,,,,,,,,,,,,,,,,,,,,,,,,,,,,,,,,,
,,,,,,,,,,,,,,,,,,,,,,,,,,,,,,,,,,,,,,,
,,,,,,,,,,,,,,,,,,,,,,,,,,,,,,,,,,,,,,,
,,,,,,,,,,,,,,,,,,,,,,,,,,,,,,,,,,,,,,,
,,,,,,,,,,,,,,,,,,,,,,,,,,,,,,,,,,,,,,,
,,,,,,,,,,,,,,,,,,,,,,,,,,,,,,,,,,,,,,,
,,,,,,,,,,,,,,,,,,,,,,,,,,,,,,,,,,,,,,,
,,,,,,,,,,,,,,,,,,,,,,,,,,,,,,,,,,,,,,,
,,,,,,,,,,,,,,,,,,,,,,,,,,,,,,,,,,,,,,,
,,,,,,,,,,,,,,,,,,,,,,,,,,,,,,,,,,,,,,,
,,,,,,,,,,,,,,,,,,,,,,,,,,,,,,,,,,,,,,,
,,,,,,,,,,,,,,,,,,,,,,,,,,,,,,,,,,,,,,,
,,,,,,,,,,,,,,,,,,,,,,,,,,,,,,,,,,,,,,,
,,,,,,,,,,,,,,,,,,,,,,,,,,,,,,,,,,,,,,,
,,,,,,,,,,,,,,,,,,,,,,,,,,,,,,,,,,,,,,,
,,,,,,,,,,,,,,,,,,,,,,,,,,,,,,,,,,,,,,,
,,,,,,,,,,,,,,,,,,,,,,,,,,,,,,,,,,,,,,,
,,,,,,,,,,,,,,,,,,,,,,,,,,,,,,,,,,,,,,,
,,,,,,,,,,,,,,,,,,,,,,,,,,,,,,,,,,,,,,,
,,,,,,,,,,,,,,,,,,,,,,,,,,,,,,,,,,,,,,,
,,,,,,,,,,,,,,,,,,,,,,,,,,,,,,,,,,,,,,,
,,,,,,,,,,,,,,,,,,,,,,,,,,,,,,,,,,,,,,,
,,,,,,,,,,,,,,,,,,,,,,,,,,,,,,,,,,,,,,,
,,,,,,,,,,,,,,,,,,,,,,,,,,,,,,,,,,,,,,,
,,,,,,,,,,,,,,,,,,,,,,,,,,,,,,,,,,,,,,,
,,,,,,,,,,,,,,,,,,,,,,,,,,,,,,,,,,,,,,,
,,,,,,,,,,,,,,,,,,,,,,,,,,,,,,,,,,,,,,,
,,,,,,,,,,,,,,,,,,,,,,,,,,,,,,,,,,,,,,,
,,,,,,,,,,,,,,,,,,,,,,,,,,,,,,,,,,,,,,,
,,,,,,,,,,,,,,,,,,,,,,,,,,,,,,,,,,,,,,,
,,,,,,,,,,,,,,,,,,,,,,,,,,,,,,,,,,,,,,,
,,,,,,,,,,,,,,,,,,,,,,,,,,,,,,,,,,,,,,,
,,,,,,,,,,,,,,,,,,,,,,,,,,,,,,,,,,,,,,,
,,,,,,,,,,,,,,,,,,,,,,,,,,,,,,,,,,,,,,,
,,,,,,,,,,,,,,,,,,,,,,,,,,,,,,,,,,,,,,,
,,,,,,,,,,,,,,,,,,,,,,,,,,,,,,,,,,,,,,,
,,,,,,,,,,,,,,,,,,,,,,,,,,,,,,,,,,,,,,,
,,,,,,,,,,,,,,,,,,,,,,,,,,,,,,,,,,,,,,,
,,,,,,,,,,,,,,,,,,,,,,,,,,,,,,,,,,,,,,,
,,,,,,,,,,,,,,,,,,,,,,,,,,,,,,,,,,,,,,,
,,,,,,,,,,,,,,,,,,,,,,,,,,,,,,,,,,,,,,,
,,,,,,,,,,,,,,,,,,,,,,,,,,,,,,,,,,,,,,,
,,,,,,,,,,,,,,,,,,,,,,,,,,,,,,,,,,,,,,,
,,,,,,,,,,,,,,,,,,,,,,,,,,,,,,,,,,,,,,,
,,,,,,,,,,,,,,,,,,,,,,,,,,,,,,,,,,,,,,,
,,,,,,,,,,,,,,,,,,,,,,,,,,,,,,,,,,,,,,,
,,,,,,,,,,,,,,,,,,,,,,,,,,,,,,,,,,,,,,,
,,,,,,,,,,,,,,,,,,,,,,,,,,,,,,,,,,,,,,,
,,,,,,,,,,,,,,,,,,,,,,,,,,,,,,,,,,,,,,,
,,,,,,,,,,,,,,,,,,,,,,,,,,,,,,,,,,,,,,,
,,,,,,,,,,,,,,,,,,,,,,,,,,,,,,,,,,,,,,,
,,,,,,,,,,,,,,,,,,,,,,,,,,,,,,,,,,,,,,,
,,,,,,,,,,,,,,,,,,,,,,,,,,,,,,,,,,,,,,,
,,,,,,,,,,,,,,,,,,,,,,,,,,,,,,,,,,,,,,,
,,,,,,,,,,,,,,,,,,,,,,,,,,,,,,,,,,,,,,,
,,,,,,,,,,,,,,,,,,,,,,,,,,,,,,,,,,,,,,,
,,,,,,,,,,,,,,,,,,,,,,,,,,,,,,,,,,,,,,,
,,,,,,,,,,,,,,,,,,,,,,,,,,,,,,,,,,,,,,,
,,,,,,,,,,,,,,,,,,,,,,,,,,,,,,,,,,,,,,,
,,,,,,,,,,,,,,,,,,,,,,,,,,,,,,,,,,,,,,,
,,,,,,,,,,,,,,,,,,,,,,,,,,,,,,,,,,,,,,,
,,,,,,,,,,,,,,,,,,,,,,,,,,,,,,,,,,,,,,,
,,,,,,,,,,,,,,,,,,,,,,,,,,,,,,,,,,,,,,,
,,,,,,,,,,,,,,,,,,,,,,,,,,,,,,,,,,,,,,,
,,,,,,,,,,,,,,,,,,,,,,,,,,,,,,,,,,,,,,,
,,,,,,,,,,,,,,,,,,,,,,,,,,,,,,,,,,,,,,,
,,,,,,,,,,,,,,,,,,,,,,,,,,,,,,,,,,,,,,,
,,,,,,,,,,,,,,,,,,,,,,,,,,,,,,,,,,,,,,,
,,,,,,,,,,,,,,,,,,,,,,,,,,,,,,,,,,,,,,,
,,,,,,,,,,,,,,,,,,,,,,,,,,,,,,,,,,,,,,,
,,,,,,,,,,,,,,,,,,,,,,,,,,,,,,,,,,,,,,,
,,,,,,,,,,,,,,,,,,,,,,,,,,,,,,,,,,,,,,,
,,,,,,,,,,,,,,,,,,,,,,,,,,,,,,,,,,,,,,,
,,,,,,,,,,,,,,,,,,,,,,,,,,,,,,,,,,,,,,,
,,,,,,,,,,,,,,,,,,,,,,,,,,,,,,,,,,,,,,,
,,,,,,,,,,,,,,,,,,,,,,,,,,,,,,,,,,,,,,,
,,,,,,,,,,,,,,,,,,,,,,,,,,,,,,,,,,,,,,,
,,,,,,,,,,,,,,,,,,,,,,,,,,,,,,,,,,,,,,,
,,,,,,,,,,,,,,,,,,,,,,,,,,,,,,,,,,,,,,,
,,,,,,,,,,,,,,,,,,,,,,,,,,,,,,,,,,,,,,,
,,,,,,,,,,,,,,,,,,,,,,,,,,,,,,,,,,,,,,,
,,,,,,,,,,,,,,,,,,,,,,,,,,,,,,,,,,,,,,,
,,,,,,,,,,,,,,,,,,,,,,,,,,,,,,,,,,,,,,,
,,,,,,,,,,,,,,,,,,,,,,,,,,,,,,,,,,,,,,,
,,,,,,,,,,,,,,,,,,,,,,,,,,,,,,,,,,,,,,,
,,,,,,,,,,,,,,,,,,,,,,,,,,,,,,,,,,,,,,,
,,,,,,,,,,,,,,,,,,,,,,,,,,,,,,,,,,,,,,,
,,,,,,,,,,,,,,,,,,,,,,,,,,,,,,,,,,,,,,,
,,,,,,,,,,,,,,,,,,,,,,,,,,,,,,,,,,,,,,,
,,,,,,,,,,,,,,,,,,,,,,,,,,,,,,,,,,,,,,,
,,,,,,,,,,,,,,,,,,,,,,,,,,,,,,,,,,,,,,,
,,,,,,,,,,,,,,,,,,,,,,,,,,,,,,,,,,,,,,,
,,,,,,,,,,,,,,,,,,,,,,,,,,,,,,,,,,,,,,,
,,,,,,,,,,,,,,,,,,,,,,,,,,,,,,,,,,,,,,,
,,,,,,,,,,,,,,,,,,,,,,,,,,,,,,,,,,,,,,,
,,,,,,,,,,,,,,,,,,,,,,,,,,,,,,,,,,,,,,,
,,,,,,,,,,,,,,,,,,,,,,,,,,,,,,,,,,,,,,,
,,,,,,,,,,,,,,,,,,,,,,,,,,,,,,,,,,,,,,,
,,,,,,,,,,,,,,,,,,,,,,,,,,,,,,,,,,,,,,,
,,,,,,,,,,,,,,,,,,,,,,,,,,,,,,,,,,,,,,,
,,,,,,,,,,,,,,,,,,,,,,,,,,,,,,,,,,,,,,,
,,,,,,,,,,,,,,,,,,,,,,,,,,,,,,,,,,,,,,,
,,,,,,,,,,,,,,,,,,,,,,,,,,,,,,,,,,,,,,,
,,,,,,,,,,,,,,,,,,,,,,,,,,,,,,,,,,,,,,,
,,,,,,,,,,,,,,,,,,,,,,,,,,,,,,,,,,,,,,,
,,,,,,,,,,,,,,,,,,,,,,,,,,,,,,,,,,,,,,,
,,,,,,,,,,,,,,,,,,,,,,,,,,,,,,,,,,,,,,,
,,,,,,,,,,,,,,,,,,,,,,,,,,,,,,,,,,,,,,,
,,,,,,,,,,,,,,,,,,,,,,,,,,,,,,,,,,,,,,,
,,,,,,,,,,,,,,,,,,,,,,,,,,,,,,,,,,,,,,,
,,,,,,,,,,,,,,,,,,,,,,,,,,,,,,,,,,,,,,,
,,,,,,,,,,,,,,,,,,,,,,,,,,,,,,,,,,,,,,,
,,,,,,,,,,,,,,,,,,,,,,,,,,,,,,,,,,,,,,,
,,,,,,,,,,,,,,,,,,,,,,,,,,,,,,,,,,,,,,,
,,,,,,,,,,,,,,,,,,,,,,,,,,,,,,,,,,,,,,,
,,,,,,,,,,,,,,,,,,,,,,,,,,,,,,,,,,,,,,,
,,,,,,,,,,,,,,,,,,,,,,,,,,,,,,,,,,,,,,,
,,,,,,,,,,,,,,,,,,,,,,,,,,,,,,,,,,,,,,,
,,,,,,,,,,,,,,,,,,,,,,,,,,,,,,,,,,,,,,,
,,,,,,,,,,,,,,,,,,,,,,,,,,,,,,,,,,,,,,,
,,,,,,,,,,,,,,,,,,,,,,,,,,,,,,,,,,,,,,,
,,,,,,,,,,,,,,,,,,,,,,,,,,,,,,,,,,,,,,,
,,,,,,,,,,,,,,,,,,,,,,,,,,,,,,,,,,,,,,,
,,,,,,,,,,,,,,,,,,,,,,,,,,,,,,,,,,,,,,,
,,,,,,,,,,,,,,,,,,,,,,,,,,,,,,,,,,,,,,,
,,,,,,,,,,,,,,,,,,,,,,,,,,,,,,,,,,,,,,,
,,,,,,,,,,,,,,,,,,,,,,,,,,,,,,,,,,,,,,,
,,,,,,,,,,,,,,,,,,,,,,,,,,,,,,,,,,,,,,,
,,,,,,,,,,,,,,,,,,,,,,,,,,,,,,,,,,,,,,,
,,,,,,,,,,,,,,,,,,,,,,,,,,,,,,,,,,,,,,,
,,,,,,,,,,,,,,,,,,,,,,,,,,,,,,,,,,,,,,,
,,,,,,,,,,,,,,,,,,,,,,,,,,,,,,,,,,,,,,,
,,,,,,,,,,,,,,,,,,,,,,,,,,,,,,,,,,,,,,,
,,,,,,,,,,,,,,,,,,,,,,,,,,,,,,,,,,,,,,,
,,,,,,,,,,,,,,,,,,,,,,,,,,,,,,,,,,,,,,,
,,,,,,,,,,,,,,,,,,,,,,,,,,,,,,,,,,,,,,,
,,,,,,,,,,,,,,,,,,,,,,,,,,,,,,,,,,,,,,,
,,,,,,,,,,,,,,,,,,,,,,,,,,,,,,,,,,,,,,,
,,,,,,,,,,,,,,,,,,,,,,,,,,,,,,,,,,,,,,,
,,,,,,,,,,,,,,,,,,,,,,,,,,,,,,,,,,,,,,,
,,,,,,,,,,,,,,,,,,,,,,,,,,,,,,,,,,,,,,,
,,,,,,,,,,,,,,,,,,,,,,,,,,,,,,,,,,,,,,,
,,,,,,,,,,,,,,,,,,,,,,,,,,,,,,,,,,,,,,,
,,,,,,,,,,,,,,,,,,,,,,,,,,,,,,,,,,,,,,,
,,,,,,,,,,,,,,,,,,,,,,,,,,,,,,,,,,,,,,,
,,,,,,,,,,,,,,,,,,,,,,,,,,,,,,,,,,,,,,,
,,,,,,,,,,,,,,,,,,,,,,,,,,,,,,,,,,,,,,,
,,,,,,,,,,,,,,,,,,,,,,,,,,,,,,,,,,,,,,,
,,,,,,,,,,,,,,,,,,,,,,,,,,,,,,,,,,,,,,,
,,,,,,,,,,,,,,,,,,,,,,,,,,,,,,,,,,,,,,,
,,,,,,,,,,,,,,,,,,,,,,,,,,,,,,,,,,,,,,,
,,,,,,,,,,,,,,,,,,,,,,,,,,,,,,,,,,,,,,,
,,,,,,,,,,,,,,,,,,,,,,,,,,,,,,,,,,,,,,,
,,,,,,,,,,,,,,,,,,,,,,,,,,,,,,,,,,,,,,,
,,,,,,,,,,,,,,,,,,,,,,,,,,,,,,,,,,,,,,,
,,,,,,,,,,,,,,,,,,,,,,,,,,,,,,,,,,,,,,,
,,,,,,,,,,,,,,,,,,,,,,,,,,,,,,,,,,,,,,,
,,,,,,,,,,,,,,,,,,,,,,,,,,,,,,,,,,,,,,,
,,,,,,,,,,,,,,,,,,,,,,,,,,,,,,,,,,,,,,,
,,,,,,,,,,,,,,,,,,,,,,,,,,,,,,,,,,,,,,,
,,,,,,,,,,,,,,,,,,,,,,,,,,,,,,,,,,,,,,,
,,,,,,,,,,,,,,,,,,,,,,,,,,,,,,,,,,,,,,,
,,,,,,,,,,,,,,,,,,,,,,,,,,,,,,,,,,,,,,,
,,,,,,,,,,,,,,,,,,,,,,,,,,,,,,,,,,,,,,,
,,,,,,,,,,,,,,,,,,,,,,,,,,,,,,,,,,,,,,,
,,,,,,,,,,,,,,,,,,,,,,,,,,,,,,,,,,,,,,,
,,,,,,,,,,,,,,,,,,,,,,,,,,,,,,,,,,,,,,,
,,,,,,,,,,,,,,,,,,,,,,,,,,,,,,,,,,,,,,,
,,,,,,,,,,,,,,,,,,,,,,,,,,,,,,,,,,,,,,,
,,,,,,,,,,,,,,,,,,,,,,,,,,,,,,,,,,,,,,,
,,,,,,,,,,,,,,,,,,,,,,,,,,,,,,,,,,,,,,,
,,,,,,,,,,,,,,,,,,,,,,,,,,,,,,,,,,,,,,,
,,,,,,,,,,,,,,,,,,,,,,,,,,,,,,,,,,,,,,,
,,,,,,,,,,,,,,,,,,,,,,,,,,,,,,,,,,,,,,,
,,,,,,,,,,,,,,,,,,,,,,,,,,,,,,,,,,,,,,,
,,,,,,,,,,,,,,,,,,,,,,,,,,,,,,,,,,,,,,,
,,,,,,,,,,,,,,,,,,,,,,,,,,,,,,,,,,,,,,,
,,,,,,,,,,,,,,,,,,,,,,,,,,,,,,,,,,,,,,,
,,,,,,,,,,,,,,,,,,,,,,,,,,,,,,,,,,,,,,,
,,,,,,,,,,,,,,,,,,,,,,,,,,,,,,,,,,,,,,,
,,,,,,,,,,,,,,,,,,,,,,,,,,,,,,,,,,,,,,,
,,,,,,,,,,,,,,,,,,,,,,,,,,,,,,,,,,,,,,,
,,,,,,,,,,,,,,,,,,,,,,,,,,,,,,,,,,,,,,,
,,,,,,,,,,,,,,,,,,,,,,,,,,,,,,,,,,,,,,,
,,,,,,,,,,,,,,,,,,,,,,,,,,,,,,,,,,,,,,,
,,,,,,,,,,,,,,,,,,,,,,,,,,,,,,,,,,,,,,,
,,,,,,,,,,,,,,,,,,,,,,,,,,,,,,,,,,,,,,,
,,,,,,,,,,,,,,,,,,,,,,,,,,,,,,,,,,,,,,,
,,,,,,,,,,,,,,,,,,,,,,,,,,,,,,,,,,,,,,,
,,,,,,,,,,,,,,,,,,,,,,,,,,,,,,,,,,,,,,,
,,,,,,,,,,,,,,,,,,,,,,,,,,,,,,,,,,,,,,,
,,,,,,,,,,,,,,,,,,,,,,,,,,,,,,,,,,,,,,,
,,,,,,,,,,,,,,,,,,,,,,,,,,,,,,,,,,,,,,,
,,,,,,,,,,,,,,,,,,,,,,,,,,,,,,,,,,,,,,,
,,,,,,,,,,,,,,,,,,,,,,,,,,,,,,,,,,,,,,,
,,,,,,,,,,,,,,,,,,,,,,,,,,,,,,,,,,,,,,,
,,,,,,,,,,,,,,,,,,,,,,,,,,,,,,,,,,,,,,,
,,,,,,,,,,,,,,,,,,,,,,,,,,,,,,,,,,,,,,,
,,,,,,,,,,,,,,,,,,,,,,,,,,,,,,,,,,,,,,,
,,,,,,,,,,,,,,,,,,,,,,,,,,,,,,,,,,,,,,,
,,,,,,,,,,,,,,,,,,,,,,,,,,,,,,,,,,,,,,,
,,,,,,,,,,,,,,,,,,,,,,,,,,,,,,,,,,,,,,,
,,,,,,,,,,,,,,,,,,,,,,,,,,,,,,,,,,,,,,,
,,,,,,,,,,,,,,,,,,,,,,,,,,,,,,,,,,,,,,,
,,,,,,,,,,,,,,,,,,,,,,,,,,,,,,,,,,,,,,,
,,,,,,,,,,,,,,,,,,,,,,,,,,,,,,,,,,,,,,,
,,,,,,,,,,,,,,,,,,,,,,,,,,,,,,,,,,,,,,,
,,,,,,,,,,,,,,,,,,,,,,,,,,,,,,,,,,,,,,,
,,,,,,,,,,,,,,,,,,,,,,,,,,,,,,,,,,,,,,,
,,,,,,,,,,,,,,,,,,,,,,,,,,,,,,,,,,,,,,,
,,,,,,,,,,,,,,,,,,,,,,,,,,,,,,,,,,,,,,,
,,,,,,,,,,,,,,,,,,,,,,,,,,,,,,,,,,,,,,,
,,,,,,,,,,,,,,,,,,,,,,,,,,,,,,,,,,,,,,,
,,,,,,,,,,,,,,,,,,,,,,,,,,,,,,,,,,,,,,,
,,,,,,,,,,,,,,,,,,,,,,,,,,,,,,,,,,,,,,,
,,,,,,,,,,,,,,,,,,,,,,,,,,,,,,,,,,,,,,,
,,,,,,,,,,,,,,,,,,,,,,,,,,,,,,,,,,,,,,,
,,,,,,,,,,,,,,,,,,,,,,,,,,,,,,,,,,,,,,,
,,,,,,,,,,,,,,,,,,,,,,,,,,,,,,,,,,,,,,,
,,,,,,,,,,,,,,,,,,,,,,,,,,,,,,,,,,,,,,,
,,,,,,,,,,,,,,,,,,,,,,,,,,,,,,,,,,,,,,,
,,,,,,,,,,,,,,,,,,,,,,,,,,,,,,,,,,,,,,,
,,,,,,,,,,,,,,,,,,,,,,,,,,,,,,,,,,,,,,,
,,,,,,,,,,,,,,,,,,,,,,,,,,,,,,,,,,,,,,,
,,,,,,,,,,,,,,,,,,,,,,,,,,,,,,,,,,,,,,,
,,,,,,,,,,,,,,,,,,,,,,,,,,,,,,,,,,,,,,,
,,,,,,,,,,,,,,,,,,,,,,,,,,,,,,,,,,,,,,,
,,,,,,,,,,,,,,,,,,,,,,,,,,,,,,,,,,,,,,,
,,,,,,,,,,,,,,,,,,,,,,,,,,,,,,,,,,,,,,,
,,,,,,,,,,,,,,,,,,,,,,,,,,,,,,,,,,,,,,,
,,,,,,,,,,,,,,,,,,,,,,,,,,,,,,,,,,,,,,,
,,,,,,,,,,,,,,,,,,,,,,,,,,,,,,,,,,,,,,,
,,,,,,,,,,,,,,,,,,,,,,,,,,,,,,,,,,,,,,,
,,,,,,,,,,,,,,,,,,,,,,,,,,,,,,,,,,,,,,,
,,,,,,,,,,,,,,,,,,,,,,,,,,,,,,,,,,,,,,,
,,,,,,,,,,,,,,,,,,,,,,,,,,,,,,,,,,,,,,,
,,,,,,,,,,,,,,,,,,,,,,,,,,,,,,,,,,,,,,,
,,,,,,,,,,,,,,,,,,,,,,,,,,,,,,,,,,,,,,,
,,,,,,,,,,,,,,,,,,,,,,,,,,,,,,,,,,,,,,,
,,,,,,,,,,,,,,,,,,,,,,,,,,,,,,,,,,,,,,,
,,,,,,,,,,,,,,,,,,,,,,,,,,,,,,,,,,,,,,,
,,,,,,,,,,,,,,,,,,,,,,,,,,,,,,,,,,,,,,,
,,,,,,,,,,,,,,,,,,,,,,,,,,,,,,,,,,,,,,,
,,,,,,,,,,,,,,,,,,,,,,,,,,,,,,,,,,,,,,,
,,,,,,,,,,,,,,,,,,,,,,,,,,,,,,,,,,,,,,,
,,,,,,,,,,,,,,,,,,,,,,,,,,,,,,,,,,,,,,,
,,,,,,,,,,,,,,,,,,,,,,,,,,,,,,,,,,,,,,,
,,,,,,,,,,,,,,,,,,,,,,,,,,,,,,,,,,,,,,,
,,,,,,,,,,,,,,,,,,,,,,,,,,,,,,,,,,,,,,,
,,,,,,,,,,,,,,,,,,,,,,,,,,,,,,,,,,,,,,,
,,,,,,,,,,,,,,,,,,,,,,,,,,,,,,,,,,,,,,,
,,,,,,,,,,,,,,,,,,,,,,,,,,,,,,,,,,,,,,,
,,,,,,,,,,,,,,,,,,,,,,,,,,,,,,,,,,,,,,,
,,,,,,,,,,,,,,,,,,,,,,,,,,,,,,,,,,,,,,,
,,,,,,,,,,,,,,,,,,,,,,,,,,,,,,,,,,,,,,,
,,,,,,,,,,,,,,,,,,,,,,,,,,,,,,,,,,,,,,,
,,,,,,,,,,,,,,,,,,,,,,,,,,,,,,,,,,,,,,,
,,,,,,,,,,,,,,,,,,,,,,,,,,,,,,,,,,,,,,,
,,,,,,,,,,,,,,,,,,,,,,,,,,,,,,,,,,,,,,,
,,,,,,,,,,,,,,,,,,,,,,,,,,,,,,,,,,,,,,,
,,,,,,,,,,,,,,,,,,,,,,,,,,,,,,,,,,,,,,,
,,,,,,,,,,,,,,,,,,,,,,,,,,,,,,,,,,,,,,,
,,,,,,,,,,,,,,,,,,,,,,,,,,,,,,,,,,,,,,,
,,,,,,,,,,,,,,,,,,,,,,,,,,,,,,,,,,,,,,,
,,,,,,,,,,,,,,,,,,,,,,,,,,,,,,,,,,,,,,,
,,,,,,,,,,,,,,,,,,,,,,,,,,,,,,,,,,,,,,,
,,,,,,,,,,,,,,,,,,,,,,,,,,,,,,,,,,,,,,,
,,,,,,,,,,,,,,,,,,,,,,,,,,,,,,,,,,,,,,,
,,,,,,,,,,,,,,,,,,,,,,,,,,,,,,,,,,,,,,,
,,,,,,,,,,,,,,,,,,,,,,,,,,,,,,,,,,,,,,,
,,,,,,,,,,,,,,,,,,,,,,,,,,,,,,,,,,,,,,,
,,,,,,,,,,,,,,,,,,,,,,,,,,,,,,,,,,,,,,,
,,,,,,,,,,,,,,,,,,,,,,,,,,,,,,,,,,,,,,,
,,,,,,,,,,,,,,,,,,,,,,,,,,,,,,,,,,,,,,,
,,,,,,,,,,,,,,,,,,,,,,,,,,,,,,,,,,,,,,,
,,,,,,,,,,,,,,,,,,,,,,,,,,,,,,,,,,,,,,,
,,,,,,,,,,,,,,,,,,,,,,,,,,,,,,,,,,,,,,,
,,,,,,,,,,,,,,,,,,,,,,,,,,,,,,,,,,,,,,,
,,,,,,,,,,,,,,,,,,,,,,,,,,,,,,,,,,,,,,,
,,,,,,,,,,,,,,,,,,,,,,,,,,,,,,,,,,,,,,,
,,,,,,,,,,,,,,,,,,,,,,,,,,,,,,,,,,,,,,,
,,,,,,,,,,,,,,,,,,,,,,,,,,,,,,,,,,,,,,,
,,,,,,,,,,,,,,,,,,,,,,,,,,,,,,,,,,,,,,,
,,,,,,,,,,,,,,,,,,,,,,,,,,,,,,,,,,,,,,,
,,,,,,,,,,,,,,,,,,,,,,,,,,,,,,,,,,,,,,,
,,,,,,,,,,,,,,,,,,,,,,,,,,,,,,,,,,,,,,,
,,,,,,,,,,,,,,,,,,,,,,,,,,,,,,,,,,,,,,,
,,,,,,,,,,,,,,,,,,,,,,,,,,,,,,,,,,,,,,,
,,,,,,,,,,,,,,,,,,,,,,,,,,,,,,,,,,,,,,,
,,,,,,,,,,,,,,,,,,,,,,,,,,,,,,,,,,,,,,,
,,,,,,,,,,,,,,,,,,,,,,,,,,,,,,,,,,,,,,,
,,,,,,,,,,,,,,,,,,,,,,,,,,,,,,,,,,,,,,,
,,,,,,,,,,,,,,,,,,,,,,,,,,,,,,,,,,,,,,,
,,,,,,,,,,,,,,,,,,,,,,,,,,,,,,,,,,,,,,,
,,,,,,,,,,,,,,,,,,,,,,,,,,,,,,,,,,,,,,,
,,,,,,,,,,,,,,,,,,,,,,,,,,,,,,,,,,,,,,,
,,,,,,,,,,,,,,,,,,,,,,,,,,,,,,,,,,,,,,,
,,,,,,,,,,,,,,,,,,,,,,,,,,,,,,,,,,,,,,,
,,,,,,,,,,,,,,,,,,,,,,,,,,,,,,,,,,,,,,,
,,,,,,,,,,,,,,,,,,,,,,,,,,,,,,,,,,,,,,,
,,,,,,,,,,,,,,,,,,,,,,,,,,,,,,,,,,,,,,,
,,,,,,,,,,,,,,,,,,,,,,,,,,,,,,,,,,,,,,,
,,,,,,,,,,,,,,,,,,,,,,,,,,,,,,,,,,,,,,,
,,,,,,,,,,,,,,,,,,,,,,,,,,,,,,,,,,,,,,,
,,,,,,,,,,,,,,,,,,,,,,,,,,,,,,,,,,,,,,,
,,,,,,,,,,,,,,,,,,,,,,,,,,,,,,,,,,,,,,,
,,,,,,,,,,,,,,,,,,,,,,,,,,,,,,,,,,,,,,,
,,,,,,,,,,,,,,,,,,,,,,,,,,,,,,,,,,,,,,,
,,,,,,,,,,,,,,,,,,,,,,,,,,,,,,,,,,,,,,,
,,,,,,,,,,,,,,,,,,,,,,,,,,,,,,,,,,,,,,,
,,,,,,,,,,,,,,,,,,,,,,,,,,,,,,,,,,,,,,,
,,,,,,,,,,,,,,,,,,,,,,,,,,,,,,,,,,,,,,,
,,,,,,,,,,,,,,,,,,,,,,,,,,,,,,,,,,,,,,,
,,,,,,,,,,,,,,,,,,,,,,,,,,,,,,,,,,,,,,,
,,,,,,,,,,,,,,,,,,,,,,,,,,,,,,,,,,,,,,,
,,,,,,,,,,,,,,,,,,,,,,,,,,,,,,,,,,,,,,,
,,,,,,,,,,,,,,,,,,,,,,,,,,,,,,,,,,,,,,,
,,,,,,,,,,,,,,,,,,,,,,,,,,,,,,,,,,,,,,,
,,,,,,,,,,,,,,,,,,,,,,,,,,,,,,,,,,,,,,,
,,,,,,,,,,,,,,,,,,,,,,,,,,,,,,,,,,,,,,,
,,,,,,,,,,,,,,,,,,,,,,,,,,,,,,,,,,,,,,,
,,,,,,,,,,,,,,,,,,,,,,,,,,,,,,,,,,,,,,,
,,,,,,,,,,,,,,,,,,,,,,,,,,,,,,,,,,,,,,,
,,,,,,,,,,,,,,,,,,,,,,,,,,,,,,,,,,,,,,,
,,,,,,,,,,,,,,,,,,,,,,,,,,,,,,,,,,,,,,,
,,,,,,,,,,,,,,,,,,,,,,,,,,,,,,,,,,,,,,,
,,,,,,,,,,,,,,,,,,,,,,,,,,,,,,,,,,,,,,,
,,,,,,,,,,,,,,,,,,,,,,,,,,,,,,,,,,,,,,,
,,,,,,,,,,,,,,,,,,,,,,,,,,,,,,,,,,,,,,,
,,,,,,,,,,,,,,,,,,,,,,,,,,,,,,,,,,,,,,,
,,,,,,,,,,,,,,,,,,,,,,,,,,,,,,,,,,,,,,,
,,,,,,,,,,,,,,,,,,,,,,,,,,,,,,,,,,,,,,,
,,,,,,,,,,,,,,,,,,,,,,,,,,,,,,,,,,,,,,,
,,,,,,,,,,,,,,,,,,,,,,,,,,,,,,,,,,,,,,,
,,,,,,,,,,,,,,,,,,,,,,,,,,,,,,,,,,,,,,,
,,,,,,,,,,,,,,,,,,,,,,,,,,,,,,,,,,,,,,,
,,,,,,,,,,,,,,,,,,,,,,,,,,,,,,,,,,,,,,,
,,,,,,,,,,,,,,,,,,,,,,,,,,,,,,,,,,,,,,,
,,,,,,,,,,,,,,,,,,,,,,,,,,,,,,,,,,,,,,,
,,,,,,,,,,,,,,,,,,,,,,,,,,,,,,,,,,,,,,,
,,,,,,,,,,,,,,,,,,,,,,,,,,,,,,,,,,,,,,,
,,,,,,,,,,,,,,,,,,,,,,,,,,,,,,,,,,,,,,,
,,,,,,,,,,,,,,,,,,,,,,,,,,,,,,,,,,,,,,,
,,,,,,,,,,,,,,,,,,,,,,,,,,,,,,,,,,,,,,,
,,,,,,,,,,,,,,,,,,,,,,,,,,,,,,,,,,,,,,,
,,,,,,,,,,,,,,,,,,,,,,,,,,,,,,,,,,,,,,,
,,,,,,,,,,,,,,,,,,,,,,,,,,,,,,,,,,,,,,,
,,,,,,,,,,,,,,,,,,,,,,,,,,,,,,,,,,,,,,,
,,,,,,,,,,,,,,,,,,,,,,,,,,,,,,,,,,,,,,,
,,,,,,,,,,,,,,,,,,,,,,,,,,,,,,,,,,,,,,,
,,,,,,,,,,,,,,,,,,,,,,,,,,,,,,,,,,,,,,,
,,,,,,,,,,,,,,,,,,,,,,,,,,,,,,,,,,,,,,,
,,,,,,,,,,,,,,,,,,,,,,,,,,,,,,,,,,,,,,,
,,,,,,,,,,,,,,,,,,,,,,,,,,,,,,,,,,,,,,,
,,,,,,,,,,,,,,,,,,,,,,,,,,,,,,,,,,,,,,,
,,,,,,,,,,,,,,,,,,,,,,,,,,,,,,,,,,,,,,,
,,,,,,,,,,,,,,,,,,,,,,,,,,,,,,,,,,,,,,,
,,,,,,,,,,,,,,,,,,,,,,,,,,,,,,,,,,,,,,,
,,,,,,,,,,,,,,,,,,,,,,,,,,,,,,,,,,,,,,,
,,,,,,,,,,,,,,,,,,,,,,,,,,,,,,,,,,,,,,,
,,,,,,,,,,,,,,,,,,,,,,,,,,,,,,,,,,,,,,,
,,,,,,,,,,,,,,,,,,,,,,,,,,,,,,,,,,,,,,,
,,,,,,,,,,,,,,,,,,,,,,,,,,,,,,,,,,,,,,,
,,,,,,,,,,,,,,,,,,,,,,,,,,,,,,,,,,,,,,,
,,,,,,,,,,,,,,,,,,,,,,,,,,,,,,,,,,,,,,,
,,,,,,,,,,,,,,,,,,,,,,,,,,,,,,,,,,,,,,,
,,,,,,,,,,,,,,,,,,,,,,,,,,,,,,,,,,,,,,,
,,,,,,,,,,,,,,,,,,,,,,,,,,,,,,,,,,,,,,,
,,,,,,,,,,,,,,,,,,,,,,,,,,,,,,,,,,,,,,,
,,,,,,,,,,,,,,,,,,,,,,,,,,,,,,,,,,,,,,,
,,,,,,,,,,,,,,,,,,,,,,,,,,,,,,,,,,,,,,,
,,,,,,,,,,,,,,,,,,,,,,,,,,,,,,,,,,,,,,,
,,,,,,,,,,,,,,,,,,,,,,,,,,,,,,,,,,,,,,,
,,,,,,,,,,,,,,,,,,,,,,,,,,,,,,,,,,,,,,,
,,,,,,,,,,,,,,,,,,,,,,,,,,,,,,,,,,,,,,,
,,,,,,,,,,,,,,,,,,,,,,,,,,,,,,,,,,,,,,,
,,,,,,,,,,,,,,,,,,,,,,,,,,,,,,,,,,,,,,,
,,,,,,,,,,,,,,,,,,,,,,,,,,,,,,,,,,,,,,,
,,,,,,,,,,,,,,,,,,,,,,,,,,,,,,,,,,,,,,,
,,,,,,,,,,,,,,,,,,,,,,,,,,,,,,,,,,,,,,,
,,,,,,,,,,,,,,,,,,,,,,,,,,,,,,,,,,,,,,,
,,,,,,,,,,,,,,,,,,,,,,,,,,,,,,,,,,,,,,,
,,,,,,,,,,,,,,,,,,,,,,,,,,,,,,,,,,,,,,,
,,,,,,,,,,,,,,,,,,,,,,,,,,,,,,,,,,,,,,,
,,,,,,,,,,,,,,,,,,,,,,,,,,,,,,,,,,,,,,,
,,,,,,,,,,,,,,,,,,,,,,,,,,,,,,,,,,,,,,,
,,,,,,,,,,,,,,,,,,,,,,,,,,,,,,,,,,,,,,,
,,,,,,,,,,,,,,,,,,,,,,,,,,,,,,,,,,,,,,,
,,,,,,,,,,,,,,,,,,,,,,,,,,,,,,,,,,,,,,,
,,,,,,,,,,,,,,,,,,,,,,,,,,,,,,,,,,,,,,,
,,,,,,,,,,,,,,,,,,,,,,,,,,,,,,,,,,,,,,,
,,,,,,,,,,,,,,,,,,,,,,,,,,,,,,,,,,,,,,,
,,,,,,,,,,,,,,,,,,,,,,,,,,,,,,,,,,,,,,,
,,,,,,,,,,,,,,,,,,,,,,,,,,,,,,,,,,,,,,,
,,,,,,,,,,,,,,,,,,,,,,,,,,,,,,,,,,,,,,,
,,,,,,,,,,,,,,,,,,,,,,,,,,,,,,,,,,,,,,,
,,,,,,,,,,,,,,,,,,,,,,,,,,,,,,,,,,,,,,,
,,,,,,,,,,,,,,,,,,,,,,,,,,,,,,,,,,,,,,,
,,,,,,,,,,,,,,,,,,,,,,,,,,,,,,,,,,,,,,,
,,,,,,,,,,,,,,,,,,,,,,,,,,,,,,,,,,,,,,,
,,,,,,,,,,,,,,,,,,,,,,,,,,,,,,,,,,,,,,,
,,,,,,,,,,,,,,,,,,,,,,,,,,,,,,,,,,,,,,,
,,,,,,,,,,,,,,,,,,,,,,,,,,,,,,,,,,,,,,,
,,,,,,,,,,,,,,,,,,,,,,,,,,,,,,,,,,,,,,,
,,,,,,,,,,,,,,,,,,,,,,,,,,,,,,,,,,,,,,,
,,,,,,,,,,,,,,,,,,,,,,,,,,,,,,,,,,,,,,,
,,,,,,,,,,,,,,,,,,,,,,,,,,,,,,,,,,,,,,,
,,,,,,,,,,,,,,,,,,,,,,,,,,,,,,,,,,,,,,,
,,,,,,,,,,,,,,,,,,,,,,,,,,,,,,,,,,,,,,,
,,,,,,,,,,,,,,,,,,,,,,,,,,,,,,,,,,,,,,,
,,,,,,,,,,,,,,,,,,,,,,,,,,,,,,,,,,,,,,,
,,,,,,,,,,,,,,,,,,,,,,,,,,,,,,,,,,,,,,,
,,,,,,,,,,,,,,,,,,,,,,,,,,,,,,,,,,,,,,,
,,,,,,,,,,,,,,,,,,,,,,,,,,,,,,,,,,,,,,,
,,,,,,,,,,,,,,,,,,,,,,,,,,,,,,,,,,,,,,,
,,,,,,,,,,,,,,,,,,,,,,,,,,,,,,,,,,,,,,,
,,,,,,,,,,,,,,,,,,,,,,,,,,,,,,,,,,,,,,,
,,,,,,,,,,,,,,,,,,,,,,,,,,,,,,,,,,,,,,,
,,,,,,,,,,,,,,,,,,,,,,,,,,,,,,,,,,,,,,,
,,,,,,,,,,,,,,,,,,,,,,,,,,,,,,,,,,,,,,,
,,,,,,,,,,,,,,,,,,,,,,,,,,,,,,,,,,,,,,,
,,,,,,,,,,,,,,,,,,,,,,,,,,,,,,,,,,,,,,,
,,,,,,,,,,,,,,,,,,,,,,,,,,,,,,,,,,,,,,,
,,,,,,,,,,,,,,,,,,,,,,,,,,,,,,,,,,,,,,,
,,,,,,,,,,,,,,,,,,,,,,,,,,,,,,,,,,,,,,,
,,,,,,,,,,,,,,,,,,,,,,,,,,,,,,,,,,,,,,,
,,,,,,,,,,,,,,,,,,,,,,,,,,,,,,,,,,,,,,,
,,,,,,,,,,,,,,,,,,,,,,,,,,,,,,,,,,,,,,,
,,,,,,,,,,,,,,,,,,,,,,,,,,,,,,,,,,,,,,,
,,,,,,,,,,,,,,,,,,,,,,,,,,,,,,,,,,,,,,,
,,,,,,,,,,,,,,,,,,,,,,,,,,,,,,,,,,,,,,,
,,,,,,,,,,,,,,,,,,,,,,,,,,,,,,,,,,,,,,,
,,,,,,,,,,,,,,,,,,,,,,,,,,,,,,,,,,,,,,,
,,,,,,,,,,,,,,,,,,,,,,,,,,,,,,,,,,,,,,,
,,,,,,,,,,,,,,,,,,,,,,,,,,,,,,,,,,,,,,,
,,,,,,,,,,,,,,,,,,,,,,,,,,,,,,,,,,,,,,,
,,,,,,,,,,,,,,,,,,,,,,,,,,,,,,,,,,,,,,,
,,,,,,,,,,,,,,,,,,,,,,,,,,,,,,,,,,,,,,,
,,,,,,,,,,,,,,,,,,,,,,,,,,,,,,,,,,,,,,,
,,,,,,,,,,,,,,,,,,,,,,,,,,,,,,,,,,,,,,,
,,,,,,,,,,,,,,,,,,,,,,,,,,,,,,,,,,,,,,,
,,,,,,,,,,,,,,,,,,,,,,,,,,,,,,,,,,,,,,,
,,,,,,,,,,,,,,,,,,,,,,,,,,,,,,,,,,,,,,,
,,,,,,,,,,,,,,,,,,,,,,,,,,,,,,,,,,,,,,,
,,,,,,,,,,,,,,,,,,,,,,,,,,,,,,,,,,,,,,,
,,,,,,,,,,,,,,,,,,,,,,,,,,,,,,,,,,,,,,,
,,,,,,,,,,,,,,,,,,,,,,,,,,,,,,,,,,,,,,,
,,,,,,,,,,,,,,,,,,,,,,,,,,,,,,,,,,,,,,,
,,,,,,,,,,,,,,,,,,,,,,,,,,,,,,,,,,,,,,,
,,,,,,,,,,,,,,,,,,,,,,,,,,,,,,,,,,,,,,,
,,,,,,,,,,,,,,,,,,,,,,,,,,,,,,,,,,,,,,,
,,,,,,,,,,,,,,,,,,,,,,,,,,,,,,,,,,,,,,,
,,,,,,,,,,,,,,,,,,,,,,,,,,,,,,,,,,,,,,,
,,,,,,,,,,,,,,,,,,,,,,,,,,,,,,,,,,,,,,,
,,,,,,,,,,,,,,,,,,,,,,,,,,,,,,,,,,,,,,,
,,,,,,,,,,,,,,,,,,,,,,,,,,,,,,,,,,,,,,,
,,,,,,,,,,,,,,,,,,,,,,,,,,,,,,,,,,,,,,,
,,,,,,,,,,,,,,,,,,,,,,,,,,,,,,,,,,,,,,,
,,,,,,,,,,,,,,,,,,,,,,,,,,,,,,,,,,,,,,,
,,,,,,,,,,,,,,,,,,,,,,,,,,,,,,,,,,,,,,,
,,,,,,,,,,,,,,,,,,,,,,,,,,,,,,,,,,,,,,,
,,,,,,,,,,,,,,,,,,,,,,,,,,,,,,,,,,,,,,,
,,,,,,,,,,,,,,,,,,,,,,,,,,,,,,,,,,,,,,,
,,,,,,,,,,,,,,,,,,,,,,,,,,,,,,,,,,,,,,,
,,,,,,,,,,,,,,,,,,,,,,,,,,,,,,,,,,,,,,,
,,,,,,,,,,,,,,,,,,,,,,,,,,,,,,,,,,,,,,,
,,,,,,,,,,,,,,,,,,,,,,,,,,,,,,,,,,,,,,,
,,,,,,,,,,,,,,,,,,,,,,,,,,,,,,,,,,,,,,,
,,,,,,,,,,,,,,,,,,,,,,,,,,,,,,,,,,,,,,,
,,,,,,,,,,,,,,,,,,,,,,,,,,,,,,,,,,,,,,,
,,,,,,,,,,,,,,,,,,,,,,,,,,,,,,,,,,,,,,,
,,,,,,,,,,,,,,,,,,,,,,,,,,,,,,,,,,,,,,,
,,,,,,,,,,,,,,,,,,,,,,,,,,,,,,,,,,,,,,,
,,,,,,,,,,,,,,,,,,,,,,,,,,,,,,,,,,,,,,,
,,,,,,,,,,,,,,,,,,,,,,,,,,,,,,,,,,,,,,,
,,,,,,,,,,,,,,,,,,,,,,,,,,,,,,,,,,,,,,,
,,,,,,,,,,,,,,,,,,,,,,,,,,,,,,,,,,,,,,,
,,,,,,,,,,,,,,,,,,,,,,,,,,,,,,,,,,,,,,,
,,,,,,,,,,,,,,,,,,,,,,,,,,,,,,,,,,,,,,,
,,,,,,,,,,,,,,,,,,,,,,,,,,,,,,,,,,,,,,,
,,,,,,,,,,,,,,,,,,,,,,,,,,,,,,,,,,,,,,,
,,,,,,,,,,,,,,,,,,,,,,,,,,,,,,,,,,,,,,,
,,,,,,,,,,,,,,,,,,,,,,,,,,,,,,,,,,,,,,,
,,,,,,,,,,,,,,,,,,,,,,,,,,,,,,,,,,,,,,,
,,,,,,,,,,,,,,,,,,,,,,,,,,,,,,,,,,,,,,,
,,,,,,,,,,,,,,,,,,,,,,,,,,,,,,,,,,,,,,,
,,,,,,,,,,,,,,,,,,,,,,,,,,,,,,,,,,,,,,,
,,,,,,,,,,,,,,,,,,,,,,,,,,,,,,,,,,,,,,,
,,,,,,,,,,,,,,,,,,,,,,,,,,,,,,,,,,,,,,,
,,,,,,,,,,,,,,,,,,,,,,,,,,,,,,,,,,,,,,,
,,,,,,,,,,,,,,,,,,,,,,,,,,,,,,,,,,,,,,,
,,,,,,,,,,,,,,,,,,,,,,,,,,,,,,,,,,,,,,,
,,,,,,,,,,,,,,,,,,,,,,,,,,,,,,,,,,,,,,,
,,,,,,,,,,,,,,,,,,,,,,,,,,,,,,,,,,,,,,,
,,,,,,,,,,,,,,,,,,,,,,,,,,,,,,,,,,,,,,,
,,,,,,,,,,,,,,,,,,,,,,,,,,,,,,,,,,,,,,,
,,,,,,,,,,,,,,,,,,,,,,,,,,,,,,,,,,,,,,,
,,,,,,,,,,,,,,,,,,,,,,,,,,,,,,,,,,,,,,,
,,,,,,,,,,,,,,,,,,,,,,,,,,,,,,,,,,,,,,,
,,,,,,,,,,,,,,,,,,,,,,,,,,,,,,,,,,,,,,,
,,,,,,,,,,,,,,,,,,,,,,,,,,,,,,,,,,,,,,,
,,,,,,,,,,,,,,,,,,,,,,,,,,,,,,,,,,,,,,,
,,,,,,,,,,,,,,,,,,,,,,,,,,,,,,,,,,,,,,,
,,,,,,,,,,,,,,,,,,,,,,,,,,,,,,,,,,,,,,,
,,,,,,,,,,,,,,,,,,,,,,,,,,,,,,,,,,,,,,,
,,,,,,,,,,,,,,,,,,,,,,,,,,,,,,,,,,,,,,,
,,,,,,,,,,,,,,,,,,,,,,,,,,,,,,,,,,,,,,,
,,,,,,,,,,,,,,,,,,,,,,,,,,,,,,,,,,,,,,,
,,,,,,,,,,,,,,,,,,,,,,,,,,,,,,,,,,,,,,,
,,,,,,,,,,,,,,,,,,,,,,,,,,,,,,,,,,,,,,,
,,,,,,,,,,,,,,,,,,,,,,,,,,,,,,,,,,,,,,,
,,,,,,,,,,,,,,,,,,,,,,,,,,,,,,,,,,,,,,,
,,,,,,,,,,,,,,,,,,,,,,,,,,,,,,,,,,,,,,,
,,,,,,,,,,,,,,,,,,,,,,,,,,,,,,,,,,,,,,,
,,,,,,,,,,,,,,,,,,,,,,,,,,,,,,,,,,,,,,,
,,,,,,,,,,,,,,,,,,,,,,,,,,,,,,,,,,,,,,,
,,,,,,,,,,,,,,,,,,,,,,,,,,,,,,,,,,,,,,,
,,,,,,,,,,,,,,,,,,,,,,,,,,,,,,,,,,,,,,,
,,,,,,,,,,,,,,,,,,,,,,,,,,,,,,,,,,,,,,,
,,,,,,,,,,,,,,,,,,,,,,,,,,,,,,,,,,,,,,,
,,,,,,,,,,,,,,,,,,,,,,,,,,,,,,,,,,,,,,,
,,,,,,,,,,,,,,,,,,,,,,,,,,,,,,,,,,,,,,,
,,,,,,,,,,,,,,,,,,,,,,,,,,,,,,,,,,,,,,,
,,,,,,,,,,,,,,,,,,,,,,,,,,,,,,,,,,,,,,,
,,,,,,,,,,,,,,,,,,,,,,,,,,,,,,,,,,,,,,,
,,,,,,,,,,,,,,,,,,,,,,,,,,,,,,,,,,,,,,,
,,,,,,,,,,,,,,,,,,,,,,,,,,,,,,,,,,,,,,,
,,,,,,,,,,,,,,,,,,,,,,,,,,,,,,,,,,,,,,,
,,,,,,,,,,,,,,,,,,,,,,,,,,,,,,,,,,,,,,,
,,,,,,,,,,,,,,,,,,,,,,,,,,,,,,,,,,,,,,,
,,,,,,,,,,,,,,,,,,,,,,,,,,,,,,,,,,,,,,,
,,,,,,,,,,,,,,,,,,,,,,,,,,,,,,,,,,,,,,,
,,,,,,,,,,,,,,,,,,,,,,,,,,,,,,,,,,,,,,,
,,,,,,,,,,,,,,,,,,,,,,,,,,,,,,,,,,,,,,,
,,,,,,,,,,,,,,,,,,,,,,,,,,,,,,,,,,,,,,,
,,,,,,,,,,,,,,,,,,,,,,,,,,,,,,,,,,,,,,,
,,,,,,,,,,,,,,,,,,,,,,,,,,,,,,,,,,,,,,,
,,,,,,,,,,,,,,,,,,,,,,,,,,,,,,,,,,,,,,,
,,,,,,,,,,,,,,,,,,,,,,,,,,,,,,,,,,,,,,,
,,,,,,,,,,,,,,,,,,,,,,,,,,,,,,,,,,,,,,,
,,,,,,,,,,,,,,,,,,,,,,,,,,,,,,,,,,,,,,,
,,,,,,,,,,,,,,,,,,,,,,,,,,,,,,,,,,,,,,,
,,,,,,,,,,,,,,,,,,,,,,,,,,,,,,,,,,,,,,,
,,,,,,,,,,,,,,,,,,,,,,,,,,,,,,,,,,,,,,,
,,,,,,,,,,,,,,,,,,,,,,,,,,,,,,,,,,,,,,,
,,,,,,,,,,,,,,,,,,,,,,,,,,,,,,,,,,,,,,,
,,,,,,,,,,,,,,,,,,,,,,,,,,,,,,,,,,,,,,,
,,,,,,,,,,,,,,,,,,,,,,,,,,,,,,,,,,,,,,,
,,,,,,,,,,,,,,,,,,,,,,,,,,,,,,,,,,,,,,,
,,,,,,,,,,,,,,,,,,,,,,,,,,,,,,,,,,,,,,,
,,,,,,,,,,,,,,,,,,,,,,,,,,,,,,,,,,,,,,,
,,,,,,,,,,,,,,,,,,,,,,,,,,,,,,,,,,,,,,,
,,,,,,,,,,,,,,,,,,,,,,,,,,,,,,,,,,,,,,,
,,,,,,,,,,,,,,,,,,,,,,,,,,,,,,,,,,,,,,,
,,,,,,,,,,,,,,,,,,,,,,,,,,,,,,,,,,,,,,,
,,,,,,,,,,,,,,,,,,,,,,,,,,,,,,,,,,,,,,,
,,,,,,,,,,,,,,,,,,,,,,,,,,,,,,,,,,,,,,,
,,,,,,,,,,,,,,,,,,,,,,,,,,,,,,,,,,,,,,,
,,,,,,,,,,,,,,,,,,,,,,,,,,,,,,,,,,,,,,,
,,,,,,,,,,,,,,,,,,,,,,,,,,,,,,,,,,,,,,,
,,,,,,,,,,,,,,,,,,,,,,,,,,,,,,,,,,,,,,,
,,,,,,,,,,,,,,,,,,,,,,,,,,,,,,,,,,,,,,,
,,,,,,,,,,,,,,,,,,,,,,,,,,,,,,,,,,,,,,,
,,,,,,,,,,,,,,,,,,,,,,,,,,,,,,,,,,,,,,,
,,,,,,,,,,,,,,,,,,,,,,,,,,,,,,,,,,,,,,,
,,,,,,,,,,,,,,,,,,,,,,,,,,,,,,,,,,,,,,,
,,,,,,,,,,,,,,,,,,,,,,,,,,,,,,,,,,,,,,,
,,,,,,,,,,,,,,,,,,,,,,,,,,,,,,,,,,,,,,,
,,,,,,,,,,,,,,,,,,,,,,,,,,,,,,,,,,,,,,,
,,,,,,,,,,,,,,,,,,,,,,,,,,,,,,,,,,,,,,,
,,,,,,,,,,,,,,,,,,,,,,,,,,,,,,,,,,,,,,,
,,,,,,,,,,,,,,,,,,,,,,,,,,,,,,,,,,,,,,,
,,,,,,,,,,,,,,,,,,,,,,,,,,,,,,,,,,,,,,,
,,,,,,,,,,,,,,,,,,,,,,,,,,,,,,,,,,,,,,,
,,,,,,,,,,,,,,,,,,,,,,,,,,,,,,,,,,,,,,,
,,,,,,,,,,,,,,,,,,,,,,,,,,,,,,,,,,,,,,,
,,,,,,,,,,,,,,,,,,,,,,,,,,,,,,,,,,,,,,,
,,,,,,,,,,,,,,,,,,,,,,,,,,,,,,,,,,,,,,,
,,,,,,,,,,,,,,,,,,,,,,,,,,,,,,,,,,,,,,,
,,,,,,,,,,,,,,,,,,,,,,,,,,,,,,,,,,,,,,,
,,,,,,,,,,,,,,,,,,,,,,,,,,,,,,,,,,,,,,,
,,,,,,,,,,,,,,,,,,,,,,,,,,,,,,,,,,,,,,,
,,,,,,,,,,,,,,,,,,,,,,,,,,,,,,,,,,,,,,,
,,,,,,,,,,,,,,,,,,,,,,,,,,,,,,,,,,,,,,,
,,,,,,,,,,,,,,,,,,,,,,,,,,,,,,,,,,,,,,,
,,,,,,,,,,,,,,,,,,,,,,,,,,,,,,,,,,,,,,,
,,,,,,,,,,,,,,,,,,,,,,,,,,,,,,,,,,,,,,,
,,,,,,,,,,,,,,,,,,,,,,,,,,,,,,,,,,,,,,,
,,,,,,,,,,,,,,,,,,,,,,,,,,,,,,,,,,,,,,,
,,,,,,,,,,,,,,,,,,,,,,,,,,,,,,,,,,,,,,,
,,,,,,,,,,,,,,,,,,,,,,,,,,,,,,,,,,,,,,,
,,,,,,,,,,,,,,,,,,,,,,,,,,,,,,,,,,,,,,,
,,,,,,,,,,,,,,,,,,,,,,,,,,,,,,,,,,,,,,,
,,,,,,,,,,,,,,,,,,,,,,,,,,,,,,,,,,,,,,,
,,,,,,,,,,,,,,,,,,,,,,,,,,,,,,,,,,,,,,,
,,,,,,,,,,,,,,,,,,,,,,,,,,,,,,,,,,,,,,,
,,,,,,,,,,,,,,,,,,,,,,,,,,,,,,,,,,,,,,,
,,,,,,,,,,,,,,,,,,,,,,,,,,,,,,,,,,,,,,,
,,,,,,,,,,,,,,,,,,,,,,,,,,,,,,,,,,,,,,,
,,,,,,,,,,,,,,,,,,,,,,,,,,,,,,,,,,,,,,,
,,,,,,,,,,,,,,,,,,,,,,,,,,,,,,,,,,,,,,,
,,,,,,,,,,,,,,,,,,,,,,,,,,,,,,,,,,,,,,,
,,,,,,,,,,,,,,,,,,,,,,,,,,,,,,,,,,,,,,,
,,,,,,,,,,,,,,,,,,,,,,,,,,,,,,,,,,,,,,,
,,,,,,,,,,,,,,,,,,,,,,,,,,,,,,,,,,,,,,,
,,,,,,,,,,,,,,,,,,,,,,,,,,,,,,,,,,,,,,,
,,,,,,,,,,,,,,,,,,,,,,,,,,,,,,,,,,,,,,,
,,,,,,,,,,,,,,,,,,,,,,,,,,,,,,,,,,,,,,,
,,,,,,,,,,,,,,,,,,,,,,,,,,,,,,,,,,,,,,,
,,,,,,,,,,,,,,,,,,,,,,,,,,,,,,,,,,,,,,,
,,,,,,,,,,,,,,,,,,,,,,,,,,,,,,,,,,,,,,,
,,,,,,,,,,,,,,,,,,,,,,,,,,,,,,,,,,,,,,,
,,,,,,,,,,,,,,,,,,,,,,,,,,,,,,,,,,,,,,,
,,,,,,,,,,,,,,,,,,,,,,,,,,,,,,,,,,,,,,,
,,,,,,,,,,,,,,,,,,,,,,,,,,,,,,,,,,,,,,,
,,,,,,,,,,,,,,,,,,,,,,,,,,,,,,,,,,,,,,,
,,,,,,,,,,,,,,,,,,,,,,,,,,,,,,,,,,,,,,,
,,,,,,,,,,,,,,,,,,,,,,,,,,,,,,,,,,,,,,,
,,,,,,,,,,,,,,,,,,,,,,,,,,,,,,,,,,,,,,,
,,,,,,,,,,,,,,,,,,,,,,,,,,,,,,,,,,,,,,,
,,,,,,,,,,,,,,,,,,,,,,,,,,,,,,,,,,,,,,,
,,,,,,,,,,,,,,,,,,,,,,,,,,,,,,,,,,,,,,,
,,,,,,,,,,,,,,,,,,,,,,,,,,,,,,,,,,,,,,,
,,,,,,,,,,,,,,,,,,,,,,,,,,,,,,,,,,,,,,,
,,,,,,,,,,,,,,,,,,,,,,,,,,,,,,,,,,,,,,,
,,,,,,,,,,,,,,,,,,,,,,,,,,,,,,,,,,,,,,,
,,,,,,,,,,,,,,,,,,,,,,,,,,,,,,,,,,,,,,,
,,,,,,,,,,,,,,,,,,,,,,,,,,,,,,,,,,,,,,,
,,,,,,,,,,,,,,,,,,,,,,,,,,,,,,,,,,,,,,,
,,,,,,,,,,,,,,,,,,,,,,,,,,,,,,,,,,,,,,,
,,,,,,,,,,,,,,,,,,,,,,,,,,,,,,,,,,,,,,,
,,,,,,,,,,,,,,,,,,,,,,,,,,,,,,,,,,,,,,,
,,,,,,,,,,,,,,,,,,,,,,,,,,,,,,,,,,,,,,,
,,,,,,,,,,,,,,,,,,,,,,,,,,,,,,,,,,,,,,,
,,,,,,,,,,,,,,,,,,,,,,,,,,,,,,,,,,,,,,,
,,,,,,,,,,,,,,,,,,,,,,,,,,,,,,,,,,,,,,,
,,,,,,,,,,,,,,,,,,,,,,,,,,,,,,,,,,,,,,,
,,,,,,,,,,,,,,,,,,,,,,,,,,,,,,,,,,,,,,,
,,,,,,,,,,,,,,,,,,,,,,,,,,,,,,,,,,,,,,,
,,,,,,,,,,,,,,,,,,,,,,,,,,,,,,,,,,,,,,,
,,,,,,,,,,,,,,,,,,,,,,,,,,,,,,,,,,,,,,,
,,,,,,,,,,,,,,,,,,,,,,,,,,,,,,,,,,,,,,,
,,,,,,,,,,,,,,,,,,,,,,,,,,,,,,,,,,,,,,,
,,,,,,,,,,,,,,,,,,,,,,,,,,,,,,,,,,,,,,,
,,,,,,,,,,,,,,,,,,,,,,,,,,,,,,,,,,,,,,,
,,,,,,,,,,,,,,,,,,,,,,,,,,,,,,,,,,,,,,,
,,,,,,,,,,,,,,,,,,,,,,,,,,,,,,,,,,,,,,,
,,,,,,,,,,,,,,,,,,,,,,,,,,,,,,,,,,,,,,,
,,,,,,,,,,,,,,,,,,,,,,,,,,,,,,,,,,,,,,,
,,,,,,,,,,,,,,,,,,,,,,,,,,,,,,,,,,,,,,,
,,,,,,,,,,,,,,,,,,,,,,,,,,,,,,,,,,,,,,,
,,,,,,,,,,,,,,,,,,,,,,,,,,,,,,,,,,,,,,,
,,,,,,,,,,,,,,,,,,,,,,,,,,,,,,,,,,,,,,,
,,,,,,,,,,,,,,,,,,,,,,,,,,,,,,,,,,,,,,,
,,,,,,,,,,,,,,,,,,,,,,,,,,,,,,,,,,,,,,,
,,,,,,,,,,,,,,,,,,,,,,,,,,,,,,,,,,,,,,,
,,,,,,,,,,,,,,,,,,,,,,,,,,,,,,,,,,,,,,,
,,,,,,,,,,,,,,,,,,,,,,,,,,,,,,,,,,,,,,,
,,,,,,,,,,,,,,,,,,,,,,,,,,,,,,,,,,,,,,,
,,,,,,,,,,,,,,,,,,,,,,,,,,,,,,,,,,,,,,,
,,,,,,,,,,,,,,,,,,,,,,,,,,,,,,,,,,,,,,,
,,,,,,,,,,,,,,,,,,,,,,,,,,,,,,,,,,,,,,,
,,,,,,,,,,,,,,,,,,,,,,,,,,,,,,,,,,,,,,,
,,,,,,,,,,,,,,,,,,,,,,,,,,,,,,,,,,,,,,,
,,,,,,,,,,,,,,,,,,,,,,,,,,,,,,,,,,,,,,,
,,,,,,,,,,,,,,,,,,,,,,,,,,,,,,,,,,,,,,,
,,,,,,,,,,,,,,,,,,,,,,,,,,,,,,,,,,,,,,,
,,,,,,,,,,,,,,,,,,,,,,,,,,,,,,,,,,,,,,,
,,,,,,,,,,,,,,,,,,,,,,,,,,,,,,,,,,,,,,,
,,,,,,,,,,,,,,,,,,,,,,,,,,,,,,,,,,,,,,,
,,,,,,,,,,,,,,,,,,,,,,,,,,,,,,,,,,,,,,,
,,,,,,,,,,,,,,,,,,,,,,,,,,,,,,,,,,,,,,,
,,,,,,,,,,,,,,,,,,,,,,,,,,,,,,,,,,,,,,,
,,,,,,,,,,,,,,,,,,,,,,,,,,,,,,,,,,,,,,,
,,,,,,,,,,,,,,,,,,,,,,,,,,,,,,,,,,,,,,,
,,,,,,,,,,,,,,,,,,,,,,,,,,,,,,,,,,,,,,,
,,,,,,,,,,,,,,,,,,,,,,,,,,,,,,,,,,,,,,,
,,,,,,,,,,,,,,,,,,,,,,,,,,,,,,,,,,,,,,,
,,,,,,,,,,,,,,,,,,,,,,,,,,,,,,,,,,,,,,,
,,,,,,,,,,,,,,,,,,,,,,,,,,,,,,,,,,,,,,,
,,,,,,,,,,,,,,,,,,,,,,,,,,,,,,,,,,,,,,,
,,,,,,,,,,,,,,,,,,,,,,,,,,,,,,,,,,,,,,,
,,,,,,,,,,,,,,,,,,,,,,,,,,,,,,,,,,,,,,,
,,,,,,,,,,,,,,,,,,,,,,,,,,,,,,,,,,,,,,,
,,,,,,,,,,,,,,,,,,,,,,,,,,,,,,,,,,,,,,,
,,,,,,,,,,,,,,,,,,,,,,,,,,,,,,,,,,,,,,,
,,,,,,,,,,,,,,,,,,,,,,,,,,,,,,,,,,,,,,,
,,,,,,,,,,,,,,,,,,,,,,,,,,,,,,,,,,,,,,,
,,,,,,,,,,,,,,,,,,,,,,,,,,,,,,,,,,,,,,,
,,,,,,,,,,,,,,,,,,,,,,,,,,,,,,,,,,,,,,,
,,,,,,,,,,,,,,,,,,,,,,,,,,,,,,,,,,,,,,,
,,,,,,,,,,,,,,,,,,,,,,,,,,,,,,,,,,,,,,,
,,,,,,,,,,,,,,,,,,,,,,,,,,,,,,,,,,,,,,,
,,,,,,,,,,,,,,,,,,,,,,,,,,,,,,,,,,,,,,,
,,,,,,,,,,,,,,,,,,,,,,,,,,,,,,,,,,,,,,,
,,,,,,,,,,,,,,,,,,,,,,,,,,,,,,,,,,,,,,,
,,,,,,,,,,,,,,,,,,,,,,,,,,,,,,,,,,,,,,,
,,,,,,,,,,,,,,,,,,,,,,,,,,,,,,,,,,,,,,,
,,,,,,,,,,,,,,,,,,,,,,,,,,,,,,,,,,,,,,,
,,,,,,,,,,,,,,,,,,,,,,,,,,,,,,,,,,,,,,,
,,,,,,,,,,,,,,,,,,,,,,,,,,,,,,,,,,,,,,,
,,,,,,,,,,,,,,,,,,,,,,,,,,,,,,,,,,,,,,,
,,,,,,,,,,,,,,,,,,,,,,,,,,,,,,,,,,,,,,,
,,,,,,,,,,,,,,,,,,,,,,,,,,,,,,,,,,,,,,,
,,,,,,,,,,,,,,,,,,,,,,,,,,,,,,,,,,,,,,,
,,,,,,,,,,,,,,,,,,,,,,,,,,,,,,,,,,,,,,,
,,,,,,,,,,,,,,,,,,,,,,,,,,,,,,,,,,,,,,,
,,,,,,,,,,,,,,,,,,,,,,,,,,,,,,,,,,,,,,,
,,,,,,,,,,,,,,,,,,,,,,,,,,,,,,,,,,,,,,,
,,,,,,,,,,,,,,,,,,,,,,,,,,,,,,,,,,,,,,,
,,,,,,,,,,,,,,,,,,,,,,,,,,,,,,,,,,,,,,,
,,,,,,,,,,,,,,,,,,,,,,,,,,,,,,,,,,,,,,,
,,,,,,,,,,,,,,,,,,,,,,,,,,,,,,,,,,,,,,,
,,,,,,,,,,,,,,,,,,,,,,,,,,,,,,,,,,,,,,,
,,,,,,,,,,,,,,,,,,,,,,,,,,,,,,,,,,,,,,,
,,,,,,,,,,,,,,,,,,,,,,,,,,,,,,,,,,,,,,,
,,,,,,,,,,,,,,,,,,,,,,,,,,,,,,,,,,,,,,,
,,,,,,,,,,,,,,,,,,,,,,,,,,,,,,,,,,,,,,,
,,,,,,,,,,,,,,,,,,,,,,,,,,,,,,,,,,,,,,,
,,,,,,,,,,,,,,,,,,,,,,,,,,,,,,,,,,,,,,,
,,,,,,,,,,,,,,,,,,,,,,,,,,,,,,,,,,,,,,,
,,,,,,,,,,,,,,,,,,,,,,,,,,,,,,,,,,,,,,,
,,,,,,,,,,,,,,,,,,,,,,,,,,,,,,,,,,,,,,,
,,,,,,,,,,,,,,,,,,,,,,,,,,,,,,,,,,,,,,,
,,,,,,,,,,,,,,,,,,,,,,,,,,,,,,,,,,,,,,,
,,,,,,,,,,,,,,,,,,,,,,,,,,,,,,,,,,,,,,,
,,,,,,,,,,,,,,,,,,,,,,,,,,,,,,,,,,,,,,,
,,,,,,,,,,,,,,,,,,,,,,,,,,,,,,,,,,,,,,,
,,,,,,,,,,,,,,,,,,,,,,,,,,,,,,,,,,,,,,,
,,,,,,,,,,,,,,,,,,,,,,,,,,,,,,,,,,,,,,,
,,,,,,,,,,,,,,,,,,,,,,,,,,,,,,,,,,,,,,,
,,,,,,,,,,,,,,,,,,,,,,,,,,,,,,,,,,,,,,,
,,,,,,,,,,,,,,,,,,,,,,,,,,,,,,,,,,,,,,,
,,,,,,,,,,,,,,,,,,,,,,,,,,,,,,,,,,,,,,,
,,,,,,,,,,,,,,,,,,,,,,,,,,,,,,,,,,,,,,,
,,,,,,,,,,,,,,,,,,,,,,,,,,,,,,,,,,,,,,,
,,,,,,,,,,,,,,,,,,,,,,,,,,,,,,,,,,,,,,,
,,,,,,,,,,,,,,,,,,,,,,,,,,,,,,,,,,,,,,,
,,,,,,,,,,,,,,,,,,,,,,,,,,,,,,,,,,,,,,,
,,,,,,,,,,,,,,,,,,,,,,,,,,,,,,,,,,,,,,,
,,,,,,,,,,,,,,,,,,,,,,,,,,,,,,,,,,,,,,,
,,,,,,,,,,,,,,,,,,,,,,,,,,,,,,,,,,,,,,,
,,,,,,,,,,,,,,,,,,,,,,,,,,,,,,,,,,,,,,,
,,,,,,,,,,,,,,,,,,,,,,,,,,,,,,,,,,,,,,,
,,,,,,,,,,,,,,,,,,,,,,,,,,,,,,,,,,,,,,,
,,,,,,,,,,,,,,,,,,,,,,,,,,,,,,,,,,,,,,,
,,,,,,,,,,,,,,,,,,,,,,,,,,,,,,,,,,,,,,,
,,,,,,,,,,,,,,,,,,,,,,,,,,,,,,,,,,,,,,,
,,,,,,,,,,,,,,,,,,,,,,,,,,,,,,,,,,,,,,,
,,,,,,,,,,,,,,,,,,,,,,,,,,,,,,,,,,,,,,,
,,,,,,,,,,,,,,,,,,,,,,,,,,,,,,,,,,,,,,,
,,,,,,,,,,,,,,,,,,,,,,,,,,,,,,,,,,,,,,,
,,,,,,,,,,,,,,,,,,,,,,,,,,,,,,,,,,,,,,,
,,,,,,,,,,,,,,,,,,,,,,,,,,,,,,,,,,,,,,,
,,,,,,,,,,,,,,,,,,,,,,,,,,,,,,,,,,,,,,,
,,,,,,,,,,,,,,,,,,,,,,,,,,,,,,,,,,,,,,,
,,,,,,,,,,,,,,,,,,,,,,,,,,,,,,,,,,,,,,,
,,,,,,,,,,,,,,,,,,,,,,,,,,,,,,,,,,,,,,,
,,,,,,,,,,,,,,,,,,,,,,,,,,,,,,,,,,,,,,,
,,,,,,,,,,,,,,,,,,,,,,,,,,,,,,,,,,,,,,,
,,,,,,,,,,,,,,,,,,,,,,,,,,,,,,,,,,,,,,,
,,,,,,,,,,,,,,,,,,,,,,,,,,,,,,,,,,,,,,,
,,,,,,,,,,,,,,,,,,,,,,,,,,,,,,,,,,,,,,,
,,,,,,,,,,,,,,,,,,,,,,,,,,,,,,,,,,,,,,,
,,,,,,,,,,,,,,,,,,,,,,,,,,,,,,,,,,,,,,,
,,,,,,,,,,,,,,,,,,,,,,,,,,,,,,,,,,,,,,,
,,,,,,,,,,,,,,,,,,,,,,,,,,,,,,,,,,,,,,,
,,,,,,,,,,,,,,,,,,,,,,,,,,,,,,,,,,,,,,,
,,,,,,,,,,,,,,,,,,,,,,,,,,,,,,,,,,,,,,,
,,,,,,,,,,,,,,,,,,,,,,,,,,,,,,,,,,,,,,,
,,,,,,,,,,,,,,,,,,,,,,,,,,,,,,,,,,,,,,,
,,,,,,,,,,,,,,,,,,,,,,,,,,,,,,,,,,,,,,,
,,,,,,,,,,,,,,,,,,,,,,,,,,,,,,,,,,,,,,,
,,,,,,,,,,,,,,,,,,,,,,,,,,,,,,,,,,,,,,,
,,,,,,,,,,,,,,,,,,,,,,,,,,,,,,,,,,,,,,,
,,,,,,,,,,,,,,,,,,,,,,,,,,,,,,,,,,,,,,,
,,,,,,,,,,,,,,,,,,,,,,,,,,,,,,,,,,,,,,,
,,,,,,,,,,,,,,,,,,,,,,,,,,,,,,,,,,,,,,,
,,,,,,,,,,,,,,,,,,,,,,,,,,,,,,,,,,,,,,,
,,,,,,,,,,,,,,,,,,,,,,,,,,,,,,,,,,,,,,,
,,,,,,,,,,,,,,,,,,,,,,,,,,,,,,,,,,,,,,,
,,,,,,,,,,,,,,,,,,,,,,,,,,,,,,,,,,,,,,,
,,,,,,,,,,,,,,,,,,,,,,,,,,,,,,,,,,,,,,,
,,,,,,,,,,,,,,,,,,,,,,,,,,,,,,,,,,,,,,,
,,,,,,,,,,,,,,,,,,,,,,,,,,,,,,,,,,,,,,,
,,,,,,,,,,,,,,,,,,,,,,,,,,,,,,,,,,,,,,,
,,,,,,,,,,,,,,,,,,,,,,,,,,,,,,,,,,,,,,,
,,,,,,,,,,,,,,,,,,,,,,,,,,,,,,,,,,,,,,,
,,,,,,,,,,,,,,,,,,,,,,,,,,,,,,,,,,,,,,,
,,,,,,,,,,,,,,,,,,,,,,,,,,,,,,,,,,,,,,,
,,,,,,,,,,,,,,,,,,,,,,,,,,,,,,,,,,,,,,,
,,,,,,,,,,,,,,,,,,,,,,,,,,,,,,,,,,,,,,,
,,,,,,,,,,,,,,,,,,,,,,,,,,,,,,,,,,,,,,,
,,,,,,,,,,,,,,,,,,,,,,,,,,,,,,,,,,,,,,,
,,,,,,,,,,,,,,,,,,,,,,,,,,,,,,,,,,,,,,,
,,,,,,,,,,,,,,,,,,,,,,,,,,,,,,,,,,,,,,,
,,,,,,,,,,,,,,,,,,,,,,,,,,,,,,,,,,,,,,,
,,,,,,,,,,,,,,,,,,,,,,,,,,,,,,,,,,,,,,,
,,,,,,,,,,,,,,,,,,,,,,,,,,,,,,,,,,,,,,,
,,,,,,,,,,,,,,,,,,,,,,,,,,,,,,,,,,,,,,,
,,,,,,,,,,,,,,,,,,,,,,,,,,,,,,,,,,,,,,,
,,,,,,,,,,,,,,,,,,,,,,,,,,,,,,,,,,,,,,,
,,,,,,,,,,,,,,,,,,,,,,,,,,,,,,,,,,,,,,,
,,,,,,,,,,,,,,,,,,,,,,,,,,,,,,,,,,,,,,,
,,,,,,,,,,,,,,,,,,,,,,,,,,,,,,,,,,,,,,,
,,,,,,,,,,,,,,,,,,,,,,,,,,,,,,,,,,,,,,,
,,,,,,,,,,,,,,,,,,,,,,,,,,,,,,,,,,,,,,,
,,,,,,,,,,,,,,,,,,,,,,,,,,,,,,,,,,,,,,,
,,,,,,,,,,,,,,,,,,,,,,,,,,,,,,,,,,,,,,,
,,,,,,,,,,,,,,,,,,,,,,,,,,,,,,,,,,,,,,,
,,,,,,,,,,,,,,,,,,,,,,,,,,,,,,,,,,,,,,,
,,,,,,,,,,,,,,,,,,,,,,,,,,,,,,,,,,,,,,,
,,,,,,,,,,,,,,,,,,,,,,,,,,,,,,,,,,,,,,,
,,,,,,,,,,,,,,,,,,,,,,,,,,,,,,,,,,,,,,,
,,,,,,,,,,,,,,,,,,,,,,,,,,,,,,,,,,,,,,,
,,,,,,,,,,,,,,,,,,,,,,,,,,,,,,,,,,,,,,,
,,,,,,,,,,,,,,,,,,,,,,,,,,,,,,,,,,,,,,,
,,,,,,,,,,,,,,,,,,,,,,,,,,,,,,,,,,,,,,,
,,,,,,,,,,,,,,,,,,,,,,,,,,,,,,,,,,,,,,,
,,,,,,,,,,,,,,,,,,,,,,,,,,,,,,,,,,,,,,,
,,,,,,,,,,,,,,,,,,,,,,,,,,,,,,,,,,,,,,,
,,,,,,,,,,,,,,,,,,,,,,,,,,,,,,,,,,,,,,,
,,,,,,,,,,,,,,,,,,,,,,,,,,,,,,,,,,,,,,,
,,,,,,,,,,,,,,,,,,,,,,,,,,,,,,,,,,,,,,,
,,,,,,,,,,,,,,,,,,,,,,,,,,,,,,,,,,,,,,,
,,,,,,,,,,,,,,,,,,,,,,,,,,,,,,,,,,,,,,,
,,,,,,,,,,,,,,,,,,,,,,,,,,,,,,,,,,,,,,,
,,,,,,,,,,,,,,,,,,,,,,,,,,,,,,,,,,,,,,,
,,,,,,,,,,,,,,,,,,,,,,,,,,,,,,,,,,,,,,,
,,,,,,,,,,,,,,,,,,,,,,,,,,,,,,,,,,,,,,,
,,,,,,,,,,,,,,,,,,,,,,,,,,,,,,,,,,,,,,,
,,,,,,,,,,,,,,,,,,,,,,,,,,,,,,,,,,,,,,,
,,,,,,,,,,,,,,,,,,,,,,,,,,,,,,,,,,,,,,,
,,,,,,,,,,,,,,,,,,,,,,,,,,,,,,,,,,,,,,,
,,,,,,,,,,,,,,,,,,,,,,,,,,,,,,,,,,,,,,,
,,,,,,,,,,,,,,,,,,,,,,,,,,,,,,,,,,,,,,,
,,,,,,,,,,,,,,,,,,,,,,,,,,,,,,,,,,,,,,,
,,,,,,,,,,,,,,,,,,,,,,,,,,,,,,,,,,,,,,,
,,,,,,,,,,,,,,,,,,,,,,,,,,,,,,,,,,,,,,,
,,,,,,,,,,,,,,,,,,,,,,,,,,,,,,,,,,,,,,,
,,,,,,,,,,,,,,,,,,,,,,,,,,,,,,,,,,,,,,,
,,,,,,,,,,,,,,,,,,,,,,,,,,,,,,,,,,,,,,,
,,,,,,,,,,,,,,,,,,,,,,,,,,,,,,,,,,,,,,,
,,,,,,,,,,,,,,,,,,,,,,,,,,,,,,,,,,,,,,,
,,,,,,,,,,,,,,,,,,,,,,,,,,,,,,,,,,,,,,,
,,,,,,,,,,,,,,,,,,,,,,,,,,,,,,,,,,,,,,,
,,,,,,,,,,,,,,,,,,,,,,,,,,,,,,,,,,,,,,,
,,,,,,,,,,,,,,,,,,,,,,,,,,,,,,,,,,,,,,,
,,,,,,,,,,,,,,,,,,,,,,,,,,,,,,,,,,,,,,,
,,,,,,,,,,,,,,,,,,,,,,,,,,,,,,,,,,,,,,,
,,,,,,,,,,,,,,,,,,,,,,,,,,,,,,,,,,,,,,,
,,,,,,,,,,,,,,,,,,,,,,,,,,,,,,,,,,,,,,,
,,,,,,,,,,,,,,,,,,,,,,,,,,,,,,,,,,,,,,,
,,,,,,,,,,,,,,,,,,,,,,,,,,,,,,,,,,,,,,,
,,,,,,,,,,,,,,,,,,,,,,,,,,,,,,,,,,,,,,,
,,,,,,,,,,,,,,,,,,,,,,,,,,,,,,,,,,,,,,,
,,,,,,,,,,,,,,,,,,,,,,,,,,,,,,,,,,,,,,,
,,,,,,,,,,,,,,,,,,,,,,,,,,,,,,,,,,,,,,,
,,,,,,,,,,,,,,,,,,,,,,,,,,,,,,,,,,,,,,,
,,,,,,,,,,,,,,,,,,,,,,,,,,,,,,,,,,,,,,,
,,,,,,,,,,,,,,,,,,,,,,,,,,,,,,,,,,,,,,,
,,,,,,,,,,,,,,,,,,,,,,,,,,,,,,,,,,,,,,,
,,,,,,,,,,,,,,,,,,,,,,,,,,,,,,,,,,,,,,,
,,,,,,,,,,,,,,,,,,,,,,,,,,,,,,,,,,,,,,,
,,,,,,,,,,,,,,,,,,,,,,,,,,,,,,,,,,,,,,,
,,,,,,,,,,,,,,,,,,,,,,,,,,,,,,,,,,,,,,,
,,,,,,,,,,,,,,,,,,,,,,,,,,,,,,,,,,,,,,,
,,,,,,,,,,,,,,,,,,,,,,,,,,,,,,,,,,,,,,,
,,,,,,,,,,,,,,,,,,,,,,,,,,,,,,,,,,,,,,,
,,,,,,,,,,,,,,,,,,,,,,,,,,,,,,,,,,,,,,,
,,,,,,,,,,,,,,,,,,,,,,,,,,,,,,,,,,,,,,,
,,,,,,,,,,,,,,,,,,,,,,,,,,,,,,,,,,,,,,,
,,,,,,,,,,,,,,,,,,,,,,,,,,,,,,,,,,,,,,,
,,,,,,,,,,,,,,,,,,,,,,,,,,,,,,,,,,,,,,,
,,,,,,,,,,,,,,,,,,,,,,,,,,,,,,,,,,,,,,,
,,,,,,,,,,,,,,,,,,,,,,,,,,,,,,,,,,,,,,,
,,,,,,,,,,,,,,,,,,,,,,,,,,,,,,,,,,,,,,,
,,,,,,,,,,,,,,,,,,,,,,,,,,,,,,,,,,,,,,,
,,,,,,,,,,,,,,,,,,,,,,,,,,,,,,,,,,,,,,,
,,,,,,,,,,,,,,,,,,,,,,,,,,,,,,,,,,,,,,,
,,,,,,,,,,,,,,,,,,,,,,,,,,,,,,,,,,,,,,,
,,,,,,,,,,,,,,,,,,,,,,,,,,,,,,,,,,,,,,,
,,,,,,,,,,,,,,,,,,,,,,,,,,,,,,,,,,,,,,,
,,,,,,,,,,,,,,,,,,,,,,,,,,,,,,,,,,,,,,,
,,,,,,,,,,,,,,,,,,,,,,,,,,,,,,,,,,,,,,,
,,,,,,,,,,,,,,,,,,,,,,,,,,,,,,,,,,,,,,,
,,,,,,,,,,,,,,,,,,,,,,,,,,,,,,,,,,,,,,,
,,,,,,,,,,,,,,,,,,,,,,,,,,,,,,,,,,,,,,,
,,,,,,,,,,,,,,,,,,,,,,,,,,,,,,,,,,,,,,,
,,,,,,,,,,,,,,,,,,,,,,,,,,,,,,,,,,,,,,,
,,,,,,,,,,,,,,,,,,,,,,,,,,,,,,,,,,,,,,,
,,,,,,,,,,,,,,,,,,,,,,,,,,,,,,,,,,,,,,,
,,,,,,,,,,,,,,,,,,,,,,,,,,,,,,,,,,,,,,,
,,,,,,,,,,,,,,,,,,,,,,,,,,,,,,,,,,,,,,,
,,,,,,,,,,,,,,,,,,,,,,,,,,,,,,,,,,,,,,,
,,,,,,,,,,,,,,,,,,,,,,,,,,,,,,,,,,,,,,,
,,,,,,,,,,,,,,,,,,,,,,,,,,,,,,,,,,,,,,,
,,,,,,,,,,,,,,,,,,,,,,,,,,,,,,,,,,,,,,,
,,,,,,,,,,,,,,,,,,,,,,,,,,,,,,,,,,,,,,,
,,,,,,,,,,,,,,,,,,,,,,,,,,,,,,,,,,,,,,,
,,,,,,,,,,,,,,,,,,,,,,,,,,,,,,,,,,,,,,,
,,,,,,,,,,,,,,,,,,,,,,,,,,,,,,,,,,,,,,,
,,,,,,,,,,,,,,,,,,,,,,,,,,,,,,,,,,,,,,,
,,,,,,,,,,,,,,,,,,,,,,,,,,,,,,,,,,,,,,,
,,,,,,,,,,,,,,,,,,,,,,,,,,,,,,,,,,,,,,,
,,,,,,,,,,,,,,,,,,,,,,,,,,,,,,,,,,,,,,,
,,,,,,,,,,,,,,,,,,,,,,,,,,,,,,,,,,,,,,,
,,,,,,,,,,,,,,,,,,,,,,,,,,,,,,,,,,,,,,,
,,,,,,,,,,,,,,,,,,,,,,,,,,,,,,,,,,,,,,,
,,,,,,,,,,,,,,,,,,,,,,,,,,,,,,,,,,,,,,,
,,,,,,,,,,,,,,,,,,,,,,,,,,,,,,,,,,,,,,,
,,,,,,,,,,,,,,,,,,,,,,,,,,,,,,,,,,,,,,,
,,,,,,,,,,,,,,,,,,,,,,,,,,,,,,,,,,,,,,,
,,,,,,,,,,,,,,,,,,,,,,,,,,,,,,,,,,,,,,,
,,,,,,,,,,,,,,,,,,,,,,,,,,,,,,,,,,,,,,,
,,,,,,,,,,,,,,,,,,,,,,,,,,,,,,,,,,,,,,,
,,,,,,,,,,,,,,,,,,,,,,,,,,,,,,,,,,,,,,,
,,,,,,,,,,,,,,,,,,,,,,,,,,,,,,,,,,,,,,,
,,,,,,,,,,,,,,,,,,,,,,,,,,,,,,,,,,,,,,,
,,,,,,,,,,,,,,,,,,,,,,,,,,,,,,,,,,,,,,,
,,,,,,,,,,,,,,,,,,,,,,,,,,,,,,,,,,,,,,,
,,,,,,,,,,,,,,,,,,,,,,,,,,,,,,,,,,,,,,,
,,,,,,,,,,,,,,,,,,,,,,,,,,,,,,,,,,,,,,,
,,,,,,,,,,,,,,,,,,,,,,,,,,,,,,,,,,,,,,,
,,,,,,,,,,,,,,,,,,,,,,,,,,,,,,,,,,,,,,,
,,,,,,,,,,,,,,,,,,,,,,,,,,,,,,,,,,,,,,,
,,,,,,,,,,,,,,,,,,,,,,,,,,,,,,,,,,,,,,,
,,,,,,,,,,,,,,,,,,,,,,,,,,,,,,,,,,,,,,,
,,,,,,,,,,,,,,,,,,,,,,,,,,,,,,,,,,,,,,,
,,,,,,,,,,,,,,,,,,,,,,,,,,,,,,,,,,,,,,,
,,,,,,,,,,,,,,,,,,,,,,,,,,,,,,,,,,,,,,,
,,,,,,,,,,,,,,,,,,,,,,,,,,,,,,,,,,,,,,,
,,,,,,,,,,,,,,,,,,,,,,,,,,,,,,,,,,,,,,,
,,,,,,,,,,,,,,,,,,,,,,,,,,,,,,,,,,,,,,,
,,,,,,,,,,,,,,,,,,,,,,,,,,,,,,,,,,,,,,,
,,,,,,,,,,,,,,,,,,,,,,,,,,,,,,,,,,,,,,,
,,,,,,,,,,,,,,,,,,,,,,,,,,,,,,,,,,,,,,,
,,,,,,,,,,,,,,,,,,,,,,,,,,,,,,,,,,,,,,,
,,,,,,,,,,,,,,,,,,,,,,,,,,,,,,,,,,,,,,,
,,,,,,,,,,,,,,,,,,,,,,,,,,,,,,,,,,,,,,,
,,,,,,,,,,,,,,,,,,,,,,,,,,,,,,,,,,,,,,,
,,,,,,,,,,,,,,,,,,,,,,,,,,,,,,,,,,,,,,,
,,,,,,,,,,,,,,,,,,,,,,,,,,,,,,,,,,,,,,,
,,,,,,,,,,,,,,,,,,,,,,,,,,,,,,,,,,,,,,,
,,,,,,,,,,,,,,,,,,,,,,,,,,,,,,,,,,,,,,,
,,,,,,,,,,,,,,,,,,,,,,,,,,,,,,,,,,,,,,,
,,,,,,,,,,,,,,,,,,,,,,,,,,,,,,,,,,,,,,,
,,,,,,,,,,,,,,,,,,,,,,,,,,,,,,,,,,,,,,,
,,,,,,,,,,,,,,,,,,,,,,,,,,,,,,,,,,,,,,,
,,,,,,,,,,,,,,,,,,,,,,,,,,,,,,,,,,,,,,,
,,,,,,,,,,,,,,,,,,,,,,,,,,,,,,,,,,,,,,,
,,,,,,,,,,,,,,,,,,,,,,,,,,,,,,,,,,,,,,,
,,,,,,,,,,,,,,,,,,,,,,,,,,,,,,,,,,,,,,,
,,,,,,,,,,,,,,,,,,,,,,,,,,,,,,,,,,,,,,,
,,,,,,,,,,,,,,,,,,,,,,,,,,,,,,,,,,,,,,,
,,,,,,,,,,,,,,,,,,,,,,,,,,,,,,,,,,,,,,,
,,,,,,,,,,,,,,,,,,,,,,,,,,,,,,,,,,,,,,,
,,,,,,,,,,,,,,,,,,,,,,,,,,,,,,,,,,,,,,,
,,,,,,,,,,,,,,,,,,,,,,,,,,,,,,,,,,,,,,,
,,,,,,,,,,,,,,,,,,,,,,,,,,,,,,,,,,,,,,,
,,,,,,,,,,,,,,,,,,,,,,,,,,,,,,,,,,,,,,,
,,,,,,,,,,,,,,,,,,,,,,,,,,,,,,,,,,,,,,,
,,,,,,,,,,,,,,,,,,,,,,,,,,,,,,,,,,,,,,,
,,,,,,,,,,,,,,,,,,,,,,,,,,,,,,,,,,,,,,,
,,,,,,,,,,,,,,,,,,,,,,,,,,,,,,,,,,,,,,,
,,,,,,,,,,,,,,,,,,,,,,,,,,,,,,,,,,,,,,,
,,,,,,,,,,,,,,,,,,,,,,,,,,,,,,,,,,,,,,,
,,,,,,,,,,,,,,,,,,,,,,,,,,,,,,,,,,,,,,,
,,,,,,,,,,,,,,,,,,,,,,,,,,,,,,,,,,,,,,,
,,,,,,,,,,,,,,,,,,,,,,,,,,,,,,,,,,,,,,,
,,,,,,,,,,,,,,,,,,,,,,,,,,,,,,,,,,,,,,,
,,,,,,,,,,,,,,,,,,,,,,,,,,,,,,,,,,,,,,,
,,,,,,,,,,,,,,,,,,,,,,,,,,,,,,,,,,,,,,,
,,,,,,,,,,,,,,,,,,,,,,,,,,,,,,,,,,,,,,,
,,,,,,,,,,,,,,,,,,,,,,,,,,,,,,,,,,,,,,,
,,,,,,,,,,,,,,,,,,,,,,,,,,,,,,,,,,,,,,,
,,,,,,,,,,,,,,,,,,,,,,,,,,,,,,,,,,,,,,,
,,,,,,,,,,,,,,,,,,,,,,,,,,,,,,,,,,,,,,,
,,,,,,,,,,,,,,,,,,,,,,,,,,,,,,,,,,,,,,,
,,,,,,,,,,,,,,,,,,,,,,,,,,,,,,,,,,,,,,,
,,,,,,,,,,,,,,,,,,,,,,,,,,,,,,,,,,,,,,,
,,,,,,,,,,,,,,,,,,,,,,,,,,,,,,,,,,,,,,,
,,,,,,,,,,,,,,,,,,,,,,,,,,,,,,,,,,,,,,,
,,,,,,,,,,,,,,,,,,,,,,,,,,,,,,,,,,,,,,,
,,,,,,,,,,,,,,,,,,,,,,,,,,,,,,,,,,,,,,,
,,,,,,,,,,,,,,,,,,,,,,,,,,,,,,,,,,,,,,,
,,,,,,,,,,,,,,,,,,,,,,,,,,,,,,,,,,,,,,,
,,,,,,,,,,,,,,,,,,,,,,,,,,,,,,,,,,,,,,,
,,,,,,,,,,,,,,,,,,,,,,,,,,,,,,,,,,,,,,,
,,,,,,,,,,,,,,,,,,,,,,,,,,,,,,,,,,,,,,,
,,,,,,,,,,,,,,,,,,,,,,,,,,,,,,,,,,,,,,,
,,,,,,,,,,,,,,,,,,,,,,,,,,,,,,,,,,,,,,,
,,,,,,,,,,,,,,,,,,,,,,,,,,,,,,,,,,,,,,,
,,,,,,,,,,,,,,,,,,,,,,,,,,,,,,,,,,,,,,,
,,,,,,,,,,,,,,,,,,,,,,,,,,,,,,,,,,,,,,,
,,,,,,,,,,,,,,,,,,,,,,,,,,,,,,,,,,,,,,,
,,,,,,,,,,,,,,,,,,,,,,,,,,,,,,,,,,,,,,,
,,,,,,,,,,,,,,,,,,,,,,,,,,,,,,,,,,,,,,,
,,,,,,,,,,,,,,,,,,,,,,,,,,,,,,,,,,,,,,,
,,,,,,,,,,,,,,,,,,,,,,,,,,,,,,,,,,,,,,,
,,,,,,,,,,,,,,,,,,,,,,,,,,,,,,,,,,,,,,,
,,,,,,,,,,,,,,,,,,,,,,,,,,,,,,,,,,,,,,,
,,,,,,,,,,,,,,,,,,,,,,,,,,,,,,,,,,,,,,,
,,,,,,,,,,,,,,,,,,,,,,,,,,,,,,,,,,,,,,,
,,,,,,,,,,,,,,,,,,,,,,,,,,,,,,,,,,,,,,,
,,,,,,,,,,,,,,,,,,,,,,,,,,,,,,,,,,,,,,,
,,,,,,,,,,,,,,,,,,,,,,,,,,,,,,,,,,,,,,,
,,,,,,,,,,,,,,,,,,,,,,,,,,,,,,,,,,,,,,,
,,,,,,,,,,,,,,,,,,,,,,,,,,,,,,,,,,,,,,,
,,,,,,,,,,,,,,,,,,,,,,,,,,,,,,,,,,,,,,,
,,,,,,,,,,,,,,,,,,,,,,,,,,,,,,,,,,,,,,,
,,,,,,,,,,,,,,,,,,,,,,,,,,,,,,,,,,,,,,,
,,,,,,,,,,,,,,,,,,,,,,,,,,,,,,,,,,,,,,,
,,,,,,,,,,,,,,,,,,,,,,,,,,,,,,,,,,,,,,,
,,,,,,,,,,,,,,,,,,,,,,,,,,,,,,,,,,,,,,,
,,,,,,,,,,,,,,,,,,,,,,,,,,,,,,,,,,,,,,,
,,,,,,,,,,,,,,,,,,,,,,,,,,,,,,,,,,,,,,,
,,,,,,,,,,,,,,,,,,,,,,,,,,,,,,,,,,,,,,,
,,,,,,,,,,,,,,,,,,,,,,,,,,,,,,,,,,,,,,,
,,,,,,,,,,,,,,,,,,,,,,,,,,,,,,,,,,,,,,,
,,,,,,,,,,,,,,,,,,,,,,,,,,,,,,,,,,,,,,,
,,,,,,,,,,,,,,,,,,,,,,,,,,,,,,,,,,,,,,,
,,,,,,,,,,,,,,,,,,,,,,,,,,,,,,,,,,,,,,,
,,,,,,,,,,,,,,,,,,,,,,,,,,,,,,,,,,,,,,,
,,,,,,,,,,,,,,,,,,,,,,,,,,,,,,,,,,,,,,,
,,,,,,,,,,,,,,,,,,,,,,,,,,,,,,,,,,,,,,,
,,,,,,,,,,,,,,,,,,,,,,,,,,,,,,,,,,,,,,,
,,,,,,,,,,,,,,,,,,,,,,,,,,,,,,,,,,,,,,,
,,,,,,,,,,,,,,,,,,,,,,,,,,,,,,,,,,,,,,,
,,,,,,,,,,,,,,,,,,,,,,,,,,,,,,,,,,,,,,,
,,,,,,,,,,,,,,,,,,,,,,,,,,,,,,,,,,,,,,,
,,,,,,,,,,,,,,,,,,,,,,,,,,,,,,,,,,,,,,,
,,,,,,,,,,,,,,,,,,,,,,,,,,,,,,,,,,,,,,,
,,,,,,,,,,,,,,,,,,,,,,,,,,,,,,,,,,,,,,,
,,,,,,,,,,,,,,,,,,,,,,,,,,,,,,,,,,,,,,,
,,,,,,,,,,,,,,,,,,,,,,,,,,,,,,,,,,,,,,,
,,,,,,,,,,,,,,,,,,,,,,,,,,,,,,,,,,,,,,,
,,,,,,,,,,,,,,,,,,,,,,,,,,,,,,,,,,,,,,,
,,,,,,,,,,,,,,,,,,,,,,,,,,,,,,,,,,,,,,,
,,,,,,,,,,,,,,,,,,,,,,,,,,,,,,,,,,,,,,,
,,,,,,,,,,,,,,,,,,,,,,,,,,,,,,,,,,,,,,,
,,,,,,,,,,,,,,,,,,,,,,,,,,,,,,,,,,,,,,,
,,,,,,,,,,,,,,,,,,,,,,,,,,,,,,,,,,,,,,,
,,,,,,,,,,,,,,,,,,,,,,,,,,,,,,,,,,,,,,,
,,,,,,,,,,,,,,,,,,,,,,,,,,,,,,,,,,,,,,,
,,,,,,,,,,,,,,,,,,,,,,,,,,,,,,,,,,,,,,,
,,,,,,,,,,,,,,,,,,,,,,,,,,,,,,,,,,,,,,,
,,,,,,,,,,,,,,,,,,,,,,,,,,,,,,,,,,,,,,,
,,,,,,,,,,,,,,,,,,,,,,,,,,,,,,,,,,,,,,,
,,,,,,,,,,,,,,,,,,,,,,,,,,,,,,,,,,,,,,,
,,,,,,,,,,,,,,,,,,,,,,,,,,,,,,,,,,,,,,,
,,,,,,,,,,,,,,,,,,,,,,,,,,,,,,,,,,,,,,,
,,,,,,,,,,,,,,,,,,,,,,,,,,,,,,,,,,,,,,,
,,,,,,,,,,,,,,,,,,,,,,,,,,,,,,,,,,,,,,,
,,,,,,,,,,,,,,,,,,,,,,,,,,,,,,,,,,,,,,,
,,,,,,,,,,,,,,,,,,,,,,,,,,,,,,,,,,,,,,,
,,,,,,,,,,,,,,,,,,,,,,,,,,,,,,,,,,,,,,,
,,,,,,,,,,,,,,,,,,,,,,,,,,,,,,,,,,,,,,,
,,,,,,,,,,,,,,,,,,,,,,,,,,,,,,,,,,,,,,,
,,,,,,,,,,,,,,,,,,,,,,,,,,,,,,,,,,,,,,,
,,,,,,,,,,,,,,,,,,,,,,,,,,,,,,,,,,,,,,,
,,,,,,,,,,,,,,,,,,,,,,,,,,,,,,,,,,,,,,,
,,,,,,,,,,,,,,,,,,,,,,,,,,,,,,,,,,,,,,,
,,,,,,,,,,,,,,,,,,,,,,,,,,,,,,,,,,,,,,,
,,,,,,,,,,,,,,,,,,,,,,,,,,,,,,,,,,,,,,,
,,,,,,,,,,,,,,,,,,,,,,,,,,,,,,,,,,,,,,,
,,,,,,,,,,,,,,,,,,,,,,,,,,,,,,,,,,,,,,,
,,,,,,,,,,,,,,,,,,,,,,,,,,,,,,,,,,,,,,,
,,,,,,,,,,,,,,,,,,,,,,,,,,,,,,,,,,,,,,,
,,,,,,,,,,,,,,,,,,,,,,,,,,,,,,,,,,,,,,,
,,,,,,,,,,,,,,,,,,,,,,,,,,,,,,,,,,,,,,,
,,,,,,,,,,,,,,,,,,,,,,,,,,,,,,,,,,,,,,,
,,,,,,,,,,,,,,,,,,,,,,,,,,,,,,,,,,,,,,,
,,,,,,,,,,,,,,,,,,,,,,,,,,,,,,,,,,,,,,,
,,,,,,,,,,,,,,,,,,,,,,,,,,,,,,,,,,,,,,,
,,,,,,,,,,,,,,,,,,,,,,,,,,,,,,,,,,,,,,,
,,,,,,,,,,,,,,,,,,,,,,,,,,,,,,,,,,,,,,,
,,,,,,,,,,,,,,,,,,,,,,,,,,,,,,,,,,,,,,,
,,,,,,,,,,,,,,,,,,,,,,,,,,,,,,,,,,,,,,,
,,,,,,,,,,,,,,,,,,,,,,,,,,,,,,,,,,,,,,,
,,,,,,,,,,,,,,,,,,,,,,,,,,,,,,,,,,,,,,,
,,,,,,,,,,,,,,,,,,,,,,,,,,,,,,,,,,,,,,,
,,,,,,,,,,,,,,,,,,,,,,,,,,,,,,,,,,,,,,,
,,,,,,,,,,,,,,,,,,,,,,,,,,,,,,,,,,,,,,,
,,,,,,,,,,,,,,,,,,,,,,,,,,,,,,,,,,,,,,,
,,,,,,,,,,,,,,,,,,,,,,,,,,,,,,,,,,,,,,,
,,,,,,,,,,,,,,,,,,,,,,,,,,,,,,,,,,,,,,,
,,,,,,,,,,,,,,,,,,,,,,,,,,,,,,,,,,,,,,,
,,,,,,,,,,,,,,,,,,,,,,,,,,,,,,,,,,,,,,,
,,,,,,,,,,,,,,,,,,,,,,,,,,,,,,,,,,,,,,,
,,,,,,,,,,,,,,,,,,,,,,,,,,,,,,,,,,,,,,,
,,,,,,,,,,,,,,,,,,,,,,,,,,,,,,,,,,,,,,,
,,,,,,,,,,,,,,,,,,,,,,,,,,,,,,,,,,,,,,,
,,,,,,,,,,,,,,,,,,,,,,,,,,,,,,,,,,,,,,,
,,,,,,,,,,,,,,,,,,,,,,,,,,,,,,,,,,,,,,,
,,,,,,,,,,,,,,,,,,,,,,,,,,,,,,,,,,,,,,,
,,,,,,,,,,,,,,,,,,,,,,,,,,,,,,,,,,,,,,,
,,,,,,,,,,,,,,,,,,,,,,,,,,,,,,,,,,,,,,,
,,,,,,,,,,,,,,,,,,,,,,,,,,,,,,,,,,,,,,,
,,,,,,,,,,,,,,,,,,,,,,,,,,,,,,,,,,,,,,,
,,,,,,,,,,,,,,,,,,,,,,,,,,,,,,,,,,,,,,,
,,,,,,,,,,,,,,,,,,,,,,,,,,,,,,,,,,,,,,,
,,,,,,,,,,,,,,,,,,,,,,,,,,,,,,,,,,,,,,,
,,,,,,,,,,,,,,,,,,,,,,,,,,,,,,,,,,,,,,,
,,,,,,,,,,,,,,,,,,,,,,,,,,,,,,,,,,,,,,,
,,,,,,,,,,,,,,,,,,,,,,,,,,,,,,,,,,,,,,,
,,,,,,,,,,,,,,,,,,,,,,,,,,,,,,,,,,,,,,,
,,,,,,,,,,,,,,,,,,,,,,,,,,,,,,,,,,,,,,,
,,,,,,,,,,,,,,,,,,,,,,,,,,,,,,,,,,,,,,,
,,,,,,,,,,,,,,,,,,,,,,,,,,,,,,,,,,,,,,,
,,,,,,,,,,,,,,,,,,,,,,,,,,,,,,,,,,,,,,,
,,,,,,,,,,,,,,,,,,,,,,,,,,,,,,,,,,,,,,,
,,,,,,,,,,,,,,,,,,,,,,,,,,,,,,,,,,,,,,,
,,,,,,,,,,,,,,,,,,,,,,,,,,,,,,,,,,,,,,,
,,,,,,,,,,,,,,,,,,,,,,,,,,,,,,,,,,,,,,,
,,,,,,,,,,,,,,,,,,,,,,,,,,,,,,,,,,,,,,,
,,,,,,,,,,,,,,,,,,,,,,,,,,,,,,,,,,,,,,,
,,,,,,,,,,,,,,,,,,,,,,,,,,,,,,,,,,,,,,,
,,,,,,,,,,,,,,,,,,,,,,,,,,,,,,,,,,,,,,,
,,,,,,,,,,,,,,,,,,,,,,,,,,,,,,,,,,,,,,,
,,,,,,,,,,,,,,,,,,,,,,,,,,,,,,,,,,,,,,,
,,,,,,,,,,,,,,,,,,,,,,,,,,,,,,,,,,,,,,,
,,,,,,,,,,,,,,,,,,,,,,,,,,,,,,,,,,,,,,,
,,,,,,,,,,,,,,,,,,,,,,,,,,,,,,,,,,,,,,,
,,,,,,,,,,,,,,,,,,,,,,,,,,,,,,,,,,,,,,,
,,,,,,,,,,,,,,,,,,,,,,,,,,,,,,,,,,,,,,,
,,,,,,,,,,,,,,,,,,,,,,,,,,,,,,,,,,,,,,,
,,,,,,,,,,,,,,,,,,,,,,,,,,,,,,,,,,,,,,,
,,,,,,,,,,,,,,,,,,,,,,,,,,,,,,,,,,,,,,,
,,,,,,,,,,,,,,,,,,,,,,,,,,,,,,,,,,,,,,,
,,,,,,,,,,,,,,,,,,,,,,,,,,,,,,,,,,,,,,,
,,,,,,,,,,,,,,,,,,,,,,,,,,,,,,,,,,,,,,,
,,,,,,,,,,,,,,,,,,,,,,,,,,,,,,,,,,,,,,,
,,,,,,,,,,,,,,,,,,,,,,,,,,,,,,,,,,,,,,,
,,,,,,,,,,,,,,,,,,,,,,,,,,,,,,,,,,,,,,,
,,,,,,,,,,,,,,,,,,,,,,,,,,,,,,,,,,,,,,,
,,,,,,,,,,,,,,,,,,,,,,,,,,,,,,,,,,,,,,,
,,,,,,,,,,,,,,,,,,,,,,,,,,,,,,,,,,,,,,,
,,,,,,,,,,,,,,,,,,,,,,,,,,,,,,,,,,,,,,,
,,,,,,,,,,,,,,,,,,,,,,,,,,,,,,,,,,,,,,,
,,,,,,,,,,,,,,,,,,,,,,,,,,,,,,,,,,,,,,,
,,,,,,,,,,,,,,,,,,,,,,,,,,,,,,,,,,,,,,,
,,,,,,,,,,,,,,,,,,,,,,,,,,,,,,,,,,,,,,,
,,,,,,,,,,,,,,,,,,,,,,,,,,,,,,,,,,,,,,,
,,,,,,,,,,,,,,,,,,,,,,,,,,,,,,,,,,,,,,,
,,,,,,,,,,,,,,,,,,,,,,,,,,,,,,,,,,,,,,,
,,,,,,,,,,,,,,,,,,,,,,,,,,,,,,,,,,,,,,,
,,,,,,,,,,,,,,,,,,,,,,,,,,,,,,,,,,,,,,,
,,,,,,,,,,,,,,,,,,,,,,,,,,,,,,,,,,,,,,,
,,,,,,,,,,,,,,,,,,,,,,,,,,,,,,,,,,,,,,,
,,,,,,,,,,,,,,,,,,,,,,,,,,,,,,,,,,,,,,,
,,,,,,,,,,,,,,,,,,,,,,,,,,,,,,,,,,,,,,,
,,,,,,,,,,,,,,,,,,,,,,,,,,,,,,,,,,,,,,,
,,,,,,,,,,,,,,,,,,,,,,,,,,,,,,,,,,,,,,,
,,,,,,,,,,,,,,,,,,,,,,,,,,,,,,,,,,,,,,,
,,,,,,,,,,,,,,,,,,,,,,,,,,,,,,,,,,,,,,,
,,,,,,,,,,,,,,,,,,,,,,,,,,,,,,,,,,,,,,,
,,,,,,,,,,,,,,,,,,,,,,,,,,,,,,,,,,,,,,,
,,,,,,,,,,,,,,,,,,,,,,,,,,,,,,,,,,,,,,,
,,,,,,,,,,,,,,,,,,,,,,,,,,,,,,,,,,,,,,,
,,,,,,,,,,,,,,,,,,,,,,,,,,,,,,,,,,,,,,,
,,,,,,,,,,,,,,,,,,,,,,,,,,,,,,,,,,,,,,,
,,,,,,,,,,,,,,,,,,,,,,,,,,,,,,,,,,,,,,,
,,,,,,,,,,,,,,,,,,,,,,,,,,,,,,,,,,,,,,,
,,,,,,,,,,,,,,,,,,,,,,,,,,,,,,,,,,,,,,,
,,,,,,,,,,,,,,,,,,,,,,,,,,,,,,,,,,,,,,,
,,,,,,,,,,,,,,,,,,,,,,,,,,,,,,,,,,,,,,,
,,,,,,,,,,,,,,,,,,,,,,,,,,,,,,,,,,,,,,,
,,,,,,,,,,,,,,,,,,,,,,,,,,,,,,,,,,,,,,,
,,,,,,,,,,,,,,,,,,,,,,,,,,,,,,,,,,,,,,,
,,,,,,,,,,,,,,,,,,,,,,,,,,,,,,,,,,,,,,,
,,,,,,,,,,,,,,,,,,,,,,,,,,,,,,,,,,,,,,,
,,,,,,,,,,,,,,,,,,,,,,,,,,,,,,,,,,,,,,,
,,,,,,,,,,,,,,,,,,,,,,,,,,,,,,,,,,,,,,,
,,,,,,,,,,,,,,,,,,,,,,,,,,,,,,,,,,,,,,,
,,,,,,,,,,,,,,,,,,,,,,,,,,,,,,,,,,,,,,,
,,,,,,,,,,,,,,,,,,,,,,,,,,,,,,,,,,,,,,,
,,,,,,,,,,,,,,,,,,,,,,,,,,,,,,,,,,,,,,,
,,,,,,,,,,,,,,,,,,,,,,,,,,,,,,,,,,,,,,,
,,,,,,,,,,,,,,,,,,,,,,,,,,,,,,,,,,,,,,,
,,,,,,,,,,,,,,,,,,,,,,,,,,,,,,,,,,,,,,,
,,,,,,,,,,,,,,,,,,,,,,,,,,,,,,,,,,,,,,,
,,,,,,,,,,,,,,,,,,,,,,,,,,,,,,,,,,,,,,,
,,,,,,,,,,,,,,,,,,,,,,,,,,,,,,,,,,,,,,,
,,,,,,,,,,,,,,,,,,,,,,,,,,,,,,,,,,,,,,,
,,,,,,,,,,,,,,,,,,,,,,,,,,,,,,,,,,,,,,,
,,,,,,,,,,,,,,,,,,,,,,,,,,,,,,,,,,,,,,,
,,,,,,,,,,,,,,,,,,,,,,,,,,,,,,,,,,,,,,,
,,,,,,,,,,,,,,,,,,,,,,,,,,,,,,,,,,,,,,,
,,,,,,,,,,,,,,,,,,,,,,,,,,,,,,,,,,,,,,,
,,,,,,,,,,,,,,,,,,,,,,,,,,,,,,,,,,,,,,,
,,,,,,,,,,,,,,,,,,,,,,,,,,,,,,,,,,,,,,,
,,,,,,,,,,,,,,,,,,,,,,,,,,,,,,,,,,,,,,,
,,,,,,,,,,,,,,,,,,,,,,,,,,,,,,,,,,,,,,,
,,,,,,,,,,,,,,,,,,,,,,,,,,,,,,,,,,,,,,,
,,,,,,,,,,,,,,,,,,,,,,,,,,,,,,,,,,,,,,,
,,,,,,,,,,,,,,,,,,,,,,,,,,,,,,,,,,,,,,,
,,,,,,,,,,,,,,,,,,,,,,,,,,,,,,,,,,,,,,,
,,,,,,,,,,,,,,,,,,,,,,,,,,,,,,,,,,,,,,,
,,,,,,,,,,,,,,,,,,,,,,,,,,,,,,,,,,,,,,,
,,,,,,,,,,,,,,,,,,,,,,,,,,,,,,,,,,,,,,,
,,,,,,,,,,,,,,,,,,,,,,,,,,,,,,,,,,,,,,,
,,,,,,,,,,,,,,,,,,,,,,,,,,,,,,,,,,,,,,,
,,,,,,,,,,,,,,,,,,,,,,,,,,,,,,,,,,,,,,,
,,,,,,,,,,,,,,,,,,,,,,,,,,,,,,,,,,,,,,,
,,,,,,,,,,,,,,,,,,,,,,,,,,,,,,,,,,,,,,,
,,,,,,,,,,,,,,,,,,,,,,,,,,,,,,,,,,,,,,,
,,,,,,,,,,,,,,,,,,,,,,,,,,,,,,,,,,,,,,,
,,,,,,,,,,,,,,,,,,,,,,,,,,,,,,,,,,,,,,,
,,,,,,,,,,,,,,,,,,,,,,,,,,,,,,,,,,,,,,,
,,,,,,,,,,,,,,,,,,,,,,,,,,,,,,,,,,,,,,,
,,,,,,,,,,,,,,,,,,,,,,,,,,,,,,,,,,,,,,,
,,,,,,,,,,,,,,,,,,,,,,,,,,,,,,,,,,,,,,,
,,,,,,,,,,,,,,,,,,,,,,,,,,,,,,,,,,,,,,,
,,,,,,,,,,,,,,,,,,,,,,,,,,,,,,,,,,,,,,,
,,,,,,,,,,,,,,,,,,,,,,,,,,,,,,,,,,,,,,,
,,,,,,,,,,,,,,,,,,,,,,,,,,,,,,,,,,,,,,,
,,,,,,,,,,,,,,,,,,,,,,,,,,,,,,,,,,,,,,,
,,,,,,,,,,,,,,,,,,,,,,,,,,,,,,,,,,,,,,,
,,,,,,,,,,,,,,,,,,,,,,,,,,,,,,,,,,,,,,,
,,,,,,,,,,,,,,,,,,,,,,,,,,,,,,,,,,,,,,,
,,,,,,,,,,,,,,,,,,,,,,,,,,,,,,,,,,,,,,,
,,,,,,,,,,,,,,,,,,,,,,,,,,,,,,,,,,,,,,,
,,,,,,,,,,,,,,,,,,,,,,,,,,,,,,,,,,,,,,,
,,,,,,,,,,,,,,,,,,,,,,,,,,,,,,,,,,,,,,,
,,,,,,,,,,,,,,,,,,,,,,,,,,,,,,,,,,,,,,,
,,,,,,,,,,,,,,,,,,,,,,,,,,,,,,,,,,,,,,,
,,,,,,,,,,,,,,,,,,,,,,,,,,,,,,,,,,,,,,,
,,,,,,,,,,,,,,,,,,,,,,,,,,,,,,,,,,,,,,,
,,,,,,,,,,,,,,,,,,,,,,,,,,,,,,,,,,,,,,,
,,,,,,,,,,,,,,,,,,,,,,,,,,,,,,,,,,,,,,,
,,,,,,,,,,,,,,,,,,,,,,,,,,,,,,,,,,,,,,,
,,,,,,,,,,,,,,,,,,,,,,,,,,,,,,,,,,,,,,,
,,,,,,,,,,,,,,,,,,,,,,,,,,,,,,,,,,,,,,,
,,,,,,,,,,,,,,,,,,,,,,,,,,,,,,,,,,,,,,,
,,,,,,,,,,,,,,,,,,,,,,,,,,,,,,,,,,,,,,,
,,,,,,,,,,,,,,,,,,,,,,,,,,,,,,,,,,,,,,,
,,,,,,,,,,,,,,,,,,,,,,,,,,,,,,,,,,,,,,,
,,,,,,,,,,,,,,,,,,,,,,,,,,,,,,,,,,,,,,,
,,,,,,,,,,,,,,,,,,,,,,,,,,,,,,,,,,,,,,,
,,,,,,,,,,,,,,,,,,,,,,,,,,,,,,,,,,,,,,,
,,,,,,,,,,,,,,,,,,,,,,,,,,,,,,,,,,,,,,,
,,,,,,,,,,,,,,,,,,,,,,,,,,,,,,,,,,,,,,,
,,,,,,,,,,,,,,,,,,,,,,,,,,,,,,,,,,,,,,,
,,,,,,,,,,,,,,,,,,,,,,,,,,,,,,,,,,,,,,,
,,,,,,,,,,,,,,,,,,,,,,,,,,,,,,,,,,,,,,,
,,,,,,,,,,,,,,,,,,,,,,,,,,,,,,,,,,,,,,,
,,,,,,,,,,,,,,,,,,,,,,,,,,,,,,,,,,,,,,,
,,,,,,,,,,,,,,,,,,,,,,,,,,,,,,,,,,,,,,,
,,,,,,,,,,,,,,,,,,,,,,,,,,,,,,,,,,,,,,,
,,,,,,,,,,,,,,,,,,,,,,,,,,,,,,,,,,,,,,,
,,,,,,,,,,,,,,,,,,,,,,,,,,,,,,,,,,,,,,,
,,,,,,,,,,,,,,,,,,,,,,,,,,,,,,,,,,,,,,,
,,,,,,,,,,,,,,,,,,,,,,,,,,,,,,,,,,,,,,,
,,,,,,,,,,,,,,,,,,,,,,,,,,,,,,,,,,,,,,,
,,,,,,,,,,,,,,,,,,,,,,,,,,,,,,,,,,,,,,,
,,,,,,,,,,,,,,,,,,,,,,,,,,,,,,,,,,,,,,,
,,,,,,,,,,,,,,,,,,,,,,,,,,,,,,,,,,,,,,,
,,,,,,,,,,,,,,,,,,,,,,,,,,,,,,,,,,,,,,,
,,,,,,,,,,,,,,,,,,,,,,,,,,,,,,,,,,,,,,,
,,,,,,,,,,,,,,,,,,,,,,,,,,,,,,,,,,,,,,,
,,,,,,,,,,,,,,,,,,,,,,,,,,,,,,,,,,,,,,,
,,,,,,,,,,,,,,,,,,,,,,,,,,,,,,,,,,,,,,,
,,,,,,,,,,,,,,,,,,,,,,,,,,,,,,,,,,,,,,,
,,,,,,,,,,,,,,,,,,,,,,,,,,,,,,,,,,,,,,,
,,,,,,,,,,,,,,,,,,,,,,,,,,,,,,,,,,,,,,,
,,,,,,,,,,,,,,,,,,,,,,,,,,,,,,,,,,,,,,,
,,,,,,,,,,,,,,,,,,,,,,,,,,,,,,,,,,,,,,,
,,,,,,,,,,,,,,,,,,,,,,,,,,,,,,,,,,,,,,,
,,,,,,,,,,,,,,,,,,,,,,,,,,,,,,,,,,,,,,,
,,,,,,,,,,,,,,,,,,,,,,,,,,,,,,,,,,,,,,,
,,,,,,,,,,,,,,,,,,,,,,,,,,,,,,,,,,,,,,,
,,,,,,,,,,,,,,,,,,,,,,,,,,,,,,,,,,,,,,,
,,,,,,,,,,,,,,,,,,,,,,,,,,,,,,,,,,,,,,,
,,,,,,,,,,,,,,,,,,,,,,,,,,,,,,,,,,,,,,,
,,,,,,,,,,,,,,,,,,,,,,,,,,,,,,,,,,,,,,,
,,,,,,,,,,,,,,,,,,,,,,,,,,,,,,,,,,,,,,,
,,,,,,,,,,,,,,,,,,,,,,,,,,,,,,,,,,,,,,,
,,,,,,,,,,,,,,,,,,,,,,,,,,,,,,,,,,,,,,,
,,,,,,,,,,,,,,,,,,,,,,,,,,,,,,,,,,,,,,,
,,,,,,,,,,,,,,,,,,,,,,,,,,,,,,,,,,,,,,,
,,,,,,,,,,,,,,,,,,,,,,,,,,,,,,,,,,,,,,,
,,,,,,,,,,,,,,,,,,,,,,,,,,,,,,,,,,,,,,,
,,,,,,,,,,,,,,,,,,,,,,,,,,,,,,,,,,,,,,,
,,,,,,,,,,,,,,,,,,,,,,,,,,,,,,,,,,,,,,,
,,,,,,,,,,,,,,,,,,,,,,,,,,,,,,,,,,,,,,,
,,,,,,,,,,,,,,,,,,,,,,,,,,,,,,,,,,,,,,,
,,,,,,,,,,,,,,,,,,,,,,,,,,,,,,,,,,,,,,,
,,,,,,,,,,,,,,,,,,,,,,,,,,,,,,,,,,,,,,,
,,,,,,,,,,,,,,,,,,,,,,,,,,,,,,,,,,,,,,,
,,,,,,,,,,,,,,,,,,,,,,,,,,,,,,,,,,,,,,,
,,,,,,,,,,,,,,,,,,,,,,,,,,,,,,,,,,,,,,,
,,,,,,,,,,,,,,,,,,,,,,,,,,,,,,,,,,,,,,,
,,,,,,,,,,,,,,,,,,,,,,,,,,,,,,,,,,,,,,,
,,,,,,,,,,,,,,,,,,,,,,,,,,,,,,,,,,,,,,,
,,,,,,,,,,,,,,,,,,,,,,,,,,,,,,,,,,,,,,,
,,,,,,,,,,,,,,,,,,,,,,,,,,,,,,,,,,,,,,,
,,,,,,,,,,,,,,,,,,,,,,,,,,,,,,,,,,,,,,,
,,,,,,,,,,,,,,,,,,,,,,,,,,,,,,,,,,,,,,,
,,,,,,,,,,,,,,,,,,,,,,,,,,,,,,,,,,,,,,,
,,,,,,,,,,,,,,,,,,,,,,,,,,,,,,,,,,,,,,,
,,,,,,,,,,,,,,,,,,,,,,,,,,,,,,,,,,,,,,,
,,,,,,,,,,,,,,,,,,,,,,,,,,,,,,,,,,,,,,,
,,,,,,,,,,,,,,,,,,,,,,,,,,,,,,,,,,,,,,,
,,,,,,,,,,,,,,,,,,,,,,,,,,,,,,,,,,,,,,,
,,,,,,,,,,,,,,,,,,,,,,,,,,,,,,,,,,,,,,,
,,,,,,,,,,,,,,,,,,,,,,,,,,,,,,,,,,,,,,,
,,,,,,,,,,,,,,,,,,,,,,,,,,,,,,,,,,,,,,,
,,,,,,,,,,,,,,,,,,,,,,,,,,,,,,,,,,,,,,,
,,,,,,,,,,,,,,,,,,,,,,,,,,,,,,,,,,,,,,,
,,,,,,,,,,,,,,,,,,,,,,,,,,,,,,,,,,,,,,,
,,,,,,,,,,,,,,,,,,,,,,,,,,,,,,,,,,,,,,,
,,,,,,,,,,,,,,,,,,,,,,,,,,,,,,,,,,,,,,,
,,,,,,,,,,,,,,,,,,,,,,,,,,,,,,,,,,,,,,,
,,,,,,,,,,,,,,,,,,,,,,,,,,,,,,,,,,,,,,,
,,,,,,,,,,,,,,,,,,,,,,,,,,,,,,,,,,,,,,,
,,,,,,,,,,,,,,,,,,,,,,,,,,,,,,,,,,,,,,,
,,,,,,,,,,,,,,,,,,,,,,,,,,,,,,,,,,,,,,,
,,,,,,,,,,,,,,,,,,,,,,,,,,,,,,,,,,,,,,,
,,,,,,,,,,,,,,,,,,,,,,,,,,,,,,,,,,,,,,,
,,,,,,,,,,,,,,,,,,,,,,,,,,,,,,,,,,,,,,,
,,,,,,,,,,,,,,,,,,,,,,,,,,,,,,,,,,,,,,,
,,,,,,,,,,,,,,,,,,,,,,,,,,,,,,,,,,,,,,,
,,,,,,,,,,,,,,,,,,,,,,,,,,,,,,,,,,,,,,,
,,,,,,,,,,,,,,,,,,,,,,,,,,,,,,,,,,,,,,,
,,,,,,,,,,,,,,,,,,,,,,,,,,,,,,,,,,,,,,,
,,,,,,,,,,,,,,,,,,,,,,,,,,,,,,,,,,,,,,,
,,,,,,,,,,,,,,,,,,,,,,,,,,,,,,,,,,,,,,,
,,,,,,,,,,,,,,,,,,,,,,,,,,,,,,,,,,,,,,,
,,,,,,,,,,,,,,,,,,,,,,,,,,,,,,,,,,,,,,,
,,,,,,,,,,,,,,,,,,,,,,,,,,,,,,,,,,,,,,,
,,,,,,,,,,,,,,,,,,,,,,,,,,,,,,,,,,,,,,,
,,,,,,,,,,,,,,,,,,,,,,,,,,,,,,,,,,,,,,,
,,,,,,,,,,,,,,,,,,,,,,,,,,,,,,,,,,,,,,,
,,,,,,,,,,,,,,,,,,,,,,,,,,,,,,,,,,,,,,,
,,,,,,,,,,,,,,,,,,,,,,,,,,,,,,,,,,,,,,,
,,,,,,,,,,,,,,,,,,,,,,,,,,,,,,,,,,,,,,,
,,,,,,,,,,,,,,,,,,,,,,,,,,,,,,,,,,,,,,,
,,,,,,,,,,,,,,,,,,,,,,,,,,,,,,,,,,,,,,,
,,,,,,,,,,,,,,,,,,,,,,,,,,,,,,,,,,,,,,,
,,,,,,,,,,,,,,,,,,,,,,,,,,,,,,,,,,,,,,,
,,,,,,,,,,,,,,,,,,,,,,,,,,,,,,,,,,,,,,,
,,,,,,,,,,,,,,,,,,,,,,,,,,,,,,,,,,,,,,,
,,,,,,,,,,,,,,,,,,,,,,,,,,,,,,,,,,,,,,,
,,,,,,,,,,,,,,,,,,,,,,,,,,,,,,,,,,,,,,,
,,,,,,,,,,,,,,,,,,,,,,,,,,,,,,,,,,,,,,,
,,,,,,,,,,,,,,,,,,,,,,,,,,,,,,,,,,,,,,,
,,,,,,,,,,,,,,,,,,,,,,,,,,,,,,,,,,,,,,,
,,,,,,,,,,,,,,,,,,,,,,,,,,,,,,,,,,,,,,,
,,,,,,,,,,,,,,,,,,,,,,,,,,,,,,,,,,,,,,,
,,,,,,,,,,,,,,,,,,,,,,,,,,,,,,,,,,,,,,,
,,,,,,,,,,,,,,,,,,,,,,,,,,,,,,,,,,,,,,,
,,,,,,,,,,,,,,,,,,,,,,,,,,,,,,,,,,,,,,,
,,,,,,,,,,,,,,,,,,,,,,,,,,,,,,,,,,,,,,,
,,,,,,,,,,,,,,,,,,,,,,,,,,,,,,,,,,,,,,,
,,,,,,,,,,,,,,,,,,,,,,,,,,,,,,,,,,,,,,,
,,,,,,,,,,,,,,,,,,,,,,,,,,,,,,,,,,,,,,,
,,,,,,,,,,,,,,,,,,,,,,,,,,,,,,,,,,,,,,,
,,,,,,,,,,,,,,,,,,,,,,,,,,,,,,,,,,,,,,,
,,,,,,,,,,,,,,,,,,,,,,,,,,,,,,,,,,,,,,,
,,,,,,,,,,,,,,,,,,,,,,,,,,,,,,,,,,,,,,,
,,,,,,,,,,,,,,,,,,,,,,,,,,,,,,,,,,,,,,,
,,,,,,,,,,,,,,,,,,,,,,,,,,,,,,,,,,,,,,,
,,,,,,,,,,,,,,,,,,,,,,,,,,,,,,,,,,,,,,,
,,,,,,,,,,,,,,,,,,,,,,,,,,,,,,,,,,,,,,,
,,,,,,,,,,,,,,,,,,,,,,,,,,,,,,,,,,,,,,,
,,,,,,,,,,,,,,,,,,,,,,,,,,,,,,,,,,,,,,,
,,,,,,,,,,,,,,,,,,,,,,,,,,,,,,,,,,,,,,,
,,,,,,,,,,,,,,,,,,,,,,,,,,,,,,,,,,,,,,,
,,,,,,,,,,,,,,,,,,,,,,,,,,,,,,,,,,,,,,,
,,,,,,,,,,,,,,,,,,,,,,,,,,,,,,,,,,,,,,,
,,,,,,,,,,,,,,,,,,,,,,,,,,,,,,,,,,,,,,,
,,,,,,,,,,,,,,,,,,,,,,,,,,,,,,,,,,,,,,,
,,,,,,,,,,,,,,,,,,,,,,,,,,,,,,,,,,,,,,,
,,,,,,,,,,,,,,,,,,,,,,,,,,,,,,,,,,,,,,,
,,,,,,,,,,,,,,,,,,,,,,,,,,,,,,,,,,,,,,,
,,,,,,,,,,,,,,,,,,,,,,,,,,,,,,,,,,,,,,,
,,,,,,,,,,,,,,,,,,,,,,,,,,,,,,,,,,,,,,,
,,,,,,,,,,,,,,,,,,,,,,,,,,,,,,,,,,,,,,,
,,,,,,,,,,,,,,,,,,,,,,,,,,,,,,,,,,,,,,,
,,,,,,,,,,,,,,,,,,,,,,,,,,,,,,,,,,,,,,,
,,,,,,,,,,,,,,,,,,,,,,,,,,,,,,,,,,,,,,,
,,,,,,,,,,,,,,,,,,,,,,,,,,,,,,,,,,,,,,,
,,,,,,,,,,,,,,,,,,,,,,,,,,,,,,,,,,,,,,,
,,,,,,,,,,,,,,,,,,,,,,,,,,,,,,,,,,,,,,,
,,,,,,,,,,,,,,,,,,,,,,,,,,,,,,,,,,,,,,,
,,,,,,,,,,,,,,,,,,,,,,,,,,,,,,,,,,,,,,,
,,,,,,,,,,,,,,,,,,,,,,,,,,,,,,,,,,,,,,,
,,,,,,,,,,,,,,,,,,,,,,,,,,,,,,,,,,,,,,,
,,,,,,,,,,,,,,,,,,,,,,,,,,,,,,,,,,,,,,,
,,,,,,,,,,,,,,,,,,,,,,,,,,,,,,,,,,,,,,,
,,,,,,,,,,,,,,,,,,,,,,,,,,,,,,,,,,,,,,,
,,,,,,,,,,,,,,,,,,,,,,,,,,,,,,,,,,,,,,,
,,,,,,,,,,,,,,,,,,,,,,,,,,,,,,,,,,,,,,,
,,,,,,,,,,,,,,,,,,,,,,,,,,,,,,,,,,,,,,,
,,,,,,,,,,,,,,,,,,,,,,,,,,,,,,,,,,,,,,,
,,,,,,,,,,,,,,,,,,,,,,,,,,,,,,,,,,,,,,,
,,,,,,,,,,,,,,,,,,,,,,,,,,,,,,,,,,,,,,,
,,,,,,,,,,,,,,,,,,,,,,,,,,,,,,,,,,,,,,,
,,,,,,,,,,,,,,,,,,,,,,,,,,,,,,,,,,,,,,,
,,,,,,,,,,,,,,,,,,,,,,,,,,,,,,,,,,,,,,,
,,,,,,,,,,,,,,,,,,,,,,,,,,,,,,,,,,,,,,,
,,,,,,,,,,,,,,,,,,,,,,,,,,,,,,,,,,,,,,,
,,,,,,,,,,,,,,,,,,,,,,,,,,,,,,,,,,,,,,,
,,,,,,,,,,,,,,,,,,,,,,,,,,,,,,,,,,,,,,,
,,,,,,,,,,,,,,,,,,,,,,,,,,,,,,,,,,,,,,,
,,,,,,,,,,,,,,,,,,,,,,,,,,,,,,,,,,,,,,,
,,,,,,,,,,,,,,,,,,,,,,,,,,,,,,,,,,,,,,,
,,,,,,,,,,,,,,,,,,,,,,,,,,,,,,,,,,,,,,,
,,,,,,,,,,,,,,,,,,,,,,,,,,,,,,,,,,,,,,,
,,,,,,,,,,,,,,,,,,,,,,,,,,,,,,,,,,,,,,,
,,,,,,,,,,,,,,,,,,,,,,,,,,,,,,,,,,,,,,,
,,,,,,,,,,,,,,,,,,,,,,,,,,,,,,,,,,,,,,,
,,,,,,,,,,,,,,,,,,,,,,,,,,,,,,,,,,,,,,,
,,,,,,,,,,,,,,,,,,,,,,,,,,,,,,,,,,,,,,,
,,,,,,,,,,,,,,,,,,,,,,,,,,,,,,,,,,,,,,,
,,,,,,,,,,,,,,,,,,,,,,,,,,,,,,,,,,,,,,,
,,,,,,,,,,,,,,,,,,,,,,,,,,,,,,,,,,,,,,,
,,,,,,,,,,,,,,,,,,,,,,,,,,,,,,,,,,,,,,,
,,,,,,,,,,,,,,,,,,,,,,,,,,,,,,,,,,,,,,,
,,,,,,,,,,,,,,,,,,,,,,,,,,,,,,,,,,,,,,,
,,,,,,,,,,,,,,,,,,,,,,,,,,,,,,,,,,,,,,,
,,,,,,,,,,,,,,,,,,,,,,,,,,,,,,,,,,,,,,,
,,,,,,,,,,,,,,,,,,,,,,,,,,,,,,,,,,,,,,,
,,,,,,,,,,,,,,,,,,,,,,,,,,,,,,,,,,,,,,,
,,,,,,,,,,,,,,,,,,,,,,,,,,,,,,,,,,,,,,,
,,,,,,,,,,,,,,,,,,,,,,,,,,,,,,,,,,,,,,,
,,,,,,,,,,,,,,,,,,,,,,,,,,,,,,,,,,,,,,,
,,,,,,,,,,,,,,,,,,,,,,,,,,,,,,,,,,,,,,,
,,,,,,,,,,,,,,,,,,,,,,,,,,,,,,,,,,,,,,,
,,,,,,,,,,,,,,,,,,,,,,,,,,,,,,,,,,,,,,,
,,,,,,,,,,,,,,,,,,,,,,,,,,,,,,,,,,,,,,,
,,,,,,,,,,,,,,,,,,,,,,,,,,,,,,,,,,,,,,,
,,,,,,,,,,,,,,,,,,,,,,,,,,,,,,,,,,,,,,,
,,,,,,,,,,,,,,,,,,,,,,,,,,,,,,,,,,,,,,,
,,,,,,,,,,,,,,,,,,,,,,,,,,,,,,,,,,,,,,,
,,,,,,,,,,,,,,,,,,,,,,,,,,,,,,,,,,,,,,,
,,,,,,,,,,,,,,,,,,,,,,,,,,,,,,,,,,,,,,,
,,,,,,,,,,,,,,,,,,,,,,,,,,,,,,,,,,,,,,,
,,,,,,,,,,,,,,,,,,,,,,,,,,,,,,,,,,,,,,,
,,,,,,,,,,,,,,,,,,,,,,,,,,,,,,,,,,,,,,,
,,,,,,,,,,,,,,,,,,,,,,,,,,,,,,,,,,,,,,,
,,,,,,,,,,,,,,,,,,,,,,,,,,,,,,,,,,,,,,,
,,,,,,,,,,,,,,,,,,,,,,,,,,,,,,,,,,,,,,,
,,,,,,,,,,,,,,,,,,,,,,,,,,,,,,,,,,,,,,,
,,,,,,,,,,,,,,,,,,,,,,,,,,,,,,,,,,,,,,,
,,,,,,,,,,,,,,,,,,,,,,,,,,,,,,,,,,,,,,,
,,,,,,,,,,,,,,,,,,,,,,,,,,,,,,,,,,,,,,,
,,,,,,,,,,,,,,,,,,,,,,,,,,,,,,,,,,,,,,,
,,,,,,,,,,,,,,,,,,,,,,,,,,,,,,,,,,,,,,,
,,,,,,,,,,,,,,,,,,,,,,,,,,,,,,,,,,,,,,,
,,,,,,,,,,,,,,,,,,,,,,,,,,,,,,,,,,,,,,,
,,,,,,,,,,,,,,,,,,,,,,,,,,,,,,,,,,,,,,,
,,,,,,,,,,,,,,,,,,,,,,,,,,,,,,,,,,,,,,,
,,,,,,,,,,,,,,,,,,,,,,,,,,,,,,,,,,,,,,,
,,,,,,,,,,,,,,,,,,,,,,,,,,,,,,,,,,,,,,,
,,,,,,,,,,,,,,,,,,,,,,,,,,,,,,,,,,,,,,,
,,,,,,,,,,,,,,,,,,,,,,,,,,,,,,,,,,,,,,,
,,,,,,,,,,,,,,,,,,,,,,,,,,,,,,,,,,,,,,,
,,,,,,,,,,,,,,,,,,,,,,,,,,,,,,,,,,,,,,,
,,,,,,,,,,,,,,,,,,,,,,,,,,,,,,,,,,,,,,,
,,,,,,,,,,,,,,,,,,,,,,,,,,,,,,,,,,,,,,,
,,,,,,,,,,,,,,,,,,,,,,,,,,,,,,,,,,,,,,,
,,,,,,,,,,,,,,,,,,,,,,,,,,,,,,,,,,,,,,,
,,,,,,,,,,,,,,,,,,,,,,,,,,,,,,,,,,,,,,,
,,,,,,,,,,,,,,,,,,,,,,,,,,,,,,,,,,,,,,,
,,,,,,,,,,,,,,,,,,,,,,,,,,,,,,,,,,,,,,,
,,,,,,,,,,,,,,,,,,,,,,,,,,,,,,,,,,,,,,,
,,,,,,,,,,,,,,,,,,,,,,,,,,,,,,,,,,,,,,,
,,,,,,,,,,,,,,,,,,,,,,,,,,,,,,,,,,,,,,,
,,,,,,,,,,,,,,,,,,,,,,,,,,,,,,,,,,,,,,,
,,,,,,,,,,,,,,,,,,,,,,,,,,,,,,,,,,,,,,,
,,,,,,,,,,,,,,,,,,,,,,,,,,,,,,,,,,,,,,,
,,,,,,,,,,,,,,,,,,,,,,,,,,,,,,,,,,,,,,,
,,,,,,,,,,,,,,,,,,,,,,,,,,,,,,,,,,,,,,,
,,,,,,,,,,,,,,,,,,,,,,,,,,,,,,,,,,,,,,,
,,,,,,,,,,,,,,,,,,,,,,,,,,,,,,,,,,,,,,,
,,,,,,,,,,,,,,,,,,,,,,,,,,,,,,,,,,,,,,,
,,,,,,,,,,,,,,,,,,,,,,,,,,,,,,,,,,,,,,,
,,,,,,,,,,,,,,,,,,,,,,,,,,,,,,,,,,,,,,,
,,,,,,,,,,,,,,,,,,,,,,,,,,,,,,,,,,,,,,,
,,,,,,,,,,,,,,,,,,,,,,,,,,,,,,,,,,,,,,,
,,,,,,,,,,,,,,,,,,,,,,,,,,,,,,,,,,,,,,,
,,,,,,,,,,,,,,,,,,,,,,,,,,,,,,,,,,,,,,,
,,,,,,,,,,,,,,,,,,,,,,,,,,,,,,,,,,,,,,,
,,,,,,,,,,,,,,,,,,,,,,,,,,,,,,,,,,,,,,,
,,,,,,,,,,,,,,,,,,,,,,,,,,,,,,,,,,,,,,,
,,,,,,,,,,,,,,,,,,,,,,,,,,,,,,,,,,,,,,,
,,,,,,,,,,,,,,,,,,,,,,,,,,,,,,,,,,,,,,,
,,,,,,,,,,,,,,,,,,,,,,,,,,,,,,,,,,,,,,,
,,,,,,,,,,,,,,,,,,,,,,,,,,,,,,,,,,,,,,,
,,,,,,,,,,,,,,,,,,,,,,,,,,,,,,,,,,,,,,,
,,,,,,,,,,,,,,,,,,,,,,,,,,,,,,,,,,,,,,,
,,,,,,,,,,,,,,,,,,,,,,,,,,,,,,,,,,,,,,,
,,,,,,,,,,,,,,,,,,,,,,,,,,,,,,,,,,,,,,,
,,,,,,,,,,,,,,,,,,,,,,,,,,,,,,,,,,,,,,,
,,,,,,,,,,,,,,,,,,,,,,,,,,,,,,,,,,,,,,,
,,,,,,,,,,,,,,,,,,,,,,,,,,,,,,,,,,,,,,,
,,,,,,,,,,,,,,,,,,,,,,,,,,,,,,,,,,,,,,,
,,,,,,,,,,,,,,,,,,,,,,,,,,,,,,,,,,,,,,,
,,,,,,,,,,,,,,,,,,,,,,,,,,,,,,,,,,,,,,,
,,,,,,,,,,,,,,,,,,,,,,,,,,,,,,,,,,,,,,,
,,,,,,,,,,,,,,,,,,,,,,,,,,,,,,,,,,,,,,,
,,,,,,,,,,,,,,,,,,,,,,,,,,,,,,,,,,,,,,,
,,,,,,,,,,,,,,,,,,,,,,,,,,,,,,,,,,,,,,,
,,,,,,,,,,,,,,,,,,,,,,,,,,,,,,,,,,,,,,,
,,,,,,,,,,,,,,,,,,,,,,,,,,,,,,,,,,,,,,,
,,,,,,,,,,,,,,,,,,,,,,,,,,,,,,,,,,,,,,,
,,,,,,,,,,,,,,,,,,,,,,,,,,,,,,,,,,,,,,,
,,,,,,,,,,,,,,,,,,,,,,,,,,,,,,,,,,,,,,,
,,,,,,,,,,,,,,,,,,,,,,,,,,,,,,,,,,,,,,,
,,,,,,,,,,,,,,,,,,,,,,,,,,,,,,,,,,,,,,,
,,,,,,,,,,,,,,,,,,,,,,,,,,,,,,,,,,,,,,,
,,,,,,,,,,,,,,,,,,,,,,,,,,,,,,,,,,,,,,,
,,,,,,,,,,,,,,,,,,,,,,,,,,,,,,,,,,,,,,,
,,,,,,,,,,,,,,,,,,,,,,,,,,,,,,,,,,,,,,,
,,,,,,,,,,,,,,,,,,,,,,,,,,,,,,,,,,,,,,,
,,,,,,,,,,,,,,,,,,,,,,,,,,,,,,,,,,,,,,,
,,,,,,,,,,,,,,,,,,,,,,,,,,,,,,,,,,,,,,,
,,,,,,,,,,,,,,,,,,,,,,,,,,,,,,,,,,,,,,,
,,,,,,,,,,,,,,,,,,,,,,,,,,,,,,,,,,,,,,,
,,,,,,,,,,,,,,,,,,,,,,,,,,,,,,,,,,,,,,,
,,,,,,,,,,,,,,,,,,,,,,,,,,,,,,,,,,,,,,,
,,,,,,,,,,,,,,,,,,,,,,,,,,,,,,,,,,,,,,,
,,,,,,,,,,,,,,,,,,,,,,,,,,,,,,,,,,,,,,,
,,,,,,,,,,,,,,,,,,,,,,,,,,,,,,,,,,,,,,,
,,,,,,,,,,,,,,,,,,,,,,,,,,,,,,,,,,,,,,,
,,,,,,,,,,,,,,,,,,,,,,,,,,,,,,,,,,,,,,,
,,,,,,,,,,,,,,,,,,,,,,,,,,,,,,,,,,,,,,,
,,,,,,,,,,,,,,,,,,,,,,,,,,,,,,,,,,,,,,,
,,,,,,,,,,,,,,,,,,,,,,,,,,,,,,,,,,,,,,,
,,,,,,,,,,,,,,,,,,,,,,,,,,,,,,,,,,,,,,,
,,,,,,,,,,,,,,,,,,,,,,,,,,,,,,,,,,,,,,,
,,,,,,,,,,,,,,,,,,,,,,,,,,,,,,,,,,,,,,,
,,,,,,,,,,,,,,,,,,,,,,,,,,,,,,,,,,,,,,,
,,,,,,,,,,,,,,,,,,,,,,,,,,,,,,,,,,,,,,,
,,,,,,,,,,,,,,,,,,,,,,,,,,,,,,,,,,,,,,,
,,,,,,,,,,,,,,,,,,,,,,,,,,,,,,,,,,,,,,,
,,,,,,,,,,,,,,,,,,,,,,,,,,,,,,,,,,,,,,,
,,,,,,,,,,,,,,,,,,,,,,,,,,,,,,,,,,,,,,,
,,,,,,,,,,,,,,,,,,,,,,,,,,,,,,,,,,,,,,,
,,,,,,,,,,,,,,,,,,,,,,,,,,,,,,,,,,,,,,,
,,,,,,,,,,,,,,,,,,,,,,,,,,,,,,,,,,,,,,,
,,,,,,,,,,,,,,,,,,,,,,,,,,,,,,,,,,,,,,,
,,,,,,,,,,,,,,,,,,,,,,,,,,,,,,,,,,,,,,,
,,,,,,,,,,,,,,,,,,,,,,,,,,,,,,,,,,,,,,,
,,,,,,,,,,,,,,,,,,,,,,,,,,,,,,,,,,,,,,,
,,,,,,,,,,,,,,,,,,,,,,,,,,,,,,,,,,,,,,,
,,,,,,,,,,,,,,,,,,,,,,,,,,,,,,,,,,,,,,,
,,,,,,,,,,,,,,,,,,,,,,,,,,,,,,,,,,,,,,,
,,,,,,,,,,,,,,,,,,,,,,,,,,,,,,,,,,,,,,,
,,,,,,,,,,,,,,,,,,,,,,,,,,,,,,,,,,,,,,,
,,,,,,,,,,,,,,,,,,,,,,,,,,,,,,,,,,,,,,,
,,,,,,,,,,,,,,,,,,,,,,,,,,,,,,,,,,,,,,,
,,,,,,,,,,,,,,,,,,,,,,,,,,,,,,,,,,,,,,,
,,,,,,,,,,,,,,,,,,,,,,,,,,,,,,,,,,,,,,,
,,,,,,,,,,,,,,,,,,,,,,,,,,,,,,,,,,,,,,,
,,,,,,,,,,,,,,,,,,,,,,,,,,,,,,,,,,,,,,,
,,,,,,,,,,,,,,,,,,,,,,,,,,,,,,,,,,,,,,,
,,,,,,,,,,,,,,,,,,,,,,,,,,,,,,,,,,,,,,,
,,,,,,,,,,,,,,,,,,,,,,,,,,,,,,,,,,,,,,,
,,,,,,,,,,,,,,,,,,,,,,,,,,,,,,,,,,,,,,,
,,,,,,,,,,,,,,,,,,,,,,,,,,,,,,,,,,,,,,,
,,,,,,,,,,,,,,,,,,,,,,,,,,,,,,,,,,,,,,,
,,,,,,,,,,,,,,,,,,,,,,,,,,,,,,,,,,,,,,,
,,,,,,,,,,,,,,,,,,,,,,,,,,,,,,,,,,,,,,,
,,,,,,,,,,,,,,,,,,,,,,,,,,,,,,,,,,,,,,,
,,,,,,,,,,,,,,,,,,,,,,,,,,,,,,,,,,,,,,,
,,,,,,,,,,,,,,,,,,,,,,,,,,,,,,,,,,,,,,,
,,,,,,,,,,,,,,,,,,,,,,,,,,,,,,,,,,,,,,,
,,,,,,,,,,,,,,,,,,,,,,,,,,,,,,,,,,,,,,,
,,,,,,,,,,,,,,,,,,,,,,,,,,,,,,,,,,,,,,,
,,,,,,,,,,,,,,,,,,,,,,,,,,,,,,,,,,,,,,,
,,,,,,,,,,,,,,,,,,,,,,,,,,,,,,,,,,,,,,,
,,,,,,,,,,,,,,,,,,,,,,,,,,,,,,,,,,,,,,,
,,,,,,,,,,,,,,,,,,,,,,,,,,,,,,,,,,,,,,,
,,,,,,,,,,,,,,,,,,,,,,,,,,,,,,,,,,,,,,,
,,,,,,,,,,,,,,,,,,,,,,,,,,,,,,,,,,,,,,,
,,,,,,,,,,,,,,,,,,,,,,,,,,,,,,,,,,,,,,,
,,,,,,,,,,,,,,,,,,,,,,,,,,,,,,,,,,,,,,,
,,,,,,,,,,,,,,,,,,,,,,,,,,,,,,,,,,,,,,,
,,,,,,,,,,,,,,,,,,,,,,,,,,,,,,,,,,,,,,,
,,,,,,,,,,,,,,,,,,,,,,,,,,,,,,,,,,,,,,,
,,,,,,,,,,,,,,,,,,,,,,,,,,,,,,,,,,,,,,,
,,,,,,,,,,,,,,,,,,,,,,,,,,,,,,,,,,,,,,,
,,,,,,,,,,,,,,,,,,,,,,,,,,,,,,,,,,,,,,,
,,,,,,,,,,,,,,,,,,,,,,,,,,,,,,,,,,,,,,,
,,,,,,,,,,,,,,,,,,,,,,,,,,,,,,,,,,,,,,,
,,,,,,,,,,,,,,,,,,,,,,,,,,,,,,,,,,,,,,,
,,,,,,,,,,,,,,,,,,,,,,,,,,,,,,,,,,,,,,,
