,,,,,,,,,1,,,,,,,,,,,,,,,,,,,,,,,,,Bonus 3,Bonus 3 Value,Bonus 4,Bonus 4 Value,Item Set,Expire,Had Timer,Clan Stat ID,Monster ID,
Shining Ring,,,,171,2050,10,1,8,819,99,581,,,,,,,,,,,,,14,2,,,,,,,,,,,,,,,,,,LJEW001
Heavy Ring,,,,171,2050,10,1,8,6327,99,581,,,,,,,,,,,,,10,2,,,,,,,,,,,,,,,,,,LJEW002
Faint Ring,,,,171,2050,10,1,8,819,99,581,,,,,,,,,,,,,13,2,,,,,,,,,,,,,,,,,,LJEW003
Fine Ring,,,,171,2050,10,1,8,6323,99,581,,,,,,,,,,,,,15,2,,,,,,,,,,,,,,,,,,LJEW004
Pierced Ring,,,,171,2350,10,1,8,819,99,581,,,,,,,,,,,,,20,3,,,,,,,,,,,,,,,,,,LJEW005
Smooth Ring,,,,171,2350,10,1,8,819,99,581,,,,,,,,,,,,,22,3,,,,,,,,,,,,,,,,,,LJEW006
Amulet Ring,,,,171,2350,10,1,8,6336,99,581,,,,,,,,,,,,,21,3,,,,,,,,,,,,,,,,,,LJEW007
Glass Ring,,,,171,2050,10,1,8,6337,99,581,,,,,,,,,,,,,26,2,,,,,,,,,,,,,,,,,,LJEW008
Pointed Ring,,,,171,2050,10,1,8,820,99,581,,,,,,,,,,,,,18,3,,,,,,,,,,,,,,,,,,LJEW009
Solid Ring,,,,171,2350,10,1,8,6340,99,581,,,,,,,,,,,,,19,3,,,,,,,,,,,,,,,,,,LJEW010
Glamour Ring,,,,171,7700,10,1,16,821,99,581,,,,,,,,,,,,,14,5,,,,,,,,,,,,,,,,,,LJEW011
Charming Ring,,,,171,8000,10,1,18,6321,99,581,,,,,,,,,,,,,14,5,,,,,,,,,,,,,,,,,,LJEW012
Talisman Ring,,,,171,13600,10,1,20,6345,99,581,,,,,,,,,,,,,21,9,,,,,,,,,,,,,,,,,,LJEW013
Recovery Ring,,,,171,12700,10,1,22,6329,99,581,,,,,,,,,,,,,27,4,,,,,,,,,,,,,,,,,,LJEW014
Meditation Ring,,,,171,13200,10,1,24,822,99,581,,,,,,,,,,,,,28,4,,,,,,,,,,,,,,,,,,LJEW015
Precision Ring,,,,171,26950,10,1,26,824,99,581,,,,,,,,,,,,,20,13,,,,,,,,,,,,,,,,,,LJEW016
Alluring Ring,,,,171,26350,10,1,28,824,99,581,,,,,,,,,,,,,14,10,,,,,,,,,,,,,,,,,,LJEW017
Fascinating Ring,,,,171,31650,10,1,30,825,99,581,,,,,,,,,,,,,14,11,,,,,,,,,,,,,,,,,,LJEW018
Ring of Magic,,,,171,46400,10,1,32,825,99,581,,,,,,,,,,,,,21,17,,,,,,,,,,,,,,,,,,LJEW019
Lizard Ring,,,,171,33900,10,1,34,822,99,581,,,,,,,,,,,,,27,7,,,,,,,,,,,,,,,,,,LJEW020
Crackshot Ring,,,,171,70600,10,1,36,826,99,581,,,,,,,,,,,,,20,21,,,,,,,,,,,,,,,,,,LJEW021
Mage Ring,,,,171,43800,10,1,38,826,99,581,,,,,,,,,,,,,28,8,,,,,,,,,,,,,,,,,,LJEW022
Gorgeous Ring,,,,171,82200,10,1,40,6326,99,581,,,,,,,,,,,,,14,18,,,,,,,,,,,,,,,,,,LJEW023
Dazzling Ring,,,,171,92650,10,1,42,850,99,581,,,,,,,,,,,,,14,19,,,,,,,,,,,,,,,,,,LJEW024
Dark Ring,,,,171,139300,10,1,44,6344,99,581,,,,,,,,,,,,,21,29,,,,,,,,,,,,,,,,,,LJEW025
Cure Ring,,,,171,91550,10,1,46,846,99,581,,,,,,,,,,,,,27,12,,,,,,,,,,,,,,,,,,LJEW026
Sage Ring,,,,171,93950,10,1,48,850,99,581,,,,,,,,,,,,,28,12,,,,,,,,,,,,,,,,,,LJEW027
Deadshot Ring,,,,171,222100,10,1,50,847,99,581,,,,,,,,,,,,,20,36,,,,,,,,,,,,,,,,,,LJEW028
Sunset Ring,,,,171,465410,10,1,52,849,99,581,,,,,,,,,,,,,14,28,,21,28,,,,,,,,,,,,,,,LJEW029
Full Moon Ring,,,,171,537750,10,1,54,848,99,581,,,,,,,,,,,,,10,30,,21,30,,,,,,,,,,,,,,,LJEW030
Warrior Ring,,,,171,60000,10,1,45,849,99,581,,,,150,,,,31,50,,,,18,10,,20,15,,5,,,,,,,,,,,,,LJEW031
Stone Ring,,,,171,82200,10,2,50,8838,99,581,,,,,,,,,,,,,38,150,,19,-10,,1,,,,20,-15,,,,,,,,LJEW032
Talisman Ring karitte reward,,,,171,13600,10,1,20,6345,99,581,,,,,,,,,,,,,21,9,,,,,,,,,,,,,,,,,,LJEW033
Ring of Wonder,,,,171,0,0,1,5,9494,99,581,,,,,,,,,,,,,,,,,,,,,,,,,,,,,,,,LJEW034
Daybreaker,,,,171,223650,10,1,50,9807,99,581,,,,,,,,,,,,,145,3,,18,5,,1,,,,,,,,,,,,,LJEW035
Limiter,,,,171,223650,10,1,50,9808,99,581,,,,,,,,,,,,,145,3,,20,5,,1,,,,,,,,,,,,,LJEW036
Shifter,,,,171,223650,10,1,50,9809,99,581,,,,,,,,,,,,,146,3,,24,5,,1,,,,,,,,,,,,,LJEW037
Restrainer,,,,171,223650,10,1,50,9810,99,581,,,,,,,,,,,,,146,3,,26,5,,1,,,,,,,,,,,,,LJEW038
Limit Breaker,,,,171,398800,10,1,50,9811,99,581,31,5,190,35,,,,,,,,,145,5,,18,5,,1,,,,20,5,,,,,,,,LJEW039
Restrain Shifter,,,,171,398800,10,1,50,9812,99,581,31,5,191,35,,,,,,,,,146,5,,24,5,,1,,,,26,5,,,,,,,,LJEW040
Sovereign's Treasure,,,,171,556400,10,1,50,9813,99,581,31,5,192,35,,,,,,,,,144,7,,18,5,,1,,,,20,5,24,5,,,,,,LJEW041
Transcendence Ring,,35,,171,998000,10,1,50,9844,99,581,31,5,194,5,,,,,,,,,144,10,,18,12,,1,,,,20,10,24,15,,,,,,LJEW042
,,,,,,,,,,,,,,,,,,,,,,,,,,,,,,,,,,,,,,,,,,,
,,,,,,,,,,,,,,,,,,,,,,,,,,,,,,,,,,,,,,,,,,,
,,,,,,,,,,,,,,,,,,,,,,,,,,,,,,,,,,,,,,,,,,,
,,,,,,,,,,,,,,,,,,,,,,,,,,,,,,,,,,,,,,,,,,,
,,,,,,,,,,,,,,,,,,,,,,,,,,,,,,,,,,,,,,,,,,,
,,,,,,,,,,,,,,,,,,,,,,,,,,,,,,,,,,,,,,,,,,,
,,,,,,,,,,,,,,,,,,,,,,,,,,,,,,,,,,,,,,,,,,,
,,,,,,,,,,,,,,,,,,,,,,,,,,,,,,,,,,,,,,,,,,,
,,,,,,,,,,,,,,,,,,,,,,,,,,,,,,,,,,,,,,,,,,,
,,,,,,,,,,,,,,,,,,,,,,,,,,,,,,,,,,,,,,,,,,,
,,,,,,,,,,,,,,,,,,,,,,,,,,,,,,,,,,,,,,,,,,,
,,,,,,,,,,,,,,,,,,,,,,,,,,,,,,,,,,,,,,,,,,,
,,,,,,,,,,,,,,,,,,,,,,,,,,,,,,,,,,,,,,,,,,,
,,,,,,,,,,,,,,,,,,,,,,,,,,,,,,,,,,,,,,,,,,,
,,,,,,,,,,,,,,,,,,,,,,,,,,,,,,,,,,,,,,,,,,,
,,,,,,,,,,,,,,,,,,,,,,,,,,,,,,,,,,,,,,,,,,,
,,,,,,,,,,,581,,,,,,,,,,,,,,,,,,,,,,,,,,,,,,,,
,,,,,,,,,,,581,,,,,,,,,,,,,,,,,,,,,,,,,,,,,,,,
,,,,,,,,,,,581,,,,,,,,,,,,,,,,,,,,,,,,,,,,,,,,
,,,,,,,,,,,581,,,,,,,,,,,,,,,,,,,,,,,,,,,,,,,,
,,,,,,,,,,,581,,,,,,,,,,,,,,,,,,,,,,,,,,,,,,,,
,,,,,,,,,,,581,,,,,,,,,,,,,,,,,,,,,,,,,,,,,,,,
,,,,,,,,,,,581,,,,,,,,,,,,,,,,,,,,,,,,,,,,,,,,
,,,,,,,,,,,581,,,,,,,,,,,,,,,,,,,,,,,,,,,,,,,,
,,,,,,,,,,,581,,,,,,,,,,,,,,,,,,,,,,,,,,,,,,,,
,,,,,,,,,,,581,,,,,,,,,,,,,,,,,,,,,,,,,,,,,,,,
,,,,,,,,,,,581,,,,,,,,,,,,,,,,,,,,,,,,,,,,,,,,
,,,,,,,,,,,581,,,,,,,,,,,,,,,,,,,,,,,,,,,,,,,,
,,,,,,,,,,,581,,,,,,,,,,,,,,,,,,,,,,,,,,,,,,,,
,,,,,,,,,,,581,,,,,,,,,,,,,,,,,,,,,,,,,,,,,,,,
,,,,,,,,,,,581,,,,,,,,,,,,,,,,,,,,,,,,,,,,,,,,
,,,,,,,,,,,581,,,,,,,,,,,,,,,,,,,,,,,,,,,,,,,,
,,,,,,,,,,,581,,,,,,,,,,,,,,,,,,,,,,,,,,,,,,,,
,,,,,,,,,,,581,,,,,,,,,,,,,,,,,,,,,,,,,,,,,,,,
,,,,,,,,,,,581,,,,,,,,,,,,,,,,,,,,,,,,,,,,,,,,
,,,,,,,,,,,581,,,,,,,,,,,,,,,,,,,,,,,,,,,,,,,,
,,,,,,,,,,,581,,,,,,,,,,,,,,,,,,,,,,,,,,,,,,,,
,,,,,,,,,,,581,,,,,,,,,,,,,,,,,,,,,,,,,,,,,,,,
Shining Necklace,,,,172,4150,10,1,8,884,95,581,,,,,,,,,,,,,14,2,,,,,,,,,,,,,,,,,,LJEW081
Light Necklace,,,,172,4150,10,1,8,6324,95,581,,,,,,,,,,,,,11,2,,,,,,,,,,,,,,,,,,LJEW082
Textual Necklace,,,,172,4150,10,1,8,884,95,581,,,,,,,,,,,,,12,2,,,,,,,,,,,,,,,,,,LJEW083
Fine Necklace,,,,172,4150,10,1,8,6318,95,581,,,,,,,,,,,,,15,2,,,,,,,,,,,,,,,,,,LJEW084
Pierced Necklace,,,,172,4750,10,1,8,885,95,581,,,,,,,,,,,,,20,3,,,,,,,,,,,,,,,,,,LJEW085
Glass Necklace,,,,172,4150,10,1,8,6339,95,581,,,,,,,,,,,,,26,2,,,,,,,,,,,,,,,,,,LJEW086
Smooth Necklace,,,,172,4750,10,1,8,885,95,581,,,,,,,,,,,,,22,3,,,,,,,,,,,,,,,,,,LJEW087
Pointed Necklace,,,,172,4100,10,1,8,6341,95,581,,,,,,,,,,,,,18,3,,,,,,,,,,,,,,,,,,LJEW088
Solid Necklace,,,,172,4750,10,1,8,6349,95,581,,,,,,,,,,,,,19,3,,,,,,,,,,,,,,,,,,LJEW089
Amulet Necklace,,,,172,4750,10,1,8,6331,95,581,,,,,,,,,,,,,21,3,,,,,,,,,,,,,,,,,,LJEW090
Glamour Necklace,,,,172,15350,10,1,16,887,95,581,,,,,,,,,,,,,14,5,,,,,,,,,,,,,,,,,,LJEW091
Charming Necklace,,,,172,16000,10,1,18,6322,95,581,,,,,,,,,,,,,14,5,,,,,,,,,,,,,,,,,,LJEW092
Talisman Necklace,,,,172,27200,10,1,20,6347,95,581,,,,,,,,,,,,,21,9,,,,,,,,,,,,,,,,,,LJEW093
Recovery Necklace,,,,172,25400,10,1,22,887,95,581,,,,,,,,,,,,,27,4,,,,,,,,,,,,,,,,,,LJEW094
Meditation Necklace,,,,172,26400,10,1,24,888,95,581,,,,,,,,,,,,,28,4,,,,,,,,,,,,,,,,,,LJEW095
Evasion Necklace,,,,172,54000,10,1,26,890,95,581,,,,,,,,,,,,,22,13,,,,,,,,,,,,,,,,,,LJEW096
Alluring Necklace,,,,172,52700,10,1,28,892,95,581,,,,,,,,,,,,,14,10,,,,,,,,,,,,,,,,,,LJEW097
Fascinating Necklace,,,,172,63200,10,1,30,891,95,581,,,,,,,,,,,,,14,11,,,,,,,,,,,,,,,,,,LJEW098
Necklace of Magic,,,,172,92800,10,1,32,891,95,581,,,,,,,,,,,,,21,17,,,,,,,,,,,,,,,,,,LJEW099
Lizard Necklace,,,,172,67750,10,1,34,898,95,581,,,,,,,,,,,,,27,7,,,,,,,,,,,,,,,,,,LJEW100
Mage Necklace,,,,172,85050,10,1,36,895,95,581,,,,,,,,,,,,,28,8,,,,,,,,,,,,,,,,,,LJEW101
Lucky Necklace,,,,172,170250,10,1,38,893,95,581,,,,,,,,,,,,,22,23,,,,,,,,,,,,,,,,,,LJEW102
Gorgeous Necklace,,,,172,164450,10,1,40,10166,95,581,,,,,,,,,,,,,14,18,,,,,,,,,,,,,,,,,,LJEW103
Dazzling Necklace,,,,172,185300,10,1,42,899,95,581,,,,,,,,,,,,,14,19,,,,,,,,,,,,,,,,,,LJEW104
Dark Necklace,,,,172,278550,10,1,44,895,95,581,,,,,,,,,,,,,21,29,,,,,,,,,,,,,,,,,,LJEW105
Cure Necklace,,,,172,183050,10,1,46,897,95,581,,,,,,,,,,,,,27,12,,,,,,,,,,,,,,,,,,LJEW106
Sage Necklace,,,,172,187900,10,1,48,897,95,581,,,,,,,,,,,,,28,12,,,,,,,,,,,,,,,,,,LJEW107
Shadow Necklace,,,,172,444200,10,1,50,895,95,581,,,,,,,,,,,,,22,36,,,,,,,,,,,,,,,,,,LJEW108
Sunset Necklace,,,,172,821060,10,1,52,894,95,581,,,,,,,,,,,,,14,28,,21,28,,,,,,,,,,,,,,,LJEW109
Full Moon Necklace,,,6,172,9495,10,1,50,893,95,581,,,,,,,,,,,,,14,25,,19,12,,,,,,,,,,,,,,,LJEW110
,,,,,,,,,884,95,581,,,,,,,,,,,,,,,,,,,,,,,,,,,,,,,,
,,,,,,,,,884,95,581,,,,,,,,,,,,,,,,,,,,,,,,,,,,,,,,
,,,,,,,,,884,95,581,,,,,,,,,,,,,,,,,,,,,,,,,,,,,,,,
,,,,,,,,,884,95,581,,,,,,,,,,,,,,,,,,,,,,,,,,,,,,,,
,,,,,,,,,884,95,581,,,,,,,,,,,,,,,,,,,,,,,,,,,,,,,,
,,,,,,,,,884,95,581,,,,,,,,,,,,,,,,,,,,,,,,,,,,,,,,
,,,,,,,,,884,95,581,,,,,,,,,,,,,,,,,,,,,,,,,,,,,,,,
,,,,,,,,,884,95,581,,,,,,,,,,,,,,,,,,,,,,,,,,,,,,,,
,,,,,,,,,884,95,581,,,,,,,,,,,,,,,,,,,,,,,,,,,,,,,,
,,,,,,,,,884,95,581,,,,,,,,,,,,,,,,,,,,,,,,,,,,,,,,
,,,,,,,,,,,581,,,,,,,,,,,,,,,,,,,,,,,,,,,,,,,,
,,,,,,,,,,,581,,,,,,,,,,,,,,,,,,,,,,,,,,,,,,,,
,,,,,,,,,,,581,,,,,,,,,,,,,,,,,,,,,,,,,,,,,,,,
,,,,,,,,,,,581,,,,,,,,,,,,,,,,,,,,,,,,,,,,,,,,
,,,,,,,,,,,581,,,,,,,,,,,,,,,,,,,,,,,,,,,,,,,,
,,,,,,,,,,,581,,,,,,,,,,,,,,,,,,,,,,,,,,,,,,,,
,,,,,,,,,,,581,,,,,,,,,,,,,,,,,,,,,,,,,,,,,,,,
,,,,,,,,,,,581,,,,,,,,,,,,,,,,,,,,,,,,,,,,,,,,
,,,,,,,,,,,581,,,,,,,,,,,,,,,,,,,,,,,,,,,,,,,,
,,,,,,,,,,,581,,,,,,,,,,,,,,,,,,,,,,,,,,,,,,,,
,,,,,,,,,,,581,,,,,,,,,,,,,,,,,,,,,,,,,,,,,,,,
,,,,,,,,,,,581,,,,,,,,,,,,,,,,,,,,,,,,,,,,,,,,
,,,,,,,,,,,581,,,,,,,,,,,,,,,,,,,,,,,,,,,,,,,,
,,,,,,,,,,,581,,,,,,,,,,,,,,,,,,,,,,,,,,,,,,,,
,,,,,,,,,,,581,,,,,,,,,,,,,,,,,,,,,,,,,,,,,,,,
,,,,,,,,,,,581,,,,,,,,,,,,,,,,,,,,,,,,,,,,,,,,
,,,,,,,,,,,581,,,,,,,,,,,,,,,,,,,,,,,,,,,,,,,,
,,,,,,,,,,,581,,,,,,,,,,,,,,,,,,,,,,,,,,,,,,,,
,,,,,,,,,,,581,,,,,,,,,,,,,,,,,,,,,,,,,,,,,,,,
,,,,,,,,,,,581,,,,,,,,,,,,,,,,,,,,,,,,,,,,,,,,
,,,,,,,,,,,581,,,,,,,,,,,,,,,,,,,,,,,,,,,,,,,,
,,,,,,,,,,,581,,,,,,,,,,,,,,,,,,,,,,,,,,,,,,,,
,,,,,,,,,,,581,,,,,,,,,,,,,,,,,,,,,,,,,,,,,,,,
,,,,,,,,,,,581,,,,,,,,,,,,,,,,,,,,,,,,,,,,,,,,
,,,,,,,,,,,581,,,,,,,,,,,,,,,,,,,,,,,,,,,,,,,,
,,,,,,,,,,,581,,,,,,,,,,,,,,,,,,,,,,,,,,,,,,,,
,,,,,,,,,,,581,,,,,,,,,,,,,,,,,,,,,,,,,,,,,,,,
,,,,,,,,,,,581,,,,,,,,,,,,,,,,,,,,,,,,,,,,,,,,
,,,,,,,,,,,581,,,,,,,,,,,,,,,,,,,,,,,,,,,,,,,,
,,,,,,,,,,,581,,,,,,,,,,,,,,,,,,,,,,,,,,,,,,,,
Shining Earring,,,,173,4150,10,1,8,858,97,581,,,,,,,,,,,,,14,2,,,,,,,,,,,,,,,,,,LJEW151
Light Earring,,,,173,4150,10,1,8,6325,97,581,,,,,,,,,,,,,11,2,,,,,,,,,,,,,,,,,,LJEW152
Textual Earring,,,,173,4150,10,1,8,858,97,581,,,,,,,,,,,,,12,2,,,,,,,,,,,,,,,,,,LJEW153
Heavy Earring,,,,173,4150,10,1,8,6328,97,581,,,,,,,,,,,,,10,2,,,,,,,,,,,,,,,,,,LJEW154
Pierced Earring,,,,173,4750,10,1,8,859,97,581,,,,,,,,,,,,,20,3,,,,,,,,,,,,,,,,,,LJEW155
Glass Earring,,,,173,4150,10,1,8,6338,97,581,,,,,,,,,,,,,26,2,,,,,,,,,,,,,,,,,,LJEW156
Smooth Earring,,,,173,4750,10,1,8,860,97,581,,,,,,,,,,,,,22,3,,,,,,,,,,,,,,,,,,LJEW157
Pointed Earring,,,,173,4100,10,1,8,6342,97,581,,,,,,,,,,,,,18,3,,,,,,,,,,,,,,,,,,LJEW158
Solid Earring,,,,173,4750,10,1,8,6348,97,581,,,,,,,,,,,,,19,3,,,,,,,,,,,,,,,,,,LJEW159
Amulet Earring,,,,173,4750,10,1,8,6332,97,581,,,,,,,,,,,,,21,3,,,,,,,,,,,,,,,,,,LJEW160
Glamour Earring,,,,173,15350,10,1,16,861,97,581,,,,,,,,,,,,,14,5,,,,,,,,,,,,,,,,,,LJEW161
Charming Earring,,,,173,16000,10,1,18,6320,97,581,,,,,,,,,,,,,14,5,,,,,,,,,,,,,,,,,,LJEW162
Talisman Earring,,,,173,27200,10,1,20,6346,97,581,,,,,,,,,,,,,21,9,,,,,,,,,,,,,,,,,,LJEW163
Recovery Earring,,,,173,25400,10,1,22,862,97,581,,,,,,,,,,,,,27,4,,,,,,,,,,,,,,,,,,LJEW164
Meditation Earring,,,,173,26400,10,1,24,861,97,581,,,,,,,,,,,,,28,4,,,,,,,,,,,,,,,,,,LJEW165
Critical Earring,,,,173,43350,10,1,26,863,97,581,,,,,,,,,,,,,26,9,,,,,,,,,,,,,,,,,,LJEW166
Alluring Earring,,,,173,52700,10,1,28,862,97,581,,,,,,,,,,,,,14,10,,,,,,,,,,,,,,,,,,LJEW167
Fascinating Earring,,,,173,63200,10,1,30,862,97,581,,,,,,,,,,,,,14,11,,,,,,,,,,,,,,,,,,LJEW168
Earring of Magic,,,,173,92800,10,1,32,862,97,581,,,,,,,,,,,,,21,17,,,,,,,,,,,,,,,,,,LJEW169
Lizard Earring,,,,173,67750,10,1,34,861,97,581,,,,,,,,,,,,,27,7,,,,,,,,,,,,,,,,,,LJEW170
Mage Earring,,,,173,85050,10,1,36,863,97,581,,,,,,,,,,,,,28,8,,,,,,,,,,,,,,,,,,LJEW171
Deadly Earring,,,,173,131150,10,1,38,863,97,581,,,,,,,,,,,,,26,16,,,,,,,,,,,,,,,,,,LJEW172
Gorgeous Earring,,,,173,164450,10,1,40,10164,97,581,,,,,,,,,,,,,14,18,,,,,,,,,,,,,,,,,,LJEW173
Dazzling Earring,,,,173,185300,10,1,42,876,97,581,,,,,,,,,,,,,14,19,,,,,,,,,,,,,,,,,,LJEW174
Dark Earring,,,,173,278550,10,1,44,864,97,581,,,,,,,,,,,,,21,29,,,,,,,,,,,,,,,,,,LJEW175
Cure Earring,,,,173,183050,10,1,46,869,97,581,,,,,,,,,,,,,27,12,,,,,,,,,,,,,,,,,,LJEW176
Sage Earring,,,,173,187900,10,1,48,869,97,581,,,,,,,,,,,,,28,12,,,,,,,,,,,,,,,,,,LJEW177
Assassin Earring,,,,173,354300,10,1,50,865,97,581,,,,,,,,,,,,,26,26,,,,,,,,,,,,,,,,,,LJEW178
Noble Lady's Earring,,,,173,414000,10,1,52,867,97,581,,,,,,,,,,,,,14,28,,,,,,,,,,,,,,,,,,LJEW179
Angel Earring,,,,173,479550,10,1,54,869,97,581,,,,,,,,,,,,,14,30,,,,,,,,,,,,,,,,,,LJEW180
Holy Earring,,,,173,689450,10,1,56,868,97,581,,,,,,,,,,,,,21,44,,,,,,,,,,,,,,,,,,LJEW181
Tranquil Earring,,,,173,374750,10,1,58,869,97,581,,,,,,,,,,,,,27,17,,,,,,,,,,,,,,,,,,LJEW182
Silence Earring,,,,173,422000,10,1,60,868,97,581,,,,,,,,,,,,,28,18,,,,,,,,,,,,,,,,,,LJEW183
One-Shot Earring,,,,173,804900,10,1,62,865,97,581,,,,,,,,,,,,,26,38,,,,,,,,,,,,,,,,,,LJEW184
Twinkling,,,,173,903250,10,1,64,872,97,581,,,,,,,,,,,,,14,40,,,,,,,,,,,,,,,,,,LJEW185
Siren's Song,,,,173,1008850,10,1,66,873,97,581,,,,,,,,,,,,,14,42,,,,,,,,,,,,,,,,,,LJEW186
Silver Earring,,,,173,1489500,10,1,68,871,97,581,,,,,,,,,,,,,21,62,,,,,,,,,,,,,,,,,,LJEW187
Holy Spirit's Earring,,,,173,768900,10,1,70,873,97,581,,,,,,,,,,,,,27,24,,,,,,,,,,,,,,,,,,LJEW188
Saint's Earring,,,,173,842400,10,1,72,871,97,581,,,,,,,,,,,,,28,25,,,,,,,,,,,,,,,,,,LJEW189
Death Blow,,,,173,1623350,10,1,74,872,97,581,,,,,,,,,,,,,26,52,,,,,,,,,,,,,,,,,,LJEW190
Earrings of Punishment,,,,173,245440,10,1,76,8665,97,581,,,,,,,,,,,,,18,12,,24,10,,1,,,,38,-150,19,-15,,,,,,LJEW191
,,,,,,,,,,,,,,,,,,,,,,,,,,,,,,,,,,,,,,,,,,,
,,,,,,,,,,,,,,,,,,,,,,,,,,,,,,,,,,,,,,,,,,,
,,,,,,,,,,,,,,,,,,,,,,,,,,,,,,,,,,,,,,,,,,,
,,,,,,,,,,,,,,,,,,,,,,,,,,,,,,,,,,,,,,,,,,,
,,,,,,,,,,,,,,,,,,,,,,,,,,,,,,,,,,,,,,,,,,,
,,,,,,,,,,,,,,,,,,,,,,,,,,,,,,,,,,,,,,,,,,,
,,,,,,,,,,,,,,,,,,,,,,,,,,,,,,,,,,,,,,,,,,,
,,,,,,,,,,,,,,,,,,,,,,,,,,,,,,,,,,,,,,,,,,,
,,,,,,,,,,,,,,,,,,,,,,,,,,,,,,,,,,,,,,,,,,,
Ring of River,,,,171,82200,10,1,40,828,99,581,,,,,,,,,,,,,22,10,,,,,,,,,,,,,,,,,,LJEW201
Ring of Gale,,,,171,82200,10,1,40,854,99,581,,,,,,,,,,,,,24,7,,,,,,,,,,,,,,,,,,LJEW202
Ring of Stone,,,,171,82200,10,1,40,830,99,581,,,,,,,,,,,,,19,12,,,,,,,,,,,,,,,,,,LJEW203
Ring of Flame,,,,171,82200,10,1,40,829,99,581,,,,,,,,,,,,,18,10,,,,,,,,,,,,,,,,,,LJEW204
Ring of the Sea,,,,171,356800,10,1,40,846,99,581,,,,,,,,,,,,,22,18,,39,150,,,,,,,,,,,,,,,LJEW205
Ring of Typhoon,,,,171,356800,10,1,40,848,99,581,,,,,,,,,,,,,24,10,,23,50,,,,,,,,,,,,,,,LJEW206
Ring of Cliff,,,,171,356800,10,1,40,850,99,581,,,,,,,,,,,,,19,24,,38,300,,,,,,,,,,,,,,,LJEW207
Ring of Lava,,,,171,356800,10,1,40,849,99,581,,,,,,,,,,,,,18,15,,20,18,,,,,,,,,,,,,,,LJEW208
Arua Ring,,,,171,646700,10,1,40,847,99,581,,,,,,,,,,,,,18,15,,26,25,,,,,,,,,,,,,,,LJEW209
,,,,,,,,,,,,,,,,,,,,,,,,,,,,,,,,,,,,,,,,,,,
Necklace of River,,,,172,82200,10,1,40,891,95,581,,,,,,,,,,,,,22,12,,,,,,,,,,,,,,,,,,LJEW211
Necklace of Gale,,,,172,82200,10,1,40,901,95,581,,,,,,,,,,,,,24,5,,,,,,,,,,,,,,,,,,LJEW212
Necklace of Stone,,,,172,82200,10,1,40,890,95,581,,,,,,,,,,,,,19,12,,,,,,,,,,,,,,,,,,LJEW213
Necklace of Flame,,,,172,82200,10,1,40,892,95,581,,,,,,,,,,,,,18,15,,,,,,,,,,,,,,,,,,LJEW214
Necklace of the Sea,,,,172,356800,10,1,40,903,95,581,,,,,,,,,,,,,22,25,,39,250,,,,,,,,,,,,,,,LJEW215
Necklace of Typhoon,,,,172,356800,10,1,40,902,95,581,,,,,,,,,,,,,24,10,,23,50,,,,,,,,,,,,,,,LJEW216
Necklace of Cliff,,,,172,356800,10,1,40,893,95,581,,,,,,,,,,,,,19,24,,38,300,,,,,,,,,,,,,,,LJEW217
Necklace of Lava,,,,172,356800,10,1,40,894,95,581,,,,,,,,,,,,,18,15,,20,15,,,,,,,,,,,,,,,LJEW218
Arua Necklace,,,,172,646700,10,1,40,897,95,581,,,,,,,,,,,,,18,15,,26,25,,,,,,,,,,,,,,,LJEW219
,,,,,,,,,,,,,,,,,,,,,,,,,,,,,,,,,,,,,,,,,,,
Earring of River,,,,173,82200,10,1,40,875,97,581,,,,,,,,,,,,,22,12,,,,,,,,,,,,,,,,,,LJEW221
Earring of Gale,,,,173,82200,10,1,40,861,97,581,,,,,,,,,,,,,24,7,,,,,,,,,,,,,,,,,,LJEW222
Earring of Stone,,,,173,82200,10,1,40,863,97,581,,,,,,,,,,,,,19,12,,,,,,,,,,,,,,,,,,LJEW223
Earring of Flame,,,,173,82200,10,1,40,862,97,581,,,,,,,,,,,,,18,15,,,,,,,,,,,,,,,,,,LJEW224
Earring of the Sea,,,,173,356800,10,1,40,864,97,581,,,,,,,,,,,,,22,18,,39,150,,,,,,,,,,,,,,,LJEW225
Earring of Typhoon,,,,173,356800,10,1,40,866,97,581,,,,,,,,,,,,,24,10,,23,50,,,,,,,,,,,,,,,LJEW226
Earring of Cliff,,,,173,356800,10,1,40,876,97,581,,,,,,,,,,,,,19,24,,38,300,,,,,,,,,,,,,,,LJEW227
Earring of Lava,,,,173,356800,10,1,40,865,97,581,,,,,,,,,,,,,18,15,,20,15,,,,,,,,,,,,,,,LJEW228
Arua Earring,,,,173,646700,10,1,40,871,97,581,,,,,,,,,,,,,18,15,,26,30,,,,,,,,,,,,,,,LJEW229
,,,,,,,,,,,,,,,,,,,,,,,,,,,,,,,,,,,,,,,,,,,
,,,,,,,,,,,,,,,,,,,,,,,,,,,,,,,,,,,,,,,,,,,
,,,,,,,,,,,,,,,,,,,,,,,,,,,,,,,,,,,,,,,,,,,
,,,,,,,,,,,,,,,,,,,,,,,,,,,,,,,,,,,,,,,,,,,
,,,,,,,,,,,,,,,,,,,,,,,,,,,,,,,,,,,,,,,,,,,
Socket Ring Battle Royale,,,13,171,0,10,50,20,819,99,581,,,,,,,,,,,,,,,,,,,1,,,,,,,,,,,,,LJEW251
Socket Necklace Battle Royale,,,13,172,0,10,50,20,884,95,581,,,,,,,,,,,,,,,,,,,1,,,,,,,,,,,,,LJEW261
Socket Earring Battle Royale,,,13,173,0,10,50,20,858,97,581,,,,,,,,,,,,,,,,,,,1,,,,,,,,,,,,,LJEW271
,,,,,,,,,,,,,,,,,,,,,,,,,,,,,,,,,,,,,,,,,,,
,,,,,,,,,,,,,,,,,,,,,,,,,,,,,,,,,,,,,,,,,,,
GM Ring,,,6,171,500000,10,1,50,2986,99,581,,,,,,,,,,,,,22,2000,,12,300,,1,,,,,,,,1,,,,,LJEW240
GM Necklace,,,6,172,500000,10,1,50,2987,97,581,,,,,,,,,,,,,24,300,,20,1000,,1,,,,,,,,1,,,,,LJEW241
GM Earing,,,6,173,500000,10,1,50,2988,95,581,,,,,,,,,,,,,18,2500,,23,600,,1,,,,,,,,1,,,,,LJEW242
The OMG Ring,,,6,171,1337,10,1,50,6134,99,581,,,,,,,,,,,,,10,1000,,11,1000,,1,,,,12,1000,13,1000,,,,,,LJEW243
The OMG Necklace,,,6,172,1337,10,1,50,6147,95,581,,,,,,,,,,,,,14,800,,15,1000,,1,,,,38,5000,39,5000,,,,,,LJEW244
The OMG Earring,,,6,173,1337,10,1,50,6160,97,581,,,,,,,,,,,,,23,5000,,24,400,,1,,,,22,2000,20,5000,,,,,,LJEW245
,,,,,,,,,,,,,,,,,,,,,,,,,,,,,,,,,,,,,,,,,,,
,,,,,,,,,,,,,,,,,,,,,,,,,,,,,,,,,,,,,,,,,,,
,,,,,,,,,,,,,,,,,,,,,,,,,,,,,,,,,,,,,,,,,,,
,,,,,,,,,,,,,,,,,,,,,,,,,,,,,,,,,,,,,,,,,,,
,,,,,,,,,,,,,,,,,,,,,,,,,,,,,,,,,,,,,,,,,,,
Socket Ring,,,,171,3000,10,1,20,819,99,581,,,,,,,,,,,,,,,,,,,1,,,,,,,,,,,,,LJEW251
Bronze Socket Ring,,,,171,354800,10,1,30,809,99,581,,,,,,,,,,,,,24,2,,,,,1,,,,,,,,,,,,,LJEW252
Silver Socket Ring,,,,171,435600,10,1,40,810,99,581,,,,,,,,,,,,,18,4,,,,,1,,,,,,,,,,,,,LJEW253
Gold Socket Ring,,,,171,567200,10,1,50,811,99,581,,,,,,,,,,,,,22,6,,,,,1,,,,,,,,,,,,,LJEW254
,,,,,,,,,,,,,,,,,,,,,,,,,,,,,,,,,,,,,,,,,,,
,,,,,,,,,,,,,,,,,,,,,,,,,,,,,,,,,,,,,,,,,,,
,,,,,,,,,,,,,,,,,,,,,,,,,,,,,,,,,,,,,,,,,,,
,,,,,,,,,,,,,,,,,,,,,,,,,,,,,,,,,,,,,,,,,,,
,,,,,,,,,,,,,,,,,,,,,,,,,,,,,,,,,,,,,,,,,,,
,,,,,,,,,,,,,,,,,,,,,,,,,,,,,,,,,,,,,,,,,,,
Socket Necklace,,,,172,2000,10,1,20,884,95,581,,,,,,,,,,,,,,,,,,,1,,,,,,,,,,,,,LJEW261
Bronze Socket Necklace,,,,172,354800,10,1,30,728,95,581,,,,,,,,,,,,,22,2,,,,,1,,,,,,,,,,,,,LJEW262
Silver Socket Necklace,,,,172,435600,10,1,40,729,95,581,,,,,,,,,,,,,19,4,,,,,1,,,,,,,,,,,,,LJEW263
Gold Socket Necklace,,,,172,567200,10,1,50,730,95,581,,,,,,,,,,,,,21,6,,,,,1,,,,,,,,,,,,,LJEW264
,,,,,,,,,,,,,,,,,,,,,,,,,,,,,,,,,,,,,,,,,,,
,,,,,,,,,,,,,,,,,,,,,,,,,,,,,,,,,,,,,,,,,,,
,,,,,,,,,,,,,,,,,,,,,,,,,,,,,,,,,,,,,,,,,,,
,,,,,,,,,,,,,,,,,,,,,,,,,,,,,,,,,,,,,,,,,,,
,,,,,,,,,,,,,,,,,,,,,,,,,,,,,,,,,,,,,,,,,,,
,,,,,,,,,,,,,,,,,,,,,,,,,,,,,,,,,,,,,,,,,,,
Socket Earring,,,,173,2000,10,1,20,858,97,581,,,,,,,,,,,,,,,,,,,1,,,,,,,,,,,,,LJEW271
Bronze Socket Earring,,,,173,354800,10,1,30,731,97,581,,,,,,,,,,,,,29,2,,,,,1,,,,,,,,,,,,,LJEW272
Silver Socket Earring,,,,173,435600,10,1,40,732,97,581,,,,,,,,,,,,,20,4,,,,,1,,,,,,,,,,,,,LJEW273
Gold Socket Earring,,,,173,567200,10,1,50,733,97,581,,,,,,,,,,,,,26,6,,,,,1,,,,,,,,,,,,,LJEW274
,,,,,,,,,,,,,,,,,,,,,,,,,,,,,,,,,,,,,,,,,,,
,,,,,,,,,,,,,,,,,,,,,,,,,,,,,,,,,,,,,,,,,,,
,,,,,,,,,,,,,,,,,,,,,,,,,,,,,,,,,,,,,,,,,,,
,,,,,,,,,,,,,,,,,,,,,,,,,,,,,,,,,,,,,,,,,,,
,,,,,,,,,,,,,,,,,,,,,,,,,,,,,,,,,,,,,,,,,,,
Cornell's Necklace (STR),,,6,172,9450,10,1,8,894,95,581,,,,,,,,,,,,,10,3,,,,,,,,,,,,,,,,,,LJEW281
Cornell's Necklace (DEX),,,6,172,9450,10,1,8,894,95,581,,,,,,,,,,,,,11,3,,,,,,,,,,,,,,,,,,LJEW281
Cornell's Necklace (INT),,,6,172,9450,10,1,8,894,95,581,,,,,,,,,,,,,12,3,,,,,,,,,,,,,,,,,,LJEW281
Cornell's Necklace (CON),,,6,172,9450,10,1,8,894,95,581,,,,,,,,,,,,,13,3,,,,,,,,,,,,,,,,,,LJEW281
Full Moon Necklace,,,6,172,9450,10,1,8,887,95,581,,,,,,,,,,,,,19,12,,,,,,,,,,,,,,,,,,LJEW284
Silence Earring,,,6,173,9450,10,1,8,861,97,581,,,,,,,,,,,,,19,12,,,,,,,,,,,,,,,,,,LJEW285
,,,,,,,,,,,,,,,,,,,,,,,,,,,,,,,,,,,,,,,,,,,
,,,,,,,,,,,,,,,,,,,,,,,,,,,,,,,,,,,,,,,,,,,
,,,,,,,,,,,,,,,,,,,,,,,,,,,,,,,,,,,,,,,,,,,
Berkana Stone Ring Not Used,,,,171,82200,10,1,10,2441,99,581,,,,,,,,,,,,,38,150,,27,10,,1,,,,,,,,,,,,,LJEW289
Shaman Talisman,,,,172,82200,10,1,10,8570,95,581,,,,,,,,,,,,,38,150,,62,10,,1,,,,21,2,14,-8,,,,,,LJEW290
Chained Tumbler Earring,,,,173,82200,10,15,10,2442,97,581,,,,,,,,,,,,,38,150,,18,5,,1,,,,19,7,23,-50,,,,,,LJEW291
Glowing Lens of Dawn,,,6,172,10,10,10,90,9852,97,581,,,,,,,,31,250,,,,,,,,,,,,,,,,,,,,1,,,LJEW292
,,,,,,,,,,,,,,,,,,,,,,,,,,,,,,,,,,,,,,,,,,,
,,,,,,,,,,,,,,,,,,,,,,,,,,,,,,,,,,,,,,,,,,,
,,,,,,,,,,,,,,,,,,,,,,,,,,,,,,,,,,,,,,,,,,,
,,,,,,,,,,,,,,,,,,,,,,,,,,,,,,,,,,,,,,,,,,,
,,,,,,,,,,,,,,,,,,,,,,,,,,,,,,,,,,,,,,,,,,,
,,,,,,,,,,,,,,,,,,,,,,,,,,,,,,,,,,,,,,,,,,,
,,,,,,,,,,,,,,,,,,,,,,,,,,,,,,,,,,,,,,,,,,,
,,,,,,,,,,,,,,,,,,,,,,,,,,,,,,,,,,,,,,,,,,,
Battle Knuckle Ring,,,6,171,100,10,1,22,1456,99,581,,,,6800,,,,,,,,,10,12,,,,,,,,,,,,,,,,,,LJEW301
Battle Necklace,,,6,172,100,10,1,22,1457,95,581,,,,6800,,,,,,,,,10,12,,,,,,,,,,,,,,,,,,LJEW302
Battle Earring,,,6,173,100,10,1,22,1458,97,581,,,,6800,,,,,,,,,10,12,,,,,,,,,,,,,,,,,,LJEW303
Portable Finder Ring,,,6,171,100,10,1,22,1459,99,581,,,,6800,,,,,,,,,11,12,,,,,,,,,,,,,,,,,,LJEW304
Portable Neck Mask,,,6,172,100,10,1,22,1460,95,581,,,,6800,,,,,,,,,11,12,,,,,,,,,,,,,,,,,,LJEW305
Portable Antenna Earring,,,6,173,100,10,1,22,1461,97,581,,,,6800,,,,,,,,,11,12,,,,,,,,,,,,,,,,,,LJEW306
Nature Ring,,,6,171,100,10,1,22,1462,99,581,,,,6800,,,,,,,,,12,12,,,,,,,,,,,,,,,,,,LJEW307
Nature Necklace,,,6,172,100,10,1,22,1463,95,581,,,,6800,,,,,,,,,12,12,,,,,,,,,,,,,,,,,,LJEW308
Nature Earring,,,6,173,100,10,1,22,1464,97,581,,,,6800,,,,,,,,,12,12,,,,,,,,,,,,,,,,,,LJEW309
Luxury Ruby Ring,,,6,171,100,10,1,22,1465,99,581,,,,6800,,,,,,,,,13,12,,,,,,,,,,,,,,,,,,LJEW310
Luxury Ruby Necklace,,,6,172,100,10,1,22,1466,95,581,,,,6800,,,,,,,,,13,12,,,,,,,,,,,,,,,,,,LJEW311
Luxury Ruby Earring,,,6,173,100,10,1,22,1467,97,581,,,,6800,,,,,,,,,13,12,,,,,,,,,,,,,,,,,,LJEW312
Combat Knuckle Ring,,,6,171,100,10,1,22,1469,99,581,,,,13600,,,,,,,,,10,12,,13,6,,,,,,,,,,,,,,,LJEW313
Combat Necklace,,,6,172,100,10,1,22,1470,95,581,,,,13600,,,,,,,,,10,12,,13,6,,,,,,,,,,,,,,,LJEW314
Combat Earring,,,6,173,100,10,1,22,1471,97,581,,,,13600,,,,,,,,,10,12,,13,6,,,,,,,,,,,,,,,LJEW315
Portable Detector Ring,,,6,171,100,10,1,22,1472,99,581,,,,13600,,,,,,,,,11,12,,13,6,,,,,,,,,,,,,,,LJEW316
Portable Sensor Mask,,,6,172,100,10,1,22,1473,95,581,,,,13600,,,,,,,,,11,12,,13,6,,,,,,,,,,,,,,,LJEW317
Portable Radar Earring,,,6,173,100,10,1,22,1474,97,581,,,,13600,,,,,,,,,11,12,,13,6,,,,,,,,,,,,,,,LJEW318
Nature Force Ring,,,6,171,100,10,1,22,1475,99,581,,,,13600,,,,,,,,,12,12,,10,6,,,,,,,,,,,,,,,LJEW319
Nature Force Necklace,,,6,172,100,10,1,22,1476,95,581,,,,13600,,,,,,,,,12,12,,10,6,,,,,,,,,,,,,,,LJEW320
Nature Force Earring,,,6,173,100,10,1,22,1477,97,581,,,,13600,,,,,,,,,12,12,,10,6,,,,,,,,,,,,,,,LJEW321
Luxury Diamond Ring,,,6,171,100,10,1,22,1478,99,581,,,,13600,,,,,,,,,13,12,,10,6,,,,,,,,,,,,,,,LJEW322
Luxury Diamond Necklace,,,6,172,100,10,1,22,1479,95,581,,,,13600,,,,,,,,,13,12,,10,6,,,,,,,,,,,,,,,LJEW323
Luxury Diamond Earring,,,6,173,100,10,1,22,1480,97,581,,,,13600,,,,,,,,,13,12,,10,6,,,,,,,,,,,,,,,LJEW324
,,,,,,,,,,,,,,,,,,,,,,,,,,,,,,,,,,,,,,,,,,,
,,,,,,,,,,,,,,,,,,,,,,,,,,,,,,,,,,,,,,,,,,,
,,,,,,,,,,,,,,,,,,,,,,,,,,,,,,,,,,,,,,,,,,,
,,,,,,,,,,,,,,,,,,,,,,,,,,,,,,,,,,,,,,,,,,,
,,,,,,,,,,,,,,,,,,,,,,,,,,,,,,,,,,,,,,,,,,,
,,,,,,,,,,,,,,,,,,,,,,,,,,,,,,,,,,,,,,,,,,,
,,,,,,,,,,,,,,,,,,,,,,,,,,,,,,,,,,,,,,,,,,,
,,,,,,,,,,,,,,,,,,,,,,,,,,,,,,,,,,,,,,,,,,,
,,,,,,,,,,,,,,,,,,,,,,,,,,,,,,,,,,,,,,,,,,,
,,,,,,,,,,,,,,,,,,,,,,,,,,,,,,,,,,,,,,,,,,,
,,,,,,,,,,,,,,,,,,,,,,,,,,,,,,,,,,,,,,,,,,,
,,,,,,,,,,,,,,,,,,,,,,,,,,,,,,,,,,,,,,,,,,,
,,,,,,,,,,,,,,,,,,,,,,,,,,,,,,,,,,,,,,,,,,,
,,,,,,,,,,,,,,,,,,,,,,,,,,,,,,,,,,,,,,,,,,,
Bronze Ring (STR),,,,171,354800,10,1,30,3163,99,581,,,,,,,,,,,,,10,2,,,,,1,,,,,,,,,,,,,LJEW339
Silver Ring (STR),,,,171,435600,10,1,40,3164,99,581,,,,,,,,,,,,,10,4,,,,,1,,,,,,,,,,,,,LJEW340
Gold Ring (STR),,,,171,567200,10,1,50,3165,99,581,,,,,,,,,,,,,10,6,,,,,1,,,,,,,,,,,,,LJEW341
Platinum Ring (STR),,,,171,675300,10,1,60,3166,99,581,,,,,,,,,,,,,10,6,,38,25,,1,,,,,,,,,,,,,LJEW342
Bronze Earring (STR),,,,173,354800,10,1,30,3133,97,581,,,,,,,,,,,,,10,2,,,,,1,,,,,,,,,,,,,LJEW343
Silver Earring (STR),,,,173,435600,10,1,40,3134,97,581,,,,,,,,,,,,,10,4,,,,,1,,,,,,,,,,,,,LJEW344
Gold Earring (STR),,,,173,567200,10,1,50,3135,97,581,,,,,,,,,,,,,10,6,,,,,1,,,,,,,,,,,,,LJEW345
Platinum Earring (STR),,,,173,675300,10,1,60,3136,97,581,,,,,,,,,,,,,10,6,,38,25,,1,,,,,,,,,,,,,LJEW346
Bronze Necklace (STR),,,,172,354800,10,1,30,3159,95,581,,,,,,,,,,,,,10,2,,,,,1,,,,,,,,,,,,,LJEW347
Silver Necklace (STR),,,,172,435600,10,1,40,3160,95,581,,,,,,,,,,,,,10,4,,,,,1,,,,,,,,,,,,,LJEW348
Gold Necklace (STR),,,,172,567200,10,1,50,3161,95,581,,,,,,,,,,,,,10,6,,,,,1,,,,,,,,,,,,,LJEW349
Platinum Necklace (STR),,,,172,675300,10,1,60,3162,95,581,,,,,,,,,,,,,10,6,,38,25,,1,,,,,,,,,,,,,LJEW350
Bronze Ring (DEX),,,,171,354800,10,1,30,3185,99,581,,,,,,,,,,,,,11,2,,,,,1,,,,,,,,,,,,,LJEW351
Silver Ring (DEX),,,,171,435600,10,1,40,3186,99,581,,,,,,,,,,,,,11,4,,,,,1,,,,,,,,,,,,,LJEW352
Gold Ring (DEX),,,,171,567200,10,1,50,3187,99,581,,,,,,,,,,,,,11,6,,,,,1,,,,,,,,,,,,,LJEW353
Platinum Ring (DEX),,,,171,675300,10,1,60,3188,99,581,,,,,,,,,,,,,11,6,,22,2,,1,,,,,,,,,,,,,LJEW354
Bronze Earring (DEX),,,,173,354800,10,1,30,3141,97,581,,,,,,,,,,,,,11,2,,,,,1,,,,,,,,,,,,,LJEW355
Silver Earring (DEX),,,,173,435600,10,1,40,3142,97,581,,,,,,,,,,,,,11,4,,,,,1,,,,,,,,,,,,,LJEW356
Gold Earring (DEX),,,,173,567200,10,1,50,3143,97,581,,,,,,,,,,,,,11,6,,,,,1,,,,,,,,,,,,,LJEW357
Platinum Earring (DEX),,,,173,675300,10,1,60,3144,97,581,,,,,,,,,,,,,11,6,,22,2,,1,,,,,,,,,,,,,LJEW358
Bronze Necklace (DEX),,,,172,354800,10,1,30,3180,95,581,,,,,,,,,,,,,11,2,,,,,1,,,,,,,,,,,,,LJEW359
Silver Necklace (DEX),,,,172,435600,10,1,40,3181,95,581,,,,,,,,,,,,,11,4,,,,,1,,,,,,,,,,,,,LJEW360
Gold Necklace (DEX),,,,172,567200,10,1,50,3182,95,581,,,,,,,,,,,,,11,6,,,,,1,,,,,,,,,,,,,LJEW361
Platinum Necklace (DEX),,,,172,675300,10,1,60,3183,95,581,,,,,,,,,,,,,11,6,,22,2,,1,,,,,,,,,,,,,LJEW362
Bronze Ring (INT),,,,171,354800,10,1,30,3128,99,581,,,,,,,,,,,,,12,2,,,,,1,,,,,,,,,,,,,LJEW363
Silver Ring (INT),,,,171,435600,10,1,40,3129,99,581,,,,,,,,,,,,,12,4,,,,,1,,,,,,,,,,,,,LJEW364
Gold Ring (INT),,,,171,567200,10,1,50,3130,99,581,,,,,,,,,,,,,12,6,,,,,1,,,,,,,,,,,,,LJEW365
Platinum Ring (INT),,,,171,675300,10,1,60,3131,99,581,,,,,,,,,,,,,12,6,,21,5,,1,,,,,,,,,,,,,LJEW366
Bronze Earring (INT),,,,173,354800,10,1,30,3146,97,581,,,,,,,,,,,,,12,2,,,,,1,,,,,,,,,,,,,LJEW367
Silver Earring (INT),,,,173,435600,10,1,40,3147,97,581,,,,,,,,,,,,,12,4,,,,,1,,,,,,,,,,,,,LJEW368
Gold Earring (INT),,,,173,567200,10,1,50,3148,97,581,,,,,,,,,,,,,12,6,,,,,1,,,,,,,,,,,,,LJEW369
Platinum Earring (INT),,,,173,675300,10,1,60,3149,97,581,,,,,,,,,,,,,12,6,,21,5,,1,,,,,,,,,,,,,LJEW370
Bronze Necklace (INT),,,,172,354800,10,1,30,3150,95,581,,,,,,,,,,,,,12,2,,,,,1,,,,,,,,,,,,,LJEW371
Silver Necklace (INT),,,,172,435600,10,1,40,3151,95,581,,,,,,,,,,,,,12,4,,,,,1,,,,,,,,,,,,,LJEW372
Gold Necklace (INT),,,,172,567200,10,1,50,3152,95,581,,,,,,,,,,,,,12,6,,,,,1,,,,,,,,,,,,,LJEW373
Platinum Necklace (INT),,,,172,675300,10,1,60,3153,95,581,,,,,,,,,,,,,12,6,,21,5,,1,,,,,,,,,,,,,LJEW374
Bronze Ring (CON),,,,171,354800,10,1,30,3115,99,581,,,,,,,,,,,,,13,2,,,,,1,,,,,,,,,,,,,LJEW375
Silver Ring (CON),,,,171,435600,10,1,40,3116,99,581,,,,,,,,,,,,,13,4,,,,,1,,,,,,,,,,,,,LJEW376
Gold Ring (CON),,,,171,567200,10,1,50,3117,99,581,,,,,,,,,,,,,13,6,,,,,1,,,,,,,,,,,,,LJEW377
Platinum Ring (CON),,,,171,675300,10,1,60,3118,99,581,,,,,,,,,,,,,13,6,,20,5,,1,,,,,,,,,,,,,LJEW378
Bronze Earring (CON),,,,173,354800,10,1,30,3176,97,581,,,,,,,,,,,,,13,2,,,,,1,,,,,,,,,,,,,LJEW379
Silver Earring (CON),,,,173,435600,10,1,40,3177,97,581,,,,,,,,,,,,,13,4,,,,,1,,,,,,,,,,,,,LJEW380
Gold Earring (CON),,,,173,567200,10,1,50,3178,97,581,,,,,,,,,,,,,13,6,,,,,1,,,,,,,,,,,,,LJEW381
Platinum Earring (CON),,,,173,675300,10,1,60,3179,97,581,,,,,,,,,,,,,13,6,,20,5,,1,,,,,,,,,,,,,LJEW382
Bronze Necklace (CON),,,,172,354800,10,1,30,3167,95,581,,,,,,,,,,,,,13,2,,,,,1,,,,,,,,,,,,,LJEW383
Silver Necklace (CON),,,,172,435600,10,1,40,3168,95,581,,,,,,,,,,,,,13,4,,,,,1,,,,,,,,,,,,,LJEW384
Gold Necklace (CON),,,,172,567200,10,1,50,3169,95,581,,,,,,,,,,,,,13,6,,,,,1,,,,,,,,,,,,,LJEW385
Platinum Necklace (CON),,,,172,675300,10,1,60,3170,95,581,,,,,,,,,,,,,13,6,,20,5,,1,,,,,,,,,,,,,LJEW386
Bronze Ring (CHA),,,,171,354800,10,1,30,3193,99,581,,,,,,,,,,,,,14,2,,,,,1,,,,,,,,,,,,,LJEW387
Silver Ring (CHA),,,,171,435600,10,1,40,3194,99,581,,,,,,,,,,,,,14,4,,,,,1,,,,,,,,,,,,,LJEW388
Gold Ring (CHA),,,,171,567200,10,1,50,3195,99,581,,,,,,,,,,,,,14,6,,,,,1,,,,,,,,,,,,,LJEW389
Platinum Ring (CHA),,,,171,675300,10,1,60,3196,99,581,,,,,,,,,,,,,14,6,,24,3,,1,,,,,,,,,,,,,LJEW390
Bronze Earring (CHA),,,,173,354800,10,1,30,3124,97,581,,,,,,,,,,,,,14,2,,,,,1,,,,,,,,,,,,,LJEW391
Silver Earring (CHA),,,,173,435600,10,1,40,3125,97,581,,,,,,,,,,,,,14,4,,,,,1,,,,,,,,,,,,,LJEW392
Gold Earring (CHA),,,,173,567200,10,1,50,3126,97,581,,,,,,,,,,,,,14,6,,,,,1,,,,,,,,,,,,,LJEW393
Platinum Earring (CHA),,,,173,675300,10,1,60,3127,97,581,,,,,,,,,,,,,14,6,,24,3,,1,,,,,,,,,,,,,LJEW394
Bronze Necklace (CHA),,,,172,354800,10,1,30,3137,95,581,,,,,,,,,,,,,14,2,,,,,1,,,,,,,,,,,,,LJEW395
Silver Necklace (CHA),,,,172,435600,10,1,40,3138,95,581,,,,,,,,,,,,,14,4,,,,,1,,,,,,,,,,,,,LJEW396
Gold Necklace (CHA),,,,172,567200,10,1,50,3139,95,581,,,,,,,,,,,,,14,6,,,,,1,,,,,,,,,,,,,LJEW397
Platinum Necklace (CHA),,,,172,675300,10,1,60,3140,95,581,,,,,,,,,,,,,14,6,,24,3,,1,,,,,,,,,,,,,LJEW398
Bronze Ring (SEN),,,,171,354800,10,1,30,3120,99,581,,,,,,,,,,,,,15,2,,,,,1,,,,,,,,,,,,,LJEW399
Silver Ring (SEN),,,,171,435600,10,1,40,3121,99,581,,,,,,,,,,,,,15,4,,,,,1,,,,,,,,,,,,,LJEW400
Gold Ring (SEN),,,,171,567200,10,1,50,3122,99,581,,,,,,,,,,,,,15,6,,,,,1,,,,,,,,,,,,,LJEW401
Platinum Ring (SEN),,,,171,675300,10,1,60,3123,99,581,,,,,,,,,,,,,15,6,,26,2,,1,,,,,,,,,,,,,LJEW402
Bronze Earring (SEN),,,,173,354800,10,1,30,3189,97,581,,,,,,,,,,,,,15,2,,,,,1,,,,,,,,,,,,,LJEW403
Silver Earring (SEN),,,,173,435600,10,1,40,3190,97,581,,,,,,,,,,,,,15,4,,,,,1,,,,,,,,,,,,,LJEW404
Gold Earring (SEN),,,,173,567200,10,1,50,3191,97,581,,,,,,,,,,,,,15,6,,,,,1,,,,,,,,,,,,,LJEW405
Platinum Earring (SEN),,,,173,675300,10,1,60,3192,97,581,,,,,,,,,,,,,15,6,,26,2,,1,,,,,,,,,,,,,LJEW406
Bronze Necklace (SEN),,,,172,354800,10,1,30,3154,95,581,,,,,,,,,,,,,15,2,,,,,1,,,,,,,,,,,,,LJEW407
Silver Necklace (SEN),,,,172,435600,10,1,40,3155,95,581,,,,,,,,,,,,,15,4,,,,,1,,,,,,,,,,,,,LJEW408
Gold Necklace (SEN),,,,172,567200,10,1,50,3156,95,581,,,,,,,,,,,,,15,6,,,,,1,,,,,,,,,,,,,LJEW409
Platinum Necklace (SEN),,,,172,675300,10,1,60,3157,95,581,,,,,,,,,,,,,15,6,,26,2,,1,,,,,,,,,,,,,LJEW410
,,,,,,,,,,,,,,,,,,,,,,,,,,,,,,,,,,,,,,,,,,,
Anubis Ring,,,,171,47897890,10,1,50,5091,99,581,,,,,,,,,,,,,62,5,,,,,1,,,,,,,,,,,,,LJEW412
Anubis Earring,,,,173,47897890,10,1,50,5092,97,581,,,,,,,,,,,,,62,5,,,,,1,,,,,,,,,,,,,LJEW413
Anubis Necklace,,,,172,47897890,10,1,50,5093,95,581,,,,,,,,,,,,,62,5,,,,,1,,,,,,,,,,,,,LJEW414
,,,,,,,,,,,,,,,,,,,,,,,,,,,,,,,,,,,,,,,,,,,
Blessed Anubis Ring,,,,171,51320000,10,1,60,5104,99,581,,,,,,,,,,,,,62,10,,21,8,,1,,,,,,,,,,,,,LJEW416
Blessed Anubis Earring,,,,173,51320000,10,1,60,5105,97,581,,,,,,,,,,,,,62,10,,21,8,,1,,,,,,,,,,,,,LJEW417
Blessed Anubis Necklace,,,,172,51320000,10,1,60,5106,95,581,,,,,,,,,,,,,62,10,,21,8,,1,,,,,,,,,,,,,LJEW418
,,,,,,,,,,,,,,,,,,,,,,,,,,,,,,,,,,,,,,,,,,,
Ring of Virtue,,,,171,82200,10,1,5,6084,99,581,31,1,22,110,,,,,,,,,10,3,,12,2,,1,,,,26,-5,,,,,,,,LJEW420
Earring of Virtue,,,,173,82200,10,1,5,6110,97,581,31,1,22,110,,,,,,,,,10,3,,12,2,,1,,,,26,-5,,,,,,,,LJEW421
Necklace of Virtue,,,,172,82200,10,1,5,6097,95,581,31,1,22,110,,,,,,,,,10,3,,12,2,,1,,,,26,-5,,,,,,,,LJEW422
,,,,,,,,,,,,,,,,,,,,,,,,,,,,,,,,,,,,,,,,,,,
Ring of Glory,,,,171,82200,10,1,5,6085,99,581,31,1,23,110,,,,,,,,,11,3,,15,2,,1,,,,20,-5,,,,,,,,LJEW424
Earring of Glory,,,,173,82200,10,1,5,6111,97,581,31,1,23,110,,,,,,,,,11,3,,15,2,,1,,,,20,-5,,,,,,,,LJEW425
Necklace of Glory,,,,172,82200,10,1,5,6098,95,581,31,1,23,110,,,,,,,,,11,3,,15,2,,1,,,,20,-5,,,,,,,,LJEW426
,,,,,,,,,,,,,,,,,,,,,,,,,,,,,,,,,,,,,,,,,,,
Ring of Knowledge,,,,171,82200,10,1,5,6086,99,581,31,1,24,110,,,,,,,,,12,3,,14,2,,1,,,,24,-3,,,,,,,,LJEW428
Earring of Knowledge,,,,173,82200,10,1,5,6112,97,581,31,1,24,110,,,,,,,,,12,3,,14,2,,1,,,,24,-3,,,,,,,,LJEW429
Necklace of Knowledge,,,,172,82200,10,1,5,6099,95,581,31,1,24,110,,,,,,,,,12,3,,14,2,,1,,,,24,-3,,,,,,,,LJEW430
,,,,,,,,,,,,,,,,,,,,,,,,,,,,,,,,,,,,,,,,,,,
Ring of Bravery,,,,171,82200,10,1,5,6087,99,581,31,1,25,110,,,,,,,,,13,3,,10,2,,1,,,,22,-4,,,,,,,,LJEW432
Earring of Bravery,,,,173,82200,10,1,5,6113,97,581,31,1,25,110,,,,,,,,,13,3,,10,2,,1,,,,22,-4,,,,,,,,LJEW433
Necklace of Bravery,,,,172,82200,10,1,5,6100,95,581,31,1,25,110,,,,,,,,,13,3,,10,2,,1,,,,22,-4,,,,,,,,LJEW434
,,,,,,,,,,,,,,,,,,,,,,,,,,,,,,,,,,,,,,,,,,,
Ring of Sharpness,,,,171,82200,10,1,5,6088,99,581,31,1,26,110,,,,,,,,,14,3,,13,2,,1,,,,21,-6,,,,,,,,LJEW436
Earring of Sharpness,,,,173,82200,10,1,5,6114,97,581,31,1,26,110,,,,,,,,,14,3,,13,2,,1,,,,21,-6,,,,,,,,LJEW437
Necklace of Sharpness,,,,172,82200,10,1,5,6101,95,581,31,1,26,110,,,,,,,,,14,3,,13,2,,1,,,,21,-6,,,,,,,,LJEW438
,,,,,,,,,,,,,,,,,,,,,,,,,,,,,,,,,,,,,,,,,,,
Ring of Imprudence,,,,171,82200,10,1,5,6089,99,581,31,1,27,110,,,,,,,,,15,3,,11,2,,1,,,,19,-6,,,,,,,,LJEW440
Earring of Imprudence,,,,173,82200,10,1,5,6115,97,581,31,1,27,110,,,,,,,,,15,3,,11,2,,1,,,,19,-6,,,,,,,,LJEW441
Necklace of Imprudence,,,,172,82200,10,1,5,6102,95,581,31,1,27,110,,,,,,,,,15,3,,11,2,,1,,,,19,-6,,,,,,,,LJEW442
,,,,,,,,,,,,,,,,,,,,,,,,,,,,,,,,,,,,,,,,,,,
Health Ring,,,,171,82200,10,1,7,6090,99,581,31,2,28,140,,,,,,,,,38,50,,39,50,,1,,,,19,-12,23,-30,,,,,,LJEW444
Health Earring,,,,173,82200,10,1,7,6116,97,581,31,2,28,140,,,,,,,,,38,50,,39,50,,1,,,,19,-12,23,-30,,,,,,LJEW445
Health Necklace,,,,172,82200,10,1,7,6103,95,581,31,2,28,140,,,,,,,,,38,50,,39,50,,1,,,,19,-12,23,-30,,,,,,LJEW446
,,,,,,,,,,,,,,,,,,,,,,,,,,,,,,,,,,,,,,,,,,,
Tactician Ring,,,,171,82200,10,1,7,6091,99,581,31,2,29,140,,,,,,,,,19,8,,20,5,,1,,,,22,-9,38,-40,,,,,,LJEW448
Tactician Earring,,,,173,82200,10,1,7,6117,97,581,31,2,29,140,,,,,,,,,19,8,,20,5,,1,,,,22,-9,38,-40,,,,,,LJEW449
Tactician Necklace,,,,172,82200,10,1,7,6104,95,581,31,2,29,140,,,,,,,,,19,8,,20,5,,1,,,,22,-9,38,-40,,,,,,LJEW450
,,,,,,,,,,,,,,,,,,,,,,,,,,,,,,,,,,,,,,,,,,,
Ring of the Skilled,,,,171,82200,10,1,7,6092,99,581,31,2,30,140,,,,,,,,,22,6,,23,30,,1,,,,21,-10,20,-7,,,,,,LJEW452
Earring of the Skilled,,,,173,82200,10,1,7,6118,97,581,31,2,30,140,,,,,,,,,22,6,,23,30,,1,,,,21,-10,20,-7,,,,,,LJEW453
Necklace of the Skilled,,,,172,82200,10,1,7,6105,95,581,31,2,30,140,,,,,,,,,22,6,,23,30,,1,,,,21,-10,20,-7,,,,,,LJEW454
,,,,,,,,,,,,,,,,,,,,,,,,,,,,,,,,,,,,,,,,,,,
Vigorous Ring,,,,171,82200,10,1,10,6093,99,581,31,3,31,180,,,,,,,,,11,4,,20,5,,1,,,,15,-8,,,,,,,,LJEW456
Vigorous Earring,,,,173,82200,10,1,10,6119,97,581,31,3,31,180,,,,,,,,,11,4,,20,5,,1,,,,15,-8,,,,,,,,LJEW457
Vigorous Necklace,,,,172,82200,10,1,10,6106,95,581,31,3,31,180,,,,,,,,,11,4,,20,5,,1,,,,15,-8,,,,,,,,LJEW458
,,,,,,,,,,,,,,,,,,,,,,,,,,,,,,,,,,,,,,,,,,,
Storm Ring,,,,171,82200,10,1,10,6094,99,581,31,3,32,180,,,,,,,,,10,4,,21,7,,1,,,,15,-8,,,,,,,,LJEW460
Storm Earring,,,,173,82200,10,1,10,6120,97,581,31,3,32,180,,,,,,,,,10,4,,21,7,,1,,,,15,-8,,,,,,,,LJEW461
Storm Necklace,,,,172,82200,10,1,10,6107,95,581,31,3,32,180,,,,,,,,,10,4,,21,7,,1,,,,15,-8,,,,,,,,LJEW462
,,,,,,,,,,,,,,,,,,,,,,,,,,,,,,,,,,,,,,,,,,,
Ring of Sins,,,,171,82200,10,1,12,6095,99,581,31,4,33,220,,,,,,,,,18,6,,24,3,,1,,,,13,-5,22,-5,,,,,,LJEW464
Earring of Sins,,,,173,82200,10,1,12,6121,97,581,31,4,33,220,,,,,,,,,18,6,,24,3,,1,,,,13,-5,22,-5,,,,,,LJEW465
Necklace of Sins,,,,172,82200,10,1,12,6108,95,581,31,4,33,220,,,,,,,,,18,6,,24,3,,1,,,,13,-5,22,-5,,,,,,LJEW466
,,,,,,,,,,,,,,,,,,,,,,,,,,,,,,,,,,,,,,,,,,,
Ring of Shivering,,,,171,82200,10,1,12,6123,99,581,31,4,34,220,,,,,,,,,26,6,,21,6,,1,,,,19,-10,22,-5,,,,,,LJEW468
Earring of Shivering,,,,173,82200,10,1,12,6149,97,581,31,4,34,220,,,,,,,,,26,6,,21,6,,1,,,,19,-10,22,-5,,,,,,LJEW469
Necklace of Shivering,,,,172,82200,10,1,12,6136,95,581,31,4,34,220,,,,,,,,,26,6,,21,6,,1,,,,19,-10,22,-5,,,,,,LJEW470
,,,,,,,,,,,,,,,,,,,,,,,,,,,,,,,,,,,,,,,,,,,
Spiritual Ring of Ra,,,,171,82200,10,1,15,6124,99,581,31,5,35,250,,,,,,,,,10,4,,11,4,,1,,,,12,4,13,4,12,,,,,LJEW472
Spiritual Earring of Ra,,,,173,82200,10,1,15,6150,97,581,31,5,35,250,,,,,,,,,10,4,,11,4,,1,,,,12,4,13,4,12,,,,,LJEW473
Spiritual Necklace of Ra,,,,172,82200,10,1,15,6137,95,581,31,5,35,250,,,,,,,,,10,4,,11,4,,1,,,,12,4,13,4,12,,,,,LJEW474
,,,,,,,,,,,,,,,,,,,,,,,,,,,,,,,,,,,,,,,,,,,
Majestic Bone Ring,,,,171,82200,10,1,15,6125,99,581,31,5,36,250,,,,,,,,,20,6,,23,50,,1,,,,14,15,12,-6,,,,,,LJEW476
Majestic Bone Earring,,,,173,82200,10,1,15,6151,97,581,31,5,37,250,,,,,,,,,22,5,,26,3,,1,,,,14,15,10,-6,,,,,,LJEW477
Majestic Bone Necklace,,,,172,82200,10,1,15,6138,95,581,31,5,38,250,,,,,,,,,18,7,,19,9,,1,,,,14,15,15,-6,,,,,,LJEW478
,,,,,,,,,,,,,,,,,,,,,,,,,,,,,,,,,,,,,,,,,,,
Soldier Boost Ring,,,6,171,100,10,1,10,6010,99,581,,,,,,,,,,,,,10,13,,18,8,,,,,,,,,,,,,,,LJEW480
Soldier Boost Earring,,,6,173,100,10,1,10,6011,97,581,,,,,,,,,,,,,10,13,,19,12,,,,,,,,,,,,,,,LJEW481
Soldier Boost Necklace,,,6,172,100,10,1,10,6012,95,581,,,,,,,,,,,,,10,13,,38,100,,,,,,,,,,,,,,,LJEW482
Muse Boost Ring,,,6,171,100,10,1,10,6013,99,581,,,,,,,,,,,,,12,13,,29,13,,,,,,,,,,,,,,,LJEW483
Muse Boost Earring,,,6,173,100,10,1,10,6014,97,581,,,,,,,,,,,,,12,13,,21,12,,,,,,,,,,,,,,,LJEW484
Muse Boost Necklace,,,6,172,100,10,1,10,6015,95,581,,,,,,,,,,,,,12,13,,39,100,,,,,,,,,,,,,,,LJEW485
Hawker Boost Ring,,,6,171,100,10,1,10,6000,99,581,,,,,,,,,,,,,11,13,,24,6,,,,,,,,,,,,,,,LJEW486
Hawker Boost Earring,,,6,173,100,10,1,10,6001,97,581,,,,,,,,,,,,,11,13,,22,10,,,,,,,,,,,,,,,LJEW487
Hawker Boost Necklace,,,6,172,100,10,1,10,6002,95,581,,,,,,,,,,,,,11,13,,23,75,,,,,,,,,,,,,,,LJEW488
Dealer Boost Ring,,,6,171,100,10,1,10,6023,99,581,,,,,,,,,,,,,13,13,,20,12,,,,,,,,,,,,,,,LJEW489
Dealer Boost Earring,,,6,173,100,10,1,10,6024,97,581,,,,,,,,,,,,,13,13,,26,10,,,,,,,,,,,,,,,LJEW490
Dealer Boost Necklace,,,6,172,100,10,1,10,6025,95,581,,,,,,,,,,,,,13,13,,25,100,,,,,,,,,,,,,,,LJEW491
Twisted Ring of Growth,,,,171,100,10,1,10,7736,99,581,31,5,39,230,,,,,,,,,19,2,,21,1,,1,,,,,,,,5,,,,,LJEW492
Twisted Necklace of Growth,,,,172,100,10,1,10,7737,97,581,31,5,39,230,,,,,,,,,19,2,,21,1,,1,,,,,,,,5,,,,,LJEW493
Twisted Earring of Growth,,,,173,100,10,1,10,7738,95,581,31,5,39,230,,,,,,,,,19,2,,21,1,,1,,,,,,,,5,,,,,LJEW494
Enthroning Ice Ring,,,,171,100,10,1,10,8555,99,581,31,5,42,230,,,,,,,,,21,2,,19,1,,1,,,,,,,,15,,,,,LJEW495
Enthroning Ice Necklace,,,,172,100,10,1,10,8556,97,581,31,5,42,230,,,,,,,,,21,2,,19,1,,1,,,,,,,,15,,,,,LJEW496
Enthroning Ice Earring,,,,173,100,10,1,10,8557,95,581,31,5,42,230,,,,,,,,,21,2,,19,1,,1,,,,,,,,15,,,,,LJEW497
,,,,,,,,,,,,,,,,,,,,,,,,,,,,,,,,,,,,,,,,,,,
,,,,,,,,,,,,,,,,,,,,,,,,,,,,,,,,,,,,,,,,,,,
Weapon Effect 1,,,10,480,0,0,0,10,6829,100,581,1,655,,,,,,,,,,,,,,,,,,,,,,,,,,,,,,LJEW500
Weapon Effect 2,,,10,480,0,0,0,10,6830,100,581,1,656,,,,,,,,,,,,,,,,,,,,,,,,,,,,,,LJEW501
Weapon Effect 3,,,10,480,0,0,0,10,6831,100,581,1,657,,,,,,,,,,,,,,,,,,,,,,,,,,,,,,LJEW502
Weapon Effect 4,,,10,480,0,0,0,10,6832,100,581,1,658,,,,,,,,,,,,,,,,,,,,,,,,,,,,,,LJEW503
Weapon Effect 5,,,10,480,0,0,0,10,6833,100,581,1,659,,,,,,,,,,,,,,,,,,,,,,,,,,,,,,LJEW504
Weapon Effect 6,,,10,480,0,0,0,10,6834,100,581,1,660,,,,,,,,,,,,,,,,,,,,,,,,,,,,,,LJEW505
Weapon Effect 7,,,10,480,0,0,0,10,6835,100,581,1,661,,,,,,,,,,,,,,,,,,,,,,,,,,,,,,LJEW506
Weapon Effect 8,,,10,480,0,0,0,10,6836,100,581,1,662,,,,,,,,,,,,,,,,,,,,,,,,,,,,,,LJEW507
Snow Weapon Effect,,,,480,0,0,0,10,6842,100,581,1,663,,,,,,,,,,,,,,,,,,,,,,,,,,,,,,LJEW508
Heart Weapon Effect,,,6,480,0,0,0,10,7376,100,581,1,664,,,,,,,,,,,,,,,,,,,,,,,,,,,,,,LJEW509
Gold Weapon Effect,,,6,480,200000000,0,0,10,7473,100,581,1,665,,,,,,111,10,,,,,,,,,,,,,,,,,,,,,,,LJEW510
Toxic Weapon Effect,,26,6,480,0,0,0,10,7644,100,581,1,666,,,,,,,,,,,,,,,,,,,,,,,,,,,,,,LJEW511
Bat Weapon Effect,,,,480,0,0,0,10,2884,100,581,1,667,,,,,,,,,,,,,,,,,,,,,,,,,,,,,,LJEW512
Ring of Twilight,,,,171,100,10,1,10,9527,99,581,31,5,43,5,,,,,,,,,24,2,,18,1,,1,,,,,,,,,,,,,LJEW513
Necklace of Twilight,,,,172,100,10,1,10,9540,97,581,31,5,43,5,,,,,,,,,24,2,,18,1,,1,,,,,,,,,,,,,LJEW514
Earring or Twilight,,,,173,100,10,1,10,9553,95,581,31,5,43,5,,,,,,,,,24,2,,18,1,,1,,,,,,,,,,,,,LJEW515
Unholy Ring,,,,171,100,10,1,10,9664,99,581,,,,,,,,,,,,,38,5,,,,,1,,,,,,,,21,,,,,LJEW516
Unholy Necklace,,,,172,100,10,1,10,9665,97,581,,,,,,,,,,,,,38,5,,,,,1,,,,,,,,21,,,,,LJEW517
Unholy Earring,,,,173,100,10,1,10,9666,95,581,,,,,,,,,,,,,38,5,,,,,1,,,,,,,,21,,,,,LJEW518
,,,,,,,,,,,,,,,,,,,,,,,,,,,,,,,,,,,,,,,,,,,
Death Effect 1,,,10,481,0,0,0,10,6844,100,581,2,2930,,,,,,,,,,,,,,,,,,,,,,,,,,,,,,LJEW520
Death Effect 2,,,10,481,0,0,0,10,6845,100,581,2,2931,,,,,,,,,,,,,,,,,,,,,,,,,,,,,,LJEW521
Death Effect 3,,,10,481,0,0,0,10,6846,100,581,2,2932,,,,,,,,,,,,,,,,,,,,,,,,,,,,,,LJEW522
Death Effect 4,,,10,481,0,0,0,10,6847,100,581,2,2933,,,,,,,,,,,,,,,,,,,,,,,,,,,,,,LJEW523
Death Effect 5,,,10,481,0,0,0,10,6848,100,581,2,2934,,,,,,,,,,,,,,,,,,,,,,,,,,,,,,LJEW524
Death Effect 6,,,10,481,0,0,0,10,6849,100,581,2,2935,,,,,,,,,,,,,,,,,,,,,,,,,,,,,,LJEW525
Death Effect 7,,,10,481,0,0,0,10,6855,100,581,2,2936,,,,,,,,,,,,,,,,,,,,,,,,,,,,,,LJEW526
Death Effect 8,,,10,481,0,0,0,10,6856,100,581,2,2937,,,,,,,,,,,,,,,,,,,,,,,,,,,,,,LJEW527
Death Effect 9,,,10,481,0,0,0,10,6857,100,581,2,2938,,,,,,,,,,,,,,,,,,,,,,,,,,,,,,LJEW528
Death Effect 10,,,10,481,0,0,0,10,6858,100,581,2,2939,,,,,,,,,,,,,,,,,,,,,,,,,,,,,,LJEW529
Death Effect 11,,,10,481,0,0,0,10,6859,100,581,2,2940,,,,,,,,,,,,,,,,,,,,,,,,,,,,,,LJEW530
Death Effect 12,,,10,481,0,0,0,10,6858,100,581,2,2941,,,,,,,,,,,,,,,,,,,,,,,,,,,,,,LJEW531
Death Effect 13,,,10,481,0,0,0,10,6858,100,581,2,2942,,,,,,,,,,,,,,,,,,,,,,,,,,,,,,LJEW532
Death Effect 14,,,,481,0,0,0,10,6913,100,581,2,2943,,,,,,,,,,,,,,,,,,,,,,,,,,,,,,LJEW533
,,,,,,,,,,,,,,,,,,,,,,,,,,,,,,,,,,,,,,,,,,,
,,,,,,,,,,,,,,,,,,,,,,,,,,,,,,,,,,,,,,,,,,,
,,,,,,,,,,,,,,,,,,,,,,,,,,,,,,,,,,,,,,,,,,,
,,,,,,,,,,,,,,,,,,,,,,,,,,,,,,,,,,,,,,,,,,,
,,,,,,,,,,,,,,,,,,,,,,,,,,,,,,,,,,,,,,,,,,,
,,,,,,,,,,,,,,,,,,,,,,,,,,,,,,,,,,,,,,,,,,,
Yellow Shader,,,6,482,75000000,0,0,10,7450,100,581,1,20,,,,,,111,10,,,,,,,,,,,,,,,,,,,,,,,LJEW540
Pink Shader,,,6,482,75000000,0,0,10,7452,100,581,1,21,,,,,,111,5,,,,,,,,,,,,,,,,,,,,,,,LJEW541
Ice Shader,,,6,482,75000000,0,0,10,7453,100,581,1,22,,,,,,111,5,,,,,,,,,,,,,,,,,,,,,,,LJEW542
Green Shader,,,6,482,75000000,0,0,10,7451,100,581,1,23,,,,,,111,5,,,,,,,,,,,,,,,,,,,,,,,LJEW543
Lala Shader,,,6,482,0,0,0,10,7451,100,581,1,23,,,,,,,,,,,,,,,,,,,,,,,,,,,,,,LJEW544
bebe Shader,,,6,482,0,0,0,10,7452,100,581,1,21,,,,,,,,,,,,,,,,,,,,,,,,,,,,,,LJEW545
Red Shader,,,6,482,75000000,0,0,10,7475,100,581,1,24,,,,,,111,5,,,,,,,,,,,,,,,,,,,,,,,LJEW546
Arumic Shader,,,,482,1000,0,0,10,9217,100,581,1,25,,750,,,,111,5,114,50,,,,,,,,,,,,,,,,,,,,,LJEW547
Ferrell Guild Shader,,,,482,1000,0,0,10,9218,100,581,1,26,,750,,,,111,5,114,50,,,,,,,,,,,,,,,,,,,,,LJEW548
Junon Order Shader,,,,482,1000,0,0,10,9219,100,581,1,27,,750,,,,111,5,114,50,,,,,,,,,,,,,,,,,,,,,LJEW549
Righteous Crusaders Shader,,,,482,1000,0,0,10,9220,100,581,1,28,,750,,,,111,5,114,50,,,,,,,,,,,,,,,,,,,,,LJEW550
,,,,,,,,,,,,,,,,,,,,,,,,,,,,,,,,,,,,,,,,,,,
,,,,,,,,,,,,,,,,,,,,,,,,,,,,,,,,,,,,,,,,,,,
,,,,,,,,,,,,,,,,,,,,,,,,,,,,,,,,,,,,,,,,,,,
,,,,,,,,,,,,,,,,,,,,,,,,,,,,,,,,,,,,,,,,,,,
Body Aura 1,,,6,483,0,0,0,10,9755,100,581,2,1912,,,,,,,,,,,,,,,,,,,,,,,,,,,,,,LJEW555
Body Aura 2,,,6,483,0,0,0,10,9758,100,581,2,1913,,,,,,,,,,,,,,,,,,,,,,,,,,,,,,LJEW556
Body Aura 3,,,6,483,0,0,0,10,9759,100,581,2,1581,,,,,,,,,,,,,,,,,,,,,,,,,,,,,,LJEW557
Body Aura 4,,,6,483,0,0,0,10,6844,100,581,2,294,,,,,,,,,,,,,,,,,,,,,,,,,,,,,,LJEW558
Body Aura 5,,,6,483,0,0,0,10,6844,100,581,2,,,,,,,,,,,,,,,,,,,,,,,,,,,,,,,LJEW559
Body Aura 6,,,6,483,0,0,0,10,6844,100,581,2,415,,,,,,,,,,,,,,,,,,,,,,,,,,,,,,LJEW560
Body Aura 7,,,6,483,0,0,0,10,6844,100,581,2,64,,,,,,,,,,,,,,,,,,,,,,,,,,,,,,LJEW561
Body Aura 8,,,6,483,0,0,0,10,6844,100,581,2,3505,,,,,,,,,,,,,,,,,,,,,,,,,,,,,,LJEW562
Body Aura 9,,,6,483,0,0,0,10,6844,100,581,2,191,,,,,,,,,,,,,,,,,,,,,,,,,,,,,,LJEW563
Body Aura 10,,,6,483,0,0,0,10,6844,100,581,2,1596,,,,,,,,,,,,,,,,,,,,,,,,,,,,,,LJEW564
Body Aura 11,,,6,483,0,0,0,10,6844,100,581,2,1874,,,,,,,,,,,,,,,,,,,,,,,,,,,,,,LJEW565
Body Aura 12,,,6,483,0,0,0,10,6844,100,581,2,1885,,,,,,,,,,,,,,,,,,,,,,,,,,,,,,LJEW566
Body Aura 13,,,6,483,0,0,0,10,6844,100,581,2,1905,,,,,,,,,,,,,,,,,,,,,,,,,,,,,,LJEW567
,,,,,,,,,,,,,,,,,,,,,,,,,,,,,,,,,,,,,,,,,,,
,,,,,,,,,,,,,,,,,,,,,,,,,,,,,,,,,,,,,,,,,,,
,,,,,,,,,,,,,,,,,,,,,,,,,,,,,,,,,,,,,,,,,,,
,,,,,,,,,,,,,,,,,,,,,,,,,,,,,,,,,,,,,,,,,,,
,,,,,,,,,,,,,,,,,,,,,,,,,,,,,,,,,,,,,,,,,,,
,,,,,,,,,,,,,,,,,,,,,,,,,,,,,,,,,,,,,,,,,,,
,,,,,,,,,,,,,,,,,,,,,,,,,,,,,,,,,,,,,,,,,,,
,,,,,,,,,,,,,,,,,,,,,,,,,,,,,,,,,,,,,,,,,,,
,,,,,,,,,,,,,,,,,,,,,,,,,,,,,,,,,,,,,,,,,,,
,,,,,,,,,,,,,,,,,,,,,,,,,,,,,,,,,,,,,,,,,,,
,,,,,,,,,,,,,,,,,,,,,,,,,,,,,,,,,,,,,,,,,,,
Gibster's Effect,,33,6,480,0,0,0,10,9933,100,581,1,716,,,,,,,,,,,,,,,,,,,,,,,,,,,,,,LJEW579
,,,,,,,,,,,,,,,,,,,,,,,,,,,,,,,,,,,,,,,,,,,
,,,,,,,,,,,,,,,,,,,,,,,,,,,,,,,,,,,,,,,,,,,
,,,,,,,,,,,,,,,,,,,,,,,,,,,,,,,,,,,,,,,,,,,
,,,,,,,,,,,,,,,,,,,,,,,,,,,,,,,,,,,,,,,,,,,
,,,,,,,,,,,,,,,,,,,,,,,,,,,,,,,,,,,,,,,,,,,
,,,,,,,,,,,,,,,,,,,,,,,,,,,,,,,,,,,,,,,,,,,
,,,,,,,,,,,,,,,,,,,,,,,,,,,,,,,,,,,,,,,,,,,
,,,,,,,,,,,,,,,,,,,,,,,,,,,,,,,,,,,,,,,,,,,
,,,,,,,,,,,,,,,,,,,,,,,,,,,,,,,,,,,,,,,,,,,
,,,,,,,,,,,,,,,,,,,,,,,,,,,,,,,,,,,,,,,,,,,
,,,,,,,,,,,,,,,,,,,,,,,,,,,,,,,,,,,,,,,,,,,
,,,,,,,,,,,,,,,,,,,,,,,,,,,,,,,,,,,,,,,,,,,
,,,,,,,,,,,,,,,,,,,,,,,,,,,,,,,,,,,,,,,,,,,
,,,,,,,,,,,,,,,,,,,,,,,,,,,,,,,,,,,,,,,,,,,
,,,,,,,,,,,,,,,,,,,,,,,,,,,,,,,,,,,,,,,,,,,
,,,,,,,,,,,,,,,,,,,,,,,,,,,,,,,,,,,,,,,,,,,
,,,,,,,,,,,,,,,,,,,,,,,,,,,,,,,,,,,,,,,,,,,
,,,,,,,,,,,,,,,,,,,,,,,,,,,,,,,,,,,,,,,,,,,
,,,,,,,,,,,,,,,,,,,,,,,,,,,,,,,,,,,,,,,,,,,
,,,,,,,,,,,,,,,,,,,,,,,,,,,,,,,,,,,,,,,,,,,
Jelly Bean Pet,,32,,437,14395,10,5,10,6058,194,581,2220,,,,,,,31,3,,,,,,,,,,,,,,,,,,,,,,,LJEW600
Honey Bee Pet,,,7,437,1000,0,10,10,6059,194,581,2221,,,,,,,,,,,,,,,,,,,,,,,,,,,,1,,,LJEW601
Ice Spirit Pet,,,7,437,1000,0,10,10,6060,194,581,2222,,,,,,,,,,,,,,,,,,,,,,,,,,,,1,,,LJEW602
Reindeer Pet,,,7,437,1000,0,15,10,6061,194,581,2223,,,,,,,,,,,,,,,,,,,,,,,,,,,,1,,,LJEW603
Frost Dragon Pet,,,7,437,1000,0,25,10,6062,194,581,2224,,,,,,,,,,,,,,,,,,,,,,,,,,,,1,,,LJEW604
Chub Chub Pet,,,7,437,1000,0,10,10,6063,194,581,2240,,,,,,,,,,,,,,,,,,,,,,,,,,,,1,,,LJEW605
Bone Spider Pet,,32,,437,220950,10,20,10,6064,194,581,2241,,,,,,,31,200,,,,,,,,,,,,,,,,,,,,,,,LJEW606
,,,,,,,,,,,,,,,,,,,,,,,,,,,,,,,,,,,,,,,,,,,
Bebeg Pet,,,7,437,1000,0,25,10,6066,194,581,2243,,,,,,,,,,,,,,,,,,,,,,,,,,,,1,,,LJEW608
Sabertooth Pet,,,6,437,1000,0,20,10,6067,194,581,2244,,,,,,,,,,,,,,,,,,,,,,,,,,,,1,,,LJEW609
FrostWorm Pet,,,6,437,1000,0,15,10,6068,194,581,2245,,,,,,,,,,,,,,,,,,,,,,,,,,,,1,,,LJEW610
Lunaris Bear Pet,,,7,437,1000,0,20,10,6069,194,581,2246,,,,,,,,,,,,,,,,,,,,,,,,,,,,1,,,LJEW611
Skeleton Pet,,,6,437,1000,0,10,10,6045,194,581,2247,,,,,,,,,,,,,,,,,,,,,,,,,,,,1,,,LJEW612
Candle Ghost Pet,,,6,437,0,0,0,10,6046,194,581,2248,,,,,,,,,,,,,,,,,,,,,,,,,,,,,,,LJEW613
Black Opal Catfox Pet,,,7,437,1000,0,10,10,6047,194,581,2249,,,,,,,,,,,,,,,,,,,,,,,,,,,,1,,,LJEW614
Emerald Catfox Pet,,,7,437,1000,0,10,10,6048,194,581,2250,,,,,,,,,,,,,,,,,,,,,,,,,,,,1,,,LJEW615
Ruby Catfox Pet,,,7,437,1000,0,10,10,6049,194,581,2251,,,,,,,,,,,,,,,,,,,,,,,,,,,,1,,,LJEW616
Charming Catfox Pet,,,7,437,1000,0,10,10,6050,194,581,2252,,,,,,,,,,,,,,,,,,,,,,,,,,,,1,,,LJEW617
Pink Opal Catfox Pet,,,7,437,1000,0,10,10,6055,194,581,2253,,,,,,,,,,,,,,,,,,,,,,,,,,,,1,,,LJEW618
Topaz Catfox Pet,,,7,437,1000,0,10,10,6052,194,581,2254,,,,,,,,,,,,,,,,,,,,,,,,,,,,1,,,LJEW619
Healthy Catfox Pet,,,7,437,1000,0,10,10,6053,194,581,2255,,,,,,,,,,,,,,,,,,,,,,,,,,,,1,,,LJEW620
Sapphire Catfox Pet,,,7,437,1000,0,10,10,6054,194,581,2256,,,,,,,,,,,,,,,,,,,,,,,,,,,,1,,,LJEW621
Amethyst Catfox Pet,,,7,437,1000,0,10,10,6051,194,581,2257,,,,,,,,,,,,,,,,,,,,,,,,,,,,1,,,LJEW622
Garnet Catfox Pet,,,7,437,1000,0,10,10,6056,194,581,2258,,,,,,,,,,,,,,,,,,,,,,,,,,,,1,,,LJEW623
Alien Bunny Pet,,,6,437,1000000,0,0,10,6033,194,581,2260,,,,,,,,,,,,,,,,,,,,,,,,,,,,,,,LJEW624
Vendor Kitty Pet,,,6,437,1000000,0,0,10,6034,194,581,2261,,,,,,,,,,,,,,,,,,,,,,,,,,,,,,,LJEW625
Chamber Executioner Pet,,32,,437,150000,0,0,10,6035,194,581,2262,,,,,,,31,210,,,,,,,,,,,,,,,,,,,,,,,LJEW626
Human Horror Pet,,32,,437,150000,10,15,10,6036,194,581,2263,,,,,,,31,210,,,,,,,,,,,,,,,,,,,,,,,LJEW627
Maneater Pet,,32,,437,150000,0,0,10,6037,194,581,2264,,,,,,,31,210,,,,,,,,,,,,,,,,,,,,,,,LJEW628
Septic Appendages Pet,,32,,437,150000,0,0,10,6038,194,581,2265,,,,,,,31,210,,,,,,,,,,,,,,,,,,,,,,,LJEW629
Eudy Pet,,,6,437,1000000,0,0,10,6039,194,581,2266,,,,,,,,,,,,,,,,,,,,,,,,,,,,1,,,LJEW630
Miniature [Mayor] Darren,,,6,437,1000000,0,0,10,6040,194,581,2267,,,,,,,,,,,,,,,,,,,,,,,,,,,,1,,,LJEW631
Mimic Chest Pet,,32,,437,506000,10,20,10,6041,194,581,2268,,,,,,,31,200,,,,,,,,,,,,,,,,,,,,,,,LJEW632
Love Pig Pet,,,6,437,1000000,0,15,10,6042,194,581,2269,,,,,,,,,,,,,,,,,,,,,,,,,,,,1,,,LJEW633
Cursed Moldie Priest Pet,,,,437,1056000,10,15,10,6019,194,581,2270,,,,,,,31,210,,,,,,,,,,,,,,,,,,,,1,,,LJEW634
Chicken Pet,,,,437,1000,0,10,10,7970,194,581,2271,,,,,,,,,,,,,,,,,,,,,,,,,,,,1,,,LJEW635
Choropy Pet,,,6,437,1000,0,20,10,6045,194,581,2272,,,,,,,,,,,,,,,,,,,,,,,,,,,,1,,,LJEW636
Mr. Baggie Pet,,,,437,1000,0,5,10,6234,194,581,2276,,,,,,,,,,,,,,,,,,,,,,,,,,,,1,,,LJEW637
Mr. Cannie Pet,,,,437,1000,0,5,10,6235,194,581,2277,,,,,,,,,,,,,,,,,,,,,,,,,,,,1,,,LJEW638
Super Aleksandros Pet,,,6,437,1000,0,0,10,6048,194,581,2278,,,,,,,,,,,,,,,,,,,,,,,,,,,,1,,,LJEW639
Bruce Pet,,,,437,1000,0,15,10,6233,194,581,2279,,,,,,,,,,,,,,,,,,,,,,,,,,,,1,,,LJEW640
Slag Pet,,,6,437,1000,0,0,10,5481,194,581,2280,,,,,,,,,,,,,,,,,,,,,,,,,,,,1,,,LJEW641
Tirwin Pet,,,6,437,1000,0,0,10,5482,194,581,2281,,,,,,,,,,,,,,,,,,,,,,,,,,,,1,,,LJEW642
,,,,,,,,,,,,,,,,,,,,,,,,,,,,,,,,,,,,,,,,,,,
Luna Warship Pet,,,6,437,1000,0,0,10,5484,194,581,2283,,,,,,,,,,,,,,,,,,,,,,,,,,,,1,,,LJEW644
Tropical Fish Pet,,,6,437,1000,0,0,10,5494,194,581,2284,,,,,,,,,,,,,,,,,,,,,,,,,,,,1,,,LJEW645
Moldie Pharaoh Pet,,,,437,556000,10,15,10,6020,194,581,2285,,,,,,,31,210,,,,,,,,,,,,,,,,,,,,1,,,LJEW646
Cursed Moldie Mammoth Pet,,,,437,556000,10,25,10,6021,194,581,2286,,,,,,,31,210,,,,,,,,,,,,,,,,,,,,1,,,LJEW647
Moldie Scorpion Pet,,,,437,556000,10,20,10,6022,194,581,2287,,,,,,,31,210,,,,,,,,,,,,,,,,,,,,1,,,LJEW648
Yellow Chick Pet,,,6,437,1000,0,0,10,6591,194,581,3150,,,,,,,,,,,,,,,,,,,,,,,,,,,,1,,,LJEW649
Golden Cat Pet,,,7,437,1000,0,15,10,6592,194,581,3151,,,,,,,,,,,,,,,,,,,,,,,,,,,,1,,,LJEW650
Blue Mouse Pet,,,7,437,1000,0,10,10,6593,194,581,3152,,,,,,,,,,,,,,,,,,,,,,,,,,,,1,,,LJEW651
Cute Pig Pet,,,7,437,1000,0,20,10,6594,194,581,3153,,,,,,,,,,,,,,,,,,,,,,,,,,,,1,,,LJEW652
Grey Bunny Pet,,,6,437,1000,0,0,10,6595,194,581,3154,,,,,,,,,,,,,,,,,,,,,,,,,,,,1,,,LJEW653
Ice Dragon Pet,,,6,437,1000,0,0,10,6596,194,581,3155,,,,,,,,,,,,,,,,,,,,,,,,,,,,1,,,LJEW654
Blood Dragon Pet,,,6,437,1000,0,0,10,6597,194,581,3156,,,,,,,,,,,,,,,,,,,,,,,,,,,,1,,,LJEW655
Leprechaun Pet,,,6,437,0,0,5,10,6619,194,581,2225,,,,,,,,,,,,,,,,,,,,,,,,,,,,1,,,LJEW656
Springer Bean Pet,,,10,437,0,0,0,10,6890,194,581,2226,,,,,,,,,,,,,,,,,,,,,,,,,,,,1,,,LJEW657
Chubby Bean Pet,,,10,437,0,0,0,10,6891,194,581,2227,,,,,,,,,,,,,,,,,,,,,,,,,,,,1,,,LJEW658
Warrior Bean Pet,,,10,437,0,0,0,10,6892,194,581,2228,,,,,,,,,,,,,,,,,,,,,,,,,,,,1,,,LJEW659
Ultimate Bean Pet,,,10,437,0,0,0,10,6893,194,581,2229,,,,,,,,,,,,,,,,,,,,,,,,,,,,1,,,LJEW660
Gold Scorpion Pet,,,10,437,0,0,0,10,7190,194,581,2288,,,,,,,,,,,,,,,,,,,,,,,,,,,,1,,,LJEW661
Robot Chub Chub Pet,,,10,437,0,0,0,10,7191,194,581,2289,,,,,,,,,,,,,,,,,,,,,,,,,,,,1,,,LJEW662
Little Robot R Pet,,,6,437,100000000,0,15,10,7605,194,581,3630,,,,,,,111,5,,,,,,,,,,,,,,,,,,,,,,,LJEW663
Lucky Star Pet,,,6,437,500000000,0,5,10,7606,194,581,3631,,,,,,,111,10,,,,,,,,,,,,,,,,,,,,,,,LJEW664
Little Robot B Pet,,,6,437,100000000,0,15,10,7607,194,581,3632,,,,,,,111,7,,,,,,,,,,,,,,,,,,,,,,,LJEW665
Red Spirit Pet,,,7,437,1000,0,10,10,7608,194,581,3633,,,,,,,,,,,,,,,,,,,,,,,,,,,,1,,,LJEW666
Green Spirit Pet,,,7,437,1000,0,10,10,7609,194,581,3634,,,,,,,,,,,,,,,,,,,,,,,,,,,,1,,,LJEW667
Yellow Spirit Pet,,,7,437,1000,0,10,10,7610,194,581,3635,,,,,,,,,,,,,,,,,,,,,,,,,,,,1,,,LJEW668
Blue Spirit Pet,,,7,437,1000,0,10,10,7611,194,581,3636,,,,,,,,,,,,,,,,,,,,,,,,,,,,1,,,LJEW669
Pink Spirit Pet,,,7,437,1000,0,10,10,7612,194,581,3637,,,,,,,,,,,,,,,,,,,,,,,,,,,,1,,,LJEW670
Dealer Catfox Pet,,,7,437,1000,0,10,10,7613,194,581,3638,,,,,,,,,,,,,,,,,,,,,,,,,,,,1,,,LJEW671
Goblin King Pet,,,6,437,1000,0,20,10,7614,194,581,3639,,,,,,,,,,,,,,,,,,,,,,,,,,,,,,,LJEW672
Fawn Pet,,,7,437,1000,0,15,10,7615,194,581,3640,,,,,,,,,,,,,,,,,,,,,,,,,,,,1,,,LJEW673
Ninja Turtle Pet,,,7,437,1000,0,15,10,7616,194,581,3641,,,,,,,,,,,,,,,,,,,,,,,,,,,,1,,,LJEW674
Ladybug Pet,,,7,437,1000,0,10,10,7618,194,581,3642,,,,,,,,,,,,,,,,,,,,,,,,,,,,1,,,LJEW675
Frog Prince Pet,,,7,437,1000,0,10,10,7619,194,581,3643,,,,,,,,,,,,,,,,,,,,,,,,,,,,1,,,LJEW676
Woodchuck Pet,,,7,437,1000,0,10,10,7620,194,581,3644,,,,,,,,,,,,,,,,,,,,,,,,,,,,1,,,LJEW677
Queen Bibi Pet,,32,,437,24495,10,15,10,7621,194,581,3645,,,,,,,31,30,,,,,,,,,,,,,,,,,,,,,,,LJEW678
Grunter Pet,,32,,437,52515,10,15,10,7622,194,581,3646,,,,,,,31,42,,,,,,,,,,,,,,,,,,,,,,,LJEW679
Doonga Pet,,32,,437,60050,10,20,10,7623,194,581,3647,,,,,,,31,58,,,,,,,,,,,,,,,,,,,,,,,LJEW680
Little WormGon Pet,,32,,437,95040,10,25,10,7624,194,581,3648,,,,,,,31,80,,,,,,,,,,,,,,,,,,,,,,,LJEW681
Grey Woopie Pet,,32,,437,22495,10,15,10,7625,194,581,3649,,,,,,,31,25,,,,,,,,,,,,,,,,,,,,,,,LJEW682
Aqua Guard Pet,,32,,437,32495,10,15,10,7626,194,581,3650,,,,,,,31,30,,,,,,,,,,,,,,,,,,,,,,,LJEW683
Smouly Pet,,32,,437,42515,10,15,10,7627,194,581,3651,,,,,,,31,45,,,,,,,,,,,,,,,,,,,,,,,LJEW684
Krawfy Pet,,32,,437,70050,10,20,10,7628,194,581,3652,,,,,,,31,65,,,,,,,,,,,,,,,,,,,,,,,LJEW685
Purple Samurai Pet,,0,7,437,1000,0,10,10,7629,194,581,3653,,,,,,,,,,,,,,,,,,,,,,,,,,,,1,,,LJEW686
Grey Samurai Pet,,,7,437,1000,0,10,10,7631,194,581,3654,,,,,,,,,,,,,,,,,,,,,,,,,,,,1,,,LJEW687
Brown Samurai Pet,,,7,437,1000,0,10,10,7632,194,581,3655,,,,,,,,,,,,,,,,,,,,,,,,,,,,1,,,LJEW688
Blue Samurai Pet,,,7,437,1000,0,10,10,7633,194,581,3656,,,,,,,,,,,,,,,,,,,,,,,,,,,,1,,,LJEW689
Green Samurai Pet,,,7,437,1000,0,10,10,7634,194,581,3657,,,,,,,,,,,,,,,,,,,,,,,,,,,,1,,,LJEW690
Teal Samurai Pet,,,7,437,1000,0,10,10,7635,194,581,3658,,,,,,,,,,,,,,,,,,,,,,,,,,,,1,,,LJEW691
Orange Samurai Pet,,,7,437,1000,0,10,10,7636,194,581,3659,,,,,,,,,,,,,,,,,,,,,,,,,,,,1,,,LJEW692
Red Samurai Pet,,,7,437,1000,0,10,10,7637,194,581,3660,,,,,,,,,,,,,,,,,,,,,,,,,,,,1,,,LJEW693
Black Samurai Pet,,,7,437,1000,0,10,10,7638,194,581,3661,,,,,,,,,,,,,,,,,,,,,,,,,,,,1,,,LJEW694
Fire Elemental Pet,,,7,437,1000,0,5,10,7639,194,581,3662,,,,,,,,,,,,,,,,,,,,,,,,,,,,1,,,LJEW695
Life Elemental Pet,,,7,437,1000,0,5,10,7640,194,581,3663,,,,,,,,,,,,,,,,,,,,,,,,,,,,1,,,LJEW696
Earth Elemental Pet,,,7,437,1000,0,5,10,7641,194,581,3664,,,,,,,,,,,,,,,,,,,,,,,,,,,,1,,,LJEW697
Water Elemental Pet,,,7,437,1000,0,5,10,7642,194,581,3665,,,,,,,,,,,,,,,,,,,,,,,,,,,,1,,,LJEW698
Glacier Elemental Pet,,24,2,437,1000,0,5,10,9891,194,581,3694,,,,,,,,,,,,,,,,,,,,,,,,,,,,0,,,LJEW699
+5% Experience Accessory,,,,438,0,0,1,10,10273,100,581,,70,,,,,,,,,,,,,,,,,,,,,,,,,,,1,,,LJEW700
+10% Experience Accessory,,,,438,0,0,1,10,10273,100,581,,71,,,,,,,,,,,,,,,,,,,,,,,,,,,1,,,LJEW701
+7% Charm Accessory,,,,438,0,0,1,10,10261,100,581,,72,,,,,,,,,,,,,,,,,,,,,,,,,,,1,,,LJEW702
+7% Dexterity Accessory,,,,438,0,0,1,10,10258,100,581,,73,,,,,,,,,,,,,,,,,,,,,,,,,,,1,,,LJEW703
+5% HP Accessory,,,,438,0,0,1,10,7588,100,581,,74,,,,,,,,,,,,,,,,,,,,,,,,,,,1,,,LJEW704
+3% Attack Power Accessory,,,6,438,0,0,1,10,10267,100,581,,75,,,,,,,,,,,,,,,,,,,,,,,,,,,1,,,LJEW705
Auto Pick Up Accessory,,,,438,0,0,1,10,10272,100,581,,76,,,,,,,,,,,,,,,,,,,,,,,,,,,1,,,LJEW706
No Experience Accessory,,,,438,0,0,1,10,10274,100,581,,77,,,,,,,,,,,,,,,,,,,,,,,,,,,1,,,LJEW707
+1% Intelligence Accessory,,,6,438,0,0,1,10,10259,100,581,,78,,,,,,,,,,,,,,,,,,,,,,,,,,,1,,,LJEW708
+5% MP Accessory,,,,438,0,0,1,10,7588,100,581,,79,,,,,,,,,,,,,,,,,,,,,,,,,,,1,,,LJEW709
+5% Defence Accessory,,,,438,0,0,1,10,10263,100,581,,80,,,,,,,,,,,,,,,,,,,,,,,,,,,1,,,LJEW710
+5% Magic Resistence Accessory,,,,438,0,0,1,10,10264,100,581,,81,,,,,,,,,,,,,,,,,,,,,,,,,,,1,,,LJEW711
+3% Concentration Accessory,,,6,438,0,0,1,10,10260,100,581,,82,,,,,,,,,,,,,,,,,,,,,,,,,,,1,,,LJEW712
+3% Sensibility Accessory,,,6,438,0,0,1,10,10262,100,581,,83,,,,,,,,,,,,,,,,,,,,,,,,,,,1,,,LJEW713
+5% Sensibility Accessory,,,,438,0,0,1,10,10262,100,581,,84,,,,,,,,,,,,,,,,,,,,,,,,,,,1,,,LJEW714
+5% Strength Accessory,,,,438,0,0,1,10,10257,100,581,,85,,,,,,,,,,,,,,,,,,,,,,,,,,,1,,,LJEW715
+5% Charm Accessory,,,,438,0,0,1,10,10261,100,581,,86,,,,,,,,,,,,,,,,,,,,,,,,,,,1,,,LJEW716
+7% Defence Accessory,,,6,438,0,0,1,10,10263,100,581,,87,,,,,,,,,,,,,,,,,,,,,,,,,,,1,,,LJEW717
+7% Magic Resistence Accessory,,,6,438,0,0,1,10,10264,100,581,,88,,,,,,,,,,,,,,,,,,,,,,,,,,,1,,,LJEW719
+5% Intelligence Accessory,,,,438,0,0,1,10,10259,100,581,,89,,,,,,,,,,,,,,,,,,,,,,,,,,,1,,,LJEW719
+3% Strength Accessory,,,6,438,0,0,1,10,10257,100,581,,90,,,,,,,,,,,,,,,,,,,,,,,,,,,1,,,LJEW720
+3% Dexterity Accessory,,,6,438,0,0,1,10,10258,100,581,,91,,,,,,,,,,,,,,,,,,,,,,,,,,,1,,,LJEW721
+5% Dexterity Accessory,,,,438,0,0,1,10,10258,100,581,,92,,,,,,,,,,,,,,,,,,,,,,,,,,,1,,,LJEW722
+5% Hit Rate Accessory,,,,438,0,0,1,10,10265,100,581,,93,,,,,,,,,,,,,,,,,,,,,,,,,,,1,,,LJEW723
+3% Intelligence Accessory,,,6,438,0,0,1,10,10259,100,581,,94,,,,,,,,,,,,,,,,,,,,,,,,,,,1,,,LJEW724
+5% Attack Power Accessory,,,,438,0,0,1,10,10267,100,581,,95,,,,,,,,,,,,,,,,,,,,,,,,,,,1,,,LJEW725
+5% Dodge Rate Accessory,,,,438,0,0,1,10,10266,100,581,,96,,,,,,,,,,,,,,,,,,,,,,,,,,,1,,,LJEW726
+10% Attack Speed Accessory,,,6,438,0,0,1,10,10267,100,581,,97,,,,,,,,,,,,,,,,,,,,,,,,,,,1,,,LJEW727
+10% Weight Accessory,,,6,438,0,0,1,10,7588,100,581,,98,,,,,,,,,,,,,,,,,,,,,,,,,,,1,,,LJEW728
+5% Movement Speed Accessory,,,,438,0,0,1,10,10268,100,581,,99,,,,,,,,,,,,,,,,,,,,,,,,,,,1,,,LJEW729
+5% Sales Discount Accessory,,,,438,0,0,1,10,10270,100,581,,100,,,,,,,,,,,,,,,,,,,,,,,,,,,1,,,LJEW730
+5% Sales Premium Accessory,,,,438,0,0,1,10,10271,100,581,,101,,,,,,,,,,,,,,,,,,,,,,,,,,,1,,,LJEW731
+3% Charm Accessory,,,6,438,0,0,1,10,10261,100,581,,102,,,,,,,,,,,,,,,,,,,,,,,,,,,1,,,LJEW732
+7% Strength Accessory,,,,438,0,0,1,10,10257,100,581,,103,,,,,,,,,,,,,,,,,,,,,,,,,,,1,,,LJEW733
+7% Intelligence Accessory,,,,438,0,0,1,10,10259,100,581,,104,,,,,,,,,,,,,,,,,,,,,,,,,,,1,,,LJEW734
+7% Sensibility Accessory,,,,438,0,0,1,10,10262,100,581,,105,,,,,,,,,,,,,,,,,,,,,,,,,,,1,,,LJEW735
+7% Concentration Accessory,,,,438,0,0,1,10,10260,100,581,,106,,,,,,,,,,,,,,,,,,,,,,,,,,,1,,,LJEW736
+5% Concentration Accessory,,,,438,0,0,1,10,10260,100,581,,107,,,,,,,,,,,,,,,,,,,,,,,,,,,1,,,LJEW737
+10% Strength Accessory,,,6,438,0,0,1,10,10257,100,581,,108,,,,,,,,,,,,,,,,,,,,,,,,,,,1,,,LJEW738
+10% Dexterity Accessory,,,6,438,0,0,1,10,10258,100,581,,109,,,,,,,,,,,,,,,,,,,,,,,,,,,1,,,LJEW739
+10% Intelligence Accessory,,,6,438,0,0,1,10,10259,100,581,,110,,,,,,,,,,,,,,,,,,,,,,,,,,,0,,,LJEW740
+10% Concentration Accessory,,,6,438,0,0,1,10,10260,100,581,,111,,,,,,,,,,,,,,,,,,,,,,,,,,,1,,,LJEW741
+10% Charm Accessory,,,6,438,0,0,1,10,10261,100,581,,112,,,,,,,,,,,,,,,,,,,,,,,,,,,1,,,LJEW742
+10% Sensibility Accessory,,,6,438,0,0,1,10,10262,100,581,,113,,,,,,,,,,,,,,,,,,,,,,,,,,,1,,,LJEW743
+10% HP Accessory,,,6,438,0,0,1,10,7588,100,581,,114,,,,,,,,,,,,,,,,,,,,,,,,,,,0,,,LJEW744
+10% MP Accessory,,,6,438,0,0,1,10,7588,100,581,,115,,,,,,,,,,,,,,,,,,,,,,,,,,,0,,,LJEW745
+10% Defence Accessory,,,6,438,0,0,1,10,10263,100,581,,116,,,,,,,,,,,,,,,,,,,,,,,,,,,1,,,LJEW746
+10% Magic Resistence Accessory,,,6,438,0,0,1,10,10264,100,581,,117,,,,,,,,,,,,,,,,,,,,,,,,,,,1,,,LJEW747
+10% Hit Rate Accessory,,,6,438,0,0,1,10,10265,100,581,,118,,,,,,,,,,,,,,,,,,,,,,,,,,,1,,,LJEW748
+10% Attack Power Accessory,,,6,438,0,0,1,10,10267,100,581,,119,,,,,,,,,,,,,,,,,,,,,,,,,,,1,,,LJEW749
+10% Dodge Rate Accessory,,,6,438,0,0,1,10,10266,100,581,,120,,,,,,,,,,,,,,,,,,,,,,,,,,,1,,,LJEW750
+10% Movement Speed Accessory,,,6,438,0,0,1,10,10268,100,581,,121,,,,,,,,,,,,,,,,,,,,,,,,,,,1,,,LJEW751
+5% Attack Speed Accessory,,,6,438,0,0,1,10,10267,100,581,,122,,,,,,,,,,,,,,,,,,,,,,,,,,,1,,,LJEW752
Auto Pick Up Accessory,,,7,438,0,0,1,10,10272,100,581,,76,,,,,,,,,,,,,,,,,,,,,,,,,,,1,,,LJEW706
+10% Experience Accessory,,,7,438,0,0,1,10,10273,100,581,,71,,,,,,,,,,,,,,,,,,,,,,,,,,,1,,,LJEW701
No Experience Accessory,,,7,438,0,0,1,10,10274,100,581,,77,,,,,,,,,,,,,,,,,,,,,,,,,,,1,,,LJEW707
,,,,,,,,,,,,,,,,,,,,,,,,,,,,,,,,,,,,,,,,,,,
,,,,,,,,,,,,,,,,,,,,,,,,,,,,,,,,,,,,,,,,,,,
,,,,,,,,,,,,,,,,,,,,,,,,,,,,,,,,,,,,,,,,,,,
Clan Stronghold Items,,,,,,,,,,,,,,,,,,,,,,,,,,,,,,,,,,,,,,,,,,,
Woopie King Statue,,,,439,0,0,1,10,8907,251,284,,,,80,,,,122,60,,,,,,,,,,,,,,,,,,,,,,,LJEW760
Aqua King Statue,,,,439,0,0,1,10,1,251,,,,,,,,,122,0,,,,,,,,,,,,,,,,,,,,,,,LJEW761
Krawfy King Statue,,,,439,0,0,1,10,8887,251,398,,,,90,,,,122,65,121,75,,,,,,,,,,,,,,,,,,,102,217,LJEW762
Golem Statue,,,,439,0,0,1,10,8888,251,399,,,,100,,,,122,70,121,75,,,,,,,,,,,,,,,,,,,103,218,LJEW763
Grunter King Statue,,,,439,0,0,1,10,1,251,,,,,,,,,122,0,,,,,,,,,,,,,,,,,,,,,,,LJEW764
Dormant Ancient Statue,,,,439,0,0,1,10,8929,251,466,,,,250,,,,122,215,121,20,,,,,,,,,,,,,,,,,,,115,2458,LJEW765
Moldie,,,,440,0,0,1,10,8886,251,394,,,,35,,,,122,25,,,,,,,,,,,,,,,,,,,,,,,LJEW766
Queen Entiku Statue,,,,439,0,0,1,10,1,251,,,,,,,,,122,0,,,,,,,,,,,,,,,,,,,,,,,LJEW767
Pink Teddy Bear,,,,440,0,0,1,10,8845,251,286,,,,50,,,,122,35,,,,,,,,,,,,,,,,,,,,,,,LJEW768
Behemoth King Statue,,,,439,0,0,1,10,8926,251,465,,,,200,,,,122,155,,,,,,,,,,,,,,,,,,,,,,,LJEW769
Sun God Ra Statue,,,,439,0,0,1,10,1,251,,,,,,,,,122,0,,,,,,,,,,,,,,,,,,,,,,,LJEW770
Blue Teddy Bear,,,,440,0,0,1,10,8846,251,289,,,,50,,,,122,35,,,,,,,,,,,,,,,,,,,,,,,LJEW771
Large HoneyBee Doll,,,,440,0,0,1,10,8847,251,347,,,,,,,,122,0,,,,,,,,,,,,,,,,,,,,,,,LJEW772
Ice Spirit Couple,,,,440,0,0,1,10,8848,251,346,,,,,,,,122,0,,,,,,,,,,,,,,,,,,,,,,,LJEW773
Castle Gear Replica,,,,440,0,0,1,10,8849,251,287,,,,120,,,,122,90,123,30,,,,,,,,,,,,,,,,,,,,,LJEW774
Gold Love Hearts,,,,440,0,0,1,10,8850,251,348,,,,,,,,122,0,,,,,,,,,,,,,,,,,,,,,,,LJEW775
Skeleton Panda,,,,440,0,0,1,10,8851,251,350,,,,50,,,,122,35,,,,,,,,,,,,,,,,,,,,,,,LJEW776
Mr Baggie,,,,440,0,0,1,10,8853,251,351,,,,50,,,,122,35,,,,,,,,,,,,,,,,,,,,,,,LJEW777
Old Treasure Chest,,,,440,0,0,1,10,8854,251,355,,,,100,,,,122,80,121,10,,,,,,,,,,,,,,,,,,,116,2687,LJEW778
Flying Vessel Model,,,,440,0,0,1,10,8855,251,357,,,,,,,,122,0,,,,,,,,,,,,,,,,,,,,,,,LJEW779
Cardboard Muse Display,,,,440,0,0,1,10,8856,251,352,,,,50,,,,122,35,,,,,,,,,,,,,,,,,,,,,,,LJEW780
Christmas Tree,,,,440,0,0,1,10,8857,251,285,,,,30,,,,,,,,,,,,,,,,,,,,,,,,,,,,LJEW781
Jelly Bean,,,,440,0,0,1,10,8858,251,283,,,,15,,,,122,5,,,,,,,,,,,,,,,,,,,,,,,LJEW782
Choropy,,,,440,0,0,1,10,8859,251,349,,,,15,,,,122,5,,,,,,,,,,,,,,,,,,,,,,,LJEW783
Cowboy Pumpkin,,,,440,0,0,1,10,8860,251,361,,,,30,,,,122,20,,,,,,,,,,,,,,,,,,,,,,,LJEW784
Flanae,,,,440,0,0,1,10,8861,251,362,,,,20,,,,122,10,,,,,,,,,,,,,,,,,,,,,,,LJEW785
Snowman 1,,,,440,0,0,1,10,8862,251,359,,,,30,,,,,,,,,,,,,,,,,,,,,,,,,,,,LJEW786
Snowman 2,,,,440,0,0,1,10,8863,251,365,,,,30,,,,,,,,,,,,,,,,,,,,,,,,,,,,LJEW787
HoneyBee,,,,440,0,0,1,10,8864,251,383,,,,25,,,,122,15,,,,,,,,,,,,,,,,,,,,,,,LJEW788
Bamboo Display,,,,440,0,0,1,10,8866,251,384,,,,,,,,122,0,,,,,,,,,,,,,,,,,,,,,,,LJEW789
Moldie Cushion,,,,440,0,0,1,10,8867,251,354,,,,,,,,122,0,,,,,,,,,,,,,,,,,,,,,,,LJEW790
Guitar Stand,,,,440,0,0,1,10,8868,251,353,,,,55,,,,122,40,,,,,,,,,,,,,,,,,,,,,,,LJEW791
Mr Cannie,,,,440,0,0,1,10,8869,251,363,,,,,,,,122,0,,,,,,,,,,,,,,,,,,,,,,,LJEW792
Shrine,,,,440,0,0,1,10,8870,251,368,,,,50,,,,122,35,,,,,,,,,,,,,,,,,,,,,,,LJEW793
Dreadnaught,,,,440,0,0,1,10,8871,251,288,,,,60,,,,122,50,,,,,,,,,,,,,,,,,,,,,,,LJEW794
Slag,,,,440,0,0,1,10,8872,251,385,,,,45,,,,122,35,,,,,,,,,,,,,,,,,,,,,,,LJEW795
Lunar Wolf,,,,440,0,0,1,10,8873,251,386,,,,45,,,,122,35,,,,,,,,,,,,,,,,,,,,,,,LJEW796
Mammoth,,,,440,0,0,1,10,8874,251,387,,,,60,,,,122,50,,,,,,,,,,,,,,,,,,,,,,,LJEW797
Elec Ghost,,,,440,0,0,1,10,8875,251,388,,,,65,,,,122,55,121,10,,,,,,,,,,,,,,,,,,,107,396,LJEW798
,,,,,,,,,,,,,,,,,,,,,,,,,,,,,,,,,,,,,,,,,,,
Hot Dog Pet,,,6,437,1000,0,5,10,7647,194,581,3666,,,,,,,,,,,,,,,,,,,,,,,,,,,,,,,LJEW800
Bulldog Pet,,,7,437,1000,0,10,10,7648,194,581,3667,,,,,,,,,,,,,,,,,,,,,,,,,,,,1,,,LJEW801
Golem Pet,,32,,437,105040,10,25,10,7649,194,581,3668,,,,,,,31,90,,,,,,,,,,,,,,,,,,,,,,,LJEW802
Scavenger Pet,,32,,437,150000,10,15,10,7650,194,581,3669,,,,,,,31,120,,,,,,,,,,,,,,,,,,,,,,,LJEW803
Rackie Pet,,,6,437,1000,0,15,10,7651,194,581,3670,,,,,,,,,,,,,,,,,,,,,,,,,,,,,,,LJEW804
Toxic Spider Pet,,26,6,437,1000,0,20,10,7652,194,581,3671,,,,,,,,,,,,,,,,,,,,,,,,,,,,,,,LJEW805
Zombie Spirit Pet,,,,437,1000,0,10,10,7654,194,581,3674,,,,,,,,,,,,,,,,,,,,,,,,,,,,1,,,LJEW806
Skeleton Pet,,,,437,1000,0,10,10,7655,194,581,3675,,,,,,,,,,,,,,,,,,,,,,,,,,,,1,,,LJEW807
Spooky Ghost Pet,,,,437,1000,0,0,10,7657,194,581,3676,,,,,,,,,,,,,,,,,,,,,,,,,,,,1,,,LJEW808
Lucky Ghost Pet,,,,437,1000,0,0,10,7658,194,581,3677,,,,,,,,,,,,,,,,,,,,,,,,,,,,1,,,LJEW809
Hallowed Pumpkin Pet,,,,437,1000,0,20,10,7659,194,581,3678,,,,,,,,,,,,,,,,,,,,,,,,,,,,1,,,LJEW810
BloodBat Pet,,,,437,1000,0,5,10,7661,194,581,3679,,,,,,,,,,,,,,,,,,,,,,,,,,,,1,,,LJEW811
Penguin Pet,,,,437,1000,0,15,10,7674,194,581,3680,,,,,,,,,,,,,,,,,,,,,,,,,,,,1,,,LJEW812
Snow Cone Pet,,,,437,1000,0,5,10,7675,194,581,3681,,,,,,,,,,,,,,,,,,,,,,,,,,,,1,,,LJEW813
Rudolph Santa Pet,,,,437,1000,0,10,10,7676,194,581,3682,,,,,,,,,,,,,,,,,,,,,,,,,,,,1,,,LJEW814
Snow Abomination Pet,,,,437,1000,0,25,10,7677,194,581,3683,,,,,,,,,,,,,,,,,,,,,,,,,,,,1,,,LJEW815
Woopie Queen Pet,,,,437,1000,0,15,10,7821,194,581,3689,,,,,,,,,,,,,,,,,,,,,,,,,,,,1,,,LJEW816
Jelly Queen Pet,,,,437,1000,0,8,10,7822,194,581,3690,,,,,,,,,,,,,,,,,,,,,,,,,,,,1,,,LJEW817
Rackie Queen Pet,,,,437,1000,0,15,10,7823,194,581,3691,,,,,,,,,,,,,,,,,,,,,,,,,,,,1,,,LJEW818
Mama Moldie Pet,,,,437,1000,0,20,10,7824,194,581,3692,,,,,,,,,,,,,,,,,,,,,,,,,,,,1,,,LJEW819
Krawfy Queen Pet,,,,437,1000,0,15,10,7826,194,581,3693,,,,,,,,,,,,,,,,,,,,,,,,,,,,1,,,LJEW820
Scuba Moldie Pet,,,,437,1000,0,15,10,7957,194,581,3727,,,,,,,,,,,,,,,,,,,,,,,,,,,,1,,,LJEW821
Beach Ball Pet,,,,437,1000,0,5,10,7964,194,581,3729,,,,,,,,,,,,,,,,,,,,,,,,,,,,1,,,LJEW822
Gold Catfox Pet,,,6,437,500000000,0,10,10,7972,194,581,3731,,,,,,,111,10,,,,,,,,,,,,,,,,,,,,,,,LJEW823
Wolf Keeper Pet,,32,,437,140000,10,15,10,7992,194,581,3734,,,,,,,31,117,,,,,,,,,,,,,,,,,,,,,,,LJEW824
Dreadnaught Pet,,32,,437,150000,10,25,10,7993,194,581,3735,,,,,,,31,128,,,,,,,,,,,,,,,,,,,,,,,LJEW825
Yeti Pet,,32,,437,110500,10,15,10,7995,194,581,3736,,,,,,,31,91,,,,,,,,,,,,,,,,,,,,,,,LJEW826
Tyrant Pet,,32,,437,125000,10,15,10,7996,194,581,3737,,,,,,,31,112,,,,,,,,,,,,,,,,,,,,,,,LJEW827
Scarab Pet,,32,,437,40550,10,5,10,7997,194,581,3738,,,,,,,31,35,,,,,,,,,,,,,,,,,,,,,,,LJEW828
Green Aqua Pet,,32,,437,33495,10,15,10,7998,194,581,3739,,,,,,,31,40,,,,,,,,,,,,,,,,,,,,,,,LJEW829
Easter Bunny Pet,,,,437,1000,0,5,10,8220,194,581,3765,,,,,,,,,,,,,,,,,,,,,,,,,,,,1,,,LJEW830
Special Panda Pet,,,6,437,1000,0,5,10,1,194,581,3785,,,,,,,,,,,,,,,,,,,,,,,,,,,,,,,LJEW831
Little Gecko Pet,,,6,437,1000,0,5,10,8408,194,581,3786,,,,,,,,,,,,,,,,,,,,,,,,,,,,,,,LJEW832
Silver Spider Pet,,27,6,437,1000,0,20,10,8465,194,581,3684,,,,,,,,,,,,,,,,,,,,,,,,,,,,,,,LJEW833
Terrapin Pet,,32,,437,506000,0,15,10,8484,194,581,3824,,,,,,,31,215,,,,,,,,,,,,,,,,,,,,,,,LJEW834
Crystal Crab Pet,,32,,437,506000,0,15,10,8485,194,581,3825,,,,,,,31,215,,,,,,,,,,,,,,,,,,,,,,,LJEW835
Shaman Zombie Pet,,32,,437,403000,0,10,10,2438,194,581,3915,,,,,,,31,160,,,,,,,,,,,,,,,,,,,,,,,LJEW836
Heavy Tumbler Pet,,32,,437,403000,0,20,10,2439,194,581,3916,,,,,,,31,160,,,,,,,,,,,,,,,,,,,,,,,LJEW837
Vicious Bunny Pet,,,,437,1000,0,5,10,2580,194,581,3793,,,,,,,,,,,,,,,,,,,,,,,,,,,,1,,,LJEW838
Pink Gecko Pet,,,6,437,1000,0,5,10,2594,194,581,3794,,,,,,,,,,,,,,,,,,,,,,,,,,,,,,,LJEW839
Glacial Gecko Pet,,,6,437,1000,0,5,10,2730,194,581,3870,,,,,,,,,,,,,,,,,,,,,,,,,,,,,,,LJEW840
Necromancer's Hound Pet,,28,6,437,1000,10,15,10,8679,194,581,3871,,,,,,,,,,,,,,,,,,,,,,,,,,,,,,,LJEW841
Island Cockroach Pet,,,,437,1000,0,5,10,2751,194,581,3872,,,,,,,,,,,,,,,,,,,,,,,,,,,,,,,LJEW842
Elec Ghost Pet,,,6,437,0,0,0,10,2752,194,581,3873,,,,,,,,,,,,,,,,,,,,,,,,,,,,,,,LJEW843
Dark Chaser Pet,,,,437,1000,0,5,10,2887,194,581,3874,,,,,,,,,,,,,,,,,,,,,,,,,,,,,,,LJEW844
Halloween Spider Pet,,,,437,1000,0,5,10,2892,194,581,3875,,,,,,,,,,,,,,,,,,,,,,,,,,,,,,,LJEW845
Amber Gecko Pet,,,6,437,1000,0,5,10,3935,194,581,3918,,,,,,,,,,,,,,,,,,,,,,,,,,,,,,,LJEW846
Sunlight Gecko Pet,,,6,437,1000,0,5,10,3937,194,581,3919,,,,,,,,,,,,,,,,,,,,,,,,,,,,,,,LJEW847
Blue Chub Chub Pet,,,6,437,1000,0,10,10,3939,194,581,3920,,,,,,,,,,,,,,,,,,,,,,,,,,,,,,,LJEW848
Orange Chub Chub Pet,,,6,437,1000,0,10,10,3940,194,581,3921,,,,,,,,,,,,,,,,,,,,,,,,,,,,,,,LJEW849
Pink Chub Chub Pet,,,6,437,1000,0,10,10,3941,194,581,3922,,,,,,,,,,,,,,,,,,,,,,,,,,,,,,,LJEW850
Red Chub Chub Pet,,,6,437,1000,0,10,10,3942,194,581,3923,,,,,,,,,,,,,,,,,,,,,,,,,,,,,,,LJEW851
Yellow Chub Chub Pet,,,6,437,1000,0,10,10,3943,194,581,3924,,,,,,,,,,,,,,,,,,,,,,,,,,,,,,,LJEW852
Pincer Pet,,,,437,1000,0,5,10,1,194,581,2771,,,,,,,,,,,,,,,,,,,,,,,,,,,,,,,LJEW853
Hook Pet,,,,437,1000,0,5,10,1,194,581,2772,,,,,,,,,,,,,,,,,,,,,,,,,,,,,,,LJEW854
Moss Ent Pet,,,,437,1000,0,5,10,1,194,581,2773,,,,,,,,,,,,,,,,,,,,,,,,,,,,,,,LJEW855
Woodland Spirit Pet,,29,6,437,1000,10,15,10,8844,194,581,2778,,,,,,,,,,,,,,,,,,,,,,,,,,,,,,,LJEW856
Event Monkey Pet,,,6,437,1000,0,5,10,8829,194,581,2775,,,,,,,,,,,,,,,,,,,,,,,,,,,,,,,LJEW857
Bonsai Pet,,,6,437,1000,0,15,10,8830,194,581,2776,,,,,,,,,,,,,,,,,,,,,,,,,,,,,,,LJEW858
Icy Bonsai Pet,,,6,437,1000,0,15,10,8831,194,581,2777,,,,,,,,,,,,,,,,,,,,,,,,,,,,,,,LJEW859
Azure Chub Chub Pet,,,6,437,1000,0,10,10,9709,194,581,3928,,,100,,,,,,,,,,,,,,,,,,,,,,,,720,,,,LJEW860
Tyrant Warship,,,,440,0,0,1,10,8876,251,389,,,,55,,,,122,45,,,,,,,,,,,,,,,,,,,,,,,LJEW861
Winter Maul,,,,440,0,0,1,10,8877,251,390,,,,55,,,,122,45,,,,,,,,,,,,,,,,,,,,,,,LJEW862
Jack Lantern,,,,440,0,0,1,10,8879,251,358,,,,25,,,,,,,,,,,,,,,,,,,,,,,,,,,,LJEW863
Jack Lantern Tower,,,,440,0,0,1,10,8880,251,356,,,,25,,,,,,,,,,,,,,,,,,,,,,,,,,,,LJEW864
Pomic,,,,440,0,0,1,10,8881,251,392,,,,25,,,,122,15,,,,,,,,,,,,,,,,,,,,,,,LJEW865
Woopie,,,,440,0,0,1,10,8882,251,393,,,,35,,,,122,25,,,,,,,,,,,,,,,,,,,,,,,LJEW866
Oro Gear Replica,,,,440,0,0,1,10,8883,251,395,,,,,,,,122,0,,,,,,,,,,,,,,,,,,,,,,,LJEW867
Halloween Tree,,,,440,0,0,1,10,8884,251,396,,,,30,,,,,,,,,,,,,,,,,,,,,,,,,,,,LJEW868
Mummy Soldier,,,,440,0,0,1,10,8885,251,397,,,,,,,,122,0,,,,,,,,,,,,,,,,,,,,,,,LJEW869
Reindeer,,,,440,0,0,1,10,8908,251,429,,,,40,,,,122,30,,,,,,,,,,,,,,,,,,,,,,,LJEW870
Yeti,,,,440,0,0,1,10,8909,251,430,,,,50,,,,122,40,,,,,,,,,,,,,,,,,,,,,,,LJEW871
Ruper Wizard,,,,440,0,0,1,10,8910,251,431,,,,50,,,,122,40,,,,,,,,,,,,,,,,,,,,,,,LJEW872
Drunken Lunaris Bear,,,,440,0,0,1,10,8911,251,432,,,,,,,,122,0,,,,,,,,,,,,,,,,,,,,,,,LJEW873
Crystal Sculpture Statue,,,,439,0,0,1,10,8912,251,427,,,,200,,,,122,140,,,,,,,,,,,,,,,,,,,,,,,LJEW874
Little Reindeer,,,,440,0,0,1,10,8913,251,433,,,,40,,,,122,30,,,,,,,,,,,,,,,,,,,,,,,LJEW875
Equestrian Statue,,,,439,0,0,1,10,8914,251,304,,,,450,,,,122,350,123,50,,,,,,,,,,,,,,,,,,,,,LJEW876
Spotted Choropy,,,,440,0,0,1,10,8915,251,447,,,,20,,,,122,10,,,,,,,,,,,,,,,,,,,,,,,LJEW877
Red Pomic,,,,440,0,0,1,10,8916,251,448,,,,30,,,,122,20,,,,,,,,,,,,,,,,,,,,,,,LJEW878
Witches Cauldron,,,,440,0,0,1,10,8918,251,449,,,,,,,,122,0,,,,,,,,,,,,,,,,,,,,,,,LJEW879
Firecracker Penguin,,,,440,0,0,1,10,8919,251,450,,,,,,,,122,0,,,,,,,,,,,,,,,,,,,,,,,LJEW880
Evil Jack Statue,,,,439,0,0,1,10,8920,251,451,,,,,,,,122,0,,,,,,,,,,,,,,,,,,,,,,,LJEW881
Goblin Guardian Statue,,,,439,0,0,1,10,8921,251,456,,,,110,,,,122,85,121,75,,,,,,,,,,,,,,,,,,,104,219,LJEW882
Lava Golem Statue,,,,439,0,0,1,10,8922,251,457,,,,300,,,,122,225,121,25,,,,,,,,,,,,,,,,,,,117,2652,LJEW883
Giant Ice Crystal Statue,,,,439,0,0,1,10,8924,251,458,,,,180,,,,122,130,121,15,,,,,,,,,,,,,,,,,,,108,3863,LJEW884
Crystal Sculpture Statue,,,,439,0,0,1,10,8925,251,459,,,,165,,,,122,120,,,,,,,,,,,,,,,,,,,,,,,LJEW885
Varus Statue,,,,439,0,0,1,10,8923,251,460,,,,150,,,,122,110,,,,,,,,,,,,,,,,,,,,,,,LJEW886
Lich Pharaoh Statue,,,,439,0,0,1,10,8928,251,461,,,,315,,,,122,240,121,25,,,,,,,,,,,,,,,,,,,118,2491,LJEW887
Moss Golem Statue,,,,439,0,0,1,10,8927,251,462,,,,250,,,,122,215,121,75,,,,,,,,,,,,,,,,,,,114,1627,LJEW888
Hook Guardian Statue,,,,439,0,0,1,10,8936,251,467,,,,225,,,,122,190,121,75,,,,,,,,,,,,,,,,,,,110,1621,LJEW889
Predator Guardian Statue,,,,439,0,0,1,10,8937,251,468,,,,230,,,,122,195,121,75,,,,,,,,,,,,,,,,,,,111,1624,LJEW890
Lunar Crystals,,,,440,0,0,1,10,8938,251,469,,,,60,,,,122,45,,,,,,,,,,,,,,,,,,,,,,,LJEW891
Frost Dragon Statue,,,,439,0,0,1,10,8957,251,470,,,,200,,,,122,170,121,15,,,,,,,,,,,,,,,,,,,106,670,LJEW892
Pink Guitar Stand,,,,440,0,0,1,10,8958,251,391,,,,55,,,,122,40,,,,,,,,,,,,,,,,,,,,,,,LJEW893
Immortal Crystals,,,,440,0,0,1,10,8959,251,471,,,,65,,,,122,50,,,,,,,,,,,,,,,,,,,,,,,LJEW894
Subjugation Totem,,,,440,0,0,1,10,8960,251,472,,,,70,,,,122,55,121,5,,,,,,,,,,,,,,,,,,,115,2458,LJEW895
Pincer,,,,440,0,0,1,10,8961,251,473,,,,70,,,,122,60,,,,,,,,,,,,,,,,,,,,,,,LJEW896
Nepenthes,,,,440,0,0,1,10,8962,251,474,,,,70,,,,122,60,,,,,,,,,,,,,,,,,,,,,,,LJEW897
Moss Ent,,,,440,0,0,1,10,8963,251,475,,,,80,,,,122,70,121,15,,,,,,,,,,,,,,,,,,,114,1627,LJEW898
Black Kitten,,,,440,0,0,1,10,8964,251,364,,,,50,,,,122,35,,,,,,,,,,,,,,,,,,,,,,,LJEW899
Seven Knights Memorial,,,,440,0,0,1,10,8965,251,497,,,,100,,,,122,70,123,10,,,,,,,,,,,,,,,,,,,,,LJEW900
Kitten,,,,440,0,0,1,10,8966,251,496,,,,50,,,,122,35,,,,,,,,,,,,,,,,,,,,,,,LJEW901
Catfox in a Box,,,,440,0,0,1,10,8967,251,498,,,,60,,,,122,45,,,,,,,,,,,,,,,,,,,,,,,LJEW902
Painting Easel,,,,440,0,0,1,10,8968,251,499,,,,60,,,,122,45,,,,,,,,,,,,,,,,,,,,,,,LJEW903
Patchwork Rabbit,,,,440,0,0,1,10,8978,251,500,,,,60,,,,122,45,,,,,,,,,,,,,,,,,,,,,,,LJEW904
Gold Catfox in a Box,,,,440,0,0,1,10,1,251,501,,,,,,,,122,0,111,10,,,,,,,,,,,,,,,,,,,,,LJEW905
Bronze Trophy,,,6,440,0,0,1,10,9141,251,502,,,,,,,,,,,,,,,,,,,,,,,,,,,,,,,,LJEW906
Silver Trophy,,,6,440,0,0,1,10,9142,251,503,,,,,,,,,,,,,,,,,,,,,,,,,,,,,,,,LJEW907
Gold Trophy,,,6,440,0,0,1,10,9143,251,504,,,,,,,,,,,,,,,,,,,,,,,,,,,,,,,,LJEW908
Soccer Ball Pet,,,,437,0,0,5,10,9257,194,581,3951,,,,,,,,,,,,,,,,,,,,,,,,,,,,,,,LJEW909
Lightning Elemental Pet,,30,2,437,1000,10,5,10,9633,194,581,2779,,,,,,,,,,,,,,,,,,,,,,,,,,,,,,,LJEW910
Duke Pet,,,6,437,1000,0,15,10,9634,194,581,2780,,,,,,,,,,,,,,,,,,,,,,,,,,,,,,,LJEW911
Aurora Retainer Pet,,32,,437,150000,0,0,10,9816,194,581,4086,,,,,,,31,210,,,,,,,,,,,,,,,,,,,,,,,LJEW912
Wisp Spirit Pet,,32,,437,150000,0,0,10,9817,194,581,4087,,,,,,,31,210,,,,,,,,,,,,,,,,,,,,,,,LJEW913
Libertas Pet,,32,,437,150000,0,0,10,9818,194,581,4088,,,,,,,31,210,,,,,,,,,,,,,,,,,,,,,,,LJEW914
Origin Seeker Pet,,32,,437,150000,0,0,10,9997,194,581,4094,,,,,,,31,200,,,,,,,,,,,,,,,,,,,,,,,LJEW915
Camprohos Pet,,32,,437,150000,0,0,10,9998,194,581,4095,,,,,,,31,200,,,,,,,,,,,,,,,,,,,,,,,LJEW916
Ulverick Pet,,32,,437,150000,0,0,10,9999,194,581,4096,,,,,,,31,200,,,,,,,,,,,,,,,,,,,,,,,LJEW917
Karkian Beast Pet,,32,,437,150000,0,0,10,10000,194,581,4097,,,,,,,140,5,,,,,,,,,,,,,,,,,,,,,,,LJEW918
Diatom Pet,,32,,437,150000,0,0,10,10001,194,581,4098,,,,,,,140,10,,,,,,,,,,,,,,,,,,,,,,,LJEW919
Watcher Pet,,32,,437,150000,0,0,10,10002,194,581,4099,,,,,,,140,10,,,,,,,,,,,,,,,,,,,,,,,LJEW920
Toxic Breather Pet,,32,,437,150000,0,0,10,10003,194,581,4100,,,,,,,140,10,,,,,,,,,,,,,,,,,,,,,,,LJEW921
Maple Bonsai Pet,,,6,437,1000,0,15,10,10004,194,581,2781,,,,,,,,,,,,,,,,,,,,,,,,,,,,,,,LJEW922
Poisoned Mammoth Pet,,,6,437,1000,0,25,10,10029,194,581,2782,,,,,,,,,,,,,,,,,,,,,,,,,,,,,,,LJEW923
Budeater Pet,,,6,437,1000,0,30,10,10030,194,581,2783,,,,,,,,,,,,,,,,,,,,,,,,,,,,,,,LJEW924
,,,,,,,,,,,,,,,,,,,,,,,,,,,,,,,,,,,,,,,,,,,
,,,,,,,,,,,,,,,,,,,,,,,,,,,,,,,,,,,,,,,,,,,
,,,,,,,,,,,,,,,,,,,,,,,,,,,,,,,,,,,,,,,,,,,
,,,,,,,,,,,,,,,,,,,,,,,,,,,,,,,,,,,,,,,,,,,
,,,,,,,,,,,,,,,,,,,,,,,,,,,,,,,,,,,,,,,,,,,
,,,,,,,,,,,,,,,,,,,,,,,,,,,,,,,,,,,,,,,,,,,
,,,,,,,,,,,,,,,,,,,,,,,,,,,,,,,,,,,,,,,,,,,
,,,,,,,,,,,,,,,,,,,,,,,,,,,,,,,,,,,,,,,,,,,
,,,,,,,,,,,,,,,,,,,,,,,,,,,,,,,,,,,,,,,,,,,
,,,,,,,,,,,,,,,,,,,,,,,,,,,,,,,,,,,,,,,,,,,
,,,,,,,,,,,,,,,,,,,,,,,,,,,,,,,,,,,,,,,,,,,
,,,,,,,,,,,,,,,,,,,,,,,,,,,,,,,,,,,,,,,,,,,
,,,,,,,,,,,,,,,,,,,,,,,,,,,,,,,,,,,,,,,,,,,
,,,,,,,,,,,,,,,,,,,,,,,,,,,,,,,,,,,,,,,,,,,
,,,,,,,,,,,,,,,,,,,,,,,,,,,,,,,,,,,,,,,,,,,
,,,,,,,,,,,,,,,,,,,,,,,,,,,,,,,,,,,,,,,,,,,
,,,,,,,,,,,,,,,,,,,,,,,,,,,,,,,,,,,,,,,,,,,
,,,,,,,,,,,,,,,,,,,,,,,,,,,,,,,,,,,,,,,,,,,
,,,,,,,,,,,,,,,,,,,,,,,,,,,,,,,,,,,,,,,,,,,
,,,,,,,,,,,,,,,,,,,,,,,,,,,,,,,,,,,,,,,,,,,
,,,,,,,,,,,,,,,,,,,,,,,,,,,,,,,,,,,,,,,,,,,
,,,,,,,,,,,,,,,,,,,,,,,,,,,,,,,,,,,,,,,,,,,
,,,,,,,,,,,,,,,,,,,,,,,,,,,,,,,,,,,,,,,,,,,
,,,,,,,,,,,,,,,,,,,,,,,,,,,,,,,,,,,,,,,,,,,
,,,,,,,,,,,,,,,,,,,,,,,,,,,,,,,,,,,,,,,,,,,
,,,,,,,,,,,,,,,,,,,,,,,,,,,,,,,,,,,,,,,,,,,
,,,,,,,,,,,,,,,,,,,,,,,,,,,,,,,,,,,,,,,,,,,
,,,,,,,,,,,,,,,,,,,,,,,,,,,,,,,,,,,,,,,,,,,
,,,,,,,,,,,,,,,,,,,,,,,,,,,,,,,,,,,,,,,,,,,
,,,,,,,,,,,,,,,,,,,,,,,,,,,,,,,,,,,,,,,,,,,
,,,,,,,,,,,,,,,,,,,,,,,,,,,,,,,,,,,,,,,,,,,
,,,,,,,,,,,,,,,,,,,,,,,,,,,,,,,,,,,,,,,,,,,
,,,,,,,,,,,,,,,,,,,,,,,,,,,,,,,,,,,,,,,,,,,
,,,,,,,,,,,,,,,,,,,,,,,,,,,,,,,,,,,,,,,,,,,
,,,,,,,,,,,,,,,,,,,,,,,,,,,,,,,,,,,,,,,,,,,
,,,,,,,,,,,,,,,,,,,,,,,,,,,,,,,,,,,,,,,,,,,
,,,,,,,,,,,,,,,,,,,,,,,,,,,,,,,,,,,,,,,,,,,
,,,,,,,,,,,,,,,,,,,,,,,,,,,,,,,,,,,,,,,,,,,
,,,,,,,,,,,,,,,,,,,,,,,,,,,,,,,,,,,,,,,,,,,
,,,,,,,,,,,,,,,,,,,,,,,,,,,,,,,,,,,,,,,,,,,
,,,,,,,,,,,,,,,,,,,,,,,,,,,,,,,,,,,,,,,,,,,
,,,,,,,,,,,,,,,,,,,,,,,,,,,,,,,,,,,,,,,,,,,
,,,,,,,,,,,,,,,,,,,,,,,,,,,,,,,,,,,,,,,,,,,
,,,,,,,,,,,,,,,,,,,,,,,,,,,,,,,,,,,,,,,,,,,
,,,,,,,,,,,,,,,,,,,,,,,,,,,,,,,,,,,,,,,,,,,
,,,,,,,,,,,,,,,,,,,,,,,,,,,,,,,,,,,,,,,,,,,
,,,,,,,,,,,,,,,,,,,,,,,,,,,,,,,,,,,,,,,,,,,
,,,,,,,,,,,,,,,,,,,,,,,,,,,,,,,,,,,,,,,,,,,
,,,,,,,,,,,,,,,,,,,,,,,,,,,,,,,,,,,,,,,,,,,
,,,,,,,,,,,,,,,,,,,,,,,,,,,,,,,,,,,,,,,,,,,
,,,,,,,,,,,,,,,,,,,,,,,,,,,,,,,,,,,,,,,,,,,
,,,,,,,,,,,,,,,,,,,,,,,,,,,,,,,,,,,,,,,,,,,
,,,,,,,,,,,,,,,,,,,,,,,,,,,,,,,,,,,,,,,,,,,
,,,,,,,,,,,,,,,,,,,,,,,,,,,,,,,,,,,,,,,,,,,
,,,,,,,,,,,,,,,,,,,,,,,,,,,,,,,,,,,,,,,,,,,
,,,,,,,,,,,,,,,,,,,,,,,,,,,,,,,,,,,,,,,,,,,
,,,,,,,,,,,,,,,,,,,,,,,,,,,,,,,,,,,,,,,,,,,
,,,,,,,,,,,,,,,,,,,,,,,,,,,,,,,,,,,,,,,,,,,
,,,,,,,,,,,,,,,,,,,,,,,,,,,,,,,,,,,,,,,,,,,
,,,,,,,,,,,,,,,,,,,,,,,,,,,,,,,,,,,,,,,,,,,
,,,,,,,,,,,,,,,,,,,,,,,,,,,,,,,,,,,,,,,,,,,
,,,,,,,,,,,,,,,,,,,,,,,,,,,,,,,,,,,,,,,,,,,
,,,,,,,,,,,,,,,,,,,,,,,,,,,,,,,,,,,,,,,,,,,
,,,,,,,,,,,,,,,,,,,,,,,,,,,,,,,,,,,,,,,,,,,
,,,,,,,,,,,,,,,,,,,,,,,,,,,,,,,,,,,,,,,,,,,
,,,,,,,,,,,,,,,,,,,,,,,,,,,,,,,,,,,,,,,,,,,
,,,,,,,,,,,,,,,,,,,,,,,,,,,,,,,,,,,,,,,,,,,
,,,,,,,,,,,,,,,,,,,,,,,,,,,,,,,,,,,,,,,,,,,
,,,,,,,,,,,,,,,,,,,,,,,,,,,,,,,,,,,,,,,,,,,
,,,,,,,,,,,,,,,,,,,,,,,,,,,,,,,,,,,,,,,,,,,
,,,,,,,,,,,,,,,,,,,,,,,,,,,,,,,,,,,,,,,,,,,
,,,,,,,,,,,,,,,,,,,,,,,,,,,,,,,,,,,,,,,,,,,
,,,,,,,,,,,,,,,,,,,,,,,,,,,,,,,,,,,,,,,,,,,
,,,,,,,,,,,,,,,,,,,,,,,,,,,,,,,,,,,,,,,,,,,
,,,,,,,,,,,,,,,,,,,,,,,,,,,,,,,,,,,,,,,,,,,
,,,,,,,,,,,,,,,,,,,,,,,,,,,,,,,,,,,,,,,,,,,
,,,,,,,,,,,,,,,,,,,,,,,,,,,,,,,,,,,,,,,,,,,
,,,,,,,,,,,,,,,,,,,,,,,,,,,,,,,,,,,,,,,,,,,
,,,,,,,,,,,,,,,,,,,,,,,,,,,,,,,,,,,,,,,,,,,
,,,,,,,,,,,,,,,,,,,,,,,,,,,,,,,,,,,,,,,,,,,
,,,,,,,,,,,,,,,,,,,,,,,,,,,,,,,,,,,,,,,,,,,
,,,,,,,,,,,,,,,,,,,,,,,,,,,,,,,,,,,,,,,,,,,
,,,,,,,,,,,,,,,,,,,,,,,,,,,,,,,,,,,,,,,,,,,
,,,,,,,,,,,,,,,,,,,,,,,,,,,,,,,,,,,,,,,,,,,
,,,,,,,,,,,,,,,,,,,,,,,,,,,,,,,,,,,,,,,,,,,
,,,,,,,,,,,,,,,,,,,,,,,,,,,,,,,,,,,,,,,,,,,
,,,,,,,,,,,,,,,,,,,,,,,,,,,,,,,,,,,,,,,,,,,
,,,,,,,,,,,,,,,,,,,,,,,,,,,,,,,,,,,,,,,,,,,
,,,,,,,,,,,,,,,,,,,,,,,,,,,,,,,,,,,,,,,,,,,
,,,,,,,,,,,,,,,,,,,,,,,,,,,,,,,,,,,,,,,,,,,
,,,,,,,,,,,,,,,,,,,,,,,,,,,,,,,,,,,,,,,,,,,
,,,,,,,,,,,,,,,,,,,,,,,,,,,,,,,,,,,,,,,,,,,
,,,,,,,,,,,,,,,,,,,,,,,,,,,,,,,,,,,,,,,,,,,
,,,,,,,,,,,,,,,,,,,,,,,,,,,,,,,,,,,,,,,,,,,
,,,,,,,,,,,,,,,,,,,,,,,,,,,,,,,,,,,,,,,,,,,
,,,,,,,,,,,,,,,,,,,,,,,,,,,,,,,,,,,,,,,,,,,
,,,,,,,,,,,,,,,,,,,,,,,,,,,,,,,,,,,,,,,,,,,
,,,,,,,,,,,,,,,,,,,,,,,,,,,,,,,,,,,,,,,,,,,
,,,,,,,,,,,,,,,,,,,,,,,,,,,,,,,,,,,,,,,,,,,
,,,,,,,,,,,,,,,,,,,,,,,,,,,,,,,,,,,,,,,,,,,
,,,,,,,,,,,,,,,,,,,,,,,,,,,,,,,,,,,,,,,,,,,
,,,,,,,,,,,,,,,,,,,,,,,,,,,,,,,,,,,,,,,,,,,
,,,,,,,,,,,,,,,,,,,,,,,,,,,,,,,,,,,,,,,,,,,
,,,,,,,,,,,,,,,,,,,,,,,,,,,,,,,,,,,,,,,,,,,
,,,,,,,,,,,,,,,,,,,,,,,,,,,,,,,,,,,,,,,,,,,
,,,,,,,,,,,,,,,,,,,,,,,,,,,,,,,,,,,,,,,,,,,
,,,,,,,,,,,,,,,,,,,,,,,,,,,,,,,,,,,,,,,,,,,
,,,,,,,,,,,,,,,,,,,,,,,,,,,,,,,,,,,,,,,,,,,
,,,,,,,,,,,,,,,,,,,,,,,,,,,,,,,,,,,,,,,,,,,
,,,,,,,,,,,,,,,,,,,,,,,,,,,,,,,,,,,,,,,,,,,
,,,,,,,,,,,,,,,,,,,,,,,,,,,,,,,,,,,,,,,,,,,
,,,,,,,,,,,,,,,,,,,,,,,,,,,,,,,,,,,,,,,,,,,
,,,,,,,,,,,,,,,,,,,,,,,,,,,,,,,,,,,,,,,,,,,
,,,,,,,,,,,,,,,,,,,,,,,,,,,,,,,,,,,,,,,,,,,
,,,,,,,,,,,,,,,,,,,,,,,,,,,,,,,,,,,,,,,,,,,
,,,,,,,,,,,,,,,,,,,,,,,,,,,,,,,,,,,,,,,,,,,
,,,,,,,,,,,,,,,,,,,,,,,,,,,,,,,,,,,,,,,,,,,
,,,,,,,,,,,,,,,,,,,,,,,,,,,,,,,,,,,,,,,,,,,
,,,,,,,,,,,,,,,,,,,,,,,,,,,,,,,,,,,,,,,,,,,
,,,,,,,,,,,,,,,,,,,,,,,,,,,,,,,,,,,,,,,,,,,
,,,,,,,,,,,,,,,,,,,,,,,,,,,,,,,,,,,,,,,,,,,
,,,,,,,,,,,,,,,,,,,,,,,,,,,,,,,,,,,,,,,,,,,
,,,,,,,,,,,,,,,,,,,,,,,,,,,,,,,,,,,,,,,,,,,
,,,,,,,,,,,,,,,,,,,,,,,,,,,,,,,,,,,,,,,,,,,
,,,,,,,,,,,,,,,,,,,,,,,,,,,,,,,,,,,,,,,,,,,
,,,,,,,,,,,,,,,,,,,,,,,,,,,,,,,,,,,,,,,,,,,
,,,,,,,,,,,,,,,,,,,,,,,,,,,,,,,,,,,,,,,,,,,
,,,,,,,,,,,,,,,,,,,,,,,,,,,,,,,,,,,,,,,,,,,
,,,,,,,,,,,,,,,,,,,,,,,,,,,,,,,,,,,,,,,,,,,
,,,,,,,,,,,,,,,,,,,,,,,,,,,,,,,,,,,,,,,,,,,
,,,,,,,,,,,,,,,,,,,,,,,,,,,,,,,,,,,,,,,,,,,
,,,,,,,,,,,,,,,,,,,,,,,,,,,,,,,,,,,,,,,,,,,
,,,,,,,,,,,,,,,,,,,,,,,,,,,,,,,,,,,,,,,,,,,
,,,,,,,,,,,,,,,,,,,,,,,,,,,,,,,,,,,,,,,,,,,
,,,,,,,,,,,,,,,,,,,,,,,,,,,,,,,,,,,,,,,,,,,
,,,,,,,,,,,,,,,,,,,,,,,,,,,,,,,,,,,,,,,,,,,
,,,,,,,,,,,,,,,,,,,,,,,,,,,,,,,,,,,,,,,,,,,
,,,,,,,,,,,,,,,,,,,,,,,,,,,,,,,,,,,,,,,,,,,
,,,,,,,,,,,,,,,,,,,,,,,,,,,,,,,,,,,,,,,,,,,
,,,,,,,,,,,,,,,,,,,,,,,,,,,,,,,,,,,,,,,,,,,
,,,,,,,,,,,,,,,,,,,,,,,,,,,,,,,,,,,,,,,,,,,
,,,,,,,,,,,,,,,,,,,,,,,,,,,,,,,,,,,,,,,,,,,
,,,,,,,,,,,,,,,,,,,,,,,,,,,,,,,,,,,,,,,,,,,
,,,,,,,,,,,,,,,,,,,,,,,,,,,,,,,,,,,,,,,,,,,
,,,,,,,,,,,,,,,,,,,,,,,,,,,,,,,,,,,,,,,,,,,
,,,,,,,,,,,,,,,,,,,,,,,,,,,,,,,,,,,,,,,,,,,
,,,,,,,,,,,,,,,,,,,,,,,,,,,,,,,,,,,,,,,,,,,
,,,,,,,,,,,,,,,,,,,,,,,,,,,,,,,,,,,,,,,,,,,
,,,,,,,,,,,,,,,,,,,,,,,,,,,,,,,,,,,,,,,,,,,
,,,,,,,,,,,,,,,,,,,,,,,,,,,,,,,,,,,,,,,,,,,
,,,,,,,,,,,,,,,,,,,,,,,,,,,,,,,,,,,,,,,,,,,
,,,,,,,,,,,,,,,,,,,,,,,,,,,,,,,,,,,,,,,,,,,
,,,,,,,,,,,,,,,,,,,,,,,,,,,,,,,,,,,,,,,,,,,
,,,,,,,,,,,,,,,,,,,,,,,,,,,,,,,,,,,,,,,,,,,
,,,,,,,,,,,,,,,,,,,,,,,,,,,,,,,,,,,,,,,,,,,
,,,,,,,,,,,,,,,,,,,,,,,,,,,,,,,,,,,,,,,,,,,
,,,,,,,,,,,,,,,,,,,,,,,,,,,,,,,,,,,,,,,,,,,
,,,,,,,,,,,,,,,,,,,,,,,,,,,,,,,,,,,,,,,,,,,
,,,,,,,,,,,,,,,,,,,,,,,,,,,,,,,,,,,,,,,,,,,
,,,,,,,,,,,,,,,,,,,,,,,,,,,,,,,,,,,,,,,,,,,
,,,,,,,,,,,,,,,,,,,,,,,,,,,,,,,,,,,,,,,,,,,
,,,,,,,,,,,,,,,,,,,,,,,,,,,,,,,,,,,,,,,,,,,
,,,,,,,,,,,,,,,,,,,,,,,,,,,,,,,,,,,,,,,,,,,
,,,,,,,,,,,,,,,,,,,,,,,,,,,,,,,,,,,,,,,,,,,
,,,,,,,,,,,,,,,,,,,,,,,,,,,,,,,,,,,,,,,,,,,
,,,,,,,,,,,,,,,,,,,,,,,,,,,,,,,,,,,,,,,,,,,
,,,,,,,,,,,,,,,,,,,,,,,,,,,,,,,,,,,,,,,,,,,
,,,,,,,,,,,,,,,,,,,,,,,,,,,,,,,,,,,,,,,,,,,
,,,,,,,,,,,,,,,,,,,,,,,,,,,,,,,,,,,,,,,,,,,
,,,,,,,,,,,,,,,,,,,,,,,,,,,,,,,,,,,,,,,,,,,
,,,,,,,,,,,,,,,,,,,,,,,,,,,,,,,,,,,,,,,,,,,
,,,,,,,,,,,,,,,,,,,,,,,,,,,,,,,,,,,,,,,,,,,
,,,,,,,,,,,,,,,,,,,,,,,,,,,,,,,,,,,,,,,,,,,
,,,,,,,,,,,,,,,,,,,,,,,,,,,,,,,,,,,,,,,,,,,
,,,,,,,,,,,,,,,,,,,,,,,,,,,,,,,,,,,,,,,,,,,
,,,,,,,,,,,,,,,,,,,,,,,,,,,,,,,,,,,,,,,,,,,
,,,,,,,,,,,,,,,,,,,,,,,,,,,,,,,,,,,,,,,,,,,
,,,,,,,,,,,,,,,,,,,,,,,,,,,,,,,,,,,,,,,,,,,
,,,,,,,,,,,,,,,,,,,,,,,,,,,,,,,,,,,,,,,,,,,
,,,,,,,,,,,,,,,,,,,,,,,,,,,,,,,,,,,,,,,,,,,
,,,,,,,,,,,,,,,,,,,,,,,,,,,,,,,,,,,,,,,,,,,
,,,,,,,,,,,,,,,,,,,,,,,,,,,,,,,,,,,,,,,,,,,
,,,,,,,,,,,,,,,,,,,,,,,,,,,,,,,,,,,,,,,,,,,
,,,,,,,,,,,,,,,,,,,,,,,,,,,,,,,,,,,,,,,,,,,
,,,,,,,,,,,,,,,,,,,,,,,,,,,,,,,,,,,,,,,,,,,
,,,,,,,,,,,,,,,,,,,,,,,,,,,,,,,,,,,,,,,,,,,
,,,,,,,,,,,,,,,,,,,,,,,,,,,,,,,,,,,,,,,,,,,
,,,,,,,,,,,,,,,,,,,,,,,,,,,,,,,,,,,,,,,,,,,
,,,,,,,,,,,,,,,,,,,,,,,,,,,,,,,,,,,,,,,,,,,
,,,,,,,,,,,,,,,,,,,,,,,,,,,,,,,,,,,,,,,,,,,
,,,,,,,,,,,,,,,,,,,,,,,,,,,,,,,,,,,,,,,,,,,
,,,,,,,,,,,,,,,,,,,,,,,,,,,,,,,,,,,,,,,,,,,
,,,,,,,,,,,,,,,,,,,,,,,,,,,,,,,,,,,,,,,,,,,
,,,,,,,,,,,,,,,,,,,,,,,,,,,,,,,,,,,,,,,,,,,
,,,,,,,,,,,,,,,,,,,,,,,,,,,,,,,,,,,,,,,,,,,
,,,,,,,,,,,,,,,,,,,,,,,,,,,,,,,,,,,,,,,,,,,
,,,,,,,,,,,,,,,,,,,,,,,,,,,,,,,,,,,,,,,,,,,
,,,,,,,,,,,,,,,,,,,,,,,,,,,,,,,,,,,,,,,,,,,
,,,,,,,,,,,,,,,,,,,,,,,,,,,,,,,,,,,,,,,,,,,
,,,,,,,,,,,,,,,,,,,,,,,,,,,,,,,,,,,,,,,,,,,
,,,,,,,,,,,,,,,,,,,,,,,,,,,,,,,,,,,,,,,,,,,
,,,,,,,,,,,,,,,,,,,,,,,,,,,,,,,,,,,,,,,,,,,
,,,,,,,,,,,,,,,,,,,,,,,,,,,,,,,,,,,,,,,,,,,
,,,,,,,,,,,,,,,,,,,,,,,,,,,,,,,,,,,,,,,,,,,
,,,,,,,,,,,,,,,,,,,,,,,,,,,,,,,,,,,,,,,,,,,
,,,,,,,,,,,,,,,,,,,,,,,,,,,,,,,,,,,,,,,,,,,
,,,,,,,,,,,,,,,,,,,,,,,,,,,,,,,,,,,,,,,,,,,
,,,,,,,,,,,,,,,,,,,,,,,,,,,,,,,,,,,,,,,,,,,
,,,,,,,,,,,,,,,,,,,,,,,,,,,,,,,,,,,,,,,,,,,
,,,,,,,,,,,,,,,,,,,,,,,,,,,,,,,,,,,,,,,,,,,
,,,,,,,,,,,,,,,,,,,,,,,,,,,,,,,,,,,,,,,,,,,
,,,,,,,,,,,,,,,,,,,,,,,,,,,,,,,,,,,,,,,,,,,
,,,,,,,,,,,,,,,,,,,,,,,,,,,,,,,,,,,,,,,,,,,
,,,,,,,,,,,,,,,,,,,,,,,,,,,,,,,,,,,,,,,,,,,
,,,,,,,,,,,,,,,,,,,,,,,,,,,,,,,,,,,,,,,,,,,
,,,,,,,,,,,,,,,,,,,,,,,,,,,,,,,,,,,,,,,,,,,
,,,,,,,,,,,,,,,,,,,,,,,,,,,,,,,,,,,,,,,,,,,
,,,,,,,,,,,,,,,,,,,,,,,,,,,,,,,,,,,,,,,,,,,
,,,,,,,,,,,,,,,,,,,,,,,,,,,,,,,,,,,,,,,,,,,
,,,,,,,,,,,,,,,,,,,,,,,,,,,,,,,,,,,,,,,,,,,
,,,,,,,,,,,,,,,,,,,,,,,,,,,,,,,,,,,,,,,,,,,
,,,,,,,,,,,,,,,,,,,,,,,,,,,,,,,,,,,,,,,,,,,
,,,,,,,,,,,,,,,,,,,,,,,,,,,,,,,,,,,,,,,,,,,
,,,,,,,,,,,,,,,,,,,,,,,,,,,,,,,,,,,,,,,,,,,
,,,,,,,,,,,,,,,,,,,,,,,,,,,,,,,,,,,,,,,,,,,
,,,,,,,,,,,,,,,,,,,,,,,,,,,,,,,,,,,,,,,,,,,
,,,,,,,,,,,,,,,,,,,,,,,,,,,,,,,,,,,,,,,,,,,
,,,,,,,,,,,,,,,,,,,,,,,,,,,,,,,,,,,,,,,,,,,
,,,,,,,,,,,,,,,,,,,,,,,,,,,,,,,,,,,,,,,,,,,
,,,,,,,,,,,,,,,,,,,,,,,,,,,,,,,,,,,,,,,,,,,
,,,,,,,,,,,,,,,,,,,,,,,,,,,,,,,,,,,,,,,,,,,
,,,,,,,,,,,,,,,,,,,,,,,,,,,,,,,,,,,,,,,,,,,
,,,,,,,,,,,,,,,,,,,,,,,,,,,,,,,,,,,,,,,,,,,
,,,,,,,,,,,,,,,,,,,,,,,,,,,,,,,,,,,,,,,,,,,
,,,,,,,,,,,,,,,,,,,,,,,,,,,,,,,,,,,,,,,,,,,
,,,,,,,,,,,,,,,,,,,,,,,,,,,,,,,,,,,,,,,,,,,
,,,,,,,,,,,,,,,,,,,,,,,,,,,,,,,,,,,,,,,,,,,
,,,,,,,,,,,,,,,,,,,,,,,,,,,,,,,,,,,,,,,,,,,
,,,,,,,,,,,,,,,,,,,,,,,,,,,,,,,,,,,,,,,,,,,
,,,,,,,,,,,,,,,,,,,,,,,,,,,,,,,,,,,,,,,,,,,
,,,,,,,,,,,,,,,,,,,,,,,,,,,,,,,,,,,,,,,,,,,
,,,,,,,,,,,,,,,,,,,,,,,,,,,,,,,,,,,,,,,,,,,
,,,,,,,,,,,,,,,,,,,,,,,,,,,,,,,,,,,,,,,,,,,
,,,,,,,,,,,,,,,,,,,,,,,,,,,,,,,,,,,,,,,,,,,
,,,,,,,,,,,,,,,,,,,,,,,,,,,,,,,,,,,,,,,,,,,
,,,,,,,,,,,,,,,,,,,,,,,,,,,,,,,,,,,,,,,,,,,
,,,,,,,,,,,,,,,,,,,,,,,,,,,,,,,,,,,,,,,,,,,
,,,,,,,,,,,,,,,,,,,,,,,,,,,,,,,,,,,,,,,,,,,
,,,,,,,,,,,,,,,,,,,,,,,,,,,,,,,,,,,,,,,,,,,
,,,,,,,,,,,,,,,,,,,,,,,,,,,,,,,,,,,,,,,,,,,
,,,,,,,,,,,,,,,,,,,,,,,,,,,,,,,,,,,,,,,,,,,
,,,,,,,,,,,,,,,,,,,,,,,,,,,,,,,,,,,,,,,,,,,
,,,,,,,,,,,,,,,,,,,,,,,,,,,,,,,,,,,,,,,,,,,
,,,,,,,,,,,,,,,,,,,,,,,,,,,,,,,,,,,,,,,,,,,
,,,,,,,,,,,,,,,,,,,,,,,,,,,,,,,,,,,,,,,,,,,
,,,,,,,,,,,,,,,,,,,,,,,,,,,,,,,,,,,,,,,,,,,
,,,,,,,,,,,,,,,,,,,,,,,,,,,,,,,,,,,,,,,,,,,
,,,,,,,,,,,,,,,,,,,,,,,,,,,,,,,,,,,,,,,,,,,
,,,,,,,,,,,,,,,,,,,,,,,,,,,,,,,,,,,,,,,,,,,
,,,,,,,,,,,,,,,,,,,,,,,,,,,,,,,,,,,,,,,,,,,
,,,,,,,,,,,,,,,,,,,,,,,,,,,,,,,,,,,,,,,,,,,
,,,,,,,,,,,,,,,,,,,,,,,,,,,,,,,,,,,,,,,,,,,
,,,,,,,,,,,,,,,,,,,,,,,,,,,,,,,,,,,,,,,,,,,
,,,,,,,,,,,,,,,,,,,,,,,,,,,,,,,,,,,,,,,,,,,
,,,,,,,,,,,,,,,,,,,,,,,,,,,,,,,,,,,,,,,,,,,
,,,,,,,,,,,,,,,,,,,,,,,,,,,,,,,,,,,,,,,,,,,
,,,,,,,,,,,,,,,,,,,,,,,,,,,,,,,,,,,,,,,,,,,
,,,,,,,,,,,,,,,,,,,,,,,,,,,,,,,,,,,,,,,,,,,
,,,,,,,,,,,,,,,,,,,,,,,,,,,,,,,,,,,,,,,,,,,
,,,,,,,,,,,,,,,,,,,,,,,,,,,,,,,,,,,,,,,,,,,
,,,,,,,,,,,,,,,,,,,,,,,,,,,,,,,,,,,,,,,,,,,
,,,,,,,,,,,,,,,,,,,,,,,,,,,,,,,,,,,,,,,,,,,
,,,,,,,,,,,,,,,,,,,,,,,,,,,,,,,,,,,,,,,,,,,
,,,,,,,,,,,,,,,,,,,,,,,,,,,,,,,,,,,,,,,,,,,
,,,,,,,,,,,,,,,,,,,,,,,,,,,,,,,,,,,,,,,,,,,
,,,,,,,,,,,,,,,,,,,,,,,,,,,,,,,,,,,,,,,,,,,
,,,,,,,,,,,,,,,,,,,,,,,,,,,,,,,,,,,,,,,,,,,
,,,,,,,,,,,,,,,,,,,,,,,,,,,,,,,,,,,,,,,,,,,
,,,,,,,,,,,,,,,,,,,,,,,,,,,,,,,,,,,,,,,,,,,
,,,,,,,,,,,,,,,,,,,,,,,,,,,,,,,,,,,,,,,,,,,
,,,,,,,,,,,,,,,,,,,,,,,,,,,,,,,,,,,,,,,,,,,
,,,,,,,,,,,,,,,,,,,,,,,,,,,,,,,,,,,,,,,,,,,
,,,,,,,,,,,,,,,,,,,,,,,,,,,,,,,,,,,,,,,,,,,
,,,,,,,,,,,,,,,,,,,,,,,,,,,,,,,,,,,,,,,,,,,
,,,,,,,,,,,,,,,,,,,,,,,,,,,,,,,,,,,,,,,,,,,
,,,,,,,,,,,,,,,,,,,,,,,,,,,,,,,,,,,,,,,,,,,
,,,,,,,,,,,,,,,,,,,,,,,,,,,,,,,,,,,,,,,,,,,
,,,,,,,,,,,,,,,,,,,,,,,,,,,,,,,,,,,,,,,,,,,
,,,,,,,,,,,,,,,,,,,,,,,,,,,,,,,,,,,,,,,,,,,
,,,,,,,,,,,,,,,,,,,,,,,,,,,,,,,,,,,,,,,,,,,
,,,,,,,,,,,,,,,,,,,,,,,,,,,,,,,,,,,,,,,,,,,
,,,,,,,,,,,,,,,,,,,,,,,,,,,,,,,,,,,,,,,,,,,
,,,,,,,,,,,,,,,,,,,,,,,,,,,,,,,,,,,,,,,,,,,
,,,,,,,,,,,,,,,,,,,,,,,,,,,,,,,,,,,,,,,,,,,
,,,,,,,,,,,,,,,,,,,,,,,,,,,,,,,,,,,,,,,,,,,
,,,,,,,,,,,,,,,,,,,,,,,,,,,,,,,,,,,,,,,,,,,
,,,,,,,,,,,,,,,,,,,,,,,,,,,,,,,,,,,,,,,,,,,
,,,,,,,,,,,,,,,,,,,,,,,,,,,,,,,,,,,,,,,,,,,
,,,,,,,,,,,,,,,,,,,,,,,,,,,,,,,,,,,,,,,,,,,
,,,,,,,,,,,,,,,,,,,,,,,,,,,,,,,,,,,,,,,,,,,
,,,,,,,,,,,,,,,,,,,,,,,,,,,,,,,,,,,,,,,,,,,
,,,,,,,,,,,,,,,,,,,,,,,,,,,,,,,,,,,,,,,,,,,
,,,,,,,,,,,,,,,,,,,,,,,,,,,,,,,,,,,,,,,,,,,
,,,,,,,,,,,,,,,,,,,,,,,,,,,,,,,,,,,,,,,,,,,
,,,,,,,,,,,,,,,,,,,,,,,,,,,,,,,,,,,,,,,,,,,
,,,,,,,,,,,,,,,,,,,,,,,,,,,,,,,,,,,,,,,,,,,
,,,,,,,,,,,,,,,,,,,,,,,,,,,,,,,,,,,,,,,,,,,
,,,,,,,,,,,,,,,,,,,,,,,,,,,,,,,,,,,,,,,,,,,
,,,,,,,,,,,,,,,,,,,,,,,,,,,,,,,,,,,,,,,,,,,
,,,,,,,,,,,,,,,,,,,,,,,,,,,,,,,,,,,,,,,,,,,
,,,,,,,,,,,,,,,,,,,,,,,,,,,,,,,,,,,,,,,,,,,
,,,,,,,,,,,,,,,,,,,,,,,,,,,,,,,,,,,,,,,,,,,
,,,,,,,,,,,,,,,,,,,,,,,,,,,,,,,,,,,,,,,,,,,
,,,,,,,,,,,,,,,,,,,,,,,,,,,,,,,,,,,,,,,,,,,
,,,,,,,,,,,,,,,,,,,,,,,,,,,,,,,,,,,,,,,,,,,
,,,,,,,,,,,,,,,,,,,,,,,,,,,,,,,,,,,,,,,,,,,
,,,,,,,,,,,,,,,,,,,,,,,,,,,,,,,,,,,,,,,,,,,
,,,,,,,,,,,,,,,,,,,,,,,,,,,,,,,,,,,,,,,,,,,
,,,,,,,,,,,,,,,,,,,,,,,,,,,,,,,,,,,,,,,,,,,
,,,,,,,,,,,,,,,,,,,,,,,,,,,,,,,,,,,,,,,,,,,
,,,,,,,,,,,,,,,,,,,,,,,,,,,,,,,,,,,,,,,,,,,
,,,,,,,,,,,,,,,,,,,,,,,,,,,,,,,,,,,,,,,,,,,
,,,,,,,,,,,,,,,,,,,,,,,,,,,,,,,,,,,,,,,,,,,
,,,,,,,,,,,,,,,,,,,,,,,,,,,,,,,,,,,,,,,,,,,
,,,,,,,,,,,,,,,,,,,,,,,,,,,,,,,,,,,,,,,,,,,
,,,,,,,,,,,,,,,,,,,,,,,,,,,,,,,,,,,,,,,,,,,
,,,,,,,,,,,,,,,,,,,,,,,,,,,,,,,,,,,,,,,,,,,
,,,,,,,,,,,,,,,,,,,,,,,,,,,,,,,,,,,,,,,,,,,
,,,,,,,,,,,,,,,,,,,,,,,,,,,,,,,,,,,,,,,,,,,
,,,,,,,,,,,,,,,,,,,,,,,,,,,,,,,,,,,,,,,,,,,
,,,,,,,,,,,,,,,,,,,,,,,,,,,,,,,,,,,,,,,,,,,
,,,,,,,,,,,,,,,,,,,,,,,,,,,,,,,,,,,,,,,,,,,
,,,,,,,,,,,,,,,,,,,,,,,,,,,,,,,,,,,,,,,,,,,
,,,,,,,,,,,,,,,,,,,,,,,,,,,,,,,,,,,,,,,,,,,
,,,,,,,,,,,,,,,,,,,,,,,,,,,,,,,,,,,,,,,,,,,
,,,,,,,,,,,,,,,,,,,,,,,,,,,,,,,,,,,,,,,,,,,
,,,,,,,,,,,,,,,,,,,,,,,,,,,,,,,,,,,,,,,,,,,
,,,,,,,,,,,,,,,,,,,,,,,,,,,,,,,,,,,,,,,,,,,
,,,,,,,,,,,,,,,,,,,,,,,,,,,,,,,,,,,,,,,,,,,
,,,,,,,,,,,,,,,,,,,,,,,,,,,,,,,,,,,,,,,,,,,
,,,,,,,,,,,,,,,,,,,,,,,,,,,,,,,,,,,,,,,,,,,
,,,,,,,,,,,,,,,,,,,,,,,,,,,,,,,,,,,,,,,,,,,
,,,,,,,,,,,,,,,,,,,,,,,,,,,,,,,,,,,,,,,,,,,
,,,,,,,,,,,,,,,,,,,,,,,,,,,,,,,,,,,,,,,,,,,
,,,,,,,,,,,,,,,,,,,,,,,,,,,,,,,,,,,,,,,,,,,
,,,,,,,,,,,,,,,,,,,,,,,,,,,,,,,,,,,,,,,,,,,
,,,,,,,,,,,,,,,,,,,,,,,,,,,,,,,,,,,,,,,,,,,
,,,,,,,,,,,,,,,,,,,,,,,,,,,,,,,,,,,,,,,,,,,
,,,,,,,,,,,,,,,,,,,,,,,,,,,,,,,,,,,,,,,,,,,
,,,,,,,,,,,,,,,,,,,,,,,,,,,,,,,,,,,,,,,,,,,
,,,,,,,,,,,,,,,,,,,,,,,,,,,,,,,,,,,,,,,,,,,
,,,,,,,,,,,,,,,,,,,,,,,,,,,,,,,,,,,,,,,,,,,
,,,,,,,,,,,,,,,,,,,,,,,,,,,,,,,,,,,,,,,,,,,
,,,,,,,,,,,,,,,,,,,,,,,,,,,,,,,,,,,,,,,,,,,
,,,,,,,,,,,,,,,,,,,,,,,,,,,,,,,,,,,,,,,,,,,
,,,,,,,,,,,,,,,,,,,,,,,,,,,,,,,,,,,,,,,,,,,
,,,,,,,,,,,,,,,,,,,,,,,,,,,,,,,,,,,,,,,,,,,
,,,,,,,,,,,,,,,,,,,,,,,,,,,,,,,,,,,,,,,,,,,
,,,,,,,,,,,,,,,,,,,,,,,,,,,,,,,,,,,,,,,,,,,
,,,,,,,,,,,,,,,,,,,,,,,,,,,,,,,,,,,,,,,,,,,
,,,,,,,,,,,,,,,,,,,,,,,,,,,,,,,,,,,,,,,,,,,
,,,,,,,,,,,,,,,,,,,,,,,,,,,,,,,,,,,,,,,,,,,
,,,,,,,,,,,,,,,,,,,,,,,,,,,,,,,,,,,,,,,,,,,
,,,,,,,,,,,,,,,,,,,,,,,,,,,,,,,,,,,,,,,,,,,
,,,,,,,,,,,,,,,,,,,,,,,,,,,,,,,,,,,,,,,,,,,
,,,,,,,,,,,,,,,,,,,,,,,,,,,,,,,,,,,,,,,,,,,
,,,,,,,,,,,,,,,,,,,,,,,,,,,,,,,,,,,,,,,,,,,
,,,,,,,,,,,,,,,,,,,,,,,,,,,,,,,,,,,,,,,,,,,
,,,,,,,,,,,,,,,,,,,,,,,,,,,,,,,,,,,,,,,,,,,
,,,,,,,,,,,,,,,,,,,,,,,,,,,,,,,,,,,,,,,,,,,
,,,,,,,,,,,,,,,,,,,,,,,,,,,,,,,,,,,,,,,,,,,
,,,,,,,,,,,,,,,,,,,,,,,,,,,,,,,,,,,,,,,,,,,
,,,,,,,,,,,,,,,,,,,,,,,,,,,,,,,,,,,,,,,,,,,
,,,,,,,,,,,,,,,,,,,,,,,,,,,,,,,,,,,,,,,,,,,
,,,,,,,,,,,,,,,,,,,,,,,,,,,,,,,,,,,,,,,,,,,
,,,,,,,,,,,,,,,,,,,,,,,,,,,,,,,,,,,,,,,,,,,
,,,,,,,,,,,,,,,,,,,,,,,,,,,,,,,,,,,,,,,,,,,
,,,,,,,,,,,,,,,,,,,,,,,,,,,,,,,,,,,,,,,,,,,
,,,,,,,,,,,,,,,,,,,,,,,,,,,,,,,,,,,,,,,,,,,
,,,,,,,,,,,,,,,,,,,,,,,,,,,,,,,,,,,,,,,,,,,
,,,,,,,,,,,,,,,,,,,,,,,,,,,,,,,,,,,,,,,,,,,
,,,,,,,,,,,,,,,,,,,,,,,,,,,,,,,,,,,,,,,,,,,
,,,,,,,,,,,,,,,,,,,,,,,,,,,,,,,,,,,,,,,,,,,
,,,,,,,,,,,,,,,,,,,,,,,,,,,,,,,,,,,,,,,,,,,
,,,,,,,,,,,,,,,,,,,,,,,,,,,,,,,,,,,,,,,,,,,
,,,,,,,,,,,,,,,,,,,,,,,,,,,,,,,,,,,,,,,,,,,
,,,,,,,,,,,,,,,,,,,,,,,,,,,,,,,,,,,,,,,,,,,
,,,,,,,,,,,,,,,,,,,,,,,,,,,,,,,,,,,,,,,,,,,
,,,,,,,,,,,,,,,,,,,,,,,,,,,,,,,,,,,,,,,,,,,
,,,,,,,,,,,,,,,,,,,,,,,,,,,,,,,,,,,,,,,,,,,
,,,,,,,,,,,,,,,,,,,,,,,,,,,,,,,,,,,,,,,,,,,
,,,,,,,,,,,,,,,,,,,,,,,,,,,,,,,,,,,,,,,,,,,
,,,,,,,,,,,,,,,,,,,,,,,,,,,,,,,,,,,,,,,,,,,
,,,,,,,,,,,,,,,,,,,,,,,,,,,,,,,,,,,,,,,,,,,
,,,,,,,,,,,,,,,,,,,,,,,,,,,,,,,,,,,,,,,,,,,
,,,,,,,,,,,,,,,,,,,,,,,,,,,,,,,,,,,,,,,,,,,
,,,,,,,,,,,,,,,,,,,,,,,,,,,,,,,,,,,,,,,,,,,
,,,,,,,,,,,,,,,,,,,,,,,,,,,,,,,,,,,,,,,,,,,
,,,,,,,,,,,,,,,,,,,,,,,,,,,,,,,,,,,,,,,,,,,
,,,,,,,,,,,,,,,,,,,,,,,,,,,,,,,,,,,,,,,,,,,
,,,,,,,,,,,,,,,,,,,,,,,,,,,,,,,,,,,,,,,,,,,
,,,,,,,,,,,,,,,,,,,,,,,,,,,,,,,,,,,,,,,,,,,
,,,,,,,,,,,,,,,,,,,,,,,,,,,,,,,,,,,,,,,,,,,
,,,,,,,,,,,,,,,,,,,,,,,,,,,,,,,,,,,,,,,,,,,
,,,,,,,,,,,,,,,,,,,,,,,,,,,,,,,,,,,,,,,,,,,
,,,,,,,,,,,,,,,,,,,,,,,,,,,,,,,,,,,,,,,,,,,
,,,,,,,,,,,,,,,,,,,,,,,,,,,,,,,,,,,,,,,,,,,
,,,,,,,,,,,,,,,,,,,,,,,,,,,,,,,,,,,,,,,,,,,
,,,,,,,,,,,,,,,,,,,,,,,,,,,,,,,,,,,,,,,,,,,
,,,,,,,,,,,,,,,,,,,,,,,,,,,,,,,,,,,,,,,,,,,
,,,,,,,,,,,,,,,,,,,,,,,,,,,,,,,,,,,,,,,,,,,
,,,,,,,,,,,,,,,,,,,,,,,,,,,,,,,,,,,,,,,,,,,
,,,,,,,,,,,,,,,,,,,,,,,,,,,,,,,,,,,,,,,,,,,
,,,,,,,,,,,,,,,,,,,,,,,,,,,,,,,,,,,,,,,,,,,
,,,,,,,,,,,,,,,,,,,,,,,,,,,,,,,,,,,,,,,,,,,
,,,,,,,,,,,,,,,,,,,,,,,,,,,,,,,,,,,,,,,,,,,
,,,,,,,,,,,,,,,,,,,,,,,,,,,,,,,,,,,,,,,,,,,
,,,,,,,,,,,,,,,,,,,,,,,,,,,,,,,,,,,,,,,,,,,
,,,,,,,,,,,,,,,,,,,,,,,,,,,,,,,,,,,,,,,,,,,
,,,,,,,,,,,,,,,,,,,,,,,,,,,,,,,,,,,,,,,,,,,
,,,,,,,,,,,,,,,,,,,,,,,,,,,,,,,,,,,,,,,,,,,
,,,,,,,,,,,,,,,,,,,,,,,,,,,,,,,,,,,,,,,,,,,
,,,,,,,,,,,,,,,,,,,,,,,,,,,,,,,,,,,,,,,,,,,
,,,,,,,,,,,,,,,,,,,,,,,,,,,,,,,,,,,,,,,,,,,
,,,,,,,,,,,,,,,,,,,,,,,,,,,,,,,,,,,,,,,,,,,
,,,,,,,,,,,,,,,,,,,,,,,,,,,,,,,,,,,,,,,,,,,
,,,,,,,,,,,,,,,,,,,,,,,,,,,,,,,,,,,,,,,,,,,
,,,,,,,,,,,,,,,,,,,,,,,,,,,,,,,,,,,,,,,,,,,
,,,,,,,,,,,,,,,,,,,,,,,,,,,,,,,,,,,,,,,,,,,
,,,,,,,,,,,,,,,,,,,,,,,,,,,,,,,,,,,,,,,,,,,
,,,,,,,,,,,,,,,,,,,,,,,,,,,,,,,,,,,,,,,,,,,
,,,,,,,,,,,,,,,,,,,,,,,,,,,,,,,,,,,,,,,,,,,
,,,,,,,,,,,,,,,,,,,,,,,,,,,,,,,,,,,,,,,,,,,
,,,,,,,,,,,,,,,,,,,,,,,,,,,,,,,,,,,,,,,,,,,
,,,,,,,,,,,,,,,,,,,,,,,,,,,,,,,,,,,,,,,,,,,
,,,,,,,,,,,,,,,,,,,,,,,,,,,,,,,,,,,,,,,,,,,
,,,,,,,,,,,,,,,,,,,,,,,,,,,,,,,,,,,,,,,,,,,
,,,,,,,,,,,,,,,,,,,,,,,,,,,,,,,,,,,,,,,,,,,
,,,,,,,,,,,,,,,,,,,,,,,,,,,,,,,,,,,,,,,,,,,
,,,,,,,,,,,,,,,,,,,,,,,,,,,,,,,,,,,,,,,,,,,
,,,,,,,,,,,,,,,,,,,,,,,,,,,,,,,,,,,,,,,,,,,
,,,,,,,,,,,,,,,,,,,,,,,,,,,,,,,,,,,,,,,,,,,
,,,,,,,,,,,,,,,,,,,,,,,,,,,,,,,,,,,,,,,,,,,
,,,,,,,,,,,,,,,,,,,,,,,,,,,,,,,,,,,,,,,,,,,
,,,,,,,,,,,,,,,,,,,,,,,,,,,,,,,,,,,,,,,,,,,
,,,,,,,,,,,,,,,,,,,,,,,,,,,,,,,,,,,,,,,,,,,
,,,,,,,,,,,,,,,,,,,,,,,,,,,,,,,,,,,,,,,,,,,
,,,,,,,,,,,,,,,,,,,,,,,,,,,,,,,,,,,,,,,,,,,
,,,,,,,,,,,,,,,,,,,,,,,,,,,,,,,,,,,,,,,,,,,
,,,,,,,,,,,,,,,,,,,,,,,,,,,,,,,,,,,,,,,,,,,
,,,,,,,,,,,,,,,,,,,,,,,,,,,,,,,,,,,,,,,,,,,
,,,,,,,,,,,,,,,,,,,,,,,,,,,,,,,,,,,,,,,,,,,
,,,,,,,,,,,,,,,,,,,,,,,,,,,,,,,,,,,,,,,,,,,
,,,,,,,,,,,,,,,,,,,,,,,,,,,,,,,,,,,,,,,,,,,
,,,,,,,,,,,,,,,,,,,,,,,,,,,,,,,,,,,,,,,,,,,
,,,,,,,,,,,,,,,,,,,,,,,,,,,,,,,,,,,,,,,,,,,
,,,,,,,,,,,,,,,,,,,,,,,,,,,,,,,,,,,,,,,,,,,
,,,,,,,,,,,,,,,,,,,,,,,,,,,,,,,,,,,,,,,,,,,
,,,,,,,,,,,,,,,,,,,,,,,,,,,,,,,,,,,,,,,,,,,
,,,,,,,,,,,,,,,,,,,,,,,,,,,,,,,,,,,,,,,,,,,
,,,,,,,,,,,,,,,,,,,,,,,,,,,,,,,,,,,,,,,,,,,
,,,,,,,,,,,,,,,,,,,,,,,,,,,,,,,,,,,,,,,,,,,
,,,,,,,,,,,,,,,,,,,,,,,,,,,,,,,,,,,,,,,,,,,
,,,,,,,,,,,,,,,,,,,,,,,,,,,,,,,,,,,,,,,,,,,
,,,,,,,,,,,,,,,,,,,,,,,,,,,,,,,,,,,,,,,,,,,
,,,,,,,,,,,,,,,,,,,,,,,,,,,,,,,,,,,,,,,,,,,
,,,,,,,,,,,,,,,,,,,,,,,,,,,,,,,,,,,,,,,,,,,
,,,,,,,,,,,,,,,,,,,,,,,,,,,,,,,,,,,,,,,,,,,
,,,,,,,,,,,,,,,,,,,,,,,,,,,,,,,,,,,,,,,,,,,
,,,,,,,,,,,,,,,,,,,,,,,,,,,,,,,,,,,,,,,,,,,
,,,,,,,,,,,,,,,,,,,,,,,,,,,,,,,,,,,,,,,,,,,
,,,,,,,,,,,,,,,,,,,,,,,,,,,,,,,,,,,,,,,,,,,
,,,,,,,,,,,,,,,,,,,,,,,,,,,,,,,,,,,,,,,,,,,
,,,,,,,,,,,,,,,,,,,,,,,,,,,,,,,,,,,,,,,,,,,
,,,,,,,,,,,,,,,,,,,,,,,,,,,,,,,,,,,,,,,,,,,
,,,,,,,,,,,,,,,,,,,,,,,,,,,,,,,,,,,,,,,,,,,
,,,,,,,,,,,,,,,,,,,,,,,,,,,,,,,,,,,,,,,,,,,
,,,,,,,,,,,,,,,,,,,,,,,,,,,,,,,,,,,,,,,,,,,
,,,,,,,,,,,,,,,,,,,,,,,,,,,,,,,,,,,,,,,,,,,
,,,,,,,,,,,,,,,,,,,,,,,,,,,,,,,,,,,,,,,,,,,
,,,,,,,,,,,,,,,,,,,,,,,,,,,,,,,,,,,,,,,,,,,
,,,,,,,,,,,,,,,,,,,,,,,,,,,,,,,,,,,,,,,,,,,
,,,,,,,,,,,,,,,,,,,,,,,,,,,,,,,,,,,,,,,,,,,
,,,,,,,,,,,,,,,,,,,,,,,,,,,,,,,,,,,,,,,,,,,
,,,,,,,,,,,,,,,,,,,,,,,,,,,,,,,,,,,,,,,,,,,
,,,,,,,,,,,,,,,,,,,,,,,,,,,,,,,,,,,,,,,,,,,
,,,,,,,,,,,,,,,,,,,,,,,,,,,,,,,,,,,,,,,,,,,
,,,,,,,,,,,,,,,,,,,,,,,,,,,,,,,,,,,,,,,,,,,
,,,,,,,,,,,,,,,,,,,,,,,,,,,,,,,,,,,,,,,,,,,
,,,,,,,,,,,,,,,,,,,,,,,,,,,,,,,,,,,,,,,,,,,
,,,,,,,,,,,,,,,,,,,,,,,,,,,,,,,,,,,,,,,,,,,
,,,,,,,,,,,,,,,,,,,,,,,,,,,,,,,,,,,,,,,,,,,
,,,,,,,,,,,,,,,,,,,,,,,,,,,,,,,,,,,,,,,,,,,
,,,,,,,,,,,,,,,,,,,,,,,,,,,,,,,,,,,,,,,,,,,
,,,,,,,,,,,,,,,,,,,,,,,,,,,,,,,,,,,,,,,,,,,
,,,,,,,,,,,,,,,,,,,,,,,,,,,,,,,,,,,,,,,,,,,
,,,,,,,,,,,,,,,,,,,,,,,,,,,,,,,,,,,,,,,,,,,
,,,,,,,,,,,,,,,,,,,,,,,,,,,,,,,,,,,,,,,,,,,
,,,,,,,,,,,,,,,,,,,,,,,,,,,,,,,,,,,,,,,,,,,
,,,,,,,,,,,,,,,,,,,,,,,,,,,,,,,,,,,,,,,,,,,
,,,,,,,,,,,,,,,,,,,,,,,,,,,,,,,,,,,,,,,,,,,
,,,,,,,,,,,,,,,,,,,,,,,,,,,,,,,,,,,,,,,,,,,
,,,,,,,,,,,,,,,,,,,,,,,,,,,,,,,,,,,,,,,,,,,
,,,,,,,,,,,,,,,,,,,,,,,,,,,,,,,,,,,,,,,,,,,
,,,,,,,,,,,,,,,,,,,,,,,,,,,,,,,,,,,,,,,,,,,
,,,,,,,,,,,,,,,,,,,,,,,,,,,,,,,,,,,,,,,,,,,
,,,,,,,,,,,,,,,,,,,,,,,,,,,,,,,,,,,,,,,,,,,
,,,,,,,,,,,,,,,,,,,,,,,,,,,,,,,,,,,,,,,,,,,
,,,,,,,,,,,,,,,,,,,,,,,,,,,,,,,,,,,,,,,,,,,
,,,,,,,,,,,,,,,,,,,,,,,,,,,,,,,,,,,,,,,,,,,
,,,,,,,,,,,,,,,,,,,,,,,,,,,,,,,,,,,,,,,,,,,
,,,,,,,,,,,,,,,,,,,,,,,,,,,,,,,,,,,,,,,,,,,
,,,,,,,,,,,,,,,,,,,,,,,,,,,,,,,,,,,,,,,,,,,
,,,,,,,,,,,,,,,,,,,,,,,,,,,,,,,,,,,,,,,,,,,
,,,,,,,,,,,,,,,,,,,,,,,,,,,,,,,,,,,,,,,,,,,
,,,,,,,,,,,,,,,,,,,,,,,,,,,,,,,,,,,,,,,,,,,
,,,,,,,,,,,,,,,,,,,,,,,,,,,,,,,,,,,,,,,,,,,
,,,,,,,,,,,,,,,,,,,,,,,,,,,,,,,,,,,,,,,,,,,
,,,,,,,,,,,,,,,,,,,,,,,,,,,,,,,,,,,,,,,,,,,
,,,,,,,,,,,,,,,,,,,,,,,,,,,,,,,,,,,,,,,,,,,
,,,,,,,,,,,,,,,,,,,,,,,,,,,,,,,,,,,,,,,,,,,
,,,,,,,,,,,,,,,,,,,,,,,,,,,,,,,,,,,,,,,,,,,
,,,,,,,,,,,,,,,,,,,,,,,,,,,,,,,,,,,,,,,,,,,
,,,,,,,,,,,,,,,,,,,,,,,,,,,,,,,,,,,,,,,,,,,
,,,,,,,,,,,,,,,,,,,,,,,,,,,,,,,,,,,,,,,,,,,
,,,,,,,,,,,,,,,,,,,,,,,,,,,,,,,,,,,,,,,,,,,
,,,,,,,,,,,,,,,,,,,,,,,,,,,,,,,,,,,,,,,,,,,
,,,,,,,,,,,,,,,,,,,,,,,,,,,,,,,,,,,,,,,,,,,
,,,,,,,,,,,,,,,,,,,,,,,,,,,,,,,,,,,,,,,,,,,
,,,,,,,,,,,,,,,,,,,,,,,,,,,,,,,,,,,,,,,,,,,
,,,,,,,,,,,,,,,,,,,,,,,,,,,,,,,,,,,,,,,,,,,
,,,,,,,,,,,,,,,,,,,,,,,,,,,,,,,,,,,,,,,,,,,
,,,,,,,,,,,,,,,,,,,,,,,,,,,,,,,,,,,,,,,,,,,
,,,,,,,,,,,,,,,,,,,,,,,,,,,,,,,,,,,,,,,,,,,
,,,,,,,,,,,,,,,,,,,,,,,,,,,,,,,,,,,,,,,,,,,
,,,,,,,,,,,,,,,,,,,,,,,,,,,,,,,,,,,,,,,,,,,
,,,,,,,,,,,,,,,,,,,,,,,,,,,,,,,,,,,,,,,,,,,
,,,,,,,,,,,,,,,,,,,,,,,,,,,,,,,,,,,,,,,,,,,
,,,,,,,,,,,,,,,,,,,,,,,,,,,,,,,,,,,,,,,,,,,
,,,,,,,,,,,,,,,,,,,,,,,,,,,,,,,,,,,,,,,,,,,
,,,,,,,,,,,,,,,,,,,,,,,,,,,,,,,,,,,,,,,,,,,
,,,,,,,,,,,,,,,,,,,,,,,,,,,,,,,,,,,,,,,,,,,
,,,,,,,,,,,,,,,,,,,,,,,,,,,,,,,,,,,,,,,,,,,
,,,,,,,,,,,,,,,,,,,,,,,,,,,,,,,,,,,,,,,,,,,
,,,,,,,,,,,,,,,,,,,,,,,,,,,,,,,,,,,,,,,,,,,
,,,,,,,,,,,,,,,,,,,,,,,,,,,,,,,,,,,,,,,,,,,
,,,,,,,,,,,,,,,,,,,,,,,,,,,,,,,,,,,,,,,,,,,
,,,,,,,,,,,,,,,,,,,,,,,,,,,,,,,,,,,,,,,,,,,
,,,,,,,,,,,,,,,,,,,,,,,,,,,,,,,,,,,,,,,,,,,
,,,,,,,,,,,,,,,,,,,,,,,,,,,,,,,,,,,,,,,,,,,
,,,,,,,,,,,,,,,,,,,,,,,,,,,,,,,,,,,,,,,,,,,
,,,,,,,,,,,,,,,,,,,,,,,,,,,,,,,,,,,,,,,,,,,
,,,,,,,,,,,,,,,,,,,,,,,,,,,,,,,,,,,,,,,,,,,
,,,,,,,,,,,,,,,,,,,,,,,,,,,,,,,,,,,,,,,,,,,
,,,,,,,,,,,,,,,,,,,,,,,,,,,,,,,,,,,,,,,,,,,
,,,,,,,,,,,,,,,,,,,,,,,,,,,,,,,,,,,,,,,,,,,
,,,,,,,,,,,,,,,,,,,,,,,,,,,,,,,,,,,,,,,,,,,
,,,,,,,,,,,,,,,,,,,,,,,,,,,,,,,,,,,,,,,,,,,
,,,,,,,,,,,,,,,,,,,,,,,,,,,,,,,,,,,,,,,,,,,
,,,,,,,,,,,,,,,,,,,,,,,,,,,,,,,,,,,,,,,,,,,
,,,,,,,,,,,,,,,,,,,,,,,,,,,,,,,,,,,,,,,,,,,
,,,,,,,,,,,,,,,,,,,,,,,,,,,,,,,,,,,,,,,,,,,
,,,,,,,,,,,,,,,,,,,,,,,,,,,,,,,,,,,,,,,,,,,
,,,,,,,,,,,,,,,,,,,,,,,,,,,,,,,,,,,,,,,,,,,
,,,,,,,,,,,,,,,,,,,,,,,,,,,,,,,,,,,,,,,,,,,
,,,,,,,,,,,,,,,,,,,,,,,,,,,,,,,,,,,,,,,,,,,
,,,,,,,,,,,,,,,,,,,,,,,,,,,,,,,,,,,,,,,,,,,
,,,,,,,,,,,,,,,,,,,,,,,,,,,,,,,,,,,,,,,,,,,
,,,,,,,,,,,,,,,,,,,,,,,,,,,,,,,,,,,,,,,,,,,
,,,,,,,,,,,,,,,,,,,,,,,,,,,,,,,,,,,,,,,,,,,
,,,,,,,,,,,,,,,,,,,,,,,,,,,,,,,,,,,,,,,,,,,
,,,,,,,,,,,,,,,,,,,,,,,,,,,,,,,,,,,,,,,,,,,
,,,,,,,,,,,,,,,,,,,,,,,,,,,,,,,,,,,,,,,,,,,
,,,,,,,,,,,,,,,,,,,,,,,,,,,,,,,,,,,,,,,,,,,
,,,,,,,,,,,,,,,,,,,,,,,,,,,,,,,,,,,,,,,,,,,
,,,,,,,,,,,,,,,,,,,,,,,,,,,,,,,,,,,,,,,,,,,
,,,,,,,,,,,,,,,,,,,,,,,,,,,,,,,,,,,,,,,,,,,
,,,,,,,,,,,,,,,,,,,,,,,,,,,,,,,,,,,,,,,,,,,
,,,,,,,,,,,,,,,,,,,,,,,,,,,,,,,,,,,,,,,,,,,
,,,,,,,,,,,,,,,,,,,,,,,,,,,,,,,,,,,,,,,,,,,
,,,,,,,,,,,,,,,,,,,,,,,,,,,,,,,,,,,,,,,,,,,
,,,,,,,,,,,,,,,,,,,,,,,,,,,,,,,,,,,,,,,,,,,
,,,,,,,,,,,,,,,,,,,,,,,,,,,,,,,,,,,,,,,,,,,
,,,,,,,,,,,,,,,,,,,,,,,,,,,,,,,,,,,,,,,,,,,
,,,,,,,,,,,,,,,,,,,,,,,,,,,,,,,,,,,,,,,,,,,
,,,,,,,,,,,,,,,,,,,,,,,,,,,,,,,,,,,,,,,,,,,
,,,,,,,,,,,,,,,,,,,,,,,,,,,,,,,,,,,,,,,,,,,
,,,,,,,,,,,,,,,,,,,,,,,,,,,,,,,,,,,,,,,,,,,
,,,,,,,,,,,,,,,,,,,,,,,,,,,,,,,,,,,,,,,,,,,
,,,,,,,,,,,,,,,,,,,,,,,,,,,,,,,,,,,,,,,,,,,
,,,,,,,,,,,,,,,,,,,,,,,,,,,,,,,,,,,,,,,,,,,
,,,,,,,,,,,,,,,,,,,,,,,,,,,,,,,,,,,,,,,,,,,
,,,,,,,,,,,,,,,,,,,,,,,,,,,,,,,,,,,,,,,,,,,
,,,,,,,,,,,,,,,,,,,,,,,,,,,,,,,,,,,,,,,,,,,
,,,,,,,,,,,,,,,,,,,,,,,,,,,,,,,,,,,,,,,,,,,
,,,,,,,,,,,,,,,,,,,,,,,,,,,,,,,,,,,,,,,,,,,
,,,,,,,,,,,,,,,,,,,,,,,,,,,,,,,,,,,,,,,,,,,
,,,,,,,,,,,,,,,,,,,,,,,,,,,,,,,,,,,,,,,,,,,
,,,,,,,,,,,,,,,,,,,,,,,,,,,,,,,,,,,,,,,,,,,
,,,,,,,,,,,,,,,,,,,,,,,,,,,,,,,,,,,,,,,,,,,
,,,,,,,,,,,,,,,,,,,,,,,,,,,,,,,,,,,,,,,,,,,
,,,,,,,,,,,,,,,,,,,,,,,,,,,,,,,,,,,,,,,,,,,
,,,,,,,,,,,,,,,,,,,,,,,,,,,,,,,,,,,,,,,,,,,
,,,,,,,,,,,,,,,,,,,,,,,,,,,,,,,,,,,,,,,,,,,
,,,,,,,,,,,,,,,,,,,,,,,,,,,,,,,,,,,,,,,,,,,
,,,,,,,,,,,,,,,,,,,,,,,,,,,,,,,,,,,,,,,,,,,
,,,,,,,,,,,,,,,,,,,,,,,,,,,,,,,,,,,,,,,,,,,
,,,,,,,,,,,,,,,,,,,,,,,,,,,,,,,,,,,,,,,,,,,
,,,,,,,,,,,,,,,,,,,,,,,,,,,,,,,,,,,,,,,,,,,
,,,,,,,,,,,,,,,,,,,,,,,,,,,,,,,,,,,,,,,,,,,
,,,,,,,,,,,,,,,,,,,,,,,,,,,,,,,,,,,,,,,,,,,
,,,,,,,,,,,,,,,,,,,,,,,,,,,,,,,,,,,,,,,,,,,
,,,,,,,,,,,,,,,,,,,,,,,,,,,,,,,,,,,,,,,,,,,
,,,,,,,,,,,,,,,,,,,,,,,,,,,,,,,,,,,,,,,,,,,
,,,,,,,,,,,,,,,,,,,,,,,,,,,,,,,,,,,,,,,,,,,
,,,,,,,,,,,,,,,,,,,,,,,,,,,,,,,,,,,,,,,,,,,
,,,,,,,,,,,,,,,,,,,,,,,,,,,,,,,,,,,,,,,,,,,
,,,,,,,,,,,,,,,,,,,,,,,,,,,,,,,,,,,,,,,,,,,
,,,,,,,,,,,,,,,,,,,,,,,,,,,,,,,,,,,,,,,,,,,
,,,,,,,,,,,,,,,,,,,,,,,,,,,,,,,,,,,,,,,,,,,
,,,,,,,,,,,,,,,,,,,,,,,,,,,,,,,,,,,,,,,,,,,
,,,,,,,,,,,,,,,,,,,,,,,,,,,,,,,,,,,,,,,,,,,
,,,,,,,,,,,,,,,,,,,,,,,,,,,,,,,,,,,,,,,,,,,
,,,,,,,,,,,,,,,,,,,,,,,,,,,,,,,,,,,,,,,,,,,
,,,,,,,,,,,,,,,,,,,,,,,,,,,,,,,,,,,,,,,,,,,
,,,,,,,,,,,,,,,,,,,,,,,,,,,,,,,,,,,,,,,,,,,
,,,,,,,,,,,,,,,,,,,,,,,,,,,,,,,,,,,,,,,,,,,
,,,,,,,,,,,,,,,,,,,,,,,,,,,,,,,,,,,,,,,,,,,
,,,,,,,,,,,,,,,,,,,,,,,,,,,,,,,,,,,,,,,,,,,
,,,,,,,,,,,,,,,,,,,,,,,,,,,,,,,,,,,,,,,,,,,
,,,,,,,,,,,,,,,,,,,,,,,,,,,,,,,,,,,,,,,,,,,
,,,,,,,,,,,,,,,,,,,,,,,,,,,,,,,,,,,,,,,,,,,
,,,,,,,,,,,,,,,,,,,,,,,,,,,,,,,,,,,,,,,,,,,
,,,,,,,,,,,,,,,,,,,,,,,,,,,,,,,,,,,,,,,,,,,
,,,,,,,,,,,,,,,,,,,,,,,,,,,,,,,,,,,,,,,,,,,
,,,,,,,,,,,,,,,,,,,,,,,,,,,,,,,,,,,,,,,,,,,
,,,,,,,,,,,,,,,,,,,,,,,,,,,,,,,,,,,,,,,,,,,
,,,,,,,,,,,,,,,,,,,,,,,,,,,,,,,,,,,,,,,,,,,
,,,,,,,,,,,,,,,,,,,,,,,,,,,,,,,,,,,,,,,,,,,
,,,,,,,,,,,,,,,,,,,,,,,,,,,,,,,,,,,,,,,,,,,
,,,,,,,,,,,,,,,,,,,,,,,,,,,,,,,,,,,,,,,,,,,
,,,,,,,,,,,,,,,,,,,,,,,,,,,,,,,,,,,,,,,,,,,
,,,,,,,,,,,,,,,,,,,,,,,,,,,,,,,,,,,,,,,,,,,
,,,,,,,,,,,,,,,,,,,,,,,,,,,,,,,,,,,,,,,,,,,
,,,,,,,,,,,,,,,,,,,,,,,,,,,,,,,,,,,,,,,,,,,
,,,,,,,,,,,,,,,,,,,,,,,,,,,,,,,,,,,,,,,,,,,
,,,,,,,,,,,,,,,,,,,,,,,,,,,,,,,,,,,,,,,,,,,
,,,,,,,,,,,,,,,,,,,,,,,,,,,,,,,,,,,,,,,,,,,
,,,,,,,,,,,,,,,,,,,,,,,,,,,,,,,,,,,,,,,,,,,
,,,,,,,,,,,,,,,,,,,,,,,,,,,,,,,,,,,,,,,,,,,
,,,,,,,,,,,,,,,,,,,,,,,,,,,,,,,,,,,,,,,,,,,
,,,,,,,,,,,,,,,,,,,,,,,,,,,,,,,,,,,,,,,,,,,
,,,,,,,,,,,,,,,,,,,,,,,,,,,,,,,,,,,,,,,,,,,
,,,,,,,,,,,,,,,,,,,,,,,,,,,,,,,,,,,,,,,,,,,
,,,,,,,,,,,,,,,,,,,,,,,,,,,,,,,,,,,,,,,,,,,
,,,,,,,,,,,,,,,,,,,,,,,,,,,,,,,,,,,,,,,,,,,
,,,,,,,,,,,,,,,,,,,,,,,,,,,,,,,,,,,,,,,,,,,
,,,,,,,,,,,,,,,,,,,,,,,,,,,,,,,,,,,,,,,,,,,
,,,,,,,,,,,,,,,,,,,,,,,,,,,,,,,,,,,,,,,,,,,
,,,,,,,,,,,,,,,,,,,,,,,,,,,,,,,,,,,,,,,,,,,
,,,,,,,,,,,,,,,,,,,,,,,,,,,,,,,,,,,,,,,,,,,
,,,,,,,,,,,,,,,,,,,,,,,,,,,,,,,,,,,,,,,,,,,
,,,,,,,,,,,,,,,,,,,,,,,,,,,,,,,,,,,,,,,,,,,
,,,,,,,,,,,,,,,,,,,,,,,,,,,,,,,,,,,,,,,,,,,
,,,,,,,,,,,,,,,,,,,,,,,,,,,,,,,,,,,,,,,,,,,
,,,,,,,,,,,,,,,,,,,,,,,,,,,,,,,,,,,,,,,,,,,
,,,,,,,,,,,,,,,,,,,,,,,,,,,,,,,,,,,,,,,,,,,
,,,,,,,,,,,,,,,,,,,,,,,,,,,,,,,,,,,,,,,,,,,
,,,,,,,,,,,,,,,,,,,,,,,,,,,,,,,,,,,,,,,,,,,
,,,,,,,,,,,,,,,,,,,,,,,,,,,,,,,,,,,,,,,,,,,
,,,,,,,,,,,,,,,,,,,,,,,,,,,,,,,,,,,,,,,,,,,
,,,,,,,,,,,,,,,,,,,,,,,,,,,,,,,,,,,,,,,,,,,
,,,,,,,,,,,,,,,,,,,,,,,,,,,,,,,,,,,,,,,,,,,
,,,,,,,,,,,,,,,,,,,,,,,,,,,,,,,,,,,,,,,,,,,
,,,,,,,,,,,,,,,,,,,,,,,,,,,,,,,,,,,,,,,,,,,
,,,,,,,,,,,,,,,,,,,,,,,,,,,,,,,,,,,,,,,,,,,
,,,,,,,,,,,,,,,,,,,,,,,,,,,,,,,,,,,,,,,,,,,
,,,,,,,,,,,,,,,,,,,,,,,,,,,,,,,,,,,,,,,,,,,
,,,,,,,,,,,,,,,,,,,,,,,,,,,,,,,,,,,,,,,,,,,
,,,,,,,,,,,,,,,,,,,,,,,,,,,,,,,,,,,,,,,,,,,
,,,,,,,,,,,,,,,,,,,,,,,,,,,,,,,,,,,,,,,,,,,
,,,,,,,,,,,,,,,,,,,,,,,,,,,,,,,,,,,,,,,,,,,
,,,,,,,,,,,,,,,,,,,,,,,,,,,,,,,,,,,,,,,,,,,
,,,,,,,,,,,,,,,,,,,,,,,,,,,,,,,,,,,,,,,,,,,
,,,,,,,,,,,,,,,,,,,,,,,,,,,,,,,,,,,,,,,,,,,
,,,,,,,,,,,,,,,,,,,,,,,,,,,,,,,,,,,,,,,,,,,
,,,,,,,,,,,,,,,,,,,,,,,,,,,,,,,,,,,,,,,,,,,
,,,,,,,,,,,,,,,,,,,,,,,,,,,,,,,,,,,,,,,,,,,
,,,,,,,,,,,,,,,,,,,,,,,,,,,,,,,,,,,,,,,,,,,
,,,,,,,,,,,,,,,,,,,,,,,,,,,,,,,,,,,,,,,,,,,
,,,,,,,,,,,,,,,,,,,,,,,,,,,,,,,,,,,,,,,,,,,
,,,,,,,,,,,,,,,,,,,,,,,,,,,,,,,,,,,,,,,,,,,
,,,,,,,,,,,,,,,,,,,,,,,,,,,,,,,,,,,,,,,,,,,
,,,,,,,,,,,,,,,,,,,,,,,,,,,,,,,,,,,,,,,,,,,
,,,,,,,,,,,,,,,,,,,,,,,,,,,,,,,,,,,,,,,,,,,
,,,,,,,,,,,,,,,,,,,,,,,,,,,,,,,,,,,,,,,,,,,
,,,,,,,,,,,,,,,,,,,,,,,,,,,,,,,,,,,,,,,,,,,
,,,,,,,,,,,,,,,,,,,,,,,,,,,,,,,,,,,,,,,,,,,
,,,,,,,,,,,,,,,,,,,,,,,,,,,,,,,,,,,,,,,,,,,
,,,,,,,,,,,,,,,,,,,,,,,,,,,,,,,,,,,,,,,,,,,
,,,,,,,,,,,,,,,,,,,,,,,,,,,,,,,,,,,,,,,,,,,
,,,,,,,,,,,,,,,,,,,,,,,,,,,,,,,,,,,,,,,,,,,
,,,,,,,,,,,,,,,,,,,,,,,,,,,,,,,,,,,,,,,,,,,
,,,,,,,,,,,,,,,,,,,,,,,,,,,,,,,,,,,,,,,,,,,
,,,,,,,,,,,,,,,,,,,,,,,,,,,,,,,,,,,,,,,,,,,
,,,,,,,,,,,,,,,,,,,,,,,,,,,,,,,,,,,,,,,,,,,
,,,,,,,,,,,,,,,,,,,,,,,,,,,,,,,,,,,,,,,,,,,
,,,,,,,,,,,,,,,,,,,,,,,,,,,,,,,,,,,,,,,,,,,
,,,,,,,,,,,,,,,,,,,,,,,,,,,,,,,,,,,,,,,,,,,
,,,,,,,,,,,,,,,,,,,,,,,,,,,,,,,,,,,,,,,,,,,
,,,,,,,,,,,,,,,,,,,,,,,,,,,,,,,,,,,,,,,,,,,
,,,,,,,,,,,,,,,,,,,,,,,,,,,,,,,,,,,,,,,,,,,
,,,,,,,,,,,,,,,,,,,,,,,,,,,,,,,,,,,,,,,,,,,
,,,,,,,,,,,,,,,,,,,,,,,,,,,,,,,,,,,,,,,,,,,
,,,,,,,,,,,,,,,,,,,,,,,,,,,,,,,,,,,,,,,,,,,
,,,,,,,,,,,,,,,,,,,,,,,,,,,,,,,,,,,,,,,,,,,
,,,,,,,,,,,,,,,,,,,,,,,,,,,,,,,,,,,,,,,,,,,
,,,,,,,,,,,,,,,,,,,,,,,,,,,,,,,,,,,,,,,,,,,
,,,,,,,,,,,,,,,,,,,,,,,,,,,,,,,,,,,,,,,,,,,
,,,,,,,,,,,,,,,,,,,,,,,,,,,,,,,,,,,,,,,,,,,
,,,,,,,,,,,,,,,,,,,,,,,,,,,,,,,,,,,,,,,,,,,
,,,,,,,,,,,,,,,,,,,,,,,,,,,,,,,,,,,,,,,,,,,
,,,,,,,,,,,,,,,,,,,,,,,,,,,,,,,,,,,,,,,,,,,
,,,,,,,,,,,,,,,,,,,,,,,,,,,,,,,,,,,,,,,,,,,
,,,,,,,,,,,,,,,,,,,,,,,,,,,,,,,,,,,,,,,,,,,
,,,,,,,,,,,,,,,,,,,,,,,,,,,,,,,,,,,,,,,,,,,
,,,,,,,,,,,,,,,,,,,,,,,,,,,,,,,,,,,,,,,,,,,
,,,,,,,,,,,,,,,,,,,,,,,,,,,,,,,,,,,,,,,,,,,
,,,,,,,,,,,,,,,,,,,,,,,,,,,,,,,,,,,,,,,,,,,
,,,,,,,,,,,,,,,,,,,,,,,,,,,,,,,,,,,,,,,,,,,
,,,,,,,,,,,,,,,,,,,,,,,,,,,,,,,,,,,,,,,,,,,
,,,,,,,,,,,,,,,,,,,,,,,,,,,,,,,,,,,,,,,,,,,
,,,,,,,,,,,,,,,,,,,,,,,,,,,,,,,,,,,,,,,,,,,
,,,,,,,,,,,,,,,,,,,,,,,,,,,,,,,,,,,,,,,,,,,
,,,,,,,,,,,,,,,,,,,,,,,,,,,,,,,,,,,,,,,,,,,
,,,,,,,,,,,,,,,,,,,,,,,,,,,,,,,,,,,,,,,,,,,
,,,,,,,,,,,,,,,,,,,,,,,,,,,,,,,,,,,,,,,,,,,
,,,,,,,,,,,,,,,,,,,,,,,,,,,,,,,,,,,,,,,,,,,
,,,,,,,,,,,,,,,,,,,,,,,,,,,,,,,,,,,,,,,,,,,
,,,,,,,,,,,,,,,,,,,,,,,,,,,,,,,,,,,,,,,,,,,
,,,,,,,,,,,,,,,,,,,,,,,,,,,,,,,,,,,,,,,,,,,
,,,,,,,,,,,,,,,,,,,,,,,,,,,,,,,,,,,,,,,,,,,
,,,,,,,,,,,,,,,,,,,,,,,,,,,,,,,,,,,,,,,,,,,
,,,,,,,,,,,,,,,,,,,,,,,,,,,,,,,,,,,,,,,,,,,
,,,,,,,,,,,,,,,,,,,,,,,,,,,,,,,,,,,,,,,,,,,
,,,,,,,,,,,,,,,,,,,,,,,,,,,,,,,,,,,,,,,,,,,
,,,,,,,,,,,,,,,,,,,,,,,,,,,,,,,,,,,,,,,,,,,
,,,,,,,,,,,,,,,,,,,,,,,,,,,,,,,,,,,,,,,,,,,
,,,,,,,,,,,,,,,,,,,,,,,,,,,,,,,,,,,,,,,,,,,
,,,,,,,,,,,,,,,,,,,,,,,,,,,,,,,,,,,,,,,,,,,
,,,,,,,,,,,,,,,,,,,,,,,,,,,,,,,,,,,,,,,,,,,
,,,,,,,,,,,,,,,,,,,,,,,,,,,,,,,,,,,,,,,,,,,
,,,,,,,,,,,,,,,,,,,,,,,,,,,,,,,,,,,,,,,,,,,
,,,,,,,,,,,,,,,,,,,,,,,,,,,,,,,,,,,,,,,,,,,
,,,,,,,,,,,,,,,,,,,,,,,,,,,,,,,,,,,,,,,,,,,
,,,,,,,,,,,,,,,,,,,,,,,,,,,,,,,,,,,,,,,,,,,
,,,,,,,,,,,,,,,,,,,,,,,,,,,,,,,,,,,,,,,,,,,
,,,,,,,,,,,,,,,,,,,,,,,,,,,,,,,,,,,,,,,,,,,
,,,,,,,,,,,,,,,,,,,,,,,,,,,,,,,,,,,,,,,,,,,
,,,,,,,,,,,,,,,,,,,,,,,,,,,,,,,,,,,,,,,,,,,
,,,,,,,,,,,,,,,,,,,,,,,,,,,,,,,,,,,,,,,,,,,
,,,,,,,,,,,,,,,,,,,,,,,,,,,,,,,,,,,,,,,,,,,
,,,,,,,,,,,,,,,,,,,,,,,,,,,,,,,,,,,,,,,,,,,
,,,,,,,,,,,,,,,,,,,,,,,,,,,,,,,,,,,,,,,,,,,
,,,,,,,,,,,,,,,,,,,,,,,,,,,,,,,,,,,,,,,,,,,
,,,,,,,,,,,,,,,,,,,,,,,,,,,,,,,,,,,,,,,,,,,
,,,,,,,,,,,,,,,,,,,,,,,,,,,,,,,,,,,,,,,,,,,
,,,,,,,,,,,,,,,,,,,,,,,,,,,,,,,,,,,,,,,,,,,
,,,,,,,,,,,,,,,,,,,,,,,,,,,,,,,,,,,,,,,,,,,
,,,,,,,,,,,,,,,,,,,,,,,,,,,,,,,,,,,,,,,,,,,
,,,,,,,,,,,,,,,,,,,,,,,,,,,,,,,,,,,,,,,,,,,
,,,,,,,,,,,,,,,,,,,,,,,,,,,,,,,,,,,,,,,,,,,
,,,,,,,,,,,,,,,,,,,,,,,,,,,,,,,,,,,,,,,,,,,
,,,,,,,,,,,,,,,,,,,,,,,,,,,,,,,,,,,,,,,,,,,
,,,,,,,,,,,,,,,,,,,,,,,,,,,,,,,,,,,,,,,,,,,
,,,,,,,,,,,,,,,,,,,,,,,,,,,,,,,,,,,,,,,,,,,
,,,,,,,,,,,,,,,,,,,,,,,,,,,,,,,,,,,,,,,,,,,
,,,,,,,,,,,,,,,,,,,,,,,,,,,,,,,,,,,,,,,,,,,
,,,,,,,,,,,,,,,,,,,,,,,,,,,,,,,,,,,,,,,,,,,
,,,,,,,,,,,,,,,,,,,,,,,,,,,,,,,,,,,,,,,,,,,
,,,,,,,,,,,,,,,,,,,,,,,,,,,,,,,,,,,,,,,,,,,
,,,,,,,,,,,,,,,,,,,,,,,,,,,,,,,,,,,,,,,,,,,
,,,,,,,,,,,,,,,,,,,,,,,,,,,,,,,,,,,,,,,,,,,
,,,,,,,,,,,,,,,,,,,,,,,,,,,,,,,,,,,,,,,,,,,
,,,,,,,,,,,,,,,,,,,,,,,,,,,,,,,,,,,,,,,,,,,
,,,,,,,,,,,,,,,,,,,,,,,,,,,,,,,,,,,,,,,,,,,
,,,,,,,,,,,,,,,,,,,,,,,,,,,,,,,,,,,,,,,,,,,
,,,,,,,,,,,,,,,,,,,,,,,,,,,,,,,,,,,,,,,,,,,
,,,,,,,,,,,,,,,,,,,,,,,,,,,,,,,,,,,,,,,,,,,
,,,,,,,,,,,,,,,,,,,,,,,,,,,,,,,,,,,,,,,,,,,
,,,,,,,,,,,,,,,,,,,,,,,,,,,,,,,,,,,,,,,,,,,
,,,,,,,,,,,,,,,,,,,,,,,,,,,,,,,,,,,,,,,,,,,
,,,,,,,,,,,,,,,,,,,,,,,,,,,,,,,,,,,,,,,,,,,
,,,,,,,,,,,,,,,,,,,,,,,,,,,,,,,,,,,,,,,,,,,
,,,,,,,,,,,,,,,,,,,,,,,,,,,,,,,,,,,,,,,,,,,
,,,,,,,,,,,,,,,,,,,,,,,,,,,,,,,,,,,,,,,,,,,
,,,,,,,,,,,,,,,,,,,,,,,,,,,,,,,,,,,,,,,,,,,
,,,,,,,,,,,,,,,,,,,,,,,,,,,,,,,,,,,,,,,,,,,
,,,,,,,,,,,,,,,,,,,,,,,,,,,,,,,,,,,,,,,,,,,
,,,,,,,,,,,,,,,,,,,,,,,,,,,,,,,,,,,,,,,,,,,
,,,,,,,,,,,,,,,,,,,,,,,,,,,,,,,,,,,,,,,,,,,
,,,,,,,,,,,,,,,,,,,,,,,,,,,,,,,,,,,,,,,,,,,
,,,,,,,,,,,,,,,,,,,,,,,,,,,,,,,,,,,,,,,,,,,
,,,,,,,,,,,,,,,,,,,,,,,,,,,,,,,,,,,,,,,,,,,
,,,,,,,,,,,,,,,,,,,,,,,,,,,,,,,,,,,,,,,,,,,
,,,,,,,,,,,,,,,,,,,,,,,,,,,,,,,,,,,,,,,,,,,
,,,,,,,,,,,,,,,,,,,,,,,,,,,,,,,,,,,,,,,,,,,
,,,,,,,,,,,,,,,,,,,,,,,,,,,,,,,,,,,,,,,,,,,
,,,,,,,,,,,,,,,,,,,,,,,,,,,,,,,,,,,,,,,,,,,
,,,,,,,,,,,,,,,,,,,,,,,,,,,,,,,,,,,,,,,,,,,
,,,,,,,,,,,,,,,,,,,,,,,,,,,,,,,,,,,,,,,,,,,
,,,,,,,,,,,,,,,,,,,,,,,,,,,,,,,,,,,,,,,,,,,
,,,,,,,,,,,,,,,,,,,,,,,,,,,,,,,,,,,,,,,,,,,
,,,,,,,,,,,,,,,,,,,,,,,,,,,,,,,,,,,,,,,,,,,
,,,,,,,,,,,,,,,,,,,,,,,,,,,,,,,,,,,,,,,,,,,
,,,,,,,,,,,,,,,,,,,,,,,,,,,,,,,,,,,,,,,,,,,
,,,,,,,,,,,,,,,,,,,,,,,,,,,,,,,,,,,,,,,,,,,
,,,,,,,,,,,,,,,,,,,,,,,,,,,,,,,,,,,,,,,,,,,
,,,,,,,,,,,,,,,,,,,,,,,,,,,,,,,,,,,,,,,,,,,
,,,,,,,,,,,,,,,,,,,,,,,,,,,,,,,,,,,,,,,,,,,
,,,,,,,,,,,,,,,,,,,,,,,,,,,,,,,,,,,,,,,,,,,
,,,,,,,,,,,,,,,,,,,,,,,,,,,,,,,,,,,,,,,,,,,
,,,,,,,,,,,,,,,,,,,,,,,,,,,,,,,,,,,,,,,,,,,
,,,,,,,,,,,,,,,,,,,,,,,,,,,,,,,,,,,,,,,,,,,
,,,,,,,,,,,,,,,,,,,,,,,,,,,,,,,,,,,,,,,,,,,
,,,,,,,,,,,,,,,,,,,,,,,,,,,,,,,,,,,,,,,,,,,
,,,,,,,,,,,,,,,,,,,,,,,,,,,,,,,,,,,,,,,,,,,
,,,,,,,,,,,,,,,,,,,,,,,,,,,,,,,,,,,,,,,,,,,
,,,,,,,,,,,,,,,,,,,,,,,,,,,,,,,,,,,,,,,,,,,
,,,,,,,,,,,,,,,,,,,,,,,,,,,,,,,,,,,,,,,,,,,
,,,,,,,,,,,,,,,,,,,,,,,,,,,,,,,,,,,,,,,,,,,
,,,,,,,,,,,,,,,,,,,,,,,,,,,,,,,,,,,,,,,,,,,
,,,,,,,,,,,,,,,,,,,,,,,,,,,,,,,,,,,,,,,,,,,
,,,,,,,,,,,,,,,,,,,,,,,,,,,,,,,,,,,,,,,,,,,
,,,,,,,,,,,,,,,,,,,,,,,,,,,,,,,,,,,,,,,,,,,
,,,,,,,,,,,,,,,,,,,,,,,,,,,,,,,,,,,,,,,,,,,
,,,,,,,,,,,,,,,,,,,,,,,,,,,,,,,,,,,,,,,,,,,
,,,,,,,,,,,,,,,,,,,,,,,,,,,,,,,,,,,,,,,,,,,
,,,,,,,,,,,,,,,,,,,,,,,,,,,,,,,,,,,,,,,,,,,
,,,,,,,,,,,,,,,,,,,,,,,,,,,,,,,,,,,,,,,,,,,
,,,,,,,,,,,,,,,,,,,,,,,,,,,,,,,,,,,,,,,,,,,
,,,,,,,,,,,,,,,,,,,,,,,,,,,,,,,,,,,,,,,,,,,
,,,,,,,,,,,,,,,,,,,,,,,,,,,,,,,,,,,,,,,,,,,
,,,,,,,,,,,,,,,,,,,,,,,,,,,,,,,,,,,,,,,,,,,
,,,,,,,,,,,,,,,,,,,,,,,,,,,,,,,,,,,,,,,,,,,
,,,,,,,,,,,,,,,,,,,,,,,,,,,,,,,,,,,,,,,,,,,
,,,,,,,,,,,,,,,,,,,,,,,,,,,,,,,,,,,,,,,,,,,
,,,,,,,,,,,,,,,,,,,,,,,,,,,,,,,,,,,,,,,,,,,
,,,,,,,,,,,,,,,,,,,,,,,,,,,,,,,,,,,,,,,,,,,
,,,,,,,,,,,,,,,,,,,,,,,,,,,,,,,,,,,,,,,,,,,
,,,,,,,,,,,,,,,,,,,,,,,,,,,,,,,,,,,,,,,,,,,
,,,,,,,,,,,,,,,,,,,,,,,,,,,,,,,,,,,,,,,,,,,
,,,,,,,,,,,,,,,,,,,,,,,,,,,,,,,,,,,,,,,,,,,
,,,,,,,,,,,,,,,,,,,,,,,,,,,,,,,,,,,,,,,,,,,
,,,,,,,,,,,,,,,,,,,,,,,,,,,,,,,,,,,,,,,,,,,
,,,,,,,,,,,,,,,,,,,,,,,,,,,,,,,,,,,,,,,,,,,
,,,,,,,,,,,,,,,,,,,,,,,,,,,,,,,,,,,,,,,,,,,
,,,,,,,,,,,,,,,,,,,,,,,,,,,,,,,,,,,,,,,,,,,
,,,,,,,,,,,,,,,,,,,,,,,,,,,,,,,,,,,,,,,,,,,
,,,,,,,,,,,,,,,,,,,,,,,,,,,,,,,,,,,,,,,,,,,
,,,,,,,,,,,,,,,,,,,,,,,,,,,,,,,,,,,,,,,,,,,
,,,,,,,,,,,,,,,,,,,,,,,,,,,,,,,,,,,,,,,,,,,
,,,,,,,,,,,,,,,,,,,,,,,,,,,,,,,,,,,,,,,,,,,
,,,,,,,,,,,,,,,,,,,,,,,,,,,,,,,,,,,,,,,,,,,
,,,,,,,,,,,,,,,,,,,,,,,,,,,,,,,,,,,,,,,,,,,
,,,,,,,,,,,,,,,,,,,,,,,,,,,,,,,,,,,,,,,,,,,
,,,,,,,,,,,,,,,,,,,,,,,,,,,,,,,,,,,,,,,,,,,
,,,,,,,,,,,,,,,,,,,,,,,,,,,,,,,,,,,,,,,,,,,
,,,,,,,,,,,,,,,,,,,,,,,,,,,,,,,,,,,,,,,,,,,
,,,,,,,,,,,,,,,,,,,,,,,,,,,,,,,,,,,,,,,,,,,
,,,,,,,,,,,,,,,,,,,,,,,,,,,,,,,,,,,,,,,,,,,
,,,,,,,,,,,,,,,,,,,,,,,,,,,,,,,,,,,,,,,,,,,
,,,,,,,,,,,,,,,,,,,,,,,,,,,,,,,,,,,,,,,,,,,
,,,,,,,,,,,,,,,,,,,,,,,,,,,,,,,,,,,,,,,,,,,
,,,,,,,,,,,,,,,,,,,,,,,,,,,,,,,,,,,,,,,,,,,
,,,,,,,,,,,,,,,,,,,,,,,,,,,,,,,,,,,,,,,,,,,
,,,,,,,,,,,,,,,,,,,,,,,,,,,,,,,,,,,,,,,,,,,
,,,,,,,,,,,,,,,,,,,,,,,,,,,,,,,,,,,,,,,,,,,
,,,,,,,,,,,,,,,,,,,,,,,,,,,,,,,,,,,,,,,,,,,
,,,,,,,,,,,,,,,,,,,,,,,,,,,,,,,,,,,,,,,,,,,
,,,,,,,,,,,,,,,,,,,,,,,,,,,,,,,,,,,,,,,,,,,
,,,,,,,,,,,,,,,,,,,,,,,,,,,,,,,,,,,,,,,,,,,
,,,,,,,,,,,,,,,,,,,,,,,,,,,,,,,,,,,,,,,,,,,
,,,,,,,,,,,,,,,,,,,,,,,,,,,,,,,,,,,,,,,,,,,
,,,,,,,,,,,,,,,,,,,,,,,,,,,,,,,,,,,,,,,,,,,
,,,,,,,,,,,,,,,,,,,,,,,,,,,,,,,,,,,,,,,,,,,
,,,,,,,,,,,,,,,,,,,,,,,,,,,,,,,,,,,,,,,,,,,
,,,,,,,,,,,,,,,,,,,,,,,,,,,,,,,,,,,,,,,,,,,
,,,,,,,,,,,,,,,,,,,,,,,,,,,,,,,,,,,,,,,,,,,
,,,,,,,,,,,,,,,,,,,,,,,,,,,,,,,,,,,,,,,,,,,
,,,,,,,,,,,,,,,,,,,,,,,,,,,,,,,,,,,,,,,,,,,
,,,,,,,,,,,,,,,,,,,,,,,,,,,,,,,,,,,,,,,,,,,
,,,,,,,,,,,,,,,,,,,,,,,,,,,,,,,,,,,,,,,,,,,
,,,,,,,,,,,,,,,,,,,,,,,,,,,,,,,,,,,,,,,,,,,
,,,,,,,,,,,,,,,,,,,,,,,,,,,,,,,,,,,,,,,,,,,
,,,,,,,,,,,,,,,,,,,,,,,,,,,,,,,,,,,,,,,,,,,
,,,,,,,,,,,,,,,,,,,,,,,,,,,,,,,,,,,,,,,,,,,
,,,,,,,,,,,,,,,,,,,,,,,,,,,,,,,,,,,,,,,,,,,
,,,,,,,,,,,,,,,,,,,,,,,,,,,,,,,,,,,,,,,,,,,
,,,,,,,,,,,,,,,,,,,,,,,,,,,,,,,,,,,,,,,,,,,
,,,,,,,,,,,,,,,,,,,,,,,,,,,,,,,,,,,,,,,,,,,
,,,,,,,,,,,,,,,,,,,,,,,,,,,,,,,,,,,,,,,,,,,
,,,,,,,,,,,,,,,,,,,,,,,,,,,,,,,,,,,,,,,,,,,
,,,,,,,,,,,,,,,,,,,,,,,,,,,,,,,,,,,,,,,,,,,
,,,,,,,,,,,,,,,,,,,,,,,,,,,,,,,,,,,,,,,,,,,
,,,,,,,,,,,,,,,,,,,,,,,,,,,,,,,,,,,,,,,,,,,
,,,,,,,,,,,,,,,,,,,,,,,,,,,,,,,,,,,,,,,,,,,
,,,,,,,,,,,,,,,,,,,,,,,,,,,,,,,,,,,,,,,,,,,
,,,,,,,,,,,,,,,,,,,,,,,,,,,,,,,,,,,,,,,,,,,
,,,,,,,,,,,,,,,,,,,,,,,,,,,,,,,,,,,,,,,,,,,
,,,,,,,,,,,,,,,,,,,,,,,,,,,,,,,,,,,,,,,,,,,
,,,,,,,,,,,,,,,,,,,,,,,,,,,,,,,,,,,,,,,,,,,
,,,,,,,,,,,,,,,,,,,,,,,,,,,,,,,,,,,,,,,,,,,
,,,,,,,,,,,,,,,,,,,,,,,,,,,,,,,,,,,,,,,,,,,
,,,,,,,,,,,,,,,,,,,,,,,,,,,,,,,,,,,,,,,,,,,
,,,,,,,,,,,,,,,,,,,,,,,,,,,,,,,,,,,,,,,,,,,
,,,,,,,,,,,,,,,,,,,,,,,,,,,,,,,,,,,,,,,,,,,
,,,,,,,,,,,,,,,,,,,,,,,,,,,,,,,,,,,,,,,,,,,
,,,,,,,,,,,,,,,,,,,,,,,,,,,,,,,,,,,,,,,,,,,
,,,,,,,,,,,,,,,,,,,,,,,,,,,,,,,,,,,,,,,,,,,
,,,,,,,,,,,,,,,,,,,,,,,,,,,,,,,,,,,,,,,,,,,
,,,,,,,,,,,,,,,,,,,,,,,,,,,,,,,,,,,,,,,,,,,
,,,,,,,,,,,,,,,,,,,,,,,,,,,,,,,,,,,,,,,,,,,
,,,,,,,,,,,,,,,,,,,,,,,,,,,,,,,,,,,,,,,,,,,
,,,,,,,,,,,,,,,,,,,,,,,,,,,,,,,,,,,,,,,,,,,
,,,,,,,,,,,,,,,,,,,,,,,,,,,,,,,,,,,,,,,,,,,
,,,,,,,,,,,,,,,,,,,,,,,,,,,,,,,,,,,,,,,,,,,
,,,,,,,,,,,,,,,,,,,,,,,,,,,,,,,,,,,,,,,,,,,
,,,,,,,,,,,,,,,,,,,,,,,,,,,,,,,,,,,,,,,,,,,
,,,,,,,,,,,,,,,,,,,,,,,,,,,,,,,,,,,,,,,,,,,
,,,,,,,,,,,,,,,,,,,,,,,,,,,,,,,,,,,,,,,,,,,
,,,,,,,,,,,,,,,,,,,,,,,,,,,,,,,,,,,,,,,,,,,
,,,,,,,,,,,,,,,,,,,,,,,,,,,,,,,,,,,,,,,,,,,
,,,,,,,,,,,,,,,,,,,,,,,,,,,,,,,,,,,,,,,,,,,
,,,,,,,,,,,,,,,,,,,,,,,,,,,,,,,,,,,,,,,,,,,
,,,,,,,,,,,,,,,,,,,,,,,,,,,,,,,,,,,,,,,,,,,
,,,,,,,,,,,,,,,,,,,,,,,,,,,,,,,,,,,,,,,,,,,
,,,,,,,,,,,,,,,,,,,,,,,,,,,,,,,,,,,,,,,,,,,
,,,,,,,,,,,,,,,,,,,,,,,,,,,,,,,,,,,,,,,,,,,
,,,,,,,,,,,,,,,,,,,,,,,,,,,,,,,,,,,,,,,,,,,
,,,,,,,,,,,,,,,,,,,,,,,,,,,,,,,,,,,,,,,,,,,
,,,,,,,,,,,,,,,,,,,,,,,,,,,,,,,,,,,,,,,,,,,
,,,,,,,,,,,,,,,,,,,,,,,,,,,,,,,,,,,,,,,,,,,
,,,,,,,,,,,,,,,,,,,,,,,,,,,,,,,,,,,,,,,,,,,
,,,,,,,,,,,,,,,,,,,,,,,,,,,,,,,,,,,,,,,,,,,
,,,,,,,,,,,,,,,,,,,,,,,,,,,,,,,,,,,,,,,,,,,
,,,,,,,,,,,,,,,,,,,,,,,,,,,,,,,,,,,,,,,,,,,
,,,,,,,,,,,,,,,,,,,,,,,,,,,,,,,,,,,,,,,,,,,
,,,,,,,,,,,,,,,,,,,,,,,,,,,,,,,,,,,,,,,,,,,
,,,,,,,,,,,,,,,,,,,,,,,,,,,,,,,,,,,,,,,,,,,
,,,,,,,,,,,,,,,,,,,,,,,,,,,,,,,,,,,,,,,,,,,
,,,,,,,,,,,,,,,,,,,,,,,,,,,,,,,,,,,,,,,,,,,
,,,,,,,,,,,,,,,,,,,,,,,,,,,,,,,,,,,,,,,,,,,
,,,,,,,,,,,,,,,,,,,,,,,,,,,,,,,,,,,,,,,,,,,
,,,,,,,,,,,,,,,,,,,,,,,,,,,,,,,,,,,,,,,,,,,
,,,,,,,,,,,,,,,,,,,,,,,,,,,,,,,,,,,,,,,,,,,
,,,,,,,,,,,,,,,,,,,,,,,,,,,,,,,,,,,,,,,,,,,
,,,,,,,,,,,,,,,,,,,,,,,,,,,,,,,,,,,,,,,,,,,
,,,,,,,,,,,,,,,,,,,,,,,,,,,,,,,,,,,,,,,,,,,
,,,,,,,,,,,,,,,,,,,,,,,,,,,,,,,,,,,,,,,,,,,
,,,,,,,,,,,,,,,,,,,,,,,,,,,,,,,,,,,,,,,,,,,
,,,,,,,,,,,,,,,,,,,,,,,,,,,,,,,,,,,,,,,,,,,
,,,,,,,,,,,,,,,,,,,,,,,,,,,,,,,,,,,,,,,,,,,
,,,,,,,,,,,,,,,,,,,,,,,,,,,,,,,,,,,,,,,,,,,
,,,,,,,,,,,,,,,,,,,,,,,,,,,,,,,,,,,,,,,,,,,
,,,,,,,,,,,,,,,,,,,,,,,,,,,,,,,,,,,,,,,,,,,
,,,,,,,,,,,,,,,,,,,,,,,,,,,,,,,,,,,,,,,,,,,
,,,,,,,,,,,,,,,,,,,,,,,,,,,,,,,,,,,,,,,,,,,
,,,,,,,,,,,,,,,,,,,,,,,,,,,,,,,,,,,,,,,,,,,
,,,,,,,,,,,,,,,,,,,,,,,,,,,,,,,,,,,,,,,,,,,
,,,,,,,,,,,,,,,,,,,,,,,,,,,,,,,,,,,,,,,,,,,
,,,,,,,,,,,,,,,,,,,,,,,,,,,,,,,,,,,,,,,,,,,
,,,,,,,,,,,,,,,,,,,,,,,,,,,,,,,,,,,,,,,,,,,
,,,,,,,,,,,,,,,,,,,,,,,,,,,,,,,,,,,,,,,,,,,
,,,,,,,,,,,,,,,,,,,,,,,,,,,,,,,,,,,,,,,,,,,
,,,,,,,,,,,,,,,,,,,,,,,,,,,,,,,,,,,,,,,,,,,
,,,,,,,,,,,,,,,,,,,,,,,,,,,,,,,,,,,,,,,,,,,
,,,,,,,,,,,,,,,,,,,,,,,,,,,,,,,,,,,,,,,,,,,
,,,,,,,,,,,,,,,,,,,,,,,,,,,,,,,,,,,,,,,,,,,
,,,,,,,,,,,,,,,,,,,,,,,,,,,,,,,,,,,,,,,,,,,
,,,,,,,,,,,,,,,,,,,,,,,,,,,,,,,,,,,,,,,,,,,
,,,,,,,,,,,,,,,,,,,,,,,,,,,,,,,,,,,,,,,,,,,
,,,,,,,,,,,,,,,,,,,,,,,,,,,,,,,,,,,,,,,,,,,
,,,,,,,,,,,,,,,,,,,,,,,,,,,,,,,,,,,,,,,,,,,
,,,,,,,,,,,,,,,,,,,,,,,,,,,,,,,,,,,,,,,,,,,
,,,,,,,,,,,,,,,,,,,,,,,,,,,,,,,,,,,,,,,,,,,
,,,,,,,,,,,,,,,,,,,,,,,,,,,,,,,,,,,,,,,,,,,
,,,,,,,,,,,,,,,,,,,,,,,,,,,,,,,,,,,,,,,,,,,
,,,,,,,,,,,,,,,,,,,,,,,,,,,,,,,,,,,,,,,,,,,
,,,,,,,,,,,,,,,,,,,,,,,,,,,,,,,,,,,,,,,,,,,
,,,,,,,,,,,,,,,,,,,,,,,,,,,,,,,,,,,,,,,,,,,
,,,,,,,,,,,,,,,,,,,,,,,,,,,,,,,,,,,,,,,,,,,
,,,,,,,,,,,,,,,,,,,,,,,,,,,,,,,,,,,,,,,,,,,
,,,,,,,,,,,,,,,,,,,,,,,,,,,,,,,,,,,,,,,,,,,
,,,,,,,,,,,,,,,,,,,,,,,,,,,,,,,,,,,,,,,,,,,
,,,,,,,,,,,,,,,,,,,,,,,,,,,,,,,,,,,,,,,,,,,
,,,,,,,,,,,,,,,,,,,,,,,,,,,,,,,,,,,,,,,,,,,
,,,,,,,,,,,,,,,,,,,,,,,,,,,,,,,,,,,,,,,,,,,
,,,,,,,,,,,,,,,,,,,,,,,,,,,,,,,,,,,,,,,,,,,
,,,,,,,,,,,,,,,,,,,,,,,,,,,,,,,,,,,,,,,,,,,
,,,,,,,,,,,,,,,,,,,,,,,,,,,,,,,,,,,,,,,,,,,
,,,,,,,,,,,,,,,,,,,,,,,,,,,,,,,,,,,,,,,,,,,
,,,,,,,,,,,,,,,,,,,,,,,,,,,,,,,,,,,,,,,,,,,
,,,,,,,,,,,,,,,,,,,,,,,,,,,,,,,,,,,,,,,,,,,
,,,,,,,,,,,,,,,,,,,,,,,,,,,,,,,,,,,,,,,,,,,
,,,,,,,,,,,,,,,,,,,,,,,,,,,,,,,,,,,,,,,,,,,
,,,,,,,,,,,,,,,,,,,,,,,,,,,,,,,,,,,,,,,,,,,
,,,,,,,,,,,,,,,,,,,,,,,,,,,,,,,,,,,,,,,,,,,
,,,,,,,,,,,,,,,,,,,,,,,,,,,,,,,,,,,,,,,,,,,
,,,,,,,,,,,,,,,,,,,,,,,,,,,,,,,,,,,,,,,,,,,
,,,,,,,,,,,,,,,,,,,,,,,,,,,,,,,,,,,,,,,,,,,
,,,,,,,,,,,,,,,,,,,,,,,,,,,,,,,,,,,,,,,,,,,
,,,,,,,,,,,,,,,,,,,,,,,,,,,,,,,,,,,,,,,,,,,
,,,,,,,,,,,,,,,,,,,,,,,,,,,,,,,,,,,,,,,,,,,
,,,,,,,,,,,,,,,,,,,,,,,,,,,,,,,,,,,,,,,,,,,
,,,,,,,,,,,,,,,,,,,,,,,,,,,,,,,,,,,,,,,,,,,
,,,,,,,,,,,,,,,,,,,,,,,,,,,,,,,,,,,,,,,,,,,
,,,,,,,,,,,,,,,,,,,,,,,,,,,,,,,,,,,,,,,,,,,
,,,,,,,,,,,,,,,,,,,,,,,,,,,,,,,,,,,,,,,,,,,
,,,,,,,,,,,,,,,,,,,,,,,,,,,,,,,,,,,,,,,,,,,
,,,,,,,,,,,,,,,,,,,,,,,,,,,,,,,,,,,,,,,,,,,
,,,,,,,,,,,,,,,,,,,,,,,,,,,,,,,,,,,,,,,,,,,
,,,,,,,,,,,,,,,,,,,,,,,,,,,,,,,,,,,,,,,,,,,
,,,,,,,,,,,,,,,,,,,,,,,,,,,,,,,,,,,,,,,,,,,
,,,,,,,,,,,,,,,,,,,,,,,,,,,,,,,,,,,,,,,,,,,
,,,,,,,,,,,,,,,,,,,,,,,,,,,,,,,,,,,,,,,,,,,
,,,,,,,,,,,,,,,,,,,,,,,,,,,,,,,,,,,,,,,,,,,
,,,,,,,,,,,,,,,,,,,,,,,,,,,,,,,,,,,,,,,,,,,
,,,,,,,,,,,,,,,,,,,,,,,,,,,,,,,,,,,,,,,,,,,
,,,,,,,,,,,,,,,,,,,,,,,,,,,,,,,,,,,,,,,,,,,
,,,,,,,,,,,,,,,,,,,,,,,,,,,,,,,,,,,,,,,,,,,
,,,,,,,,,,,,,,,,,,,,,,,,,,,,,,,,,,,,,,,,,,,
,,,,,,,,,,,,,,,,,,,,,,,,,,,,,,,,,,,,,,,,,,,
,,,,,,,,,,,,,,,,,,,,,,,,,,,,,,,,,,,,,,,,,,,
,,,,,,,,,,,,,,,,,,,,,,,,,,,,,,,,,,,,,,,,,,,
,,,,,,,,,,,,,,,,,,,,,,,,,,,,,,,,,,,,,,,,,,,
,,,,,,,,,,,,,,,,,,,,,,,,,,,,,,,,,,,,,,,,,,,
,,,,,,,,,,,,,,,,,,,,,,,,,,,,,,,,,,,,,,,,,,,
,,,,,,,,,,,,,,,,,,,,,,,,,,,,,,,,,,,,,,,,,,,
,,,,,,,,,,,,,,,,,,,,,,,,,,,,,,,,,,,,,,,,,,,
,,,,,,,,,,,,,,,,,,,,,,,,,,,,,,,,,,,,,,,,,,,
,,,,,,,,,,,,,,,,,,,,,,,,,,,,,,,,,,,,,,,,,,,
,,,,,,,,,,,,,,,,,,,,,,,,,,,,,,,,,,,,,,,,,,,
,,,,,,,,,,,,,,,,,,,,,,,,,,,,,,,,,,,,,,,,,,,
,,,,,,,,,,,,,,,,,,,,,,,,,,,,,,,,,,,,,,,,,,,
,,,,,,,,,,,,,,,,,,,,,,,,,,,,,,,,,,,,,,,,,,,
,,,,,,,,,,,,,,,,,,,,,,,,,,,,,,,,,,,,,,,,,,,
,,,,,,,,,,,,,,,,,,,,,,,,,,,,,,,,,,,,,,,,,,,
,,,,,,,,,,,,,,,,,,,,,,,,,,,,,,,,,,,,,,,,,,,
,,,,,,,,,,,,,,,,,,,,,,,,,,,,,,,,,,,,,,,,,,,
,,,,,,,,,,,,,,,,,,,,,,,,,,,,,,,,,,,,,,,,,,,
,,,,,,,,,,,,,,,,,,,,,,,,,,,,,,,,,,,,,,,,,,,
,,,,,,,,,,,,,,,,,,,,,,,,,,,,,,,,,,,,,,,,,,,
,,,,,,,,,,,,,,,,,,,,,,,,,,,,,,,,,,,,,,,,,,,
,,,,,,,,,,,,,,,,,,,,,,,,,,,,,,,,,,,,,,,,,,,
,,,,,,,,,,,,,,,,,,,,,,,,,,,,,,,,,,,,,,,,,,,
,,,,,,,,,,,,,,,,,,,,,,,,,,,,,,,,,,,,,,,,,,,
,,,,,,,,,,,,,,,,,,,,,,,,,,,,,,,,,,,,,,,,,,,
,,,,,,,,,,,,,,,,,,,,,,,,,,,,,,,,,,,,,,,,,,,
,,,,,,,,,,,,,,,,,,,,,,,,,,,,,,,,,,,,,,,,,,,
,,,,,,,,,,,,,,,,,,,,,,,,,,,,,,,,,,,,,,,,,,,
,,,,,,,,,,,,,,,,,,,,,,,,,,,,,,,,,,,,,,,,,,,
,,,,,,,,,,,,,,,,,,,,,,,,,,,,,,,,,,,,,,,,,,,
,,,,,,,,,,,,,,,,,,,,,,,,,,,,,,,,,,,,,,,,,,,
,,,,,,,,,,,,,,,,,,,,,,,,,,,,,,,,,,,,,,,,,,,
,,,,,,,,,,,,,,,,,,,,,,,,,,,,,,,,,,,,,,,,,,,
,,,,,,,,,,,,,,,,,,,,,,,,,,,,,,,,,,,,,,,,,,,
,,,,,,,,,,,,,,,,,,,,,,,,,,,,,,,,,,,,,,,,,,,
,,,,,,,,,,,,,,,,,,,,,,,,,,,,,,,,,,,,,,,,,,,
,,,,,,,,,,,,,,,,,,,,,,,,,,,,,,,,,,,,,,,,,,,
,,,,,,,,,,,,,,,,,,,,,,,,,,,,,,,,,,,,,,,,,,,
,,,,,,,,,,,,,,,,,,,,,,,,,,,,,,,,,,,,,,,,,,,
,,,,,,,,,,,,,,,,,,,,,,,,,,,,,,,,,,,,,,,,,,,
,,,,,,,,,,,,,,,,,,,,,,,,,,,,,,,,,,,,,,,,,,,
,,,,,,,,,,,,,,,,,,,,,,,,,,,,,,,,,,,,,,,,,,,
,????????,,,,,,,,1,,,,,,,,,,,,,,,,,,,,,,,,,,,,,,,,,,
Shining Ring,????,,,171,2050,10,1,8,819,99,581,,,,,,,,,,,,,14,2,,,,,,,,,,,,,,,,,,LJEW001
Heavy Ring,????,,,171,2050,10,1,8,819,99,581,,,,,,,,,,,,,10,2,,,,,,,,,,,,,,,,,,LJEW002
Faint Ring,????,,,171,2050,10,1,8,819,99,581,,,,,,,,,,,,,13,2,,,,,,,,,,,,,,,,,,LJEW003
Fine Ring,????,,,171,2050,10,1,8,819,99,581,,,,,,,,,,,,,15,2,,,,,,,,,,,,,,,,,,LJEW004
Pierced Ring,??????,,,171,2350,10,1,8,819,99,581,,,,,,,,,,,,,20,3,,,,,,,,,,,,,,,,,,LJEW005
Smooth Ring,??????,,,171,2350,10,1,8,820,99,581,,,,,,,,,,,,,22,3,,,,,,,,,,,,,,,,,,LJEW006
Amulet Ring,??????,,,171,2350,10,1,8,820,99,581,,,,,,,,,,,,,21,3,,,,,,,,,,,,,,,,,,LJEW007
Glass Ring,????????,,,171,2050,10,1,8,820,99,581,,,,,,,,,,,,,26,2,,,,,,,,,,,,,,,,,,LJEW008
Pointed Ring,??????,,,171,2050,10,1,8,820,99,581,,,,,,,,,,,,,18,3,,,,,,,,,,,,,,,,,,LJEW009
Solid Ring,??????,,,171,2350,10,1,8,820,99,581,,,,,,,,,,,,,19,3,,,,,,,,,,,,,,,,,,LJEW010
Glamour Ring,????,,,171,7700,10,1,16,821,99,581,,,,,,,,,,,,,14,5,,,,,,,,,,,,,,,,,,LJEW011
Charming Ring,????,,,171,8000,10,1,18,821,99,581,,,,,,,,,,,,,14,5,,,,,,,,,,,,,,,,,,LJEW012
Talisman Ring,??????,,,171,13600,10,1,20,821,99,581,,,,,,,,,,,,,21,9,,,,,,,,,,,,,,,,,,LJEW013
Recovery Ring,HP????,,,171,12700,10,1,22,822,99,581,,,,,,,,,,,,,27,4,,,,,,,,,,,,,,,,,,LJEW014
Meditation Ring,MP????,,,171,13200,10,1,24,822,99,581,,,,,,,,,,,,,28,4,,,,,,,,,,,,,,,,,,LJEW015
Precision Ring,??????,,,171,26950,10,1,26,824,99,581,,,,,,,,,,,,,20,13,,,,,,,,,,,,,,,,,,LJEW016
Alluring Ring,????,,,171,26350,10,1,28,824,99,581,,,,,,,,,,,,,14,10,,,,,,,,,,,,,,,,,,LJEW017
Fascinating Ring,????,,,171,31650,10,1,30,825,99,581,,,,,,,,,,,,,14,11,,,,,,,,,,,,,,,,,,LJEW018
Ring of Magic,??????,,,171,46400,10,1,32,825,99,581,,,,,,,,,,,,,21,17,,,,,,,,,,,,,,,,,,LJEW019
Lizard Ring,HP????,,,171,33900,10,1,34,822,99,581,,,,,,,,,,,,,27,7,,,,,,,,,,,,,,,,,,LJEW020
Crackshot Ring,??????,,,171,70600,10,1,36,826,99,581,,,,,,,,,,,,,20,21,,,,,,,,,,,,,,,,,,LJEW021
Mage Ring,MP????,,,171,43800,10,1,38,826,99,581,,,,,,,,,,,,,28,8,,,,,,,,,,,,,,,,,,LJEW022
Gorgeous Ring,????,,,171,82200,10,1,40,829,99,581,,,,,,,,,,,,,14,18,,,,,,,,,,,,,,,,,,LJEW023
Dazzling Ring,????,,,171,92650,10,1,42,849,99,581,,,,,,,,,,,,,14,19,,,,,,,,,,,,,,,,,,LJEW024
Dark Ring,??????,,,171,139300,10,1,44,848,99,581,,,,,,,,,,,,,21,29,,,,,,,,,,,,,,,,,,LJEW025
Cure Ring,HP????,,,171,91550,10,1,46,846,99,581,,,,,,,,,,,,,27,12,,,,,,,,,,,,,,,,,,LJEW026
Sage Ring,MP????,,,171,93950,10,1,48,850,99,581,,,,,,,,,,,,,28,12,,,,,,,,,,,,,,,,,,LJEW027
Deadshot Ring,??????,,,171,222100,10,1,50,847,99,581,,,,,,,,,,,,,20,36,,,,,,,,,,,,,,,,,,LJEW028
Sunset Ring,????+??????,,,171,465410,10,1,52,849,99,581,,,,,,,,,,,,,14,28,,21,28,,,,,,,,,,,,,,,LJEW029
Full Moon Ring,????+??????,,,171,537750,10,1,54,848,99,581,,,,,,,,,,,,,10,30,,21,30,,,,,,,,,,,,,,,LJEW030
Warrior Ring,????+????,,,171,60000,10,1,45,849,99,581,,,,150,,,,31,50,,,,18,8,,20,8,,,,,,,,,,,,,,,LJEW031
,,,,,,,,,,99,581,,,,,,,,,,,,,,,,,,,,,,,,,,,,,,,,
,,,,,,,,,,99,581,,,,,,,,,,,,,,,,,,,,,,,,,,,,,,,,
,,,,,,,,,,99,581,,,,,,,,,,,,,,,,,,,,,,,,,,,,,,,,
,,,,,,,,,,99,581,,,,,,,,,,,,,,,,,,,,,,,,,,,,,,,,
,,,,,,,,,,99,581,,,,,,,,,,,,,,,,,,,,,,,,,,,,,,,,
,,,,,,,,,,99,581,,,,,,,,,,,,,,,,,,,,,,,,,,,,,,,,
,,,,,,,,,,99,581,,,,,,,,,,,,,,,,,,,,,,,,,,,,,,,,
,,,,,,,,,,99,581,,,,,,,,,,,,,,,,,,,,,,,,,,,,,,,,
,,,,,,,,,,99,581,,,,,,,,,,,,,,,,,,,,,,,,,,,,,,,,
,,,,,,,,,,,581,,,,,,,,,,,,,,,,,,,,,,,,,,,,,,,,
,,,,,,,,,,,581,,,,,,,,,,,,,,,,,,,,,,,,,,,,,,,,
,,,,,,,,,,,581,,,,,,,,,,,,,,,,,,,,,,,,,,,,,,,,
,,,,,,,,,,,581,,,,,,,,,,,,,,,,,,,,,,,,,,,,,,,,
,,,,,,,,,,,581,,,,,,,,,,,,,,,,,,,,,,,,,,,,,,,,
,,,,,,,,,,,581,,,,,,,,,,,,,,,,,,,,,,,,,,,,,,,,
,,,,,,,,,,,581,,,,,,,,,,,,,,,,,,,,,,,,,,,,,,,,
,,,,,,,,,,,581,,,,,,,,,,,,,,,,,,,,,,,,,,,,,,,,
,,,,,,,,,,,581,,,,,,,,,,,,,,,,,,,,,,,,,,,,,,,,
,,,,,,,,,,,581,,,,,,,,,,,,,,,,,,,,,,,,,,,,,,,,
,,,,,,,,,,,581,,,,,,,,,,,,,,,,,,,,,,,,,,,,,,,,
,,,,,,,,,,,581,,,,,,,,,,,,,,,,,,,,,,,,,,,,,,,,
,,,,,,,,,,,581,,,,,,,,,,,,,,,,,,,,,,,,,,,,,,,,
,,,,,,,,,,,581,,,,,,,,,,,,,,,,,,,,,,,,,,,,,,,,
,,,,,,,,,,,581,,,,,,,,,,,,,,,,,,,,,,,,,,,,,,,,
,,,,,,,,,,,581,,,,,,,,,,,,,,,,,,,,,,,,,,,,,,,,
,,,,,,,,,,,581,,,,,,,,,,,,,,,,,,,,,,,,,,,,,,,,
,,,,,,,,,,,581,,,,,,,,,,,,,,,,,,,,,,,,,,,,,,,,
,,,,,,,,,,,581,,,,,,,,,,,,,,,,,,,,,,,,,,,,,,,,
,,,,,,,,,,,581,,,,,,,,,,,,,,,,,,,,,,,,,,,,,,,,
,,,,,,,,,,,581,,,,,,,,,,,,,,,,,,,,,,,,,,,,,,,,
,,,,,,,,,,,581,,,,,,,,,,,,,,,,,,,,,,,,,,,,,,,,
,,,,,,,,,,,581,,,,,,,,,,,,,,,,,,,,,,,,,,,,,,,,
,,,,,,,,,,,581,,,,,,,,,,,,,,,,,,,,,,,,,,,,,,,,
,,,,,,,,,,,581,,,,,,,,,,,,,,,,,,,,,,,,,,,,,,,,
,,,,,,,,,,,581,,,,,,,,,,,,,,,,,,,,,,,,,,,,,,,,
,,,,,,,,,,,581,,,,,,,,,,,,,,,,,,,,,,,,,,,,,,,,
,,,,,,,,,,,581,,,,,,,,,,,,,,,,,,,,,,,,,,,,,,,,
,,,,,,,,,,,581,,,,,,,,,,,,,,,,,,,,,,,,,,,,,,,,
,,,,,,,,,,,581,,,,,,,,,,,,,,,,,,,,,,,,,,,,,,,,
,,,,,,,,,,,581,,,,,,,,,,,,,,,,,,,,,,,,,,,,,,,,
,,,,,,,,,,,581,,,,,,,,,,,,,,,,,,,,,,,,,,,,,,,,
,,,,,,,,,,,581,,,,,,,,,,,,,,,,,,,,,,,,,,,,,,,,
,,,,,,,,,,,581,,,,,,,,,,,,,,,,,,,,,,,,,,,,,,,,
,,,,,,,,,,,581,,,,,,,,,,,,,,,,,,,,,,,,,,,,,,,,
,,,,,,,,,,,581,,,,,,,,,,,,,,,,,,,,,,,,,,,,,,,,
,,,,,,,,,,,581,,,,,,,,,,,,,,,,,,,,,,,,,,,,,,,,
,,,,,,,,,,,581,,,,,,,,,,,,,,,,,,,,,,,,,,,,,,,,
,,,,,,,,,,,581,,,,,,,,,,,,,,,,,,,,,,,,,,,,,,,,
,,,,,,,,,,,581,,,,,,,,,,,,,,,,,,,,,,,,,,,,,,,,
Shining Necklace,????,,,172,4150,10,1,8,884,95,581,,,,,,,,,,,,,14,2,,,,,,,,,,,,,,,,,,LJEW081
Light Necklace,????,,,172,4150,10,1,8,884,95,581,,,,,,,,,,,,,11,2,,,,,,,,,,,,,,,,,,LJEW082
Textual Necklace,????,,,172,4150,10,1,8,884,95,581,,,,,,,,,,,,,12,2,,,,,,,,,,,,,,,,,,LJEW083
Fine Necklace,????,,,172,4150,10,1,8,884,95,581,,,,,,,,,,,,,15,2,,,,,,,,,,,,,,,,,,LJEW084
Pierced Necklace,??????,,,172,4750,10,1,8,885,95,581,,,,,,,,,,,,,20,3,,,,,,,,,,,,,,,,,,LJEW085
Glass Necklace,????????,,,172,4150,10,1,8,885,95,581,,,,,,,,,,,,,26,2,,,,,,,,,,,,,,,,,,LJEW086
Smooth Necklace,??????,,,172,4750,10,1,8,885,95,581,,,,,,,,,,,,,22,3,,,,,,,,,,,,,,,,,,LJEW087
Pointed Necklace,??????,,,172,4100,10,1,8,886,95,581,,,,,,,,,,,,,18,3,,,,,,,,,,,,,,,,,,LJEW088
Solid Necklace,??????,,,172,4750,10,1,8,886,95,581,,,,,,,,,,,,,19,3,,,,,,,,,,,,,,,,,,LJEW089
Amulet Necklace,??????,,,172,4750,10,1,8,886,95,581,,,,,,,,,,,,,21,3,,,,,,,,,,,,,,,,,,LJEW090
Glamour Necklace,????,,,172,15350,10,1,16,887,95,581,,,,,,,,,,,,,14,5,,,,,,,,,,,,,,,,,,LJEW091
Charming Necklace,????,,,172,16000,10,1,18,887,95,581,,,,,,,,,,,,,14,5,,,,,,,,,,,,,,,,,,LJEW092
Talisman Necklace,??????,,,172,27200,10,1,20,888,95,581,,,,,,,,,,,,,21,9,,,,,,,,,,,,,,,,,,LJEW093
Recovery Necklace,HP????,,,172,25400,10,1,22,887,95,581,,,,,,,,,,,,,27,4,,,,,,,,,,,,,,,,,,LJEW094
Meditation Necklace,MP????,,,172,26400,10,1,24,888,95,581,,,,,,,,,,,,,28,4,,,,,,,,,,,,,,,,,,LJEW095
Evasion Necklace,??????,,,172,54000,10,1,26,890,95,581,,,,,,,,,,,,,22,13,,,,,,,,,,,,,,,,,,LJEW096
Alluring Necklace,????,,,172,52700,10,1,28,892,95,581,,,,,,,,,,,,,14,10,,,,,,,,,,,,,,,,,,LJEW097
Fascinating Necklace,????,,,172,63200,10,1,30,891,95,581,,,,,,,,,,,,,14,11,,,,,,,,,,,,,,,,,,LJEW098
Necklace of Magic,??????,,,172,92800,10,1,32,891,95,581,,,,,,,,,,,,,21,17,,,,,,,,,,,,,,,,,,LJEW099
Lizard Necklace,HP????,,,172,67750,10,1,34,898,95,581,,,,,,,,,,,,,27,7,,,,,,,,,,,,,,,,,,LJEW100
Mage Necklace,MP????,,,172,85050,10,1,36,895,95,581,,,,,,,,,,,,,28,8,,,,,,,,,,,,,,,,,,LJEW101
Lucky Necklace,??????,,,172,170250,10,1,38,893,95,581,,,,,,,,,,,,,22,23,,,,,,,,,,,,,,,,,,LJEW102
Gorgeous Necklace,????,,,172,164450,10,1,40,894,95,581,,,,,,,,,,,,,14,18,,,,,,,,,,,,,,,,,,LJEW103
Dazzling Necklace,????,,,172,185300,10,1,42,899,95,581,,,,,,,,,,,,,14,19,,,,,,,,,,,,,,,,,,LJEW104
Dark Necklace,??????,,,172,278550,10,1,44,895,95,581,,,,,,,,,,,,,21,29,,,,,,,,,,,,,,,,,,LJEW105
Cure Necklace,HP????,,,172,183050,10,1,46,897,95,581,,,,,,,,,,,,,27,12,,,,,,,,,,,,,,,,,,LJEW106
Sage Necklace,MP????,,,172,187900,10,1,48,897,95,581,,,,,,,,,,,,,28,12,,,,,,,,,,,,,,,,,,LJEW107
Shadow Necklace,??????,,,172,444200,10,1,50,895,95,581,,,,,,,,,,,,,22,36,,,,,,,,,,,,,,,,,,LJEW108
Sunset Necklace,????+??????,,,172,821060,10,1,52,894,95,581,,,,,,,,,,,,,14,28,,21,28,,,,,,,,,,,,,,,LJEW109
Full Moon Necklace,????+??????,,,172,949550,10,1,54,893,95,581,,,,,,,,,,,,,14,30,,21,30,,,,,,,,,,,,,,,LJEW110
,,,,,,,,,884,95,581,,,,,,,,,,,,,,,,,,,,,,,,,,,,,,,,
,,,,,,,,,884,95,581,,,,,,,,,,,,,,,,,,,,,,,,,,,,,,,,
,,,,,,,,,884,95,581,,,,,,,,,,,,,,,,,,,,,,,,,,,,,,,,
,,,,,,,,,884,95,581,,,,,,,,,,,,,,,,,,,,,,,,,,,,,,,,
,,,,,,,,,884,95,581,,,,,,,,,,,,,,,,,,,,,,,,,,,,,,,,
,,,,,,,,,884,95,581,,,,,,,,,,,,,,,,,,,,,,,,,,,,,,,,
,,,,,,,,,884,95,581,,,,,,,,,,,,,,,,,,,,,,,,,,,,,,,,
,,,,,,,,,884,95,581,,,,,,,,,,,,,,,,,,,,,,,,,,,,,,,,
,,,,,,,,,884,95,581,,,,,,,,,,,,,,,,,,,,,,,,,,,,,,,,
,,,,,,,,,884,95,581,,,,,,,,,,,,,,,,,,,,,,,,,,,,,,,,
,,,,,,,,,,,581,,,,,,,,,,,,,,,,,,,,,,,,,,,,,,,,
,,,,,,,,,,,581,,,,,,,,,,,,,,,,,,,,,,,,,,,,,,,,
,,,,,,,,,,,581,,,,,,,,,,,,,,,,,,,,,,,,,,,,,,,,
,,,,,,,,,,,581,,,,,,,,,,,,,,,,,,,,,,,,,,,,,,,,
,,,,,,,,,,,581,,,,,,,,,,,,,,,,,,,,,,,,,,,,,,,,
,,,,,,,,,,,581,,,,,,,,,,,,,,,,,,,,,,,,,,,,,,,,
,,,,,,,,,,,581,,,,,,,,,,,,,,,,,,,,,,,,,,,,,,,,
,,,,,,,,,,,581,,,,,,,,,,,,,,,,,,,,,,,,,,,,,,,,
,,,,,,,,,,,581,,,,,,,,,,,,,,,,,,,,,,,,,,,,,,,,
,,,,,,,,,,,581,,,,,,,,,,,,,,,,,,,,,,,,,,,,,,,,
,,,,,,,,,,,581,,,,,,,,,,,,,,,,,,,,,,,,,,,,,,,,
,,,,,,,,,,,581,,,,,,,,,,,,,,,,,,,,,,,,,,,,,,,,
,,,,,,,,,,,581,,,,,,,,,,,,,,,,,,,,,,,,,,,,,,,,
,,,,,,,,,,,581,,,,,,,,,,,,,,,,,,,,,,,,,,,,,,,,
,,,,,,,,,,,581,,,,,,,,,,,,,,,,,,,,,,,,,,,,,,,,
,,,,,,,,,,,581,,,,,,,,,,,,,,,,,,,,,,,,,,,,,,,,
,,,,,,,,,,,581,,,,,,,,,,,,,,,,,,,,,,,,,,,,,,,,
,,,,,,,,,,,581,,,,,,,,,,,,,,,,,,,,,,,,,,,,,,,,
,,,,,,,,,,,581,,,,,,,,,,,,,,,,,,,,,,,,,,,,,,,,
,,,,,,,,,,,581,,,,,,,,,,,,,,,,,,,,,,,,,,,,,,,,
,,,,,,,,,,,581,,,,,,,,,,,,,,,,,,,,,,,,,,,,,,,,
,,,,,,,,,,,581,,,,,,,,,,,,,,,,,,,,,,,,,,,,,,,,
,,,,,,,,,,,581,,,,,,,,,,,,,,,,,,,,,,,,,,,,,,,,
,,,,,,,,,,,581,,,,,,,,,,,,,,,,,,,,,,,,,,,,,,,,
,,,,,,,,,,,581,,,,,,,,,,,,,,,,,,,,,,,,,,,,,,,,
,,,,,,,,,,,581,,,,,,,,,,,,,,,,,,,,,,,,,,,,,,,,
,,,,,,,,,,,581,,,,,,,,,,,,,,,,,,,,,,,,,,,,,,,,
,,,,,,,,,,,581,,,,,,,,,,,,,,,,,,,,,,,,,,,,,,,,
,,,,,,,,,,,581,,,,,,,,,,,,,,,,,,,,,,,,,,,,,,,,
,,,,,,,,,,,581,,,,,,,,,,,,,,,,,,,,,,,,,,,,,,,,
Shining Earring,????,,,173,4150,10,1,8,858,95,581,,,,,,,,,,,,,14,2,,,,,,,,,,,,,,,,,,LJEW151
Light Earring,????,,,173,4150,10,1,8,858,95,581,,,,,,,,,,,,,11,2,,,,,,,,,,,,,,,,,,LJEW152
Textual Earring,????,,,173,4150,10,1,8,858,95,581,,,,,,,,,,,,,12,2,,,,,,,,,,,,,,,,,,LJEW153
Heavy Earring,????,,,173,4150,10,1,8,859,95,581,,,,,,,,,,,,,10,2,,,,,,,,,,,,,,,,,,LJEW154
Pierced Earring,??????,,,173,4750,10,1,8,859,95,581,,,,,,,,,,,,,20,3,,,,,,,,,,,,,,,,,,LJEW155
Glass Earring,????????,,,173,4150,10,1,8,859,95,581,,,,,,,,,,,,,26,2,,,,,,,,,,,,,,,,,,LJEW156
Smooth Earring,??????,,,173,4750,10,1,8,860,95,581,,,,,,,,,,,,,22,3,,,,,,,,,,,,,,,,,,LJEW157
Pointed Earring,??????,,,173,4100,10,1,8,860,95,581,,,,,,,,,,,,,18,3,,,,,,,,,,,,,,,,,,LJEW158
Solid Earring,??????,,,173,4750,10,1,8,860,95,581,,,,,,,,,,,,,19,3,,,,,,,,,,,,,,,,,,LJEW159
Amulet Earring,??????,,,173,4750,10,1,8,860,95,581,,,,,,,,,,,,,21,3,,,,,,,,,,,,,,,,,,LJEW160
Glamour Earring,????,,,173,15350,10,1,16,861,95,581,,,,,,,,,,,,,14,5,,,,,,,,,,,,,,,,,,LJEW161
Charming Earring,????,,,173,16000,10,1,18,862,95,581,,,,,,,,,,,,,14,5,,,,,,,,,,,,,,,,,,LJEW162
Talisman Earring,??????,,,173,27200,10,1,20,863,95,581,,,,,,,,,,,,,21,9,,,,,,,,,,,,,,,,,,LJEW163
Recovery Earring,HP????,,,173,25400,10,1,22,862,95,581,,,,,,,,,,,,,27,4,,,,,,,,,,,,,,,,,,LJEW164
Meditation Earring,MP????,,,173,26400,10,1,24,861,95,581,,,,,,,,,,,,,28,4,,,,,,,,,,,,,,,,,,LJEW165
Critical Earring,????????,,,173,43350,10,1,26,863,95,581,,,,,,,,,,,,,26,9,,,,,,,,,,,,,,,,,,LJEW166
Alluring Earring,????,,,173,52700,10,1,28,862,95,581,,,,,,,,,,,,,14,10,,,,,,,,,,,,,,,,,,LJEW167
Fascinating Earring,????,,,173,63200,10,1,30,862,95,581,,,,,,,,,,,,,14,11,,,,,,,,,,,,,,,,,,LJEW168
Earring of Magic,??????,,,173,92800,10,1,32,862,95,581,,,,,,,,,,,,,21,17,,,,,,,,,,,,,,,,,,LJEW169
Lizard Earring,HP????,,,173,67750,10,1,34,861,95,581,,,,,,,,,,,,,27,7,,,,,,,,,,,,,,,,,,LJEW170
Mage Earring,MP????,,,173,85050,10,1,36,863,95,581,,,,,,,,,,,,,28,8,,,,,,,,,,,,,,,,,,LJEW171
Deadly Earring,????????,,,173,131150,10,1,38,863,95,581,,,,,,,,,,,,,26,16,,,,,,,,,,,,,,,,,,LJEW172
Gorgeous Earring,????,,,173,164450,10,1,40,865,95,581,,,,,,,,,,,,,14,18,,,,,,,,,,,,,,,,,,LJEW173
Dazzling Earring,????,,,173,185300,10,1,42,865,95,581,,,,,,,,,,,,,14,19,,,,,,,,,,,,,,,,,,LJEW174
Dark Earring,??????,,,173,278550,10,1,44,864,95,581,,,,,,,,,,,,,21,29,,,,,,,,,,,,,,,,,,LJEW175
Cure Earring,HP????,,,173,183050,10,1,46,869,95,581,,,,,,,,,,,,,27,12,,,,,,,,,,,,,,,,,,LJEW176
Sage Earring,MP????,,,173,187900,10,1,48,869,95,581,,,,,,,,,,,,,28,12,,,,,,,,,,,,,,,,,,LJEW177
Assassin Earring,????????,,,173,354300,10,1,50,865,95,581,,,,,,,,,,,,,26,26,,,,,,,,,,,,,,,,,,LJEW178
Noble Lady's Earring,????,,,173,414000,10,1,52,867,95,581,,,,,,,,,,,,,14,28,,,,,,,,,,,,,,,,,,LJEW179
Angel Earring,????,,,173,479550,10,1,54,869,95,581,,,,,,,,,,,,,14,30,,,,,,,,,,,,,,,,,,LJEW180
Holy Earring,??????,,,173,689450,10,1,56,868,95,581,,,,,,,,,,,,,21,44,,,,,,,,,,,,,,,,,,LJEW181
Tranquil Earring,HP????,,,173,374750,10,1,58,869,95,581,,,,,,,,,,,,,27,17,,,,,,,,,,,,,,,,,,LJEW182
Silence Earring,MP????,,,173,422000,10,1,60,868,95,581,,,,,,,,,,,,,28,18,,,,,,,,,,,,,,,,,,LJEW183
One-Shot Earring,????????,,,173,804900,10,1,62,865,95,581,,,,,,,,,,,,,26,38,,,,,,,,,,,,,,,,,,LJEW184
Twinkling,????,,,173,903250,10,1,64,872,95,581,,,,,,,,,,,,,14,40,,,,,,,,,,,,,,,,,,LJEW185
Siren's Song,????,,,173,1008850,10,1,66,873,95,581,,,,,,,,,,,,,14,42,,,,,,,,,,,,,,,,,,LJEW186
Silver Earring,??????,,,173,1489500,10,1,68,871,95,581,,,,,,,,,,,,,21,62,,,,,,,,,,,,,,,,,,LJEW187
Holy Spirit's Earring,HP????,,,173,768900,10,1,70,873,95,581,,,,,,,,,,,,,27,24,,,,,,,,,,,,,,,,,,LJEW188
Saint's Earring,MP????,,,173,842400,10,1,72,871,95,581,,,,,,,,,,,,,28,25,,,,,,,,,,,,,,,,,,LJEW189
Death Blow,????????,,,173,1623350,10,1,74,872,95,581,,,,,,,,,,,,,26,52,,,,,,,,,,,,,,,,,,LJEW190
,,,,,,,,,,,,,,,,,,,,,,,,,,,,,,,,,,,,,,,,,,,
,,,,,,,,,,,,,,,,,,,,,,,,,,,,,,,,,,,,,,,,,,,
,,,,,,,,,,,,,,,,,,,,,,,,,,,,,,,,,,,,,,,,,,,
,,,,,,,,,,,,,,,,,,,,,,,,,,,,,,,,,,,,,,,,,,,
,,,,,,,,,,,,,,,,,,,,,,,,,,,,,,,,,,,,,,,,,,,
,,,,,,,,,,,,,,,,,,,,,,,,,,,,,,,,,,,,,,,,,,,
,,,,,,,,,,,,,,,,,,,,,,,,,,,,,,,,,,,,,,,,,,,
,,,,,,,,,,,,,,,,,,,,,,,,,,,,,,,,,,,,,,,,,,,
,,,,,,,,,,,,,,,,,,,,,,,,,,,,,,,,,,,,,,,,,,,
,,,,,,,,,,,,,,,,,,,,,,,,,,,,,,,,,,,,,,,,,,,
Ring of River,??????,,,171,10,10,1,40,828,99,581,,,,,,,,31,100,,,,14,2,,,,,,,,,,,,,,,,,,LJEW201
Ring of Gale,??????,,,171,10,10,1,40,828,99,581,,,,,,,,31,100,,,,19,3,,,,,,,,,,,,,,,,,,LJEW202
Ring of Stone,??????,,,171,10,10,1,40,830,99,581,,,,,,,,31,100,,,,14,4,,,,,,,,,,,,,,,,,,LJEW203
Ring of Flame,??????,,,171,10,10,1,40,829,99,581,,,,,,,,31,100,,,,19,5,,,,,,,,,,,,,,,,,,LJEW204
Ring of the Sea,??????,,,171,10,10,1,40,846,99,581,,,,,,,,31,140,,,,14,6,,,,,,,,,,,,,,,,,,LJEW205
Ring of Typhoon,??????,,,171,10,10,1,40,848,99,581,,,,,,,,31,140,,,,19,7,,,,,,,,,,,,,,,,,,LJEW206
Ring of Cliff,??????,,,171,10,10,1,40,850,99,581,,,,,,,,31,140,,,,14,8,,,,,,,,,,,,,,,,,,LJEW207
Ring of Lava,??????,,,171,10,10,1,40,849,99,581,,,,,,,,31,140,,,,19,9,,,,,,,,,,,,,,,,,,LJEW208
Arua Ring,??????,,,171,10,10,1,40,847,99,581,,,,,,,,31,160,,,,14,10,,,,,,,,,,,,,,,,,,LJEW209
,,,,,,,,,,,,,,,,,,,,,,,,,,,,,,,,,,,,,,,,,,,
Necklace of River,??????,,,172,10,10,1,40,891,95,581,,,,,,,,31,100,,,,14,2,,,,,,,,,,,,,,,,,,LJEW211
Necklace of Gale,??????,,,172,10,10,1,40,891,95,581,,,,,,,,31,100,,,,14,3,,,,,,,,,,,,,,,,,,LJEW212
Necklace of Stone,??????,,,172,10,10,1,40,890,95,581,,,,,,,,31,100,,,,14,4,,,,,,,,,,,,,,,,,,LJEW213
Necklace of Flame,??????,,,172,10,10,1,40,892,95,581,,,,,,,,31,100,,,,14,5,,,,,,,,,,,,,,,,,,LJEW214
Necklace of the Sea,??????,,,172,10,10,1,40,893,95,581,,,,,,,,31,140,,,,14,6,,,,,,,,,,,,,,,,,,LJEW215
Necklace of Typhoon,??????,,,172,10,10,1,40,893,95,581,,,,,,,,31,140,,,,14,7,,,,,,,,,,,,,,,,,,LJEW216
Necklace of Cliff,??????,,,172,10,10,1,40,893,95,581,,,,,,,,31,140,,,,14,8,,,,,,,,,,,,,,,,,,LJEW217
Necklace of Lava,??????,,,172,10,10,1,40,894,95,581,,,,,,,,31,140,,,,14,9,,,,,,,,,,,,,,,,,,LJEW218
Arua Necklace,??????,,,172,10,10,1,40,897,95,581,,,,,,,,31,160,,,,14,10,,,,,,,,,,,,,,,,,,LJEW219
,,,,,,,,,,,,,,,,,,,,,,,,,,,,,,,,,,,,,,,,,,,
Earring of River,??????,,,173,10,10,1,40,861,95,581,,,,,,,,31,100,,,,14,2,,,,,,,,,,,,,,,,,,LJEW221
Earring of Gale,??????,,,173,10,10,1,40,861,95,581,,,,,,,,31,100,,,,11,3,,,,,,,,,,,,,,,,,,LJEW222
Earring of Stone,??????,,,173,10,10,1,40,863,95,581,,,,,,,,31,100,,,,12,4,,,,,,,,,,,,,,,,,,LJEW223
Earring of Flame,??????,,,173,10,10,1,40,862,95,581,,,,,,,,31,100,,,,10,5,,,,,,,,,,,,,,,,,,LJEW224
Earring of the Sea,??????,,,173,10,10,1,40,864,95,581,,,,,,,,31,140,,,,20,6,,,,,,,,,,,,,,,,,,LJEW225
Earring of Typhoon,??????,,,173,10,10,1,40,866,95,581,,,,,,,,31,140,,,,26,7,,,,,,,,,,,,,,,,,,LJEW226
Earring of Cliff,??????,,,173,10,10,1,40,866,95,581,,,,,,,,31,140,,,,22,8,,,,,,,,,,,,,,,,,,LJEW227
Earring of Lava,??????,,,173,10,10,1,40,865,95,581,,,,,,,,31,140,,,,18,9,,,,,,,,,,,,,,,,,,LJEW228
Arua Earring,??????,,,173,10,10,1,40,871,95,581,,,,,,,,31,160,,,,19,10,,,,,,,,,,,,,,,,,,LJEW229
,,,,,,,,,,,,,,,,,,,,,,,,,,,,,,,,,,,,,,,,,,,
,,,,,,,,,,,,,,,,,,,,,,,,,,,,,,,,,,,,,,,,,,,
,,,,,,,,,,,,,,,,,,,,,,,,,,,,,,,,,,,,,,,,,,,
,,,,,,,,,,,,,,,,,,,,,,,,,,,,,,,,,,,,,,,,,,,
,,,,,,,,,,,,,,,,,,,,,,,,,,,,,,,,,,,,,,,,,,,
,,,,,,,,,,,,,,,,,,,,,,,,,,,,,,,,,,,,,,,,,,,
,,,,,,,,,,,,,,,,,,,,,,,,,,,,,,,,,,,,,,,,,,,
,,,,,,,,,,,,,,,,,,,,,,,,,,,,,,,,,,,,,,,,,,,
,,,,,,,,,,,,,,,,,,,,,,,,,,,,,,,,,,,,,,,,,,,
,,,,,,,,,,,,,,,,,,,,,,,,,,,,,,,,,,,,,,,,,,,
,,,,,,,,,,,,,,,,,,,,,,,,,,,,,,,,,,,,,,,,,,,
,,,,,,,,,,,,,,,,,,,,,,,,,,,,,,,,,,,,,,,,,,,
,,,,,,,,,,,,,,,,,,,,,,,,,,,,,,,,,,,,,,,,,,,
,,,,,,,,,,,,,,,,,,,,,,,,,,,,,,,,,,,,,,,,,,,
,,,,,,,,,,,,,,,,,,,,,,,,,,,,,,,,,,,,,,,,,,,
,,,,,,,,,,,,,,,,,,,,,,,,,,,,,,,,,,,,,,,,,,,
,,,,,,,,,,,,,,,,,,,,,,,,,,,,,,,,,,,,,,,,,,,
,,,,,,,,,,,,,,,,,,,,,,,,,,,,,,,,,,,,,,,,,,,
,,,,,,,,,,,,,,,,,,,,,,,,,,,,,,,,,,,,,,,,,,,
,,,,,,,,,,,,,,,,,,,,,,,,,,,,,,,,,,,,,,,,,,,
,,,,,,,,,,,,,,,,,,,,,,,,,,,,,,,,,,,,,,,,,,,
Socket Ring,,,,171,450,10,1,55,819,99,581,,,,,,,,,,,,,,,,,,,0,,,,,,,,,,,,,LJEW251
Bronze Socket Ring,,,,171,3450,10,1,20,819,99,581,,,,,,,,,,,,,18,2,,,,,0,,,,,,,,,,,,,LJEW252
,,,,,,,,,,,,,,,,,,,,,,,,,,,,,,,,,,,,,,,,,,,
,,,,,,,,,,,,,,,,,,,,,,,,,,,,,,,,,,,,,,,,,,,
,,,,,,,,,,,,,,,,,,,,,,,,,,,,,,,,,,,,,,,,,,,
,,,,,,,,,,,,,,,,,,,,,,,,,,,,,,,,,,,,,,,,,,,
,,,,,,,,,,,,,,,,,,,,,,,,,,,,,,,,,,,,,,,,,,,
,,,,,,,,,,,,,,,,,,,,,,,,,,,,,,,,,,,,,,,,,,,
,,,,,,,,,,,,,,,,,,,,,,,,,,,,,,,,,,,,,,,,,,,
,,,,,,,,,,,,,,,,,,,,,,,,,,,,,,,,,,,,,,,,,,,
Socket Necklace,,,,172,450,10,1,55,884,95,581,,,,,,,,,,,,,,,,,,,0,,,,,,,,,,,,,LJEW261
Bronze Socket Necklace,,,,172,3950,10,1,20,884,95,581,,,,,,,,,,,,,22,2,,,,,0,,,,,,,,,,,,,LJEW262
,,,,,,,,,,,,,,,,,,,,,,,,,,,,,,,,,,,,,,,,,,,
,,,,,,,,,,,,,,,,,,,,,,,,,,,,,,,,,,,,,,,,,,,
,,,,,,,,,,,,,,,,,,,,,,,,,,,,,,,,,,,,,,,,,,,
,,,,,,,,,,,,,,,,,,,,,,,,,,,,,,,,,,,,,,,,,,,
,,,,,,,,,,,,,,,,,,,,,,,,,,,,,,,,,,,,,,,,,,,
,,,,,,,,,,,,,,,,,,,,,,,,,,,,,,,,,,,,,,,,,,,
,,,,,,,,,,,,,,,,,,,,,,,,,,,,,,,,,,,,,,,,,,,
,,,,,,,,,,,,,,,,,,,,,,,,,,,,,,,,,,,,,,,,,,,
Socket Earring,,,,173,450,10,1,55,858,95,581,,,,,,,,,,,,,,,,,,,0,,,,,,,,,,,,,LJEW271
Bronze Socket Earring,,,,173,4100,10,1,20,858,95,581,,,,,,,,,,,,,29,1,,,,,0,,,,,,,,,,,,,LJEW272
,,,,,,,,,,,,,,,,,,,,,,,,,,,,,,,,,,,,,,,,,,,
,,,,,,,,,,,,,,,,,,,,,,,,,,,,,,,,,,,,,,,,,,,
,,,,,,,,,,,,,,,,,,,,,,,,,,,,,,,,,,,,,,,,,,,
,,,,,,,,,,,,,,,,,,,,,,,,,,,,,,,,,,,,,,,,,,,
,,,,,,,,,,,,,,,,,,,,,,,,,,,,,,,,,,,,,,,,,,,
,,,,,,,,,,,,,,,,,,,,,,,,,,,,,,,,,,,,,,,,,,,
,,,,,,,,,,,,,,,,,,,,,,,,,,,,,,,,,,,,,,,,,,,
,,,,,,,,,,,,,,,,,,,,,,,,,,,,,,,,,,,,,,,,,,,
Cornell's Necklace,????,,2,172,9450,10,1,8,894,95,581,,,,,,,,,,,,,10,4,,,,,,,,,,,,,,,,,,LJEW281
Lena's Earring,????,,2,173,9450,10,1,8,865,95,581,,,,,,,,,,,,,11,4,,,,,,,,,,,,,,,,,,LJEW282
Keenu's Ring,????,,2,171,9450,10,1,8,829,95,581,,,,,,,,,,,,,12,4,,,,,,,,,,,,,,,,,,LJEW283
Full Moon Necklace,??????,,2,172,9450,10,1,8,887,95,581,,,,,,,,,,,,,19,12,,,,,,,,,,,,,,,,,,LJEW284
Silence Earring,??????,,2,173,9450,10,1,8,861,95,581,,,,,,,,,,,,,19,12,,,,,,,,,,,,,,,,,,LJEW285
,,,,,,,,,,,,,,,,,,,,,,,,,,,,,,,,,,,,,,,,,,,
,,,,,,,,,,,,,,,,,,,,,,,,,,,,,,,,,,,,,,,,,,,
,,,,,,,,,,,,,,,,,,,,,,,,,,,,,,,,,,,,,,,,,,,
,,,,,,,,,,,,,,,,,,,,,,,,,,,,,,,,,,,,,,,,,,,
,,,,,,,,,,,,,,,,,,,,,,,,,,,,,,,,,,,,,,,,,,,
,,,,,,,,,,,,,,,,,,,,,,,,,,,,,,,,,,,,,,,,,,,
,,,,,,,,,,,,,,,,,,,,,,,,,,,,,,,,,,,,,,,,,,,
,,,,,,,,,,,,,,,,,,,,,,,,,,,,,,,,,,,,,,,,,,,
,,,,,,,,,,,,,,,,,,,,,,,,,,,,,,,,,,,,,,,,,,,
,,,,,,,,,,,,,,,,,,,,,,,,,,,,,,,,,,,,,,,,,,,
,,,,,,,,,,,,,,,,,,,,,,,,,,,,,,,,,,,,,,,,,,,
,,,,,,,,,,,,,,,,,,,,,,,,,,,,,,,,,,,,,,,,,,,
,,,,,,,,,,,,,,,,,,,,,,,,,,,,,,,,,,,,,,,,,,,
,,,,,,,,,,,,,,,,,,,,,,,,,,,,,,,,,,,,,,,,,,,
,,,,,,,,,,,,,,,,,,,,,,,,,,,,,,,,,,,,,,,,,,,
,,,,,,,,,,,,,,,,,,,,,,,,,,,,,,,,,,,,,,,,,,,
,,,,,,,,,,,,,,,,,,,,,,,,,,,,,,,,,,,,,,,,,,,
,,,,,,,,,,,,,,,,,,,,,,,,,,,,,,,,,,,,,,,,,,,
,,,,,,,,,,,,,,,,,,,,,,,,,,,,,,,,,,,,,,,,,,,
,,,,,,,,,,,,,,,,,,,,,,,,,,,,,,,,,,,,,,,,,,,
,,,,,,,,,,,,,,,,,,,,,,,,,,,,,,,,,,,,,,,,,,,
,,,,,,,,,,,,,,,,,,,,,,,,,,,,,,,,,,,,,,,,,,,
,,,,,,,,,,,,,,,,,,,,,,,,,,,,,,,,,,,,,,,,,,,
,,,,,,,,,,,,,,,,,,,,,,,,,,,,,,,,,,,,,,,,,,,
,,,,,,,,,,,,,,,,,,,,,,,,,,,,,,,,,,,,,,,,,,,
,,,,,,,,,,,,,,,,,,,,,,,,,,,,,,,,,,,,,,,,,,,
,,,,,,,,,,,,,,,,,,,,,,,,,,,,,,,,,,,,,,,,,,,
,,,,,,,,,,,,,,,,,,,,,,,,,,,,,,,,,,,,,,,,,,,
,,,,,,,,,,,,,,,,,,,,,,,,,,,,,,,,,,,,,,,,,,,
,,,,,,,,,,,,,,,,,,,,,,,,,,,,,,,,,,,,,,,,,,,
,,,,,,,,,,,,,,,,,,,,,,,,,,,,,,,,,,,,,,,,,,,
,,,,,,,,,,,,,,,,,,,,,,,,,,,,,,,,,,,,,,,,,,,
,,,,,,,,,,,,,,,,,,,,,,,,,,,,,,,,,,,,,,,,,,,
,,,,,,,,,,,,,,,,,,,,,,,,,,,,,,,,,,,,,,,,,,,
,,,,,,,,,,,,,,,,,,,,,,,,,,,,,,,,,,,,,,,,,,,
,,,,,,,,,,,,,,,,,,,,,,,,,,,,,,,,,,,,,,,,,,,
,,,,,,,,,,,,,,,,,,,,,,,,,,,,,,,,,,,,,,,,,,,
,,,,,,,,,,,,,,,,,,,,,,,,,,,,,,,,,,,,,,,,,,,
,,,,,,,,,,,,,,,,,,,,,,,,,,,,,,,,,,,,,,,,,,,
,,,,,,,,,,,,,,,,,,,,,,,,,,,,,,,,,,,,,,,,,,,
,,,,,,,,,,,,,,,,,,,,,,,,,,,,,,,,,,,,,,,,,,,
,,,,,,,,,,,,,,,,,,,,,,,,,,,,,,,,,,,,,,,,,,,
,,,,,,,,,,,,,,,,,,,,,,,,,,,,,,,,,,,,,,,,,,,
,,,,,,,,,,,,,,,,,,,,,,,,,,,,,,,,,,,,,,,,,,,
,,,,,,,,,,,,,,,,,,,,,,,,,,,,,,,,,,,,,,,,,,,
,,,,,,,,,,,,,,,,,,,,,,,,,,,,,,,,,,,,,,,,,,,
,,,,,,,,,,,,,,,,,,,,,,,,,,,,,,,,,,,,,,,,,,,
,,,,,,,,,,,,,,,,,,,,,,,,,,,,,,,,,,,,,,,,,,,
,,,,,,,,,,,,,,,,,,,,,,,,,,,,,,,,,,,,,,,,,,,
,,,,,,,,,,,,,,,,,,,,,,,,,,,,,,,,,,,,,,,,,,,
,,,,,,,,,,,,,,,,,,,,,,,,,,,,,,,,,,,,,,,,,,,
,,,,,,,,,,,,,,,,,,,,,,,,,,,,,,,,,,,,,,,,,,,
,,,,,,,,,,,,,,,,,,,,,,,,,,,,,,,,,,,,,,,,,,,
,,,,,,,,,,,,,,,,,,,,,,,,,,,,,,,,,,,,,,,,,,,
,,,,,,,,,,,,,,,,,,,,,,,,,,,,,,,,,,,,,,,,,,,
,,,,,,,,,,,,,,,,,,,,,,,,,,,,,,,,,,,,,,,,,,,
,,,,,,,,,,,,,,,,,,,,,,,,,,,,,,,,,,,,,,,,,,,
,,,,,,,,,,,,,,,,,,,,,,,,,,,,,,,,,,,,,,,,,,,
,,,,,,,,,,,,,,,,,,,,,,,,,,,,,,,,,,,,,,,,,,,
,,,,,,,,,,,,,,,,,,,,,,,,,,,,,,,,,,,,,,,,,,,
,,,,,,,,,,,,,,,,,,,,,,,,,,,,,,,,,,,,,,,,,,,
,,,,,,,,,,,,,,,,,,,,,,,,,,,,,,,,,,,,,,,,,,,
,,,,,,,,,,,,,,,,,,,,,,,,,,,,,,,,,,,,,,,,,,,
,,,,,,,,,,,,,,,,,,,,,,,,,,,,,,,,,,,,,,,,,,,
,,,,,,,,,,,,,,,,,,,,,,,,,,,,,,,,,,,,,,,,,,,
,,,,,,,,,,,,,,,,,,,,,,,,,,,,,,,,,,,,,,,,,,,
,,,,,,,,,,,,,,,,,,,,,,,,,,,,,,,,,,,,,,,,,,,
,,,,,,,,,,,,,,,,,,,,,,,,,,,,,,,,,,,,,,,,,,,
,,,,,,,,,,,,,,,,,,,,,,,,,,,,,,,,,,,,,,,,,,,
,,,,,,,,,,,,,,,,,,,,,,,,,,,,,,,,,,,,,,,,,,,
,,,,,,,,,,,,,,,,,,,,,,,,,,,,,,,,,,,,,,,,,,,
,,,,,,,,,,,,,,,,,,,,,,,,,,,,,,,,,,,,,,,,,,,
,,,,,,,,,,,,,,,,,,,,,,,,,,,,,,,,,,,,,,,,,,,
,,,,,,,,,,,,,,,,,,,,,,,,,,,,,,,,,,,,,,,,,,,
,,,,,,,,,,,,,,,,,,,,,,,,,,,,,,,,,,,,,,,,,,,
,,,,,,,,,,,,,,,,,,,,,,,,,,,,,,,,,,,,,,,,,,,
,,,,,,,,,,,,,,,,,,,,,,,,,,,,,,,,,,,,,,,,,,,
,,,,,,,,,,,,,,,,,,,,,,,,,,,,,,,,,,,,,,,,,,,
,,,,,,,,,,,,,,,,,,,,,,,,,,,,,,,,,,,,,,,,,,,
,,,,,,,,,,,,,,,,,,,,,,,,,,,,,,,,,,,,,,,,,,,
,,,,,,,,,,,,,,,,,,,,,,,,,,,,,,,,,,,,,,,,,,,
,,,,,,,,,,,,,,,,,,,,,,,,,,,,,,,,,,,,,,,,,,,
,,,,,,,,,,,,,,,,,,,,,,,,,,,,,,,,,,,,,,,,,,,
,,,,,,,,,,,,,,,,,,,,,,,,,,,,,,,,,,,,,,,,,,,
,,,,,,,,,,,,,,,,,,,,,,,,,,,,,,,,,,,,,,,,,,,
,,,,,,,,,,,,,,,,,,,,,,,,,,,,,,,,,,,,,,,,,,,
,,,,,,,,,,,,,,,,,,,,,,,,,,,,,,,,,,,,,,,,,,,
,,,,,,,,,,,,,,,,,,,,,,,,,,,,,,,,,,,,,,,,,,,
,,,,,,,,,,,,,,,,,,,,,,,,,,,,,,,,,,,,,,,,,,,
,,,,,,,,,,,,,,,,,,,,,,,,,,,,,,,,,,,,,,,,,,,
,,,,,,,,,,,,,,,,,,,,,,,,,,,,,,,,,,,,,,,,,,,
,,,,,,,,,,,,,,,,,,,,,,,,,,,,,,,,,,,,,,,,,,,
,,,,,,,,,,,,,,,,,,,,,,,,,,,,,,,,,,,,,,,,,,,
,,,,,,,,,,,,,,,,,,,,,,,,,,,,,,,,,,,,,,,,,,,
,,,,,,,,,,,,,,,,,,,,,,,,,,,,,,,,,,,,,,,,,,,
,,,,,,,,,,,,,,,,,,,,,,,,,,,,,,,,,,,,,,,,,,,
,,,,,,,,,,,,,,,,,,,,,,,,,,,,,,,,,,,,,,,,,,,
,,,,,,,,,,,,,,,,,,,,,,,,,,,,,,,,,,,,,,,,,,,
,,,,,,,,,,,,,,,,,,,,,,,,,,,,,,,,,,,,,,,,,,,
,,,,,,,,,,,,,,,,,,,,,,,,,,,,,,,,,,,,,,,,,,,
,,,,,,,,,,,,,,,,,,,,,,,,,,,,,,,,,,,,,,,,,,,
,,,,,,,,,,,,,,,,,,,,,,,,,,,,,,,,,,,,,,,,,,,
,,,,,,,,,,,,,,,,,,,,,,,,,,,,,,,,,,,,,,,,,,,
,,,,,,,,,,,,,,,,,,,,,,,,,,,,,,,,,,,,,,,,,,,
,,,,,,,,,,,,,,,,,,,,,,,,,,,,,,,,,,,,,,,,,,,
,,,,,,,,,,,,,,,,,,,,,,,,,,,,,,,,,,,,,,,,,,,
,,,,,,,,,,,,,,,,,,,,,,,,,,,,,,,,,,,,,,,,,,,
,,,,,,,,,,,,,,,,,,,,,,,,,,,,,,,,,,,,,,,,,,,
,,,,,,,,,,,,,,,,,,,,,,,,,,,,,,,,,,,,,,,,,,,
,,,,,,,,,,,,,,,,,,,,,,,,,,,,,,,,,,,,,,,,,,,
,,,,,,,,,,,,,,,,,,,,,,,,,,,,,,,,,,,,,,,,,,,
,,,,,,,,,,,,,,,,,,,,,,,,,,,,,,,,,,,,,,,,,,,
,,,,,,,,,,,,,,,,,,,,,,,,,,,,,,,,,,,,,,,,,,,
,,,,,,,,,,,,,,,,,,,,,,,,,,,,,,,,,,,,,,,,,,,
,,,,,,,,,,,,,,,,,,,,,,,,,,,,,,,,,,,,,,,,,,,
,,,,,,,,,,,,,,,,,,,,,,,,,,,,,,,,,,,,,,,,,,,
,,,,,,,,,,,,,,,,,,,,,,,,,,,,,,,,,,,,,,,,,,,
,,,,,,,,,,,,,,,,,,,,,,,,,,,,,,,,,,,,,,,,,,,
,,,,,,,,,,,,,,,,,,,,,,,,,,,,,,,,,,,,,,,,,,,
,,,,,,,,,,,,,,,,,,,,,,,,,,,,,,,,,,,,,,,,,,,
,,,,,,,,,,,,,,,,,,,,,,,,,,,,,,,,,,,,,,,,,,,
,,,,,,,,,,,,,,,,,,,,,,,,,,,,,,,,,,,,,,,,,,,
,,,,,,,,,,,,,,,,,,,,,,,,,,,,,,,,,,,,,,,,,,,
,,,,,,,,,,,,,,,,,,,,,,,,,,,,,,,,,,,,,,,,,,,
,,,,,,,,,,,,,,,,,,,,,,,,,,,,,,,,,,,,,,,,,,,
,,,,,,,,,,,,,,,,,,,,,,,,,,,,,,,,,,,,,,,,,,,
,,,,,,,,,,,,,,,,,,,,,,,,,,,,,,,,,,,,,,,,,,,
,,,,,,,,,,,,,,,,,,,,,,,,,,,,,,,,,,,,,,,,,,,
,,,,,,,,,,,,,,,,,,,,,,,,,,,,,,,,,,,,,,,,,,,
,,,,,,,,,,,,,,,,,,,,,,,,,,,,,,,,,,,,,,,,,,,
,,,,,,,,,,,,,,,,,,,,,,,,,,,,,,,,,,,,,,,,,,,
,,,,,,,,,,,,,,,,,,,,,,,,,,,,,,,,,,,,,,,,,,,
,,,,,,,,,,,,,,,,,,,,,,,,,,,,,,,,,,,,,,,,,,,
,,,,,,,,,,,,,,,,,,,,,,,,,,,,,,,,,,,,,,,,,,,
,,,,,,,,,,,,,,,,,,,,,,,,,,,,,,,,,,,,,,,,,,,
,,,,,,,,,,,,,,,,,,,,,,,,,,,,,,,,,,,,,,,,,,,
,,,,,,,,,,,,,,,,,,,,,,,,,,,,,,,,,,,,,,,,,,,
,,,,,,,,,,,,,,,,,,,,,,,,,,,,,,,,,,,,,,,,,,,
,,,,,,,,,,,,,,,,,,,,,,,,,,,,,,,,,,,,,,,,,,,
,,,,,,,,,,,,,,,,,,,,,,,,,,,,,,,,,,,,,,,,,,,
,,,,,,,,,,,,,,,,,,,,,,,,,,,,,,,,,,,,,,,,,,,
,,,,,,,,,,,,,,,,,,,,,,,,,,,,,,,,,,,,,,,,,,,
,,,,,,,,,,,,,,,,,,,,,,,,,,,,,,,,,,,,,,,,,,,
,,,,,,,,,,,,,,,,,,,,,,,,,,,,,,,,,,,,,,,,,,,
,,,,,,,,,,,,,,,,,,,,,,,,,,,,,,,,,,,,,,,,,,,
,,,,,,,,,,,,,,,,,,,,,,,,,,,,,,,,,,,,,,,,,,,
,,,,,,,,,,,,,,,,,,,,,,,,,,,,,,,,,,,,,,,,,,,
,,,,,,,,,,,,,,,,,,,,,,,,,,,,,,,,,,,,,,,,,,,
,,,,,,,,,,,,,,,,,,,,,,,,,,,,,,,,,,,,,,,,,,,
,,,,,,,,,,,,,,,,,,,,,,,,,,,,,,,,,,,,,,,,,,,
,,,,,,,,,,,,,,,,,,,,,,,,,,,,,,,,,,,,,,,,,,,
,,,,,,,,,,,,,,,,,,,,,,,,,,,,,,,,,,,,,,,,,,,
,,,,,,,,,,,,,,,,,,,,,,,,,,,,,,,,,,,,,,,,,,,
,,,,,,,,,,,,,,,,,,,,,,,,,,,,,,,,,,,,,,,,,,,
,,,,,,,,,,,,,,,,,,,,,,,,,,,,,,,,,,,,,,,,,,,
,,,,,,,,,,,,,,,,,,,,,,,,,,,,,,,,,,,,,,,,,,,
,,,,,,,,,,,,,,,,,,,,,,,,,,,,,,,,,,,,,,,,,,,
,,,,,,,,,,,,,,,,,,,,,,,,,,,,,,,,,,,,,,,,,,,
,,,,,,,,,,,,,,,,,,,,,,,,,,,,,,,,,,,,,,,,,,,
,,,,,,,,,,,,,,,,,,,,,,,,,,,,,,,,,,,,,,,,,,,
,,,,,,,,,,,,,,,,,,,,,,,,,,,,,,,,,,,,,,,,,,,
,,,,,,,,,,,,,,,,,,,,,,,,,,,,,,,,,,,,,,,,,,,
,,,,,,,,,,,,,,,,,,,,,,,,,,,,,,,,,,,,,,,,,,,
,,,,,,,,,,,,,,,,,,,,,,,,,,,,,,,,,,,,,,,,,,,
,,,,,,,,,,,,,,,,,,,,,,,,,,,,,,,,,,,,,,,,,,,
,,,,,,,,,,,,,,,,,,,,,,,,,,,,,,,,,,,,,,,,,,,
,,,,,,,,,,,,,,,,,,,,,,,,,,,,,,,,,,,,,,,,,,,
,,,,,,,,,,,,,,,,,,,,,,,,,,,,,,,,,,,,,,,,,,,
,,,,,,,,,,,,,,,,,,,,,,,,,,,,,,,,,,,,,,,,,,,
,,,,,,,,,,,,,,,,,,,,,,,,,,,,,,,,,,,,,,,,,,,
,,,,,,,,,,,,,,,,,,,,,,,,,,,,,,,,,,,,,,,,,,,
,,,,,,,,,,,,,,,,,,,,,,,,,,,,,,,,,,,,,,,,,,,
,,,,,,,,,,,,,,,,,,,,,,,,,,,,,,,,,,,,,,,,,,,
,,,,,,,,,,,,,,,,,,,,,,,,,,,,,,,,,,,,,,,,,,,
,,,,,,,,,,,,,,,,,,,,,,,,,,,,,,,,,,,,,,,,,,,
,,,,,,,,,,,,,,,,,,,,,,,,,,,,,,,,,,,,,,,,,,,
,,,,,,,,,,,,,,,,,,,,,,,,,,,,,,,,,,,,,,,,,,,
,,,,,,,,,,,,,,,,,,,,,,,,,,,,,,,,,,,,,,,,,,,
,,,,,,,,,,,,,,,,,,,,,,,,,,,,,,,,,,,,,,,,,,,
,,,,,,,,,,,,,,,,,,,,,,,,,,,,,,,,,,,,,,,,,,,
,,,,,,,,,,,,,,,,,,,,,,,,,,,,,,,,,,,,,,,,,,,
,,,,,,,,,,,,,,,,,,,,,,,,,,,,,,,,,,,,,,,,,,,
,,,,,,,,,,,,,,,,,,,,,,,,,,,,,,,,,,,,,,,,,,,
,,,,,,,,,,,,,,,,,,,,,,,,,,,,,,,,,,,,,,,,,,,
,,,,,,,,,,,,,,,,,,,,,,,,,,,,,,,,,,,,,,,,,,,
,,,,,,,,,,,,,,,,,,,,,,,,,,,,,,,,,,,,,,,,,,,
,,,,,,,,,,,,,,,,,,,,,,,,,,,,,,,,,,,,,,,,,,,
,,,,,,,,,,,,,,,,,,,,,,,,,,,,,,,,,,,,,,,,,,,
,,,,,,,,,,,,,,,,,,,,,,,,,,,,,,,,,,,,,,,,,,,
,,,,,,,,,,,,,,,,,,,,,,,,,,,,,,,,,,,,,,,,,,,
,,,,,,,,,,,,,,,,,,,,,,,,,,,,,,,,,,,,,,,,,,,
,,,,,,,,,,,,,,,,,,,,,,,,,,,,,,,,,,,,,,,,,,,
,,,,,,,,,,,,,,,,,,,,,,,,,,,,,,,,,,,,,,,,,,,
,,,,,,,,,,,,,,,,,,,,,,,,,,,,,,,,,,,,,,,,,,,
,,,,,,,,,,,,,,,,,,,,,,,,,,,,,,,,,,,,,,,,,,,
,,,,,,,,,,,,,,,,,,,,,,,,,,,,,,,,,,,,,,,,,,,
,,,,,,,,,,,,,,,,,,,,,,,,,,,,,,,,,,,,,,,,,,,
,,,,,,,,,,,,,,,,,,,,,,,,,,,,,,,,,,,,,,,,,,,
,,,,,,,,,,,,,,,,,,,,,,,,,,,,,,,,,,,,,,,,,,,
,,,,,,,,,,,,,,,,,,,,,,,,,,,,,,,,,,,,,,,,,,,
,,,,,,,,,,,,,,,,,,,,,,,,,,,,,,,,,,,,,,,,,,,
,,,,,,,,,,,,,,,,,,,,,,,,,,,,,,,,,,,,,,,,,,,
,,,,,,,,,,,,,,,,,,,,,,,,,,,,,,,,,,,,,,,,,,,
,,,,,,,,,,,,,,,,,,,,,,,,,,,,,,,,,,,,,,,,,,,
,,,,,,,,,,,,,,,,,,,,,,,,,,,,,,,,,,,,,,,,,,,
,,,,,,,,,,,,,,,,,,,,,,,,,,,,,,,,,,,,,,,,,,,
,,,,,,,,,,,,,,,,,,,,,,,,,,,,,,,,,,,,,,,,,,,
,,,,,,,,,,,,,,,,,,,,,,,,,,,,,,,,,,,,,,,,,,,
,,,,,,,,,,,,,,,,,,,,,,,,,,,,,,,,,,,,,,,,,,,
,,,,,,,,,,,,,,,,,,,,,,,,,,,,,,,,,,,,,,,,,,,
,,,,,,,,,,,,,,,,,,,,,,,,,,,,,,,,,,,,,,,,,,,
,,,,,,,,,,,,,,,,,,,,,,,,,,,,,,,,,,,,,,,,,,,
,,,,,,,,,,,,,,,,,,,,,,,,,,,,,,,,,,,,,,,,,,,
,,,,,,,,,,,,,,,,,,,,,,,,,,,,,,,,,,,,,,,,,,,
,,,,,,,,,,,,,,,,,,,,,,,,,,,,,,,,,,,,,,,,,,,
,,,,,,,,,,,,,,,,,,,,,,,,,,,,,,,,,,,,,,,,,,,
,,,,,,,,,,,,,,,,,,,,,,,,,,,,,,,,,,,,,,,,,,,
,,,,,,,,,,,,,,,,,,,,,,,,,,,,,,,,,,,,,,,,,,,
,,,,,,,,,,,,,,,,,,,,,,,,,,,,,,,,,,,,,,,,,,,
,,,,,,,,,,,,,,,,,,,,,,,,,,,,,,,,,,,,,,,,,,,
,,,,,,,,,,,,,,,,,,,,,,,,,,,,,,,,,,,,,,,,,,,
,,,,,,,,,,,,,,,,,,,,,,,,,,,,,,,,,,,,,,,,,,,
,,,,,,,,,,,,,,,,,,,,,,,,,,,,,,,,,,,,,,,,,,,
,,,,,,,,,,,,,,,,,,,,,,,,,,,,,,,,,,,,,,,,,,,
,,,,,,,,,,,,,,,,,,,,,,,,,,,,,,,,,,,,,,,,,,,
,,,,,,,,,,,,,,,,,,,,,,,,,,,,,,,,,,,,,,,,,,,
,,,,,,,,,,,,,,,,,,,,,,,,,,,,,,,,,,,,,,,,,,,
,,,,,,,,,,,,,,,,,,,,,,,,,,,,,,,,,,,,,,,,,,,
,,,,,,,,,,,,,,,,,,,,,,,,,,,,,,,,,,,,,,,,,,,
,,,,,,,,,,,,,,,,,,,,,,,,,,,,,,,,,,,,,,,,,,,
,,,,,,,,,,,,,,,,,,,,,,,,,,,,,,,,,,,,,,,,,,,
,,,,,,,,,,,,,,,,,,,,,,,,,,,,,,,,,,,,,,,,,,,
,,,,,,,,,,,,,,,,,,,,,,,,,,,,,,,,,,,,,,,,,,,
,,,,,,,,,,,,,,,,,,,,,,,,,,,,,,,,,,,,,,,,,,,
,,,,,,,,,,,,,,,,,,,,,,,,,,,,,,,,,,,,,,,,,,,
,,,,,,,,,,,,,,,,,,,,,,,,,,,,,,,,,,,,,,,,,,,
,,,,,,,,,,,,,,,,,,,,,,,,,,,,,,,,,,,,,,,,,,,
,,,,,,,,,,,,,,,,,,,,,,,,,,,,,,,,,,,,,,,,,,,
,,,,,,,,,,,,,,,,,,,,,,,,,,,,,,,,,,,,,,,,,,,
,,,,,,,,,,,,,,,,,,,,,,,,,,,,,,,,,,,,,,,,,,,
,,,,,,,,,,,,,,,,,,,,,,,,,,,,,,,,,,,,,,,,,,,
,,,,,,,,,,,,,,,,,,,,,,,,,,,,,,,,,,,,,,,,,,,
,,,,,,,,,,,,,,,,,,,,,,,,,,,,,,,,,,,,,,,,,,,
,,,,,,,,,,,,,,,,,,,,,,,,,,,,,,,,,,,,,,,,,,,
,,,,,,,,,,,,,,,,,,,,,,,,,,,,,,,,,,,,,,,,,,,
,,,,,,,,,,,,,,,,,,,,,,,,,,,,,,,,,,,,,,,,,,,
,,,,,,,,,,,,,,,,,,,,,,,,,,,,,,,,,,,,,,,,,,,
,,,,,,,,,,,,,,,,,,,,,,,,,,,,,,,,,,,,,,,,,,,
,,,,,,,,,,,,,,,,,,,,,,,,,,,,,,,,,,,,,,,,,,,
,,,,,,,,,,,,,,,,,,,,,,,,,,,,,,,,,,,,,,,,,,,
,,,,,,,,,,,,,,,,,,,,,,,,,,,,,,,,,,,,,,,,,,,
,,,,,,,,,,,,,,,,,,,,,,,,,,,,,,,,,,,,,,,,,,,
,,,,,,,,,,,,,,,,,,,,,,,,,,,,,,,,,,,,,,,,,,,
,,,,,,,,,,,,,,,,,,,,,,,,,,,,,,,,,,,,,,,,,,,
,,,,,,,,,,,,,,,,,,,,,,,,,,,,,,,,,,,,,,,,,,,
,,,,,,,,,,,,,,,,,,,,,,,,,,,,,,,,,,,,,,,,,,,
,,,,,,,,,,,,,,,,,,,,,,,,,,,,,,,,,,,,,,,,,,,
,,,,,,,,,,,,,,,,,,,,,,,,,,,,,,,,,,,,,,,,,,,
,,,,,,,,,,,,,,,,,,,,,,,,,,,,,,,,,,,,,,,,,,,
,,,,,,,,,,,,,,,,,,,,,,,,,,,,,,,,,,,,,,,,,,,
,,,,,,,,,,,,,,,,,,,,,,,,,,,,,,,,,,,,,,,,,,,
,,,,,,,,,,,,,,,,,,,,,,,,,,,,,,,,,,,,,,,,,,,
,,,,,,,,,,,,,,,,,,,,,,,,,,,,,,,,,,,,,,,,,,,
,,,,,,,,,,,,,,,,,,,,,,,,,,,,,,,,,,,,,,,,,,,
,,,,,,,,,,,,,,,,,,,,,,,,,,,,,,,,,,,,,,,,,,,
,,,,,,,,,,,,,,,,,,,,,,,,,,,,,,,,,,,,,,,,,,,
,,,,,,,,,,,,,,,,,,,,,,,,,,,,,,,,,,,,,,,,,,,
,,,,,,,,,,,,,,,,,,,,,,,,,,,,,,,,,,,,,,,,,,,
,,,,,,,,,,,,,,,,,,,,,,,,,,,,,,,,,,,,,,,,,,,
,,,,,,,,,,,,,,,,,,,,,,,,,,,,,,,,,,,,,,,,,,,
,,,,,,,,,,,,,,,,,,,,,,,,,,,,,,,,,,,,,,,,,,,
,,,,,,,,,,,,,,,,,,,,,,,,,,,,,,,,,,,,,,,,,,,
,,,,,,,,,,,,,,,,,,,,,,,,,,,,,,,,,,,,,,,,,,,
,,,,,,,,,,,,,,,,,,,,,,,,,,,,,,,,,,,,,,,,,,,
,,,,,,,,,,,,,,,,,,,,,,,,,,,,,,,,,,,,,,,,,,,
,,,,,,,,,,,,,,,,,,,,,,,,,,,,,,,,,,,,,,,,,,,
,,,,,,,,,,,,,,,,,,,,,,,,,,,,,,,,,,,,,,,,,,,
,,,,,,,,,,,,,,,,,,,,,,,,,,,,,,,,,,,,,,,,,,,
,,,,,,,,,,,,,,,,,,,,,,,,,,,,,,,,,,,,,,,,,,,
,,,,,,,,,,,,,,,,,,,,,,,,,,,,,,,,,,,,,,,,,,,
,,,,,,,,,,,,,,,,,,,,,,,,,,,,,,,,,,,,,,,,,,,
,,,,,,,,,,,,,,,,,,,,,,,,,,,,,,,,,,,,,,,,,,,
,,,,,,,,,,,,,,,,,,,,,,,,,,,,,,,,,,,,,,,,,,,
,,,,,,,,,,,,,,,,,,,,,,,,,,,,,,,,,,,,,,,,,,,
,,,,,,,,,,,,,,,,,,,,,,,,,,,,,,,,,,,,,,,,,,,
,,,,,,,,,,,,,,,,,,,,,,,,,,,,,,,,,,,,,,,,,,,
,,,,,,,,,,,,,,,,,,,,,,,,,,,,,,,,,,,,,,,,,,,
,,,,,,,,,,,,,,,,,,,,,,,,,,,,,,,,,,,,,,,,,,,
,,,,,,,,,,,,,,,,,,,,,,,,,,,,,,,,,,,,,,,,,,,
,,,,,,,,,,,,,,,,,,,,,,,,,,,,,,,,,,,,,,,,,,,
,,,,,,,,,,,,,,,,,,,,,,,,,,,,,,,,,,,,,,,,,,,
,,,,,,,,,,,,,,,,,,,,,,,,,,,,,,,,,,,,,,,,,,,
,,,,,,,,,,,,,,,,,,,,,,,,,,,,,,,,,,,,,,,,,,,
,,,,,,,,,,,,,,,,,,,,,,,,,,,,,,,,,,,,,,,,,,,
,,,,,,,,,,,,,,,,,,,,,,,,,,,,,,,,,,,,,,,,,,,
,,,,,,,,,,,,,,,,,,,,,,,,,,,,,,,,,,,,,,,,,,,
,,,,,,,,,,,,,,,,,,,,,,,,,,,,,,,,,,,,,,,,,,,
,,,,,,,,,,,,,,,,,,,,,,,,,,,,,,,,,,,,,,,,,,,
,,,,,,,,,,,,,,,,,,,,,,,,,,,,,,,,,,,,,,,,,,,
,,,,,,,,,,,,,,,,,,,,,,,,,,,,,,,,,,,,,,,,,,,
,,,,,,,,,,,,,,,,,,,,,,,,,,,,,,,,,,,,,,,,,,,
,,,,,,,,,,,,,,,,,,,,,,,,,,,,,,,,,,,,,,,,,,,
,,,,,,,,,,,,,,,,,,,,,,,,,,,,,,,,,,,,,,,,,,,
,,,,,,,,,,,,,,,,,,,,,,,,,,,,,,,,,,,,,,,,,,,
,,,,,,,,,,,,,,,,,,,,,,,,,,,,,,,,,,,,,,,,,,,
,,,,,,,,,,,,,,,,,,,,,,,,,,,,,,,,,,,,,,,,,,,
,,,,,,,,,,,,,,,,,,,,,,,,,,,,,,,,,,,,,,,,,,,
,,,,,,,,,,,,,,,,,,,,,,,,,,,,,,,,,,,,,,,,,,,
,,,,,,,,,,,,,,,,,,,,,,,,,,,,,,,,,,,,,,,,,,,
,,,,,,,,,,,,,,,,,,,,,,,,,,,,,,,,,,,,,,,,,,,
,,,,,,,,,,,,,,,,,,,,,,,,,,,,,,,,,,,,,,,,,,,
,,,,,,,,,,,,,,,,,,,,,,,,,,,,,,,,,,,,,,,,,,,
,,,,,,,,,,,,,,,,,,,,,,,,,,,,,,,,,,,,,,,,,,,
,,,,,,,,,,,,,,,,,,,,,,,,,,,,,,,,,,,,,,,,,,,
,,,,,,,,,,,,,,,,,,,,,,,,,,,,,,,,,,,,,,,,,,,
,,,,,,,,,,,,,,,,,,,,,,,,,,,,,,,,,,,,,,,,,,,
,,,,,,,,,,,,,,,,,,,,,,,,,,,,,,,,,,,,,,,,,,,
,,,,,,,,,,,,,,,,,,,,,,,,,,,,,,,,,,,,,,,,,,,
,,,,,,,,,,,,,,,,,,,,,,,,,,,,,,,,,,,,,,,,,,,
,,,,,,,,,,,,,,,,,,,,,,,,,,,,,,,,,,,,,,,,,,,
,,,,,,,,,,,,,,,,,,,,,,,,,,,,,,,,,,,,,,,,,,,
,,,,,,,,,,,,,,,,,,,,,,,,,,,,,,,,,,,,,,,,,,,
,,,,,,,,,,,,,,,,,,,,,,,,,,,,,,,,,,,,,,,,,,,
,,,,,,,,,,,,,,,,,,,,,,,,,,,,,,,,,,,,,,,,,,,
,,,,,,,,,,,,,,,,,,,,,,,,,,,,,,,,,,,,,,,,,,,
,,,,,,,,,,,,,,,,,,,,,,,,,,,,,,,,,,,,,,,,,,,
,,,,,,,,,,,,,,,,,,,,,,,,,,,,,,,,,,,,,,,,,,,
,,,,,,,,,,,,,,,,,,,,,,,,,,,,,,,,,,,,,,,,,,,
,,,,,,,,,,,,,,,,,,,,,,,,,,,,,,,,,,,,,,,,,,,
,,,,,,,,,,,,,,,,,,,,,,,,,,,,,,,,,,,,,,,,,,,
,,,,,,,,,,,,,,,,,,,,,,,,,,,,,,,,,,,,,,,,,,,
,,,,,,,,,,,,,,,,,,,,,,,,,,,,,,,,,,,,,,,,,,,
,,,,,,,,,,,,,,,,,,,,,,,,,,,,,,,,,,,,,,,,,,,
,,,,,,,,,,,,,,,,,,,,,,,,,,,,,,,,,,,,,,,,,,,
,,,,,,,,,,,,,,,,,,,,,,,,,,,,,,,,,,,,,,,,,,,
,,,,,,,,,,,,,,,,,,,,,,,,,,,,,,,,,,,,,,,,,,,
,,,,,,,,,,,,,,,,,,,,,,,,,,,,,,,,,,,,,,,,,,,
,,,,,,,,,,,,,,,,,,,,,,,,,,,,,,,,,,,,,,,,,,,
,,,,,,,,,,,,,,,,,,,,,,,,,,,,,,,,,,,,,,,,,,,
,,,,,,,,,,,,,,,,,,,,,,,,,,,,,,,,,,,,,,,,,,,
,,,,,,,,,,,,,,,,,,,,,,,,,,,,,,,,,,,,,,,,,,,
,,,,,,,,,,,,,,,,,,,,,,,,,,,,,,,,,,,,,,,,,,,
,,,,,,,,,,,,,,,,,,,,,,,,,,,,,,,,,,,,,,,,,,,
,,,,,,,,,,,,,,,,,,,,,,,,,,,,,,,,,,,,,,,,,,,
,,,,,,,,,,,,,,,,,,,,,,,,,,,,,,,,,,,,,,,,,,,
,,,,,,,,,,,,,,,,,,,,,,,,,,,,,,,,,,,,,,,,,,,
,,,,,,,,,,,,,,,,,,,,,,,,,,,,,,,,,,,,,,,,,,,
,,,,,,,,,,,,,,,,,,,,,,,,,,,,,,,,,,,,,,,,,,,
,,,,,,,,,,,,,,,,,,,,,,,,,,,,,,,,,,,,,,,,,,,
,,,,,,,,,,,,,,,,,,,,,,,,,,,,,,,,,,,,,,,,,,,
,,,,,,,,,,,,,,,,,,,,,,,,,,,,,,,,,,,,,,,,,,,
,,,,,,,,,,,,,,,,,,,,,,,,,,,,,,,,,,,,,,,,,,,
,,,,,,,,,,,,,,,,,,,,,,,,,,,,,,,,,,,,,,,,,,,
,,,,,,,,,,,,,,,,,,,,,,,,,,,,,,,,,,,,,,,,,,,
,,,,,,,,,,,,,,,,,,,,,,,,,,,,,,,,,,,,,,,,,,,
,,,,,,,,,,,,,,,,,,,,,,,,,,,,,,,,,,,,,,,,,,,
,,,,,,,,,,,,,,,,,,,,,,,,,,,,,,,,,,,,,,,,,,,
,,,,,,,,,,,,,,,,,,,,,,,,,,,,,,,,,,,,,,,,,,,
,,,,,,,,,,,,,,,,,,,,,,,,,,,,,,,,,,,,,,,,,,,
,,,,,,,,,,,,,,,,,,,,,,,,,,,,,,,,,,,,,,,,,,,
,,,,,,,,,,,,,,,,,,,,,,,,,,,,,,,,,,,,,,,,,,,
,,,,,,,,,,,,,,,,,,,,,,,,,,,,,,,,,,,,,,,,,,,
,,,,,,,,,,,,,,,,,,,,,,,,,,,,,,,,,,,,,,,,,,,
,,,,,,,,,,,,,,,,,,,,,,,,,,,,,,,,,,,,,,,,,,,
,,,,,,,,,,,,,,,,,,,,,,,,,,,,,,,,,,,,,,,,,,,
,,,,,,,,,,,,,,,,,,,,,,,,,,,,,,,,,,,,,,,,,,,
,,,,,,,,,,,,,,,,,,,,,,,,,,,,,,,,,,,,,,,,,,,
,,,,,,,,,,,,,,,,,,,,,,,,,,,,,,,,,,,,,,,,,,,
,,,,,,,,,,,,,,,,,,,,,,,,,,,,,,,,,,,,,,,,,,,
,,,,,,,,,,,,,,,,,,,,,,,,,,,,,,,,,,,,,,,,,,,
,,,,,,,,,,,,,,,,,,,,,,,,,,,,,,,,,,,,,,,,,,,
,,,,,,,,,,,,,,,,,,,,,,,,,,,,,,,,,,,,,,,,,,,
,,,,,,,,,,,,,,,,,,,,,,,,,,,,,,,,,,,,,,,,,,,
,,,,,,,,,,,,,,,,,,,,,,,,,,,,,,,,,,,,,,,,,,,
,,,,,,,,,,,,,,,,,,,,,,,,,,,,,,,,,,,,,,,,,,,
,,,,,,,,,,,,,,,,,,,,,,,,,,,,,,,,,,,,,,,,,,,
,,,,,,,,,,,,,,,,,,,,,,,,,,,,,,,,,,,,,,,,,,,
,,,,,,,,,,,,,,,,,,,,,,,,,,,,,,,,,,,,,,,,,,,
,,,,,,,,,,,,,,,,,,,,,,,,,,,,,,,,,,,,,,,,,,,
,,,,,,,,,,,,,,,,,,,,,,,,,,,,,,,,,,,,,,,,,,,
,,,,,,,,,,,,,,,,,,,,,,,,,,,,,,,,,,,,,,,,,,,
,,,,,,,,,,,,,,,,,,,,,,,,,,,,,,,,,,,,,,,,,,,
,,,,,,,,,,,,,,,,,,,,,,,,,,,,,,,,,,,,,,,,,,,
,,,,,,,,,,,,,,,,,,,,,,,,,,,,,,,,,,,,,,,,,,,
,,,,,,,,,,,,,,,,,,,,,,,,,,,,,,,,,,,,,,,,,,,
,,,,,,,,,,,,,,,,,,,,,,,,,,,,,,,,,,,,,,,,,,,
,,,,,,,,,,,,,,,,,,,,,,,,,,,,,,,,,,,,,,,,,,,
,,,,,,,,,,,,,,,,,,,,,,,,,,,,,,,,,,,,,,,,,,,
,,,,,,,,,,,,,,,,,,,,,,,,,,,,,,,,,,,,,,,,,,,
,,,,,,,,,,,,,,,,,,,,,,,,,,,,,,,,,,,,,,,,,,,
,,,,,,,,,,,,,,,,,,,,,,,,,,,,,,,,,,,,,,,,,,,
,,,,,,,,,,,,,,,,,,,,,,,,,,,,,,,,,,,,,,,,,,,
,,,,,,,,,,,,,,,,,,,,,,,,,,,,,,,,,,,,,,,,,,,
,,,,,,,,,,,,,,,,,,,,,,,,,,,,,,,,,,,,,,,,,,,
,,,,,,,,,,,,,,,,,,,,,,,,,,,,,,,,,,,,,,,,,,,
,,,,,,,,,,,,,,,,,,,,,,,,,,,,,,,,,,,,,,,,,,,
,,,,,,,,,,,,,,,,,,,,,,,,,,,,,,,,,,,,,,,,,,,
,,,,,,,,,,,,,,,,,,,,,,,,,,,,,,,,,,,,,,,,,,,
,,,,,,,,,,,,,,,,,,,,,,,,,,,,,,,,,,,,,,,,,,,
,,,,,,,,,,,,,,,,,,,,,,,,,,,,,,,,,,,,,,,,,,,
,,,,,,,,,,,,,,,,,,,,,,,,,,,,,,,,,,,,,,,,,,,
,,,,,,,,,,,,,,,,,,,,,,,,,,,,,,,,,,,,,,,,,,,
,,,,,,,,,,,,,,,,,,,,,,,,,,,,,,,,,,,,,,,,,,,
,,,,,,,,,,,,,,,,,,,,,,,,,,,,,,,,,,,,,,,,,,,
,,,,,,,,,,,,,,,,,,,,,,,,,,,,,,,,,,,,,,,,,,,
,,,,,,,,,,,,,,,,,,,,,,,,,,,,,,,,,,,,,,,,,,,
,,,,,,,,,,,,,,,,,,,,,,,,,,,,,,,,,,,,,,,,,,,
,,,,,,,,,,,,,,,,,,,,,,,,,,,,,,,,,,,,,,,,,,,
,,,,,,,,,,,,,,,,,,,,,,,,,,,,,,,,,,,,,,,,,,,
,,,,,,,,,,,,,,,,,,,,,,,,,,,,,,,,,,,,,,,,,,,
,,,,,,,,,,,,,,,,,,,,,,,,,,,,,,,,,,,,,,,,,,,
,,,,,,,,,,,,,,,,,,,,,,,,,,,,,,,,,,,,,,,,,,,
,,,,,,,,,,,,,,,,,,,,,,,,,,,,,,,,,,,,,,,,,,,
,,,,,,,,,,,,,,,,,,,,,,,,,,,,,,,,,,,,,,,,,,,
,,,,,,,,,,,,,,,,,,,,,,,,,,,,,,,,,,,,,,,,,,,
,,,,,,,,,,,,,,,,,,,,,,,,,,,,,,,,,,,,,,,,,,,
,,,,,,,,,,,,,,,,,,,,,,,,,,,,,,,,,,,,,,,,,,,
,,,,,,,,,,,,,,,,,,,,,,,,,,,,,,,,,,,,,,,,,,,
,,,,,,,,,,,,,,,,,,,,,,,,,,,,,,,,,,,,,,,,,,,
,,,,,,,,,,,,,,,,,,,,,,,,,,,,,,,,,,,,,,,,,,,
,,,,,,,,,,,,,,,,,,,,,,,,,,,,,,,,,,,,,,,,,,,
,,,,,,,,,,,,,,,,,,,,,,,,,,,,,,,,,,,,,,,,,,,
,,,,,,,,,,,,,,,,,,,,,,,,,,,,,,,,,,,,,,,,,,,
,,,,,,,,,,,,,,,,,,,,,,,,,,,,,,,,,,,,,,,,,,,
,,,,,,,,,,,,,,,,,,,,,,,,,,,,,,,,,,,,,,,,,,,
,,,,,,,,,,,,,,,,,,,,,,,,,,,,,,,,,,,,,,,,,,,
,,,,,,,,,,,,,,,,,,,,,,,,,,,,,,,,,,,,,,,,,,,
,,,,,,,,,,,,,,,,,,,,,,,,,,,,,,,,,,,,,,,,,,,
,,,,,,,,,,,,,,,,,,,,,,,,,,,,,,,,,,,,,,,,,,,
,,,,,,,,,,,,,,,,,,,,,,,,,,,,,,,,,,,,,,,,,,,
,,,,,,,,,,,,,,,,,,,,,,,,,,,,,,,,,,,,,,,,,,,
,,,,,,,,,,,,,,,,,,,,,,,,,,,,,,,,,,,,,,,,,,,
,,,,,,,,,,,,,,,,,,,,,,,,,,,,,,,,,,,,,,,,,,,
,,,,,,,,,,,,,,,,,,,,,,,,,,,,,,,,,,,,,,,,,,,
,,,,,,,,,,,,,,,,,,,,,,,,,,,,,,,,,,,,,,,,,,,
,,,,,,,,,,,,,,,,,,,,,,,,,,,,,,,,,,,,,,,,,,,
,,,,,,,,,,,,,,,,,,,,,,,,,,,,,,,,,,,,,,,,,,,
,,,,,,,,,,,,,,,,,,,,,,,,,,,,,,,,,,,,,,,,,,,
,,,,,,,,,,,,,,,,,,,,,,,,,,,,,,,,,,,,,,,,,,,
,,,,,,,,,,,,,,,,,,,,,,,,,,,,,,,,,,,,,,,,,,,
,,,,,,,,,,,,,,,,,,,,,,,,,,,,,,,,,,,,,,,,,,,
,,,,,,,,,,,,,,,,,,,,,,,,,,,,,,,,,,,,,,,,,,,
,,,,,,,,,,,,,,,,,,,,,,,,,,,,,,,,,,,,,,,,,,,
,,,,,,,,,,,,,,,,,,,,,,,,,,,,,,,,,,,,,,,,,,,
,,,,,,,,,,,,,,,,,,,,,,,,,,,,,,,,,,,,,,,,,,,
,,,,,,,,,,,,,,,,,,,,,,,,,,,,,,,,,,,,,,,,,,,
,,,,,,,,,,,,,,,,,,,,,,,,,,,,,,,,,,,,,,,,,,,
,,,,,,,,,,,,,,,,,,,,,,,,,,,,,,,,,,,,,,,,,,,
,,,,,,,,,,,,,,,,,,,,,,,,,,,,,,,,,,,,,,,,,,,
,,,,,,,,,,,,,,,,,,,,,,,,,,,,,,,,,,,,,,,,,,,
,,,,,,,,,,,,,,,,,,,,,,,,,,,,,,,,,,,,,,,,,,,
,,,,,,,,,,,,,,,,,,,,,,,,,,,,,,,,,,,,,,,,,,,
,,,,,,,,,,,,,,,,,,,,,,,,,,,,,,,,,,,,,,,,,,,
,,,,,,,,,,,,,,,,,,,,,,,,,,,,,,,,,,,,,,,,,,,
,,,,,,,,,,,,,,,,,,,,,,,,,,,,,,,,,,,,,,,,,,,
,,,,,,,,,,,,,,,,,,,,,,,,,,,,,,,,,,,,,,,,,,,
,,,,,,,,,,,,,,,,,,,,,,,,,,,,,,,,,,,,,,,,,,,
,,,,,,,,,,,,,,,,,,,,,,,,,,,,,,,,,,,,,,,,,,,
,,,,,,,,,,,,,,,,,,,,,,,,,,,,,,,,,,,,,,,,,,,
,,,,,,,,,,,,,,,,,,,,,,,,,,,,,,,,,,,,,,,,,,,
,,,,,,,,,,,,,,,,,,,,,,,,,,,,,,,,,,,,,,,,,,,
,,,,,,,,,,,,,,,,,,,,,,,,,,,,,,,,,,,,,,,,,,,
,,,,,,,,,,,,,,,,,,,,,,,,,,,,,,,,,,,,,,,,,,,
,,,,,,,,,,,,,,,,,,,,,,,,,,,,,,,,,,,,,,,,,,,
,,,,,,,,,,,,,,,,,,,,,,,,,,,,,,,,,,,,,,,,,,,
,,,,,,,,,,,,,,,,,,,,,,,,,,,,,,,,,,,,,,,,,,,
,,,,,,,,,,,,,,,,,,,,,,,,,,,,,,,,,,,,,,,,,,,
,,,,,,,,,,,,,,,,,,,,,,,,,,,,,,,,,,,,,,,,,,,
,,,,,,,,,,,,,,,,,,,,,,,,,,,,,,,,,,,,,,,,,,,
,,,,,,,,,,,,,,,,,,,,,,,,,,,,,,,,,,,,,,,,,,,
,,,,,,,,,,,,,,,,,,,,,,,,,,,,,,,,,,,,,,,,,,,
,,,,,,,,,,,,,,,,,,,,,,,,,,,,,,,,,,,,,,,,,,,
,,,,,,,,,,,,,,,,,,,,,,,,,,,,,,,,,,,,,,,,,,,
,,,,,,,,,,,,,,,,,,,,,,,,,,,,,,,,,,,,,,,,,,,
,,,,,,,,,,,,,,,,,,,,,,,,,,,,,,,,,,,,,,,,,,,
,,,,,,,,,,,,,,,,,,,,,,,,,,,,,,,,,,,,,,,,,,,
,,,,,,,,,,,,,,,,,,,,,,,,,,,,,,,,,,,,,,,,,,,
,,,,,,,,,,,,,,,,,,,,,,,,,,,,,,,,,,,,,,,,,,,
,,,,,,,,,,,,,,,,,,,,,,,,,,,,,,,,,,,,,,,,,,,
,,,,,,,,,,,,,,,,,,,,,,,,,,,,,,,,,,,,,,,,,,,
,,,,,,,,,,,,,,,,,,,,,,,,,,,,,,,,,,,,,,,,,,,
,,,,,,,,,,,,,,,,,,,,,,,,,,,,,,,,,,,,,,,,,,,
,,,,,,,,,,,,,,,,,,,,,,,,,,,,,,,,,,,,,,,,,,,
,,,,,,,,,,,,,,,,,,,,,,,,,,,,,,,,,,,,,,,,,,,
,,,,,,,,,,,,,,,,,,,,,,,,,,,,,,,,,,,,,,,,,,,
,,,,,,,,,,,,,,,,,,,,,,,,,,,,,,,,,,,,,,,,,,,
,,,,,,,,,,,,,,,,,,,,,,,,,,,,,,,,,,,,,,,,,,,
,,,,,,,,,,,,,,,,,,,,,,,,,,,,,,,,,,,,,,,,,,,
,,,,,,,,,,,,,,,,,,,,,,,,,,,,,,,,,,,,,,,,,,,
,,,,,,,,,,,,,,,,,,,,,,,,,,,,,,,,,,,,,,,,,,,
,,,,,,,,,,,,,,,,,,,,,,,,,,,,,,,,,,,,,,,,,,,
,,,,,,,,,,,,,,,,,,,,,,,,,,,,,,,,,,,,,,,,,,,
,,,,,,,,,,,,,,,,,,,,,,,,,,,,,,,,,,,,,,,,,,,
,,,,,,,,,,,,,,,,,,,,,,,,,,,,,,,,,,,,,,,,,,,
,,,,,,,,,,,,,,,,,,,,,,,,,,,,,,,,,,,,,,,,,,,
,,,,,,,,,,,,,,,,,,,,,,,,,,,,,,,,,,,,,,,,,,,
,,,,,,,,,,,,,,,,,,,,,,,,,,,,,,,,,,,,,,,,,,,
,,,,,,,,,,,,,,,,,,,,,,,,,,,,,,,,,,,,,,,,,,,
,,,,,,,,,,,,,,,,,,,,,,,,,,,,,,,,,,,,,,,,,,,
,,,,,,,,,,,,,,,,,,,,,,,,,,,,,,,,,,,,,,,,,,,
,,,,,,,,,,,,,,,,,,,,,,,,,,,,,,,,,,,,,,,,,,,
,,,,,,,,,,,,,,,,,,,,,,,,,,,,,,,,,,,,,,,,,,,
,,,,,,,,,,,,,,,,,,,,,,,,,,,,,,,,,,,,,,,,,,,
,,,,,,,,,,,,,,,,,,,,,,,,,,,,,,,,,,,,,,,,,,,
,,,,,,,,,,,,,,,,,,,,,,,,,,,,,,,,,,,,,,,,,,,
,,,,,,,,,,,,,,,,,,,,,,,,,,,,,,,,,,,,,,,,,,,
,,,,,,,,,,,,,,,,,,,,,,,,,,,,,,,,,,,,,,,,,,,
,,,,,,,,,,,,,,,,,,,,,,,,,,,,,,,,,,,,,,,,,,,
,,,,,,,,,,,,,,,,,,,,,,,,,,,,,,,,,,,,,,,,,,,
,,,,,,,,,,,,,,,,,,,,,,,,,,,,,,,,,,,,,,,,,,,
,,,,,,,,,,,,,,,,,,,,,,,,,,,,,,,,,,,,,,,,,,,
,,,,,,,,,,,,,,,,,,,,,,,,,,,,,,,,,,,,,,,,,,,
,,,,,,,,,,,,,,,,,,,,,,,,,,,,,,,,,,,,,,,,,,,
,,,,,,,,,,,,,,,,,,,,,,,,,,,,,,,,,,,,,,,,,,,
,,,,,,,,,,,,,,,,,,,,,,,,,,,,,,,,,,,,,,,,,,,
,,,,,,,,,,,,,,,,,,,,,,,,,,,,,,,,,,,,,,,,,,,
,,,,,,,,,,,,,,,,,,,,,,,,,,,,,,,,,,,,,,,,,,,
,,,,,,,,,,,,,,,,,,,,,,,,,,,,,,,,,,,,,,,,,,,
,,,,,,,,,,,,,,,,,,,,,,,,,,,,,,,,,,,,,,,,,,,
,,,,,,,,,,,,,,,,,,,,,,,,,,,,,,,,,,,,,,,,,,,
,,,,,,,,,,,,,,,,,,,,,,,,,,,,,,,,,,,,,,,,,,,
,,,,,,,,,,,,,,,,,,,,,,,,,,,,,,,,,,,,,,,,,,,
,,,,,,,,,,,,,,,,,,,,,,,,,,,,,,,,,,,,,,,,,,,
,,,,,,,,,,,,,,,,,,,,,,,,,,,,,,,,,,,,,,,,,,,
,,,,,,,,,,,,,,,,,,,,,,,,,,,,,,,,,,,,,,,,,,,
,,,,,,,,,,,,,,,,,,,,,,,,,,,,,,,,,,,,,,,,,,,
,,,,,,,,,,,,,,,,,,,,,,,,,,,,,,,,,,,,,,,,,,,
,,,,,,,,,,,,,,,,,,,,,,,,,,,,,,,,,,,,,,,,,,,
,,,,,,,,,,,,,,,,,,,,,,,,,,,,,,,,,,,,,,,,,,,
,,,,,,,,,,,,,,,,,,,,,,,,,,,,,,,,,,,,,,,,,,,
,,,,,,,,,,,,,,,,,,,,,,,,,,,,,,,,,,,,,,,,,,,
,,,,,,,,,,,,,,,,,,,,,,,,,,,,,,,,,,,,,,,,,,,
,,,,,,,,,,,,,,,,,,,,,,,,,,,,,,,,,,,,,,,,,,,
,,,,,,,,,,,,,,,,,,,,,,,,,,,,,,,,,,,,,,,,,,,
,,,,,,,,,,,,,,,,,,,,,,,,,,,,,,,,,,,,,,,,,,,
,,,,,,,,,,,,,,,,,,,,,,,,,,,,,,,,,,,,,,,,,,,
,,,,,,,,,,,,,,,,,,,,,,,,,,,,,,,,,,,,,,,,,,,
,,,,,,,,,,,,,,,,,,,,,,,,,,,,,,,,,,,,,,,,,,,
,,,,,,,,,,,,,,,,,,,,,,,,,,,,,,,,,,,,,,,,,,,
,,,,,,,,,,,,,,,,,,,,,,,,,,,,,,,,,,,,,,,,,,,
,,,,,,,,,,,,,,,,,,,,,,,,,,,,,,,,,,,,,,,,,,,
,,,,,,,,,,,,,,,,,,,,,,,,,,,,,,,,,,,,,,,,,,,
,,,,,,,,,,,,,,,,,,,,,,,,,,,,,,,,,,,,,,,,,,,
,,,,,,,,,,,,,,,,,,,,,,,,,,,,,,,,,,,,,,,,,,,
,,,,,,,,,,,,,,,,,,,,,,,,,,,,,,,,,,,,,,,,,,,
,,,,,,,,,,,,,,,,,,,,,,,,,,,,,,,,,,,,,,,,,,,
,,,,,,,,,,,,,,,,,,,,,,,,,,,,,,,,,,,,,,,,,,,
,,,,,,,,,,,,,,,,,,,,,,,,,,,,,,,,,,,,,,,,,,,
,,,,,,,,,,,,,,,,,,,,,,,,,,,,,,,,,,,,,,,,,,,
,,,,,,,,,,,,,,,,,,,,,,,,,,,,,,,,,,,,,,,,,,,
,,,,,,,,,,,,,,,,,,,,,,,,,,,,,,,,,,,,,,,,,,,
,,,,,,,,,,,,,,,,,,,,,,,,,,,,,,,,,,,,,,,,,,,
,,,,,,,,,,,,,,,,,,,,,,,,,,,,,,,,,,,,,,,,,,,
,,,,,,,,,,,,,,,,,,,,,,,,,,,,,,,,,,,,,,,,,,,
,,,,,,,,,,,,,,,,,,,,,,,,,,,,,,,,,,,,,,,,,,,
,,,,,,,,,,,,,,,,,,,,,,,,,,,,,,,,,,,,,,,,,,,
,,,,,,,,,,,,,,,,,,,,,,,,,,,,,,,,,,,,,,,,,,,
,,,,,,,,,,,,,,,,,,,,,,,,,,,,,,,,,,,,,,,,,,,
,,,,,,,,,,,,,,,,,,,,,,,,,,,,,,,,,,,,,,,,,,,
,,,,,,,,,,,,,,,,,,,,,,,,,,,,,,,,,,,,,,,,,,,
,,,,,,,,,,,,,,,,,,,,,,,,,,,,,,,,,,,,,,,,,,,
,,,,,,,,,,,,,,,,,,,,,,,,,,,,,,,,,,,,,,,,,,,
,,,,,,,,,,,,,,,,,,,,,,,,,,,,,,,,,,,,,,,,,,,
,,,,,,,,,,,,,,,,,,,,,,,,,,,,,,,,,,,,,,,,,,,
,,,,,,,,,,,,,,,,,,,,,,,,,,,,,,,,,,,,,,,,,,,
,,,,,,,,,,,,,,,,,,,,,,,,,,,,,,,,,,,,,,,,,,,
,,,,,,,,,,,,,,,,,,,,,,,,,,,,,,,,,,,,,,,,,,,
,,,,,,,,,,,,,,,,,,,,,,,,,,,,,,,,,,,,,,,,,,,
,,,,,,,,,,,,,,,,,,,,,,,,,,,,,,,,,,,,,,,,,,,
,,,,,,,,,,,,,,,,,,,,,,,,,,,,,,,,,,,,,,,,,,,
,,,,,,,,,,,,,,,,,,,,,,,,,,,,,,,,,,,,,,,,,,,
,,,,,,,,,,,,,,,,,,,,,,,,,,,,,,,,,,,,,,,,,,,
,,,,,,,,,,,,,,,,,,,,,,,,,,,,,,,,,,,,,,,,,,,
,,,,,,,,,,,,,,,,,,,,,,,,,,,,,,,,,,,,,,,,,,,
,,,,,,,,,,,,,,,,,,,,,,,,,,,,,,,,,,,,,,,,,,,
,,,,,,,,,,,,,,,,,,,,,,,,,,,,,,,,,,,,,,,,,,,
,,,,,,,,,,,,,,,,,,,,,,,,,,,,,,,,,,,,,,,,,,,
,,,,,,,,,,,,,,,,,,,,,,,,,,,,,,,,,,,,,,,,,,,
,,,,,,,,,,,,,,,,,,,,,,,,,,,,,,,,,,,,,,,,,,,
,,,,,,,,,,,,,,,,,,,,,,,,,,,,,,,,,,,,,,,,,,,
,,,,,,,,,,,,,,,,,,,,,,,,,,,,,,,,,,,,,,,,,,,
,,,,,,,,,,,,,,,,,,,,,,,,,,,,,,,,,,,,,,,,,,,
,,,,,,,,,,,,,,,,,,,,,,,,,,,,,,,,,,,,,,,,,,,
,,,,,,,,,,,,,,,,,,,,,,,,,,,,,,,,,,,,,,,,,,,
,,,,,,,,,,,,,,,,,,,,,,,,,,,,,,,,,,,,,,,,,,,
,,,,,,,,,,,,,,,,,,,,,,,,,,,,,,,,,,,,,,,,,,,
,,,,,,,,,,,,,,,,,,,,,,,,,,,,,,,,,,,,,,,,,,,
,,,,,,,,,,,,,,,,,,,,,,,,,,,,,,,,,,,,,,,,,,,
,,,,,,,,,,,,,,,,,,,,,,,,,,,,,,,,,,,,,,,,,,,
,,,,,,,,,,,,,,,,,,,,,,,,,,,,,,,,,,,,,,,,,,,
,,,,,,,,,,,,,,,,,,,,,,,,,,,,,,,,,,,,,,,,,,,
,,,,,,,,,,,,,,,,,,,,,,,,,,,,,,,,,,,,,,,,,,,
,,,,,,,,,,,,,,,,,,,,,,,,,,,,,,,,,,,,,,,,,,,
,,,,,,,,,,,,,,,,,,,,,,,,,,,,,,,,,,,,,,,,,,,
,,,,,,,,,,,,,,,,,,,,,,,,,,,,,,,,,,,,,,,,,,,
,,,,,,,,,,,,,,,,,,,,,,,,,,,,,,,,,,,,,,,,,,,
,,,,,,,,,,,,,,,,,,,,,,,,,,,,,,,,,,,,,,,,,,,
,,,,,,,,,,,,,,,,,,,,,,,,,,,,,,,,,,,,,,,,,,,
,,,,,,,,,,,,,,,,,,,,,,,,,,,,,,,,,,,,,,,,,,,
,,,,,,,,,,,,,,,,,,,,,,,,,,,,,,,,,,,,,,,,,,,
,,,,,,,,,,,,,,,,,,,,,,,,,,,,,,,,,,,,,,,,,,,
,,,,,,,,,,,,,,,,,,,,,,,,,,,,,,,,,,,,,,,,,,,
,,,,,,,,,,,,,,,,,,,,,,,,,,,,,,,,,,,,,,,,,,,
,,,,,,,,,,,,,,,,,,,,,,,,,,,,,,,,,,,,,,,,,,,
,,,,,,,,,,,,,,,,,,,,,,,,,,,,,,,,,,,,,,,,,,,
,,,,,,,,,,,,,,,,,,,,,,,,,,,,,,,,,,,,,,,,,,,
,,,,,,,,,,,,,,,,,,,,,,,,,,,,,,,,,,,,,,,,,,,
,,,,,,,,,,,,,,,,,,,,,,,,,,,,,,,,,,,,,,,,,,,
,,,,,,,,,,,,,,,,,,,,,,,,,,,,,,,,,,,,,,,,,,,
,,,,,,,,,,,,,,,,,,,,,,,,,,,,,,,,,,,,,,,,,,,
,,,,,,,,,,,,,,,,,,,,,,,,,,,,,,,,,,,,,,,,,,,
,,,,,,,,,,,,,,,,,,,,,,,,,,,,,,,,,,,,,,,,,,,
,,,,,,,,,,,,,,,,,,,,,,,,,,,,,,,,,,,,,,,,,,,
,,,,,,,,,,,,,,,,,,,,,,,,,,,,,,,,,,,,,,,,,,,
,,,,,,,,,,,,,,,,,,,,,,,,,,,,,,,,,,,,,,,,,,,
,,,,,,,,,,,,,,,,,,,,,,,,,,,,,,,,,,,,,,,,,,,
,,,,,,,,,,,,,,,,,,,,,,,,,,,,,,,,,,,,,,,,,,,
,,,,,,,,,,,,,,,,,,,,,,,,,,,,,,,,,,,,,,,,,,,
,,,,,,,,,,,,,,,,,,,,,,,,,,,,,,,,,,,,,,,,,,,
,,,,,,,,,,,,,,,,,,,,,,,,,,,,,,,,,,,,,,,,,,,
,,,,,,,,,,,,,,,,,,,,,,,,,,,,,,,,,,,,,,,,,,,
,,,,,,,,,,,,,,,,,,,,,,,,,,,,,,,,,,,,,,,,,,,
,,,,,,,,,,,,,,,,,,,,,,,,,,,,,,,,,,,,,,,,,,,
,,,,,,,,,,,,,,,,,,,,,,,,,,,,,,,,,,,,,,,,,,,
,,,,,,,,,,,,,,,,,,,,,,,,,,,,,,,,,,,,,,,,,,,
,,,,,,,,,,,,,,,,,,,,,,,,,,,,,,,,,,,,,,,,,,,
,,,,,,,,,,,,,,,,,,,,,,,,,,,,,,,,,,,,,,,,,,,
,,,,,,,,,,,,,,,,,,,,,,,,,,,,,,,,,,,,,,,,,,,
,,,,,,,,,,,,,,,,,,,,,,,,,,,,,,,,,,,,,,,,,,,
,,,,,,,,,,,,,,,,,,,,,,,,,,,,,,,,,,,,,,,,,,,
,,,,,,,,,,,,,,,,,,,,,,,,,,,,,,,,,,,,,,,,,,,
,,,,,,,,,,,,,,,,,,,,,,,,,,,,,,,,,,,,,,,,,,,
,,,,,,,,,,,,,,,,,,,,,,,,,,,,,,,,,,,,,,,,,,,
,,,,,,,,,,,,,,,,,,,,,,,,,,,,,,,,,,,,,,,,,,,
,,,,,,,,,,,,,,,,,,,,,,,,,,,,,,,,,,,,,,,,,,,
,,,,,,,,,,,,,,,,,,,,,,,,,,,,,,,,,,,,,,,,,,,
,,,,,,,,,,,,,,,,,,,,,,,,,,,,,,,,,,,,,,,,,,,
,,,,,,,,,,,,,,,,,,,,,,,,,,,,,,,,,,,,,,,,,,,
,,,,,,,,,,,,,,,,,,,,,,,,,,,,,,,,,,,,,,,,,,,
,,,,,,,,,,,,,,,,,,,,,,,,,,,,,,,,,,,,,,,,,,,
,,,,,,,,,,,,,,,,,,,,,,,,,,,,,,,,,,,,,,,,,,,
,,,,,,,,,,,,,,,,,,,,,,,,,,,,,,,,,,,,,,,,,,,
,,,,,,,,,,,,,,,,,,,,,,,,,,,,,,,,,,,,,,,,,,,
,,,,,,,,,,,,,,,,,,,,,,,,,,,,,,,,,,,,,,,,,,,
,,,,,,,,,,,,,,,,,,,,,,,,,,,,,,,,,,,,,,,,,,,
,,,,,,,,,,,,,,,,,,,,,,,,,,,,,,,,,,,,,,,,,,,
,,,,,,,,,,,,,,,,,,,,,,,,,,,,,,,,,,,,,,,,,,,
,,,,,,,,,,,,,,,,,,,,,,,,,,,,,,,,,,,,,,,,,,,
,,,,,,,,,,,,,,,,,,,,,,,,,,,,,,,,,,,,,,,,,,,
,,,,,,,,,,,,,,,,,,,,,,,,,,,,,,,,,,,,,,,,,,,
,,,,,,,,,,,,,,,,,,,,,,,,,,,,,,,,,,,,,,,,,,,
,,,,,,,,,,,,,,,,,,,,,,,,,,,,,,,,,,,,,,,,,,,
,,,,,,,,,,,,,,,,,,,,,,,,,,,,,,,,,,,,,,,,,,,
,,,,,,,,,,,,,,,,,,,,,,,,,,,,,,,,,,,,,,,,,,,
,,,,,,,,,,,,,,,,,,,,,,,,,,,,,,,,,,,,,,,,,,,
,,,,,,,,,,,,,,,,,,,,,,,,,,,,,,,,,,,,,,,,,,,
,,,,,,,,,,,,,,,,,,,,,,,,,,,,,,,,,,,,,,,,,,,
,,,,,,,,,,,,,,,,,,,,,,,,,,,,,,,,,,,,,,,,,,,
,,,,,,,,,,,,,,,,,,,,,,,,,,,,,,,,,,,,,,,,,,,
,,,,,,,,,,,,,,,,,,,,,,,,,,,,,,,,,,,,,,,,,,,
,,,,,,,,,,,,,,,,,,,,,,,,,,,,,,,,,,,,,,,,,,,
,,,,,,,,,,,,,,,,,,,,,,,,,,,,,,,,,,,,,,,,,,,
,,,,,,,,,,,,,,,,,,,,,,,,,,,,,,,,,,,,,,,,,,,
,,,,,,,,,,,,,,,,,,,,,,,,,,,,,,,,,,,,,,,,,,,
,,,,,,,,,,,,,,,,,,,,,,,,,,,,,,,,,,,,,,,,,,,
,,,,,,,,,,,,,,,,,,,,,,,,,,,,,,,,,,,,,,,,,,,
,,,,,,,,,,,,,,,,,,,,,,,,,,,,,,,,,,,,,,,,,,,
,,,,,,,,,,,,,,,,,,,,,,,,,,,,,,,,,,,,,,,,,,,
,,,,,,,,,,,,,,,,,,,,,,,,,,,,,,,,,,,,,,,,,,,
,,,,,,,,,,,,,,,,,,,,,,,,,,,,,,,,,,,,,,,,,,,
,,,,,,,,,,,,,,,,,,,,,,,,,,,,,,,,,,,,,,,,,,,
,,,,,,,,,,,,,,,,,,,,,,,,,,,,,,,,,,,,,,,,,,,
,,,,,,,,,,,,,,,,,,,,,,,,,,,,,,,,,,,,,,,,,,,
,,,,,,,,,,,,,,,,,,,,,,,,,,,,,,,,,,,,,,,,,,,
,,,,,,,,,,,,,,,,,,,,,,,,,,,,,,,,,,,,,,,,,,,
,,,,,,,,,,,,,,,,,,,,,,,,,,,,,,,,,,,,,,,,,,,
,,,,,,,,,,,,,,,,,,,,,,,,,,,,,,,,,,,,,,,,,,,
,,,,,,,,,,,,,,,,,,,,,,,,,,,,,,,,,,,,,,,,,,,
,,,,,,,,,,,,,,,,,,,,,,,,,,,,,,,,,,,,,,,,,,,
,,,,,,,,,,,,,,,,,,,,,,,,,,,,,,,,,,,,,,,,,,,
,,,,,,,,,,,,,,,,,,,,,,,,,,,,,,,,,,,,,,,,,,,
,,,,,,,,,,,,,,,,,,,,,,,,,,,,,,,,,,,,,,,,,,,
,,,,,,,,,,,,,,,,,,,,,,,,,,,,,,,,,,,,,,,,,,,
,,,,,,,,,,,,,,,,,,,,,,,,,,,,,,,,,,,,,,,,,,,
,,,,,,,,,,,,,,,,,,,,,,,,,,,,,,,,,,,,,,,,,,,
,,,,,,,,,,,,,,,,,,,,,,,,,,,,,,,,,,,,,,,,,,,
,,,,,,,,,,,,,,,,,,,,,,,,,,,,,,,,,,,,,,,,,,,
,,,,,,,,,,,,,,,,,,,,,,,,,,,,,,,,,,,,,,,,,,,
,,,,,,,,,,,,,,,,,,,,,,,,,,,,,,,,,,,,,,,,,,,
,,,,,,,,,,,,,,,,,,,,,,,,,,,,,,,,,,,,,,,,,,,
,,,,,,,,,,,,,,,,,,,,,,,,,,,,,,,,,,,,,,,,,,,
,,,,,,,,,,,,,,,,,,,,,,,,,,,,,,,,,,,,,,,,,,,
,,,,,,,,,,,,,,,,,,,,,,,,,,,,,,,,,,,,,,,,,,,
,,,,,,,,,,,,,,,,,,,,,,,,,,,,,,,,,,,,,,,,,,,
,,,,,,,,,,,,,,,,,,,,,,,,,,,,,,,,,,,,,,,,,,,
,,,,,,,,,,,,,,,,,,,,,,,,,,,,,,,,,,,,,,,,,,,
,,,,,,,,,,,,,,,,,,,,,,,,,,,,,,,,,,,,,,,,,,,
,,,,,,,,,,,,,,,,,,,,,,,,,,,,,,,,,,,,,,,,,,,
,,,,,,,,,,,,,,,,,,,,,,,,,,,,,,,,,,,,,,,,,,,
,,,,,,,,,,,,,,,,,,,,,,,,,,,,,,,,,,,,,,,,,,,
,,,,,,,,,,,,,,,,,,,,,,,,,,,,,,,,,,,,,,,,,,,
,,,,,,,,,,,,,,,,,,,,,,,,,,,,,,,,,,,,,,,,,,,
,,,,,,,,,,,,,,,,,,,,,,,,,,,,,,,,,,,,,,,,,,,
,,,,,,,,,,,,,,,,,,,,,,,,,,,,,,,,,,,,,,,,,,,
,,,,,,,,,,,,,,,,,,,,,,,,,,,,,,,,,,,,,,,,,,,
,,,,,,,,,,,,,,,,,,,,,,,,,,,,,,,,,,,,,,,,,,,
,,,,,,,,,,,,,,,,,,,,,,,,,,,,,,,,,,,,,,,,,,,
,,,,,,,,,,,,,,,,,,,,,,,,,,,,,,,,,,,,,,,,,,,
,,,,,,,,,,,,,,,,,,,,,,,,,,,,,,,,,,,,,,,,,,,
,,,,,,,,,,,,,,,,,,,,,,,,,,,,,,,,,,,,,,,,,,,
,,,,,,,,,,,,,,,,,,,,,,,,,,,,,,,,,,,,,,,,,,,
,,,,,,,,,,,,,,,,,,,,,,,,,,,,,,,,,,,,,,,,,,,
,,,,,,,,,,,,,,,,,,,,,,,,,,,,,,,,,,,,,,,,,,,
,,,,,,,,,,,,,,,,,,,,,,,,,,,,,,,,,,,,,,,,,,,
,????????,,,,,,,,1,,,,,,,,,,,,,,,,,,,,,,,,,,,,,,,,,,
Shining Ring,????,,,171,2050,10,1,8,819,99,581,,,,,,,,,,,,,14,2,,,,,,,,,,,,,,,,,,LJEW001
Heavy Ring,????,,,171,2050,10,1,8,819,99,581,,,,,,,,,,,,,10,2,,,,,,,,,,,,,,,,,,LJEW002
Faint Ring,????,,,171,2050,10,1,8,819,99,581,,,,,,,,,,,,,13,2,,,,,,,,,,,,,,,,,,LJEW003
Fine Ring,????,,,171,2050,10,1,8,819,99,581,,,,,,,,,,,,,15,2,,,,,,,,,,,,,,,,,,LJEW004
Pierced Ring,??????,,,171,2350,10,1,8,819,99,581,,,,,,,,,,,,,20,3,,,,,,,,,,,,,,,,,,LJEW005
Smooth Ring,??????,,,171,2350,10,1,8,820,99,581,,,,,,,,,,,,,22,3,,,,,,,,,,,,,,,,,,LJEW006
Amulet Ring,??????,,,171,2350,10,1,8,820,99,581,,,,,,,,,,,,,21,3,,,,,,,,,,,,,,,,,,LJEW007
Glass Ring,????????,,,171,2050,10,1,8,820,99,581,,,,,,,,,,,,,26,2,,,,,,,,,,,,,,,,,,LJEW008
Pointed Ring,??????,,,171,2050,10,1,8,820,99,581,,,,,,,,,,,,,18,3,,,,,,,,,,,,,,,,,,LJEW009
Solid Ring,??????,,,171,2350,10,1,8,820,99,581,,,,,,,,,,,,,19,3,,,,,,,,,,,,,,,,,,LJEW010
Glamour Ring,????,,,171,7700,10,1,16,821,99,581,,,,,,,,,,,,,14,5,,,,,,,,,,,,,,,,,,LJEW011
Charming Ring,????,,,171,8000,10,1,18,821,99,581,,,,,,,,,,,,,14,5,,,,,,,,,,,,,,,,,,LJEW012
Talisman Ring,??????,,,171,13600,10,1,20,821,99,581,,,,,,,,,,,,,21,9,,,,,,,,,,,,,,,,,,LJEW013
Recovery Ring,HP????,,,171,12700,10,1,22,822,99,581,,,,,,,,,,,,,27,4,,,,,,,,,,,,,,,,,,LJEW014
Meditation Ring,MP????,,,171,13200,10,1,24,822,99,581,,,,,,,,,,,,,28,4,,,,,,,,,,,,,,,,,,LJEW015
Precision Ring,??????,,,171,26950,10,1,26,824,99,581,,,,,,,,,,,,,20,13,,,,,,,,,,,,,,,,,,LJEW016
Alluring Ring,????,,,171,26350,10,1,28,824,99,581,,,,,,,,,,,,,14,10,,,,,,,,,,,,,,,,,,LJEW017
Fascinating Ring,????,,,171,31650,10,1,30,825,99,581,,,,,,,,,,,,,14,11,,,,,,,,,,,,,,,,,,LJEW018
Ring of Magic,??????,,,171,46400,10,1,32,825,99,581,,,,,,,,,,,,,21,17,,,,,,,,,,,,,,,,,,LJEW019
Lizard Ring,HP????,,,171,33900,10,1,34,822,99,581,,,,,,,,,,,,,27,7,,,,,,,,,,,,,,,,,,LJEW020
Crackshot Ring,??????,,,171,70600,10,1,36,826,99,581,,,,,,,,,,,,,20,21,,,,,,,,,,,,,,,,,,LJEW021
Mage Ring,MP????,,,171,43800,10,1,38,826,99,581,,,,,,,,,,,,,28,8,,,,,,,,,,,,,,,,,,LJEW022
Gorgeous Ring,????,,,171,82200,10,1,40,829,99,581,,,,,,,,,,,,,14,18,,,,,,,,,,,,,,,,,,LJEW023
Dazzling Ring,????,,,171,92650,10,1,42,849,99,581,,,,,,,,,,,,,14,19,,,,,,,,,,,,,,,,,,LJEW024
Dark Ring,??????,,,171,139300,10,1,44,848,99,581,,,,,,,,,,,,,21,29,,,,,,,,,,,,,,,,,,LJEW025
Cure Ring,HP????,,,171,91550,10,1,46,846,99,581,,,,,,,,,,,,,27,12,,,,,,,,,,,,,,,,,,LJEW026
Sage Ring,MP????,,,171,93950,10,1,48,850,99,581,,,,,,,,,,,,,28,12,,,,,,,,,,,,,,,,,,LJEW027
Deadshot Ring,??????,,,171,222100,10,1,50,847,99,581,,,,,,,,,,,,,20,36,,,,,,,,,,,,,,,,,,LJEW028
Sunset Ring,????+??????,,,171,465410,10,1,52,849,99,581,,,,,,,,,,,,,14,28,,21,28,,,,,,,,,,,,,,,LJEW029
Full Moon Ring,????+??????,,,171,537750,10,1,54,848,99,581,,,,,,,,,,,,,10,30,,21,30,,,,,,,,,,,,,,,LJEW030
Warrior Ring,????+????,,,171,60000,10,1,45,849,99,581,,,,,,,,31,50,,,,18,8,,20,8,,,,,,,,,,,,,,,LJEW031
,,,,,,,,,,99,581,,,,,,,,,,,,,,,,,,,,,,,,,,,,,,,,
,,,,,,,,,,99,581,,,,,,,,,,,,,,,,,,,,,,,,,,,,,,,,
,,,,,,,,,,99,581,,,,,,,,,,,,,,,,,,,,,,,,,,,,,,,,
,,,,,,,,,,99,581,,,,,,,,,,,,,,,,,,,,,,,,,,,,,,,,
,,,,,,,,,,99,581,,,,,,,,,,,,,,,,,,,,,,,,,,,,,,,,
,,,,,,,,,,99,581,,,,,,,,,,,,,,,,,,,,,,,,,,,,,,,,
,,,,,,,,,,99,581,,,,,,,,,,,,,,,,,,,,,,,,,,,,,,,,
,,,,,,,,,,99,581,,,,,,,,,,,,,,,,,,,,,,,,,,,,,,,,
,,,,,,,,,,99,581,,,,,,,,,,,,,,,,,,,,,,,,,,,,,,,,
,,,,,,,,,,,581,,,,,,,,,,,,,,,,,,,,,,,,,,,,,,,,
,,,,,,,,,,,581,,,,,,,,,,,,,,,,,,,,,,,,,,,,,,,,
,,,,,,,,,,,581,,,,,,,,,,,,,,,,,,,,,,,,,,,,,,,,
,,,,,,,,,,,581,,,,,,,,,,,,,,,,,,,,,,,,,,,,,,,,
,,,,,,,,,,,581,,,,,,,,,,,,,,,,,,,,,,,,,,,,,,,,
,,,,,,,,,,,581,,,,,,,,,,,,,,,,,,,,,,,,,,,,,,,,
,,,,,,,,,,,581,,,,,,,,,,,,,,,,,,,,,,,,,,,,,,,,
,,,,,,,,,,,581,,,,,,,,,,,,,,,,,,,,,,,,,,,,,,,,
,,,,,,,,,,,581,,,,,,,,,,,,,,,,,,,,,,,,,,,,,,,,
,,,,,,,,,,,581,,,,,,,,,,,,,,,,,,,,,,,,,,,,,,,,
,,,,,,,,,,,581,,,,,,,,,,,,,,,,,,,,,,,,,,,,,,,,
,,,,,,,,,,,581,,,,,,,,,,,,,,,,,,,,,,,,,,,,,,,,
,,,,,,,,,,,581,,,,,,,,,,,,,,,,,,,,,,,,,,,,,,,,
,,,,,,,,,,,581,,,,,,,,,,,,,,,,,,,,,,,,,,,,,,,,
,,,,,,,,,,,581,,,,,,,,,,,,,,,,,,,,,,,,,,,,,,,,
,,,,,,,,,,,581,,,,,,,,,,,,,,,,,,,,,,,,,,,,,,,,
,,,,,,,,,,,581,,,,,,,,,,,,,,,,,,,,,,,,,,,,,,,,
,,,,,,,,,,,581,,,,,,,,,,,,,,,,,,,,,,,,,,,,,,,,
,,,,,,,,,,,581,,,,,,,,,,,,,,,,,,,,,,,,,,,,,,,,
,,,,,,,,,,,581,,,,,,,,,,,,,,,,,,,,,,,,,,,,,,,,
,,,,,,,,,,,581,,,,,,,,,,,,,,,,,,,,,,,,,,,,,,,,
,,,,,,,,,,,581,,,,,,,,,,,,,,,,,,,,,,,,,,,,,,,,
,,,,,,,,,,,581,,,,,,,,,,,,,,,,,,,,,,,,,,,,,,,,
,,,,,,,,,,,581,,,,,,,,,,,,,,,,,,,,,,,,,,,,,,,,
,,,,,,,,,,,581,,,,,,,,,,,,,,,,,,,,,,,,,,,,,,,,
,,,,,,,,,,,581,,,,,,,,,,,,,,,,,,,,,,,,,,,,,,,,
,,,,,,,,,,,581,,,,,,,,,,,,,,,,,,,,,,,,,,,,,,,,
,,,,,,,,,,,581,,,,,,,,,,,,,,,,,,,,,,,,,,,,,,,,
,,,,,,,,,,,581,,,,,,,,,,,,,,,,,,,,,,,,,,,,,,,,
,,,,,,,,,,,581,,,,,,,,,,,,,,,,,,,,,,,,,,,,,,,,
,,,,,,,,,,,581,,,,,,,,,,,,,,,,,,,,,,,,,,,,,,,,
,,,,,,,,,,,581,,,,,,,,,,,,,,,,,,,,,,,,,,,,,,,,
,,,,,,,,,,,581,,,,,,,,,,,,,,,,,,,,,,,,,,,,,,,,
,,,,,,,,,,,581,,,,,,,,,,,,,,,,,,,,,,,,,,,,,,,,
,,,,,,,,,,,581,,,,,,,,,,,,,,,,,,,,,,,,,,,,,,,,
,,,,,,,,,,,581,,,,,,,,,,,,,,,,,,,,,,,,,,,,,,,,
,,,,,,,,,,,581,,,,,,,,,,,,,,,,,,,,,,,,,,,,,,,,
,,,,,,,,,,,581,,,,,,,,,,,,,,,,,,,,,,,,,,,,,,,,
,,,,,,,,,,,581,,,,,,,,,,,,,,,,,,,,,,,,,,,,,,,,
,,,,,,,,,,,581,,,,,,,,,,,,,,,,,,,,,,,,,,,,,,,,
Shining Necklace,????,,,172,4150,10,1,8,884,95,581,,,,,,,,,,,,,14,2,,,,,,,,,,,,,,,,,,LJEW081
Light Necklace,????,,,172,4150,10,1,8,884,95,581,,,,,,,,,,,,,11,2,,,,,,,,,,,,,,,,,,LJEW082
Textual Necklace,????,,,172,4150,10,1,8,884,95,581,,,,,,,,,,,,,12,2,,,,,,,,,,,,,,,,,,LJEW083
Fine Necklace,????,,,172,4150,10,1,8,884,95,581,,,,,,,,,,,,,15,2,,,,,,,,,,,,,,,,,,LJEW084
Pierced Necklace,??????,,,172,4750,10,1,8,885,95,581,,,,,,,,,,,,,20,3,,,,,,,,,,,,,,,,,,LJEW085
Glass Necklace,????????,,,172,4150,10,1,8,885,95,581,,,,,,,,,,,,,26,2,,,,,,,,,,,,,,,,,,LJEW086
Smooth Necklace,??????,,,172,4750,10,1,8,885,95,581,,,,,,,,,,,,,22,3,,,,,,,,,,,,,,,,,,LJEW087
Pointed Necklace,??????,,,172,4100,10,1,8,886,95,581,,,,,,,,,,,,,18,3,,,,,,,,,,,,,,,,,,LJEW088
Solid Necklace,??????,,,172,4750,10,1,8,886,95,581,,,,,,,,,,,,,19,3,,,,,,,,,,,,,,,,,,LJEW089
Amulet Necklace,??????,,,172,4750,10,1,8,886,95,581,,,,,,,,,,,,,21,3,,,,,,,,,,,,,,,,,,LJEW090
Glamour Necklace,????,,,172,15350,10,1,16,887,95,581,,,,,,,,,,,,,14,5,,,,,,,,,,,,,,,,,,LJEW091
Charming Necklace,????,,,172,16000,10,1,18,887,95,581,,,,,,,,,,,,,14,5,,,,,,,,,,,,,,,,,,LJEW092
Talisman Necklace,??????,,,172,27200,10,1,20,888,95,581,,,,,,,,,,,,,21,9,,,,,,,,,,,,,,,,,,LJEW093
Recovery Necklace,HP????,,,172,25400,10,1,22,887,95,581,,,,,,,,,,,,,27,4,,,,,,,,,,,,,,,,,,LJEW094
Meditation Necklace,MP????,,,172,26400,10,1,24,888,95,581,,,,,,,,,,,,,28,4,,,,,,,,,,,,,,,,,,LJEW095
Evasion Necklace,??????,,,172,54000,10,1,26,890,95,581,,,,,,,,,,,,,22,13,,,,,,,,,,,,,,,,,,LJEW096
Alluring Necklace,????,,,172,52700,10,1,28,892,95,581,,,,,,,,,,,,,14,10,,,,,,,,,,,,,,,,,,LJEW097
Fascinating Necklace,????,,,172,63200,10,1,30,891,95,581,,,,,,,,,,,,,14,11,,,,,,,,,,,,,,,,,,LJEW098
Necklace of Magic,??????,,,172,92800,10,1,32,891,95,581,,,,,,,,,,,,,21,17,,,,,,,,,,,,,,,,,,LJEW099
Lizard Necklace,HP????,,,172,67750,10,1,34,898,95,581,,,,,,,,,,,,,27,7,,,,,,,,,,,,,,,,,,LJEW100
Mage Necklace,MP????,,,172,85050,10,1,36,895,95,581,,,,,,,,,,,,,28,8,,,,,,,,,,,,,,,,,,LJEW101
Lucky Necklace,??????,,,172,170250,10,1,38,893,95,581,,,,,,,,,,,,,22,23,,,,,,,,,,,,,,,,,,LJEW102
Gorgeous Necklace,????,,,172,164450,10,1,40,894,95,581,,,,,,,,,,,,,14,18,,,,,,,,,,,,,,,,,,LJEW103
Dazzling Necklace,????,,,172,185300,10,1,42,899,95,581,,,,,,,,,,,,,14,19,,,,,,,,,,,,,,,,,,LJEW104
Dark Necklace,??????,,,172,278550,10,1,44,895,95,581,,,,,,,,,,,,,21,29,,,,,,,,,,,,,,,,,,LJEW105
Cure Necklace,HP????,,,172,183050,10,1,46,897,95,581,,,,,,,,,,,,,27,12,,,,,,,,,,,,,,,,,,LJEW106
Sage Necklace,MP????,,,172,187900,10,1,48,897,95,581,,,,,,,,,,,,,28,12,,,,,,,,,,,,,,,,,,LJEW107
Shadow Necklace,??????,,,172,444200,10,1,50,895,95,581,,,,,,,,,,,,,22,36,,,,,,,,,,,,,,,,,,LJEW108
Sunset Necklace,????+??????,,,172,821060,10,1,52,894,95,581,,,,,,,,,,,,,14,28,,21,28,,,,,,,,,,,,,,,LJEW109
Full Moon Necklace,????+??????,,,172,949550,10,1,54,893,95,581,,,,,,,,,,,,,14,30,,21,30,,,,,,,,,,,,,,,LJEW110
,,,,,,,,,884,95,581,,,,,,,,,,,,,,,,,,,,,,,,,,,,,,,,
,,,,,,,,,884,95,581,,,,,,,,,,,,,,,,,,,,,,,,,,,,,,,,
,,,,,,,,,884,95,581,,,,,,,,,,,,,,,,,,,,,,,,,,,,,,,,
,,,,,,,,,884,95,581,,,,,,,,,,,,,,,,,,,,,,,,,,,,,,,,
,,,,,,,,,884,95,581,,,,,,,,,,,,,,,,,,,,,,,,,,,,,,,,
,,,,,,,,,884,95,581,,,,,,,,,,,,,,,,,,,,,,,,,,,,,,,,
,,,,,,,,,884,95,581,,,,,,,,,,,,,,,,,,,,,,,,,,,,,,,,
,,,,,,,,,884,95,581,,,,,,,,,,,,,,,,,,,,,,,,,,,,,,,,
,,,,,,,,,884,95,581,,,,,,,,,,,,,,,,,,,,,,,,,,,,,,,,
,,,,,,,,,884,95,581,,,,,,,,,,,,,,,,,,,,,,,,,,,,,,,,
,,,,,,,,,,,581,,,,,,,,,,,,,,,,,,,,,,,,,,,,,,,,
,,,,,,,,,,,581,,,,,,,,,,,,,,,,,,,,,,,,,,,,,,,,
,,,,,,,,,,,581,,,,,,,,,,,,,,,,,,,,,,,,,,,,,,,,
,,,,,,,,,,,581,,,,,,,,,,,,,,,,,,,,,,,,,,,,,,,,
,,,,,,,,,,,581,,,,,,,,,,,,,,,,,,,,,,,,,,,,,,,,
,,,,,,,,,,,581,,,,,,,,,,,,,,,,,,,,,,,,,,,,,,,,
,,,,,,,,,,,581,,,,,,,,,,,,,,,,,,,,,,,,,,,,,,,,
,,,,,,,,,,,581,,,,,,,,,,,,,,,,,,,,,,,,,,,,,,,,
,,,,,,,,,,,581,,,,,,,,,,,,,,,,,,,,,,,,,,,,,,,,
,,,,,,,,,,,581,,,,,,,,,,,,,,,,,,,,,,,,,,,,,,,,
,,,,,,,,,,,581,,,,,,,,,,,,,,,,,,,,,,,,,,,,,,,,
,,,,,,,,,,,581,,,,,,,,,,,,,,,,,,,,,,,,,,,,,,,,
,,,,,,,,,,,581,,,,,,,,,,,,,,,,,,,,,,,,,,,,,,,,
,,,,,,,,,,,581,,,,,,,,,,,,,,,,,,,,,,,,,,,,,,,,
,,,,,,,,,,,581,,,,,,,,,,,,,,,,,,,,,,,,,,,,,,,,
,,,,,,,,,,,581,,,,,,,,,,,,,,,,,,,,,,,,,,,,,,,,
,,,,,,,,,,,581,,,,,,,,,,,,,,,,,,,,,,,,,,,,,,,,
,,,,,,,,,,,581,,,,,,,,,,,,,,,,,,,,,,,,,,,,,,,,
,,,,,,,,,,,581,,,,,,,,,,,,,,,,,,,,,,,,,,,,,,,,
,,,,,,,,,,,581,,,,,,,,,,,,,,,,,,,,,,,,,,,,,,,,
,,,,,,,,,,,581,,,,,,,,,,,,,,,,,,,,,,,,,,,,,,,,
,,,,,,,,,,,581,,,,,,,,,,,,,,,,,,,,,,,,,,,,,,,,
,,,,,,,,,,,581,,,,,,,,,,,,,,,,,,,,,,,,,,,,,,,,
,,,,,,,,,,,581,,,,,,,,,,,,,,,,,,,,,,,,,,,,,,,,
,,,,,,,,,,,581,,,,,,,,,,,,,,,,,,,,,,,,,,,,,,,,
,,,,,,,,,,,581,,,,,,,,,,,,,,,,,,,,,,,,,,,,,,,,
,,,,,,,,,,,581,,,,,,,,,,,,,,,,,,,,,,,,,,,,,,,,
,,,,,,,,,,,581,,,,,,,,,,,,,,,,,,,,,,,,,,,,,,,,
,,,,,,,,,,,581,,,,,,,,,,,,,,,,,,,,,,,,,,,,,,,,
,,,,,,,,,,,581,,,,,,,,,,,,,,,,,,,,,,,,,,,,,,,,
Shining Earring,????,,,173,4150,10,1,8,858,95,581,,,,,,,,,,,,,14,2,,,,,,,,,,,,,,,,,,LJEW151
Light Earring,????,,,173,4150,10,1,8,858,95,581,,,,,,,,,,,,,11,2,,,,,,,,,,,,,,,,,,LJEW152
Textual Earring,????,,,173,4150,10,1,8,858,95,581,,,,,,,,,,,,,12,2,,,,,,,,,,,,,,,,,,LJEW153
Heavy Earring,????,,,173,4150,10,1,8,859,95,581,,,,,,,,,,,,,10,2,,,,,,,,,,,,,,,,,,LJEW154
Pierced Earring,??????,,,173,4750,10,1,8,859,95,581,,,,,,,,,,,,,20,3,,,,,,,,,,,,,,,,,,LJEW155
Glass Earring,????????,,,173,4150,10,1,8,859,95,581,,,,,,,,,,,,,26,2,,,,,,,,,,,,,,,,,,LJEW156
Smooth Earring,??????,,,173,4750,10,1,8,860,95,581,,,,,,,,,,,,,22,3,,,,,,,,,,,,,,,,,,LJEW157
Pointed Earring,??????,,,173,4100,10,1,8,860,95,581,,,,,,,,,,,,,18,3,,,,,,,,,,,,,,,,,,LJEW158
Solid Earring,??????,,,173,4750,10,1,8,860,95,581,,,,,,,,,,,,,19,3,,,,,,,,,,,,,,,,,,LJEW159
Amulet Earring,??????,,,173,4750,10,1,8,860,95,581,,,,,,,,,,,,,21,3,,,,,,,,,,,,,,,,,,LJEW160
Glamour Earring,????,,,173,15350,10,1,16,861,95,581,,,,,,,,,,,,,14,5,,,,,,,,,,,,,,,,,,LJEW161
Charming Earring,????,,,173,16000,10,1,18,862,95,581,,,,,,,,,,,,,14,5,,,,,,,,,,,,,,,,,,LJEW162
Talisman Earring,??????,,,173,27200,10,1,20,863,95,581,,,,,,,,,,,,,21,9,,,,,,,,,,,,,,,,,,LJEW163
Recovery Earring,HP????,,,173,25400,10,1,22,862,95,581,,,,,,,,,,,,,27,4,,,,,,,,,,,,,,,,,,LJEW164
Meditation Earring,MP????,,,173,26400,10,1,24,861,95,581,,,,,,,,,,,,,28,4,,,,,,,,,,,,,,,,,,LJEW165
Critical Earring,????????,,,173,43350,10,1,26,863,95,581,,,,,,,,,,,,,26,9,,,,,,,,,,,,,,,,,,LJEW166
Alluring Earring,????,,,173,52700,10,1,28,862,95,581,,,,,,,,,,,,,14,10,,,,,,,,,,,,,,,,,,LJEW167
Fascinating Earring,????,,,173,63200,10,1,30,862,95,581,,,,,,,,,,,,,14,11,,,,,,,,,,,,,,,,,,LJEW168
Earring of Magic,??????,,,173,92800,10,1,32,862,95,581,,,,,,,,,,,,,21,17,,,,,,,,,,,,,,,,,,LJEW169
Lizard Earring,HP????,,,173,67750,10,1,34,861,95,581,,,,,,,,,,,,,27,7,,,,,,,,,,,,,,,,,,LJEW170
Mage Earring,MP????,,,173,85050,10,1,36,863,95,581,,,,,,,,,,,,,28,8,,,,,,,,,,,,,,,,,,LJEW171
Deadly Earring,????????,,,173,131150,10,1,38,863,95,581,,,,,,,,,,,,,26,16,,,,,,,,,,,,,,,,,,LJEW172
Gorgeous Earring,????,,,173,164450,10,1,40,865,95,581,,,,,,,,,,,,,14,18,,,,,,,,,,,,,,,,,,LJEW173
Dazzling Earring,????,,,173,185300,10,1,42,865,95,581,,,,,,,,,,,,,14,19,,,,,,,,,,,,,,,,,,LJEW174
Dark Earring,??????,,,173,278550,10,1,44,864,95,581,,,,,,,,,,,,,21,29,,,,,,,,,,,,,,,,,,LJEW175
Cure Earring,HP????,,,173,183050,10,1,46,869,95,581,,,,,,,,,,,,,27,12,,,,,,,,,,,,,,,,,,LJEW176
Sage Earring,MP????,,,173,187900,10,1,48,869,95,581,,,,,,,,,,,,,28,12,,,,,,,,,,,,,,,,,,LJEW177
Assassin Earring,????????,,,173,354300,10,1,50,865,95,581,,,,,,,,,,,,,26,26,,,,,,,,,,,,,,,,,,LJEW178
Noble Lady's Earring,????,,,173,414000,10,1,52,867,95,581,,,,,,,,,,,,,14,28,,,,,,,,,,,,,,,,,,LJEW179
Angel Earring,????,,,173,479550,10,1,54,869,95,581,,,,,,,,,,,,,14,30,,,,,,,,,,,,,,,,,,LJEW180
Holy Earring,??????,,,173,689450,10,1,56,868,95,581,,,,,,,,,,,,,21,44,,,,,,,,,,,,,,,,,,LJEW181
Tranquil Earring,HP????,,,173,374750,10,1,58,869,95,581,,,,,,,,,,,,,27,17,,,,,,,,,,,,,,,,,,LJEW182
Silence Earring,MP????,,,173,422000,10,1,60,868,95,581,,,,,,,,,,,,,28,18,,,,,,,,,,,,,,,,,,LJEW183
One-Shot Earring,????????,,,173,804900,10,1,62,865,95,581,,,,,,,,,,,,,26,38,,,,,,,,,,,,,,,,,,LJEW184
Twinkling,????,,,173,903250,10,1,64,872,95,581,,,,,,,,,,,,,14,40,,,,,,,,,,,,,,,,,,LJEW185
Siren's Song,????,,,173,1008850,10,1,66,873,95,581,,,,,,,,,,,,,14,42,,,,,,,,,,,,,,,,,,LJEW186
Silver Earring,??????,,,173,1489500,10,1,68,871,95,581,,,,,,,,,,,,,21,62,,,,,,,,,,,,,,,,,,LJEW187
Holy Spirit's Earring,HP????,,,173,768900,10,1,70,873,95,581,,,,,,,,,,,,,27,24,,,,,,,,,,,,,,,,,,LJEW188
Saint's Earring,MP????,,,173,842400,10,1,72,871,95,581,,,,,,,,,,,,,28,25,,,,,,,,,,,,,,,,,,LJEW189
Death Blow,????????,,,173,1623350,10,1,74,872,95,581,,,,,,,,,,,,,26,52,,,,,,,,,,,,,,,,,,LJEW190
,,,,,,,,,,,,,,,,,,,,,,,,,,,,,,,,,,,,,,,,,,,
,,,,,,,,,,,,,,,,,,,,,,,,,,,,,,,,,,,,,,,,,,,
,,,,,,,,,,,,,,,,,,,,,,,,,,,,,,,,,,,,,,,,,,,
,,,,,,,,,,,,,,,,,,,,,,,,,,,,,,,,,,,,,,,,,,,
,,,,,,,,,,,,,,,,,,,,,,,,,,,,,,,,,,,,,,,,,,,
,,,,,,,,,,,,,,,,,,,,,,,,,,,,,,,,,,,,,,,,,,,
,,,,,,,,,,,,,,,,,,,,,,,,,,,,,,,,,,,,,,,,,,,
,,,,,,,,,,,,,,,,,,,,,,,,,,,,,,,,,,,,,,,,,,,
,,,,,,,,,,,,,,,,,,,,,,,,,,,,,,,,,,,,,,,,,,,
,,,,,,,,,,,,,,,,,,,,,,,,,,,,,,,,,,,,,,,,,,,
Ring of River,??????,,,171,10,10,1,40,828,99,581,,,,,,,,31,100,,,,14,2,,,,,,,,,,,,,,,,,,LJEW201
Ring of Gale,??????,,,171,10,10,1,40,828,99,581,,,,,,,,31,100,,,,19,3,,,,,,,,,,,,,,,,,,LJEW202
Ring of Stone,??????,,,171,10,10,1,40,830,99,581,,,,,,,,31,100,,,,14,4,,,,,,,,,,,,,,,,,,LJEW203
Ring of Flame,??????,,,171,10,10,1,40,829,99,581,,,,,,,,31,100,,,,19,5,,,,,,,,,,,,,,,,,,LJEW204
Ring of the Sea,??????,,,171,10,10,1,40,846,99,581,,,,,,,,31,140,,,,14,6,,,,,,,,,,,,,,,,,,LJEW205
Ring of Typhoon,??????,,,171,10,10,1,40,848,99,581,,,,,,,,31,140,,,,19,7,,,,,,,,,,,,,,,,,,LJEW206
Ring of Cliff,??????,,,171,10,10,1,40,850,99,581,,,,,,,,31,140,,,,14,8,,,,,,,,,,,,,,,,,,LJEW207
Ring of Lava,??????,,,171,10,10,1,40,849,99,581,,,,,,,,31,140,,,,19,9,,,,,,,,,,,,,,,,,,LJEW208
Arua Ring,??????,,,171,10,10,1,40,847,99,581,,,,,,,,31,160,,,,14,10,,,,,,,,,,,,,,,,,,LJEW209
,,,,,,,,,,,,,,,,,,,,,,,,,,,,,,,,,,,,,,,,,,,
Necklace of River,??????,,,172,10,10,1,40,891,95,581,,,,,,,,31,100,,,,14,2,,,,,,,,,,,,,,,,,,LJEW211
Necklace of Gale,??????,,,172,10,10,1,40,891,95,581,,,,,,,,31,100,,,,14,3,,,,,,,,,,,,,,,,,,LJEW212
Necklace of Stone,??????,,,172,10,10,1,40,890,95,581,,,,,,,,31,100,,,,14,4,,,,,,,,,,,,,,,,,,LJEW213
Necklace of Flame,??????,,,172,10,10,1,40,892,95,581,,,,,,,,31,100,,,,14,5,,,,,,,,,,,,,,,,,,LJEW214
Necklace of the Sea,??????,,,172,10,10,1,40,893,95,581,,,,,,,,31,140,,,,14,6,,,,,,,,,,,,,,,,,,LJEW215
Necklace of Typhoon,??????,,,172,10,10,1,40,893,95,581,,,,,,,,31,140,,,,14,7,,,,,,,,,,,,,,,,,,LJEW216
Necklace of Cliff,??????,,,172,10,10,1,40,893,95,581,,,,,,,,31,140,,,,14,8,,,,,,,,,,,,,,,,,,LJEW217
Necklace of Lava,??????,,,172,10,10,1,40,894,95,581,,,,,,,,31,140,,,,14,9,,,,,,,,,,,,,,,,,,LJEW218
Arua Necklace,??????,,,172,10,10,1,40,897,95,581,,,,,,,,31,160,,,,14,10,,,,,,,,,,,,,,,,,,LJEW219
,,,,,,,,,,,,,,,,,,,,,,,,,,,,,,,,,,,,,,,,,,,
Earring of River,??????,,,173,10,10,1,40,861,95,581,,,,,,,,31,100,,,,14,2,,,,,,,,,,,,,,,,,,LJEW221
Earring of Gale,??????,,,173,10,10,1,40,861,95,581,,,,,,,,31,100,,,,11,3,,,,,,,,,,,,,,,,,,LJEW222
Earring of Stone,??????,,,173,10,10,1,40,863,95,581,,,,,,,,31,100,,,,12,4,,,,,,,,,,,,,,,,,,LJEW223
Earring of Flame,??????,,,173,10,10,1,40,862,95,581,,,,,,,,31,100,,,,10,5,,,,,,,,,,,,,,,,,,LJEW224
Earring of the Sea,??????,,,173,10,10,1,40,864,95,581,,,,,,,,31,140,,,,20,6,,,,,,,,,,,,,,,,,,LJEW225
Earring of Typhoon,??????,,,173,10,10,1,40,866,95,581,,,,,,,,31,140,,,,26,7,,,,,,,,,,,,,,,,,,LJEW226
Earring of Cliff,??????,,,173,10,10,1,40,866,95,581,,,,,,,,31,140,,,,22,8,,,,,,,,,,,,,,,,,,LJEW227
Earring of Lava,??????,,,173,10,10,1,40,865,95,581,,,,,,,,31,140,,,,18,9,,,,,,,,,,,,,,,,,,LJEW228
Arua Earring,??????,,,173,10,10,1,40,871,95,581,,,,,,,,31,160,,,,19,10,,,,,,,,,,,,,,,,,,LJEW229
,,,,,,,,,,,,,,,,,,,,,,,,,,,,,,,,,,,,,,,,,,,
,,,,,,,,,,,,,,,,,,,,,,,,,,,,,,,,,,,,,,,,,,,
,,,,,,,,,,,,,,,,,,,,,,,,,,,,,,,,,,,,,,,,,,,
,,,,,,,,,,,,,,,,,,,,,,,,,,,,,,,,,,,,,,,,,,,
,,,,,,,,,,,,,,,,,,,,,,,,,,,,,,,,,,,,,,,,,,,
,,,,,,,,,,,,,,,,,,,,,,,,,,,,,,,,,,,,,,,,,,,
,,,,,,,,,,,,,,,,,,,,,,,,,,,,,,,,,,,,,,,,,,,
,,,,,,,,,,,,,,,,,,,,,,,,,,,,,,,,,,,,,,,,,,,
,,,,,,,,,,,,,,,,,,,,,,,,,,,,,,,,,,,,,,,,,,,
,,,,,,,,,,,,,,,,,,,,,,,,,,,,,,,,,,,,,,,,,,,
,,,,,,,,,,,,,,,,,,,,,,,,,,,,,,,,,,,,,,,,,,,
,,,,,,,,,,,,,,,,,,,,,,,,,,,,,,,,,,,,,,,,,,,
,,,,,,,,,,,,,,,,,,,,,,,,,,,,,,,,,,,,,,,,,,,
,,,,,,,,,,,,,,,,,,,,,,,,,,,,,,,,,,,,,,,,,,,
,,,,,,,,,,,,,,,,,,,,,,,,,,,,,,,,,,,,,,,,,,,
,,,,,,,,,,,,,,,,,,,,,,,,,,,,,,,,,,,,,,,,,,,
,,,,,,,,,,,,,,,,,,,,,,,,,,,,,,,,,,,,,,,,,,,
,,,,,,,,,,,,,,,,,,,,,,,,,,,,,,,,,,,,,,,,,,,
,,,,,,,,,,,,,,,,,,,,,,,,,,,,,,,,,,,,,,,,,,,
,,,,,,,,,,,,,,,,,,,,,,,,,,,,,,,,,,,,,,,,,,,
,,,,,,,,,,,,,,,,,,,,,,,,,,,,,,,,,,,,,,,,,,,
Socket Ring,,,,171,450,10,1,55,819,99,581,,,,,,,,,,,,,,,,,,,0,,,,,,,,,,,,,LJEW251
Bronze Socket Ring,,,,171,3450,10,1,20,819,99,581,,,,,,,,,,,,,18,2,,,,,0,,,,,,,,,,,,,LJEW252
,,,,,,,,,,,,,,,,,,,,,,,,,,,,,,,,,,,,,,,,,,,
,,,,,,,,,,,,,,,,,,,,,,,,,,,,,,,,,,,,,,,,,,,
,,,,,,,,,,,,,,,,,,,,,,,,,,,,,,,,,,,,,,,,,,,
,,,,,,,,,,,,,,,,,,,,,,,,,,,,,,,,,,,,,,,,,,,
,,,,,,,,,,,,,,,,,,,,,,,,,,,,,,,,,,,,,,,,,,,
,,,,,,,,,,,,,,,,,,,,,,,,,,,,,,,,,,,,,,,,,,,
,,,,,,,,,,,,,,,,,,,,,,,,,,,,,,,,,,,,,,,,,,,
,,,,,,,,,,,,,,,,,,,,,,,,,,,,,,,,,,,,,,,,,,,
Socket Necklace,,,,172,450,10,1,55,884,95,581,,,,,,,,,,,,,,,,,,,0,,,,,,,,,,,,,LJEW261
Bronze Socket Necklace,,,,172,3950,10,1,20,884,95,581,,,,,,,,,,,,,22,2,,,,,0,,,,,,,,,,,,,LJEW262
,,,,,,,,,,,,,,,,,,,,,,,,,,,,,,,,,,,,,,,,,,,
,,,,,,,,,,,,,,,,,,,,,,,,,,,,,,,,,,,,,,,,,,,
,,,,,,,,,,,,,,,,,,,,,,,,,,,,,,,,,,,,,,,,,,,
,,,,,,,,,,,,,,,,,,,,,,,,,,,,,,,,,,,,,,,,,,,
,,,,,,,,,,,,,,,,,,,,,,,,,,,,,,,,,,,,,,,,,,,
,,,,,,,,,,,,,,,,,,,,,,,,,,,,,,,,,,,,,,,,,,,
,,,,,,,,,,,,,,,,,,,,,,,,,,,,,,,,,,,,,,,,,,,
,,,,,,,,,,,,,,,,,,,,,,,,,,,,,,,,,,,,,,,,,,,
Socket Earring,,,,173,450,10,1,55,858,95,581,,,,,,,,,,,,,,,,,,,0,,,,,,,,,,,,,LJEW271
Bronze Socket Earring,,,,173,4100,10,1,20,858,95,581,,,,,,,,,,,,,29,1,,,,,0,,,,,,,,,,,,,LJEW272
,,,,,,,,,,,,,,,,,,,,,,,,,,,,,,,,,,,,,,,,,,,
,,,,,,,,,,,,,,,,,,,,,,,,,,,,,,,,,,,,,,,,,,,
,,,,,,,,,,,,,,,,,,,,,,,,,,,,,,,,,,,,,,,,,,,
,,,,,,,,,,,,,,,,,,,,,,,,,,,,,,,,,,,,,,,,,,,
,,,,,,,,,,,,,,,,,,,,,,,,,,,,,,,,,,,,,,,,,,,
,,,,,,,,,,,,,,,,,,,,,,,,,,,,,,,,,,,,,,,,,,,
,,,,,,,,,,,,,,,,,,,,,,,,,,,,,,,,,,,,,,,,,,,
,,,,,,,,,,,,,,,,,,,,,,,,,,,,,,,,,,,,,,,,,,,
Cornell's Necklace,????,,2,172,9450,10,1,8,894,95,581,,,,,,,,,,,,,10,4,,,,,,,,,,,,,,,,,,LJEW281
Lena's Earring,????,,2,173,9450,10,1,8,865,95,581,,,,,,,,,,,,,11,4,,,,,,,,,,,,,,,,,,LJEW282
Keenu's Ring,????,,2,171,9450,10,1,8,829,95,581,,,,,,,,,,,,,12,4,,,,,,,,,,,,,,,,,,LJEW283
Full Moon Necklace,??????,,2,172,9450,10,1,8,887,95,581,,,,,,,,,,,,,19,12,,,,,,,,,,,,,,,,,,LJEW284
Silence Earring,??????,,2,173,9450,10,1,8,861,95,581,,,,,,,,,,,,,19,12,,,,,,,,,,,,,,,,,,LJEW285
,,,,,,,,,,,,,,,,,,,,,,,,,,,,,,,,,,,,,,,,,,,
,,,,,,,,,,,,,,,,,,,,,,,,,,,,,,,,,,,,,,,,,,,
,,,,,,,,,,,,,,,,,,,,,,,,,,,,,,,,,,,,,,,,,,,
,,,,,,,,,,,,,,,,,,,,,,,,,,,,,,,,,,,,,,,,,,,
,,,,,,,,,,,,,,,,,,,,,,,,,,,,,,,,,,,,,,,,,,,
,,,,,,,,,,,,,,,,,,,,,,,,,,,,,,,,,,,,,,,,,,,
,,,,,,,,,,,,,,,,,,,,,,,,,,,,,,,,,,,,,,,,,,,
,,,,,,,,,,,,,,,,,,,,,,,,,,,,,,,,,,,,,,,,,,,
,,,,,,,,,,,,,,,,,,,,,,,,,,,,,,,,,,,,,,,,,,,
,,,,,,,,,,,,,,,,,,,,,,,,,,,,,,,,,,,,,,,,,,,
,,,,,,,,,,,,,,,,,,,,,,,,,,,,,,,,,,,,,,,,,,,
,,,,,,,,,,,,,,,,,,,,,,,,,,,,,,,,,,,,,,,,,,,
,,,,,,,,,,,,,,,,,,,,,,,,,,,,,,,,,,,,,,,,,,,
,,,,,,,,,,,,,,,,,,,,,,,,,,,,,,,,,,,,,,,,,,,
,,,,,,,,,,,,,,,,,,,,,,,,,,,,,,,,,,,,,,,,,,,
,,,,,,,,,,,,,,,,,,,,,,,,,,,,,,,,,,,,,,,,,,,
,,,,,,,,,,,,,,,,,,,,,,,,,,,,,,,,,,,,,,,,,,,
,,,,,,,,,,,,,,,,,,,,,,,,,,,,,,,,,,,,,,,,,,,
,,,,,,,,,,,,,,,,,,,,,,,,,,,,,,,,,,,,,,,,,,,
,,,,,,,,,,,,,,,,,,,,,,,,,,,,,,,,,,,,,,,,,,,
,,,,,,,,,,,,,,,,,,,,,,,,,,,,,,,,,,,,,,,,,,,
,,,,,,,,,,,,,,,,,,,,,,,,,,,,,,,,,,,,,,,,,,,
,,,,,,,,,,,,,,,,,,,,,,,,,,,,,,,,,,,,,,,,,,,
,,,,,,,,,,,,,,,,,,,,,,,,,,,,,,,,,,,,,,,,,,,
,,,,,,,,,,,,,,,,,,,,,,,,,,,,,,,,,,,,,,,,,,,
,,,,,,,,,,,,,,,,,,,,,,,,,,,,,,,,,,,,,,,,,,,
,,,,,,,,,,,,,,,,,,,,,,,,,,,,,,,,,,,,,,,,,,,
,,,,,,,,,,,,,,,,,,,,,,,,,,,,,,,,,,,,,,,,,,,
,,,,,,,,,,,,,,,,,,,,,,,,,,,,,,,,,,,,,,,,,,,
,,,,,,,,,,,,,,,,,,,,,,,,,,,,,,,,,,,,,,,,,,,
,,,,,,,,,,,,,,,,,,,,,,,,,,,,,,,,,,,,,,,,,,,
,,,,,,,,,,,,,,,,,,,,,,,,,,,,,,,,,,,,,,,,,,,
,,,,,,,,,,,,,,,,,,,,,,,,,,,,,,,,,,,,,,,,,,,
,,,,,,,,,,,,,,,,,,,,,,,,,,,,,,,,,,,,,,,,,,,
,,,,,,,,,,,,,,,,,,,,,,,,,,,,,,,,,,,,,,,,,,,
,,,,,,,,,,,,,,,,,,,,,,,,,,,,,,,,,,,,,,,,,,,
,,,,,,,,,,,,,,,,,,,,,,,,,,,,,,,,,,,,,,,,,,,
,,,,,,,,,,,,,,,,,,,,,,,,,,,,,,,,,,,,,,,,,,,
,,,,,,,,,,,,,,,,,,,,,,,,,,,,,,,,,,,,,,,,,,,
,,,,,,,,,,,,,,,,,,,,,,,,,,,,,,,,,,,,,,,,,,,
,,,,,,,,,,,,,,,,,,,,,,,,,,,,,,,,,,,,,,,,,,,
,,,,,,,,,,,,,,,,,,,,,,,,,,,,,,,,,,,,,,,,,,,
,,,,,,,,,,,,,,,,,,,,,,,,,,,,,,,,,,,,,,,,,,,
,,,,,,,,,,,,,,,,,,,,,,,,,,,,,,,,,,,,,,,,,,,
,,,,,,,,,,,,,,,,,,,,,,,,,,,,,,,,,,,,,,,,,,,
,,,,,,,,,,,,,,,,,,,,,,,,,,,,,,,,,,,,,,,,,,,
,,,,,,,,,,,,,,,,,,,,,,,,,,,,,,,,,,,,,,,,,,,
,,,,,,,,,,,,,,,,,,,,,,,,,,,,,,,,,,,,,,,,,,,
,,,,,,,,,,,,,,,,,,,,,,,,,,,,,,,,,,,,,,,,,,,
,,,,,,,,,,,,,,,,,,,,,,,,,,,,,,,,,,,,,,,,,,,
,,,,,,,,,,,,,,,,,,,,,,,,,,,,,,,,,,,,,,,,,,,
,,,,,,,,,,,,,,,,,,,,,,,,,,,,,,,,,,,,,,,,,,,
,,,,,,,,,,,,,,,,,,,,,,,,,,,,,,,,,,,,,,,,,,,
,,,,,,,,,,,,,,,,,,,,,,,,,,,,,,,,,,,,,,,,,,,
,,,,,,,,,,,,,,,,,,,,,,,,,,,,,,,,,,,,,,,,,,,
,,,,,,,,,,,,,,,,,,,,,,,,,,,,,,,,,,,,,,,,,,,
,,,,,,,,,,,,,,,,,,,,,,,,,,,,,,,,,,,,,,,,,,,
,,,,,,,,,,,,,,,,,,,,,,,,,,,,,,,,,,,,,,,,,,,
,,,,,,,,,,,,,,,,,,,,,,,,,,,,,,,,,,,,,,,,,,,
,,,,,,,,,,,,,,,,,,,,,,,,,,,,,,,,,,,,,,,,,,,
,,,,,,,,,,,,,,,,,,,,,,,,,,,,,,,,,,,,,,,,,,,
,,,,,,,,,,,,,,,,,,,,,,,,,,,,,,,,,,,,,,,,,,,
,,,,,,,,,,,,,,,,,,,,,,,,,,,,,,,,,,,,,,,,,,,
,,,,,,,,,,,,,,,,,,,,,,,,,,,,,,,,,,,,,,,,,,,
,,,,,,,,,,,,,,,,,,,,,,,,,,,,,,,,,,,,,,,,,,,
,,,,,,,,,,,,,,,,,,,,,,,,,,,,,,,,,,,,,,,,,,,
,,,,,,,,,,,,,,,,,,,,,,,,,,,,,,,,,,,,,,,,,,,
,,,,,,,,,,,,,,,,,,,,,,,,,,,,,,,,,,,,,,,,,,,
,,,,,,,,,,,,,,,,,,,,,,,,,,,,,,,,,,,,,,,,,,,
,,,,,,,,,,,,,,,,,,,,,,,,,,,,,,,,,,,,,,,,,,,
,,,,,,,,,,,,,,,,,,,,,,,,,,,,,,,,,,,,,,,,,,,
,,,,,,,,,,,,,,,,,,,,,,,,,,,,,,,,,,,,,,,,,,,
,,,,,,,,,,,,,,,,,,,,,,,,,,,,,,,,,,,,,,,,,,,
,,,,,,,,,,,,,,,,,,,,,,,,,,,,,,,,,,,,,,,,,,,
,,,,,,,,,,,,,,,,,,,,,,,,,,,,,,,,,,,,,,,,,,,
,,,,,,,,,,,,,,,,,,,,,,,,,,,,,,,,,,,,,,,,,,,
,,,,,,,,,,,,,,,,,,,,,,,,,,,,,,,,,,,,,,,,,,,
,,,,,,,,,,,,,,,,,,,,,,,,,,,,,,,,,,,,,,,,,,,
,,,,,,,,,,,,,,,,,,,,,,,,,,,,,,,,,,,,,,,,,,,
,,,,,,,,,,,,,,,,,,,,,,,,,,,,,,,,,,,,,,,,,,,
,,,,,,,,,,,,,,,,,,,,,,,,,,,,,,,,,,,,,,,,,,,
,,,,,,,,,,,,,,,,,,,,,,,,,,,,,,,,,,,,,,,,,,,
,,,,,,,,,,,,,,,,,,,,,,,,,,,,,,,,,,,,,,,,,,,
,,,,,,,,,,,,,,,,,,,,,,,,,,,,,,,,,,,,,,,,,,,
,,,,,,,,,,,,,,,,,,,,,,,,,,,,,,,,,,,,,,,,,,,
,,,,,,,,,,,,,,,,,,,,,,,,,,,,,,,,,,,,,,,,,,,
,,,,,,,,,,,,,,,,,,,,,,,,,,,,,,,,,,,,,,,,,,,
,,,,,,,,,,,,,,,,,,,,,,,,,,,,,,,,,,,,,,,,,,,
,,,,,,,,,,,,,,,,,,,,,,,,,,,,,,,,,,,,,,,,,,,
,,,,,,,,,,,,,,,,,,,,,,,,,,,,,,,,,,,,,,,,,,,
,,,,,,,,,,,,,,,,,,,,,,,,,,,,,,,,,,,,,,,,,,,
,,,,,,,,,,,,,,,,,,,,,,,,,,,,,,,,,,,,,,,,,,,
,,,,,,,,,,,,,,,,,,,,,,,,,,,,,,,,,,,,,,,,,,,
,,,,,,,,,,,,,,,,,,,,,,,,,,,,,,,,,,,,,,,,,,,
,,,,,,,,,,,,,,,,,,,,,,,,,,,,,,,,,,,,,,,,,,,
,,,,,,,,,,,,,,,,,,,,,,,,,,,,,,,,,,,,,,,,,,,
,,,,,,,,,,,,,,,,,,,,,,,,,,,,,,,,,,,,,,,,,,,
,,,,,,,,,,,,,,,,,,,,,,,,,,,,,,,,,,,,,,,,,,,
,,,,,,,,,,,,,,,,,,,,,,,,,,,,,,,,,,,,,,,,,,,
,,,,,,,,,,,,,,,,,,,,,,,,,,,,,,,,,,,,,,,,,,,
,,,,,,,,,,,,,,,,,,,,,,,,,,,,,,,,,,,,,,,,,,,
,,,,,,,,,,,,,,,,,,,,,,,,,,,,,,,,,,,,,,,,,,,
,,,,,,,,,,,,,,,,,,,,,,,,,,,,,,,,,,,,,,,,,,,
,,,,,,,,,,,,,,,,,,,,,,,,,,,,,,,,,,,,,,,,,,,
,,,,,,,,,,,,,,,,,,,,,,,,,,,,,,,,,,,,,,,,,,,
,,,,,,,,,,,,,,,,,,,,,,,,,,,,,,,,,,,,,,,,,,,
,,,,,,,,,,,,,,,,,,,,,,,,,,,,,,,,,,,,,,,,,,,
,,,,,,,,,,,,,,,,,,,,,,,,,,,,,,,,,,,,,,,,,,,
,,,,,,,,,,,,,,,,,,,,,,,,,,,,,,,,,,,,,,,,,,,
,,,,,,,,,,,,,,,,,,,,,,,,,,,,,,,,,,,,,,,,,,,
,,,,,,,,,,,,,,,,,,,,,,,,,,,,,,,,,,,,,,,,,,,
,,,,,,,,,,,,,,,,,,,,,,,,,,,,,,,,,,,,,,,,,,,
,,,,,,,,,,,,,,,,,,,,,,,,,,,,,,,,,,,,,,,,,,,
,,,,,,,,,,,,,,,,,,,,,,,,,,,,,,,,,,,,,,,,,,,
,,,,,,,,,,,,,,,,,,,,,,,,,,,,,,,,,,,,,,,,,,,
,,,,,,,,,,,,,,,,,,,,,,,,,,,,,,,,,,,,,,,,,,,
,,,,,,,,,,,,,,,,,,,,,,,,,,,,,,,,,,,,,,,,,,,
,,,,,,,,,,,,,,,,,,,,,,,,,,,,,,,,,,,,,,,,,,,
,,,,,,,,,,,,,,,,,,,,,,,,,,,,,,,,,,,,,,,,,,,
,,,,,,,,,,,,,,,,,,,,,,,,,,,,,,,,,,,,,,,,,,,
,,,,,,,,,,,,,,,,,,,,,,,,,,,,,,,,,,,,,,,,,,,
,,,,,,,,,,,,,,,,,,,,,,,,,,,,,,,,,,,,,,,,,,,
,,,,,,,,,,,,,,,,,,,,,,,,,,,,,,,,,,,,,,,,,,,
,,,,,,,,,,,,,,,,,,,,,,,,,,,,,,,,,,,,,,,,,,,
,,,,,,,,,,,,,,,,,,,,,,,,,,,,,,,,,,,,,,,,,,,
,,,,,,,,,,,,,,,,,,,,,,,,,,,,,,,,,,,,,,,,,,,
,,,,,,,,,,,,,,,,,,,,,,,,,,,,,,,,,,,,,,,,,,,
,,,,,,,,,,,,,,,,,,,,,,,,,,,,,,,,,,,,,,,,,,,
,,,,,,,,,,,,,,,,,,,,,,,,,,,,,,,,,,,,,,,,,,,
,,,,,,,,,,,,,,,,,,,,,,,,,,,,,,,,,,,,,,,,,,,
,,,,,,,,,,,,,,,,,,,,,,,,,,,,,,,,,,,,,,,,,,,
,,,,,,,,,,,,,,,,,,,,,,,,,,,,,,,,,,,,,,,,,,,
,,,,,,,,,,,,,,,,,,,,,,,,,,,,,,,,,,,,,,,,,,,
,,,,,,,,,,,,,,,,,,,,,,,,,,,,,,,,,,,,,,,,,,,
,,,,,,,,,,,,,,,,,,,,,,,,,,,,,,,,,,,,,,,,,,,
,,,,,,,,,,,,,,,,,,,,,,,,,,,,,,,,,,,,,,,,,,,
,,,,,,,,,,,,,,,,,,,,,,,,,,,,,,,,,,,,,,,,,,,
,,,,,,,,,,,,,,,,,,,,,,,,,,,,,,,,,,,,,,,,,,,
,,,,,,,,,,,,,,,,,,,,,,,,,,,,,,,,,,,,,,,,,,,
,,,,,,,,,,,,,,,,,,,,,,,,,,,,,,,,,,,,,,,,,,,
,,,,,,,,,,,,,,,,,,,,,,,,,,,,,,,,,,,,,,,,,,,
,,,,,,,,,,,,,,,,,,,,,,,,,,,,,,,,,,,,,,,,,,,
,,,,,,,,,,,,,,,,,,,,,,,,,,,,,,,,,,,,,,,,,,,
,,,,,,,,,,,,,,,,,,,,,,,,,,,,,,,,,,,,,,,,,,,
,,,,,,,,,,,,,,,,,,,,,,,,,,,,,,,,,,,,,,,,,,,
,,,,,,,,,,,,,,,,,,,,,,,,,,,,,,,,,,,,,,,,,,,
,,,,,,,,,,,,,,,,,,,,,,,,,,,,,,,,,,,,,,,,,,,
,,,,,,,,,,,,,,,,,,,,,,,,,,,,,,,,,,,,,,,,,,,
,,,,,,,,,,,,,,,,,,,,,,,,,,,,,,,,,,,,,,,,,,,
,,,,,,,,,,,,,,,,,,,,,,,,,,,,,,,,,,,,,,,,,,,
,,,,,,,,,,,,,,,,,,,,,,,,,,,,,,,,,,,,,,,,,,,
,,,,,,,,,,,,,,,,,,,,,,,,,,,,,,,,,,,,,,,,,,,
,,,,,,,,,,,,,,,,,,,,,,,,,,,,,,,,,,,,,,,,,,,
,,,,,,,,,,,,,,,,,,,,,,,,,,,,,,,,,,,,,,,,,,,
,,,,,,,,,,,,,,,,,,,,,,,,,,,,,,,,,,,,,,,,,,,
,,,,,,,,,,,,,,,,,,,,,,,,,,,,,,,,,,,,,,,,,,,
,,,,,,,,,,,,,,,,,,,,,,,,,,,,,,,,,,,,,,,,,,,
,,,,,,,,,,,,,,,,,,,,,,,,,,,,,,,,,,,,,,,,,,,
,,,,,,,,,,,,,,,,,,,,,,,,,,,,,,,,,,,,,,,,,,,
,,,,,,,,,,,,,,,,,,,,,,,,,,,,,,,,,,,,,,,,,,,
,,,,,,,,,,,,,,,,,,,,,,,,,,,,,,,,,,,,,,,,,,,
,,,,,,,,,,,,,,,,,,,,,,,,,,,,,,,,,,,,,,,,,,,
,,,,,,,,,,,,,,,,,,,,,,,,,,,,,,,,,,,,,,,,,,,
,,,,,,,,,,,,,,,,,,,,,,,,,,,,,,,,,,,,,,,,,,,
,,,,,,,,,,,,,,,,,,,,,,,,,,,,,,,,,,,,,,,,,,,
,,,,,,,,,,,,,,,,,,,,,,,,,,,,,,,,,,,,,,,,,,,
,,,,,,,,,,,,,,,,,,,,,,,,,,,,,,,,,,,,,,,,,,,
,,,,,,,,,,,,,,,,,,,,,,,,,,,,,,,,,,,,,,,,,,,
,,,,,,,,,,,,,,,,,,,,,,,,,,,,,,,,,,,,,,,,,,,
,,,,,,,,,,,,,,,,,,,,,,,,,,,,,,,,,,,,,,,,,,,
,,,,,,,,,,,,,,,,,,,,,,,,,,,,,,,,,,,,,,,,,,,
,,,,,,,,,,,,,,,,,,,,,,,,,,,,,,,,,,,,,,,,,,,
,,,,,,,,,,,,,,,,,,,,,,,,,,,,,,,,,,,,,,,,,,,
,,,,,,,,,,,,,,,,,,,,,,,,,,,,,,,,,,,,,,,,,,,
,,,,,,,,,,,,,,,,,,,,,,,,,,,,,,,,,,,,,,,,,,,
,,,,,,,,,,,,,,,,,,,,,,,,,,,,,,,,,,,,,,,,,,,
,,,,,,,,,,,,,,,,,,,,,,,,,,,,,,,,,,,,,,,,,,,
,,,,,,,,,,,,,,,,,,,,,,,,,,,,,,,,,,,,,,,,,,,
,,,,,,,,,,,,,,,,,,,,,,,,,,,,,,,,,,,,,,,,,,,
,,,,,,,,,,,,,,,,,,,,,,,,,,,,,,,,,,,,,,,,,,,
,,,,,,,,,,,,,,,,,,,,,,,,,,,,,,,,,,,,,,,,,,,
,,,,,,,,,,,,,,,,,,,,,,,,,,,,,,,,,,,,,,,,,,,
,,,,,,,,,,,,,,,,,,,,,,,,,,,,,,,,,,,,,,,,,,,
,,,,,,,,,,,,,,,,,,,,,,,,,,,,,,,,,,,,,,,,,,,
,,,,,,,,,,,,,,,,,,,,,,,,,,,,,,,,,,,,,,,,,,,
,,,,,,,,,,,,,,,,,,,,,,,,,,,,,,,,,,,,,,,,,,,
,,,,,,,,,,,,,,,,,,,,,,,,,,,,,,,,,,,,,,,,,,,
,,,,,,,,,,,,,,,,,,,,,,,,,,,,,,,,,,,,,,,,,,,
,,,,,,,,,,,,,,,,,,,,,,,,,,,,,,,,,,,,,,,,,,,
,,,,,,,,,,,,,,,,,,,,,,,,,,,,,,,,,,,,,,,,,,,
,,,,,,,,,,,,,,,,,,,,,,,,,,,,,,,,,,,,,,,,,,,
,,,,,,,,,,,,,,,,,,,,,,,,,,,,,,,,,,,,,,,,,,,
,,,,,,,,,,,,,,,,,,,,,,,,,,,,,,,,,,,,,,,,,,,
,,,,,,,,,,,,,,,,,,,,,,,,,,,,,,,,,,,,,,,,,,,
,,,,,,,,,,,,,,,,,,,,,,,,,,,,,,,,,,,,,,,,,,,
,,,,,,,,,,,,,,,,,,,,,,,,,,,,,,,,,,,,,,,,,,,
,,,,,,,,,,,,,,,,,,,,,,,,,,,,,,,,,,,,,,,,,,,
,,,,,,,,,,,,,,,,,,,,,,,,,,,,,,,,,,,,,,,,,,,
,,,,,,,,,,,,,,,,,,,,,,,,,,,,,,,,,,,,,,,,,,,
,,,,,,,,,,,,,,,,,,,,,,,,,,,,,,,,,,,,,,,,,,,
,,,,,,,,,,,,,,,,,,,,,,,,,,,,,,,,,,,,,,,,,,,
,,,,,,,,,,,,,,,,,,,,,,,,,,,,,,,,,,,,,,,,,,,
,,,,,,,,,,,,,,,,,,,,,,,,,,,,,,,,,,,,,,,,,,,
,,,,,,,,,,,,,,,,,,,,,,,,,,,,,,,,,,,,,,,,,,,
,,,,,,,,,,,,,,,,,,,,,,,,,,,,,,,,,,,,,,,,,,,
,,,,,,,,,,,,,,,,,,,,,,,,,,,,,,,,,,,,,,,,,,,
,,,,,,,,,,,,,,,,,,,,,,,,,,,,,,,,,,,,,,,,,,,
,,,,,,,,,,,,,,,,,,,,,,,,,,,,,,,,,,,,,,,,,,,
,,,,,,,,,,,,,,,,,,,,,,,,,,,,,,,,,,,,,,,,,,,
,,,,,,,,,,,,,,,,,,,,,,,,,,,,,,,,,,,,,,,,,,,
,,,,,,,,,,,,,,,,,,,,,,,,,,,,,,,,,,,,,,,,,,,
,,,,,,,,,,,,,,,,,,,,,,,,,,,,,,,,,,,,,,,,,,,
,,,,,,,,,,,,,,,,,,,,,,,,,,,,,,,,,,,,,,,,,,,
,,,,,,,,,,,,,,,,,,,,,,,,,,,,,,,,,,,,,,,,,,,
,,,,,,,,,,,,,,,,,,,,,,,,,,,,,,,,,,,,,,,,,,,
,,,,,,,,,,,,,,,,,,,,,,,,,,,,,,,,,,,,,,,,,,,
,,,,,,,,,,,,,,,,,,,,,,,,,,,,,,,,,,,,,,,,,,,
,,,,,,,,,,,,,,,,,,,,,,,,,,,,,,,,,,,,,,,,,,,
,,,,,,,,,,,,,,,,,,,,,,,,,,,,,,,,,,,,,,,,,,,
,,,,,,,,,,,,,,,,,,,,,,,,,,,,,,,,,,,,,,,,,,,
,,,,,,,,,,,,,,,,,,,,,,,,,,,,,,,,,,,,,,,,,,,
,,,,,,,,,,,,,,,,,,,,,,,,,,,,,,,,,,,,,,,,,,,
,,,,,,,,,,,,,,,,,,,,,,,,,,,,,,,,,,,,,,,,,,,
,,,,,,,,,,,,,,,,,,,,,,,,,,,,,,,,,,,,,,,,,,,
,,,,,,,,,,,,,,,,,,,,,,,,,,,,,,,,,,,,,,,,,,,
,,,,,,,,,,,,,,,,,,,,,,,,,,,,,,,,,,,,,,,,,,,
,,,,,,,,,,,,,,,,,,,,,,,,,,,,,,,,,,,,,,,,,,,
,,,,,,,,,,,,,,,,,,,,,,,,,,,,,,,,,,,,,,,,,,,
,,,,,,,,,,,,,,,,,,,,,,,,,,,,,,,,,,,,,,,,,,,
,,,,,,,,,,,,,,,,,,,,,,,,,,,,,,,,,,,,,,,,,,,
,,,,,,,,,,,,,,,,,,,,,,,,,,,,,,,,,,,,,,,,,,,
,,,,,,,,,,,,,,,,,,,,,,,,,,,,,,,,,,,,,,,,,,,
,,,,,,,,,,,,,,,,,,,,,,,,,,,,,,,,,,,,,,,,,,,
,,,,,,,,,,,,,,,,,,,,,,,,,,,,,,,,,,,,,,,,,,,
,,,,,,,,,,,,,,,,,,,,,,,,,,,,,,,,,,,,,,,,,,,
,,,,,,,,,,,,,,,,,,,,,,,,,,,,,,,,,,,,,,,,,,,
,,,,,,,,,,,,,,,,,,,,,,,,,,,,,,,,,,,,,,,,,,,
,,,,,,,,,,,,,,,,,,,,,,,,,,,,,,,,,,,,,,,,,,,
,,,,,,,,,,,,,,,,,,,,,,,,,,,,,,,,,,,,,,,,,,,
,,,,,,,,,,,,,,,,,,,,,,,,,,,,,,,,,,,,,,,,,,,
,,,,,,,,,,,,,,,,,,,,,,,,,,,,,,,,,,,,,,,,,,,
,,,,,,,,,,,,,,,,,,,,,,,,,,,,,,,,,,,,,,,,,,,
,,,,,,,,,,,,,,,,,,,,,,,,,,,,,,,,,,,,,,,,,,,
,,,,,,,,,,,,,,,,,,,,,,,,,,,,,,,,,,,,,,,,,,,
,,,,,,,,,,,,,,,,,,,,,,,,,,,,,,,,,,,,,,,,,,,
,,,,,,,,,,,,,,,,,,,,,,,,,,,,,,,,,,,,,,,,,,,
,,,,,,,,,,,,,,,,,,,,,,,,,,,,,,,,,,,,,,,,,,,
,,,,,,,,,,,,,,,,,,,,,,,,,,,,,,,,,,,,,,,,,,,
,,,,,,,,,,,,,,,,,,,,,,,,,,,,,,,,,,,,,,,,,,,
,,,,,,,,,,,,,,,,,,,,,,,,,,,,,,,,,,,,,,,,,,,
,,,,,,,,,,,,,,,,,,,,,,,,,,,,,,,,,,,,,,,,,,,
,,,,,,,,,,,,,,,,,,,,,,,,,,,,,,,,,,,,,,,,,,,
,,,,,,,,,,,,,,,,,,,,,,,,,,,,,,,,,,,,,,,,,,,
,,,,,,,,,,,,,,,,,,,,,,,,,,,,,,,,,,,,,,,,,,,
,,,,,,,,,,,,,,,,,,,,,,,,,,,,,,,,,,,,,,,,,,,
,,,,,,,,,,,,,,,,,,,,,,,,,,,,,,,,,,,,,,,,,,,
,,,,,,,,,,,,,,,,,,,,,,,,,,,,,,,,,,,,,,,,,,,
,,,,,,,,,,,,,,,,,,,,,,,,,,,,,,,,,,,,,,,,,,,
,,,,,,,,,,,,,,,,,,,,,,,,,,,,,,,,,,,,,,,,,,,
,,,,,,,,,,,,,,,,,,,,,,,,,,,,,,,,,,,,,,,,,,,
,,,,,,,,,,,,,,,,,,,,,,,,,,,,,,,,,,,,,,,,,,,
,,,,,,,,,,,,,,,,,,,,,,,,,,,,,,,,,,,,,,,,,,,
,,,,,,,,,,,,,,,,,,,,,,,,,,,,,,,,,,,,,,,,,,,
,,,,,,,,,,,,,,,,,,,,,,,,,,,,,,,,,,,,,,,,,,,
,,,,,,,,,,,,,,,,,,,,,,,,,,,,,,,,,,,,,,,,,,,
,,,,,,,,,,,,,,,,,,,,,,,,,,,,,,,,,,,,,,,,,,,
,,,,,,,,,,,,,,,,,,,,,,,,,,,,,,,,,,,,,,,,,,,
,,,,,,,,,,,,,,,,,,,,,,,,,,,,,,,,,,,,,,,,,,,
,,,,,,,,,,,,,,,,,,,,,,,,,,,,,,,,,,,,,,,,,,,
,,,,,,,,,,,,,,,,,,,,,,,,,,,,,,,,,,,,,,,,,,,
,,,,,,,,,,,,,,,,,,,,,,,,,,,,,,,,,,,,,,,,,,,
,,,,,,,,,,,,,,,,,,,,,,,,,,,,,,,,,,,,,,,,,,,
,,,,,,,,,,,,,,,,,,,,,,,,,,,,,,,,,,,,,,,,,,,
,,,,,,,,,,,,,,,,,,,,,,,,,,,,,,,,,,,,,,,,,,,
,,,,,,,,,,,,,,,,,,,,,,,,,,,,,,,,,,,,,,,,,,,
,,,,,,,,,,,,,,,,,,,,,,,,,,,,,,,,,,,,,,,,,,,
,,,,,,,,,,,,,,,,,,,,,,,,,,,,,,,,,,,,,,,,,,,
,,,,,,,,,,,,,,,,,,,,,,,,,,,,,,,,,,,,,,,,,,,
,,,,,,,,,,,,,,,,,,,,,,,,,,,,,,,,,,,,,,,,,,,
,,,,,,,,,,,,,,,,,,,,,,,,,,,,,,,,,,,,,,,,,,,
,,,,,,,,,,,,,,,,,,,,,,,,,,,,,,,,,,,,,,,,,,,
,,,,,,,,,,,,,,,,,,,,,,,,,,,,,,,,,,,,,,,,,,,
,,,,,,,,,,,,,,,,,,,,,,,,,,,,,,,,,,,,,,,,,,,
,,,,,,,,,,,,,,,,,,,,,,,,,,,,,,,,,,,,,,,,,,,
,,,,,,,,,,,,,,,,,,,,,,,,,,,,,,,,,,,,,,,,,,,
,,,,,,,,,,,,,,,,,,,,,,,,,,,,,,,,,,,,,,,,,,,
,,,,,,,,,,,,,,,,,,,,,,,,,,,,,,,,,,,,,,,,,,,
,,,,,,,,,,,,,,,,,,,,,,,,,,,,,,,,,,,,,,,,,,,
,,,,,,,,,,,,,,,,,,,,,,,,,,,,,,,,,,,,,,,,,,,
,,,,,,,,,,,,,,,,,,,,,,,,,,,,,,,,,,,,,,,,,,,
,,,,,,,,,,,,,,,,,,,,,,,,,,,,,,,,,,,,,,,,,,,
,,,,,,,,,,,,,,,,,,,,,,,,,,,,,,,,,,,,,,,,,,,
,,,,,,,,,,,,,,,,,,,,,,,,,,,,,,,,,,,,,,,,,,,
,,,,,,,,,,,,,,,,,,,,,,,,,,,,,,,,,,,,,,,,,,,
,,,,,,,,,,,,,,,,,,,,,,,,,,,,,,,,,,,,,,,,,,,
,,,,,,,,,,,,,,,,,,,,,,,,,,,,,,,,,,,,,,,,,,,
,,,,,,,,,,,,,,,,,,,,,,,,,,,,,,,,,,,,,,,,,,,
,,,,,,,,,,,,,,,,,,,,,,,,,,,,,,,,,,,,,,,,,,,
,,,,,,,,,,,,,,,,,,,,,,,,,,,,,,,,,,,,,,,,,,,
,,,,,,,,,,,,,,,,,,,,,,,,,,,,,,,,,,,,,,,,,,,
,,,,,,,,,,,,,,,,,,,,,,,,,,,,,,,,,,,,,,,,,,,
,,,,,,,,,,,,,,,,,,,,,,,,,,,,,,,,,,,,,,,,,,,
,,,,,,,,,,,,,,,,,,,,,,,,,,,,,,,,,,,,,,,,,,,
,,,,,,,,,,,,,,,,,,,,,,,,,,,,,,,,,,,,,,,,,,,
,,,,,,,,,,,,,,,,,,,,,,,,,,,,,,,,,,,,,,,,,,,
,,,,,,,,,,,,,,,,,,,,,,,,,,,,,,,,,,,,,,,,,,,
,,,,,,,,,,,,,,,,,,,,,,,,,,,,,,,,,,,,,,,,,,,
,,,,,,,,,,,,,,,,,,,,,,,,,,,,,,,,,,,,,,,,,,,
,,,,,,,,,,,,,,,,,,,,,,,,,,,,,,,,,,,,,,,,,,,
,,,,,,,,,,,,,,,,,,,,,,,,,,,,,,,,,,,,,,,,,,,
,,,,,,,,,,,,,,,,,,,,,,,,,,,,,,,,,,,,,,,,,,,
,,,,,,,,,,,,,,,,,,,,,,,,,,,,,,,,,,,,,,,,,,,
,,,,,,,,,,,,,,,,,,,,,,,,,,,,,,,,,,,,,,,,,,,
,,,,,,,,,,,,,,,,,,,,,,,,,,,,,,,,,,,,,,,,,,,
,,,,,,,,,,,,,,,,,,,,,,,,,,,,,,,,,,,,,,,,,,,
,,,,,,,,,,,,,,,,,,,,,,,,,,,,,,,,,,,,,,,,,,,
,,,,,,,,,,,,,,,,,,,,,,,,,,,,,,,,,,,,,,,,,,,
,,,,,,,,,,,,,,,,,,,,,,,,,,,,,,,,,,,,,,,,,,,
,,,,,,,,,,,,,,,,,,,,,,,,,,,,,,,,,,,,,,,,,,,
,,,,,,,,,,,,,,,,,,,,,,,,,,,,,,,,,,,,,,,,,,,
,,,,,,,,,,,,,,,,,,,,,,,,,,,,,,,,,,,,,,,,,,,
,,,,,,,,,,,,,,,,,,,,,,,,,,,,,,,,,,,,,,,,,,,
,,,,,,,,,,,,,,,,,,,,,,,,,,,,,,,,,,,,,,,,,,,
,,,,,,,,,,,,,,,,,,,,,,,,,,,,,,,,,,,,,,,,,,,
,,,,,,,,,,,,,,,,,,,,,,,,,,,,,,,,,,,,,,,,,,,
,,,,,,,,,,,,,,,,,,,,,,,,,,,,,,,,,,,,,,,,,,,
,,,,,,,,,,,,,,,,,,,,,,,,,,,,,,,,,,,,,,,,,,,
,,,,,,,,,,,,,,,,,,,,,,,,,,,,,,,,,,,,,,,,,,,
,,,,,,,,,,,,,,,,,,,,,,,,,,,,,,,,,,,,,,,,,,,
,,,,,,,,,,,,,,,,,,,,,,,,,,,,,,,,,,,,,,,,,,,
,,,,,,,,,,,,,,,,,,,,,,,,,,,,,,,,,,,,,,,,,,,
,,,,,,,,,,,,,,,,,,,,,,,,,,,,,,,,,,,,,,,,,,,
,,,,,,,,,,,,,,,,,,,,,,,,,,,,,,,,,,,,,,,,,,,
,,,,,,,,,,,,,,,,,,,,,,,,,,,,,,,,,,,,,,,,,,,
,,,,,,,,,,,,,,,,,,,,,,,,,,,,,,,,,,,,,,,,,,,
,,,,,,,,,,,,,,,,,,,,,,,,,,,,,,,,,,,,,,,,,,,
,,,,,,,,,,,,,,,,,,,,,,,,,,,,,,,,,,,,,,,,,,,
,,,,,,,,,,,,,,,,,,,,,,,,,,,,,,,,,,,,,,,,,,,
,,,,,,,,,,,,,,,,,,,,,,,,,,,,,,,,,,,,,,,,,,,
,,,,,,,,,,,,,,,,,,,,,,,,,,,,,,,,,,,,,,,,,,,
,,,,,,,,,,,,,,,,,,,,,,,,,,,,,,,,,,,,,,,,,,,
,,,,,,,,,,,,,,,,,,,,,,,,,,,,,,,,,,,,,,,,,,,
,,,,,,,,,,,,,,,,,,,,,,,,,,,,,,,,,,,,,,,,,,,
,,,,,,,,,,,,,,,,,,,,,,,,,,,,,,,,,,,,,,,,,,,
,,,,,,,,,,,,,,,,,,,,,,,,,,,,,,,,,,,,,,,,,,,
,,,,,,,,,,,,,,,,,,,,,,,,,,,,,,,,,,,,,,,,,,,
,,,,,,,,,,,,,,,,,,,,,,,,,,,,,,,,,,,,,,,,,,,
,,,,,,,,,,,,,,,,,,,,,,,,,,,,,,,,,,,,,,,,,,,
,,,,,,,,,,,,,,,,,,,,,,,,,,,,,,,,,,,,,,,,,,,
,,,,,,,,,,,,,,,,,,,,,,,,,,,,,,,,,,,,,,,,,,,
,,,,,,,,,,,,,,,,,,,,,,,,,,,,,,,,,,,,,,,,,,,
,,,,,,,,,,,,,,,,,,,,,,,,,,,,,,,,,,,,,,,,,,,
,,,,,,,,,,,,,,,,,,,,,,,,,,,,,,,,,,,,,,,,,,,
,,,,,,,,,,,,,,,,,,,,,,,,,,,,,,,,,,,,,,,,,,,
,,,,,,,,,,,,,,,,,,,,,,,,,,,,,,,,,,,,,,,,,,,
,,,,,,,,,,,,,,,,,,,,,,,,,,,,,,,,,,,,,,,,,,,
,,,,,,,,,,,,,,,,,,,,,,,,,,,,,,,,,,,,,,,,,,,
,,,,,,,,,,,,,,,,,,,,,,,,,,,,,,,,,,,,,,,,,,,
,,,,,,,,,,,,,,,,,,,,,,,,,,,,,,,,,,,,,,,,,,,
,,,,,,,,,,,,,,,,,,,,,,,,,,,,,,,,,,,,,,,,,,,
,,,,,,,,,,,,,,,,,,,,,,,,,,,,,,,,,,,,,,,,,,,
,,,,,,,,,,,,,,,,,,,,,,,,,,,,,,,,,,,,,,,,,,,
,,,,,,,,,,,,,,,,,,,,,,,,,,,,,,,,,,,,,,,,,,,
,,,,,,,,,,,,,,,,,,,,,,,,,,,,,,,,,,,,,,,,,,,
,,,,,,,,,,,,,,,,,,,,,,,,,,,,,,,,,,,,,,,,,,,
,,,,,,,,,,,,,,,,,,,,,,,,,,,,,,,,,,,,,,,,,,,
,,,,,,,,,,,,,,,,,,,,,,,,,,,,,,,,,,,,,,,,,,,
,,,,,,,,,,,,,,,,,,,,,,,,,,,,,,,,,,,,,,,,,,,
,,,,,,,,,,,,,,,,,,,,,,,,,,,,,,,,,,,,,,,,,,,
,,,,,,,,,,,,,,,,,,,,,,,,,,,,,,,,,,,,,,,,,,,
,,,,,,,,,,,,,,,,,,,,,,,,,,,,,,,,,,,,,,,,,,,
,,,,,,,,,,,,,,,,,,,,,,,,,,,,,,,,,,,,,,,,,,,
,,,,,,,,,,,,,,,,,,,,,,,,,,,,,,,,,,,,,,,,,,,
,,,,,,,,,,,,,,,,,,,,,,,,,,,,,,,,,,,,,,,,,,,
,,,,,,,,,,,,,,,,,,,,,,,,,,,,,,,,,,,,,,,,,,,
,,,,,,,,,,,,,,,,,,,,,,,,,,,,,,,,,,,,,,,,,,,
,,,,,,,,,,,,,,,,,,,,,,,,,,,,,,,,,,,,,,,,,,,
,,,,,,,,,,,,,,,,,,,,,,,,,,,,,,,,,,,,,,,,,,,
,,,,,,,,,,,,,,,,,,,,,,,,,,,,,,,,,,,,,,,,,,,
,,,,,,,,,,,,,,,,,,,,,,,,,,,,,,,,,,,,,,,,,,,
,,,,,,,,,,,,,,,,,,,,,,,,,,,,,,,,,,,,,,,,,,,
,,,,,,,,,,,,,,,,,,,,,,,,,,,,,,,,,,,,,,,,,,,
,,,,,,,,,,,,,,,,,,,,,,,,,,,,,,,,,,,,,,,,,,,
,,,,,,,,,,,,,,,,,,,,,,,,,,,,,,,,,,,,,,,,,,,
,,,,,,,,,,,,,,,,,,,,,,,,,,,,,,,,,,,,,,,,,,,
,,,,,,,,,,,,,,,,,,,,,,,,,,,,,,,,,,,,,,,,,,,
,,,,,,,,,,,,,,,,,,,,,,,,,,,,,,,,,,,,,,,,,,,
,,,,,,,,,,,,,,,,,,,,,,,,,,,,,,,,,,,,,,,,,,,
,,,,,,,,,,,,,,,,,,,,,,,,,,,,,,,,,,,,,,,,,,,
,,,,,,,,,,,,,,,,,,,,,,,,,,,,,,,,,,,,,,,,,,,
,,,,,,,,,,,,,,,,,,,,,,,,,,,,,,,,,,,,,,,,,,,
,,,,,,,,,,,,,,,,,,,,,,,,,,,,,,,,,,,,,,,,,,,
,,,,,,,,,,,,,,,,,,,,,,,,,,,,,,,,,,,,,,,,,,,
,,,,,,,,,,,,,,,,,,,,,,,,,,,,,,,,,,,,,,,,,,,
,,,,,,,,,,,,,,,,,,,,,,,,,,,,,,,,,,,,,,,,,,,
,,,,,,,,,,,,,,,,,,,,,,,,,,,,,,,,,,,,,,,,,,,
,,,,,,,,,,,,,,,,,,,,,,,,,,,,,,,,,,,,,,,,,,,
,,,,,,,,,,,,,,,,,,,,,,,,,,,,,,,,,,,,,,,,,,,
,,,,,,,,,,,,,,,,,,,,,,,,,,,,,,,,,,,,,,,,,,,
,,,,,,,,,,,,,,,,,,,,,,,,,,,,,,,,,,,,,,,,,,,
,,,,,,,,,,,,,,,,,,,,,,,,,,,,,,,,,,,,,,,,,,,
,,,,,,,,,,,,,,,,,,,,,,,,,,,,,,,,,,,,,,,,,,,
,,,,,,,,,,,,,,,,,,,,,,,,,,,,,,,,,,,,,,,,,,,
,,,,,,,,,,,,,,,,,,,,,,,,,,,,,,,,,,,,,,,,,,,
,,,,,,,,,,,,,,,,,,,,,,,,,,,,,,,,,,,,,,,,,,,
,,,,,,,,,,,,,,,,,,,,,,,,,,,,,,,,,,,,,,,,,,,
,,,,,,,,,,,,,,,,,,,,,,,,,,,,,,,,,,,,,,,,,,,
,,,,,,,,,,,,,,,,,,,,,,,,,,,,,,,,,,,,,,,,,,,
,,,,,,,,,,,,,,,,,,,,,,,,,,,,,,,,,,,,,,,,,,,
,,,,,,,,,,,,,,,,,,,,,,,,,,,,,,,,,,,,,,,,,,,
,,,,,,,,,,,,,,,,,,,,,,,,,,,,,,,,,,,,,,,,,,,
,,,,,,,,,,,,,,,,,,,,,,,,,,,,,,,,,,,,,,,,,,,
,,,,,,,,,,,,,,,,,,,,,,,,,,,,,,,,,,,,,,,,,,,
,,,,,,,,,,,,,,,,,,,,,,,,,,,,,,,,,,,,,,,,,,,
,,,,,,,,,,,,,,,,,,,,,,,,,,,,,,,,,,,,,,,,,,,
,,,,,,,,,,,,,,,,,,,,,,,,,,,,,,,,,,,,,,,,,,,
,,,,,,,,,,,,,,,,,,,,,,,,,,,,,,,,,,,,,,,,,,,
,,,,,,,,,,,,,,,,,,,,,,,,,,,,,,,,,,,,,,,,,,,
,,,,,,,,,,,,,,,,,,,,,,,,,,,,,,,,,,,,,,,,,,,
,,,,,,,,,,,,,,,,,,,,,,,,,,,,,,,,,,,,,,,,,,,
,,,,,,,,,,,,,,,,,,,,,,,,,,,,,,,,,,,,,,,,,,,
,,,,,,,,,,,,,,,,,,,,,,,,,,,,,,,,,,,,,,,,,,,
,,,,,,,,,,,,,,,,,,,,,,,,,,,,,,,,,,,,,,,,,,,
,,,,,,,,,,,,,,,,,,,,,,,,,,,,,,,,,,,,,,,,,,,
,,,,,,,,,,,,,,,,,,,,,,,,,,,,,,,,,,,,,,,,,,,
,,,,,,,,,,,,,,,,,,,,,,,,,,,,,,,,,,,,,,,,,,,
,,,,,,,,,,,,,,,,,,,,,,,,,,,,,,,,,,,,,,,,,,,
,,,,,,,,,,,,,,,,,,,,,,,,,,,,,,,,,,,,,,,,,,,
,,,,,,,,,,,,,,,,,,,,,,,,,,,,,,,,,,,,,,,,,,,
,,,,,,,,,,,,,,,,,,,,,,,,,,,,,,,,,,,,,,,,,,,
,,,,,,,,,,,,,,,,,,,,,,,,,,,,,,,,,,,,,,,,,,,
,,,,,,,,,,,,,,,,,,,,,,,,,,,,,,,,,,,,,,,,,,,
,,,,,,,,,,,,,,,,,,,,,,,,,,,,,,,,,,,,,,,,,,,
,,,,,,,,,,,,,,,,,,,,,,,,,,,,,,,,,,,,,,,,,,,
,,,,,,,,,,,,,,,,,,,,,,,,,,,,,,,,,,,,,,,,,,,
,,,,,,,,,,,,,,,,,,,,,,,,,,,,,,,,,,,,,,,,,,,
,,,,,,,,,,,,,,,,,,,,,,,,,,,,,,,,,,,,,,,,,,,
,,,,,,,,,,,,,,,,,,,,,,,,,,,,,,,,,,,,,,,,,,,
,,,,,,,,,,,,,,,,,,,,,,,,,,,,,,,,,,,,,,,,,,,
,,,,,,,,,,,,,,,,,,,,,,,,,,,,,,,,,,,,,,,,,,,
,,,,,,,,,,,,,,,,,,,,,,,,,,,,,,,,,,,,,,,,,,,
,,,,,,,,,,,,,,,,,,,,,,,,,,,,,,,,,,,,,,,,,,,
,,,,,,,,,,,,,,,,,,,,,,,,,,,,,,,,,,,,,,,,,,,
,,,,,,,,,,,,,,,,,,,,,,,,,,,,,,,,,,,,,,,,,,,
,,,,,,,,,,,,,,,,,,,,,,,,,,,,,,,,,,,,,,,,,,,
,,,,,,,,,,,,,,,,,,,,,,,,,,,,,,,,,,,,,,,,,,,
,,,,,,,,,,,,,,,,,,,,,,,,,,,,,,,,,,,,,,,,,,,
,,,,,,,,,,,,,,,,,,,,,,,,,,,,,,,,,,,,,,,,,,,
,,,,,,,,,,,,,,,,,,,,,,,,,,,,,,,,,,,,,,,,,,,
,,,,,,,,,,,,,,,,,,,,,,,,,,,,,,,,,,,,,,,,,,,
,,,,,,,,,,,,,,,,,,,,,,,,,,,,,,,,,,,,,,,,,,,
,,,,,,,,,,,,,,,,,,,,,,,,,,,,,,,,,,,,,,,,,,,
,,,,,,,,,,,,,,,,,,,,,,,,,,,,,,,,,,,,,,,,,,,
,,,,,,,,,,,,,,,,,,,,,,,,,,,,,,,,,,,,,,,,,,,
,,,,,,,,,,,,,,,,,,,,,,,,,,,,,,,,,,,,,,,,,,,
,,,,,,,,,,,,,,,,,,,,,,,,,,,,,,,,,,,,,,,,,,,
,,,,,,,,,,,,,,,,,,,,,,,,,,,,,,,,,,,,,,,,,,,
,,,,,,,,,,,,,,,,,,,,,,,,,,,,,,,,,,,,,,,,,,,
,,,,,,,,,,,,,,,,,,,,,,,,,,,,,,,,,,,,,,,,,,,
,,,,,,,,,,,,,,,,,,,,,,,,,,,,,,,,,,,,,,,,,,,
,,,,,,,,,,,,,,,,,,,,,,,,,,,,,,,,,,,,,,,,,,,
,,,,,,,,,,,,,,,,,,,,,,,,,,,,,,,,,,,,,,,,,,,
,,,,,,,,,,,,,,,,,,,,,,,,,,,,,,,,,,,,,,,,,,,
,,,,,,,,,,,,,,,,,,,,,,,,,,,,,,,,,,,,,,,,,,,
,,,,,,,,,,,,,,,,,,,,,,,,,,,,,,,,,,,,,,,,,,,
,,,,,,,,,,,,,,,,,,,,,,,,,,,,,,,,,,,,,,,,,,,
,,,,,,,,,,,,,,,,,,,,,,,,,,,,,,,,,,,,,,,,,,,
,,,,,,,,,,,,,,,,,,,,,,,,,,,,,,,,,,,,,,,,,,,
,,,,,,,,,,,,,,,,,,,,,,,,,,,,,,,,,,,,,,,,,,,
,,,,,,,,,,,,,,,,,,,,,,,,,,,,,,,,,,,,,,,,,,,
,,,,,,,,,,,,,,,,,,,,,,,,,,,,,,,,,,,,,,,,,,,
,,,,,,,,,,,,,,,,,,,,,,,,,,,,,,,,,,,,,,,,,,,
,,,,,,,,,,,,,,,,,,,,,,,,,,,,,,,,,,,,,,,,,,,
,,,,,,,,,,,,,,,,,,,,,,,,,,,,,,,,,,,,,,,,,,,
,,,,,,,,,,,,,,,,,,,,,,,,,,,,,,,,,,,,,,,,,,,
,,,,,,,,,,,,,,,,,,,,,,,,,,,,,,,,,,,,,,,,,,,
,,,,,,,,,,,,,,,,,,,,,,,,,,,,,,,,,,,,,,,,,,,
,,,,,,,,,,,,,,,,,,,,,,,,,,,,,,,,,,,,,,,,,,,
,,,,,,,,,,,,,,,,,,,,,,,,,,,,,,,,,,,,,,,,,,,
,,,,,,,,,,,,,,,,,,,,,,,,,,,,,,,,,,,,,,,,,,,
,,,,,,,,,,,,,,,,,,,,,,,,,,,,,,,,,,,,,,,,,,,
,,,,,,,,,,,,,,,,,,,,,,,,,,,,,,,,,,,,,,,,,,,
,,,,,,,,,,,,,,,,,,,,,,,,,,,,,,,,,,,,,,,,,,,
,,,,,,,,,,,,,,,,,,,,,,,,,,,,,,,,,,,,,,,,,,,
,,,,,,,,,,,,,,,,,,,,,,,,,,,,,,,,,,,,,,,,,,,
,,,,,,,,,,,,,,,,,,,,,,,,,,,,,,,,,,,,,,,,,,,
,,,,,,,,,,,,,,,,,,,,,,,,,,,,,,,,,,,,,,,,,,,
,,,,,,,,,,,,,,,,,,,,,,,,,,,,,,,,,,,,,,,,,,,
,,,,,,,,,,,,,,,,,,,,,,,,,,,,,,,,,,,,,,,,,,,
,,,,,,,,,,,,,,,,,,,,,,,,,,,,,,,,,,,,,,,,,,,
,,,,,,,,,,,,,,,,,,,,,,,,,,,,,,,,,,,,,,,,,,,
,,,,,,,,,,,,,,,,,,,,,,,,,,,,,,,,,,,,,,,,,,,
,,,,,,,,,,,,,,,,,,,,,,,,,,,,,,,,,,,,,,,,,,,
,,,,,,,,,,,,,,,,,,,,,,,,,,,,,,,,,,,,,,,,,,,
,,,,,,,,,,,,,,,,,,,,,,,,,,,,,,,,,,,,,,,,,,,
,,,,,,,,,,,,,,,,,,,,,,,,,,,,,,,,,,,,,,,,,,,
,,,,,,,,,,,,,,,,,,,,,,,,,,,,,,,,,,,,,,,,,,,
,,,,,,,,,,,,,,,,,,,,,,,,,,,,,,,,,,,,,,,,,,,
,,,,,,,,,,,,,,,,,,,,,,,,,,,,,,,,,,,,,,,,,,,
,,,,,,,,,,,,,,,,,,,,,,,,,,,,,,,,,,,,,,,,,,,
,,,,,,,,,,,,,,,,,,,,,,,,,,,,,,,,,,,,,,,,,,,
,,,,,,,,,,,,,,,,,,,,,,,,,,,,,,,,,,,,,,,,,,,
,,,,,,,,,,,,,,,,,,,,,,,,,,,,,,,,,,,,,,,,,,,
,,,,,,,,,,,,,,,,,,,,,,,,,,,,,,,,,,,,,,,,,,,
,,,,,,,,,,,,,,,,,,,,,,,,,,,,,,,,,,,,,,,,,,,
,,,,,,,,,,,,,,,,,,,,,,,,,,,,,,,,,,,,,,,,,,,
,,,,,,,,,,,,,,,,,,,,,,,,,,,,,,,,,,,,,,,,,,,
,,,,,,,,,,,,,,,,,,,,,,,,,,,,,,,,,,,,,,,,,,,
,,,,,,,,,,,,,,,,,,,,,,,,,,,,,,,,,,,,,,,,,,,
,,,,,,,,,,,,,,,,,,,,,,,,,,,,,,,,,,,,,,,,,,,
,,,,,,,,,,,,,,,,,,,,,,,,,,,,,,,,,,,,,,,,,,,
,,,,,,,,,,,,,,,,,,,,,,,,,,,,,,,,,,,,,,,,,,,
,,,,,,,,,,,,,,,,,,,,,,,,,,,,,,,,,,,,,,,,,,,
,,,,,,,,,,,,,,,,,,,,,,,,,,,,,,,,,,,,,,,,,,,
,,,,,,,,,,,,,,,,,,,,,,,,,,,,,,,,,,,,,,,,,,,
,,,,,,,,,,,,,,,,,,,,,,,,,,,,,,,,,,,,,,,,,,,
,,,,,,,,,,,,,,,,,,,,,,,,,,,,,,,,,,,,,,,,,,,
,,,,,,,,,,,,,,,,,,,,,,,,,,,,,,,,,,,,,,,,,,,
,,,,,,,,,,,,,,,,,,,,,,,,,,,,,,,,,,,,,,,,,,,
,,,,,,,,,,,,,,,,,,,,,,,,,,,,,,,,,,,,,,,,,,,
,,,,,,,,,,,,,,,,,,,,,,,,,,,,,,,,,,,,,,,,,,,
,,,,,,,,,,,,,,,,,,,,,,,,,,,,,,,,,,,,,,,,,,,
,,,,,,,,,,,,,,,,,,,,,,,,,,,,,,,,,,,,,,,,,,,
,,,,,,,,,,,,,,,,,,,,,,,,,,,,,,,,,,,,,,,,,,,
,,,,,,,,,,,,,,,,,,,,,,,,,,,,,,,,,,,,,,,,,,,
,,,,,,,,,,,,,,,,,,,,,,,,,,,,,,,,,,,,,,,,,,,
,,,,,,,,,,,,,,,,,,,,,,,,,,,,,,,,,,,,,,,,,,,
,,,,,,,,,,,,,,,,,,,,,,,,,,,,,,,,,,,,,,,,,,,
,,,,,,,,,,,,,,,,,,,,,,,,,,,,,,,,,,,,,,,,,,,
,,,,,,,,,,,,,,,,,,,,,,,,,,,,,,,,,,,,,,,,,,,
,,,,,,,,,,,,,,,,,,,,,,,,,,,,,,,,,,,,,,,,,,,
,,,,,,,,,,,,,,,,,,,,,,,,,,,,,,,,,,,,,,,,,,,
,,,,,,,,,,,,,,,,,,,,,,,,,,,,,,,,,,,,,,,,,,,
,,,,,,,,,,,,,,,,,,,,,,,,,,,,,,,,,,,,,,,,,,,
,,,,,,,,,,,,,,,,,,,,,,,,,,,,,,,,,,,,,,,,,,,
,,,,,,,,,,,,,,,,,,,,,,,,,,,,,,,,,,,,,,,,,,,
,,,,,,,,,,,,,,,,,,,,,,,,,,,,,,,,,,,,,,,,,,,
,,,,,,,,,,,,,,,,,,,,,,,,,,,,,,,,,,,,,,,,,,,
,,,,,,,,,,,,,,,,,,,,,,,,,,,,,,,,,,,,,,,,,,,
,,,,,,,,,,,,,,,,,,,,,,,,,,,,,,,,,,,,,,,,,,,
,,,,,,,,,,,,,,,,,,,,,,,,,,,,,,,,,,,,,,,,,,,
,,,,,,,,,,,,,,,,,,,,,,,,,,,,,,,,,,,,,,,,,,,
,,,,,,,,,,,,,,,,,,,,,,,,,,,,,,,,,,,,,,,,,,,
,,,,,,,,,,,,,,,,,,,,,,,,,,,,,,,,,,,,,,,,,,,
,,,,,,,,,,,,,,,,,,,,,,,,,,,,,,,,,,,,,,,,,,,
,,,,,,,,,,,,,,,,,,,,,,,,,,,,,,,,,,,,,,,,,,,
,,,,,,,,,,,,,,,,,,,,,,,,,,,,,,,,,,,,,,,,,,,
,,,,,,,,,,,,,,,,,,,,,,,,,,,,,,,,,,,,,,,,,,,
,,,,,,,,,,,,,,,,,,,,,,,,,,,,,,,,,,,,,,,,,,,
,,,,,,,,,,,,,,,,,,,,,,,,,,,,,,,,,,,,,,,,,,,
,,,,,,,,,,,,,,,,,,,,,,,,,,,,,,,,,,,,,,,,,,,
,,,,,,,,,,,,,,,,,,,,,,,,,,,,,,,,,,,,,,,,,,,
,,,,,,,,,,,,,,,,,,,,,,,,,,,,,,,,,,,,,,,,,,,
,,,,,,,,,,,,,,,,,,,,,,,,,,,,,,,,,,,,,,,,,,,
,,,,,,,,,,,,,,,,,,,,,,,,,,,,,,,,,,,,,,,,,,,
,,,,,,,,,,,,,,,,,,,,,,,,,,,,,,,,,,,,,,,,,,,
,,,,,,,,,,,,,,,,,,,,,,,,,,,,,,,,,,,,,,,,,,,
,,,,,,,,,,,,,,,,,,,,,,,,,,,,,,,,,,,,,,,,,,,
,,,,,,,,,,,,,,,,,,,,,,,,,,,,,,,,,,,,,,,,,,,
,,,,,,,,,,,,,,,,,,,,,,,,,,,,,,,,,,,,,,,,,,,
,,,,,,,,,,,,,,,,,,,,,,,,,,,,,,,,,,,,,,,,,,,
,,,,,,,,,,,,,,,,,,,,,,,,,,,,,,,,,,,,,,,,,,,
,,,,,,,,,,,,,,,,,,,,,,,,,,,,,,,,,,,,,,,,,,,
,,,,,,,,,,,,,,,,,,,,,,,,,,,,,,,,,,,,,,,,,,,
,,,,,,,,,,,,,,,,,,,,,,,,,,,,,,,,,,,,,,,,,,,
,,,,,,,,,,,,,,,,,,,,,,,,,,,,,,,,,,,,,,,,,,,
,,,,,,,,,,,,,,,,,,,,,,,,,,,,,,,,,,,,,,,,,,,
,,,,,,,,,,,,,,,,,,,,,,,,,,,,,,,,,,,,,,,,,,,
,,,,,,,,,,,,,,,,,,,,,,,,,,,,,,,,,,,,,,,,,,,
,,,,,,,,,,,,,,,,,,,,,,,,,,,,,,,,,,,,,,,,,,,
,,,,,,,,,,,,,,,,,,,,,,,,,,,,,,,,,,,,,,,,,,,
,,,,,,,,,,,,,,,,,,,,,,,,,,,,,,,,,,,,,,,,,,,
,,,,,,,,,,,,,,,,,,,,,,,,,,,,,,,,,,,,,,,,,,,
,,,,,,,,,,,,,,,,,,,,,,,,,,,,,,,,,,,,,,,,,,,
,,,,,,,,,,,,,,,,,,,,,,,,,,,,,,,,,,,,,,,,,,,
,,,,,,,,,,,,,,,,,,,,,,,,,,,,,,,,,,,,,,,,,,,
,,,,,,,,,,,,,,,,,,,,,,,,,,,,,,,,,,,,,,,,,,,
,,,,,,,,,,,,,,,,,,,,,,,,,,,,,,,,,,,,,,,,,,,
,,,,,,,,,,,,,,,,,,,,,,,,,,,,,,,,,,,,,,,,,,,
,,,,,,,,,,,,,,,,,,,,,,,,,,,,,,,,,,,,,,,,,,,
,,,,,,,,,,,,,,,,,,,,,,,,,,,,,,,,,,,,,,,,,,,
,,,,,,,,,,,,,,,,,,,,,,,,,,,,,,,,,,,,,,,,,,,
,,,,,,,,,,,,,,,,,,,,,,,,,,,,,,,,,,,,,,,,,,,
,,,,,,,,,,,,,,,,,,,,,,,,,,,,,,,,,,,,,,,,,,,
,,,,,,,,,,,,,,,,,,,,,,,,,,,,,,,,,,,,,,,,,,,
,,,,,,,,,,,,,,,,,,,,,,,,,,,,,,,,,,,,,,,,,,,
,,,,,,,,,,,,,,,,,,,,,,,,,,,,,,,,,,,,,,,,,,,
,,,,,,,,,,,,,,,,,,,,,,,,,,,,,,,,,,,,,,,,,,,
,,,,,,,,,,,,,,,,,,,,,,,,,,,,,,,,,,,,,,,,,,,
,,,,,,,,,,,,,,,,,,,,,,,,,,,,,,,,,,,,,,,,,,,
,,,,,,,,,,,,,,,,,,,,,,,,,,,,,,,,,,,,,,,,,,,
,,,,,,,,,,,,,,,,,,,,,,,,,,,,,,,,,,,,,,,,,,,
,,,,,,,,,,,,,,,,,,,,,,,,,,,,,,,,,,,,,,,,,,,
,,,,,,,,,,,,,,,,,,,,,,,,,,,,,,,,,,,,,,,,,,,
,,,,,,,,,,,,,,,,,,,,,,,,,,,,,,,,,,,,,,,,,,,
,,,,,,,,,,,,,,,,,,,,,,,,,,,,,,,,,,,,,,,,,,,
,,,,,,,,,,,,,,,,,,,,,,,,,,,,,,,,,,,,,,,,,,,
,,,,,,,,,,,,,,,,,,,,,,,,,,,,,,,,,,,,,,,,,,,
,,,,,,,,,,,,,,,,,,,,,,,,,,,,,,,,,,,,,,,,,,,
,,,,,,,,,,,,,,,,,,,,,,,,,,,,,,,,,,,,,,,,,,,
,,,,,,,,,,,,,,,,,,,,,,,,,,,,,,,,,,,,,,,,,,,
,,,,,,,,,,,,,,,,,,,,,,,,,,,,,,,,,,,,,,,,,,,
,,,,,,,,,,,,,,,,,,,,,,,,,,,,,,,,,,,,,,,,,,,
,,,,,,,,,,,,,,,,,,,,,,,,,,,,,,,,,,,,,,,,,,,
,,,,,,,,,,,,,,,,,,,,,,,,,,,,,,,,,,,,,,,,,,,
,,,,,,,,,,,,,,,,,,,,,,,,,,,,,,,,,,,,,,,,,,,
,,,,,,,,,,,,,,,,,,,,,,,,,,,,,,,,,,,,,,,,,,,
,,,,,,,,,,,,,,,,,,,,,,,,,,,,,,,,,,,,,,,,,,,
,,,,,,,,,,,,,,,,,,,,,,,,,,,,,,,,,,,,,,,,,,,
,,,,,,,,,,,,,,,,,,,,,,,,,,,,,,,,,,,,,,,,,,,
,,,,,,,,,,,,,,,,,,,,,,,,,,,,,,,,,,,,,,,,,,,
,,,,,,,,,,,,,,,,,,,,,,,,,,,,,,,,,,,,,,,,,,,
,,,,,,,,,,,,,,,,,,,,,,,,,,,,,,,,,,,,,,,,,,,
,,,,,,,,,,,,,,,,,,,,,,,,,,,,,,,,,,,,,,,,,,,
,,,,,,,,,,,,,,,,,,,,,,,,,,,,,,,,,,,,,,,,,,,
,,,,,,,,,,,,,,,,,,,,,,,,,,,,,,,,,,,,,,,,,,,
,,,,,,,,,,,,,,,,,,,,,,,,,,,,,,,,,,,,,,,,,,,
,,,,,,,,,,,,,,,,,,,,,,,,,,,,,,,,,,,,,,,,,,,
,,,,,,,,,,,,,,,,,,,,,,,,,,,,,,,,,,,,,,,,,,,
,,,,,,,,,,,,,,,,,,,,,,,,,,,,,,,,,,,,,,,,,,,
,,,,,,,,,,,,,,,,,,,,,,,,,,,,,,,,,,,,,,,,,,,
,,,,,,,,,,,,,,,,,,,,,,,,,,,,,,,,,,,,,,,,,,,
,,,,,,,,,,,,,,,,,,,,,,,,,,,,,,,,,,,,,,,,,,,
,,,,,,,,,,,,,,,,,,,,,,,,,,,,,,,,,,,,,,,,,,,
,,,,,,,,,,,,,,,,,,,,,,,,,,,,,,,,,,,,,,,,,,,
,,,,,,,,,,,,,,,,,,,,,,,,,,,,,,,,,,,,,,,,,,,
,,,,,,,,,,,,,,,,,,,,,,,,,,,,,,,,,,,,,,,,,,,
,,,,,,,,,,,,,,,,,,,,,,,,,,,,,,,,,,,,,,,,,,,
,,,,,,,,,,,,,,,,,,,,,,,,,,,,,,,,,,,,,,,,,,,
,,,,,,,,,,,,,,,,,,,,,,,,,,,,,,,,,,,,,,,,,,,
,,,,,,,,,,,,,,,,,,,,,,,,,,,,,,,,,,,,,,,,,,,
,,,,,,,,,,,,,,,,,,,,,,,,,,,,,,,,,,,,,,,,,,,
,,,,,,,,,,,,,,,,,,,,,,,,,,,,,,,,,,,,,,,,,,,
,,,,,,,,,,,,,,,,,,,,,,,,,,,,,,,,,,,,,,,,,,,
,,,,,,,,,,,,,,,,,,,,,,,,,,,,,,,,,,,,,,,,,,,
,,,,,,,,,,,,,,,,,,,,,,,,,,,,,,,,,,,,,,,,,,,
,,,,,,,,,,,,,,,,,,,,,,,,,,,,,,,,,,,,,,,,,,,
,,,,,,,,,,,,,,,,,,,,,,,,,,,,,,,,,,,,,,,,,,,
,,,,,,,,,,,,,,,,,,,,,,,,,,,,,,,,,,,,,,,,,,,
,,,,,,,,,,,,,,,,,,,,,,,,,,,,,,,,,,,,,,,,,,,
,,,,,,,,,,,,,,,,,,,,,,,,,,,,,,,,,,,,,,,,,,,
,,,,,,,,,,,,,,,,,,,,,,,,,,,,,,,,,,,,,,,,,,,
,,,,,,,,,,,,,,,,,,,,,,,,,,,,,,,,,,,,,,,,,,,
,,,,,,,,,,,,,,,,,,,,,,,,,,,,,,,,,,,,,,,,,,,
,,,,,,,,,,,,,,,,,,,,,,,,,,,,,,,,,,,,,,,,,,,
,,,,,,,,,,,,,,,,,,,,,,,,,,,,,,,,,,,,,,,,,,,
,,,,,,,,,,,,,,,,,,,,,,,,,,,,,,,,,,,,,,,,,,,
,,,,,,,,,,,,,,,,,,,,,,,,,,,,,,,,,,,,,,,,,,,
,,,,,,,,,,,,,,,,,,,,,,,,,,,,,,,,,,,,,,,,,,,
,,,,,,,,,,,,,,,,,,,,,,,,,,,,,,,,,,,,,,,,,,,
,,,,,,,,,,,,,,,,,,,,,,,,,,,,,,,,,,,,,,,,,,,
,,,,,,,,,,,,,,,,,,,,,,,,,,,,,,,,,,,,,,,,,,,
,,,,,,,,,,,,,,,,,,,,,,,,,,,,,,,,,,,,,,,,,,,
,,,,,,,,,,,,,,,,,,,,,,,,,,,,,,,,,,,,,,,,,,,
,,,,,,,,,,,,,,,,,,,,,,,,,,,,,,,,,,,,,,,,,,,
,,,,,,,,,,,,,,,,,,,,,,,,,,,,,,,,,,,,,,,,,,,
,,,,,,,,,,,,,,,,,,,,,,,,,,,,,,,,,,,,,,,,,,,
,,,,,,,,,,,,,,,,,,,,,,,,,,,,,,,,,,,,,,,,,,,
,,,,,,,,,,,,,,,,,,,,,,,,,,,,,,,,,,,,,,,,,,,
,,,,,,,,,,,,,,,,,,,,,,,,,,,,,,,,,,,,,,,,,,,
,,,,,,,,,,,,,,,,,,,,,,,,,,,,,,,,,,,,,,,,,,,
,,,,,,,,,,,,,,,,,,,,,,,,,,,,,,,,,,,,,,,,,,,
,,,,,,,,,,,,,,,,,,,,,,,,,,,,,,,,,,,,,,,,,,,
,,,,,,,,,,,,,,,,,,,,,,,,,,,,,,,,,,,,,,,,,,,
,,,,,,,,,,,,,,,,,,,,,,,,,,,,,,,,,,,,,,,,,,,
,,,,,,,,,,,,,,,,,,,,,,,,,,,,,,,,,,,,,,,,,,,
,,,,,,,,,,,,,,,,,,,,,,,,,,,,,,,,,,,,,,,,,,,
,,,,,,,,,,,,,,,,,,,,,,,,,,,,,,,,,,,,,,,,,,,
,,,,,,,,,,,,,,,,,,,,,,,,,,,,,,,,,,,,,,,,,,,
,,,,,,,,,,,,,,,,,,,,,,,,,,,,,,,,,,,,,,,,,,,
,,,,,,,,,,,,,,,,,,,,,,,,,,,,,,,,,,,,,,,,,,,
,,,,,,,,,,,,,,,,,,,,,,,,,,,,,,,,,,,,,,,,,,,
,,,,,,,,,,,,,,,,,,,,,,,,,,,,,,,,,,,,,,,,,,,
,,,,,,,,,,,,,,,,,,,,,,,,,,,,,,,,,,,,,,,,,,,
,,,,,,,,,,,,,,,,,,,,,,,,,,,,,,,,,,,,,,,,,,,
,,,,,,,,,,,,,,,,,,,,,,,,,,,,,,,,,,,,,,,,,,,
,,,,,,,,,,,,,,,,,,,,,,,,,,,,,,,,,,,,,,,,,,,
,,,,,,,,,,,,,,,,,,,,,,,,,,,,,,,,,,,,,,,,,,,
,,,,,,,,,,,,,,,,,,,,,,,,,,,,,,,,,,,,,,,,,,,
,,,,,,,,,,,,,,,,,,,,,,,,,,,,,,,,,,,,,,,,,,,
,,,,,,,,,,,,,,,,,,,,,,,,,,,,,,,,,,,,,,,,,,,
,,,,,,,,,,,,,,,,,,,,,,,,,,,,,,,,,,,,,,,,,,,
,,,,,,,,,,,,,,,,,,,,,,,,,,,,,,,,,,,,,,,,,,,
,,,,,,,,,,,,,,,,,,,,,,,,,,,,,,,,,,,,,,,,,,,
,,,,,,,,,,,,,,,,,,,,,,,,,,,,,,,,,,,,,,,,,,,
,,,,,,,,,,,,,,,,,,,,,,,,,,,,,,,,,,,,,,,,,,,
,,,,,,,,,,,,,,,,,,,,,,,,,,,,,,,,,,,,,,,,,,,
,,,,,,,,,,,,,,,,,,,,,,,,,,,,,,,,,,,,,,,,,,,
,,,,,,,,,,,,,,,,,,,,,,,,,,,,,,,,,,,,,,,,,,,
,,,,,,,,,,,,,,,,,,,,,,,,,,,,,,,,,,,,,,,,,,,
,,,,,,,,,,,,,,,,,,,,,,,,,,,,,,,,,,,,,,,,,,,
,,,,,,,,,,,,,,,,,,,,,,,,,,,,,,,,,,,,,,,,,,,
,,,,,,,,,,,,,,,,,,,,,,,,,,,,,,,,,,,,,,,,,,,
,,,,,,,,,,,,,,,,,,,,,,,,,,,,,,,,,,,,,,,,,,,
,,,,,,,,,,,,,,,,,,,,,,,,,,,,,,,,,,,,,,,,,,,
,,,,,,,,,,,,,,,,,,,,,,,,,,,,,,,,,,,,,,,,,,,
,,,,,,,,,,,,,,,,,,,,,,,,,,,,,,,,,,,,,,,,,,,
,,,,,,,,,,,,,,,,,,,,,,,,,,,,,,,,,,,,,,,,,,,
,,,,,,,,,,,,,,,,,,,,,,,,,,,,,,,,,,,,,,,,,,,
,,,,,,,,,,,,,,,,,,,,,,,,,,,,,,,,,,,,,,,,,,,
,,,,,,,,,,,,,,,,,,,,,,,,,,,,,,,,,,,,,,,,,,,
,,,,,,,,,,,,,,,,,,,,,,,,,,,,,,,,,,,,,,,,,,,
,,,,,,,,,,,,,,,,,,,,,,,,,,,,,,,,,,,,,,,,,,,
,,,,,,,,,,,,,,,,,,,,,,,,,,,,,,,,,,,,,,,,,,,
,,,,,,,,,,,,,,,,,,,,,,,,,,,,,,,,,,,,,,,,,,,
,,,,,,,,,,,,,,,,,,,,,,,,,,,,,,,,,,,,,,,,,,,
,,,,,,,,,,,,,,,,,,,,,,,,,,,,,,,,,,,,,,,,,,,
,,,,,,,,,,,,,,,,,,,,,,,,,,,,,,,,,,,,,,,,,,,
,,,,,,,,,,,,,,,,,,,,,,,,,,,,,,,,,,,,,,,,,,,
,,,,,,,,,,,,,,,,,,,,,,,,,,,,,,,,,,,,,,,,,,,
,,,,,,,,,,,,,,,,,,,,,,,,,,,,,,,,,,,,,,,,,,,
,,,,,,,,,,,,,,,,,,,,,,,,,,,,,,,,,,,,,,,,,,,
,,,,,,,,,,,,,,,,,,,,,,,,,,,,,,,,,,,,,,,,,,,
,,,,,,,,,,,,,,,,,,,,,,,,,,,,,,,,,,,,,,,,,,,
,,,,,,,,,,,,,,,,,,,,,,,,,,,,,,,,,,,,,,,,,,,
