11????,,,,3 digits,0~999999,0~200,0~999,,(501~560),(69~89),,????STB,,,,,Condition Ability 1,Condition 2,Reward Ability 2,Reward 2,Function names,file_effect,,,Cooldown Group,Cooldown Time,Condition Ability 2,Condition 2,Reward Ability 2,Reward 2,Combat Block,Seasonal Event,LUA,PvP Block,Confirm,Name Strings
Health Vial (S),,,,311,100,1,1,30,5239,110,584,,,,,9,,,16,200,,143,548,2,1,1,,,,,,,,,,LUSE001
Health Vial (M),,,,311,220,2,1,30,5240,111,584,,,,,9,,,16,400,,143,548,2,1,1,,,,,,,,,,LUSE002
Health Vial (L),,,,311,480,3,1,30,5241,112,584,,,,,9,,,16,800,,143,548,2,1,1,,,,,,,,,,LUSE003
Health Bottle (S),,,,311,270,2,1,50,5242,118,584,,,,,9,,,16,300,,143,548,3,1,1,,,,,,,,,,LUSE004
Health Bottle (M),,,,311,570,3,1,50,5243,119,584,,,,,9,,,16,600,,143,548,3,1,1,,,,,,,,,,LUSE005
Health Bottle (L),,,,311,1000,4,1,50,5244,120,584,,,,,9,,,16,1000,,143,548,3,1,1,,,,,,,,,,LUSE006
Herbal Medicine (S),,,,311,175,2,1,30,5275,118,584,,,,,9,,,16,500,,143,547,1,1,1,,,,,,,,,,LUSE007
Herbal Medicine (M),,,,311,263,2,1,30,5276,118,584,,,,,9,,,16,700,,143,547,1,1,1,,,,,,,,,,LUSE008
Herbal Medicine (L),,,,311,400,3,1,30,8994,118,584,,,,,9,,,16,1000,,143,547,1,1,1,,,,,,,,,,LUSE009
Vital Water (S),,,,311,450,1,1,70,5246,118,584,,,,,9,,,16,250,,141,548,,5,,,,,,,,,,,LUSE010
Vital Water (M),,,,311,950,1,1,75,5247,118,584,,,,,9,,,16,500,,141,548,,5,,,,,,,,,,,LUSE011
Vital Water (L),,,,311,1500,1,1,80,5248,118,584,,,,,9,,,16,750,,141,548,,5,,,,,,,,,,,LUSE012
Vital Water (XL),,,,311,2100,1,1,85,5249,118,584,,,,,9,,,16,1000,,141,548,,5,,,,,,,,,,,LUSE013
Vital Water (XXL),,,,311,3000,1,1,90,5250,118,584,,,,,9,,,16,1250,,141,548,,5,,,,,,,,,,,LUSE014
,,,,311,0,1,1,,,,584,,,,,9,,,16,,,140,548,,,,,,,,,,,,,
,,,,311,0,1,1,,,,584,,,,,9,,,16,,,140,548,,,,,,,,,,,,,
,,,,311,0,1,1,,,,584,,,,,9,,,16,,,140,548,,,,,,,,,,,,,
,,,,311,0,0,1,,,,584,,,,,9,,,16,,,140,548,,,,,,,,,,,,,
Red Pill,,,6,311,1000,1,1,90,1590,118,584,,,,,9,,,16,2000,,147,548,,5,,,,,,,,,,,LUSE019
,,,,311,0,0,1,,,,584,,,,,9,,,16,,,140,548,,,,,,,,,,,,,
Mana Vial (S),,,,311,150,1,1,30,5252,113,584,,,,,9,,,17,150,,144,548,5,1,1,,,,,,,,,,LUSE021
Mana Vial (M),,,,311,330,2,1,30,5253,114,584,,,,,9,,,17,300,,144,548,5,1,1,,,,,,,,,,LUSE022
Mana Vial (L),,,,311,600,3,1,30,5254,115,584,,,,,9,,,17,500,,144,548,5,1,1,,,,,,,,,,LUSE023
Mana Bottle (S),,,,311,300,2,1,50,5255,121,584,,,,,9,,,17,200,,144,548,6,1,1,,,,,,,,,,LUSE024
Mana Bottle (M),,,,311,640,3,1,50,5256,122,584,,,,,9,,,17,400,,144,548,6,1,1,,,,,,,,,,LUSE025
Mana Bottle (L),,,,311,1190,4,1,50,5257,123,584,,,,,9,,,17,700,,144,548,6,1,1,,,,,,,,,,LUSE026
Silver Pilules,,,,311,100,3,1,60,1593,115,584,,,,,9,,,17,50,,142,547,,1,1,,,,,,,,,,LUSE027
Golden Pilules,,,,311,220,4,1,65,1594,121,584,,,,,9,,,17,100,,142,547,,1,1,,,,,,,,,,LUSE028
Spiritual Water (S),,,,311,500,1,1,70,5259,121,584,,,,,9,,,17,200,,142,548,,8,,,,,,,,,,,LUSE029
Spiritual Water (M),,,,311,1080,1,1,75,5260,121,584,,,,,9,,,17,400,,142,548,,8,,,,,,,,,,,LUSE030
Spiritual Water (L),,,,311,1740,1,1,80,5261,121,584,,,,,9,,,17,600,,142,548,,8,,,,,,,,,,,LUSE031
Spiritual Water (XL),,,,311,2480,1,1,85,5262,121,584,,,,,9,,,17,800,,142,548,,8,,,,,,,,,,,LUSE032
Spiritual Water (XXL),,,,311,3390,1,1,90,5263,121,584,,,,,9,,,17,1000,,142,548,,8,,,,,,,,,,,LUSE033
,,,,311,0,,1,,,,584,,,,,9,,,,,,140,548,,,,,,,,,,,,,
Health Bottle (XL),,,,311,2300,4,1,55,5245,120,584,,,,,9,,,16,2000,,143,548,3,1,1,,,,,,,,,,LUSE035
Mana Bottle (XL),,,,311,2450,4,1,55,5258,123,584,,,,,9,,,17,2000,,144,548,6,1,1,,,,,,,,,,LUSE036
,,,,311,0,,1,,,,584,,,,,9,,,,,,140,548,,,,,,,,,,,,,
,,,,311,0,,1,,,,584,,,,,9,,,,,,140,548,,,,,,,,,,,,,
Blue Pill,,,6,311,1000,1,1,90,5289,118,584,,,,,9,,,17,2000,,148,548,,8,,,,,,,,,,,LUSE039
,,,,311,0,,1,,,,584,,,,,9,,,,,,140,548,,,,,,,,,,,,,
Flanae Root,,,,311,50,2,1,30,1599,116,584,,,,,9,,,16,100,,143,548,2,1,1,,,,,,,,,,LUSE041
Tree Sap,,,,311,110,2,1,40,1600,124,584,,,,,9,,,16,200,,143,548,2,1,1,,,,,,,,,,LUSE042
Royal Jelly,,,,312,210,2,1,50,1604,113,584,,,,,10,,,17,200,,144,548,5,1,1,,,,,,,,,,LUSE043
Sweet Honey,,,,312,140,5,1,50,1601,141,584,,,,,10,,,17,100,,144,547,6,1,1,,,,,,,,,,LUSE044
Red Jelly,,,,312,180,2,1,50,9146,125,584,,,,,9,,,16,170,,143,548,2,1,1,,,,,,,,,,LUSE045
,,,,311,0,2,1,90,44,126,584,,,,,9,,,,,,140,548,,,,,,,,,,,,,
,,,,311,0,2,1,90,44,126,584,,,,,9,,,,,,140,548,,,,,,,,,,,,,
,,,,311,0,2,1,10,44,131,584,,,,,9,,,,,,140,548,,,,,,,,,,,,,
Health Bottle (S),,,,311,270,2,1,50,5242,118,584,,,,,9,,,16,300,,140,548,3,1,1,,,,,,,,,,LUSE004
,,,,311,0,2,1,30,44,128,584,,,,,9,,,,,,140,547,,,,,,,,,,,,,
Mana Jam (+1),,,6,311,2000,1,1,10,1602,117,584,,,,,,,,37,1,,140,548,,1,1,,,,,,,,,,LUSE051
Mana Jam (+2),,,6,311,4000,1,1,20,1602,117,584,,,,,,,,37,2,,140,548,,1,1,,,,,,,,,,LUSE052
Mana Jam (+5),,,6,311,10000,1,1,30,1602,117,584,,,,,,,,37,5,,140,548,,1,1,,,,,,,,,,LUSE053
Mana Jam (+10),,,6,311,20000,1,1,40,1602,117,584,,,,,,,,37,10,,140,548,,1,1,,,,,,,,,,LUSE054
Mana Jam (+20),,,6,311,40000,1,1,50,1602,117,584,,,,,,,,37,20,,140,548,,1,1,,,,,,,,,,LUSE055
Vital Jam (+1),,,,311,120,1,1,10,5265,116,584,,,,,,,,76,100,,146,548,,,,,,,,,,,,,LUSE056
Vital Jam (+2),,,,311,248,1,1,20,5266,116,584,,,,,,,,76,200,,146,548,,,,,,,,,,,,,LUSE057
Vital Jam (+5),,,,311,640,1,1,30,5267,116,584,,,,,,,,76,500,,146,548,,,,,,,,,,,,,LUSE058
Vital Jam (+10),,,,311,1360,1,1,40,5268,116,584,,,,,,,,76,1000,,146,548,,,,,,,,,,,,,LUSE059
Vital Jam (+20),,,,311,2800,1,1,50,1603,116,584,,,,,,,,76,2000,,146,548,,,,,,,,,,,,,LUSE060
Vital Jam (+50),,,,311,5400,1,1,60,1603,116,584,,,,,,,,76,5000,,146,548,,,,,,,,,,,,,LUSE061
,,,,,,,,,,,584,,,,,,,,,,,,,,,,,,,,,,,,,
Vital Water (S),,,,311,1,1,1,70,1589,118,584,,,,5,9,,,16,250,,140,548,,5,,,,,,,,,,,LUSE010
Vital Water (M),,,,311,1,1,1,75,1589,118,584,,,,8,9,,,16,500,,140,548,,5,,,,,,,,,,,LUSE011
Vital Water (L),,,,311,1,1,1,80,1589,118,584,,,,10,9,,,16,750,,140,548,,5,,,,,,,,,,,LUSE012
Vital Water (XL),,,,311,1,1,1,85,1589,118,584,,,,12,9,,,16,1000,,140,548,,5,,,,,,,,,,,LUSE013
Vital Water (XXL),,,,311,1,1,1,90,1589,118,584,,,,15,9,,,16,1250,,140,548,,5,,,,,,,,,,,LUSE014
,,,,,,,,,,,584,,,,,,,,,,,,,,,,,,,,,,,,,
,,,,,,,,,,,584,,,,,,,,,,,,,,,,,,,,,,,,,
,,,,,,,,,,,584,,,,,,,,,,,,,,,,,,,,,,,,,
,,,,,,,,,,,584,,,,,,,,,,,,,,,,,,,,,,,,,
,,,,,,,,,,,584,,,,,,,,,,,,,,,,,,,,,,,,,
,,,,,,,,,,,584,,,,,,,,,,,,,,,,,,,,,,,,,
,,,,,,,,,,,584,,,,,,,,,,,,,,,,,,,,,,,,,
,,,,,,,,,,,584,,,,,,,,,,,,,,,,,,,,,,,,,
,,,,,,,,,,,584,,,,,,,,,,,,,,,,,,,,,,,,,
???????? ????,,,2,313,0,0,0,0,2315,251,584,,,,,,,,,,,140,548,,1,1,,,,,,,,,,LUSE077
,,,,,,,,,,,,,,,,,,,,,,,,,,,,,,,,,,,,
,,,,,,,,,,,,,,,,,,,,,,,,,,,,,,,,,,,,
Frenzy,,,6,313,0,5,1,23,4715,80,579,,,,,,14,800,,3160,,,,,1,1,,,,,,,,,,LUSE080
Haste,,,6,313,0,5,1,23,4716,81,579,,,,,,14,800,,3162,,,,,1,1,,,,,,,,,,LUSE081
Evade,,,6,313,0,5,1,23,4713,82,579,,,,,,14,800,,3161,,,,,1,1,,,,,,,,,,LUSE082
Force,,,6,313,0,5,1,23,4714,83,579,,,,,,14,800,,3163,,,,,1,1,,,,,,,,,,LUSE083
Abolish,,,6,313,0,5,1,30,4712,84,579,,,,,,14,800,,3164,,,,,1,1,,,,,,,,,,LUSE084
Stagger,,,6,313,0,5,1,30,4717,85,579,,,,,,14,800,,3165,,,,,1,1,,,,,,,,,,LUSE085
,,,,,,,,,,,,,,,,,,,,,,,,,,,,,,,,,,,,
Kiss,,,,314,10000,0,1,1,1704,871,580,,,,,,,,,30,0,140,548,,1,1,,,,,,,,,,LUSE087
,,,,,,,,,,,,,,,,,,,,,,,,,,,,,,,,,,,,
,,,,,,,,,,,,,,,,,,,,,,,,,,,,,,,,,,,,
Poisoned Vital Water (L),,,,311,1500,1,1,80,5780,118,584,,,,,9,17,260,16,750,,141,548,,5,,,,17,-250,,,,,,LUSE090
Poisoned Vital Water (XL),,,,311,2100,1,1,85,5781,118,584,,,,,9,17,310,16,1000,,141,548,,5,,,,17,-300,,,,,,LUSE091
Poisoned Vital Water (XXL),,,,311,3000,1,1,90,5782,118,584,,,,,9,17,360,16,1250,,141,548,,5,,,,17,-350,,,,,,LUSE092
Poisoned Spiritual Water (L),,,,311,1740,1,1,80,5777,121,584,,,,,9,16,310,17,600,,142,548,,5,,,,16,-300,,,,,,LUSE093
Poisoned Spiritual Water (XL),,,,311,2480,1,1,85,5778,121,584,,,,,9,16,360,17,800,,142,548,,5,,,,16,-350,,,,,,LUSE094
Poisoned Spiritual Water (XXL),,,,311,3390,1,1,90,5779,121,584,,,,,9,16,410,17,1000,,142,548,,5,,,,16,-400,,,,,,LUSE095
,,,,,,,,,,,,,,,,,,,,,,,,,,,,,,,,,,,,
,,,,,,,,,,,,,,,,,,,,,,,,,,,,,,,,,,,,
Blue Candy Cane,,,,312,500,1,1,50,5507,141,584,,,,,10,,,17,500,,143,547,1,1,1,,,,,,,,,,LUSE98
,,,,,,,,,,,,,,,,,,,,,,,,,,,,,,,,,,,,
,,,,,,,,,,,,,,,,,,,,,,,,,,,,,,,,,,,,
Apple,,,,312,30,1,1,40,1625,141,584,,,,,10,,,16,100,,143,547,1,6,1,,,,,,,,,,LUSE101
Banana,,,,312,36,1,1,50,1626,141,584,,,,,10,,,16,120,,143,547,1,6,1,,,,,,,,,,LUSE102
Grapes,,,,312,42,1,1,90,1627,141,584,,,,,10,,,16,140,,143,547,1,6,1,,,,,,,,,,LUSE103
Kiwi,,,,312,48,1,1,40,1628,141,584,,,,,10,,,16,160,,143,547,1,6,1,,,,,,,,,,LUSE104
Orange,,,,312,54,1,1,30,1629,141,584,,,,,10,,,16,180,,143,547,1,6,1,,,,,,,,,,LUSE105
Mango,,,,312,60,1,1,60,1630,141,584,,,,,10,,,16,200,,143,547,1,6,1,,,,,,,,,,LUSE106
Boiled Egg,,,,312,66,1,1,80,1631,146,584,,,,,10,,,16,220,,143,547,1,6,1,,,,,,,,,,LUSE107
Beef Jerky,,,,312,72,1,1,30,1632,143,584,,,,,10,,,16,240,,143,547,1,6,1,,,,,,,,,,LUSE108
Cooked Meat,,,,312,90,1,1,20,1633,143,584,,,,,10,,,16,300,,143,547,1,6,1,,,,,,,,,,LUSE109
Peach,,,,312,48,1,1,80,1634,141,584,,,,,10,,,16,160,,143,547,1,6,1,,,,,,,,,,LUSE110
Strawberry,,,,312,42,1,1,70,1635,141,584,,,,,10,,,16,140,,143,547,1,6,1,,,,,,,,,,LUSE111
Tomato,,,,312,60,1,1,20,1636,141,584,,,,,10,,,16,200,,143,547,1,6,1,,,,,,,,,,LUSE112
Plum,,,,312,84,1,1,10,1638,141,584,,,,,10,,,16,280,,143,547,1,6,1,,,,,,,,,,LUSE113
Sandwich,,,,312,102,1,1,90,1639,145,584,,,,,10,,,16,340,,143,547,1,6,1,,,,,,,,,,LUSE114
Hamburger,,,,312,114,1,1,10,1640,145,584,,,,,10,,,16,380,,143,547,1,6,1,,,,,,,,,,LUSE115
Sausage,,,,312,108,1,1,40,1641,143,584,,,,,10,,,16,360,,143,547,1,6,1,,,,,,,,,,LUSE116
Meatball,,,,312,90,1,1,50,1642,143,584,,,,,10,,,16,300,,143,547,1,6,1,,,,,,,,,,LUSE117
Silver Carp Shaped Bread,,,,312,60,1,1,60,1643,145,584,,,,,10,,,16,200,,143,547,1,6,1,,,,,,,,,,LUSE118
Banana Bread,,,,312,100,1,1,70,1644,145,584,,,,,10,,,16,200,,143,547,1,6,1,,,,,,,,,,LUSE119
Milk,,,,312,30,2,1,50,1617,144,584,,,,,10,,,17,60,,144,547,4,7,1,,,,,,,,,,LUSE120
Banana Milk,,,,312,40,2,1,60,1619,144,584,,,,,10,,,17,80,,144,547,4,7,1,,,,,,,,,,LUSE121
Strawberry Flavored Milk,,,,312,50,2,1,60,1618,144,584,,,,,10,,,17,100,,144,547,4,7,1,,,,,,,,,,LUSE122
Apple Juice,,,,312,60,2,1,50,1620,144,584,,,,,10,,,17,120,,144,547,4,7,1,,,,,,,,,,LUSE123
Grape Juice,,,,312,70,2,1,10,1621,144,584,,,,,10,,,17,140,,144,547,4,7,1,,,,,,,,,,LUSE124
Orange Juice,,,,312,80,2,1,30,1622,144,584,,,,,10,,,17,160,,144,547,4,7,1,,,,,,,,,,LUSE125
Mango Juice,,,,312,70,2,1,70,1623,144,584,,,,,10,,,17,140,,144,547,4,7,1,,,,,,,,,,LUSE126
Kiwi Juice,,,,312,80,2,1,40,1623,144,584,,,,,10,,,17,160,,144,547,4,7,1,,,,,,,,,,LUSE127
Banana Juice,,,,312,50,2,1,60,1623,144,584,,,,,10,,,17,100,,144,547,4,7,1,,,,,,,,,,LUSE128
Strawberry Juice,,,,312,50,2,1,80,1623,144,584,,,,,10,,,17,100,,144,547,4,7,1,,,,,,,,,,LUSE129
Peach Juice,,,,312,50,2,1,90,1623,144,584,,,,,10,,,17,100,,144,547,4,7,1,,,,,,,,,,LUSE130
Tomato Juice,,,,312,60,2,1,20,1623,144,584,,,,,10,,,17,120,,144,547,4,7,1,,,,,,,,,,LUSE131
Ice Cherry,,,,312,130,1,1,35,1651,143,584,,,,,10,,,16,400,,143,547,1,6,1,,,,,,,,,,LUSE132
Crystal Cherry,,,,312,195,1,1,40,1652,143,584,,,,,10,,,16,600,,143,547,1,6,1,,,,,,,,,,LUSE133
Ice Berry,,,,312,165,2,1,35,1653,144,584,,,,,10,,,17,300,,144,547,4,7,1,,,,,,,,,,LUSE134
Crystal Berry,,,,312,220,2,1,40,1654,144,584,,,,,10,,,17,400,,144,547,4,7,1,,,,,,,,,,LUSE135
ShavShav,,,,312,245,1,1,40,1660,144,584,,,,,10,,,16,700,,143,547,1,6,1,,,,,,,,,,LUSE136
PiruKiru,,,,312,275,2,1,35,1661,144,584,,,,,10,,,17,500,,144,547,4,7,1,,,,,,,,,,LUSE137
ChiChiKao,,,,312,315,2,1,40,1662,144,584,,,,,10,,,17,700,,144,547,4,7,1,,,,,,,,,,LUSE138
,,,,,,,,,,,584,,,,,,,,,,,,,,,,,,,,,,,,,
,,,,,,,,,,,584,,,,,,,,,,,,,,,,,,,,,,,,,
Mysterious Fruit,,,,312,30000,4,1,60,1634,141,584,,,,,10,,,16,1000,,141,547,,1,1,,,,,,,,,,LUSE141
Rice Cake Soup,,,,312,150,1,1,50,2052,142,584,,,,,10,,,16,500,,143,547,1,6,1,,,,,,,,,,LUSE142
Elifedora,,,,312,10,0,1,10,1911,161,584,,,,,9,,,16,300,,143,548,3,7,1,,,,,,,,,,LUSE143
Lunaris Bear's Liquor Bottle,,,,312,10,0,1,10,1613,144,584,,,,,9,,,17,150,,142,548,,6,1,,,,,,,,,,LUSE144
Easter Egg,,,,312,50,1,1,10,1646,146,584,,,,,9,,,16,500,,143,547,1,6,1,,,,,,,,,,LUSE145
Rice Cake,,,,312,1,0,1,10,1609,141,584,,,,,9,,,16,550,,143,547,1,6,1,,,,,,,,,,LUSE146
Mugwort Rice Cake,,,,312,1,0,1,10,1610,141,584,,,,,9,,,17,325,,144,547,1,6,1,,,,,,,,,,LUSE147
Lucky Rice Soup,,,,312,150,1,1,50,1555,142,584,,,,,10,,,16,500,,143,547,1,6,1,,,,,,,,,,LUSE148
Choco Biscuit,,,,312,1,0,1,10,1554,141,584,,,,,9,,,16,550,,143,547,1,6,1,,,,,,,,,,LUSE149
Strawberry flavor Biscuit,,,,312,1,0,1,10,1553,141,584,,,,,9,,,17,325,,144,547,1,6,1,,,,,,,,,,LUSE150
HP Point (+50),,,,320,0,0,0,0,1603,132,,,,,,,,,16,100,,141,,,,,,,,,,,,,,LUSE152
HP Point (+100),,,,320,0,0,0,0,1603,132,,,,,,,,,16,200,,141,,,,,,,,,,,,,,LUSE153
HP Point (+200),,,,320,0,0,0,0,1603,132,,,,,,,,,16,400,,141,,,,,,,,,,,,,,LUSE467
HP Point (+300),,,,320,0,0,0,0,1603,132,,,,,,,,,16,600,,141,,,,,,,,,,,,,,LUSE468
HP Point (+500),,,,320,0,0,0,0,1603,132,,,,,,,,,16,1000,,141,,,,,,,,,,,,,,LUSE157
HP Point (+700),,,,320,0,0,0,0,1603,132,,,,,,,,,16,1500,,141,,,,,,,,,,,,,,LUSE464
HP Point (+1000),,,,320,0,0,0,0,1603,132,,,,,,,,,16,2000,,141,,,,,,,,,,,,,,LUSE159
HP Point (+1500),,,,320,0,0,0,0,1603,132,,,,,,,,,16,3000,,141,,,,,,,,,,,,,,LUSE160
HP Point (+2000),,,,320,0,0,0,0,1603,132,,,,,,,,,16,4000,,141,,,,,,,,,,,,,,LUSE465
HP Point (+3000),,,,320,0,0,0,0,1603,132,,,,,,,,,16,5000,,141,,,,,,,,,,,,,,LUSE466
MP Point (+30),,,,320,0,0,0,0,1603,133,,,,,,,,,17,30,,142,,,,,,,,,,,,,,LUSE161
MP Point (+50),,,,320,0,0,0,0,1603,133,,,,,,,,,17,50,,142,,,,,,,,,,,,,,LUSE162
MP Point (+100),,,,320,0,0,0,0,1603,133,,,,,,,,,17,100,,142,,,,,,,,,,,,,,LUSE163
MP Point (+200),,,,320,0,0,0,0,1603,133,,,,,,,,,17,200,,142,,,,,,,,,,,,,,LUSE164
MP Point (+300),,,,320,0,0,0,0,1603,133,,,,,,,,,17,300,,142,,,,,,,,,,,,,,LUSE165
MP Point (+500),,,,320,0,0,0,0,1603,133,,,,,,,,,17,500,,142,,,,,,,,,,,,,,LUSE166
MP Point (+700),,,,320,0,0,0,0,1603,133,,,,,,,,,17,700,,142,,,,,,,,,,,,,,LUSE167
MP Point (+1000),,,,320,0,0,0,0,1603,133,,,,,,,,,17,1000,,142,,,,,,,,,,,,,,LUSE168
MP Point (+1500),,,,320,0,0,0,0,1603,133,,,,,,,,,17,1500,,142,,,,,,,,,,,,,,LUSE169
MP Point (+2000),,,,320,0,0,0,0,1603,133,,,,,,,,,17,2000,,142,,,,,,,,,,,,,,LUSE170
Stamina (+50),,,,320,0,0,0,0,1603,137,,,,,,,,,76,50,,146,,,,,,,,,,,,,,LUSE171
Stamina (+75),,,,320,0,0,0,0,1603,137,,,,,,,,,76,75,,146,,,,,,,,,,,,,,LUSE172
Stamina (+100),,,,320,0,0,0,0,1603,137,,,,,,,,,76,100,,146,,,,,,,,,,,,,,LUSE173
Stamina (+150),,,,320,0,0,0,0,1603,137,,,,,,,,,76,150,,146,,,,,,,,,,,,,,LUSE174
Stamina (+200),,,,320,0,0,0,0,1603,137,,,,,,,,,76,200,,146,,,,,,,,,,,,,,LUSE175
Stamina (+300),,,,320,0,0,0,0,1603,137,,,,,,,,,76,300,,146,,,,,,,,,,,,,,LUSE176
Stamina (+400),,,,320,0,0,0,0,1603,137,,,,,,,,,76,400,,146,,,,,,,,,,,,,,LUSE177
Stamina (+500),,,,320,0,0,0,0,1603,137,,,,,,,,,76,500,,146,,,,,,,,,,,,,,LUSE178
Stamina (+700),,,,320,0,0,0,0,1603,137,,,,,,,,,76,700,,146,,,,,,,,,,,,,,LUSE179
Stamina (+1000),,,,320,0,0,0,0,1603,137,,,,,,,,,76,1000,,146,,,,,,,,,,,,,,LUSE180
Clan Point (+1),,,6,320,0,0,1,0,2916,134,,,,,,,,,92,1,,140,,,,,,,,,,,,,,LUSE181
Clan Point (+2),,,6,320,0,0,1,0,2916,134,,,,,,,,,92,2,,140,,,,,,,,,,,,,,LUSE182
Clan Point (+3),,,6,320,0,0,1,0,2916,134,,,,,,,,,92,3,,140,,,,,,,,,,,,,,LUSE183
Clan Point (+5),,,6,320,0,0,1,0,2916,134,,,,,,,,,92,5,,140,,,,,,,,,,,,,,LUSE184
Clan Point (+7),,,6,320,0,0,1,0,2916,134,,,,,,,,,92,7,,140,,,,,,,,,,,,,,LUSE185
Clan Point (+10),,,6,320,0,0,1,0,2916,134,,,,,,,,,92,10,,140,,,,,,,,,,,,,,LUSE186
Clan Point (+15),,,6,320,0,0,1,0,2916,134,,,,,,,,,92,15,,140,,,,,,,,,,,,,,LUSE187
Clan Point (+20),,,6,320,0,0,1,0,2916,134,,,,,,,,,92,20,,140,,,,,,,,,,,,,,LUSE188
Clan Point (+25),,,6,320,0,0,1,0,2916,134,,,,,,,,,92,25,,140,,,,,,,,,,,,,,LUSE189
Clan Point (+30),,,6,320,0,0,1,0,2943,134,,,,,,,,,92,30,,140,,,,,,,,,,,,,,LUSE190
Clan Point (+100),,,6,320,0,0,1,0,2944,134,,,,,,,,,92,100,,140,,,,,,,,,,,,,,LUSE191
Clan Point (+200),,,6,320,0,0,1,0,2945,134,,,,,,,,,92,200,,140,,,,,,,,,,,,,,LUSE192
Clan Point (+500),,,6,320,0,0,1,0,2916,134,,,,,,,,,92,500,,140,,,,,,,,,,,,,,LUSE193
Clan Point (+1000),,,6,320,0,0,1,0,2916,134,,,,,,,,,92,1000,,140,,,,,,,,,,,,,,LUSE194
Clan Point (+5000),,,6,320,0,0,1,0,2916,134,,,,,,,,,92,5000,,140,,,,,,,,,,,,,,LUSE195
Event Point (+1),,,6,320,0,0,1,0,1603,134,,,,,,,,,115,1,,140,,,,,,,,,,,,,,LUSE196
Event Point (+2),,,6,320,0,0,1,0,1603,134,,,,,,,,,115,2,,140,,,,,,,,,,,,,,LUSE197
Event Point (+3),,,6,320,0,0,1,0,1603,134,,,,,,,,,115,3,,140,,,,,,,,,,,,,,LUSE198
Event Point (+5),,,6,320,0,0,1,0,1603,134,,,,,,,,,115,5,,140,,,,,,,,,,,,,,LUSE199
Candy,,,,312,300,1,1,50,1648,141,584,,,,,10,,,16,250,,143,547,1,6,1,,,,,,,,,,LUSE200
Candy,,,,312,300,1,1,50,1649,141,584,,,,,10,,,17,200,,144,547,4,7,1,,,,,,,,,,LUSE201
Lollipop,,,,312,300,1,1,50,1647,141,584,,,,,10,,,16,300,,143,547,1,6,1,,,,,,,,,,LUSE202
Pumpkin Cookie,,,,312,500,1,1,50,1669,141,584,,,,,10,,,16,600,,143,547,1,6,1,,,,,,,,,,LUSE203
Ghost Cookie,,,,312,500,1,1,50,1670,141,584,,,,,10,,,17,500,,144,547,4,7,1,,,,,,,,,,LUSE204
Bat Cookie,,,,312,1230,1,1,50,1671,141,584,,,,,,,,76,1000,,146,548,,7,1,,,,,,,,,,LUSE205
Candy Cane,,,,312,500,1,1,50,5416,141,584,,,,,10,,,16,500,,143,547,1,6,1,,,,,,,,,,LUSE206
Rainbow Candy,,,,312,500,1,1,50,5441,141,584,,,,,,,,76,1000,,146,548,,7,1,,,,,,,,,,LUSE207
Ice Chest of Fortune,,,,375,1,0,1,3,5547,61,584,,,,,,,,160,1,5,,,,2,1,,,,,,5,,,,LUSE208
Penguin Loot Bag,,,,350,1,0,1,50,5548,61,584,,,,,,,,161,1,5,,,,2,1,,,,,,5,,,,LUSE209
Righteous Crusaders Treasure Chest,,,,375,500,0,1,3,6309,61,584,,,,100,,,,162,1,5,,,,2,1,,,,,,,,,1,LUSE210
Junon Order Treasure Chest,,,,375,500,0,1,3,6310,61,584,,,,100,,,,163,1,5,,,,2,1,,,,,,,,,1,LUSE211
Arumic Treasure Chest,,,,375,500,0,1,3,6311,61,584,,,,100,,,,164,1,5,,,,2,1,,,,,,,,,1,LUSE212
Ferrell Guild Treasure Chest,,,,375,500,0,1,3,6312,61,584,,,,100,,,,165,1,5,,,,2,1,,,,,,,,,1,LUSE213
Snowflake Treasure Chest,,,,375,1,0,1,3,6912,61,584,,,,,,,,185,1,0,,,,2,1,,,,,,5,,,,LUSE214
Combatant's Chest,,,6,375,1,1,1,3,9207,61,,,,,,,,,285,1,5,,,,2,1,,,,,,,,,,LUSE215
,,,,,,,,,,,,,,,,,,,,,,,,,,,,,,,,,,,,
,,,,,,,,,,,,,,,,,,,,,,,,,,,,,,,,,,,,
,,,,,,,,,,,,,,,,,,,,,,,,,,,,,,,,,,,,
,,,,,,,,,,,,,,,,,,,,,,,,,,,,,,,,,,,,
Bronze Soldier Box (Veteran),,,6,350,1000,0,0,10,2899,1006,,,,,,,82,300,105,1,,1035,,,2,1,,,,,,,,,,LUSE220
Silver Soldier Box (Veteran),,,6,350,1000,0,0,10,2900,1006,,,,,,,82,600,125,1,,1055,,,2,1,,,,,,,,,,LUSE221
Gold Soldier Box (Veteran),,,6,350,1000,0,0,10,2901,1006,,,,,,,82,1000,145,1,,1075,,,2,1,,,,,,,,,,LUSE222
Bronze Muse Box (Veteran),,,6,350,1000,0,0,10,2899,1006,,,,,,,82,300,106,1,,1036,,,2,1,,,,,,,,,,LUSE223
Silver Muse Box (Veteran),,,6,350,1000,0,0,10,2900,1006,,,,,,,82,600,126,1,,1056,,,2,1,,,,,,,,,,LUSE224
Gold Muse Box (Veteran),,,6,350,1000,0,0,10,2901,1006,,,,,,,82,1000,146,1,,1076,,,2,1,,,,,,,,,,LUSE225
Bronze Hawker Box (Veteran),,,6,350,1000,0,0,10,2899,1006,,,,,,,82,300,107,1,,1037,,,2,1,,,,,,,,,,LUSE226
Silver Hawker Box (Veteran),,,6,350,1000,0,0,10,2900,1006,,,,,,,82,600,127,1,,1057,,,2,1,,,,,,,,,,LUSE227
Gold Hawker Box (Veteran),,,6,350,1000,0,0,10,2901,1006,,,,,,,82,1000,147,1,,1077,,,2,1,,,,,,,,,,LUSE228
Bronze Dealer Box (Veteran),,,6,350,1000,0,0,10,2899,1006,,,,,,,82,300,108,1,,1038,,,2,1,,,,,,,,,,LUSE229
Silver Dealer Box (Veteran),,,6,350,1000,0,0,10,2900,1006,,,,,,,82,600,128,1,,1058,,,2,1,,,,,,,,,,LUSE230
Gold Dealer Box (Veteran),,,6,350,1000,0,0,10,2901,1006,,,,,,,82,1000,148,1,,1078,,,2,1,,,,,,,,,,LUSE231
,,,6,350,1000,0,0,10,2899,1006,,,,,,,,,,,,1039,,,2,1,,,,,,,,,,LUSE232
,,,6,350,1000,0,0,10,2900,1006,,,,,,,,,,,,1059,,,2,1,,,,,,,,,,LUSE233
Random Box (Veteran),,,6,350,1000,0,0,10,2577,1006,,,,,,,82,1200,149,1,,1079,,,2,1,,,,,,,,,,LUSE234
Bronze Soldier Box (Elite),,,6,350,1000,0,0,10,2899,1006,,,,,,,82,750,110,1,,1040,,,2,1,,,,,,,,,,LUSE235
Silver Soldier Box (Elite),,,6,350,1000,0,0,10,2900,1006,,,,,,,82,1500,130,1,,1060,,,2,1,,,,,,,,,,LUSE236
Gold Soldier Box (Elite),,,6,350,1000,0,0,10,2901,1006,,,,,,,82,2500,150,1,,1080,,,2,1,,,,,,,,,,LUSE237
Bronze Muse Box (Elite),,,6,350,1000,0,0,10,2899,1006,,,,,,,82,750,111,1,,1041,,,2,1,,,,,,,,,,LUSE238
Silver Muse Box (Elite),,,6,350,1000,0,0,10,2900,1006,,,,,,,82,1500,131,1,,1061,,,2,1,,,,,,,,,,LUSE239
Gold Muse Box (Elite),,,6,350,1000,0,0,10,2901,1006,,,,,,,82,2500,151,1,,1081,,,2,1,,,,,,,,,,LUSE240
Bronze Hawker Box (Elite),,,6,350,1000,0,0,10,2899,1006,,,,,,,82,750,112,1,,1042,,,2,1,,,,,,,,,,LUSE241
Silver Hawker Box (Elite),,,6,350,1000,0,0,10,2900,1006,,,,,,,82,1500,132,1,,1062,,,2,1,,,,,,,,,,LUSE242
Gold Hawker Box (Elite),,,6,350,1000,0,0,10,2901,1006,,,,,,,82,2500,152,1,,1082,,,2,1,,,,,,,,,,LUSE243
Bronze Dealer Box (Elite),,,6,350,1000,0,0,10,2899,1006,,,,,,,82,750,113,1,,1043,,,2,1,,,,,,,,,,LUSE244
Silver Dealer Box (Elite),,,6,350,1000,0,0,10,2900,1006,,,,,,,82,1500,133,1,,1063,,,2,1,,,,,,,,,,LUSE245
Gold Dealer Box (Elite),,,6,350,1000,0,0,10,2901,1006,,,,,,,82,2500,153,1,,1083,,,2,1,,,,,,,,,,LUSE246
,,,6,350,1000,0,0,10,2899,1006,,,,,,,,,,,,1044,,,2,1,,,,,,,,,,LUSE247
,,,6,350,1000,0,0,10,2900,1006,,,,,,,,,,,,1064,,,2,1,,,,,,,,,,LUSE248
Random Box (Elite),,,6,350,1000,0,0,10,2577,1006,,,,,,,82,3000,154,1,,1084,,,2,1,,,,,,,,,,LUSE249
Bronze Soldier Box (Nightmare),,,6,350,1000,0,0,10,2899,1006,,,,,,,82,1500,115,1,,1045,,,2,1,,,,,,,,,,LUSE250
Silver Soldier Box (Nightmare),,,6,350,1000,0,0,10,2900,1006,,,,,,,82,3000,135,1,,1065,,,2,1,,,,,,,,,,LUSE251
Gold Soldier Box (Nightmare),,,6,350,1000,0,0,10,2901,1006,,,,,,,82,5000,155,1,,1085,,,2,1,,,,,,,,,,LUSE252
Bronze Muse Box (Nightmare),,,6,350,1000,0,0,10,2899,1006,,,,,,,82,1500,116,1,,1046,,,2,1,,,,,,,,,,LUSE253
Silver Muse Box (Nightmare),,,6,350,1000,0,0,10,2900,1006,,,,,,,82,3000,136,1,,1066,,,2,1,,,,,,,,,,LUSE254
Gold Muse Box (Nightmare),,,6,350,1000,0,0,10,2901,1006,,,,,,,82,5000,156,1,,1086,,,2,1,,,,,,,,,,LUSE255
Bronze Hawker Box (Nightmare),,,6,350,1000,0,0,10,2899,1006,,,,,,,82,1500,117,1,,1047,,,2,1,,,,,,,,,,LUSE256
Silver Hawker Box (Nightmare),,,6,350,1000,0,0,10,2900,1006,,,,,,,82,3000,137,1,,1067,,,2,1,,,,,,,,,,LUSE257
Gold Hawker Box (Nightmare),,,6,350,1000,0,0,10,2901,1006,,,,,,,82,5000,157,1,,1087,,,2,1,,,,,,,,,,LUSE258
Bronze Dealer Box (Nightmare),,,6,350,1000,0,0,10,2899,1006,,,,,,,82,1500,118,1,,1048,,,2,1,,,,,,,,,,LUSE259
Silver Dealer Box (Nightmare),,,6,350,1000,0,0,10,2900,1006,,,,,,,82,3000,138,1,,1068,,,2,1,,,,,,,,,,LUSE260
Gold Dealer Box (Nightmare),,,6,350,1000,0,0,10,2901,1006,,,,,,,82,5000,158,1,,1088,,,2,1,,,,,,,,,,LUSE261
,,,6,350,1000,0,0,10,2899,1006,,,,,,,,,,,,1049,,,2,1,,,,,,,,,,LUSE262
,,,6,350,1000,0,0,10,2900,1006,,,,,,,,,,,,1069,,,2,1,,,,,,,,,,LUSE263
Random Box (Nightmare),,,6,350,1000,0,0,10,2577,1006,,,,,,,82,6000,159,1,,1089,,,2,1,,,,,,,,,,LUSE264
,,,,,,,,,,,,,,,,,,,,,,,,,,,,,,,,,,,,
Bronze Arena Chest,,,6,375,1000,0,1,3,6820,100,581,,,,,,,,173,1,,140,,,2,1,,,,,,,,,1,LUSE266
Silver Arena Chest,,,6,375,1000,0,1,3,6821,100,581,,,,,,,,174,1,,140,,,2,1,,,,,,,,,1,LUSE267
Gold Arena Chest,,,6,375,1000,0,1,3,6822,100,581,,,,,,,,175,1,,140,,,2,1,,,,,,,,,1,LUSE268
,,,,,,,,,,,,,,,,,,,,,,,,,,,,,,,,,,,,
Trollbox (Nightmare),,,6,316,1000,0,0,10,2577,1006,,,,,,,,,,,,1089,,,,3,,,,,,,,,,LUSE270
Firecracker (Trollface),,,,313,20,1,1,10,2045,162,,,,,,,,,,2700,,140,548,,,3,,,,,,,,,,LUSE271
Firecracker (Trollface+problem?),,,,313,20,1,1,10,2045,162,,,,,,,,,,2701,,140,548,,,3,,,,,,,,,,LUSE272
Firecracker (problem?),,,,313,20,1,1,10,2045,162,,,,,,,,,,2702,,140,548,,,3,,,,,,,,,,LUSE273
Firecracker (umad?),,,,313,20,1,1,10,2045,162,,,,,,,,,,2703,,140,548,,,3,,,,,,,,,,LUSE274
Firecracker (herp),,,,313,20,1,1,10,2045,162,,,,,,,,,,2704,,140,548,,,3,,,,,,,,,,LUSE275
Firecracker (derp),,,,313,20,1,1,10,2045,162,,,,,,,,,,2705,,140,548,,,3,,,,,,,,,,LUSE276
Instance Point (+2000),,,6,313,20,1,1,10,5354,162,,,,,,,,,,2701,,140,548,,,3,,,,,,,,,,LUSE277
,,,,,,,,,,,,,,,,,,,,,,,,,,,,,,,,,,,,
,,,,,,,,,,,,,,,,,,,,,,,,,,,,,,,,,,,,
Mythril Drill,,,10,318,0,0,5,10,4207,100,580,,,,,,,,,3,,,,,,,,,,,,,,,,LUSE280
Orihalcon Drill,,,10,318,0,0,5,20,4208,100,580,,,,,,,,,9,,,,,,,,,,,,,,,,LUSE281
Adamantium Drill,,,10,318,0,0,5,30,4209,100,580,,,,,,,,,15,,,,,,,,,,,,,,,,LUSE282
Perfect Drill,,,4,318,0,0,5,50,4210,100,580,,,,,,,,,100,,,,,,,,,,,,,,,,LUSE283
,,,,,,,,,,,,,,,,,,,,,,,,,,,,,,,,,,,,
,,,,,,,,,,,,,,,,,,,,,,,,,,,,,,,,,,,,
,,,,,,,,,,,,,,,,,,,,,,,,,,,,,,,,,,,,
Moldie Treasure Chest,,,6,375,1000,0,25,3,5600,1006,584,,,,,,,,166,1,5,140,548,,,3,,,,,,,,,1,LUSE287
,,,,,,,,,,,,,,,,,,,,,,,,,,,,,,,,,,,,
,,,,,,,,,,,,,,,,,,,,,,,,,,,,,,,,,,,,
,,,,,,,,,,,,,,,,,,,,,,,,,,,,,,,,,,,,
Repair Hammer,,,,315,300,5,5,50,1950,138,580,,,,,,,,,,,,,,,1,,,,,,,,,,LUSE291
?????? ???? ????,,,,315,1000,5,5,60,1950,130,580,,,,,,,,,1,,,,,,1,,,,,,,,,,LUSE292
Engine Fuel (S),,,,317,2000,5,30,30,2289,117,584,,,,,,,,,25,,,,,,1,,,,,,,,,,LUSE293
Engine Fuel (M),,,,317,4500,5,50,30,2290,117,584,,,,,,,,,50,,,,,,1,,,,,,,,,,LUSE294
Engine Fuel (L),,,,317,10000,5,90,30,2291,117,584,,,,,,,,,100,,,,,,1,,,,,,,,,,LUSE295
,,,,,,,,,,,,,,,,,,,,,,,,,,,,,,,,,,,,
,,,,,,,,,,,,,,,,,,,,,,,,,,,,,,,,,,,,
,,,,,,,,,,,,,,,,,,,,,,,,,,,,,,,,,,,,
,,,,,,,,,,,,,,,,,,,,,,,,,,,,,,,,,,,,
,,,,,,,,,,,,,,,,,,,,,,,,,,,,,,,,,,,,
Purify Scroll (Solo),,,,313,130,5,1,13,2728,154,579,,,,,,,,,3101,,,,,,15,,,,,,,,,,LUSE301
Detect Scroll (Solo),,,,313,180,5,1,14,1692,153,579,,,,,,,,,3102,,,,,,3,,,,,,,,,,LUSE302
Stealth Scroll (Solo),,,,313,230,5,1,15,1692,154,579,,,,,,,,,3103,,,,,,3,,,,,,,,,,LUSE303
,,,,313,20,5,1,10,1692,152,579,,,,,,,,,3104,,,,,,,,,,,,,,,,
Movement Scroll (Solo),,,,313,180,5,1,15,9160,151,579,,,,,,,,,3105,,,,,,3,,,,,,,,,,LUSE305
HP Scroll (Solo),,,,313,340,5,1,17,1027,152,579,,,,,,,,,3106,,,,,,3,,,,,,,,,,LUSE306
MP Scroll (Solo),,,,313,340,5,1,17,1028,152,579,,,,,,,,,3107,,,,,,3,,,,,,,,,,LUSE307
Dexterity Scroll (Solo),,,,313,410,5,1,18,1029,151,579,,,,,,,,,3108,,,,,,3,,,,,,,,,,LUSE308
Strength Scroll (Solo),,,,313,460,5,1,18,1030,151,579,,,,,,,,,3109,,,,,,3,,,,,,,,,,LUSE309
Defense Scroll (Solo),,,,313,460,5,1,18,1031,151,579,,,,,,,,,3110,,,,,,3,,,,,,,,,,LUSE310
Accuracy Scroll (Solo),,,,313,460,5,1,18,1032,151,579,,,,,,,,,3111,,,,,,3,,,,,,,,,,LUSE311
Damage Scroll (Solo),,,,313,460,5,1,18,1033,151,579,,,,,,,,,3112,,,,,,3,,,,,,,,,,LUSE312
Advanced HP Scroll (Solo),,,,313,640,5,1,20,1034,152,579,,,,,,,,,3113,,,,,,3,,,,,,,,,,LUSE313
Advanced MP Scroll (Solo),,,,313,640,5,1,20,1035,152,579,,,,,,,,,3114,,,,,,3,,,,,,,,,,LUSE314
Advanced Dexterity Scroll (Solo),,,,313,640,5,1,20,1036,151,579,,,,,,,,,3115,,,,,,3,,,,,,,,,,LUSE315
Advanced Strength Scroll (Solo),,,,313,920,5,1,23,1037,151,579,,,,,,,,,3116,,,,,,3,,,,,,,,,,LUSE316
Advanced Defense Scroll (Solo),,,,313,920,5,1,23,1038,151,579,,,,,,,,,3117,,,,,,3,,,,,,,,,,LUSE317
Advanced Accuracy Scroll (Solo),,,,313,920,5,1,23,1060,151,579,,,,,,,,,3118,,,,,,3,,,,,,,,,,LUSE318
Advanced Damage Scroll (Solo),,,,313,920,5,1,23,1061,151,579,,,,,,,,,3119,,,,,,3,,,,,,,,,,LUSE319
,,,,313,20,5,1,10,1692,151,,,,,,,,,,3120,,,,,,,,,,,,,,,,
Blue Icicle,,,,313,230,5,1,15,1664,151,579,,,,,,75,2,,3821,,,,,,3,,,,,,,,,,LUSE321
Green Icicle,,,,313,300,5,1,16,1665,151,579,,,,,,75,2,,3822,,,,,,3,,,,,,,,,,LUSE322
White Icicle,,,,313,340,5,1,17,1666,151,579,,,,,,75,2,,3823,,,,,,3,,,,,,,,,,LUSE323
Black Icicle,,,,313,340,5,1,17,3856,151,579,,,,,,75,2,,3820,,,,,,3,,,,,,,,,,LUSE324
Red Icicle,,,,313,340,5,1,17,1667,151,579,,,,,,75,2,,3824,,,,,,3,,,,,,,,,,LUSE325
Snowball,,,,313,2,5,1,11,2043,250,584,,,,,,,,,3126,,,,,,3,,,,,,,31,,,LUSE326
Toy Shuriken,,,,313,540,5,1,11,2112,250,584,,,,,,,,,3127,,,,,,3,,,,,,,,,,LUSE327
Purple Icicle,,,,313,340,5,1,17,3857,151,579,,,,,,75,2,,3825,,,,,,3,,,,,,,,,,LUSE328
Confetti Present,,,,313,2,5,1,11,7778,251,584,,,,,,,,,3128,,,,,,3,,,,,,,,,,LUSE329
,,,,313,,,,,,,,,,,,,,,,,,,,,,,,,,,,,,,,
Strength Scroll (Solo),,,6,313,100,0,0,10,1030,151,579,,,,,,,,,3109,,,,,,3,,,,,,,,,,LUSE309
Damage Scroll (Solo),,,,313,100,0,0,10,1692,151,579,,,,,,,,,3132,,,,,,3,,,,,,,,,,LUSE312
Advanced Defense Scroll (Solo),,,,313,100,0,0,10,1692,151,579,,,,,,,,,3133,,,,,,3,,,,,,,,,,LUSE317
Advanced Dexterity Scroll (Solo),,,,313,100,0,0,10,1692,151,579,,,,,,,,,3134,,,,,,3,,,,,,,,,,LUSE315
??????,,,,313,100,0,0,10,1692,151,579,,,,,,,,,3135,,,,,,,,,,,,,,,,
????????,,,,313,100,0,0,10,1692,151,579,,,,,,,,,3136,,,,,,,,,,,,,,,,
Advanced Accuracy Scroll (Solo),,,,313,100,0,0,10,1692,151,579,,,,,,,,,3137,,,,,,3,,,,,,,,,,LUSE318
Advanced HP Scroll (Solo),,,,313,100,0,0,10,1692,151,579,,,,,,,,,3138,,,,,,3,,,,,,,,,,LUSE313
Advanced MP Scroll (Solo),,,,313,100,0,0,10,1692,151,579,,,,,,,,,3139,,,,,,3,,,,,,,,,,LUSE314
????????,,,,313,100,0,0,10,1692,151,579,,,,,,,,,3140,,,,,,,,,,,,,,,,
,,,,313,,,,,,,,,,,,,,,,,,,,,,,,,,,,,,,,
HP/MP Scroll (Party),,,,313,2310,5,1,20,5269,152,579,,,,,,,,,3306,,,,,,3,,,,,,,,,,LUSE342
Dexterity Scroll (Party),,,,313,3200,5,1,23,5271,152,579,,,,,,,,,3307,,,,,,3,,,,,,,,,,LUSE343
Strength Scroll (Party),,,,313,3325,5,1,23,5270,152,579,,,,,,,,,3308,,,,,,3,,,,,,,,,,LUSE344
Defense Scroll (Party),,,,313,3248,5,1,23,5272,152,579,,,,,,,,,3309,,,,,,3,,,,,,,,,,LUSE345
Accuracy Scroll (Party),,,,313,3642,5,1,23,5274,152,579,,,,,,,,,3310,,,,,,3,,,,,,,,,,LUSE346
Damage Scroll (Party),,,,313,3842,5,1,23,5273,152,579,,,,,,,,,3311,,,,,,3,,,,,,,,,,LUSE347
,,,,313,,,,,,,,,,,,,,,,,,,,,,3,,,,,,,,,,LUSE348
,,,,313,,,,,,,,,,,,,,,,,,,,,,,,,,,,,,,,
,,,,313,10,5,1,10,1690,151,584,,,,,,,,,3150,,140,548,,,3,,,,,2,,,,,LUSE350
Zant Return Scroll,,,6,313,1000,5,1,10,1751,151,584,,,,,,,,,3151,,140,548,,,3,,,,,2,,,,,LUSE351
Junon Polis Return Scroll,,,6,313,1200,5,1,10,1752,151,584,,,,,,,,,3152,,140,548,,,3,,,,,2,,,,,LUSE352
Eucar Return Scroll,,,6,313,1600,5,1,12,1722,151,584,,,,,,31,40,,3153,,140,548,,,3,,,,,2,,,,,LUSE353
Xita Refuge Return Scroll,,,6,316,1450,5,1,12,1717,151,584,,,,,,75,3,,,,254,548,,,3,,,,,2,,,,,LUSE354
Zant Visitor Scroll,,,2,313,0,5,1,12,1751,151,584,,,,,,31,10,,3155,,140,548,,,3,,,,,2,,,,,LUSE355
Heliopolis Return Scroll,,,6,313,1500,5,1,12,2961,151,584,,,,,,,,,3156,,140,548,,,3,,,,,2,,,,,LUSE356
Paradise of Ra Return Scroll,,,6,313,3000,5,1,12,2960,151,584,,,,,,,,,3157,,140,548,,,3,,,,,2,,,,,LUSE357
Ramesses Mines Return Scroll,,,6,313,4000,5,1,12,3001,151,584,,,,,,,,,3158,,140,548,,,3,,,,,2,,,,,LUSE358
Memphis Return scroll,,,6,313,4600,5,1,12,3865,151,584,,,,,,,,,3159,,140,548,,,3,,,,,2,,,,,LUSE359
Goblin Cave Entrance Return Scroll,,,6,313,1350,5,1,12,1716,151,584,,,,,,,,,3291,,140,548,,,3,,,,,2,,,,,LUSE360
Desert of the Dead Return Scroll,,,6,316,1450,5,1,12,1718,151,584,,,,,,75,1,,,,230,,,,3,,,,,2,,,,,LUSE361
El Verloon Desert Return Scroll,,,6,313,1200,5,1,12,1719,151,584,,,,,,,,,3293,,140,548,,,3,,,,,2,,,,,LUSE362
Gorge of Silence Return Scroll,,,6,313,1350,5,1,12,1720,151,584,,,,,,,,,3294,,140,548,,,3,,,,,2,,,,,LUSE363
Shady Jungle Return Scroll,,,6,313,1550,5,1,12,1721,151,584,,,,,,,,,3295,,140,548,,,3,,,,,2,,,,,LUSE364
Sikuku Underground Prison Return Scroll,,,6,313,1860,5,1,12,1750,151,584,,,,,,,,,3296,,140,548,,,3,,,,,2,,,,,LUSE365
Training Ground Return Scroll,,,6,316,1200,5,1,10,6862,151,584,,,,,,75,1,,,,248,,,,3,,,,,2,,,,,LUSE366
,,,,313,,,,,,,,,,,,,,,,,,,,,,,,,,,,,,,,
Dungeon Item Stat Hammer,,,6,368,1000,1,1,60,5586,130,,,,,,,,,0,,,,,,,,,,,,,,,,,LUSE368
,,,,313,,,,,,,,,,,,,,,,,,,,,,,,,,,,,,,,
,,,,313,,,,,,,,,,,,,,,,,,,,,,,,,,,,,,,,
Para Dance [Basic],,,6,313,180,5,1,10,5928,151,584,,,,,,,,,3171,,,,,,3,,,,,,,,,,LUSE371
Para Dance [Practical],,,6,313,200,5,1,10,5928,151,584,,,,,,,,,3172,,,,,,3,,,,,,,,,,LUSE372
Para Dance [Intermediate],,,6,313,220,5,1,10,5928,151,584,,,,,,,,,3173,,,,,,3,,,,,,,,,,LUSE373
Para Dance [Refined],,,6,313,260,5,1,10,5928,151,584,,,,,,,,,3174,,,,,,3,,,,,,,,,,LUSE374
Funky Dance [Basic],,,6,313,300,5,1,10,5929,151,584,,,,,,,,,3175,,,,,,3,,,,,,,,,,LUSE375
Funky Dance [Intermediate],,,6,313,340,5,1,10,5929,151,584,,,,,,,,,3176,,,,,,3,,,,,,,78,,,LUSE376
,,,,313,,,,,,,,,,,,,,,,,,,,,,,,,,,,,,,,
Toxic Charm,,,,313,1350,5,1,10,8676,151,584,,,,,,,,,3394,,,,,,1,,,,,,,,,,LUSE378
Plasma Charm,,,,313,1660,5,1,10,8677,151,584,,,,,,,,,3395,,,,,,1,,,,,,,,,,LUSE379
Blazing Charm,,,,313,1220,5,1,10,8675,151,584,,,,,,,,,3396,,,,,,1,,,,,,,,,,LUSE380
Ice Charm,,,,313,860,5,1,10,1766,151,584,,,,,,,,,3181,,,,,,1,,,,,,,,,,LUSE381
Spark Charm,,,,313,900,5,1,10,1778,151,584,,,,,,,,,3182,,,,,,1,,,,,,,,,,LUSE382
Blood Charm,,,,313,940,5,1,10,1765,151,584,,,,,,,,,3183,,,,,,1,,,,,,,,,,LUSE383
Storm Charm,,,,313,1220,5,1,10,1779,151,584,,,,,,,,,3200,,,,,,1,,,,,,,,,,LUSE384
Res scroll (not yet working),,,,313,1220,5,1,10,1779,151,584,,,,,,,,,1131,,,,,,,,,,,,,,,,
Vampire's Desire,,,,313,1500,5,1,10,5350,151,584,,,,,,,,,3393,,,,,,1,,,,,,,,,,LUSE386
Vampire Blood,,,,311,1500,3,1,30,5351,118,584,,,,,9,,,16,2500,,2180,547,1,,1,,,,,,,,,,LUSE387
Vampire Tears,,,,311,1500,4,1,50,5352,123,584,,,,,9,,,17,2000,,2180,548,6,,1,,,,,,,,,,LUSE388
,,,,313,,,,,,,,,,,,,,,,,,,,,,,,,,,,,,,,
Rhumba (M),,,6,313,320,5,1,10,5930,151,584,,,,,,,,,3177,,,,,,3,,,,,,,,,,LUSE390
Waltz (M),,,6,313,350,5,1,10,5931,151,584,,,,,,,,,3178,,,,,,3,,,,,,,,,,LUSE391
Jive (M),,,6,313,370,5,1,10,5932,151,584,,,,,,,,,3179,,,,,,3,,,,,,,,,,LUSE392
Cha-Cha (M),,,6,313,400,5,1,10,5933,151,584,,,,,,,,,3180,,,,,,3,,,,,,,,,,LUSE393
Rhumba (F),,,6,313,320,5,1,10,5930,151,584,,,,,,,,,3184,,,,,,3,,,,,,,,,,LUSE394
Waltz (F),,,6,313,350,5,1,10,5931,151,584,,,,,,,,,3185,,,,,,3,,,,,,,,,,LUSE395
Jive (F),,,6,313,370,5,1,10,5932,151,584,,,,,,,,,3186,,,,,,3,,,,,,,,,,LUSE396
Cha-Cha (F),,,6,313,400,5,1,10,5933,151,584,,,,,,,,,3187,,,,,,3,,,,,,,,,,LUSE397
,,,,313,,,,,,,,,,,,,,,,,,,,,,,,,,,,,,,,
,,,,313,,,,,,,,,,,,,,,,,,,,,,,,,,,,,,,,
,,,,313,,,,,,,,,,,,,,,,,,,,,,,,,,,,,,,,
Jelly Bean Capsule,,,,313,50,5,8,27,1696,184,581,,,,,,31,3,,2801,,140,548,,,3,,,,,,,,,,LUSE401
Jelly Nut Capsule,,,,313,70,5,11,28,1696,184,581,,,,,,31,6,,2802,,140,548,,,3,,,,,,,,,,LUSE402
Choropy Capsule,,,,313,50,5,9,27,1696,184,581,,,,,,31,4,,2803,,140,548,,,3,,,,,,,,,,LUSE403
Pumpkin Capsule,,,,313,90,5,12,28,1696,184,581,,,,,,31,8,,2804,,140,548,,,3,,,,,,,,,,LUSE404
Dalping Capsule,,,,313,300,5,23,30,1696,184,581,,,,,,31,23,,2805,,140,548,,,3,,,,,,,,,,LUSE405
Honey Bee Capsule,,,,313,120,5,14,28,1696,184,581,,,,,,31,10,,2806,,140,548,,,3,,,,,,,,,,LUSE406
Hornet Capsule,,,,313,210,5,19,29,1696,184,581,,,,,,31,17,,2807,,140,548,,,3,,,,,,,,,,LUSE407
Pomic Capsule,,,,313,150,5,16,29,1696,184,581,,,,,,31,13,,2808,,140,548,,,3,,,,,,,,,,LUSE408
Pomic Soldier Capsule,,,,313,180,5,18,29,1696,184,581,,,,,,31,15,,2809,,140,548,,,3,,,,,,,,,,LUSE409
Beetle Capsule,,,,313,270,5,22,30,1696,184,581,,,,,,31,21,,2810,,140,548,,,3,,,,,,,,,,LUSE410
Turtle Capsule,,,,313,380,5,26,30,1696,184,581,,,,,,31,27,,2811,,140,548,,,3,,,,,,,,,,LUSE411
Crack Capsule,,,,313,240,5,20,29,1696,184,581,,,,,,31,19,,2812,,140,548,,,3,,,,,,,,,,LUSE412
Rackie Capsule,,,,313,340,5,25,30,1696,184,581,,,,,,31,25,,2813,,140,548,,,3,,,,,,,,,,LUSE413
Woopie Capsule,,,,313,220,5,20,29,1696,184,581,,,,,,31,18,,2814,,140,548,,,3,,,,,,,,,,LUSE414
Moldie Capsule,,,,313,600,5,33,31,1696,184,581,,,,,,31,36,,2815,,140,548,,,3,,,,,,,,,,LUSE415
Krawfy Capsule,,,,313,1440,5,52,35,9009,184,581,,,,,,31,62,,2816,,140,548,,,3,,,,,,,,,,LUSE416
Porkie Capsule,,,,313,500,5,30,31,9009,184,581,,,,,,31,32,,2817,,140,548,,,3,,,,,,,,,,LUSE417
Grunter Capsule,,,,313,700,5,36,32,9010,184,581,,,,,,31,40,,2818,,140,548,,,3,,,,,,,,,,LUSE418
Grunter Leader Capsule,,,,313,1020,5,43,33,9011,184,581,,,,,,31,50,,2819,,140,548,,,3,,,,,,,,,,LUSE419
Kaiman Capsule,,,,313,1260,5,48,34,9009,184,581,,,,,,31,57,,2820,,140,548,,,3,,,,,,,,,,LUSE420
Doonga Capsule,,,,313,1120,5,46,34,9010,184,581,,,,,,31,53,,2821,,140,548,,,3,,,,,,,,,,LUSE421
Doonga Warrior Capsule,,,,313,1370,5,50,34,9012,184,581,,,,,,31,60,,2822,,140,548,,,3,,,,,,,,,,LUSE422
Doonga Captain Capsule,,,,313,1720,5,57,36,9013,184,581,,,,,,31,68,,2823,,140,548,,,3,,,,,,,,,,LUSE423
Jewel Golem Capsule,,,,313,900,5,41,33,1697,184,581,,,,,,31,47,,2824,,140,548,,,3,,,,,,,,,,LUSE424
Aqua Guard Capsule,,,,313,440,5,28,31,9010,184,581,,,,,,31,29,,2825,,140,548,,,3,,,,,,,,,,LUSE425
Clown Capsule,,,,313,810,5,39,32,9009,184,581,,,,,,31,44,,2826,,140,548,,,3,,,,,,,,,,LUSE426
Candle Ghost Capsule,,,,313,930,5,41,33,1697,184,581,,,,,,31,48,,2827,,140,548,,,3,,,,,,,,,,LUSE427
Goblin Worker Capsule,,,,313,930,5,41,33,9009,184,581,,,,,,31,48,,2828,,140,548,,,3,,,,,,,,,,LUSE428
Goblin Guard Capsule,,,,313,1520,5,53,35,9010,184,581,,,,,,31,64,,2829,,140,548,,,3,,,,,,,,,,LUSE429
Goblin Warrior Capsule,,,,313,1640,5,55,35,9012,184,581,,,,,,31,67,,2830,,140,548,,,3,,,,,,,,,,LUSE430
Slag Capsule,,,,313,1780,5,28,30,9017,184,581,,,,,,75,2,,2831,,140,548,,,3,,,,,,,,,,LUSE431
Lunar Wolf Capsule,,,,313,1990,5,29,32,9018,184,581,,,,,,75,2,,2832,,140,548,,,3,,,,,,,,,,LUSE432
Yeti Capsule,,,,313,2480,5,31,35,9017,184,581,,,,,,75,2,,2833,,140,548,,,3,,,,,,,,,,LUSE433
Yeti Hunter Capsule,,,,313,2860,5,32,38,9019,184,581,,,,,,75,2,,2834,,140,548,,,3,,,,,,,,,,LUSE434
Yeti Guard Capsule,,,,313,3160,5,33,41,9020,184,581,,,,,,75,2,,2835,,140,548,,,3,,,,,,,,,,LUSE435
Yeti Rider Capsule,,,,313,3500,5,34,45,9017,184,581,,,,,,75,2,,2836,,140,548,,,3,,,,,,,,,,LUSE436
Goblin King Capsule,,,,313,3440,5,30,45,1697,184,581,,,,,,31,80,,2837,,140,548,,,3,,,,,,,,,,LUSE437
Cherry Smouly Capsule,,,,313,1000,5,30,45,1697,184,581,,,,,,31,40,,2838,,140,548,,,3,,,,,,,,,,LUSE438
Metal Moldie Capsule,,,,313,600,5,33,31,1697,184,581,,,,,,31,36,,5504,,140,548,,,3,,,,,,,,,,LUSE439
Chicken Capsule,,,,313,60,5,10,30,9009,184,581,,,,,,,,,2839,,140,548,,,3,,,,,,,,,,LUSE440
Astarot King Capsule,,,,313,0,5,30,50,1697,184,581,,,,,,31,155,,2844,,140,548,,,3,,,,,,,,,,LUSE441
Love Pig Capsule,,,,313,60,5,10,30,7835,184,581,,,,,,,,,2845,,140,548,,,3,,,,,,,,,,LUSE442
Shadow Knight Capsule,,,6,313,0,5,30,50,1697,184,581,,,,,,31,200,,2852,,140,548,,,3,,,,,,,,,,LUSE443
Clay Walker Capsule,,,,313,50,5,13,27,1696,184,581,,,,,,31,3,,2857,,140,548,,,3,,,,,,,,,,LUSE444
Stony Walker Capsule,,,,313,50,5,14,27,1696,184,581,,,,,,31,4,,2858,,140,548,,,3,,,,,,,,,,LUSE445
Red Jelly Bean Capsule,,,,313,80,5,10,28,1696,184,581,,,,,,31,7,,2859,,140,548,,,3,,,,,,,,,,LUSE446
Cowboy Pumpkin Capsule,,,,313,170,5,15,29,1696,184,581,,,,,,31,14,,2860,,140,548,,,3,,,,,,,,,,LUSE447
Kaiman Warrior Capsule,,,,313,1370,5,40,34,9012,184,581,,,,,,31,60,,2861,,140,548,,,3,,,,,,,,,,LUSE448
,,,,,,,,,,,,,,,,,,,,,,,,,,,,,,,,,,,,
Instance Point (+1),,,6,320,0,0,0,0,1544,136,,,,,,,,,82,1,,140,,,,,,,,,,,,,,LUSE450
Instance Point (+3),,,6,320,0,0,0,0,1544,136,,,,,,,,,82,3,,140,,,,,,,,,,,,,,LUSE451
Instance Point (+5),,,6,320,0,0,0,0,1544,136,,,,,,,,,82,5,,140,,,,,,,,,,,,,,LUSE452
Instance Point (+7),,,6,320,0,0,0,0,1544,136,,,,,,,,,82,7,,140,,,,,,,,,,,,,,LUSE453
Instance Point (+10),,,6,320,0,0,0,0,1544,136,,,,,,,,,82,10,,140,,,,,,,,,,,,,,LUSE454
Instance Point (+15),,,6,320,0,0,0,0,1544,136,,,,,,,,,82,15,,140,,,,,,,,,,,,,,LUSE455
Instance Point (+30),,,6,320,0,0,0,0,2939,136,,,,,,,,,82,30,,140,,,,,,,,,,,,,,LUSE456
Instance Point (+40),,,6,320,0,0,0,0,2940,136,,,,,,,,,82,40,,140,,,,,,,,,,,,,,LUSE457
Instance Point (+50),,,6,320,0,0,0,0,2941,136,,,,,,,,,82,50,,140,,,,,,,,,,,,,,LUSE458
Instance Point (+100),,,6,320,0,0,0,0,5278,136,,,,,,,,,82,100,,140,,,,,,,,,,,,,,LUSE459
Instance Point (+200),,,6,320,0,0,0,0,5279,136,,,,,,,,,82,200,,140,,,,,,,,,,,,,,LUSE460
Instance Point (+300),,,6,320,0,0,0,0,2942,136,,,,,,,,,82,300,,140,,,,,,,,,,,,,,LUSE461
Instance Point (+500),,,6,320,0,0,0,0,5280,136,,,,,,,,,82,500,,140,,,,,,,,,,,,,,LUSE462
Instance Point (+1000),,,6,320,0,0,0,0,5281,136,,,,,,,,,82,1000,,140,,,,,,,,,,,,,,LUSE463
,,,,,,,,,,,,,,,,,,,,,,,,,,,,,,,,,,,,
,,,,,,,,,,,,,,,,,,,,,,,,,,,,,,,,,,,,
,,,,,,,,,,,,,,,,,,,,,,,,,,,,,,,,,,,,
,,,,,,,,,,,,,,,,,,,,,,,,,,,,,,,,,,,,
,,,,,,,,,,,,,,,,,,,,,,,,,,,,,,,,,,,,
,,,,,,,,,,,,,,,,,,,,,,,,,,,,,,,,,,,,
,,,,,,,,,,,,,,,,,,,,,,,,,,,,,,,,,,,,
,,,,,,,,,,,,,,,,,,,,,,,,,,,,,,,,,,,,
Silent Allurer Capsule,,,,313,23526,5,30,50,9025,184,581,,,,,,31,185,,2849,,140,548,,,3,,,,,,,,,,LUSE472
Fearful Allurer Capsule,,,,313,23526,5,30,50,9025,184,581,,,,,,31,185,,2848,,140,548,,,3,,,,,,,,,,LUSE473
Tropical Fish,,,,313,1,5,1,50,1696,184,581,,,,,,31,10,,2850,,140,548,,,3,,,,,,,,,,LUSE474
Sky Land of Krayah Return Scroll,,,,313,2350,5,1,12,9542,151,584,,,,,,,,,3398,,140,548,,,3,,,,,2,,,,,LUSE475
Obliteration Field Return Scroll,,,,313,2350,5,1,12,9543,151,584,,,,,,,,,3399,,140,548,,,3,,,,,2,,,,,LUSE476
Forsaken Lake Return Scroll,,,,313,2350,5,1,12,9544,151,584,,,,,,,,,3400,,140,548,,,3,,,,,2,,,,,LUSE477
,,,,313,,,,,,,,,,,,,,,,,,,,,,,,,,,,,,,,
,,,,313,,,,,,,,,,,,,,,,,,,,,,,,,,,,,,,,
Mount Food (S),,,,351,50000,5,10,10,5363,117,584,,,,,,,,,10,,,,,,1,,,,,,,,,,LUSE480
Mount Food (M),,,,351,95000,5,20,20,5364,117,584,,,,,,,,,20,,,,,,1,,,,,,,,,,LUSE481
Mount Food (L),,,,351,140000,5,30,30,5365,117,584,,,,,,,,,30,,,,,,1,,,,,,,,,,LUSE482
Mount Food (XL),,,,351,200000,5,50,50,5366,117,584,,,,,,,,,50,,,,,,1,,,,,,,,,,LUSE483
Mount Food (XXL),,,,351,395000,5,100,100,5367,117,584,,,,,,,,,100,,,,,,1,,,,,,,,,,LUSE484
,,,,313,,,,,,,,,,,,,,,,,,,,,,,,,,,,,,,,
,,,,313,,,,,,,,,,,,,,,,,,,,,,,,,,,,,,,,
,,,,313,,,,,,,,,,,,,,,,,,,,,,,,,,,,,,,,
,,,,313,,,,,,,,,,,,,,,,,,,,,,,,,,,,,,,,
,,,,313,,,,,,,,,,,,,,,,,,,,,,,,,,,,,,,,
,,,,313,,,,,,,,,,,,,,,,,,,,,,,,,,,,,,,,
,,,,313,,,,,,,,,,,,,,,,,,,,,,,,,,,,,,,,
,,,,313,,,,,,,,,,,,,,,,,,,,,,,,,,,,,,,,
,,,,313,,,,,,,,,,,,,,,,,,,,,,,,,,,,,,,,
Halloween Tree,,,,313,100,5,10,30,6887,251,581,,,,,,,,,2884,,140,548,,,3,,,,,,,,1,,LUSE494
Sandstorm,,,6,319,0,0,0,10,1690,151,,,,,,,,,,,,3,,,,3,,,,,,,,,,LUSE495
Christmas Tree,,,,313,100,5,10,30,2044,251,581,,,,,,,,,2892,,140,548,,,3,,,,,,,,1,,LUSE496
Sand Castle,,,,313,100,5,10,30,2984,251,581,,,,,,,,,2896,,140,548,,,3,,,,,,,,1,,LUSE497
RAGE Porkie,,,6,313,500,5,30,31,1697,184,581,,,,,,31,32,,2846,,140,548,,,3,,,,,,,,,,LUSE498
Love Balloons,,,,313,100,5,10,30,7802,251,581,,,,,,,,,2899,,140,548,,,3,,,,,,,,,,LUSE499
Clan Beach Warp Scroll,,,6,316,15215,0,0,10,1690,151,,,,,,,,,,,,,,,,3,,,,,,,,,,LUSE500
Lions Plains Return Scroll ,,,2,316,0,0,0,10,1690,151,,,,,,,,,,,,101,,,,3,,,,,,,,,,LUSE501
Letter of the Akram Kingdom,,,2,316,0,0,0,10,1690,151,,,,,,,,,,,,102,,,,3,,,,,,,,,,LUSE502
Letter of the Akram Kingdom,,,2,316,0,0,0,10,1690,151,,,,,,,,,,,,103,,,,3,,,,,,,,,,LUSE503
Letter of the Akram Kingdom,,,2,316,0,0,0,10,1690,151,,,,,,,,,,,,104,,,,3,,,,,,,,,,LUSE504
Letter of the Akram Kingdom,,,2,316,0,0,0,10,1690,151,,,,,,,,,,,,105,,,,3,,,,,,,,,,LUSE505
Letter of the Akram Kingdom,,,2,316,0,0,0,10,1690,151,,,,,,,,,,,,106,,,,3,,,,,,,,,,LUSE506
Letter of the Akram Kingdom,,,2,316,0,0,0,10,1690,151,,,,,,,,,,,,107,,,,3,,,,,,,,,,LUSE507
Letter of the Akram Kingdom,,,2,316,0,0,0,10,1690,151,,,,,,,,,,,,108,,,,3,,,,,,,,,,LUSE508
Letter of the Akram Kingdom,,,2,316,0,0,0,10,1690,151,,,,,,,,,,,,109,,,,3,,,,,,,,,,LUSE509
Letter of the Akram Kingdom,,,2,316,0,0,0,10,1690,151,,,,,,,,,,,,110,,,,3,,,,,,,,,,LUSE510
,,,,316,,,,,,,,,,,,,,,,,,,,,,,,,,,,,,,,
No Name,,,,313,600,5,8,31,1697,184,581,,,,,,,,,5500,,140,548,,,3,,,,,,,,,,LUSE512
No Name,,,,322,6,0,1,10,1753,251,580,,,,,,,,1,1001,,,,,,3,,,,,,,,,,LUSE513
No Name,,,,322,6,0,1,10,1753,251,580,,,,,,,,1,1002,,,,,,3,,,,,,,,,,LUSE514
No Name,,,,322,6,0,1,10,1753,251,580,,,,,,,,1,1003,,,,,,3,,,,,,,,,,LUSE515
No Name,,,,313,1000,0,50,30,3233,184,581,,,,,,,,,2890,,140,548,,,3,,,,,,,,,,LUSE516
No Name,,,,322,1,1,1,100,1647,63,580,,,,,,,,0,2198,,,,,,3,,,,,,,,,,LUSE517
,,,,316,,,,,,,,,,,,,,,,,,,,,,,,,,,,,,,,
,,,,316,,,,,,,,,,,,,,,,,,,,,,,,,,,,,,,,
Duel,,,0,314,0,0,1,1,1704,871,580,,,,,,,,,27,0,140,548,,,3,,,,,,,,,,LUSE520
Self Target,,,0,314,0,0,1,1,1704,871,580,,,,,,,,,26,0,140,548,,,3,,,,,,,,,,LUSE521
,,,,,,,,,,,,,,,,,,,,,,,,,,,,,,,,,,,,
Small Health Herb,,,,311,375,1,1,10,5603,118,584,,,,,9,,,16,500,,140,548,,,1,,,,,,,,,,LUSE523
Medium Health Herb,,,,311,625,1,1,15,5604,118,584,,,,,9,,,16,900,,140,548,,,1,,,,,,,,,,LUSE524
Large Health Herb,,,,311,875,1,1,20,5605,118,584,,,,,9,,,16,1300,,140,548,,,1,,,,,,,,,,LUSE525
Superior Health Herb,,,,311,1000,1,1,25,5622,118,584,,,,,9,,,16,1450,,140,548,,,1,,,,,,,,,,LUSE526
Small Mana Herb,,,,311,375,1,1,10,5606,118,584,,,,,9,,,17,600,,140,548,,,1,,,,,,,,,,LUSE527
Medium Mana Herb,,,,311,625,1,1,15,5607,118,584,,,,,9,,,17,1000,,140,548,,,1,,,,,,,,,,LUSE528
Large Mana Herb,,,,311,875,1,1,20,5608,118,584,,,,,9,,,17,1400,,140,548,,,1,,,,,,,,,,LUSE529
Superior Mana Herb,,,,311,1000,1,1,25,5623,118,584,,,,,9,,,17,1550,,140,548,,,1,,,,,,,,,,LUSE530
Small Herbal Recovery,,,,311,625,1,1,15,5609,118,584,,,,,9,,,16,500,,140,548,,,1,,,17,500,,,,,,LUSE531
Medium Herbal Recovery,,,,311,875,1,1,20,5610,118,584,,,,,9,,,16,900,,140,548,,,1,,,17,900,,,,,,LUSE532
Large Herbal Recovery,,,,311,1000,1,1,25,5611,118,584,,,,,9,,,16,1300,,140,548,,,1,,,17,1300,,,,,,LUSE533
Superior Herbal Recovery,,,,311,1125,1,1,30,5624,118,584,,,,,9,,,16,1450,,140,548,,,1,,,17,1450,,,,,,LUSE534
Small Stamina Herb,,,,311,625,1,1,15,5612,118,584,,,,,9,,,76,100,,146,548,,,1,,,,,,,,,,LUSE535
Medium Stamina Herb,,,,311,875,1,1,20,5613,118,584,,,,,9,,,76,200,,146,548,,,1,,,,,,,,,,LUSE536
Large Stamina Herb,,,,311,1000,1,1,25,5614,118,584,,,,,9,,,76,300,,146,548,,,1,,,,,,,,,,LUSE537
Superior Stamina Herb,,,,311,1125,1,1,30,5625,118,584,,,,,9,,,76,400,,146,548,,,1,,,,,,,,,,LUSE538
Crate of Small Health Herbs,,,,353,7500,1,12,10,5642,182,584,20,1,404,10,9,,,5,,2,140,548,,,1,,,,,,,,,,LUSE539
Crate of Medium Health Herbs,,,,353,10000,1,12,15,5643,182,584,20,2,405,12,9,,,6,,2,140,548,,,1,,,,,,,,,,LUSE540
Crate of Large Health Herbs,,,,353,12500,1,12,20,5644,182,584,20,3,406,14,9,,,7,,2,140,548,,,1,,,,,,,,,,LUSE541
Crate of Superior Health Herbs,,,,353,15000,1,12,25,5645,182,584,20,4,407,,9,,,8,,2,140,548,,,1,,,,,,,,,,LUSE542
Crate of Small Mana Herbs,,,,353,7500,1,12,10,5655,182,584,20,1,408,10,9,,,9,,2,140,548,,,1,,,,,,,,,,LUSE543
Crate of Medium Mana Herbs,,,,353,10000,1,12,15,5656,182,584,20,2,409,12,9,,,10,,2,140,548,,,1,,,,,,,,,,LUSE544
Crate of Large Mana Herbs,,,,353,12500,1,12,20,5657,182,584,20,3,410,14,9,,,11,,2,140,548,,,1,,,,,,,,,,LUSE545
Crate of Superior Mana Herbs,,,,353,15000,1,12,25,5658,182,584,20,4,411,,9,,,12,,2,140,548,,,1,,,,,,,,,,LUSE546
Crate of Small Herbal Recoveries,,,,353,10000,1,12,15,5668,182,584,20,1,412,14,9,,,13,,2,140,548,,,1,,,,,,,,,,LUSE547
Crate of Medium Herbal Recoveries,,,,353,12500,1,12,20,5669,182,584,20,2,413,16,9,,,14,,2,140,548,,,1,,,,,,,,,,LUSE548
Crate of Large Herbal Recoveries,,,,353,15000,1,12,25,5670,182,584,20,3,414,18,9,,,15,,2,140,548,,,1,,,,,,,,,,LUSE549
Crate of Superior Herbal Recoveries,,,,353,17500,1,12,30,5671,182,584,20,4,415,,9,,,16,,2,140,548,,,1,,,,,,,,,,LUSE550
Coupon,,,3,316,0,0,0,10,2073,151,,,,,,,,,,,,801,548,,,1,,,,,,,,,,LUSE551
Crate of Small Stamina Herbs,,,,353,10000,1,12,15,5681,182,584,,,416,,9,,,17,,2,140,548,,,1,,,,,,,,,,LUSE552
Crate of Medium Stamina Herbs,,,,353,12500,1,12,20,5682,182,584,,,417,,9,,,18,,2,140,548,,,1,,,,,,,,,,LUSE553
Crate of Large Stamina Herbs,,,,353,15000,1,12,25,5683,182,584,,,418,,9,,,19,,2,140,548,,,1,,,,,,,,,,LUSE554
Crate of Superior Stamina Herbs,,,,353,17500,1,12,30,5684,182,584,,,419,,9,,,20,,2,140,548,,,1,,,,,,,,,,LUSE555
Crate of Platinum Arrows,,,,354,500,1,10,31,5694,182,584,20,1,422,,9,,,21,,3,140,548,,,1,,,,,,,,,,LUSE556
Crate of Storm Arrows,,,,354,750,1,10,42,5695,182,584,20,1,423,,9,,,22,,3,140,548,,,1,,,,,,,,,,LUSE557
Crate of Cherry Blossom Arrows,,,,354,1000,1,10,42,5696,182,584,20,2,424,,9,,,23,,3,140,548,,,1,,,,,,,,,,LUSE558
Crate of Vengeance Arrows,,,,354,1250,1,10,47,5697,182,584,20,3,425,,9,,,24,,3,140,548,,,1,,,,,,,,,,LUSE559
Crate of Angelic Arrows,,,,354,1500,1,10,51,5698,182,584,20,4,426,,9,,,25,,3,140,548,,,1,,,,,,,,,,LUSE560
,,,,,,,,,,,,,,,,,,,,,,,,,,,,,,,,,,,,LUSE561
,,,,,,,,,,,,,,,,,,,,,,,,,,,,,,,,,,,,LUSE562
,,,,,,,,,,,,,,,,,,,,,,,,,,,,,,,,,,,,LUSE563
Crate of Gold-Plated Bullets,,,,354,500,1,10,30,5707,182,584,20,1,430,,9,,,26,,3,140,548,,,1,,,,,,,,,,LUSE564
Crate of Platinum Bullets,,,,354,750,1,10,33,5708,182,584,20,1,431,,9,,,27,,3,140,548,,,1,,,,,,,,,,LUSE565
Crate of Chromium Bullets,,,,354,1000,1,10,38,5709,182,584,20,2,432,,9,,,28,,3,140,548,,,1,,,,,,,,,,LUSE566
Crate of Vortex Bullets,,,,354,1250,1,10,43,5710,182,584,20,3,433,,9,,,29,,3,140,548,,,1,,,,,,,,,,LUSE567
Crate of Nova Bullets,,,,354,1500,1,10,47,5711,182,584,20,4,434,,9,,,30,,3,140,548,,,1,,,,,,,,,,LUSE568
,,,,,,,,,,,,,,,,,,,,,,,,,,,,,,,,,,,,LUSE569
,,,,,,,,,,,,,,,,,,,,,,,,,,,,,,,,,,,,LUSE570
,,,,,,,,,,,,,,,,,,,,,,,,,,,,,,,,,,,,LUSE571
Crate of Poison Shells,,,,354,500,1,10,12,5720,182,584,20,1,438,,9,,,31,,3,140,548,,,1,,,,,,,,,,LUSE572
Crate of Fire Shells,,,,354,750,1,10,18,5721,182,584,20,1,439,,9,,,32,,3,140,548,,,1,,,,,,,,,,LUSE573
Crate of Rock Shells,,,,354,1000,1,10,20,5722,182,584,20,2,440,,9,,,33,,3,140,548,,,1,,,,,,,,,,LUSE574
Crate of Cluster Shells,,,,354,1250,1,10,35,5723,182,584,20,3,441,,9,,,34,,3,140,548,,,1,,,,,,,,,,LUSE575
Crate of Molten Shells,,,,354,1500,1,10,39,5724,182,584,20,4,442,,9,,,35,,3,140,548,,,1,,,,,,,,,,LUSE576
,,,,,,,,,,,,,,,,,,,,,,,,,,,,,,,,,,,,
,,,,,,,,,,,,,,,,,,,,,,,,,,,,,,,,,,,,
,,,,,,,,,,,,,,,,,,,,,,,,,,,,,,,,,,,,
Dirty Heart Stone,,,,350,5060,1,1,15,5587,164,584,,,,,9,,,36,1,3,140,548,,,1,,,,,,,,,,LUSE580
Treasure Map,,,6,316,10000,1,1,5,5325,161,584,,,,,,,,,,,122,,,,1,,,,,,,,,,LUSE581
Pirate's Treasure Chest,,,6,350,1,0,25,20,5326,161,584,,,,,,,,70,,5,140,548,,,1,,,,,,,,,,LUSE582
Race Event Scroll,,,2,316,0,0,0,10,6910,151,,,,,,,,,,,,398,,,,1,,,,,,,,,,LUSE583
Event Team Scroll,,,2,316,0,0,0,10,6911,151,,,,,,,,,,,,98,,,,1,,,,,,,,,,LUSE2176
Quiz Event Scroll,,,2,316,0,0,0,10,6909,151,,,,,,,,,,,,396,,,,1,,,,,,,,,,LUSE585
Suprise Birthday Suit,,,6,313,100,1,1,10,3853,251,,,,,,,,,,3085,,140,389,,,1,,,,,,,,,,LUSE586
Green Jelly Suit,,,6,313,100,1,1,10,3853,251,,,,,,,,,,3086,,140,389,,,1,,,,,,,,,,LUSE587
Red Jelly Suit,,,6,313,100,1,1,10,3853,251,,,,,,,,,,3087,,140,389,,,1,,,,,,,,,,LUSE588
Blue Jelly Suit,,,6,313,100,1,1,10,3853,251,,,,,,,,,,3088,,140,389,,,1,,,,,,,,,,LUSE589
Yellow Jelly Suit,,,6,313,100,1,1,10,3853,251,,,,,,,,,,3089,,140,389,,,1,,,,,,,,,,LUSE590
Info Team Scroll,,,2,316,0,0,0,10,8231,151,,,,,,,,,,,,158,,,,1,,,,,,,,,,LUSE591
Monster Event Scroll,,,2,316,0,0,0,10,8257,151,,,,,,,,,,,,434,,,,1,,,,,,,,,,LUSE592
,,,,316,,,,,,,,,,,,,,,,,,,,,,,,,,,,,,,,
Lucky Ghost,,,6,313,0,0,1,100,1697,184,581,,,,,,,,,5503,,140,548,,,1,,,,,,,,,,LUSE594
,,,,316,,,,,,,,,,,,,,,,,,,,,,,,,,,,,,,,
,,,,316,,,,,,,,,,,,,,,,,,,,,,,,,,,,,,,,
,,,,316,,,,,,,,,,,,,,,,,,,,,,,,,,,,,,,,
,,,,316,,,,,,,,,,,,,,,,,,,,,,,,,,,,,,,,
,,,,316,,,,,,,,,,,,,,,,,,,,,,,,,,,,,,,,
,,,,,,,,,,,,,,,,,,,,,,,,,,,,,,,,,,,,
Sit,,,0,314,0,0,1,1,1704,871,580,,,,,,,,,11,0,140,548,,,3,,,,,,,,,,LUSE601
Pick Up,,,0,314,0,0,1,1,1704,871,580,,,,,,,,,12,0,140,548,,,3,,,,,,,,,,LUSE602
Jump,,,0,314,15000,0,1,1,1704,871,580,,,,,,,,,13,0,140,548,,,3,,,,,,,,,,LUSE603
Levitation,,,0,314,15000,0,1,1,1704,871,580,,,,,,,,,14,0,140,548,,,3,,,,,,,,,,LUSE604
Auto Target,,,0,314,15000,0,1,1,1704,871,580,,,,,,,,,15,0,140,548,,,3,,,,,,,,,,LUSE605
Normal Attack,,,0,314,0,0,1,1,1704,871,580,,,,,,,,,16,0,140,548,,,3,,,,,,,,,,LUSE606
Drive Cart,,,0,314,1000,0,1,1,1704,871,580,,,,,,,,,17,0,140,548,,,3,,,,,,,77,,,LUSE607
,,,0,314,50,0,1,1,1704,871,580,,,,,,,,,18,0,140,548,,,,,,,,,,,,,
Party,,,0,314,0,0,1,1,1704,871,580,,,,,,,,,19,0,140,548,,,3,,,,,,,,,,LUSE609
Trade,,,0,314,0,0,1,1,1704,871,580,,,,,,,,,20,0,140,548,,,3,,,,,,,,,,LUSE610
Vending,,,0,314,0,0,1,1,1704,871,580,,,,,,,,,21,0,140,548,,,3,,,,,,,,,,LUSE611
Open Map,,,0,314,0,0,1,1,1704,871,580,,,,,,,,,22,0,140,548,,,,,,,,,,,,,LUSE612
,,,0,314,50,0,1,1,1704,871,580,,,,,,,,,23,0,140,548,,,,,,,,,,,,,
Follow,,,0,314,0,0,1,1,1704,871,580,,,,,,,,,24,0,140,548,,,3,,,,,,,,,,LUSE614
Ride Request,,,0,314,0,0,1,1,1704,871,580,,,,,,,,,25,0,140,548,,,3,,,,,,,,,,LUSE615
Alchemy Craft,,,0,314,25000,0,1,1,1704,871,580,,,,,,,,,60,0,140,548,,,3,,,,,,,,,,LUSE616
,,,0,314,50,0,1,1,1704,871,580,,,,,,,,,27,0,140,548,,,,,,,,,,,,,
Drive Castle Gear,,,0,314,1000,0,1,1,1704,871,580,,,,,,,,,28,0,140,548,,,3,,,,,,,,,,LUSE618
Ride Mount,,,0,314,1000,0,1,1,1704,871,580,,,,,,,,,70,0,140,548,,,3,,,,,,,,,,LUSE619
Recovery Kiss,,,0,314,1000,0,1,1,1704,871,580,,,,,,,,,30,0,140,548,,,3,,,,,,,,,,LUSE620
Charming Kiss,,,0,314,1000,0,1,1,1704,871,580,,,,,,,,,31,0,140,548,,,3,,,,,,,,,,LUSE621
Massage,,,0,314,1000,0,1,1,1704,871,580,,,,,,,,,32,0,140,548,,,3,,,,,,,,,,LUSE622
Donation (10 Zulie),,,0,314,1000,0,1,1,1704,871,580,,,,,,,,,33,0,140,548,,,3,,,,,,,,,,LUSE623
Donation (100 Zulie),,,0,314,1000,0,1,1,1704,871,580,,,,,,,,,34,0,140,548,,,3,,,,,,,,,,LUSE624
Dismiss Summon,,,0,314,0,0,1,1,1704,871,580,,,,,,,,,35,0,140,548,,,,,,,,,,,,,LUSE625
Command Summon,,,0,314,0,0,1,1,1704,871,580,,,,,,,,,36,0,140,548,,,,,,,,,,,,,LUSE626
Recall Summon,,,0,314,0,0,1,1,1704,871,580,,,,,,,,,37,0,140,548,,,,,,,,,,,,,LUSE627
Matt Test,,,0,314,1000,0,1,1,1704,871,580,,,,,,,,,1200,1180,140,548,,,3,,,,,,,,,,LUSE607
,,,0,314,50,0,1,1,1704,871,580,,,,,,,,,39,0,140,548,,,,,,,,,,,,,
,,,0,314,50,0,1,1,1704,871,580,,,,,,,,,40,0,140,548,,,,,,,,,,,,,
Hi!,,,6,314,1000,0,1,1,1704,871,580,,,,,,,,,41,0,140,548,,,3,,,,,,,,,,LUSE631
Grateful Bow,,,6,314,5000,0,1,1,1704,871,580,,,,,,,,,42,0,140,548,,,3,,,,,,,,,,LUSE632
Salutation,,,6,314,5000,0,1,1,1704,871,580,,,,,,,,,43,0,140,548,,,3,,,,,,,,,,LUSE633
Recovery Kiss,,,6,314,100,0,1,1,1704,871,580,,,,,,,,,44,0,140,548,,,3,,,,,,,,,,LUSE634
Charming Kiss,,,6,314,100,0,1,1,1704,871,580,,,,,,,,,45,0,140,548,,,3,,,,,,,,,,LUSE635
Laugh,,,6,314,1000,0,1,1,1704,871,580,,,,,,,,,46,0,140,548,,,3,,,,,,,,,,LUSE636
Fight Cheer,,,6,314,10000,0,1,1,1704,871,580,,,,,,,,,47,0,140,548,,,3,,,,,,,,,,LUSE637
Tantrum,,,6,314,10000,0,1,1,1704,871,580,,,,,,,,,48,0,140,548,,,3,,,,,,,,,,LUSE638
????,,,6,314,10000,0,1,1,1704,871,580,,,,,,,,,49,0,140,548,,,3,,,,,,,,,,LUSE639
????,,,6,314,100,0,1,1,1704,871,580,,,,,,,,,50,0,140,548,,,3,,,,,,,,,,LUSE640
,,,0,314,0,0,1,1,1704,871,580,,,,,,,,,,,140,548,,,,,,,,,,,,,
Upset,,,6,314,25000,0,1,1,1704,871,580,,,,,,,,,90,0,140,548,,,3,,,,,,,,,,LUSE642
Front Flip,,,6,314,50000,0,1,1,1704,871,580,,,,,,,,,91,0,140,548,,,3,,,,,,,,,,LUSE643
Devastated,,,6,314,50000,0,1,1,1704,871,580,,,,,,,,,92,0,140,548,,,3,,,,,,,,,,LUSE644
Rest,,,6,314,25000,0,1,1,1704,871,580,,,,,,,,,93,0,140,548,,,3,,,,,,,,,,LUSE645
Sleep,,,6,314,50000,0,1,1,1704,871,580,,,,,,,,,94,0,140,548,,,3,,,,,,,,,,LUSE646
Workout,,,6,314,100000,0,1,1,1704,871,580,,,,,,,,,95,0,140,548,,,3,,,,,,,,,,LUSE647
Mime,,,6,314,25000,0,1,1,1704,871,580,,,,,,,,,96,0,140,548,,,3,,,,,,,,,,LUSE648
Big Wave,,,6,314,100000,0,1,1,1704,871,580,,,,,,,,,97,0,140,548,,,3,,,,,,,,,,LUSE649
,,,0,314,0,0,1,1,1704,871,580,,,,,,,,,,,140,548,,,,,,,,,,,,,
Weapon Mastery,,,6,314,0,0,1,10,1705,871,580,,,,,,,,,201,0,140,548,,,3,,,,,,,,,,LUSE651
One-Handed Mastery,,,6,314,0,0,1,70,1705,871,580,,,,,,,,,211,0,140,548,,,3,,,,,,,,,,LUSE652
Two-Handed Mastery,,,6,314,0,0,1,70,1705,871,580,,,,,,,,,221,0,140,548,,,3,,,,,,,,,,LUSE653
Harden Body,,,6,314,0,0,1,10,1705,871,580,,,,,,,,,231,0,140,548,,,3,,,,,,,,,,LUSE654
Armor Mastery,,,6,314,0,0,1,20,1705,871,580,,,,,,,,,251,0,140,548,,,3,,,,,,,,,,LUSE655
Crossbow Mastery,,,6,314,0,0,1,40,1705,871,580,,,,,,,,,271,0,140,548,,,3,,,,,,,,,,LUSE656
Quick Step,,,6,314,0,0,1,30,1705,871,580,,,,,,,,,281,0,140,548,,,3,,,,,,,,,,LUSE657
Mental Mastery,,,6,314,0,0,1,30,1705,871,580,,,,,,,,,291,0,140,548,,,3,,,,,,,,,,LUSE658
Heavy Attack,,,6,314,0,0,1,10,1703,871,580,,,,,,,,,301,0,140,548,,,3,,,,,,,,,,LUSE659
Double Attack,,,6,314,0,0,1,15,1703,871,580,,,,,,,,,321,0,140,548,,,3,,,,,,,,,,LUSE660
Leap Attack,,,6,314,0,0,1,30,1703,871,580,,,,,,,,,341,0,140,548,,,3,,,,,,,,,,LUSE661
Berserk,,,6,314,0,0,1,25,1703,871,580,,,,,,,,,361,0,140,548,,,3,,,,,,,,,,LUSE662
Shield Protect,,,6,314,0,0,1,30,1703,871,580,,,,,,,,,371,0,140,548,,,3,,,,,,,,,,LUSE663
Shield Barrier,,,6,314,0,0,1,35,1703,871,580,,,,,,,,,381,0,140,548,,,3,,,,,,,,,,LUSE664
Divine Force,,,6,314,0,0,1,50,1703,871,580,,,,,,,,,391,0,140,548,,,3,,,,,,,,,,LUSE665
Spin Attack,,,6,314,0,0,1,60,1703,871,580,,,,,,,,,401,0,140,548,,,3,,,,,,,,,,LUSE666
Taunt,,,6,314,0,0,1,45,1703,871,580,,,,,,,,,411,0,140,548,,,3,,,,,,,,,,LUSE667
Endure,,,6,314,0,0,1,55,1703,871,580,,,,,,,,,421,0,140,548,,,3,,,,,,,,,,LUSE668
,,,0,314,150,0,1,0,1703,871,580,,,,,,,,,,,140,548,,,,,,,,,,,,,
,,,0,314,150,0,1,0,1703,871,580,,,,,,,,,,,140,548,,,,,,,,,,,,,
Religious Study,,,6,314,0,0,1,70,1705,871,580,,,,,,,,,451,0,140,548,,,3,,,,,,,,,,LUSE671
Taunt Shot,,,6,314,0,0,1,55,1703,871,580,,,,,,,,,471,0,140,548,,,3,,,,,,,,,,LUSE672
Heavy Bow Shot,,,6,314,0,0,1,45,1703,871,580,,,,,,,,,481,0,140,548,,,3,,,,,,,,,,LUSE673
Slow Shot,,,6,314,0,0,1,70,1703,871,580,,,,,,,,,491,0,140,548,,,3,,,,,,,,,,LUSE674
Range Shot,,,6,314,0,0,1,80,1703,871,580,,,,,,,,,501,0,140,548,,,3,,,,,,,,,,LUSE675
Impact Wave,,,6,314,0,0,1,80,1703,871,580,,,,,,,,,511,0,140,548,,,3,,,,,,,,,,LUSE676
Lightning Crasher,,,6,314,0,0,1,90,1703,871,580,,,,,,,,,521,0,140,548,,,3,,,,,,,,,,LUSE677
Holy Blood,,,6,314,0,0,1,70,1703,871,580,,,,,,,,,531,0,140,548,,,3,,,,,,,,,,LUSE678
,,,0,314,150,0,1,0,1703,871,580,,,,,,,,,,,140,548,,,3,,,,,,,,,,
,,,0,314,150,0,1,0,1703,871,580,,,,,,,,,,,140,548,,,,,,,,,,,,,
,,,0,314,150,0,1,0,1703,871,580,,,,,,,,,,,140,548,,,,,,,,,,,,,
,,,0,314,150,0,1,0,1703,871,580,,,,,,,,,,,140,548,,,,,,,,,,,,,
,,,0,314,150,0,1,0,1703,871,580,,,,,,,,,,,140,548,,,,,,,,,,,,,
,,,0,314,150,0,1,0,1703,871,580,,,,,,,,,,,140,548,,,,,,,,,,,,,
,,,0,314,150,0,1,0,1703,871,580,,,,,,,,,,0,140,548,,,,,,,,,,,,,
Championship Study,,,6,314,0,0,1,70,1705,871,580,,,,,,,,,601,0,140,548,,,3,,,,,,,,,,LUSE686
Sharpen Blade,,,6,314,0,0,1,70,1703,871,580,,,,,,,,,621,0,140,548,,,3,,,,,,,,,,LUSE687
Raging Blood,,,6,314,0,0,1,75,1703,871,580,,,,,,,,,631,0,140,548,,,3,,,,,,,,,,LUSE688
Champion Clamor,,,6,314,0,0,1,75,1703,871,580,,,,,,,,,641,0,140,548,,,3,,,,,,,,,,LUSE689
Blood Attack,,,6,314,0,0,1,40,1703,871,580,,,,,,,,,651,0,140,548,,,3,,,,,,,,,,LUSE690
Space Attack,,,6,314,0,0,1,90,1703,871,580,,,,,,,,,661,0,140,548,,,3,,,,,,,,,,LUSE691
Champion Hit,,,6,314,0,0,1,80,1703,871,580,,,,,,,,,671,0,140,548,,,3,,,,,,,,,,LUSE692
,,,0,314,150,0,1,0,1703,871,580,,,,,,,,,,,140,548,,,,,,,,,,,,,
,,,0,314,150,0,1,0,1703,871,580,,,,,,,,,,,140,548,,,,,,,,,,,,,
,,,0,314,150,0,1,0,1703,871,580,,,,,,,,,,,140,548,,,,,,,,,,,,,
,,,0,314,150,0,1,0,1703,871,580,,,,,,,,,,,140,548,,,,,,,,,,,,,
,,,0,314,150,0,1,0,1703,871,580,,,,,,,,,,,140,548,,,,,,,,,,,,,
,,,0,314,150,0,1,0,1703,871,580,,,,,,,,,,,140,548,,,,,,,,,,,,,
,,,0,314,150,0,1,0,1703,871,580,,,,,,,,,,,140,548,,,,,,,,,,,,,
,,,0,314,150,0,1,0,1703,871,580,,,,,,,,,,,140,548,,,,,,,,,,,,,
Magic Arms Mastery,,,6,314,0,0,1,10,1705,871,580,,,,,,,,,801,0,140,548,,,3,,,,,,,,,,LUSE701
Meditation,,,6,314,0,0,1,10,1705,871,580,,,,,,,,,821,0,140,548,,,3,,,,,,,,,,LUSE702
Spell Mastery,,,6,314,0,0,1,10,1705,871,580,,,,,,,,,841,0,140,548,,,3,,,,,,,,,,LUSE703
Summon Mastery,,,6,314,0,0,1,40,1705,871,580,,,,,,,,,861,0,140,548,,,3,,,,,,,,,,LUSE704
0,,,0,314,150,0,1,0,1705,871,580,,,,,,,,,871,0,140,548,,,3,,,,,,,,,,LUSE705
0,,,0,314,150,0,1,0,1705,871,580,,,,,,,,,881,0,140,548,,,3,,,,,,,,,,LUSE706
Fire Ring,,,6,314,0,0,1,25,1703,871,580,,,,,,,,,911,0,140,548,,,3,,,,,,,,,,LUSE707
Mana Bolt,,,6,314,0,0,1,10,1703,871,580,,,,,,,,,901,0,140,548,,,3,,,,,,,,,,LUSE708
Healing,,,6,314,0,0,1,20,1703,871,580,,,,,,,,,921,0,140,548,,,3,,,,,,,,,,LUSE709
Cure,,,6,314,0,0,1,10,1703,871,580,,,,,,,,,931,0,140,548,,,3,,,,,,,,,,LUSE710
Staff Stun,,,6,314,0,0,1,30,1703,871,580,,,,,,,,,941,0,140,548,,,3,,,,,,,,,,LUSE711
Lightning,,,6,314,0,0,1,35,1703,871,580,,,,,,,,,951,0,140,548,,,3,,,,,,,,,,LUSE712
Dash Support,,,6,314,0,0,1,25,1703,871,580,,,,,,,,,961,0,140,548,,,3,,,,,,,,,,LUSE713
Blessing Body,,,6,314,0,0,1,35,1703,871,580,,,,,,,,,971,0,140,548,,,3,,,,,,,,,,LUSE714
Ice Bolt,,,6,314,0,0,1,15,1703,871,580,,,,,,,,,981,0,140,548,,,3,,,,,,,,,,LUSE715
Enchant Armor,,,6,314,0,0,1,50,1703,871,580,,,,,,,,,991,0,140,548,,,3,,,,,,,,,,LUSE716
Freeze,,,6,314,0,0,1,80,1703,871,580,,,,,,,,,1001,0,140,548,,,3,,,,,,,,,,LUSE717
Defense Aura,,,6,314,0,0,1,70,1703,871,580,,,,,,,,,1011,0,140,548,,,3,,,,,,,,,,LUSE718
Power Support,,,6,314,0,0,1,30,1703,871,580,,,,,,,,,1021,0,140,548,,,3,,,,,,,,,,LUSE719
Mild,,,6,314,0,0,1,50,1703,871,580,,,,,,,,,1031,0,140,548,,,3,,,,,,,,,,LUSE720
Purify,,,6,314,0,0,1,70,1703,871,580,,,,,,,,,1041,0,140,548,,,3,,,,,,,,,,LUSE721
Blessing Mind,,,6,314,0,0,1,55,1703,871,580,,,,,,,,,1051,0,140,548,,,3,,,,,,,,,,LUSE722
Fire Burn,,,6,314,0,0,1,75,1703,871,580,,,,,,,,,1061,0,140,548,,,3,,,,,,,,,,LUSE723
Silence,,,6,314,0,0,1,75,1703,871,580,,,,,,,,,1071,0,140,548,,,3,,,,,,,,,,LUSE724
Wind Storm,,,6,314,0,0,1,55,1703,871,580,,,,,,,,,1081,0,140,548,,,3,,,,,,,,,,LUSE725
Meteorite Flow,,,6,314,0,0,1,90,1703,871,580,,,,,,,,,1091,0,140,548,,,3,,,,,,,,,,LUSE726
Ice Bang,,,6,314,0,0,1,95,1703,871,580,,,,,,,,,1101,0,140,548,,,3,,,,,,,,,,LUSE727
,,,0,314,150,0,1,0,1703,871,580,,,,,,,,,1111,0,140,548,,,3,,,,,,,,,,LUSE728
,,,0,314,150,0,1,0,1703,871,580,,,,,,,,,1121,0,140,548,,,3,,,,,,,,,,LUSE729
Resurrection,,,6,314,0,0,1,70,1703,871,580,,,,,,,,,1131,0,140,548,,,3,,,,,,,,,,LUSE730
Curse,,,6,314,0,0,1,40,1703,871,580,,,,,,,,,1141,0,140,548,,,3,,,,,,,,,,LUSE731
Call Butterfly,,,6,314,0,0,1,25,1704,871,580,,,,,,,,,1151,0,140,548,,,3,,,,,,,,,,LUSE732
Bonfire,,,6,314,0,0,1,30,1704,871,580,,,,,,,,,1161,0,140,548,,,3,,,,,,,,,,LUSE733
Phantom Sword,,,6,314,0,0,1,40,1704,871,580,,,,,,,,,1171,0,140,548,,,3,,,,,,,,,,LUSE734
Call Elemental,,,6,314,0,0,1,90,1704,871,580,,,,,,,,,1181,0,140,548,,,3,,,,,,,,,,LUSE735
Call Firegon,,,6,314,0,0,1,80,1704,871,580,,,,,,,,,1191,0,140,548,,,3,,,,,,,,,,LUSE736
Battle Support,,,6,314,0,0,1,75,1703,871,580,,,,,,,,,1201,0,140,548,,,3,,,,,,,,,,LUSE737
Damage Support,,,6,314,0,0,1,85,1703,871,580,,,,,,,,,1211,0,140,548,,,3,,,,,,,,,,LUSE738
Hit Support,,,6,314,0,0,1,45,1703,871,580,,,,,,,,,1221,0,140,548,,,3,,,,,,,,,,LUSE739
Critical Support,,,6,314,0,0,1,90,1703,871,580,,,,,,,,,1231,0,140,548,,,3,,,,,,,,,,LUSE740
Magical Aura,,,6,314,0,0,1,80,1703,871,580,,,,,,,,,1241,0,140,548,,,3,,,,,,,,,,LUSE741
Evasion Aura,,,6,314,0,0,1,85,1703,871,580,,,,,,,,,1251,0,140,548,,,3,,,,,,,,,,LUSE742
Unholy Drain,,,6,314,0,0,1,100,1703,871,580,,,,,,,,,3791,0,140,548,,,3,,,,,,,,,,LUSE743
Magic Arrow,,,6,314,0,0,1,100,1703,871,580,,,,,,,,,3792,0,140,548,,,3,,,,,,,,,,LUSE744
,,,0,314,150,0,1,0,1705,871,580,,,,,,,,,,,140,548,,,,,,,,,,,,,
,,,0,314,150,0,1,0,1705,871,580,,,,,,,,,,,140,548,,,,,,,,,,,,,
,,,0,314,150,0,1,0,1705,871,580,,,,,,,,,,,140,548,,,,,,,,,,,,,
,,,0,314,150,0,1,0,1705,871,580,,,,,,,,,,,140,548,,,,,,,,,,,,,
,,,0,314,150,0,1,0,1705,871,580,,,,,,,,,,,140,548,,,,,,,,,,,,,
Glaive Mastery,,,6,314,0,0,1,0,1705,871,580,,,,,,,,,1391,0,140,548,,,3,,,,,,,,,,LUSE750
Bow Mastery,,,6,314,0,0,1,10,1705,871,580,,,,,,,,,1401,0,140,548,,,3,,,,,,,,,,LUSE751
Combat Mastery,,,6,314,0,0,1,10,1705,871,580,,,,,,,,,1421,0,140,548,,,3,,,,,,,,,,LUSE752
Rest Mastery,,,6,314,0,0,1,20,1705,871,580,,,,,,,,,1441,0,140,548,,,3,,,,,,,,,,LUSE753
Hawker Spirit,,,6,314,0,0,1,25,1703,871,580,,,,,,,,,1451,0,140,548,,,3,,,,,,,,,,LUSE754
Battle Mastery,,,6,314,0,0,1,20,1705,871,580,,,,,,,,,1461,0,140,548,,,3,,,,,,,,,,LUSE755
Aim Shot,,,6,314,0,0,1,10,1703,871,580,,,,,,,,,1481,0,140,548,,,3,,,,,,,,,,LUSE756
Power Attack,,,6,314,0,0,1,10,1703,871,580,,,,,,,,,1501,0,140,548,,,3,,,,,,,,,,LUSE757
Double Shot,,,6,314,0,0,1,20,1703,871,580,,,,,,,,,1521,0,140,548,,,3,,,,,,,,,,LUSE758
Double Slash,,,6,314,0,0,1,20,1703,871,580,,,,,,,,,1541,0,140,548,,,3,,,,,,,,,,LUSE759
Sprint,,,6,314,0,0,1,30,1703,871,580,,,,,,,,,1561,0,140,548,,,3,,,,,,,,,,LUSE760
Spiral Kick,,,6,314,0,0,1,40,1703,871,580,,,,,,,,,1571,0,140,548,,,3,,,,,,,,,,LUSE761
Binding Arrow,,,6,314,0,0,1,35,1703,871,580,,,,,,,,,1581,0,140,548,,,3,,,,,,,,,,LUSE762
Screw Attack,,,6,314,0,0,1,40,1703,871,580,,,,,,,,,1591,0,140,548,,,3,,,,,,,,,,LUSE763
Spirit Heart,,,6,314,0,0,1,50,1703,871,580,,,,,,,,,1601,0,140,548,,,3,,,,,,,,,,LUSE764
Prime Hit,,,6,314,0,0,1,90,1703,871,580,,,,,,,,,1611,0,140,548,,,3,,,,,,,,,,LUSE765
Poison Arrow,,,6,314,0,0,1,75,1703,871,580,,,,,,,,,1621,0,140,548,,,3,,,,,,,,,,LUSE766
Power Burst,,,6,314,0,0,1,70,1703,871,580,,,,,,,,,1511,0,140,548,,,3,,,,,,,,,,LUSE767
,,,0,314,150,0,1,0,1703,871,580,,,,,,,,,,,140,548,,,,,,,,,,,,,
,,,0,314,150,0,1,0,1703,871,580,,,,,,,,,,,140,548,,,,,,,,,,,,,
Flame Hawk,,,6,314,0,0,1,70,1703,871,580,,,,,,,,,1641,0,140,548,,,3,,,,,,,,,,LUSE770
Natural Instinct,,,6,314,0,0,1,70,1705,871,580,,,,,,,,,1651,0,140,548,,,3,,,,,,,,,,LUSE771
Detect,,,6,314,0,0,1,70,1703,871,580,,,,,,,,,1671,0,140,548,,,3,,,,,,,,,,LUSE772
Speed Shot,,,6,314,0,0,1,55,1703,871,580,,,,,,,,,1681,0,140,548,,,3,,,,,,,,,,LUSE773
Sharpen Arrow,,,6,314,0,0,1,70,1703,871,580,,,,,,,,,1691,0,140,548,,,3,,,,,,,,,,LUSE774
Hawk Shot,,,6,314,0,0,1,80,1703,871,580,,,,,,,,,1701,0,140,548,,,3,,,,,,,,,,LUSE775
Call Hawk,,,6,314,0,0,1,80,1704,871,580,,,,,,,,,1711,0,140,548,,,3,,,,,,,,,,LUSE776
Interrogate,,,6,314,0,0,1,50,1703,871,580,,,,,,,,,1721,0,140,548,,,3,,,,,,,,,,LUSE777
,,,0,314,150,0,1,0,1703,871,580,,,,,,,,,1731,0,140,548,,,3,,,,,,,,,,LUSE778
,,,0,314,150,0,1,0,1703,871,580,,,,,,,,,,,140,548,,,,,,,,,,,,,
,,,0,314,150,0,1,0,1703,871,580,,,,,,,,,,,140,548,,,,,,,,,,,,,
,,,0,314,150,0,1,0,1703,871,580,,,,,,,,,,,140,548,,,,,,,,,,,,,
,,,0,314,150,0,1,0,1703,871,580,,,,,,,,,,,140,548,,,,,,,,,,,,,
,,,0,314,150,0,1,0,1703,871,580,,,,,,,,,,,140,548,,,,,,,,,,,,,
,,,0,314,150,0,1,0,1703,871,580,,,,,,,,,,,140,548,,,,,,,,,,,,,
,,,0,314,150,0,1,0,1703,871,580,,,,,,,,,,,140,548,,,,,,,,,,,,,
Shuriken Mastery,,,6,314,0,0,1,70,1705,871,580,,,,,,,,,1801,0,140,548,,,3,,,,,,,,,,LUSE786
Sharp Claw,,,6,314,0,0,1,70,1703,871,580,,,,,,,,,1821,0,140,548,,,3,,,,,,,,,,LUSE787
Mana Blood,,,6,314,0,0,1,70,1703,871,580,,,,,,,,,1831,0,140,548,,,3,,,,,,,,,,LUSE788
Stealth,,,6,314,0,0,1,75,1703,871,580,,,,,,,,,1841,0,140,548,,,3,,,,,,,,,,LUSE789
Poison Shuriken,,,6,314,0,0,1,80,1703,871,580,,,,,,,,,1851,0,140,548,,,3,,,,,,,,,,LUSE790
Red Cloud,,,6,314,0,0,1,90,1703,871,580,,,,,,,,,1861,0,140,548,,,3,,,,,,,,,,LUSE791
Magic Shuriken,,,6,314,0,0,1,85,1703,871,580,,,,,,,,,1871,0,140,548,,,3,,,,,,,,,,LUSE792
0,,,0,314,150,0,1,0,1703,871,580,,,,,,,,,1881,0,140,548,,,3,,,,,,,,,,LUSE793
,,,0,314,150,0,1,0,1703,871,580,,,,,,,,,,,140,548,,,,,,,,,,,,,
Clothing Shop Coupon,,,,321,25000,0,1,29,2549,151,,,,,,,,,96,1440,0,140,,,,3,,,,,,,,,,LUSE795
Dessert Shop Coupon,,,,321,25000,0,1,30,2550,151,,,,,,,,,96,1440,0,140,,,,3,,,,,,,,,,LUSE796
Weapon Shop Coupon,,,,321,25000,0,1,31,2551,151,,,,,,,,,96,1440,0,140,,,,3,,,,,,,,,,LUSE797
Bookstore Shop Coupon,,,,321,25000,0,1,32,2552,151,,,,,,,,,96,1440,0,140,,,,3,,,,,,,,,,LUSE798
Toy Dispenser Shop Coupon,,,,321,25000,0,1,33,2553,151,,,,,,,,,96,1440,0,140,,,,3,,,,,,,,,,LUSE799
Money Cat Shop Coupon,,,,321,25000,0,1,34,2554,151,,,,,,,,,96,1440,0,140,,,,3,,,,,,,,,,LUSE800
Market Research,,,6,314,0,0,1,10,1705,871,580,,,,,,,,,2001,0,140,548,,,3,,,,,,,,,,LUSE801
Marksmanship,,,6,314,0,0,1,10,1705,871,580,,,,,,,,,2021,0,140,548,,,3,,,,,,,,,,LUSE802
Backpack Mastery,,,6,314,0,0,1,15,1705,871,580,,,,,,,,,2041,0,140,548,,,3,,,,,,,,,,LUSE803
Discount,,,6,314,0,0,1,20,1705,871,580,,,,,,,,,2051,0,140,548,,,3,,,,,,,,,,LUSE804
Overcharge,,,6,314,0,0,1,70,1705,871,580,,,,,,,,,2071,0,140,548,,,3,,,,,,,,,,LUSE805
Stockpile,,,6,314,0,0,1,30,1705,871,580,,,,,,,,,2091,0,140,548,,,3,,,,,,,,,,LUSE806
Employ Troops,,,6,314,0,0,1,40,1705,871,580,,,,,,,,,2101,0,140,548,,,3,,,,,,,,,,LUSE807
Weapon Research,,,6,314,0,0,1,20,1705,871,580,,,,,,,,,2111,0,140,548,,,3,,,,,,,,,,LUSE808
Armor Research,,,6,314,0,0,1,30,1705,871,580,,,,,,,,,2131,0,140,548,,,3,,,,,,,,,,LUSE809
Arms Mastery,,,6,314,0,0,1,20,1705,871,580,,,,,,,,,2141,0,140,548,,,3,,,,,,,,,,LUSE810
Craft Mastery,,,6,314,0,0,1,20,1705,871,580,,,,,,,,,2081,0,140,548,,,3,,,,,,,,,,LUSE811
,,,0,314,150,0,1,0,1705,871,580,,,,,,,,,2161,0,140,548,,,3,,,,,,,,,,LUSE812
0,,,0,314,150,0,1,0,1705,871,580,,,,,,,,,2171,0,140,548,,,3,,,,,,,,,,LUSE813
Sniper Blast,,,6,314,0,0,1,0,1705,871,580,,,,,,,,,2181,0,140,548,,,3,,,,,,,,,,LUSE814
Sniping Shot,,,6,314,0,0,1,75,1703,871,580,,,,,,,,,2211,0,140,548,,,3,,,,,,,,,,LUSE815
Power Gun Shot,,,6,314,0,0,1,10,1703,871,580,,,,,,,,,2201,0,140,548,,,3,,,,,,,,,,LUSE816
Twin Shot,,,6,314,0,0,1,20,1703,871,580,,,,,,,,,2221,0,140,548,,,3,,,,,,,,,,LUSE817
Trigger Finger,,,6,314,0,0,1,25,1703,871,580,,,,,,,,,2241,0,140,548,,,3,,,,,,,,,,LUSE818
Intensify Armor,,,6,314,0,0,1,35,1703,871,580,,,,,,,,,2251,0,140,548,,,3,,,,,,,,,,LUSE819
Aim Sight,,,6,314,0,0,1,70,1703,871,580,,,,,,,,,2261,0,140,548,,,3,,,,,,,,,,LUSE820
Poison Shot,,,6,314,0,0,1,40,1703,871,580,,,,,,,,,2271,0,140,548,,,3,,,,,,,,,,LUSE821
Gun Smash,,,6,314,0,0,1,30,1703,871,580,,,,,,,,,2281,0,140,548,,,3,,,,,,,,,,LUSE822
0,,,0,314,150,0,1,0,1703,871,580,,,,,,,,,2291,0,140,548,,,3,,,,,,,,,,LUSE823
Zuly Storm,,,6,314,0,0,1,80,1703,871,580,,,,,,,,,2301,0,140,548,,,3,,,,,,,,,,LUSE824
Zuly Throw,,,6,314,0,0,1,50,1703,871,580,,,,,,,,,2311,0,140,548,,,3,,,,,,,,,,LUSE825
0,,,0,314,150,0,1,0,1703,871,580,,,,,,,,,2321,0,140,548,,,3,,,,,,,,,,LUSE826
0,,,0,314,150,0,1,0,1703,871,580,,,,,,,,,2331,0,140,548,,,3,,,,,,,,,,LUSE827
0,,,0,314,150,0,1,0,1703,871,580,,,,,,,,,2341,0,140,548,,,3,,,,,,,,,,LUSE828
Employ Warrior,,,6,314,0,0,1,40,1704,871,580,,,,,,,,,2351,0,140,548,,,3,,,,,,,,,,LUSE829
Employ Hunter,,,6,314,0,0,1,70,1704,871,580,,,,,,,,,2361,0,140,548,,,3,,,,,,,,,,LUSE830
Terror Knight,,,6,314,0,0,1,80,1704,871,580,,,,,,,,,2371,0,140,548,,,3,,,,,,,,,,LUSE831
Item Craft,,,6,314,0,0,1,20,1704,871,580,,,,,,,,,2401,0,140,548,,,3,,,,,,,,,,LUSE832
SubItem Craft,,,6,314,0,0,1,20,1704,871,580,,,,,,,,,2411,0,140,548,,,3,,,,,,,,,,LUSE833
Sword Craft,,,6,314,0,0,1,25,1704,871,580,,,,,,,,,2431,0,140,548,,,3,,,,,,,,,,LUSE834
Mace Craft,,,6,314,0,0,1,25,1704,871,580,,,,,,,,,2451,0,140,548,,,3,,,,,,,,,,LUSE835
Bow Craft,,,6,314,0,0,1,25,1704,871,580,,,,,,,,,2471,0,140,548,,,3,,,,,,,,,,LUSE836
Magic Weapon Craft,,,6,314,0,0,1,25,1704,871,580,,,,,,,,,2491,0,140,548,,,3,,,,,,,,,,LUSE837
Gun Craft,,,6,314,0,0,1,25,1704,871,580,,,,,,,,,2511,0,140,548,,,3,,,,,,,,,,LUSE838
Clothing Craft,,,6,314,0,0,1,35,1704,871,580,,,,,,,,,2531,0,140,548,,,3,,,,,,,,,,LUSE839
0,,,0,314,150,0,1,0,1704,871,580,,,,,,,,,2541,0,140,548,,,3,,,,,,,,,,LUSE840
Armor Craft,,,6,314,0,0,1,35,1704,871,580,,,,,,,,,2551,0,140,548,,,3,,,,,,,,,,LUSE841
0,,,0,314,150,0,1,0,1704,871,580,,,,,,,,,2561,0,140,548,,,3,,,,,,,,,,LUSE842
Magic Armor Craft,,,6,314,0,0,1,35,1704,871,580,,,,,,,,,2571,0,140,548,,,3,,,,,,,,,,LUSE843
0,,,0,314,150,0,1,0,1704,871,580,,,,,,,,,2581,0,140,548,,,3,,,,,,,,,,LUSE844
Cart Craft,,,6,314,0,0,1,70,1704,871,580,,,,,,,,,2591,0,140,548,,,3,,,,,,,,,,LUSE845
CastleGear Craft,,,6,314,0,0,1,80,1704,871,580,,,,,,,,,2601,0,140,548,,,3,,,,,,,,,,LUSE846
Gem Cutting,,,6,314,0,0,1,70,1704,871,580,,,,,,,,,2611,0,140,548,,,3,,,,,,,,,,LUSE847
Item Divide,,,6,314,0,0,1,50,1704,871,580,,,,,,,,,2621,0,140,548,,,3,,,,,,,,,,LUSE848
Item Refine,,,6,314,0,0,1,70,1704,871,580,,,,,,,,,2631,0,140,548,,,3,,,,,,,,,,LUSE849
Accessory Craft,,,6,314,0,0,1,70,1704,871,580,,,,,,,,,2641,0,140,548,,,3,,,,,,,,,,LUSE850
,,,0,314,150,0,1,0,1704,871,580,,,,,,,,,,,140,548,,,,,,,,,,,,,
,,,0,314,150,0,1,0,1704,871,580,,,,,,,,,,,140,548,,,,,,,,,,,,,
,,,0,314,150,0,1,0,1704,871,580,,,,,,,,,,,140,548,,,,,,,,,,,,,
,,,,,,,,,,,,,,,,,,,,,,,,,,,,,,,,,,,,
Bronze Soldier Box (Visitor),,,6,350,1000,0,0,10,2899,1006,,,,,,,82,150,100,1,,1030,,,2,1,,,,,,,,,,LUSE855
Silver Soldier Box (Visitor),,,6,350,1000,0,0,10,2900,1006,,,,,,,82,300,120,1,,1050,,,2,1,,,,,,,,,,LUSE856
Gold Soldier Box (Visitor),,,6,350,1000,0,0,10,2901,1006,,,,,,,82,500,140,1,,1070,,,2,1,,,,,,,,,,LUSE857
Bronze Muse Box (Visitor),,,6,350,1000,0,0,10,2899,1006,,,,,,,82,350,101,1,,1031,,,2,1,,,,,,,,,,LUSE858
Silver Muse Box (Visitor),,,6,350,1000,0,0,10,2900,1006,,,,,,,82,350,121,1,,1051,,,2,1,,,,,,,,,,LUSE859
Gold Muse Box (Visitor),,,6,350,1000,0,0,10,2901,1006,,,,,,,82,350,141,1,,1071,,,2,1,,,,,,,,,,LUSE860
Bronze Hawker Box (Visitor),,,6,350,1000,0,0,10,2899,1006,,,,,,,82,350,102,1,,1032,,,2,1,,,,,,,,,,LUSE861
Silver Hawker Box (Visitor),,,6,350,1000,0,0,10,2900,1006,,,,,,,82,350,122,1,,1052,,,2,1,,,,,,,,,,LUSE862
Gold Hawker Box (Visitor),,,6,350,1000,0,0,10,2901,1006,,,,,,,82,350,142,1,,1072,,,2,1,,,,,,,,,,LUSE863
Bronze Dealer Box (Visitor),,,6,350,1000,0,0,10,2899,1006,,,,,,,82,350,103,1,,1033,,,2,1,,,,,,,,,,LUSE864
Silver Dealer Box (Visitor),,,6,350,1000,0,0,10,2900,1006,,,,,,,82,350,123,1,,1053,,,2,1,,,,,,,,,,LUSE865
Gold Dealer Box (Visitor),,,6,350,1000,0,0,10,2901,1006,,,,,,,82,350,143,1,,1073,,,2,1,,,,,,,,,,LUSE866
,,,6,350,1000,0,0,10,2899,1006,,,,,,,82,,,,,1034,,,2,1,,,,,,,,,,LUSE867
,,,6,350,1000,0,0,10,2900,1006,,,,,,,82,,,,,1054,,,2,1,,,,,,,,,,LUSE868
Random Box (Visitor),,,6,350,1000,0,0,10,2577,1006,,,,,,,82,600,144,1,,1074,,,2,1,,,,,,,,,,LUSE869
PAT Event Bag,,,6,350,1,0,1,10,7784,251,,,,,,,,,96,1,4,140,,,2,1,,,,,,,,,,LUSE1001
Healing (All),,,6,314,0,0,0,0,1713,,,,,,,,,,,3201,0,,548,,,3,,,,,,,,,,LUSE871
"Atk Power, Accuracy Up (All)",,,6,314,0,0,0,0,1713,,,,,,,,,,,3202,0,,548,,,3,,,,,,,,,,LUSE872
Defense Up (All),,,6,314,0,0,0,0,1713,,,,,,,,,,,3203,0,,548,,,3,,,,,,,,,,LUSE873
"Attack Speed, Critical Up (All)",,,6,314,0,0,0,0,1713,,,,,,,,,,,3204,0,,548,,,3,,,,,,,,,,LUSE874
Dex Up (All),,,6,314,0,0,0,0,1713,,,,,,,,,,,3205,0,,548,,,3,,,,,,,,,,LUSE875
Status Effect Cancelled (All),,,6,314,0,0,0,0,1713,,,,,,,,,,,3210,0,,548,,,3,,,,,,,,,,LUSE880
Fast Mode,,,6,314,0,0,0,0,1713,,,,,,,,,,,3213,0,,548,,,3,,,,,,,,,,LUSE883
Self Healing,,,6,314,0,0,0,0,1713,,,,,,,,,,,3215,0,,548,,,3,,,,,,,,,,LUSE885
Killing,,,6,314,0,0,0,0,1713,,,,,,,,,,,3216,0,,548,,,3,,,,,,,,,,LUSE886
Stun,,,6,314,0,0,0,0,1713,,,,,,,,,,,3217,0,,548,,,3,,,,,,,,,,LUSE887
Muting,,,6,314,0,0,0,0,1713,,,,,,,,,,,3218,0,,548,,,3,,,,,,,,,,LUSE888
Target Cancelled,,,6,314,0,0,0,0,1713,,,,,,,,,,,3219,0,,548,,,3,,,,,,,,,,LUSE889
"Atk Power, Accuracy Up (All)",,,6,314,0,0,0,0,1713,,,,,,,,,,,3206,0,,548,,,3,,,,,,,,,,LUSE876
Defense Up (All),,,6,314,0,0,0,0,1713,,,,,,,,,,,3207,0,,548,,,3,,,,,,,,,,LUSE877
"Attack Speed, Critical Up (All)",,,6,314,0,0,0,0,1713,,,,,,,,,,,3208,0,,548,,,3,,,,,,,,,,LUSE878
Dex Up (All),,,6,314,0,0,0,0,1713,,,,,,,,,,,3209,0,,548,,,3,,,,,,,,,,LUSE879
Invincibility Mode,,,6,314,0,0,0,0,1713,,,,,,,,,,,3211,0,,548,,,3,,,,,,,,,,LUSE881
Power-Up Mode,,,6,314,0,0,0,0,1713,,,,,,,,,,,3212,0,,548,,,3,,,,,,,,,,LUSE882
Invisibility Mode,,,6,314,0,0,0,0,1713,,,,,,,,,,,3214,0,,548,,,3,,,,,,,,,,LUSE884
GM Attack Up (AOE),,,6,314,0,0,0,0,1713,,,,,,,,,,,3230,0,,548,,,3,,,,,,,,,,LUSE890
GM Defense Up (AOE),,,6,314,0,0,0,0,1713,,,,,,,,,,,3231,0,,548,,,3,,,,,,,,,,LUSE891
GM Battle Up (AOE),,,6,314,0,0,0,0,1713,,,,,,,,,,,3232,0,,548,,,3,,,,,,,,,,LUSE892
GM Agility Up (AOE),,,6,314,0,0,0,0,1713,,,,,,,,,,,3233,0,,548,,,3,,,,,,,,,,LUSE893
GM Summon Mastery,,,6,314,0,0,0,0,1713,,,,,,,,,,,3234,0,,548,,,3,,,,,,,,,,LUSE894
GM Skill Mastery,,,6,314,150,0,0,0,1713,211,,,,,,,,,,3220,0,,548,,,3,,,,,,,,,,LUSE895
Developer Skill Mastery,,,6,314,150,0,0,0,1713,211,,,,,,,,,,3221,0,,548,,,3,,,,,,,,,,LUSE896
Love Balloon,,,,313,100,5,10,30,7802,251,581,,,,,,,,,2900,,140,548,,,3,,,,,,,,,,LUSE897
Firecracker - Ghost,,,,313,20,1,1,10,2045,162,,,,,,,,,,3302,,140,548,,,3,,,,,,,,,,LUSE898
Firecracker - Happy Halloween,,,,313,20,1,1,10,2045,162,,,,,,,,,,3303,,140,548,,,3,,,,,,,,,,LUSE899
Firecracker - Trick Or Treat,,,,313,20,1,1,10,2045,162,,,,,,,,,,3304,,140,548,,,3,,,,,,,,,,LUSE900
Red Box,,,,350,100,1,1,10,1534,1006,,,,,,,,,203,1,5,140,,,2,1,,,,,,,,,,LUSE901
Event Bag,,,6,350,1,0,1,10,7785,251,,,,,5,,,,0,1,1,140,,,2,1,,,,,,,,,,LUSE902
GM Attack Down,,,6,314,0,0,0,0,1713,,,,,,,,,,,3246,0,,548,,,3,,,,,,,,,,LUSE903
GM Defense Down,,,6,314,0,0,0,0,1713,,,,,,,,,,,3247,0,,548,,,3,,,,,,,,,,LUSE904
GM Battle Down,,,6,314,0,0,0,0,1713,,,,,,,,,,,3248,0,,548,,,3,,,,,,,,,,LUSE905
Mall Goodie Bag,,,6,313,5000,1,1,10,4491,251,,,,,,,,,,2887,,140,389,,2,1,,,,,,,,,,LUSE906
Pumpkin Chest,,,6,375,1500000,999,1,2,6908,251,,,,,,,,,68,1,,140,,,2,1,,,,,,4,,,,LUSE907
Easter Egg,,,,312,50,1,1,10,1646,146,584,,,,,9,,,16,1000,,140,547,1,2,1,,,,,,,,,,LUSE145
Lucky Ghost Grab Bag,,,6,313,3000,1,1,10,2078,251,,,,,,,,,,2890,,140,389,,2,1,,,,,,,,,,LUSE909
Christmas Gift Bag,,,6,375,1500000,999,1,2,4491,251,,,,,,,,,74,1,,140,,,2,1,,,,,,5,,,,LUSE910
Rose,,,6,311,2000,1,0,80,1612,162,,,,,,,,,37,1,,,548,,,3,,,,,,,,,,LUSE911
Present Box,,,6,313,100,1,1,10,2060,251,,,,,,,,,,2891,,140,549,,,3,,,,,,,,,,LUSE912
Firecracker - Merry Christmas,,,,313,20,1,1,10,2045,162,,,,,,,,,,3270,,140,548,,,3,,,,,,,17,,,LUSE913
Grab Bag,,,6,313,100,1,1,10,2048,251,,,,,,,,,,2893,,140,549,,,3,,,,,,,,,,LUSE914
Grab Bag,,,6,313,100,1,1,10,2047,251,,,,,,,,,,2893,,140,549,,,3,,,,,,,,,,LUSE914
Firecracker Penguin Capsule,,,6,313,20,1,1,10,1696,184,581,,,,,,,,,2894,,140,548,,,3,,,,,,,,,,LUSE916
Ice Spirit Capsule,,,6,313,20,1,1,10,1696,184,581,,,,,,,,,2895,,140,548,,,3,,,,,,,,,,LUSE917
Love Chocolate,,,,313,1,1,1,10,2065,251,580,,,,,,,,,2898,,1192,548,,,3,,,,,,,,,,LUSE918
Valentines Card,,,6,313,100,1,1,10,2156,251,,,,,,,,,,2889,,140,549,,,3,,,,,,,,,,LUSE919
Legacy Event Bag,,,6,350,1,0,1,10,10215,251,,,,,3,,,,95,1,1,140,,,2,1,,,,,,,,,,LUSE920
Fireworks,,,,313,20,1,1,10,2045,162,,,,,,,,,,3271,,140,548,,,3,,,,,,,,,,LUSE921
Fireworks,,,,313,20,1,1,10,2045,162,,,,,,,,,,3272,,140,548,,,3,,,,,,,,,,LUSE921
Fireworks,,,,313,20,1,1,10,2045,162,,,,,,,,,,3273,,140,548,,,3,,,,,,,,,,LUSE921
Fireworks,,,,313,20,1,1,10,2045,162,,,,,,,,,,3274,,140,548,,,3,,,,,,,,,,LUSE921
Fireworks,,,,313,20,1,1,10,2045,162,,,,,,,,,,3275,,140,548,,,3,,,,,,,,,,LUSE921
Fireworks,,,,313,20,1,1,10,2045,162,,,,,,,,,,3276,,140,548,,,3,,,,,,,,,,LUSE921
Fireworks,,,,313,20,1,1,10,2045,162,,,,,,,,,,3277,,140,548,,,3,,,,,,,,,,LUSE921
Fireworks,,,,313,20,1,1,10,2045,162,,,,,,,,,,3278,,140,548,,,3,,,,,,,,,,LUSE921
Fireworks,,,,313,20,1,1,10,2045,162,,,,,,,,,,3279,,140,548,,,3,,,,,,,,,,LUSE921
Firecracker,,,,313,20,1,1,10,2045,162,,,,,,,,,,3285,,140,548,,,3,,,,,,,,,,LUSE930
Firecracker,,,,313,20,1,1,10,2045,162,,,,,,,,,,3286,,140,548,,,3,,,,,,,,,,LUSE931
Firecracker,,,,313,20,1,1,10,2045,162,,,,,,,,,,3287,,140,548,,,3,,,,,,,,,,LUSE932
Firecracker,,,,313,20,1,1,10,2045,162,,,,,,,,,,3288,,140,548,,,3,,,,,,,,,,LUSE933
Firecracker,,,,313,20,1,1,10,2045,162,,,,,,,,,,3289,,140,548,,,3,,,,,,,,,,LUSE934
Gachapin Firecracker,,,6,313,20,1,1,10,2045,162,,,,,,,,,,3297,,140,548,,,3,,,,,,,,,,LUSE935
Mukku Firecracker,,,6,313,20,1,1,10,2045,162,,,,,,,,,,3298,,140,548,,,3,,,,,,,,,,LUSE936
dance thingy,,,6,313,20,1,1,10,2045,162,,,,,,,,,,3299,,140,548,,,3,,,,,,,,,,LUSE937
Arua Firecracker,,,,313,20,1,1,10,2045,162,,,,,,,,,,3300,,140,548,,,3,,,,,,,,,,LUSE938
STFU! firecracker,,,,313,20,1,1,10,2045,162,,,,,,,,,,3301,,140,548,,,3,,,,,,,,,,LUSE939
Easter Bunny Capsule,,,6,313,50,5,10,27,1696,184,581,,,,,,,,,2840,,140,,,,3,,,,,,,,,,LUSE940
Easter Egg Capsule,,,6,313,50,5,10,27,1696,184,581,,,,,,,,,2841,,140,,,,3,,,,,,,,,,LUSE941
Soccer Ball Capsule,,,,313,0,0,10,27,7835,184,581,,,,,,,,,2842,,140,,,,3,,,,,,,,,,LUSE942
Soccer Event Scroll,,,6,313,0,0,0,10,1692,151,579,,,,,,,,,3530,,,,,,3,,,,,,,,,,LUSE943
Tanuki Shop Coupon,,,,321,25000,0,1,23,2629,151,,,,,,,,,96,1440,,140,,,,3,,,,,,,,,,LUSE944
Barrel Shop Coupon,,,,321,25000,0,1,24,2627,151,,,,,,,,,96,1440,,140,,,,3,,,,,,,,,,LUSE945
Christmas Gift Box,,,,322,200,1,1,100,1648,251,580,,,,,,,,1,1805,,,,,,3,,,,,,5,,,,LUSE946
Net,,,,313,410,5,1,18,1556,151,579,,,,,,,,,2897,,,,,,3,,,,,,,,,,LUSE947
Mikan Box Coupon,,,,321,25000,0,1,25,2631,151,,,,,,,,,96,1440,,140,,,,3,,,,,,,,,,LUSE948
Cake Shop Coupon,,,,321,25000,0,1,26,2623,151,,,,,,,,,96,1440,,140,,,,3,,,,,,,,,,LUSE949
Tombstone Shop Coupon,,,,321,25000,0,1,27,2634,151,,,,,,,,,96,1440,,140,,,,3,,,,,,,,,,LUSE950
Perfect Repair Hammer,,,,315,200,5,1,60,1896,138,,,,,1,,,,,1,,,,,,3,,,,,,,,,,LUSE951
Free Storage Coupon,,,6,321,200,0,1,10,2049,151,,,,,,,,,94,1008,,140,,,,3,,,,,,,,,,LUSE952
Free Storage Coupon,,,6,321,200,0,1,10,2049,151,,,,,,,,,94,1008,,140,,,,3,,,,,,,,,,LUSE952
Igloo Shop Coupon,,,,321,25000,0,1,1,2084,151,,,,,,,,,96,1440,,140,,,,3,,,,,,,,,,LUSE954
Panda Shop Coupon,,,,321,25000,0,1,3,2085,151,,,,,,,,,96,1440,,140,,,,3,,,,,,,,,,LUSE955
Fish Shop Coupon,,,,321,25000,0,1,2,2086,151,,,,,,,,,96,1440,,140,,,,3,,,,,,,,,,LUSE956
Moldie Shop Coupon,,,,321,25000,0,1,5,2087,151,,,,,,,,,96,1440,,140,,,,3,,,,,,,,,,LUSE957
Character Shop Coupon,,,,321,25000,0,1,28,2089,151,,,,,,,,,96,1440,,140,,,,3,,,,,,,,,,LUSE958
Default Shop Coupon,,,6,321,0,0,1,0,2088,151,,,,,,,,,96,0,,140,,,,3,,,,,,,,,,LUSE959
Amedio Shop Coupon,,,,321,25000,0,1,6,2622,151,,,,,,,,,96,1440,,140,,,,3,,,,,,,,,,LUSE960
Curious Dog Coupon,,,,321,25000,0,1,7,2630,151,,,,,,,,,96,1440,,140,,,,3,,,,,,,,,,LUSE961
Daruma Doll Shop Coupon,,,,321,25000,0,1,8,2635,151,,,,,,,,,96,1440,,140,,,,3,,,,,,,,,,LUSE962
Tatami/Shoji Shop Coupon,,,,321,25000,0,1,9,2633,151,,,,,,,,,96,1440,,140,,,,3,,,,,,,,,,LUSE963
Obedient Dog Coupon,,,,321,25000,0,1,10,2628,151,,,,,,,,,96,1440,,140,,,,3,,,,,,,,,,LUSE964
Robot Shop Coupon,,,,321,25000,0,1,11,2632,151,,,,,,,,,96,1440,,140,,,,3,,,,,,,,,,LUSE965
Purple Samurai Coupon,,,,321,25000,0,1,12,2613,151,,,,,,,,,96,1440,,140,,,,3,,,,,,,,,,LUSE966
Trainee Medal,,,7,321,1000,1,1,200,936,151,581,,,,5,,,,98,6,,140,,,,3,,,,,,,,,,LUSE967
Brave Medal,,,7,321,1000,1,1,200,937,151,581,,,,5,,,,98,12,,140,,,,3,,,,,,,,,,LUSE968
Hero Medal,,,7,321,1000,1,1,200,938,151,581,,,,5,,,,98,18,,140,,,,3,,,,,,,,,,LUSE969
No Experience Scroll,,,,321,1000,1,1,10,3000,151,581,,,,5,,,,99,3,,140,,,,3,,,,,,,,,,LUSE970
Green Samurai Coupon,,,,321,25000,0,1,13,2614,151,,,,,,,,,96,1440,,140,,,,3,,,,,,,,,,LUSE971
Black Spearman Coupon,,,,321,25000,0,1,14,2615,151,,,,,,,,,96,1440,,140,,,,3,,,,,,,,,,LUSE972
Orange Samurai Coupon,,,,321,25000,0,1,15,2616,151,,,,,,,,,96,1440,,140,,,,3,,,,,,,,,,LUSE973
Teal Samurai Coupon,,,,321,25000,0,1,16,2617,151,,,,,,,,,96,1440,,140,,,,3,,,,,,,,,,LUSE974
Grey Samurai Coupon,,,,321,25000,0,1,17,2618,151,,,,,,,,,96,1440,,140,,,,3,,,,,,,,,,LUSE975
Red Samurai Coupon,,,,321,25000,0,1,18,2619,151,,,,,,,,,96,1440,,140,,,,3,,,,,,,,,,LUSE976
Brown Samurai Coupon,,,,321,25000,0,1,19,2620,151,,,,,,,,,96,1440,,140,,,,3,,,,,,,,,,LUSE977
Blue Samurai Coupon,,,,321,25000,0,1,20,2621,151,,,,,,,,,96,1440,,140,,,,3,,,,,,,,,,LUSE978
Takoyaki Stand,,,,321,25000,0,1,21,2626,151,,,,,,,,,96,1440,,140,,,,3,,,,,,,,,,LUSE979
Arua Takoyaki Stand,,,,321,25000,0,1,22,2624,151,,,,,,,,,96,1440,,140,,,,3,,,,,,,,,,LUSE980
Weak HP Scroll (Solo),,,,313,20000,5,1,5,7216,152,579,,,,,,,,,3235,,,,,,3,,,,,,,,,,LUSE981
Weak MP Scroll (Solo),,,,313,20000,5,1,5,7217,152,579,,,,,,,,,3236,,,,,,3,,,,,,,,,,LUSE982
Weak Dexterity Scroll (Solo),,,,313,18000,5,1,6,7218,151,579,,,,,,,,,3237,,,,,,3,,,,,,,,,,LUSE983
Weak Dodge Rate Scroll (Solo),,,6,313,23000,5,1,6,1527,151,579,,,,,,,,,3238,,,,,,3,,,,,,,,,,LUSE984
Weak Strength Scroll (Solo),,,,313,25000,5,1,6,7219,151,579,,,,,,,,,3239,,,,,,3,,,,,,,,,,LUSE985
Weak Attack Speed Scroll (Solo),,,6,313,26000,5,1,6,1529,151,579,,,,,,,,,3240,,,,,,3,,,,,,,,,,LUSE986
Weak Defense Scroll (Solo),,,,313,23000,5,1,6,7220,151,579,,,,,,,,,3241,,,,,,3,,,,,,,,,,LUSE987
Weak Magic Resistance Scroll (Solo),,,6,313,23000,5,1,6,1524,151,579,,,,,,,,,3242,,,,,,3,,,,,,,,,,LUSE988
Weak Accuracy Scroll (Solo),,,,313,25000,5,1,6,7221,151,579,,,,,,,,,3243,,,,,,3,,,,,,,,,,LUSE989
Weak Critical Scroll (Solo),,,6,313,28000,5,1,6,1531,151,579,,,,,,,,,3244,,,,,,3,,,,,,,,,,LUSE990
Firecracker,,,,313,50,5,0,10,2045,162,,,,,,,,,,3261,,,,,,3,,,,,,,,,,LUSE991
Firecracker - Happy Birthday,,,,313,50,5,0,10,2045,162,,,,,,,,,,3262,,,,,,3,,,,,,,,,,LUSE992
Firecracker,,,,313,50,5,0,10,2045,162,,,,,,,,,,3263,,,,,,3,,,,,,,,,,LUSE993
Firecracker - I Love You,,,,313,50,5,0,10,2045,162,,,,,,,,,,3264,,,,,,3,,,,,,,,,,LUSE994
Firecracker,,,,313,50,5,0,10,2045,162,,,,,,,,,,3264,,,,,,3,,,,,,,,,,LUSE995
Weak Damage Scroll (Solo),,,,313,37000,5,1,8,7222,151,579,,,,,,,,,3245,,,,,,3,,,,,,,,,,LUSE996
Treehouse Shop Coupon,,,6,321,25000,0,1,66,7477,151,,,,,,,111,1,96,1440,0,140,,,,3,,,,,,,,,,LUSE997
7 Day Medal,,,6,321,200,0,1,200,4199,151,581,,,,5,,,,98,1008,,140,,,,,,,,,,,,,,LUSE998
30 Day Medal,,,6,321,200,0,1,200,4200,151,581,,,,5,,,,98,4320,,140,,,,,,,,,,,,,,LUSE999
,,,,,,,,,,,,,,,,,,,,,,,,,,,,,,,,,,,,
PAT Event Bag,,,6,350,0,0,1,10,7784,251,,,,,7,,,,96,1,4,140,,,2,1,,,,,,,,,,LUSE1001
Snake Cart Bag,,,7,350,1000,1,1,10,6771,251,,,,,,,,,97,3,4,140,,,2,1,,,,,,,,,,LUSE1002
Racing Event Bag,,,6,350,1,0,1,10,7784,251,,,,,,,,,213,1,4,140,,,2,1,,,,,,,,,,LUSE1003
Character Storage Expansion (1 Page),,,7,372,1000,1,1,1,6810,151,,,,,5,,,,,,,140,,,,3,,,,,,,,,,LUSE1004
Item Mall Storage Expansion (1 Page),,,7,372,1000,1,1,2,6861,151,,,,,5,,,,,,,140,,,,3,,,,,,,,,,LUSE1005
Premium Storage Expansion (1 Page),,,7,372,1000,1,1,3,6810,151,,,,,5,,,,,,,140,,,,3,,,,,,,,,,LUSE1006
Character Slot Coupon,,,7,379,1000,1,1,3,2094,151,,,,,,,,,,,,140,,,,3,,,,,,,,,,LUSE1007
Pop Idol Costume Box,,,,350,1,0,1,10,6852,251,,93,1,1841,1,,,,98,1,1,140,,,2,1,,,,,,1,,,,LUSE1008
Wrapped Costume Box,,,,350,1,0,1,10,7831,251,,93,1,1841,1,,,,271,1,1,140,,,2,1,,,,,,1,,,,LUSE1010
,,,,,,,,,,,,,,,,,,,,,,,,,,,,,,,,,,,,
Arm Wave,,,6,313,25000,5,1,10,5934,151,581,,,,,,,,,3436,,,,,,3,,,,,,,,,,LUSE1011
Body Wave,,,6,313,25000,5,1,10,5935,151,581,,,,,,,,,3437,,,,,,3,,,,,,,,,,LUSE1012
Street Jazz,,,6,313,25000,5,1,10,5936,151,581,,,,,,,,,3438,,,,,,3,,,,,,,,,,LUSE1013
Vivid Mover,,,6,313,25000,5,1,10,5937,151,581,,,,,,,,,3439,,,,,,3,,,,,,,,,,LUSE1014
Cheer,,,6,313,25000,5,1,10,5938,151,581,,,,,,,,,3440,,,,,,3,,,,,,,,,,LUSE1015
Around,,,6,313,25000,5,1,10,5939,151,581,,,,,,,,,3441,,,,,,3,,,,,,,,,,LUSE1016
The Gang,,,6,313,25000,5,1,10,5941,151,581,,,,,,,,,3442,,,,,,3,,,,,,,,,,LUSE1017
Sexy Dance,,,6,313,30000,5,1,10,5942,151,581,,,,,,,,,3443,,,,,,3,,,,,,,,,,LUSE1018
Side Step,,,6,313,30000,5,1,10,5943,151,581,,,,,,,,,3444,,,,,,3,,,,,,,,,,LUSE1019
Stylize,,,6,313,25000,5,1,10,5944,151,581,,,,,,,,,3445,,,,,,3,,,,,,,,,,LUSE1020
Stars Looking,,,6,313,25000,5,1,10,5945,151,581,,,,,,,,,3446,,,,,,3,,,,,,,,,,LUSE1021
Step Around,,,6,313,25000,5,1,10,5946,151,581,,,,,,,,,3447,,,,,,3,,,,,,,,,,LUSE1022
Zombie Dance,,,6,313,20000,5,1,10,5947,151,581,,,,,,,,,3448,,,,,,3,,,,,,,,,,LUSE1023
,,,,,,,,,,,,,,,,,,,,,,,,,,,,,,,,,,,,
Clan Point Increase,,,,321,0,0,1,150,2847,151,581,,,,,,,,108,1008,,140,,,,,,,,,,,,,,LUSE1025
Instance Point Increase,,,,321,0,0,1,120,2849,151,581,,,,,,,,109,1008,,140,,,,,,,,,,,,,,LUSE1026
Union Point Increase,,,,321,0,0,1,200,2848,151,581,,,,,,,,110,1008,,140,,,,,,,,,,,,,,LUSE1027
Clan Point Increase,,,,321,0,0,1,150,2850,151,581,,,,,,,,108,2016,,140,,,,,,,,,,,,,,LUSE1028
Instance Point Increase,,,,321,0,0,1,120,2852,151,581,,,,,,,,109,2016,,140,,,,,,,,,,,,,,LUSE1029
Union Point Increase,,,,321,0,0,1,200,2851,151,581,,,,,,,,110,2016,,140,,,,,,,,,,,,,,LUSE1030
Clan Point Increase,,,,321,0,0,1,150,2853,151,581,,,,,,,,108,4320,,140,,,,,,,,,,,,,,LUSE1031
Instance Point Increase,,,,321,0,0,1,120,2855,151,581,,,,,,,,109,4320,,140,,,,,,,,,,,,,,LUSE1032
Union Point Increase,,,,321,0,0,1,200,2854,151,581,,,,,,,,110,4320,,140,,,,,,,,,,,,,,LUSE1033
,,,,,,,,,,,,,,,,,,,,,,,,,,,,,,,,,,,,
Gingerbread Man's Outfit,,,,350,1,0,1,60,7280,130,581,,,,,,,,180,4,1,,,,2,1,,,,,,,,,,LUSE1035
Gingerbread Man's Vanilla Outfit,,,,350,1,0,1,60,7281,130,581,,,,,,,,181,4,1,,,,2,1,,,,,,,,,,LUSE1036
Gingerbread Man's Strawberry Outfit,,,,350,1,0,1,60,7282,130,581,,,,,,,,182,4,1,,,,2,1,,,,,,,,,,LUSE1037
Gingerbread Man's Chocolate Outfit,,,,350,1,0,1,60,7283,130,581,,,,,,,,183,4,1,,,,2,1,,,,,,,,,,LUSE1038
Gingerbread Man's Coconut Outfit,,,,350,1,0,1,60,7284,130,581,,,,,,,,184,4,1,,,,2,1,,,,,,,,,,LUSE1039
Christmas Sleigh Bag,,,7,350,100,1,1,10,7315,251,,,,,,,,,186,3,4,140,,,2,1,,,,,,,,,,LUSE1040
Green Christmas Sleigh Bag,,,7,350,100,1,1,10,7317,251,,,,,,,,,187,3,4,140,,,2,1,,,,,,,,,,LUSE1041
Flying Wooden Sleigh Bag,,,7,350,100,1,1,10,7337,251,,,,,,,,,190,3,4,140,,,2,1,,,,,,,,,,LUSE1042
,,,,,,,,,,,,,,,,,,,,,,,,,,,,,,,,,,,,
,,,,,,,,,,,,,,,,,,,,,,,,,,,,,,,,,,,,
Pet Name Coupon,,,6,321,0,0,1,1,7589,151,581,,,,,,,,112,4032,,140,,,,,,,,,,,,,,LUSE1045
Pet Accessory Coupon,,,6,321,0,0,1,1,7590,151,581,,,,,,,,113,4032,,140,,,,,,,,,,,,,,LUSE1046
,,,,,,,,,,,,,,,,,,,,,,,,,,,,,,,,,,,,
,,,,,,,,,,,,,,,,,,,,,,,,,,,,,,,,,,,,
,,,,,,,,,,,,,,,,,,,,,,,,,,,,,,,,,,,,
Planetary Scroll (Junon),,,7,313,1200,5,1,25,5010,151,581,,,,,,31,10,,3385,,140,548,,,3,,,,,2,,,,,LUSE1050
Planetary Scroll (Luna),,,7,313,1600,5,1,25,5011,151,581,,,,,,31,41,,3386,,140,548,,,3,,,,,2,,,,,LUSE1051
Planetary Scroll (Eldeon),,,7,313,1450,5,1,25,5012,151,581,,,,,,31,70,,3387,,140,548,,,3,,,,,2,,,,,LUSE1052
Planetary Scroll (Oro),,,7,313,1500,5,1,25,5013,151,581,,,,,,31,90,,3388,,140,548,,,3,,,,,2,,,,,LUSE1053
Planetary Scroll (-reserved-),,,,,,,,,,,581,,,,,,,,,,,,,,,3,,,,,2,,,,,LUSE1054
Planetary Scroll (-reserved-),,,,,,,,,,,581,,,,,,,,,,,,,,,3,,,,,2,,,,,LUSE1055
Planetary Scroll (-reserved-),,,,,,,,,,,581,,,,,,,,,,,,,,,3,,,,,2,,,,,LUSE1056
,,,,,,,,,,,,,,,,,,,,,,,,,,,,,,,,,,,,
,,,,,,,,,,,,,,,,,,,,,,,,,,,,,,,,,,,,
Heart Shaped Present,,,6,350,0,0,1,10,2060,251,581,,,,,,,,192,7,1,140,,,2,1,,,,,,,,,,LUSE1059
Valentine Scroll - Be Mine!,,,,313,0,0,0,10,7362,162,,,,,,,,,,3481,,,,,,3,,,,,,,,,,LUSE1060
Valentine Scroll - I LOVE YOU,,,,313,0,0,0,10,7362,162,,,,,,,,,,3482,,,,,,3,,,,,,,,,,LUSE1061
Valentine Scroll - You're the Best!,,,,313,0,0,0,10,7362,162,,,,,,,,,,3483,,,,,,3,,,,,,,,,,LUSE1062
Valentine Scroll - I'm All Yours,,,,313,0,0,0,10,7362,162,,,,,,,,,,3484,,,,,,3,,,,,,,,,,LUSE1063
Valentine Scroll - You're Mine,,,,313,0,0,0,10,7362,162,,,,,,,,,,3485,,,,,,3,,,,,,,,,,LUSE1064
Pumpkin Shop Coupon,,,,321,1000,0,1,67,7660,151,,,,,,,,,96,2016,,140,,,,3,,,,,,,,,,LUSE1065
Gingerbread Shop Coupon,,,,321,1000,0,1,68,7678,151,,,,,,,,,96,2016,,140,,,,3,,,,,,,,,,LUSE1066
Snowman Shop Coupon,,,,321,1000,0,1,69,7679,151,,,,,,,,,96,2016,,140,,,,3,,,,,,,,,,LUSE1067
Valentine Shop Coupon,,,,321,1000,0,1,70,7834,151,,,,,,,,,96,2016,,140,,,,3,,,,,,,,,,LUSE1068
Trainee Medal,,,10,321,1000,1,1,200,8091,151,581,,,,5,,,,98,6,,140,,,,3,,,,,,,,,,LUSE967
Brave Medal,,,10,321,1000,1,1,200,8092,151,581,,,,5,,,,98,12,,140,,,,3,,,,,,,,,,LUSE968
Hero Medal,,,10,321,1000,1,1,200,8093,151,581,,,,5,,,,98,18,,140,,,,3,,,,,,,,,,LUSE969
Confectioner Box,,,,350,1,0,1,10,9063,251,,93,1,1841,1,,,,280,1,1,140,,,2,1,,,,,,1,,,,LUSE1072
Sweetmaker Box,,,,350,1,0,1,10,9373,251,,93,1,1841,1,,,,289,1,1,140,,,2,1,,,,,,1,,,,LUSE1073
Confiseur Box,,,,350,1,0,1,10,9713,251,,93,1,1841,1,,,,298,1,1,140,,,2,1,,,,,,1,,,,LUSE1074
Bunny Net,,,6,313,0,0,1,10,1556,151,579,,,,,,,,,2870,,,,,,3,,,,,,,33,,,LUSE1075
Chicken Net,,,6,313,0,0,1,10,1556,151,579,,,,,,,,,2871,,,,,,3,,,,,,,34,,,LUSE1076
,,,,,,,,,,,,,,,,,,,,,,,,,,,,,,,,,,,,
Berkana Chest,,,,375,1000,0,1,3,2382,155,,,,,,,,,256,1,5,140,,,2,1,,,,,,,,,,LUSE1078
,,,,,,,,,,,,,,,,,,,,,,,,,,,,,,,,,,,,
Union War Chest,,,6,375,0,0,1,3,2380,251,,,,,,,114,3,252,1,5,140,,,2,1,,,,,,,,,,LUSE1080
Arumic Emblem,,,6,374,1000,0,1,10,2370,100,,,,,,,114,3,,295,,,,,,,,,,,,,,,,LUSE1081
Ferrell Guild Emblem,,,6,374,1000,0,1,10,2371,100,,,,,,,114,3,,296,,,,,,,,,,,,,,,,LUSE1082
Junon Order Emblem,,,6,374,1000,0,1,10,2372,100,,,,,,,114,3,,297,,,,,,,,,,,,,,,,LUSE1083
Righteous Crusaders Emblem,,,6,374,1000,0,1,10,2373,100,,,,,,,114,3,,298,,,,,,,,,,,,,,,,LUSE1084
,,,,,,,,,,,,,,,,,,,,,,,,,,,,,,,,,,,,
Soldier Treasure Chest,,,3,350,0,0,1,10,2795,251,581,,,,,,,,263,13,1,140,,,2,1,,,,,,,43,,,LUSE1086
Muse Treasure Chest,,,3,350,0,0,1,10,2795,251,581,,,,,,,,265,9,1,140,,,2,1,,,,,,,43,,,LUSE1087
Hawker Treasure Chest,,,3,350,0,0,1,10,2795,251,581,,,,,,,,266,10,1,140,,,2,1,,,,,,,43,,,LUSE1088
Dealer Treasure Chest,,,3,350,0,0,1,10,2795,251,581,,,,,,,,267,9,1,140,,,2,1,,,,,,,43,,,LUSE1089
Valentines Costume Box,,,,350,1,0,1,10,10043,251,,93,1,1841,1,,,,310,1,1,140,,,2,1,,,,,,1,,,,LUSE1090
Cendrillon Costume Box,,,,350,1,0,1,10,10150,251,,93,1,1841,1,,,,313,1,1,140,,,2,1,,,,,,1,,,,LUSE1091
,,,,,,,,,,,,,,,,,,,,,,,,,,,,,,,,,,,,
,,,,,,,,,,,,,,,,,,,,,,,,,,,,,,,,,,,,
Glowing Mushroom,,,,312,3510,3,1,30,9521,118,584,,,,,9,,,16,1000,,143,547,1,1,1,,,,,,,,,,LUSE1094
Multi Cap Mushroom,,,,312,5110,3,1,30,9522,118,584,,,,,9,,,16,1500,,143,547,1,1,1,,,,,,,,,,LUSE1095
Suspicious Pepper,,,,312,3510,4,1,50,9523,123,584,,,,,9,,,17,1000,,144,548,6,1,1,,,,,,,,,,LUSE1096
Screaming Pepper,,,,312,5110,4,1,50,9524,123,584,,,,,9,,,17,1500,,144,548,6,1,1,,,,,,,,,,LUSE1097
Giant Pumpkin Seed,,,,312,6770,1,1,30,9525,116,584,,,,,,,,76,1000,,146,548,,,,,,,,,,,,,LUSE1098
Pumpkin Fruit,,,,312,8100,1,1,30,9526,116,584,,,,,,,,76,1500,,146,548,,,,,,,,,,,,,LUSE1099
Rotten Meat,,,,313,1000,4,10,60,2416,143,581,,,,,,,,,3129,,,,,,10,,,,,,,,,,LUSE1100
Perpetual Aura,,,,314,122145,1,1,10,8655,871,580,,,,,,,,,3826,,140,548,,,3,,,,,,,,,1,LUSE1101
Hurtle Aura,,,,314,122145,1,1,10,8655,871,580,,,,,,,,,3831,,140,548,,,3,,,,,,,,,1,LUSE1102
Perpetual Aura Acc Bound,,,6,314,122145,1,1,10,8655,871,580,,,,,,,,,3826,,140,548,,,3,,,,,,,,,1,LUSE1101
Hurtle Aura Acc Bound,,,6,314,122145,1,1,10,8655,871,580,,,,,,,,,3831,,140,548,,,3,,,,,,,,,1,LUSE1102
Swift Aura,,,,314,122145,1,1,10,8655,871,580,,,,,,,,,3836,,140,548,,,3,,,,,,,,,1,LUSE1105
Chanting Aura,,,,314,122145,1,1,10,8655,871,580,,,,,,,,,3935,,140,548,,,3,,,,,,,,,1,LUSE1106
Swift Aura Acc Bound,,,6,314,122145,1,1,10,8655,871,580,,,,,,,,,3836,,140,548,,,3,,,,,,,,,1,LUSE1105
Chanting Aura Acc Bound,,,6,314,122145,1,1,10,8655,871,580,,,,,,,,,3935,,140,548,,,3,,,,,,,,,1,LUSE1106
,,,,,,,,,,,,,,,,,,,,,,,,,,,,,,,,,,,,
Arua's Fairy,,,2,321,1000,1,1,50,938,151,581,,,,5,,,,118,18,,140,,,,3,,,,,,,,,,LUSE1110
Arua's Fairy,,,2,321,1000,1,1,50,938,151,581,,,,5,,,,118,36,,140,,,,3,,,,,,,,,,LUSE1110
Arua's Fairy,,,2,321,1000,1,1,50,938,151,581,,,,5,,,,118,72,,140,,,,3,,,,,,,,,,LUSE1110
,,,,,,,,,,,,,,,,,,,,,,,,,,,,,,,,,,,,
,,,,,,,,,,,,,,,,,,,,,,,,,,,,,,,,,,,,
Red Pill,,,2,311,1000,1,1,90,1590,118,584,,,,,9,,,16,2000,,147,548,,5,,,,,,,,,,,LUSE019
Blue Pill,,,2,311,1000,1,1,90,5289,118,584,,,,,9,,,17,2000,,148,548,,8,,,,,,,,,,,LUSE039
Arua's Fairy,,,2,321,10000,1,1,50,5900,251,581,,,,,,,,118,6,,140,,,,,,,,,,,,,,LUSE2004
Gift Box,,,2,350,1000,1,1,60,5770,130,581,,,,,,,,76,1,2,,,,,,,,,,,,,,,LUSE2046
Stat Reset Coupon,,,2,359,1000,1,1,10,3858,251,581,,,,,,,,,,,140,,,,,,,,,,,,,,LUSE2047
Quick Storage Access,,,2,366,1000,1,1,10,6237,251,581,,,,,,,,,,,,,,2,1,,,,,,,,,,LUSE2008
,,,,,,,,,,,,,,,,,,,,,,,,,,,,,,,,,,,,
,,,,,,,,,,,,,,,,,,,,,,,,,,,,,,,,,,,,
,,,,,,,,,,,,,,,,,,,,,,,,,,,,,,,,,,,,
,,,,,,,,,,,,,,,,,,,,,,,,,,,,,,,,,,,,
Party Experience +10%,,,,320,0,0,1,0,1603,134,,,,,,,,,120,10,,140,,,,,,,,,,,,,,LUSE1125
Party Experience +25%,,,,320,0,0,1,0,1603,134,,,,,,,,,120,25,,140,,,,,,,,,,,,,,LUSE1126
Party Experience +50%,,,,320,0,0,1,0,1603,134,,,,,,,,,120,50,,140,,,,,,,,,,,,,,LUSE1127
Party Experience +100%,,,,320,0,0,1,0,1603,134,,,,,,,,,120,100,,140,,,,,,,,,,,,,,LUSE1128
,,,,,,,,,,,,,,,,,,,,,,,,,,,,,,,,,,,,
Party Experience +10%,,,,440,1000,1,1,50,1602,117,584,,,,,,,,120,10,,140,548,,1,1,,,,,,,,,,LUSE1130
Party Experience +25%,,,,440,1000,1,1,50,1602,117,584,,,,,,,,120,25,,140,548,,1,1,,,,,,,,,,LUSE1131
Party Experience +50%,,,,440,1000,1,1,50,1602,117,584,,,,,,,,120,50,,140,548,,1,1,,,,,,,,,,LUSE1132
Party Experience +100%,,,,440,1000,1,1,50,1602,117,584,,,,,,,,120,100,,140,548,,1,1,,,,,,,,,,LUSE1133
,,,,,,,,,,,,,,,,,,,,,,,,,,,,,,,,,,,,
Account Storage Expansion (1 Page),,,7,372,1000,1,1,0,6810,151,,,,,5,,,,,,,140,,,,3,,,,,,,,,,LUSE1135
Event Storage Expansion (1 Page),,,7,372,1000,1,1,5,6861,151,,,,,5,,,,,,,140,,,,3,,,,,,,,,,LUSE1136
,,,,,,,,,,,,,,,,,,,,,,,,,,,,,,,,,,,,
,,,,,,,,,,,,,,,,,,,,,,,,,,,,,,,,,,,,
,,,,,,,,,,,,,,,,,,,,,,,,,,,,,,,,,,,,
,,,,,,,,,,,,,,,,,,,,,,,,,,,,,,,,,,,,
,,,,,,,,,,,,,,,,,,,,,,,,,,,,,,,,,,,,
,,,,,,,,,,,,,,,,,,,,,,,,,,,,,,,,,,,,
,,,,,,,,,,,,,,,,,,,,,,,,,,,,,,,,,,,,
,,,,,,,,,,,,,,,,,,,,,,,,,,,,,,,,,,,,
,,,,,,,,,,,,,,,,,,,,,,,,,,,,,,,,,,,,
,,,,,,,,,,,,,,,,,,,,,,,,,,,,,,,,,,,,
,,,,,,,,,,,,,,,,,,,,,,,,,,,,,,,,,,,,
,,,,,,,,,,,,,,,,,,,,,,,,,,,,,,,,,,,,
Box of Summon Skins,,,10,350,0,0,1,10,6860,871,580,,,,,,,,177,1,2,140,389,,,1,,,,,,,,,,LUSE1149
Firegon Skin (A),,,10,314,0,0,1,1,7196,871,580,,,,,,,,,3855,1200,140,548,,,3,,,,,,,,,,LUSE1150
Firegon Skin (C),,,10,314,0,0,1,1,7197,871,580,,,,,,,,,3856,1200,140,548,,,3,,,,,,,,,,LUSE1151
Firegon Skin (B),,,10,314,0,0,1,1,7198,871,580,,,,,,,,,3857,1200,140,548,,,3,,,,,,,,,,LUSE1152
Firegon Skin (D),,,10,314,0,0,1,1,6860,871,580,,,,,,,,,3858,1200,140,548,,,3,,,,,,,,,,LUSE1153
Firegon Skin (E),,,10,314,0,0,1,1,6860,871,580,,,,,,,,,3859,1200,140,548,,,3,,,,,,,,,,LUSE1154
Bonfire Skin (A),,,10,314,0,0,1,1,7199,871,580,,,,,,,,,3860,1170,140,548,,,3,,,,,,,,,,LUSE1155
Bonfire Skin (B),,,10,314,0,0,1,1,7200,871,580,,,,,,,,,3861,1170,140,548,,,3,,,,,,,,,,LUSE1156
Bonfire Skin (C),,,10,314,0,0,1,1,6860,871,580,,,,,,,,,3862,1170,140,548,,,3,,,,,,,,,,LUSE1157
Bonfire Skin (D),,,10,314,0,0,1,1,6860,871,580,,,,,,,,,3863,1170,140,548,,,3,,,,,,,,,,LUSE1158
Bonfire Skin (E),,,10,314,0,0,1,1,6860,871,580,,,,,,,,,3864,1170,140,548,,,3,,,,,,,,,,LUSE1159
Phantom Sword Skin (A),,,10,314,0,0,1,1,7202,871,580,,,,,,,,,3865,1180,140,548,,,3,,,,,,,,,,LUSE1160
Phantom Sword Skin (B),,,10,314,0,0,1,1,7203,871,580,,,,,,,,,3866,1180,140,548,,,3,,,,,,,,,,LUSE1161
Phantom Sword Skin (C),,,10,314,0,0,1,1,6860,871,580,,,,,,,,,3867,1180,140,548,,,3,,,,,,,,,,LUSE1162
Phantom Sword Skin (D),,,10,314,0,0,1,1,6860,871,580,,,,,,,,,3868,1180,140,548,,,3,,,,,,,,,,LUSE1163
Phantom Sword Skin (E),,,10,314,0,0,1,1,6860,871,580,,,,,,,,,3869,1180,140,548,,,3,,,,,,,,,,LUSE1164
Elemental Skin (A),,,10,314,0,0,1,1,7204,871,580,,,,,,,,,3870,1190,140,548,,,3,,,,,,,,,,LUSE1165
Elemental Skin (B),,,10,314,0,0,1,1,7205,871,580,,,,,,,,,3871,1190,140,548,,,3,,,,,,,,,,LUSE1166
Elemental Skin (C),,,10,314,0,0,1,1,6860,871,580,,,,,,,,,3872,1190,140,548,,,3,,,,,,,,,,LUSE1167
Elemental Skin (D),,,10,314,0,0,1,1,6860,871,580,,,,,,,,,3873,1190,140,548,,,3,,,,,,,,,,LUSE1168
Elemental Skin (E),,,10,314,0,0,1,1,6860,871,580,,,,,,,,,3874,1190,140,548,,,3,,,,,,,,,,LUSE1169
Mercenary Warrior Skin (A),,,10,314,0,0,1,1,7206,871,580,,,,,,,,,3875,2360,140,548,,,3,,,,,,,,,,LUSE1170
Mercenary Warrior Skin (B),,,10,314,0,0,1,1,7207,871,580,,,,,,,,,3876,2360,140,548,,,3,,,,,,,,,,LUSE1171
Mercenary Warrior Skin (C),,,10,314,0,0,1,1,7208,871,580,,,,,,,,,3877,2360,140,548,,,3,,,,,,,,,,LUSE1172
Mercenary Warrior Skin (D),,,10,314,0,0,1,1,6860,871,580,,,,,,,,,3878,2360,140,548,,,3,,,,,,,,,,LUSE1173
Mercenary Warrior Skin (E),,,10,314,0,0,1,1,6860,871,580,,,,,,,,,3879,2360,140,548,,,3,,,,,,,,,,LUSE1174
Mercenary Hunter Skin (A),,,10,314,0,0,1,1,7215,871,580,,,,,,,,,3880,2370,140,548,,,3,,,,,,,,,,LUSE1175
Mercenary Hunter Skin (B),,,10,314,0,0,1,1,6860,871,580,,,,,,,,,3881,2370,140,548,,,3,,,,,,,,,,LUSE1176
Mercenary Hunter Skin (C),,,10,314,0,0,1,1,6860,871,580,,,,,,,,,3882,2370,140,548,,,3,,,,,,,,,,LUSE1177
Mercenary Hunter Skin (D),,,10,314,0,0,1,1,6860,871,580,,,,,,,,,3883,2370,140,548,,,3,,,,,,,,,,LUSE1178
Mercenary Hunter Skin (E),,,10,314,0,0,1,1,6860,871,580,,,,,,,,,3884,2370,140,548,,,3,,,,,,,,,,LUSE1179
Terror Knight Skin (A),,,10,314,0,0,1,1,7209,871,580,,,,,,,,,3885,2380,140,548,,,3,,,,,,,,,,LUSE1180
Terror Knight Skin (B),,,10,314,0,0,1,1,7210,871,580,,,,,,,,,3886,2380,140,548,,,3,,,,,,,,,,LUSE1181
Terror Knight Skin (C),,,10,314,0,0,1,1,7211,871,580,,,,,,,,,3887,2380,140,548,,,3,,,,,,,,,,LUSE1182
Terror Knight Skin (D),,,10,314,0,0,1,1,6860,871,580,,,,,,,,,3888,2380,140,548,,,3,,,,,,,,,,LUSE1183
Terror Knight Skin (E),,,10,314,0,0,1,1,6860,871,580,,,,,,,,,3889,2380,140,548,,,3,,,,,,,,,,LUSE1184
Hawk Skin (A),,,10,314,0,0,1,1,7212,871,580,,,,,,,,,3890,1720,140,548,,,3,,,,,,,,,,LUSE1185
Hawk Skin (B),,,10,314,0,0,1,1,7213,871,580,,,,,,,,,3891,1720,140,548,,,3,,,,,,,,,,LUSE1186
Hawk Skin (C),,,10,314,0,0,1,1,8234,871,580,,,,,,,,,3892,1720,140,548,,,3,,,,,,,,,,LUSE1187
Hawk Skin (D),,,10,314,0,0,1,1,6860,871,580,,,,,,,,,3893,1720,140,548,,,3,,,,,,,,,,LUSE1188
Hawk Skin (E),,,10,314,0,0,1,1,6860,871,580,,,,,,,,,3894,1720,140,548,,,3,,,,,,,,,,LUSE1189
,,,,,,,,,,,,,,,,,,,,,,,,,,,,,,,,,,,,
Spiritual Ra Set Box,,,11,381,0,1,3,10,9635,251,581,94,1,1656,1,,,,293,3,1,,,,2,1,,,,,,,,,,LUSE1191
Twisted Growth Set Box,,,11,381,0,1,3,10,9636,251,581,94,1,1657,1,,,,294,3,1,,,,2,1,,,,,,,,,,LUSE1192
Enthroning Ice Set Box,,,11,381,0,1,3,10,9637,251,581,94,1,1658,1,,,,295,3,1,,,,2,1,,,,,,,,,,LUSE1193
Max HP Set Box,,,11,381,0,1,18,10,9638,251,581,94,1,1659,1,,,,296,3,1,,,,2,1,,,,,,,,,,LUSE1194
Unholy Set Box,,,11,381,0,1,3,10,9707,251,581,94,1,1660,1,,,,299,3,1,,,,2,1,,,,,,,,,,LUSE1195
Twilight Set Box,,,11,381,0,1,3,10,10060,251,581,94,1,1661,1,,,,312,3,1,,,,2,1,,,,,,,,,,LUSE1196
,,,,,,,,,,,,,,,,,,,,,,,,,,,,,,,,,,,,
,,,,,,,,,,,,,,,,,,,,,,,,,,,,,,,,,,,,
,,,,,,,,,,,,,,,,,,,,,,,,,,,,,,,,,,,,
Poison Potion,,,2,319,0,0,1,10,6652,151,,,,,,,,,,,,8,1568,,,3,,,,,,,,,,LUSE1200
,,,,,,,,,,,,,,,,,,,,,,,,,,,,,,,,,,,,
,,,,,,,,,,,,,,,,,,,,,,,,,,,,,,,,,,,,
,,,,,,,,,,,,,,,,,,,,,,,,,,,,,,,,,,,,
,,,,,,,,,,,,,,,,,,,,,,,,,,,,,,,,,,,,
,,,,,,,,,,,,,,,,,,,,,,,,,,,,,,,,,,,,
,,,,,,,,,,,,,,,,,,,,,,,,,,,,,,,,,,,,
,,,,,,,,,,,,,,,,,,,,,,,,,,,,,,,,,,,,
,,,,,,,,,,,,,,,,,,,,,,,,,,,,,,,,,,,,
,,,,,,,,,,,,,,,,,,,,,,,,,,,,,,,,,,,,
,,,,,,,,,,,,,,,,,,,,,,,,,,,,,,,,,,,,
,,,,,,,,,,,,,,,,,,,,,,,,,,,,,,,,,,,,
,,,,,,,,,,,,,,,,,,,,,,,,,,,,,,,,,,,,
,,,,,,,,,,,,,,,,,,,,,,,,,,,,,,,,,,,,
,,,,,,,,,,,,,,,,,,,,,,,,,,,,,,,,,,,,
,,,,,,,,,,,,,,,,,,,,,,,,,,,,,,,,,,,,
,,,,,,,,,,,,,,,,,,,,,,,,,,,,,,,,,,,,
,,,,,,,,,,,,,,,,,,,,,,,,,,,,,,,,,,,,
,,,,,,,,,,,,,,,,,,,,,,,,,,,,,,,,,,,,
,,,,,,,,,,,,,,,,,,,,,,,,,,,,,,,,,,,,
,,,,,,,,,,,,,,,,,,,,,,,,,,,,,,,,,,,,
,,,,,,,,,,,,,,,,,,,,,,,,,,,,,,,,,,,,
,,,,,,,,,,,,,,,,,,,,,,,,,,,,,,,,,,,,
,,,,,,,,,,,,,,,,,,,,,,,,,,,,,,,,,,,,
,,,,,,,,,,,,,,,,,,,,,,,,,,,,,,,,,,,,
,,,,,,,,,,,,,,,,,,,,,,,,,,,,,,,,,,,,
,,,,,,,,,,,,,,,,,,,,,,,,,,,,,,,,,,,,
,,,,,,,,,,,,,,,,,,,,,,,,,,,,,,,,,,,,
,,,,,,,,,,,,,,,,,,,,,,,,,,,,,,,,,,,,
,,,,,,,,,,,,,,,,,,,,,,,,,,,,,,,,,,,,
,,,,,,,,,,,,,,,,,,,,,,,,,,,,,,,,,,,,
,,,,,,,,,,,,,,,,,,,,,,,,,,,,,,,,,,,,
,,,,,,,,,,,,,,,,,,,,,,,,,,,,,,,,,,,,
,,,,,,,,,,,,,,,,,,,,,,,,,,,,,,,,,,,,
,,,,,,,,,,,,,,,,,,,,,,,,,,,,,,,,,,,,
,,,,,,,,,,,,,,,,,,,,,,,,,,,,,,,,,,,,
,,,,,,,,,,,,,,,,,,,,,,,,,,,,,,,,,,,,
,,,,,,,,,,,,,,,,,,,,,,,,,,,,,,,,,,,,
,,,,,,,,,,,,,,,,,,,,,,,,,,,,,,,,,,,,
,,,,,,,,,,,,,,,,,,,,,,,,,,,,,,,,,,,,
,,,,,,,,,,,,,,,,,,,,,,,,,,,,,,,,,,,,
,,,,,,,,,,,,,,,,,,,,,,,,,,,,,,,,,,,,
,,,,,,,,,,,,,,,,,,,,,,,,,,,,,,,,,,,,
,,,,,,,,,,,,,,,,,,,,,,,,,,,,,,,,,,,,
,,,,,,,,,,,,,,,,,,,,,,,,,,,,,,,,,,,,
,,,,,,,,,,,,,,,,,,,,,,,,,,,,,,,,,,,,
,,,,,,,,,,,,,,,,,,,,,,,,,,,,,,,,,,,,
,,,,,,,,,,,,,,,,,,,,,,,,,,,,,,,,,,,,
,,,,,,,,,,,,,,,,,,,,,,,,,,,,,,,,,,,,
,,,,,,,,,,,,,,,,,,,,,,,,,,,,,,,,,,,,
,,,,,,,,,,,,,,,,,,,,,,,,,,,,,,,,,,,,
,,,,,,,,,,,,,,,,,,,,,,,,,,,,,,,,,,,,
,,,,,,,,,,,,,,,,,,,,,,,,,,,,,,,,,,,,
,,,,,,,,,,,,,,,,,,,,,,,,,,,,,,,,,,,,
,,,,,,,,,,,,,,,,,,,,,,,,,,,,,,,,,,,,
,,,,,,,,,,,,,,,,,,,,,,,,,,,,,,,,,,,,
,,,,,,,,,,,,,,,,,,,,,,,,,,,,,,,,,,,,
,,,,,,,,,,,,,,,,,,,,,,,,,,,,,,,,,,,,
,,,,,,,,,,,,,,,,,,,,,,,,,,,,,,,,,,,,
,,,,,,,,,,,,,,,,,,,,,,,,,,,,,,,,,,,,
,,,,,,,,,,,,,,,,,,,,,,,,,,,,,,,,,,,,
,,,,,,,,,,,,,,,,,,,,,,,,,,,,,,,,,,,,
,,,,,,,,,,,,,,,,,,,,,,,,,,,,,,,,,,,,
,,,,,,,,,,,,,,,,,,,,,,,,,,,,,,,,,,,,
,,,,,,,,,,,,,,,,,,,,,,,,,,,,,,,,,,,,
,,,,,,,,,,,,,,,,,,,,,,,,,,,,,,,,,,,,
,,,,,,,,,,,,,,,,,,,,,,,,,,,,,,,,,,,,
,,,,,,,,,,,,,,,,,,,,,,,,,,,,,,,,,,,,
,,,,,,,,,,,,,,,,,,,,,,,,,,,,,,,,,,,,
,,,,,,,,,,,,,,,,,,,,,,,,,,,,,,,,,,,,
,,,,,,,,,,,,,,,,,,,,,,,,,,,,,,,,,,,,
,,,,,,,,,,,,,,,,,,,,,,,,,,,,,,,,,,,,
,,,,,,,,,,,,,,,,,,,,,,,,,,,,,,,,,,,,
,,,,,,,,,,,,,,,,,,,,,,,,,,,,,,,,,,,,
,,,,,,,,,,,,,,,,,,,,,,,,,,,,,,,,,,,,
,,,,,,,,,,,,,,,,,,,,,,,,,,,,,,,,,,,,
,,,,,,,,,,,,,,,,,,,,,,,,,,,,,,,,,,,,
,,,,,,,,,,,,,,,,,,,,,,,,,,,,,,,,,,,,
,,,,,,,,,,,,,,,,,,,,,,,,,,,,,,,,,,,,
,,,,,,,,,,,,,,,,,,,,,,,,,,,,,,,,,,,,
,,,,,,,,,,,,,,,,,,,,,,,,,,,,,,,,,,,,
,,,,,,,,,,,,,,,,,,,,,,,,,,,,,,,,,,,,
,,,,,,,,,,,,,,,,,,,,,,,,,,,,,,,,,,,,
,,,,,,,,,,,,,,,,,,,,,,,,,,,,,,,,,,,,
,,,,,,,,,,,,,,,,,,,,,,,,,,,,,,,,,,,,
,,,,,,,,,,,,,,,,,,,,,,,,,,,,,,,,,,,,
,,,,,,,,,,,,,,,,,,,,,,,,,,,,,,,,,,,,
,,,,,,,,,,,,,,,,,,,,,,,,,,,,,,,,,,,,
,,,,,,,,,,,,,,,,,,,,,,,,,,,,,,,,,,,,
,,,,,,,,,,,,,,,,,,,,,,,,,,,,,,,,,,,,
,,,,,,,,,,,,,,,,,,,,,,,,,,,,,,,,,,,,
,,,,,,,,,,,,,,,,,,,,,,,,,,,,,,,,,,,,
,,,,,,,,,,,,,,,,,,,,,,,,,,,,,,,,,,,,
,,,,,,,,,,,,,,,,,,,,,,,,,,,,,,,,,,,,
,,,,,,,,,,,,,,,,,,,,,,,,,,,,,,,,,,,,
,,,,,,,,,,,,,,,,,,,,,,,,,,,,,,,,,,,,
,,,,,,,,,,,,,,,,,,,,,,,,,,,,,,,,,,,,
,,,,,,,,,,,,,,,,,,,,,,,,,,,,,,,,,,,,
,,,,,,,,,,,,,,,,,,,,,,,,,,,,,,,,,,,,
,,,,,,,,,,,,,,,,,,,,,,,,,,,,,,,,,,,,
,,,,,,,,,,,,,,,,,,,,,,,,,,,,,,,,,,,,
,,,,,,,,,,,,,,,,,,,,,,,,,,,,,,,,,,,,
,,,,,,,,,,,,,,,,,,,,,,,,,,,,,,,,,,,,
,,,,,,,,,,,,,,,,,,,,,,,,,,,,,,,,,,,,
,,,,,,,,,,,,,,,,,,,,,,,,,,,,,,,,,,,,
,,,,,,,,,,,,,,,,,,,,,,,,,,,,,,,,,,,,
,,,,,,,,,,,,,,,,,,,,,,,,,,,,,,,,,,,,
,,,,,,,,,,,,,,,,,,,,,,,,,,,,,,,,,,,,
,,,,,,,,,,,,,,,,,,,,,,,,,,,,,,,,,,,,
,,,,,,,,,,,,,,,,,,,,,,,,,,,,,,,,,,,,
,,,,,,,,,,,,,,,,,,,,,,,,,,,,,,,,,,,,
,,,,,,,,,,,,,,,,,,,,,,,,,,,,,,,,,,,,
,,,,,,,,,,,,,,,,,,,,,,,,,,,,,,,,,,,,
,,,,,,,,,,,,,,,,,,,,,,,,,,,,,,,,,,,,
,,,,,,,,,,,,,,,,,,,,,,,,,,,,,,,,,,,,
,,,,,,,,,,,,,,,,,,,,,,,,,,,,,,,,,,,,
,,,,,,,,,,,,,,,,,,,,,,,,,,,,,,,,,,,,
,,,,,,,,,,,,,,,,,,,,,,,,,,,,,,,,,,,,
,,,,,,,,,,,,,,,,,,,,,,,,,,,,,,,,,,,,
,,,,,,,,,,,,,,,,,,,,,,,,,,,,,,,,,,,,
,,,,,,,,,,,,,,,,,,,,,,,,,,,,,,,,,,,,
,,,,,,,,,,,,,,,,,,,,,,,,,,,,,,,,,,,,
,,,,,,,,,,,,,,,,,,,,,,,,,,,,,,,,,,,,
,,,,,,,,,,,,,,,,,,,,,,,,,,,,,,,,,,,,
,,,,,,,,,,,,,,,,,,,,,,,,,,,,,,,,,,,,
,,,,,,,,,,,,,,,,,,,,,,,,,,,,,,,,,,,,
,,,,,,,,,,,,,,,,,,,,,,,,,,,,,,,,,,,,
,,,,,,,,,,,,,,,,,,,,,,,,,,,,,,,,,,,,
,,,,,,,,,,,,,,,,,,,,,,,,,,,,,,,,,,,,
,,,,,,,,,,,,,,,,,,,,,,,,,,,,,,,,,,,,
,,,,,,,,,,,,,,,,,,,,,,,,,,,,,,,,,,,,
,,,,,,,,,,,,,,,,,,,,,,,,,,,,,,,,,,,,
,,,,,,,,,,,,,,,,,,,,,,,,,,,,,,,,,,,,
,,,,,,,,,,,,,,,,,,,,,,,,,,,,,,,,,,,,
,,,,,,,,,,,,,,,,,,,,,,,,,,,,,,,,,,,,
,,,,,,,,,,,,,,,,,,,,,,,,,,,,,,,,,,,,
,,,,,,,,,,,,,,,,,,,,,,,,,,,,,,,,,,,,
,,,,,,,,,,,,,,,,,,,,,,,,,,,,,,,,,,,,
,,,,,,,,,,,,,,,,,,,,,,,,,,,,,,,,,,,,
,,,,,,,,,,,,,,,,,,,,,,,,,,,,,,,,,,,,
,,,,,,,,,,,,,,,,,,,,,,,,,,,,,,,,,,,,
,,,,,,,,,,,,,,,,,,,,,,,,,,,,,,,,,,,,
,,,,,,,,,,,,,,,,,,,,,,,,,,,,,,,,,,,,
,,,,,,,,,,,,,,,,,,,,,,,,,,,,,,,,,,,,
,,,,,,,,,,,,,,,,,,,,,,,,,,,,,,,,,,,,
,,,,,,,,,,,,,,,,,,,,,,,,,,,,,,,,,,,,
,,,,,,,,,,,,,,,,,,,,,,,,,,,,,,,,,,,,
,,,,,,,,,,,,,,,,,,,,,,,,,,,,,,,,,,,,
,,,,,,,,,,,,,,,,,,,,,,,,,,,,,,,,,,,,
,,,,,,,,,,,,,,,,,,,,,,,,,,,,,,,,,,,,
,,,,,,,,,,,,,,,,,,,,,,,,,,,,,,,,,,,,
,,,,,,,,,,,,,,,,,,,,,,,,,,,,,,,,,,,,
,,,,,,,,,,,,,,,,,,,,,,,,,,,,,,,,,,,,
,,,,,,,,,,,,,,,,,,,,,,,,,,,,,,,,,,,,
,,,,,,,,,,,,,,,,,,,,,,,,,,,,,,,,,,,,
,,,,,,,,,,,,,,,,,,,,,,,,,,,,,,,,,,,,
,,,,,,,,,,,,,,,,,,,,,,,,,,,,,,,,,,,,
,,,,,,,,,,,,,,,,,,,,,,,,,,,,,,,,,,,,
,,,,,,,,,,,,,,,,,,,,,,,,,,,,,,,,,,,,
,,,,,,,,,,,,,,,,,,,,,,,,,,,,,,,,,,,,
,,,,,,,,,,,,,,,,,,,,,,,,,,,,,,,,,,,,
,,,,,,,,,,,,,,,,,,,,,,,,,,,,,,,,,,,,
,,,,,,,,,,,,,,,,,,,,,,,,,,,,,,,,,,,,
,,,,,,,,,,,,,,,,,,,,,,,,,,,,,,,,,,,,
,,,,,,,,,,,,,,,,,,,,,,,,,,,,,,,,,,,,
,,,,,,,,,,,,,,,,,,,,,,,,,,,,,,,,,,,,
,,,,,,,,,,,,,,,,,,,,,,,,,,,,,,,,,,,,
,,,,,,,,,,,,,,,,,,,,,,,,,,,,,,,,,,,,
,,,,,,,,,,,,,,,,,,,,,,,,,,,,,,,,,,,,
,,,,,,,,,,,,,,,,,,,,,,,,,,,,,,,,,,,,
,,,,,,,,,,,,,,,,,,,,,,,,,,,,,,,,,,,,
,,,,,,,,,,,,,,,,,,,,,,,,,,,,,,,,,,,,
,,,,,,,,,,,,,,,,,,,,,,,,,,,,,,,,,,,,
,,,,,,,,,,,,,,,,,,,,,,,,,,,,,,,,,,,,
,,,,,,,,,,,,,,,,,,,,,,,,,,,,,,,,,,,,
,,,,,,,,,,,,,,,,,,,,,,,,,,,,,,,,,,,,
,,,,,,,,,,,,,,,,,,,,,,,,,,,,,,,,,,,,
,,,,,,,,,,,,,,,,,,,,,,,,,,,,,,,,,,,,
,,,,,,,,,,,,,,,,,,,,,,,,,,,,,,,,,,,,
,,,,,,,,,,,,,,,,,,,,,,,,,,,,,,,,,,,,
,,,,,,,,,,,,,,,,,,,,,,,,,,,,,,,,,,,,
,,,,,,,,,,,,,,,,,,,,,,,,,,,,,,,,,,,,
,,,,,,,,,,,,,,,,,,,,,,,,,,,,,,,,,,,,
,,,,,,,,,,,,,,,,,,,,,,,,,,,,,,,,,,,,
,,,,,,,,,,,,,,,,,,,,,,,,,,,,,,,,,,,,
,,,,,,,,,,,,,,,,,,,,,,,,,,,,,,,,,,,,
,,,,,,,,,,,,,,,,,,,,,,,,,,,,,,,,,,,,
,,,,,,,,,,,,,,,,,,,,,,,,,,,,,,,,,,,,
,,,,,,,,,,,,,,,,,,,,,,,,,,,,,,,,,,,,
,,,,,,,,,,,,,,,,,,,,,,,,,,,,,,,,,,,,
,,,,,,,,,,,,,,,,,,,,,,,,,,,,,,,,,,,,
,,,,,,,,,,,,,,,,,,,,,,,,,,,,,,,,,,,,
,,,,,,,,,,,,,,,,,,,,,,,,,,,,,,,,,,,,
,,,,,,,,,,,,,,,,,,,,,,,,,,,,,,,,,,,,
,,,,,,,,,,,,,,,,,,,,,,,,,,,,,,,,,,,,
,,,,,,,,,,,,,,,,,,,,,,,,,,,,,,,,,,,,
,,,,,,,,,,,,,,,,,,,,,,,,,,,,,,,,,,,,
,,,,,,,,,,,,,,,,,,,,,,,,,,,,,,,,,,,,
,,,,,,,,,,,,,,,,,,,,,,,,,,,,,,,,,,,,
,,,,,,,,,,,,,,,,,,,,,,,,,,,,,,,,,,,,
,,,,,,,,,,,,,,,,,,,,,,,,,,,,,,,,,,,,
,,,,,,,,,,,,,,,,,,,,,,,,,,,,,,,,,,,,
,,,,,,,,,,,,,,,,,,,,,,,,,,,,,,,,,,,,
,,,,,,,,,,,,,,,,,,,,,,,,,,,,,,,,,,,,
,,,,,,,,,,,,,,,,,,,,,,,,,,,,,,,,,,,,
,,,,,,,,,,,,,,,,,,,,,,,,,,,,,,,,,,,,
,,,,,,,,,,,,,,,,,,,,,,,,,,,,,,,,,,,,
,,,,,,,,,,,,,,,,,,,,,,,,,,,,,,,,,,,,
,,,,,,,,,,,,,,,,,,,,,,,,,,,,,,,,,,,,
,,,,,,,,,,,,,,,,,,,,,,,,,,,,,,,,,,,,
,,,,,,,,,,,,,,,,,,,,,,,,,,,,,,,,,,,,
Karkian Beast (M) Capsule,,,,313,2200,5,40,36,9529,184,581,,,,,,75,5,,2862,,140,548,,,3,,,,,,,,,,LUSE1411
Karkian Beast (F) Capsule,,,,313,2200,5,40,36,9529,184,581,,,,,,75,5,,2863,,140,548,,,3,,,,,,,,,,LUSE1412
Golem Watcher Capsule,,,,313,2265,5,40,40,9537,184,581,,,,,,75,5,,2864,,140,548,,,3,,,,,,,,,,LUSE1413
Toxic Breather Capsule,,,,313,2265,5,40,41,9537,184,581,,,,,,75,5,,2865,,140,548,,,3,,,,,,,,,,LUSE1414
Fazzy Capsule,,,,313,2301,5,40,41,9529,184,581,,,,,,75,5,,2866,,140,548,,,3,,,,,,,,,,LUSE1415
Silencer Capsule,,,,313,2311,5,40,43,9531,184,581,,,,,,75,5,,2867,,140,548,,,3,,,,,,,,,,LUSE1416
,,,,,,,,,,,,,,,,,,,,,,,,,,,,,,,,,,,,
,,,,,,,,,,,,,,,,,,,,,,,,,,,,,,,,,,,,
,,,,,,,,,,,,,,,,,,,,,,,,,,,,,,,,,,,,
,,,,,,,,,,,,,,,,,,,,,,,,,,,,,,,,,,,,
,,,,,,,,,,,,,,,,,,,,,,,,,,,,,,,,,,,,
,,,,,,,,,,,,,,,,,,,,,,,,,,,,,,,,,,,,
,,,,,,,,,,,,,,,,,,,,,,,,,,,,,,,,,,,,
,,,,,,,,,,,,,,,,,,,,,,,,,,,,,,,,,,,,
,,,,,,,,,,,,,,,,,,,,,,,,,,,,,,,,,,,,
,,,,,,,,,,,,,,,,,,,,,,,,,,,,,,,,,,,,
,,,,,,,,,,,,,,,,,,,,,,,,,,,,,,,,,,,,
,,,,,,,,,,,,,,,,,,,,,,,,,,,,,,,,,,,,
,,,,,,,,,,,,,,,,,,,,,,,,,,,,,,,,,,,,
,,,,,,,,,,,,,,,,,,,,,,,,,,,,,,,,,,,,
,,,,,,,,,,,,,,,,,,,,,,,,,,,,,,,,,,,,
,,,,,,,,,,,,,,,,,,,,,,,,,,,,,,,,,,,,
,,,,,,,,,,,,,,,,,,,,,,,,,,,,,,,,,,,,
,,,,,,,,,,,,,,,,,,,,,,,,,,,,,,,,,,,,
,,,,,,,,,,,,,,,,,,,,,,,,,,,,,,,,,,,,
,,,,,,,,,,,,,,,,,,,,,,,,,,,,,,,,,,,,
,,,,,,,,,,,,,,,,,,,,,,,,,,,,,,,,,,,,
,,,,,,,,,,,,,,,,,,,,,,,,,,,,,,,,,,,,
,,,,,,,,,,,,,,,,,,,,,,,,,,,,,,,,,,,,
,,,,,,,,,,,,,,,,,,,,,,,,,,,,,,,,,,,,
,,,,,,,,,,,,,,,,,,,,,,,,,,,,,,,,,,,,
,,,,,,,,,,,,,,,,,,,,,,,,,,,,,,,,,,,,
,,,,,,,,,,,,,,,,,,,,,,,,,,,,,,,,,,,,
,,,,,,,,,,,,,,,,,,,,,,,,,,,,,,,,,,,,
,,,,,,,,,,,,,,,,,,,,,,,,,,,,,,,,,,,,
,,,,,,,,,,,,,,,,,,,,,,,,,,,,,,,,,,,,
,,,,,,,,,,,,,,,,,,,,,,,,,,,,,,,,,,,,
,,,,,,,,,,,,,,,,,,,,,,,,,,,,,,,,,,,,
,,,,,,,,,,,,,,,,,,,,,,,,,,,,,,,,,,,,
,,,,,,,,,,,,,,,,,,,,,,,,,,,,,,,,,,,,
,,,,,,,,,,,,,,,,,,,,,,,,,,,,,,,,,,,,
,,,,,,,,,,,,,,,,,,,,,,,,,,,,,,,,,,,,
,,,,,,,,,,,,,,,,,,,,,,,,,,,,,,,,,,,,
,,,,,,,,,,,,,,,,,,,,,,,,,,,,,,,,,,,,
,,,,,,,,,,,,,,,,,,,,,,,,,,,,,,,,,,,,
,,,,,,,,,,,,,,,,,,,,,,,,,,,,,,,,,,,,
,,,,,,,,,,,,,,,,,,,,,,,,,,,,,,,,,,,,
,,,,,,,,,,,,,,,,,,,,,,,,,,,,,,,,,,,,
,,,,,,,,,,,,,,,,,,,,,,,,,,,,,,,,,,,,
,,,,,,,,,,,,,,,,,,,,,,,,,,,,,,,,,,,,
,,,,,,,,,,,,,,,,,,,,,,,,,,,,,,,,,,,,
,,,,,,,,,,,,,,,,,,,,,,,,,,,,,,,,,,,,
,,,,,,,,,,,,,,,,,,,,,,,,,,,,,,,,,,,,
,,,,,,,,,,,,,,,,,,,,,,,,,,,,,,,,,,,,
,,,,,,,,,,,,,,,,,,,,,,,,,,,,,,,,,,,,
,,,,,,,,,,,,,,,,,,,,,,,,,,,,,,,,,,,,
,,,,,,,,,,,,,,,,,,,,,,,,,,,,,,,,,,,,
,,,,,,,,,,,,,,,,,,,,,,,,,,,,,,,,,,,,
,,,,,,,,,,,,,,,,,,,,,,,,,,,,,,,,,,,,
,,,,,,,,,,,,,,,,,,,,,,,,,,,,,,,,,,,,
,,,,,,,,,,,,,,,,,,,,,,,,,,,,,,,,,,,,
,,,,,,,,,,,,,,,,,,,,,,,,,,,,,,,,,,,,
Evergloom Box,,,6,350,0,1,1,50,9930,63,581,,,,,,,,307,1,3,,,,2,1,,,,,,,,,,LUSE1473
Sphere Of Requiem,,,6,350,0,1,1,50,9890,63,581,20,4,200,1,,,,306,1,1,,,,2,1,,,,,,,,,,LUSE1474
Lens of Dawn,,,,350,0,1,1,50,9804,63,581,20,3,196,5,,31,200,304,1,1,,,,2,1,,,,,,,,,,LUSE1475
Blue Box,,,,350,0,1,1,50,9839,63,581,20,4,195,5,,,,303,1,3,,,,2,1,,,,,,,,,,LUSE1476
Ullr's Vision Cube,,,,350,0,1,1,50,9806,63,581,,,,15,,,,302,1,1,,,,2,1,,,,,,,,,,LUSE1477
Unholy Prism,,,,350,0,1,1,50,9663,63,581,,,,15,,,,297,1,1,,,,2,1,,,,,,,,,,LUSE1478
Blazing Box,,,,350,0,1,1,50,8652,63,581,,,,15,,,,259,1,2,,,,2,1,,,,,,,,,,LUSE1479
Iron Box,,,,350,0,1,1,50,8653,63,581,,,,15,,,,260,1,5,,,,2,1,,,,,,,,,,LUSE1480
Rusty Box,,,,350,0,1,1,50,8654,63,581,,,,15,,,,261,1,3,,,,2,1,,,,,,,,,,LUSE1481
Box of Twilight,,,,350,0,1,1,50,9552,63,581,,,,15,,,,290,1,1,,,,2,1,,,,,,,,,,LUSE1482
Bronze Soldier Chest (Visitor),,,11,375,1000,0,0,3,6253,1006,581,,,,150,,,,100,1,5,1030,,,2,1,,,,,,,,,1,LUSE855
Silver Soldier Chest (Visitor),,,11,375,1000,0,0,3,6254,1006,581,,,,300,,,,120,1,5,1050,,,2,1,,,,,,,,,1,LUSE856
Gold Soldier Chest (Visitor),,,11,375,1000,0,0,3,6255,1006,581,,,,500,,,,140,1,5,1070,,,2,1,,,,,,,,,1,LUSE857
Bronze Muse Chest (Visitor),,,11,375,1000,0,0,3,6259,1006,581,,,,150,,,,101,1,5,1031,,,2,1,,,,,,,,,1,LUSE858
Silver Muse Chest (Visitor),,,11,375,1000,0,0,3,6260,1006,581,,,,300,,,,121,1,5,1051,,,2,1,,,,,,,,,1,LUSE859
Gold Muse Chest (Visitor),,,11,375,1000,0,0,3,6261,1006,581,,,,500,,,,141,1,5,1071,,,2,1,,,,,,,,,1,LUSE860
Bronze Hawker Chest (Visitor),,,11,375,1000,0,0,3,6256,1006,581,,,,150,,,,102,1,5,1032,,,2,1,,,,,,,,,1,LUSE861
Silver Hawker Chest (Visitor),,,11,375,1000,0,0,3,6257,1006,581,,,,300,,,,122,1,5,1052,,,2,1,,,,,,,,,1,LUSE862
Gold Hawker Chest (Visitor),,,11,375,1000,0,0,3,6258,1006,581,,,,500,,,,142,1,5,1072,,,2,1,,,,,,,,,1,LUSE863
Bronze Dealer Chest (Visitor),,,11,375,1000,0,0,3,6262,1006,581,,,,150,,,,103,1,5,1033,,,2,1,,,,,,,,,1,LUSE864
Silver Dealer Chest (Visitor),,,11,375,1000,0,0,3,6263,1006,581,,,,300,,,,123,1,5,1053,,,2,1,,,,,,,,,1,LUSE865
Gold Dealer Chest (Visitor),,,11,375,1000,0,0,3,6264,1006,581,,,,500,,,,143,1,5,1073,,,2,1,,,,,,,,,1,LUSE866
,,,,350,1000,0,0,6,2899,1006,581,,,,,,,,,,,1034,,,2,1,,,,,,,,,,
,,,,350,1000,0,0,6,2900,1006,581,,,,,,,,,,,1054,,,2,1,,,,,,,,,,
Random Chest (Visitor),,,11,375,1000,0,0,3,6305,1006,581,,,,600,,,,144,1,0,1074,,,2,1,,,,,,,,,1,LUSE869
,,,,,,,,,,,581,,,,,,,,,,,,,,,,,,,,,,,,,
,,,,,,,,,,,581,,,,,,,,,,,,,,,,,,,,,,,,,
Bronze Soldier Chest (Veteran),,,11,375,1000,0,0,3,6266,1006,581,,,,300,,,,105,1,5,1035,,,2,1,,,,,,,,,1,LUSE220
Silver Soldier Chest (Veteran),,,11,375,1000,0,0,3,6267,1006,581,,,,600,,,,125,1,5,1055,,,2,1,,,,,,,,,1,LUSE221
Gold Soldier Chest (Veteran),,,11,375,1000,0,0,3,6268,1006,581,,,,1000,,,,145,1,5,1075,,,2,1,,,,,,,,,1,LUSE222
Bronze Muse Chest (Veteran),,,11,375,1000,0,0,3,6272,1006,581,,,,300,,,,106,1,5,1036,,,2,1,,,,,,,,,1,LUSE223
Silver Muse Chest (Veteran),,,11,375,1000,0,0,3,6273,1006,581,,,,600,,,,126,1,5,1056,,,2,1,,,,,,,,,1,LUSE224
Gold Muse Chest (Veteran),,,11,375,1000,0,0,3,6274,1006,581,,,,1000,,,,146,1,5,1076,,,2,1,,,,,,,,,1,LUSE225
Bronze Hawker Chest (Veteran),,,11,375,1000,0,0,3,6269,1006,581,,,,300,,,,107,1,5,1037,,,2,1,,,,,,,,,1,LUSE226
Silver Hawker Chest (Veteran),,,11,375,1000,0,0,3,6270,1006,581,,,,600,,,,127,1,5,1057,,,2,1,,,,,,,,,1,LUSE227
Gold Hawker Chest (Veteran),,,11,375,1000,0,0,3,6271,1006,581,,,,1000,,,,147,1,5,1077,,,2,1,,,,,,,,,1,LUSE228
Bronze Dealer Chest (Veteran),,,11,375,1000,0,0,3,6275,1006,581,,,,300,,,,108,1,5,1038,,,2,1,,,,,,,,,1,LUSE229
Silver Dealer Chest (Veteran),,,11,375,1000,0,0,3,6276,1006,581,,,,600,,,,128,1,5,1058,,,2,1,,,,,,,,,1,LUSE230
Gold Dealer Chest (Veteran),,,11,375,1000,0,0,3,6277,1006,581,,,,1000,,,,148,1,5,1078,,,2,1,,,,,,,,,1,LUSE231
,,,,350,1000,0,0,6,2899,1006,581,,,,,,,,,,,1039,,,2,1,,,,,,,,,,
,,,,350,1000,0,0,6,2900,1006,581,,,,,,,,,,,1059,,,2,1,,,,,,,,,,
Random Chest (Veteran),,,11,375,1000,0,0,3,6306,1006,581,,,,1200,,,,149,1,0,1079,,,2,1,,,,,,,,,1,LUSE234
Bronze Soldier Chest (Elite),,,11,375,1000,0,0,3,6279,1006,581,,,,750,,,,110,1,5,1040,,,2,1,,,,,,,,,1,LUSE235
Silver Soldier Chest (Elite),,,11,375,1000,0,0,3,6280,1006,581,,,,1500,,,,130,1,5,1060,,,2,1,,,,,,,,,1,LUSE236
Gold Soldier Chest (Elite),,,11,375,1000,0,0,3,6281,1006,581,,,,2500,,,,150,1,5,1080,,,2,1,,,,,,,,,1,LUSE237
Bronze Muse Chest (Elite),,,11,375,1000,0,0,3,6285,1006,581,,,,750,,,,111,1,5,1041,,,2,1,,,,,,,,,1,LUSE238
Silver Muse Chest (Elite),,,11,375,1000,0,0,3,6286,1006,581,,,,1500,,,,131,1,5,1061,,,2,1,,,,,,,,,1,LUSE239
Gold Muse Chest (Elite),,,11,375,1000,0,0,3,6287,1006,581,,,,2500,,,,151,1,5,1081,,,2,1,,,,,,,,,1,LUSE240
Bronze Hawker Chest (Elite),,,11,375,1000,0,0,3,6282,1006,581,,,,750,,,,112,1,5,1042,,,2,1,,,,,,,,,1,LUSE241
Silver Hawker Chest (Elite),,,11,375,1000,0,0,3,6283,1006,581,,,,1500,,,,132,1,5,1062,,,2,1,,,,,,,,,1,LUSE242
Gold Hawker Chest (Elite),,,11,375,1000,0,0,3,6284,1006,,,,,2500,,,,152,1,5,1082,,,2,1,,,,,,,,,1,LUSE243
Bronze Dealer Chest (Elite),,,11,375,1000,0,0,3,6288,1006,581,,,,750,,,,113,1,5,1043,,,2,1,,,,,,,,,1,LUSE244
Silver Dealer Chest (Elite),,,11,375,1000,0,0,3,6289,1006,581,,,,1500,,,,133,1,5,1063,,,2,1,,,,,,,,,1,LUSE245
Gold Dealer Chest (Elite),,,11,375,1000,0,0,3,6290,1006,581,,,,2500,,,,153,1,5,1083,,,2,1,,,,,,,,,1,LUSE246
,,,,350,1000,0,0,6,2899,1006,581,,,,,,,,,,,1044,,,2,1,,,,,,,,,,
,,,,350,1000,0,0,6,2900,1006,581,,,,,,,,,,,1064,,,2,1,,,,,,,,,,
Random Chest (Elite),,,11,375,1000,0,0,3,6307,1006,581,,,,3000,,,,154,1,5,1084,,,2,1,,,,,,,,,1,LUSE249
Bronze Soldier Chest (Nightmare),,,11,375,1000,0,0,3,6292,1006,581,,,,1500,,,,115,1,5,1045,,,2,1,,,,,,,,,1,LUSE250
Silver Soldier Chest (Nightmare),,,11,375,1000,0,0,3,6293,1006,581,,,,3000,,,,135,1,5,1065,,,2,1,,,,,,,,,1,LUSE251
Gold Soldier Chest (Nightmare),,,11,375,1000,0,0,3,6294,1006,581,,,,5000,,,,155,1,5,1085,,,2,1,,,,,,,,,1,LUSE252
Bronze Muse Chest (Nightmare),,,11,375,1000,0,0,3,6298,1006,581,,,,1500,,,,116,1,5,1046,,,2,1,,,,,,,,,1,LUSE253
Silver Muse Chest (Nightmare),,,11,375,1000,0,0,3,6299,1006,,,,,3000,,,,136,1,5,1066,,,2,1,,,,,,,,,1,LUSE254
Gold Muse Chest (Nightmare),,,11,375,1000,0,0,3,6300,1006,581,,,,5000,,,,156,1,5,1086,,,2,1,,,,,,,,,1,LUSE255
Bronze Hawker Chest (Nightmare),,,11,375,1000,0,0,3,6295,1006,581,,,,1500,,,,117,1,5,1047,,,2,1,,,,,,,,,1,LUSE256
Silver Hawker Chest (Nightmare),,,11,375,1000,0,0,3,6296,1006,581,,,,3000,,,,137,1,5,1067,,,2,1,,,,,,,,,1,LUSE257
Gold Hawker Chest (Nightmare),,,11,375,1000,0,0,3,6297,1006,581,,,,5000,,,,157,1,5,1087,,,2,1,,,,,,,,,1,LUSE258
Bronze Dealer Chest (Nightmare),,,11,375,1000,0,0,3,6301,1006,581,,,,1500,,,,118,1,5,1048,,,2,1,,,,,,,,,1,LUSE259
Silver Dealer Chest (Nightmare),,,11,375,1000,0,0,3,6302,1006,581,,,,3000,,,,138,1,5,1068,,,2,1,,,,,,,,,1,LUSE260
Gold Dealer Chest (Nightmare),,,11,375,1000,0,0,3,6303,1006,581,,,,5000,,,,158,1,5,1088,,,2,1,,,,,,,,,1,LUSE261
,,,,350,1000,0,0,6,2899,1006,581,,,,,,,,,,,1049,,,2,1,,,,,,,,,,
,,,,350,1000,0,0,6,2900,1006,581,,,,,,,,,,,1069,,,2,1,,,,,,,,,,
Random Chest (Nightmare),,,11,375,1000,0,0,3,6308,1006,581,,,,6000,,,,159,1,0,1089,,,2,1,,,,,,,,,1,LUSE264
,,,,,,,,,,,,,,,,,,,,,,,,,,,,,,,,,,,,
Crowd Control (Reflect Damage),,,6,314,0,0,0,0,1713,,,,,,,,,,,3191,0,,548,,,3,,,,,,,,,,LUSE1546
GM Agility Down,,,6,314,0,0,0,0,1713,,,,,,,,,,,3249,0,,548,,,3,,,,,,,,,,LUSE1547
,,,,,,,,,,,,,,,,,,,,,,,,,,,,,,,,,,,,
,,,,,,,,,,,,,,,,,,,,,,,,,,,,,,,,,,,,
,,,,,,,,,,,,,,,,,,,,,,,,,,,,,,,,,,,,
,,,,,,,,,,,,,,,,,,,,,,,,,,,,,,,,,,,,
,,,,,,,,,,,,,,,,,,,,,,,,,,,,,,,,,,,,
,,,,,,,,,,,,,,,,,,,,,,,,,,,,,,,,,,,,
,,,,,,,,,,,,,,,,,,,,,,,,,,,,,,,,,,,,
,,,,,,,,,,,,,,,,,,,,,,,,,,,,,,,,,,,,
,,,,,,,,,,,,,,,,,,,,,,,,,,,,,,,,,,,,
,,,,,,,,,,,,,,,,,,,,,,,,,,,,,,,,,,,,
,,,,,,,,,,,,,,,,,,,,,,,,,,,,,,,,,,,,
,,,,,,,,,,,,,,,,,,,,,,,,,,,,,,,,,,,,
,,,,,,,,,,,,,,,,,,,,,,,,,,,,,,,,,,,,
,,,,,,,,,,,,,,,,,,,,,,,,,,,,,,,,,,,,
,,,,,,,,,,,,,,,,,,,,,,,,,,,,,,,,,,,,
,,,,,,,,,,,,,,,,,,,,,,,,,,,,,,,,,,,,
,,,,,,,,,,,,,,,,,,,,,,,,,,,,,,,,,,,,
,,,,,,,,,,,,,,,,,,,,,,,,,,,,,,,,,,,,
,,,,,,,,,,,,,,,,,,,,,,,,,,,,,,,,,,,,
,,,,,,,,,,,,,,,,,,,,,,,,,,,,,,,,,,,,
,,,,,,,,,,,,,,,,,,,,,,,,,,,,,,,,,,,,
,,,,,,,,,,,,,,,,,,,,,,,,,,,,,,,,,,,,
,,,,,,,,,,,,,,,,,,,,,,,,,,,,,,,,,,,,
,,,,,,,,,,,,,,,,,,,,,,,,,,,,,,,,,,,,
,,,,,,,,,,,,,,,,,,,,,,,,,,,,,,,,,,,,
,,,,,,,,,,,,,,,,,,,,,,,,,,,,,,,,,,,,
,,,,,,,,,,,,,,,,,,,,,,,,,,,,,,,,,,,,
,,,,,,,,,,,,,,,,,,,,,,,,,,,,,,,,,,,,
,,,,,,,,,,,,,,,,,,,,,,,,,,,,,,,,,,,,
,,,,,,,,,,,,,,,,,,,,,,,,,,,,,,,,,,,,
,,,,,,,,,,,,,,,,,,,,,,,,,,,,,,,,,,,,
,,,,,,,,,,,,,,,,,,,,,,,,,,,,,,,,,,,,
,,,,,,,,,,,,,,,,,,,,,,,,,,,,,,,,,,,,
,,,,,,,,,,,,,,,,,,,,,,,,,,,,,,,,,,,,
,,,,,,,,,,,,,,,,,,,,,,,,,,,,,,,,,,,,
,,,,,,,,,,,,,,,,,,,,,,,,,,,,,,,,,,,,
,,,,,,,,,,,,,,,,,,,,,,,,,,,,,,,,,,,,
,,,,,,,,,,,,,,,,,,,,,,,,,,,,,,,,,,,,
,,,,,,,,,,,,,,,,,,,,,,,,,,,,,,,,,,,,
,,,,,,,,,,,,,,,,,,,,,,,,,,,,,,,,,,,,
,,,,,,,,,,,,,,,,,,,,,,,,,,,,,,,,,,,,
,,,,,,,,,,,,,,,,,,,,,,,,,,,,,,,,,,,,
Blue Icicle,,,,313,0,5,25,30,1664,151,579,,,,,,,,,3941,,,,,,3,,,,,,,,,,LUSE1606
Green Icicle,,,,313,0,5,25,30,1665,151,579,,,,,,,,,3942,,,,,,3,,,,,,,,,,LUSE1607
White Icicle,,,,313,0,5,25,30,1666,151,579,,,,,,,,,3943,,,,,,3,,,,,,,,,,LUSE1608
Black Icicle,,,,313,0,5,25,30,3856,151,579,,,,,,,,,3940,,,,,,3,,,,,,,,,,LUSE1609
Red Icicle,,,,313,0,5,25,30,1667,151,579,,,,,,,,,3944,,,,,,3,,,,,,,,,,LUSE1610
Purple Icicle,,,,313,0,5,25,30,3857,151,579,,,,,,,,,3945,,,,,,3,,,,,,,,,,LUSE1611
,,,,,,,,,,,,,,,,,,,,,,,,,,,,,,,,,,,,
,,,,,,,,,,,,,,,,,,,,,,,,,,,,,,,,,,,,
,,,,,,,,,,,,,,,,,,,,,,,,,,,,,,,,,,,,
,,,,,,,,,,,,,,,,,,,,,,,,,,,,,,,,,,,,
Health Vial (S),,,13,311,0,1,15,30,5239,110,584,,,,,,,,16,200,,143,548,2,1,5,,,,,,,,,,LUSE001
Health Vial (M),,,13,311,0,2,15,30,5240,111,584,,,,,,,,16,400,,143,548,2,1,5,,,,,,,,,,LUSE002
Health Vial (L),,,13,311,0,3,15,30,5241,112,584,,,,,,,,16,800,,143,548,2,1,5,,,,,,,,,,LUSE003
Mana Vial (S),,,13,311,0,1,15,30,5252,113,584,,,,,,,,17,150,,144,548,5,1,5,,,,,,,,,,LUSE021
Mana Vial (M),,,13,311,0,2,15,30,5253,114,584,,,,,,,,17,300,,144,548,5,1,5,,,,,,,,,,LUSE022
Mana Vial (L),,,13,311,0,3,15,30,5254,115,584,,,,,,,,17,500,,144,548,5,1,5,,,,,,,,,,LUSE023
Blue Icicle,,,13,313,0,5,25,30,1664,151,579,,,,,,,,,3121,,,,,,3,,,,,,,,,,LUSE1606
Green Icicle,,,13,313,0,5,25,30,1665,151,579,,,,,,,,,3122,,,,,,3,,,,,,,,,,LUSE1607
White Icicle,,,13,313,0,5,25,30,1666,151,579,,,,,,,,,3123,,,,,,3,,,,,,,,,,LUSE1608
Black Icicle,,,13,313,0,5,25,30,3856,151,579,,,,,,,,,3120,,,,,,3,,,,,,,,,,LUSE1609
Red Icicle,,,13,313,0,5,25,30,1667,151,579,,,,,,,,,3124,,,,,,3,,,,,,,,,,LUSE1610
Purple Icicle,,,13,313,0,5,25,30,3857,151,579,,,,,,,,,3125,,,,,,3,,,,,,,,,,LUSE1611
Power Gun Shot Scroll,,,13,313,0,5,30,30,1691,151,579,,,,,,,,,2720,,,,,,3,,,,,,,,,,LUSE1612
Twin Shot Scroll,,,13,313,0,5,30,30,1691,151,579,,,,,,,,,2721,,,,,,3,,,,,,,,,,LUSE1613
Sniping Shot Scroll,,,13,313,0,5,30,30,1691,151,579,,,,,,,,,2722,,,,,,3,,,,,,,,,,LUSE1614
Aim Sight Scroll,,,13,313,0,5,30,30,1691,151,579,,,,,,,,,2723,,,,,,3,,,,,,,,,,LUSE1615
Power Attack Scroll,,,13,313,0,5,30,30,1691,151,579,,,,,,,,,2724,,,,,,3,,,,,,,,,,LUSE1616
Double Slash Scroll,,,13,313,0,5,30,30,1691,151,579,,,,,,,,,2725,,,,,,3,,,,,,,,,,LUSE1617
Screw Attack Scroll,,,13,313,0,5,30,30,1691,151,579,,,,,,,,,2726,,,,,,3,,,,,,,,,,LUSE1618
Aim Shot Scroll,,,13,313,0,5,30,30,1691,151,579,,,,,,,,,2727,,,,,,3,,,,,,,,,,LUSE1619
Double Shot Scroll,,,13,313,0,5,30,30,1691,151,579,,,,,,,,,2728,,,,,,3,,,,,,,,,,LUSE1620
Binding Arrow Scroll,,,13,313,0,5,30,30,1691,151,579,,,,,,,,,2729,,,,,,3,,,,,,,,,,LUSE1621
Mana Bolt Scroll,,,13,313,0,5,30,30,1691,151,579,,,,,,,,,2730,,,,,,3,,,,,,,,,,LUSE1622
Staff Stun Scroll,,,13,313,0,5,30,30,1691,151,579,,,,,,,,,2731,,,,,,3,,,,,,,,,,LUSE1623
Lightning Scroll,,,13,313,0,5,30,30,1691,151,579,,,,,,,,,2732,,,,,,3,,,,,,,,,,LUSE1624
Fire Ring Scroll,,,13,313,0,5,30,30,1691,151,579,,,,,,,,,2733,,,,,,3,,,,,,,,,,LUSE1625
Heavy Attack Scroll,,,13,313,0,5,30,30,1691,151,579,,,,,,,,,2734,,,,,,3,,,,,,,,,,LUSE1626
Double Attack Scroll,,,13,313,0,5,30,30,1691,151,579,,,,,,,,,2735,,,,,,3,,,,,,,,,,LUSE1627
Impact Wave Scroll,,,13,313,0,5,30,30,1691,151,579,,,,,,,,,2736,,,,,,3,,,,,,,,,,LUSE1628
Champion Hit Scroll,,,13,313,0,5,30,30,1691,151,579,,,,,,,,,2737,,,,,,3,,,,,,,,,,LUSE1629
,,,,,,,,,,,,,,,,,,,,,,,,,,,,,,,,,,,,
,,,,,,,,,,,,,,,,,,,,,,,,,,,,,,,,,,,,
,,,,,,,,,,,,,,,,,,,,,,,,,,,,,,,,,,,,
,,,,,,,,,,,,,,,,,,,,,,,,,,,,,,,,,,,,
,,,,,,,,,,,,,,,,,,,,,,,,,,,,,,,,,,,,
,,,,,,,,,,,,,,,,,,,,,,,,,,,,,,,,,,,,
,,,,,,,,,,,,,,,,,,,,,,,,,,,,,,,,,,,,
,,,,,,,,,,,,,,,,,,,,,,,,,,,,,,,,,,,,
,,,,,,,,,,,,,,,,,,,,,,,,,,,,,,,,,,,,
,,,,,,,,,,,,,,,,,,,,,,,,,,,,,,,,,,,,
,,,,,,,,,,,,,,,,,,,,,,,,,,,,,,,,,,,,
,,,,,,,,,,,,,,,,,,,,,,,,,,,,,,,,,,,,
,,,,,,,,,,,,,,,,,,,,,,,,,,,,,,,,,,,,
,,,,,,,,,,,,,,,,,,,,,,,,,,,,,,,,,,,,
,,,,,,,,,,,,,,,,,,,,,,,,,,,,,,,,,,,,
,,,,,,,,,,,,,,,,,,,,,,,,,,,,,,,,,,,,
,,,,,,,,,,,,,,,,,,,,,,,,,,,,,,,,,,,,
,,,,,,,,,,,,,,,,,,,,,,,,,,,,,,,,,,,,
,,,,,,,,,,,,,,,,,,,,,,,,,,,,,,,,,,,,
,,,,,,,,,,,,,,,,,,,,,,,,,,,,,,,,,,,,
,,,,,,,,,,,,,,,,,,,,,,,,,,,,,,,,,,,,
,,,,,,,,,,,,,,,,,,,,,,,,,,,,,,,,,,,,
,,,,,,,,,,,,,,,,,,,,,,,,,,,,,,,,,,,,
,,,,,,,,,,,,,,,,,,,,,,,,,,,,,,,,,,,,
,,,,,,,,,,,,,,,,,,,,,,,,,,,,,,,,,,,,
,,,,,,,,,,,,,,,,,,,,,,,,,,,,,,,,,,,,
,,,,,,,,,,,,,,,,,,,,,,,,,,,,,,,,,,,,
,,,,,,,,,,,,,,,,,,,,,,,,,,,,,,,,,,,,
,,,,,,,,,,,,,,,,,,,,,,,,,,,,,,,,,,,,
,,,,,,,,,,,,,,,,,,,,,,,,,,,,,,,,,,,,
,,,,,,,,,,,,,,,,,,,,,,,,,,,,,,,,,,,,
,,,,,,,,,,,,,,,,,,,,,,,,,,,,,,,,,,,,
,,,,,,,,,,,,,,,,,,,,,,,,,,,,,,,,,,,,
,,,,,,,,,,,,,,,,,,,,,,,,,,,,,,,,,,,,
,,,,,,,,,,,,,,,,,,,,,,,,,,,,,,,,,,,,
,,,,,,,,,,,,,,,,,,,,,,,,,,,,,,,,,,,,
,,,,,,,,,,,,,,,,,,,,,,,,,,,,,,,,,,,,
,,,,,,,,,,,,,,,,,,,,,,,,,,,,,,,,,,,,
,,,,,,,,,,,,,,,,,,,,,,,,,,,,,,,,,,,,
,,,,,,,,,,,,,,,,,,,,,,,,,,,,,,,,,,,,
,,,,,,,,,,,,,,,,,,,,,,,,,,,,,,,,,,,,
,,,,,,,,,,,,,,,,,,,,,,,,,,,,,,,,,,,,
,,,,,,,,,,,,,,,,,,,,,,,,,,,,,,,,,,,,
,,,,,,,,,,,,,,,,,,,,,,,,,,,,,,,,,,,,
,,,,,,,,,,,,,,,,,,,,,,,,,,,,,,,,,,,,
,,,,,,,,,,,,,,,,,,,,,,,,,,,,,,,,,,,,
,,,,,,,,,,,,,,,,,,,,,,,,,,,,,,,,,,,,
,,,,,,,,,,,,,,,,,,,,,,,,,,,,,,,,,,,,
,,,,,,,,,,,,,,,,,,,,,,,,,,,,,,,,,,,,
,,,,,,,,,,,,,,,,,,,,,,,,,,,,,,,,,,,,
,,,,,,,,,,,,,,,,,,,,,,,,,,,,,,,,,,,,
,,,,,,,,,,,,,,,,,,,,,,,,,,,,,,,,,,,,
,,,,,,,,,,,,,,,,,,,,,,,,,,,,,,,,,,,,
,,,,,,,,,,,,,,,,,,,,,,,,,,,,,,,,,,,,
,,,,,,,,,,,,,,,,,,,,,,,,,,,,,,,,,,,,
,,,,,,,,,,,,,,,,,,,,,,,,,,,,,,,,,,,,
,,,,,,,,,,,,,,,,,,,,,,,,,,,,,,,,,,,,
,,,,,,,,,,,,,,,,,,,,,,,,,,,,,,,,,,,,
,,,,,,,,,,,,,,,,,,,,,,,,,,,,,,,,,,,,
,,,,,,,,,,,,,,,,,,,,,,,,,,,,,,,,,,,,
,,,,,,,,,,,,,,,,,,,,,,,,,,,,,,,,,,,,
,,,,,,,,,,,,,,,,,,,,,,,,,,,,,,,,,,,,
,,,,,,,,,,,,,,,,,,,,,,,,,,,,,,,,,,,,
,,,,,,,,,,,,,,,,,,,,,,,,,,,,,,,,,,,,
,,,,,,,,,,,,,,,,,,,,,,,,,,,,,,,,,,,,
,,,,,,,,,,,,,,,,,,,,,,,,,,,,,,,,,,,,
,,,,,,,,,,,,,,,,,,,,,,,,,,,,,,,,,,,,
,,,,,,,,,,,,,,,,,,,,,,,,,,,,,,,,,,,,
,,,,,,,,,,,,,,,,,,,,,,,,,,,,,,,,,,,,
,,,,,,,,,,,,,,,,,,,,,,,,,,,,,,,,,,,,
Quick Shop Access,,,6,321,0,0,1,1,7590,151,581,,,,,,,,126,4032,,140,,,,,,,,,,,,,,LUSE1700
,,,,,,,,,,,,,,,,,,,,,,,,,,,,,,,,,,,,
,,,,,,,,,,,,,,,,,,,,,,,,,,,,,,,,,,,,
,,,,,,,,,,,,,,,,,,,,,,,,,,,,,,,,,,,,
,,,,,,,,,,,,,,,,,,,,,,,,,,,,,,,,,,,,
,,,,,,,,,,,,,,,,,,,,,,,,,,,,,,,,,,,,
,,,,,,,,,,,,,,,,,,,,,,,,,,,,,,,,,,,,
,,,,,,,,,,,,,,,,,,,,,,,,,,,,,,,,,,,,
,,,,,,,,,,,,,,,,,,,,,,,,,,,,,,,,,,,,
,,,,,,,,,,,,,,,,,,,,,,,,,,,,,,,,,,,,
,,,,,,,,,,,,,,,,,,,,,,,,,,,,,,,,,,,,
,,,,,,,,,,,,,,,,,,,,,,,,,,,,,,,,,,,,
,,,,,,,,,,,,,,,,,,,,,,,,,,,,,,,,,,,,
,,,,,,,,,,,,,,,,,,,,,,,,,,,,,,,,,,,,
,,,,,,,,,,,,,,,,,,,,,,,,,,,,,,,,,,,,
,,,,,,,,,,,,,,,,,,,,,,,,,,,,,,,,,,,,
,,,,,,,,,,,,,,,,,,,,,,,,,,,,,,,,,,,,
,,,,,,,,,,,,,,,,,,,,,,,,,,,,,,,,,,,,
,,,,,,,,,,,,,,,,,,,,,,,,,,,,,,,,,,,,
,,,,,,,,,,,,,,,,,,,,,,,,,,,,,,,,,,,,
,,,,,,,,,,,,,,,,,,,,,,,,,,,,,,,,,,,,
,,,,,,,,,,,,,,,,,,,,,,,,,,,,,,,,,,,,
,,,,,,,,,,,,,,,,,,,,,,,,,,,,,,,,,,,,
,,,,,,,,,,,,,,,,,,,,,,,,,,,,,,,,,,,,
,,,,,,,,,,,,,,,,,,,,,,,,,,,,,,,,,,,,
,,,,,,,,,,,,,,,,,,,,,,,,,,,,,,,,,,,,
,,,,,,,,,,,,,,,,,,,,,,,,,,,,,,,,,,,,
,,,,,,,,,,,,,,,,,,,,,,,,,,,,,,,,,,,,
,,,,,,,,,,,,,,,,,,,,,,,,,,,,,,,,,,,,
,,,,,,,,,,,,,,,,,,,,,,,,,,,,,,,,,,,,
,,,,,,,,,,,,,,,,,,,,,,,,,,,,,,,,,,,,
,,,,,,,,,,,,,,,,,,,,,,,,,,,,,,,,,,,,
,,,,,,,,,,,,,,,,,,,,,,,,,,,,,,,,,,,,
,,,,,,,,,,,,,,,,,,,,,,,,,,,,,,,,,,,,
,,,,,,,,,,,,,,,,,,,,,,,,,,,,,,,,,,,,
,,,,,,,,,,,,,,,,,,,,,,,,,,,,,,,,,,,,
,,,,,,,,,,,,,,,,,,,,,,,,,,,,,,,,,,,,
,,,,,,,,,,,,,,,,,,,,,,,,,,,,,,,,,,,,
,,,,,,,,,,,,,,,,,,,,,,,,,,,,,,,,,,,,
,,,,,,,,,,,,,,,,,,,,,,,,,,,,,,,,,,,,
,,,,,,,,,,,,,,,,,,,,,,,,,,,,,,,,,,,,
,,,,,,,,,,,,,,,,,,,,,,,,,,,,,,,,,,,,
,,,,,,,,,,,,,,,,,,,,,,,,,,,,,,,,,,,,
,,,,,,,,,,,,,,,,,,,,,,,,,,,,,,,,,,,,
,,,,,,,,,,,,,,,,,,,,,,,,,,,,,,,,,,,,
,,,,,,,,,,,,,,,,,,,,,,,,,,,,,,,,,,,,
,,,,,,,,,,,,,,,,,,,,,,,,,,,,,,,,,,,,
,,,,,,,,,,,,,,,,,,,,,,,,,,,,,,,,,,,,
,,,,,,,,,,,,,,,,,,,,,,,,,,,,,,,,,,,,
,,,,,,,,,,,,,,,,,,,,,,,,,,,,,,,,,,,,
,,,,,,,,,,,,,,,,,,,,,,,,,,,,,,,,,,,,
,,,,,,,,,,,,,,,,,,,,,,,,,,,,,,,,,,,,
,,,,,,,,,,,,,,,,,,,,,,,,,,,,,,,,,,,,
,,,,,,,,,,,,,,,,,,,,,,,,,,,,,,,,,,,,
,,,,,,,,,,,,,,,,,,,,,,,,,,,,,,,,,,,,
,,,,,,,,,,,,,,,,,,,,,,,,,,,,,,,,,,,,
,,,,,,,,,,,,,,,,,,,,,,,,,,,,,,,,,,,,
,,,,,,,,,,,,,,,,,,,,,,,,,,,,,,,,,,,,
,,,,,,,,,,,,,,,,,,,,,,,,,,,,,,,,,,,,
,,,,,,,,,,,,,,,,,,,,,,,,,,,,,,,,,,,,
,,,,,,,,,,,,,,,,,,,,,,,,,,,,,,,,,,,,
,,,,,,,,,,,,,,,,,,,,,,,,,,,,,,,,,,,,
,,,,,,,,,,,,,,,,,,,,,,,,,,,,,,,,,,,,
,,,,,,,,,,,,,,,,,,,,,,,,,,,,,,,,,,,,
,,,,,,,,,,,,,,,,,,,,,,,,,,,,,,,,,,,,
,,,,,,,,,,,,,,,,,,,,,,,,,,,,,,,,,,,,
,,,,,,,,,,,,,,,,,,,,,,,,,,,,,,,,,,,,
,,,,,,,,,,,,,,,,,,,,,,,,,,,,,,,,,,,,
,,,,,,,,,,,,,,,,,,,,,,,,,,,,,,,,,,,,
,,,,,,,,,,,,,,,,,,,,,,,,,,,,,,,,,,,,
,,,,,,,,,,,,,,,,,,,,,,,,,,,,,,,,,,,,
,,,,,,,,,,,,,,,,,,,,,,,,,,,,,,,,,,,,
,,,,,,,,,,,,,,,,,,,,,,,,,,,,,,,,,,,,
,,,,,,,,,,,,,,,,,,,,,,,,,,,,,,,,,,,,
,,,,,,,,,,,,,,,,,,,,,,,,,,,,,,,,,,,,
,,,,,,,,,,,,,,,,,,,,,,,,,,,,,,,,,,,,
,,,,,,,,,,,,,,,,,,,,,,,,,,,,,,,,,,,,
,,,,,,,,,,,,,,,,,,,,,,,,,,,,,,,,,,,,
,,,,,,,,,,,,,,,,,,,,,,,,,,,,,,,,,,,,
,,,,,,,,,,,,,,,,,,,,,,,,,,,,,,,,,,,,
,,,,,,,,,,,,,,,,,,,,,,,,,,,,,,,,,,,,
,,,,,,,,,,,,,,,,,,,,,,,,,,,,,,,,,,,,
,,,,,,,,,,,,,,,,,,,,,,,,,,,,,,,,,,,,
,,,,,,,,,,,,,,,,,,,,,,,,,,,,,,,,,,,,
,,,,,,,,,,,,,,,,,,,,,,,,,,,,,,,,,,,,
,,,,,,,,,,,,,,,,,,,,,,,,,,,,,,,,,,,,
,,,,,,,,,,,,,,,,,,,,,,,,,,,,,,,,,,,,
,,,,,,,,,,,,,,,,,,,,,,,,,,,,,,,,,,,,
,,,,,,,,,,,,,,,,,,,,,,,,,,,,,,,,,,,,
,,,,,,,,,,,,,,,,,,,,,,,,,,,,,,,,,,,,
,,,,,,,,,,,,,,,,,,,,,,,,,,,,,,,,,,,,
,,,,,,,,,,,,,,,,,,,,,,,,,,,,,,,,,,,,
,,,,,,,,,,,,,,,,,,,,,,,,,,,,,,,,,,,,
,,,,,,,,,,,,,,,,,,,,,,,,,,,,,,,,,,,,
,,,,,,,,,,,,,,,,,,,,,,,,,,,,,,,,,,,,
,,,,,,,,,,,,,,,,,,,,,,,,,,,,,,,,,,,,
,,,,,,,,,,,,,,,,,,,,,,,,,,,,,,,,,,,,
,,,,,,,,,,,,,,,,,,,,,,,,,,,,,,,,,,,,
,,,,,,,,,,,,,,,,,,,,,,,,,,,,,,,,,,,,
,,,,,,,,,,,,,,,,,,,,,,,,,,,,,,,,,,,,
,,,,,,,,,,,,,,,,,,,,,,,,,,,,,,,,,,,,
,,,,,,,,,,,,,,,,,,,,,,,,,,,,,,,,,,,,
,,,,,,,,,,,,,,,,,,,,,,,,,,,,,,,,,,,,
,,,,,,,,,,,,,,,,,,,,,,,,,,,,,,,,,,,,
,,,,,,,,,,,,,,,,,,,,,,,,,,,,,,,,,,,,
,,,,,,,,,,,,,,,,,,,,,,,,,,,,,,,,,,,,
,,,,,,,,,,,,,,,,,,,,,,,,,,,,,,,,,,,,
,,,,,,,,,,,,,,,,,,,,,,,,,,,,,,,,,,,,
,,,,,,,,,,,,,,,,,,,,,,,,,,,,,,,,,,,,
,,,,,,,,,,,,,,,,,,,,,,,,,,,,,,,,,,,,
,,,,,,,,,,,,,,,,,,,,,,,,,,,,,,,,,,,,
,,,,,,,,,,,,,,,,,,,,,,,,,,,,,,,,,,,,
,,,,,,,,,,,,,,,,,,,,,,,,,,,,,,,,,,,,
,,,,,,,,,,,,,,,,,,,,,,,,,,,,,,,,,,,,
,,,,,,,,,,,,,,,,,,,,,,,,,,,,,,,,,,,,
,,,,,,,,,,,,,,,,,,,,,,,,,,,,,,,,,,,,
,,,,,,,,,,,,,,,,,,,,,,,,,,,,,,,,,,,,
,,,,,,,,,,,,,,,,,,,,,,,,,,,,,,,,,,,,
,,,,,,,,,,,,,,,,,,,,,,,,,,,,,,,,,,,,
,,,,,,,,,,,,,,,,,,,,,,,,,,,,,,,,,,,,
,,,,,,,,,,,,,,,,,,,,,,,,,,,,,,,,,,,,
,,,,,,,,,,,,,,,,,,,,,,,,,,,,,,,,,,,,
,,,,,,,,,,,,,,,,,,,,,,,,,,,,,,,,,,,,
,,,,,,,,,,,,,,,,,,,,,,,,,,,,,,,,,,,,
,,,,,,,,,,,,,,,,,,,,,,,,,,,,,,,,,,,,
,,,,,,,,,,,,,,,,,,,,,,,,,,,,,,,,,,,,
,,,,,,,,,,,,,,,,,,,,,,,,,,,,,,,,,,,,
,,,,,,,,,,,,,,,,,,,,,,,,,,,,,,,,,,,,
,,,,,,,,,,,,,,,,,,,,,,,,,,,,,,,,,,,,
,,,,,,,,,,,,,,,,,,,,,,,,,,,,,,,,,,,,
,,,,,,,,,,,,,,,,,,,,,,,,,,,,,,,,,,,,
,,,,,,,,,,,,,,,,,,,,,,,,,,,,,,,,,,,,
,,,,,,,,,,,,,,,,,,,,,,,,,,,,,,,,,,,,
,,,,,,,,,,,,,,,,,,,,,,,,,,,,,,,,,,,,
,,,,,,,,,,,,,,,,,,,,,,,,,,,,,,,,,,,,
,,,,,,,,,,,,,,,,,,,,,,,,,,,,,,,,,,,,
,,,,,,,,,,,,,,,,,,,,,,,,,,,,,,,,,,,,
,,,,,,,,,,,,,,,,,,,,,,,,,,,,,,,,,,,,
,,,,,,,,,,,,,,,,,,,,,,,,,,,,,,,,,,,,
,,,,,,,,,,,,,,,,,,,,,,,,,,,,,,,,,,,,
,,,,,,,,,,,,,,,,,,,,,,,,,,,,,,,,,,,,
,,,,,,,,,,,,,,,,,,,,,,,,,,,,,,,,,,,,
,,,,,,,,,,,,,,,,,,,,,,,,,,,,,,,,,,,,
,,,,,,,,,,,,,,,,,,,,,,,,,,,,,,,,,,,,
,,,,,,,,,,,,,,,,,,,,,,,,,,,,,,,,,,,,
,,,,,,,,,,,,,,,,,,,,,,,,,,,,,,,,,,,,
,,,,,,,,,,,,,,,,,,,,,,,,,,,,,,,,,,,,
,,,,,,,,,,,,,,,,,,,,,,,,,,,,,,,,,,,,
,,,,,,,,,,,,,,,,,,,,,,,,,,,,,,,,,,,,
,,,,,,,,,,,,,,,,,,,,,,,,,,,,,,,,,,,,
,,,,,,,,,,,,,,,,,,,,,,,,,,,,,,,,,,,,
,,,,,,,,,,,,,,,,,,,,,,,,,,,,,,,,,,,,
,,,,,,,,,,,,,,,,,,,,,,,,,,,,,,,,,,,,
,,,,,,,,,,,,,,,,,,,,,,,,,,,,,,,,,,,,
,,,,,,,,,,,,,,,,,,,,,,,,,,,,,,,,,,,,
,,,,,,,,,,,,,,,,,,,,,,,,,,,,,,,,,,,,
,,,,,,,,,,,,,,,,,,,,,,,,,,,,,,,,,,,,
,,,,,,,,,,,,,,,,,,,,,,,,,,,,,,,,,,,,
,,,,,,,,,,,,,,,,,,,,,,,,,,,,,,,,,,,,
,,,,,,,,,,,,,,,,,,,,,,,,,,,,,,,,,,,,
,,,,,,,,,,,,,,,,,,,,,,,,,,,,,,,,,,,,
,,,,,,,,,,,,,,,,,,,,,,,,,,,,,,,,,,,,
,,,,,,,,,,,,,,,,,,,,,,,,,,,,,,,,,,,,
,,,,,,,,,,,,,,,,,,,,,,,,,,,,,,,,,,,,
,,,,,,,,,,,,,,,,,,,,,,,,,,,,,,,,,,,,
,,,,,,,,,,,,,,,,,,,,,,,,,,,,,,,,,,,,
,,,,,,,,,,,,,,,,,,,,,,,,,,,,,,,,,,,,
,,,,,,,,,,,,,,,,,,,,,,,,,,,,,,,,,,,,
,,,,,,,,,,,,,,,,,,,,,,,,,,,,,,,,,,,,
,,,,,,,,,,,,,,,,,,,,,,,,,,,,,,,,,,,,
,,,,,,,,,,,,,,,,,,,,,,,,,,,,,,,,,,,,
,,,,,,,,,,,,,,,,,,,,,,,,,,,,,,,,,,,,
,,,,,,,,,,,,,,,,,,,,,,,,,,,,,,,,,,,,
,,,,,,,,,,,,,,,,,,,,,,,,,,,,,,,,,,,,
,,,,,,,,,,,,,,,,,,,,,,,,,,,,,,,,,,,,
,,,,,,,,,,,,,,,,,,,,,,,,,,,,,,,,,,,,
,,,,,,,,,,,,,,,,,,,,,,,,,,,,,,,,,,,,
,,,,,,,,,,,,,,,,,,,,,,,,,,,,,,,,,,,,
,,,,,,,,,,,,,,,,,,,,,,,,,,,,,,,,,,,,
,,,,,,,,,,,,,,,,,,,,,,,,,,,,,,,,,,,,
,,,,,,,,,,,,,,,,,,,,,,,,,,,,,,,,,,,,
,,,,,,,,,,,,,,,,,,,,,,,,,,,,,,,,,,,,
,,,,,,,,,,,,,,,,,,,,,,,,,,,,,,,,,,,,
,,,,,,,,,,,,,,,,,,,,,,,,,,,,,,,,,,,,
,,,,,,,,,,,,,,,,,,,,,,,,,,,,,,,,,,,,
,,,,,,,,,,,,,,,,,,,,,,,,,,,,,,,,,,,,
,,,,,,,,,,,,,,,,,,,,,,,,,,,,,,,,,,,,
,,,,,,,,,,,,,,,,,,,,,,,,,,,,,,,,,,,,
,,,,,,,,,,,,,,,,,,,,,,,,,,,,,,,,,,,,
,,,,,,,,,,,,,,,,,,,,,,,,,,,,,,,,,,,,
,,,,,,,,,,,,,,,,,,,,,,,,,,,,,,,,,,,,
,,,,,,,,,,,,,,,,,,,,,,,,,,,,,,,,,,,,
,,,,,,,,,,,,,,,,,,,,,,,,,,,,,,,,,,,,
,,,,,,,,,,,,,,,,,,,,,,,,,,,,,,,,,,,,
,,,,,,,,,,,,,,,,,,,,,,,,,,,,,,,,,,,,
,,,,,,,,,,,,,,,,,,,,,,,,,,,,,,,,,,,,
,,,,,,,,,,,,,,,,,,,,,,,,,,,,,,,,,,,,
,,,,,,,,,,,,,,,,,,,,,,,,,,,,,,,,,,,,
,,,,,,,,,,,,,,,,,,,,,,,,,,,,,,,,,,,,
,,,,,,,,,,,,,,,,,,,,,,,,,,,,,,,,,,,,
,,,,,,,,,,,,,,,,,,,,,,,,,,,,,,,,,,,,
,,,,,,,,,,,,,,,,,,,,,,,,,,,,,,,,,,,,
,,,,,,,,,,,,,,,,,,,,,,,,,,,,,,,,,,,,
,,,,,,,,,,,,,,,,,,,,,,,,,,,,,,,,,,,,
,,,,,,,,,,,,,,,,,,,,,,,,,,,,,,,,,,,,
,,,,,,,,,,,,,,,,,,,,,,,,,,,,,,,,,,,,
,,,,,,,,,,,,,,,,,,,,,,,,,,,,,,,,,,,,
,,,,,,,,,,,,,,,,,,,,,,,,,,,,,,,,,,,,
,,,,,,,,,,,,,,,,,,,,,,,,,,,,,,,,,,,,
,,,,,,,,,,,,,,,,,,,,,,,,,,,,,,,,,,,,
,,,,,,,,,,,,,,,,,,,,,,,,,,,,,,,,,,,,
,,,,,,,,,,,,,,,,,,,,,,,,,,,,,,,,,,,,
,,,,,,,,,,,,,,,,,,,,,,,,,,,,,,,,,,,,
,,,,,,,,,,,,,,,,,,,,,,,,,,,,,,,,,,,,
,,,,,,,,,,,,,,,,,,,,,,,,,,,,,,,,,,,,
,,,,,,,,,,,,,,,,,,,,,,,,,,,,,,,,,,,,
,,,,,,,,,,,,,,,,,,,,,,,,,,,,,,,,,,,,
,,,,,,,,,,,,,,,,,,,,,,,,,,,,,,,,,,,,
,,,,,,,,,,,,,,,,,,,,,,,,,,,,,,,,,,,,
,,,,,,,,,,,,,,,,,,,,,,,,,,,,,,,,,,,,
,,,,,,,,,,,,,,,,,,,,,,,,,,,,,,,,,,,,
,,,,,,,,,,,,,,,,,,,,,,,,,,,,,,,,,,,,
,,,,,,,,,,,,,,,,,,,,,,,,,,,,,,,,,,,,
,,,,,,,,,,,,,,,,,,,,,,,,,,,,,,,,,,,,
,,,,,,,,,,,,,,,,,,,,,,,,,,,,,,,,,,,,
,,,,,,,,,,,,,,,,,,,,,,,,,,,,,,,,,,,,
,,,,,,,,,,,,,,,,,,,,,,,,,,,,,,,,,,,,
,,,,,,,,,,,,,,,,,,,,,,,,,,,,,,,,,,,,
,,,,,,,,,,,,,,,,,,,,,,,,,,,,,,,,,,,,
,,,,,,,,,,,,,,,,,,,,,,,,,,,,,,,,,,,,
,,,,,,,,,,,,,,,,,,,,,,,,,,,,,,,,,,,,
,,,,,,,,,,,,,,,,,,,,,,,,,,,,,,,,,,,,
,,,,,,,,,,,,,,,,,,,,,,,,,,,,,,,,,,,,
,,,,,,,,,,,,,,,,,,,,,,,,,,,,,,,,,,,,
,,,,,,,,,,,,,,,,,,,,,,,,,,,,,,,,,,,,
,,,,,,,,,,,,,,,,,,,,,,,,,,,,,,,,,,,,
,,,,,,,,,,,,,,,,,,,,,,,,,,,,,,,,,,,,
,,,,,,,,,,,,,,,,,,,,,,,,,,,,,,,,,,,,
,,,,,,,,,,,,,,,,,,,,,,,,,,,,,,,,,,,,
,,,,,,,,,,,,,,,,,,,,,,,,,,,,,,,,,,,,
,,,,,,,,,,,,,,,,,,,,,,,,,,,,,,,,,,,,
,,,,,,,,,,,,,,,,,,,,,,,,,,,,,,,,,,,,
,,,,,,,,,,,,,,,,,,,,,,,,,,,,,,,,,,,,
,,,,,,,,,,,,,,,,,,,,,,,,,,,,,,,,,,,,
,,,,,,,,,,,,,,,,,,,,,,,,,,,,,,,,,,,,
,,,,,,,,,,,,,,,,,,,,,,,,,,,,,,,,,,,,
,,,,,,,,,,,,,,,,,,,,,,,,,,,,,,,,,,,,
,,,,,,,,,,,,,,,,,,,,,,,,,,,,,,,,,,,,
,,,,,,,,,,,,,,,,,,,,,,,,,,,,,,,,,,,,
,,,,,,,,,,,,,,,,,,,,,,,,,,,,,,,,,,,,
,,,,,,,,,,,,,,,,,,,,,,,,,,,,,,,,,,,,
,,,,,,,,,,,,,,,,,,,,,,,,,,,,,,,,,,,,
,,,,,,,,,,,,,,,,,,,,,,,,,,,,,,,,,,,,
,,,,,,,,,,,,,,,,,,,,,,,,,,,,,,,,,,,,
,,,,,,,,,,,,,,,,,,,,,,,,,,,,,,,,,,,,
,,,,,,,,,,,,,,,,,,,,,,,,,,,,,,,,,,,,
,,,,,,,,,,,,,,,,,,,,,,,,,,,,,,,,,,,,
,,,,,,,,,,,,,,,,,,,,,,,,,,,,,,,,,,,,
,,,,,,,,,,,,,,,,,,,,,,,,,,,,,,,,,,,,
,,,,,,,,,,,,,,,,,,,,,,,,,,,,,,,,,,,,
,,,,,,,,,,,,,,,,,,,,,,,,,,,,,,,,,,,,
,,,,,,,,,,,,,,,,,,,,,,,,,,,,,,,,,,,,
,,,,,,,,,,,,,,,,,,,,,,,,,,,,,,,,,,,,
,,,,,,,,,,,,,,,,,,,,,,,,,,,,,,,,,,,,
,,,,,,,,,,,,,,,,,,,,,,,,,,,,,,,,,,,,
,,,,,,,,,,,,,,,,,,,,,,,,,,,,,,,,,,,,
,,,,,,,,,,,,,,,,,,,,,,,,,,,,,,,,,,,,
,,,,,,,,,,,,,,,,,,,,,,,,,,,,,,,,,,,,
Grand Auction Bag,,,6,350,0,1,1,10,10213,251,581,,,,,,,,314,1,5,,,,2,1,,,,,,,,,,LUSE1968
Auctioneer Emblem,,,6,374,0,0,1,10,9545,100,,,,,,,,,,344,,,,,,,,,,,,,,,,LUSE1969
Yellow Money Player Box,,,6,350,0,1,1,10,9570,251,581,,,,,,,,292,4,1,,,,2,1,,,,,,,,,,LUSE1970
White Money Player Box,,,6,350,0,1,1,10,9556,251,581,,,,,,,,291,4,1,,,,2,1,,,,,,,,,,LUSE1971
Plate Set of Rebirth,,,6,350,100000000,1,1,6,9225,130,581,,,,,,111,4,281,4,1,,,,2,1,,,,,,,,,,LUSE1972
Heaven's Set of Rebirth,,,6,350,100000000,1,1,6,9226,130,581,,,,,,111,4,282,4,1,,,,2,1,,,,,,,,,,LUSE1973
Wild Hawker Set of Rebirth,,,6,350,100000000,1,1,6,9227,130,581,,,,,,111,4,283,4,1,,,,2,1,,,,,,,,,,LUSE1974
Redfield Chairman Set of Rebirth,,,6,350,100000000,1,1,6,9228,130,581,,,,,,111,4,284,4,1,,,,2,1,,,,,,,,,,LUSE1975
Jabberwock Set of Rebirth,,,6,350,120000000,1,1,6,8198,130,581,,,,,,111,6,215,4,1,,,,2,1,,,,,,,,,,LUSE1976
Dimple Set of Rebirth,,,6,350,120000000,1,1,6,8199,130,581,,,,,,111,6,216,4,1,,,,2,1,,,,,,,,,,LUSE1977
Steel Resolve Set of Rebirth,,,6,350,120000000,1,1,6,8200,130,581,,,,,,111,6,217,4,1,,,,2,1,,,,,,,,,,LUSE1978
Mana Steam Set of Rebirth,,,6,350,120000000,1,1,6,8201,130,581,,,,,,111,6,218,4,1,,,,2,1,,,,,,,,,,LUSE1979
Valiant Guardian Set of Rebirth,,,6,350,135000000,1,1,8,3222,130,581,,,,,,111,8,204,4,1,,,,2,1,,,,,,,,,,LUSE1980
Brave Paladin Set of Rebirth,,,6,350,150000000,1,1,10,7454,130,581,,,,,,111,10,208,4,1,,,,2,1,,,,,,,,,,LUSE1981
Caster Set of Rebirth,,,6,350,135000000,1,1,8,3224,130,581,,,,,,111,8,205,4,1,,,,2,1,,,,,,,,,,LUSE1982
Summoner's Majestic Set of Rebirth,,,6,350,150000000,1,1,10,7455,130,581,,,,,,111,10,209,4,1,,,,2,1,,,,,,,,,,LUSE1983
Reckless Ram Set of Rebirth,,,6,350,135000000,1,1,8,3225,130,581,,,,,,111,8,206,4,1,,,,2,1,,,,,,,,,,LUSE1984
Fallen Overlord's Set of Rebirth,,,6,350,150000000,1,1,10,7456,130,581,,,,,,111,10,210,4,1,,,,2,1,,,,,,,,,,LUSE1985
Staid Gentleman Set of Rebirth,,,6,350,135000000,1,1,8,3226,130,581,,,,,,111,8,207,4,1,,,,2,1,,,,,,,,,,LUSE1986
Auction Master's Set of Rebirth,,,6,350,150000000,1,1,10,7457,130,581,,,,,,111,10,211,4,1,,,,2,1,,,,,,,,,,LUSE1987
,,,,,,,,,,,,,,,,,,,,,,,,,,,,,,,,,,,,
Bonny Wig Box,,,7,350,1000,1,1,10,8832,251,581,,,,,,,,277,1,1,140,,,2,1,,,,,,,,,,LUSE1989
Ribbon Box,,,,350,1000000,1,1,10,8366,251,581,,,,,,,,224,1,1,140,,,2,1,,,,,,,,,,LUSE1990
Summer Goody Bag,,,6,375,2000000,999,1,3,2734,251,581,,,,,,,,4,1,,140,,,2,1,,,,,,3,,,,LUSE2003
Animal Head Gears Box,,,7,350,1000,1,1,10,8249,251,581,,,,,,,,219,1,1,140,,,2,1,,,,,,,,,,LUSE1992
Birthday Chest,,,,375,1,0,1,3,7857,1006,581,,,,,,,,201,1,5,140,,,2,1,,,,,,6,,,,LUSE1993
Halloween Goody Chest,,,6,375,1,0,1,3,7538,251,581,,,,,,,,198,1,,140,,,2,1,,,,,,4,,,,LUSE1994
8th Birthday Box,,,6,350,1,0,1,60,5770,130,581,,,,,,,,176,2,1,,,,2,1,,,,,,,,,,LUSE1995
Random Elemental Box,,,7,350,1000,1,1,10,7584,251,581,,,,,,,,197,1,1,140,,,2,1,,,,,,,,,,LUSE1996
Random Samurai Box,,,7,350,1000,1,1,10,7585,251,581,,,,,,,,196,1,1,140,,,2,1,,,,,,,,,,LUSE1997
Twintail Wig Box,,,7,350,1000,1,1,10,7519,251,581,,,,,,,,193,1,1,140,,,2,1,,,,,,,,,,LUSE1998
Long Ponytail Wig Box,,,7,350,1000,1,1,10,7520,251,581,,,,,,,,194,1,1,140,,,2,1,,,,,,,,,,LUSE1999
Costume Goody Bag,,,7,350,1000,1,1,10,5898,251,581,,,,,,,,1,1,1,140,,,2,1,,,,,,,,,,LUSE2000
Easter Surprise Bag,,,,350,1,0,1,10,2717,251,581,93,1,1830,1,,,,2,1,1,140,,,2,1,,,,,,2,,,,LUSE2001
Leveling Bag,,,7,350,1000,1,1,10,5899,251,581,,,,,,,,52,1,2,140,,,2,1,,,,,,,,,,LUSE2002
Summer Goody Bag,,,6,375,2000000,999,1,3,2734,251,581,93,1,1835,1,,,,4,1,,140,,,2,1,,,,,,3,,,,LUSE2003
Arua's Fairy,,,6,321,10000,1,0,50,5900,251,581,,,,,,,,118,6,,140,,,2,1,,,,,,,,,,LUSE2004
Stat Hammer,,,7,355,1000,1,1,60,5783,130,581,,,,,,,,0,,,,,,,,,,,,,,,,,LUSE2005
Item Mall Legacy Box,,,7,350,1000,1,1,60,5770,130,581,,,,,,,,69,1,1,,,,2,1,,,,,,,,,,LUSE2006
Random Catfox Box,,,7,350,1000,1,1,10,7586,251,581,,,,,,,,75,1,1,140,,,2,1,,,,,,,,,,LUSE2007
Quick Storage Access,,,,366,1000,1,1,10,6237,251,581,,,,,,,,,,,,,,2,1,,,,,,,,,,LUSE2008
Quick Market Place Access,,,,370,1000,1,1,10,7223,251,581,,,,,,,,,,,,,,2,1,,,,,,,,,,LUSE2009
Aqua Costume Box,,,7,350,5000,1,1,10,7247,251,581,,,,,,,,37,4,1,140,,,2,1,,,,,,,,,,LUSE2010
Moldie Costume Box,,,7,350,5000,1,1,10,7247,251,581,,,,,,,,38,4,1,140,,,2,1,,,,,,,,,,LUSE2011
Rackie Costume Box,,,7,350,5000,1,1,10,7247,251,581,,,,,,,,39,4,1,140,,,2,1,,,,,,,,,,LUSE2012
Woopie Chef Costume Box,,,7,350,5000,1,1,10,7247,251,581,,,,,,,,40,4,1,140,,,2,1,,,,,,,,,,LUSE2013
Elite Pomic Soldier Costume Box,,,7,350,5000,1,1,10,7247,251,581,,,,,,,,41,4,1,140,,,2,1,,,,,,,,,,LUSE2014
Candle Ghost Costume Box,,,7,350,5000,1,1,10,7247,251,581,,,,,,,,42,4,1,140,,,2,1,,,,,,,,,,LUSE2015
Aqua King Costume Box,,,7,350,5000,1,1,10,7247,251,581,,,,,,,,43,4,1,140,,,2,1,,,,,,,,,,LUSE2016
Manager Moldie Costume Box,,,7,350,5000,1,1,10,7247,251,581,,,,,,,,44,4,1,140,,,2,1,,,,,,,,,,LUSE2017
Vagabond Costume Box,,,7,350,5000,1,1,10,7247,251,581,,,,,,,,45,4,1,140,,,2,1,,,,,,,,,,LUSE2018
Woopie King Costume Box,,,7,350,5000,1,1,10,7247,251,581,,,,,,,,46,4,1,140,,,2,1,,,,,,,,,,LUSE2019
Queen BiBi Costume Box,,,7,350,5000,1,1,10,7247,251,581,,,,,,,,47,4,1,140,,,2,1,,,,,,,,,,LUSE2020
Captain Zack Costume Box,,,7,350,5000,1,1,10,7247,251,581,,,,,,,,48,4,1,140,,,2,1,,,,,,,,,,LUSE2021
Santa Disguise Costume Box,,,6,350,5000,1,1,10,7247,251,581,,,,,,,,49,4,1,140,,,2,1,,,,,,,,,,LUSE2022
Costume Hammer,,,10,373,0,0,1,60,5783,100,581,,,,,,,,,,,,,,,,,,,,,,,,,LUSE2023
,,,,,,,,,,,,,,,,,,,,,,,,,,,,,,,,,,,,
Cute Tails Box,,,7,350,1000,1,1,10,5651,251,581,,,,,,,,55,1,1,140,,,2,1,,,,,,,,,,LUSE2025
Companion Bags Box,,,7,350,1000,1,1,10,5665,251,581,,,,,,,,56,1,1,140,,,2,1,,,,,,,,,,LUSE2026
Evil Katayoku Half-Wings Box,,,7,350,1000,1,1,10,5678,251,581,,,,,,,,57,1,1,140,,,2,1,,,,,,,,,,LUSE2027
Katayoku Half-Wings Box,,,7,350,1000,1,1,10,5692,251,581,,,,,,,,58,1,1,140,,,2,1,,,,,,,,,,LUSE2028
Cute Hair Styles Box,,,7,350,1000,1,1,10,5718,251,581,,,,,,,,59,1,1,140,,,2,1,,,,,,,,,,LUSE2029
Pirate Hats Box,,,7,350,1000,1,1,10,5704,251,581,,,,,,,,60,1,1,140,,,2,1,,,,,,,,,,LUSE2030
Pirate Bandanas Box,,,7,350,1000,1,1,10,5652,251,581,,,,,,,,61,1,1,140,,,2,1,,,,,,,,,,LUSE2031
Fun Themed Hats Box,,,7,350,1000,1,1,10,5691,251,581,,,,,,,,62,1,1,140,,,2,1,,,,,,,,,,LUSE2032
Sleeping Caps Box,,,7,350,1000,1,1,10,5717,251,581,,,,,,,,63,1,1,140,,,2,1,,,,,,,,,,LUSE2033
Doggy Head Gears Box,,,7,350,1000,1,1,10,5666,251,581,,,,,,,,64,1,1,140,,,2,1,,,,,,,,,,LUSE2034
Cat Head Gears Box,,,7,350,1000,1,1,10,5653,251,581,,,,,,,,65,1,1,140,,,2,1,,,,,,,,,,LUSE2035
Stunna Shades Box,,,7,350,1000,1,1,10,5705,251,581,,,,,,,,66,1,1,140,,,2,1,,,,,,,,,,LUSE2036
Pirate Eyes Box,,,7,350,1000,1,1,10,5679,251,581,,,,,,,,67,1,1,140,,,2,1,,,,,,,,,,LUSE2037
Beetle Wing Box,,,,350,1000000,1,1,10,5690,251,581,,,,,,,,71,1,1,140,,,2,1,,,,,,,,,,LUSE2038
Fury Wing Box,,,,350,1000000,1,1,10,5703,251,581,,,,,,,,72,1,1,140,,,2,1,,,,,,,,,,LUSE2039
Mini Cap Box,,,,350,1000000,1,1,10,5716,251,581,,,,,,,,73,1,1,140,,,2,1,,,,,,,,,,LUSE2040
Valentines Box,,,,375,100,0,1,3,8641,251,,93,1,1841,1,,,,77,1,,140,,,2,1,,,,,,1,,,,LUSE2041
Lost Treasure Chest of Ra,,,,375,1000000,1,1,3,8367,63,581,,,,,,,,78,1,,140,,,2,1,,,,,,,,,1,LUSE2042
Butterfly Wing Box,,,7,350,1000,1,1,10,6715,251,581,,,,,,,,169,1,1,140,,,2,1,,,,,,,,,,LUSE2043
Valentines Weapon Box,,,,375,1,0,1,3,8642,251,,93,1,1841,1,,,,214,1,1,140,,,2,1,,,,,,1,,,,LUSE2044
World Shout,,,7,357,1000,1,1,10,5549,251,581,,,,,,31,50,,,,140,,,,,,,,,,,,,,LUSE2045
Gift Box,,,6,350,1000,1,1,60,5770,130,581,,,,,,,,76,1,2,,,,,,,,,,,,,,,LUSE2046
Stat Reset Coupon,,,7,359,1000,1,1,10,3858,251,581,,,,,,,,,,,140,,,,,,,,,,,,,,LUSE2047
Skill Reset Coupon,,,7,360,1000,1,1,10,3859,251,581,,,,,,,,,,,140,,,,,,,,,,,,,,LUSE2048
Birthstone Reset Coupon,,,7,361,1000,1,1,10,3855,251,581,,,,,,,,,,,140,,,,,,,,,,,,,,LUSE2049
Moldie Miner Capsule,,,,356,2500000,5,10,2719,1697,184,581,,,,,,31,30,,,,140,548,,,3,,,,,,,,,,LUSE2059
Ikaness Miner Capsule,,,,356,7500000,5,20,2721,1697,184,581,,,,,,31,50,,,,140,548,,,3,,,,,,,,,,LUSE2051
25 AruaPoint Jelly,,,11,363,25,5,1,25,6227,184,581,,,,,,,,,,,140,548,,,,,,,,,,,,,LUSE2052
50 AruaPoint Jelly,,,11,363,50,5,1,50,6228,184,581,,,,,,,,,,,140,548,,,,,,,,,,,,,LUSE2053
100 AruaPoint Jelly,,,11,363,1000,1,1,100,6229,184,581,,,,,,,,,,,140,548,,,,,,,,,,,,,LUSE2054
200 AruaPoint Jelly,,,11,363,1000,1,1,200,6230,184,581,,,,,,,,,,,140,548,,,,,,,,,,,,,LUSE2055
500 AruaPoint Jelly,,,11,363,500,5,1,500,6231,184,581,,,,,,,,,,,140,548,,,,,,,,,,,,,LUSE2056
1000 AruaPoint Jelly,,,11,363,1000,5,1,1000,6232,184,581,,,,,,,,,,,140,548,,,,,,,,,,,,,LUSE2057
Kill Death Reset Coupon,,,7,371,1000,1,1,10,6576,251,581,,,,,,,,,,,140,,,,,,,,,,,,,,LUSE2058
Goblin Miner Capsule,,,,356,5000000,5,10,2720,1697,184,581,,,,,,31,40,,,,140,548,,,3,,,,,,,,,,LUSE2050
Jelly Bean Pet (7 Days),,,6,358,1000000,5,25,2220,6058,184,581,,,,,,,,100,1008,,140,548,,,,,,,,,,,,,LUSE2060
Honey Bee Pet (30 Days),,,6,358,1000,1,25,2221,6059,184,581,,,,,,,,100,4320,,140,548,,,,,,,,,,,,,LUSE2061
Ice Spirit Pet (30 Days),,,6,358,1000,1,25,2222,6060,184,581,,,,,,,,100,4320,,140,548,,,,,,,,,,,,,LUSE2062
Reindeer Pet (30 Days),,,6,358,1000,1,25,2223,6061,184,581,,,,,,,,100,4320,,140,548,,,,,,,,,,,,,LUSE2063
Frost Dragon Pet (30 Days),,,6,358,1000,1,25,2224,6062,184,581,,,,,,,,100,4320,,140,548,,,,,,,,,,,,,LUSE2064
Chub Chub Pet (30 Days),,,6,358,1000,1,25,2240,6063,184,581,,,,,,,,100,4320,,140,548,,,,,,,,,,,,,LUSE2065
Bone Spider Pet (7 Days),,,6,358,1000000,5,25,2241,6064,184,581,,,,,,,,100,1008,,140,548,,,,,,,,,,,,,LUSE2066
Butterfly Pet (3 Days),,,6,358,1000000,5,25,2242,6065,184,581,,,,,,,,100,432,,140,548,,,,,,,,,,,,,LUSE2067
Bebeg Pet (30 Days),,,6,358,1000,1,25,2243,6066,184,581,,,,,,,,100,4320,,140,548,,,,,,,,,,,,,LUSE2068
Sabertooth Pet (3 Days),,,6,358,1000000,5,25,2244,6067,184,581,,,,,,,,100,432,,140,548,,,,,,,,,,,,,LUSE2069
FrostWorm Pet (3 Days),,,6,358,1000000,5,25,2245,6068,184,581,,,,,,,,100,432,,140,548,,,,,,,,,,,,,LUSE2070
Lunaris Bear Pet (30 Days),,,6,358,1000,1,25,2246,6069,184,581,,,,,,,,100,4320,,140,548,,,,,,,,,,,,,LUSE2071
Skeleton Pet (3 Days),,,6,358,1000000,5,25,2247,6045,184,581,,,,,,,,100,432,,140,548,,,,,,,,,,,,,LUSE2072
Candle Ghost (30 Days),,,6,358,1000000,5,25,2248,6046,184,581,,,,,,,,100,4320,,140,548,,,,,,,,,,,,,LUSE2073
Black Opal Catfox Pet (30 Days),,,6,358,1000,1,25,2249,6047,184,581,,,,,,,,100,4320,,140,548,,,,,,,,,,,,,LUSE2074
Emerald Catfox Pet (30 Days),,,6,358,1000,1,25,2250,6048,184,581,,,,,,,,100,4320,,140,548,,,,,,,,,,,,,LUSE2075
Ruby Catfox Pet (30 Days),,,6,358,1000,1,25,2251,6049,184,581,,,,,,,,100,4320,,140,548,,,,,,,,,,,,,LUSE2076
Charming Catfox Pet (30 Days),,,6,358,1000,1,25,2252,6050,184,581,,,,,,,,100,4320,,140,548,,,,,,,,,,,,,LUSE2077
Pink Opal Catfox Pet (30 Days),,,6,358,1000,1,25,2253,6051,184,581,,,,,,,,100,4320,,140,548,,,,,,,,,,,,,LUSE2078
Topaz Catfox Pet (30 Days),,,6,358,1000,1,25,2254,6052,184,581,,,,,,,,100,4320,,140,548,,,,,,,,,,,,,LUSE2079
Healthy Catfox Pet (30 Days),,,6,358,1000,1,25,2255,6053,184,581,,,,,,,,100,4320,,140,548,,,,,,,,,,,,,LUSE2080
Sapphire Catfox Pet (30 Days),,,6,358,1000,1,25,2256,6054,184,581,,,,,,,,100,4320,,140,548,,,,,,,,,,,,,LUSE2081
Amethyst Catfox Pet (30 Days),,,6,358,1000,1,25,2257,6055,184,581,,,,,,,,100,4320,,140,548,,,,,,,,,,,,,LUSE2082
Garnet Catfox Pet (30 Days),,,6,358,1000,1,25,2258,6056,184,581,,,,,,,,100,4320,,140,548,,,,,,,,,,,,,LUSE2083
Miniature [GM]Tuweky (30 Days),,10,6,358,1000000,5,25,2259,6032,184,581,,,,,,,,100,4320,,140,548,,,,,,,,,,,,,LUSE2084
Alien Bunny Pet (7 Days),,1,6,358,1000000,5,25,2260,6033,184,581,,,,,,,,100,1008,,140,548,,,,,,,,,,,,,LUSE2085
Vendor Kitty Pet (7 Days),,2,6,358,1000000,5,25,2261,6034,184,581,,,,,,,,100,1008,,140,548,,,,,,,,,,,,,LUSE2086
Life Extinguisher Pet (30 Days),,21,6,358,1000000,5,25,2262,6035,184,581,,,,,,,,100,4320,,140,548,,,,,,,,,,,,,LUSE2087
Experimental Creature Pet (30 Days),,21,6,358,1000000,5,25,2263,6036,184,581,,,,,,,,100,4320,,140,548,,,,,,,,,,,,,LUSE2088
Tri-Headed Maneater Pet (7 Days),,,6,358,1000000,5,25,2264,6037,184,581,,,,,,,,100,1008,,140,548,,,,,,,,,,,,,LUSE2089
Living Substance Red Pet (7 Days),,,6,358,1000000,5,25,2265,6038,184,581,,,,,,,,100,1008,,140,548,,,,,,,,,,,,,LUSE2090
Eudy Pet (3 Days),,,6,358,1000000,5,25,2266,6039,184,581,,,,,,,,100,432,,140,548,,,,,,,,,,,,,LUSE2091
Miniature [Mayor] Daren,,,6,358,1000000,5,25,2267,6040,184,581,,,,,,,,100,1008,,140,548,,,,,,,,,,,,,LUSE2092
Mimic Chest Pet (7 Days),,,6,358,1000000,5,25,2268,6041,184,581,,,,,,,,100,1008,,140,548,,,,,,,,,,,,,LUSE2093
Love Pig Pet (7 Days),,,6,358,1000000,5,25,2269,6042,184,581,,,,,,,,100,1008,,140,548,,,,,,,,,,,,,LUSE2094
Cursed Moldie Priest Pet (30 Days),,,6,358,1000000,5,25,2270,6019,184,581,,,,,,,,100,4320,,140,548,,,,,,,,,,,,,LUSE2095
Chicken Pet (7 Days),,,6,358,1000000,5,25,2271,6044,184,581,,,,,,,,100,1008,,140,548,,,,,,,,,,,,,LUSE2096
Choropy Pet (7 Days),,,6,358,1000000,5,25,2272,6045,184,581,,,,,,,,100,1008,,140,548,,,,,,,,,,,,,LUSE2097
Mr. Baggie Pet (7 Days),,,6,358,1000000,5,25,2276,6234,184,581,,,,,,,,100,1008,,140,548,,,,,,,,,,,,,LUSE2098
Mr. Cannie Pet (7 Days),,,6,358,1000000,5,25,2277,6235,184,581,,,,,,,,100,1008,,140,548,,,,,,,,,,,,,LUSE2099
Box of Masks,,,6,350,1000,1,1,60,6027,130,581,,,,,,,,79,1,1,,,,2,1,,,,,,,,,,LUSE2100
Box of Hats,,,6,350,1000,1,1,60,6026,130,581,,,,,,,,80,1,1,,,,2,1,,,,,,,,,,LUSE2101
Box of Suits,,,6,350,1000,1,1,60,6028,130,581,,,,,,,,81,1,1,,,,2,1,,,,,,,,,,LUSE2102
Box of Shoes,,,6,350,1000,1,1,60,6029,130,581,,,,,,,,82,1,1,,,,2,1,,,,,,,,,,LUSE2103
Box of Wings,,,6,350,1000,1,1,60,6030,130,581,,,,,,,,83,1,1,,,,2,1,,,,,,,,,,LUSE2104
Super Aleksandros Pet (7 Days),,,6,358,1000000,5,25,2278,6048,184,581,,,,,,,,100,1008,,140,548,,,,,,,,,,,,,LUSE2105
Bruce Pet (7 Days),,,6,358,1000000,5,25,2279,6233,184,581,,,,,,,,100,1008,,140,548,,,,,,,,,,,,,LUSE2106
Slag (7 Days),,,6,358,1000000,5,25,2280,5481,184,581,,,,,,,,100,1008,,140,548,,,,,,,,,,,,,LUSE2107
Tirwin (7 Days),,,6,358,1000000,5,25,2281,5482,184,581,,,,,,,,100,1008,,140,548,,,,,,,,,,,,,LUSE2108
Springer Bean (7 Days),,,6,358,1000000,5,25,2282,5483,184,581,,,,,,,,100,1008,,140,548,,,,,,,,,,,,,LUSE2109
Luna Warship (7 Days),,,6,358,1000000,5,25,2283,5484,184,581,,,,,,,,100,1008,,140,548,,,,,,,,,,,,,LUSE2110
Tropical Fish (7 Days),,,6,358,1000000,5,25,2284,5494,184,581,,,,,,,,100,1008,,140,548,,,,,,,,,,,,,LUSE2111
,,,,,,,,,,,,,,,,,,,,,,,,,,,,,,,,,,,,
Supply Bag,,,6,350,1000,1,1,60,5809,248,581,,,,,,,,85,1,2,,,,2,1,,,,,,,,,,LUSE2113
Random Ice Spirit Box,,,7,350,1000,1,1,10,7587,251,581,,,,,,,,195,1,1,140,,,2,1,,,,,,,,,,LUSE2114
Purify Scroll (Solo),,,6,364,130,5,1,13,2728,154,579,,,,,,102,15,,3965,,,,,,3,,,,,,,,,,LUSE301
Detect Scroll (Solo),,,6,364,180,5,1,14,1692,153,579,,,,,,102,15,,3966,,,,,,3,,,,,,,,,,LUSE302
Stealth Scroll (Solo),,,6,364,230,5,1,15,1692,154,579,,,,,,102,15,,3967,,,,,,3,,,,,,,,,,LUSE303
HP Scroll (Solo),,,6,364,340,5,1,17,1027,152,579,,,,,,102,15,,3968,,,,,,3,,,,,,,,,,LUSE306
MP Scroll (Solo),,,6,364,340,5,1,17,1028,152,579,,,,,,102,15,,3969,,,,,,3,,,,,,,,,,LUSE307
Dexterity Scroll (Solo),,,6,364,410,5,1,18,1029,151,579,,,,,,102,15,,3970,,,,,,3,,,,,,,,,,LUSE308
Strength Scroll (Solo),,,6,364,460,5,1,18,1030,151,579,,,,,,102,15,,3971,,,,,,3,,,,,,,,,,LUSE309
Defense Scroll (Solo),,,6,364,460,5,1,18,1031,151,579,,,,,,102,15,,3972,,,,,,3,,,,,,,,,,LUSE310
Accuracy Scroll (Solo),,,6,364,460,5,1,18,1032,151,579,,,,,,102,15,,3973,,,,,,3,,,,,,,,,,LUSE311
Damage Scroll (Solo),,,6,364,460,5,1,18,1033,151,579,,,,,,102,15,,3974,,,,,,3,,,,,,,,,,LUSE312
Blue Icicle,,,6,364,230,5,1,15,1664,151,579,,,,,,102,15,,3975,,,,,,3,,,,,,,,,,LUSE2125
Green Icicle,,,6,364,300,5,1,16,1665,151,579,,,,,,102,15,,3976,,,,,,3,,,,,,,,,,LUSE2126
Golden Icicle,,,6,364,340,5,1,17,1668,151,579,,,,,,102,15,,3977,,,,,,3,,,,,,,,,,LUSE2127
Black Icicle,,,6,364,340,5,1,17,3856,151,579,,,,,,102,15,,3978,,,,,,3,,,,,,,,,,LUSE2128
Red Icicle,,,6,364,340,5,1,17,1667,151,579,,,,,,102,15,,3979,,,,,,3,,,,,,,,,,LUSE2129
Purple Icicle,,,6,364,340,5,1,17,3857,151,579,,,,,,102,15,,3980,,,,,,3,,,,,,,,,,LUSE2130
Milk,,,6,365,30,2,1,50,1617,144,584,,,,,10,102,15,16,400,,144,547,,7,1,,,17,250,,,,,,LUSE120
,,,,,,,,,,,,,,,,,,,,,,,,,,,,,,,,,,,,
Summer Contest Coupon,,,6,367,1000,2,1,50,6225,144,584,,,,,,,,,,,144,547,,,,,,,,,,,,,LUSE2133
Hip Hopper Box,,,7,350,1000,1,1,10,7844,251,581,,,,,,,,202,1,1,140,389,,2,1,,,,,,,,,,LUSE2134
HipHop Box,,,7,350,1000,1,1,10,6396,251,581,,,,,,,,86,1,1,140,389,,2,1,,,,,,,,,,LUSE2135
Shakespear Box,,,7,350,1000,1,1,10,6400,251,581,,,,,,,,87,1,1,140,389,,2,1,,,,,,,,,,LUSE2136
Spartan Box,,,7,350,1000,1,1,10,6404,251,581,,,,,,,,88,1,1,140,389,,2,1,,,,,,,,,,LUSE2137
,,,,,,,,,,,,,,,,,,,,,,,,,,,,,,,,,,,,
Coupon Box,,,6,350,5000,1,1,10,5770,251,,,,,,,,,89,1,2,140,389,,2,1,,,,,,,,,,LUSE2139
Moldie Pharaoh Pet,,,6,358,1000000,5,25,2285,6020,184,581,,,,,,,,100,432,,140,548,,,,,,,,,,,,,LUSE2140
Cursed Moldie Mammoth Pet,,,6,358,1000000,5,25,2286,6021,184,581,,,,,,,,100,432,,140,548,,,,,,,,,,,,,LUSE2141
Moldie Scorpion Pet,,,6,358,1000000,5,25,2287,6022,184,581,,,,,,,,100,432,,140,548,,,,,,,,,,,,,LUSE2142
,,,,,,,,,,,,,,,,,,,,,,,,,,,,,,,,,,,,
Cute Blue School Outfit,,,7,350,1000,1,1,60,6504,130,581,,,,,,,,90,1,1,,,,2,1,,,,,,,,,,LUSE2144
Cute School Outfit,,,7,350,1000,1,1,60,6505,130,581,,,,,,,,91,1,1,,,,2,1,,,,,,,,,,LUSE2145
Narwhal Outfit,,,7,350,1000,1,1,60,6508,130,581,,,,,,,,92,1,1,,,,2,1,,,,,,,,,,LUSE2146
Fox Outfit,,,7,350,1000,1,1,60,6509,130,581,,,,,,,,93,1,1,,,,2,1,,,,,,,,,,LUSE2147
,,,,,,,,,,,,,,,,,,,,,,,,,,,,,,,,,,,,
Defenders Box,,,,350,0,1,1,10,5756,155,581,,,,,,102,16,94,1,2,140,,,,,,,,,,,,,,LUSE2149
Blue Icicle,,,,369,0,5,1,20,1664,151,579,,,,,,102,16,,3985,,,,,3,10,,,,,,,,,,LUSE2150
Green Icicle,,,,369,0,5,1,20,1665,151,579,,,,,,102,16,,3986,,,,,3,10,,,,,,,,,,LUSE2151
Golden Icicle,,,,369,0,5,1,20,1668,151,579,,,,,,102,16,,3987,,,,,3,10,,,,,,,,,,LUSE2152
Black Icicle,,,,369,0,5,1,20,3856,151,579,,,,,,102,16,,3988,,,,,3,10,,,,,,,,,,LUSE2153
Red Icicle,,,,369,0,5,1,20,1667,151,579,,,,,,102,16,,3989,,,,,3,10,,,,,,,,,,LUSE2154
Purple Icicle,,,,369,0,5,1,20,3857,151,579,,,,,,102,16,,3990,,,,,3,10,,,,,,,,,,LUSE2155
,,,,,,,,,,,,,,,,,,,,,,,,,,,,,,,,,,,,
Yellow Chick (30 Days),,,6,358,1000000,5,25,3150,6591,184,581,,,,,,,,100,4320,,140,548,,,,,,,,,,,,,LUSE2157
Golden Cat (30 Days),,,6,358,1000,1,25,3151,6592,184,581,,,,,,,,100,4320,,140,548,,,,,,,,,,,,,LUSE2158
Blue Mouse (30 Days),,,6,358,1000,1,25,3152,6593,184,581,,,,,,,,100,4320,,140,548,,,,,,,,,,,,,LUSE2159
Cute Pig (30 Days),,,6,358,1000,1,25,3153,6594,184,581,,,,,,,,100,4320,,140,548,,,,,,,,,,,,,LUSE2160
Grey Bunny (30 Days),,,6,358,1000000,5,25,3154,6595,184,581,,,,,,,,100,4320,,140,548,,,,,,,,,,,,,LUSE2161
Ice Dragon (30 Days),,,6,358,1000000,5,25,3155,6596,184,581,,,,,,,,100,4320,,140,548,,,,,,,,,,,,,LUSE2162
Blood Dragon (30 Days),,,6,358,1000000,5,25,3156,6597,184,581,,,,,,,,100,4320,,140,548,,,,,,,,,,,,,LUSE2163
,,,,,,,,,,,,,,,,,,,,,,,,,,,,,,,,,,,,
Reindeer Box,,,,350,1000,1,1,60,6618,130,581,,,,,,,,167,1,4,,,,,,,,,,,,,,,LUSE2165
Dragon Box,,,7,350,1000,1,1,60,6617,130,581,,,,,,,,168,1,4,,,,,,,,,,,,,,,LUSE2166
Cow Outfit,,,7,350,1000,1,1,60,3450,130,581,,,,,,,,178,1,1,,,,2,1,,,,,,,,,,LUSE2167
Dragon Outfit,,,7,350,1000,1,1,60,3451,130,581,,,,,,,,179,1,1,,,,2,1,,,,,,,,,,LUSE2168
,,,,,,,,,,,,,,,,,,,,,,,,,,,,,,,,,,,,
Leprechaun (14 Days),,,6,358,0,0,1,2225,6619,184,581,,,,,,,,100,2016,,140,548,,,,,,,,,,,,,LUSE2170
Christmas Present,,,6,350,1,0,1,10,5755,251,581,,,,,,,,191,4,1,140,,,2,1,,,,,,5,,,,LUSE2174
Christmas Present,,,6,350,1,0,1,10,5754,251,581,,,,,,,,170,6,,140,,,2,1,,,,,,5,,,,LUSE2172
Christmas Present,,,6,350,1,0,1,10,5753,251,581,,,,,,,,171,6,5,140,,,2,1,,,,,,5,,,,LUSE2173
Christmas Present,,,6,350,1,0,1,10,5755,251,581,,,,,,,,172,4,1,140,,,2,1,,,,,,5,,,,LUSE2174
Christmas Present,,,6,350,1,0,1,10,5754,251,581,,,,,,,,188,6,,140,,,2,1,,,,,,5,,,,LUSE2172
Snowman Present,,,6,350,1,0,1,10,5833,251,581,,,,,,,,189,5,,140,,,2,1,,,,,,5,,,,LUSE2175
China Shop Coupon,,,10,321,0,0,1,35,6894,151,,,,,,,,,96,2160,0,140,,,,3,,,,,,,,,,LUSE2177
Dragon Shop Coupon,,,10,321,0,0,1,36,6895,151,,,,,,,,,96,4320,0,140,,,,3,,,,,,,,,,LUSE2178
Sundae Shop Coupon,,,10,321,0,0,1,37,6896,151,,,,,,,,,96,4320,0,140,,,,3,,,,,,,,,,LUSE2179
Thatching Shop Coupon,,,10,321,0,0,1,38,6897,151,,,,,,,,,96,1440,0,140,,,,3,,,,,,,,,,LUSE2180
Tree Shop Coupon,,,10,321,0,0,1,39,6898,151,,,,,,,,,96,2160,0,140,,,,3,,,,,,,,,,LUSE2181
Piggy Bank Shop Coupon,,,6,321,0,0,1,40,6899,151,,,,,,,,,96,4320,0,140,,,,3,,,,,,,,,,LUSE2182
Emblem 8,,,10,374,0,0,1,10,6938,100,,,,,,,,,,245,,,,,,,,,,,,,,,,LUSE2183
Emblem 9,,,10,374,0,0,1,10,6939,100,,,,,,,,,,246,,,,,,,,,,,,,,,,LUSE2184
Emblem 1,,,10,374,0,0,1,10,6960,100,,,,,,,,,,238,,,,,,,,,,,,,,,,LUSE2185
Emblem 2,,,10,374,0,0,1,10,6932,100,,,,,,,,,,239,,,,,,,,,,,,,,,,LUSE2186
Emblem 3,,,10,374,0,0,1,10,6933,100,,,,,,,,,,240,,,,,,,,,,,,,,,,LUSE2187
Emblem 4,,,10,374,0,0,1,10,6934,100,,,,,,,,,,241,,,,,,,,,,,,,,,,LUSE2188
Emblem 5,,,10,374,0,0,1,10,6935,100,,,,,,,,,,242,,,,,,,,,,,,,,,,LUSE2189
Emblem 6,,,10,374,0,0,1,10,6936,100,,,,,,,,,,243,,,,,,,,,,,,,,,,LUSE2190
Emblem 7,,,10,374,0,0,1,10,6937,100,,,,,,,,,,244,,,,,,,,,,,,,,,,LUSE2191
Emblem 10,,,10,374,0,0,1,10,6940,100,,,,,,,,,,247,,,,,,,,,,,,,,,,LUSE2192
Springer Bean Pet (14 Days),,,6,358,0,0,25,2226,6890,184,581,,,,,,,,100,2016,,140,548,,,,,,,,,,,,,LUSE2193
Chubby Bean Pet (7 Days),,,6,358,0,0,25,2227,6891,184,581,,,,,,,,100,1008,,140,548,,,,,,,,,,,,,LUSE2194
Warrior Bean Pet (14 Days),,,6,358,0,0,25,2228,6892,184,581,,,,,,,,100,2016,,140,548,,,,,,,,,,,,,LUSE2195
Ultimate Bean Pet (7 Days),,,6,358,0,0,25,2229,6893,184,581,,,,,,,,100,1008,,140,548,,,,,,,,,,,,,LUSE2196
Gold Scorpion Pet (30 Days),,,6,358,0,0,25,2288,7190,184,581,,,,,,,,100,4320,,140,548,,,,,,,,,,,,,LUSE2197
Arena Bounty The Wolf,,,6,319,0,0,1,10,6823,100,,,,,,,,,,,,26,,,,3,,,,,,,,,,LUSE2198
Arena Bounty The Lion,,,6,319,0,0,1,10,6823,100,,,,,,,,,,,,27,,,,3,,,,,,,,,,LUSE2199
Bounty 3,,,6,319,0,0,1,10,6823,100,,,,,,,,,,,,8,,,,3,,,,,,,,,,LUSE2200
Bounty 4,,,6,319,0,0,1,10,6823,100,,,,,,,,,,,,8,,,,3,,,,,,,,,,LUSE2201
Bounty 5,,,6,319,0,0,1,10,6823,100,,,,,,,,,,,,8,,,,3,,,,,,,,,,LUSE2202
Robot Chub Chub Pet (30 Days),,,6,358,0,0,25,2289,7191,184,581,,,,,,,,100,4320,,140,548,,,,,,,,,,,,,LUSE2203
Emblem 11,,,10,374,0,0,1,10,6942,100,,,,,,,,,,248,,,,,,,,,,,,,,,,LUSE2204
Emblem 12,,,10,374,0,0,1,10,6943,100,,,,,,,,,,249,,,,,,,,,,,,,,,,LUSE2205
Emblem 13,,,10,374,0,0,1,10,6944,100,,,,,,,,,,250,,,,,,,,,,,,,,,,LUSE2206
Emblem 14,,,10,374,0,0,1,10,7056,100,,,,,,,,,,251,,,,,,,,,,,,,,,,LUSE2207
Emblem 15,,,10,374,0,0,1,10,7057,100,,,,,,,,,,252,,,,,,,,,,,,,,,,LUSE2208
Christmas Present,,,6,350,1,0,1,10,5753,251,581,,,,,,,,199,6,5,140,,,2,1,,,,,,5,,,,LUSE2173
Christmas Present,,,6,350,1,0,1,10,5754,251,581,,,,,,,,200,6,,140,,,2,1,,,,,,5,,,,LUSE2172
Christmas Present,,,6,350,1,0,1,10,5754,251,581,,,,,,,,212,6,,140,,,2,1,,,,,,5,,,,LUSE2172
Christmas Present,,,6,350,1,0,1,10,5754,251,581,,,,,,,,228,6,,140,,,2,1,,,,,,5,,,,LUSE2172
Christmas Present,,,6,350,1,0,1,10,5754,251,581,,,,,,,,257,6,,140,,,2,1,,,,,,5,,,,LUSE2172
Easter Lucky Bag,,,,350,1,0,1,10,2717,251,581,,,,,,,,301,1,1,140,,,2,1,,,,,,2,,,,LUSE2214
Vital Jam (+1) to (+10),,,,380,1360,1,1,1,5268,116,584,20,1,45,,,,,76,1000,,146,548,,,,,,,,,,,,,LUSE070
Vital Jam (+2) to (+10),,,,380,1360,1,1,2,5268,116,584,20,1,46,,,,,76,1000,,146,548,,,,,,,,,,,,,LUSE071
Vital Jam (+5) to (+10),,,,380,1360,1,1,5,5268,116,584,20,1,47,,,,,76,1000,,146,548,,,,,,,,,,,,,LUSE072
,,,,,,,,,,,,,,,,,,,,,,,,,,,,,,,,,,,,
,,,,,,,,,,,,,,,,,,,,,,,,,,,,,,,,,,,,
Crate of Platinum Arrows,,,,376,500,1,10,1,5694,182,584,,1,1815,,9,,,21,,,140,548,,,1,,,,,,,,,,LUSE556
Crate of Storm Arrows,,,,376,750,1,10,2,5695,182,584,,1,1816,,9,,,22,,,140,548,,,1,,,,,,,,,,LUSE557
Crate of Cherry Blossom Arrows,,,,376,1000,1,10,3,5696,182,584,,2,1817,,9,,,23,,,140,548,,,1,,,,,,,,,,LUSE558
Crate of Vengeance Arrows,,,,376,1250,1,10,4,5697,182,584,,3,1818,,9,,,24,,,140,548,,,1,,,,,,,,,,LUSE559
Crate of Gold-Plated Bullets,,,,376,500,1,10,1,5707,182,584,,1,1819,,9,,,26,,,140,548,,,1,,,,,,,,,,LUSE564
Crate of Platinum Bullets,,,,376,750,1,10,2,5708,182,584,,1,1820,,9,,,27,,,140,548,,,1,,,,,,,,,,LUSE565
Crate of Chromium Bullets,,,,376,1000,1,10,3,5709,182,584,,2,1821,,9,,,28,,,140,548,,,1,,,,,,,,,,LUSE566
Crate of Vortex Bullets,,,,376,1250,1,10,4,5710,182,584,,3,1822,,9,,,29,,,140,548,,,1,,,,,,,,,,LUSE567
Crate of Poison Shells,,,,376,500,1,10,1,5720,182,584,,1,1823,,9,,,31,,,140,548,,,1,,,,,,,,,,LUSE572
Crate of Fire Shells,,,,376,750,1,10,2,5721,182,584,,1,1824,,9,,,32,,,140,548,,,1,,,,,,,,,,LUSE573
Crate of Rock Shells,,,,376,1000,1,10,3,5722,182,584,,2,1825,,9,,,33,,,140,548,,,1,,,,,,,,,,LUSE574
Crate of Cluster Shells,,,,376,1250,1,10,4,5723,182,584,,3,1826,,9,,,34,,,140,548,,,1,,,,,,,,,,LUSE575
,,,,,,,,,,,,,,,,,,,20,,,,,,,,,,,,,,,,,
Zombie Spirit Pet (14 Days),,,6,358,0,0,10,3674,7654,184,581,,,,,,,,100,2016,,140,548,,,,,,,,,4,,,,LUSE2233
Skeleton Pet (14 Days),,,6,358,0,0,10,3675,7655,184,581,,,,,,,,100,2016,,140,548,,,,,,,,,4,,,,LUSE2234
Spooky Ghost Pet (14 Days),,,6,358,0,0,0,3676,7657,184,581,,,,,,,,100,2016,,140,548,,,,,,,,,4,,,,LUSE2235
Lucky Ghost Pet (14 Days),,,6,358,0,0,0,3677,7658,184,581,,,,,,,,100,2016,,140,548,,,,,,,,,4,,,,LUSE2236
Hallowed Pumpkin Pet (14 Days),,,6,358,0,0,20,3678,7659,184,581,,,,,,,,100,2016,,140,548,,,,,,,,,4,,,,LUSE2237
BloodBat Pet (14 Days),,,6,358,0,0,5,3679,7661,184,581,,,,,,,,100,2016,,140,548,,,,,,,,,4,,,,LUSE2238
,,,,,,,,,,,,,,,,,,,,,,,,,,,,,,,,,,,,
Military Leader Box,,,7,350,1000,1,1,60,8518,130,581,,,,,,,,232,1,1,,,,2,1,,,,,,,,,,LUSE2240
Cat Box,,,7,350,1000,1,1,60,8519,130,581,,,,,,,,233,1,1,,,,2,1,,,,,,,,,,LUSE2241
Dog Box,,,7,350,1000,1,1,60,8520,130,581,,,,,,,,234,1,1,,,,2,1,,,,,,,,,,LUSE2242
Countess Dress Box,,,7,350,1000,1,1,60,2878,130,581,,,,,,,,264,1,1,,,,2,1,,,,,,,,,,LUSE2243
,,,,,,,,,,,,,,,,,,,,,,,,,,,,,,,,,,,,
Event Back Box,,,6,350,0,1,1,50,10226,130,581,,,,15,,,,235,1,1,,,,2,1,,,,,,,,,,LUSE2245
Phoenix Wing Box,,,6,350,0,1,1,50,10227,130,581,,,,50,,,,236,1,1,,,,2,1,,,,,,,,,,LUSE2246
Event Suits Bag,,,6,350,0,1,1,50,10220,130,581,,,,20,,,,237,1,1,,,,2,1,,,,,,,,,,LUSE2247
School Look Box,,,6,350,0,1,1,50,10233,130,581,,,,20,,,,238,1,1,,,,2,1,,,,,,,,,,LUSE2248
Event Gloves Bag,,,6,350,0,1,1,50,10222,130,581,,,,10,,,,239,1,1,,,,2,1,,,,,,,,,,LUSE2249
Event Hats Bag,,,6,350,0,1,1,50,10218,130,581,,,,15,,,,240,1,1,,,,2,1,,,,,,,,,,LUSE2250
Event Shoes Bag,,,6,350,0,1,1,50,10224,130,581,,,,10,,,,241,1,1,,,,2,1,,,,,,,,,,LUSE2251
Magic Weapon Box,,,6,350,0,1,1,50,10231,130,581,,,,15,,,,242,1,1,,,,2,1,,,,,,,,,,LUSE2252
Combat Weapon Box,,,6,350,0,1,1,50,10229,130,581,,,,15,,,,243,1,1,,,,2,1,,,,,,,,,,LUSE2253
Umbrella Box,,,6,350,0,1,1,50,10232,130,581,,,,15,,,,244,1,1,,,,2,1,,,,,,,,,,LUSE2254
Premium Event Bag,,,6,350,0,1,1,50,8539,130,581,,,,30,,,,245,1,1,,,,2,1,,,,,,,,,,LUSE2255
Rebellion Box,,,6,350,0,1,1,50,10234,130,581,,,,20,,,,246,1,1,,,,2,1,,,,,,,,,,LUSE2256
Legacy Suits Bag,,,6,350,0,1,1,50,10221,130,581,,,,5,,,,247,1,1,,,,2,1,,,,,,,,,,LUSE2257
Legacy Shoes Bag,,,6,350,0,1,1,50,10225,130,581,,,,3,,,,248,1,1,,,,2,1,,,,,,,,,,LUSE2258
Legacy Gloves Bag,,,6,350,0,1,1,50,10223,130,581,,,,3,,,,249,1,1,,,,2,1,,,,,,,,,,LUSE2259
Legacy Hats Bag,,,6,350,0,1,1,50,10219,130,581,,,,3,,,,250,1,1,,,,2,1,,,,,,,,,,LUSE2260
Event Mask Box,,,6,350,0,1,1,50,10228,130,581,,,,10,,,,251,1,1,,,,2,1,,,,,,,,,,LUSE2261
Valentines Wedding Box,,,,375,1,0,1,3,8643,251,,93,1,1841,1,,,,258,1,1,140,,,2,1,,,,,,1,,,,LUSE2262
Left Heart,,,,314,1,0,1,1,3612,871,580,93,1,1841,1,,,,,98,0,140,548,,,3,,,,,,,,,,LUSE2263
Right Heart,,,,314,1,0,1,1,3612,871,580,93,1,1841,1,,,,,99,0,140,548,,,3,,,,,,,,,,LUSE2264
Game Arena Rank Reset Coupon,,,7,377,1000,1,1,10,8773,251,581,,,,,,,,,,,140,,,,,,,,,,,,,,LUSE2265
Union Devotion Reset Coupon,,,7,378,1000,1,1,10,2453,251,581,,,,,,,,,,,140,,,,,,,,,,,,,,LUSE2266
Christmas Present,,,6,350,1,0,1,10,5754,251,581,,,,,,,,268,6,,140,,,2,1,,,,,,5,,,,LUSE2172
Popstar Box,,,7,350,1000,1,1,60,3026,130,581,,,,,,,,270,1,1,,,,2,1,,,,,,,,,,LUSE2268
Gothic Lolita Box,,,6,350,0,1,1,50,10236,130,581,,,,35,,,,272,1,1,,,,2,1,,,,,,,,,,LUSE2269
Magical Look Box,,,6,350,0,1,1,50,10235,130,581,,,,20,,,,273,1,1,,,,2,1,,,,,,,,,,LUSE2270
Neon Box,,,6,350,0,1,1,50,10237,130,581,,,,35,,,,275,1,1,,,,2,1,,,,,,,,,,LUSE2271
Event Pet Box,,,6,350,0,1,1,50,10239,130,581,,,,50,,,,276,1,1,,,,2,1,,,,,,,,,,LUSE2272
Christmas Present,,,6,350,1,0,1,10,5754,251,581,,,,,,,,278,6,,140,,,2,1,,,,,,5,,,,LUSE2172
Christmas Present,,,6,350,1,0,1,10,5754,251,581,,,,,,,,287,6,,140,,,2,1,,,,,,5,,,,LUSE2172
Attackers Chest,,,,350,0,1,1,10,5756,155,581,,,,,,103,144,274,1,2,140,,,,,,,,,,,,,,LUSE2284
Defenders Chest,,,,350,0,1,1,10,5756,155,581,,,,,,103,144,274,1,2,140,,,,,,,,,,,,,,LUSE2285
Blue Icicle,,,,369,0,5,1,20,1664,151,579,,,,,,103,144,,3985,,,,,3,10,,,,,,,,,,LUSE2286
Green Icicle,,,,369,0,5,1,20,1665,151,579,,,,,,103,144,,3986,,,,,3,10,,,,,,,,,,LUSE2287
Golden Icicle,,,,369,0,5,1,20,1668,151,579,,,,,,103,144,,3987,,,,,3,10,,,,,,,,,,LUSE2288
Black Icicle,,,,369,0,5,1,20,3856,151,579,,,,,,103,144,,3988,,,,,3,10,,,,,,,,,,LUSE2289
Red Icicle,,,,369,0,5,1,20,1667,151,579,,,,,,103,144,,3989,,,,,3,10,,,,,,,,,,LUSE2290
Purple Icicle,,,,369,0,5,1,20,3857,151,579,,,,,,103,144,,3990,,,,,3,10,,,,,,,,,,LUSE2291
,,,,,,,,,,,,,,,,,,,,,,,,,,,,,,,,,,,,
Attackers Chest,,,,350,0,1,1,10,5756,155,581,,,,,,103,139,253,1,2,140,,,,,,,,,,,,,,LUSE2284
Defenders Chest,,,,350,0,1,1,10,5756,155,581,,,,,,103,139,253,1,2,140,,,,,,,,,,,,,,LUSE2285
Blue Icicle,,,,369,0,5,1,20,1664,151,579,,,,,,103,139,,3985,,,,,3,10,,,,,,,,,,LUSE2286
Green Icicle,,,,369,0,5,1,20,1665,151,579,,,,,,103,139,,3986,,,,,3,10,,,,,,,,,,LUSE2287
Golden Icicle,,,,369,0,5,1,20,1668,151,579,,,,,,103,139,,3987,,,,,3,10,,,,,,,,,,LUSE2288
Black Icicle,,,,369,0,5,1,20,3856,151,579,,,,,,103,139,,3988,,,,,3,10,,,,,,,,,,LUSE2289
Red Icicle,,,,369,0,5,1,20,1667,151,579,,,,,,103,139,,3989,,,,,3,10,,,,,,,,,,LUSE2290
Purple Icicle,,,,369,0,5,1,20,3857,151,579,,,,,,103,139,,3990,,,,,3,10,,,,,,,,,,LUSE2291
Attackers Chest,,,,350,0,1,1,10,5756,155,581,,,,,,103,138,254,1,2,140,,,,,,,,,,,,,,LUSE2292
Defenders Chest,,,,350,0,1,1,10,5756,155,581,,,,,,103,138,254,1,2,140,,,,,,,,,,,,,,LUSE2293
Blue Icicle,,,,369,0,5,1,20,1664,151,579,,,,,,103,138,,3985,,,,,3,10,,,,,,,,,,LUSE2294
Green Icicle,,,,369,0,5,1,20,1665,151,579,,,,,,103,138,,3986,,,,,3,10,,,,,,,,,,LUSE2295
Golden Icicle,,,,369,0,5,1,20,1668,151,579,,,,,,103,138,,3987,,,,,3,10,,,,,,,,,,LUSE2296
Black Icicle,,,,369,0,5,1,20,3856,151,579,,,,,,103,138,,3988,,,,,3,10,,,,,,,,,,LUSE2297
Red Icicle,,,,369,0,5,1,20,1667,151,579,,,,,,103,138,,3989,,,,,3,10,,,,,,,,,,LUSE2298
Purple Icicle,,,,369,0,5,1,20,3857,151,579,,,,,,103,138,,3990,,,,,3,10,,,,,,,,,,LUSE2299
,,,,,,,,,,,,,,,,,,,,,,,,,,,,,,,,,,,,
Red Totem Chest,,,,350,0,1,1,10,5756,155,581,,,,,,103,163,262,1,2,140,,,,,,,,,,,,,,LUSE2301
Blue Icicle,,,,369,0,5,1,20,1664,151,579,,,,,,103,163,,3985,,,,,3,10,,,,,,,,,,LUSE2302
Green Icicle,,,,369,0,5,1,20,1665,151,579,,,,,,103,163,,3986,,,,,3,10,,,,,,,,,,LUSE2303
Golden Icicle,,,,369,0,5,1,20,1668,151,579,,,,,,103,163,,3987,,,,,3,10,,,,,,,,,,LUSE2304
Black Icicle,,,,369,0,5,1,20,3856,151,579,,,,,,103,163,,3988,,,,,3,10,,,,,,,,,,LUSE2305
Red Icicle,,,,369,0,5,1,20,1667,151,579,,,,,,103,163,,3989,,,,,3,10,,,,,,,,,,LUSE2306
Purple Icicle,,,,369,0,5,1,20,3857,151,579,,,,,,103,163,,3990,,,,,3,10,,,,,,,,,,LUSE2307
Blue Totem Chest,,,,350,0,1,1,10,5756,155,581,,,,,,103,163,262,1,2,140,,,,,,,,,,,,,,LUSE2308
Solstice Box,,,6,350,0,1,1,50,10238,130,581,,,,35,,,,300,1,1,,,,2,1,,,,,,,,,,LUSE2309
Rubber Boots Box,,,6,350,0,1,1,50,10124,130,581,,,,20,,,,308,1,1,,,,2,1,,,,,,,,,,LUSE2310
Christmas Present,,,6,350,1,0,1,10,5754,251,581,,,,,,,,305,6,,140,,,2,1,,,,,,5,,,,LUSE2172
Moonflower Box,,,6,350,1000,1,1,50,10038,130,581,,,,,,,,311,4,1,,,,2,1,,,,,,,,,,LUSE2312
,,,,,,,,,,,,,,,,,,,,,,,,,,,,,,,,,,,,
,,,,,,,,,,,,,,,,,,,,,,,,,,,,,,,,,,,,
,,,,,,,,,,,,,,,,,,,,,,,,,,,,,,,,,,,,
,,,,,,,,,,,,,,,,,,,,,,,,,,,,,,,,,,,,
,,,,,,,,,,,,,,,,,,,,,,,,,,,,,,,,,,,,
,,,,,,,,,,,,,,,,,,,,,,,,,,,,,,,,,,,,
,,,,,,,,,,,,,,,,,,,,,,,,,,,,,,,,,,,,
,,,,,,,,,,,,,,,,,,,,,,,,,,,,,,,,,,,,
,,,,,,,,,,,,,,,,,,,,,,,,,,,,,,,,,,,,
,,,,,,,,,,,,,,,,,,,,,,,,,,,,,,,,,,,,
,,,,,,,,,,,,,,,,,,,,,,,,,,,,,,,,,,,,
,,,,,,,,,,,,,,,,,,,,,,,,,,,,,,,,,,,,
,,,,,,,,,,,,,,,,,,,,,,,,,,,,,,,,,,,,
,,,,,,,,,,,,,,,,,,,,,,,,,,,,,,,,,,,,
,,,,,,,,,,,,,,,,,,,,,,,,,,,,,,,,,,,,
,,,,,,,,,,,,,,,,,,,,,,,,,,,,,,,,,,,,
,,,,,,,,,,,,,,,,,,,,,,,,,,,,,,,,,,,,
,,,,,,,,,,,,,,,,,,,,,,,,,,,,,,,,,,,,
,,,,,,,,,,,,,,,,,,,,,,,,,,,,,,,,,,,,
,,,,,,,,,,,,,,,,,,,,,,,,,,,,,,,,,,,,
,,,,,,,,,,,,,,,,,,,,,,,,,,,,,,,,,,,,
,,,,,,,,,,,,,,,,,,,,,,,,,,,,,,,,,,,,
,,,,,,,,,,,,,,,,,,,,,,,,,,,,,,,,,,,,
,,,,,,,,,,,,,,,,,,,,,,,,,,,,,,,,,,,,
,,,,,,,,,,,,,,,,,,,,,,,,,,,,,,,,,,,,
,,,,,,,,,,,,,,,,,,,,,,,,,,,,,,,,,,,,
,,,,,,,,,,,,,,,,,,,,,,,,,,,,,,,,,,,,
,,,,,,,,,,,,,,,,,,,,,,,,,,,,,,,,,,,,
,,,,,,,,,,,,,,,,,,,,,,,,,,,,,,,,,,,,
,,,,,,,,,,,,,,,,,,,,,,,,,,,,,,,,,,,,
,,,,,,,,,,,,,,,,,,,,,,,,,,,,,,,,,,,,
,,,,,,,,,,,,,,,,,,,,,,,,,,,,,,,,,,,,
,,,,,,,,,,,,,,,,,,,,,,,,,,,,,,,,,,,,
,,,,,,,,,,,,,,,,,,,,,,,,,,,,,,,,,,,,
,,,,,,,,,,,,,,,,,,,,,,,,,,,,,,,,,,,,
,,,,,,,,,,,,,,,,,,,,,,,,,,,,,,,,,,,,
,,,,,,,,,,,,,,,,,,,,,,,,,,,,,,,,,,,,
,,,,,,,,,,,,,,,,,,,,,,,,,,,,,,,,,,,,
,,,,,,,,,,,,,,,,,,,,,,,,,,,,,,,,,,,,
,,,,,,,,,,,,,,,,,,,,,,,,,,,,,,,,,,,,
,,,,,,,,,,,,,,,,,,,,,,,,,,,,,,,,,,,,
,,,,,,,,,,,,,,,,,,,,,,,,,,,,,,,,,,,,
,,,,,,,,,,,,,,,,,,,,,,,,,,,,,,,,,,,,
,,,,,,,,,,,,,,,,,,,,,,,,,,,,,,,,,,,,
,,,,,,,,,,,,,,,,,,,,,,,,,,,,,,,,,,,,
,,,,,,,,,,,,,,,,,,,,,,,,,,,,,,,,,,,,
,,,,,,,,,,,,,,,,,,,,,,,,,,,,,,,,,,,,
,,,,,,,,,,,,,,,,,,,,,,,,,,,,,,,,,,,,
,,,,,,,,,,,,,,,,,,,,,,,,,,,,,,,,,,,,
,,,,,,,,,,,,,,,,,,,,,,,,,,,,,,,,,,,,
,,,,,,,,,,,,,,,,,,,,,,,,,,,,,,,,,,,,
,,,,,,,,,,,,,,,,,,,,,,,,,,,,,,,,,,,,
,,,,,,,,,,,,,,,,,,,,,,,,,,,,,,,,,,,,
,,,,,,,,,,,,,,,,,,,,,,,,,,,,,,,,,,,,
,,,,,,,,,,,,,,,,,,,,,,,,,,,,,,,,,,,,
,,,,,,,,,,,,,,,,,,,,,,,,,,,,,,,,,,,,
,,,,,,,,,,,,,,,,,,,,,,,,,,,,,,,,,,,,
,,,,,,,,,,,,,,,,,,,,,,,,,,,,,,,,,,,,
,,,,,,,,,,,,,,,,,,,,,,,,,,,,,,,,,,,,
,,,,,,,,,,,,,,,,,,,,,,,,,,,,,,,,,,,,
,,,,,,,,,,,,,,,,,,,,,,,,,,,,,,,,,,,,
,,,,,,,,,,,,,,,,,,,,,,,,,,,,,,,,,,,,
,,,,,,,,,,,,,,,,,,,,,,,,,,,,,,,,,,,,
,,,,,,,,,,,,,,,,,,,,,,,,,,,,,,,,,,,,
,,,,,,,,,,,,,,,,,,,,,,,,,,,,,,,,,,,,
,,,,,,,,,,,,,,,,,,,,,,,,,,,,,,,,,,,,
,,,,,,,,,,,,,,,,,,,,,,,,,,,,,,,,,,,,
,,,,,,,,,,,,,,,,,,,,,,,,,,,,,,,,,,,,
,,,,,,,,,,,,,,,,,,,,,,,,,,,,,,,,,,,,
,,,,,,,,,,,,,,,,,,,,,,,,,,,,,,,,,,,,
,,,,,,,,,,,,,,,,,,,,,,,,,,,,,,,,,,,,
,,,,,,,,,,,,,,,,,,,,,,,,,,,,,,,,,,,,
,,,,,,,,,,,,,,,,,,,,,,,,,,,,,,,,,,,,
,,,,,,,,,,,,,,,,,,,,,,,,,,,,,,,,,,,,
,,,,,,,,,,,,,,,,,,,,,,,,,,,,,,,,,,,,
,,,,,,,,,,,,,,,,,,,,,,,,,,,,,,,,,,,,
,,,,,,,,,,,,,,,,,,,,,,,,,,,,,,,,,,,,
,,,,,,,,,,,,,,,,,,,,,,,,,,,,,,,,,,,,
,,,,,,,,,,,,,,,,,,,,,,,,,,,,,,,,,,,,
,,,,,,,,,,,,,,,,,,,,,,,,,,,,,,,,,,,,
,,,,,,,,,,,,,,,,,,,,,,,,,,,,,,,,,,,,
,,,,,,,,,,,,,,,,,,,,,,,,,,,,,,,,,,,,
,,,,,,,,,,,,,,,,,,,,,,,,,,,,,,,,,,,,
,,,,,,,,,,,,,,,,,,,,,,,,,,,,,,,,,,,,
,,,,,,,,,,,,,,,,,,,,,,,,,,,,,,,,,,,,
,,,,,,,,,,,,,,,,,,,,,,,,,,,,,,,,,,,,
,,,,,,,,,,,,,,,,,,,,,,,,,,,,,,,,,,,,
,,,,,,,,,,,,,,,,,,,,,,,,,,,,,,,,,,,,
,,,,,,,,,,,,,,,,,,,,,,,,,,,,,,,,,,,,
,,,,,,,,,,,,,,,,,,,,,,,,,,,,,,,,,,,,
,,,,,,,,,,,,,,,,,,,,,,,,,,,,,,,,,,,,
,,,,,,,,,,,,,,,,,,,,,,,,,,,,,,,,,,,,
,,,,,,,,,,,,,,,,,,,,,,,,,,,,,,,,,,,,
,,,,,,,,,,,,,,,,,,,,,,,,,,,,,,,,,,,,
,,,,,,,,,,,,,,,,,,,,,,,,,,,,,,,,,,,,
,,,,,,,,,,,,,,,,,,,,,,,,,,,,,,,,,,,,
,,,,,,,,,,,,,,,,,,,,,,,,,,,,,,,,,,,,
,,,,,,,,,,,,,,,,,,,,,,,,,,,,,,,,,,,,
,,,,,,,,,,,,,,,,,,,,,,,,,,,,,,,,,,,,
,,,,,,,,,,,,,,,,,,,,,,,,,,,,,,,,,,,,
,,,,,,,,,,,,,,,,,,,,,,,,,,,,,,,,,,,,
,,,,,,,,,,,,,,,,,,,,,,,,,,,,,,,,,,,,
,,,,,,,,,,,,,,,,,,,,,,,,,,,,,,,,,,,,
,,,,,,,,,,,,,,,,,,,,,,,,,,,,,,,,,,,,
,,,,,,,,,,,,,,,,,,,,,,,,,,,,,,,,,,,,
,,,,,,,,,,,,,,,,,,,,,,,,,,,,,,,,,,,,
,,,,,,,,,,,,,,,,,,,,,,,,,,,,,,,,,,,,
,,,,,,,,,,,,,,,,,,,,,,,,,,,,,,,,,,,,
,,,,,,,,,,,,,,,,,,,,,,,,,,,,,,,,,,,,
,,,,,,,,,,,,,,,,,,,,,,,,,,,,,,,,,,,,
,,,,,,,,,,,,,,,,,,,,,,,,,,,,,,,,,,,,
,,,,,,,,,,,,,,,,,,,,,,,,,,,,,,,,,,,,
,,,,,,,,,,,,,,,,,,,,,,,,,,,,,,,,,,,,
,,,,,,,,,,,,,,,,,,,,,,,,,,,,,,,,,,,,
,,,,,,,,,,,,,,,,,,,,,,,,,,,,,,,,,,,,
,,,,,,,,,,,,,,,,,,,,,,,,,,,,,,,,,,,,
,,,,,,,,,,,,,,,,,,,,,,,,,,,,,,,,,,,,
,,,,,,,,,,,,,,,,,,,,,,,,,,,,,,,,,,,,
,,,,,,,,,,,,,,,,,,,,,,,,,,,,,,,,,,,,
,,,,,,,,,,,,,,,,,,,,,,,,,,,,,,,,,,,,
,,,,,,,,,,,,,,,,,,,,,,,,,,,,,,,,,,,,
,,,,,,,,,,,,,,,,,,,,,,,,,,,,,,,,,,,,
,,,,,,,,,,,,,,,,,,,,,,,,,,,,,,,,,,,,
,,,,,,,,,,,,,,,,,,,,,,,,,,,,,,,,,,,,
,,,,,,,,,,,,,,,,,,,,,,,,,,,,,,,,,,,,
,,,,,,,,,,,,,,,,,,,,,,,,,,,,,,,,,,,,
,,,,,,,,,,,,,,,,,,,,,,,,,,,,,,,,,,,,
,,,,,,,,,,,,,,,,,,,,,,,,,,,,,,,,,,,,
,,,,,,,,,,,,,,,,,,,,,,,,,,,,,,,,,,,,
,,,,,,,,,,,,,,,,,,,,,,,,,,,,,,,,,,,,
,,,,,,,,,,,,,,,,,,,,,,,,,,,,,,,,,,,,
,,,,,,,,,,,,,,,,,,,,,,,,,,,,,,,,,,,,
,,,,,,,,,,,,,,,,,,,,,,,,,,,,,,,,,,,,
,,,,,,,,,,,,,,,,,,,,,,,,,,,,,,,,,,,,
,,,,,,,,,,,,,,,,,,,,,,,,,,,,,,,,,,,,
,,,,,,,,,,,,,,,,,,,,,,,,,,,,,,,,,,,,
,,,,,,,,,,,,,,,,,,,,,,,,,,,,,,,,,,,,
,,,,,,,,,,,,,,,,,,,,,,,,,,,,,,,,,,,,
,,,,,,,,,,,,,,,,,,,,,,,,,,,,,,,,,,,,
,,,,,,,,,,,,,,,,,,,,,,,,,,,,,,,,,,,,
,,,,,,,,,,,,,,,,,,,,,,,,,,,,,,,,,,,,
,,,,,,,,,,,,,,,,,,,,,,,,,,,,,,,,,,,,
,,,,,,,,,,,,,,,,,,,,,,,,,,,,,,,,,,,,
,,,,,,,,,,,,,,,,,,,,,,,,,,,,,,,,,,,,
,,,,,,,,,,,,,,,,,,,,,,,,,,,,,,,,,,,,
,,,,,,,,,,,,,,,,,,,,,,,,,,,,,,,,,,,,
,,,,,,,,,,,,,,,,,,,,,,,,,,,,,,,,,,,,
,,,,,,,,,,,,,,,,,,,,,,,,,,,,,,,,,,,,
,,,,,,,,,,,,,,,,,,,,,,,,,,,,,,,,,,,,
,,,,,,,,,,,,,,,,,,,,,,,,,,,,,,,,,,,,
,,,,,,,,,,,,,,,,,,,,,,,,,,,,,,,,,,,,
,,,,,,,,,,,,,,,,,,,,,,,,,,,,,,,,,,,,
,,,,,,,,,,,,,,,,,,,,,,,,,,,,,,,,,,,,
,,,,,,,,,,,,,,,,,,,,,,,,,,,,,,,,,,,,
,,,,,,,,,,,,,,,,,,,,,,,,,,,,,,,,,,,,
,,,,,,,,,,,,,,,,,,,,,,,,,,,,,,,,,,,,
,,,,,,,,,,,,,,,,,,,,,,,,,,,,,,,,,,,,
,,,,,,,,,,,,,,,,,,,,,,,,,,,,,,,,,,,,
,,,,,,,,,,,,,,,,,,,,,,,,,,,,,,,,,,,,
,,,,,,,,,,,,,,,,,,,,,,,,,,,,,,,,,,,,
,,,,,,,,,,,,,,,,,,,,,,,,,,,,,,,,,,,,
,,,,,,,,,,,,,,,,,,,,,,,,,,,,,,,,,,,,
,,,,,,,,,,,,,,,,,,,,,,,,,,,,,,,,,,,,
,,,,,,,,,,,,,,,,,,,,,,,,,,,,,,,,,,,,
,,,,,,,,,,,,,,,,,,,,,,,,,,,,,,,,,,,,
,,,,,,,,,,,,,,,,,,,,,,,,,,,,,,,,,,,,
,,,,,,,,,,,,,,,,,,,,,,,,,,,,,,,,,,,,
,,,,,,,,,,,,,,,,,,,,,,,,,,,,,,,,,,,,
,,,,,,,,,,,,,,,,,,,,,,,,,,,,,,,,,,,,
,,,,,,,,,,,,,,,,,,,,,,,,,,,,,,,,,,,,
,,,,,,,,,,,,,,,,,,,,,,,,,,,,,,,,,,,,
,,,,,,,,,,,,,,,,,,,,,,,,,,,,,,,,,,,,
,,,,,,,,,,,,,,,,,,,,,,,,,,,,,,,,,,,,
,,,,,,,,,,,,,,,,,,,,,,,,,,,,,,,,,,,,
,,,,,,,,,,,,,,,,,,,,,,,,,,,,,,,,,,,,
,,,,,,,,,,,,,,,,,,,,,,,,,,,,,,,,,,,,
,,,,,,,,,,,,,,,,,,,,,,,,,,,,,,,,,,,,
,,,,,,,,,,,,,,,,,,,,,,,,,,,,,,,,,,,,
,,,,,,,,,,,,,,,,,,,,,,,,,,,,,,,,,,,,
,,,,,,,,,,,,,,,,,,,,,,,,,,,,,,,,,,,,
,,,,,,,,,,,,,,,,,,,,,,,,,,,,,,,,,,,,
,,,,,,,,,,,,,,,,,,,,,,,,,,,,,,,,,,,,
,,,,,,,,,,,,,,,,,,,,,,,,,,,,,,,,,,,,
,,,,,,,,,,,,,,,,,,,,,,,,,,,,,,,,,,,,
,,,,,,,,,,,,,,,,,,,,,,,,,,,,,,,,,,,,
,,,,,,,,,,,,,,,,,,,,,,,,,,,,,,,,,,,,
,,,,,,,,,,,,,,,,,,,,,,,,,,,,,,,,,,,,
,,,,,,,,,,,,,,,,,,,,,,,,,,,,,,,,,,,,
,,,,,,,,,,,,,,,,,,,,,,,,,,,,,,,,,,,,
,,,,,,,,,,,,,,,,,,,,,,,,,,,,,,,,,,,,
,,,,,,,,,,,,,,,,,,,,,,,,,,,,,,,,,,,,
,,,,,,,,,,,,,,,,,,,,,,,,,,,,,,,,,,,,
,,,,,,,,,,,,,,,,,,,,,,,,,,,,,,,,,,,,
,,,,,,,,,,,,,,,,,,,,,,,,,,,,,,,,,,,,
,,,,,,,,,,,,,,,,,,,,,,,,,,,,,,,,,,,,
,,,,,,,,,,,,,,,,,,,,,,,,,,,,,,,,,,,,
,,,,,,,,,,,,,,,,,,,,,,,,,,,,,,,,,,,,
,,,,,,,,,,,,,,,,,,,,,,,,,,,,,,,,,,,,
,,,,,,,,,,,,,,,,,,,,,,,,,,,,,,,,,,,,
,,,,,,,,,,,,,,,,,,,,,,,,,,,,,,,,,,,,
,,,,,,,,,,,,,,,,,,,,,,,,,,,,,,,,,,,,
,,,,,,,,,,,,,,,,,,,,,,,,,,,,,,,,,,,,
,,,,,,,,,,,,,,,,,,,,,,,,,,,,,,,,,,,,
,,,,,,,,,,,,,,,,,,,,,,,,,,,,,,,,,,,,
,,,,,,,,,,,,,,,,,,,,,,,,,,,,,,,,,,,,
,,,,,,,,,,,,,,,,,,,,,,,,,,,,,,,,,,,,
,,,,,,,,,,,,,,,,,,,,,,,,,,,,,,,,,,,,
,,,,,,,,,,,,,,,,,,,,,,,,,,,,,,,,,,,,
,,,,,,,,,,,,,,,,,,,,,,,,,,,,,,,,,,,,
,,,,,,,,,,,,,,,,,,,,,,,,,,,,,,,,,,,,
,,,,,,,,,,,,,,,,,,,,,,,,,,,,,,,,,,,,
,,,,,,,,,,,,,,,,,,,,,,,,,,,,,,,,,,,,
,,,,,,,,,,,,,,,,,,,,,,,,,,,,,,,,,,,,
,,,,,,,,,,,,,,,,,,,,,,,,,,,,,,,,,,,,
,,,,,,,,,,,,,,,,,,,,,,,,,,,,,,,,,,,,
,,,,,,,,,,,,,,,,,,,,,,,,,,,,,,,,,,,,
,,,,,,,,,,,,,,,,,,,,,,,,,,,,,,,,,,,,
,,,,,,,,,,,,,,,,,,,,,,,,,,,,,,,,,,,,
,,,,,,,,,,,,,,,,,,,,,,,,,,,,,,,,,,,,
,,,,,,,,,,,,,,,,,,,,,,,,,,,,,,,,,,,,
,,,,,,,,,,,,,,,,,,,,,,,,,,,,,,,,,,,,
,,,,,,,,,,,,,,,,,,,,,,,,,,,,,,,,,,,,
,,,,,,,,,,,,,,,,,,,,,,,,,,,,,,,,,,,,
,,,,,,,,,,,,,,,,,,,,,,,,,,,,,,,,,,,,
,,,,,,,,,,,,,,,,,,,,,,,,,,,,,,,,,,,,
,,,,,,,,,,,,,,,,,,,,,,,,,,,,,,,,,,,,
,,,,,,,,,,,,,,,,,,,,,,,,,,,,,,,,,,,,
,,,,,,,,,,,,,,,,,,,,,,,,,,,,,,,,,,,,
,,,,,,,,,,,,,,,,,,,,,,,,,,,,,,,,,,,,
,,,,,,,,,,,,,,,,,,,,,,,,,,,,,,,,,,,,
,,,,,,,,,,,,,,,,,,,,,,,,,,,,,,,,,,,,
,,,,,,,,,,,,,,,,,,,,,,,,,,,,,,,,,,,,
,,,,,,,,,,,,,,,,,,,,,,,,,,,,,,,,,,,,
,,,,,,,,,,,,,,,,,,,,,,,,,,,,,,,,,,,,
,,,,,,,,,,,,,,,,,,,,,,,,,,,,,,,,,,,,
,,,,,,,,,,,,,,,,,,,,,,,,,,,,,,,,,,,,
,,,,,,,,,,,,,,,,,,,,,,,,,,,,,,,,,,,,
,,,,,,,,,,,,,,,,,,,,,,,,,,,,,,,,,,,,
,,,,,,,,,,,,,,,,,,,,,,,,,,,,,,,,,,,,
,,,,,,,,,,,,,,,,,,,,,,,,,,,,,,,,,,,,
,,,,,,,,,,,,,,,,,,,,,,,,,,,,,,,,,,,,
,,,,,,,,,,,,,,,,,,,,,,,,,,,,,,,,,,,,
,,,,,,,,,,,,,,,,,,,,,,,,,,,,,,,,,,,,
,,,,,,,,,,,,,,,,,,,,,,,,,,,,,,,,,,,,
,,,,,,,,,,,,,,,,,,,,,,,,,,,,,,,,,,,,
,,,,,,,,,,,,,,,,,,,,,,,,,,,,,,,,,,,,
,,,,,,,,,,,,,,,,,,,,,,,,,,,,,,,,,,,,
,,,,,,,,,,,,,,,,,,,,,,,,,,,,,,,,,,,,
,,,,,,,,,,,,,,,,,,,,,,,,,,,,,,,,,,,,
,,,,,,,,,,,,,,,,,,,,,,,,,,,,,,,,,,,,
,,,,,,,,,,,,,,,,,,,,,,,,,,,,,,,,,,,,
,,,,,,,,,,,,,,,,,,,,,,,,,,,,,,,,,,,,
,,,,,,,,,,,,,,,,,,,,,,,,,,,,,,,,,,,,
,,,,,,,,,,,,,,,,,,,,,,,,,,,,,,,,,,,,
,,,,,,,,,,,,,,,,,,,,,,,,,,,,,,,,,,,,
,,,,,,,,,,,,,,,,,,,,,,,,,,,,,,,,,,,,
,,,,,,,,,,,,,,,,,,,,,,,,,,,,,,,,,,,,
,,,,,,,,,,,,,,,,,,,,,,,,,,,,,,,,,,,,
,,,,,,,,,,,,,,,,,,,,,,,,,,,,,,,,,,,,
,,,,,,,,,,,,,,,,,,,,,,,,,,,,,,,,,,,,
,,,,,,,,,,,,,,,,,,,,,,,,,,,,,,,,,,,,
,,,,,,,,,,,,,,,,,,,,,,,,,,,,,,,,,,,,
,,,,,,,,,,,,,,,,,,,,,,,,,,,,,,,,,,,,
,,,,,,,,,,,,,,,,,,,,,,,,,,,,,,,,,,,,
,,,,,,,,,,,,,,,,,,,,,,,,,,,,,,,,,,,,
,,,,,,,,,,,,,,,,,,,,,,,,,,,,,,,,,,,,
,,,,,,,,,,,,,,,,,,,,,,,,,,,,,,,,,,,,
,,,,,,,,,,,,,,,,,,,,,,,,,,,,,,,,,,,,
,,,,,,,,,,,,,,,,,,,,,,,,,,,,,,,,,,,,
,,,,,,,,,,,,,,,,,,,,,,,,,,,,,,,,,,,,
,,,,,,,,,,,,,,,,,,,,,,,,,,,,,,,,,,,,
,,,,,,,,,,,,,,,,,,,,,,,,,,,,,,,,,,,,
,,,,,,,,,,,,,,,,,,,,,,,,,,,,,,,,,,,,
,,,,,,,,,,,,,,,,,,,,,,,,,,,,,,,,,,,,
,,,,,,,,,,,,,,,,,,,,,,,,,,,,,,,,,,,,
,,,,,,,,,,,,,,,,,,,,,,,,,,,,,,,,,,,,
,,,,,,,,,,,,,,,,,,,,,,,,,,,,,,,,,,,,
,,,,,,,,,,,,,,,,,,,,,,,,,,,,,,,,,,,,
,,,,,,,,,,,,,,,,,,,,,,,,,,,,,,,,,,,,
,,,,,,,,,,,,,,,,,,,,,,,,,,,,,,,,,,,,
,,,,,,,,,,,,,,,,,,,,,,,,,,,,,,,,,,,,
,,,,,,,,,,,,,,,,,,,,,,,,,,,,,,,,,,,,
,,,,,,,,,,,,,,,,,,,,,,,,,,,,,,,,,,,,
,,,,,,,,,,,,,,,,,,,,,,,,,,,,,,,,,,,,
,,,,,,,,,,,,,,,,,,,,,,,,,,,,,,,,,,,,
,,,,,,,,,,,,,,,,,,,,,,,,,,,,,,,,,,,,
,,,,,,,,,,,,,,,,,,,,,,,,,,,,,,,,,,,,
,,,,,,,,,,,,,,,,,,,,,,,,,,,,,,,,,,,,
,,,,,,,,,,,,,,,,,,,,,,,,,,,,,,,,,,,,
,,,,,,,,,,,,,,,,,,,,,,,,,,,,,,,,,,,,
,,,,,,,,,,,,,,,,,,,,,,,,,,,,,,,,,,,,
,,,,,,,,,,,,,,,,,,,,,,,,,,,,,,,,,,,,
,,,,,,,,,,,,,,,,,,,,,,,,,,,,,,,,,,,,
,,,,,,,,,,,,,,,,,,,,,,,,,,,,,,,,,,,,
,,,,,,,,,,,,,,,,,,,,,,,,,,,,,,,,,,,,
,,,,,,,,,,,,,,,,,,,,,,,,,,,,,,,,,,,,
,,,,,,,,,,,,,,,,,,,,,,,,,,,,,,,,,,,,
,,,,,,,,,,,,,,,,,,,,,,,,,,,,,,,,,,,,
,,,,,,,,,,,,,,,,,,,,,,,,,,,,,,,,,,,,
,,,,,,,,,,,,,,,,,,,,,,,,,,,,,,,,,,,,
,,,,,,,,,,,,,,,,,,,,,,,,,,,,,,,,,,,,
,,,,,,,,,,,,,,,,,,,,,,,,,,,,,,,,,,,,
,,,,,,,,,,,,,,,,,,,,,,,,,,,,,,,,,,,,
,,,,,,,,,,,,,,,,,,,,,,,,,,,,,,,,,,,,
,,,,,,,,,,,,,,,,,,,,,,,,,,,,,,,,,,,,
,,,,,,,,,,,,,,,,,,,,,,,,,,,,,,,,,,,,
,,,,,,,,,,,,,,,,,,,,,,,,,,,,,,,,,,,,
,,,,,,,,,,,,,,,,,,,,,,,,,,,,,,,,,,,,
,,,,,,,,,,,,,,,,,,,,,,,,,,,,,,,,,,,,
,,,,,,,,,,,,,,,,,,,,,,,,,,,,,,,,,,,,
,,,,,,,,,,,,,,,,,,,,,,,,,,,,,,,,,,,,
,,,,,,,,,,,,,,,,,,,,,,,,,,,,,,,,,,,,
,,,,,,,,,,,,,,,,,,,,,,,,,,,,,,,,,,,,
,,,,,,,,,,,,,,,,,,,,,,,,,,,,,,,,,,,,
,,,,,,,,,,,,,,,,,,,,,,,,,,,,,,,,,,,,
,,,,,,,,,,,,,,,,,,,,,,,,,,,,,,,,,,,,
,,,,,,,,,,,,,,,,,,,,,,,,,,,,,,,,,,,,
,,,,,,,,,,,,,,,,,,,,,,,,,,,,,,,,,,,,
,,,,,,,,,,,,,,,,,,,,,,,,,,,,,,,,,,,,
,,,,,,,,,,,,,,,,,,,,,,,,,,,,,,,,,,,,
,,,,,,,,,,,,,,,,,,,,,,,,,,,,,,,,,,,,
,,,,,,,,,,,,,,,,,,,,,,,,,,,,,,,,,,,,
,,,,,,,,,,,,,,,,,,,,,,,,,,,,,,,,,,,,
,,,,,,,,,,,,,,,,,,,,,,,,,,,,,,,,,,,,
,,,,,,,,,,,,,,,,,,,,,,,,,,,,,,,,,,,,
,,,,,,,,,,,,,,,,,,,,,,,,,,,,,,,,,,,,
,,,,,,,,,,,,,,,,,,,,,,,,,,,,,,,,,,,,
,,,,,,,,,,,,,,,,,,,,,,,,,,,,,,,,,,,,
,,,,,,,,,,,,,,,,,,,,,,,,,,,,,,,,,,,,
,,,,,,,,,,,,,,,,,,,,,,,,,,,,,,,,,,,,
,,,,,,,,,,,,,,,,,,,,,,,,,,,,,,,,,,,,
,,,,,,,,,,,,,,,,,,,,,,,,,,,,,,,,,,,,
,,,,,,,,,,,,,,,,,,,,,,,,,,,,,,,,,,,,
,,,,,,,,,,,,,,,,,,,,,,,,,,,,,,,,,,,,
,,,,,,,,,,,,,,,,,,,,,,,,,,,,,,,,,,,,
,,,,,,,,,,,,,,,,,,,,,,,,,,,,,,,,,,,,
,,,,,,,,,,,,,,,,,,,,,,,,,,,,,,,,,,,,
,,,,,,,,,,,,,,,,,,,,,,,,,,,,,,,,,,,,
,,,,,,,,,,,,,,,,,,,,,,,,,,,,,,,,,,,,
,,,,,,,,,,,,,,,,,,,,,,,,,,,,,,,,,,,,
,,,,,,,,,,,,,,,,,,,,,,,,,,,,,,,,,,,,
,,,,,,,,,,,,,,,,,,,,,,,,,,,,,,,,,,,,
,,,,,,,,,,,,,,,,,,,,,,,,,,,,,,,,,,,,
,,,,,,,,,,,,,,,,,,,,,,,,,,,,,,,,,,,,
,,,,,,,,,,,,,,,,,,,,,,,,,,,,,,,,,,,,
,,,,,,,,,,,,,,,,,,,,,,,,,,,,,,,,,,,,
,,,,,,,,,,,,,,,,,,,,,,,,,,,,,,,,,,,,
,,,,,,,,,,,,,,,,,,,,,,,,,,,,,,,,,,,,
,,,,,,,,,,,,,,,,,,,,,,,,,,,,,,,,,,,,
,,,,,,,,,,,,,,,,,,,,,,,,,,,,,,,,,,,,
,,,,,,,,,,,,,,,,,,,,,,,,,,,,,,,,,,,,
,,,,,,,,,,,,,,,,,,,,,,,,,,,,,,,,,,,,
,,,,,,,,,,,,,,,,,,,,,,,,,,,,,,,,,,,,
,,,,,,,,,,,,,,,,,,,,,,,,,,,,,,,,,,,,
,,,,,,,,,,,,,,,,,,,,,,,,,,,,,,,,,,,,
,,,,,,,,,,,,,,,,,,,,,,,,,,,,,,,,,,,,
,,,,,,,,,,,,,,,,,,,,,,,,,,,,,,,,,,,,
,,,,,,,,,,,,,,,,,,,,,,,,,,,,,,,,,,,,
,,,,,,,,,,,,,,,,,,,,,,,,,,,,,,,,,,,,
,,,,,,,,,,,,,,,,,,,,,,,,,,,,,,,,,,,,
,,,,,,,,,,,,,,,,,,,,,,,,,,,,,,,,,,,,
,,,,,,,,,,,,,,,,,,,,,,,,,,,,,,,,,,,,
,,,,,,,,,,,,,,,,,,,,,,,,,,,,,,,,,,,,
,,,,,,,,,,,,,,,,,,,,,,,,,,,,,,,,,,,,
,,,,,,,,,,,,,,,,,,,,,,,,,,,,,,,,,,,,
,,,,,,,,,,,,,,,,,,,,,,,,,,,,,,,,,,,,
,,,,,,,,,,,,,,,,,,,,,,,,,,,,,,,,,,,,
,,,,,,,,,,,,,,,,,,,,,,,,,,,,,,,,,,,,
,,,,,,,,,,,,,,,,,,,,,,,,,,,,,,,,,,,,
,,,,,,,,,,,,,,,,,,,,,,,,,,,,,,,,,,,,
,,,,,,,,,,,,,,,,,,,,,,,,,,,,,,,,,,,,
,,,,,,,,,,,,,,,,,,,,,,,,,,,,,,,,,,,,
,,,,,,,,,,,,,,,,,,,,,,,,,,,,,,,,,,,,
,,,,,,,,,,,,,,,,,,,,,,,,,,,,,,,,,,,,
,,,,,,,,,,,,,,,,,,,,,,,,,,,,,,,,,,,,
,,,,,,,,,,,,,,,,,,,,,,,,,,,,,,,,,,,,
,,,,,,,,,,,,,,,,,,,,,,,,,,,,,,,,,,,,
,,,,,,,,,,,,,,,,,,,,,,,,,,,,,,,,,,,,
,,,,,,,,,,,,,,,,,,,,,,,,,,,,,,,,,,,,
,,,,,,,,,,,,,,,,,,,,,,,,,,,,,,,,,,,,
,,,,,,,,,,,,,,,,,,,,,,,,,,,,,,,,,,,,
,,,,,,,,,,,,,,,,,,,,,,,,,,,,,,,,,,,,
,,,,,,,,,,,,,,,,,,,,,,,,,,,,,,,,,,,,
,,,,,,,,,,,,,,,,,,,,,,,,,,,,,,,,,,,,
,,,,,,,,,,,,,,,,,,,,,,,,,,,,,,,,,,,,
,,,,,,,,,,,,,,,,,,,,,,,,,,,,,,,,,,,,
,,,,,,,,,,,,,,,,,,,,,,,,,,,,,,,,,,,,
,,,,,,,,,,,,,,,,,,,,,,,,,,,,,,,,,,,,
,,,,,,,,,,,,,,,,,,,,,,,,,,,,,,,,,,,,
,,,,,,,,,,,,,,,,,,,,,,,,,,,,,,,,,,,,
,,,,,,,,,,,,,,,,,,,,,,,,,,,,,,,,,,,,
,,,,,,,,,,,,,,,,,,,,,,,,,,,,,,,,,,,,
,,,,,,,,,,,,,,,,,,,,,,,,,,,,,,,,,,,,
,,,,,,,,,,,,,,,,,,,,,,,,,,,,,,,,,,,,
,,,,,,,,,,,,,,,,,,,,,,,,,,,,,,,,,,,,
,,,,,,,,,,,,,,,,,,,,,,,,,,,,,,,,,,,,
,,,,,,,,,,,,,,,,,,,,,,,,,,,,,,,,,,,,
,,,,,,,,,,,,,,,,,,,,,,,,,,,,,,,,,,,,
,,,,,,,,,,,,,,,,,,,,,,,,,,,,,,,,,,,,
,,,,,,,,,,,,,,,,,,,,,,,,,,,,,,,,,,,,
,,,,,,,,,,,,,,,,,,,,,,,,,,,,,,,,,,,,
,,,,,,,,,,,,,,,,,,,,,,,,,,,,,,,,,,,,
,,,,,,,,,,,,,,,,,,,,,,,,,,,,,,,,,,,,
,,,,,,,,,,,,,,,,,,,,,,,,,,,,,,,,,,,,
,,,,,,,,,,,,,,,,,,,,,,,,,,,,,,,,,,,,
,,,,,,,,,,,,,,,,,,,,,,,,,,,,,,,,,,,,
,,,,,,,,,,,,,,,,,,,,,,,,,,,,,,,,,,,,
,,,,,,,,,,,,,,,,,,,,,,,,,,,,,,,,,,,,
,,,,,,,,,,,,,,,,,,,,,,,,,,,,,,,,,,,,
,,,,,,,,,,,,,,,,,,,,,,,,,,,,,,,,,,,,
,,,,,,,,,,,,,,,,,,,,,,,,,,,,,,,,,,,,
,,,,,,,,,,,,,,,,,,,,,,,,,,,,,,,,,,,,
,,,,,,,,,,,,,,,,,,,,,,,,,,,,,,,,,,,,
,,,,,,,,,,,,,,,,,,,,,,,,,,,,,,,,,,,,
,,,,,,,,,,,,,,,,,,,,,,,,,,,,,,,,,,,,
,,,,,,,,,,,,,,,,,,,,,,,,,,,,,,,,,,,,
,,,,,,,,,,,,,,,,,,,,,,,,,,,,,,,,,,,,
,,,,,,,,,,,,,,,,,,,,,,,,,,,,,,,,,,,,
,,,,,,,,,,,,,,,,,,,,,,,,,,,,,,,,,,,,
,,,,,,,,,,,,,,,,,,,,,,,,,,,,,,,,,,,,
,,,,,,,,,,,,,,,,,,,,,,,,,,,,,,,,,,,,
,,,,,,,,,,,,,,,,,,,,,,,,,,,,,,,,,,,,
,,,,,,,,,,,,,,,,,,,,,,,,,,,,,,,,,,,,
,,,,,,,,,,,,,,,,,,,,,,,,,,,,,,,,,,,,
,,,,,,,,,,,,,,,,,,,,,,,,,,,,,,,,,,,,
,,,,,,,,,,,,,,,,,,,,,,,,,,,,,,,,,,,,
,,,,,,,,,,,,,,,,,,,,,,,,,,,,,,,,,,,,
,,,,,,,,,,,,,,,,,,,,,,,,,,,,,,,,,,,,
,,,,,,,,,,,,,,,,,,,,,,,,,,,,,,,,,,,,
,,,,,,,,,,,,,,,,,,,,,,,,,,,,,,,,,,,,
,,,,,,,,,,,,,,,,,,,,,,,,,,,,,,,,,,,,
,,,,,,,,,,,,,,,,,,,,,,,,,,,,,,,,,,,,
,,,,,,,,,,,,,,,,,,,,,,,,,,,,,,,,,,,,
,,,,,,,,,,,,,,,,,,,,,,,,,,,,,,,,,,,,
,,,,,,,,,,,,,,,,,,,,,,,,,,,,,,,,,,,,
,,,,,,,,,,,,,,,,,,,,,,,,,,,,,,,,,,,,
,,,,,,,,,,,,,,,,,,,,,,,,,,,,,,,,,,,,
,,,,,,,,,,,,,,,,,,,,,,,,,,,,,,,,,,,,
,,,,,,,,,,,,,,,,,,,,,,,,,,,,,,,,,,,,
,,,,,,,,,,,,,,,,,,,,,,,,,,,,,,,,,,,,
,,,,,,,,,,,,,,,,,,,,,,,,,,,,,,,,,,,,
,,,,,,,,,,,,,,,,,,,,,,,,,,,,,,,,,,,,
,,,,,,,,,,,,,,,,,,,,,,,,,,,,,,,,,,,,
,,,,,,,,,,,,,,,,,,,,,,,,,,,,,,,,,,,,
,,,,,,,,,,,,,,,,,,,,,,,,,,,,,,,,,,,,
,,,,,,,,,,,,,,,,,,,,,,,,,,,,,,,,,,,,
,,,,,,,,,,,,,,,,,,,,,,,,,,,,,,,,,,,,
,,,,,,,,,,,,,,,,,,,,,,,,,,,,,,,,,,,,
,,,,,,,,,,,,,,,,,,,,,,,,,,,,,,,,,,,,
,,,,,,,,,,,,,,,,,,,,,,,,,,,,,,,,,,,,
,,,,,,,,,,,,,,,,,,,,,,,,,,,,,,,,,,,,
,,,,,,,,,,,,,,,,,,,,,,,,,,,,,,,,,,,,
,,,,,,,,,,,,,,,,,,,,,,,,,,,,,,,,,,,,
,,,,,,,,,,,,,,,,,,,,,,,,,,,,,,,,,,,,
,,,,,,,,,,,,,,,,,,,,,,,,,,,,,,,,,,,,
,,,,,,,,,,,,,,,,,,,,,,,,,,,,,,,,,,,,
,,,,,,,,,,,,,,,,,,,,,,,,,,,,,,,,,,,,
,,,,,,,,,,,,,,,,,,,,,,,,,,,,,,,,,,,,
,,,,,,,,,,,,,,,,,,,,,,,,,,,,,,,,,,,,
,,,,,,,,,,,,,,,,,,,,,,,,,,,,,,,,,,,,
,,,,,,,,,,,,,,,,,,,,,,,,,,,,,,,,,,,,
,,,,,,,,,,,,,,,,,,,,,,,,,,,,,,,,,,,,
,,,,,,,,,,,,,,,,,,,,,,,,,,,,,,,,,,,,
,,,,,,,,,,,,,,,,,,,,,,,,,,,,,,,,,,,,
,,,,,,,,,,,,,,,,,,,,,,,,,,,,,,,,,,,,
,,,,,,,,,,,,,,,,,,,,,,,,,,,,,,,,,,,,
,,,,,,,,,,,,,,,,,,,,,,,,,,,,,,,,,,,,
,,,,,,,,,,,,,,,,,,,,,,,,,,,,,,,,,,,,
,,,,,,,,,,,,,,,,,,,,,,,,,,,,,,,,,,,,
,,,,,,,,,,,,,,,,,,,,,,,,,,,,,,,,,,,,
,,,,,,,,,,,,,,,,,,,,,,,,,,,,,,,,,,,,
,,,,,,,,,,,,,,,,,,,,,,,,,,,,,,,,,,,,
,,,,,,,,,,,,,,,,,,,,,,,,,,,,,,,,,,,,
,,,,,,,,,,,,,,,,,,,,,,,,,,,,,,,,,,,,
,,,,,,,,,,,,,,,,,,,,,,,,,,,,,,,,,,,,
,,,,,,,,,,,,,,,,,,,,,,,,,,,,,,,,,,,,
,,,,,,,,,,,,,,,,,,,,,,,,,,,,,,,,,,,,
,,,,,,,,,,,,,,,,,,,,,,,,,,,,,,,,,,,,
,,,,,,,,,,,,,,,,,,,,,,,,,,,,,,,,,,,,
,,,,,,,,,,,,,,,,,,,,,,,,,,,,,,,,,,,,
,,,,,,,,,,,,,,,,,,,,,,,,,,,,,,,,,,,,
,,,,,,,,,,,,,,,,,,,,,,,,,,,,,,,,,,,,
,,,,,,,,,,,,,,,,,,,,,,,,,,,,,,,,,,,,
,,,,,,,,,,,,,,,,,,,,,,,,,,,,,,,,,,,,
,,,,,,,,,,,,,,,,,,,,,,,,,,,,,,,,,,,,
,,,,,,,,,,,,,,,,,,,,,,,,,,,,,,,,,,,,
,,,,,,,,,,,,,,,,,,,,,,,,,,,,,,,,,,,,
,,,,,,,,,,,,,,,,,,,,,,,,,,,,,,,,,,,,
,,,,,,,,,,,,,,,,,,,,,,,,,,,,,,,,,,,,
,,,,,,,,,,,,,,,,,,,,,,,,,,,,,,,,,,,,
,,,,,,,,,,,,,,,,,,,,,,,,,,,,,,,,,,,,
,,,,,,,,,,,,,,,,,,,,,,,,,,,,,,,,,,,,
,,,,,,,,,,,,,,,,,,,,,,,,,,,,,,,,,,,,
,,,,,,,,,,,,,,,,,,,,,,,,,,,,,,,,,,,,
,,,,,,,,,,,,,,,,,,,,,,,,,,,,,,,,,,,,
,,,,,,,,,,,,,,,,,,,,,,,,,,,,,,,,,,,,
,,,,,,,,,,,,,,,,,,,,,,,,,,,,,,,,,,,,
,,,,,,,,,,,,,,,,,,,,,,,,,,,,,,,,,,,,
,,,,,,,,,,,,,,,,,,,,,,,,,,,,,,,,,,,,
,,,,,,,,,,,,,,,,,,,,,,,,,,,,,,,,,,,,
,,,,,,,,,,,,,,,,,,,,,,,,,,,,,,,,,,,,
,,,,,,,,,,,,,,,,,,,,,,,,,,,,,,,,,,,,
,,,,,,,,,,,,,,,,,,,,,,,,,,,,,,,,,,,,
,,,,,,,,,,,,,,,,,,,,,,,,,,,,,,,,,,,,
,,,,,,,,,,,,,,,,,,,,,,,,,,,,,,,,,,,,
,,,,,,,,,,,,,,,,,,,,,,,,,,,,,,,,,,,,
,,,,,,,,,,,,,,,,,,,,,,,,,,,,,,,,,,,,
,,,,,,,,,,,,,,,,,,,,,,,,,,,,,,,,,,,,
,,,,,,,,,,,,,,,,,,,,,,,,,,,,,,,,,,,,
,,,,,,,,,,,,,,,,,,,,,,,,,,,,,,,,,,,,
,,,,,,,,,,,,,,,,,,,,,,,,,,,,,,,,,,,,
,,,,,,,,,,,,,,,,,,,,,,,,,,,,,,,,,,,,
,,,,,,,,,,,,,,,,,,,,,,,,,,,,,,,,,,,,
,,,,,,,,,,,,,,,,,,,,,,,,,,,,,,,,,,,,
,,,,,,,,,,,,,,,,,,,,,,,,,,,,,,,,,,,,
,,,,,,,,,,,,,,,,,,,,,,,,,,,,,,,,,,,,
,,,,,,,,,,,,,,,,,,,,,,,,,,,,,,,,,,,,
,,,,,,,,,,,,,,,,,,,,,,,,,,,,,,,,,,,,
,,,,,,,,,,,,,,,,,,,,,,,,,,,,,,,,,,,,
,,,,,,,,,,,,,,,,,,,,,,,,,,,,,,,,,,,,
,,,,,,,,,,,,,,,,,,,,,,,,,,,,,,,,,,,,
,,,,,,,,,,,,,,,,,,,,,,,,,,,,,,,,,,,,
,,,,,,,,,,,,,,,,,,,,,,,,,,,,,,,,,,,,
,,,,,,,,,,,,,,,,,,,,,,,,,,,,,,,,,,,,
,,,,,,,,,,,,,,,,,,,,,,,,,,,,,,,,,,,,
,,,,,,,,,,,,,,,,,,,,,,,,,,,,,,,,,,,,
,,,,,,,,,,,,,,,,,,,,,,,,,,,,,,,,,,,,
,,,,,,,,,,,,,,,,,,,,,,,,,,,,,,,,,,,,
,,,,,,,,,,,,,,,,,,,,,,,,,,,,,,,,,,,,
,,,,,,,,,,,,,,,,,,,,,,,,,,,,,,,,,,,,
,,,,,,,,,,,,,,,,,,,,,,,,,,,,,,,,,,,,
,,,,,,,,,,,,,,,,,,,,,,,,,,,,,,,,,,,,
,,,,,,,,,,,,,,,,,,,,,,,,,,,,,,,,,,,,
,,,,,,,,,,,,,,,,,,,,,,,,,,,,,,,,,,,,
,,,,,,,,,,,,,,,,,,,,,,,,,,,,,,,,,,,,
,,,,,,,,,,,,,,,,,,,,,,,,,,,,,,,,,,,,
,,,,,,,,,,,,,,,,,,,,,,,,,,,,,,,,,,,,
,,,,,,,,,,,,,,,,,,,,,,,,,,,,,,,,,,,,
,,,,,,,,,,,,,,,,,,,,,,,,,,,,,,,,,,,,
,,,,,,,,,,,,,,,,,,,,,,,,,,,,,,,,,,,,
,,,,,,,,,,,,,,,,,,,,,,,,,,,,,,,,,,,,
,,,,,,,,,,,,,,,,,,,,,,,,,,,,,,,,,,,,
,,,,,,,,,,,,,,,,,,,,,,,,,,,,,,,,,,,,
,,,,,,,,,,,,,,,,,,,,,,,,,,,,,,,,,,,,
,,,,,,,,,,,,,,,,,,,,,,,,,,,,,,,,,,,,
,,,,,,,,,,,,,,,,,,,,,,,,,,,,,,,,,,,,
,,,,,,,,,,,,,,,,,,,,,,,,,,,,,,,,,,,,
,,,,,,,,,,,,,,,,,,,,,,,,,,,,,,,,,,,,
,,,,,,,,,,,,,,,,,,,,,,,,,,,,,,,,,,,,
,,,,,,,,,,,,,,,,,,,,,,,,,,,,,,,,,,,,
,,,,,,,,,,,,,,,,,,,,,,,,,,,,,,,,,,,,
,,,,,,,,,,,,,,,,,,,,,,,,,,,,,,,,,,,,
,,,,,,,,,,,,,,,,,,,,,,,,,,,,,,,,,,,,
,,,,,,,,,,,,,,,,,,,,,,,,,,,,,,,,,,,,
,,,,,,,,,,,,,,,,,,,,,,,,,,,,,,,,,,,,
,,,,,,,,,,,,,,,,,,,,,,,,,,,,,,,,,,,,
,,,,,,,,,,,,,,,,,,,,,,,,,,,,,,,,,,,,
,,,,,,,,,,,,,,,,,,,,,,,,,,,,,,,,,,,,
,,,,,,,,,,,,,,,,,,,,,,,,,,,,,,,,,,,,
,,,,,,,,,,,,,,,,,,,,,,,,,,,,,,,,,,,,
,,,,,,,,,,,,,,,,,,,,,,,,,,,,,,,,,,,,
,,,,,,,,,,,,,,,,,,,,,,,,,,,,,,,,,,,,
,,,,,,,,,,,,,,,,,,,,,,,,,,,,,,,,,,,,
,,,,,,,,,,,,,,,,,,,,,,,,,,,,,,,,,,,,
,,,,,,,,,,,,,,,,,,,,,,,,,,,,,,,,,,,,
,,,,,,,,,,,,,,,,,,,,,,,,,,,,,,,,,,,,
,,,,,,,,,,,,,,,,,,,,,,,,,,,,,,,,,,,,
,,,,,,,,,,,,,,,,,,,,,,,,,,,,,,,,,,,,
,,,,,,,,,,,,,,,,,,,,,,,,,,,,,,,,,,,,
,,,,,,,,,,,,,,,,,,,,,,,,,,,,,,,,,,,,
,,,,,,,,,,,,,,,,,,,,,,,,,,,,,,,,,,,,
,,,,,,,,,,,,,,,,,,,,,,,,,,,,,,,,,,,,
,,,,,,,,,,,,,,,,,,,,,,,,,,,,,,,,,,,,
,,,,,,,,,,,,,,,,,,,,,,,,,,,,,,,,,,,,
,,,,,,,,,,,,,,,,,,,,,,,,,,,,,,,,,,,,
,,,,,,,,,,,,,,,,,,,,,,,,,,,,,,,,,,,,
,,,,,,,,,,,,,,,,,,,,,,,,,,,,,,,,,,,,
,,,,,,,,,,,,,,,,,,,,,,,,,,,,,,,,,,,,
,,,,,,,,,,,,,,,,,,,,,,,,,,,,,,,,,,,,
,,,,,,,,,,,,,,,,,,,,,,,,,,,,,,,,,,,,
,,,,,,,,,,,,,,,,,,,,,,,,,,,,,,,,,,,,
,,,,,,,,,,,,,,,,,,,,,,,,,,,,,,,,,,,,
,,,,,,,,,,,,,,,,,,,,,,,,,,,,,,,,,,,,
,,,,,,,,,,,,,,,,,,,,,,,,,,,,,,,,,,,,
,,,,,,,,,,,,,,,,,,,,,,,,,,,,,,,,,,,,
,,,,,,,,,,,,,,,,,,,,,,,,,,,,,,,,,,,,
,,,,,,,,,,,,,,,,,,,,,,,,,,,,,,,,,,,,
,,,,,,,,,,,,,,,,,,,,,,,,,,,,,,,,,,,,
,,,,,,,,,,,,,,,,,,,,,,,,,,,,,,,,,,,,
,,,,,,,,,,,,,,,,,,,,,,,,,,,,,,,,,,,,
,,,,,,,,,,,,,,,,,,,,,,,,,,,,,,,,,,,,
,,,,,,,,,,,,,,,,,,,,,,,,,,,,,,,,,,,,
,,,,,,,,,,,,,,,,,,,,,,,,,,,,,,,,,,,,
,,,,,,,,,,,,,,,,,,,,,,,,,,,,,,,,,,,,
,,,,,,,,,,,,,,,,,,,,,,,,,,,,,,,,,,,,
,,,,,,,,,,,,,,,,,,,,,,,,,,,,,,,,,,,,
,,,,,,,,,,,,,,,,,,,,,,,,,,,,,,,,,,,,
,,,,,,,,,,,,,,,,,,,,,,,,,,,,,,,,,,,,
,,,,,,,,,,,,,,,,,,,,,,,,,,,,,,,,,,,,
,,,,,,,,,,,,,,,,,,,,,,,,,,,,,,,,,,,,
,,,,,,,,,,,,,,,,,,,,,,,,,,,,,,,,,,,,
,,,,,,,,,,,,,,,,,,,,,,,,,,,,,,,,,,,,
,,,,,,,,,,,,,,,,,,,,,,,,,,,,,,,,,,,,
,,,,,,,,,,,,,,,,,,,,,,,,,,,,,,,,,,,,
,,,,,,,,,,,,,,,,,,,,,,,,,,,,,,,,,,,,
,,,,,,,,,,,,,,,,,,,,,,,,,,,,,,,,,,,,
,,,,,,,,,,,,,,,,,,,,,,,,,,,,,,,,,,,,
,,,,,,,,,,,,,,,,,,,,,,,,,,,,,,,,,,,,
,,,,,,,,,,,,,,,,,,,,,,,,,,,,,,,,,,,,
,,,,,,,,,,,,,,,,,,,,,,,,,,,,,,,,,,,,
,,,,,,,,,,,,,,,,,,,,,,,,,,,,,,,,,,,,
,,,,,,,,,,,,,,,,,,,,,,,,,,,,,,,,,,,,
,,,,,,,,,,,,,,,,,,,,,,,,,,,,,,,,,,,,
,,,,,,,,,,,,,,,,,,,,,,,,,,,,,,,,,,,,
,,,,,,,,,,,,,,,,,,,,,,,,,,,,,,,,,,,,
,,,,,,,,,,,,,,,,,,,,,,,,,,,,,,,,,,,,
,,,,,,,,,,,,,,,,,,,,,,,,,,,,,,,,,,,,
,,,,,,,,,,,,,,,,,,,,,,,,,,,,,,,,,,,,
,,,,,,,,,,,,,,,,,,,,,,,,,,,,,,,,,,,,
,,,,,,,,,,,,,,,,,,,,,,,,,,,,,,,,,,,,
,,,,,,,,,,,,,,,,,,,,,,,,,,,,,,,,,,,,
,,,,,,,,,,,,,,,,,,,,,,,,,,,,,,,,,,,,
,,,,,,,,,,,,,,,,,,,,,,,,,,,,,,,,,,,,
,,,,,,,,,,,,,,,,,,,,,,,,,,,,,,,,,,,,
,,,,,,,,,,,,,,,,,,,,,,,,,,,,,,,,,,,,
,,,,,,,,,,,,,,,,,,,,,,,,,,,,,,,,,,,,
,,,,,,,,,,,,,,,,,,,,,,,,,,,,,,,,,,,,
,,,,,,,,,,,,,,,,,,,,,,,,,,,,,,,,,,,,
,,,,,,,,,,,,,,,,,,,,,,,,,,,,,,,,,,,,
,,,,,,,,,,,,,,,,,,,,,,,,,,,,,,,,,,,,
,,,,,,,,,,,,,,,,,,,,,,,,,,,,,,,,,,,,
,,,,,,,,,,,,,,,,,,,,,,,,,,,,,,,,,,,,
,,,,,,,,,,,,,,,,,,,,,,,,,,,,,,,,,,,,
,,,,,,,,,,,,,,,,,,,,,,,,,,,,,,,,,,,,
,,,,,,,,,,,,,,,,,,,,,,,,,,,,,,,,,,,,
,,,,,,,,,,,,,,,,,,,,,,,,,,,,,,,,,,,,
,,,,,,,,,,,,,,,,,,,,,,,,,,,,,,,,,,,,
,,,,,,,,,,,,,,,,,,,,,,,,,,,,,,,,,,,,
,,,,,,,,,,,,,,,,,,,,,,,,,,,,,,,,,,,,
,,,,,,,,,,,,,,,,,,,,,,,,,,,,,,,,,,,,
,,,,,,,,,,,,,,,,,,,,,,,,,,,,,,,,,,,,
,,,,,,,,,,,,,,,,,,,,,,,,,,,,,,,,,,,,
,,,,,,,,,,,,,,,,,,,,,,,,,,,,,,,,,,,,
,,,,,,,,,,,,,,,,,,,,,,,,,,,,,,,,,,,,
,,,,,,,,,,,,,,,,,,,,,,,,,,,,,,,,,,,,
,,,,,,,,,,,,,,,,,,,,,,,,,,,,,,,,,,,,
,,,,,,,,,,,,,,,,,,,,,,,,,,,,,,,,,,,,
,,,,,,,,,,,,,,,,,,,,,,,,,,,,,,,,,,,,
,,,,,,,,,,,,,,,,,,,,,,,,,,,,,,,,,,,,
,,,,,,,,,,,,,,,,,,,,,,,,,,,,,,,,,,,,
,,,,,,,,,,,,,,,,,,,,,,,,,,,,,,,,,,,,
,,,,,,,,,,,,,,,,,,,,,,,,,,,,,,,,,,,,
,,,,,,,,,,,,,,,,,,,,,,,,,,,,,,,,,,,,
,,,,,,,,,,,,,,,,,,,,,,,,,,,,,,,,,,,,
,,,,,,,,,,,,,,,,,,,,,,,,,,,,,,,,,,,,
,,,,,,,,,,,,,,,,,,,,,,,,,,,,,,,,,,,,
,,,,,,,,,,,,,,,,,,,,,,,,,,,,,,,,,,,,
,,,,,,,,,,,,,,,,,,,,,,,,,,,,,,,,,,,,
,,,,,,,,,,,,,,,,,,,,,,,,,,,,,,,,,,,,
,,,,,,,,,,,,,,,,,,,,,,,,,,,,,,,,,,,,
,,,,,,,,,,,,,,,,,,,,,,,,,,,,,,,,,,,,
,,,,,,,,,,,,,,,,,,,,,,,,,,,,,,,,,,,,
,,,,,,,,,,,,,,,,,,,,,,,,,,,,,,,,,,,,
,,,,,,,,,,,,,,,,,,,,,,,,,,,,,,,,,,,,
,,,,,,,,,,,,,,,,,,,,,,,,,,,,,,,,,,,,
,,,,,,,,,,,,,,,,,,,,,,,,,,,,,,,,,,,,
,,,,,,,,,,,,,,,,,,,,,,,,,,,,,,,,,,,,
,,,,,,,,,,,,,,,,,,,,,,,,,,,,,,,,,,,,
,,,,,,,,,,,,,,,,,,,,,,,,,,,,,,,,,,,,
,,,,,,,,,,,,,,,,,,,,,,,,,,,,,,,,,,,,
,,,,,,,,,,,,,,,,,,,,,,,,,,,,,,,,,,,,
,,,,,,,,,,,,,,,,,,,,,,,,,,,,,,,,,,,,
,,,,,,,,,,,,,,,,,,,,,,,,,,,,,,,,,,,,
,,,,,,,,,,,,,,,,,,,,,,,,,,,,,,,,,,,,
,,,,,,,,,,,,,,,,,,,,,,,,,,,,,,,,,,,,
,,,,,,,,,,,,,,,,,,,,,,,,,,,,,,,,,,,,
,,,,,,,,,,,,,,,,,,,,,,,,,,,,,,,,,,,,
,,,,,,,,,,,,,,,,,,,,,,,,,,,,,,,,,,,,
,,,,,,,,,,,,,,,,,,,,,,,,,,,,,,,,,,,,
,,,,,,,,,,,,,,,,,,,,,,,,,,,,,,,,,,,,
,,,,,,,,,,,,,,,,,,,,,,,,,,,,,,,,,,,,
,,,,,,,,,,,,,,,,,,,,,,,,,,,,,,,,,,,,
,,,,,,,,,,,,,,,,,,,,,,,,,,,,,,,,,,,,
,,,,,,,,,,,,,,,,,,,,,,,,,,,,,,,,,,,,
,,,,,,,,,,,,,,,,,,,,,,,,,,,,,,,,,,,,
,,,,,,,,,,,,,,,,,,,,,,,,,,,,,,,,,,,,
,,,,,,,,,,,,,,,,,,,,,,,,,,,,,,,,,,,,
,,,,,,,,,,,,,,,,,,,,,,,,,,,,,,,,,,,,
,,,,,,,,,,,,,,,,,,,,,,,,,,,,,,,,,,,,
,,,,,,,,,,,,,,,,,,,,,,,,,,,,,,,,,,,,
,,,,,,,,,,,,,,,,,,,,,,,,,,,,,,,,,,,,
,,,,,,,,,,,,,,,,,,,,,,,,,,,,,,,,,,,,
,,,,,,,,,,,,,,,,,,,,,,,,,,,,,,,,,,,,
,,,,,,,,,,,,,,,,,,,,,,,,,,,,,,,,,,,,
,,,,,,,,,,,,,,,,,,,,,,,,,,,,,,,,,,,,
,,,,,,,,,,,,,,,,,,,,,,,,,,,,,,,,,,,,
,,,,,,,,,,,,,,,,,,,,,,,,,,,,,,,,,,,,
,,,,,,,,,,,,,,,,,,,,,,,,,,,,,,,,,,,,
,,,,,,,,,,,,,,,,,,,,,,,,,,,,,,,,,,,,
,,,,,,,,,,,,,,,,,,,,,,,,,,,,,,,,,,,,
,,,,,,,,,,,,,,,,,,,,,,,,,,,,,,,,,,,,
,,,,,,,,,,,,,,,,,,,,,,,,,,,,,,,,,,,,
,,,,,,,,,,,,,,,,,,,,,,,,,,,,,,,,,,,,
,,,,,,,,,,,,,,,,,,,,,,,,,,,,,,,,,,,,
,,,,,,,,,,,,,,,,,,,,,,,,,,,,,,,,,,,,
,,,,,,,,,,,,,,,,,,,,,,,,,,,,,,,,,,,,
,,,,,,,,,,,,,,,,,,,,,,,,,,,,,,,,,,,,
,,,,,,,,,,,,,,,,,,,,,,,,,,,,,,,,,,,,
,,,,,,,,,,,,,,,,,,,,,,,,,,,,,,,,,,,,
,,,,,,,,,,,,,,,,,,,,,,,,,,,,,,,,,,,,
,,,,,,,,,,,,,,,,,,,,,,,,,,,,,,,,,,,,
,,,,,,,,,,,,,,,,,,,,,,,,,,,,,,,,,,,,
,,,,,,,,,,,,,,,,,,,,,,,,,,,,,,,,,,,,
,,,,,,,,,,,,,,,,,,,,,,,,,,,,,,,,,,,,
,,,,,,,,,,,,,,,,,,,,,,,,,,,,,,,,,,,,
,,,,,,,,,,,,,,,,,,,,,,,,,,,,,,,,,,,,
,,,,,,,,,,,,,,,,,,,,,,,,,,,,,,,,,,,,
,,,,,,,,,,,,,,,,,,,,,,,,,,,,,,,,,,,,
,,,,,,,,,,,,,,,,,,,,,,,,,,,,,,,,,,,,
,,,,,,,,,,,,,,,,,,,,,,,,,,,,,,,,,,,,
,,,,,,,,,,,,,,,,,,,,,,,,,,,,,,,,,,,,
,,,,,,,,,,,,,,,,,,,,,,,,,,,,,,,,,,,,
,,,,,,,,,,,,,,,,,,,,,,,,,,,,,,,,,,,,
,,,,,,,,,,,,,,,,,,,,,,,,,,,,,,,,,,,,
,,,,,,,,,,,,,,,,,,,,,,,,,,,,,,,,,,,,
,,,,,,,,,,,,,,,,,,,,,,,,,,,,,,,,,,,,
,,,,,,,,,,,,,,,,,,,,,,,,,,,,,,,,,,,,
,,,,,,,,,,,,,,,,,,,,,,,,,,,,,,,,,,,,
,,,,,,,,,,,,,,,,,,,,,,,,,,,,,,,,,,,,
,,,,,,,,,,,,,,,,,,,,,,,,,,,,,,,,,,,,
,,,,,,,,,,,,,,,,,,,,,,,,,,,,,,,,,,,,
,,,,,,,,,,,,,,,,,,,,,,,,,,,,,,,,,,,,
,,,,,,,,,,,,,,,,,,,,,,,,,,,,,,,,,,,,
,,,,,,,,,,,,,,,,,,,,,,,,,,,,,,,,,,,,
,,,,,,,,,,,,,,,,,,,,,,,,,,,,,,,,,,,,
,,,,,,,,,,,,,,,,,,,,,,,,,,,,,,,,,,,,
,,,,,,,,,,,,,,,,,,,,,,,,,,,,,,,,,,,,
,,,,,,,,,,,,,,,,,,,,,,,,,,,,,,,,,,,,
,,,,,,,,,,,,,,,,,,,,,,,,,,,,,,,,,,,,
,,,,,,,,,,,,,,,,,,,,,,,,,,,,,,,,,,,,
,,,,,,,,,,,,,,,,,,,,,,,,,,,,,,,,,,,,
,,,,,,,,,,,,,,,,,,,,,,,,,,,,,,,,,,,,
,,,,,,,,,,,,,,,,,,,,,,,,,,,,,,,,,,,,
,,,,,,,,,,,,,,,,,,,,,,,,,,,,,,,,,,,,
,,,,,,,,,,,,,,,,,,,,,,,,,,,,,,,,,,,,
,,,,,,,,,,,,,,,,,,,,,,,,,,,,,,,,,,,,
,,,,,,,,,,,,,,,,,,,,,,,,,,,,,,,,,,,,
,,,,,,,,,,,,,,,,,,,,,,,,,,,,,,,,,,,,
,,,,,,,,,,,,,,,,,,,,,,,,,,,,,,,,,,,,
,,,,,,,,,,,,,,,,,,,,,,,,,,,,,,,,,,,,
,,,,,,,,,,,,,,,,,,,,,,,,,,,,,,,,,,,,
,,,,,,,,,,,,,,,,,,,,,,,,,,,,,,,,,,,,
,,,,,,,,,,,,,,,,,,,,,,,,,,,,,,,,,,,,
,,,,,,,,,,,,,,,,,,,,,,,,,,,,,,,,,,,,
,,,,,,,,,,,,,,,,,,,,,,,,,,,,,,,,,,,,
,,,,,,,,,,,,,,,,,,,,,,,,,,,,,,,,,,,,
,,,,,,,,,,,,,,,,,,,,,,,,,,,,,,,,,,,,
,,,,,,,,,,,,,,,,,,,,,,,,,,,,,,,,,,,,
,,,,,,,,,,,,,,,,,,,,,,,,,,,,,,,,,,,,
,,,,,,,,,,,,,,,,,,,,,,,,,,,,,,,,,,,,
,,,,,,,,,,,,,,,,,,,,,,,,,,,,,,,,,,,,
,,,,,,,,,,,,,,,,,,,,,,,,,,,,,,,,,,,,
,,,,,,,,,,,,,,,,,,,,,,,,,,,,,,,,,,,,
,,,,,,,,,,,,,,,,,,,,,,,,,,,,,,,,,,,,
,,,,,,,,,,,,,,,,,,,,,,,,,,,,,,,,,,,,
,,,,,,,,,,,,,,,,,,,,,,,,,,,,,,,,,,,,
,,,,,,,,,,,,,,,,,,,,,,,,,,,,,,,,,,,,
,,,,,,,,,,,,,,,,,,,,,,,,,,,,,,,,,,,,
,,,,,,,,,,,,,,,,,,,,,,,,,,,,,,,,,,,,
,,,,,,,,,,,,,,,,,,,,,,,,,,,,,,,,,,,,
,,,,,,,,,,,,,,,,,,,,,,,,,,,,,,,,,,,,
,,,,,,,,,,,,,,,,,,,,,,,,,,,,,,,,,,,,
,,,,,,,,,,,,,,,,,,,,,,,,,,,,,,,,,,,,
,,,,,,,,,,,,,,,,,,,,,,,,,,,,,,,,,,,,
,,,,,,,,,,,,,,,,,,,,,,,,,,,,,,,,,,,,
,,,,,,,,,,,,,,,,,,,,,,,,,,,,,,,,,,,,
,,,,,,,,,,,,,,,,,,,,,,,,,,,,,,,,,,,,
,,,,,,,,,,,,,,,,,,,,,,,,,,,,,,,,,,,,
,,,,,,,,,,,,,,,,,,,,,,,,,,,,,,,,,,,,
,,,,,,,,,,,,,,,,,,,,,,,,,,,,,,,,,,,,
,,,,,,,,,,,,,,,,,,,,,,,,,,,,,,,,,,,,
,,,,,,,,,,,,,,,,,,,,,,,,,,,,,,,,,,,,
,,,,,,,,,,,,,,,,,,,,,,,,,,,,,,,,,,,,
,,,,,,,,,,,,,,,,,,,,,,,,,,,,,,,,,,,,
,,,,,,,,,,,,,,,,,,,,,,,,,,,,,,,,,,,,
,,,,,,,,,,,,,,,,,,,,,,,,,,,,,,,,,,,,
,,,,,,,,,,,,,,,,,,,,,,,,,,,,,,,,,,,,
,,,,,,,,,,,,,,,,,,,,,,,,,,,,,,,,,,,,
,,,,,,,,,,,,,,,,,,,,,,,,,,,,,,,,,,,,
,,,,,,,,,,,,,,,,,,,,,,,,,,,,,,,,,,,,
,,,,,,,,,,,,,,,,,,,,,,,,,,,,,,,,,,,,
,,,,,,,,,,,,,,,,,,,,,,,,,,,,,,,,,,,,
,,,,,,,,,,,,,,,,,,,,,,,,,,,,,,,,,,,,
,,,,,,,,,,,,,,,,,,,,,,,,,,,,,,,,,,,,
,,,,,,,,,,,,,,,,,,,,,,,,,,,,,,,,,,,,
,,,,,,,,,,,,,,,,,,,,,,,,,,,,,,,,,,,,
,,,,,,,,,,,,,,,,,,,,,,,,,,,,,,,,,,,,
,,,,,,,,,,,,,,,,,,,,,,,,,,,,,,,,,,,,
,,,,,,,,,,,,,,,,,,,,,,,,,,,,,,,,,,,,
,,,,,,,,,,,,,,,,,,,,,,,,,,,,,,,,,,,,
,,,,,,,,,,,,,,,,,,,,,,,,,,,,,,,,,,,,
,,,,,,,,,,,,,,,,,,,,,,,,,,,,,,,,,,,,
,,,,,,,,,,,,,,,,,,,,,,,,,,,,,,,,,,,,
,,,,,,,,,,,,,,,,,,,,,,,,,,,,,,,,,,,,
,,,,,,,,,,,,,,,,,,,,,,,,,,,,,,,,,,,,
,,,,,,,,,,,,,,,,,,,,,,,,,,,,,,,,,,,,
,,,,,,,,,,,,,,,,,,,,,,,,,,,,,,,,,,,,
,,,,,,,,,,,,,,,,,,,,,,,,,,,,,,,,,,,,
,,,,,,,,,,,,,,,,,,,,,,,,,,,,,,,,,,,,
,,,,,,,,,,,,,,,,,,,,,,,,,,,,,,,,,,,,
,,,,,,,,,,,,,,,,,,,,,,,,,,,,,,,,,,,,
,,,,,,,,,,,,,,,,,,,,,,,,,,,,,,,,,,,,
,,,,,,,,,,,,,,,,,,,,,,,,,,,,,,,,,,,,
,,,,,,,,,,,,,,,,,,,,,,,,,,,,,,,,,,,,
,,,,,,,,,,,,,,,,,,,,,,,,,,,,,,,,,,,,
,,,,,,,,,,,,,,,,,,,,,,,,,,,,,,,,,,,,
,,,,,,,,,,,,,,,,,,,,,,,,,,,,,,,,,,,,
,,,,,,,,,,,,,,,,,,,,,,,,,,,,,,,,,,,,
,,,,,,,,,,,,,,,,,,,,,,,,,,,,,,,,,,,,
,,,,,,,,,,,,,,,,,,,,,,,,,,,,,,,,,,,,
,,,,,,,,,,,,,,,,,,,,,,,,,,,,,,,,,,,,
,,,,,,,,,,,,,,,,,,,,,,,,,,,,,,,,,,,,
,,,,,,,,,,,,,,,,,,,,,,,,,,,,,,,,,,,,
,,,,,,,,,,,,,,,,,,,,,,,,,,,,,,,,,,,,
,,,,,,,,,,,,,,,,,,,,,,,,,,,,,,,,,,,,
,,,,,,,,,,,,,,,,,,,,,,,,,,,,,,,,,,,,
,,,,,,,,,,,,,,,,,,,,,,,,,,,,,,,,,,,,
,,,,,,,,,,,,,,,,,,,,,,,,,,,,,,,,,,,,
,,,,,,,,,,,,,,,,,,,,,,,,,,,,,,,,,,,,
,,,,,,,,,,,,,,,,,,,,,,,,,,,,,,,,,,,,
,,,,,,,,,,,,,,,,,,,,,,,,,,,,,,,,,,,,
,,,,,,,,,,,,,,,,,,,,,,,,,,,,,,,,,,,,
,,,,,,,,,,,,,,,,,,,,,,,,,,,,,,,,,,,,
,,,,,,,,,,,,,,,,,,,,,,,,,,,,,,,,,,,,
,,,,,,,,,,,,,,,,,,,,,,,,,,,,,,,,,,,,
,,,,,,,,,,,,,,,,,,,,,,,,,,,,,,,,,,,,
,,,,,,,,,,,,,,,,,,,,,,,,,,,,,,,,,,,,
,,,,,,,,,,,,,,,,,,,,,,,,,,,,,,,,,,,,
,,,,,,,,,,,,,,,,,,,,,,,,,,,,,,,,,,,,
,,,,,,,,,,,,,,,,,,,,,,,,,,,,,,,,,,,,
,,,,,,,,,,,,,,,,,,,,,,,,,,,,,,,,,,,,
,,,,,,,,,,,,,,,,,,,,,,,,,,,,,,,,,,,,
,,,,,,,,,,,,,,,,,,,,,,,,,,,,,,,,,,,,
,,,,,,,,,,,,,,,,,,,,,,,,,,,,,,,,,,,,
,,,,,,,,,,,,,,,,,,,,,,,,,,,,,,,,,,,,
,,,,,,,,,,,,,,,,,,,,,,,,,,,,,,,,,,,,
,,,,,,,,,,,,,,,,,,,,,,,,,,,,,,,,,,,,
,,,,,,,,,,,,,,,,,,,,,,,,,,,,,,,,,,,,
,,,,,,,,,,,,,,,,,,,,,,,,,,,,,,,,,,,,
,,,,,,,,,,,,,,,,,,,,,,,,,,,,,,,,,,,,
,,,,,,,,,,,,,,,,,,,,,,,,,,,,,,,,,,,,
,,,,,,,,,,,,,,,,,,,,,,,,,,,,,,,,,,,,
,,,,,,,,,,,,,,,,,,,,,,,,,,,,,,,,,,,,
,,,,,,,,,,,,,,,,,,,,,,,,,,,,,,,,,,,,
,,,,,,,,,,,,,,,,,,,,,,,,,,,,,,,,,,,,
,,,,,,,,,,,,,,,,,,,,,,,,,,,,,,,,,,,,
,,,,,,,,,,,,,,,,,,,,,,,,,,,,,,,,,,,,
,,,,,,,,,,,,,,,,,,,,,,,,,,,,,,,,,,,,
,,,,,,,,,,,,,,,,,,,,,,,,,,,,,,,,,,,,
,,,,,,,,,,,,,,,,,,,,,,,,,,,,,,,,,,,,
,,,,,,,,,,,,,,,,,,,,,,,,,,,,,,,,,,,,
,,,,,,,,,,,,,,,,,,,,,,,,,,,,,,,,,,,,
,,,,,,,,,,,,,,,,,,,,,,,,,,,,,,,,,,,,
,,,,,,,,,,,,,,,,,,,,,,,,,,,,,,,,,,,,
,,,,,,,,,,,,,,,,,,,,,,,,,,,,,,,,,,,,
,,,,,,,,,,,,,,,,,,,,,,,,,,,,,,,,,,,,
,,,,,,,,,,,,,,,,,,,,,,,,,,,,,,,,,,,,
,,,,,,,,,,,,,,,,,,,,,,,,,,,,,,,,,,,,
,,,,,,,,,,,,,,,,,,,,,,,,,,,,,,,,,,,,
,,,,,,,,,,,,,,,,,,,,,,,,,,,,,,,,,,,,
,,,,,,,,,,,,,,,,,,,,,,,,,,,,,,,,,,,,
,,,,,,,,,,,,,,,,,,,,,,,,,,,,,,,,,,,,
,,,,,,,,,,,,,,,,,,,,,,,,,,,,,,,,,,,,
,,,,,,,,,,,,,,,,,,,,,,,,,,,,,,,,,,,,
,,,,,,,,,,,,,,,,,,,,,,,,,,,,,,,,,,,,
,,,,,,,,,,,,,,,,,,,,,,,,,,,,,,,,,,,,
,,,,,,,,,,,,,,,,,,,,,,,,,,,,,,,,,,,,
,,,,,,,,,,,,,,,,,,,,,,,,,,,,,,,,,,,,
,,,,,,,,,,,,,,,,,,,,,,,,,,,,,,,,,,,,
,,,,,,,,,,,,,,,,,,,,,,,,,,,,,,,,,,,,
,,,,,,,,,,,,,,,,,,,,,,,,,,,,,,,,,,,,
,,,,,,,,,,,,,,,,,,,,,,,,,,,,,,,,,,,,
,,,,,,,,,,,,,,,,,,,,,,,,,,,,,,,,,,,,
,,,,,,,,,,,,,,,,,,,,,,,,,,,,,,,,,,,,
,,,,,,,,,,,,,,,,,,,,,,,,,,,,,,,,,,,,
,,,,,,,,,,,,,,,,,,,,,,,,,,,,,,,,,,,,
,,,,,,,,,,,,,,,,,,,,,,,,,,,,,,,,,,,,
,,,,,,,,,,,,,,,,,,,,,,,,,,,,,,,,,,,,
,,,,,,,,,,,,,,,,,,,,,,,,,,,,,,,,,,,,
,,,,,,,,,,,,,,,,,,,,,,,,,,,,,,,,,,,,
,,,,,,,,,,,,,,,,,,,,,,,,,,,,,,,,,,,,
,,,,,,,,,,,,,,,,,,,,,,,,,,,,,,,,,,,,
,,,,,,,,,,,,,,,,,,,,,,,,,,,,,,,,,,,,
,,,,,,,,,,,,,,,,,,,,,,,,,,,,,,,,,,,,
,,,,,,,,,,,,,,,,,,,,,,,,,,,,,,,,,,,,
,,,,,,,,,,,,,,,,,,,,,,,,,,,,,,,,,,,,
,,,,,,,,,,,,,,,,,,,,,,,,,,,,,,,,,,,,
,,,,,,,,,,,,,,,,,,,,,,,,,,,,,,,,,,,,
,,,,,,,,,,,,,,,,,,,,,,,,,,,,,,,,,,,,
,,,,,,,,,,,,,,,,,,,,,,,,,,,,,,,,,,,,
,,,,,,,,,,,,,,,,,,,,,,,,,,,,,,,,,,,,
,,,,,,,,,,,,,,,,,,,,,,,,,,,,,,,,,,,,
,,,,,,,,,,,,,,,,,,,,,,,,,,,,,,,,,,,,
,,,,,,,,,,,,,,,,,,,,,,,,,,,,,,,,,,,,
,,,,,,,,,,,,,,,,,,,,,,,,,,,,,,,,,,,,
,,,,,,,,,,,,,,,,,,,,,,,,,,,,,,,,,,,,
,,,,,,,,,,,,,,,,,,,,,,,,,,,,,,,,,,,,
,,,,,,,,,,,,,,,,,,,,,,,,,,,,,,,,,,,,
,,,,,,,,,,,,,,,,,,,,,,,,,,,,,,,,,,,,
,,,,,,,,,,,,,,,,,,,,,,,,,,,,,,,,,,,,
,,,,,,,,,,,,,,,,,,,,,,,,,,,,,,,,,,,,
,,,,,,,,,,,,,,,,,,,,,,,,,,,,,,,,,,,,
,,,,,,,,,,,,,,,,,,,,,,,,,,,,,,,,,,,,
,,,,,,,,,,,,,,,,,,,,,,,,,,,,,,,,,,,,
,,,,,,,,,,,,,,,,,,,,,,,,,,,,,,,,,,,,
,,,,,,,,,,,,,,,,,,,,,,,,,,,,,,,,,,,,
,,,,,,,,,,,,,,,,,,,,,,,,,,,,,,,,,,,,
,,,,,,,,,,,,,,,,,,,,,,,,,,,,,,,,,,,,
,,,,,,,,,,,,,,,,,,,,,,,,,,,,,,,,,,,,
,,,,,,,,,,,,,,,,,,,,,,,,,,,,,,,,,,,,
,,,,,,,,,,,,,,,,,,,,,,,,,,,,,,,,,,,,
,,,,,,,,,,,,,,,,,,,,,,,,,,,,,,,,,,,,
,,,,,,,,,,,,,,,,,,,,,,,,,,,,,,,,,,,,
,,,,,,,,,,,,,,,,,,,,,,,,,,,,,,,,,,,,
,,,,,,,,,,,,,,,,,,,,,,,,,,,,,,,,,,,,
,,,,,,,,,,,,,,,,,,,,,,,,,,,,,,,,,,,,
,,,,,,,,,,,,,,,,,,,,,,,,,,,,,,,,,,,,
,,,,,,,,,,,,,,,,,,,,,,,,,,,,,,,,,,,,
,,,,,,,,,,,,,,,,,,,,,,,,,,,,,,,,,,,,
,,,,,,,,,,,,,,,,,,,,,,,,,,,,,,,,,,,,
,,,,,,,,,,,,,,,,,,,,,,,,,,,,,,,,,,,,
,,,,,,,,,,,,,,,,,,,,,,,,,,,,,,,,,,,,
,,,,,,,,,,,,,,,,,,,,,,,,,,,,,,,,,,,,
,,,,,,,,,,,,,,,,,,,,,,,,,,,,,,,,,,,,
,,,,,,,,,,,,,,,,,,,,,,,,,,,,,,,,,,,,
,,,,,,,,,,,,,,,,,,,,,,,,,,,,,,,,,,,,
,,,,,,,,,,,,,,,,,,,,,,,,,,,,,,,,,,,,
,,,,,,,,,,,,,,,,,,,,,,,,,,,,,,,,,,,,
,,,,,,,,,,,,,,,,,,,,,,,,,,,,,,,,,,,,
,,,,,,,,,,,,,,,,,,,,,,,,,,,,,,,,,,,,
,,,,,,,,,,,,,,,,,,,,,,,,,,,,,,,,,,,,
,,,,,,,,,,,,,,,,,,,,,,,,,,,,,,,,,,,,
,,,,,,,,,,,,,,,,,,,,,,,,,,,,,,,,,,,,
,,,,,,,,,,,,,,,,,,,,,,,,,,,,,,,,,,,,
,,,,,,,,,,,,,,,,,,,,,,,,,,,,,,,,,,,,
,,,,,,,,,,,,,,,,,,,,,,,,,,,,,,,,,,,,
,,,,,,,,,,,,,,,,,,,,,,,,,,,,,,,,,,,,
,,,,,,,,,,,,,,,,,,,,,,,,,,,,,,,,,,,,
,,,,,,,,,,,,,,,,,,,,,,,,,,,,,,,,,,,,
,,,,,,,,,,,,,,,,,,,,,,,,,,,,,,,,,,,,
,,,,,,,,,,,,,,,,,,,,,,,,,,,,,,,,,,,,
,,,,,,,,,,,,,,,,,,,,,,,,,,,,,,,,,,,,
,,,,,,,,,,,,,,,,,,,,,,,,,,,,,,,,,,,,
,,,,,,,,,,,,,,,,,,,,,,,,,,,,,,,,,,,,
,,,,,,,,,,,,,,,,,,,,,,,,,,,,,,,,,,,,
,,,,,,,,,,,,,,,,,,,,,,,,,,,,,,,,,,,,
,,,,,,,,,,,,,,,,,,,,,,,,,,,,,,,,,,,,
,,,,,,,,,,,,,,,,,,,,,,,,,,,,,,,,,,,,
,,,,,,,,,,,,,,,,,,,,,,,,,,,,,,,,,,,,
,,,,,,,,,,,,,,,,,,,,,,,,,,,,,,,,,,,,
,,,,,,,,,,,,,,,,,,,,,,,,,,,,,,,,,,,,
,,,,,,,,,,,,,,,,,,,,,,,,,,,,,,,,,,,,
,,,,,,,,,,,,,,,,,,,,,,,,,,,,,,,,,,,,
,,,,,,,,,,,,,,,,,,,,,,,,,,,,,,,,,,,,
,,,,,,,,,,,,,,,,,,,,,,,,,,,,,,,,,,,,
,,,,,,,,,,,,,,,,,,,,,,,,,,,,,,,,,,,,
,,,,,,,,,,,,,,,,,,,,,,,,,,,,,,,,,,,,
,,,,,,,,,,,,,,,,,,,,,,,,,,,,,,,,,,,,
,,,,,,,,,,,,,,,,,,,,,,,,,,,,,,,,,,,,
,,,,,,,,,,,,,,,,,,,,,,,,,,,,,,,,,,,,
,,,,,,,,,,,,,,,,,,,,,,,,,,,,,,,,,,,,
,,,,,,,,,,,,,,,,,,,,,,,,,,,,,,,,,,,,
,,,,,,,,,,,,,,,,,,,,,,,,,,,,,,,,,,,,
,,,,,,,,,,,,,,,,,,,,,,,,,,,,,,,,,,,,
,,,,,,,,,,,,,,,,,,,,,,,,,,,,,,,,,,,,
,,,,,,,,,,,,,,,,,,,,,,,,,,,,,,,,,,,,
,,,,,,,,,,,,,,,,,,,,,,,,,,,,,,,,,,,,
,,,,,,,,,,,,,,,,,,,,,,,,,,,,,,,,,,,,
,,,,,,,,,,,,,,,,,,,,,,,,,,,,,,,,,,,,
,,,,,,,,,,,,,,,,,,,,,,,,,,,,,,,,,,,,
,,,,,,,,,,,,,,,,,,,,,,,,,,,,,,,,,,,,
,,,,,,,,,,,,,,,,,,,,,,,,,,,,,,,,,,,,
,,,,,,,,,,,,,,,,,,,,,,,,,,,,,,,,,,,,
,,,,,,,,,,,,,,,,,,,,,,,,,,,,,,,,,,,,
,,,,,,,,,,,,,,,,,,,,,,,,,,,,,,,,,,,,
,,,,,,,,,,,,,,,,,,,,,,,,,,,,,,,,,,,,
,,,,,,,,,,,,,,,,,,,,,,,,,,,,,,,,,,,,
,,,,,,,,,,,,,,,,,,,,,,,,,,,,,,,,,,,,
,,,,,,,,,,,,,,,,,,,,,,,,,,,,,,,,,,,,
,,,,,,,,,,,,,,,,,,,,,,,,,,,,,,,,,,,,
,,,,,,,,,,,,,,,,,,,,,,,,,,,,,,,,,,,,
,,,,,,,,,,,,,,,,,,,,,,,,,,,,,,,,,,,,
,,,,,,,,,,,,,,,,,,,,,,,,,,,,,,,,,,,,
,,,,,,,,,,,,,,,,,,,,,,,,,,,,,,,,,,,,
,,,,,,,,,,,,,,,,,,,,,,,,,,,,,,,,,,,,
,,,,,,,,,,,,,,,,,,,,,,,,,,,,,,,,,,,,
,,,,,,,,,,,,,,,,,,,,,,,,,,,,,,,,,,,,
,,,,,,,,,,,,,,,,,,,,,,,,,,,,,,,,,,,,
,,,,,,,,,,,,,,,,,,,,,,,,,,,,,,,,,,,,
,,,,,,,,,,,,,,,,,,,,,,,,,,,,,,,,,,,,
,,,,,,,,,,,,,,,,,,,,,,,,,,,,,,,,,,,,
,,,,,,,,,,,,,,,,,,,,,,,,,,,,,,,,,,,,
,,,,,,,,,,,,,,,,,,,,,,,,,,,,,,,,,,,,
,,,,,,,,,,,,,,,,,,,,,,,,,,,,,,,,,,,,
,,,,,,,,,,,,,,,,,,,,,,,,,,,,,,,,,,,,
,,,,,,,,,,,,,,,,,,,,,,,,,,,,,,,,,,,,
,,,,,,,,,,,,,,,,,,,,,,,,,,,,,,,,,,,,
,,,,,,,,,,,,,,,,,,,,,,,,,,,,,,,,,,,,
,,,,,,,,,,,,,,,,,,,,,,,,,,,,,,,,,,,,
,,,,,,,,,,,,,,,,,,,,,,,,,,,,,,,,,,,,
,,,,,,,,,,,,,,,,,,,,,,,,,,,,,,,,,,,,
,,,,,,,,,,,,,,,,,,,,,,,,,,,,,,,,,,,,
,,,,,,,,,,,,,,,,,,,,,,,,,,,,,,,,,,,,
,,,,,,,,,,,,,,,,,,,,,,,,,,,,,,,,,,,,
,,,,,,,,,,,,,,,,,,,,,,,,,,,,,,,,,,,,
,,,,,,,,,,,,,,,,,,,,,,,,,,,,,,,,,,,,
,,,,,,,,,,,,,,,,,,,,,,,,,,,,,,,,,,,,
,,,,,,,,,,,,,,,,,,,,,,,,,,,,,,,,,,,,
,,,,,,,,,,,,,,,,,,,,,,,,,,,,,,,,,,,,
,,,,,,,,,,,,,,,,,,,,,,,,,,,,,,,,,,,,
,,,,,,,,,,,,,,,,,,,,,,,,,,,,,,,,,,,,
,,,,,,,,,,,,,,,,,,,,,,,,,,,,,,,,,,,,
,,,,,,,,,,,,,,,,,,,,,,,,,,,,,,,,,,,,
,,,,,,,,,,,,,,,,,,,,,,,,,,,,,,,,,,,,
,,,,,,,,,,,,,,,,,,,,,,,,,,,,,,,,,,,,
,,,,,,,,,,,,,,,,,,,,,,,,,,,,,,,,,,,,
,,,,,,,,,,,,,,,,,,,,,,,,,,,,,,,,,,,,
,,,,,,,,,,,,,,,,,,,,,,,,,,,,,,,,,,,,
,,,,,,,,,,,,,,,,,,,,,,,,,,,,,,,,,,,,
,,,,,,,,,,,,,,,,,,,,,,,,,,,,,,,,,,,,
,,,,,,,,,,,,,,,,,,,,,,,,,,,,,,,,,,,,
,,,,,,,,,,,,,,,,,,,,,,,,,,,,,,,,,,,,
,,,,,,,,,,,,,,,,,,,,,,,,,,,,,,,,,,,,
,,,,,,,,,,,,,,,,,,,,,,,,,,,,,,,,,,,,
,,,,,,,,,,,,,,,,,,,,,,,,,,,,,,,,,,,,
,,,,,,,,,,,,,,,,,,,,,,,,,,,,,,,,,,,,
,,,,,,,,,,,,,,,,,,,,,,,,,,,,,,,,,,,,
,,,,,,,,,,,,,,,,,,,,,,,,,,,,,,,,,,,,
,,,,,,,,,,,,,,,,,,,,,,,,,,,,,,,,,,,,
,,,,,,,,,,,,,,,,,,,,,,,,,,,,,,,,,,,,
,,,,,,,,,,,,,,,,,,,,,,,,,,,,,,,,,,,,
,,,,,,,,,,,,,,,,,,,,,,,,,,,,,,,,,,,,
,,,,,,,,,,,,,,,,,,,,,,,,,,,,,,,,,,,,
,,,,,,,,,,,,,,,,,,,,,,,,,,,,,,,,,,,,
,,,,,,,,,,,,,,,,,,,,,,,,,,,,,,,,,,,,
,,,,,,,,,,,,,,,,,,,,,,,,,,,,,,,,,,,,
,,,,,,,,,,,,,,,,,,,,,,,,,,,,,,,,,,,,
,,,,,,,,,,,,,,,,,,,,,,,,,,,,,,,,,,,,
,,,,,,,,,,,,,,,,,,,,,,,,,,,,,,,,,,,,
,,,,,,,,,,,,,,,,,,,,,,,,,,,,,,,,,,,,
,,,,,,,,,,,,,,,,,,,,,,,,,,,,,,,,,,,,
,,,,,,,,,,,,,,,,,,,,,,,,,,,,,,,,,,,,
,,,,,,,,,,,,,,,,,,,,,,,,,,,,,,,,,,,,
,,,,,,,,,,,,,,,,,,,,,,,,,,,,,,,,,,,,
,,,,,,,,,,,,,,,,,,,,,,,,,,,,,,,,,,,,
,,,,,,,,,,,,,,,,,,,,,,,,,,,,,,,,,,,,
,,,,,,,,,,,,,,,,,,,,,,,,,,,,,,,,,,,,
,,,,,,,,,,,,,,,,,,,,,,,,,,,,,,,,,,,,
,,,,,,,,,,,,,,,,,,,,,,,,,,,,,,,,,,,,
,,,,,,,,,,,,,,,,,,,,,,,,,,,,,,,,,,,,
,,,,,,,,,,,,,,,,,,,,,,,,,,,,,,,,,,,,
,,,,,,,,,,,,,,,,,,,,,,,,,,,,,,,,,,,,
,,,,,,,,,,,,,,,,,,,,,,,,,,,,,,,,,,,,
,,,,,,,,,,,,,,,,,,,,,,,,,,,,,,,,,,,,
,,,,,,,,,,,,,,,,,,,,,,,,,,,,,,,,,,,,
,,,,,,,,,,,,,,,,,,,,,,,,,,,,,,,,,,,,
,,,,,,,,,,,,,,,,,,,,,,,,,,,,,,,,,,,,
,,,,,,,,,,,,,,,,,,,,,,,,,,,,,,,,,,,,
,,,,,,,,,,,,,,,,,,,,,,,,,,,,,,,,,,,,
,,,,,,,,,,,,,,,,,,,,,,,,,,,,,,,,,,,,
,,,,,,,,,,,,,,,,,,,,,,,,,,,,,,,,,,,,
,,,,,,,,,,,,,,,,,,,,,,,,,,,,,,,,,,,,
,,,,,,,,,,,,,,,,,,,,,,,,,,,,,,,,,,,,
,,,,,,,,,,,,,,,,,,,,,,,,,,,,,,,,,,,,
,,,,,,,,,,,,,,,,,,,,,,,,,,,,,,,,,,,,
,,,,,,,,,,,,,,,,,,,,,,,,,,,,,,,,,,,,
,,,,,,,,,,,,,,,,,,,,,,,,,,,,,,,,,,,,
,,,,,,,,,,,,,,,,,,,,,,,,,,,,,,,,,,,,
,,,,,,,,,,,,,,,,,,,,,,,,,,,,,,,,,,,,
,,,,,,,,,,,,,,,,,,,,,,,,,,,,,,,,,,,,
,,,,,,,,,,,,,,,,,,,,,,,,,,,,,,,,,,,,
,,,,,,,,,,,,,,,,,,,,,,,,,,,,,,,,,,,,
,,,,,,,,,,,,,,,,,,,,,,,,,,,,,,,,,,,,
,,,,,,,,,,,,,,,,,,,,,,,,,,,,,,,,,,,,
,,,,,,,,,,,,,,,,,,,,,,,,,,,,,,,,,,,,
,,,,,,,,,,,,,,,,,,,,,,,,,,,,,,,,,,,,
,,,,,,,,,,,,,,,,,,,,,,,,,,,,,,,,,,,,
,,,,,,,,,,,,,,,,,,,,,,,,,,,,,,,,,,,,
,,,,,,,,,,,,,,,,,,,,,,,,,,,,,,,,,,,,
,,,,,,,,,,,,,,,,,,,,,,,,,,,,,,,,,,,,
,,,,,,,,,,,,,,,,,,,,,,,,,,,,,,,,,,,,
,,,,,,,,,,,,,,,,,,,,,,,,,,,,,,,,,,,,
,,,,,,,,,,,,,,,,,,,,,,,,,,,,,,,,,,,,
,,,,,,,,,,,,,,,,,,,,,,,,,,,,,,,,,,,,
,,,,,,,,,,,,,,,,,,,,,,,,,,,,,,,,,,,,
,,,,,,,,,,,,,,,,,,,,,,,,,,,,,,,,,,,,
,,,,,,,,,,,,,,,,,,,,,,,,,,,,,,,,,,,,
,,,,,,,,,,,,,,,,,,,,,,,,,,,,,,,,,,,,
,,,,,,,,,,,,,,,,,,,,,,,,,,,,,,,,,,,,
,,,,,,,,,,,,,,,,,,,,,,,,,,,,,,,,,,,,
,,,,,,,,,,,,,,,,,,,,,,,,,,,,,,,,,,,,
,,,,,,,,,,,,,,,,,,,,,,,,,,,,,,,,,,,,
,,,,,,,,,,,,,,,,,,,,,,,,,,,,,,,,,,,,
,,,,,,,,,,,,,,,,,,,,,,,,,,,,,,,,,,,,
,,,,,,,,,,,,,,,,,,,,,,,,,,,,,,,,,,,,
,,,,,,,,,,,,,,,,,,,,,,,,,,,,,,,,,,,,
,,,,,,,,,,,,,,,,,,,,,,,,,,,,,,,,,,,,
,,,,,,,,,,,,,,,,,,,,,,,,,,,,,,,,,,,,
,,,,,,,,,,,,,,,,,,,,,,,,,,,,,,,,,,,,
,,,,,,,,,,,,,,,,,,,,,,,,,,,,,,,,,,,,
,,,,,,,,,,,,,,,,,,,,,,,,,,,,,,,,,,,,
,,,,,,,,,,,,,,,,,,,,,,,,,,,,,,,,,,,,
,,,,,,,,,,,,,,,,,,,,,,,,,,,,,,,,,,,,
,,,,,,,,,,,,,,,,,,,,,,,,,,,,,,,,,,,,
,,,,,,,,,,,,,,,,,,,,,,,,,,,,,,,,,,,,
,,,,,,,,,,,,,,,,,,,,,,,,,,,,,,,,,,,,
,,,,,,,,,,,,,,,,,,,,,,,,,,,,,,,,,,,,
,,,,,,,,,,,,,,,,,,,,,,,,,,,,,,,,,,,,
,,,,,,,,,,,,,,,,,,,,,,,,,,,,,,,,,,,,
,,,,,,,,,,,,,,,,,,,,,,,,,,,,,,,,,,,,
,,,,,,,,,,,,,,,,,,,,,,,,,,,,,,,,,,,,
,,,,,,,,,,,,,,,,,,,,,,,,,,,,,,,,,,,,
,,,,,,,,,,,,,,,,,,,,,,,,,,,,,,,,,,,,
,,,,,,,,,,,,,,,,,,,,,,,,,,,,,,,,,,,,
,,,,,,,,,,,,,,,,,,,,,,,,,,,,,,,,,,,,
,,,,,,,,,,,,,,,,,,,,,,,,,,,,,,,,,,,,
,,,,,,,,,,,,,,,,,,,,,,,,,,,,,,,,,,,,
,,,,,,,,,,,,,,,,,,,,,,,,,,,,,,,,,,,,
,,,,,,,,,,,,,,,,,,,,,,,,,,,,,,,,,,,,
,,,,,,,,,,,,,,,,,,,,,,,,,,,,,,,,,,,,
,,,,,,,,,,,,,,,,,,,,,,,,,,,,,,,,,,,,
,,,,,,,,,,,,,,,,,,,,,,,,,,,,,,,,,,,,
,,,,,,,,,,,,,,,,,,,,,,,,,,,,,,,,,,,,
,,,,,,,,,,,,,,,,,,,,,,,,,,,,,,,,,,,,
,,,,,,,,,,,,,,,,,,,,,,,,,,,,,,,,,,,,
,,,,,,,,,,,,,,,,,,,,,,,,,,,,,,,,,,,,
,,,,,,,,,,,,,,,,,,,,,,,,,,,,,,,,,,,,
,,,,,,,,,,,,,,,,,,,,,,,,,,,,,,,,,,,,
,,,,,,,,,,,,,,,,,,,,,,,,,,,,,,,,,,,,
,,,,,,,,,,,,,,,,,,,,,,,,,,,,,,,,,,,,
,,,,,,,,,,,,,,,,,,,,,,,,,,,,,,,,,,,,
,,,,,,,,,,,,,,,,,,,,,,,,,,,,,,,,,,,,
,,,,,,,,,,,,,,,,,,,,,,,,,,,,,,,,,,,,
,,,,,,,,,,,,,,,,,,,,,,,,,,,,,,,,,,,,
,,,,,,,,,,,,,,,,,,,,,,,,,,,,,,,,,,,,
,,,,,,,,,,,,,,,,,,,,,,,,,,,,,,,,,,,,
,,,,,,,,,,,,,,,,,,,,,,,,,,,,,,,,,,,,
,,,,,,,,,,,,,,,,,,,,,,,,,,,,,,,,,,,,
,,,,,,,,,,,,,,,,,,,,,,,,,,,,,,,,,,,,
,,,,,,,,,,,,,,,,,,,,,,,,,,,,,,,,,,,,
,,,,,,,,,,,,,,,,,,,,,,,,,,,,,,,,,,,,
,,,,,,,,,,,,,,,,,,,,,,,,,,,,,,,,,,,,
,,,,,,,,,,,,,,,,,,,,,,,,,,,,,,,,,,,,
,,,,,,,,,,,,,,,,,,,,,,,,,,,,,,,,,,,,
,,,,,,,,,,,,,,,,,,,,,,,,,,,,,,,,,,,,
,,,,,,,,,,,,,,,,,,,,,,,,,,,,,,,,,,,,
,,,,,,,,,,,,,,,,,,,,,,,,,,,,,,,,,,,,
,,,,,,,,,,,,,,,,,,,,,,,,,,,,,,,,,,,,
,,,,,,,,,,,,,,,,,,,,,,,,,,,,,,,,,,,,
,,,,,,,,,,,,,,,,,,,,,,,,,,,,,,,,,,,,
,,,,,,,,,,,,,,,,,,,,,,,,,,,,,,,,,,,,
,,,,,,,,,,,,,,,,,,,,,,,,,,,,,,,,,,,,
,,,,,,,,,,,,,,,,,,,,,,,,,,,,,,,,,,,,
,,,,,,,,,,,,,,,,,,,,,,,,,,,,,,,,,,,,
,,,,,,,,,,,,,,,,,,,,,,,,,,,,,,,,,,,,
,,,,,,,,,,,,,,,,,,,,,,,,,,,,,,,,,,,,
,,,,,,,,,,,,,,,,,,,,,,,,,,,,,,,,,,,,
,,,,,,,,,,,,,,,,,,,,,,,,,,,,,,,,,,,,
,,,,,,,,,,,,,,,,,,,,,,,,,,,,,,,,,,,,
,,,,,,,,,,,,,,,,,,,,,,,,,,,,,,,,,,,,
,,,,,,,,,,,,,,,,,,,,,,,,,,,,,,,,,,,,
,,,,,,,,,,,,,,,,,,,,,,,,,,,,,,,,,,,,
,,,,,,,,,,,,,,,,,,,,,,,,,,,,,,,,,,,,
,,,,,,,,,,,,,,,,,,,,,,,,,,,,,,,,,,,,
,,,,,,,,,,,,,,,,,,,,,,,,,,,,,,,,,,,,
,,,,,,,,,,,,,,,,,,,,,,,,,,,,,,,,,,,,
,,,,,,,,,,,,,,,,,,,,,,,,,,,,,,,,,,,,
,,,,,,,,,,,,,,,,,,,,,,,,,,,,,,,,,,,,
,,,,,,,,,,,,,,,,,,,,,,,,,,,,,,,,,,,,
,,,,,,,,,,,,,,,,,,,,,,,,,,,,,,,,,,,,
,,,,,,,,,,,,,,,,,,,,,,,,,,,,,,,,,,,,
,,,,,,,,,,,,,,,,,,,,,,,,,,,,,,,,,,,,
,,,,,,,,,,,,,,,,,,,,,,,,,,,,,,,,,,,,
,,,,,,,,,,,,,,,,,,,,,,,,,,,,,,,,,,,,
,,,,,,,,,,,,,,,,,,,,,,,,,,,,,,,,,,,,
,,,,,,,,,,,,,,,,,,,,,,,,,,,,,,,,,,,,
,,,,,,,,,,,,,,,,,,,,,,,,,,,,,,,,,,,,
,,,,,,,,,,,,,,,,,,,,,,,,,,,,,,,,,,,,
