,FOOT\foot1_001.txt,FOOT\foot2_001.txt,,,,,,,,,,,,,,,,,,,,,,,,,,,,,,,65,Item Set,Dynamic EQ,Trade Key,Expire,Prefix,
????,FOOT\foot1_001.txt,FOOT\foot2_001.txt,,,,,,,,,,,,,,,,,,,,,,,,,,,,,,,65,,,,,,
Red Shoes,FOOT\foot1_004.txt,FOOT\foot2_004.txt,,153,300,0,2,18,572,244,579,,,,,,,,,,,,,,,,,,45,,3,1,70,,,,,,LFOO002
Waterproof Shoes,FOOT\foot1_004.txt,FOOT\foot2_004.txt,,153,450,0,2,18,573,244,579,,,,,,,,,,,,,,,,,,45,,4,1,75,,,,,,LFOO003
Leather Shoes,FOOT\foot1_00200.txt,FOOT\foot2_00200.txt,,153,600,0,3,20,574,244,579,,,,,,,,31,5,,,,,,,,,46,,5,1,75,,,,,,LFOO004
Dash Shoes,FOOT\foot1_00200.txt,FOOT\foot2_00200.txt,,153,750,0,3,21,575,244,579,,,,,,,,31,7,,,,,,,,,46,,5,1,80,,,,,,LFOO005
Shoes of Iguje,FOOT\foot1_006.txt,FOOT\foot2_006.txt,,153,950,0,2,22,576,244,579,,,,,,,,31,10,,,,,,,,,46,,6,1,80,,,,,,LFOO006
Islamic Shoes,FOOT\foot1_006.txt,FOOT\foot2_006.txt,,153,1100,0,2,24,577,244,579,19,1,331,19,,,,31,15,,,,,,,,,47,,6,2,80,,,,,,LFOO007
Field Walkers,FOOT\foot1_00300.txt,FOOT\foot2_00300.txt,,153,1400,0,2,26,578,244,579,19,1,332,20,,,,31,20,,,,,,,,,47,,7,1,80,,,,,,LFOO008
Wild Walkers,FOOT\foot1_00300.txt,FOOT\foot2_00300.txt,,153,1900,0,2,28,579,244,579,19,2,333,21,,,,31,25,,,,,,,,,48,,8,1,85,,,,,,LFOO009
Land Walkers,FOOT\foot1_00700.txt,FOOT\foot2_00700.txt,,153,2200,0,2,29,580,244,579,19,2,334,22,,,,31,30,,,,,,,,,49,,9,1,80,,,,,,LFOO010
Earth Walkers,FOOT\foot1_00700.txt,FOOT\foot2_00700.txt,,153,3000,0,2,31,581,244,579,19,2,335,23,,,,31,35,,,,,,,,,50,,10,1,85,,,,,,LFOO011
Marble Shoes,FOOT\foot1_01000.txt,FOOT\foot2_01000.txt,,153,3700,0,2,33,582,244,579,19,3,336,24,,,,31,40,,,,,,,,,50,,11,1,85,,,,,,LFOO012
Luxurious Marble Shoes,FOOT\foot1_01000.txt,FOOT\foot2_01000.txt,,153,4900,0,2,35,583,244,579,19,3,337,25,,,,31,45,,,,,,,,,51,,12,2,90,,,,,,LFOO013
Junior Shoes,FOOT\foot1_03700.txt,FOOT\foot2_03700.txt,,153,6600,0,2,39,585,244,579,,3,,,,,,31,55,,,,,,,,,52,,14,2,85,,,,,,LFOO014
Senior Shoes,FOOT\foot1_03800.txt,FOOT\foot2_03800.txt,,153,9200,0,2,42,586,244,579,,4,,,,,,31,63,,,,,,,,,54,,16,2,87,,,,,,LFOO015
Redfield Green Shoes,FOOT\foot1_04000.txt,FOOT\foot2_04000.txt,,153,13500,0,2,46,588,244,579,19,4,338,35,,,,31,75,,,,,,,,,55,,19,3,85,0,,,,,LFOO016
Redfield Black Shoes,FOOT\foot1_03900.txt,FOOT\foot2_03900.txt,,153,17300,0,2,49,589,244,579,19,5,339,36,,,,31,83,,,,,,,,,57,,21,3,85,0,,,,,LFOO017
Redfield Red Shoes,,,,153,25300,0,2,52,628,244,579,19,6,340,37,,,,31,95,,,,,,,,,58,,24,4,87,0,,,,,LFOO018
Redfield Blue Shoes,,,,153,31150,0,2,55,629,244,579,19,7,341,38,,,,31,103,,,,,,,,,59,,26,5,90,0,,,,,LFOO019
Moon Flower Shoes,,,6,153,29700,0,2,34,10040,244,579,,,,,,,,31,115,,,,,,,,,59,,25,6,90,0,,,,,LFOO020
????????21,,,,153,48900,0,,61,592,244,579,,7,,,,,,31,116,,,,,,,,,62,,31,5,92,,,,,,
????????22,,,,153,67650,0,,63,593,244,579,,7,,,,,,31,125,,,,,,,,,64,,35,5,92,,,,,,
????????23,,,,153,79800,0,,66,594,244,579,,8,,,,,,31,132,,,,,,,,,65,,37,6,90,,,,,,
????????24,,,,153,101900,0,,69,595,244,579,,8,,,,,,31,142,,,,,,,,,66,,41,6,94,,,,,,
????????25,,,,153,116050,0,,71,596,244,579,,9,,,,,,31,148,,,,,,,,,67,,43,7,95,,,,,,
????????26,,,,153,147150,0,,74,598,244,579,,9,,,,,,31,156,,,,,,,,,69,,46,7,95,,,,,,
????????27,,,,153,171500,0,,76,599,244,579,,10,,,,,,31,162,,,,,,,,,70,,49,7,96,,,,,,
????????28,,,,153,224450,0,,81,600,244,579,,10,,,,,,31,174,,,,,,,,,72,,54,8,96,,,,,,
Adventurer Shoes,FOOT\foot1_00200.txt,FOOT\foot2_00200.txt,,153,750,0,3,21,601,244,579,,,,,,,,,,,,,,,,,,46,,5,1,80,,,,,,LFOO029
Visitor Sandals,FOOT\foot1_03400.txt,FOOT\foot2_03400.txt,,153,0,0,2,14,602,244,579,,,,,,,,,,,,,,,,,,44,,2,0,70,,,,,,LFOO030
Soldier Boots,FOOT\foot1_00300.txt,FOOT\foot2_00300.txt,,151,1050,0,5,21,611,228,580,,,,,41,,,31,10,,,,,,,,,46,,7,1,77,,,,,,LFOO031
Iron Boots,FOOT\foot1_005.txt,FOOT\foot2_005.txt,,151,2950,0,5,28,612,228,580,17,1,301,22,41,,,31,30,,,,,,,,,49,,11,1,80,,,,,,LFOO032
Trunket Boots,FOOT\foot1_01700.txt,FOOT\foot2_01700.txt,,151,6350,0,5,35,613,228,580,17,2,302,27,41,,,31,50,,,,,,,,,52,,16,1,80,,,,,,LFOO033
Chrome Boots,FOOT\foot1_02500.txt,FOOT\foot2_02500.txt,,151,13550,0,5,42,614,228,580,17,3,303,32,51,,,31,70,,,,,,,,,55,,21,2,82,,,,,,LFOO034
Mighty Boots,FOOT\foot1_02100.txt,FOOT\foot2_02100.txt,,151,22950,0,6,48,615,228,580,17,4,304,37,51,,,31,88,,,,,,,,,58,,27,2,83,,,,,,LFOO035
Kurash Boots,FOOT\foot1_02600.txt,FOOT\foot2_02600.txt,,151,35400,0,6,53,616,228,580,17,5,305,40,51,,,31,104,,,,,,,,,61,,32,3,84,,,,,,LFOO036
Plate Boots,FOOT\foot1_01100.txt,FOOT\foot2_01100.txt,,151,60000,0,6,59,617,228,580,17,6,306,45,51,,,31,120,,,,,,,,,64,,38,4,82,,,,,,LFOO037
Durable Boots,FOOT\foot1_04800.txt,FOOT\foot2_04800.txt,,151,98775,0,6,64,618,228,580,17,7,307,48,51,,,31,145,,,,,,,,,69,,51,5,84,,,,,,LFOO042
Cedric Boots,FOOT\foot1_05100.txt,FOOT\foot2_05100.txt,,151,132975,0,6,66,619,228,580,17,8,308,51,51,,,31,155,,,,,,,,,73,,60,6,85,,,,,,LFOO038
Execution Boots,FOOT\foot1_05800.txt,FOOT\foot2_05800.txt,,151,187600,0,6,69,620,228,580,17,9,309,56,51,,,31,165,,,,,,,,,86,,67,7,85,,,,,,LFOO039
Abyss Plate Boots,FOOT\foot1_06600.txt,FOOT\foot2_06600.txt,,151,264550,0,6,72,621,228,580,17,10,310,59,51,,,31,175,,,,,,,,,95,,73,8,86,,,,,,LFOO040
Righteous Plate Boots,FOOT\foot1_04800.txt,FOOT\foot2_04800.txt,,151,273350,0,6,75,622,228,580,17,11,,62,51,,,31,185,,,,,,,,,99,,81,9,87,,,,,,LFOO041
Jabberwock Boots,FOOT\foot1_07500.txt,FOOT\foot2_07500.txt,,151,308850,0,10,77,627,228,580,17,12,,67,51,,,31,200,,,,,,,,,108,,92,10,85,,,,,,LFOO043
Obsidian Plate Greaves,FOOT\foot1_08500.txt,FOOT\foot2_08500.txt,,151,329500,0,10,80,632,228,580,,,,,51,,,31,210,,,,,,,,,109,,103,11,89,,,,,,LFOO044
Soldier 1,FOOT\foot1_career001_a.txt,FOOT\foot2_career001_a.txt,,151,1,0,10,80,3296,228,580,,,,,51,,,31,210,,,,,,,,,112,,150,150,89,,,,,,LFOO045
Valiant Guardian Boots of Rebirth,FOOT\foot1_career005_e.txt,FOOT\foot2_career005_e.txt,6,151,201000,0,10,80,3300,228,580,,,,,51,,,111,8,,,,,,,,,75,,13,1,87,,,,,,LFOO046
Soldier 2,FOOT\foot1_career001_1a.txt,FOOT\foot2_career001_1a.txt,,151,1,0,10,80,3305,228,580,,,,,51,,,31,210,,,,,,,,,112,,150,150,89,,,,,,LFOO047
Valiant Guardian Boots,FOOT\foot1_career005_1e.txt,FOOT\foot2_career005_1e.txt,6,151,341300,0,10,80,3309,228,580,,,,,51,,,31,210,,,,10,1,,21,3,110,,110,11,89,,,392,,,LFOO048
Merciful Dawnfrost Boots (Warrior),FOOT\foot1_career_a_001.txt,FOOT\foot2_career_a_001.txt,,151,361001,0,10,65,3313,228,580,,,182,,51,,,31,205,,,,18,-20,,148,-3,55,,115,13,85,23,,,,,LFOO049
Ruthless Dawnfrost Boots (Warrior),FOOT\foot1_career_a_002.txt,FOOT\foot2_career_a_002.txt,,151,361001,0,10,65,3318,228,580,,,182,,51,,,31,205,,,,18,20,,148,2,55,,69,7,85,24,,,,,LFOO050
Aurum Plate Boots,FOOT\foot1_soldier200.txt,FOOT\foot2_soldier200.txt,,151,361001,0,10,80,3825,228,580,,,,,51,,,31,220,,,,,,,,,65,,117,12,85,,,,,,LFOO51
Heavy Frost Boots,FOOT\foot1_sodSoldierBoots.txt,FOOT\foot2_sodSoldierBoots.txt,,153,12000,0,3,73,4857,228,579,,,,,41,,,31,160,,,,,,,,,37,10,387,97,90,,,,,,LFOO52
Harbinger Boots,FOOT\foot1_soldier_master.txt,FOOT\foot2_soldier_master.txt,,151,389887,0,10,81,9611,228,580,,,,,51,,,140,10,,,,,,,,,66,,131,13,85,,,,,,LFOO053
Soldier 2023 1,,,,151,389887,0,10,81,9357,228,580,,,,,51,,,31,228,,,,,,,,,66,,131,13,85,,,,,,LFOO054
Soldier 2023 2,,,,151,389887,0,10,81,9358,228,580,,,,,51,,,31,228,,,,,,,,,66,,131,13,85,,,,,,LFOO055
,,,,,,,,,,,,,,,,,,,,,,,,,,,,,44,,,,,,,,,,
,,,,,,,,,,,,,,,,,,,,,,,,,,,,,44,,,,,,,,,,
,,,,,,,,,,,,,,,,,,,,,,,,,,,,,44,,,,,,,,,,
,,,,,,,,,,,,,,,,,,,,,,,,,,,,,44,,,,,,,,,,
,,,,,,,,,,,,,,,,,,,,,,,,,,,,,44,,,,,,,,,,
Spiritual Shoes,FOOT\foot1_02700.txt,FOOT\foot2_02700.txt,,152,900,0,3,22,637,236,579,,,,,42,,,31,10,,,,,,,,,46,,6,1,77,,,,,,LFOO061
Green Sandals of Witch,FOOT\foot1_01600.txt,FOOT\foot2_01600.txt,,152,2500,0,3,29,638,236,579,18,1,311,22,42,,,31,30,,,,,,,,,49,,10,2,78,,,,,,LFOO062
Purple Sandals of Witch,FOOT\foot1_01200.txt,FOOT\foot2_01200.txt,,152,5700,0,3,36,639,236,579,18,2,312,27,42,,,31,50,,,,,,,,,52,,14,2,80,,,,,,LFOO063
Violet Boots,FOOT\foot1_02400.txt,FOOT\foot2_02400.txt,,152,10700,0,3,43,640,236,579,18,3,313,32,52,,,31,70,,,,,,,,,55,,18,3,80,,,,,,LFOO064
Boots of Shadow,FOOT\foot1_01900.txt,FOOT\foot2_01900.txt,,152,19600,0,3,50,641,236,579,18,4,314,35,52,,,31,88,,,,,,,,,57,,23,4,82,,,,,,LFOO065
Velvet Boots of Witch,FOOT\foot1_00710.txt,FOOT\foot2_00710.txt,,152,29550,0,3,55,642,236,579,18,5,315,40,52,,,31,104,,,,,,,,,60,,27,5,82,,,,,,LFOO066
Heaven's Shoes,FOOT\foot1_04100.txt,FOOT\foot2_04100.txt,,152,45350,0,3,57,643,236,579,18,6,316,50,52,,,31,120,,,,,,,,,62,,32,5,84,,,,,,LFOO067
Fairy Shoes,FOOT\foot1_05000.txt,FOOT\foot2_05000.txt,,152,77220,0,3,61,644,236,579,18,7,317,55,52,,,31,145,,,,,,,,,68,,43,7,85,,,,,,LFOO060
Joker Shoes,FOOT\foot1_05300.txt,FOOT\foot2_05300.txt,,152,106605,0,3,64,645,236,579,18,8,318,60,52,,,31,155,,,,,,,,,71,,51,9,86,,,,,,LFOO068
Mystic Weaver Shoes,FOOT\foot1_06400.txt,FOOT\foot2_06400.txt,,152,143900,0,3,67,646,236,579,18,9,319,70,52,,,31,165,,,,,,,,,74,,59,10,87,,,,,,LFOO069
Serenity Shoes,FOOT\foot1_06000.txt,FOOT\foot2_06000.txt,,152,204650,0,3,69,647,236,579,18,10,320,75,52,,,31,175,,,,,,,,,79,,67,11,88,,,,,,LFOO070
Archmage Shoes,FOOT\foot1_06800.txt,FOOT\foot2_06800.txt,,152,257100,0,3,73,648,236,579,18,11,,80,52,,,31,185,,,,,,,,,82,,75,12,89,,,,,,LFOO071
Dimple Shoes,FOOT\foot1_07200.txt,FOOT\foot2_07200.txt,,152,286050,0,3,76,650,236,579,18,12,,85,52,,,31,200,,,,,,,,,87,,81,13,80,,,,,,LFOO072
Royal Sage Shoes,FOOT\foot1_08200.txt,FOOT\foot2_08200.txt,,152,301300,0,3,78,633,236,579,,,,,52,,,31,210,,,,,,,,,90,,87,14,82,,,,,,LFOO073
Muse 1,FOOT\foot1_career002_b.txt,FOOT\foot2_career002_b.txt,,152,1,0,3,78,3297,236,579,,,,,52,,,31,210,,,,,,,,,92,,150,150,84,,,,,,LFOO074
Caster Shoes of Rebirth,FOOT\foot1_career006_f.txt,FOOT\foot2_career006_f.txt,6,152,221000,0,3,78,3302,236,579,,,,,52,,,111,8,,,,,,,,,75,,11,2,85,,,,,,LFOO075
Muse 2,FOOT\foot1_career002_1b.txt,FOOT\foot2_career002_1b.txt,,152,1,0,3,78,3306,236,579,,,,,52,,,31,210,,,,,,,,,92,,150,150,84,,,,,,LFOO076
Burning Shoes of Caster,FOOT\foot1_career006_1f.txt,FOOT\foot2_career006_1f.txt,6,152,315520,0,3,78,3310,236,579,,,,,52,,,31,210,,,,12,1,,21,3,91,,90,15,84,,,392,,,LFOO077
Merciful Dawnfrost Shoes (Maiden),FOOT\foot1_career_a_003.txt,FOOT\foot2_career_a_003.txt,,152,325189,0,3,65,3315,236,579,,,182,,52,,,31,205,,,,18,-20,,148,-3,55,,101,16,82,25,,,,,LFOO079
Ruthless Dawnfrost Shoes (Maiden),FOOT\foot1_career_a_004.txt,FOOT\foot2_career_a_004.txt,,152,325189,0,3,65,3319,236,579,,,182,,52,,,31,205,,,,18,20,,148,2,55,,60,9,82,26,,,,,LFOO080
Oro's Walker Shoes,FOOT\foot1_muse200.txt,FOOT\foot2_muse200.txt,,152,325189,0,3,78,3838,236,579,,,,,52,,,31,220,,,,,,,,,68,,94,15,82,,,,,,LFOO81
Light Frost Boots,FOOT\foot1_sodMuseBoots.txt,FOOT\foot2_sodMuseBoots.txt,,153,12000,0,3,73,4859,236,579,,,,,42,,,31,160,,,,,,,,,19,24,181,208,90,,,,,,LFOO82
Magus Shoes,FOOT\foot1_muse_master.txt,FOOT\foot2_muse_master.txt,,152,351001,0,3,79,9612,236,579,,,,,52,,,140,10,,,,,,,,,69,,101,16,82,,,,,,LFOO083
Muse 2023 1,,,,152,351001,0,3,79,9360,236,579,,,,,52,,,31,228,,,,,,,,,69,,101,16,82,,,,,,LFOO084
Muse 2023 2,,,,152,351001,0,3,79,9361,236,579,,,,,52,,,31,228,,,,,,,,,69,,101,16,82,,,,,,LFOO085
,,,,,,,,,,,,,,,,,,,,,,,,,,,,,44,,,,,,,,,,
,,,,,,,,,,,,,,,,,,,,,,,,,,,,,44,,,,,,,,,,
,,,,,,,,,,,,,,,,,,,,,,,,,,,,,44,,,,,,,,,,
,,,,,,,,,,,,,,,,,,,,,,,,,,,,,44,,,,,,,,,,
,,,,,,,,,,,,,,,,,,,,,,,,,,,,,44,,,,,,,,,,
Hunter Boots,FOOT\foot1_02200.txt,FOOT\foot2_02200.txt,,151,1050,0,3,24,676,232,579,,,,,43,,,31,10,,,,,,,,,46,,6,1,80,,,,,,LFOO091
Criker Boots,FOOT\foot1_03300.txt,FOOT\foot2_03300.txt,,151,2750,0,3,31,677,232,580,17,1,301,18,43,,,31,30,,,,,,,,,49,,10,1,80,,,,,,LFOO092
Ranger Boots,FOOT\foot1_00700.txt,FOOT\foot2_00700.txt,,151,6450,0,3,38,678,232,579,17,2,302,24,43,,,31,50,,,,,,,,,52,,14,2,85,,,,,,LFOO093
Black Pirate Boots,FOOT\foot1_01500.txt,FOOT\foot2_01500.txt,,151,13050,0,3,45,679,232,579,17,3,303,28,53,,,31,70,,,,,,,,,55,,19,2,85,,,,,,LFOO094
Mariner's Boots,FOOT\foot1_02800.txt,FOOT\foot2_02800.txt,,151,21900,0,3,52,680,232,579,17,4,304,30,53,,,31,88,,,,,,,,,58,,24,3,83,,,,,,LFOO095
Jaguar Boots,FOOT\foot1_02000.txt,FOOT\foot2_02000.txt,,151,32250,0,3,57,681,232,579,17,5,305,34,53,,,31,104,,,,,,,,,60,,28,3,82,,,,,,LFOO096
Wild Hawker Boots,FOOT\foot1_04200.txt,FOOT\foot2_04200.txt,,151,56100,0,3,60,682,232,579,17,6,306,40,53,,,31,120,,,,,,,,,63,,34,4,83,,,,,,LFOO097
Pirate Sandals,FOOT\foot1_04700.txt,FOOT\foot2_04700.txt,,151,84420,0,3,63,683,232,579,17,7,307,43,53,,,31,145,,,,,,,,,68,,45,6,85,,,,,,LFOO090
Silentwalker Boots,FOOT\foot1_05200.txt,FOOT\foot2_05200.txt,,151,115380,0,3,65,684,232,579,17,8,308,48,53,,,31,155,,,,,,,,,72,,53,7,87,,,,,,LFOO098
Triggerman Boots,FOOT\foot1_06300.txt,FOOT\foot2_06300.txt,,151,181850,0,3,68,685,232,579,17,9,309,52,53,,,31,165,,,,,,,,,74,,61,7,88,,,,,,LFOO099
Captain Hawker Boots,FOOT\foot1_05900.txt,FOOT\foot2_05900.txt,,151,255150,0,3,71,686,232,579,17,10,310,55,53,,,31,175,,,,,,,,,78,,69,8,90,,,,,,LFOO100
Netherworld Boots,FOOT\foot1_04700.txt,FOOT\foot2_04700.txt,,151,250800,0,3,74,687,232,579,17,11,,60,53,,,31,185,,,,,,,,,85,,77,9,92,,,,,,LFOO101
Steel Resolve Boots,FOOT\foot1_07400.txt,FOOT\foot2_07400.txt,,151,298700,0,3,76,689,232,579,17,12,,65,53,,,31,200,,,,,,,,,89,,83,10,86,,,,,,LFOO102
Shadow Fall Shoes,FOOT\foot1_08400.txt,FOOT\foot2_08400.txt,,151,337500,0,3,78,634,232,579,,,,,53,,,31,210,,,,,,,,,92,,89,11,88,,,,,,LFOO103
Hawker 1,FOOT\foot1_career003_c.txt,FOOT\foot2_career003_c.txt,,151,1,0,3,78,3298,232,579,,,,,53,,,31,210,,,,,,,,,95,,150,150,90,,,,,,LFOO104
Reckless Ram Boots of Rebirth,FOOT\foot1_career007_g.txt,FOOT\foot2_career007_g.txt,6,151,201000,0,3,78,3303,232,579,,,,,53,,,111,8,,,,,,,,,75,,11,2,100,,,,,,LFOO105
Hawker 2,FOOT\foot1_career003_1c.txt,FOOT\foot2_career003_1c.txt,,151,1,0,3,78,3307,232,579,,,,,53,,,31,210,,,,,,,,,95,,150,150,90,,,,,,LFOO106
Reckless Ram Boots,FOOT\foot1_career007_1g.txt,FOOT\foot2_career007_1g.txt,6,151,351200,0,3,78,3311,232,579,,,,,53,,,31,210,,,,11,1,,21,3,93,,94,11,90,,,392,,,LFOO107
Merciful Dawnfrost Shoes (Hunter),FOOT\foot1_career_a_005.txt,FOOT\foot2_career_a_005.txt,,151,380014,0,3,65,3316,232,579,,,182,,53,,,31,205,,,,18,-20,,148,-3,55,,103,13,95,27,,,,,LFOO109
Ruthless Dawnfrost Shoes (Hunter),FOOT\foot1_career_a_006.txt,FOOT\foot2_career_a_006.txt,,151,380014,0,3,65,3320,232,579,,,182,,53,,,31,205,,,,18,20,,148,2,55,,62,7,95,28,,,,,LFOO110
Raptor Boots,FOOT\foot1_hawker200.txt,FOOT\foot2_hawker200.txt,,151,380014,0,3,78,3851,232,579,,,,,53,,,31,220,,,,,,,,,68,,97,12,95,,,,,,LFOO111
Leather Frost Boots,FOOT\foot1_sodHawker.txt,FOOT\foot2_sodHawker.txt,,153,12000,0,3,73,4858,232,579,,,,,43,,,31,160,,,,,,,,,15,59,218,163,90,,,,,,LFOO112
Rogue's Shoes,FOOT\foot1_hawker_master.txt,FOOT\foot2_hawker_master.txt,,151,425417,0,3,79,9613,232,579,,,,,53,,,140,10,,,,,,,,,69,,105,13,95,,,,,,LFOO113
Hawker 2023 1,,,,151,425417,0,3,79,9362,232,579,,,,,53,,,31,228,,,,,,,,,69,,105,13,95,,,,,,LFOO114
Hawker 2023 2,,,,151,425417,0,3,79,9363,232,579,,,,,53,,,31,228,,,,,,,,,69,,105,13,95,,,,,,LFOO115
,,,,,,,,,,,,,,,,,,,,,,,,,,,,,44,,,,,,,,,,
,,,,,,,,,,,,,,,,,,,,,,,,,,,,,44,,,,,,,,,,
,,,,,,,,,,,,,,,,,,,,,,,,,,,,,44,,,,,,,,,,
,,,,,,,,,,,,,,,,,,,,,,,,,,,,,44,,,,,,,,,,
,,,,,,,,,,,,,,,,,,,,,,,,,,,,,44,,,,,,,,,,
Brown Shoes,FOOT\foot1_03200.txt,FOOT\foot2_03200.txt,,153,1300,0,3,24,702,240,579,,,,,44,,,31,10,,,,,,,,,46,,7,1,80,,,,,,LFOO121
Vibe Shoes,FOOT\foot1_03100.txt,FOOT\foot2_03100.txt,,153,2750,0,3,31,703,240,579,18,1,321,22,44,,,31,30,,,,,,,,,49,,10,1,80,,,,,,LFOO122
Tamiya Shoes,FOOT\foot1_01800.txt,FOOT\foot2_01800.txt,,153,6450,0,3,38,704,240,579,18,2,322,26,44,,,31,50,,,,,,,,,52,,14,2,85,,,,,,LFOO123
Semiya Shoes,FOOT\foot1_02300.txt,FOOT\foot2_02300.txt,,153,13050,0,3,45,705,240,579,18,3,323,30,54,,,31,70,,,,,,,,,55,,19,2,85,,,,,,LFOO124
Merchant Boots,FOOT\foot1_03600.txt,FOOT\foot2_03600.txt,,153,21250,0,3,51,706,240,579,18,4,324,32,54,,,31,88,,,,,,,,,57,,23,3,85,,,,,,LFOO125
Rich Merchant Boots,FOOT\foot1_03500.txt,FOOT\foot2_03500.txt,,153,33900,0,3,56,707,240,579,18,5,325,36,54,,,31,104,,,,,,,,,60,,28,3,85,,,,,,LFOO126
Redfield Chairman Shoes,FOOT\foot1_04400.txt,FOOT\foot2_04400.txt,,153,52150,0,3,62,708,240,579,18,6,326,45,54,,,31,120,,,,,,,,,63,,33,4,85,,,,,,LFOO127
Fisherman Sandals,FOOT\foot1_04900.txt,FOOT\foot2_04900.txt,,153,80595,0,3,65,709,240,579,18,7,327,49,54,,,31,145,,,,,,,,,68,,44,6,85,,,,,,LFOO120
Bomber Shoes,FOOT\foot1_05400.txt,FOOT\foot2_05400.txt,,153,113085,0,3,67,710,240,579,18,8,328,52,54,,,31,155,,,,,,,,,71,,52,7,87,,,,,,LFOO128
Cart Racer Shoes,FOOT\foot1_06500.txt,FOOT\foot2_06500.txt,,153,161300,0,3,69,711,240,579,18,9,329,55,54,,,31,165,,,,,,,,,74,,60,7,87,,,,,,LFOO129
Bourgeois Shoes,FOOT\foot1_06100.txt,FOOT\foot2_06100.txt,,153,224250,0,3,71,712,240,579,18,10,330,60,54,,,31,175,,,,,,,,,77,,68,8,90,,,,,,LFOO130
Noble Lord Shoes,FOOT\foot1_04900.txt,FOOT\foot2_04900.txt,,153,264850,0,3,73,713,240,579,18,11,,70,54,,,31,185,,,,,,,,,82,,76,9,91,,,,,,LFOO131
Mana Steam Shoes,FOOT\foot1_07300.txt,FOOT\foot2_07300.txt,,153,295450,0,3,75,715,240,579,18,12,,75,54,,,31,200,,,,,,,,,90,,82,10,91,,,,,,LFOO132
Mana Fusion Boots,FOOT\foot1_08300.txt,FOOT\foot2_08300.txt,,153,324100,0,3,76,635,240,579,,,,,54,,,31,210,,,,,,,,,93,,88,11,94,,,,,,LFOO133
Dealer 1,FOOT\foot1_career004_d.txt,FOOT\foot2_career004_d.txt,,153,1,0,3,76,3299,240,579,,,,,54,,,31,210,,,,,,,,,95,,150,150,96,,,,,,LFOO134
Staid Gentleman Shoes of Rebirth,FOOT\foot1_career008_h.txt,FOOT\foot2_career008_h.txt,6,153,201000,0,3,76,3304,240,579,,,,,54,,,111,8,,,,,,,,,75,,10,2,95,,,,,,LFOO135
Dealer 2,FOOT\foot1_career004_1d.txt,FOOT\foot2_career004_1d.txt,,153,1,0,3,76,3308,240,579,,,,,54,,,31,210,,,,,,,,,95,,150,150,96,,,,,,LFOO136
Staid Gentleman Shoes,FOOT\foot1_career008_1h.txt,FOOT\foot2_career008_1h.txt,6,153,338300,0,3,76,3312,240,579,,,,,54,,,31,210,,,,13,1,,21,3,94,,92,11,96,,,392,,,LFOO137
Merciful Dawnfrost Shoes (Trader),FOOT\foot1_career_a_007.txt,FOOT\foot2_career_a_007.txt,,153,354778,0,3,65,3317,240,579,,,182,,54,,,31,205,,,,18,-20,,148,-3,55,,102,7,90,29,,,,,LFOO139
Ruthless Dawnfrost Shoes (Trader),FOOT\foot1_career_a_008.txt,FOOT\foot2_career_a_008.txt,,153,354778,0,3,65,3321,240,579,,,182,,54,,,31,205,,,,18,20,,148,2,55,,61,13,90,30,,,,,LFOO140
Mercenary Boots,FOOT\foot1_dealer200.txt,FOOT\foot2_dealer200.txt,,153,354778,0,3,76,3864,240,579,,,,,54,,,31,220,,,,,,,,,68,,96,12,90,,,,,,LFOO141
Sturdy Frost Boots,FOOT\foot1_sodDealerBoots.txt,FOOT\foot2_sodDealerBoots.txt,,153,12000,0,3,73,4860,240,579,,,,,44,,,31,160,,,,,,,,,28,34,302,117,90,,,,,,LFOO142
Judgement Shoes,FOOT\foot1_dealer_master.txt,FOOT\foot2_dealer_master.txt,,153,390014,0,3,77,9614,240,579,,,,,54,,,140,10,,,,,,,,,69,,104,13,90,,,,,,LFOO143
Dealer 2023 1,,,,153,390014,0,3,77,9364,240,579,,,,,54,,,31,228,,,,,,,,,69,,104,13,90,,,,,,LFOO144
Dealer 2023 2,,,,153,390014,0,3,77,9365,240,579,,,,,54,,,31,228,,,,,,,,,69,,104,13,90,,,,,,LFOO145
,,,,,,,,,,,,,,,,,,,,,,,,,,,,,,,,,,,,,,,
,,,,,,,,,,,,,,,,,,,,,,,,,,,,,,,,,,,,,,,
,,,,,,,,,,,,,,,,,,,,,,,,,,,,,,,,,,,,,,,
Santa Disguise Kit Dont Edit,,,,,,,,,,,,,,,,,,,,,,,,,,,,,,,,,,,,,,,
ET Shoes,FOOT\foot_ET.txt,FOOT\foot_ET.txt,6,153,0,0,3,50,661,236,579,,,,,,,,,,,,,29,60,,25,5000,850,0,999,999,100,,,,,,LFOO150
GM Shoes,FOOT\foot1_04500.txt,FOOT\foot2_04500.txt,6,153,0,0,3,50,590,236,579,,,,,,,,,,,,,29,60,,23,1000,850,0,999,999,100,,,,,,LFOO151
Santa Boots,FOOT\foot1_04300.txt,FOOT\foot2_04300.txt,7,153,1500,0,3,22,587,236,579,,,,,,,,,,,,,,,,,,20,,5,3,85,,,,,,LFOO152
Plastic Shoes,FOOT\foot1_04600.txt,FOOT\foot2_04600.txt,7,153,1500,0,3,20,591,236,579,,,,,,,,,,,,,,,,,,18,,3,6,82,,,,,,LFOO153
Adventurer's Shoes,FOOT\foot1_006.txt,FOOT\foot2_006.txt,2,153,1200,0,2,23,577,244,579,,,,,,,,31,14,,,,38,10,,,,47,,6,2,80,,,,,,LFOO154
,,,,,,,,,,,,,,,,,,,,,,,,,,,,,,,,,,,,,,,
,,,,,,,,,,,,,,,,,,,,,,,,,,,,,,,,,,,,,,,
Beach Flipflops,FOOT\foot1_05700.txt,FOOT\foot2_05700.txt,7,153,1000,0,2,23,592,244,579,,,,,,,,,,,,,,,,,,47,10,5,2,80,,,,,,LFOO157
,,,,,,,,,,,,,,,,,,,,,,,,,,,,,,,,,,,,,,,
,,,,,,,,,,,,,,,,,,,,,,,,,,,,,,,,,,,,,,,
????????????01_????????01,FOOT\foot1_20200.txt,FOOT\foot2_20200.txt,2,153,1000,0,2,23,593,244,579,,,,,,,,,,,,,,,,,,47,,5,2,80,,,,,,LFOO160
Lucille Party Shoes,FOOT\foot1_20300.txt,FOOT\foot2_20300.txt,7,153,1000,0,2,23,594,244,579,,,,,,,,,,,,,,,,,,47,,5,2,80,,,,,,LFOO161
,,,,,,,,,,,,,,,,,,,,,,,,,,,,,,,,,,,,,,,
Hogan Boots,FOOT\foot1_20400.txt,FOOT\foot2_20400.txt,7,153,1000,0,2,23,595,244,579,,,,,,,,,,,,,14,30,,,,47,,6,6,80,,,,,,LFOO163
White Santa Boots,FOOT\foot1_20700.txt,FOOT\foot2_20700.txt,7,153,1000,0,2,23,598,244,579,,,,,,,,,,,,,,,,,,47,,5,2,80,,,,,,LFOO164
,,,,,,,,,,,,,,,,,,,,,,,,,,,,,,,,,,,,,,,
Fairy Gift Shoes,FOOT\foot1_05300.txt,FOOT\foot2_05300.txt,6,152,10,0,3,31,644,236,579,,,,,,,,,,,,,,,,,,50,,24,1,85,,,,,,LFOO166
Fairy Bless Shoes,FOOT\foot1_05300.txt,FOOT\foot2_05300.txt,6,152,10,0,3,31,644,236,579,,,,,,,,,,,,,,,,,,50,,24,1,85,,,,,,LFOO167
Conjurer's Shoes,FOOT\foot1_30100.txt,FOOT\foot2_30100.txt,,152,1500,0,2,81,9369,236,579,,,,102,42,,,,,,,,14,8,,62,10,70,5,40,10,80,19,,,,,LFOO168
Snowboard Boots,FOOT\foot1_20800.txt,FOOT\foot2_20800.txt,6,153,1000,0,2,23,599,244,579,,,,,,,,,,,,,,,,,,30,,5,2,80,,,,,,LFOO165
Yellow Cleats,FOOT\foot1_21600.txt,FOOT\foot2_21600.txt,7,153,1000,0,2,23,607,244,579,,,,,,,,,,,,,,,,,,30,,5,2,85,,,,,,LFOO170
Red Cleats,FOOT\foot1_21010.txt,FOOT\foot2_21010.txt,7,153,1000,0,2,23,604,244,579,,,,,,,,,,,,,,,,,,30,,5,2,85,,,,,,LFOO171
Blue and White Cleats,FOOT\foot1_21110.txt,FOOT\foot2_21110.txt,7,153,1000,0,2,23,605,244,579,,,,,,,,,,,,,,,,,,30,,5,2,85,,,,,,LFOO172
White Cleats,FOOT\foot1_21210.txt,FOOT\foot2_21210.txt,7,153,1000,0,2,23,608,244,579,,,,,,,,,,,,,,,,,,30,,5,2,85,,,,,,LFOO173
Blue Cleats,FOOT\foot1_21310.txt,FOOT\foot2_21310.txt,7,153,1000,0,2,23,606,244,579,,,,,,,,,,,,,,,,,,30,,5,2,85,,,,,,LFOO174
Clan War School Shoes,FOOT\foot1_07100.txt,FOOT\foot2_07100.txt,6,153,1000,0,2,23,600,244,579,,,,,,,,,,,,,,,,,,30,,5,2,85,,,,,,LFOO175
Rudolph Boots,FOOT\foot1_22000.txt,FOOT\foot21_22000.txt,7,153,1000,0,2,23,568,244,579,,,,,,,,,,,,,,,,,,30,,5,2,85,,,,,,LFOO176
Cheerful Rudolph Boots,FOOT\foot1_22000.txt,FOOT\foot21_22000.txt,6,153,100,0,2,23,7358,244,579,,,,,,,,,,,,,,,,,,30,,5,2,85,,,,,,LFOO177
,,,,,,,,,,,,,,,,,,,,,,,,,,,,,,,,,,,,,,,
Christmas Cheer Boots,FOOT\foot1_cristmas2010.txt,FOOT\foot2_cristmas2010.txt,6,153,0,0,3,50,4501,244,579,,,,,,,,,,,,,,,,,,30,30,20,10,80,,,,,,LFOO179
Blue Santa Boots,FOOT\foot1_20600.txt,FOOT\foot2_20600.txt,7,153,1000,0,2,23,596,244,579,,,,,,,,,,,,,,,,,,30,,5,5,80,,,,,,LFOO180
Navy Blue Magic School Shoes,FOOT\foot1_20900.txt,FOOT\foot2_20900.txt,,153,1000,0,2,23,600,244,579,,,,62,,,,31,83,,,,14,8,,23,8,51,5,25,8,80,,,,,,LFOO181
Yellow Rubber Boots,FOOT\foot1_21000.txt,FOOT\foot2_21000.txt,7,153,1500,0,3,22,603,248,579,,,,,,,,,,,,,14,5,,,,30,,5,3,85,,,,,,LFOO182
Wooden Sandals,FOOT\foot1_21500.txt,FOOT\foot2_21500.txt,7,151,1500,0,6,81,609,228,580,,,,,,,,,,,,,14,5,,,,30,,5,3,85,,,,,,LFOO183
New Abyss Plate Boots,FOOT\foot1_06600.txt,FOOT\foot2_06600.txt,6,151,1500,0,6,81,604,228,580,,,,,,,,31,120,,,,23,1,,10,5,30,,100,4,86,,,,,,LFOO184
New Serenity Shoes,FOOT\foot1_06800.txt,FOOT\foot2_06800.txt,6,152,1500,0,3,84,604,236,579,,,,,,,,31,120,,,,23,10,,12,5,30,,140,10,88,,,,,,LFOO185
New Captain Boots,FOOT\foot1_04700.txt,FOOT\foot2_04700.txt,6,151,1500,0,3,86,604,232,579,,,,,,,,31,210,,,,23,10,,11,5,30,,146,8,90,,,,,,LFOO186
New Bourgeois Shoes,FOOT\foot1_04900.txt,FOOT\foot2_04900.txt,6,153,1500,0,3,84,604,240,579,,,,,,,,31,120,,,,23,10,,15,5,30,,143,8,90,,,,,,LFOO187
White Magic School Shoes,FOOT\foot1_07100.txt,FOOT\foot2_07100.txt,,153,1000,0,2,23,624,244,579,,,,84,,,,31,97,,,,14,8,,23,8,52,5,28,8,80,,,,,,LFOO188
Servant's Boots,FOOT\foot1_22300.txt,FOOT\foot2_22300.txt,7,153,1500,0,2,81,651,244,579,,,,,,,,0,0,,,,18,5,,14,15,30,,10,10,80,,,,,,LFOO189
Boxing shoes,FOOT\foot1_22400.txt,FOOT\foot2_22400.txt,7,153,1500,0,2,81,652,244,579,,,,,,,,0,0,,,,11,5,,23,20,30,,10,10,80,,,,,,LFOO190
Gachapin Shoes,FOOT\foot1_30000.txt,FOOT\foot2_30000.txt,,153,1500,0,2,81,653,244,579,,,,102,,,,0,0,,,,14,8,,23,8,70,5,42,8,80,,,,,,LFOO191
Mukku Shoes,FOOT\foot1_30100.txt,FOOT\foot2_30100.txt,,153,1500,0,2,81,654,244,579,,,,102,,,,0,0,,,,14,8,,24,8,70,5,42,8,80,,,,,,LFOO192
Maid Brown Shoes,FOOT\foot1_31300.txt,FOOT\foot2_31300.txt,7,153,1000,0,2,23,655,244,597,,,,,,,,,,,,,15,5,,14,15,30,,10,10,80,,,,,,LFOO193
Bunny Chan Shoes,FOOT\foot1_F01940.txt,FOOT\foot2_F01940.txt,7,153,1000,0,2,23,657,244,579,,,,,,,,,,,,,11,4,,14,10,30,,10,10,80,,,,,,LFOO194
High-heeled shoe of white,FOOT\foot1_F01950.txt,FOOT\foot2_F01950.txt,6,153,1000,0,2,23,658,244,579,,,,,,,,,,,,,15,4,,14,10,30,,10,10,80,,,,,,LFOO195
Transparent Shoes,,,,153,100000,0,2,10,5133,244,579,,,,,,,,,,,,,,,,,,30,,0,0,70,,,,,,LFOO196
Autumn the magic school shoes,FOOT\foot1_F01970.txt,FOOT\foot2_F01970.txt,,153,1000,0,2,23,660,244,579,,,,,,,,,,,,,,,,,,30,,8,8,80,,,,,,LFOO197
Purple Rubber Boots,FOOT\foot1_21000.txt,FOOT\foot2_21000.txt,6,153,1500,0,3,22,603,248,579,,,,,,,,,,,,,,,,,,30,,5,3,85,,,,,,LFOO198
Blue Servant's Boots,FOOT\foot1_22300.txt,FOOT\foot2_22300.txt,7,153,1000,0,2,20,2806,244,579,,,,,,,,0,0,,,,,,,,,30,,10,10,80,,,,,,LFOO199
???C?h?????V???[?Y??,FOOT\foot1_F02000.txt,FOOT\foot2_F02000.txt,6,153,1000,0,2,100,656,244,579,,,,,,,,,,,,,12,5,,14,15,30,,10,10,80,,,,,,LFOO200
Dash Shoes,FOOT\foot1_00200.txt,FOOT\foot2_00200.txt,,153,750,0,3,27,575,244,579,,,,,0,,,31,9,,,,0,0,,0,0,44,,8,4,80,,,,,4,LFOO005
Shoes of Iguje,FOOT\foot1_006.txt,FOOT\foot2_006.txt,,153,950,0,2,25,576,244,579,,,,,0,,,31,9,,,,0,0,,0,0,41,,9,4,80,,,,,2,LFOO006
Shoes of Iguje,FOOT\foot1_006.txt,FOOT\foot2_006.txt,,153,950,0,2,28,576,244,579,,,,,0,,,31,12,,,,0,0,,0,0,45,,10,4,80,,,,,4,LFOO006
Islamic Shoes,FOOT\foot1_006.txt,FOOT\foot2_006.txt,,153,1100,0,2,26,577,244,579,,,,,0,,,31,13,,,,0,0,,0,0,41,,8,5,80,,,,,2,LFOO007
Islamic Shoes,FOOT\foot1_006.txt,FOOT\foot2_006.txt,,153,1100,0,2,29,577,244,579,,,,,0,,,31,16,,,,0,0,,0,0,44,,9,5,80,,,,,3,LFOO007
Islamic Shoes,FOOT\foot1_006.txt,FOOT\foot2_006.txt,,153,1100,0,2,31,577,244,579,,,,,0,,,31,18,,,,0,0,,0,0,47,,10,6,80,,,,,4,LFOO007
Field Walkers,FOOT\foot1_00300.txt,FOOT\foot2_00300.txt,,153,1400,0,2,29,578,244,579,,,,,0,,,31,19,,,,0,0,,0,0,43,,10,4,80,,,,,2,LFOO008
Field Walkers,FOOT\foot1_00300.txt,FOOT\foot2_00300.txt,,153,1400,0,2,31,578,244,579,,,,,0,,,31,21,,,,0,0,,0,0,45,,11,4,80,,,,,3,LFOO008
Field Walkers,FOOT\foot1_00300.txt,FOOT\foot2_00300.txt,,153,1400,0,2,33,578,244,579,,,,,0,,,31,23,,,,0,0,,0,0,47,,11,5,80,,,,,4,LFOO008
Wild Walkers,FOOT\foot1_00300.txt,FOOT\foot2_00300.txt,,153,1900,0,2,31,579,244,579,,,,,0,,,31,24,,,,0,0,,0,0,43,,11,4,85,,,,,2,LFOO009
Wild Walkers,FOOT\foot1_00300.txt,FOOT\foot2_00300.txt,,153,1900,0,2,33,579,244,579,,,,,0,,,31,26,,,,0,0,,0,0,46,,12,5,85,,,,,3,LFOO009
Wild Walkers,FOOT\foot1_00300.txt,FOOT\foot2_00300.txt,,153,1900,0,2,35,579,244,579,,,,,0,,,31,28,,,,0,0,,0,0,48,,13,5,85,,,,,4,LFOO009
Land Walkers,FOOT\foot1_00700.txt,FOOT\foot2_00700.txt,,153,2200,0,2,31,580,244,579,,,,,0,,,31,28,,,,0,0,,0,0,43,,12,4,80,,,,,2,LFOO010
Land Walkers,FOOT\foot1_00700.txt,FOOT\foot2_00700.txt,,153,2200,0,2,34,580,244,579,,,,,0,,,31,31,,,,0,0,,0,0,46,,13,5,80,,,,,3,LFOO010
Land Walkers,FOOT\foot1_00700.txt,FOOT\foot2_00700.txt,,153,2200,0,2,36,580,244,579,,,,,0,,,31,33,,,,0,0,,0,0,48,,14,5,80,,,,,4,LFOO010
Earth Walkers,FOOT\foot1_00700.txt,FOOT\foot2_00700.txt,,153,3000,0,2,34,581,244,579,,,,,0,,,31,34,,,,0,0,,0,0,44,,14,4,85,,,,,2,LFOO011
Earth Walkers,FOOT\foot1_00700.txt,FOOT\foot2_00700.txt,,153,3000,0,2,36,581,244,579,,,,,0,,,31,36,,,,0,0,,0,0,47,,14,5,85,,,,,3,LFOO011
Earth Walkers,FOOT\foot1_00700.txt,FOOT\foot2_00700.txt,,153,3000,0,2,37,581,244,579,,,,,0,,,31,37,,,,0,0,,0,0,48,,15,5,85,,,,,4,LFOO011
Marble Shoes,FOOT\foot1_01000.txt,FOOT\foot2_01000.txt,,153,3700,0,2,35,582,244,579,,,,,0,,,31,38,,,,0,0,,0,0,44,,14,4,85,,,,,2,LFOO012
Marble Shoes,FOOT\foot1_01000.txt,FOOT\foot2_01000.txt,,153,3700,0,2,37,582,244,579,,,,20,0,,,31,40,,,,0,0,,0,0,46,5,15,5,85,,,,,3,LFOO012
Marble Shoes,FOOT\foot1_01000.txt,FOOT\foot2_01000.txt,,153,3700,0,2,39,582,244,579,,,,21,0,,,31,42,,,,0,0,,0,0,48,5,16,5,85,,,,,4,LFOO012
Luxurious Marble Shoes,FOOT\foot1_01000.txt,FOOT\foot2_01000.txt,,153,4900,0,2,38,583,244,579,,,,21,0,,,31,44,,,,0,0,,0,0,46,5,16,6,90,,,,,2,LFOO013
Luxurious Marble Shoes,FOOT\foot1_01000.txt,FOOT\foot2_01000.txt,,153,4900,0,2,40,583,244,579,,,,23,0,,,31,46,,,,0,0,,0,0,48,5,17,6,90,,,,,3,LFOO013
Luxurious Marble Shoes,FOOT\foot1_01000.txt,FOOT\foot2_01000.txt,,153,4900,0,2,42,583,244,579,,,,25,0,,,31,48,,,,0,0,,0,0,50,5,18,7,90,,,,,4,LFOO013
Junior Shoes,FOOT\foot1_03700.txt,FOOT\foot2_03700.txt,,153,6600,0,2,42,585,244,579,,,,34,0,,,31,54,,,,0,0,,0,0,47,5,18,6,85,,,,,2,LFOO014
Junior Shoes,FOOT\foot1_03700.txt,FOOT\foot2_03700.txt,,153,6600,0,2,43,585,244,579,,,,38,0,,,31,55,,,,0,0,,0,0,48,5,19,6,85,,,,,3,LFOO014
Junior Shoes,FOOT\foot1_03700.txt,FOOT\foot2_03700.txt,,153,6600,0,2,45,585,244,579,,,,42,0,,,31,57,,,,0,0,,0,0,50,5,20,7,85,,,,,4,LFOO014
Senior Shoes,FOOT\foot1_03800.txt,FOOT\foot2_03800.txt,,153,9200,0,2,45,586,244,579,,,,54,0,,,31,62,,,,0,0,,0,0,48,5,21,6,87,,,,,2,LFOO015
Senior Shoes,FOOT\foot1_03800.txt,FOOT\foot2_03800.txt,,153,9200,0,2,46,586,244,579,,,,56,0,,,31,63,,,,0,0,,0,0,49,5,21,7,87,,,,,3,LFOO015
Senior Shoes,FOOT\foot1_03800.txt,FOOT\foot2_03800.txt,,153,9200,0,2,47,586,244,579,,,,60,0,,,31,64,,,,0,0,,0,0,50,5,22,7,87,,,,,3,LFOO015
Senior Shoes,FOOT\foot1_03800.txt,FOOT\foot2_03800.txt,,153,9200,0,2,49,586,244,579,,,,66,0,,,31,66,,,,0,0,,0,0,52,5,23,8,87,,,,,4,LFOO015
Redfield Green Shoes,FOOT\foot1_04000.txt,FOOT\foot2_04000.txt,,153,13500,0,0,44,587,244,579,,,,,0,,,31,59,,,,0,0,,0,0,47,,19,6,85,,,,,2,LFOO016
Redfield Green Shoes,FOOT\foot1_04000.txt,FOOT\foot2_04000.txt,,153,13500,0,0,45,587,244,579,,,,,0,,,31,60,,,,0,0,,0,0,49,,20,6,85,,,,,3,LFOO016
Redfield Green Shoes,FOOT\foot1_04000.txt,FOOT\foot2_04000.txt,,153,13500,0,0,46,587,244,579,,,,,0,,,31,61,,,,0,0,,0,0,50,,20,7,85,,,,,3,LFOO016
Redfield Green Shoes,FOOT\foot1_04000.txt,FOOT\foot2_04000.txt,,153,13500,0,0,48,587,244,579,,,,,0,,,31,63,,,,0,0,,0,0,52,,21,7,85,,,,,4,LFOO016
Redfield Black Shoes,FOOT\foot1_03900.txt,FOOT\foot2_03900.txt,,153,17300,0,0,46,588,244,579,,,,,0,,,31,64,,,,0,0,,0,0,48,,22,6,85,,,,,2,LFOO017
Redfield Black Shoes,FOOT\foot1_03900.txt,FOOT\foot2_03900.txt,,153,17300,0,0,47,588,244,579,,,,,0,,,31,65,,,,0,0,,0,0,49,,22,7,85,,,,,3,LFOO017
Redfield Black Shoes,FOOT\foot1_03900.txt,FOOT\foot2_03900.txt,,153,17300,0,0,48,588,244,579,,,,,0,,,31,66,,,,0,0,,0,0,50,,23,7,85,,,,,3,LFOO017
Redfield Black Shoes,FOOT\foot1_03900.txt,FOOT\foot2_03900.txt,,153,17300,0,0,50,588,244,579,,,,,0,,,31,68,,,,0,0,,0,0,53,,24,8,85,,,,,4,LFOO017
Leprechaun Shoes,FOOT\leprechaun.txt,FOOT\leprechaun.txt,6,153,22450,0,0,48,3508,244,579,,,,,0,,,,,,,,38,100,,,,75,,23,30,87,,,,,,LFOO240
Senior Magic School Shoes,FOOT\foot1_07100.txt,FOOT\foot2_07100.txt,,153,1000,0,2,23,2376,244,579,,,,,,,,31,120,114,50,,14,13,,23,13,52,,38,15,100,,,,,,LFOO241
???? ????????18,0,0,,153,22450,0,0,50,589,244,579,,,,,0,,,31,71,,,,0,0,,0,0,51,,24,8,87,,,,,3,
???? ????????18,0,0,,153,22450,0,0,52,589,244,579,,,,,0,,,31,73,,,,0,0,,0,0,53,,25,9,87,,,,,4,
???? ????????19,0,0,,153,27450,0,0,50,590,244,579,,,,,0,,,31,74,,,,0,0,,0,0,49,,24,8,90,,,,,2,
Jellybean Shoes,FOOT\FOOT1_mjJB.txt,FOOT\FOOT2_mjJB.txt,7,153,0,0,2,0,4774,240,579,,,,,,,,,,,,,,,,,,30,,10,8,70,,,,,,LFOO245
Blue Aqua Flippers,FOOT\FOOT1_mjag.txt,FOOT\FOOT2_mjag.txt,7,153,0,0,2,0,4775,240,579,,,,,,,,,,,,,,,,,,30,,10,8,70,,,,,,LFOO246
Moldie Footpads,FOOT\FOOT1_mjm_b.txt,FOOT\FOOT2_mjm_b.txt,7,153,0,0,2,0,4776,240,579,,,,,,,,,,,,,,,,,,30,,10,8,70,,,,,,LFOO247
Rackie Footpads,FOOT\FOOT1_mjR.txt,FOOT\FOOT1_mjR.txt,7,153,0,0,2,0,4777,240,579,,,,,,,,,,,,,,,,,,30,,10,8,70,,,,,,LFOO248
Woopie Chef Footpads,FOOT\FOOT1_mjw.txt,FOOT\FOOT2_mjw.txt,7,153,0,0,2,0,4778,240,579,,,,,,,,,,,,,,,,,,30,,10,8,70,,,,,,LFOO249
Aqua King Flippers,FOOT\FOOT1_mjag_g.txt,FOOT\FOOT2_mjag_g.txt,7,153,0,0,2,0,4779,240,579,,,,,,,,,,,,,,,,,,30,,10,8,70,,,,,,LFOO250
Manager Moldie Footpads,FOOT\FOOT1_mjm_g.txt,FOOT\FOOT2_mjm_g.txt,7,153,0,0,2,0,4780,240,579,,,,,,,,,,,,,,,,,,30,,10,8,70,,,,,,LFOO251
Vagabond Rackie Footpads,FOOT\FOOT1_mjR_a.txt,FOOT\FOOT1_mjR_a.txt,7,153,0,0,2,0,4781,240,579,,,,,,,,,,,,,,,,,,30,,10,8,70,,,,,,LFOO252
Woopie King Footpads,FOOT\FOOT1_mjw_g.txt,FOOT\FOOT2_mjw_g.txt,7,153,0,0,2,0,4782,240,579,,,,,,,,,,,,,,,,,,30,,10,8,70,,,,,,LFOO253
Elite Pomic Soldier Boots,FOOT\FOOT1_mjA.txt,FOOT\FOOT2_mjA.txt,7,153,0,0,2,0,4784,240,579,,,,,,,,,,,,,,,,,,30,,10,8,70,,,,,,LFOO254
"Candle Ghost ""Feet""",FOOT\FOOT1_inv.txt,FOOT\FOOT2_inv.txt,7,153,0,0,0,0,4785,240,579,,,,,,,,,,,,,,,,,,30,,10,8,70,,,,,,LFOO255
???? ????????22,0,0,,153,51250,0,0,55,593,244,579,,,,,0,,,31,89,,,,0,0,,0,0,51,,29,8,92,,,,,2,
???? ????????22,0,0,,153,51250,0,0,56,593,244,579,,,,,0,,,31,90,,,,0,0,,0,0,52,,29,8,92,,,,,3,
???? ????????22,0,0,,153,51250,0,0,57,593,244,579,,,,,0,,,31,91,,,,0,0,,0,0,53,,30,9,92,,,,,3,
???? ????????22,0,0,,153,51250,0,0,59,593,244,579,,,,,0,,,31,93,,,,0,0,,0,0,56,,31,10,92,,,,,4,
???? ????????23,0,0,,153,51250,0,0,57,594,244,579,,,,,0,,,31,94,,,,0,0,,0,0,52,,31,9,90,,,,,2,
Devil Feet,FOOT\foot1_devil.txt,FOOT\foot2_devil.txt,6,153,1000,0,2,23,3797,244,579,,,,,,,,,,,,,,,,,,35,,15,10,80,,,,,,LFOO261
Frankenfeet,FOOT\foot1_frankenstien.txt,FOOT\foot2_frankenstien.txt,6,153,1000,0,2,23,3798,244,579,,,,,,,,,,,,,,,,,,35,,15,10,80,,,,,,LFOO262
Mummy Feet,FOOT\foot1_mummy.txt,FOOT\foot2_mummy.txt,6,153,1000,0,2,23,3799,244,579,,,,,,,,,,,,,,,,,,35,,15,10,80,,,,,,LFOO263
Vampire Feet,FOOT\foot1_vampire.txt,FOOT\foot2_vampire.txt,6,153,1000,0,2,23,3800,244,579,,,,,,,,,,,,,,,,,,35,,15,10,80,,,,,,LFOO264
Werewolf Paws,FOOT\foot1_werewolf.txt,FOOT\foot2_werewolf.txt,6,153,1000,0,2,23,3801,244,579,,,,,,,,,,,,,,,,,,35,,15,10,80,,,,,,LFOO265
Wicked Boots,FOOT\foot1_warlock.txt,FOOT\foot2_witch.txt,6,153,1000,0,2,23,3802,244,579,,,,,,,,,,,,,,,,,,35,,15,10,80,,,,,,LFOO266
Zombie Feet,FOOT\foot1_zombie.txt  ,FOOT\foot2_zombie.txt  ,6,153,1000,0,2,23,3803,244,579,,,,,,,,,,,,,,,,,,35,,15,10,80,,,,,,LFOO267
Storybook Shoes,FOOT\foot1_Halloween2010_01.txt,FOOT\foot2_Halloween2010_01.txt,6,153,0,0,2,23,4306,244,579,,,,,,,,,,,,,,,,,,100,,20,10,80,,,,,,LFOO268
Tea Party Footgear,FOOT\foot1_Halloween2010_02.txt,FOOT\foot2_Halloween2010_02.txt,6,153,0,0,2,23,4307,244,579,,,,,,,,,,,,,,,,,,100,,20,10,80,,,,,,LFOO269
Fable Shoes,FOOT\foot1_Halloween2010_03.txt,FOOT\foot2_Halloween2010_03.txt,6,153,0,0,2,23,4308,244,579,,,,,,,,,,,,,,,,,,100,,20,10,80,,,,,,LFOO270
Fairy Tale Shoes,FOOT\foot1_Halloween2010_04.txt,FOOT\foot2_Halloween2010_04.txt,6,153,0,0,2,23,4309,244,579,,,,,,,,,,,,,,,,,,100,,20,10,80,,,,,,LFOO271
Arumic Uniform Shoes,FOOT\foot1_09200.txt,FOOT\foot2_09200.txt,,153,0,0,2,42,4310,244,579,,,,40,,4,,,,,,,23,90,,,,47,,13,11,87,,,,,,LFOO272
Junon Order Uniform Shoes,FOOT\foot1_09300.txt,FOOT\foot2_09300.txt,,153,0,0,2,42,4311,244,579,,,,40,,1,,,,,,,23,90,,,,46,,13,11,87,,,,,,LFOO273
Righteous Crusaders Uniform Shoes,FOOT\foot1_09000.txt,FOOT\foot2_09000.txt,,153,0,0,2,42,4312,244,579,,,,40,,3,,,,,,,23,90,,,,47,,13,11,87,,,,,,LFOO274
Ferrell Guild Uniform Shoes,FOOT\foot1_09100.txt,FOOT\foot2_09100.txt,,153,0,0,2,42,4313,244,579,,,,40,,5,,,,,,,23,90,,,,47,,13,11,87,,,,,,LFOO275
Blue Snowboard Boots,FOOT\foot1_20800b.txt,FOOT\foot2_20800b.txt,,153,1000,0,2,23,4314,244,579,,,,,,,,,,,,,21,30,,,,100,,20,10,80,,,,,,LFOO276
Purple Snowboard Boots,FOOT\foot1_20800p.txt,FOOT\foot2_20800p.txt,,153,1000,0,2,23,4288,244,579,,,,,,,,,,,,,21,30,,,,100,,20,10,80,,,,,,LFOO277
Eclipse Ice Skates,FOOT\foot1_skateBlack.txt,FOOT\foot2_skateBlack.txt,6,153,1000,0,2,23,4332,244,579,,,,,,,,,,,,,,,,,,100,,20,10,80,,,,,,LFOO278
Undersea Ice Skates,FOOT\foot1_skateBlue.txt,FOOT\foot2_skateBlue.txt,6,153,1000,0,2,23,4333,244,579,,,,,,,,,,,,,,,,,,100,,20,10,80,,,,,,LFOO279
Exotic Ice Skates,FOOT\foot1_skateRed.txt,FOOT\foot2_skateRed.txt,6,153,1000,0,2,23,4334,244,579,,,,,,,,,,,,,,,,,,100,,20,10,80,,,,,,LFOO280
Floral Ice Skates,FOOT\foot1_skateWhite.txt,FOOT\foot2_skateWhite.txt,6,153,1000,0,2,23,4335,244,579,,,,,,,,,,,,,,,,,,100,,20,10,80,,,,,,LFOO281
???? ????????28,0,0,,153,135350,0,0,69,600,244,579,,,,,0,,,31,121,,,,0,0,,0,0,57,,41,12,96,,,,,3,
???? ????????28,0,0,,153,135350,0,0,71,600,244,579,,,,,0,,,31,123,,,,0,0,,0,0,59,,42,13,96,,,,,4,
???? ????????29,0,0,,153,148800,0,0,69,601,244,579,,,,,0,,,31,124,,,,0,0,,0,0,55,,42,11,97,,,,,2,
???? ????????29,0,0,,153,148800,0,0,70,601,244,579,,,,,0,,,31,125,,,,0,0,,0,0,56,,43,12,97,,,,,3,
???? ????????29,0,0,,153,148800,0,0,71,601,244,579,,,,,0,,,31,126,,,,0,0,,0,0,58,,43,12,97,,,,,3,
???? ????????29,0,0,,153,148800,0,0,73,601,244,579,,,,,0,,,31,128,,,,0,0,,0,0,60,,45,13,97,,,,,4,
Visitor Sandals,FOOT\foot1_03400.txt,FOOT\foot2_03400.txt,,153,0,0,2,21,602,244,579,,,,,0,,,0,-1,,,,0,0,,0,0,40,,4,2,70,,,,,2,LFOO030
Visitor Sandals,FOOT\foot1_03400.txt,FOOT\foot2_03400.txt,,153,0,0,2,22,602,244,579,,,,,0,,,0,0,,,,0,0,,0,0,41,,5,3,70,,,,,3,LFOO030
Visitor Sandals,FOOT\foot1_03400.txt,FOOT\foot2_03400.txt,,153,0,0,2,23,602,244,579,,,,,0,,,0,1,,,,0,0,,0,0,43,,5,3,70,,,,,3,LFOO030
Visitor Sandals,FOOT\foot1_03400.txt,FOOT\foot2_03400.txt,,153,0,0,2,25,602,244,579,,,,,0,,,0,3,,,,0,0,,0,0,45,,5,3,70,,,,,4,LFOO030
Visitor Sandals,FOOT\foot1_03400.txt,FOOT\foot2_03400.txt,,153,0,0,2,22,602,244,579,,,,,0,,,0,0,,,,0,0,,0,0,41,,5,3,70,,,,,3,LFOO030
Visitor Sandals,FOOT\foot1_03400.txt,FOOT\foot2_03400.txt,,153,0,0,2,22,602,244,579,,,,,0,,,0,0,,,,0,0,,0,0,41,,5,3,70,,,,,3,LFOO030
Visitor Sandals,FOOT\foot1_03400.txt,FOOT\foot2_03400.txt,,153,0,0,2,22,602,244,579,,,,,0,,,0,0,,,,0,0,,0,0,41,,5,3,70,,,,,3,LFOO030
Visitor Sandals,FOOT\foot1_03400.txt,FOOT\foot2_03400.txt,,153,0,0,2,22,602,244,579,,,,,0,,,0,0,,,,0,0,,0,0,41,,5,3,70,,,,,3,LFOO030
Visitor Sandals,FOOT\foot1_03400.txt,FOOT\foot2_03400.txt,,153,0,0,2,22,602,244,579,,,,,0,,,0,0,,,,0,0,,0,0,41,,5,3,70,,,,,3,LFOO030
Visitor Sandals,FOOT\foot1_03400.txt,FOOT\foot2_03400.txt,,153,0,0,2,22,602,244,579,,,,,0,,,0,0,,,,0,0,,0,0,41,,5,3,70,,,,,3,LFOO030
Visitor Sandals,FOOT\foot1_03400.txt,FOOT\foot2_03400.txt,,153,0,0,2,22,602,244,579,,,,,0,,,0,0,,,,0,0,,0,0,41,,5,3,70,,,,,3,LFOO030
Visitor Sandals,FOOT\foot1_03400.txt,FOOT\foot2_03400.txt,,153,0,0,2,22,602,244,579,,,,,0,,,0,0,,,,0,0,,0,0,41,,5,3,70,,,,,3,LFOO030
Visitor Sandals,FOOT\foot1_03400.txt,FOOT\foot2_03400.txt,,153,0,0,2,22,602,244,579,,,,,0,,,0,0,,,,0,0,,0,0,41,,5,3,70,,,,,3,LFOO030
Soldier Boots,FOOT\foot1_00300.txt,FOOT\foot2_00300.txt,,151,1050,0,5,21,611,228,580,,,,,41,,,31,13,,,,0,0,,0,0,40,,9,2,77,,,,,0,LFOO031
Soldier Boots,FOOT\foot1_00300.txt,FOOT\foot2_00300.txt,,151,1050,0,5,21,611,228,580,,,,,41,,,31,16,,,,0,0,,0,0,40,,10,2,77,,,,,0,LFOO031
Soldier Boots,FOOT\foot1_00300.txt,FOOT\foot2_00300.txt,,151,1050,0,5,21,611,228,580,,,,,41,,,31,19,,,,0,0,,0,0,41,,11,3,77,,,,,0,LFOO031
Soldier Boots,FOOT\foot1_00300.txt,FOOT\foot2_00300.txt,,151,1050,0,5,29,611,228,580,,,,,41,,,31,14,,,,0,0,,0,0,47,,11,4,77,,,,,4,LFOO031
Soldier Boots,FOOT\foot1_00300.txt,FOOT\foot2_00300.txt,,151,1050,0,5,33,611,228,580,,,,,41,,,31,18,,,,0,0,,0,0,52,,13,5,77,,,,,6,LFOO031
Soldier Boots,FOOT\foot1_00300.txt,FOOT\foot2_00300.txt,,151,1050,0,5,37,611,228,580,,,,,41,,,31,22,,,,0,0,,0,0,56,,14,6,77,,,,,7,LFOO031
Halloween Dress Shoes,FOOT\foot1_00001.txt,FOOT\foot2_00001.txt,6,153,1000,0,5,28,716,244,579,,,,,0,,,,,,,,14,10,,0,0,48,,5,5,80,,,,,0,LFOO307
Iron Boots,FOOT\foot1_005.txt,FOOT\foot2_005.txt,,151,2950,0,5,28,612,228,580,,,,,41,,,31,36,,,,0,0,,0,0,43,,14,4,80,,,,,0,LFOO032
Iron Boots,FOOT\foot1_005.txt,FOOT\foot2_005.txt,,151,2950,0,5,28,612,228,580,,,,,41,,,31,39,,,,0,0,,0,0,43,,15,4,80,,,,,0,LFOO032
Iron Boots,FOOT\foot1_005.txt,FOOT\foot2_005.txt,,151,2950,0,5,34,612,228,580,,,,,41,,,31,32,,,,0,0,,0,0,47,,16,5,80,,,,,4,LFOO032
Iron Boots,FOOT\foot1_005.txt,FOOT\foot2_005.txt,,151,2950,0,5,37,612,228,580,,,,,41,,,31,35,,,,0,0,,0,0,51,,17,6,80,,,,,5,LFOO032
Iron Boots,FOOT\foot1_005.txt,FOOT\foot2_005.txt,,151,2950,0,5,42,612,228,580,,,,,41,,,31,40,,,,0,0,,0,0,56,,19,7,80,,,,,6,LFOO032
Iron Boots,FOOT\foot1_005.txt,FOOT\foot2_005.txt,,151,2950,0,5,45,612,228,580,,,,,41,,,31,43,,,,0,0,,0,0,60,,21,8,80,,,,,7,LFOO032
Trunket Boots,FOOT\foot1_01700.txt,FOOT\foot2_01700.txt,,151,6350,0,5,35,613,228,580,,,,,41,,,31,53,,,,0,0,,0,0,45,,18,3,80,,,,,0,LFOO033
Trunket Boots,FOOT\foot1_01700.txt,FOOT\foot2_01700.txt,,151,6350,0,5,35,613,228,580,,,,,41,,,31,56,,,,0,0,,0,0,45,,20,4,80,,,,,0,LFOO033
Trunket Boots,FOOT\foot1_01700.txt,FOOT\foot2_01700.txt,,151,6350,0,5,35,613,228,580,,,,,41,,,31,59,,,,0,0,,0,0,45,,21,5,80,,,,,0,LFOO033
Trunket Boots,FOOT\foot1_01700.txt,FOOT\foot2_01700.txt,,151,6350,0,5,41,613,228,580,,,,,41,,,31,52,,,,0,0,,0,0,50,,21,6,80,,,,,4,LFOO033
Trunket Boots,FOOT\foot1_01700.txt,FOOT\foot2_01700.txt,,151,6350,0,5,44,613,228,580,,,,,41,,,31,55,,,,0,0,,0,0,53,,23,7,80,,,,,5,LFOO033
Trunket Boots,FOOT\foot1_01700.txt,FOOT\foot2_01700.txt,,151,6350,0,5,49,613,228,580,,,,,41,,,31,60,,,,0,0,,0,0,59,,26,8,80,,,,,6,LFOO033
Trunket Boots,FOOT\foot1_01700.txt,FOOT\foot2_01700.txt,,151,6350,0,5,52,613,228,580,,,,,41,,,31,63,,,,0,0,,0,0,62,,27,10,80,,,,,7,LFOO033
Chrome Boots,FOOT\foot1_02500.txt,FOOT\foot2_02500.txt,,151,13550,0,5,42,614,228,580,,,303,32,51,,,31,70,,,,,,,,,55,,21,2,82,,,,,,LFOO034
Chrome Boots,FOOT\foot1_02500.txt,FOOT\foot2_02500.txt,,151,13550,0,5,42,614,228,580,,,,,51,,,31,76,,,,0,0,,0,0,48,,25,5,82,,,,,0,LFOO034
Chrome Boots,FOOT\foot1_02500.txt,FOOT\foot2_02500.txt,,151,13550,0,5,42,614,228,580,,,,,51,,,31,79,,,,0,0,,0,0,48,,27,6,82,,,,,0,LFOO034
Chrome Boots,FOOT\foot1_02500.txt,FOOT\foot2_02500.txt,,151,13550,0,5,48,614,228,580,,,,,51,,,31,72,,,,0,0,,0,0,52,,27,7,82,,,,,4,LFOO034
Chrome Boots,FOOT\foot1_02500.txt,FOOT\foot2_02500.txt,,151,13550,0,5,51,614,228,580,,,,,51,,,31,75,,,,0,0,,0,0,55,,29,9,82,,,,,5,LFOO034
Chrome Boots,FOOT\foot1_02500.txt,FOOT\foot2_02500.txt,,151,13550,0,5,56,614,228,580,,,,,51,,,31,80,,,,0,0,,0,0,61,,32,10,82,,,,,6,LFOO034
Chrome Boots,FOOT\foot1_02500.txt,FOOT\foot2_02500.txt,,151,13550,0,5,59,614,228,580,,,,,51,,,31,83,,,,0,0,,0,0,64,,34,12,82,,,,,7,LFOO034
Mighty Boots,FOOT\foot1_02100.txt,FOOT\foot2_02100.txt,,151,22950,0,6,48,615,228,580,,,,,51,,,31,90,,,,0,0,,0,0,49,,29,4,83,,,,,0,LFOO035
Mighty Boots,FOOT\foot1_02100.txt,FOOT\foot2_02100.txt,,151,22950,0,6,48,615,228,580,,,,,51,,,31,93,,,,0,0,,0,0,50,,31,5,83,,,,,0,LFOO035
Mighty Boots,FOOT\foot1_02100.txt,FOOT\foot2_02100.txt,,151,22950,0,6,48,615,228,580,,,,,51,,,31,96,,,,0,0,,0,0,50,,33,6,83,,,,,0,LFOO035
Mighty Boots,FOOT\foot1_02100.txt,FOOT\foot2_02100.txt,,151,22950,0,6,53,615,228,580,,,,,51,,,31,89,,,,0,0,,0,0,53,,34,8,83,,,,,3,LFOO035
Mighty Boots,FOOT\foot1_02100.txt,FOOT\foot2_02100.txt,,151,22950,0,6,56,615,228,580,,,,,51,,,31,92,,,,0,0,,0,0,56,,36,9,83,,,,,4,LFOO035
Mighty Boots,FOOT\foot1_02100.txt,FOOT\foot2_02100.txt,,151,22950,0,6,59,615,228,580,,,,,51,,,31,95,,,,0,0,,0,0,60,,37,10,83,,,,,5,LFOO035
Mighty Boots,FOOT\foot1_02100.txt,FOOT\foot2_02100.txt,,151,22950,0,6,62,615,228,580,,,,,51,,,31,98,,,,0,0,,0,0,63,,39,11,83,,,,,6,LFOO035
Kurash Boots,FOOT\foot1_02600.txt,FOOT\foot2_02600.txt,,151,35400,0,6,53,616,228,580,,,305,40,51,,,31,104,,,,,,,,,61,,32,3,84,0,,,,,LFOO036
Kurash Boots,FOOT\foot1_02600.txt,FOOT\foot2_02600.txt,,151,35400,0,6,53,616,228,580,,,,,51,,,31,109,,,,0,0,,0,0,51,,36,6,84,,,,,0,LFOO036
Kurash Boots,FOOT\foot1_02600.txt,FOOT\foot2_02600.txt,,151,35400,0,6,53,616,228,580,,,,,51,,,31,112,,,,0,0,,0,0,52,,38,8,84,,,,,0,LFOO036
Kurash Boots,FOOT\foot1_02600.txt,FOOT\foot2_02600.txt,,151,35400,0,6,58,616,228,580,,,,,51,,,31,105,,,,0,0,,0,0,55,,39,9,84,,,,,3,LFOO036
Kurash Boots,FOOT\foot1_02600.txt,FOOT\foot2_02600.txt,,151,35400,0,6,61,616,228,580,,,,,51,,,31,108,,,,0,0,,0,0,58,,41,10,84,,,,,4,LFOO036
Kurash Boots,FOOT\foot1_02600.txt,FOOT\foot2_02600.txt,,151,35400,0,6,64,616,228,580,,,,,51,,,31,111,,,,0,0,,0,0,62,,43,12,84,,,,,5,LFOO036
Kurash Boots,FOOT\foot1_02600.txt,FOOT\foot2_02600.txt,,151,35400,0,6,67,616,228,580,,,,,51,,,31,114,,,,0,0,,0,0,65,,46,13,84,,,,,6,LFOO036
Plate Boots,FOOT\foot1_01100.txt,FOOT\foot2_01100.txt,,151,60000,0,6,59,617,228,580,,,,,51,,,31,122,,,,0,0,,0,0,53,,41,6,82,,,,,0,LFOO037
Plate Boots,FOOT\foot1_01100.txt,FOOT\foot2_01100.txt,,151,60000,0,6,59,617,228,580,,,,,51,,,31,125,,,,0,0,,0,0,53,,43,8,82,,,,,0,LFOO037
Plate Boots,FOOT\foot1_01100.txt,FOOT\foot2_01100.txt,,151,60000,0,6,59,617,228,580,,,,,51,,,31,128,,,,0,0,,0,0,54,,45,9,82,,,,,0,LFOO037
Plate Boots,FOOT\foot1_01100.txt,FOOT\foot2_01100.txt,,151,60000,0,6,64,617,228,580,,,,,51,,,31,121,,,,0,0,,0,0,57,,46,11,82,,,,,3,LFOO037
Plate Boots,FOOT\foot1_01100.txt,FOOT\foot2_01100.txt,,151,60000,0,6,67,617,228,580,,,,,51,,,31,124,,,,0,0,,0,0,60,,48,12,82,,,,,4,LFOO037
Plate Boots,FOOT\foot1_01100.txt,FOOT\foot2_01100.txt,,151,60000,0,6,70,617,228,580,,,,,51,,,31,127,,,,0,0,,0,0,64,,50,13,82,,,,,5,LFOO037
Plate Boots,FOOT\foot1_01100.txt,FOOT\foot2_01100.txt,,151,60000,0,6,73,617,228,580,,,,,51,,,31,130,,,,0,0,,0,0,67,,53,15,82,,,,,6,LFOO037
Durable Boots,0,0,,151,98775,0,6,64,618,228,580,,,,,51,,,31,138,,,,0,0,,0,0,55,,48,7,84,,,,,0,LFOO042
Durable Boots,0,0,,151,98775,0,6,64,618,228,580,,,,,51,,,31,141,,,,0,0,,0,0,55,,50,8,84,,,,,0,LFOO042
Durable Boots,0,0,,151,98775,0,6,64,618,228,580,,,,,51,,,31,144,,,,0,0,,0,0,56,,52,9,84,,,,,0,LFOO042
Durable Boots,0,0,,151,98775,0,6,66,618,228,580,,,,,51,,,31,146,,,,0,0,,0,0,59,,59,12,84,,,,,3,LFOO042
Durable Boots,0,0,,151,98775,0,6,67,618,228,580,,,,,51,,,31,148,,,,0,0,,0,0,62,,61,13,84,,,,,4,LFOO042
Durable Boots,0,0,,151,98775,0,6,68,618,228,580,,,,,51,,,31,150,,,,0,0,,0,0,66,,63,14,84,,,,,5,LFOO042
Durable Boots,0,0,,151,98775,0,6,69,618,228,580,,,,,51,,,31,153,,,,0,0,,0,0,69,,66,16,84,,,,,6,LFOO042
Cedric Boots,0,0,,151,132975,0,6,70,619,228,580,,,,,51,,,31,154,,,,0,0,,0,0,57,,54,8,85,,,,,0,LFOO038
Cedric Boots,0,0,,151,132975,0,6,70,619,228,580,,,,,51,,,31,157,,,,0,0,,0,0,57,,57,9,85,,,,,0,LFOO038
Cedric Boots,0,0,,151,132975,0,6,70,619,228,580,,,,,51,,,31,160,,,,0,0,,0,0,58,,59,11,85,,,,,0,LFOO038
Cedric Boots,0,0,,151,132975,0,6,68,619,228,580,,,,,51,,,31,156,,,,0,0,,0,0,61,,68,13,85,,,,,3,LFOO038
Cedric Boots,0,0,,151,132975,0,6,69,619,228,580,,,,,51,,,31,158,,,,0,0,,0,0,64,,70,14,85,,,,,4,LFOO038
Cedric Boots,0,0,,151,132975,0,6,70,619,228,580,,,,,51,,,31,160,,,,0,0,,0,0,67,,72,15,85,,,,,5,LFOO038
Cedric Boots,0,0,,151,132975,0,6,71,619,228,580,,,,,51,,,31,163,,,,0,0,,0,0,71,,75,18,85,,,,,6,LFOO038
Execution Boots,0,0,,151,187600,0,6,75,620,228,580,,,,,51,,,31,170,,,,0,0,,0,0,59,,62,9,85,,,,,0,LFOO039
Execution Boots,0,0,,151,187600,0,6,75,620,228,580,,,,,51,,,31,172,,,,0,0,,0,0,59,,64,10,85,,,,,0,LFOO039
Execution Boots,0,0,,151,187600,0,6,75,620,228,580,,,,,51,,,31,174,,,,0,0,,0,0,59,,66,11,85,,,,,0,LFOO039
Execution Boots,0,0,,151,187600,0,6,71,620,228,580,,,,,51,,,31,166,,,,0,0,,0,0,63,,75,14,85,,,,,3,LFOO039
Execution Boots,0,0,,151,187600,0,6,72,620,228,580,,,,,51,,,31,168,,,,0,0,,0,0,65,,77,15,85,,,,,4,LFOO039
Execution Boots,0,0,,151,187600,0,6,73,620,228,580,,,,,51,,,31,170,,,,0,0,,0,0,67,,79,16,85,,,,,7,LFOO039
Execution Boots,0,0,,151,187600,0,6,74,620,228,580,,,,,51,,,31,173,,,,0,0,,0,0,69,,82,18,85,,,,,6,LFOO039
Abyss Plate Boots,0,0,,151,264550,0,6,81,621,228,580,,,,,51,,,31,186,,,,0,0,,0,0,61,,71,9,86,,,,,0,LFOO040
Abyss Plate Boots,0,0,,151,264550,0,6,81,621,228,580,,,,,51,,,31,188,,,,0,0,,0,0,61,,72,10,86,,,,,0,LFOO040
Abyss Plate Boots,0,0,,151,264550,0,6,81,621,228,580,,,,,51,,,31,190,,,,0,0,,0,0,61,,74,11,86,,,,,0,LFOO040
Abyss Plate Boots,0,0,,151,264550,0,6,74,621,228,580,,,,,51,,,31,185,,,,0,0,,0,0,65,,81,14,86,,,,,3,LFOO040
Abyss Plate Boots,0,0,,151,264550,0,6,75,621,228,580,,,,,51,,,31,178,,,,0,0,,0,0,67,,83,15,86,,,,,4,LFOO040
Abyss Plate Boots,0,0,,151,264550,0,6,76,621,228,580,,,,,51,,,31,180,,,,0,0,,0,0,69,,85,16,86,,,,,5,LFOO040
Abyss Plate Boots,0,0,,151,264550,0,6,77,621,228,580,,,,,51,,,31,191,,,,0,0,,0,0,71,,88,18,86,,,,,6,LFOO040
Righteous Plate Boots,0,0,,151,273350,0,6,77,622,228,580,,,,,51,,,31,186,,,,0,0,,0,0,59,,89,16,87,,,,,3,LFOO041
Righteous Plate Boots,0,0,,151,273350,0,6,78,622,228,580,,,,,51,,,31,188,,,,0,0,,0,0,62,,91,17,87,,,,,4,LFOO041
Righteous Plate Boots,0,0,,151,273350,0,6,79,622,228,580,,,,,51,,,31,190,,,,0,0,,0,0,65,,93,18,87,,,,,5,LFOO041
Jabberwock Boots,0,0,,151,308850,0,10,79,627,228,580,,,,,51,,,31,204,,,,0,0,,0,0,61,,102,18,85,,,,,4,LFOO043
Jabberwock Boots,0,0,,151,308850,0,10,80,627,228,580,,,,,51,,,31,208,,,,0,0,,0,0,64,,107,21,85,,,,,6,LFOO043
Obsidian Plate Greaves,FOOT\foot1_08500.txt,FOOT\foot2_08500.txt,,151,329500,0,10,80,632,228,580,,,,,51,,,31,214,,,,,,,,,71,,113,19,89,,,,,3,LFOO044
Obsidian Plate Greaves,FOOT\foot1_08500.txt,FOOT\foot2_08500.txt,,151,329500,0,10,80,632,228,580,,,,,51,,,31,218,,,,,,,,,71,,118,22,89,,,,,8,LFOO044
Valiant Guardian Boots,FOOT\foot1_career005_1e.txt,FOOT\foot2_career005_1e.txt,6,151,341300,0,10,80,3309,228,580,,,,,51,,,31,214,,,,10,3,,21,5,75,,116,15,89,,,393,,5,LFOO048
Valiant Guardian Boots,FOOT\foot1_career005_1e.txt,FOOT\foot2_career005_1e.txt,6,151,341300,0,10,80,3309,228,580,,,,,51,,,31,218,,,,10,5,,21,10,75,,121,18,89,,,391,,7,LFOO048
???? ????2??-????????,0,0,,151,156200,0,10,84,0,228,580,,,,,21,,,31,178,,,,0,0,,0,0,65,,74,15,85,,,,,4,
?????? ????2??-????????,0,0,,151,156200,0,10,87,0,228,580,,,,,21,,,31,181,,,,0,0,,0,0,68,,77,17,85,,,,,5,
?????? ????2??-????????,0,0,,151,156200,0,10,89,0,228,580,,,,,21,,,31,183,,,,0,0,,0,0,70,,79,18,85,,,,,5,
???? ????2??-??????,0,0,,151,73450,0,10,68,0,228,580,,,,,22,,,31,130,,,,0,0,,0,0,59,,50,12,85,,,,,4,
?????? ????2??-??????,0,0,,151,73450,0,10,71,0,228,580,,,,,22,,,31,133,,,,0,0,,0,0,62,,52,13,85,,,,,5,
?????? ????2??-??????,0,0,,151,73450,0,10,73,0,228,580,,,,,22,,,31,135,,,,0,0,,0,0,65,,54,14,85,,,,,5,
???? ????2??-??????,0,0,,151,99000,0,10,73,0,228,580,,,,,22,,,31,146,,,,0,0,,0,0,61,,58,12,86,,,,,4,
?????? ????2??-??????,0,0,,151,99000,0,10,76,0,228,580,,,,,22,,,31,149,,,,0,0,,0,0,64,,60,14,86,,,,,5,
?????? ????2??-??????,0,0,,151,99000,0,10,78,0,228,580,,,,,22,,,31,151,,,,0,0,,0,0,67,,62,14,86,,,,,5,
???? ????2??-??????,0,0,,151,128300,0,10,78,0,228,580,,,,,22,,,31,162,,,,0,0,,0,0,63,,66,14,87,,,,,4,
?????? ????2??-??????,0,0,,151,128300,0,10,81,0,228,580,,,,,22,,,31,165,,,,0,0,,0,0,66,,68,15,87,,,,,5,
?????? ????2??-??????,0,0,,151,128300,0,10,83,0,228,580,,,,,22,,,31,167,,,,0,0,,0,0,68,,70,16,87,,,,,5,
???? ????2??-??????,0,0,,151,166600,0,10,84,0,228,580,,,,,22,,,31,178,,,,0,0,,0,0,65,,74,15,90,,,,,4,
?????? ????2??-??????,0,0,,151,166600,0,10,87,0,228,580,,,,,22,,,31,181,,,,0,0,,0,0,68,,77,17,90,,,,,5,
?????? ????2??-??????,0,0,,151,166600,0,10,89,0,228,580,,,,,22,,,31,183,,,,0,0,,0,0,70,,79,18,90,,,,,5,
Spiritual Shoes,FOOT\foot1_02700.txt,FOOT\foot2_02700.txt,,152,900,0,3,22,637,236,579,,,,,42,,,31,13,,,,0,0,,0,0,40,,8,3,77,,,,,0,LFOO061
Spiritual Shoes,FOOT\foot1_02700.txt,FOOT\foot2_02700.txt,,152,900,0,3,22,637,236,579,,,,,42,,,31,16,,,,0,0,,0,0,40,,9,3,77,,,,,0,LFOO061
Spiritual Shoes,FOOT\foot1_02700.txt,FOOT\foot2_02700.txt,,152,900,0,3,22,637,236,579,,,,,42,,,31,19,,,,0,0,,0,0,41,,10,4,77,,,,,0,LFOO061
Spiritual Shoes,FOOT\foot1_02700.txt,FOOT\foot2_02700.txt,,152,900,0,3,30,637,236,579,,,,,42,,,31,14,,,,0,0,,0,0,47,,10,5,77,,,,,4,LFOO061
Spiritual Shoes,FOOT\foot1_02700.txt,FOOT\foot2_02700.txt,,152,900,0,3,34,637,236,579,,,,,42,,,31,18,,,,0,0,,0,0,52,,12,6,77,,,,,6,LFOO061
Spiritual Shoes,FOOT\foot1_02700.txt,FOOT\foot2_02700.txt,,152,900,0,3,38,637,236,579,,,,,42,,,31,22,,,,0,0,,0,0,56,,13,7,77,,,,,7,LFOO061
Green Sandals of Witch,FOOT\foot1_01600.txt,FOOT\foot2_01600.txt,,152,2500,0,3,29,638,236,579,,,,,42,,,31,33,,,,0,0,,0,0,42,,12,4,78,,,,,0,LFOO062
Green Sandals of Witch,FOOT\foot1_01600.txt,FOOT\foot2_01600.txt,,152,2500,0,3,29,638,236,579,,,,,42,,,31,36,,,,0,0,,0,0,43,,13,5,78,,,,,0,LFOO062
Green Sandals of Witch,FOOT\foot1_01600.txt,FOOT\foot2_01600.txt,,152,2500,0,3,29,638,236,579,,,,,42,,,31,39,,,,0,0,,0,0,43,,14,5,78,,,,,0,LFOO062
Green Sandals of Witch,FOOT\foot1_01600.txt,FOOT\foot2_01600.txt,,152,2500,0,3,35,638,236,579,,,,,42,,,31,32,,,,0,0,,0,0,47,,15,6,78,,,,,4,LFOO062
Green Sandals of Witch,FOOT\foot1_01600.txt,FOOT\foot2_01600.txt,,152,2500,0,3,38,638,236,579,,,,,42,,,31,35,,,,0,0,,0,0,51,,16,7,78,,,,,5,LFOO062
Green Sandals of Witch,FOOT\foot1_01600.txt,FOOT\foot2_01600.txt,,152,2500,0,3,43,638,236,579,,,,,42,,,31,40,,,,0,0,,0,0,56,,18,8,78,,,,,6,LFOO062
Green Sandals of Witch,FOOT\foot1_01600.txt,FOOT\foot2_01600.txt,,152,2500,0,3,46,638,236,579,,,,,42,,,31,43,,,,0,0,,0,0,60,,20,9,78,,,,,7,LFOO062
Purple Sandals of Witch,FOOT\foot1_01200.txt,FOOT\foot2_01200.txt,,152,5700,0,3,42,639,236,579,,,,,42,,,31,52,,,,0,0,,0,0,50,,19,7,80,,,,,4,LFOO063
Purple Sandals of Witch,FOOT\foot1_01200.txt,FOOT\foot2_01200.txt,,152,5700,0,3,36,639,236,579,,,,,42,,,31,56,,,,0,0,,0,0,45,,18,5,80,,,,,0,LFOO063
Purple Sandals of Witch,FOOT\foot1_01200.txt,FOOT\foot2_01200.txt,,152,5700,0,3,36,639,236,579,,,,,42,,,31,59,,,,0,0,,0,0,45,,19,6,80,,,,,0,LFOO063
Purple Sandals of Witch,FOOT\foot1_01200.txt,FOOT\foot2_01200.txt,,152,5700,0,3,42,639,236,579,,,,,42,,,31,52,,,,0,0,,0,0,50,,19,7,80,,,,,4,LFOO063
Purple Sandals of Witch,FOOT\foot1_01200.txt,FOOT\foot2_01200.txt,,152,5700,0,3,45,639,236,579,,,,,42,,,31,55,,,,0,0,,0,0,53,,21,8,80,,,,,5,LFOO063
Purple Sandals of Witch,FOOT\foot1_01200.txt,FOOT\foot2_01200.txt,,152,5700,0,3,50,639,236,579,,,,,42,,,31,60,,,,0,0,,0,0,59,,24,9,80,,,,,6,LFOO063
Purple Sandals of Witch,FOOT\foot1_01200.txt,FOOT\foot2_01200.txt,,152,5700,0,3,53,639,236,579,,,,,42,,,31,63,,,,0,0,,0,0,62,,25,11,80,,,,,7,LFOO063
Violet Boots,FOOT\foot1_02400.txt,FOOT\foot2_02400.txt,,152,10700,0,3,43,640,236,579,,,,,52,,,31,73,,,,0,0,,0,0,47,,21,5,80,,,,,0,LFOO064
Violet Boots,FOOT\foot1_02400.txt,FOOT\foot2_02400.txt,,152,10700,0,3,43,640,236,579,,,,,52,,,31,76,,,,0,0,,0,0,48,,22,6,80,,,,,0,LFOO064
Violet Boots,FOOT\foot1_02400.txt,FOOT\foot2_02400.txt,,152,10700,0,3,43,640,236,579,,,,,52,,,31,79,,,,0,0,,0,0,48,,24,7,80,,,,,0,LFOO064
Violet Boots,FOOT\foot1_02400.txt,FOOT\foot2_02400.txt,,152,10700,0,3,49,640,236,579,,,,,52,,,31,72,,,,0,0,,0,0,52,,24,8,80,,,,,4,LFOO064
Violet Boots,FOOT\foot1_02400.txt,FOOT\foot2_02400.txt,,152,10700,0,3,52,640,236,579,,,,,52,,,31,75,,,,0,0,,0,0,55,,26,10,80,,,,,5,LFOO064
Violet Boots,FOOT\foot1_02400.txt,FOOT\foot2_02400.txt,,152,10700,0,3,57,640,236,579,,,,,52,,,31,80,,,,0,0,,0,0,61,,29,11,80,,,,,6,LFOO064
Violet Boots,FOOT\foot1_02400.txt,FOOT\foot2_02400.txt,,152,10700,0,3,60,640,236,579,,,,,52,,,31,83,,,,0,0,,0,0,64,,31,13,80,,,,,7,LFOO064
Boots of Shadow,FOOT\foot1_01900.txt,FOOT\foot2_01900.txt,,152,19600,0,3,50,641,236,579,,,,,52,,,31,90,,,,0,0,,0,0,49,,25,6,82,,,,,0,LFOO065
Boots of Shadow,FOOT\foot1_01900.txt,FOOT\foot2_01900.txt,,152,19600,0,3,50,641,236,579,,,,,52,,,31,93,,,,0,0,,0,0,50,,27,7,82,,,,,0,LFOO065
Boots of Shadow,FOOT\foot1_01900.txt,FOOT\foot2_01900.txt,,152,19600,0,3,50,641,236,579,,,,,52,,,31,96,,,,0,0,,0,0,50,,29,8,82,,,,,0,LFOO065
Boots of Shadow,FOOT\foot1_01900.txt,FOOT\foot2_01900.txt,,152,19600,0,3,55,641,236,579,,,,,52,,,31,89,,,,0,0,,0,0,53,,30,10,82,,,,,3,LFOO065
Boots of Shadow,FOOT\foot1_01900.txt,FOOT\foot2_01900.txt,,152,19600,0,3,58,641,236,579,,,,,52,,,31,92,,,,0,0,,0,0,56,,32,11,82,,,,,4,LFOO065
Boots of Shadow,FOOT\foot1_01900.txt,FOOT\foot2_01900.txt,,152,19600,0,3,61,641,236,579,,,,,52,,,31,95,,,,0,0,,0,0,60,,33,12,82,,,,,5,LFOO065
Boots of Shadow,FOOT\foot1_01900.txt,FOOT\foot2_01900.txt,,152,19600,0,3,64,641,236,579,,,,,52,,,31,98,,,,0,0,,0,0,63,,35,13,82,,,,,6,LFOO065
Velvet Boots of Witch,FOOT\foot1_00710.txt,FOOT\foot2_00710.txt,,152,29550,0,3,55,642,236,579,,,315,40,52,,,31,104,,,,,,,,,60,,27,5,82,0,,,,,LFOO066
Velvet Boots of Witch,FOOT\foot1_00710.txt,FOOT\foot2_00710.txt,,152,29550,0,3,55,642,236,579,,,,,52,,,31,109,,,,0,0,,0,0,51,,31,8,82,,,,,0,LFOO066
Velvet Boots of Witch,FOOT\foot1_00710.txt,FOOT\foot2_00710.txt,,152,29550,0,3,55,642,236,579,,,,,52,,,31,112,,,,0,0,,0,0,52,,33,10,82,,,,,0,LFOO066
Velvet Boots of Witch,FOOT\foot1_00710.txt,FOOT\foot2_00710.txt,,152,29550,0,3,60,642,236,579,,,,,52,,,31,105,,,,0,0,,0,0,55,,34,11,82,,,,,3,LFOO066
Velvet Boots of Witch,FOOT\foot1_00710.txt,FOOT\foot2_00710.txt,,152,29550,0,3,63,642,236,579,,,,,52,,,31,108,,,,0,0,,0,0,58,,36,12,82,,,,,4,LFOO066
Velvet Boots of Witch,FOOT\foot1_00710.txt,FOOT\foot2_00710.txt,,152,29550,0,3,66,642,236,579,,,,,52,,,31,111,,,,0,0,,0,0,62,,38,14,82,,,,,5,LFOO066
Velvet Boots of Witch,FOOT\foot1_00710.txt,FOOT\foot2_00710.txt,,152,29550,0,3,69,642,236,579,,,,,52,,,31,114,,,,0,0,,0,0,65,,41,15,82,,,,,6,LFOO066
Heaven's Shoes,FOOT\foot1_04100.txt,FOOT\foot2_04100.txt,,152,45350,0,3,61,643,236,579,,,,,52,,,31,122,,,,0,0,,0,0,53,,35,7,84,,,,,0,LFOO067
Heaven's Shoes,FOOT\foot1_04100.txt,FOOT\foot2_04100.txt,,152,45350,0,3,61,643,236,579,,,,,52,,,31,125,,,,0,0,,0,0,53,,37,9,84,,,,,0,LFOO067
Heaven's Shoes,FOOT\foot1_04100.txt,FOOT\foot2_04100.txt,,152,45350,0,3,61,643,236,579,,,,,52,,,31,128,,,,0,0,,0,0,54,,39,10,84,,,,,0,LFOO067
Heaven's Shoes,FOOT\foot1_04100.txt,FOOT\foot2_04100.txt,,152,45350,0,3,66,643,236,579,,,,,52,,,31,121,,,,0,0,,0,0,57,,40,10,84,,,,,3,LFOO067
Heaven's Shoes,FOOT\foot1_04100.txt,FOOT\foot2_04100.txt,,152,45350,0,3,69,643,236,579,,,,,52,,,31,124,,,,0,0,,0,0,60,,42,13,84,,,,,4,LFOO067
Heaven's Shoes,FOOT\foot1_04100.txt,FOOT\foot2_04100.txt,,152,45350,0,3,72,643,236,579,,,,,52,,,31,127,,,,0,0,,0,0,64,,44,14,84,,,,,5,LFOO067
Heaven's Shoes,FOOT\foot1_04100.txt,FOOT\foot2_04100.txt,,152,45350,0,3,75,643,236,579,,,,,52,,,31,130,,,,0,0,,0,0,67,,47,16,84,,,,,6,LFOO067
Fairy Shoes,0,0,,152,77220,0,3,67,644,236,579,,,,,52,,,31,138,,,,0,0,,0,0,55,,41,9,85,,,,,0,LFOO060
Fairy Shoes,0,0,,152,77220,0,3,67,644,236,579,,,,,52,,,31,141,,,,0,0,,0,0,55,,43,10,85,,,,,0,LFOO060
Fairy Shoes,0,0,,152,77220,0,3,67,644,236,579,,,,,52,,,31,144,,,,0,0,,0,0,56,,45,11,85,,,,,0,LFOO060
Fairy Shoes,0,0,,152,77220,0,3,63,644,236,579,,,,,52,,,31,146,,,,0,0,,0,0,59,,51,14,85,,,,,3,LFOO060
Fairy Shoes,0,0,,152,77220,0,3,64,644,236,579,,,,,52,,,31,148,,,,0,0,,0,0,62,,53,15,85,,,,,4,LFOO060
Fairy Shoes,0,0,,152,77220,0,3,65,644,236,579,,,,,52,,,31,150,,,,0,0,,0,0,66,,55,16,85,,,,,5,LFOO060
Fairy Shoes,0,0,,152,77220,0,3,66,644,236,579,,,,,52,,,31,153,,,,0,0,,0,0,69,,58,18,85,,,,,6,LFOO060
Joker Shoes,0,0,,152,106605,0,3,73,645,236,579,,,,,52,,,31,154,,,,0,0,,0,0,57,,47,10,86,,,,,0,LFOO068
Joker Shoes,0,0,,152,106605,0,3,73,645,236,579,,,,,52,,,31,157,,,,0,0,,0,0,57,,50,11,86,,,,,0,LFOO068
Joker Shoes,0,0,,152,106605,0,3,73,645,236,579,,,,,52,,,31,160,,,,0,0,,0,0,58,,52,13,86,,,,,0,LFOO068
Joker Shoes,0,0,,152,106605,0,3,66,645,236,579,,,,,52,,,31,156,,,,0,0,,0,0,61,,59,16,86,,,,,3,LFOO068
Joker Shoes,0,0,,152,106605,0,3,67,645,236,579,,,,,52,,,31,158,,,,0,0,,0,0,64,,61,17,86,,,,,4,LFOO068
Joker Shoes,0,0,,152,106605,0,3,68,645,236,579,,,,,52,,,31,160,,,,0,0,,0,0,67,,63,18,86,,,,,5,LFOO068
Joker Shoes,0,0,,152,106605,0,3,69,645,236,579,,,,,52,,,31,163,,,,0,0,,0,0,71,,66,20,86,,,,,6,LFOO068
Mystic Weaver Shoes,0,0,,152,143900,0,3,78,646,236,579,,,,,52,,,31,170,,,,0,0,,0,0,59,,53,11,87,,,,,0,LFOO069
Mystic Weaver Shoes,0,0,,152,143900,0,3,78,646,236,579,,,,,52,,,31,172,,,,0,0,,0,0,59,,55,12,87,,,,,0,LFOO069
Mystic Weaver Shoes,0,0,,152,143900,0,3,78,646,236,579,,,,,52,,,31,174,,,,0,0,,0,0,59,,57,13,87,,,,,0,LFOO069
Mystic Weaver Shoes,0,0,,152,143900,0,3,69,646,236,579,,,,,52,,,31,166,,,,0,0,,0,0,63,,67,17,87,,,,,3,LFOO069
Mystic Weaver Shoes,0,0,,152,143900,0,3,70,646,236,579,,,,,52,,,31,168,,,,0,0,,0,0,65,,69,18,87,,,,,4,LFOO069
Mystic Weaver Shoes,0,0,,152,143900,0,3,71,646,236,579,,,,,52,,,31,170,,,,0,0,,0,0,67,,71,19,87,,,,,5,LFOO069
Mystic Weaver Shoes,0,0,,152,143900,0,3,72,646,236,579,,,,,52,,,31,173,,,,0,0,,0,0,69,,74,21,87,,,,,6,LFOO069
Serenity Shoes,0,0,,152,204650,0,3,73,647,236,579,,,,,52,,,31,186,,,,0,0,,0,0,61,,61,13,88,,,,,0,LFOO070
Serenity Shoes,0,0,,152,204650,0,3,75,647,236,579,,,,,52,,,31,188,,,,0,0,,0,0,61,,62,14,88,,,,,0,LFOO070
Serenity Shoes,0,0,,152,204650,0,3,76,647,236,579,,,,,52,,,31,190,,,,0,0,,0,0,61,,64,15,88,,,,,0,LFOO070
Serenity Shoes,0,0,,152,204650,0,3,71,647,236,579,,,,,52,,,31,176,,,,0,0,,0,0,65,,75,18,88,,,,,3,LFOO070
Serenity Shoes,0,0,,152,204650,0,3,72,647,236,579,,,,,52,,,31,178,,,,0,0,,0,0,67,,77,19,88,,,,,4,LFOO070
Serenity Shoes,0,0,,152,204650,0,3,73,647,236,579,,,,,52,,,31,180,,,,0,0,,0,0,69,,79,20,88,,,,,5,LFOO070
Serenity Shoes,0,0,,152,204650,0,3,74,647,236,579,,,,,52,,,31,183,,,,0,0,,0,0,71,,82,22,88,,,,,6,LFOO070
Archmage Shoes,0,0,,152,257100,0,3,75,648,236,579,,,,,52,,,31,186,,,,0,0,,0,0,59,,83,19,89,,,,,3,LFOO071
Archmage Shoes,0,0,,152,257100,0,3,76,648,236,579,,,,,52,,,31,188,,,,0,0,,0,0,62,,85,20,89,,,,,4,LFOO071
Archmage Shoes,0,0,,152,257100,0,3,77,648,236,579,,,,,52,,,31,190,,,,0,0,,0,0,65,,87,21,89,,,,,5,LFOO071
Dimple Shoes,0,0,,152,286050,0,3,78,650,236,579,,,,,52,,,31,204,,,,0,0,,0,0,61,,91,21,80,,,,,4,LFOO072
Dimple Shoes,0,0,,152,286050,0,3,79,650,236,579,,,,,52,,,31,208,,,,0,0,,0,0,64,,96,24,80,,,,,6,LFOO072
Royal Sage Shoes,FOOT\foot1_08200.txt,FOOT\foot2_08200.txt,,152,301300,0,3,78,633,236,579,,,,,52,,,31,214,,,,,,,,,72,,97,22,82,,,,,3,LFOO073
Royal Sage Shoes,FOOT\foot1_08200.txt,FOOT\foot2_08200.txt,,152,301300,0,3,78,633,236,579,,,,,52,,,31,218,,,,,,,,,72,,102,25,82,,,,,8,LFOO073
Burning Shoes of Caster,FOOT\foot1_career006_1f.txt,FOOT\foot2_career006_1f.txt,6,152,315520,0,3,78,3310,236,579,,,,,52,,,31,214,,,,12,3,,21,5,75,,96,19,84,,,393,,5,LFOO077
Burning Shoes of Caster,FOOT\foot1_career006_1f.txt,FOOT\foot2_career006_1f.txt,6,152,315520,0,3,78,3310,236,579,,,,,52,,,31,218,,,,12,5,,21,10,75,,101,22,84,,,391,,7,LFOO077
???? ????2??-????????,0,0,,152,128700,0,3,87,0,236,579,,,,,23,,,31,178,,,,0,0,,0,0,65,,64,18,85,,,,,4,
?????? ????2??-????????,0,0,,152,128700,0,3,90,0,236,579,,,,,23,,,31,181,,,,0,0,,0,0,68,,67,20,85,,,,,5,
?????? ????2??-????????,0,0,,152,128700,0,3,92,0,236,579,,,,,23,,,31,183,,,,0,0,,0,0,70,,69,21,85,,,,,5,
???? ????2??-????????,0,0,,152,58450,0,3,70,0,236,579,,,,,24,,,31,130,,,,0,0,,0,0,59,,44,14,84,,,,,4,
?????? ????2??-????????,0,0,,152,58450,0,3,73,0,236,579,,,,,24,,,31,133,,,,0,0,,0,0,62,,46,15,84,,,,,5,
?????? ????2??-????????,0,0,,152,58450,0,3,75,0,236,579,,,,,24,,,31,135,,,,0,0,,0,0,65,,48,16,84,,,,,5,
???? ????2??-????????,0,0,,152,79300,0,3,76,0,236,579,,,,,24,,,31,146,,,,0,0,,0,0,61,,51,15,85,,,,,4,
?????? ????2??-????????,0,0,,152,79300,0,3,79,0,236,579,,,,,24,,,31,149,,,,0,0,,0,0,64,,53,17,85,,,,,5,
?????? ????2??-????????,0,0,,152,79300,0,3,81,0,236,579,,,,,24,,,31,151,,,,0,0,,0,0,67,,55,17,85,,,,,5,
???? ????2??-????????,0,0,,152,108000,0,3,82,0,236,579,,,,,24,,,31,162,,,,0,0,,0,0,63,,58,17,88,,,,,4,
?????? ????2??-????????,0,0,,152,108000,0,3,85,0,236,579,,,,,24,,,31,165,,,,0,0,,0,0,66,,60,18,88,,,,,5,
?????? ????2??-????????,0,0,,152,108000,0,3,87,0,236,579,,,,,24,,,31,167,,,,0,0,,0,0,68,,62,19,88,,,,,5,
???? ????2??-????????,0,0,,152,137300,0,3,87,0,236,579,,,,,24,,,31,178,,,,0,0,,0,0,65,,64,18,90,,,,,4,
?????? ????2??-????????,0,0,,152,137300,0,3,90,0,236,579,,,,,24,,,31,181,,,,0,0,,0,0,68,,67,20,90,,,,,5,
?????? ????2??-????????,0,0,,152,137300,0,3,92,0,236,579,,,,,24,,,31,183,,,,0,0,,0,0,70,,69,21,90,,,,,5,
Hunter Boots,FOOT\foot1_02200.txt,FOOT\foot2_02200.txt,,151,1050,0,3,24,676,232,579,,,,,43,,,31,13,,,,0,0,,0,0,40,,8,3,80,,,,,0,LFOO091
Hunter Boots,FOOT\foot1_02200.txt,FOOT\foot2_02200.txt,,151,1050,0,3,24,676,232,579,,,,,43,,,31,16,,,,0,0,,0,0,40,,9,3,80,,,,,0,LFOO091
Hunter Boots,FOOT\foot1_02200.txt,FOOT\foot2_02200.txt,,151,1050,0,3,24,676,232,579,,,,,43,,,31,19,,,,0,0,,0,0,41,,10,4,80,,,,,0,LFOO091
Hunter Boots,FOOT\foot1_02200.txt,FOOT\foot2_02200.txt,,151,1050,0,3,32,676,232,579,,,,,43,,,31,14,,,,0,0,,0,0,47,,10,5,80,,,,,4,LFOO091
Hunter Boots,FOOT\foot1_02200.txt,FOOT\foot2_02200.txt,,151,1050,0,3,36,676,232,579,,,,,43,,,31,18,,,,0,0,,0,0,52,,12,6,80,,,,,6,LFOO091
Hunter Boots,FOOT\foot1_02200.txt,FOOT\foot2_02200.txt,,151,1050,0,3,40,676,232,579,,,,,43,,,31,22,,,,0,0,,0,0,56,,13,7,80,,,,,7,LFOO091
Criker Boots,FOOT\foot1_03300.txt,FOOT\foot2_03300.txt,,151,2750,0,3,31,677,232,580,,,,,43,,,31,33,,,,0,0,,0,0,42,,12,3,80,,,,,0,LFOO092
Criker Boots,FOOT\foot1_03300.txt,FOOT\foot2_03300.txt,,151,2750,0,3,31,677,232,580,,,,,43,,,31,36,,,,0,0,,0,0,43,,13,4,80,,,,,0,LFOO092
Criker Boots,FOOT\foot1_03300.txt,FOOT\foot2_03300.txt,,151,2750,0,3,31,677,232,580,,,,,43,,,31,39,,,,0,0,,0,0,43,,14,4,80,,,,,0,LFOO092
Criker Boots,FOOT\foot1_03300.txt,FOOT\foot2_03300.txt,,151,2750,0,3,37,677,232,580,,,,,43,,,31,32,,,,0,0,,0,0,47,,15,5,80,,,,,4,LFOO092
Criker Boots,FOOT\foot1_03300.txt,FOOT\foot2_03300.txt,,151,2750,0,3,40,677,232,580,,,,,43,,,31,35,,,,0,0,,0,0,51,,16,6,80,,,,,5,LFOO092
Criker Boots,FOOT\foot1_03300.txt,FOOT\foot2_03300.txt,,151,2750,0,3,45,677,232,580,,,,,43,,,31,40,,,,0,0,,0,0,56,,18,7,80,,,,,6,LFOO092
Criker Boots,FOOT\foot1_03300.txt,FOOT\foot2_03300.txt,,151,2750,0,3,48,677,232,580,,,,,43,,,31,43,,,,0,0,,0,0,60,,20,8,80,,,,,7,LFOO092
Ranger Boots,FOOT\foot1_00700.txt,FOOT\foot2_00700.txt,,151,6450,0,3,38,678,232,579,,,,,43,,,31,53,,,,0,0,,0,0,45,,16,4,85,,,,,0,LFOO093
Ranger Boots,FOOT\foot1_00700.txt,FOOT\foot2_00700.txt,,151,6450,0,3,44,678,232,579,,,,,43,,,31,52,,,,0,0,,0,0,50,,19,7,85,,,,,4,LFOO093
Ranger Boots,FOOT\foot1_00700.txt,FOOT\foot2_00700.txt,,151,6450,0,3,47,678,232,579,,,,,43,,,31,55,,,,0,0,,0,0,53,,21,8,85,,,,,5,LFOO093
Ranger Boots,FOOT\foot1_00700.txt,FOOT\foot2_00700.txt,,151,6450,0,3,44,678,232,579,,,,,43,,,31,52,,,,0,0,,0,0,50,,19,7,85,,,,,4,LFOO093
Ranger Boots,FOOT\foot1_00700.txt,FOOT\foot2_00700.txt,,151,6450,0,3,47,678,232,579,,,,,43,,,31,55,,,,0,0,,0,0,53,,21,8,85,,,,,5,LFOO093
Ranger Boots,FOOT\foot1_00700.txt,FOOT\foot2_00700.txt,,151,6450,0,3,52,678,232,579,,,,,43,,,31,60,,,,0,0,,0,0,59,,24,9,85,,,,,6,LFOO093
Ranger Boots,FOOT\foot1_00700.txt,FOOT\foot2_00700.txt,,151,6450,0,3,55,678,232,579,,,,,43,,,31,63,,,,0,0,,0,0,62,,25,11,85,,,,,7,LFOO093
Black Pirate Boots,FOOT\foot1_01500.txt,FOOT\foot2_01500.txt,,151,13050,0,3,45,679,232,579,,,,,53,,,31,73,,,,0,0,,0,0,47,,22,4,85,,,,,0,LFOO094
Black Pirate Boots,FOOT\foot1_01500.txt,FOOT\foot2_01500.txt,,151,13050,0,3,45,679,232,579,,,,,53,,,31,76,,,,0,0,,0,0,48,,23,5,85,,,,,0,LFOO094
Black Pirate Boots,FOOT\foot1_01500.txt,FOOT\foot2_01500.txt,,151,13050,0,3,45,679,232,579,,,,,53,,,31,79,,,,0,0,,0,0,48,,25,6,85,,,,,0,LFOO094
Black Pirate Boots,FOOT\foot1_01500.txt,FOOT\foot2_01500.txt,,151,13050,0,3,51,679,232,579,,,,,53,,,31,72,,,,0,0,,0,0,52,,25,7,85,,,,,4,LFOO094
Black Pirate Boots,FOOT\foot1_01500.txt,FOOT\foot2_01500.txt,,151,13050,0,3,54,679,232,579,,,,,53,,,31,75,,,,0,0,,0,0,55,,27,9,85,,,,,5,LFOO094
Black Pirate Boots,FOOT\foot1_01500.txt,FOOT\foot2_01500.txt,,151,13050,0,3,59,679,232,579,,,,,53,,,31,80,,,,0,0,,0,0,61,,30,10,85,,,,,6,LFOO094
Black Pirate Boots,FOOT\foot1_01500.txt,FOOT\foot2_01500.txt,,151,13050,0,3,62,679,232,579,,,,,53,,,31,83,,,,0,0,,0,0,64,,32,12,85,,,,,7,LFOO094
Mariner's Boots,FOOT\foot1_02800.txt,FOOT\foot2_02800.txt,,151,21900,0,3,52,680,232,579,,,,,53,,,31,90,,,,0,0,,0,0,49,,26,5,83,,,,,0,LFOO095
Mariner's Boots,FOOT\foot1_02800.txt,FOOT\foot2_02800.txt,,151,21900,0,3,52,680,232,579,,,,,53,,,31,93,,,,0,0,,0,0,50,,28,6,83,,,,,0,LFOO095
Mariner's Boots,FOOT\foot1_02800.txt,FOOT\foot2_02800.txt,,151,21900,0,3,52,680,232,579,,,,,53,,,31,96,,,,0,0,,0,0,50,,30,7,83,,,,,0,LFOO095
Mariner's Boots,FOOT\foot1_02800.txt,FOOT\foot2_02800.txt,,151,21900,0,3,57,680,232,579,,,,,53,,,31,89,,,,0,0,,0,0,53,,31,9,83,,,,,3,LFOO095
Mariner's Boots,FOOT\foot1_02800.txt,FOOT\foot2_02800.txt,,151,21900,0,3,60,680,232,579,,,,,53,,,31,92,,,,0,0,,0,0,56,,33,10,83,,,,,4,LFOO095
Mariner's Boots,FOOT\foot1_02800.txt,FOOT\foot2_02800.txt,,151,21900,0,3,63,680,232,579,,,,,53,,,31,95,,,,0,0,,0,0,60,,34,11,83,,,,,5,LFOO095
Mariner's Boots,FOOT\foot1_02800.txt,FOOT\foot2_02800.txt,,151,21900,0,3,66,680,232,579,,,,,53,,,31,98,,,,0,0,,0,0,63,,36,12,83,,,,,6,LFOO095
Jaguar Boots,FOOT\foot1_02000.txt,FOOT\foot2_02000.txt,,151,32250,0,3,57,681,232,579,,,305,34,53,,,31,104,,,,,,,,,60,,28,3,82,0,,,,,LFOO096
Jaguar Boots,FOOT\foot1_02000.txt,FOOT\foot2_02000.txt,,151,32250,0,3,57,681,232,579,,,,,53,,,31,109,,,,0,0,,0,0,51,,32,6,82,,,,,0,LFOO096
Jaguar Boots,FOOT\foot1_02000.txt,FOOT\foot2_02000.txt,,151,32250,0,3,57,681,232,579,,,,,53,,,31,112,,,,0,0,,0,0,52,,34,8,82,,,,,0,LFOO096
Jaguar Boots,FOOT\foot1_02000.txt,FOOT\foot2_02000.txt,,151,32250,0,3,62,681,232,579,,,,,53,,,31,105,,,,0,0,,0,0,55,,35,9,82,,,,,3,LFOO096
Jaguar Boots,FOOT\foot1_02000.txt,FOOT\foot2_02000.txt,,151,32250,0,3,65,681,232,579,,,,,53,,,31,108,,,,0,0,,0,0,58,,37,10,82,,,,,4,LFOO096
Jaguar Boots,FOOT\foot1_02000.txt,FOOT\foot2_02000.txt,,151,32250,0,3,68,681,232,579,,,,,53,,,31,111,,,,0,0,,0,0,62,,39,12,82,,,,,5,LFOO096
Jaguar Boots,FOOT\foot1_02000.txt,FOOT\foot2_02000.txt,,151,32250,0,3,71,681,232,579,,,,,53,,,31,114,,,,0,0,,0,0,65,,42,13,82,,,,,6,LFOO096
Wild Hawker Boots,FOOT\foot1_04200.txt,FOOT\foot2_04200.txt,,151,56100,0,3,63,682,232,579,,,,,53,,,31,122,,,,0,0,,0,0,53,,37,6,83,,,,,0,LFOO097
Wild Hawker Boots,FOOT\foot1_04200.txt,FOOT\foot2_04200.txt,,151,56100,0,3,63,682,232,579,,,,,53,,,31,125,,,,0,0,,0,0,53,,39,8,83,,,,,0,LFOO097
Wild Hawker Boots,FOOT\foot1_04200.txt,FOOT\foot2_04200.txt,,151,56100,0,3,63,682,232,579,,,,,53,,,31,128,,,,0,0,,0,0,54,,41,9,83,,,,,0,LFOO097
Wild Hawker Boots,FOOT\foot1_04200.txt,FOOT\foot2_04200.txt,,151,56100,0,3,68,682,232,579,,,,,53,,,31,121,,,,0,0,,0,0,57,,42,11,83,,,,,3,LFOO097
Wild Hawker Boots,FOOT\foot1_04200.txt,FOOT\foot2_04200.txt,,151,56100,0,3,71,682,232,579,,,,,53,,,31,124,,,,0,0,,0,0,60,,44,12,83,,,,,4,LFOO097
Wild Hawker Boots,FOOT\foot1_04200.txt,FOOT\foot2_04200.txt,,151,56100,0,3,74,682,232,579,,,,,53,,,31,127,,,,0,0,,0,0,64,,46,13,83,,,,,5,LFOO097
Wild Hawker Boots,FOOT\foot1_04200.txt,FOOT\foot2_04200.txt,,151,56100,0,3,77,682,232,579,,,,,53,,,31,130,,,,0,0,,0,0,67,,49,15,83,,,,,6,LFOO097
Pirate Sandals,0,0,,151,84420,0,3,69,683,232,579,,,,,53,,,31,138,,,,0,0,,0,0,55,,42,8,85,,,,,0,LFOO090
Pirate Sandals,0,0,,151,84420,0,3,69,683,232,579,,,,,53,,,31,141,,,,0,0,,0,0,55,,44,9,85,,,,,0,LFOO090
Pirate Sandals,0,0,,151,84420,0,3,69,683,232,579,,,,,53,,,31,144,,,,0,0,,0,0,56,,46,10,85,,,,,0,LFOO090
Pirate Sandals,0,0,,151,84420,0,3,65,683,232,579,,,,,53,,,31,146,,,,0,0,,0,0,59,,52,12,85,,,,,3,LFOO090
Pirate Sandals,0,0,,151,84420,0,3,66,683,232,579,,,,,53,,,31,148,,,,0,0,,0,0,62,,54,13,85,,,,,4,LFOO090
Pirate Sandals,0,0,,151,84420,0,3,67,683,232,579,,,,,53,,,31,150,,,,0,0,,0,0,66,,56,15,85,,,,,5,LFOO090
Pirate Sandals,0,0,,151,84420,0,3,68,683,232,579,,,,,53,,,31,153,,,,0,0,,0,0,69,,59,16,85,,,,,6,LFOO090
Silentwalker Boots,0,0,,151,115380,0,3,75,684,232,579,,,,,53,,,31,154,,,,0,0,,0,0,57,,48,9,87,,,,,0,LFOO098
Silentwalker Boots,0,0,,151,115380,0,3,75,684,232,579,,,,,53,,,31,157,,,,0,0,,0,0,57,,51,10,87,,,,,0,LFOO098
Silentwalker Boots,0,0,,151,115380,0,3,75,684,232,579,,,,,53,,,31,160,,,,0,0,,0,0,58,,53,12,87,,,,,0,LFOO098
Silentwalker Boots,0,0,,151,115380,0,3,67,684,232,579,,,,,53,,,31,156,,,,0,0,,0,0,61,,60,13,87,,,,,3,LFOO098
Silentwalker Boots,0,0,,151,115380,0,3,68,684,232,579,,,,,53,,,31,158,,,,0,0,,0,0,64,,62,14,87,,,,,4,LFOO098
Silentwalker Boots,0,0,,151,115380,0,3,69,684,232,579,,,,,53,,,31,160,,,,0,0,,0,0,67,,64,16,87,,,,,5,LFOO098
Silentwalker Boots,0,0,,151,115380,0,3,70,684,232,579,,,,,53,,,31,163,,,,0,0,,0,0,71,,67,17,87,,,,,6,LFOO098
Triggerman Boots,0,0,,151,181850,0,3,80,685,232,579,,,,,53,,,31,170,,,,0,0,,0,0,59,,55,10,88,,,,,0,LFOO099
Triggerman Boots,0,0,,151,181850,0,3,80,685,232,579,,,,,53,,,31,172,,,,0,0,,0,0,59,,57,11,88,,,,,0,LFOO099
Triggerman Boots,0,0,,151,181850,0,3,80,685,232,579,,,,,53,,,31,174,,,,0,0,,0,0,59,,59,12,88,,,,,0,LFOO099
Triggerman Boots,0,0,,151,181850,0,3,70,685,232,579,,,,,53,,,31,166,,,,0,0,,0,0,63,,68,13,88,,,,,3,LFOO099
Triggerman Boots,0,0,,151,181850,0,3,71,685,232,579,,,,,53,,,31,168,,,,0,0,,0,0,65,,70,14,88,,,,,4,LFOO099
Triggerman Boots,0,0,,151,181850,0,3,72,685,232,579,,,,,53,,,31,170,,,,0,0,,0,0,67,,72,16,88,,,,,5,LFOO099
Triggerman Boots,0,0,,151,181850,0,3,73,685,232,579,,,,,53,,,31,173,,,,0,0,,0,0,69,,75,17,88,,,,,6,LFOO099
Captain Hawker Boots,0,0,,151,255150,0,3,86,686,232,579,,,,,53,,,31,186,,,,0,0,,0,0,61,,63,11,90,,,,,0,LFOO100
Captain Hawker Boots,0,0,,151,255150,0,3,86,686,232,579,,,,,53,,,31,188,,,,0,0,,0,0,61,,64,12,90,,,,,0,LFOO100
Captain Hawker Boots,0,0,,151,255150,0,3,86,686,232,579,,,,,53,,,31,190,,,,0,0,,0,0,61,,66,13,90,,,,,0,LFOO100
Captain Hawker Boots,0,0,,151,255150,0,3,73,686,232,579,,,,,53,,,31,176,,,,0,0,,0,0,65,,76,14,90,,,,,3,LFOO100
Captain Hawker Boots,0,0,,151,255150,0,3,74,686,232,579,,,,,53,,,31,178,,,,0,0,,0,0,67,,78,15,90,,,,,4,LFOO100
Captain Hawker Boots,0,0,,151,255150,0,3,75,686,232,579,,,,,53,,,31,180,,,,0,0,,0,0,69,,80,17,90,,,,,5,LFOO100
Captain Hawker Boots,0,0,,151,255150,0,3,76,686,232,579,,,,,53,,,31,183,,,,0,0,,0,0,71,,83,18,90,,,,,6,LFOO100
Netherworld Boots,0,0,,151,250800,0,3,76,687,232,579,,,,,53,,,31,186,,,,0,0,,0,0,59,,84,15,92,,,,,3,LFOO101
Netherworld Boots,0,0,,151,250800,0,3,77,687,232,579,,,,,53,,,31,188,,,,0,0,,0,0,62,,86,16,92,,,,,4,LFOO101
Netherworld Boots,0,0,,151,250800,0,3,78,687,232,579,,,,,53,,,31,190,,,,0,0,,0,0,65,,88,18,92,,,,,5,LFOO101
Steel Resolve Boots,0,0,,151,298700,0,3,78,689,232,579,,,,,53,,,31,204,,,,0,0,,0,0,61,,92,17,86,,,,,4,LFOO102
Steel Resolve Boots,0,0,,151,298700,0,3,79,689,232,579,,,,,53,,,31,208,,,,0,0,,0,0,64,,97,20,86,,,,,6,LFOO102
Shadow Fall Shoes,FOOT\foot1_08400.txt,FOOT\foot2_08400.txt,,151,337500,0,3,78,634,232,579,,,,,53,,,31,214,,,,,,,,,71,,98,18,88,,,,,3,LFOO103
Shadow Fall Shoes,FOOT\foot1_08400.txt,FOOT\foot2_08400.txt,,151,337500,0,3,78,634,232,579,,,,,53,,,31,218,,,,,,,,,71,,103,21,88,,,,,8,LFOO103
Reckless Ram Boots,FOOT\foot1_career007_1g.txt,FOOT\foot2_career007_1g.txt,6,151,351200,0,3,78,3311,232,579,,,,,53,,,31,214,,,,11,3,,21,5,75,,100,15,90,,,393,,5,LFOO107
Reckless Ram Boots,FOOT\foot1_career007_1g.txt,FOOT\foot2_career007_1g.txt,6,151,351200,0,3,78,3311,232,579,,,,,53,,,31,218,,,,11,5,,21,10,75,,105,18,90,,,391,,7,LFOO107
???? ????2??-????????,0,0,,151,139250,0,3,89,0,232,579,,,,,25,,,31,178,,,,0,0,,0,0,65,,67,16,90,,,,,4,
?????? ????2??-????????,0,0,,151,139250,0,3,92,0,232,579,,,,,25,,,31,181,,,,0,0,,0,0,68,,70,18,90,,,,,5,
?????? ????2??-????????,0,0,,151,139250,0,3,94,0,232,579,,,,,25,,,31,183,,,,0,0,,0,0,70,,72,19,90,,,,,5,
???? ????2??-??????????,0,0,,151,60400,0,3,72,0,232,579,,,,,26,,,31,130,,,,0,0,,0,0,59,,45,13,87,,,,,4,
?????? ????2??-??????????,0,0,,151,60400,0,3,75,0,232,579,,,,,26,,,31,133,,,,0,0,,0,0,62,,47,14,87,,,,,5,
?????? ????2??-??????????,0,0,,151,60400,0,3,77,0,232,579,,,,,26,,,31,135,,,,0,0,,0,0,65,,49,15,87,,,,,5,
???? ????2??-??????????,0,0,,151,82850,0,3,78,0,232,579,,,,,26,,,31,146,,,,0,0,,0,0,61,,52,13,90,,,,,4,
?????? ????2??-??????????,0,0,,151,82850,0,3,81,0,232,579,,,,,26,,,31,149,,,,0,0,,0,0,64,,54,15,90,,,,,5,
?????? ????2??-??????????,0,0,,151,82850,0,3,83,0,232,579,,,,,26,,,31,151,,,,0,0,,0,0,67,,56,15,90,,,,,5,
???? ????2??-??????????,0,0,,151,112600,0,3,84,0,232,579,,,,,26,,,31,162,,,,0,0,,0,0,63,,60,15,92,,,,,4,
?????? ????2??-??????????,0,0,,151,112600,0,3,87,0,232,579,,,,,26,,,31,165,,,,0,0,,0,0,66,,62,16,92,,,,,5,
?????? ????2??-??????????,0,0,,151,112600,0,3,89,0,232,579,,,,,26,,,31,167,,,,0,0,,0,0,68,,64,17,92,,,,,5,
???? ????2??-??????????,0,0,,151,144350,0,3,89,0,232,579,,,,,26,,,31,178,,,,0,0,,0,0,65,,67,16,95,,,,,4,
?????? ????2??-??????????,0,0,,151,144350,0,3,92,0,232,579,,,,,26,,,31,181,,,,0,0,,0,0,68,,70,18,95,,,,,5,
Red Shoes,FOOT\foot1_004.txt,FOOT\foot2_004.txt,,153,300,0,2,18,572,244,579,,,,,,,,,,,,,,,,,,45,,3,1,70,,,,,,LFOO002
Brown Shoes,FOOT\foot1_03200.txt,FOOT\foot2_03200.txt,,153,1300,0,3,24,702,240,579,,,,,44,,,31,13,,,,0,0,,0,0,40,,9,3,80,,,,,0,LFOO121
Brown Shoes,FOOT\foot1_03200.txt,FOOT\foot2_03200.txt,,153,1300,0,3,24,702,240,579,,,,,44,,,31,16,,,,0,0,,0,0,40,,10,3,80,,,,,0,LFOO121
Brown Shoes,FOOT\foot1_03200.txt,FOOT\foot2_03200.txt,,153,1300,0,3,24,702,240,579,,,,,44,,,31,19,,,,0,0,,0,0,41,,11,4,80,,,,,0,LFOO121
Brown Shoes,FOOT\foot1_03200.txt,FOOT\foot2_03200.txt,,153,1300,0,3,32,702,240,579,,,,,44,,,31,14,,,,0,0,,0,0,47,,11,5,80,,,,,4,LFOO121
Brown Shoes,FOOT\foot1_03200.txt,FOOT\foot2_03200.txt,,153,1300,0,3,36,702,240,579,,,,,44,,,31,18,,,,0,0,,0,0,52,,13,6,80,,,,,6,LFOO121
Brown Shoes,FOOT\foot1_03200.txt,FOOT\foot2_03200.txt,,153,1300,0,3,40,702,240,579,,,,,44,,,31,22,,,,0,0,,0,0,56,,14,7,80,,,,,7,LFOO121
Vibe Shoes,FOOT\foot1_03100.txt,FOOT\foot2_03100.txt,,153,2750,0,3,37,703,240,579,,,,,44,,,31,32,,,,0,0,,0,0,47,,15,5,80,,,,,4,LFOO122
Vibe Shoes,FOOT\foot1_03100.txt,FOOT\foot2_03100.txt,,153,2750,0,3,31,703,240,579,,,,,44,,,31,36,,,,0,0,,0,0,43,,13,4,80,,,,,0,LFOO122
Vibe Shoes,FOOT\foot1_03100.txt,FOOT\foot2_03100.txt,,153,2750,0,3,31,703,240,579,,,,,44,,,31,39,,,,0,0,,0,0,43,,14,4,80,,,,,0,LFOO122
Vibe Shoes,FOOT\foot1_03100.txt,FOOT\foot2_03100.txt,,153,2750,0,3,37,703,240,579,,,,,44,,,31,32,,,,0,0,,0,0,47,,15,5,80,,,,,4,LFOO122
Vibe Shoes,FOOT\foot1_03100.txt,FOOT\foot2_03100.txt,,153,2750,0,3,40,703,240,579,,,,,44,,,31,35,,,,0,0,,0,0,51,,16,6,80,,,,,5,LFOO122
Vibe Shoes,FOOT\foot1_03100.txt,FOOT\foot2_03100.txt,,153,2750,0,3,45,703,240,579,,,,,44,,,31,40,,,,0,0,,0,0,56,,18,7,80,,,,,6,LFOO122
Vibe Shoes,FOOT\foot1_03100.txt,FOOT\foot2_03100.txt,,153,2750,0,3,48,703,240,579,,,,,44,,,31,43,,,,0,0,,0,0,60,,20,8,80,,,,,7,LFOO122
Tamiya Shoes,FOOT\foot1_01800.txt,FOOT\foot2_01800.txt,,153,6450,0,3,38,704,240,579,,,,,44,,,31,53,,,,0,0,,0,0,45,,16,4,85,,,,,0,LFOO123
Tamiya Shoes,FOOT\foot1_01800.txt,FOOT\foot2_01800.txt,,153,6450,0,3,38,704,240,579,,,,,44,,,31,56,,,,0,0,,0,0,45,,18,5,85,,,,,0,LFOO123
Tamiya Shoes,FOOT\foot1_01800.txt,FOOT\foot2_01800.txt,,153,6450,0,3,44,704,240,579,,,,,44,,,31,52,,,,0,0,,0,0,50,,19,7,85,,,,,4,LFOO123
Tamiya Shoes,FOOT\foot1_01800.txt,FOOT\foot2_01800.txt,,153,6450,0,3,44,704,240,579,,,,,44,,,31,52,,,,0,0,,0,0,50,,19,7,85,,,,,4,LFOO123
Tamiya Shoes,FOOT\foot1_01800.txt,FOOT\foot2_01800.txt,,153,6450,0,3,47,704,240,579,,,,,44,,,31,55,,,,0,0,,0,0,53,,21,8,85,,,,,5,LFOO123
Tamiya Shoes,FOOT\foot1_01800.txt,FOOT\foot2_01800.txt,,153,6450,0,3,52,704,240,579,,,,,44,,,31,60,,,,0,0,,0,0,59,,24,9,85,,,,,6,LFOO123
Tamiya Shoes,FOOT\foot1_01800.txt,FOOT\foot2_01800.txt,,153,6450,0,3,55,704,240,579,,,,,44,,,31,63,,,,0,0,,0,0,62,,25,11,85,,,,,7,LFOO123
Semiya Shoes,FOOT\foot1_02300.txt,FOOT\foot2_02300.txt,,153,13050,0,3,45,705,240,579,,,,,54,,,31,73,,,,0,0,,0,0,47,,22,4,85,,,,,0,LFOO124
Semiya Shoes,FOOT\foot1_02300.txt,FOOT\foot2_02300.txt,,153,13050,0,3,45,705,240,579,,,,,54,,,31,76,,,,0,0,,0,0,48,,23,5,85,,,,,0,LFOO124
Semiya Shoes,FOOT\foot1_02300.txt,FOOT\foot2_02300.txt,,153,13050,0,3,45,705,240,579,,,,,54,,,31,79,,,,0,0,,0,0,48,,25,6,85,,,,,0,LFOO124
Semiya Shoes,FOOT\foot1_02300.txt,FOOT\foot2_02300.txt,,153,13050,0,3,51,705,240,579,,,,,54,,,31,72,,,,0,0,,0,0,52,,25,7,85,,,,,4,LFOO124
Semiya Shoes,FOOT\foot1_02300.txt,FOOT\foot2_02300.txt,,153,13050,0,3,54,705,240,579,,,,,54,,,31,75,,,,0,0,,0,0,55,,27,9,85,,,,,5,LFOO124
Semiya Shoes,FOOT\foot1_02300.txt,FOOT\foot2_02300.txt,,153,13050,0,3,59,705,240,579,,,,,54,,,31,80,,,,0,0,,0,0,61,,30,10,85,,,,,6,LFOO124
Semiya Shoes,FOOT\foot1_02300.txt,FOOT\foot2_02300.txt,,153,13050,0,3,62,705,240,579,,,,,54,,,31,83,,,,0,0,,0,0,64,,32,12,85,,,,,7,LFOO124
Merchant Boots,FOOT\foot1_03600.txt,FOOT\foot2_03600.txt,,153,21250,0,3,51,706,240,579,,,,,54,,,31,90,,,,0,0,,0,0,49,,25,5,85,,,,,0,LFOO125
Merchant Boots,FOOT\foot1_03600.txt,FOOT\foot2_03600.txt,,153,21250,0,3,51,706,240,579,,,,,54,,,31,93,,,,0,0,,0,0,50,,27,6,85,,,,,0,LFOO125
Merchant Boots,FOOT\foot1_03600.txt,FOOT\foot2_03600.txt,,153,21250,0,3,51,706,240,579,,,,,54,,,31,96,,,,0,0,,0,0,50,,29,7,85,,,,,0,LFOO125
Merchant Boots,FOOT\foot1_03600.txt,FOOT\foot2_03600.txt,,153,21250,0,3,56,706,240,579,,,,,54,,,31,89,,,,0,0,,0,0,53,,30,9,85,,,,,3,LFOO125
Merchant Boots,FOOT\foot1_03600.txt,FOOT\foot2_03600.txt,,153,21250,0,3,59,706,240,579,,,,,54,,,31,92,,,,0,0,,0,0,56,,32,10,85,,,,,4,LFOO125
Merchant Boots,FOOT\foot1_03600.txt,FOOT\foot2_03600.txt,,153,21250,0,3,62,706,240,579,,,,,54,,,31,95,,,,0,0,,0,0,60,,33,11,85,,,,,5,LFOO125
Merchant Boots,FOOT\foot1_03600.txt,FOOT\foot2_03600.txt,,153,21250,0,3,65,706,240,579,,,,,54,,,31,98,,,,0,0,,0,0,63,,35,12,85,,,,,6,LFOO125
Rich Merchant Boots,FOOT\foot1_03500.txt,FOOT\foot2_03500.txt,,153,33900,0,3,56,707,240,579,,,325,36,54,,,31,104,,,,,,,,,60,,28,3,85,0,,,,,LFOO126
Rich Merchant Boots,FOOT\foot1_03500.txt,FOOT\foot2_03500.txt,,153,33900,0,3,56,707,240,579,,,,,54,,,31,109,,,,0,0,,0,0,51,,32,6,85,,,,,0,LFOO126
Rich Merchant Boots,FOOT\foot1_03500.txt,FOOT\foot2_03500.txt,,153,33900,0,3,56,707,240,579,,,,,54,,,31,112,,,,0,0,,0,0,52,,34,8,85,,,,,0,LFOO126
Rich Merchant Boots,FOOT\foot1_03500.txt,FOOT\foot2_03500.txt,,153,33900,0,3,61,707,240,579,,,,,54,,,31,105,,,,0,0,,0,0,55,,35,9,85,,,,,3,LFOO126
Rich Merchant Boots,FOOT\foot1_03500.txt,FOOT\foot2_03500.txt,,153,33900,0,3,64,707,240,579,,,,,54,,,31,108,,,,0,0,,0,0,58,,37,10,85,,,,,4,LFOO126
Rich Merchant Boots,FOOT\foot1_03500.txt,FOOT\foot2_03500.txt,,153,33900,0,3,67,707,240,579,,,,,54,,,31,111,,,,0,0,,0,0,62,,39,12,85,,,,,5,LFOO126
Rich Merchant Boots,FOOT\foot1_03500.txt,FOOT\foot2_03500.txt,,153,33900,0,3,70,707,240,579,,,,,54,,,31,114,,,,0,0,,0,0,65,,42,13,85,,,,,6,LFOO126
Redfield Chairman Shoes,FOOT\foot1_04400.txt,FOOT\foot2_04400.txt,,153,52150,0,3,62,708,240,579,,,,,54,,,31,122,,,,0,0,,0,0,53,,36,6,85,,,,,0,LFOO127
Redfield Chairman Shoes,FOOT\foot1_04400.txt,FOOT\foot2_04400.txt,,153,52150,0,3,62,708,240,579,,,,,54,,,31,125,,,,0,0,,0,0,53,,38,8,85,,,,,0,LFOO127
Redfield Chairman Shoes,FOOT\foot1_04400.txt,FOOT\foot2_04400.txt,,153,52150,0,3,62,708,240,579,,,,,54,,,31,128,,,,0,0,,0,0,54,,40,9,85,,,,,0,LFOO127
Redfield Chairman Shoes,FOOT\foot1_04400.txt,FOOT\foot2_04400.txt,,153,52150,0,3,67,708,240,579,,,,,54,,,31,121,,,,0,0,,0,0,57,,41,11,85,,,,,3,LFOO127
Redfield Chairman Shoes,FOOT\foot1_04400.txt,FOOT\foot2_04400.txt,,153,52150,0,3,70,708,240,579,,,,,54,,,31,124,,,,0,0,,0,0,60,,43,12,85,,,,,4,LFOO127
Redfield Chairman Shoes,FOOT\foot1_04400.txt,FOOT\foot2_04400.txt,,153,52150,0,3,73,708,240,579,,,,,54,,,31,127,,,,0,0,,0,0,64,,45,13,85,,,,,5,LFOO127
Redfield Chairman Shoes,FOOT\foot1_04400.txt,FOOT\foot2_04400.txt,,153,52150,0,3,76,708,240,579,,,,,54,,,31,130,,,,0,0,,0,0,67,,48,15,85,,,,,6,LFOO127
Fisherman Sandals,0,0,,153,80595,0,3,68,709,240,579,,,,,54,,,31,138,,,,0,0,,0,0,55,,42,8,85,,,,,0,LFOO120
Fisherman Sandals,0,0,,153,80595,0,3,68,709,240,579,,,,,54,,,31,141,,,,0,0,,0,0,55,,44,9,85,,,,,0,LFOO120
Fisherman Sandals,0,0,,153,80595,0,3,68,709,240,579,,,,,54,,,31,144,,,,0,0,,0,0,56,,46,10,85,,,,,0,LFOO120
Fisherman Sandals,0,0,,153,80595,0,3,67,709,240,579,,,,,54,,,31,146,,,,0,0,,0,0,59,,52,13,85,,,,,3,LFOO120
Fisherman Sandals,0,0,,153,80595,0,3,68,709,240,579,,,,,54,,,31,148,,,,0,0,,0,0,62,,54,14,85,,,,,4,LFOO120
Fisherman Sandals,0,0,,153,80595,0,3,69,709,240,579,,,,,54,,,31,150,,,,0,0,,0,0,66,,56,15,85,,,,,5,LFOO120
Fisherman Sandals,0,0,,153,80595,0,3,70,709,240,579,,,,,54,,,31,153,,,,0,0,,0,0,69,,59,17,85,,,,,6,LFOO120
Bomber Shoes,0,0,,153,113085,0,3,73,710,240,579,,,,,54,,,31,154,,,,0,0,,0,0,57,,48,9,87,,,,,0,LFOO128
Bomber Shoes,0,0,,153,113085,0,3,73,710,240,579,,,,,54,,,31,157,,,,0,0,,0,0,57,,51,10,87,,,,,0,LFOO128
Bomber Shoes,0,0,,153,113085,0,3,73,710,240,579,,,,,54,,,31,160,,,,0,0,,0,0,58,,53,12,87,,,,,0,LFOO128
Bomber Shoes,0,0,,153,113085,0,3,69,710,240,579,,,,,54,,,31,156,,,,0,0,,0,0,61,,60,14,87,,,,,3,LFOO128
Bomber Shoes,0,0,,153,113085,0,3,70,710,240,579,,,,,54,,,31,158,,,,0,0,,0,0,64,,62,15,87,,,,,4,LFOO128
Bomber Shoes,0,0,,153,113085,0,3,71,710,240,579,,,,,54,,,31,160,,,,0,0,,0,0,67,,64,16,87,,,,,5,LFOO128
Bomber Shoes,0,0,,153,113085,0,3,72,710,240,579,,,,,54,,,31,163,,,,0,0,,0,0,71,,67,18,87,,,,,6,LFOO128
Cart Racer Shoes,0,0,,153,161300,0,3,79,711,240,579,,,,,54,,,31,170,,,,0,0,,0,0,59,,54,9,87,,,,,0,LFOO129
Cart Racer Shoes,0,0,,153,161300,0,3,79,711,240,579,,,,,54,,,31,172,,,,0,0,,0,0,59,,56,10,87,,,,,0,LFOO129
Cart Racer Shoes,0,0,,153,161300,0,3,79,711,240,579,,,,,54,,,31,174,,,,0,0,,0,0,59,,58,11,87,,,,,0,LFOO129
Cart Racer Shoes,0,0,,153,161300,0,3,71,711,240,579,,,,,54,,,31,166,,,,0,0,,0,0,63,,68,14,87,,,,,3,LFOO129
Cart Racer Shoes,0,0,,153,161300,0,3,72,711,240,579,,,,,54,,,31,168,,,,0,0,,0,0,65,,70,15,87,,,,,4,LFOO129
Cart Racer Shoes,0,0,,153,161300,0,3,73,711,240,579,,,,,54,,,31,170,,,,0,0,,0,0,67,,72,16,87,,,,,5,LFOO129
Cart Racer Shoes,0,0,,153,161300,0,3,74,711,240,579,,,,,54,,,31,173,,,,0,0,,0,0,69,,75,18,87,,,,,6,LFOO129
Bourgeois Shoes,0,0,,153,224250,0,3,84,712,240,579,,,,,54,,,31,186,,,,0,0,,0,0,61,,62,10,90,,,,,0,LFOO130
Bourgeois Shoes,0,0,,153,224250,0,3,84,712,240,579,,,,,54,,,31,188,,,,0,0,,0,0,61,,63,11,90,,,,,0,LFOO130
Bourgeois Shoes,0,0,,153,224250,0,3,84,712,240,579,,,,,54,,,31,190,,,,0,0,,0,0,61,,65,12,90,,,,,0,LFOO130
Bourgeois Shoes,0,0,,153,224250,0,3,73,712,240,579,,,,,54,,,31,176,,,,0,0,,0,0,65,,76,15,90,,,,,3,LFOO130
Bourgeois Shoes,0,0,,153,224250,0,3,74,712,240,579,,,,,54,,,31,178,,,,0,0,,0,0,67,,78,16,90,,,,,4,LFOO130
Bourgeois Shoes,0,0,,153,224250,0,3,75,712,240,579,,,,,54,,,31,180,,,,0,0,,0,0,69,,80,17,90,,,,,5,LFOO130
Bourgeois Shoes,0,0,,153,224250,0,3,76,712,240,579,,,,,54,,,31,183,,,,0,0,,0,0,71,,83,19,90,,,,,6,LFOO130
Noble Lord Shoes,0,0,,153,264850,0,3,75,713,240,579,,,,,54,,,31,186,,,,0,0,,0,0,59,,84,16,91,,,,,3,LFOO131
Noble Lord Shoes,0,0,,153,264850,0,3,76,713,240,579,,,,,54,,,31,188,,,,0,0,,0,0,62,,86,17,91,,,,,4,LFOO131
Noble Lord Shoes,0,0,,153,264850,0,3,77,713,240,579,,,,,54,,,31,190,,,,0,0,,0,0,65,,88,18,91,,,,,5,LFOO131
Mana Steam Shoes,0,0,,153,262600,0,3,77,715,240,579,,,,,54,,,31,204,,,,0,0,,0,0,61,,92,18,91,,,,,4,LFOO132
Mana Steam Shoes,0,0,,153,262600,0,3,78,715,240,579,,,,,54,,,31,208,,,,0,0,,0,0,64,,97,21,91,,,,,6,LFOO132
Mana Fusion Boots,FOOT\foot1_08300.txt,FOOT\foot2_08300.txt,,153,324100,0,3,76,635,240,579,,,,,54,,,31,214,,,,,,,,,77,,94,20,94,,,,,3,LFOO133
Mana Fusion Boots,FOOT\foot1_08300.txt,FOOT\foot2_08300.txt,,153,324100,0,3,76,635,240,579,,,,,54,,,31,218,,,,,,,,,77,,99,23,94,,,,,8,LFOO133
Staid Gentleman Shoes,FOOT\foot1_career008_1h.txt,FOOT\foot2_career008_1h.txt,6,153,338300,0,3,76,3312,240,579,,,,,54,,,31,214,,,,13,3,,21,5,75,,96,18,96,,,393,,5,LFOO137
Staid Gentleman Shoes,FOOT\foot1_career008_1h.txt,FOOT\foot2_career008_1h.txt,6,153,338300,0,3,76,3312,240,579,,,,,54,,,31,218,,,,13,5,,21,10,75,,101,26,96,,,391,,7,LFOO137
???? ????2??-??????????,0,0,,153,135600,0,3,88,0,240,579,,,,,27,,,31,178,,,,0,0,,0,0,65,,65,16,92,,,,,4,
?????? ????2??-??????????,0,0,,153,135600,0,3,91,0,240,579,,,,,27,,,31,181,,,,0,0,,0,0,68,,68,18,92,,,,,5,
?????? ????2??-??????????,0,0,,153,135600,0,3,93,0,240,579,,,,,27,,,31,183,,,,0,0,,0,0,70,,70,19,92,,,,,5,
???? ????2??-????????,0,0,,153,61950,0,3,71,0,240,579,,,,,28,,,31,130,,,,0,0,,0,0,59,,45,12,85,,,,,4,
?????? ????2??-????????,0,0,,153,61950,0,3,74,0,240,579,,,,,28,,,31,133,,,,0,0,,0,0,62,,47,13,85,,,,,5,
?????? ????2??-????????,0,0,,153,61950,0,3,76,0,240,579,,,,,28,,,31,135,,,,0,0,,0,0,65,,49,14,85,,,,,5,
???? ????2??-????????,0,0,,153,80400,0,3,76,0,240,579,,,,,28,,,31,146,,,,0,0,,0,0,61,,52,13,85,,,,,4,
?????? ????2??-????????,0,0,,153,80400,0,3,79,0,240,579,,,,,28,,,31,149,,,,0,0,,0,0,64,,54,15,85,,,,,5,
?????? ????2??-????????,0,0,,153,80400,0,3,81,0,240,579,,,,,28,,,31,151,,,,0,0,,0,0,67,,56,15,85,,,,,5,
???? ????2??-????????,0,0,,153,105550,0,3,82,0,240,579,,,,,28,,,31,162,,,,0,0,,0,0,63,,59,15,87,,,,,4,
?????? ????2??-????????,0,0,,153,105550,0,3,85,0,240,579,,,,,28,,,31,165,,,,0,0,,0,0,66,,61,16,87,,,,,5,
?????? ????2??-????????,0,0,,153,105550,0,3,87,0,240,579,,,,,28,,,31,167,,,,0,0,,0,0,68,,63,17,87,,,,,5,
???? ????2??-????????,0,0,,153,127300,0,3,88,0,240,579,,,,,28,,,31,178,,,,0,0,,0,0,65,,65,16,87,,,,,4,
?????? ????2??-????????,0,0,,153,127300,0,3,91,0,240,579,,,,,28,,,31,181,,,,0,0,,0,0,68,,68,18,87,,,,,5,
?????? ????2??-????????,0,0,,153,127300,0,3,93,0,240,579,,,,,28,,,31,183,,,,0,0,,0,0,70,,70,19,87,,,,,5,
,,,,,,,,,,,,,,,,,,,,,,,,,,,,,,,,,,,,,,,
,,,,,,,,,,,,,,,,,,,,,,,,,,,,,,,,,,,,,,,
,,,,,,,,,,,,,,,,,,,,,,,,,,,,,,,,,,,,,,,
,,,,,,,,,,,,,,,,,,,,,,,,,,,,,,,,,,,,,,,
Akram Kingdom Boots,,,,153,10000,,3,50,5313,240,579,,,,,,,,,,,,,,,,,,75,,10,10,85,,,,,,LFOO705
Seasonal Kingdom Boots,,,6,153,1000,,3,50,5313,240,579,,,,,,,,,,,,,,,,,,75,,10,10,85,,,,,,LFOO706
,,,,,,,,,,,,,,,,,,,,,,,,,,,,,,,,,,,,,,,
,,,,,,,,,,,,,,,,,,,,,,,,,,,,,,,,,,,,,,,
,,,,,,,,,,,,,,,,,,,,,,,,,,,,,,,,,,,,,,,
Pink Waterproof Boots,FOOT\foot1_F07100.txt,FOOT\foot2_F07100.txt,7,153,1000,0,3,16,2799,248,579,,,,,,,,,,,,,11,8,,13,5,100,,2,8,80,,,,,,LFOO710
Iron Sandals,FOOT\foot1_F07110.txt,FOOT\foot2_F07110.txt,7,151,1000,0,10,81,630,228,579,,,,,,,,,,,,,22,8,,18,5,30,,5,3,85,,,,,,LFOO711
Leopard Shoes,FOOT\foot1_F07120.txt,FOOT\foot2_F07120.txt,7,153,1000,0,2,10,2817,244,579,,,,,,,,,,,,,,,,,,30,,10,8,85,,,,,,LFOO712
Bad Santa Boots,FOOT\foot1_F07150.txt,FOOT\foot2_F07150.txt,6,153,1000,0,3,10,8143,236,579,,,,,,,,,,,,,,,,,,50,,10,10,85,,,,,,LFOO713
Santa Disguise Boots,FOOT\foot1_F07150.txt,FOOT\foot2_F07150.txt,6,153,1000,0,3,10,4423,236,579,,,,,,,,,,,,,,,,,,50,,10,10,85,,,,,,LFOO714
Jolly Santa Boots,FOOT\foot1_F07150.txt,FOOT\foot2_F07150.txt,6,153,1000,0,3,10,3683,236,579,,,,,,,,,,,,,,,,,,50,,10,10,85,,,,,,LFOO715
Santa's Helper Boots,FOOT\foot1_F07150.txt,FOOT\foot2_F07150.txt,6,153,1000,0,3,10,3684,236,579,,,,,,,,,,,,,,,,,,50,,10,10,85,,,,,,LFOO716
Green Magic School Shoes,,,,153,12300,0,2,24,725,244,579,,,,114,,,,31,104,,,,14,10,,23,10,61,5,34,12,100,,,,,,LFOO717
Yellow Magic School Shoes,,,,153,12300,0,2,24,726,244,579,,,,114,,,,31,104,,,,14,10,,23,10,61,5,34,12,100,,,,,,LFOO718
Red Magic School Shoes,,,,153,12300,0,2,24,723,244,579,,,,114,,,,31,104,,,,14,10,,23,10,61,5,34,12,100,,,,,,LFOO719
Blue Magic School Shoes,,,,153,12300,0,2,24,724,244,579,,,,114,,,,31,104,,,,14,10,,23,10,61,5,34,12,100,0,,,,,LFOO720
Black Santa Boots,FOOT\foot1_F07150.txt,FOOT\foot2_F07150.txt,6,153,1000,0,3,10,2659,236,579,,,,,,,,,,,,,,,,,,50,,10,10,85,,,,,,LFOO721
Green Santa Boots,FOOT\foot1_F07160.txt,FOOT\foot2_F07160.txt,6,153,1000,0,3,10,2486,236,579,,,,,,,,,,,,,,,,,,50,,10,10,85,,,,,,LFOO722
Pink Santa Boots,FOOT\foot1_F07170.txt,FOOT\foot2_F07170.txt,6,153,1000,0,3,10,2656,236,579,,,,,,,,,,,,,,,,,,50,,10,10,85,,,,,,LFOO723
Leopard Santa Boots,FOOT\foot1_F07180.txt,FOOT\foot2_F07180.txt,6,153,1000,0,3,10,2658,236,579,,,,,,,,,,,,,,,,,,50,,10,10,85,,,,,,LFOO724
White Santa Boots,FOOT\foot1_F07190.txt,FOOT\foot2_F07190.txt,6,153,1000,0,3,10,2661,236,579,,,,,,,,,,,,,,,,,,50,,10,10,85,,,,,,LFOO725
Green Gachapin Shoes,FOOT\foot1_F07200.txt,FOOT\foot2_F07200.txt,7,153,1000,0,2,10,3050,244,579,,,,,,,,,,,,,,,,,,50,,10,10,80,,,,,,LFOO726
Black Gachapin Shoes,FOOT\foot1_F07210.txt,FOOT\foot2_F07210.txt,7,153,1000,0,2,10,3049,244,579,,,,,,,,,,,,,,,,,,50,,10,10,80,,,,,,LFOO727
Blue Gachapin Shoes,FOOT\foot1_F07220.txt,FOOT\foot2_F07220.txt,7,153,1000,0,2,10,3051,244,579,,,,,,,,,,,,,,,,,,50,,10,10,80,,,,,,LFOO728
Snow Wear Boots,FOOT\foot1_F07230.txt,FOOT\foot2_F07230.txt,6,153,1000,0,2,23,2667,244,579,,,,,,,,,,,,,,,,,,50,,5,2,80,,,,,,LFOO729
Red Gachapin Shoes,FOOT\foot1_F07240.txt,FOOT\foot2_F07240.txt,7,153,1000,0,2,10,3057,244,579,,,,,,,,,,,,,,,,,,50,,10,10,80,,,,,,LFOO730
White Gachapin Shoes,FOOT\foot1_F07250.txt,FOOT\foot2_F07250.txt,7,153,1000,0,2,10,3058,244,579,,,,,,,,,,,,,,,,,,50,,10,10,80,,,,,,LFOO731
No Name,FOOT\foot1_F0726.txt,FOOT\foot2_F0726.txt,6,153,1000,0,2,23,323,244,579,,,,,,,,,,,,,,,,,,50,,1,1,85,,,,,,LFOO732
Nurse Shoes,FOOT\foot1_F0727.txt,FOOT\foot2_F0727.txt,6,153,1000,0,2,10,3073,244,579,,,,,,,,,,,,,,,,,,50,,1,1,80,,,,,,LFOO733
Shrine Maiden Shoes,FOOT\foot1_F0728.txt,FOOT\foot2_F0728.txt,6,153,0,0,2,10,3076,244,579,,,,,,,,,,,,,,,,,,50,,1,1,80,,,,,,LFOO734
White Racing Shoes,FOOT\foot1_F0729.txt,FOOT\foot2_F0729.txt,6,153,0,0,2,10,3098,244,579,,,,,,,,,,,,,,,,,,50,,1,1,85,,,,,,LFOO735
Heart Snowboard Boots,FOOT\foot1_F0730.txt,FOOT\foot2_F0730.txt,6,153,1000,0,2,23,2668,244,579,,,,,,,,,,,,,,,,,,30,,5,2,80,,,,,,LFOO736
Chinese Dress Shoes,FOOT\foot1_F0731.txt,FOOT\foot2_F0731.txt,6,153,1000,0,2,10,3102,244,579,,,,,,,,,,,,,,,,,,50,,1,1,85,,,,,,LFOO737
Blue Racing Shoes,FOOT\foot1_F0732.txt,FOOT\foot2_F0732.txt,6,153,0,0,2,10,3098,244,579,,,,,,,,,,,,,,,,,,50,,1,1,85,,,,,,LFOO738
Astronaut Shoes,FOOT\foot1_F0733.txt,FOOT\foot2_F0733.txt,6,153,1000,0,2,10,3107,244,579,,,,,,,,,,,,,,,,,,50,,1,1,65,,,,,,LFOO739
Alien Shoes,FOOT\foot1_F0734.txt,FOOT\foot2_F0734.txt,6,153,1000,0,2,10,3111,244,579,,,,,,,,,,,,,,,,,,50,,1,1,85,,,,,,LFOO740
Pink Racing Shoes,FOOT\foot1_F0735.txt,FOOT\foot2_F0735.txt,6,153,0,0,2,10,3098,244,579,,,,,,,,,,,,,,,,,,50,,1,1,85,,,,,,LFOO741
Bunny Slippers,FOOT\bunnyslip.txt,FOOT\bunnyslip.txt,,153,1550,0,2,10,660,244,579,,,,,,,,,,,,,,,,,,55,,10,10,85,,,,,,LFOO742
GM Shoes,FOOT\gmshoes.txt,FOOT\gmshoes.txt,6,153,1550,0,2,10,3098,244,579,,,,,,,,,,,,,,,,,,120,,5000,5000,100,,,,,,LFOO743
Winter Walker Feet,FOOT\foot1_devil.txt,FOOT\foot2_devil.txt,6,153,1000,0,2,23,4864,244,579,,,,,,,,,,,,,,,,,,35,,15,10,80,,,,,,LFOO744
Light Blue Santa Boots,FOOT\foot1_F07150.txt,FOOT\foot2_F07150.txt,6,153,1000,0,3,10,2657,236,579,,,,,,,,,,,,,,,,,,50,,10,10,85,,,,,,LFOO745
Winter Snowboard Boots,FOOT\foot1_20800.txt,FOOT\foot2_20800.txt,6,153,1000,0,2,23,7732,244,579,,,,,,,,,,,,,,,,,,30,,5,2,80,,,,,,LFOO746
Comfy Slippers,FOOT\steampunk_dress_m_foot_red_0907_cr.txt,FOOT\steampunk_dress_f_foot_red_0907_cr.txt,6,153,0,0,2,10,3114,244,579,,,,,,,,,,,,,,,,,,30,,10,8,85,,,,,,LFOO747
,,,,,,,,,,,,,,,,,,,,,,,,,,,,,,,,,,,,,,,
,,,,,,,,,,,,,,,,,,,,,,,,,,,,,,,,,,,,,,,
Argentina Cleats,FOOT\foot1_wc_argentine.txt,FOOT\foot2_wc_argentine.txt,6,153,1000,0,2,20,4121,244,579,,,,,,,,,,,,,,,,,,30,,5,2,80,,,,,,LFOO750
Australia Cleats,FOOT\foot1_wc_austrlia.txt,FOOT\foot2_wc_austrlia.txt,6,153,1000,0,2,20,10253,244,579,,,,,,,,,,,,,,,,,,30,,5,2,80,,,,,,LFOO751
Brazil Cleats,FOOT\foot1_wc_brazil.txt,FOOT\foot2_wc_brazil.txt,6,153,1000,0,2,20,4123,244,579,,,,,,,,,,,,,,,,,,30,,5,2,80,,,,,,LFOO752
Canada Cleats,FOOT\foot1_wc_canada.txt,FOOT\foot2_wc_canada.txt,6,153,1000,0,2,20,9275,244,579,,,,,,,,,,,,,,,,,,30,,5,2,80,,,,,,LFOO753
England Cleats,FOOT\foot1_wc_england.txt,FOOT\foot2_wc_england.txt,6,153,1000,0,2,20,4125,244,579,,,,,,,,,,,,,,,,,,30,,5,2,80,,,,,,LFOO754
France Cleats,FOOT\foot1_wc_france.txt,FOOT\foot2_wc_france.txt,6,153,1000,0,2,20,4126,244,579,,,,,,,,,,,,,,,,,,30,,5,2,80,,,,,,LFOO755
Germany Cleats,FOOT\foot1_wc_germany.txt,FOOT\foot2_wc_germany.txt,6,153,1000,0,2,20,4127,244,579,,,,,,,,,,,,,,,,,,30,,5,2,80,,,,,,LFOO756
Italy Cleats,FOOT\foot1_wc_italy.txt,FOOT\foot2_wc_italy.txt,6,153,1000,0,2,20,4128,244,579,,,,,,,,,,,,,,,,,,30,,5,2,80,,,,,,LFOO757
Japan Cleats,FOOT\foot1_wc_japan.txt,FOOT\foot2_wc_japan.txt,6,153,1000,0,2,20,4129,244,579,,,,,,,,,,,,,,,,,,30,,5,2,80,,,,,,LFOO758
South Korea Cleats,FOOT\foot1_wc_korea.txt,FOOT\foot2_wc_korea.txt,6,153,1000,0,2,20,4130,244,579,,,,,,,,,,,,,,,,,,30,,5,2,80,,,,,,LFOO759
Mexico Cleats,FOOT\foot1_wc_mexico.txt,FOOT\foot2_wc_mexico.txt,6,153,1000,0,2,20,4131,244,579,,,,,,,,,,,,,,,,,,30,,5,2,80,,,,,,LFOO760
Netherlands Cleats,FOOT\foot1_wc_netherlands.txt,FOOT\foot2_wc_netherlands.txt,6,153,1000,0,2,20,4132,244,579,,,,,,,,,,,,,,,,,,30,,5,2,80,,,,,,LFOO761
Philippine Cleats,FOOT\foot1_wc_phil.txt,FOOT\foot2_wc_phil.txt,6,153,1000,0,2,20,4134,244,579,,,,,,,,,,,,,,,,,,30,,5,2,80,,,,,,LFOO762
Spain Cleats,FOOT\foot1_wc_spain.txt,FOOT\foot2_wc_spain.txt,6,153,1000,0,2,20,4135,244,579,,,,,,,,,,,,,,,,,,30,,5,2,80,,,,,,LFOO763
USA Cleats,FOOT\foot1_wc_usa.txt,FOOT\foot2_wc_usa.txt,6,153,1000,0,2,20,4136,244,579,,,,,,,,,,,,,,,,,,30,,5,2,80,,,,,,LFOO764
,,,,,,,,,,,,,,,,,,,,,,,,,,,,,,,,,,,,,,,
Eclipse Ice Skates,FOOT\foot1_skateBlack.txt,FOOT\foot2_skateBlack.txt,6,153,0,0,2,23,4412,244,579,,,,,,,,,,,,,,,,,,100,,20,10,80,,,,,,LFOO766
Undersea Ice Skates,FOOT\foot1_skateBlue.txt,FOOT\foot2_skateBlue.txt,6,153,0,0,2,23,4413,244,579,,,,,,,,,,,,,,,,,,100,,20,10,80,,,,,,LFOO767
Exotic Ice Skates,FOOT\foot1_skateRed.txt,FOOT\foot2_skateRed.txt,6,153,0,0,2,23,4414,244,579,,,,,,,,,,,,,,,,,,100,,20,10,80,,,,,,LFOO768
Floral Ice Skates,FOOT\foot1_skateWhite.txt,FOOT\foot2_skateWhite.txt,6,153,0,0,2,23,4415,244,579,,,,,,,,,,,,,,,,,,100,,20,10,80,,,,,,LFOO769
Captain Zack Boots,FOOT\FOOT1_captain_pirate.txt,FOOT\FOOT2_captain_pirate.txt,7,153,0,0,0,0,4540,240,579,,,,,,,,,,,,,,,,,,30,,20,10,70,,,,,,LFOO770
Black Magic School Shoes,FOOT\foot1_F0732.txt,FOOT\foot2_F0732.txt,6,153,0,0,2,10,8435,244,579,,,,,,,,,,,,,,,,,,50,,1,1,85,,,,,,LFOO771
Orange Magic School Shoes,FOOT\foot1_F0732.txt,FOOT\foot2_F0732.txt,6,153,0,0,2,10,8450,244,579,,,,,,,,,,,,,,,,,,50,,1,1,85,,,,,,LFOO772
Purple Magic School Shoes,FOOT\foot1_F0732.txt,FOOT\foot2_F0732.txt,6,153,0,0,2,10,8451,244,579,,,,,,,,,,,,,,,,,,50,,1,1,85,,,,,,LFOO773
Pink Bunny Slippers,,,,153,1550,0,2,10,2576,244,579,,,,,,,,,,,,,,,,,,55,,10,10,85,,,,,,LFOO774
Vicious Bunny Slippers,,,,153,1550,0,2,10,2578,244,579,,,,,,,,,,,,,,,,,,55,,10,10,85,,,,,,LFOO775
Blue Heels,,,6,153,1000,0,2,10,2905,244,579,,,,,,,,,,,,,,,,,,50,,1,1,80,,,,,,LFOO776
Trendy School Shoes,,,6,153,1000,0,2,10,2906,244,579,,,,,,,,,,,,,,,,,,50,,1,1,80,,,,,,LFOO777
Beige Gothic Lolita Shoes,,,6,153,0,0,2,10,3960,244,579,,,,,,,,,,,,,,,,,,50,,1,1,85,,,,,,LFOO778
Pink Gothic Lolita Shoes,,,6,153,0,0,2,10,3961,244,579,,,,,,,,,,,,,,,,,,50,,1,1,85,,,,,,LFOO779
Black Gothic Lolita Shoes,,,6,153,0,0,2,10,3962,244,579,,,,,,,,,,,,,,,,,,50,,1,1,85,,,,,,LFOO780
Pink Magical Shoes,,,6,153,0,0,2,10,4006,244,579,,,,,,,,,,,,,,,,,,50,,1,1,85,,,,,,LFOO781
Blue Magical Shoes,,,6,153,0,0,2,10,4007,244,579,,,,,,,,,,,,,,,,,,50,,1,1,85,,,,,,LFOO782
Green Magical Shoes,,,6,153,0,0,2,10,4008,244,579,,,,,,,,,,,,,,,,,,50,,1,1,85,,,,,,LFOO783
Yellow Magical Shoes,,,6,153,0,0,2,10,4009,244,579,,,,,,,,,,,,,,,,,,50,,1,1,85,,,,,,LFOO784
Belgium Cleats,,,6,153,1000,0,2,20,4130,244,579,,,,,,,,,,,,,,,,,,30,,5,2,80,,,,,,LFOO785
Poland Cleats,,,6,153,1000,0,2,20,4136,244,579,,,,,,,,,,,,,,,,,,30,,5,2,80,,,,,,LFOO786
Portugal Cleats,,,6,153,1000,0,2,20,4130,244,579,,,,,,,,,,,,,,,,,,30,,5,2,80,,,,,,LFOO787
Blue Bunny Slippers,,,,153,0,0,2,10,9772,244,579,,,,,,,,,,,,,,,,,,55,,10,10,85,,,,,,LFOO788
,,,,,,,,,,,,,,,,,,,,,,,,,,,,,,,,,,,,,,,
Blue Rudolph Boots,FOOT\foot1_22000_blue_1116_na1117.txt,FOOT\foot2_22000_blue_1116_na1117.txt,6,153,1500,0,3,22,7725,236,579,,,,4,,,,,,,,,,,,,,20,,5,3,70,,,,,,LFOO790
Warm Winter Boots,FOOT\lg_famu_foot_1012_cr.txt,FOOT\lg_famu_foot_1012_cr.txt,6,153,1000,0,2,25,4495,244,579,,,,,,,,,,,,,,,,,,20,,17,1,70,,,,,,LFOO791
Punk Christmas Boots,FOOT\maidxmas_m_1116_na.txt,FOOT\maidxmas_f_1116_na.txt,6,151,1000,0,6,25,3695,244,579,,,,,,,,,,,,,,,,,,20,,5,6,70,,,,,,LFOO792
Stylish Christmas Boots,FOOT\foot1_22300.txt,FOOT\foot2_22300.txt,6,151,1000,0,6,25,3694,244,579,,,,,,,,,,,,,,,,,,20,,5,6,70,,,,,,LFOO793
,,,,,,,,,,,,,,,,,,,,,,,,,,,,,,,,,,,,,,,
,,,,,,,,,,,,,,,,,,,,,,,,,,,,,,,,,,,,,,,
,,,,,,,,,,,,,,,,,,,,,,,,,,,,,,,,,,,,,,,
,,,,,,,,,,,,,,,,,,,,,,,,,,,,,,,,,,,,,,,
,,,,,,,,,,,,,,,,,,,,,,,,,,,,,,,,,,,,,,,
,,,,,,,,,,,,,,,,,,,,,,,,,,,,,,,,,,,,,,,
Wedding Shoes,FOOT\foot1_fashion001_a.txt,FOOT\foot2_fashion001_a.txt,7,153,1000,0,1,10,3500,244,579,,,,,,,,,,,,,,,,,,30,,10,8,85,,,,,,LFOO800
Kimono Sandals,FOOT\foot1_fashion002_2.txt,FOOT\foot2_fashion002_2.txt,6,153,1000,0,1,10,3501,244,579,,,,,,,,,,,,,,,,,,50,,1,1,85,,,,,,LFOO801
Pirate boots,FOOT\foot1_fashion003_c.txt,FOOT\foot2_fashion003_c.txt,6,153,10000,0,1,10,3502,244,579,,,,,,,,,,,,,,,,,,30,,10,8,85,,,,,,LFOO802
Chinese Shoes,FOOT\foot1_fashion004_d.txt,FOOT\foot2_fashion004_d.txt,7,153,1000,0,1,10,3503,244,579,,,,,,,,,,,,,,,,,,30,,10,8,85,,,,,,LFOO803
Bear Feet,FOOT\foot1_fashion005_e.txt,FOOT\foot2_fashion005_e.txt,6,153,10000,0,1,10,3504,244,579,,,,,,,,,,,,,,,,,,30,,10,8,85,,,,,,LFOO804
Frog Feet,FOOT\foot1_fashion006_f.txt,FOOT\foot2_fashion006_f.txt,7,153,10000,0,2,10,3505,244,579,,,,,,,,,,,,,12,3,,15,3,30,,10,8,85,,,,,,LFOO805
Koala Feet,FOOT\foot1_fashion006_p.txt,FOOT\foot2_fashion006_p.txt,6,153,10000,0,1,10,3506,244,579,,,,,,,,,,,,,,,,,,30,,10,8,85,,,,,,LFOO806
Yokono Bunny Slippers,FOOT\foot1_fashion007_g.txt,FOOT\foot2_fashion007_g.txt,7,153,10000,0,1,10,3507,244,579,,,,,,,,,,,,,12,3,,,,30,,10,8,85,,,,,,LFOO807
Pastery Chef's Shoes,FOOT\foot1_fashion007_h.txt,FOOT\foot2_fashion007_h.txt,7,153,10000,0,1,10,4189,244,579,,,,,,,,,,,,,19,10,,11,3,30,,10,8,85,,,,,,LFOO808
Kodomatchi Shoes,FOOT\foot1_fashion008_i.txt,FOOT\foot2_fashion008_i.txt,7,153,10000,0,1,10,3510,244,579,,,,,,,,,,,,,19,15,,21,15,30,,10,8,85,,,,,,LFOO809
Leopard shoes,FOOT\foot1_fashion009_o.txt,FOOT\foot2_fashion009_o.txt,6,153,0,0,2,10,3511,244,579,,,,,,,,,,,,,,,,,,30,,10,8,85,,,,,,LFOO810
Medieval Boots,FOOT\foot1_fashion010_k.txt,FOOT\foot2_fashion010_k.txt,6,153,10000,0,1,10,3512,244,579,,,,,,,,,,,,,,,,,,30,,10,8,85,,,,,,LFOO811
Bounty Hunter Boots,FOOT\foot1_fashion011_l.txt,FOOT\foot2_fashion011_l.txt,6,153,10000,0,1,10,3513,244,579,,,,,,,,,,,,,,,,,,30,,10,8,85,,,,,,LFOO812
Purple Bunny Shoes,FOOT\foot1_fashion012_q.txt,FOOT\foot2_fashion012_q.txt,6,153,1000,0,1,10,3980,244,579,,,,,,,,,,,,,,,,,,30,,10,8,85,,,,,,LFOO813
Medieval Shoes,FOOT\foot1_fashion013_r.txt,FOOT\foot2_fashion013_r.txt,6,153,0,0,1,10,3573,244,579,,,,,,,,,,,,,,,,,,30,,10,8,80,,,,,,LFOO814
Jester Shoes,FOOT\foot1_fashion014_s.txt,FOOT\foot2_fashion014_s.txt,7,153,10000,0,1,10,4704,244,579,,,,,,,,,,,,,13,3,,,,30,,10,8,85,,,,,,LFOO815
thRose,FOOT\foot1_fashion017_1017.txt,FOOT\foot2_fashion017_1017.txt,6,153,10000,0,1,10,3517,244,579,,,,,,,,,,,,,,,,,,30,,10,8,85,,,,,,LFOO816
Airplane Attendant Shoes,FOOT\foot1_fashion018_1018.txt,FOOT\foot2_fashion018_1018.txt,6,153,1000,0,2,10,3517,244,579,,,,,,,,,,,,,,,,,,30,,10,8,85,,,,,,LFOO817
thRose,FOOT\foot1_fashion019_1019.txt,FOOT\foot2_fashion019_1019.txt,6,153,10000,0,2,10,3519,244,579,,,,,,,,,,,,,,,,,,30,,10,8,85,,,,,,LFOO818
thRose,FOOT\foot1_fashion020_1020.txt,FOOT\foot2_fashion020_1020.txt,6,153,10000,0,1,10,3520,244,579,,,,,,,,,,,,,,,,,,30,,10,8,85,,,,,,LFOO819
Red Wonder Shoes,,FOOT\hu_konan_foot_w.txt,6,153,10000,0,1,10,3519,244,579,,,,,,,,,,,,,,,,,,30,,10,8,85,,,,,,LFOO820
Pink Wonder Shoes,,FOOT\hu_can_foot_w.txt,6,153,10000,0,1,10,3520,244,579,,,,,,,,,,,,,,,,,,30,,10,8,85,,,,,,LFOO821
Green Wonder Shoes,,FOOT\hu_kyomo_foot_w.txt,6,153,10000,0,1,10,3521,244,579,,,,,,,,,,,,,,,,,,30,,10,8,85,,,,,,LFOO822
Orange Wonder Shoes,,FOOT\hu_marurin_foot_w.txt,6,153,10000,0,1,10,3523,244,579,,,,,,,,,,,,,,,,,,30,,10,8,85,,,,,,LFOO823
Yellow Wonder Shoes,,FOOT\hu_piro_foot_w.txt,6,153,10000,0,1,10,3524,244,579,,,,,,,,,,,,,,,,,,30,,10,8,85,,,,,,LFOO824
Blue Wonder Shoes,,FOOT\hu_ura_foot_w.txt,6,153,10000,0,1,10,3525,244,579,,,,,,,,,,,,,,,,,,30,,10,8,85,,,,,,LFOO825
Purple Wonder Shoes,,FOOT\hu_yokyun_foot_w.txt,6,153,10000,0,2,10,3526,244,579,,,,,,,,,,,,,,,,,,30,,10,8,85,,,,,,LFOO826
Pink Cat Shoes,FOOT\ugo_ichigo_foot_m.txt,FOOT\ugo_ichigo_foot_w.txt,6,153,10000,0,2,10,3527,244,579,,,,,,,,,,,,,,,,,,30,,10,8,85,,,,,,LFOO827
Tiger Shoes,FOOT\foot1_fashion021_1021.txt,FOOT\foot2_fashion021_1021.txt,7,153,10000,0,1,10,3528,244,579,,,,,,,,,,,,,,,,,,30,,10,8,85,,,,,,LFOO828
Racing Boots,FOOT\foot1_fashion022_1022.txt,FOOT\foot2_fashion022_1022.txt,7,153,10000,0,1,10,3529,244,579,,,,,,,,,,,,,,,,,,30,,10,8,85,,,,,,LFOO829
Trendy Beach Sandals,FOOT\foot1_fashion023_1023.txt,FOOT\foot2_fashion023_1023.txt,6,153,1000,0,1,10,8547,244,579,,,,,,,,,,,,,,,,,,30,,5,3,80,,,,,,LFOO830
Dancing Shoes,FOOT\foot1_fashion024_1024.txt,FOOT\foot2_fashion024_1024.txt,6,153,0,0,1,10,8221,244,579,,,,,,,,,,,,,,,,,,30,,10,10,80,,,,,,LFOO831
Police Shoes,FOOT\foot1_fashion025_1025.txt,FOOT\foot2_fashion025_1025.txt,7,153,10000,0,2,10,3532,244,579,,,,,,,,,,,,,,,,,,30,,10,8,85,,,,,,LFOO832
Grey Woppie Shoes,FOOT\whoopeefoot2_m_1026_ka.txt,FOOT\whoopeefoot2_m_1026_ka.txt,6,153,1000,0,2,10,4442,,579,,,,,,,,,,,,,12,3,,11,4,30,,10,8,85,,,,,,LFOO833
Kaiman Shoes,FOOT\kaimanfoot_m_1021_wa.txt,FOOT\kaimanfoot_f_1021_wa.txt,6,153,1000,0,2,10,4443,,579,,,,,,,,,,,,,10,3,,11,3,30,,10,8,85,,,,,,LFOO834
Pink and Red Winter Boots,FOOT\mint_xmas_foot_pink_1101_wa.txt,FOOT\cr_xmas_foot_pink_1101_wa.txt,6,153,1000,0,2,10,4444,,579,,,,,,,,,,,,,14,6,,,,30,,10,8,80,,,,,,LFOO835
White and Red Winter Boots,FOOT\mint_xmas_foot_white_1101_wa.txt,FOOT\cr_xmas_foot_white_1101_wa.txt,6,153,1000,0,2,10,4446,,579,,,,,,,,,,,,,14,6,,,,30,,10,8,80,,,,,,LFOO836
Black and Red Winter Boots,FOOT\mint_xmas_foot_chick_1101_wa.txt,FOOT\cr_xmas_foot_hyou_1101_wa.txt,6,153,1000,0,2,10,4447,,579,,,,,,,,,,,,,14,6,,,,30,,10,8,80,,,,,,LFOO837
Witch Shoes,FOOT\ugo_ichigo_foot_m.txt,FOOT\ugo_ichigo_foot_w.txt,6,153,1000,0,2,10,2473,244,579,,,,,,,,,,,,,,,,,,30,,10,8,85,,,,,,LFOO838
Purple Witch Shoes,FOOT\ugo_ichigo_foot_m.txt,FOOT\ugo_ichigo_foot_w.txt,6,153,1000,0,2,10,2474,244,579,,,,,,,,,,,,,,,,,,30,,10,8,85,,,,,,LFOO839
hai temp. name,FOOT\foot1_career015_1o.txt,FOOT\foot2_career015_1o.txt,6,153,18764,0,19,10,4157,244,579,,,,,,,,31,50,,,,,,,,,37,1,49,16,99,,,,,,LFOO840
Pumpkin Jester Shoes,FOOT\ugo_ichigo_foot_m.txt,FOOT\ugo_ichigo_foot_w.txt,6,153,1000,0,2,10,3460,244,579,,,,,,,,,,,,,,,,,,30,,10,8,85,,,,,,LFOO841
Bat Shoes,FOOT\ugo_ichigo_foot_m.txt,FOOT\ugo_ichigo_foot_w.txt,6,153,1000,0,2,10,4543,244,579,,,,,,,,,,,,,,,,,,30,,10,8,85,,,,,,LFOO842
Pumpkin Shoes,,,6,153,1000,0,2,10,8603,244,579,,,,,,,,,,,,,,,,,,30,,10,8,85,,,,,,LFOO843
Loose Socks Loafers,,,6,153,0,0,2,10,9761,244,579,,,,,,,,,,,,,,,,,,30,,10,8,85,,,,,,LFOO844
,,,,,,,,,,,,,,,,,,,,,,,,,,,,,,,,,,,,,,,
,,,,,,,,,,,,,,,,,,,,,,,,,,,,,,,,,,,,,,,
,,,,,,,,,,,,,,,,,,,,,,,,,,,,,,,,,,,,,,,
hai temp. name,FOOT\foot1_career015_o.txt,FOOT\foot2_career015_o.txt,6,153,18764,0,19,10,4158,244,579,,,,,,,,31,50,,,,,,,,,37,1,49,16,99,,,,,,LFOO848
,,,,,,,,,,,,,,,,,,,,,,,,,,,,,,,,,,,,,,,
,,,,,,,,,,,,,,,,,,,,,,,,,,,,,,,,,,,,,,,
,,,,,,,,,,,,,,,,,,,,,,,,,,,,,,,,,,,,,,,
,,,,,,,,,,,,,,,,,,,,,,,,,,,,,,,,,,,,,,,
,,,,,,,,,,,,,,,,,,,,,,,,,,,,,,,,,,,,,,,
,,,,,,,,,,,,,,,,,,,,,,,,,,,,,,,,,,,,,,,
,,,,,,,,,,,,,,,,,,,,,,,,,,,,,,,,,,,,,,,
,,,,,,,,,,,,,,,,,,,,,,,,,,,,,,,,,,,,,,,
Alice Shoes,FOOT\alicefoot_m.txt,FOOT\alicefoot_f.txt,6,153,1000,0,2,100,3902,,579,,,,,,,,,,,,,12,3,,14,10,100,,19,15,80,,,,,,LFOO857
,,,,,,,,,,,,,,,,,,,,,,,,,,,,,,,,,,,,,,,
,,,,,,,,,,,,,,,,,,,,,,,,,,,,,,,,,,,,,,,
,,,,,,,,,,,,,,,,,,,,,,,,,,,,,,,,,,,,,,,
,,,,,,,,,,,,,,,,,,,,,,,,,,,,,,,,,,,,,,,
,,,,,,,,,,,,,,,,,,,,,,,,,,,,,,,,,,,,,,,
,,,,,,,,,,,,,,,,,,,,,,,,,,,,,,,,,,,,,,,
,,,,,,,,,,,,,,,,,,,,,,,,,,,,,,,,,,,,,,,
Beach Geta,FOOT\geta_b_m.txt,FOOT\geta_b_w.txt,6,153,1500,0,6,10,5830,228,580,93,1,1836,1,,,,,,,,,14,5,,,,20,10,5,3,80,,,,,,LFOO865
Black Geta,FOOT\geta_b_m.txt,FOOT\geta_b_w.txt,6,153,1500,0,6,10,8548,228,580,93,1,1836,1,,,,,,,,,14,5,,,,20,10,5,3,80,,,,,,LFOO866
Blue Geta,FOOT\geta_b_m.txt,FOOT\geta_b_w.txt,6,153,1500,0,6,10,8549,228,580,93,1,1836,1,,,,,,,,,14,5,,,,20,10,5,3,80,,,,,,LFOO867
,,,,,,,,,,,,,,,,,,,,,,,,,,,,,,,,,,,,,,,
,,,,,,,,,,,,,,,,,,,,,,,,,,,,,,,,,,,,,,,
,,,,,,,,,,,,,,,,,,,,,,,,,,,,,,,,,,,,,,,
,,,,,,,,,,,,,,,,,,,,,,,,,,,,,,,,,,,,,,,
,,,,,,,,,,,,,,,,,,,,,,,,,,,,,,,,,,,,,,,
hai temp. name,FOOT\foot1_career016_p.txt,FOOT\foot2_career016_p.txt,6,153,18764,0,19,10,4160,244,579,,,,,,,,31,50,,,,,,,,,37,1,49,16,99,,,,,,LFOO873
,,,,,,,,,,,,,,,,,,,,,,,,,,,,,,,,,,,,,,,
,,,,,,,,,,,,,,,,,,,,,,,,,,,,,,,,,,,,,,,
,,,,,,,,,,,,,,,,,,,,,,,,,,,,,,,,,,,,,,,
,,,,,,,,,,,,,,,,,,,,,,,,,,,,,,,,,,,,,,,
,,,,,,,,,,,,,,,,,,,,,,,,,,,,,,,,,,,,,,,
,,,,,,,,,,,,,,,,,,,,,,,,,,,,,,,,,,,,,,,
,,,,,,,,,,,,,,,,,,,,,,,,,,,,,,,,,,,,,,,
hai temp. name,FOOT\foot1_career016_1p.txt,FOOT\foot2_career016_1p.txt,6,153,18764,0,19,10,4161,244,579,,,,,,,,31,50,,,,,,,,,37,1,49,16,99,,,,,,LFOO881
,,,,,,,,,,,,,,,,,,,,,,,,,,,,,,,,,,,,,,,
,,,,,,,,,,,,,,,,,,,,,,,,,,,,,,,,,,,,,,,
,,,,,,,,,,,,,,,,,,,,,,,,,,,,,,,,,,,,,,,
,,,,,,,,,,,,,,,,,,,,,,,,,,,,,,,,,,,,,,,
,,,,,,,,,,,,,,,,,,,,,,,,,,,,,,,,,,,,,,,
,,,,,,,,,,,,,,,,,,,,,,,,,,,,,,,,,,,,,,,
,,,,,,,,,,,,,,,,,,,,,,,,,,,,,,,,,,,,,,,
Kimono Sandals,FOOT\foot1_fashion002_2.txt,FOOT\foot2_fashion002_2.txt,6,153,1000,0,2,10,3501,244,579,,,,,,,,,,,,,,,,,,50,,1,1,85,,,,,,LFOO889
,,,,,,,,,,,,,,,,,,,,,,,,,,,,,,,,,,,,,,,
,,,,,,,,,,,,,,,,,,,,,,,,,,,,,,,,,,,,,,,
,,,,,,,,,,,,,,,,,,,,,,,,,,,,,,,,,,,,,,,
,,,,,,,,,,,,,,,,,,,,,,,,,,,,,,,,,,,,,,,
,,,,,,,,,,,,,,,,,,,,,,,,,,,,,,,,,,,,,,,
,,,,,,,,,,,,,,,,,,,,,,,,,,,,,,,,,,,,,,,
,,,,,,,,,,,,,,,,,,,,,,,,,,,,,,,,,,,,,,,
Master's Shoes,FOOT\foot1_fashion038_1038.txt,FOOT\foot2_fashion038_1038.txt,6,153,1000,0,2,23,8082,244,579,,,,,,,,,,,,,,,,,,35,,15,10,80,,,,,,LFOO897
Organization X Shoes,FOOT\foot1_warlock_koh.txt,FOOT\foot1_warlock_koh.txt,6,153,1000,0,2,10,3931,244,579,,,,,,,,,,,,,,,,,,70,,50,50,80,,,,,,LFOO898
Art Student Shoes,,,6,153,1000,0,2,10,3987,244,579,,,,,,,,,,,,,,,,,,50,,1,1,80,,,,,,LFOO899
,,,,,,,,,,,,,,,,,,,,,,,,,,,,,,,,,,,,,,,
,,,,,,,,,,,,,,,,,,,,,,,,,,,,,,,,,,,,,,,
,,,,,,,,,,,,,,,,,,,,,,,,,,,,,,,,,,,,,,,
,,,,,,,,,,,,,,,,,,,,,,,,,,,,,,,,,,,,,,,
,,,,,,,,,,,,,,,,,,,,,,,,,,,,,,,,,,,,,,,
hai temp name,FOOT\foot1_fashion039_1039.txt,FOOT\foot2_fashion039_1039.txt,6,134,10000,0,19,10,4164,244,579,,,,,,,,,,,,,,,,,,127,1,13,5,,,,,,,LFOO905
Cameroon Cleats,,,6,153,1000,0,2,20,4135,244,579,,,,,,,,,,,,,,,,,,30,,5,2,80,,,,,,LFOO906
Costa Rica Cleats,,,6,153,1000,0,2,20,9274,244,579,,,,,,,,,,,,,,,,,,30,,5,2,80,,,,,,LFOO907
Croatia Cleats,,,6,153,1000,0,2,20,4136,244,579,,,,,,,,,,,,,,,,,,30,,5,2,80,,,,,,LFOO908
Denmark Cleats,,,6,153,1000,0,2,20,9275,244,579,,,,,,,,,,,,,,,,,,30,,5,2,80,,,,,,LFOO909
Ecuador Cleats,,,6,153,1000,0,2,20,4129,244,579,,,,,,,,,,,,,,,,,,30,,5,2,80,,,,,,LFOO910
Ghana Cleats,,,6,153,1000,0,2,20,4136,244,579,,,,,,,,,,,,,,,,,,30,,5,2,80,,,,,,LFOO911
Iran Cleats,,,6,153,1000,0,2,20,4136,244,579,,,,,,,,,,,,,,,,,,30,,5,2,80,,,,,,LFOO912
Qatar Cleats,,,6,153,1000,0,2,20,9275,244,579,,,,,,,,,,,,,,,,,,30,,5,2,80,,,,,,LFOO913
Saudi Arabia Cleats,,,6,153,1000,0,2,20,4131,244,579,,,,,,,,,,,,,,,,,,30,,5,2,80,,,,,,LFOO914
Senegal Cleats,,,6,153,1000,0,2,20,4122,244,579,,,,,,,,,,,,,,,,,,30,,5,2,80,,,,,,LFOO915
Serbia Cleats,,,6,153,1000,0,2,20,9275,244,579,,,,,,,,,,,,,,,,,,30,,5,2,80,,,,,,LFOO916
Uruguay Cleats,,,6,153,1000,0,2,20,4121,244,579,,,,,,,,,,,,,,,,,,30,,5,2,80,,,,,,LFOO917
Wales Cleats,,,6,153,1000,0,2,20,9275,244,579,,,,,,,,,,,,,,,,,,30,,5,2,80,,,,,,LFOO918
Austria Cleats,,,6,153,1000,0,2,20,1,244,579,,,,,,,,,,,,,,,,,,30,,5,2,80,,,,,,LFOO919
New Zealand Cleats,,,6,153,1000,0,2,20,4136,244,579,,,,,,,,,,,,,,,,,,30,,5,2,80,,,,,,LFOO920
Norway Cleats,,,6,153,1000,0,2,20,9275,244,579,,,,,,,,,,,,,,,,,,30,,5,2,80,,,,,,LFOO921
Scotland Cleats,,,6,153,1000,0,2,20,4129,244,579,,,,,,,,,,,,,,,,,,30,,5,2,80,,,,,,LFOO922
Switzerland Cleats,,,6,153,1000,0,2,20,9275,244,579,,,,,,,,,,,,,,,,,,30,,5,2,80,,,,,,LFOO923
Turkey Cleats,,,6,153,1000,0,2,20,4124,244,579,,,,,,,,,,,,,,,,,,30,,5,2,80,,,,,,LFOO924
Egypt Cleats,,,6,153,1000,0,2,20,4136,244,579,,,,,,,,,,,,,,,,,,30,,5,2,80,,,,,,LFOO925
Sweden Cleats,,,6,153,1000,0,2,20,10216,244,579,,,,,,,,,,,,,,,,,,30,,5,2,80,,,,,,LFOO926
,,,,,,,,,,,,,,,,,,,,,,,,,,,,,,,,,,,,,,,
,,,,,,,,,,,,,,,,,,,,,,,,,,,,,,,,,,,,,,,
,,,,,,,,,,,,,,,,,,,,,,,,,,,,,,,,,,,,,,,
,,,,,,,,,,,,,,,,,,,,,,,,,,,,,,,,,,,,,,,
,,,,,,,,,,,,,,,,,,,,,,,,,,,,,,,,,,,,,,,
Berry Girl Shoes,FOOT\ugo_ichigo_foot_m.txt,FOOT\ugo_ichigo_foot_w.txt,7,153,1000,0,2,10,6459,,579,,,,,,,,,,,,,14,5,,,,30,,10,10,85,,,,,,LFOO932
Witch Shoes,FOOT\ugo_ichigo_foot_m.txt,FOOT\ugo_ichigo_foot_w.txt,6,153,1000,0,2,10,2473,244,579,,,,,,,,,,,,,,,,,,30,,10,8,85,,,,,,LFOO838
,,,,,,,,,,,,,,,,,,,,,,,,,,,,,,,,,,,,,,,
,,,,,,,,,,,,,,,,,,,,,,,,,,,,,,,,,,,,,,,
,,,,,,,,,,,,,,,,,,,,,,,,,,,,,,,,,,,,,,,
,,,,,,,,,,,,,,,,,,,,,,,,,,,,,,,,,,,,,,,
,,,,,,,,,,,,,,,,,,,,,,,,,,,,,,,,,,,,,,,
,,,,,,,,,,,,,,,,,,,,,,,,,,,,,,,,,,,,,,,
,,,,,,,,,,,,,,,,,,,,,,,,,,,,,,,,,,,,,,,
,,,,,,,,,,,,,,,,,,,,,,,,,,,,,,,,,,,,,,,
,,,,,,,,,,,,,,,,,,,,,,,,,,,,,,,,,,,,,,,
,,,,,,,,,,,,,,,,,,,,,,,,,,,,,,,,,,,,,,,
,,,,,,,,,,,,,,,,,,,,,,,,,,,,,,,,,,,,,,,
,,,,,,,,,,,,,,,,,,,,,,,,,,,,,,,,,,,,,,,
,,,,,,,,,,,,,,,,,,,,,,,,,,,,,,,,,,,,,,,
,,,,,,,,,,,,,,,,,,,,,,,,,,,,,,,,,,,,,,,
,,,,,,,,,,,,,,,,,,,,,,,,,,,,,,,,,,,,,,,
,,,,,,,,,,,,,,,,,,,,,,,,,,,,,,,,,,,,,,,
Lolita Shoes,FOOT\gos_foot_m.txt,FOOT\gos_foot_f.txt,6,153,1000,0,2,20,2890,244,579,,,,,,,,,,,,,,,,,,30,,10,5,80,,,,,,LFOO950
,,,,,,,,,,,,,,,,,,,,,,,,,,,,,,,,,,,,,,,
,,,,,,,,,,,,,,,,,,,,,,,,,,,,,,,,,,,,,,,
,,,,,,,,,,,,,,,,,,,,,,,,,,,,,,,,,,,,,,,
,,,,,,,,,,,,,,,,,,,,,,,,,,,,,,,,,,,,,,,
,,,,,,,,,,,,,,,,,,,,,,,,,,,,,,,,,,,,,,,
,,,,,,,,,,,,,,,,,,,,,,,,,,,,,,,,,,,,,,,
Little Red Shoes,FOOT\akazukin_foot_m_0917_wa.txt,FOOT\akazukin_foot_0906_wa.txt,6,151,0,0,6,33,4249,228,580,,,,,,,,,,,,,20,4,,14,8,30,,10,8,85,,,,,,LFOO957
Halloween Shoes,FOOT\halloween_foot_m_1004_wa.txt,FOOT\halloween_foot_f_1004_wa.txt,6,153,0,0,3,10,4251,236,579,,,,,,,,,,,,,14,6,,,,30,,10,8,80,,,,,,LFOO958
Woopie Feet,FOOT\whoopeefoot_m_0921_ka.txt,FOOT\whoopeefoot_f_0921_ka.txt,6,153,1000,0,2,10,4248,,579,,,,,,,,,,,,,11,4,,10,3,30,,10,8,85,,,,,,LFOO959
Valentine Shoes,FOOT/foot1_Valentine2011.txt,FOOT/foot2_Valentine2011.txt,6,153,0,0,2,23,4461,244,579,,,,,,,,,,,,,,,,,,30,,10,8,60,,,,,,LFOO960
Rabbit Feet,FOOT\cat_foot_m.txt,FOOT\cat_foot_w.txt,6,153,1000,0,2,10,4828,244,579,93,1,1830,1,,,,,,,,,11,4,,14,10,30,10,15,10,85,,,,,,LFOO961
Love Story Shoes,FOOT\foot1_BATB.txt,FOOT\foot2_BATB.txt,6,153,0,0,2,23,4496,244,579,,,,,,,,,,,,,,,,,,30,,20,10,100,,,,,,LFOO962
Hard Boots of Champions,,,,151,5000,0,6,70,4806,228,579,,,,,41,,,31,40,,,,10,5,,18,8,70,,50,6,85,,,,,,LFOO963
Battle Boots of Champions,,,,151,5000,0,3,70,6133,232,579,,,,,43,,,31,40,,,,11,5,,26,8,70,,43,7,95,,,,,,LFOO964
Magic Shoes of Champions,,,,152,50000,0,3,70,6142,236,579,,,,,42,,,31,40,,,,12,5,,23,50,70,,38,10,90,,,,,,LFOO965
War Shoes of Champions,,,,153,50000,0,3,70,6146,240,579,,,,,44,,,31,40,,,,13,5,,24,8,70,,40,6,80,,,,,,LFOO966
,,,,,,,,,,,,,,,,,,,,,,,,,,,,,,,,,,,,,,,
,,,,,,,,,,,,,,,,,,,,,,,,,,,,,,,,,,,,,,,
,,,,,,,,,,,,,,,,,,,,,,,,,,,,,,,,,,,,,,,
Black Panda Shoes,FOOT\panzukin_foot_m_0922_wa.txt,FOOT\panzukin_foot_f_0922_wa.txt,6,153,1000,0,2,10,4875,,579,,,,,,,,,,,,,12,3,,14,10,30,,19,15,80,,,,,,LFOO970
Pussy Cat Shoes,FOOT\catdancerfoot_m_0401_cr.ZMS.txt,FOOT\catdancer_foot_f_0324_wa.txt,6,153,0,0,2,10,4876,,579,,,,,,,,,,,,,11,4,,14,10,30,,24,16,85,,,,,,LFOO971
Pirate Shoes,FOOT\gothicPiratesBoots_m_purple_0328_cr.txt,FOOT\gothicPiratesBoots_f_purple_0328_cr.txt,6,153,1000,0,2,10,4877,,579,,,,,,,,,,,,,12,3,,14,10,30,,5,10,80,,,,,,LFOO972
thRose,FOOT\foot1_career013_1m.txt,FOOT\foot2_career013_1m.txt,6,153,1,0,30,10,3478,244,579,,,,,,,,31,200,,,,12,6,,,,30,,10,8,85,,,,,,LFOO973
thRose,FOOT\foot1_career018_r.txt,FOOT\foot2_career018_r.txt,6,153,1,0,30,10,3479,244,579,,,,,,,,31,200,,,,12,6,,,,30,,10,8,85,,,,,,LFOO974
thRose,FOOT\foot1_career018_1r.txt,FOOT\foot2_career018_1r.txt,6,153,1,0,30,10,3480,244,579,,,,,,,,31,200,,,,12,6,,,,30,,10,8,85,,,,,,LFOO975
Skeletal Warrior Shoes,FOOT\foot1_career021_u.txt,FOOT\foot2_career021_u.txt,10,153,0,0,0,0,7195,244,579,,,,,,,,,,,,,,,,,,30,,0,0,85,,,,,,LFOO976
Wolf Shoes,FOOT\foot1_career022_v.txt,FOOT\foot2_career022_v.txt,6,153,1,0,3,10,3481,244,579,,,,,,,,,,,,,,,,,,30,,10,8,85,,,,,,LFOO977
Demon Feet,FOOT\foot1_career023.txt ,FOOT\foot2_career023.txt,7,153,1000,0,1,10,3482,244,579,,,,,,,,,,,,,,,,,,30,,8,10,85,,,,,,LFOO978
thRose,FOOT\foot1_career028.txt ,FOOT\foot2_career028.txt ,6,153,1,0,30,10,3484,244,579,,,,,,,,31,200,,,,12,6,,,,30,,10,8,85,,,,,,LFOO979
,,,,,,,,,,,,,,,,,,,,,,,,,,,,,,,,,,,,,,,
,,,,,,,,,,,,,,,,,,,,,,,,,,,,,,,,,,,,,,,
,,,,,,,,,,,,,,,,,,,,,,,,,,,,,,,,,,,,,,,
,,,,,,,,,,,,,,,,,,,,,,,,,,,,,,,,,,,,,,,
,,,,,,,,,,,,,,,,,,,,,,,,,,,,,,,,,,,,,,,
,,,,,,,,,,,,,,,,,,,,,,,,,,,,,,,,,,,,,,,
,,,,,,,,,,,,,,,,,,,,,,,,,,,,,,,,,,,,,,,
,,,,,,,,,,,,,,,,,,,,,,,,,,,,,,,,,,,,,,,
,,,,,,,,,,,,,,,,,,,,,,,,,,,,,,,,,,,,,,,
,,,,,,,,,,,,,,,,,,,,,,,,,,,,,,,,,,,,,,,
,,,,,,,,,,,,,,,,,,,,,,,,,,,,,,,,,,,,,,,
,,,,,,,,,,,,,,,,,,,,,,,,,,,,,,,,,,,,,,,
,,,,,,,,,,,,,,,,,,,,,,,,,,,,,,,,,,,,,,,
Brave Paladin Boots of Rebirth,FOOT\foot1_soldier_220.txt,FOOT\foot1_soldier_220.txt,6,151,201000,0,10,80,7467,228,580,,,,,51,,,111,10,,,,,,,,,75,0,13,1,87,,,,,,LFOO993
Summoner's Majestic Shoes of Rebirth,FOOT\foot1_muse_220.txt,FOOT\foot1_muse_220.txt,6,152,221000,0,3,78,7468,236,579,,,,,52,,,111,10,,,,,,,,,75,0,11,2,85,,,,,,LFOO994
Fallen Overlord's Boots of Rebirth,FOOT\foot1_hawker_220.txt,FOOT\foot2_hawker_220.txt,6,151,201000,0,3,78,7469,232,579,,,,,53,,,111,10,,,,,,,,,75,0,11,2,100,,,,,,LFOO995
Auction Master Shoes of Rebirth,FOOT\foot1_dealer_220.txt,FOOT\foot2_dealer_220.txt,6,153,201000,0,3,76,7470,240,579,,,,,54,,,111,10,,,,,,,,,75,0,10,2,95,,,,,,LFOO996
,,,,,,,,,,,,,,,,,,,,,,,,,,,,,,,,,,,,,,,
,,,,,,,,,,,,,,,,,,,,,,,,,,,,,,,,,,,,,,,
GM Shoes,FOOT\gm_suit_foot_m.txt,FOOT\gm_suit_foot_f.txt,,153,80595,0,3,73,4247,240,579,,,,1,,,,31,120,,,,,,,,,68,,83,10,87,,,,,,LFOO999
,,,,,,,,,,,,,,,,,,,,,,,,,,,,,,,,,,,,,,,
,,,,,,,,,,,,,,,,,,,,,,,,,,,,,,,,,,,,,,,
,,,,,,,,,,,,,,,,,,,,,,,,,,,,,,,,,,,,,,,
,,,,,,,,,,,,,,,,,,,,,,,,,,,,,,,,,,,,,,,
,,,,,,,,,,,,,,,,,,,,,,,,,,,,,,,,,,,,,,,
,,,,,,,,,,,,,,,,,,,,,,,,,,,,,,,,,,,,,,,
,,,,,,,,,,,,,,,,,,,,,,,,,,,,,,,,,,,,,,,
Moon Kana Boots,FOOT\foot1_F0757.txt,FOOT\foot2_F0757.txt,6,153,0,0,2,10,2904,244,579,,,,,,,,,,,,,23,8,,14,8,30,,10,8,80,,,,,,LFOO1007
White Heels,FOOT\mint_wedding_foot_ble_0623_wa.txt,FOOT\cream_wedding_foot_ble_0623_wa.txt,6,153,1000,0,2,10,4271,244,579,,,,,,,,,,,,,,,,,,30,,10,8,80,,,,,,LFOO1008
Black Shoes,FOOT\hudan_foot_m.txt,FOOT\hudan_foot_w.txt,7,153,100,0,2,10,4698,244,579,,,,,,,,,,,,,12,4,,,,30,,10,8,75,,,,,,LFOO1009
Jellyfish Shoes,FOOT\kurara_foot_m.txt,FOOT\kurara_foot_w.txt,7,153,1000,0,2,10,4362,244,579,,,,,,,,,,,,,,,,,,30,,10,8,85,,,,,,LFOO1010
Red Heels,FOOT\pumps_m_red_0728_na.txt,FOOT\pumps_f_red_0728_na.txt,7,153,1000,0,2,10,4363,244,579,,,,,,,,,,,,,12,3,,14,20,30,,10,8,80,,,,,,LFOO1011
White Santa Shoes,FOOT\mint_xmas_foot_white_1101_wa.txt,FOOT\cr_xmas_foot_white_1101_wa.txt,6,153,1000,0,2,10,4364,244,579,,,,,,,,,,,,,13,4,,14,16,30,,10,8,80,,,,,,LFOO1012
,,,,,,,,,,,,,,,,,,,,,,,,,,,,,,,,,,,,,,,
,,,,,,,,,,,,,,,,,,,,,,,,,,,,,,,,,,,,,,,
,,,,,,,,,,,,,,,,,,,,,,,,,,,,,,,,,,,,,,,
,,,,,,,,,,,,,,,,,,,,,,,,,,,,,,,,,,,,,,,
,,,,,,,,,,,,,,,,,,,,,,,,,,,,,,,,,,,,,,,
,,,,,,,,,,,,,,,,,,,,,,,,,,,,,,,,,,,,,,,
,,,,,,,,,,,,,,,,,,,,,,,,,,,,,,,,,,,,,,,
,,,,,,,,,,,,,,,,,,,,,,,,,,,,,,,,,,,,,,,
,,,,,,,,,,,,,,,,,,,,,,,,,,,,,,,,,,,,,,,
Slender Shoes,FOOT\foot1_Slender.txt,FOOT\foot1_Slender.txt,6,153,1000,0,5,10,5352,,579,,,,,,,,,,,,,,,,,,50,,10,10,80,,,,,,LFOO1022
Gingerbread Man Feet,FOOT\foot1_ginger.txt,FOOT\foot2_ginger.txt,6,153,1000,0,5,10,7306,228,579,,,,,,,,,,,,,14,5,,23,50,30,,15,10,80,,,,,,LFOO1023
Gingerbread Man Feet (Yellow),FOOT\foot1_ginger_yellow.txt,FOOT\foot2_ginger_yellow.txt,6,153,1000,0,5,10,7307,228,579,,,,,,,,,,,,,14,5,,23,50,30,,15,10,80,,,,,,LFOO1024
Gingerbread Man Feet (Pink),FOOT\foot1_ginger_pink.txt,FOOT\foot2_ginger_pink.txt,6,153,1000,0,5,10,7308,228,579,,,,,,,,,,,,,14,5,,23,50,30,,15,10,80,,,,,,LFOO1025
Gingerbread Man Feet (Brown),FOOT\foot1_ginger_brown.txt,FOOT\foot2_ginger_brown.txt,6,153,1000,0,5,10,7309,228,579,,,,,,,,,,,,,14,5,,23,50,30,,15,10,80,,,,,,LFOO1026
Gingerbread Man Feet (White),FOOT\foot1_ginger_white.txt,FOOT\foot2_ginger_white.txt,6,153,1000,0,5,10,7310,228,579,,,,,,,,,,,,,14,5,,23,50,30,,15,10,80,,,,,,LFOO1027
,,,,,,,,,,,,,,,,,,,,,,,,,,,,,,,,,,,,,,,
,,,,,,,,,,,,,,,,,,,,,,,,,,,,,,,,,,,,,,,
Aurum Plate Boots,FOOT\foot1_soldier200.txt,FOOT\foot2_soldier200.txt,,151,41300,0,10,80,3825,228,580,,,,,51,,,31,224,,,,,,,,,65,0,125,20,85,,,,,3,LFOO51
Aurum Plate Boots,FOOT\foot1_soldier200.txt,FOOT\foot2_soldier200.txt,,151,49500,0,10,80,3825,228,580,,,,,51,,,31,228,,,,,,,,,65,0,130,23,85,,,,,6,LFOO51
Brave Paladin Boots of Resilience,FOOT\foot1_soldier_220.txt,FOOT\foot1_soldier_220.txt,9,151,45900,0,10,80,3305,228,580,70,1,1577,1,51,,,31,220,,,,10,2,,20,5,75,0,121,12,87,,,,,,LFOO1032
Brave Paladin Boots of Agility,FOOT\foot1_soldier_220.txt,FOOT\foot1_soldier_220.txt,9,151,45900,0,10,80,3305,228,580,70,1,1578,1,51,,,31,220,,,,11,2,,20,5,75,0,121,12,87,,,,,,LFOO1033
Brave Paladin Boots of Faith,FOOT\foot1_soldier_220.txt,FOOT\foot1_soldier_220.txt,9,151,45900,0,10,80,3305,228,580,70,1,1579,1,51,,,31,220,,,,12,2,,20,5,75,0,121,12,87,,,,,,LFOO1034
Brave Paladin Boots of Precision,FOOT\foot1_soldier_220.txt,FOOT\foot1_soldier_220.txt,9,151,45900,0,10,80,3305,228,580,70,1,1580,1,51,,,31,220,,,,13,2,,20,5,75,0,121,12,87,,,,,,LFOO1035
Brave Paladin Boots of Virtue,FOOT\foot1_soldier_220.txt,FOOT\foot1_soldier_220.txt,9,151,45900,0,10,80,3305,228,580,70,1,1581,1,51,,,31,220,,,,14,2,,20,5,75,0,121,12,87,,,,,,LFOO1036
Brave Paladin Boots of Sharpness,FOOT\foot1_soldier_220.txt,FOOT\foot1_soldier_220.txt,9,151,45900,0,10,80,3305,228,580,70,1,1582,1,51,,,31,220,,,,15,2,,20,5,75,0,121,12,87,,,,,,LFOO1037
Brave Paladin Boots of Resilience,FOOT\foot1_soldier_220.txt,FOOT\foot1_soldier_220.txt,9,151,53500,0,10,80,3305,228,580,71,1,1583,1,51,,,31,224,,,,10,4,,20,8,75,0,127,16,87,,,,,3,LFOO1032
Brave Paladin Boots of Agility,FOOT\foot1_soldier_220.txt,FOOT\foot1_soldier_220.txt,9,151,53500,0,10,80,3305,228,580,71,1,1584,1,51,,,31,224,,,,11,4,,20,8,75,0,127,16,87,,,,,3,LFOO1033
Brave Paladin Boots of Faith,FOOT\foot1_soldier_220.txt,FOOT\foot1_soldier_220.txt,9,151,53500,0,10,80,3305,228,580,71,1,1585,1,51,,,31,224,,,,12,4,,20,8,75,0,127,16,87,,,,,3,LFOO1034
Brave Paladin Boots of Precision,FOOT\foot1_soldier_220.txt,FOOT\foot1_soldier_220.txt,9,151,53500,0,10,80,3305,228,580,71,1,1586,1,51,,,31,224,,,,13,4,,20,8,75,0,127,16,87,,,,,3,LFOO1035
Brave Paladin Boots of Virtue,FOOT\foot1_soldier_220.txt,FOOT\foot1_soldier_220.txt,9,151,53500,0,10,80,3305,228,580,71,1,1587,1,51,,,31,224,,,,14,4,,20,8,75,0,127,16,87,,,,,3,LFOO1036
Brave Paladin Boots of Sharpness,FOOT\foot1_soldier_220.txt,FOOT\foot1_soldier_220.txt,9,151,53500,0,10,80,3305,228,580,71,1,1588,1,51,,,31,224,,,,15,4,,20,8,75,0,127,16,87,,,,,3,LFOO1037
Brave Paladin Boots of Resilience,FOOT\foot1_soldier_220.txt,FOOT\foot1_soldier_220.txt,9,151,64000,0,10,80,3305,228,580,72,1,1589,1,51,,,31,228,,,,10,7,,20,12,75,0,132,19,87,,,,,6,LFOO1032
Brave Paladin Boots of Agility,FOOT\foot1_soldier_220.txt,FOOT\foot1_soldier_220.txt,9,151,64000,0,10,80,3305,228,580,72,1,1590,1,51,,,31,228,,,,11,7,,20,12,75,0,132,19,87,,,,,6,LFOO1033
Brave Paladin Boots of Faith,FOOT\foot1_soldier_220.txt,FOOT\foot1_soldier_220.txt,9,151,64000,0,10,80,3305,228,580,72,1,1591,1,51,,,31,228,,,,12,7,,20,12,75,0,132,19,87,,,,,6,LFOO1034
Brave Paladin Boots of Precision,FOOT\foot1_soldier_220.txt,FOOT\foot1_soldier_220.txt,9,151,64000,0,10,80,3305,228,580,72,1,1592,1,51,,,31,228,,,,13,7,,20,12,75,0,132,19,87,,,,,6,LFOO1035
Brave Paladin Boots of Virtue,FOOT\foot1_soldier_220.txt,FOOT\foot1_soldier_220.txt,9,151,64000,0,10,80,3305,228,580,72,1,1593,1,51,,,31,228,,,,14,7,,20,12,75,0,132,19,87,,,,,6,LFOO1036
Brave Paladin Boots of Sharpness,FOOT\foot1_soldier_220.txt,FOOT\foot1_soldier_220.txt,9,151,64000,0,10,80,3305,228,580,72,1,1594,1,51,,,31,228,,,,15,7,,20,12,75,0,132,19,87,,,,,6,LFOO1037
,,,,,,,,,,,,,,,,,,,,,,,,,,,,,,,,,,,,,,,
Oro's Walker Shoes,FOOT\foot1_muse200.txt,FOOT\foot2_muse200.txt,,152,164000,0,3,78,3838,236,579,,,,,52,,,31,224,,,,,,,,,68,0,104,24,82,,,,,3,LFOO81
Oro's Walker Shoes,FOOT\foot1_muse200.txt,FOOT\foot2_muse200.txt,,152,196000,0,3,78,3838,236,579,,,,,52,,,31,228,,,,,,,,,68,0,110,27,82,,,,,6,LFOO81
Summoner's Majestic Shoes of Resilience,FOOT\foot1_muse_220.txt,FOOT\foot1_muse_220.txt,9,152,170000,0,3,78,3306,236,579,73,1,1596,1,52,,,31,220,,,,10,2,,21,5,75,0,96,16,85,,,,,,LFOO1053
Summoner's Majestic Shoes of Agility,FOOT\foot1_muse_220.txt,FOOT\foot1_muse_220.txt,9,152,170000,0,3,78,3306,236,579,73,1,1597,1,52,,,31,220,,,,11,2,,21,5,75,0,96,16,85,,,,,,LFOO1054
Summoner's Majestic Shoes of Faith,FOOT\foot1_muse_220.txt,FOOT\foot1_muse_220.txt,9,152,170000,0,3,78,3306,236,579,73,1,1598,1,52,,,31,220,,,,12,2,,21,5,75,0,96,16,85,,,,,,LFOO1055
Summoner's Majestic Shoes of Precision,FOOT\foot1_muse_220.txt,FOOT\foot1_muse_220.txt,9,152,170000,0,3,78,3306,236,579,73,1,1599,1,52,,,31,220,,,,13,2,,21,5,75,0,96,16,85,,,,,,LFOO1056
Summoner's Majestic Shoes of Virtue,FOOT\foot1_muse_220.txt,FOOT\foot1_muse_220.txt,9,152,170000,0,3,78,3306,236,579,73,1,1600,1,52,,,31,220,,,,14,2,,21,5,75,0,96,16,85,,,,,,LFOO1057
Summoner's Majestic Shoes of Sharpness,FOOT\foot1_muse_220.txt,FOOT\foot1_muse_220.txt,9,152,170000,0,3,78,3306,236,579,73,1,1601,1,52,,,31,220,,,,15,2,,21,5,75,0,96,16,85,,,,,,LFOO1058
Summoner's Majestic Shoes of Resilience,FOOT\foot1_muse_220.txt,FOOT\foot1_muse_220.txt,9,152,196000,0,3,78,3306,236,579,74,1,1602,1,52,,,31,224,,,,10,4,,21,8,75,0,105,25,85,,,,,3,LFOO1053
Summoner's Majestic Shoes of Agility,FOOT\foot1_muse_220.txt,FOOT\foot1_muse_220.txt,9,152,196000,0,3,78,3306,236,579,74,1,1603,1,52,,,31,224,,,,11,4,,21,8,75,0,105,25,85,,,,,3,LFOO1054
Summoner's Majestic Shoes of Faith,FOOT\foot1_muse_220.txt,FOOT\foot1_muse_220.txt,9,152,196000,0,3,78,3306,236,579,74,1,1604,1,52,,,31,224,,,,12,4,,21,8,75,0,105,25,85,,,,,3,LFOO1055
Summoner's Majestic Shoes of Precision,FOOT\foot1_muse_220.txt,FOOT\foot1_muse_220.txt,9,152,196000,0,3,78,3306,236,579,74,1,1605,1,52,,,31,224,,,,13,4,,21,8,75,0,105,25,85,,,,,3,LFOO1056
Summoner's Majestic Shoes of Virtue,FOOT\foot1_muse_220.txt,FOOT\foot1_muse_220.txt,9,152,196000,0,3,78,3306,236,579,74,1,1606,1,52,,,31,224,,,,14,4,,21,8,75,0,105,25,85,,,,,3,LFOO1057
Summoner's Majestic Shoes of Sharpness,FOOT\foot1_muse_220.txt,FOOT\foot1_muse_220.txt,9,152,196000,0,3,78,3306,236,579,74,1,1607,1,52,,,31,224,,,,15,4,,21,8,75,0,105,25,85,,,,,3,LFOO1058
Summoner's Majestic Shoes of Resilience,FOOT\foot1_muse_220.txt,FOOT\foot1_muse_220.txt,9,152,221000,0,3,78,3306,236,579,75,1,1608,1,52,,,31,228,,,,10,7,,21,12,75,0,112,28,85,,,,,6,LFOO1053
Summoner's Majestic Shoes of Agility,FOOT\foot1_muse_220.txt,FOOT\foot1_muse_220.txt,9,152,221000,0,3,78,3306,236,579,75,1,1609,1,52,,,31,228,,,,11,7,,21,12,75,0,112,28,85,,,,,6,LFOO1054
Summoner's Majestic Shoes of Faith,FOOT\foot1_muse_220.txt,FOOT\foot1_muse_220.txt,9,152,221000,0,3,78,3306,236,579,75,1,1610,1,52,,,31,228,,,,12,7,,21,12,75,0,112,28,85,,,,,6,LFOO1055
Summoner's Majestic Shoes of Precision,FOOT\foot1_muse_220.txt,FOOT\foot1_muse_220.txt,9,152,221000,0,3,78,3306,236,579,75,1,1611,1,52,,,31,228,,,,13,7,,21,12,75,0,112,28,85,,,,,6,LFOO1056
Summoner's Majestic Shoes of Virtue,FOOT\foot1_muse_220.txt,FOOT\foot1_muse_220.txt,9,152,221000,0,3,78,3306,236,579,75,1,1612,1,52,,,31,228,,,,14,7,,21,12,75,0,112,28,85,,,,,6,LFOO1057
Summoner's Majestic Shoes of Sharpness,FOOT\foot1_muse_220.txt,FOOT\foot1_muse_220.txt,9,152,221000,0,3,78,3306,236,579,75,1,1613,1,52,,,31,228,,,,15,7,,21,12,75,0,112,28,85,,,,,6,LFOO1058
,,,,,,,,,,,,,,,,,,,,,,,,,,,,,,,,,,,,,,,
Raptor Boots,FOOT\foot1_hawker200.txt,FOOT\foot2_hawker200.txt,,151,18320,0,3,78,3851,232,579,,,,,53,,,31,224,,,,,,,,,68,0,105,19,95,,,,,3,LFOO111
Raptor Boots,FOOT\foot1_hawker200.txt,FOOT\foot2_hawker200.txt,,151,21020,0,3,78,3851,232,579,,,,,53,,,31,228,,,,,,,,,68,0,110,22,95,,,,,6,LFOO111
Fallen Overlord's Boots of Resilience,FOOT\foot1_hawker_220.txt,FOOT\foot2_hawker_220.txt,9,151,45900,0,3,78,3307,232,579,76,1,1615,1,53,,,31,220,,,,10,2,,21,5,75,0,100,12,100,,,,,,LFOO1074
Fallen Overlord's Boots of Agility,FOOT\foot1_hawker_220.txt,FOOT\foot2_hawker_220.txt,9,151,45900,0,3,78,3307,232,579,76,1,1616,1,53,,,31,220,,,,11,2,,21,5,75,0,100,12,100,,,,,,LFOO1075
Fallen Overlord's Boots of Faith,FOOT\foot1_hawker_220.txt,FOOT\foot2_hawker_220.txt,9,151,45900,0,3,78,3307,232,579,76,1,1617,1,53,,,31,220,,,,12,2,,21,5,75,0,100,12,100,,,,,,LFOO1076
Fallen Overlord's Boots of Precision,FOOT\foot1_hawker_220.txt,FOOT\foot2_hawker_220.txt,9,151,45900,0,3,78,3307,232,579,76,1,1618,1,53,,,31,220,,,,13,2,,21,5,75,0,100,12,100,,,,,,LFOO1077
Fallen Overlord's Boots of Virtue,FOOT\foot1_hawker_220.txt,FOOT\foot2_hawker_220.txt,9,151,45900,0,3,78,3307,232,579,76,1,1619,1,53,,,31,220,,,,14,2,,21,5,75,0,100,12,100,,,,,,LFOO1078
Fallen Overlord's Boots of Sharpness,FOOT\foot1_hawker_220.txt,FOOT\foot2_hawker_220.txt,9,151,45900,0,3,78,3307,232,579,76,1,1620,1,53,,,31,220,,,,15,2,,21,5,75,0,100,12,100,,,,,,LFOO1079
Fallen Overlord's Boots of Resilience,FOOT\foot1_hawker_220.txt,FOOT\foot2_hawker_220.txt,9,151,53500,0,3,78,3307,232,579,77,1,1621,1,53,,,31,224,,,,10,4,,21,8,75,0,106,20,100,,,,,3,LFOO1074
Fallen Overlord's Boots of Agility,FOOT\foot1_hawker_220.txt,FOOT\foot2_hawker_220.txt,9,151,53500,0,3,78,3307,232,579,77,1,1622,1,53,,,31,224,,,,11,4,,21,8,75,0,106,20,100,,,,,3,LFOO1075
Fallen Overlord's Boots of Faith,FOOT\foot1_hawker_220.txt,FOOT\foot2_hawker_220.txt,9,151,53500,0,3,78,3307,232,579,77,1,1623,1,53,,,31,224,,,,12,4,,21,8,75,0,106,20,100,,,,,3,LFOO1076
Fallen Overlord's Boots of Precision,FOOT\foot1_hawker_220.txt,FOOT\foot2_hawker_220.txt,9,151,53500,0,3,78,3307,232,579,77,1,1624,1,53,,,31,224,,,,13,4,,21,8,75,0,106,20,100,,,,,3,LFOO1077
Fallen Overlord's Boots of Virtue,FOOT\foot1_hawker_220.txt,FOOT\foot2_hawker_220.txt,9,151,53500,0,3,78,3307,232,579,77,1,1625,1,53,,,31,224,,,,14,4,,21,8,75,0,106,20,100,,,,,3,LFOO1078
Fallen Overlord's Boots of Sharpness,FOOT\foot1_hawker_220.txt,FOOT\foot2_hawker_220.txt,9,151,53500,0,3,78,3307,232,579,77,1,1626,1,53,,,31,224,,,,15,4,,21,8,75,0,106,20,100,,,,,3,LFOO1079
Fallen Overlord's Boots of Resilience,FOOT\foot1_hawker_220.txt,FOOT\foot2_hawker_220.txt,9,151,64000,0,3,78,3307,232,579,78,1,1627,1,53,,,31,228,,,,10,7,,21,12,75,0,111,25,100,,,,,6,LFOO1074
Fallen Overlord's Boots of Agility,FOOT\foot1_hawker_220.txt,FOOT\foot2_hawker_220.txt,9,151,64000,0,3,78,3307,232,579,78,1,1628,1,53,,,31,228,,,,11,7,,21,12,75,0,111,25,100,,,,,6,LFOO1075
Fallen Overlord's Boots of Faith,FOOT\foot1_hawker_220.txt,FOOT\foot2_hawker_220.txt,9,151,64000,0,3,78,3307,232,579,78,1,1629,1,53,,,31,228,,,,12,7,,21,12,75,0,111,25,100,,,,,6,LFOO1076
Fallen Overlord's Boots of Precision,FOOT\foot1_hawker_220.txt,FOOT\foot2_hawker_220.txt,9,151,64000,0,3,78,3307,232,579,78,1,1630,1,53,,,31,228,,,,13,7,,21,12,75,0,111,25,100,,,,,6,LFOO1077
Fallen Overlord's Boots of Virtue,FOOT\foot1_hawker_220.txt,FOOT\foot2_hawker_220.txt,9,151,64000,0,3,78,3307,232,579,78,1,1631,1,53,,,31,228,,,,14,7,,21,12,75,0,111,25,100,,,,,6,LFOO1078
Fallen Overlord's Boots of Sharpness,FOOT\foot1_hawker_220.txt,FOOT\foot2_hawker_220.txt,9,151,64000,0,3,78,3307,232,579,78,1,1632,1,53,,,31,228,,,,15,7,,21,12,75,0,111,25,100,,,,,6,LFOO1079
,,,,,,,,,,,,,,,,,,,,,,,,,,,,,,,,,,,,,,,
Mercenary Boots,FOOT\foot1_dealer200.txt,FOOT\foot2_dealer200.txt,,153,152200,0,3,76,3864,240,579,,,,,54,,,31,224,,,,,,,,,69,0,101,21,90,,,,,3,LFOO141
Mercenary Boots,FOOT\foot1_dealer200.txt,FOOT\foot2_dealer200.txt,,153,152200,0,3,76,3864,240,579,,,,,54,,,31,228,,,,,,,,,69,0,106,24,90,,,,,6,LFOO141
Auction Master Shoes of Resilience,FOOT\foot1_dealer_220.txt,FOOT\foot2_dealer_220.txt,9,153,45900,0,3,76,3308,240,579,79,1,1634,1,54,,,31,220,,,,10,2,,21,5,75,0,98,12,95,,,,,,LFOO1095
Auction Master Shoes of Agility,FOOT\foot1_dealer_220.txt,FOOT\foot2_dealer_220.txt,9,153,45900,0,3,76,3308,240,579,79,1,1635,1,54,,,31,220,,,,11,2,,21,5,75,0,98,12,95,,,,,,LFOO1096
Auction Master Shoes of Faith,FOOT\foot1_dealer_220.txt,FOOT\foot2_dealer_220.txt,9,153,45900,0,3,76,3308,240,579,79,1,1636,1,54,,,31,220,,,,12,2,,21,5,75,0,98,12,95,,,,,,LFOO1097
Auction Master Shoes of Precision,FOOT\foot1_dealer_220.txt,FOOT\foot2_dealer_220.txt,9,153,45900,0,3,76,3308,240,579,79,1,1637,1,54,,,31,220,,,,13,2,,21,5,75,0,98,12,95,,,,,,LFOO1098
Auction Master Shoes of Virtue,FOOT\foot1_dealer_220.txt,FOOT\foot2_dealer_220.txt,9,153,45900,0,3,76,3308,240,579,79,1,1638,1,54,,,31,220,,,,14,2,,21,5,75,0,98,12,95,,,,,,LFOO1099
Auction Master Shoes of Sharpness,FOOT\foot1_dealer_220.txt,FOOT\foot2_dealer_220.txt,9,153,45900,0,3,76,3308,240,579,79,1,1639,1,54,,,31,220,,,,15,2,,21,5,75,0,98,12,95,,,,,,LFOO1100
Auction Master Shoes of Resilience,FOOT\foot1_dealer_220.txt,FOOT\foot2_dealer_220.txt,9,153,53500,0,3,76,3308,240,579,80,1,1640,1,54,,,31,224,,,,10,4,,21,8,75,0,102,19,95,,,,,3,LFOO1095
Auction Master Shoes of Agility,FOOT\foot1_dealer_220.txt,FOOT\foot2_dealer_220.txt,9,153,53500,0,3,76,3308,240,579,80,1,1641,1,54,,,31,224,,,,11,4,,21,8,75,0,102,19,95,,,,,3,LFOO1096
Auction Master Shoes of Faith,FOOT\foot1_dealer_220.txt,FOOT\foot2_dealer_220.txt,9,153,53500,0,3,76,3308,240,579,80,1,1642,1,54,,,31,224,,,,12,4,,21,8,75,0,102,19,95,,,,,3,LFOO1097
Auction Master Shoes of Precision,FOOT\foot1_dealer_220.txt,FOOT\foot2_dealer_220.txt,9,153,53500,0,3,76,3308,240,579,80,1,1643,1,54,,,31,224,,,,13,4,,21,8,75,0,102,19,95,,,,,3,LFOO1098
Auction Master Shoes of Virtue,FOOT\foot1_dealer_220.txt,FOOT\foot2_dealer_220.txt,9,153,53500,0,3,76,3308,240,579,80,1,1644,1,54,,,31,224,,,,14,4,,21,8,75,0,102,19,95,,,,,3,LFOO1099
Auction Master Shoes of Sharpness,FOOT\foot1_dealer_220.txt,FOOT\foot2_dealer_220.txt,9,153,53500,0,3,76,3308,240,579,80,1,1645,1,54,,,31,224,,,,15,4,,21,8,75,0,102,19,95,,,,,3,LFOO1100
Auction Master Shoes of Resilience,FOOT\foot1_dealer_220.txt,FOOT\foot2_dealer_220.txt,9,153,64000,0,3,76,3308,240,579,81,1,1646,1,54,,,31,228,,,,10,7,,21,12,75,0,107,27,95,,,,,6,LFOO1095
Auction Master Shoes of Agility,FOOT\foot1_dealer_220.txt,FOOT\foot2_dealer_220.txt,9,153,64000,0,3,76,3308,240,579,81,1,1647,1,54,,,31,228,,,,11,7,,21,12,75,0,107,27,95,,,,,6,LFOO1096
Auction Master Shoes of Faith,FOOT\foot1_dealer_220.txt,FOOT\foot2_dealer_220.txt,9,153,64000,0,3,76,3308,240,579,81,1,1648,1,54,,,31,228,,,,12,7,,21,12,75,0,107,27,95,,,,,6,LFOO1097
Auction Master Shoes of Precision,FOOT\foot1_dealer_220.txt,FOOT\foot2_dealer_220.txt,9,153,64000,0,3,76,3308,240,579,81,1,1649,1,54,,,31,228,,,,13,7,,21,12,75,0,107,27,95,,,,,6,LFOO1098
Auction Master Shoes of Virtue,FOOT\foot1_dealer_220.txt,FOOT\foot2_dealer_220.txt,9,153,64000,0,3,76,3308,240,579,81,1,1650,1,54,,,31,228,,,,14,7,,21,12,75,0,107,27,95,,,,,6,LFOO1099
Auction Master Shoes of Sharpness,FOOT\foot1_dealer_220.txt,FOOT\foot2_dealer_220.txt,9,153,64000,0,3,76,3308,240,579,81,1,1651,1,54,,,31,228,,,,15,7,,21,12,75,0,107,27,95,,,,,6,LFOO1100
Aurum Plate Boots of Glory,FOOT\foot1_soldier200.txt,FOOT\foot2_soldier200.txt,9,151,33400,0,10,80,3825,228,580,,,,,51,,,31,220,,,,,,,,,65,,114,12,85,,,,,,LFOO1113
Aurum Plate Boots of Glory,FOOT\foot1_soldier200.txt,FOOT\foot2_soldier200.txt,9,151,41300,0,10,80,3825,228,580,,,,,51,,,31,224,,,,,,,,,65,0,124,20,85,,,,,3,LFOO1113
Aurum Plate Boots of Glory,FOOT\foot1_soldier200.txt,FOOT\foot2_soldier200.txt,9,151,49500,0,10,80,3825,228,580,,,,,51,,,31,228,,,,,,,,,65,0,129,23,85,,,,,6,LFOO1113
Oro's Walker Shoes of Glory,FOOT\foot1_muse200.txt,FOOT\foot2_muse200.txt,9,152,137400,0,3,78,3838,236,579,,,,,52,,,31,220,,,,,,,,,68,,93,15,82,,,,,,LFOO1116
Oro's Walker Shoes of Glory,FOOT\foot1_muse200.txt,FOOT\foot2_muse200.txt,9,152,164000,0,3,78,3838,236,579,,,,,52,,,31,224,,,,,,,,,68,0,103,23,82,,,,,3,LFOO1116
Oro's Walker Shoes of Glory,FOOT\foot1_muse200.txt,FOOT\foot2_muse200.txt,9,152,196000,0,3,78,3838,236,579,,,,,52,,,31,228,,,,,,,,,68,0,108,26,82,,,,,6,LFOO1116
Raptor Boots of Glory,FOOT\foot1_hawker200.txt,FOOT\foot2_hawker200.txt,9,151,163200,0,3,78,3851,232,579,,,,,53,,,31,220,,,,,,,,,68,,95,12,95,,,,,,LFOO1119
Raptor Boots of Glory,FOOT\foot1_hawker200.txt,FOOT\foot2_hawker200.txt,9,151,18320,0,3,78,3851,232,579,,,,,53,,,31,224,,,,,,,,,68,0,104,19,95,,,,,3,LFOO1119
Raptor Boots of Glory,FOOT\foot1_hawker200.txt,FOOT\foot2_hawker200.txt,9,151,21020,0,3,78,3851,232,579,,,,,53,,,31,228,,,,,,,,,68,0,109,22,95,,,,,6,LFOO1119
Mercenary Shoes of Glory,FOOT\foot1_dealer200.txt,FOOT\foot2_dealer200.txt,9,151,152200,0,3,76,3864,240,579,,,,,54,,,31,220,,,,,,,,,68,,94,12,90,,,,,,LFOO1122
Mercenary Shoes of Glory,FOOT\foot1_dealer200.txt,FOOT\foot2_dealer200.txt,9,151,152200,0,3,76,3864,240,579,,,,,54,,,31,224,,,,,,,,,69,0,100,21,90,,,,,3,LFOO1122
Mercenary Shoes of Glory,FOOT\foot1_dealer200.txt,FOOT\foot2_dealer200.txt,9,151,152200,0,3,76,3864,240,579,,,,,54,,,31,228,,,,,,,,,69,0,105,24,90,,,,,6,LFOO1122
,,,,,,,,,,,,,,,,,,,,,,,,,,,,,,,,,,,,,,,
,,,,,,,,,,,,,,,,,,,,,,,,,,,,,,,,,,,,,,,
,,,,,,,,,,,,,,,,,,,,,,,,,,,,,,,,,,,,,,,
Plate Boots of Rebirth,,,6,151,201000,0,10,80,9234,228,580,,,,,51,,,111,4,,,,,,,,,75,0,13,1,87,,,,,,LFOO1128
Heaven's Shoes of Rebirth,,,6,152,221000,0,3,78,9235,236,579,,,,,52,,,111,4,,,,,,,,,75,0,11,2,85,,,,,,LFOO1129
Wild Hawker Boots of Rebirth,,,6,151,201000,0,3,78,9236,232,579,,,,,53,,,111,4,,,,,,,,,75,0,11,2,100,,,,,,LFOO1130
Redfield Chairman Shoes of Rebirth,,,6,153,201000,0,3,76,9237,240,579,,,,,54,,,111,4,,,,,,,,,75,0,10,2,95,,,,,,LFOO1131
Jabberwock Boots of Rebirth,FOOT\foot1_07500.txt,FOOT\foot2_07500.txt,6,151,201000,0,10,80,8207,228,580,,,,,51,,,111,6,,,,,,,,,75,0,13,1,87,,,,,,LFOO1132
Dimple Shoes of Rebirth,FOOT\foot1_07200.txt,FOOT\foot2_07200.txt,6,152,221000,0,3,78,8208,236,579,,,,,52,,,111,6,,,,,,,,,75,0,11,2,85,,,,,,LFOO1133
Steel Resolve Boots of Rebirth,FOOT\foot1_07400.txt,FOOT\foot2_07400.txt,6,151,201000,0,3,78,8209,232,579,,,,,53,,,111,6,,,,,,,,,75,0,11,2,100,,,,,,LFOO1134
Mana Steam Shoes of Rebirth,FOOT\foot1_07300.txt,FOOT\foot2_07300.txt,6,153,201000,0,3,76,8210,240,579,,,,,54,,,111,6,,,,,,,,,75,0,10,2,95,,,,,,LFOO1135
,,,,,,,,,,,,,,,,,,,,,,,,,,,,,,,,,,,,,,,
Royal Boots of the Entiku,FOOT\gob_foot_m_1221_cr.txt,FOOT\gob_foot_f_1221_cr.txt,,151,245120,0,10,76,8492,244,580,,,,,,,,31,205,,,,,,,,,75,0,95,13,95,14,,,,,LFOO1137
Entiku Blue,FOOT\gob_foot_m_1221_cr.txt,FOOT\gob_foot_f_1221_cr.txt,,151,245120,0,10,76,8492,244,580,,,,,,,,31,205,,,,,,,,,75,0,10,10,95,,,,,,LFOO1138
Entiku Golden,FOOT\gob_foot_m_1221_cr.txt,FOOT\gob_foot_f_1221_cr.txt,,151,245120,0,10,76,8492,244,580,,,,,,,,31,205,,,,,,,,,75,0,10,10,95,,,,,,LFOO1139
Entiku Silver,FOOT\gob_foot_m_1221_cr.txt,FOOT\gob_foot_f_1221_cr.txt,,151,245120,0,10,76,8492,244,580,,,,,,,,31,205,,,,,,,,,75,0,10,10,95,,,,,,LFOO1140
Entiku Black,FOOT\gob_foot_m_1221_cr.txt,FOOT\gob_foot_f_1221_cr.txt,,151,245120,0,10,76,8492,244,580,,,,,,,,31,205,,,,,,,,,75,0,10,10,95,,,,,,LFOO1141
,,,,,,,,,,,,,,,,,,,,,,,,,,,,,,,,,,,,,,,
,,,,,,,,,,,,,,,,,,,,,,,,,,,,,,,,,,,,,,,
,,,,,,,,,,,,,,,,,,,,,,,,,,,,,,,,,,,,,,,
,,,,,,,,,,,,,,,,,,,,,,,,,,,,,,,,,,,,,,,
,,,,,,,,,,,,,,,,,,,,,,,,,,,,,,,,,,,,,,,
,,,,,,,,,,,,,,,,,,,,,,,,,,,,,,,,,,,,,,,
,,,,,,,,,,,,,,,,,,,,,,,,,,,,,,,,,,,,,,,
,,,,,,,,,,,,,,,,,,,,,,,,,,,,,,,,,,,,,,,
,,,,,,,,,,,,,,,,,,,,,,,,,,,,,,,,,,,,,,,
,,,,,,,,,,,,,,,,,,,,,,,,,,,,,,,,,,,,,,,
,,,,,,,,,,,,,,,,,,,,,,,,,,,,,,,,,,,,,,,
,,,,,,,,,,,,,,,,,,,,,,,,,,,,,,,,,,,,,,,
,,,,,,,,,,,,,,,,,,,,,,,,,,,,,,,,,,,,,,,
,,,,,,,,,,,,,,,,,,,,,,,,,,,,,,,,,,,,,,,
,,,,,,,,,,,,,,,,,,,,,,,,,,,,,,,,,,,,,,,
Red Panda Shoes,FOOT\panzukin_foot_m_0922_wa.txt,FOOT\panzukin_foot_f_0922_wa.txt,6,153,1000,0,2,10,9939,244,579,,,,,,,,,,,,,,,,,,75,,10,10,80,,,,,,LFOO1157
Little Yellow Shoes,FOOT\akazukin_foot_0903_yellow_new.txt,FOOT\akazukin_foot_0903_yellow_new.txt,6,151,0,0,6,33,10125,228,580,,,,,,,,,,,,,20,4,,14,8,30,,10,8,85,,,,,,LFOO1158
,,,,,,,,,,,,,,,,,,,,,,,,,,,,,,,,,,,,,,,
Black Clan Boots,,,6,153,1000,0,2,10,2784,244,579,,,,,,,,,,,,,,,,,,30,,10,8,85,,,,,,LFOO1160
Blue Clan Boots,,,6,153,1000,0,2,10,2784,244,579,,,,,,,,,,,,,,,,,,30,,10,8,85,,,,,,LFOO1161
Green Clan Boots,,,6,153,1000,0,2,10,2784,244,579,,,,,,,,,,,,,,,,,,30,,10,8,85,,,,,,LFOO1162
Pink Clan Boots,,,6,153,1000,0,2,10,2784,244,579,,,,,,,,,,,,,,,,,,30,,10,8,85,,,,,,LFOO1163
Purple Clan Boots,,,6,153,1000,0,2,10,2784,244,579,,,,,,,,,,,,,,,,,,30,,10,8,85,,,,,,LFOO1164
Red Clan Boots,,,6,153,1000,0,2,10,2784,244,579,,,,,,,,,,,,,,,,,,30,,10,8,85,,,,,,LFOO1165
White Clan Boots,,,6,153,1000,0,2,10,2784,244,579,,,,,,,,,,,,,,,,,,30,,10,8,85,,,,,,LFOO1166
Yellow Clan Boots,,,6,153,1000,0,2,10,2784,244,579,,,,,,,,,,,,,,,,,,30,,10,8,85,,,,,,LFOO1167
Merciful Dawnfrost Boots (Warrior),FOOT\foot1_career_a_001.txt,FOOT\foot2_career_a_001.txt,,151,361001,0,10,65,3313,228,580,,,183,,51,,,31,210,,,,18,-18,,148,-2,65,,130,25,85,23,,,,34,LFOO049
Ruthless Dawnfrost Boots (Warrior),FOOT\foot1_career_a_002.txt,FOOT\foot2_career_a_002.txt,,151,361001,0,10,65,3318,228,580,,,183,,51,,,31,210,,,,18,22,,148,3,65,,84,19,85,24,,,,34,LFOO050
Merciful Dawnfrost Shoes (Maiden),FOOT\foot1_career_a_003.txt,FOOT\foot2_career_a_003.txt,,152,325189,0,3,65,3315,236,579,,,183,,52,,,31,210,,,,18,-18,,148,-2,65,,116,28,82,25,,,,34,LFOO079
Ruthless Dawnfrost Shoes (Maiden),FOOT\foot1_career_a_004.txt,FOOT\foot2_career_a_004.txt,,152,325189,0,3,65,3319,236,579,,,183,,52,,,31,210,,,,18,22,,148,3,65,,75,21,82,26,,,,34,LFOO080
Merciful Dawnfrost Shoes (Hunter),FOOT\foot1_career_a_005.txt,FOOT\foot2_career_a_005.txt,,151,380014,0,3,65,3316,232,579,,,183,,53,,,31,210,,,,18,-18,,148,-2,65,,118,25,95,27,,,,34,LFOO109
Ruthless Dawnfrost Shoes (Hunter),FOOT\foot1_career_a_006.txt,FOOT\foot2_career_a_006.txt,,151,380014,0,3,65,3320,232,579,,,183,,53,,,31,210,,,,18,22,,148,3,65,,77,19,95,28,,,,34,LFOO110
Merciful Dawnfrost Shoes (Trader),FOOT\foot1_career_a_007.txt,FOOT\foot2_career_a_007.txt,,153,354778,0,3,65,3317,240,579,,,183,,54,,,31,210,,,,18,-18,,148,-2,65,,117,19,90,29,,,,34,LFOO139
Ruthless Dawnfrost Shoes (Trader),FOOT\foot1_career_a_008.txt,FOOT\foot2_career_a_008.txt,,153,354778,0,3,65,3321,240,579,,,183,,54,,,31,210,,,,18,22,,148,3,65,,76,25,90,30,,,,34,LFOO140
,,,,,,,,,,,,,,,,,,,,,,,,,,,,,,,,,,,,,,,
,,,,,,,,,,,,,,,,,,,,,,,,,,,,,,,,,,,,,,,
,,,,,,,,,,,,,,,,,,,,,,,,,,,,,,,,,,,,,,,
,,,,,,,,,,,,,,,,,,,,,,,,,,,,,,,,,,,,,,,
,,,,,,,,,,,,,,,,,,,,,,,,,,,,,,,,,,,,,,,
,,,,,,,,,,,,,,,,,,,,,,,,,,,,,,,,,,,,,,,
,,,,,,,,,,,,,,,,,,,,,,,,,,,,,,,,,,,,,,,
,,,,,,,,,,,,,,,,,,,,,,,,,,,,,,,,,,,,,,,
,,,,,,,,,,,,,,,,,,,,,,,,,,,,,,,,,,,,,,,
,,,,,,,,,,,,,,,,,,,,,,,,,,,,,,,,,,,,,,,
,,,,,,,,,,,,,,,,,,,,,,,,,,,,,,,,,,,,,,,
,,,,,,,,,,,,,,,,,,,,,,,,,,,,,,,,,,,,,,,
,,,,,,,,,,,,,,,,,,,,,,,,,,,,,,,,,,,,,,,
,,,,,,,,,,,,,,,,,,,,,,,,,,,,,,,,,,,,,,,
Godly Jabberwock Boots,FOOT\foot1_07500.txt,FOOT\foot2_07500.txt,,151,308850,0,10,77,627,228,580,17,12,,67,51,,,31,210,,,,,,,,,75,,103,25,100,,,,,22,LFOO1190
,,,,,,,,,,,,,,,,,,,,,,,,,,,,,,,,,,,,,,,
,,,,,,,,,,,,,,,,,,,,,,,,,,,,,,,,,,,,,,,
,,,,,,,,,,,,,,,,,,,,,,,,,,,,,,,,,,,,,,,
,,,,,,,,,,,,,,,,,,,,,,,,,,,,,,,,,,,,,,,
,,,,,,,,,,,,,,,,,,,,,,,,,,,,,,,,,,,,,,,
,,,,,,,,,,,,,,,,,,,,,,,,,,,,,,,,,,,,,,,
,,,,,,,,,,,,,,,,,,,,,,,,,,,,,,,,,,,,,,,
,,,,,,,,,,,,,,,,,,,,,,,,,,,,,,,,,,,,,,,
,,,,,,,,,,,,,,,,,,,,,,,,,,,,,,,,,,,,,,,
,,,,,,,,,,,,,,,,,,,,,,,,,,,,,,,,,,,,,,,
Anniversary Shoes,FOOT\foot1_hiphop.txt,FOOT\foot2_hiphop.txt,6,153,0,0,2,10,7856,240,579,,,,,,,,,,,,,,,,,,30,,10,10,70,,,,,,LFOO1201
,,,,,,,,,,,,,,,,,,,,,,,,,,,,,,,,,,,,,,,
,,,,,,,,,,,,,,,,,,,,,,,,,,,,,,,,,,,,,,,
,,,,,,,,,,,,,,,,,,,,,,,,,,,,,,,,,,,,,,,
,,,,,,,,,,,,,,,,,,,,,,,,,,,,,,,,,,,,,,,
,,,,,,,,,,,,,,,,,,,,,,,,,,,,,,,,,,,,,,,
,,,,,,,,,,,,,,,,,,,,,,,,,,,,,,,,,,,,,,,
,,,,,,,,,,,,,,,,,,,,,,,,,,,,,,,,,,,,,,,
,,,,,,,,,,,,,,,,,,,,,,,,,,,,,,,,,,,,,,,
,,,,,,,,,,,,,,,,,,,,,,,,,,,,,,,,,,,,,,,
,,,,,,,,,,,,,,,,,,,,,,,,,,,,,,,,,,,,,,,
,,,,,,,,,,,,,,,,,,,,,,,,,,,,,,,,,,,,,,,
,,,,,,,,,,,,,,,,,,,,,,,,,,,,,,,,,,,,,,,
Teddybear Costume Foot,FOOT\foot_event_costume01.txt,FOOT\foot_event_costume01.txt,6,153,0,0,2,40,8167,240,579,,,,,,,,,,,,,14,10,,,,75,,10,10,100,,,,,,LFOO1214
Lumberjack's Bear Boots,FOOT\foot_event_costume02.txt,FOOT\foot_event_costume02.txt,6,153,0,0,2,40,8404,240,579,,,,,,,,,,,,,,,,,,50,,10,10,100,,,,,,LFOO1215
Stickman Legs,,,6,153,0,0,2,40,8375,240,579,,,,,,,,31,10,,,,14,10,,23,20,75,,20,20,100,,,,,,LFOO1216
Grouch Shoes,FOOT\foot1_career022_v.txt,FOOT\foot2_career022_v.txt,6,153,1,0,3,10,8395,244,579,,,,,,,,,,,,,,,,,,60,,10,8,85,,,,,,LFOO1217
Frozen Storybook Shoes,FOOT\foot1_Frozen2019_01.txt,FOOT\foot2_Frozen2019_01.txt,6,153,0,0,2,23,8628,244,579,,,,,,,,,,,,,,,,,,100,,20,10,80,,,,,,LFOO1218
Hooded Leopard Shoes,FOOT\leopard_foot_m_0922_wa.txt,FOOT\leopard_foot_f_0922_wa.txt,6,153,1000,0,2,10,8633,244,579,,,,,,,,,,,,,12,3,,14,10,30,,19,15,80,,,,,,LFOO1219
,,,,,,,,,,,,,,,,,,,,,,,,,,,,,,,,,,,,,,,
,,,,,,,,,,,,,,,,,,,,,,,,,,,,,,,,,,,,,,,
,,,,,,,,,,,,,,,,,,,,,,,,,,,,,,,,,,,,,,,
,,,,,,,,,,,,,,,,,,,,,,,,,,,,,,,,,,,,,,,
,,,,,,,,,,,,,,,,,,,,,,,,,,,,,,,,,,,,,,,
,,,,,,,,,,,,,,,,,,,,,,,,,,,,,,,,,,,,,,,
Blue Winter Boots,,,6,153,1000,0,2,10,3006,240,579,,,,,,,,,,,,,,,,,,35,,10,10,85,,,,,,LFOO1226
Pink Santa Claus Boots,,,6,153,1000,0,2,10,2954,240,579,,,,,,,,,,,,,,,,,,35,,10,10,85,,,,,,LFOO1227
Blue Santa Claus Boots,,,7,153,1000,0,2,10,9298,240,579,,,,,,,,,,,,,,,,,,35,,10,10,85,,,,,,LFOO1228
,,,,,,,,,,,,,,,,,,,,,,,,,,,,,,,,,,,,,,,
Halloween Diamond Shoes,FOOT\vampire_foot_m_orange_20241017.txt,FOOT\vampire_foot_f_orange_20241017.txt,6,153,1000,,3,50,9848,240,579,,,,,,,,,,,,,,,,,,30,,10,10,85,,,,,,LFOO1230
Yellow Stylish Rabbit Shoes,FOOT\bunny_foot_m_yellow_20230921.txt,FOOT\bunny_foot_f_yellow_20230921.txt,6,153,1000,0,3,27,9943,244,579,93,1,1830,1,,,,,,,,,,,,,,30,10,15,10,80,,,,,,LFOO1231
Blue Stylish Rabbit Shoes,,,6,153,1000,0,3,27,10161,244,579,93,1,1830,1,,,,,,,,,,,,,,30,10,15,10,80,,,,,,LFOO1232
,,,,,,,,,,,,,,,,,,,,,,,,,,,,,,,,,,,,,,,
,,,,,,,,,,,,,,,,,,,,,,,,,,,,,,,,,,,,,,,
,,,,,,,,,,,,,,,,,,,,,,,,,,,,,,,,,,,,,,,
,,,,,,,,,,,,,,,,,,,,,,,,,,,,,,,,,,,,,,,
,,,,,,,,,,,,,,,,,,,,,,,,,,,,,,,,,,,,,,,
,,,,,,,,,,,,,,,,,,,,,,,,,,,,,,,,,,,,,,,
,,,,,,,,,,,,,,,,,,,,,,,,,,,,,,,,,,,,,,,
,,,,,,,,,,,,,,,,,,,,,,,,,,,,,,,,,,,,,,,
,,,,,,,,,,,,,,,,,,,,,,,,,,,,,,,,,,,,,,,
,,,,,,,,,,,,,,,,,,,,,,,,,,,,,,,,,,,,,,,
,,,,,,,,,,,,,,,,,,,,,,,,,,,,,,,,,,,,,,,
,,,,,,,,,,,,,,,,,,,,,,,,,,,,,,,,,,,,,,,
,,,,,,,,,,,,,,,,,,,,,,,,,,,,,,,,,,,,,,,
,,,,,,,,,,,,,,,,,,,,,,,,,,,,,,,,,,,,,,,
,,,,,,,,,,,,,,,,,,,,,,,,,,,,,,,,,,,,,,,
,,,,,,,,,,,,,,,,,,,,,,,,,,,,,,,,,,,,,,,
,,,,,,,,,,,,,,,,,,,,,,,,,,,,,,,,,,,,,,,
,,,,,,,,,,,,,,,,,,,,,,,,,,,,,,,,,,,,,,,
,,,,,,,,,,,,,,,,,,,,,,,,,,,,,,,,,,,,,,,
,,,,,,,,,,,,,,,,,,,,,,,,,,,,,,,,,,,,,,,
,,,,,,,,,,,,,,,,,,,,,,,,,,,,,,,,,,,,,,,
,,,,,,,,,,,,,,,,,,,,,,,,,,,,,,,,,,,,,,,
,,,,,,,,,,,,,,,,,,,,,,,,,,,,,,,,,,,,,,,
,,,,,,,,,,,,,,,,,,,,,,,,,,,,,,,,,,,,,,,
,,,,,,,,,,,,,,,,,,,,,,,,,,,,,,,,,,,,,,,
,,,,,,,,,,,,,,,,,,,,,,,,,,,,,,,,,,,,,,,
,,,,,,,,,,,,,,,,,,,,,,,,,,,,,,,,,,,,,,,
,,,,,,,,,,,,,,,,,,,,,,,,,,,,,,,,,,,,,,,
,,,,,,,,,,,,,,,,,,,,,,,,,,,,,,,,,,,,,,,
,,,,,,,,,,,,,,,,,,,,,,,,,,,,,,,,,,,,,,,
,,,,,,,,,,,,,,,,,,,,,,,,,,,,,,,,,,,,,,,
,,,,,,,,,,,,,,,,,,,,,,,,,,,,,,,,,,,,,,,
,,,,,,,,,,,,,,,,,,,,,,,,,,,,,,,,,,,,,,,
,,,,,,,,,,,,,,,,,,,,,,,,,,,,,,,,,,,,,,,
,,,,,,,,,,,,,,,,,,,,,,,,,,,,,,,,,,,,,,,
,,,,,,,,,,,,,,,,,,,,,,,,,,,,,,,,,,,,,,,
,,,,,,,,,,,,,,,,,,,,,,,,,,,,,,,,,,,,,,,
,,,,,,,,,,,,,,,,,,,,,,,,,,,,,,,,,,,,,,,
,,,,,,,,,,,,,,,,,,,,,,,,,,,,,,,,,,,,,,,
,,,,,,,,,,,,,,,,,,,,,,,,,,,,,,,,,,,,,,,
,,,,,,,,,,,,,,,,,,,,,,,,,,,,,,,,,,,,,,,
,,,,,,,,,,,,,,,,,,,,,,,,,,,,,,,,,,,,,,,
,,,,,,,,,,,,,,,,,,,,,,,,,,,,,,,,,,,,,,,
,,,,,,,,,,,,,,,,,,,,,,,,,,,,,,,,,,,,,,,
,,,,,,,,,,,,,,,,,,,,,,,,,,,,,,,,,,,,,,,
,,,,,,,,,,,,,,,,,,,,,,,,,,,,,,,,,,,,,,,
,,,,,,,,,,,,,,,,,,,,,,,,,,,,,,,,,,,,,,,
,,,,,,,,,,,,,,,,,,,,,,,,,,,,,,,,,,,,,,,
,,,,,,,,,,,,,,,,,,,,,,,,,,,,,,,,,,,,,,,
,,,,,,,,,,,,,,,,,,,,,,,,,,,,,,,,,,,,,,,
,,,,,,,,,,,,,,,,,,,,,,,,,,,,,,,,,,,,,,,
,,,,,,,,,,,,,,,,,,,,,,,,,,,,,,,,,,,,,,,
,,,,,,,,,,,,,,,,,,,,,,,,,,,,,,,,,,,,,,,
,,,,,,,,,,,,,,,,,,,,,,,,,,,,,,,,,,,,,,,
,,,,,,,,,,,,,,,,,,,,,,,,,,,,,,,,,,,,,,,
,,,,,,,,,,,,,,,,,,,,,,,,,,,,,,,,,,,,,,,
,,,,,,,,,,,,,,,,,,,,,,,,,,,,,,,,,,,,,,,
,,,,,,,,,,,,,,,,,,,,,,,,,,,,,,,,,,,,,,,
,,,,,,,,,,,,,,,,,,,,,,,,,,,,,,,,,,,,,,,
,,,,,,,,,,,,,,,,,,,,,,,,,,,,,,,,,,,,,,,
,,,,,,,,,,,,,,,,,,,,,,,,,,,,,,,,,,,,,,,
,,,,,,,,,,,,,,,,,,,,,,,,,,,,,,,,,,,,,,,
,,,,,,,,,,,,,,,,,,,,,,,,,,,,,,,,,,,,,,,
,,,,,,,,,,,,,,,,,,,,,,,,,,,,,,,,,,,,,,,
,,,,,,,,,,,,,,,,,,,,,,,,,,,,,,,,,,,,,,,
,,,,,,,,,,,,,,,,,,,,,,,,,,,,,,,,,,,,,,,
,,,,,,,,,,,,,,,,,,,,,,,,,,,,,,,,,,,,,,,
,,,,,,,,,,,,,,,,,,,,,,,,,,,,,,,,,,,,,,,
,,,,,,,,,,,,,,,,,,,,,,,,,,,,,,,,,,,,,,,
,,,,,,,,,,,,,,,,,,,,,,,,,,,,,,,,,,,,,,,
,,,,,,,,,,,,,,,,,,,,,,,,,,,,,,,,,,,,,,,
,,,,,,,,,,,,,,,,,,,,,,,,,,,,,,,,,,,,,,,
,,,,,,,,,,,,,,,,,,,,,,,,,,,,,,,,,,,,,,,
,,,,,,,,,,,,,,,,,,,,,,,,,,,,,,,,,,,,,,,
,,,,,,,,,,,,,,,,,,,,,,,,,,,,,,,,,,,,,,,
,,,,,,,,,,,,,,,,,,,,,,,,,,,,,,,,,,,,,,,
,,,,,,,,,,,,,,,,,,,,,,,,,,,,,,,,,,,,,,,
,,,,,,,,,,,,,,,,,,,,,,,,,,,,,,,,,,,,,,,
,,,,,,,,,,,,,,,,,,,,,,,,,,,,,,,,,,,,,,,
,,,,,,,,,,,,,,,,,,,,,,,,,,,,,,,,,,,,,,,
,,,,,,,,,,,,,,,,,,,,,,,,,,,,,,,,,,,,,,,
,,,,,,,,,,,,,,,,,,,,,,,,,,,,,,,,,,,,,,,
,,,,,,,,,,,,,,,,,,,,,,,,,,,,,,,,,,,,,,,
,,,,,,,,,,,,,,,,,,,,,,,,,,,,,,,,,,,,,,,
,,,,,,,,,,,,,,,,,,,,,,,,,,,,,,,,,,,,,,,
,,,,,,,,,,,,,,,,,,,,,,,,,,,,,,,,,,,,,,,
,,,,,,,,,,,,,,,,,,,,,,,,,,,,,,,,,,,,,,,
,,,,,,,,,,,,,,,,,,,,,,,,,,,,,,,,,,,,,,,
,,,,,,,,,,,,,,,,,,,,,,,,,,,,,,,,,,,,,,,
,,,,,,,,,,,,,,,,,,,,,,,,,,,,,,,,,,,,,,,
,,,,,,,,,,,,,,,,,,,,,,,,,,,,,,,,,,,,,,,
,,,,,,,,,,,,,,,,,,,,,,,,,,,,,,,,,,,,,,,
,,,,,,,,,,,,,,,,,,,,,,,,,,,,,,,,,,,,,,,
,,,,,,,,,,,,,,,,,,,,,,,,,,,,,,,,,,,,,,,
,,,,,,,,,,,,,,,,,,,,,,,,,,,,,,,,,,,,,,,
,,,,,,,,,,,,,,,,,,,,,,,,,,,,,,,,,,,,,,,
,,,,,,,,,,,,,,,,,,,,,,,,,,,,,,,,,,,,,,,
,,,,,,,,,,,,,,,,,,,,,,,,,,,,,,,,,,,,,,,
,,,,,,,,,,,,,,,,,,,,,,,,,,,,,,,,,,,,,,,
,,,,,,,,,,,,,,,,,,,,,,,,,,,,,,,,,,,,,,,
,,,,,,,,,,,,,,,,,,,,,,,,,,,,,,,,,,,,,,,
,,,,,,,,,,,,,,,,,,,,,,,,,,,,,,,,,,,,,,,
,,,,,,,,,,,,,,,,,,,,,,,,,,,,,,,,,,,,,,,
,,,,,,,,,,,,,,,,,,,,,,,,,,,,,,,,,,,,,,,
,,,,,,,,,,,,,,,,,,,,,,,,,,,,,,,,,,,,,,,
,,,,,,,,,,,,,,,,,,,,,,,,,,,,,,,,,,,,,,,
,,,,,,,,,,,,,,,,,,,,,,,,,,,,,,,,,,,,,,,
,,,,,,,,,,,,,,,,,,,,,,,,,,,,,,,,,,,,,,,
,,,,,,,,,,,,,,,,,,,,,,,,,,,,,,,,,,,,,,,
,,,,,,,,,,,,,,,,,,,,,,,,,,,,,,,,,,,,,,,
,,,,,,,,,,,,,,,,,,,,,,,,,,,,,,,,,,,,,,,
,,,,,,,,,,,,,,,,,,,,,,,,,,,,,,,,,,,,,,,
,,,,,,,,,,,,,,,,,,,,,,,,,,,,,,,,,,,,,,,
,,,,,,,,,,,,,,,,,,,,,,,,,,,,,,,,,,,,,,,
,,,,,,,,,,,,,,,,,,,,,,,,,,,,,,,,,,,,,,,
,,,,,,,,,,,,,,,,,,,,,,,,,,,,,,,,,,,,,,,
,,,,,,,,,,,,,,,,,,,,,,,,,,,,,,,,,,,,,,,
,,,,,,,,,,,,,,,,,,,,,,,,,,,,,,,,,,,,,,,
,,,,,,,,,,,,,,,,,,,,,,,,,,,,,,,,,,,,,,,
,,,,,,,,,,,,,,,,,,,,,,,,,,,,,,,,,,,,,,,
,,,,,,,,,,,,,,,,,,,,,,,,,,,,,,,,,,,,,,,
,,,,,,,,,,,,,,,,,,,,,,,,,,,,,,,,,,,,,,,
,,,,,,,,,,,,,,,,,,,,,,,,,,,,,,,,,,,,,,,
,,,,,,,,,,,,,,,,,,,,,,,,,,,,,,,,,,,,,,,
,,,,,,,,,,,,,,,,,,,,,,,,,,,,,,,,,,,,,,,
,,,,,,,,,,,,,,,,,,,,,,,,,,,,,,,,,,,,,,,
,,,,,,,,,,,,,,,,,,,,,,,,,,,,,,,,,,,,,,,
,,,,,,,,,,,,,,,,,,,,,,,,,,,,,,,,,,,,,,,
,,,,,,,,,,,,,,,,,,,,,,,,,,,,,,,,,,,,,,,
,,,,,,,,,,,,,,,,,,,,,,,,,,,,,,,,,,,,,,,
,,,,,,,,,,,,,,,,,,,,,,,,,,,,,,,,,,,,,,,
,,,,,,,,,,,,,,,,,,,,,,,,,,,,,,,,,,,,,,,
,,,,,,,,,,,,,,,,,,,,,,,,,,,,,,,,,,,,,,,
,,,,,,,,,,,,,,,,,,,,,,,,,,,,,,,,,,,,,,,
,,,,,,,,,,,,,,,,,,,,,,,,,,,,,,,,,,,,,,,
,,,,,,,,,,,,,,,,,,,,,,,,,,,,,,,,,,,,,,,
,,,,,,,,,,,,,,,,,,,,,,,,,,,,,,,,,,,,,,,
,,,,,,,,,,,,,,,,,,,,,,,,,,,,,,,,,,,,,,,
,,,,,,,,,,,,,,,,,,,,,,,,,,,,,,,,,,,,,,,
,,,,,,,,,,,,,,,,,,,,,,,,,,,,,,,,,,,,,,,
,,,,,,,,,,,,,,,,,,,,,,,,,,,,,,,,,,,,,,,
,,,,,,,,,,,,,,,,,,,,,,,,,,,,,,,,,,,,,,,
,,,,,,,,,,,,,,,,,,,,,,,,,,,,,,,,,,,,,,,
,,,,,,,,,,,,,,,,,,,,,,,,,,,,,,,,,,,,,,,
,,,,,,,,,,,,,,,,,,,,,,,,,,,,,,,,,,,,,,,
,,,,,,,,,,,,,,,,,,,,,,,,,,,,,,,,,,,,,,,
,,,,,,,,,,,,,,,,,,,,,,,,,,,,,,,,,,,,,,,
,,,,,,,,,,,,,,,,,,,,,,,,,,,,,,,,,,,,,,,
,,,,,,,,,,,,,,,,,,,,,,,,,,,,,,,,,,,,,,,
,,,,,,,,,,,,,,,,,,,,,,,,,,,,,,,,,,,,,,,
,,,,,,,,,,,,,,,,,,,,,,,,,,,,,,,,,,,,,,,
,,,,,,,,,,,,,,,,,,,,,,,,,,,,,,,,,,,,,,,
,,,,,,,,,,,,,,,,,,,,,,,,,,,,,,,,,,,,,,,
,,,,,,,,,,,,,,,,,,,,,,,,,,,,,,,,,,,,,,,
,,,,,,,,,,,,,,,,,,,,,,,,,,,,,,,,,,,,,,,
,,,,,,,,,,,,,,,,,,,,,,,,,,,,,,,,,,,,,,,
,,,,,,,,,,,,,,,,,,,,,,,,,,,,,,,,,,,,,,,
,,,,,,,,,,,,,,,,,,,,,,,,,,,,,,,,,,,,,,,
,,,,,,,,,,,,,,,,,,,,,,,,,,,,,,,,,,,,,,,
,,,,,,,,,,,,,,,,,,,,,,,,,,,,,,,,,,,,,,,
,,,,,,,,,,,,,,,,,,,,,,,,,,,,,,,,,,,,,,,
,,,,,,,,,,,,,,,,,,,,,,,,,,,,,,,,,,,,,,,
,,,,,,,,,,,,,,,,,,,,,,,,,,,,,,,,,,,,,,,
,,,,,,,,,,,,,,,,,,,,,,,,,,,,,,,,,,,,,,,
,,,,,,,,,,,,,,,,,,,,,,,,,,,,,,,,,,,,,,,
,,,,,,,,,,,,,,,,,,,,,,,,,,,,,,,,,,,,,,,
Rabid Chicken Plate Boots,,,6,153,100,0,1,50,6373,240,580,,,,,,,,,,,,,,,,,,75,,10,10,100,,,,,,LFOO1399
Militairy shoes,FOOT\general_suit_syoui_foot_m.txt,FOOT\general_suit_syoui_foot_w.txt,,153,80595,0,3,72,6357,240,579,,,,,,,,,,,,,15,1,,26,2,68,,88,14,84,,,,,,LFOO1400
?A?[?X???[?J?[,FOOT\general_suit_tyuui_foot_m.txt,FOOT\general_suit_tyuui_foot_w.txt,,153,80595,0,3,72,6358,240,579,,,,,,,,,,,,,15,2,,26,4,68,,101,14,86,,,,,,LFOO1401
???????n?`?l?????g????A?@?\????????C?B,FOOT\general_suit_taii_foot_m.txt,FOOT\general_suit_taii_foot_w.txt,,153,80595,0,3,72,6359,240,579,,,,,,,,,,,,,15,3,,26,5,68,,115,14,88,,,,,,LFOO1402
,,,,,,,,,,,,,,,,,,,,,,,,,,,,,,,,,,,,,,,
Infinity Void Boots,FOOT\lv210_knightboots_m_black_0118_cr.txt,FOOT\lv210_knightboots_f_black_0118_cr.txt,6,151,439950,0,7,83,6366,228,580,,,,,61,,,,,,,,,,,,,80,,230,34,80,,,,,,LFOO1404
Great Berserker Boots,FOOT\lv210_champboots_m_black_0118_cr.txt,FOOT\lv210_champboots_f_black_0118_cr.txt,6,151,439950,0,4,83,6367,228,580,,,,,62,,,,,,,,,,,,,80,,224,32,90,,,,,,LFOO1405
New Illumination Boots,FOOT\lv210_clerichandboots_m_white_0108_cr.txt,FOOT\lv210_clerichandboots_f_white_0108_cr.txt,6,152,324150,0,3,86,6364,236,579,,,,,64,,,,,,,,,,,,,76,,220,34,86,,,,,,LFOO1406
Fierce Calvary Boots,FOOT\lv210_magicinboots_m_purple_0118_cr.txt,FOOT\lv210_magicianboots_f_white_0118_cr.txt,6,152,324150,0,3,86,6365,236,579,,,,,63,,,,,,,,,,,,,76,,222,34,88,,,,,,LFOO1407
Crimson Hunter Boots,FOOT\lv210_scoutboots_m_black_0118_cr.txt,FOOT\lv210_scoutboots_??_red_0118_cr.txt,6,151,351600,0,3,88,6362,232,579,,,,,66,,,,,,,,,,,,,89,,220,31,98,,,,,,LFOO1408
Enraged Hunter Boots,FOOT\lv210_ladarboots_black_m_0118_cr.txt,FOOT\lv210_ladarboots_black_f_0118_cr.txt,6,151,351600,0,3,88,6363,232,579,,,,,65,,,,,,,,,,,,,89,,224,32,97,,,,,,LFOO1409
Ruthless Financier Boots,FOOT\lv210_bourgeoisboots_m_blue_0118_cr.txt,FOOT\lv210_bourgeoisboots_??_blue_0118_cr.txt,6,153,304000,0,3,88,6360,240,579,,,,,67,,,,,,,,,,,,,80,,220,31,95,,,,,,LFOO1410
Empathic Craftsman Boots,FOOT\lv210_artisanboots_m_red_0118_cr.txt,FOOT\lv210_artisanboots_??_red_0118_cr.txt,6,153,304000,0,3,88,6361,240,579,,,,,68,,,,,,,,,,,,,80,,218,31,93,,,,,,LFOO1411
,,,,,,,,,,,,,,,,,,,,,,,,,,,,,,,,,,,,,,,
Yellow Rubber Boots,FOOT\battlemage_foot_m_0601_cr.txt,FOOT\battlemage_foot_f_0601_cr.txt,6,153,1000,0,2,10,10062,244,579,,,,,,,,,,,,,,,,,,30,,10,8,85,,,,,,LFOO1413
Sky Rubber Boots,FOOT\battlemage_foot_m_0601_cr.txt,FOOT\battlemage_foot_f_0601_cr.txt,6,153,1000,0,2,10,10063,244,579,,,,,,,,,,,,,,,,,,30,,10,8,85,,,,,,LFOO1414
Red Rubber Boots,FOOT\battlemage_foot_m_0601_cr.txt,FOOT\battlemage_foot_f_0601_cr.txt,6,153,1000,0,2,10,10064,244,579,,,,,,,,,,,,,,,,,,30,,10,8,85,,,,,,LFOO1415
Lavender Rubber Boots,FOOT\battlemage_foot_m_0601_cr.txt,FOOT\battlemage_foot_f_0601_cr.txt,6,153,1000,0,2,10,10065,244,579,,,,,,,,,,,,,,,,,,30,,10,8,85,,,,,,LFOO1416
Orange Rubber Boots,FOOT\battlemage_foot_m_0601_cr.txt,FOOT\battlemage_foot_f_0601_cr.txt,6,153,1000,0,2,10,10066,244,579,,,,,,,,,,,,,,,,,,30,,10,8,85,,,,,,LFOO1417
Forest Rubber Boots,FOOT\battlemage_foot_m_0601_cr.txt,FOOT\battlemage_foot_f_0601_cr.txt,6,153,1000,0,2,10,10067,244,579,,,,,,,,,,,,,,,,,,30,,10,8,85,,,,,,LFOO1418
Blue Rubber Boots,FOOT\battlemage_foot_m_0601_cr.txt,FOOT\battlemage_foot_f_0601_cr.txt,6,153,1000,0,2,10,10068,244,579,,,,,,,,,,,,,,,,,,30,,10,8,85,,,,,,LFOO1419
Green Rubber Boots,FOOT\battlemage_foot_m_0601_cr.txt,FOOT\battlemage_foot_f_0601_cr.txt,6,153,1000,0,2,10,4660,244,579,,,,,,,,,,,,,,,,,,30,,10,8,85,,,,,,LFOO1420
Aqua Rubber Boots,FOOT\battlemage_foot_m_0601_cr.txt,FOOT\battlemage_foot_f_0601_cr.txt,6,153,1000,0,2,10,4661,244,579,,,,,,,,,,,,,,,,,,30,,10,8,85,,,,,,LFOO1421
Purple Rubber Boots,FOOT\battlemage_foot_m_0601_cr.txt,FOOT\battlemage_foot_f_0601_cr.txt,6,153,1000,0,2,10,4662,244,579,,,,,,,,,,,,,,,,,,30,,10,8,85,,,,,,LFOO1422
Black Rubber Boots,FOOT\battlemage_foot_m_0601_cr.txt,FOOT\battlemage_foot_f_0601_cr.txt,6,153,1000,0,2,10,4663,244,579,,,,,,,,,,,,,,,,,,30,,10,8,85,,,,,,LFOO1423
White Rubber Boots,FOOT\battlemage_foot_m_0601_cr.txt,FOOT\battlemage_foot_f_0601_cr.txt,6,153,1000,0,2,10,4664,244,579,,,,,,,,,,,,,,,,,,30,,10,8,85,,,,,,LFOO1424
Summer Fashion Shoes,FOOT\battlemage_foot_m_0601_cr.txt,FOOT\battlemage_foot_f_0601_cr.txt,6,153,1000,0,2,10,4665,244,579,,,,,,,,,,,,,,,,,,30,,10,8,85,,,,,,LFOO1425
Purple Alchemist Shoes,FOOT\battlemage_foot_m_0601_cr.txt,FOOT\battlemage_foot_f_0601_cr.txt,6,153,1000,0,2,10,3914,244,579,,,,,,,,,,,,,,,,,,30,,10,8,85,,,,,,LFOO1426
Red Alchemist Shoes,FOOT\battlemage_foot_m_0601_cr.txt,FOOT\battlemage_foot_f_0601_cr.txt,6,153,1000,0,2,10,3915,244,579,,,,,,,,,,,,,,,,,,30,,10,8,85,,,,,,LFOO1427
Blue Alchemist Shoes,FOOT\battlemage_foot_m_0601_cr.txt,FOOT\battlemage_foot_f_0601_cr.txt,6,153,1000,0,2,10,3916,244,579,,,,,,,,,,,,,,,,,,30,,10,8,85,,,,,,LFOO1428
Gold Alchemist Shoes,FOOT\battlemage_foot_m_0601_cr.txt,FOOT\battlemage_foot_f_0601_cr.txt,6,153,1000,0,2,10,3917,244,579,,,,,,,,,,,,,,,,,,30,,10,8,85,,,,,,LFOO1429
Black Alchemist Shoes,FOOT\battlemage_foot_m_0601_cr.txt,FOOT\battlemage_foot_f_0601_cr.txt,6,153,1000,0,2,10,3918,244,579,,,,,,,,,,,,,,,,,,30,,10,8,85,,,,,,LFOO1430
Blue Rainboots,FOOT\battlemage_foot_m_0601_cr.txt,FOOT\battlemage_foot_f_0601_cr.txt,6,153,1000,0,2,10,4709,244,579,,,,,,,,,,,,,,,,,,30,,10,8,85,,,,,,LFOO1431
Red Rainboots,FOOT\battlemage_foot_m_0601_cr.txt,FOOT\battlemage_foot_f_0601_cr.txt,6,153,1000,0,2,10,4710,244,579,,,,,,,,,,,,,,,,,,30,,10,8,85,,,,,,LFOO1432
Green Rainboots,FOOT\battlemage_foot_m_0601_cr.txt,FOOT\battlemage_foot_f_0601_cr.txt,6,153,1000,0,2,10,4711,244,579,,,,,,,,,,,,,,,,,,30,,10,8,85,,,,,,LFOO1433
Light Pink Popstar Shoes,FOOT\battlemage_foot_m_0601_cr.txt,FOOT\battlemage_foot_f_0601_cr.txt,7,153,1000,0,2,10,7514,244,579,,,,,,,,,,,,,,,,,,30,,10,8,85,,,,,,LFOO1434
Blue Popstar Shoes,FOOT\battlemage_foot_m_0601_cr.txt,FOOT\battlemage_foot_f_0601_cr.txt,7,153,1000,0,2,10,7515,244,579,,,,,,,,,,,,,,,,,,30,,10,8,85,,,,,,LFOO1435
Green Popstar Shoes,FOOT\battlemage_foot_m_0601_cr.txt,FOOT\battlemage_foot_f_0601_cr.txt,7,153,1000,0,2,10,7516,244,579,,,,,,,,,,,,,,,,,,30,,10,8,85,,,,,,LFOO1436
Turquoise Popstar Shoes,FOOT\battlemage_foot_m_0601_cr.txt,FOOT\battlemage_foot_f_0601_cr.txt,7,153,1000,0,2,10,7517,244,579,,,,,,,,,,,,,,,,,,30,,10,8,85,,,,,,LFOO1437
Vic Shoes,FOOT\battlemage_foot_m_0601_cr.txt,FOOT\battlemage_foot_f_0601_cr.txt,6,153,1000,0,2,10,7518,244,579,,,,,,,,,,,,,,,,,,30,,10,8,85,,,,,,LFOO1438
Yellow Popstar Shoes,FOOT\battlemage_foot_m_0601_cr.txt,FOOT\battlemage_foot_f_0601_cr.txt,7,153,1000,0,2,10,3025,244,579,,,,,,,,,,,,,,,,,,30,,10,8,85,,,,,,LFOO1439
Dark Pink Popstar Shoes,FOOT\battlemage_foot_m_0601_cr.txt,FOOT\battlemage_foot_f_0601_cr.txt,7,153,1000,0,2,10,3027,244,579,,,,,,,,,,,,,,,,,,30,,10,8,85,,,,,,LFOO1440
Black Zuisho Shoes,,,6,153,1000,0,2,10,9726,244,579,,,,,,,,,,,,,,,,,,30,,10,8,85,,,,,,LFOO1441
Purple Zuisho Shoes,,,6,153,1000,0,2,10,9727,244,579,,,,,,,,,,,,,,,,,,30,,10,8,85,,,,,,LFOO1442
Red Zuisho Shoes,,,6,153,1000,0,2,10,9728,244,579,,,,,,,,,,,,,,,,,,30,,10,8,85,,,,,,LFOO1443
,,,,,,,,,,,,,,,,,,,,,,,,,,,,,,,,,,,,,,,
,,,,,,,,,,,,,,,,,,,,,,,,,,,,,,,,,,,,,,,
,,,,,,,,,,,,,,,,,,,,,,,,,,,,,,,,,,,,,,,
,,,,,,,,,,,,,,,,,,,,,,,,,,,,,,,,,,,,,,,
,,,,,,,,,,,,,,,,,,,,,,,,,,,,,,,,,,,,,,,
,,,,,,,,,,,,,,,,,,,,,,,,,,,,,,,,,,,,,,,
,,,,,,,,,,,,,,,,,,,,,,,,,,,,,,,,,,,,,,,
,,,,,,,,,,,,,,,,,,,,,,,,,,,,,,,,,,,,,,,
,,,,,,,,,,,,,,,,,,,,,,,,,,,,,,,,,,,,,,,
,,,,,,,,,,,,,,,,,,,,,,,,,,,,,,,,,,,,,,,
,,,,,,,,,,,,,,,,,,,,,,,,,,,,,,,,,,,,,,,
,,,,,,,,,,,,,,,,,,,,,,,,,,,,,,,,,,,,,,,
,,,,,,,,,,,,,,,,,,,,,,,,,,,,,,,,,,,,,,,
,,,,,,,,,,,,,,,,,,,,,,,,,,,,,,,,,,,,,,,
,,,,,,,,,,,,,,,,,,,,,,,,,,,,,,,,,,,,,,,
,,,,,,,,,,,,,,,,,,,,,,,,,,,,,,,,,,,,,,,
,,,,,,,,,,,,,,,,,,,,,,,,,,,,,,,,,,,,,,,
,,,,,,,,,,,,,,,,,,,,,,,,,,,,,,,,,,,,,,,
,,,,,,,,,,,,,,,,,,,,,,,,,,,,,,,,,,,,,,,
,,,,,,,,,,,,,,,,,,,,,,,,,,,,,,,,,,,,,,,
,,,,,,,,,,,,,,,,,,,,,,,,,,,,,,,,,,,,,,,
,,,,,,,,,,,,,,,,,,,,,,,,,,,,,,,,,,,,,,,
,,,,,,,,,,,,,,,,,,,,,,,,,,,,,,,,,,,,,,,
,,,,,,,,,,,,,,,,,,,,,,,,,,,,,,,,,,,,,,,
,,,,,,,,,,,,,,,,,,,,,,,,,,,,,,,,,,,,,,,
,,,,,,,,,,,,,,,,,,,,,,,,,,,,,,,,,,,,,,,
,,,,,,,,,,,,,,,,,,,,,,,,,,,,,,,,,,,,,,,
,,,,,,,,,,,,,,,,,,,,,,,,,,,,,,,,,,,,,,,
,,,,,,,,,,,,,,,,,,,,,,,,,,,,,,,,,,,,,,,
,,,,,,,,,,,,,,,,,,,,,,,,,,,,,,,,,,,,,,,
,,,,,,,,,,,,,,,,,,,,,,,,,,,,,,,,,,,,,,,
,,,,,,,,,,,,,,,,,,,,,,,,,,,,,,,,,,,,,,,
,,,,,,,,,,,,,,,,,,,,,,,,,,,,,,,,,,,,,,,
,,,,,,,,,,,,,,,,,,,,,,,,,,,,,,,,,,,,,,,
,,,,,,,,,,,,,,,,,,,,,,,,,,,,,,,,,,,,,,,
,,,,,,,,,,,,,,,,,,,,,,,,,,,,,,,,,,,,,,,
,,,,,,,,,,,,,,,,,,,,,,,,,,,,,,,,,,,,,,,
,,,,,,,,,,,,,,,,,,,,,,,,,,,,,,,,,,,,,,,
,,,,,,,,,,,,,,,,,,,,,,,,,,,,,,,,,,,,,,,
,,,,,,,,,,,,,,,,,,,,,,,,,,,,,,,,,,,,,,,
,,,,,,,,,,,,,,,,,,,,,,,,,,,,,,,,,,,,,,,
,,,,,,,,,,,,,,,,,,,,,,,,,,,,,,,,,,,,,,,
,,,,,,,,,,,,,,,,,,,,,,,,,,,,,,,,,,,,,,,
,,,,,,,,,,,,,,,,,,,,,,,,,,,,,,,,,,,,,,,
,,,,,,,,,,,,,,,,,,,,,,,,,,,,,,,,,,,,,,,
,,,,,,,,,,,,,,,,,,,,,,,,,,,,,,,,,,,,,,,
,,,,,,,,,,,,,,,,,,,,,,,,,,,,,,,,,,,,,,,
,,,,,,,,,,,,,,,,,,,,,,,,,,,,,,,,,,,,,,,
,,,,,,,,,,,,,,,,,,,,,,,,,,,,,,,,,,,,,,,
,,,,,,,,,,,,,,,,,,,,,,,,,,,,,,,,,,,,,,,
,,,,,,,,,,,,,,,,,,,,,,,,,,,,,,,,,,,,,,,
,,,,,,,,,,,,,,,,,,,,,,,,,,,,,,,,,,,,,,,
,,,,,,,,,,,,,,,,,,,,,,,,,,,,,,,,,,,,,,,
,,,,,,,,,,,,,,,,,,,,,,,,,,,,,,,,,,,,,,,
,,,,,,,,,,,,,,,,,,,,,,,,,,,,,,,,,,,,,,,
,,,,,,,,,,,,,,,,,,,,,,,,,,,,,,,,,,,,,,,
Soldier Boots,,,6,151,0,0,6,70,6129,228,579,,,,,41,,,31,120,,,,,,,,,58,,27,2,85,,13,,,23,LFOO1500
Hawker Boots,,,6,151,0,0,3,70,6133,232,579,,,,,43,,,31,120,,,,,,,,,57,,22,12,95,,14,,,23,LFOO1501
Muse Shoes,,,6,152,0,0,3,70,6142,236,579,,,,,42,,,31,120,,,,,,,,,58,,24,3,90,,15,,,23,LFOO1502
Dealer Shoes,,,6,153,0,0,3,70,6146,240,579,,,,,44,,,31,120,,,,,,,,,57,,21,12,80,,16,,,23,LFOO1503
,,,,,,,,,,,,,,,,,,,,,,,,,,,,,,,,,,,,,,,
Harbinger Boots,FOOT\foot1_soldier_master.txt,FOOT\foot2_soldier_master.txt,,151,455110,0,10,81,9611,228,580,,,,,51,,,140,15,,,,151,1,,,,66,,139,21,85,0,,,,4,LFOO053
Harbinger Boots,FOOT\foot1_soldier_master.txt,FOOT\foot2_soldier_master.txt,,151,566200,0,10,81,9611,228,580,,,,,51,,,140,20,,,,151,1,,,,66,,147,29,85,0,,,,8,LFOO053
Herald of War Boots of Resilience,FOOT\foot1_soldier_raid.txt,FOOT\foot2_soldier_raid.txt,9,151,411002,0,10,80,9615,228,580,,,,,51,,,140,10,,,,10,5,,20,8,75,0,139,16,87,,,,,,LFOO1507
Herald of War Boots of Agility,FOOT\foot1_soldier_raid.txt,FOOT\foot2_soldier_raid.txt,9,151,411002,0,10,80,9615,228,580,,,,,51,,,140,10,,,,11,5,,20,8,75,0,139,16,87,,,,,,LFOO1508
Herald of War Boots of Faith,FOOT\foot1_soldier_raid.txt,FOOT\foot2_soldier_raid.txt,9,151,411002,0,10,80,9615,228,580,,,,,51,,,140,10,,,,12,5,,20,8,75,0,139,16,87,,,,,,LFOO1509
Herald of War Boots of Precision,FOOT\foot1_soldier_raid.txt,FOOT\foot2_soldier_raid.txt,9,151,411002,0,10,80,9615,228,580,,,,,51,,,140,10,,,,13,5,,20,8,75,0,139,16,87,,,,,,LFOO1510
Herald of War Boots of Virtue,FOOT\foot1_soldier_raid.txt,FOOT\foot2_soldier_raid.txt,9,151,411002,0,10,80,9615,228,580,,,,,51,,,140,10,,,,14,5,,20,8,75,0,139,16,87,,,,,,LFOO1511
Herald of War Boots of Sharpness,FOOT\foot1_soldier_raid.txt,FOOT\foot2_soldier_raid.txt,9,151,411002,0,10,80,9615,228,580,,,,,51,,,140,10,,,,15,5,,20,8,75,0,139,16,87,,,,,,LFOO1512
Herald of War Boots of Resilience,FOOT\foot1_soldier_raid.txt,FOOT\foot2_soldier_raid.txt,9,151,499887,0,10,80,9615,228,580,,,,,51,,,140,15,,,,10,7,,20,12,75,0,147,24,87,,,,,4,LFOO1507
Herald of War Boots of Agility,FOOT\foot1_soldier_raid.txt,FOOT\foot2_soldier_raid.txt,9,151,499887,0,10,80,9615,228,580,,,,,51,,,140,15,,,,11,7,,20,12,75,0,147,24,87,,,,,4,LFOO1508
Herald of War Boots of Faith,FOOT\foot1_soldier_raid.txt,FOOT\foot2_soldier_raid.txt,9,151,499887,0,10,80,9615,228,580,,,,,51,,,140,15,,,,12,7,,20,12,75,0,147,24,87,,,,,4,LFOO1509
Herald of War Boots of Precision,FOOT\foot1_soldier_raid.txt,FOOT\foot2_soldier_raid.txt,9,151,499887,0,10,80,9615,228,580,,,,,51,,,140,15,,,,13,7,,20,12,75,0,147,24,87,,,,,4,LFOO1510
Herald of War Boots of Virtue,FOOT\foot1_soldier_raid.txt,FOOT\foot2_soldier_raid.txt,9,151,499887,0,10,80,9615,228,580,,,,,51,,,140,15,,,,14,7,,20,12,75,0,147,24,87,,,,,4,LFOO1511
Herald of War Boots of Sharpness,FOOT\foot1_soldier_raid.txt,FOOT\foot2_soldier_raid.txt,9,151,499887,0,10,80,9615,228,580,,,,,51,,,140,15,,,,15,7,,20,12,75,0,147,24,87,,,,,4,LFOO1512
Herald of War Boots of Resilience,FOOT\foot1_soldier_raid.txt,FOOT\foot2_soldier_raid.txt,9,151,633201,0,10,80,9615,228,580,,,,,51,,,140,20,,,,10,10,,20,16,75,0,155,32,87,,,,,8,LFOO1507
Herald of War Boots of Agility,FOOT\foot1_soldier_raid.txt,FOOT\foot2_soldier_raid.txt,9,151,633201,0,10,80,9615,228,580,,,,,51,,,140,20,,,,11,10,,20,16,75,0,155,32,87,,,,,8,LFOO1508
Herald of War Boots of Faith,FOOT\foot1_soldier_raid.txt,FOOT\foot2_soldier_raid.txt,9,151,633201,0,10,80,9615,228,580,,,,,51,,,140,20,,,,12,10,,20,16,75,0,15,32,87,,,,,8,LFOO1509
Herald of War Boots of Precision,FOOT\foot1_soldier_raid.txt,FOOT\foot2_soldier_raid.txt,9,151,633201,0,10,80,9615,228,580,,,,,51,,,140,20,,,,13,10,,20,16,75,0,155,32,87,,,,,8,LFOO1510
Herald of War Boots of Virtue,FOOT\foot1_soldier_raid.txt,FOOT\foot2_soldier_raid.txt,9,151,633201,0,10,80,9615,228,580,,,,,51,,,140,20,,,,14,10,,20,16,75,0,155,32,87,,,,,8,LFOO1511
Herald of War Boots of Sharpness,FOOT\foot1_soldier_raid.txt,FOOT\foot2_soldier_raid.txt,9,151,633201,0,10,80,9615,228,580,,,,,51,,,140,20,,,,15,10,,20,16,75,0,155,32,87,,,,,8,
Magus Shoes,FOOT\foot1_muse_master.txt,FOOT\foot2_muse_master.txt,,152,422322,0,3,79,9612,236,579,,,,,52,,,140,15,,,,151,1,,,,69,,109,24,82,0,,,,4,LFOO083
Magus Shoes,FOOT\foot1_muse_master.txt,FOOT\foot2_muse_master.txt,,152,511022,0,3,79,9612,236,579,,,,,52,,,140,20,,,,151,1,,,,69,,117,32,82,0,,,,8,LFOO083
Ancient Druid Shoes of Resilience,FOOT\foot1_muse_raid.txt,FOOT\foot2_muse_raid.txt,9,152,401225,0,3,78,9616,236,579,,,,,52,,,140,10,,,,10,5,,143,5,75,0,106,22,85,,,,,,LFOO1527
Ancient Druid Shoes of Agility,FOOT\foot1_muse_raid.txt,FOOT\foot2_muse_raid.txt,9,152,401225,0,3,78,9616,236,579,,,,,52,,,140,10,,,,11,5,,143,5,75,0,106,22,85,,,,,,LFOO1528
Ancient Druid Shoes of Faith,FOOT\foot1_muse_raid.txt,FOOT\foot2_muse_raid.txt,9,152,401225,0,3,78,9616,236,579,,,,,52,,,140,10,,,,12,5,,143,5,75,0,106,22,85,,,,,,LFOO1529
Ancient Druid Shoes of Precision,FOOT\foot1_muse_raid.txt,FOOT\foot2_muse_raid.txt,9,152,401225,0,3,78,9616,236,579,,,,,52,,,140,10,,,,13,5,,143,5,75,0,106,22,85,,,,,,LFOO1530
Ancient Druid Shoes of Virtue,FOOT\foot1_muse_raid.txt,FOOT\foot2_muse_raid.txt,9,152,401225,0,3,78,9616,236,579,,,,,52,,,140,10,,,,14,5,,143,5,75,0,106,22,85,,,,,,LFOO1531
Ancient Druid Shoes of Sharpness,FOOT\foot1_muse_raid.txt,FOOT\foot2_muse_raid.txt,9,152,401225,0,3,78,9616,236,579,,,,,52,,,140,10,,,,15,5,,143,5,75,0,106,22,85,,,,,,LFOO1532
Ancient Druid Shoes of Resilience,FOOT\foot1_muse_raid.txt,FOOT\foot2_muse_raid.txt,9,152,499551,0,3,78,9616,236,579,,,,,52,,,140,15,,,,10,7,,143,10,75,0,114,30,85,,,,,4,LFOO1527
Ancient Druid Shoes of Agility,FOOT\foot1_muse_raid.txt,FOOT\foot2_muse_raid.txt,9,152,499551,0,3,78,9616,236,579,,,,,52,,,140,15,,,,11,7,,143,10,75,0,114,30,85,,,,,4,LFOO1528
Ancient Druid Shoes of Faith,FOOT\foot1_muse_raid.txt,FOOT\foot2_muse_raid.txt,9,152,499551,0,3,78,9616,236,579,,,,,52,,,140,15,,,,12,7,,143,10,75,0,114,30,85,,,,,4,LFOO1529
Ancient Druid Shoes of Precision,FOOT\foot1_muse_raid.txt,FOOT\foot2_muse_raid.txt,9,152,499551,0,3,78,9616,236,579,,,,,52,,,140,15,,,,13,7,,143,10,75,0,114,30,85,,,,,4,LFOO1530
Ancient Druid Shoes of Virtue,FOOT\foot1_muse_raid.txt,FOOT\foot2_muse_raid.txt,9,152,499551,0,3,78,9616,236,579,,,,,52,,,140,15,,,,14,7,,143,10,75,0,114,30,85,,,,,4,LFOO1531
Ancient Druid Shoes of Sharpness,FOOT\foot1_muse_raid.txt,FOOT\foot2_muse_raid.txt,9,152,499551,0,3,78,9616,236,579,,,,,52,,,140,15,,,,15,7,,143,10,75,0,114,30,85,,,,,4,LFOO1532
Ancient Druid Shoes of Resilience,FOOT\foot1_muse_raid.txt,FOOT\foot2_muse_raid.txt,9,152,622100,0,3,78,9616,236,579,,,,,52,,,140,20,,,,10,10,,143,15,75,0,122,38,85,,,,,8,LFOO1527
Ancient Druid Shoes of Agility,FOOT\foot1_muse_raid.txt,FOOT\foot2_muse_raid.txt,9,152,622100,0,3,78,9616,236,579,,,,,52,,,140,20,,,,11,10,,143,15,75,0,122,38,85,,,,,8,LFOO1528
Ancient Druid Shoes of Faith,FOOT\foot1_muse_raid.txt,FOOT\foot2_muse_raid.txt,9,152,622100,0,3,78,9616,236,579,,,,,52,,,140,20,,,,12,10,,143,15,75,0,122,38,85,,,,,8,LFOO1529
Ancient Druid Shoes of Precision,FOOT\foot1_muse_raid.txt,FOOT\foot2_muse_raid.txt,9,152,622100,0,3,78,9616,236,579,,,,,52,,,140,20,,,,13,10,,143,15,75,0,122,38,85,,,,,8,LFOO1530
Ancient Druid Shoes of Virtue,FOOT\foot1_muse_raid.txt,FOOT\foot2_muse_raid.txt,9,152,622100,0,3,78,9616,236,579,,,,,52,,,140,20,,,,14,10,,143,15,75,0,122,38,85,,,,,8,LFOO1531
Ancient Druid Shoes of Sharpness,FOOT\foot1_muse_raid.txt,FOOT\foot2_muse_raid.txt,9,152,622100,0,3,78,9616,236,579,,,,,52,,,140,20,,,,15,10,,143,15,75,0,122,38,85,,,,,8,LFOO1532
Rogue's Shoes,FOOT\foot1_hawker_master.txt,FOOT\foot2_hawker_master.txt,,151,486652,0,3,79,9613,232,579,,,,,53,,,140,15,,,,151,1,,,,69,,113,21,95,0,,,,4,LFOO113
Rogue's Shoes,FOOT\foot1_hawker_master.txt,FOOT\foot2_hawker_master.txt,,151,541220,0,3,79,9613,232,579,,,,,53,,,140,20,,,,151,1,,,,69,,121,29,95,0,,,,8,LFOO113
Shadow Strider Boots of Resilience,FOOT\foot1_hawker_raid.txt,FOOT\foot2_hawker_raid.txt,9,151,489950,0,3,78,9617,232,579,,,,,53,,,140,10,,,,10,5,,23,60,75,0,112,16,100,,,,,,LFOO1547
Shadow Strider Boots of Agility,FOOT\foot1_hawker_raid.txt,FOOT\foot2_hawker_raid.txt,9,151,489950,0,3,78,9617,232,579,,,,,53,,,140,10,,,,11,5,,23,60,75,0,112,16,100,,,,,,LFOO1548
Shadow Strider Boots of Faith,FOOT\foot1_hawker_raid.txt,FOOT\foot2_hawker_raid.txt,9,151,489950,0,3,78,9617,232,579,,,,,53,,,140,10,,,,12,5,,23,60,75,0,112,16,100,,,,,,LFOO1549
Shadow Strider Boots of Precision,FOOT\foot1_hawker_raid.txt,FOOT\foot2_hawker_raid.txt,9,151,489950,0,3,78,9617,232,579,,,,,53,,,140,10,,,,13,5,,23,60,75,0,112,16,100,,,,,,LFOO1550
Shadow Strider Boots of Virtue,FOOT\foot1_hawker_raid.txt,FOOT\foot2_hawker_raid.txt,9,151,489950,0,3,78,9617,232,579,,,,,53,,,140,10,,,,14,5,,23,60,75,0,112,16,100,,,,,,LFOO1551
Shadow Strider Boots of Sharpness,FOOT\foot1_hawker_raid.txt,FOOT\foot2_hawker_raid.txt,9,151,489950,0,3,78,9617,232,579,,,,,53,,,140,10,,,,15,5,,23,60,75,0,112,16,100,,,,,,LFOO1552
Shadow Strider Boots of Resilience,FOOT\foot1_hawker_raid.txt,FOOT\foot2_hawker_raid.txt,9,151,623000,0,3,78,9617,232,579,,,,,53,,,140,15,,,,10,7,,23,90,75,0,120,25,100,,,,,4,LFOO1547
Shadow Strider Boots of Agility,FOOT\foot1_hawker_raid.txt,FOOT\foot2_hawker_raid.txt,9,151,623000,0,3,78,9617,232,579,,,,,53,,,140,15,,,,11,7,,23,90,75,0,120,25,100,,,,,4,LFOO1548
Shadow Strider Boots of Faith,FOOT\foot1_hawker_raid.txt,FOOT\foot2_hawker_raid.txt,9,151,623000,0,3,78,9617,232,579,,,,,53,,,140,15,,,,12,7,,23,90,75,0,120,25,100,,,,,4,LFOO1549
Shadow Strider Boots of Precision,FOOT\foot1_hawker_raid.txt,FOOT\foot2_hawker_raid.txt,9,151,623000,0,3,78,9617,232,579,,,,,53,,,140,15,,,,13,7,,23,90,75,0,120,25,100,,,,,4,LFOO1550
Shadow Strider Boots of Virtue,FOOT\foot1_hawker_raid.txt,FOOT\foot2_hawker_raid.txt,9,151,623000,0,3,78,9617,232,579,,,,,53,,,140,15,,,,14,7,,23,90,75,0,120,25,100,,,,,4,LFOO1551
Shadow Strider Boots of Sharpness,FOOT\foot1_hawker_raid.txt,FOOT\foot2_hawker_raid.txt,9,151,623000,0,3,78,9617,232,579,,,,,53,,,140,15,,,,15,7,,23,90,75,0,120,25,100,,,,,4,LFOO1552
Shadow Strider Boots of Resilience,FOOT\foot1_hawker_raid.txt,FOOT\foot2_hawker_raid.txt,9,151,695571,0,3,78,9617,232,579,,,,,53,,,140,20,,,,10,10,,23,120,75,0,128,33,100,,,,,8,LFOO1547
Shadow Strider Boots of Agility,FOOT\foot1_hawker_raid.txt,FOOT\foot2_hawker_raid.txt,9,151,695571,0,3,78,9617,232,579,,,,,53,,,140,20,,,,11,10,,23,120,75,0,128,33,100,,,,,8,LFOO1548
Shadow Strider Boots of Faith,FOOT\foot1_hawker_raid.txt,FOOT\foot2_hawker_raid.txt,9,151,695571,0,3,78,9617,232,579,,,,,53,,,140,20,,,,12,10,,23,120,75,0,128,33,100,,,,,8,LFOO1549
Shadow Strider Boots of Precision,FOOT\foot1_hawker_raid.txt,FOOT\foot2_hawker_raid.txt,9,151,695571,0,3,78,9617,232,579,,,,,53,,,140,20,,,,13,10,,23,120,75,0,128,33,100,,,,,8,LFOO1550
Shadow Strider Boots of Virtue,FOOT\foot1_hawker_raid.txt,FOOT\foot2_hawker_raid.txt,9,151,695571,0,3,78,9617,232,579,,,,,53,,,140,20,,,,14,10,,23,120,75,0,128,33,100,,,,,8,LFOO1551
Shadow Strider Boots of Sharpness,FOOT\foot1_hawker_raid.txt,FOOT\foot2_hawker_raid.txt,9,151,695571,0,3,78,9617,232,579,,,,,53,,,140,20,,,,15,10,,23,120,75,0,128,33,100,,,,,8,LFOO1552
Judgement Shoes,FOOT\foot1_dealer_master.txt,FOOT\foot2_dealer_master.txt,,153,500022,0,3,77,9614,240,579,,,,,54,,,140,15,,,,151,1,,,,69,,112,21,90,0,,,,4,LFOO143
Judgement Shoes,FOOT\foot1_dealer_master.txt,FOOT\foot2_dealer_master.txt,,153,599584,0,3,77,9614,240,579,,,,,54,,,140,20,,,,151,1,,,,69,,120,29,90,0,,,,8,LFOO143
Wealthful Courtier's Shoes of Resilience,FOOT\foot1_dealer_raid.txt,FOOT\foot2_dealer_raid.txt,9,153,423220,0,3,76,9618,240,579,,,,,54,,,140,10,,,,10,5,,58,900,75,0,110,16,95,,,,,,LFOO1567
Wealthful Courtier's Shoes of Agility,FOOT\foot1_dealer_raid.txt,FOOT\foot2_dealer_raid.txt,9,153,423220,0,3,76,9618,240,579,,,,,54,,,140,10,,,,11,5,,58,900,75,0,110,16,95,,,,,,LFOO1568
Wealthful Courtier's Shoes of Faith,FOOT\foot1_dealer_raid.txt,FOOT\foot2_dealer_raid.txt,9,153,423220,0,3,76,9618,240,579,,,,,54,,,140,10,,,,12,5,,58,900,75,0,110,16,95,,,,,,LFOO1569
Wealthful Courtier's Shoes of Precision,FOOT\foot1_dealer_raid.txt,FOOT\foot2_dealer_raid.txt,9,153,423220,0,3,76,9618,240,579,,,,,54,,,140,10,,,,13,5,,58,900,75,0,110,16,95,,,,,,LFOO1570
Wealthful Courtier's Shoes of Virtue,FOOT\foot1_dealer_raid.txt,FOOT\foot2_dealer_raid.txt,9,153,423220,0,3,76,9618,240,579,,,,,54,,,140,10,,,,14,5,,58,900,75,0,110,16,95,,,,,,LFOO1571
Wealthful Courtier's Shoes of Sharpness,FOOT\foot1_dealer_raid.txt,FOOT\foot2_dealer_raid.txt,9,153,423220,0,3,76,9618,240,579,,,,,54,,,140,10,,,,15,5,,58,900,75,0,110,16,95,,,,,,LFOO1572
Wealthful Courtier's Shoes of Resilience,FOOT\foot1_dealer_raid.txt,FOOT\foot2_dealer_raid.txt,9,153,523365,0,3,76,9618,240,579,,,,,54,,,140,15,,,,10,7,,58,1200,75,0,118,24,95,,,,,4,LFOO1567
Wealthful Courtier's Shoes of Agility,FOOT\foot1_dealer_raid.txt,FOOT\foot2_dealer_raid.txt,9,153,523365,0,3,76,9618,240,579,,,,,54,,,140,15,,,,11,7,,58,1200,75,0,118,24,95,,,,,4,LFOO1568
Wealthful Courtier's Shoes of Faith,FOOT\foot1_dealer_raid.txt,FOOT\foot2_dealer_raid.txt,9,153,523365,0,3,76,9618,240,579,,,,,54,,,140,15,,,,12,7,,58,1200,75,0,118,24,95,,,,,4,LFOO1569
Wealthful Courtier's Shoes of Precision,FOOT\foot1_dealer_raid.txt,FOOT\foot2_dealer_raid.txt,9,153,523365,0,3,76,9618,240,579,,,,,54,,,140,15,,,,13,7,,58,1200,75,0,118,24,95,,,,,4,LFOO1570
Wealthful Courtier's Shoes of Virtue,FOOT\foot1_dealer_raid.txt,FOOT\foot2_dealer_raid.txt,9,153,523365,0,3,76,9618,240,579,,,,,54,,,140,15,,,,14,7,,58,1200,75,0,118,24,95,,,,,4,LFOO1571
Wealthful Courtier's Shoes of Sharpness,FOOT\foot1_dealer_raid.txt,FOOT\foot2_dealer_raid.txt,9,153,523365,0,3,76,9618,240,579,,,,,54,,,140,15,,,,15,7,,58,1200,75,0,118,24,95,,,,,4,LFOO1572
Wealthful Courtier's Shoes of Resilience,FOOT\foot1_dealer_raid.txt,FOOT\foot2_dealer_raid.txt,9,153,632554,0,3,76,9618,240,579,,,,,54,,,140,20,,,,10,10,,58,1500,75,0,126,32,95,,,,,8,LFOO1567
Wealthful Courtier's Shoes of Agility,FOOT\foot1_dealer_raid.txt,FOOT\foot2_dealer_raid.txt,9,153,632554,0,3,76,9618,240,579,,,,,54,,,140,20,,,,11,10,,58,1500,75,0,126,32,95,,,,,8,LFOO1568
Wealthful Courtier's Shoes of Faith,FOOT\foot1_dealer_raid.txt,FOOT\foot2_dealer_raid.txt,9,153,632554,0,3,76,9618,240,579,,,,,54,,,140,20,,,,12,10,,58,1500,75,0,126,32,95,,,,,8,LFOO1569
Wealthful Courtier's Shoes of Precision,FOOT\foot1_dealer_raid.txt,FOOT\foot2_dealer_raid.txt,9,153,632554,0,3,76,9618,240,579,,,,,54,,,140,20,,,,13,10,,58,1500,75,0,126,32,95,,,,,8,LFOO1570
Wealthful Courtier's Shoes of Virtue,FOOT\foot1_dealer_raid.txt,FOOT\foot2_dealer_raid.txt,9,153,632554,0,3,76,9618,240,579,,,,,54,,,140,20,,,,14,10,,58,1500,75,0,126,32,95,,,,,8,LFOO1571
Wealthful Courtier's Shoes of Sharpness,FOOT\foot1_dealer_raid.txt,FOOT\foot2_dealer_raid.txt,9,153,632554,0,3,76,9618,240,579,,,,,54,,,140,20,,,,15,10,,58,1500,75,0,126,32,95,,,,,8,LFOO1572
,,,,,,,,,,,,,,,,,,,,,,,,,,,,,,,,,,,,,,,
,,,,,,,,,,,,,,,,,,,,,,,,,,,,,,,,,,,,,,,
,,,,,,,,,,,,,,,,,,,,,,,,,,,,,,,,,,,,,,,
,,,,,,,,,,,,,,,,,,,,,,,,,,,,,,,,,,,,,,,
,,,,,,,,,,,,,,,,,,,,,,,,,,,,,,,,,,,,,,,
,,,,,,,,,,,,,,,,,,,,,,,,,,,,,,,,,,,,,,,
,,,,,,,,,,,,,,,,,,,,,,,,,,,,,,,,,,,,,,,
,,,,,,,,,,,,,,,,,,,,,,,,,,,,,,,,,,,,,,,
,,,,,,,,,,,,,,,,,,,,,,,,,,,,,,,,,,,,,,,
,,,,,,,,,,,,,,,,,,,,,,,,,,,,,,,,,,,,,,,
,,,,,,,,,,,,,,,,,,,,,,,,,,,,,,,,,,,,,,,
,,,,,,,,,,,,,,,,,,,,,,,,,,,,,,,,,,,,,,,
,,,,,,,,,,,,,,,,,,,,,,,,,,,,,,,,,,,,,,,
,,,,,,,,,,,,,,,,,,,,,,,,,,,,,,,,,,,,,,,
,,,,,,,,,,,,,,,,,,,,,,,,,,,,,,,,,,,,,,,
,,,,,,,,,,,,,,,,,,,,,,,,,,,,,,,,,,,,,,,
,,,,,,,,,,,,,,,,,,,,,,,,,,,,,,,,,,,,,,,
,,,,,,,,,,,,,,,,,,,,,,,,,,,,,,,,,,,,,,,
,,,,,,,,,,,,,,,,,,,,,,,,,,,,,,,,,,,,,,,
,,,,,,,,,,,,,,,,,,,,,,,,,,,,,,,,,,,,,,,
,,,,,,,,,,,,,,,,,,,,,,,,,,,,,,,,,,,,,,,
,,,,,,,,,,,,,,,,,,,,,,,,,,,,,,,,,,,,,,,
,,,,,,,,,,,,,,,,,,,,,,,,,,,,,,,,,,,,,,,
,,,,,,,,,,,,,,,,,,,,,,,,,,,,,,,,,,,,,,,
,,,,,,,,,,,,,,,,,,,,,,,,,,,,,,,,,,,,,,,
,,,,,,,,,,,,,,,,,,,,,,,,,,,,,,,,,,,,,,,
,,,,,,,,,,,,,,,,,,,,,,,,,,,,,,,,,,,,,,,
,,,,,,,,,,,,,,,,,,,,,,,,,,,,,,,,,,,,,,,
,,,,,,,,,,,,,,,,,,,,,,,,,,,,,,,,,,,,,,,
,,,,,,,,,,,,,,,,,,,,,,,,,,,,,,,,,,,,,,,
,,,,,,,,,,,,,,,,,,,,,,,,,,,,,,,,,,,,,,,
,,,,,,,,,,,,,,,,,,,,,,,,,,,,,,,,,,,,,,,
,,,,,,,,,,,,,,,,,,,,,,,,,,,,,,,,,,,,,,,
,,,,,,,,,,,,,,,,,,,,,,,,,,,,,,,,,,,,,,,
,,,,,,,,,,,,,,,,,,,,,,,,,,,,,,,,,,,,,,,
,,,,,,,,,,,,,,,,,,,,,,,,,,,,,,,,,,,,,,,
,,,,,,,,,,,,,,,,,,,,,,,,,,,,,,,,,,,,,,,
,,,,,,,,,,,,,,,,,,,,,,,,,,,,,,,,,,,,,,,
,,,,,,,,,,,,,,,,,,,,,,,,,,,,,,,,,,,,,,,
,,,,,,,,,,,,,,,,,,,,,,,,,,,,,,,,,,,,,,,
,,,,,,,,,,,,,,,,,,,,,,,,,,,,,,,,,,,,,,,
,,,,,,,,,,,,,,,,,,,,,,,,,,,,,,,,,,,,,,,
,,,,,,,,,,,,,,,,,,,,,,,,,,,,,,,,,,,,,,,
,,,,,,,,,,,,,,,,,,,,,,,,,,,,,,,,,,,,,,,
,,,,,,,,,,,,,,,,,,,,,,,,,,,,,,,,,,,,,,,
,,,,,,,,,,,,,,,,,,,,,,,,,,,,,,,,,,,,,,,
,,,,,,,,,,,,,,,,,,,,,,,,,,,,,,,,,,,,,,,
,,,,,,,,,,,,,,,,,,,,,,,,,,,,,,,,,,,,,,,
,,,,,,,,,,,,,,,,,,,,,,,,,,,,,,,,,,,,,,,
,,,,,,,,,,,,,,,,,,,,,,,,,,,,,,,,,,,,,,,
,,,,,,,,,,,,,,,,,,,,,,,,,,,,,,,,,,,,,,,
,,,,,,,,,,,,,,,,,,,,,,,,,,,,,,,,,,,,,,,
,,,,,,,,,,,,,,,,,,,,,,,,,,,,,,,,,,,,,,,
,,,,,,,,,,,,,,,,,,,,,,,,,,,,,,,,,,,,,,,
,,,,,,,,,,,,,,,,,,,,,,,,,,,,,,,,,,,,,,,
,,,,,,,,,,,,,,,,,,,,,,,,,,,,,,,,,,,,,,,
,,,,,,,,,,,,,,,,,,,,,,,,,,,,,,,,,,,,,,,
,,,,,,,,,,,,,,,,,,,,,,,,,,,,,,,,,,,,,,,
,,,,,,,,,,,,,,,,,,,,,,,,,,,,,,,,,,,,,,,
,,,,,,,,,,,,,,,,,,,,,,,,,,,,,,,,,,,,,,,
,,,,,,,,,,,,,,,,,,,,,,,,,,,,,,,,,,,,,,,
,,,,,,,,,,,,,,,,,,,,,,,,,,,,,,,,,,,,,,,
,,,,,,,,,,,,,,,,,,,,,,,,,,,,,,,,,,,,,,,
,,,,,,,,,,,,,,,,,,,,,,,,,,,,,,,,,,,,,,,
,,,,,,,,,,,,,,,,,,,,,,,,,,,,,,,,,,,,,,,
,,,,,,,,,,,,,,,,,,,,,,,,,,,,,,,,,,,,,,,
,,,,,,,,,,,,,,,,,,,,,,,,,,,,,,,,,,,,,,,
,,,,,,,,,,,,,,,,,,,,,,,,,,,,,,,,,,,,,,,
,,,,,,,,,,,,,,,,,,,,,,,,,,,,,,,,,,,,,,,
,,,,,,,,,,,,,,,,,,,,,,,,,,,,,,,,,,,,,,,
,,,,,,,,,,,,,,,,,,,,,,,,,,,,,,,,,,,,,,,
,,,,,,,,,,,,,,,,,,,,,,,,,,,,,,,,,,,,,,,
,,,,,,,,,,,,,,,,,,,,,,,,,,,,,,,,,,,,,,,
,,,,,,,,,,,,,,,,,,,,,,,,,,,,,,,,,,,,,,,
,,,,,,,,,,,,,,,,,,,,,,,,,,,,,,,,,,,,,,,
,,,,,,,,,,,,,,,,,,,,,,,,,,,,,,,,,,,,,,,
,,,,,,,,,,,,,,,,,,,,,,,,,,,,,,,,,,,,,,,
,,,,,,,,,,,,,,,,,,,,,,,,,,,,,,,,,,,,,,,
,,,,,,,,,,,,,,,,,,,,,,,,,,,,,,,,,,,,,,,
,,,,,,,,,,,,,,,,,,,,,,,,,,,,,,,,,,,,,,,
,,,,,,,,,,,,,,,,,,,,,,,,,,,,,,,,,,,,,,,
,,,,,,,,,,,,,,,,,,,,,,,,,,,,,,,,,,,,,,,
,,,,,,,,,,,,,,,,,,,,,,,,,,,,,,,,,,,,,,,
,,,,,,,,,,,,,,,,,,,,,,,,,,,,,,,,,,,,,,,
,,,,,,,,,,,,,,,,,,,,,,,,,,,,,,,,,,,,,,,
,,,,,,,,,,,,,,,,,,,,,,,,,,,,,,,,,,,,,,,
,,,,,,,,,,,,,,,,,,,,,,,,,,,,,,,,,,,,,,,
,,,,,,,,,,,,,,,,,,,,,,,,,,,,,,,,,,,,,,,
,,,,,,,,,,,,,,,,,,,,,,,,,,,,,,,,,,,,,,,
,,,,,,,,,,,,,,,,,,,,,,,,,,,,,,,,,,,,,,,
,,,,,,,,,,,,,,,,,,,,,,,,,,,,,,,,,,,,,,,
,,,,,,,,,,,,,,,,,,,,,,,,,,,,,,,,,,,,,,,
,,,,,,,,,,,,,,,,,,,,,,,,,,,,,,,,,,,,,,,
,,,,,,,,,,,,,,,,,,,,,,,,,,,,,,,,,,,,,,,
,,,,,,,,,,,,,,,,,,,,,,,,,,,,,,,,,,,,,,,
,,,,,,,,,,,,,,,,,,,,,,,,,,,,,,,,,,,,,,,
,,,,,,,,,,,,,,,,,,,,,,,,,,,,,,,,,,,,,,,
,,,,,,,,,,,,,,,,,,,,,,,,,,,,,,,,,,,,,,,
,,,,,,,,,,,,,,,,,,,,,,,,,,,,,,,,,,,,,,,
,,,,,,,,,,,,,,,,,,,,,,,,,,,,,,,,,,,,,,,
,,,,,,,,,,,,,,,,,,,,,,,,,,,,,,,,,,,,,,,
,,,,,,,,,,,,,,,,,,,,,,,,,,,,,,,,,,,,,,,
,,,,,,,,,,,,,,,,,,,,,,,,,,,,,,,,,,,,,,,
,,,,,,,,,,,,,,,,,,,,,,,,,,,,,,,,,,,,,,,
,,,,,,,,,,,,,,,,,,,,,,,,,,,,,,,,,,,,,,,
,,,,,,,,,,,,,,,,,,,,,,,,,,,,,,,,,,,,,,,
,,,,,,,,,,,,,,,,,,,,,,,,,,,,,,,,,,,,,,,
,,,,,,,,,,,,,,,,,,,,,,,,,,,,,,,,,,,,,,,
,,,,,,,,,,,,,,,,,,,,,,,,,,,,,,,,,,,,,,,
,,,,,,,,,,,,,,,,,,,,,,,,,,,,,,,,,,,,,,,
,,,,,,,,,,,,,,,,,,,,,,,,,,,,,,,,,,,,,,,
,,,,,,,,,,,,,,,,,,,,,,,,,,,,,,,,,,,,,,,
,,,,,,,,,,,,,,,,,,,,,,,,,,,,,,,,,,,,,,,
,,,,,,,,,,,,,,,,,,,,,,,,,,,,,,,,,,,,,,,
,,,,,,,,,,,,,,,,,,,,,,,,,,,,,,,,,,,,,,,
,,,,,,,,,,,,,,,,,,,,,,,,,,,,,,,,,,,,,,,
,,,,,,,,,,,,,,,,,,,,,,,,,,,,,,,,,,,,,,,
,,,,,,,,,,,,,,,,,,,,,,,,,,,,,,,,,,,,,,,
,,,,,,,,,,,,,,,,,,,,,,,,,,,,,,,,,,,,,,,
,,,,,,,,,,,,,,,,,,,,,,,,,,,,,,,,,,,,,,,
,,,,,,,,,,,,,,,,,,,,,,,,,,,,,,,,,,,,,,,
,,,,,,,,,,,,,,,,,,,,,,,,,,,,,,,,,,,,,,,
,,,,,,,,,,,,,,,,,,,,,,,,,,,,,,,,,,,,,,,
,,,,,,,,,,,,,,,,,,,,,,,,,,,,,,,,,,,,,,,
,,,,,,,,,,,,,,,,,,,,,,,,,,,,,,,,,,,,,,,
,,,,,,,,,,,,,,,,,,,,,,,,,,,,,,,,,,,,,,,
,,,,,,,,,,,,,,,,,,,,,,,,,,,,,,,,,,,,,,,
,,,,,,,,,,,,,,,,,,,,,,,,,,,,,,,,,,,,,,,
,,,,,,,,,,,,,,,,,,,,,,,,,,,,,,,,,,,,,,,
,,,,,,,,,,,,,,,,,,,,,,,,,,,,,,,,,,,,,,,
,,,,,,,,,,,,,,,,,,,,,,,,,,,,,,,,,,,,,,,
,,,,,,,,,,,,,,,,,,,,,,,,,,,,,,,,,,,,,,,
,,,,,,,,,,,,,,,,,,,,,,,,,,,,,,,,,,,,,,,
,,,,,,,,,,,,,,,,,,,,,,,,,,,,,,,,,,,,,,,
,,,,,,,,,,,,,,,,,,,,,,,,,,,,,,,,,,,,,,,
,,,,,,,,,,,,,,,,,,,,,,,,,,,,,,,,,,,,,,,
,,,,,,,,,,,,,,,,,,,,,,,,,,,,,,,,,,,,,,,
,,,,,,,,,,,,,,,,,,,,,,,,,,,,,,,,,,,,,,,
,,,,,,,,,,,,,,,,,,,,,,,,,,,,,,,,,,,,,,,
,,,,,,,,,,,,,,,,,,,,,,,,,,,,,,,,,,,,,,,
,,,,,,,,,,,,,,,,,,,,,,,,,,,,,,,,,,,,,,,
,,,,,,,,,,,,,,,,,,,,,,,,,,,,,,,,,,,,,,,
,,,,,,,,,,,,,,,,,,,,,,,,,,,,,,,,,,,,,,,
,,,,,,,,,,,,,,,,,,,,,,,,,,,,,,,,,,,,,,,
,,,,,,,,,,,,,,,,,,,,,,,,,,,,,,,,,,,,,,,
,,,,,,,,,,,,,,,,,,,,,,,,,,,,,,,,,,,,,,,
,,,,,,,,,,,,,,,,,,,,,,,,,,,,,,,,,,,,,,,
,,,,,,,,,,,,,,,,,,,,,,,,,,,,,,,,,,,,,,,
,,,,,,,,,,,,,,,,,,,,,,,,,,,,,,,,,,,,,,,
,,,,,,,,,,,,,,,,,,,,,,,,,,,,,,,,,,,,,,,
,,,,,,,,,,,,,,,,,,,,,,,,,,,,,,,,,,,,,,,
,,,,,,,,,,,,,,,,,,,,,,,,,,,,,,,,,,,,,,,
,,,,,,,,,,,,,,,,,,,,,,,,,,,,,,,,,,,,,,,
,,,,,,,,,,,,,,,,,,,,,,,,,,,,,,,,,,,,,,,
,,,,,,,,,,,,,,,,,,,,,,,,,,,,,,,,,,,,,,,
,,,,,,,,,,,,,,,,,,,,,,,,,,,,,,,,,,,,,,,
,,,,,,,,,,,,,,,,,,,,,,,,,,,,,,,,,,,,,,,
,,,,,,,,,,,,,,,,,,,,,,,,,,,,,,,,,,,,,,,
,,,,,,,,,,,,,,,,,,,,,,,,,,,,,,,,,,,,,,,
,,,,,,,,,,,,,,,,,,,,,,,,,,,,,,,,,,,,,,,
,,,,,,,,,,,,,,,,,,,,,,,,,,,,,,,,,,,,,,,
,,,,,,,,,,,,,,,,,,,,,,,,,,,,,,,,,,,,,,,
,,,,,,,,,,,,,,,,,,,,,,,,,,,,,,,,,,,,,,,
,,,,,,,,,,,,,,,,,,,,,,,,,,,,,,,,,,,,,,,
,,,,,,,,,,,,,,,,,,,,,,,,,,,,,,,,,,,,,,,
,,,,,,,,,,,,,,,,,,,,,,,,,,,,,,,,,,,,,,,
,,,,,,,,,,,,,,,,,,,,,,,,,,,,,,,,,,,,,,,
,,,,,,,,,,,,,,,,,,,,,,,,,,,,,,,,,,,,,,,
,,,,,,,,,,,,,,,,,,,,,,,,,,,,,,,,,,,,,,,
,,,,,,,,,,,,,,,,,,,,,,,,,,,,,,,,,,,,,,,
,,,,,,,,,,,,,,,,,,,,,,,,,,,,,,,,,,,,,,,
,,,,,,,,,,,,,,,,,,,,,,,,,,,,,,,,,,,,,,,
,,,,,,,,,,,,,,,,,,,,,,,,,,,,,,,,,,,,,,,
,,,,,,,,,,,,,,,,,,,,,,,,,,,,,,,,,,,,,,,
,,,,,,,,,,,,,,,,,,,,,,,,,,,,,,,,,,,,,,,
,,,,,,,,,,,,,,,,,,,,,,,,,,,,,,,,,,,,,,,
,,,,,,,,,,,,,,,,,,,,,,,,,,,,,,,,,,,,,,,
,,,,,,,,,,,,,,,,,,,,,,,,,,,,,,,,,,,,,,,
,,,,,,,,,,,,,,,,,,,,,,,,,,,,,,,,,,,,,,,
,,,,,,,,,,,,,,,,,,,,,,,,,,,,,,,,,,,,,,,
,,,,,,,,,,,,,,,,,,,,,,,,,,,,,,,,,,,,,,,
,,,,,,,,,,,,,,,,,,,,,,,,,,,,,,,,,,,,,,,
,,,,,,,,,,,,,,,,,,,,,,,,,,,,,,,,,,,,,,,
,,,,,,,,,,,,,,,,,,,,,,,,,,,,,,,,,,,,,,,
,,,,,,,,,,,,,,,,,,,,,,,,,,,,,,,,,,,,,,,
,,,,,,,,,,,,,,,,,,,,,,,,,,,,,,,,,,,,,,,
,,,,,,,,,,,,,,,,,,,,,,,,,,,,,,,,,,,,,,,
,,,,,,,,,,,,,,,,,,,,,,,,,,,,,,,,,,,,,,,
,,,,,,,,,,,,,,,,,,,,,,,,,,,,,,,,,,,,,,,
,,,,,,,,,,,,,,,,,,,,,,,,,,,,,,,,,,,,,,,
,,,,,,,,,,,,,,,,,,,,,,,,,,,,,,,,,,,,,,,
,,,,,,,,,,,,,,,,,,,,,,,,,,,,,,,,,,,,,,,
,,,,,,,,,,,,,,,,,,,,,,,,,,,,,,,,,,,,,,,
,,,,,,,,,,,,,,,,,,,,,,,,,,,,,,,,,,,,,,,
,,,,,,,,,,,,,,,,,,,,,,,,,,,,,,,,,,,,,,,
,,,,,,,,,,,,,,,,,,,,,,,,,,,,,,,,,,,,,,,
,,,,,,,,,,,,,,,,,,,,,,,,,,,,,,,,,,,,,,,
,,,,,,,,,,,,,,,,,,,,,,,,,,,,,,,,,,,,,,,
,,,,,,,,,,,,,,,,,,,,,,,,,,,,,,,,,,,,,,,
,,,,,,,,,,,,,,,,,,,,,,,,,,,,,,,,,,,,,,,
,,,,,,,,,,,,,,,,,,,,,,,,,,,,,,,,,,,,,,,
,,,,,,,,,,,,,,,,,,,,,,,,,,,,,,,,,,,,,,,
,,,,,,,,,,,,,,,,,,,,,,,,,,,,,,,,,,,,,,,
,,,,,,,,,,,,,,,,,,,,,,,,,,,,,,,,,,,,,,,
,,,,,,,,,,,,,,,,,,,,,,,,,,,,,,,,,,,,,,,
,,,,,,,,,,,,,,,,,,,,,,,,,,,,,,,,,,,,,,,
,,,,,,,,,,,,,,,,,,,,,,,,,,,,,,,,,,,,,,,
,,,,,,,,,,,,,,,,,,,,,,,,,,,,,,,,,,,,,,,
,,,,,,,,,,,,,,,,,,,,,,,,,,,,,,,,,,,,,,,
,,,,,,,,,,,,,,,,,,,,,,,,,,,,,,,,,,,,,,,
,,,,,,,,,,,,,,,,,,,,,,,,,,,,,,,,,,,,,,,
,,,,,,,,,,,,,,,,,,,,,,,,,,,,,,,,,,,,,,,
,,,,,,,,,,,,,,,,,,,,,,,,,,,,,,,,,,,,,,,
,,,,,,,,,,,,,,,,,,,,,,,,,,,,,,,,,,,,,,,
,,,,,,,,,,,,,,,,,,,,,,,,,,,,,,,,,,,,,,,
,,,,,,,,,,,,,,,,,,,,,,,,,,,,,,,,,,,,,,,
,,,,,,,,,,,,,,,,,,,,,,,,,,,,,,,,,,,,,,,
,,,,,,,,,,,,,,,,,,,,,,,,,,,,,,,,,,,,,,,
,,,,,,,,,,,,,,,,,,,,,,,,,,,,,,,,,,,,,,,
,,,,,,,,,,,,,,,,,,,,,,,,,,,,,,,,,,,,,,,
,,,,,,,,,,,,,,,,,,,,,,,,,,,,,,,,,,,,,,,
,,,,,,,,,,,,,,,,,,,,,,,,,,,,,,,,,,,,,,,
,,,,,,,,,,,,,,,,,,,,,,,,,,,,,,,,,,,,,,,
,,,,,,,,,,,,,,,,,,,,,,,,,,,,,,,,,,,,,,,
,,,,,,,,,,,,,,,,,,,,,,,,,,,,,,,,,,,,,,,
,,,,,,,,,,,,,,,,,,,,,,,,,,,,,,,,,,,,,,,
,,,,,,,,,,,,,,,,,,,,,,,,,,,,,,,,,,,,,,,
,,,,,,,,,,,,,,,,,,,,,,,,,,,,,,,,,,,,,,,
,,,,,,,,,,,,,,,,,,,,,,,,,,,,,,,,,,,,,,,
,,,,,,,,,,,,,,,,,,,,,,,,,,,,,,,,,,,,,,,
,,,,,,,,,,,,,,,,,,,,,,,,,,,,,,,,,,,,,,,
,,,,,,,,,,,,,,,,,,,,,,,,,,,,,,,,,,,,,,,
,,,,,,,,,,,,,,,,,,,,,,,,,,,,,,,,,,,,,,,
,,,,,,,,,,,,,,,,,,,,,,,,,,,,,,,,,,,,,,,
,,,,,,,,,,,,,,,,,,,,,,,,,,,,,,,,,,,,,,,
,,,,,,,,,,,,,,,,,,,,,,,,,,,,,,,,,,,,,,,
,,,,,,,,,,,,,,,,,,,,,,,,,,,,,,,,,,,,,,,
,,,,,,,,,,,,,,,,,,,,,,,,,,,,,,,,,,,,,,,
,,,,,,,,,,,,,,,,,,,,,,,,,,,,,,,,,,,,,,,
,,,,,,,,,,,,,,,,,,,,,,,,,,,,,,,,,,,,,,,
,,,,,,,,,,,,,,,,,,,,,,,,,,,,,,,,,,,,,,,
,,,,,,,,,,,,,,,,,,,,,,,,,,,,,,,,,,,,,,,
,,,,,,,,,,,,,,,,,,,,,,,,,,,,,,,,,,,,,,,
,,,,,,,,,,,,,,,,,,,,,,,,,,,,,,,,,,,,,,,
,,,,,,,,,,,,,,,,,,,,,,,,,,,,,,,,,,,,,,,
,,,,,,,,,,,,,,,,,,,,,,,,,,,,,,,,,,,,,,,
,,,,,,,,,,,,,,,,,,,,,,,,,,,,,,,,,,,,,,,
,,,,,,,,,,,,,,,,,,,,,,,,,,,,,,,,,,,,,,,
,,,,,,,,,,,,,,,,,,,,,,,,,,,,,,,,,,,,,,,
,,,,,,,,,,,,,,,,,,,,,,,,,,,,,,,,,,,,,,,
,,,,,,,,,,,,,,,,,,,,,,,,,,,,,,,,,,,,,,,
,,,,,,,,,,,,,,,,,,,,,,,,,,,,,,,,,,,,,,,
,,,,,,,,,,,,,,,,,,,,,,,,,,,,,,,,,,,,,,,
,,,,,,,,,,,,,,,,,,,,,,,,,,,,,,,,,,,,,,,
,,,,,,,,,,,,,,,,,,,,,,,,,,,,,,,,,,,,,,,
,,,,,,,,,,,,,,,,,,,,,,,,,,,,,,,,,,,,,,,
,,,,,,,,,,,,,,,,,,,,,,,,,,,,,,,,,,,,,,,
,,,,,,,,,,,,,,,,,,,,,,,,,,,,,,,,,,,,,,,
,,,,,,,,,,,,,,,,,,,,,,,,,,,,,,,,,,,,,,,
,,,,,,,,,,,,,,,,,,,,,,,,,,,,,,,,,,,,,,,
,,,,,,,,,,,,,,,,,,,,,,,,,,,,,,,,,,,,,,,
,,,,,,,,,,,,,,,,,,,,,,,,,,,,,,,,,,,,,,,
,,,,,,,,,,,,,,,,,,,,,,,,,,,,,,,,,,,,,,,
,,,,,,,,,,,,,,,,,,,,,,,,,,,,,,,,,,,,,,,
,,,,,,,,,,,,,,,,,,,,,,,,,,,,,,,,,,,,,,,
,,,,,,,,,,,,,,,,,,,,,,,,,,,,,,,,,,,,,,,
,,,,,,,,,,,,,,,,,,,,,,,,,,,,,,,,,,,,,,,
,,,,,,,,,,,,,,,,,,,,,,,,,,,,,,,,,,,,,,,
,,,,,,,,,,,,,,,,,,,,,,,,,,,,,,,,,,,,,,,
,,,,,,,,,,,,,,,,,,,,,,,,,,,,,,,,,,,,,,,
,,,,,,,,,,,,,,,,,,,,,,,,,,,,,,,,,,,,,,,
,,,,,,,,,,,,,,,,,,,,,,,,,,,,,,,,,,,,,,,
,,,,,,,,,,,,,,,,,,,,,,,,,,,,,,,,,,,,,,,
,,,,,,,,,,,,,,,,,,,,,,,,,,,,,,,,,,,,,,,
,,,,,,,,,,,,,,,,,,,,,,,,,,,,,,,,,,,,,,,
,,,,,,,,,,,,,,,,,,,,,,,,,,,,,,,,,,,,,,,
,,,,,,,,,,,,,,,,,,,,,,,,,,,,,,,,,,,,,,,
,,,,,,,,,,,,,,,,,,,,,,,,,,,,,,,,,,,,,,,
,,,,,,,,,,,,,,,,,,,,,,,,,,,,,,,,,,,,,,,
,,,,,,,,,,,,,,,,,,,,,,,,,,,,,,,,,,,,,,,
,,,,,,,,,,,,,,,,,,,,,,,,,,,,,,,,,,,,,,,
,,,,,,,,,,,,,,,,,,,,,,,,,,,,,,,,,,,,,,,
,,,,,,,,,,,,,,,,,,,,,,,,,,,,,,,,,,,,,,,
,,,,,,,,,,,,,,,,,,,,,,,,,,,,,,,,,,,,,,,
,,,,,,,,,,,,,,,,,,,,,,,,,,,,,,,,,,,,,,,
,,,,,,,,,,,,,,,,,,,,,,,,,,,,,,,,,,,,,,,
,,,,,,,,,,,,,,,,,,,,,,,,,,,,,,,,,,,,,,,
,,,,,,,,,,,,,,,,,,,,,,,,,,,,,,,,,,,,,,,
,,,,,,,,,,,,,,,,,,,,,,,,,,,,,,,,,,,,,,,
,,,,,,,,,,,,,,,,,,,,,,,,,,,,,,,,,,,,,,,
,,,,,,,,,,,,,,,,,,,,,,,,,,,,,,,,,,,,,,,
,,,,,,,,,,,,,,,,,,,,,,,,,,,,,,,,,,,,,,,
,,,,,,,,,,,,,,,,,,,,,,,,,,,,,,,,,,,,,,,
,,,,,,,,,,,,,,,,,,,,,,,,,,,,,,,,,,,,,,,
,,,,,,,,,,,,,,,,,,,,,,,,,,,,,,,,,,,,,,,
,,,,,,,,,,,,,,,,,,,,,,,,,,,,,,,,,,,,,,,
,,,,,,,,,,,,,,,,,,,,,,,,,,,,,,,,,,,,,,,
,,,,,,,,,,,,,,,,,,,,,,,,,,,,,,,,,,,,,,,
,,,,,,,,,,,,,,,,,,,,,,,,,,,,,,,,,,,,,,,
,,,,,,,,,,,,,,,,,,,,,,,,,,,,,,,,,,,,,,,
,,,,,,,,,,,,,,,,,,,,,,,,,,,,,,,,,,,,,,,
,,,,,,,,,,,,,,,,,,,,,,,,,,,,,,,,,,,,,,,
,,,,,,,,,,,,,,,,,,,,,,,,,,,,,,,,,,,,,,,
,,,,,,,,,,,,,,,,,,,,,,,,,,,,,,,,,,,,,,,
,,,,,,,,,,,,,,,,,,,,,,,,,,,,,,,,,,,,,,,
,,,,,,,,,,,,,,,,,,,,,,,,,,,,,,,,,,,,,,,
,,,,,,,,,,,,,,,,,,,,,,,,,,,,,,,,,,,,,,,
,,,,,,,,,,,,,,,,,,,,,,,,,,,,,,,,,,,,,,,
,,,,,,,,,,,,,,,,,,,,,,,,,,,,,,,,,,,,,,,
,,,,,,,,,,,,,,,,,,,,,,,,,,,,,,,,,,,,,,,
,,,,,,,,,,,,,,,,,,,,,,,,,,,,,,,,,,,,,,,
,,,,,,,,,,,,,,,,,,,,,,,,,,,,,,,,,,,,,,,
,,,,,,,,,,,,,,,,,,,,,,,,,,,,,,,,,,,,,,,
,,,,,,,,,,,,,,,,,,,,,,,,,,,,,,,,,,,,,,,
,,,,,,,,,,,,,,,,,,,,,,,,,,,,,,,,,,,,,,,
,,,,,,,,,,,,,,,,,,,,,,,,,,,,,,,,,,,,,,,
,,,,,,,,,,,,,,,,,,,,,,,,,,,,,,,,,,,,,,,
,,,,,,,,,,,,,,,,,,,,,,,,,,,,,,,,,,,,,,,
,,,,,,,,,,,,,,,,,,,,,,,,,,,,,,,,,,,,,,,
,,,,,,,,,,,,,,,,,,,,,,,,,,,,,,,,,,,,,,,
,,,,,,,,,,,,,,,,,,,,,,,,,,,,,,,,,,,,,,,
,,,,,,,,,,,,,,,,,,,,,,,,,,,,,,,,,,,,,,,
,,,,,,,,,,,,,,,,,,,,,,,,,,,,,,,,,,,,,,,
,,,,,,,,,,,,,,,,,,,,,,,,,,,,,,,,,,,,,,,
,,,,,,,,,,,,,,,,,,,,,,,,,,,,,,,,,,,,,,,
,,,,,,,,,,,,,,,,,,,,,,,,,,,,,,,,,,,,,,,
,,,,,,,,,,,,,,,,,,,,,,,,,,,,,,,,,,,,,,,
,,,,,,,,,,,,,,,,,,,,,,,,,,,,,,,,,,,,,,,
,,,,,,,,,,,,,,,,,,,,,,,,,,,,,,,,,,,,,,,
,,,,,,,,,,,,,,,,,,,,,,,,,,,,,,,,,,,,,,,
,,,,,,,,,,,,,,,,,,,,,,,,,,,,,,,,,,,,,,,
,,,,,,,,,,,,,,,,,,,,,,,,,,,,,,,,,,,,,,,
,,,,,,,,,,,,,,,,,,,,,,,,,,,,,,,,,,,,,,,
,,,,,,,,,,,,,,,,,,,,,,,,,,,,,,,,,,,,,,,
,,,,,,,,,,,,,,,,,,,,,,,,,,,,,,,,,,,,,,,
,,,,,,,,,,,,,,,,,,,,,,,,,,,,,,,,,,,,,,,
,,,,,,,,,,,,,,,,,,,,,,,,,,,,,,,,,,,,,,,
,,,,,,,,,,,,,,,,,,,,,,,,,,,,,,,,,,,,,,,
,,,,,,,,,,,,,,,,,,,,,,,,,,,,,,,,,,,,,,,
,,,,,,,,,,,,,,,,,,,,,,,,,,,,,,,,,,,,,,,
,,,,,,,,,,,,,,,,,,,,,,,,,,,,,,,,,,,,,,,
,,,,,,,,,,,,,,,,,,,,,,,,,,,,,,,,,,,,,,,
,,,,,,,,,,,,,,,,,,,,,,,,,,,,,,,,,,,,,,,
,,,,,,,,,,,,,,,,,,,,,,,,,,,,,,,,,,,,,,,
,,,,,,,,,,,,,,,,,,,,,,,,,,,,,,,,,,,,,,,
,,,,,,,,,,,,,,,,,,,,,,,,,,,,,,,,,,,,,,,
,,,,,,,,,,,,,,,,,,,,,,,,,,,,,,,,,,,,,,,
,,,,,,,,,,,,,,,,,,,,,,,,,,,,,,,,,,,,,,,
,,,,,,,,,,,,,,,,,,,,,,,,,,,,,,,,,,,,,,,
,,,,,,,,,,,,,,,,,,,,,,,,,,,,,,,,,,,,,,,
,,,,,,,,,,,,,,,,,,,,,,,,,,,,,,,,,,,,,,,
,,,,,,,,,,,,,,,,,,,,,,,,,,,,,,,,,,,,,,,
,,,,,,,,,,,,,,,,,,,,,,,,,,,,,,,,,,,,,,,
,,,,,,,,,,,,,,,,,,,,,,,,,,,,,,,,,,,,,,,
,,,,,,,,,,,,,,,,,,,,,,,,,,,,,,,,,,,,,,,
,,,,,,,,,,,,,,,,,,,,,,,,,,,,,,,,,,,,,,,
,,,,,,,,,,,,,,,,,,,,,,,,,,,,,,,,,,,,,,,
,,,,,,,,,,,,,,,,,,,,,,,,,,,,,,,,,,,,,,,
,,,,,,,,,,,,,,,,,,,,,,,,,,,,,,,,,,,,,,,
,,,,,,,,,,,,,,,,,,,,,,,,,,,,,,,,,,,,,,,
,,,,,,,,,,,,,,,,,,,,,,,,,,,,,,,,,,,,,,,
,,,,,,,,,,,,,,,,,,,,,,,,,,,,,,,,,,,,,,,
,,,,,,,,,,,,,,,,,,,,,,,,,,,,,,,,,,,,,,,
,,,,,,,,,,,,,,,,,,,,,,,,,,,,,,,,,,,,,,,
,,,,,,,,,,,,,,,,,,,,,,,,,,,,,,,,,,,,,,,
,,,,,,,,,,,,,,,,,,,,,,,,,,,,,,,,,,,,,,,
,,,,,,,,,,,,,,,,,,,,,,,,,,,,,,,,,,,,,,,
,,,,,,,,,,,,,,,,,,,,,,,,,,,,,,,,,,,,,,,
,,,,,,,,,,,,,,,,,,,,,,,,,,,,,,,,,,,,,,,
,,,,,,,,,,,,,,,,,,,,,,,,,,,,,,,,,,,,,,,
,,,,,,,,,,,,,,,,,,,,,,,,,,,,,,,,,,,,,,,
,,,,,,,,,,,,,,,,,,,,,,,,,,,,,,,,,,,,,,,
,,,,,,,,,,,,,,,,,,,,,,,,,,,,,,,,,,,,,,,
,,,,,,,,,,,,,,,,,,,,,,,,,,,,,,,,,,,,,,,
,,,,,,,,,,,,,,,,,,,,,,,,,,,,,,,,,,,,,,,
,,,,,,,,,,,,,,,,,,,,,,,,,,,,,,,,,,,,,,,
,,,,,,,,,,,,,,,,,,,,,,,,,,,,,,,,,,,,,,,
,,,,,,,,,,,,,,,,,,,,,,,,,,,,,,,,,,,,,,,
,,,,,,,,,,,,,,,,,,,,,,,,,,,,,,,,,,,,,,,
,,,,,,,,,,,,,,,,,,,,,,,,,,,,,,,,,,,,,,,
,,,,,,,,,,,,,,,,,,,,,,,,,,,,,,,,,,,,,,,
,,,,,,,,,,,,,,,,,,,,,,,,,,,,,,,,,,,,,,,
,,,,,,,,,,,,,,,,,,,,,,,,,,,,,,,,,,,,,,,
,,,,,,,,,,,,,,,,,,,,,,,,,,,,,,,,,,,,,,,
,,,,,,,,,,,,,,,,,,,,,,,,,,,,,,,,,,,,,,,
,,,,,,,,,,,,,,,,,,,,,,,,,,,,,,,,,,,,,,,
,,,,,,,,,,,,,,,,,,,,,,,,,,,,,,,,,,,,,,,
,,,,,,,,,,,,,,,,,,,,,,,,,,,,,,,,,,,,,,,
,,,,,,,,,,,,,,,,,,,,,,,,,,,,,,,,,,,,,,,
,,,,,,,,,,,,,,,,,,,,,,,,,,,,,,,,,,,,,,,
,,,,,,,,,,,,,,,,,,,,,,,,,,,,,,,,,,,,,,,
,,,,,,,,,,,,,,,,,,,,,,,,,,,,,,,,,,,,,,,
,,,,,,,,,,,,,,,,,,,,,,,,,,,,,,,,,,,,,,,
,,,,,,,,,,,,,,,,,,,,,,,,,,,,,,,,,,,,,,,
,,,,,,,,,,,,,,,,,,,,,,,,,,,,,,,,,,,,,,,
,,,,,,,,,,,,,,,,,,,,,,,,,,,,,,,,,,,,,,,
,,,,,,,,,,,,,,,,,,,,,,,,,,,,,,,,,,,,,,,
,,,,,,,,,,,,,,,,,,,,,,,,,,,,,,,,,,,,,,,
,,,,,,,,,,,,,,,,,,,,,,,,,,,,,,,,,,,,,,,
,,,,,,,,,,,,,,,,,,,,,,,,,,,,,,,,,,,,,,,
,,,,,,,,,,,,,,,,,,,,,,,,,,,,,,,,,,,,,,,
,,,,,,,,,,,,,,,,,,,,,,,,,,,,,,,,,,,,,,,
,,,,,,,,,,,,,,,,,,,,,,,,,,,,,,,,,,,,,,,
,,,,,,,,,,,,,,,,,,,,,,,,,,,,,,,,,,,,,,,
,,,,,,,,,,,,,,,,,,,,,,,,,,,,,,,,,,,,,,,
,,,,,,,,,,,,,,,,,,,,,,,,,,,,,,,,,,,,,,,
,,,,,,,,,,,,,,,,,,,,,,,,,,,,,,,,,,,,,,,
,,,,,,,,,,,,,,,,,,,,,,,,,,,,,,,,,,,,,,,
,,,,,,,,,,,,,,,,,,,,,,,,,,,,,,,,,,,,,,,
,,,,,,,,,,,,,,,,,,,,,,,,,,,,,,,,,,,,,,,
,,,,,,,,,,,,,,,,,,,,,,,,,,,,,,,,,,,,,,,
,,,,,,,,,,,,,,,,,,,,,,,,,,,,,,,,,,,,,,,
,,,,,,,,,,,,,,,,,,,,,,,,,,,,,,,,,,,,,,,
,,,,,,,,,,,,,,,,,,,,,,,,,,,,,,,,,,,,,,,
,,,,,,,,,,,,,,,,,,,,,,,,,,,,,,,,,,,,,,,
,,,,,,,,,,,,,,,,,,,,,,,,,,,,,,,,,,,,,,,
,,,,,,,,,,,,,,,,,,,,,,,,,,,,,,,,,,,,,,,
,,,,,,,,,,,,,,,,,,,,,,,,,,,,,,,,,,,,,,,
,,,,,,,,,,,,,,,,,,,,,,,,,,,,,,,,,,,,,,,
,,,,,,,,,,,,,,,,,,,,,,,,,,,,,,,,,,,,,,,
,,,,,,,,,,,,,,,,,,,,,,,,,,,,,,,,,,,,,,,
,,,,,,,,,,,,,,,,,,,,,,,,,,,,,,,,,,,,,,,
,,,,,,,,,,,,,,,,,,,,,,,,,,,,,,,,,,,,,,,
,,,,,,,,,,,,,,,,,,,,,,,,,,,,,,,,,,,,,,,
,,,,,,,,,,,,,,,,,,,,,,,,,,,,,,,,,,,,,,,
,,,,,,,,,,,,,,,,,,,,,,,,,,,,,,,,,,,,,,,
,,,,,,,,,,,,,,,,,,,,,,,,,,,,,,,,,,,,,,,
,,,,,,,,,,,,,,,,,,,,,,,,,,,,,,,,,,,,,,,
,,,,,,,,,,,,,,,,,,,,,,,,,,,,,,,,,,,,,,,
,,,,,,,,,,,,,,,,,,,,,,,,,,,,,,,,,,,,,,,
,,,,,,,,,,,,,,,,,,,,,,,,,,,,,,,,,,,,,,,
,,,,,,,,,,,,,,,,,,,,,,,,,,,,,,,,,,,,,,,
,,,,,,,,,,,,,,,,,,,,,,,,,,,,,,,,,,,,,,,
,,,,,,,,,,,,,,,,,,,,,,,,,,,,,,,,,,,,,,,
,,,,,,,,,,,,,,,,,,,,,,,,,,,,,,,,,,,,,,,
,,,,,,,,,,,,,,,,,,,,,,,,,,,,,,,,,,,,,,,
,,,,,,,,,,,,,,,,,,,,,,,,,,,,,,,,,,,,,,,
,,,,,,,,,,,,,,,,,,,,,,,,,,,,,,,,,,,,,,,
,,,,,,,,,,,,,,,,,,,,,,,,,,,,,,,,,,,,,,,
,,,,,,,,,,,,,,,,,,,,,,,,,,,,,,,,,,,,,,,
,,,,,,,,,,,,,,,,,,,,,,,,,,,,,,,,,,,,,,,
,,,,,,,,,,,,,,,,,,,,,,,,,,,,,,,,,,,,,,,
,,,,,,,,,,,,,,,,,,,,,,,,,,,,,,,,,,,,,,,
,,,,,,,,,,,,,,,,,,,,,,,,,,,,,,,,,,,,,,,
,,,,,,,,,,,,,,,,,,,,,,,,,,,,,,,,,,,,,,,
,,,,,,,,,,,,,,,,,,,,,,,,,,,,,,,,,,,,,,,
,,,,,,,,,,,,,,,,,,,,,,,,,,,,,,,,,,,,,,,
,,,,,,,,,,,,,,,,,,,,,,,,,,,,,,,,,,,,,,,
,,,,,,,,,,,,,,,,,,,,,,,,,,,,,,,,,,,,,,,
,,,,,,,,,,,,,,,,,,,,,,,,,,,,,,,,,,,,,,,
,,,,,,,,,,,,,,,,,,,,,,,,,,,,,,,,,,,,,,,
,,,,,,,,,,,,,,,,,,,,,,,,,,,,,,,,,,,,,,,
,,,,,,,,,,,,,,,,,,,,,,,,,,,,,,,,,,,,,,,
,,,,,,,,,,,,,,,,,,,,,,,,,,,,,,,,,,,,,,,
,,,,,,,,,,,,,,,,,,,,,,,,,,,,,,,,,,,,,,,
,,,,,,,,,,,,,,,,,,,,,,,,,,,,,,,,,,,,,,,
,,,,,,,,,,,,,,,,,,,,,,,,,,,,,,,,,,,,,,,
,,,,,,,,,,,,,,,,,,,,,,,,,,,,,,,,,,,,,,,
,,,,,,,,,,,,,,,,,,,,,,,,,,,,,,,,,,,,,,,
,,,,,,,,,,,,,,,,,,,,,,,,,,,,,,,,,,,,,,,
,,,,,,,,,,,,,,,,,,,,,,,,,,,,,,,,,,,,,,,
,,,,,,,,,,,,,,,,,,,,,,,,,,,,,,,,,,,,,,,
,,,,,,,,,,,,,,,,,,,,,,,,,,,,,,,,,,,,,,,
,,,,,,,,,,,,,,,,,,,,,,,,,,,,,,,,,,,,,,,
,,,,,,,,,,,,,,,,,,,,,,,,,,,,,,,,,,,,,,,
,,,,,,,,,,,,,,,,,,,,,,,,,,,,,,,,,,,,,,,
,,,,,,,,,,,,,,,,,,,,,,,,,,,,,,,,,,,,,,,
,,,,,,,,,,,,,,,,,,,,,,,,,,,,,,,,,,,,,,,
,,,,,,,,,,,,,,,,,,,,,,,,,,,,,,,,,,,,,,,
,,,,,,,,,,,,,,,,,,,,,,,,,,,,,,,,,,,,,,,
,,,,,,,,,,,,,,,,,,,,,,,,,,,,,,,,,,,,,,,
,,,,,,,,,,,,,,,,,,,,,,,,,,,,,,,,,,,,,,,
,,,,,,,,,,,,,,,,,,,,,,,,,,,,,,,,,,,,,,,
,,,,,,,,,,,,,,,,,,,,,,,,,,,,,,,,,,,,,,,
,,,,,,,,,,,,,,,,,,,,,,,,,,,,,,,,,,,,,,,
,,,,,,,,,,,,,,,,,,,,,,,,,,,,,,,,,,,,,,,
,,,,,,,,,,,,,,,,,,,,,,,,,,,,,,,,,,,,,,,
,,,,,,,,,,,,,,,,,,,,,,,,,,,,,,,,,,,,,,,
,,,,,,,,,,,,,,,,,,,,,,,,,,,,,,,,,,,,,,,
,,,,,,,,,,,,,,,,,,,,,,,,,,,,,,,,,,,,,,,
,,,,,,,,,,,,,,,,,,,,,,,,,,,,,,,,,,,,,,,
,,,,,,,,,,,,,,,,,,,,,,,,,,,,,,,,,,,,,,,
,,,,,,,,,,,,,,,,,,,,,,,,,,,,,,,,,,,,,,,
,,,,,,,,,,,,,,,,,,,,,,,,,,,,,,,,,,,,,,,
,,,,,,,,,,,,,,,,,,,,,,,,,,,,,,,,,,,,,,,
,,,,,,,,,,,,,,,,,,,,,,,,,,,,,,,,,,,,,,,
,,,,,,,,,,,,,,,,,,,,,,,,,,,,,,,,,,,,,,,
,,,,,,,,,,,,,,,,,,,,,,,,,,,,,,,,,,,,,,,
,,,,,,,,,,,,,,,,,,,,,,,,,,,,,,,,,,,,,,,
,,,,,,,,,,,,,,,,,,,,,,,,,,,,,,,,,,,,,,,
,,,,,,,,,,,,,,,,,,,,,,,,,,,,,,,,,,,,,,,
,,,,,,,,,,,,,,,,,,,,,,,,,,,,,,,,,,,,,,,
,,,,,,,,,,,,,,,,,,,,,,,,,,,,,,,,,,,,,,,
,,,,,,,,,,,,,,,,,,,,,,,,,,,,,,,,,,,,,,,
,,,,,,,,,,,,,,,,,,,,,,,,,,,,,,,,,,,,,,,
,,,,,,,,,,,,,,,,,,,,,,,,,,,,,,,,,,,,,,,
,,,,,,,,,,,,,,,,,,,,,,,,,,,,,,,,,,,,,,,
,,,,,,,,,,,,,,,,,,,,,,,,,,,,,,,,,,,,,,,
,,,,,,,,,,,,,,,,,,,,,,,,,,,,,,,,,,,,,,,
,,,,,,,,,,,,,,,,,,,,,,,,,,,,,,,,,,,,,,,
,,,,,,,,,,,,,,,,,,,,,,,,,,,,,,,,,,,,,,,
,,,,,,,,,,,,,,,,,,,,,,,,,,,,,,,,,,,,,,,
,,,,,,,,,,,,,,,,,,,,,,,,,,,,,,,,,,,,,,,
,,,,,,,,,,,,,,,,,,,,,,,,,,,,,,,,,,,,,,,
,,,,,,,,,,,,,,,,,,,,,,,,,,,,,,,,,,,,,,,
,,,,,,,,,,,,,,,,,,,,,,,,,,,,,,,,,,,,,,,
,,,,,,,,,,,,,,,,,,,,,,,,,,,,,,,,,,,,,,,
,,,,,,,,,,,,,,,,,,,,,,,,,,,,,,,,,,,,,,,
,,,,,,,,,,,,,,,,,,,,,,,,,,,,,,,,,,,,,,,
,,,,,,,,,,,,,,,,,,,,,,,,,,,,,,,,,,,,,,,
,,,,,,,,,,,,,,,,,,,,,,,,,,,,,,,,,,,,,,,
,,,,,,,,,,,,,,,,,,,,,,,,,,,,,,,,,,,,,,,
,,,,,,,,,,,,,,,,,,,,,,,,,,,,,,,,,,,,,,,
,,,,,,,,,,,,,,,,,,,,,,,,,,,,,,,,,,,,,,,
,,,,,,,,,,,,,,,,,,,,,,,,,,,,,,,,,,,,,,,
,,,,,,,,,,,,,,,,,,,,,,,,,,,,,,,,,,,,,,,
,,,,,,,,,,,,,,,,,,,,,,,,,,,,,,,,,,,,,,,
,,,,,,,,,,,,,,,,,,,,,,,,,,,,,,,,,,,,,,,
,,,,,,,,,,,,,,,,,,,,,,,,,,,,,,,,,,,,,,,
,,,,,,,,,,,,,,,,,,,,,,,,,,,,,,,,,,,,,,,
,,,,,,,,,,,,,,,,,,,,,,,,,,,,,,,,,,,,,,,
,,,,,,,,,,,,,,,,,,,,,,,,,,,,,,,,,,,,,,,
,,,,,,,,,,,,,,,,,,,,,,,,,,,,,,,,,,,,,,,
,,,,,,,,,,,,,,,,,,,,,,,,,,,,,,,,,,,,,,,
,,,,,,,,,,,,,,,,,,,,,,,,,,,,,,,,,,,,,,,
,,,,,,,,,,,,,,,,,,,,,,,,,,,,,,,,,,,,,,,
,,,,,,,,,,,,,,,,,,,,,,,,,,,,,,,,,,,,,,,
,,,,,,,,,,,,,,,,,,,,,,,,,,,,,,,,,,,,,,,
,,,,,,,,,,,,,,,,,,,,,,,,,,,,,,,,,,,,,,,
,,,,,,,,,,,,,,,,,,,,,,,,,,,,,,,,,,,,,,,
,,,,,,,,,,,,,,,,,,,,,,,,,,,,,,,,,,,,,,,
,,,,,,,,,,,,,,,,,,,,,,,,,,,,,,,,,,,,,,,
,,,,,,,,,,,,,,,,,,,,,,,,,,,,,,,,,,,,,,,
,,,,,,,,,,,,,,,,,,,,,,,,,,,,,,,,,,,,,,,
,,,,,,,,,,,,,,,,,,,,,,,,,,,,,,,,,,,,,,,
,,,,,,,,,,,,,,,,,,,,,,,,,,,,,,,,,,,,,,,
,,,,,,,,,,,,,,,,,,,,,,,,,,,,,,,,,,,,,,,
,,,,,,,,,,,,,,,,,,,,,,,,,,,,,,,,,,,,,,,
,,,,,,,,,,,,,,,,,,,,,,,,,,,,,,,,,,,,,,,
,,,,,,,,,,,,,,,,,,,,,,,,,,,,,,,,,,,,,,,
,,,,,,,,,,,,,,,,,,,,,,,,,,,,,,,,,,,,,,,
,,,,,,,,,,,,,,,,,,,,,,,,,,,,,,,,,,,,,,,
,,,,,,,,,,,,,,,,,,,,,,,,,,,,,,,,,,,,,,,
,,,,,,,,,,,,,,,,,,,,,,,,,,,,,,,,,,,,,,,
,,,,,,,,,,,,,,,,,,,,,,,,,,,,,,,,,,,,,,,
,,,,,,,,,,,,,,,,,,,,,,,,,,,,,,,,,,,,,,,
,,,,,,,,,,,,,,,,,,,,,,,,,,,,,,,,,,,,,,,
,,,,,,,,,,,,,,,,,,,,,,,,,,,,,,,,,,,,,,,
,,,,,,,,,,,,,,,,,,,,,,,,,,,,,,,,,,,,,,,
,,,,,,,,,,,,,,,,,,,,,,,,,,,,,,,,,,,,,,,
,,,,,,,,,,,,,,,,,,,,,,,,,,,,,,,,,,,,,,,
,,,,,,,,,,,,,,,,,,,,,,,,,,,,,,,,,,,,,,,
,,,,,,,,,,,,,,,,,,,,,,,,,,,,,,,,,,,,,,,
,,,,,,,,,,,,,,,,,,,,,,,,,,,,,,,,,,,,,,,
,,,,,,,,,,,,,,,,,,,,,,,,,,,,,,,,,,,,,,,
,,,,,,,,,,,,,,,,,,,,,,,,,,,,,,,,,,,,,,,
,,,,,,,,,,,,,,,,,,,,,,,,,,,,,,,,,,,,,,,
,,,,,,,,,,,,,,,,,,,,,,,,,,,,,,,,,,,,,,,
,,,,,,,,,,,,,,,,,,,,,,,,,,,,,,,,,,,,,,,
,,,,,,,,,,,,,,,,,,,,,,,,,,,,,,,,,,,,,,,
,,,,,,,,,,,,,,,,,,,,,,,,,,,,,,,,,,,,,,,
,,,,,,,,,,,,,,,,,,,,,,,,,,,,,,,,,,,,,,,
,,,,,,,,,,,,,,,,,,,,,,,,,,,,,,,,,,,,,,,
,,,,,,,,,,,,,,,,,,,,,,,,,,,,,,,,,,,,,,,
,,,,,,,,,,,,,,,,,,,,,,,,,,,,,,,,,,,,,,,
,,,,,,,,,,,,,,,,,,,,,,,,,,,,,,,,,,,,,,,
,,,,,,,,,,,,,,,,,,,,,,,,,,,,,,,,,,,,,,,
,,,,,,,,,,,,,,,,,,,,,,,,,,,,,,,,,,,,,,,
,,,,,,,,,,,,,,,,,,,,,,,,,,,,,,,,,,,,,,,
,,,,,,,,,,,,,,,,,,,,,,,,,,,,,,,,,,,,,,,
,,,,,,,,,,,,,,,,,,,,,,,,,,,,,,,,,,,,,,,
,,,,,,,,,,,,,,,,,,,,,,,,,,,,,,,,,,,,,,,
,,,,,,,,,,,,,,,,,,,,,,,,,,,,,,,,,,,,,,,
,,,,,,,,,,,,,,,,,,,,,,,,,,,,,,,,,,,,,,,
,,,,,,,,,,,,,,,,,,,,,,,,,,,,,,,,,,,,,,,
,,,,,,,,,,,,,,,,,,,,,,,,,,,,,,,,,,,,,,,
,,,,,,,,,,,,,,,,,,,,,,,,,,,,,,,,,,,,,,,
,,,,,,,,,,,,,,,,,,,,,,,,,,,,,,,,,,,,,,,
,,,,,,,,,,,,,,,,,,,,,,,,,,,,,,,,,,,,,,,
,,,,,,,,,,,,,,,,,,,,,,,,,,,,,,,,,,,,,,,
,,,,,,,,,,,,,,,,,,,,,,,,,,,,,,,,,,,,,,,
,,,,,,,,,,,,,,,,,,,,,,,,,,,,,,,,,,,,,,,
,,,,,,,,,,,,,,,,,,,,,,,,,,,,,,,,,,,,,,,
,,,,,,,,,,,,,,,,,,,,,,,,,,,,,,,,,,,,,,,
,,,,,,,,,,,,,,,,,,,,,,,,,,,,,,,,,,,,,,,
,,,,,,,,,,,,,,,,,,,,,,,,,,,,,,,,,,,,,,,
,,,,,,,,,,,,,,,,,,,,,,,,,,,,,,,,,,,,,,,
,,,,,,,,,,,,,,,,,,,,,,,,,,,,,,,,,,,,,,,
,,,,,,,,,,,,,,,,,,,,,,,,,,,,,,,,,,,,,,,
,,,,,,,,,,,,,,,,,,,,,,,,,,,,,,,,,,,,,,,
,,,,,,,,,,,,,,,,,,,,,,,,,,,,,,,,,,,,,,,
,,,,,,,,,,,,,,,,,,,,,,,,,,,,,,,,,,,,,,,
,,,,,,,,,,,,,,,,,,,,,,,,,,,,,,,,,,,,,,,
,,,,,,,,,,,,,,,,,,,,,,,,,,,,,,,,,,,,,,,
,,,,,,,,,,,,,,,,,,,,,,,,,,,,,,,,,,,,,,,
,,,,,,,,,,,,,,,,,,,,,,,,,,,,,,,,,,,,,,,
,,,,,,,,,,,,,,,,,,,,,,,,,,,,,,,,,,,,,,,
,,,,,,,,,,,,,,,,,,,,,,,,,,,,,,,,,,,,,,,
,,,,,,,,,,,,,,,,,,,,,,,,,,,,,,,,,,,,,,,
,,,,,,,,,,,,,,,,,,,,,,,,,,,,,,,,,,,,,,,
,,,,,,,,,,,,,,,,,,,,,,,,,,,,,,,,,,,,,,,
,,,,,,,,,,,,,,,,,,,,,,,,,,,,,,,,,,,,,,,
,,,,,,,,,,,,,,,,,,,,,,,,,,,,,,,,,,,,,,,
,,,,,,,,,,,,,,,,,,,,,,,,,,,,,,,,,,,,,,,
,,,,,,,,,,,,,,,,,,,,,,,,,,,,,,,,,,,,,,,
,,,,,,,,,,,,,,,,,,,,,,,,,,,,,,,,,,,,,,,
,,,,,,,,,,,,,,,,,,,,,,,,,,,,,,,,,,,,,,,
,,,,,,,,,,,,,,,,,,,,,,,,,,,,,,,,,,,,,,,
,,,,,,,,,,,,,,,,,,,,,,,,,,,,,,,,,,,,,,,
,,,,,,,,,,,,,,,,,,,,,,,,,,,,,,,,,,,,,,,
,,,,,,,,,,,,,,,,,,,,,,,,,,,,,,,,,,,,,,,
,,,,,,,,,,,,,,,,,,,,,,,,,,,,,,,,,,,,,,,
,,,,,,,,,,,,,,,,,,,,,,,,,,,,,,,,,,,,,,,
,,,,,,,,,,,,,,,,,,,,,,,,,,,,,,,,,,,,,,,
,,,,,,,,,,,,,,,,,,,,,,,,,,,,,,,,,,,,,,,
,,,,,,,,,,,,,,,,,,,,,,,,,,,,,,,,,,,,,,,
,,,,,,,,,,,,,,,,,,,,,,,,,,,,,,,,,,,,,,,
,,,,,,,,,,,,,,,,,,,,,,,,,,,,,,,,,,,,,,,
,,,,,,,,,,,,,,,,,,,,,,,,,,,,,,,,,,,,,,,
,,,,,,,,,,,,,,,,,,,,,,,,,,,,,,,,,,,,,,,
,,,,,,,,,,,,,,,,,,,,,,,,,,,,,,,,,,,,,,,
,,,,,,,,,,,,,,,,,,,,,,,,,,,,,,,,,,,,,,,
,,,,,,,,,,,,,,,,,,,,,,,,,,,,,,,,,,,,,,,
,,,,,,,,,,,,,,,,,,,,,,,,,,,,,,,,,,,,,,,
,,,,,,,,,,,,,,,,,,,,,,,,,,,,,,,,,,,,,,,
,,,,,,,,,,,,,,,,,,,,,,,,,,,,,,,,,,,,,,,
,,,,,,,,,,,,,,,,,,,,,,,,,,,,,,,,,,,,,,,
,,,,,,,,,,,,,,,,,,,,,,,,,,,,,,,,,,,,,,,
,,,,,,,,,,,,,,,,,,,,,,,,,,,,,,,,,,,,,,,
,,,,,,,,,,,,,,,,,,,,,,,,,,,,,,,,,,,,,,,
,,,,,,,,,,,,,,,,,,,,,,,,,,,,,,,,,,,,,,,
,,,,,,,,,,,,,,,,,,,,,,,,,,,,,,,,,,,,,,,
,,,,,,,,,,,,,,,,,,,,,,,,,,,,,,,,,,,,,,,
,,,,,,,,,,,,,,,,,,,,,,,,,,,,,,,,,,,,,,,
,,,,,,,,,,,,,,,,,,,,,,,,,,,,,,,,,,,,,,,
,,,,,,,,,,,,,,,,,,,,,,,,,,,,,,,,,,,,,,,
,,,,,,,,,,,,,,,,,,,,,,,,,,,,,,,,,,,,,,,
,,,,,,,,,,,,,,,,,,,,,,,,,,,,,,,,,,,,,,,
,,,,,,,,,,,,,,,,,,,,,,,,,,,,,,,,,,,,,,,
,,,,,,,,,,,,,,,,,,,,,,,,,,,,,,,,,,,,,,,
,,,,,,,,,,,,,,,,,,,,,,,,,,,,,,,,,,,,,,,
,,,,,,,,,,,,,,,,,,,,,,,,,,,,,,,,,,,,,,,
,,,,,,,,,,,,,,,,,,,,,,,,,,,,,,,,,,,,,,,
,,,,,,,,,,,,,,,,,,,,,,,,,,,,,,,,,,,,,,,
,,,,,,,,,,,,,,,,,,,,,,,,,,,,,,,,,,,,,,,
,,,,,,,,,,,,,,,,,,,,,,,,,,,,,,,,,,,,,,,
,,,,,,,,,,,,,,,,,,,,,,,,,,,,,,,,,,,,,,,
,,,,,,,,,,,,,,,,,,,,,,,,,,,,,,,,,,,,,,,
,,,,,,,,,,,,,,,,,,,,,,,,,,,,,,,,,,,,,,,
,,,,,,,,,,,,,,,,,,,,,,,,,,,,,,,,,,,,,,,
,,,,,,,,,,,,,,,,,,,,,,,,,,,,,,,,,,,,,,,
,,,,,,,,,,,,,,,,,,,,,,,,,,,,,,,,,,,,,,,
,,,,,,,,,,,,,,,,,,,,,,,,,,,,,,,,,,,,,,,
,,,,,,,,,,,,,,,,,,,,,,,,,,,,,,,,,,,,,,,
,,,,,,,,,,,,,,,,,,,,,,,,,,,,,,,,,,,,,,,
,,,,,,,,,,,,,,,,,,,,,,,,,,,,,,,,,,,,,,,
,,,,,,,,,,,,,,,,,,,,,,,,,,,,,,,,,,,,,,,
,,,,,,,,,,,,,,,,,,,,,,,,,,,,,,,,,,,,,,,
,,,,,,,,,,,,,,,,,,,,,,,,,,,,,,,,,,,,,,,
,,,,,,,,,,,,,,,,,,,,,,,,,,,,,,,,,,,,,,,
,,,,,,,,,,,,,,,,,,,,,,,,,,,,,,,,,,,,,,,
,,,,,,,,,,,,,,,,,,,,,,,,,,,,,,,,,,,,,,,
,,,,,,,,,,,,,,,,,,,,,,,,,,,,,,,,,,,,,,,
,,,,,,,,,,,,,,,,,,,,,,,,,,,,,,,,,,,,,,,
,,,,,,,,,,,,,,,,,,,,,,,,,,,,,,,,,,,,,,,
,,,,,,,,,,,,,,,,,,,,,,,,,,,,,,,,,,,,,,,
,,,,,,,,,,,,,,,,,,,,,,,,,,,,,,,,,,,,,,,
,,,,,,,,,,,,,,,,,,,,,,,,,,,,,,,,,,,,,,,
,,,,,,,,,,,,,,,,,,,,,,,,,,,,,,,,,,,,,,,
,,,,,,,,,,,,,,,,,,,,,,,,,,,,,,,,,,,,,,,
,,,,,,,,,,,,,,,,,,,,,,,,,,,,,,,,,,,,,,,
,,,,,,,,,,,,,,,,,,,,,,,,,,,,,,,,,,,,,,,
,,,,,,,,,,,,,,,,,,,,,,,,,,,,,,,,,,,,,,,
,,,,,,,,,,,,,,,,,,,,,,,,,,,,,,,,,,,,,,,
,,,,,,,,,,,,,,,,,,,,,,,,,,,,,,,,,,,,,,,
,,,,,,,,,,,,,,,,,,,,,,,,,,,,,,,,,,,,,,,
,,,,,,,,,,,,,,,,,,,,,,,,,,,,,,,,,,,,,,,
,,,,,,,,,,,,,,,,,,,,,,,,,,,,,,,,,,,,,,,
,,,,,,,,,,,,,,,,,,,,,,,,,,,,,,,,,,,,,,,
,,,,,,,,,,,,,,,,,,,,,,,,,,,,,,,,,,,,,,,
,,,,,,,,,,,,,,,,,,,,,,,,,,,,,,,,,,,,,,,
,,,,,,,,,,,,,,,,,,,,,,,,,,,,,,,,,,,,,,,
,,,,,,,,,,,,,,,,,,,,,,,,,,,,,,,,,,,,,,,
,,,,,,,,,,,,,,,,,,,,,,,,,,,,,,,,,,,,,,,
,,,,,,,,,,,,,,,,,,,,,,,,,,,,,,,,,,,,,,,
,,,,,,,,,,,,,,,,,,,,,,,,,,,,,,,,,,,,,,,
,,,,,,,,,,,,,,,,,,,,,,,,,,,,,,,,,,,,,,,
,,,,,,,,,,,,,,,,,,,,,,,,,,,,,,,,,,,,,,,
,,,,,,,,,,,,,,,,,,,,,,,,,,,,,,,,,,,,,,,
,,,,,,,,,,,,,,,,,,,,,,,,,,,,,,,,,,,,,,,
,,,,,,,,,,,,,,,,,,,,,,,,,,,,,,,,,,,,,,,
,,,,,,,,,,,,,,,,,,,,,,,,,,,,,,,,,,,,,,,
,,,,,,,,,,,,,,,,,,,,,,,,,,,,,,,,,,,,,,,
,,,,,,,,,,,,,,,,,,,,,,,,,,,,,,,,,,,,,,,
,,,,,,,,,,,,,,,,,,,,,,,,,,,,,,,,,,,,,,,
,,,,,,,,,,,,,,,,,,,,,,,,,,,,,,,,,,,,,,,
,,,,,,,,,,,,,,,,,,,,,,,,,,,,,,,,,,,,,,,
,,,,,,,,,,,,,,,,,,,,,,,,,,,,,,,,,,,,,,,
,,,,,,,,,,,,,,,,,,,,,,,,,,,,,,,,,,,,,,,
,,,,,,,,,,,,,,,,,,,,,,,,,,,,,,,,,,,,,,,
,,,,,,,,,,,,,,,,,,,,,,,,,,,,,,,,,,,,,,,
,,,,,,,,,,,,,,,,,,,,,,,,,,,,,,,,,,,,,,,
,,,,,,,,,,,,,,,,,,,,,,,,,,,,,,,,,,,,,,,
,,,,,,,,,,,,,,,,,,,,,,,,,,,,,,,,,,,,,,,
,,,,,,,,,,,,,,,,,,,,,,,,,,,,,,,,,,,,,,,
,,,,,,,,,,,,,,,,,,,,,,,,,,,,,,,,,,,,,,,
,,,,,,,,,,,,,,,,,,,,,,,,,,,,,,,,,,,,,,,
,,,,,,,,,,,,,,,,,,,,,,,,,,,,,,,,,,,,,,,
,,,,,,,,,,,,,,,,,,,,,,,,,,,,,,,,,,,,,,,
,,,,,,,,,,,,,,,,,,,,,,,,,,,,,,,,,,,,,,,
,,,,,,,,,,,,,,,,,,,,,,,,,,,,,,,,,,,,,,,
,,,,,,,,,,,,,,,,,,,,,,,,,,,,,,,,,,,,,,,
,,,,,,,,,,,,,,,,,,,,,,,,,,,,,,,,,,,,,,,
,,,,,,,,,,,,,,,,,,,,,,,,,,,,,,,,,,,,,,,
,,,,,,,,,,,,,,,,,,,,,,,,,,,,,,,,,,,,,,,
,,,,,,,,,,,,,,,,,,,,,,,,,,,,,,,,,,,,,,,
,,,,,,,,,,,,,,,,,,,,,,,,,,,,,,,,,,,,,,,
,,,,,,,,,,,,,,,,,,,,,,,,,,,,,,,,,,,,,,,
,,,,,,,,,,,,,,,,,,,,,,,,,,,,,,,,,,,,,,,
,,,,,,,,,,,,,,,,,,,,,,,,,,,,,,,,,,,,,,,
,,,,,,,,,,,,,,,,,,,,,,,,,,,,,,,,,,,,,,,
,,,,,,,,,,,,,,,,,,,,,,,,,,,,,,,,,,,,,,,
,,,,,,,,,,,,,,,,,,,,,,,,,,,,,,,,,,,,,,,
,,,,,,,,,,,,,,,,,,,,,,,,,,,,,,,,,,,,,,,
,,,,,,,,,,,,,,,,,,,,,,,,,,,,,,,,,,,,,,,
,,,,,,,,,,,,,,,,,,,,,,,,,,,,,,,,,,,,,,,
,,,,,,,,,,,,,,,,,,,,,,,,,,,,,,,,,,,,,,,
,,,,,,,,,,,,,,,,,,,,,,,,,,,,,,,,,,,,,,,
,,,,,,,,,,,,,,,,,,,,,,,,,,,,,,,,,,,,,,,
,,,,,,,,,,,,,,,,,,,,,,,,,,,,,,,,,,,,,,,
,,,,,,,,,,,,,,,,,,,,,,,,,,,,,,,,,,,,,,,
,,,,,,,,,,,,,,,,,,,,,,,,,,,,,,,,,,,,,,,
,,,,,,,,,,,,,,,,,,,,,,,,,,,,,,,,,,,,,,,
,,,,,,,,,,,,,,,,,,,,,,,,,,,,,,,,,,,,,,,
,,,,,,,,,,,,,,,,,,,,,,,,,,,,,,,,,,,,,,,
,,,,,,,,,,,,,,,,,,,,,,,,,,,,,,,,,,,,,,,
,,,,,,,,,,,,,,,,,,,,,,,,,,,,,,,,,,,,,,,
,,,,,,,,,,,,,,,,,,,,,,,,,,,,,,,,,,,,,,,
,,,,,,,,,,,,,,,,,,,,,,,,,,,,,,,,,,,,,,,
,,,,,,,,,,,,,,,,,,,,,,,,,,,,,,,,,,,,,,,
,,,,,,,,,,,,,,,,,,,,,,,,,,,,,,,,,,,,,,,
,,,,,,,,,,,,,,,,,,,,,,,,,,,,,,,,,,,,,,,
,,,,,,,,,,,,,,,,,,,,,,,,,,,,,,,,,,,,,,,
,,,,,,,,,,,,,,,,,,,,,,,,,,,,,,,,,,,,,,,
,,,,,,,,,,,,,,,,,,,,,,,,,,,,,,,,,,,,,,,
,,,,,,,,,,,,,,,,,,,,,,,,,,,,,,,,,,,,,,,
,,,,,,,,,,,,,,,,,,,,,,,,,,,,,,,,,,,,,,,
,,,,,,,,,,,,,,,,,,,,,,,,,,,,,,,,,,,,,,,
,,,,,,,,,,,,,,,,,,,,,,,,,,,,,,,,,,,,,,,
,,,,,,,,,,,,,,,,,,,,,,,,,,,,,,,,,,,,,,,
,,,,,,,,,,,,,,,,,,,,,,,,,,,,,,,,,,,,,,,
,,,,,,,,,,,,,,,,,,,,,,,,,,,,,,,,,,,,,,,
,,,,,,,,,,,,,,,,,,,,,,,,,,,,,,,,,,,,,,,
,,,,,,,,,,,,,,,,,,,,,,,,,,,,,,,,,,,,,,,
,,,,,,,,,,,,,,,,,,,,,,,,,,,,,,,,,,,,,,,
,,,,,,,,,,,,,,,,,,,,,,,,,,,,,,,,,,,,,,,
,,,,,,,,,,,,,,,,,,,,,,,,,,,,,,,,,,,,,,,
,,,,,,,,,,,,,,,,,,,,,,,,,,,,,,,,,,,,,,,
,,,,,,,,,,,,,,,,,,,,,,,,,,,,,,,,,,,,,,,
,,,,,,,,,,,,,,,,,,,,,,,,,,,,,,,,,,,,,,,
,,,,,,,,,,,,,,,,,,,,,,,,,,,,,,,,,,,,,,,
,,,,,,,,,,,,,,,,,,,,,,,,,,,,,,,,,,,,,,,
,,,,,,,,,,,,,,,,,,,,,,,,,,,,,,,,,,,,,,,
,,,,,,,,,,,,,,,,,,,,,,,,,,,,,,,,,,,,,,,
,,,,,,,,,,,,,,,,,,,,,,,,,,,,,,,,,,,,,,,
,,,,,,,,,,,,,,,,,,,,,,,,,,,,,,,,,,,,,,,
,,,,,,,,,,,,,,,,,,,,,,,,,,,,,,,,,,,,,,,
,,,,,,,,,,,,,,,,,,,,,,,,,,,,,,,,,,,,,,,
,,,,,,,,,,,,,,,,,,,,,,,,,,,,,,,,,,,,,,,
,,,,,,,,,,,,,,,,,,,,,,,,,,,,,,,,,,,,,,,
,,,,,,,,,,,,,,,,,,,,,,,,,,,,,,,,,,,,,,,
,,,,,,,,,,,,,,,,,,,,,,,,,,,,,,,,,,,,,,,
,,,,,,,,,,,,,,,,,,,,,,,,,,,,,,,,,,,,,,,
,,,,,,,,,,,,,,,,,,,,,,,,,,,,,,,,,,,,,,,
,,,,,,,,,,,,,,,,,,,,,,,,,,,,,,,,,,,,,,,
,,,,,,,,,,,,,,,,,,,,,,,,,,,,,,,,,,,,,,,
,,,,,,,,,,,,,,,,,,,,,,,,,,,,,,,,,,,,,,,
,,,,,,,,,,,,,,,,,,,,,,,,,,,,,,,,,,,,,,,
,,,,,,,,,,,,,,,,,,,,,,,,,,,,,,,,,,,,,,,
,,,,,,,,,,,,,,,,,,,,,,,,,,,,,,,,,,,,,,,
,,,,,,,,,,,,,,,,,,,,,,,,,,,,,,,,,,,,,,,
,,,,,,,,,,,,,,,,,,,,,,,,,,,,,,,,,,,,,,,
,,,,,,,,,,,,,,,,,,,,,,,,,,,,,,,,,,,,,,,
,,,,,,,,,,,,,,,,,,,,,,,,,,,,,,,,,,,,,,,
,,,,,,,,,,,,,,,,,,,,,,,,,,,,,,,,,,,,,,,
,,,,,,,,,,,,,,,,,,,,,,,,,,,,,,,,,,,,,,,
,,,,,,,,,,,,,,,,,,,,,,,,,,,,,,,,,,,,,,,
,,,,,,,,,,,,,,,,,,,,,,,,,,,,,,,,,,,,,,,
,,,,,,,,,,,,,,,,,,,,,,,,,,,,,,,,,,,,,,,
,,,,,,,,,,,,,,,,,,,,,,,,,,,,,,,,,,,,,,,
,,,,,,,,,,,,,,,,,,,,,,,,,,,,,,,,,,,,,,,
,,,,,,,,,,,,,,,,,,,,,,,,,,,,,,,,,,,,,,,
,,,,,,,,,,,,,,,,,,,,,,,,,,,,,,,,,,,,,,,
,,,,,,,,,,,,,,,,,,,,,,,,,,,,,,,,,,,,,,,
,,,,,,,,,,,,,,,,,,,,,,,,,,,,,,,,,,,,,,,
,,,,,,,,,,,,,,,,,,,,,,,,,,,,,,,,,,,,,,,
,,,,,,,,,,,,,,,,,,,,,,,,,,,,,,,,,,,,,,,
,,,,,,,,,,,,,,,,,,,,,,,,,,,,,,,,,,,,,,,
,,,,,,,,,,,,,,,,,,,,,,,,,,,,,,,,,,,,,,,
,,,,,,,,,,,,,,,,,,,,,,,,,,,,,,,,,,,,,,,
,,,,,,,,,,,,,,,,,,,,,,,,,,,,,,,,,,,,,,,
,,,,,,,,,,,,,,,,,,,,,,,,,,,,,,,,,,,,,,,
,,,,,,,,,,,,,,,,,,,,,,,,,,,,,,,,,,,,,,,
,,,,,,,,,,,,,,,,,,,,,,,,,,,,,,,,,,,,,,,
,,,,,,,,,,,,,,,,,,,,,,,,,,,,,,,,,,,,,,,
,,,,,,,,,,,,,,,,,,,,,,,,,,,,,,,,,,,,,,,
,,,,,,,,,,,,,,,,,,,,,,,,,,,,,,,,,,,,,,,
,,,,,,,,,,,,,,,,,,,,,,,,,,,,,,,,,,,,,,,
,,,,,,,,,,,,,,,,,,,,,,,,,,,,,,,,,,,,,,,
,,,,,,,,,,,,,,,,,,,,,,,,,,,,,,,,,,,,,,,
,,,,,,,,,,,,,,,,,,,,,,,,,,,,,,,,,,,,,,,
,,,,,,,,,,,,,,,,,,,,,,,,,,,,,,,,,,,,,,,
,,,,,,,,,,,,,,,,,,,,,,,,,,,,,,,,,,,,,,,
,,,,,,,,,,,,,,,,,,,,,,,,,,,,,,,,,,,,,,,
,,,,,,,,,,,,,,,,,,,,,,,,,,,,,,,,,,,,,,,
,,,,,,,,,,,,,,,,,,,,,,,,,,,,,,,,,,,,,,,
,,,,,,,,,,,,,,,,,,,,,,,,,,,,,,,,,,,,,,,
,,,,,,,,,,,,,,,,,,,,,,,,,,,,,,,,,,,,,,,
,,,,,,,,,,,,,,,,,,,,,,,,,,,,,,,,,,,,,,,
,,,,,,,,,,,,,,,,,,,,,,,,,,,,,,,,,,,,,,,
,,,,,,,,,,,,,,,,,,,,,,,,,,,,,,,,,,,,,,,
,,,,,,,,,,,,,,,,,,,,,,,,,,,,,,,,,,,,,,,
,,,,,,,,,,,,,,,,,,,,,,,,,,,,,,,,,,,,,,,
,,,,,,,,,,,,,,,,,,,,,,,,,,,,,,,,,,,,,,,
,,,,,,,,,,,,,,,,,,,,,,,,,,,,,,,,,,,,,,,
,,,,,,,,,,,,,,,,,,,,,,,,,,,,,,,,,,,,,,,
,,,,,,,,,,,,,,,,,,,,,,,,,,,,,,,,,,,,,,,
,,,,,,,,,,,,,,,,,,,,,,,,,,,,,,,,,,,,,,,
,,,,,,,,,,,,,,,,,,,,,,,,,,,,,,,,,,,,,,,
,,,,,,,,,,,,,,,,,,,,,,,,,,,,,,,,,,,,,,,
,,,,,,,,,,,,,,,,,,,,,,,,,,,,,,,,,,,,,,,
,,,,,,,,,,,,,,,,,,,,,,,,,,,,,,,,,,,,,,,
,,,,,,,,,,,,,,,,,,,,,,,,,,,,,,,,,,,,,,,
,,,,,,,,,,,,,,,,,,,,,,,,,,,,,,,,,,,,,,,
,,,,,,,,,,,,,,,,,,,,,,,,,,,,,,,,,,,,,,,
,,,,,,,,,,,,,,,,,,,,,,,,,,,,,,,,,,,,,,,
,,,,,,,,,,,,,,,,,,,,,,,,,,,,,,,,,,,,,,,
,,,,,,,,,,,,,,,,,,,,,,,,,,,,,,,,,,,,,,,
,,,,,,,,,,,,,,,,,,,,,,,,,,,,,,,,,,,,,,,
,,,,,,,,,,,,,,,,,,,,,,,,,,,,,,,,,,,,,,,
,,,,,,,,,,,,,,,,,,,,,,,,,,,,,,,,,,,,,,,
,,,,,,,,,,,,,,,,,,,,,,,,,,,,,,,,,,,,,,,
,,,,,,,,,,,,,,,,,,,,,,,,,,,,,,,,,,,,,,,
,,,,,,,,,,,,,,,,,,,,,,,,,,,,,,,,,,,,,,,
,,,,,,,,,,,,,,,,,,,,,,,,,,,,,,,,,,,,,,,
,,,,,,,,,,,,,,,,,,,,,,,,,,,,,,,,,,,,,,,
,,,,,,,,,,,,,,,,,,,,,,,,,,,,,,,,,,,,,,,
,,,,,,,,,,,,,,,,,,,,,,,,,,,,,,,,,,,,,,,
,,,,,,,,,,,,,,,,,,,,,,,,,,,,,,,,,,,,,,,
,,,,,,,,,,,,,,,,,,,,,,,,,,,,,,,,,,,,,,,
,,,,,,,,,,,,,,,,,,,,,,,,,,,,,,,,,,,,,,,
,,,,,,,,,,,,,,,,,,,,,,,,,,,,,,,,,,,,,,,
,,,,,,,,,,,,,,,,,,,,,,,,,,,,,,,,,,,,,,,
,,,,,,,,,,,,,,,,,,,,,,,,,,,,,,,,,,,,,,,
,,,,,,,,,,,,,,,,,,,,,,,,,,,,,,,,,,,,,,,
,,,,,,,,,,,,,,,,,,,,,,,,,,,,,,,,,,,,,,,
,,,,,,,,,,,,,,,,,,,,,,,,,,,,,,,,,,,,,,,
,,,,,,,,,,,,,,,,,,,,,,,,,,,,,,,,,,,,,,,
,,,,,,,,,,,,,,,,,,,,,,,,,,,,,,,,,,,,,,,
,,,,,,,,,,,,,,,,,,,,,,,,,,,,,,,,,,,,,,,
,,,,,,,,,,,,,,,,,,,,,,,,,,,,,,,,,,,,,,,
,,,,,,,,,,,,,,,,,,,,,,,,,,,,,,,,,,,,,,,
,,,,,,,,,,,,,,,,,,,,,,,,,,,,,,,,,,,,,,,
,,,,,,,,,,,,,,,,,,,,,,,,,,,,,,,,,,,,,,,
,,,,,,,,,,,,,,,,,,,,,,,,,,,,,,,,,,,,,,,
,,,,,,,,,,,,,,,,,,,,,,,,,,,,,,,,,,,,,,,
,,,,,,,,,,,,,,,,,,,,,,,,,,,,,,,,,,,,,,,
,,,,,,,,,,,,,,,,,,,,,,,,,,,,,,,,,,,,,,,
,,,,,,,,,,,,,,,,,,,,,,,,,,,,,,,,,,,,,,,
,,,,,,,,,,,,,,,,,,,,,,,,,,,,,,,,,,,,,,,
,,,,,,,,,,,,,,,,,,,,,,,,,,,,,,,,,,,,,,,
,,,,,,,,,,,,,,,,,,,,,,,,,,,,,,,,,,,,,,,
,,,,,,,,,,,,,,,,,,,,,,,,,,,,,,,,,,,,,,,
,,,,,,,,,,,,,,,,,,,,,,,,,,,,,,,,,,,,,,,
,,,,,,,,,,,,,,,,,,,,,,,,,,,,,,,,,,,,,,,
,,,,,,,,,,,,,,,,,,,,,,,,,,,,,,,,,,,,,,,
,,,,,,,,,,,,,,,,,,,,,,,,,,,,,,,,,,,,,,,
,,,,,,,,,,,,,,,,,,,,,,,,,,,,,,,,,,,,,,,
,,,,,,,,,,,,,,,,,,,,,,,,,,,,,,,,,,,,,,,
,,,,,,,,,,,,,,,,,,,,,,,,,,,,,,,,,,,,,,,
,,,,,,,,,,,,,,,,,,,,,,,,,,,,,,,,,,,,,,,
,,,,,,,,,,,,,,,,,,,,,,,,,,,,,,,,,,,,,,,
,,,,,,,,,,,,,,,,,,,,,,,,,,,,,,,,,,,,,,,
,,,,,,,,,,,,,,,,,,,,,,,,,,,,,,,,,,,,,,,
,,,,,,,,,,,,,,,,,,,,,,,,,,,,,,,,,,,,,,,
,,,,,,,,,,,,,,,,,,,,,,,,,,,,,,,,,,,,,,,
,,,,,,,,,,,,,,,,,,,,,,,,,,,,,,,,,,,,,,,
,,,,,,,,,,,,,,,,,,,,,,,,,,,,,,,,,,,,,,,
,,,,,,,,,,,,,,,,,,,,,,,,,,,,,,,,,,,,,,,
,,,,,,,,,,,,,,,,,,,,,,,,,,,,,,,,,,,,,,,
,,,,,,,,,,,,,,,,,,,,,,,,,,,,,,,,,,,,,,,
,,,,,,,,,,,,,,,,,,,,,,,,,,,,,,,,,,,,,,,
,,,,,,,,,,,,,,,,,,,,,,,,,,,,,,,,,,,,,,,
,,,,,,,,,,,,,,,,,,,,,,,,,,,,,,,,,,,,,,,
,,,,,,,,,,,,,,,,,,,,,,,,,,,,,,,,,,,,,,,
,,,,,,,,,,,,,,,,,,,,,,,,,,,,,,,,,,,,,,,
,,,,,,,,,,,,,,,,,,,,,,,,,,,,,,,,,,,,,,,
,,,,,,,,,,,,,,,,,,,,,,,,,,,,,,,,,,,,,,,
,,,,,,,,,,,,,,,,,,,,,,,,,,,,,,,,,,,,,,,
,,,,,,,,,,,,,,,,,,,,,,,,,,,,,,,,,,,,,,,
,,,,,,,,,,,,,,,,,,,,,,,,,,,,,,,,,,,,,,,
,,,,,,,,,,,,,,,,,,,,,,,,,,,,,,,,,,,,,,,
,,,,,,,,,,,,,,,,,,,,,,,,,,,,,,,,,,,,,,,
,,,,,,,,,,,,,,,,,,,,,,,,,,,,,,,,,,,,,,,
,,,,,,,,,,,,,,,,,,,,,,,,,,,,,,,,,,,,,,,
,,,,,,,,,,,,,,,,,,,,,,,,,,,,,,,,,,,,,,,
,,,,,,,,,,,,,,,,,,,,,,,,,,,,,,,,,,,,,,,
,,,,,,,,,,,,,,,,,,,,,,,,,,,,,,,,,,,,,,,
,,,,,,,,,,,,,,,,,,,,,,,,,,,,,,,,,,,,,,,
,,,,,,,,,,,,,,,,,,,,,,,,,,,,,,,,,,,,,,,
,,,,,,,,,,,,,,,,,,,,,,,,,,,,,,,,,,,,,,,
,,,,,,,,,,,,,,,,,,,,,,,,,,,,,,,,,,,,,,,
,,,,,,,,,,,,,,,,,,,,,,,,,,,,,,,,,,,,,,,
,,,,,,,,,,,,,,,,,,,,,,,,,,,,,,,,,,,,,,,
,,,,,,,,,,,,,,,,,,,,,,,,,,,,,,,,,,,,,,,
,,,,,,,,,,,,,,,,,,,,,,,,,,,,,,,,,,,,,,,
,,,,,,,,,,,,,,,,,,,,,,,,,,,,,,,,,,,,,,,
,,,,,,,,,,,,,,,,,,,,,,,,,,,,,,,,,,,,,,,
,,,,,,,,,,,,,,,,,,,,,,,,,,,,,,,,,,,,,,,
,,,,,,,,,,,,,,,,,,,,,,,,,,,,,,,,,,,,,,,
,,,,,,,,,,,,,,,,,,,,,,,,,,,,,,,,,,,,,,,
,,,,,,,,,,,,,,,,,,,,,,,,,,,,,,,,,,,,,,,
,,,,,,,,,,,,,,,,,,,,,,,,,,,,,,,,,,,,,,,
,,,,,,,,,,,,,,,,,,,,,,,,,,,,,,,,,,,,,,,
,,,,,,,,,,,,,,,,,,,,,,,,,,,,,,,,,,,,,,,
,,,,,,,,,,,,,,,,,,,,,,,,,,,,,,,,,,,,,,,
,,,,,,,,,,,,,,,,,,,,,,,,,,,,,,,,,,,,,,,
,,,,,,,,,,,,,,,,,,,,,,,,,,,,,,,,,,,,,,,
,,,,,,,,,,,,,,,,,,,,,,,,,,,,,,,,,,,,,,,
,,,,,,,,,,,,,,,,,,,,,,,,,,,,,,,,,,,,,,,
,,,,,,,,,,,,,,,,,,,,,,,,,,,,,,,,,,,,,,,
,,,,,,,,,,,,,,,,,,,,,,,,,,,,,,,,,,,,,,,
,,,,,,,,,,,,,,,,,,,,,,,,,,,,,,,,,,,,,,,
,,,,,,,,,,,,,,,,,,,,,,,,,,,,,,,,,,,,,,,
,,,,,,,,,,,,,,,,,,,,,,,,,,,,,,,,,,,,,,,
,,,,,,,,,,,,,,,,,,,,,,,,,,,,,,,,,,,,,,,
,,,,,,,,,,,,,,,,,,,,,,,,,,,,,,,,,,,,,,,
,,,,,,,,,,,,,,,,,,,,,,,,,,,,,,,,,,,,,,,
,,,,,,,,,,,,,,,,,,,,,,,,,,,,,,,,,,,,,,,
,,,,,,,,,,,,,,,,,,,,,,,,,,,,,,,,,,,,,,,
,,,,,,,,,,,,,,,,,,,,,,,,,,,,,,,,,,,,,,,
,,,,,,,,,,,,,,,,,,,,,,,,,,,,,,,,,,,,,,,
,,,,,,,,,,,,,,,,,,,,,,,,,,,,,,,,,,,,,,,
,,,,,,,,,,,,,,,,,,,,,,,,,,,,,,,,,,,,,,,
,,,,,,,,,,,,,,,,,,,,,,,,,,,,,,,,,,,,,,,
,,,,,,,,,,,,,,,,,,,,,,,,,,,,,,,,,,,,,,,
,,,,,,,,,,,,,,,,,,,,,,,,,,,,,,,,,,,,,,,
,,,,,,,,,,,,,,,,,,,,,,,,,,,,,,,,,,,,,,,
,,,,,,,,,,,,,,,,,,,,,,,,,,,,,,,,,,,,,,,
,,,,,,,,,,,,,,,,,,,,,,,,,,,,,,,,,,,,,,,
,,,,,,,,,,,,,,,,,,,,,,,,,,,,,,,,,,,,,,,
,,,,,,,,,,,,,,,,,,,,,,,,,,,,,,,,,,,,,,,
,,,,,,,,,,,,,,,,,,,,,,,,,,,,,,,,,,,,,,,
,,,,,,,,,,,,,,,,,,,,,,,,,,,,,,,,,,,,,,,
,,,,,,,,,,,,,,,,,,,,,,,,,,,,,,,,,,,,,,,
,,,,,,,,,,,,,,,,,,,,,,,,,,,,,,,,,,,,,,,
,,,,,,,,,,,,,,,,,,,,,,,,,,,,,,,,,,,,,,,
,,,,,,,,,,,,,,,,,,,,,,,,,,,,,,,,,,,,,,,
,,,,,,,,,,,,,,,,,,,,,,,,,,,,,,,,,,,,,,,
,,,,,,,,,,,,,,,,,,,,,,,,,,,,,,,,,,,,,,,
,,,,,,,,,,,,,,,,,,,,,,,,,,,,,,,,,,,,,,,
,,,,,,,,,,,,,,,,,,,,,,,,,,,,,,,,,,,,,,,
,,,,,,,,,,,,,,,,,,,,,,,,,,,,,,,,,,,,,,,
,,,,,,,,,,,,,,,,,,,,,,,,,,,,,,,,,,,,,,,
,,,,,,,,,,,,,,,,,,,,,,,,,,,,,,,,,,,,,,,
,,,,,,,,,,,,,,,,,,,,,,,,,,,,,,,,,,,,,,,
,,,,,,,,,,,,,,,,,,,,,,,,,,,,,,,,,,,,,,,
,,,,,,,,,,,,,,,,,,,,,,,,,,,,,,,,,,,,,,,
,,,,,,,,,,,,,,,,,,,,,,,,,,,,,,,,,,,,,,,
,,,,,,,,,,,,,,,,,,,,,,,,,,,,,,,,,,,,,,,
,,,,,,,,,,,,,,,,,,,,,,,,,,,,,,,,,,,,,,,
,,,,,,,,,,,,,,,,,,,,,,,,,,,,,,,,,,,,,,,
,,,,,,,,,,,,,,,,,,,,,,,,,,,,,,,,,,,,,,,
,,,,,,,,,,,,,,,,,,,,,,,,,,,,,,,,,,,,,,,
,,,,,,,,,,,,,,,,,,,,,,,,,,,,,,,,,,,,,,,
,,,,,,,,,,,,,,,,,,,,,,,,,,,,,,,,,,,,,,,
,,,,,,,,,,,,,,,,,,,,,,,,,,,,,,,,,,,,,,,
,,,,,,,,,,,,,,,,,,,,,,,,,,,,,,,,,,,,,,,
,,,,,,,,,,,,,,,,,,,,,,,,,,,,,,,,,,,,,,,
,,,,,,,,,,,,,,,,,,,,,,,,,,,,,,,,,,,,,,,
,,,,,,,,,,,,,,,,,,,,,,,,,,,,,,,,,,,,,,,
,,,,,,,,,,,,,,,,,,,,,,,,,,,,,,,,,,,,,,,
,,,,,,,,,,,,,,,,,,,,,,,,,,,,,,,,,,,,,,,
,,,,,,,,,,,,,,,,,,,,,,,,,,,,,,,,,,,,,,,
,,,,,,,,,,,,,,,,,,,,,,,,,,,,,,,,,,,,,,,
,,,,,,,,,,,,,,,,,,,,,,,,,,,,,,,,,,,,,,,
,,,,,,,,,,,,,,,,,,,,,,,,,,,,,,,,,,,,,,,
,,,,,,,,,,,,,,,,,,,,,,,,,,,,,,,,,,,,,,,
,,,,,,,,,,,,,,,,,,,,,,,,,,,,,,,,,,,,,,,
,,,,,,,,,,,,,,,,,,,,,,,,,,,,,,,,,,,,,,,
,,,,,,,,,,,,,,,,,,,,,,,,,,,,,,,,,,,,,,,
,,,,,,,,,,,,,,,,,,,,,,,,,,,,,,,,,,,,,,,
,,,,,,,,,,,,,,,,,,,,,,,,,,,,,,,,,,,,,,,
,,,,,,,,,,,,,,,,,,,,,,,,,,,,,,,,,,,,,,,
,,,,,,,,,,,,,,,,,,,,,,,,,,,,,,,,,,,,,,,
,,,,,,,,,,,,,,,,,,,,,,,,,,,,,,,,,,,,,,,
,,,,,,,,,,,,,,,,,,,,,,,,,,,,,,,,,,,,,,,
,,,,,,,,,,,,,,,,,,,,,,,,,,,,,,,,,,,,,,,
,,,,,,,,,,,,,,,,,,,,,,,,,,,,,,,,,,,,,,,
,,,,,,,,,,,,,,,,,,,,,,,,,,,,,,,,,,,,,,,
,,,,,,,,,,,,,,,,,,,,,,,,,,,,,,,,,,,,,,,
,,,,,,,,,,,,,,,,,,,,,,,,,,,,,,,,,,,,,,,
,,,,,,,,,,,,,,,,,,,,,,,,,,,,,,,,,,,,,,,
,,,,,,,,,,,,,,,,,,,,,,,,,,,,,,,,,,,,,,,
,,,,,,,,,,,,,,,,,,,,,,,,,,,,,,,,,,,,,,,
,,,,,,,,,,,,,,,,,,,,,,,,,,,,,,,,,,,,,,,
,,,,,,,,,,,,,,,,,,,,,,,,,,,,,,,,,,,,,,,
,,,,,,,,,,,,,,,,,,,,,,,,,,,,,,,,,,,,,,,
,,,,,,,,,,,,,,,,,,,,,,,,,,,,,,,,,,,,,,,
,,,,,,,,,,,,,,,,,,,,,,,,,,,,,,,,,,,,,,,
,,,,,,,,,,,,,,,,,,,,,,,,,,,,,,,,,,,,,,,
,,,,,,,,,,,,,,,,,,,,,,,,,,,,,,,,,,,,,,,
,,,,,,,,,,,,,,,,,,,,,,,,,,,,,,,,,,,,,,,
,,,,,,,,,,,,,,,,,,,,,,,,,,,,,,,,,,,,,,,
,,,,,,,,,,,,,,,,,,,,,,,,,,,,,,,,,,,,,,,
,,,,,,,,,,,,,,,,,,,,,,,,,,,,,,,,,,,,,,,
,,,,,,,,,,,,,,,,,,,,,,,,,,,,,,,,,,,,,,,
,,,,,,,,,,,,,,,,,,,,,,,,,,,,,,,,,,,,,,,
,,,,,,,,,,,,,,,,,,,,,,,,,,,,,,,,,,,,,,,
,,,,,,,,,,,,,,,,,,,,,,,,,,,,,,,,,,,,,,,
,,,,,,,,,,,,,,,,,,,,,,,,,,,,,,,,,,,,,,,
,,,,,,,,,,,,,,,,,,,,,,,,,,,,,,,,,,,,,,,
,,,,,,,,,,,,,,,,,,,,,,,,,,,,,,,,,,,,,,,
,,,,,,,,,,,,,,,,,,,,,,,,,,,,,,,,,,,,,,,
,,,,,,,,,,,,,,,,,,,,,,,,,,,,,,,,,,,,,,,
,,,,,,,,,,,,,,,,,,,,,,,,,,,,,,,,,,,,,,,
,,,,,,,,,,,,,,,,,,,,,,,,,,,,,,,,,,,,,,,
,,,,,,,,,,,,,,,,,,,,,,,,,,,,,,,,,,,,,,,
,,,,,,,,,,,,,,,,,,,,,,,,,,,,,,,,,,,,,,,
,,,,,,,,,,,,,,,,,,,,,,,,,,,,,,,,,,,,,,,
,,,,,,,,,,,,,,,,,,,,,,,,,,,,,,,,,,,,,,,
,,,,,,,,,,,,,,,,,,,,,,,,,,,,,,,,,,,,,,,
,,,,,,,,,,,,,,,,,,,,,,,,,,,,,,,,,,,,,,,
,,,,,,,,,,,,,,,,,,,,,,,,,,,,,,,,,,,,,,,
,,,,,,,,,,,,,,,,,,,,,,,,,,,,,,,,,,,,,,,
,,,,,,,,,,,,,,,,,,,,,,,,,,,,,,,,,,,,,,,
,,,,,,,,,,,,,,,,,,,,,,,,,,,,,,,,,,,,,,,
,,,,,,,,,,,,,,,,,,,,,,,,,,,,,,,,,,,,,,,
,,,,,,,,,,,,,,,,,,,,,,,,,,,,,,,,,,,,,,,
,,,,,,,,,,,,,,,,,,,,,,,,,,,,,,,,,,,,,,,
,,,,,,,,,,,,,,,,,,,,,,,,,,,,,,,,,,,,,,,
,,,,,,,,,,,,,,,,,,,,,,,,,,,,,,,,,,,,,,,
,,,,,,,,,,,,,,,,,,,,,,,,,,,,,,,,,,,,,,,
,,,,,,,,,,,,,,,,,,,,,,,,,,,,,,,,,,,,,,,
,,,,,,,,,,,,,,,,,,,,,,,,,,,,,,,,,,,,,,,
,,,,,,,,,,,,,,,,,,,,,,,,,,,,,,,,,,,,,,,
,,,,,,,,,,,,,,,,,,,,,,,,,,,,,,,,,,,,,,,
,,,,,,,,,,,,,,,,,,,,,,,,,,,,,,,,,,,,,,,
,,,,,,,,,,,,,,,,,,,,,,,,,,,,,,,,,,,,,,,
,,,,,,,,,,,,,,,,,,,,,,,,,,,,,,,,,,,,,,,
,,,,,,,,,,,,,,,,,,,,,,,,,,,,,,,,,,,,,,,
,,,,,,,,,,,,,,,,,,,,,,,,,,,,,,,,,,,,,,,
,,,,,,,,,,,,,,,,,,,,,,,,,,,,,,,,,,,,,,,
,,,,,,,,,,,,,,,,,,,,,,,,,,,,,,,,,,,,,,,
,,,,,,,,,,,,,,,,,,,,,,,,,,,,,,,,,,,,,,,
,,,,,,,,,,,,,,,,,,,,,,,,,,,,,,,,,,,,,,,
,,,,,,,,,,,,,,,,,,,,,,,,,,,,,,,,,,,,,,,
,,,,,,,,,,,,,,,,,,,,,,,,,,,,,,,,,,,,,,,
,,,,,,,,,,,,,,,,,,,,,,,,,,,,,,,,,,,,,,,
,,,,,,,,,,,,,,,,,,,,,,,,,,,,,,,,,,,,,,,
,,,,,,,,,,,,,,,,,,,,,,,,,,,,,,,,,,,,,,,
,,,,,,,,,,,,,,,,,,,,,,,,,,,,,,,,,,,,,,,
,,,,,,,,,,,,,,,,,,,,,,,,,,,,,,,,,,,,,,,
,,,,,,,,,,,,,,,,,,,,,,,,,,,,,,,,,,,,,,,
,,,,,,,,,,,,,,,,,,,,,,,,,,,,,,,,,,,,,,,
,,,,,,,,,,,,,,,,,,,,,,,,,,,,,,,,,,,,,,,
,,,,,,,,,,,,,,,,,,,,,,,,,,,,,,,,,,,,,,,
,,,,,,,,,,,,,,,,,,,,,,,,,,,,,,,,,,,,,,,
,,,,,,,,,,,,,,,,,,,,,,,,,,,,,,,,,,,,,,,
,,,,,,,,,,,,,,,,,,,,,,,,,,,,,,,,,,,,,,,
,,,,,,,,,,,,,,,,,,,,,,,,,,,,,,,,,,,,,,,
,,,,,,,,,,,,,,,,,,,,,,,,,,,,,,,,,,,,,,,
,,,,,,,,,,,,,,,,,,,,,,,,,,,,,,,,,,,,,,,
,,,,,,,,,,,,,,,,,,,,,,,,,,,,,,,,,,,,,,,
,,,,,,,,,,,,,,,,,,,,,,,,,,,,,,,,,,,,,,,
,,,,,,,,,,,,,,,,,,,,,,,,,,,,,,,,,,,,,,,
,,,,,,,,,,,,,,,,,,,,,,,,,,,,,,,,,,,,,,,
,,,,,,,,,,,,,,,,,,,,,,,,,,,,,,,,,,,,,,,
,,,,,,,,,,,,,,,,,,,,,,,,,,,,,,,,,,,,,,,
,,,,,,,,,,,,,,,,,,,,,,,,,,,,,,,,,,,,,,,
,,,,,,,,,,,,,,,,,,,,,,,,,,,,,,,,,,,,,,,
,,,,,,,,,,,,,,,,,,,,,,,,,,,,,,,,,,,,,,,
,,,,,,,,,,,,,,,,,,,,,,,,,,,,,,,,,,,,,,,
,,,,,,,,,,,,,,,,,,,,,,,,,,,,,,,,,,,,,,,
,,,,,,,,,,,,,,,,,,,,,,,,,,,,,,,,,,,,,,,
,,,,,,,,,,,,,,,,,,,,,,,,,,,,,,,,,,,,,,,
,,,,,,,,,,,,,,,,,,,,,,,,,,,,,,,,,,,,,,,
,,,,,,,,,,,,,,,,,,,,,,,,,,,,,,,,,,,,,,,
,,,,,,,,,,,,,,,,,,,,,,,,,,,,,,,,,,,,,,,
,,,,,,,,,,,,,,,,,,,,,,,,,,,,,,,,,,,,,,,
,,,,,,,,,,,,,,,,,,,,,,,,,,,,,,,,,,,,,,,
,,,,,,,,,,,,,,,,,,,,,,,,,,,,,,,,,,,,,,,
,,,,,,,,,,,,,,,,,,,,,,,,,,,,,,,,,,,,,,,
,,,,,,,,,,,,,,,,,,,,,,,,,,,,,,,,,,,,,,,
,,,,,,,,,,,,,,,,,,,,,,,,,,,,,,,,,,,,,,,
,,,,,,,,,,,,,,,,,,,,,,,,,,,,,,,,,,,,,,,
,,,,,,,,,,,,,,,,,,,,,,,,,,,,,,,,,,,,,,,
,,,,,,,,,,,,,,,,,,,,,,,,,,,,,,,,,,,,,,,
,,,,,,,,,,,,,,,,,,,,,,,,,,,,,,,,,,,,,,,
,,,,,,,,,,,,,,,,,,,,,,,,,,,,,,,,,,,,,,,
,,,,,,,,,,,,,,,,,,,,,,,,,,,,,,,,,,,,,,,
,,,,,,,,,,,,,,,,,,,,,,,,,,,,,,,,,,,,,,,
,,,,,,,,,,,,,,,,,,,,,,,,,,,,,,,,,,,,,,,
,,,,,,,,,,,,,,,,,,,,,,,,,,,,,,,,,,,,,,,
,,,,,,,,,,,,,,,,,,,,,,,,,,,,,,,,,,,,,,,
,,,,,,,,,,,,,,,,,,,,,,,,,,,,,,,,,,,,,,,
,,,,,,,,,,,,,,,,,,,,,,,,,,,,,,,,,,,,,,,
,,,,,,,,,,,,,,,,,,,,,,,,,,,,,,,,,,,,,,,
,,,,,,,,,,,,,,,,,,,,,,,,,,,,,,,,,,,,,,,
,,,,,,,,,,,,,,,,,,,,,,,,,,,,,,,,,,,,,,,
,,,,,,,,,,,,,,,,,,,,,,,,,,,,,,,,,,,,,,,
,,,,,,,,,,,,,,,,,,,,,,,,,,,,,,,,,,,,,,,
,,,,,,,,,,,,,,,,,,,,,,,,,,,,,,,,,,,,,,,
,,,,,,,,,,,,,,,,,,,,,,,,,,,,,,,,,,,,,,,
,,,,,,,,,,,,,,,,,,,,,,,,,,,,,,,,,,,,,,,
,,,,,,,,,,,,,,,,,,,,,,,,,,,,,,,,,,,,,,,
,,,,,,,,,,,,,,,,,,,,,,,,,,,,,,,,,,,,,,,
,,,,,,,,,,,,,,,,,,,,,,,,,,,,,,,,,,,,,,,
,,,,,,,,,,,,,,,,,,,,,,,,,,,,,,,,,,,,,,,
,,,,,,,,,,,,,,,,,,,,,,,,,,,,,,,,,,,,,,,
,,,,,,,,,,,,,,,,,,,,,,,,,,,,,,,,,,,,,,,
,,,,,,,,,,,,,,,,,,,,,,,,,,,,,,,,,,,,,,,
,,,,,,,,,,,,,,,,,,,,,,,,,,,,,,,,,,,,,,,
,,,,,,,,,,,,,,,,,,,,,,,,,,,,,,,,,,,,,,,
,,,,,,,,,,,,,,,,,,,,,,,,,,,,,,,,,,,,,,,
,,,,,,,,,,,,,,,,,,,,,,,,,,,,,,,,,,,,,,,
,,,,,,,,,,,,,,,,,,,,,,,,,,,,,,,,,,,,,,,
,,,,,,,,,,,,,,,,,,,,,,,,,,,,,,,,,,,,,,,
,,,,,,,,,,,,,,,,,,,,,,,,,,,,,,,,,,,,,,,
,,,,,,,,,,,,,,,,,,,,,,,,,,,,,,,,,,,,,,,
,,,,,,,,,,,,,,,,,,,,,,,,,,,,,,,,,,,,,,,
,,,,,,,,,,,,,,,,,,,,,,,,,,,,,,,,,,,,,,,
,,,,,,,,,,,,,,,,,,,,,,,,,,,,,,,,,,,,,,,
,,,,,,,,,,,,,,,,,,,,,,,,,,,,,,,,,,,,,,,
,,,,,,,,,,,,,,,,,,,,,,,,,,,,,,,,,,,,,,,
,,,,,,,,,,,,,,,,,,,,,,,,,,,,,,,,,,,,,,,
,,,,,,,,,,,,,,,,,,,,,,,,,,,,,,,,,,,,,,,
,,,,,,,,,,,,,,,,,,,,,,,,,,,,,,,,,,,,,,,
,,,,,,,,,,,,,,,,,,,,,,,,,,,,,,,,,,,,,,,
,,,,,,,,,,,,,,,,,,,,,,,,,,,,,,,,,,,,,,,
,,,,,,,,,,,,,,,,,,,,,,,,,,,,,,,,,,,,,,,
,,,,,,,,,,,,,,,,,,,,,,,,,,,,,,,,,,,,,,,
,,,,,,,,,,,,,,,,,,,,,,,,,,,,,,,,,,,,,,,
,,,,,,,,,,,,,,,,,,,,,,,,,,,,,,,,,,,,,,,
,,,,,,,,,,,,,,,,,,,,,,,,,,,,,,,,,,,,,,,
,,,,,,,,,,,,,,,,,,,,,,,,,,,,,,,,,,,,,,,
,,,,,,,,,,,,,,,,,,,,,,,,,,,,,,,,,,,,,,,
,,,,,,,,,,,,,,,,,,,,,,,,,,,,,,,,,,,,,,,
,,,,,,,,,,,,,,,,,,,,,,,,,,,,,,,,,,,,,,,
,,,,,,,,,,,,,,,,,,,,,,,,,,,,,,,,,,,,,,,
,,,,,,,,,,,,,,,,,,,,,,,,,,,,,,,,,,,,,,,
,,,,,,,,,,,,,,,,,,,,,,,,,,,,,,,,,,,,,,,
,,,,,,,,,,,,,,,,,,,,,,,,,,,,,,,,,,,,,,,
,,,,,,,,,,,,,,,,,,,,,,,,,,,,,,,,,,,,,,,
,,,,,,,,,,,,,,,,,,,,,,,,,,,,,,,,,,,,,,,
,,,,,,,,,,,,,,,,,,,,,,,,,,,,,,,,,,,,,,,
,,,,,,,,,,,,,,,,,,,,,,,,,,,,,,,,,,,,,,,
,,,,,,,,,,,,,,,,,,,,,,,,,,,,,,,,,,,,,,,
,,,,,,,,,,,,,,,,,,,,,,,,,,,,,,,,,,,,,,,
,,,,,,,,,,,,,,,,,,,,,,,,,,,,,,,,,,,,,,,
,,,,,,,,,,,,,,,,,,,,,,,,,,,,,,,,,,,,,,,
,,,,,,,,,,,,,,,,,,,,,,,,,,,,,,,,,,,,,,,
,,,,,,,,,,,,,,,,,,,,,,,,,,,,,,,,,,,,,,,
,,,,,,,,,,,,,,,,,,,,,,,,,,,,,,,,,,,,,,,
,,,,,,,,,,,,,,,,,,,,,,,,,,,,,,,,,,,,,,,
,,,,,,,,,,,,,,,,,,,,,,,,,,,,,,,,,,,,,,,
,,,,,,,,,,,,,,,,,,,,,,,,,,,,,,,,,,,,,,,
,,,,,,,,,,,,,,,,,,,,,,,,,,,,,,,,,,,,,,,
,,,,,,,,,,,,,,,,,,,,,,,,,,,,,,,,,,,,,,,
,,,,,,,,,,,,,,,,,,,,,,,,,,,,,,,,,,,,,,,
,,,,,,,,,,,,,,,,,,,,,,,,,,,,,,,,,,,,,,,
,,,,,,,,,,,,,,,,,,,,,,,,,,,,,,,,,,,,,,,
,,,,,,,,,,,,,,,,,,,,,,,,,,,,,,,,,,,,,,,
,,,,,,,,,,,,,,,,,,,,,,,,,,,,,,,,,,,,,,,
,,,,,,,,,,,,,,,,,,,,,,,,,,,,,,,,,,,,,,,
,,,,,,,,,,,,,,,,,,,,,,,,,,,,,,,,,,,,,,,
,,,,,,,,,,,,,,,,,,,,,,,,,,,,,,,,,,,,,,,
,,,,,,,,,,,,,,,,,,,,,,,,,,,,,,,,,,,,,,,
,,,,,,,,,,,,,,,,,,,,,,,,,,,,,,,,,,,,,,,
,,,,,,,,,,,,,,,,,,,,,,,,,,,,,,,,,,,,,,,
,,,,,,,,,,,,,,,,,,,,,,,,,,,,,,,,,,,,,,,
,,,,,,,,,,,,,,,,,,,,,,,,,,,,,,,,,,,,,,,
,,,,,,,,,,,,,,,,,,,,,,,,,,,,,,,,,,,,,,,
,,,,,,,,,,,,,,,,,,,,,,,,,,,,,,,,,,,,,,,
,,,,,,,,,,,,,,,,,,,,,,,,,,,,,,,,,,,,,,,
,,,,,,,,,,,,,,,,,,,,,,,,,,,,,,,,,,,,,,,
,,,,,,,,,,,,,,,,,,,,,,,,,,,,,,,,,,,,,,,
,,,,,,,,,,,,,,,,,,,,,,,,,,,,,,,,,,,,,,,
,,,,,,,,,,,,,,,,,,,,,,,,,,,,,,,,,,,,,,,
,,,,,,,,,,,,,,,,,,,,,,,,,,,,,,,,,,,,,,,
,,,,,,,,,,,,,,,,,,,,,,,,,,,,,,,,,,,,,,,
,,,,,,,,,,,,,,,,,,,,,,,,,,,,,,,,,,,,,,,
,,,,,,,,,,,,,,,,,,,,,,,,,,,,,,,,,,,,,,,
,,,,,,,,,,,,,,,,,,,,,,,,,,,,,,,,,,,,,,,
,,,,,,,,,,,,,,,,,,,,,,,,,,,,,,,,,,,,,,,
,,,,,,,,,,,,,,,,,,,,,,,,,,,,,,,,,,,,,,,
,,,,,,,,,,,,,,,,,,,,,,,,,,,,,,,,,,,,,,,
,,,,,,,,,,,,,,,,,,,,,,,,,,,,,,,,,,,,,,,
,,,,,,,,,,,,,,,,,,,,,,,,,,,,,,,,,,,,,,,
,,,,,,,,,,,,,,,,,,,,,,,,,,,,,,,,,,,,,,,
,,,,,,,,,,,,,,,,,,,,,,,,,,,,,,,,,,,,,,,
,,,,,,,,,,,,,,,,,,,,,,,,,,,,,,,,,,,,,,,
,,,,,,,,,,,,,,,,,,,,,,,,,,,,,,,,,,,,,,,
,,,,,,,,,,,,,,,,,,,,,,,,,,,,,,,,,,,,,,,
,,,,,,,,,,,,,,,,,,,,,,,,,,,,,,,,,,,,,,,
,,,,,,,,,,,,,,,,,,,,,,,,,,,,,,,,,,,,,,,
,,,,,,,,,,,,,,,,,,,,,,,,,,,,,,,,,,,,,,,
,,,,,,,,,,,,,,,,,,,,,,,,,,,,,,,,,,,,,,,
,,,,,,,,,,,,,,,,,,,,,,,,,,,,,,,,,,,,,,,
,,,,,,,,,,,,,,,,,,,,,,,,,,,,,,,,,,,,,,,
,,,,,,,,,,,,,,,,,,,,,,,,,,,,,,,,,,,,,,,
,,,,,,,,,,,,,,,,,,,,,,,,,,,,,,,,,,,,,,,
,,,,,,,,,,,,,,,,,,,,,,,,,,,,,,,,,,,,,,,
,,,,,,,,,,,,,,,,,,,,,,,,,,,,,,,,,,,,,,,
,,,,,,,,,,,,,,,,,,,,,,,,,,,,,,,,,,,,,,,
,,,,,,,,,,,,,,,,,,,,,,,,,,,,,,,,,,,,,,,
,,,,,,,,,,,,,,,,,,,,,,,,,,,,,,,,,,,,,,,
,,,,,,,,,,,,,,,,,,,,,,,,,,,,,,,,,,,,,,,
,,,,,,,,,,,,,,,,,,,,,,,,,,,,,,,,,,,,,,,
,,,,,,,,,,,,,,,,,,,,,,,,,,,,,,,,,,,,,,,
,,,,,,,,,,,,,,,,,,,,,,,,,,,,,,,,,,,,,,,
,,,,,,,,,,,,,,,,,,,,,,,,,,,,,,,,,,,,,,,
,,,,,,,,,,,,,,,,,,,,,,,,,,,,,,,,,,,,,,,
,,,,,,,,,,,,,,,,,,,,,,,,,,,,,,,,,,,,,,,
,,,,,,,,,,,,,,,,,,,,,,,,,,,,,,,,,,,,,,,
,,,,,,,,,,,,,,,,,,,,,,,,,,,,,,,,,,,,,,,
,,,,,,,,,,,,,,,,,,,,,,,,,,,,,,,,,,,,,,,
,,,,,,,,,,,,,,,,,,,,,,,,,,,,,,,,,,,,,,,
,,,,,,,,,,,,,,,,,,,,,,,,,,,,,,,,,,,,,,,
,,,,,,,,,,,,,,,,,,,,,,,,,,,,,,,,,,,,,,,
,,,,,,,,,,,,,,,,,,,,,,,,,,,,,,,,,,,,,,,
,,,,,,,,,,,,,,,,,,,,,,,,,,,,,,,,,,,,,,,
,,,,,,,,,,,,,,,,,,,,,,,,,,,,,,,,,,,,,,,
,,,,,,,,,,,,,,,,,,,,,,,,,,,,,,,,,,,,,,,
,,,,,,,,,,,,,,,,,,,,,,,,,,,,,,,,,,,,,,,
,,,,,,,,,,,,,,,,,,,,,,,,,,,,,,,,,,,,,,,
,,,,,,,,,,,,,,,,,,,,,,,,,,,,,,,,,,,,,,,
,,,,,,,,,,,,,,,,,,,,,,,,,,,,,,,,,,,,,,,
,,,,,,,,,,,,,,,,,,,,,,,,,,,,,,,,,,,,,,,
,,,,,,,,,,,,,,,,,,,,,,,,,,,,,,,,,,,,,,,
,,,,,,,,,,,,,,,,,,,,,,,,,,,,,,,,,,,,,,,
,,,,,,,,,,,,,,,,,,,,,,,,,,,,,,,,,,,,,,,
,,,,,,,,,,,,,,,,,,,,,,,,,,,,,,,,,,,,,,,
,,,,,,,,,,,,,,,,,,,,,,,,,,,,,,,,,,,,,,,
,,,,,,,,,,,,,,,,,,,,,,,,,,,,,,,,,,,,,,,
,,,,,,,,,,,,,,,,,,,,,,,,,,,,,,,,,,,,,,,
,,,,,,,,,,,,,,,,,,,,,,,,,,,,,,,,,,,,,,,
,,,,,,,,,,,,,,,,,,,,,,,,,,,,,,,,,,,,,,,
,,,,,,,,,,,,,,,,,,,,,,,,,,,,,,,,,,,,,,,
,,,,,,,,,,,,,,,,,,,,,,,,,,,,,,,,,,,,,,,
,,,,,,,,,,,,,,,,,,,,,,,,,,,,,,,,,,,,,,,
,,,,,,,,,,,,,,,,,,,,,,,,,,,,,,,,,,,,,,,
,,,,,,,,,,,,,,,,,,,,,,,,,,,,,,,,,,,,,,,
,,,,,,,,,,,,,,,,,,,,,,,,,,,,,,,,,,,,,,,
,,,,,,,,,,,,,,,,,,,,,,,,,,,,,,,,,,,,,,,
,,,,,,,,,,,,,,,,,,,,,,,,,,,,,,,,,,,,,,,
,,,,,,,,,,,,,,,,,,,,,,,,,,,,,,,,,,,,,,,
,,,,,,,,,,,,,,,,,,,,,,,,,,,,,,,,,,,,,,,
,,,,,,,,,,,,,,,,,,,,,,,,,,,,,,,,,,,,,,,
,,,,,,,,,,,,,,,,,,,,,,,,,,,,,,,,,,,,,,,
,,,,,,,,,,,,,,,,,,,,,,,,,,,,,,,,,,,,,,,
,,,,,,,,,,,,,,,,,,,,,,,,,,,,,,,,,,,,,,,
,,,,,,,,,,,,,,,,,,,,,,,,,,,,,,,,,,,,,,,
,,,,,,,,,,,,,,,,,,,,,,,,,,,,,,,,,,,,,,,
,,,,,,,,,,,,,,,,,,,,,,,,,,,,,,,,,,,,,,,
,,,,,,,,,,,,,,,,,,,,,,,,,,,,,,,,,,,,,,,
,,,,,,,,,,,,,,,,,,,,,,,,,,,,,,,,,,,,,,,
,,,,,,,,,,,,,,,,,,,,,,,,,,,,,,,,,,,,,,,
,,,,,,,,,,,,,,,,,,,,,,,,,,,,,,,,,,,,,,,
,,,,,,,,,,,,,,,,,,,,,,,,,,,,,,,,,,,,,,,
,,,,,,,,,,,,,,,,,,,,,,,,,,,,,,,,,,,,,,,
,,,,,,,,,,,,,,,,,,,,,,,,,,,,,,,,,,,,,,,
,,,,,,,,,,,,,,,,,,,,,,,,,,,,,,,,,,,,,,,
,,,,,,,,,,,,,,,,,,,,,,,,,,,,,,,,,,,,,,,
,,,,,,,,,,,,,,,,,,,,,,,,,,,,,,,,,,,,,,,
,,,,,,,,,,,,,,,,,,,,,,,,,,,,,,,,,,,,,,,
,,,,,,,,,,,,,,,,,,,,,,,,,,,,,,,,,,,,,,,
,,,,,,,,,,,,,,,,,,,,,,,,,,,,,,,,,,,,,,,
,,,,,,,,,,,,,,,,,,,,,,,,,,,,,,,,,,,,,,,
,,,,,,,,,,,,,,,,,,,,,,,,,,,,,,,,,,,,,,,
,,,,,,,,,,,,,,,,,,,,,,,,,,,,,,,,,,,,,,,
,,,,,,,,,,,,,,,,,,,,,,,,,,,,,,,,,,,,,,,
,,,,,,,,,,,,,,,,,,,,,,,,,,,,,,,,,,,,,,,
,,,,,,,,,,,,,,,,,,,,,,,,,,,,,,,,,,,,,,,
,,,,,,,,,,,,,,,,,,,,,,,,,,,,,,,,,,,,,,,
,,,,,,,,,,,,,,,,,,,,,,,,,,,,,,,,,,,,,,,
,,,,,,,,,,,,,,,,,,,,,,,,,,,,,,,,,,,,,,,
,,,,,,,,,,,,,,,,,,,,,,,,,,,,,,,,,,,,,,,
,,,,,,,,,,,,,,,,,,,,,,,,,,,,,,,,,,,,,,,
,,,,,,,,,,,,,,,,,,,,,,,,,,,,,,,,,,,,,,,
,,,,,,,,,,,,,,,,,,,,,,,,,,,,,,,,,,,,,,,
,,,,,,,,,,,,,,,,,,,,,,,,,,,,,,,,,,,,,,,
,,,,,,,,,,,,,,,,,,,,,,,,,,,,,,,,,,,,,,,
,,,,,,,,,,,,,,,,,,,,,,,,,,,,,,,,,,,,,,,
,,,,,,,,,,,,,,,,,,,,,,,,,,,,,,,,,,,,,,,
,,,,,,,,,,,,,,,,,,,,,,,,,,,,,,,,,,,,,,,
,,,,,,,,,,,,,,,,,,,,,,,,,,,,,,,,,,,,,,,
,,,,,,,,,,,,,,,,,,,,,,,,,,,,,,,,,,,,,,,
,,,,,,,,,,,,,,,,,,,,,,,,,,,,,,,,,,,,,,,
,,,,,,,,,,,,,,,,,,,,,,,,,,,,,,,,,,,,,,,
,,,,,,,,,,,,,,,,,,,,,,,,,,,,,,,,,,,,,,,
,,,,,,,,,,,,,,,,,,,,,,,,,,,,,,,,,,,,,,,
,,,,,,,,,,,,,,,,,,,,,,,,,,,,,,,,,,,,,,,
,,,,,,,,,,,,,,,,,,,,,,,,,,,,,,,,,,,,,,,
,,,,,,,,,,,,,,,,,,,,,,,,,,,,,,,,,,,,,,,
,,,,,,,,,,,,,,,,,,,,,,,,,,,,,,,,,,,,,,,
,,,,,,,,,,,,,,,,,,,,,,,,,,,,,,,,,,,,,,,
,,,,,,,,,,,,,,,,,,,,,,,,,,,,,,,,,,,,,,,
,,,,,,,,,,,,,,,,,,,,,,,,,,,,,,,,,,,,,,,
,,,,,,,,,,,,,,,,,,,,,,,,,,,,,,,,,,,,,,,
,,,,,,,,,,,,,,,,,,,,,,,,,,,,,,,,,,,,,,,
,,,,,,,,,,,,,,,,,,,,,,,,,,,,,,,,,,,,,,,
,,,,,,,,,,,,,,,,,,,,,,,,,,,,,,,,,,,,,,,
,,,,,,,,,,,,,,,,,,,,,,,,,,,,,,,,,,,,,,,
,,,,,,,,,,,,,,,,,,,,,,,,,,,,,,,,,,,,,,,
,,,,,,,,,,,,,,,,,,,,,,,,,,,,,,,,,,,,,,,
,,,,,,,,,,,,,,,,,,,,,,,,,,,,,,,,,,,,,,,
,,,,,,,,,,,,,,,,,,,,,,,,,,,,,,,,,,,,,,,
,,,,,,,,,,,,,,,,,,,,,,,,,,,,,,,,,,,,,,,
,,,,,,,,,,,,,,,,,,,,,,,,,,,,,,,,,,,,,,,
,,,,,,,,,,,,,,,,,,,,,,,,,,,,,,,,,,,,,,,
,,,,,,,,,,,,,,,,,,,,,,,,,,,,,,,,,,,,,,,
,,,,,,,,,,,,,,,,,,,,,,,,,,,,,,,,,,,,,,,
,,,,,,,,,,,,,,,,,,,,,,,,,,,,,,,,,,,,,,,
,,,,,,,,,,,,,,,,,,,,,,,,,,,,,,,,,,,,,,,
,,,,,,,,,,,,,,,,,,,,,,,,,,,,,,,,,,,,,,,
,,,,,,,,,,,,,,,,,,,,,,,,,,,,,,,,,,,,,,,
,,,,,,,,,,,,,,,,,,,,,,,,,,,,,,,,,,,,,,,
,,,,,,,,,,,,,,,,,,,,,,,,,,,,,,,,,,,,,,,
,,,,,,,,,,,,,,,,,,,,,,,,,,,,,,,,,,,,,,,
,,,,,,,,,,,,,,,,,,,,,,,,,,,,,,,,,,,,,,,
,,,,,,,,,,,,,,,,,,,,,,,,,,,,,,,,,,,,,,,
,,,,,,,,,,,,,,,,,,,,,,,,,,,,,,,,,,,,,,,
,,,,,,,,,,,,,,,,,,,,,,,,,,,,,,,,,,,,,,,
,,,,,,,,,,,,,,,,,,,,,,,,,,,,,,,,,,,,,,,
,,,,,,,,,,,,,,,,,,,,,,,,,,,,,,,,,,,,,,,
,,,,,,,,,,,,,,,,,,,,,,,,,,,,,,,,,,,,,,,
,,,,,,,,,,,,,,,,,,,,,,,,,,,,,,,,,,,,,,,
,,,,,,,,,,,,,,,,,,,,,,,,,,,,,,,,,,,,,,,
,,,,,,,,,,,,,,,,,,,,,,,,,,,,,,,,,,,,,,,
,,,,,,,,,,,,,,,,,,,,,,,,,,,,,,,,,,,,,,,
,,,,,,,,,,,,,,,,,,,,,,,,,,,,,,,,,,,,,,,
,,,,,,,,,,,,,,,,,,,,,,,,,,,,,,,,,,,,,,,
,,,,,,,,,,,,,,,,,,,,,,,,,,,,,,,,,,,,,,,
,,,,,,,,,,,,,,,,,,,,,,,,,,,,,,,,,,,,,,,
,,,,,,,,,,,,,,,,,,,,,,,,,,,,,,,,,,,,,,,
,,,,,,,,,,,,,,,,,,,,,,,,,,,,,,,,,,,,,,,
,,,,,,,,,,,,,,,,,,,,,,,,,,,,,,,,,,,,,,,
,,,,,,,,,,,,,,,,,,,,,,,,,,,,,,,,,,,,,,,
,,,,,,,,,,,,,,,,,,,,,,,,,,,,,,,,,,,,,,,
,,,,,,,,,,,,,,,,,,,,,,,,,,,,,,,,,,,,,,,
,,,,,,,,,,,,,,,,,,,,,,,,,,,,,,,,,,,,,,,
,,,,,,,,,,,,,,,,,,,,,,,,,,,,,,,,,,,,,,,
,,,,,,,,,,,,,,,,,,,,,,,,,,,,,,,,,,,,,,,
,,,,,,,,,,,,,,,,,,,,,,,,,,,,,,,,,,,,,,,
,,,,,,,,,,,,,,,,,,,,,,,,,,,,,,,,,,,,,,,
,,,,,,,,,,,,,,,,,,,,,,,,,,,,,,,,,,,,,,,
,,,,,,,,,,,,,,,,,,,,,,,,,,,,,,,,,,,,,,,
,,,,,,,,,,,,,,,,,,,,,,,,,,,,,,,,,,,,,,,
,,,,,,,,,,,,,,,,,,,,,,,,,,,,,,,,,,,,,,,
,,,,,,,,,,,,,,,,,,,,,,,,,,,,,,,,,,,,,,,
,,,,,,,,,,,,,,,,,,,,,,,,,,,,,,,,,,,,,,,
,,,,,,,,,,,,,,,,,,,,,,,,,,,,,,,,,,,,,,,
,,,,,,,,,,,,,,,,,,,,,,,,,,,,,,,,,,,,,,,
,,,,,,,,,,,,,,,,,,,,,,,,,,,,,,,,,,,,,,,
,,,,,,,,,,,,,,,,,,,,,,,,,,,,,,,,,,,,,,,
,,,,,,,,,,,,,,,,,,,,,,,,,,,,,,,,,,,,,,,
,,,,,,,,,,,,,,,,,,,,,,,,,,,,,,,,,,,,,,,
,,,,,,,,,,,,,,,,,,,,,,,,,,,,,,,,,,,,,,,
,,,,,,,,,,,,,,,,,,,,,,,,,,,,,,,,,,,,,,,
,,,,,,,,,,,,,,,,,,,,,,,,,,,,,,,,,,,,,,,
,,,,,,,,,,,,,,,,,,,,,,,,,,,,,,,,,,,,,,,
,,,,,,,,,,,,,,,,,,,,,,,,,,,,,,,,,,,,,,,
,,,,,,,,,,,,,,,,,,,,,,,,,,,,,,,,,,,,,,,
,,,,,,,,,,,,,,,,,,,,,,,,,,,,,,,,,,,,,,,
,,,,,,,,,,,,,,,,,,,,,,,,,,,,,,,,,,,,,,,
,,,,,,,,,,,,,,,,,,,,,,,,,,,,,,,,,,,,,,,
,,,,,,,,,,,,,,,,,,,,,,,,,,,,,,,,,,,,,,,
,,,,,,,,,,,,,,,,,,,,,,,,,,,,,,,,,,,,,,,
,,,,,,,,,,,,,,,,,,,,,,,,,,,,,,,,,,,,,,,
,,,,,,,,,,,,,,,,,,,,,,,,,,,,,,,,,,,,,,,
,,,,,,,,,,,,,,,,,,,,,,,,,,,,,,,,,,,,,,,
,,,,,,,,,,,,,,,,,,,,,,,,,,,,,,,,,,,,,,,
,,,,,,,,,,,,,,,,,,,,,,,,,,,,,,,,,,,,,,,
,,,,,,,,,,,,,,,,,,,,,,,,,,,,,,,,,,,,,,,
,,,,,,,,,,,,,,,,,,,,,,,,,,,,,,,,,,,,,,,
,,,,,,,,,,,,,,,,,,,,,,,,,,,,,,,,,,,,,,,
,,,,,,,,,,,,,,,,,,,,,,,,,,,,,,,,,,,,,,,
,,,,,,,,,,,,,,,,,,,,,,,,,,,,,,,,,,,,,,,
,,,,,,,,,,,,,,,,,,,,,,,,,,,,,,,,,,,,,,,
,,,,,,,,,,,,,,,,,,,,,,,,,,,,,,,,,,,,,,,
,,,,,,,,,,,,,,,,,,,,,,,,,,,,,,,,,,,,,,,
,,,,,,,,,,,,,,,,,,,,,,,,,,,,,,,,,,,,,,,
,,,,,,,,,,,,,,,,,,,,,,,,,,,,,,,,,,,,,,,
,,,,,,,,,,,,,,,,,,,,,,,,,,,,,,,,,,,,,,,
,,,,,,,,,,,,,,,,,,,,,,,,,,,,,,,,,,,,,,,
,,,,,,,,,,,,,,,,,,,,,,,,,,,,,,,,,,,,,,,
,,,,,,,,,,,,,,,,,,,,,,,,,,,,,,,,,,,,,,,
,,,,,,,,,,,,,,,,,,,,,,,,,,,,,,,,,,,,,,,
,,,,,,,,,,,,,,,,,,,,,,,,,,,,,,,,,,,,,,,
,,,,,,,,,,,,,,,,,,,,,,,,,,,,,,,,,,,,,,,
,,,,,,,,,,,,,,,,,,,,,,,,,,,,,,,,,,,,,,,
,,,,,,,,,,,,,,,,,,,,,,,,,,,,,,,,,,,,,,,
,,,,,,,,,,,,,,,,,,,,,,,,,,,,,,,,,,,,,,,
,,,,,,,,,,,,,,,,,,,,,,,,,,,,,,,,,,,,,,,
,,,,,,,,,,,,,,,,,,,,,,,,,,,,,,,,,,,,,,,
,,,,,,,,,,,,,,,,,,,,,,,,,,,,,,,,,,,,,,,
,,,,,,,,,,,,,,,,,,,,,,,,,,,,,,,,,,,,,,,
,,,,,,,,,,,,,,,,,,,,,,,,,,,,,,,,,,,,,,,
,,,,,,,,,,,,,,,,,,,,,,,,,,,,,,,,,,,,,,,
,,,,,,,,,,,,,,,,,,,,,,,,,,,,,,,,,,,,,,,
,,,,,,,,,,,,,,,,,,,,,,,,,,,,,,,,,,,,,,,
,,,,,,,,,,,,,,,,,,,,,,,,,,,,,,,,,,,,,,,
,,,,,,,,,,,,,,,,,,,,,,,,,,,,,,,,,,,,,,,
Vicious Bunny Feet,FOOT\foot1_EasterBunny.txt,FOOT\foot2_EasterBunny.txt,6,153,0,0,2,10,5072,240,579,,,,,,,,,,,,,,,,,,30,10,1,10,70,,,,,,LFOO2999
Easter Bunny Feet,FOOT\foot1_EasterBunny.txt,FOOT\foot2_EasterBunny.txt,6,153,0,0,2,10,5072,240,579,93,1,1830,1,,,,,,,,,,,,,,30,10,1,10,70,,,,,,LFOO3000
Wizard's Shoes,FOOT\foot1_magic_school.txt,FOOT\foot2_magic_school.txt,6,153,0,0,2,0,5085,240,579,,,,,,,,,,,,,,,,,,30,,,10,70,,,,,,LFOO3001
Brown Cadet Shoes,FOOT\foot1_soldier_brown.txt,FOOT\foot2_soldier_brown.txt,6,153,0,0,2,0,5098,240,579,,,,,,,,,,,,,,,,,,30,,,10,70,,,,,,LFOO3002
Blue Cadet Shoes,FOOT\foot1_soldier.txt,FOOT\foot2_soldier.txt,6,153,0,0,2,0,5111,240,579,,,,,,,,,,,,,,,,,,30,,,10,70,,,,,,LFOO3003
Black Cadet Shoes,FOOT\foot1_soldier_black.txt,FOOT\foot2_soldier_black.txt,6,153,0,0,2,0,5124,240,579,,,,,,,,,,,,,,,,,,30,,,10,70,,,,,,LFOO3004
Green Cadet Shoes,FOOT\foot1_soldier_green.txt,FOOT\foot2_soldier_green.txt,6,153,0,0,2,0,5137,240,579,,,,,,,,,,,,,,,,,,30,,,10,70,,,,,,LFOO3005
,,,,,,,,,,,,,,,,,,,,,,,,,,,,,,,,,,,,,,,
,,,,,,,,,,,,,,,,,,,,,,,,,,,,,,,,,,,,,,,
,,,,,,,,,,,,,,,,,,,,,,,,,,,,,,,,,,,,,,,
,,,,,,,,,,,,,,,,,,,,,,,,,,,,,,,,,,,,,,,
Inmate Shoes,FOOT\foot1_prisoner_orange.txt,FOOT\foot2_prisoner_orange.txt,7,153,0,0,2,0,5076,240,579,,,,,,,,,,,,,,,,,,30,,,10,70,,,,,,LFOO3010
Prisoner Shoes,FOOT\foot1_prisoner.txt,FOOT\foot2_prisoner.txt,7,153,0,0,2,0,5089,240,579,,,,,,,,,,,,,,,,,,30,,,10,70,,,,,,LFOO3011
Police Boots,FOOT\foot1_police.txt,FOOT\foot2_police.txt,7,153,0,0,2,0,5102,240,579,,,,,,,,,,,,,,,,,,30,,,10,70,,,,,,LFOO3012
Highway Patrol Boots,FOOT\foot1_police_CHP.txt,FOOT\foot2_police_CHP.txt,7,153,0,0,2,0,5115,240,579,,,,,,,,,,,,,,,,,,30,,,10,70,,,,,,LFOO3013
Fire Rescue Boots,FOOT\foot1_fireman.txt,FOOT\foot2_fireman.txt,7,153,0,0,2,0,5128,240,579,,,,,,,,,,,,,,,,,,30,,,10,70,,,,,,LFOO3014
Fire Fighter Boots,FOOT\foot1_fireman_black.txt,FOOT\foot2_fireman_black.txt,7,153,0,0,2,0,5141,240,579,,,,,,,,,,,,,,,,,,30,,,10,70,,,,,,LFOO3015
Cowboy Boots,FOOT\foot1_cowboy.txt,FOOT\foot2_cowboy.txt,7,153,0,0,2,0,5154,240,579,,,,,,,,,,,,,,,,,,30,,,10,70,,,,,,LFOO3016
Indian Shoes,FOOT\foot1_indian.txt,FOOT\foot2_indian.txt,7,153,0,0,2,0,5167,240,579,,,,,,,,,,,,,,,,,,30,,,10,70,,,,,,LFOO3017
Doctor Shoes,FOOT\foot1_doctor.txt,FOOT\foot2_doctor.txt,7,153,0,0,2,0,5180,240,579,,,,,,,,,,,,,,,,,,30,,,10,70,,,,,,LFOO3018
Hunter Boots,FOOT\foot1_hunter.txt,FOOT\foot2_hunter.txt,7,153,0,0,2,0,5193,240,579,,,,,,,,,,,,,,,,,,30,,,10,70,,,,,,LFOO3019
Warlock Shoes,FOOT\foot1_warlock2.txt,FOOT\foot2_warlock2.txt,7,153,0,0,2,0,5206,240,579,,,,,,,,,,,,,,,,,,30,,,10,70,,,,,,LFOO3020
Alien Feet,FOOT\foot1_alien.txt,FOOT\foot2_alien.txt,7,153,0,0,2,0,5219,240,579,,,,,,,,,,,,,,,,,,30,,,10,70,,,,,,LFOO3021
Caveman Slippers,FOOT\foot1_caveman.txt,FOOT\foot2_caveman.txt,7,153,0,0,2,0,5080,240,579,,,,,,,,,,,,,,,,,,30,,,10,70,,,,,,LFOO3022
,,,,,,,,,,,,,,,,,,,,,,,,,,,,,,,,,,,,,,,
,,,,,,,,,,,,,,,,,,,,,,,,,,,,,,,,,,,,,,,
Shark Fins,FOOT\foot1_shark.txt,FOOT\foot2_shark.txt,6,153,0,0,2,10,5185,240,579,93,1,1836,1,,,,,,,,,,,,,,30,10,0,10,70,,,,,,LFOO3025
,,,,,,,,,,,,,,,,,,,,,,,,,,,,,,,,,,,,,,,
Hip Hopper Shoes,FOOT\foot1_hiphop.txt,FOOT\foot2_hiphop.txt,7,153,0,0,2,10,7850,240,579,,,,,,,,,,,,,,,,,,30,,10,10,70,,,,,,LFOO3027
Crazy Twenties Shoes,FOOT\foot1_hiphop.txt,FOOT\foot2_hiphop.txt,6,153,0,0,2,10,7852,240,579,,,,,,,,,,,,,,,,,,30,,10,10,70,,,,,,LFOO3028
Rockabilly Shoes,FOOT\foot1_hiphop.txt,FOOT\foot2_hiphop.txt,6,153,0,0,2,10,7853,240,579,,,,,,,,,,,,,,,,,,30,,10,10,70,,,,,,LFOO3029
HipHop Shoes,FOOT\foot1_hiphop.txt,FOOT\foot2_hiphop.txt,7,153,0,0,2,10,6399,240,579,,,,,,,,,,,,,,,,,,30,,10,10,70,,,,,,LFOO3030
Shakespearean Shoes,FOOT\foot1_shakespearean.txt,FOOT\foot2_shakespearean.txt,7,153,0,0,2,10,6403,240,579,,,,,,,,,,,,,,,,,,30,,10,10,70,,,,,,LFOO3031
Spartan Sandals,FOOT\foot1_spartan.txt,FOOT\foot2_spartan.txt,7,153,0,0,2,10,6407,240,579,,,,,,,,,,,,,,,,,,30,,10,10,70,,,,,,LFOO3032
Blue Party Shoes,FOOT\foot1_hiphop.txt,FOOT\foot2_hiphop.txt,6,153,0,0,2,10,8229,240,579,,,,,,,,,,,,,,,,,,30,,10,10,70,,,,,,LFOO3033
Red Party Shoes,FOOT\foot1_hiphop.txt,FOOT\foot2_hiphop.txt,6,153,0,0,2,10,8230,240,579,,,,,,,,,,,,,,,,,,30,,10,10,70,,,,,,LFOO3034
,,,,,,,,,,,,,,,,,,,,,,,,,,,,,,,,,,,,,,,
,,,,,,,,,,,,,,,,,,,,,,,,,,,,,,,,,,,,,,,
,,,,,,,,,,,,,,,,,,,,,,,,,,,,,,,,,,,,,,,
,,,,,,,,,,,,,,,,,,,,,,,,,,,,,,,,,,,,,,,
,,,,,,,,,,,,,,,,,,,,,,,,,,,,,,,,,,,,,,,
,,,,,,,,,,,,,,,,,,,,,,,,,,,,,,,,,,,,,,,
,,,,,,,,,,,,,,,,,,,,,,,,,,,,,,,,,,,,,,,
,,,,,,,,,,,,,,,,,,,,,,,,,,,,,,,,,,,,,,,
,,,,,,,,,,,,,,,,,,,,,,,,,,,,,,,,,,,,,,,
,,,,,,,,,,,,,,,,,,,,,,,,,,,,,,,,,,,,,,,
,,,,,,,,,,,,,,,,,,,,,,,,,,,,,,,,,,,,,,,
,,,,,,,,,,,,,,,,,,,,,,,,,,,,,,,,,,,,,,,
,,,,,,,,,,,,,,,,,,,,,,,,,,,,,,,,,,,,,,,
,,,,,,,,,,,,,,,,,,,,,,,,,,,,,,,,,,,,,,,
Swamp Fairy Shoes,,,6,153,1000,0,2,10,8725,244,579,,,,,,,,,,,,,14,4,,,,30,,10,8,80,,,,,,LFOO3049
Flower Fairy Shoes,FOOT\youseifoot_orange_m_0417_wa.txt,FOOT\youseifoot_orange_f_0417_wa.txt,6,153,1000,0,2,10,9785,244,579,,,,,,,,,,,,,14,4,,,,30,,10,8,80,,,,,,LFOO3050
Water Fairy Shoes,,,6,153,1000,0,2,10,8716,244,579,,,,,,,,,,,,,14,4,,,,30,,10,8,80,,,,,,LFOO3051
Sunlight Fairy Shoes,,,6,153,1000,0,2,10,8719,244,579,,,,,,,,,,,,,14,4,,,,30,,10,8,80,,,,,,LFOO3052
,,,,,,,,,,,,,,,,,,,,,,,,,,,,,,,,,,,,,,,
Kyudo Sandals,FOOT\battlemage_foot_m_0601_cr.txt,FOOT\battlemage_foot_f_0601_cr.txt,7,153,1000,0,2,10,7406,244,579,,,,,,,,,,,,,,,,,,30,,10,8,85,,,,,,LFOO3054
Idol Shoes,FOOT\battlemage_foot_m_0601_cr.txt,FOOT\battlemage_foot_f_0601_cr.txt,7,153,1000,0,2,10,4075,244,579,,,,,,,,,,,,,,,,,,30,,10,8,85,,,,,,LFOO3055
Noble Boots,FOOT\battlemage_foot_m_0601_cr.txt,FOOT\battlemage_foot_f_0601_cr.txt,7,153,1000,0,2,10,4139,244,579,,,,,,,,,,,,,,,,,,30,,10,8,85,,,,,,LFOO3056
Winged Boots,FOOT\battlemage_foot_m_0601_cr.txt,FOOT\battlemage_foot_f_0601_cr.txt,7,153,1000,0,2,10,6456,244,579,,,,,,,,,,,,,,,,,,30,,10,8,85,,,,,,LFOO3057
Panda Slippers,FOOT\battlemage_foot_m_0601_cr.txt,FOOT\battlemage_foot_f_0601_cr.txt,7,153,1000,0,2,10,7414,244,579,,,,,,,,,,,,,,,,,,30,,10,8,85,,,,,,LFOO3058
Devil Shoes,FOOT\battlemage_foot_m_0601_cr.txt,FOOT\battlemage_foot_f_0601_cr.txt,7,153,1000,0,2,10,7408,244,579,,,,,,,,,,,,,,,,,,30,,10,8,85,,,,,,LFOO3059
Jester Shoes,FOOT\battlemage_foot_m_0601_cr.txt,FOOT\battlemage_foot_f_0601_cr.txt,7,153,1000,0,2,10,7413,244,579,,,,,,,,,,,,,,,,,,30,,10,8,85,,,,,,LFOO3060
Fur Wolf Feet,FOOT\battlemage_foot_m_0601_cr.txt,FOOT\battlemage_foot_f_0601_cr.txt,7,153,1000,0,2,10,7420,244,579,,,,,,,,,,,,,,,,,,30,,10,8,85,,,,,,LFOO3061
Pink Cherry Shoes,FOOT\sakuradamano_foot_m_0311_cr.txt,FOOT\sakuradamano_foot_f_0201_cr.txt,6,153,0,0,2,46,6487,244,579,,,,,,,,,,,,,11,3,,14,5,30,,26,9,85,,,,,,LFOO3062
Super Singer Shoes,FOOT\morinagamami_foot_m_0315_cr.txt,FOOT\morinagamami_foot_f_0131_cr.txt,6,153,1000,0,2,46,6488,244,579,,,,,,,,,,,,,,,,,,30,,26,9,85,,,,,,LFOO3063
Cute Bug Shoes,FOOT\soramamekotomi_foot_??_0318_cr.txt,FOOT\soramamekotomi_foot_0208_cr.txt,6,153,1000,0,2,46,6489,244,579,,,,,,,,,,,,,11,3,,14,5,30,,26,9,85,,,,,,LFOO3064
Samuri Shoes,FOOT\touenmomo_foot_m_0312_cr.txt,FOOT\touenmomo_foot_0214_cr.txt,7,153,1000,0,2,46,6477,244,579,,,,,,,,,,,,,11,3,,14,5,30,,26,9,85,,,,,,LFOO3065
Blue Outside Shoes,FOOT\yukimachi_foot_m_0312_cr.txt,FOOT\yukimachi_foot_0212_cr.txt,6,153,0,0,2,46,6478,244,579,,,,,,,,,,,,,,,,,,30,,10,8,85,,,,,,LFOO3066
,,,,,,,,,,,,,,,,,,,,,,,,,,,,,,,,,,,,,,,
Frozen Corpse Shoes,FOOT/foot1_frozen_corpse.txt,FOOT/foot2_frozen_corpse.txt,6,153,1000,0,2,23,6503,244,579,,,,,,,,,,,,,,,,,,30,,15,10,80,,,,,,LFOO3068
Black Winged Boots,FOOT\battlemage_foot_m_0601_cr.txt,FOOT\battlemage_foot_f_0601_cr.txt,7,153,1000,0,2,10,5170,244,579,,,,,,,,,,,,,,,,,,30,,10,8,85,,,,,,LFOO3069
Black Gothic Boots,FOOT\jp_dress_m_foot_black_0119_cr.txt,FOOT\jp_dress_m_foot_black_0119_cr.txt,7,153,1000,0,2,10,7798,244,579,,,,,,,,,,,,,,,,,,30,,10,8,85,,,,,,LFOO3070
Red Gothic Boots,FOOT\jp_dress_m_foot_black_0119_cr.txt,FOOT\jp_dress_m_foot_black_0119_cr.txt,7,153,1000,0,2,10,7800,244,579,,,,,,,,,,,,,,,,,,30,,10,8,85,,,,,,LFOO3071
Blue Gothic Boots,FOOT\jp_dress_m_foot_black_0119_cr.txt,FOOT\jp_dress_m_foot_black_0119_cr.txt,7,153,1000,0,2,10,7801,244,579,,,,,,,,,,,,,,,,,,30,,10,8,85,,,,,,LFOO3072
Alucard's Boots,FOOT\jp_dress_m_foot_black_0119_cr.txt,FOOT\jp_dress_m_foot_black_0119_cr.txt,7,153,1000,0,2,10,7796,244,579,,,,,,,,,,,,,,,,,,30,,10,8,85,,,,,,LFOO3073
Cute Blue School Paws,FOOT\foot1_cuteschool_blue.txt,FOOT\foot2_cuteschool_blue.txt,7,153,0,0,2,0,6543,244,579,,,,,,,,,,,,,,,,,,30,,10,8,70,,,,,,LFOO3074
Cute School Paws,FOOT\foot1_cuteschool.txt,FOOT\foot2_cuteschool.txt,7,153,0,0,2,0,6544,244,579,,,,,,,,,,,,,,,,,,30,,10,8,70,,,,,,LFOO3075
Purple Magician Shoes,FOOT\foot1_dark_magician.txt,FOOT\foot2_dark_magician.txt,7,153,0,0,2,0,6545,244,579,,,,,,,,,,,,,,,,,,30,,10,8,70,,,,,,LFOO3076
Red Magician Shoes,FOOT\foot1_dark_magician_red.txt,FOOT\foot2_dark_magician_red.txt,7,153,0,0,2,0,6546,244,579,,,,,,,,,,,,,,,,,,30,,10,8,70,,,,,,LFOO3077
Narwhal Flippers,FOOT/foot1_narwhal.txt,FOOT/foot2_narwhal.txt,7,153,0,0,2,0,6547,244,579,,,,,,,,,,,,,,,,,,30,,10,8,70,,,,,,LFOO3078
Fox Pads,FOOT/foot1_fox_costume.txt,FOOT/foot2_fox_costume.txt,7,153,0,0,2,0,6548,244,579,,,,,,,,,,,,,,,,,,30,,10,8,70,,,,,,LFOO3079
Red Walker Boots,FOOT\magicknight_red_m_foot_0115_cr.txt,FOOT\magicknight_red_f_foot_0115_cr.txt,6,153,1000,0,2,100,7840,244,579,,,,,,,,,,,,,,,,,,30,,10,8,70,,,,,,LFOO3080
Cow Legs,FOOT/foot1_fox_costume.txt,FOOT/foot2_fox_costume.txt,7,153,0,0,2,0,3454,244,579,,,,,,,,,,,,,,,,,,30,,10,8,70,,,,,,LFOO3081
Dragon Talons,FOOT/foot1_fox_costume.txt,FOOT/foot2_fox_costume.txt,7,153,0,0,2,0,3455,244,579,,,,,,,,,,,,,,,,,,30,,10,8,70,,,,,,LFOO3082
Seeker's Boots,FOOT\jp_dress_m_foot_black_0119_cr.txt,FOOT\jp_dress_m_foot_black_0119_cr.txt,7,153,1000,0,2,10,7828,244,579,,,,,,,,,,,,,,,,,,30,,10,8,85,,,,,,LFOO3083
Dark Gray Boots,FOOT\shortboots_m_0428_cr.txt,FOOT\shortboots_f_0428_cr.txt,7,153,1000,0,2,100,6658,244,579,,,,,,,,,,,,,,,,,,30,,10,8,70,,,,,,LFOO3084
Samii Boots,,,6,153,1000,0,2,10,2949,244,579,,,,,,,,,,,,,14,10,,,,30,,10,8,85,,,,,,LFOO3085
Red Jester Boots,FOOT\masquerade_foot_joker_m_0418_cr.txt,FOOT\masquerade_foot_joker_f_0418_cr.txt,7,153,1000,0,2,100,6673,244,579,,,,,,,,,,,,,,,,,,30,,10,8,70,,,,,,LFOO3086
Blue Jester Boots,FOOT\masquerade_foot_joker_parple_m_0418_cr.txt,FOOT\masquerade_foot_joker_parple_f_0418_cr.txt,7,153,1000,0,2,100,6673,244,579,,,,,,,,,,,,,,,,,,100,,5,1,75,,,,,,LFOO3087
,,,,,,,,,,,,,,,,,,,,,,,,,,,,,,,,,,,,,,,
Blue Snowman Boots,FOOT\snowman_foot_m_black_1203_cr.txt,FOOT\snowman_foot_f_black_1203_cr.txt,6,153,1000,0,2,10,8380,244,579,,,,,,,,,,,,,,,,,,30,,28,8,85,,,,,,LFOO3089
Black Snowman Boots,FOOT\snowman_foot_m_black_1203_cr.txt,FOOT\snowman_foot_f_black_1203_cr.txt,6,153,1000,0,2,10,8381,244,579,,,,,,,,,,,,,,,,,,30,,28,8,85,,,,,,LFOO3090
Orange Snowman Boots,FOOT\snowman_foot_m_orange_1203_cr.txt,FOOT\snowman_foot_f_orange_1203_cr.txt,6,153,1000,0,2,10,8382,244,579,,,,,,,,,,,,,,,,,,30,,28,8,85,,,,,,LFOO3091
Pink Snowman Boots,FOOT\snowman_foot_m_pink_1203_cr.txt,FOOT\snowman_foot_f_pink_1203_cr.txt,6,153,1000,0,2,10,8383,244,579,,,,,,,,,,,,,,,,,,30,,28,8,85,,,,,,LFOO3092
Snowman Shoes,FOOT\snowman_foot_m_pink_1203_cr.txt,FOOT\snowman_foot_f_pink_1203_cr.txt,6,153,100,0,2,10,5923,244,579,,,,,,,,,,,,,,,,,,30,,28,8,85,,,,,,LFOO3093
Snow Bear Feet,FOOT\snowman_foot_m_pink_1203_cr.txt,FOOT\snowman_foot_f_pink_1203_cr.txt,6,153,100,0,2,10,6807,244,579,,,,,,,,,,,,,,,,,,30,,28,8,85,,,,,,LFOO3094
Pink Snow Bear Feet,FOOT\snowman_foot_m_pink_1203_cr.txt,FOOT\snowman_foot_f_pink_1203_cr.txt,6,153,100,0,2,10,7720,244,579,,,,,,,,,,,,,,,,,,30,,28,8,85,,,,,,LFOO3095
Blue Snow Bear Feet,FOOT\snowman_foot_m_pink_1203_cr.txt,FOOT\snowman_foot_f_pink_1203_cr.txt,6,153,100,0,2,10,6807,244,579,,,,,,,,,,,,,,,,,,30,,28,8,85,,,,,,LFOO3096
,,,,,,,,,,,,,,,,,,,,,,,,,,,,,,,,,,,,,,,
Black Traitor Boots,FOOT\jp_dress_m_foot_black_0119_cr.txt,FOOT\jp_dress_m_foot_black_0119_cr.txt,7,153,1000,0,2,10,7888,244,579,,,,,,,,,,,,,,,,,,30,,10,8,85,,,,,,LFOO3098
Red Traitor Boots,FOOT\jp_dress_m_foot_black_0119_cr.txt,FOOT\jp_dress_m_foot_black_0119_cr.txt,7,153,1000,0,2,10,7889,244,579,,,,,,,,,,,,,,,,,,30,,10,8,85,,,,,,LFOO3099
Pink Punk Rabbit Shoes,FOOT\jp_dress_m_foot_black_0119_cr.txt,FOOT\jp_dress_m_foot_black_0119_cr.txt,7,153,1000,0,2,10,7900,244,579,,,,,,,,,,,,,,,,,,30,,10,8,85,,,,,,LFOO3100
Green Punk Rabbit Shoes,FOOT\jp_dress_m_foot_black_0119_cr.txt,FOOT\jp_dress_m_foot_black_0119_cr.txt,7,153,1000,0,2,10,7901,244,579,,,,,,,,,,,,,,,,,,30,,10,8,85,,,,,,LFOO3101
Badass Love Shoes,FOOT\foot1_Idol_costume.txt,FOOT\foot2_Idol_costume.txt,6,153,0,0,2,0,7374,244,579,,,,,,,,,,,,,,,,,,30,,28,8,85,,,,,,LFOO3102
Tango Shoes,FOOT\foot1_Idol_costume.txt,FOOT\foot2_Idol_costume.txt,6,153,0,0,2,0,7373,244,579,,,,,,,,,,,,,,,,,,30,,28,8,85,,,,,,LFOO3103
Red Wizard Shoes,FOOT\foot1_magic_school.txt,FOOT\foot2_magic_school.txt,6,153,0,0,2,0,6826,244,579,,,,,,,,,,,,,,,,,,30,,5,5,85,,,,,,LFOO3104
Yellow Wizard Shoes,FOOT\foot1_magic_school.txt,FOOT\foot2_magic_school.txt,6,153,0,0,2,0,6825,244,579,,,,,,,,,,,,,,,,,,30,,5,5,85,,,,,,LFOO3105
Blue Wizard Shoes,FOOT\foot1_magic_school.txt,FOOT\foot2_magic_school.txt,6,153,0,0,2,0,6828,244,579,,,,,,,,,,,,,,,,,,30,,5,5,85,,,,,,LFOO3106
Green Wizard Shoes,FOOT\foot1_magic_school.txt,FOOT\foot2_magic_school.txt,6,153,0,0,2,0,6827,244,579,,,,,,,,,,,,,,,,,,30,,5,5,85,,,,,,LFOO3107
White Noble Boots,FOOT\jp_dress_m_foot_black_0119_cr.txt,FOOT\jp_dress_m_foot_black_0119_cr.txt,7,153,1000,0,2,10,7913,244,579,,,,,,,,,,,,,,,,,,30,,10,8,85,,,,,,LFOO3108
,,,,,,,,,,,,,,,,,,,,,,,,,,,,,,,,,,,,,,,
Festive Christmas Boots,FOOT\foot1_cristmas2012.txt,FOOT\foot2_cristmas2012.txt,6,153,0,0,1,0,6799,244,579,,,,,,,,,,,,,,,,,,30,,28,8,85,,,,,,LFOO3110
Cocoa Gingerbread Boots,FOOT\foot1_gingerbread_dark_brown.txt,FOOT\foot2_gingerbread_dark_brown.txt,6,153,0,0,1,0,6800,244,579,,,,,,,,,,,,,,,,,,30,,28,8,85,,,,,,LFOO3111
Vanilla Gingerbread Boots,FOOT\foot1_gingerbread_light_brown.txt,FOOT\foot2_gingerbread_light_brown.txt,6,153,0,0,1,0,6801,244,579,,,,,,,,,,,,,,,,,,30,,28,8,85,,,,,,LFOO3112
Rudolph Boots,FOOT\foot1_rudolph.txt,FOOT\foot2_rudolph.txt,6,153,0,0,1,0,6802,244,579,,,,,,,,,,,,,,,,,,30,,28,8,85,,,,,,LFOO3113
Snowman Boots,FOOT\foot1_snowman.txt,FOOT\foot2_snowman.txt,6,153,0,0,1,0,6803,244,579,,,,,,,,,,,,,,,,,,30,,28,8,85,,,,,,LFOO3114
Gingerbread Feet,FOOT\foot1_gingerbread.txt,FOOT\foot2_gingerbread.txt,6,153,0,0,1,0,6804,244,579,,,,,,,,,,,,,,,,,,30,,28,8,85,,,,,,LFOO3115
Merry Holiday Party Shoes,FOOT\foot1_Holiday_Party_Wear_b.txt,FOOT\foot2_Holiday_Party_Wear_b.txt,6,153,0,0,1,0,6805,244,579,,,,,,,,,,,,,,,,,,30,,28,8,85,,,,,,LFOO3116
Jolly Holiday Party Shoes,FOOT\foot1_Holiday_Party_Wear_g.txt,FOOT\foot2_Holiday_Party_Wear_g.txt,6,153,0,0,1,0,6806,244,579,,,,,,,,,,,,,,,,,,30,,28,8,85,,,,,,LFOO3117
Christmas Joy Shoes,FOOT\snowman_foot_m_pink_1203_cr.txt,FOOT\snowman_foot_f_pink_1203_cr.txt,6,153,100,0,2,10,6809,244,579,,,,,,,,,,,,,,,,,,30,,28,8,85,,,,,,LFOO3118
Royal Winter Footwear,FOOT\snowman_foot_m_pink_1203_cr.txt,FOOT\snowman_foot_f_pink_1203_cr.txt,6,153,100,0,2,10,7316,244,579,,,,,,,,,,,,,,,,,,30,,28,8,85,,,,,,LFOO3119
Pop Idol Pink Shoes,FOOT\foot1_Idol_costume.txt,FOOT\foot2_Idol_costume.txt,6,153,0,0,2,0,6878,244,579,,,,,,,,,,,,,,,,,,30,,28,8,85,,,,,,LFOO3120
Pop Idol Blue Shoes,FOOT\foot1_Idol_costume_blue.txt,FOOT\foot2_Idol_costume_blue.txt,6,153,0,0,2,0,6879,244,579,,,,,,,,,,,,,,,,,,30,,28,8,85,,,,,,LFOO3121
Pop Idol Green Shoes,FOOT\foot1_Idol_costume_green.txt,FOOT\foot2_Idol_costume_green.txt,6,153,0,0,2,0,6880,244,579,,,,,,,,,,,,,,,,,,30,,28,8,85,,,,,,LFOO3122
,,,,,,,,,,,,,,,,,,,,,,,,,,,,,,,,,,,,,,,
,,,,,,,,,,,,,,,,,,,,,,,,,,,,,,,,,,,,,,,
Red Samurai Greaves,FOOT\foot1_samurai.txt,FOOT\foot2_samurai.txt,10,153,0,0,0,0,7137,244,579,,,,,,,,,,,,,,,,,,30,,28,8,85,,,,,,LFOO3125
Blue Samurai Greaves,FOOT\foot1_samurai_blue.txt,FOOT\foot2_samurai_blue.txt,10,153,0,0,0,0,7138,244,579,,,,,,,,,,,,,,,,,,30,,28,8,85,,,,,,LFOO3126
White Samurai Greaves,FOOT\foot1_samurai_white.txt,FOOT\foot2_samurai_white.txt,10,153,0,0,0,0,7139,244,579,,,,,,,,,,,,,,,,,,30,,28,8,85,,,,,,LFOO3127
Black Samurai Greaves,FOOT\foot1_samurai_black.txt,FOOT\foot2_samurai_black.txt,10,153,0,0,0,0,7140,244,579,,,,,,,,,,,,,,,,,,30,,28,8,85,,,,,,LFOO3128
Gold Samurai Greaves,FOOT\foot1_samurai_gold.txt,FOOT\foot2_samurai_gold.txt,10,153,0,0,0,0,7141,244,579,,,,,,,,,,,,,,,,,,30,,28,8,85,,,,,,LFOO3129
Gel-lined Moccasins,FOOT\foot1_steampunk_alchemist.txt,FOOT\foot2_steampunk_alchemist.txt,10,153,0,0,0,0,7142,244,579,,,,,,,,,,,,,,,,,,30,,28,8,85,,,,,,LFOO3130
Combat Jambeau,FOOT\foot1_steampunk_Warrior.txt,FOOT\foot2_steampunk_Warrior.txt,10,153,0,0,0,0,7143,244,579,,,,,,,,,,,,,,,,,,30,,28,8,85,,,,,,LFOO3131
Adventuring Brogan,FOOT\foot1_steampunk_adventurer.txt,FOOT\foot2_steampunk_adventurer.txt,10,153,0,0,0,0,7144,244,579,,,,,,,,,,,,,,,,,,30,,28,8,85,,,,,,LFOO3132
Experimental Penny Loafers,FOOT\foot1_steampunk_inventor.txt,FOOT\foot2_steampunk_inventor.txt,10,153,0,0,0,0,7145,244,579,,,,,,,,,,,,,,,,,,30,,28,8,85,,,,,,LFOO3133
Explorer Rascal's Boots,FOOT\foot1_explorer_rascal.txt,FOOT\foot2_explorer_rascal.txt,10,153,0,0,0,0,7146,244,579,,,,,,,,,,,,,,,,,,30,,28,8,85,,,,,,LFOO3134
Heavenly Soldier's Boots,FOOT\foot1_heavenly_soldier.txt,FOOT\foot2_heavenly_soldier.txt,10,153,0,0,0,0,7147,244,579,,,,,,,,,,,,,,,,,,30,,28,8,85,,,,,,LFOO3135
Viking Boots,foot\foot1_Viking.txt,foot\foot2_Viking.txt,10,153,0,0,0,0,7148,244,579,,,,,,,,,,,,,,,,,,30,,28,8,85,,,,,,LFOO3136
Golden Lion Shoes,FOOT\jp_dress_m_foot_black_0119_cr.txt,FOOT\jp_dress_m_foot_black_0119_cr.txt,7,153,1000,0,2,10,8000,244,579,,,,,,,,,,,,,,,,,,30,,10,8,85,,,,,,LFOO3137
White Martial Arts Shoes,FOOT\jp_dress_m_foot_black_0119_cr.txt,FOOT\jp_dress_m_foot_black_0119_cr.txt,7,153,1000,0,2,10,8001,244,579,,,,,,,,,,,,,,,,,,30,,10,8,85,,,,,,LFOO3138
Blue Martial Arts Shoes,FOOT\jp_dress_m_foot_black_0119_cr.txt,FOOT\jp_dress_m_foot_black_0119_cr.txt,7,153,1000,0,2,10,8002,244,579,,,,,,,,,,,,,,,,,,30,,10,8,85,,,,,,LFOO3139
Guardsman Shoes,FOOT\jp_dress_m_foot_black_0119_cr.txt,FOOT\jp_dress_m_foot_black_0119_cr.txt,7,153,1000,0,2,10,8003,244,579,,,,,,,,,,,,,,,,,,30,,10,8,85,,,,,,LFOO3140
Red Steampunk Shoes,FOOT\steampunk_dress_m_foot_red_0907_cr.txt,FOOT\steampunk_dress_f_foot_red_0907_cr.txt,7,153,1000,0,2,10,8060,244,579,,,,,,,,,,,,,,,,,,30,,10,8,85,,,,,,LFOO3141
Yellow Steampunk Shoes,FOOT\steampunk_dress_m_foot_yellow_0907_cr.txt,FOOT\steampunk_dress_f_foot_yellow_0907_cr.txt,7,153,1000,0,2,10,8061,244,579,,,,,,,,,,,,,,,,,,30,,10,8,85,,,,,,LFOO3142
Red Moonlight Shoes,FOOT\punk_kaguya_m_foot_red_0921_cr.txt,FOOT\punk_kaguya_f_foot_red_0921_cr.txt,7,153,1000,0,2,10,8062,244,579,,,,,,,,,,,,,,,,,,30,,10,8,85,,,,,,LFOO3143
Black Moonlight Shoes,FOOT\punk_kaguya_m_foot_black_0921_cr.txt,FOOT\punk_kaguya_f_foot_black_0921_cr.txt,7,153,1000,0,2,10,8063,244,579,,,,,,,,,,,,,,,,,,30,,10,8,85,,,,,,LFOO3144
Black Punk Rabbit Shoes,FOOT\punk_kaguya_m_foot_black_0921_cr.txt,FOOT\punk_kaguya_f_foot_black_0921_cr.txt,7,153,1000,0,2,10,8067,244,579,,,,,,,,,,,,,,,,,,30,,10,8,85,,,,,,LFOO3145
Pink Captains Boots,FOOT\punk_kaguya_m_foot_black_0921_cr.txt,FOOT\punk_kaguya_f_foot_black_0921_cr.txt,7,153,1000,0,2,10,8149,244,579,,,,,,,,,,,,,,,,,,30,,10,8,85,,,,,,LFOO3146
Blue Nyanko Shoes,FOOT\punk_kaguya_m_foot_black_0921_cr.txt,FOOT\punk_kaguya_f_foot_black_0921_cr.txt,7,153,1000,0,2,10,8157,244,579,,,,,,,,,,,,,,,,,,30,,10,8,85,,,,,,LFOO3147
Purple Nyanko Shoes,FOOT\punk_kaguya_m_foot_black_0921_cr.txt,FOOT\punk_kaguya_f_foot_black_0921_cr.txt,7,153,1000,0,2,10,8158,244,579,,,,,,,,,,,,,,,,,,30,,10,8,85,,,,,,LFOO3148
Red Kimono Shoes,FOOT\kimono_dress_foot_m_red_0118_cr.txt,FOOT\kimono_dress_foot_m_red_0118_cr.txt,7,153,1000,0,2,10,8192,244,579,,,,,,,,,,,,,,,,,,30,,10,8,85,,,,,,LFOO3149
Purple Kimono Shoes,FOOT\kimono_dress_foot_m_purple_0118_cr.txt,FOOT\kimono_dress_foot_m_purple_0118_cr.txt,7,153,1000,0,2,10,8193,244,579,,,,,,,,,,,,,,,,,,30,,10,8,85,,,,,,LFOO3150
Blue Steampunk Shoes,FOOT\steampunk_dress_m_foot_red_0907_cr.txt,FOOT\steampunk_dress_f_foot_red_0907_cr.txt,7,153,1000,0,2,10,8317,244,579,,,,,,,,,,,,,,,,,,30,,10,8,85,,,,,,LFOO3151
Green Steampunk Shoes,FOOT\steampunk_dress_m_foot_red_0907_cr.txt,FOOT\steampunk_dress_f_foot_red_0907_cr.txt,7,153,1000,0,2,10,8318,244,579,,,,,,,,,,,,,,,,,,30,,10,8,85,,,,,,LFOO3152
Blue Rebellion Shoes,FOOT\steampunk_dress_m_foot_red_0907_cr.txt,FOOT\steampunk_dress_f_foot_red_0907_cr.txt,6,153,0,0,2,10,8353,244,579,,,,,,,,,,,,,,,,,,30,,10,8,85,,,,,,LFOO3153
Lilac Rebellion Shoes,FOOT\steampunk_dress_m_foot_red_0907_cr.txt,FOOT\steampunk_dress_f_foot_red_0907_cr.txt,6,153,0,0,2,10,8357,244,579,,,,,,,,,,,,,,,,,,30,,10,8,85,,,,,,LFOO3154
,,,,,,,,,,,,,,,,,,,,,,,,,,,,,,,,,,,,,,,
,,,,,,,,,,,,,,,,,,,,,,,,,,,,,,,,,,,,,,,
,,,,,,,,,,,,,,,,,,,,,,,,,,,,,,,,,,,,,,,
,,,,,,,,,,,,,,,,,,,,,,,,,,,,,,,,,,,,,,,
,,,,,,,,,,,,,,,,,,,,,,,,,,,,,,,,,,,,,,,
,,,,,,,,,,,,,,,,,,,,,,,,,,,,,,,,,,,,,,,
,,,,,,,,,,,,,,,,,,,,,,,,,,,,,,,,,,,,,,,
,,,,,,,,,,,,,,,,,,,,,,,,,,,,,,,,,,,,,,,
Yellow Mermaid Shoes,,,6,153,1000,0,2,10,4482,240,579,,,,,,,,,,,,,,,,,,30,,28,8,70,,,,,,LFOO3163
Blue Mermaid Shoes,,,6,153,1000,0,2,10,2499,240,579,,,,,,,,,,,,,,,,,,30,,28,8,70,,,,,,LFOO3164
Mythical Atlantian Feet,FOOT\foot1_Splash_Down_Gear.txt,FOOT\foot2_Splash_Down_Gear.txt,6,153,1000,0,2,10,7963,240,579,,,,,,,,,,,,,,,,,,30,,28,8,70,,,,,,LFOO3165
Splash Down Shoes,FOOT\foot1_Splash_Down_Gear.txt,FOOT\foot2_Splash_Down_Gear.txt,7,153,1000,0,2,10,7569,240,579,,,,,,,,,,,,,,,,,,30,,28,8,70,,,,,,LFOO3166
Beach Walk Shoes,FOOT\foot1_Beach_Walk.txt,FOOT\foot2_Beach_Walk.txt,7,153,1000,0,2,10,7573,240,579,,,,,,,,,,,,,,,,,,30,,28,8,70,,,,,,LFOO3167
Luau Raver Shoes,FOOT\foot1_Luau_Raver.txt,FOOT\foot2_Luau_Raver.txt,7,153,1000,0,2,10,7577,240,579,,,,,,,,,,,,,,,,,,30,,28,8,70,,,,,,LFOO3168
Royal Fortune Boots,FOOT\foot1_Luau_Raver.txt,FOOT\foot2_Luau_Raver.txt,6,153,1000,0,2,10,7523,240,579,,,,,,,,,,,,,,,,,,30,,10,8,85,,,,,,LFOO3169
Riot Corsair Shoes,FOOT\foot1_Luau_Raver.txt,FOOT\foot2_Luau_Raver.txt,6,153,1000,0,2,10,7524,240,579,,,,,,,,,,,,,,,,,,30,,10,8,85,,,,,,LFOO3170
Outlaw Punk Boots,FOOT\foot1_Luau_Raver.txt,FOOT\foot2_Luau_Raver.txt,6,153,1000,0,2,10,7525,240,579,,,,,,,,,,,,,,,,,,30,,10,8,85,,,,,,LFOO3171
Frog Rain Boots,FOOT\foot1_Luau_Raver.txt,FOOT\foot2_Luau_Raver.txt,7,153,1000,0,2,10,7583,240,579,,,,,,,,,,,,,,,,,,30,,10,8,85,,,,,,LFOO3172
Waiter Loafers,FOOT\foot1_Luau_Raver.txt,FOOT\foot2_Luau_Raver.txt,7,153,1000,0,2,10,4032,240,579,,,,,,,,,,,,,,,,,,30,,10,8,85,,,,,,LFOO3173
Treasure Hunter Boots,FOOT\foot1_Luau_Raver.txt,FOOT\foot2_Luau_Raver.txt,7,153,1000,0,2,10,3489,240,579,,,,,,,,,,,,,,,,,,30,,10,8,85,,,,,,LFOO3174
Treasure Hunter Boots,FOOT\foot1_Luau_Raver.txt,FOOT\foot2_Luau_Raver.txt,7,153,1000,0,2,10,3488,240,579,,,,,,,,,,,,,,,,,,30,,10,8,85,,,,,,LFOO3175
Ram Feet,FOOT\foot1_Luau_Raver.txt,FOOT\foot2_Luau_Raver.txt,7,153,1000,0,2,10,3576,240,579,,,,,,,,,,,,,,,,,,30,,10,8,85,,,,,,LFOO3176
Halloween Shoes,FOOT\foot1_frankenstien.txt,FOOT\foot2_frankenstien.txt,6,153,1000,0,2,23,5197,244,579,,,,,,,,,,,,,,,,,,35,,15,10,80,,,,,,LFOO3177
Pumpkin Knight Boots,FOOT\foot1_frankenstien.txt,FOOT\foot2_frankenstien.txt,6,153,1000,0,2,23,5215,244,579,,,,,,,,,,,,,,,,,,35,,15,10,80,,,,,,LFOO3178
Black Widow Shoes,FOOT\foot1_frankenstien.txt,FOOT\foot2_frankenstien.txt,6,153,1000,0,2,23,5216,244,579,,,,,,,,,,,,,,,,,,35,,15,10,80,,,,,,LFOO3179
White Highlight Shoes,FOOT\foot1_frankenstien.txt,FOOT\foot2_frankenstien.txt,6,153,1000,0,2,23,7819,244,579,,,,,,,,,,,,,,,,,,35,,15,10,80,,,,,,LFOO3180
Pink Highlight Shoes,FOOT\foot1_frankenstien.txt,FOOT\foot2_frankenstien.txt,6,153,1000,0,2,23,7820,244,579,,,,,,,,,,,,,,,,,,35,,15,10,80,,,,,,LFOO3181
Pink Wrapped Shoes,FOOT\foot1_frankenstien.txt,FOOT\foot2_frankenstien.txt,6,153,1000,0,2,23,7833,244,579,,,,,,,,,,,,,,,,,,35,,15,10,80,,,,,,LFOO3182
Glamorous Shoes,FOOT\foot1_hiphop.txt,FOOT\foot2_hiphop.txt,6,153,0,0,2,10,7861,240,579,,,,,,,,,,,,,,,,,,30,,10,10,70,,,,,,LFOO3183
Purple Halloween Shoes,FOOT\foot1_frankenstien.txt,FOOT\foot2_frankenstien.txt,6,153,1000,0,2,23,8073,244,579,,,,,,,,,,,,,,,,,,35,,15,10,80,,,,,,LFOO3184
Oni Kigurumi Shoes,FOOT\foot1_frankenstien.txt,FOOT\foot2_frankenstien.txt,6,153,1000,0,2,23,8078,244,579,,,,,,,,,,,,,,,,,,35,,15,10,80,,,,,,LFOO3185
Spooky Scarecrow Shoes,FOOT\foot1_frankenstien.txt,FOOT\foot2_frankenstien.txt,6,153,1000,0,2,23,8089,244,579,,,,,,,,,,,,,,,,,,35,,15,10,80,,,,,,LFOO3186
Nice Winter Shoes,FOOT\foot1_Nice_Winter_Costume.txt,FOOT\foot2_Nice_Winter_Costume.txt,6,153,1000,0,2,10,8123,240,579,,,,,,,,,,,,,,,,,,35,,10,10,85,,,,,,LFOO3187
Black Wrapped Shoes,FOOT\foot1_frankenstien.txt,FOOT\foot2_frankenstien.txt,6,153,1000,0,2,23,8171,244,579,,,,,,,,,,,,,,,,,,35,,15,10,80,,,,,,LFOO3188
Pink Beauty Shoes,FOOT\foot1_frankenstien.txt,FOOT\foot2_frankenstien.txt,6,153,1000,0,2,23,8183,244,579,,,,,,,,,,,,,,,,,,35,,15,10,80,,,,,,LFOO3189
White Beauty Shoes,FOOT\foot1_frankenstien.txt,FOOT\foot2_frankenstien.txt,6,153,1000,0,2,23,8184,244,579,,,,,,,,,,,,,,,,,,35,,15,10,80,,,,,,LFOO3190
Flower Kabuki Shoes,FOOT\foot1_Luau_Raver.txt,FOOT\foot2_Luau_Raver.txt,7,153,1000,0,2,10,8425,240,579,,,,,,,,,,,,,,,,,,30,,10,8,85,,,,,,LFOO3191
Phantom Thief Shoes,FOOT\foot1_Luau_Raver.txt,FOOT\foot2_Luau_Raver.txt,7,153,1000,0,2,10,8421,240,579,,,,,,,,,,,,,,,,,,30,,10,8,85,,,,,,LFOO3192
Peach Rose Shoes,,,6,153,1000,0,2,23,8469,244,579,,,,,,,,,,,,,,,,,,35,,15,10,80,,,,,,LFOO3193
Chocolatier Shoes,,,6,153,1000,0,2,23,8474,244,579,,,,,,,,,,,,,,,,,,35,,15,10,80,,,,,,LFOO3194
Rabbit Spade Shoes,,,6,153,1000,0,2,10,8497,244,579,93,1,1830,1,,,,,,,,,,,,,,30,10,15,10,80,,,,,,LFOO3195
Rabbit Club Shoes,,,6,153,1000,0,2,10,8498,244,579,93,1,1830,1,,,,,,,,,,,,,,30,10,15,10,80,,,,,,LFOO3196
Rabbit Heart Shoes,,,6,153,1000,0,2,10,8499,244,579,93,1,1830,1,,,,,,,,,,,,,,30,10,15,10,80,,,,,,LFOO3197
Rabbit Diamond Shoes,,,6,153,1000,0,2,10,8500,244,579,93,1,1830,1,,,,,,,,,,,,,,30,10,15,10,80,,,,,,LFOO3198
,,,,,,,,,,,,,,,,,,,,,,,,,,,,,,,,,,,,,,,
Autumn Blossom Shoes,FOOT\foot1_Autumn_Blossom.txt,FOOT\foot2_Autumn_Blossom.txt,6,153,1000,0,2,10,7709,240,579,,,,,,,,,,,,,,,,,,35,,10,10,85,,,,,,LFOO3200
Winter Polar Shoes,FOOT\foot1_Winter_Polar.txt,FOOT\foot2_Winter_Polar.txt,6,153,1000,0,2,10,7710,240,579,,,,,,,,,,,,,,,,,,35,,10,10,85,,,,,,LFOO3201
Elegant Winter Shoes,FOOT\foot1_Elegant_Winter.txt,FOOT\foot2_Elegant_Winter.txt,6,153,1000,0,2,10,7711,240,579,,,,,,,,,,,,,,,,,,35,,10,10,85,,,,,,LFOO3202
Red Winter Boots,FOOT\foot1_Elegant_Winter.txt,FOOT\foot2_Elegant_Winter.txt,6,153,1000,0,2,10,7692,240,579,,,,,,,,,,,,,,,,,,35,,10,10,85,,,,,,LFOO3203
Green Winter Boots,FOOT\foot1_Elegant_Winter.txt,FOOT\foot2_Elegant_Winter.txt,6,153,1000,0,2,10,7693,240,579,,,,,,,,,,,,,,,,,,35,,10,10,85,,,,,,LFOO3204
Black Leopard Santa Boots,FOOT\foot1_Elegant_Winter.txt,FOOT\foot2_Elegant_Winter.txt,6,153,1000,0,2,10,7701,240,579,,,,,,,,,,,,,,,,,,35,,10,10,85,,,,,,LFOO3205
Leopard Rudolph Boots,FOOT\foot1_Elegant_Winter.txt,FOOT\foot2_Elegant_Winter.txt,6,153,1000,0,2,10,7705,240,579,,,,,,,,,,,,,,,,,,35,,10,10,85,,,,,,LFOO3206
Snowman Feet,FOOT\foot1_Elegant_Winter.txt,FOOT\foot2_Elegant_Winter.txt,6,153,1000,0,2,10,7711,240,579,,,,,,,,,,,,,,,,,,35,,10,10,85,,,,,,LFOO3207
Pink Winter Boots,FOOT\foot1_Elegant_Winter.txt,FOOT\foot2_Elegant_Winter.txt,6,153,1000,0,2,10,8130,240,579,,,,,,,,,,,,,,,,,,35,,10,10,85,,,,,,LFOO3208
Yellow Leopard Santa Boots,FOOT\foot1_Elegant_Winter.txt,FOOT\foot2_Elegant_Winter.txt,6,153,1000,0,2,10,8134,240,579,,,,,,,,,,,,,,,,,,35,,10,10,85,,,,,,LFOO3209
Icy Dance Shoes,FOOT\foot1_Elegant_Winter.txt,FOOT\foot2_Elegant_Winter.txt,6,153,1000,0,2,10,8139,240,579,,,,,,,,,,,,,,,,,,35,,10,10,85,,,,,,LFOO3210
Winter Sleeping Slippers,FOOT\foot1_Elegant_Winter.txt,FOOT\foot2_Elegant_Winter.txt,6,153,1000,0,2,10,8379,240,579,,,,,,,,,,,,,,,,,,35,,10,10,85,,,,,,LFOO3211
Black Winter Boots,FOOT\foot1_Elegant_Winter.txt,FOOT\foot2_Elegant_Winter.txt,6,153,1000,0,2,10,8389,240,579,,,,,,,,,,,,,,,,,,35,,10,10,85,,,,,,LFOO3212
Military Leader's Boots,,,7,153,0,0,2,0,8524,244,579,,,,,,,,,,,,,,,,,,30,,10,8,70,,,,,,LFOO3213
Cat Pads,,,7,153,0,0,2,0,8525,244,579,,,,,,,,,,,,,,,,,,30,,10,8,70,,,,,,LFOO3214
Dog Pads,,,7,153,0,0,2,0,8526,244,579,,,,,,,,,,,,,,,,,,30,,10,8,70,,,,,,LFOO3215
Captains Boots,,,7,153,1000,0,2,10,8530,244,579,,,,,,,,,,,,,,,,,,30,,10,8,85,,,,,,LFOO3216
Cowboy Boots,,,7,153,1000,0,2,10,8533,244,579,,,,,,,,,,,,,,,,,,30,,10,8,85,,,,,,LFOO3217
Cactus Shoes,,,7,153,1000,0,2,10,8535,244,579,,,,,,,,,,,,,,,,,,30,,10,8,85,,,,,,LFOO3218
Chained Feet,,,7,153,1000,0,2,10,8537,244,579,,,,,,,,,,,,,,,,,,30,,10,8,85,,,,,,LFOO3219
Pink Flower Shoes,,,7,153,1000,0,2,10,8596,244,579,,,,,,,,,,,,,,,,,,30,,10,8,85,,,,,,LFOO3220
Blue Flower Shoes,,,7,153,1000,0,2,10,8595,244,579,,,,,,,,,,,,,,,,,,30,,10,8,85,,,,,,LFOO3221
Blue Festival Clogs,,,7,153,1000,0,2,10,8584,244,579,,,,,,,,,,,,,,,,,,30,,10,8,85,,,,,,LFOO3222
Green Festival Clogs,,,7,153,1000,0,2,10,8585,244,579,,,,,,,,,,,,,,,,,,30,,10,8,85,,,,,,LFOO3223
Red Battle Tribal Shoes,,,7,153,1000,0,2,10,8590,244,579,,,,,,,,,,,,,,,,,,30,,10,8,85,,,,,,LFOO3224
Black Battle Tribal Shoes,,,7,153,1000,0,2,10,8591,244,579,,,,,,,,,,,,,,,,,,30,,10,8,85,,,,,,LFOO3225
Red Halloween Shoes,,,6,153,1000,0,2,23,8622,244,579,,,,,,,,,,,,,,,,,,35,,15,10,80,,,,,,LFOO3226
Christmas Fashion Shoes,,,6,153,1000,0,2,10,2435,240,579,,,,,,,,,,,,,,,,,,35,,10,10,85,,,,,,LFOO3227
Pink Chocolatier Shoes,,,6,153,1000,0,2,23,2449,244,579,,,,,,,,,,,,,,,,,,35,,15,10,80,,,,,,LFOO3228
Pink Marriage Shoes,,,6,153,1000,0,2,23,2452,244,579,,,,,,,,,,,,,,,,,,35,,15,10,80,,,,,,LFOO3229
White Priest Shoes,,,7,153,1000,0,2,10,2506,244,579,,,,,,,,,,,,,,,,,,30,,10,8,85,,,,,,LFOO3230
Green Priest Shoes,,,7,153,1000,0,2,10,2505,244,579,,,,,,,,,,,,,,,,,,30,,10,8,85,,,,,,LFOO3231
Red Shinobi Shoes,,,7,153,1000,0,2,10,2517,244,579,,,,,,,,,,,,,,,,,,30,,10,8,85,,,,,,LFOO3232
Blue Shinobi Shoes,,,7,153,1000,0,2,10,2518,244,579,,,,,,,,,,,,,,,,,,30,,10,8,85,,,,,,LFOO3233
Brown Bear Sleeping Shoes,,,6,153,1000,0,2,10,2649,244,579,,,,,,,,,,,,,,,,,,30,,10,8,85,,,,,,LFOO3234
White Bear Sleeping Shoes,,,6,153,1000,0,2,10,2650,244,579,,,,,,,,,,,,,,,,,,30,,10,8,85,,,,,,LFOO3235
Panda Sleeping Shoes,,,6,153,1000,0,2,10,2653,244,579,,,,,,,,,,,,,,,,,,30,,10,8,85,,,,,,LFOO3236
Pink Casual Shoes,,,6,153,1000,0,2,10,2655,244,579,,,,,,,,,,,,,,,,,,30,,10,8,85,,,,,,LFOO3237
Brown Aristocrat Shoes,,,7,153,1000,0,2,10,2762,244,579,,,,,,,,,,,,,,,,,,30,,10,8,85,,,,,,LFOO3238
Black Aristocrat Shoes,,,7,153,1000,0,2,10,2763,244,579,,,,,,,,,,,,,,,,,,30,,10,8,85,,,,,,LFOO3239
Purple Temari Shoes,,,7,153,1000,0,2,10,2776,244,579,,,,,,,,,,,,,,,,,,30,,10,8,85,,,,,,LFOO3240
White Ninja Shoes,,,7,153,1000,0,2,10,2778,244,579,,,,,,,,,,,,,,,,,,30,,10,8,85,,,,,,LFOO3241
Black Ninja Shoes,,,7,153,1000,0,2,10,2779,244,579,,,,,,,,,,,,,,,,,,30,,10,8,85,,,,,,LFOO3242
Blue Battle Tribal Shoes,,,7,153,1000,0,2,10,2784,244,579,,,,,,,,,,,,,,,,,,30,,10,8,85,,,,,,LFOO3243
Orange Halloween Devil Shoes,,,6,153,1000,0,2,23,2844,244,579,,,,,,,,,,,,,,,,,,35,,15,10,80,,,,,,LFOO3244
Red Halloween Devil Shoes,,,6,153,1000,0,2,23,2856,244,579,,,,,,,,,,,,,,,,,,35,,15,10,80,,,,,,LFOO3245
Green Temari Shoes,,,7,153,1000,0,2,10,2874,244,579,,,,,,,,,,,,,,,,,,30,,10,8,85,,,,,,LFOO3246
Black Captains Shoes,,,7,153,1000,0,2,10,2877,244,579,,,,,,,,,,,,,,,,,,30,,10,8,85,,,,,,LFOO3247
Pumpkin Wizard Shoes,,,6,153,1000,0,2,10,2915,244,579,,,,,,,,,,,,,,,,,,30,,10,8,85,,,,,,LFOO3248
Orange Captains Shoes,,,7,153,1000,0,2,10,2919,244,579,,,,,,,,,,,,,,,,,,30,,10,8,85,,,,,,LFOO3249
Pastry Chef Shoes,,,7,153,1000,0,2,10,3591,244,579,,,,,,,,,,,,,,,,,,30,,10,8,85,,,,,,LFOO3250
Chocolate Fondant Shoes,,,6,153,1000,0,2,10,3581,244,579,,,,,,,,,,,,,,,,,,30,,10,8,85,,,,,,LFOO3251
Phantom Burglar Shoes,,,7,153,1000,0,2,10,3585,244,579,,,,,,,,,,,,,,,,,,30,,10,8,85,,,,,,LFOO3252
Forest Dweller Shoes,,,7,153,1000,0,2,10,3599,244,579,,,,,,,,,,,,,,,,,,30,,10,8,85,,,,,,LFOO3253
Blind Slayer Shoes,,,7,153,1000,0,2,10,3594,244,579,,,,,,,,,,,,,,,,,,30,,10,8,85,,,,,,LFOO3254
Fox Priestess Shoes,,,7,153,1000,0,2,10,3604,244,579,,,,,,,,,,,,,,,,,,30,,10,8,85,,,,,,LFOO3255
White Chocolatier Shoes,,,6,153,1000,0,2,10,3607,244,579,,,,,,,,,,,,,,,,,,30,,10,8,85,,,,,,LFOO3256
Blue Wrapped Shoes,,,6,153,1000,0,2,23,3617,244,579,,,,,,,,,,,,,,,,,,35,,15,10,80,,,,,,LFOO3257
Floral Wedding Shoes,,,6,153,1000,0,2,23,3631,244,579,,,,,,,,,,,,,,,,,,35,,15,10,80,,,,,,LFOO3258
Red Rebellion Shoes,,,6,153,1000,0,2,10,3947,244,579,,,,,,,,,,,,,,,,,,30,,10,8,85,,,,,,LFOO3259
Blue Fox Priestess Shoes,,,7,153,1000,0,2,10,8729,244,579,,,,,,,,,,,,,,,,,,30,,10,8,85,,,,,,LFOO3260
Green Shinobi Shoes,,,7,153,1000,0,2,10,8733,244,579,,,,,,,,,,,,,,,,,,30,,10,8,85,,,,,,LFOO3261
Red Temari Shoes,,,7,153,1000,0,2,10,8739,244,579,,,,,,,,,,,,,,,,,,30,,10,8,85,,,,,,LFOO3262
Orange Neon Shoes,,,6,153,1000,0,2,10,8745,244,579,,,,,,,,,,,,,,,,,,30,,10,8,85,,,,,,LFOO3263
Purple Neon Shoes,,,6,153,1000,0,2,10,8746,244,579,,,,,,,,,,,,,,,,,,30,,10,8,85,,,,,,LFOO3264
Blue Neon Shoes,,,6,153,1000,0,2,10,8760,244,579,,,,,,,,,,,,,,,,,,30,,10,8,85,,,,,,LFOO3265
Yellow Neon Shoes,,,6,153,1000,0,2,10,8747,244,579,,,,,,,,,,,,,,,,,,30,,10,8,85,,,,,,LFOO3266
Little Blue Shoes,,,6,151,0,0,6,33,8799,228,580,,,,,,,,,,,,,20,4,,14,8,30,,10,8,85,,,,,,LFOO3267
Little Shiny Yellow Shoes,,,6,151,0,0,6,33,8804,228,580,,,,,,,,,,,,,20,4,,14,8,30,,10,8,85,,,,,,LFOO3268
Little Green Shoes,,,6,151,0,0,6,33,8795,228,580,,,,,,,,,,,,,20,4,,14,8,30,,10,8,85,,,,,,LFOO3269
Little Pink Shoes,,,6,151,0,0,6,33,8791,228,580,,,,,,,,,,,,,20,4,,14,8,30,,10,8,85,,,,,,LFOO3270
Yellow Kerokero Boots,,,7,153,1000,0,2,10,8749,244,579,,,,,,,,,,,,,,,,,,30,,10,8,85,,,,,,LFOO3271
White Kerokero Boots,,,7,153,1000,0,2,10,8750,244,579,,,,,,,,,,,,,,,,,,30,,10,8,85,,,,,,LFOO3272
Blue Sidme Shoes,,,7,153,1000,0,2,10,8900,244,579,,,,,,,,,,,,,,,,,,30,,10,8,85,,,,,,LFOO3273
Green Sidme Shoes,,,7,153,1000,0,2,10,8901,244,579,,,,,,,,,,,,,,,,,,30,,10,8,85,,,,,,LFOO3274
White Anniversary Shoes,,,6,153,1000,0,2,10,9092,244,579,,,,,,,,,,,,,,,,,,30,,10,8,85,,,,,,LFOO3275
Blue Anniversary Shoes,,,6,153,1000,0,2,10,9090,244,579,,,,,,,,,,,,,,,,,,30,,10,8,85,,,,,,LFOO3276
Jack o'lantern Boots,,,6,153,1000,0,2,10,8934,244,579,,,,,,,,,,,,,,,,,,30,,10,8,85,,,,,,LFOO3277
Purple Halloween Devil Shoes,,,6,153,1000,0,2,23,8942,244,579,,,,,,,,,,,,,,,,,,35,,15,10,80,,,,,,LFOO3278
Little Orange Shoes,,,6,151,0,0,6,33,8973,228,580,,,,,,,,,,,,,20,4,,14,8,30,,10,8,85,,,,,,LFOO3279
Little Purple Shoes,,,6,151,0,0,6,33,8977,228,580,,,,,,,,,,,,,20,4,,14,8,30,,10,8,85,,,,,,LFOO3280
Red Festival Clogs,,,7,153,1000,0,2,10,8986,244,579,,,,,,,,,,,,,,,,,,30,,10,8,85,,,,,,LFOO3281
Blue Priest Shoes,,,7,153,1000,0,2,10,8989,244,579,,,,,,,,,,,,,,,,,,30,,10,8,85,,,,,,LFOO3282
Red Aristocrat Shoes,,,7,153,1000,0,2,10,8993,244,579,,,,,,,,,,,,,,,,,,30,,10,8,85,,,,,,LFOO3283
Brown Kerokero Boots,,,7,153,1000,0,2,10,8999,244,579,,,,,,,,,,,,,,,,,,30,,10,8,85,,,,,,LFOO3284
Pink Charmy Animal Boots,,,7,153,1000,0,2,10,9005,244,579,,,,,,,,,,,,,,,,,,30,,10,8,85,,,,,,LFOO3285
Green Christmas Fashion Shoes,,,6,153,1000,0,2,10,9029,240,579,,,,,,,,,,,,,,,,,,35,,10,10,85,,,,,,LFOO3286
Black Tesla Steampunk Shoes,,,7,153,1000,0,2,10,9052,244,579,,,,,,,,,,,,,,,,,,30,,10,8,85,,,,,,LFOO3287
Christmas Glamour Shoes,,,6,153,1000,0,2,10,9061,240,579,,,,,,,,,,,,,,,,,,35,,10,10,85,,,,,,LFOO3288
White Christmas Glamour Shoes,,,6,153,1000,0,2,10,9062,240,579,,,,,,,,,,,,,,,,,,35,,10,10,85,,,,,,LFOO3289
Chocolate Confectioner Shoes,,,6,153,1000,0,2,23,9069,244,579,,,,,,,,,,,,,,,,,,35,,15,10,80,,,,,,LFOO3290
Orange Confectioner Shoes,,,6,153,1000,0,2,23,9070,244,579,,,,,,,,,,,,,,,,,,35,,15,10,80,,,,,,LFOO3291
Cookie Confectioner Shoes,,,6,153,1000,0,2,23,9071,244,579,,,,,,,,,,,,,,,,,,35,,15,10,80,,,,,,LFOO3292
Strawberry Fondant Shoes,,,6,153,1000,0,2,10,9080,244,579,,,,,,,,,,,,,,,,,,30,,10,8,85,,,,,,LFOO3293
Wedding Gown Shoes,,,,,,,,,,,,,,,,,,,,,,,,,,,,,,,,,,,,,,,
Green Tesla Steampunk Shoes,,,7,153,1000,0,2,10,9107,244,579,,,,,,,,,,,,,,,,,,30,,10,8,85,,,,,,LFOO3295
Blue Charmy Animal Boots,,,7,153,1000,0,2,10,9103,244,579,,,,,,,,,,,,,,,,,,30,,10,8,85,,,,,,LFOO3296
Yellow Sidme Shoes,,,7,153,1000,0,2,10,9097,244,579,,,,,,,,,,,,,,,,,,30,,10,8,85,,,,,,LFOO3297
Purple Oracle Shoes,,,7,153,1000,0,2,10,9111,244,579,,,,,,,,,,,,,,,,,,30,,10,8,85,,,,,,LFOO3298
Styled Festival Shoes,,,6,153,1000,0,2,10,9126,244,579,,,,,,,,,,,,,,,,,,30,,10,8,85,,,,,,LFOO3299
Dancing Fever Shoes,,,6,153,1000,0,2,10,9098,244,579,,,,,,,,,,,,,,,,,,30,,10,8,85,,,,,,LFOO3300
Blue Mariner Sandals,,,6,153,1000,0,2,10,9135,244,579,,,,,,,,,,,,,,,,,,30,,10,8,85,,,,,,LFOO3301
Red Mariner Sandals,,,6,153,1000,0,2,10,9136,244,579,,,,,,,,,,,,,,,,,,30,,10,8,85,,,,,,LFOO3302
Blue Starwisher Shoes,,,7,153,1000,0,2,10,9170,244,579,,,,,,,,,,,,,,,,,,30,,10,8,85,,,,,,LFOO3303
Pink Starwisher Shoes,,,7,153,1000,0,2,10,9171,244,579,,,,,,,,,,,,,,,,,,30,,10,8,85,,,,,,LFOO3304
Yellow Music Star Boots,,,7,153,1000,0,2,10,9178,244,579,,,,,,,,,,,,,,,,,,30,,10,8,85,,,,,,LFOO3305
Black Music Star Boots,,,7,153,1000,0,2,10,9163,244,579,,,,,,,,,,,,,,,,,,30,,10,8,85,,,,,,LFOO3306
Pumpkin Marquis Shoes,,,7,153,1000,0,2,10,9194,244,579,,,,,,,,,,,,,,,,,,30,,10,8,85,,,,,,LFOO3307
Stylish Halloween Boots,,,7,153,1000,0,2,10,9189,244,579,,,,,,,,,,,,,,,,,,30,,10,8,85,,,,,,LFOO3308
Vampire Boots,,,7,153,1000,0,2,10,9239,244,579,,,,,,,,,,,,,,,,,,30,,10,8,85,,,,,,LFOO3309
Death Reaper Boots,,,7,153,1000,0,2,10,9250,244,579,,,,,,,,,,,,,,,,,,30,,10,8,85,,,,,,LFOO3310
Pumpkin Costume Shoes,,,7,153,1000,0,2,10,9254,244,579,,,,,,,,,,,,,,,,,,30,,10,8,85,,,,,,LFOO3311
Goalkeeper Cleats,,,6,153,1000,0,2,20,9258,244,579,,,,,,,,,,,,,,,,,,30,,5,2,80,,,,,,LFOO3312
Green Christmas Glamour Shoes,,,7,153,1000,0,2,10,9279,240,579,,,,,,,,,,,,,,,,,,35,,10,10,85,,,,,,LFOO3313
Purple Sage Shoes,,,7,153,1000,0,2,10,9305,244,579,,,,,,,,,,,,,,,,,,30,,10,8,85,,,,,,LFOO3314
White Sage Shoes,,,7,153,1000,0,2,10,9306,244,579,,,,,,,,,,,,,,,,,,30,,10,8,85,,,,,,LFOO3315
Reindeer Shoes,,,6,153,1000,0,2,10,9323,244,579,,,,,,,,,,,,,,,,,,30,,10,8,85,,,,,,LFOO3316
Snowman Shoes,,,7,153,1000,0,2,10,9324,244,579,,,,,,,,,,,,,,,,,,30,,10,8,85,,,,,,LFOO3317
Snowman Costume Boots,,,7,153,1000,0,2,10,9325,244,579,,,,,,,,,,,,,,,,,,30,,10,8,85,,,,,,LFOO3318
Milk Sweetmaker Shoes,,,6,153,1000,0,2,10,9377,244,579,,,,,,,,,,,,,,,,,,30,,10,8,85,,,,,,LFOO3319
Strawberry Sweetmaker Shoes,,,6,153,1000,0,2,10,9378,244,579,,,,,,,,,,,,,,,,,,30,,10,8,85,,,,,,LFOO3320
Lemon Sweetmaker Shoes,,,6,153,1000,0,2,10,9382,244,579,,,,,,,,,,,,,,,,,,30,,10,8,85,,,,,,LFOO3321
Brown Wrapped Shoes,,,6,153,1000,0,2,23,9387,244,579,,,,,,,,,,,,,,,,,,35,,15,10,80,,,,,,LFOO3322
Red Oni Shoes,,,7,153,1000,0,2,10,9395,244,579,,,,,,,,,,,,,,,,,,30,,10,8,85,,,,,,LFOO3323
Black Oni Shoes,,,7,153,1000,0,2,10,9394,244,579,,,,,,,,,,,,,,,,,,30,,10,8,85,,,,,,LFOO3324
Pink Music Star Boots,,,7,153,1000,0,2,10,9400,244,579,,,,,,,,,,,,,,,,,,30,,10,8,85,,,,,,LFOO3325
Brown Majestic Boots,,,7,153,1000,0,2,10,9404,244,579,,,,,,,,,,,,,,,,,,30,,10,8,85,,,,,,LFOO3326
Fox Mailman Boots,,,7,153,1000,0,2,10,9419,244,579,,,,,,,,,,,,,,,,,,30,,10,8,85,,,,,,LFOO3327
Fashionable Kimono Shoes,,,7,153,1000,0,2,10,9428,244,579,,,,,,,,,,,,,,,,,,30,,10,8,85,,,,,,LFOO3328
Red Fashion Sandals,,,6,153,1000,0,2,10,9433,244,579,,,,,,,,,,,,,,,,,,30,,10,8,85,,,,,,LFOO3329
Blue Fashion Sandals,,,6,153,1000,0,2,10,9434,244,579,,,,,,,,,,,,,,,,,,30,,10,8,85,,,,,,LFOO3330
Purple Sunset Sandals,,,7,153,1000,0,2,10,9438,244,579,,,,,,,,,,,,,,,,,,30,,10,8,85,,,,,,LFOO3331
Yellow Oracle Shoes,,,7,153,1000,0,2,10,9441,244,579,,,,,,,,,,,,,,,,,,30,,10,8,85,,,,,,LFOO3332
Black Sunset Sandals,,,7,153,1000,0,2,10,9469,244,579,,,,,,,,,,,,,,,,,,30,,10,8,85,,,,,,LFOO3333
Blue Magic Animal Boots,,,7,153,1000,0,2,10,9498,244,579,,,,,,,,,,,,,,,,,,30,,10,8,85,,,,,,LFOO3334
Little Rainbow Shoes,,,6,151,0,0,6,33,9506,228,580,,,,,,,,,,,,,20,4,,14,8,30,,10,8,85,,,,,,LFOO3335
Black Sea Wolf Boots,,,7,153,1000,0,2,10,9561,244,579,,,,,,,,,,,,,,,,,,30,,10,8,85,,,,,,LFOO3336
White Money Player Shoes,,,6,153,1000,0,2,10,9557,244,579,,,,,,,,,,,,,,,,,,30,,10,8,85,,,,,,LFOO3337
Yellow Money Player Shoes,,,6,153,1000,0,2,10,9581,244,579,,,,,,,,,,,,,,,,,,30,,10,8,85,,,,,,LFOO3338
Lucifer Shoes,,,7,153,1000,0,2,10,9594,244,579,,,,,,,,,,,,,,,,,,30,,10,8,85,,,,,,LFOO3339
Red Sea Wolf Boots,,,7,153,1000,0,2,10,9610,244,579,,,,,,,,,,,,,,,,,,30,,10,8,85,,,,,,LFOO3340
Purple Wolf Feet,,,6,153,1000,0,2,10,9647,244,579,,,,,,,,,,,,,,,,,,30,,10,8,85,,,,,,LFOO3341
Red Dragonic Boots,,,7,153,1000,0,2,10,9695,244,579,,,,,,,,,,,,,,,,,,30,,10,8,85,,,,,,LFOO3342
Purple Dragonic Boots,,,7,153,1000,0,2,10,9694,244,579,,,,,,,,,,,,,,,,,,30,,10,8,85,,,,,,LFOO3343
Chocolate Confiseur Shoes,,,6,153,1000,0,2,23,9717,244,579,,,,,,,,,,,,,,,,,,35,,15,10,80,,,,,,LFOO3344
Strawberry Confiseur Shoes,,,6,153,1000,0,2,23,9718,244,579,,,,,,,,,,,,,,,,,,35,,15,10,80,,,,,,LFOO3345
Little Red Riding Shoes,,,6,153,1000,0,2,23,9743,244,579,,,,,,,,,,,,,,,,,,35,,15,10,80,,,,,,LFOO3346
Little Blue Riding Shoes,,,6,153,1000,0,2,23,9744,244,579,,,,,,,,,,,,,,,,,,35,,15,10,80,,,,,,LFOO3347
Blue Cybercat Shoes,,,7,153,1000,0,2,10,9753,244,579,,,,,,,,,,,,,,,,,,30,,10,8,85,,,,,,LFOO3348
Purple Cybercat Shoes,,,7,153,1000,0,2,10,9754,244,579,,,,,,,,,,,,,,,,,,30,,10,8,85,,,,,,LFOO3349
White Rabbit Fairy Shoes,,,6,153,1000,0,2,10,9770,244,579,93,1,1830,1,,,,,,,,,,,,,,30,10,15,10,80,,,,,,LFOO3350
Purple Rabbit Fairy Shoes,,,6,153,1000,0,2,10,9769,244,579,93,1,1830,1,,,,,,,,,,,,,,30,10,15,10,80,,,,,,LFOO3351
White Sidme Shoes,,,7,153,1000,0,2,10,9777,244,579,,,,,,,,,,,,,,,,,,30,,10,8,85,,,,,,LFOO3352
Blue Celebration Shoes,,,6,153,1000,0,2,10,9780,244,579,,,,,,,,,,,,,,,,,,30,,10,8,85,,,,,,LFOO3353
Little Forest Shoes,,,6,151,0,0,6,33,9784,228,580,,,,,,,,,,,,,20,4,,14,8,30,,10,8,85,,,,,,LFOO3354
Winter Twilight Shoes,,,6,153,1000,0,2,10,9877,244,579,,,,,,,,,,,,,,,,,,30,,15,10,85,,,,,,LFOO3355
Yuletide Gala Shoes,,,6,153,1000,0,2,10,9882,244,579,,,,,,,,,,,,,,,,,,30,,15,10,85,,,,,,LFOO3356
Holy Night Shoes,,,6,153,1000,0,2,10,9993,244,579,,,,,,,,,,,,,,,,,,30,,15,10,85,,,,,,LFOO3357
Silent Night Shoes,,,7,153,1000,0,2,10,10006,244,579,,,,,,,,,,,,,,,,,,30,,15,10,85,,,,,,LFOO3358
Blue Mechanical Punk Shoes,,,7,153,1000,0,2,10,10014,244,579,,,,,,,,,,,,,,,,,,30,,10,8,85,,,,,,LFOO3359
Red Mechanical Punk Shoes,,,7,153,1000,0,2,10,10019,244,579,,,,,,,,,,,,,,,,,,30,,10,8,85,,,,,,LFOO3360
Brown Valentines Boots,,,6,153,1000,0,2,23,10047,244,579,,,,,,,,,,,,,,,,,,35,,15,10,80,,,,,,LFOO3361
Pink Valentines Boots,,,6,153,1000,0,2,23,10049,244,579,,,,,,,,,,,,,,,,,,35,,15,10,80,,,,,,LFOO3362
Mint Confiseur Shoes,,,6,153,1000,0,2,23,10053,244,579,,,,,,,,,,,,,,,,,,35,,15,10,80,,,,,,LFOO3363
Yellow Dragonic Boots,,,7,153,1000,0,2,10,10058,244,579,,,,,,,,,,,,,,,,,,30,,10,8,85,,,,,,LFOO3364
Green Magic Animal Boots,,,7,153,1000,0,2,10,10071,244,579,,,,,,,,,,,,,,,,,,30,,10,8,85,,,,,,LFOO3365
Pink Cendrillon Shoes,,,6,153,1000,0,2,23,10156,244,579,,,,,,,,,,,,,,,,,,35,,15,10,80,,,,,,LFOO3366
Blue Cendrillon Shoes,,,6,153,1000,0,2,23,10155,244,579,,,,,,,,,,,,,,,,,,35,,15,10,80,,,,,,LFOO3367
Brown Patchwork Shoes,,,7,153,1000,0,2,10,6363,244,579,,,,,,,,,,,,,,,,,,30,,10,8,85,,,,,,LFOO3368
Pink Patchwork Shoes,,,7,153,1000,0,2,10,6364,244,579,,,,,,,,,,,,,,,,,,30,,10,8,85,,,,,,LFOO3369
Blue Sea Wolf Boots,,,7,153,1000,0,2,10,6366,244,579,,,,,,,,,,,,,,,,,,30,,10,8,85,,,,,,LFOO3370
Black Crow Masquerade Shoes,,,7,153,1000,0,2,10,10180,244,579,,,,,,,,,,,,,,,,,,30,,10,8,85,,,,,,LFOO3371
Red Crow Masquerade Shoes,,,7,153,1000,0,2,10,10181,244,579,,,,,,,,,,,,,,,,,,30,,10,8,85,,,,,,LFOO3372
Green Mermaid Shoes,,,6,153,1000,0,2,10,10200,240,579,,,,,,,,,,,,,,,,,,30,,28,8,70,,,,,,LFOO3373
Blue Sunset Sandals,,,7,153,1000,0,2,10,10196,244,579,,,,,,,,,,,,,,,,,,30,,10,8,85,,,,,,LFOO3374
White Fashion Sandals,,,6,153,1000,0,2,10,10189,244,579,,,,,,,,,,,,,,,,,,30,,10,8,85,,,,,,LFOO3375
Yellow Fashion Sandals,,,6,153,1000,0,2,10,10188,244,579,,,,,,,,,,,,,,,,,,30,,10,8,85,,,,,,LFOO3376
,,,,,,,,,,,,,,,,,,,,,,,,,,,,,,,,,,,,,,,
,,,,,,,,,,,,,,,,,,,,,,,,,,,,,,,,,,,,,,,
,,,,,,,,,,,,,,,,,,,,,,,,,,,,,,,,,,,,,,,
,,,,,,,,,,,,,,,,,,,,,,,,,,,,,,,,,,,,,,,
,,,,,,,,,,,,,,,,,,,,,,,,,,,,,,,,,,,,,,,
,,,,,,,,,,,,,,,,,,,,,,,,,,,,,,,,,,,,,,,
,,,,,,,,,,,,,,,,,,,,,,,,,,,,,,,,,,,,,,,
,,,,,,,,,,,,,,,,,,,,,,,,,,,,,,,,,,,,,,,
,,,,,,,,,,,,,,,,,,,,,,,,,,,,,,,,,,,,,,,
,,,,,,,,,,,,,,,,,,,,,,,,,,,,,,,,,,,,,,,
,,,,,,,,,,,,,,,,,,,,,,,,,,,,,,,,,,,,,,,
,,,,,,,,,,,,,,,,,,,,,,,,,,,,,,,,,,,,,,,
,,,,,,,,,,,,,,,,,,,,,,,,,,,,,,,,,,,,,,,
,,,,,,,,,,,,,,,,,,,,,,,,,,,,,,,,,,,,,,,
,,,,,,,,,,,,,,,,,,,,,,,,,,,,,,,,,,,,,,,
,,,,,,,,,,,,,,,,,,,,,,,,,,,,,,,,,,,,,,,
,,,,,,,,,,,,,,,,,,,,,,,,,,,,,,,,,,,,,,,
,,,,,,,,,,,,,,,,,,,,,,,,,,,,,,,,,,,,,,,
,,,,,,,,,,,,,,,,,,,,,,,,,,,,,,,,,,,,,,,
,,,,,,,,,,,,,,,,,,,,,,,,,,,,,,,,,,,,,,,
,,,,,,,,,,,,,,,,,,,,,,,,,,,,,,,,,,,,,,,
,,,,,,,,,,,,,,,,,,,,,,,,,,,,,,,,,,,,,,,
,,,,,,,,,,,,,,,,,,,,,,,,,,,,,,,,,,,,,,,
,,,,,,,,,,,,,,,,,,,,,,,,,,,,,,,,,,,,,,,
,,,,,,,,,,,,,,,,,,,,,,,,,,,,,,,,,,,,,,,
,,,,,,,,,,,,,,,,,,,,,,,,,,,,,,,,,,,,,,,
,,,,,,,,,,,,,,,,,,,,,,,,,,,,,,,,,,,,,,,
,,,,,,,,,,,,,,,,,,,,,,,,,,,,,,,,,,,,,,,
,,,,,,,,,,,,,,,,,,,,,,,,,,,,,,,,,,,,,,,
,,,,,,,,,,,,,,,,,,,,,,,,,,,,,,,,,,,,,,,
,,,,,,,,,,,,,,,,,,,,,,,,,,,,,,,,,,,,,,,
,,,,,,,,,,,,,,,,,,,,,,,,,,,,,,,,,,,,,,,
,,,,,,,,,,,,,,,,,,,,,,,,,,,,,,,,,,,,,,,
,,,,,,,,,,,,,,,,,,,,,,,,,,,,,,,,,,,,,,,
,,,,,,,,,,,,,,,,,,,,,,,,,,,,,,,,,,,,,,,
,,,,,,,,,,,,,,,,,,,,,,,,,,,,,,,,,,,,,,,
,,,,,,,,,,,,,,,,,,,,,,,,,,,,,,,,,,,,,,,
,,,,,,,,,,,,,,,,,,,,,,,,,,,,,,,,,,,,,,,
,,,,,,,,,,,,,,,,,,,,,,,,,,,,,,,,,,,,,,,
,,,,,,,,,,,,,,,,,,,,,,,,,,,,,,,,,,,,,,,
,,,,,,,,,,,,,,,,,,,,,,,,,,,,,,,,,,,,,,,
,,,,,,,,,,,,,,,,,,,,,,,,,,,,,,,,,,,,,,,
,,,,,,,,,,,,,,,,,,,,,,,,,,,,,,,,,,,,,,,
,,,,,,,,,,,,,,,,,,,,,,,,,,,,,,,,,,,,,,,
,,,,,,,,,,,,,,,,,,,,,,,,,,,,,,,,,,,,,,,
,,,,,,,,,,,,,,,,,,,,,,,,,,,,,,,,,,,,,,,
,,,,,,,,,,,,,,,,,,,,,,,,,,,,,,,,,,,,,,,
,,,,,,,,,,,,,,,,,,,,,,,,,,,,,,,,,,,,,,,
,,,,,,,,,,,,,,,,,,,,,,,,,,,,,,,,,,,,,,,
,,,,,,,,,,,,,,,,,,,,,,,,,,,,,,,,,,,,,,,
,,,,,,,,,,,,,,,,,,,,,,,,,,,,,,,,,,,,,,,
,,,,,,,,,,,,,,,,,,,,,,,,,,,,,,,,,,,,,,,
,,,,,,,,,,,,,,,,,,,,,,,,,,,,,,,,,,,,,,,
,,,,,,,,,,,,,,,,,,,,,,,,,,,,,,,,,,,,,,,
,,,,,,,,,,,,,,,,,,,,,,,,,,,,,,,,,,,,,,,
,,,,,,,,,,,,,,,,,,,,,,,,,,,,,,,,,,,,,,,
,,,,,,,,,,,,,,,,,,,,,,,,,,,,,,,,,,,,,,,
,,,,,,,,,,,,,,,,,,,,,,,,,,,,,,,,,,,,,,,
,,,,,,,,,,,,,,,,,,,,,,,,,,,,,,,,,,,,,,,
,,,,,,,,,,,,,,,,,,,,,,,,,,,,,,,,,,,,,,,
,,,,,,,,,,,,,,,,,,,,,,,,,,,,,,,,,,,,,,,
,,,,,,,,,,,,,,,,,,,,,,,,,,,,,,,,,,,,,,,
,,,,,,,,,,,,,,,,,,,,,,,,,,,,,,,,,,,,,,,
,,,,,,,,,,,,,,,,,,,,,,,,,,,,,,,,,,,,,,,
,,,,,,,,,,,,,,,,,,,,,,,,,,,,,,,,,,,,,,,
,,,,,,,,,,,,,,,,,,,,,,,,,,,,,,,,,,,,,,,
Paragon Shoes,,,6,151,1000,0,6,10,9948,228,580,,,,,,,,,,,,,,,,,,30,,10,10,85,,,,,,LFOO3443
,,,,,,,,,,,,,,,,,,,,,,,,,,,,,,,,,,,,,,,
,,,,,,,,,,,,,,,,,,,,,,,,,,,,,,,,,,,,,,,
Little Sakura Shoes,FOOT\akazukin_foot_m_0917_sa.txt,FOOT\akazukin_foot_0906_sa.txt,6,151,0,0,6,33,9956,228,580,,,,,,,,,,,,,20,4,,14,8,30,,10,8,85,,,,,,LFOO3446
Shadow Fairy Shoes,FOOT\youseifoot_orange_m_0417_wa.txt,FOOT\youseifoot_orange_f_0417_wa.txt,6,153,1000,0,2,10,10101,244,579,,,,,,,,,,,,,14,4,,,,30,,10,8,80,,,,,,LFOO3447
Icy Fairy Shoes,FOOT\youseifoot_orange_m_0417_wa.txt,FOOT\youseifoot_orange_f_0417_wa.txt,6,153,1000,0,2,10,10102,244,579,,,,,,,,,,,,,14,4,,,,30,,10,8,80,,,,,,LFOO3448
Mint Fairy Shoes,FOOT\youseifoot_orange_m_0417_wa.txt,FOOT\youseifoot_orange_f_0417_wa.txt,6,153,1000,0,2,10,10103,244,579,,,,,,,,,,,,,14,4,,,,30,,10,8,80,,,,,,LFOO3449
Forest Fairy Shoes,FOOT\youseifoot_orange_m_0417_wa.txt,FOOT\youseifoot_orange_f_0417_wa.txt,6,153,1000,0,2,10,10104,244,579,,,,,,,,,,,,,14,4,,,,30,,10,8,80,,,,,,LFOO3450
Harvest Fairy Shoes,FOOT\youseifoot_orange_m_0417_wa.txt,FOOT\youseifoot_orange_f_0417_wa.txt,6,153,1000,0,2,10,10105,244,579,,,,,,,,,,,,,14,4,,,,30,,10,8,80,,,,,,LFOO3451
Love Fairy Shoes,FOOT\youseifoot_orange_m_0417_wa.txt,FOOT\youseifoot_orange_f_0417_wa.txt,6,153,1000,0,2,10,10106,244,579,,,,,,,,,,,,,14,4,,,,30,,10,8,80,,,,,,LFOO3452
Fire Fairy Shoes,FOOT\youseifoot_orange_m_0417_wa.txt,FOOT\youseifoot_orange_f_0417_wa.txt,6,153,1000,0,2,10,10107,244,579,,,,,,,,,,,,,14,4,,,,30,,10,8,80,,,,,,LFOO3453
Cherry Blossom Fairy Shoes,FOOT\youseifoot_orange_m_0417_wa.txt,FOOT\youseifoot_orange_f_0417_wa.txt,6,153,1000,0,2,10,10108,244,579,,,,,,,,,,,,,14,4,,,,30,,10,8,80,,,,,,LFOO3454
Snow Fairy Shoes,FOOT\youseifoot_orange_m_0417_wa.txt,FOOT\youseifoot_orange_f_0417_wa.txt,6,153,1000,0,2,10,10109,244,579,,,,,,,,,,,,,14,4,,,,30,,10,8,80,,,,,,LFOO3455
Season Fairy Shoes,FOOT\youseifoot_orange_m_0417_wa.txt,FOOT\youseifoot_orange_f_0417_wa.txt,6,153,1000,0,2,10,10110,244,579,,,,,,,,,,,,,14,4,,,,30,,10,8,80,,,,,,LFOO3456
Sunrise Fairy Shoes,FOOT\youseifoot_orange_m_0417_wa.txt,FOOT\youseifoot_orange_f_0417_wa.txt,6,153,1000,0,2,10,10111,244,579,,,,,,,,,,,,,14,4,,,,30,,10,8,80,,,,,,LFOO3457
,,,,,,,,,,,,,,,,,,,,,,,,,,,,,,,,,,,,,,,
,,,,,,,,,,,,,,,,,,,,,,,,,,,,,,,,,,,,,,,
,,,,,,,,,,,,,,,,,,,,,,,,,,,,,,,,,,,,,,,
,,,,,,,,,,,,,,,,,,,,,,,,,,,,,,,,,,,,,,,
,,,,,,,,,,,,,,,,,,,,,,,,,,,,,,,,,,,,,,,
,,,,,,,,,,,,,,,,,,,,,,,,,,,,,,,,,,,,,,,
,,,,,,,,,,,,,,,,,,,,,,,,,,,,,,,,,,,,,,,
,,,,,,,,,,,,,,,,,,,,,,,,,,,,,,,,,,,,,,,
,,,,,,,,,,,,,,,,,,,,,,,,,,,,,,,,,,,,,,,
,,,,,,,,,,,,,,,,,,,,,,,,,,,,,,,,,,,,,,,
,,,,,,,,,,,,,,,,,,,,,,,,,,,,,,,,,,,,,,,
,,,,,,,,,,,,,,,,,,,,,,,,,,,,,,,,,,,,,,,
,,,,,,,,,,,,,,,,,,,,,,,,,,,,,,,,,,,,,,,
,,,,,,,,,,,,,,,,,,,,,,,,,,,,,,,,,,,,,,,
,,,,,,,,,,,,,,,,,,,,,,,,,,,,,,,,,,,,,,,
,,,,,,,,,,,,,,,,,,,,,,,,,,,,,,,,,,,,,,,
,,,,,,,,,,,,,,,,,,,,,,,,,,,,,,,,,,,,,,,
,,,,,,,,,,,,,,,,,,,,,,,,,,,,,,,,,,,,,,,
,,,,,,,,,,,,,,,,,,,,,,,,,,,,,,,,,,,,,,,
,,,,,,,,,,,,,,,,,,,,,,,,,,,,,,,,,,,,,,,
,,,,,,,,,,,,,,,,,,,,,,,,,,,,,,,,,,,,,,,
Pink Neon Shoes,,,6,153,1000,0,2,10,10208,244,579,,,,,,,,,,,,,,,,,,30,,10,8,85,,,,,,LFOO3479
Red Neon Shoes,,,6,153,1000,0,2,10,10212,244,579,,,,,,,,,,,,,,,,,,30,,10,8,85,,,,,,LFOO3480
Mint Rebellion Shoes,FOOT\steampunk_dress_m_foot_red_0907_cr.txt,FOOT\steampunk_dress_f_foot_red_0907_cr.txt,6,153,0,0,2,10,10245,244,579,,,,,,,,,,,,,,,,,,30,,10,8,85,,,,,,LFOO3481
Yellow Rebellion Shoes,FOOT\steampunk_dress_m_foot_red_0907_cr.txt,FOOT\steampunk_dress_f_foot_red_0907_cr.txt,6,153,0,0,2,10,10247,244,579,,,,,,,,,,,,,,,,,,30,,10,8,85,,,,,,LFOO3482
,,,,,,,,,,,,,,,,,,,,,,,,,,,,,,,,,,,,,,,
,,,,,,,,,,,,,,,,,,,,,,,,,,,,,,,,,,,,,,,
,,,,,,,,,,,,,,,,,,,,,,,,,,,,,,,,,,,,,,,
,,,,,,,,,,,,,,,,,,,,,,,,,,,,,,,,,,,,,,,
,,,,,,,,,,,,,,,,,,,,,,,,,,,,,,,,,,,,,,,
,,,,,,,,,,,,,,,,,,,,,,,,,,,,,,,,,,,,,,,
,,,,,,,,,,,,,,,,,,,,,,,,,,,,,,,,,,,,,,,
,,,,,,,,,,,,,,,,,,,,,,,,,,,,,,,,,,,,,,,
,,,,,,,,,,,,,,,,,,,,,,,,,,,,,,,,,,,,,,,
,,,,,,,,,,,,,,,,,,,,,,,,,,,,,,,,,,,,,,,
,,,,,,,,,,,,,,,,,,,,,,,,,,,,,,,,,,,,,,,
,,,,,,,,,,,,,,,,,,,,,,,,,,,,,,,,,,,,,,,
,,,,,,,,,,,,,,,,,,,,,,,,,,,,,,,,,,,,,,,
,,,,,,,,,,,,,,,,,,,,,,,,,,,,,,,,,,,,,,,
,,,,,,,,,,,,,,,,,,,,,,,,,,,,,,,,,,,,,,,
,,,,,,,,,,,,,,,,,,,,,,,,,,,,,,,,,,,,,,,
,,,,,,,,,,,,,,,,,,,,,,,,,,,,,,,,,,,,,,,
,,,,,,,,,,,,,,,,,,,,,,,,,,,,,,,,,,,,,,,
,,,,,,,,,,,,,,,,,,,,,,,,,,,,,,,,,,,,,,,
,,,,,,,,,,,,,,,,,,,,,,,,,,,,,,,,,,,,,,,
,,,,,,,,,,,,,,,,,,,,,,,,,,,,,,,,,,,,,,,
,,,,,,,,,,,,,,,,,,,,,,,,,,,,,,,,,,,,,,,
,,,,,,,,,,,,,,,,,,,,,,,,,,,,,,,,,,,,,,,
,,,,,,,,,,,,,,,,,,,,,,,,,,,,,,,,,,,,,,,
,,,,,,,,,,,,,,,,,,,,,,,,,,,,,,,,,,,,,,,
,,,,,,,,,,,,,,,,,,,,,,,,,,,,,,,,,,,,,,,
,,,,,,,,,,,,,,,,,,,,,,,,,,,,,,,,,,,,,,,
,,,,,,,,,,,,,,,,,,,,,,,,,,,,,,,,,,,,,,,
,,,,,,,,,,,,,,,,,,,,,,,,,,,,,,,,,,,,,,,
,,,,,,,,,,,,,,,,,,,,,,,,,,,,,,,,,,,,,,,
,,,,,,,,,,,,,,,,,,,,,,,,,,,,,,,,,,,,,,,
,,,,,,,,,,,,,,,,,,,,,,,,,,,,,,,,,,,,,,,
,,,,,,,,,,,,,,,,,,,,,,,,,,,,,,,,,,,,,,,
,,,,,,,,,,,,,,,,,,,,,,,,,,,,,,,,,,,,,,,
,,,,,,,,,,,,,,,,,,,,,,,,,,,,,,,,,,,,,,,
,,,,,,,,,,,,,,,,,,,,,,,,,,,,,,,,,,,,,,,
,,,,,,,,,,,,,,,,,,,,,,,,,,,,,,,,,,,,,,,
,,,,,,,,,,,,,,,,,,,,,,,,,,,,,,,,,,,,,,,
,,,,,,,,,,,,,,,,,,,,,,,,,,,,,,,,,,,,,,,
,,,,,,,,,,,,,,,,,,,,,,,,,,,,,,,,,,,,,,,
,,,,,,,,,,,,,,,,,,,,,,,,,,,,,,,,,,,,,,,
,,,,,,,,,,,,,,,,,,,,,,,,,,,,,,,,,,,,,,,
,,,,,,,,,,,,,,,,,,,,,,,,,,,,,,,,,,,,,,,
,,,,,,,,,,,,,,,,,,,,,,,,,,,,,,,,,,,,,,,
,,,,,,,,,,,,,,,,,,,,,,,,,,,,,,,,,,,,,,,
,,,,,,,,,,,,,,,,,,,,,,,,,,,,,,,,,,,,,,,
,,,,,,,,,,,,,,,,,,,,,,,,,,,,,,,,,,,,,,,
,,,,,,,,,,,,,,,,,,,,,,,,,,,,,,,,,,,,,,,
,,,,,,,,,,,,,,,,,,,,,,,,,,,,,,,,,,,,,,,
,,,,,,,,,,,,,,,,,,,,,,,,,,,,,,,,,,,,,,,
,,,,,,,,,,,,,,,,,,,,,,,,,,,,,,,,,,,,,,,
,,,,,,,,,,,,,,,,,,,,,,,,,,,,,,,,,,,,,,,
,,,,,,,,,,,,,,,,,,,,,,,,,,,,,,,,,,,,,,,
,,,,,,,,,,,,,,,,,,,,,,,,,,,,,,,,,,,,,,,
,,,,,,,,,,,,,,,,,,,,,,,,,,,,,,,,,,,,,,,
,,,,,,,,,,,,,,,,,,,,,,,,,,,,,,,,,,,,,,,
,,,,,,,,,,,,,,,,,,,,,,,,,,,,,,,,,,,,,,,
,,,,,,,,,,,,,,,,,,,,,,,,,,,,,,,,,,,,,,,
,,,,,,,,,,,,,,,,,,,,,,,,,,,,,,,,,,,,,,,
,,,,,,,,,,,,,,,,,,,,,,,,,,,,,,,,,,,,,,,
,,,,,,,,,,,,,,,,,,,,,,,,,,,,,,,,,,,,,,,
,,,,,,,,,,,,,,,,,,,,,,,,,,,,,,,,,,,,,,,
,,,,,,,,,,,,,,,,,,,,,,,,,,,,,,,,,,,,,,,
,,,,,,,,,,,,,,,,,,,,,,,,,,,,,,,,,,,,,,,
,,,,,,,,,,,,,,,,,,,,,,,,,,,,,,,,,,,,,,,
,,,,,,,,,,,,,,,,,,,,,,,,,,,,,,,,,,,,,,,
,,,,,,,,,,,,,,,,,,,,,,,,,,,,,,,,,,,,,,,
,,,,,,,,,,,,,,,,,,,,,,,,,,,,,,,,,,,,,,,
,,,,,,,,,,,,,,,,,,,,,,,,,,,,,,,,,,,,,,,
,,,,,,,,,,,,,,,,,,,,,,,,,,,,,,,,,,,,,,,
,,,,,,,,,,,,,,,,,,,,,,,,,,,,,,,,,,,,,,,
,,,,,,,,,,,,,,,,,,,,,,,,,,,,,,,,,,,,,,,
,,,,,,,,,,,,,,,,,,,,,,,,,,,,,,,,,,,,,,,
,,,,,,,,,,,,,,,,,,,,,,,,,,,,,,,,,,,,,,,
,,,,,,,,,,,,,,,,,,,,,,,,,,,,,,,,,,,,,,,
,,,,,,,,,,,,,,,,,,,,,,,,,,,,,,,,,,,,,,,
,,,,,,,,,,,,,,,,,,,,,,,,,,,,,,,,,,,,,,,
,,,,,,,,,,,,,,,,,,,,,,,,,,,,,,,,,,,,,,,
,,,,,,,,,,,,,,,,,,,,,,,,,,,,,,,,,,,,,,,
,,,,,,,,,,,,,,,,,,,,,,,,,,,,,,,,,,,,,,,
,,,,,,,,,,,,,,,,,,,,,,,,,,,,,,,,,,,,,,,
,,,,,,,,,,,,,,,,,,,,,,,,,,,,,,,,,,,,,,,
,,,,,,,,,,,,,,,,,,,,,,,,,,,,,,,,,,,,,,,
,,,,,,,,,,,,,,,,,,,,,,,,,,,,,,,,,,,,,,,
,,,,,,,,,,,,,,,,,,,,,,,,,,,,,,,,,,,,,,,
,,,,,,,,,,,,,,,,,,,,,,,,,,,,,,,,,,,,,,,
,,,,,,,,,,,,,,,,,,,,,,,,,,,,,,,,,,,,,,,
,,,,,,,,,,,,,,,,,,,,,,,,,,,,,,,,,,,,,,,
,,,,,,,,,,,,,,,,,,,,,,,,,,,,,,,,,,,,,,,
,,,,,,,,,,,,,,,,,,,,,,,,,,,,,,,,,,,,,,,
,,,,,,,,,,,,,,,,,,,,,,,,,,,,,,,,,,,,,,,
,,,,,,,,,,,,,,,,,,,,,,,,,,,,,,,,,,,,,,,
,,,,,,,,,,,,,,,,,,,,,,,,,,,,,,,,,,,,,,,
,,,,,,,,,,,,,,,,,,,,,,,,,,,,,,,,,,,,,,,
,,,,,,,,,,,,,,,,,,,,,,,,,,,,,,,,,,,,,,,
,,,,,,,,,,,,,,,,,,,,,,,,,,,,,,,,,,,,,,,
,,,,,,,,,,,,,,,,,,,,,,,,,,,,,,,,,,,,,,,
,,,,,,,,,,,,,,,,,,,,,,,,,,,,,,,,,,,,,,,
,,,,,,,,,,,,,,,,,,,,,,,,,,,,,,,,,,,,,,,
,,,,,,,,,,,,,,,,,,,,,,,,,,,,,,,,,,,,,,,
,,,,,,,,,,,,,,,,,,,,,,,,,,,,,,,,,,,,,,,
,,,,,,,,,,,,,,,,,,,,,,,,,,,,,,,,,,,,,,,
,,,,,,,,,,,,,,,,,,,,,,,,,,,,,,,,,,,,,,,
,,,,,,,,,,,,,,,,,,,,,,,,,,,,,,,,,,,,,,,
,,,,,,,,,,,,,,,,,,,,,,,,,,,,,,,,,,,,,,,
,,,,,,,,,,,,,,,,,,,,,,,,,,,,,,,,,,,,,,,
,,,,,,,,,,,,,,,,,,,,,,,,,,,,,,,,,,,,,,,
,,,,,,,,,,,,,,,,,,,,,,,,,,,,,,,,,,,,,,,
,,,,,,,,,,,,,,,,,,,,,,,,,,,,,,,,,,,,,,,
,,,,,,,,,,,,,,,,,,,,,,,,,,,,,,,,,,,,,,,
,,,,,,,,,,,,,,,,,,,,,,,,,,,,,,,,,,,,,,,
,,,,,,,,,,,,,,,,,,,,,,,,,,,,,,,,,,,,,,,
,,,,,,,,,,,,,,,,,,,,,,,,,,,,,,,,,,,,,,,
,,,,,,,,,,,,,,,,,,,,,,,,,,,,,,,,,,,,,,,
,,,,,,,,,,,,,,,,,,,,,,,,,,,,,,,,,,,,,,,
,,,,,,,,,,,,,,,,,,,,,,,,,,,,,,,,,,,,,,,
,,,,,,,,,,,,,,,,,,,,,,,,,,,,,,,,,,,,,,,
,,,,,,,,,,,,,,,,,,,,,,,,,,,,,,,,,,,,,,,
,,,,,,,,,,,,,,,,,,,,,,,,,,,,,,,,,,,,,,,
,,,,,,,,,,,,,,,,,,,,,,,,,,,,,,,,,,,,,,,
,,,,,,,,,,,,,,,,,,,,,,,,,,,,,,,,,,,,,,,
,,,,,,,,,,,,,,,,,,,,,,,,,,,,,,,,,,,,,,,
,,,,,,,,,,,,,,,,,,,,,,,,,,,,,,,,,,,,,,,
,,,,,,,,,,,,,,,,,,,,,,,,,,,,,,,,,,,,,,,
,,,,,,,,,,,,,,,,,,,,,,,,,,,,,,,,,,,,,,,
,,,,,,,,,,,,,,,,,,,,,,,,,,,,,,,,,,,,,,,
,,,,,,,,,,,,,,,,,,,,,,,,,,,,,,,,,,,,,,,
,,,,,,,,,,,,,,,,,,,,,,,,,,,,,,,,,,,,,,,
,,,,,,,,,,,,,,,,,,,,,,,,,,,,,,,,,,,,,,,
,,,,,,,,,,,,,,,,,,,,,,,,,,,,,,,,,,,,,,,
,,,,,,,,,,,,,,,,,,,,,,,,,,,,,,,,,,,,,,,
,,,,,,,,,,,,,,,,,,,,,,,,,,,,,,,,,,,,,,,
,,,,,,,,,,,,,,,,,,,,,,,,,,,,,,,,,,,,,,,
,,,,,,,,,,,,,,,,,,,,,,,,,,,,,,,,,,,,,,,
,,,,,,,,,,,,,,,,,,,,,,,,,,,,,,,,,,,,,,,
,,,,,,,,,,,,,,,,,,,,,,,,,,,,,,,,,,,,,,,
,,,,,,,,,,,,,,,,,,,,,,,,,,,,,,,,,,,,,,,
,,,,,,,,,,,,,,,,,,,,,,,,,,,,,,,,,,,,,,,
,,,,,,,,,,,,,,,,,,,,,,,,,,,,,,,,,,,,,,,
,,,,,,,,,,,,,,,,,,,,,,,,,,,,,,,,,,,,,,,
,,,,,,,,,,,,,,,,,,,,,,,,,,,,,,,,,,,,,,,
,,,,,,,,,,,,,,,,,,,,,,,,,,,,,,,,,,,,,,,
,,,,,,,,,,,,,,,,,,,,,,,,,,,,,,,,,,,,,,,
,,,,,,,,,,,,,,,,,,,,,,,,,,,,,,,,,,,,,,,
,,,,,,,,,,,,,,,,,,,,,,,,,,,,,,,,,,,,,,,
,,,,,,,,,,,,,,,,,,,,,,,,,,,,,,,,,,,,,,,
,,,,,,,,,,,,,,,,,,,,,,,,,,,,,,,,,,,,,,,
,,,,,,,,,,,,,,,,,,,,,,,,,,,,,,,,,,,,,,,
,,,,,,,,,,,,,,,,,,,,,,,,,,,,,,,,,,,,,,,
,,,,,,,,,,,,,,,,,,,,,,,,,,,,,,,,,,,,,,,
,,,,,,,,,,,,,,,,,,,,,,,,,,,,,,,,,,,,,,,
,,,,,,,,,,,,,,,,,,,,,,,,,,,,,,,,,,,,,,,
,,,,,,,,,,,,,,,,,,,,,,,,,,,,,,,,,,,,,,,
,,,,,,,,,,,,,,,,,,,,,,,,,,,,,,,,,,,,,,,
,,,,,,,,,,,,,,,,,,,,,,,,,,,,,,,,,,,,,,,
,,,,,,,,,,,,,,,,,,,,,,,,,,,,,,,,,,,,,,,
,,,,,,,,,,,,,,,,,,,,,,,,,,,,,,,,,,,,,,,
,,,,,,,,,,,,,,,,,,,,,,,,,,,,,,,,,,,,,,,
,,,,,,,,,,,,,,,,,,,,,,,,,,,,,,,,,,,,,,,
,,,,,,,,,,,,,,,,,,,,,,,,,,,,,,,,,,,,,,,
,,,,,,,,,,,,,,,,,,,,,,,,,,,,,,,,,,,,,,,
,,,,,,,,,,,,,,,,,,,,,,,,,,,,,,,,,,,,,,,
,,,,,,,,,,,,,,,,,,,,,,,,,,,,,,,,,,,,,,,
,,,,,,,,,,,,,,,,,,,,,,,,,,,,,,,,,,,,,,,
,,,,,,,,,,,,,,,,,,,,,,,,,,,,,,,,,,,,,,,
,,,,,,,,,,,,,,,,,,,,,,,,,,,,,,,,,,,,,,,
,,,,,,,,,,,,,,,,,,,,,,,,,,,,,,,,,,,,,,,
,,,,,,,,,,,,,,,,,,,,,,,,,,,,,,,,,,,,,,,
,,,,,,,,,,,,,,,,,,,,,,,,,,,,,,,,,,,,,,,
,,,,,,,,,,,,,,,,,,,,,,,,,,,,,,,,,,,,,,,
,,,,,,,,,,,,,,,,,,,,,,,,,,,,,,,,,,,,,,,
,,,,,,,,,,,,,,,,,,,,,,,,,,,,,,,,,,,,,,,
,,,,,,,,,,,,,,,,,,,,,,,,,,,,,,,,,,,,,,,
,,,,,,,,,,,,,,,,,,,,,,,,,,,,,,,,,,,,,,,
,,,,,,,,,,,,,,,,,,,,,,,,,,,,,,,,,,,,,,,
,,,,,,,,,,,,,,,,,,,,,,,,,,,,,,,,,,,,,,,
,,,,,,,,,,,,,,,,,,,,,,,,,,,,,,,,,,,,,,,
,,,,,,,,,,,,,,,,,,,,,,,,,,,,,,,,,,,,,,,
,,,,,,,,,,,,,,,,,,,,,,,,,,,,,,,,,,,,,,,
,,,,,,,,,,,,,,,,,,,,,,,,,,,,,,,,,,,,,,,
,,,,,,,,,,,,,,,,,,,,,,,,,,,,,,,,,,,,,,,
,,,,,,,,,,,,,,,,,,,,,,,,,,,,,,,,,,,,,,,
,,,,,,,,,,,,,,,,,,,,,,,,,,,,,,,,,,,,,,,
,,,,,,,,,,,,,,,,,,,,,,,,,,,,,,,,,,,,,,,
,,,,,,,,,,,,,,,,,,,,,,,,,,,,,,,,,,,,,,,
,,,,,,,,,,,,,,,,,,,,,,,,,,,,,,,,,,,,,,,
,,,,,,,,,,,,,,,,,,,,,,,,,,,,,,,,,,,,,,,
,,,,,,,,,,,,,,,,,,,,,,,,,,,,,,,,,,,,,,,
,,,,,,,,,,,,,,,,,,,,,,,,,,,,,,,,,,,,,,,
,,,,,,,,,,,,,,,,,,,,,,,,,,,,,,,,,,,,,,,
,,,,,,,,,,,,,,,,,,,,,,,,,,,,,,,,,,,,,,,
,,,,,,,,,,,,,,,,,,,,,,,,,,,,,,,,,,,,,,,
,,,,,,,,,,,,,,,,,,,,,,,,,,,,,,,,,,,,,,,
,,,,,,,,,,,,,,,,,,,,,,,,,,,,,,,,,,,,,,,
,,,,,,,,,,,,,,,,,,,,,,,,,,,,,,,,,,,,,,,
,,,,,,,,,,,,,,,,,,,,,,,,,,,,,,,,,,,,,,,
,,,,,,,,,,,,,,,,,,,,,,,,,,,,,,,,,,,,,,,
,,,,,,,,,,,,,,,,,,,,,,,,,,,,,,,,,,,,,,,
,,,,,,,,,,,,,,,,,,,,,,,,,,,,,,,,,,,,,,,
,,,,,,,,,,,,,,,,,,,,,,,,,,,,,,,,,,,,,,,
,,,,,,,,,,,,,,,,,,,,,,,,,,,,,,,,,,,,,,,
,,,,,,,,,,,,,,,,,,,,,,,,,,,,,,,,,,,,,,,
,,,,,,,,,,,,,,,,,,,,,,,,,,,,,,,,,,,,,,,
,,,,,,,,,,,,,,,,,,,,,,,,,,,,,,,,,,,,,,,
,,,,,,,,,,,,,,,,,,,,,,,,,,,,,,,,,,,,,,,
,,,,,,,,,,,,,,,,,,,,,,,,,,,,,,,,,,,,,,,
,,,,,,,,,,,,,,,,,,,,,,,,,,,,,,,,,,,,,,,
,,,,,,,,,,,,,,,,,,,,,,,,,,,,,,,,,,,,,,,
,,,,,,,,,,,,,,,,,,,,,,,,,,,,,,,,,,,,,,,
,,,,,,,,,,,,,,,,,,,,,,,,,,,,,,,,,,,,,,,
,,,,,,,,,,,,,,,,,,,,,,,,,,,,,,,,,,,,,,,
,,,,,,,,,,,,,,,,,,,,,,,,,,,,,,,,,,,,,,,
,,,,,,,,,,,,,,,,,,,,,,,,,,,,,,,,,,,,,,,
,,,,,,,,,,,,,,,,,,,,,,,,,,,,,,,,,,,,,,,
,,,,,,,,,,,,,,,,,,,,,,,,,,,,,,,,,,,,,,,
,,,,,,,,,,,,,,,,,,,,,,,,,,,,,,,,,,,,,,,
,,,,,,,,,,,,,,,,,,,,,,,,,,,,,,,,,,,,,,,
,,,,,,,,,,,,,,,,,,,,,,,,,,,,,,,,,,,,,,,
,,,,,,,,,,,,,,,,,,,,,,,,,,,,,,,,,,,,,,,
,,,,,,,,,,,,,,,,,,,,,,,,,,,,,,,,,,,,,,,
,,,,,,,,,,,,,,,,,,,,,,,,,,,,,,,,,,,,,,,
,,,,,,,,,,,,,,,,,,,,,,,,,,,,,,,,,,,,,,,
,,,,,,,,,,,,,,,,,,,,,,,,,,,,,,,,,,,,,,,
,,,,,,,,,,,,,,,,,,,,,,,,,,,,,,,,,,,,,,,
,,,,,,,,,,,,,,,,,,,,,,,,,,,,,,,,,,,,,,,
,,,,,,,,,,,,,,,,,,,,,,,,,,,,,,,,,,,,,,,
,,,,,,,,,,,,,,,,,,,,,,,,,,,,,,,,,,,,,,,
,,,,,,,,,,,,,,,,,,,,,,,,,,,,,,,,,,,,,,,
,,,,,,,,,,,,,,,,,,,,,,,,,,,,,,,,,,,,,,,
,,,,,,,,,,,,,,,,,,,,,,,,,,,,,,,,,,,,,,,
,,,,,,,,,,,,,,,,,,,,,,,,,,,,,,,,,,,,,,,
,,,,,,,,,,,,,,,,,,,,,,,,,,,,,,,,,,,,,,,
,,,,,,,,,,,,,,,,,,,,,,,,,,,,,,,,,,,,,,,
,,,,,,,,,,,,,,,,,,,,,,,,,,,,,,,,,,,,,,,
,,,,,,,,,,,,,,,,,,,,,,,,,,,,,,,,,,,,,,,
,,,,,,,,,,,,,,,,,,,,,,,,,,,,,,,,,,,,,,,
,,,,,,,,,,,,,,,,,,,,,,,,,,,,,,,,,,,,,,,
,,,,,,,,,,,,,,,,,,,,,,,,,,,,,,,,,,,,,,,
,,,,,,,,,,,,,,,,,,,,,,,,,,,,,,,,,,,,,,,
,,,,,,,,,,,,,,,,,,,,,,,,,,,,,,,,,,,,,,,
,,,,,,,,,,,,,,,,,,,,,,,,,,,,,,,,,,,,,,,
,,,,,,,,,,,,,,,,,,,,,,,,,,,,,,,,,,,,,,,
,,,,,,,,,,,,,,,,,,,,,,,,,,,,,,,,,,,,,,,
,,,,,,,,,,,,,,,,,,,,,,,,,,,,,,,,,,,,,,,
,,,,,,,,,,,,,,,,,,,,,,,,,,,,,,,,,,,,,,,
,,,,,,,,,,,,,,,,,,,,,,,,,,,,,,,,,,,,,,,
,,,,,,,,,,,,,,,,,,,,,,,,,,,,,,,,,,,,,,,
,,,,,,,,,,,,,,,,,,,,,,,,,,,,,,,,,,,,,,,
,,,,,,,,,,,,,,,,,,,,,,,,,,,,,,,,,,,,,,,
,,,,,,,,,,,,,,,,,,,,,,,,,,,,,,,,,,,,,,,
,,,,,,,,,,,,,,,,,,,,,,,,,,,,,,,,,,,,,,,
,,,,,,,,,,,,,,,,,,,,,,,,,,,,,,,,,,,,,,,
,,,,,,,,,,,,,,,,,,,,,,,,,,,,,,,,,,,,,,,
,,,,,,,,,,,,,,,,,,,,,,,,,,,,,,,,,,,,,,,
,,,,,,,,,,,,,,,,,,,,,,,,,,,,,,,,,,,,,,,
,,,,,,,,,,,,,,,,,,,,,,,,,,,,,,,,,,,,,,,
,,,,,,,,,,,,,,,,,,,,,,,,,,,,,,,,,,,,,,,
,,,,,,,,,,,,,,,,,,,,,,,,,,,,,,,,,,,,,,,
,,,,,,,,,,,,,,,,,,,,,,,,,,,,,,,,,,,,,,,
,,,,,,,,,,,,,,,,,,,,,,,,,,,,,,,,,,,,,,,
,,,,,,,,,,,,,,,,,,,,,,,,,,,,,,,,,,,,,,,
,,,,,,,,,,,,,,,,,,,,,,,,,,,,,,,,,,,,,,,
,,,,,,,,,,,,,,,,,,,,,,,,,,,,,,,,,,,,,,,
,,,,,,,,,,,,,,,,,,,,,,,,,,,,,,,,,,,,,,,
,,,,,,,,,,,,,,,,,,,,,,,,,,,,,,,,,,,,,,,
,,,,,,,,,,,,,,,,,,,,,,,,,,,,,,,,,,,,,,,
,,,,,,,,,,,,,,,,,,,,,,,,,,,,,,,,,,,,,,,
,,,,,,,,,,,,,,,,,,,,,,,,,,,,,,,,,,,,,,,
,,,,,,,,,,,,,,,,,,,,,,,,,,,,,,,,,,,,,,,
,,,,,,,,,,,,,,,,,,,,,,,,,,,,,,,,,,,,,,,
,,,,,,,,,,,,,,,,,,,,,,,,,,,,,,,,,,,,,,,
,,,,,,,,,,,,,,,,,,,,,,,,,,,,,,,,,,,,,,,
,,,,,,,,,,,,,,,,,,,,,,,,,,,,,,,,,,,,,,,
,,,,,,,,,,,,,,,,,,,,,,,,,,,,,,,,,,,,,,,
,,,,,,,,,,,,,,,,,,,,,,,,,,,,,,,,,,,,,,,
,,,,,,,,,,,,,,,,,,,,,,,,,,,,,,,,,,,,,,,
,,,,,,,,,,,,,,,,,,,,,,,,,,,,,,,,,,,,,,,
,,,,,,,,,,,,,,,,,,,,,,,,,,,,,,,,,,,,,,,
,,,,,,,,,,,,,,,,,,,,,,,,,,,,,,,,,,,,,,,
,,,,,,,,,,,,,,,,,,,,,,,,,,,,,,,,,,,,,,,
,,,,,,,,,,,,,,,,,,,,,,,,,,,,,,,,,,,,,,,
,,,,,,,,,,,,,,,,,,,,,,,,,,,,,,,,,,,,,,,
,,,,,,,,,,,,,,,,,,,,,,,,,,,,,,,,,,,,,,,
,,,,,,,,,,,,,,,,,,,,,,,,,,,,,,,,,,,,,,,
,,,,,,,,,,,,,,,,,,,,,,,,,,,,,,,,,,,,,,,
,,,,,,,,,,,,,,,,,,,,,,,,,,,,,,,,,,,,,,,
,,,,,,,,,,,,,,,,,,,,,,,,,,,,,,,,,,,,,,,
,,,,,,,,,,,,,,,,,,,,,,,,,,,,,,,,,,,,,,,
,,,,,,,,,,,,,,,,,,,,,,,,,,,,,,,,,,,,,,,
,,,,,,,,,,,,,,,,,,,,,,,,,,,,,,,,,,,,,,,
,,,,,,,,,,,,,,,,,,,,,,,,,,,,,,,,,,,,,,,
,,,,,,,,,,,,,,,,,,,,,,,,,,,,,,,,,,,,,,,
,,,,,,,,,,,,,,,,,,,,,,,,,,,,,,,,,,,,,,,
,,,,,,,,,,,,,,,,,,,,,,,,,,,,,,,,,,,,,,,
,,,,,,,,,,,,,,,,,,,,,,,,,,,,,,,,,,,,,,,
,,,,,,,,,,,,,,,,,,,,,,,,,,,,,,,,,,,,,,,
,,,,,,,,,,,,,,,,,,,,,,,,,,,,,,,,,,,,,,,
,,,,,,,,,,,,,,,,,,,,,,,,,,,,,,,,,,,,,,,
,,,,,,,,,,,,,,,,,,,,,,,,,,,,,,,,,,,,,,,
,,,,,,,,,,,,,,,,,,,,,,,,,,,,,,,,,,,,,,,
,,,,,,,,,,,,,,,,,,,,,,,,,,,,,,,,,,,,,,,
,,,,,,,,,,,,,,,,,,,,,,,,,,,,,,,,,,,,,,,
,,,,,,,,,,,,,,,,,,,,,,,,,,,,,,,,,,,,,,,
,,,,,,,,,,,,,,,,,,,,,,,,,,,,,,,,,,,,,,,
,,,,,,,,,,,,,,,,,,,,,,,,,,,,,,,,,,,,,,,
,,,,,,,,,,,,,,,,,,,,,,,,,,,,,,,,,,,,,,,
,,,,,,,,,,,,,,,,,,,,,,,,,,,,,,,,,,,,,,,
,,,,,,,,,,,,,,,,,,,,,,,,,,,,,,,,,,,,,,,
,,,,,,,,,,,,,,,,,,,,,,,,,,,,,,,,,,,,,,,
,,,,,,,,,,,,,,,,,,,,,,,,,,,,,,,,,,,,,,,
,,,,,,,,,,,,,,,,,,,,,,,,,,,,,,,,,,,,,,,
,,,,,,,,,,,,,,,,,,,,,,,,,,,,,,,,,,,,,,,
,,,,,,,,,,,,,,,,,,,,,,,,,,,,,,,,,,,,,,,
,,,,,,,,,,,,,,,,,,,,,,,,,,,,,,,,,,,,,,,
,,,,,,,,,,,,,,,,,,,,,,,,,,,,,,,,,,,,,,,
,,,,,,,,,,,,,,,,,,,,,,,,,,,,,,,,,,,,,,,
,,,,,,,,,,,,,,,,,,,,,,,,,,,,,,,,,,,,,,,
,,,,,,,,,,,,,,,,,,,,,,,,,,,,,,,,,,,,,,,
,,,,,,,,,,,,,,,,,,,,,,,,,,,,,,,,,,,,,,,
,,,,,,,,,,,,,,,,,,,,,,,,,,,,,,,,,,,,,,,
,,,,,,,,,,,,,,,,,,,,,,,,,,,,,,,,,,,,,,,
,,,,,,,,,,,,,,,,,,,,,,,,,,,,,,,,,,,,,,,
,,,,,,,,,,,,,,,,,,,,,,,,,,,,,,,,,,,,,,,
,,,,,,,,,,,,,,,,,,,,,,,,,,,,,,,,,,,,,,,
,,,,,,,,,,,,,,,,,,,,,,,,,,,,,,,,,,,,,,,
,,,,,,,,,,,,,,,,,,,,,,,,,,,,,,,,,,,,,,,
,,,,,,,,,,,,,,,,,,,,,,,,,,,,,,,,,,,,,,,
,,,,,,,,,,,,,,,,,,,,,,,,,,,,,,,,,,,,,,,
,,,,,,,,,,,,,,,,,,,,,,,,,,,,,,,,,,,,,,,
,,,,,,,,,,,,,,,,,,,,,,,,,,,,,,,,,,,,,,,
,,,,,,,,,,,,,,,,,,,,,,,,,,,,,,,,,,,,,,,
,,,,,,,,,,,,,,,,,,,,,,,,,,,,,,,,,,,,,,,
,,,,,,,,,,,,,,,,,,,,,,,,,,,,,,,,,,,,,,,
,,,,,,,,,,,,,,,,,,,,,,,,,,,,,,,,,,,,,,,
,,,,,,,,,,,,,,,,,,,,,,,,,,,,,,,,,,,,,,,
,,,,,,,,,,,,,,,,,,,,,,,,,,,,,,,,,,,,,,,
,,,,,,,,,,,,,,,,,,,,,,,,,,,,,,,,,,,,,,,
,,,,,,,,,,,,,,,,,,,,,,,,,,,,,,,,,,,,,,,
,,,,,,,,,,,,,,,,,,,,,,,,,,,,,,,,,,,,,,,
,,,,,,,,,,,,,,,,,,,,,,,,,,,,,,,,,,,,,,,
,,,,,,,,,,,,,,,,,,,,,,,,,,,,,,,,,,,,,,,
,,,,,,,,,,,,,,,,,,,,,,,,,,,,,,,,,,,,,,,
,,,,,,,,,,,,,,,,,,,,,,,,,,,,,,,,,,,,,,,
,,,,,,,,,,,,,,,,,,,,,,,,,,,,,,,,,,,,,,,
,,,,,,,,,,,,,,,,,,,,,,,,,,,,,,,,,,,,,,,
,,,,,,,,,,,,,,,,,,,,,,,,,,,,,,,,,,,,,,,
,,,,,,,,,,,,,,,,,,,,,,,,,,,,,,,,,,,,,,,
,,,,,,,,,,,,,,,,,,,,,,,,,,,,,,,,,,,,,,,
,,,,,,,,,,,,,,,,,,,,,,,,,,,,,,,,,,,,,,,
,,,,,,,,,,,,,,,,,,,,,,,,,,,,,,,,,,,,,,,
,,,,,,,,,,,,,,,,,,,,,,,,,,,,,,,,,,,,,,,
,,,,,,,,,,,,,,,,,,,,,,,,,,,,,,,,,,,,,,,
,,,,,,,,,,,,,,,,,,,,,,,,,,,,,,,,,,,,,,,
,,,,,,,,,,,,,,,,,,,,,,,,,,,,,,,,,,,,,,,
,,,,,,,,,,,,,,,,,,,,,,,,,,,,,,,,,,,,,,,
,,,,,,,,,,,,,,,,,,,,,,,,,,,,,,,,,,,,,,,
,,,,,,,,,,,,,,,,,,,,,,,,,,,,,,,,,,,,,,,
,,,,,,,,,,,,,,,,,,,,,,,,,,,,,,,,,,,,,,,
,,,,,,,,,,,,,,,,,,,,,,,,,,,,,,,,,,,,,,,
,,,,,,,,,,,,,,,,,,,,,,,,,,,,,,,,,,,,,,,
,,,,,,,,,,,,,,,,,,,,,,,,,,,,,,,,,,,,,,,
,,,,,,,,,,,,,,,,,,,,,,,,,,,,,,,,,,,,,,,
,,,,,,,,,,,,,,,,,,,,,,,,,,,,,,,,,,,,,,,
,,,,,,,,,,,,,,,,,,,,,,,,,,,,,,,,,,,,,,,
,,,,,,,,,,,,,,,,,,,,,,,,,,,,,,,,,,,,,,,
,,,,,,,,,,,,,,,,,,,,,,,,,,,,,,,,,,,,,,,
,,,,,,,,,,,,,,,,,,,,,,,,,,,,,,,,,,,,,,,
,,,,,,,,,,,,,,,,,,,,,,,,,,,,,,,,,,,,,,,
,,,,,,,,,,,,,,,,,,,,,,,,,,,,,,,,,,,,,,,
,,,,,,,,,,,,,,,,,,,,,,,,,,,,,,,,,,,,,,,
,,,,,,,,,,,,,,,,,,,,,,,,,,,,,,,,,,,,,,,
,,,,,,,,,,,,,,,,,,,,,,,,,,,,,,,,,,,,,,,
,,,,,,,,,,,,,,,,,,,,,,,,,,,,,,,,,,,,,,,
,,,,,,,,,,,,,,,,,,,,,,,,,,,,,,,,,,,,,,,
,,,,,,,,,,,,,,,,,,,,,,,,,,,,,,,,,,,,,,,
,,,,,,,,,,,,,,,,,,,,,,,,,,,,,,,,,,,,,,,
,,,,,,,,,,,,,,,,,,,,,,,,,,,,,,,,,,,,,,,
,,,,,,,,,,,,,,,,,,,,,,,,,,,,,,,,,,,,,,,
,,,,,,,,,,,,,,,,,,,,,,,,,,,,,,,,,,,,,,,
,,,,,,,,,,,,,,,,,,,,,,,,,,,,,,,,,,,,,,,
,,,,,,,,,,,,,,,,,,,,,,,,,,,,,,,,,,,,,,,
,,,,,,,,,,,,,,,,,,,,,,,,,,,,,,,,,,,,,,,
,,,,,,,,,,,,,,,,,,,,,,,,,,,,,,,,,,,,,,,
,,,,,,,,,,,,,,,,,,,,,,,,,,,,,,,,,,,,,,,
,,,,,,,,,,,,,,,,,,,,,,,,,,,,,,,,,,,,,,,
,,,,,,,,,,,,,,,,,,,,,,,,,,,,,,,,,,,,,,,
,,,,,,,,,,,,,,,,,,,,,,,,,,,,,,,,,,,,,,,
,,,,,,,,,,,,,,,,,,,,,,,,,,,,,,,,,,,,,,,
,,,,,,,,,,,,,,,,,,,,,,,,,,,,,,,,,,,,,,,
,,,,,,,,,,,,,,,,,,,,,,,,,,,,,,,,,,,,,,,
,,,,,,,,,,,,,,,,,,,,,,,,,,,,,,,,,,,,,,,
,,,,,,,,,,,,,,,,,,,,,,,,,,,,,,,,,,,,,,,
,,,,,,,,,,,,,,,,,,,,,,,,,,,,,,,,,,,,,,,
,,,,,,,,,,,,,,,,,,,,,,,,,,,,,,,,,,,,,,,
,,,,,,,,,,,,,,,,,,,,,,,,,,,,,,,,,,,,,,,
,,,,,,,,,,,,,,,,,,,,,,,,,,,,,,,,,,,,,,,
,,,,,,,,,,,,,,,,,,,,,,,,,,,,,,,,,,,,,,,
,,,,,,,,,,,,,,,,,,,,,,,,,,,,,,,,,,,,,,,
,,,,,,,,,,,,,,,,,,,,,,,,,,,,,,,,,,,,,,,
,,,,,,,,,,,,,,,,,,,,,,,,,,,,,,,,,,,,,,,
,,,,,,,,,,,,,,,,,,,,,,,,,,,,,,,,,,,,,,,
,,,,,,,,,,,,,,,,,,,,,,,,,,,,,,,,,,,,,,,
,,,,,,,,,,,,,,,,,,,,,,,,,,,,,,,,,,,,,,,
,,,,,,,,,,,,,,,,,,,,,,,,,,,,,,,,,,,,,,,
,,,,,,,,,,,,,,,,,,,,,,,,,,,,,,,,,,,,,,,
,,,,,,,,,,,,,,,,,,,,,,,,,,,,,,,,,,,,,,,
,,,,,,,,,,,,,,,,,,,,,,,,,,,,,,,,,,,,,,,
,,,,,,,,,,,,,,,,,,,,,,,,,,,,,,,,,,,,,,,
,,,,,,,,,,,,,,,,,,,,,,,,,,,,,,,,,,,,,,,
,,,,,,,,,,,,,,,,,,,,,,,,,,,,,,,,,,,,,,,
,,,,,,,,,,,,,,,,,,,,,,,,,,,,,,,,,,,,,,,
,,,,,,,,,,,,,,,,,,,,,,,,,,,,,,,,,,,,,,,
,,,,,,,,,,,,,,,,,,,,,,,,,,,,,,,,,,,,,,,
,,,,,,,,,,,,,,,,,,,,,,,,,,,,,,,,,,,,,,,
,,,,,,,,,,,,,,,,,,,,,,,,,,,,,,,,,,,,,,,
,,,,,,,,,,,,,,,,,,,,,,,,,,,,,,,,,,,,,,,
,,,,,,,,,,,,,,,,,,,,,,,,,,,,,,,,,,,,,,,
,,,,,,,,,,,,,,,,,,,,,,,,,,,,,,,,,,,,,,,
,,,,,,,,,,,,,,,,,,,,,,,,,,,,,,,,,,,,,,,
,,,,,,,,,,,,,,,,,,,,,,,,,,,,,,,,,,,,,,,
,,,,,,,,,,,,,,,,,,,,,,,,,,,,,,,,,,,,,,,
,,,,,,,,,,,,,,,,,,,,,,,,,,,,,,,,,,,,,,,
,,,,,,,,,,,,,,,,,,,,,,,,,,,,,,,,,,,,,,,
,,,,,,,,,,,,,,,,,,,,,,,,,,,,,,,,,,,,,,,
,,,,,,,,,,,,,,,,,,,,,,,,,,,,,,,,,,,,,,,
,,,,,,,,,,,,,,,,,,,,,,,,,,,,,,,,,,,,,,,
,,,,,,,,,,,,,,,,,,,,,,,,,,,,,,,,,,,,,,,
,,,,,,,,,,,,,,,,,,,,,,,,,,,,,,,,,,,,,,,
,,,,,,,,,,,,,,,,,,,,,,,,,,,,,,,,,,,,,,,
,,,,,,,,,,,,,,,,,,,,,,,,,,,,,,,,,,,,,,,
,,,,,,,,,,,,,,,,,,,,,,,,,,,,,,,,,,,,,,,
,,,,,,,,,,,,,,,,,,,,,,,,,,,,,,,,,,,,,,,
,,,,,,,,,,,,,,,,,,,,,,,,,,,,,,,,,,,,,,,
,,,,,,,,,,,,,,,,,,,,,,,,,,,,,,,,,,,,,,,
,,,,,,,,,,,,,,,,,,,,,,,,,,,,,,,,,,,,,,,
,,,,,,,,,,,,,,,,,,,,,,,,,,,,,,,,,,,,,,,
,,,,,,,,,,,,,,,,,,,,,,,,,,,,,,,,,,,,,,,
,,,,,,,,,,,,,,,,,,,,,,,,,,,,,,,,,,,,,,,
,,,,,,,,,,,,,,,,,,,,,,,,,,,,,,,,,,,,,,,
,,,,,,,,,,,,,,,,,,,,,,,,,,,,,,,,,,,,,,,
,,,,,,,,,,,,,,,,,,,,,,,,,,,,,,,,,,,,,,,
,,,,,,,,,,,,,,,,,,,,,,,,,,,,,,,,,,,,,,,
,,,,,,,,,,,,,,,,,,,,,,,,,,,,,,,,,,,,,,,
,,,,,,,,,,,,,,,,,,,,,,,,,,,,,,,,,,,,,,,
,,,,,,,,,,,,,,,,,,,,,,,,,,,,,,,,,,,,,,,
,,,,,,,,,,,,,,,,,,,,,,,,,,,,,,,,,,,,,,,
,,,,,,,,,,,,,,,,,,,,,,,,,,,,,,,,,,,,,,,
,,,,,,,,,,,,,,,,,,,,,,,,,,,,,,,,,,,,,,,
,,,,,,,,,,,,,,,,,,,,,,,,,,,,,,,,,,,,,,,
,,,,,,,,,,,,,,,,,,,,,,,,,,,,,,,,,,,,,,,
,,,,,,,,,,,,,,,,,,,,,,,,,,,,,,,,,,,,,,,
,,,,,,,,,,,,,,,,,,,,,,,,,,,,,,,,,,,,,,,
,,,,,,,,,,,,,,,,,,,,,,,,,,,,,,,,,,,,,,,
,,,,,,,,,,,,,,,,,,,,,,,,,,,,,,,,,,,,,,,
,,,,,,,,,,,,,,,,,,,,,,,,,,,,,,,,,,,,,,,
,,,,,,,,,,,,,,,,,,,,,,,,,,,,,,,,,,,,,,,
,,,,,,,,,,,,,,,,,,,,,,,,,,,,,,,,,,,,,,,
,,,,,,,,,,,,,,,,,,,,,,,,,,,,,,,,,,,,,,,
,,,,,,,,,,,,,,,,,,,,,,,,,,,,,,,,,,,,,,,
,,,,,,,,,,,,,,,,,,,,,,,,,,,,,,,,,,,,,,,
,,,,,,,,,,,,,,,,,,,,,,,,,,,,,,,,,,,,,,,
,,,,,,,,,,,,,,,,,,,,,,,,,,,,,,,,,,,,,,,
,,,,,,,,,,,,,,,,,,,,,,,,,,,,,,,,,,,,,,,
,,,,,,,,,,,,,,,,,,,,,,,,,,,,,,,,,,,,,,,
,,,,,,,,,,,,,,,,,,,,,,,,,,,,,,,,,,,,,,,
,,,,,,,,,,,,,,,,,,,,,,,,,,,,,,,,,,,,,,,
,,,,,,,,,,,,,,,,,,,,,,,,,,,,,,,,,,,,,,,
,,,,,,,,,,,,,,,,,,,,,,,,,,,,,,,,,,,,,,,
,,,,,,,,,,,,,,,,,,,,,,,,,,,,,,,,,,,,,,,
,,,,,,,,,,,,,,,,,,,,,,,,,,,,,,,,,,,,,,,
,,,,,,,,,,,,,,,,,,,,,,,,,,,,,,,,,,,,,,,
,,,,,,,,,,,,,,,,,,,,,,,,,,,,,,,,,,,,,,,
,,,,,,,,,,,,,,,,,,,,,,,,,,,,,,,,,,,,,,,
,,,,,,,,,,,,,,,,,,,,,,,,,,,,,,,,,,,,,,,
,,,,,,,,,,,,,,,,,,,,,,,,,,,,,,,,,,,,,,,
,,,,,,,,,,,,,,,,,,,,,,,,,,,,,,,,,,,,,,,
,,,,,,,,,,,,,,,,,,,,,,,,,,,,,,,,,,,,,,,
,,,,,,,,,,,,,,,,,,,,,,,,,,,,,,,,,,,,,,,
,,,,,,,,,,,,,,,,,,,,,,,,,,,,,,,,,,,,,,,
,,,,,,,,,,,,,,,,,,,,,,,,,,,,,,,,,,,,,,,
,,,,,,,,,,,,,,,,,,,,,,,,,,,,,,,,,,,,,,,
,,,,,,,,,,,,,,,,,,,,,,,,,,,,,,,,,,,,,,,
,,,,,,,,,,,,,,,,,,,,,,,,,,,,,,,,,,,,,,,
,,,,,,,,,,,,,,,,,,,,,,,,,,,,,,,,,,,,,,,
,,,,,,,,,,,,,,,,,,,,,,,,,,,,,,,,,,,,,,,
,,,,,,,,,,,,,,,,,,,,,,,,,,,,,,,,,,,,,,,
,,,,,,,,,,,,,,,,,,,,,,,,,,,,,,,,,,,,,,,
,,,,,,,,,,,,,,,,,,,,,,,,,,,,,,,,,,,,,,,
,,,,,,,,,,,,,,,,,,,,,,,,,,,,,,,,,,,,,,,
,,,,,,,,,,,,,,,,,,,,,,,,,,,,,,,,,,,,,,,
,,,,,,,,,,,,,,,,,,,,,,,,,,,,,,,,,,,,,,,
,,,,,,,,,,,,,,,,,,,,,,,,,,,,,,,,,,,,,,,
,,,,,,,,,,,,,,,,,,,,,,,,,,,,,,,,,,,,,,,
,,,,,,,,,,,,,,,,,,,,,,,,,,,,,,,,,,,,,,,
,,,,,,,,,,,,,,,,,,,,,,,,,,,,,,,,,,,,,,,
,,,,,,,,,,,,,,,,,,,,,,,,,,,,,,,,,,,,,,,
,,,,,,,,,,,,,,,,,,,,,,,,,,,,,,,,,,,,,,,
,,,,,,,,,,,,,,,,,,,,,,,,,,,,,,,,,,,,,,,
,,,,,,,,,,,,,,,,,,,,,,,,,,,,,,,,,,,,,,,
,,,,,,,,,,,,,,,,,,,,,,,,,,,,,,,,,,,,,,,
,,,,,,,,,,,,,,,,,,,,,,,,,,,,,,,,,,,,,,,
,,,,,,,,,,,,,,,,,,,,,,,,,,,,,,,,,,,,,,,
,,,,,,,,,,,,,,,,,,,,,,,,,,,,,,,,,,,,,,,
,,,,,,,,,,,,,,,,,,,,,,,,,,,,,,,,,,,,,,,
,,,,,,,,,,,,,,,,,,,,,,,,,,,,,,,,,,,,,,,
,,,,,,,,,,,,,,,,,,,,,,,,,,,,,,,,,,,,,,,
,,,,,,,,,,,,,,,,,,,,,,,,,,,,,,,,,,,,,,,
,,,,,,,,,,,,,,,,,,,,,,,,,,,,,,,,,,,,,,,
,,,,,,,,,,,,,,,,,,,,,,,,,,,,,,,,,,,,,,,
,,,,,,,,,,,,,,,,,,,,,,,,,,,,,,,,,,,,,,,
,,,,,,,,,,,,,,,,,,,,,,,,,,,,,,,,,,,,,,,
,,,,,,,,,,,,,,,,,,,,,,,,,,,,,,,,,,,,,,,
,,,,,,,,,,,,,,,,,,,,,,,,,,,,,,,,,,,,,,,
,,,,,,,,,,,,,,,,,,,,,,,,,,,,,,,,,,,,,,,
,,,,,,,,,,,,,,,,,,,,,,,,,,,,,,,,,,,,,,,
,,,,,,,,,,,,,,,,,,,,,,,,,,,,,,,,,,,,,,,
,,,,,,,,,,,,,,,,,,,,,,,,,,,,,,,,,,,,,,,
Soldier Boots,FOOT\foot1_00300.txt,FOOT\foot2_00300.txt,13,151,0,0,5,21,611,228,580,,,,,,,,,,,,,,,,,,46,,7,1,77,0,,,,,LFOO031
Chrome Boots,FOOT\foot1_02500.txt,FOOT\foot2_02500.txt,13,151,0,0,5,42,614,228,580,,,,,,,,,,,,,,,,,,55,,21,2,82,0,,,,,LFOO034
Durable Boots,FOOT\foot1_04800.txt,FOOT\foot2_04800.txt,13,151,0,0,6,64,618,228,580,,,,,,,,,,,,,,,,,,61,,32,3,84,0,,,,,LFOO042
Hunter Boots,FOOT\foot1_02200.txt,FOOT\foot2_02200.txt,13,151,0,0,3,24,676,232,579,,,,,,,,,,,,,,,,,,46,,6,1,80,0,,,,,LFOO091
Black Pirate Boots,FOOT\foot1_01500.txt,FOOT\foot2_01500.txt,13,151,0,0,3,45,679,232,579,,,,,,,,,,,,,,,,,,55,,19,2,85,0,,,,,LFOO094
Pirate Sandals,FOOT\foot1_04700.txt,FOOT\foot2_04700.txt,13,151,0,0,3,63,683,232,579,,,,,,,,,,,,,,,,,,60,,28,3,82,0,,,,,LFOO090
Spiritual Shoes,FOOT\foot1_02700.txt,FOOT\foot2_02700.txt,13,152,0,0,3,22,637,236,579,,,,,,,,,,,,,,,,,,46,,6,1,77,0,,,,,LFOO061
Violet Boots,FOOT\foot1_02400.txt,FOOT\foot2_02400.txt,13,152,0,0,3,43,640,236,579,,,,,,,,,,,,,,,,,,55,,18,3,80,0,,,,,LFOO064
Fairy Shoes,FOOT\foot1_05000.txt,FOOT\foot2_05000.txt,13,152,0,0,3,61,644,236,579,,,,,,,,,,,,,,,,,,60,,27,5,82,0,,,,,LFOO060
Brown Shoes,FOOT\foot1_03200.txt,FOOT\foot2_03200.txt,13,153,0,0,3,24,702,240,579,,,,,,,,,,,,,,,,,,46,,7,1,80,0,,,,,LFOO121
Semiya Shoes,FOOT\foot1_02300.txt,FOOT\foot2_02300.txt,13,153,0,0,3,45,705,240,579,,,,,,,,,,,,,,,,,,55,,19,2,85,0,,,,,LFOO124
Fisherman Sandals,FOOT\foot1_04900.txt,FOOT\foot2_04900.txt,13,153,0,0,3,65,709,240,579,,,,,,,,,,,,,,,,,,60,,28,3,85,0,,,,,LFOO120
Leather Shoes,FOOT\foot1_00200.txt,FOOT\foot2_00200.txt,13,153,0,0,3,20,574,244,579,,,,,,,,,,,,,,,,,,46,,5,1,75,,,,,,LFOO004
Wild Walkers,FOOT\foot1_00300.txt,FOOT\foot2_00300.txt,13,153,0,0,2,28,579,244,579,,,,,,,,,,,,,,,,,,48,,8,1,85,,,,,,LFOO009
Redfield Green Shoes,FOOT\foot1_04000.txt,FOOT\foot2_04000.txt,13,153,0,0,2,46,588,244,579,,,,,,,,,,,,,,,,,,55,,19,3,85,0,,,,,LFOO016
,,,,,,,,,,,,,,,,,,,,,,,,,,,,,,,,,,,,,,,
,,,,,,,,,,,,,,,,,,,,,,,,,,,,,,,,,,,,,,,
,,,,,,,,,,,,,,,,,,,,,,,,,,,,,,,,,,,,,,,
,,,,,,,,,,,,,,,,,,,,,,,,,,,,,,,,,,,,,,,
,,,,,,,,,,,,,,,,,,,,,,,,,,,,,,,,,,,,,,,
,,,,,,,,,,,,,,,,,,,,,,,,,,,,,,,,,,,,,,,
,,,,,,,,,,,,,,,,,,,,,,,,,,,,,,,,,,,,,,,
,,,,,,,,,,,,,,,,,,,,,,,,,,,,,,,,,,,,,,,
,,,,,,,,,,,,,,,,,,,,,,,,,,,,,,,,,,,,,,,
,,,,,,,,,,,,,,,,,,,,,,,,,,,,,,,,,,,,,,,
,,,,,,,,,,,,,,,,,,,,,,,,,,,,,,,,,,,,,,,
,,,,,,,,,,,,,,,,,,,,,,,,,,,,,,,,,,,,,,,
,,,,,,,,,,,,,,,,,,,,,,,,,,,,,,,,,,,,,,,
,,,,,,,,,,,,,,,,,,,,,,,,,,,,,,,,,,,,,,,
,,,,,,,,,,,,,,,,,,,,,,,,,,,,,,,,,,,,,,,
,,,,,,,,,,,,,,,,,,,,,,,,,,,,,,,,,,,,,,,
,,,,,,,,,,,,,,,,,,,,,,,,,,,,,,,,,,,,,,,
,,,,,,,,,,,,,,,,,,,,,,,,,,,,,,,,,,,,,,,
,,,,,,,,,,,,,,,,,,,,,,,,,,,,,,,,,,,,,,,
,,,,,,,,,,,,,,,,,,,,,,,,,,,,,,,,,,,,,,,
,,,,,,,,,,,,,,,,,,,,,,,,,,,,,,,,,,,,,,,
,,,,,,,,,,,,,,,,,,,,,,,,,,,,,,,,,,,,,,,
,,,,,,,,,,,,,,,,,,,,,,,,,,,,,,,,,,,,,,,
,,,,,,,,,,,,,,,,,,,,,,,,,,,,,,,,,,,,,,,
,,,,,,,,,,,,,,,,,,,,,,,,,,,,,,,,,,,,,,,
,,,,,,,,,,,,,,,,,,,,,,,,,,,,,,,,,,,,,,,
,,,,,,,,,,,,,,,,,,,,,,,,,,,,,,,,,,,,,,,
,,,,,,,,,,,,,,,,,,,,,,,,,,,,,,,,,,,,,,,
,,,,,,,,,,,,,,,,,,,,,,,,,,,,,,,,,,,,,,,
,,,,,,,,,,,,,,,,,,,,,,,,,,,,,,,,,,,,,,,
,,,,,,,,,,,,,,,,,,,,,,,,,,,,,,,,,,,,,,,
,,,,,,,,,,,,,,,,,,,,,,,,,,,,,,,,,,,,,,,
,,,,,,,,,,,,,,,,,,,,,,,,,,,,,,,,,,,,,,,
,,,,,,,,,,,,,,,,,,,,,,,,,,,,,,,,,,,,,,,
,,,,,,,,,,,,,,,,,,,,,,,,,,,,,,,,,,,,,,,
,,,,,,,,,,,,,,,,,,,,,,,,,,,,,,,,,,,,,,,
,,,,,,,,,,,,,,,,,,,,,,,,,,,,,,,,,,,,,,,
,,,,,,,,,,,,,,,,,,,,,,,,,,,,,,,,,,,,,,,
,,,,,,,,,,,,,,,,,,,,,,,,,,,,,,,,,,,,,,,
,,,,,,,,,,,,,,,,,,,,,,,,,,,,,,,,,,,,,,,
,,,,,,,,,,,,,,,,,,,,,,,,,,,,,,,,,,,,,,,
,,,,,,,,,,,,,,,,,,,,,,,,,,,,,,,,,,,,,,,
,,,,,,,,,,,,,,,,,,,,,,,,,,,,,,,,,,,,,,,
,,,,,,,,,,,,,,,,,,,,,,,,,,,,,,,,,,,,,,,
,,,,,,,,,,,,,,,,,,,,,,,,,,,,,,,,,,,,,,,
,,,,,,,,,,,,,,,,,,,,,,,,,,,,,,,,,,,,,,,
,,,,,,,,,,,,,,,,,,,,,,,,,,,,,,,,,,,,,,,
,,,,,,,,,,,,,,,,,,,,,,,,,,,,,,,,,,,,,,,
,,,,,,,,,,,,,,,,,,,,,,,,,,,,,,,,,,,,,,,
,,,,,,,,,,,,,,,,,,,,,,,,,,,,,,,,,,,,,,,
,,,,,,,,,,,,,,,,,,,,,,,,,,,,,,,,,,,,,,,
,,,,,,,,,,,,,,,,,,,,,,,,,,,,,,,,,,,,,,,
,,,,,,,,,,,,,,,,,,,,,,,,,,,,,,,,,,,,,,,
,,,,,,,,,,,,,,,,,,,,,,,,,,,,,,,,,,,,,,,
,,,,,,,,,,,,,,,,,,,,,,,,,,,,,,,,,,,,,,,
,,,,,,,,,,,,,,,,,,,,,,,,,,,,,,,,,,,,,,,
,,,,,,,,,,,,,,,,,,,,,,,,,,,,,,,,,,,,,,,
,,,,,,,,,,,,,,,,,,,,,,,,,,,,,,,,,,,,,,,
,,,,,,,,,,,,,,,,,,,,,,,,,,,,,,,,,,,,,,,
,,,,,,,,,,,,,,,,,,,,,,,,,,,,,,,,,,,,,,,
,,,,,,,,,,,,,,,,,,,,,,,,,,,,,,,,,,,,,,,
,,,,,,,,,,,,,,,,,,,,,,,,,,,,,,,,,,,,,,,
,,,,,,,,,,,,,,,,,,,,,,,,,,,,,,,,,,,,,,,
,,,,,,,,,,,,,,,,,,,,,,,,,,,,,,,,,,,,,,,
,,,,,,,,,,,,,,,,,,,,,,,,,,,,,,,,,,,,,,,
,,,,,,,,,,,,,,,,,,,,,,,,,,,,,,,,,,,,,,,
,,,,,,,,,,,,,,,,,,,,,,,,,,,,,,,,,,,,,,,
,,,,,,,,,,,,,,,,,,,,,,,,,,,,,,,,,,,,,,,
,,,,,,,,,,,,,,,,,,,,,,,,,,,,,,,,,,,,,,,
,,,,,,,,,,,,,,,,,,,,,,,,,,,,,,,,,,,,,,,
,,,,,,,,,,,,,,,,,,,,,,,,,,,,,,,,,,,,,,,
,,,,,,,,,,,,,,,,,,,,,,,,,,,,,,,,,,,,,,,
,,,,,,,,,,,,,,,,,,,,,,,,,,,,,,,,,,,,,,,
,,,,,,,,,,,,,,,,,,,,,,,,,,,,,,,,,,,,,,,
,,,,,,,,,,,,,,,,,,,,,,,,,,,,,,,,,,,,,,,
,,,,,,,,,,,,,,,,,,,,,,,,,,,,,,,,,,,,,,,
,,,,,,,,,,,,,,,,,,,,,,,,,,,,,,,,,,,,,,,
,,,,,,,,,,,,,,,,,,,,,,,,,,,,,,,,,,,,,,,
,,,,,,,,,,,,,,,,,,,,,,,,,,,,,,,,,,,,,,,
,,,,,,,,,,,,,,,,,,,,,,,,,,,,,,,,,,,,,,,
,,,,,,,,,,,,,,,,,,,,,,,,,,,,,,,,,,,,,,,
,,,,,,,,,,,,,,,,,,,,,,,,,,,,,,,,,,,,,,,
,,,,,,,,,,,,,,,,,,,,,,,,,,,,,,,,,,,,,,,
,,,,,,,,,,,,,,,,,,,,,,,,,,,,,,,,,,,,,,,
,,,,,,,,,,,,,,,,,,,,,,,,,,,,,,,,,,,,,,,
,,,,,,,,,,,,,,,,,,,,,,,,,,,,,,,,,,,,,,,
,,,,,,,,,,,,,,,,,,,,,,,,,,,,,,,,,,,,,,,
,,,,,,,,,,,,,,,,,,,,,,,,,,,,,,,,,,,,,,,
,,,,,,,,,,,,,,,,,,,,,,,,,,,,,,,,,,,,,,,
,,,,,,,,,,,,,,,,,,,,,,,,,,,,,,,,,,,,,,,
,,,,,,,,,,,,,,,,,,,,,,,,,,,,,,,,,,,,,,,
,,,,,,,,,,,,,,,,,,,,,,,,,,,,,,,,,,,,,,,
,,,,,,,,,,,,,,,,,,,,,,,,,,,,,,,,,,,,,,,
,,,,,,,,,,,,,,,,,,,,,,,,,,,,,,,,,,,,,,,
,,,,,,,,,,,,,,,,,,,,,,,,,,,,,,,,,,,,,,,
,,,,,,,,,,,,,,,,,,,,,,,,,,,,,,,,,,,,,,,
,,,,,,,,,,,,,,,,,,,,,,,,,,,,,,,,,,,,,,,
,,,,,,,,,,,,,,,,,,,,,,,,,,,,,,,,,,,,,,,
,,,,,,,,,,,,,,,,,,,,,,,,,,,,,,,,,,,,,,,
,,,,,,,,,,,,,,,,,,,,,,,,,,,,,,,,,,,,,,,
,,,,,,,,,,,,,,,,,,,,,,,,,,,,,,,,,,,,,,,
,,,,,,,,,,,,,,,,,,,,,,,,,,,,,,,,,,,,,,,
,,,,,,,,,,,,,,,,,,,,,,,,,,,,,,,,,,,,,,,
,,,,,,,,,,,,,,,,,,,,,,,,,,,,,,,,,,,,,,,
,,,,,,,,,,,,,,,,,,,,,,,,,,,,,,,,,,,,,,,
,,,,,,,,,,,,,,,,,,,,,,,,,,,,,,,,,,,,,,,
,,,,,,,,,,,,,,,,,,,,,,,,,,,,,,,,,,,,,,,
,,,,,,,,,,,,,,,,,,,,,,,,,,,,,,,,,,,,,,,
,,,,,,,,,,,,,,,,,,,,,,,,,,,,,,,,,,,,,,,
,,,,,,,,,,,,,,,,,,,,,,,,,,,,,,,,,,,,,,,
,,,,,,,,,,,,,,,,,,,,,,,,,,,,,,,,,,,,,,,
,,,,,,,,,,,,,,,,,,,,,,,,,,,,,,,,,,,,,,,
,,,,,,,,,,,,,,,,,,,,,,,,,,,,,,,,,,,,,,,
,,,,,,,,,,,,,,,,,,,,,,,,,,,,,,,,,,,,,,,
,,,,,,,,,,,,,,,,,,,,,,,,,,,,,,,,,,,,,,,
,,,,,,,,,,,,,,,,,,,,,,,,,,,,,,,,,,,,,,,
,,,,,,,,,,,,,,,,,,,,,,,,,,,,,,,,,,,,,,,
,,,,,,,,,,,,,,,,,,,,,,,,,,,,,,,,,,,,,,,
,,,,,,,,,,,,,,,,,,,,,,,,,,,,,,,,,,,,,,,
,,,,,,,,,,,,,,,,,,,,,,,,,,,,,,,,,,,,,,,
,,,,,,,,,,,,,,,,,,,,,,,,,,,,,,,,,,,,,,,
,,,,,,,,,,,,,,,,,,,,,,,,,,,,,,,,,,,,,,,
,,,,,,,,,,,,,,,,,,,,,,,,,,,,,,,,,,,,,,,
,,,,,,,,,,,,,,,,,,,,,,,,,,,,,,,,,,,,,,,
,,,,,,,,,,,,,,,,,,,,,,,,,,,,,,,,,,,,,,,
,,,,,,,,,,,,,,,,,,,,,,,,,,,,,,,,,,,,,,,
,,,,,,,,,,,,,,,,,,,,,,,,,,,,,,,,,,,,,,,
,,,,,,,,,,,,,,,,,,,,,,,,,,,,,,,,,,,,,,,
,,,,,,,,,,,,,,,,,,,,,,,,,,,,,,,,,,,,,,,
,,,,,,,,,,,,,,,,,,,,,,,,,,,,,,,,,,,,,,,
,,,,,,,,,,,,,,,,,,,,,,,,,,,,,,,,,,,,,,,
,,,,,,,,,,,,,,,,,,,,,,,,,,,,,,,,,,,,,,,
,,,,,,,,,,,,,,,,,,,,,,,,,,,,,,,,,,,,,,,
,,,,,,,,,,,,,,,,,,,,,,,,,,,,,,,,,,,,,,,
,,,,,,,,,,,,,,,,,,,,,,,,,,,,,,,,,,,,,,,
,,,,,,,,,,,,,,,,,,,,,,,,,,,,,,,,,,,,,,,
,,,,,,,,,,,,,,,,,,,,,,,,,,,,,,,,,,,,,,,
,,,,,,,,,,,,,,,,,,,,,,,,,,,,,,,,,,,,,,,
,,,,,,,,,,,,,,,,,,,,,,,,,,,,,,,,,,,,,,,
,,,,,,,,,,,,,,,,,,,,,,,,,,,,,,,,,,,,,,,
,,,,,,,,,,,,,,,,,,,,,,,,,,,,,,,,,,,,,,,
,,,,,,,,,,,,,,,,,,,,,,,,,,,,,,,,,,,,,,,
,,,,,,,,,,,,,,,,,,,,,,,,,,,,,,,,,,,,,,,
,,,,,,,,,,,,,,,,,,,,,,,,,,,,,,,,,,,,,,,
,,,,,,,,,,,,,,,,,,,,,,,,,,,,,,,,,,,,,,,
,,,,,,,,,,,,,,,,,,,,,,,,,,,,,,,,,,,,,,,
,,,,,,,,,,,,,,,,,,,,,,,,,,,,,,,,,,,,,,,
,,,,,,,,,,,,,,,,,,,,,,,,,,,,,,,,,,,,,,,
,,,,,,,,,,,,,,,,,,,,,,,,,,,,,,,,,,,,,,,
,,,,,,,,,,,,,,,,,,,,,,,,,,,,,,,,,,,,,,,
,,,,,,,,,,,,,,,,,,,,,,,,,,,,,,,,,,,,,,,
,,,,,,,,,,,,,,,,,,,,,,,,,,,,,,,,,,,,,,,
,,,,,,,,,,,,,,,,,,,,,,,,,,,,,,,,,,,,,,,
,,,,,,,,,,,,,,,,,,,,,,,,,,,,,,,,,,,,,,,
,,,,,,,,,,,,,,,,,,,,,,,,,,,,,,,,,,,,,,,
,,,,,,,,,,,,,,,,,,,,,,,,,,,,,,,,,,,,,,,
,,,,,,,,,,,,,,,,,,,,,,,,,,,,,,,,,,,,,,,
,,,,,,,,,,,,,,,,,,,,,,,,,,,,,,,,,,,,,,,
,,,,,,,,,,,,,,,,,,,,,,,,,,,,,,,,,,,,,,,
,,,,,,,,,,,,,,,,,,,,,,,,,,,,,,,,,,,,,,,
,,,,,,,,,,,,,,,,,,,,,,,,,,,,,,,,,,,,,,,
,,,,,,,,,,,,,,,,,,,,,,,,,,,,,,,,,,,,,,,
,,,,,,,,,,,,,,,,,,,,,,,,,,,,,,,,,,,,,,,
,,,,,,,,,,,,,,,,,,,,,,,,,,,,,,,,,,,,,,,
,,,,,,,,,,,,,,,,,,,,,,,,,,,,,,,,,,,,,,,
,,,,,,,,,,,,,,,,,,,,,,,,,,,,,,,,,,,,,,,
,,,,,,,,,,,,,,,,,,,,,,,,,,,,,,,,,,,,,,,
,,,,,,,,,,,,,,,,,,,,,,,,,,,,,,,,,,,,,,,
,,,,,,,,,,,,,,,,,,,,,,,,,,,,,,,,,,,,,,,
,,,,,,,,,,,,,,,,,,,,,,,,,,,,,,,,,,,,,,,
,,,,,,,,,,,,,,,,,,,,,,,,,,,,,,,,,,,,,,,
,,,,,,,,,,,,,,,,,,,,,,,,,,,,,,,,,,,,,,,
,,,,,,,,,,,,,,,,,,,,,,,,,,,,,,,,,,,,,,,
,,,,,,,,,,,,,,,,,,,,,,,,,,,,,,,,,,,,,,,
,,,,,,,,,,,,,,,,,,,,,,,,,,,,,,,,,,,,,,,
,,,,,,,,,,,,,,,,,,,,,,,,,,,,,,,,,,,,,,,
,,,,,,,,,,,,,,,,,,,,,,,,,,,,,,,,,,,,,,,
,,,,,,,,,,,,,,,,,,,,,,,,,,,,,,,,,,,,,,,
,,,,,,,,,,,,,,,,,,,,,,,,,,,,,,,,,,,,,,,
,,,,,,,,,,,,,,,,,,,,,,,,,,,,,,,,,,,,,,,
,,,,,,,,,,,,,,,,,,,,,,,,,,,,,,,,,,,,,,,
,,,,,,,,,,,,,,,,,,,,,,,,,,,,,,,,,,,,,,,
,,,,,,,,,,,,,,,,,,,,,,,,,,,,,,,,,,,,,,,
,,,,,,,,,,,,,,,,,,,,,,,,,,,,,,,,,,,,,,,
,,,,,,,,,,,,,,,,,,,,,,,,,,,,,,,,,,,,,,,
,,,,,,,,,,,,,,,,,,,,,,,,,,,,,,,,,,,,,,,
,,,,,,,,,,,,,,,,,,,,,,,,,,,,,,,,,,,,,,,
,,,,,,,,,,,,,,,,,,,,,,,,,,,,,,,,,,,,,,,
,,,,,,,,,,,,,,,,,,,,,,,,,,,,,,,,,,,,,,,
,,,,,,,,,,,,,,,,,,,,,,,,,,,,,,,,,,,,,,,
,,,,,,,,,,,,,,,,,,,,,,,,,,,,,,,,,,,,,,,
,,,,,,,,,,,,,,,,,,,,,,,,,,,,,,,,,,,,,,,
,,,,,,,,,,,,,,,,,,,,,,,,,,,,,,,,,,,,,,,
,,,,,,,,,,,,,,,,,,,,,,,,,,,,,,,,,,,,,,,
,,,,,,,,,,,,,,,,,,,,,,,,,,,,,,,,,,,,,,,
,,,,,,,,,,,,,,,,,,,,,,,,,,,,,,,,,,,,,,,
,,,,,,,,,,,,,,,,,,,,,,,,,,,,,,,,,,,,,,,
,,,,,,,,,,,,,,,,,,,,,,,,,,,,,,,,,,,,,,,
,,,,,,,,,,,,,,,,,,,,,,,,,,,,,,,,,,,,,,,
,,,,,,,,,,,,,,,,,,,,,,,,,,,,,,,,,,,,,,,
,,,,,,,,,,,,,,,,,,,,,,,,,,,,,,,,,,,,,,,
,,,,,,,,,,,,,,,,,,,,,,,,,,,,,,,,,,,,,,,
,,,,,,,,,,,,,,,,,,,,,,,,,,,,,,,,,,,,,,,
,,,,,,,,,,,,,,,,,,,,,,,,,,,,,,,,,,,,,,,
,,,,,,,,,,,,,,,,,,,,,,,,,,,,,,,,,,,,,,,
,,,,,,,,,,,,,,,,,,,,,,,,,,,,,,,,,,,,,,,
,,,,,,,,,,,,,,,,,,,,,,,,,,,,,,,,,,,,,,,
,,,,,,,,,,,,,,,,,,,,,,,,,,,,,,,,,,,,,,,
,,,,,,,,,,,,,,,,,,,,,,,,,,,,,,,,,,,,,,,
,,,,,,,,,,,,,,,,,,,,,,,,,,,,,,,,,,,,,,,
,,,,,,,,,,,,,,,,,,,,,,,,,,,,,,,,,,,,,,,
,,,,,,,,,,,,,,,,,,,,,,,,,,,,,,,,,,,,,,,
,,,,,,,,,,,,,,,,,,,,,,,,,,,,,,,,,,,,,,,
,,,,,,,,,,,,,,,,,,,,,,,,,,,,,,,,,,,,,,,
,,,,,,,,,,,,,,,,,,,,,,,,,,,,,,,,,,,,,,,
,,,,,,,,,,,,,,,,,,,,,,,,,,,,,,,,,,,,,,,
,,,,,,,,,,,,,,,,,,,,,,,,,,,,,,,,,,,,,,,
,,,,,,,,,,,,,,,,,,,,,,,,,,,,,,,,,,,,,,,
,,,,,,,,,,,,,,,,,,,,,,,,,,,,,,,,,,,,,,,
,,,,,,,,,,,,,,,,,,,,,,,,,,,,,,,,,,,,,,,
,,,,,,,,,,,,,,,,,,,,,,,,,,,,,,,,,,,,,,,
,,,,,,,,,,,,,,,,,,,,,,,,,,,,,,,,,,,,,,,
,,,,,,,,,,,,,,,,,,,,,,,,,,,,,,,,,,,,,,,
,,,,,,,,,,,,,,,,,,,,,,,,,,,,,,,,,,,,,,,
,,,,,,,,,,,,,,,,,,,,,,,,,,,,,,,,,,,,,,,
,,,,,,,,,,,,,,,,,,,,,,,,,,,,,,,,,,,,,,,
,,,,,,,,,,,,,,,,,,,,,,,,,,,,,,,,,,,,,,,
,,,,,,,,,,,,,,,,,,,,,,,,,,,,,,,,,,,,,,,
,,,,,,,,,,,,,,,,,,,,,,,,,,,,,,,,,,,,,,,
,,,,,,,,,,,,,,,,,,,,,,,,,,,,,,,,,,,,,,,
,,,,,,,,,,,,,,,,,,,,,,,,,,,,,,,,,,,,,,,
,,,,,,,,,,,,,,,,,,,,,,,,,,,,,,,,,,,,,,,
,,,,,,,,,,,,,,,,,,,,,,,,,,,,,,,,,,,,,,,
,,,,,,,,,,,,,,,,,,,,,,,,,,,,,,,,,,,,,,,
,,,,,,,,,,,,,,,,,,,,,,,,,,,,,,,,,,,,,,,
,,,,,,,,,,,,,,,,,,,,,,,,,,,,,,,,,,,,,,,
,,,,,,,,,,,,,,,,,,,,,,,,,,,,,,,,,,,,,,,
,,,,,,,,,,,,,,,,,,,,,,,,,,,,,,,,,,,,,,,
,,,,,,,,,,,,,,,,,,,,,,,,,,,,,,,,,,,,,,,
,,,,,,,,,,,,,,,,,,,,,,,,,,,,,,,,,,,,,,,
,,,,,,,,,,,,,,,,,,,,,,,,,,,,,,,,,,,,,,,
,,,,,,,,,,,,,,,,,,,,,,,,,,,,,,,,,,,,,,,
,,,,,,,,,,,,,,,,,,,,,,,,,,,,,,,,,,,,,,,
,,,,,,,,,,,,,,,,,,,,,,,,,,,,,,,,,,,,,,,
,,,,,,,,,,,,,,,,,,,,,,,,,,,,,,,,,,,,,,,
,,,,,,,,,,,,,,,,,,,,,,,,,,,,,,,,,,,,,,,
,,,,,,,,,,,,,,,,,,,,,,,,,,,,,,,,,,,,,,,
,,,,,,,,,,,,,,,,,,,,,,,,,,,,,,,,,,,,,,,
,,,,,,,,,,,,,,,,,,,,,,,,,,,,,,,,,,,,,,,
,,,,,,,,,,,,,,,,,,,,,,,,,,,,,,,,,,,,,,,
,,,,,,,,,,,,,,,,,,,,,,,,,,,,,,,,,,,,,,,
,,,,,,,,,,,,,,,,,,,,,,,,,,,,,,,,,,,,,,,
,,,,,,,,,,,,,,,,,,,,,,,,,,,,,,,,,,,,,,,
,,,,,,,,,,,,,,,,,,,,,,,,,,,,,,,,,,,,,,,
,,,,,,,,,,,,,,,,,,,,,,,,,,,,,,,,,,,,,,,
,,,,,,,,,,,,,,,,,,,,,,,,,,,,,,,,,,,,,,,
,,,,,,,,,,,,,,,,,,,,,,,,,,,,,,,,,,,,,,,
,,,,,,,,,,,,,,,,,,,,,,,,,,,,,,,,,,,,,,,
,,,,,,,,,,,,,,,,,,,,,,,,,,,,,,,,,,,,,,,
,,,,,,,,,,,,,,,,,,,,,,,,,,,,,,,,,,,,,,,
,,,,,,,,,,,,,,,,,,,,,,,,,,,,,,,,,,,,,,,
,,,,,,,,,,,,,,,,,,,,,,,,,,,,,,,,,,,,,,,
,,,,,,,,,,,,,,,,,,,,,,,,,,,,,,,,,,,,,,,
,,,,,,,,,,,,,,,,,,,,,,,,,,,,,,,,,,,,,,,
,,,,,,,,,,,,,,,,,,,,,,,,,,,,,,,,,,,,,,,
,,,,,,,,,,,,,,,,,,,,,,,,,,,,,,,,,,,,,,,
,,,,,,,,,,,,,,,,,,,,,,,,,,,,,,,,,,,,,,,
,,,,,,,,,,,,,,,,,,,,,,,,,,,,,,,,,,,,,,,
,,,,,,,,,,,,,,,,,,,,,,,,,,,,,,,,,,,,,,,
,,,,,,,,,,,,,,,,,,,,,,,,,,,,,,,,,,,,,,,
,,,,,,,,,,,,,,,,,,,,,,,,,,,,,,,,,,,,,,,
,,,,,,,,,,,,,,,,,,,,,,,,,,,,,,,,,,,,,,,
,,,,,,,,,,,,,,,,,,,,,,,,,,,,,,,,,,,,,,,
,,,,,,,,,,,,,,,,,,,,,,,,,,,,,,,,,,,,,,,
,,,,,,,,,,,,,,,,,,,,,,,,,,,,,,,,,,,,,,,
,,,,,,,,,,,,,,,,,,,,,,,,,,,,,,,,,,,,,,,
,,,,,,,,,,,,,,,,,,,,,,,,,,,,,,,,,,,,,,,
,,,,,,,,,,,,,,,,,,,,,,,,,,,,,,,,,,,,,,,
,,,,,,,,,,,,,,,,,,,,,,,,,,,,,,,,,,,,,,,
,,,,,,,,,,,,,,,,,,,,,,,,,,,,,,,,,,,,,,,
,,,,,,,,,,,,,,,,,,,,,,,,,,,,,,,,,,,,,,,
,,,,,,,,,,,,,,,,,,,,,,,,,,,,,,,,,,,,,,,
,,,,,,,,,,,,,,,,,,,,,,,,,,,,,,,,,,,,,,,
,,,,,,,,,,,,,,,,,,,,,,,,,,,,,,,,,,,,,,,
,,,,,,,,,,,,,,,,,,,,,,,,,,,,,,,,,,,,,,,
,,,,,,,,,,,,,,,,,,,,,,,,,,,,,,,,,,,,,,,
,,,,,,,,,,,,,,,,,,,,,,,,,,,,,,,,,,,,,,,
,,,,,,,,,,,,,,,,,,,,,,,,,,,,,,,,,,,,,,,
,,,,,,,,,,,,,,,,,,,,,,,,,,,,,,,,,,,,,,,
,,,,,,,,,,,,,,,,,,,,,,,,,,,,,,,,,,,,,,,
,,,,,,,,,,,,,,,,,,,,,,,,,,,,,,,,,,,,,,,
,,,,,,,,,,,,,,,,,,,,,,,,,,,,,,,,,,,,,,,
,,,,,,,,,,,,,,,,,,,,,,,,,,,,,,,,,,,,,,,
,,,,,,,,,,,,,,,,,,,,,,,,,,,,,,,,,,,,,,,
,,,,,,,,,,,,,,,,,,,,,,,,,,,,,,,,,,,,,,,
,,,,,,,,,,,,,,,,,,,,,,,,,,,,,,,,,,,,,,,
,,,,,,,,,,,,,,,,,,,,,,,,,,,,,,,,,,,,,,,
,,,,,,,,,,,,,,,,,,,,,,,,,,,,,,,,,,,,,,,
,,,,,,,,,,,,,,,,,,,,,,,,,,,,,,,,,,,,,,,
,,,,,,,,,,,,,,,,,,,,,,,,,,,,,,,,,,,,,,,
,,,,,,,,,,,,,,,,,,,,,,,,,,,,,,,,,,,,,,,
,,,,,,,,,,,,,,,,,,,,,,,,,,,,,,,,,,,,,,,
,,,,,,,,,,,,,,,,,,,,,,,,,,,,,,,,,,,,,,,
,,,,,,,,,,,,,,,,,,,,,,,,,,,,,,,,,,,,,,,
,,,,,,,,,,,,,,,,,,,,,,,,,,,,,,,,,,,,,,,
,,,,,,,,,,,,,,,,,,,,,,,,,,,,,,,,,,,,,,,
,,,,,,,,,,,,,,,,,,,,,,,,,,,,,,,,,,,,,,,
,,,,,,,,,,,,,,,,,,,,,,,,,,,,,,,,,,,,,,,
,,,,,,,,,,,,,,,,,,,,,,,,,,,,,,,,,,,,,,,
,,,,,,,,,,,,,,,,,,,,,,,,,,,,,,,,,,,,,,,
,,,,,,,,,,,,,,,,,,,,,,,,,,,,,,,,,,,,,,,
,,,,,,,,,,,,,,,,,,,,,,,,,,,,,,,,,,,,,,,
,,,,,,,,,,,,,,,,,,,,,,,,,,,,,,,,,,,,,,,
,,,,,,,,,,,,,,,,,,,,,,,,,,,,,,,,,,,,,,,
,,,,,,,,,,,,,,,,,,,,,,,,,,,,,,,,,,,,,,,
,,,,,,,,,,,,,,,,,,,,,,,,,,,,,,,,,,,,,,,
,,,,,,,,,,,,,,,,,,,,,,,,,,,,,,,,,,,,,,,
,,,,,,,,,,,,,,,,,,,,,,,,,,,,,,,,,,,,,,,
,,,,,,,,,,,,,,,,,,,,,,,,,,,,,,,,,,,,,,,
,,,,,,,,,,,,,,,,,,,,,,,,,,,,,,,,,,,,,,,
,,,,,,,,,,,,,,,,,,,,,,,,,,,,,,,,,,,,,,,
,,,,,,,,,,,,,,,,,,,,,,,,,,,,,,,,,,,,,,,
,,,,,,,,,,,,,,,,,,,,,,,,,,,,,,,,,,,,,,,
,,,,,,,,,,,,,,,,,,,,,,,,,,,,,,,,,,,,,,,
,,,,,,,,,,,,,,,,,,,,,,,,,,,,,,,,,,,,,,,
,,,,,,,,,,,,,,,,,,,,,,,,,,,,,,,,,,,,,,,
,,,,,,,,,,,,,,,,,,,,,,,,,,,,,,,,,,,,,,,
,,,,,,,,,,,,,,,,,,,,,,,,,,,,,,,,,,,,,,,
,,,,,,,,,,,,,,,,,,,,,,,,,,,,,,,,,,,,,,,
,,,,,,,,,,,,,,,,,,,,,,,,,,,,,,,,,,,,,,,
,,,,,,,,,,,,,,,,,,,,,,,,,,,,,,,,,,,,,,,
,,,,,,,,,,,,,,,,,,,,,,,,,,,,,,,,,,,,,,,
,,,,,,,,,,,,,,,,,,,,,,,,,,,,,,,,,,,,,,,
,,,,,,,,,,,,,,,,,,,,,,,,,,,,,,,,,,,,,,,
,,,,,,,,,,,,,,,,,,,,,,,,,,,,,,,,,,,,,,,
,,,,,,,,,,,,,,,,,,,,,,,,,,,,,,,,,,,,,,,
,,,,,,,,,,,,,,,,,,,,,,,,,,,,,,,,,,,,,,,
,,,,,,,,,,,,,,,,,,,,,,,,,,,,,,,,,,,,,,,
,,,,,,,,,,,,,,,,,,,,,,,,,,,,,,,,,,,,,,,
,,,,,,,,,,,,,,,,,,,,,,,,,,,,,,,,,,,,,,,
,,,,,,,,,,,,,,,,,,,,,,,,,,,,,,,,,,,,,,,
,,,,,,,,,,,,,,,,,,,,,,,,,,,,,,,,,,,,,,,
,,,,,,,,,,,,,,,,,,,,,,,,,,,,,,,,,,,,,,,
,,,,,,,,,,,,,,,,,,,,,,,,,,,,,,,,,,,,,,,
,,,,,,,,,,,,,,,,,,,,,,,,,,,,,,,,,,,,,,,
,,,,,,,,,,,,,,,,,,,,,,,,,,,,,,,,,,,,,,,
,,,,,,,,,,,,,,,,,,,,,,,,,,,,,,,,,,,,,,,
,,,,,,,,,,,,,,,,,,,,,,,,,,,,,,,,,,,,,,,
,,,,,,,,,,,,,,,,,,,,,,,,,,,,,,,,,,,,,,,
,,,,,,,,,,,,,,,,,,,,,,,,,,,,,,,,,,,,,,,
,,,,,,,,,,,,,,,,,,,,,,,,,,,,,,,,,,,,,,,
,,,,,,,,,,,,,,,,,,,,,,,,,,,,,,,,,,,,,,,
,,,,,,,,,,,,,,,,,,,,,,,,,,,,,,,,,,,,,,,
,,,,,,,,,,,,,,,,,,,,,,,,,,,,,,,,,,,,,,,
,,,,,,,,,,,,,,,,,,,,,,,,,,,,,,,,,,,,,,,
,,,,,,,,,,,,,,,,,,,,,,,,,,,,,,,,,,,,,,,
,,,,,,,,,,,,,,,,,,,,,,,,,,,,,,,,,,,,,,,
,,,,,,,,,,,,,,,,,,,,,,,,,,,,,,,,,,,,,,,
,,,,,,,,,,,,,,,,,,,,,,,,,,,,,,,,,,,,,,,
,,,,,,,,,,,,,,,,,,,,,,,,,,,,,,,,,,,,,,,
,,,,,,,,,,,,,,,,,,,,,,,,,,,,,,,,,,,,,,,
,,,,,,,,,,,,,,,,,,,,,,,,,,,,,,,,,,,,,,,
,,,,,,,,,,,,,,,,,,,,,,,,,,,,,,,,,,,,,,,
,,,,,,,,,,,,,,,,,,,,,,,,,,,,,,,,,,,,,,,
,,,,,,,,,,,,,,,,,,,,,,,,,,,,,,,,,,,,,,,
,,,,,,,,,,,,,,,,,,,,,,,,,,,,,,,,,,,,,,,
,,,,,,,,,,,,,,,,,,,,,,,,,,,,,,,,,,,,,,,
,,,,,,,,,,,,,,,,,,,,,,,,,,,,,,,,,,,,,,,
,,,,,,,,,,,,,,,,,,,,,,,,,,,,,,,,,,,,,,,
,,,,,,,,,,,,,,,,,,,,,,,,,,,,,,,,,,,,,,,
,,,,,,,,,,,,,,,,,,,,,,,,,,,,,,,,,,,,,,,
,,,,,,,,,,,,,,,,,,,,,,,,,,,,,,,,,,,,,,,
,,,,,,,,,,,,,,,,,,,,,,,,,,,,,,,,,,,,,,,
,,,,,,,,,,,,,,,,,,,,,,,,,,,,,,,,,,,,,,,
,,,,,,,,,,,,,,,,,,,,,,,,,,,,,,,,,,,,,,,
,,,,,,,,,,,,,,,,,,,,,,,,,,,,,,,,,,,,,,,
,,,,,,,,,,,,,,,,,,,,,,,,,,,,,,,,,,,,,,,
,,,,,,,,,,,,,,,,,,,,,,,,,,,,,,,,,,,,,,,
,,,,,,,,,,,,,,,,,,,,,,,,,,,,,,,,,,,,,,,
,,,,,,,,,,,,,,,,,,,,,,,,,,,,,,,,,,,,,,,
,,,,,,,,,,,,,,,,,,,,,,,,,,,,,,,,,,,,,,,
,,,,,,,,,,,,,,,,,,,,,,,,,,,,,,,,,,,,,,,
,,,,,,,,,,,,,,,,,,,,,,,,,,,,,,,,,,,,,,,
,,,,,,,,,,,,,,,,,,,,,,,,,,,,,,,,,,,,,,,
,,,,,,,,,,,,,,,,,,,,,,,,,,,,,,,,,,,,,,,
,,,,,,,,,,,,,,,,,,,,,,,,,,,,,,,,,,,,,,,
,,,,,,,,,,,,,,,,,,,,,,,,,,,,,,,,,,,,,,,
,,,,,,,,,,,,,,,,,,,,,,,,,,,,,,,,,,,,,,,
,,,,,,,,,,,,,,,,,,,,,,,,,,,,,,,,,,,,,,,
,,,,,,,,,,,,,,,,,,,,,,,,,,,,,,,,,,,,,,,
,,,,,,,,,,,,,,,,,,,,,,,,,,,,,,,,,,,,,,,
,,,,,,,,,,,,,,,,,,,,,,,,,,,,,,,,,,,,,,,
,,,,,,,,,,,,,,,,,,,,,,,,,,,,,,,,,,,,,,,
,,,,,,,,,,,,,,,,,,,,,,,,,,,,,,,,,,,,,,,
,,,,,,,,,,,,,,,,,,,,,,,,,,,,,,,,,,,,,,,
,,,,,,,,,,,,,,,,,,,,,,,,,,,,,,,,,,,,,,,
,,,,,,,,,,,,,,,,,,,,,,,,,,,,,,,,,,,,,,,
,,,,,,,,,,,,,,,,,,,,,,,,,,,,,,,,,,,,,,,
,,,,,,,,,,,,,,,,,,,,,,,,,,,,,,,,,,,,,,,
,,,,,,,,,,,,,,,,,,,,,,,,,,,,,,,,,,,,,,,
,,,,,,,,,,,,,,,,,,,,,,,,,,,,,,,,,,,,,,,
,,,,,,,,,,,,,,,,,,,,,,,,,,,,,,,,,,,,,,,
,,,,,,,,,,,,,,,,,,,,,,,,,,,,,,,,,,,,,,,
,,,,,,,,,,,,,,,,,,,,,,,,,,,,,,,,,,,,,,,
,,,,,,,,,,,,,,,,,,,,,,,,,,,,,,,,,,,,,,,
,,,,,,,,,,,,,,,,,,,,,,,,,,,,,,,,,,,,,,,
,,,,,,,,,,,,,,,,,,,,,,,,,,,,,,,,,,,,,,,
,,,,,,,,,,,,,,,,,,,,,,,,,,,,,,,,,,,,,,,
,,,,,,,,,,,,,,,,,,,,,,,,,,,,,,,,,,,,,,,
,,,,,,,,,,,,,,,,,,,,,,,,,,,,,,,,,,,,,,,
,,,,,,,,,,,,,,,,,,,,,,,,,,,,,,,,,,,,,,,
,,,,,,,,,,,,,,,,,,,,,,,,,,,,,,,,,,,,,,,
,,,,,,,,,,,,,,,,,,,,,,,,,,,,,,,,,,,,,,,
,,,,,,,,,,,,,,,,,,,,,,,,,,,,,,,,,,,,,,,
,,,,,,,,,,,,,,,,,,,,,,,,,,,,,,,,,,,,,,,
,,,,,,,,,,,,,,,,,,,,,,,,,,,,,,,,,,,,,,,
,,,,,,,,,,,,,,,,,,,,,,,,,,,,,,,,,,,,,,,
,,,,,,,,,,,,,,,,,,,,,,,,,,,,,,,,,,,,,,,
,,,,,,,,,,,,,,,,,,,,,,,,,,,,,,,,,,,,,,,
,,,,,,,,,,,,,,,,,,,,,,,,,,,,,,,,,,,,,,,
,,,,,,,,,,,,,,,,,,,,,,,,,,,,,,,,,,,,,,,
,,,,,,,,,,,,,,,,,,,,,,,,,,,,,,,,,,,,,,,
,,,,,,,,,,,,,,,,,,,,,,,,,,,,,,,,,,,,,,,
,,,,,,,,,,,,,,,,,,,,,,,,,,,,,,,,,,,,,,,
,,,,,,,,,,,,,,,,,,,,,,,,,,,,,,,,,,,,,,,
,,,,,,,,,,,,,,,,,,,,,,,,,,,,,,,,,,,,,,,
,,,,,,,,,,,,,,,,,,,,,,,,,,,,,,,,,,,,,,,
,,,,,,,,,,,,,,,,,,,,,,,,,,,,,,,,,,,,,,,
,,,,,,,,,,,,,,,,,,,,,,,,,,,,,,,,,,,,,,,
,,,,,,,,,,,,,,,,,,,,,,,,,,,,,,,,,,,,,,,
,,,,,,,,,,,,,,,,,,,,,,,,,,,,,,,,,,,,,,,
,,,,,,,,,,,,,,,,,,,,,,,,,,,,,,,,,,,,,,,
,,,,,,,,,,,,,,,,,,,,,,,,,,,,,,,,,,,,,,,
,,,,,,,,,,,,,,,,,,,,,,,,,,,,,,,,,,,,,,,
,,,,,,,,,,,,,,,,,,,,,,,,,,,,,,,,,,,,,,,
,,,,,,,,,,,,,,,,,,,,,,,,,,,,,,,,,,,,,,,
,,,,,,,,,,,,,,,,,,,,,,,,,,,,,,,,,,,,,,,
,,,,,,,,,,,,,,,,,,,,,,,,,,,,,,,,,,,,,,,
,,,,,,,,,,,,,,,,,,,,,,,,,,,,,,,,,,,,,,,
,,,,,,,,,,,,,,,,,,,,,,,,,,,,,,,,,,,,,,,
,,,,,,,,,,,,,,,,,,,,,,,,,,,,,,,,,,,,,,,
,,,,,,,,,,,,,,,,,,,,,,,,,,,,,,,,,,,,,,,
,,,,,,,,,,,,,,,,,,,,,,,,,,,,,,,,,,,,,,,
,,,,,,,,,,,,,,,,,,,,,,,,,,,,,,,,,,,,,,,
,,,,,,,,,,,,,,,,,,,,,,,,,,,,,,,,,,,,,,,
,,,,,,,,,,,,,,,,,,,,,,,,,,,,,,,,,,,,,,,
,,,,,,,,,,,,,,,,,,,,,,,,,,,,,,,,,,,,,,,
,,,,,,,,,,,,,,,,,,,,,,,,,,,,,,,,,,,,,,,
,,,,,,,,,,,,,,,,,,,,,,,,,,,,,,,,,,,,,,,
,,,,,,,,,,,,,,,,,,,,,,,,,,,,,,,,,,,,,,,
,,,,,,,,,,,,,,,,,,,,,,,,,,,,,,,,,,,,,,,
,,,,,,,,,,,,,,,,,,,,,,,,,,,,,,,,,,,,,,,
,,,,,,,,,,,,,,,,,,,,,,,,,,,,,,,,,,,,,,,
,,,,,,,,,,,,,,,,,,,,,,,,,,,,,,,,,,,,,,,
,,,,,,,,,,,,,,,,,,,,,,,,,,,,,,,,,,,,,,,
,,,,,,,,,,,,,,,,,,,,,,,,,,,,,,,,,,,,,,,
,,,,,,,,,,,,,,,,,,,,,,,,,,,,,,,,,,,,,,,
,,,,,,,,,,,,,,,,,,,,,,,,,,,,,,,,,,,,,,,
,,,,,,,,,,,,,,,,,,,,,,,,,,,,,,,,,,,,,,,
,,,,,,,,,,,,,,,,,,,,,,,,,,,,,,,,,,,,,,,
,,,,,,,,,,,,,,,,,,,,,,,,,,,,,,,,,,,,,,,
,,,,,,,,,,,,,,,,,,,,,,,,,,,,,,,,,,,,,,,
,,,,,,,,,,,,,,,,,,,,,,,,,,,,,,,,,,,,,,,
,,,,,,,,,,,,,,,,,,,,,,,,,,,,,,,,,,,,,,,
,,,,,,,,,,,,,,,,,,,,,,,,,,,,,,,,,,,,,,,
,,,,,,,,,,,,,,,,,,,,,,,,,,,,,,,,,,,,,,,
,,,,,,,,,,,,,,,,,,,,,,,,,,,,,,,,,,,,,,,
,,,,,,,,,,,,,,,,,,,,,,,,,,,,,,,,,,,,,,,
,,,,,,,,,,,,,,,,,,,,,,,,,,,,,,,,,,,,,,,
,,,,,,,,,,,,,,,,,,,,,,,,,,,,,,,,,,,,,,,
,,,,,,,,,,,,,,,,,,,,,,,,,,,,,,,,,,,,,,,
,,,,,,,,,,,,,,,,,,,,,,,,,,,,,,,,,,,,,,,
,,,,,,,,,,,,,,,,,,,,,,,,,,,,,,,,,,,,,,,
,,,,,,,,,,,,,,,,,,,,,,,,,,,,,,,,,,,,,,,
,,,,,,,,,,,,,,,,,,,,,,,,,,,,,,,,,,,,,,,
,,,,,,,,,,,,,,,,,,,,,,,,,,,,,,,,,,,,,,,
,,,,,,,,,,,,,,,,,,,,,,,,,,,,,,,,,,,,,,,
,,,,,,,,,,,,,,,,,,,,,,,,,,,,,,,,,,,,,,,
,,,,,,,,,,,,,,,,,,,,,,,,,,,,,,,,,,,,,,,
,,,,,,,,,,,,,,,,,,,,,,,,,,,,,,,,,,,,,,,
,,,,,,,,,,,,,,,,,,,,,,,,,,,,,,,,,,,,,,,
,,,,,,,,,,,,,,,,,,,,,,,,,,,,,,,,,,,,,,,
,,,,,,,,,,,,,,,,,,,,,,,,,,,,,,,,,,,,,,,
,,,,,,,,,,,,,,,,,,,,,,,,,,,,,,,,,,,,,,,
,,,,,,,,,,,,,,,,,,,,,,,,,,,,,,,,,,,,,,,
,,,,,,,,,,,,,,,,,,,,,,,,,,,,,,,,,,,,,,,
,,,,,,,,,,,,,,,,,,,,,,,,,,,,,,,,,,,,,,,
,,,,,,,,,,,,,,,,,,,,,,,,,,,,,,,,,,,,,,,
,,,,,,,,,,,,,,,,,,,,,,,,,,,,,,,,,,,,,,,
,,,,,,,,,,,,,,,,,,,,,,,,,,,,,,,,,,,,,,,
,,,,,,,,,,,,,,,,,,,,,,,,,,,,,,,,,,,,,,,
,,,,,,,,,,,,,,,,,,,,,,,,,,,,,,,,,,,,,,,
,,,,,,,,,,,,,,,,,,,,,,,,,,,,,,,,,,,,,,,
,,,,,,,,,,,,,,,,,,,,,,,,,,,,,,,,,,,,,,,
,,,,,,,,,,,,,,,,,,,,,,,,,,,,,,,,,,,,,,,
,,,,,,,,,,,,,,,,,,,,,,,,,,,,,,,,,,,,,,,
,,,,,,,,,,,,,,,,,,,,,,,,,,,,,,,,,,,,,,,
,,,,,,,,,,,,,,,,,,,,,,,,,,,,,,,,,,,,,,,
,,,,,,,,,,,,,,,,,,,,,,,,,,,,,,,,,,,,,,,
,,,,,,,,,,,,,,,,,,,,,,,,,,,,,,,,,,,,,,,
,,,,,,,,,,,,,,,,,,,,,,,,,,,,,,,,,,,,,,,
,,,,,,,,,,,,,,,,,,,,,,,,,,,,,,,,,,,,,,,
,,,,,,,,,,,,,,,,,,,,,,,,,,,,,,,,,,,,,,,
,,,,,,,,,,,,,,,,,,,,,,,,,,,,,,,,,,,,,,,
,,,,,,,,,,,,,,,,,,,,,,,,,,,,,,,,,,,,,,,
,,,,,,,,,,,,,,,,,,,,,,,,,,,,,,,,,,,,,,,
,,,,,,,,,,,,,,,,,,,,,,,,,,,,,,,,,,,,,,,
,,,,,,,,,,,,,,,,,,,,,,,,,,,,,,,,,,,,,,,
,,,,,,,,,,,,,,,,,,,,,,,,,,,,,,,,,,,,,,,
,,,,,,,,,,,,,,,,,,,,,,,,,,,,,,,,,,,,,,,
,,,,,,,,,,,,,,,,,,,,,,,,,,,,,,,,,,,,,,,
,,,,,,,,,,,,,,,,,,,,,,,,,,,,,,,,,,,,,,,
,,,,,,,,,,,,,,,,,,,,,,,,,,,,,,,,,,,,,,,
,,,,,,,,,,,,,,,,,,,,,,,,,,,,,,,,,,,,,,,
,,,,,,,,,,,,,,,,,,,,,,,,,,,,,,,,,,,,,,,
,,,,,,,,,,,,,,,,,,,,,,,,,,,,,,,,,,,,,,,
,,,,,,,,,,,,,,,,,,,,,,,,,,,,,,,,,,,,,,,
,,,,,,,,,,,,,,,,,,,,,,,,,,,,,,,,,,,,,,,
,,,,,,,,,,,,,,,,,,,,,,,,,,,,,,,,,,,,,,,
,,,,,,,,,,,,,,,,,,,,,,,,,,,,,,,,,,,,,,,
,,,,,,,,,,,,,,,,,,,,,,,,,,,,,,,,,,,,,,,
,,,,,,,,,,,,,,,,,,,,,,,,,,,,,,,,,,,,,,,
,,,,,,,,,,,,,,,,,,,,,,,,,,,,,,,,,,,,,,,
,,,,,,,,,,,,,,,,,,,,,,,,,,,,,,,,,,,,,,,
,,,,,,,,,,,,,,,,,,,,,,,,,,,,,,,,,,,,,,,
,,,,,,,,,,,,,,,,,,,,,,,,,,,,,,,,,,,,,,,
,,,,,,,,,,,,,,,,,,,,,,,,,,,,,,,,,,,,,,,
,,,,,,,,,,,,,,,,,,,,,,,,,,,,,,,,,,,,,,,
,,,,,,,,,,,,,,,,,,,,,,,,,,,,,,,,,,,,,,,
,,,,,,,,,,,,,,,,,,,,,,,,,,,,,,,,,,,,,,,
,,,,,,,,,,,,,,,,,,,,,,,,,,,,,,,,,,,,,,,
,,,,,,,,,,,,,,,,,,,,,,,,,,,,,,,,,,,,,,,
,,,,,,,,,,,,,,,,,,,,,,,,,,,,,,,,,,,,,,,
,,,,,,,,,,,,,,,,,,,,,,,,,,,,,,,,,,,,,,,
,,,,,,,,,,,,,,,,,,,,,,,,,,,,,,,,,,,,,,,
,,,,,,,,,,,,,,,,,,,,,,,,,,,,,,,,,,,,,,,
,,,,,,,,,,,,,,,,,,,,,,,,,,,,,,,,,,,,,,,
,,,,,,,,,,,,,,,,,,,,,,,,,,,,,,,,,,,,,,,
,,,,,,,,,,,,,,,,,,,,,,,,,,,,,,,,,,,,,,,
,,,,,,,,,,,,,,,,,,,,,,,,,,,,,,,,,,,,,,,
,,,,,,,,,,,,,,,,,,,,,,,,,,,,,,,,,,,,,,,
,,,,,,,,,,,,,,,,,,,,,,,,,,,,,,,,,,,,,,,
,,,,,,,,,,,,,,,,,,,,,,,,,,,,,,,,,,,,,,,
,,,,,,,,,,,,,,,,,,,,,,,,,,,,,,,,,,,,,,,
,,,,,,,,,,,,,,,,,,,,,,,,,,,,,,,,,,,,,,,
,,,,,,,,,,,,,,,,,,,,,,,,,,,,,,,,,,,,,,,
,,,,,,,,,,,,,,,,,,,,,,,,,,,,,,,,,,,,,,,
,,,,,,,,,,,,,,,,,,,,,,,,,,,,,,,,,,,,,,,
,,,,,,,,,,,,,,,,,,,,,,,,,,,,,,,,,,,,,,,
,,,,,,,,,,,,,,,,,,,,,,,,,,,,,,,,,,,,,,,
,,,,,,,,,,,,,,,,,,,,,,,,,,,,,,,,,,,,,,,
,,,,,,,,,,,,,,,,,,,,,,,,,,,,,,,,,,,,,,,
,,,,,,,,,,,,,,,,,,,,,,,,,,,,,,,,,,,,,,,
,,,,,,,,,,,,,,,,,,,,,,,,,,,,,,,,,,,,,,,
,,,,,,,,,,,,,,,,,,,,,,,,,,,,,,,,,,,,,,,
,,,,,,,,,,,,,,,,,,,,,,,,,,,,,,,,,,,,,,,
,,,,,,,,,,,,,,,,,,,,,,,,,,,,,,,,,,,,,,,
,,,,,,,,,,,,,,,,,,,,,,,,,,,,,,,,,,,,,,,
,,,,,,,,,,,,,,,,,,,,,,,,,,,,,,,,,,,,,,,
,,,,,,,,,,,,,,,,,,,,,,,,,,,,,,,,,,,,,,,
,,,,,,,,,,,,,,,,,,,,,,,,,,,,,,,,,,,,,,,
,,,,,,,,,,,,,,,,,,,,,,,,,,,,,,,,,,,,,,,
,,,,,,,,,,,,,,,,,,,,,,,,,,,,,,,,,,,,,,,
,,,,,,,,,,,,,,,,,,,,,,,,,,,,,,,,,,,,,,,
,,,,,,,,,,,,,,,,,,,,,,,,,,,,,,,,,,,,,,,
,,,,,,,,,,,,,,,,,,,,,,,,,,,,,,,,,,,,,,,
,,,,,,,,,,,,,,,,,,,,,,,,,,,,,,,,,,,,,,,
,,,,,,,,,,,,,,,,,,,,,,,,,,,,,,,,,,,,,,,
,,,,,,,,,,,,,,,,,,,,,,,,,,,,,,,,,,,,,,,
,,,,,,,,,,,,,,,,,,,,,,,,,,,,,,,,,,,,,,,
,,,,,,,,,,,,,,,,,,,,,,,,,,,,,,,,,,,,,,,
,,,,,,,,,,,,,,,,,,,,,,,,,,,,,,,,,,,,,,,
,,,,,,,,,,,,,,,,,,,,,,,,,,,,,,,,,,,,,,,
,,,,,,,,,,,,,,,,,,,,,,,,,,,,,,,,,,,,,,,
,,,,,,,,,,,,,,,,,,,,,,,,,,,,,,,,,,,,,,,
,,,,,,,,,,,,,,,,,,,,,,,,,,,,,,,,,,,,,,,
,,,,,,,,,,,,,,,,,,,,,,,,,,,,,,,,,,,,,,,
,,,,,,,,,,,,,,,,,,,,,,,,,,,,,,,,,,,,,,,
,,,,,,,,,,,,,,,,,,,,,,,,,,,,,,,,,,,,,,,
,,,,,,,,,,,,,,,,,,,,,,,,,,,,,,,,,,,,,,,
,,,,,,,,,,,,,,,,,,,,,,,,,,,,,,,,,,,,,,,
,,,,,,,,,,,,,,,,,,,,,,,,,,,,,,,,,,,,,,,
,,,,,,,,,,,,,,,,,,,,,,,,,,,,,,,,,,,,,,,
,,,,,,,,,,,,,,,,,,,,,,,,,,,,,,,,,,,,,,,
,,,,,,,,,,,,,,,,,,,,,,,,,,,,,,,,,,,,,,,
,,,,,,,,,,,,,,,,,,,,,,,,,,,,,,,,,,,,,,,
,,,,,,,,,,,,,,,,,,,,,,,,,,,,,,,,,,,,,,,
,,,,,,,,,,,,,,,,,,,,,,,,,,,,,,,,,,,,,,,
,,,,,,,,,,,,,,,,,,,,,,,,,,,,,,,,,,,,,,,
,,,,,,,,,,,,,,,,,,,,,,,,,,,,,,,,,,,,,,,
,,,,,,,,,,,,,,,,,,,,,,,,,,,,,,,,,,,,,,,
,,,,,,,,,,,,,,,,,,,,,,,,,,,,,,,,,,,,,,,
,,,,,,,,,,,,,,,,,,,,,,,,,,,,,,,,,,,,,,,
,,,,,,,,,,,,,,,,,,,,,,,,,,,,,,,,,,,,,,,
,,,,,,,,,,,,,,,,,,,,,,,,,,,,,,,,,,,,,,,
,,,,,,,,,,,,,,,,,,,,,,,,,,,,,,,,,,,,,,,
,,,,,,,,,,,,,,,,,,,,,,,,,,,,,,,,,,,,,,,
,,,,,,,,,,,,,,,,,,,,,,,,,,,,,,,,,,,,,,,
,,,,,,,,,,,,,,,,,,,,,,,,,,,,,,,,,,,,,,,
,,,,,,,,,,,,,,,,,,,,,,,,,,,,,,,,,,,,,,,
,,,,,,,,,,,,,,,,,,,,,,,,,,,,,,,,,,,,,,,
,,,,,,,,,,,,,,,,,,,,,,,,,,,,,,,,,,,,,,,
,,,,,,,,,,,,,,,,,,,,,,,,,,,,,,,,,,,,,,,
,,,,,,,,,,,,,,,,,,,,,,,,,,,,,,,,,,,,,,,
,,,,,,,,,,,,,,,,,,,,,,,,,,,,,,,,,,,,,,,
,,,,,,,,,,,,,,,,,,,,,,,,,,,,,,,,,,,,,,,
,,,,,,,,,,,,,,,,,,,,,,,,,,,,,,,,,,,,,,,
,,,,,,,,,,,,,,,,,,,,,,,,,,,,,,,,,,,,,,,
,,,,,,,,,,,,,,,,,,,,,,,,,,,,,,,,,,,,,,,
,,,,,,,,,,,,,,,,,,,,,,,,,,,,,,,,,,,,,,,
,,,,,,,,,,,,,,,,,,,,,,,,,,,,,,,,,,,,,,,
,,,,,,,,,,,,,,,,,,,,,,,,,,,,,,,,,,,,,,,
,,,,,,,,,,,,,,,,,,,,,,,,,,,,,,,,,,,,,,,
,,,,,,,,,,,,,,,,,,,,,,,,,,,,,,,,,,,,,,,
,,,,,,,,,,,,,,,,,,,,,,,,,,,,,,,,,,,,,,,
,,,,,,,,,,,,,,,,,,,,,,,,,,,,,,,,,,,,,,,
,,,,,,,,,,,,,,,,,,,,,,,,,,,,,,,,,,,,,,,
,,,,,,,,,,,,,,,,,,,,,,,,,,,,,,,,,,,,,,,
,,,,,,,,,,,,,,,,,,,,,,,,,,,,,,,,,,,,,,,
,,,,,,,,,,,,,,,,,,,,,,,,,,,,,,,,,,,,,,,
,,,,,,,,,,,,,,,,,,,,,,,,,,,,,,,,,,,,,,,
,,,,,,,,,,,,,,,,,,,,,,,,,,,,,,,,,,,,,,,
,,,,,,,,,,,,,,,,,,,,,,,,,,,,,,,,,,,,,,,
,,,,,,,,,,,,,,,,,,,,,,,,,,,,,,,,,,,,,,,
,,,,,,,,,,,,,,,,,,,,,,,,,,,,,,,,,,,,,,,
,,,,,,,,,,,,,,,,,,,,,,,,,,,,,,,,,,,,,,,
,,,,,,,,,,,,,,,,,,,,,,,,,,,,,,,,,,,,,,,
,,,,,,,,,,,,,,,,,,,,,,,,,,,,,,,,,,,,,,,
,,,,,,,,,,,,,,,,,,,,,,,,,,,,,,,,,,,,,,,
,,,,,,,,,,,,,,,,,,,,,,,,,,,,,,,,,,,,,,,
,,,,,,,,,,,,,,,,,,,,,,,,,,,,,,,,,,,,,,,
,,,,,,,,,,,,,,,,,,,,,,,,,,,,,,,,,,,,,,,
,,,,,,,,,,,,,,,,,,,,,,,,,,,,,,,,,,,,,,,
,,,,,,,,,,,,,,,,,,,,,,,,,,,,,,,,,,,,,,,
,,,,,,,,,,,,,,,,,,,,,,,,,,,,,,,,,,,,,,,
,,,,,,,,,,,,,,,,,,,,,,,,,,,,,,,,,,,,,,,
,,,,,,,,,,,,,,,,,,,,,,,,,,,,,,,,,,,,,,,
,,,,,,,,,,,,,,,,,,,,,,,,,,,,,,,,,,,,,,,
,,,,,,,,,,,,,,,,,,,,,,,,,,,,,,,,,,,,,,,
,,,,,,,,,,,,,,,,,,,,,,,,,,,,,,,,,,,,,,,
,,,,,,,,,,,,,,,,,,,,,,,,,,,,,,,,,,,,,,,
,,,,,,,,,,,,,,,,,,,,,,,,,,,,,,,,,,,,,,,
,,,,,,,,,,,,,,,,,,,,,,,,,,,,,,,,,,,,,,,
,,,,,,,,,,,,,,,,,,,,,,,,,,,,,,,,,,,,,,,
,,,,,,,,,,,,,,,,,,,,,,,,,,,,,,,,,,,,,,,
,,,,,,,,,,,,,,,,,,,,,,,,,,,,,,,,,,,,,,,
,,,,,,,,,,,,,,,,,,,,,,,,,,,,,,,,,,,,,,,
,,,,,,,,,,,,,,,,,,,,,,,,,,,,,,,,,,,,,,,
,,,,,,,,,,,,,,,,,,,,,,,,,,,,,,,,,,,,,,,
,,,,,,,,,,,,,,,,,,,,,,,,,,,,,,,,,,,,,,,
,,,,,,,,,,,,,,,,,,,,,,,,,,,,,,,,,,,,,,,
,,,,,,,,,,,,,,,,,,,,,,,,,,,,,,,,,,,,,,,
,,,,,,,,,,,,,,,,,,,,,,,,,,,,,,,,,,,,,,,
,,,,,,,,,,,,,,,,,,,,,,,,,,,,,,,,,,,,,,,
,,,,,,,,,,,,,,,,,,,,,,,,,,,,,,,,,,,,,,,
,,,,,,,,,,,,,,,,,,,,,,,,,,,,,,,,,,,,,,,
,,,,,,,,,,,,,,,,,,,,,,,,,,,,,,,,,,,,,,,
,,,,,,,,,,,,,,,,,,,,,,,,,,,,,,,,,,,,,,,
,,,,,,,,,,,,,,,,,,,,,,,,,,,,,,,,,,,,,,,
,,,,,,,,,,,,,,,,,,,,,,,,,,,,,,,,,,,,,,,
,,,,,,,,,,,,,,,,,,,,,,,,,,,,,,,,,,,,,,,
,,,,,,,,,,,,,,,,,,,,,,,,,,,,,,,,,,,,,,,
,,,,,,,,,,,,,,,,,,,,,,,,,,,,,,,,,,,,,,,
,,,,,,,,,,,,,,,,,,,,,,,,,,,,,,,,,,,,,,,
,,,,,,,,,,,,,,,,,,,,,,,,,,,,,,,,,,,,,,,
,,,,,,,,,,,,,,,,,,,,,,,,,,,,,,,,,,,,,,,
,,,,,,,,,,,,,,,,,,,,,,,,,,,,,,,,,,,,,,,
,,,,,,,,,,,,,,,,,,,,,,,,,,,,,,,,,,,,,,,
,,,,,,,,,,,,,,,,,,,,,,,,,,,,,,,,,,,,,,,
,,,,,,,,,,,,,,,,,,,,,,,,,,,,,,,,,,,,,,,
,,,,,,,,,,,,,,,,,,,,,,,,,,,,,,,,,,,,,,,
,,,,,,,,,,,,,,,,,,,,,,,,,,,,,,,,,,,,,,,
,,,,,,,,,,,,,,,,,,,,,,,,,,,,,,,,,,,,,,,
,,,,,,,,,,,,,,,,,,,,,,,,,,,,,,,,,,,,,,,
,,,,,,,,,,,,,,,,,,,,,,,,,,,,,,,,,,,,,,,
,,,,,,,,,,,,,,,,,,,,,,,,,,,,,,,,,,,,,,,
,,,,,,,,,,,,,,,,,,,,,,,,,,,,,,,,,,,,,,,
,,,,,,,,,,,,,,,,,,,,,,,,,,,,,,,,,,,,,,,
,,,,,,,,,,,,,,,,,,,,,,,,,,,,,,,,,,,,,,,
,,,,,,,,,,,,,,,,,,,,,,,,,,,,,,,,,,,,,,,
,,,,,,,,,,,,,,,,,,,,,,,,,,,,,,,,,,,,,,,
,,,,,,,,,,,,,,,,,,,,,,,,,,,,,,,,,,,,,,,
,,,,,,,,,,,,,,,,,,,,,,,,,,,,,,,,,,,,,,,
,,,,,,,,,,,,,,,,,,,,,,,,,,,,,,,,,,,,,,,
,,,,,,,,,,,,,,,,,,,,,,,,,,,,,,,,,,,,,,,
,,,,,,,,,,,,,,,,,,,,,,,,,,,,,,,,,,,,,,,
,,,,,,,,,,,,,,,,,,,,,,,,,,,,,,,,,,,,,,,
,,,,,,,,,,,,,,,,,,,,,,,,,,,,,,,,,,,,,,,
,,,,,,,,,,,,,,,,,,,,,,,,,,,,,,,,,,,,,,,
,,,,,,,,,,,,,,,,,,,,,,,,,,,,,,,,,,,,,,,
,,,,,,,,,,,,,,,,,,,,,,,,,,,,,,,,,,,,,,,
,,,,,,,,,,,,,,,,,,,,,,,,,,,,,,,,,,,,,,,
,,,,,,,,,,,,,,,,,,,,,,,,,,,,,,,,,,,,,,,
,,,,,,,,,,,,,,,,,,,,,,,,,,,,,,,,,,,,,,,
,,,,,,,,,,,,,,,,,,,,,,,,,,,,,,,,,,,,,,,
,,,,,,,,,,,,,,,,,,,,,,,,,,,,,,,,,,,,,,,
,,,,,,,,,,,,,,,,,,,,,,,,,,,,,,,,,,,,,,,
,,,,,,,,,,,,,,,,,,,,,,,,,,,,,,,,,,,,,,,
,,,,,,,,,,,,,,,,,,,,,,,,,,,,,,,,,,,,,,,
,,,,,,,,,,,,,,,,,,,,,,,,,,,,,,,,,,,,,,,
,,,,,,,,,,,,,,,,,,,,,,,,,,,,,,,,,,,,,,,
,,,,,,,,,,,,,,,,,,,,,,,,,,,,,,,,,,,,,,,
,,,,,,,,,,,,,,,,,,,,,,,,,,,,,,,,,,,,,,,
,,,,,,,,,,,,,,,,,,,,,,,,,,,,,,,,,,,,,,,
,,,,,,,,,,,,,,,,,,,,,,,,,,,,,,,,,,,,,,,
,,,,,,,,,,,,,,,,,,,,,,,,,,,,,,,,,,,,,,,
,,,,,,,,,,,,,,,,,,,,,,,,,,,,,,,,,,,,,,,
,,,,,,,,,,,,,,,,,,,,,,,,,,,,,,,,,,,,,,,
,,,,,,,,,,,,,,,,,,,,,,,,,,,,,,,,,,,,,,,
,,,,,,,,,,,,,,,,,,,,,,,,,,,,,,,,,,,,,,,
,,,,,,,,,,,,,,,,,,,,,,,,,,,,,,,,,,,,,,,
,,,,,,,,,,,,,,,,,,,,,,,,,,,,,,,,,,,,,,,
,,,,,,,,,,,,,,,,,,,,,,,,,,,,,,,,,,,,,,,
,,,,,,,,,,,,,,,,,,,,,,,,,,,,,,,,,,,,,,,
,,,,,,,,,,,,,,,,,,,,,,,,,,,,,,,,,,,,,,,
,,,,,,,,,,,,,,,,,,,,,,,,,,,,,,,,,,,,,,,
,,,,,,,,,,,,,,,,,,,,,,,,,,,,,,,,,,,,,,,
,,,,,,,,,,,,,,,,,,,,,,,,,,,,,,,,,,,,,,,
,,,,,,,,,,,,,,,,,,,,,,,,,,,,,,,,,,,,,,,
,,,,,,,,,,,,,,,,,,,,,,,,,,,,,,,,,,,,,,,
,,,,,,,,,,,,,,,,,,,,,,,,,,,,,,,,,,,,,,,
,,,,,,,,,,,,,,,,,,,,,,,,,,,,,,,,,,,,,,,
,,,,,,,,,,,,,,,,,,,,,,,,,,,,,,,,,,,,,,,
,,,,,,,,,,,,,,,,,,,,,,,,,,,,,,,,,,,,,,,
,,,,,,,,,,,,,,,,,,,,,,,,,,,,,,,,,,,,,,,
,,,,,,,,,,,,,,,,,,,,,,,,,,,,,,,,,,,,,,,
,,,,,,,,,,,,,,,,,,,,,,,,,,,,,,,,,,,,,,,
,,,,,,,,,,,,,,,,,,,,,,,,,,,,,,,,,,,,,,,
,,,,,,,,,,,,,,,,,,,,,,,,,,,,,,,,,,,,,,,
,,,,,,,,,,,,,,,,,,,,,,,,,,,,,,,,,,,,,,,
,,,,,,,,,,,,,,,,,,,,,,,,,,,,,,,,,,,,,,,
,,,,,,,,,,,,,,,,,,,,,,,,,,,,,,,,,,,,,,,
,,,,,,,,,,,,,,,,,,,,,,,,,,,,,,,,,,,,,,,
,,,,,,,,,,,,,,,,,,,,,,,,,,,,,,,,,,,,,,,
,,,,,,,,,,,,,,,,,,,,,,,,,,,,,,,,,,,,,,,
,,,,,,,,,,,,,,,,,,,,,,,,,,,,,,,,,,,,,,,
