Name,Id,DisplayName,WalkSpeed,RunSpeed,Scale,Level,HP,Attack,Hit,Defense,Resist,Avoid,AttackSpeed,IsMagicDamage,AiType,GiveExp,DropType,RWeapon,LWeapon,DropMoney,DropItem,CanTarget,AttackRange,NpcType,HitMaterial,AttackSound,DieSound,SellTab0,SellTab1,SellTab2,SellTab3,QuestTrigger,Mesh,StlKey
npc_1,1,Mini-Jelly Bean,160,370,30,1,1,1,1,1,1,1,1,0,430,10,100,0,0,6,70,0,190,1,1,0,182,0,0,0,0,5033-32,/Game/Monsters/npc_1/npc_1/SkeletalMeshes/npc_1,LNPC0001
npc_2,2,Jelly Bean,170,390,50,1,1,1,1,1,1,1,1,0,430,10,101,0,0,8,72,0,210,1,1,0,182,0,0,0,0,5051-31,/Game/Monsters/npc_2/npc_2/SkeletalMeshes/npc_2,LNPC0002
npc_3,3,JellyNut,175,400,55,1,1,1,1,1,1,1,1,0,430,10,102,0,0,12,70,0,220,1,1,0,182,0,0,0,0,5033-33,/Game/Monsters/npc_3/npc_3/SkeletalMeshes/npc_3,LNPC0003
npc_4,4,Royal Jelly Bean,220,490,45,1,1,1,1,1,1,1,1,0,430,20,0,0,0,15,73,0,200,4,1,0,182,0,0,0,0,,/Game/Monsters/npc_4/npc_4/SkeletalMeshes/npc_4,LNPC0004
npc_5,5,Red Jelly Bean,200,450,55,1,1,1,1,1,1,1,1,0,104,20,103,0,0,10,75,0,250,3,1,0,182,0,0,0,0,,/Game/Monsters/npc_5/npc_5/SkeletalMeshes/npc_5,LNPC0005
npc_8,8,ButterFly,110,150,50,5,1,1,1,1,1,1,1,0,91,1,100,0,0,1,40,0,150,1,1,0,0,0,0,0,0,,/Game/Monsters/npc_8/npc_8/SkeletalMeshes/npc_8,LNPC0008
npc_9,9,ButterFly,120,160,50,5,1,1,1,1,1,1,1,0,91,1,100,0,0,1,42,0,155,1,1,0,0,0,0,0,0,,/Game/Monsters/npc_9/npc_9/SkeletalMeshes/npc_9,LNPC0009
npc_10,10,ButterFly,130,160,50,5,1,1,1,1,1,1,1,0,91,1,100,0,0,1,45,0,160,1,1,0,0,0,0,0,0,,/Game/Monsters/npc_10/npc_10/SkeletalMeshes/npc_10,LNPC0010
npc_11,11,Mini-Choropy,160,242,30,8,1,1,1,1,1,1,1,0,1,50,104,0,0,5,60,0,180,1,1,0,182,0,0,0,0,5052-31,/Game/Monsters/npc_11/npc_11/SkeletalMeshes/npc_11,LNPC0011
npc_12,12,Choropy,175,260,50,10,18,1,1,1,1,1,1,0,2,50,105,0,0,8,62,0,200,1,1,0,182,0,0,0,0,5053-33,/Game/Monsters/npc_12/npc_12/SkeletalMeshes/npc_12,LNPC0012
npc_13,13,Mother Choropy,180,266,100,10,30,32,78,62,27,10,80,0,2,50,106,0,0,10,62,0,220,2,1,0,182,0,0,0,0,952-31,/Game/Monsters/npc_13/npc_13/SkeletalMeshes/npc_13,LNPC0013
npc_15,15,Spotted Choropy,180,266,100,10,50,35,80,65,28,11,85,0,2,50,107,0,0,12,65,0,230,2,1,0,182,0,0,0,0,952-32,/Game/Monsters/npc_15/npc_15/SkeletalMeshes/npc_15,LNPC0015
npc_21,21,Pumpkin,200,260,45,9,23,32,65,39,20,25,100,0,2,50,108,0,0,10,58,0,220,1,1,0,182,0,0,0,0,105-31,/Game/Monsters/npc_21/npc_21/SkeletalMeshes/npc_21,LNPC0021
npc_22,22,Big Pumpkin,200,260,60,10,35,31,74,62,27,10,85,0,2,50,109,0,0,10,60,0,230,2,1,0,182,0,0,0,0,903-31,/Game/Monsters/npc_22/npc_22/SkeletalMeshes/npc_22,LNPC0022
npc_23,23,Elder Pumpkin,230,400,110,13,28,48,65,39,28,30,95,0,21,50,110,0,0,12,60,0,250,3,1,0,182,0,0,0,0,853-31,/Game/Monsters/npc_23/npc_23/SkeletalMeshes/npc_23,LNPC0023
npc_24,24,Cowboy Pumpkin,200,260,120,14,25,55,85,56,18,18,110,0,23,50,111,0,0,15,65,0,250,4,1,0,182,0,0,0,0,,/Game/Monsters/npc_24/npc_24/SkeletalMeshes/npc_24,LNPC0024
npc_31,31,Dalping,200,290,90,21,25,73,83,65,39,39,90,0,26,80,112,1071,0,7,60,0,1600,1,0,0,0,0,0,0,0,1007-31,/Game/Monsters/npc_31/npc_31/SkeletalMeshes/npc_31,LNPC0031
npc_32,32,Ranger Dalping,210,302,100,22,23,70,81,46,50,53,90,0,26,80,113,1071,0,7,62,0,1800,5,0,0,0,0,0,0,0,5003-31,/Game/Monsters/npc_32/npc_32/SkeletalMeshes/npc_32,LNPC0032
npc_33,33,Hunter Dalping,220,314,100,24,20,91,105,65,28,48,80,0,13,80,114,1071,0,9,60,0,1800,6,0,0,0,0,0,0,0,,/Game/Monsters/npc_33/npc_33/SkeletalMeshes/npc_33,LNPC0033
npc_34,34,Dalping Leader,240,338,115,26,34,100,102,86,36,49,100,0,28,100,115,1071,0,12,62,0,2000,8,0,0,0,0,0,0,0,,/Game/Monsters/npc_34/npc_34/SkeletalMeshes/npc_34,LNPC0034
npc_41,41,Flanae,0,0,80,7,25,20,63,35,17,22,90,1,15,20,116,1072,0,1,55,0,1750,1,1,0,198,0,0,0,0,902-31,/Game/Monsters/npc_41/npc_41/SkeletalMeshes/npc_41,LNPC0041
npc_42,42,Elder Flanae,0,0,100,8,28,30,59,30,20,24,85,1,15,20,117,1072,0,1,60,0,1750,3,1,0,198,0,0,0,0,902-32,/Game/Monsters/npc_42/npc_42/SkeletalMeshes/npc_42,LNPC0042
npc_43,43,Red Flanae,0,0,100,16,28,58,70,45,32,33,85,1,15,50,118,1073,0,1,58,0,2400,3,1,0,198,0,0,0,0,5041-31,/Game/Monsters/npc_43/npc_43/SkeletalMeshes/npc_43,LNPC0043
npc_44,44,Old Flanae,0,0,120,18,34,69,89,66,26,39,95,1,18,50,119,1073,0,1,60,0,2500,8,1,0,198,0,0,0,0,5007-32,/Game/Monsters/npc_44/npc_44/SkeletalMeshes/npc_44,LNPC0044
npc_45,45,Big Flanae,0,0,200,21,31,65,91,92,46,17,75,1,18,20,120,1073,0,1,60,0,2600,2,1,0,198,0,0,0,0,5007-33,/Game/Monsters/npc_45/npc_45/SkeletalMeshes/npc_45,LNPC0045
npc_51,51,Smouly,220,314,100,44,27,158,119,126,83,68,95,1,26,100,121,1074,0,10,56,0,1200,1,1,0,198,0,0,0,0,3003-31,/Game/Monsters/npc_51/npc_51/SkeletalMeshes/npc_51,LNPC0051
npc_52,52,Elder Smouly,230,326,125,46,30,173,114,113,90,71,90,1,28,100,122,1074,0,12,58,0,1250,3,1,0,198,0,0,0,0,5012-32,/Game/Monsters/npc_52/npc_52/SkeletalMeshes/npc_52,LNPC0052
npc_53,53,Old Smouly,240,338,135,48,35,190,140,147,70,79,100,1,29,100,123,1075,0,15,62,0,1300,8,1,0,198,0,0,0,0,5012-33,/Game/Monsters/npc_53/npc_53/SkeletalMeshes/npc_53,LNPC0053
npc_61,61,Needle HoneyBee,200,350,62,11,25,38,68,43,23,28,90,0,2,50,124,0,0,8,62,0,200,1,1,0,206,0,0,0,0,1003-31,/Game/Monsters/npc_61/npc_61/SkeletalMeshes/npc_61,LNPC0061
npc_62,62,HoneyBee,220,440,70,12,25,42,70,45,24,29,93,0,3,50,125,0,0,10,60,0,210,1,1,0,206,0,0,0,0,852-31,/Game/Monsters/npc_62/npc_62/SkeletalMeshes/npc_62,LNPC0062
npc_63,63,Needle Hornet,240,400,70,15,28,55,68,43,31,32,87,0,5,50,126,0,0,12,64,0,230,3,1,0,206,0,0,0,0,,/Game/Monsters/npc_63/npc_63/SkeletalMeshes/npc_63,LNPC0063
npc_64,64,Hornet,260,370,80,18,25,70,92,65,22,21,100,0,9,50,127,0,0,12,65,0,250,4,1,0,206,0,0,0,0,,/Game/Monsters/npc_64/npc_64/SkeletalMeshes/npc_64,LNPC0064
npc_67,67,Queen HoneyBee,240,320,95,26,20,85,90,51,100,45,80,1,26,50,128,1061,0,10,60,0,800,7,1,0,210,0,0,0,0,118-32,/Game/Monsters/npc_67/npc_67/SkeletalMeshes/npc_67,LNPC0067
npc_68,68,Queen Bibi,240,350,107,27,34,104,103,88,38,51,95,1,28,100,129,1061,0,10,62,0,900,8,1,0,210,0,0,0,0,857-31,/Game/Monsters/npc_68/npc_68/SkeletalMeshes/npc_68,LNPC0068
npc_69,69,Master Queen Bibi,300,450,135,33,43,136,117,109,68,42,90,1,28,100,130,333,0,12,67,0,1500,9,1,0,210,0,0,0,0,,/Game/Monsters/npc_69/npc_69/SkeletalMeshes/npc_69,LNPC0069
npc_71,71,Needle Pomic,140,400,80,12,25,42,70,45,24,29,85,0,2,50,131,1011,0,20,62,0,200,1,1,0,214,0,0,0,0,5006-31,/Game/Monsters/npc_71/npc_71/SkeletalMeshes/npc_71,LNPC0071
npc_72,72,Pomic,140,420,88,13,25,45,71,47,26,30,90,0,2,50,132,1011,0,20,65,0,220,1,1,0,214,0,0,0,0,5002-31,/Game/Monsters/npc_72/npc_72/SkeletalMeshes/npc_72,LNPC0072
npc_73,73,Red Pomic,170,500,90,15,28,55,68,43,31,32,80,0,3,50,133,1012,0,20,68,0,230,3,1,0,214,0,0,0,0,5006-33,/Game/Monsters/npc_73/npc_73/SkeletalMeshes/npc_73,LNPC0073
npc_74,74,Pomic Soldier,160,420,92,17,32,52,84,81,39,15,75,0,2,50,134,1031,0,30,62,0,300,2,0,0,214,0,0,0,0,5006-34,/Game/Monsters/npc_74/npc_74/SkeletalMeshes/npc_74,LNPC0074
npc_75,75,Pomic Fighter,160,380,102,19,27,73,74,51,37,39,90,0,5,50,135,1032,0,35,65,0,320,3,0,0,214,0,0,0,0,5006-35,/Game/Monsters/npc_75/npc_75/SkeletalMeshes/npc_75,LNPC0075
npc_76,76,Pomic Fighter,180,700,185,27,37,80,80,70,43,40,90,0,318,100,135,1012,0,40,65,0,350,3,1,0,214,0,0,0,0,,/Game/Monsters/npc_76/npc_76/SkeletalMeshes/npc_76,LNPC0075
npc_81,81,Beetle,150,420,70,20,25,69,81,63,37,38,95,0,3,50,136,0,0,15,58,0,180,1,2,0,218,0,0,0,0,855-31,/Game/Monsters/npc_81/npc_81/SkeletalMeshes/npc_81,LNPC0081
npc_82,82,Beetle Fighter,145,350,80,22,27,80,78,57,43,40,100,0,5,50,137,0,0,19,62,0,200,3,2,0,218,0,0,0,0,855-32,/Game/Monsters/npc_82/npc_82/SkeletalMeshes/npc_82,LNPC0082
npc_84,84,Turtle,160,370,75,27,25,94,92,80,49,46,100,0,3,50,138,0,0,20,58,0,200,1,2,0,218,0,0,0,0,5008-35,/Game/Monsters/npc_84/npc_84/SkeletalMeshes/npc_84,LNPC0084
npc_85,85,Turtle Guard,180,470,85,29,32,91,104,116,62,23,90,0,4,50,139,0,0,23,60,0,220,2,2,0,218,0,0,0,0,5008-36,/Game/Monsters/npc_85/npc_85/SkeletalMeshes/npc_85,LNPC0085
npc_87,87,Crack,130,400,66,20,25,69,81,63,37,38,95,0,21,50,140,0,0,8,50,0,200,1,2,0,218,0,0,0,0,,/Game/Monsters/npc_87/npc_87/SkeletalMeshes/npc_87,LNPC0087
npc_88,88,Crack Fighter,130,320,75,22,27,80,78,57,43,40,105,0,105,50,141,0,0,12,55,0,230,3,2,0,218,0,0,0,0,,/Game/Monsters/npc_88/npc_88/SkeletalMeshes/npc_88,LNPC0088
npc_91,91,Honey Rackie,130,400,90,24,25,57,87,73,44,43,95,0,106,50,142,1011,0,25,60,0,230,1,1,0,222,0,0,0,0,5008-31,/Game/Monsters/npc_91/npc_91/SkeletalMeshes/npc_91,LNPC0091
npc_92,92,Rackie Hooligan,180,520,98,26,25,70,105,86,32,28,110,0,106,50,143,1014,0,35,61,0,250,4,1,0,222,0,0,0,0,5008-32,/Game/Monsters/npc_92/npc_92/SkeletalMeshes/npc_92,LNPC0092
npc_93,93,Fighter Rackie,145,370,100,28,28,71,87,70,53,48,100,0,23,50,144,1005,301,40,62,0,260,3,0,0,222,0,0,0,0,118-33,/Game/Monsters/npc_93/npc_93/SkeletalMeshes/npc_93,LNPC0093
npc_94,94,Rackie Hooligan,140,330,100,25,25,76,114,83,24,27,120,0,24,50,145,1014,0,1,60,0,260,4,1,0,222,0,0,0,0,,/Game/Monsters/npc_94/npc_94/SkeletalMeshes/npc_94,LNPC0094
npc_95,95,Purified Rackie,130,400,90,18,999,1,1,999,999,999,95,0,306,50,142,1011,0,1,60,0,230,1,1,0,222,0,0,0,0,,/Game/Monsters/npc_95/npc_95/SkeletalMeshes/npc_95,LNPC0095
npc_96,96,Hunter Rackie,160,400,96,26,20,79,102,70,34,50,85,0,28,50,146,941,0,30,63,0,2000,6,0,0,222,0,0,0,0,5008-34,/Game/Monsters/npc_96/npc_96/SkeletalMeshes/npc_96,LNPC0096
npc_97,97,Purified Rackie,180,520,98,18,999,1,1,999,999,999,110,0,306,50,143,1014,0,1,61,0,250,4,1,0,222,0,0,0,0,,/Game/Monsters/npc_97/npc_97/SkeletalMeshes/npc_97,LNPC0097
npc_98,98,Purified Rackie,145,370,100,18,999,1,1,999,999,999,100,0,306,60,144,1005,301,1,62,0,260,3,1,0,222,0,0,0,0,,/Game/Monsters/npc_98/npc_98/SkeletalMeshes/npc_98,LNPC0098
npc_99,99,Purified Rackie,160,400,96,18,999,1,1,999,999,99,120,0,306,60,146,941,0,1,63,0,300,6,1,0,222,0,0,0,0,,/Game/Monsters/npc_99/npc_99/SkeletalMeshes/npc_99,LNPC0099
npc_101,101,Woopie,150,350,90,16,25,56,75,54,31,33,90,0,21,60,147,1003,0,20,60,0,250,1,1,0,230,0,0,0,0,2000-31,/Game/Monsters/npc_101/npc_101/SkeletalMeshes/npc_101,LNPC0101
npc_102,102,Woopie Chef,190,480,96,17,23,54,74,37,40,46,85,0,26,60,148,1080,0,30,63,0,1500,5,1,0,230,0,0,0,0,2000-32,/Game/Monsters/npc_102/npc_102/SkeletalMeshes/npc_102,LNPC0102
npc_103,103,Woopie Glutton,170,390,110,18,34,47,89,66,26,39,95,0,23,80,149,1003,302,35,65,0,260,8,1,0,230,0,0,0,0,0,/Game/Monsters/npc_103/npc_103/SkeletalMeshes/npc_103,LNPC0103
npc_111,111,Moldie,180,520,95,37,26,91,107,106,68,59,100,0,21,100,150,0,0,20,58,0,220,1,1,0,226,0,0,0,0,3402-31,/Game/Monsters/npc_111/npc_111/SkeletalMeshes/npc_111,LNPC0111
npc_112,112,Coal Mine Moldie,200,460,105,38,32,84,119,145,81,30,90,0,107,100,151,0,0,25,60,0,230,2,1,0,226,0,0,0,0,3602-31,/Game/Monsters/npc_112/npc_112/SkeletalMeshes/npc_112,LNPC0112
npc_113,113,Gold Mine Moldie,200,450,102,39,27,155,128,122,51,40,105,0,107,100,152,1016,0,25,52,0,250,4,1,0,226,0,0,0,0,5017-35,/Game/Monsters/npc_113/npc_113/SkeletalMeshes/npc_113,LNPC0113
npc_114,114,Captain Moldie,200,500,116,42,44,175,133,135,86,51,100,0,24,100,153,1016,0,30,65,0,260,9,1,0,226,0,0,0,0,127-31,/Game/Monsters/npc_114/npc_114/SkeletalMeshes/npc_114,LNPC0114
npc_121,121,Krawfy,220,550,120,64,30,237,154,187,128,96,95,0,114,100,154,0,0,15,55,0,230,1,0,0,234,0,0,0,0,3007-31,/Game/Monsters/npc_121/npc_121/SkeletalMeshes/npc_121,LNPC0121
npc_122,122,Krawfy Warrior,200,450,140,65,30,268,177,205,96,67,115,0,115,100,155,0,0,17,57,0,240,4,0,0,234,0,0,0,0,3407-31,/Game/Monsters/npc_122/npc_122/SkeletalMeshes/npc_122,LNPC0122
npc_123,123,Krawfy Captain,240,530,155,68,47,292,183,220,144,83,105,0,114,100,156,0,0,20,63,0,250,9,0,0,234,0,0,0,0,,/Game/Monsters/npc_123/npc_123/SkeletalMeshes/npc_123,LNPC0123
npc_127,127,Krawfy Warrior,200,450,145,68,46,302,199,215,82,71,125,0,263,100,155,0,0,17,35,0,240,4,0,0,234,0,0,0,0,,/Game/Monsters/npc_127/npc_127/SkeletalMeshes/npc_127,LNPC0122
npc_128,128,Doonga Hunter,230,510,145,70,37,283,194,192,102,114,105,0,264,100,175,1044,0,18,36,0,2000,6,0,0,246,0,0,0,0,,/Game/Monsters/npc_128/npc_128/SkeletalMeshes/npc_128,LNPC0156
npc_129,129,Krawfy Captain,240,530,160,74,67,320,212,242,159,91,120,0,263,100,156,0,0,20,39,0,250,9,0,0,234,0,0,0,0,,/Game/Monsters/npc_129/npc_129/SkeletalMeshes/npc_129,LNPC0123
npc_130,130,Doonga Captain,220,530,180,76,67,330,217,249,164,93,125,0,262,100,177,137,5,24,40,0,300,9,0,0,246,0,0,0,0,,/Game/Monsters/npc_130/npc_130/SkeletalMeshes/npc_130,LNPC0158
npc_131,131,Mini-Porkie,180,500,80,19,25,46,80,61,35,37,105,0,4,100,157,0,0,20,62,0,180,1,1,0,238,0,0,0,0,,/Game/Monsters/npc_131/npc_131/SkeletalMeshes/npc_131,LNPC0131
npc_132,132,Porkie,180,480,105,33,26,83,101,95,60,54,95,0,3,100,158,0,0,25,62,0,200,1,1,0,238,0,0,0,0,911-31,/Game/Monsters/npc_132/npc_132/SkeletalMeshes/npc_132,LNPC0132
npc_133,133,Porkie Hooligan,185,420,120,35,26,95,121,110,45,37,120,0,5,100,159,0,0,25,63,0,210,4,1,0,238,0,0,0,0,911-32,/Game/Monsters/npc_133/npc_133/SkeletalMeshes/npc_133,LNPC0133
npc_134,134,Grunter,190,500,110,42,33,136,126,159,89,33,90,0,114,100,160,133,0,25,65,0,300,2,0,0,238,0,0,0,0,3403-31,/Game/Monsters/npc_134/npc_134/SkeletalMeshes/npc_134,LNPC0134
npc_135,135,Grunter Fighter,180,460,120,44,30,165,111,108,86,68,105,0,115,100,161,134,0,25,65,0,300,3,0,0,238,0,0,0,0,3603-31,/Game/Monsters/npc_135/npc_135/SkeletalMeshes/npc_135,LNPC0135
npc_136,136,Grunter Warrior,180,450,130,45,27,180,139,140,61,46,120,0,25,100,162,1021,0,30,65,0,300,4,0,0,238,0,0,0,0,3005-31,/Game/Monsters/npc_136/npc_136/SkeletalMeshes/npc_136,LNPC0136
npc_138,138,Grunter Leader,220,480,140,53,36,212,150,162,79,86,115,0,115,100,163,1021,0,35,70,0,300,8,0,0,238,0,0,0,0,,/Game/Monsters/npc_138/npc_138/SkeletalMeshes/npc_138,LNPC0138
npc_139,139,Grunter Captain,230,520,160,55,45,232,158,176,114,67,100,0,114,100,164,135,0,35,75,0,300,9,0,0,238,0,0,0,0,,/Game/Monsters/npc_139/npc_139/SkeletalMeshes/npc_139,LNPC0139
npc_141,141,Kaiman,220,540,140,59,29,217,145,171,116,89,100,0,3,100,165,103,0,16,48,0,250,1,1,0,242,0,0,0,0,,/Game/Monsters/npc_141/npc_141/SkeletalMeshes/npc_141,LNPC0141
npc_142,142,Kaiman Guard,240,600,155,60,35,201,159,224,133,48,90,0,4,100,166,104,0,16,49,0,260,2,0,0,242,0,0,0,0,,/Game/Monsters/npc_142/npc_142/SkeletalMeshes/npc_142,LNPC0142
npc_143,143,Kaiman Warrior,220,480,170,64,30,264,175,201,94,66,115,0,109,100,167,105,0,20,52,0,280,4,0,0,242,0,0,0,0,131-31,/Game/Monsters/npc_143/npc_143/SkeletalMeshes/npc_143,LNPC0143
npc_144,144,Kaiman Ranger,220,550,152,61,28,210,144,133,139,115,105,0,11,100,168,1045,0,16,53,0,2400,5,1,0,242,0,0,0,0,,/Game/Monsters/npc_144/npc_144/SkeletalMeshes/npc_144,LNPC0144
npc_145,145,Kaiman Hunter,210,470,170,63,24,241,169,170,93,103,85,0,14,100,169,1045,0,20,55,0,2000,6,0,0,242,0,0,0,0,,/Game/Monsters/npc_145/npc_145/SkeletalMeshes/npc_145,LNPC0145
npc_151,151,Doonga,200,550,140,56,35,186,151,209,123,45,90,0,3,100,170,0,0,10,50,0,190,2,1,0,246,0,0,0,0,3006-31,/Game/Monsters/npc_151/npc_151/SkeletalMeshes/npc_151,LNPC0151
npc_152,152,Elder Doonga,220,460,165,58,32,223,134,145,118,87,100,0,23,100,171,1013,0,12,52,0,250,3,1,0,246,0,0,0,0,3406-31,/Game/Monsters/npc_152/npc_152/SkeletalMeshes/npc_152,LNPC0152
npc_153,153,Doonga Origin,230,560,170,68,30,254,161,200,138,102,95,0,21,100,172,0,0,12,45,0,220,1,0,0,246,0,0,0,0,134-31,/Game/Monsters/npc_153/npc_153/SkeletalMeshes/npc_153,LNPC0153
npc_154,154,Doonga Fighter,220,560,130,62,32,240,140,156,127,93,100,0,111,100,173,1002,0,15,52,0,240,3,0,0,246,0,0,0,0,5013-33,/Game/Monsters/npc_154/npc_154/SkeletalMeshes/npc_154,LNPC0154
npc_155,155,Doonga Warrior,200,500,145,64,30,264,175,201,94,66,120,0,113,100,174,1004,303,15,54,0,250,4,0,0,246,0,0,0,0,,/Game/Monsters/npc_155/npc_155/SkeletalMeshes/npc_155,LNPC0155
npc_156,156,Doonga Hunter,230,510,140,62,24,237,167,167,91,101,85,0,29,100,175,1044,0,18,52,0,2000,6,0,0,246,0,0,0,0,5013-34,/Game/Monsters/npc_156/npc_156/SkeletalMeshes/npc_156,LNPC0156
npc_157,157,Doonga Leader,250,580,155,70,37,287,183,218,110,111,110,0,112,150,176,207,0,23,60,0,290,8,0,0,246,0,0,0,0,,/Game/Monsters/npc_157/npc_157/SkeletalMeshes/npc_157,LNPC0157
npc_158,158,Doonga Captain,220,530,180,72,48,311,191,235,154,88,100,0,113,200,177,137,5,24,65,0,300,9,0,0,246,0,0,0,0,151-31,/Game/Monsters/npc_158/npc_158/SkeletalMeshes/npc_158,LNPC0158
npc_159,159,Master Doonga,260,570,250,60,175,286,196,227,161,73,90,0,60,400,178,0,0,20,72,0,260,10,1,0,246,0,0,0,0,,/Game/Monsters/npc_159/npc_159/SkeletalMeshes/npc_159,LNPC0159
npc_161,161,Jewel Golem,250,550,200,47,74,208,164,168,102,57,90,0,9,500,179,0,0,1,70,0,220,10,2,0,250,0,0,0,0,,/Game/Monsters/npc_161/npc_161/SkeletalMeshes/npc_161,LNPC0161
npc_162,162,Junon's Golem,290,630,260,73,79,334,221,262,167,89,90,0,63,500,180,0,0,1,72,0,230,10,2,0,250,0,0,0,0,,/Game/Monsters/npc_162/npc_162/SkeletalMeshes/npc_162,LNPC0162
npc_163,163,Master Golem,320,690,310,84,181,383,260,266,216,133,85,0,64,1000,181,0,0,1,80,0,250,10,2,0,250,0,0,0,0,,/Game/Monsters/npc_163/npc_163/SkeletalMeshes/npc_163,LNPC0163
npc_164,164,Stone Golem,200,450,160,74,37,254,186,279,170,61,90,0,62,100,182,0,0,1,45,0,190,2,2,0,250,0,0,0,0,1059-31,/Game/Monsters/npc_164/npc_164/SkeletalMeshes/npc_164,LNPC0164
npc_165,165,Elder Stone Golem,220,490,185,76,34,300,165,197,163,114,105,0,62,500,183,0,0,1,48,0,220,3,2,0,250,0,0,0,0,,/Game/Monsters/npc_165/npc_165/SkeletalMeshes/npc_165,LNPC0165
npc_166,166,Master Stone Golem,220,490,200,80,178,380,237,307,223,99,100,0,66,1000,184,0,0,1,65,0,250,10,2,0,250,0,0,0,0,153-31,/Game/Monsters/npc_166/npc_166/SkeletalMeshes/npc_166,LNPC0166
npc_169,169,Grandmaster Golem,350,750,380,90,220,429,260,350,256,112,100,0,65,20675,185,0,0,1,83,0,250,10,2,0,250,0,0,0,0,157-31,/Game/Monsters/npc_169/npc_169/SkeletalMeshes/npc_169,LNPC0169
npc_171,171,Aqua Guard,180,480,110,30,32,95,105,120,64,24,90,0,111,930,186,1035,0,10,61,0,350,2,0,0,254,0,0,0,0,orofish,/Game/Monsters/npc_171/npc_171/SkeletalMeshes/npc_171,LNPC0171
npc_172,172,Aqua Warrior,220,430,125,31,26,122,114,99,39,33,110,0,112,100,187,164,0,12,63,0,360,4,0,0,254,0,0,0,0,858-31,/Game/Monsters/npc_172/npc_172/SkeletalMeshes/npc_172,LNPC0172
npc_173,173,Aqua Captain,210,460,145,34,44,140,119,112,70,43,95,0,113,100,188,165,0,15,70,0,380,9,0,0,254,0,0,0,0,859-31,/Game/Monsters/npc_173/npc_173/SkeletalMeshes/npc_173,LNPC0173
npc_175,175,Aqua Ranger,240,530,112,32,24,104,96,66,70,68,95,0,26,100,189,1043,0,12,62,0,2200,5,0,0,254,0,0,0,0,858-34,/Game/Monsters/npc_175/npc_175/SkeletalMeshes/npc_175,LNPC0175
npc_176,176,Aqua Hunter,210,470,125,33,21,126,121,86,40,60,82,0,28,100,190,1043,0,15,65,0,2000,6,0,0,254,0,0,0,0,858-37,/Game/Monsters/npc_176/npc_176/SkeletalMeshes/npc_176,LNPC0176
npc_177,177,Aqua Hunter,210,470,135,36,32,138,127,94,45,64,110,0,264,100,190,1043,0,15,32,0,2000,6,0,0,254,0,0,0,0,,/Game/Monsters/npc_177/npc_177/SkeletalMeshes/npc_177,LNPC0176
npc_178,178,Aqua Captain,210,460,155,40,66,166,142,129,82,49,120,0,262,100,188,165,0,15,38,0,380,9,0,0,254,0,0,0,0,,/Game/Monsters/npc_178/npc_178/SkeletalMeshes/npc_178,LNPC0173
npc_179,179,Coal Mine Moldie,200,450,120,42,49,142,133,159,89,33,105,0,267,100,152,0,0,25,32,0,250,2,1,0,226,0,0,0,0,,/Game/Monsters/npc_179/npc_179/SkeletalMeshes/npc_179,LNPC0112
npc_180,180,Captain Moldie,200,500,140,45,66,188,152,144,92,55,120,0,262,100,153,1016,0,30,39,0,260,9,1,0,226,0,0,0,0,,/Game/Monsters/npc_180/npc_180/SkeletalMeshes/npc_180,LNPC0114
npc_181,181,Small Clown,180,580,95,47,28,131,142,146,64,48,115,0,22,100,191,0,0,20,53,0,160,4,1,0,258,0,0,0,0,5012-34,/Game/Monsters/npc_181/npc_181/SkeletalMeshes/npc_181,LNPC0181
npc_182,182,Clown,165,530,110,49,28,126,127,140,93,75,95,0,21,100,192,0,0,23,55,0,160,1,1,0,258,0,0,0,0,5012-35,/Game/Monsters/npc_182/npc_182/SkeletalMeshes/npc_182,LNPC0182
npc_183,183,Fighter Clown,170,450,115,52,31,137,124,128,104,79,100,0,23,100,193,1015,0,28,56,0,230,3,1,0,258,0,0,0,0,5012-36,/Game/Monsters/npc_183/npc_183/SkeletalMeshes/npc_183,LNPC0183
npc_185,185,Ranger Clown,175,550,95,48,26,161,122,101,106,93,102,0,27,100,194,203,0,22,53,0,2500,5,1,0,258,0,0,0,0,5012-37,/Game/Monsters/npc_185/npc_185/SkeletalMeshes/npc_185,LNPC0185
npc_186,186,Hunter Clown,170,450,110,50,23,187,144,131,70,83,85,0,29,100,195,1042,0,25,55,0,2100,6,1,0,258,0,0,0,0,5012-38,/Game/Monsters/npc_186/npc_186/SkeletalMeshes/npc_186,LNPC0186
npc_187,187,Grunter Warrior,180,450,135,53,43,230,168,165,59,55,135,0,262,100,162,1021,0,30,34,0,300,4,0,0,238,0,0,0,0,,/Game/Monsters/npc_187/npc_187/SkeletalMeshes/npc_187,LNPC0136
npc_188,188,Old Smouly,240,338,140,56,54,225,159,172,84,90,120,1,264,100,123,1075,0,15,35,0,1600,8,1,0,198,0,0,0,0,,/Game/Monsters/npc_188/npc_188/SkeletalMeshes/npc_188,LNPC0053
npc_189,189,Hunter Clown,170,450,125,59,36,234,171,158,82,97,100,0,264,100,195,1042,0,25,38,0,2100,6,1,0,258,0,0,0,0,,/Game/Monsters/npc_189/npc_189/SkeletalMeshes/npc_189,LNPC0186
npc_190,190,Grunter Captain,230,520,165,62,69,264,186,200,130,75,120,0,262,100,164,135,0,35,40,0,300,9,0,0,238,0,0,0,0,,/Game/Monsters/npc_190/npc_190/SkeletalMeshes/npc_190,LNPC0139
npc_192,192,Elder Stone Golem,220,490,185,82,52,342,176,216,179,129,110,0,268,200,183,0,0,1,38,0,220,3,2,0,250,0,0,0,0,,/Game/Monsters/npc_192/npc_192/SkeletalMeshes/npc_192,LNPC0165
npc_193,193,Junon's Golem,290,630,260,84,122,390,246,306,197,104,100,0,266,400,180,0,0,1,40,0,230,10,2,0,250,0,0,0,0,,/Game/Monsters/npc_193/npc_193/SkeletalMeshes/npc_193,LNPC0162
npc_194,194,Master Stone Golem,220,490,220,87,123,406,253,318,205,108,115,0,268,500,184,0,0,1,42,0,250,10,2,0,250,0,0,0,0,,/Game/Monsters/npc_194/npc_194/SkeletalMeshes/npc_194,LNPC0166
npc_196,196,Goblin Guard,225,640,160,93,59,345,236,359,226,80,105,0,262,200,232,40,3,15,37,0,250,2,0,0,266,0,0,0,0,,/Game/Monsters/npc_196/npc_196/SkeletalMeshes/npc_196,LNPC0276
npc_197,197,Goblin Mage,200,510,140,95,41,371,213,223,346,143,110,1,265,200,237,337,0,12,38,0,1400,7,1,0,266,0,0,0,0,,/Game/Monsters/npc_197/npc_197/SkeletalMeshes/npc_197,LNPC0281
npc_198,198,Goblin Leader,240,650,190,97,62,415,245,316,167,154,130,0,262,200,239,169,0,15,42,0,350,8,0,0,266,0,0,0,0,,/Game/Monsters/npc_198/npc_198/SkeletalMeshes/npc_198,LNPC0284
npc_201,201,Worm Dragon,300,450,430,88,195,419,256,341,249,110,85,1,51,500,196,1084,0,1,85,0,900,10,1,0,270,0,0,0,0,156-31,/Game/Monsters/npc_201/npc_201/SkeletalMeshes/npc_201,LNPC0201
npc_202,202,Little WormGon,230,400,180,78,32,329,204,251,121,82,95,1,52,100,197,1084,0,1,60,0,1200,4,1,0,270,0,0,0,0,,/Game/Monsters/npc_202/npc_202/SkeletalMeshes/npc_202,LNPC0202
npc_203,203,Jelly King,200,360,170,13,49,44,84,57,34,21,90,0,54,100,198,0,0,1,60,0,230,9,1,0,182,0,0,0,0,952-33,/Game/Monsters/npc_203/npc_203/SkeletalMeshes/npc_203,LNPC0203
npc_204,204,Wandering Rackie,160,540,100,255,34,57,94,71,28,42,90,0,8,150,213,1011,0,25,60,0,250,8,1,0,222,0,0,0,0,,/Game/Monsters/npc_204/npc_204/SkeletalMeshes/npc_204,LNPC0204
npc_205,205,Woopie King,230,550,170,25,74,110,121,99,56,33,85,0,55,200,200,1003,302,20,70,0,250,10,1,0,230,0,0,0,0,113-31,/Game/Monsters/npc_205/npc_205/SkeletalMeshes/npc_205,LNPC0205
npc_206,206,Wild Gorilla,200,550,100,255,35,169,131,132,62,72,90,0,8,100,214,0,0,1,60,0,200,8,1,0,246,0,0,0,0,,/Game/Monsters/npc_206/npc_206/SkeletalMeshes/npc_206,LNPC0206
npc_207,207,Aqua King,290,630,220,40,160,197,150,155,106,49,105,0,56,500,202,167,0,15,80,0,350,10,0,0,254,0,0,0,0,0,/Game/Monsters/npc_207/npc_207/SkeletalMeshes/npc_207,LNPC0207
npc_208,208,Guardian Tree,240,360,340,57,172,272,185,216,153,69,90,1,57,500,203,1075,0,1,75,0,1500,10,1,0,198,0,0,0,0,128-31,/Game/Monsters/npc_208/npc_208/SkeletalMeshes/npc_208,LNPC0208
npc_209,209,Grunter King,300,650,300,60,175,286,192,227,161,73,95,0,59,500,204,138,0,20,82,0,350,10,0,0,238,0,0,0,0,131-32,/Game/Monsters/npc_209/npc_209/SkeletalMeshes/npc_209,LNPC0209
npc_210,210,Scarab,300,500,50,1,20,138,121,110,45,37,130,0,58,80,215,0,0,1,20,0,130,4,2,0,218,0,0,0,0,,/Game/Monsters/npc_210/npc_210/SkeletalMeshes/npc_210,LNPC0210
npc_211,211,Junon's Doongoliath,340,730,360,70,182,333,214,266,191,86,90,0,60,2000,206,0,0,1,80,0,250,10,1,0,246,0,0,0,0,1062-31,/Game/Monsters/npc_211/npc_211/SkeletalMeshes/npc_211,LNPC0211
npc_212,212,Krawfy King,330,710,300,75,186,356,225,286,207,92,95,0,61,2000,207,0,0,15,82,0,250,10,0,0,234,0,0,0,0,1055-31,/Game/Monsters/npc_212/npc_212/SkeletalMeshes/npc_212,LNPC0212
npc_213,213,Aqua Giant,300,630,310,48,83,263,126,206,137,73,105,0,318,2000,226,167,0,0,60,0,350,11,0,0,254,0,0,0,0,,/Game/Monsters/npc_213/npc_213/SkeletalMeshes/npc_213,LNPC0213
npc_215,215,Aqua Guardian,290,630,270,55,352,304,241,205,143,89,125,0,256,2000,271,167,0,0,80,0,350,10,0,0,254,0,0,0,0,BGaquahunt,/Game/Monsters/npc_215/npc_215/SkeletalMeshes/npc_215,LNPC0215
npc_216,216,Grunter Guardian,300,650,320,70,375,391,289,266,177,109,120,0,257,2000,272,138,0,0,82,0,350,10,0,0,238,0,0,0,0,BGgrunterhunt,/Game/Monsters/npc_216/npc_216/SkeletalMeshes/npc_216,LNPC0216
npc_217,217,Krawfy Guardian,330,710,330,85,397,466,341,339,214,147,130,0,258,2000,273,0,0,0,83,0,250,10,0,0,234,0,0,0,0,BGKrawfyhunt,/Game/Monsters/npc_217/npc_217/SkeletalMeshes/npc_217,LNPC0217
npc_218,218,Golem Guardian,320,690,360,95,412,530,376,381,246,163,110,0,259,2000,274,0,0,0,84,0,250,10,2,0,250,0,0,0,0,BGGolemHunt,/Game/Monsters/npc_218/npc_218/SkeletalMeshes/npc_218,LNPC0218
npc_219,219,Goblin Guardian,310,730,330,105,426,599,410,449,289,185,110,0,260,2000,275,173,0,0,85,0,250,10,0,0,266,0,0,0,0,BGGoblinHunt,/Game/Monsters/npc_219/npc_219/SkeletalMeshes/npc_219,LNPC0219
npc_222,222,Grunter King,300,650,300,60,175,286,205,227,161,73,95,0,59,2000,208,138,0,30,76,0,350,10,0,0,238,0,0,0,0,,/Game/Monsters/npc_222/npc_222/SkeletalMeshes/npc_222,LNPC0209
npc_223,223,Krawfy King,330,710,300,75,186,356,240,286,207,92,95,0,61,2000,209,0,0,30,76,0,250,10,0,0,234,0,0,0,0,,/Game/Monsters/npc_223/npc_223/SkeletalMeshes/npc_223,LNPC0212
npc_224,224,Grandmaster Golem,350,750,350,90,177,506,203,417,295,135,100,0,65,2000,361,0,0,0,60,0,250,10,2,0,250,0,0,0,0,,/Game/Monsters/npc_224/npc_224/SkeletalMeshes/npc_224,LNPC0169
npc_226,226,Flanae,0,0,80,7,0,0,0,0,0,0,90,1,15,80,116,1072,0,0,60,0,1750,0,1,0,198,0,0,0,0,,/Game/Monsters/npc_226/npc_226/SkeletalMeshes/npc_226,LNPC0041
npc_227,227,Flanae,0,0,80,7,0,0,0,0,0,0,90,1,15,80,116,1072,0,0,60,0,1750,0,1,0,198,0,0,0,0,,/Game/Monsters/npc_227/npc_227/SkeletalMeshes/npc_227,LNPC0041
npc_228,228,Elder Flanae,0,0,100,8,0,0,0,0,0,0,85,1,15,80,117,1072,0,0,60,0,1750,0,1,0,198,0,0,0,0,,/Game/Monsters/npc_228/npc_228/SkeletalMeshes/npc_228,LNPC0042
npc_229,229,Red Flanae,0,0,100,16,0,0,0,0,0,0,85,1,15,80,118,1073,0,0,60,0,2400,0,1,0,198,0,0,0,0,,/Game/Monsters/npc_229/npc_229/SkeletalMeshes/npc_229,LNPC0043
npc_230,230,,150,350,150,10,26,35,67,41,21,26,100,0,21,100,210,0,0,20,78,0,200,10,0,0,0,0,0,0,0,,/Game/Monsters/npc_230/npc_230/SkeletalMeshes/npc_230,LNPC0230
npc_231,231,,150,350,157,20,25,69,81,63,37,38,100,0,21,100,210,0,0,20,78,0,200,10,0,0,0,0,0,0,0,,/Game/Monsters/npc_231/npc_231/SkeletalMeshes/npc_231,LNPC0231
npc_251,251,Candle Ghost,150,350,90,48,22,164,126,97,168,73,100,1,18,80,0,1076,0,1,40,0,800,7,1,0,262,0,0,0,0,,/Game/Monsters/npc_251/npc_251/SkeletalMeshes/npc_251,LNPC0251
npc_252,252,Elec Ghost,160,370,105,75,25,10,10,20,20,30,100,1,98,25,0,1079,0,1,90,0,800,7,1,0,262,0,0,0,0,,/Game/Monsters/npc_252/npc_252/SkeletalMeshes/npc_252,LNPC0252
npc_254,254,Stone Golem,200,450,160,74,37,254,186,279,170,61,90,0,121,80,0,0,0,0,0,0,190,2,2,0,250,0,0,0,0,135-31,/Game/Monsters/npc_254/npc_254/SkeletalMeshes/npc_254,LNPC0164
npc_256,256,Needle Bat,450,515,90,46,27,165,122,132,87,71,95,0,1,80,221,1076,0,1,55,0,180,1,1,0,182,0,0,0,0,,/Game/Monsters/npc_256/npc_256/SkeletalMeshes/npc_256,LNPC0256
npc_257,257,BloodBat,480,548,105,50,27,168,125,106,111,96,100,0,7,80,222,1076,0,1,52,0,200,5,1,0,182,0,0,0,0,,/Game/Monsters/npc_257/npc_257/SkeletalMeshes/npc_257,LNPC0257
npc_258,258,Elder BloodBat,500,570,115,60,32,231,137,150,122,90,110,0,7,80,223,1076,0,1,48,0,200,3,1,0,182,0,0,0,0,,/Game/Monsters/npc_258/npc_258/SkeletalMeshes/npc_258,LNPC0258
npc_261,261,Goblin Jar,150,350,100,45,33,146,131,169,96,36,90,0,1,80,224,0,0,60,52,0,800,2,2,0,0,0,0,0,0,1981-31,/Game/Monsters/npc_261/npc_261/SkeletalMeshes/npc_261,LNPC0261
npc_262,262,Goblin Pet,160,370,120,50,34,164,140,187,108,40,90,0,1,80,225,0,0,75,50,0,900,2,2,0,0,0,0,0,0,,/Game/Monsters/npc_262/npc_262/SkeletalMeshes/npc_262,LNPC0262
npc_271,271,Goblin Worker,210,530,110,51,28,185,131,146,98,78,105,0,1,100,226,1015,0,10,58,0,250,1,1,0,266,0,0,0,0,5014-31,/Game/Monsters/npc_271/npc_271/SkeletalMeshes/npc_271,LNPC0271
npc_272,272,Coal Mine Goblin Worker,220,480,120,55,35,182,149,205,120,44,90,0,5,100,227,1015,0,12,55,0,250,2,1,0,266,0,0,0,0,805-31,/Game/Monsters/npc_272/npc_272/SkeletalMeshes/npc_272,LNPC0272
npc_273,273,Gold Mine Goblin Worker,230,570,140,65,33,252,145,165,135,97,110,0,5,100,228,1016,0,12,46,0,250,3,1,0,266,0,0,0,0,5019-31,/Game/Monsters/npc_273/npc_273/SkeletalMeshes/npc_273,LNPC0273
npc_274,274,Goblin Server,200,500,108,52,28,189,132,150,100,79,95,0,11,100,229,1080,0,15,57,0,800,1,1,0,266,0,0,0,0,5014-33,/Game/Monsters/npc_274/npc_274/SkeletalMeshes/npc_274,LNPC0274
npc_275,275,Gold Mine Goblin Server,225,510,135,67,33,261,149,170,140,100,100,0,12,100,230,1080,0,15,44,0,900,3,1,0,266,0,0,0,0,5019-32,/Game/Monsters/npc_275/npc_275/SkeletalMeshes/npc_275,LNPC0275
npc_276,276,Goblin Guard,230,620,140,70,37,239,178,262,159,57,95,0,116,100,231,38,2,15,41,0,250,2,0,0,266,0,0,0,0,5019-33,/Game/Monsters/npc_276/npc_276/SkeletalMeshes/npc_276,LNPC0276
npc_277,277,Gem Goblin Guard,225,640,155,85,39,298,208,324,202,72,95,0,116,100,232,40,3,15,40,0,250,2,0,0,266,0,0,0,0,5016-31,/Game/Monsters/npc_277/npc_277/SkeletalMeshes/npc_277,LNPC0277
npc_278,278,Goblin Warrior,225,520,150,73,31,305,193,233,111,76,110,0,117,100,233,169,0,15,43,0,350,4,0,0,266,0,0,0,0,5019-34,/Game/Monsters/npc_278/npc_278/SkeletalMeshes/npc_278,LNPC0278
npc_279,279,Gem Goblin Warrior,230,550,160,89,33,382,227,293,144,95,115,0,117,120,234,170,0,15,43,0,350,4,0,0,266,0,0,0,0,5016-32,/Game/Monsters/npc_279/npc_279/SkeletalMeshes/npc_279,LNPC0279
npc_280,280,Coal Mine Goblin Guard,230,620,160,60,46,255,167,193,125,73,120,0,117,150,235,39,3,15,57,0,250,9,0,0,266,0,0,0,0,,/Game/Monsters/npc_280/npc_280/SkeletalMeshes/npc_280,LNPC0280
npc_281,281,Goblin Mage,200,510,140,88,26,322,199,202,317,132,95,1,118,120,236,337,0,10,43,0,1000,7,1,0,266,0,0,0,0,5016-33,/Game/Monsters/npc_281/npc_281/SkeletalMeshes/npc_281,LNPC0281
npc_282,282,Gem Goblin Mage,220,550,150,92,27,338,207,214,334,138,100,1,119,200,237,308,0,12,45,0,350,7,1,0,266,0,0,0,0,5016-34,/Game/Monsters/npc_282/npc_282/SkeletalMeshes/npc_282,LNPC0282
npc_283,283,Gold Mine Goblin Mage,225,530,150,76,48,330,200,249,164,93,100,1,119,200,238,337,0,10,58,0,1000,9,1,0,266,0,0,0,0,,/Game/Monsters/npc_283/npc_283/SkeletalMeshes/npc_283,LNPC0283
npc_284,284,Goblin Leader,240,650,175,77,48,335,202,253,166,95,115,0,117,200,239,169,0,15,60,0,350,9,0,0,266,0,0,0,0,,/Game/Monsters/npc_284/npc_284/SkeletalMeshes/npc_284,LNPC0284
npc_286,286,Master Goblin,310,730,280,100,204,480,303,394,291,127,105,0,69,1500,240,173,0,15,76,0,250,10,0,0,266,0,0,0,0,,/Game/Monsters/npc_286/npc_286/SkeletalMeshes/npc_286,LNPC0286
npc_287,287,Grandmaster Goblin,340,790,340,105,207,526,316,417,309,134,115,0,69,2000,241,174,0,15,88,0,250,10,0,0,266,0,0,0,0,158-31,/Game/Monsters/npc_287/npc_287/SkeletalMeshes/npc_287,LNPC0287
npc_293,293,Ice Spirit,290,490,60,1,5,18,65,600,600,600,105,0,97,1,0,1097,0,1,90,1,250,1,1,0,0,0,0,0,0,,/Game/Monsters/npc_293/npc_293/SkeletalMeshes/npc_293,LNPC0297
npc_294,294,Firecracker Penguin,230,500,90,10,25,10,10,100,50,60,120,0,165,1,0,1096,0,0,60,0,1600,0,0,0,266,0,0,0,0,,/Game/Monsters/npc_294/npc_294/SkeletalMeshes/npc_294,LNPC0294
npc_295,295,Grand Duke,300,310,500,255,500,1500,1500,1500,1500,200,200,0,286,2000,15,380,0,1,60,0,250,0,1,0,0,0,0,0,0,5061-33,/Game/Monsters/npc_295/npc_295/SkeletalMeshes/npc_295,LNPC0295
npc_296,296,Gate Crasher,160,290,150,250,250,1000,500,500,500,100,150,0,286,2000,16,693,0,1,60,0,250,0,1,0,0,0,0,0,0,5061-32,/Game/Monsters/npc_296/npc_296/SkeletalMeshes/npc_296,LNPC0296
npc_297,297,Red Love Pig,290,490,60,1,5,18,65,600,600,600,105,0,97,1,0,1097,0,1,90,1,250,1,1,0,0,0,0,0,0,,/Game/Monsters/npc_297/npc_297/SkeletalMeshes/npc_297,LNPC1890
npc_298,298,Drunken Lunaris Bear,290,470,120,35,19,124,93,101,89,20,100,0,461,100,0,0,0,0,60,0,250,0,1,0,0,0,0,0,0,,/Game/Monsters/npc_298/npc_298/SkeletalMeshes/npc_298,LNPC0298
npc_299,299,Mr. Cannie,220,490,45,1,10,18,65,31,16,10,105,0,97,1,0,0,0,0,60,0,250,1,1,0,0,0,0,0,0,,/Game/Monsters/npc_299/npc_299/SkeletalMeshes/npc_299,LNPC0299
npc_300,300,Mr. Baggie,200,450,55,1,10,18,65,31,16,10,105,0,97,1,0,0,0,0,60,0,250,1,1,0,0,0,0,0,0,,/Game/Monsters/npc_300/npc_300/SkeletalMeshes/npc_300,LNPC0300
npc_301,301,Mini Bee,280,400,30,9,9,10,34,45,24,60,100,0,92,100,110,0,0,0,60,0,250,1,1,0,0,0,0,0,0,217-31,/Game/Monsters/npc_301/npc_301/SkeletalMeshes/npc_301,LNPC0301
npc_302,302,Mini Bee,280,400,40,13,8,20,70,51,28,90,100,0,3,100,0,0,0,0,60,0,250,1,1,0,0,0,0,0,0,217-32,/Game/Monsters/npc_302/npc_302/SkeletalMeshes/npc_302,LNPC0302
npc_303,303,Adult Rudolph,280,450,180,40,19,124,92,103,91,31,100,0,462,100,0,0,0,30,90,0,250,15,1,0,0,0,0,0,0,0,/Game/Monsters/npc_303/npc_303/SkeletalMeshes/npc_303,LNPC1889
npc_304,304,Rudolph Santa,280,470,130,35,20,125,93,105,94,32,100,0,460,120,0,0,0,35,90,0,250,15,1,0,0,0,0,0,0,0,/Game/Monsters/npc_304/npc_304/SkeletalMeshes/npc_304,LNPC0303
npc_305,305,Skeleton,280,500,190,25,23,105,80,100,70,75,100,1,478,5,0,0,0,0,0,0,200,11,2,0,0,0,0,0,0,5061-31,/Game/Monsters/npc_305/npc_305/SkeletalMeshes/npc_305,LNPC1720
npc_306,306,Woopie Hooligan,170,390,110,35,19,124,92,103,91,31,95,0,285,120,149,1003,302,30,65,0,250,0,1,0,230,0,0,0,0,5062-31,/Game/Monsters/npc_306/npc_306/SkeletalMeshes/npc_306,LNPC0306
npc_307,307,Woopie Hooligan,170,390,140,75,22,283,168,230,178,62,95,0,285,120,149,1003,302,30,65,0,250,0,1,0,230,0,0,0,0,5062-32,/Game/Monsters/npc_307/npc_307/SkeletalMeshes/npc_307,LNPC0306
npc_308,308,Woopie Hooligan,170,390,170,105,25,416,234,350,253,89,95,0,285,120,149,1003,302,30,65,0,250,0,1,0,230,0,0,0,0,5062-33,/Game/Monsters/npc_308/npc_308/SkeletalMeshes/npc_308,LNPC0306
npc_309,309,Cherry Smouly,200,400,120,40,21,127,112,115,74,63,100,0,286,120,0,1081,0,30,60,0,1200,1,1,0,0,0,0,0,0,5064-31,/Game/Monsters/npc_309/npc_309/SkeletalMeshes/npc_309,LNPC0304
npc_310,310,Cherry Smouly,200,450,130,60,23,198,146,174,119,90,100,0,286,120,0,1081,0,40,60,0,1200,1,1,0,0,0,0,0,0,5064-33,/Game/Monsters/npc_310/npc_310/SkeletalMeshes/npc_310,LNPC0304
npc_311,311,Cherry Smouly,200,500,140,80,26,274,183,242,169,120,100,0,286,120,0,1081,0,50,60,0,1250,1,1,0,0,0,0,0,0,5064-35,/Game/Monsters/npc_311/npc_311/SkeletalMeshes/npc_311,LNPC0304
npc_312,312,Cherry Smouly,200,550,150,100,28,354,223,316,225,151,100,0,286,120,0,1081,0,60,60,0,1250,1,1,0,0,0,0,0,0,5064-37,/Game/Monsters/npc_312/npc_312/SkeletalMeshes/npc_312,LNPC0304
npc_313,313,Cherry Smouly,200,600,160,120,29,440,265,396,286,185,100,0,286,120,0,1081,0,70,60,0,1300,1,1,0,0,0,0,0,0,5064-39,/Game/Monsters/npc_313/npc_313/SkeletalMeshes/npc_313,LNPC0304
npc_315,315,FireFly,100,250,100,1,94,20,70,500,500,500,10,0,91,4,0,0,0,1,1,1,100,1,1,0,0,0,0,0,0,,/Game/Monsters/npc_315/npc_315/SkeletalMeshes/npc_315,LNPC0315
npc_316,316,ButterFly,130,280,80,1,94,20,70,500,500,500,15,0,91,4,0,0,0,1,1,1,100,1,1,0,0,0,0,0,0,,/Game/Monsters/npc_316/npc_316/SkeletalMeshes/npc_316,LNPC0316
npc_317,317,ButterFly,140,300,95,1,94,20,70,500,500,500,15,0,91,4,0,0,0,1,1,1,100,1,1,0,0,0,0,0,0,,/Game/Monsters/npc_317/npc_317/SkeletalMeshes/npc_317,LNPC0317
npc_318,318,ButterFly,150,310,100,1,94,20,70,500,500,500,15,0,91,4,0,0,0,1,1,1,100,1,1,0,0,0,0,0,0,,/Game/Monsters/npc_318/npc_318/SkeletalMeshes/npc_318,LNPC0318
npc_319,319,Tropical Fish,80,280,115,1,94,20,70,500,500,500,15,0,94,4,0,0,0,1,1,1,100,1,1,0,0,0,0,0,0,,/Game/Monsters/npc_319/npc_319/SkeletalMeshes/npc_319,LNPC0319
npc_320,320,Tropical Fish,100,300,130,1,94,20,70,500,500,500,15,0,94,4,0,0,0,1,1,1,100,1,1,0,0,0,0,0,0,,/Game/Monsters/npc_320/npc_320/SkeletalMeshes/npc_320,LNPC0320
npc_321,321,Tropical Fish,120,330,150,1,47,20,70,500,500,500,15,0,94,4,8,0,0,0,60,1,100,1,1,0,0,0,0,0,0,,/Game/Monsters/npc_321/npc_321/SkeletalMeshes/npc_321,LNPC0321
npc_322,322,Mr. Cannie,200,450,20,1,5,18,65,31,16,10,105,0,89,1,0,0,0,0,60,0,250,1,1,0,0,0,0,0,0,,/Game/Monsters/npc_322/npc_322/SkeletalMeshes/npc_322,LNPC0299
npc_325,325,Rune Stone,0,0,170,79,58,322,217,236,385,87,100,0,96,0,0,0,0,0,99,0,10,0,2,0,0,0,0,0,0,,/Game/Monsters/npc_325/npc_325/SkeletalMeshes/npc_325,LNPC0325
npc_326,326,Green Crystal,0,0,230,80,684,360,247,222,234,72,100,0,95,0,351,0,0,0,140,0,10,0,2,0,0,0,0,0,0,,/Game/Monsters/npc_326/npc_326/SkeletalMeshes/npc_326,LNPC0326
npc_327,327,Blue Crystal,0,0,245,83,691,375,255,233,243,75,100,0,95,0,352,0,0,0,150,0,10,0,2,0,0,0,0,0,0,,/Game/Monsters/npc_327/npc_327/SkeletalMeshes/npc_327,LNPC0327
npc_328,328,Red Crystal,0,0,260,86,698,390,263,244,252,77,100,0,95,0,353,0,0,0,160,0,10,0,2,0,0,0,0,0,0,,/Game/Monsters/npc_328/npc_328/SkeletalMeshes/npc_328,LNPC0328
npc_329,329,White Crystal,0,0,270,89,706,405,271,255,261,80,100,0,95,0,354,0,0,0,170,0,10,0,2,0,0,0,0,0,0,,/Game/Monsters/npc_329/npc_329/SkeletalMeshes/npc_329,LNPC0329
npc_331,331,Slag,220,506,100,78,32,318,191,229,150,127,110,0,139,150,355,0,0,0,58,0,300,1,0,276,274,0,0,0,0,,/Game/Monsters/npc_331/npc_331/SkeletalMeshes/npc_331,LNPC0331
npc_332,332,Elder Slag,250,560,135,82,35,336,191,224,170,147,110,0,139,150,355,0,0,0,60,0,400,3,0,276,274,0,0,0,0,,/Game/Monsters/npc_332/npc_332/SkeletalMeshes/npc_332,LNPC0332
npc_335,335,Wolverine,250,1050,250,84,41,462,191,384,270,126,200,0,333,150,330,0,0,0,60,0,200,9,1,0,282,0,0,0,0,,/Game/Monsters/npc_335/npc_335/SkeletalMeshes/npc_335,LNPC0335
npc_336,336,Wolf,215,540,140,85,35,356,198,250,178,152,115,0,122,150,358,0,0,0,46,0,200,3,1,0,0,0,0,0,0,,/Game/Monsters/npc_336/npc_336/SkeletalMeshes/npc_336,LNPC0336
npc_337,337,Lunar Wolf,230,570,165,91,36,385,211,272,193,163,115,0,121,150,356,0,0,0,43,0,200,3,1,0,0,0,0,0,0,,/Game/Monsters/npc_337/npc_337/SkeletalMeshes/npc_337,LNPC0337
npc_338,338,Shadow Wolf,240,590,175,97,34,451,264,303,132,105,125,0,121,150,357,0,0,0,42,0,200,4,1,0,0,0,0,0,0,,/Game/Monsters/npc_338/npc_338/SkeletalMeshes/npc_338,LNPC0338
npc_339,339,Lunar Wolf,230,570,165,90,36,380,209,269,191,161,115,0,122,200,358,0,0,0,46,0,200,3,1,0,0,0,0,0,0,,/Game/Monsters/npc_339/npc_339/SkeletalMeshes/npc_339,LNPC0339
npc_340,340,Shadow Wolf,240,590,175,97,34,451,264,303,132,105,125,0,123,200,359,0,0,0,46,0,200,4,1,0,0,0,0,0,0,,/Game/Monsters/npc_340/npc_340/SkeletalMeshes/npc_340,LNPC0340
npc_341,341,Yeti,220,550,175,94,50,395,216,298,213,142,95,0,124,200,360,1008,0,0,57,0,250,1,1,0,281,0,0,0,0,,/Game/Monsters/npc_341/npc_341/SkeletalMeshes/npc_341,LNPC0341
npc_342,342,Yeti Hunter,210,530,168,95,42,413,245,281,153,155,90,0,125,200,361,1017,0,0,61,0,1800,6,1,0,281,0,0,0,0,,/Game/Monsters/npc_342/npc_342/SkeletalMeshes/npc_342,LNPC0342
npc_343,343,Yeti Guard,225,560,185,101,57,400,229,393,255,103,90,0,126,200,362,1008,304,0,62,0,250,2,0,0,281,0,0,0,0,,/Game/Monsters/npc_343/npc_343/SkeletalMeshes/npc_343,LNPC0343
npc_344,344,Yeti Captain,235,580,200,105,68,460,278,383,181,168,120,0,127,200,363,1009,0,0,70,0,250,8,0,0,281,0,0,0,0,,/Game/Monsters/npc_344/npc_344/SkeletalMeshes/npc_344,LNPC0344
npc_346,346,Ruper Mage,200,510,155,98,40,397,225,232,373,148,95,1,128,200,364,1064,0,0,53,0,1200,7,1,0,286,0,0,0,0,,/Game/Monsters/npc_346/npc_346/SkeletalMeshes/npc_346,LNPC0346
npc_347,347,Ruper Wizard,210,530,163,102,41,420,234,244,391,155,95,1,129,200,365,1064,0,0,85,0,1500,7,1,0,286,0,0,0,0,,/Game/Monsters/npc_347/npc_347/SkeletalMeshes/npc_347,LNPC0347
npc_348,348,Ruper Captain,215,540,175,106,68,477,289,399,244,179,110,1,129,200,366,1091,0,0,68,0,1600,9,1,0,286,0,0,0,0,,/Game/Monsters/npc_348/npc_348/SkeletalMeshes/npc_348,LNPC0348
npc_349,349,Ruper Wizard,210,700,150,98,33,413,219,246,263,148,100,1,138,200,400,1064,0,0,60,0,1500,7,1,0,286,0,0,0,0,,/Game/Monsters/npc_349/npc_349/SkeletalMeshes/npc_349,LNPC0347
npc_350,350,Varus,215,700,300,109,86,613,241,527,378,166,135,0,334,500,419,1091,0,0,60,0,200,10,1,0,251,0,0,0,0,,/Game/Monsters/npc_350/npc_350/SkeletalMeshes/npc_350,LNPC0350
npc_351,351,Yeti Rider,280,650,195,100,55,423,230,321,231,151,105,0,131,200,367,1036,0,0,57,0,250,1,1,0,290,0,0,0,0,,/Game/Monsters/npc_351/npc_351/SkeletalMeshes/npc_351,LNPC0351
npc_352,352,Rider Wizard,275,640,190,104,47,429,239,251,400,158,100,1,130,500,368,1092,0,0,58,0,1500,7,0,0,290,0,0,0,0,,/Game/Monsters/npc_352/npc_352/SkeletalMeshes/npc_352,LNPC0352
npc_353,353,Rider Captain,290,670,220,108,96,487,295,375,249,138,120,0,132,500,369,1036,0,0,69,0,250,9,0,0,290,0,0,0,0,,/Game/Monsters/npc_353/npc_353/SkeletalMeshes/npc_353,LNPC0353
npc_356,356,Tyrant WarShip,300,550,300,114,213,552,342,460,342,147,100,1,134,1500,370,1093,0,0,78,0,1700,10,2,0,294,0,0,0,0,,/Game/Monsters/npc_356/npc_356/SkeletalMeshes/npc_356,LNPC0356
npc_357,357,Tyrant,230,570,300,112,166,541,336,375,372,171,105,0,133,600,371,1024,0,0,80,0,300,10,1,0,294,0,0,0,0,,/Game/Monsters/npc_357/npc_357/SkeletalMeshes/npc_357,LNPC0357
npc_358,358,Tyrant,230,570,300,112,166,541,336,375,372,171,105,0,133,600,386,1024,0,30,70,0,300,10,1,0,294,0,0,0,0,,/Game/Monsters/npc_358/npc_358/SkeletalMeshes/npc_358,LNPC0357
npc_361,361,FrostWorm,250,500,280,109,58,436,248,430,281,113,90,1,135,200,372,1094,0,0,58,0,1500,2,2,0,298,0,0,0,0,,/Game/Monsters/npc_361/npc_361/SkeletalMeshes/npc_361,LNPC0361
npc_362,362,Elder FrostWorm,250,500,300,115,59,464,262,477,343,120,95,1,135,200,372,1094,0,0,56,0,1500,2,2,0,298,0,0,0,0,,/Game/Monsters/npc_362/npc_362/SkeletalMeshes/npc_362,LNPC0362
npc_365,365,Vulcan,240,590,195,118,55,531,272,439,328,181,105,0,143,200,374,0,0,0,55,0,250,1,0,304,302,0,0,0,0,,/Game/Monsters/npc_365/npc_365/SkeletalMeshes/npc_365,LNPC0365
npc_366,366,Vulcan Leader,280,850,150,121,34,429,195,316,222,129,120,0,144,200,374,0,0,0,60,0,250,8,0,304,302,0,0,0,0,,/Game/Monsters/npc_366/npc_366/SkeletalMeshes/npc_366,LNPC0366
npc_367,367,Titan,280,900,250,125,36,445,201,329,232,134,135,0,147,200,374,0,0,0,60,0,200,8,0,304,302,0,0,0,0,,/Game/Monsters/npc_367/npc_367/SkeletalMeshes/npc_367,LNPC0367
npc_368,368,Winter Maul,245,600,180,114,53,566,310,395,214,161,130,0,143,200,373,0,0,0,53,0,250,4,0,308,306,0,0,0,0,,/Game/Monsters/npc_368/npc_368/SkeletalMeshes/npc_368,LNPC0368
npc_369,369,Winter Maul Leader,290,690,270,122,85,590,323,495,271,180,115,0,144,200,387,0,0,55,62,0,250,8,0,308,306,0,0,0,0,,/Game/Monsters/npc_369/npc_369/SkeletalMeshes/npc_369,LNPC0369
npc_370,370,,0,0,0,0,0,0,0,0,0,0,0,0,0,0,0,0,0,0,0,0,0,0,0,0,0,0,0,0,0,,/Game/Monsters/npc_370/npc_370/SkeletalMeshes/npc_370,
npc_371,371,Basilisk,190,433,230,121,64,492,287,527,383,174,95,0,143,200,375,1084,0,0,60,0,800,2,2,312,310,0,0,0,0,,/Game/Monsters/npc_371/npc_371/SkeletalMeshes/npc_371,LNPC0371
npc_373,373,Dreadnaught,260,630,220,128,73,599,350,462,363,184,105,0,123,600,376,0,0,0,62,0,230,4,2,312,310,0,0,0,0,,/Game/Monsters/npc_373/npc_373/SkeletalMeshes/npc_373,LNPC0375
npc_374,374,Dreadnaught King,310,730,340,133,436,687,406,592,476,229,115,0,145,2000,377,0,0,0,80,0,230,10,2,312,310,0,0,0,0,,/Game/Monsters/npc_374/npc_374/SkeletalMeshes/npc_374,LNPC0376
npc_375,375,Dreadnaught,260,630,220,128,73,599,350,462,363,184,105,0,123,600,376,0,0,0,62,0,230,4,2,0,0,0,0,0,0,,/Game/Monsters/npc_375/npc_375/SkeletalMeshes/npc_375,LNPC0375
npc_376,376,Dreadnaught King,310,730,340,133,436,687,406,592,476,229,115,0,145,1841,377,0,0,0,80,0,230,10,2,0,0,0,0,0,0,,/Game/Monsters/npc_376/npc_376/SkeletalMeshes/npc_376,LNPC0376
npc_377,377,Poisoned Mammoth,310,1050,250,85,28,406,193,234,164,127,100,0,136,1520,335,0,0,0,60,0,230,3,0,320,318,0,0,0,0,,/Game/Monsters/npc_377/npc_377/SkeletalMeshes/npc_377,LNPC0383
npc_378,378,Mammoth,260,630,370,115,349,565,351,458,345,195,100,0,136,2000,378,0,0,0,78,0,250,10,0,320,318,0,0,0,0,,/Game/Monsters/npc_378/npc_378/SkeletalMeshes/npc_378,LNPC0378
npc_379,379,Elder Mammoth,300,710,400,126,358,637,384,535,419,215,105,0,136,2000,379,0,0,0,76,0,250,10,0,320,318,0,0,0,0,,/Game/Monsters/npc_379/npc_379/SkeletalMeshes/npc_379,LNPC0379
npc_380,380,Rubrum,270,1100,240,100,204,568,223,474,338,151,100,0,336,2000,390,0,0,0,60,0,250,11,0,301,310,0,0,0,0,,/Game/Monsters/npc_380/npc_380/SkeletalMeshes/npc_380,LNPC0397
npc_381,381,Behemoth,270,650,270,130,114,690,354,566,453,316,100,0,143,2000,380,0,0,60,70,0,250,8,2,0,322,0,0,0,0,,/Game/Monsters/npc_381/npc_381/SkeletalMeshes/npc_381,LNPC0381
npc_382,382,Behemoth King,300,710,345,142,1186,757,466,621,501,246,110,0,137,600,381,0,0,0,95,0,250,10,2,0,322,0,0,0,0,,/Game/Monsters/npc_382/npc_382/SkeletalMeshes/npc_382,LNPC0382
npc_383,383,Behemoth King,300,710,345,142,1186,757,466,621,501,246,110,0,137,600,386,0,0,40,95,0,250,10,2,0,322,0,0,0,0,,/Game/Monsters/npc_383/npc_383/SkeletalMeshes/npc_383,LNPC0382
npc_384,384,Lunar Keeper,230,510,130,122,43,518,281,293,466,188,100,1,146,150,0,122,0,50,30,0,1350,7,1,0,0,0,0,0,0,,/Game/Monsters/npc_384/npc_384/SkeletalMeshes/npc_384,LNPC0384
npc_385,385,Lunar Keeper,250,550,150,127,44,543,294,309,489,197,105,1,146,150,0,127,0,57,32,0,1400,7,1,0,0,0,0,0,0,,/Game/Monsters/npc_385/npc_385/SkeletalMeshes/npc_385,LNPC0385
npc_386,386,Lunar Keeper,280,610,180,131,44,564,304,322,508,204,110,1,146,150,0,131,0,65,33,0,1500,7,1,0,0,0,0,0,0,,/Game/Monsters/npc_386/npc_386/SkeletalMeshes/npc_386,LNPC0386
npc_387,387,Elec Ghost,280,610,182,125,43,533,289,303,480,194,110,1,272,150,279,1079,0,20,50,0,1500,7,1,0,0,0,0,0,0,,/Game/Monsters/npc_387/npc_387/SkeletalMeshes/npc_387,LNPC0387
npc_388,388,Elec Ghost,280,610,190,135,45,584,314,335,527,211,110,1,272,150,279,1079,0,20,50,0,1500,7,1,0,0,0,0,0,0,,/Game/Monsters/npc_388/npc_388/SkeletalMeshes/npc_388,LNPC0387
npc_389,389,Wolf Keeper,280,670,165,112,36,532,305,359,161,124,125,0,123,100,358,0,0,0,28,0,200,4,0,0,0,0,0,0,0,,/Game/Monsters/npc_389/npc_389/SkeletalMeshes/npc_389,LNPC0389
npc_390,390,Wolf Keeper,300,710,180,117,37,560,319,379,171,131,130,0,123,130,359,0,0,0,32,0,200,4,0,0,0,0,0,0,0,,/Game/Monsters/npc_390/npc_390/SkeletalMeshes/npc_390,LNPC0390
npc_391,391,Silver Yeti,220,550,180,99,135,477,331,368,213,154,110,0,124,200,382,1008,0,0,99,0,250,10,1,0,0,0,0,0,0,,/Game/Monsters/npc_391/npc_391/SkeletalMeshes/npc_391,LNPC0391
npc_392,392,Golden Yeti,225,560,190,105,136,510,349,394,228,164,110,0,126,200,383,1008,304,0,99,0,250,10,1,0,0,0,0,0,0,,/Game/Monsters/npc_392/npc_392/SkeletalMeshes/npc_392,LNPC0392
npc_393,393,Silver Rider,275,640,200,109,138,532,361,413,238,170,100,1,130,200,384,1092,0,0,99,0,1500,10,0,0,0,0,0,0,0,,/Game/Monsters/npc_393/npc_393/SkeletalMeshes/npc_393,LNPC0393
npc_394,394,Golden Rider,290,670,225,112,139,549,370,427,246,175,120,0,132,500,385,1036,0,0,99,0,250,10,1,0,0,0,0,0,0,,/Game/Monsters/npc_394/npc_394/SkeletalMeshes/npc_394,LNPC0394
npc_395,395,Astarot,300,710,370,145,448,816,536,637,529,219,110,0,270,500,277,1055,0,0,85,0,250,10,2,0,322,0,0,0,0,,/Game/Monsters/npc_395/npc_395/SkeletalMeshes/npc_395,LNPC0395
npc_396,396,Astarot King,300,710,650,155,609,886,569,693,571,235,110,0,270,500,278,1055,0,0,85,0,250,10,2,0,322,0,0,0,0,clanak,/Game/Monsters/npc_396/npc_396/SkeletalMeshes/npc_396,LNPC0396
npc_397,397,Tirwin,250,700,140,124,29,449,286,299,475,192,105,1,271,500,282,338,0,30,52,0,600,7,1,0,0,0,0,0,0,,/Game/Monsters/npc_397/npc_397/SkeletalMeshes/npc_397,LNPC0487
npc_398,398,Arch-Astarot,300,710,950,255,800,1500,1000,1000,1000,300,250,0,270,5000,444,1055,0,1,100,0,250,10,2,0,322,0,0,0,0,clanak,/Game/Monsters/npc_398/npc_398/SkeletalMeshes/npc_398,LNPC1856
npc_401,401,Junon's Aqua,220,650,260,47,194,265,180,180,116,79,110,0,71,1500,301,167,0,1,85,0,350,10,0,2223,0,0,0,0,0,1980-41,/Game/Monsters/npc_401/npc_401/SkeletalMeshes/npc_401,LNPC0401
npc_402,402,Junon's Grunter,260,670,330,66,211,352,223,241,147,103,110,0,72,1500,302,138,0,1,90,0,350,10,0,3728,0,0,0,0,0,1980-49,/Game/Monsters/npc_402/npc_402/SkeletalMeshes/npc_402,LNPC0402
npc_403,403,Junon's Tree,240,450,350,60,206,324,209,221,137,95,120,1,73,1500,303,1075,0,1,90,0,1500,10,1,3060,0,0,0,0,0,1980-45,/Game/Monsters/npc_403/npc_403/SkeletalMeshes/npc_403,LNPC0403
npc_404,404,Junon's Kaiman,230,680,350,70,214,371,233,255,154,109,120,0,67,1500,304,105,0,1,90,0,350,10,0,3798,0,0,0,0,0,,/Game/Monsters/npc_404/npc_404/SkeletalMeshes/npc_404,LNPC0404
npc_405,405,Junon's Krawfy,260,720,340,80,223,419,257,291,171,123,110,0,74,1500,305,0,0,1,93,0,250,10,0,5143,0,0,0,0,0,1980-57,/Game/Monsters/npc_405/npc_405/SkeletalMeshes/npc_405,LNPC0405
npc_406,406,Junon's Doongoliath,260,700,380,76,219,400,248,276,164,117,120,0,75,1500,306,0,0,1,90,0,250,10,0,4715,0,0,0,0,0,1980-53,/Game/Monsters/npc_406/npc_406/SkeletalMeshes/npc_406,LNPC0406
npc_407,407,Junon's Doonga,200,700,400,85,273,478,307,339,214,147,120,0,68,1500,307,134,6,1,85,0,350,10,0,6389,0,0,0,0,0,,/Game/Monsters/npc_407/npc_407/SkeletalMeshes/npc_407,LNPC0407
npc_408,408,Junon's WormDragon,300,500,460,95,282,530,334,381,235,163,100,1,76,1500,308,1084,0,1,70,0,1200,10,1,8194,0,0,0,0,0,1980-61,/Game/Monsters/npc_408/npc_408/SkeletalMeshes/npc_408,LNPC0410
npc_409,409,Junon's Golem,300,700,390,100,287,556,347,403,246,171,120,0,77,1500,309,0,0,1,95,0,250,10,2,10448,0,0,0,0,0,1980-65,/Game/Monsters/npc_409/npc_409/SkeletalMeshes/npc_409,LNPC0409
npc_410,410,Junon's Goblin King,300,720,400,110,290,661,394,473,302,211,120,0,78,1500,310,175,0,1,97,0,300,10,0,10448,0,0,0,0,0,1980-69,/Game/Monsters/npc_410/npc_410/SkeletalMeshes/npc_410,LNPC0408
npc_412,412,,0,0,0,0,0,0,0,0,0,0,0,0,0,0,0,0,0,0,0,0,0,0,0,0,0,0,0,0,0,,/Game/Monsters/npc_412/npc_412/SkeletalMeshes/npc_412,
npc_413,413,Falcon,440,930,126,84,1600,290,279,220,146,200,130,0,162,0,3,0,0,0,100,0,180,0,1,0,0,26,0,0,0,,/Game/Monsters/npc_413/npc_413/SkeletalMeshes/npc_413,LNPC3002
npc_414,414,Falcon,448,946,130,86,1680,298,284,226,150,205,132,0,162,0,3,0,0,0,100,0,180,0,1,0,0,26,0,0,0,,/Game/Monsters/npc_414/npc_414/SkeletalMeshes/npc_414,LNPC3002
npc_415,415,Falcon,456,962,134,88,1720,306,289,232,154,210,134,0,162,0,3,0,0,0,100,0,180,0,1,0,0,26,0,0,0,,/Game/Monsters/npc_415/npc_415/SkeletalMeshes/npc_415,LNPC3002
npc_416,416,Falcon,464,978,138,90,1760,314,294,238,158,215,136,0,162,0,3,0,0,0,100,0,180,0,1,0,0,26,0,0,0,,/Game/Monsters/npc_416/npc_416/SkeletalMeshes/npc_416,LNPC3002
npc_417,417,Falcon,472,994,142,92,1800,322,299,244,162,220,138,0,162,0,3,0,0,0,100,0,180,0,1,0,0,26,0,0,0,,/Game/Monsters/npc_417/npc_417/SkeletalMeshes/npc_417,LNPC3002
npc_418,418,Falcon,480,1010,146,94,1840,330,304,250,166,225,140,0,162,0,3,0,0,0,100,0,180,0,1,0,0,26,0,0,0,,/Game/Monsters/npc_418/npc_418/SkeletalMeshes/npc_418,LNPC3002
npc_419,419,Falcon,488,1026,150,96,1880,338,309,256,170,230,142,0,162,0,3,0,0,0,100,0,180,0,1,0,0,26,0,0,0,,/Game/Monsters/npc_419/npc_419/SkeletalMeshes/npc_419,LNPC3002
npc_420,420,Falcon,496,1042,154,98,1920,346,314,262,174,235,144,0,162,0,3,0,0,0,100,0,180,0,1,0,0,26,0,0,0,,/Game/Monsters/npc_420/npc_420/SkeletalMeshes/npc_420,LNPC3002
npc_421,421,Falcon,504,1058,158,100,1960,354,319,268,178,240,146,0,162,0,3,0,0,0,100,0,180,0,1,0,0,26,0,0,0,,/Game/Monsters/npc_421/npc_421/SkeletalMeshes/npc_421,LNPC3002
npc_422,422,Falcon,512,1074,162,105,2000,362,324,274,182,245,148,0,162,0,3,0,0,0,60,0,180,1,1,0,0,26,0,0,0,,/Game/Monsters/npc_422/npc_422/SkeletalMeshes/npc_422,LNPC3002
npc_423,423,,0,0,0,0,0,0,0,0,0,0,0,0,0,0,0,0,0,0,0,0,0,0,0,0,0,0,0,0,0,,/Game/Monsters/npc_423/npc_423/SkeletalMeshes/npc_423,
npc_424,424,Guard,500,750,200,250,300,300,300,300,300,300,300,0,631,0,0,0,0,0,0,0,100,999,0,0,0,0,0,0,0,,/Game/Monsters/npc_424/npc_424/SkeletalMeshes/npc_424,LNPC9999
npc_426,426,ETC Buff Fairy,500,750,100,250,300,300,300,300,300,300,300,0,521,0,0,0,0,0,0,0,100,999,0,0,0,0,0,0,0,,/Game/Monsters/npc_426/npc_426/SkeletalMeshes/npc_426,LNPC1919
npc_427,427,ETC Buff Fairy,500,750,100,250,300,300,300,300,300,300,300,0,522,0,0,0,0,0,0,0,100,999,0,0,0,0,0,0,0,,/Game/Monsters/npc_427/npc_427/SkeletalMeshes/npc_427,LNPC1919
npc_428,428,ETC Buff Fairy,500,750,100,250,300,300,300,300,300,300,300,0,523,0,0,0,0,0,0,0,100,999,0,0,0,0,0,0,0,,/Game/Monsters/npc_428/npc_428/SkeletalMeshes/npc_428,LNPC1919
npc_429,429,ETC Buff Fairy,500,750,100,250,300,300,300,300,300,300,300,0,524,0,0,0,0,0,0,0,100,999,0,0,0,0,0,0,0,,/Game/Monsters/npc_429/npc_429/SkeletalMeshes/npc_429,LNPC1919
npc_431,431,Sunset Crystal,0,0,200,210,2000,320,300,1000,450,90,130,0,251,0,0,0,0,0,0,0,350,0,2,2223,0,0,0,0,0,,/Game/Monsters/npc_431/npc_431/SkeletalMeshes/npc_431,LNPC0431
npc_432,432,Sunrise Crystal,0,0,200,210,2000,280,300,1000,400,70,130,0,252,0,0,0,0,0,0,0,350,0,2,2223,0,0,0,0,0,,/Game/Monsters/npc_432/npc_432/SkeletalMeshes/npc_432,LNPC0432
npc_433,433,Dusk Crystal,0,0,200,210,2000,260,300,1000,430,80,130,0,253,0,0,0,0,0,0,0,350,0,2,2223,0,0,0,0,0,,/Game/Monsters/npc_433/npc_433/SkeletalMeshes/npc_433,LNPC0433
npc_435,435,Flaming Pumpkin,280,700,85,95,32,658,2500,548,215,143,100,0,360,150,227,0,0,20,53,0,300,3,1,0,0,0,0,0,0,,/Game/Monsters/npc_435/npc_435/SkeletalMeshes/npc_435,LNPC0025
npc_436,436,Pumpkin Ghost,280,700,90,97,33,695,2500,637,161,105,100,0,361,100,228,0,0,20,54,0,300,4,1,0,0,0,0,0,0,,/Game/Monsters/npc_436/npc_436/SkeletalMeshes/npc_436,LNPC0026
npc_437,437,Giant Pumpkin,280,850,120,99,41,700,2500,637,171,158,100,0,361,500,229,0,0,20,56,0,300,8,1,0,0,0,0,0,0,,/Game/Monsters/npc_437/npc_437/SkeletalMeshes/npc_437,LNPC0027
npc_438,438,Evil Jack,320,1000,280,118,216,882,2500,1073,357,154,120,0,362,1500,230,0,0,0,70,0,400,11,1,0,0,0,0,0,0,,/Game/Monsters/npc_438/npc_438/SkeletalMeshes/npc_438,LNPC0028
npc_439,439,Cursed Pomic,200,700,120,101,35,690,2500,676,233,153,100,0,363,500,231,0,0,20,58,0,300,3,1,0,0,0,0,0,0,,/Game/Monsters/npc_439/npc_439/SkeletalMeshes/npc_439,LNPC0077
npc_440,440,Pomic Ghost,200,800,120,103,42,722,2500,785,181,165,100,0,9,500,232,0,0,20,61,0,300,8,1,0,0,0,0,0,0,,/Game/Monsters/npc_440/npc_440/SkeletalMeshes/npc_440,LNPC0078
npc_441,441,Ant Devil,350,1000,280,120,217,895,2500,1097,364,157,130,0,363,1500,233,0,0,0,70,0,400,11,1,0,0,0,0,0,0,,/Game/Monsters/npc_441/npc_441/SkeletalMeshes/npc_441,LNPC0079
npc_442,442,Antares,300,700,105,105,35,711,2500,708,245,160,100,0,364,500,234,0,0,20,56,0,300,3,1,0,0,0,0,0,0,,/Game/Monsters/npc_442/npc_442/SkeletalMeshes/npc_442,LNPC0188
npc_443,443,Poisoned Antares,300,750,105,107,35,751,2500,838,184,118,100,0,365,500,235,0,0,20,60,0,300,4,1,0,0,0,0,0,0,,/Game/Monsters/npc_443/npc_443/SkeletalMeshes/npc_443,LNPC0189
npc_444,444,Giant Antares,350,900,175,109,43,756,2500,841,195,175,100,0,364,600,236,0,0,20,63,0,300,8,1,0,0,0,0,0,0,,/Game/Monsters/npc_444/npc_444/SkeletalMeshes/npc_444,LNPC0190
npc_445,445,Poison Master,350,1000,280,124,219,921,2500,1147,379,163,130,0,366,1500,237,0,0,20,70,0,400,11,1,0,0,0,0,0,0,,/Game/Monsters/npc_445/npc_445/SkeletalMeshes/npc_445,LNPC0191
npc_446,446,Scavenger,400,900,105,111,36,744,2500,757,263,170,100,0,9,200,238,0,0,20,56,0,250,3,1,0,0,0,0,0,0,,/Game/Monsters/npc_446/npc_446/SkeletalMeshes/npc_446,LNPC0221
npc_447,447,Dark Scavenger,400,950,125,113,43,779,2500,880,204,182,110,0,9,500,239,0,0,20,60,0,250,8,1,0,0,0,0,0,0,,/Game/Monsters/npc_447/npc_447/SkeletalMeshes/npc_447,LNPC0222
npc_448,448,Sandstorm Scavenger,400,1100,160,115,54,821,2500,930,270,149,120,0,367,600,240,0,0,20,63,0,300,9,1,0,0,0,0,0,0,,/Game/Monsters/npc_448/npc_448/SkeletalMeshes/npc_448,LNPC0223
npc_449,449,Lord Storm,450,1200,350,130,223,1060,2500,1225,403,172,150,0,367,1500,241,0,0,0,73,0,400,11,1,0,0,0,0,0,0,,/Game/Monsters/npc_449/npc_449/SkeletalMeshes/npc_449,LNPC0224
npc_451,451,Seal Stone,0,0,150,80,73,290,204,322,232,67,90,1,181,200,401,0,0,92,80,0,10,0,2,0,0,0,0,0,0,2051-31,/Game/Monsters/npc_451/npc_451/SkeletalMeshes/npc_451,LNPC0451
npc_452,452,Seal Stone,0,0,160,88,75,323,223,358,260,75,90,1,182,200,402,0,0,92,80,0,10,0,2,0,0,0,0,0,0,2051-32,/Game/Monsters/npc_452/npc_452/SkeletalMeshes/npc_452,LNPC0451
npc_453,453,Seal Stone,0,0,170,100,77,375,252,414,305,87,90,1,183,200,403,0,0,93,80,0,10,0,2,0,0,0,0,0,0,2052-31,/Game/Monsters/npc_453/npc_453/SkeletalMeshes/npc_453,LNPC0451
npc_454,454,Seal Stone,0,0,180,108,79,410,273,453,336,95,90,1,184,200,404,0,0,93,80,0,10,0,2,0,0,0,0,0,0,2052-32,/Game/Monsters/npc_454/npc_454/SkeletalMeshes/npc_454,LNPC0451
npc_455,455,Seal Stone,0,0,186,120,82,465,304,514,384,109,90,1,185,200,405,0,0,94,80,0,10,0,2,0,0,0,0,0,0,2053-31,/Game/Monsters/npc_455/npc_455/SkeletalMeshes/npc_455,LNPC0451
npc_456,456,Seal Stone,0,0,192,128,83,502,325,556,417,118,90,1,186,200,406,0,0,94,80,0,10,0,2,0,0,0,0,0,0,2053-32,/Game/Monsters/npc_456/npc_456/SkeletalMeshes/npc_456,LNPC0451
npc_457,457,Seal Stone,0,0,198,140,86,559,358,621,469,132,90,1,186,200,407,0,0,95,80,0,10,0,2,0,0,0,0,0,0,,/Game/Monsters/npc_457/npc_457/SkeletalMeshes/npc_457,LNPC0451
npc_461,461,Budeater,200,480,100,82,48,343,190,243,160,123,95,0,122,150,0,0,0,0,75,0,200,1,1,0,0,0,0,0,0,,/Game/Monsters/npc_461/npc_461/SkeletalMeshes/npc_461,LNPC0461
npc_462,462,Budeater,206,491,110,92,50,390,211,278,185,138,95,0,122,150,0,0,0,0,75,0,200,1,1,0,0,0,0,0,0,,/Game/Monsters/npc_462/npc_462/SkeletalMeshes/npc_462,LNPC0461
npc_463,463,Budeater,212,503,120,102,51,439,234,315,211,155,95,0,122,200,0,0,0,0,75,0,200,1,1,0,0,0,0,0,0,,/Game/Monsters/npc_463/npc_463/SkeletalMeshes/npc_463,LNPC0461
npc_464,464,Budeater,218,514,130,112,53,488,257,353,237,171,95,0,122,200,0,0,0,0,75,0,200,1,1,0,0,0,0,0,0,,/Game/Monsters/npc_464/npc_464/SkeletalMeshes/npc_464,LNPC0461
npc_465,465,Budeater,224,526,140,122,54,539,281,392,265,188,95,0,122,200,0,0,0,0,75,0,200,1,1,0,0,0,0,0,0,,/Game/Monsters/npc_465/npc_465/SkeletalMeshes/npc_465,LNPC0461
npc_466,466,Budeater,230,537,150,132,56,591,306,433,294,206,95,0,122,200,0,0,0,0,75,0,200,1,1,0,0,0,0,0,0,,/Game/Monsters/npc_466/npc_466/SkeletalMeshes/npc_466,LNPC0461
npc_467,467,Budeater,236,548,160,142,57,644,331,475,324,224,95,0,122,200,0,0,0,0,75,0,200,1,1,0,0,0,0,0,0,,/Game/Monsters/npc_467/npc_467/SkeletalMeshes/npc_467,LNPC0461
npc_471,471,Tirwin,210,499,137,78,43,302,229,165,310,117,85,1,140,150,411,1091,0,30,47,0,1200,7,0,0,0,0,0,0,0,,/Game/Monsters/npc_471/npc_471/SkeletalMeshes/npc_471,LNPC0481
npc_472,472,Tirwin,216,510,143,86,44,337,250,186,346,129,86,1,140,150,411,1091,0,30,47,0,1200,7,0,0,0,0,0,0,0,,/Game/Monsters/npc_472/npc_472/SkeletalMeshes/npc_472,LNPC0481
npc_473,473,Tirwin,222,522,149,98,46,392,281,220,402,148,87,1,140,200,412,1091,0,30,48,0,1200,7,0,0,0,0,0,0,0,,/Game/Monsters/npc_473/npc_473/SkeletalMeshes/npc_473,LNPC0481
npc_474,474,Tirwin,228,533,155,106,48,430,303,244,441,161,88,1,140,200,412,1091,0,30,49,0,1200,7,0,0,0,0,0,0,0,,/Game/Monsters/npc_474/npc_474/SkeletalMeshes/npc_474,LNPC0481
npc_475,475,Tirwin,234,545,161,118,50,487,336,280,501,181,89,1,140,200,413,1091,0,30,49,0,1200,7,0,0,0,0,0,0,0,,/Game/Monsters/npc_475/npc_475/SkeletalMeshes/npc_475,LNPC0481
npc_476,476,Tirwin,240,556,167,126,51,527,359,306,542,195,90,1,140,200,413,1091,0,30,50,0,1200,7,0,0,0,0,0,0,0,,/Game/Monsters/npc_476/npc_476/SkeletalMeshes/npc_476,LNPC0481
npc_477,477,Tirwin,246,567,173,136,52,577,389,339,596,213,91,1,140,200,280,1091,0,30,51,0,1200,7,0,0,0,0,0,0,0,,/Game/Monsters/npc_477/npc_477/SkeletalMeshes/npc_477,LNPC0481
npc_478,478,Tirwin,252,579,179,146,54,628,419,373,651,231,92,1,140,200,281,1091,0,30,51,0,1200,7,0,0,0,0,0,0,0,,/Game/Monsters/npc_478/npc_478/SkeletalMeshes/npc_478,LNPC0481
npc_479,479,Tirwin,258,590,185,156,55,681,449,408,707,250,91,1,140,200,414,1091,0,30,51,0,1200,7,0,0,0,0,0,0,0,,/Game/Monsters/npc_479/npc_479/SkeletalMeshes/npc_479,LNPC0481
npc_480,480,Tirwin,264,602,191,166,57,734,481,444,765,269,91,1,140,200,414,1091,0,30,51,0,1200,7,0,0,0,0,0,0,0,,/Game/Monsters/npc_480/npc_480/SkeletalMeshes/npc_480,LNPC0481
npc_481,481,Tirwin,235,670,142,82,55,349,247,294,167,87,105,0,141,200,411,1010,0,30,48,0,230,4,0,0,0,0,0,0,0,,/Game/Monsters/npc_481/npc_481/SkeletalMeshes/npc_481,LNPC0487
npc_482,482,Tirwin,241,682,148,88,57,378,264,319,184,94,106,0,141,200,411,1010,0,30,48,0,230,4,0,0,0,0,0,0,0,,/Game/Monsters/npc_482/npc_482/SkeletalMeshes/npc_482,LNPC0487
npc_483,483,Tirwin,247,694,154,102,60,447,304,380,225,111,107,0,141,200,412,1010,0,30,49,0,230,4,0,0,0,0,0,0,0,,/Game/Monsters/npc_483/npc_483/SkeletalMeshes/npc_483,LNPC0487
npc_484,484,Tirwin,253,706,160,108,61,477,322,407,243,119,108,0,141,200,412,1010,305,30,49,0,230,4,0,0,0,0,0,0,0,,/Game/Monsters/npc_484/npc_484/SkeletalMeshes/npc_484,LNPC0487
npc_485,485,Tirwin,259,718,166,122,64,549,364,472,288,138,109,0,141,200,413,1010,305,30,50,0,230,4,0,0,0,0,0,0,0,,/Game/Monsters/npc_485/npc_485/SkeletalMeshes/npc_485,LNPC0487
npc_486,486,Tirwin,265,730,172,128,65,581,383,501,307,146,110,0,141,200,413,1010,305,30,50,0,230,4,0,0,0,0,0,0,0,,/Game/Monsters/npc_486/npc_486/SkeletalMeshes/npc_486,LNPC0487
npc_487,487,Tirwin,271,742,178,138,67,635,414,550,342,160,111,0,141,200,280,1010,305,30,51,0,230,4,0,0,0,0,0,0,0,,/Game/Monsters/npc_487/npc_487/SkeletalMeshes/npc_487,LNPC0487
npc_488,488,Tirwin,277,754,184,148,69,690,447,601,377,174,112,0,141,200,281,1010,305,30,51,0,230,4,0,0,0,0,0,0,0,,/Game/Monsters/npc_488/npc_488/SkeletalMeshes/npc_488,LNPC0487
npc_489,489,Tirwin,283,766,190,158,70,746,480,654,413,189,111,0,141,200,414,1010,305,30,51,0,230,4,0,0,0,0,0,0,0,,/Game/Monsters/npc_489/npc_489/SkeletalMeshes/npc_489,LNPC0487
npc_490,490,Tirwin,289,778,196,168,72,803,514,707,451,204,111,0,141,200,414,1010,305,30,51,0,230,4,0,0,0,0,0,0,0,,/Game/Monsters/npc_490/npc_490/SkeletalMeshes/npc_490,LNPC0487
npc_491,491,Tirwin,230,537,135,76,45,324,227,225,170,137,90,0,142,200,411,1046,0,30,42,0,1600,6,0,0,0,0,0,0,0,,/Game/Monsters/npc_491/npc_491/SkeletalMeshes/npc_491,LNPC0493
npc_492,492,Tirwin,236,548,141,83,46,357,245,250,192,149,91,0,142,200,411,1046,0,30,42,0,1600,6,0,0,0,0,0,0,0,,/Game/Monsters/npc_492/npc_492/SkeletalMeshes/npc_492,LNPC0493
npc_493,493,Tirwin,242,560,147,96,49,421,280,298,233,174,92,0,142,200,412,1046,0,30,43,0,1600,6,0,0,0,0,0,0,0,,/Game/Monsters/npc_493/npc_493/SkeletalMeshes/npc_493,LNPC0493
npc_494,494,Tirwin,248,571,153,103,50,456,299,325,256,187,93,0,142,200,412,1046,0,30,43,0,1600,6,0,0,0,0,0,0,0,,/Game/Monsters/npc_494/npc_494/SkeletalMeshes/npc_494,LNPC0493
npc_495,495,Tirwin,254,583,159,116,52,522,336,376,301,213,94,0,142,200,413,1046,0,30,43,0,1600,6,0,0,0,0,0,0,0,,/Game/Monsters/npc_495/npc_495/SkeletalMeshes/npc_495,LNPC0493
npc_496,496,Tirwin,260,594,165,123,53,559,356,405,326,227,95,0,142,200,413,1046,0,30,43,0,1600,6,0,0,0,0,0,0,0,,/Game/Monsters/npc_496/npc_496/SkeletalMeshes/npc_496,LNPC0493
npc_497,497,Tirwin,266,605,171,133,55,613,385,448,363,248,96,0,141,200,280,1046,0,30,43,0,1600,6,0,0,0,0,0,0,0,,/Game/Monsters/npc_497/npc_497/SkeletalMeshes/npc_497,LNPC0493
npc_498,498,Tirwin,272,617,177,143,56,668,415,492,402,269,97,0,141,200,281,1046,0,30,44,0,1600,6,0,0,0,0,0,0,0,,/Game/Monsters/npc_498/npc_498/SkeletalMeshes/npc_498,LNPC0493
npc_499,499,Tirwin,278,628,183,163,59,780,478,583,483,313,94,0,142,200,414,1046,0,30,44,0,1600,6,0,0,0,0,0,0,0,,/Game/Monsters/npc_499/npc_499/SkeletalMeshes/npc_499,LNPC0493
npc_500,500,Tirwin,284,640,189,173,61,839,510,631,525,336,95,0,142,200,414,1046,0,30,45,0,1600,6,0,0,0,0,0,0,0,,/Game/Monsters/npc_500/npc_500/SkeletalMeshes/npc_500,LNPC0493
npc_501,501,Warbiz,300,650,120,140,27,660,402,452,284,209,100,0,300,200,432,0,0,50,30,0,230,4,0,324,326,0,0,0,0,,/Game/Monsters/npc_501/npc_501/SkeletalMeshes/npc_501,LNPC0501
npc_502,502,Warbiz,300,650,120,153,31,734,440,507,321,233,100,0,300,200,433,0,0,60,35,0,230,4,0,324,326,0,0,0,0,,/Game/Monsters/npc_502/npc_502/SkeletalMeshes/npc_502,LNPC0501
npc_503,503,Warbiz,300,650,120,165,35,804,476,561,356,256,100,0,300,400,434,0,0,70,40,0,230,4,0,324,326,0,0,0,0,,/Game/Monsters/npc_503/npc_503/SkeletalMeshes/npc_503,LNPC0501
npc_506,506,Hornet,350,750,50,135,7,434,586,235,473,172,90,0,302,1,0,0,0,0,0,0,240,4,0,328,330,0,0,0,0,,/Game/Monsters/npc_506/npc_506/SkeletalMeshes/npc_506,LNPC0506
npc_507,507,Hornet,350,750,50,148,10,487,643,265,535,191,90,0,302,1,0,0,0,0,0,0,240,4,0,328,330,0,0,0,0,,/Game/Monsters/npc_507/npc_507/SkeletalMeshes/npc_507,LNPC0506
npc_508,508,Hornet,350,750,50,160,12,537,697,294,594,210,90,0,302,1,0,0,0,0,0,0,240,4,0,328,330,0,0,0,0,,/Game/Monsters/npc_508/npc_508/SkeletalMeshes/npc_508,LNPC0506
npc_511,511,Pincer,250,550,200,143,33,604,411,524,393,135,100,0,294,400,437,0,0,20,50,0,240,2,0,332,334,0,0,0,0,,/Game/Monsters/npc_511/npc_511/SkeletalMeshes/npc_511,LNPC0511
npc_512,512,Pincer Queen,250,550,250,153,38,655,440,570,430,147,100,0,294,400,438,0,0,25,60,0,240,2,0,332,334,0,0,0,0,,/Game/Monsters/npc_512/npc_512/SkeletalMeshes/npc_512,LNPC0512
npc_516,516,Hook,300,650,180,145,31,713,416,394,499,243,115,0,293,400,441,0,0,20,40,0,240,3,0,336,338,0,0,0,0,,/Game/Monsters/npc_516/npc_516/SkeletalMeshes/npc_516,LNPC0516
npc_517,517,King Hook,300,650,240,155,38,773,446,428,569,263,125,0,293,400,442,0,0,25,47,0,240,3,0,336,338,0,0,0,0,,/Game/Monsters/npc_517/npc_517/SkeletalMeshes/npc_517,LNPC0517
npc_521,521,Nepenthes,100,120,170,147,37,718,460,446,417,271,100,0,301,400,445,0,0,35,35,0,220,1,0,340,342,0,0,0,0,,/Game/Monsters/npc_521/npc_521/SkeletalMeshes/npc_521,LNPC0521
npc_526,526,Poison Weaver,240,530,170,156,35,752,441,473,329,239,100,0,300,500,448,0,0,25,40,0,220,3,0,344,346,0,0,0,0,,/Game/Monsters/npc_526/npc_526/SkeletalMeshes/npc_526,LNPC0526
npc_527,527,Plunder,270,590,50,150,8,522,651,270,544,194,90,0,302,1,0,0,0,0,0,0,230,3,0,348,350,0,0,0,0,,/Game/Monsters/npc_527/npc_527/SkeletalMeshes/npc_527,LNPC0527
npc_529,529,Predator,300,650,300,158,42,821,455,497,402,270,110,0,296,4000,451,0,0,30,60,0,230,3,0,352,354,0,0,0,0,,/Game/Monsters/npc_529/npc_529/SkeletalMeshes/npc_529,LNPC0529
npc_536,536,Sikuku Spearman,400,850,120,140,34,677,412,447,351,220,110,0,292,1000,454,1039,0,30,35,0,310,1,1,58,358,0,0,0,0,,/Game/Monsters/npc_536/npc_536/SkeletalMeshes/npc_536,LNPC0536
npc_537,537,Sikuku Leader,400,850,150,151,44,684,490,551,409,278,110,0,292,1000,455,1104,0,30,60,0,320,8,1,59,362,0,0,0,0,,/Game/Monsters/npc_537/npc_537/SkeletalMeshes/npc_537,LNPC0537
npc_538,538,Sikuku Fighter,400,850,140,147,40,718,433,476,382,233,110,0,292,1000,456,1105,0,30,35,0,310,3,1,57,362,0,0,0,0,,/Game/Monsters/npc_538/npc_538/SkeletalMeshes/npc_538,LNPC0538
npc_539,539,Sikuku Veteran,420,890,110,173,43,787,516,587,475,295,110,0,292,1000,457,1106,0,30,38,0,330,3,1,58,358,0,0,0,0,,/Game/Monsters/npc_539/npc_539/SkeletalMeshes/npc_539,LNPC0539
npc_540,540,Sikuku Elite Fighter,450,950,130,178,43,815,532,610,494,219,110,0,292,1000,458,1107,0,30,40,0,340,3,1,59,362,0,0,0,0,,/Game/Monsters/npc_540/npc_540/SkeletalMeshes/npc_540,LNPC0540
npc_542,542,Sikuku Hunter,300,650,110,143,31,756,421,437,368,226,100,0,297,1000,461,1108,0,25,40,0,260,9,1,63,366,0,0,0,0,,/Game/Monsters/npc_542/npc_542/SkeletalMeshes/npc_542,LNPC0542
npc_543,543,Sikuku Tracker,300,650,130,158,38,852,468,497,420,254,100,0,297,1000,462,1025,0,25,40,0,270,3,1,64,370,0,0,0,0,,/Game/Monsters/npc_543/npc_543/SkeletalMeshes/npc_543,LNPC0543
npc_544,544,Sikuku Captain,300,650,120,173,43,815,516,559,475,283,100,0,297,1000,463,1109,0,27,44,0,270,3,1,65,366,0,0,0,0,,/Game/Monsters/npc_544/npc_544/SkeletalMeshes/npc_544,LNPC0544
npc_545,545,Sikuku Butcher,300,650,120,174,44,820,519,564,479,285,110,0,297,1000,464,1110,0,28,45,0,260,3,1,66,370,0,0,0,0,,/Game/Monsters/npc_545/npc_545/SkeletalMeshes/npc_545,LNPC0545
npc_548,548,Sikuku Assassin,300,650,110,155,35,773,524,399,443,301,90,0,291,1000,467,1111,0,30,50,0,1500,5,1,208,374,0,0,0,0,,/Game/Monsters/npc_548/npc_548/SkeletalMeshes/npc_548,LNPC0548
npc_549,549,Sikuku Elite Assassin,300,650,100,180,36,891,616,489,542,358,100,0,291,1000,468,1111,0,30,60,0,2000,6,1,208,378,0,0,0,0,,/Game/Monsters/npc_549/npc_549/SkeletalMeshes/npc_549,LNPC0549
npc_553,553,Sikuku Shaman,200,450,100,150,28,714,443,386,721,239,100,1,295,1100,472,1101,0,50,60,0,1500,7,1,304,282,0,0,0,0,,/Game/Monsters/npc_553/npc_553/SkeletalMeshes/npc_553,LNPC0553
npc_554,554,Sikuku Psychic,220,490,100,160,31,772,474,422,783,258,100,1,295,1100,473,1102,0,25,64,0,1600,7,1,304,282,0,0,0,0,,/Game/Monsters/npc_554/npc_554/SkeletalMeshes/npc_554,LNPC0554
npc_555,555,Elder Sikuku,210,470,110,183,37,909,549,507,930,303,100,1,295,1100,474,1103,0,30,70,0,1700,7,1,304,282,0,0,0,0,,/Game/Monsters/npc_555/npc_555/SkeletalMeshes/npc_555,LNPC0555
npc_558,558,Turak,300,650,190,190,229,950,750,730,607,432,120,0,298,3200,477,142,0,5,75,0,270,10,1,92,390,0,0,0,0,,/Game/Monsters/npc_558/npc_558/SkeletalMeshes/npc_558,LNPC0558
npc_559,559,Turak,320,690,250,195,239,1200,750,929,723,447,125,0,298,3200,478,143,0,5,87,0,270,10,1,92,390,0,0,0,0,,/Game/Monsters/npc_559/npc_559/SkeletalMeshes/npc_559,LNPC0559
npc_560,560,Turak,320,690,250,205,249,1300,750,929,723,447,125,0,298,3200,479,143,0,0,99,0,270,10,1,92,390,0,0,0,0,,/Game/Monsters/npc_560/npc_560/SkeletalMeshes/npc_560,LNPC0559
npc_565,565,Blue Elemental,200,600,200,140,30,551,408,391,662,256,80,0,299,1000,481,1113,0,40,20,0,1100,7,0,392,394,0,0,0,0,,/Game/Monsters/npc_565/npc_565/SkeletalMeshes/npc_565,LNPC0565
npc_566,566,Red Elemental,200,600,200,145,37,575,458,410,691,267,80,0,299,1000,482,1114,0,40,20,0,1200,7,0,392,394,0,0,0,0,,/Game/Monsters/npc_566/npc_566/SkeletalMeshes/npc_566,LNPC0566
npc_571,571,Rotten Tree,300,650,200,147,29,697,449,501,469,271,100,0,303,1100,485,1082,0,40,25,0,1300,1,0,396,398,0,0,0,0,,/Game/Monsters/npc_571/npc_571/SkeletalMeshes/npc_571,LNPC0571
npc_572,572,Rotten Elemental,300,650,190,157,35,754,481,502,509,293,100,0,303,1100,486,1075,0,40,25,0,220,1,0,400,402,0,0,0,0,,/Game/Monsters/npc_572/npc_572/SkeletalMeshes/npc_572,LNPC0572
npc_574,574,Sikuku Tiger Rider,300,800,150,168,42,777,375,611,450,273,110,0,379,1100,580,1111,0,40,25,0,1400,5,1,63,366,0,0,0,0,,/Game/Monsters/npc_574/npc_574/SkeletalMeshes/npc_574,LNPC0550
npc_575,575,Sikuku Tiger Interceptor,300,800,150,169,42,858,377,585,431,275,110,0,380,1100,581,1111,0,40,25,0,1600,6,1,64,370,0,0,0,0,,/Game/Monsters/npc_575/npc_575/SkeletalMeshes/npc_575,LNPC0551
npc_576,576,Sikuku Tiger Captain,300,800,150,170,61,969,379,807,595,277,110,0,381,1100,582,1111,0,40,25,0,1800,9,1,65,366,0,0,0,0,,/Game/Monsters/npc_576/npc_576/SkeletalMeshes/npc_576,LNPC0552
npc_578,578,Land Mine,100,300,100,255,400,310,279,220,146,200,130,0,525,0,3,0,0,0,100,0,180,0,1,0,0,85,0,0,0,,/Game/Monsters/npc_578/npc_578/SkeletalMeshes/npc_578,LNPC3003
npc_579,579,Land Mine,100,300,100,255,400,320,284,226,150,205,132,0,525,0,3,0,0,0,100,0,180,0,1,0,0,85,0,0,0,,/Game/Monsters/npc_579/npc_579/SkeletalMeshes/npc_579,LNPC3003
npc_580,580,Land Mine,100,300,100,255,400,330,289,232,154,210,134,0,525,0,3,0,0,0,100,0,180,0,1,0,0,85,0,0,0,,/Game/Monsters/npc_580/npc_580/SkeletalMeshes/npc_580,LNPC3003
npc_581,581,Land Mine,100,300,100,255,400,340,294,238,158,215,136,0,525,0,3,0,0,0,100,0,180,0,1,0,0,85,0,0,0,,/Game/Monsters/npc_581/npc_581/SkeletalMeshes/npc_581,LNPC3003
npc_582,582,Land Mine,100,300,100,255,400,350,299,244,162,220,138,0,525,0,3,0,0,0,100,0,180,0,1,0,0,85,0,0,0,,/Game/Monsters/npc_582/npc_582/SkeletalMeshes/npc_582,LNPC3003
npc_583,583,Land Mine,100,300,100,255,400,360,304,250,166,225,140,0,525,0,3,0,0,0,100,0,180,0,1,0,0,85,0,0,0,,/Game/Monsters/npc_583/npc_583/SkeletalMeshes/npc_583,LNPC3003
npc_584,584,Land Mine,100,300,100,255,400,370,309,256,170,230,142,0,525,0,3,0,0,0,100,0,180,0,1,0,0,85,0,0,0,,/Game/Monsters/npc_584/npc_584/SkeletalMeshes/npc_584,LNPC3003
npc_585,585,Land Mine,100,300,100,255,400,380,314,262,174,235,144,0,525,0,3,0,0,0,100,0,180,0,1,0,0,85,0,0,0,,/Game/Monsters/npc_585/npc_585/SkeletalMeshes/npc_585,LNPC3003
npc_586,586,Land Mine,100,300,100,255,400,390,319,268,178,240,146,0,525,0,3,0,0,0,100,0,180,0,1,0,0,85,0,0,0,,/Game/Monsters/npc_586/npc_586/SkeletalMeshes/npc_586,LNPC3003
npc_587,587,Land Mine,100,300,100,255,400,400,324,274,182,245,148,0,525,0,3,0,0,0,60,0,180,1,1,0,0,85,0,0,0,,/Game/Monsters/npc_587/npc_587/SkeletalMeshes/npc_587,LNPC3003
npc_601,601,???? ??????,280,650,195,100,20,423,230,200,231,151,105,0,131,5000,367,1036,0,0,57,0,250,1,1,0,290,0,0,0,0,,/Game/Monsters/npc_601/npc_601/SkeletalMeshes/npc_601,
npc_602,602,???? ??????,280,650,195,100,20,423,230,200,231,151,105,0,131,7000,367,1036,0,0,57,0,250,1,1,0,290,0,0,0,0,,/Game/Monsters/npc_602/npc_602/SkeletalMeshes/npc_602,
npc_603,603,???? ??????,280,650,195,100,20,423,230,200,231,151,105,0,131,9000,367,1036,0,0,57,0,250,1,1,0,290,0,0,0,0,,/Game/Monsters/npc_603/npc_603/SkeletalMeshes/npc_603,
npc_604,604,???? ??????,280,650,195,100,20,423,230,200,231,151,105,0,131,15000,367,1036,0,0,57,0,250,1,1,0,290,0,0,0,0,,/Game/Monsters/npc_604/npc_604/SkeletalMeshes/npc_604,
npc_605,605,???? ??????,280,650,195,100,20,423,230,200,231,151,105,0,131,15000,367,1036,0,0,60,0,250,1,1,0,290,0,0,0,0,,/Game/Monsters/npc_605/npc_605/SkeletalMeshes/npc_605,
npc_607,607,Riddler Jelly Bean,400,850,70,1,1,1,1,1,1,1,100,0,92,1,475,0,0,0,60,0,220,1,0,0,182,0,0,0,0,,/Game/Monsters/npc_607/npc_607/SkeletalMeshes/npc_607,LNPC0607
npc_608,608,Riddler Jelly Bean,400,850,70,1,1,1,1,1,1,1,100,0,92,1,476,0,0,0,60,0,220,1,0,0,182,0,0,0,0,,/Game/Monsters/npc_608/npc_608/SkeletalMeshes/npc_608,LNPC0607
npc_609,609,Riddler Jelly Bean,400,500,70,50,5,1,1,1,1,1,100,0,92,5000,477,0,0,0,60,0,220,1,0,0,182,0,0,0,0,,/Game/Monsters/npc_609/npc_609/SkeletalMeshes/npc_609,LNPC0607
npc_610,610,Riddler Jelly Bean,400,500,70,80,6,1,1,1,1,1,100,0,92,5000,478,0,0,0,60,0,220,1,0,0,182,0,0,0,0,,/Game/Monsters/npc_610/npc_610/SkeletalMeshes/npc_610,LNPC0607
npc_611,611,Riddler Jelly Bean,400,500,150,120,7,1,1,1,1,1,100,0,92,5000,479,0,0,0,60,0,220,1,0,0,182,0,0,0,0,,/Game/Monsters/npc_611/npc_611/SkeletalMeshes/npc_611,LNPC0607
npc_612,612,Riddler Jelly Bean,400,500,200,150,8,1,1,1,1,1,100,0,92,5000,480,0,0,0,60,0,220,1,0,0,182,0,0,0,0,,/Game/Monsters/npc_612/npc_612/SkeletalMeshes/npc_612,LNPC0607
npc_613,613,Riddler Jelly Bean,400,500,250,180,9,1,1,1,1,1,100,0,92,5000,481,0,0,0,60,0,220,1,0,0,182,0,0,0,0,,/Game/Monsters/npc_613/npc_613/SkeletalMeshes/npc_613,LNPC0607
npc_614,614,Riddler Jelly Bean,400,500,300,200,10,1,1,1,1,1,100,0,92,5000,482,0,0,0,60,0,220,1,0,0,182,0,0,0,0,,/Game/Monsters/npc_614/npc_614/SkeletalMeshes/npc_614,LNPC0607
npc_615,615,Riddler Jelly Bean,400,5005,350,210,11,1,1,1,1,1,100,0,92,5000,483,0,0,0,60,0,220,1,0,0,182,0,0,0,0,,/Game/Monsters/npc_615/npc_615/SkeletalMeshes/npc_615,LNPC0607
npc_616,616,Riddler Jelly Bean,400,0,400,220,12,1,1,1,1,1,100,0,92,5000,484,0,0,0,60,0,220,1,0,0,182,0,0,0,0,,/Game/Monsters/npc_616/npc_616/SkeletalMeshes/npc_616,LNPC0607
npc_617,617,Riddler Jelly Bean,400,500,450,230,13,1,1,1,1,1,100,0,92,5000,485,0,0,0,60,0,220,1,0,0,182,0,0,0,0,,/Game/Monsters/npc_617/npc_617/SkeletalMeshes/npc_617,LNPC0607
npc_618,618,Riddler Jelly Bean,400,500,500,245,15,1,1,1,1,1,100,0,92,5000,486,0,0,0,60,0,220,1,0,0,182,0,0,0,0,,/Game/Monsters/npc_618/npc_618/SkeletalMeshes/npc_618,LNPC0607
npc_619,619,Dreadful Glutton,450,950,350,50,37,269,159,178,109,61,90,0,274,500,487,1003,302,0,60,0,300,10,0,0,230,0,0,0,0,,/Game/Monsters/npc_619/npc_619/SkeletalMeshes/npc_619,LNPC0619
npc_620,620,Dreadful Glutton,450,950,350,70,55,380,201,250,159,86,90,0,274,500,488,135,0,0,60,0,300,10,0,0,238,0,0,0,0,,/Game/Monsters/npc_620/npc_620/SkeletalMeshes/npc_620,LNPC0619
npc_621,621,Dreadful Glutton,450,950,350,90,74,497,245,446,214,112,90,0,274,500,536,0,0,0,60,0,300,10,0,0,246,0,0,0,0,,/Game/Monsters/npc_621/npc_621/SkeletalMeshes/npc_621,LNPC0619
npc_622,622,Red Jelly King's Henchman,450,950,250,40,37,215,139,145,87,49,95,0,275,500,537,0,0,0,60,0,300,10,0,0,182,0,0,0,0,,/Game/Monsters/npc_622/npc_622/SkeletalMeshes/npc_622,LNPC0622
npc_623,623,Red Jelly King's Henchman,450,950,250,50,37,269,159,178,109,61,95,0,275,500,538,0,0,0,60,0,300,10,0,0,182,0,0,0,0,,/Game/Monsters/npc_623/npc_623/SkeletalMeshes/npc_623,LNPC0622
npc_624,624,GrimHemmz's Henchman,450,950,300,60,46,324,179,213,133,73,95,0,275,600,539,1032,0,0,60,0,300,10,0,0,214,0,0,0,0,,/Game/Monsters/npc_624/npc_624/SkeletalMeshes/npc_624,LNPC0624
npc_625,625,GrimHemmz's Henchman,450,950,300,70,55,380,201,250,159,86,95,0,275,600,536,1032,0,0,60,0,300,10,0,0,214,0,0,0,0,,/Game/Monsters/npc_625/npc_625/SkeletalMeshes/npc_625,LNPC0624
npc_626,626,Adamantium Golem's Henchman,450,950,300,80,64,438,223,319,186,99,95,0,275,600,537,0,0,0,60,0,300,10,0,0,250,0,0,0,0,,/Game/Monsters/npc_626/npc_626/SkeletalMeshes/npc_626,LNPC0626
npc_627,627,Adamantium Golem's Henchman,450,950,300,90,74,497,245,446,214,112,95,0,275,600,538,0,0,0,60,0,300,10,0,0,250,0,0,0,0,,/Game/Monsters/npc_627/npc_627/SkeletalMeshes/npc_627,LNPC0626
npc_628,628,Red Jelly King,500,1050,350,50,84,274,170,190,133,61,90,0,276,3000,539,0,0,0,60,0,300,10,0,0,182,0,0,0,0,,/Game/Monsters/npc_628/npc_628/SkeletalMeshes/npc_628,LNPC0628
npc_629,629,GrimHemmz,500,1050,400,70,127,387,214,266,191,86,90,0,276,3000,536,1116,0,0,60,0,300,10,0,0,214,0,0,0,0,,/Game/Monsters/npc_629/npc_629/SkeletalMeshes/npc_629,LNPC0629
npc_630,630,Adamantium Golem,500,1050,450,90,177,506,260,472,256,112,90,0,276,3000,537,0,0,0,60,0,300,10,0,0,250,0,0,0,0,,/Game/Monsters/npc_630/npc_630/SkeletalMeshes/npc_630,LNPC0630
npc_631,631,Shaman Ghost,300,770,130,205,40,1100,2500,500,700,185,105,0,339,1000,252,1091,0,0,100,0,500,3,0,0,0,0,0,0,0,,/Game/Monsters/npc_631/npc_631/SkeletalMeshes/npc_631,LNPC0411
npc_632,632,Shaman Poltergeist,300,770,130,205,40,1110,2500,500,700,190,106,0,339,1000,252,1010,305,0,100,0,500,3,0,0,0,0,0,0,0,,/Game/Monsters/npc_632/npc_632/SkeletalMeshes/npc_632,LNPC0412
npc_633,633,Evil Shaman's Spirit,300,700,130,205,40,1120,2500,600,700,195,109,0,340,1000,252,1046,0,0,100,0,500,3,0,0,0,0,0,0,0,,/Game/Monsters/npc_633/npc_633/SkeletalMeshes/npc_633,LNPC0413
npc_634,634,Venom Ghost,300,770,130,206,40,1130,2500,600,700,201,108,0,340,1000,252,1046,0,0,100,0,300,4,0,0,0,0,0,0,0,,/Game/Monsters/npc_634/npc_634/SkeletalMeshes/npc_634,LNPC0414
npc_635,635,Ancient Resurrection Book,250,780,310,206,60,1140,2500,700,750,150,115,0,341,1000,252,0,0,0,100,0,300,3,0,0,374,0,0,0,0,5061-33,/Game/Monsters/npc_635/npc_635/SkeletalMeshes/npc_635,LNPC1726
npc_636,636,Spirit of the Cursed Book,250,780,225,207,37,1150,2500,700,750,194,107,0,341,1000,253,0,0,0,100,0,300,3,0,0,374,0,0,0,0,,/Game/Monsters/npc_636/npc_636/SkeletalMeshes/npc_636,LNPC0416
npc_637,637,Secret Book of Venom,250,780,228,208,45,1160,2500,800,750,199,108,0,342,1100,253,0,0,0,100,0,300,3,0,0,374,0,0,0,0,,/Game/Monsters/npc_637/npc_637/SkeletalMeshes/npc_637,LNPC0417
npc_638,638,Fanatic Shaman,250,780,230,208,45,1170,2500,800,750,204,109,0,342,1100,253,0,0,0,100,0,300,4,0,0,374,0,0,0,0,,/Game/Monsters/npc_638/npc_638/SkeletalMeshes/npc_638,LNPC0418
npc_639,639,Shamanic Prophet,300,770,150,209,60,1500,2500,1000,800,202,180,0,343,1100,253,1076,0,0,100,0,600,8,0,0,0,0,0,0,0,,/Game/Monsters/npc_639/npc_639/SkeletalMeshes/npc_639,LNPC0419
npc_640,640,Pastor of the Abyss,300,770,150,210,60,1500,2500,1000,800,210,180,0,343,1100,253,1076,0,0,100,0,600,8,0,0,0,0,0,0,0,,/Game/Monsters/npc_640/npc_640/SkeletalMeshes/npc_640,LNPC0420
npc_641,641,Fearful Allurer,300,770,150,210,60,1500,2500,1000,800,211,180,0,344,1100,254,1076,0,0,100,0,600,8,0,0,0,0,0,0,0,,/Game/Monsters/npc_641/npc_641/SkeletalMeshes/npc_641,LNPC0421
npc_642,642,Silent Allurer,300,770,150,209,60,1500,2500,1000,800,230,180,0,344,1100,254,1076,0,0,100,0,600,8,0,0,0,0,0,0,0,,/Game/Monsters/npc_642/npc_642/SkeletalMeshes/npc_642,LNPC0422
npc_643,643,Insane Shaman,300,770,155,209,50,1300,2500,1100,850,250,106,0,345,1100,254,1131,0,0,100,0,300,3,0,0,182,0,0,0,0,,/Game/Monsters/npc_643/npc_643/SkeletalMeshes/npc_643,LNPC0423
npc_644,644,Shaman Zombie,300,770,155,209,50,1400,2500,1100,850,300,106,0,345,1100,254,1131,0,0,100,0,300,3,0,0,182,0,0,0,0,,/Game/Monsters/npc_644/npc_644/SkeletalMeshes/npc_644,LNPC0424
npc_645,645,Shaman Soldier,300,770,155,208,60,1500,2500,1100,850,300,106,0,345,1100,254,1131,0,0,100,0,300,4,0,0,182,0,0,0,0,,/Game/Monsters/npc_645/npc_645/SkeletalMeshes/npc_645,LNPC0425
npc_646,646,Moon Knight,300,770,270,265,60,1600,2500,1100,850,300,107,0,346,1100,255,117,0,0,100,0,300,4,0,0,390,0,0,0,0,,/Game/Monsters/npc_646/npc_646/SkeletalMeshes/npc_646,LNPC0426
npc_647,647,Moon Guardian,300,770,270,211,60,1700,2500,1800,900,300,108,0,346,1100,255,119,0,0,100,0,300,4,0,0,390,0,0,0,0,,/Game/Monsters/npc_647/npc_647/SkeletalMeshes/npc_647,LNPC0427
npc_648,648,Frozen Tumbler,300,800,220,212,60,1300,2500,1300,900,350,107,0,347,1100,255,0,0,0,100,0,300,4,0,0,374,0,0,0,0,,/Game/Monsters/npc_648/npc_648/SkeletalMeshes/npc_648,LNPC0428
npc_649,649,Heavy Tumbler,300,800,240,213,70,1400,2500,1300,900,350,107,0,347,1100,256,0,0,0,100,0,300,8,0,0,374,0,0,0,0,,/Game/Monsters/npc_649/npc_649/SkeletalMeshes/npc_649,LNPC0429
npc_650,650,Frozen Statue,300,800,250,215,70,1500,2500,1300,900,350,107,0,347,1300,256,0,0,0,100,0,300,4,0,0,374,0,0,0,0,,/Game/Monsters/npc_650/npc_650/SkeletalMeshes/npc_650,LNPC0430
npc_651,651,Berkana Stone,100,600,130,215,70,1600,2500,1300,950,350,108,0,348,1300,257,1093,0,0,100,0,900,9,0,0,0,0,0,0,0,,/Game/Monsters/npc_651/npc_651/SkeletalMeshes/npc_651,LNPC0434
npc_652,652,Frozen Stone Sculpture,100,600,130,215,70,1700,2500,1300,950,400,109,0,348,1300,257,1093,0,0,100,0,900,9,0,0,0,0,0,0,0,,/Game/Monsters/npc_652/npc_652/SkeletalMeshes/npc_652,LNPC0435
npc_653,653,Moon Brother Dagaz,450,850,650,215,150,2500,2500,1200,950,800,180,0,475,4000,258,0,0,0,100,0,300,11,0,0,390,0,0,0,0,,/Game/Monsters/npc_653/npc_653/SkeletalMeshes/npc_653,LNPC1850
npc_654,654,Moon Sister Inguz,450,850,140,215,150,2500,2500,1300,950,800,180,0,350,3000,258,1130,0,0,100,0,300,10,0,0,0,0,0,0,0,,/Game/Monsters/npc_654/npc_654/SkeletalMeshes/npc_654,LNPC0437
npc_655,655,Sword Master Emil,450,670,190,215,150,2500,2500,1400,950,800,180,0,351,4000,258,446,0,0,100,0,300,10,0,0,390,0,0,0,0,,/Game/Monsters/npc_655/npc_655/SkeletalMeshes/npc_655,LNPC0438
npc_656,656,Moon Pastor Laguz,450,670,550,215,300,2500,2500,1500,950,800,180,0,352,4000,258,1055,0,0,100,0,300,11,0,0,390,0,0,0,0,,/Game/Monsters/npc_656/npc_656/SkeletalMeshes/npc_656,LNPC0439
npc_657,657,Moon Child,300,850,90,215,75,1800,2500,1300,1000,500,115,0,354,1000,512,0,0,0,100,0,300,2,0,0,0,0,0,0,0,,/Game/Monsters/npc_657/npc_657/SkeletalMeshes/npc_657,LNPC0440
npc_658,658,Moon Child,300,800,90,215,70,2000,2500,1200,1000,700,130,0,354,1000,512,1010,305,0,100,0,300,2,0,0,0,0,0,0,0,,/Game/Monsters/npc_658/npc_658/SkeletalMeshes/npc_658,LNPC0440
npc_659,659,Moon Child,300,800,250,215,75,2500,5000,1500,1000,500,10,0,353,1000,512,0,0,0,0,0,300,2,0,0,0,0,0,0,0,,/Game/Monsters/npc_659/npc_659/SkeletalMeshes/npc_659,LNPC0440
npc_660,660,Blue Dragon,600,1300,600,300,4500,4000,4000,4000,4000,800,100,0,277,3500,507,0,0,0,60,0,500,11,0,0,390,0,0,0,0,,/Game/Monsters/npc_660/npc_660/SkeletalMeshes/npc_660,LNPC0660
npc_661,661,Red Dragon,600,1300,600,300,4500,4000,4000,4000,4000,800,100,0,280,3500,510,0,0,0,60,0,500,11,0,0,390,0,0,0,0,,/Game/Monsters/npc_661/npc_661/SkeletalMeshes/npc_661,LNPC0661
npc_662,662,Dragon Egg,0,0,100,250,40,0,223,253,270,120,0,0,278,20,0,0,0,0,0,0,0,7,0,0,0,0,0,0,0,,/Game/Monsters/npc_662/npc_662/SkeletalMeshes/npc_662,LNPC0662
npc_663,663,Hatchling,400,1000,150,250,100,20,20,253,270,151,105,0,279,20,0,0,0,0,0,0,300,7,0,0,0,0,0,0,0,,/Game/Monsters/npc_663/npc_663/SkeletalMeshes/npc_663,LNPC0663
npc_665,665,Blue Dragon,400,1000,350,300,3546,593,265,396,257,185,108,0,277,600,649,350,0,0,60,0,300,11,0,0,390,0,0,0,0,Clan-Dragon_100_A,/Game/Monsters/npc_665/npc_665/SkeletalMeshes/npc_665,LNPC0660
npc_666,666,Red Dragon,400,1000,350,300,3546,593,265,396,257,185,108,0,280,600,649,0,0,0,60,0,300,11,0,0,390,0,0,0,0,Clan-Dragon_100_B,/Game/Monsters/npc_666/npc_666/SkeletalMeshes/npc_666,LNPC0661
npc_667,667,Dragon Egg,0,0,100,120,40,0,265,317,343,150,0,0,278,20,0,0,0,0,0,0,0,7,0,0,0,0,0,0,0,,/Game/Monsters/npc_667/npc_667/SkeletalMeshes/npc_667,LNPC0662
npc_668,668,Hatchling,400,1000,150,120,20,20,265,317,343,185,105,0,279,20,0,0,0,0,0,0,300,7,0,0,0,0,0,0,0,,/Game/Monsters/npc_668/npc_668/SkeletalMeshes/npc_668,LNPC0663
npc_671,671,Blue Dragon,400,1000,350,300,5220,764,527,474,347,239,108,0,277,600,650,0,0,0,60,0,300,11,0,0,390,0,0,0,0,Clan-Dragon_1000_A,/Game/Monsters/npc_671/npc_671/SkeletalMeshes/npc_671,LNPC0660
npc_672,672,Red Dragon,400,1000,350,300,5220,764,527,474,347,239,108,0,280,600,650,0,0,0,60,0,300,11,0,0,390,0,0,0,0,Clan-Dragon_1000_B,/Game/Monsters/npc_672/npc_672/SkeletalMeshes/npc_672,LNPC0661
npc_673,673,Dragon Egg,0,0,100,150,40,0,421,463,670,200,0,0,278,20,0,0,0,0,0,0,0,7,0,0,0,0,0,0,0,,/Game/Monsters/npc_673/npc_673/SkeletalMeshes/npc_673,LNPC0662
npc_674,674,Hatchling,400,1000,150,150,20,20,332,421,463,256,105,0,279,20,0,0,0,0,0,0,300,7,0,0,0,0,0,0,0,,/Game/Monsters/npc_674/npc_674/SkeletalMeshes/npc_674,LNPC0663
npc_680,680,Yigore Ghost,200,450,120,151,40,770,334,478,350,241,105,0,41,200,533,1076,0,0,60,0,250,3,1,0,0,0,0,0,0,,/Game/Monsters/npc_680/npc_680/SkeletalMeshes/npc_680,LNPC0680
npc_681,681,Yigore Ghost,200,450,122,155,40,793,344,495,363,248,105,0,41,200,534,1076,0,0,60,0,252,3,1,0,0,0,0,0,0,,/Game/Monsters/npc_681/npc_681/SkeletalMeshes/npc_681,LNPC0681
npc_682,682,Yigore Ghost,200,450,124,159,41,817,353,511,376,256,105,0,41,200,535,1076,0,0,60,0,254,3,1,0,0,0,0,0,0,,/Game/Monsters/npc_682/npc_682/SkeletalMeshes/npc_682,LNPC0682
npc_683,683,Yigore Ghost,200,450,126,163,41,840,363,528,389,264,105,0,41,200,536,1076,0,0,60,0,256,3,1,0,0,0,0,0,0,,/Game/Monsters/npc_683/npc_683/SkeletalMeshes/npc_683,LNPC0683
npc_684,684,Yigore Ghost,200,450,128,167,42,864,372,546,402,271,105,0,41,200,537,1076,0,0,60,0,258,3,1,0,0,0,0,0,0,,/Game/Monsters/npc_684/npc_684/SkeletalMeshes/npc_684,LNPC0684
npc_685,685,Yigore Ghost,200,450,130,171,42,889,382,563,415,279,105,0,41,200,538,1076,0,0,60,0,260,3,1,0,0,0,0,0,0,,/Game/Monsters/npc_685/npc_685/SkeletalMeshes/npc_685,LNPC0685
npc_686,686,Yigore Ghost,200,450,132,175,42,913,392,580,429,287,105,0,41,200,539,1076,0,0,60,0,262,3,1,0,0,0,0,0,0,,/Game/Monsters/npc_686/npc_686/SkeletalMeshes/npc_686,LNPC0686
npc_687,687,Yigore Ghost,200,450,134,179,43,937,401,598,442,295,105,0,41,200,540,1076,0,0,60,0,264,3,1,0,0,0,0,0,0,,/Game/Monsters/npc_687/npc_687/SkeletalMeshes/npc_687,LNPC0687
npc_688,688,Yigore Ghost,200,450,136,183,43,962,411,616,456,303,105,0,41,200,541,1076,0,0,60,0,266,3,1,0,0,0,0,0,0,,/Game/Monsters/npc_688/npc_688/SkeletalMeshes/npc_688,LNPC0688
npc_689,689,Yigore Ghost,200,450,138,187,44,987,421,634,470,311,105,0,41,200,542,1076,0,0,60,0,268,3,1,0,0,0,0,0,0,,/Game/Monsters/npc_689/npc_689/SkeletalMeshes/npc_689,LNPC0689
npc_690,690,Yigore Ghost,200,450,140,191,44,1011,431,652,484,319,105,0,41,200,543,1076,0,0,60,0,270,3,1,0,0,0,0,0,0,,/Game/Monsters/npc_690/npc_690/SkeletalMeshes/npc_690,LNPC0690
npc_691,691,Yigore Ghost,200,450,142,195,44,1036,442,670,498,327,105,0,41,200,544,1076,0,0,60,0,272,3,1,0,0,0,0,0,0,,/Game/Monsters/npc_691/npc_691/SkeletalMeshes/npc_691,LNPC0691
npc_692,692,Yigore Ghost,200,450,144,199,45,1062,452,689,512,335,105,0,41,200,545,1076,0,0,60,0,274,3,1,0,0,0,0,0,0,,/Game/Monsters/npc_692/npc_692/SkeletalMeshes/npc_692,LNPC0692
npc_701,701,GhostSeed,160,250,110,1,73,1,1,200,200,300,110,0,31,0,0,0,0,0,0,0,0,0,1,0,0,0,0,0,0,,/Game/Monsters/npc_701/npc_701/SkeletalMeshes/npc_701,LNPC0701
npc_702,702,GhostSeed,160,250,130,40,19,1,1,200,200,300,108,0,32,0,0,0,0,0,0,0,0,0,1,0,0,0,0,0,0,,/Game/Monsters/npc_702/npc_702/SkeletalMeshes/npc_702,LNPC0702
npc_703,703,Lunar Soul,160,250,200,90,80,328,262,340,300,400,106,0,33,0,0,0,0,0,0,0,0,0,1,0,0,0,0,0,0,,/Game/Monsters/npc_703/npc_703/SkeletalMeshes/npc_703,LNPC0703
npc_704,704,GhostSeed,160,250,130,90,23,1,1,200,200,300,104,0,34,0,0,0,0,0,0,0,0,0,1,0,0,0,0,0,0,,/Game/Monsters/npc_704/npc_704/SkeletalMeshes/npc_704,LNPC0704
npc_705,705,GhostSeed,160,250,130,90,23,1,1,200,200,300,102,0,35,0,0,0,0,0,0,0,0,0,1,0,0,0,0,0,0,,/Game/Monsters/npc_705/npc_705/SkeletalMeshes/npc_705,LNPC0705
npc_706,706,GhostSeed,160,250,130,90,23,1,1,200,200,300,100,0,31,0,0,0,0,0,0,0,0,0,1,0,0,0,0,0,0,,/Game/Monsters/npc_706/npc_706/SkeletalMeshes/npc_706,LNPC0706
npc_707,707,GhostSeed,160,250,130,90,23,1,1,200,200,300,98,0,31,0,0,0,0,0,0,0,0,0,1,0,0,0,0,0,0,,/Game/Monsters/npc_707/npc_707/SkeletalMeshes/npc_707,LNPC0707
npc_708,708,GhostSeed,160,250,130,90,23,1,1,200,200,300,96,0,31,0,0,0,0,0,0,0,0,0,1,0,0,0,0,0,0,,/Game/Monsters/npc_708/npc_708/SkeletalMeshes/npc_708,LNPC0708
npc_709,709,GhostSeed,160,250,130,90,23,1,1,200,200,300,94,0,31,0,0,0,0,0,0,0,0,0,1,0,0,0,0,0,0,,/Game/Monsters/npc_709/npc_709/SkeletalMeshes/npc_709,LNPC0709
npc_710,710,GhostSeed,160,250,130,90,23,1,1,200,200,300,92,0,31,0,0,0,0,0,0,0,0,0,1,0,0,0,0,0,0,,/Game/Monsters/npc_710/npc_710/SkeletalMeshes/npc_710,LNPC0710
npc_711,711,Candle Ghost,130,440,95,19,19,60,87,47,74,38,100,1,36,100,0,1076,0,55,10,0,800,0,1,0,0,0,0,0,0,5009-31,/Game/Monsters/npc_711/npc_711/SkeletalMeshes/npc_711,LNPC0711
npc_712,712,Candle Ghost,134,452,100,23,19,73,94,55,84,43,100,1,36,100,0,1076,0,56,10,0,830,0,1,0,0,0,0,0,0,5009-32,/Game/Monsters/npc_712/npc_712/SkeletalMeshes/npc_712,LNPC0712
npc_713,713,Candle Ghost,138,464,105,27,19,86,100,62,94,48,100,1,36,120,0,1076,0,57,10,0,860,0,1,0,0,0,0,0,0,5009-33,/Game/Monsters/npc_713/npc_713/SkeletalMeshes/npc_713,LNPC0713
npc_714,714,Candle Ghost,142,476,110,31,19,99,107,71,104,53,100,1,36,120,0,1076,0,58,10,0,890,0,1,0,0,0,0,0,0,5009-34,/Game/Monsters/npc_714/npc_714/SkeletalMeshes/npc_714,LNPC0714
npc_715,715,Candle Ghost,146,488,115,35,20,113,114,79,115,58,100,1,36,120,0,1076,0,59,10,0,920,0,1,0,0,0,0,0,0,5009-35,/Game/Monsters/npc_715/npc_715/SkeletalMeshes/npc_715,LNPC0715
npc_716,716,Candle Ghost,150,500,120,39,20,126,121,88,126,63,100,1,36,120,0,1076,0,60,9,0,950,0,1,0,0,0,0,0,0,5009-36,/Game/Monsters/npc_716/npc_716/SkeletalMeshes/npc_716,LNPC0716
npc_717,717,Candle Ghost,154,512,125,43,21,140,128,97,137,68,100,1,37,120,0,1076,0,61,9,0,980,0,1,0,0,0,0,0,0,5009-37,/Game/Monsters/npc_717/npc_717/SkeletalMeshes/npc_717,LNPC0717
npc_718,718,Candle Ghost,158,524,130,47,21,155,136,107,149,73,100,1,37,120,0,1076,0,62,9,0,1010,0,1,0,0,0,0,0,0,5009-38,/Game/Monsters/npc_718/npc_718/SkeletalMeshes/npc_718,LNPC0718
npc_719,719,Candle Ghost,162,536,135,51,21,169,143,116,161,78,100,1,37,120,0,1076,0,63,9,0,1040,0,1,0,0,0,0,0,0,5009-39,/Game/Monsters/npc_719/npc_719/SkeletalMeshes/npc_719,LNPC0719
npc_720,720,Candle Ghost,166,548,140,55,22,184,151,126,173,84,100,1,37,120,0,1076,0,64,9,0,1070,0,1,0,0,0,0,0,0,5009-40,/Game/Monsters/npc_720/npc_720/SkeletalMeshes/npc_720,LNPC0720
npc_721,721,Candle Ghost,130,440,145,59,22,199,158,137,186,89,100,1,37,120,0,1076,0,65,8,0,1300,0,1,0,0,0,0,0,0,5009-41,/Game/Monsters/npc_721/npc_721/SkeletalMeshes/npc_721,LNPC0721
npc_722,722,Candle Ghost,134,452,150,63,23,214,166,148,198,95,100,1,37,120,0,1076,0,66,8,0,1330,0,1,0,0,0,0,0,0,5009-42,/Game/Monsters/npc_722/npc_722/SkeletalMeshes/npc_722,LNPC0722
npc_723,723,Candle Ghost,138,464,155,67,23,229,174,159,211,101,100,1,38,120,0,1076,0,67,8,0,1360,0,1,0,0,0,0,0,0,5009-43,/Game/Monsters/npc_723/npc_723/SkeletalMeshes/npc_723,LNPC0723
npc_724,724,Candle Ghost,142,476,160,71,23,245,182,170,225,106,100,1,38,120,0,1076,0,68,8,0,1390,0,1,0,0,0,0,0,0,5009-44,/Game/Monsters/npc_724/npc_724/SkeletalMeshes/npc_724,LNPC0724
npc_725,725,Candle Ghost,146,488,165,75,24,260,190,182,238,112,100,1,38,120,0,1076,0,69,8,0,1420,0,1,0,0,0,0,0,0,5009-45,/Game/Monsters/npc_725/npc_725/SkeletalMeshes/npc_725,LNPC0725
npc_726,726,Candle Ghost,150,500,170,79,24,276,199,194,252,118,100,1,38,130,0,1076,0,70,7,0,1450,0,1,0,0,0,0,0,0,5009-46,/Game/Monsters/npc_726/npc_726/SkeletalMeshes/npc_726,LNPC0726
npc_727,727,Candle Ghost,154,512,175,83,25,292,207,206,266,124,100,1,38,150,0,1076,0,71,7,0,1480,0,1,0,0,0,0,0,0,5009-47,/Game/Monsters/npc_727/npc_727/SkeletalMeshes/npc_727,LNPC0727
npc_728,728,Candle Ghost,158,524,180,87,25,309,216,219,281,130,100,1,38,150,0,1076,0,72,7,0,1510,0,1,0,0,0,0,0,0,5009-48,/Game/Monsters/npc_728/npc_728/SkeletalMeshes/npc_728,LNPC0728
npc_729,729,Candle Ghost,162,536,180,90,25,309,216,219,281,130,100,1,39,150,0,1076,0,72,7,0,1540,0,1,0,0,0,0,0,0,5009-49,/Game/Monsters/npc_729/npc_729/SkeletalMeshes/npc_729,LNPC0729
npc_730,730,Candle Ghost,166,548,180,95,25,309,216,219,281,130,100,1,39,150,0,1076,0,72,7,0,1570,0,1,0,0,0,0,0,0,5009-50,/Game/Monsters/npc_730/npc_730/SkeletalMeshes/npc_730,LNPC0730
npc_731,731,Candle Ghost,130,440,180,100,25,309,216,219,281,130,100,1,39,150,0,1076,0,72,7,0,1300,0,1,0,0,0,0,0,0,5009-51,/Game/Monsters/npc_731/npc_731/SkeletalMeshes/npc_731,LNPC0731
npc_732,732,Elec Ghost,134,452,200,103,26,376,251,273,340,156,100,1,39,150,0,1076,0,0,0,0,1330,0,1,0,0,0,0,0,0,,/Game/Monsters/npc_732/npc_732/SkeletalMeshes/npc_732,LNPC0732
npc_733,733,Elec Ghost,138,464,205,107,27,393,260,288,356,162,100,1,39,150,0,1076,0,0,0,0,1360,0,1,0,0,0,0,0,0,,/Game/Monsters/npc_733/npc_733/SkeletalMeshes/npc_733,LNPC0733
npc_734,734,Elec Ghost,142,476,210,111,27,410,269,302,371,169,100,1,39,150,0,1076,0,0,0,0,1390,0,1,0,0,0,0,0,0,,/Game/Monsters/npc_734/npc_734/SkeletalMeshes/npc_734,LNPC0734
npc_735,735,Elec Ghost,146,488,215,115,27,428,278,318,387,175,100,1,39,50,0,1076,0,0,0,0,1420,0,1,0,0,0,0,0,0,,/Game/Monsters/npc_735/npc_735/SkeletalMeshes/npc_735,LNPC0735
npc_736,736,Elec Ghost,150,500,220,119,28,446,288,333,403,182,100,1,39,50,0,1076,0,0,0,0,1450,0,1,0,0,0,0,0,0,,/Game/Monsters/npc_736/npc_736/SkeletalMeshes/npc_736,LNPC0736
npc_737,737,Elec Ghost,154,512,225,123,28,464,297,349,420,189,100,1,39,50,0,1076,0,0,0,0,1480,0,1,0,0,0,0,0,0,,/Game/Monsters/npc_737/npc_737/SkeletalMeshes/npc_737,LNPC0737
npc_738,738,Elec Ghost,158,524,230,127,28,482,307,365,436,196,100,1,39,50,0,1076,0,0,0,0,1510,0,1,0,0,0,0,0,0,,/Game/Monsters/npc_738/npc_738/SkeletalMeshes/npc_738,LNPC0738
npc_739,739,Elec Ghost,162,536,235,131,29,500,316,381,453,203,100,1,39,50,0,1076,0,0,0,0,1540,0,1,0,0,0,0,0,0,,/Game/Monsters/npc_739/npc_739/SkeletalMeshes/npc_739,LNPC0739
npc_740,740,Elec Ghost,166,548,240,135,29,519,326,398,470,210,100,1,39,50,0,1076,0,0,0,0,1570,0,1,0,0,0,0,0,0,,/Game/Monsters/npc_740/npc_740/SkeletalMeshes/npc_740,LNPC0740
npc_741,741,,130,310,100,23,19,73,94,55,84,43,100,1,7,50,0,0,0,0,0,0,1300,0,1,0,0,0,0,0,0,,/Game/Monsters/npc_741/npc_741/SkeletalMeshes/npc_741,
npc_742,742,,134,318,110,28,19,90,104,64,96,49,100,1,7,50,0,0,0,0,0,0,1330,0,1,0,0,0,0,0,0,,/Game/Monsters/npc_742/npc_742/SkeletalMeshes/npc_742,
npc_743,743,,138,326,120,33,20,107,113,75,109,55,100,1,7,50,0,0,0,0,0,0,1360,0,1,0,0,0,0,0,0,,/Game/Monsters/npc_743/npc_743/SkeletalMeshes/npc_743,
npc_744,744,,142,334,130,38,20,125,123,86,123,61,100,1,7,50,0,0,0,0,0,0,1390,0,1,0,0,0,0,0,0,,/Game/Monsters/npc_744/npc_744/SkeletalMeshes/npc_744,
npc_745,745,,146,342,140,43,21,143,133,97,137,68,100,1,7,80,0,0,0,0,0,0,1420,0,1,0,0,0,0,0,0,,/Game/Monsters/npc_745/npc_745/SkeletalMeshes/npc_745,
npc_746,746,,150,350,150,48,21,161,144,109,152,74,100,1,7,80,0,0,0,0,0,0,1450,0,1,0,0,0,0,0,0,,/Game/Monsters/npc_746/npc_746/SkeletalMeshes/npc_746,
npc_747,747,,154,358,160,53,22,180,154,121,167,81,100,1,7,80,0,0,0,0,0,0,1480,0,1,0,0,0,0,0,0,,/Game/Monsters/npc_747/npc_747/SkeletalMeshes/npc_747,
npc_748,748,,158,366,170,58,22,199,165,134,182,88,100,1,7,80,0,0,0,0,0,0,1510,0,1,0,0,0,0,0,0,,/Game/Monsters/npc_748/npc_748/SkeletalMeshes/npc_748,
npc_749,749,,162,374,180,63,23,218,176,148,198,95,100,1,7,80,0,0,0,0,0,0,1540,0,1,0,0,0,0,0,0,,/Game/Monsters/npc_749/npc_749/SkeletalMeshes/npc_749,
npc_750,750,Elec Ghost,166,382,190,68,23,238,187,162,215,102,100,1,7,80,0,0,0,0,0,0,1570,0,1,0,0,0,0,0,0,,/Game/Monsters/npc_750/npc_750/SkeletalMeshes/npc_750,LNPC0750
npc_751,751,Ghost Rackie,160,250,200,90,80,328,262,340,300,400,106,1,307,40,0,0,0,0,60,0,260,1,1,392,394,0,0,0,0,,/Game/Monsters/npc_751/npc_751/SkeletalMeshes/npc_751,LNPC0751
npc_752,752,Ghost Rackie,160,250,200,90,80,328,262,340,300,400,106,1,308,40,0,0,0,0,60,0,260,1,1,392,394,0,0,0,0,,/Game/Monsters/npc_752/npc_752/SkeletalMeshes/npc_752,LNPC0752
npc_753,753,Ghost Rackie,160,250,200,90,80,328,262,340,300,400,106,1,309,40,0,0,0,0,60,0,260,1,1,392,394,0,0,0,0,,/Game/Monsters/npc_753/npc_753/SkeletalMeshes/npc_753,LNPC0753
npc_754,754,Ghost Rackie,160,250,200,90,80,328,262,340,300,400,106,1,310,40,0,0,0,0,60,0,260,1,1,392,394,0,0,0,0,,/Game/Monsters/npc_754/npc_754/SkeletalMeshes/npc_754,LNPC0754
npc_755,755,Demoniac Cheney,140,420,120,14,38,68,72,49,27,31,100,0,311,15,0,0,0,0,60,0,200,1,1,0,266,0,0,0,0,209-31,/Game/Monsters/npc_755/npc_755/SkeletalMeshes/npc_755,LNPC0755
npc_756,756,Infernal Shirley,140,420,120,14,38,68,72,49,27,31,100,0,312,15,0,0,0,0,60,0,200,1,1,0,266,0,0,0,0,210-31,/Game/Monsters/npc_756/npc_756/SkeletalMeshes/npc_756,LNPC0756
npc_757,757,Zombie,140,420,240,35,44,145,121,114,72,44,95,0,313,15,0,0,0,0,60,0,200,1,1,0,266,0,0,0,0,122-02,/Game/Monsters/npc_757/npc_757/SkeletalMeshes/npc_757,LNPC0253
npc_758,758,Infected Pomic,140,700,88,15,39,72,74,52,29,32,90,0,2,15,0,1011,0,0,60,0,220,1,1,0,214,0,0,0,0,226-32,/Game/Monsters/npc_758/npc_758/SkeletalMeshes/npc_758,LNPC0758
npc_760,760,Supreme Goblin Warrior,225,850,180,101,35,398,225,320,228,153,100,0,40,0,0,169,0,0,60,0,350,1,0,0,266,0,0,0,0,,/Game/Monsters/npc_760/npc_760/SkeletalMeshes/npc_760,LNPC0760
npc_761,761,Supreme Krawfy King,330,710,360,103,35,407,229,327,234,156,100,0,40,0,0,0,0,0,60,0,250,1,0,0,234,0,0,0,0,,/Game/Monsters/npc_761/npc_761/SkeletalMeshes/npc_761,LNPC0761
npc_762,762,Supreme Stone Golem,200,700,182,102,35,403,227,323,231,155,95,0,40,0,0,0,0,0,60,0,190,1,2,0,250,0,0,0,0,,/Game/Monsters/npc_762/npc_762/SkeletalMeshes/npc_762,LNPC0762
npc_763,763,Supreme Doonga,450,750,432,99,34,389,221,312,222,150,100,0,40,0,0,0,0,0,60,0,250,1,1,0,246,0,0,0,0,,/Game/Monsters/npc_763/npc_763/SkeletalMeshes/npc_763,LNPC0763
npc_771,771,Third Eye,0,0,90,15,75,10,10,50,26,28,110,0,176,0,3,0,0,0,60,0,0,1,1,0,0,40,0,0,0,,/Game/Monsters/npc_771/npc_771/SkeletalMeshes/npc_771,LNPC0771
npc_772,772,Third Eye,0,0,95,20,100,10,10,55,28,31,108,0,177,0,3,0,0,0,60,0,0,1,1,0,0,40,0,0,0,,/Game/Monsters/npc_772/npc_772/SkeletalMeshes/npc_772,LNPC0771
npc_773,773,Third Eye,0,0,100,25,125,10,10,60,31,34,106,0,178,0,3,0,0,0,60,0,0,1,1,0,0,40,0,0,0,,/Game/Monsters/npc_773/npc_773/SkeletalMeshes/npc_773,LNPC0771
npc_774,774,Third Eye,0,0,105,30,150,10,10,65,34,37,104,0,179,0,3,0,0,0,60,0,0,1,1,0,0,40,0,0,0,,/Game/Monsters/npc_774/npc_774/SkeletalMeshes/npc_774,LNPC0771
npc_775,775,Third Eye,0,0,110,35,175,10,10,70,37,40,102,0,180,0,3,0,0,0,60,0,0,1,1,0,0,40,0,0,0,,/Game/Monsters/npc_775/npc_775/SkeletalMeshes/npc_775,LNPC0771
npc_778,778,Salamander Flame,0,0,90,30,2463,10,10,339,173,115,110,0,194,0,3,0,0,0,60,0,0,1,1,0,0,45,0,0,0,,/Game/Monsters/npc_778/npc_778/SkeletalMeshes/npc_778,LNPC0774
npc_779,779,Salamander Flame,0,0,100,30,2981,10,10,407,203,134,106,0,195,0,3,0,0,0,60,0,0,1,1,0,0,35,0,0,0,,/Game/Monsters/npc_779/npc_779/SkeletalMeshes/npc_779,LNPC0774
npc_780,780,Salamander Flame,0,0,110,30,3530,10,10,480,235,154,102,0,196,0,3,0,0,0,60,0,0,1,1,0,0,25,0,0,0,,/Game/Monsters/npc_780/npc_780/SkeletalMeshes/npc_780,LNPC0774
npc_781,781,Wizard Eye,0,0,100,25,125,10,10,999,999,999,110,0,170,0,3,0,0,0,60,0,0,1,1,0,0,50,0,0,0,,/Game/Monsters/npc_781/npc_781/SkeletalMeshes/npc_781,LNPC0772
npc_782,782,Wizard Eye,0,0,110,25,125,10,10,999,999,999,108,0,171,0,3,0,0,0,60,0,0,1,1,0,0,50,0,0,0,,/Game/Monsters/npc_782/npc_782/SkeletalMeshes/npc_782,LNPC0772
npc_783,783,Wizard Eye,0,0,120,25,125,10,10,999,999,999,106,0,172,0,3,0,0,0,60,0,0,1,1,0,0,50,0,0,0,,/Game/Monsters/npc_783/npc_783/SkeletalMeshes/npc_783,LNPC0772
npc_784,784,Wizard Eye,0,0,130,25,125,10,10,999,999,999,104,0,173,0,3,0,0,0,60,0,0,1,1,0,0,50,0,0,0,,/Game/Monsters/npc_784/npc_784/SkeletalMeshes/npc_784,LNPC0772
npc_785,785,Wizard Eye,0,0,140,25,125,10,10,999,999,999,102,0,174,0,3,0,0,0,60,0,0,1,1,0,0,50,0,0,0,,/Game/Monsters/npc_785/npc_785/SkeletalMeshes/npc_785,LNPC0772
npc_786,786,Twilight Flame,0,0,90,15,75,10,10,999,999,999,110,0,175,0,3,0,0,0,60,0,0,1,1,0,0,50,0,0,0,,/Game/Monsters/npc_786/npc_786/SkeletalMeshes/npc_786,LNPC0773
npc_787,787,Twilight Flame,0,0,95,20,100,10,10,999,999,999,108,0,175,0,3,0,0,0,60,0,0,1,1,0,0,50,0,0,0,,/Game/Monsters/npc_787/npc_787/SkeletalMeshes/npc_787,LNPC0773
npc_788,788,Twilight Flame,0,0,100,25,125,10,10,999,999,999,106,0,175,0,3,0,0,0,60,0,0,1,1,0,0,50,0,0,0,,/Game/Monsters/npc_788/npc_788/SkeletalMeshes/npc_788,LNPC0773
npc_789,789,Twilight Flame,0,0,105,30,150,10,10,999,999,999,104,0,175,0,3,0,0,0,60,0,0,1,1,0,0,50,0,0,0,,/Game/Monsters/npc_789/npc_789/SkeletalMeshes/npc_789,LNPC0773
npc_790,790,Twilight Flame,0,0,110,35,175,10,10,999,999,999,102,0,175,0,3,0,0,0,60,0,0,1,1,0,0,50,0,0,0,,/Game/Monsters/npc_790/npc_790/SkeletalMeshes/npc_790,LNPC0773
npc_791,791,Salamander Flame,0,0,90,18,90,10,10,50,28,31,110,0,187,0,3,0,0,0,60,0,0,1,1,0,0,50,0,0,0,,/Game/Monsters/npc_791/npc_791/SkeletalMeshes/npc_791,LNPC0774
npc_792,792,Salamander Flame,0,0,95,21,105,10,10,55,31,34,108,0,187,0,3,0,0,0,60,0,0,1,1,0,0,50,0,0,0,,/Game/Monsters/npc_792/npc_792/SkeletalMeshes/npc_792,LNPC0774
npc_793,793,Salamander Flame,0,0,100,24,120,10,10,60,34,37,106,0,187,0,3,0,0,0,60,0,0,1,1,0,0,50,0,0,0,,/Game/Monsters/npc_793/npc_793/SkeletalMeshes/npc_793,LNPC0774
npc_794,794,Salamander Flame,0,0,105,27,135,10,10,65,37,40,104,0,187,0,3,0,0,0,60,0,0,1,1,0,0,50,0,0,0,,/Game/Monsters/npc_794/npc_794/SkeletalMeshes/npc_794,LNPC0774
npc_795,795,Salamander Flame,0,0,110,30,150,10,10,70,41,43,102,0,187,0,3,0,0,0,60,0,0,1,1,0,0,50,0,0,0,,/Game/Monsters/npc_795/npc_795/SkeletalMeshes/npc_795,LNPC0774
npc_796,796,Mana Flame,0,0,90,30,4110,10,10,558,268,175,110,0,197,0,3,0,0,0,60,0,0,1,1,0,0,45,0,0,0,,/Game/Monsters/npc_796/npc_796/SkeletalMeshes/npc_796,LNPC0775
npc_797,797,Mana Flame,0,0,100,30,4718,10,10,642,305,196,106,0,198,0,3,0,0,0,60,0,0,1,1,0,0,35,0,0,0,,/Game/Monsters/npc_797/npc_797/SkeletalMeshes/npc_797,LNPC0775
npc_798,798,Mana Flame,0,0,110,30,5353,10,10,731,338,219,102,0,199,0,3,0,0,0,60,0,0,1,1,0,0,25,0,0,0,,/Game/Monsters/npc_798/npc_798/SkeletalMeshes/npc_798,LNPC0775
npc_801,801,Bonfire,0,0,90,30,360,10,10,50,41,43,110,0,151,0,3,0,0,0,100,0,0,0,1,0,0,35,0,0,0,,/Game/Monsters/npc_801/npc_801/SkeletalMeshes/npc_801,LNPC0801
npc_802,802,Bonfire,0,0,97,31,415,10,10,55,42,44,108,0,151,0,3,0,0,0,100,0,0,0,1,0,0,35,0,0,0,,/Game/Monsters/npc_802/npc_802/SkeletalMeshes/npc_802,LNPC0802
npc_803,803,Bonfire,0,0,104,32,470,10,10,60,43,46,106,0,152,0,3,0,0,0,100,0,0,0,1,0,0,36,0,0,0,,/Game/Monsters/npc_803/npc_803/SkeletalMeshes/npc_803,LNPC0803
npc_804,804,Bonfire,0,0,111,33,525,10,10,65,44,47,104,0,152,0,3,0,0,0,100,0,0,0,1,0,0,36,0,0,0,,/Game/Monsters/npc_804/npc_804/SkeletalMeshes/npc_804,LNPC0804
npc_805,805,Bonfire,0,0,118,34,580,10,10,70,45,48,102,0,153,0,3,0,0,0,100,0,0,0,1,0,0,37,0,0,0,,/Game/Monsters/npc_805/npc_805/SkeletalMeshes/npc_805,LNPC0805
npc_806,806,Bonfire,0,0,124,35,635,10,10,75,46,49,100,0,153,0,3,0,0,0,100,0,0,0,1,0,0,37,0,0,0,,/Game/Monsters/npc_806/npc_806/SkeletalMeshes/npc_806,LNPC0806
npc_807,807,Bonfire,0,0,130,36,690,10,10,80,47,50,98,0,153,0,3,0,0,0,100,0,0,0,1,0,0,38,0,0,0,,/Game/Monsters/npc_807/npc_807/SkeletalMeshes/npc_807,LNPC0807
npc_808,808,Bonfire,0,0,136,37,745,10,10,85,48,51,96,0,154,0,3,0,0,0,100,0,0,0,1,0,0,38,0,0,0,,/Game/Monsters/npc_808/npc_808/SkeletalMeshes/npc_808,LNPC0808
npc_809,809,Bonfire,0,0,142,38,800,10,10,90,49,52,94,0,154,0,3,0,0,0,100,0,0,0,1,0,0,39,0,0,0,,/Game/Monsters/npc_809/npc_809/SkeletalMeshes/npc_809,LNPC0809
npc_810,810,Bonfire,0,0,148,39,855,10,10,95,51,53,92,0,154,0,3,0,0,0,100,0,0,0,1,0,0,39,0,0,0,,/Game/Monsters/npc_810/npc_810/SkeletalMeshes/npc_810,LNPC0810
npc_811,811,ButterFly,200,450,90,46,1154,131,142,112,59,95,100,0,155,34,3,334,0,0,100,0,350,0,1,0,0,30,0,0,0,,/Game/Monsters/npc_811/npc_811/SkeletalMeshes/npc_811,LNPC0811
npc_812,812,ButterFly,210,470,96,47,1177,134,144,115,60,97,102,0,155,38,3,334,0,0,100,0,350,0,1,0,0,30,0,0,0,,/Game/Monsters/npc_812/npc_812/SkeletalMeshes/npc_812,LNPC0812
npc_813,813,ButterFly,220,490,102,48,1200,137,146,117,61,98,104,0,155,41,3,334,0,0,100,0,350,0,1,0,0,31,0,0,0,,/Game/Monsters/npc_813/npc_813/SkeletalMeshes/npc_813,LNPC0813
npc_814,814,ButterFly,230,510,108,49,1224,140,148,120,62,100,106,0,155,45,3,334,0,0,100,0,350,0,1,0,0,31,0,0,0,,/Game/Monsters/npc_814/npc_814/SkeletalMeshes/npc_814,LNPC0814
npc_815,815,ButterFly,240,530,114,50,1248,143,150,123,64,102,108,0,155,49,3,334,0,0,100,0,350,0,1,0,0,32,0,0,0,,/Game/Monsters/npc_815/npc_815/SkeletalMeshes/npc_815,LNPC0815
npc_816,816,ButterFly,250,550,120,51,1272,146,152,125,65,103,110,0,155,53,3,334,0,0,100,0,350,0,1,0,0,32,0,0,0,,/Game/Monsters/npc_816/npc_816/SkeletalMeshes/npc_816,LNPC0816
npc_817,817,ButterFly,260,570,126,52,1296,149,154,128,66,105,112,0,155,57,3,334,0,0,100,0,350,0,1,0,0,33,0,0,0,,/Game/Monsters/npc_817/npc_817/SkeletalMeshes/npc_817,LNPC0817
npc_818,818,ButterFly,270,590,132,53,1320,152,156,131,67,107,114,0,155,61,3,334,0,0,100,0,350,0,1,0,0,33,0,0,0,,/Game/Monsters/npc_818/npc_818/SkeletalMeshes/npc_818,LNPC0818
npc_819,819,ButterFly,280,610,138,54,1344,156,158,133,69,109,116,0,155,65,3,334,0,0,100,0,350,0,1,0,0,34,0,0,0,,/Game/Monsters/npc_819/npc_819/SkeletalMeshes/npc_819,LNPC0819
npc_820,820,ButterFly,290,630,144,55,1368,159,161,136,70,110,118,0,155,69,3,334,0,0,100,0,350,0,1,0,0,34,0,0,0,,/Game/Monsters/npc_820/npc_820/SkeletalMeshes/npc_820,LNPC0820
npc_821,821,PhantomSword,140,700,130,54,1542,190,166,141,58,62,100,0,156,71,3,0,0,0,100,0,250,0,2,0,0,40,0,0,0,,/Game/Monsters/npc_821/npc_821/SkeletalMeshes/npc_821,LNPC0821
npc_822,822,PhantomSword,144,710,135,55,1569,194,169,144,59,63,101,0,156,75,3,0,0,0,100,0,250,0,2,0,0,41,0,0,0,,/Game/Monsters/npc_822/npc_822/SkeletalMeshes/npc_822,LNPC0822
npc_823,823,PhantomSword,148,720,140,56,1595,198,171,147,60,64,102,0,156,78,3,0,0,0,100,0,250,0,2,0,0,42,0,0,0,,/Game/Monsters/npc_823/npc_823/SkeletalMeshes/npc_823,LNPC0823
npc_824,824,PhantomSword,152,730,145,57,1622,201,173,150,62,65,103,0,156,83,3,0,0,0,100,0,250,0,2,0,0,43,0,0,0,,/Game/Monsters/npc_824/npc_824/SkeletalMeshes/npc_824,LNPC0824
npc_825,825,PhantomSword,156,740,150,58,1649,205,175,153,63,66,104,0,156,89,3,0,0,0,100,0,250,0,2,0,0,44,0,0,0,,/Game/Monsters/npc_825/npc_825/SkeletalMeshes/npc_825,LNPC0825
npc_826,826,PhantomSword,160,750,155,59,1677,209,177,156,64,67,105,0,156,94,3,0,0,0,100,0,250,0,2,0,0,45,0,0,0,,/Game/Monsters/npc_826/npc_826/SkeletalMeshes/npc_826,LNPC0826
npc_827,827,PhantomSword,164,760,160,60,1704,213,179,159,65,68,106,0,156,99,3,0,0,0,100,0,250,0,2,0,0,46,0,0,0,,/Game/Monsters/npc_827/npc_827/SkeletalMeshes/npc_827,LNPC0827
npc_828,828,PhantomSword,168,770,165,61,1731,217,181,162,66,69,107,0,156,105,3,0,0,0,100,0,250,0,2,0,0,47,0,0,0,,/Game/Monsters/npc_828/npc_828/SkeletalMeshes/npc_828,LNPC0828
npc_829,829,PhantomSword,172,780,170,62,1759,221,184,165,67,70,108,0,156,111,3,0,0,0,100,0,250,0,2,0,0,48,0,0,0,,/Game/Monsters/npc_829/npc_829/SkeletalMeshes/npc_829,LNPC0829
npc_830,830,PhantomSword,176,790,175,64,1814,228,188,171,70,72,109,0,156,116,3,0,0,0,100,0,250,0,2,0,0,49,0,0,0,,/Game/Monsters/npc_830/npc_830/SkeletalMeshes/npc_830,LNPC0830
npc_831,831,Firegon,220,490,120,72,1919,237,219,193,90,107,100,1,157,117,3,1095,0,0,100,0,1200,0,1,0,0,60,0,0,0,,/Game/Monsters/npc_831/npc_831/SkeletalMeshes/npc_831,LNPC0831
npc_832,832,Firegon,226,502,125,73,1946,241,222,196,92,108,102,1,157,124,3,1095,0,0,100,0,1220,0,1,0,0,61,0,0,0,,/Game/Monsters/npc_832/npc_832/SkeletalMeshes/npc_832,LNPC0832
npc_833,833,Firegon,232,514,130,74,1974,245,224,199,93,110,104,1,157,127,3,1095,0,0,100,0,1240,0,1,0,0,62,0,0,0,,/Game/Monsters/npc_833/npc_833/SkeletalMeshes/npc_833,LNPC0833
npc_834,834,Firegon,238,526,135,75,2002,249,227,203,95,111,106,1,157,133,3,1095,0,0,100,0,1260,0,1,0,0,63,0,0,0,,/Game/Monsters/npc_834/npc_834/SkeletalMeshes/npc_834,LNPC0834
npc_835,835,Firegon,244,538,140,76,2030,252,229,206,96,112,108,1,157,143,3,1095,0,0,100,0,1270,0,1,0,0,64,0,0,0,,/Game/Monsters/npc_835/npc_835/SkeletalMeshes/npc_835,LNPC0835
npc_836,836,Firegon,250,550,144,77,2058,256,232,209,97,114,110,1,157,149,3,1095,0,0,100,0,1280,0,1,0,0,65,0,0,0,,/Game/Monsters/npc_836/npc_836/SkeletalMeshes/npc_836,LNPC0836
npc_837,837,Firegon,256,562,148,78,2086,260,234,213,99,115,112,1,157,156,3,1095,0,0,100,0,1290,0,1,0,0,66,0,0,0,,/Game/Monsters/npc_837/npc_837/SkeletalMeshes/npc_837,LNPC0837
npc_838,838,Firegon,262,574,152,79,2115,264,237,216,100,117,114,1,157,164,3,1095,0,0,100,0,1300,0,1,0,0,67,0,0,0,,/Game/Monsters/npc_838/npc_838/SkeletalMeshes/npc_838,LNPC0838
npc_839,839,Firegon,268,586,156,80,2143,267,239,220,102,118,116,1,157,171,3,1095,0,0,100,0,1310,0,1,0,0,68,0,0,0,,/Game/Monsters/npc_839/npc_839/SkeletalMeshes/npc_839,LNPC0839
npc_840,840,Firegon,274,598,160,82,2201,275,244,226,104,121,118,1,157,179,3,1095,0,0,100,0,1320,0,1,0,0,69,0,0,0,,/Game/Monsters/npc_840/npc_840/SkeletalMeshes/npc_840,LNPC0840
npc_841,841,Elemental,200,450,160,70,2303,250,215,208,99,89,100,0,158,36,3,0,0,0,100,0,300,0,2,0,0,80,0,0,0,,/Game/Monsters/npc_841/npc_841/SkeletalMeshes/npc_841,LNPC0841
npc_842,842,Elemental,207,464,166,71,2335,254,217,211,100,90,102,0,158,40,3,0,0,0,100,0,300,0,2,0,0,81,0,0,0,,/Game/Monsters/npc_842/npc_842/SkeletalMeshes/npc_842,LNPC0842
npc_843,843,Elemental,214,478,172,72,2367,258,220,214,102,91,104,0,158,45,3,0,0,0,100,0,300,0,2,0,0,82,0,0,0,,/Game/Monsters/npc_843/npc_843/SkeletalMeshes/npc_843,LNPC0843
npc_844,844,Elemental,221,492,178,73,2400,262,222,218,103,93,106,0,158,49,3,0,0,0,100,0,300,0,2,0,0,83,0,0,0,,/Game/Monsters/npc_844/npc_844/SkeletalMeshes/npc_844,LNPC0844
npc_845,845,Elemental,228,506,184,74,2432,266,225,222,105,94,108,0,158,53,3,0,0,0,100,0,300,0,2,0,0,84,0,0,0,,/Game/Monsters/npc_845/npc_845/SkeletalMeshes/npc_845,LNPC0845
npc_846,846,Elemental,235,520,190,75,2465,270,227,225,106,95,110,0,158,59,3,0,0,0,100,0,300,0,2,0,0,85,0,0,0,,/Game/Monsters/npc_846/npc_846/SkeletalMeshes/npc_846,LNPC0846
npc_847,847,Elemental,242,534,195,76,2498,274,229,229,108,96,112,0,158,63,3,0,0,0,100,0,300,0,2,0,0,86,0,0,0,,/Game/Monsters/npc_847/npc_847/SkeletalMeshes/npc_847,LNPC0847
npc_848,848,Elemental,249,548,200,77,2531,278,232,232,109,98,114,0,158,68,3,0,0,0,100,0,300,0,2,0,0,87,0,0,0,,/Game/Monsters/npc_848/npc_848/SkeletalMeshes/npc_848,LNPC0848
npc_849,849,Elemental,256,562,205,78,2564,282,234,236,111,99,116,0,158,74,3,0,0,0,100,0,300,0,2,0,0,88,0,0,0,,/Game/Monsters/npc_849/npc_849/SkeletalMeshes/npc_849,LNPC0849
npc_850,850,Elemental,263,576,210,80,2631,290,239,243,114,101,118,0,158,79,3,0,0,0,100,0,300,0,2,0,0,89,0,0,0,,/Game/Monsters/npc_850/npc_850/SkeletalMeshes/npc_850,LNPC0850
npc_851,851,Mercenary Warrior,225,500,102,55,1789,173,159,173,93,63,100,0,159,0,3,8,0,0,100,0,280,0,0,0,0,40,0,0,0,,/Game/Monsters/npc_851/npc_851/SkeletalMeshes/npc_851,LNPC0851
npc_852,852,Mercenary Warrior,231,512,107,56,1819,177,161,177,95,64,102,0,159,0,3,9,0,0,100,0,280,0,0,0,0,41,0,0,0,,/Game/Monsters/npc_852/npc_852/SkeletalMeshes/npc_852,LNPC0852
npc_853,853,Mercenary Warrior,237,524,112,57,1849,180,163,181,96,65,104,0,159,0,3,107,0,0,100,0,280,0,0,0,0,42,0,0,0,,/Game/Monsters/npc_853/npc_853/SkeletalMeshes/npc_853,LNPC0853
npc_854,854,Mercenary Warrior,243,536,117,58,1880,184,165,185,98,66,106,0,159,0,3,108,0,0,100,0,280,0,0,0,0,43,0,0,0,,/Game/Monsters/npc_854/npc_854/SkeletalMeshes/npc_854,LNPC0854
npc_855,855,Mercenary Warrior,249,548,122,59,1910,188,167,190,99,67,108,0,159,0,3,10,0,0,100,0,280,0,0,0,0,44,0,0,0,,/Game/Monsters/npc_855/npc_855/SkeletalMeshes/npc_855,LNPC0855
npc_856,856,Mercenary Warrior,255,560,126,60,1940,191,169,194,101,68,110,0,159,0,3,109,0,0,100,0,280,0,0,0,0,45,0,0,0,,/Game/Monsters/npc_856/npc_856/SkeletalMeshes/npc_856,LNPC0856
npc_857,857,Mercenary Warrior,261,572,130,61,1971,195,171,198,103,69,112,0,159,0,3,11,0,0,100,0,280,0,0,0,0,46,0,0,0,,/Game/Monsters/npc_857/npc_857/SkeletalMeshes/npc_857,LNPC0857
npc_858,858,Mercenary Warrior,267,584,134,62,2002,198,173,203,104,70,114,0,159,0,3,110,0,0,100,0,280,0,0,0,0,47,0,0,0,,/Game/Monsters/npc_858/npc_858/SkeletalMeshes/npc_858,LNPC0858
npc_859,859,Mercenary Warrior,273,596,138,63,2033,202,175,207,106,71,116,0,159,0,3,111,0,0,100,0,280,0,0,0,0,48,0,0,0,,/Game/Monsters/npc_859/npc_859/SkeletalMeshes/npc_859,LNPC0859
npc_860,860,Mercenary Warrior,279,608,142,65,2095,209,180,216,109,73,118,0,159,0,3,112,0,0,100,0,280,0,0,0,0,49,0,0,0,,/Game/Monsters/npc_860/npc_860/SkeletalMeshes/npc_860,LNPC0860
npc_861,861,Mercenary Hunter,230,510,104,64,1750,208,199,168,80,95,100,0,160,0,3,203,0,0,100,0,1550,0,1,0,0,50,0,0,0,,/Game/Monsters/npc_861/npc_861/SkeletalMeshes/npc_861,LNPC0861
npc_862,862,Mercenary Hunter,235,520,109,65,1778,212,202,171,81,97,102,0,160,0,3,203,0,0,100,0,1600,0,1,0,0,51,0,0,0,,/Game/Monsters/npc_862/npc_862/SkeletalMeshes/npc_862,LNPC0862
npc_863,863,Mercenary Hunter,240,530,114,66,1805,215,204,174,82,98,104,0,160,0,3,204,0,0,100,0,1650,0,1,0,0,52,0,0,0,,/Game/Monsters/npc_863/npc_863/SkeletalMeshes/npc_863,LNPC0863
npc_864,864,Mercenary Hunter,245,540,119,67,1833,219,207,177,84,99,106,0,160,0,3,204,0,0,100,0,1700,0,1,0,0,53,0,0,0,,/Game/Monsters/npc_864/npc_864/SkeletalMeshes/npc_864,LNPC0864
npc_865,865,Mercenary Hunter,250,550,124,68,1861,223,209,180,85,101,108,0,160,0,3,205,0,0,100,0,1750,0,1,0,0,54,0,0,0,,/Game/Monsters/npc_865/npc_865/SkeletalMeshes/npc_865,LNPC0865
npc_866,866,Mercenary Hunter,255,560,128,69,1889,226,212,183,86,102,110,0,160,0,3,205,0,0,100,0,1800,0,1,0,0,55,0,0,0,,/Game/Monsters/npc_866/npc_866/SkeletalMeshes/npc_866,LNPC0866
npc_867,867,Mercenary Hunter,260,570,132,70,1917,230,214,186,88,104,112,0,160,0,3,206,0,0,100,0,1850,0,1,0,0,56,0,0,0,,/Game/Monsters/npc_867/npc_867/SkeletalMeshes/npc_867,LNPC0867
npc_868,868,Mercenary Hunter,265,580,136,71,1945,234,217,190,89,105,114,0,160,0,3,207,0,0,100,0,1900,0,1,0,0,57,0,0,0,,/Game/Monsters/npc_868/npc_868/SkeletalMeshes/npc_868,LNPC0868
npc_869,869,Mercenary Hunter,270,590,140,72,1973,237,219,193,90,107,116,0,160,0,3,207,0,0,100,0,1950,0,1,0,0,58,0,0,0,,/Game/Monsters/npc_869/npc_869/SkeletalMeshes/npc_869,LNPC0869
npc_870,870,Mercenary Hunter,275,600,144,74,2030,245,224,199,93,110,118,0,160,0,3,208,0,0,100,0,2000,0,1,0,0,59,0,0,0,,/Game/Monsters/npc_870/npc_870/SkeletalMeshes/npc_870,LNPC0870
npc_871,871,Terror Knight,160,370,160,69,2000,224,183,190,84,71,100,0,161,0,3,112,0,0,100,0,300,0,2,0,0,76,0,0,0,,/Game/Monsters/npc_871/npc_871/SkeletalMeshes/npc_871,LNPC0871
npc_872,872,Terror Knight,165,380,166,71,2050,231,187,194,87,73,101,0,161,0,3,112,0,0,100,0,300,0,2,0,0,77,0,0,0,,/Game/Monsters/npc_872/npc_872/SkeletalMeshes/npc_872,LNPC0872
npc_873,873,Terror Knight,170,390,172,73,2100,238,192,198,90,76,102,0,161,0,3,112,0,0,100,0,300,0,2,0,0,78,0,0,0,,/Game/Monsters/npc_873/npc_873/SkeletalMeshes/npc_873,LNPC0873
npc_874,874,Terror Knight,175,400,178,75,2150,246,196,202,93,78,103,0,161,0,3,113,0,0,100,0,300,0,2,0,0,79,0,0,0,,/Game/Monsters/npc_874/npc_874/SkeletalMeshes/npc_874,LNPC0874
npc_875,875,Terror Knight,180,410,184,77,2200,253,200,206,95,80,104,0,161,0,3,113,0,0,100,0,300,0,2,0,0,80,0,0,0,,/Game/Monsters/npc_875/npc_875/SkeletalMeshes/npc_875,LNPC0875
npc_876,876,Terror Knight,185,420,190,79,2250,261,205,210,98,82,105,0,161,0,3,113,0,0,100,0,300,0,2,0,0,81,0,0,0,,/Game/Monsters/npc_876/npc_876/SkeletalMeshes/npc_876,LNPC0876
npc_877,877,Terror Knight,190,430,196,81,2300,268,209,214,101,84,106,0,161,0,3,113,0,0,100,0,300,0,2,0,0,82,0,0,0,,/Game/Monsters/npc_877/npc_877/SkeletalMeshes/npc_877,LNPC0877
npc_878,878,Terror Knight,195,440,202,83,2350,276,213,218,104,86,107,0,161,0,3,114,0,0,100,0,300,0,2,0,0,83,0,0,0,,/Game/Monsters/npc_878/npc_878/SkeletalMeshes/npc_878,LNPC0878
npc_879,879,Terror Knight,200,450,208,85,2400,284,218,222,107,89,108,0,161,0,3,114,0,0,100,0,300,0,2,0,0,84,0,0,0,,/Game/Monsters/npc_879/npc_879/SkeletalMeshes/npc_879,LNPC0879
npc_880,880,Terror Knight,205,460,214,88,2450,295,225,226,111,92,109,0,161,0,3,115,0,0,100,0,300,0,2,0,0,85,0,0,0,,/Game/Monsters/npc_880/npc_880/SkeletalMeshes/npc_880,LNPC0880
npc_881,881,Hawk,360,770,86,72,1379,244,247,182,123,174,110,0,162,0,3,0,0,0,100,0,180,0,1,0,0,26,0,0,0,,/Game/Monsters/npc_881/npc_881/SkeletalMeshes/npc_881,LNPC0881
npc_882,882,Hawk,368,786,90,73,1399,247,250,186,125,176,112,0,162,0,3,0,0,0,100,0,180,0,1,0,0,26,0,0,0,,/Game/Monsters/npc_882/npc_882/SkeletalMeshes/npc_882,LNPC0881
npc_883,883,Hawk,376,802,94,74,1420,251,252,189,127,179,114,0,162,0,3,0,0,0,100,0,180,0,1,0,0,26,0,0,0,,/Game/Monsters/npc_883/npc_883/SkeletalMeshes/npc_883,LNPC0881
npc_884,884,Hawk,384,818,98,75,1440,255,255,192,129,182,116,0,162,0,3,0,0,0,100,0,180,0,1,0,0,26,0,0,0,,/Game/Monsters/npc_884/npc_884/SkeletalMeshes/npc_884,LNPC0881
npc_885,885,Hawk,392,834,102,76,1461,259,258,195,131,185,118,0,162,0,3,0,0,0,100,0,180,0,1,0,0,26,0,0,0,,/Game/Monsters/npc_885/npc_885/SkeletalMeshes/npc_885,LNPC0881
npc_886,886,Hawk,400,850,106,77,1482,263,261,198,133,188,120,0,162,0,3,0,0,0,100,0,180,0,1,0,0,26,0,0,0,,/Game/Monsters/npc_886/npc_886/SkeletalMeshes/npc_886,LNPC0881
npc_887,887,Hawk,408,866,110,78,1502,267,263,201,134,191,122,0,162,0,3,0,0,0,100,0,180,0,1,0,0,26,0,0,0,,/Game/Monsters/npc_887/npc_887/SkeletalMeshes/npc_887,LNPC0881
npc_888,888,Hawk,416,882,114,79,1523,270,266,205,136,194,124,0,162,0,3,0,0,0,100,0,180,0,1,0,0,26,0,0,0,,/Game/Monsters/npc_888/npc_888/SkeletalMeshes/npc_888,LNPC0881
npc_889,889,Hawk,424,898,118,80,1544,274,269,208,138,197,126,0,162,0,3,0,0,0,100,0,180,0,1,0,0,26,0,0,0,,/Game/Monsters/npc_889/npc_889/SkeletalMeshes/npc_889,LNPC0881
npc_890,890,Hawk,432,914,122,82,1587,282,274,214,142,0,128,0,162,0,3,0,0,0,60,0,180,1,1,0,0,26,0,0,0,,/Game/Monsters/npc_890/npc_890/SkeletalMeshes/npc_890,LNPC0889
npc_891,891,Beast,230,510,100,200,2000,256,203,194,78,0,110,0,163,0,3,0,0,0,60,0,200,1,0,0,0,50,0,0,0,,/Game/Monsters/npc_891/npc_891/SkeletalMeshes/npc_891,LNPC0891
npc_892,892,Beast,235,520,110,202,2000,200,206,197,79,0,110,0,163,0,3,0,0,0,60,0,200,1,1,0,0,50,0,0,0,,/Game/Monsters/npc_892/npc_892/SkeletalMeshes/npc_892,LNPC0892
npc_893,893,Beast,240,530,120,205,2000,300,500,500,1000,300,110,0,163,0,3,0,0,0,60,0,200,1,1,0,0,50,0,0,0,,/Game/Monsters/npc_893/npc_893/SkeletalMeshes/npc_893,LNPC0893
npc_894,894,Beast,240,530,130,208,2000,420,500,600,1000,300,110,0,163,0,3,0,0,0,60,0,200,1,1,0,0,50,0,0,0,,/Game/Monsters/npc_894/npc_894/SkeletalMeshes/npc_894,LNPC0894
npc_895,895,Beast,250,550,140,210,2000,430,500,700,1000,300,110,0,163,0,3,0,0,0,60,0,200,1,1,0,0,50,0,0,0,,/Game/Monsters/npc_895/npc_895/SkeletalMeshes/npc_895,LNPC0895
npc_896,896,Beast,270,570,140,212,2000,440,500,800,1000,300,110,0,163,0,3,0,0,0,60,0,200,1,1,0,0,50,0,0,0,,/Game/Monsters/npc_896/npc_896/SkeletalMeshes/npc_896,LNPC0896
npc_897,897,Beast,280,580,140,214,2000,450,500,900,1000,300,110,0,163,0,3,0,0,0,60,0,200,1,1,0,0,50,0,0,0,,/Game/Monsters/npc_897/npc_897/SkeletalMeshes/npc_897,LNPC0897
npc_898,898,Beast,290,590,140,216,2500,460,500,1000,1000,300,110,0,163,0,3,0,0,0,60,0,200,1,1,0,0,50,0,0,0,,/Game/Monsters/npc_898/npc_898/SkeletalMeshes/npc_898,LNPC0898
npc_899,899,Beast,300,600,150,220,2600,500,500,1200,1000,400,130,0,163,0,3,0,0,0,60,0,300,1,1,0,0,50,0,0,0,,/Game/Monsters/npc_899/npc_899/SkeletalMeshes/npc_899,LNPC0899
npc_901,901,Jelly Bean,170,390,65,26,980,80,81,87,36,36,80,0,165,0,3,0,0,0,100,0,200,0,1,0,0,27,0,0,0,,/Game/Monsters/npc_901/npc_901/SkeletalMeshes/npc_901,LNPC0901
npc_902,902,JellyNut,180,410,80,28,960,94,100,86,32,36,90,0,165,0,3,0,0,0,100,0,230,0,1,0,0,28,0,0,0,,/Game/Monsters/npc_902/npc_902/SkeletalMeshes/npc_902,LNPC0902
npc_903,903,Choropy,160,240,45,27,1058,81,80,100,46,35,90,0,165,0,3,0,0,0,100,0,200,0,1,0,0,27,0,0,0,,/Game/Monsters/npc_903/npc_903/SkeletalMeshes/npc_903,LNPC0903
npc_904,904,Pumpkin,200,260,60,30,918,90,86,80,41,83,90,0,165,0,3,0,0,0,100,0,200,0,2,0,0,28,0,0,0,,/Game/Monsters/npc_904/npc_904/SkeletalMeshes/npc_904,LNPC0904
npc_905,905,Dalping,150,200,85,42,1343,131,122,133,52,66,80,0,166,0,3,1071,0,0,100,0,1200,0,2,0,0,30,0,0,0,,/Game/Monsters/npc_905/npc_905/SkeletalMeshes/npc_905,LNPC0905
npc_906,906,HoneyBee,220,300,65,32,1201,100,92,104,43,42,80,0,165,0,3,0,0,0,100,0,200,0,1,0,0,28,0,0,0,,/Game/Monsters/npc_906/npc_906/SkeletalMeshes/npc_906,LNPC0906
npc_907,907,Hornet,260,360,88,38,1308,128,119,113,41,45,80,0,166,0,3,0,0,0,100,0,250,0,1,0,0,29,0,0,0,,/Game/Monsters/npc_907/npc_907/SkeletalMeshes/npc_907,LNPC0907
npc_908,908,Pomic,170,390,95,35,1315,110,97,112,46,45,100,0,165,0,3,1011,0,0,100,0,300,0,2,0,0,29,0,0,0,,/Game/Monsters/npc_908/npc_908/SkeletalMeshes/npc_908,LNPC0908
npc_909,909,Pomic Soldier,180,410,100,36,1236,121,115,107,39,43,100,0,166,0,3,1031,0,0,100,0,350,0,0,0,0,29,0,0,0,,/Game/Monsters/npc_909/npc_909/SkeletalMeshes/npc_909,LNPC0909
npc_910,910,Beetle,190,380,80,41,1603,127,105,143,63,48,90,0,165,0,3,0,0,0,100,0,200,0,2,0,0,30,0,0,0,,/Game/Monsters/npc_910/npc_910/SkeletalMeshes/npc_910,LNPC0910
npc_911,911,Turtle,180,410,100,45,1710,144,116,142,58,56,110,0,166,0,3,0,0,0,100,0,200,0,2,0,0,30,0,0,0,,/Game/Monsters/npc_911/npc_911/SkeletalMeshes/npc_911,LNPC0911
npc_912,912,Crack,170,390,80,39,1470,123,104,124,51,50,90,0,166,0,3,0,0,0,100,0,250,0,2,0,0,29,0,0,0,,/Game/Monsters/npc_912/npc_912/SkeletalMeshes/npc_912,LNPC0912
npc_913,913,Rackie,145,330,100,44,1473,160,116,119,56,57,90,0,167,0,3,1005,0,0,100,0,300,0,1,0,0,30,0,0,0,,/Game/Monsters/npc_913/npc_913/SkeletalMeshes/npc_913,LNPC0913
npc_914,914,Woopie,160,370,100,38,1431,120,103,121,49,48,90,0,166,0,3,1003,0,0,100,0,350,0,1,0,0,29,0,0,0,,/Game/Monsters/npc_914/npc_914/SkeletalMeshes/npc_914,LNPC0914
npc_915,915,Moldie,180,410,120,53,2109,168,127,184,80,61,100,0,166,0,3,0,0,0,100,0,250,0,1,0,0,31,0,0,0,,/Game/Monsters/npc_915/npc_915/SkeletalMeshes/npc_915,LNPC0915
npc_916,916,Krawfy,195,440,120,74,2745,265,193,230,82,84,110,0,167,0,3,0,0,0,100,0,350,0,2,0,0,35,0,0,0,,/Game/Monsters/npc_916/npc_916/SkeletalMeshes/npc_916,LNPC0916
npc_917,917,Porkie,170,390,100,50,1979,158,121,174,76,57,100,0,166,0,3,0,0,0,100,0,250,0,1,0,0,31,0,0,0,,/Game/Monsters/npc_917/npc_917/SkeletalMeshes/npc_917,LNPC0917
npc_918,918,Grunter,185,420,135,56,1992,194,155,167,60,64,100,0,166,0,3,131,0,0,100,0,350,0,0,0,0,32,0,0,0,,/Game/Monsters/npc_918/npc_918/SkeletalMeshes/npc_918,LNPC0918
npc_919,919,Grunter Leader,220,490,185,65,2736,234,186,213,91,83,110,0,167,0,3,1021,0,0,100,0,500,0,0,0,0,33,0,0,0,,/Game/Monsters/npc_919/npc_919/SkeletalMeshes/npc_919,LNPC0919
npc_920,920,Kaiman,200,450,170,70,2572,249,184,215,77,79,100,0,167,0,3,104,0,0,100,0,350,0,1,0,0,34,0,0,0,,/Game/Monsters/npc_920/npc_920/SkeletalMeshes/npc_920,LNPC0920
npc_921,921,Doonga,200,400,160,67,2781,218,158,210,73,69,90,0,166,0,3,0,0,0,100,0,250,0,1,0,0,34,0,0,0,,/Game/Monsters/npc_921/npc_921/SkeletalMeshes/npc_921,LNPC0921
npc_922,922,Doonga Warrior,200,450,150,72,2981,238,165,257,108,81,95,0,167,0,3,1004,0,0,100,0,350,0,0,0,0,34,0,0,0,,/Game/Monsters/npc_922/npc_922/SkeletalMeshes/npc_922,LNPC0922
npc_923,923,Doonga Captain,230,510,220,79,3430,291,218,268,112,100,110,0,167,0,3,134,303,0,100,0,500,0,0,0,0,36,0,0,0,,/Game/Monsters/npc_923/npc_923/SkeletalMeshes/npc_923,LNPC0923
npc_924,924,Jewel Golem,250,500,260,62,2593,222,179,202,87,79,80,0,167,0,3,0,0,0,100,0,250,0,2,0,0,33,0,0,0,,/Game/Monsters/npc_924/npc_924/SkeletalMeshes/npc_924,LNPC0924
npc_925,925,Aqua Guarder,180,410,115,48,1894,151,118,167,73,55,95,0,167,0,3,1035,0,0,100,0,350,0,1,0,0,31,0,0,0,,/Game/Monsters/npc_925/npc_925/SkeletalMeshes/npc_925,LNPC0925
npc_926,926,Clown,260,550,130,59,2304,195,143,189,75,72,100,0,166,0,3,0,0,0,100,0,350,0,1,0,0,32,0,0,0,,/Game/Monsters/npc_926/npc_926/SkeletalMeshes/npc_926,LNPC0926
npc_927,927,Candle Ghost,190,450,30,62,2380,202,165,199,103,94,100,0,166,0,3,0,0,0,100,0,350,0,1,0,0,33,0,0,0,,/Game/Monsters/npc_927/npc_927/SkeletalMeshes/npc_927,LNPC0927
npc_928,928,Goblin Worker,180,410,110,62,2437,206,149,199,79,75,100,0,166,0,3,1015,0,0,100,0,260,0,1,0,0,33,0,0,0,,/Game/Monsters/npc_928/npc_928/SkeletalMeshes/npc_928,LNPC0928
npc_929,929,Goblin Guarder,210,470,140,75,3036,256,176,248,97,91,100,0,166,0,3,38,2,0,100,0,300,0,0,0,0,35,0,0,0,,/Game/Monsters/npc_929/npc_929/SkeletalMeshes/npc_929,LNPC0929
npc_930,930,Goblin Warrior,215,480,150,78,2817,295,184,228,101,97,100,0,166,0,3,169,0,0,100,0,350,0,0,0,0,35,0,0,0,,/Game/Monsters/npc_930/npc_930/SkeletalMeshes/npc_930,LNPC0930
npc_931,931,Slag,250,560,135,82,2768,321,191,224,170,132,100,0,166,0,3,0,0,0,100,0,350,0,1,0,0,30,0,0,0,,/Game/Monsters/npc_931/npc_931/SkeletalMeshes/npc_931,LNPC0931
npc_932,932,Lunar Wolf,230,570,160,87,3125,353,236,266,145,116,100,0,167,0,3,0,0,0,100,0,250,0,1,0,0,32,0,0,0,,/Game/Monsters/npc_932/npc_932/SkeletalMeshes/npc_932,LNPC0932
npc_933,933,Yeti,220,550,180,91,3932,361,238,328,153,122,100,0,168,0,3,1008,0,0,100,0,300,0,1,0,0,35,0,0,0,,/Game/Monsters/npc_933/npc_933/SkeletalMeshes/npc_933,LNPC0933
npc_934,934,Yeti Hunter,210,530,175,94,4089,374,265,311,158,140,100,0,168,0,3,1017,0,0,100,0,1600,0,1,0,0,38,0,0,0,,/Game/Monsters/npc_934/npc_934/SkeletalMeshes/npc_934,LNPC0934
npc_935,935,Yeti Guard,225,560,190,97,4385,382,252,383,164,130,100,0,169,0,3,1008,304,0,100,0,300,0,0,0,0,41,0,0,0,,/Game/Monsters/npc_935/npc_935/SkeletalMeshes/npc_935,LNPC0935
npc_936,936,Yeti Rider,280,650,200,100,4409,401,260,367,170,135,100,0,168,0,3,1036,0,0,100,0,300,0,0,0,0,45,0,0,0,,/Game/Monsters/npc_936/npc_936/SkeletalMeshes/npc_936,LNPC0936
npc_937,937,Goblin King,310,730,240,104,7461,454,275,375,160,133,100,0,167,0,3,173,0,0,100,0,300,0,0,0,0,45,0,0,0,,/Game/Monsters/npc_937/npc_937/SkeletalMeshes/npc_937,LNPC0937
npc_938,938,Cherry Blossom Smouly,300,600,160,70,1886,295,215,191,90,87,100,0,169,0,3,1074,0,0,60,0,1400,1,1,0,0,35,0,0,0,,/Game/Monsters/npc_938/npc_938/SkeletalMeshes/npc_938,LNPC0938
npc_939,939,Goddess Arua,450,750,100,200,9999,300,300,300,300,300,100,0,91,0,3,0,0,0,60,0,250,1,0,0,0,35,0,0,0,,/Game/Monsters/npc_939/npc_939/SkeletalMeshes/npc_939,LNPC0939
npc_940,940,Goddess Arua,450,750,40,200,9999,300,300,300,300,300,100,0,91,0,3,0,0,0,60,0,250,1,0,0,0,35,0,0,0,,/Game/Monsters/npc_940/npc_940/SkeletalMeshes/npc_940,
npc_941,941,Lucky Ghost,1,1,500,1,1,1,1,1,1,1,1,1,478,1,314,0,0,0,80,0,200,11,2,0,0,0,0,0,0,,/Game/Monsters/npc_941/npc_941/SkeletalMeshes/npc_941,LNPC0941
npc_943,943,Mummy,220,550,170,245,80,2500,3000,2500,1000,800,120,0,443,1500,512,0,0,0,60,0,200,1,1,0,370,0,0,0,0,,/Game/Monsters/npc_943/npc_943/SkeletalMeshes/npc_943,LNPC0943
npc_944,944,Mummy Ranger,220,550,170,245,80,2500,3000,2500,1000,800,120,0,453,1500,513,1041,0,0,60,0,500,1,1,0,370,0,0,0,0,,/Game/Monsters/npc_944/npc_944/SkeletalMeshes/npc_944,LNPC0944
npc_945,945,Mummy Soldier,220,550,170,245,80,2500,3000,2500,1000,800,120,0,450,1500,514,0,0,0,60,0,200,1,1,0,370,0,0,0,0,,/Game/Monsters/npc_945/npc_945/SkeletalMeshes/npc_945,LNPC0945
npc_946,946,Mummy Commander,220,550,170,245,80,2500,3000,2500,1000,800,120,0,450,1500,512,117,0,0,60,0,200,1,1,0,370,0,0,0,0,,/Game/Monsters/npc_946/npc_946/SkeletalMeshes/npc_946,LNPC0946
npc_947,947,Mummy King,220,550,170,245,80,2500,3000,2500,1500,1100,150,1,449,2000,515,374,0,0,60,0,350,1,1,0,370,0,0,0,0,,/Game/Monsters/npc_947/npc_947/SkeletalMeshes/npc_947,LNPC0947
npc_948,948,Mammy,0,0,0,0,0,0,0,0,0,0,0,0,0,0,0,0,0,0,0,0,0,0,0,0,0,0,0,0,0,,/Game/Monsters/npc_948/npc_948/SkeletalMeshes/npc_948,LNPC0948
npc_949,949,Mammy Soldier,250,500,170,245,80,2800,3500,3000,1000,800,120,0,449,1600,512,0,0,0,60,0,350,1,1,0,370,0,0,0,0,,/Game/Monsters/npc_949/npc_949/SkeletalMeshes/npc_949,LNPC0949
npc_950,950,Mammy Ranger,250,500,170,245,80,2800,3500,3000,1000,800,120,0,453,1600,513,689,0,0,60,0,750,1,1,0,370,0,0,0,0,,/Game/Monsters/npc_950/npc_950/SkeletalMeshes/npc_950,LNPC0950
npc_951,951,Mammy Mystic,250,500,170,245,80,2800,3000,3000,1000,800,120,0,453,1600,514,752,0,0,60,0,350,1,1,0,370,0,0,0,0,,/Game/Monsters/npc_951/npc_951/SkeletalMeshes/npc_951,LNPC0951
npc_952,952,Mammy Queen,250,500,450,245,80,3500,3000,3000,1500,1100,120,1,449,2000,515,748,0,0,60,0,350,1,1,0,370,0,0,0,0,,/Game/Monsters/npc_952/npc_952/SkeletalMeshes/npc_952,LNPC0952
npc_953,953,Clay Golem,250,500,180,245,80,2800,3000,3000,1000,800,120,0,62,1600,512,0,0,0,100,0,350,2,1,0,370,0,0,0,0,,/Game/Monsters/npc_953/npc_953/SkeletalMeshes/npc_953,LNPC0953
npc_954,954,Sand Golem,250,500,180,245,80,2800,3000,3000,1000,800,120,0,62,1600,513,0,0,0,100,0,350,2,1,0,370,0,0,0,0,,/Game/Monsters/npc_954/npc_954/SkeletalMeshes/npc_954,LNPC0954
npc_955,955,Iron Golem,250,500,180,245,80,2800,3000,3000,1000,800,120,0,62,1600,514,0,0,0,100,0,350,2,1,0,370,0,0,0,0,,/Game/Monsters/npc_955/npc_955/SkeletalMeshes/npc_955,LNPC0955
npc_956,956,Boulder Golem,250,500,180,245,80,3000,3000,3000,1000,800,120,0,62,1600,512,0,0,0,100,0,350,2,1,0,370,0,0,0,0,,/Game/Monsters/npc_956/npc_956/SkeletalMeshes/npc_956,LNPC0956
npc_957,957,Lava Golem,250,500,450,245,80,3500,3000,3000,1500,1100,120,0,62,2000,515,0,0,0,100,0,350,8,1,0,370,0,0,0,0,,/Game/Monsters/npc_957/npc_957/SkeletalMeshes/npc_957,LNPC0957
npc_958,958,Stone Jackal Guardian,250,500,220,245,80,2800,3000,3000,1000,800,120,0,346,1600,512,789,0,0,100,0,340,4,1,0,370,0,0,0,0,,/Game/Monsters/npc_958/npc_958/SkeletalMeshes/npc_958,LNPC0958
npc_959,959,Stone Falcon Guardian,250,500,200,245,80,2800,3000,3000,1000,800,120,0,27,1600,513,721,0,0,100,0,350,6,1,0,370,0,0,0,0,,/Game/Monsters/npc_959/npc_959/SkeletalMeshes/npc_959,LNPC0959
npc_960,960,Stone Berserker Guardian,250,500,250,245,80,2800,3000,3000,1000,800,120,0,117,1600,514,687,0,0,100,0,350,2,1,0,370,0,0,0,0,,/Game/Monsters/npc_960/npc_960/SkeletalMeshes/npc_960,LNPC0960
npc_961,961,Stone Moongate Guardian,250,500,250,245,80,3500,3000,3000,1000,800,120,0,117,1600,512,693,202,0,100,0,350,8,1,0,370,0,0,0,0,,/Game/Monsters/npc_961/npc_961/SkeletalMeshes/npc_961,LNPC0961
npc_962,962,Arcane Priest Hathor,250,500,450,245,100,4000,3000,4000,1500,1100,120,0,451,2000,515,0,0,0,100,0,350,10,1,0,370,0,0,0,0,,/Game/Monsters/npc_962/npc_962/SkeletalMeshes/npc_962,LNPC0962
npc_963,963,Arcane King Khaldun,250,500,450,245,100,4000,3000,4000,1500,1100,120,0,451,2000,515,0,0,0,100,0,450,11,1,0,370,0,0,0,0,,/Game/Monsters/npc_963/npc_963/SkeletalMeshes/npc_963,LNPC0963
npc_965,965,Metal Moldy,180,410,120,255,1,1,1,1,1,1,1,0,166,0,3,0,0,0,60,0,250,1,1,0,0,31,0,0,0,,/Game/Monsters/npc_965/npc_965/SkeletalMeshes/npc_965,LNPC0965
npc_966,966,?????? ??,310,730,240,250,7461,800,275,800,800,133,100,0,430,100,3,0,0,0,100,0,300,11,0,0,0,45,0,0,0,,/Game/Monsters/npc_966/npc_966/SkeletalMeshes/npc_966,LNPC0966
npc_969,969,[Designer] Marina,0,0,120,10,100000,100,100,10000,10000,100000,100,0,0,29,70,0,0,0,0,0,200,999,0,0,0,0,0,0,0,,/Game/Monsters/npc_969/npc_969/SkeletalMeshes/npc_969,LNPC0969
npc_970,970,[Apprentice Designer] Chloe,0,0,120,10,100000,100,100,10000,10000,100000,100,0,0,29,70,0,0,0,0,0,200,999,0,0,0,0,0,0,0,,/Game/Monsters/npc_970/npc_970/SkeletalMeshes/npc_970,LNPC0970
npc_971,971,[Blacksmith] Brad,0,0,120,10,100000,100,100,10000,10000,100000,100,0,0,29,70,0,0,0,0,0,200,999,0,0,0,559,560,0,0,,/Game/Monsters/npc_971/npc_971/SkeletalMeshes/npc_971,LNPC0971
npc_972,972,[Atlantis Survivor] Antenora,0,0,120,10,100000,100,100,10000,10000,100000,100,0,0,29,70,0,0,0,0,0,200,999,0,0,0,0,0,0,0,,/Game/Monsters/npc_972/npc_972/SkeletalMeshes/npc_972,LNPC0972
npc_973,973,[Aquarian Prophet] Juno,0,0,120,10,100000,100,100,10000,10000,100000,100,0,0,29,70,0,0,0,0,0,200,999,0,0,0,0,0,0,0,,/Game/Monsters/npc_973/npc_973/SkeletalMeshes/npc_973,LNPC0973
npc_974,974,[Elder Sage] Bethany,0,0,120,10,100000,100,100,10000,10000,100000,100,0,0,29,70,0,0,0,0,0,200,999,0,0,0,0,0,0,0,,/Game/Monsters/npc_974/npc_974/SkeletalMeshes/npc_974,LNPC0974
npc_975,975,[Multitasker] Heather,0,0,120,10,100000,100,100,10000,10000,100000,100,0,0,29,70,0,0,0,0,0,200,999,0,0,0,471,0,0,0,,/Game/Monsters/npc_975/npc_975/SkeletalMeshes/npc_975,LNPC0975
npc_976,976,[Guard Dog] Luke,0,0,120,10,100000,100,100,10000,10000,100000,100,0,236,29,70,0,0,0,0,0,200,999,0,0,0,0,0,0,0,,/Game/Monsters/npc_976/npc_976/SkeletalMeshes/npc_976,LNPC0976
npc_977,977,[Gypsy Food Seller] Rivec,0,0,120,10,100000,100,100,10000,10000,100000,100,0,0,29,70,0,0,0,0,0,200,999,0,0,0,551,0,0,0,,/Game/Monsters/npc_977/npc_977/SkeletalMeshes/npc_977,LNPC0977
npc_979,979,[Job Master] Prince,0,0,120,10,100,100,100,100,100,100,100,0,0,29,70,0,0,0,0,0,200,999,0,0,0,547,548,549,550,,/Game/Monsters/npc_979/npc_979/SkeletalMeshes/npc_979,LNPC0979
npc_980,980,[letsPLAY] Scalar,0,0,120,10,100,100,100,100,100,100,100,0,0,29,70,190,0,0,0,0,200,999,0,0,0,0,0,0,0,,/Game/Monsters/npc_980/npc_980/SkeletalMeshes/npc_980,LNPC0980
npc_981,981,[letsPLAY] HEROLOCKO,0,0,120,10,100,100,100,100,100,100,100,0,0,29,70,913,28,0,0,0,200,999,0,0,0,0,0,0,0,,/Game/Monsters/npc_981/npc_981/SkeletalMeshes/npc_981,LNPC0981
npc_982,982,[letsPLAY] kyojin,0,0,120,10,100,100,100,100,100,100,100,0,0,29,70,629,0,0,0,0,200,999,0,0,0,0,0,0,0,,/Game/Monsters/npc_982/npc_982/SkeletalMeshes/npc_982,LNPC0982
npc_983,983,[letsPLAY] lVle,0,0,120,10,100,100,100,100,100,100,100,0,0,29,70,638,106,0,0,0,200,999,0,0,0,0,0,0,0,,/Game/Monsters/npc_983/npc_983/SkeletalMeshes/npc_983,LNPC0983
npc_984,984,[letsPLAY] Mitch,0,0,120,10,100,100,100,100,100,100,100,0,0,29,70,926,27,0,0,0,200,999,0,0,0,0,0,0,0,,/Game/Monsters/npc_984/npc_984/SkeletalMeshes/npc_984,LNPC0984
npc_985,985,[letsPLAY] Handro,0,0,120,10,100,100,100,100,100,100,100,0,0,29,70,924,0,0,0,0,200,999,0,0,0,0,0,0,0,,/Game/Monsters/npc_985/npc_985/SkeletalMeshes/npc_985,LNPC0985
npc_986,986,[letsPLAY] i07,0,0,120,10,100,100,100,100,100,100,100,0,0,29,70,896,108,0,0,0,200,999,0,0,0,0,0,0,0,,/Game/Monsters/npc_986/npc_986/SkeletalMeshes/npc_986,LNPC0986
npc_987,987,[letsPLAY] GoogleChrome,0,0,120,10,100,100,100,100,100,100,100,0,0,29,70,962,0,0,0,0,200,999,0,0,0,0,0,0,0,,/Game/Monsters/npc_987/npc_987/SkeletalMeshes/npc_987,LNPC0987
npc_988,988,[letsPLAY] xAvellalove,0,0,120,10,100,100,100,100,100,100,100,0,0,29,70,888,0,0,0,0,200,999,0,0,0,111,110,0,0,,/Game/Monsters/npc_988/npc_988/SkeletalMeshes/npc_988,LNPC0988
npc_989,989,[Tata] Lino,0,0,120,10,100,100,100,100,100,100,100,0,0,29,70,912,29,0,0,0,200,999,0,0,0,0,0,0,0,,/Game/Monsters/npc_989/npc_989/SkeletalMeshes/npc_989,LNPC0989
npc_990,990,Epitaph Stone,0,0,100,250,300,300,300,300,300,300,300,0,0,0,0,0,0,0,0,0,100,999,0,0,0,541,0,0,0,,/Game/Monsters/npc_990/npc_990/SkeletalMeshes/npc_990,LNPC0990
npc_991,991,????????,200,250,30,19,734,58,69,69,29,29,100,0,281,0,0,0,0,0,0,0,0,0,1,0,0,0,0,0,0,,/Game/Monsters/npc_991/npc_991/SkeletalMeshes/npc_991,
npc_992,992,Christmas Tree,0,0,65,30,2000,10,10,300,300,40,100,0,282,0,0,1073,0,0,0,0,10,0,1,0,0,30,0,0,0,,/Game/Monsters/npc_992/npc_992/SkeletalMeshes/npc_992,LNPC0992
npc_993,993,????????,200,250,40,19,734,58,69,69,29,29,100,0,284,0,0,0,0,0,0,0,0,1,1,0,0,0,0,0,0,,/Game/Monsters/npc_993/npc_993/SkeletalMeshes/npc_993,
npc_994,994,Easter Bunny,50,400,70,30,1000,10,10,1000,10,10,100,0,481,0,0,0,0,0,0,0,0,1,1,0,0,50,0,0,0,,/Game/Monsters/npc_994/npc_994/SkeletalMeshes/npc_994,LNPC0574
npc_995,995,Easter Egg,50,400,30,30,1000,10,10,1000,10,10,100,0,481,0,0,0,0,0,0,0,0,1,1,0,0,50,0,0,0,,/Game/Monsters/npc_995/npc_995/SkeletalMeshes/npc_995,LNPC0575
npc_996,996,Moss Golem,200,350,250,150,13000000,2000,332,790,579,239,100,1,476,2000,0,0,0,0,0,0,200,11,2,0,342,0,0,0,0,,/Game/Monsters/npc_996/npc_996/SkeletalMeshes/npc_996,LNPC0573
npc_997,997,Nepenthes,200,350,250,150,13000000,2000,332,790,579,239,100,1,477,2000,0,0,0,0,0,0,200,11,2,0,342,0,0,0,0,,/Game/Monsters/npc_997/npc_997/SkeletalMeshes/npc_997,LNPC0521
npc_998,998,Turak,200,350,60,190,1,1,1,1,1,1,1,1,478,100,5,1112,0,0,0,0,200,11,2,0,342,0,0,0,0,,/Game/Monsters/npc_998/npc_998/SkeletalMeshes/npc_998,LNPC0558
npc_999,999,Luffy,0,0,120,10,100,100,100,100,100,100,100,0,0,29,70,912,29,0,0,0,200,999,0,0,0,0,0,0,0,,/Game/Monsters/npc_999/npc_999/SkeletalMeshes/npc_999,LNPC0999
npc_1000,1000,xey,0,0,120,10,100,100,100,100,100,100,100,0,0,29,70,481,0,0,0,0,200,999,0,0,0,0,0,0,0,,/Game/Monsters/npc_1000/npc_1000/SkeletalMeshes/npc_1000,LNPC1000
npc_1001,1001,[Village Chief] Cornell,0,0,120,10,100,100,100,100,100,100,100,0,204,29,70,0,0,0,0,0,200,999,0,0,0,0,0,0,0,,/Game/Monsters/npc_1001/npc_1001/SkeletalMeshes/npc_1001,LNPC1001
npc_1002,1002,[Akram Kingdom Minister] Warren,0,0,120,10,100,100,100,100,100,100,100,0,0,36,54,0,0,0,0,0,200,999,0,0,0,0,0,0,0,,/Game/Monsters/npc_1002/npc_1002/SkeletalMeshes/npc_1002,LNPC1002
npc_1003,1003,[Co-Founder of the Junon Order] Francis,0,0,120,10,100,100,100,100,100,100,100,0,0,25,59,0,0,0,0,0,200,999,0,0,0,0,0,0,0,,/Game/Monsters/npc_1003/npc_1003/SkeletalMeshes/npc_1003,LNPC1003
npc_1004,1004,[Ferrell Guild Staff] Crow,0,0,120,10,100,100,100,100,100,100,100,0,0,37,57,0,0,0,0,0,200,999,0,0,0,0,0,0,0,,/Game/Monsters/npc_1004/npc_1004/SkeletalMeshes/npc_1004,LNPC1004
npc_1005,1005,[Righteous Crusader] Leonard,0,0,120,10,100,100,100,100,100,100,100,0,0,35,55,0,0,0,0,0,200,999,0,0,0,217,218,219,0,,/Game/Monsters/npc_1005/npc_1005/SkeletalMeshes/npc_1005,LNPC1005
npc_1006,1006,[Arumic Merchant] Tryteh,0,0,130,10,100,100,100,100,100,100,100,0,0,32,56,0,0,0,0,0,200,999,0,0,0,221,222,223,0,,/Game/Monsters/npc_1006/npc_1006/SkeletalMeshes/npc_1006,LNPC1006
npc_1007,1007,[Gypsy Jewel Seller] Mina,0,0,130,10,100,100,100,100,100,100,100,0,0,39,58,0,0,0,0,0,200,999,0,0,0,225,224,0,0,,/Game/Monsters/npc_1007/npc_1007/SkeletalMeshes/npc_1007,LNPC1007
npc_1008,1008,[Weapon Seller] Raffle,0,0,130,10,100,100,100,100,100,100,100,0,205,35,65,0,0,0,0,0,200,999,0,0,0,229,230,231,232,,/Game/Monsters/npc_1008/npc_1008/SkeletalMeshes/npc_1008,LNPC1008
npc_1009,1009,[Armor Seller] Carrion,0,0,130,10,100,100,100,100,100,100,100,0,0,41,66,0,0,0,0,0,200,999,0,0,0,233,234,235,236,,/Game/Monsters/npc_1009/npc_1009/SkeletalMeshes/npc_1009,LNPC1009
npc_1010,1010,[Designer] Keenu,0,0,120,10,100,100,100,100,100,100,100,0,207,30,67,0,0,0,0,0,200,999,0,0,0,237,238,239,240,,/Game/Monsters/npc_1010/npc_1010/SkeletalMeshes/npc_1010,LNPC1010
npc_1011,1011,[Eccentric Inventor] Spero,0,0,110,10,100,100,100,100,100,100,100,0,0,41,68,0,0,0,0,0,200,999,0,0,0,241,0,0,0,,/Game/Monsters/npc_1011/npc_1011/SkeletalMeshes/npc_1011,LNPC1011
npc_1012,1012,[Ferrell Guild Staff] Ulysses,0,0,120,10,100,100,100,100,100,100,100,0,0,33,57,0,0,0,0,0,200,999,0,0,0,245,0,0,248,,/Game/Monsters/npc_1012/npc_1012/SkeletalMeshes/npc_1012,LNPC1012
npc_1013,1013,[Tavern Owner] Sharlin,0,0,130,10,100,100,100,100,100,100,100,0,208,42,69,0,0,0,0,0,200,999,0,0,0,249,0,0,0,,/Game/Monsters/npc_1013/npc_1013/SkeletalMeshes/npc_1013,LNPC1013
npc_1014,1014,[Guide] Lena,0,0,130,10,100,100,100,100,100,100,100,0,0,34,72,0,0,0,0,0,200,999,0,0,0,0,0,0,0,,/Game/Monsters/npc_1014/npc_1014/SkeletalMeshes/npc_1014,LNPC1014
npc_1015,1015,[Resident] Luth,0,0,120,10,100,100,100,100,100,100,100,0,0,37,71,0,0,0,0,0,200,999,0,0,0,0,0,0,0,,/Game/Monsters/npc_1015/npc_1015/SkeletalMeshes/npc_1015,LNPC1015
npc_1016,1016,[Livestock Farmer] Lampa,0,0,120,10,100,100,100,100,100,100,100,0,0,0,73,0,0,0,0,0,200,999,0,0,0,0,0,0,0,,/Game/Monsters/npc_1016/npc_1016/SkeletalMeshes/npc_1016,LNPC1016
npc_1017,1017,[Teleporter] Selladin,0,0,130,10,100000,100000,100000,100000,100000,100000,100000,0,534,0,56,0,0,0,0,0,200,999,0,0,0,221,222,223,0,,/Game/Monsters/npc_1017/npc_1017/SkeletalMeshes/npc_1017,LNPC1017
npc_1018,1018,[Cornell's Grandson] Cheney,0,0,120,10,100,100,100,100,100,100,100,0,209,0,56,0,0,0,0,0,200,999,0,0,0,0,0,0,0,,/Game/Monsters/npc_1018/npc_1018/SkeletalMeshes/npc_1018,LNPC1018
npc_1019,1019,[Lena's Sister] Shirley,0,0,80,10,100,100,100,100,100,100,100,0,210,0,56,0,0,0,0,0,200,999,0,0,0,0,0,0,0,,/Game/Monsters/npc_1019/npc_1019/SkeletalMeshes/npc_1019,LNPC1019
npc_1020,1020,[Keenu's Daughter] Arisa,0,0,80,10,100,100,100,100,100,100,100,0,211,0,56,0,0,0,0,0,200,999,0,0,0,0,0,0,0,,/Game/Monsters/npc_1020/npc_1020/SkeletalMeshes/npc_1020,LNPC1020
npc_1021,1021,[Boy in the Hut]Huey,120,300,120,10,100,100,100,100,100,100,100,0,201,0,73,0,0,0,0,0,200,999,0,0,0,307,0,0,0,,/Game/Monsters/npc_1021/npc_1021/SkeletalMeshes/npc_1021,LNPC1021
npc_1022,1022,Blue,0,0,200,255,2000,260,300,2500,2500,80,130,0,529,0,0,0,0,0,0,0,350,0,2,2223,0,0,0,0,0,,/Game/Monsters/npc_1022/npc_1022/SkeletalMeshes/npc_1022,LNPC1022
npc_1023,1023,Green,0,0,200,255,2000,260,300,2500,2500,80,130,0,530,0,0,0,0,0,0,0,350,0,2,2223,0,0,0,0,0,,/Game/Monsters/npc_1023/npc_1023/SkeletalMeshes/npc_1023,LNPC1023
npc_1024,1024,Red,0,0,200,255,2000,260,300,2500,2500,80,130,0,531,0,0,0,0,0,0,0,350,0,2,2223,0,0,0,0,0,,/Game/Monsters/npc_1024/npc_1024/SkeletalMeshes/npc_1024,LNPC1024
npc_1025,1025,Yellow,0,0,200,255,2000,260,300,2500,2500,80,130,0,532,0,0,0,0,0,0,0,350,0,2,2223,0,0,0,0,0,,/Game/Monsters/npc_1025/npc_1025/SkeletalMeshes/npc_1025,LNPC1025
npc_1026,1026,[Destruction Prophet] Fengalon,0,0,150,250,100000,100000,100000,100000,100000,100000,250,0,0,0,57,0,0,0,0,0,200,999,0,0,0,0,0,0,0,,/Game/Monsters/npc_1026/npc_1026/SkeletalMeshes/npc_1026,LNPC1026
npc_1027,1027,[Hate Prophet] Grudiev,0,0,150,250,100000,100000,100000,100000,100000,100000,250,0,0,0,57,0,0,0,0,0,200,999,0,0,0,0,0,0,0,,/Game/Monsters/npc_1027/npc_1027/SkeletalMeshes/npc_1027,LNPC1027
npc_1028,1028,[Wraith Prophet] Lucied,0,0,150,250,100000,100000,100000,100000,100000,100000,250,0,0,0,57,0,0,0,0,0,200,999,0,0,0,0,0,0,0,,/Game/Monsters/npc_1028/npc_1028/SkeletalMeshes/npc_1028,LNPC1028
npc_1029,1029,[Solar Prophet] Moor Gault,0,0,150,250,100000,100000,100000,100000,100000,100000,250,0,0,0,57,0,0,0,0,0,200,999,0,0,0,0,0,0,0,,/Game/Monsters/npc_1029/npc_1029/SkeletalMeshes/npc_1029,LNPC1029
npc_1030,1030,[Visitor Guide] Arua's Fairy,0,0,80,10,100,100,100,100,100,100,100,0,0,0,72,0,0,0,0,0,200,999,0,0,0,307,0,0,0,,/Game/Monsters/npc_1030/npc_1030/SkeletalMeshes/npc_1030,LNPC1030
npc_1031,1031,[Visitor Guide] Ronway,0,0,120,10,100,100,100,100,100,100,100,0,0,0,72,0,0,0,0,0,200,999,0,0,0,291,0,0,0,,/Game/Monsters/npc_1031/npc_1031/SkeletalMeshes/npc_1031,LNPC1031
npc_1032,1032,[Akram Minister] Mairard,0,0,120,10,100,100,100,100,100,100,100,0,0,0,54,0,0,0,0,0,200,999,0,0,0,0,0,0,0,,/Game/Monsters/npc_1032/npc_1032/SkeletalMeshes/npc_1032,LNPC1032
npc_1033,1033,[Righteous Crusader] Port,0,0,120,10,100,100,100,100,100,100,100,0,0,0,55,0,0,0,0,0,200,999,0,0,0,0,0,0,0,,/Game/Monsters/npc_1033/npc_1033/SkeletalMeshes/npc_1033,LNPC1033
npc_1034,1034,[Smith] Ronk,0,0,130,10,100,100,100,100,100,100,100,0,0,0,65,0,0,0,0,0,200,999,0,0,0,303,304,305,0,,/Game/Monsters/npc_1034/npc_1034/SkeletalMeshes/npc_1034,LNPC1034
npc_1035,1035,[Little Kid] Pony,120,300,120,10,100,100,100,100,100,100,100,0,201,0,73,0,0,0,0,0,200,999,0,0,0,307,308,0,0,,/Game/Monsters/npc_1035/npc_1035/SkeletalMeshes/npc_1035,LNPC1035
npc_1036,1036,[Ferrell Guild Staff] Seyon,0,0,120,10,100,100,100,100,100,100,100,0,0,0,57,0,0,0,0,0,200,999,0,0,0,311,0,0,0,,/Game/Monsters/npc_1036/npc_1036/SkeletalMeshes/npc_1036,LNPC1036
npc_1037,1037,[Old Fisherman] Myad,0,0,120,10,100,100,100,100,100,100,100,0,0,0,71,0,0,0,0,0,200,999,0,0,0,0,0,0,0,,/Game/Monsters/npc_1037/npc_1037/SkeletalMeshes/npc_1037,LNPC1037
npc_1038,1038,[Village Chief] Gray,0,0,120,10,100,100,100,100,100,100,100,0,0,0,70,0,0,0,0,0,200,999,0,0,0,0,0,0,0,,/Game/Monsters/npc_1038/npc_1038/SkeletalMeshes/npc_1038,LNPC1038
npc_1039,1039,[Fruit Store] Reene,0,0,115,10,100,100,100,100,100,100,100,0,0,0,69,0,0,0,0,0,200,999,0,0,0,323,0,0,0,,/Game/Monsters/npc_1039/npc_1039/SkeletalMeshes/npc_1039,LNPC1039
npc_1040,1040,[Novice Designer] Cassirin,0,0,120,10,100,100,100,100,100,100,100,0,0,0,67,0,0,0,0,0,200,999,0,0,0,327,0,0,0,,/Game/Monsters/npc_1040/npc_1040/SkeletalMeshes/npc_1040,LNPC1040
npc_1041,1041,[Old Man] Myad,0,0,120,10,100,100,100,100,100,100,100,0,0,0,71,0,0,0,0,0,200,999,0,0,0,0,0,0,0,,/Game/Monsters/npc_1041/npc_1041/SkeletalMeshes/npc_1041,LNPC1041
npc_1042,1042,[Ferrell Guild Staff] Fabrizio,0,0,120,10,100,100,100,100,100,100,100,0,0,0,57,0,0,0,0,0,200,999,0,0,0,0,0,0,0,,/Game/Monsters/npc_1042/npc_1042/SkeletalMeshes/npc_1042,LNPC1042
npc_1043,1043,[Mysterious Man] Osiris,0,0,120,10,100,100,100,100,100,100,100,0,0,0,57,0,0,0,0,0,200,999,0,0,0,0,0,0,0,,/Game/Monsters/npc_1043/npc_1043/SkeletalMeshes/npc_1043,LNPC1043
npc_1044,1044,[Captain] Ruven,0,0,120,10,100,100,100,100,100,100,100,0,0,0,57,0,0,0,0,0,200,999,0,0,0,0,0,0,0,,/Game/Monsters/npc_1044/npc_1044/SkeletalMeshes/npc_1044,LNPC1044
npc_1045,1045,[Wisdom Guardian] Fandral,0,0,140,10,100,100,100,100,100,100,100,0,0,0,57,0,0,0,0,0,200,999,0,0,0,0,0,0,0,,/Game/Monsters/npc_1045/npc_1045/SkeletalMeshes/npc_1045,LNPC1045
npc_1046,1046,[Soldier] Berton,0,0,120,10,100,100,100,100,100,100,100,0,0,0,71,162,0,0,0,0,200,999,0,0,0,0,0,0,0,,/Game/Monsters/npc_1046/npc_1046/SkeletalMeshes/npc_1046,LNPC1046
npc_1047,1047,[Soldier] Kahil,0,0,120,10,100,100,100,100,100,100,100,0,0,0,71,162,0,0,0,0,200,999,0,0,0,0,0,0,0,,/Game/Monsters/npc_1047/npc_1047/SkeletalMeshes/npc_1047,LNPC1047
npc_1048,1048,Ancient Guardian,0,0,180,10,100,100,100,100,100,100,100,0,0,0,71,0,0,0,0,0,200,999,0,0,0,0,0,0,0,,/Game/Monsters/npc_1048/npc_1048/SkeletalMeshes/npc_1048,LNPC1048
npc_1049,1049,Salamander Flame,0,0,110,10,100,100,100,100,100,100,100,0,0,0,0,0,0,0,0,0,200,999,0,0,0,0,0,0,0,,/Game/Monsters/npc_1049/npc_1049/SkeletalMeshes/npc_1049,LNPC0774
npc_1050,1050,Firelord,300,770,270,110,40,682,323,407,298,231,108,0,346,2000,0,119,0,0,60,0,300,4,0,0,390,0,0,0,0,OroFlame,/Game/Monsters/npc_1050/npc_1050/SkeletalMeshes/npc_1050,LNPC1050
npc_1051,1051,[Arumic Resercher] Lutis,0,0,120,10,100,100,100,100,100,100,100,0,0,0,56,0,0,0,0,0,200,999,0,0,0,0,0,0,0,,/Game/Monsters/npc_1051/npc_1051/SkeletalMeshes/npc_1051,LNPC1051
npc_1052,1052,[Mountain Guide] Shannon,0,0,120,10,100,100,100,100,100,100,100,0,0,0,72,0,0,0,0,0,200,999,0,0,0,0,0,0,0,,/Game/Monsters/npc_1052/npc_1052/SkeletalMeshes/npc_1052,LNPC1052
npc_1053,1053,[Cleric] Karitte,0,0,120,10,100,100,100,100,100,100,100,0,0,0,72,0,0,0,0,0,200,999,0,0,0,0,0,0,0,,/Game/Monsters/npc_1053/npc_1053/SkeletalMeshes/npc_1053,LNPC1053
npc_1055,1055,[Station Guide] Gilbert,0,0,120,10,100,100,100,100,100,100,100,0,0,0,57,0,0,0,0,0,200,999,0,0,0,0,0,0,0,,/Game/Monsters/npc_1055/npc_1055/SkeletalMeshes/npc_1055,LNPC1055
npc_1056,1056,[Historian] Quintis,0,0,0,0,0,0,0,0,0,0,0,0,0,0,0,0,0,0,0,0,0,0,0,0,0,0,0,0,0,,/Game/Monsters/npc_1056/npc_1056/SkeletalMeshes/npc_1056,
npc_1061,1061,[Ferrell Guild Staff] Belz,0,0,120,10,100,100,100,100,100,100,100,0,0,0,57,0,0,0,0,0,200,999,0,0,0,382,0,0,0,,/Game/Monsters/npc_1061/npc_1061/SkeletalMeshes/npc_1061,LNPC1061
npc_1062,1062,[Smith] Punwell,0,0,130,10,100,100,100,100,100,100,100,0,0,0,66,0,0,0,0,0,200,999,0,0,0,386,387,0,0,,/Game/Monsters/npc_1062/npc_1062/SkeletalMeshes/npc_1062,LNPC1062
npc_1063,1063,[Little Street Vendor] Mile,0,0,120,10,100,100,100,100,100,100,100,0,0,0,73,0,0,0,0,0,200,999,0,0,0,390,0,0,0,,/Game/Monsters/npc_1063/npc_1063/SkeletalMeshes/npc_1063,LNPC1063
npc_1064,1064,[Weapon Craftsman] Mairath,0,0,130,10,100,100,100,100,100,100,100,0,0,0,65,0,0,0,0,0,200,999,0,0,0,394,395,0,397,,/Game/Monsters/npc_1064/npc_1064/SkeletalMeshes/npc_1064,LNPC1064
npc_1066,1066,[Mysterious Old Man] Orephus,0,0,120,10,100,100,100,100,100,100,100,0,622,0,69,0,0,0,0,0,200,999,0,0,0,0,0,0,0,,/Game/Monsters/npc_1066/npc_1066/SkeletalMeshes/npc_1066,LNPC1066
npc_1067,1067,[Manufacturer] Celena,0,0,110,10,100,100,100,100,100,100,100,0,538,0,69,0,0,0,0,0,200,999,0,0,0,0,0,0,0,,/Game/Monsters/npc_1067/npc_1067/SkeletalMeshes/npc_1067,LNPC1067
npc_1071,1071,[Ferrell Guild Merchant] Lina,0,0,120,10,100,100,100,100,100,100,100,0,0,0,57,0,0,0,0,0,200,999,0,0,0,422,533,0,0,,/Game/Monsters/npc_1071/npc_1071/SkeletalMeshes/npc_1071,LNPC1071
npc_1072,1072,[Gypsy Merchant] Methio,0,0,130,10,100,100,100,100,100,100,100,0,0,0,58,0,0,0,0,0,200,999,0,0,0,0,0,0,429,,/Game/Monsters/npc_1072/npc_1072/SkeletalMeshes/npc_1072,LNPC1072
npc_1073,1073,[Ikaness Staff] Orias,0,0,130,10,100,100,100,100,100,100,100,0,0,0,60,0,0,0,0,0,200,999,0,0,0,0,0,0,433,,/Game/Monsters/npc_1073/npc_1073/SkeletalMeshes/npc_1073,LNPC1073
npc_1081,1081,[Mayor] Darren,0,0,120,10,100,100,100,100,100,100,100,0,0,0,70,0,0,0,0,0,200,999,0,0,0,462,464,466,468,,/Game/Monsters/npc_1081/npc_1081/SkeletalMeshes/npc_1081,LNPC1081
npc_1082,1082,[Guide] Eva,0,0,130,10,100,100,100,100,100,100,100,0,0,0,72,0,0,0,0,0,200,999,0,0,0,0,0,0,0,,/Game/Monsters/npc_1082/npc_1082/SkeletalMeshes/npc_1082,LNPC1082
npc_1083,1083,[Akram King] Loderic,0,0,120,10,100,100,100,100,100,100,100,0,0,0,54,0,0,0,0,0,200,999,0,0,0,0,0,0,0,,/Game/Monsters/npc_1083/npc_1083/SkeletalMeshes/npc_1083,LNPC1083
npc_1084,1084,[Akram Minister] Gamp,0,0,120,10,100000,10000,100,100,100000,100000,100,0,215,0,54,0,0,0,0,0,200,999,0,0,0,462,0,0,0,,/Game/Monsters/npc_1084/npc_1084/SkeletalMeshes/npc_1084,LNPC1084
npc_1085,1085,[Akram Minister] Nell,0,0,120,10,100,100,100,100,100,100,100,0,216,0,54,0,0,0,0,0,200,999,0,0,0,464,0,0,0,,/Game/Monsters/npc_1085/npc_1085/SkeletalMeshes/npc_1085,LNPC1085
npc_1086,1086,[Akram Minister] Rodath,0,0,120,10,100,100,100,100,100,100,100,0,0,0,54,0,0,0,0,0,200,999,0,0,0,466,0,0,0,,/Game/Monsters/npc_1086/npc_1086/SkeletalMeshes/npc_1086,LNPC1086
npc_1087,1087,[Akram Minister] Mel,0,0,120,10,100,100,100,100,100,100,100,0,0,0,54,0,0,0,0,0,200,999,0,0,0,468,0,0,0,,/Game/Monsters/npc_1087/npc_1087/SkeletalMeshes/npc_1087,LNPC1087
npc_1088,1088,[Founder of Junon Order] Raw,0,0,120,10,100,100,100,100,100,100,100,0,218,0,59,0,0,0,0,0,200,999,0,0,0,0,0,0,0,,/Game/Monsters/npc_1088/npc_1088/SkeletalMeshes/npc_1088,LNPC1088
npc_1089,1089,[Manager of Ferrell] Arothel,0,0,120,10,100,100,100,100,100,100,100,0,219,0,57,0,0,0,0,0,200,999,0,0,0,0,0,0,0,,/Game/Monsters/npc_1089/npc_1089/SkeletalMeshes/npc_1089,LNPC1089
npc_1090,1090,[Righteous Crusader] Gawain,0,0,120,10,100,100,100,100,100,100,100,0,220,0,55,0,0,0,0,0,200,999,0,0,0,0,0,0,0,,/Game/Monsters/npc_1090/npc_1090/SkeletalMeshes/npc_1090,LNPC1090
npc_1091,1091,[Arumic Merchant] Chester,0,0,130,10,100,100,100,100,100,100,100,0,221,0,56,0,0,0,0,0,200,999,0,0,0,470,471,507,508,,/Game/Monsters/npc_1091/npc_1091/SkeletalMeshes/npc_1091,LNPC1091
npc_1092,1092,[Gypsy Jewel Seller] Bellia,0,0,130,10,100,100,100,100,100,100,100,0,222,0,58,0,0,0,0,0,200,999,0,0,0,474,103,104,0,,/Game/Monsters/npc_1092/npc_1092/SkeletalMeshes/npc_1092,LNPC1092
npc_1093,1093,[Weapon Merchant] Crune,0,0,130,10,100,100,100,100,100,100,100,0,0,0,65,0,0,0,0,0,200,999,0,0,0,478,479,480,481,,/Game/Monsters/npc_1093/npc_1093/SkeletalMeshes/npc_1093,LNPC1093
npc_1094,1094,[Armor Merchant] Saki,0,0,130,10,100,100,100,100,100,100,100,0,0,0,66,0,0,0,0,0,200,999,0,0,0,482,483,484,485,,/Game/Monsters/npc_1094/npc_1094/SkeletalMeshes/npc_1094,LNPC1094
npc_1095,1095,[Designer] Lisa,0,0,120,10,100,100,100,100,100,100,100,0,0,0,67,0,0,0,0,0,200,999,0,0,0,486,487,488,489,,/Game/Monsters/npc_1095/npc_1095/SkeletalMeshes/npc_1095,LNPC1095
npc_1096,1096,[Ferrell Guild Merchant] Mildun,0,0,120,10,100,100,100,100,100,100,100,0,0,0,57,0,0,0,0,0,200,999,0,0,0,490,491,0,0,,/Game/Monsters/npc_1096/npc_1096/SkeletalMeshes/npc_1096,LNPC1096
npc_1097,1097,[Tavern Owner] Harin,0,0,130,10,100,100,100,100,100,100,100,0,0,0,69,0,0,0,0,0,200,999,0,0,0,494,517,518,519,,/Game/Monsters/npc_1097/npc_1097/SkeletalMeshes/npc_1097,LNPC1097
npc_1098,1098,[Ferrell Guild Staff] Kiroth,0,0,120,10,100,100,100,100,100,100,100,0,223,0,57,0,0,0,0,0,200,999,0,0,0,498,0,0,0,,/Game/Monsters/npc_1098/npc_1098/SkeletalMeshes/npc_1098,LNPC1098
npc_1099,1099,[Ferrell Guild Staff] Hayen,0,0,120,10,100,100,100,100,100,100,100,0,224,0,57,0,0,0,0,0,200,999,0,0,0,0,0,0,0,,/Game/Monsters/npc_1099/npc_1099/SkeletalMeshes/npc_1099,LNPC1099
npc_1100,1100,[Ferrell Guild Staff] Itz,0,0,120,10,100,100,100,100,100,100,100,0,225,0,57,0,0,0,0,0,200,999,0,0,0,0,0,0,0,,/Game/Monsters/npc_1100/npc_1100/SkeletalMeshes/npc_1100,LNPC1100
npc_1101,1101,[Little Street Vendor] Tom,0,0,120,10,100,100,100,100,100,100,100,0,0,0,73,0,0,0,0,0,200,999,0,0,0,0,0,0,0,,/Game/Monsters/npc_1101/npc_1101/SkeletalMeshes/npc_1101,LNPC1101
npc_1102,1102,[Little Street Vendor] Jerry,0,0,120,10,100,100,100,100,100,100,100,0,0,0,73,0,0,0,0,0,200,999,0,0,0,0,0,0,0,,/Game/Monsters/npc_1102/npc_1102/SkeletalMeshes/npc_1102,LNPC1102
npc_1103,1103,[Poet] Dante,0,0,120,10,100,100,100,100,100,100,100,0,0,0,71,0,0,0,0,0,200,999,0,0,0,0,0,0,0,,/Game/Monsters/npc_1103/npc_1103/SkeletalMeshes/npc_1103,LNPC1103
npc_1104,1104,[Historian] Jones,0,0,120,10,100,100,100,100,100,100,100,0,226,0,71,0,0,0,0,0,200,999,0,0,0,0,0,0,0,,/Game/Monsters/npc_1104/npc_1104/SkeletalMeshes/npc_1104,LNPC1104
npc_1105,1105,[Resident] Blue,0,0,120,10,100,100,100,100,100,100,100,0,0,0,71,0,0,0,0,0,200,999,0,0,0,0,0,0,0,,/Game/Monsters/npc_1105/npc_1105/SkeletalMeshes/npc_1105,LNPC1105
npc_1106,1106,[Resident] Mint,0,0,120,10,100,100,100,100,100,100,100,0,0,0,71,0,0,0,0,0,200,999,0,0,0,0,0,0,0,,/Game/Monsters/npc_1106/npc_1106/SkeletalMeshes/npc_1106,LNPC1106
npc_1107,1107,[Livestock Farmer] Sicru,0,0,120,10,100,100,100,100,100,100,100,0,0,0,73,0,0,0,0,0,200,999,0,0,0,0,0,0,0,,/Game/Monsters/npc_1107/npc_1107/SkeletalMeshes/npc_1107,LNPC1107
npc_1109,1109,[Elder of Junon Order] Gorthein,0,0,120,10,100,100,100,100,100,100,100,0,227,0,59,0,0,0,1,0,200,999,0,0,0,454,452,451,445,,/Game/Monsters/npc_1109/npc_1109/SkeletalMeshes/npc_1109,LNPC1109
npc_1110,1110,[Ferrell Guild Staff] Charrs,0,0,120,10,100,100,100,100,100,100,100,0,228,0,73,0,0,0,5,0,200,999,0,0,0,460,452,449,446,,/Game/Monsters/npc_1110/npc_1110/SkeletalMeshes/npc_1110,LNPC1110
npc_1111,1111,[Righteous Crusader] Huffe,0,0,120,10,100,100,100,100,100,100,100,0,229,0,55,0,0,0,3,0,200,999,0,0,0,456,452,447,445,,/Game/Monsters/npc_1111/npc_1111/SkeletalMeshes/npc_1111,LNPC1111
npc_1112,1112,[Arumic Researcher] Carasia,0,0,130,10,100,100,100,100,100,100,100,0,230,0,56,0,0,0,4,0,200,999,0,0,0,458,452,448,445,,/Game/Monsters/npc_1112/npc_1112/SkeletalMeshes/npc_1112,LNPC1112
npc_1113,1113,[Referee] Leum,0,0,120,10,100,100,100,100,100,100,100,0,231,0,70,162,0,0,0,0,200,999,0,0,0,0,0,0,0,,/Game/Monsters/npc_1113/npc_1113/SkeletalMeshes/npc_1113,LNPC1113
npc_1114,1114,[Referee] Pirre,0,0,120,10,100,100,100,100,100,100,100,0,232,0,70,0,161,0,0,0,200,999,0,0,0,0,0,0,0,,/Game/Monsters/npc_1114/npc_1114/SkeletalMeshes/npc_1114,LNPC1114
npc_1115,1115,[Clan Owner] Burtland,0,0,120,10,100,100,100,100,100,100,100,0,0,0,70,0,0,0,0,0,200,999,0,0,0,0,0,0,0,,/Game/Monsters/npc_1115/npc_1115/SkeletalMeshes/npc_1115,LNPC1115
npc_1116,1116,[Soldier] Odelo,0,0,120,10,100,100,100,100,100,100,100,0,0,0,71,162,0,0,0,0,200,999,0,0,0,0,0,0,0,,/Game/Monsters/npc_1116/npc_1116/SkeletalMeshes/npc_1116,LNPC1116
npc_1117,1117,[Soldier] Winters,0,0,120,10,100,100,100,100,100,100,100,0,0,0,71,0,161,0,0,0,200,999,0,0,0,0,0,0,0,,/Game/Monsters/npc_1117/npc_1117/SkeletalMeshes/npc_1117,LNPC1117
npc_1118,1118,[Guide] Alphonso,0,0,120,10,100,100,100,100,100,100,100,0,0,0,73,0,0,0,0,0,200,999,0,0,0,0,0,0,0,,/Game/Monsters/npc_1118/npc_1118/SkeletalMeshes/npc_1118,LNPC1118
npc_1119,1119,[Teleporter] Idiosel,0,0,130,10,100,100,100,100,100,100,100,0,0,0,56,0,0,0,0,0,200,999,0,0,0,221,222,223,0,,/Game/Monsters/npc_1119/npc_1119/SkeletalMeshes/npc_1119,LNPC1119
npc_1120,1120,,0,0,0,0,0,0,0,0,0,0,0,0,0,0,0,0,0,0,0,0,0,0,0,0,0,0,0,0,0,,/Game/Monsters/npc_1120/npc_1120/SkeletalMeshes/npc_1120,
npc_1121,1121,[Ikaness Staff] Shroon,0,0,130,10,100,100,100,100,100,100,100,0,0,0,60,0,0,0,0,0,200,999,0,0,0,0,0,0,0,,/Game/Monsters/npc_1121/npc_1121/SkeletalMeshes/npc_1121,LNPC1121
npc_1122,1122,[Guide of Plain] Pein,0,0,120,10,100,100,100,100,100,100,100,0,0,0,72,0,0,0,0,0,200,999,0,0,0,0,0,0,0,,/Game/Monsters/npc_1122/npc_1122/SkeletalMeshes/npc_1122,LNPC1122
npc_1123,1123,[Gypsy Seller] Edone,0,0,130,10,100,100,100,100,100,100,100,0,0,0,58,0,0,0,0,0,200,999,0,0,0,0,0,0,0,,/Game/Monsters/npc_1123/npc_1123/SkeletalMeshes/npc_1123,LNPC1123
npc_1124,1124,,0,0,0,0,0,0,0,0,0,0,0,0,0,0,0,0,0,0,0,0,0,0,0,0,0,0,0,0,0,,/Game/Monsters/npc_1124/npc_1124/SkeletalMeshes/npc_1124,
npc_1125,1125,[Royal Prince] Osiris,0,0,120,10,100,100,100,100,100,100,100,0,0,0,57,0,0,0,0,0,200,999,0,0,0,0,0,0,0,,/Game/Monsters/npc_1125/npc_1125/SkeletalMeshes/npc_1125,LNPC1132
npc_1126,1126,[Apprentice Miner] Vishael,0,0,120,10,100,100,100,100,100,100,100,0,0,0,57,0,0,0,0,0,200,999,0,0,0,0,0,0,0,,/Game/Monsters/npc_1126/npc_1126/SkeletalMeshes/npc_1126,LNPC1126
npc_1127,1127,[Ferrell Guild Banker] Urtharo,0,0,120,10,100,100,100,100,100,100,100,0,0,0,57,0,0,0,0,0,200,999,0,0,0,534,0,0,0,,/Game/Monsters/npc_1127/npc_1127/SkeletalMeshes/npc_1127,LNPC1127
npc_1128,1128,[Ferrell Guild Merchant] Kieran,0,0,120,10,100,100,100,100,100,100,100,0,0,0,57,0,0,0,0,0,200,999,0,0,0,537,0,0,0,,/Game/Monsters/npc_1128/npc_1128/SkeletalMeshes/npc_1128,LNPC1128
npc_1129,1129,[Armor Merchant] Marjak,0,0,130,10,100,100,100,100,100,100,100,0,0,0,66,0,0,0,0,0,200,999,0,0,0,236,0,0,0,,/Game/Monsters/npc_1129/npc_1129/SkeletalMeshes/npc_1129,LNPC1129
npc_1130,1130,[Weapon Merchant] Khardan,0,0,130,10,100,100,100,100,100,100,100,0,0,0,65,0,0,0,0,0,200,999,0,0,0,559,560,0,0,,/Game/Monsters/npc_1130/npc_1130/SkeletalMeshes/npc_1130,LNPC1130
npc_1131,1131,[Mountain Guide] Kay,0,0,120,10,100,100,100,100,100,100,100,0,0,0,72,0,0,0,0,0,200,999,0,0,0,0,0,0,0,,/Game/Monsters/npc_1131/npc_1131/SkeletalMeshes/npc_1131,LNPC1131
npc_1133,1133,[Journeyman Miner] Aidian,0,0,120,10,100,100,100,100,100,100,100,0,0,0,57,0,0,0,0,0,200,999,0,0,0,0,0,0,0,,/Game/Monsters/npc_1133/npc_1133/SkeletalMeshes/npc_1133,LNPC1133
npc_1134,1134,[Bar Owner] Monica,0,0,130,10,100,100,100,100,100,100,100,0,0,0,69,0,0,0,0,0,200,999,0,0,0,494,0,0,0,,/Game/Monsters/npc_1134/npc_1134/SkeletalMeshes/npc_1134,LNPC1134
npc_1135,1135,[Arumic Merchant] Scarlet,0,0,130,10,100,100,100,100,100,100,100,0,0,0,56,0,0,0,0,0,200,999,0,0,0,538,0,0,0,,/Game/Monsters/npc_1135/npc_1135/SkeletalMeshes/npc_1135,LNPC1135
npc_1136,1136,,0,0,0,0,0,0,0,0,0,0,0,0,0,0,0,0,0,0,0,0,0,0,0,0,0,0,0,0,0,,/Game/Monsters/npc_1136/npc_1136/SkeletalMeshes/npc_1136,
npc_1137,1137,,0,0,0,0,0,0,0,0,0,0,0,0,0,0,0,0,0,0,0,0,0,0,0,0,0,0,0,0,0,,/Game/Monsters/npc_1137/npc_1137/SkeletalMeshes/npc_1137,
npc_1141,1141,[Righteous Crusader] Gallahad,0,0,120,10,100,100,100,100,100,100,100,0,0,0,55,0,0,0,0,0,200,999,0,0,0,0,0,0,0,,/Game/Monsters/npc_1141/npc_1141/SkeletalMeshes/npc_1141,LNPC1141
npc_1142,1142,[Akram Minister] Luce,0,0,120,10,100,100,100,100,100,100,100,0,0,0,54,0,0,0,0,0,200,999,0,0,0,0,0,0,0,,/Game/Monsters/npc_1142/npc_1142/SkeletalMeshes/npc_1142,LNPC1142
npc_1143,1143,[Ferrell Guild Merchant ] Bith,0,0,120,10,100,100,100,100,100,100,100,0,0,0,57,0,0,0,0,0,200,999,0,0,0,0,0,0,0,,/Game/Monsters/npc_1143/npc_1143/SkeletalMeshes/npc_1143,LNPC1143
npc_1144,1144,[Resident] Hotch,0,0,120,10,100,100,100,100,100,100,100,0,0,0,71,0,0,0,0,0,200,999,0,0,0,0,0,0,0,,/Game/Monsters/npc_1144/npc_1144/SkeletalMeshes/npc_1144,LNPC1144
npc_1145,1145,[Weapon Merchant] Kareth,0,0,130,10,100,100,100,100,100,100,100,0,0,0,65,0,0,0,0,0,200,999,0,0,0,255,256,257,258,,/Game/Monsters/npc_1145/npc_1145/SkeletalMeshes/npc_1145,LNPC1145
npc_1146,1146,[Smith] Argus,0,0,130,10,100,100,100,100,100,100,100,0,0,0,66,0,0,0,0,0,200,999,0,0,0,260,261,262,263,,/Game/Monsters/npc_1146/npc_1146/SkeletalMeshes/npc_1146,LNPC1146
npc_1147,1147,[Tavern Owner] Lisaile,0,0,130,10,100,100,100,100,100,100,100,0,0,0,69,0,0,0,0,0,200,999,0,0,0,265,0,0,0,,/Game/Monsters/npc_1147/npc_1147/SkeletalMeshes/npc_1147,LNPC1147
npc_1148,1148,[Designer] Sirena,0,0,120,10,100,100,100,100,100,100,100,0,0,0,67,0,0,0,0,0,200,999,0,0,0,267,268,269,270,,/Game/Monsters/npc_1148/npc_1148/SkeletalMeshes/npc_1148,LNPC1148
npc_1149,1149,[Arumic Merchant] Maris,0,0,130,10,100,100,100,100,100,100,100,0,0,0,56,0,0,0,0,0,200,999,0,0,0,272,0,0,0,,/Game/Monsters/npc_1149/npc_1149/SkeletalMeshes/npc_1149,LNPC1149
npc_1150,1150,[Gypsy Merchant] Ramon,0,0,130,10,100,100,100,100,100,100,100,0,0,0,58,0,0,0,0,0,200,999,0,0,0,274,0,0,0,,/Game/Monsters/npc_1150/npc_1150/SkeletalMeshes/npc_1150,LNPC1150
npc_1151,1151,[Ferrell Guild Merchant] Med,0,0,120,10,100,100,100,100,100,100,100,0,0,0,57,0,0,0,0,0,200,999,0,0,0,471,0,0,0,,/Game/Monsters/npc_1151/npc_1151/SkeletalMeshes/npc_1151,LNPC1151
npc_1152,1152,[Ferrell Guild Merchant] Tim,0,0,120,10,100,100,100,100,100,100,100,0,0,0,57,0,0,0,0,0,200,999,0,0,0,490,0,0,0,,/Game/Monsters/npc_1152/npc_1152/SkeletalMeshes/npc_1152,LNPC1152
npc_1154,1154,[Dead Priest] Lantore,0,0,120,200,100000,100,100,100000,100000,100000,100,0,234,0,59,0,0,0,0,0,200,999,0,0,0,120,121,122,123,,/Game/Monsters/npc_1154/npc_1154/SkeletalMeshes/npc_1154,LNPC1154
npc_1155,1155,[Dead Scout] Paul,0,0,120,200,100000,100,100,100000,100000,100000,100,0,535,0,72,0,0,0,0,0,200,999,0,0,0,127,128,129,0,,/Game/Monsters/npc_1155/npc_1155/SkeletalMeshes/npc_1155,LNPC1155
npc_1156,1156,[Dead Town Girl] Lithia,0,0,115,200,100000,100,100,100000,100000,100000,100,0,0,0,69,0,0,0,0,0,200,999,0,0,0,377,378,125,126,,/Game/Monsters/npc_1156/npc_1156/SkeletalMeshes/npc_1156,LNPC1156
npc_1157,1157,[Ghost] Harry,0,0,120,200,100000,100,100,100000,100000,100000,100,0,0,0,72,0,0,0,0,0,200,999,0,0,0,130,131,132,133,,/Game/Monsters/npc_1157/npc_1157/SkeletalMeshes/npc_1157,LNPC1157
npc_1161,1161,[Clan House Manager] Kushard,0,0,120,10,100,100,100,100,100,100,100,0,0,0,57,0,0,0,0,0,200,999,0,0,0,471,0,0,0,,/Game/Monsters/npc_1161/npc_1161/SkeletalMeshes/npc_1161,LNPC1161
npc_1162,1162,[Clan House Soldier] Jason,0,0,120,10,100,100,100,100,100,100,100,0,0,0,57,162,0,0,0,0,200,999,0,0,0,471,0,0,0,,/Game/Monsters/npc_1162/npc_1162/SkeletalMeshes/npc_1162,LNPC1162
npc_1171,1171,[Eucar Judge] Ishtal,0,0,140,10,100,100,100,100,100,100,100,0,0,0,70,0,0,0,0,0,200,999,0,0,0,0,0,0,0,,/Game/Monsters/npc_1171/npc_1171/SkeletalMeshes/npc_1171,LNPC1171
npc_1172,1172,[Akram Ambassador] Eliot,0,0,140,10,100,100,100,100,100,100,100,0,0,0,54,0,0,0,0,0,200,999,0,0,0,0,0,0,0,,/Game/Monsters/npc_1172/npc_1172/SkeletalMeshes/npc_1172,LNPC1172
npc_1173,1173,[Arumic Prophet] Olleck Basilasi,0,0,130,10,100,100,100,100,100,100,100,0,0,0,56,0,0,0,0,0,200,999,0,0,0,512,0,0,0,,/Game/Monsters/npc_1173/npc_1173/SkeletalMeshes/npc_1173,LNPC1173
npc_1180,1180,[Ferrell Guild Banker] Andre,0,0,120,10,100,100,100,100,100,100,100,0,0,0,57,0,0,0,0,0,200,999,0,0,0,516,0,0,0,,/Game/Monsters/npc_1180/npc_1180/SkeletalMeshes/npc_1180,LNPC1180
npc_1181,1181,[Smith] Pavrick,0,0,140,10,100,100,100,100,100,100,100,0,0,0,65,0,0,0,0,0,200,999,0,0,0,520,522,521,523,,/Game/Monsters/npc_1181/npc_1181/SkeletalMeshes/npc_1181,LNPC1181
npc_1184,1184,[Ferrell Trader] Sergei,0,0,120,10,100,100,100,100,100,100,100,0,0,0,57,0,0,0,0,0,200,999,0,0,0,524,525,526,0,,/Game/Monsters/npc_1184/npc_1184/SkeletalMeshes/npc_1184,LNPC1184
npc_1185,1185,[Magic Goods Seller] Pabel,0,0,100,10,100,100,100,100,100,100,100,0,0,0,56,0,0,0,0,0,200,999,0,0,0,528,529,527,0,,/Game/Monsters/npc_1185/npc_1185/SkeletalMeshes/npc_1185,LNPC1185
npc_1186,1186,[Tavern Owner] Anzhelika,0,0,120,10,100,100,100,100,100,100,100,0,0,0,69,0,0,0,0,0,200,999,0,0,0,532,0,0,0,,/Game/Monsters/npc_1186/npc_1186/SkeletalMeshes/npc_1186,LNPC1186
npc_1188,1188,[Station Guide] Illiya,0,0,110,10,100,100,100,100,100,100,100,0,0,0,72,0,0,0,0,0,200,999,0,0,0,0,0,0,0,,/Game/Monsters/npc_1188/npc_1188/SkeletalMeshes/npc_1188,LNPC1188
npc_1191,1191,[Shamanist] Est,0,0,110,10,100,100,100,100,100,100,100,0,240,0,72,0,0,0,0,0,200,999,0,0,0,0,0,0,0,,/Game/Monsters/npc_1191/npc_1191/SkeletalMeshes/npc_1191,LNPC1191
npc_1192,1192,[Magic Scholar] Ivanov,0,0,110,10,100,100,100,100,100,100,100,0,0,0,72,0,0,0,0,0,200,999,0,0,0,0,0,0,0,,/Game/Monsters/npc_1192/npc_1192/SkeletalMeshes/npc_1192,LNPC1192
npc_1193,1193,[Lunar Tower Girl] Kiroro,0,0,110,10,100,100,100,100,100,100,100,0,0,0,72,0,0,0,0,0,200,999,0,0,0,0,0,0,0,,/Game/Monsters/npc_1193/npc_1193/SkeletalMeshes/npc_1193,LNPC1193
npc_1194,1194,[Shamanist] Meela,0,0,110,200,100000,100000,100000,100000,100000,100000,100,0,238,0,72,0,0,0,0,0,200,999,0,0,0,0,0,0,0,,/Game/Monsters/npc_1194/npc_1194/SkeletalMeshes/npc_1194,LNPC1194
npc_1198,1198,,0,0,0,0,0,0,0,0,0,0,0,0,0,0,0,0,0,0,0,0,0,0,0,0,0,0,0,0,0,,/Game/Monsters/npc_1198/npc_1198/SkeletalMeshes/npc_1198,
npc_1201,1201,[Event Info] Judy,0,0,110,10,100,100,100,100,100,100,100,0,0,0,72,0,0,0,0,0,200,999,0,0,0,0,0,0,0,,/Game/Monsters/npc_1201/npc_1201/SkeletalMeshes/npc_1201,LNPC1201
npc_1202,1202,[Event Info] Felice Fete,0,0,110,10,100,100,100,100,100,100,100,0,0,0,72,0,0,0,0,0,200,999,0,0,0,0,0,0,0,,/Game/Monsters/npc_1202/npc_1202/SkeletalMeshes/npc_1202,LNPC1202
npc_1203,1203,[Christmas Goods Seller] Lucielle,0,0,110,10,100,100,100,100,100,100,100,0,0,0,72,0,0,0,0,0,200,999,0,0,0,377,0,0,0,,/Game/Monsters/npc_1203/npc_1203/SkeletalMeshes/npc_1203,LNPC1888
npc_1204,1204,[Event Info] Judith,0,0,110,10,100,100,100,100,100,100,100,0,0,0,72,0,0,0,0,0,200,999,0,0,0,0,0,0,0,,/Game/Monsters/npc_1204/npc_1204/SkeletalMeshes/npc_1204,LNPC1204
npc_1205,1205,[Event Info] Santa Claus,0,0,130,10,100,100,100,100,100,100,100,0,0,0,72,0,0,0,0,0,200,999,0,0,0,0,0,0,0,,/Game/Monsters/npc_1205/npc_1205/SkeletalMeshes/npc_1205,LNPC1205
npc_1206,1206,[Event Info] Loelsch,0,0,100,10,100,100,100,100,100,100,100,0,0,0,72,0,0,0,0,0,200,999,0,0,0,0,0,0,0,,/Game/Monsters/npc_1206/npc_1206/SkeletalMeshes/npc_1206,LNPC1206
npc_1207,1207,xmas tree,0,0,500,10,100,100,100,100,100,100,100,0,236,0,72,0,0,0,0,0,200,999,0,0,0,0,0,0,0,,/Game/Monsters/npc_1207/npc_1207/SkeletalMeshes/npc_1207,
npc_1208,1208,,0,0,0,0,0,0,0,0,0,0,0,0,0,0,0,0,0,0,0,0,0,0,0,0,0,0,0,0,0,,/Game/Monsters/npc_1208/npc_1208/SkeletalMeshes/npc_1208,
npc_1209,1209,,0,0,0,0,0,0,0,0,0,0,0,0,0,0,0,0,0,0,0,0,0,0,0,0,0,0,0,0,0,,/Game/Monsters/npc_1209/npc_1209/SkeletalMeshes/npc_1209,
npc_1210,1210,[Event Info] Judith,0,0,110,10,100,100,100,100,100,100,100,0,0,0,72,0,0,0,0,0,200,999,0,0,0,0,0,0,0,,/Game/Monsters/npc_1210/npc_1210/SkeletalMeshes/npc_1210,LNPC1204
npc_1211,1211,[Righteous Crusader] Harold Evan,0,0,120,10,100,100,100,100,100,100,100,0,236,0,55,0,0,0,3,0,200,999,0,0,0,456,0,0,0,,/Game/Monsters/npc_1211/npc_1211/SkeletalMeshes/npc_1211,LNPC1211
npc_1212,1212,[Arumic Researcher] Catherine Clara,0,0,110,10,100,100,100,100,100,100,100,0,236,0,56,0,0,0,0,0,200,999,0,0,0,551,531,0,0,,/Game/Monsters/npc_1212/npc_1212/SkeletalMeshes/npc_1212,LNPC1212
npc_1213,1213,[Ferrell Guild Staff] Gilbert,0,0,120,10,100,100,100,100,100,100,100,0,236,0,57,0,0,0,0,0,200,999,0,0,0,559,560,0,0,,/Game/Monsters/npc_1213/npc_1213/SkeletalMeshes/npc_1213,LNPC1213
npc_1214,1214,[Elder of Junon Order] Oscar Patrick,0,0,115,10,100,100,100,100,100,100,100,0,236,0,59,0,0,0,1,0,200,999,0,0,0,454,0,0,0,,/Game/Monsters/npc_1214/npc_1214/SkeletalMeshes/npc_1214,LNPC1214
npc_1215,1215,[Akram Ambassador] Jacklyn Cooper,0,0,100,10,100,100,100,100,100,100,100,0,236,0,54,0,0,0,0,0,200,999,0,0,0,0,0,0,0,,/Game/Monsters/npc_1215/npc_1215/SkeletalMeshes/npc_1215,LNPC1215
npc_1219,1219,[Station Guide] Chacha,0,0,110,10,100,100,100,100,100,100,100,0,236,0,72,0,0,0,0,0,200,999,0,0,0,0,0,0,0,,/Game/Monsters/npc_1219/npc_1219/SkeletalMeshes/npc_1219,LNPC1219
npc_1220,1220,[Raknu Chief] Darka Khan,0,0,100,10,100,100,100,100,100,100,100,0,236,0,72,0,0,0,0,0,200,999,0,0,0,0,0,0,0,,/Game/Monsters/npc_1220/npc_1220/SkeletalMeshes/npc_1220,LNPC1220
npc_1221,1221,[Raknu Warrior] Jeffrey Lloyd,0,0,100,10,100,100,100,100,100,100,100,0,236,0,72,0,0,0,0,0,200,999,0,0,0,0,0,0,0,,/Game/Monsters/npc_1221/npc_1221/SkeletalMeshes/npc_1221,LNPC1221
npc_1222,1222,[Storage Keeper] Dustin Leta,0,0,100,10,100,100,100,100,100,100,100,0,236,0,57,0,0,0,0,0,200,999,0,0,0,524,0,0,0,,/Game/Monsters/npc_1222/npc_1222/SkeletalMeshes/npc_1222,LNPC1222
npc_1223,1223,[Smith] Nel Eldora,0,0,100,10,100,100,100,100,100,100,100,0,236,0,65,0,0,0,0,0,200,999,0,0,0,485,0,0,0,,/Game/Monsters/npc_1223/npc_1223/SkeletalMeshes/npc_1223,LNPC1223
npc_1224,1224,[Chef] Peppie,0,0,105,10,100,100,100,100,100,100,100,0,236,0,72,0,0,0,0,0,200,999,0,0,0,555,0,0,0,,/Game/Monsters/npc_1224/npc_1224/SkeletalMeshes/npc_1224,LNPC1224
npc_1225,1225,[Raknu Warrior] Dyaen,0,0,100,10,100,100,100,100,100,100,100,0,236,0,72,0,0,0,0,0,200,999,0,0,0,0,0,0,0,,/Game/Monsters/npc_1225/npc_1225/SkeletalMeshes/npc_1225,LNPC1225
npc_1228,1228,[Raknu Captain Guard] Komo,0,0,100,10,100,100,100,100,100,100,100,0,236,0,72,0,0,0,0,0,200,999,0,0,0,0,0,0,0,,/Game/Monsters/npc_1228/npc_1228/SkeletalMeshes/npc_1228,LNPC1228
npc_1229,1229,[Raknu Warrior] Toanu,0,0,100,10,100,100,100,100,100,100,100,0,236,0,72,0,0,0,0,0,200,999,0,0,0,0,0,0,0,,/Game/Monsters/npc_1229/npc_1229/SkeletalMeshes/npc_1229,LNPC1229
npc_1230,1230,[Raknu Warrior] Guanu,0,0,105,10,100,100,100,100,100,100,100,0,236,0,72,0,0,0,0,0,200,999,0,0,0,0,0,0,0,,/Game/Monsters/npc_1230/npc_1230/SkeletalMeshes/npc_1230,LNPC1230
npc_1231,1231,[Raknu Warrior] Gelta,0,0,97,10,100,100,100,100,100,100,100,0,236,0,72,0,0,0,0,0,200,999,0,0,0,0,0,0,0,,/Game/Monsters/npc_1231/npc_1231/SkeletalMeshes/npc_1231,LNPC1231
npc_1232,1232,[Raknu Warrior] Sorita,0,0,100,10,100,100,100,100,100,100,100,0,236,0,72,0,0,0,0,0,200,999,0,0,0,0,0,0,0,,/Game/Monsters/npc_1232/npc_1232/SkeletalMeshes/npc_1232,LNPC1232
npc_1233,1233,[Raknu Warrior] Kin,0,0,100,10,100,100,100,100,100,100,100,0,236,0,72,0,0,0,0,0,200,999,0,0,0,0,0,0,0,,/Game/Monsters/npc_1233/npc_1233/SkeletalMeshes/npc_1233,LNPC1233
npc_1234,1234,[Raknu Resident] Dunga,0,0,100,10,100,100,100,100,100,100,100,0,236,0,72,0,0,0,0,0,200,999,0,0,0,0,0,0,0,,/Game/Monsters/npc_1234/npc_1234/SkeletalMeshes/npc_1234,LNPC1234
npc_1235,1235,[Raknu Resident] StoneHead,0,0,100,10,100,100,100,100,100,100,100,0,236,0,72,0,0,0,0,0,200,999,0,0,0,0,0,0,0,,/Game/Monsters/npc_1235/npc_1235/SkeletalMeshes/npc_1235,LNPC1235
npc_1236,1236,[Raknu Resident] Jerrita,0,0,97,10,100,100,100,100,100,100,100,0,236,0,72,0,0,0,0,0,200,999,0,0,0,0,0,0,0,,/Game/Monsters/npc_1236/npc_1236/SkeletalMeshes/npc_1236,LNPC1236
npc_1237,1237,[Raknu Resident] Netty,0,0,96,10,100,100,100,100,100,100,100,0,236,0,72,0,0,0,0,0,200,999,0,0,0,0,0,0,0,,/Game/Monsters/npc_1237/npc_1237/SkeletalMeshes/npc_1237,LNPC1237
npc_1238,1238,[Raknu Resident] Grammy,0,0,100,10,100,100,100,100,100,100,100,0,236,0,72,0,0,0,0,0,200,999,0,0,0,0,0,0,0,,/Game/Monsters/npc_1238/npc_1238/SkeletalMeshes/npc_1238,LNPC1238
npc_1240,1240,[Monkey] Charlie Longtail,0,0,100,10,100,100,100,100,100,100,100,0,236,0,72,0,0,0,0,0,200,999,0,0,0,0,0,0,0,,/Game/Monsters/npc_1240/npc_1240/SkeletalMeshes/npc_1240,LNPC1240
npc_1241,1241,[??????] ???????? ??????(????????),0,0,100,10,100,100,100,100,100,100,100,0,236,0,72,0,0,0,0,0,200,999,0,0,0,0,0,0,0,,/Game/Monsters/npc_1241/npc_1241/SkeletalMeshes/npc_1241,
npc_1243,1243,[Patrol Dog] Max,0,0,95,10,100,100,100,100,100,100,100,0,236,0,72,0,0,0,0,0,200,999,0,0,0,0,0,0,0,,/Game/Monsters/npc_1243/npc_1243/SkeletalMeshes/npc_1243,LNPC1243
npc_1244,1244,[Patrol Dog] Stephen,0,0,110,10,100,100,100,100,100,100,100,0,236,0,72,0,0,0,0,0,200,999,0,0,0,0,0,0,0,,/Game/Monsters/npc_1244/npc_1244/SkeletalMeshes/npc_1244,LNPC1244
npc_1245,1245,[Skiku Tracker] Akuku,0,0,120,10,100,100,100,100,100,100,100,0,623,0,57,1025,0,0,0,0,200,999,0,0,0,0,0,0,0,,/Game/Monsters/npc_1245/npc_1245/SkeletalMeshes/npc_1245,LNPC1242
npc_1247,1247,[Sikuku Warrior] Kojo,0,0,100,10,100,100,100,100,100,100,100,0,623,0,72,1025,0,0,0,0,200,999,0,0,0,0,0,0,0,,/Game/Monsters/npc_1247/npc_1247/SkeletalMeshes/npc_1247,LNPC1247
npc_1248,1248,[Cleric] Maria,0,0,110,10,100,100,100,100,100,100,100,0,624,0,56,0,0,0,0,0,200,999,0,0,0,0,0,0,0,,/Game/Monsters/npc_1248/npc_1248/SkeletalMeshes/npc_1248,LNPC1246
npc_1249,1249,[Ruins Curator] Hope,0,0,100,10,100,100,100,100,100,100,100,0,625,0,72,0,0,0,0,0,200,999,0,0,0,0,0,0,0,,/Game/Monsters/npc_1249/npc_1249/SkeletalMeshes/npc_1249,LNPC1249
npc_1250,1250,[Mountain Guide] Bennett,0,0,100,10,100,100,100,100,100,100,100,0,623,0,54,0,0,0,0,0,200,999,0,0,0,0,0,0,0,,/Game/Monsters/npc_1250/npc_1250/SkeletalMeshes/npc_1250,LNPC1250
npc_1251,1251,[Cleric] Jude,0,0,100,10,100,100,100,100,100,100,100,0,236,0,72,0,0,0,0,0,200,999,0,0,0,0,0,0,0,,/Game/Monsters/npc_1251/npc_1251/SkeletalMeshes/npc_1251,LNPC1251
npc_1252,1252,[Sikuku Chief] Namiel Char,0,0,100,10,100,100,100,100,100,100,100,0,236,0,72,0,0,0,0,0,200,999,0,0,0,0,0,0,0,,/Game/Monsters/npc_1252/npc_1252/SkeletalMeshes/npc_1252,LNPC1252
npc_1253,1253,[Bird] Hawker,0,0,70,10,100,100,100,100,100,100,100,0,236,0,72,0,0,0,0,0,200,999,0,0,0,0,0,0,0,,/Game/Monsters/npc_1253/npc_1253/SkeletalMeshes/npc_1253,LNPC1253
npc_1254,1254,[Sikuku Warrior] Ruduck,0,0,120,10,100,100,100,100,100,100,100,0,236,0,72,1025,0,0,0,0,200,999,0,0,0,0,0,0,0,,/Game/Monsters/npc_1254/npc_1254/SkeletalMeshes/npc_1254,LNPC1254
npc_1255,1255,[Sikuku Warrior] Yak,0,0,120,10,100,100,100,100,100,100,100,0,236,0,72,1025,0,0,0,0,200,999,0,0,0,0,0,0,0,,/Game/Monsters/npc_1255/npc_1255/SkeletalMeshes/npc_1255,LNPC1255
npc_1256,1256,[Sikuku Warrior] Seka,0,0,120,10,100,100,100,100,100,100,100,0,236,0,72,1025,0,0,0,0,200,999,0,0,0,0,0,0,0,,/Game/Monsters/npc_1256/npc_1256/SkeletalMeshes/npc_1256,LNPC1256
npc_1257,1257,[Sikuku Warrior] Kilie,0,0,120,10,100,100,100,100,100,100,100,0,236,0,72,1025,0,0,0,0,200,999,0,0,0,0,0,0,0,,/Game/Monsters/npc_1257/npc_1257/SkeletalMeshes/npc_1257,LNPC1257
npc_1258,1258,[Sikuku Resident] Martie,0,0,120,10,100,100,100,100,100,100,100,0,236,0,72,0,0,0,0,0,200,999,0,0,0,0,0,0,0,,/Game/Monsters/npc_1258/npc_1258/SkeletalMeshes/npc_1258,LNPC1258
npc_1259,1259,[Sikuku Resident] Carl,0,0,120,10,100,100,100,100,100,100,100,0,236,0,72,0,0,0,0,0,200,999,0,0,0,0,0,0,0,,/Game/Monsters/npc_1259/npc_1259/SkeletalMeshes/npc_1259,LNPC1259
npc_1260,1260,[Sikuku Resident] Parah,0,0,120,10,100,100,100,100,100,100,100,0,236,0,72,0,0,0,0,0,200,999,0,0,0,0,0,0,0,,/Game/Monsters/npc_1260/npc_1260/SkeletalMeshes/npc_1260,LNPC1260
npc_1261,1261,[Sikuku Resident] Shilma,0,0,120,10,100,100,100,100,100,100,100,0,236,0,72,0,0,0,0,0,200,999,0,0,0,0,0,0,0,,/Game/Monsters/npc_1261/npc_1261/SkeletalMeshes/npc_1261,LNPC1261
npc_1262,1262,[Sikuku Warrior] Wounded Soldier,0,0,110,10,100,100,100,100,100,100,100,0,236,0,72,1025,0,0,0,0,200,999,0,0,0,0,0,0,0,,/Game/Monsters/npc_1262/npc_1262/SkeletalMeshes/npc_1262,LNPC1262
npc_1263,1263,[Sikuku Warrior] Wounded Soldier,0,0,110,10,100,100,100,100,100,100,100,0,236,0,72,1025,0,0,0,0,200,999,0,0,0,0,0,0,0,,/Game/Monsters/npc_1263/npc_1263/SkeletalMeshes/npc_1263,LNPC1262
npc_1265,1265,[Arumic Researcher] Redford,0,0,110,10,100,100,100,100,100,100,100,0,236,0,72,0,0,0,0,0,200,999,0,0,0,0,0,0,0,,/Game/Monsters/npc_1265/npc_1265/SkeletalMeshes/npc_1265,LNPC1265
npc_1266,1266,[Critically Wounded] Nukie,0,0,100,10,100,100,100,100,100,100,100,0,236,0,72,0,0,0,0,0,200,999,0,0,0,0,0,0,0,,/Game/Monsters/npc_1266/npc_1266/SkeletalMeshes/npc_1266,LNPC1266
npc_1270,1270,????????,0,0,50,10,100,100,100,100,100,100,100,0,236,0,72,0,0,0,0,0,200,999,0,0,0,0,0,0,0,,/Game/Monsters/npc_1270/npc_1270/SkeletalMeshes/npc_1270,
npc_1271,1271,????,0,0,100,10,100,100,100,100,100,100,100,0,236,0,72,0,0,0,60,0,200,999,0,0,0,0,0,0,0,,/Game/Monsters/npc_1271/npc_1271/SkeletalMeshes/npc_1271,
npc_1275,1275,Chick,180,266,60,1,27,1,55,23,10,3,20,0,91,0,100,0,0,0,60,0,150,1,1,0,0,0,0,0,0,,/Game/Monsters/npc_1275/npc_1275/SkeletalMeshes/npc_1275,LNPC1275
npc_1276,1276,Chicken,180,266,60,1,27,1,55,23,10,3,20,0,91,0,100,0,0,0,60,0,150,1,1,0,0,0,0,0,0,,/Game/Monsters/npc_1276/npc_1276/SkeletalMeshes/npc_1276,LNPC1276
npc_1277,1277,Devil Pest Butterfly,200,350,320,3,15,10,43,24,18,5,20,0,91,20,100,0,0,0,60,0,160,1,1,0,0,0,0,0,0,,/Game/Monsters/npc_1277/npc_1277/SkeletalMeshes/npc_1277,LNPC1277
npc_1278,1278,Little Spotted Choropy,180,250,60,8,18,23,65,21,10,10,99,0,3,20,111,0,0,0,60,0,230,1,1,0,210,0,0,0,0,,/Game/Monsters/npc_1278/npc_1278/SkeletalMeshes/npc_1278,LNPC1278
npc_1279,1279,Clay Walker,180,266,60,8,18,23,67,21,11,10,100,0,3,20,113,31,0,0,60,0,230,1,1,0,210,0,0,0,0,,/Game/Monsters/npc_1279/npc_1279/SkeletalMeshes/npc_1279,LNPC1285
npc_1280,1280,Stony Walker,250,266,65,8,18,24,68,25,13,10,95,0,2,20,117,131,0,0,60,0,230,2,1,0,210,0,0,0,0,,/Game/Monsters/npc_1280/npc_1280/SkeletalMeshes/npc_1280,LNPC1286
npc_1281,1281,Blood Jelly,300,450,100,12,7,31,70,23,12,16,105,0,104,20,120,32,0,0,60,0,250,3,1,0,182,0,0,0,0,,/Game/Monsters/npc_1281/npc_1281/SkeletalMeshes/npc_1281,LNPC1281
npc_1282,1282,Pomic,140,700,88,14,8,38,72,29,16,19,100,0,3,20,125,1011,0,0,60,0,220,1,1,0,214,0,0,0,0,5002-31-0,/Game/Monsters/npc_1282/npc_1282/SkeletalMeshes/npc_1282,LNPC0072
npc_1283,1283,Devil Pest Little Bee,200,400,80,14,8,40,72,27,15,19,105,0,1,20,126,0,0,0,60,0,200,3,1,0,206,0,0,0,0,,/Game/Monsters/npc_1283/npc_1283/SkeletalMeshes/npc_1283,LNPC1283
npc_1284,1284,Little Cowboy Pumpkin,250,300,95,14,8,42,72,24,13,19,107,0,23,20,127,0,0,0,60,0,250,4,1,0,378,0,0,0,0,,/Game/Monsters/npc_1284/npc_1284/SkeletalMeshes/npc_1284,LNPC1284
npc_1285,1285,HoneyBee,220,440,70,13,7,34,71,27,15,17,100,0,3,20,124,0,0,0,60,0,210,1,1,0,206,0,0,0,0,852-31-0,/Game/Monsters/npc_1285/npc_1285/SkeletalMeshes/npc_1285,LNPC0062
npc_1286,1286,Needle Hornet,170,400,70,14,8,40,72,27,15,19,105,0,1,20,128,0,0,0,60,0,230,3,1,0,206,0,0,0,0,,/Game/Monsters/npc_1286/npc_1286/SkeletalMeshes/npc_1286,LNPC0063
npc_1287,1287,Little Woopie,170,370,70,14,8,38,72,29,16,19,100,0,21,20,129,0,0,0,60,0,250,1,1,0,230,0,0,0,0,,/Game/Monsters/npc_1287/npc_1287/SkeletalMeshes/npc_1287,LNPC1287
npc_1288,1288,Woopie,150,350,80,15,8,43,74,33,18,20,100,0,22,30,132,1003,0,0,60,0,250,1,1,0,230,0,0,0,0,2000-31-0,/Game/Monsters/npc_1288/npc_1288/SkeletalMeshes/npc_1288,LNPC0101
npc_1289,1289,Assistant Chef Woopie,200,480,90,16,8,44,75,35,20,21,90,0,26,30,136,1080,0,0,60,0,1500,5,1,0,230,0,0,0,0,,/Game/Monsters/npc_1289/npc_1289/SkeletalMeshes/npc_1289,LNPC1289
npc_1290,1290,Hornet,260,600,80,17,9,58,77,30,18,23,107,0,9,30,140,0,0,0,60,0,250,4,1,0,206,0,0,0,0,,/Game/Monsters/npc_1290/npc_1290/SkeletalMeshes/npc_1290,LNPC0064
npc_1291,1291,Woopie Glutton,170,700,120,19,13,70,80,53,30,27,110,0,24,30,148,1003,302,0,60,0,260,8,1,0,230,0,0,0,0,,/Game/Monsters/npc_1291/npc_1291/SkeletalMeshes/npc_1291,LNPC0103
npc_1292,1292,Pomic Recruit,250,700,95,15,8,43,74,33,18,20,100,0,3,30,133,1005,0,0,60,0,220,1,1,0,214,0,0,0,0,,/Game/Monsters/npc_1292/npc_1292/SkeletalMeshes/npc_1292,LNPC1292
npc_1293,1293,Pomic Recruit,250,700,95,16,8,47,75,35,20,21,100,0,3,30,137,1005,0,0,60,0,220,1,1,0,214,0,0,0,0,,/Game/Monsters/npc_1293/npc_1293/SkeletalMeshes/npc_1293,LNPC1292
npc_1294,1294,Red Flanae,0,0,100,17,9,55,77,34,20,23,105,1,15,30,141,1073,0,0,60,0,2400,3,1,0,198,0,0,0,0,5041-31-0,/Game/Monsters/npc_1294/npc_1294/SkeletalMeshes/npc_1294,LNPC0043
npc_1295,1295,Red Pomic,170,700,90,18,9,60,78,37,21,25,105,0,1,30,145,1012,0,0,60,0,230,3,1,0,214,0,0,0,0,5006-33-0,/Game/Monsters/npc_1295/npc_1295/SkeletalMeshes/npc_1295,LNPC0073
npc_1296,1296,Pomic Cadet,220,700,120,21,10,68,83,56,33,30,95,0,2,30,153,1032,0,0,60,0,320,2,0,0,214,0,0,0,0,,/Game/Monsters/npc_1296/npc_1296/SkeletalMeshes/npc_1296,LNPC1296
npc_1297,1297,Pomic Cadet,220,700,120,22,10,74,84,60,35,32,95,0,2,303,157,1032,0,0,60,0,320,2,0,0,214,0,0,0,0,,/Game/Monsters/npc_1297/npc_1297/SkeletalMeshes/npc_1297,LNPC1296
npc_1298,1298,Pomic Officer,300,700,125,23,14,95,86,69,42,34,105,0,5,30,163,162,0,0,60,0,220,8,1,0,214,0,0,0,0,,/Game/Monsters/npc_1298/npc_1298/SkeletalMeshes/npc_1298,LNPC1298
npc_1299,1299,Pomic General,250,700,170,24,19,107,87,80,48,37,105,0,6,2130,167,1001,161,0,60,0,350,9,1,0,214,0,0,0,0,,/Game/Monsters/npc_1299/npc_1299/SkeletalMeshes/npc_1299,LNPC1299
npc_1300,1300,Pomic King,270,700,230,28,35,144,93,118,73,46,110,0,43,320,169,1037,0,0,60,0,350,10,1,0,214,0,0,0,0,,/Game/Monsters/npc_1300/npc_1300/SkeletalMeshes/npc_1300,LNPC1300
npc_1301,1301,Wandering Rackie,130,400,80,21,10,75,83,50,30,30,100,0,106,40,154,0,0,0,60,0,230,1,1,0,222,0,0,0,0,,/Game/Monsters/npc_1301/npc_1301/SkeletalMeshes/npc_1301,LNPC1301
npc_1302,1302,Vagabond Rackie,145,600,95,22,10,85,84,49,29,32,105,0,1,40,158,1005,301,0,60,0,260,3,0,0,222,0,0,0,0,,/Game/Monsters/npc_1302/npc_1302/SkeletalMeshes/npc_1302,LNPC1302
npc_1303,1303,Vagabond Rackie,145,600,100,23,10,91,86,52,31,34,105,0,1,40,164,1005,301,0,60,0,260,3,0,0,222,0,0,0,0,,/Game/Monsters/npc_1303/npc_1303/SkeletalMeshes/npc_1303,LNPC1302
npc_1304,1304,Honey Rackie,160,610,110,25,11,100,89,66,40,39,100,0,106,40,170,1011,0,0,60,0,230,1,1,0,222,0,0,0,0,5008-31-0,/Game/Monsters/npc_1304/npc_1304/SkeletalMeshes/npc_1304,LNPC0091
npc_1305,1305,Fighter Rackie,165,450,145,27,12,118,92,67,41,43,105,0,1,40,178,1007,302,0,60,0,260,3,0,0,222,0,0,0,0,118-33-0,/Game/Monsters/npc_1305/npc_1305/SkeletalMeshes/npc_1305,LNPC1305
npc_1306,1306,Assassin Rackie,160,400,130,27,12,116,92,70,43,43,97,0,27,40,179,941,0,0,60,0,2000,6,0,0,222,0,0,0,0,,/Game/Monsters/npc_1306/npc_1306/SkeletalMeshes/npc_1306,LNPC1306
npc_1307,1307,Little Beetle,150,420,50,21,10,75,83,50,30,30,100,0,3,40,155,0,0,0,60,0,180,1,2,0,218,0,0,0,0,855-33,/Game/Monsters/npc_1307/npc_1307/SkeletalMeshes/npc_1307,LNPC1307
npc_1308,1308,Beetle,150,420,80,22,10,81,84,54,32,32,100,0,3,40,159,0,0,0,60,0,180,1,2,0,218,0,0,0,0,855-31-0,/Game/Monsters/npc_1308/npc_1308/SkeletalMeshes/npc_1308,LNPC0081
npc_1309,1309,Beetle Fighter,165,700,100,25,11,104,89,60,36,39,105,0,1,40,171,0,0,0,60,0,200,3,2,0,218,0,0,0,0,855-32-0,/Game/Monsters/npc_1309/npc_1309/SkeletalMeshes/npc_1309,LNPC0082
npc_1310,1310,Little Turtle,165,370,60,25,11,100,89,66,40,39,100,0,3,40,172,0,0,0,60,0,200,1,2,0,218,0,0,0,0,,/Game/Monsters/npc_1310/npc_1310/SkeletalMeshes/npc_1310,LNPC1310
npc_1311,1311,Little Turtle,165,370,60,26,12,106,90,70,42,41,100,0,3,40,176,0,0,0,60,0,200,1,2,0,218,0,0,0,0,,/Game/Monsters/npc_1311/npc_1311/SkeletalMeshes/npc_1311,LNPC1310
npc_1312,1312,Turtle,175,370,80,28,12,120,93,79,48,46,100,0,3,40,181,0,0,0,60,0,200,1,2,0,218,0,0,0,0,5008-35-0,/Game/Monsters/npc_1312/npc_1312/SkeletalMeshes/npc_1312,LNPC0084
npc_1313,1313,Devil Pest HoneyBee,280,450,110,28,12,125,93,70,44,46,100,0,1,40,182,0,0,0,60,0,250,3,1,0,206,0,0,0,0,,/Game/Monsters/npc_1313/npc_1313/SkeletalMeshes/npc_1313,LNPC1313
npc_1314,1314,Devil Pest Hornet,350,600,120,29,13,140,95,66,41,48,105,0,9,40,184,0,0,0,60,0,250,4,1,0,206,0,0,0,0,,/Game/Monsters/npc_1314/npc_1314/SkeletalMeshes/npc_1314,LNPC1314
npc_1315,1315,Devil Pest Hornet,350,600,125,30,13,149,96,70,44,50,107,0,9,40,187,0,0,0,60,0,250,4,1,0,206,0,0,0,0,,/Game/Monsters/npc_1315/npc_1315/SkeletalMeshes/npc_1315,LNPC1314
npc_1316,1316,Aqua Assassin,300,750,95,35,13,160,104,96,61,56,97,0,322,40,200,1042,0,0,60,0,2000,6,0,0,254,0,0,0,0,,/Game/Monsters/npc_1316/npc_1316/SkeletalMeshes/npc_1316,LNPC1316
npc_1317,1317,Aqua Scout,200,700,100,36,13,168,106,93,60,58,105,0,111,40,203,164,0,0,60,0,360,3,0,0,254,0,0,0,0,,/Game/Monsters/npc_1317/npc_1317/SkeletalMeshes/npc_1317,LNPC1317
npc_1318,1318,Aqua Hunter,250,600,125,37,13,169,107,101,65,59,97,0,322,40,208,1043,0,0,60,0,2000,6,0,0,254,0,0,0,0,,/Game/Monsters/npc_1318/npc_1318/SkeletalMeshes/npc_1318,LNPC0176
npc_1319,1319,Aqua Swordsman,300,700,140,39,14,192,111,89,58,61,107,0,320,40,214,164,301,0,60,0,360,4,0,0,254,0,0,0,0,0,/Game/Monsters/npc_1319/npc_1319/SkeletalMeshes/npc_1319,LNPC1319
npc_1320,1320,Aqua Swordsman,300,700,145,40,14,197,112,92,59,63,107,0,320,40,217,164,301,0,60,0,360,4,0,0,254,0,0,0,0,,/Game/Monsters/npc_1320/npc_1320/SkeletalMeshes/npc_1320,LNPC1319
npc_1321,1321,Aqua Guardian,300,700,165,41,22,210,114,153,99,64,110,0,323,40,219,180,6,0,60,0,380,9,0,0,254,0,0,0,0,,/Game/Monsters/npc_1321/npc_1321/SkeletalMeshes/npc_1321,LNPC1321
npc_1322,1322,Mini-Porkie,220,600,90,31,13,139,98,90,57,51,100,0,3,40,190,0,0,0,60,0,180,1,1,0,238,0,0,0,0,858-31-0,/Game/Monsters/npc_1322/npc_1322/SkeletalMeshes/npc_1322,LNPC1322
npc_1323,1323,Porkie,210,680,105,32,13,144,99,93,58,53,100,0,1,40,192,0,0,0,60,0,200,3,1,0,238,0,0,0,0,911-31-0,/Game/Monsters/npc_1323/npc_1323/SkeletalMeshes/npc_1323,LNPC0132
npc_1324,1324,Crazy Porkie,185,700,125,34,13,168,103,79,50,55,107,0,9,40,201,401,0,0,60,0,210,4,1,0,238,0,0,0,0,,/Game/Monsters/npc_1324/npc_1324/SkeletalMeshes/npc_1324,LNPC1324
npc_1325,1325,Grunter,200,700,110,36,13,146,106,114,73,58,95,0,22,40,204,133,0,0,60,0,300,2,0,0,238,0,0,0,0,3403-31-0,/Game/Monsters/npc_1325/npc_1325/SkeletalMeshes/npc_1325,LNPC0134
npc_1326,1326,Grunter Guardian,300,700,200,42,22,215,116,156,102,65,110,0,114,40,222,135,0,0,60,0,300,9,0,0,238,0,0,0,0,,/Game/Monsters/npc_1326/npc_1326/SkeletalMeshes/npc_1326,LNPC1326
npc_1327,1327,Giant Grunter,240,700,350,49,84,268,127,211,140,75,110,0,83,40,231,1021,0,0,60,0,300,11,0,0,238,0,0,0,0,,/Game/Monsters/npc_1327/npc_1327/SkeletalMeshes/npc_1327,LNPC1327
npc_1328,1328,Little Moldie,200,520,80,36,13,161,106,104,66,58,100,0,22,40,205,0,0,0,60,0,220,1,1,0,226,0,0,0,0,,/Game/Monsters/npc_1328/npc_1328/SkeletalMeshes/npc_1328,LNPC1328
npc_1329,1329,Manager Moldie,280,500,210,44,37,236,119,189,124,68,110,0,85,329,220,1016,0,0,60,0,260,10,1,0,226,0,0,0,0,,/Game/Monsters/npc_1329/npc_1329/SkeletalMeshes/npc_1329,LNPC1329
npc_1330,1330,Little Smouly,200,250,80,42,14,187,116,120,78,65,100,1,22,40,223,1074,0,0,60,0,1200,1,1,0,182,0,0,0,0,,/Game/Monsters/npc_1330/npc_1330/SkeletalMeshes/npc_1330,LNPC1330
npc_1331,1331,Little Smouly,220,250,85,43,14,192,117,123,81,67,100,1,22,40,227,1074,0,0,60,0,1200,1,1,0,182,0,0,0,0,,/Game/Monsters/npc_1331/npc_1331/SkeletalMeshes/npc_1331,LNPC1330
npc_1332,1332,Smouly,160,280,100,43,14,192,117,123,81,67,100,1,22,40,228,1074,0,0,60,0,1200,1,1,0,182,0,0,0,0,3003-31-0,/Game/Monsters/npc_1332/npc_1332/SkeletalMeshes/npc_1332,LNPC0051
npc_1333,1333,Stray Smouly,250,400,100,46,14,215,122,118,78,71,105,1,21,40,229,1075,0,0,60,0,1200,3,1,0,182,0,0,0,0,,/Game/Monsters/npc_1333/npc_1333/SkeletalMeshes/npc_1333,LNPC1333
npc_1334,1334,Old Smouly,240,450,135,47,14,219,124,121,80,72,100,1,21,50,233,1075,0,0,60,0,1300,3,1,0,198,0,0,0,0,5012-33-0,/Game/Monsters/npc_1334/npc_1334/SkeletalMeshes/npc_1334,LNPC0053
npc_1335,1335,Decrepit Smouly,240,338,160,48,14,237,126,110,73,73,107,1,23,50,235,1075,0,0,60,0,1300,4,1,0,198,0,0,0,0,,/Game/Monsters/npc_1335/npc_1335/SkeletalMeshes/npc_1335,LNPC1335
npc_1336,1336,Cherry Smouly,200,360,160,49,14,242,127,112,75,75,105,1,23,50,236,1081,0,0,60,0,1300,4,1,0,198,0,0,0,0,,/Game/Monsters/npc_1336/npc_1336/SkeletalMeshes/npc_1336,LNPC0304
npc_1337,1337,Cherry Smouly,250,360,165,50,14,247,129,115,77,76,105,1,23,50,237,1081,0,0,60,0,1300,4,1,0,198,0,0,0,0,,/Game/Monsters/npc_1337/npc_1337/SkeletalMeshes/npc_1337,LNPC0304
npc_1338,1338,Giant Smouly,300,400,250,51,18,248,131,176,117,78,110,1,28,50,239,1075,0,0,60,0,1300,8,1,0,198,0,0,0,0,,/Game/Monsters/npc_1338/npc_1338/SkeletalMeshes/npc_1338,LNPC1338
npc_1339,1339,Clown,165,550,110,53,15,216,134,168,113,80,100,0,22,50,242,0,0,0,60,0,160,2,1,0,258,0,0,0,0,5012-35-0,/Game/Monsters/npc_1339/npc_1339/SkeletalMeshes/npc_1339,LNPC0182
npc_1340,1340,Fighter Clown,170,600,110,55,16,257,138,143,96,83,105,0,21,100,244,1015,0,0,60,0,230,3,1,0,258,0,0,0,0,5012-36-0,/Game/Monsters/npc_1340/npc_1340/SkeletalMeshes/npc_1340,LNPC0183
npc_1341,1341,Ranger Clown,175,500,95,57,17,238,141,165,112,86,90,0,26,100,246,203,0,0,60,0,2500,5,1,0,258,0,0,0,0,5012-37-0,/Game/Monsters/npc_1341/npc_1341/SkeletalMeshes/npc_1341,LNPC0185
npc_1342,1342,Clown Swordsman,250,700,160,58,21,283,143,202,137,87,110,0,24,100,247,403,0,0,60,0,230,8,1,0,258,0,0,0,0,,/Game/Monsters/npc_1342/npc_1342/SkeletalMeshes/npc_1342,LNPC1342
npc_1343,1343,Wise Clown,350,700,250,65,116,359,155,286,196,97,110,0,87,1500,253,136,0,0,60,0,230,11,1,0,258,0,0,0,0,,/Game/Monsters/npc_1343/npc_1343/SkeletalMeshes/npc_1343,LNPC1343
npc_1344,1344,Doonga,120,400,110,58,17,260,143,168,114,87,100,0,22,100,248,0,0,0,60,0,190,1,1,0,246,0,0,0,0,,/Game/Monsters/npc_1344/npc_1344/SkeletalMeshes/npc_1344,LNPC1344
npc_1345,1345,Doonga,125,400,115,59,17,265,145,171,116,89,100,0,22,100,250,0,0,0,60,0,190,1,1,0,246,0,0,0,0,,/Game/Monsters/npc_1345/npc_1345/SkeletalMeshes/npc_1345,LNPC1344
npc_1346,1346,Doonga Fighter,220,600,165,63,19,296,152,166,113,94,105,0,21,100,259,1002,0,0,60,0,240,3,0,0,246,0,0,0,0,5013-33-0,/Game/Monsters/npc_1346/npc_1346/SkeletalMeshes/npc_1346,LNPC0154
npc_1347,1347,Doonga Leader,230,700,165,66,24,324,157,233,160,99,90,0,112,100,266,139,0,0,60,0,290,8,0,0,246,0,0,0,0,,/Game/Monsters/npc_1347/npc_1347/SkeletalMeshes/npc_1347,LNPC0157
npc_1348,1348,Doonga Captain,300,700,200,68,32,352,161,261,180,102,107,0,114,100,269,137,5,0,60,0,300,9,0,0,246,0,0,0,0,151-31-0,/Game/Monsters/npc_1348/npc_1348/SkeletalMeshes/npc_1348,LNPC0158
npc_1349,1349,Doonga Hunter,300,700,250,71,22,328,166,200,138,106,97,0,27,100,274,1045,0,0,60,0,2000,6,0,0,246,0,0,0,0,5013-34-0,/Game/Monsters/npc_1349/npc_1349/SkeletalMeshes/npc_1349,LNPC0156
npc_1350,1350,Master Doonga,350,700,300,73,28,360,170,261,181,109,110,0,112,100,282,0,0,0,60,0,260,8,1,0,246,0,0,0,0,,/Game/Monsters/npc_1350/npc_1350/SkeletalMeshes/npc_1350,LNPC0159
npc_1351,1351,Doonga Assassin,300,700,300,74,23,313,172,221,153,111,90,0,26,100,290,1043,0,0,60,0,2000,5,0,0,246,0,0,0,0,,/Game/Monsters/npc_1351/npc_1351/SkeletalMeshes/npc_1351,LNPC1351
npc_1352,1352,Doonga Assassin,300,700,300,75,23,317,174,224,156,112,90,0,26,100,292,1043,0,0,60,0,2000,5,0,0,246,0,0,0,0,,/Game/Monsters/npc_1352/npc_1352/SkeletalMeshes/npc_1352,LNPC1351
npc_1353,1353,Doonga Swordsman,400,700,320,76,24,381,176,182,127,114,107,0,113,100,298,138,5,0,60,0,300,4,0,0,246,0,0,0,0,,/Game/Monsters/npc_1353/npc_1353/SkeletalMeshes/npc_1353,LNPC1353
npc_1354,1354,Doonga Swordsman,450,700,320,77,25,386,178,185,129,115,107,0,113,100,303,138,5,0,60,0,300,4,0,0,246,0,0,0,0,,/Game/Monsters/npc_1354/npc_1354/SkeletalMeshes/npc_1354,LNPC1353
npc_1355,1355,Grand Master Doonga,500,700,450,83,159,464,189,379,266,124,110,0,70,1500,306,139,5,0,60,0,300,11,0,0,246,0,0,0,0,,/Game/Monsters/npc_1355/npc_1355/SkeletalMeshes/npc_1355,LNPC1355
npc_1356,1356,Little Krawfy,220,550,80,70,22,316,165,207,143,105,100,0,22,100,272,0,0,0,60,0,230,1,0,0,234,0,0,0,0,,/Game/Monsters/npc_1356/npc_1356/SkeletalMeshes/npc_1356,LNPC1356
npc_1357,1357,Little Krawfy,300,550,85,71,22,321,166,211,146,106,100,0,22,100,275,0,0,0,60,0,230,1,0,0,234,0,0,0,0,,/Game/Monsters/npc_1357/npc_1357/SkeletalMeshes/npc_1357,LNPC1356
npc_1358,1358,Krawfy,250,600,120,72,22,340,168,193,133,108,100,0,21,100,279,0,0,0,60,0,230,3,0,0,234,0,0,0,0,3007-31-0,/Game/Monsters/npc_1358/npc_1358/SkeletalMeshes/npc_1358,LNPC0121
npc_1359,1359,Krawfy Warrior,300,700,150,75,23,375,174,179,125,112,105,0,115,100,293,0,0,0,60,0,240,4,0,0,234,0,0,0,0,3407-31-0,/Game/Monsters/npc_1359/npc_1359/SkeletalMeshes/npc_1359,LNPC0122
npc_1360,1360,Krawfy Swordsman,350,700,200,76,24,381,176,182,127,114,107,0,115,100,299,0,0,0,60,0,240,4,0,0,234,0,0,0,0,,/Game/Monsters/npc_1360/npc_1360/SkeletalMeshes/npc_1360,LNPC1360
npc_1361,1361,Krawfy Captain,400,700,200,78,37,407,180,305,213,117,110,0,114,100,307,0,0,0,60,0,250,9,0,0,234,0,0,0,0,,/Game/Monsters/npc_1361/npc_1361/SkeletalMeshes/npc_1361,LNPC0123
npc_1362,1362,Giant Krawfy,500,700,350,86,167,482,195,395,278,129,110,0,61,1500,317,0,0,0,60,0,250,11,0,0,234,0,0,0,0,,/Game/Monsters/npc_1362/npc_1362/SkeletalMeshes/npc_1362,LNPC1362
npc_1363,1363,Little Kaiman,220,700,140,72,22,326,168,214,148,108,100,0,116,100,280,103,0,0,60,0,250,1,1,0,242,0,0,0,0,,/Game/Monsters/npc_1363/npc_1363/SkeletalMeshes/npc_1363,LNPC1363
npc_1364,1364,Little Kaiman,220,700,145,73,23,345,170,196,136,109,105,0,116,100,283,103,0,0,60,0,250,1,1,0,242,0,0,0,0,,/Game/Monsters/npc_1364/npc_1364/SkeletalMeshes/npc_1364,LNPC1363
npc_1365,1365,Kaiman,300,700,180,75,23,356,174,202,140,112,105,0,1,100,294,104,0,0,60,0,250,3,1,0,242,0,0,0,0,,/Game/Monsters/npc_1365/npc_1365/SkeletalMeshes/npc_1365,LNPC0141
npc_1366,1366,Kaiman Ranger,250,700,220,77,25,326,178,231,161,115,90,0,11,100,304,1045,0,0,60,0,2400,5,1,0,242,0,0,0,0,,/Game/Monsters/npc_1366/npc_1366/SkeletalMeshes/npc_1366,LNPC0144
npc_1367,1367,Kaiman Guard,300,700,180,79,25,327,181,262,183,118,95,0,116,100,311,106,5,0,60,0,260,2,0,0,242,0,0,0,0,,/Game/Monsters/npc_1367/npc_1367/SkeletalMeshes/npc_1367,LNPC0142
npc_1368,1368,Kaiman Swordsman,350,700,280,82,32,408,187,299,209,123,107,0,117,100,321,107,6,0,60,0,260,8,0,0,242,0,0,0,0,,/Game/Monsters/npc_1368/npc_1368/SkeletalMeshes/npc_1368,LNPC1368
npc_1369,1369,Giant Kaiman Ranger,450,700,350,90,177,506,203,417,295,135,110,0,70,1500,336,209,0,0,60,0,2400,11,1,0,242,0,0,0,0,,/Game/Monsters/npc_1369/npc_1369/SkeletalMeshes/npc_1369,LNPC1369
npc_1370,1370,Jewel Golem,300,650,150,83,27,379,189,252,177,124,100,0,63,100,327,0,0,0,60,0,220,1,2,0,250,0,0,0,0,,/Game/Monsters/npc_1370/npc_1370/SkeletalMeshes/npc_1370,LNPC0161
npc_1371,1371,Golem,290,700,180,84,27,384,191,256,180,126,100,0,63,100,332,0,0,0,60,0,230,2,2,0,250,0,0,0,0,,/Game/Monsters/npc_1371/npc_1371/SkeletalMeshes/npc_1371,LNPC1371
npc_1372,1372,Master Golem,320,700,200,87,29,440,197,214,150,130,95,0,372,700,346,1116,0,0,60,0,250,4,2,0,250,0,0,0,0,,/Game/Monsters/npc_1372/npc_1372/SkeletalMeshes/npc_1372,LNPC0163
npc_1373,1373,Giant Golem,250,700,320,91,76,503,205,422,299,137,105,0,63,600,350,407,0,0,60,0,250,10,2,0,250,0,0,0,0,,/Game/Monsters/npc_1373/npc_1373/SkeletalMeshes/npc_1373,LNPC1373
npc_1374,1374,Golem Origin,150,700,220,88,29,445,199,216,153,132,107,0,372,100,351,0,0,0,60,0,250,4,2,0,250,0,0,0,0,,/Game/Monsters/npc_1374/npc_1374/SkeletalMeshes/npc_1374,LNPC1374
npc_1375,1375,Blood Golem,280,700,235,89,36,445,201,329,232,134,100,0,373,100,358,135,0,0,60,0,250,8,2,0,250,0,0,0,0,,/Game/Monsters/npc_1375/npc_1375/SkeletalMeshes/npc_1375,LNPC1375
npc_1376,1376,Blood Golem,300,700,235,90,36,451,203,334,236,135,105,0,373,100,364,135,0,0,60,0,250,8,2,0,250,0,0,0,0,,/Game/Monsters/npc_1376/npc_1376/SkeletalMeshes/npc_1376,LNPC1375
npc_1377,1377,Blood Golem Guardian,250,700,250,92,46,486,207,371,263,138,110,0,64,120,377,39,0,0,60,0,250,9,2,0,250,0,0,0,0,,/Game/Monsters/npc_1377/npc_1377/SkeletalMeshes/npc_1377,LNPC1378
npc_1378,1378,Grand Master Golem,350,700,350,98,198,556,219,462,329,148,110,0,65,1500,382,40,0,0,60,0,250,11,2,0,250,0,0,0,0,,/Game/Monsters/npc_1378/npc_1378/SkeletalMeshes/npc_1378,LNPC1377
npc_1379,1379,Little Stone Golem,200,550,150,85,28,389,193,260,183,127,100,0,62,100,337,0,0,0,60,0,190,1,2,0,250,0,0,0,0,,/Game/Monsters/npc_1379/npc_1379/SkeletalMeshes/npc_1379,LNPC1379
npc_1380,1380,Little Stone Golem,200,600,150,86,28,394,195,263,185,129,100,0,62,100,343,0,0,0,60,0,190,1,2,0,250,0,0,0,0,,/Game/Monsters/npc_1380/npc_1380/SkeletalMeshes/npc_1380,LNPC1379
npc_1381,1381,Stone Golem,250,700,170,88,29,367,199,298,210,132,95,0,62,100,352,0,0,0,60,0,190,2,2,0,250,0,0,0,0,135-31-0,/Game/Monsters/npc_1381/npc_1381/SkeletalMeshes/npc_1381,LNPC0164
npc_1382,1382,Canyon Golem,300,650,200,90,30,456,203,222,157,135,107,0,375,100,365,1064,0,0,60,0,250,4,2,0,250,0,0,0,0,,/Game/Monsters/npc_1382/npc_1382/SkeletalMeshes/npc_1382,LNPC1382
npc_1383,1383,Canyon Golem,350,700,200,91,30,462,205,225,159,137,107,0,375,100,372,1064,0,0,60,0,250,4,2,0,250,0,0,0,0,,/Game/Monsters/npc_1383/npc_1383/SkeletalMeshes/npc_1383,LNPC1382
npc_1384,1384,Master Stone Golem,280,650,220,92,46,486,207,371,263,138,110,0,376,100,378,1128,0,0,60,0,250,9,2,0,250,0,0,0,0,,/Game/Monsters/npc_1384/npc_1384/SkeletalMeshes/npc_1384,LNPC1384
npc_1385,1385,Giant Stone Golem,350,700,280,99,201,562,221,468,333,150,110,0,66,100,386,1064,0,0,60,0,250,11,2,0,250,0,0,0,0,,/Game/Monsters/npc_1385/npc_1385/SkeletalMeshes/npc_1385,LNPC1385
npc_1386,1386,Little WormGon,230,400,180,91,30,381,205,310,219,137,95,1,52,1650,373,1084,0,0,60,0,1200,2,1,0,270,0,0,0,0,,/Game/Monsters/npc_1386/npc_1386/SkeletalMeshes/npc_1386,LNPC0202
npc_1387,1387,Worm Dragon,300,500,250,95,32,484,213,237,168,143,107,1,51,120,391,1084,0,0,60,0,900,4,1,0,270,0,0,0,0,156-31-0,/Game/Monsters/npc_1387/npc_1387/SkeletalMeshes/npc_1387,LNPC0201
npc_1388,1388,Giant Worm Dragon,300,500,350,100,204,568,223,474,338,151,110,1,79,1500,404,1084,0,0,60,0,900,11,1,0,270,0,0,0,0,,/Game/Monsters/npc_1388/npc_1388/SkeletalMeshes/npc_1388,LNPC1388
npc_1389,1389,Goblin Pong,150,350,90,60,17,269,146,174,119,90,100,0,3,100,254,0,0,0,60,0,800,1,2,0,0,0,0,0,0,,/Game/Monsters/npc_1389/npc_1389/SkeletalMeshes/npc_1389,LNPC1389
npc_1390,1390,Goblin Tong,250,400,100,65,20,266,155,210,144,97,95,0,2,100,264,0,0,0,60,0,800,2,2,0,0,0,0,0,0,,/Game/Monsters/npc_1390/npc_1390/SkeletalMeshes/npc_1390,LNPC1390
npc_1391,1391,Goblin Kung,300,600,110,70,22,331,165,186,129,105,105,0,1,100,273,0,0,0,60,0,800,3,2,0,0,0,0,0,0,,/Game/Monsters/npc_1391/npc_1391/SkeletalMeshes/npc_1391,LNPC1391
npc_1392,1392,Needle Bat,450,750,90,63,19,313,152,147,101,94,107,0,326,100,260,1076,0,0,60,0,180,4,1,0,182,0,0,0,0,,/Game/Monsters/npc_1392/npc_1392/SkeletalMeshes/npc_1392,LNPC0256
npc_1393,1393,Little Goblin,210,850,80,63,19,283,152,184,126,94,100,0,327,100,261,1013,0,0,60,0,250,1,1,0,266,0,0,0,0,,/Game/Monsters/npc_1393/npc_1393/SkeletalMeshes/npc_1393,LNPC1393
npc_1394,1394,Little Goblin Worker,210,850,80,65,20,293,155,191,131,97,100,0,327,100,265,1015,0,0,60,0,250,1,1,0,266,0,0,0,0,,/Game/Monsters/npc_1394/npc_1394/SkeletalMeshes/npc_1394,LNPC1394
npc_1395,1395,Little Goblin Mace,230,850,80,67,20,316,159,177,122,100,105,0,1,100,268,35,2,0,60,0,250,3,0,0,266,0,0,0,0,,/Game/Monsters/npc_1395/npc_1395/SkeletalMeshes/npc_1395,LNPC1395
npc_1396,1396,Little Goblin Sword,300,850,80,69,21,326,163,183,127,103,105,0,1,100,271,1014,2,0,60,0,250,3,0,0,266,0,0,0,0,,/Game/Monsters/npc_1396/npc_1396/SkeletalMeshes/npc_1396,LNPC1396
npc_1397,1397,Little Goblin Spear,225,850,80,71,22,354,166,168,117,106,107,0,109,100,276,169,0,0,60,0,350,4,0,0,266,0,0,0,0,,/Game/Monsters/npc_1397/npc_1397/SkeletalMeshes/npc_1397,LNPC1397
npc_1398,1398,Little Goblin Throw,200,750,90,73,23,308,170,217,151,109,90,0,11,100,284,1080,0,0,60,0,800,5,1,0,266,0,0,0,0,,/Game/Monsters/npc_1398/npc_1398/SkeletalMeshes/npc_1398,LNPC1398
npc_1399,1399,Little Goblin Guard,300,850,90,75,23,310,174,247,172,112,95,0,327,100,295,38,2,0,60,0,250,2,0,0,266,0,0,0,0,813-31,/Game/Monsters/npc_1399/npc_1399/SkeletalMeshes/npc_1399,LNPC1399
npc_1400,1400,Little Goblin Magician,220,750,90,77,25,318,178,185,193,115,90,1,118,100,305,308,0,0,60,0,350,7,1,0,266,0,0,0,0,,/Game/Monsters/npc_1400/npc_1400/SkeletalMeshes/npc_1400,LNPC1400
npc_1401,1401,Little Goblin Double Sword,300,850,90,79,25,397,181,191,133,118,107,0,109,100,312,435,0,0,60,0,250,4,0,0,266,0,0,0,0,,/Game/Monsters/npc_1401/npc_1401/SkeletalMeshes/npc_1401,LNPC1401
npc_1402,1402,Little Goblin Double Mace,300,850,100,85,69,468,193,389,274,127,110,0,48,600,322,434,0,0,60,0,250,10,0,0,266,0,0,0,0,,/Game/Monsters/npc_1402/npc_1402/SkeletalMeshes/npc_1402,LNPC1402
npc_1403,1403,Goblin Sword,350,850,130,92,30,443,207,257,182,138,105,0,105,100,379,103,2,0,60,0,250,3,0,0,266,0,0,0,0,,/Game/Monsters/npc_1403/npc_1403/SkeletalMeshes/npc_1403,LNPC1403
npc_1404,1404,Goblin Mace,350,850,130,93,32,473,209,231,164,140,107,0,109,100,383,40,2,0,60,0,250,4,0,0,266,0,0,0,0,,/Game/Monsters/npc_1404/npc_1404/SkeletalMeshes/npc_1404,LNPC1404
npc_1405,1405,Goblin Polearms,400,850,140,95,39,478,213,356,253,143,110,0,117,100,392,169,0,0,60,0,350,8,0,0,266,0,0,0,0,,/Game/Monsters/npc_1405/npc_1405/SkeletalMeshes/npc_1405,LNPC1405
npc_1406,1406,Goblin Knuckler,500,850,140,98,33,501,219,246,175,148,107,0,109,100,401,404,0,0,60,0,250,4,0,0,266,0,0,0,0,,/Game/Monsters/npc_1406/npc_1406/SkeletalMeshes/npc_1406,LNPC1406
npc_1407,1407,Goblin Wizard,220,750,150,102,35,432,227,259,277,155,90,1,119,100,410,305,0,0,60,0,350,7,1,0,266,0,0,0,0,,/Game/Monsters/npc_1407/npc_1407/SkeletalMeshes/npc_1407,LNPC1407
npc_1408,1408,Jam Goblin Wizard,300,750,160,103,52,550,229,426,304,156,110,1,119,100,411,306,61,0,60,0,350,9,1,0,266,0,0,0,0,,/Game/Monsters/npc_1408/npc_1408/SkeletalMeshes/npc_1408,LNPC1408
npc_1409,1409,Grand Goblin Wizard,400,750,230,109,210,624,241,527,378,166,110,1,49,1500,413,308,63,0,60,0,350,11,1,0,266,0,0,0,0,,/Game/Monsters/npc_1409/npc_1409/SkeletalMeshes/npc_1409,LNPC1409
npc_1421,1421,Slag,220,506,85,73,23,331,170,217,151,109,100,0,139,100,285,0,0,0,60,0,300,1,0,276,274,0,0,0,0,2060N-1-0,/Game/Monsters/npc_1421/npc_1421/SkeletalMeshes/npc_1421,LNPC0331
npc_1422,1422,Devil Pest Slag,220,600,185,75,23,310,174,247,172,112,95,0,190,100,296,0,0,0,60,0,300,2,0,276,274,0,0,0,0,,/Game/Monsters/npc_1422/npc_1422/SkeletalMeshes/npc_1422,LNPC1422
npc_1423,1423,Little Wolf,215,650,100,76,24,345,176,228,159,114,100,0,121,100,300,0,0,0,60,0,200,1,1,0,282,0,0,0,0,,/Game/Monsters/npc_1423/npc_1423/SkeletalMeshes/npc_1423,LNPC1423
npc_1424,1424,Starving Wolf,240,750,180,78,25,371,180,211,147,117,105,0,123,100,308,0,0,0,60,0,200,3,1,0,282,0,0,0,0,,/Game/Monsters/npc_1424/npc_1424/SkeletalMeshes/npc_1424,LNPC1424
npc_1425,1425,Little Wolverine,250,1050,200,81,26,407,185,196,137,121,107,0,333,100,318,0,0,0,60,0,200,4,1,0,282,0,0,0,0,,/Game/Monsters/npc_1425/npc_1425/SkeletalMeshes/npc_1425,LNPC1425
npc_1426,1426,Mini Mammoth,260,850,165,82,26,374,187,249,174,123,100,0,139,100,323,0,0,0,60,0,230,1,2,320,0,0,0,0,0,,/Game/Monsters/npc_1426/npc_1426/SkeletalMeshes/npc_1426,LNPC0377
npc_1427,1427,Poisoned Mini Mammoth,310,1050,165,83,27,379,189,252,177,124,100,0,136,600,328,0,0,0,60,0,230,1,0,320,318,0,0,0,0,,/Game/Monsters/npc_1427/npc_1427/SkeletalMeshes/npc_1427,LNPC1427
npc_1428,1428,Wolf King,250,1050,400,88,72,485,199,406,286,132,110,0,332,600,338,0,0,0,60,0,300,10,1,0,282,0,0,0,0,,/Game/Monsters/npc_1428/npc_1428/SkeletalMeshes/npc_1428,LNPC1428
npc_1429,1429,Mammoth,310,1050,300,91,76,503,205,422,299,137,107,0,136,600,353,0,0,0,60,0,230,10,2,320,0,0,0,0,0,,/Game/Monsters/npc_1429/npc_1429/SkeletalMeshes/npc_1429,LNPC1429
npc_1430,1430,Vulcan,280,850,240,87,29,417,197,240,169,130,105,0,144,100,347,0,0,0,60,0,250,3,0,304,302,0,0,0,0,,/Game/Monsters/npc_1430/npc_1430/SkeletalMeshes/npc_1430,LNPC1430
npc_1431,1431,HellVulcan,280,850,300,88,29,445,199,216,153,132,107,0,144,100,354,759,0,0,60,0,250,4,0,304,302,0,0,0,0,,/Game/Monsters/npc_1431/npc_1431/SkeletalMeshes/npc_1431,LNPC1431
npc_1432,1432,Berdy Pang,280,900,300,90,30,377,203,306,216,135,100,0,144,100,366,0,0,0,60,0,200,2,0,304,302,0,0,0,0,,/Game/Monsters/npc_1432/npc_1432/SkeletalMeshes/npc_1432,LNPC1432
npc_1433,1433,Little Hell Mag,280,900,110,90,30,456,203,222,157,135,105,0,143,100,367,0,0,0,60,0,200,4,0,304,302,0,0,0,0,,/Game/Monsters/npc_1433/npc_1433/SkeletalMeshes/npc_1433,LNPC1433
npc_1434,1434,Hell Mag,280,900,400,94,78,521,211,439,312,142,107,0,147,600,374,40,0,0,60,0,300,10,0,304,302,0,0,0,0,,/Game/Monsters/npc_1434/npc_1434/SkeletalMeshes/npc_1434,LNPC1434
npc_1435,1435,Junior Dreadnought,260,700,85,89,29,427,201,247,174,134,105,0,122,100,359,0,0,0,60,0,200,3,0,312,310,0,0,0,0,,/Game/Monsters/npc_1435/npc_1435/SkeletalMeshes/npc_1435,LNPC1435
npc_1436,1436,Yeti Kid,220,650,100,91,30,419,205,282,199,137,100,0,124,100,375,1008,0,0,60,0,250,1,1,0,281,0,0,0,0,,/Game/Monsters/npc_1436/npc_1436/SkeletalMeshes/npc_1436,LNPC1436
npc_1437,1437,Assistant Ruper Magician,200,700,100,95,32,439,213,297,211,143,100,1,128,100,393,1064,0,0,60,0,1200,1,1,0,286,0,0,0,0,,/Game/Monsters/npc_1437/npc_1437/SkeletalMeshes/npc_1437,LNPC1437
npc_1438,1438,Yeti Warrior,235,750,150,96,33,490,215,240,171,145,107,0,127,100,395,1009,0,0,60,0,250,4,0,0,281,0,0,0,0,,/Game/Monsters/npc_1438/npc_1438/SkeletalMeshes/npc_1438,LNPC1438
npc_1439,1439,Ruper Soulest,210,700,150,100,34,422,223,253,270,151,90,1,138,100,405,1064,0,0,60,0,1500,7,1,0,286,0,0,0,0,,/Game/Monsters/npc_1439/npc_1439/SkeletalMeshes/npc_1439,LNPC1439
npc_1440,1440,Yeti Rider Rian,275,640,240,103,35,529,229,262,187,156,107,1,130,100,412,1104,0,0,60,0,400,4,0,0,0,0,0,0,0,,/Game/Monsters/npc_1440/npc_1440/SkeletalMeshes/npc_1440,LNPC1440
npc_1441,1441,Yeti Rider Elder Rian,275,640,245,104,35,534,231,265,189,158,107,1,130,100,414,1105,0,0,60,0,400,4,0,0,0,0,0,0,0,,/Game/Monsters/npc_1441/npc_1441/SkeletalMeshes/npc_1441,LNPC1441
npc_1442,1442,Giant Golden Yeti,235,750,280,106,42,539,235,407,291,161,110,0,127,100,417,1009,0,0,60,0,400,8,0,0,281,0,0,0,0,,/Game/Monsters/npc_1442/npc_1442/SkeletalMeshes/npc_1442,LNPC1442
npc_1443,1443,Rider Magician,275,800,190,108,35,460,239,278,299,165,90,1,130,100,420,1092,0,0,60,0,1500,7,0,0,290,0,0,0,0,,/Game/Monsters/npc_1443/npc_1443/SkeletalMeshes/npc_1443,LNPC1443
npc_1444,1444,Rider Spearman,280,640,270,105,35,540,233,268,192,160,107,1,130,100,416,1104,0,0,60,0,400,4,0,0,0,0,0,0,0,,/Game/Monsters/npc_1444/npc_1444/SkeletalMeshes/npc_1444,LNPC1444
npc_1445,1445,Rider Horseman,285,700,270,106,52,568,235,441,316,161,110,1,130,150,418,1105,0,0,60,0,400,9,0,0,0,0,0,0,0,,/Game/Monsters/npc_1445/npc_1445/SkeletalMeshes/npc_1445,LNPC1445
npc_1450,1450,Lunaris Bear,200,850,150,210,50,500,800,451,258,170,100,0,406,500,432,1128,0,0,60,0,250,1,0,0,266,0,0,0,0,,/Game/Monsters/npc_1450/npc_1450/SkeletalMeshes/npc_1450,LNPC1450
npc_1451,1451,Gangster Henchman Rico,230,900,150,210,50,500,800,454,261,171,100,0,402,500,432,882,0,0,60,0,250,1,0,0,266,0,0,0,0,,/Game/Monsters/npc_1451/npc_1451/SkeletalMeshes/npc_1451,LNPC1451
npc_1452,1452,Gangster Henchman Suave,250,850,180,210,50,500,800,545,238,173,100,0,402,500,432,1125,0,0,60,0,250,3,0,0,266,0,0,0,0,,/Game/Monsters/npc_1452/npc_1452/SkeletalMeshes/npc_1452,LNPC1452
npc_1453,1453,Gangster Pang Will,230,900,180,210,50,500,800,654,240,175,100,0,24,500,433,0,0,0,60,0,250,3,0,0,266,0,0,0,0,,/Game/Monsters/npc_1453/npc_1453/SkeletalMeshes/npc_1453,LNPC1453
npc_1454,1454,Gangster Pang Al,300,850,185,215,50,500,800,554,216,176,100,0,402,500,433,1127,0,0,60,0,250,4,0,0,266,0,0,0,0,,/Game/Monsters/npc_1454/npc_1454/SkeletalMeshes/npc_1454,LNPC1454
npc_1455,1455,Gangster Pang Knuckle Al,300,900,200,215,50,500,800,568,219,178,100,0,402,500,434,412,0,0,60,0,250,4,0,0,266,0,0,0,0,,/Game/Monsters/npc_1455/npc_1455/SkeletalMeshes/npc_1455,LNPC1455
npc_1456,1456,Gangster Pang Little Jack,250,750,180,215,60,500,800,587,332,180,100,0,400,500,434,1126,1080,0,60,0,750,8,0,0,266,0,0,0,0,,/Game/Monsters/npc_1456/npc_1456/SkeletalMeshes/npc_1456,LNPC1456
npc_1457,1457,Gangster Pang Jack,230,900,200,217,70,500,800,552,368,183,100,0,400,500,435,1126,1080,0,60,0,1200,9,0,0,266,0,0,0,0,,/Game/Monsters/npc_1457/npc_1457/SkeletalMeshes/npc_1457,LNPC1457
npc_1458,1458,Firecracker Penguin,200,800,75,1,28,130,100,100,90,35,97,0,463,500,435,1134,0,0,60,0,1500,6,0,0,266,0,0,0,0,,/Game/Monsters/npc_1458/npc_1458/SkeletalMeshes/npc_1458,LNPC0294
npc_1459,1459,Penguin Swordsman,400,850,150,217,50,500,800,654,257,185,100,0,403,500,436,1127,302,0,60,0,250,3,0,0,266,0,0,0,0,,/Game/Monsters/npc_1459/npc_1459/SkeletalMeshes/npc_1459,LNPC1459
npc_1460,1460,Penguin Warrior,230,800,170,217,50,500,800,564,231,187,100,0,403,500,436,1127,304,0,60,0,250,4,0,0,266,0,0,0,0,,/Game/Monsters/npc_1460/npc_1460/SkeletalMeshes/npc_1460,LNPC1460
npc_1461,1461,Penguin Sword Saint,300,900,190,217,50,500,800,544,351,188,100,0,403,500,437,781,0,0,60,0,250,8,0,0,266,0,0,0,0,,/Game/Monsters/npc_1461/npc_1461/SkeletalMeshes/npc_1461,LNPC1461
npc_1462,1462,Penguin Commander,200,950,150,220,200,1400,1000,1500,384,190,200,0,24,2000,438,781,0,0,60,0,250,9,0,0,266,0,0,0,0,,/Game/Monsters/npc_1462/npc_1462/SkeletalMeshes/npc_1462,LNPC1462
npc_1463,1463,Igloo Tangle,220,700,200,220,300,1500,1500,564,260,187,200,0,404,1000,438,0,0,0,60,0,250,3,0,0,266,0,0,0,0,,/Game/Monsters/npc_1463/npc_1463/SkeletalMeshes/npc_1463,LNPC1463
npc_1464,1464,Igloo Turtle,230,850,160,222,80,500,1000,544,239,192,100,0,404,500,437,0,0,0,60,0,280,4,0,0,266,0,0,0,0,,/Game/Monsters/npc_1464/npc_1464/SkeletalMeshes/npc_1464,LNPC1464
npc_1465,1465,Penguin General,230,850,250,225,300,2000,2000,2000,467,199,200,0,405,2000,439,1129,0,0,60,0,400,10,0,0,266,0,0,0,0,,/Game/Monsters/npc_1465/npc_1465/SkeletalMeshes/npc_1465,LNPC1465
npc_1466,1466,Little FrostWorm,300,1050,140,223,50,500,800,546,284,192,97,1,135,500,436,1094,0,0,60,0,1500,6,2,293,298,0,0,0,0,,/Game/Monsters/npc_1466/npc_1466/SkeletalMeshes/npc_1466,LNPC1466
npc_1467,1467,Frozen Drake,250,1050,350,80,70,500,800,1000,370,197,90,1,135,500,437,1094,0,0,60,0,1500,7,2,293,298,0,0,0,0,,/Game/Monsters/npc_1467/npc_1467/SkeletalMeshes/npc_1467,LNPC1467
npc_1468,1468,Mega Drake,200,1000,500,225,300,2000,2500,1500,492,208,200,1,135,2000,440,1094,0,0,60,0,1500,11,2,293,298,0,0,0,0,,/Game/Monsters/npc_1468/npc_1468/SkeletalMeshes/npc_1468,LNPC1468
npc_1471,1471,Flying Ball,600,600,30,1,1,1,1,1,1,1,1,0,482,0,0,0,0,0,0,0,1000,1,2,0,298,0,0,0,0,WorldCupEvent,/Game/Monsters/npc_1471/npc_1471/SkeletalMeshes/npc_1471,LNPC1471
npc_1472,1472,Soccer Ball PET,100,250,30,30,1000,10,10,1000,1000,1000,100,0,483,0,0,0,0,0,0,0,1000,1,2,0,298,0,0,0,0,,/Game/Monsters/npc_1472/npc_1472/SkeletalMeshes/npc_1472,LNPC1472
npc_1473,1473,Melendino,0,0,100,10,100,100,100,100,100,0,100,0,249,0,70,1130,0,0,0,0,200,999,0,0,0,0,0,0,0,,/Game/Monsters/npc_1473/npc_1473/SkeletalMeshes/npc_1473,LNPC1481
npc_1474,1474,Christmas Tree,0,0,170,200,100000,1,1,100000,100000,100000,1,0,97,1,0,1097,0,1,90,0,1,250,1,0,0,0,0,0,0,,/Game/Monsters/npc_1474/npc_1474/SkeletalMeshes/npc_1474,LNPC0992
npc_1475,1475,,0,0,0,0,0,0,0,0,0,0,0,0,0,0,0,0,0,0,0,0,0,0,0,0,0,0,0,0,0,,/Game/Monsters/npc_1475/npc_1475/SkeletalMeshes/npc_1475,
npc_1476,1476,Baby Spike,500,999,100,180,2000,1000,700,1000,700,100,100,0,162,0,3,0,0,0,100,0,150,0,1,0,0,26,0,0,0,,/Game/Monsters/npc_1476/npc_1476/SkeletalMeshes/npc_1476,LNPC1476
npc_1477,1477,Spike,500,999,100,190,3000,1500,800,1200,800,200,120,0,162,0,3,0,0,0,100,0,150,0,1,0,0,26,0,0,0,,/Game/Monsters/npc_1477/npc_1477/SkeletalMeshes/npc_1477,LNPC1477
npc_1478,1478,Mighty Spike,500,999,100,200,4000,2000,900,1400,900,300,140,0,162,0,3,0,0,0,100,0,150,0,1,0,0,26,0,0,0,,/Game/Monsters/npc_1478/npc_1478/SkeletalMeshes/npc_1478,LNPC1478
npc_1479,1479,Spike the Destroyer,500,999,100,210,5000,2500,1000,1600,1000,400,160,0,162,0,3,0,0,0,100,0,150,0,1,0,0,26,0,0,0,,/Game/Monsters/npc_1479/npc_1479/SkeletalMeshes/npc_1479,LNPC1479
npc_1480,1480,,0,0,0,0,0,0,0,0,0,0,0,0,0,0,0,0,0,0,0,0,0,0,0,0,0,0,0,0,0,,/Game/Monsters/npc_1480/npc_1480/SkeletalMeshes/npc_1480,
npc_1481,1481,Melendino,500,999,100,180,2000,1500,700,700,1000,100,100,0,162,0,3,0,0,0,100,0,1600,0,1,0,0,26,0,0,0,,/Game/Monsters/npc_1481/npc_1481/SkeletalMeshes/npc_1481,LNPC1481
npc_1482,1482,Fluffy,500,999,100,190,3000,2000,800,800,1200,200,110,0,162,0,3,0,0,0,100,0,1600,0,1,0,0,26,0,0,0,,/Game/Monsters/npc_1482/npc_1482/SkeletalMeshes/npc_1482,LNPC1482
npc_1483,1483,Mystic Fluffy,500,999,100,200,4000,2500,900,900,1400,300,120,0,162,0,3,0,0,0,100,0,1600,0,1,0,0,26,0,0,0,,/Game/Monsters/npc_1483/npc_1483/SkeletalMeshes/npc_1483,LNPC1483
npc_1484,1484,Fluffy the Sage,500,999,100,210,5000,3000,1000,1000,1600,400,130,0,162,0,3,0,0,0,100,0,1600,0,1,0,0,26,0,0,0,,/Game/Monsters/npc_1484/npc_1484/SkeletalMeshes/npc_1484,LNPC1484
npc_1485,1485,,0,0,0,0,0,0,0,0,0,0,0,0,0,0,0,0,0,0,0,0,0,0,0,0,0,0,0,0,0,,/Game/Monsters/npc_1485/npc_1485/SkeletalMeshes/npc_1485,
npc_1486,1486,Baby Melody,500,999,100,180,2000,500,700,700,700,100,100,0,162,0,3,0,0,0,100,0,180,0,1,0,0,26,0,0,0,,/Game/Monsters/npc_1486/npc_1486/SkeletalMeshes/npc_1486,LNPC1486
npc_1487,1487,Melody,500,999,100,190,3000,1000,800,800,800,200,110,0,162,0,3,0,0,0,100,0,180,0,1,0,0,26,0,0,0,,/Game/Monsters/npc_1487/npc_1487/SkeletalMeshes/npc_1487,LNPC1487
npc_1488,1488,Magical Melody,500,999,100,200,4000,1500,900,900,900,300,120,0,162,0,3,0,0,0,100,0,180,0,1,0,0,26,0,0,0,,/Game/Monsters/npc_1488/npc_1488/SkeletalMeshes/npc_1488,LNPC1488
npc_1489,1489,Melody the Divine,500,999,100,210,5000,2000,1000,1000,1000,400,130,0,162,0,3,0,0,0,100,0,180,0,1,0,0,26,0,0,0,,/Game/Monsters/npc_1489/npc_1489/SkeletalMeshes/npc_1489,LNPC1489
npc_1501,1501,Captive Doogoliath,0,0,405,60,3250,20,20,500,500,300,100,0,114,0,0,0,0,0,0,0,200,999,0,0,0,0,0,0,0,,/Game/Monsters/npc_1501/npc_1501/SkeletalMeshes/npc_1501,LNPC1501
npc_1502,1502,[Event] Santa Claus,0,0,140,10,100,100,100,100,100,100,100,0,0,0,57,0,0,0,0,0,200,999,0,0,0,0,0,0,0,,/Game/Monsters/npc_1502/npc_1502/SkeletalMeshes/npc_1502,LNPC1502
npc_1511,1511,[Ferrell Guild Staff] Peron,0,0,120,10,100,100,100,100,100,100,100,0,0,0,57,0,0,0,0,0,200,999,0,0,0,0,0,0,0,,/Game/Monsters/npc_1511/npc_1511/SkeletalMeshes/npc_1511,LNPC1511
npc_1512,1512,[Ferrell Guild Staff] Robin,0,0,120,10,100,100,100,100,100,100,100,0,0,0,57,0,0,0,0,0,200,999,0,0,0,0,0,0,0,,/Game/Monsters/npc_1512/npc_1512/SkeletalMeshes/npc_1512,LNPC1512
npc_1513,1513,[Ferrell Guild Staff] Rooen,0,0,120,10,100,100,100,100,100,100,100,0,0,0,57,0,0,0,0,0,200,999,0,0,0,0,0,0,0,,/Game/Monsters/npc_1513/npc_1513/SkeletalMeshes/npc_1513,LNPC1513
npc_1521,1521,Little Reindeer,200,450,100,50,14,223,129,143,96,76,100,0,3,100,500,0,0,0,60,0,140,1,1,304,302,0,0,0,0,,/Game/Monsters/npc_1521/npc_1521/SkeletalMeshes/npc_1521,LNPC1521
npc_1522,1522,Little Reindeer,210,470,110,51,14,228,131,146,98,78,100,0,3,100,501,0,0,0,60,0,150,1,1,304,302,0,0,0,0,,/Game/Monsters/npc_1522/npc_1522/SkeletalMeshes/npc_1522,LNPC1522
npc_1523,1523,Reindeer,250,550,120,52,15,243,132,135,90,79,105,0,384,100,502,0,0,0,60,0,180,3,1,304,302,0,0,0,0,,/Game/Monsters/npc_1523/npc_1523/SkeletalMeshes/npc_1523,LNPC1523
npc_1524,1524,Angry Reindeer,300,650,140,53,15,262,134,122,82,80,107,0,385,100,503,0,0,0,60,0,190,4,1,304,302,0,0,0,0,,/Game/Monsters/npc_1524/npc_1524/SkeletalMeshes/npc_1524,LNPC1524
npc_1525,1525,Thorn Hound,350,750,200,54,16,220,136,171,115,82,107,0,386,100,504,0,0,0,60,0,200,2,1,304,302,0,0,0,0,,/Game/Monsters/npc_1525/npc_1525/SkeletalMeshes/npc_1525,LNPC1525
npc_1526,1526,Thorn Hound,350,750,210,55,16,224,138,175,118,83,107,0,386,100,505,0,0,0,60,0,210,2,1,304,302,0,0,0,0,,/Game/Monsters/npc_1526/npc_1526/SkeletalMeshes/npc_1526,LNPC1526
npc_1527,1527,Frozen Thorn,350,750,250,56,16,277,139,129,87,84,107,0,387,100,506,0,0,0,60,0,260,4,1,304,302,0,0,0,0,,/Game/Monsters/npc_1527/npc_1527/SkeletalMeshes/npc_1527,LNPC1527
npc_1528,1528,Frozen Thorn,350,750,260,57,17,282,141,132,89,86,107,0,387,100,501,0,0,0,60,0,280,4,1,304,302,0,0,0,0,,/Game/Monsters/npc_1528/npc_1528/SkeletalMeshes/npc_1528,LNPC1528
npc_1529,1529,Little Sabertooth,300,650,100,58,17,287,143,134,91,87,107,0,392,100,502,0,0,0,60,0,200,4,1,304,302,0,0,0,0,,/Game/Monsters/npc_1529/npc_1529/SkeletalMeshes/npc_1529,LNPC1529
npc_1530,1530,Little Sabertooth,300,650,110,59,17,292,145,137,93,89,107,0,392,100,503,0,0,0,60,0,210,4,1,304,302,0,0,0,0,,/Game/Monsters/npc_1530/npc_1530/SkeletalMeshes/npc_1530,LNPC1530
npc_1531,1531,Sabertooth,350,750,150,60,22,294,146,209,142,90,110,0,392,100,504,0,0,0,60,0,350,8,1,304,302,0,0,0,0,,/Game/Monsters/npc_1531/npc_1531/SkeletalMeshes/npc_1531,LNPC1531
npc_1532,1532,Little Frozen Tooth,350,750,100,61,28,315,148,231,157,92,110,0,392,100,505,0,0,0,60,0,220,9,1,304,302,0,0,0,0,,/Game/Monsters/npc_1532/npc_1532/SkeletalMeshes/npc_1532,LNPC1532
npc_1533,1533,Little Frozen Tooth,350,750,110,62,29,320,150,235,160,93,110,0,392,100,506,0,0,0,60,0,230,9,1,304,302,0,0,0,0,,/Game/Monsters/npc_1533/npc_1533/SkeletalMeshes/npc_1533,LNPC1533
npc_1534,1534,Little Bebeg,200,450,100,63,19,283,152,184,126,94,185,0,390,100,501,0,0,0,60,0,110,1,1,304,302,0,0,0,0,,/Game/Monsters/npc_1534/npc_1534/SkeletalMeshes/npc_1534,LNPC1534
npc_1535,1535,Bebeg,220,490,130,64,19,262,154,206,141,96,185,0,390,100,502,0,0,0,60,0,180,2,1,304,302,0,0,0,0,,/Game/Monsters/npc_1535/npc_1535/SkeletalMeshes/npc_1535,LNPC1535
npc_1536,1536,Bebeg,220,490,150,65,20,266,155,210,144,97,185,0,390,100,503,0,0,0,60,0,190,2,1,304,302,0,0,0,0,,/Game/Monsters/npc_1536/npc_1536/SkeletalMeshes/npc_1536,LNPC1536
npc_1537,1537,Bebeg Fighter,230,510,200,66,20,311,157,174,120,99,185,0,391,100,504,0,0,0,60,0,220,3,1,304,302,0,0,0,0,,/Game/Monsters/npc_1537/npc_1537/SkeletalMeshes/npc_1537,LNPC1537
npc_1538,1538,Bebeg Warrior,230,510,220,67,20,333,159,158,109,100,185,0,392,100,505,0,0,0,60,0,250,4,1,304,302,0,0,0,0,,/Game/Monsters/npc_1538/npc_1538/SkeletalMeshes/npc_1538,LNPC1538
npc_1539,1539,Little Mountain Bebeg,200,450,150,68,20,321,161,180,124,102,185,0,391,100,506,0,0,0,60,0,110,3,1,304,302,0,0,0,0,,/Game/Monsters/npc_1539/npc_1539/SkeletalMeshes/npc_1539,LNPC1539
npc_1540,1540,Mountain Bebeg  Warrior,220,490,150,69,21,344,163,163,113,103,185,0,392,100,501,0,0,0,60,0,190,4,1,304,302,0,0,0,0,,/Game/Monsters/npc_1540/npc_1540/SkeletalMeshes/npc_1540,LNPC1540
npc_1541,1541,Mountain Bebeg Leader,250,550,200,70,27,345,165,249,172,105,185,0,393,100,502,0,0,0,60,0,210,8,1,304,302,0,0,0,0,,/Game/Monsters/npc_1541/npc_1541/SkeletalMeshes/npc_1541,LNPC1541
npc_1542,1542,Frozen Tooth,400,850,200,75,59,409,174,336,234,112,185,0,394,100,503,0,0,0,60,0,450,10,1,304,302,0,0,0,0,,/Game/Monsters/npc_1542/npc_1542/SkeletalMeshes/npc_1542,LNPC1542
npc_1543,1543,Mountain Bebeg,500,1050,300,80,151,446,183,363,254,120,185,0,395,100,504,0,0,0,60,0,400,11,1,304,302,0,0,0,0,,/Game/Monsters/npc_1543/npc_1543/SkeletalMeshes/npc_1543,LNPC1543
npc_1550,1550,Tiger Sikuku Hunter,200,450,150,170,42,788,379,621,458,277,90,0,379,400,63,1111,0,0,60,0,1500,5,1,26,370,0,0,0,0,,/Game/Monsters/npc_1550/npc_1550/SkeletalMeshes/npc_1550,LNPC1550
npc_1551,1551,Tiger Sikuku Tracker,220,490,150,171,42,870,382,594,438,279,97,0,380,400,64,1111,0,0,60,0,1600,6,1,26,370,0,0,0,0,,/Game/Monsters/npc_1551/npc_1551/SkeletalMeshes/npc_1551,LNPC1551
npc_1552,1552,Tiger Sikuku Captain,240,530,150,172,61,983,384,819,605,281,110,0,381,400,65,1111,0,0,60,0,1700,9,1,26,370,0,0,0,0,,/Game/Monsters/npc_1552/npc_1552/SkeletalMeshes/npc_1552,LNPC1552
npc_1553,1553,Lion Sikuku Assassin,200,450,120,173,42,881,387,603,445,283,97,0,410,400,66,1111,0,0,60,0,1500,6,1,26,370,0,0,0,0,,/Game/Monsters/npc_1553/npc_1553/SkeletalMeshes/npc_1553,LNPC1553
npc_1554,1554,Lion Sikuku Assassin,200,450,130,174,42,887,389,608,449,285,97,0,410,400,67,1111,0,0,60,0,1500,6,1,26,370,0,0,0,0,,/Game/Monsters/npc_1554/npc_1554/SkeletalMeshes/npc_1554,LNPC1554
npc_1555,1555,Lion Sikuku Assassin Leader,220,490,140,175,50,952,392,774,571,287,110,0,411,400,68,1111,0,0,60,0,1600,8,1,26,370,0,0,0,0,,/Game/Monsters/npc_1555/npc_1555/SkeletalMeshes/npc_1555,LNPC1555
npc_1556,1556,Lion Sikuku Assassin Leader,220,490,150,176,50,958,394,780,576,289,110,0,411,400,69,1111,0,0,60,0,1600,8,1,26,370,0,0,0,0,,/Game/Monsters/npc_1556/npc_1556/SkeletalMeshes/npc_1556,LNPC1556
npc_1557,1557,Lion Sikuku Assassin Captain,240,530,160,177,62,1016,397,851,629,291,110,0,412,400,70,1111,0,0,60,0,1700,9,1,26,370,0,0,0,0,,/Game/Monsters/npc_1557/npc_1557/SkeletalMeshes/npc_1557,LNPC1557
npc_1558,1558,Lion Sikuku Assassin Captain,240,530,170,178,62,1023,399,857,634,293,110,0,412,400,71,1111,0,0,60,0,1700,9,1,26,370,0,0,0,0,,/Game/Monsters/npc_1558/npc_1558/SkeletalMeshes/npc_1558,LNPC1558
npc_1559,1559,Sikuku Gargoyle,300,650,100,179,43,937,401,598,442,295,105,0,413,350,63,0,0,0,60,0,200,3,1,64,370,0,0,0,0,,/Game/Monsters/npc_1559/npc_1559/SkeletalMeshes/npc_1559,LNPC1559
npc_1560,1560,Sikuku Gargoyle,300,650,110,180,43,943,404,602,446,297,105,0,413,350,64,0,0,0,60,0,200,3,1,64,370,0,0,0,0,,/Game/Monsters/npc_1560/npc_1560/SkeletalMeshes/npc_1560,LNPC1560
npc_1561,1561,Sikuku Gargoyle Hunter,320,690,120,181,43,929,406,641,474,299,97,0,414,350,65,1140,0,0,60,0,200,6,1,37,370,0,0,0,0,,/Game/Monsters/npc_1561/npc_1561/SkeletalMeshes/npc_1561,LNPC1561
npc_1562,1562,Sikuku Gargoyle Hunter,320,690,130,182,43,935,409,645,478,301,97,0,414,350,66,1140,0,0,60,0,200,6,1,37,370,0,0,0,0,,/Game/Monsters/npc_1562/npc_1562/SkeletalMeshes/npc_1562,LNPC1562
npc_1563,1563,Sikuku Gargoyle Fighter,310,670,140,183,43,1015,411,547,405,303,107,0,415,350,67,1142,0,0,60,0,200,4,1,37,370,0,0,0,0,,/Game/Monsters/npc_1563/npc_1563/SkeletalMeshes/npc_1563,LNPC1563
npc_1564,1564,Sikuku Gargoyle Fighter,310,670,150,184,43,1022,414,551,408,305,107,0,415,350,68,1142,0,0,60,0,200,4,1,37,370,0,0,0,0,,/Game/Monsters/npc_1564/npc_1564/SkeletalMeshes/npc_1564,LNPC1564
npc_1565,1565,Sikuku Gargoyle Shaman,300,650,100,185,43,849,416,555,617,307,90,0,416,350,69,1141,0,0,60,0,1800,7,1,47,370,0,0,0,0,,/Game/Monsters/npc_1565/npc_1565/SkeletalMeshes/npc_1565,LNPC1565
npc_1566,1566,Sikuku Gargoyle Shaman,300,650,110,186,44,855,419,559,622,309,90,0,416,350,70,1141,0,0,60,0,1800,7,1,47,370,0,0,0,0,,/Game/Monsters/npc_1566/npc_1566/SkeletalMeshes/npc_1566,LNPC1566
npc_1567,1567,Sikuku Destroyer,200,450,120,187,44,1041,421,563,417,311,107,0,417,350,489,1110,0,0,60,0,200,4,1,64,370,0,0,0,0,,/Game/Monsters/npc_1567/npc_1567/SkeletalMeshes/npc_1567,LNPC1567
npc_1568,1568,Sikuku Destroyer,200,450,130,188,44,1048,424,567,421,313,107,0,417,450,490,1110,0,0,60,0,200,4,1,64,370,0,0,0,0,,/Game/Monsters/npc_1568/npc_1568/SkeletalMeshes/npc_1568,LNPC1568
npc_1569,1569,Sikuku Killer,220,490,120,189,52,1042,426,857,635,315,110,0,418,450,491,1108,0,0,60,0,200,8,1,64,370,0,0,0,0,,/Game/Monsters/npc_1569/npc_1569/SkeletalMeshes/npc_1569,LNPC1569
npc_1570,1570,Sikuku Killer,220,490,130,190,52,1048,429,863,640,317,110,0,418,450,492,1108,0,0,60,0,200,8,1,64,370,0,0,0,0,,/Game/Monsters/npc_1570/npc_1570/SkeletalMeshes/npc_1570,LNPC1570
npc_1571,1571,Sikuku Elite Slaughterer,400,850,250,195,104,1191,442,1117,829,327,110,0,419,1000,493,1112,0,0,60,0,200,10,1,64,370,0,0,0,0,,/Game/Monsters/npc_1571/npc_1571/SkeletalMeshes/npc_1571,LNPC1571
npc_1572,1572,Cursed Ant Vagabond,400,850,400,210,105,1228,454,1156,859,337,110,0,420,1100,494,1121,0,0,60,0,280,10,1,92,370,0,0,0,0,,/Game/Monsters/npc_1572/npc_1572/SkeletalMeshes/npc_1572,LNPC1572
npc_1576,1576,Ikaness Worker,205,500,120,205,40,700,2000,800,400,317,80,0,424,900,520,1122,0,0,60,0,150,2,1,0,370,0,0,0,0,,/Game/Monsters/npc_1576/npc_1576/SkeletalMeshes/npc_1576,LNPC1576
npc_1577,1577,Ikaness Miner,205,500,150,205,40,700,2000,800,400,319,80,0,425,900,521,1122,0,0,60,0,150,3,1,0,370,0,0,0,0,,/Game/Monsters/npc_1577/npc_1577/SkeletalMeshes/npc_1577,LNPC1577
npc_1578,1578,Ikaness Leader,205,500,120,205,40,700,2000,800,400,321,80,1,426,900,522,1123,0,0,60,0,1800,7,1,0,370,0,0,0,0,,/Game/Monsters/npc_1578/npc_1578/SkeletalMeshes/npc_1578,LNPC1578
npc_1579,1579,Ikaness Guard,205,500,150,205,40,700,2000,800,400,323,80,1,427,900,523,1123,0,0,60,0,1800,7,1,0,370,0,0,0,0,,/Game/Monsters/npc_1579/npc_1579/SkeletalMeshes/npc_1579,LNPC1579
npc_1580,1580,Ikaness Soldier,205,500,180,205,40,700,2000,800,400,325,80,0,428,900,520,1124,0,0,60,0,200,4,1,0,370,0,0,0,0,,/Game/Monsters/npc_1580/npc_1580/SkeletalMeshes/npc_1580,LNPC1580
npc_1581,1581,Ikaness Engineer,205,500,180,205,40,700,2000,800,400,327,80,0,429,900,521,1120,0,0,60,0,1700,6,1,0,370,0,0,0,0,,/Game/Monsters/npc_1581/npc_1581/SkeletalMeshes/npc_1581,LNPC1581
npc_1582,1582,Ikaness Heavygear,205,650,130,205,206,1800,2000,1700,889,348,115,0,430,1500,522,0,0,0,60,0,700,10,1,0,370,0,0,0,0,,/Game/Monsters/npc_1582/npc_1582/SkeletalMeshes/npc_1582,LNPC1582
npc_1583,1583,Orpe,205,500,130,205,40,700,2000,800,400,329,80,1,431,900,523,1115,0,0,60,0,1800,7,1,0,370,0,0,0,0,,/Game/Monsters/npc_1583/npc_1583/SkeletalMeshes/npc_1583,LNPC1583
npc_1584,1584,Eudy,205,500,130,205,40,700,2000,800,400,331,80,0,432,900,520,1119,0,0,60,0,1700,5,1,0,370,0,0,0,0,,/Game/Monsters/npc_1584/npc_1584/SkeletalMeshes/npc_1584,LNPC1584
npc_1585,1585,Orpe Lukete,205,500,150,205,40,700,2000,800,400,333,80,1,433,900,521,1115,0,0,60,0,1800,7,1,0,370,0,0,0,0,,/Game/Monsters/npc_1585/npc_1585/SkeletalMeshes/npc_1585,LNPC1585
npc_1586,1586,Eudy Lukete,205,500,150,205,40,700,2000,800,400,334,80,0,434,900,522,1119,0,0,60,0,1700,6,1,0,370,0,0,0,0,,/Game/Monsters/npc_1586/npc_1586/SkeletalMeshes/npc_1586,LNPC1586
npc_1587,1587,Follen Ant,205,500,250,205,40,700,2000,800,400,335,80,0,435,900,523,0,0,0,60,0,200,2,1,0,370,0,0,0,0,,/Game/Monsters/npc_1587/npc_1587/SkeletalMeshes/npc_1587,LNPC1587
npc_1588,1588,Melt Dizzle,205,500,200,205,40,700,2000,800,400,337,80,0,436,900,520,0,0,0,60,0,300,4,1,0,370,0,0,0,0,,/Game/Monsters/npc_1588/npc_1588/SkeletalMeshes/npc_1588,LNPC1588
npc_1589,1589,Melt Dut,205,500,250,205,40,700,2000,800,400,337,80,0,437,900,521,0,0,0,60,0,300,3,1,0,370,0,0,0,0,,/Game/Monsters/npc_1589/npc_1589/SkeletalMeshes/npc_1589,LNPC1589
npc_1590,1590,Moss Ant,205,500,300,205,40,700,2000,800,400,337,80,0,438,900,522,0,0,0,60,0,200,9,1,0,370,0,0,0,0,,/Game/Monsters/npc_1590/npc_1590/SkeletalMeshes/npc_1590,LNPC1590
npc_1591,1591,Moss Golem,210,500,350,210,300,3000,2000,2000,919,358,130,0,439,2000,523,0,0,0,60,0,200,11,1,0,370,0,0,0,0,,/Game/Monsters/npc_1591/npc_1591/SkeletalMeshes/npc_1591,LNPC1591
npc_1597,1597,Pincer Guardian,250,550,300,245,80,3000,3000,3000,3000,187,100,0,243,7000,0,0,0,0,0,0,240,2,0,332,334,0,0,0,0,JessPincer,/Game/Monsters/npc_1597/npc_1597/SkeletalMeshes/npc_1597,LNPC1597
npc_1598,1598,Hook Guardian,300,650,280,245,80,3000,3000,3000,3000,300,125,0,242,7000,0,0,0,0,0,0,240,3,0,336,338,0,0,0,0,JessHook,/Game/Monsters/npc_1598/npc_1598/SkeletalMeshes/npc_1598,LNPC1598
npc_1599,1599,Sikuku Guardian,300,650,180,245,80,3000,3000,3000,3000,294,100,0,245,7000,0,1025,0,0,0,0,270,3,1,64,370,0,0,0,0,,/Game/Monsters/npc_1599/npc_1599/SkeletalMeshes/npc_1599,LNPC1599
npc_1600,1600,Lion Sikuku Guardian,240,530,220,245,80,3000,3000,3000,3000,333,110,0,246,7000,0,1111,0,0,0,0,1700,9,1,26,370,0,0,0,0,,/Game/Monsters/npc_1600/npc_1600/SkeletalMeshes/npc_1600,LNPC1600
npc_1601,1601,Nepenthes Guardian,100,120,220,245,80,3000,3000,3000,3000,307,100,0,244,7000,0,0,0,0,0,0,220,1,0,340,342,0,0,0,0,JessNepen,/Game/Monsters/npc_1601/npc_1601/SkeletalMeshes/npc_1601,LNPC1601
npc_1602,1602,Predator Guardian,300,650,325,245,80,3000,3000,3000,3000,310,110,0,247,7000,0,0,0,0,0,0,230,3,0,352,354,0,0,0,0,,/Game/Monsters/npc_1602/npc_1602/SkeletalMeshes/npc_1602,LNPC1602
npc_1603,1603,Turak Guardian,300,650,500,245,80,3000,3000,3000,3000,432,120,0,248,7000,0,142,0,0,0,0,270,10,1,92,390,0,0,0,0,TurakHunt,/Game/Monsters/npc_1603/npc_1603/SkeletalMeshes/npc_1603,LNPC1603
npc_1604,1604,,0,0,0,0,0,0,0,0,0,0,0,0,0,0,0,0,0,0,0,0,0,0,0,0,0,0,0,0,0,,/Game/Monsters/npc_1604/npc_1604/SkeletalMeshes/npc_1604,
npc_1605,1605,Battleground Chest F,200,250,40,19,734,58,69,69,29,29,100,0,490,0,0,0,0,0,0,0,0,1,1,0,0,0,0,0,0,,/Game/Monsters/npc_1605/npc_1605/SkeletalMeshes/npc_1605,
npc_1606,1606,Battleground Chest E,200,250,40,19,734,58,69,69,29,29,100,0,491,0,0,0,0,0,0,0,0,1,1,0,0,0,0,0,0,,/Game/Monsters/npc_1606/npc_1606/SkeletalMeshes/npc_1606,
npc_1607,1607,Battleground Chest D,200,250,40,19,734,58,69,69,29,29,100,0,492,0,0,0,0,0,0,0,0,1,1,0,0,0,0,0,0,,/Game/Monsters/npc_1607/npc_1607/SkeletalMeshes/npc_1607,
npc_1608,1608,Battleground Chest C,200,250,40,19,734,58,69,69,29,29,100,0,493,0,0,0,0,0,0,0,0,1,1,0,0,0,0,0,0,,/Game/Monsters/npc_1608/npc_1608/SkeletalMeshes/npc_1608,
npc_1609,1609,Battleground Chest B,200,250,40,19,734,58,69,69,29,29,100,0,494,0,0,0,0,0,0,0,0,1,1,0,0,0,0,0,0,,/Game/Monsters/npc_1609/npc_1609/SkeletalMeshes/npc_1609,
npc_1610,1610,Battleground Chest A,200,250,40,19,734,58,69,69,29,29,100,0,495,0,0,0,0,0,0,0,0,1,1,0,0,0,0,0,0,,/Game/Monsters/npc_1610/npc_1610/SkeletalMeshes/npc_1610,
npc_1611,1611,,0,0,0,0,0,0,0,0,0,0,0,0,0,0,0,0,0,0,0,0,0,0,0,0,0,0,0,0,0,,/Game/Monsters/npc_1611/npc_1611/SkeletalMeshes/npc_1611,
npc_1612,1612,[Sikuku Warrior] Seka,0,0,120,200,100000,100000,100000,100000,100000,100000,100,0,239,0,72,1025,0,0,0,0,200,999,0,0,0,0,0,0,0,,/Game/Monsters/npc_1612/npc_1612/SkeletalMeshes/npc_1612,LNPC1256
npc_1613,1613,[Sikuku Warrior] Kilie,0,0,120,200,100000,100000,100000,100000,100000,100000,100,0,0,0,72,1025,0,0,0,0,200,999,0,0,0,0,0,0,0,,/Game/Monsters/npc_1613/npc_1613/SkeletalMeshes/npc_1613,LNPC1257
npc_1614,1614,[Cleric] Jess,0,0,100,200,100000,100000,100000,100000,100000,100000,100,0,0,0,72,0,0,0,0,0,200,999,0,0,0,552,0,0,0,,/Game/Monsters/npc_1614/npc_1614/SkeletalMeshes/npc_1614,LNPC1614
npc_1615,1615,[Sikuku Warrior] Guduka,0,0,120,200,100000,100000,100000,100000,100000,100000,100,0,0,0,72,1025,0,0,0,0,200,999,0,0,0,559,560,0,0,,/Game/Monsters/npc_1615/npc_1615/SkeletalMeshes/npc_1615,LNPC1615
npc_1616,1616,[Monkey] Peter Longtail,0,0,100,200,100000,100000,100000,100000,100000,100000,100,0,0,0,72,0,0,0,0,0,200,999,0,0,0,0,0,0,0,,/Game/Monsters/npc_1616/npc_1616/SkeletalMeshes/npc_1616,LNPC1616
npc_1617,1617,,0,0,0,0,0,0,0,0,0,0,0,0,0,0,0,0,0,0,0,0,0,0,0,0,0,0,0,0,0,,/Game/Monsters/npc_1617/npc_1617/SkeletalMeshes/npc_1617,
npc_1618,1618,Red,0,0,0,0,0,0,0,0,0,0,0,0,0,0,0,0,0,0,0,0,0,0,0,0,0,0,0,0,0,,/Game/Monsters/npc_1618/npc_1618/SkeletalMeshes/npc_1618,
npc_1619,1619,Red,0,0,0,0,0,0,0,0,0,0,0,0,0,0,0,0,0,0,0,0,0,0,0,0,0,0,0,0,0,,/Game/Monsters/npc_1619/npc_1619/SkeletalMeshes/npc_1619,
npc_1620,1620,Red,0,0,0,0,0,0,0,0,0,0,0,0,0,0,0,0,0,0,0,0,0,0,0,0,0,0,0,0,0,,/Game/Monsters/npc_1620/npc_1620/SkeletalMeshes/npc_1620,
npc_1621,1621,Red,0,0,0,0,0,0,0,0,0,0,0,0,0,0,0,0,0,0,0,0,0,0,0,0,0,0,0,0,0,,/Game/Monsters/npc_1621/npc_1621/SkeletalMeshes/npc_1621,
npc_1622,1622,Red,0,0,0,0,0,0,0,0,0,0,0,0,0,0,0,0,0,0,0,0,0,0,0,0,0,0,0,0,0,,/Game/Monsters/npc_1622/npc_1622/SkeletalMeshes/npc_1622,
npc_1623,1623,Blue,0,0,0,0,0,0,0,0,0,0,0,0,0,0,0,0,0,0,0,0,0,0,0,0,0,0,0,0,0,,/Game/Monsters/npc_1623/npc_1623/SkeletalMeshes/npc_1623,
npc_1624,1624,Blue,0,0,0,0,0,0,0,0,0,0,0,0,0,0,0,0,0,0,0,0,0,0,0,0,0,0,0,0,0,,/Game/Monsters/npc_1624/npc_1624/SkeletalMeshes/npc_1624,
npc_1625,1625,Blue,0,0,0,0,0,0,0,0,0,0,0,0,0,0,0,0,0,0,0,0,0,0,0,0,0,0,0,0,0,,/Game/Monsters/npc_1625/npc_1625/SkeletalMeshes/npc_1625,
npc_1626,1626,Blue,0,0,0,0,0,0,0,0,0,0,0,0,0,0,0,0,0,0,0,0,0,0,0,0,0,0,0,0,0,,/Game/Monsters/npc_1626/npc_1626/SkeletalMeshes/npc_1626,
npc_1627,1627,Blue,0,0,0,0,0,0,0,0,0,0,0,0,0,0,0,0,0,0,0,0,0,0,0,0,0,0,0,0,0,,/Game/Monsters/npc_1627/npc_1627/SkeletalMeshes/npc_1627,
npc_1628,1628,Green,0,0,0,0,0,0,0,0,0,0,0,0,0,0,0,0,0,0,0,0,0,0,0,0,0,0,0,0,0,,/Game/Monsters/npc_1628/npc_1628/SkeletalMeshes/npc_1628,
npc_1629,1629,Green,0,0,0,0,0,0,0,0,0,0,0,0,0,0,0,0,0,0,0,0,0,0,0,0,0,0,0,0,0,,/Game/Monsters/npc_1629/npc_1629/SkeletalMeshes/npc_1629,
npc_1630,1630,Green,0,0,0,0,0,0,0,0,0,0,0,0,0,0,0,0,0,0,0,0,0,0,0,0,0,0,0,0,0,,/Game/Monsters/npc_1630/npc_1630/SkeletalMeshes/npc_1630,
npc_1631,1631,Green,0,0,0,0,0,0,0,0,0,0,0,0,0,0,0,0,0,0,0,0,0,0,0,0,0,0,0,0,0,,/Game/Monsters/npc_1631/npc_1631/SkeletalMeshes/npc_1631,
npc_1632,1632,Green,0,0,0,0,0,0,0,0,0,0,0,0,0,0,0,0,0,0,0,0,0,0,0,0,0,0,0,0,0,,/Game/Monsters/npc_1632/npc_1632/SkeletalMeshes/npc_1632,
npc_1633,1633,,0,0,0,0,0,0,0,0,0,0,0,0,0,0,0,0,0,0,0,0,0,0,0,0,0,0,0,0,0,,/Game/Monsters/npc_1633/npc_1633/SkeletalMeshes/npc_1633,
npc_1634,1634,,0,0,0,0,0,0,0,0,0,0,0,0,0,0,0,0,0,0,0,0,0,0,0,0,0,0,0,0,0,,/Game/Monsters/npc_1634/npc_1634/SkeletalMeshes/npc_1634,
npc_1635,1635,Pincer,250,550,180,143,33,604,411,524,393,135,100,0,262,900,248,0,0,20,100,0,240,2,0,332,334,0,0,0,0,,/Game/Monsters/npc_1635/npc_1635/SkeletalMeshes/npc_1635,LNPC0511
npc_1636,1636,Hook,300,650,140,145,31,713,416,394,499,242,115,0,262,900,248,0,0,20,100,0,240,3,0,336,338,0,0,0,0,,/Game/Monsters/npc_1636/npc_1636/SkeletalMeshes/npc_1636,LNPC0516
npc_1637,1637,Sikuku Destroyer,200,450,120,187,44,1041,421,563,417,311,107,0,262,900,250,1110,0,0,100,0,200,4,1,64,370,0,0,0,0,,/Game/Monsters/npc_1637/npc_1637/SkeletalMeshes/npc_1637,LNPC1567
npc_1638,1638,Sikuku Killer,220,490,120,189,52,1042,426,857,635,315,110,0,262,900,250,1108,0,0,100,0,200,8,1,64,370,0,0,0,0,,/Game/Monsters/npc_1638/npc_1638/SkeletalMeshes/npc_1638,LNPC1569
npc_1639,1639,Predator,300,650,170,158,42,821,455,497,402,270,110,0,262,900,249,0,0,30,100,0,230,3,0,352,354,0,0,0,0,,/Game/Monsters/npc_1639/npc_1639/SkeletalMeshes/npc_1639,LNPC0529
npc_1640,1640,Nepenthes,100,120,120,147,37,718,460,446,417,271,100,0,262,900,249,0,0,35,100,0,220,1,0,340,342,0,0,0,0,,/Game/Monsters/npc_1640/npc_1640/SkeletalMeshes/npc_1640,LNPC0521
npc_1641,1641,Lion Sikuku Assassin,200,450,120,173,42,881,387,603,445,283,97,0,264,900,250,1111,0,0,100,0,1500,6,1,26,370,0,0,0,0,,/Game/Monsters/npc_1641/npc_1641/SkeletalMeshes/npc_1641,LNPC1553
npc_1642,1642,Tiger Sikuku Tracker,220,490,140,171,42,870,382,594,438,279,97,0,264,900,250,1111,0,0,100,0,1600,6,1,26,370,0,0,0,0,,/Game/Monsters/npc_1642/npc_1642/SkeletalMeshes/npc_1642,LNPC1551
npc_1643,1643,,0,0,0,0,0,0,0,0,0,0,0,0,0,0,0,0,0,0,0,0,0,0,0,0,0,0,0,0,0,,/Game/Monsters/npc_1643/npc_1643/SkeletalMeshes/npc_1643,
npc_1644,1644,Ikaness Worker,200,500,140,195,45,900,2500,800,590,330,95,0,424,500,520,1122,0,0,60,0,150,2,1,0,370,0,0,0,0,,/Game/Monsters/npc_1644/npc_1644/SkeletalMeshes/npc_1644,LNPC1576
npc_1645,1645,Ikaness Leader,200,500,140,197,45,910,2500,590,650,340,90,1,426,500,520,1123,0,0,60,0,1800,7,1,0,370,0,0,0,0,,/Game/Monsters/npc_1645/npc_1645/SkeletalMeshes/npc_1645,LNPC1578
npc_1646,1646,Orpe,200,500,150,199,45,920,2500,610,670,340,90,1,431,500,520,1115,0,0,60,0,1800,7,1,0,370,0,0,0,0,,/Game/Monsters/npc_1646/npc_1646/SkeletalMeshes/npc_1646,LNPC1583
npc_1647,1647,Orpe Lukete,200,500,170,201,46,930,2500,620,680,350,90,1,433,500,520,1115,0,0,60,0,1800,7,1,0,370,0,0,0,0,,/Game/Monsters/npc_1647/npc_1647/SkeletalMeshes/npc_1647,LNPC1585
npc_1648,1648,Melt Dut,200,500,270,203,46,1500,2500,1000,550,350,110,0,437,500,520,0,0,0,60,0,300,3,1,0,370,0,0,0,0,,/Game/Monsters/npc_1648/npc_1648/SkeletalMeshes/npc_1648,LNPC1589
npc_1649,1649,Moss Ant,200,500,320,205,67,2000,2500,1500,775,350,120,0,438,700,520,0,0,0,60,0,200,9,1,0,370,0,0,0,0,,/Game/Monsters/npc_1649/npc_1649/SkeletalMeshes/npc_1649,LNPC1590
npc_1650,1650,Moss Golem,200,500,370,215,280,2400,2500,1800,950,370,130,0,439,2000,535,0,0,0,60,0,200,11,1,0,370,0,0,0,0,,/Game/Monsters/npc_1650/npc_1650/SkeletalMeshes/npc_1650,LNPC1591
npc_1651,1651,,0,0,0,0,0,0,0,0,0,0,0,0,0,0,0,0,0,0,0,0,0,0,0,0,0,0,0,0,0,,/Game/Monsters/npc_1651/npc_1651/SkeletalMeshes/npc_1651,
npc_1652,1652,,0,0,0,0,0,0,0,0,0,0,0,0,0,0,0,0,0,0,0,0,0,0,0,0,0,0,0,0,0,,/Game/Monsters/npc_1652/npc_1652/SkeletalMeshes/npc_1652,
npc_1653,1653,,0,0,0,0,0,0,0,0,0,0,0,0,0,0,0,0,0,0,0,0,0,0,0,0,0,0,0,0,0,,/Game/Monsters/npc_1653/npc_1653/SkeletalMeshes/npc_1653,
npc_1654,1654,,0,0,0,0,0,0,0,0,0,0,0,0,0,0,0,0,0,0,0,0,0,0,0,0,0,0,0,0,0,,/Game/Monsters/npc_1654/npc_1654/SkeletalMeshes/npc_1654,
npc_1655,1655,,0,0,0,0,0,0,0,0,0,0,0,0,0,0,0,0,0,0,0,0,0,0,0,0,0,0,0,0,0,,/Game/Monsters/npc_1655/npc_1655/SkeletalMeshes/npc_1655,
npc_1656,1656,,0,0,0,0,0,0,0,0,0,0,0,0,0,0,0,0,0,0,0,0,0,0,0,0,0,0,0,0,0,,/Game/Monsters/npc_1656/npc_1656/SkeletalMeshes/npc_1656,
npc_1657,1657,,0,0,0,0,0,0,0,0,0,0,0,0,0,0,0,0,0,0,0,0,0,0,0,0,0,0,0,0,0,,/Game/Monsters/npc_1657/npc_1657/SkeletalMeshes/npc_1657,
npc_1658,1658,[Monkey] Peter Longtail,0,0,100,200,100000,100000,100000,100000,100000,100000,100,0,0,0,72,0,0,0,0,0,200,999,0,0,0,0,0,0,0,,/Game/Monsters/npc_1658/npc_1658/SkeletalMeshes/npc_1658,LNPC1616
npc_1659,1659,[Monkey] Peter Longtail,0,0,100,200,100000,100000,100000,100000,100000,100000,100,0,0,0,72,0,0,0,0,0,200,999,0,0,0,0,0,0,0,,/Game/Monsters/npc_1659/npc_1659/SkeletalMeshes/npc_1659,LNPC1616
npc_1660,1660,[Monkey] Peter Longtail,0,0,100,200,100000,100000,100000,100000,100000,100000,100,0,0,0,72,0,0,0,0,0,200,999,0,0,0,0,0,0,0,,/Game/Monsters/npc_1660/npc_1660/SkeletalMeshes/npc_1660,LNPC1616
npc_1661,1661,[Monkey] Peter Longtail,0,0,100,200,100000,100000,100000,100000,100000,100000,100,0,0,0,72,0,0,0,0,0,200,999,0,0,0,0,0,0,0,,/Game/Monsters/npc_1661/npc_1661/SkeletalMeshes/npc_1661,LNPC1616
npc_1662,1662,[Monkey] Peter Longtail,0,0,100,200,100000,100000,100000,100000,100000,100000,100,0,0,0,72,0,0,0,0,0,200,999,0,0,0,0,0,0,0,,/Game/Monsters/npc_1662/npc_1662/SkeletalMeshes/npc_1662,LNPC1616
npc_1663,1663,[Monkey] Peter Longtail,0,0,100,200,100000,100000,100000,100000,100000,100000,100,0,0,0,72,0,0,0,0,0,200,999,0,0,0,0,0,0,0,,/Game/Monsters/npc_1663/npc_1663/SkeletalMeshes/npc_1663,LNPC1616
npc_1664,1664,[Monkey] Peter Longtail,0,0,100,200,100000,100000,100000,100000,100000,100000,100,0,0,0,72,0,0,0,0,0,200,999,0,0,0,0,0,0,0,,/Game/Monsters/npc_1664/npc_1664/SkeletalMeshes/npc_1664,LNPC1616
npc_1665,1665,[Monkey] Peter Longtail,0,0,100,200,100000,100000,100000,100000,100000,100000,100,0,0,0,72,0,0,0,0,0,200,999,0,0,0,0,0,0,0,,/Game/Monsters/npc_1665/npc_1665/SkeletalMeshes/npc_1665,LNPC1616
npc_1666,1666,[Monkey] Peter Longtail,0,0,100,200,100000,100000,100000,100000,100000,100000,100,0,0,0,72,0,0,0,0,0,200,999,0,0,0,0,0,0,0,,/Game/Monsters/npc_1666/npc_1666/SkeletalMeshes/npc_1666,LNPC1616
npc_1667,1667,[Monkey] Peter Longtail,0,0,100,200,100000,100000,100000,100000,100000,100000,100,0,0,0,72,0,0,0,0,0,200,999,0,0,0,0,0,0,0,,/Game/Monsters/npc_1667/npc_1667/SkeletalMeshes/npc_1667,LNPC1616
npc_1668,1668,[Monkey] Peter Longtail,0,0,100,200,100000,100000,100000,100000,100000,100000,100,0,0,0,72,0,0,0,0,0,200,999,0,0,0,0,0,0,0,,/Game/Monsters/npc_1668/npc_1668/SkeletalMeshes/npc_1668,LNPC1616
npc_1669,1669,[Monkey] Peter Longtail,0,0,100,200,100000,100000,100000,100000,100000,100000,100,0,0,0,72,0,0,0,0,0,200,999,0,0,0,0,0,0,0,,/Game/Monsters/npc_1669/npc_1669/SkeletalMeshes/npc_1669,LNPC1616
npc_1670,1670,[Monkey] Peter Longtail,0,0,100,200,100000,100000,100000,100000,100000,100000,100,0,0,0,72,0,0,0,0,0,200,999,0,0,0,0,0,0,0,,/Game/Monsters/npc_1670/npc_1670/SkeletalMeshes/npc_1670,LNPC1616
npc_1671,1671,[Knight] Lancellot,0,0,100,200,100000,100000,100000,100000,100000,100000,100,0,0,0,72,935,117,0,0,0,200,999,0,0,0,0,0,0,0,,/Game/Monsters/npc_1671/npc_1671/SkeletalMeshes/npc_1671,LNPC1671
npc_1672,1672,[Dog] Brett,0,0,100,200,100000,100000,100000,100000,100000,100000,100,0,0,0,72,0,0,0,0,0,200,999,0,0,0,0,0,0,0,,/Game/Monsters/npc_1672/npc_1672/SkeletalMeshes/npc_1672,LNPC1672
npc_1673,1673,[Genie] Decru,0,0,100,200,100000,100000,100000,100000,100000,100000,100,0,0,0,72,0,0,0,0,0,200,999,0,0,0,0,0,0,0,,/Game/Monsters/npc_1673/npc_1673/SkeletalMeshes/npc_1673,LNPC1673
npc_1674,1674,[KING] Jumong,0,0,100,200,100000,100000,100000,100000,100000,100000,100,0,0,0,72,0,0,0,0,0,200,999,0,0,0,0,0,0,0,,/Game/Monsters/npc_1674/npc_1674/SkeletalMeshes/npc_1674,LNPC1674
npc_1675,1675,[Queen] Seondeok,0,0,100,200,100000,100000,100000,100000,100000,100000,100,0,0,0,72,0,0,0,0,0,200,999,0,0,0,0,0,0,0,,/Game/Monsters/npc_1675/npc_1675/SkeletalMeshes/npc_1675,LNPC1675
npc_1676,1676,[Monkey] Peter Longtail,0,0,100,200,100000,100000,100000,100000,100000,100000,100,0,0,0,72,0,0,0,0,0,200,999,0,0,0,0,0,0,0,,/Game/Monsters/npc_1676/npc_1676/SkeletalMeshes/npc_1676,
npc_1677,1677,[Monkey] Peter Longtail,0,0,100,200,100000,100000,100000,100000,100000,100000,100,0,0,0,72,0,0,0,0,0,200,999,0,0,0,0,0,0,0,,/Game/Monsters/npc_1677/npc_1677/SkeletalMeshes/npc_1677,
npc_1678,1678,[Monkey] Peter Longtail,0,0,100,200,100000,100000,100000,100000,100000,100000,100,0,0,0,72,0,0,0,0,0,200,999,0,0,0,0,0,0,0,,/Game/Monsters/npc_1678/npc_1678/SkeletalMeshes/npc_1678,
npc_1679,1679,[Monkey] Peter Longtail,0,0,100,200,100000,100000,100000,100000,100000,100000,100,0,0,0,72,0,0,0,0,0,200,999,0,0,0,0,0,0,0,,/Game/Monsters/npc_1679/npc_1679/SkeletalMeshes/npc_1679,
npc_1680,1680,[Monkey] Peter Longtail,0,0,100,200,100000,100000,100000,100000,100000,100000,100,0,0,0,72,0,0,0,0,0,200,999,0,0,0,0,0,0,0,,/Game/Monsters/npc_1680/npc_1680/SkeletalMeshes/npc_1680,
npc_1681,1681,[Monkey] Peter Longtail,0,0,100,200,100000,100000,100000,100000,100000,100000,100,0,0,0,72,0,0,0,0,0,200,999,0,0,0,0,0,0,0,,/Game/Monsters/npc_1681/npc_1681/SkeletalMeshes/npc_1681,
npc_1682,1682,[Monkey] Peter Longtail,0,0,100,200,100000,100000,100000,100000,100000,100000,100,0,0,0,72,0,0,0,0,0,200,999,0,0,0,0,0,0,0,,/Game/Monsters/npc_1682/npc_1682/SkeletalMeshes/npc_1682,
npc_1683,1683,[Monkey] Peter Longtail,0,0,100,200,100000,100000,100000,100000,100000,100000,100,0,0,0,72,0,0,0,0,0,200,999,0,0,0,0,0,0,0,,/Game/Monsters/npc_1683/npc_1683/SkeletalMeshes/npc_1683,
npc_1684,1684,[Monkey] Peter Longtail,0,0,100,200,100000,100000,100000,100000,100000,100000,100,0,0,0,72,0,0,0,0,0,200,999,0,0,0,0,0,0,0,,/Game/Monsters/npc_1684/npc_1684/SkeletalMeshes/npc_1684,
npc_1685,1685,[Monkey] Peter Longtail,0,0,100,200,100000,100000,100000,100000,100000,100000,100,0,0,0,72,0,0,0,0,0,200,999,0,0,0,0,0,0,0,,/Game/Monsters/npc_1685/npc_1685/SkeletalMeshes/npc_1685,
npc_1686,1686,[Monkey] Peter Longtail,0,0,100,200,100000,100000,100000,100000,100000,100000,100,0,0,0,72,0,0,0,0,0,200,999,0,0,0,0,0,0,0,,/Game/Monsters/npc_1686/npc_1686/SkeletalMeshes/npc_1686,
npc_1687,1687,[Monkey] Peter Longtail,0,0,100,200,100000,100000,100000,100000,100000,100000,100,0,0,0,72,0,0,0,0,0,200,999,0,0,0,0,0,0,0,,/Game/Monsters/npc_1687/npc_1687/SkeletalMeshes/npc_1687,
npc_1688,1688,[Monkey] Peter Longtail,0,0,100,200,100000,100000,100000,100000,100000,100000,100,0,0,0,72,0,0,0,0,0,200,999,0,0,0,0,0,0,0,,/Game/Monsters/npc_1688/npc_1688/SkeletalMeshes/npc_1688,
npc_1689,1689,[Monkey] Peter Longtail,0,0,100,200,100000,100000,100000,100000,100000,100000,100,0,0,0,72,0,0,0,0,0,200,999,0,0,0,0,0,0,0,,/Game/Monsters/npc_1689/npc_1689/SkeletalMeshes/npc_1689,
npc_1690,1690,[Monkey] Peter Longtail,0,0,100,200,100000,100000,100000,100000,100000,100000,100,0,0,0,72,0,0,0,0,0,200,999,0,0,0,0,0,0,0,,/Game/Monsters/npc_1690/npc_1690/SkeletalMeshes/npc_1690,
npc_1691,1691,[Monkey] Peter Longtail,0,0,100,200,100000,100000,100000,100000,100000,100000,100,0,0,0,72,0,0,0,0,0,200,999,0,0,0,0,0,0,0,,/Game/Monsters/npc_1691/npc_1691/SkeletalMeshes/npc_1691,
npc_1692,1692,[Monkey] Peter Longtail,0,0,100,200,100000,100000,100000,100000,100000,100000,100,0,0,0,72,0,0,0,0,0,200,999,0,0,0,0,0,0,0,,/Game/Monsters/npc_1692/npc_1692/SkeletalMeshes/npc_1692,
npc_1693,1693,[Monkey] Peter Longtail,0,0,100,200,100000,100000,100000,100000,100000,100000,100,0,0,0,72,0,0,0,0,0,200,999,0,0,0,0,0,0,0,,/Game/Monsters/npc_1693/npc_1693/SkeletalMeshes/npc_1693,LNPC1616
npc_1694,1694,[Monkey] Peter Longtail,0,0,100,200,100000,100000,100000,100000,100000,100000,100,0,0,0,72,0,0,0,0,0,200,999,0,0,0,0,0,0,0,,/Game/Monsters/npc_1694/npc_1694/SkeletalMeshes/npc_1694,LNPC1616
npc_1695,1695,[Monkey] Peter Longtail,0,0,100,200,100000,100000,100000,100000,100000,100000,100,0,0,0,72,0,0,0,0,0,200,999,0,0,0,0,0,0,0,,/Game/Monsters/npc_1695/npc_1695/SkeletalMeshes/npc_1695,LNPC1616
npc_1696,1696,[Monkey] Peter Longtail,0,0,100,200,100000,100000,100000,100000,100000,100000,100,0,0,0,72,0,0,0,0,0,200,999,0,0,0,0,0,0,0,,/Game/Monsters/npc_1696/npc_1696/SkeletalMeshes/npc_1696,LNPC1616
npc_1697,1697,[Monkey] Peter Longtail,0,0,100,200,100000,100000,100000,100000,100000,100000,100,0,0,0,72,0,0,0,0,0,200,999,0,0,0,0,0,0,0,,/Game/Monsters/npc_1697/npc_1697/SkeletalMeshes/npc_1697,LNPC1616
npc_1698,1698,[Monkey] Peter Longtail,0,0,100,200,100000,100000,100000,100000,100000,100000,100,0,0,0,0,0,0,0,0,0,200,999,0,0,0,0,0,0,0,,/Game/Monsters/npc_1698/npc_1698/SkeletalMeshes/npc_1698,LNPC1616
npc_1699,1699,Phase One,100,1500,1000,260,1000,3000,3000,3000,3000,1000,200,0,428,5000,428,288,0,20,80,0,300,10,2,92,390,0,0,0,0,,/Game/Monsters/npc_1699/npc_1699/SkeletalMeshes/npc_1699,LNPC1699
npc_1700,1700,,200,450,150,200,45,1022,454,770,573,337,100,0,1,200,210,0,0,0,78,0,220,1,0,0,0,0,0,0,0,,/Game/Monsters/npc_1700/npc_1700/SkeletalMeshes/npc_1700,LNPC1700
npc_1701,1701,King Hook,200,450,200,200,105,1600,2500,1456,859,337,110,0,3,700,100,0,0,0,60,0,220,10,1,0,0,0,0,0,0,,/Game/Monsters/npc_1701/npc_1701/SkeletalMeshes/npc_1701,LNPC0517
npc_1702,1702,Predator,200,450,200,200,105,1600,2500,1456,859,337,110,0,3,700,100,0,0,0,60,0,220,10,1,0,0,0,0,0,0,,/Game/Monsters/npc_1702/npc_1702/SkeletalMeshes/npc_1702,LNPC0529
npc_1703,1703,Sikuku Tiger Captain,200,450,200,200,105,1600,2500,1456,859,337,110,0,3,700,100,0,0,0,60,0,220,10,1,0,0,0,0,0,0,,/Game/Monsters/npc_1703/npc_1703/SkeletalMeshes/npc_1703,LNPC0552
npc_1704,1704,Bebeg,200,450,200,200,105,1600,2500,1456,859,337,110,0,3,700,100,0,0,0,60,0,220,10,1,0,0,0,0,0,0,,/Game/Monsters/npc_1704/npc_1704/SkeletalMeshes/npc_1704,LNPC1535
npc_1705,1705,Turak,200,450,300,200,264,1600,2500,1456,859,337,110,0,3,2000,100,1112,0,0,60,0,220,11,1,0,0,0,0,0,0,,/Game/Monsters/npc_1705/npc_1705/SkeletalMeshes/npc_1705,LNPC0558
npc_1706,1706,Moss Golem,200,450,300,200,264,1600,2500,1456,859,337,110,0,3,2000,100,0,0,0,60,0,220,11,1,0,0,0,0,0,0,,/Game/Monsters/npc_1706/npc_1706/SkeletalMeshes/npc_1706,LNPC0573
npc_1707,1707,Sikuku Veteran,200,450,300,200,264,1600,2500,1456,859,337,110,0,3,2000,100,1106,0,0,60,0,220,11,1,0,0,0,0,0,0,,/Game/Monsters/npc_1707/npc_1707/SkeletalMeshes/npc_1707,LNPC0539
npc_1708,1708,Sikuku Elite Fighter,200,450,300,200,264,1600,2500,1456,859,337,110,0,3,2000,100,1107,0,0,60,0,220,11,1,0,0,0,0,0,0,,/Game/Monsters/npc_1708/npc_1708/SkeletalMeshes/npc_1708,LNPC0540
npc_1709,1709,[Knight] Arthur,0,0,100,200,100000,100000,100000,100000,100000,100000,100,0,0,0,72,627,116,0,0,0,200,999,0,0,0,0,0,0,0,,/Game/Monsters/npc_1709/npc_1709/SkeletalMeshes/npc_1709,LNPC1709
npc_1711,1711,Male Raknu Prisoner,200,450,120,185,40,1500,800,1342,963,408,115,0,443,900,489,0,0,40,70,0,120,10,1,0,370,0,0,0,0,,/Game/Monsters/npc_1711/npc_1711/SkeletalMeshes/npc_1711,LNPC1711
npc_1712,1712,Female Raknu Prisoner,200,450,150,186,40,1500,800,1350,970,410,115,0,444,900,490,0,0,40,70,0,90,10,1,0,370,0,0,0,0,,/Game/Monsters/npc_1712/npc_1712/SkeletalMeshes/npc_1712,LNPC1712
npc_1713,1713,Sikuku Cannibal,200,450,100,195,40,1500,800,1316,976,412,115,0,445,900,491,0,0,40,70,0,120,10,0,0,370,0,0,0,0,,/Game/Monsters/npc_1713/npc_1713/SkeletalMeshes/npc_1713,LNPC1713
npc_1714,1714,Sikuku Jailer,200,450,100,196,40,1500,800,1325,983,415,115,0,446,900,492,1143,0,40,70,0,100,10,1,0,370,0,0,0,0,,/Game/Monsters/npc_1714/npc_1714/SkeletalMeshes/npc_1714,LNPC1714
npc_1715,1715,Sikuku Guard,200,450,150,201,40,1500,800,1363,989,417,115,0,447,900,493,0,0,40,70,0,180,10,1,0,370,0,0,0,0,,/Game/Monsters/npc_1715/npc_1715/SkeletalMeshes/npc_1715,LNPC1715
npc_1716,1716,Sikuku Warden,200,450,150,205,40,1500,800,1372,995,419,115,0,448,900,494,1143,0,40,70,0,180,10,1,0,370,0,0,0,0,,/Game/Monsters/npc_1716/npc_1716/SkeletalMeshes/npc_1716,LNPC1716
npc_1717,1717,Sikuku Predator,200,450,150,206,40,1500,800,1350,1002,421,115,0,449,900,495,1144,0,40,70,0,180,10,1,0,370,0,0,0,0,,/Game/Monsters/npc_1717/npc_1717/SkeletalMeshes/npc_1717,LNPC1717
npc_1718,1718,Sikuku Cannibal Chef,200,450,150,208,40,1500,800,1369,1011,423,115,0,450,900,496,1145,0,40,70,0,250,10,1,0,370,0,0,0,0,,/Game/Monsters/npc_1718/npc_1718/SkeletalMeshes/npc_1718,LNPC1718
npc_1719,1719,Executor Kera,200,450,250,220,200,3000,2500,1414,1074,446,115,0,451,2000,497,0,0,50,60,0,300,11,1,0,370,0,0,0,0,,/Game/Monsters/npc_1719/npc_1719/SkeletalMeshes/npc_1719,LNPC1719
npc_1720,1720,Skeleton,50,200,100,1,10,1,1,1,1,1,1,0,23,1,312,439,0,0,80,0,200,1,1,0,0,0,0,0,0,,/Game/Monsters/npc_1720/npc_1720/SkeletalMeshes/npc_1720,LNPC1720
npc_1721,1721,Sikuku Infiltrator,200,450,180,210,45,1500,800,1372,1041,435,115,1,453,900,489,1148,0,40,70,0,2800,6,1,0,370,0,0,0,0,,/Game/Monsters/npc_1721/npc_1721/SkeletalMeshes/npc_1721,LNPC1721
npc_1723,1723,,0,0,0,0,0,0,0,0,0,0,0,0,0,0,0,0,0,0,0,0,0,0,0,0,0,0,0,0,0,,/Game/Monsters/npc_1723/npc_1723/SkeletalMeshes/npc_1723,
npc_1725,1725,Red Love Pig,180,266,300,30,30,124,92,103,91,31,10,0,488,0,0,0,0,0,60,0,10,1,1,0,0,0,0,0,0,ValenPig,/Game/Monsters/npc_1725/npc_1725/SkeletalMeshes/npc_1725,LNPC1890
npc_1726,1726,Blue Love Pig,180,266,300,100,30,124,92,103,91,31,10,0,488,0,0,0,0,0,60,0,10,1,1,0,0,0,0,0,0,ValenBluePig,/Game/Monsters/npc_1726/npc_1726/SkeletalMeshes/npc_1726,LNPC1891
npc_1727,1727,Pink Love Pig,180,266,300,180,30,124,92,103,91,31,10,0,488,0,0,0,0,0,60,0,10,1,1,0,0,0,0,0,0,ValenPinkPig,/Game/Monsters/npc_1727/npc_1727/SkeletalMeshes/npc_1727,LNPC1892
npc_1728,1728,Yellow Love Pig,180,266,300,230,30,124,92,103,91,31,10,0,488,0,0,0,0,0,60,0,10,1,1,0,0,0,0,0,0,ValenYellowPig,/Game/Monsters/npc_1728/npc_1728/SkeletalMeshes/npc_1728,LNPC1893
npc_1729,1729,Krawfora,180,266,100,35,20,124,92,103,91,31,10,0,488,0,0,0,0,0,60,0,10,1,1,0,0,0,0,0,0,,/Game/Monsters/npc_1729/npc_1729/SkeletalMeshes/npc_1729,LNPC1894
npc_1733,1733,,0,0,0,0,0,0,0,0,0,0,0,0,0,0,0,0,0,0,0,0,0,0,0,0,0,0,0,0,0,,/Game/Monsters/npc_1733/npc_1733/SkeletalMeshes/npc_1733,
npc_1734,1734,,0,0,0,0,0,0,0,0,0,0,0,0,0,0,0,0,0,0,0,0,0,0,0,0,0,0,0,0,0,,/Game/Monsters/npc_1734/npc_1734/SkeletalMeshes/npc_1734,
npc_1735,1735,,0,0,0,0,0,0,0,0,0,0,0,0,0,0,0,0,0,0,0,0,0,0,0,0,0,0,0,0,0,,/Game/Monsters/npc_1735/npc_1735/SkeletalMeshes/npc_1735,
npc_1736,1736,,0,0,0,0,0,0,0,0,0,0,0,0,0,0,0,0,0,0,0,0,0,0,0,0,0,0,0,0,0,,/Game/Monsters/npc_1736/npc_1736/SkeletalMeshes/npc_1736,
npc_1740,1740,Zombie Apocalypse,300,770,155,220,20,666,429,666,666,317,106,0,345,100,508,1131,0,0,60,0,300,3,0,0,182,0,0,0,0, ,/Game/Monsters/npc_1740/npc_1740/SkeletalMeshes/npc_1740,LNPC6666
npc_1741,1741,Zombie Apocalypse,300,770,155,220,20,666,429,666,666,208,106,0,345,100,508,1131,0,0,60,0,300,3,0,0,182,0,0,0,0, ,/Game/Monsters/npc_1741/npc_1741/SkeletalMeshes/npc_1741,LNPC6666
npc_1742,1742,Zombie Apocalypse,300,770,155,220,20,666,429,666,666,208,106,0,345,100,508,1131,0,0,60,0,300,3,0,0,182,0,0,0,0, ,/Game/Monsters/npc_1742/npc_1742/SkeletalMeshes/npc_1742,LNPC6666
npc_1743,1743,Zombie Apocalypse,300,770,155,220,20,666,429,666,666,208,106,0,345,100,508,1131,0,0,60,0,300,3,0,0,182,0,0,0,0, ,/Game/Monsters/npc_1743/npc_1743/SkeletalMeshes/npc_1743,LNPC6666
npc_1744,1744,Zombie Apocalypse,300,770,155,240,50,999,1000,777,777,333,200,0,345,500,3,1131,0,20,100,0,300,3,0,0,182,0,0,0,0, ,/Game/Monsters/npc_1744/npc_1744/SkeletalMeshes/npc_1744,LNPC6666
npc_1745,1745,,0,0,0,0,0,0,0,0,0,0,0,0,0,0,0,0,0,0,0,0,0,0,0,0,0,0,0,0,0,,/Game/Monsters/npc_1745/npc_1745/SkeletalMeshes/npc_1745,
npc_1751,1751,[Clan Assistant] Regina,0,0,115,200,100000,100,100,100000,100000,100000,100,0,0,0,69,0,0,0,0,0,200,999,0,0,0,0,0,0,0,,/Game/Monsters/npc_1751/npc_1751/SkeletalMeshes/npc_1751,LNPC1751
npc_1752,1752,[Battleground Staff] Artoria,0,0,115,200,100000,100,100,100000,100000,100000,100,0,237,0,69,0,0,0,0,0,200,999,0,0,0,0,0,0,0,,/Game/Monsters/npc_1752/npc_1752/SkeletalMeshes/npc_1752,LNPC1752
npc_1753,1753,[Battleground Staff] Peniche,0,0,115,200,100000,100,100,100000,100000,100000,100,0,0,0,69,0,0,0,0,0,200,999,0,0,0,0,0,0,0,,/Game/Monsters/npc_1753/npc_1753/SkeletalMeshes/npc_1753,LNPC1753
npc_1754,1754,[Battleground Staff] Sakrai,0,0,115,200,100000,100,100,100000,100000,100000,100,0,0,0,69,0,0,0,0,0,200,999,0,0,0,0,0,0,0,,/Game/Monsters/npc_1754/npc_1754/SkeletalMeshes/npc_1754,LNPC1754
npc_1755,1755,[Battleground Staff] Adelaide,0,0,115,200,100000,100,100,100000,100000,100000,100,0,0,0,69,0,0,0,0,0,200,999,0,0,0,0,0,0,0,,/Game/Monsters/npc_1755/npc_1755/SkeletalMeshes/npc_1755,LNPC1755
npc_1756,1756,[Battleground Staff] Anely,0,0,115,200,100000,100,100,100000,100000,100000,100,0,0,0,69,0,0,0,0,0,200,999,0,0,0,0,0,0,0,,/Game/Monsters/npc_1756/npc_1756/SkeletalMeshes/npc_1756,LNPC1756
npc_1757,1757,[Battleground Staff] Natalie Min,0,0,115,200,100000,100,100,100000,100000,100000,100,0,0,0,69,0,0,0,0,0,200,999,0,0,0,0,0,0,0,,/Game/Monsters/npc_1757/npc_1757/SkeletalMeshes/npc_1757,LNPC1757
npc_1758,1758,[Clan Merchant] Marian,0,0,115,200,100000,100,100,100000,100000,100000,100,0,0,0,69,0,0,0,0,0,200,999,0,0,0,0,0,0,0,,/Game/Monsters/npc_1758/npc_1758/SkeletalMeshes/npc_1758,LNPC1758
npc_1759,1759,[Clan Merchant] Annea,0,0,115,200,100000,100,100,100000,100000,100000,100,0,0,0,69,0,0,0,0,0,200,999,0,0,0,0,0,0,0,,/Game/Monsters/npc_1759/npc_1759/SkeletalMeshes/npc_1759,LNPC1759
npc_1760,1760,[Clan Merchant] Joan,0,0,115,200,100000,100,100,100000,100000,100000,100,0,0,0,69,0,0,0,0,0,200,999,0,0,0,0,0,0,0,,/Game/Monsters/npc_1760/npc_1760/SkeletalMeshes/npc_1760,LNPC1760
npc_1761,1761,[Clan Merchant] Padia ,0,0,115,200,100000,100,100,100000,100000,100000,100,0,0,0,69,0,0,0,0,0,200,999,0,0,0,0,0,0,0,,/Game/Monsters/npc_1761/npc_1761/SkeletalMeshes/npc_1761,LNPC1761
npc_1762,1762,[Clan Merchant] Elizabeth,0,0,115,200,100000,100,100,100000,100000,100000,100,0,0,0,69,0,0,0,0,0,200,999,0,0,0,0,0,0,0,,/Game/Monsters/npc_1762/npc_1762/SkeletalMeshes/npc_1762,LNPC1762
npc_1763,1763,[Clan Merchant] Nike,0,0,115,200,100000,100,100,100000,100000,100000,100,0,240,0,69,0,0,0,0,0,200,999,0,0,0,0,0,0,0,,/Game/Monsters/npc_1763/npc_1763/SkeletalMeshes/npc_1763,LNPC1763
npc_1764,1764,[Clan Merchant] Preia,0,0,115,200,100000,100,100,100000,100000,100000,100,0,0,0,69,0,0,0,0,0,200,999,0,0,0,0,0,0,0,,/Game/Monsters/npc_1764/npc_1764/SkeletalMeshes/npc_1764,LNPC1764
npc_1765,1765,[15th Arena Staff] Eslin,0,0,115,200,100000,100,100,100000,100000,100000,100,0,0,0,69,0,0,0,0,0,200,999,0,0,0,0,0,0,0,,/Game/Monsters/npc_1765/npc_1765/SkeletalMeshes/npc_1765,LNPC1765
npc_1766,1766,[16th Arena Staffr] Azen,0,0,115,200,100000,100,100,100000,100000,100000,100,0,0,0,69,0,0,0,0,0,200,999,0,0,0,0,0,0,0,,/Game/Monsters/npc_1766/npc_1766/SkeletalMeshes/npc_1766,LNPC1766
npc_1767,1767,[17th Arena Staff] Gloria,0,0,115,200,100000,100,100,100000,100000,100000,100,0,0,0,69,0,0,0,0,0,200,999,0,0,0,0,0,0,0,,/Game/Monsters/npc_1767/npc_1767/SkeletalMeshes/npc_1767,LNPC1767
npc_1768,1768,[18th Arena Staff] Magalen,0,0,115,200,100000,100,100,100000,100000,100000,100,0,0,0,69,0,0,0,0,0,200,999,0,0,0,0,0,0,0,,/Game/Monsters/npc_1768/npc_1768/SkeletalMeshes/npc_1768,LNPC1768
npc_1769,1769,[19th Arena Staff] Nerisa,0,0,115,200,100000,100,100,100000,100000,100000,100,0,0,0,69,0,0,0,0,0,200,999,0,0,0,0,0,0,0,,/Game/Monsters/npc_1769/npc_1769/SkeletalMeshes/npc_1769,LNPC1769
npc_1770,1770,[20th Arena Staff] Silen,0,0,115,200,100000,100,100,100000,100000,100000,100,0,0,0,69,0,0,0,0,0,200,999,0,0,0,0,0,0,0,,/Game/Monsters/npc_1770/npc_1770/SkeletalMeshes/npc_1770,LNPC1770
npc_1773,1773,Supreme Ant,200,500,500,162,1090,1000,2500,793,671,235,110,0,497,3000,0,0,0,0,0,0,200,11,1,0,370,0,0,0,0,,/Game/Monsters/npc_1773/npc_1773/SkeletalMeshes/npc_1773,LNPC1835
npc_1774,1774,Supreme Predator,200,500,500,175,3080,1000,2500,893,771,235,110,0,498,3000,0,0,0,0,0,0,200,11,1,0,370,0,0,0,0,,/Game/Monsters/npc_1774/npc_1774/SkeletalMeshes/npc_1774,LNPC1836
npc_1775,1775,Supreme Metal Moldie,200,500,500,185,4500,1000,2500,993,871,235,110,0,499,3000,0,0,0,0,0,0,200,11,1,0,370,0,0,0,0,,/Game/Monsters/npc_1775/npc_1775/SkeletalMeshes/npc_1775,LNPC1837
npc_1776,1776,Supreme Penguin General,200,500,500,195,5800,1200,2500,1093,971,235,110,0,500,3000,0,0,0,0,0,0,200,11,1,0,370,0,0,0,0,,/Game/Monsters/npc_1776/npc_1776/SkeletalMeshes/npc_1776,LNPC1838
npc_1777,1777,Supreme Budeater,200,500,500,200,6450,1300,2500,1193,1071,235,110,0,501,3000,0,0,0,0,0,0,200,11,1,0,370,0,0,0,0,,/Game/Monsters/npc_1777/npc_1777/SkeletalMeshes/npc_1777,LNPC1839
npc_1778,1778,Supreme Molten Destroyer,200,500,500,220,8410,1500,2500,1293,1171,235,110,0,502,4000,0,0,0,0,0,0,200,11,1,0,370,0,0,0,0,,/Game/Monsters/npc_1778/npc_1778/SkeletalMeshes/npc_1778,LNPC1840
npc_1779,1779,Supreme Dragon,200,500,500,235,10101,2000,2500,1493,1271,235,110,0,503,5000,0,0,0,0,0,0,200,11,1,0,370,0,0,0,0,,/Game/Monsters/npc_1779/npc_1779/SkeletalMeshes/npc_1779,LNPC1841
npc_1785,1785,Gorlock,0,0,1,10,100,100,100,100,100,100,100,0,1775,0,0,0,0,0,0,0,200,999,0,0,0,0,0,0,0,,/Game/Monsters/npc_1785/npc_1785/SkeletalMeshes/npc_1785,LNPC1775
npc_1786,1786,Tortured Soul of Hatred,0,0,1,10,100,100,100,100,100,100,100,0,1776,0,0,0,0,0,0,0,200,999,0,0,0,0,0,0,0,,/Game/Monsters/npc_1786/npc_1786/SkeletalMeshes/npc_1786,LNPC1776
npc_1790,1790,Infernal Soul of Sorrow,0,0,1,10,100,100,100,100,100,100,100,0,1780,0,0,0,0,0,0,0,200,999,0,0,0,0,0,0,0,,/Game/Monsters/npc_1790/npc_1790/SkeletalMeshes/npc_1790,LNPC1780
npc_1793,1793,[Oblivion Temple] Room 13,0,0,1,10,100,100,100,100,100,100,100,0,1783,0,0,0,0,0,0,0,200,999,0,0,0,0,0,0,0,,/Game/Monsters/npc_1793/npc_1793/SkeletalMeshes/npc_1793,LNPC1783
npc_1794,1794,[Oblivion Temple] Room 14,0,0,1,10,100,100,100,100,100,100,100,0,1784,0,0,0,0,0,0,0,200,999,0,0,0,0,0,0,0,,/Game/Monsters/npc_1794/npc_1794/SkeletalMeshes/npc_1794,LNPC1784
npc_1795,1795,[Oblivion Temple] Room 15,0,0,1,10,100,100,100,100,100,100,100,0,1785,0,0,0,0,0,0,0,200,999,0,0,0,0,0,0,0,,/Game/Monsters/npc_1795/npc_1795/SkeletalMeshes/npc_1795,LNPC1785
npc_1796,1796,[Oblivion Temple] Room 16,0,0,1,10,100,100,100,100,100,100,100,0,1786,0,0,0,0,0,0,0,200,999,0,0,0,0,0,0,0,,/Game/Monsters/npc_1796/npc_1796/SkeletalMeshes/npc_1796,LNPC1786
npc_1797,1797,,0,0,0,0,0,0,0,0,0,0,0,0,0,0,0,0,0,0,0,0,0,0,0,0,0,0,0,0,0,,/Game/Monsters/npc_1797/npc_1797/SkeletalMeshes/npc_1797,
npc_1798,1798,,0,0,0,0,0,0,0,0,0,0,0,0,0,0,0,0,0,0,0,0,0,0,0,0,0,0,0,0,0,,/Game/Monsters/npc_1798/npc_1798/SkeletalMeshes/npc_1798,
npc_1799,1799,[Territorial War Referee] Boy Tigas,0,0,115,200,100000,100,100,100000,100000,100000,100,0,560,0,69,0,0,0,0,0,200,999,0,0,0,554,0,0,0,,/Game/Monsters/npc_1799/npc_1799/SkeletalMeshes/npc_1799,LNPC1939
npc_1800,1800,[Territorial War Referee] Boy Lambot,0,0,115,200,100000,100,100,100000,100000,100000,100,0,561,0,69,0,0,0,0,0,200,999,0,0,0,554,0,0,0,,/Game/Monsters/npc_1800/npc_1800/SkeletalMeshes/npc_1800,LNPC1940
npc_1801,1801,[Territorial War Host] Mhacy,0,0,115,200,100000,100,100,100000,100000,100000,100,0,0,0,69,0,0,0,0,0,200,999,0,0,0,0,0,0,0,,/Game/Monsters/npc_1801/npc_1801/SkeletalMeshes/npc_1801,LNPC1941
npc_1802,1802,[Territorial War Host] Nicole,0,0,115,200,100000,100,100,100000,100000,100000,100,0,0,0,69,0,0,0,0,0,200,999,0,0,0,0,0,0,0,,/Game/Monsters/npc_1802/npc_1802/SkeletalMeshes/npc_1802,LNPC1942
npc_1803,1803,ETC Buff Fairy,500,750,100,250,300,300,300,300,300,300,300,0,572,0,0,0,0,0,0,0,100,999,0,0,0,0,0,0,0,,/Game/Monsters/npc_1803/npc_1803/SkeletalMeshes/npc_1803,LNPC1919
npc_1804,1804,ETC Buff Fairy,500,750,100,250,300,300,300,300,300,300,300,0,573,0,0,0,0,0,0,0,100,999,0,0,0,0,0,0,0,,/Game/Monsters/npc_1804/npc_1804/SkeletalMeshes/npc_1804,LNPC1919
npc_1805,1805,ETC Buff Fairy,500,750,100,250,300,300,300,300,300,300,300,0,574,0,0,0,0,0,0,0,100,999,0,0,0,0,0,0,0,,/Game/Monsters/npc_1805/npc_1805/SkeletalMeshes/npc_1805,LNPC1919
npc_1806,1806,ETC Buff Fairy,500,750,100,250,300,300,300,300,300,300,300,0,575,0,0,0,0,0,0,0,100,999,0,0,0,0,0,0,0,,/Game/Monsters/npc_1806/npc_1806/SkeletalMeshes/npc_1806,LNPC1919
npc_1811,1811,Mummy,220,550,170,135,100,80,2500,350,251,86,95,0,443,900,508,0,0,15,60,0,200,1,1,0,370,0,0,0,0,,/Game/Monsters/npc_1811/npc_1811/SkeletalMeshes/npc_1811,LNPC1811
npc_1812,1812,Mummy2,220,550,170,145,100,80,2500,576,341,123,100,0,453,900,508,1041,0,15,60,0,500,1,1,0,370,0,0,0,0,,/Game/Monsters/npc_1812/npc_1812/SkeletalMeshes/npc_1812,LNPC1812
npc_1813,1813,Mummy3,220,550,170,155,100,80,2500,243,245,185,95,0,450,900,508,0,0,15,60,0,200,1,1,0,370,0,0,0,0,,/Game/Monsters/npc_1813/npc_1813/SkeletalMeshes/npc_1813,LNPC1813
npc_1814,1814,Mummy4,220,550,170,165,100,80,2500,329,232,124,135,0,450,900,508,117,0,15,60,0,200,1,1,0,370,0,0,0,0,,/Game/Monsters/npc_1814/npc_1814/SkeletalMeshes/npc_1814,LNPC1814
npc_1815,1815,Mummy5,220,550,170,175,100,80,2500,309,350,197,95,1,449,900,508,374,0,15,60,0,350,1,1,0,370,0,0,0,0,,/Game/Monsters/npc_1815/npc_1815/SkeletalMeshes/npc_1815,LNPC1815
npc_1816,1816,MummyF1,220,550,170,135,100,80,2500,438,453,202,100,0,443,900,508,0,0,15,60,0,350,1,1,0,370,0,0,0,0,,/Game/Monsters/npc_1816/npc_1816/SkeletalMeshes/npc_1816,LNPC1816
npc_1817,1817,Mummy Fighter,220,550,170,145,100,100,2500,335,596,213,106,0,449,900,508,0,0,15,60,0,350,1,1,0,370,0,0,0,0,,/Game/Monsters/npc_1817/npc_1817/SkeletalMeshes/npc_1817,LNPC1817
npc_1818,1818,Mummy Hunter,220,550,170,155,100,100,2500,423,506,251,115,0,453,900,508,69,0,15,60,0,750,1,1,0,370,0,0,0,0,,/Game/Monsters/npc_1818/npc_1818/SkeletalMeshes/npc_1818,LNPC1818
npc_1819,1819,Mummy Mage,220,550,170,165,100,100,2500,514,487,302,110,0,453,900,508,348,0,15,60,0,350,1,1,0,370,0,0,0,0,,/Game/Monsters/npc_1819/npc_1819/SkeletalMeshes/npc_1819,LNPC1819
npc_1820,1820,Mummy Wizard,220,550,170,175,100,100,2500,422,512,258,120,1,449,900,508,316,0,15,60,0,350,1,1,0,370,0,0,0,0,,/Game/Monsters/npc_1820/npc_1820/SkeletalMeshes/npc_1820,LNPC1820
npc_1821,1821,Sand Guardian,220,500,180,195,60,200,2500,580,210,250,120,0,62,900,315,0,0,15,100,0,350,2,1,0,370,0,0,0,0,,/Game/Monsters/npc_1821/npc_1821/SkeletalMeshes/npc_1821,LNPC1821
npc_1822,1822,Desert Rumbler,220,500,180,195,60,200,2500,654,250,262,120,0,62,900,317,0,0,15,100,0,350,2,1,0,370,0,0,0,0,,/Game/Monsters/npc_1822/npc_1822/SkeletalMeshes/npc_1822,LNPC1822
npc_1823,1823,Molten Fist,220,500,180,205,70,200,2500,672,288,264,120,0,62,900,315,0,0,15,100,0,350,2,1,0,370,0,0,0,0,,/Game/Monsters/npc_1823/npc_1823/SkeletalMeshes/npc_1823,LNPC1823
npc_1824,1824,Boulder Fist,220,500,180,205,80,200,2500,752,482,277,120,0,62,900,371,0,0,15,100,0,350,2,1,0,370,0,0,0,0,,/Game/Monsters/npc_1824/npc_1824/SkeletalMeshes/npc_1824,LNPC1824
npc_1825,1825,Molten Destoyer,220,500,210,215,190,200,2500,812,522,301,120,0,62,900,316,0,0,15,100,0,350,8,1,0,370,0,0,0,0,,/Game/Monsters/npc_1825/npc_1825/SkeletalMeshes/npc_1825,LNPC1825
npc_1826,1826,Anubis Warrior,220,550,220,215,105,200,2500,860,830,305,120,0,346,900,318,182,0,10,100,0,340,4,1,0,370,0,0,0,0,,/Game/Monsters/npc_1826/npc_1826/SkeletalMeshes/npc_1826,LNPC1826
npc_1827,1827,Anubis Ranger,220,550,200,215,105,200,2500,980,630,470,120,0,27,900,319,218,0,10,100,0,350,6,1,0,370,0,0,0,0,,/Game/Monsters/npc_1827/npc_1827/SkeletalMeshes/npc_1827,LNPC1827
npc_1828,1828,Anubis Guard,220,550,250,215,115,200,2500,990,750,470,120,0,117,900,321,15,0,10,100,0,350,2,1,0,370,0,0,0,0,,/Game/Monsters/npc_1828/npc_1828/SkeletalMeshes/npc_1828,LNPC1828
npc_1829,1829,Anubis Leader,220,550,320,215,115,220,2500,807,625,327,120,0,117,900,322,21,12,10,100,0,350,8,1,0,370,0,0,0,0,,/Game/Monsters/npc_1829/npc_1829/SkeletalMeshes/npc_1829,LNPC1829
npc_1830,1830,Lich Assistant,220,550,580,215,600,500,2500,3000,1100,390,120,0,451,900,326,0,0,0,100,0,350,10,1,0,370,0,0,0,0,,/Game/Monsters/npc_1830/npc_1830/SkeletalMeshes/npc_1830,LNPC1830
npc_1831,1831,Lich King,220,550,620,215,1000,500,2500,3000,890,420,120,0,451,2000,327,0,0,0,100,0,450,11,1,0,370,0,0,0,0,,/Game/Monsters/npc_1831/npc_1831/SkeletalMeshes/npc_1831,LNPC1831
npc_1832,1832,Anubis Shaman,220,550,300,215,420,220,2500,1500,912,297,120,0,119,900,324,321,0,10,100,0,220,7,1,0,370,0,0,0,0,,/Game/Monsters/npc_1832/npc_1832/SkeletalMeshes/npc_1832,LNPC1832
npc_1834,1834,Lich Pharaoh,220,550,620,215,700,500,2500,2500,890,420,120,0,451,5000,327,0,0,0,100,0,450,11,1,0,370,0,0,0,0,,/Game/Monsters/npc_1834/npc_1834/SkeletalMeshes/npc_1834,LNPC1834
npc_1836,1836,Mummy Fighter,220,550,190,200,100,500,2500,900,800,277,120,0,465,1000,315,1160,0,15,100,0,350,3,1,0,370,0,0,0,0,,/Game/Monsters/npc_1836/npc_1836/SkeletalMeshes/npc_1836,LNPC1817
npc_1837,1837,Mummy Hunter,220,550,190,205,115,500,2500,850,850,570,150,0,27,1000,315,69,0,15,100,0,750,5,1,0,370,0,0,0,0,,/Game/Monsters/npc_1837/npc_1837/SkeletalMeshes/npc_1837,LNPC1818
npc_1838,1838,Mummy Wizard,220,550,195,210,105,500,2500,800,900,258,180,1,466,1000,315,1158,0,15,100,0,350,7,1,0,370,0,0,0,0,,/Game/Monsters/npc_1838/npc_1838/SkeletalMeshes/npc_1838,LNPC1820
npc_1840,1840,Mummy Princess,220,550,425,225,500,2000,900,1000,1000,302,130,0,467,1000,316,1158,0,0,100,0,350,11,1,0,370,0,0,0,0,,/Game/Monsters/npc_1840/npc_1840/SkeletalMeshes/npc_1840,LNPC1842
npc_1841,1841,Ancient Mummy,220,550,70,200,100,1500,750,800,800,86,95,0,468,1000,0,0,0,10,100,0,200,4,1,0,370,0,0,0,0,,/Game/Monsters/npc_1841/npc_1841/SkeletalMeshes/npc_1841,LNPC1843
npc_1843,1843,Cactar,220,550,120,1,1,1500,1500,1500,1500,200,100,1,443,900,341,0,0,0,0,0,100,1,1,0,370,0,0,0,0,,/Game/Monsters/npc_1843/npc_1843/SkeletalMeshes/npc_1843,LNPC1788
npc_1844,1844,Cactar Fighter,220,550,200,1,1,1500,1500,1500,1500,200,100,1,443,900,340,0,0,0,0,0,100,3,1,0,370,0,0,0,0,,/Game/Monsters/npc_1844/npc_1844/SkeletalMeshes/npc_1844,LNPC1789
npc_1845,1845,Cactar Captain,220,550,250,1,1,1500,1500,1500,1500,200,100,1,443,900,340,0,0,0,0,0,100,8,1,0,370,0,0,0,0,,/Game/Monsters/npc_1845/npc_1845/SkeletalMeshes/npc_1845,LNPC1790
npc_1846,1846,Sand Viper,220,550,200,220,100,1739,1000,1540,1136,431,100,0,594,1000,340,0,0,20,90,0,350,1,0,0,370,0,0,0,0,,/Game/Monsters/npc_1846/npc_1846/SkeletalMeshes/npc_1846,LNPC1791
npc_1847,1847,Desert Mantaris,220,550,200,222,100,1748,1000,1547,1142,433,100,0,594,1000,341,0,0,20,90,0,200,4,1,0,370,0,0,0,0,,/Game/Monsters/npc_1847/npc_1847/SkeletalMeshes/npc_1847,LNPC1792
npc_1848,1848,Vulturian,220,550,100,225,110,1757,1000,1554,1150,435,100,0,593,1000,342,0,0,20,90,0,150,1,1,0,370,0,0,0,0,,/Game/Monsters/npc_1848/npc_1848/SkeletalMeshes/npc_1848,LNPC1793
npc_1849,1849,Argarous,0,0,220,245,1000,2000,2500,2000,2000,500,100,1,581,5000,337,1117,0,20,90,0,10000,11,1,312,418,0,0,0,0,,/Game/Monsters/npc_1849/npc_1849/SkeletalMeshes/npc_1849,LNPC1794
npc_1850,1850,Argarous,0,0,220,245,1000,2400,2500,2000,2000,500,100,1,582,5000,338,1117,0,20,90,0,10000,11,1,312,418,0,0,0,0,,/Game/Monsters/npc_1850/npc_1850/SkeletalMeshes/npc_1850,LNPC1794
npc_1851,1851,Argarous,0,0,220,245,1000,2800,2500,2000,2000,500,100,1,583,5000,3339,1117,0,20,90,0,10000,11,1,312,418,0,0,0,0,,/Game/Monsters/npc_1851/npc_1851/SkeletalMeshes/npc_1851,LNPC1794
npc_1852,1852,[Race Referee] Richard Steel,0,0,120,10,10000,100,100,100,100,100,100,0,0,0,57,0,0,0,0,0,200,999,0,0,0,0,0,0,0,,/Game/Monsters/npc_1852/npc_1852/SkeletalMeshes/npc_1852,LNPC1852
npc_1853,1853,Fenrir,350,750,820,255,1000,2000,3000,3000,3000,1000,200,0,456,5000,244,0,0,20,80,0,200,10,1,0,322,0,0,0,0,,/Game/Monsters/npc_1853/npc_1853/SkeletalMeshes/npc_1853,LNPC1853
npc_1854,1854,Jabberwock,350,750,850,255,1000,2000,3000,3000,3000,1000,200,0,457,5000,245,0,0,20,80,0,350,10,1,0,322,0,0,0,0,,/Game/Monsters/npc_1854/npc_1854/SkeletalMeshes/npc_1854,LNPC1854
npc_1855,1855,Phoenix,432,914,800,255,1000,2000,3000,3000,3000,1000,200,0,458,5000,246,0,0,20,80,0,350,10,1,0,322,0,0,0,0,,/Game/Monsters/npc_1855/npc_1855/SkeletalMeshes/npc_1855,LNPC1855
npc_1856,1856,Stinger King,350,900,400,245,500,1500,2500,900,500,470,120,0,364,1000,261,0,0,15,100,0,300,8,1,0,0,0,0,0,0,,/Game/Monsters/npc_1856/npc_1856/SkeletalMeshes/npc_1856,LNPC1797
npc_1857,1857,Desert Viper,160,242,50,225,100,1500,2500,910,800,480,100,0,291,1000,262,0,0,15,100,0,180,1,1,0,182,0,0,0,0,,/Game/Monsters/npc_1857/npc_1857/SkeletalMeshes/npc_1857,LNPC1798
npc_1858,1858,Elder Desert Viper,175,260,75,227,100,1500,2500,920,850,490,100,0,291,1000,263,0,0,10,100,0,200,1,1,0,182,0,0,0,0,,/Game/Monsters/npc_1858/npc_1858/SkeletalMeshes/npc_1858,LNPC1799
npc_1859,1859,King Cobra,180,266,300,245,500,1500,2500,1000,1000,500,100,0,291,5000,264,0,0,10,100,0,220,2,1,0,182,0,0,0,0,,/Game/Monsters/npc_1859/npc_1859/SkeletalMeshes/npc_1859,LNPC1800
npc_1860,1860,Sand Man,350,750,380,228,100,1300,800,940,950,510,100,0,527,1000,261,0,0,10,100,0,230,10,2,0,250,0,0,0,0,,/Game/Monsters/npc_1860/npc_1860/SkeletalMeshes/npc_1860,LNPC1801
npc_1861,1861,Giant Sand Man,350,750,400,230,100,1300,800,950,1000,520,100,0,527,1000,262,0,0,10,100,0,230,10,2,0,250,0,0,0,0,,/Game/Monsters/npc_1861/npc_1861/SkeletalMeshes/npc_1861,LNPC1802
npc_1862,1862,Sand King,350,750,500,245,500,800,2500,1000,1100,530,100,0,527,5000,263,0,0,10,100,0,230,10,2,0,250,0,0,0,0,,/Game/Monsters/npc_1862/npc_1862/SkeletalMeshes/npc_1862,LNPC1803
npc_1863,1863,Stinger,300,700,120,231,50,800,800,970,1100,540,100,0,364,1000,264,0,0,10,100,0,300,3,1,0,0,0,0,0,0,,/Game/Monsters/npc_1863/npc_1863/SkeletalMeshes/npc_1863,LNPC1804
npc_1864,1864,Elder Stinger,300,750,120,232,50,800,800,980,1150,550,100,0,364,1000,337,0,0,10,100,0,300,4,1,0,0,0,0,0,0,,/Game/Monsters/npc_1864/npc_1864/SkeletalMeshes/npc_1864,LNPC1805
npc_1865,1865,Slave,200,450,120,231,50,800,800,990,1200,560,120,0,443,1000,338,0,0,10,100,0,120,10,1,0,370,0,0,0,0,,/Game/Monsters/npc_1865/npc_1865/SkeletalMeshes/npc_1865,LNPC1806
npc_1866,1866,Slave Driver,200,450,200,233,50,800,800,1000,1250,570,120,0,447,1000,339,1143,0,10,100,0,180,10,1,0,370,0,0,0,0,,/Game/Monsters/npc_1866/npc_1866/SkeletalMeshes/npc_1866,LNPC1807
npc_1867,1867,Desert Wraith,200,450,1000,245,500,2000,2000,1000,1000,500,100,0,129,5000,268,1067,0,0,100,0,274,3,1,0,0,0,0,0,0,,/Game/Monsters/npc_1867/npc_1867/SkeletalMeshes/npc_1867,LNPC1808
npc_1868,1868,Desert Knight,450,850,1000,245,500,2000,2000,1000,1000,500,100,0,350,5000,268,1130,0,0,100,0,300,10,0,0,0,0,0,0,0,,/Game/Monsters/npc_1868/npc_1868/SkeletalMeshes/npc_1868,LNPC1809
npc_1869,1869,Cerberus,350,750,800,255,1000,2000,3000,3000,3000,1000,200,0,455,5000,243,0,0,20,80,0,350,10,1,304,322,0,0,0,0,,/Game/Monsters/npc_1869/npc_1869/SkeletalMeshes/npc_1869,LNPC1851
npc_1870,1870,Cow,100,300,150,1,1,1,1,9000,9000,1,1,0,504,1,100,0,0,0,60,0,150,1,1,414,413,0,0,0,0,,/Game/Monsters/npc_1870/npc_1870/SkeletalMeshes/npc_1870,LNPC1870
npc_1871,1871,Stone A,100,300,120,1,10,1,1,1,1,1,1,0,505,1,100,0,0,0,60,0,150,1,1,0,0,0,0,0,0,,/Game/Monsters/npc_1871/npc_1871/SkeletalMeshes/npc_1871,LNPC1871
npc_1872,1872,Stone B,100,300,150,1,10,1,1,1,1,1,1,0,506,1,100,0,0,0,60,0,150,1,1,0,0,0,0,0,0,,/Game/Monsters/npc_1872/npc_1872/SkeletalMeshes/npc_1872,LNPC1872
npc_1873,1873,Stone C,100,300,120,1,10,1,1,1,1,1,1,0,626,1,100,0,0,0,60,0,150,1,1,0,0,0,0,0,0,,/Game/Monsters/npc_1873/npc_1873/SkeletalMeshes/npc_1873,LNPC1873
npc_1874,1874,Plant A,100,300,100,1,10,1,1,1,1,1,1,0,500,1,100,0,0,0,60,0,150,1,1,0,0,0,0,0,0,,/Game/Monsters/npc_1874/npc_1874/SkeletalMeshes/npc_1874,LNPC1874
npc_1875,1875,Plant B,100,300,100,1,10,1,1,1,1,1,1,0,503,1,100,0,0,0,60,0,150,1,1,0,0,0,0,0,0,,/Game/Monsters/npc_1875/npc_1875/SkeletalMeshes/npc_1875,LNPC1875
npc_1876,1876,Plant C,100,300,100,1,10,1,1,1,1,1,1,0,501,1,100,0,0,0,60,0,150,1,1,0,0,0,0,0,0,,/Game/Monsters/npc_1876/npc_1876/SkeletalMeshes/npc_1876,LNPC1876
npc_1877,1877,Plant D,100,300,100,1,10,1,1,1,1,1,1,0,502,1,100,0,0,0,60,0,150,1,1,0,0,0,0,0,0,,/Game/Monsters/npc_1877/npc_1877/SkeletalMeshes/npc_1877,LNPC1877
npc_1878,1878,Plant E,100,300,100,1,10,1,1,1,1,1,1,0,503,1,100,0,0,0,60,0,150,1,1,0,0,0,0,0,0,,/Game/Monsters/npc_1878/npc_1878/SkeletalMeshes/npc_1878,LNPC1878
npc_1879,1879,Desert Chicken,100,300,100,1,10,1,1,1,1,1,1,0,508,1,100,0,0,0,60,0,150,1,1,0,0,0,0,0,0,,/Game/Monsters/npc_1879/npc_1879/SkeletalMeshes/npc_1879,LNPC1879
npc_1880,1880,Baby Desert Chicken,100,300,100,1,10,1,1,1,1,1,1,0,509,1,100,0,0,0,60,0,150,1,1,0,0,0,0,0,0,,/Game/Monsters/npc_1880/npc_1880/SkeletalMeshes/npc_1880,LNPC1880
npc_1882,1882,Aquatora,290,600,210,204,80,1000,900,500,1700,300,90,0,143,1500,284,1084,0,60,90,0,800,2,2,312,310,0,0,0,0,,/Game/Monsters/npc_1882/npc_1882/SkeletalMeshes/npc_1882,LNPC1882
npc_1883,1883,Aquatora Warrior,290,600,220,205,80,1000,900,500,1700,300,95,0,144,1500,285,1084,0,60,90,0,1300,9,2,312,310,0,0,0,0,,/Game/Monsters/npc_1883/npc_1883/SkeletalMeshes/npc_1883,LNPC1883
npc_1884,1884,Aquatora Captain,220,690,230,206,90,1000,900,500,1700,300,100,0,144,1500,286,1084,0,60,90,0,1300,9,2,312,310,0,0,0,0,,/Game/Monsters/npc_1884/npc_1884/SkeletalMeshes/npc_1884,LNPC1884
npc_1885,1885,Demon Fish,180,780,150,211,80,1000,900,500,1700,300,90,0,111,1500,288,1035,0,60,90,0,350,2,0,0,254,0,0,0,0,,/Game/Monsters/npc_1885/npc_1885/SkeletalMeshes/npc_1885,LNPC1885
npc_1886,1886,Demon Fish Ranger,240,830,160,212,80,1000,900,500,1700,300,95,0,113,1500,288,1043,0,60,90,0,2200,5,0,0,254,0,0,0,0,,/Game/Monsters/npc_1886/npc_1886/SkeletalMeshes/npc_1886,LNPC1886
npc_1887,1887,Demon Fish Captain,210,760,170,213,90,1000,900,500,1700,300,100,0,26,1500,289,165,0,60,90,0,380,9,0,0,254,0,0,0,0,,/Game/Monsters/npc_1887/npc_1887/SkeletalMeshes/npc_1887,LNPC1887
npc_1888,1888,Krawfora,220,700,150,216,80,1000,900,500,1700,350,100,0,114,1500,290,0,0,60,90,0,230,1,0,0,234,0,0,0,0,,/Game/Monsters/npc_1888/npc_1888/SkeletalMeshes/npc_1888,LNPC1894
npc_1889,1889,Krawfora Warrior,200,500,175,217,80,1000,900,500,1700,350,110,0,115,1500,284,0,0,60,90,0,240,4,0,0,234,0,0,0,0,,/Game/Monsters/npc_1889/npc_1889/SkeletalMeshes/npc_1889,LNPC1895
npc_1890,1890,Krawfora Captain,240,750,185,218,90,1000,900,500,1700,350,120,0,114,1500,285,0,0,60,90,0,250,9,0,0,234,0,0,0,0,,/Game/Monsters/npc_1890/npc_1890/SkeletalMeshes/npc_1890,LNPC1896
npc_1891,1891,Sea Dragon,300,500,400,225,80,1000,900,500,1700,350,100,1,51,1500,286,1084,0,60,90,0,900,1,1,0,270,0,0,0,0,,/Game/Monsters/npc_1891/npc_1891/SkeletalMeshes/npc_1891,LNPC1897
npc_1892,1892,Elder Sea Dragon,300,500,450,226,80,1000,900,500,2300,350,110,1,51,1500,288,1084,0,60,90,0,900,4,1,0,270,0,0,0,0,,/Game/Monsters/npc_1892/npc_1892/SkeletalMeshes/npc_1892,LNPC1898
npc_1893,1893,Lord Sea Dragon,300,500,750,227,90,1000,900,800,1700,350,120,1,51,1500,287,1084,0,60,90,0,900,10,1,0,270,0,0,0,0,,/Game/Monsters/npc_1893/npc_1893/SkeletalMeshes/npc_1893,LNPC1899
npc_1894,1894,Sea Serpent,250,500,300,228,80,1000,900,500,1700,400,120,1,135,1500,289,1094,0,60,90,0,1500,2,2,0,298,0,0,0,0,,/Game/Monsters/npc_1894/npc_1894/SkeletalMeshes/npc_1894,LNPC1900
npc_1895,1895,Elder Sea Serpent,260,600,350,228,80,1000,900,500,1700,400,130,1,135,1500,290,1094,0,60,90,0,1500,2,2,0,298,0,0,0,0,,/Game/Monsters/npc_1895/npc_1895/SkeletalMeshes/npc_1895,LNPC1901
npc_1896,1896,Sea Terror,270,700,650,229,90,1000,900,500,1700,400,140,1,135,1500,286,1094,0,60,90,0,1500,10,2,0,298,0,0,0,0,,/Game/Monsters/npc_1896/npc_1896/SkeletalMeshes/npc_1896,LNPC1902
npc_1897,1897,Agora Golem,200,500,1000,240,200,2000,2500,1000,2300,400,120,0,439,3000,287,0,0,60,90,0,200,11,1,0,370,0,0,0,0,,/Game/Monsters/npc_1897/npc_1897/SkeletalMeshes/npc_1897,LNPC1903
npc_1899,1899,[Japan] Samara,0,0,120,10,100,100,100,100,100,2000,100,0,539,0,57,0,0,10,100,0,200,999,0,0,370,0,0,0,0,,/Game/Monsters/npc_1899/npc_1899/SkeletalMeshes/npc_1899,LNPC1905
npc_1900,1900,Dragon Queen,340,790,170,250,200,2800,1000,2000,1500,500,120,0,50,2000,269,999,0,10,100,0,250,11,0,0,234,0,0,0,0,,/Game/Monsters/npc_1900/npc_1900/SkeletalMeshes/npc_1900,LNPC1906
npc_1902,1902,Halloween Spook,150,350,200,1,80,150,50,50,50,50,100,0,119,30,311,1076,0,0,80,0,800,7,1,0,262,0,0,0,0,ev01-001,/Game/Monsters/npc_1902/npc_1902/SkeletalMeshes/npc_1902,LNPC1907
npc_1903,1903,Halloween Ghost,150,168,200,1,80,150,50,50,50,50,100,0,119,30,311,1076,0,0,80,0,800,7,1,0,262,0,0,0,0,ev01-002,/Game/Monsters/npc_1903/npc_1903/SkeletalMeshes/npc_1903,LNPC1908
npc_1904,1904,Jack o' Lantern,320,1000,300,1,200,150,50,50,50,50,100,0,362,30,313,0,0,0,80,0,400,11,1,0,262,0,0,0,0,ev01-003,/Game/Monsters/npc_1904/npc_1904/SkeletalMeshes/npc_1904,LNPC1909
npc_1906,1906,Doppleganger Knight,200,700,130,250,100,1200,1000,800,900,400,125,0,113,1500,293,21,20,10,100,0,100,9,1,388,390,0,0,0,0,,/Game/Monsters/npc_1906/npc_1906/SkeletalMeshes/npc_1906,LNPC1910
npc_1907,1907,Doppleganger Champ,200,900,131,250,100,1400,1000,800,800,400,130,0,113,1500,293,183,0,10,100,0,180,9,1,388,358,0,0,0,0,,/Game/Monsters/npc_1907/npc_1907/SkeletalMeshes/npc_1907,LNPC1911
npc_1908,1908,Doppleganger Mage,200,900,132,250,100,1250,1000,800,1200,300,100,0,119,1500,294,322,0,10,100,0,180,9,1,388,358,0,0,0,0,,/Game/Monsters/npc_1908/npc_1908/SkeletalMeshes/npc_1908,LNPC1912
npc_1909,1909,Doppleganger Cleric,200,810,131,250,100,1250,1000,800,1300,300,110,1,119,1500,294,350,19,10,100,0,2800,9,1,388,390,0,0,0,0,,/Game/Monsters/npc_1909/npc_1909/SkeletalMeshes/npc_1909,LNPC1913
npc_1910,1910,Doppleganger Scout,200,1200,135,250,100,1300,1000,800,700,600,130,0,453,1500,295,224,0,10,100,0,2800,9,1,388,390,0,0,0,0,,/Game/Monsters/npc_1910/npc_1910/SkeletalMeshes/npc_1910,LNPC1914
npc_1911,1911,Doppleganger Raider,200,1500,135,250,100,1400,1000,800,700,600,200,0,428,1500,295,421,0,10,100,0,100,9,1,388,358,0,0,0,0,,/Game/Monsters/npc_1911/npc_1911/SkeletalMeshes/npc_1911,LNPC1915
npc_1912,1912,Doppleganger Bourg,200,705,133,250,100,1600,1000,800,900,300,90,0,453,1500,296,279,0,10,100,0,2800,9,1,388,390,0,0,0,0,,/Game/Monsters/npc_1912/npc_1912/SkeletalMeshes/npc_1912,LNPC1916
npc_1913,1913,Doppleganger Arti,200,840,133,250,100,1600,1000,800,900,300,110,0,453,1500,296,251,0,10,100,0,2800,9,1,388,358,0,0,0,0,,/Game/Monsters/npc_1913/npc_1913/SkeletalMeshes/npc_1913,LNPC1917
npc_1914,1914,Doppleganger,200,650,125,247,85,1000,800,1000,1500,300,150,0,428,1000,295,0,0,10,100,0,100,3,1,388,358,0,0,0,0,,/Game/Monsters/npc_1914/npc_1914/SkeletalMeshes/npc_1914,LNPC1918
npc_1915,1915,Wisp,200,250,135,245,25,900,1500,1000,1000,300,92,0,596,1000,329,0,0,10,90,0,150,10,1,388,358,0,0,0,0,,/Game/Monsters/npc_1915/npc_1915/SkeletalMeshes/npc_1915,LNPC1605
npc_1916,1916,Will o' wisp,200,250,135,245,25,900,1500,1000,1000,300,92,0,597,1000,330,0,0,20,90,0,150,10,1,388,358,0,0,0,0,,/Game/Monsters/npc_1916/npc_1916/SkeletalMeshes/npc_1916,LNPC1606
npc_1917,1917,Cryo,200,500,135,250,100,1300,2500,1000,900,300,92,0,596,1500,331,0,0,20,90,0,100,10,1,388,358,0,0,0,0,,/Game/Monsters/npc_1917/npc_1917/SkeletalMeshes/npc_1917,LNPC1607
npc_1918,1918,Pyro,200,550,135,250,100,1300,2500,1000,900,300,92,0,597,1500,332,0,0,20,90,0,100,10,1,388,358,0,0,0,0,,/Game/Monsters/npc_1918/npc_1918/SkeletalMeshes/npc_1918,LNPC1608
npc_1919,1919,Frozen Behemoth,300,723,160,250,100,1800,2500,1000,601,246,120,0,589,1500,333,0,0,40,95,0,250,10,2,0,322,0,0,0,0,,/Game/Monsters/npc_1919/npc_1919/SkeletalMeshes/npc_1919,LNPC1609
npc_1920,1920,Burning Behemoth,300,742,160,250,100,1900,2500,1000,601,246,120,0,589,1500,334,0,0,40,95,0,250,10,2,0,322,0,0,0,0,,/Game/Monsters/npc_1920/npc_1920/SkeletalMeshes/npc_1920,LNPC1610
npc_1921,1921,Shadow Behemoth,300,759,165,250,100,1800,2500,1000,601,246,120,0,589,1500,335,0,0,40,95,0,250,10,2,0,322,0,0,0,0,,/Game/Monsters/npc_1921/npc_1921/SkeletalMeshes/npc_1921,LNPC1611
npc_1922,1922,Eron the Illusionist,200,1500,1000,255,1000,3000,3000,3000,3000,1000,300,0,428,5000,14,0,0,40,90,0,100,10,1,388,390,0,0,0,0,,/Game/Monsters/npc_1922/npc_1922/SkeletalMeshes/npc_1922,LNPC1926
npc_1923,1923,ETC STAFF] Pam,0,0,100,255,100000,100000,100000,100000,100000,100000,250,0,0,0,0,0,0,0,0,0,200,999,0,0,0,0,0,0,0,,/Game/Monsters/npc_1923/npc_1923/SkeletalMeshes/npc_1923,LNPC1771
npc_1924,1924,ETC STAFF] Pam,0,0,100,255,100000,100000,100000,100000,100000,100000,250,0,0,0,0,0,0,0,0,0,200,999,0,0,0,0,0,0,0,,/Game/Monsters/npc_1924/npc_1924/SkeletalMeshes/npc_1924,LNPC1771
npc_1925,1925,Sky Dragon,0,0,750,255,100000,100000,100000,100000,100000,100000,250,0,0,0,0,0,0,0,0,0,200,999,0,0,0,0,0,0,0,,/Game/Monsters/npc_1925/npc_1925/SkeletalMeshes/npc_1925,LNPC1772
npc_1926,1926,[Monk] Travis,0,0,120,250,100000,100000,100000,100000,100000,100000,250,0,521,0,0,0,0,0,0,0,200,999,0,0,0,0,0,0,0,,/Game/Monsters/npc_1926/npc_1926/SkeletalMeshes/npc_1926,LNPC1930
npc_1927,1927,[Monk] Berec,0,0,120,250,100000,100000,100000,100000,100000,100000,250,0,522,0,0,0,0,0,0,0,200,999,0,0,0,559,560,0,0,,/Game/Monsters/npc_1927/npc_1927/SkeletalMeshes/npc_1927,LNPC1931
npc_1928,1928,[Monk] Clement,0,0,120,250,100000,100000,100000,100000,100000,100000,250,0,523,0,0,0,0,0,0,0,200,999,0,0,0,551,0,0,0,,/Game/Monsters/npc_1928/npc_1928/SkeletalMeshes/npc_1928,LNPC1932
npc_1929,1929,[Monk] Ghast,0,0,120,250,100000,100000,100000,100000,100000,100000,250,0,524,0,0,0,0,0,0,0,200,999,0,0,0,0,0,0,0,,/Game/Monsters/npc_1929/npc_1929/SkeletalMeshes/npc_1929,LNPC1933
npc_1930,1930,[Elder Monk] Thor,0,0,120,250,100000,100000,100000,100000,100000,100000,250,0,537,0,0,0,0,0,0,0,200,999,0,0,0,471,0,0,0,,/Game/Monsters/npc_1930/npc_1930/SkeletalMeshes/npc_1930,LNPC1934
npc_1931,1931,ETC STAFF] Pam,0,0,100,255,100000,100000,100000,100000,100000,100000,250,0,0,0,0,0,0,0,0,0,200,999,0,0,0,539,0,0,0,,/Game/Monsters/npc_1931/npc_1931/SkeletalMeshes/npc_1931,LNPC1771
npc_1932,1932,Sand golem,200,450,160,225,100,1800,800,700,500,300,90,0,62,1600,262,0,0,10,90,0,190,2,2,0,250,0,0,0,0,,/Game/Monsters/npc_1932/npc_1932/SkeletalMeshes/npc_1932,LNPC1935
npc_1933,1933,Elder Sand Golem,220,490,185,225,110,1800,800,800,500,300,105,0,62,1700,262,0,0,10,90,0,220,3,2,0,250,0,0,0,0,,/Game/Monsters/npc_1933/npc_1933/SkeletalMeshes/npc_1933,LNPC1936
npc_1934,1934,Master Sand Golem,220,490,200,225,120,1800,800,900,500,300,100,0,66,1750,262,0,0,10,90,0,250,10,2,0,250,0,0,0,0,,/Game/Monsters/npc_1934/npc_1934/SkeletalMeshes/npc_1934,LNPC1937
npc_1936,1936,Arctic Fire,100,250,1000,255,150,1500,1000,1000,300,500,150,0,596,10000,268,0,0,0,90,0,150,10,1,388,358,0,0,0,0,,/Game/Monsters/npc_1936/npc_1936/SkeletalMeshes/npc_1936,LNPC1634
npc_1937,1937,Hell Fire,100,250,1000,255,150,1500,1000,1000,300,500,150,0,597,10000,268,0,0,0,90,0,150,10,1,388,358,0,0,0,0,,/Game/Monsters/npc_1937/npc_1937/SkeletalMeshes/npc_1937,LNPC1635
npc_1938,1938,Arctic Knight,100,1500,1500,260,1000,3000,3000,3000,3000,1000,200,0,595,10000,427,899,0,20,80,0,250,10,2,92,390,0,0,0,0,,/Game/Monsters/npc_1938/npc_1938/SkeletalMeshes/npc_1938,LNPC1636
npc_1939,1939,Hell Knight,100,1500,1500,260,1000,3000,3000,3000,3000,1000,200,0,595,10000,429,986,0,20,80,0,250,10,2,92,390,0,0,0,0,,/Game/Monsters/npc_1939/npc_1939/SkeletalMeshes/npc_1939,LNPC1637
npc_1940,1940,Abyssal Knight,100,1500,1500,260,1000,3000,3000,3000,3000,1000,200,0,595,10000,430,811,0,20,80,0,250,10,2,92,390,0,0,0,0,,/Game/Monsters/npc_1940/npc_1940/SkeletalMeshes/npc_1940,LNPC1638
npc_1942,1942,Oblivion,100,250,1000,260,2000,2000,3000,3000,3000,1000,250,0,596,10000,217,0,0,20,100,0,100,10,1,388,358,0,0,0,0,,/Game/Monsters/npc_1942/npc_1942/SkeletalMeshes/npc_1942,LNPC1639
npc_1943,1943,Cancer,250,550,1000,260,2000,2000,3000,3000,3000,1000,300,0,294,10000,218,0,0,20,100,0,240,2,0,332,334,0,0,0,0,,/Game/Monsters/npc_1943/npc_1943/SkeletalMeshes/npc_1943,LNPC1640
npc_1944,1944,Titanous,400,1000,1000,260,2000,2000,3000,3000,3000,1000,250,0,595,10000,219,0,0,20,100,0,300,11,0,0,390,0,0,0,0,,/Game/Monsters/npc_1944/npc_1944/SkeletalMeshes/npc_1944,LNPC1641
npc_1952,1952,geb_body400,0,0,400,1,50,1,1,1,1,1,1,0,584,1,343,0,0,0,0,0,150,1,1,0,0,0,0,0,0,aleksandros-body400-31,/Game/Monsters/npc_1952/npc_1952/SkeletalMeshes/npc_1952,LNPC1868
npc_1953,1953,geb_body200,0,0,200,1,50,1,1,1,1,1,1,0,584,1,344,0,0,0,0,0,150,1,1,0,0,0,0,0,0,aleksandros-body200-31,/Game/Monsters/npc_1953/npc_1953/SkeletalMeshes/npc_1953,LNPC1868
npc_1954,1954,geb_body50,0,0,50,1,50,1,1,1,1,1,1,0,584,1,345,0,0,0,0,0,150,1,1,0,0,0,0,0,0,aleksandros-body50-31,/Game/Monsters/npc_1954/npc_1954/SkeletalMeshes/npc_1954,LNPC1868
npc_1955,1955,geb_body12_1,0,0,100,1,12,1,1,1,1,1,1,0,565,1,343,0,0,0,0,0,150,1,1,0,0,0,0,0,0,,/Game/Monsters/npc_1955/npc_1955/SkeletalMeshes/npc_1955,LNPC1868
npc_1956,1956,geb_body12_2,0,0,200,1,12,1,1,1,1,1,1,0,567,1,344,0,0,0,0,0,150,1,1,0,0,0,0,0,0,,/Game/Monsters/npc_1956/npc_1956/SkeletalMeshes/npc_1956,LNPC1868
npc_1957,1957,geb_head400,0,0,400,1,50,1,1,1,1,1,1,0,584,1,345,0,0,0,0,0,150,1,1,0,0,0,0,0,0,aleksandros-head400-31,/Game/Monsters/npc_1957/npc_1957/SkeletalMeshes/npc_1957,LNPC1869
npc_1958,1958,geb_head200,0,0,200,1,50,1,1,1,1,1,1,0,584,1,343,0,0,0,0,0,150,1,1,0,0,0,0,0,0,aleksandros-head200-31,/Game/Monsters/npc_1958/npc_1958/SkeletalMeshes/npc_1958,LNPC1869
npc_1959,1959,geb_head50,0,0,50,1,50,1,1,1,1,1,1,0,584,1,344,0,0,0,0,0,150,1,1,0,0,0,0,0,0,aleksandros-head50-31,/Game/Monsters/npc_1959/npc_1959/SkeletalMeshes/npc_1959,LNPC1869
npc_1960,1960,geb_head12_1,0,0,100,1,12,1,1,1,1,1,1,0,566,1,345,0,0,0,0,0,150,1,1,0,0,0,0,0,0,,/Game/Monsters/npc_1960/npc_1960/SkeletalMeshes/npc_1960,LNPC1869
npc_1961,1961,geb_head12_2,0,0,200,1,12,1,1,1,1,1,1,0,568,1,343,0,0,0,0,0,150,1,1,0,0,0,0,0,0,,/Game/Monsters/npc_1961/npc_1961/SkeletalMeshes/npc_1961,LNPC1869
npc_1965,1965,Blue,0,0,130,255,50,10,2500,4000,500,300,130,0,660,0,0,0,0,0,0,0,350,0,2,2223,0,0,0,0,0,,/Game/Monsters/npc_1965/npc_1965/SkeletalMeshes/npc_1965,LNPC1022
npc_1966,1966,Blue,0,0,130,255,50,10,2500,4000,500,300,130,0,661,0,0,0,0,0,0,0,350,0,2,2223,0,0,0,0,0,,/Game/Monsters/npc_1966/npc_1966/SkeletalMeshes/npc_1966,LNPC1022
npc_1967,1967,Blue,0,0,130,255,50,10,2500,4000,500,300,130,0,662,0,0,0,0,0,0,0,350,0,2,2223,0,0,0,0,0,,/Game/Monsters/npc_1967/npc_1967/SkeletalMeshes/npc_1967,LNPC1022
npc_1968,1968,Blue,0,0,180,255,50,10,3500,5000,500,300,130,0,663,0,0,0,0,0,0,0,350,0,2,2223,0,0,0,0,0,,/Game/Monsters/npc_1968/npc_1968/SkeletalMeshes/npc_1968,LNPC1022
npc_1969,1969,Red,0,0,130,255,50,10,2500,4000,500,300,130,0,656,0,0,0,0,0,0,0,350,0,2,2223,0,0,0,0,0,,/Game/Monsters/npc_1969/npc_1969/SkeletalMeshes/npc_1969,LNPC1024
npc_1970,1970,Red,0,0,130,255,50,10,2500,4000,500,300,130,0,657,0,0,0,0,0,0,0,350,0,2,2223,0,0,0,0,0,,/Game/Monsters/npc_1970/npc_1970/SkeletalMeshes/npc_1970,LNPC1024
npc_1971,1971,Red,0,0,130,255,50,10,2500,4000,500,300,130,0,658,0,0,0,0,0,0,0,350,0,2,2223,0,0,0,0,0,,/Game/Monsters/npc_1971/npc_1971/SkeletalMeshes/npc_1971,LNPC1024
npc_1972,1972,Red,0,0,180,255,50,10,3500,5000,500,300,130,0,659,0,0,0,0,0,0,0,350,0,2,2223,0,0,0,0,0,,/Game/Monsters/npc_1972/npc_1972/SkeletalMeshes/npc_1972,LNPC1024
npc_2000,2000,Devil Pest Butterfly,200,350,320,210,15,10,2500,24,18,108,20,0,600,1000,0,0,0,40,60,0,160,1,1,0,0,0,0,0,0,,/Game/Monsters/npc_2000/npc_2000/SkeletalMeshes/npc_2000,LNPC2000
npc_2001,2001,Elder Warbiz,300,650,150,220,70,1000,2000,724,655,233,100,0,601,1000,416,0,0,40,60,0,230,3,0,324,326,0,0,0,0,,/Game/Monsters/npc_2001/npc_2001/SkeletalMeshes/npc_2001,LNPC2001
npc_2002,2002,Mini-Warbiz,350,750,50,215,30,1000,2000,381,353,334,90,0,602,1000,416,0,0,40,60,0,240,1,0,328,330,0,0,0,0,,/Game/Monsters/npc_2002/npc_2002/SkeletalMeshes/npc_2002,LNPC2002
npc_2003,2003,Tigris,200,450,135,220,70,1000,2000,733,664,262,90,0,603,1000,417,0,0,40,60,0,230,3,1,26,370,0,0,0,0,,/Game/Monsters/npc_2003/npc_2003/SkeletalMeshes/npc_2003,LNPC2003
npc_2004,2004,Tigris Captain,200,450,210,225,100,1000,2000,881,804,140,90,0,604,1000,417,0,0,40,60,0,230,9,1,26,370,0,0,0,0,,/Game/Monsters/npc_2004/npc_2004/SkeletalMeshes/npc_2004,LNPC2004
npc_2005,2005,Pantharis,200,450,145,220,70,1000,2000,771,664,253,97,0,605,1000,418,0,0,40,60,0,230,4,1,26,370,0,0,0,0,,/Game/Monsters/npc_2005/npc_2005/SkeletalMeshes/npc_2005,LNPC2005
npc_2006,2006,Pantharis King,200,450,440,240,300,1000,2000,984,903,86,97,0,606,2000,424,0,0,0,100,0,230,11,1,26,370,0,0,0,0,,/Game/Monsters/npc_2006/npc_2006/SkeletalMeshes/npc_2006,LNPC2006
npc_2007,2007,Terrapin,200,350,330,225,70,1000,2000,815,604,115,97,0,607,1000,419,0,0,40,60,0,150,2,1,26,370,0,0,0,0,,/Game/Monsters/npc_2007/npc_2007/SkeletalMeshes/npc_2007,LNPC2007
npc_2008,2008,Terrapin Captain,200,350,450,226,100,1000,2000,886,809,66,97,0,608,1000,419,0,0,40,60,0,150,9,1,26,370,0,0,0,0,,/Game/Monsters/npc_2008/npc_2008/SkeletalMeshes/npc_2008,LNPC2008
npc_2009,2009,Arachnid,240,530,70,215,70,1000,2000,751,647,256,100,0,609,1000,420,0,0,40,60,0,220,4,0,344,346,0,0,0,0,,/Game/Monsters/npc_2009/npc_2009/SkeletalMeshes/npc_2009,LNPC2009
npc_2010,2010,Giant Arachnid,240,530,270,220,70,1000,2000,917,839,136,100,0,610,1000,420,0,0,0,100,0,220,10,0,344,346,0,0,0,0,,/Game/Monsters/npc_2010/npc_2010/SkeletalMeshes/npc_2010,LNPC2010
npc_2011,2011,Aplysia,200,500,250,225,70,1000,2000,771,664,147,107,0,611,1000,421,0,0,40,60,0,250,4,1,0,370,0,0,0,0,,/Game/Monsters/npc_2011/npc_2011/SkeletalMeshes/npc_2011,LNPC2011
npc_2012,2012,Aplysia King,200,500,500,240,300,1000,2000,990,908,76,107,0,612,2000,424,0,0,0,100,0,250,11,1,0,370,0,0,0,0,,/Game/Monsters/npc_2012/npc_2012/SkeletalMeshes/npc_2012,LNPC2012
npc_2013,2013,Bone Spider,200,450,125,225,70,1000,2000,757,686,292,90,0,613,1000,422,0,0,40,60,0,230,3,1,0,370,0,0,0,0,,/Game/Monsters/npc_2013/npc_2013/SkeletalMeshes/npc_2013,LNPC2013
npc_2014,2014,Bone Spider King,200,450,250,240,300,1000,2000,1003,920,154,90,0,614,2000,424,0,0,0,100,0,230,11,1,0,370,0,0,0,0,,/Game/Monsters/npc_2014/npc_2014/SkeletalMeshes/npc_2014,LNPC2014
npc_2015,2015,Elder Sikuku Predator,200,450,145,225,70,1000,2000,828,720,248,90,0,615,1000,423,1144,0,40,60,0,180,8,1,0,370,0,0,0,0,,/Game/Monsters/npc_2015/npc_2015/SkeletalMeshes/npc_2015,LNPC2015
npc_2016,2016,Sikuku High Chief,200,450,175,224,70,1000,2000,886,809,169,90,0,616,1000,423,1143,0,40,60,0,180,9,1,0,370,0,0,0,0,,/Game/Monsters/npc_2016/npc_2016/SkeletalMeshes/npc_2016,LNPC2016
npc_2017,2017,Grand Master Sikuku,200,450,450,240,300,1000,2000,1021,937,87,90,0,617,1000,424,1143,0,0,100,0,180,11,1,0,370,0,0,0,0,,/Game/Monsters/npc_2017/npc_2017/SkeletalMeshes/npc_2017,LNPC2017
npc_2019,2019,Devil Pest Pantharis,200,450,165,222,100,1000,2000,780,673,309,97,0,619,1000,425,0,0,40,60,0,230,4,1,26,370,0,0,0,0,,/Game/Monsters/npc_2019/npc_2019/SkeletalMeshes/npc_2019,LNPC2019
npc_2020,2020,Devil Pest Arachnid,240,530,90,222,100,1000,2000,761,656,214,100,0,620,1000,425,0,0,40,60,0,220,4,0,344,346,0,0,0,0,,/Game/Monsters/npc_2020/npc_2020/SkeletalMeshes/npc_2020,LNPC2020
npc_2021,2021,Devil Pest Bone Spider,200,450,145,222,100,1000,2000,767,695,148,90,0,621,1000,425,0,0,40,60,0,230,3,1,0,370,0,0,0,0,,/Game/Monsters/npc_2021/npc_2021/SkeletalMeshes/npc_2021,LNPC2021
npc_2025,2025,Sikuku High Chief,200,450,175,220,120,1000,2000,960,880,211,90,0,616,1000,424,1143,0,40,60,0,180,16,1,0,370,0,0,0,0,,/Game/Monsters/npc_2025/npc_2025/SkeletalMeshes/npc_2025,LNPC2016
npc_2026,2026,Grand Master Sikuku,200,450,350,240,120,1000,2000,1021,937,112,90,0,617,2000,424,1143,0,40,60,0,180,16,1,0,370,0,0,0,0,,/Game/Monsters/npc_2026/npc_2026/SkeletalMeshes/npc_2026,LNPC2017
npc_2030,2030,Almighty Turak,320,690,1000,240,3000,2539,2000,1500,1087,94,110,0,630,6000,424,1112,0,0,100,0,270,16,1,92,390,0,0,0,0,,/Game/Monsters/npc_2030/npc_2030/SkeletalMeshes/npc_2030,LNPC2022
npc_2031,2031,Sandy,320,690,500,260,1000,2500,2500,1500,1087,103,200,0,317,5000,517,872,0,20,100,0,270,11,1,92,390,0,0,0,0,ev01-001,/Game/Monsters/npc_2031/npc_2031/SkeletalMeshes/npc_2031,LNPC2031
npc_2032,2032,Mindy,320,690,500,260,1000,2500,2500,1500,1087,190,200,0,317,5000,518,846,0,20,100,0,270,11,1,92,390,0,0,0,0,ev01-002,/Game/Monsters/npc_2032/npc_2032/SkeletalMeshes/npc_2032,LNPC2032
npc_2033,2033,Cindy,320,690,500,260,1000,2500,2500,1500,1087,140,200,0,317,5000,519,850,0,20,100,0,270,11,1,92,390,0,0,0,0,ev01-003,/Game/Monsters/npc_2033/npc_2033/SkeletalMeshes/npc_2033,LNPC2033
npc_2034,2034,[Monkey] Peter Longtail,0,0,0,1000,100000,100000,100000,100000,100000,100000,100,0,0,0,72,0,0,0,0,0,200,999,0,0,0,0,0,0,0,,/Game/Monsters/npc_2034/npc_2034/SkeletalMeshes/npc_2034,
npc_2035,2035,[Monkey] Peter Longtail,0,0,400,1000,100000,100000,100000,100000,100000,100000,100,0,0,0,72,0,0,0,0,0,200,999,0,0,0,0,0,0,0,,/Game/Monsters/npc_2035/npc_2035/SkeletalMeshes/npc_2035,
npc_2036,2036,[Monkey] Peter Longtail,0,0,200,1000,100000,100000,100000,100000,100000,100000,100,0,0,0,72,0,0,0,0,0,200,999,0,0,0,0,0,0,0,,/Game/Monsters/npc_2036/npc_2036/SkeletalMeshes/npc_2036,
npc_2037,2037,[Monkey] Peter Longtail,0,0,200,1000,100000,100000,100000,100000,100000,100000,100,0,0,0,72,0,0,0,0,0,200,999,0,0,0,0,0,0,0,,/Game/Monsters/npc_2037/npc_2037/SkeletalMeshes/npc_2037,
npc_2038,2038,[Monkey] Peter Longtail,0,0,200,1000,100000,100000,100000,100000,100000,100000,100,0,0,0,72,0,0,0,0,0,200,999,0,0,0,0,0,0,0,,/Game/Monsters/npc_2038/npc_2038/SkeletalMeshes/npc_2038,
npc_2039,2039,[Royal Prince] Osiris,0,0,120,10,100,100,100,100,100,100,100,0,626,0,57,0,0,0,0,0,200,999,0,0,0,0,0,0,0,,/Game/Monsters/npc_2039/npc_2039/SkeletalMeshes/npc_2039,LNPC1132
npc_2040,2040,[Royal Prince] Osiris,0,0,120,10,100,100,100,100,100,100,100,0,627,0,57,0,0,0,0,0,200,999,0,0,0,0,0,0,0,,/Game/Monsters/npc_2040/npc_2040/SkeletalMeshes/npc_2040,LNPC1132
npc_2041,2041,[Royal Prince] Osiris,0,0,120,10,100,100,100,100,100,100,100,0,628,0,57,0,0,0,0,0,200,999,0,0,0,0,0,0,0,,/Game/Monsters/npc_2041/npc_2041/SkeletalMeshes/npc_2041,LNPC1132
npc_2042,2042,[Royal Prince] Osiris,0,0,120,10,100,100,100,100,100,100,100,0,629,0,57,0,0,0,0,0,200,999,0,0,0,0,0,0,0,,/Game/Monsters/npc_2042/npc_2042/SkeletalMeshes/npc_2042,LNPC1132
npc_2043,2043,Forsaken God Umbra,200,700,100,260,10000,5000,5000,2500,500,500,140,0,601,0,219,0,0,20,80,0,350,11,0,0,0,0,0,0,0,,/Game/Monsters/npc_2043/npc_2043/SkeletalMeshes/npc_2043,LNPC2043
npc_2111,2111,Venerable Snapper,350,600,300,250,80,1000,800,600,600,600,70,0,640,2000,536,0,0,10,60,0,400,1,0,308,306,0,0,0,0,,/Game/Monsters/npc_2111/npc_2111/SkeletalMeshes/npc_2111,LNPC2111
npc_2112,2112,Venerable Snapper Guard,350,600,350,250,80,1000,800,600,600,600,70,0,641,2000,537,0,0,10,60,0,400,2,0,308,306,0,0,0,0,,/Game/Monsters/npc_2112/npc_2112/SkeletalMeshes/npc_2112,LNPC2112
npc_2113,2113,Venerable Snapper Healer,350,600,400,250,80,1000,800,600,600,600,70,0,642,2000,538,0,0,10,60,0,400,2,0,308,306,0,0,0,0,,/Game/Monsters/npc_2113/npc_2113/SkeletalMeshes/npc_2113,LNPC2113
npc_2114,2114,Wise Venerable Snapper,350,800,500,250,80,1000,800,600,600,800,90,0,643,2000,543,0,0,10,60,0,400,7,0,308,306,0,0,0,0,,/Game/Monsters/npc_2114/npc_2114/SkeletalMeshes/npc_2114,LNPC2114
npc_2115,2115,Barbed Snapped,350,600,300,250,80,1000,800,600,600,600,70,0,644,2000,539,0,0,10,60,0,400,2,0,308,306,0,0,0,0,,/Game/Monsters/npc_2115/npc_2115/SkeletalMeshes/npc_2115,LNPC2115
npc_2116,2116,Barbed Spanner Warrior,350,600,350,254,80,1000,800,600,600,600,70,0,645,2000,540,0,0,10,60,0,400,4,0,308,306,0,0,0,0,,/Game/Monsters/npc_2116/npc_2116/SkeletalMeshes/npc_2116,LNPC2116
npc_2117,2117,Barbed Snapper brute,350,800,500,245,80,1000,800,600,600,800,90,0,646,2000,541,0,0,10,60,0,400,8,0,308,306,0,0,0,0,,/Game/Monsters/npc_2117/npc_2117/SkeletalMeshes/npc_2117,LNPC2117
npc_2118,2118,Fiery Snapper,350,600,300,250,80,1000,800,600,600,600,70,1,647,2000,542,1117,0,10,60,0,700,4,0,308,306,0,0,0,0,,/Game/Monsters/npc_2118/npc_2118/SkeletalMeshes/npc_2118,LNPC2118
npc_2119,2119,Fiery Snapper Leader,350,600,350,250,80,1000,800,600,600,600,70,1,648,2000,536,1117,0,10,60,0,700,8,0,308,306,0,0,0,0,,/Game/Monsters/npc_2119/npc_2119/SkeletalMeshes/npc_2119,LNPC2119
npc_2120,2120,Giant Snapper Captain,350,600,500,250,80,1000,800,600,600,600,70,1,649,2000,537,1117,0,10,60,0,800,9,0,308,306,0,0,0,0,,/Game/Monsters/npc_2120/npc_2120/SkeletalMeshes/npc_2120,LNPC2120
npc_2121,2121,Giant Fiery Snapper,350,800,450,250,80,1000,800,600,600,800,90,1,650,2000,543,1117,0,10,100,0,800,11,0,308,306,0,0,0,0,,/Game/Monsters/npc_2121/npc_2121/SkeletalMeshes/npc_2121,LNPC2121
npc_2122,2122,Mini-devourer,350,800,500,250,80,1000,800,600,600,600,70,0,654,2000,543,1117,0,10,60,0,340,1,0,388,306,0,0,0,0,,/Game/Monsters/npc_2122/npc_2122/SkeletalMeshes/npc_2122,LNPC2122
npc_2123,2123,Grand Master Devourer,550,900,230,260,200,3000,2000,300,2500,1000,70,0,655,2000,543,0,0,10,100,0,800,11,0,388,306,0,0,0,0,,/Game/Monsters/npc_2123/npc_2123/SkeletalMeshes/npc_2123,LNPC2123
