Name,Id,SkillName,BaseSkillId,SkillLevel,PointCost,Tab,SkillType,Range,TargetFilter,Radius,Power,Harm,Status1,Status2,StatusType1,StatusType2,StatusHarmful1,StatusHarmful2,SuccessRatio,Duration,DamageType,UseAbility1,UseAmount1,UseAbility2,UseAmount2,CooldownSec,CooldownGroup,IncAbility1,IncValue1,IncRate1,IncAbility2,IncValue2,IncRate2,SummonPet,ActionMode,NeedWeapon1,NeedWeapon2,NeedWeapon3,NeedWeapon4,NeedWeapon5,RequiredClassSet,RequiredUnion1,NeedSkill1,NeedSkillLevel1,NeedSkill2,NeedSkillLevel2,NeedSkill3,NeedSkillLevel3,NeedAbility1,NeedAbilityValue1,NeedAbility2,NeedAbilityValue2,IconIdx,CastMotion,CastMotionSpeed,ActionMotion,ActionMotionSpeed,HitCount,BulletNo,FireSound,HitSound,ZulyCost,CastEffect,HitEffect,StlKey,DisplayName,Description
skill_11,11,Sit,11,0,0,0,1,1,0,0,0,0,0,0,0,0,0,0,0,0,0,0,0,0,0,0.0,0,0,0,0,0,0,0,0,0,0,0,0,0,0,0,0,0,0,0,0,0,0,0,0,0,0,1,0,0,4,100,0,0,0,0,0,0,0,LSkill0011,Sit,Have a sit and take a rest
skill_12,12,Pick Up,12,0,0,0,1,2,0,0,0,0,0,0,0,0,0,0,0,0,0,0,0,0,0,0.0,0,0,0,0,0,0,0,0,0,0,0,0,0,0,0,0,0,0,0,0,0,0,0,0,0,0,4,0,0,17,100,0,0,0,0,0,0,0,LSkill0012,Pick Up,Allows its user to pick up nearby items dropped on the ground.
skill_13,13,Jump,13,0,0,0,1,3,0,0,0,0,0,0,0,0,0,0,0,0,0,17,5,0,0,0.0,0,0,0,0,0,0,0,0,0,163,0,0,0,0,0,0,0,0,0,0,0,0,0,0,0,0,2,0,0,15,90,0,0,0,0,0,0,0,LSkill0013,Jump,Allows its user to jump.
skill_14,14,Floating Air,14,0,0,0,1,4,0,0,0,0,0,0,0,0,0,0,0,0,0,17,5,0,0,0.0,0,0,0,0,0,0,0,0,0,0,0,0,0,0,0,0,0,0,0,0,0,0,0,0,0,0,2,0,0,16,75,0,0,0,0,0,0,0,LSkill0014,Floating Air,Allows its user to jump to the sky
skill_15,15,Auto Target,15,0,0,0,1,5,0,0,0,0,0,0,0,0,0,0,0,0,0,0,0,0,0,0.0,0,0,0,0,0,0,0,0,0,0,0,0,0,0,0,0,0,0,0,0,0,0,0,0,0,0,5,0,0,0,0,0,0,0,0,0,0,0,LSkill0015,Auto Target,
skill_16,16,Normal Attack,16,0,0,0,1,6,0,0,0,0,0,0,0,0,0,0,0,0,0,0,0,0,0,0.0,0,0,0,0,0,0,0,0,0,0,0,0,0,0,0,0,0,0,0,0,0,0,0,0,0,0,10,0,0,0,0,0,0,0,0,0,0,0,LSkill0016,Normal Attack,
skill_17,17,Drive Cart,17,0,0,0,1,7,0,0,0,0,0,0,0,0,0,0,0,0,0,0,0,0,0,0.0,0,0,0,0,0,0,0,0,0,0,0,0,0,0,0,0,0,0,0,0,0,0,0,0,0,0,6,0,0,0,100,0,0,0,0,0,0,0,LSkill0017,Drive Cart,"Ride on Cart and drive(If you are on ride, you get off)"
skill_18,18,Add Friend,18,0,0,0,1,8,0,0,0,0,0,0,0,0,0,0,0,0,0,0,0,0,0,0.0,0,0,0,0,0,0,0,0,0,0,0,0,0,0,0,0,0,0,0,0,0,0,0,0,0,0,5,0,0,0,100,0,0,0,0,0,0,0,LSkill0018,Add Friend,Ask someone to be a friend
skill_19,19,Party,19,0,0,0,1,9,0,0,0,0,0,0,0,0,0,0,0,0,0,0,0,0,0,0.0,0,0,0,0,0,0,0,0,0,0,0,0,0,0,0,0,0,0,0,0,0,0,0,0,0,0,9,0,0,0,100,0,0,0,0,0,0,0,LSkill0019,Party,Ask someone to join party
skill_20,20,Trading,20,0,0,0,1,10,0,0,0,0,0,0,0,0,0,0,0,0,0,0,0,0,0,0.0,0,0,0,0,0,0,0,0,0,0,0,0,0,0,0,0,0,0,0,0,0,0,0,0,0,0,7,0,0,0,100,0,0,0,0,0,0,0,LSkill0020,Trading,Ask for one on one trade
skill_21,21,Vending,21,0,0,0,1,11,0,0,0,0,0,0,0,0,0,0,0,0,0,0,0,0,0,0.0,0,0,0,0,0,0,0,0,0,0,0,0,0,0,0,0,0,0,0,0,0,0,0,0,0,0,8,0,0,4,100,0,0,0,0,0,0,0,LSkill0021,Vending,Open a Personal Shop to sell or buy goods
skill_22,22,Hover Skill,22,0,0,0,1,7,0,0,0,0,0,0,0,0,0,0,0,0,0,0,0,0,0,0.0,0,0,0,0,0,0,0,0,0,0,0,0,0,0,0,0,0,0,0,0,0,0,0,0,0,0,6,0,0,0,0,0,0,0,0,0,0,0,LSkill0022,,
skill_23,23,evo drive,23,0,0,0,1,7,0,0,0,0,0,0,0,0,0,0,0,0,0,0,0,0,0,0.0,0,0,0,0,0,0,0,0,0,0,0,0,0,0,0,0,0,0,0,0,0,0,0,0,0,0,6,0,0,261,100,0,0,0,0,0,0,0,LSkill0017,Drive Cart,"Ride on Cart and drive(If you are on ride, you get off)"
skill_24,24,Drive CG,24,0,0,0,1,14,0,0,0,0,0,0,0,0,0,0,0,0,0,0,0,0,0,0.0,0,0,0,0,0,0,0,0,0,0,0,0,0,0,0,0,0,0,0,0,0,0,0,0,0,0,703,0,0,261,100,0,0,0,0,0,0,0,LSkill0024,Drive Castle Gear,Drive a Castle Gear or Mount!
skill_25,25,Ride Request,25,0,0,0,1,13,0,500,0,0,0,0,0,0,0,0,0,0,0,0,0,0,0,0.0,0,0,0,0,0,0,0,0,0,0,0,0,0,0,0,0,0,0,0,0,0,0,0,0,0,0,137,450,100,452,100,0,0,0,0,0,0,0,LSkill0025,Ride Request,Ask someone to ride on Cart
skill_30,30,Kiss,30,0,0,0,11,160,3,0,0,0,0,0,0,0,0,0,0,0,0,17,10,0,0,3.9,0,16,20,0,0,0,0,0,0,0,0,0,0,0,0,0,0,0,0,0,0,0,0,0,0,0,5,20,200,21,100,0,0,0,0,0,0,140,LSkill0030,Kiss,Kiss other Character and help him or her to recover Hp
skill_31,31,Kiss-Kiss,31,0,0,0,11,160,3,0,0,0,0,0,0,0,0,0,0,0,0,17,10,0,0,3.9,0,17,15,0,0,0,0,0,0,0,0,0,0,0,0,0,0,0,0,0,0,0,0,0,0,0,5,20,200,21,100,0,0,0,0,0,0,140,LSkill0031,Kiss-Kiss,Kiss other Character and help him or her to increase in Mp
skill_32,32,Massage,32,0,0,0,11,100,3,0,0,0,0,0,0,0,0,0,0,0,0,17,0,0,0,3.9,0,16,100,0,0,0,0,0,0,0,0,0,0,0,0,0,0,0,0,0,0,0,0,0,0,0,5,0,0,21,100,0,0,0,0,0,0,0,LSkill0032,Massage,Massage other character
skill_33,33,Throwing 10 Zuly,33,0,0,0,11,500,3,0,0,0,0,0,0,0,0,0,0,0,0,40,10,0,0,3.9,0,40,10,0,0,0,0,0,0,0,0,0,0,0,0,0,0,0,0,0,0,0,0,0,0,0,4,0,0,21,100,0,0,0,0,0,0,0,LSkill0033,Throwing 10 Zuly,Give 10 Zuly to other character
skill_34,34,Throwing 100 Zuly,34,0,0,0,11,500,3,0,0,0,0,0,0,0,0,0,0,0,0,40,50,0,0,3.9,0,40,50,0,0,0,0,0,0,0,0,0,0,0,0,0,0,0,0,0,0,0,0,0,0,0,4,0,0,21,100,0,0,0,0,0,0,0,LSkill0034,Throwing 100 Zuly,Give 100 Zuly to other character
skill_41,41,Hi,41,0,0,0,10,0,0,0,0,0,0,0,0,0,0,0,0,0,0,0,0,0,0,3.9,0,0,0,0,0,0,0,0,0,0,0,0,0,0,0,0,0,0,0,0,0,0,0,0,0,0,13,20,200,23,100,0,0,0,0,0,0,0,LSkill0041,Hi,Shake one hand and say 'Hello'
skill_42,42,Bye,42,0,0,0,10,0,0,0,0,0,0,0,0,0,0,0,0,0,0,0,0,0,0,3.9,0,0,0,0,0,0,0,0,0,0,0,0,0,0,0,0,0,0,0,0,0,0,0,0,0,0,15,20,200,22,100,0,0,0,0,0,0,0,LSkill0042,Bye,Politely bow
skill_43,43,Thanks,43,0,0,0,10,0,0,0,0,0,0,0,0,0,0,0,0,0,0,0,0,0,0,3.9,0,0,0,0,0,0,0,0,0,0,0,0,0,0,0,0,0,0,0,0,0,0,0,0,0,0,14,20,200,31,100,0,0,0,0,0,0,0,LSkill0043,Thanks,Politely express your thanks
skill_44,44,Hand Clapping,44,0,0,0,10,160,8,0,0,0,0,0,0,0,0,0,0,0,0,17,10,0,0,3.9,0,16,20,0,0,0,0,0,0,0,0,0,0,0,0,0,0,0,0,0,0,0,0,0,0,0,24,20,200,21,100,0,0,0,0,0,0,140,LSkill0044,Hand Clapping,Hand Clapping
skill_45,45,Chuckle,45,0,0,0,10,160,8,0,0,0,0,0,0,0,0,0,0,0,0,17,10,0,0,3.9,0,17,15,0,0,0,0,0,0,0,0,0,0,0,0,0,0,0,0,0,0,0,0,0,0,0,23,20,200,21,100,0,0,0,0,0,0,140,LSkill0045,Chuckle,Chuckling
skill_46,46,Laugh,46,0,0,0,10,0,0,0,0,0,0,0,0,0,0,0,0,0,0,0,0,0,0,3.9,0,0,0,0,0,0,0,0,0,0,0,0,0,0,0,0,0,0,0,0,0,0,0,0,0,0,17,20,200,26,100,0,0,0,0,0,0,0,LSkill0046,Laugh,Laugh
skill_47,47,Fight Cheer,47,0,0,0,10,0,0,0,0,0,0,0,0,0,0,0,0,0,0,0,0,0,0,3.9,0,0,0,0,0,0,0,0,0,0,0,0,0,0,0,0,0,0,0,0,0,0,0,0,0,0,18,20,200,27,100,0,0,0,0,0,0,0,LSkill0047,Fight Cheer,Fight Cheer
skill_48,48,Tantrum,40,0,0,0,10,0,0,0,0,0,0,0,0,0,0,0,0,0,0,0,0,0,0,3.9,0,0,0,0,0,0,0,0,0,0,0,0,0,0,0,0,0,0,0,0,0,0,0,0,0,0,11,20,200,30,100,0,0,0,0,0,0,0,LSkill0048,Tantrum,Tantrum
skill_49,49,Get Anger,49,0,0,0,10,0,0,0,0,0,0,0,0,0,0,0,0,0,0,0,0,0,0,3.9,0,0,0,0,0,0,0,0,0,0,0,0,0,0,0,0,0,0,0,0,0,0,0,0,0,0,19,20,200,28,100,0,0,0,0,0,0,0,LSkill0049,Get Anger,Get Anger
skill_50,50,Hand Clapping,50,0,0,0,10,0,0,0,0,0,0,0,0,0,0,0,0,0,0,0,0,0,0,3.9,0,0,0,0,0,0,0,0,0,0,0,0,0,0,0,0,0,0,0,0,0,0,0,0,0,0,16,20,200,25,100,0,0,0,0,0,0,0,LSkill0050,Hand Clapping,Hand Clapping
skill_51,51,????1,51,0,0,0,10,0,8,1400,0,0,0,0,0,0,0,0,0,0,0,17,10,0,0,11.9,0,76,10,0,0,0,0,0,0,0,0,0,0,0,0,0,0,0,0,0,0,0,0,0,0,0,68,41,100,53,100,0,0,0,0,0,0,0,,,
skill_52,52,Duel,52,0,0,0,10,0,0,0,0,0,0,0,0,0,0,0,0,0,0,0,0,0,0,3.9,0,0,0,0,0,0,0,0,0,0,0,0,0,0,0,0,0,0,0,0,0,0,0,0,0,0,135,20,200,9,100,0,0,0,0,0,0,0,LSkill0052,Duel,Challenge another player for a PvP Duel.
skill_55,55,Hi,55,1,0,0,16,0,0,0,0,0,0,0,0,0,0,0,0,0,0,0,0,0,0,2.9,0,0,0,0,0,0,0,0,0,0,0,0,0,0,0,0,0,0,0,0,0,0,0,0,0,0,13,20,200,23,100,0,0,0,0,0,0,0,LSkill0041,Hi,Shake one hand and say 'Hello'
skill_56,56,Bye,56,1,0,0,16,0,0,0,0,0,0,0,0,0,0,0,0,0,0,0,0,0,0,2.9,0,0,0,0,0,0,0,0,0,0,0,0,0,0,0,0,0,0,0,0,0,0,0,0,0,0,15,20,200,22,100,0,0,0,0,0,0,0,LSkill0042,Bye,Politely bow
skill_57,57,Thanks,57,1,0,0,16,0,0,0,0,0,0,0,0,0,0,0,0,0,0,0,0,0,0,2.9,0,0,0,0,0,0,0,0,0,0,0,0,0,0,0,0,0,0,0,0,0,0,0,0,0,0,14,20,200,31,100,0,0,0,0,0,0,0,LSkill0043,Thanks,Politely express your thanks
skill_130,130,Mining,130,1,0,2,15,0,0,0,0,0,0,0,0,0,0,0,0,0,0,0,0,0,0,0.0,0,0,0,0,0,0,0,0,0,0,0,0,0,0,0,0,0,0,0,0,0,0,0,0,0,0,138,0,0,0,0,0,0,0,0,0,0,0,LSKILL0130,Mining,Allows you to open Ore to find materials and items.
skill_131,131,Mining,130,2,0,2,15,0,0,0,0,0,0,0,0,0,0,0,0,0,0,0,0,0,0,0.0,0,0,0,0,0,0,0,0,0,0,0,0,0,0,0,0,0,0,0,0,0,0,0,0,0,0,138,0,0,0,0,0,0,0,0,0,0,0,LSKILL0130,Mining,Allows you to open Ore to find materials and items.
skill_132,132,Mining,130,3,0,2,15,0,0,0,0,0,0,0,0,0,0,0,0,0,0,0,0,0,0,0.0,0,0,0,0,0,0,0,0,0,0,0,0,0,0,0,0,0,0,0,0,0,0,0,0,0,0,138,0,0,0,0,0,0,0,0,0,0,0,LSKILL0130,Mining,Allows you to open Ore to find materials and items.
skill_133,133,Mining,130,4,0,2,15,0,0,0,0,0,0,0,0,0,0,0,0,0,0,0,0,0,0,0.0,0,0,0,0,0,0,0,0,0,0,0,0,0,0,0,0,0,0,0,0,0,0,0,0,0,0,138,0,0,0,0,0,0,0,0,0,0,0,LSKILL0130,Mining,Allows you to open Ore to find materials and items.
skill_134,134,Mining,130,5,0,2,15,0,0,0,0,0,0,0,0,0,0,0,0,0,0,0,0,0,0,0.0,0,0,0,0,0,0,0,0,0,0,0,0,0,0,0,0,0,0,0,0,0,0,0,0,0,0,138,0,0,0,0,0,0,0,0,0,0,0,LSKILL0130,Mining,Allows you to open Ore to find materials and items.
skill_135,135,Mining,130,6,0,2,15,0,0,0,0,0,0,0,0,0,0,0,0,0,0,0,0,0,0,0.0,0,0,0,0,0,0,0,0,0,0,0,0,0,0,0,0,0,0,0,0,0,0,0,0,0,0,138,0,0,0,0,0,0,0,0,0,0,0,LSKILL0130,Mining,Allows you to open Ore to find materials and items.
skill_181,181,???? ??????,181,1,1,0,3,0,5,0,0,1,0,0,0,0,0,0,0,0,0,17,15,0,0,0.0,0,0,0,0,0,0,0,0,1,211,212,221,222,223,41,0,0,0,0,0,0,0,0,0,0,0,32,111,100,91,100,2,0,0,67,0,0,371,,,
skill_190,190,TESTFLY,190,0,0,2,15,0,0,0,0,0,0,0,0,0,0,0,0,0,0,0,0,0,0,0.0,0,0,0,0,0,0,0,0,0,0,0,0,0,0,0,0,0,0,0,0,0,0,0,0,0,0,0,18,100,20,100,0,0,0,0,0,0,0,LSkill0201,Weapon Mastery,"By using near attack weapon, you can raise your attack power"
skill_201,201,Weapon Mastery,201,1,4,2,15,0,0,0,0,0,0,0,0,0,0,0,0,0,0,0,0,0,0,0.0,0,42,6,0,43,8,0,0,0,211,212,221,222,223,41,0,0,0,0,0,0,0,0,0,0,0,26,0,0,0,0,0,0,0,0,0,0,0,LSkill0201,Weapon Mastery,"By using near attack weapon, you can raise your attack power"
skill_202,202,Weapon Mastery,201,2,5,2,15,0,0,0,0,0,0,0,0,0,0,0,0,0,0,0,0,0,0,0.0,0,42,9,0,43,12,0,0,0,211,212,221,222,223,0,0,0,0,0,0,0,0,0,0,0,0,26,0,0,0,0,0,0,0,0,0,0,0,LSkill0201,Weapon Mastery,"By using near attack weapon, you can raise your attack power"
skill_203,203,Weapon Mastery,201,3,7,2,15,0,0,0,0,0,0,0,0,0,0,0,0,0,0,0,0,0,0,0.0,0,42,12,0,43,16,0,0,0,211,212,221,222,223,0,0,0,0,0,0,0,0,0,0,0,0,26,0,0,0,0,0,0,0,0,0,0,0,LSkill0201,Weapon Mastery,"By using near attack weapon, you can raise your attack power"
skill_204,204,Weapon Mastery,201,4,9,2,15,0,0,0,0,0,0,0,0,0,0,0,0,0,0,0,0,0,0,0.0,0,42,15,0,43,20,0,0,0,211,212,221,222,223,0,0,0,0,0,0,0,0,0,0,0,0,26,0,0,0,0,0,0,0,0,0,0,0,LSkill0201,Weapon Mastery,"By using near attack weapon, you can raise your attack power"
skill_205,205,Weapon Mastery,201,5,11,2,15,0,0,0,0,0,0,0,0,0,0,0,0,0,0,0,0,0,0,0.0,0,42,18,0,43,24,0,0,0,211,212,221,222,223,0,0,0,0,0,0,0,0,0,0,0,0,26,0,0,0,0,0,0,0,0,0,0,0,LSkill0201,Weapon Mastery,"By using near attack weapon, you can raise your attack power"
skill_206,206,Weapon Mastery,201,6,13,2,15,0,0,0,0,0,0,0,0,0,0,0,0,0,0,0,0,0,0,0.0,0,42,21,0,43,28,0,0,0,211,212,221,222,223,0,0,0,0,0,0,0,0,0,0,0,0,26,0,0,0,0,0,0,0,0,0,0,0,LSkill0201,Weapon Mastery,"By using near attack weapon, you can raise your attack power"
skill_207,207,Weapon Mastery,201,7,15,2,15,0,0,0,0,0,0,0,0,0,0,0,0,0,0,0,0,0,0,0.0,0,42,24,0,43,32,0,0,0,211,212,221,222,223,0,0,0,0,0,0,0,0,0,0,0,0,26,0,0,0,0,0,0,0,0,0,0,0,LSkill0201,Weapon Mastery,"By using near attack weapon, you can raise your attack power"
skill_208,208,Weapon Mastery,201,8,18,2,15,0,0,0,0,0,0,0,0,0,0,0,0,0,0,0,0,0,0,0.0,0,42,27,0,43,36,0,0,0,211,212,221,222,223,0,0,0,0,0,0,0,0,0,0,0,0,26,0,0,0,0,0,0,0,0,0,0,0,LSkill0201,Weapon Mastery,"By using near attack weapon, you can raise your attack power"
skill_209,209,Weapon Mastery,201,9,21,2,15,0,0,0,0,0,0,0,0,0,0,0,0,0,0,0,0,0,0,0.0,0,42,30,0,43,40,0,0,0,211,212,221,222,223,0,0,0,0,0,0,0,0,0,0,0,0,26,0,0,0,0,0,0,0,0,0,0,0,LSkill0201,Weapon Mastery,"By using near attack weapon, you can raise your attack power"
skill_210,210,Weapon Mastery,201,10,24,2,15,0,0,0,0,0,0,0,0,0,0,0,0,0,0,0,0,0,0,0.0,0,42,33,0,43,45,0,0,0,211,212,221,222,223,0,0,0,0,0,0,0,0,0,0,0,0,26,0,0,0,0,0,0,0,0,0,0,0,LSkill0201,Weapon Mastery,"By using near attack weapon, you can raise your attack power"
skill_211,211,One-Hand Mastery,211,1,27,2,15,0,0,0,0,0,0,0,0,0,0,0,0,0,0,0,0,0,0,0.0,0,42,37,0,0,0,0,0,0,211,212,0,0,0,61,0,201,10,0,0,0,0,0,0,0,0,26,0,0,0,0,0,0,0,0,0,0,0,LSkill0211,One-Hand Mastery,"By using one-hand sword or blunt weapon, you can raise you attack power"
skill_212,212,One-Hand Mastery,211,2,30,2,15,0,0,0,0,0,0,0,0,0,0,0,0,0,0,0,0,0,0,0.0,0,42,41,0,0,0,0,0,0,211,212,0,0,0,0,0,0,0,0,0,0,0,0,0,0,0,26,0,0,0,0,0,0,0,0,0,0,0,LSkill0211,One-Hand Mastery,"By using one-hand sword or blunt weapon, you can raise you attack power"
skill_213,213,One-Hand Mastery,211,3,34,2,15,0,0,0,0,0,0,0,0,0,0,0,0,0,0,0,0,0,0,0.0,0,42,45,0,0,0,0,0,0,211,212,0,0,0,0,0,0,0,0,0,0,0,0,0,0,0,26,0,0,0,0,0,0,0,0,0,0,0,LSkill0211,One-Hand Mastery,"By using one-hand sword or blunt weapon, you can raise you attack power"
skill_214,214,One-Hand Mastery,211,4,38,2,15,0,0,0,0,0,0,0,0,0,0,0,0,0,0,0,0,0,0,0.0,0,42,49,0,0,0,0,0,0,211,212,0,0,0,0,0,0,0,0,0,0,0,0,0,0,0,26,0,0,0,0,0,0,0,0,0,0,0,LSkill0211,One-Hand Mastery,"By using one-hand sword or blunt weapon, you can raise you attack power"
skill_215,215,One-Hand Mastery,211,5,42,2,15,0,0,0,0,0,0,0,0,0,0,0,0,0,0,0,0,0,0,0.0,0,42,53,0,0,0,0,0,0,211,212,0,0,0,0,0,0,0,0,0,0,0,0,0,0,0,26,0,0,0,0,0,0,0,0,0,0,0,LSkill0211,One-Hand Mastery,"By using one-hand sword or blunt weapon, you can raise you attack power"
skill_216,216,One-Hand Mastery,211,6,47,2,15,0,0,0,0,0,0,0,0,0,0,0,0,0,0,0,0,0,0,0.0,0,42,57,0,0,0,0,0,0,211,212,0,0,0,0,0,0,0,0,0,0,0,0,0,0,0,26,0,0,0,0,0,0,0,0,0,0,0,LSkill0211,One-Hand Mastery,"By using one-hand sword or blunt weapon, you can raise you attack power"
skill_217,217,One-Hand Mastery,211,7,52,2,15,0,0,0,0,0,0,0,0,0,0,0,0,0,0,0,0,0,0,0.0,0,42,61,0,0,0,0,0,0,211,212,0,0,0,0,0,0,0,0,0,0,0,0,0,0,0,26,0,0,0,0,0,0,0,0,0,0,0,LSkill0211,One-Hand Mastery,"By using one-hand sword or blunt weapon, you can raise you attack power"
skill_218,218,One-Hand Mastery,211,8,58,2,15,0,0,0,0,0,0,0,0,0,0,0,0,0,0,0,0,0,0,0.0,0,42,65,0,0,0,0,0,0,211,212,0,0,0,0,0,0,0,0,0,0,0,0,0,0,0,26,0,0,0,0,0,0,0,0,0,0,0,LSkill0211,One-Hand Mastery,"By using one-hand sword or blunt weapon, you can raise you attack power"
skill_219,219,One-Hand Mastery,211,9,64,2,15,0,0,0,0,0,0,0,0,0,0,0,0,0,0,0,0,0,0,0.0,0,42,69,0,0,0,0,0,0,211,212,0,0,0,0,0,0,0,0,0,0,0,0,0,0,0,26,0,0,0,0,0,0,0,0,0,0,0,LSkill0211,One-Hand Mastery,"By using one-hand sword or blunt weapon, you can raise you attack power"
skill_220,220,One-Hand Mastery,211,10,71,2,15,0,0,0,0,0,0,0,0,0,0,0,0,0,0,0,0,0,0,0.0,0,42,73,0,0,0,0,0,0,211,212,0,0,0,0,0,0,0,0,0,0,0,0,0,0,0,26,0,0,0,0,0,0,0,0,0,0,0,LSkill0211,One-Hand Mastery,"By using one-hand sword or blunt weapon, you can raise you attack power"
skill_221,221,Two-Hand Mastery,221,1,28,2,15,0,0,0,0,0,0,0,0,0,0,0,0,0,0,0,0,0,0,0.0,0,43,52,0,0,0,0,0,0,221,222,223,0,0,62,0,201,10,0,0,0,0,0,0,0,0,27,0,0,0,0,0,0,0,0,0,0,0,LSkill0221,Two-Hand Mastery,"By using two-hand sword, ax or spear, you can raise your attack power"
skill_222,222,Two-Hand Mastery,221,2,32,2,15,0,0,0,0,0,0,0,0,0,0,0,0,0,0,0,0,0,0,0.0,0,43,58,0,0,0,0,0,0,221,222,223,0,0,0,0,0,0,0,0,0,0,0,0,0,0,27,0,0,0,0,0,0,0,0,0,0,0,LSkill0221,Two-Hand Mastery,"By using two-hand sword, ax or spear, you can raise your attack power"
skill_223,223,Two-Hand Mastery,221,3,36,2,15,0,0,0,0,0,0,0,0,0,0,0,0,0,0,0,0,0,0,0.0,0,43,64,0,0,0,0,0,0,221,222,223,0,0,0,0,0,0,0,0,0,0,0,0,0,0,27,0,0,0,0,0,0,0,0,0,0,0,LSkill0221,Two-Hand Mastery,"By using two-hand sword, ax or spear, you can raise your attack power"
skill_224,224,Two-Hand Mastery,221,4,40,2,15,0,0,0,0,0,0,0,0,0,0,0,0,0,0,0,0,0,0,0.0,0,43,70,0,0,0,0,0,0,221,222,223,0,0,0,0,0,0,0,0,0,0,0,0,0,0,27,0,0,0,0,0,0,0,0,0,0,0,LSkill0221,Two-Hand Mastery,"By using two-hand sword, ax or spear, you can raise your attack power"
skill_225,225,Two-Hand Mastery,221,5,45,2,15,0,0,0,0,0,0,0,0,0,0,0,0,0,0,0,0,0,0,0.0,0,43,76,0,0,0,0,0,0,221,222,223,0,0,0,0,0,0,0,0,0,0,0,0,0,0,27,0,0,0,0,0,0,0,0,0,0,0,LSkill0221,Two-Hand Mastery,"By using two-hand sword, ax or spear, you can raise your attack power"
skill_226,226,Two-Hand Mastery,221,6,50,2,15,0,0,0,0,0,0,0,0,0,0,0,0,0,0,0,0,0,0,0.0,0,43,82,0,0,0,0,0,0,221,222,223,0,0,0,0,0,0,0,0,0,0,0,0,0,0,27,0,0,0,0,0,0,0,0,0,0,0,LSkill0221,Two-Hand Mastery,"By using two-hand sword, ax or spear, you can raise your attack power"
skill_227,227,Two-Hand Mastery,221,7,56,2,15,0,0,0,0,0,0,0,0,0,0,0,0,0,0,0,0,0,0,0.0,0,43,88,0,0,0,0,0,0,221,222,223,0,0,0,0,0,0,0,0,0,0,0,0,0,0,27,0,0,0,0,0,0,0,0,0,0,0,LSkill0221,Two-Hand Mastery,"By using two-hand sword, ax or spear, you can raise your attack power"
skill_228,228,Two-Hand Mastery,221,8,62,2,15,0,0,0,0,0,0,0,0,0,0,0,0,0,0,0,0,0,0,0.0,0,43,95,0,0,0,0,0,0,221,222,223,0,0,0,0,0,0,0,0,0,0,0,0,0,0,27,0,0,0,0,0,0,0,0,0,0,0,LSkill0221,Two-Hand Mastery,"By using two-hand sword, ax or spear, you can raise your attack power"
skill_229,229,Two-Hand Mastery,221,9,69,2,15,0,0,0,0,0,0,0,0,0,0,0,0,0,0,0,0,0,0,0.0,0,43,102,0,0,0,0,0,0,221,222,223,0,0,0,0,0,0,0,0,0,0,0,0,0,0,27,0,0,0,0,0,0,0,0,0,0,0,LSkill0221,Two-Hand Mastery,"By using two-hand sword, ax or spear, you can raise your attack power"
skill_230,230,Two-Hand Mastery,221,10,77,2,15,0,0,0,0,0,0,0,0,0,0,0,0,0,0,0,0,0,0,0.0,0,43,110,0,0,0,0,0,0,221,222,223,0,0,0,0,0,0,0,0,0,0,0,0,0,0,27,0,0,0,0,0,0,0,0,0,0,0,LSkill0221,Two-Hand Mastery,"By using two-hand sword, ax or spear, you can raise your attack power"
skill_231,231,Harden Body,231,1,4,2,15,0,0,0,0,0,0,0,0,0,0,0,0,0,0,0,0,0,0,0.0,0,54,30,0,0,0,0,0,0,0,0,0,0,0,41,0,0,0,0,0,0,0,0,0,0,0,31,0,0,0,0,0,0,0,0,0,0,0,LSkill0231,Harden Body,"By hardening your body, you can increase your Max HP"
skill_232,232,Harden Body,231,2,5,2,15,0,0,0,0,0,0,0,0,0,0,0,0,0,0,0,0,0,0,0.0,0,54,52,0,0,0,0,0,0,0,0,0,0,0,0,0,0,0,0,0,0,0,0,0,0,0,31,0,0,0,0,0,0,0,0,0,0,0,LSkill0231,Harden Body,"By hardening your body, you can increase your Max HP"
skill_233,233,Harden Body,231,3,6,2,15,0,0,0,0,0,0,0,0,0,0,0,0,0,0,0,0,0,0,0.0,0,54,76,0,0,0,0,0,0,0,0,0,0,0,0,0,0,0,0,0,0,0,0,0,0,0,31,0,0,0,0,0,0,0,0,0,0,0,LSkill0231,Harden Body,"By hardening your body, you can increase your Max HP"
skill_234,234,Harden Body,231,4,8,2,15,0,0,0,0,0,0,0,0,0,0,0,0,0,0,0,0,0,0,0.0,0,54,102,0,0,0,0,0,0,0,0,0,0,0,0,0,0,0,0,0,0,0,0,0,0,0,31,0,0,0,0,0,0,0,0,0,0,0,LSkill0231,Harden Body,"By hardening your body, you can increase your Max HP"
skill_235,235,Harden Body,231,5,10,2,15,0,0,0,0,0,0,0,0,0,0,0,0,0,0,0,0,0,0,0.0,0,54,130,0,0,0,0,0,0,0,0,0,0,0,0,0,0,0,0,0,0,0,0,0,0,0,31,0,0,0,0,0,0,0,0,0,0,0,LSkill0231,Harden Body,"By hardening your body, you can increase your Max HP"
skill_236,236,Harden Body,231,6,12,2,15,0,0,0,0,0,0,0,0,0,0,0,0,0,0,0,0,0,0,0.0,0,54,160,0,0,0,0,0,0,0,0,0,0,0,0,0,0,0,0,0,0,0,0,0,0,0,31,0,0,0,0,0,0,0,0,0,0,0,LSkill0231,Harden Body,"By hardening your body, you can increase your Max HP"
skill_237,237,Harden Body,231,7,14,2,15,0,0,0,0,0,0,0,0,0,0,0,0,0,0,0,0,0,0,0.0,0,54,192,0,0,0,0,0,0,0,0,0,0,0,0,0,0,0,0,0,0,0,0,0,0,0,31,0,0,0,0,0,0,0,0,0,0,0,LSkill0231,Harden Body,"By hardening your body, you can increase your Max HP"
skill_238,238,Harden Body,231,8,16,2,15,0,0,0,0,0,0,0,0,0,0,0,0,0,0,0,0,0,0,0.0,0,54,226,0,0,0,0,0,0,0,0,0,0,0,0,0,0,0,0,0,0,0,0,0,0,0,31,0,0,0,0,0,0,0,0,0,0,0,LSkill0231,Harden Body,"By hardening your body, you can increase your Max HP"
skill_239,239,Harden Body,231,9,18,2,15,0,0,0,0,0,0,0,0,0,0,0,0,0,0,0,0,0,0,0.0,0,54,262,0,0,0,0,0,0,0,0,0,0,0,0,0,0,0,0,0,0,0,0,0,0,0,31,0,0,0,0,0,0,0,0,0,0,0,LSkill0231,Harden Body,"By hardening your body, you can increase your Max HP"
skill_240,240,Harden Body,231,10,21,2,15,0,0,0,0,0,0,0,0,0,0,0,0,0,0,0,0,0,0,0.0,0,54,300,0,0,0,0,0,0,0,0,0,0,0,0,0,0,0,0,0,0,0,0,0,0,0,31,0,0,0,0,0,0,0,0,0,0,0,LSkill0231,Harden Body,"By hardening your body, you can increase your Max HP"
skill_241,241,Harden Body,231,11,24,2,15,0,0,0,0,0,0,0,0,0,0,0,0,0,0,0,0,0,0,0.0,0,54,340,0,0,0,0,0,0,0,0,0,0,0,0,0,0,0,0,0,0,0,31,70,0,0,31,0,0,0,0,0,0,0,0,0,0,0,LSkill0231,Harden Body,"By hardening your body, you can increase your Max HP"
skill_242,242,Harden Body,231,12,27,2,15,0,0,0,0,0,0,0,0,0,0,0,0,0,0,0,0,0,0,0.0,0,54,382,0,0,0,0,0,0,0,0,0,0,0,0,0,0,0,0,0,0,0,0,0,0,0,31,0,0,0,0,0,0,0,0,0,0,0,LSkill0231,Harden Body,"By hardening your body, you can increase your Max HP"
skill_243,243,Harden Body,231,13,30,2,15,0,0,0,0,0,0,0,0,0,0,0,0,0,0,0,0,0,0,0.0,0,54,426,0,0,0,0,0,0,0,0,0,0,0,0,0,0,0,0,0,0,0,0,0,0,0,31,0,0,0,0,0,0,0,0,0,0,0,LSkill0231,Harden Body,"By hardening your body, you can increase your Max HP"
skill_244,244,Harden Body,231,14,34,2,15,0,0,0,0,0,0,0,0,0,0,0,0,0,0,0,0,0,0,0.0,0,54,472,0,0,0,0,0,0,0,0,0,0,0,0,0,0,0,0,0,0,0,0,0,0,0,31,0,0,0,0,0,0,0,0,0,0,0,LSkill0231,Harden Body,"By hardening your body, you can increase your Max HP"
skill_245,245,Harden Body,231,15,38,2,15,0,0,0,0,0,0,0,0,0,0,0,0,0,0,0,0,0,0,0.0,0,54,520,0,0,0,0,0,0,0,0,0,0,0,0,0,0,0,0,0,0,0,0,0,0,0,31,0,0,0,0,0,0,0,0,0,0,0,LSkill0231,Harden Body,"By hardening your body, you can increase your Max HP"
skill_246,246,Harden Body,231,16,42,2,15,0,0,0,0,0,0,0,0,0,0,0,0,0,0,0,0,0,0,0.0,0,54,570,0,0,0,0,0,0,0,0,0,0,0,0,0,0,0,0,0,0,0,0,0,0,0,31,0,0,0,0,0,0,0,0,0,0,0,LSkill0231,Harden Body,"By hardening your body, you can increase your Max HP"
skill_247,247,Harden Body,231,17,47,2,15,0,0,0,0,0,0,0,0,0,0,0,0,0,0,0,0,0,0,0.0,0,54,622,0,0,0,0,0,0,0,0,0,0,0,0,0,0,0,0,0,0,0,0,0,0,0,31,0,0,0,0,0,0,0,0,0,0,0,LSkill0231,Harden Body,"By hardening your body, you can increase your Max HP"
skill_248,248,Harden Body,231,18,52,2,15,0,0,0,0,0,0,0,0,0,0,0,0,0,0,0,0,0,0,0.0,0,54,676,0,0,0,0,0,0,0,0,0,0,0,0,0,0,0,0,0,0,0,0,0,0,0,31,0,0,0,0,0,0,0,0,0,0,0,LSkill0231,Harden Body,"By hardening your body, you can increase your Max HP"
skill_249,249,Harden Body,231,19,58,2,15,0,0,0,0,0,0,0,0,0,0,0,0,0,0,0,0,0,0,0.0,0,54,732,0,0,0,0,0,0,0,0,0,0,0,0,0,0,0,0,0,0,0,0,0,0,0,31,0,0,0,0,0,0,0,0,0,0,0,LSkill0231,Harden Body,"By hardening your body, you can increase your Max HP"
skill_250,250,Harden Body,231,20,64,2,15,0,0,0,0,0,0,0,0,0,0,0,0,0,0,0,0,0,0,0.0,0,54,800,0,0,0,0,0,0,0,0,0,0,0,0,0,0,0,0,0,0,0,0,0,0,0,31,0,0,0,0,0,0,0,0,0,0,0,LSkill0231,Harden Body,"By hardening your body, you can increase your Max HP"
skill_251,251,Armor Mastery,251,1,4,2,15,0,0,0,0,0,0,0,0,0,0,0,0,0,0,0,0,0,0,0.0,0,53,6,0,0,0,0,0,0,0,0,0,0,0,41,0,231,2,0,0,0,0,0,0,0,0,30,0,0,0,0,0,0,0,0,0,0,0,LSkill0251,Armor Mastery,"Through Armor mastery, you can decrease demage of enemy's attack. You can have your defence power up."
skill_252,252,Armor Mastery,251,2,5,2,15,0,0,0,0,0,0,0,0,0,0,0,0,0,0,0,0,0,0,0.0,0,53,10,0,0,0,0,0,0,0,0,0,0,0,0,0,0,0,0,0,0,0,0,0,0,0,30,0,0,0,0,0,0,0,0,0,0,0,LSkill0251,Armor Mastery,"Through Armor mastery, you can decrease demage of enemy's attack. You can have your defence power up."
skill_253,253,Armor Mastery,251,3,6,2,15,0,0,0,0,0,0,0,0,0,0,0,0,0,0,0,0,0,0,0.0,0,53,14,0,0,0,0,0,0,0,0,0,0,0,0,0,231,3,0,0,0,0,0,0,0,0,30,0,0,0,0,0,0,0,0,0,0,0,LSkill0251,Armor Mastery,"Through Armor mastery, you can decrease demage of enemy's attack. You can have your defence power up."
skill_254,254,Armor Mastery,251,4,7,2,15,0,0,0,0,0,0,0,0,0,0,0,0,0,0,0,0,0,0,0.0,0,53,18,0,0,0,0,0,0,0,0,0,0,0,0,0,0,0,0,0,0,0,0,0,0,0,30,0,0,0,0,0,0,0,0,0,0,0,LSkill0251,Armor Mastery,"Through Armor mastery, you can decrease demage of enemy's attack. You can have your defence power up."
skill_255,255,Armor Mastery,251,5,9,2,15,0,0,0,0,0,0,0,0,0,0,0,0,0,0,0,0,0,0,0.0,0,53,22,0,0,0,0,0,0,0,0,0,0,0,0,0,231,4,0,0,0,0,0,0,0,0,30,0,0,0,0,0,0,0,0,0,0,0,LSkill0251,Armor Mastery,"Through Armor mastery, you can decrease demage of enemy's attack. You can have your defence power up."
skill_256,256,Armor Mastery,251,6,11,2,15,0,0,0,0,0,0,0,0,0,0,0,0,0,0,0,0,0,0,0.0,0,53,26,0,0,0,0,0,0,0,0,0,0,0,0,0,0,0,0,0,0,0,0,0,0,0,30,0,0,0,0,0,0,0,0,0,0,0,LSkill0251,Armor Mastery,"Through Armor mastery, you can decrease demage of enemy's attack. You can have your defence power up."
skill_257,257,Armor Mastery,251,7,13,2,15,0,0,0,0,0,0,0,0,0,0,0,0,0,0,0,0,0,0,0.0,0,53,30,0,0,0,0,0,0,0,0,0,0,0,0,0,231,5,0,0,0,0,0,0,0,0,30,0,0,0,0,0,0,0,0,0,0,0,LSkill0251,Armor Mastery,"Through Armor mastery, you can decrease demage of enemy's attack. You can have your defence power up."
skill_258,258,Armor Mastery,251,8,15,2,15,0,0,0,0,0,0,0,0,0,0,0,0,0,0,0,0,0,0,0.0,0,53,34,0,0,0,0,0,0,0,0,0,0,0,0,0,0,0,0,0,0,0,0,0,0,0,30,0,0,0,0,0,0,0,0,0,0,0,LSkill0251,Armor Mastery,"Through Armor mastery, you can decrease demage of enemy's attack. You can have your defence power up."
skill_259,259,Armor Mastery,251,9,17,2,15,0,0,0,0,0,0,0,0,0,0,0,0,0,0,0,0,0,0,0.0,0,53,38,0,0,0,0,0,0,0,0,0,0,0,0,0,231,6,0,0,0,0,0,0,0,0,30,0,0,0,0,0,0,0,0,0,0,0,LSkill0251,Armor Mastery,"Through Armor mastery, you can decrease demage of enemy's attack. You can have your defence power up."
skill_260,260,Armor Mastery,251,10,19,2,15,0,0,0,0,0,0,0,0,0,0,0,0,0,0,0,0,0,0,0.0,0,53,43,0,0,0,0,0,0,0,0,0,0,0,0,0,0,0,0,0,0,0,0,0,0,0,30,0,0,0,0,0,0,0,0,0,0,0,LSkill0251,Armor Mastery,"Through Armor mastery, you can decrease demage of enemy's attack. You can have your defence power up."
skill_261,261,Armor Mastery,251,11,22,2,15,0,0,0,0,0,0,0,0,0,0,0,0,0,0,0,0,0,0,0.0,0,53,48,0,0,0,0,0,0,0,0,0,0,0,61,0,231,7,0,0,0,0,0,0,0,0,30,0,0,0,0,0,0,0,0,0,0,0,LSkill0251,Armor Mastery,"Through Armor mastery, you can decrease demage of enemy's attack. You can have your defence power up."
skill_262,262,Armor Mastery,251,12,25,2,15,0,0,0,0,0,0,0,0,0,0,0,0,0,0,0,0,0,0,0.0,0,53,53,0,0,0,0,0,0,0,0,0,0,0,0,0,0,0,0,0,0,0,0,0,0,0,30,0,0,0,0,0,0,0,0,0,0,0,LSkill0251,Armor Mastery,"Through Armor mastery, you can decrease demage of enemy's attack. You can have your defence power up."
skill_263,263,Armor Mastery,251,13,28,2,15,0,0,0,0,0,0,0,0,0,0,0,0,0,0,0,0,0,0,0.0,0,53,58,0,0,0,0,0,0,0,0,0,0,0,0,0,231,8,0,0,0,0,0,0,0,0,30,0,0,0,0,0,0,0,0,0,0,0,LSkill0251,Armor Mastery,"Through Armor mastery, you can decrease demage of enemy's attack. You can have your defence power up."
skill_264,264,Armor Mastery,251,14,31,2,15,0,0,0,0,0,0,0,0,0,0,0,0,0,0,0,0,0,0,0.0,0,53,63,0,0,0,0,0,0,0,0,0,0,0,0,0,0,0,0,0,0,0,0,0,0,0,30,0,0,0,0,0,0,0,0,0,0,0,LSkill0251,Armor Mastery,"Through Armor mastery, you can decrease demage of enemy's attack. You can have your defence power up."
skill_265,265,Armor Mastery,251,15,34,2,15,0,0,0,0,0,0,0,0,0,0,0,0,0,0,0,0,0,0,0.0,0,53,68,0,0,0,0,0,0,0,0,0,0,0,0,0,231,9,0,0,0,0,0,0,0,0,30,0,0,0,0,0,0,0,0,0,0,0,LSkill0251,Armor Mastery,"Through Armor mastery, you can decrease demage of enemy's attack. You can have your defence power up."
skill_266,266,Armor Mastery,251,16,38,2,15,0,0,0,0,0,0,0,0,0,0,0,0,0,0,0,0,0,0,0.0,0,53,74,0,0,0,0,0,0,0,0,0,0,0,0,0,0,0,0,0,0,0,0,0,0,0,30,0,0,0,0,0,0,0,0,0,0,0,LSkill0251,Armor Mastery,"Through Armor mastery, you can decrease demage of enemy's attack. You can have your defence power up."
skill_267,267,Armor Mastery,251,17,42,2,15,0,0,0,0,0,0,0,0,0,0,0,0,0,0,0,0,0,0,0.0,0,53,80,0,0,0,0,0,0,0,0,0,0,0,0,0,231,10,0,0,0,0,0,0,0,0,30,0,0,0,0,0,0,0,0,0,0,0,LSkill0251,Armor Mastery,"Through Armor mastery, you can decrease demage of enemy's attack. You can have your defence power up."
skill_268,268,Armor Mastery,251,18,46,2,15,0,0,0,0,0,0,0,0,0,0,0,0,0,0,0,0,0,0,0.0,0,53,86,0,0,0,0,0,0,0,0,0,0,0,0,0,0,0,0,0,0,0,0,0,0,0,30,0,0,0,0,0,0,0,0,0,0,0,LSkill0251,Armor Mastery,"Through Armor mastery, you can decrease demage of enemy's attack. You can have your defence power up."
skill_269,269,Armor Mastery,251,19,51,2,15,0,0,0,0,0,0,0,0,0,0,0,0,0,0,0,0,0,0,0.0,0,53,92,0,0,0,0,0,0,0,0,0,0,0,0,0,0,0,0,0,0,0,0,0,0,0,30,0,0,0,0,0,0,0,0,0,0,0,LSkill0251,Armor Mastery,"Through Armor mastery, you can decrease demage of enemy's attack. You can have your defence power up."
skill_270,270,Armor Mastery,251,20,56,2,15,0,0,0,0,0,0,0,0,0,0,0,0,0,0,0,0,0,0,0.0,0,53,100,0,0,0,0,0,0,0,0,0,0,0,0,0,0,0,0,0,0,0,0,0,0,0,30,0,0,0,0,0,0,0,0,0,0,0,LSkill0251,Armor Mastery,"Through Armor mastery, you can decrease demage of enemy's attack. You can have your defence power up."
skill_271,271,CrossBow Mastery,271,1,10,2,15,0,0,0,0,0,0,0,0,0,0,0,0,0,0,0,0,0,0,0.0,0,47,10,0,0,0,0,0,0,271,0,0,0,0,41,0,0,0,0,0,0,0,0,0,0,0,42,0,0,0,0,0,0,0,0,0,0,0,LSkill0271,CrossBow Mastery,"By using crossbow, you can increase your attack power"
skill_272,272,CrossBow Mastery,271,2,13,2,15,0,0,0,0,0,0,0,0,0,0,0,0,0,0,0,0,0,0,0.0,0,47,15,0,0,0,0,0,0,271,0,0,0,0,0,0,0,0,0,0,0,0,0,0,0,0,42,0,0,0,0,0,0,0,0,0,0,0,LSkill0271,CrossBow Mastery,"By using crossbow, you can increase your attack power"
skill_273,273,CrossBow Mastery,271,3,16,2,15,0,0,0,0,0,0,0,0,0,0,0,0,0,0,0,0,0,0,0.0,0,47,20,0,0,0,0,0,0,271,0,0,0,0,0,0,0,0,0,0,0,0,0,0,0,0,42,0,0,0,0,0,0,0,0,0,0,0,LSkill0271,CrossBow Mastery,"By using crossbow, you can increase your attack power"
skill_274,274,CrossBow Mastery,271,4,19,2,15,0,0,0,0,0,0,0,0,0,0,0,0,0,0,0,0,0,0,0.0,0,47,26,0,0,0,0,0,0,271,0,0,0,0,0,0,0,0,0,0,0,0,0,0,0,0,42,0,0,0,0,0,0,0,0,0,0,0,LSkill0271,CrossBow Mastery,"By using crossbow, you can increase your attack power"
skill_275,275,CrossBow Mastery,271,5,23,2,15,0,0,0,0,0,0,0,0,0,0,0,0,0,0,0,0,0,0,0.0,0,47,32,0,0,0,0,0,0,271,0,0,0,0,0,0,0,0,0,0,0,0,0,0,0,0,42,0,0,0,0,0,0,0,0,0,0,0,LSkill0271,CrossBow Mastery,"By using crossbow, you can increase your attack power"
skill_276,276,CrossBow Mastery,271,6,27,2,15,0,0,0,0,0,0,0,0,0,0,0,0,0,0,0,0,0,0,0.0,0,47,39,0,0,0,0,0,0,271,0,0,0,0,61,0,0,0,0,0,0,0,0,0,0,0,42,0,0,0,0,0,0,0,0,0,0,0,LSkill0271,CrossBow Mastery,"By using crossbow, you can increase your attack power"
skill_277,277,CrossBow Mastery,271,7,32,2,15,0,0,0,0,0,0,0,0,0,0,0,0,0,0,0,0,0,0,0.0,0,47,46,0,0,0,0,0,0,271,0,0,0,0,0,0,0,0,0,0,0,0,0,0,0,0,42,0,0,0,0,0,0,0,0,0,0,0,LSkill0271,CrossBow Mastery,"By using crossbow, you can increase your attack power"
skill_278,278,CrossBow Mastery,271,8,38,2,15,0,0,0,0,0,0,0,0,0,0,0,0,0,0,0,0,0,0,0.0,0,47,54,0,0,0,0,0,0,271,0,0,0,0,0,0,0,0,0,0,0,0,0,0,0,0,42,0,0,0,0,0,0,0,0,0,0,0,LSkill0271,CrossBow Mastery,"By using crossbow, you can increase your attack power"
skill_279,279,CrossBow Mastery,271,9,45,2,15,0,0,0,0,0,0,0,0,0,0,0,0,0,0,0,0,0,0,0.0,0,47,62,0,0,0,0,0,0,271,0,0,0,0,0,0,0,0,0,0,0,0,0,0,0,0,42,0,0,0,0,0,0,0,0,0,0,0,LSkill0271,CrossBow Mastery,"By using crossbow, you can increase your attack power"
skill_280,280,CrossBow Mastery,271,10,53,2,15,0,0,0,0,0,0,0,0,0,0,0,0,0,0,0,0,0,0,0.0,0,47,70,0,0,0,0,0,0,271,0,0,0,0,0,0,0,0,0,0,0,0,0,0,0,0,42,0,0,0,0,0,0,0,0,0,0,0,LSkill0271,CrossBow Mastery,"By using crossbow, you can increase your attack power"
skill_281,281,Quick Step,281,1,4,2,15,0,0,0,0,0,0,0,0,0,0,0,0,0,0,0,0,0,0,0.0,0,52,30,0,0,0,0,0,0,0,0,0,0,0,41,0,231,5,0,0,0,0,0,0,0,0,171,0,0,0,0,0,0,0,0,0,0,0,LSkill0281,Quick Step,You can improve your moving speed.
skill_282,282,Quick Step,281,2,6,2,15,0,0,0,0,0,0,0,0,0,0,0,0,0,0,0,0,0,0,0.0,0,52,40,0,0,0,0,0,0,0,0,0,0,0,0,0,0,0,0,0,0,0,0,0,0,0,171,0,0,0,0,0,0,0,0,0,0,0,LSkill0281,Quick Step,You can improve your moving speed.
skill_283,283,Quick Step,281,3,8,2,15,0,0,0,0,0,0,0,0,0,0,0,0,0,0,0,0,0,0,0.0,0,52,52,0,0,0,0,0,0,0,0,0,0,0,0,0,231,6,0,0,0,0,0,0,0,0,171,0,0,0,0,0,0,0,0,0,0,0,LSkill0281,Quick Step,You can improve your moving speed.
skill_284,284,Quick Step,281,4,11,2,15,0,0,0,0,0,0,0,0,0,0,0,0,0,0,0,0,0,0,0.0,0,52,64,0,0,0,0,0,0,0,0,0,0,0,0,0,0,0,0,0,0,0,0,0,0,0,171,0,0,0,0,0,0,0,0,0,0,0,LSkill0281,Quick Step,You can improve your moving speed.
skill_285,285,Quick Step,281,5,14,2,15,0,0,0,0,0,0,0,0,0,0,0,0,0,0,0,0,0,0,0.0,0,52,76,0,0,0,0,0,0,0,0,0,0,0,0,0,231,7,0,0,0,0,0,0,0,0,171,0,0,0,0,0,0,0,0,0,0,0,LSkill0281,Quick Step,You can improve your moving speed.
skill_286,286,Quick Step,281,6,18,2,15,0,0,0,0,0,0,0,0,0,0,0,0,0,0,0,0,0,0,0.0,0,52,90,0,0,0,0,0,0,0,0,0,0,0,62,0,0,0,0,0,0,0,0,0,0,0,171,0,0,0,0,0,0,0,0,0,0,0,LSkill0281,Quick Step,You can improve your moving speed.
skill_287,287,Quick Step,281,7,23,2,15,0,0,0,0,0,0,0,0,0,0,0,0,0,0,0,0,0,0,0.0,0,52,105,0,0,0,0,0,0,0,0,0,0,0,0,0,231,8,0,0,0,0,0,0,0,0,171,0,0,0,0,0,0,0,0,0,0,0,LSkill0281,Quick Step,You can improve your moving speed.
skill_288,288,Quick Step,281,8,29,2,15,0,0,0,0,0,0,0,0,0,0,0,0,0,0,0,0,0,0,0.0,0,52,120,0,0,0,0,0,0,0,0,0,0,0,0,0,0,0,0,0,0,0,0,0,0,0,171,0,0,0,0,0,0,0,0,0,0,0,LSkill0281,Quick Step,You can improve your moving speed.
skill_289,289,Quick Step,281,9,36,2,15,0,0,0,0,0,0,0,0,0,0,0,0,0,0,0,0,0,0,0.0,0,52,135,0,0,0,0,0,0,0,0,0,0,0,0,0,231,9,0,0,0,0,0,0,0,0,171,0,0,0,0,0,0,0,0,0,0,0,LSkill0281,Quick Step,You can improve your moving speed.
skill_290,290,Quick Step,281,10,44,2,15,0,0,0,0,0,0,0,0,0,0,0,0,0,0,0,0,0,0,0.0,0,52,150,0,0,0,0,0,0,0,0,0,0,0,0,0,0,0,0,0,0,0,0,0,0,0,171,0,0,0,0,0,0,0,0,0,0,0,LSkill0281,Quick Step,You can improve your moving speed.
skill_291,291,Mental Mastery,291,1,6,2,15,0,0,0,0,0,0,0,0,0,0,0,0,0,0,0,0,0,0,0.0,0,55,30,0,0,0,0,0,0,0,0,0,0,0,41,0,0,0,0,0,0,0,0,0,0,0,69,0,0,0,0,0,0,0,0,0,0,0,LSkill0291,Mental Mastery,You can increase Max MP through training.
skill_292,292,Mental Mastery,291,2,8,2,15,0,0,0,0,0,0,0,0,0,0,0,0,0,0,0,0,0,0,0.0,0,55,40,0,0,0,0,0,0,0,0,0,0,0,0,0,0,0,0,0,0,0,0,0,0,0,69,0,0,0,0,0,0,0,0,0,0,0,LSkill0291,Mental Mastery,You can increase Max MP through training.
skill_293,293,Mental Mastery,291,3,11,2,15,0,0,0,0,0,0,0,0,0,0,0,0,0,0,0,0,0,0,0.0,0,55,52,0,0,0,0,0,0,0,0,0,0,0,0,0,0,0,0,0,0,0,0,0,0,0,69,0,0,0,0,0,0,0,0,0,0,0,LSkill0291,Mental Mastery,You can increase Max MP through training.
skill_294,294,Mental Mastery,291,4,14,2,15,0,0,0,0,0,0,0,0,0,0,0,0,0,0,0,0,0,0,0.0,0,55,66,0,0,0,0,0,0,0,0,0,0,0,0,0,0,0,0,0,0,0,0,0,0,0,69,0,0,0,0,0,0,0,0,0,0,0,LSkill0291,Mental Mastery,You can increase Max MP through training.
skill_295,295,Mental Mastery,291,5,18,2,15,0,0,0,0,0,0,0,0,0,0,0,0,0,0,0,0,0,0,0.0,0,55,82,0,0,0,0,0,0,0,0,0,0,0,0,0,0,0,0,0,0,0,0,0,0,0,69,0,0,0,0,0,0,0,0,0,0,0,LSkill0291,Mental Mastery,You can increase Max MP through training.
skill_296,296,Mental Mastery,291,6,23,2,15,0,0,0,0,0,0,0,0,0,0,0,0,0,0,0,0,0,0,0.0,0,55,100,0,0,0,0,0,0,0,0,0,0,0,0,0,0,0,0,0,0,0,0,0,0,0,69,0,0,0,0,0,0,0,0,0,0,0,LSkill0291,Mental Mastery,You can increase Max MP through training.
skill_297,297,Mental Mastery,291,7,29,2,15,0,0,0,0,0,0,0,0,0,0,0,0,0,0,0,0,0,0,0.0,0,55,120,0,0,0,0,0,0,0,0,0,0,0,0,0,0,0,0,0,0,0,0,0,0,0,69,0,0,0,0,0,0,0,0,0,0,0,LSkill0291,Mental Mastery,You can increase Max MP through training.
skill_298,298,Mental Mastery,291,8,36,2,15,0,0,0,0,0,0,0,0,0,0,0,0,0,0,0,0,0,0,0.0,0,55,142,0,0,0,0,0,0,0,0,0,0,0,0,0,0,0,0,0,0,0,0,0,0,0,69,0,0,0,0,0,0,0,0,0,0,0,LSkill0291,Mental Mastery,You can increase Max MP through training.
skill_299,299,Mental Mastery,291,9,44,2,15,0,0,0,0,0,0,0,0,0,0,0,0,0,0,0,0,0,0,0.0,0,55,168,0,0,0,0,0,0,0,0,0,0,0,0,0,0,0,0,0,0,0,0,0,0,0,69,0,0,0,0,0,0,0,0,0,0,0,LSkill0291,Mental Mastery,You can increase Max MP through training.
skill_300,300,Mental Mastery,291,10,54,2,15,0,0,0,0,0,0,0,0,0,0,0,0,0,0,0,0,0,0,0.0,0,55,200,0,0,0,0,0,0,0,0,0,0,0,0,0,0,0,0,0,0,0,0,0,0,0,69,0,0,0,0,0,0,0,0,0,0,0,LSkill0291,Mental Mastery,You can increase Max MP through training.
skill_301,301,Heavy Attack,301,1,8,1,3,0,5,0,30,1,0,0,0,0,0,0,0,0,1,17,10,0,0,5.9,1,0,0,0,0,0,0,0,1,211,212,221,222,223,41,0,201,1,0,0,0,0,0,0,0,0,28,129,100,94,100,1,0,0,1551,0,1041,1040,LSkill0301,Heavy Attack,"By gathering power when using near attack weapon, you can hit enemy hard"
skill_302,302,Heavy Attack,301,2,10,1,3,0,5,0,37,1,0,0,0,0,0,0,0,0,1,17,12,0,0,5.9,1,0,0,0,0,0,0,0,1,211,212,221,222,223,0,0,201,2,0,0,0,0,0,0,0,0,28,129,100,94,100,1,0,0,1551,0,1041,1040,LSkill0301,Heavy Attack,"By gathering power when using near attack weapon, you can hit enemy hard"
skill_303,303,Heavy Attack,301,3,12,1,3,0,5,0,44,1,0,0,0,0,0,0,0,0,1,17,14,0,0,5.9,1,0,0,0,0,0,0,0,1,211,212,221,222,223,0,0,201,3,0,0,0,0,0,0,0,0,28,129,100,94,100,1,0,0,1551,0,1041,1040,LSkill0301,Heavy Attack,"By gathering power when using near attack weapon, you can hit enemy hard"
skill_304,304,Heavy Attack,301,4,14,1,3,0,5,0,51,1,0,0,0,0,0,0,0,0,1,17,16,0,0,6.1,1,0,0,0,0,0,0,0,1,211,212,221,222,223,0,0,201,4,0,0,0,0,0,0,0,0,28,129,100,94,100,1,0,0,1551,0,1041,1040,LSkill0301,Heavy Attack,"By gathering power when using near attack weapon, you can hit enemy hard"
skill_305,305,Heavy Attack,301,5,16,1,3,0,5,0,58,1,0,0,0,0,0,0,0,0,1,17,18,0,0,6.1,1,0,0,0,0,0,0,0,1,211,212,221,222,223,0,0,201,5,0,0,0,0,0,0,0,0,28,129,100,94,100,1,0,0,1551,0,1041,1040,LSkill0301,Heavy Attack,"By gathering power when using near attack weapon, you can hit enemy hard"
skill_306,306,Heavy Attack,301,6,18,1,3,0,5,0,65,1,0,0,0,0,0,0,0,0,1,17,20,0,0,6.1,1,0,0,0,0,0,0,0,1,211,212,221,222,223,0,0,201,6,0,0,0,0,0,0,0,0,28,129,100,94,100,1,0,0,1551,0,1041,1040,LSkill0301,Heavy Attack,"By gathering power when using near attack weapon, you can hit enemy hard"
skill_307,307,Heavy Attack,301,7,20,1,3,0,5,0,72,1,0,0,0,0,0,0,0,0,1,17,22,0,0,6.3,1,0,0,0,0,0,0,0,1,211,212,221,222,223,0,0,201,7,0,0,0,0,0,0,0,0,28,129,100,94,100,1,0,0,1551,0,1041,1040,LSkill0301,Heavy Attack,"By gathering power when using near attack weapon, you can hit enemy hard"
skill_308,308,Heavy Attack,301,8,23,1,3,0,5,0,80,1,0,0,0,0,0,0,0,0,1,17,24,0,0,6.3,1,0,0,0,0,0,0,0,1,211,212,221,222,223,0,0,201,8,0,0,0,0,0,0,0,0,28,129,100,94,100,1,0,0,1551,0,1041,1040,LSkill0301,Heavy Attack,"By gathering power when using near attack weapon, you can hit enemy hard"
skill_309,309,Heavy Attack,301,9,26,1,3,0,5,0,100,1,0,0,0,0,0,0,0,0,1,17,26,0,0,6.3,1,0,0,0,0,0,0,0,1,211,212,221,222,223,0,0,201,9,0,0,0,0,0,0,0,0,28,129,100,94,100,1,0,0,1551,0,1041,1040,LSkill0301,Heavy Attack,"By gathering power when using near attack weapon, you can hit enemy hard"
skill_310,310,Heavy Attack,301,10,29,1,3,0,5,0,150,1,0,0,0,0,0,0,0,0,1,17,30,0,0,6.5,1,0,0,0,0,0,0,0,1,211,212,221,222,223,0,0,201,10,0,0,0,0,0,0,0,0,28,129,100,94,100,1,0,0,1551,0,1041,1040,LSkill0301,Heavy Attack,"By gathering power when using near attack weapon, you can hit enemy hard"
skill_321,321,Double Attack,321,1,8,1,3,0,5,0,40,1,0,0,0,0,0,0,0,0,0,17,20,0,0,5.3,1,0,0,0,0,0,0,0,1,211,212,221,222,223,41,0,201,1,0,0,0,0,0,0,0,0,32,111,100,91,100,2,0,0,67,0,1031,371,LSkill0321,Double Attack,"By using near attack weapon, you can attack enemy twice at once"
skill_322,322,Double Attack,321,2,10,1,3,0,5,0,45,1,0,0,0,0,0,0,0,0,0,17,22,0,0,5.1,1,0,0,0,0,0,0,0,1,211,212,221,222,223,0,0,201,2,0,0,0,0,0,0,0,0,32,111,106,91,109,2,0,0,67,0,1031,371,LSkill0322,Double Attack,"By using near attack weapon, you can rapidly attack enemy twice at once"
skill_323,323,Double Attack,321,3,12,1,3,0,5,0,50,1,0,0,0,0,0,0,0,0,0,17,24,0,0,4.9,1,0,0,0,0,0,0,0,1,211,212,221,222,223,0,0,201,3,0,0,0,0,0,0,0,0,32,111,112,91,118,2,0,0,67,0,1031,371,LSkill0322,Double Attack,"By using near attack weapon, you can rapidly attack enemy twice at once"
skill_324,324,Double Attack,321,4,14,1,3,0,5,0,55,1,0,0,0,0,0,0,0,0,0,17,26,0,0,4.7,1,0,0,0,0,0,0,0,1,211,212,221,222,223,0,0,201,4,0,0,0,0,0,0,0,0,32,111,118,91,127,2,0,0,67,0,1031,371,LSkill0322,Double Attack,"By using near attack weapon, you can rapidly attack enemy twice at once"
skill_325,325,Double Attack,321,5,16,1,3,0,5,0,60,1,0,0,0,0,0,0,0,0,0,17,28,0,0,4.5,1,0,0,0,0,0,0,0,1,211,212,221,222,223,0,0,201,5,0,0,0,0,0,0,0,0,32,111,124,91,136,2,0,0,67,0,1031,371,LSkill0322,Double Attack,"By using near attack weapon, you can rapidly attack enemy twice at once"
skill_326,326,Double Attack,321,6,18,1,3,0,5,0,65,1,0,0,0,0,0,0,0,0,0,17,30,0,0,4.3,1,0,0,0,0,0,0,0,1,211,212,221,222,223,0,0,201,6,0,0,0,0,0,0,0,0,32,111,130,91,145,2,0,0,67,0,1031,371,LSkill0322,Double Attack,"By using near attack weapon, you can rapidly attack enemy twice at once"
skill_327,327,Double Attack,321,7,20,1,3,0,5,0,70,1,0,0,0,0,0,0,0,0,0,17,32,0,0,4.1,1,0,0,0,0,0,0,0,1,211,212,221,222,223,0,0,201,7,0,0,0,0,0,0,0,0,32,111,136,91,154,2,0,0,67,0,1031,371,LSkill0322,Double Attack,"By using near attack weapon, you can rapidly attack enemy twice at once"
skill_328,328,Double Attack,321,8,23,1,3,0,5,0,75,1,0,0,0,0,0,0,0,0,0,17,34,0,0,3.9,1,0,0,0,0,0,0,0,1,211,212,221,222,223,0,0,201,8,0,0,0,0,0,0,0,0,32,111,142,91,163,2,0,0,67,0,1031,371,LSkill0322,Double Attack,"By using near attack weapon, you can rapidly attack enemy twice at once"
skill_329,329,Double Attack,321,9,26,1,3,0,5,0,82,1,0,0,0,0,0,0,0,0,0,17,36,0,0,3.7,1,0,0,0,0,0,0,0,1,211,212,221,222,223,0,0,201,9,0,0,0,0,0,0,0,0,32,111,148,91,172,2,0,0,67,0,1031,371,LSkill0322,Double Attack,"By using near attack weapon, you can rapidly attack enemy twice at once"
skill_330,330,Double Attack,321,10,29,1,3,0,5,0,90,1,0,0,0,0,0,0,0,0,0,17,38,0,0,3.5,1,0,0,0,0,0,0,0,1,211,212,221,222,223,0,0,201,10,0,0,0,0,0,0,0,0,32,111,160,91,181,2,0,0,67,0,1031,371,LSkill0322,Double Attack,"By using near attack weapon, you can rapidly attack enemy twice at once"
skill_331,331,Triple Attack,321,11,32,1,3,0,5,0,45,1,0,0,0,0,0,0,0,0,0,17,40,0,0,5.9,1,0,0,0,0,0,0,0,1,211,212,221,222,223,0,0,0,0,0,0,0,0,31,70,0,0,32,111,120,92,100,3,0,0,67,0,1031,370,LSkill0331,Triple Attack,"By using near attack weapon, you can attack enemy three times at once"
skill_332,332,Triple Attack,321,12,35,1,3,0,5,0,50,1,0,0,0,0,0,0,0,0,0,17,42,0,0,5.9,1,0,0,0,0,0,0,0,1,211,212,221,222,223,0,0,0,0,0,0,0,0,0,0,0,0,32,111,124,92,106,3,0,0,67,0,1031,370,LSkill0332,Triple Attack,"Bu using near attack weapon, you can rapidly attack enemy three times at once"
skill_333,333,Triple Attack,321,13,38,1,3,0,5,0,55,1,0,0,0,0,0,0,0,0,0,17,44,0,0,5.7,1,0,0,0,0,0,0,0,1,211,212,221,222,223,0,0,0,0,0,0,0,0,0,0,0,0,32,111,128,92,112,3,0,0,67,0,1031,370,LSkill0332,Triple Attack,"Bu using near attack weapon, you can rapidly attack enemy three times at once"
skill_334,334,Triple Attack,321,14,42,1,3,0,5,0,60,1,0,0,0,0,0,0,0,0,0,17,46,0,0,5.7,1,0,0,0,0,0,0,0,1,211,212,221,222,223,0,0,0,0,0,0,0,0,0,0,0,0,32,111,132,92,118,3,0,0,67,0,1031,370,LSkill0332,Triple Attack,"Bu using near attack weapon, you can rapidly attack enemy three times at once"
skill_335,335,Triple Attack,321,15,46,1,3,0,5,0,65,1,0,0,0,0,0,0,0,0,0,17,48,0,0,5.5,1,0,0,0,0,0,0,0,1,211,212,221,222,223,0,0,0,0,0,0,0,0,0,0,0,0,32,111,136,92,124,3,0,0,67,0,1031,370,LSkill0332,Triple Attack,"Bu using near attack weapon, you can rapidly attack enemy three times at once"
skill_336,336,Triple Attack,321,16,50,1,3,0,5,0,70,1,0,0,0,0,0,0,0,0,0,17,50,0,0,5.5,1,0,0,0,0,0,0,0,1,211,212,221,222,223,0,0,0,0,0,0,0,0,0,0,0,0,32,111,140,92,130,3,0,0,67,0,1031,370,LSkill0332,Triple Attack,"Bu using near attack weapon, you can rapidly attack enemy three times at once"
skill_337,337,Triple Attack,321,17,55,1,3,0,5,0,75,1,0,0,0,0,0,0,0,0,0,17,52,0,0,5.3,1,0,0,0,0,0,0,0,1,211,212,221,222,223,0,0,0,0,0,0,0,0,0,0,0,0,32,111,144,92,136,3,0,0,67,0,1031,370,LSkill0332,Triple Attack,"Bu using near attack weapon, you can rapidly attack enemy three times at once"
skill_338,338,Triple Attack,321,18,60,1,3,0,5,0,80,1,0,0,0,0,0,0,0,0,0,17,54,0,0,5.1,1,0,0,0,0,0,0,0,1,211,212,221,222,223,0,0,0,0,0,0,0,0,0,0,0,0,32,111,148,92,142,3,0,0,67,0,1031,370,LSkill0332,Triple Attack,"Bu using near attack weapon, you can rapidly attack enemy three times at once"
skill_339,339,Triple Attack,321,19,65,1,3,0,5,0,88,1,29,0,21,0,1,0,15,12,0,17,56,0,0,4.9,1,22,30,15,0,0,0,0,1,211,212,221,222,223,0,0,0,0,0,0,0,0,0,0,0,0,32,111,152,92,148,3,0,0,67,0,1031,370,LSkill0332,Triple Attack,"Bu using near attack weapon, you can rapidly attack enemy three times at once"
skill_340,340,Triple Attack,321,20,71,1,3,0,5,0,100,1,29,0,21,0,1,0,25,20,0,17,60,0,0,4.7,1,22,40,20,0,0,0,0,1,211,212,221,222,223,0,0,0,0,0,0,0,0,0,0,0,0,32,111,156,92,154,3,0,0,67,0,1031,370,LSkill0332,Triple Attack,"Bu using near attack weapon, you can rapidly attack enemy three times at once"
skill_341,341,Leap Attack,341,1,10,1,3,0,5,0,50,1,32,0,24,0,1,0,30,5,1,16,30,0,0,8.9,2,0,0,0,0,0,0,0,1,211,212,221,222,223,41,0,201,5,0,0,0,0,0,0,0,0,35,128,100,93,100,1,0,0,67,0,1036,1035,LSkill0341,Leap Attack,"With a jumping attack with near attack weapon, you can have enemy confused"
skill_342,342,Leap Attack,341,2,12,1,3,0,5,0,60,1,32,0,24,0,1,0,31,5,1,16,35,0,0,8.9,2,0,0,0,0,0,0,0,1,211,212,221,222,223,0,0,0,0,0,0,0,0,0,0,0,0,35,128,100,93,100,1,0,0,67,0,1036,1035,LSkill0341,Leap Attack,"With a jumping attack with near attack weapon, you can have enemy confused"
skill_343,343,Leap Attack,341,3,14,1,3,0,5,0,70,1,32,0,24,0,1,0,32,5,1,16,40,0,0,9.1,2,0,0,0,0,0,0,0,1,211,212,221,222,223,0,0,201,6,0,0,0,0,0,0,0,0,35,128,100,93,100,1,0,0,67,0,1036,1035,LSkill0341,Leap Attack,"With a jumping attack with near attack weapon, you can have enemy confused"
skill_344,344,Leap Attack,341,4,16,1,3,0,5,0,80,1,32,0,24,0,1,0,33,5,1,16,45,0,0,9.1,2,0,0,0,0,0,0,0,1,211,212,221,222,223,0,0,0,0,0,0,0,0,0,0,0,0,35,128,100,93,100,1,0,0,67,0,1036,1035,LSkill0341,Leap Attack,"With a jumping attack with near attack weapon, you can have enemy confused"
skill_345,345,Leap Attack,341,5,18,1,3,0,5,0,90,1,32,0,24,0,1,0,34,5,1,16,50,0,0,9.3,2,0,0,0,0,0,0,0,1,211,212,221,222,223,0,0,201,7,0,0,0,0,0,0,0,0,35,128,100,93,100,1,0,0,67,0,1036,1035,LSkill0341,Leap Attack,"With a jumping attack with near attack weapon, you can have enemy confused"
skill_346,346,Leap Attack,341,6,20,1,3,0,5,0,100,1,32,0,24,0,1,0,35,5,1,16,55,0,0,9.3,2,0,0,0,0,0,0,0,1,211,212,221,222,223,0,0,0,0,0,0,0,0,0,0,0,0,35,128,100,93,100,1,0,0,67,0,1036,1035,LSkill0341,Leap Attack,"With a jumping attack with near attack weapon, you can have enemy confused"
skill_347,347,Leap Attack,341,7,23,1,3,0,5,0,110,1,32,0,24,0,1,0,36,5,1,16,60,0,0,9.5,2,0,0,0,0,0,0,0,1,211,212,221,222,223,0,0,201,8,0,0,0,0,0,0,0,0,35,128,100,93,100,1,0,0,67,0,1036,1035,LSkill0341,Leap Attack,"With a jumping attack with near attack weapon, you can have enemy confused"
skill_348,348,Leap Attack,341,8,26,1,3,0,5,0,120,1,32,0,24,0,1,0,37,5,1,16,65,0,0,9.5,2,0,0,0,0,0,0,0,1,211,212,221,222,223,0,0,0,0,0,0,0,0,0,0,0,0,35,128,100,93,100,1,0,0,67,0,1036,1035,LSkill0341,Leap Attack,"With a jumping attack with near attack weapon, you can have enemy confused"
skill_349,349,Leap Attack,341,9,29,1,3,0,5,0,130,1,32,0,24,0,1,0,38,5,1,16,70,0,0,9.7,2,0,0,0,0,0,0,0,1,211,212,221,222,223,0,0,201,9,0,0,0,0,0,0,0,0,35,128,100,93,100,1,0,0,67,0,1036,1035,LSkill0341,Leap Attack,"With a jumping attack with near attack weapon, you can have enemy confused"
skill_350,350,Leap Attack,341,10,32,1,3,0,5,0,150,1,32,0,24,0,1,0,50,5,1,16,80,0,0,9.7,2,0,0,0,0,0,0,0,1,211,212,221,222,223,0,0,201,10,0,0,0,0,0,0,0,0,35,128,100,93,100,1,0,0,67,0,1036,1035,LSkill0341,Leap Attack,"With a jumping attack with near attack weapon, you can have enemy confused"
skill_351,351,Leap Attack,341,11,35,1,3,0,5,0,165,1,32,0,24,0,1,0,42,5,1,16,85,0,0,9.9,2,0,0,0,0,0,0,0,1,221,222,223,0,0,62,0,0,0,0,0,0,0,0,0,0,0,35,128,100,93,100,1,0,0,1250,0,1036,2007,LSkill0341,Leap Attack,"With a jumping attack with near attack weapon, you can have enemy confused"
skill_352,352,Leap Attack,341,12,39,1,3,0,5,0,170,1,32,0,24,0,1,0,44,5,1,16,90,0,0,9.9,2,0,0,0,0,0,0,0,1,221,222,223,0,0,0,0,221,2,0,0,0,0,0,0,0,0,35,128,100,93,100,1,0,0,1250,0,1036,2007,LSkill0341,Leap Attack,"With a jumping attack with near attack weapon, you can have enemy confused"
skill_353,353,Leap Attack,341,13,46,1,3,0,5,0,175,1,32,0,24,0,1,0,48,5,1,16,95,0,0,9.9,2,0,0,0,0,0,0,0,1,221,222,223,0,0,0,0,0,0,0,0,0,0,0,0,0,0,35,128,100,93,100,1,0,0,1250,0,1036,2007,LSkill0341,Leap Attack,"With a jumping attack with near attack weapon, you can have enemy confused"
skill_354,354,Leap Attack,341,14,51,1,3,0,5,0,180,1,32,0,24,0,1,0,52,5,1,16,100,0,0,10.1,2,0,0,0,0,0,0,0,1,221,222,223,0,0,0,0,221,4,0,0,0,0,0,0,0,0,35,128,100,93,100,1,0,0,1250,0,1036,2007,LSkill0341,Leap Attack,"With a jumping attack with near attack weapon, you can have enemy confused"
skill_355,355,Leap Attack,341,15,56,1,3,0,5,0,185,1,32,0,24,0,1,0,56,5,1,16,105,0,0,10.1,2,0,0,0,0,0,0,0,1,221,222,223,0,0,0,0,0,0,0,0,0,0,0,0,0,0,35,128,100,93,100,1,0,0,1250,0,1036,2007,LSkill0341,Leap Attack,"With a jumping attack with near attack weapon, you can have enemy confused"
skill_356,356,Leap Attack,341,16,61,1,3,0,5,0,195,1,32,0,24,0,1,0,58,5,1,16,110,0,0,10.1,2,0,0,0,0,0,0,0,1,221,222,223,0,0,0,0,221,6,0,0,0,0,0,0,0,0,35,128,100,93,100,1,0,0,1250,0,1036,2007,LSkill0341,Leap Attack,"With a jumping attack with near attack weapon, you can have enemy confused"
skill_357,357,Leap Attack,341,17,69,1,3,0,5,0,205,1,32,0,24,0,1,0,62,5,1,16,115,0,0,10.3,2,0,0,0,0,0,0,0,1,221,222,223,0,0,0,0,0,0,0,0,0,0,0,0,0,0,35,128,100,93,100,1,0,0,1250,0,1036,2007,LSkill0341,Leap Attack,"With a jumping attack with near attack weapon, you can have enemy confused"
skill_358,358,Leap Attack,341,18,78,1,3,0,5,0,215,1,32,0,24,0,1,0,64,7,1,16,120,0,0,10.3,2,0,0,0,0,0,0,0,1,221,222,223,0,0,0,0,221,8,0,0,0,0,0,0,0,0,35,128,100,93,100,1,0,0,1250,0,1036,2007,LSkill0341,Leap Attack,"With a jumping attack with near attack weapon, you can have enemy confused"
skill_359,359,Leap Attack,341,19,83,1,3,0,5,0,225,1,32,0,24,0,1,0,66,7,1,16,125,0,0,10.3,2,0,0,0,0,0,0,0,1,221,222,223,0,0,0,0,0,0,0,0,0,0,0,0,0,0,35,128,100,93,100,1,0,0,1250,0,1036,2007,LSkill0341,Leap Attack,"With a jumping attack with near attack weapon, you can have enemy confused"
skill_360,360,Leap Attack,341,20,95,1,3,0,5,0,250,1,32,0,24,0,1,0,70,7,1,16,130,0,0,10.5,2,0,0,0,0,0,0,0,1,221,222,223,0,0,0,0,221,10,0,0,0,0,0,0,0,0,35,128,100,93,100,1,0,0,1250,0,1036,2007,LSkill0341,Leap Attack,"With a jumping attack with near attack weapon, you can have enemy confused"
skill_361,361,Berserk,361,1,6,1,8,0,0,0,0,0,18,59,10,13,0,2,0,120,0,17,20,0,0,5.9,0,18,30,0,19,16,0,0,2,0,0,0,0,0,41,0,231,3,0,0,0,0,0,0,0,0,29,114,100,153,100,0,221,0,0,0,1754,0,LSkill0361,Berserk,"By making yourself insane, you can increase your defence power decreasing attack power"
skill_362,362,Berserk,361,2,8,1,8,0,0,0,0,0,18,59,10,13,0,2,0,125,0,17,24,0,0,5.9,0,18,33,0,19,17,0,0,2,0,0,0,0,0,0,0,231,4,0,0,0,0,0,0,0,0,29,114,100,153,100,0,221,0,0,0,1754,0,LSkill0361,Berserk,"By making yourself insane, you can increase your defence power decreasing attack power"
skill_363,363,Berserk,361,3,10,1,8,0,0,0,0,0,18,59,10,13,0,2,0,130,0,17,28,0,0,5.9,0,18,36,0,19,18,0,0,2,0,0,0,0,0,0,0,231,5,0,0,0,0,0,0,0,0,29,114,100,153,100,0,221,0,0,0,1754,0,LSkill0361,Berserk,"By making yourself insane, you can increase your defence power decreasing attack power"
skill_364,364,Berserk,361,4,12,1,8,0,0,0,0,0,18,59,10,13,0,2,0,135,0,17,32,0,0,5.9,0,18,39,0,19,19,0,0,2,0,0,0,0,0,0,0,231,6,0,0,0,0,0,0,0,0,29,114,100,153,100,0,221,0,0,0,1754,0,LSkill0361,Berserk,"By making yourself insane, you can increase your defence power decreasing attack power"
skill_365,365,Berserk,361,5,14,1,8,0,0,0,0,0,18,59,10,13,0,2,0,140,0,17,36,0,0,5.9,0,18,42,0,19,20,0,0,2,0,0,0,0,0,0,0,231,7,0,0,0,0,0,0,0,0,29,114,100,153,100,0,221,0,0,0,1754,0,LSkill0361,Berserk,"By making yourself insane, you can increase your defence power decreasing attack power"
skill_366,366,Berserk,361,6,16,1,8,0,0,0,0,0,18,59,10,13,0,2,0,145,0,17,40,0,0,5.9,0,18,45,0,19,21,0,0,2,0,0,0,0,0,0,0,231,8,0,0,0,0,0,0,0,0,29,114,100,153,100,0,221,0,0,0,1754,0,LSkill0361,Berserk,"By making yourself insane, you can increase your defence power decreasing attack power"
skill_367,367,Berserk,361,7,18,1,8,0,0,0,0,0,18,59,10,13,0,2,0,150,0,17,44,0,0,5.9,0,18,48,0,19,22,0,0,2,0,0,0,0,0,0,0,231,9,0,0,0,0,0,0,0,0,29,114,100,153,100,0,221,0,0,0,1754,0,LSkill0361,Berserk,"By making yourself insane, you can increase your defence power decreasing attack power"
skill_368,368,Berserk,361,8,21,1,8,0,0,0,0,0,18,59,10,13,0,2,0,155,0,17,48,0,0,5.9,0,18,51,0,19,23,0,0,2,0,0,0,0,0,0,0,231,10,0,0,0,0,0,0,0,0,29,114,100,153,100,0,221,0,0,0,1754,0,LSkill0361,Berserk,"By making yourself insane, you can increase your defence power decreasing attack power"
skill_369,369,Berserk,361,9,24,1,8,0,0,0,0,0,18,59,10,13,0,2,0,160,0,17,52,0,0,5.9,0,18,54,0,19,24,0,0,2,0,0,0,0,0,0,0,231,11,0,0,0,0,0,0,0,0,29,114,100,153,100,0,221,0,0,0,1754,0,LSkill0361,Berserk,"By making yourself insane, you can increase your defence power decreasing attack power"
skill_370,370,Berserk,361,10,27,1,8,0,0,0,0,0,18,59,10,13,0,2,0,170,0,17,60,0,0,5.9,0,18,57,0,19,25,0,0,2,0,0,0,0,0,0,0,231,12,0,0,0,0,0,0,0,0,29,114,100,153,100,0,221,0,0,0,1754,0,LSkill0361,Berserk,"By making yourself insane, you can increase your defence power decreasing attack power"
skill_371,371,Berserk,361,11,30,1,8,0,0,0,0,0,18,59,10,13,0,2,0,172,0,17,62,0,0,5.9,0,18,61,0,19,26,0,0,2,0,0,0,0,0,62,0,231,13,0,0,0,0,0,0,0,0,29,114,100,153,100,0,221,0,0,0,1754,0,LSkill0361,Berserk,"By making yourself insane, you can increase your defence power decreasing attack power"
skill_372,372,Berserk,361,12,33,1,8,0,0,0,0,0,18,59,10,13,0,2,0,174,0,17,64,0,0,5.9,0,18,65,0,19,27,0,0,2,0,0,0,0,0,0,0,231,14,0,0,0,0,0,0,0,0,29,114,100,153,100,0,221,0,0,0,1754,0,LSkill0361,Berserk,"By making yourself insane, you can increase your defence power decreasing attack power"
skill_373,373,Berserk,361,13,36,1,8,0,0,0,0,0,18,59,10,13,0,2,0,176,0,17,66,0,0,5.9,0,18,69,0,19,28,0,0,2,0,0,0,0,0,0,0,231,15,0,0,0,0,0,0,0,0,29,114,100,153,100,0,221,0,0,0,1754,0,LSkill0361,Berserk,"By making yourself insane, you can increase your defence power decreasing attack power"
skill_374,374,Berserk,361,14,39,1,8,0,0,0,0,0,18,59,10,13,0,2,0,178,0,17,68,0,0,5.9,0,18,73,0,19,29,0,0,2,0,0,0,0,0,0,0,231,16,0,0,0,0,0,0,0,0,29,114,100,153,100,0,221,0,0,0,1754,0,LSkill0361,Berserk,"By making yourself insane, you can increase your defence power decreasing attack power"
skill_375,375,Berserk,361,15,42,1,8,0,0,0,0,0,18,59,10,13,0,2,0,180,0,17,70,0,0,5.9,0,18,77,0,19,30,0,0,2,0,0,0,0,0,0,0,231,17,0,0,0,0,0,0,0,0,29,114,100,153,100,0,221,0,0,0,1754,0,LSkill0361,Berserk,"By making yourself insane, you can increase your defence power decreasing attack power"
skill_376,376,Berserk,361,16,46,1,8,0,0,0,0,0,18,59,10,13,0,2,0,182,0,17,72,0,0,5.9,0,18,81,0,19,31,0,0,2,0,0,0,0,0,0,0,231,18,0,0,0,0,0,0,0,0,29,114,100,153,100,0,221,0,0,0,1754,0,LSkill0361,Berserk,"By making yourself insane, you can increase your defence power decreasing attack power"
skill_377,377,Berserk,361,17,50,1,8,0,0,0,0,0,18,59,10,13,0,2,0,184,0,17,74,0,0,5.9,0,18,85,0,19,32,0,0,2,0,0,0,0,0,0,0,231,19,0,0,0,0,0,0,0,0,29,114,100,153,100,0,221,0,0,0,1754,0,LSkill0361,Berserk,"By making yourself insane, you can increase your defence power decreasing attack power"
skill_378,378,Berserk,361,18,54,1,8,0,0,0,0,0,18,59,10,13,0,2,0,186,0,17,76,0,0,5.9,0,18,89,0,19,33,0,0,2,0,0,0,0,0,0,0,231,20,0,0,0,0,0,0,0,0,29,114,100,153,100,0,221,0,0,0,1754,0,LSkill0361,Berserk,"By making yourself insane, you can increase your defence power decreasing attack power"
skill_379,379,Berserk,361,19,58,1,8,0,0,0,0,0,18,59,10,13,0,2,0,188,0,17,78,0,0,5.9,0,18,93,0,19,34,0,0,2,0,0,0,0,0,0,0,0,0,0,0,0,0,0,0,0,0,29,114,100,153,100,0,221,0,0,0,1754,0,LSkill0361,Berserk,"By making yourself insane, you can increase your defence power decreasing attack power"
skill_380,380,Berserk,361,20,62,1,8,0,0,0,0,0,18,59,10,13,0,2,0,190,0,17,80,0,0,5.9,0,18,100,0,19,35,0,0,2,0,0,0,0,0,0,0,0,0,0,0,0,0,0,0,0,0,29,114,100,153,100,0,221,0,0,0,1754,0,LSkill0361,Berserk,"By making yourself insane, you can increase your defence power decreasing attack power"
skill_381,381,Shield Barrier,381,1,8,1,8,0,1,1500,0,0,22,0,14,0,0,0,100,120,0,17,30,0,0,9.9,0,21,30,0,0,0,0,0,2,211,212,0,0,0,41,0,251,5,0,0,0,0,0,0,0,0,36,112,100,151,100,0,221,90,0,0,1752,1501,LSkill0381,Shield Barrier,"By using shield, you and your party members could have incereased magic resistance temporarily"
skill_382,382,Shield Barrier,381,2,10,1,8,0,1,1500,0,0,22,0,14,0,0,0,100,125,0,17,35,0,0,9.9,0,21,40,0,0,0,0,0,2,211,212,0,0,0,0,0,251,6,0,0,0,0,0,0,0,0,36,112,100,151,100,0,221,90,0,0,1752,1501,LSkill0381,Shield Barrier,"By using shield, you and your party members could have incereased magic resistance temporarily"
skill_383,383,Shield Barrier,381,3,13,1,8,0,1,1500,0,0,22,0,14,0,0,0,100,130,0,17,40,0,0,9.9,0,21,50,0,0,0,0,0,2,211,212,0,0,0,0,0,251,7,0,0,0,0,0,0,0,0,36,112,100,151,100,0,221,90,0,0,1752,1501,LSkill0381,Shield Barrier,"By using shield, you and your party members could have incereased magic resistance temporarily"
skill_384,384,Shield Barrier,381,4,16,1,8,0,1,1500,0,0,22,0,14,0,0,0,100,135,0,17,45,0,0,9.9,0,21,60,0,0,0,0,0,2,211,212,0,0,0,0,0,251,8,0,0,0,0,0,0,0,0,36,112,100,151,100,0,221,90,0,0,1752,1501,LSkill0381,Shield Barrier,"By using shield, you and your party members could have incereased magic resistance temporarily"
skill_385,385,Shield Barrier,381,5,20,1,8,0,1,1500,0,0,22,0,14,0,0,0,100,140,0,17,50,0,0,9.9,0,21,70,0,0,0,0,0,2,211,212,0,0,0,0,0,251,10,0,0,0,0,0,0,0,0,36,112,100,151,100,0,221,90,0,0,1752,1501,LSkill0381,Shield Barrier,"By using shield, you and your party members could have incereased magic resistance temporarily"
skill_386,386,Shield Barrier,381,6,25,1,8,0,1,1500,0,0,22,0,14,0,0,0,100,145,0,17,55,0,0,9.9,0,21,80,0,0,0,0,0,2,211,212,0,0,0,61,0,251,12,0,0,0,0,0,0,0,0,36,112,100,151,100,0,221,90,0,0,1752,1501,LSkill0381,Shield Barrier,"By using shield, you and your party members could have incereased magic resistance temporarily"
skill_387,387,Shield Barrier,381,7,32,1,8,0,1,1500,0,0,22,0,14,0,0,0,100,150,0,17,60,0,0,9.9,0,21,90,0,0,0,0,0,2,211,212,0,0,0,0,0,251,14,0,0,0,0,0,0,0,0,36,112,100,151,100,0,221,90,0,0,1752,1501,LSkill0381,Shield Barrier,"By using shield, you and your party members could have incereased magic resistance temporarily"
skill_388,388,Shield Barrier,381,8,40,1,8,0,1,1500,0,0,22,0,14,0,0,0,100,155,0,17,65,0,0,9.9,0,21,100,0,0,0,0,0,2,211,212,0,0,0,0,0,251,16,0,0,0,0,0,0,0,0,36,112,100,151,100,0,221,90,0,0,1752,1501,LSkill0381,Shield Barrier,"By using shield, you and your party members could have incereased magic resistance temporarily"
skill_389,389,Shield Barrier,381,9,50,1,8,0,1,1500,0,0,22,0,14,0,0,0,100,160,0,17,70,0,0,9.9,0,21,110,0,0,0,0,0,2,211,212,0,0,0,0,0,251,18,0,0,0,0,0,0,0,0,36,112,100,151,100,0,221,90,0,0,1752,1501,LSkill0381,Shield Barrier,"By using shield, you and your party members could have incereased magic resistance temporarily"
skill_390,390,Shield Barrier,381,10,62,1,8,0,1,1500,0,0,22,0,14,0,0,0,100,170,0,17,80,0,0,9.9,0,21,130,0,0,0,0,0,2,211,212,0,0,0,0,0,251,20,0,0,0,0,0,0,0,0,36,112,100,151,100,0,221,90,0,0,1752,1501,LSkill0381,Shield Barrier,"By using shield, you and your party members could have incereased magic resistance temporarily"
skill_391,391,Divine Force,392,1,15,1,6,2000,5,0,90,1,23,0,15,0,1,0,60,15,2,17,40,0,0,9.9,0,21,0,25,0,0,0,0,2,0,0,0,0,0,41,0,291,6,0,0,0,0,0,0,0,0,39,101,100,103,100,1,251,90,67,0,1603,1121,LSkill0391,Divine Force,You can damage enemies in the distance with powerful force
skill_392,392,Divine Force,392,2,19,1,6,2050,5,0,100,1,23,0,15,0,1,0,62,15,2,17,42,0,0,10.1,0,21,0,26,0,0,0,0,2,0,0,0,0,0,0,0,291,7,0,0,0,0,0,0,0,0,39,101,100,103,100,1,251,90,67,0,1603,1121,LSkill0391,Divine Force,You can damage enemies in the distance with powerful force
skill_393,393,Divine Force,392,3,24,1,6,2100,5,0,110,1,23,0,15,0,1,0,64,15,2,17,44,0,0,10.3,0,21,0,27,0,0,0,0,2,0,0,0,0,0,0,0,291,8,0,0,0,0,0,0,0,0,39,101,100,103,100,1,251,90,67,0,1603,1121,LSkill0391,Divine Force,You can damage enemies in the distance with powerful force
skill_394,394,Divine Force,392,4,30,1,6,2150,5,0,120,1,23,0,15,0,1,0,70,15,2,17,46,0,0,10.5,0,21,0,28,0,0,0,0,2,0,0,0,0,0,0,0,291,9,0,0,0,0,0,0,0,0,39,101,100,103,100,1,251,90,67,0,1603,1121,LSkill0391,Divine Force,You can damage enemies in the distance with powerful force
skill_395,395,Divine Force,392,5,37,1,6,2200,5,0,130,1,23,0,15,0,1,0,70,15,2,17,48,0,0,10.7,0,21,0,29,0,0,0,0,2,0,0,0,0,0,0,0,291,10,0,0,0,0,0,0,0,0,39,101,100,103,100,1,251,90,67,0,1603,1121,LSkill0391,Divine Force,You can damage enemies in the distance with powerful force
skill_396,396,Divine Lightening,392,6,46,1,6,2250,5,400,140,0,23,0,15,0,1,0,72,18,2,17,51,0,0,10.9,0,21,0,30,0,0,0,0,2,0,0,0,0,0,61,0,0,0,0,0,0,0,0,0,0,0,39,101,100,103,100,1,252,90,67,0,1605,1122,LSkill0396,Divine Lightening,You  can attack enemies around you with powerful Lightening decreasing their defence power
skill_397,397,Divine Lightening,392,7,57,1,6,2300,5,450,150,0,23,0,15,0,1,0,75,19,2,17,54,0,0,11.1,0,21,0,31,0,0,0,0,2,0,0,0,0,0,0,0,0,0,0,0,0,0,0,0,0,0,39,101,100,103,100,1,252,90,67,0,1605,1122,LSkill0396,Divine Lightening,You  can attack enemies around you with powerful Lightening decreasing their defence power
skill_398,398,Divine Lightening,392,8,70,1,6,2350,5,500,160,0,23,0,15,0,1,0,76,20,2,17,57,0,0,11.3,0,21,0,32,0,0,0,0,2,0,0,0,0,0,0,0,0,0,0,0,0,0,0,0,0,0,39,101,100,103,100,1,252,90,67,0,1605,1122,LSkill0396,Divine Lightening,You  can attack enemies around you with powerful Lightening decreasing their defence power
skill_399,399,Divine Lightening,392,9,86,1,6,2400,5,600,170,0,23,0,15,0,1,0,80,30,2,17,60,0,0,11.5,0,21,0,33,0,0,0,0,2,0,0,0,0,0,0,0,0,0,0,0,0,0,0,0,0,0,39,101,100,103,100,1,252,90,67,0,1605,1122,LSkill0396,Divine Lightening,You  can attack enemies around you with powerful Lightening decreasing their defence power
skill_401,401,Spin Attack,401,1,20,1,17,0,5,700,80,1,0,0,0,0,0,0,0,0,1,17,50,0,0,15.9,0,0,0,0,0,0,0,0,2,211,212,221,222,223,41,0,291,6,0,0,0,0,0,0,0,0,40,115,100,171,100,1,0,0,139,0,0,1121,LSkill0401,Spin Attack,"By using two-hand weapon, you can make spin attack. You can damage enemies around you"
skill_402,402,Spin Attack,401,2,24,1,17,0,5,700,90,1,0,0,0,0,0,0,0,0,1,17,54,0,0,16.3,0,0,0,0,0,0,0,0,2,211,212,221,222,223,0,0,291,7,0,0,0,0,0,0,0,0,40,115,100,171,100,1,0,0,139,0,0,1121,LSkill0401,Spin Attack,"By using two-hand weapon, you can make spin attack. You can damage enemies around you"
skill_403,403,Spin Attack,401,3,29,1,17,0,5,700,100,1,0,0,0,0,0,0,0,0,1,17,58,0,0,16.7,0,0,0,0,0,0,0,0,2,211,212,221,222,223,0,0,291,8,0,0,0,0,0,0,0,0,40,115,100,171,100,1,0,0,139,0,0,1121,LSkill0401,Spin Attack,"By using two-hand weapon, you can make spin attack. You can damage enemies around you"
skill_404,404,Spin Attack,401,4,35,1,17,0,5,700,110,1,0,0,0,0,0,0,0,0,1,17,62,0,0,17.1,0,0,0,0,0,0,0,0,2,211,212,221,222,223,0,0,291,9,0,0,0,0,0,0,0,0,40,115,100,171,100,1,0,0,139,0,0,1121,LSkill0401,Spin Attack,"By using two-hand weapon, you can make spin attack. You can damage enemies around you"
skill_405,405,Spin Attack,401,5,42,1,17,0,5,700,120,1,0,0,0,0,0,0,0,0,1,17,66,0,0,17.5,0,0,0,0,0,0,0,0,2,211,212,221,222,223,0,0,291,10,0,0,0,0,0,0,0,0,40,115,100,171,100,1,0,0,139,0,0,1121,LSkill0401,Spin Attack,"By using two-hand weapon, you can make spin attack. You can damage enemies around you"
skill_406,406,Twist Attack,401,6,51,1,17,0,5,900,135,1,0,0,0,0,0,0,0,0,1,17,72,0,0,17.9,0,0,0,0,0,0,0,0,2,211,212,221,222,223,62,0,0,0,0,0,0,0,0,0,0,0,40,115,100,172,100,1,0,0,139,0,0,1121,LSkill0406,Twist Attack,By making twist attack with two-hand weapon you can damage enemies around you
skill_407,407,Twist Attack,401,7,62,1,17,0,5,900,150,1,0,0,0,0,0,0,0,0,1,17,78,0,0,18.3,0,0,0,0,0,0,0,0,2,211,212,221,222,223,0,0,0,0,0,0,0,0,0,0,0,0,40,115,100,172,100,1,0,0,139,0,0,1121,LSkill0406,Twist Attack,By making twist attack with two-hand weapon you can damage enemies around you
skill_408,408,Twist Attack,401,8,75,1,17,0,5,950,165,1,0,0,0,0,0,0,0,0,1,17,84,0,0,18.7,0,0,0,0,0,0,0,0,2,211,212,221,222,223,0,0,0,0,0,0,0,0,0,0,0,0,40,115,100,172,100,1,0,0,139,0,0,1121,LSkill0406,Twist Attack,By making twist attack with two-hand weapon you can damage enemies around you
skill_409,409,Twist Attack,401,9,91,1,17,0,5,950,180,1,27,0,19,0,1,0,50,0,1,17,90,0,0,19.1,0,0,0,0,0,0,0,0,2,211,212,221,222,223,0,0,0,0,0,0,0,0,0,0,0,0,40,115,100,172,100,1,0,0,139,0,0,1121,LSkill0406,Twist Attack,By making twist attack with two-hand weapon you can damage enemies around you
skill_410,410,Twist Attack,401,10,110,1,17,0,5,1000,200,1,27,0,19,0,1,0,70,20,1,17,100,0,0,19.5,0,26,0,35,0,0,0,0,2,211,212,221,222,223,0,0,0,0,0,0,0,0,0,0,0,0,40,115,100,172,100,1,0,0,139,0,0,1121,LSkill0406,Twist Attack,By making twist attack with two-hand weapon you can damage enemies around you
skill_411,411,Taunt,411,1,15,1,9,1600,10,0,0,1,56,0,34,0,1,0,60,15,2,17,20,0,0,5.9,0,0,0,0,0,0,0,0,2,0,0,0,0,0,41,0,251,5,0,0,0,0,0,0,0,0,62,113,160,103,100,1,251,90,67,0,1603,1121,LSkill0411,Taunt,You make monster angry and make it attack you only.
skill_412,412,Taunt,411,2,20,1,9,2000,10,0,0,1,56,0,34,0,1,0,75,22,2,17,24,0,0,5.1,0,0,0,0,0,0,0,0,2,0,0,0,0,0,0,0,251,7,0,0,0,0,0,0,0,0,62,113,160,103,100,1,251,90,67,0,1603,1121,LSkill0411,Taunt,You make monster angry and make it attack you only.
skill_413,413,Taunt,411,3,25,1,9,2500,10,0,0,1,56,0,34,0,1,0,99,25,2,17,28,0,0,4.5,0,0,0,0,0,0,0,0,2,0,0,0,0,0,0,0,251,10,0,0,0,0,0,0,0,0,62,113,160,103,100,1,251,90,67,0,1603,1121,LSkill0411,Taunt,You make monster angry and make it attack you only.
skill_415,415,Provoke,415,1,40,1,17,0,5,700,0,1,56,0,34,0,1,0,90,4,0,17,50,0,0,29.9,10,0,0,0,0,0,0,0,2,211,212,221,222,223,61,0,411,3,260,10,0,0,31,200,0,0,260,113,100,176,100,1,0,0,86,0,1753,1035,LSkill0415,Provoke,Make surrounding monsters angry so that they will attack you.
skill_416,416,Provoke,415,2,42,1,17,0,5,900,0,1,56,0,34,0,1,0,100,5,0,17,50,0,0,29.9,10,0,0,0,0,0,0,0,2,211,212,221,222,223,61,0,0,0,0,0,0,0,31,202,0,0,260,113,100,176,100,1,0,0,86,0,1753,1035,LSkill0415,Provoke,Make surrounding monsters angry so that they will attack you.
skill_417,417,Provoke,415,3,44,1,17,0,5,1100,0,1,56,0,34,0,1,0,110,6,0,17,50,0,0,29.9,10,0,0,0,0,0,0,0,2,211,212,221,222,223,61,0,0,0,0,0,0,0,31,204,0,0,260,113,100,176,100,1,0,0,86,0,1753,1035,LSkill0415,Provoke,Make surrounding monsters angry so that they will attack you.
skill_418,418,Provoke,415,4,46,1,17,0,5,1300,0,1,56,0,34,0,1,0,120,7,0,17,50,0,0,29.9,10,0,0,0,0,0,0,0,2,211,212,221,222,223,61,0,0,0,0,0,0,0,31,206,0,0,260,113,100,176,100,1,0,0,86,0,1753,1035,LSkill0415,Provoke,Make surrounding monsters angry so that they will attack you.
skill_419,419,Provoke,415,5,48,1,17,0,5,1500,0,1,56,0,34,0,1,0,130,8,0,17,50,0,0,29.9,10,0,0,0,0,0,0,0,2,211,212,221,222,223,61,0,0,0,0,0,0,0,31,208,0,0,260,113,100,176,100,1,0,0,86,0,1753,1035,LSkill0415,Provoke,Make surrounding monsters angry so that they will attack you.
skill_421,421,Endure,421,1,10,1,8,0,0,0,0,0,20,60,12,7,0,2,0,60,0,17,30,0,0,5.9,0,19,50,0,23,200,0,0,2,211,212,0,0,0,41,0,251,6,0,0,0,0,0,0,0,0,36,112,100,151,100,0,221,90,0,0,1752,1501,LSkill0421,Endure,You can greatly improve defense power temporarily. But your moving speed would be decreased.
skill_422,422,Endure,421,2,12,1,8,0,0,0,0,0,20,60,12,7,0,2,0,60,0,17,33,0,0,5.9,0,19,60,0,23,190,0,0,2,211,212,0,0,0,0,0,251,7,0,0,0,0,0,0,0,0,36,112,100,151,100,0,221,90,0,0,1752,1501,LSkill0421,Endure,You can greatly improve defense power temporarily. But your moving speed would be decreased.
skill_423,423,Endure,421,3,15,1,8,0,0,0,0,0,20,60,12,7,0,2,0,60,0,17,36,0,0,5.9,0,19,70,0,23,180,0,0,2,211,212,0,0,0,0,0,251,8,0,0,0,0,0,0,0,0,36,112,100,151,100,0,221,90,0,0,1752,1501,LSkill0421,Endure,You can greatly improve defense power temporarily. But your moving speed would be decreased.
skill_424,424,Endure,421,4,18,1,8,0,0,0,0,0,20,60,12,7,0,2,0,60,0,17,39,0,0,5.9,0,19,80,0,23,170,0,0,2,211,212,0,0,0,0,0,251,9,0,0,0,0,0,0,0,0,36,112,100,151,100,0,221,90,0,0,1752,1501,LSkill0421,Endure,You can greatly improve defense power temporarily. But your moving speed would be decreased.
skill_425,425,Endure,421,5,22,1,8,0,0,0,0,0,20,60,12,7,0,2,0,60,0,17,42,0,0,5.9,0,19,90,0,23,160,0,0,2,211,212,0,0,0,0,0,251,10,0,0,0,0,0,0,0,0,36,112,100,151,100,0,221,90,0,0,1752,1501,LSkill0421,Endure,You can greatly improve defense power temporarily. But your moving speed would be decreased.
skill_426,426,Endure,421,6,26,1,8,0,0,0,0,0,20,60,12,7,0,2,0,60,0,17,45,0,0,5.9,0,19,100,0,23,150,0,0,2,211,212,0,0,0,61,0,251,11,0,0,0,0,0,0,0,0,36,112,100,151,100,0,221,90,0,0,1752,1501,LSkill0421,Endure,You can greatly improve defense power temporarily. But your moving speed would be decreased.
skill_427,427,Endure,421,7,32,1,8,0,0,0,0,0,20,60,12,7,0,2,0,60,0,17,48,0,0,5.9,0,19,115,0,23,145,0,0,2,211,212,0,0,0,0,0,251,13,0,0,0,0,0,0,0,0,36,112,100,151,100,0,221,90,0,0,1752,1501,LSkill0421,Endure,You can greatly improve defense power temporarily. But your moving speed would be decreased.
skill_428,428,Endure,421,8,39,1,8,0,0,0,0,0,20,60,12,7,0,2,0,60,0,17,51,0,0,5.9,0,19,130,0,23,140,0,0,2,11,212,0,0,0,0,0,251,15,0,0,0,0,0,0,0,0,36,112,100,151,100,0,221,90,0,0,1752,1501,LSkill0421,Endure,You can greatly improve defense power temporarily. But your moving speed would be decreased.
skill_429,429,Endure,421,9,48,1,8,0,0,0,0,0,20,60,12,7,0,2,0,60,0,17,54,0,0,5.9,0,19,145,0,23,135,0,0,2,211,212,0,0,0,0,0,251,17,0,0,0,0,0,0,0,0,36,112,100,151,100,0,221,90,0,0,1752,1501,LSkill0421,Endure,You can greatly improve defense power temporarily. But your moving speed would be decreased.
skill_430,430,Endure,421,10,59,1,8,0,0,0,0,0,20,60,12,7,0,2,0,60,0,17,57,0,0,5.9,0,19,160,0,23,130,0,0,2,211,212,0,0,0,0,0,251,19,0,0,0,0,0,0,0,0,36,112,100,151,100,0,221,90,0,0,1752,1501,LSkill0421,Endure,You can greatly improve defense power temporarily. But your moving speed would be decreased.
skill_432,432,Sword Dance,432,1,50,1,17,0,5,500,260,1,30,0,22,0,1,0,40,2,1,17,200,0,0,119.9,11,0,0,0,0,0,0,0,2,211,212,0,0,0,61,0,260,10,201,1,0,0,31,200,0,0,261,115,100,212,100,1,0,0,1555,0,0,1121,LSkill0432,Sword Dance,Silence surrounding enemies with a shocking dance of swirreling blades.
skill_433,433,Sword Dance,432,2,52,1,17,0,5,600,270,1,30,0,22,0,1,0,50,3,1,17,200,0,0,119.9,11,0,0,0,0,0,0,0,2,211,212,0,0,0,61,0,0,0,0,0,0,0,31,202,0,0,261,115,100,212,100,1,0,0,1555,0,0,1121,LSkill0432,Sword Dance,Silence surrounding enemies with a shocking dance of swirreling blades.
skill_434,434,Sword Dance,432,3,54,1,17,0,5,700,280,1,30,0,22,0,1,0,60,4,1,17,200,0,0,119.9,11,0,0,0,0,0,0,0,2,211,212,0,0,0,61,0,0,0,0,0,0,0,31,204,0,0,261,115,100,212,100,1,0,0,1555,0,0,1121,LSkill0432,Sword Dance,Silence surrounding enemies with a shocking dance of swirreling blades.
skill_435,435,Sword Dance,432,4,56,1,17,0,5,800,290,1,30,0,22,0,1,0,70,5,1,17,200,0,0,119.9,11,0,0,0,0,0,0,0,2,211,212,0,0,0,61,0,0,0,0,0,0,0,31,206,0,0,261,115,100,212,100,1,0,0,1555,0,0,1121,LSkill0432,Sword Dance,Silence surrounding enemies with a shocking dance of swirreling blades.
skill_436,436,Sword Dance,432,5,58,1,17,0,5,900,300,1,30,0,22,0,1,0,80,6,1,17,200,0,0,119.9,11,0,0,0,0,0,0,0,2,211,212,0,0,0,61,0,0,0,0,0,0,0,31,208,0,0,261,115,100,212,100,1,0,0,1555,0,0,1121,LSkill0432,Sword Dance,Silence surrounding enemies with a shocking dance of swirreling blades.
skill_438,438,Shield Bash,438,1,28,1,3,0,5,0,140,1,31,0,23,0,1,0,60,2,1,17,90,0,0,24.9,0,0,0,0,0,0,0,0,2,0,0,0,0,0,61,0,260,10,0,0,0,0,31,200,0,0,262,111,120,179,120,2,0,0,1251,0,215,1614,LSkill0438,Shield Bash,Knock your enemies unconscious by hitting them with your shield.
skill_439,439,Shield Bash,438,2,30,1,3,0,5,0,160,1,31,0,23,0,1,0,70,2,1,17,100,0,0,24.3,0,0,0,0,0,0,0,0,2,0,0,0,0,0,61,0,0,0,0,0,0,0,31,202,0,0,262,111,120,179,120,2,0,0,1251,0,215,1614,LSkill0438,Shield Bash,Knock your enemies unconscious by hitting them with your shield.
skill_440,440,Shield Bash,438,3,32,1,3,0,5,0,165,1,31,0,23,0,1,0,80,2,1,17,110,0,0,23.7,0,0,0,0,0,0,0,0,2,0,0,0,0,0,61,0,0,0,0,0,0,0,31,204,0,0,262,111,120,179,120,2,0,0,1251,0,215,1614,LSkill0438,Shield Bash,Knock your enemies unconscious by hitting them with your shield.
skill_441,441,Shield Bash,438,4,34,1,3,0,5,0,180,1,31,0,23,0,1,0,90,2,1,17,120,0,0,23.1,0,0,0,0,0,0,0,0,2,0,0,0,0,0,61,0,0,0,0,0,0,0,31,206,0,0,262,111,120,179,120,2,0,0,1251,0,215,1614,LSkill0438,Shield Bash,Knock your enemies unconscious by hitting them with your shield.
skill_442,442,Shield Bash,438,5,36,1,3,0,5,0,200,1,31,0,23,0,1,0,0,2,1,17,130,0,0,22.5,0,0,0,0,0,0,0,0,2,0,0,0,0,0,61,0,0,0,0,0,0,0,31,208,0,0,262,111,120,179,120,2,0,0,1251,0,215,1614,LSkill0438,Shield Bash,Knock your enemies unconscious by hitting them with your shield.
skill_444,444,Seismic Raid Impact,444,1,46,1,17,0,5,800,200,1,55,15,33,7,1,1,0,5,1,17,85,0,0,21.9,12,0,0,0,23,0,63,0,2,211,212,0,0,0,61,0,260,10,201,1,0,0,31,200,0,0,263,15,100,173,100,1,0,0,139,0,1386,1121,LSkill0444,Seismic Raid Impact,"Send a powerful wave of energy into the ground, damaging surrounding enemies."
skill_445,445,Seismic Raid Impact,444,2,48,1,17,0,5,810,220,1,55,15,33,7,1,1,0,5,1,17,85,0,0,21.9,12,0,0,0,23,0,66,0,2,211,212,0,0,0,61,0,0,0,0,0,0,0,31,202,0,0,263,15,100,173,100,1,0,0,139,0,1386,1121,LSkill0444,Seismic Raid Impact,"Send a powerful wave of energy into the ground, damaging surrounding enemies."
skill_446,446,Seismic Raid Impact,444,3,50,1,17,0,5,820,240,1,55,15,33,7,1,1,0,5,1,17,85,0,0,21.9,12,0,0,0,23,0,69,0,2,211,212,0,0,0,61,0,0,0,0,0,0,0,31,204,0,0,263,15,100,173,100,1,0,0,139,0,1386,1121,LSkill0444,Seismic Raid Impact,"Send a powerful wave of energy into the ground, damaging surrounding enemies."
skill_447,447,Seismic Raid Impact,444,4,52,1,17,0,5,830,260,1,55,15,33,7,1,1,0,5,1,17,85,0,0,21.9,12,0,0,0,23,0,72,0,2,211,212,0,0,0,61,0,0,0,0,0,0,0,31,206,0,0,263,15,100,173,100,1,0,0,139,0,1386,1121,LSkill0444,Seismic Raid Impact,"Send a powerful wave of energy into the ground, damaging surrounding enemies."
skill_448,448,Seismic Raid Impact,444,5,54,1,17,0,5,840,280,1,55,15,33,7,1,1,0,5,1,17,85,0,0,21.9,12,0,0,0,23,0,75,0,2,211,212,0,0,0,61,0,0,0,0,0,0,0,31,208,0,0,263,15,100,173,100,1,0,0,139,0,1386,1388,LSkill0444,Seismic Raid Impact,"Send a powerful wave of energy into the ground, damaging surrounding enemies."
skill_450,450,Beam Blade,450,1,65,1,6,2000,5,0,150,1,31,0,23,0,1,0,60,5,1,17,55,0,0,7.9,0,0,0,0,0,0,0,0,1,211,212,221,222,223,62,0,260,10,201,1,0,0,31,200,0,0,264,129,120,94,100,1,261,1205,165,0,1041,1040,LSkill0450,Beam Blade,Fire a spiritual aura emitted from your weapon at the enemy.
skill_451,451,Beam Blade,450,2,75,1,6,2000,5,0,160,1,31,0,23,0,1,0,70,5,1,17,58,0,0,8.1,0,0,0,0,0,0,0,0,1,211,212,221,222,223,62,0,0,0,0,0,0,0,31,202,0,0,264,129,124,94,100,1,261,1205,165,0,1041,1040,LSkill0450,Beam Blade,Fire a spiritual aura emitted from your weapon at the enemy.
skill_452,452,Beam Blade,450,3,87,1,6,2000,5,0,170,1,31,0,23,0,1,0,80,5,1,17,61,0,0,8.3,0,0,0,0,0,0,0,0,1,211,212,221,222,223,62,0,0,0,0,0,0,0,31,204,0,0,264,129,128,94,100,1,261,1205,165,0,1041,1040,LSkill0450,Beam Blade,Fire a spiritual aura emitted from your weapon at the enemy.
skill_453,453,Beam Blade,450,4,100,1,6,2000,5,0,180,1,31,0,23,0,1,0,90,5,1,17,64,0,0,8.5,0,0,0,0,0,0,0,0,1,211,212,221,222,223,62,0,0,0,0,0,0,0,31,206,0,0,264,129,132,94,100,1,261,1205,165,0,1041,1040,LSkill0450,Beam Blade,Fire a spiritual aura emitted from your weapon at the enemy.
skill_454,454,Beam Blade,450,5,115,1,6,2000,5,0,200,1,31,0,23,0,1,0,0,5,1,17,70,0,0,8.7,0,0,0,0,0,0,0,0,1,211,212,221,222,223,62,0,0,0,0,0,0,0,31,208,0,0,264,129,136,94,100,1,261,1205,165,0,1041,1040,LSkill0450,Beam Blade,Fire a spiritual aura emitted from your weapon at the enemy.
skill_456,456,Stormy Wrath,456,1,30,1,17,0,5,300,150,1,55,0,33,0,1,0,0,0,1,17,40,0,0,19.9,4,0,0,0,0,0,0,0,2,211,212,221,222,223,62,0,260,10,201,1,0,0,31,200,0,0,265,15,100,171,100,1,0,0,139,0,2016,1121,LSkill0456,Stormy Wrath,Call upon the power of storm to damage surrounding enemies.
skill_457,457,Stormy Wrath,456,2,32,1,17,0,5,350,190,1,55,0,33,0,1,0,0,0,1,17,43,0,0,18.9,4,0,0,0,0,0,0,0,2,211,212,221,222,223,62,0,260,10,201,1,0,0,31,202,0,0,265,15,100,171,100,1,0,0,139,0,2016,1121,LSkill0456,Stormy Wrath,Call upon the power of storm to damage surrounding enemies.
skill_458,458,Stormy Wrath,456,3,34,1,17,0,5,400,230,1,55,0,33,0,1,0,0,0,1,17,46,0,0,17.9,4,0,0,0,0,0,0,0,2,211,212,221,222,223,62,0,260,10,201,1,0,0,31,204,0,0,265,15,100,171,100,1,0,0,139,0,2016,1121,LSkill0456,Stormy Wrath,Call upon the power of storm to damage surrounding enemies.
skill_459,459,Stormy Wrath,456,4,36,1,17,0,5,450,270,1,55,0,33,0,1,0,0,0,1,17,49,0,0,16.9,4,0,0,0,0,0,0,0,2,211,212,221,222,223,62,0,260,10,201,1,0,0,31,206,0,0,265,15,100,171,100,1,0,0,139,0,2016,1121,LSkill0456,Stormy Wrath,Call upon the power of storm to damage surrounding enemies.
skill_460,460,Stormy Wrath,456,5,38,1,17,0,5,500,310,1,55,0,33,0,1,0,0,0,1,17,52,0,0,15.9,4,0,0,0,0,0,0,0,2,211,212,221,222,223,62,0,260,10,201,1,0,0,31,208,0,0,265,15,100,171,100,1,0,0,139,0,2016,1121,LSkill0456,Stormy Wrath,Call upon the power of storm to damage surrounding enemies.
skill_462,462,Banisher,462,1,50,1,6,1300,5,0,600,1,32,0,24,0,1,0,60,2,2,17,250,0,0,39.9,11,0,0,0,0,0,0,0,2,221,222,223,0,0,62,0,260,10,201,1,0,0,31,200,0,0,266,101,100,103,100,1,252,90,67,0,1605,1122,LSkill0462,Banisher,Find hidden energy within and release it upon your enemy.
skill_463,463,Banisher,462,2,52,1,6,1350,5,0,650,1,32,0,24,0,1,0,70,2,2,17,271,0,0,39.9,11,0,0,0,0,0,0,0,2,221,222,223,0,0,62,0,0,0,0,0,0,0,31,202,0,0,266,101,100,103,100,1,252,90,67,0,1605,1122,LSkill0462,Banisher,Find hidden energy within and release it upon your enemy.
skill_464,464,Banisher,462,3,54,1,6,1400,5,0,700,1,32,0,24,0,1,0,80,2,2,17,292,0,0,39.9,11,0,0,0,0,0,0,0,2,221,222,223,0,0,62,0,0,0,0,0,0,0,31,204,0,0,266,101,100,103,100,1,252,90,67,0,1605,1122,LSkill0462,Banisher,Find hidden energy within and release it upon your enemy.
skill_465,465,Banisher,462,4,56,1,6,1450,5,0,750,1,32,0,24,0,1,0,90,2,2,17,313,0,0,39.9,11,0,0,0,0,0,0,0,2,221,222,223,0,0,62,0,0,0,0,0,0,0,31,206,0,0,266,101,100,103,100,1,252,90,67,0,1605,1122,LSkill0462,Banisher,Find hidden energy within and release it upon your enemy.
skill_466,466,Banisher,462,5,58,1,6,1500,5,0,800,1,32,0,24,0,1,0,99,2,2,17,334,0,0,39.9,11,0,0,0,0,0,0,0,2,221,222,223,0,0,62,0,0,0,0,0,0,0,31,208,0,0,266,101,100,103,100,1,263,90,1255,0,1802,1385,LSkill0462,Banisher,Find hidden energy within and release it upon your enemy.
skill_471,471,Taunt Shot,471,1,12,1,3,0,5,0,30,1,56,0,34,0,1,0,70,16,1,17,16,0,0,6.9,0,0,0,0,0,0,0,0,1,271,0,0,0,0,41,0,271,3,0,0,0,0,0,0,0,0,200,95,100,97,110,1,271,148,67,0,1068,1067,LSkill0471,Taunt Shot,You can damage monster making it angry.
skill_472,472,Taunt Shot,471,2,15,1,3,0,5,0,36,1,56,0,34,0,1,0,72,18,1,17,19,0,0,6.9,0,0,0,0,0,0,0,0,1,271,0,0,0,0,0,0,271,4,0,0,0,0,0,0,0,0,200,95,100,97,110,1,271,148,67,0,1068,1067,LSkill0471,Taunt Shot,You can damage monster making it angry.
skill_473,473,Taunt Shot,471,3,18,1,3,0,5,0,43,1,56,0,34,0,1,0,74,20,1,17,22,0,0,6.9,0,0,0,0,0,0,0,0,1,271,0,0,0,0,0,0,271,5,0,0,0,0,0,0,0,0,200,95,100,97,110,1,271,148,67,0,1068,1067,LSkill0471,Taunt Shot,You can damage monster making it angry.
skill_474,474,Taunt Shot,471,4,22,1,3,0,5,0,51,1,56,0,34,0,1,0,76,22,1,17,25,0,0,6.9,0,0,0,0,0,0,0,0,1,271,0,0,0,0,0,0,271,6,0,0,0,0,0,0,0,0,200,95,100,97,110,1,271,148,67,0,1068,1067,LSkill0471,Taunt Shot,You can damage monster making it angry.
skill_475,475,Taunt Shot,471,5,26,1,3,0,5,0,60,1,56,0,34,0,1,0,78,24,1,17,28,0,0,6.9,0,0,0,0,0,0,0,0,1,271,0,0,0,0,0,0,271,7,0,0,0,0,0,0,0,0,200,95,100,97,110,1,271,148,67,0,1068,1067,LSkill0471,Taunt Shot,You can damage monster making it angry.
skill_476,476,Taunt Shot,471,6,31,1,3,0,5,0,70,1,56,0,34,0,1,0,80,25,1,17,31,0,0,6.9,0,0,0,0,0,0,0,0,1,271,0,0,0,0,0,0,271,8,0,0,0,0,0,0,0,0,200,95,100,97,110,1,271,148,67,0,1068,1067,LSkill0471,Taunt Shot,You can damage monster making it angry.
skill_477,477,Taunt Shot,471,7,37,1,3,0,5,0,81,1,56,0,34,0,1,0,82,26,1,17,34,0,0,6.9,0,0,0,0,0,0,0,0,1,271,0,0,0,0,0,0,271,9,0,0,0,0,0,0,0,0,200,95,100,97,110,1,271,148,67,0,1068,1067,LSkill0471,Taunt Shot,You can damage monster making it angry.
skill_478,478,Taunt Shot,471,8,44,1,3,0,5,0,93,1,56,0,34,0,1,0,84,27,1,17,37,0,0,6.9,0,0,0,0,0,0,0,0,1,271,0,0,0,0,0,0,271,10,0,0,0,0,0,0,0,0,200,95,100,97,110,1,271,148,67,0,1068,1067,LSkill0471,Taunt Shot,You can damage monster making it angry.
skill_479,479,Taunt Shot,471,9,52,1,3,0,5,0,106,1,56,0,34,0,1,0,86,28,1,17,40,0,0,6.9,0,0,0,0,0,0,0,0,1,271,0,0,0,0,0,0,0,0,0,0,0,0,0,0,0,0,200,95,100,97,110,1,271,148,67,0,1068,1067,LSkill0471,Taunt Shot,You can damage monster making it angry.
skill_480,480,Taunt Shot,471,10,61,1,3,0,5,0,120,1,56,0,34,0,1,0,95,30,1,17,45,0,0,6.9,0,0,0,0,0,0,0,0,1,271,0,0,0,0,0,0,0,0,0,0,0,0,0,0,0,0,200,95,100,97,110,1,271,148,67,0,1068,1067,LSkill0471,Taunt Shot,You can damage monster making it angry.
skill_481,481,Heavy Bow Shot,481,1,10,1,3,0,5,0,60,1,0,0,0,0,0,0,0,0,1,17,20,0,0,7.9,0,0,0,0,0,0,0,0,1,271,0,0,0,0,41,0,271,1,0,0,0,0,0,0,0,0,58,95,100,97,110,1,271,148,67,0,1068,1067,LSkill0481,Heavy Bow Shot,"By gathering energy when you are ready for bow shotting, you can hit hard enemy"
skill_482,482,Heavy Bow Shot,481,2,13,1,3,0,5,0,70,1,0,0,0,0,0,0,0,0,1,17,24,0,0,8.1,0,0,0,0,0,0,0,0,1,271,0,0,0,0,0,0,271,2,0,0,0,0,0,0,0,0,58,95,100,97,110,1,271,148,67,0,1068,1067,LSkill0481,Heavy Bow Shot,"By gathering energy when you are ready for bow shotting, you can hit hard enemy"
skill_483,483,Heavy Bow Shot,481,3,16,1,3,0,5,0,80,1,0,0,0,0,0,0,0,0,1,17,28,0,0,8.3,0,0,0,0,0,0,0,0,1,271,0,0,0,0,0,0,271,3,0,0,0,0,0,0,0,0,58,95,100,97,110,1,271,148,67,0,1068,1067,LSkill0481,Heavy Bow Shot,"By gathering energy when you are ready for bow shotting, you can hit hard enemy"
skill_484,484,Heavy Bow Shot,481,4,20,1,3,0,5,0,90,1,0,0,0,0,0,0,0,0,1,17,32,0,0,8.5,0,0,0,0,0,0,0,0,1,271,0,0,0,0,0,0,271,4,0,0,0,0,0,0,0,0,58,95,100,97,110,1,271,148,67,0,1068,1067,LSkill0481,Heavy Bow Shot,"By gathering energy when you are ready for bow shotting, you can hit hard enemy"
skill_485,485,Heavy Bow Shot,481,5,25,1,3,0,5,0,100,1,0,0,0,0,0,0,0,0,1,17,36,0,0,8.7,0,0,0,0,0,0,0,0,1,271,0,0,0,0,0,0,271,5,0,0,0,0,0,0,0,0,58,95,100,97,110,1,271,148,67,0,1068,1067,LSkill0481,Heavy Bow Shot,"By gathering energy when you are ready for bow shotting, you can hit hard enemy"
skill_486,486,Heavy Bow Shot,481,6,31,1,3,0,5,0,110,1,0,0,0,0,0,0,0,0,1,17,40,0,0,8.9,0,0,0,0,0,0,0,0,1,271,0,0,0,0,0,0,271,6,0,0,0,0,0,0,0,0,58,95,100,97,110,1,271,148,67,0,1068,1067,LSkill0481,Heavy Bow Shot,"By gathering energy when you are ready for bow shotting, you can hit hard enemy"
skill_487,487,Heavy Bow Shot,481,7,38,1,3,0,5,0,120,1,0,0,0,0,0,0,0,0,1,17,44,0,0,9.1,0,0,0,0,0,0,0,0,1,271,0,0,0,0,0,0,271,7,0,0,0,0,0,0,0,0,58,95,100,97,110,1,271,148,67,0,1068,1067,LSkill0481,Heavy Bow Shot,"By gathering energy when you are ready for bow shotting, you can hit hard enemy"
skill_488,488,Heavy Bow Shot,481,8,46,1,3,0,5,0,130,1,0,0,0,0,0,0,0,0,1,17,48,0,0,9.3,0,0,0,0,0,0,0,0,1,271,0,0,0,0,0,0,271,8,0,0,0,0,0,0,0,0,58,95,100,97,110,1,271,148,67,0,1068,1067,LSkill0481,Heavy Bow Shot,"By gathering energy when you are ready for bow shotting, you can hit hard enemy"
skill_489,489,Heavy Bow Shot,481,9,55,1,3,0,5,0,140,1,0,0,0,0,0,0,0,0,1,17,52,0,0,9.5,0,0,0,0,0,0,0,0,1,271,0,0,0,0,0,0,271,9,0,0,0,0,0,0,0,0,58,95,100,97,110,1,271,148,67,0,1068,1067,LSkill0481,Heavy Bow Shot,"By gathering energy when you are ready for bow shotting, you can hit hard enemy"
skill_490,490,Heavy Bow Shot,481,10,66,1,3,0,5,0,160,1,0,0,0,0,0,0,0,0,1,17,60,0,0,9.7,0,0,0,0,0,0,0,0,1,271,0,0,0,0,0,0,271,10,0,0,0,0,0,0,0,0,58,95,100,97,110,1,271,148,67,0,1068,1067,LSkill0481,Heavy Bow Shot,"By gathering energy when you are ready for bow shotting, you can hit hard enemy"
skill_491,491,Slow Shot,491,1,15,1,6,0,5,0,50,1,15,0,7,0,1,0,70,16,1,17,20,0,0,8.3,0,23,0,40,0,0,0,0,1,271,0,0,0,0,61,0,271,5,0,0,0,0,0,0,0,0,115,95,100,97,100,1,271,148,67,0,1068,1067,LSkill0491,Slow Shot,You give damage to your tartet slowing its moving speed.
skill_492,492,Slow Shot,491,2,18,1,6,0,5,0,60,1,15,0,7,0,1,0,72,17,1,17,24,0,0,8.5,0,23,0,42,0,0,0,0,1,271,0,0,0,0,0,0,271,6,0,0,0,0,0,0,0,0,115,95,100,97,100,1,271,148,67,0,1068,1067,LSkill0491,Slow Shot,You give damage to your tartet slowing its moving speed.
skill_493,493,Slow Shot,491,3,22,1,6,0,5,0,70,1,15,0,7,0,1,0,74,18,1,17,28,0,0,8.7,0,23,0,44,0,0,0,0,1,271,0,0,0,0,0,0,271,7,0,0,0,0,0,0,0,0,115,95,100,97,100,1,271,148,67,0,1068,1067,LSkill0491,Slow Shot,You give damage to your tartet slowing its moving speed.
skill_494,494,Slow Shot,491,4,26,1,6,0,5,0,80,1,15,0,7,0,1,0,76,19,1,17,32,0,0,8.9,0,23,0,46,0,0,0,0,1,271,0,0,0,0,0,0,271,8,0,0,0,0,0,0,0,0,115,95,100,97,100,1,271,148,67,0,1068,1067,LSkill0491,Slow Shot,You give damage to your tartet slowing its moving speed.
skill_495,495,Slow Shot,491,5,31,1,6,0,5,0,90,1,15,0,7,0,1,0,78,20,1,17,36,0,0,9.1,0,23,0,48,0,0,0,0,1,271,0,0,0,0,0,0,271,9,0,0,0,0,0,0,0,0,115,95,100,97,100,1,271,148,67,0,1068,1067,LSkill0491,Slow Shot,You give damage to your tartet slowing its moving speed.
skill_496,496,Slow Shot,491,6,36,1,6,0,5,0,100,1,15,0,7,0,1,0,80,20,1,17,40,0,0,9.9,0,23,0,49,0,0,0,0,1,271,0,0,0,0,0,0,271,10,0,0,0,0,0,0,0,0,115,95,100,97,100,1,271,148,67,0,1068,1067,LSkill0491,Slow Shot,You give damage to your tartet slowing its moving speed.
skill_497,497,Slow Shot,491,7,42,1,6,0,5,0,110,1,15,0,7,0,1,0,82,20,1,17,44,0,0,10.3,0,23,0,50,0,0,0,0,1,271,0,0,0,0,0,0,0,0,0,0,0,0,0,0,0,0,115,95,100,97,100,1,271,148,67,0,1068,1067,LSkill0491,Slow Shot,You give damage to your tartet slowing its moving speed.
skill_498,498,Slow Shot,491,8,49,1,6,0,5,0,120,1,15,0,7,0,1,0,84,20,1,17,48,0,0,10.7,0,23,0,51,0,0,0,0,1,271,0,0,0,0,0,0,0,0,0,0,0,0,0,0,0,0,115,95,100,97,100,1,271,148,67,0,1068,1067,LSkill0491,Slow Shot,You give damage to your tartet slowing its moving speed.
skill_499,499,Slow Shot,491,9,57,1,6,0,5,0,130,1,15,0,7,0,1,0,86,20,1,17,52,0,0,11.1,0,23,0,52,0,0,0,0,1,271,0,0,0,0,0,0,0,0,0,0,0,0,0,0,0,0,115,95,100,97,100,1,271,148,67,0,1068,1067,LSkill0491,Slow Shot,You give damage to your tartet slowing its moving speed.
skill_500,500,Slow Shot,491,10,66,1,6,0,5,0,150,1,15,0,7,0,1,0,90,20,1,17,60,0,0,11.5,0,23,0,53,0,0,0,0,1,271,0,0,0,0,0,0,0,0,0,0,0,0,0,0,0,0,115,95,100,97,100,1,271,148,67,0,1068,1067,LSkill0491,Slow Shot,You give damage to your tartet slowing its moving speed.
skill_501,501,Range Bow Shot,501,1,15,1,6,3200,5,0,100,1,0,0,0,0,0,0,0,0,1,17,50,0,0,11.9,0,0,0,0,0,0,0,0,2,271,0,0,0,0,61,0,271,6,0,0,0,0,0,0,0,0,109,95,100,97,100,1,271,148,67,0,1068,1067,LSkill0501,Range Bow Shot,Making strong bow attack against enemy in a distance.
skill_502,502,Range Bow Shot,501,2,18,1,6,3250,5,0,115,1,0,0,0,0,0,0,0,0,1,17,55,0,0,12.3,0,0,0,0,0,0,0,0,2,271,0,0,0,0,0,0,271,7,0,0,0,0,0,0,0,0,109,95,100,97,100,1,271,148,67,0,1068,1067,LSkill0501,Range Bow Shot,Making strong bow attack against enemy in a distance.
skill_503,503,Range Bow Shot,501,3,22,1,6,3300,5,0,130,1,0,0,0,0,0,0,0,0,1,17,60,0,0,12.7,0,0,0,0,0,0,0,0,2,271,0,0,0,0,0,0,271,8,0,0,0,0,0,0,0,0,109,95,100,97,100,1,271,148,67,0,1068,1067,LSkill0501,Range Bow Shot,Making strong bow attack against enemy in a distance.
skill_504,504,Range Bow Shot,501,4,27,1,6,3350,5,0,145,1,0,0,0,0,0,0,0,0,1,17,65,0,0,13.1,0,0,0,0,0,0,0,0,2,271,0,0,0,0,0,0,271,9,0,0,0,0,0,0,0,0,109,95,100,97,100,1,271,148,67,0,1068,1067,LSkill0501,Range Bow Shot,Making strong bow attack against enemy in a distance.
skill_505,505,Range Bow Shot,501,5,32,1,6,3400,5,0,160,1,0,0,0,0,0,0,0,0,1,17,70,0,0,13.5,0,0,0,0,0,0,0,0,2,271,0,0,0,0,0,0,271,10,0,0,0,0,0,0,0,0,109,95,100,97,100,1,271,148,67,0,1068,1067,LSkill0501,Range Bow Shot,Making strong bow attack against enemy in a distance.
skill_506,506,Range Bow Shot,501,6,38,1,6,3420,5,0,175,1,0,0,0,0,0,0,0,0,1,17,75,0,0,13.9,0,0,0,0,0,0,0,0,2,271,0,0,0,0,0,0,0,0,0,0,0,0,0,0,0,0,109,95,100,97,100,1,271,148,67,0,1068,1067,LSkill0501,Range Bow Shot,Making strong bow attack against enemy in a distance.
skill_507,507,Range Bow Shot,501,7,45,1,6,3440,5,0,190,1,0,0,0,0,0,0,0,0,1,17,80,0,0,14.3,0,0,0,0,0,0,0,0,2,271,0,0,0,0,0,0,0,0,0,0,0,0,0,0,0,0,109,95,100,97,100,1,271,148,67,0,1068,1067,LSkill0501,Range Bow Shot,Making strong bow attack against enemy in a distance.
skill_508,508,Range Bow Shot,501,8,53,1,6,3460,5,0,205,1,0,0,0,0,0,0,0,0,1,17,85,0,0,14.7,0,0,0,0,0,0,0,0,2,271,0,0,0,0,0,0,0,0,0,0,0,0,0,0,0,0,109,95,100,97,100,1,271,148,67,0,1068,1067,LSkill0501,Range Bow Shot,Making strong bow attack against enemy in a distance.
skill_509,509,Range Bow Shot,501,9,62,1,6,3480,5,0,220,1,0,0,0,0,0,0,0,0,1,17,90,0,0,15.1,0,0,0,0,0,0,0,0,2,271,0,0,0,0,0,0,0,0,0,0,0,0,0,0,0,0,109,95,100,97,100,1,271,148,67,0,1068,1067,LSkill0501,Range Bow Shot,Making strong bow attack against enemy in a distance.
skill_510,510,Range Bow Shot,501,10,73,1,6,3500,5,0,250,1,0,0,0,0,0,0,0,0,1,17,100,0,0,15.5,0,0,0,0,0,0,0,0,2,271,0,0,0,0,0,0,0,0,0,0,0,0,0,0,0,0,109,95,100,97,100,1,271,148,67,0,1068,1067,LSkill0501,Range Bow Shot,Making strong bow attack against enemy in a distance.
skill_511,511,Impact Wave,511,1,35,1,17,0,5,700,120,1,0,0,0,0,0,0,0,0,1,17,70,0,0,13.9,0,0,0,0,0,0,0,0,2,211,212,221,222,223,61,0,341,10,0,0,0,0,0,0,0,0,47,115,100,173,100,1,0,0,139,0,0,1121,LSkill0511,Impact Wave,"By driving a sword in earth, you can damage several enemies."
skill_512,512,Impact Wave,511,2,41,1,17,0,5,700,132,1,0,0,0,0,0,0,0,0,1,17,75,0,0,14.5,0,0,0,0,0,0,0,0,2,211,212,221,222,223,0,0,0,0,0,0,0,0,0,0,0,0,47,115,100,173,100,1,0,0,139,0,0,1121,LSkill0511,Impact Wave,"By driving a sword in earth, you can damage several enemies."
skill_513,513,Impact Wave,511,3,48,1,17,0,5,700,144,1,0,0,0,0,0,0,0,0,1,17,80,0,0,15.1,0,0,0,0,0,0,0,0,2,211,212,221,222,223,0,0,0,0,0,0,0,0,0,0,0,0,47,115,100,173,100,1,0,0,139,0,0,1121,LSkill0511,Impact Wave,"By driving a sword in earth, you can damage several enemies."
skill_514,514,Impact Wave,511,4,56,1,17,0,5,700,156,1,0,0,0,0,0,0,0,0,1,17,85,0,0,15.7,0,0,0,0,0,0,0,0,2,211,212,221,222,223,0,0,0,0,0,0,0,0,0,0,0,0,47,115,100,173,100,1,0,0,139,0,0,1121,LSkill0511,Impact Wave,"By driving a sword in earth, you can damage several enemies."
skill_515,515,Impact Wave,511,5,65,1,17,0,5,700,168,1,0,0,0,0,0,0,0,0,1,17,90,0,0,16.3,0,0,0,0,0,0,0,0,2,211,212,221,222,223,0,0,0,0,0,0,0,0,0,0,0,0,47,115,100,173,100,1,0,0,139,0,0,1121,LSkill0511,Impact Wave,"By driving a sword in earth, you can damage several enemies."
skill_516,516,Impact Wave,511,6,75,1,17,0,5,700,180,1,0,0,0,0,0,0,0,0,1,17,95,0,0,16.9,0,0,0,0,0,0,0,0,2,211,212,221,222,223,0,0,0,0,0,0,0,0,0,0,0,0,47,115,100,173,100,1,0,0,139,0,0,1121,LSkill0511,Impact Wave,"By driving a sword in earth, you can damage several enemies."
skill_517,517,Impact Wave,511,7,87,1,17,0,5,700,192,1,0,0,0,0,0,0,0,0,1,17,100,0,0,17.5,0,0,0,0,0,0,0,0,2,211,212,221,222,223,0,0,0,0,0,0,0,0,0,0,0,0,47,115,100,173,100,1,0,0,139,0,0,1121,LSkill0511,Impact Wave,"By driving a sword in earth, you can damage several enemies."
skill_518,518,Impact Wave,511,8,100,1,17,0,5,700,204,1,0,0,0,0,0,0,0,0,1,17,105,0,0,18.1,0,0,0,0,0,0,0,0,2,211,212,221,222,223,0,0,0,0,0,0,0,0,0,0,0,0,47,115,100,173,100,1,0,0,139,0,0,1121,LSkill0511,Impact Wave,"By driving a sword in earth, you can damage several enemies."
skill_519,519,Impact Wave,511,9,115,1,17,0,5,700,300,1,0,0,0,0,0,0,0,0,1,17,110,0,0,18.7,0,0,0,0,0,0,0,0,2,211,212,221,222,223,0,0,0,0,0,0,0,0,0,0,0,0,47,115,100,173,100,1,0,0,139,0,0,1121,LSkill0511,Impact Wave,"By driving a sword in earth, you can damage several enemies."
skill_520,520,Impact Wave,511,10,132,1,17,0,5,800,350,1,0,0,0,0,0,0,0,0,1,17,120,0,0,19.3,0,0,0,0,0,0,0,0,2,211,212,221,222,223,0,0,0,0,0,0,0,0,0,0,0,0,47,115,100,173,100,1,0,0,139,0,0,1121,LSkill0511,Impact Wave,"By driving a sword in earth, you can damage several enemies."
skill_521,521,Lightning Crasher,521,1,30,1,3,0,5,0,120,1,32,0,24,0,1,0,50,4,1,17,50,0,0,7.9,0,0,0,0,0,0,0,0,1,211,212,221,222,223,61,0,301,10,0,0,0,0,0,0,0,0,48,111,160,177,100,1,0,0,141,0,1031,1067,LSkill0521,Lightning Crasher,"After making enemy defenceless for a while, you can make repeated attack against him"
skill_522,522,Lightning Crasher,521,2,35,1,3,0,5,0,135,1,32,0,24,0,1,0,52,4,1,17,54,0,0,8.1,0,0,0,0,0,0,0,0,1,211,212,221,222,223,0,0,0,0,0,0,0,0,0,0,0,0,48,111,170,177,100,1,0,0,141,0,1031,1067,LSkill0521,Lightning Crasher,"After making enemy defenceless for a while, you can make repeated attack against him"
skill_523,523,Lightning Crasher,521,3,41,1,3,0,5,0,150,1,32,0,24,0,1,0,54,4,1,17,58,0,0,8.3,0,0,0,0,0,0,0,0,1,211,212,221,222,223,0,0,0,0,0,0,0,0,0,0,0,0,48,111,180,177,100,1,0,0,141,0,1031,1067,LSkill0521,Lightning Crasher,"After making enemy defenceless for a while, you can make repeated attack against him"
skill_524,524,Lightning Crasher,521,4,48,1,3,0,5,0,165,1,32,0,24,0,1,0,56,4,1,17,62,0,0,8.5,0,0,0,0,0,0,0,0,1,211,212,221,222,223,0,0,0,0,0,0,0,0,0,0,0,0,48,111,190,177,100,1,0,0,141,0,1031,1067,LSkill0521,Lightning Crasher,"After making enemy defenceless for a while, you can make repeated attack against him"
skill_525,525,Lightning Crasher,521,5,56,1,3,0,5,0,180,1,32,0,24,0,1,0,58,4,1,17,66,0,0,8.7,0,0,0,0,0,0,0,0,1,211,212,221,222,223,0,0,0,0,0,0,0,0,0,0,0,0,48,111,200,177,100,1,0,0,141,0,1031,1067,LSkill0521,Lightning Crasher,"After making enemy defenceless for a while, you can make repeated attack against him"
skill_526,526,Lightning Crasher,521,6,65,1,3,0,5,0,195,1,32,0,24,0,1,0,60,5,1,17,70,0,0,8.9,0,0,0,0,0,0,0,0,1,211,212,221,222,223,0,0,0,0,0,0,0,0,0,0,0,0,48,111,210,177,100,1,0,0,141,0,1031,1067,LSkill0521,Lightning Crasher,"After making enemy defenceless for a while, you can make repeated attack against him"
skill_527,527,Lightning Crasher,521,7,75,1,3,0,5,0,210,1,32,0,24,0,1,0,62,5,1,17,74,0,0,9.1,0,0,0,0,0,0,0,0,1,211,212,221,222,223,0,0,0,0,0,0,0,0,0,0,0,0,48,111,220,177,100,1,0,0,141,0,1031,1067,LSkill0521,Lightning Crasher,"After making enemy defenceless for a while, you can make repeated attack against him"
skill_528,528,Lightning Crasher,521,8,87,1,3,0,5,0,225,1,32,0,24,0,1,0,64,5,1,17,78,0,0,9.3,0,0,0,0,0,0,0,0,1,211,212,221,222,223,0,0,0,0,0,0,0,0,0,0,0,0,48,111,230,177,100,1,0,0,141,0,1031,1067,LSkill0521,Lightning Crasher,"After making enemy defenceless for a while, you can make repeated attack against him"
skill_529,529,Lightning Crasher,521,9,100,1,3,0,5,0,240,1,32,0,24,0,1,0,66,5,1,17,82,0,0,9.5,0,0,0,0,0,0,0,0,1,211,212,221,222,223,0,0,0,0,0,0,0,0,0,0,0,0,48,111,240,177,100,1,0,0,141,0,1031,1067,LSkill0521,Lightning Crasher,"After making enemy defenceless for a while, you can make repeated attack against him"
skill_530,530,Lightning Crasher,521,10,115,1,3,0,5,0,270,1,32,0,24,0,1,0,75,5,1,17,90,0,0,9.7,0,0,0,0,0,0,0,0,1,211,212,221,222,223,0,0,0,0,0,0,0,0,0,0,0,0,48,111,250,177,100,1,0,0,1253,0,1031,1359,LSkill0521,Lightning Crasher,"After making enemy defenceless for a while, you can make repeated attack against him"
skill_531,531,Holy Blood,531,1,30,1,17,0,5,1000,140,1,0,0,0,0,0,0,0,0,2,16,150,0,0,13.9,0,0,0,0,0,0,0,0,2,0,0,0,0,0,61,0,651,5,291,10,0,0,0,0,0,0,57,113,100,176,100,1,0,0,86,0,1753,1035,LSkill0531,Holy Blood,You can damage your targets around you by consuming you HP.
skill_532,532,Holy Blood,531,2,36,1,17,0,5,1020,150,1,0,0,0,0,0,0,0,0,2,16,160,0,0,14.9,0,0,0,0,0,0,0,0,2,0,0,0,0,0,0,0,0,0,0,0,0,0,0,0,0,0,57,113,100,176,100,1,0,0,86,0,1753,1035,LSkill0531,Holy Blood,You can damage your targets around you by consuming you HP.
skill_533,533,Holy Blood,531,3,43,1,17,0,5,1040,160,1,0,0,0,0,0,0,0,0,2,16,170,0,0,15.9,0,0,0,0,0,0,0,0,2,0,0,0,0,0,0,0,0,0,0,0,0,0,0,0,0,0,57,113,100,176,100,1,0,0,86,0,1753,1035,LSkill0531,Holy Blood,You can damage your targets around you by consuming you HP.
skill_534,534,Holy Blood,531,4,51,1,17,0,5,1060,170,1,0,0,0,0,0,0,0,0,2,16,180,0,0,16.9,0,0,0,0,0,0,0,0,2,0,0,0,0,0,0,0,0,0,0,0,0,0,0,0,0,0,57,113,100,176,100,1,0,0,86,0,1753,1035,LSkill0531,Holy Blood,You can damage your targets around you by consuming you HP.
skill_535,535,Holy Blood,531,5,60,1,17,0,5,1080,180,1,0,0,0,0,0,0,0,0,2,16,190,0,0,17.9,0,0,0,0,0,0,0,0,2,0,0,0,0,0,0,0,0,0,0,0,0,0,0,0,0,0,57,113,100,176,100,1,0,0,86,0,1753,1035,LSkill0531,Holy Blood,You can damage your targets around you by consuming you HP.
skill_536,536,Holy Blood,531,6,71,1,17,0,5,1100,190,1,0,0,0,0,0,0,0,0,2,16,200,0,0,18.9,0,0,0,0,0,0,0,0,2,0,0,0,0,0,0,0,0,0,0,0,0,0,0,0,0,0,57,113,100,176,100,1,0,0,86,0,1753,1035,LSkill0531,Holy Blood,You can damage your targets around you by consuming you HP.
skill_537,537,Holy Blood,531,7,83,1,17,0,5,1120,200,1,0,0,0,0,0,0,0,0,2,16,210,0,0,19.9,0,0,0,0,0,0,0,0,2,0,0,0,0,0,0,0,0,0,0,0,0,0,0,0,0,0,57,113,100,176,100,1,0,0,86,0,1753,1035,LSkill0531,Holy Blood,You can damage your targets around you by consuming you HP.
skill_538,538,Holy Blood,531,8,97,1,17,0,5,1140,210,1,0,0,0,0,0,0,0,0,2,16,220,0,0,20.9,0,0,0,0,0,0,0,0,2,0,0,0,0,0,0,0,0,0,0,0,0,0,0,0,0,0,57,113,100,176,100,1,0,0,86,0,1753,1035,LSkill0531,Holy Blood,You can damage your targets around you by consuming you HP.
skill_539,539,Holy Blood,531,9,114,1,17,0,5,1160,220,1,0,0,0,0,0,0,0,0,2,16,230,0,0,21.9,0,0,0,0,0,0,0,0,2,0,0,0,0,0,0,0,0,0,0,0,0,0,0,0,0,0,57,113,100,176,100,1,0,0,86,0,1753,1035,LSkill0531,Holy Blood,You can damage your targets around you by consuming you HP.
skill_540,540,Holy Blood,531,10,133,1,17,0,5,1200,240,1,0,0,0,0,0,0,0,0,2,16,250,0,0,22.9,0,0,0,0,0,0,0,0,2,0,0,0,0,0,0,0,0,0,0,0,0,0,0,0,0,0,57,113,100,176,100,1,0,0,86,0,1753,1035,LSkill0531,Holy Blood,You can damage your targets around you by consuming you HP.
skill_542,542,Cyclone Impact,542,1,75,1,17,0,5,700,200,1,0,0,0,0,0,0,0,0,1,17,95,0,0,16.9,0,0,0,0,0,0,0,0,2,211,212,221,222,223,62,0,260,10,201,1,0,0,31,200,0,0,267,15,100,173,100,1,0,0,139,0,1333,1121,LSkill0542,Cyclone Impact,Call upon a violent cyclone to damage surrounding enemies.
skill_543,543,Cyclone Impact,542,2,87,1,17,0,5,700,220,1,0,0,0,0,0,0,0,0,1,17,100,0,0,17.5,0,0,0,0,0,0,0,0,2,211,212,221,222,223,0,0,0,0,0,0,0,0,31,204,0,0,267,15,100,173,100,1,0,0,139,0,1333,1121,LSkill0542,Cyclone Impact,Call upon a violent cyclone to damage surrounding enemies.
skill_544,544,Cyclone Impact,542,3,100,1,17,0,5,700,240,1,0,0,0,0,0,0,0,0,1,17,105,0,0,18.1,0,0,0,0,0,0,0,0,2,211,212,221,222,223,0,0,0,0,0,0,0,0,31,208,0,0,267,15,100,173,100,1,0,0,139,0,1333,1121,LSkill0542,Cyclone Impact,Call upon a violent cyclone to damage surrounding enemies.
skill_545,545,Cyclone Impact,542,4,115,1,17,0,5,700,280,1,0,0,0,0,0,0,0,0,1,17,110,0,0,18.7,0,0,0,0,0,0,0,0,2,211,212,221,222,223,0,0,0,0,0,0,0,0,31,210,0,0,267,15,100,173,100,1,0,0,139,0,1333,1121,LSkill0542,Cyclone Impact,Call upon a violent cyclone to damage surrounding enemies.
skill_548,548,Phoenix Slash,548,1,60,1,6,2200,5,0,200,1,58,0,3,0,1,0,60,25,1,17,140,0,0,11.9,0,0,0,0,0,0,0,0,2,211,212,221,222,223,61,0,260,10,201,1,0,0,31,220,0,0,290,129,100,178,100,1,263,1205,1551,0,1366,1366,LSkill0548,Phoenix Slash,Set your enemy on fire from a distance.
skill_549,549,Phoenix Slash,548,2,70,1,6,2200,5,0,250,1,58,0,3,0,1,0,70,25,1,17,143,0,0,11.9,0,0,0,0,0,0,0,0,2,211,212,221,222,223,0,0,0,0,0,0,0,0,31,222,0,0,290,129,100,178,100,1,263,1205,1551,0,1366,1366,LSkill0548,Phoenix Slash,Set your enemy on fire from a distance.
skill_550,550,Phoenix Slash,548,3,80,1,6,2200,5,0,300,1,58,0,3,0,1,0,80,25,1,17,146,0,0,11.9,0,0,0,0,0,0,0,0,2,211,212,221,222,223,0,0,0,0,0,0,0,0,31,224,0,0,290,129,100,178,100,1,263,1205,1551,0,1366,1366,LSkill0548,Phoenix Slash,Set your enemy on fire from a distance.
skill_551,551,Phoenix Slash,548,4,90,1,6,2200,5,0,350,1,58,0,3,0,1,0,90,25,1,17,149,0,0,11.9,0,0,0,0,0,0,0,0,2,211,212,221,222,223,0,0,0,0,0,0,0,0,31,226,0,0,290,129,100,178,100,1,263,1205,1551,0,1366,1366,LSkill0548,Phoenix Slash,Set your enemy on fire from a distance.
skill_552,552,Phoenix Slash,548,5,100,1,6,2200,5,0,400,1,58,0,3,0,1,0,95,25,1,17,152,0,0,11.9,0,0,0,0,0,0,0,0,2,211,212,221,222,223,0,0,0,0,0,0,0,0,31,228,0,0,290,129,100,178,100,1,263,1205,1551,0,1366,1366,LSkill0548,Phoenix Slash,Set your enemy on fire from a distance.
skill_554,554,Bowling Bash,554,1,60,1,3,0,5,0,500,1,17,0,9,0,1,0,30,25,1,17,170,0,0,9.9,0,24,0,40,0,0,0,0,1,211,212,221,222,223,62,0,260,10,201,1,0,0,31,220,0,0,291,111,210,177,100,1,0,0,145,0,1601,1836,LSkill0554,Bowling Bash,Set your enemy on fire in a wild spinning attack.
skill_555,555,Bowling Bash,554,2,70,1,3,0,5,0,520,1,17,0,9,0,1,0,40,25,1,17,174,0,0,9.9,0,24,0,40,0,0,0,0,1,211,212,221,222,223,0,0,0,0,0,0,0,0,31,222,0,0,291,111,220,177,100,1,0,0,145,0,1601,1836,LSkill0554,Bowling Bash,Set your enemy on fire in a wild spinning attack.
skill_556,556,Bowling Bash,554,3,80,1,3,0,5,0,540,1,17,0,9,0,1,0,50,25,1,17,178,0,0,9.9,0,24,0,40,0,0,0,0,1,211,212,221,222,223,0,0,0,0,0,0,0,0,31,224,0,0,291,111,230,177,100,1,0,0,145,0,1601,1836,LSkill0554,Bowling Bash,Set your enemy on fire in a wild spinning attack.
skill_557,557,Bowling Bash,554,4,90,1,3,0,5,0,560,1,17,0,9,0,1,0,60,25,1,17,184,0,0,9.9,0,24,0,40,0,0,0,0,1,211,212,221,222,223,0,0,0,0,0,0,0,0,31,226,0,0,291,111,240,177,100,1,0,0,145,0,1601,1836,LSkill0554,Bowling Bash,Set your enemy on fire in a wild spinning attack.
skill_558,558,Bowling Bash,554,5,100,1,3,0,5,0,580,1,17,0,9,0,1,0,70,25,1,17,200,0,0,9.9,0,24,0,40,0,0,0,0,1,211,212,221,222,223,0,0,0,0,0,0,0,0,31,228,0,0,291,111,250,177,100,1,0,0,145,0,1601,1836,LSkill0554,Bowling Bash,Set your enemy on fire in a wild spinning attack.
skill_560,560,Furious Strike,560,1,60,1,3,0,5,0,480,1,19,0,11,0,1,0,11,10,1,17,170,0,0,29.9,0,18,0,5,0,0,0,0,1,211,212,221,222,223,62,0,260,10,201,1,0,0,31,230,0,0,297,113,150,94,100,1,0,0,145,0,1041,1304,LSkill6214,Furious Strike,The enemy faces a serious blow with his weak spot attacked.
skill_561,561,Furious Strike,560,2,70,1,3,0,5,0,500,1,19,0,11,0,1,0,12,12,1,17,174,0,0,29.9,0,18,0,7,0,0,0,0,1,211,212,221,222,223,62,0,0,0,0,0,0,0,31,232,0,0,297,113,150,94,100,1,0,0,145,0,1041,1304,LSkill6214,Furious Strike,The enemy faces a serious blow with his weak spot attacked.
skill_562,562,Furious Strike,560,3,80,1,3,0,5,0,600,1,19,0,11,0,1,0,13,13,1,17,178,0,0,29.9,0,18,0,8,0,0,0,0,1,211,212,221,222,223,62,0,0,0,0,0,0,0,31,234,0,0,297,113,150,94,100,1,0,0,145,0,1041,1304,LSkill6214,Furious Strike,The enemy faces a serious blow with his weak spot attacked.
skill_563,563,Furious Strike,560,4,90,1,3,0,5,0,700,1,19,0,11,0,1,0,14,14,1,17,184,0,0,29.9,0,18,0,9,0,0,0,0,1,211,212,221,222,223,62,0,0,0,0,0,0,0,31,236,0,0,297,113,150,94,100,1,0,0,145,0,1041,1304,LSkill6214,Furious Strike,The enemy faces a serious blow with his weak spot attacked.
skill_564,564,Furious Strike,560,5,100,1,3,0,5,0,800,1,19,0,11,0,1,0,14,14,1,17,184,0,0,29.9,0,18,0,9,0,0,0,0,1,211,212,221,222,223,62,0,0,0,0,0,0,0,31,236,0,0,297,113,150,94,100,1,0,0,145,0,1041,1304,LSkill6214,Furious Strike,The enemy faces a serious blow with his weak spot attacked.
skill_566,566,Magnitude,566,1,60,1,17,0,5,500,200,1,27,0,19,0,1,0,11,5,1,17,95,0,0,41.9,0,27,0,5,0,0,0,0,1,211,212,221,222,223,61,0,260,10,201,1,0,0,31,230,0,0,296,15,100,173,100,1,0,0,1264,0,1374,1121,LSkill6213,Magnitude,Deals a serious damage to enemies around you by making an earthquake containing your determination to battle.
skill_567,567,Magnitude,566,2,70,1,17,0,5,600,220,1,27,0,19,0,1,0,12,8,1,17,100,0,0,41.9,0,27,0,7,0,0,0,0,1,211,212,221,222,223,61,0,0,0,0,0,0,0,31,232,0,0,296,15,100,173,100,1,0,0,1264,0,1374,1121,LSkill6213,Magnitude,Deals a serious damage to enemies around you by making an earthquake containing your determination to battle.
skill_568,568,Magnitude,566,3,80,1,17,0,5,700,260,1,27,0,19,0,1,0,13,8,1,17,105,0,0,41.9,0,27,0,8,0,0,0,0,1,211,212,221,222,223,61,0,0,0,0,0,0,0,31,234,0,0,296,15,100,173,100,1,0,0,1264,0,1374,1121,LSkill6213,Magnitude,Deals a serious damage to enemies around you by making an earthquake containing your determination to battle.
skill_569,569,Magnitude,566,4,90,1,17,0,5,800,300,1,27,0,19,0,1,0,14,8,1,17,110,0,0,41.9,0,27,0,9,0,0,0,0,1,211,212,221,222,223,61,0,0,0,0,0,0,0,31,236,0,0,296,15,100,173,100,1,0,0,1264,0,1374,1121,LSkill6213,Magnitude,Deals a serious damage to enemies around you by making an earthquake containing your determination to battle.
skill_570,570,Magnitude,566,5,100,1,17,0,5,1000,350,1,27,0,19,0,1,0,15,8,1,17,120,0,0,41.9,0,27,0,10,0,0,0,0,1,211,212,221,222,223,61,0,0,0,0,0,0,0,31,238,0,0,296,15,100,173,100,1,0,0,1264,0,1374,1121,LSkill6213,Magnitude,Deals a serious damage to enemies around you by making an earthquake containing your determination to battle.
skill_572,572,etc strike raid,572,1,100,1,3,0,5,0,100,1,23,0,15,0,1,0,50,10,1,17,80,0,0,11.7,0,21,0,35,0,0,0,0,1,211,212,221,222,223,0,0,737,1,738,1,739,1,31,70,0,0,60,600,150,602,120,1,0,0,1253,0,210,1359,LSkill0101,ETC Strike Raid,ETC iROSE 2nd Soldier Fencing Skill.
skill_573,573,etc strike raid,572,2,100,1,3,0,5,0,140,1,23,0,15,0,1,0,50,10,1,17,80,0,0,11.7,0,21,0,35,0,0,0,0,1,211,212,221,222,223,0,0,737,1,738,1,0,0,31,100,0,0,60,600,150,602,120,1,0,0,1253,0,210,1359,LSkill0101,ETC Strike Raid,ETC iROSE 2nd Soldier Fencing Skill.
skill_574,574,etc strike raid,572,3,100,1,3,0,5,0,180,1,23,0,15,0,1,0,50,10,1,17,80,0,0,11.7,0,21,0,35,0,0,0,0,1,211,212,221,222,223,0,0,737,1,738,1,0,0,31,150,0,0,60,600,150,602,120,1,0,0,1253,0,210,1359,LSkill0101,ETC Strike Raid,ETC iROSE 2nd Soldier Fencing Skill.
skill_575,575,etc strike raid,572,4,100,1,3,0,5,0,220,1,23,0,15,0,1,0,50,10,1,17,80,0,0,11.7,0,21,0,35,0,0,0,0,1,211,212,221,222,223,0,0,737,1,738,1,0,0,31,200,0,0,60,600,150,602,120,1,0,0,1253,0,210,1359,LSkill0101,ETC Strike Raid,ETC iROSE 2nd Soldier Fencing Skill.
skill_576,576,etc strike raid,572,5,100,1,3,0,5,0,250,1,23,0,15,0,1,0,50,10,1,17,80,0,0,11.7,0,21,0,35,0,0,0,0,1,211,212,221,222,223,0,0,737,1,738,1,0,0,31,230,0,0,60,600,150,602,120,1,0,0,1253,0,210,1359,LSkill0101,ETC Strike Raid,ETC iROSE 2nd Soldier Fencing Skill.
skill_578,578,etc demon scratch,578,1,100,1,3,0,5,0,100,1,31,0,23,0,1,0,0,3,1,17,60,0,0,5.9,0,0,0,0,0,0,0,0,1,211,212,221,222,223,0,0,737,1,738,1,739,1,31,70,0,0,341,613,100,613,70,1,0,0,1263,0,1036,1551,LSkill0102,ETC Demon's Scratch,ETC iROSE 2nd Soldier Fencing Skill.
skill_579,579,etc demon scratch,578,2,100,1,3,0,5,0,140,1,31,0,23,0,1,0,0,3,1,17,60,0,0,5.9,0,0,0,0,0,0,0,0,1,211,212,221,222,223,0,0,737,1,738,1,0,0,31,100,0,0,341,613,100,613,70,1,0,0,1263,0,1036,1551,LSkill0102,ETC Demon's Scratch,ETC iROSE 2nd Soldier Fencing Skill.
skill_580,580,etc demon scratch,578,3,100,1,3,0,5,0,180,1,31,0,23,0,1,0,0,3,1,17,60,0,0,5.9,0,0,0,0,0,0,0,0,1,211,212,221,222,223,0,0,737,1,738,1,0,0,31,150,0,0,341,613,100,613,70,1,0,0,1263,0,1036,1551,LSkill0102,ETC Demon's Scratch,ETC iROSE 2nd Soldier Fencing Skill.
skill_581,581,etc demon scratch,578,4,100,1,3,0,5,0,220,1,31,0,23,0,1,0,0,3,1,17,60,0,0,5.9,0,0,0,0,0,0,0,0,1,211,212,221,222,223,0,0,737,1,738,1,0,0,31,200,0,0,341,613,100,613,70,1,0,0,1263,0,1036,1551,LSkill0102,ETC Demon's Scratch,ETC iROSE 2nd Soldier Fencing Skill.
skill_582,582,etc demon scratch,578,5,100,1,3,0,5,0,250,1,31,0,23,0,1,0,0,3,1,17,60,0,0,5.9,0,0,0,0,0,0,0,0,1,211,212,221,222,223,0,0,737,1,738,1,0,0,31,230,0,0,341,613,100,613,70,1,0,0,1263,0,1036,1551,LSkill0102,ETC Demon's Scratch,ETC iROSE 2nd Soldier Fencing Skill.
skill_584,584,etc demon spin,584,1,100,1,17,0,5,1000,150,1,56,0,34,0,1,0,0,5,1,17,150,0,0,29.9,0,0,0,0,0,0,0,0,2,211,212,221,222,223,0,0,737,1,738,1,739,1,31,70,0,0,346,603,150,605,120,1,0,0,139,0,1041,1121,LSkill0103,ETC Demon's Spin,ETC iROSE 2nd Soldier Fencing Skill.
skill_585,585,etc demon spin,584,2,100,1,17,0,5,1000,180,1,56,0,34,0,1,0,0,5,1,17,150,0,0,29.9,0,0,0,0,0,0,0,0,2,211,212,221,222,223,0,0,737,1,738,1,0,0,31,100,0,0,346,603,150,605,120,1,0,0,139,0,1041,1121,LSkill0103,ETC Demon's Spin,ETC iROSE 2nd Soldier Fencing Skill.
skill_586,586,etc demon spin,584,3,100,1,17,0,5,1000,220,1,56,0,34,0,1,0,0,5,1,17,150,0,0,29.9,0,0,0,0,0,0,0,0,2,211,212,221,222,223,0,0,737,1,738,1,0,0,31,150,0,0,346,603,150,605,120,1,0,0,139,0,1041,1121,LSkill0103,ETC Demon's Spin,ETC iROSE 2nd Soldier Fencing Skill.
skill_587,587,etc demon spin,584,4,100,1,17,0,5,1000,250,1,56,0,34,0,1,0,0,5,1,17,150,0,0,29.9,0,0,0,0,0,0,0,0,2,211,212,221,222,223,0,0,737,1,738,1,0,0,31,200,0,0,346,603,150,605,120,1,0,0,139,0,1041,1121,LSkill0103,ETC Demon's Spin,ETC iROSE 2nd Soldier Fencing Skill.
skill_588,588,etc demon spin,584,5,100,1,17,0,5,1000,300,1,56,0,34,0,1,0,0,5,1,17,150,0,0,29.9,0,0,0,0,0,0,0,0,2,211,212,221,222,223,0,0,737,1,738,1,0,0,31,230,0,0,346,603,150,605,120,1,0,0,139,0,1041,1121,LSkill0103,ETC Demon's Spin,ETC iROSE 2nd Soldier Fencing Skill.
skill_590,590,etc trigger surge,590,1,100,1,3,0,5,0,200,1,58,32,3,24,1,1,25,7,1,17,68,0,0,10.9,0,0,0,0,0,0,0,0,1,211,212,221,222,223,0,0,737,1,738,1,739,1,31,70,0,0,379,606,150,608,120,1,0,0,1551,0,1366,1366,LSkill0104,ETC Trigger Surge,ETC iROSE 2nd Soldier Fencing Skill.
skill_591,591,etc trigger surge,590,2,100,1,3,0,5,0,240,1,58,32,3,24,1,1,30,7,1,17,68,0,0,10.9,0,0,0,0,0,0,0,0,1,211,212,221,222,223,0,0,737,1,738,1,0,0,31,100,0,0,379,606,150,608,120,1,0,0,1551,0,1366,1366,LSkill0104,ETC Trigger Surge,ETC iROSE 2nd Soldier Fencing Skill.
skill_592,592,etc trigger surge,590,3,100,1,3,0,5,0,280,1,58,32,3,24,1,1,35,7,1,17,68,0,0,10.9,0,0,0,0,0,0,0,0,1,211,212,221,222,223,0,0,737,1,738,1,0,0,31,150,0,0,379,606,150,608,120,1,0,0,1551,0,1366,1366,LSkill0104,ETC Trigger Surge,ETC iROSE 2nd Soldier Fencing Skill.
skill_593,593,etc trigger surge,590,4,100,1,3,0,5,0,320,1,58,32,3,24,1,1,40,7,1,17,68,0,0,10.9,0,0,0,0,0,0,0,0,1,211,212,221,222,223,0,0,737,1,738,1,0,0,31,200,0,0,379,606,150,608,120,1,0,0,1551,0,1366,1366,LSkill0104,ETC Trigger Surge,ETC iROSE 2nd Soldier Fencing Skill.
skill_594,594,etc trigger surge,590,5,100,1,3,0,5,0,350,1,58,32,3,24,1,1,75,7,1,17,68,0,0,10.9,0,0,0,0,0,0,0,0,1,211,212,221,222,223,0,0,737,1,738,1,0,0,31,230,0,0,379,606,150,608,120,1,0,0,1551,0,1366,1366,LSkill0104,ETC Trigger Surge,ETC iROSE 2nd Soldier Fencing Skill.
skill_596,596,etc demons dive,596,1,100,1,3,0,5,0,250,1,29,0,21,0,1,0,15,10,2,17,90,0,0,8.1,0,22,40,20,0,0,0,0,1,211,212,221,222,223,0,0,737,1,738,1,739,1,31,70,0,0,386,610,150,612,120,1,0,0,86,0,1753,1035,LSkill0105,ETC Demon's Dive,ETC iROSE 2nd Soldier Fencing Skill.
skill_597,597,etc demons dive,596,2,100,1,3,0,5,0,300,1,29,0,21,0,1,0,15,10,2,17,90,0,0,8.1,0,22,40,20,0,0,0,0,1,211,212,221,222,223,0,0,737,1,738,1,0,0,31,100,0,0,386,610,150,612,120,1,0,0,86,0,1753,1035,LSkill0105,ETC Demon's Dive,ETC iROSE 2nd Soldier Fencing Skill.
skill_598,598,etc demons dive,596,3,100,1,3,0,5,0,350,1,29,0,21,0,1,0,15,10,2,17,90,0,0,8.1,0,22,40,20,0,0,0,0,1,211,212,221,222,223,0,0,737,1,738,1,0,0,31,150,0,0,386,610,150,612,120,1,0,0,86,0,1753,1035,LSkill0105,ETC Demon's Dive,ETC iROSE 2nd Soldier Fencing Skill.
skill_599,599,etc demons dive,596,4,100,1,3,0,5,0,400,1,29,0,21,0,1,0,15,10,2,17,90,0,0,8.1,0,22,40,20,0,0,0,0,1,211,212,221,222,223,0,0,737,1,738,1,0,0,31,200,0,0,386,610,150,612,120,1,0,0,86,0,1753,1035,LSkill0105,ETC Demon's Dive,ETC iROSE 2nd Soldier Fencing Skill.
skill_600,600,etc demons dive,596,5,100,1,3,0,5,0,450,1,29,0,21,0,1,0,15,10,2,17,90,0,0,8.1,0,22,40,20,0,0,0,0,1,211,212,221,222,223,0,0,737,1,738,1,0,0,31,230,0,0,386,610,150,612,120,1,0,0,86,0,1753,1035,LSkill0105,ETC Demon's Dive,ETC iROSE 2nd Soldier Fencing Skill.
skill_602,602,etc strike pulse,602,1,100,1,3,0,5,0,170,1,32,0,24,0,1,0,40,5,1,17,124,0,0,9.9,0,0,0,0,0,0,0,0,1,211,212,221,222,223,0,0,737,1,738,1,739,1,31,70,0,0,385,614,150,616,120,1,0,0,67,0,1036,1035,LSkill0106,ETC Strike Pulse,ETC iROSE 2nd Soldier Fencing Skill.
skill_603,603,etc strike pulse,602,2,100,1,3,0,5,0,200,1,32,0,24,0,1,0,50,5,1,17,124,0,0,9.9,0,0,0,0,0,0,0,0,1,211,212,221,222,223,0,0,737,1,738,1,0,0,31,200,0,0,385,614,150,616,120,1,0,0,67,0,1036,1035,LSkill0106,ETC Strike Pulse,ETC iROSE 2nd Soldier Fencing Skill.
skill_604,604,etc strike pulse,602,3,100,1,3,0,5,0,230,1,32,0,24,0,1,0,50,5,1,17,124,0,0,9.9,0,0,0,0,0,0,0,0,1,211,212,221,222,223,0,0,737,1,738,1,0,0,31,250,0,0,385,614,150,616,120,1,0,0,67,0,1036,1035,LSkill0106,ETC Strike Pulse,ETC iROSE 2nd Soldier Fencing Skill.
skill_605,605,etc strike pulse,602,4,100,1,3,0,5,0,250,1,32,0,24,0,1,0,50,5,1,17,124,0,0,9.9,0,0,0,0,0,0,0,0,1,211,212,221,222,223,0,0,737,1,738,1,0,0,31,200,0,0,385,614,150,616,120,1,0,0,67,0,1036,1035,LSkill0106,ETC Strike Pulse,ETC iROSE 2nd Soldier Fencing Skill.
skill_606,606,etc strike pulse,602,5,100,1,3,0,5,0,280,1,32,0,24,0,1,0,50,5,1,17,124,0,0,9.9,0,0,0,0,0,0,0,0,1,211,212,221,222,223,0,0,737,1,738,1,0,0,31,230,0,0,385,614,150,616,120,1,0,0,67,0,1036,1035,LSkill0106,ETC Strike Pulse,ETC iROSE 2nd Soldier Fencing Skill.
skill_608,608,etc demon strike,608,1,100,1,3,0,5,0,300,1,17,31,9,23,1,1,20,25,1,17,250,0,0,29.9,0,24,0,80,0,0,0,0,1,211,212,221,222,223,0,0,737,1,738,1,739,1,31,70,0,0,388,617,150,619,120,1,0,0,1250,0,1036,9,LSkill0107,ETC Demon Strike,ETC iROSE 2nd Soldier Fencing Skill.
skill_609,609,etc demon strike,608,2,100,1,3,0,5,0,350,1,17,31,9,23,1,1,30,25,1,17,250,0,0,29.9,0,24,0,80,0,0,0,0,1,211,212,221,222,223,0,0,737,1,738,1,0,0,31,100,0,0,388,617,150,619,120,1,0,0,1250,0,1036,9,LSkill0107,ETC Demon Strike,ETC iROSE 2nd Soldier Fencing Skill.
skill_610,610,etc demon strike,608,3,100,1,3,0,5,0,400,1,17,31,9,23,1,1,40,25,1,17,250,0,0,29.9,0,24,0,80,0,0,0,0,1,211,212,221,222,223,0,0,737,1,738,1,0,0,31,150,0,0,388,617,150,619,120,1,0,0,1250,0,1036,9,LSkill0107,ETC Demon Strike,ETC iROSE 2nd Soldier Fencing Skill.
skill_611,611,etc demon strike,608,4,100,1,3,0,5,0,450,1,17,31,9,23,1,1,50,25,1,17,250,0,0,29.9,0,24,0,80,0,0,0,0,1,211,212,221,222,223,0,0,737,1,738,1,0,0,31,200,0,0,388,617,150,619,120,1,0,0,1250,0,1036,9,LSkill0107,ETC Demon Strike,ETC iROSE 2nd Soldier Fencing Skill.
skill_612,612,etc demon strike,608,5,100,1,3,0,5,0,500,1,17,31,9,23,1,1,65,25,1,17,250,0,0,29.9,0,24,0,80,0,0,0,0,1,211,212,221,222,223,0,0,737,1,738,1,0,0,31,230,0,0,388,617,150,619,120,1,0,0,1250,0,1036,9,LSkill0107,ETC Demon Strike,ETC iROSE 2nd Soldier Fencing Skill.
skill_614,614,etc spin attack,614,1,100,1,17,0,5,1500,330,1,30,0,22,0,1,0,0,3,1,17,70,0,0,99.9,0,0,0,0,0,0,0,0,1,211,212,221,222,223,0,0,737,1,738,1,739,1,31,70,0,0,362,609,150,609,120,1,0,0,1122,0,1041,1121,LSkill0108,ETC Storm Spin Attack,ETC iROSE 2nd Soldier Fencing Skill.
skill_615,615,etc spin attack,614,2,100,1,17,0,5,1500,350,1,30,0,22,0,1,0,0,3,1,17,70,0,0,99.9,0,0,0,0,0,0,0,0,1,211,212,221,222,223,0,0,737,1,738,1,0,0,31,100,0,0,362,609,150,609,120,1,0,0,1122,0,1041,1121,LSkill0108,ETC Storm Spin Attack,ETC iROSE 2nd Soldier Fencing Skill.
skill_616,616,etc spin attack,614,3,100,1,17,0,5,1500,380,1,30,0,22,0,1,0,0,3,1,17,70,0,0,99.9,0,0,0,0,0,0,0,0,1,211,212,221,222,223,0,0,737,1,738,1,0,0,31,150,0,0,362,609,150,609,120,1,0,0,1122,0,1041,1121,LSkill0108,ETC Storm Spin Attack,ETC iROSE 2nd Soldier Fencing Skill.
skill_617,617,etc spin attack,614,4,100,1,17,0,5,1500,420,1,30,0,22,0,1,0,0,3,1,17,70,0,0,99.9,0,0,0,0,0,0,0,0,1,211,212,221,222,223,0,0,737,1,738,1,0,0,31,200,0,0,362,609,150,609,120,1,0,0,1122,0,1041,1121,LSkill0108,ETC Storm Spin Attack,ETC iROSE 2nd Soldier Fencing Skill.
skill_618,618,etc spin attack,614,5,100,1,17,0,5,1500,450,1,30,0,22,0,1,0,0,3,1,17,70,0,0,99.9,0,0,0,0,0,0,0,0,1,211,212,221,222,223,0,0,737,1,738,1,0,0,31,230,0,0,362,609,150,609,120,1,0,0,1122,0,1041,1121,LSkill0108,ETC Storm Spin Attack,ETC iROSE 2nd Soldier Fencing Skill.
skill_620,620,etc 3ple attack,620,1,100,1,3,0,5,0,70,1,29,0,21,0,1,0,5,15,0,17,89,0,0,4.7,0,22,40,20,0,0,0,0,1,211,212,221,222,223,0,0,737,1,738,1,739,1,31,70,0,0,32,111,300,92,154,3,0,0,67,0,1031,370,LSkill0109,ETC Tripple Attack,ETC iROSE 2nd Soldier Fencing Skill.
skill_621,621,etc 3ple attack,620,2,100,1,3,0,5,0,75,1,29,0,21,0,1,0,10,15,0,17,89,0,0,4.7,0,22,40,20,0,0,0,0,1,211,212,221,222,223,0,0,737,1,738,1,0,0,31,80,0,0,32,111,300,92,154,3,0,0,67,0,1031,370,LSkill0109,ETC Tripple Attack,ETC iROSE 2nd Soldier Fencing Skill.
skill_622,622,etc 3ple attack,620,3,100,1,3,0,5,0,80,1,29,0,21,0,1,0,15,15,0,17,89,0,0,4.7,0,22,40,20,0,0,0,0,1,211,212,221,222,223,0,0,737,1,738,1,0,0,31,90,0,0,32,111,300,92,154,3,0,0,67,0,1031,370,LSkill0109,ETC Tripple Attack,ETC iROSE 2nd Soldier Fencing Skill.
skill_623,623,etc 3ple attack,620,4,100,1,3,0,5,0,90,1,29,0,21,0,1,0,20,15,0,17,89,0,0,4.7,0,22,40,20,0,0,0,0,1,211,212,221,222,223,0,0,737,1,738,1,0,0,31,100,0,0,32,111,300,92,154,3,0,0,67,0,1031,370,LSkill0109,ETC Tripple Attack,ETC iROSE 2nd Soldier Fencing Skill.
skill_624,624,etc 3ple attack,620,5,100,1,3,0,5,0,100,1,29,0,21,0,1,0,25,15,0,17,89,0,0,4.7,0,22,40,20,0,0,0,0,1,211,212,221,222,223,0,0,737,1,738,1,0,0,31,150,0,0,32,111,300,92,154,3,0,0,67,0,1031,370,LSkill0109,ETC Tripple Attack,ETC iROSE 2nd Soldier Fencing Skill.
skill_651,651,Blood Attack,651,1,20,1,19,0,5,0,60,1,0,0,0,0,0,0,0,0,1,17,40,0,0,9.9,0,16,120,0,0,0,0,0,1,211,212,221,222,223,41,0,291,5,0,0,0,0,0,0,0,0,56,111,100,175,140,1,0,0,142,0,1041,1602,LSkill0651,Blood Attack,"By damaging enemy around you, you absorb some of his HP"
skill_652,652,Blood Attack,651,2,24,1,19,0,5,0,70,1,0,0,0,0,0,0,0,0,1,17,43,0,0,9.9,0,16,140,0,0,0,0,0,1,211,212,221,222,223,0,0,291,6,0,0,0,0,0,0,0,0,56,111,100,175,147,1,0,0,142,0,1041,1602,LSkill0651,Blood Attack,"By damaging enemy around you, you absorb some of his HP"
skill_653,653,Blood Attack,651,3,29,1,19,0,5,0,80,1,0,0,0,0,0,0,0,0,1,17,46,0,0,9.9,0,16,160,0,0,0,0,0,1,211,212,221,222,223,0,0,291,7,0,0,0,0,0,0,0,0,56,111,100,175,154,1,0,0,142,0,1041,1602,LSkill0651,Blood Attack,"By damaging enemy around you, you absorb some of his HP"
skill_654,654,Blood Attack,651,4,35,1,19,0,5,0,90,1,0,0,0,0,0,0,0,0,1,17,49,0,0,9.9,0,16,180,0,0,0,0,0,1,211,212,221,222,223,0,0,291,8,0,0,0,0,0,0,0,0,56,111,100,175,161,1,0,0,142,0,1041,1602,LSkill0651,Blood Attack,"By damaging enemy around you, you absorb some of his HP"
skill_655,655,Blood Attack,651,5,42,1,19,0,5,0,100,1,0,0,0,0,0,0,0,0,1,17,52,0,0,9.9,0,16,200,0,0,0,0,0,1,211,212,221,222,223,0,0,291,9,0,0,0,0,0,0,0,0,56,111,100,175,168,1,0,0,142,0,1041,1602,LSkill0651,Blood Attack,"By damaging enemy around you, you absorb some of his HP"
skill_656,656,Blood Attack,651,6,51,1,19,0,5,0,115,1,0,0,0,0,0,0,0,0,1,17,56,0,0,9.9,0,16,230,0,0,0,0,0,1,211,212,221,222,223,62,0,291,10,0,0,0,0,0,0,0,0,56,111,100,175,175,1,0,0,142,0,1041,1602,LSkill0651,Blood Attack,"By damaging enemy around you, you absorb some of his HP"
skill_657,657,Blood Attack,651,7,61,1,19,0,5,0,130,1,0,0,0,0,0,0,0,0,1,17,60,0,0,9.9,0,16,260,0,0,0,0,0,1,211,212,221,222,223,0,0,0,0,0,0,0,0,0,0,0,0,56,111,100,175,182,1,0,0,142,0,1041,1602,LSkill0651,Blood Attack,"By damaging enemy around you, you absorb some of his HP"
skill_658,658,Blood Attack,651,8,73,1,19,0,5,0,145,1,0,0,0,0,0,0,0,0,1,17,64,0,0,9.9,0,16,290,0,0,0,0,0,1,211,212,221,222,223,0,0,0,0,0,0,0,0,0,0,0,0,56,111,100,175,189,1,0,0,142,0,1041,1602,LSkill0651,Blood Attack,"By damaging enemy around you, you absorb some of his HP"
skill_659,659,Blood Attack,651,9,87,1,19,0,5,0,160,1,0,0,0,0,0,0,0,0,1,17,68,0,0,9.9,0,16,320,0,0,0,0,0,1,211,212,221,222,223,0,0,0,0,0,0,0,0,0,0,0,0,56,111,100,175,196,1,0,0,142,0,1041,1602,LSkill0651,Blood Attack,"By damaging enemy around you, you absorb some of his HP"
skill_660,660,Blood Attack,651,10,104,1,19,0,5,0,300,1,0,0,0,0,0,0,0,0,1,17,75,0,0,9.9,0,16,370,0,0,0,0,0,1,211,212,221,222,223,0,0,0,0,0,0,0,0,0,0,0,0,56,111,100,175,203,1,0,0,142,0,1041,1602,LSkill0651,Blood Attack,"By damaging enemy around you, you absorb some of his HP"
skill_661,661,Tendon Slash,661,1,30,1,6,2000,5,0,100,1,15,0,7,0,1,0,30,4,1,17,40,0,0,6.9,0,23,0,15,0,0,0,0,1,211,212,221,222,223,62,0,301,10,0,0,0,0,0,0,0,0,199,129,100,178,100,1,253,90,1551,0,1041,1040,LSkill0661,Tendon Slash,Slow your target from a distance by slinging energy from your sword aimed at their achilles tendon.
skill_662,662,Tendon Slash,661,2,35,1,6,2000,5,0,110,1,15,0,7,0,1,0,40,4,1,17,43,0,0,7.1,0,23,0,18,0,0,0,0,1,211,212,221,222,223,0,0,0,0,0,0,0,0,0,0,0,0,199,129,104,178,100,1,253,90,1551,0,1041,1040,LSkill0661,Tendon Slash,Slow your target from a distance by slinging energy from your sword aimed at their achilles tendon.
skill_663,663,Tendon Slash,661,3,41,1,6,2000,5,0,120,1,15,0,7,0,1,0,50,4,1,17,46,0,0,7.3,0,23,0,21,0,0,0,0,1,211,212,221,222,223,0,0,0,0,0,0,0,0,0,0,0,0,199,129,108,178,100,1,253,90,1551,0,1041,1040,LSkill0661,Tendon Slash,Slow your target from a distance by slinging energy from your sword aimed at their achilles tendon.
skill_664,664,Tendon Slash,661,4,48,1,6,2000,5,0,130,1,15,0,7,0,1,0,52,4,1,17,49,0,0,7.5,0,23,0,24,0,0,0,0,1,211,212,221,222,223,0,0,0,0,0,0,0,0,0,0,0,0,199,129,112,178,100,1,253,90,1551,0,1041,1040,LSkill0661,Tendon Slash,Slow your target from a distance by slinging energy from your sword aimed at their achilles tendon.
skill_665,665,Tendon Slash,661,5,56,1,6,2000,5,0,140,1,15,0,7,0,1,0,54,4,1,17,52,0,0,7.7,0,23,0,27,0,0,0,0,1,211,212,221,222,223,0,0,0,0,0,0,0,0,0,0,0,0,199,129,116,178,100,1,253,90,1551,0,1041,1040,LSkill0661,Tendon Slash,Slow your target from a distance by slinging energy from your sword aimed at their achilles tendon.
skill_666,666,Tendon Slash,661,6,65,1,6,2000,5,0,150,1,15,0,7,0,1,0,53,4,1,17,55,0,0,7.9,0,23,0,30,0,0,0,0,1,211,212,221,222,223,0,0,0,0,0,0,0,0,0,0,0,0,199,129,120,178,100,1,253,90,1551,0,1041,1040,LSkill0661,Tendon Slash,Slow your target from a distance by slinging energy from your sword aimed at their achilles tendon.
skill_667,667,Tendon Slash,661,7,75,1,6,2000,5,0,160,1,15,0,7,0,1,0,58,4,1,17,58,0,0,8.1,0,23,0,33,0,0,0,0,1,211,212,221,222,223,0,0,0,0,0,0,0,0,0,0,0,0,199,129,124,178,100,1,253,90,1551,0,1041,1040,LSkill0661,Tendon Slash,Slow your target from a distance by slinging energy from your sword aimed at their achilles tendon.
skill_668,668,Tendon Slash,661,8,87,1,6,2000,5,0,170,1,15,0,7,0,1,0,60,4,1,17,61,0,0,8.3,0,23,0,36,0,0,0,0,1,211,212,221,222,223,0,0,0,0,0,0,0,0,0,0,0,0,199,129,128,178,100,1,253,90,1551,0,1041,1040,LSkill0661,Tendon Slash,Slow your target from a distance by slinging energy from your sword aimed at their achilles tendon.
skill_669,669,Tendon Slash,661,9,100,1,6,2000,5,0,180,1,15,0,7,0,1,0,62,5,1,17,64,0,0,8.5,0,23,0,39,0,0,0,0,1,211,212,221,222,223,0,0,0,0,0,0,0,0,0,0,0,0,199,129,132,178,100,1,253,90,1551,0,1041,1040,LSkill0661,Tendon Slash,Slow your target from a distance by slinging energy from your sword aimed at their achilles tendon.
skill_670,670,Tendon Slash,661,10,115,1,6,2000,5,500,200,1,15,32,7,24,1,1,65,6,1,17,70,0,0,8.7,0,23,0,42,0,0,0,0,1,211,212,221,222,223,0,0,0,0,0,0,0,0,0,0,0,0,199,129,136,178,100,1,253,90,1551,0,1041,1040,LSkill0661,Tendon Slash,Slow your target from a distance by slinging energy from your sword aimed at their achilles tendon.
skill_671,671,Champion Hit,671,1,35,1,3,0,5,0,160,1,0,0,0,0,0,0,0,0,1,17,70,0,0,11.9,0,0,0,0,0,0,0,0,1,221,222,223,0,0,62,0,341,10,0,0,0,0,0,0,0,0,61,128,80,93,100,1,0,0,67,0,1036,1035,LSkill0671,Champion Hit,You jump high and hit enemy's heart hard
skill_672,672,Champion Hit,671,2,41,1,3,0,5,0,177,1,0,0,0,0,0,0,0,0,1,17,74,0,0,12.3,0,0,0,0,0,0,0,0,1,221,222,223,0,0,0,0,0,0,0,0,0,0,0,0,0,0,61,128,84,93,100,1,0,0,67,0,1036,1035,LSkill0671,Champion Hit,You jump high and hit enemy's heart hard
skill_673,673,Champion Hit,671,3,48,1,3,0,5,0,194,1,0,0,0,0,0,0,0,0,1,17,78,0,0,12.7,0,0,0,0,0,0,0,0,1,221,222,223,0,0,0,0,0,0,0,0,0,0,0,0,0,0,61,128,88,93,100,1,0,0,67,0,1036,1035,LSkill0671,Champion Hit,You jump high and hit enemy's heart hard
skill_674,674,Champion Hit,671,4,56,1,3,0,5,0,211,1,0,0,0,0,0,0,0,0,1,17,82,0,0,13.1,0,0,0,0,0,0,0,0,1,221,222,223,0,0,0,0,0,0,0,0,0,0,0,0,0,0,61,128,92,93,100,1,0,0,67,0,1036,1035,LSkill0671,Champion Hit,You jump high and hit enemy's heart hard
skill_675,675,Champion Hit,671,5,65,1,3,0,5,0,228,1,0,0,0,0,0,0,0,0,1,17,86,0,0,13.5,0,0,0,0,0,0,0,0,1,221,222,223,0,0,0,0,0,0,0,0,0,0,0,0,0,0,61,128,96,93,100,1,0,0,67,0,1036,1035,LSkill0671,Champion Hit,You jump high and hit enemy's heart hard
skill_676,676,Champion Hit,671,6,75,1,3,0,5,0,245,1,0,0,0,0,0,0,0,0,1,17,90,0,0,13.9,0,0,0,0,0,0,0,0,1,221,222,223,0,0,0,0,0,0,0,0,0,0,0,0,0,0,61,128,100,93,100,1,0,0,67,0,1036,1035,LSkill0671,Champion Hit,You jump high and hit enemy's heart hard
skill_677,677,Champion Hit,671,7,87,1,3,0,5,0,345,1,0,0,0,0,0,0,0,0,1,17,94,0,0,14.3,0,0,0,0,0,0,0,0,1,221,222,223,0,0,0,0,0,0,0,0,0,0,0,0,0,0,61,128,104,93,100,1,0,0,67,0,1036,1035,LSkill0671,Champion Hit,You jump high and hit enemy's heart hard
skill_678,678,Champion Hit,671,8,100,1,3,0,5,0,485,1,0,0,0,0,0,0,0,0,1,17,98,0,0,14.7,0,0,0,0,0,0,0,0,1,221,222,223,0,0,0,0,0,0,0,0,0,0,0,0,0,0,61,128,108,93,100,1,0,0,67,0,1036,1035,LSkill0671,Champion Hit,You jump high and hit enemy's heart hard
skill_679,679,Champion Hit,671,9,115,1,3,0,5,0,585,1,0,0,0,0,0,0,0,0,1,17,102,0,0,15.1,0,0,0,0,0,0,0,0,1,221,222,223,0,0,0,0,0,0,0,0,0,0,0,0,0,0,61,128,112,93,100,1,0,0,67,0,1036,1035,LSkill0671,Champion Hit,You jump high and hit enemy's heart hard
skill_680,680,Champion Hit,671,10,132,1,3,0,5,0,700,1,0,0,0,0,0,0,0,0,1,17,110,0,0,15.5,0,0,0,0,0,0,0,0,1,221,222,223,0,0,0,0,0,0,0,0,0,0,0,0,0,0,61,128,116,93,100,1,0,0,1252,0,1032,1405,LSkill0671,Champion Hit,You jump high and hit enemy's heart hard
skill_691,691,Staff Hit,691,1,8,1,3,0,5,0,30,1,0,0,0,0,0,0,0,0,0,17,30,0,0,9.9,0,0,0,0,0,0,0,0,1,241,0,0,0,0,42,0,801,4,0,0,0,0,0,0,0,0,70,111,100,91,110,2,0,0,67,0,1031,371,LSkill0691,Staff Hit,"By attacking enemy with magic staff, you can make your enemy insensible"
skill_692,692,Staff Hit,691,2,11,1,3,0,5,0,45,1,0,0,0,0,0,0,0,0,0,17,32,0,0,9.5,0,0,0,0,0,0,0,0,1,241,0,0,0,0,42,0,801,5,0,0,0,0,0,0,0,0,70,111,104,91,110,2,0,0,67,0,1031,371,LSkill0691,Staff Hit,"By attacking enemy with magic staff, you can make your enemy insensible"
skill_693,693,Staff Hit,691,3,14,1,3,0,5,0,60,1,0,0,0,0,0,0,0,0,0,17,34,0,0,9.1,0,0,0,0,0,0,0,0,1,241,0,0,0,0,42,0,801,6,0,0,0,0,0,0,0,0,70,111,108,91,110,2,0,0,67,0,1031,371,LSkill0691,Staff Hit,"By attacking enemy with magic staff, you can make your enemy insensible"
skill_694,694,Staff Hit,691,4,18,1,3,0,5,0,75,1,0,0,0,0,0,0,0,0,0,17,36,0,0,8.7,0,0,0,0,0,0,0,0,1,241,0,0,0,0,42,0,801,7,0,0,0,0,0,0,0,0,70,111,112,91,110,2,0,0,67,0,1031,371,LSkill0691,Staff Hit,"By attacking enemy with magic staff, you can make your enemy insensible"
skill_695,695,Staff Hit,691,5,23,1,3,0,5,0,90,1,0,0,0,0,0,0,0,0,0,17,38,0,0,8.3,0,0,0,0,0,0,0,0,1,241,0,0,0,0,42,0,801,8,0,0,0,0,0,0,0,0,70,111,116,91,110,2,0,0,67,0,1031,371,LSkill0691,Staff Hit,"By attacking enemy with magic staff, you can make your enemy insensible"
skill_696,696,Staff Hit,691,6,29,1,3,0,5,0,100,1,0,0,0,0,0,0,0,0,0,17,40,0,0,7.9,0,0,0,0,0,0,0,0,1,241,0,0,0,0,42,0,801,10,0,0,0,0,0,0,0,0,70,111,120,91,110,2,0,0,67,0,1031,371,LSkill0691,Staff Hit,"By attacking enemy with magic staff, you can make your enemy insensible"
skill_697,697,Staff Hit,691,7,36,1,3,0,5,0,110,1,0,0,0,0,0,0,0,0,0,17,42,0,0,7.9,0,0,0,0,0,0,0,0,1,241,0,0,0,0,42,0,801,12,0,0,0,0,0,0,0,0,70,111,124,91,110,2,0,0,67,0,1031,371,LSkill0691,Staff Hit,"By attacking enemy with magic staff, you can make your enemy insensible"
skill_698,698,Staff Hit,691,8,44,1,3,0,5,0,120,1,0,0,0,0,0,0,0,0,0,17,44,0,0,7.9,0,0,0,0,0,0,0,0,1,241,0,0,0,0,42,0,801,14,0,0,0,0,0,0,0,0,70,111,128,91,110,2,0,0,67,0,1031,371,LSkill0691,Staff Hit,"By attacking enemy with magic staff, you can make your enemy insensible"
skill_699,699,Sacred Staff,691,9,54,1,3,0,5,0,150,1,29,0,21,0,1,0,60,7,0,17,46,0,0,7.9,0,22,0,30,0,0,0,0,1,241,0,0,0,0,63,0,801,16,0,0,0,0,31,200,0,0,70,111,132,91,110,2,0,0,67,0,1320,371,LSkill0691,Staff Hit,"By attacking enemy with magic staff, you can make your enemy insensible"
skill_700,700,Sacred Staff,691,10,66,1,3,0,5,0,200,1,29,32,21,24,1,1,80,8,0,17,50,0,0,11.9,0,22,0,30,0,0,0,0,1,241,0,0,0,0,63,0,801,18,0,0,0,0,31,202,0,0,70,111,136,91,110,2,0,0,67,0,1320,371,LSkill0691,Staff Hit,"By attacking enemy with magic staff, you can make your enemy insensible"
skill_710,710,1,710,1,195,2,15,0,0,0,0,0,0,0,0,0,0,0,0,0,0,0,0,0,0,0.0,0,0,0,0,0,0,0,0,0,0,0,0,0,0,51,0,0,0,0,0,0,0,0,0,0,0,46,0,0,0,0,0,0,0,0,0,0,0,LSKILL710,Unlock the Hidden Power,?
skill_711,711,2,711,1,195,2,15,0,0,0,0,0,0,0,0,0,0,0,0,0,0,0,0,0,0,0.0,0,0,0,0,0,0,0,0,0,0,0,0,0,0,0,0,710,1,0,0,0,0,0,0,0,0,46,0,0,0,0,0,0,0,0,0,0,0,LSKILL711,Unlock the Hidden Power 26,?
skill_712,712,3,712,1,195,2,15,0,0,0,0,0,0,0,0,0,0,0,0,0,0,0,0,0,0,0.0,0,0,0,0,0,0,0,0,0,0,0,0,0,0,0,0,711,1,710,1,0,0,0,0,0,0,46,0,0,0,0,0,0,0,0,0,0,0,LSKILL712,Unlock the Hidden Power 25,?
skill_713,713,4,713,1,195,2,15,0,0,0,0,0,0,0,0,0,0,0,0,0,0,0,0,0,0,0.0,0,0,0,0,0,0,0,0,0,0,0,0,0,0,0,0,712,1,711,1,710,1,0,0,0,0,46,0,0,0,0,0,0,0,0,0,0,0,LSKILL713,Unlock the Hidden Power 24,?
skill_714,714,5,714,1,195,2,15,0,0,0,0,0,0,0,0,0,0,0,0,0,0,0,0,0,0,0.0,0,0,0,0,0,0,0,0,0,0,0,0,0,0,0,0,713,1,712,1,711,1,0,0,0,0,46,0,0,0,0,0,0,0,0,0,0,0,LSKILL714,Unlock the Hidden Power 23,?
skill_715,715,6,715,1,195,2,15,0,0,0,0,0,0,0,0,0,0,0,0,0,0,0,0,0,0,0.0,0,0,0,0,0,0,0,0,0,0,0,0,0,0,0,0,714,1,713,1,712,1,0,0,0,0,46,0,0,0,0,0,0,0,0,0,0,0,LSKILL715,Unlock the Hidden Power 22,?
skill_716,716,7,716,1,195,2,15,0,0,0,0,0,0,0,0,0,0,0,0,0,0,0,0,0,0,0.0,0,0,0,0,0,0,0,0,0,0,0,0,0,0,0,0,715,1,714,1,713,1,0,0,0,0,46,0,0,0,0,0,0,0,0,0,0,0,LSKILL716,Unlock the Hidden Power 21,?
skill_717,717,8,717,1,195,2,15,0,0,0,0,0,0,0,0,0,0,0,0,0,0,0,0,0,0,0.0,0,0,0,0,0,0,0,0,0,0,0,0,0,0,0,0,716,1,715,1,714,1,0,0,0,0,46,0,0,0,0,0,0,0,0,0,0,0,LSKILL717,Unlock the Hidden Power 20,?
skill_718,718,9,718,1,195,2,15,0,0,0,0,0,0,0,0,0,0,0,0,0,0,0,0,0,0,0.0,0,0,0,0,0,0,0,0,0,0,0,0,0,0,0,0,717,1,716,1,715,1,0,0,0,0,46,0,0,0,0,0,0,0,0,0,0,0,LSKILL718,Unlock the Hidden Power 19,?
skill_719,719,10,719,1,195,2,15,0,0,0,0,0,0,0,0,0,0,0,0,0,0,0,0,0,0,0.0,0,0,0,0,0,0,0,0,0,0,0,0,0,0,0,0,718,1,717,1,716,1,0,0,0,0,46,0,0,0,0,0,0,0,0,0,0,0,LSKILL719,Unlock the Hidden Power 18,?
skill_720,720,11,720,1,195,2,15,0,0,0,0,0,0,0,0,0,0,0,0,0,0,0,0,0,0,0.0,0,0,0,0,0,0,0,0,0,0,0,0,0,0,0,0,719,1,718,1,717,1,0,0,0,0,46,0,0,0,0,0,0,0,0,0,0,0,LSKILL720,Unlock the Hidden Power 17,?
skill_721,721,12,721,1,195,2,15,0,0,0,0,0,0,0,0,0,0,0,0,0,0,0,0,0,0,0.0,0,0,0,0,0,0,0,0,0,0,0,0,0,0,0,0,720,1,719,1,718,1,0,0,0,0,46,0,0,0,0,0,0,0,0,0,0,0,LSKILL721,Unlock the Hidden Power 16,?
skill_722,722,13,722,1,195,2,15,0,0,0,0,0,0,0,0,0,0,0,0,0,0,0,0,0,0,0.0,0,0,0,0,0,0,0,0,0,0,0,0,0,0,0,0,721,1,720,1,719,1,0,0,0,0,46,0,0,0,0,0,0,0,0,0,0,0,LSKILL722,Unlock the Hidden Power 15,?
skill_723,723,14,723,1,195,2,15,0,0,0,0,0,0,0,0,0,0,0,0,0,0,0,0,0,0,0.0,0,0,0,0,0,0,0,0,0,0,0,0,0,0,0,0,722,1,721,1,720,1,0,0,0,0,46,0,0,0,0,0,0,0,0,0,0,0,LSKILL723,Unlock the Hidden Power 14,?
skill_724,724,15,724,1,195,2,15,0,0,0,0,0,0,0,0,0,0,0,0,0,0,0,0,0,0,0.0,0,0,0,0,0,0,0,0,0,0,0,0,0,0,0,0,723,1,722,1,721,1,0,0,0,0,46,0,0,0,0,0,0,0,0,0,0,0,LSKILL724,Unlock the Hidden Power 13,?
skill_725,725,16,725,1,195,2,15,0,0,0,0,0,0,0,0,0,0,0,0,0,0,0,0,0,0,0.0,0,0,0,0,0,0,0,0,0,0,0,0,0,0,0,0,724,1,723,1,722,1,0,0,0,0,46,0,0,0,0,0,0,0,0,0,0,0,LSKILL725,Unlock the Hidden Power 12,?
skill_726,726,17,726,1,195,2,15,0,0,0,0,0,0,0,0,0,0,0,0,0,0,0,0,0,0,0.0,0,0,0,0,0,0,0,0,0,0,0,0,0,0,0,0,725,1,724,1,723,1,0,0,0,0,46,0,0,0,0,0,0,0,0,0,0,0,LSKILL726,Unlock the Hidden Power 11,?
skill_727,727,18,727,1,195,2,15,0,0,0,0,0,0,0,0,0,0,0,0,0,0,0,0,0,0,0.0,0,0,0,0,0,0,0,0,0,0,0,0,0,0,0,0,726,1,725,1,724,1,0,0,0,0,46,0,0,0,0,0,0,0,0,0,0,0,LSKILL727,Unlock the Hidden Power 10,?
skill_728,728,19,728,1,195,2,15,0,0,0,0,0,0,0,0,0,0,0,0,0,0,0,0,0,0,0.0,0,0,0,0,0,0,0,0,0,0,0,0,0,0,0,0,727,1,726,1,725,1,0,0,0,0,46,0,0,0,0,0,0,0,0,0,0,0,LSKILL728,Unlock the Hidden Power 9,?
skill_729,729,20,729,1,195,2,15,0,0,0,0,0,0,0,0,0,0,0,0,0,0,0,0,0,0,0.0,0,0,0,0,0,0,0,0,0,0,0,0,0,0,0,0,728,1,727,1,726,1,0,0,0,0,46,0,0,0,0,0,0,0,0,0,0,0,LSKILL729,Unlock the Hidden Power 8,?
skill_730,730,21,730,1,195,2,15,0,0,0,0,0,0,0,0,0,0,0,0,0,0,0,0,0,0,0.0,0,0,0,0,0,0,0,0,0,0,0,0,0,0,0,0,729,1,728,1,727,1,0,0,0,0,46,0,0,0,0,0,0,0,0,0,0,0,LSKILL730,Unlock the Hidden Power 7,?
skill_731,731,22,731,1,195,2,15,0,0,0,0,0,0,0,0,0,0,0,0,0,0,0,0,0,0,0.0,0,0,0,0,0,0,0,0,0,0,0,0,0,0,0,0,730,1,729,1,728,1,0,0,0,0,46,0,0,0,0,0,0,0,0,0,0,0,LSKILL731,Unlock the Hidden Power 6,?
skill_732,732,23,732,1,195,2,15,0,0,0,0,0,0,0,0,0,0,0,0,0,0,0,0,0,0,0.0,0,0,0,0,0,0,0,0,0,0,0,0,0,0,0,0,731,1,730,1,729,1,0,0,0,0,46,0,0,0,0,0,0,0,0,0,0,0,LSKILL732,Unlock the Hidden Power 5,?
skill_733,733,24,733,1,195,2,15,0,0,0,0,0,0,0,0,0,0,0,0,0,0,0,0,0,0,0.0,0,0,0,0,0,0,0,0,0,0,0,0,0,0,0,0,732,1,731,1,730,1,0,0,0,0,46,0,0,0,0,0,0,0,0,0,0,0,LSKILL733,Unlock the Hidden Power 4,?
skill_734,734,25,734,1,195,2,15,0,0,0,0,0,0,0,0,0,0,0,0,0,0,0,0,0,0,0.0,0,0,0,0,0,0,0,0,0,0,0,0,0,0,0,0,733,1,732,1,731,1,0,0,0,0,46,0,0,0,0,0,0,0,0,0,0,0,LSKILL734,Unlock the Hidden Power 3,?
skill_735,735,26,735,1,195,2,15,0,0,0,0,0,0,0,0,0,0,0,0,0,0,0,0,0,0,0.0,0,0,0,0,0,0,0,0,0,0,0,0,0,0,0,0,734,1,733,1,732,1,0,0,0,0,46,0,0,0,0,0,0,0,0,0,0,0,LSKILL735,Unlock the Hidden Power 2,?
skill_736,736,27,736,1,195,2,15,0,0,0,0,0,0,0,0,0,0,0,0,0,0,0,0,0,0,0.0,0,0,0,0,0,0,0,0,0,0,0,0,0,0,0,0,735,1,734,1,733,1,0,0,0,0,46,0,0,0,0,0,0,0,0,0,0,0,LSKILL736,Unlock the Hidden Power 1,?
skill_737,737,28,737,1,200,2,15,0,0,0,0,0,0,0,0,0,0,0,0,0,0,0,0,0,0,0.0,0,43,100,0,42,30,0,0,0,0,0,0,0,0,0,0,736,1,735,1,734,1,0,0,0,0,347,0,0,0,0,0,0,0,0,0,0,0,LSKILL737,ETC Weapon Mastery,Unlock the Hidden Power!
skill_738,738,29,738,1,200,2,15,0,0,0,0,0,0,0,0,0,0,0,0,0,0,0,0,0,0,0.0,0,53,100,0,54,400,0,0,0,0,0,0,0,0,0,0,737,1,736,1,735,1,0,0,0,0,349,0,0,0,0,0,0,0,0,0,0,0,LSKILL738,ETC Showcase Mastery,Unlock the Hidden Power!
skill_739,739,30,739,1,200,2,15,0,0,0,0,0,0,0,0,0,0,0,0,0,0,0,0,0,0,0.0,0,52,100,0,55,400,0,0,0,0,0,0,0,0,0,0,738,1,737,1,736,1,0,0,0,0,351,0,0,0,0,0,0,0,0,0,0,0,LSKILL739,ETC Demon Fencing Mastery,Unlock the Hidden Power!
skill_770,770,AP,770,1,10,2,15,0,0,0,0,0,0,0,0,0,0,0,0,0,0,0,0,0,0,0.0,0,18,0,2,0,0,0,0,0,0,0,0,0,0,0,0,0,0,0,0,0,0,31,100,0,0,351,0,0,0,0,0,0,0,0,0,0,0,LSKILL770,,
skill_771,771,AP,770,2,10,2,15,0,0,0,0,0,0,0,0,0,0,0,0,0,0,0,0,0,0,0.0,0,18,0,4,0,0,0,0,0,0,0,0,0,0,0,0,0,0,0,0,0,0,31,150,0,0,351,0,0,0,0,0,0,0,0,0,0,0,LSKILL770,,
skill_772,772,AP,770,3,10,2,15,0,0,0,0,0,0,0,0,0,0,0,0,0,0,0,0,0,0,0.0,0,18,0,6,0,0,0,0,0,0,0,0,0,0,0,0,0,0,0,0,0,0,31,200,0,0,351,0,0,0,0,0,0,0,0,0,0,0,LSKILL770,,
skill_773,773,AP,770,4,10,2,15,0,0,0,0,0,0,0,0,0,0,0,0,0,0,0,0,0,0,0.0,0,18,0,8,0,0,0,0,0,0,0,0,0,0,0,0,0,0,0,0,0,0,31,230,0,0,351,0,0,0,0,0,0,0,0,0,0,0,LSKILL770,,
skill_774,774,AP,770,5,10,2,15,0,0,0,0,0,0,0,0,0,0,0,0,0,0,0,0,0,0,0.0,0,18,0,10,0,0,0,0,0,0,0,0,0,0,0,0,0,0,0,0,0,0,31,255,0,0,351,0,0,0,0,0,0,0,0,0,0,0,LSKILL770,,
skill_776,776,DEFENSE,770,1,10,2,15,0,0,0,0,0,0,0,0,0,0,0,0,0,0,0,0,0,0,0.0,0,53,0,5,0,0,0,0,0,0,0,0,0,0,0,0,0,0,0,0,0,0,31,100,0,0,351,0,0,0,0,0,0,0,0,0,0,0,LSKILL776,,
skill_777,777,DEFENSE,770,2,10,2,15,0,0,0,0,0,0,0,0,0,0,0,0,0,0,0,0,0,0,0.0,0,53,0,10,0,0,0,0,0,0,0,0,0,0,0,0,0,0,0,0,0,0,31,150,0,0,351,0,0,0,0,0,0,0,0,0,0,0,LSKILL776,,
skill_778,778,DEFENSE,770,3,10,2,15,0,0,0,0,0,0,0,0,0,0,0,0,0,0,0,0,0,0,0.0,0,53,0,15,0,0,0,0,0,0,0,0,0,0,0,0,0,0,0,0,0,0,31,200,0,0,351,0,0,0,0,0,0,0,0,0,0,0,LSKILL776,,
skill_779,779,DEFENSE,770,4,10,2,15,0,0,0,0,0,0,0,0,0,0,0,0,0,0,0,0,0,0,0.0,0,53,0,20,0,0,0,0,0,0,0,0,0,0,0,0,0,0,0,0,0,0,31,230,0,0,351,0,0,0,0,0,0,0,0,0,0,0,LSKILL776,,
skill_780,780,DEFENSE,770,5,10,2,15,0,0,0,0,0,0,0,0,0,0,0,0,0,0,0,0,0,0,0.0,0,53,0,25,0,0,0,0,0,0,0,0,0,0,0,0,0,0,0,0,0,0,31,255,0,0,351,0,0,0,0,0,0,0,0,0,0,0,LSKILL776,,
skill_782,782,M . RES,770,1,10,2,15,0,0,0,0,0,0,0,0,0,0,0,0,0,0,0,0,0,0,0.0,0,21,0,5,0,0,0,0,0,0,0,0,0,0,0,0,0,0,0,0,0,0,31,100,0,0,351,0,0,0,0,0,0,0,0,0,0,0,LSKILL782,,
skill_783,783,M . RES,770,2,10,2,15,0,0,0,0,0,0,0,0,0,0,0,0,0,0,0,0,0,0,0.0,0,21,0,10,0,0,0,0,0,0,0,0,0,0,0,0,0,0,0,0,0,0,31,150,0,0,351,0,0,0,0,0,0,0,0,0,0,0,LSKILL782,,
skill_784,784,M . RES,770,3,10,2,15,0,0,0,0,0,0,0,0,0,0,0,0,0,0,0,0,0,0,0.0,0,21,0,15,0,0,0,0,0,0,0,0,0,0,0,0,0,0,0,0,0,0,31,200,0,0,351,0,0,0,0,0,0,0,0,0,0,0,LSKILL782,,
skill_785,785,M . RES,770,4,10,2,15,0,0,0,0,0,0,0,0,0,0,0,0,0,0,0,0,0,0,0.0,0,21,0,20,0,0,0,0,0,0,0,0,0,0,0,0,0,0,0,0,0,0,31,230,0,0,351,0,0,0,0,0,0,0,0,0,0,0,LSKILL782,,
skill_786,786,M . RES,770,5,10,2,15,0,0,0,0,0,0,0,0,0,0,0,0,0,0,0,0,0,0,0.0,0,21,0,25,0,0,0,0,0,0,0,0,0,0,0,0,0,0,0,0,0,0,31,255,0,0,351,0,0,0,0,0,0,0,0,0,0,0,LSKILL782,,
skill_801,801,MagicArmsMastery,801,1,4,2,15,0,0,0,0,0,0,0,0,0,0,0,0,0,0,0,0,0,0,0.0,0,46,4,0,0,0,0,0,0,241,242,0,0,0,42,0,0,0,0,0,0,0,0,0,0,0,65,0,0,0,0,0,0,0,0,0,0,0,LSkill0801,MagicArmsMastery,You can increase your attack power when you use magic weapon
skill_802,802,MagicArmsMastery,801,2,5,2,15,0,0,0,0,0,0,0,0,0,0,0,0,0,0,0,0,0,0,0.0,0,46,7,0,0,0,0,0,0,241,242,0,0,0,0,0,0,0,0,0,0,0,0,0,0,0,65,0,0,0,0,0,0,0,0,0,0,0,LSkill0801,MagicArmsMastery,You can increase your attack power when you use magic weapon
skill_803,803,MagicArmsMastery,801,3,7,2,15,0,0,0,0,0,0,0,0,0,0,0,0,0,0,0,0,0,0,0.0,0,46,10,0,0,0,0,0,0,241,242,0,0,0,0,0,0,0,0,0,0,0,0,0,0,0,65,0,0,0,0,0,0,0,0,0,0,0,LSkill0801,MagicArmsMastery,You can increase your attack power when you use magic weapon
skill_804,804,MagicArmsMastery,801,4,9,2,15,0,0,0,0,0,0,0,0,0,0,0,0,0,0,0,0,0,0,0.0,0,46,13,0,0,0,0,0,0,241,242,0,0,0,0,0,0,0,0,0,0,0,0,0,0,0,65,0,0,0,0,0,0,0,0,0,0,0,LSkill0801,MagicArmsMastery,You can increase your attack power when you use magic weapon
skill_805,805,MagicArmsMastery,801,5,11,2,15,0,0,0,0,0,0,0,0,0,0,0,0,0,0,0,0,0,0,0.0,0,46,16,0,0,0,0,0,0,241,242,0,0,0,0,0,0,0,0,0,0,0,0,0,0,0,65,0,0,0,0,0,0,0,0,0,0,0,LSkill0801,MagicArmsMastery,You can increase your attack power when you use magic weapon
skill_806,806,MagicArmsMastery,801,6,13,2,15,0,0,0,0,0,0,0,0,0,0,0,0,0,0,0,0,0,0,0.0,0,46,19,0,0,0,0,0,0,241,242,0,0,0,0,0,0,0,0,0,0,0,0,0,0,0,65,0,0,0,0,0,0,0,0,0,0,0,LSkill0801,MagicArmsMastery,You can increase your attack power when you use magic weapon
skill_807,807,MagicArmsMastery,801,7,15,2,15,0,0,0,0,0,0,0,0,0,0,0,0,0,0,0,0,0,0,0.0,0,46,22,0,0,0,0,0,0,241,242,0,0,0,0,0,0,0,0,0,0,0,0,0,0,0,65,0,0,0,0,0,0,0,0,0,0,0,LSkill0801,MagicArmsMastery,You can increase your attack power when you use magic weapon
skill_808,808,MagicArmsMastery,801,8,18,2,15,0,0,0,0,0,0,0,0,0,0,0,0,0,0,0,0,0,0,0.0,0,46,25,0,0,0,0,0,0,241,242,0,0,0,0,0,0,0,0,0,0,0,0,0,0,0,65,0,0,0,0,0,0,0,0,0,0,0,LSkill0801,MagicArmsMastery,You can increase your attack power when you use magic weapon
skill_809,809,MagicArmsMastery,801,9,21,2,15,0,0,0,0,0,0,0,0,0,0,0,0,0,0,0,0,0,0,0.0,0,46,28,0,0,0,0,0,0,241,242,0,0,0,0,0,0,0,0,0,0,0,0,0,0,0,65,0,0,0,0,0,0,0,0,0,0,0,LSkill0801,MagicArmsMastery,You can increase your attack power when you use magic weapon
skill_810,810,MagicArmsMastery,801,10,24,2,15,0,0,0,0,0,0,0,0,0,0,0,0,0,0,0,0,0,0,0.0,0,46,31,0,0,0,0,0,0,241,242,0,0,0,0,0,0,0,0,0,0,0,0,0,0,0,65,0,0,0,0,0,0,0,0,0,0,0,LSkill0801,MagicArmsMastery,You can increase your attack power when you use magic weapon
skill_811,811,MagicArmsMastery,801,11,27,2,15,0,0,0,0,0,0,0,0,0,0,0,0,0,0,0,0,0,0,0.0,0,46,35,0,0,0,0,0,0,241,242,0,0,0,0,0,0,0,0,0,0,0,31,70,0,0,65,0,0,0,0,0,0,0,0,0,0,0,LSkill0801,MagicArmsMastery,You can increase your attack power when you use magic weapon
skill_812,812,MagicArmsMastery,801,12,31,2,15,0,0,0,0,0,0,0,0,0,0,0,0,0,0,0,0,0,0,0.0,0,46,39,0,0,0,0,0,0,241,242,0,0,0,0,0,0,0,0,0,0,0,0,0,0,0,65,0,0,0,0,0,0,0,0,0,0,0,LSkill0801,MagicArmsMastery,You can increase your attack power when you use magic weapon
skill_813,813,MagicArmsMastery,801,13,35,2,15,0,0,0,0,0,0,0,0,0,0,0,0,0,0,0,0,0,0,0.0,0,46,43,0,0,0,0,0,0,241,242,0,0,0,0,0,0,0,0,0,0,0,0,0,0,0,65,0,0,0,0,0,0,0,0,0,0,0,LSkill0801,MagicArmsMastery,You can increase your attack power when you use magic weapon
skill_814,814,MagicArmsMastery,801,14,39,2,15,0,0,0,0,0,0,0,0,0,0,0,0,0,0,0,0,0,0,0.0,0,46,47,0,0,0,0,0,0,241,242,0,0,0,0,0,0,0,0,0,0,0,0,0,0,0,65,0,0,0,0,0,0,0,0,0,0,0,LSkill0801,MagicArmsMastery,You can increase your attack power when you use magic weapon
skill_815,815,MagicArmsMastery,801,15,44,2,15,0,0,0,0,0,0,0,0,0,0,0,0,0,0,0,0,0,0,0.0,0,46,51,0,0,0,0,0,0,241,242,0,0,0,0,0,0,0,0,0,0,0,0,0,0,0,65,0,0,0,0,0,0,0,0,0,0,0,LSkill0801,MagicArmsMastery,You can increase your attack power when you use magic weapon
skill_816,816,MagicArmsMastery,801,16,49,2,15,0,0,0,0,0,0,0,0,0,0,0,0,0,0,0,0,0,0,0.0,0,46,55,0,0,0,0,0,0,241,242,0,0,0,0,0,0,0,0,0,0,0,0,0,0,0,65,0,0,0,0,0,0,0,0,0,0,0,LSkill0801,MagicArmsMastery,You can increase your attack power when you use magic weapon
skill_817,817,MagicArmsMastery,801,17,54,2,15,0,0,0,0,0,0,0,0,0,0,0,0,0,0,0,0,0,0,0.0,0,46,59,0,0,0,0,0,0,241,242,0,0,0,0,0,0,0,0,0,0,0,0,0,0,0,65,0,0,0,0,0,0,0,0,0,0,0,LSkill0801,MagicArmsMastery,You can increase your attack power when you use magic weapon
skill_818,818,MagicArmsMastery,801,18,60,2,15,0,0,0,0,0,0,0,0,0,0,0,0,0,0,0,0,0,0,0.0,0,46,63,0,0,0,0,0,0,241,242,0,0,0,0,0,0,0,0,0,0,0,0,0,0,0,65,0,0,0,0,0,0,0,0,0,0,0,LSkill0801,MagicArmsMastery,You can increase your attack power when you use magic weapon
skill_819,819,MagicArmsMastery,801,19,66,2,15,0,0,0,0,0,0,0,0,0,0,0,0,0,0,0,0,0,0,0.0,0,46,67,0,53,150,0,0,0,241,242,0,0,0,0,0,0,0,0,0,0,0,0,0,0,0,65,0,0,0,0,0,0,0,0,0,0,0,LSkill0801,MagicArmsMastery,You can increase your attack power when you use magic weapon
skill_820,820,MagicArmsMastery,801,20,73,2,15,0,0,0,0,0,0,0,0,0,0,0,0,0,0,0,0,0,0,0.0,0,46,71,0,53,250,0,0,0,241,242,0,0,0,0,0,0,0,0,0,0,0,0,0,0,0,65,0,0,0,0,0,0,0,0,0,0,0,LSkill0801,MagicArmsMastery,You can increase your attack power when you use magic weapon
skill_821,821,Meditation,821,1,4,2,15,0,0,0,0,0,0,0,0,0,0,0,0,0,0,0,0,0,0,0.0,0,55,25,0,57,4,0,0,0,0,0,0,0,0,42,0,0,0,0,0,0,0,0,0,0,0,69,0,0,0,0,0,0,0,0,0,0,0,LSkill0821,Meditation,You can increase your Max MP and raise speed of MP recovery
skill_822,822,Meditation,821,2,5,2,15,0,0,0,0,0,0,0,0,0,0,0,0,0,0,0,0,0,0,0.0,0,55,35,0,57,7,0,0,0,0,0,0,0,0,0,0,0,0,0,0,0,0,0,0,0,0,69,0,0,0,0,0,0,0,0,0,0,0,LSkill0821,Meditation,You can increase your Max MP and raise speed of MP recovery
skill_823,823,Meditation,821,3,7,2,15,0,0,0,0,0,0,0,0,0,0,0,0,0,0,0,0,0,0,0.0,0,55,46,0,57,10,0,0,0,0,0,0,0,0,0,0,0,0,0,0,0,0,0,0,0,0,69,0,0,0,0,0,0,0,0,0,0,0,LSkill0821,Meditation,You can increase your Max MP and raise speed of MP recovery
skill_824,824,Meditation,821,4,9,2,15,0,0,0,0,0,0,0,0,0,0,0,0,0,0,0,0,0,0,0.0,0,55,59,0,57,13,0,0,0,0,0,0,0,0,0,0,0,0,0,0,0,0,0,0,0,0,69,0,0,0,0,0,0,0,0,0,0,0,LSkill0821,Meditation,You can increase your Max MP and raise speed of MP recovery
skill_825,825,Meditation,821,5,11,2,15,0,0,0,0,0,0,0,0,0,0,0,0,0,0,0,0,0,0,0.0,0,55,73,0,57,16,0,0,0,0,0,0,0,0,0,0,0,0,0,0,0,0,0,0,0,0,69,0,0,0,0,0,0,0,0,0,0,0,LSkill0821,Meditation,You can increase your Max MP and raise speed of MP recovery
skill_826,826,Meditation,821,6,13,2,15,0,0,0,0,0,0,0,0,0,0,0,0,0,0,0,0,0,0,0.0,0,55,89,0,57,19,0,0,0,0,0,0,0,0,0,0,0,0,0,0,0,0,0,0,0,0,69,0,0,0,0,0,0,0,0,0,0,0,LSkill0821,Meditation,You can increase your Max MP and raise speed of MP recovery
skill_827,827,Meditation,821,7,16,2,15,0,0,0,0,0,0,0,0,0,0,0,0,0,0,0,0,0,0,0.0,0,55,106,0,57,22,0,0,0,0,0,0,0,0,0,0,0,0,0,0,0,0,0,0,0,0,69,0,0,0,0,0,0,0,0,0,0,0,LSkill0821,Meditation,You can increase your Max MP and raise speed of MP recovery
skill_828,828,Meditation,821,8,19,2,15,0,0,0,0,0,0,0,0,0,0,0,0,0,0,0,0,0,0,0.0,0,55,125,0,57,25,0,0,0,0,0,0,0,0,0,0,0,0,0,0,0,0,0,0,0,0,69,0,0,0,0,0,0,0,0,0,0,0,LSkill0821,Meditation,You can increase your Max MP and raise speed of MP recovery
skill_829,829,Meditation,821,9,22,2,15,0,0,0,0,0,0,0,0,0,0,0,0,0,0,0,0,0,0,0.0,0,55,145,0,57,28,0,0,0,0,0,0,0,0,0,0,0,0,0,0,0,0,0,0,0,0,69,0,0,0,0,0,0,0,0,0,0,0,LSkill0821,Meditation,You can increase your Max MP and raise speed of MP recovery
skill_830,830,Meditation,821,10,26,2,15,0,0,0,0,0,0,0,0,0,0,0,0,0,0,0,0,0,0,0.0,0,55,167,0,57,30,0,0,0,0,0,0,0,0,0,0,0,0,0,0,0,0,0,0,0,0,69,0,0,0,0,0,0,0,0,0,0,0,LSkill0821,Meditation,You can increase your Max MP and raise speed of MP recovery
skill_831,831,Meditation,821,11,30,2,15,0,0,0,0,0,0,0,0,0,0,0,0,0,0,0,0,0,0,0.0,0,55,190,0,57,32,0,0,0,0,0,0,0,0,64,0,0,0,0,0,0,0,0,0,0,0,69,0,0,0,0,0,0,0,0,0,0,0,LSkill0821,Meditation,You can increase your Max MP and raise speed of MP recovery
skill_832,832,Meditation,821,12,34,2,15,0,0,0,0,0,0,0,0,0,0,0,0,0,0,0,0,0,0,0.0,0,55,215,0,57,34,0,0,0,0,0,0,0,0,0,0,0,0,0,0,0,0,0,0,0,0,69,0,0,0,0,0,0,0,0,0,0,0,LSkill0821,Meditation,You can increase your Max MP and raise speed of MP recovery
skill_833,833,Meditation,821,13,38,2,15,0,0,0,0,0,0,0,0,0,0,0,0,0,0,0,0,0,0,0.0,0,55,241,0,57,36,0,0,0,0,0,0,0,0,0,0,0,0,0,0,0,0,0,0,0,0,69,0,0,0,0,0,0,0,0,0,0,0,LSkill0821,Meditation,You can increase your Max MP and raise speed of MP recovery
skill_834,834,Meditation,821,14,42,2,15,0,0,0,0,0,0,0,0,0,0,0,0,0,0,0,0,0,0,0.0,0,55,269,0,57,38,0,0,0,0,0,0,0,0,0,0,0,0,0,0,0,0,0,0,0,0,69,0,0,0,0,0,0,0,0,0,0,0,LSkill0821,Meditation,You can increase your Max MP and raise speed of MP recovery
skill_835,835,Meditation,821,15,47,2,15,0,0,0,0,0,0,0,0,0,0,0,0,0,0,0,0,0,0,0.0,0,55,298,0,57,40,0,0,0,0,0,0,0,0,0,0,0,0,0,0,0,0,0,0,0,0,69,0,0,0,0,0,0,0,0,0,0,0,LSkill0821,Meditation,You can increase your Max MP and raise speed of MP recovery
skill_836,836,Meditation,821,16,52,2,15,0,0,0,0,0,0,0,0,0,0,0,0,0,0,0,0,0,0,0.0,0,55,329,0,57,42,0,0,0,0,0,0,0,0,0,0,0,0,0,0,0,0,0,0,0,0,69,0,0,0,0,0,0,0,0,0,0,0,LSkill0821,Meditation,You can increase your Max MP and raise speed of MP recovery
skill_837,837,Meditation,821,17,58,2,15,0,0,0,0,0,0,0,0,0,0,0,0,0,0,0,0,0,0,0.0,0,55,361,0,57,44,0,0,0,0,0,0,0,0,0,0,0,0,0,0,0,0,0,0,0,0,69,0,0,0,0,0,0,0,0,0,0,0,LSkill0821,Meditation,You can increase your Max MP and raise speed of MP recovery
skill_838,838,Meditation,821,18,64,2,15,0,0,0,0,0,0,0,0,0,0,0,0,0,0,0,0,0,0,0.0,0,55,395,0,57,46,0,0,0,0,0,0,0,0,0,0,0,0,0,0,0,0,0,0,0,0,69,0,0,0,0,0,0,0,0,0,0,0,LSkill0821,Meditation,You can increase your Max MP and raise speed of MP recovery
skill_839,839,Meditation,821,19,71,2,15,0,0,0,0,0,0,0,0,0,0,0,0,0,0,0,0,0,0,0.0,0,55,430,0,57,48,0,0,0,0,0,0,0,0,0,0,0,0,0,0,0,0,0,0,0,0,69,0,0,0,0,0,0,0,0,0,0,0,LSkill0821,Meditation,You can increase your Max MP and raise speed of MP recovery
skill_840,840,Meditation,821,20,78,2,15,0,0,0,0,0,0,0,0,0,0,0,0,0,0,0,0,0,0,0.0,0,55,470,0,57,50,0,0,0,0,0,0,0,0,0,0,0,0,0,0,0,0,0,0,0,0,69,0,0,0,0,0,0,0,0,0,0,0,LSkill0821,Meditation,You can increase your Max MP and raise speed of MP recovery
skill_841,841,Spell Mastery,841,1,4,2,15,0,0,0,0,0,0,0,0,0,0,0,0,0,0,0,0,0,0,0.0,0,61,4,0,0,0,0,0,0,0,0,0,0,0,42,0,0,0,0,0,0,0,0,0,0,0,73,0,0,0,0,0,0,0,0,0,0,0,LSkill0841,Spell Mastery,You can decrease required MP amount for each of your skills for certain rate
skill_842,842,Spell Mastery,841,2,5,2,15,0,0,0,0,0,0,0,0,0,0,0,0,0,0,0,0,0,0,0.0,0,61,6,0,0,0,0,0,0,0,0,0,0,0,0,0,0,0,0,0,0,0,0,0,0,0,73,0,0,0,0,0,0,0,0,0,0,0,LSkill0841,Spell Mastery,You can decrease required MP amount for each of your skills for certain rate
skill_843,843,Spell Mastery,841,3,7,2,15,0,0,0,0,0,0,0,0,0,0,0,0,0,0,0,0,0,0,0.0,0,61,8,0,0,0,0,0,0,0,0,0,0,0,0,0,0,0,0,0,0,0,0,0,0,0,73,0,0,0,0,0,0,0,0,0,0,0,LSkill0841,Spell Mastery,You can decrease required MP amount for each of your skills for certain rate
skill_844,844,Spell Mastery,841,4,9,2,15,0,0,0,0,0,0,0,0,0,0,0,0,0,0,0,0,0,0,0.0,0,61,10,0,0,0,0,0,0,0,0,0,0,0,0,0,0,0,0,0,0,0,0,0,0,0,73,0,0,0,0,0,0,0,0,0,0,0,LSkill0841,Spell Mastery,You can decrease required MP amount for each of your skills for certain rate
skill_845,845,Spell Mastery,841,5,11,2,15,0,0,0,0,0,0,0,0,0,0,0,0,0,0,0,0,0,0,0.0,0,61,12,0,0,0,0,0,0,0,0,0,0,0,0,0,0,0,0,0,0,0,0,0,0,0,73,0,0,0,0,0,0,0,0,0,0,0,LSkill0841,Spell Mastery,You can decrease required MP amount for each of your skills for certain rate
skill_846,846,Spell Mastery,841,6,13,2,15,0,0,0,0,0,0,0,0,0,0,0,0,0,0,0,0,0,0,0.0,0,61,14,0,0,0,0,0,0,0,0,0,0,0,0,0,0,0,0,0,0,0,0,0,0,0,73,0,0,0,0,0,0,0,0,0,0,0,LSkill0841,Spell Mastery,You can decrease required MP amount for each of your skills for certain rate
skill_847,847,Spell Mastery,841,7,16,2,15,0,0,0,0,0,0,0,0,0,0,0,0,0,0,0,0,0,0,0.0,0,61,16,0,0,0,0,0,0,0,0,0,0,0,0,0,0,0,0,0,0,0,0,0,0,0,73,0,0,0,0,0,0,0,0,0,0,0,LSkill0841,Spell Mastery,You can decrease required MP amount for each of your skills for certain rate
skill_848,848,Spell Mastery,841,8,19,2,15,0,0,0,0,0,0,0,0,0,0,0,0,0,0,0,0,0,0,0.0,0,61,18,0,0,0,0,0,0,0,0,0,0,0,0,0,0,0,0,0,0,0,0,0,0,0,73,0,0,0,0,0,0,0,0,0,0,0,LSkill0841,Spell Mastery,You can decrease required MP amount for each of your skills for certain rate
skill_849,849,Spell Mastery,841,9,22,2,15,0,0,0,0,0,0,0,0,0,0,0,0,0,0,0,0,0,0,0.0,0,61,19,0,0,0,0,0,0,0,0,0,0,0,0,0,0,0,0,0,0,0,0,0,0,0,73,0,0,0,0,0,0,0,0,0,0,0,LSkill0841,Spell Mastery,You can decrease required MP amount for each of your skills for certain rate
skill_850,850,Spell Mastery,841,10,26,2,15,0,0,0,0,0,0,0,0,0,0,0,0,0,0,0,0,0,0,0.0,0,61,20,0,0,0,0,0,0,0,0,0,0,0,0,0,0,0,0,0,0,0,0,0,0,0,73,0,0,0,0,0,0,0,0,0,0,0,LSkill0841,Spell Mastery,You can decrease required MP amount for each of your skills for certain rate
skill_851,851,Spell Mastery,841,11,30,2,15,0,0,0,0,0,0,0,0,0,0,0,0,0,0,0,0,0,0,0.0,0,61,21,0,0,0,0,0,0,0,0,0,0,0,63,0,0,0,0,0,0,0,0,0,0,0,73,0,0,0,0,0,0,0,0,0,0,0,LSkill0841,Spell Mastery,You can decrease required MP amount for each of your skills for certain rate
skill_852,852,Spell Mastery,841,12,34,2,15,0,0,0,0,0,0,0,0,0,0,0,0,0,0,0,0,0,0,0.0,0,61,22,0,0,0,0,0,0,0,0,0,0,0,0,0,0,0,0,0,0,0,0,0,0,0,73,0,0,0,0,0,0,0,0,0,0,0,LSkill0841,Spell Mastery,You can decrease required MP amount for each of your skills for certain rate
skill_853,853,Spell Mastery,841,13,38,2,15,0,0,0,0,0,0,0,0,0,0,0,0,0,0,0,0,0,0,0.0,0,61,23,0,0,0,0,0,0,0,0,0,0,0,0,0,0,0,0,0,0,0,0,0,0,0,73,0,0,0,0,0,0,0,0,0,0,0,LSkill0841,Spell Mastery,You can decrease required MP amount for each of your skills for certain rate
skill_854,854,Spell Mastery,841,14,42,2,15,0,0,0,0,0,0,0,0,0,0,0,0,0,0,0,0,0,0,0.0,0,61,24,0,0,0,0,0,0,0,0,0,0,0,0,0,0,0,0,0,0,0,0,0,0,0,73,0,0,0,0,0,0,0,0,0,0,0,LSkill0841,Spell Mastery,You can decrease required MP amount for each of your skills for certain rate
skill_855,855,Spell Mastery,841,15,47,2,15,0,0,0,0,0,0,0,0,0,0,0,0,0,0,0,0,0,0,0.0,0,61,25,0,0,0,0,0,0,0,0,0,0,0,0,0,0,0,0,0,0,0,0,0,0,0,73,0,0,0,0,0,0,0,0,0,0,0,LSkill0841,Spell Mastery,You can decrease required MP amount for each of your skills for certain rate
skill_856,856,Spell Mastery,841,16,52,2,15,0,0,0,0,0,0,0,0,0,0,0,0,0,0,0,0,0,0,0.0,0,61,26,0,0,0,0,0,0,0,0,0,0,0,0,0,0,0,0,0,0,0,0,0,0,0,73,0,0,0,0,0,0,0,0,0,0,0,LSkill0841,Spell Mastery,You can decrease required MP amount for each of your skills for certain rate
skill_857,857,Spell Mastery,841,17,58,2,15,0,0,0,0,0,0,0,0,0,0,0,0,0,0,0,0,0,0,0.0,0,61,27,0,0,0,0,0,0,0,0,0,0,0,0,0,0,0,0,0,0,0,0,0,0,0,73,0,0,0,0,0,0,0,0,0,0,0,LSkill0841,Spell Mastery,You can decrease required MP amount for each of your skills for certain rate
skill_858,858,Spell Mastery,841,18,64,2,15,0,0,0,0,0,0,0,0,0,0,0,0,0,0,0,0,0,0,0.0,0,61,28,0,0,0,0,0,0,0,0,0,0,0,0,0,0,0,0,0,0,0,0,0,0,0,73,0,0,0,0,0,0,0,0,0,0,0,LSkill0841,Spell Mastery,You can decrease required MP amount for each of your skills for certain rate
skill_859,859,Spell Mastery,841,19,71,2,15,0,0,0,0,0,0,0,0,0,0,0,0,0,0,0,0,0,0,0.0,0,61,29,0,0,0,0,0,0,0,0,0,0,0,0,0,0,0,0,0,0,0,0,0,0,0,73,0,0,0,0,0,0,0,0,0,0,0,LSkill0841,Spell Mastery,You can decrease required MP amount for each of your skills for certain rate
skill_860,860,Spell Mastery,841,20,78,2,15,0,0,0,0,0,0,0,0,0,0,0,0,0,0,0,0,0,0,0.0,0,61,30,0,0,0,0,0,0,0,0,0,0,0,0,0,0,0,0,0,0,0,0,0,0,0,73,0,0,0,0,0,0,0,0,0,0,0,LSkill0841,Spell Mastery,You can decrease required MP amount for each of your skills for certain rate
skill_861,861,Summon Mastery,861,1,25,2,15,0,0,0,0,0,0,0,0,0,0,0,0,0,0,0,0,0,0,0.0,0,62,30,0,0,0,0,0,0,0,0,0,0,0,42,0,0,0,0,0,0,0,31,40,0,0,100,0,0,0,0,0,0,0,0,0,0,0,LSkill0861,Summon Mastery,You can increase gague of summoning.
skill_862,862,Summon Mastery,861,2,27,2,15,0,0,0,0,0,0,0,0,0,0,0,0,0,0,0,0,0,0,0.0,0,62,40,0,0,0,0,0,0,0,0,0,0,0,0,0,0,0,0,0,0,0,0,0,0,0,100,0,0,0,0,0,0,0,0,0,0,0,LSkill0861,Summon Mastery,You can increase gague of summoning.
skill_863,863,Summon Mastery,861,3,29,2,15,0,0,0,0,0,0,0,0,0,0,0,0,0,0,0,0,0,0,0.0,0,62,50,0,0,0,0,0,0,0,0,0,0,0,0,0,0,0,0,0,0,0,0,0,0,0,100,0,0,0,0,0,0,0,0,0,0,0,LSkill0861,Summon Mastery,You can increase gague of summoning.
skill_864,864,Summon Mastery,861,4,31,2,15,0,0,0,0,0,0,0,0,0,0,0,0,0,0,0,0,0,0,0.0,0,62,60,0,0,0,0,0,0,0,0,0,0,0,0,0,0,0,0,0,0,0,0,0,0,0,100,0,0,0,0,0,0,0,0,0,0,0,LSkill0861,Summon Mastery,You can increase gague of summoning.
skill_865,865,Summon Mastery,861,5,34,2,15,0,0,0,0,0,0,0,0,0,0,0,0,0,0,0,0,0,0,0.0,0,62,70,0,0,0,0,0,0,0,0,0,0,0,0,0,0,0,0,0,0,0,0,0,0,0,100,0,0,0,0,0,0,0,0,0,0,0,LSkill0861,Summon Mastery,You can increase gague of summoning.
skill_866,866,Summon Mastery,861,6,37,2,15,0,0,0,0,0,0,0,0,0,0,0,0,0,0,0,0,0,0,0.0,0,62,80,0,0,0,0,0,0,0,0,0,0,0,0,0,0,0,0,0,0,0,0,0,0,0,100,0,0,0,0,0,0,0,0,0,0,0,LSkill0861,Summon Mastery,You can increase gague of summoning.
skill_867,867,Summon Mastery,861,7,40,2,15,0,0,0,0,0,0,0,0,0,0,0,0,0,0,0,0,0,0,0.0,0,62,90,0,0,0,0,0,0,0,0,0,0,0,0,0,0,0,0,0,0,0,0,0,0,0,100,0,0,0,0,0,0,0,0,0,0,0,LSkill0861,Summon Mastery,You can increase gague of summoning.
skill_868,868,Summon Mastery,861,8,43,2,15,0,0,0,0,0,0,0,0,0,0,0,0,0,0,0,0,0,0,0.0,0,62,100,0,0,0,0,0,0,0,0,0,0,0,0,0,0,0,0,0,0,0,0,0,0,0,100,0,0,0,0,0,0,0,0,0,0,0,LSkill0861,Summon Mastery,You can increase gague of summoning.
skill_869,869,Summon Mastery,861,9,46,2,15,0,0,0,0,0,0,0,0,0,0,0,0,0,0,0,0,0,0,0.0,0,62,110,0,0,0,0,0,0,0,0,0,0,0,0,0,0,0,0,0,0,0,0,0,0,0,100,0,0,0,0,0,0,0,0,0,0,0,LSkill0861,Summon Mastery,You can increase gague of summoning.
skill_870,870,Summon Mastery,861,10,49,2,15,0,0,0,0,0,0,0,0,0,0,0,0,0,0,0,0,0,0,0.0,0,62,120,0,0,0,0,0,0,0,0,0,0,0,0,0,0,0,0,0,0,0,0,0,0,0,100,0,0,0,0,0,0,0,0,0,0,0,LSkill0861,Summon Mastery,You can increase gague of summoning.
skill_901,901,Mana Bolt,901,1,6,1,6,2500,5,0,40,1,0,0,0,0,0,0,0,0,2,17,20,0,0,4.1,0,0,0,0,0,0,0,0,2,241,242,0,0,0,42,0,801,1,0,0,0,0,0,0,0,0,67,101,100,103,100,0,261,90,67,0,1801,1121,LSkill0901,Mana Bolt,"By using magic weapon, you can attack enemy in the distance with Mana Bolt"
skill_902,902,Mana Bolt,901,2,9,1,6,2550,5,0,56,1,0,0,0,0,0,0,0,0,2,17,24,0,0,4.3,0,0,0,0,0,0,0,0,2,241,242,0,0,0,0,0,801,3,0,0,0,0,0,0,0,0,67,101,100,103,100,0,261,90,67,0,1801,1121,LSkill0901,Mana Bolt,"By using magic weapon, you can attack enemy in the distance with Mana Bolt"
skill_903,903,Mana Bolt,901,3,12,1,6,2600,5,0,100,1,0,0,0,0,0,0,0,0,2,17,28,0,0,4.5,0,0,0,0,0,0,0,0,2,241,242,0,0,0,0,0,801,5,0,0,0,0,0,0,0,0,67,101,100,103,100,0,261,90,67,0,1801,1121,LSkill0901,Mana Bolt,"By using magic weapon, you can attack enemy in the distance with Mana Bolt"
skill_904,904,Mana Bolt,901,4,16,1,6,2650,5,0,200,1,0,0,0,0,0,0,0,0,2,17,32,0,0,4.7,0,0,0,0,0,0,0,0,2,241,242,0,0,0,0,0,801,7,0,0,0,0,0,0,0,0,67,101,100,103,100,0,261,90,67,0,1801,1121,LSkill0901,Mana Bolt,"By using magic weapon, you can attack enemy in the distance with Mana Bolt"
skill_905,905,Mana Bolt,901,5,21,1,6,2700,5,0,300,1,0,0,0,0,0,0,0,0,2,17,36,0,0,4.9,0,0,0,0,0,0,0,0,2,241,242,0,0,0,0,0,801,9,0,0,0,0,0,0,0,0,67,101,100,103,100,0,261,90,67,0,1801,1121,LSkill0901,Mana Bolt,"By using magic weapon, you can attack enemy in the distance with Mana Bolt"
skill_906,906,Mana Spear,901,6,27,1,6,2720,5,0,400,1,21,23,13,15,1,1,22,20,2,17,40,0,0,5.9,0,19,0,30,21,0,30,0,2,241,242,0,0,0,0,0,801,10,0,0,0,0,31,70,0,0,67,101,100,103,100,0,261,90,67,0,1801,1121,LSkill0906,Mana Spear,"By using Mana Spear attack, you can decrease enemy's defence power and magic resistance"
skill_907,907,Mana Spear,901,7,35,1,6,2740,5,0,500,1,21,23,13,15,1,1,24,20,2,17,44,0,0,6.1,0,19,0,30,21,0,30,0,2,241,242,0,0,0,0,0,801,12,0,0,0,0,0,0,0,0,67,101,100,103,100,0,261,90,67,0,1801,1121,LSkill0906,Mana Spear,"By using Mana Spear attack, you can decrease enemy's defence power and magic resistance"
skill_908,908,Mana Spear,901,8,45,1,6,2760,5,0,600,1,21,23,13,15,1,1,26,20,2,17,48,0,0,6.3,0,19,0,30,21,0,30,0,2,241,242,0,0,0,0,0,801,14,0,0,0,0,0,0,0,0,67,101,100,103,100,0,261,90,67,0,1801,1121,LSkill0906,Mana Spear,"By using Mana Spear attack, you can decrease enemy's defence power and magic resistance"
skill_909,909,Mana Spear,901,9,58,1,6,2780,5,0,700,1,21,23,13,15,1,1,28,20,2,17,52,0,0,6.5,0,19,0,30,21,0,30,0,2,241,242,0,0,0,0,0,801,16,0,0,0,0,0,0,0,0,67,101,100,103,100,0,261,90,67,0,1801,1121,LSkill0906,Mana Spear,"By using Mana Spear attack, you can decrease enemy's defence power and magic resistance"
skill_910,910,Mana Spear,901,10,74,1,6,2800,5,0,750,1,21,23,13,15,1,1,30,20,2,17,60,0,0,6.7,0,19,0,30,21,0,30,0,2,241,242,0,0,0,0,0,801,18,0,0,0,0,0,0,0,0,67,101,100,103,100,0,261,90,67,0,1801,1121,LSkill0906,Mana Spear,"By using Mana Spear attack, you can decrease enemy's defence power and magic resistance"
skill_911,911,Fire Ring,911,1,10,1,9,2500,5,0,0,1,21,0,13,0,1,0,60,20,0,17,25,0,0,5.9,0,19,0,25,0,0,0,0,2,0,0,0,0,0,42,0,841,4,0,0,0,0,0,0,0,0,208,101,100,103,100,0,263,90,67,0,1802,1124,LSkill0911,Fire Ring,You can decrease your target's defense power.
skill_912,912,Fire Ring,911,2,16,1,9,2550,5,0,0,1,21,0,13,0,1,0,65,20,0,17,30,0,0,5.9,0,19,0,28,0,0,0,0,2,0,0,0,0,0,0,0,841,6,0,0,0,0,0,0,0,0,208,101,100,103,100,0,263,90,67,0,1802,1124,LSkill0911,Fire Ring,You can decrease your target's defense power.
skill_913,913,Fire Ring,911,3,24,1,9,2600,5,0,0,1,21,0,13,0,1,0,70,20,0,17,35,0,0,5.9,0,19,0,31,0,0,0,0,2,0,0,0,0,0,0,0,841,8,0,0,0,0,0,0,0,0,208,101,100,103,100,0,263,90,67,0,1802,1124,LSkill0911,Fire Ring,You can decrease your target's defense power.
skill_914,914,Fire Ring,911,4,35,1,9,2650,5,0,0,1,21,0,13,0,1,0,75,20,0,17,40,0,0,5.9,0,19,0,34,0,0,0,0,2,0,0,0,0,0,0,0,841,10,0,0,0,0,0,0,0,0,208,101,100,103,100,0,263,90,67,0,1802,1124,LSkill0911,Fire Ring,You can decrease your target's defense power.
skill_915,915,Fire Ring,911,5,50,1,9,2700,5,0,0,1,21,0,13,0,1,0,80,20,0,17,45,0,0,5.9,0,19,0,40,0,0,0,0,2,0,0,0,0,0,63,0,841,12,0,0,0,0,0,0,0,0,208,101,100,103,100,0,263,90,67,0,1802,1124,LSkill0911,Fire Ring,You can decrease your target's defense power.
skill_921,921,Healing,921,1,10,1,10,0,1,1300,0,0,0,0,0,0,0,0,0,0,0,17,35,0,0,6.9,0,16,160,0,0,0,0,0,0,0,0,0,0,0,42,0,821,4,931,2,0,0,0,0,0,0,68,112,100,151,100,0,221,90,0,0,1752,1507,LSkill0921,Healing,You can recover your and your party member's HP at the same time
skill_922,922,Healing,921,2,13,1,10,0,1,1350,0,0,0,0,0,0,0,0,0,0,0,17,40,0,0,6.7,0,16,200,0,0,0,0,0,0,0,0,0,0,0,0,0,821,5,0,0,0,0,0,0,0,0,68,112,100,151,100,0,221,90,0,0,1752,1507,LSkill0921,Healing,You can recover your and your party member's HP at the same time
skill_923,923,Healing,921,3,17,1,10,0,1,1400,0,0,0,0,0,0,0,0,0,0,0,17,45,0,0,6.5,0,16,240,0,0,0,0,0,0,0,0,0,0,0,0,0,821,6,0,0,0,0,0,0,0,0,68,112,100,151,100,0,221,90,0,0,1752,1507,LSkill0921,Healing,You can recover your and your party member's HP at the same time
skill_924,924,Healing,921,4,21,1,10,0,1,1450,0,0,0,0,0,0,0,0,0,0,0,17,50,0,0,6.3,0,16,280,0,0,0,0,0,0,0,0,0,0,0,0,0,821,7,0,0,0,0,0,0,0,0,68,112,100,151,100,0,221,90,0,0,1752,1507,LSkill0921,Healing,You can recover your and your party member's HP at the same time
skill_925,925,Healing,921,5,26,1,10,0,1,1500,0,0,0,0,0,0,0,0,0,0,0,17,55,0,0,6.1,0,16,320,0,0,0,0,0,0,0,0,0,0,0,0,0,821,8,0,0,0,0,0,0,0,0,68,112,100,151,100,0,221,90,0,0,1752,1507,LSkill0921,Healing,You can recover your and your party member's HP at the same time
skill_926,926,Healing,921,6,32,1,10,0,1,1550,0,0,0,0,0,0,0,0,0,0,0,17,60,0,0,5.9,0,16,360,0,0,0,0,0,0,0,0,0,0,0,64,0,821,10,0,0,0,0,0,0,0,0,68,112,100,151,100,0,221,90,0,0,1752,1508,LSkill0921,Healing,You can recover your and your party member's HP at the same time
skill_927,927,Healing,921,7,38,1,10,0,1,1600,0,0,0,0,0,0,0,0,0,0,0,17,65,0,0,5.7,0,16,400,0,0,0,0,0,0,0,0,0,0,0,0,0,821,12,0,0,0,0,0,0,0,0,68,112,100,151,100,0,221,90,0,0,1752,1508,LSkill0921,Healing,You can recover your and your party member's HP at the same time
skill_928,928,Healing,921,8,45,1,10,0,1,1650,0,0,0,0,0,0,0,0,0,0,0,17,70,0,0,5.5,0,16,440,0,0,0,0,0,0,0,0,0,0,0,0,0,821,14,0,0,0,0,0,0,0,0,68,112,100,151,100,0,221,90,0,0,1752,1508,LSkill0921,Healing,You can recover your and your party member's HP at the same time
skill_929,929,Healing,921,9,53,1,10,0,1,1700,0,0,0,0,0,0,0,0,0,0,0,17,75,0,0,5.3,0,16,480,0,0,0,0,0,0,0,0,0,0,0,0,0,821,16,0,0,0,0,0,0,0,0,68,112,100,151,100,0,221,90,0,0,1752,1508,LSkill0921,Healing,You can recover your and your party member's HP at the same time
skill_930,930,Healing,921,10,62,1,10,0,1,2000,0,0,0,0,0,0,0,0,0,0,0,17,85,0,0,5.1,0,16,520,0,0,0,0,0,0,0,0,0,0,0,0,0,821,18,0,0,0,0,0,0,0,0,68,112,100,151,100,0,221,90,0,0,1752,1508,LSkill0921,Healing,You can recover your and your party member's HP at the same time
skill_931,931,Cure,931,1,8,1,11,2000,3,0,0,0,0,0,0,0,0,0,0,0,0,17,30,0,0,2.3,0,16,200,0,0,0,0,0,0,0,0,0,0,0,42,0,821,1,0,0,0,0,0,0,0,0,84,112,160,151,130,0,221,90,0,0,1752,1507,LSkill0931,Cure,You can recover HP of targeted character
skill_932,932,Cure,931,2,10,1,11,2000,3,0,0,0,0,0,0,0,0,0,0,0,0,17,35,0,0,2.3,0,16,260,0,0,0,0,0,0,0,0,0,0,0,0,0,821,3,0,0,0,0,0,0,0,0,84,112,160,151,130,0,221,90,0,0,1752,1507,LSkill0931,Cure,You can recover HP of targeted character
skill_933,933,Cure,931,3,13,1,11,2000,3,0,0,0,0,0,0,0,0,0,0,0,0,17,40,0,0,2.3,0,16,320,0,0,0,0,0,0,0,0,0,0,0,0,0,821,5,0,0,0,0,0,0,0,0,84,112,160,151,130,0,221,90,0,0,1752,1507,LSkill0931,Cure,You can recover HP of targeted character
skill_934,934,Cure,931,4,16,1,11,2000,3,0,0,0,0,0,0,0,0,0,0,0,0,17,45,0,0,2.3,0,16,380,0,0,0,0,0,0,0,0,0,0,0,0,0,821,7,0,0,0,0,0,0,0,0,84,112,160,151,130,0,221,90,0,0,1752,1507,LSkill0931,Cure,You can recover HP of targeted character
skill_935,935,Cure,931,5,20,1,11,2000,3,0,0,0,0,0,0,0,0,0,0,0,0,17,50,0,0,2.3,0,16,440,0,0,0,0,0,0,0,0,0,0,0,0,0,821,9,0,0,0,0,0,0,0,0,84,112,160,151,130,0,221,90,0,0,1752,1507,LSkill0931,Cure,You can recover HP of targeted character
skill_936,936,Cure,931,6,25,1,11,2000,3,0,0,0,0,0,0,0,0,0,0,0,0,17,55,0,0,2.3,0,16,500,0,0,0,0,0,0,0,0,0,0,0,64,0,821,11,0,0,0,0,0,0,0,0,84,112,160,151,130,0,221,90,0,0,1752,1507,LSkill0931,Cure,You can recover HP of targeted character
skill_937,937,Cure,931,7,31,1,11,2000,3,0,0,0,0,0,0,0,0,0,0,0,0,17,60,0,0,2.3,0,16,560,0,0,0,0,0,0,0,0,0,0,0,0,0,821,13,0,0,0,0,0,0,0,0,84,112,160,151,130,0,221,90,0,0,1752,1508,LSkill0931,Cure,You can recover HP of targeted character
skill_938,938,Cure,931,8,38,1,11,2000,3,0,0,0,0,0,0,0,0,0,0,0,0,17,65,0,0,2.3,0,16,620,0,0,0,0,0,0,0,0,0,0,0,0,0,821,15,0,0,0,0,0,0,0,0,84,112,160,151,130,0,221,90,0,0,1752,1508,LSkill0931,Cure,You can recover HP of targeted character
skill_939,939,Cure,931,9,46,1,11,2000,3,0,0,0,0,0,0,0,0,0,0,0,0,17,70,0,0,2.3,0,16,680,0,0,0,0,0,0,0,0,0,0,0,0,0,821,17,0,0,0,0,0,0,0,0,84,112,160,151,130,0,221,90,0,0,1752,1508,LSkill0931,Cure,You can recover HP of targeted character
skill_940,940,Cure,931,10,55,1,11,2000,3,0,0,0,0,0,0,0,0,0,0,0,0,17,75,0,0,2.3,0,16,740,0,0,0,0,0,0,0,0,0,0,0,0,0,821,19,0,0,0,0,0,0,0,0,84,112,160,151,130,0,221,90,0,0,1752,1507,LSkill0931,Cure,You can recover HP of targeted character
skill_941,941,Meteorite Strike,941,1,8,1,6,1800,5,0,320,1,32,0,24,0,1,0,40,2,2,17,20,0,0,9.9,0,0,0,0,0,0,0,0,2,241,0,0,0,0,42,0,801,4,0,0,0,0,0,0,0,0,70,117,90,154,120,3,269,1574,1574,0,1754,1310,LSkill0941,Meteorite Strike,Call upon a meteorite to crash on a targeted enemy
skill_942,942,Meteorite Strike,941,2,11,1,6,1800,5,0,386,1,32,0,24,0,1,0,43,2,2,17,32,0,0,9.9,0,0,0,0,0,0,0,0,2,241,0,0,0,0,0,0,801,5,0,0,0,0,0,0,0,0,70,117,90,154,120,3,269,1574,1574,0,1754,1310,LSkill0941,Meteorite Strike,Call upon a meteorite to crash on a targeted enemy
skill_943,943,Meteorite Strike,941,3,14,1,6,1800,5,0,420,1,32,0,24,0,1,0,46,2,2,17,48,0,0,9.9,0,0,0,0,0,0,0,0,2,241,0,0,0,0,0,0,801,6,0,0,0,0,0,0,0,0,70,117,90,154,120,3,269,1574,1574,0,1754,1310,LSkill0941,Meteorite Strike,Call upon a meteorite to crash on a targeted enemy
skill_944,944,Meteorite Strike,941,4,18,1,6,1800,5,0,461,1,32,0,24,0,1,0,49,3,2,17,76,0,0,9.9,0,0,0,0,0,0,0,0,2,241,0,0,0,0,0,0,801,7,0,0,0,0,0,0,0,0,70,117,90,154,120,3,269,1574,1574,0,1754,1310,LSkill0941,Meteorite Strike,Call upon a meteorite to crash on a targeted enemy
skill_945,945,Meteorite Strike,941,5,23,1,6,1800,5,0,504,1,32,0,24,0,1,0,52,3,2,17,104,0,0,9.9,0,0,0,0,0,0,0,0,2,241,0,0,0,0,0,0,801,8,0,0,0,0,0,0,0,0,70,117,90,154,120,3,269,1574,1574,0,1754,1310,LSkill0941,Meteorite Strike,Call upon a meteorite to crash on a targeted enemy
skill_946,946,Meteorite Strike,941,6,29,1,6,1800,5,0,542,1,32,0,24,0,1,0,55,4,2,17,132,0,0,9.9,0,0,0,0,0,0,0,0,2,241,0,0,0,0,63,0,801,10,0,0,0,0,0,0,0,0,70,117,90,154,120,3,269,1574,1574,0,1754,1310,LSkill0941,Meteorite Strike,Call upon a meteorite to crash on a targeted enemy
skill_947,947,Meteorite Strike,941,7,36,1,6,1800,5,0,584,1,32,0,24,0,1,0,58,5,2,17,168,0,0,9.9,0,0,0,0,0,0,0,0,2,241,0,0,0,0,0,0,801,12,0,0,0,0,0,0,0,0,70,117,90,154,120,3,269,1574,1574,0,1754,1310,LSkill0941,Meteorite Strike,Call upon a meteorite to crash on a targeted enemy
skill_948,948,Meteorite Strike,941,8,44,1,6,1800,5,0,622,1,32,0,24,0,1,0,61,6,2,17,191,0,0,9.9,0,0,0,0,0,0,0,0,2,241,0,0,0,0,0,0,801,14,0,0,0,0,0,0,0,0,70,117,90,154,120,3,269,1574,1574,0,1754,1310,LSkill0941,Meteorite Strike,Call upon a meteorite to crash on a targeted enemy
skill_949,949,Meteorite Strike,941,9,54,1,6,1800,5,0,660,1,32,0,24,0,1,0,64,7,2,17,214,0,0,9.9,0,0,0,0,0,0,0,0,2,241,0,0,0,0,0,0,801,16,0,0,0,0,0,0,0,0,70,117,90,154,120,3,269,1574,1574,0,1754,1310,LSkill0941,Meteorite Strike,Call upon a meteorite to crash on a targeted enemy
skill_950,950,Meteorite Strike,941,10,66,1,6,1800,5,0,700,1,32,0,24,0,1,0,75,7,2,17,237,0,0,9.9,0,0,0,0,0,0,0,0,2,241,0,0,0,0,0,0,801,18,0,0,0,0,0,0,0,0,70,117,90,154,120,3,269,1574,1259,0,1793,1793,LSkill0941,Meteorite Strike,Call upon a meteorite to crash on a targeted enemy
skill_951,951,Lightening,951,1,12,1,6,2200,5,0,30,0,31,0,23,0,1,0,50,4,2,17,30,0,0,11.9,0,0,0,0,0,0,0,0,0,241,242,0,0,0,42,0,841,6,0,0,0,0,0,0,0,0,101,191,100,193,100,1,264,90,1572,0,0,1634,LSkill0951,Lightening,You can damage your enemy much with Lightening attack
skill_952,952,Lightening,951,2,15,1,6,2250,5,0,40,0,31,0,23,0,1,0,55,4,2,17,32,0,0,11.9,0,0,0,0,0,0,0,0,0,241,242,0,0,0,0,0,841,7,0,0,0,0,0,0,0,0,101,191,100,193,100,1,264,90,1572,0,0,1634,LSkill0951,Lightening,You can damage your enemy much with Lightening attack
skill_953,953,Lightening,951,3,19,1,6,2300,5,0,50,0,31,0,23,0,1,0,60,4,2,17,34,0,0,11.9,0,0,0,0,0,0,0,0,0,241,242,0,0,0,0,0,841,8,0,0,0,0,0,0,0,0,101,191,100,193,100,1,264,90,1572,0,0,1634,LSkill0951,Lightening,You can damage your enemy much with Lightening attack
skill_954,954,Lightening,951,4,24,1,6,2350,5,0,60,0,31,0,23,0,1,0,65,4,2,17,36,0,0,11.9,0,0,0,0,0,0,0,0,0,241,242,0,0,0,0,0,841,9,0,0,0,0,0,0,0,0,101,191,100,193,100,1,264,90,1572,0,0,1634,LSkill0951,Lightening,You can damage your enemy much with Lightening attack
skill_955,955,Lightening,951,5,30,1,6,2400,5,0,70,0,31,0,23,0,1,0,0,4,2,17,38,0,0,11.9,0,0,0,0,0,0,0,0,0,241,242,0,0,0,0,0,841,10,0,0,0,0,0,0,0,0,101,191,100,193,100,1,264,90,1572,0,0,1634,LSkill0951,Lightening,You can damage your enemy much with Lightening attack
skill_956,956,Lightening Shock,951,6,37,1,6,2450,5,0,100,0,31,0,23,0,1,0,0,4,2,17,60,0,0,15.9,0,0,0,0,0,0,0,0,2,241,0,0,0,0,63,0,841,11,0,0,0,0,0,0,0,0,101,191,100,193,100,1,264,90,1572,0,0,1634,LSkill0956,Lightening Shock,"With Lightening Shock against your enemy, you can damage him much and make him senseless"
skill_957,957,Lightening Shock,951,7,45,1,6,2500,5,0,120,0,31,0,23,0,1,0,0,4,2,17,67,0,0,16.3,0,0,0,0,0,0,0,0,2,241,0,0,0,0,0,0,841,13,0,0,0,0,0,0,0,0,101,191,100,193,100,1,264,90,1572,0,0,1634,LSkill0956,Lightening Shock,"With Lightening Shock against your enemy, you can damage him much and make him senseless"
skill_958,958,Lightening Shock,951,8,55,1,6,2550,5,0,140,0,31,0,23,0,1,0,0,4,2,17,74,0,0,16.7,0,0,0,0,0,0,0,0,2,241,0,0,0,0,0,0,841,15,0,0,0,0,0,0,0,0,101,191,100,193,100,1,264,90,1572,0,0,1634,LSkill0956,Lightening Shock,"With Lightening Shock against your enemy, you can damage him much and make him senseless"
skill_959,959,Lightening Shock,951,9,67,1,6,2600,5,0,160,0,31,0,23,0,1,0,0,4,2,17,81,0,0,17.1,0,0,0,0,0,0,0,0,2,241,0,0,0,0,0,0,841,17,0,0,0,0,0,0,0,0,101,191,100,193,100,1,264,90,1572,0,0,1634,LSkill0956,Lightening Shock,"With Lightening Shock against your enemy, you can damage him much and make him senseless"
skill_960,960,Lightening Shock,951,10,81,1,6,2650,5,500,180,0,31,0,23,0,1,0,0,4,2,17,95,0,0,17.5,0,0,0,0,0,0,0,0,2,241,0,0,0,0,0,0,841,19,0,0,0,0,0,0,0,0,101,191,100,193,100,1,264,90,1572,0,0,1634,LSkill0956,Lightening Shock,"With Lightening Shock against your enemy, you can damage him much and make him senseless"
skill_961,961,Support,961,1,8,1,9,2000,3,0,0,0,14,0,6,0,0,0,0,350,0,17,30,0,0,2.7,0,23,80,0,0,0,0,0,0,0,0,0,0,0,42,0,821,4,0,0,0,0,0,0,0,0,81,112,100,151,100,0,221,90,0,0,1752,1501,LSkill0961,Support,You can improve moving speed of your targeted character.
skill_962,962,Support,961,2,10,1,9,2000,3,0,0,0,14,0,6,0,0,0,0,350,0,17,33,0,0,2.7,0,23,85,0,0,0,0,0,0,0,0,0,0,0,0,0,821,5,0,0,0,0,0,0,0,0,81,112,100,151,100,0,221,90,0,0,1752,1501,LSkill0961,Support,You can improve moving speed of your targeted character.
skill_963,963,Support,961,3,12,1,9,2000,3,0,0,0,14,0,6,0,0,0,0,380,0,17,36,0,0,2.7,0,23,90,0,0,0,0,0,0,0,0,0,0,0,0,0,821,6,0,0,0,0,0,0,0,0,81,112,100,151,100,0,221,90,0,0,1752,1501,LSkill0961,Support,You can improve moving speed of your targeted character.
skill_964,964,Support,961,4,15,1,9,2000,3,0,0,0,14,0,6,0,0,0,0,400,0,17,39,0,0,2.7,0,23,95,0,0,0,0,0,0,0,0,0,0,0,0,0,821,7,0,0,0,0,0,0,0,0,81,112,100,151,100,0,221,90,0,0,1752,1501,LSkill0961,Support,You can improve moving speed of your targeted character.
skill_965,965,Support,961,5,18,1,9,2000,3,0,0,0,14,0,6,0,0,0,0,440,0,17,42,0,0,2.7,0,23,100,0,0,0,0,0,0,0,0,0,0,0,0,0,821,8,0,0,0,0,0,0,0,0,81,112,100,151,100,0,221,90,0,0,1752,1501,LSkill0961,Support,You can improve moving speed of your targeted character.
skill_966,966,Support,961,6,22,1,9,2000,3,0,0,0,14,0,6,0,0,0,0,490,0,17,45,0,0,2.7,0,23,105,0,0,0,0,0,0,0,0,0,0,0,64,0,821,10,0,0,0,0,0,0,0,0,81,112,100,151,100,0,221,90,0,0,1752,1501,LSkill0961,Support,You can improve moving speed of your targeted character.
skill_967,967,Support,961,7,26,1,9,2000,3,0,0,0,14,0,6,0,0,0,0,520,0,17,48,0,0,2.7,0,23,115,0,0,0,0,0,0,0,0,0,0,0,0,0,821,12,0,0,0,0,0,0,0,0,81,112,100,151,100,0,221,90,0,0,1752,1501,LSkill0961,Support,You can improve moving speed of your targeted character.
skill_968,968,Support,961,8,31,1,9,2000,3,0,0,0,14,0,6,0,0,0,0,550,0,17,51,0,0,2.7,0,23,125,0,0,0,0,0,0,0,0,0,0,0,0,0,821,14,0,0,0,0,0,0,0,0,81,112,100,151,100,0,221,90,0,0,1752,1501,LSkill0961,Support,You can improve moving speed of your targeted character.
skill_969,969,Support,961,9,36,1,9,2000,3,0,0,0,14,0,6,0,0,0,0,570,0,17,54,0,0,2.7,0,23,135,0,0,0,0,0,0,0,0,0,0,0,0,0,821,16,0,0,0,0,0,0,0,0,81,112,100,151,100,0,221,90,0,0,1752,1501,LSkill0961,Support,You can improve moving speed of your targeted character.
skill_970,970,Support,961,10,42,1,9,2000,3,0,0,0,14,0,6,0,0,0,0,5000,0,17,57,0,0,2.7,0,23,140,0,0,0,0,0,0,0,0,0,0,0,0,0,821,18,0,0,0,0,0,0,0,0,81,112,100,151,100,0,221,90,0,0,1752,1501,LSkill0961,Support,You can improve moving speed of your targeted character.
skill_971,971,Blessing Body,971,1,10,1,8,0,1,1300,0,0,12,0,4,0,0,0,0,300,0,17,30,0,0,3.9,0,38,200,0,0,0,0,0,0,0,0,0,0,0,42,0,821,5,0,0,0,0,0,0,0,0,78,112,100,151,100,0,221,90,0,0,1752,1501,LSkill0971,Blessing Body,You can temporarily increase Max HP of party members around you
skill_972,972,Blessing Body,971,2,13,1,8,0,1,1350,0,0,12,0,4,0,0,0,0,350,0,17,35,0,0,3.9,0,38,240,0,0,0,0,0,0,0,0,0,0,0,0,0,821,6,0,0,0,0,0,0,0,0,78,112,100,151,100,0,221,90,0,0,1752,1501,LSkill0971,Blessing Body,You can temporarily increase Max HP of party members around you
skill_973,973,Blessing Body,971,3,16,1,8,0,1,1400,0,0,12,0,4,0,0,0,0,380,0,17,40,0,0,3.9,0,38,280,0,0,0,0,0,0,0,0,0,0,0,0,0,821,7,0,0,0,0,0,0,0,0,78,112,100,151,100,0,221,90,0,0,1752,1501,LSkill0971,Blessing Body,You can temporarily increase Max HP of party members around you
skill_974,974,Blessing Body,971,4,19,1,8,0,1,1450,0,0,12,0,4,0,0,0,0,400,0,17,45,0,0,3.9,0,38,320,0,0,0,0,0,0,0,0,0,0,0,0,0,821,8,0,0,0,0,0,0,0,0,78,112,100,151,100,0,221,90,0,0,1752,1501,LSkill0971,Blessing Body,You can temporarily increase Max HP of party members around you
skill_975,975,Blessing Body,971,5,23,1,8,0,1,1500,0,0,12,0,4,0,0,0,0,440,0,17,50,0,0,3.9,0,38,360,0,0,0,0,0,0,0,0,0,0,0,0,0,821,9,0,0,0,0,0,0,0,0,78,112,100,151,100,0,221,90,0,0,1752,1501,LSkill0971,Blessing Body,You can temporarily increase Max HP of party members around you
skill_976,976,Blessing Body,971,6,27,1,8,0,1,1550,0,0,12,0,4,0,0,0,0,490,0,17,55,0,0,3.9,0,38,400,0,0,0,0,0,0,0,0,0,0,0,64,0,821,10,0,0,0,0,0,0,0,0,78,112,100,151,100,0,221,90,0,0,1752,1501,LSkill0971,Blessing Body,You can temporarily increase Max HP of party members around you
skill_977,977,Blessing Body,971,7,32,1,8,0,1,1600,0,0,12,0,4,0,0,0,0,520,0,17,60,0,0,3.9,0,38,440,0,0,0,0,0,0,0,0,0,0,0,0,0,821,12,0,0,0,0,0,0,0,0,78,112,100,151,100,0,221,90,0,0,1752,1501,LSkill0971,Blessing Body,You can temporarily increase Max HP of party members around you
skill_978,978,Blessing Body,971,8,38,1,8,0,1,1650,0,0,12,0,4,0,0,0,0,550,0,17,65,0,0,3.9,0,38,480,0,0,0,0,0,0,0,0,0,0,0,0,0,821,14,0,0,0,0,0,0,0,0,78,112,100,151,100,0,221,90,0,0,1752,1501,LSkill0971,Blessing Body,You can temporarily increase Max HP of party members around you
skill_979,979,Blessing Body,971,9,45,1,8,0,1,1700,0,0,12,0,4,0,0,0,0,570,0,17,70,0,0,3.9,0,38,520,0,0,0,0,0,0,0,0,0,0,0,0,0,821,16,0,0,0,0,0,0,0,0,78,112,100,151,100,0,221,90,0,0,1752,1501,LSkill0971,Blessing Body,You can temporarily increase Max HP of party members around you
skill_980,980,Blessing Body,971,10,53,1,8,0,1,2000,0,0,12,0,4,0,0,0,0,5000,0,17,80,0,0,3.9,0,38,540,0,0,0,0,0,0,0,0,0,0,0,0,0,821,18,0,0,0,0,0,0,0,0,78,112,100,151,100,0,221,90,0,0,1752,1501,LSkill0971,Blessing Body,You can temporarily increase Max HP of party members around you
skill_981,981,Ice Bolt,981,1,10,1,6,2500,5,0,60,1,0,0,0,0,0,0,0,0,2,17,30,0,0,8.3,0,0,0,0,0,0,0,0,2,241,242,0,0,0,42,0,841,2,0,0,0,0,0,0,0,0,93,101,100,103,100,0,262,90,0,0,1801,1123,LSkill0981,Ice Bolt,You can damage your target by firing ice bolt.
skill_982,982,Ice Bolt,981,2,13,1,6,2530,5,0,80,1,0,0,0,0,0,0,0,0,2,17,37,0,0,8.7,0,0,0,0,0,0,0,0,2,241,242,0,0,0,0,0,841,4,0,0,0,0,0,0,0,0,93,101,100,103,100,0,262,90,0,0,1801,1123,LSkill0981,Ice Bolt,You can damage your target by firing ice bolt.
skill_983,983,Ice Bolt,981,3,17,1,6,2560,5,0,100,1,0,0,0,0,0,0,0,0,2,17,44,0,0,9.1,0,0,0,0,0,0,0,0,2,241,242,0,0,0,0,0,841,6,0,0,0,0,0,0,0,0,93,101,100,103,100,0,262,90,0,0,1801,1123,LSkill0981,Ice Bolt,You can damage your target by firing ice bolt.
skill_984,984,Ice Bolt,981,4,22,1,6,2590,5,0,120,1,0,0,0,0,0,0,0,0,2,17,51,0,0,9.5,0,0,0,0,0,0,0,0,2,241,242,0,0,0,0,0,841,8,0,0,0,0,0,0,0,0,93,101,100,103,100,0,262,90,0,0,1801,1123,LSkill0981,Ice Bolt,You can damage your target by firing ice bolt.
skill_985,985,Ice Bolt,981,5,28,1,6,2620,5,0,140,1,0,0,0,0,0,0,0,0,2,17,58,0,0,9.9,0,0,0,0,0,0,0,0,2,241,242,0,0,0,0,0,841,9,0,0,0,0,0,0,0,0,93,101,100,103,100,0,262,90,0,0,1801,1123,LSkill0981,Ice Bolt,You can damage your target by firing ice bolt.
skill_986,986,Freezing Bolt,981,6,36,1,6,2650,5,0,160,0,15,0,7,0,1,0,30,12,2,17,65,0,0,10.3,0,23,0,40,0,0,0,0,2,241,242,0,0,0,63,0,841,10,0,0,0,0,0,0,0,0,93,101,100,103,100,0,262,90,0,0,1801,1123,LSkill0986,Freezing Bolt,"By attacking enemy with Freezing Bolt, you can make nearby enemy's moving and attack speeds down"
skill_987,987,Freezing Bolt,981,7,46,1,6,2680,5,0,250,0,15,0,7,0,1,0,34,13,2,17,75,0,0,10.5,0,23,0,44,0,0,0,0,2,241,242,0,0,0,0,0,841,12,0,0,0,0,0,0,0,0,93,101,100,103,100,0,262,90,0,0,1801,1123,LSkill0986,Freezing Bolt,"By attacking enemy with Freezing Bolt, you can make nearby enemy's moving and attack speeds down"
skill_988,988,Freezing Bolt,981,8,59,1,6,2710,5,0,350,0,15,0,7,0,1,0,38,14,2,17,85,0,0,10.7,0,23,0,48,0,0,0,0,2,241,242,0,0,0,0,0,841,14,0,0,0,0,0,0,0,0,93,101,100,103,100,0,262,90,0,0,1801,1123,LSkill0986,Freezing Bolt,"By attacking enemy with Freezing Bolt, you can make nearby enemy's moving and attack speeds down"
skill_989,989,Freezing Bolt,981,9,75,1,6,2740,5,0,550,0,15,0,7,0,1,0,42,15,2,17,95,0,0,10.9,0,23,0,52,0,0,0,0,2,241,242,0,0,0,0,0,841,16,0,0,0,0,0,0,0,0,93,101,100,103,100,0,262,90,0,0,1801,1123,LSkill0986,Freezing Bolt,"By attacking enemy with Freezing Bolt, you can make nearby enemy's moving and attack speeds down"
skill_990,990,Freezing Bolt,981,10,96,1,6,2770,5,0,600,0,15,0,7,0,1,0,50,20,2,17,110,0,0,11.1,0,23,0,60,0,0,0,0,2,241,242,0,0,0,0,0,841,18,0,0,0,0,0,0,0,0,93,101,100,103,100,0,262,90,0,0,1801,1123,LSkill0986,Freezing Bolt,"By attacking enemy with Freezing Bolt, you can make nearby enemy's moving and attack speeds down"
skill_991,991,Blessing Armor,991,1,15,1,8,0,0,0,0,0,20,0,12,0,0,0,0,30,0,17,40,0,0,49.9,0,19,70,0,0,0,0,0,0,0,0,0,0,0,42,0,821,7,971,3,0,0,0,0,0,0,102,112,200,151,200,0,221,90,141,0,1752,1501,LSkill0991,Blessing Armor,You can improve your defense power by putting holy spirit on your armors.
skill_992,992,Blessing Armor,991,2,18,1,8,0,0,0,0,0,20,0,12,0,0,0,0,31,0,17,43,0,0,51.9,0,19,85,0,0,0,0,0,0,0,0,0,0,0,0,0,821,8,0,0,0,0,0,0,0,0,102,112,200,151,200,0,221,90,141,0,1752,1501,LSkill0991,Blessing Armor,You can improve your defense power by putting holy spirit on your armors.
skill_993,993,Blessing Armor,991,3,21,1,8,0,0,0,0,0,20,0,12,0,0,0,0,32,0,17,46,0,0,53.9,0,19,100,0,0,0,0,0,0,0,0,0,0,0,0,0,821,9,0,0,0,0,0,0,0,0,102,112,200,151,200,0,221,90,141,0,1752,1501,LSkill0991,Blessing Armor,You can improve your defense power by putting holy spirit on your armors.
skill_994,994,Blessing Armor,991,4,25,1,8,0,0,0,0,0,20,0,12,0,0,0,0,33,0,17,49,0,0,55.9,0,19,115,0,0,0,0,0,0,0,0,0,0,0,0,0,821,10,0,0,0,0,0,0,0,0,102,112,200,151,200,0,221,90,141,0,1752,1501,LSkill0991,Blessing Armor,You can improve your defense power by putting holy spirit on your armors.
skill_995,995,Blessing Armor,991,5,29,1,8,0,0,0,0,0,20,0,12,0,0,0,0,34,0,17,52,0,0,57.9,0,19,130,0,0,0,0,0,0,0,0,0,0,0,64,0,821,11,0,0,0,0,0,0,0,0,102,112,200,151,200,0,221,90,141,0,1752,1501,LSkill0991,Blessing Armor,You can improve your defense power by putting holy spirit on your armors.
skill_996,996,Blessing Armor,991,6,34,1,8,0,0,0,0,0,20,0,12,0,0,0,0,35,0,17,55,0,0,59.9,0,19,145,0,0,0,0,0,0,0,0,0,0,0,0,0,821,12,0,0,0,0,0,0,0,0,102,112,200,151,200,0,221,90,141,0,1752,1501,LSkill0991,Blessing Armor,You can improve your defense power by putting holy spirit on your armors.
skill_997,997,Blessing Armor,991,7,39,1,8,0,0,0,0,0,20,0,12,0,0,0,0,36,0,17,58,0,0,61.9,0,19,160,0,0,0,0,0,0,0,0,0,0,0,0,0,821,13,0,0,0,0,0,0,0,0,102,112,200,151,200,0,221,90,141,0,1752,1501,LSkill0991,Blessing Armor,You can improve your defense power by putting holy spirit on your armors.
skill_998,998,Blessing Armor,991,8,45,1,8,0,0,0,0,0,20,0,12,0,0,0,0,37,0,17,61,0,0,63.9,0,19,175,0,0,0,0,0,0,0,0,0,0,0,0,0,821,14,0,0,0,0,0,0,0,0,102,112,200,151,200,0,221,90,141,0,1752,1501,LSkill0991,Blessing Armor,You can improve your defense power by putting holy spirit on your armors.
skill_999,999,Blessing Armor,991,9,52,1,8,0,0,0,0,0,20,0,12,0,0,0,0,40,0,17,64,0,0,65.9,0,19,250,0,0,0,0,0,0,0,0,0,0,0,0,0,821,15,0,0,0,0,0,0,0,0,102,112,200,151,200,0,221,90,141,0,1752,1501,LSkill0991,Blessing Armor,You can improve your defense power by putting holy spirit on your armors.
skill_1000,1000,Blessing Armor,991,10,60,1,8,0,0,0,0,0,20,0,12,0,0,0,0,45,0,17,70,0,0,67.9,0,19,320,0,0,0,0,0,0,0,0,0,0,0,0,0,821,16,0,0,0,0,0,0,0,0,102,112,200,151,200,0,221,90,141,0,1752,1501,LSkill0991,Blessing Armor,You can improve your defense power by putting holy spirit on your armors.
skill_1001,1001,Freezing,1001,1,25,1,6,2500,5,0,0,1,15,0,7,0,1,0,60,20,2,17,30,0,0,29.9,0,23,0,50,0,0,0,0,2,0,0,0,0,0,63,0,841,10,981,5,0,0,0,0,0,0,202,101,100,103,100,0,262,90,0,0,1801,1123,LSkill1001,Freezing,You can make your target's moving speed slow.
skill_1002,1002,Freezing,1001,2,29,1,6,2550,5,0,0,1,15,0,7,0,1,0,63,22,2,17,33,0,0,29.9,0,23,0,55,0,0,0,0,2,0,0,0,0,0,0,0,841,12,0,0,0,0,0,0,0,0,202,101,100,103,100,0,262,90,0,0,1801,1123,LSkill1001,Freezing,You can make your target's moving speed slow.
skill_1003,1003,Freezing,1001,3,33,1,6,2600,5,0,0,1,15,0,7,0,1,0,66,24,2,17,36,0,0,29.9,0,23,0,60,0,0,0,0,2,0,0,0,0,0,0,0,841,14,0,0,0,0,0,0,0,0,202,101,100,103,100,0,262,90,0,0,1801,1123,LSkill1001,Freezing,You can make your target's moving speed slow.
skill_1004,1004,Frozen Mana,1001,4,38,1,6,2650,5,0,0,1,15,31,7,23,1,1,80,26,2,17,39,0,0,27.9,0,23,0,65,0,0,0,0,2,0,0,0,0,0,0,0,841,16,0,0,0,0,31,200,0,0,202,101,100,103,100,0,262,1217,0,0,1801,1123,LSkill1001,Freezing,You can make your target's moving speed slow.
skill_1005,1005,Frozen Mana,1001,5,44,1,6,2700,5,0,500,1,15,31,7,23,1,1,90,30,2,17,45,0,0,28.9,0,23,0,70,0,0,0,0,2,0,0,0,0,0,0,0,841,18,0,0,0,0,31,202,0,0,202,101,100,103,100,0,262,1217,0,0,1801,1123,LSkill1001,Freezing,You can make your target's moving speed slow.
skill_1011,1011,Defense Aura,1011,1,30,1,8,0,1,1300,0,0,20,0,12,0,0,0,0,300,0,17,40,0,0,3.9,0,19,25,0,0,0,0,0,0,0,0,0,0,0,64,0,821,10,991,5,0,0,0,0,0,0,86,112,100,151,100,0,221,90,0,0,1752,1501,LSkill1011,Defense Aura,You can increase your party member's defence power
skill_1012,1012,Defense Aura,1011,2,33,1,8,0,1,1350,0,0,20,0,12,0,0,0,0,350,0,17,45,0,0,3.9,0,19,30,0,0,0,0,0,0,0,0,0,0,0,0,0,821,11,0,0,0,0,0,0,0,0,86,112,100,151,100,0,221,90,0,0,1752,1501,LSkill1011,Defense Aura,You can increase your party member's defence power
skill_1013,1013,Defense Aura,1011,3,37,1,8,0,1,1400,0,0,20,0,12,0,0,0,0,380,0,17,50,0,0,3.9,0,19,35,0,0,0,0,0,0,0,0,0,0,0,0,0,821,12,0,0,0,0,0,0,0,0,86,112,100,151,100,0,221,90,0,0,1752,1501,LSkill1011,Defense Aura,You can increase your party member's defence power
skill_1014,1014,Defense Aura,1011,4,41,1,8,0,1,1450,0,0,20,0,12,0,0,0,0,400,0,17,55,0,0,3.9,0,19,40,0,0,0,0,0,0,0,0,0,0,0,0,0,821,13,0,0,0,0,0,0,0,0,86,112,100,151,100,0,221,90,0,0,1752,1501,LSkill1011,Defense Aura,You can increase your party member's defence power
skill_1015,1015,Defense Aura,1011,5,45,1,8,0,1,1500,0,0,20,0,12,0,0,0,0,440,0,17,60,0,0,3.9,0,19,45,0,0,0,0,0,0,0,0,0,0,0,0,0,821,14,0,0,0,0,0,0,0,0,86,112,100,151,100,0,221,90,0,0,1752,1501,LSkill1011,Defense Aura,You can increase your party member's defence power
skill_1016,1016,Defense Aura,1011,6,50,1,8,0,1,1550,0,0,20,0,12,0,0,0,0,490,0,17,65,0,0,3.9,0,19,50,0,0,0,0,0,0,0,0,0,0,0,0,0,821,15,0,0,0,0,0,0,0,0,86,112,100,151,100,0,221,90,0,0,1752,1501,LSkill1011,Defense Aura,You can increase your party member's defence power
skill_1017,1017,Defense Aura,1011,7,55,1,8,0,1,1600,0,0,20,0,12,0,0,0,0,520,0,17,70,0,0,3.9,0,19,65,0,0,0,0,0,0,0,0,0,0,0,0,0,821,16,0,0,0,0,0,0,0,0,86,112,100,151,100,0,221,90,0,0,1752,1501,LSkill1011,Defense Aura,You can increase your party member's defence power
skill_1018,1018,Defense Aura,1011,8,60,1,8,0,1,1650,0,0,20,0,12,0,0,0,0,550,0,17,75,0,0,3.9,0,19,100,0,0,0,0,0,0,0,0,0,0,0,0,0,821,17,0,0,0,0,0,0,0,0,86,112,100,151,100,0,221,90,0,0,1752,1501,LSkill1011,Defense Aura,You can increase your party member's defence power
skill_1019,1019,Defense Aura,1011,9,66,1,8,0,1,1700,0,0,20,0,12,0,0,0,0,570,0,17,80,0,0,3.9,0,19,150,0,0,0,0,0,0,0,0,0,0,0,0,0,821,18,0,0,0,0,0,0,0,0,86,112,100,151,100,0,221,90,0,0,1752,1501,LSkill1011,Defense Aura,You can increase your party member's defence power
skill_1020,1020,Defense Aura,1011,10,72,1,8,0,1,2000,0,0,20,0,12,0,0,0,0,5000,0,17,90,0,0,3.9,0,19,220,0,0,0,0,0,0,0,0,0,0,0,0,0,821,19,0,0,0,0,0,0,0,0,86,112,100,151,100,0,221,90,0,0,1752,1501,LSkill1011,Defense Aura,You can increase your party member's defence power
skill_1021,1021,Power Support,1021,1,20,1,9,2000,3,0,0,0,18,0,10,0,0,0,0,300,0,17,30,0,0,2.3,0,18,25,0,0,0,0,0,0,0,0,0,0,0,42,0,821,6,961,3,0,0,0,0,0,0,71,112,100,151,100,0,221,90,0,0,1752,1501,LSkill1021,Power Suppor,You can increase your pary member's attack power temporarily
skill_1022,1022,Power Support,1021,2,23,1,9,2000,3,0,0,0,18,0,10,0,0,0,0,350,0,17,33,0,0,2.3,0,18,30,0,0,0,0,0,0,0,0,0,0,0,0,0,821,7,0,0,0,0,0,0,0,0,71,112,100,151,100,0,221,90,0,0,1752,1501,LSkill1021,Power Suppor,You can increase your pary member's attack power temporarily
skill_1023,1023,Power Support,1021,3,27,1,9,2000,3,0,0,0,18,0,10,0,0,0,0,380,0,17,36,0,0,2.3,0,18,40,0,0,0,0,0,0,0,0,0,0,0,0,0,821,8,0,0,0,0,0,0,0,0,71,112,100,151,100,0,221,90,0,0,1752,1501,LSkill1021,Power Suppor,You can increase your pary member's attack power temporarily
skill_1024,1024,Power Support,1021,4,31,1,9,2000,3,0,0,0,18,0,10,0,0,0,0,400,0,17,39,0,0,2.3,0,18,60,0,0,0,0,0,0,0,0,0,0,0,0,0,821,9,0,0,0,0,0,0,0,0,71,112,100,151,100,0,221,90,0,0,1752,1501,LSkill1021,Power Suppor,You can increase your pary member's attack power temporarily
skill_1025,1025,Power Support,1021,5,36,1,9,2000,3,0,0,0,18,0,10,0,0,0,0,440,0,17,42,0,0,2.3,0,18,80,0,0,0,0,0,0,0,0,0,0,0,0,0,821,10,0,0,0,0,0,0,0,0,71,112,100,151,100,0,221,90,0,0,1752,1501,LSkill1021,Power Suppor,You can increase your pary member's attack power temporarily
skill_1026,1026,Power Support,1021,6,41,1,9,2000,3,0,0,0,18,0,10,0,0,0,0,490,0,17,45,0,0,2.3,0,18,110,0,0,0,0,0,0,0,0,0,0,0,64,0,821,12,0,0,0,0,0,0,0,0,71,112,100,151,100,0,221,90,0,0,1752,1501,LSkill1021,Power Suppor,You can increase your pary member's attack power temporarily
skill_1027,1027,Power Support,1021,7,47,1,9,2000,3,0,0,0,18,0,10,0,0,0,0,520,0,17,48,0,0,2.3,0,18,125,0,0,0,0,0,0,0,0,0,0,0,0,0,821,14,0,0,0,0,0,0,0,0,71,112,100,151,100,0,221,90,0,0,1752,1501,LSkill1021,Power Suppor,You can increase your pary member's attack power temporarily
skill_1028,1028,Power Support,1021,8,54,1,9,2000,3,0,0,0,18,0,10,0,0,0,0,550,0,17,51,0,0,2.3,0,18,135,0,0,0,0,0,0,0,0,0,0,0,0,0,821,16,0,0,0,0,0,0,0,0,71,112,100,151,100,0,221,90,0,0,1752,1501,LSkill1021,Power Suppor,You can increase your pary member's attack power temporarily
skill_1029,1029,Power Support,1021,9,61,1,9,2000,3,0,0,0,18,0,10,0,0,0,0,570,0,17,54,0,0,2.3,0,18,145,0,0,0,0,0,0,0,0,0,0,0,0,0,821,18,0,0,0,0,0,0,0,0,71,112,100,151,100,0,221,90,0,0,1752,1501,LSkill1021,Power Suppor,You can increase your pary member's attack power temporarily
skill_1030,1030,Power Support,1021,10,69,1,9,2000,3,0,0,0,18,0,10,0,0,0,0,5000,0,17,60,0,0,2.3,0,18,155,0,0,0,0,0,0,0,0,0,0,0,0,0,821,19,0,0,0,0,0,0,0,0,71,112,100,151,100,0,221,90,0,0,1752,1501,LSkill1021,Power Suppor,You can increase your pary member's attack power temporarily
skill_1031,1031,Mild,1031,1,15,1,6,2200,5,0,50,1,19,0,11,0,1,0,50,20,0,17,30,0,0,7.9,0,18,0,16,0,0,0,0,0,0,0,0,0,0,42,0,841,6,0,0,0,0,0,0,0,0,205,113,100,152,100,1,221,90,170,0,1753,1501,LSkill1031,Mild,You can decrease attack power of your targeted character.
skill_1032,1032,Mild,1031,2,18,1,6,2250,5,0,50,1,19,0,11,0,1,0,53,23,0,17,33,0,0,7.9,0,18,0,19,0,0,0,0,0,0,0,0,0,0,0,0,841,7,0,0,0,0,0,0,0,0,205,113,100,152,100,1,221,90,170,0,1753,1501,LSkill1031,Mild,You can decrease attack power of your targeted character.
skill_1033,1033,Mild,1031,3,21,1,6,2300,5,0,50,1,19,0,11,0,1,0,56,26,0,17,36,0,0,7.9,0,18,0,22,0,0,0,0,0,0,0,0,0,0,0,0,841,8,0,0,0,0,0,0,0,0,205,113,100,152,100,1,221,90,170,0,1753,1501,LSkill1031,Mild,You can decrease attack power of your targeted character.
skill_1034,1034,Mild,1031,4,24,1,6,2350,5,0,50,1,19,0,11,0,1,0,59,29,0,17,39,0,0,7.9,0,18,0,25,0,0,0,0,0,0,0,0,0,0,0,0,841,9,0,0,0,0,0,0,0,0,205,113,100,152,100,1,221,90,170,0,1753,1501,LSkill1031,Mild,You can decrease attack power of your targeted character.
skill_1035,1035,Mild,1031,5,27,1,6,2400,5,0,50,1,19,0,11,0,1,0,62,30,0,17,42,0,0,7.9,0,18,0,28,0,0,0,0,0,0,0,0,0,0,0,0,841,10,0,0,0,0,0,0,0,0,205,113,100,152,100,1,221,90,170,0,1753,1501,LSkill1031,Mild,You can decrease attack power of your targeted character.
skill_1036,1036,Mild,1031,6,32,1,6,2450,5,0,50,1,19,17,11,9,1,1,65,30,0,17,45,0,0,7.9,0,18,0,30,24,0,20,0,0,0,0,0,0,0,63,0,841,11,0,0,0,0,0,0,0,0,205,113,100,152,100,1,221,90,170,0,1753,1501,LSkill1031,Mild,You can decrease attack power of your targeted character.
skill_1037,1037,Mild,1031,7,38,1,6,2500,5,0,50,1,19,17,11,9,1,1,68,33,0,17,48,0,0,7.9,0,18,0,32,24,0,25,0,0,0,0,0,0,0,0,0,841,12,0,0,0,0,0,0,0,0,205,113,100,152,100,1,221,90,170,0,1753,1501,LSkill1031,Mild,You can decrease attack power of your targeted character.
skill_1038,1038,Mild,1031,8,45,1,6,2550,5,0,50,1,19,17,11,9,1,1,71,36,0,17,51,0,0,7.9,0,18,0,34,24,0,30,0,0,0,0,0,0,0,0,0,841,13,0,0,0,0,0,0,0,0,205,113,100,152,100,1,221,90,170,0,1753,1501,LSkill1031,Mild,You can decrease attack power of your targeted character.
skill_1039,1039,Mild,1031,9,53,1,6,2600,5,0,50,1,19,17,11,9,1,1,74,39,0,17,54,0,0,7.9,0,18,0,36,24,0,35,0,0,0,0,0,0,0,0,0,841,14,0,0,0,0,0,0,0,0,205,113,100,152,100,1,221,90,170,0,1753,1501,LSkill1031,Mild,You can decrease attack power of your targeted character.
skill_1040,1040,Mild,1031,10,62,1,6,2650,5,0,50,1,19,17,11,9,1,1,80,42,0,17,60,0,0,7.9,0,18,0,38,24,0,40,0,0,0,0,0,0,0,0,0,841,15,0,0,0,0,0,0,0,0,205,113,100,152,100,1,221,90,1257,0,1753,2180,LSkill1031,Mild,You can decrease attack power of your targeted character.
skill_1041,1041,Purify,1041,1,30,1,13,1600,3,0,0,0,38,0,31,0,0,0,60,2,0,17,30,0,0,3.9,0,0,0,0,0,0,0,0,0,0,0,0,0,0,64,0,821,10,931,5,0,0,0,0,0,0,206,112,160,151,130,0,221,90,0,0,1752,1501,LSkill1041,Purify,You can get rid of all negative magic.
skill_1042,1042,Purify,1041,2,34,1,13,2000,3,0,0,0,38,0,31,0,0,0,80,2,0,17,35,0,0,3.7,0,0,0,0,0,0,0,0,0,0,0,0,0,0,0,0,821,12,0,0,0,0,0,0,0,0,206,112,160,151,130,0,221,90,0,0,1752,1501,LSkill1041,Purify,You can get rid of all negative magic.
skill_1043,1043,Purify,1041,3,38,1,13,2500,3,0,0,0,38,0,31,0,0,0,100,2,0,17,40,0,0,3.5,0,0,0,0,0,0,0,0,0,0,0,0,0,0,0,0,821,14,0,0,0,0,0,0,0,0,206,112,160,151,130,0,221,90,0,0,1752,1501,LSkill1041,Purify,You can get rid of all negative magic.
skill_1051,1051,Blessing Mind,1051,1,20,1,8,0,1,1300,0,0,13,0,5,0,0,0,0,300,0,17,40,0,0,3.9,0,39,150,0,0,0,0,0,0,0,0,0,0,0,42,0,821,9,971,5,0,0,0,0,0,0,95,114,100,153,100,1,0,0,0,0,1754,0,LSkill1051,Blessing Mind,You can increase Max MP of your party members temporarily.
skill_1052,1052,Blessing Mind,1051,2,23,1,8,0,1,1350,0,0,13,0,5,0,0,0,0,350,0,17,45,0,0,3.9,0,39,175,0,0,0,0,0,0,0,0,0,0,0,0,0,821,10,0,0,0,0,0,0,0,0,95,114,100,153,100,1,0,0,0,0,1754,0,LSkill1051,Blessing Mind,You can increase Max MP of your party members temporarily.
skill_1053,1053,Blessing Mind,1051,3,26,1,8,0,1,1400,0,0,13,0,5,0,0,0,0,380,0,17,50,0,0,3.9,0,39,200,0,0,0,0,0,0,0,0,0,0,0,64,0,821,11,0,0,0,0,0,0,0,0,95,114,100,153,100,1,0,0,0,0,1754,0,LSkill1051,Blessing Mind,You can increase Max MP of your party members temporarily.
skill_1054,1054,Blessing Mind,1051,4,30,1,8,0,1,1450,0,0,13,0,5,0,0,0,0,400,0,17,55,0,0,3.9,0,39,225,0,0,0,0,0,0,0,0,0,0,0,0,0,821,12,0,0,0,0,0,0,0,0,95,114,100,153,100,1,0,0,0,0,1754,0,LSkill1051,Blessing Mind,You can increase Max MP of your party members temporarily.
skill_1055,1055,Blessing Mind,1051,5,34,1,8,0,1,1500,0,0,13,0,5,0,0,0,0,440,0,17,60,0,0,3.9,0,39,250,0,0,0,0,0,0,0,0,0,0,0,0,0,821,13,0,0,0,0,0,0,0,0,95,114,100,153,100,1,0,0,0,0,1754,0,LSkill1051,Blessing Mind,You can increase Max MP of your party members temporarily.
skill_1056,1056,Blessing Mind,1051,6,38,1,8,0,1,1550,0,0,13,0,5,0,0,0,0,490,0,17,65,0,0,3.9,0,39,275,0,0,0,0,0,0,0,0,0,0,0,0,0,821,14,0,0,0,0,0,0,0,0,95,114,100,153,100,1,0,0,0,0,1754,0,LSkill1051,Blessing Mind,You can increase Max MP of your party members temporarily.
skill_1057,1057,Blessing Mind,1051,7,43,1,8,0,1,1600,0,0,13,0,5,0,0,0,0,520,0,17,70,0,0,3.9,0,39,300,0,0,0,0,0,0,0,0,0,0,0,0,0,821,15,0,0,0,0,0,0,0,0,95,114,100,153,100,1,0,0,0,0,1754,0,LSkill1051,Blessing Mind,You can increase Max MP of your party members temporarily.
skill_1058,1058,Blessing Mind,1051,8,48,1,8,0,1,1650,0,0,13,0,5,0,0,0,0,550,0,17,75,0,0,3.9,0,39,330,0,0,0,0,0,0,0,0,0,0,0,0,0,821,16,0,0,0,0,0,0,0,0,95,114,100,153,100,1,0,0,0,0,1754,0,LSkill1051,Blessing Mind,You can increase Max MP of your party members temporarily.
skill_1059,1059,Blessing Mind,1051,9,54,1,8,0,1,1700,0,0,13,0,5,0,0,0,0,570,0,17,80,0,0,3.9,0,39,360,0,0,0,0,0,0,0,0,0,0,0,0,0,821,18,0,0,0,0,0,0,0,0,95,114,100,153,100,1,0,0,0,0,1754,0,LSkill1051,Blessing Mind,You can increase Max MP of your party members temporarily.
skill_1060,1060,Blessing Mind,1051,10,60,1,8,0,1,2000,0,0,13,0,5,0,0,0,0,5000,0,17,90,0,0,3.9,0,39,400,0,0,0,0,0,0,0,0,0,0,0,0,0,821,20,0,0,0,0,0,0,0,0,95,114,100,153,100,1,0,0,0,0,1754,0,LSkill1051,Blessing Mind,You can increase Max MP of your party members temporarily.
skill_1061,1061,Fire Burn,1061,1,40,1,6,2200,5,0,180,1,21,0,13,0,1,0,20,15,2,17,90,0,0,9.9,0,19,0,10,0,0,0,0,2,241,242,0,0,0,63,0,841,10,911,5,0,0,0,0,0,0,96,101,100,103,100,0,263,90,67,0,1802,1124,LSkill1061,Fire Burn,You can decrease defence power of enemy by firing Fire Burn against enemy
skill_1062,1062,Fire Burn,1061,2,45,1,6,2250,5,0,200,1,21,0,13,0,1,0,20,16,2,17,97,0,0,10.3,0,19,0,11,0,0,0,0,2,241,242,0,0,0,0,0,841,11,0,0,0,0,0,0,0,0,96,101,100,103,100,0,263,90,67,0,1802,1124,LSkill1061,Fire Burn,You can decrease defence power of enemy by firing Fire Burn against enemy
skill_1063,1063,Fire Burn,1061,3,51,1,6,2300,5,0,220,1,21,0,13,0,1,0,30,17,2,17,104,0,0,10.7,0,19,0,12,0,0,0,0,2,241,242,0,0,0,0,0,841,12,0,0,0,0,0,0,0,0,96,101,100,103,100,0,263,90,67,0,1802,1124,LSkill1061,Fire Burn,You can decrease defence power of enemy by firing Fire Burn against enemy
skill_1064,1064,Fire Burn,1061,4,58,1,6,2350,5,0,240,1,21,0,13,0,1,0,40,18,2,17,111,0,0,11.1,0,19,0,13,0,0,0,0,2,241,242,0,0,0,0,0,841,13,0,0,0,0,0,0,0,0,96,101,100,103,100,0,263,90,67,0,1802,1124,LSkill1061,Fire Burn,You can decrease defence power of enemy by firing Fire Burn against enemy
skill_1065,1065,Fire Burn,1061,5,65,1,6,2400,5,0,250,1,21,0,13,0,1,0,50,19,2,17,118,0,0,11.5,0,19,0,14,0,0,0,0,2,241,242,0,0,0,0,0,841,14,0,0,0,0,0,0,0,0,96,101,100,103,100,0,263,90,67,0,1802,1124,LSkill1061,Fire Burn,You can decrease defence power of enemy by firing Fire Burn against enemy
skill_1066,1066,Magma Burn,1061,6,73,1,6,2450,5,500,280,0,21,0,13,0,1,0,60,20,2,17,130,0,0,12.7,0,19,0,15,0,0,0,0,2,241,242,0,0,0,0,0,841,15,0,0,0,0,0,0,0,0,96,101,100,103,100,0,263,90,67,0,1802,1124,LSkill1066,Magma Burn,You can decrease defence power of targeted nearby chraracter
skill_1067,1067,Magma Burn,1061,7,82,1,6,2500,5,600,300,0,21,0,13,0,1,0,70,21,2,17,140,0,0,13.1,0,19,0,16,0,0,0,0,2,241,242,0,0,0,0,0,841,16,0,0,0,0,0,0,0,0,96,101,100,103,100,0,263,90,67,0,1802,1124,LSkill1066,Magma Burn,You can decrease defence power of targeted nearby chraracter
skill_1068,1068,Magma Burn,1061,8,92,1,6,2550,5,700,480,0,21,0,13,0,1,0,80,22,2,17,150,0,0,13.5,0,19,0,17,0,0,0,0,2,241,242,0,0,0,0,0,841,17,0,0,0,0,0,0,0,0,96,101,100,103,100,0,263,90,67,0,1802,1124,LSkill1066,Magma Burn,You can decrease defence power of targeted nearby chraracter
skill_1069,1069,Magma Burn,1061,9,103,1,6,2600,5,800,600,0,21,0,13,0,1,0,90,23,2,17,160,0,0,13.9,0,19,0,18,0,0,0,0,2,241,242,0,0,0,0,0,841,18,0,0,0,0,0,0,0,0,96,101,100,103,100,0,263,90,67,0,1802,1124,LSkill1066,Magma Burn,You can decrease defence power of targeted nearby chraracter
skill_1070,1070,Magma Burn,1061,10,115,1,6,2700,5,900,700,0,21,0,13,0,1,0,0,24,2,17,175,0,0,14.3,0,19,0,20,0,0,0,0,2,241,242,0,0,0,0,0,841,20,0,0,0,0,0,0,0,0,96,101,100,103,100,0,263,90,67,0,1802,1124,LSkill1066,Magma Burn,You can decrease defence power of targeted nearby chraracter
skill_1071,1071,Silence,1071,1,30,1,6,1600,5,50,0,1,30,0,22,0,1,0,40,20,0,17,50,0,0,9.9,0,0,0,0,0,0,0,0,0,0,0,0,0,0,63,0,841,10,1031,5,0,0,0,0,0,0,89,113,100,152,100,1,221,90,175,0,1753,1501,LSkill1071,Silence,You can make targeted enemy silent so that he can not use magic spell temporarily
skill_1072,1072,Silence,1071,2,34,1,6,1700,5,50,0,1,30,0,22,0,1,0,45,24,0,17,55,0,0,9.7,0,0,0,0,0,0,0,0,0,0,0,0,0,0,0,0,841,12,0,0,0,0,0,0,0,0,89,113,100,152,100,1,221,90,175,0,1753,1501,LSkill1071,Silence,You can make targeted enemy silent so that he can not use magic spell temporarily
skill_1073,1073,Silence,1071,3,38,1,6,1800,5,50,0,1,30,0,22,0,1,0,50,28,0,17,60,0,0,9.5,0,0,0,0,0,0,0,0,0,0,0,0,0,0,0,0,841,14,0,0,0,0,0,0,0,0,89,113,100,152,100,1,221,90,175,0,1753,1501,LSkill1071,Silence,You can make targeted enemy silent so that he can not use magic spell temporarily
skill_1074,1074,Silence,1071,4,43,1,6,1900,5,50,0,1,30,0,22,0,1,0,55,32,0,17,65,0,0,9.3,0,0,0,0,0,0,0,0,0,0,0,0,0,0,0,0,841,16,0,0,0,0,0,0,0,0,89,113,100,152,100,1,221,90,175,0,1753,1501,LSkill1071,Silence,You can make targeted enemy silent so that he can not use magic spell temporarily
skill_1075,1075,Silence,1071,5,48,1,6,2100,5,50,0,1,30,0,22,0,1,0,70,40,0,17,70,0,0,9.1,0,0,0,0,0,0,0,0,0,0,0,0,0,0,0,0,841,18,0,0,0,0,0,0,0,0,89,113,100,152,100,1,221,90,175,0,1753,1501,LSkill1071,Silence,You can make targeted enemy silent so that he can not use magic spell temporarily
skill_1081,1081,Wind Storm,1081,1,25,1,17,0,5,1000,60,1,0,0,0,0,0,0,0,0,2,17,50,0,0,13.9,0,0,0,0,0,0,0,0,0,241,242,0,0,0,42,0,801,8,0,0,0,0,0,0,0,0,80,115,100,172,100,1,0,0,1576,0,0,1121,LSkill1081,Wind Storm,"By making wind storm, you can damage your enemies."
skill_1082,1082,Wind Storm,1081,2,30,1,17,0,5,1010,75,1,0,0,0,0,0,0,0,0,2,17,57,0,0,14.3,0,0,0,0,0,0,0,0,0,241,242,0,0,0,0,0,801,9,0,0,0,0,0,0,0,0,80,115,100,172,100,1,0,0,1576,0,0,1121,LSkill1081,Wind Storm,"By making wind storm, you can damage your enemies."
skill_1083,1083,Wind Storm,1081,3,36,1,17,0,5,1020,90,1,0,0,0,0,0,0,0,0,2,17,64,0,0,14.7,0,0,0,0,0,0,0,0,0,241,242,0,0,0,0,0,801,10,0,0,0,0,0,0,0,0,80,115,100,172,100,1,0,0,1576,0,0,1121,LSkill1081,Wind Storm,"By making wind storm, you can damage your enemies."
skill_1084,1084,Wind Storm,1081,4,43,1,17,0,5,1030,105,1,0,0,0,0,0,0,0,0,2,17,71,0,0,15.1,0,0,0,0,0,0,0,0,0,241,242,0,0,0,0,0,801,11,0,0,0,0,0,0,0,0,80,115,100,172,100,1,0,0,1576,0,0,1121,LSkill1081,Wind Storm,"By making wind storm, you can damage your enemies."
skill_1085,1085,Wind Storm,1081,5,51,1,17,0,5,1040,120,1,0,0,0,0,0,0,0,0,2,17,78,0,0,15.5,0,0,0,0,0,0,0,0,0,241,242,0,0,0,0,0,801,12,0,0,0,0,0,0,0,0,80,115,100,172,100,1,0,0,1576,0,0,1121,LSkill1081,Wind Storm,"By making wind storm, you can damage your enemies."
skill_1086,1086,Tornado,1081,6,60,1,17,0,5,1300,135,1,23,0,15,0,1,0,65,20,2,17,85,0,0,15.9,0,21,0,30,0,0,0,0,0,241,242,0,0,0,63,0,801,13,0,0,0,0,0,0,0,0,80,115,100,172,100,1,0,0,1576,0,0,1121,LSkill1086,Tornado,"By making tornado, you can damage your enemies, even those in a distance."
skill_1087,1087,Tornado,1081,7,71,1,17,0,5,1310,150,1,23,0,15,0,1,0,75,20,2,17,92,0,0,16.3,0,21,0,30,0,0,0,0,0,241,242,0,0,0,0,0,801,14,0,0,0,0,0,0,0,0,80,115,100,172,100,1,0,0,1576,0,0,1121,LSkill1086,Tornado,"By making tornado, you can damage your enemies, even those in a distance."
skill_1088,1088,Tornado,1081,8,83,1,17,0,5,1500,250,1,23,0,15,0,1,0,85,20,2,17,99,0,0,16.7,0,21,0,30,0,0,0,0,0,241,242,0,0,0,0,0,801,16,0,0,0,0,0,0,0,0,80,115,100,172,100,1,0,0,1576,0,0,1121,LSkill1086,Tornado,"By making tornado, you can damage your enemies, even those in a distance."
skill_1089,1089,Tornado,1081,9,97,1,17,0,5,1600,350,1,23,0,15,0,1,0,95,20,2,17,106,0,0,17.1,0,21,0,30,0,0,0,0,0,241,242,0,0,0,0,0,801,18,0,0,0,0,0,0,0,0,80,115,100,172,100,1,0,0,1576,0,0,1121,LSkill1086,Tornado,"By making tornado, you can damage your enemies, even those in a distance."
skill_1090,1090,Tornado,1081,10,114,1,17,0,5,1700,450,1,23,0,15,0,1,0,105,20,2,17,120,0,0,17.5,0,21,0,30,0,0,0,0,0,241,242,0,0,0,0,0,801,20,0,0,0,0,0,0,0,0,80,115,100,172,100,1,0,0,1576,0,0,1121,LSkill1086,Tornado,"By making tornado, you can damage your enemies, even those in a distance."
skill_1091,1091,Luna Stone,1091,1,40,1,7,2000,5,1200,160,1,58,0,3,0,1,0,15,15,2,17,120,0,0,19.9,0,0,0,0,0,0,0,0,0,241,242,0,0,0,63,0,801,20,1081,8,0,0,0,0,0,0,99,117,100,154,100,1,265,1574,1574,0,1754,1124,LSkill1091,Luna Stone,"By dropping stones from the sky, you can damage enemies around you"
skill_1092,1092,Luna Stone,1091,2,47,1,7,2000,5,1210,178,1,58,0,3,0,1,0,25,16,2,17,130,0,0,20.9,0,0,0,0,0,0,0,0,0,241,242,0,0,0,0,0,0,0,0,0,0,0,0,0,0,0,99,117,100,154,100,1,265,1574,1574,0,1754,1124,LSkill1091,Luna Stone,"By dropping stones from the sky, you can damage enemies around you"
skill_1093,1093,Luna Stone,1091,3,55,1,7,2000,5,1220,196,1,58,0,3,0,1,0,35,17,2,17,140,0,0,21.9,0,0,0,0,0,0,0,0,0,241,242,0,0,0,0,0,0,0,0,0,0,0,0,0,0,0,99,117,100,154,100,1,265,1574,1574,0,1754,1124,LSkill1091,Luna Stone,"By dropping stones from the sky, you can damage enemies around you"
skill_1094,1094,Luna Stone,1091,4,64,1,7,2000,5,1230,214,1,58,0,3,0,1,0,45,18,2,17,150,0,0,22.9,0,0,0,0,0,0,0,0,0,241,242,0,0,0,0,0,0,0,0,0,0,0,0,0,0,0,99,117,100,154,100,1,265,1574,1574,0,1754,1124,LSkill1091,Luna Stone,"By dropping stones from the sky, you can damage enemies around you"
skill_1095,1095,Luna Stone,1091,5,74,1,7,2000,5,1240,232,1,58,0,3,0,1,0,55,19,2,17,160,0,0,23.9,0,0,0,0,0,0,0,0,0,241,242,0,0,0,0,0,0,0,0,0,0,0,0,0,0,0,99,117,100,154,100,1,265,1574,1574,0,1754,1124,LSkill1091,Luna Stone,"By dropping stones from the sky, you can damage enemies around you"
skill_1096,1096,Luna Stone,1091,6,85,1,7,2000,5,1250,250,1,58,0,3,0,1,0,65,20,2,17,170,0,0,24.9,0,0,0,0,0,0,0,0,0,241,242,0,0,0,0,0,0,0,0,0,0,0,0,0,0,0,99,117,100,154,100,1,265,1574,1574,0,1754,1124,LSkill1091,Luna Stone,"By dropping stones from the sky, you can damage enemies around you"
skill_1097,1097,Luna Stone,1091,7,98,1,7,2000,5,1260,268,1,58,0,3,0,1,0,75,21,2,17,180,0,0,25.9,0,0,0,0,0,0,0,0,0,241,242,0,0,0,0,0,0,0,0,0,0,0,0,0,0,0,99,117,100,154,100,1,265,1574,1574,0,1754,1124,LSkill1091,Luna Stone,"By dropping stones from the sky, you can damage enemies around you"
skill_1098,1098,Luna Stone,1091,8,113,1,7,2000,5,1300,286,1,58,0,3,0,1,0,85,22,2,17,190,0,0,26.9,0,0,0,0,0,0,0,0,0,241,242,0,0,0,0,0,0,0,0,0,0,0,0,0,0,0,99,117,100,154,100,1,265,1574,1574,0,1754,1124,LSkill1091,Luna Stone,"By dropping stones from the sky, you can damage enemies around you"
skill_1099,1099,Luna Stone,1091,9,130,1,7,2000,5,1500,330,1,58,0,3,0,1,0,95,23,2,17,200,0,0,27.9,0,0,0,0,0,0,0,0,0,241,242,0,0,0,0,0,0,0,0,0,0,0,0,0,0,0,99,117,100,154,100,1,265,1574,1574,0,1754,1124,LSkill1091,Luna Stone,"By dropping stones from the sky, you can damage enemies around you"
skill_1100,1100,Luna Stone,1091,10,149,1,7,2000,5,1800,400,1,58,0,3,0,1,0,105,24,2,17,215,0,0,28.9,0,0,0,0,0,0,0,0,0,241,242,0,0,0,0,0,0,0,0,0,0,0,0,0,0,0,99,117,100,154,100,1,265,1574,1261,0,1754,1124,LSkill1091,Luna Stone,"By dropping stones from the sky, you can damage enemies around you"
skill_1101,1101,Ice Bang,1101,1,40,1,7,2500,5,1200,150,1,15,0,7,0,1,0,30,15,2,17,120,0,0,13.9,0,23,0,50,0,0,0,0,0,241,242,0,0,0,63,0,841,20,981,8,0,0,0,0,0,0,201,117,100,154,100,1,267,1574,1574,0,1754,1310,LSkill1101,Ice Bang,You can damage your target decreasing its moving speed.
skill_1102,1102,Ice Bang,1101,2,45,1,7,2500,5,1210,160,1,15,0,7,0,1,0,31,16,2,17,126,0,0,14.1,0,23,0,50,0,0,0,0,0,241,242,0,0,0,0,0,0,0,0,0,0,0,0,0,0,0,201,117,100,154,100,1,267,1574,1574,0,1754,1310,LSkill1101,Ice Bang,You can damage your target decreasing its moving speed.
skill_1103,1103,Ice Bang,1101,3,51,1,7,2500,5,1220,170,1,15,0,7,0,1,0,32,17,2,17,132,0,0,14.3,0,23,0,50,0,0,0,0,0,241,242,0,0,0,0,0,0,0,0,0,0,0,0,0,0,0,201,117,100,154,100,1,267,1574,1574,0,1754,1310,LSkill1101,Ice Bang,You can damage your target decreasing its moving speed.
skill_1104,1104,Ice Bang,1101,4,57,1,7,2500,5,1230,180,1,15,0,7,0,1,0,33,18,2,17,138,0,0,14.5,0,23,0,50,0,0,0,0,0,241,242,0,0,0,0,0,0,0,0,0,0,0,0,0,0,0,201,117,100,154,100,1,267,1574,1574,0,1754,1310,LSkill1101,Ice Bang,You can damage your target decreasing its moving speed.
skill_1105,1105,Ice Bang,1101,5,64,1,7,2500,5,1240,190,1,15,0,7,0,1,0,34,19,2,17,144,0,0,14.7,0,23,0,50,0,0,0,0,0,241,242,0,0,0,0,0,0,0,0,0,0,0,0,0,0,0,201,117,100,154,100,1,267,1574,1574,0,1754,1310,LSkill1101,Ice Bang,You can damage your target decreasing its moving speed.
skill_1106,1106,Ice Bang,1101,6,71,1,7,2500,5,1250,200,1,15,0,7,0,1,0,35,20,2,17,150,0,0,14.9,0,23,0,50,0,0,0,0,0,241,242,0,0,0,0,0,0,0,0,0,0,0,0,0,0,0,201,117,100,154,100,1,267,1574,1574,0,1754,1310,LSkill1101,Ice Bang,You can damage your target decreasing its moving speed.
skill_1107,1107,Ice Bang,1101,7,79,1,7,2500,5,1260,210,1,15,0,7,0,1,0,36,21,2,17,156,0,0,15.1,0,23,0,50,0,0,0,0,0,241,242,0,0,0,0,0,0,0,0,0,0,0,0,0,0,0,201,117,100,154,100,1,267,1574,1574,0,1754,1310,LSkill1101,Ice Bang,You can damage your target decreasing its moving speed.
skill_1108,1108,Ice Bang,1101,8,88,1,7,2500,5,1300,220,1,15,0,7,0,1,0,37,22,2,17,162,0,0,15.3,0,23,0,50,0,0,0,0,0,241,242,0,0,0,0,0,0,0,0,0,0,0,0,0,0,0,201,117,100,154,100,1,267,1574,1574,0,1754,1310,LSkill1101,Ice Bang,You can damage your target decreasing its moving speed.
skill_1109,1109,Ice Bang,1101,9,98,1,7,2500,5,1500,350,1,15,0,7,0,1,0,38,23,2,17,168,0,0,15.5,0,23,0,50,0,0,0,0,0,241,242,0,0,0,0,0,0,0,0,0,0,0,0,0,0,0,201,117,100,154,100,1,267,1574,1574,0,1754,1310,LSkill1101,Ice Bang,You can damage your target decreasing its moving speed.
skill_1110,1110,Ice Bang,1101,10,109,1,7,2500,5,1800,400,1,15,0,7,0,1,0,42,24,2,17,174,0,0,15.7,0,23,0,50,0,0,0,0,0,241,242,0,0,0,0,0,0,0,0,0,0,0,0,0,0,0,201,117,100,154,100,1,267,1574,1260,0,1754,1310,LSkill1101,Ice Bang,You can damage your target decreasing its moving speed.
skill_1131,1131,Resurrection,1131,1,30,1,20,1000,9,0,0,0,0,0,0,0,0,0,0,0,0,17,300,0,0,5.9,0,0,0,0,0,0,0,0,0,0,0,0,0,0,64,0,821,10,931,5,0,0,0,0,0,0,221,194,100,195,100,1,266,90,0,0,0,1501,LSkill1131,Resurrection,You can ressurect fainted character at the place where he fainted
skill_1132,1132,Resurrection,1131,2,40,1,20,1000,9,0,15,0,0,0,0,0,0,0,0,0,0,17,450,0,0,5.9,0,0,0,0,0,0,0,0,0,0,0,0,0,0,0,0,821,12,0,0,0,0,0,0,0,0,221,194,100,195,100,1,266,90,0,0,0,1501,LSkill1132,Resurrection,You can ressurect fainted character and recover some of its lost experience point.
skill_1133,1133,Resurrection,1131,3,50,1,20,1000,9,0,30,0,0,0,0,0,0,0,0,0,0,17,600,0,0,5.9,0,0,0,0,0,0,0,0,0,0,0,0,0,0,0,0,821,14,0,0,0,0,0,0,0,0,221,194,100,195,100,1,266,90,0,0,0,1501,LSkill1132,Resurrection,You can ressurect fainted character and recover some of its lost experience point.
skill_1134,1134,Resurrection,1131,4,60,1,20,1000,9,0,40,0,0,0,0,0,0,0,0,0,0,17,700,0,0,5.9,0,0,0,0,0,0,0,0,0,0,0,0,0,0,0,0,821,16,0,0,0,0,0,0,0,0,221,194,100,195,100,1,266,90,0,0,0,1501,LSkill1132,Resurrection,You can ressurect fainted character and recover some of its lost experience point.
skill_1135,1135,Resurrection,1131,5,70,1,20,1000,9,0,50,0,0,0,0,0,0,0,0,0,0,17,800,0,0,5.9,0,0,0,0,0,0,0,0,0,0,0,0,0,0,0,0,821,18,0,0,0,0,0,0,0,0,221,194,100,195,100,1,266,90,0,0,0,1501,LSkill1132,Resurrection,You can ressurect fainted character and recover some of its lost experience point.
skill_1141,1141,Curse,1141,1,10,1,6,2500,5,0,30,0,10,0,3,0,1,0,90,3,2,17,15,0,0,9.9,0,0,0,0,0,0,0,0,0,0,0,0,0,0,42,0,821,8,931,4,0,0,0,0,0,0,117,112,100,151,100,0,268,90,141,0,1752,1501,LSkill1141,Curse,You can decrease targeted character's HP.
skill_1142,1142,Curse,1141,2,13,1,6,2550,5,0,38,0,10,0,3,0,1,0,90,3,2,17,17,0,0,9.9,0,0,0,0,0,0,0,0,0,0,0,0,0,0,0,0,821,9,0,0,0,0,0,0,0,0,117,112,100,151,100,0,268,90,141,0,1752,1501,LSkill1141,Curse,You can decrease targeted character's HP.
skill_1143,1143,Curse,1141,3,16,1,6,2600,5,0,46,0,10,0,3,0,1,0,90,4,2,17,19,0,0,9.9,0,0,0,0,0,0,0,0,0,0,0,0,0,0,0,0,821,10,0,0,0,0,0,0,0,0,117,112,100,151,100,0,268,90,141,0,1752,1501,LSkill1141,Curse,You can decrease targeted character's HP.
skill_1144,1144,Curse,1141,4,20,1,6,2650,5,0,54,0,10,0,3,0,1,0,90,4,2,17,21,0,0,9.9,0,0,0,0,0,0,0,0,0,0,0,0,0,0,0,0,821,11,0,0,0,0,0,0,0,0,117,112,100,151,100,0,268,90,141,0,1752,1501,LSkill1141,Curse,You can decrease targeted character's HP.
skill_1145,1145,Curse,1141,5,24,1,6,2700,5,0,62,0,10,0,3,0,1,0,90,5,2,17,23,0,0,9.9,0,0,0,0,0,0,0,0,0,0,0,0,0,0,0,0,821,12,0,0,0,0,0,0,0,0,117,112,100,151,100,0,268,90,141,0,1752,1501,LSkill1141,Curse,You can decrease targeted character's HP.
skill_1146,1146,Curse,1141,6,29,1,6,2750,5,0,70,0,10,0,3,0,1,0,90,10,2,17,25,0,0,9.9,0,0,0,0,0,0,0,0,0,0,0,0,0,0,64,0,821,13,0,0,0,0,0,0,0,0,117,112,100,151,100,0,268,90,141,0,1752,1501,LSkill1141,Curse,You can decrease targeted character's HP.
skill_1147,1147,Curse,1141,7,35,1,6,2800,5,0,100,0,10,0,3,0,1,0,90,13,2,17,27,0,0,9.9,0,0,0,0,0,0,0,0,0,0,0,0,0,0,0,0,821,14,0,0,0,0,0,0,0,0,117,112,100,151,100,0,268,90,141,0,1752,1501,LSkill1141,Curse,You can decrease targeted character's HP.
skill_1148,1148,Curse,1141,8,42,1,6,2850,5,0,200,0,10,0,3,0,1,0,90,15,2,17,29,0,0,9.9,0,0,0,0,0,0,0,0,0,0,0,0,0,0,0,0,821,15,0,0,0,0,0,0,0,0,117,112,100,151,100,0,268,90,141,0,1752,1501,LSkill1141,Curse,You can decrease targeted character's HP.
skill_1149,1149,Curse,1141,9,50,1,6,2900,5,0,300,0,10,0,3,0,1,0,90,17,2,17,31,0,0,9.9,0,0,0,0,0,0,0,0,0,0,0,0,0,0,0,0,821,16,0,0,0,0,0,0,0,0,117,112,100,151,100,0,268,90,141,0,1752,1501,LSkill1141,Curse,You can decrease targeted character's HP.
skill_1150,1150,Curse,1141,10,59,1,6,3000,5,0,400,0,10,0,3,0,1,0,90,20,2,17,35,0,0,9.9,0,0,0,0,0,0,0,0,0,0,0,0,0,0,0,0,821,17,0,0,0,0,0,0,0,0,117,112,100,151,100,0,268,90,141,0,1752,1501,LSkill1141,Curse,You can decrease targeted character's HP.
skill_1161,1161,BoneFire,1161,1,12,1,14,0,0,0,0,0,0,0,0,0,0,0,0,0,0,17,70,0,0,3.9,0,0,0,0,0,0,0,801,2,0,0,0,0,0,42,0,821,6,931,2,0,0,0,0,0,0,75,118,100,155,100,1,221,90,0,0,0,0,LSkill1161,Bonfire,"With fire of life, you can help friendly characters recover"
skill_1162,1162,BoneFire,1161,2,15,1,14,0,0,0,0,0,0,0,0,0,0,0,0,0,0,17,73,0,0,3.9,0,0,0,0,0,0,0,802,2,0,0,0,0,0,0,0,821,7,0,0,0,0,0,0,0,0,75,118,100,155,100,1,221,90,0,0,0,0,LSkill1161,Bonfire,"With fire of life, you can help friendly characters recover"
skill_1163,1163,BoneFire,1161,3,18,1,14,0,0,0,0,0,0,0,0,0,0,0,0,0,0,17,76,0,0,3.9,0,0,0,0,0,0,0,803,2,0,0,0,0,0,0,0,821,8,0,0,0,0,0,0,0,0,75,118,100,155,100,1,221,90,0,0,0,0,LSkill1161,Bonfire,"With fire of life, you can help friendly characters recover"
skill_1164,1164,BoneFire,1161,4,22,1,14,0,0,0,0,0,0,0,0,0,0,0,0,0,0,17,79,0,0,3.9,0,0,0,0,0,0,0,804,2,0,0,0,0,0,0,0,821,9,0,0,0,0,0,0,0,0,75,118,100,155,100,1,221,90,0,0,0,0,LSkill1161,Bonfire,"With fire of life, you can help friendly characters recover"
skill_1165,1165,BoneFire,1161,5,27,1,14,0,0,0,0,0,0,0,0,0,0,0,0,0,0,17,82,0,0,3.9,0,0,0,0,0,0,0,805,2,0,0,0,0,0,0,0,821,10,0,0,0,0,0,0,0,0,75,118,100,155,100,1,221,90,0,0,0,0,LSkill1161,Bonfire,"With fire of life, you can help friendly characters recover"
skill_1166,1166,BoneFire,1161,6,32,1,14,0,0,0,0,0,0,0,0,0,0,0,0,0,0,17,85,0,0,3.9,0,0,0,0,0,0,0,806,2,0,0,0,0,0,64,0,821,11,0,0,0,0,0,0,0,0,75,118,100,155,100,1,221,90,0,0,0,0,LSkill1161,Bonfire,"With fire of life, you can help friendly characters recover"
skill_1167,1167,BoneFire,1161,7,38,1,14,0,0,0,0,0,0,0,0,0,0,0,0,0,0,17,88,0,0,3.9,0,0,0,0,0,0,0,807,2,0,0,0,0,0,0,0,821,12,0,0,0,0,0,0,0,0,75,118,100,155,100,1,221,90,0,0,0,0,LSkill1161,Bonfire,"With fire of life, you can help friendly characters recover"
skill_1168,1168,BoneFire,1161,7,38,1,14,0,0,0,0,0,0,0,0,0,0,0,0,0,0,17,88,0,0,3.9,0,0,0,0,0,0,0,807,2,0,0,0,0,0,0,0,821,12,0,0,0,0,0,0,0,0,75,118,100,155,100,1,221,90,0,0,0,0,LSkill1161,Bonfire,"With fire of life, you can help friendly characters recover"
skill_1169,1169,BoneFire,1161,7,38,1,14,0,0,0,0,0,0,0,0,0,0,0,0,0,0,17,88,0,0,3.9,0,0,0,0,0,0,0,807,2,0,0,0,0,0,0,0,821,12,0,0,0,0,0,0,0,0,75,118,100,155,100,1,221,90,0,0,0,0,LSkill1161,Bonfire,"With fire of life, you can help friendly characters recover"
skill_1170,1170,BoneFire,1161,7,38,1,14,0,0,0,0,0,0,0,0,0,0,0,0,0,0,17,88,0,0,3.9,0,0,0,0,0,0,0,807,2,0,0,0,0,0,0,0,821,12,0,0,0,0,0,0,0,0,75,118,100,155,100,1,221,90,0,0,0,0,LSkill1161,Bonfire,"With fire of life, you can help friendly characters recover"
skill_1171,1171,Phantom Sword,1171,1,38,1,14,0,0,0,0,0,0,0,0,0,0,0,0,0,0,17,200,0,0,5.9,0,0,0,0,0,0,0,821,2,0,0,0,0,0,42,0,801,6,861,1,0,0,0,0,0,0,88,118,100,155,100,1,221,90,0,0,0,0,LSkill1171,Phantom Sword,You can summon magic sword and make him attack enemies near you.
skill_1172,1172,Phantom Sword,1171,2,23,1,14,0,0,0,0,0,0,0,0,0,0,0,0,0,0,17,210,0,0,6.5,0,0,0,0,0,0,0,822,2,0,0,0,0,0,0,0,801,7,0,0,0,0,0,0,0,0,88,118,100,155,100,1,221,90,0,0,0,0,LSkill1171,Phantom Sword,You can summon magic sword and make him attack enemies near you.
skill_1173,1173,Phantom Sword,1171,3,27,1,14,0,0,0,0,0,0,0,0,0,0,0,0,0,0,17,220,0,0,7.1,0,0,0,0,0,0,0,823,2,0,0,0,0,0,0,0,801,8,861,2,0,0,0,0,0,0,88,118,100,155,100,1,221,90,0,0,0,0,LSkill1171,Phantom Sword,You can summon magic sword and make him attack enemies near you.
skill_1174,1174,Phantom Sword,1171,4,31,1,14,0,0,0,0,0,0,0,0,0,0,0,0,0,0,17,230,0,0,7.7,0,0,0,0,0,0,0,824,2,0,0,0,0,0,0,0,801,9,0,0,0,0,0,0,0,0,88,118,100,155,100,1,221,90,0,0,0,0,LSkill1171,Phantom Sword,You can summon magic sword and make him attack enemies near you.
skill_1175,1175,Phantom Sword,1171,5,36,1,14,0,0,0,0,0,0,0,0,0,0,0,0,0,0,17,240,0,0,8.3,0,0,0,0,0,0,0,825,2,0,0,0,0,0,0,0,801,10,861,3,0,0,0,0,0,0,88,118,100,155,100,1,221,90,0,0,0,0,LSkill1171,Phantom Sword,You can summon magic sword and make him attack enemies near you.
skill_1176,1176,Phantom Sword,1171,6,41,1,14,0,0,0,0,0,0,0,0,0,0,0,0,0,0,17,250,0,0,8.9,0,0,0,0,0,0,0,826,2,0,0,0,0,0,0,0,801,11,0,0,0,0,0,0,0,0,88,118,100,155,100,1,221,90,0,0,0,0,LSkill1171,Phantom Sword,You can summon magic sword and make him attack enemies near you.
skill_1177,1177,Phantom Sword,1171,7,47,1,14,0,0,0,0,0,0,0,0,0,0,0,0,0,0,17,260,0,0,9.5,0,0,0,0,0,0,0,827,2,0,0,0,0,0,0,0,801,12,0,0,0,0,0,0,0,0,88,118,100,155,100,1,221,90,0,0,0,0,LSkill1171,Phantom Sword,You can summon magic sword and make him attack enemies near you.
skill_1178,1178,Phantom Sword,1171,8,54,1,14,0,0,0,0,0,0,0,0,0,0,0,0,0,0,17,270,0,0,10.1,0,0,0,0,0,0,0,828,2,0,0,0,0,0,0,0,801,13,0,0,0,0,0,0,0,0,88,118,100,155,100,1,221,90,0,0,0,0,LSkill1171,Phantom Sword,You can summon magic sword and make him attack enemies near you.
skill_1179,1179,Phantom Sword,1171,9,61,1,14,0,0,0,0,0,0,0,0,0,0,0,0,0,0,17,280,0,0,10.7,0,0,0,0,0,0,0,829,2,0,0,0,0,0,0,0,801,14,0,0,0,0,0,0,0,0,88,118,100,155,100,1,221,90,0,0,0,0,LSkill1171,Phantom Sword,You can summon magic sword and make him attack enemies near you.
skill_1180,1180,Phantom Sword,1171,10,69,1,14,0,0,0,0,0,0,0,0,0,0,0,0,0,0,17,300,0,0,11.3,0,0,0,0,0,0,0,830,2,0,0,0,0,0,0,0,801,15,0,0,0,0,0,0,0,0,88,118,100,155,100,1,221,90,0,0,0,0,LSkill1171,Phantom Sword,You can summon magic sword and make him attack enemies near you.
skill_1181,1181,Call Elemental,1181,1,35,1,14,0,0,0,0,0,0,0,0,0,0,0,0,0,0,17,400,0,0,9.9,0,0,0,0,0,0,0,841,2,0,0,0,0,0,52,0,801,15,861,3,1171,5,0,0,0,0,204,118,100,155,100,1,221,90,0,0,0,0,LSkill1181,Call Elemental,Calling Elemental
skill_1182,1182,Call Elemental,1181,2,40,1,14,0,0,0,0,0,0,0,0,0,0,0,0,0,0,17,420,0,0,10.5,0,0,0,0,0,0,0,842,2,0,0,0,0,0,0,0,801,16,0,0,0,0,0,0,0,0,204,118,100,155,100,1,221,90,0,0,0,0,LSkill1181,Call Elemental,Calling Elemental
skill_1183,1183,Call Elemental,1181,3,46,1,14,0,0,0,0,0,0,0,0,0,0,0,0,0,0,17,440,0,0,11.1,0,0,0,0,0,0,0,843,2,0,0,0,0,0,0,0,801,17,861,4,0,0,0,0,0,0,204,118,100,155,100,1,221,90,0,0,0,0,LSkill1181,Call Elemental,Calling Elemental
skill_1184,1184,Call Elemental,1181,4,53,1,14,0,0,0,0,0,0,0,0,0,0,0,0,0,0,17,460,0,0,11.7,0,0,0,0,0,0,0,844,2,0,0,0,0,0,0,0,801,18,0,0,0,0,0,0,0,0,204,118,100,155,100,1,221,90,0,0,0,0,LSkill1181,Call Elemental,Calling Elemental
skill_1185,1185,Call Elemental,1181,5,60,1,14,0,0,0,0,0,0,0,0,0,0,0,0,0,0,17,480,0,0,12.3,0,0,0,0,0,0,0,845,2,0,0,0,0,0,0,0,801,19,861,5,0,0,0,0,0,0,204,118,100,155,100,1,221,90,0,0,0,0,LSkill1181,Call Elemental,Calling Elemental
skill_1186,1186,Call Elemental,1181,6,68,1,14,0,0,0,0,0,0,0,0,0,0,0,0,0,0,17,500,0,0,12.9,0,0,0,0,0,0,0,846,2,0,0,0,0,0,0,0,801,20,0,0,0,0,0,0,0,0,204,118,100,155,100,1,221,90,0,0,0,0,LSkill1181,Call Elemental,Calling Elemental
skill_1187,1187,Call Elemental,1181,7,77,1,14,0,0,0,0,0,0,0,0,0,0,0,0,0,0,17,520,0,0,13.5,0,0,0,0,0,0,0,847,2,0,0,0,0,0,0,0,0,0,861,6,0,0,0,0,0,0,204,118,100,155,100,1,221,90,0,0,0,0,LSkill1181,Call Elemental,Calling Elemental
skill_1188,1188,Call Elemental,1181,8,87,1,14,0,0,0,0,0,0,0,0,0,0,0,0,0,0,17,540,0,0,14.1,0,0,0,0,0,0,0,848,2,0,0,0,0,0,0,0,0,0,0,0,0,0,0,0,0,0,204,118,100,155,100,1,221,90,0,0,0,0,LSkill1181,Call Elemental,Calling Elemental
skill_1189,1189,Call Elemental,1181,9,98,1,14,0,0,0,0,0,0,0,0,0,0,0,0,0,0,17,560,0,0,14.7,0,0,0,0,0,0,0,849,2,0,0,0,0,0,0,0,0,0,861,7,0,0,0,0,0,0,204,118,100,155,100,1,221,90,0,0,0,0,LSkill1181,Call Elemental,Calling Elemental
skill_1190,1190,Call Elemental,1181,10,111,1,14,0,0,0,0,0,0,0,0,0,0,0,0,0,0,17,600,0,0,15.3,0,0,0,0,0,0,0,850,2,0,0,0,0,0,0,0,0,0,0,0,0,0,0,0,0,0,204,118,100,155,100,1,221,90,0,0,0,0,LSkill1181,Call Elemental,Calling Elemental
skill_1191,1191,Call Firegon,1191,1,30,1,14,0,0,0,0,0,0,0,0,0,0,0,0,0,0,17,250,0,0,8.9,0,0,0,0,0,0,0,831,2,0,0,0,0,0,63,0,841,15,861,1,1061,5,0,0,0,0,203,118,100,155,100,1,221,90,0,0,0,0,LSkill1191,Call Firegon,Calling Firegon.
skill_1192,1192,Call Firegon,1191,2,35,1,14,0,0,0,0,0,0,0,0,0,0,0,0,0,0,17,260,0,0,9.5,0,0,0,0,0,0,0,832,2,0,0,0,0,0,0,0,841,16,0,0,0,0,0,0,0,0,203,118,100,155,100,1,221,90,0,0,0,0,LSkill1191,Call Firegon,Calling Firegon.
skill_1193,1193,Call Firegon,1191,3,40,1,14,0,0,0,0,0,0,0,0,0,0,0,0,0,0,17,270,0,0,10.1,0,0,0,0,0,0,0,833,2,0,0,0,0,0,0,0,841,17,861,2,0,0,0,0,0,0,203,118,100,155,100,1,221,90,0,0,0,0,LSkill1191,Call Firegon,Calling Firegon.
skill_1194,1194,Call Firegon,1191,4,46,1,14,0,0,0,0,0,0,0,0,0,0,0,0,0,0,17,280,0,0,10.7,0,0,0,0,0,0,0,834,2,0,0,0,0,0,0,0,841,18,0,0,0,0,0,0,0,0,203,118,100,155,100,1,221,90,0,0,0,0,LSkill1191,Call Firegon,Calling Firegon.
skill_1195,1195,Call Firegon,1191,5,53,1,14,0,0,0,0,0,0,0,0,0,0,0,0,0,0,17,290,0,0,11.3,0,0,0,0,0,0,0,835,2,0,0,0,0,0,0,0,841,19,861,3,0,0,0,0,0,0,203,118,100,155,100,1,221,90,0,0,0,0,LSkill1191,Call Firegon,Calling Firegon.
skill_1196,1196,Call Firegon,1191,6,60,1,14,0,0,0,0,0,0,0,0,0,0,0,0,0,0,17,300,0,0,11.9,0,0,0,0,0,0,0,836,2,0,0,0,0,0,0,0,841,20,0,0,0,0,0,0,0,0,203,118,100,155,100,1,221,90,0,0,0,0,LSkill1191,Call Firegon,Calling Firegon.
skill_1197,1197,Call Firegon,1191,7,68,1,14,0,0,0,0,0,0,0,0,0,0,0,0,0,0,17,310,0,0,12.5,0,0,0,0,0,0,0,837,2,0,0,0,0,0,0,0,0,0,861,4,0,0,0,0,0,0,203,118,100,155,100,1,221,90,0,0,0,0,LSkill1191,Call Firegon,Calling Firegon.
skill_1198,1198,Call Firegon,1191,8,77,1,14,0,0,0,0,0,0,0,0,0,0,0,0,0,0,17,320,0,0,13.1,0,0,0,0,0,0,0,838,2,0,0,0,0,0,0,0,0,0,0,0,0,0,0,0,0,0,203,118,100,155,100,1,221,90,0,0,0,0,LSkill1191,Call Firegon,Calling Firegon.
skill_1199,1199,Call Firegon,1191,9,87,1,14,0,0,0,0,0,0,0,0,0,0,0,0,0,0,17,330,0,0,13.7,0,0,0,0,0,0,0,839,2,0,0,0,0,0,0,0,0,0,861,5,0,0,0,0,0,0,203,118,100,155,100,1,221,90,0,0,0,0,LSkill1191,Call Firegon,Calling Firegon.
skill_1200,1200,Call Firegon,1191,10,98,1,14,0,0,0,0,0,0,0,0,0,0,0,0,0,0,17,350,0,0,14.3,0,0,0,0,0,0,0,840,2,0,0,0,0,0,0,0,0,0,0,0,0,0,0,0,0,0,203,118,100,155,100,1,221,90,0,0,0,0,LSkill1191,Call Firegon,Calling Firegon.
skill_1201,1201,Battle Support,1201,1,30,1,9,2000,3,0,0,0,16,0,8,0,0,0,0,300,0,17,40,0,0,2.3,0,24,12,0,0,0,0,0,0,0,0,0,0,0,64,0,821,10,1021,5,0,0,0,0,0,0,212,112,100,151,100,0,221,90,0,0,1752,1501,LSkill1201,Battle Support,You can increase attack speed of targeted character temporarily
skill_1202,1202,Battle Support,1201,2,33,1,9,2000,3,0,0,0,16,0,8,0,0,0,0,350,0,17,43,0,0,2.3,0,24,14,0,0,0,0,0,0,0,0,0,0,0,0,0,821,11,0,0,0,0,0,0,0,0,212,112,100,151,100,0,221,90,0,0,1752,1501,LSkill1201,Battle Support,You can increase attack speed of targeted character temporarily
skill_1203,1203,Battle Support,1201,3,37,1,9,2000,3,0,0,0,16,0,8,0,0,0,0,380,0,17,46,0,0,2.3,0,24,16,0,0,0,0,0,0,0,0,0,0,0,0,0,821,12,0,0,0,0,0,0,0,0,212,112,100,151,100,0,221,90,0,0,1752,1501,LSkill1201,Battle Support,You can increase attack speed of targeted character temporarily
skill_1204,1204,Battle Support,1201,4,41,1,9,2000,3,0,0,0,16,0,8,0,0,0,0,400,0,17,49,0,0,2.3,0,24,18,0,0,0,0,0,0,0,0,0,0,0,0,0,821,13,0,0,0,0,0,0,0,0,212,112,100,151,100,0,221,90,0,0,1752,1501,LSkill1201,Battle Support,You can increase attack speed of targeted character temporarily
skill_1205,1205,Battle Support,1201,5,45,1,9,2000,3,0,0,0,16,0,8,0,0,0,0,440,0,17,52,0,0,2.3,0,24,20,0,0,0,0,0,0,0,0,0,0,0,0,0,821,14,0,0,0,0,0,0,0,0,212,112,100,151,100,0,221,90,0,0,1752,1501,LSkill1201,Battle Support,You can increase attack speed of targeted character temporarily
skill_1206,1206,Battle Support,1201,6,50,1,9,2000,3,0,0,0,16,0,8,0,0,0,0,490,0,17,55,0,0,2.3,0,24,22,0,0,0,0,0,0,0,0,0,0,0,0,0,821,15,0,0,0,0,0,0,0,0,212,112,100,151,100,0,221,90,0,0,1752,1501,LSkill1201,Battle Support,You can increase attack speed of targeted character temporarily
skill_1207,1207,Battle Support,1201,7,55,1,9,2000,3,0,0,0,16,0,8,0,0,0,0,520,0,17,58,0,0,2.3,0,24,24,0,0,0,0,0,0,0,0,0,0,0,0,0,821,16,0,0,0,0,0,0,0,0,212,112,100,151,100,0,221,90,0,0,1752,1501,LSkill1201,Battle Support,You can increase attack speed of targeted character temporarily
skill_1208,1208,Battle Support,1201,8,60,1,9,2000,3,0,0,0,16,0,8,0,0,0,0,550,0,17,61,0,0,2.3,0,24,26,0,0,0,0,0,0,0,0,0,0,0,0,0,821,17,0,0,0,0,0,0,0,0,212,112,100,151,100,0,221,90,0,0,1752,1501,LSkill1201,Battle Support,You can increase attack speed of targeted character temporarily
skill_1209,1209,Battle Support,1201,9,66,1,9,2000,3,0,0,0,16,0,8,0,0,0,0,570,0,17,64,0,0,2.3,0,24,28,0,0,0,0,0,0,0,0,0,0,0,0,0,821,18,0,0,0,0,0,0,0,0,212,112,100,151,100,0,221,90,0,0,1752,1501,LSkill1201,Battle Support,You can increase attack speed of targeted character temporarily
skill_1210,1210,Battle Support,1201,10,72,1,9,2000,3,0,0,0,16,0,8,0,0,0,0,5000,0,17,70,0,0,2.3,0,24,30,0,0,0,0,0,0,0,0,0,0,0,0,0,821,20,0,0,0,0,0,0,0,0,212,112,100,151,100,0,221,90,0,0,1752,1501,LSkill1201,Battle Support,You can increase attack speed of targeted character temporarily
skill_1211,1211,Damage Support,1211,1,35,1,13,2000,3,0,14,0,36,0,28,0,0,0,0,300,0,17,50,0,0,2.3,0,0,0,0,0,0,0,0,0,0,0,0,0,0,64,0,1021,10,0,0,0,0,0,0,0,0,213,112,100,151,100,0,221,90,0,0,1752,1501,LSkill1211,Damage Support,You can improve attack power and skill damage of your targeted character.
skill_1212,1212,Damage Support,1211,2,39,1,13,2000,3,0,16,0,36,0,28,0,0,0,0,350,0,17,55,0,0,2.3,0,0,0,0,0,0,0,0,0,0,0,0,0,0,0,0,0,0,0,0,0,0,0,0,0,0,213,112,100,151,100,0,221,90,0,0,1752,1501,LSkill1211,Damage Support,You can improve attack power and skill damage of your targeted character.
skill_1213,1213,Damage Support,1211,3,43,1,13,2000,3,0,18,0,36,0,28,0,0,0,0,380,0,17,60,0,0,2.3,0,0,0,0,0,0,0,0,0,0,0,0,0,0,0,0,0,0,0,0,0,0,0,0,0,0,213,112,100,151,100,0,221,90,0,0,1752,1501,LSkill1211,Damage Support,You can improve attack power and skill damage of your targeted character.
skill_1214,1214,Damage Support,1211,4,47,1,13,2000,3,0,20,0,36,0,28,0,0,0,0,400,0,17,65,0,0,2.3,0,0,0,0,0,0,0,0,0,0,0,0,0,0,0,0,0,0,0,0,0,0,0,0,0,0,213,112,100,151,100,0,221,90,0,0,1752,1501,LSkill1211,Damage Support,You can improve attack power and skill damage of your targeted character.
skill_1215,1215,Damage Support,1211,5,52,1,13,2000,3,0,22,0,36,0,28,0,0,0,0,440,0,17,70,0,0,2.3,0,0,0,0,0,0,0,0,0,0,0,0,0,0,0,0,0,0,0,0,0,0,0,0,0,0,213,112,100,151,100,0,221,90,0,0,1752,1501,LSkill1211,Damage Support,You can improve attack power and skill damage of your targeted character.
skill_1216,1216,Damage Support,1211,6,57,1,13,2000,3,0,24,0,36,0,28,0,0,0,0,490,0,17,75,0,0,2.3,0,0,0,0,0,0,0,0,0,0,0,0,0,0,0,0,0,0,0,0,0,0,0,0,0,0,213,112,100,151,100,0,221,90,0,0,1752,1501,LSkill1211,Damage Support,You can improve attack power and skill damage of your targeted character.
skill_1217,1217,Damage Support,1211,7,63,1,13,2000,3,0,26,0,36,0,28,0,0,0,0,520,0,17,80,0,0,2.3,0,0,0,0,0,0,0,0,0,0,0,0,0,0,0,0,0,0,0,0,0,0,0,0,0,0,213,112,100,151,100,0,221,90,0,0,1752,1501,LSkill1211,Damage Support,You can improve attack power and skill damage of your targeted character.
skill_1218,1218,Damage Support,1211,8,69,1,13,2000,3,0,28,0,36,0,28,0,0,0,0,550,0,17,85,0,0,2.3,0,0,0,0,0,0,0,0,0,0,0,0,0,0,0,0,0,0,0,0,0,0,0,0,0,0,213,112,100,151,100,0,221,90,0,0,1752,1501,LSkill1211,Damage Support,You can improve attack power and skill damage of your targeted character.
skill_1219,1219,Damage Support,1211,9,76,1,13,2000,3,0,30,0,36,0,28,0,0,0,0,570,0,17,90,0,0,2.3,0,0,0,0,0,0,0,0,0,0,0,0,0,0,0,0,0,0,0,0,0,0,0,0,0,0,213,112,100,151,100,0,221,90,0,0,1752,1501,LSkill1211,Damage Support,You can improve attack power and skill damage of your targeted character.
skill_1220,1220,Damage Support,1211,10,83,1,13,2000,3,0,33,0,36,0,28,0,0,0,0,5000,0,17,100,0,0,2.3,0,0,0,0,0,0,0,0,0,0,0,0,0,0,0,0,0,0,0,0,0,0,0,0,0,0,213,112,100,151,100,0,221,90,0,0,1752,1501,LSkill1211,Damage Support,You can improve attack power and skill damage of your targeted character.
skill_1221,1221,Hit Support,1221,1,20,1,9,2000,3,0,0,0,24,0,16,0,0,0,0,300,0,17,30,0,0,2.3,0,20,30,0,0,0,0,0,0,0,0,0,0,0,42,0,821,8,961,4,0,0,0,0,0,0,211,112,100,151,100,0,221,90,0,0,1752,1501,LSkill1221,Hit Support,You can improve hitting accuracy of targeted character.
skill_1222,1222,Hit Support,1221,2,23,1,9,2000,3,0,0,0,24,0,16,0,0,0,0,350,0,17,34,0,0,2.3,0,20,35,0,0,0,0,0,0,0,0,0,0,0,0,0,821,9,0,0,0,0,0,0,0,0,211,112,100,151,100,0,221,90,0,0,1752,1501,LSkill1221,Hit Support,You can improve hitting accuracy of targeted character.
skill_1223,1223,Hit Support,1221,3,26,1,9,2000,3,0,0,0,24,0,16,0,0,0,0,380,0,17,38,0,0,2.3,0,20,40,0,0,0,0,0,0,0,0,0,0,0,0,0,821,10,0,0,0,0,0,0,0,0,211,112,100,151,100,0,221,90,0,0,1752,1501,LSkill1221,Hit Support,You can improve hitting accuracy of targeted character.
skill_1224,1224,Hit Support,1221,4,30,1,9,2000,3,0,0,0,24,0,16,0,0,0,0,400,0,17,42,0,0,2.3,0,20,45,0,0,0,0,0,0,0,0,0,0,0,0,0,821,11,0,0,0,0,0,0,0,0,211,112,100,151,100,0,221,90,0,0,1752,1501,LSkill1221,Hit Support,You can improve hitting accuracy of targeted character.
skill_1225,1225,Hit Support,1221,5,34,1,9,2000,3,0,0,0,24,0,16,0,0,0,0,440,0,17,46,0,0,2.3,0,20,50,0,0,0,0,0,0,0,0,0,0,0,0,0,821,12,0,0,0,0,0,0,0,0,211,112,100,151,100,0,221,90,0,0,1752,1501,LSkill1221,Hit Support,You can improve hitting accuracy of targeted character.
skill_1226,1226,Hit Support,1221,6,38,1,9,2000,3,0,0,0,24,0,16,0,0,0,0,490,0,17,50,0,0,2.3,0,20,55,0,0,0,0,0,0,0,0,0,0,0,0,0,821,13,0,0,0,0,0,0,0,0,211,112,100,151,100,0,221,90,0,0,1752,1501,LSkill1221,Hit Support,You can improve hitting accuracy of targeted character.
skill_1227,1227,Hit Support,1221,7,43,1,9,2000,3,0,0,0,24,0,16,0,0,0,0,520,0,17,54,0,0,2.3,0,20,70,0,0,0,0,0,0,0,0,0,0,0,0,0,821,14,0,0,0,0,0,0,0,0,211,112,100,151,100,0,221,90,0,0,1752,1501,LSkill1221,Hit Support,You can improve hitting accuracy of targeted character.
skill_1228,1228,Hit Support,1221,8,48,1,9,2000,3,0,0,0,24,0,16,0,0,0,0,550,0,17,58,0,0,2.3,0,20,90,0,0,0,0,0,0,0,0,0,0,0,0,0,821,16,0,0,0,0,0,0,0,0,211,112,100,151,100,0,221,90,0,0,1752,1501,LSkill1221,Hit Support,You can improve hitting accuracy of targeted character.
skill_1229,1229,Hit Support,1221,9,54,1,9,2000,3,0,0,0,24,0,16,0,0,0,0,570,0,17,62,0,0,2.3,0,20,110,0,0,0,0,0,0,0,0,0,0,0,0,0,821,18,0,0,0,0,0,0,0,0,211,112,100,151,100,0,221,90,0,0,1752,1501,LSkill1221,Hit Support,You can improve hitting accuracy of targeted character.
skill_1230,1230,Hit Support,1221,10,60,1,9,2000,3,0,0,0,24,0,16,0,0,0,0,5000,0,17,66,0,0,2.3,0,20,135,0,0,0,0,0,0,0,0,0,0,0,0,0,821,20,0,0,0,0,0,0,0,0,211,112,100,151,100,0,221,90,0,0,1752,1501,LSkill1221,Hit Support,You can improve hitting accuracy of targeted character.
skill_1231,1231,Sharpen Support,1231,1,35,1,9,2000,3,0,0,0,26,0,18,0,0,0,0,300,0,17,40,0,0,2.3,0,26,42,0,0,0,0,0,0,0,0,0,0,0,64,0,1221,10,0,0,0,0,0,0,0,0,214,112,100,151,100,0,221,90,0,0,1752,1501,LSkill1231,Sharpen Support,You can increase your target's critical rate temporarily
skill_1232,1232,Sharpen Support,1231,2,39,1,9,2000,3,0,0,0,26,0,18,0,0,0,0,350,0,17,44,0,0,2.3,0,26,44,0,0,0,0,0,0,0,0,0,0,0,0,0,0,0,0,0,0,0,0,0,0,0,214,112,100,151,100,0,221,90,0,0,1752,1501,LSkill1231,Sharpen Support,You can increase your target's critical rate temporarily
skill_1233,1233,Sharpen Support,1231,3,43,1,9,2000,3,0,0,0,26,0,18,0,0,0,0,380,0,17,48,0,0,2.3,0,26,46,0,0,0,0,0,0,0,0,0,0,0,0,0,0,0,0,0,0,0,0,0,0,0,214,112,100,151,100,0,221,90,0,0,1752,1501,LSkill1231,Sharpen Support,You can increase your target's critical rate temporarily
skill_1234,1234,Sharpen Support,1231,4,47,1,9,2000,3,0,0,0,26,0,18,0,0,0,0,400,0,17,52,0,0,2.3,0,26,48,0,0,0,0,0,0,0,0,0,0,0,0,0,0,0,0,0,0,0,0,0,0,0,214,112,100,151,100,0,221,90,0,0,1752,1501,LSkill1231,Sharpen Support,You can increase your target's critical rate temporarily
skill_1235,1235,Sharpen Support,1231,5,52,1,9,2000,3,0,0,0,26,0,18,0,0,0,0,440,0,17,56,0,0,2.3,0,26,50,0,0,0,0,0,0,0,0,0,0,0,0,0,0,0,0,0,0,0,0,0,0,0,214,112,100,151,100,0,221,90,0,0,1752,1501,LSkill1231,Sharpen Support,You can increase your target's critical rate temporarily
skill_1236,1236,Sharpen Support,1231,6,57,1,9,2000,3,0,0,0,26,0,18,0,0,0,0,490,0,17,60,0,0,2.3,0,26,52,0,0,0,0,0,0,0,0,0,0,0,0,0,0,0,0,0,0,0,0,0,0,0,214,112,100,151,100,0,221,90,0,0,1752,1501,LSkill1231,Sharpen Support,You can increase your target's critical rate temporarily
skill_1237,1237,Sharpen Support,1231,7,63,1,9,2000,3,0,0,0,26,0,18,0,0,0,0,520,0,17,64,0,0,2.3,0,26,54,0,0,0,0,0,0,0,0,0,0,0,0,0,0,0,0,0,0,0,0,0,0,0,214,112,100,151,100,0,221,90,0,0,1752,1501,LSkill1231,Sharpen Support,You can increase your target's critical rate temporarily
skill_1238,1238,Sharpen Support,1231,8,69,1,9,2000,3,0,0,0,26,0,18,0,0,0,0,550,0,17,68,0,0,2.3,0,26,56,0,0,0,0,0,0,0,0,0,0,0,0,0,0,0,0,0,0,0,0,0,0,0,214,112,100,151,100,0,221,90,0,0,1752,1501,LSkill1231,Sharpen Support,You can increase your target's critical rate temporarily
skill_1239,1239,Sharpen Support,1231,9,76,1,9,2000,3,0,0,0,26,0,18,0,0,0,0,570,0,17,72,0,0,2.3,0,26,58,0,0,0,0,0,0,0,0,0,0,0,0,0,0,0,0,0,0,0,0,0,0,0,214,112,100,151,100,0,221,90,0,0,1752,1501,LSkill1231,Sharpen Support,You can increase your target's critical rate temporarily
skill_1240,1240,Sharpen Support,1231,10,83,1,9,2000,3,0,0,0,26,0,18,0,0,0,0,5000,0,17,80,0,0,2.3,0,26,60,0,0,0,0,0,0,0,0,0,0,0,0,0,0,0,0,0,0,0,0,0,0,0,214,112,100,151,100,0,221,90,0,0,1752,1501,LSkill1231,Sharpen Support,You can increase your target's critical rate temporarily
skill_1241,1241,Magical Aura,1241,1,30,1,8,0,1,1300,0,0,22,0,14,0,0,0,0,300,0,17,40,0,0,3.9,0,21,40,0,0,0,0,0,0,0,0,0,0,0,64,0,821,10,991,5,0,0,0,0,0,0,209,112,100,151,100,0,221,90,0,0,1752,1501,LSkill1241,Magical Aura,You can increase your party member's resistance temporarily
skill_1242,1242,Magical Aura,1241,2,33,1,8,0,1,1350,0,0,22,0,14,0,0,0,0,350,0,17,45,0,0,3.9,0,21,47,0,0,0,0,0,0,0,0,0,0,0,0,0,821,11,0,0,0,0,0,0,0,0,209,112,100,151,100,0,221,90,0,0,1752,1501,LSkill1241,Magical Aura,You can increase your party member's resistance temporarily
skill_1243,1243,Magical Aura,1241,3,37,1,8,0,1,1400,0,0,22,0,14,0,0,0,0,380,0,17,50,0,0,3.9,0,21,54,0,0,0,0,0,0,0,0,0,0,0,0,0,821,12,0,0,0,0,0,0,0,0,209,112,100,151,100,0,221,90,0,0,1752,1501,LSkill1241,Magical Aura,You can increase your party member's resistance temporarily
skill_1244,1244,Magical Aura,1241,4,41,1,8,0,1,1450,0,0,22,0,14,0,0,0,0,400,0,17,55,0,0,3.9,0,21,61,0,0,0,0,0,0,0,0,0,0,0,0,0,821,13,0,0,0,0,0,0,0,0,209,112,100,151,100,0,221,90,0,0,1752,1501,LSkill1241,Magical Aura,You can increase your party member's resistance temporarily
skill_1245,1245,Magical Aura,1241,5,45,1,8,0,1,1500,0,0,22,0,14,0,0,0,0,440,0,17,60,0,0,3.9,0,21,68,0,0,0,0,0,0,0,0,0,0,0,0,0,821,14,0,0,0,0,0,0,0,0,209,112,100,151,100,0,221,90,0,0,1752,1501,LSkill1241,Magical Aura,You can increase your party member's resistance temporarily
skill_1246,1246,Magical Aura,1241,6,50,1,8,0,1,1550,0,0,22,0,14,0,0,0,0,490,0,17,65,0,0,3.9,0,21,75,0,0,0,0,0,0,0,0,0,0,0,0,0,821,15,0,0,0,0,0,0,0,0,209,112,100,151,100,0,221,90,0,0,1752,1501,LSkill1241,Magical Aura,You can increase your party member's resistance temporarily
skill_1247,1247,Magical Aura,1241,7,55,1,8,0,1,1600,0,0,22,0,14,0,0,0,0,520,0,17,70,0,0,3.9,0,21,85,0,0,0,0,0,0,0,0,0,0,0,0,0,821,16,0,0,0,0,0,0,0,0,209,112,100,151,100,0,221,90,0,0,1752,1501,LSkill1241,Magical Aura,You can increase your party member's resistance temporarily
skill_1248,1248,Magical Aura,1241,8,60,1,8,0,1,1650,0,0,22,0,14,0,0,0,0,550,0,17,85,0,0,3.9,0,21,150,0,0,0,0,0,0,0,0,0,0,0,0,0,821,17,0,0,0,0,0,0,0,0,209,112,100,151,100,0,221,90,0,0,1752,1501,LSkill1241,Magical Aura,You can increase your party member's resistance temporarily
skill_1249,1249,Magical Aura,1241,9,66,1,8,0,1,1700,0,0,22,0,14,0,0,0,0,570,0,17,95,0,0,3.9,0,21,200,0,0,0,0,0,0,0,0,0,0,0,0,0,821,18,0,0,0,0,0,0,0,0,209,112,100,151,100,0,221,90,0,0,1752,1501,LSkill1241,Magical Aura,You can increase your party member's resistance temporarily
skill_1250,1250,Magical Aura,1241,10,72,1,8,0,1,2000,0,0,22,0,14,0,0,0,0,5000,0,17,100,0,0,3.9,0,21,250,0,0,0,0,0,0,0,0,0,0,0,0,0,821,20,0,0,0,0,0,0,0,0,209,112,100,151,100,0,221,90,0,0,1752,1501,LSkill1241,Magical Aura,You can increase your party member's resistance temporarily
skill_1251,1251,Evasion Aura,1251,1,35,1,8,0,1,1300,0,0,28,0,20,0,0,0,0,300,0,17,50,0,0,3.9,0,22,20,0,0,0,0,0,0,0,0,0,0,0,64,0,821,10,1051,5,0,0,0,0,0,0,210,112,100,151,100,0,221,90,0,0,1752,1501,LSkill1251,Evasion Aura,You can improve dodge rate of party members around you temporarily.
skill_1252,1252,Evasion Aura,1251,2,39,1,8,0,1,1350,0,0,28,0,20,0,0,0,0,350,0,17,55,0,0,3.9,0,22,25,0,0,0,0,0,0,0,0,0,0,0,0,0,821,11,0,0,0,0,0,0,0,0,210,112,100,151,100,0,221,90,0,0,1752,1501,LSkill1251,Evasion Aura,You can improve dodge rate of party members around you temporarily.
skill_1253,1253,Evasion Aura,1251,3,43,1,8,0,1,1400,0,0,28,0,20,0,0,0,0,380,0,17,60,0,0,3.9,0,22,30,0,0,0,0,0,0,0,0,0,0,0,0,0,821,12,0,0,0,0,0,0,0,0,210,112,100,151,100,0,221,90,0,0,1752,1501,LSkill1251,Evasion Aura,You can improve dodge rate of party members around you temporarily.
skill_1254,1254,Evasion Aura,1251,4,47,1,8,0,1,1450,0,0,28,0,20,0,0,0,0,400,0,17,65,0,0,3.9,0,22,35,0,0,0,0,0,0,0,0,0,0,0,0,0,821,13,0,0,0,0,0,0,0,0,210,112,100,151,100,0,221,90,0,0,1752,1501,LSkill1251,Evasion Aura,You can improve dodge rate of party members around you temporarily.
skill_1255,1255,Evasion Aura,1251,5,52,1,8,0,1,1500,0,0,28,0,20,0,0,0,0,440,0,17,70,0,0,3.9,0,22,50,0,0,0,0,0,0,0,0,0,0,0,0,0,821,14,0,0,0,0,0,0,0,0,210,112,100,151,100,0,221,90,0,0,1752,1501,LSkill1251,Evasion Aura,You can improve dodge rate of party members around you temporarily.
skill_1256,1256,Evasion Aura,1251,6,57,1,8,0,1,1550,0,0,28,0,20,0,0,0,0,490,0,17,75,0,0,3.9,0,22,70,0,0,0,0,0,0,0,0,0,0,0,0,0,821,15,0,0,0,0,0,0,0,0,210,112,100,151,100,0,221,90,0,0,1752,1501,LSkill1251,Evasion Aura,You can improve dodge rate of party members around you temporarily.
skill_1257,1257,Evasion Aura,1251,7,63,1,8,0,1,1600,0,0,28,0,20,0,0,0,0,520,0,17,80,0,0,3.9,0,22,80,0,0,0,0,0,0,0,0,0,0,0,0,0,821,16,0,0,0,0,0,0,0,0,210,112,100,151,100,0,221,90,0,0,1752,1501,LSkill1251,Evasion Aura,You can improve dodge rate of party members around you temporarily.
skill_1258,1258,Evasion Aura,1251,8,69,1,8,0,1,1650,0,0,28,0,20,0,0,0,0,550,0,17,85,0,0,3.9,0,22,100,0,0,0,0,0,0,0,0,0,0,0,0,0,821,17,0,0,0,0,0,0,0,0,210,112,100,151,100,0,221,90,0,0,1752,1501,LSkill1251,Evasion Aura,You can improve dodge rate of party members around you temporarily.
skill_1259,1259,Evasion Aura,1251,9,76,1,8,0,1,1700,0,0,28,0,20,0,0,0,0,570,0,17,95,0,0,3.9,0,22,130,0,0,0,0,0,0,0,0,0,0,0,0,0,821,18,0,0,0,0,0,0,0,0,210,112,100,151,100,0,221,90,0,0,1752,1501,LSkill1251,Evasion Aura,You can improve dodge rate of party members around you temporarily.
skill_1260,1260,Evasion Aura,1251,10,83,1,8,0,1,2000,0,0,28,0,20,0,0,0,0,5000,0,17,100,0,0,3.9,0,22,190,0,0,0,0,0,0,0,0,0,0,0,0,0,821,20,0,0,0,0,0,0,0,0,210,112,100,151,100,0,221,90,0,0,1752,1501,LSkill1251,Evasion Aura,You can improve dodge rate of party members around you temporarily.
skill_1262,1262,Arcane Bolt,1262,1,110,1,6,2600,5,0,600,1,11,0,3,0,1,0,25,8,2,17,165,0,0,10.3,0,0,0,0,0,0,0,0,2,241,0,0,0,0,63,0,0,0,0,0,0,0,31,200,0,0,268,101,120,103,120,0,262,90,1211,0,1834,1834,LSkill1262,Arcane Bolt,Summon arcane power within yourself and release it onto your enemy.
skill_1263,1263,Arcane Bolt,1262,2,120,1,6,2700,5,0,620,1,11,0,3,0,1,0,35,9,2,17,175,0,0,10.5,0,0,0,0,0,0,0,0,2,241,0,0,0,0,63,0,0,0,0,0,0,0,31,202,0,0,268,101,120,103,120,0,262,90,1211,0,1834,1834,LSkill1262,Arcane Bolt,Summon arcane power within yourself and release it onto your enemy.
skill_1264,1264,Arcane Bolt,1262,3,130,1,6,2700,5,0,640,1,11,0,3,0,1,0,45,10,2,17,185,0,0,10.7,0,0,0,0,0,0,0,0,2,241,0,0,0,0,63,0,0,0,0,0,0,0,31,204,0,0,268,101,120,103,120,0,262,90,1211,0,1834,1834,LSkill1262,Arcane Bolt,Summon arcane power within yourself and release it onto your enemy.
skill_1265,1265,Arcane Bolt,1262,4,140,1,6,2800,5,0,660,1,11,0,3,0,1,0,55,11,2,17,195,0,0,10.9,0,0,0,0,0,0,0,0,2,241,0,0,0,0,63,0,0,0,0,0,0,0,31,206,0,0,268,101,120,103,120,0,262,90,1211,0,1834,1834,LSkill1262,Arcane Bolt,Summon arcane power within yourself and release it onto your enemy.
skill_1266,1266,Arcane Bolt,1262,5,150,1,6,2800,5,0,680,1,11,0,3,0,1,0,65,12,2,17,210,0,0,11.1,0,0,0,0,0,0,0,0,2,241,0,0,0,0,63,0,0,0,0,0,0,0,31,208,0,0,268,101,120,103,120,0,262,90,1211,0,1834,1834,LSkill1262,Arcane Bolt,Summon arcane power within yourself and release it onto your enemy.
skill_1268,1268,Shadow Bomb,1268,1,110,1,7,3000,5,1250,320,1,23,0,15,0,1,0,70,18,2,17,174,0,0,15.7,0,21,0,21,0,0,0,0,0,241,242,0,0,0,63,0,0,0,0,0,0,0,31,200,0,0,269,117,100,154,100,1,287,1112,1574,0,1834,1310,LSkill1268,Shadow Bomb,Summon arcane power to engulf the surrounding area of your target.
skill_1269,1269,Shadow Bomb,1268,2,120,1,7,3000,5,1260,350,1,23,0,15,0,1,0,72,19,2,17,168,0,0,15.5,0,21,0,22,0,0,0,0,0,241,242,0,0,0,63,0,0,0,0,0,0,0,31,202,0,0,269,117,100,154,100,1,287,1112,1574,0,1834,1310,LSkill1268,Shadow Bomb,Summon arcane power to engulf the surrounding area of your target.
skill_1270,1270,Shadow Bomb,1268,3,130,1,7,3000,5,1300,380,1,23,0,15,0,1,0,74,20,2,17,162,0,0,15.3,0,21,0,23,0,0,0,0,0,241,242,0,0,0,63,0,0,0,0,0,0,0,31,204,0,0,269,117,100,154,100,1,287,1112,1574,0,1834,1310,LSkill1268,Shadow Bomb,Summon arcane power to engulf the surrounding area of your target.
skill_1271,1271,Shadow Bomb,1268,4,140,1,7,3000,5,1500,410,1,23,0,15,0,1,0,76,21,2,17,156,0,0,15.1,0,21,0,24,0,0,0,0,0,241,242,0,0,0,63,0,0,0,0,0,0,0,31,206,0,0,269,117,100,154,100,1,287,1112,1574,0,1834,1310,LSkill1268,Shadow Bomb,Summon arcane power to engulf the surrounding area of your target.
skill_1272,1272,Shadow Bomb,1268,5,150,1,7,3000,5,1800,430,1,23,0,15,0,1,0,78,22,2,17,150,0,0,14.9,0,21,0,25,0,0,0,0,0,241,242,0,0,0,63,0,0,0,0,0,0,0,31,208,0,0,269,117,100,154,100,1,287,1112,1574,0,1834,1310,LSkill1268,Shadow Bomb,Summon arcane power to engulf the surrounding area of your target.
skill_1274,1274,Photon Beam,1274,1,46,1,6,2250,5,400,600,1,27,25,19,17,1,1,70,18,2,17,51,0,0,10.9,0,26,0,21,20,0,21,0,2,0,0,0,0,0,63,0,0,0,0,0,0,0,31,200,0,0,270,101,100,103,100,1,252,90,67,0,1605,1122,LSkill1274,Photon Beam,Call upon holy energy and release it onto your enemy.
skill_1275,1275,Photon Beam,1274,2,57,1,6,2300,5,450,620,1,27,25,19,17,1,1,72,19,2,17,54,0,0,11.1,0,26,0,22,20,0,22,0,2,0,0,0,0,0,63,0,0,0,0,0,0,0,31,202,0,0,270,101,100,103,100,1,252,90,67,0,1605,1122,LSkill1274,Photon Beam,Call upon holy energy and release it onto your enemy.
skill_1276,1276,Photon Beam,1274,3,70,1,6,2350,5,500,640,1,27,25,19,17,1,1,74,20,2,17,57,0,0,11.3,0,26,0,23,20,0,23,0,2,0,0,0,0,0,63,0,0,0,0,0,0,0,31,204,0,0,270,101,100,103,100,1,252,90,67,0,1605,1122,LSkill1274,Photon Beam,Call upon holy energy and release it onto your enemy.
skill_1277,1277,Photon Beam,1274,4,86,1,6,2400,5,600,660,1,27,25,19,17,1,1,76,21,2,17,60,0,0,11.5,0,26,0,24,20,0,24,0,2,0,0,0,0,0,63,0,0,0,0,0,0,0,31,206,0,0,270,101,100,103,100,1,252,90,67,0,1605,1122,LSkill1274,Photon Beam,Call upon holy energy and release it onto your enemy.
skill_1278,1278,Photon Beam,1274,5,105,1,6,2500,5,800,680,1,27,25,19,17,1,1,78,23,2,17,65,0,0,11.7,0,26,0,25,20,0,25,0,2,0,0,0,0,0,63,0,0,0,0,0,0,0,31,208,0,0,270,101,100,103,100,1,252,90,67,0,1605,1122,LSkill1274,Photon Beam,Call upon holy energy and release it onto your enemy.
skill_1280,1280,Heavenly Light,1280,1,110,1,7,3000,5,1250,320,1,27,25,19,17,1,1,25,18,2,17,260,0,0,24.9,0,26,0,15,20,0,15,0,0,241,242,0,0,0,63,0,0,0,0,0,0,0,31,200,0,0,271,117,100,154,100,1,286,1009,1574,0,1665,1356,LSkill1280,Heavenly Light,Summon a field of light to engulf your enemies.
skill_1281,1281,Heavenly Light,1280,2,120,1,7,3000,5,1260,350,1,27,25,19,17,1,1,35,19,2,17,270,0,0,25.9,0,26,0,17,20,0,17,0,0,241,242,0,0,0,63,0,0,0,0,0,0,0,31,202,0,0,271,117,100,154,100,1,286,1009,1574,0,1665,1356,LSkill1280,Heavenly Light,Summon a field of light to engulf your enemies.
skill_1282,1282,Heavenly Light,1280,3,130,1,7,3000,5,1300,380,1,27,25,19,17,1,1,45,20,2,17,280,0,0,26.9,0,26,0,19,20,0,19,0,0,241,242,0,0,0,63,0,0,0,0,0,0,0,31,204,0,0,271,117,100,154,100,1,286,1009,1574,0,1665,1356,LSkill1280,Heavenly Light,Summon a field of light to engulf your enemies.
skill_1283,1283,Heavenly Light,1280,4,140,1,7,3000,5,1500,410,1,27,25,19,17,1,1,55,21,2,17,290,0,0,27.9,0,26,0,21,20,0,21,0,0,241,242,0,0,0,63,0,0,0,0,0,0,0,31,206,0,0,271,117,100,154,100,1,286,1009,1574,0,1665,1356,LSkill1280,Heavenly Light,Summon a field of light to engulf your enemies.
skill_1284,1284,Heavenly Light,1280,5,150,1,7,3000,5,1800,430,1,27,25,19,17,1,1,65,22,2,17,300,0,0,28.9,0,26,0,23,20,0,23,0,0,241,242,0,0,0,63,0,0,0,0,0,0,0,31,208,0,0,271,117,100,154,100,1,286,1009,1574,0,1665,1356,LSkill1280,Heavenly Light,Summon a field of light to engulf your enemies.
skill_1286,1286,Echo Guard,1286,1,22,1,9,2000,3,0,5,0,35,0,27,0,0,0,0,400,0,17,45,0,0,2.7,0,0,0,0,0,0,0,0,0,0,0,0,0,0,64,0,821,10,0,0,0,0,31,200,0,0,273,112,100,151,100,0,221,90,0,0,1752,1501,LSkill1286,Echo Guard,Shield an ally with a forcefield of reflectivity.
skill_1287,1287,Echo Guard,1286,2,26,1,9,2000,3,0,10,0,35,0,27,0,0,0,0,420,0,17,48,0,0,2.7,0,0,0,0,0,0,0,0,0,0,0,0,0,0,64,0,821,12,0,0,0,0,31,202,0,0,273,112,100,151,100,0,221,90,0,0,1752,1501,LSkill1286,Echo Guard,Shield an ally with a forcefield of reflectivity.
skill_1288,1288,Echo Guard,1286,3,31,1,9,2000,3,0,15,0,35,0,27,0,0,0,0,500,0,17,51,0,0,2.7,0,0,0,0,0,0,0,0,0,0,0,0,0,0,64,0,821,14,0,0,0,0,31,204,0,0,273,112,100,151,100,0,221,90,0,0,1752,1501,LSkill1286,Echo Guard,Shield an ally with a forcefield of reflectivity.
skill_1289,1289,Echo Guard,1286,4,36,1,9,2000,3,0,20,0,35,0,27,0,0,0,0,560,0,17,54,0,0,2.7,0,0,0,0,0,0,0,0,0,0,0,0,0,0,64,0,821,16,0,0,0,0,31,206,0,0,273,112,100,151,100,0,221,90,0,0,1752,1501,LSkill1286,Echo Guard,Shield an ally with a forcefield of reflectivity.
skill_1290,1290,Echo Guard,1286,5,42,1,9,2000,3,0,25,0,35,0,27,0,0,0,0,5000,0,17,57,0,0,2.7,0,0,0,0,0,0,0,0,0,0,0,0,0,0,64,0,821,18,0,0,0,0,31,208,0,0,273,112,100,151,100,0,221,90,0,0,1752,1501,LSkill1286,Echo Guard,Shield an ally with a forcefield of reflectivity.
skill_1292,1292,Wind Aura,1292,1,30,1,8,0,0,0,50,0,36,28,28,20,0,0,0,6,0,17,620,0,0,39.9,0,0,0,0,22,0,1000,0,2,0,0,0,0,0,64,0,0,0,0,0,0,0,31,200,0,0,274,112,100,151,100,0,221,90,0,0,1752,1501,LSkill1292,Wind Aura,"Surround yourself with the power of wind, making your dodge rise an extreme amount for a limited time."
skill_1293,1293,Wind Aura,1292,2,32,1,8,0,0,0,50,0,36,28,28,20,0,0,0,7,0,17,675,0,0,39.9,0,0,0,0,22,0,1000,0,2,0,0,0,0,0,64,0,0,0,0,0,0,0,31,202,0,0,274,112,100,151,100,0,221,90,0,0,1752,1501,LSkill1292,Wind Aura,"Surround yourself with the power of wind, making your dodge rise an extreme amount for a limited time."
skill_1294,1294,Wind Aura,1292,3,34,1,8,0,0,0,50,0,36,28,28,20,0,0,0,8,0,17,730,0,0,39.9,0,0,0,0,22,0,1000,0,2,0,0,0,0,0,64,0,0,0,0,0,0,0,31,204,0,0,274,112,100,151,100,0,221,90,0,0,1752,1501,LSkill1292,Wind Aura,"Surround yourself with the power of wind, making your dodge rise an extreme amount for a limited time."
skill_1295,1295,Wind Aura,1292,4,36,1,8,0,0,0,50,0,36,28,28,20,0,0,0,9,0,17,785,0,0,39.9,0,0,0,0,22,0,1000,0,2,0,0,0,0,0,64,0,0,0,0,0,0,0,31,206,0,0,274,112,100,151,100,0,221,90,0,0,1752,1501,LSkill1292,Wind Aura,"Surround yourself with the power of wind, making your dodge rise an extreme amount for a limited time."
skill_1296,1296,Wind Aura,1292,5,38,1,8,0,0,0,50,0,36,28,28,20,0,0,0,10,0,17,840,0,0,39.9,0,0,0,0,22,0,1000,0,2,0,0,0,0,0,64,0,0,0,0,0,0,0,31,208,0,0,274,112,100,151,100,0,221,90,0,0,1752,1501,LSkill1292,Wind Aura,"Surround yourself with the power of wind, making your dodge rise an extreme amount for a limited time."
skill_1298,1298,Circle Healing,1298,1,32,1,10,0,1,1550,0,0,0,0,0,0,0,0,0,0,0,17,60,0,0,7.9,0,16,500,0,0,0,0,0,0,0,0,0,0,0,64,0,821,10,0,0,0,0,31,200,0,0,275,112,100,151,100,0,221,90,0,0,2002,2002,LSkill1298,Circle Healing,A legendary healing skill that is said to be used by angels.
skill_1299,1299,Circle Healing,1298,2,38,1,10,0,1,1600,0,0,0,0,0,0,0,0,0,0,0,17,65,0,0,7.5,0,16,520,0,0,0,0,0,0,0,0,0,0,0,64,0,821,12,0,0,0,0,31,202,0,0,275,112,100,151,100,0,221,90,0,0,2002,2002,LSkill1298,Circle Healing,A legendary healing skill that is said to be used by angels.
skill_1300,1300,Circle Healing,1298,3,45,1,10,0,1,1650,0,0,0,0,0,0,0,0,0,0,0,17,70,0,0,7.1,0,16,540,0,0,0,0,0,0,0,0,0,0,0,64,0,821,14,0,0,0,0,31,204,0,0,275,112,100,151,100,0,221,90,0,0,2002,2002,LSkill1298,Circle Healing,A legendary healing skill that is said to be used by angels.
skill_1301,1301,Circle Healing,1298,4,53,1,10,0,1,1700,0,0,0,0,0,0,0,0,0,0,0,17,75,0,0,6.7,0,16,560,0,0,0,0,0,0,0,0,0,0,0,64,0,821,16,0,0,0,0,31,206,0,0,275,112,100,151,100,0,221,90,0,0,2002,2002,LSkill1298,Circle Healing,A legendary healing skill that is said to be used by angels.
skill_1302,1302,Circle Healing,1298,5,62,1,10,0,1,2000,0,0,0,0,0,0,0,0,0,0,0,17,85,0,0,6.3,0,16,580,0,0,0,0,0,0,0,0,0,0,0,64,0,821,18,0,0,0,0,31,208,0,0,275,112,100,151,100,0,221,90,0,0,2002,2002,LSkill1298,Circle Healing,A legendary healing skill that is said to be used by angels.
skill_1304,1304,Sanctuary,1304,1,32,1,10,0,1,6000,0,0,38,0,31,0,0,0,0,2,0,17,60,0,0,29.9,0,0,0,0,0,0,0,0,0,0,0,0,0,0,64,0,821,10,0,0,0,0,31,200,0,0,276,112,100,151,100,0,221,90,0,0,2006,2006,LSkill1304,Sanctuary,Purify your party members of all disadvantages.
skill_1305,1305,Sanctuary,1304,2,38,1,10,0,1,6000,0,0,38,0,31,0,0,0,0,2,0,17,65,0,0,29.9,0,0,0,0,0,0,0,0,0,0,0,0,0,0,64,0,821,12,0,0,0,0,31,202,0,0,276,112,100,151,100,0,221,90,0,0,2006,2006,LSkill1304,Sanctuary,Purify your party members of all disadvantages.
skill_1306,1306,Sanctuary,1304,3,45,1,10,0,1,6000,0,0,38,0,31,0,0,0,0,2,0,17,70,0,0,29.9,0,0,0,0,0,0,0,0,0,0,0,0,0,0,64,0,821,14,0,0,0,0,31,204,0,0,276,112,100,151,100,0,221,90,0,0,2006,2006,LSkill1304,Sanctuary,Purify your party members of all disadvantages.
skill_1307,1307,Sanctuary,1304,4,53,1,10,0,1,6000,0,0,38,0,31,0,0,0,0,2,0,17,75,0,0,29.9,0,0,0,0,0,0,0,0,0,0,0,0,0,0,64,0,821,16,0,0,0,0,31,206,0,0,276,112,100,151,100,0,221,90,0,0,2006,2006,LSkill1304,Sanctuary,Purify your party members of all disadvantages.
skill_1308,1308,Sanctuary,1304,5,62,1,10,0,1,6000,0,0,38,0,31,0,0,0,0,2,0,17,85,0,0,29.9,0,0,0,0,0,0,0,0,0,0,0,0,0,0,64,0,821,18,0,0,0,0,31,208,0,0,276,112,100,151,100,0,221,90,0,0,2006,2006,LSkill1304,Sanctuary,Purify your party members of all disadvantages.
skill_1310,1310,Storm Gust,1310,1,60,1,7,3000,5,1200,400,1,15,17,7,9,1,1,100,10,2,17,260,0,0,24.9,0,23,0,99,24,0,50,0,0,241,242,0,0,0,63,0,0,0,0,0,0,0,31,220,0,0,355,101,100,103,100,1,284,1211,1211,0,1317,1317,LSkill1310,Storm Gust,Freeze your enemies and those around it with the power of ice.
skill_1311,1311,Storm Gust,1310,2,70,1,7,3000,5,1400,430,1,15,17,7,9,1,1,104,10,2,17,270,0,0,25.9,0,23,0,99,24,0,50,0,0,241,242,0,0,0,0,0,0,0,0,0,0,0,31,222,0,0,355,101,100,103,100,1,284,1211,1211,0,1317,1317,LSkill1310,Storm Gust,Freeze your enemies and those around it with the power of ice.
skill_1312,1312,Storm Gust,1310,3,80,1,7,3000,5,1600,460,1,15,17,7,9,1,1,108,10,2,17,280,0,0,26.9,0,23,0,99,24,0,50,0,0,241,242,0,0,0,0,0,0,0,0,0,0,0,31,224,0,0,355,101,100,103,100,1,284,1211,1211,0,1317,1317,LSkill1310,Storm Gust,Freeze your enemies and those around it with the power of ice.
skill_1313,1313,Storm Gust,1310,4,90,1,7,3000,5,1800,490,1,15,17,7,9,1,1,112,10,2,17,290,0,0,27.9,0,23,0,99,24,0,50,0,0,241,242,0,0,0,0,0,0,0,0,0,0,0,31,226,0,0,355,101,100,103,100,1,284,1211,1211,0,1317,1317,LSkill1310,Storm Gust,Freeze your enemies and those around it with the power of ice.
skill_1314,1314,Storm Gust,1310,5,100,1,7,3000,5,2000,520,1,15,17,7,9,1,1,116,10,2,17,300,0,0,28.9,0,23,0,99,24,0,50,0,0,241,242,0,0,0,0,0,0,0,0,0,0,0,31,228,0,0,355,101,100,103,100,1,284,1211,1211,0,1317,1317,LSkill1310,Storm Gust,Freeze your enemies and those around it with the power of ice.
skill_1316,1316,rebith,0,0,0,0,0,0,0,0,0,0,0,0,0,0,0,0,0,0,0,0,0,0,0,0.0,0,0,0,0,0,0,0,0,0,0,0,0,0,0,0,0,0,0,0,0,0,0,0,0,0,0,0,0,0,0,0,0,0,0,0,0,0,0,,,
skill_1317,1317,r,0,0,0,0,0,0,0,0,0,0,0,0,0,0,0,0,0,0,0,0,0,0,0,0.0,0,0,0,0,0,0,0,0,0,0,0,0,0,0,0,0,0,0,0,0,0,0,0,0,0,0,0,0,0,0,0,0,0,0,0,0,0,0,,,
skill_1318,1318,r,0,0,0,0,0,0,0,0,0,0,0,0,0,0,0,0,0,0,0,0,0,0,0,0.0,0,0,0,0,0,0,0,0,0,0,0,0,0,0,0,0,0,0,0,0,0,0,0,0,0,0,0,0,0,0,0,0,0,0,0,0,0,0,,,
skill_1319,1319,r,0,0,0,0,0,0,0,0,0,0,0,0,0,0,0,0,0,0,0,0,0,0,0,0.0,0,0,0,0,0,0,0,0,0,0,0,0,0,0,0,0,0,0,0,0,0,0,0,0,0,0,0,0,0,0,0,0,0,0,0,0,0,0,,,
skill_1320,1320,r,0,0,0,0,0,0,0,0,0,0,0,0,0,0,0,0,0,0,0,0,0,0,0,0.0,0,0,0,0,0,0,0,0,0,0,0,0,0,0,0,0,0,0,0,0,0,0,0,0,0,0,0,0,0,0,0,0,0,0,0,0,0,0,,,
skill_1322,1322,Vengeance,1322,1,60,1,17,0,5,1200,200,1,30,0,22,0,1,0,15,1,2,17,260,0,0,27.9,0,0,0,0,0,0,0,0,0,241,242,0,0,0,63,0,0,0,0,0,0,0,31,230,0,0,295,15,100,171,100,1,0,0,1265,0,0,1121,LSkill6212,Vengeance,Call upon a meteor to damage sorrounding enemies.
skill_1323,1323,Vengeance,1322,2,70,1,17,0,5,1400,300,1,30,0,22,0,1,0,20,1,2,17,270,0,0,29.9,0,0,0,0,0,0,0,0,0,241,242,0,0,0,63,0,0,0,0,0,0,0,31,232,0,0,295,15,100,171,100,1,0,0,1265,0,0,1121,LSkill6212,Vengeance,Call upon a meteor to damage sorrounding enemies.
skill_1324,1324,Vengeance,1322,3,80,1,17,0,5,1600,400,1,30,0,22,0,1,0,25,1,2,17,280,0,0,31.9,0,0,0,0,0,0,0,0,0,241,242,0,0,0,63,0,0,0,0,0,0,0,31,234,0,0,295,15,100,171,100,1,0,0,1265,0,0,1121,LSkill6212,Vengeance,Call upon a meteor to damage sorrounding enemies.
skill_1325,1325,Vengeance,1322,4,90,1,17,0,5,1800,520,1,30,0,22,0,1,0,30,1,2,17,290,0,0,33.9,0,0,0,0,0,0,0,0,0,241,242,0,0,0,63,0,0,0,0,0,0,0,31,236,0,0,295,15,100,171,100,1,0,0,1265,0,0,1121,LSkill6212,Vengeance,Call upon a meteor to damage sorrounding enemies.
skill_1326,1326,Vengeance,1322,5,100,1,17,0,5,1700,650,1,30,0,22,0,1,0,35,2,2,17,300,0,0,35.9,0,0,0,0,0,0,0,0,0,241,242,0,0,0,63,0,0,0,0,0,0,0,31,238,0,0,295,15,100,171,100,1,0,0,1265,0,0,1121,LSkill6212,Vengeance,Call upon a meteor to damage sorrounding enemies.
skill_1328,1328,Guard Mastery,1328,1,30,2,15,0,0,0,0,0,0,0,0,0,0,0,0,0,0,0,0,0,0,0.0,0,54,10,0,0,0,0,0,0,0,0,0,0,0,64,0,0,0,0,0,0,0,0,0,0,0,30,0,0,0,0,0,0,0,0,0,0,0,LSkill0231,Harden Body,"By hardening your body, you can increase your Max HP"
skill_1329,1329,Guard Mastery,1328,2,40,2,15,0,0,0,0,0,0,0,0,0,0,0,0,0,0,0,0,0,0,0.0,0,54,20,0,0,0,0,0,0,0,0,0,0,0,64,0,0,0,0,0,0,0,0,0,0,0,30,0,0,0,0,0,0,0,0,0,0,0,LSkill6217,,
skill_1330,1330,Guard Mastery,1328,3,60,2,15,0,0,0,0,0,0,0,0,0,0,0,0,0,0,0,0,0,0,0.0,0,54,30,0,0,0,0,0,0,0,0,0,0,0,64,0,0,0,0,0,0,0,0,0,0,0,30,0,0,0,0,0,0,0,0,0,0,0,LSkill6217,,
skill_1331,1331,Guard Mastery,1328,4,70,2,15,0,0,0,0,0,0,0,0,0,0,0,0,0,0,0,0,0,0,0.0,0,54,40,0,0,0,0,0,0,0,0,0,0,0,64,0,0,0,0,0,0,0,0,0,0,0,30,0,0,0,0,0,0,0,0,0,0,0,LSkill6217,,
skill_1332,1332,Guard Mastery,1328,5,80,2,15,0,0,0,0,0,0,0,0,0,0,0,0,0,0,0,0,0,0,0.0,0,54,60,0,0,0,0,0,0,0,0,0,0,0,64,0,0,0,0,0,0,0,0,0,0,0,30,0,0,0,0,0,0,0,0,0,0,0,LSkill6217,,
skill_1341,1341,Hurricane,1341,1,60,1,17,0,5,1200,200,1,15,0,7,0,1,0,100,10,2,17,260,0,0,24.9,0,23,500,50,0,0,0,0,0,0,242,0,0,0,64,0,0,0,0,0,0,0,31,220,0,0,265,115,100,172,100,1,0,0,1575,0,0,2016,LSkill3499,Hurricane,"Call upon a hurricane to blow away your enemies. (In PvP, reduce their movement speed to 200.)"
skill_1342,1342,Hurricane,1341,2,70,1,17,0,5,1400,300,1,15,0,7,0,1,0,104,10,2,17,270,0,0,25.9,0,23,500,50,0,0,0,0,0,0,242,0,0,0,0,0,0,0,0,0,0,0,31,222,0,0,265,115,100,172,100,1,0,0,1575,0,0,2016,LSkill3499,Hurricane,"Call upon a hurricane to blow away your enemies. (In PvP, reduce their movement speed to 200.)"
skill_1343,1343,Hurricane,1341,3,80,1,17,0,5,1600,400,1,15,0,7,0,1,0,108,10,2,17,280,0,0,26.9,0,23,500,50,0,0,0,0,0,0,242,0,0,0,0,0,0,0,0,0,0,0,31,224,0,0,265,115,100,172,100,1,0,0,1575,0,0,2016,LSkill3499,Hurricane,"Call upon a hurricane to blow away your enemies. (In PvP, reduce their movement speed to 200.)"
skill_1344,1344,Hurricane,1341,4,90,1,17,0,5,1800,500,1,15,0,7,0,1,0,112,10,2,17,290,0,0,27.9,0,23,500,50,0,0,0,0,0,0,242,0,0,0,0,0,0,0,0,0,0,0,31,226,0,0,265,115,100,172,100,1,0,0,1575,0,0,2016,LSkill3499,Hurricane,"Call upon a hurricane to blow away your enemies. (In PvP, reduce their movement speed to 200.)"
skill_1345,1345,Hurricane,1341,5,100,1,17,0,5,2000,600,1,15,0,7,0,1,0,116,10,2,17,300,0,0,28.9,0,23,500,50,0,0,0,0,0,0,242,0,0,0,0,0,0,0,0,0,0,0,31,228,0,0,265,115,100,172,100,1,0,0,1575,0,0,2016,LSkill3499,Hurricane,"Call upon a hurricane to blow away your enemies. (In PvP, reduce their movement speed to 200.)"
skill_1347,1347,Mind Breaker,1347,1,100,1,7,2000,5,1200,200,1,23,0,15,0,1,0,50,10,2,17,150,0,0,13.9,0,21,0,10,0,0,0,0,0,0,242,0,0,0,64,0,0,0,0,0,0,0,31,220,0,0,250,117,100,154,120,1,289,1234,1234,0,1754,1310,LSkill3500,Mind Breaker,Concentrate your energy on a group of enemies to break their minds.
skill_1348,1348,Mind Breaker,1347,2,120,1,7,2000,5,1400,300,1,23,0,15,0,1,0,60,15,2,17,156,0,0,14.9,0,21,0,15,0,0,0,0,0,0,242,0,0,0,0,0,0,0,0,0,0,0,0,0,0,0,250,117,100,154,120,1,289,1234,1234,0,1754,1310,LSkill3500,Mind Breaker,Concentrate your energy on a group of enemies to break their minds.
skill_1349,1349,Mind Breaker,1347,3,140,1,7,2000,5,1600,400,1,23,0,15,0,1,0,70,20,2,17,162,0,0,15.9,0,21,0,20,0,0,0,0,0,0,242,0,0,0,0,0,0,0,0,0,0,0,0,0,0,0,250,117,100,154,120,1,289,1234,1234,0,1754,1310,LSkill3500,Mind Breaker,Concentrate your energy on a group of enemies to break their minds.
skill_1350,1350,Mind Breaker,1347,4,160,1,7,2000,5,1800,500,1,23,0,15,0,1,0,80,25,2,17,168,0,0,16.9,0,21,0,25,0,0,0,0,0,0,242,0,0,0,0,0,0,0,0,0,0,0,0,0,0,0,250,117,100,154,120,1,289,1234,1234,0,1754,1310,LSkill3500,Mind Breaker,Concentrate your energy on a group of enemies to break their minds.
skill_1351,1351,Mind Breaker,1347,5,180,1,7,2000,5,2000,600,1,23,0,15,0,1,0,90,30,2,17,174,0,0,17.9,0,21,0,30,0,0,0,0,0,0,242,0,0,0,0,0,0,0,0,0,0,0,0,0,0,0,250,117,100,154,120,1,289,1234,1234,0,1754,1310,LSkill3500,Mind Breaker,Concentrate your energy on a group of enemies to break their minds.
skill_1353,1353,Sand Storm,1353,1,100,1,17,0,5,650,200,1,29,0,21,0,1,0,50,10,2,17,60,0,0,16.9,0,22,0,10,0,0,0,0,2,0,242,0,0,0,64,0,0,0,0,0,0,0,31,220,0,0,251,115,100,212,100,1,0,0,1235,0,0,1121,LSkill3501,Sand Storm,Call upon a sand storm to lower the evasion of surrounding enemies.
skill_1354,1354,Sand Storm,1353,2,120,1,17,0,5,660,300,1,29,0,21,0,1,0,60,15,2,17,64,0,0,17.5,0,22,0,15,0,0,0,0,2,0,242,0,0,0,0,0,0,0,0,0,0,0,0,0,0,0,251,115,100,212,100,1,0,0,1235,0,0,1121,LSkill3501,Sand Storm,Call upon a sand storm to lower the evasion of surrounding enemies.
skill_1355,1355,Sand Storm,1353,3,140,1,17,0,5,670,400,1,29,0,21,0,1,0,70,20,2,17,68,0,0,18.1,0,22,0,20,0,0,0,0,2,0,242,0,0,0,0,0,0,0,0,0,0,0,0,0,0,0,251,115,100,212,100,1,0,0,1235,0,0,1121,LSkill3501,Sand Storm,Call upon a sand storm to lower the evasion of surrounding enemies.
skill_1356,1356,Sand Storm,1353,4,160,1,17,0,5,680,500,1,29,0,21,0,1,0,80,25,2,17,72,0,0,18.7,0,22,0,25,0,0,0,0,2,0,242,0,0,0,0,0,0,0,0,0,0,0,0,0,0,0,251,115,100,212,100,1,0,0,1235,0,0,1121,LSkill3501,Sand Storm,Call upon a sand storm to lower the evasion of surrounding enemies.
skill_1357,1357,Sand Storm,1353,5,180,1,17,0,5,700,600,1,29,0,21,0,1,0,90,30,2,17,80,0,0,19.3,0,22,0,30,0,0,0,0,2,0,242,0,0,0,0,0,0,0,0,0,0,0,0,0,0,0,251,115,100,212,100,1,0,0,1235,0,0,1121,LSkill3501,Sand Storm,Call upon a sand storm to lower the evasion of surrounding enemies.
skill_1359,1359,Shield Breaker,1359,1,100,1,17,0,5,700,200,1,21,0,13,0,1,0,50,10,2,17,95,0,0,16.9,0,19,0,10,0,0,0,0,2,0,242,0,0,0,64,0,0,0,0,0,0,0,31,220,0,0,252,114,100,153,100,1,0,0,1236,0,1375,1375,LSkill3502,Shield Breaker,Burst your energy around you causing your surrounding enemies to loose defense.
skill_1360,1360,Shield Breaker,1359,2,120,1,17,0,5,700,300,1,21,0,13,0,1,0,60,15,2,17,100,0,0,17.5,0,19,0,15,0,0,0,0,2,0,242,0,0,0,0,0,0,0,0,0,0,0,0,0,0,0,252,114,100,153,100,1,0,0,1236,0,1375,1375,LSkill3502,Shield Breaker,Burst your energy around you causing your surrounding enemies to loose defense.
skill_1361,1361,Shield Breaker,1359,3,140,1,17,0,5,700,400,1,21,0,13,0,1,0,70,20,2,17,105,0,0,18.1,0,19,0,20,0,0,0,0,2,0,242,0,0,0,0,0,0,0,0,0,0,0,0,0,0,0,252,114,100,153,100,1,0,0,1236,0,1375,1375,LSkill3502,Shield Breaker,Burst your energy around you causing your surrounding enemies to loose defense.
skill_1362,1362,Shield Breaker,1359,4,160,1,17,0,5,700,500,1,21,0,13,0,1,0,80,25,2,17,110,0,0,18.7,0,19,0,25,0,0,0,0,2,0,242,0,0,0,0,0,0,0,0,0,0,0,0,0,0,0,252,114,100,153,100,1,0,0,1236,0,1375,1375,LSkill3502,Shield Breaker,Burst your energy around you causing your surrounding enemies to loose defense.
skill_1363,1363,Shield Breaker,1359,5,180,1,17,0,5,800,600,1,21,0,13,0,1,0,90,30,2,17,120,0,0,19.3,0,19,0,30,0,0,0,0,2,0,242,0,0,0,0,0,0,0,0,0,0,0,0,0,0,0,252,114,100,153,100,1,0,0,1236,0,1375,1375,LSkill3502,Shield Breaker,Burst your energy around you causing your surrounding enemies to loose defense.
skill_1365,1365,Decelerate,1365,1,100,1,6,2000,5,0,200,1,15,0,7,0,1,0,50,10,2,17,40,0,0,5.9,0,23,0,10,0,0,0,0,2,0,242,0,0,0,64,0,0,0,0,0,0,0,31,220,0,0,253,101,100,103,200,0,259,1243,1237,0,1381,1381,LSkill3503,Decelerate,Cast power from the ancients onto your enemy to decrease their movement speed.
skill_1366,1366,Decelerate,1365,2,120,1,6,2000,5,0,215,1,15,0,7,0,1,0,60,15,2,17,44,0,0,6.1,0,23,0,15,0,0,0,0,2,0,242,0,0,0,0,0,0,0,0,0,0,0,0,0,0,0,253,101,100,103,200,0,259,1243,1237,0,1381,1381,LSkill3503,Decelerate,Cast power from the ancients onto your enemy to decrease their movement speed.
skill_1367,1367,Decelerate,1365,3,140,1,6,2000,5,0,230,1,15,0,7,0,1,0,70,20,2,17,48,0,0,6.3,0,23,0,20,0,0,0,0,2,0,242,0,0,0,0,0,0,0,0,0,0,0,0,0,0,0,253,101,100,103,200,0,259,1243,1237,0,1381,1381,LSkill3503,Decelerate,Cast power from the ancients onto your enemy to decrease their movement speed.
skill_1368,1368,Decelerate,1365,4,160,1,6,2000,5,0,245,1,15,0,7,0,1,0,80,25,2,17,52,0,0,6.5,0,23,0,25,0,0,0,0,2,0,242,0,0,0,0,0,0,0,0,0,0,0,0,0,0,0,253,101,100,103,200,0,259,1243,1237,0,1381,1381,LSkill3503,Decelerate,Cast power from the ancients onto your enemy to decrease their movement speed.
skill_1369,1369,Decelerate,1365,5,180,1,6,2000,5,0,260,1,15,0,7,0,1,0,90,30,2,17,60,0,0,6.7,0,23,0,30,0,0,0,0,2,0,242,0,0,0,0,0,0,0,0,0,0,0,0,0,0,0,253,101,100,103,200,0,259,1243,1237,0,1381,1381,LSkill3503,Decelerate,Cast power from the ancients onto your enemy to decrease their movement speed.
skill_1371,1371,Weaken,1371,1,100,1,6,2000,5,0,200,1,19,0,11,0,1,0,50,10,2,17,40,0,0,5.9,0,18,0,10,0,0,0,0,2,0,242,0,0,0,64,0,0,0,0,0,0,0,31,220,0,0,254,101,100,103,200,0,259,1244,1238,0,1312,1312,LSkill3504,Weaken,Cast power from the ancients onto your enemy to decrease their attack power.
skill_1372,1372,Weaken,1371,2,120,1,6,2000,5,0,215,1,19,0,11,0,1,0,60,15,2,17,44,0,0,6.1,0,18,0,15,0,0,0,0,2,0,242,0,0,0,0,0,0,0,0,0,0,0,0,0,0,0,254,101,100,103,200,0,259,1244,1238,0,1312,1312,LSkill3504,Weaken,Cast power from the ancients onto your enemy to decrease their attack power.
skill_1373,1373,Weaken,1371,3,140,1,6,2000,5,0,230,1,19,0,11,0,1,0,70,20,2,17,48,0,0,6.3,0,18,0,20,0,0,0,0,2,0,242,0,0,0,0,0,0,0,0,0,0,0,0,0,0,0,254,101,100,103,200,0,259,1244,1238,0,1312,1312,LSkill3504,Weaken,Cast power from the ancients onto your enemy to decrease their attack power.
skill_1374,1374,Weaken,1371,4,160,1,6,2000,5,0,245,1,19,0,11,0,1,0,80,25,2,17,52,0,0,6.5,0,18,0,25,0,0,0,0,2,0,242,0,0,0,0,0,0,0,0,0,0,0,0,0,0,0,254,101,100,103,200,0,259,1244,1238,0,1312,1312,LSkill3504,Weaken,Cast power from the ancients onto your enemy to decrease their attack power.
skill_1375,1375,Weaken,1371,5,180,1,6,2000,5,0,260,1,19,0,11,0,1,0,90,30,2,17,60,0,0,6.7,0,18,0,30,0,0,0,0,2,0,242,0,0,0,0,0,0,0,0,0,0,0,0,0,0,0,254,101,100,103,200,0,259,1244,1238,0,1312,1312,LSkill3504,Weaken,Cast power from the ancients onto your enemy to decrease their attack power.
skill_1377,1377,Blind,1377,1,100,1,6,2000,5,0,200,1,25,0,17,0,1,0,50,10,2,17,40,0,0,5.9,0,20,0,10,0,0,0,0,2,0,242,0,0,0,64,0,0,0,0,0,0,0,31,220,0,0,255,101,100,103,200,0,259,1245,1239,0,398,398,LSkill3505,Blind,Cast power from the ancients onto your enemy to decrease their attack accuracy.
skill_1378,1378,Blind,1377,2,120,1,6,2000,5,0,215,1,25,0,17,0,1,0,60,15,2,17,44,0,0,6.1,0,20,0,15,0,0,0,0,2,0,242,0,0,0,0,0,0,0,0,0,0,0,0,0,0,0,255,101,100,103,200,0,259,1245,1239,0,398,398,LSkill3505,Blind,Cast power from the ancients onto your enemy to decrease their attack accuracy.
skill_1379,1379,Blind,1377,3,140,1,6,2000,5,0,230,1,25,0,17,0,1,0,70,20,2,17,48,0,0,6.3,0,20,0,20,0,0,0,0,2,0,242,0,0,0,0,0,0,0,0,0,0,0,0,0,0,0,255,101,100,103,200,0,259,1245,1239,0,398,398,LSkill3505,Blind,Cast power from the ancients onto your enemy to decrease their attack accuracy.
skill_1380,1380,Blind,1377,4,160,1,6,2000,5,0,245,1,25,0,17,0,1,0,80,25,2,17,52,0,0,6.5,0,20,0,25,0,0,0,0,2,0,242,0,0,0,0,0,0,0,0,0,0,0,0,0,0,0,255,101,100,103,200,0,259,1245,1239,0,398,398,LSkill3505,Blind,Cast power from the ancients onto your enemy to decrease their attack accuracy.
skill_1381,1381,Blind,1377,5,180,1,6,2000,5,0,260,1,25,0,17,0,1,0,90,30,2,17,60,0,0,6.7,0,20,0,30,0,0,0,0,2,0,242,0,0,0,0,0,0,0,0,0,0,0,0,0,0,0,255,101,100,103,200,0,259,1245,1239,0,398,398,LSkill3505,Blind,Cast power from the ancients onto your enemy to decrease their attack accuracy.
skill_1383,1383,Slow,1383,1,100,1,6,2000,5,0,200,1,17,0,9,0,1,0,50,10,2,17,40,0,0,5.9,0,24,0,10,0,0,0,0,2,0,242,0,0,0,64,0,0,0,0,0,0,0,31,220,0,0,256,101,100,103,200,0,259,1246,1240,0,1397,1397,LSkill3506,Slow,Cast power from the ancients onto your enemy to decrease their attack speed.
skill_1384,1384,Slow,1383,2,120,1,6,2000,5,0,215,1,17,0,9,0,1,0,60,15,2,17,44,0,0,6.1,0,24,0,15,0,0,0,0,2,0,242,0,0,0,0,0,0,0,0,0,0,0,0,0,0,0,256,101,100,103,200,0,259,1246,1240,0,1397,1397,LSkill3506,Slow,Cast power from the ancients onto your enemy to decrease their attack speed.
skill_1385,1385,Slow,1383,3,140,1,6,2000,5,0,230,1,17,0,9,0,1,0,70,20,2,17,48,0,0,6.3,0,24,0,20,0,0,0,0,2,0,242,0,0,0,0,0,0,0,0,0,0,0,0,0,0,0,256,101,100,103,200,0,259,1246,1240,0,1397,1397,LSkill3506,Slow,Cast power from the ancients onto your enemy to decrease their attack speed.
skill_1386,1386,Slow,1383,4,160,1,6,2000,5,0,245,1,17,0,9,0,1,0,80,25,2,17,52,0,0,6.5,0,24,0,25,0,0,0,0,2,0,242,0,0,0,0,0,0,0,0,0,0,0,0,0,0,0,256,101,100,103,200,0,259,1246,1240,0,1397,1397,LSkill3506,Slow,Cast power from the ancients onto your enemy to decrease their attack speed.
skill_1387,1387,Slow,1383,5,180,1,6,2000,5,0,260,1,17,0,9,0,1,0,90,30,2,17,60,0,0,6.7,0,24,0,30,0,0,0,0,2,0,242,0,0,0,0,0,0,0,0,0,0,0,0,0,0,0,256,101,100,103,200,0,259,1246,1240,0,1397,1397,LSkill3506,Slow,Cast power from the ancients onto your enemy to decrease their attack speed.
skill_1389,1389,Calm,1389,1,100,1,6,2000,5,0,200,1,27,0,19,0,1,0,50,10,2,17,40,0,0,5.9,0,26,0,10,0,0,0,0,2,0,242,0,0,0,64,0,0,0,0,0,0,0,31,220,0,0,257,101,100,103,200,0,259,1247,1241,0,192,192,LSkill3507,Calm,Cast power from the ancients onto your enemy to decrease their critical rate.
skill_1390,1390,Calm,1389,2,120,1,6,2000,5,0,215,1,27,0,19,0,1,0,60,15,2,17,44,0,0,6.1,0,26,0,15,0,0,0,0,2,0,242,0,0,0,0,0,0,0,0,0,0,0,0,0,0,0,257,101,100,103,200,0,259,1247,1241,0,192,192,LSkill3507,Calm,Cast power from the ancients onto your enemy to decrease their critical rate.
skill_1391,1391,Calm,1389,3,140,1,6,2000,5,0,230,1,27,0,19,0,1,0,70,20,2,17,48,0,0,6.3,0,26,0,20,0,0,0,0,2,0,242,0,0,0,0,0,0,0,0,0,0,0,0,0,0,0,257,101,100,103,200,0,259,1247,1241,0,192,192,LSkill3507,Calm,Cast power from the ancients onto your enemy to decrease their critical rate.
skill_1392,1392,Calm,1389,4,160,1,6,2000,5,0,245,1,27,0,19,0,1,0,80,25,2,17,52,0,0,6.5,0,26,0,25,0,0,0,0,2,0,242,0,0,0,0,0,0,0,0,0,0,0,0,0,0,0,257,101,100,103,200,0,259,1247,1241,0,192,192,LSkill3507,Calm,Cast power from the ancients onto your enemy to decrease their critical rate.
skill_1393,1393,Calm,1389,5,180,1,6,2000,5,0,260,1,27,0,19,0,1,0,90,30,2,17,60,0,0,6.7,0,26,0,30,0,0,0,0,2,0,242,0,0,0,0,0,0,0,0,0,0,0,0,0,0,0,257,101,100,103,200,0,259,1247,1241,0,192,192,LSkill3507,Calm,Cast power from the ancients onto your enemy to decrease their critical rate.
skill_1395,1395,Shock,1395,1,100,1,6,2000,5,0,200,1,32,0,24,0,1,0,40,1,2,17,40,0,0,9.9,0,0,0,0,0,0,0,0,2,0,242,0,0,0,64,0,0,0,0,0,0,0,31,220,0,0,258,101,100,103,200,0,252,90,1242,0,215,1634,LSkill3508,Shock,Fire a blast of energy at your enemy to stun them.
skill_1396,1396,Shock,1395,2,120,1,6,2000,5,0,215,1,32,0,24,0,1,0,50,2,2,17,44,0,0,9.9,0,0,0,0,0,0,0,0,2,0,242,0,0,0,0,0,0,0,0,0,0,0,0,0,0,0,258,101,100,103,200,0,252,90,1242,0,215,1634,LSkill3508,Shock,Fire a blast of energy at your enemy to stun them.
skill_1397,1397,Shock,1395,3,140,1,6,2000,5,0,230,1,32,0,24,0,1,0,60,3,2,17,48,0,0,9.9,0,0,0,0,0,0,0,0,2,0,242,0,0,0,0,0,0,0,0,0,0,0,0,0,0,0,258,101,100,103,200,0,252,90,1242,0,215,1634,LSkill3508,Shock,Fire a blast of energy at your enemy to stun them.
skill_1398,1398,Shock,1395,4,160,1,6,2000,5,0,245,1,32,0,24,0,1,0,70,4,2,17,52,0,0,9.9,0,0,0,0,0,0,0,0,2,0,242,0,0,0,0,0,0,0,0,0,0,0,0,0,0,0,258,101,100,103,200,0,252,90,1242,0,215,1634,LSkill3508,Shock,Fire a blast of energy at your enemy to stun them.
skill_1399,1399,Shock,1395,5,180,1,6,2000,5,0,900,1,32,0,24,0,1,0,85,5,2,17,60,0,0,9.9,0,0,0,0,0,0,0,0,2,0,242,0,0,0,0,0,0,0,0,0,0,0,31,240,0,0,258,101,100,103,200,0,252,90,1242,0,215,1634,LSkill3508,Shock,Fire a blast of energy at your enemy to stun them.
skill_1401,1401,Bow Mastery,1401,1,4,2,15,0,0,0,0,0,0,0,0,0,0,0,0,0,0,0,0,0,0,0.0,0,44,8,0,0,0,0,0,0,231,271,0,0,0,43,0,0,0,0,0,0,0,0,0,0,0,104,0,0,0,0,0,0,0,0,0,0,0,LSkill1401,Bow Mastery,You can have increased attack power when you use bow
skill_1402,1402,Bow Mastery,1401,2,5,2,15,0,0,0,0,0,0,0,0,0,0,0,0,0,0,0,0,0,0,0.0,0,44,12,0,0,0,0,0,0,231,271,0,0,0,0,0,0,0,0,0,0,0,0,0,0,0,104,0,0,0,0,0,0,0,0,0,0,0,LSkill1401,Bow Mastery,You can have increased attack power when you use bow
skill_1403,1403,Bow Mastery,1401,3,7,2,15,0,0,0,0,0,0,0,0,0,0,0,0,0,0,0,0,0,0,0.0,0,44,16,0,0,0,0,0,0,231,271,0,0,0,0,0,0,0,0,0,0,0,0,0,0,0,104,0,0,0,0,0,0,0,0,0,0,0,LSkill1401,Bow Mastery,You can have increased attack power when you use bow
skill_1404,1404,Bow Mastery,1401,4,9,2,15,0,0,0,0,0,0,0,0,0,0,0,0,0,0,0,0,0,0,0.0,0,44,20,0,0,0,0,0,0,231,271,0,0,0,0,0,0,0,0,0,0,0,0,0,0,0,104,0,0,0,0,0,0,0,0,0,0,0,LSkill1401,Bow Mastery,You can have increased attack power when you use bow
skill_1405,1405,Bow Mastery,1401,5,11,2,15,0,0,0,0,0,0,0,0,0,0,0,0,0,0,0,0,0,0,0.0,0,44,24,0,0,0,0,0,0,231,271,0,0,0,0,0,0,0,0,0,0,0,0,0,0,0,104,0,0,0,0,0,0,0,0,0,0,0,LSkill1401,Bow Mastery,You can have increased attack power when you use bow
skill_1406,1406,Bow Mastery,1401,6,13,2,15,0,0,0,0,0,0,0,0,0,0,0,0,0,0,0,0,0,0,0.0,0,44,28,0,0,0,0,0,0,231,271,0,0,0,0,0,0,0,0,0,0,0,0,0,0,0,104,0,0,0,0,0,0,0,0,0,0,0,LSkill1401,Bow Mastery,You can have increased attack power when you use bow
skill_1407,1407,Bow Mastery,1401,7,15,2,15,0,0,0,0,0,0,0,0,0,0,0,0,0,0,0,0,0,0,0.0,0,44,32,0,0,0,0,0,0,231,271,0,0,0,0,0,0,0,0,0,0,0,0,0,0,0,104,0,0,0,0,0,0,0,0,0,0,0,LSkill1401,Bow Mastery,You can have increased attack power when you use bow
skill_1408,1408,Bow Mastery,1401,8,18,2,15,0,0,0,0,0,0,0,0,0,0,0,0,0,0,0,0,0,0,0.0,0,44,36,0,0,0,0,0,0,231,271,0,0,0,0,0,0,0,0,0,0,0,0,0,0,0,104,0,0,0,0,0,0,0,0,0,0,0,LSkill1401,Bow Mastery,You can have increased attack power when you use bow
skill_1409,1409,Bow Mastery,1401,9,21,2,15,0,0,0,0,0,0,0,0,0,0,0,0,0,0,0,0,0,0,0.0,0,44,40,0,0,0,0,0,0,231,271,0,0,0,0,0,0,0,0,0,0,0,0,0,0,0,104,0,0,0,0,0,0,0,0,0,0,0,LSkill1401,Bow Mastery,You can have increased attack power when you use bow
skill_1410,1410,Bow Mastery,1401,10,24,2,15,0,0,0,0,0,0,0,0,0,0,0,0,0,0,0,0,0,0,0.0,0,44,45,0,0,0,0,0,0,231,271,0,0,0,0,0,0,0,0,0,0,0,0,0,0,0,104,0,0,0,0,0,0,0,0,0,0,0,LSkill1401,Bow Mastery,You can have increased attack power when you use bow
skill_1411,1411,Bow Mastery,1401,11,27,2,15,0,0,0,0,0,0,0,0,0,0,0,0,0,0,0,0,0,0,0.0,0,44,50,0,0,0,0,0,0,231,271,0,0,0,66,0,0,0,0,0,0,0,0,0,0,0,104,0,0,0,0,0,0,0,0,0,0,0,LSkill1401,Bow Mastery,You can have increased attack power when you use bow
skill_1412,1412,Bow Mastery,1401,12,30,2,15,0,0,0,0,0,0,0,0,0,0,0,0,0,0,0,0,0,0,0.0,0,44,55,0,0,0,0,0,0,231,271,0,0,0,0,0,0,0,0,0,0,0,0,0,0,0,104,0,0,0,0,0,0,0,0,0,0,0,LSkill1401,Bow Mastery,You can have increased attack power when you use bow
skill_1413,1413,Bow Mastery,1401,13,34,2,15,0,0,0,0,0,0,0,0,0,0,0,0,0,0,0,0,0,0,0.0,0,44,60,0,0,0,0,0,0,231,271,0,0,0,0,0,0,0,0,0,0,0,0,0,0,0,104,0,0,0,0,0,0,0,0,0,0,0,LSkill1401,Bow Mastery,You can have increased attack power when you use bow
skill_1414,1414,Bow Mastery,1401,14,38,2,15,0,0,0,0,0,0,0,0,0,0,0,0,0,0,0,0,0,0,0.0,0,44,65,0,0,0,0,0,0,231,271,0,0,0,0,0,0,0,0,0,0,0,0,0,0,0,104,0,0,0,0,0,0,0,0,0,0,0,LSkill1401,Bow Mastery,You can have increased attack power when you use bow
skill_1415,1415,Bow Mastery,1401,15,42,2,15,0,0,0,0,0,0,0,0,0,0,0,0,0,0,0,0,0,0,0.0,0,44,70,0,0,0,0,0,0,231,271,0,0,0,0,0,0,0,0,0,0,0,0,0,0,0,104,0,0,0,0,0,0,0,0,0,0,0,LSkill1401,Bow Mastery,You can have increased attack power when you use bow
skill_1416,1416,Bow Mastery,1401,16,47,2,15,0,0,0,0,0,0,0,0,0,0,0,0,0,0,0,0,0,0,0.0,0,44,75,0,0,0,0,0,0,231,271,0,0,0,0,0,0,0,0,0,0,0,0,0,0,0,104,0,0,0,0,0,0,0,0,0,0,0,LSkill1401,Bow Mastery,You can have increased attack power when you use bow
skill_1417,1417,Bow Mastery,1401,17,52,2,15,0,0,0,0,0,0,0,0,0,0,0,0,0,0,0,0,0,0,0.0,0,44,80,0,0,0,0,0,0,231,271,0,0,0,0,0,0,0,0,0,0,0,0,0,0,0,104,0,0,0,0,0,0,0,0,0,0,0,LSkill1401,Bow Mastery,You can have increased attack power when you use bow
skill_1418,1418,Bow Mastery,1401,18,58,2,15,0,0,0,0,0,0,0,0,0,0,0,0,0,0,0,0,0,0,0.0,0,44,85,0,0,0,0,0,0,231,271,0,0,0,0,0,0,0,0,0,0,0,0,0,0,0,104,0,0,0,0,0,0,0,0,0,0,0,LSkill1401,Bow Mastery,You can have increased attack power when you use bow
skill_1419,1419,Bow Mastery,1401,19,64,2,15,0,0,0,0,0,0,0,0,0,0,0,0,0,0,0,0,0,0,0.0,0,44,90,0,0,0,0,0,0,231,271,0,0,0,0,0,0,0,0,0,0,0,0,0,0,0,104,0,0,0,0,0,0,0,0,0,0,0,LSkill1401,Bow Mastery,You can have increased attack power when you use bow
skill_1420,1420,Bow Mastery,1401,20,71,2,15,0,0,0,0,0,0,0,0,0,0,0,0,0,0,0,0,0,0,0.0,0,44,95,0,0,0,0,0,0,231,271,0,0,0,0,0,0,0,0,0,0,0,0,0,0,0,104,0,0,0,0,0,0,0,0,0,0,0,LSkill1401,Bow Mastery,You can have increased attack power when you use bow
skill_1421,1421,Combat Mastery,1421,1,4,2,15,0,0,0,0,0,0,0,0,0,0,0,0,0,0,0,0,0,0,0.0,0,48,8,0,0,0,0,0,0,251,252,0,0,0,43,0,0,0,0,0,0,0,0,0,0,0,105,0,0,0,0,0,0,0,0,0,0,0,LSkill1421,Combat Mastery,You can have increased attack power when you use Katar or Dual Swords
skill_1422,1422,Combat Mastery,1421,2,5,2,15,0,0,0,0,0,0,0,0,0,0,0,0,0,0,0,0,0,0,0.0,0,48,11,0,0,0,0,0,0,251,252,0,0,0,0,0,0,0,0,0,0,0,0,0,0,0,105,0,0,0,0,0,0,0,0,0,0,0,LSkill1421,Combat Mastery,You can have increased attack power when you use Katar or Dual Swords
skill_1423,1423,Combat Mastery,1421,3,7,2,15,0,0,0,0,0,0,0,0,0,0,0,0,0,0,0,0,0,0,0.0,0,48,14,0,0,0,0,0,0,251,252,0,0,0,0,0,0,0,0,0,0,0,0,0,0,0,105,0,0,0,0,0,0,0,0,0,0,0,LSkill1421,Combat Mastery,You can have increased attack power when you use Katar or Dual Swords
skill_1424,1424,Combat Mastery,1421,4,9,2,15,0,0,0,0,0,0,0,0,0,0,0,0,0,0,0,0,0,0,0.0,0,48,17,0,0,0,0,0,0,251,252,0,0,0,0,0,0,0,0,0,0,0,0,0,0,0,105,0,0,0,0,0,0,0,0,0,0,0,LSkill1421,Combat Mastery,You can have increased attack power when you use Katar or Dual Swords
skill_1425,1425,Combat Mastery,1421,5,11,2,15,0,0,0,0,0,0,0,0,0,0,0,0,0,0,0,0,0,0,0.0,0,48,20,0,0,0,0,0,0,251,252,0,0,0,0,0,0,0,0,0,0,0,0,0,0,0,105,0,0,0,0,0,0,0,0,0,0,0,LSkill1421,Combat Mastery,You can have increased attack power when you use Katar or Dual Swords
skill_1426,1426,Combat Mastery,1421,6,13,2,15,0,0,0,0,0,0,0,0,0,0,0,0,0,0,0,0,0,0,0.0,0,48,23,0,0,0,0,0,0,251,252,0,0,0,0,0,0,0,0,0,0,0,0,0,0,0,105,0,0,0,0,0,0,0,0,0,0,0,LSkill1421,Combat Mastery,You can have increased attack power when you use Katar or Dual Swords
skill_1427,1427,Combat Mastery,1421,7,15,2,15,0,0,0,0,0,0,0,0,0,0,0,0,0,0,0,0,0,0,0.0,0,48,26,0,0,0,0,0,0,251,252,0,0,0,0,0,0,0,0,0,0,0,0,0,0,0,105,0,0,0,0,0,0,0,0,0,0,0,LSkill1421,Combat Mastery,You can have increased attack power when you use Katar or Dual Swords
skill_1428,1428,Combat Mastery,1421,8,18,2,15,0,0,0,0,0,0,0,0,0,0,0,0,0,0,0,0,0,0,0.0,0,48,29,0,0,0,0,0,0,251,252,0,0,0,0,0,0,0,0,0,0,0,0,0,0,0,105,0,0,0,0,0,0,0,0,0,0,0,LSkill1421,Combat Mastery,You can have increased attack power when you use Katar or Dual Swords
skill_1429,1429,Combat Mastery,1421,9,21,2,15,0,0,0,0,0,0,0,0,0,0,0,0,0,0,0,0,0,0,0.0,0,48,32,0,0,0,0,0,0,251,252,0,0,0,0,0,0,0,0,0,0,0,0,0,0,0,105,0,0,0,0,0,0,0,0,0,0,0,LSkill1421,Combat Mastery,You can have increased attack power when you use Katar or Dual Swords
skill_1430,1430,Combat Mastery,1421,10,24,2,15,0,0,0,0,0,0,0,0,0,0,0,0,0,0,0,0,0,0,0.0,0,48,35,0,0,0,0,0,0,251,252,0,0,0,0,0,0,0,0,0,0,0,0,0,0,0,105,0,0,0,0,0,0,0,0,0,0,0,LSkill1421,Combat Mastery,You can have increased attack power when you use Katar or Dual Swords
skill_1431,1431,Combat Mastery,1421,11,27,2,15,0,0,0,0,0,0,0,0,0,0,0,0,0,0,0,0,0,0,0.0,0,48,39,0,0,0,0,0,0,251,252,0,0,0,65,0,0,0,0,0,0,0,0,0,0,0,105,0,0,0,0,0,0,0,0,0,0,0,LSkill1421,Combat Mastery,You can have increased attack power when you use Katar or Dual Swords
skill_1432,1432,Combat Mastery,1421,12,30,2,15,0,0,0,0,0,0,0,0,0,0,0,0,0,0,0,0,0,0,0.0,0,48,43,0,0,0,0,0,0,251,252,0,0,0,0,0,0,0,0,0,0,0,0,0,0,0,105,0,0,0,0,0,0,0,0,0,0,0,LSkill1421,Combat Mastery,You can have increased attack power when you use Katar or Dual Swords
skill_1433,1433,Combat Mastery,1421,13,34,2,15,0,0,0,0,0,0,0,0,0,0,0,0,0,0,0,0,0,0,0.0,0,48,47,0,0,0,0,0,0,251,252,0,0,0,0,0,0,0,0,0,0,0,0,0,0,0,105,0,0,0,0,0,0,0,0,0,0,0,LSkill1421,Combat Mastery,You can have increased attack power when you use Katar or Dual Swords
skill_1434,1434,Combat Mastery,1421,14,38,2,15,0,0,0,0,0,0,0,0,0,0,0,0,0,0,0,0,0,0,0.0,0,48,51,0,0,0,0,0,0,251,252,0,0,0,0,0,0,0,0,0,0,0,0,0,0,0,105,0,0,0,0,0,0,0,0,0,0,0,LSkill1421,Combat Mastery,You can have increased attack power when you use Katar or Dual Swords
skill_1435,1435,Combat Mastery,1421,15,42,2,15,0,0,0,0,0,0,0,0,0,0,0,0,0,0,0,0,0,0,0.0,0,48,55,0,0,0,0,0,0,251,252,0,0,0,0,0,0,0,0,0,0,0,0,0,0,0,105,0,0,0,0,0,0,0,0,0,0,0,LSkill1421,Combat Mastery,You can have increased attack power when you use Katar or Dual Swords
skill_1436,1436,Combat Mastery,1421,16,47,2,15,0,0,0,0,0,0,0,0,0,0,0,0,0,0,0,0,0,0,0.0,0,48,60,0,0,0,0,0,0,251,252,0,0,0,0,0,0,0,0,0,0,0,0,0,0,0,105,0,0,0,0,0,0,0,0,0,0,0,LSkill1421,Combat Mastery,You can have increased attack power when you use Katar or Dual Swords
skill_1437,1437,Combat Mastery,1421,17,52,2,15,0,0,0,0,0,0,0,0,0,0,0,0,0,0,0,0,0,0,0.0,0,48,65,0,0,0,0,0,0,251,252,0,0,0,0,0,0,0,0,0,0,0,0,0,0,0,105,0,0,0,0,0,0,0,0,0,0,0,LSkill1421,Combat Mastery,You can have increased attack power when you use Katar or Dual Swords
skill_1438,1438,Combat Mastery,1421,18,58,2,15,0,0,0,0,0,0,0,0,0,0,0,0,0,0,0,0,0,0,0.0,0,48,70,0,0,0,0,0,0,251,252,0,0,0,0,0,0,0,0,0,0,0,0,0,0,0,105,0,0,0,0,0,0,0,0,0,0,0,LSkill1421,Combat Mastery,You can have increased attack power when you use Katar or Dual Swords
skill_1439,1439,Combat Mastery,1421,19,64,2,15,0,0,0,0,0,0,0,0,0,0,0,0,0,0,0,0,0,0,0.0,0,48,75,0,0,0,0,0,0,251,252,0,0,0,0,0,0,0,0,0,0,0,0,0,0,0,105,0,0,0,0,0,0,0,0,0,0,0,LSkill1421,Combat Mastery,You can have increased attack power when you use Katar or Dual Swords
skill_1440,1440,Combat Mastery,1421,20,71,2,15,0,0,0,0,0,0,0,0,0,0,0,0,0,0,0,0,0,0,0.0,0,48,80,0,0,0,0,0,0,251,252,0,0,0,0,0,0,0,0,0,0,0,0,0,0,0,105,0,0,0,0,0,0,0,0,0,0,0,LSkill1421,Combat Mastery,You can have increased attack power when you use Katar or Dual Swords
skill_1441,1441,Rest Mastery,1441,1,6,2,15,0,0,0,0,0,0,0,0,0,0,0,0,0,0,0,0,0,0,0.0,0,56,6,0,0,0,0,0,0,0,0,0,0,0,43,0,1461,2,0,0,0,0,0,0,0,0,114,0,0,0,0,0,0,0,0,0,0,0,LSkill1441,Rest Mastery,You can have your HP recovery speed up when you take a rest
skill_1442,1442,Rest Mastery,1441,2,8,2,15,0,0,0,0,0,0,0,0,0,0,0,0,0,0,0,0,0,0,0.0,0,56,12,0,0,0,0,0,0,0,0,0,0,0,0,0,1461,3,0,0,0,0,0,0,0,0,114,0,0,0,0,0,0,0,0,0,0,0,LSkill1441,Rest Mastery,You can have your HP recovery speed up when you take a rest
skill_1443,1443,Rest Mastery,1441,3,11,2,15,0,0,0,0,0,0,0,0,0,0,0,0,0,0,0,0,0,0,0.0,0,56,18,0,0,0,0,0,0,0,0,0,0,0,0,0,1461,4,0,0,0,0,0,0,0,0,114,0,0,0,0,0,0,0,0,0,0,0,LSkill1441,Rest Mastery,You can have your HP recovery speed up when you take a rest
skill_1444,1444,Rest Mastery,1441,4,15,2,15,0,0,0,0,0,0,0,0,0,0,0,0,0,0,0,0,0,0,0.0,0,56,24,0,0,0,0,0,0,0,0,0,0,0,0,0,1461,5,0,0,0,0,0,0,0,0,114,0,0,0,0,0,0,0,0,0,0,0,LSkill1441,Rest Mastery,You can have your HP recovery speed up when you take a rest
skill_1445,1445,Rest Mastery,1441,5,19,2,15,0,0,0,0,0,0,0,0,0,0,0,0,0,0,0,0,0,0,0.0,0,56,30,0,0,0,0,0,0,0,0,0,0,0,0,0,1461,6,0,0,0,0,0,0,0,0,114,0,0,0,0,0,0,0,0,0,0,0,LSkill1441,Rest Mastery,You can have your HP recovery speed up when you take a rest
skill_1446,1446,Rest Mastery,1441,6,24,2,15,0,0,0,0,0,0,0,0,0,0,0,0,0,0,0,0,0,0,0.0,0,56,36,0,57,5,0,0,0,0,0,0,0,0,66,0,1461,7,0,0,0,0,0,0,0,0,114,0,0,0,0,0,0,0,0,0,0,0,LSkill1441,Rest Mastery,You can have your HP recovery speed up when you take a rest
skill_1447,1447,Rest Mastery,1441,7,30,2,15,0,0,0,0,0,0,0,0,0,0,0,0,0,0,0,0,0,0,0.0,0,56,42,0,57,10,0,0,0,0,0,0,0,0,0,0,1461,8,0,0,0,0,0,0,0,0,114,0,0,0,0,0,0,0,0,0,0,0,LSkill1441,Rest Mastery,You can have your HP recovery speed up when you take a rest
skill_1448,1448,Rest Mastery,1441,8,37,2,15,0,0,0,0,0,0,0,0,0,0,0,0,0,0,0,0,0,0,0.0,0,56,48,0,57,15,0,0,0,0,0,0,0,0,0,0,1461,9,0,0,0,0,0,0,0,0,114,0,0,0,0,0,0,0,0,0,0,0,LSkill1441,Rest Mastery,You can have your HP recovery speed up when you take a rest
skill_1449,1449,Rest Mastery,1441,9,45,2,15,0,0,0,0,0,0,0,0,0,0,0,0,0,0,0,0,0,0,0.0,0,56,54,0,57,20,0,0,0,0,0,0,0,0,0,0,1461,10,0,0,0,0,0,0,0,0,114,0,0,0,0,0,0,0,0,0,0,0,LSkill1441,Rest Mastery,You can have your HP recovery speed up when you take a rest
skill_1450,1450,Rest Mastery,1441,10,55,2,15,0,0,0,0,0,0,0,0,0,0,0,0,0,0,0,0,0,0,0.0,0,56,60,0,57,25,0,0,0,0,0,0,0,0,0,0,1461,11,0,0,0,0,0,0,0,0,114,0,0,0,0,0,0,0,0,0,0,0,LSkill1441,Rest Mastery,You can have your HP recovery speed up when you take a rest
skill_1451,1451,Hawker Spirit,1451,1,6,1,8,0,0,0,0,0,24,0,16,0,0,0,0,150,0,17,20,0,0,5.9,0,20,20,0,0,0,0,0,2,0,0,0,0,0,43,0,1461,3,0,0,0,0,0,0,0,0,107,114,100,153,100,1,0,0,0,0,1754,0,LSkill1451,Hawker Spirit,It raise Hawker's morale. You can have your hitting rate up temporarily
skill_1452,1452,Hawker Spirit,1451,2,8,1,8,0,0,0,0,0,24,0,16,0,0,0,0,156,0,17,22,0,0,5.9,0,20,25,0,0,0,0,0,2,0,0,0,0,0,0,0,1461,4,0,0,0,0,0,0,0,0,107,114,100,153,100,1,0,0,0,0,1754,0,LSkill1451,Hawker Spirit,It raise Hawker's morale. You can have your hitting rate up temporarily
skill_1453,1453,Hawker Spirit,1451,3,11,1,8,0,0,0,0,0,24,0,16,0,0,0,0,162,0,17,24,0,0,5.9,0,20,30,0,0,0,0,0,2,0,0,0,0,0,0,0,1461,5,0,0,0,0,0,0,0,0,107,114,100,153,100,1,0,0,0,0,1754,0,LSkill1451,Hawker Spirit,It raise Hawker's morale. You can have your hitting rate up temporarily
skill_1454,1454,Hawker Spirit,1451,4,14,1,8,0,0,0,0,0,24,0,16,0,0,0,0,168,0,17,26,0,0,5.9,0,20,35,0,0,0,0,0,2,0,0,0,0,0,0,0,1461,6,0,0,0,0,0,0,0,0,107,114,100,153,100,1,0,0,0,0,1754,0,LSkill1451,Hawker Spirit,It raise Hawker's morale. You can have your hitting rate up temporarily
skill_1455,1455,Hawker Spirit,1451,5,18,1,8,0,0,0,0,0,24,0,16,0,0,0,0,174,0,17,28,0,0,5.9,0,20,40,0,0,0,0,0,2,0,0,0,0,0,0,0,1461,7,0,0,0,0,0,0,0,0,107,114,100,153,100,1,0,0,0,0,1754,0,LSkill1451,Hawker Spirit,It raise Hawker's morale. You can have your hitting rate up temporarily
skill_1456,1456,Hawker Spirit,1451,6,23,1,8,0,0,0,0,0,24,0,16,0,0,0,0,180,0,17,30,0,0,5.9,0,20,45,0,0,0,0,0,2,0,0,0,0,0,0,0,1461,8,0,0,0,0,0,0,0,0,107,114,100,153,100,1,0,0,0,0,1754,0,LSkill1451,Hawker Spirit,It raise Hawker's morale. You can have your hitting rate up temporarily
skill_1457,1457,Hawker Spirit,1451,7,29,1,8,0,0,0,0,0,24,0,16,0,0,0,0,186,0,17,32,0,0,5.9,0,20,50,0,0,0,0,0,2,0,0,0,0,0,0,0,1461,9,0,0,0,0,0,0,0,0,107,114,100,153,100,1,0,0,0,0,1754,0,LSkill1451,Hawker Spirit,It raise Hawker's morale. You can have your hitting rate up temporarily
skill_1458,1458,Hawker Spirit,1451,8,36,1,8,0,0,0,0,0,24,0,16,0,0,0,0,192,0,17,34,0,0,5.9,0,20,55,0,0,0,0,0,2,0,0,0,0,0,0,0,1461,10,0,0,0,0,0,0,0,0,107,114,100,153,100,1,0,0,0,0,1754,0,LSkill1451,Hawker Spirit,It raise Hawker's morale. You can have your hitting rate up temporarily
skill_1459,1459,Hawker Spirit,1451,9,44,1,8,0,0,0,0,0,24,0,16,0,0,0,0,198,0,17,36,0,0,5.9,0,20,60,0,0,0,0,0,2,0,0,0,0,0,0,0,1461,11,0,0,0,0,0,0,0,0,107,114,100,153,100,1,0,0,0,0,1754,0,LSkill1451,Hawker Spirit,It raise Hawker's morale. You can have your hitting rate up temporarily
skill_1460,1460,Hawker Spirit,1451,10,54,1,8,0,0,0,0,0,24,0,16,0,0,0,0,210,0,17,40,0,0,5.9,0,20,80,0,0,0,0,0,2,0,0,0,0,0,0,0,1461,12,0,0,0,0,0,0,0,0,107,114,100,153,100,1,0,0,0,0,1754,0,LSkill1451,Hawker Spirit,It raise Hawker's morale. You can have your hitting rate up temporarily
skill_1461,1461,Battle Mastery,1461,1,4,2,15,0,0,0,0,0,0,0,0,0,0,0,0,0,0,0,0,0,0,0.0,0,49,4,0,51,3,0,0,0,231,251,252,271,0,43,0,0,0,0,0,0,0,0,0,0,0,105,0,0,0,0,0,0,0,0,0,0,0,LSkill1461,Battle Mastery,You can have increased attack power and attack speed when you use Katar or Dual Swords
skill_1462,1462,Battle Mastery,1461,2,5,2,15,0,0,0,0,0,0,0,0,0,0,0,0,0,0,0,0,0,0,0.0,0,49,5,0,51,4,0,0,0,231,251,252,271,0,0,0,0,0,0,0,0,0,0,0,0,0,105,0,0,0,0,0,0,0,0,0,0,0,LSkill1461,Battle Mastery,You can have increased attack power and attack speed when you use Katar or Dual Swords
skill_1463,1463,Battle Mastery,1461,3,7,2,15,0,0,0,0,0,0,0,0,0,0,0,0,0,0,0,0,0,0,0.0,0,49,6,0,51,5,0,0,0,231,251,252,271,0,0,0,0,0,0,0,0,0,0,0,0,0,105,0,0,0,0,0,0,0,0,0,0,0,LSkill1461,Battle Mastery,You can have increased attack power and attack speed when you use Katar or Dual Swords
skill_1464,1464,Battle Mastery,1461,4,9,2,15,0,0,0,0,0,0,0,0,0,0,0,0,0,0,0,0,0,0,0.0,0,49,7,0,51,6,0,0,0,231,251,252,271,0,0,0,0,0,0,0,0,0,0,0,0,0,105,0,0,0,0,0,0,0,0,0,0,0,LSkill1461,Battle Mastery,You can have increased attack power and attack speed when you use Katar or Dual Swords
skill_1465,1465,Battle Mastery,1461,5,11,2,15,0,0,0,0,0,0,0,0,0,0,0,0,0,0,0,0,0,0,0.0,0,49,8,0,51,7,0,0,0,231,251,252,271,0,0,0,0,0,0,0,0,0,0,0,0,0,105,0,0,0,0,0,0,0,0,0,0,0,LSkill1461,Battle Mastery,You can have increased attack power and attack speed when you use Katar or Dual Swords
skill_1466,1466,Battle Mastery,1461,6,13,2,15,0,0,0,0,0,0,0,0,0,0,0,0,0,0,0,0,0,0,0.0,0,49,9,0,51,8,0,0,0,231,251,252,271,0,0,0,0,0,0,0,0,0,0,0,0,0,105,0,0,0,0,0,0,0,0,0,0,0,LSkill1461,Battle Mastery,You can have increased attack power and attack speed when you use Katar or Dual Swords
skill_1467,1467,Battle Mastery,1461,7,15,2,15,0,0,0,0,0,0,0,0,0,0,0,0,0,0,0,0,0,0,0.0,0,49,10,0,51,9,0,0,0,231,251,252,271,0,0,0,0,0,0,0,0,0,0,0,0,0,105,0,0,0,0,0,0,0,0,0,0,0,LSkill1461,Battle Mastery,You can have increased attack power and attack speed when you use Katar or Dual Swords
skill_1468,1468,Battle Mastery,1461,8,18,2,15,0,0,0,0,0,0,0,0,0,0,0,0,0,0,0,0,0,0,0.0,0,49,11,0,51,10,0,0,0,231,251,252,271,0,0,0,0,0,0,0,0,0,0,0,0,0,105,0,0,0,0,0,0,0,0,0,0,0,LSkill1461,Battle Mastery,You can have increased attack power and attack speed when you use Katar or Dual Swords
skill_1469,1469,Battle Mastery,1461,9,21,2,15,0,0,0,0,0,0,0,0,0,0,0,0,0,0,0,0,0,0,0.0,0,49,12,0,51,11,0,0,0,231,251,252,271,0,0,0,0,0,0,0,0,0,0,0,0,0,105,0,0,0,0,0,0,0,0,0,0,0,LSkill1461,Battle Mastery,You can have increased attack power and attack speed when you use Katar or Dual Swords
skill_1470,1470,Battle Mastery,1461,10,24,2,15,0,0,0,0,0,0,0,0,0,0,0,0,0,0,0,0,0,0,0.0,0,49,13,0,51,12,0,0,0,231,251,252,271,0,0,0,0,0,0,0,0,0,0,0,0,0,105,0,0,0,0,0,0,0,0,0,0,0,LSkill1461,Battle Mastery,You can have increased attack power and attack speed when you use Katar or Dual Swords
skill_1471,1471,Battle Mastery,1461,11,27,2,15,0,0,0,0,0,0,0,0,0,0,0,0,0,0,0,0,0,0,0.0,0,49,14,0,51,13,0,0,0,231,251,252,271,0,0,0,0,0,0,0,0,0,31,70,0,0,105,0,0,0,0,0,0,0,0,0,0,0,LSkill1461,Battle Mastery,You can have increased attack power and attack speed when you use Katar or Dual Swords
skill_1472,1472,Battle Mastery,1461,12,30,2,15,0,0,0,0,0,0,0,0,0,0,0,0,0,0,0,0,0,0,0.0,0,49,15,0,51,14,0,0,0,231,251,252,271,0,0,0,0,0,0,0,0,0,0,0,0,0,105,0,0,0,0,0,0,0,0,0,0,0,LSkill1461,Battle Mastery,You can have increased attack power and attack speed when you use Katar or Dual Swords
skill_1473,1473,Battle Mastery,1461,13,33,2,15,0,0,0,0,0,0,0,0,0,0,0,0,0,0,0,0,0,0,0.0,0,49,16,0,51,15,0,0,0,231,251,252,271,0,0,0,0,0,0,0,0,0,0,0,0,0,105,0,0,0,0,0,0,0,0,0,0,0,LSkill1461,Battle Mastery,You can have increased attack power and attack speed when you use Katar or Dual Swords
skill_1474,1474,Battle Mastery,1461,14,36,2,15,0,0,0,0,0,0,0,0,0,0,0,0,0,0,0,0,0,0,0.0,0,49,17,0,51,16,0,0,0,231,251,252,271,0,0,0,0,0,0,0,0,0,0,0,0,0,105,0,0,0,0,0,0,0,0,0,0,0,LSkill1461,Battle Mastery,You can have increased attack power and attack speed when you use Katar or Dual Swords
skill_1475,1475,Battle Mastery,1461,15,40,2,15,0,0,0,0,0,0,0,0,0,0,0,0,0,0,0,0,0,0,0.0,0,49,18,0,51,17,0,0,0,231,251,252,271,0,0,0,0,0,0,0,0,0,0,0,0,0,105,0,0,0,0,0,0,0,0,0,0,0,LSkill1461,Battle Mastery,You can have increased attack power and attack speed when you use Katar or Dual Swords
skill_1476,1476,Battle Mastery,1461,16,44,2,15,0,0,0,0,0,0,0,0,0,0,0,0,0,0,0,0,0,0,0.0,0,49,19,0,51,18,0,0,0,231,251,252,271,0,0,0,0,0,0,0,0,0,0,0,0,0,105,0,0,0,0,0,0,0,0,0,0,0,LSkill1461,Battle Mastery,You can have increased attack power and attack speed when you use Katar or Dual Swords
skill_1477,1477,Battle Mastery,1461,17,48,2,15,0,0,0,0,0,0,0,0,0,0,0,0,0,0,0,0,0,0,0.0,0,49,20,0,51,19,0,0,0,231,251,252,271,0,0,0,0,0,0,0,0,0,0,0,0,0,105,0,0,0,0,0,0,0,0,0,0,0,LSkill1461,Battle Mastery,You can have increased attack power and attack speed when you use Katar or Dual Swords
skill_1478,1478,Battle Mastery,1461,18,52,2,15,0,0,0,0,0,0,0,0,0,0,0,0,0,0,0,0,0,0,0.0,0,49,21,0,51,20,0,0,0,231,251,252,271,0,0,0,0,0,0,0,0,0,0,0,0,0,105,0,0,0,0,0,0,0,0,0,0,0,LSkill1461,Battle Mastery,You can have increased attack power and attack speed when you use Katar or Dual Swords
skill_1479,1479,Battle Mastery,1461,19,57,2,15,0,0,0,0,0,0,0,0,0,0,0,0,0,0,0,0,0,0,0.0,0,49,22,0,51,21,0,0,0,231,251,252,271,0,0,0,0,0,0,0,0,0,0,0,0,0,105,0,0,0,0,0,0,0,0,0,0,0,LSkill1461,Battle Mastery,You can have increased attack power and attack speed when you use Katar or Dual Swords
skill_1480,1480,Battle Mastery,1461,20,62,2,15,0,0,0,0,0,0,0,0,0,0,0,0,0,0,0,0,0,0,0.0,0,49,23,0,51,22,0,0,0,231,251,252,271,0,0,0,0,0,0,0,0,0,0,0,0,0,105,0,0,0,0,0,0,0,0,0,0,0,LSkill1461,Battle Mastery,You can have increased attack power and attack speed when you use Katar or Dual Swords
skill_1481,1481,Aim Shot,1481,1,8,1,3,0,5,0,30,1,0,0,0,0,0,0,0,0,1,17,10,0,0,5.9,0,0,0,0,0,0,0,0,2,231,271,0,0,0,43,0,1401,1,0,0,0,0,0,0,0,0,106,95,100,97,110,1,271,148,67,0,1068,1067,LSkill1481,Aim Shot,"By gathering your energy when using a bow, you can damage enemy much."
skill_1482,1482,Aim Shot,1481,2,10,1,3,0,5,0,37,1,0,0,0,0,0,0,0,0,1,17,12,0,0,5.9,0,0,0,0,0,0,0,0,2,231,271,0,0,0,0,0,1401,2,0,0,0,0,0,0,0,0,106,95,100,97,110,1,271,148,67,0,1068,1067,LSkill1481,Aim Shot,"By gathering your energy when using a bow, you can damage enemy much."
skill_1483,1483,Aim Shot,1481,3,12,1,3,0,5,0,44,1,0,0,0,0,0,0,0,0,1,17,14,0,0,6.1,0,0,0,0,0,0,0,0,2,231,271,0,0,0,0,0,1401,3,0,0,0,0,0,0,0,0,106,95,100,97,110,1,271,148,67,0,1068,1067,LSkill1481,Aim Shot,"By gathering your energy when using a bow, you can damage enemy much."
skill_1484,1484,Aim Shot,1481,4,14,1,3,0,5,0,51,1,0,0,0,0,0,0,0,0,1,17,16,0,0,6.1,0,0,0,0,0,0,0,0,2,231,271,0,0,0,0,0,1401,4,0,0,0,0,0,0,0,0,106,95,100,97,110,1,271,148,67,0,1068,1067,LSkill1481,Aim Shot,"By gathering your energy when using a bow, you can damage enemy much."
skill_1485,1485,Aim Shot,1481,5,16,1,3,0,5,0,58,1,0,0,0,0,0,0,0,0,1,17,18,0,0,6.3,0,0,0,0,0,0,0,0,2,231,271,0,0,0,0,0,1401,5,0,0,0,0,0,0,0,0,106,95,100,97,110,1,271,148,67,0,1068,1067,LSkill1481,Aim Shot,"By gathering your energy when using a bow, you can damage enemy much."
skill_1486,1486,Aim Shot,1481,6,18,1,3,0,5,0,65,1,0,0,0,0,0,0,0,0,1,17,20,0,0,6.3,0,0,0,0,0,0,0,0,2,231,271,0,0,0,0,0,1401,6,0,0,0,0,0,0,0,0,106,95,100,97,110,1,271,148,67,0,1068,1067,LSkill1481,Aim Shot,"By gathering your energy when using a bow, you can damage enemy much."
skill_1487,1487,Aim Shot,1481,7,20,1,3,0,5,0,85,1,0,0,0,0,0,0,0,0,1,17,22,0,0,6.5,0,0,0,0,0,0,0,0,2,231,271,0,0,0,0,0,1401,7,0,0,0,0,0,0,0,0,106,95,100,97,110,1,271,148,67,0,1068,1067,LSkill1481,Aim Shot,"By gathering your energy when using a bow, you can damage enemy much."
skill_1488,1488,Aim Shot,1481,8,23,1,3,0,5,0,150,1,0,0,0,0,0,0,0,0,1,17,24,0,0,6.5,0,0,0,0,0,0,0,0,2,231,271,0,0,0,0,0,1401,8,0,0,0,0,0,0,0,0,106,95,100,97,110,1,271,148,67,0,1068,1067,LSkill1481,Aim Shot,"By gathering your energy when using a bow, you can damage enemy much."
skill_1489,1489,Aim Shot,1481,9,26,1,3,0,5,0,200,1,0,0,0,0,0,0,0,0,1,17,26,0,0,6.7,0,0,0,0,0,0,0,0,2,231,271,0,0,0,0,0,1401,9,0,0,0,0,0,0,0,0,106,95,100,97,110,1,271,148,67,0,1068,1067,LSkill1481,Aim Shot,"By gathering your energy when using a bow, you can damage enemy much."
skill_1490,1490,Aim Shot,1481,10,29,1,3,0,5,0,250,1,0,0,0,0,0,0,0,0,1,17,30,0,0,6.7,0,0,0,0,0,0,0,0,2,231,271,0,0,0,0,0,1401,10,0,0,0,0,0,0,0,0,106,95,100,97,110,1,271,148,67,0,1068,1067,LSkill1481,Aim Shot,"By gathering your energy when using a bow, you can damage enemy much."
skill_1501,1501,Power Attack,1501,1,8,1,3,0,5,0,35,1,0,0,0,0,0,0,0,0,1,17,10,0,0,5.5,0,0,0,0,0,0,0,0,1,251,252,0,0,0,43,0,1421,1,0,0,0,0,0,0,0,0,28,129,100,94,100,1,0,0,67,0,1041,1040,LSkill1501,Power Attack,You can damage enemy much by gathering your power when you use combat weapon or near weapon
skill_1502,1502,Power Attack,1501,2,10,1,3,0,5,0,43,1,0,0,0,0,0,0,0,0,1,17,12,0,0,5.5,0,0,0,0,0,0,0,0,1,251,252,0,0,0,0,0,1421,2,0,0,0,0,0,0,0,0,28,129,100,94,100,1,0,0,67,0,1041,1040,LSkill1501,Power Attack,You can damage enemy much by gathering your power when you use combat weapon or near weapon
skill_1503,1503,Power Attack,1501,3,12,1,3,0,5,0,51,1,0,0,0,0,0,0,0,0,1,17,14,0,0,5.5,0,0,0,0,0,0,0,0,1,251,252,0,0,0,0,0,1421,3,0,0,0,0,0,0,0,0,28,129,100,94,100,1,0,0,67,0,1041,1040,LSkill1501,Power Attack,You can damage enemy much by gathering your power when you use combat weapon or near weapon
skill_1504,1504,Power Attack,1501,4,14,1,3,0,5,0,59,1,0,0,0,0,0,0,0,0,1,17,16,0,0,5.5,0,0,0,0,0,0,0,0,1,251,252,0,0,0,0,0,1421,4,0,0,0,0,0,0,0,0,28,129,100,94,100,1,0,0,67,0,1041,1040,LSkill1501,Power Attack,You can damage enemy much by gathering your power when you use combat weapon or near weapon
skill_1505,1505,Power Attack,1501,5,17,1,3,0,5,0,67,1,0,0,0,0,0,0,0,0,1,17,18,0,0,5.7,0,0,0,0,0,0,0,0,1,251,252,0,0,0,0,0,1421,5,0,0,0,0,0,0,0,0,28,129,100,94,100,1,0,0,67,0,1041,1040,LSkill1501,Power Attack,You can damage enemy much by gathering your power when you use combat weapon or near weapon
skill_1506,1506,Power Attack,1501,6,20,1,3,0,5,0,75,1,0,0,0,0,0,0,0,0,1,17,20,0,0,5.7,0,0,0,0,0,0,0,0,1,251,252,0,0,0,0,0,1421,6,0,0,0,0,0,0,0,0,28,129,100,94,100,1,0,0,67,0,1041,1040,LSkill1501,Power Attack,You can damage enemy much by gathering your power when you use combat weapon or near weapon
skill_1507,1507,Power Attack,1501,7,23,1,3,0,5,0,83,1,0,0,0,0,0,0,0,0,1,17,22,0,0,5.7,0,0,0,0,0,0,0,0,1,251,252,0,0,0,0,0,1421,7,0,0,0,0,0,0,0,0,28,129,100,94,100,1,0,0,67,0,1041,1040,LSkill1501,Power Attack,You can damage enemy much by gathering your power when you use combat weapon or near weapon
skill_1508,1508,Power Attack,1501,8,27,1,3,0,5,0,95,1,0,0,0,0,0,0,0,0,1,17,24,0,0,5.7,0,0,0,0,0,0,0,0,1,251,252,0,0,0,0,0,1421,8,0,0,0,0,0,0,0,0,28,129,100,94,100,1,0,0,67,0,1041,1040,LSkill1501,Power Attack,You can damage enemy much by gathering your power when you use combat weapon or near weapon
skill_1509,1509,Power Attack,1501,9,31,1,3,0,5,0,110,1,0,0,0,0,0,0,0,0,1,17,26,0,0,5.9,0,0,0,0,0,0,0,0,1,251,252,0,0,0,0,0,1421,9,0,0,0,0,0,0,0,0,28,129,100,94,100,1,0,0,67,0,1041,1040,LSkill1501,Power Attack,You can damage enemy much by gathering your power when you use combat weapon or near weapon
skill_1510,1510,Power Attack,1501,10,35,1,3,0,5,0,200,1,0,0,0,0,0,0,0,0,1,17,30,0,0,5.9,0,0,0,0,0,0,0,0,1,251,252,0,0,0,0,0,1421,10,0,0,0,0,0,0,0,0,28,129,100,94,100,1,0,0,67,0,1041,1040,LSkill1501,Power Attack,You can damage enemy much by gathering your power when you use combat weapon or near weapon
skill_1511,1511,Power Burst,1511,1,30,1,3,0,5,0,120,1,0,0,0,0,0,0,0,0,1,17,50,0,0,7.9,0,0,0,0,0,0,0,0,1,251,252,0,0,0,65,0,1421,11,1501,10,0,0,0,0,0,0,215,129,50,94,100,1,0,0,67,0,1041,1040,LSkill1511,Power Burst,Upgraded skill from Power Attack.
skill_1512,1512,Power Burst,1511,2,35,1,3,0,5,0,140,1,0,0,0,0,0,0,0,0,1,17,55,0,0,8.3,0,0,0,0,0,0,0,0,1,251,252,0,0,0,0,0,1421,12,0,0,0,0,0,0,0,0,215,129,52,94,100,1,0,0,67,0,1041,1040,LSkill1511,Power Burst,Upgraded skill from Power Attack.
skill_1513,1513,Power Burst,1511,3,41,1,3,0,5,0,160,1,0,0,0,0,0,0,0,0,1,17,60,0,0,8.7,0,0,0,0,0,0,0,0,1,251,252,0,0,0,0,0,1421,13,0,0,0,0,0,0,0,0,215,129,54,94,100,1,0,0,67,0,1041,1040,LSkill1511,Power Burst,Upgraded skill from Power Attack.
skill_1514,1514,Power Burst,1511,4,48,1,3,0,5,0,180,1,0,0,0,0,0,0,0,0,1,17,65,0,0,9.1,0,0,0,0,0,0,0,0,1,251,252,0,0,0,0,0,1421,14,0,0,0,0,0,0,0,0,215,129,56,94,100,1,0,0,67,0,1041,1040,LSkill1511,Power Burst,Upgraded skill from Power Attack.
skill_1515,1515,Power Burst,1511,5,56,1,3,0,5,0,200,1,0,0,0,0,0,0,0,0,1,17,70,0,0,9.5,0,0,0,0,0,0,0,0,1,251,252,0,0,0,0,0,1421,15,0,0,0,0,0,0,0,0,215,129,58,94,100,1,0,0,67,0,1041,1040,LSkill1511,Power Burst,Upgraded skill from Power Attack.
skill_1516,1516,Power Burst,1511,6,65,1,3,0,5,0,220,1,58,0,3,0,1,0,65,22,1,17,75,0,0,9.9,0,0,0,0,0,0,0,0,1,251,252,0,0,0,0,0,1421,16,0,0,0,0,0,0,0,0,215,129,60,94,100,1,0,0,67,0,1041,1040,LSkill1511,Power Burst,Upgraded skill from Power Attack.
skill_1517,1517,Power Burst,1511,7,75,1,3,0,5,0,240,1,58,0,3,0,1,0,75,24,1,17,80,0,0,10.3,0,0,0,0,0,0,0,0,1,251,252,0,0,0,0,0,1421,17,0,0,0,0,0,0,0,0,215,129,62,94,100,1,0,0,67,0,1041,1040,LSkill1511,Power Burst,Upgraded skill from Power Attack.
skill_1518,1518,Power Burst,1511,8,87,1,3,0,5,0,260,1,58,0,3,0,1,0,85,26,1,17,85,0,0,10.7,0,0,0,0,0,0,0,0,1,251,252,0,0,0,0,0,1421,18,0,0,0,0,0,0,0,0,215,129,64,94,100,1,0,0,67,0,1041,1040,LSkill1511,Power Burst,Upgraded skill from Power Attack.
skill_1519,1519,Power Burst,1511,9,100,1,3,0,5,0,280,1,58,0,3,0,1,0,95,28,1,17,90,0,0,11.1,0,0,0,0,0,0,0,0,1,251,252,0,0,0,0,0,1421,19,0,0,0,0,0,0,0,0,215,129,66,94,100,1,0,0,67,0,1041,1040,LSkill1511,Power Burst,Upgraded skill from Power Attack.
skill_1520,1520,Sucker Punch,1511,10,120,1,3,0,5,0,350,1,58,0,3,0,1,0,98,30,1,17,33,0,0,3.9,0,0,0,0,0,0,0,0,2,251,252,0,0,0,0,0,0,0,0,0,0,0,0,0,0,0,215,111,100,217,100,1,0,0,67,0,1068,1040,LSkill1511,Power Burst,Upgraded skill from Power Attack.
skill_1521,1521,Double Shot,1521,1,8,1,3,0,5,0,40,1,0,0,0,0,0,0,0,0,0,17,20,0,0,5.9,0,0,0,0,0,0,0,0,2,231,271,0,0,0,43,0,1401,1,0,0,0,0,0,0,0,0,109,111,100,91,100,2,151,148,67,0,1041,110,LSkill1521,Double Shot,You can hit enemy twice in succession with one attack
skill_1522,1522,Double Shot,1521,2,10,1,3,0,5,0,45,1,0,0,0,0,0,0,0,0,0,17,22,0,0,5.9,0,0,0,0,0,0,0,0,2,231,271,0,0,0,0,0,1401,2,0,0,0,0,0,0,0,0,109,111,106,91,109,2,151,148,67,0,1041,110,LSkill1521,Double Shot,You can hit enemy twice in succession with one attack
skill_1523,1523,Double Shot,1521,3,12,1,3,0,5,0,50,1,0,0,0,0,0,0,0,0,0,17,24,0,0,5.7,0,0,0,0,0,0,0,0,2,231,271,0,0,0,0,0,1401,3,0,0,0,0,0,0,0,0,109,111,112,91,118,2,151,148,67,0,1041,110,LSkill1521,Double Shot,You can hit enemy twice in succession with one attack
skill_1524,1524,Double Shot,1521,4,14,1,3,0,5,0,55,1,0,0,0,0,0,0,0,0,0,17,26,0,0,5.7,0,0,0,0,0,0,0,0,2,231,271,0,0,0,0,0,1401,4,0,0,0,0,0,0,0,0,109,111,118,91,127,2,151,148,67,0,1041,110,LSkill1521,Double Shot,You can hit enemy twice in succession with one attack
skill_1525,1525,Double Shot,1521,5,16,1,3,0,5,0,60,1,0,0,0,0,0,0,0,0,0,17,28,0,0,5.5,0,0,0,0,0,0,0,0,2,231,271,0,0,0,0,0,1401,5,0,0,0,0,0,0,0,0,109,111,124,91,136,2,151,148,67,0,1041,110,LSkill1521,Double Shot,You can hit enemy twice in succession with one attack
skill_1526,1526,Double Shot,1521,6,18,1,3,0,5,0,65,1,0,0,0,0,0,0,0,0,0,17,30,0,0,5.5,0,0,0,0,0,0,0,0,2,231,271,0,0,0,0,0,1401,6,0,0,0,0,0,0,0,0,109,111,130,91,145,2,151,148,67,0,1041,110,LSkill1521,Double Shot,You can hit enemy twice in succession with one attack
skill_1527,1527,Double Shot,1521,7,20,1,3,0,5,0,70,1,0,0,0,0,0,0,0,0,0,17,32,0,0,5.3,0,0,0,0,0,0,0,0,2,231,271,0,0,0,0,0,1401,7,0,0,0,0,0,0,0,0,109,111,136,91,154,2,151,148,67,0,1041,110,LSkill1521,Double Shot,You can hit enemy twice in succession with one attack
skill_1528,1528,Double Shot,1521,8,23,1,3,0,5,0,75,1,0,0,0,0,0,0,0,0,0,17,34,0,0,5.3,0,0,0,0,0,0,0,0,2,231,271,0,0,0,0,0,1401,8,0,0,0,0,0,0,0,0,109,111,142,91,163,2,151,148,67,0,1041,110,LSkill1521,Double Shot,You can hit enemy twice in succession with one attack
skill_1529,1529,Double Shot,1521,9,26,1,3,0,5,0,82,1,0,0,0,0,0,0,0,0,0,17,36,0,0,5.1,0,0,0,0,0,0,0,0,2,231,271,0,0,0,0,0,1401,9,0,0,0,0,0,0,0,0,109,111,148,91,172,2,151,148,67,0,1041,110,LSkill1521,Double Shot,You can hit enemy twice in succession with one attack
skill_1530,1530,Double Shot,1521,10,29,1,3,0,5,0,90,1,0,0,0,0,0,0,0,0,0,17,38,0,0,5.1,0,0,0,0,0,0,0,0,2,231,271,0,0,0,0,0,1401,10,0,0,0,0,0,0,0,0,109,111,160,91,181,2,151,148,67,0,1041,110,LSkill1521,Double Shot,You can hit enemy twice in succession with one attack
skill_1531,1531,Triple Shot,1521,11,32,1,3,0,5,0,45,1,0,0,0,0,0,0,0,0,0,17,40,0,0,6.9,0,0,0,0,0,0,0,0,2,231,271,0,0,0,66,0,1401,11,0,0,0,0,0,0,0,0,109,111,120,92,100,2,151,148,67,0,1041,110,LSkill1531,Triple Shot,You can hit enemy three times in succession with one attack
skill_1532,1532,Triple Shot,1521,12,36,1,3,0,5,0,50,1,0,0,0,0,0,0,0,0,0,17,42,0,0,6.9,0,0,0,0,0,0,0,0,2,231,271,0,0,0,0,0,1401,12,0,0,0,0,0,0,0,0,109,111,124,92,106,2,151,148,67,0,1041,110,LSkill1531,Triple Shot,You can hit enemy three times in succession with one attack
skill_1533,1533,Triple Shot,1521,13,40,1,3,0,5,0,55,1,0,0,0,0,0,0,0,0,0,17,44,0,0,6.7,0,0,0,0,0,0,0,0,2,231,271,0,0,0,0,0,1401,13,0,0,0,0,0,0,0,0,109,111,128,92,112,2,151,148,67,0,1041,110,LSkill1531,Triple Shot,You can hit enemy three times in succession with one attack
skill_1534,1534,Triple Shot,1521,14,44,1,3,0,5,0,60,1,0,0,0,0,0,0,0,0,0,17,46,0,0,6.7,0,0,0,0,0,0,0,0,2,231,271,0,0,0,0,0,1401,14,0,0,0,0,0,0,0,0,109,111,132,92,118,2,151,148,67,0,1041,110,LSkill1531,Triple Shot,You can hit enemy three times in succession with one attack
skill_1535,1535,Triple Shot,1521,15,49,1,3,0,5,0,65,1,0,0,0,0,0,0,0,0,0,17,48,0,0,6.5,0,0,0,0,0,0,0,0,2,231,271,0,0,0,0,0,1401,15,0,0,0,0,0,0,0,0,109,111,136,92,124,2,151,148,67,0,1041,110,LSkill1531,Triple Shot,You can hit enemy three times in succession with one attack
skill_1536,1536,Triple Shot,1521,16,54,1,3,0,5,0,70,1,0,0,0,0,0,0,0,0,0,17,50,0,0,6.5,0,0,0,0,0,0,0,0,2,231,271,0,0,0,0,0,1401,16,0,0,0,0,0,0,0,0,109,111,140,92,130,2,151,148,67,0,1041,110,LSkill1531,Triple Shot,You can hit enemy three times in succession with one attack
skill_1537,1537,Triple Shot,1521,17,59,1,3,0,5,0,75,1,0,0,0,0,0,0,0,0,0,17,52,0,0,6.3,0,0,0,0,0,0,0,0,2,231,271,0,0,0,0,0,1401,17,0,0,0,0,0,0,0,0,109,111,144,92,136,2,151,148,67,0,1041,110,LSkill1531,Triple Shot,You can hit enemy three times in succession with one attack
skill_1538,1538,Triple Shot,1521,18,65,1,3,0,5,0,80,1,0,0,0,0,0,0,0,0,0,17,54,0,0,6.3,0,0,0,0,0,0,0,0,2,231,271,0,0,0,0,0,1401,18,0,0,0,0,0,0,0,0,109,111,148,92,142,2,151,148,67,0,1041,110,LSkill1531,Triple Shot,You can hit enemy three times in succession with one attack
skill_1539,1539,Triple Shot,1521,19,71,1,3,0,5,0,120,1,15,0,7,0,1,0,15,10,0,17,56,0,0,6.1,0,23,0,30,0,0,0,0,2,231,271,0,0,0,0,0,1401,19,0,0,0,0,0,0,0,0,109,111,152,92,148,2,151,148,67,0,1041,110,LSkill1531,Triple Shot,You can hit enemy three times in succession with one attack
skill_1540,1540,Triple Shot,1521,20,78,1,3,0,5,0,160,1,15,0,7,0,1,0,20,15,0,17,60,0,0,6.1,0,23,0,50,0,0,0,0,2,231,271,0,0,0,0,0,1401,20,0,0,0,0,0,0,0,0,109,111,156,92,154,2,151,148,67,0,1041,110,LSkill1531,Triple Shot,You can hit enemy three times in succession with one attack
skill_1541,1541,Double Attack,1541,1,8,1,3,0,5,0,40,1,0,0,0,0,0,0,0,0,0,17,16,0,0,5.3,0,0,0,0,0,0,0,0,1,251,252,0,0,0,43,0,1421,1,0,0,0,0,0,0,0,0,110,111,100,91,100,2,0,0,67,0,1031,371,LSkill1541,Double Attack,You can hit enemy twice in succession with one attack
skill_1542,1542,Double Attack,1541,2,10,1,3,0,5,0,45,1,0,0,0,0,0,0,0,0,0,17,18,0,0,5.1,0,0,0,0,0,0,0,0,1,251,252,0,0,0,0,0,1421,2,0,0,0,0,0,0,0,0,110,111,106,91,109,2,0,0,67,0,1031,371,LSkill1541,Double Attack,You can hit enemy twice in succession with one attack
skill_1543,1543,Double Attack,1541,3,12,1,3,0,5,0,50,1,0,0,0,0,0,0,0,0,0,17,20,0,0,4.9,0,0,0,0,0,0,0,0,1,251,252,0,0,0,0,0,1421,3,0,0,0,0,0,0,0,0,110,111,112,91,118,2,0,0,67,0,1031,371,LSkill1541,Double Attack,You can hit enemy twice in succession with one attack
skill_1544,1544,Double Attack,1541,4,14,1,3,0,5,0,55,1,0,0,0,0,0,0,0,0,0,17,22,0,0,4.7,0,0,0,0,0,0,0,0,1,251,252,0,0,0,0,0,1421,4,0,0,0,0,0,0,0,0,110,111,118,91,127,2,0,0,67,0,1031,371,LSkill1541,Double Attack,You can hit enemy twice in succession with one attack
skill_1545,1545,Double Attack,1541,5,16,1,3,0,5,0,60,1,0,0,0,0,0,0,0,0,0,17,24,0,0,4.5,0,0,0,0,0,0,0,0,1,251,252,0,0,0,0,0,1421,5,0,0,0,0,0,0,0,0,110,111,124,91,136,2,0,0,67,0,1031,371,LSkill1541,Double Attack,You can hit enemy twice in succession with one attack
skill_1546,1546,Double Attack,1541,6,19,1,3,0,5,0,65,1,0,0,0,0,0,0,0,0,0,17,26,0,0,4.3,0,0,0,0,0,0,0,0,1,251,252,0,0,0,0,0,1421,6,0,0,0,0,0,0,0,0,110,111,130,91,145,2,0,0,67,0,1031,371,LSkill1541,Double Attack,You can hit enemy twice in succession with one attack
skill_1547,1547,Double Attack,1541,7,22,1,3,0,5,0,70,1,0,0,0,0,0,0,0,0,0,17,28,0,0,4.1,0,0,0,0,0,0,0,0,1,251,252,0,0,0,0,0,1421,7,0,0,0,0,0,0,0,0,110,111,136,91,154,2,0,0,67,0,1031,371,LSkill1541,Double Attack,You can hit enemy twice in succession with one attack
skill_1548,1548,Double Attack,1541,8,25,1,3,0,5,0,75,1,0,0,0,0,0,0,0,0,0,17,30,0,0,3.9,0,0,0,0,0,0,0,0,1,251,252,0,0,0,0,0,1421,8,0,0,0,0,0,0,0,0,110,111,142,91,163,2,0,0,67,0,1031,371,LSkill1541,Double Attack,You can hit enemy twice in succession with one attack
skill_1549,1549,Double Attack,1541,9,29,1,3,0,5,0,82,1,0,0,0,0,0,0,0,0,0,17,32,0,0,3.7,0,0,0,0,0,0,0,0,1,251,252,0,0,0,0,0,1421,9,0,0,0,0,0,0,0,0,110,111,148,91,172,2,0,0,67,0,1031,371,LSkill1541,Double Attack,You can hit enemy twice in succession with one attack
skill_1550,1550,Double Attack,1541,10,33,1,3,0,5,0,90,1,0,0,0,0,0,0,0,0,0,17,34,0,0,3.5,0,0,0,0,0,0,0,0,1,251,252,0,0,0,0,0,1421,10,0,0,0,0,0,0,0,0,110,111,160,91,181,2,0,0,67,0,1031,371,LSkill1541,Double Attack,You can hit enemy twice in succession with one attack
skill_1551,1551,Triple Attack,1541,11,37,1,3,0,5,0,45,1,0,0,0,0,0,0,0,0,0,17,35,0,0,5.9,0,0,0,0,0,0,0,0,1,251,252,0,0,0,65,0,1421,11,0,0,0,0,0,0,0,0,110,111,120,92,100,3,0,0,67,0,1031,370,LSkill1551,Triple Attack,You can hit enemy three times in succession with one attack
skill_1552,1552,Triple Attack,1541,12,41,1,3,0,5,0,50,1,0,0,0,0,0,0,0,0,0,17,37,0,0,5.9,0,0,0,0,0,0,0,0,1,251,252,0,0,0,0,0,1421,12,0,0,0,0,0,0,0,0,110,111,124,92,106,3,0,0,67,0,1031,370,LSkill1551,Triple Attack,You can hit enemy three times in succession with one attack
skill_1553,1553,Triple Attack,1541,13,45,1,3,0,5,0,55,1,0,0,0,0,0,0,0,0,0,17,39,0,0,5.7,0,0,0,0,0,0,0,0,1,251,252,0,0,0,0,0,1421,13,0,0,0,0,0,0,0,0,110,111,128,92,112,3,0,0,67,0,1031,370,LSkill1551,Triple Attack,You can hit enemy three times in succession with one attack
skill_1554,1554,Triple Attack,1541,14,49,1,3,0,5,0,60,1,0,0,0,0,0,0,0,0,0,17,41,0,0,5.7,0,0,0,0,0,0,0,0,1,251,252,0,0,0,0,0,1421,14,0,0,0,0,0,0,0,0,110,111,132,92,118,3,0,0,67,0,1031,370,LSkill1551,Triple Attack,You can hit enemy three times in succession with one attack
skill_1555,1555,Triple Attack,1541,15,53,1,3,0,5,0,65,1,0,0,0,0,0,0,0,0,0,17,43,0,0,5.5,0,0,0,0,0,0,0,0,1,251,252,0,0,0,0,0,1421,15,0,0,0,0,0,0,0,0,110,111,136,92,124,3,0,0,67,0,1031,370,LSkill1551,Triple Attack,You can hit enemy three times in succession with one attack
skill_1556,1556,Triple Attack,1541,16,58,1,3,0,5,0,70,1,0,0,0,0,0,0,0,0,0,17,45,0,0,5.5,0,0,0,0,0,0,0,0,1,251,252,0,0,0,0,0,1421,16,0,0,0,0,0,0,0,0,110,111,140,92,130,3,0,0,67,0,1031,370,LSkill1551,Triple Attack,You can hit enemy three times in succession with one attack
skill_1557,1557,Triple Attack,1541,17,63,1,3,0,5,0,80,1,0,0,0,0,0,0,0,0,0,17,47,0,0,5.3,0,0,0,0,0,0,0,0,1,251,252,0,0,0,0,0,1421,17,0,0,0,0,0,0,0,0,110,111,144,92,136,3,0,0,67,0,1031,370,LSkill1551,Triple Attack,You can hit enemy three times in succession with one attack
skill_1558,1558,Triple Attack,1541,18,68,1,3,0,5,0,90,1,0,0,0,0,0,0,0,0,0,17,49,0,0,5.1,0,0,0,0,0,0,0,0,1,251,252,0,0,0,0,0,1421,18,0,0,0,0,0,0,0,0,110,111,148,92,142,3,0,0,67,0,1031,370,LSkill1551,Triple Attack,You can hit enemy three times in succession with one attack
skill_1559,1559,Triple Attack,1541,19,74,1,3,0,5,0,100,1,32,0,24,0,1,0,40,5,0,17,51,0,0,4.9,0,0,0,0,0,0,0,0,1,251,252,0,0,0,0,0,1421,19,0,0,0,0,0,0,0,0,110,111,152,92,148,3,0,0,67,0,1031,370,LSkill1551,Triple Attack,You can hit enemy three times in succession with one attack
skill_1560,1560,Triple Attack,1541,20,80,1,3,0,5,0,150,1,32,0,24,0,1,0,45,7,0,17,55,0,0,4.7,0,0,0,0,0,0,0,0,1,251,252,0,0,0,0,0,1421,20,0,0,0,0,0,0,0,0,110,111,156,92,154,3,0,0,67,0,1031,370,LSkill1551,Triple Attack,You can hit enemy three times in succession with one attack
skill_1561,1561,Sprint,1561,1,10,1,8,0,0,0,0,0,14,0,6,0,0,0,0,150,0,17,25,0,0,5.9,0,23,85,0,0,0,0,0,2,0,0,0,0,0,43,0,1461,4,0,0,0,0,0,0,0,0,108,114,100,153,100,1,0,0,0,0,1754,0,LSkill1561,Sprint,You can have moving speed up temporarily
skill_1562,1562,Sprint,1561,2,12,1,8,0,0,0,0,0,14,0,6,0,0,0,0,155,0,17,28,0,0,5.9,0,23,100,0,0,0,0,0,2,0,0,0,0,0,0,0,1461,5,0,0,0,0,0,0,0,0,108,114,100,153,100,1,0,0,0,0,1754,0,LSkill1561,Sprint,You can have moving speed up temporarily
skill_1563,1563,Sprint,1561,3,15,1,8,0,0,0,0,0,14,0,6,0,0,0,0,160,0,17,31,0,0,5.9,0,23,115,0,0,0,0,0,2,0,0,0,0,0,0,0,1461,6,0,0,0,0,0,0,0,0,108,114,100,153,100,1,0,0,0,0,1754,0,LSkill1561,Sprint,You can have moving speed up temporarily
skill_1564,1564,Sprint,1561,4,18,1,8,0,0,0,0,0,14,0,6,0,0,0,0,165,0,17,34,0,0,5.9,0,23,130,0,0,0,0,0,2,0,0,0,0,0,0,0,1461,7,0,0,0,0,0,0,0,0,108,114,100,153,100,1,0,0,0,0,1754,0,LSkill1561,Sprint,You can have moving speed up temporarily
skill_1565,1565,Sprint,1561,5,22,1,8,0,0,0,0,0,14,0,6,0,0,0,0,170,0,17,37,0,0,5.9,0,23,145,0,0,0,0,0,2,0,0,0,0,0,0,0,1461,8,0,0,0,0,0,0,0,0,108,114,100,153,100,1,0,0,0,0,1754,0,LSkill1561,Sprint,You can have moving speed up temporarily
skill_1566,1566,Sprint,1561,6,26,1,8,0,0,0,0,0,14,0,6,0,0,0,0,175,0,17,40,0,0,5.9,0,23,160,0,0,0,0,0,2,0,0,0,0,0,0,0,1461,9,0,0,0,0,0,0,0,0,108,114,100,153,100,1,0,0,0,0,1754,0,LSkill1561,Sprint,You can have moving speed up temporarily
skill_1567,1567,Sprint,1561,7,31,1,8,0,0,0,0,0,14,0,6,0,0,0,0,180,0,17,43,0,0,5.9,0,23,180,0,0,0,0,0,2,0,0,0,0,0,0,0,1461,10,0,0,0,0,0,0,0,0,108,114,100,153,100,1,0,0,0,0,1754,0,LSkill1561,Sprint,You can have moving speed up temporarily
skill_1568,1568,Sprint,1561,8,36,1,8,0,0,0,0,0,14,0,6,0,0,0,0,185,0,17,46,0,0,5.9,0,23,200,0,0,0,0,0,2,0,0,0,0,0,0,0,1461,11,0,0,0,0,0,0,0,0,108,114,100,153,100,1,0,0,0,0,1754,0,LSkill1561,Sprint,You can have moving speed up temporarily
skill_1569,1569,Sprint,1561,9,42,1,8,0,0,0,0,0,14,0,6,0,0,0,0,190,0,17,49,0,0,5.9,0,23,220,0,0,0,0,0,2,0,0,0,0,0,0,0,1461,12,0,0,0,0,0,0,0,0,108,114,100,153,100,1,0,0,0,0,1754,0,LSkill1561,Sprint,You can have moving speed up temporarily
skill_1570,1570,Sprint,1561,10,49,1,8,0,0,0,0,0,14,0,6,0,0,0,0,200,0,17,55,0,0,5.9,0,23,240,0,0,0,0,0,2,0,0,0,0,0,0,0,1461,13,0,0,0,0,0,0,0,0,108,114,100,153,100,1,0,0,0,0,1754,0,LSkill1561,Sprint,You can have moving speed up temporarily
skill_1571,1571,Spiral Kick,1571,1,15,1,17,0,5,600,60,1,0,0,0,0,0,0,0,0,1,17,40,0,0,13.9,0,0,0,0,0,0,0,0,2,0,0,0,0,0,43,0,1461,8,1561,5,0,0,0,0,0,0,113,115,100,212,100,1,0,0,1555,0,0,1121,LSkill1571,Spiral Kick,You can damage enemies around you with spiral kick
skill_1572,1572,Spiral Kick,1571,2,19,1,17,0,5,610,70,1,0,0,0,0,0,0,0,0,1,17,44,0,0,14.5,0,0,0,0,0,0,0,0,2,0,0,0,0,0,0,0,0,0,0,0,0,0,0,0,0,0,113,115,100,212,100,1,0,0,1555,0,0,1121,LSkill1571,Spiral Kick,You can damage enemies around you with spiral kick
skill_1573,1573,Spiral Kick,1571,3,24,1,17,0,5,620,80,1,0,0,0,0,0,0,0,0,1,17,48,0,0,15.1,0,0,0,0,0,0,0,0,2,0,0,0,0,0,0,0,1461,9,0,0,0,0,0,0,0,0,113,115,100,212,100,1,0,0,1555,0,0,1121,LSkill1571,Spiral Kick,You can damage enemies around you with spiral kick
skill_1574,1574,Spiral Kick,1571,4,30,1,17,0,5,630,90,1,0,0,0,0,0,0,0,0,1,17,52,0,0,15.7,0,0,0,0,0,0,0,0,2,0,0,0,0,0,0,0,0,0,0,0,0,0,0,0,0,0,113,115,100,212,100,1,0,0,1555,0,0,1121,LSkill1571,Spiral Kick,You can damage enemies around you with spiral kick
skill_1575,1575,Spiral Kick,1571,5,37,1,17,0,5,640,100,1,0,0,0,0,0,0,0,0,1,17,56,0,0,16.3,0,0,0,0,0,0,0,0,2,0,0,0,0,0,0,0,1461,10,0,0,0,0,0,0,0,0,113,115,100,212,100,1,0,0,1555,0,0,1121,LSkill1571,Spiral Kick,You can damage enemies around you with spiral kick
skill_1576,1576,Spiral Kick,1571,6,45,1,17,0,5,650,120,1,0,0,0,0,0,0,0,0,1,17,60,0,0,16.9,0,0,0,0,0,0,0,0,2,0,0,0,0,0,0,0,1461,11,0,0,0,0,0,0,0,0,113,115,100,212,100,1,0,0,1555,0,0,1121,LSkill1571,Spiral Kick,You can damage enemies around you with spiral kick
skill_1577,1577,Spiral Kick,1571,7,55,1,17,0,5,660,140,1,0,0,0,0,0,0,0,0,1,17,64,0,0,17.5,0,0,0,0,0,0,0,0,2,0,0,0,0,0,0,0,1461,12,0,0,0,0,0,0,0,0,113,115,100,212,100,1,0,0,1555,0,0,1121,LSkill1571,Spiral Kick,You can damage enemies around you with spiral kick
skill_1578,1578,Spiral Kick,1571,8,67,1,17,0,5,670,160,1,0,0,0,0,0,0,0,0,1,17,68,0,0,18.1,0,0,0,0,0,0,0,0,2,0,0,0,0,0,0,0,1461,13,0,0,0,0,0,0,0,0,113,115,100,212,100,1,0,0,1555,0,0,1121,LSkill1571,Spiral Kick,You can damage enemies around you with spiral kick
skill_1579,1579,Spiral Kick,1571,9,81,1,17,0,5,680,180,1,0,0,0,0,0,0,0,0,1,17,72,0,0,18.7,0,0,0,0,0,0,0,0,2,0,0,0,0,0,0,0,1461,14,0,0,0,0,0,0,0,0,113,115,100,212,100,1,0,0,1555,0,0,1121,LSkill1571,Spiral Kick,You can damage enemies around you with spiral kick
skill_1580,1580,Spiral Kick,1571,10,98,1,17,0,5,700,200,1,0,0,0,0,0,0,0,0,1,17,80,0,0,19.3,0,0,0,0,0,0,0,0,2,0,0,0,0,0,0,0,1461,15,0,0,0,0,0,0,0,0,113,115,100,212,100,1,0,0,1555,0,0,1121,LSkill1571,Spiral Kick,You can damage enemies around you with spiral kick
skill_1581,1581,Holding Arrow,1581,1,10,1,6,0,5,0,30,1,15,0,7,0,1,0,70,20,1,17,20,0,0,8.3,0,23,0,40,0,0,0,0,1,231,271,0,0,0,43,0,1401,5,0,0,0,0,0,0,0,0,115,95,100,97,100,1,271,148,67,0,1068,1067,LSkill1581,Holding Arrow,You can decrease enemy's moving speed by binding enemy's legs and body with bow attack
skill_1582,1582,Holding Arrow,1581,2,14,1,6,0,5,0,36,1,15,0,7,0,1,0,72,21,1,17,23,0,0,8.5,0,23,0,42,0,0,0,0,1,231,271,0,0,0,0,0,1401,6,0,0,0,0,0,0,0,0,115,95,100,97,100,1,271,148,67,0,1068,1067,LSkill1581,Holding Arrow,You can decrease enemy's moving speed by binding enemy's legs and body with bow attack
skill_1583,1583,Holding Arrow,1581,3,18,1,6,0,5,0,42,1,15,0,7,0,1,0,74,22,1,17,26,0,0,8.7,0,23,0,44,0,0,0,0,1,231,271,0,0,0,0,0,1401,7,0,0,0,0,0,0,0,0,115,95,100,97,100,1,271,148,67,0,1068,1067,LSkill1581,Holding Arrow,You can decrease enemy's moving speed by binding enemy's legs and body with bow attack
skill_1584,1584,Holding Arrow,1581,4,23,1,6,0,5,0,48,1,15,0,7,0,1,0,76,23,1,17,29,0,0,8.9,0,23,0,46,0,0,0,0,1,231,271,0,0,0,0,0,1401,8,0,0,0,0,0,0,0,0,115,95,100,97,100,1,271,148,67,0,1068,1067,LSkill1581,Holding Arrow,You can decrease enemy's moving speed by binding enemy's legs and body with bow attack
skill_1585,1585,Holding Arrow,1581,5,30,1,6,0,5,0,54,1,15,0,7,0,1,0,78,24,1,17,32,0,0,9.1,0,23,0,48,0,0,0,0,1,231,271,0,0,0,0,0,1401,9,0,0,0,0,0,0,0,0,115,95,100,97,100,1,271,148,67,0,1068,1067,LSkill1581,Holding Arrow,You can decrease enemy's moving speed by binding enemy's legs and body with bow attack
skill_1586,1586,Holding Arrow,1581,6,38,1,6,0,5,0,60,1,15,17,7,9,1,1,80,24,1,17,35,0,0,9.9,0,23,0,49,24,0,30,0,2,231,271,0,0,0,66,0,1401,10,0,0,0,0,0,0,0,0,115,95,100,97,100,1,271,148,67,0,1068,1067,LSkill1581,Holding Arrow,You can decrease enemy's moving speed by binding enemy's legs and body with bow attack
skill_1587,1587,Holding Arrow,1581,7,47,1,6,0,5,0,66,1,15,17,7,9,1,1,82,25,1,17,38,0,0,10.3,0,23,0,50,24,0,35,0,2,231,271,0,0,0,0,0,1401,12,0,0,0,0,0,0,0,0,115,95,100,97,100,1,271,148,67,0,1068,1067,LSkill1581,Holding Arrow,You can decrease enemy's moving speed by binding enemy's legs and body with bow attack
skill_1588,1588,Holding Arrow,1581,8,58,1,6,0,5,0,85,1,15,17,7,9,1,1,84,25,1,17,41,0,0,10.7,0,23,0,51,24,0,40,0,2,231,271,0,0,0,0,0,1401,14,0,0,0,0,0,0,0,0,115,95,100,97,100,1,271,148,67,0,1068,1067,LSkill1581,Holding Arrow,You can decrease enemy's moving speed by binding enemy's legs and body with bow attack
skill_1589,1589,Holding Arrow,1581,9,72,1,6,0,5,0,100,1,15,17,7,9,1,1,86,26,1,17,44,0,0,11.1,0,23,0,52,24,0,45,0,2,231,271,0,0,0,0,0,1401,16,0,0,0,0,0,0,0,0,115,95,100,97,100,1,271,148,67,0,1068,1067,LSkill1581,Holding Arrow,You can decrease enemy's moving speed by binding enemy's legs and body with bow attack
skill_1590,1590,Holding Arrow,1581,10,89,1,6,0,5,0,250,1,15,17,7,9,1,1,0,26,1,17,50,0,0,11.5,0,23,0,53,24,0,50,0,2,231,271,0,0,0,0,0,1401,18,0,0,0,0,0,0,0,0,115,95,100,97,100,1,271,148,67,0,1068,1067,LSkill1581,Holding Arrow,You can decrease enemy's moving speed by binding enemy's legs and body with bow attack
skill_1591,1591,Screw Attack,1591,1,18,1,3,400,5,0,80,1,21,0,13,0,1,0,35,20,1,17,40,0,0,9.9,0,19,20,10,0,0,0,0,2,251,252,0,0,0,43,0,1421,6,0,0,0,0,0,0,0,0,130,111,100,93,100,1,0,0,137,0,1031,110,LSkill1591,Screw Attack,You can damage enemies with screw attack when you use Katar and Dual Swords
skill_1592,1592,Screw Attack,1591,2,22,1,3,420,5,0,95,1,21,0,13,0,1,0,37,20,1,17,43,0,0,10.1,0,19,20,11,0,0,0,0,2,251,252,0,0,0,0,0,1421,7,0,0,0,0,0,0,0,0,130,111,100,93,100,1,0,0,137,0,1031,110,LSkill1591,Screw Attack,You can damage enemies with screw attack when you use Katar and Dual Swords
skill_1593,1593,Screw Attack,1591,3,27,1,3,440,5,0,110,1,21,0,13,0,1,0,39,20,1,17,46,0,0,10.3,0,19,20,12,0,0,0,0,2,251,252,0,0,0,0,0,1421,8,0,0,0,0,0,0,0,0,130,111,100,93,100,1,0,0,137,0,1031,110,LSkill1591,Screw Attack,You can damage enemies with screw attack when you use Katar and Dual Swords
skill_1594,1594,Screw Attack,1591,4,32,1,3,460,5,0,125,1,21,0,13,0,1,0,41,20,1,17,49,0,0,10.5,0,19,20,13,0,0,0,0,2,251,252,0,0,0,0,0,1421,9,0,0,0,0,0,0,0,0,130,111,100,93,100,1,0,0,137,0,1031,110,LSkill1591,Screw Attack,You can damage enemies with screw attack when you use Katar and Dual Swords
skill_1595,1595,Screw Attack,1591,5,38,1,3,480,5,0,140,1,21,0,13,0,1,0,43,20,1,17,52,0,0,10.7,0,19,20,14,0,0,0,0,2,251,252,0,0,0,0,0,1421,10,0,0,0,0,0,0,0,0,130,111,100,93,100,1,0,0,137,0,1031,110,LSkill1591,Screw Attack,You can damage enemies with screw attack when you use Katar and Dual Swords
skill_1596,1596,Screw Attack,1591,6,46,1,3,520,5,0,160,1,21,0,13,0,1,0,45,20,1,17,60,0,0,10.9,0,19,30,15,0,0,0,0,2,251,252,0,0,0,65,0,1421,11,0,0,0,0,0,0,0,0,130,111,100,93,100,1,0,0,137,0,1031,110,LSkill1591,Screw Attack,You can damage enemies with screw attack when you use Katar and Dual Swords
skill_1597,1597,Screw Attack,1591,7,55,1,3,540,5,0,175,1,21,0,13,0,1,0,60,20,1,17,65,0,0,11.1,0,19,30,16,0,0,0,0,2,251,252,0,0,0,0,0,1421,12,0,0,0,0,0,0,0,0,130,111,100,93,100,1,0,0,137,0,1031,110,LSkill1591,Screw Attack,You can damage enemies with screw attack when you use Katar and Dual Swords
skill_1598,1598,Screw Attack,1591,8,66,1,3,560,5,0,190,1,21,0,13,0,1,0,70,20,1,17,70,0,0,11.3,0,19,30,17,0,0,0,0,2,251,252,0,0,0,0,0,1421,13,0,0,0,0,0,0,0,0,130,111,100,93,100,1,0,0,137,0,1031,110,LSkill1591,Screw Attack,You can damage enemies with screw attack when you use Katar and Dual Swords
skill_1599,1599,Screw Attack,1591,9,79,1,3,580,5,0,260,1,21,0,13,0,1,0,80,20,1,17,75,0,0,11.5,0,19,30,18,0,0,0,0,2,251,252,0,0,0,0,0,1421,14,0,0,0,0,0,0,0,0,130,111,100,93,100,1,0,0,137,0,1031,110,LSkill1591,Screw Attack,You can damage enemies with screw attack when you use Katar and Dual Swords
skill_1600,1600,Screw Attack,1591,10,94,1,3,600,5,0,360,1,21,0,13,0,1,0,90,20,1,17,85,0,0,11.7,0,19,30,20,0,0,0,0,2,251,252,0,0,0,0,0,1421,15,0,0,0,0,0,0,0,0,130,111,100,93,100,1,0,0,137,0,1031,110,LSkill1591,Screw Attack,You can damage enemies with screw attack when you use Katar and Dual Swords
skill_1601,1601,Spirit Heart,1601,1,20,1,6,2200,5,0,80,1,17,0,9,0,1,0,30,10,2,17,40,0,0,9.9,0,24,0,30,0,0,0,0,2,0,0,0,0,0,43,0,1461,7,1451,5,0,0,0,0,0,0,132,111,100,216,100,1,277,0,67,0,1031,1067,LSkill1601,Spirit Heart,You attack enemy in the distance with Spirit Heart making your target move slow and being demaged.
skill_1602,1602,Spirit Heart,1601,2,25,1,6,2230,5,0,95,1,17,0,9,0,1,0,33,10,2,17,43,0,0,10.3,0,24,0,33,0,0,0,0,2,0,0,0,0,0,0,0,1461,8,0,0,0,0,0,0,0,0,132,111,100,216,100,1,277,0,67,0,1031,1067,LSkill1601,Spirit Heart,You attack enemy in the distance with Spirit Heart making your target move slow and being demaged.
skill_1603,1603,Spirit Heart,1601,3,31,1,6,2260,5,0,110,1,17,0,9,0,1,0,36,10,2,17,46,0,0,10.7,0,24,0,36,0,0,0,0,2,0,0,0,0,0,0,0,1461,9,0,0,0,0,0,0,0,0,132,111,100,216,100,1,277,0,67,0,1031,1067,LSkill1601,Spirit Heart,You attack enemy in the distance with Spirit Heart making your target move slow and being demaged.
skill_1604,1604,Spirit Heart,1601,4,38,1,6,2290,5,0,125,1,17,0,9,0,1,0,39,10,2,17,49,0,0,11.1,0,24,0,39,0,0,0,0,2,0,0,0,0,0,0,0,1461,10,0,0,0,0,0,0,0,0,132,111,100,216,100,1,277,0,67,0,1031,1067,LSkill1601,Spirit Heart,You attack enemy in the distance with Spirit Heart making your target move slow and being demaged.
skill_1605,1605,Spirit Heart,1601,5,46,1,6,2320,5,0,140,1,17,0,9,0,1,0,50,10,2,17,52,0,0,11.5,0,24,0,42,0,0,0,0,2,0,0,0,0,0,0,0,0,0,0,0,0,0,0,0,0,0,132,111,100,216,100,1,277,0,67,0,1031,1067,LSkill1601,Spirit Heart,You attack enemy in the distance with Spirit Heart making your target move slow and being demaged.
skill_1606,1606,Spirit Heart,1601,6,54,1,6,2350,5,0,155,1,17,0,9,0,1,0,60,10,2,17,55,0,0,11.9,0,24,0,45,0,0,0,0,2,0,0,0,0,0,0,0,1461,11,0,0,0,0,0,0,0,0,132,111,100,216,100,1,277,0,67,0,1031,1067,LSkill1601,Spirit Heart,You attack enemy in the distance with Spirit Heart making your target move slow and being demaged.
skill_1607,1607,Spirit Heart,1601,7,64,1,6,2380,5,0,170,1,17,0,9,0,1,0,70,10,2,17,58,0,0,12.3,0,24,0,48,0,0,0,0,2,0,0,0,0,0,0,0,1461,12,0,0,0,0,0,0,0,0,132,111,100,216,100,1,277,0,67,0,1031,1067,LSkill1601,Spirit Heart,You attack enemy in the distance with Spirit Heart making your target move slow and being demaged.
skill_1608,1608,Spirit Heart,1601,8,75,1,6,2410,5,0,185,1,17,0,9,0,1,0,80,10,2,17,61,0,0,12.7,0,24,0,51,0,0,0,0,2,0,0,0,0,0,0,0,1461,13,0,0,0,0,0,0,0,0,132,111,100,216,100,1,277,0,67,0,1031,1067,LSkill1601,Spirit Heart,You attack enemy in the distance with Spirit Heart making your target move slow and being demaged.
skill_1609,1609,Spirit Heart,1601,9,88,1,6,2440,5,0,200,1,17,0,9,0,1,0,90,10,2,17,64,0,0,13.1,0,24,0,54,0,0,0,0,2,0,0,0,0,0,0,0,1461,14,0,0,0,0,0,0,0,0,132,111,100,216,100,1,277,0,67,0,1031,1067,LSkill1601,Spirit Heart,You attack enemy in the distance with Spirit Heart making your target move slow and being demaged.
skill_1610,1610,Spirit Heart,1601,10,103,1,6,2600,5,0,250,1,17,0,9,0,1,0,0,10,2,17,70,0,0,13.5,0,24,0,60,0,0,0,0,2,0,0,0,0,0,0,0,1461,15,0,0,0,0,0,0,0,0,132,111,100,216,100,1,277,0,67,0,1031,1067,LSkill1601,Spirit Heart,You attack enemy in the distance with Spirit Heart making your target move slow and being demaged.
skill_1611,1611,Prime Hit,1611,1,40,1,3,400,5,0,220,1,0,0,0,0,0,0,0,0,1,17,70,0,0,13.9,0,0,0,0,0,0,0,0,2,251,252,0,0,0,65,0,1591,10,0,0,0,0,0,0,0,0,216,111,90,93,100,1,0,0,137,0,1031,1666,LSkill1611,Prime Hit,You can damage your enemy near you.
skill_1612,1612,Prime Hit,1611,2,46,1,3,420,5,0,242,1,0,0,0,0,0,0,0,0,1,17,75,0,0,14.3,0,0,0,0,0,0,0,0,2,251,252,0,0,0,0,0,0,0,0,0,0,0,0,0,0,0,216,111,88,93,100,1,0,0,137,0,1031,1666,LSkill1611,Prime Hit,You can damage your enemy near you.
skill_1613,1613,Prime Hit,1611,3,53,1,3,440,5,0,264,1,0,0,0,0,0,0,0,0,1,17,80,0,0,14.7,0,0,0,0,0,0,0,0,2,251,252,0,0,0,0,0,0,0,0,0,0,0,0,0,0,0,216,111,86,93,100,1,0,0,137,0,1031,1666,LSkill1611,Prime Hit,You can damage your enemy near you.
skill_1614,1614,Prime Hit,1611,4,61,1,3,460,5,0,286,1,0,0,0,0,0,0,0,0,1,17,85,0,0,15.1,0,0,0,0,0,0,0,0,2,251,252,0,0,0,0,0,0,0,0,0,0,0,0,0,0,0,216,111,84,93,100,1,0,0,137,0,1031,1666,LSkill1611,Prime Hit,You can damage your enemy near you.
skill_1615,1615,Prime Hit,1611,5,70,1,3,480,5,0,310,1,0,0,0,0,0,0,0,0,1,17,90,0,0,15.5,0,0,0,0,0,0,0,0,2,251,252,0,0,0,0,0,0,0,0,0,0,0,0,0,0,0,216,111,82,93,100,1,0,0,137,0,1031,1666,LSkill1611,Prime Hit,You can damage your enemy near you.
skill_1616,1616,Prime Hit,1611,6,80,1,3,520,5,0,334,1,0,0,0,0,0,0,0,0,1,17,95,0,0,15.9,0,0,0,0,0,0,0,0,2,251,252,0,0,0,0,0,0,0,0,0,0,0,0,0,0,0,216,111,80,93,100,1,0,0,137,0,1031,1666,LSkill1611,Prime Hit,You can damage your enemy near you.
skill_1617,1617,Prime Hit,1611,7,91,1,3,540,5,0,358,1,0,0,0,0,0,0,0,0,1,17,100,0,0,16.3,0,0,0,0,0,0,0,0,2,251,252,0,0,0,0,0,0,0,0,0,0,0,0,0,0,0,216,111,78,93,100,1,0,0,137,0,1031,1666,LSkill1611,Prime Hit,You can damage your enemy near you.
skill_1618,1618,Prime Hit,1611,8,104,1,3,560,5,0,450,1,0,0,0,0,0,0,0,0,1,17,106,0,0,16.7,0,0,0,0,0,0,0,0,2,251,252,0,0,0,0,0,0,0,0,0,0,0,0,0,0,0,216,111,76,93,100,1,0,0,137,0,1031,1666,LSkill1611,Prime Hit,You can damage your enemy near you.
skill_1619,1619,Prime Hit,1611,9,119,1,3,580,5,0,750,1,0,0,0,0,0,0,0,0,1,17,112,0,0,17.1,0,0,0,0,0,0,0,0,2,251,252,0,0,0,0,0,0,0,0,0,0,0,0,0,0,0,216,111,74,93,100,1,0,0,137,0,1031,1666,LSkill1611,Prime Hit,You can damage your enemy near you.
skill_1620,1620,Prime Hit,1611,10,135,1,3,600,5,0,850,1,0,0,0,0,0,0,0,0,1,17,120,0,0,17.5,0,0,0,0,0,0,0,0,2,251,252,0,0,0,0,0,0,0,0,0,0,0,0,0,0,0,216,111,72,93,100,1,0,0,137,0,1358,1357,LSkill1611,Prime Hit,You can damage your enemy near you.
skill_1621,1621,Poison Arrow,1621,1,30,1,6,0,5,0,60,1,11,0,3,0,1,0,70,12,1,17,30,0,0,5.9,0,0,0,0,0,0,0,0,1,231,271,0,0,0,66,0,1401,10,1581,5,0,0,0,0,0,0,123,95,100,97,100,1,271,148,67,0,1068,1067,LSkill1621,Poison Arrow,"By firing poison arrow, you can have enemy posioned."
skill_1622,1622,Poison Arrow,1621,2,33,1,6,0,5,0,65,1,11,0,3,0,1,0,72,13,1,17,32,0,0,6.1,0,0,0,0,0,0,0,0,1,231,271,0,0,0,0,0,1401,11,0,0,0,0,0,0,0,0,123,95,100,97,100,1,271,148,67,0,1068,1067,LSkill1621,Poison Arrow,"By firing poison arrow, you can have enemy posioned."
skill_1623,1623,Poison Arrow,1621,3,37,1,6,0,5,0,70,1,11,0,3,0,1,0,74,14,1,17,34,0,0,6.3,0,0,0,0,0,0,0,0,1,231,271,0,0,0,0,0,1401,12,0,0,0,0,0,0,0,0,123,95,100,97,100,1,271,148,67,0,1068,1067,LSkill1621,Poison Arrow,"By firing poison arrow, you can have enemy posioned."
skill_1624,1624,Poison Arrow,1621,4,41,1,6,0,5,0,75,1,11,0,3,0,1,0,76,15,1,17,36,0,0,6.5,0,0,0,0,0,0,0,0,1,231,271,0,0,0,0,0,1401,13,0,0,0,0,0,0,0,0,123,95,100,97,100,1,271,148,67,0,1068,1067,LSkill1621,Poison Arrow,"By firing poison arrow, you can have enemy posioned."
skill_1625,1625,Poison Arrow,1621,5,45,1,6,0,5,0,80,1,11,0,3,0,1,0,78,16,1,17,38,0,0,6.7,0,0,0,0,0,0,0,0,1,231,271,0,0,0,0,0,1401,14,0,0,0,0,0,0,0,0,123,95,100,97,100,1,271,148,67,0,1068,1067,LSkill1621,Poison Arrow,"By firing poison arrow, you can have enemy posioned."
skill_1626,1626,Poison Arrow,1621,6,50,1,6,0,5,0,85,1,11,0,3,0,1,0,80,17,1,17,40,0,0,6.9,0,0,0,0,0,0,0,0,2,231,271,0,0,0,0,0,1401,15,0,0,0,0,0,0,0,0,123,95,100,97,100,1,271,148,67,0,1068,1067,LSkill1621,Poison Arrow,"By firing poison arrow, you can have enemy posioned."
skill_1627,1627,Poison Arrow,1621,7,55,1,6,0,5,0,90,1,11,0,3,0,1,0,82,18,1,17,42,0,0,7.1,0,0,0,0,0,0,0,0,2,231,271,0,0,0,0,0,1401,16,0,0,0,0,0,0,0,0,123,95,100,97,100,1,271,148,67,0,1068,1067,LSkill1621,Poison Arrow,"By firing poison arrow, you can have enemy posioned."
skill_1628,1628,Poison Arrow,1621,8,60,1,6,0,5,0,150,1,11,0,3,0,1,0,84,19,1,17,44,0,0,7.3,0,0,0,0,0,0,0,0,2,231,271,0,0,0,0,0,1401,17,0,0,0,0,0,0,0,0,123,95,100,97,100,1,271,148,67,0,1068,1067,LSkill1621,Poison Arrow,"By firing poison arrow, you can have enemy posioned."
skill_1629,1629,Poison Arrow,1621,9,66,1,6,0,5,0,200,1,11,0,3,0,1,0,86,20,1,17,46,0,0,7.5,0,0,0,0,0,0,0,0,2,231,271,0,0,0,0,0,1401,18,0,0,0,0,0,0,0,0,123,95,100,97,100,1,271,148,67,0,1068,1067,LSkill1621,Poison Arrow,"By firing poison arrow, you can have enemy posioned."
skill_1630,1630,Poison Arrow,1621,10,72,1,6,0,5,0,300,1,11,0,3,0,1,0,90,21,1,17,50,0,0,7.7,0,0,0,0,0,0,0,0,2,231,271,0,0,0,0,0,1401,19,0,0,0,0,0,0,0,0,123,95,100,97,100,1,271,148,67,0,1068,1067,LSkill1621,Poison Arrow,"By firing poison arrow, you can have enemy posioned."
skill_1635,1635,heart heart heart tururu,1635,1,0,1,6,2000,5,0,1500,1,17,0,9,0,1,0,0,5,1,17,50,0,0,99.9,0,24,0,100,0,0,0,0,2,0,0,0,0,0,0,0,0,0,0,0,0,0,0,0,0,0,132,111,200,33,100,3,277,0,67,0,0,1067,LSkill1635,,
skill_1641,1641,Flame Hawk,1641,1,30,1,6,2600,5,0,200,1,58,0,3,0,1,0,90,10,2,17,55,0,0,17.9,0,0,0,0,0,0,0,0,2,0,0,0,0,0,43,0,1461,10,1601,5,0,0,31,70,0,0,134,111,100,216,100,1,278,148,67,0,1031,1067,LSkill1641,Flame Hawk,You can damage enemy in the distance by calling spirit of hawk.
skill_1642,1642,Flame Hawk,1641,2,35,1,6,2750,5,0,220,1,58,0,3,0,1,0,90,12,2,17,59,0,0,18.3,0,0,0,0,0,0,0,0,2,0,0,0,0,0,0,0,1461,11,0,0,0,0,0,0,0,0,134,111,100,216,100,1,278,148,67,0,1031,1067,LSkill1641,Flame Hawk,You can damage enemy in the distance by calling spirit of hawk.
skill_1643,1643,Flame Hawk,1641,3,41,1,6,2900,5,0,240,1,58,0,3,0,1,0,90,14,2,17,63,0,0,18.7,0,0,0,0,0,0,0,0,2,0,0,0,0,0,0,0,1461,12,0,0,0,0,0,0,0,0,134,111,100,216,100,1,278,148,67,0,1031,1067,LSkill1641,Flame Hawk,You can damage enemy in the distance by calling spirit of hawk.
skill_1644,1644,Flame Hawk,1641,4,48,1,6,3050,5,0,260,1,58,0,3,0,1,0,90,16,2,17,67,0,0,19.1,0,0,0,0,0,0,0,0,2,0,0,0,0,0,0,0,1461,13,0,0,0,0,0,0,0,0,134,111,100,216,100,1,278,148,67,0,1031,1067,LSkill1641,Flame Hawk,You can damage enemy in the distance by calling spirit of hawk.
skill_1645,1645,Flame Hawk,1641,5,56,1,6,3200,5,0,280,1,58,0,3,0,1,0,90,18,2,17,71,0,0,19.5,0,0,0,0,0,0,0,0,2,0,0,0,0,0,0,0,1461,14,0,0,0,0,0,0,0,0,134,111,100,216,100,1,278,148,67,0,1031,1067,LSkill1641,Flame Hawk,You can damage enemy in the distance by calling spirit of hawk.
skill_1646,1646,Flame Hawk,1641,6,65,1,6,3350,5,0,300,1,58,0,3,0,1,0,90,20,2,17,75,0,0,19.9,0,0,0,0,0,0,0,0,2,0,0,0,0,0,0,0,1461,15,0,0,0,0,0,0,0,0,134,111,100,216,100,1,278,148,67,0,1031,1067,LSkill1641,Flame Hawk,You can damage enemy in the distance by calling spirit of hawk.
skill_1647,1647,Flame Hawk,1641,7,75,1,6,3500,5,0,320,1,58,0,3,0,1,0,90,22,2,17,80,0,0,20.3,0,0,0,0,0,0,0,0,2,0,0,0,0,0,0,0,1461,16,0,0,0,0,0,0,0,0,134,111,100,216,100,1,278,148,67,0,1031,1067,LSkill1641,Flame Hawk,You can damage enemy in the distance by calling spirit of hawk.
skill_1648,1648,Flame Hawk,1641,8,87,1,6,3650,5,0,340,1,58,0,3,0,1,0,90,24,2,17,85,0,0,20.7,0,0,0,0,0,0,0,0,2,0,0,0,0,0,0,0,1461,17,0,0,0,0,0,0,0,0,134,111,100,216,100,1,278,148,67,0,1031,1067,LSkill1641,Flame Hawk,You can damage enemy in the distance by calling spirit of hawk.
skill_1649,1649,Flame Hawk,1641,9,100,1,6,3800,5,0,365,1,58,0,3,0,1,0,90,26,2,17,90,0,0,21.1,0,0,0,0,0,0,0,0,2,0,0,0,0,0,0,0,1461,18,0,0,0,0,0,0,0,0,134,111,100,216,100,1,278,148,67,0,1031,1067,LSkill1641,Flame Hawk,You can damage enemy in the distance by calling spirit of hawk.
skill_1650,1650,Flame Hawk,1641,10,115,1,6,4000,5,0,400,1,58,0,3,0,1,0,90,28,2,17,100,0,0,21.5,0,0,0,0,0,0,0,0,2,0,0,0,0,0,0,0,1461,20,0,0,0,0,0,0,0,0,134,111,100,216,100,1,278,148,67,0,1031,1067,LSkill1641,Flame Hawk,You can damage enemy in the distance by calling spirit of hawk.
skill_1651,1651,Flame Hawk,1641,11,125,1,6,4000,5,0,450,1,58,0,3,0,1,0,90,28,2,17,100,0,0,21.5,0,0,0,0,0,0,0,0,2,0,0,0,0,0,0,0,1461,20,0,0,0,0,0,0,0,0,134,111,100,216,100,1,278,148,67,0,1031,1067,LSkill1641,Flame Hawk,You can damage enemy in the distance by calling spirit of hawk.
skill_1652,1652,Flame Hawk,1641,12,130,1,6,3800,5,0,500,1,58,0,3,0,1,0,90,26,2,17,90,0,0,21.1,0,0,0,0,0,0,0,0,2,0,0,0,0,0,0,0,1461,18,0,0,0,0,0,0,0,0,134,111,100,216,100,1,278,148,67,0,1031,1067,LSkill1641,Flame Hawk,You can damage enemy in the distance by calling spirit of hawk.
skill_1653,1653,Flame Hawk,1641,13,135,1,6,3650,5,0,600,1,58,0,3,0,1,0,90,24,2,17,85,0,0,20.7,0,0,0,0,0,0,0,0,2,0,0,0,0,0,0,0,1461,17,0,0,0,0,0,0,0,0,134,111,100,216,100,1,278,148,67,0,1031,1067,LSkill1641,Flame Hawk,You can damage enemy in the distance by calling spirit of hawk.
skill_1654,1654,Flame Hawk,1641,14,140,1,6,3500,5,0,700,1,58,0,3,0,1,0,90,22,2,17,80,0,0,20.3,0,0,0,0,0,0,0,0,2,0,0,0,0,0,0,0,1461,16,0,0,0,0,0,0,0,0,134,111,100,216,100,1,278,148,67,0,1031,1067,LSkill1641,Flame Hawk,You can damage enemy in the distance by calling spirit of hawk.
skill_1655,1655,Flame Hawk,1641,15,145,1,6,3350,5,0,800,1,58,0,3,0,1,0,90,20,2,17,75,0,0,19.9,0,0,0,0,0,0,0,0,2,0,0,0,0,0,0,0,1461,15,0,0,0,0,0,0,0,0,134,111,100,216,100,1,278,148,67,0,1031,1067,LSkill1641,Flame Hawk,You can damage enemy in the distance by calling spirit of hawk.
skill_1671,1671,Detecting,1671,1,30,1,12,0,5,1000,0,0,55,0,33,0,1,0,0,2,0,17,30,0,0,5.9,0,0,0,0,0,0,0,0,2,0,0,0,0,0,66,0,1441,5,0,0,0,0,0,0,0,0,120,112,100,151,100,0,221,90,0,0,1752,1501,LSkill1671,Detecting,You can detect cloaked enemy
skill_1672,1672,Detecting,1671,2,30,1,12,0,5,2000,0,0,55,0,33,0,1,0,0,2,0,17,40,0,0,4.9,0,0,0,0,0,0,0,0,2,0,0,0,0,0,0,0,1441,6,0,0,0,0,0,0,0,0,120,112,100,151,100,0,221,90,0,0,1752,1501,LSkill1671,Detecting,You can detect cloaked enemy
skill_1673,1673,Detecting,1671,3,30,1,12,0,5,5000,0,0,55,0,33,0,1,0,0,2,0,17,50,0,0,9.9,0,0,0,0,0,0,0,0,2,0,0,0,0,0,0,0,1441,7,0,0,0,0,0,0,0,0,120,112,100,151,100,0,221,90,0,0,1752,1501,LSkill1671,Detecting,You can detect cloaked enemy
skill_1681,1681,Speed Shot,1681,1,15,1,8,0,0,0,0,0,16,0,8,0,0,0,0,80,0,17,30,0,0,109.9,0,24,30,0,0,0,0,0,2,231,271,0,0,0,43,0,1401,8,0,0,0,0,0,0,0,0,119,114,100,153,100,1,0,0,0,0,1754,0,LSkill1681,Speed Shot,You can raise attack speed temporarily when you use bow or bowgun
skill_1682,1682,Speed Shot,1681,2,18,1,8,0,0,0,0,0,16,0,8,0,0,0,0,82,0,17,32,0,0,111.7,0,24,34,0,0,0,0,0,2,231,271,0,0,0,0,0,1401,9,0,0,0,0,0,0,0,0,119,114,100,153,100,1,0,0,0,0,1754,0,LSkill1681,Speed Shot,You can raise attack speed temporarily when you use bow or bowgun
skill_1683,1683,Speed Shot,1681,3,22,1,8,0,0,0,0,0,16,0,8,0,0,0,0,84,0,17,34,0,0,113.5,0,24,38,0,0,0,0,0,2,231,271,0,0,0,0,0,1401,10,0,0,0,0,0,0,0,0,119,114,100,153,100,1,0,0,0,0,1754,0,LSkill1681,Speed Shot,You can raise attack speed temporarily when you use bow or bowgun
skill_1684,1684,Speed Shot,1681,4,27,1,8,0,0,0,0,0,16,0,8,0,0,0,0,86,0,17,36,0,0,115.3,0,24,42,0,0,0,0,0,2,231,271,0,0,0,0,0,1401,11,0,0,0,0,0,0,0,0,119,114,100,153,100,1,0,0,0,0,1754,0,LSkill1681,Speed Shot,You can raise attack speed temporarily when you use bow or bowgun
skill_1685,1685,Speed Shot,1681,5,32,1,8,0,0,0,0,0,16,0,8,0,0,0,0,88,0,17,38,0,0,117.1,0,24,46,0,0,0,0,0,2,231,271,0,0,0,0,0,1401,12,0,0,0,0,0,0,0,0,119,114,100,153,100,1,0,0,0,0,1754,0,LSkill1681,Speed Shot,You can raise attack speed temporarily when you use bow or bowgun
skill_1686,1686,Speed Shot,1681,6,39,1,8,0,0,0,0,0,16,0,8,0,0,0,0,90,0,17,40,0,0,118.9,0,24,50,0,0,0,0,0,2,231,271,0,0,0,0,0,1401,13,0,0,0,0,0,0,0,0,119,114,100,153,100,1,0,0,0,0,1754,0,LSkill1681,Speed Shot,You can raise attack speed temporarily when you use bow or bowgun
skill_1687,1687,Speed Shot,1681,7,47,1,8,0,0,0,0,0,16,0,8,0,0,0,0,92,0,17,42,0,0,120.7,0,24,54,0,0,0,0,0,2,231,271,0,0,0,0,0,1401,14,0,0,0,0,0,0,0,0,119,114,100,153,100,1,0,0,0,0,1754,0,LSkill1681,Speed Shot,You can raise attack speed temporarily when you use bow or bowgun
skill_1688,1688,Speed Shot,1681,8,56,1,8,0,0,0,0,0,16,0,8,0,0,0,0,94,0,17,44,0,0,122.5,0,24,58,0,0,0,0,0,2,231,271,0,0,0,0,0,1401,15,0,0,0,0,0,0,0,0,119,114,100,153,100,1,0,0,0,0,1754,0,LSkill1681,Speed Shot,You can raise attack speed temporarily when you use bow or bowgun
skill_1689,1689,Speed Shot,1681,9,67,1,8,0,0,0,0,0,16,0,8,0,0,0,0,96,0,17,46,0,0,124.3,0,24,62,0,0,0,0,0,2,231,271,0,0,0,0,0,1401,16,0,0,0,0,0,0,0,0,119,114,100,153,100,1,0,0,0,0,1754,0,LSkill1681,Speed Shot,You can raise attack speed temporarily when you use bow or bowgun
skill_1690,1690,Speed Shot,1681,10,80,1,8,0,0,0,0,0,16,0,8,0,0,0,0,100,0,17,50,0,0,126.1,0,24,66,0,0,0,0,0,2,231,271,0,0,0,0,0,1401,17,0,0,0,0,0,0,0,0,119,114,100,153,100,1,0,0,0,0,1754,0,LSkill1681,Speed Shot,You can raise attack speed temporarily when you use bow or bowgun
skill_1691,1691,Sharpen Arrow,1691,1,25,1,8,0,0,0,0,0,18,0,10,0,0,0,0,50,0,17,30,0,0,79.9,0,18,26,0,0,0,0,0,2,231,271,0,0,0,66,0,1401,10,1681,5,0,0,0,0,0,0,217,114,100,153,100,1,0,0,0,0,1754,0,LSkill1691,Sharpen Arrow,You can have temporarily increased attack power when you wear bow or bowgun.
skill_1692,1692,Sharpen Arrow,1691,2,28,1,8,0,0,0,0,0,18,0,10,0,0,0,0,52,0,17,32,0,0,81.3,0,18,30,0,0,0,0,0,2,231,271,0,0,0,0,0,1401,11,0,0,0,0,0,0,0,0,217,114,100,153,100,1,0,0,0,0,1754,0,LSkill1691,Sharpen Arrow,You can have temporarily increased attack power when you wear bow or bowgun.
skill_1693,1693,Sharpen Arrow,1691,3,31,1,8,0,0,0,0,0,18,0,10,0,0,0,0,54,0,17,34,0,0,82.7,0,18,34,0,0,0,0,0,2,231,271,0,0,0,0,0,1401,12,0,0,0,0,0,0,0,0,217,114,100,153,100,1,0,0,0,0,1754,0,LSkill1691,Sharpen Arrow,You can have temporarily increased attack power when you wear bow or bowgun.
skill_1694,1694,Sharpen Arrow,1691,4,34,1,8,0,0,0,0,0,18,0,10,0,0,0,0,56,0,17,36,0,0,84.1,0,18,38,0,0,0,0,0,2,231,271,0,0,0,0,0,1401,13,0,0,0,0,0,0,0,0,217,114,100,153,100,1,0,0,0,0,1754,0,LSkill1691,Sharpen Arrow,You can have temporarily increased attack power when you wear bow or bowgun.
skill_1695,1695,Sharpen Arrow,1691,5,38,1,8,0,0,0,0,0,18,0,10,0,0,0,0,58,0,17,38,0,0,85.5,0,18,42,0,0,0,0,0,2,231,271,0,0,0,0,0,1401,14,0,0,0,0,0,0,0,0,217,114,100,153,100,1,0,0,0,0,1754,0,LSkill1691,Sharpen Arrow,You can have temporarily increased attack power when you wear bow or bowgun.
skill_1696,1696,Sharpen Arrow,1691,6,42,1,8,0,0,0,0,0,18,0,10,0,0,0,0,60,0,17,40,0,0,86.9,0,18,46,0,0,0,0,0,2,231,271,0,0,0,0,0,1401,15,0,0,0,0,0,0,0,0,217,114,100,153,100,1,0,0,0,0,1754,0,LSkill1691,Sharpen Arrow,You can have temporarily increased attack power when you wear bow or bowgun.
skill_1697,1697,Sharpen Arrow,1691,7,46,1,8,0,0,0,0,0,18,0,10,0,0,0,0,62,0,17,42,0,0,88.3,0,18,50,0,0,0,0,0,2,231,271,0,0,0,0,0,1401,16,0,0,0,0,0,0,0,0,217,114,100,153,100,1,0,0,0,0,1754,0,LSkill1691,Sharpen Arrow,You can have temporarily increased attack power when you wear bow or bowgun.
skill_1698,1698,Sharpen Arrow,1691,8,51,1,8,0,0,0,0,0,18,0,10,0,0,0,0,64,0,17,44,0,0,89.7,0,18,54,0,0,0,0,0,2,231,271,0,0,0,0,0,1401,17,0,0,0,0,0,0,0,0,217,114,100,153,100,1,0,0,0,0,1754,0,LSkill1691,Sharpen Arrow,You can have temporarily increased attack power when you wear bow or bowgun.
skill_1699,1699,Sharpen Arrow,1691,9,56,1,8,0,0,0,0,0,18,0,10,0,0,0,0,66,0,17,46,0,0,91.1,0,18,58,0,0,0,0,0,2,231,271,0,0,0,0,0,1401,18,0,0,0,0,0,0,0,0,217,114,100,153,100,1,0,0,0,0,1754,0,LSkill1691,Sharpen Arrow,You can have temporarily increased attack power when you wear bow or bowgun.
skill_1700,1700,Sharpen Arrow,1691,10,61,1,8,0,0,0,0,0,18,0,10,0,0,0,0,70,0,17,50,0,0,92.5,0,18,63,0,0,0,0,0,2,231,271,0,0,0,0,0,1401,19,0,0,0,0,0,0,0,0,217,114,100,153,100,1,0,0,0,0,1754,0,LSkill1691,Sharpen Arrow,You can have temporarily increased attack power when you wear bow or bowgun.
skill_1701,1701,Hawk Shot,1701,1,35,1,6,3600,5,0,100,1,0,0,0,0,0,0,0,0,1,17,40,0,0,9.1,0,0,0,0,0,0,0,0,2,231,271,0,0,0,66,0,1401,10,1481,10,0,0,0,0,0,0,121,213,100,215,100,0,271,148,67,0,1068,1067,LSkill1701,Hawk Shot,You can attack enemy in distance by increasing maximun distance of targeting rate of the bow.
skill_1702,1702,Hawk Shot,1701,2,41,1,6,3650,5,0,120,1,0,0,0,0,0,0,0,0,1,17,45,0,0,9.7,0,0,0,0,0,0,0,0,2,231,271,0,0,0,0,0,1401,11,0,0,0,0,0,0,0,0,121,213,100,215,100,0,271,148,67,0,1068,1067,LSkill1701,Hawk Shot,You can attack enemy in distance by increasing maximun distance of targeting rate of the bow.
skill_1703,1703,Hawk Shot,1701,3,48,1,6,3700,5,0,140,1,0,0,0,0,0,0,0,0,1,17,50,0,0,10.3,0,0,0,0,0,0,0,0,2,231,271,0,0,0,0,0,1401,12,0,0,0,0,0,0,0,0,121,213,100,215,100,0,271,148,67,0,1068,1067,LSkill1701,Hawk Shot,You can attack enemy in distance by increasing maximun distance of targeting rate of the bow.
skill_1704,1704,Hawk Shot,1701,4,56,1,6,3750,5,0,160,1,0,0,0,0,0,0,0,0,1,17,55,0,0,10.9,0,0,0,0,0,0,0,0,2,231,271,0,0,0,0,0,1401,13,0,0,0,0,0,0,0,0,121,213,100,215,100,0,271,148,67,0,1068,1067,LSkill1701,Hawk Shot,You can attack enemy in distance by increasing maximun distance of targeting rate of the bow.
skill_1705,1705,Hawk Shot,1701,5,65,1,6,3800,5,0,180,1,0,0,0,0,0,0,0,0,1,17,60,0,0,11.5,0,0,0,0,0,0,0,0,2,231,271,0,0,0,0,0,1401,14,0,0,0,0,0,0,0,0,121,213,100,215,100,0,271,148,67,0,1068,1067,LSkill1701,Hawk Shot,You can attack enemy in distance by increasing maximun distance of targeting rate of the bow.
skill_1706,1706,Eagle Shot,1701,6,75,1,6,3820,5,0,200,1,32,0,24,0,1,0,30,6,1,17,70,0,0,12.9,0,0,0,0,0,0,0,0,2,231,271,0,0,0,0,0,1401,15,0,0,0,0,0,0,0,0,121,213,100,215,100,0,271,148,67,0,1068,1067,LSkill1706,Eagle Shot,You can attack enemy in the long distance and make him insensible
skill_1707,1707,Eagle Shot,1701,7,87,1,6,3840,5,0,220,1,32,0,24,0,1,0,34,7,1,17,75,0,0,13.5,0,0,0,0,0,0,0,0,2,231,271,0,0,0,0,0,1401,16,0,0,0,0,0,0,0,0,121,213,100,215,100,0,271,148,67,0,1068,1067,LSkill1706,Eagle Shot,You can attack enemy in the long distance and make him insensible
skill_1708,1708,Eagle Shot,1701,8,100,1,6,3860,5,0,260,1,32,0,24,0,1,0,50,8,1,17,80,0,0,14.1,0,0,0,0,0,0,0,0,2,231,271,0,0,0,0,0,1401,17,0,0,0,0,0,0,0,0,121,213,100,215,100,0,271,148,67,0,1068,1067,LSkill1706,Eagle Shot,You can attack enemy in the long distance and make him insensible
skill_1709,1709,Eagle Shot,1701,9,115,1,6,3880,5,0,360,1,32,0,24,0,1,0,60,9,1,17,85,0,0,14.7,0,0,0,0,0,0,0,0,2,231,271,0,0,0,0,0,1401,18,0,0,0,0,0,0,0,0,121,213,100,215,100,0,271,148,67,0,1068,1067,LSkill1706,Eagle Shot,You can attack enemy in the long distance and make him insensible
skill_1710,1710,Eagle Shot,1701,10,132,1,6,4000,5,0,400,1,32,0,24,0,1,0,75,12,1,17,90,0,0,15.3,0,0,0,0,0,0,0,0,2,231,271,0,0,0,0,0,1401,20,0,0,0,0,0,0,0,0,121,213,100,215,100,0,271,148,67,0,2687,43,LSkill1706,Eagle Shot,You can attack enemy in the long distance and make him insensible
skill_1711,1711,Calling Hawk,1711,1,30,1,14,0,0,0,0,0,0,0,0,0,0,0,0,0,0,17,155,0,0,5.9,0,0,0,0,0,0,0,881,2,0,0,0,0,0,66,0,1441,5,0,0,0,0,0,0,0,0,133,118,100,155,100,1,221,90,0,0,0,0,LSkill1711,Calling Hawk,You call a well tamed hawk
skill_1712,1712,Calling Hawk,1711,2,34,1,14,0,0,0,0,0,0,0,0,0,0,0,0,0,0,17,160,0,0,6.3,0,0,0,0,0,0,0,882,2,0,0,0,0,0,0,0,0,0,0,0,0,0,0,0,0,0,133,118,100,155,100,1,221,90,0,0,0,0,LSkill1711,Calling Hawk,You call a well tamed hawk
skill_1713,1713,Calling Hawk,1711,3,38,1,14,0,0,0,0,0,0,0,0,0,0,0,0,0,0,17,165,0,0,6.7,0,0,0,0,0,0,0,883,2,0,0,0,0,0,0,0,1441,6,0,0,0,0,0,0,0,0,133,118,100,155,100,1,221,90,0,0,0,0,LSkill1711,Calling Hawk,You call a well tamed hawk
skill_1714,1714,Calling Hawk,1711,4,43,1,14,0,0,0,0,0,0,0,0,0,0,0,0,0,0,17,170,0,0,7.1,0,0,0,0,0,0,0,884,2,0,0,0,0,0,0,0,0,0,0,0,0,0,0,0,0,0,133,118,100,155,100,1,221,90,0,0,0,0,LSkill1711,Calling Hawk,You call a well tamed hawk
skill_1715,1715,Calling Hawk,1711,5,48,1,14,0,0,0,0,0,0,0,0,0,0,0,0,0,0,17,175,0,0,7.5,0,0,0,0,0,0,0,885,2,0,0,0,0,0,0,0,1441,7,0,0,0,0,0,0,0,0,133,118,100,155,100,1,221,90,0,0,0,0,LSkill1711,Calling Hawk,You call a well tamed hawk
skill_1716,1716,Calling Hawk,1711,6,54,1,14,0,0,0,0,0,0,0,0,0,0,0,0,0,0,17,180,0,0,7.9,0,0,0,0,0,0,0,886,2,0,0,0,0,0,0,0,0,0,0,0,0,0,0,0,0,0,133,118,100,155,100,1,221,90,0,0,0,0,LSkill1711,Calling Hawk,You call a well tamed hawk
skill_1717,1717,Calling Hawk,1711,7,60,1,14,0,0,0,0,0,0,0,0,0,0,0,0,0,0,17,185,0,0,8.3,0,0,0,0,0,0,0,887,2,0,0,0,0,0,0,0,1441,8,0,0,0,0,0,0,0,0,133,118,100,155,100,1,221,90,0,0,0,0,LSkill1711,Calling Hawk,You call a well tamed hawk
skill_1718,1718,Calling Hawk,1711,8,67,1,14,0,0,0,0,0,0,0,0,0,0,0,0,0,0,17,190,0,0,8.7,0,0,0,0,0,0,0,888,2,0,0,0,0,0,0,0,0,0,0,0,0,0,0,0,0,0,133,118,100,155,100,1,221,90,0,0,0,0,LSkill1711,Calling Hawk,You call a well tamed hawk
skill_1719,1719,Calling Hawk,1711,9,75,1,14,0,0,0,0,0,0,0,0,0,0,0,0,0,0,17,195,0,0,9.1,0,0,0,0,0,0,0,889,2,0,0,0,0,0,0,0,1441,9,0,0,0,0,0,0,0,0,133,118,100,155,100,1,221,90,0,0,0,0,LSkill1711,Calling Hawk,You call a well tamed hawk
skill_1720,1720,Calling Hawk,1711,10,84,1,14,0,0,0,0,0,0,0,0,0,0,0,0,0,0,17,200,0,0,9.5,0,0,0,0,0,0,0,890,2,0,0,0,0,0,0,0,0,0,0,0,0,0,0,0,0,0,133,118,100,155,100,1,221,90,0,0,0,0,LSkill1711,Calling Hawk,You call a well tamed hawk
skill_1721,1721,Vanish,1721,1,20,1,13,2000,4,0,0,0,31,0,23,0,1,0,80,16,0,17,20,0,0,5.9,0,0,0,0,0,0,0,0,0,0,0,0,0,0,43,0,1461,9,0,0,0,0,0,0,0,0,122,113,100,152,100,1,221,90,175,0,1753,1501,LSkill1721,Vanish,You threat monsters and have them run away.
skill_1722,1722,Vanish,1721,2,24,1,13,2050,4,0,0,0,31,0,23,0,1,0,85,18,0,17,22,0,0,5.5,0,0,0,0,0,0,0,0,0,0,0,0,0,0,0,0,1461,10,0,0,0,0,0,0,0,0,122,113,100,152,100,1,221,90,175,0,1753,1501,LSkill1721,Vanish,You threat monsters and have them run away.
skill_1723,1723,Vanish,1721,3,29,1,13,2100,4,0,0,0,31,0,23,0,1,0,90,20,0,17,24,0,0,5.1,0,0,0,0,0,0,0,0,0,0,0,0,0,0,0,0,1461,11,0,0,0,0,0,0,0,0,122,113,100,152,100,1,221,90,175,0,1753,1501,LSkill1721,Vanish,You threat monsters and have them run away.
skill_1724,1724,Vanish,1721,4,35,1,13,2150,4,0,0,0,31,0,23,0,1,0,92,22,0,17,26,0,0,4.7,0,0,0,0,0,0,0,0,0,0,0,0,0,0,0,0,1461,12,0,0,0,0,0,0,0,0,122,113,100,152,100,1,221,90,175,0,1753,1501,LSkill1721,Vanish,You threat monsters and have them run away.
skill_1725,1725,Vanish,1721,5,42,1,13,2200,4,0,0,0,31,0,23,0,1,0,94,24,0,17,28,0,0,4.3,0,0,0,0,0,0,0,0,0,0,0,0,0,0,0,0,1461,13,0,0,0,0,0,0,0,0,122,113,100,152,100,1,221,90,175,0,1753,1501,LSkill1721,Vanish,You threat monsters and have them run away.
skill_1726,1726,Vanish,1721,6,50,1,13,2250,4,600,0,0,31,0,23,0,1,0,96,26,0,17,30,0,0,6.9,0,0,0,0,0,0,0,0,0,0,0,0,0,0,66,0,1461,14,0,0,0,0,0,0,0,0,122,113,100,152,100,1,221,90,175,0,1753,1501,LSkill1721,Vanish,You threat monsters and have them run away.
skill_1727,1727,Vanish,1721,7,59,1,13,2300,4,600,0,0,31,0,23,0,1,0,98,28,0,17,32,0,0,6.5,0,0,0,0,0,0,0,0,0,0,0,0,0,0,0,0,1461,15,0,0,0,0,0,0,0,0,122,113,100,152,100,1,221,90,175,0,1753,1501,LSkill1721,Vanish,You threat monsters and have them run away.
skill_1728,1728,Vanish,1721,8,69,1,13,2350,4,600,0,0,31,0,23,0,1,0,98,30,0,17,34,0,0,6.1,0,0,0,0,0,0,0,0,0,0,0,0,0,0,0,0,1461,16,0,0,0,0,0,0,0,0,122,113,100,152,100,1,221,90,175,0,1753,1501,LSkill1721,Vanish,You threat monsters and have them run away.
skill_1729,1729,Vanish,1721,9,81,1,13,2400,4,600,0,0,31,0,23,0,1,0,98,32,0,17,36,0,0,5.7,0,0,0,0,0,0,0,0,0,0,0,0,0,0,0,0,1461,17,0,0,0,0,0,0,0,0,122,113,100,152,100,1,221,90,175,0,1753,1501,LSkill1721,Vanish,You threat monsters and have them run away.
skill_1730,1730,Vanish,1721,10,95,1,13,2500,4,700,0,0,31,0,23,0,1,0,98,34,0,17,40,0,0,5.3,0,0,0,0,0,0,0,0,0,0,0,0,0,0,0,0,1461,18,0,0,0,0,0,0,0,0,122,113,100,152,100,1,221,90,175,0,1753,1501,LSkill1721,Vanish,You threat monsters and have them run away.
skill_1731,1731,Point Blank,1731,1,35,1,6,300,5,0,100,1,0,0,0,0,0,0,0,0,1,17,40,0,0,59.9,0,0,0,0,0,0,0,0,2,231,271,0,0,0,66,0,1401,10,0,0,0,0,31,200,0,0,381,213,50,215,120,0,271,148,67,0,52,1067,LSkill1731,Point Blank,Shot an arrow straight through the enemy on a short distance.
skill_1732,1732,Point Blank,1731,2,45,1,6,300,5,0,150,1,0,0,0,0,0,0,0,0,1,17,45,0,0,59.9,0,0,0,0,0,0,0,0,2,231,271,0,0,0,66,0,1401,10,0,0,0,0,31,202,0,0,381,213,50,215,120,0,271,148,67,0,52,1067,LSkill1731,Point Blank,Shot an arrow straight through the enemy on a short distance.
skill_1733,1733,Point Blank,1731,3,55,1,6,300,5,0,200,1,0,0,0,0,0,0,0,0,1,17,50,0,0,59.9,0,0,0,0,0,0,0,0,2,231,271,0,0,0,66,0,1401,10,0,0,0,0,31,204,0,0,381,213,50,215,120,0,271,148,67,0,52,1067,LSkill1731,Point Blank,Shot an arrow straight through the enemy on a short distance.
skill_1734,1734,Point Blank,1731,4,65,1,6,300,5,0,250,1,0,0,0,0,0,0,0,0,1,17,55,0,0,59.9,0,0,0,0,0,0,0,0,2,231,271,0,0,0,66,0,1401,10,0,0,0,0,31,206,0,0,381,213,50,215,120,0,271,148,67,0,52,1067,LSkill1731,Point Blank,Shot an arrow straight through the enemy on a short distance.
skill_1735,1735,Point Blank,1731,5,75,1,6,300,5,0,300,1,0,0,0,0,0,0,0,0,1,17,60,0,0,59.9,0,0,0,0,0,0,0,0,2,231,271,0,0,0,66,0,1401,10,0,0,0,0,31,208,0,0,381,213,50,215,120,0,271,148,67,0,52,1067,LSkill1731,Point Blank,Shot an arrow straight through the enemy on a short distance.
skill_1736,1736,Point Blank,1731,6,85,1,6,300,5,0,350,1,0,0,0,0,0,0,0,0,1,17,65,0,0,59.9,0,0,0,0,0,0,0,0,2,231,271,0,0,0,66,0,1401,10,0,0,0,0,31,210,0,0,381,213,50,215,120,0,271,148,67,0,52,1067,LSkill1731,Point Blank,Shot an arrow straight through the enemy on a short distance.
skill_1737,1737,Point Blank,1731,7,95,1,6,300,5,0,400,1,0,0,0,0,0,0,0,0,1,17,70,0,0,59.9,0,0,0,0,0,0,0,0,2,231,271,0,0,0,66,0,1401,10,0,0,0,0,31,212,0,0,381,213,50,215,120,0,271,148,67,0,52,1067,LSkill1731,Point Blank,Shot an arrow straight through the enemy on a short distance.
skill_1738,1738,Point Blank,1731,8,105,1,6,300,5,0,430,1,0,0,0,0,0,0,0,0,1,17,75,0,0,59.9,0,0,0,0,0,0,0,0,2,231,271,0,0,0,66,0,1401,10,0,0,0,0,31,215,0,0,381,213,50,215,120,0,271,148,67,0,52,1067,LSkill1731,Point Blank,Shot an arrow straight through the enemy on a short distance.
skill_1739,1739,Point Blank,1731,9,120,1,6,300,5,0,460,1,0,0,0,0,0,0,0,0,1,17,80,0,0,59.9,0,0,0,0,0,0,0,0,2,231,271,0,0,0,66,0,1401,10,0,0,0,0,31,218,0,0,381,213,50,215,120,0,271,148,67,0,52,1067,LSkill1731,Point Blank,Shot an arrow straight through the enemy on a short distance.
skill_1740,1740,Point Blank,1731,10,150,1,6,300,5,0,500,1,0,0,0,0,0,0,0,0,1,17,90,0,0,59.9,0,0,0,0,0,0,0,0,2,231,271,0,0,0,66,0,1401,10,0,0,0,0,31,220,0,0,381,213,50,215,120,0,271,148,67,0,52,1067,LSkill1731,Point Blank,Shot an arrow straight through the enemy on a short distance.
skill_1742,1742,Prism Knife,1742,1,54,1,6,1600,5,0,330,1,31,0,23,0,1,0,90,2,1,17,70,0,0,18.9,4,0,0,0,0,0,0,0,2,251,252,0,0,0,65,0,0,0,0,0,0,0,31,200,0,0,277,116,100,211,100,0,276,145,1563,0,0,1040,LSkill1742,Prism Knife,"Throw a knife crafted of pure diamond at your enemy, causing them to sleep."
skill_1743,1743,Prism Knife,1742,2,56,1,6,1600,5,0,335,1,31,0,23,0,1,0,90,2,1,17,70,0,0,17.9,4,0,0,0,0,0,0,0,2,251,252,0,0,0,65,0,0,0,0,0,0,0,31,202,0,0,277,116,100,211,100,0,276,145,1563,0,0,1040,LSkill1742,Prism Knife,"Throw a knife crafted of pure diamond at your enemy, causing them to sleep."
skill_1744,1744,Prism Knife,1742,3,58,1,6,1600,5,0,340,1,31,0,23,0,1,0,90,3,1,17,70,0,0,16.9,4,0,0,0,0,0,0,0,2,251,252,0,0,0,65,0,0,0,0,0,0,0,31,204,0,0,277,116,100,211,100,0,276,145,1563,0,0,1040,LSkill1742,Prism Knife,"Throw a knife crafted of pure diamond at your enemy, causing them to sleep."
skill_1745,1745,Prism Knife,1742,4,60,1,6,1600,5,0,345,1,31,0,23,0,1,0,90,3,1,17,70,0,0,15.9,4,0,0,0,0,0,0,0,2,251,252,0,0,0,65,0,0,0,0,0,0,0,31,206,0,0,277,116,100,211,100,0,276,145,1563,0,0,1040,LSkill1742,Prism Knife,"Throw a knife crafted of pure diamond at your enemy, causing them to sleep."
skill_1746,1746,Prism Knife,1742,5,62,1,6,1600,5,0,370,1,31,0,23,0,1,0,0,3,1,17,70,0,0,14.9,4,0,0,0,0,0,0,0,2,251,252,0,0,0,65,0,0,0,0,0,0,0,31,208,0,0,277,116,100,211,100,0,276,145,1563,0,0,1304,LSkill1742,Prism Knife,"Throw a knife crafted of pure diamond at your enemy, causing them to sleep."
skill_1748,1748,Cloaking,1748,1,30,1,12,0,0,0,0,0,34,17,26,9,0,1,0,11,0,17,65,0,0,39.9,2,0,0,0,24,0,30,0,0,251,252,0,0,0,65,0,0,0,0,0,0,0,31,200,0,0,278,114,100,153,100,1,0,0,0,0,1754,0,LSkill1748,Cloaking,You can become invisible while you attack for a very limited period of time.
skill_1749,1749,Cloaking,1748,2,32,1,12,0,0,0,0,0,34,17,26,9,0,1,0,12,0,17,75,0,0,39.9,2,0,0,0,24,0,30,0,0,251,252,0,0,0,65,0,0,0,0,0,0,0,31,202,0,0,278,114,100,153,100,1,0,0,0,0,1754,0,LSkill1748,Cloaking,You can become invisible while you attack for a very limited period of time.
skill_1750,1750,Cloaking,1748,3,34,1,12,0,0,0,0,0,34,17,26,9,0,1,0,13,0,17,85,0,0,39.9,2,0,0,0,24,0,30,0,0,251,252,0,0,0,65,0,0,0,0,0,0,0,31,204,0,0,278,114,100,153,100,1,0,0,0,0,1754,0,LSkill1748,Cloaking,You can become invisible while you attack for a very limited period of time.
skill_1751,1751,Cloaking,1748,4,36,1,12,0,0,0,0,0,34,17,26,9,0,1,0,14,0,17,95,0,0,39.9,2,0,0,0,24,0,30,0,0,251,252,0,0,0,65,0,0,0,0,0,0,0,31,206,0,0,278,114,100,153,100,1,0,0,0,0,1754,0,LSkill1748,Cloaking,You can become invisible while you attack for a very limited period of time.
skill_1752,1752,Cloaking,1748,5,38,1,12,0,0,0,0,0,34,17,26,9,0,1,0,15,0,17,105,0,0,39.9,2,0,0,0,24,0,30,0,0,251,252,0,0,0,65,0,0,0,0,0,0,0,31,208,0,0,278,114,100,153,100,1,0,0,0,0,1381,0,LSkill1748,Cloaking,You can become invisible while you attack for a very limited period of time.
skill_1754,1754,Cyclone Kick,1754,1,45,1,17,0,5,650,200,1,0,0,0,0,0,0,0,0,1,17,80,0,0,19.3,0,0,0,0,0,0,0,0,2,0,0,0,0,0,65,0,0,0,0,0,0,0,31,200,0,0,288,115,100,212,100,1,0,0,1222,0,0,1121,LSkill1754,Cyclone Kick,Call upon a tornado to damage surrounding enemies.
skill_1755,1755,Cyclone Kick,1754,2,55,1,17,0,5,660,210,1,0,0,0,0,0,0,0,0,1,17,72,0,0,18.7,0,0,0,0,0,0,0,0,2,0,0,0,0,0,65,0,0,0,0,0,0,0,31,202,0,0,288,115,100,212,100,1,0,0,1222,0,0,1121,LSkill1754,Cyclone Kick,Call upon a tornado to damage surrounding enemies.
skill_1756,1756,Cyclone Kick,1754,3,67,1,17,0,5,670,220,1,0,0,0,0,0,0,0,0,1,17,68,0,0,18.1,0,0,0,0,0,0,0,0,2,0,0,0,0,0,65,0,0,0,0,0,0,0,31,204,0,0,288,115,100,212,100,1,0,0,1222,0,0,1121,LSkill1754,Cyclone Kick,Call upon a tornado to damage surrounding enemies.
skill_1757,1757,Cyclone Kick,1754,4,81,1,17,0,5,680,230,1,0,0,0,0,0,0,0,0,1,17,64,0,0,17.5,0,0,0,0,0,0,0,0,2,0,0,0,0,0,65,0,0,0,0,0,0,0,31,206,0,0,288,115,100,212,100,1,0,0,1222,0,0,1121,LSkill1754,Cyclone Kick,Call upon a tornado to damage surrounding enemies.
skill_1758,1758,Cyclone Kick,1754,5,98,1,17,0,5,690,240,1,0,0,0,0,0,0,0,0,1,17,60,0,0,16.9,0,0,0,0,0,0,0,0,2,0,0,0,0,0,65,0,0,0,0,0,0,0,31,208,0,0,288,115,100,212,100,1,0,0,1222,0,0,1902,LSkill1754,Cyclone Kick,Call upon a tornado to damage surrounding enemies.
skill_1760,1760,Aftershock,1760,1,40,1,6,400,5,400,600,0,21,29,13,21,1,1,25,18,2,17,65,0,0,11.7,0,22,0,30,19,0,30,0,2,0,0,0,0,0,65,0,0,0,0,0,0,0,31,200,0,0,279,101,100,103,100,1,252,90,67,0,1605,1122,LSkill1760,Aftershock,Release all of your energy all at once onto your enemy.
skill_1761,1761,Aftershock,1760,2,42,1,6,400,5,550,650,0,21,29,13,21,1,1,30,19,2,17,60,0,0,11.5,0,22,0,31,19,0,31,0,2,0,0,0,0,0,65,0,0,0,0,0,0,0,31,202,0,0,279,101,100,103,100,1,252,90,67,0,1605,1122,LSkill1760,Aftershock,Release all of your energy all at once onto your enemy.
skill_1762,1762,Aftershock,1760,3,44,1,6,400,5,650,700,0,21,29,13,21,1,1,35,20,2,17,57,0,0,11.3,0,22,0,32,19,0,32,0,2,0,0,0,0,0,65,0,0,0,0,0,0,0,31,204,0,0,279,101,100,103,100,1,252,90,67,0,1605,1122,LSkill1760,Aftershock,Release all of your energy all at once onto your enemy.
skill_1763,1763,Aftershock,1760,4,46,1,6,400,5,750,750,0,21,29,13,21,1,1,40,21,2,17,54,0,0,11.1,0,22,0,33,19,0,33,0,2,0,0,0,0,0,65,0,0,0,0,0,0,0,31,206,0,0,279,101,100,103,100,1,252,90,67,0,1605,1122,LSkill1760,Aftershock,Release all of your energy all at once onto your enemy.
skill_1764,1764,AFTERCHOCK,1760,5,50,1,6,400,5,850,800,1,21,29,13,21,1,1,45,22,2,17,51,0,0,10.9,0,22,0,35,19,0,35,0,2,0,0,0,0,0,0,0,0,0,0,0,0,0,31,208,0,0,279,111,156,47,120,1,221,148,1256,0,36,22,LSkill1760,Aftershock,Release all of your energy all at once onto your enemy.
skill_1766,1766,Sphere of Hysteria,1766,1,52,1,17,0,5,2000,0,1,27,25,19,17,1,1,50,10,0,17,45,0,0,29.9,9,26,0,26,20,0,26,0,0,0,0,0,0,0,66,0,0,0,0,0,0,0,31,200,0,0,280,112,100,151,100,0,221,90,0,0,1752,1501,LSkill1766,Sphere of Hysteria,"Form a sphere of energy and release it onto surrounding enemies, causing their hitting and critical rates to decrease."
skill_1767,1767,Sphere of Hysteria,1766,2,54,1,17,0,5,2000,0,1,27,25,19,17,1,1,60,12,0,17,45,0,0,29.9,9,26,0,27,20,0,27,0,0,0,0,0,0,0,66,0,0,0,0,0,0,0,31,202,0,0,280,112,100,151,100,0,221,90,0,0,1752,1501,LSkill1766,Sphere of Hysteria,"Form a sphere of energy and release it onto surrounding enemies, causing their hitting and critical rates to decrease."
skill_1768,1768,Sphere of Hysteria,1766,3,56,1,17,0,5,2000,0,1,27,25,19,17,1,1,70,14,0,17,45,0,0,29.9,9,26,0,28,20,0,28,0,0,0,0,0,0,0,66,0,0,0,0,0,0,0,31,204,0,0,280,112,100,151,100,0,221,90,0,0,1752,1501,LSkill1766,Sphere of Hysteria,"Form a sphere of energy and release it onto surrounding enemies, causing their hitting and critical rates to decrease."
skill_1769,1769,Sphere of Hysteria,1766,4,58,1,17,0,5,2000,0,1,27,25,19,17,1,1,80,16,0,17,45,0,0,29.9,9,26,0,29,20,0,29,0,0,0,0,0,0,0,66,0,0,0,0,0,0,0,31,206,0,0,280,112,100,151,100,0,221,90,0,0,1752,1501,LSkill1766,Sphere of Hysteria,"Form a sphere of energy and release it onto surrounding enemies, causing their hitting and critical rates to decrease."
skill_1770,1770,Sphere of Hysteria,1766,5,60,1,17,0,5,2000,0,1,27,25,19,17,1,1,95,20,0,17,45,0,0,29.9,9,26,0,30,20,0,30,0,0,0,0,0,0,0,66,0,0,0,0,0,0,0,31,208,0,0,280,112,100,151,100,0,221,90,0,0,1752,1501,LSkill1766,Sphere of Hysteria,"Form a sphere of energy and release it onto surrounding enemies, causing their hitting and critical rates to decrease."
skill_1772,1772,Arrow Shower,1772,1,75,1,7,3820,5,400,600,1,0,0,0,0,0,0,50,0,1,17,70,0,0,11.7,0,0,0,0,0,0,0,0,2,231,271,0,0,0,66,0,0,0,0,0,0,0,31,200,0,0,282,213,100,215,100,0,288,148,1122,0,1068,243,LSkill1772,Arrow Shower,Fire a quiver of arrows into the air to rain down upon surrounding enemies.
skill_1773,1773,Arrow Shower,1772,2,87,1,7,3840,5,550,700,1,0,0,0,0,0,0,55,0,1,17,75,0,0,11.5,0,0,0,0,0,0,0,0,2,231,271,0,0,0,66,0,0,0,0,0,0,0,31,202,0,0,282,213,100,215,100,0,288,148,1122,0,1068,243,LSkill1772,Arrow Shower,Fire a quiver of arrows into the air to rain down upon surrounding enemies.
skill_1774,1774,Arrow Shower,1772,3,100,1,7,3860,5,650,800,1,0,0,0,0,0,0,60,0,1,17,80,0,0,11.3,0,0,0,0,0,0,0,0,2,231,271,0,0,0,66,0,0,0,0,0,0,0,31,204,0,0,282,213,100,215,100,0,288,148,1122,0,1068,243,LSkill1772,Arrow Shower,Fire a quiver of arrows into the air to rain down upon surrounding enemies.
skill_1775,1775,Arrow Shower,1772,4,115,1,7,3880,5,750,900,1,0,0,0,0,0,0,65,0,1,17,85,0,0,11.1,0,0,0,0,0,0,0,0,2,231,271,0,0,0,66,0,0,0,0,0,0,0,31,206,0,0,282,213,100,215,100,0,288,148,1122,0,1068,243,LSkill1772,Arrow Shower,Fire a quiver of arrows into the air to rain down upon surrounding enemies.
skill_1776,1776,Arrow Shower,1772,5,132,1,7,4000,5,850,1000,1,0,0,0,0,0,0,70,0,1,17,90,0,0,10.9,0,0,0,0,0,0,0,0,2,231,271,0,0,0,66,0,0,0,0,0,0,0,31,208,0,0,282,213,100,215,100,0,288,148,1122,0,1068,1391,LSkill1772,Arrow Shower,Fire a quiver of arrows into the air to rain down upon surrounding enemies.
skill_1778,1778,Scout Shot,1778,1,40,1,6,6000,5,0,350,1,31,0,23,0,1,0,0,3,2,17,70,0,0,29.9,0,0,0,0,0,0,0,0,2,231,271,0,0,0,66,0,0,0,0,0,0,0,31,200,0,0,281,213,50,215,200,0,271,148,67,0,2007,1599,LSkill1778,Scout Shot,Fire an arrow from long distance enchanted with electricity at your enemy.
skill_1779,1779,Scout Shot,1778,2,60,1,6,6000,5,0,400,1,31,0,23,0,1,0,0,3,2,17,80,0,0,29.9,0,0,0,0,0,0,0,0,2,231,271,0,0,0,66,0,0,0,0,0,0,0,31,200,0,0,281,213,50,215,200,0,271,148,67,0,2007,1599,LSkill1778,Scout Shot,Fire an arrow from long distance enchanted with electricity at your enemy.
skill_1780,1780,Scout Shot,1778,3,70,1,6,6000,5,0,500,1,31,0,23,0,1,0,0,3,2,17,90,0,0,29.9,0,0,0,0,0,0,0,0,2,231,271,0,0,0,66,0,0,0,0,0,0,0,31,200,0,0,281,213,50,215,200,0,271,148,67,0,2007,1599,LSkill1778,Scout Shot,Fire an arrow from long distance enchanted with electricity at your enemy.
skill_1781,1781,Scout Shot,1778,4,80,1,6,6000,5,0,600,1,31,0,23,0,1,0,0,3,2,17,100,0,0,29.9,0,0,0,0,0,0,0,0,2,231,271,0,0,0,66,0,0,0,0,0,0,0,31,200,0,0,281,213,50,215,200,0,271,148,67,0,2007,1599,LSkill1778,Scout Shot,Fire an arrow from long distance enchanted with electricity at your enemy.
skill_1782,1782,Scout Shot,1778,5,100,1,6,6000,5,0,700,1,31,0,23,0,1,0,0,3,2,17,120,0,0,29.9,0,0,0,0,0,0,0,0,2,231,271,0,0,0,0,0,0,0,0,0,0,0,0,0,0,0,281,213,50,215,200,0,271,148,67,0,2007,1599,LSkill1778,Scout Shot,Fire an arrow from long distance enchanted with electricity at your enemy.
skill_1784,1784,Shadow Assault,1784,1,60,1,3,0,5,0,400,1,32,0,24,0,1,0,8,3,1,17,20,0,0,19.9,0,0,0,0,0,0,0,0,1,251,252,0,0,0,65,0,0,0,0,0,0,0,31,220,0,0,287,111,100,98,100,1,0,0,1249,0,9,9,LSkill1784,Shadow Assault,Assault your enemy with the power of shadow.
skill_1785,1785,Shadow Assault,1784,2,70,1,3,0,5,0,500,1,32,0,24,0,1,0,9,3,1,17,22,0,0,20.3,0,0,0,0,0,0,0,0,1,251,252,0,0,0,0,0,0,0,0,0,0,0,31,222,0,0,287,111,100,98,100,1,0,0,1249,0,9,9,LSkill1784,Shadow Assault,Assault your enemy with the power of shadow.
skill_1786,1786,Shadow Assault,1784,3,80,1,3,0,5,0,600,1,32,0,24,0,1,0,10,3,1,17,24,0,0,20.7,0,0,0,0,0,0,0,0,1,251,252,0,0,0,0,0,0,0,0,0,0,0,31,224,0,0,287,111,100,98,100,1,0,0,1249,0,9,9,LSkill1784,Shadow Assault,Assault your enemy with the power of shadow.
skill_1787,1787,Shadow Assault,1784,4,90,1,3,0,5,0,800,1,32,0,24,0,1,0,11,3,1,17,26,0,0,21.1,0,0,0,0,0,0,0,0,1,251,252,0,0,0,0,0,0,0,0,0,0,0,31,226,0,0,287,111,100,98,100,1,0,0,1249,0,9,9,LSkill1784,Shadow Assault,Assault your enemy with the power of shadow.
skill_1788,1788,Shadow Assault,1784,5,100,1,3,0,5,0,1000,1,32,0,24,0,1,0,12,3,1,17,30,0,0,21.5,0,0,0,0,0,0,0,0,1,251,252,0,0,0,0,0,0,0,0,0,0,0,31,228,0,0,287,111,100,98,100,1,0,0,1249,0,9,9,LSkill1784,Shadow Assault,Assault your enemy with the power of shadow.
skill_1790,1790,Shadow Arrow,1790,1,60,1,6,3350,5,0,200,1,23,0,15,0,1,0,50,10,2,17,70,0,0,19.9,0,21,0,26,0,0,0,0,2,231,271,0,0,0,66,0,0,0,0,0,0,0,31,220,0,0,289,111,100,216,100,1,271,148,1227,0,9,9,LSkill1790,Shadow Arrow,Fire an arrow enchanted with the power of shadow.
skill_1791,1791,Shadow Arrow,1790,2,70,1,6,3500,5,0,400,1,23,0,15,0,1,0,60,13,2,17,75,0,0,20.3,0,21,0,27,0,0,0,0,2,231,271,0,0,0,0,0,0,0,0,0,0,0,31,222,0,0,289,111,100,216,100,1,271,148,1227,0,9,9,LSkill1790,Shadow Arrow,Fire an arrow enchanted with the power of shadow.
skill_1792,1792,Shadow Arrow,1790,3,80,1,6,3650,5,0,600,1,23,0,15,0,1,0,70,16,2,17,80,0,0,20.7,0,21,0,28,0,0,0,0,2,231,271,0,0,0,0,0,0,0,0,0,0,0,31,224,0,0,289,111,100,216,100,1,271,148,1227,0,9,9,LSkill1790,Shadow Arrow,Fire an arrow enchanted with the power of shadow.
skill_1793,1793,Shadow Arrow,1790,4,90,1,6,3800,5,0,800,1,23,0,15,0,1,0,80,19,2,17,85,0,0,21.1,0,21,0,29,0,0,0,0,2,231,271,0,0,0,0,0,0,0,0,0,0,0,31,226,0,0,289,111,100,216,100,1,271,148,1227,0,9,9,LSkill1790,Shadow Arrow,Fire an arrow enchanted with the power of shadow.
skill_1794,1794,Shadow Arrow,1790,5,100,1,6,4000,5,0,1000,1,23,0,15,0,1,0,90,22,2,17,90,0,0,21.5,0,21,0,30,0,0,0,0,2,231,271,0,0,0,0,0,0,0,0,0,0,0,31,228,0,0,289,101,100,154,100,1,271,148,1255,0,9,9,LSkill1790,Shadow Arrow,Fire an arrow enchanted with the power of shadow.
skill_1805,1805,AFTERIMAGE,1805,1,20,1,3,0,5,0,400,1,25,0,17,0,1,0,60,20,1,17,123,0,0,29.9,0,18,0,9,0,0,0,0,2,251,252,0,0,0,65,0,0,0,0,0,0,0,31,236,0,0,293,111,100,218,100,1,0,0,137,0,1031,1834,LSkill6210,Afterimage,Enables you to storm into the enemy and attack it at lightnig speed.
skill_1806,1806,AFTERIMAGE,1805,2,40,1,3,0,5,0,500,1,25,0,17,0,1,0,60,20,1,17,123,0,0,29.9,0,18,0,9,0,0,0,0,2,251,252,0,0,0,65,0,0,0,0,0,0,0,31,236,0,0,293,111,100,218,100,1,0,0,137,0,1031,1834,LSkill6210,Afterimage,Enables you to storm into the enemy and attack it at lightnig speed.
skill_1807,1807,AFTERIMAGE,1805,3,50,1,3,0,5,0,700,1,25,0,17,0,1,0,60,20,1,17,123,0,0,29.9,0,18,0,9,0,0,0,0,2,251,252,0,0,0,65,0,0,0,0,0,0,0,31,236,0,0,293,111,100,218,100,1,0,0,137,0,1031,1834,LSkill6210,Afterimage,Enables you to storm into the enemy and attack it at lightnig speed.
skill_1808,1808,AFTERIMAGE,1805,4,90,1,3,0,5,0,800,1,25,0,17,0,1,0,60,20,1,17,123,0,0,29.9,0,18,0,9,0,0,0,0,2,251,252,0,0,0,65,0,0,0,0,0,0,0,31,236,0,0,293,111,100,218,100,1,0,0,137,0,1031,1834,LSkill6210,Afterimage,Enables you to storm into the enemy and attack it at lightnig speed.
skill_1809,1809,AFTERIMAGE,1805,5,100,1,3,0,5,0,900,1,25,0,17,0,1,0,60,20,1,17,123,0,0,29.9,0,18,0,9,0,0,0,0,2,251,252,0,0,0,65,0,0,0,0,0,0,0,31,236,0,0,293,111,100,218,100,1,0,0,137,0,1031,1834,LSkill6210,Afterimage,Enables you to storm into the enemy and attack it at lightnig speed.
skill_1811,1811,Pressure,1811,1,60,1,17,0,5,1100,280,1,56,0,34,0,1,0,0,6,2,16,95,0,0,18.9,0,0,0,0,0,0,0,0,2,231,271,0,0,0,66,0,0,0,0,0,0,0,31,230,0,0,294,114,100,153,100,1,0,0,1266,0,2006,2006,LSkill6211,Pressure,Release your mana to provoke enemies around you and draw their attention toward you.
skill_1812,1812,Pressure,1811,2,70,1,17,0,5,1120,320,1,56,0,34,0,1,0,0,6,2,16,100,0,0,19.9,0,0,0,0,0,0,0,0,2,231,271,0,0,0,66,0,0,0,0,0,0,0,31,232,0,0,294,114,100,153,100,1,0,0,1266,0,2006,2006,LSkill6211,Pressure,Release your mana to provoke enemies around you and draw their attention toward you.
skill_1813,1813,Pressure,1811,3,80,1,17,0,5,1140,450,1,56,0,34,0,1,0,0,6,2,16,110,0,0,20.9,0,0,0,0,0,0,0,0,2,231,271,0,0,0,66,0,0,0,0,0,0,0,31,234,0,0,294,114,100,153,100,1,0,0,1266,0,2006,2006,LSkill6211,Pressure,Release your mana to provoke enemies around you and draw their attention toward you.
skill_1814,1814,Pressure,1811,4,90,1,17,0,5,1160,500,1,56,0,34,0,1,0,0,6,2,16,130,0,0,21.9,0,0,0,0,0,0,0,0,2,231,271,0,0,0,66,0,0,0,0,0,0,0,31,236,0,0,294,114,100,153,100,1,0,0,1266,0,2006,2006,LSkill6211,Pressure,Release your mana to provoke enemies around you and draw their attention toward you.
skill_1815,1815,Pressure,1811,5,100,1,17,0,5,1200,650,1,56,0,34,0,1,0,0,6,2,16,150,0,0,22.9,0,0,0,0,0,0,0,0,2,231,271,0,0,0,66,0,0,0,0,0,0,0,31,238,0,0,294,114,100,153,100,1,0,0,1266,0,2006,2006,LSkill6211,Pressure,Release your mana to provoke enemies around you and draw their attention toward you.
skill_1831,1831,Mana Blood,1831,1,20,1,10,0,0,0,0,0,0,0,0,0,0,0,0,0,0,16,100,0,0,23.9,0,17,100,0,0,0,0,0,0,0,0,0,0,0,65,0,1461,11,0,0,0,0,0,0,0,0,126,114,100,153,100,1,0,0,0,0,1754,0,LSkill1831,Mana Blood,Regain MP by consuming HP.
skill_1832,1832,Mana Blood,1831,2,23,1,10,0,0,0,0,0,0,0,0,0,0,0,0,0,0,16,120,0,0,22.9,0,17,130,0,0,0,0,0,0,0,0,0,0,0,0,0,1461,12,0,0,0,0,0,0,0,0,126,114,100,153,100,1,0,0,0,0,1754,0,LSkill1831,Mana Blood,Regain MP by consuming HP.
skill_1833,1833,Mana Blood,1831,3,26,1,10,0,0,0,0,0,0,0,0,0,0,0,0,0,0,16,140,0,0,21.9,0,17,160,0,0,0,0,0,0,0,0,0,0,0,0,0,1461,13,0,0,0,0,0,0,0,0,126,114,100,153,100,1,0,0,0,0,1754,0,LSkill1831,Mana Blood,Regain MP by consuming HP.
skill_1834,1834,Mana Blood,1831,4,29,1,10,0,0,0,0,0,0,0,0,0,0,0,0,0,0,16,160,0,0,20.9,0,17,190,0,0,0,0,0,0,0,0,0,0,0,0,0,1461,14,0,0,0,0,0,0,0,0,126,114,100,153,100,1,0,0,0,0,1754,0,LSkill1831,Mana Blood,Regain MP by consuming HP.
skill_1835,1835,Mana Blood,1831,5,32,1,10,0,0,0,0,0,0,0,0,0,0,0,0,0,0,16,180,0,0,19.9,0,17,220,0,0,0,0,0,0,0,0,0,0,0,0,0,1461,15,0,0,0,0,0,0,0,0,126,114,100,153,100,1,0,0,0,0,1754,0,LSkill1831,Mana Blood,Regain MP by consuming HP.
skill_1836,1836,Mana Blood,1831,6,36,1,10,0,0,0,0,0,0,0,0,0,0,0,0,0,0,16,200,0,0,19.1,0,17,250,0,0,0,0,0,0,0,0,0,0,0,0,0,1461,16,0,0,0,0,0,0,0,0,126,114,100,153,100,1,0,0,0,0,1754,0,LSkill1831,Mana Blood,Regain MP by consuming HP.
skill_1837,1837,Mana Blood,1831,7,40,1,10,0,0,0,0,0,0,0,0,0,0,0,0,0,0,16,220,0,0,18.3,0,17,280,0,0,0,0,0,0,0,0,0,0,0,0,0,1461,17,0,0,0,0,0,0,0,0,126,114,100,153,100,1,0,0,0,0,1754,0,LSkill1831,Mana Blood,Regain MP by consuming HP.
skill_1838,1838,Mana Blood,1831,8,44,1,10,0,0,0,0,0,0,0,0,0,0,0,0,0,0,16,240,0,0,17.5,0,17,310,0,0,0,0,0,0,0,0,0,0,0,0,0,1461,18,0,0,0,0,0,0,0,0,126,114,100,153,100,1,0,0,0,0,1754,0,LSkill1831,Mana Blood,Regain MP by consuming HP.
skill_1839,1839,Mana Blood,1831,9,49,1,10,0,0,0,0,0,0,0,0,0,0,0,0,0,0,16,260,0,0,16.7,0,17,340,0,0,0,0,0,0,0,0,0,0,0,0,0,1461,19,0,0,0,0,0,0,0,0,126,114,100,153,100,1,0,0,0,0,1754,0,LSkill1831,Mana Blood,Regain MP by consuming HP.
skill_1840,1840,Mana Blood,1831,10,54,1,10,0,0,0,0,0,0,0,0,0,0,0,0,0,0,16,280,0,0,15.9,0,17,380,0,0,0,0,0,0,0,0,0,0,0,0,0,1461,20,0,0,0,0,0,0,0,0,126,114,100,153,100,1,0,0,0,0,1754,0,LSkill1831,Mana Blood,Regain MP by consuming HP.
skill_1841,1841,Stealth,1841,1,40,1,12,0,0,0,0,0,33,0,25,0,0,0,0,50,0,17,30,0,0,79.9,0,0,0,0,0,0,0,0,0,0,0,0,0,0,65,0,1831,1,0,0,0,0,0,0,0,0,131,114,100,153,100,1,0,0,0,0,1754,0,LSkill1841,Stealth,"You are not seen by others. But when you attack, your condition come back to normal"
skill_1842,1842,Stealth,1841,2,40,1,12,0,0,0,0,0,33,0,25,0,0,0,0,60,0,17,33,0,0,85.9,0,0,0,0,0,0,0,0,0,0,0,0,0,0,0,0,1831,2,0,0,0,0,0,0,0,0,131,114,100,153,100,1,0,0,0,0,1754,0,LSkill1841,Stealth,"You are not seen by others. But when you attack, your condition come back to normal"
skill_1843,1843,Stealth,1841,3,40,1,12,0,0,0,0,0,33,0,25,0,0,0,0,70,0,17,36,0,0,91.9,0,0,0,0,0,0,0,0,0,0,0,0,0,0,0,0,1831,3,0,0,0,0,0,0,0,0,131,114,100,153,100,1,0,0,0,0,1754,0,LSkill1841,Stealth,"You are not seen by others. But when you attack, your condition come back to normal"
skill_1844,1844,Stealth,1841,4,40,1,12,0,0,0,0,0,33,0,25,0,0,0,0,80,0,17,39,0,0,97.9,0,0,0,0,0,0,0,0,0,0,0,0,0,0,0,0,1831,4,0,0,0,0,0,0,0,0,131,114,100,153,100,1,0,0,0,0,1754,0,LSkill1841,Stealth,"You are not seen by others. But when you attack, your condition come back to normal"
skill_1845,1845,Stealth,1841,5,40,1,12,0,0,0,0,0,33,0,25,0,0,0,0,90,0,17,42,0,0,103.9,0,0,0,0,0,0,0,0,0,0,0,0,0,0,0,0,1831,5,0,0,0,0,0,0,0,0,131,114,100,153,100,1,0,0,0,0,1754,0,LSkill1841,Stealth,"You are not seen by others. But when you attack, your condition come back to normal"
skill_1851,1851,Poison Knife,1851,1,30,1,6,2500,5,0,120,1,9,0,3,0,1,0,50,12,2,17,50,0,0,9.9,0,0,0,0,0,0,0,0,2,0,0,0,0,0,65,0,1831,3,0,0,0,0,0,0,0,0,128,116,100,211,100,0,276,148,1563,0,0,1040,LSkill1851,Poison Knife,"By throwing poison knifes, you can damage your enemy much."
skill_1852,1852,Poison Knife,1851,2,33,1,6,2550,5,0,130,1,9,0,3,0,1,0,54,14,2,17,53,0,0,9.7,0,0,0,0,0,0,0,0,2,0,0,0,0,0,0,0,1831,4,0,0,0,0,0,0,0,0,128,116,100,211,100,0,276,148,1563,0,0,1040,LSkill1851,Poison Knife,"By throwing poison knifes, you can damage your enemy much."
skill_1853,1853,Poison Knife,1851,3,37,1,6,2600,5,0,140,1,9,0,3,0,1,0,58,16,2,17,56,0,0,9.5,0,0,0,0,0,0,0,0,2,0,0,0,0,0,0,0,1831,5,0,0,0,0,0,0,0,0,128,116,100,211,100,0,276,148,1563,0,0,1040,LSkill1851,Poison Knife,"By throwing poison knifes, you can damage your enemy much."
skill_1854,1854,Poison Knife,1851,4,41,1,6,2650,5,0,150,1,9,0,3,0,1,0,62,18,2,17,59,0,0,9.3,0,0,0,0,0,0,0,0,2,0,0,0,0,0,0,0,1831,6,0,0,0,0,0,0,0,0,128,116,100,211,100,0,276,148,1563,0,0,1040,LSkill1851,Poison Knife,"By throwing poison knifes, you can damage your enemy much."
skill_1855,1855,Poison Knife,1851,5,45,1,6,2700,5,0,160,1,9,0,3,0,1,0,66,20,2,17,62,0,0,9.1,0,0,0,0,0,0,0,0,2,0,0,0,0,0,0,0,1831,7,0,0,0,0,0,0,0,0,128,116,100,211,100,0,276,148,1563,0,0,1040,LSkill1851,Poison Knife,"By throwing poison knifes, you can damage your enemy much."
skill_1856,1856,Poison Knife,1851,6,50,1,6,2750,5,0,170,1,10,0,3,0,1,0,70,22,2,17,65,0,0,8.9,0,0,0,0,0,0,0,0,2,0,0,0,0,0,0,0,1831,8,0,0,0,0,0,0,0,0,128,116,100,211,100,0,276,148,1563,0,0,1040,LSkill1851,Poison Knife,"By throwing poison knifes, you can damage your enemy much."
skill_1857,1857,Poison Knife,1851,7,55,1,6,2800,5,0,180,1,10,0,3,0,1,0,74,24,2,17,68,0,0,8.7,0,0,0,0,0,0,0,0,2,0,0,0,0,0,0,0,1831,9,0,0,0,0,0,0,0,0,128,116,100,211,100,0,276,148,1563,0,0,1040,LSkill1851,Poison Knife,"By throwing poison knifes, you can damage your enemy much."
skill_1858,1858,Poison Knife,1851,8,60,1,6,2850,5,0,190,1,10,0,3,0,1,0,78,26,2,17,71,0,0,8.5,0,0,0,0,0,0,0,0,2,0,0,0,0,0,0,0,1831,10,0,0,0,0,0,0,0,0,128,116,100,211,100,0,276,148,1563,0,0,1040,LSkill1851,Poison Knife,"By throwing poison knifes, you can damage your enemy much."
skill_1859,1859,Poison Knife,1851,9,66,1,6,2900,5,0,200,1,10,0,3,0,1,0,82,28,2,17,74,0,0,8.3,0,0,0,0,0,0,0,0,2,0,0,0,0,0,0,0,0,0,0,0,0,0,0,0,0,0,128,116,100,211,100,0,276,148,1563,0,0,1040,LSkill1851,Poison Knife,"By throwing poison knifes, you can damage your enemy much."
skill_1860,1860,Poison Knife,1851,10,72,1,6,3000,5,0,220,1,10,0,3,0,1,0,90,30,2,17,80,0,0,8.1,0,0,0,0,0,0,0,0,2,0,0,0,0,0,0,0,0,0,0,0,0,0,0,0,0,0,128,116,100,211,100,0,276,148,1563,0,0,1040,LSkill1851,Poison Knife,"By throwing poison knifes, you can damage your enemy much."
skill_1861,1861,Red Cloud,1861,1,35,1,17,0,5,1400,70,1,29,0,21,0,1,0,46,16,1,17,70,0,0,15.9,0,22,0,30,0,0,0,0,0,0,0,0,0,0,65,0,1831,8,0,0,0,0,0,0,0,0,117,115,100,172,100,1,0,0,139,0,0,1121,LSkill1861,Red Cloud,"By making clouds, you decrease enemy's dodge rate"
skill_1862,1862,Red Cloud,1861,2,41,1,17,0,5,1400,80,1,29,0,21,0,1,0,48,18,1,17,75,0,0,16.3,0,22,0,31,0,0,0,0,0,0,0,0,0,0,0,0,1831,9,0,0,0,0,0,0,0,0,117,115,100,172,100,1,0,0,139,0,0,1121,LSkill1861,Red Cloud,"By making clouds, you decrease enemy's dodge rate"
skill_1863,1863,Red Cloud,1861,3,47,1,17,0,5,1400,90,1,29,0,21,0,1,0,50,20,1,17,80,0,0,16.7,0,22,0,32,0,0,0,0,0,0,0,0,0,0,0,0,1831,10,0,0,0,0,0,0,0,0,117,115,100,172,100,1,0,0,139,0,0,1121,LSkill1861,Red Cloud,"By making clouds, you decrease enemy's dodge rate"
skill_1864,1864,Red Cloud,1861,4,54,1,17,0,5,1400,100,1,29,0,21,0,1,0,52,22,1,17,85,0,0,17.1,0,22,0,33,0,0,0,0,0,0,0,0,0,0,0,0,0,0,0,0,0,0,0,0,0,0,117,115,100,172,100,1,0,0,139,0,0,1121,LSkill1861,Red Cloud,"By making clouds, you decrease enemy's dodge rate"
skill_1865,1865,Red Cloud,1861,5,62,1,17,0,5,1400,120,1,29,0,21,0,1,0,54,24,1,17,90,0,0,17.5,0,22,0,34,0,0,0,0,0,0,0,0,0,0,0,0,0,0,0,0,0,0,0,0,0,0,117,115,100,172,100,1,0,0,139,0,0,1121,LSkill1861,Red Cloud,"By making clouds, you decrease enemy's dodge rate"
skill_1866,1866,Red Cloud,1861,6,71,1,17,0,5,1400,140,1,29,0,21,0,1,0,56,26,1,17,95,0,0,17.9,0,22,0,35,0,0,0,0,0,0,0,0,0,0,0,0,0,0,0,0,0,0,0,0,0,0,117,115,100,172,100,1,0,0,139,0,0,1121,LSkill1861,Red Cloud,"By making clouds, you decrease enemy's dodge rate"
skill_1867,1867,Red Cloud,1861,7,81,1,17,0,5,1400,160,1,29,0,21,0,1,0,58,28,1,17,100,0,0,18.3,0,22,0,36,0,0,0,0,0,0,0,0,0,0,0,0,0,0,0,0,0,0,0,0,0,0,117,115,100,172,100,1,0,0,139,0,0,1121,LSkill1861,Red Cloud,"By making clouds, you decrease enemy's dodge rate"
skill_1868,1868,Red Cloud,1861,8,93,1,17,0,5,1400,180,1,29,0,21,0,1,0,94,50,1,17,105,0,0,18.7,0,22,0,37,0,0,0,0,0,0,0,0,0,0,0,0,0,0,0,0,0,0,0,0,0,0,117,115,100,172,100,1,0,0,139,0,0,1121,LSkill1861,Red Cloud,"By making clouds, you decrease enemy's dodge rate"
skill_1869,1869,Red Cloud,1861,9,106,1,17,0,5,1400,200,1,29,0,21,0,1,0,62,32,1,17,110,0,0,19.1,0,22,0,38,0,0,0,0,0,0,0,0,0,0,0,0,0,0,0,0,0,0,0,0,0,0,117,115,100,172,100,1,0,0,139,0,0,1121,LSkill1861,Red Cloud,"By making clouds, you decrease enemy's dodge rate"
skill_1870,1870,Red Cloud,1861,10,121,1,17,0,5,1400,220,1,29,0,21,0,1,0,80,40,1,17,120,0,0,19.5,0,22,0,40,0,0,0,0,0,0,0,0,0,0,0,0,0,0,0,0,0,0,0,0,0,0,117,115,100,172,100,1,0,0,139,0,0,1121,LSkill1861,Red Cloud,"By making clouds, you decrease enemy's dodge rate"
skill_1871,1871,Magickal Knife,1871,1,30,1,6,2500,5,0,80,1,23,0,15,0,1,0,80,12,2,17,30,0,0,9.9,0,21,20,12,0,0,0,0,2,0,0,0,0,0,65,0,1831,5,0,0,0,0,0,0,0,0,218,116,100,211,100,0,276,148,1563,0,0,1040,LSkill1871,Magical Knife,You can decrease target's magic resistance by throwing
skill_1872,1872,Magickal Knife,1871,2,33,1,6,2550,5,0,86,1,23,0,15,0,1,0,82,14,2,17,32,0,0,9.7,0,21,22,14,0,0,0,0,2,0,0,0,0,0,0,0,1831,6,0,0,0,0,0,0,0,0,218,116,100,211,100,0,276,148,1563,0,0,1040,LSkill1871,Magical Knife,You can decrease target's magic resistance by throwing
skill_1873,1873,Magickal Knife,1871,3,36,1,6,2600,5,0,92,1,23,0,15,0,1,0,84,16,2,17,34,0,0,9.5,0,21,24,16,0,0,0,0,2,0,0,0,0,0,0,0,1831,7,0,0,0,0,0,0,0,0,218,116,100,211,100,0,276,148,1563,0,0,1040,LSkill1871,Magical Knife,You can decrease target's magic resistance by throwing
skill_1874,1874,Magickal Knife,1871,4,40,1,6,2650,5,0,98,1,23,0,15,0,1,0,86,18,2,17,36,0,0,9.3,0,21,26,18,0,0,0,0,2,0,0,0,0,0,0,0,1831,8,0,0,0,0,0,0,0,0,218,116,100,211,100,0,276,148,1563,0,0,1040,LSkill1871,Magical Knife,You can decrease target's magic resistance by throwing
skill_1875,1875,Magickal Knife,1871,5,44,1,6,2700,5,0,104,1,23,0,15,0,1,0,88,20,2,17,38,0,0,9.1,0,21,28,20,0,0,0,0,2,0,0,0,0,0,0,0,1831,9,0,0,0,0,0,0,0,0,218,116,100,211,100,0,276,148,1563,0,0,1040,LSkill1871,Magical Knife,You can decrease target's magic resistance by throwing
skill_1876,1876,Magickal Knife,1871,6,48,1,6,2750,5,0,110,1,23,0,15,0,1,0,90,22,2,17,40,0,0,8.9,0,21,30,22,0,0,0,0,2,0,0,0,0,0,0,0,1831,10,0,0,0,0,0,0,0,0,218,116,100,211,100,0,276,148,1563,0,0,1040,LSkill1871,Magical Knife,You can decrease target's magic resistance by throwing
skill_1877,1877,Magickal Knife,1871,7,52,1,6,2800,5,0,116,1,23,0,15,0,1,0,92,24,2,17,42,0,0,8.7,0,21,32,24,0,0,0,0,2,0,0,0,0,0,0,0,0,0,0,0,0,0,0,0,0,0,218,116,100,211,100,0,276,148,1563,0,0,1040,LSkill1871,Magical Knife,You can decrease target's magic resistance by throwing
skill_1878,1878,Magickal Knife,1871,8,57,1,6,3100,5,0,122,1,23,0,15,0,1,0,98,26,2,17,44,0,0,8.5,0,21,48,40,0,0,0,0,2,0,0,0,0,0,0,0,0,0,0,0,0,0,0,0,0,0,218,116,100,211,100,0,276,148,1563,0,0,1040,LSkill1871,Magical Knife,You can decrease target's magic resistance by throwing
skill_1879,1879,Magickal Knife,1871,9,62,1,6,2900,5,0,128,1,23,0,15,0,1,0,96,32,2,17,46,0,0,8.3,0,21,36,28,0,0,0,0,2,0,0,0,0,0,0,0,0,0,0,0,0,0,0,0,0,0,218,116,100,211,100,0,276,148,1563,0,0,1040,LSkill1871,Magical Knife,You can decrease target's magic resistance by throwing
skill_1880,1880,Magickal Knife,1871,10,67,1,6,3000,5,0,140,1,23,0,15,0,1,0,98,40,2,17,50,0,0,8.1,0,21,40,30,0,0,0,0,2,0,0,0,0,0,0,0,0,0,0,0,0,0,0,0,0,0,218,116,100,211,100,0,276,148,1563,0,0,1040,LSkill1871,Magical Knife,You can decrease target's magic resistance by throwing
skill_2001,2001,Economy Research,2001,1,4,2,15,0,0,0,0,0,0,0,0,0,0,0,0,0,0,0,0,0,0,0.0,0,14,2,0,0,0,0,0,0,0,0,0,0,0,44,0,0,0,0,0,0,0,0,0,0,0,143,0,0,0,0,0,0,0,0,0,0,0,LSkill2001,Economy Research,Economic research. You can gain two points of charm
skill_2002,2002,Economy Research,2001,2,5,2,15,0,0,0,0,0,0,0,0,0,0,0,0,0,0,0,0,0,0,0.0,0,14,4,0,0,0,0,0,0,0,0,0,0,0,0,0,0,0,0,0,0,0,0,0,0,0,143,0,0,0,0,0,0,0,0,0,0,0,LSkill2001,Economy Research,Economic research. You can gain two points of charm
skill_2003,2003,Economy Research,2001,3,6,2,15,0,0,0,0,0,0,0,0,0,0,0,0,0,0,0,0,0,0,0.0,0,14,6,0,0,0,0,0,0,0,0,0,0,0,0,0,0,0,0,0,0,0,0,0,0,0,143,0,0,0,0,0,0,0,0,0,0,0,LSkill2001,Economy Research,Economic research. You can gain two points of charm
skill_2004,2004,Economy Research,2001,4,7,2,15,0,0,0,0,0,0,0,0,0,0,0,0,0,0,0,0,0,0,0.0,0,14,8,0,0,0,0,0,0,0,0,0,0,0,0,0,0,0,0,0,0,0,0,0,0,0,143,0,0,0,0,0,0,0,0,0,0,0,LSkill2001,Economy Research,Economic research. You can gain two points of charm
skill_2005,2005,Economy Research,2001,5,9,2,15,0,0,0,0,0,0,0,0,0,0,0,0,0,0,0,0,0,0,0.0,0,14,10,0,0,0,0,0,0,0,0,0,0,0,0,0,0,0,0,0,0,0,0,0,0,0,143,0,0,0,0,0,0,0,0,0,0,0,LSkill2001,Economy Research,Economic research. You can gain two points of charm
skill_2006,2006,Economy Research,2001,6,11,2,15,0,0,0,0,0,0,0,0,0,0,0,0,0,0,0,0,0,0,0.0,0,14,12,0,0,0,0,0,0,0,0,0,0,0,0,0,0,0,0,0,0,0,0,0,0,0,143,0,0,0,0,0,0,0,0,0,0,0,LSkill2001,Economy Research,Economic research. You can gain two points of charm
skill_2007,2007,Economy Research,2001,7,13,2,15,0,0,0,0,0,0,0,0,0,0,0,0,0,0,0,0,0,0,0.0,0,14,14,0,0,0,0,0,0,0,0,0,0,0,0,0,0,0,0,0,0,0,0,0,0,0,143,0,0,0,0,0,0,0,0,0,0,0,LSkill2001,Economy Research,Economic research. You can gain two points of charm
skill_2008,2008,Economy Research,2001,8,15,2,15,0,0,0,0,0,0,0,0,0,0,0,0,0,0,0,0,0,0,0.0,0,14,16,0,0,0,0,0,0,0,0,0,0,0,0,0,0,0,0,0,0,0,0,0,0,0,143,0,0,0,0,0,0,0,0,0,0,0,LSkill2001,Economy Research,Economic research. You can gain two points of charm
skill_2009,2009,Economy Research,2001,9,17,2,15,0,0,0,0,0,0,0,0,0,0,0,0,0,0,0,0,0,0,0.0,0,14,18,0,0,0,0,0,0,0,0,0,0,0,0,0,0,0,0,0,0,0,0,0,0,0,143,0,0,0,0,0,0,0,0,0,0,0,LSkill2001,Economy Research,Economic research. You can gain two points of charm
skill_2010,2010,Economy Research,2001,10,19,2,15,0,0,0,0,0,0,0,0,0,0,0,0,0,0,0,0,0,0,0.0,0,14,20,0,0,0,0,0,0,0,0,0,0,0,0,0,0,0,0,0,0,0,0,0,0,0,143,0,0,0,0,0,0,0,0,0,0,0,LSkill2001,Economy Research,Economic research. You can gain two points of charm
skill_2011,2011,Economy Research,2001,11,21,2,15,0,0,0,0,0,0,0,0,0,0,0,0,0,0,0,0,0,0,0.0,0,14,22,0,0,0,0,0,0,0,0,0,0,0,67,0,0,0,0,0,0,0,0,0,0,0,143,0,0,0,0,0,0,0,0,0,0,0,LSkill2001,Economy Research,Economic research. You can gain two points of charm
skill_2012,2012,Economy Research,2001,12,23,2,15,0,0,0,0,0,0,0,0,0,0,0,0,0,0,0,0,0,0,0.0,0,14,24,0,0,0,0,0,0,0,0,0,0,0,0,0,0,0,0,0,0,0,0,0,0,0,143,0,0,0,0,0,0,0,0,0,0,0,LSkill2001,Economy Research,Economic research. You can gain two points of charm
skill_2013,2013,Economy Research,2001,13,26,2,15,0,0,0,0,0,0,0,0,0,0,0,0,0,0,0,0,0,0,0.0,0,14,26,0,0,0,0,0,0,0,0,0,0,0,0,0,0,0,0,0,0,0,0,0,0,0,143,0,0,0,0,0,0,0,0,0,0,0,LSkill2001,Economy Research,Economic research. You can gain two points of charm
skill_2014,2014,Economy Research,2001,14,29,2,15,0,0,0,0,0,0,0,0,0,0,0,0,0,0,0,0,0,0,0.0,0,14,28,0,0,0,0,0,0,0,0,0,0,0,0,0,0,0,0,0,0,0,0,0,0,0,143,0,0,0,0,0,0,0,0,0,0,0,LSkill2001,Economy Research,Economic research. You can gain two points of charm
skill_2015,2015,Economy Research,2001,15,32,2,15,0,0,0,0,0,0,0,0,0,0,0,0,0,0,0,0,0,0,0.0,0,14,30,0,0,0,0,0,0,0,0,0,0,0,0,0,0,0,0,0,0,0,0,0,0,0,143,0,0,0,0,0,0,0,0,0,0,0,LSkill2001,Economy Research,Economic research. You can gain two points of charm
skill_2016,2016,Economy Research,2001,16,35,2,15,0,0,0,0,0,0,0,0,0,0,0,0,0,0,0,0,0,0,0.0,0,14,32,0,0,0,0,0,0,0,0,0,0,0,0,0,0,0,0,0,0,0,0,0,0,0,143,0,0,0,0,0,0,0,0,0,0,0,LSkill2001,Economy Research,Economic research. You can gain two points of charm
skill_2017,2017,Economy Research,2001,17,38,2,15,0,0,0,0,0,0,0,0,0,0,0,0,0,0,0,0,0,0,0.0,0,14,34,0,0,0,0,0,0,0,0,0,0,0,0,0,0,0,0,0,0,0,0,0,0,0,143,0,0,0,0,0,0,0,0,0,0,0,LSkill2001,Economy Research,Economic research. You can gain two points of charm
skill_2018,2018,Economy Research,2001,18,42,2,15,0,0,0,0,0,0,0,0,0,0,0,0,0,0,0,0,0,0,0.0,0,14,36,0,0,0,0,0,0,0,0,0,0,0,0,0,0,0,0,0,0,0,0,0,0,0,143,0,0,0,0,0,0,0,0,0,0,0,LSkill2001,Economy Research,Economic research. You can gain two points of charm
skill_2019,2019,Economy Research,2001,19,46,2,15,0,0,0,0,0,0,0,0,0,0,0,0,0,0,0,0,0,0,0.0,0,14,38,0,0,0,0,0,0,0,0,0,0,0,0,0,0,0,0,0,0,0,0,0,0,0,143,0,0,0,0,0,0,0,0,0,0,0,LSkill2001,Economy Research,Economic research. You can gain two points of charm
skill_2020,2020,Economy Research,2001,20,50,2,15,0,0,0,0,0,0,0,0,0,0,0,0,0,0,0,0,0,0,0.0,0,14,40,0,0,0,0,0,0,0,0,0,0,0,0,0,0,0,0,0,0,0,0,0,0,0,143,0,0,0,0,0,0,0,0,0,0,0,LSkill2001,Economy Research,Economic research. You can gain two points of charm
skill_2021,2021,Gunshot Mastery,2021,1,4,2,15,0,0,0,0,0,0,0,0,0,0,0,0,0,0,0,0,0,0,0.0,0,45,8,0,0,0,0,0,0,232,233,0,0,0,44,0,0,0,0,0,0,0,0,0,0,0,144,0,0,0,0,0,0,0,0,0,0,0,LSkill2021,Gunshot Mastery,"Mastery of Dealer's basic skill of gunshot. When you use gun or launcher, you can have your attack power increased."
skill_2022,2022,Gunshot Mastery,2021,2,5,2,15,0,0,0,0,0,0,0,0,0,0,0,0,0,0,0,0,0,0,0.0,0,45,11,0,0,0,0,0,0,232,233,0,0,0,0,0,0,0,0,0,0,0,0,0,0,0,144,0,0,0,0,0,0,0,0,0,0,0,LSkill2021,Gunshot Mastery,"Mastery of Dealer's basic skill of gunshot. When you use gun or launcher, you can have your attack power increased."
skill_2023,2023,Gunshot Mastery,2021,3,6,2,15,0,0,0,0,0,0,0,0,0,0,0,0,0,0,0,0,0,0,0.0,0,45,14,0,0,0,0,0,0,232,233,0,0,0,0,0,0,0,0,0,0,0,0,0,0,0,144,0,0,0,0,0,0,0,0,0,0,0,LSkill2021,Gunshot Mastery,"Mastery of Dealer's basic skill of gunshot. When you use gun or launcher, you can have your attack power increased."
skill_2024,2024,Gunshot Mastery,2021,4,7,2,15,0,0,0,0,0,0,0,0,0,0,0,0,0,0,0,0,0,0,0.0,0,45,17,0,0,0,0,0,0,232,233,0,0,0,0,0,0,0,0,0,0,0,0,0,0,0,144,0,0,0,0,0,0,0,0,0,0,0,LSkill2021,Gunshot Mastery,"Mastery of Dealer's basic skill of gunshot. When you use gun or launcher, you can have your attack power increased."
skill_2025,2025,Gunshot Mastery,2021,5,9,2,15,0,0,0,0,0,0,0,0,0,0,0,0,0,0,0,0,0,0,0.0,0,45,20,0,0,0,0,0,0,232,233,0,0,0,0,0,0,0,0,0,0,0,0,0,0,0,144,0,0,0,0,0,0,0,0,0,0,0,LSkill2021,Gunshot Mastery,"Mastery of Dealer's basic skill of gunshot. When you use gun or launcher, you can have your attack power increased."
skill_2026,2026,Gunshot Mastery,2021,6,11,2,15,0,0,0,0,0,0,0,0,0,0,0,0,0,0,0,0,0,0,0.0,0,45,23,0,0,0,0,0,0,232,233,0,0,0,0,0,0,0,0,0,0,0,0,0,0,0,144,0,0,0,0,0,0,0,0,0,0,0,LSkill2021,Gunshot Mastery,"Mastery of Dealer's basic skill of gunshot. When you use gun or launcher, you can have your attack power increased."
skill_2027,2027,Gunshot Mastery,2021,7,13,2,15,0,0,0,0,0,0,0,0,0,0,0,0,0,0,0,0,0,0,0.0,0,45,26,0,0,0,0,0,0,232,233,0,0,0,0,0,0,0,0,0,0,0,0,0,0,0,144,0,0,0,0,0,0,0,0,0,0,0,LSkill2021,Gunshot Mastery,"Mastery of Dealer's basic skill of gunshot. When you use gun or launcher, you can have your attack power increased."
skill_2028,2028,Gunshot Mastery,2021,8,15,2,15,0,0,0,0,0,0,0,0,0,0,0,0,0,0,0,0,0,0,0.0,0,45,29,0,0,0,0,0,0,232,233,0,0,0,0,0,0,0,0,0,0,0,0,0,0,0,144,0,0,0,0,0,0,0,0,0,0,0,LSkill2021,Gunshot Mastery,"Mastery of Dealer's basic skill of gunshot. When you use gun or launcher, you can have your attack power increased."
skill_2029,2029,Gunshot Mastery,2021,9,17,2,15,0,0,0,0,0,0,0,0,0,0,0,0,0,0,0,0,0,0,0.0,0,45,32,0,0,0,0,0,0,232,233,0,0,0,0,0,0,0,0,0,0,0,0,0,0,0,144,0,0,0,0,0,0,0,0,0,0,0,LSkill2021,Gunshot Mastery,"Mastery of Dealer's basic skill of gunshot. When you use gun or launcher, you can have your attack power increased."
skill_2030,2030,Gunshot Mastery,2021,10,19,2,15,0,0,0,0,0,0,0,0,0,0,0,0,0,0,0,0,0,0,0.0,0,45,35,0,0,0,0,0,0,232,233,0,0,0,0,0,0,0,0,0,0,0,0,0,0,0,144,0,0,0,0,0,0,0,0,0,0,0,LSkill2021,Gunshot Mastery,"Mastery of Dealer's basic skill of gunshot. When you use gun or launcher, you can have your attack power increased."
skill_2031,2031,Gunshot Mastery,2021,11,22,2,15,0,0,0,0,0,0,0,0,0,0,0,0,0,0,0,0,0,0,0.0,0,45,39,0,0,0,0,0,0,232,233,0,0,0,0,0,0,0,0,0,0,0,31,70,0,0,144,0,0,0,0,0,0,0,0,0,0,0,LSkill2021,Gunshot Mastery,"Mastery of Dealer's basic skill of gunshot. When you use gun or launcher, you can have your attack power increased."
skill_2032,2032,Gunshot Mastery,2021,12,25,2,15,0,0,0,0,0,0,0,0,0,0,0,0,0,0,0,0,0,0,0.0,0,45,43,0,0,0,0,0,0,232,233,0,0,0,0,0,0,0,0,0,0,0,0,0,0,0,144,0,0,0,0,0,0,0,0,0,0,0,LSkill2021,Gunshot Mastery,"Mastery of Dealer's basic skill of gunshot. When you use gun or launcher, you can have your attack power increased."
skill_2033,2033,Gunshot Mastery,2021,13,29,2,15,0,0,0,0,0,0,0,0,0,0,0,0,0,0,0,0,0,0,0.0,0,45,47,0,0,0,0,0,0,232,233,0,0,0,0,0,0,0,0,0,0,0,0,0,0,0,144,0,0,0,0,0,0,0,0,0,0,0,LSkill2021,Gunshot Mastery,"Mastery of Dealer's basic skill of gunshot. When you use gun or launcher, you can have your attack power increased."
skill_2034,2034,Gunshot Mastery,2021,14,33,2,15,0,0,0,0,0,0,0,0,0,0,0,0,0,0,0,0,0,0,0.0,0,45,51,0,0,0,0,0,0,232,233,0,0,0,0,0,0,0,0,0,0,0,0,0,0,0,144,0,0,0,0,0,0,0,0,0,0,0,LSkill2021,Gunshot Mastery,"Mastery of Dealer's basic skill of gunshot. When you use gun or launcher, you can have your attack power increased."
skill_2035,2035,Gunshot Mastery,2021,15,38,2,15,0,0,0,0,0,0,0,0,0,0,0,0,0,0,0,0,0,0,0.0,0,45,55,0,0,0,0,0,0,232,233,0,0,0,0,0,0,0,0,0,0,0,0,0,0,0,144,0,0,0,0,0,0,0,0,0,0,0,LSkill2021,Gunshot Mastery,"Mastery of Dealer's basic skill of gunshot. When you use gun or launcher, you can have your attack power increased."
skill_2036,2036,Gunshot Mastery,2021,16,43,2,15,0,0,0,0,0,0,0,0,0,0,0,0,0,0,0,0,0,0,0.0,0,45,59,0,0,0,0,0,0,232,233,0,0,0,0,0,0,0,0,0,0,0,0,0,0,0,144,0,0,0,0,0,0,0,0,0,0,0,LSkill2021,Gunshot Mastery,"Mastery of Dealer's basic skill of gunshot. When you use gun or launcher, you can have your attack power increased."
skill_2037,2037,Gunshot Mastery,2021,17,49,2,15,0,0,0,0,0,0,0,0,0,0,0,0,0,0,0,0,0,0,0.0,0,45,63,0,0,0,0,0,0,232,233,0,0,0,0,0,0,0,0,0,0,0,0,0,0,0,144,0,0,0,0,0,0,0,0,0,0,0,LSkill2021,Gunshot Mastery,"Mastery of Dealer's basic skill of gunshot. When you use gun or launcher, you can have your attack power increased."
skill_2038,2038,Gunshot Mastery,2021,18,55,2,15,0,0,0,0,0,0,0,0,0,0,0,0,0,0,0,0,0,0,0.0,0,45,67,0,0,0,0,0,0,232,233,0,0,0,0,0,0,0,0,0,0,0,0,0,0,0,144,0,0,0,0,0,0,0,0,0,0,0,LSkill2021,Gunshot Mastery,"Mastery of Dealer's basic skill of gunshot. When you use gun or launcher, you can have your attack power increased."
skill_2039,2039,Gunshot Mastery,2021,19,62,2,15,0,0,0,0,0,0,0,0,0,0,0,0,0,0,0,0,0,0,0.0,0,45,71,0,0,0,0,0,0,232,233,0,0,0,0,0,0,0,0,0,0,0,0,0,0,0,144,0,0,0,0,0,0,0,0,0,0,0,LSkill2021,Gunshot Mastery,"Mastery of Dealer's basic skill of gunshot. When you use gun or launcher, you can have your attack power increased."
skill_2040,2040,Gunshot Mastery,2021,20,70,2,15,0,0,0,0,0,0,0,0,0,0,0,0,0,0,0,0,0,0,0.0,0,45,75,0,0,0,0,0,0,232,233,0,0,0,0,0,0,0,0,0,0,0,0,0,0,0,144,0,0,0,0,0,0,0,0,0,0,0,LSkill2021,Gunshot Mastery,"Mastery of Dealer's basic skill of gunshot. When you use gun or launcher, you can have your attack power increased."
skill_2041,2041,Pack Mastery,2041,1,6,2,15,0,0,0,0,0,0,0,0,0,0,0,0,0,0,0,0,0,0,0.0,0,58,280,0,0,0,0,0,0,0,0,0,0,0,44,0,2001,2,0,0,0,0,0,0,0,0,169,0,0,0,0,0,0,0,0,0,0,0,LSkill2041,Pack Mastery,"When you bring pack, your available item gauge increases"
skill_2042,2042,Pack Mastery,2041,2,8,2,15,0,0,0,0,0,0,0,0,0,0,0,0,0,0,0,0,0,0,0.0,0,58,360,0,0,0,0,0,0,0,0,0,0,0,0,0,2001,3,0,0,0,0,0,0,0,0,169,0,0,0,0,0,0,0,0,0,0,0,LSkill2041,Pack Mastery,"When you bring pack, your available item gauge increases"
skill_2043,2043,Pack Mastery,2041,3,10,2,15,0,0,0,0,0,0,0,0,0,0,0,0,0,0,0,0,0,0,0.0,0,58,440,0,0,0,0,0,0,0,0,0,0,0,0,0,2001,4,0,0,0,0,0,0,0,0,169,0,0,0,0,0,0,0,0,0,0,0,LSkill2041,Pack Mastery,"When you bring pack, your available item gauge increases"
skill_2044,2044,Pack Mastery,2041,4,12,2,15,0,0,0,0,0,0,0,0,0,0,0,0,0,0,0,0,0,0,0.0,0,58,520,0,0,0,0,0,0,0,0,0,0,0,0,0,2001,5,0,0,0,0,0,0,0,0,169,0,0,0,0,0,0,0,0,0,0,0,LSkill2041,Pack Mastery,"When you bring pack, your available item gauge increases"
skill_2045,2045,Pack Mastery,2041,5,15,2,15,0,0,0,0,0,0,0,0,0,0,0,0,0,0,0,0,0,0,0.0,0,58,600,0,0,0,0,0,0,0,0,0,0,0,0,0,2001,6,0,0,0,0,0,0,0,0,169,0,0,0,0,0,0,0,0,0,0,0,LSkill2041,Pack Mastery,"When you bring pack, your available item gauge increases"
skill_2046,2046,Pack Mastery,2041,6,18,2,15,0,0,0,0,0,0,0,0,0,0,0,0,0,0,0,0,0,0,0.0,0,58,680,0,0,0,0,0,0,0,0,0,0,0,0,0,2001,7,0,0,0,0,0,0,0,0,169,0,0,0,0,0,0,0,0,0,0,0,LSkill2041,Pack Mastery,"When you bring pack, your available item gauge increases"
skill_2047,2047,Pack Mastery,2041,7,22,2,15,0,0,0,0,0,0,0,0,0,0,0,0,0,0,0,0,0,0,0.0,0,58,760,0,0,0,0,0,0,0,0,0,0,0,0,0,2001,8,0,0,0,0,0,0,0,0,169,0,0,0,0,0,0,0,0,0,0,0,LSkill2041,Pack Mastery,"When you bring pack, your available item gauge increases"
skill_2048,2048,Pack Mastery,2041,8,26,2,15,0,0,0,0,0,0,0,0,0,0,0,0,0,0,0,0,0,0,0.0,0,58,840,0,0,0,0,0,0,0,0,0,0,0,0,0,2001,9,0,0,0,0,0,0,0,0,169,0,0,0,0,0,0,0,0,0,0,0,LSkill2041,Pack Mastery,"When you bring pack, your available item gauge increases"
skill_2049,2049,Pack Mastery,2041,9,31,2,15,0,0,0,0,0,0,0,0,0,0,0,0,0,0,0,0,0,0,0.0,0,58,920,0,0,0,0,0,0,0,0,0,0,0,0,0,2001,10,0,0,0,0,0,0,0,0,169,0,0,0,0,0,0,0,0,0,0,0,LSkill2041,Pack Mastery,"When you bring pack, your available item gauge increases"
skill_2050,2050,Pack Mastery,2041,10,36,2,15,0,0,0,0,0,0,0,0,0,0,0,0,0,0,0,0,0,0,0.0,0,58,1000,0,0,0,0,0,0,0,0,0,0,0,0,0,2001,11,0,0,0,0,0,0,0,0,169,0,0,0,0,0,0,0,0,0,0,0,LSkill2041,Pack Mastery,"When you bring pack, your available item gauge increases"
skill_2051,2051,Buying Trick,2051,1,10,2,15,0,0,0,0,0,0,0,0,0,0,0,0,0,0,0,0,0,0,0.0,0,59,2,0,0,0,0,0,0,0,0,0,0,0,44,0,2001,4,0,0,0,0,0,0,0,0,146,0,0,0,0,0,0,0,0,0,0,0,LSkill2051,Buying Trick,You can purchase item with lower prices
skill_2052,2052,Buying Trick,2051,2,14,2,15,0,0,0,0,0,0,0,0,0,0,0,0,0,0,0,0,0,0,0.0,0,59,4,0,0,0,0,0,0,0,0,0,0,0,0,0,2001,5,0,0,0,0,0,0,0,0,146,0,0,0,0,0,0,0,0,0,0,0,LSkill2051,Buying Trick,You can purchase item with lower prices
skill_2053,2053,Buying Trick,2051,3,19,2,15,0,0,0,0,0,0,0,0,0,0,0,0,0,0,0,0,0,0,0.0,0,59,6,0,0,0,0,0,0,0,0,0,0,0,0,0,2001,6,0,0,0,0,0,0,0,0,146,0,0,0,0,0,0,0,0,0,0,0,LSkill2051,Buying Trick,You can purchase item with lower prices
skill_2054,2054,Buying Trick,2051,4,25,2,15,0,0,0,0,0,0,0,0,0,0,0,0,0,0,0,0,0,0,0.0,0,59,8,0,0,0,0,0,0,0,0,0,0,0,0,0,2001,7,0,0,0,0,0,0,0,0,146,0,0,0,0,0,0,0,0,0,0,0,LSkill2051,Buying Trick,You can purchase item with lower prices
skill_2055,2055,Buying Trick,2051,5,33,2,15,0,0,0,0,0,0,0,0,0,0,0,0,0,0,0,0,0,0,0.0,0,59,10,0,0,0,0,0,0,0,0,0,0,0,0,0,2001,8,0,0,0,0,0,0,0,0,146,0,0,0,0,0,0,0,0,0,0,0,LSkill2051,Buying Trick,You can purchase item with lower prices
skill_2056,2056,Buying Trick,2051,6,43,2,15,0,0,0,0,0,0,0,0,0,0,0,0,0,0,0,0,0,0,0.0,0,59,12,0,0,0,0,0,0,0,0,0,0,0,0,0,2001,9,0,0,0,0,0,0,0,0,146,0,0,0,0,0,0,0,0,0,0,0,LSkill2051,Buying Trick,You can purchase item with lower prices
skill_2057,2057,Buying Trick,2051,7,56,2,15,0,0,0,0,0,0,0,0,0,0,0,0,0,0,0,0,0,0,0.0,0,59,14,0,0,0,0,0,0,0,0,0,0,0,0,0,2001,10,0,0,0,0,0,0,0,0,146,0,0,0,0,0,0,0,0,0,0,0,LSkill2051,Buying Trick,You can purchase item with lower prices
skill_2058,2058,Buying Trick,2051,8,73,2,15,0,0,0,0,0,0,0,0,0,0,0,0,0,0,0,0,0,0,0.0,0,59,16,0,0,0,0,0,0,0,0,0,0,0,67,0,2001,12,0,0,0,0,0,0,0,0,146,0,0,0,0,0,0,0,0,0,0,0,LSkill2051,Buying Trick,You can purchase item with lower prices
skill_2059,2059,Buying Trick,2051,9,94,2,15,0,0,0,0,0,0,0,0,0,0,0,0,0,0,0,0,0,0,0.0,0,59,18,0,0,0,0,0,0,0,0,0,0,0,0,0,2001,14,0,0,0,0,0,0,0,0,146,0,0,0,0,0,0,0,0,0,0,0,LSkill2051,Buying Trick,You can purchase item with lower prices
skill_2060,2060,Buying Trick,2051,10,121,2,15,0,0,0,0,0,0,0,0,0,0,0,0,0,0,0,0,0,0,0.0,0,59,20,0,0,0,0,0,0,0,0,0,0,0,0,0,2001,16,0,0,0,0,0,0,0,0,146,0,0,0,0,0,0,0,0,0,0,0,LSkill2051,Buying Trick,You can purchase item with lower prices
skill_2071,2071,Sell Trick,2071,1,25,2,15,0,0,0,0,0,0,0,0,0,0,0,0,0,0,0,0,0,0,0.0,0,60,2,0,0,0,0,0,0,0,0,0,0,0,67,0,2001,10,2051,5,0,0,0,0,0,0,178,0,0,0,0,0,0,0,0,0,0,0,LSkill2071,Sell Trick,You can sell items with more margins
skill_2072,2072,Sell Trick,2071,2,30,2,15,0,0,0,0,0,0,0,0,0,0,0,0,0,0,0,0,0,0,0.0,0,60,4,0,0,0,0,0,0,0,0,0,0,0,0,0,2001,11,0,0,0,0,0,0,0,0,178,0,0,0,0,0,0,0,0,0,0,0,LSkill2071,Sell Trick,You can sell items with more margins
skill_2073,2073,Sell Trick,2071,3,36,2,15,0,0,0,0,0,0,0,0,0,0,0,0,0,0,0,0,0,0,0.0,0,60,6,0,0,0,0,0,0,0,0,0,0,0,0,0,2001,12,0,0,0,0,0,0,0,0,178,0,0,0,0,0,0,0,0,0,0,0,LSkill2071,Sell Trick,You can sell items with more margins
skill_2074,2074,Sell Trick,2071,4,43,2,15,0,0,0,0,0,0,0,0,0,0,0,0,0,0,0,0,0,0,0.0,0,60,8,0,0,0,0,0,0,0,0,0,0,0,0,0,2001,13,0,0,0,0,0,0,0,0,178,0,0,0,0,0,0,0,0,0,0,0,LSkill2071,Sell Trick,You can sell items with more margins
skill_2075,2075,Sell Trick,2071,5,51,2,15,0,0,0,0,0,0,0,0,0,0,0,0,0,0,0,0,0,0,0.0,0,60,10,0,0,0,0,0,0,0,0,0,0,0,0,0,2001,14,0,0,0,0,0,0,0,0,178,0,0,0,0,0,0,0,0,0,0,0,LSkill2071,Sell Trick,You can sell items with more margins
skill_2076,2076,Sell Trick,2071,6,60,2,15,0,0,0,0,0,0,0,0,0,0,0,0,0,0,0,0,0,0,0.0,0,60,12,0,0,0,0,0,0,0,0,0,0,0,0,0,2001,15,0,0,0,0,0,0,0,0,178,0,0,0,0,0,0,0,0,0,0,0,LSkill2071,Sell Trick,You can sell items with more margins
skill_2077,2077,Sell Trick,2071,7,71,2,15,0,0,0,0,0,0,0,0,0,0,0,0,0,0,0,0,0,0,0.0,0,60,13,0,0,0,0,0,0,0,0,0,0,0,0,0,2001,16,0,0,0,0,0,0,0,0,178,0,0,0,0,0,0,0,0,0,0,0,LSkill2071,Sell Trick,You can sell items with more margins
skill_2078,2078,Sell Trick,2071,8,83,2,15,0,0,0,0,0,0,0,0,0,0,0,0,0,0,0,0,0,0,0.0,0,60,14,0,0,0,0,0,0,0,0,0,0,0,0,0,2001,17,0,0,0,0,0,0,0,0,178,0,0,0,0,0,0,0,0,0,0,0,LSkill2071,Sell Trick,You can sell items with more margins
skill_2079,2079,Sell Trick,2071,9,97,2,15,0,0,0,0,0,0,0,0,0,0,0,0,0,0,0,0,0,0,0.0,0,60,15,0,0,0,0,0,0,0,0,0,0,0,0,0,2001,18,0,0,0,0,0,0,0,0,178,0,0,0,0,0,0,0,0,0,0,0,LSkill2071,Sell Trick,You can sell items with more margins
skill_2080,2080,Sell Trick,2071,10,114,2,15,0,0,0,0,0,0,0,0,0,0,0,0,0,0,0,0,0,0,0.0,0,60,16,0,0,0,0,0,0,0,0,0,0,0,0,0,2001,20,0,0,0,0,0,0,0,0,178,0,0,0,0,0,0,0,0,0,0,0,LSkill2071,Sell Trick,You can sell items with more margins
skill_2081,2081,Craft Mastery,2081,1,8,2,15,0,0,0,0,0,0,0,0,0,0,0,0,0,0,0,0,0,0,0.0,0,55,50,0,0,0,0,0,0,0,0,0,0,0,44,0,0,0,0,0,0,0,0,0,0,0,147,0,0,0,0,0,0,0,0,0,0,0,LSkill2081,Craft Mastery,You can master basic knowledge for craft. You can expand Max MP.
skill_2082,2082,Craft Mastery,2081,2,10,2,15,0,0,0,0,0,0,0,0,0,0,0,0,0,0,0,0,0,0,0.0,0,55,75,0,0,0,0,0,0,0,0,0,0,0,0,0,0,0,0,0,0,0,0,0,0,0,147,0,0,0,0,0,0,0,0,0,0,0,LSkill2081,Craft Mastery,You can master basic knowledge for craft. You can expand Max MP.
skill_2083,2083,Craft Mastery,2081,3,13,2,15,0,0,0,0,0,0,0,0,0,0,0,0,0,0,0,0,0,0,0.0,0,55,100,0,0,0,0,0,0,0,0,0,0,0,0,0,0,0,0,0,0,0,0,0,0,0,147,0,0,0,0,0,0,0,0,0,0,0,LSkill2081,Craft Mastery,You can master basic knowledge for craft. You can expand Max MP.
skill_2084,2084,Craft Mastery,2081,4,16,2,15,0,0,0,0,0,0,0,0,0,0,0,0,0,0,0,0,0,0,0.0,0,55,125,0,0,0,0,0,0,0,0,0,0,0,0,0,0,0,0,0,0,0,0,0,0,0,147,0,0,0,0,0,0,0,0,0,0,0,LSkill2081,Craft Mastery,You can master basic knowledge for craft. You can expand Max MP.
skill_2085,2085,Craft Mastery,2081,5,20,2,15,0,0,0,0,0,0,0,0,0,0,0,0,0,0,0,0,0,0,0.0,0,55,150,0,0,0,0,0,0,0,0,0,0,0,0,0,0,0,0,0,0,0,0,0,0,0,147,0,0,0,0,0,0,0,0,0,0,0,LSkill2081,Craft Mastery,You can master basic knowledge for craft. You can expand Max MP.
skill_2086,2086,Craft Mastery,2081,6,25,2,15,0,0,0,0,0,0,0,0,0,0,0,0,0,0,0,0,0,0,0.0,0,55,175,0,0,0,0,0,0,0,0,0,0,0,68,0,0,0,0,0,0,0,0,0,0,0,147,0,0,0,0,0,0,0,0,0,0,0,LSkill2081,Craft Mastery,You can master basic knowledge for craft. You can expand Max MP.
skill_2087,2087,Craft Mastery,2081,7,31,2,15,0,0,0,0,0,0,0,0,0,0,0,0,0,0,0,0,0,0,0.0,0,55,200,0,0,0,0,0,0,0,0,0,0,0,0,0,0,0,0,0,0,0,0,0,0,0,147,0,0,0,0,0,0,0,0,0,0,0,LSkill2081,Craft Mastery,You can master basic knowledge for craft. You can expand Max MP.
skill_2088,2088,Craft Mastery,2081,8,38,2,15,0,0,0,0,0,0,0,0,0,0,0,0,0,0,0,0,0,0,0.0,0,55,225,0,0,0,0,0,0,0,0,0,0,0,0,0,0,0,0,0,0,0,0,0,0,0,147,0,0,0,0,0,0,0,0,0,0,0,LSkill2081,Craft Mastery,You can master basic knowledge for craft. You can expand Max MP.
skill_2089,2089,Craft Mastery,2081,9,47,2,15,0,0,0,0,0,0,0,0,0,0,0,0,0,0,0,0,0,0,0.0,0,55,250,0,0,0,0,0,0,0,0,0,0,0,0,0,0,0,0,0,0,0,0,0,0,0,147,0,0,0,0,0,0,0,0,0,0,0,LSkill2081,Craft Mastery,You can master basic knowledge for craft. You can expand Max MP.
skill_2090,2090,Craft Mastery,2081,10,57,2,15,0,0,0,0,0,0,0,0,0,0,0,0,0,0,0,0,0,0,0.0,0,55,300,0,0,0,0,0,0,0,0,0,0,0,0,0,0,0,0,0,0,0,0,0,0,0,147,0,0,0,0,0,0,0,0,0,0,0,LSkill2081,Craft Mastery,You can master basic knowledge for craft. You can expand Max MP.
skill_2091,2091,Gathering,2091,1,10,2,15,0,0,0,0,0,0,0,0,0,0,0,0,0,0,0,0,0,0,0.0,0,63,6,0,0,0,0,0,0,0,0,0,0,0,44,0,2001,5,2041,3,0,0,0,0,0,0,169,0,0,0,0,0,0,0,0,0,0,0,LSkill2091,Gathering,Your possibility for getting item from monster hunting increases
skill_2092,2092,Gathering,2091,2,13,2,15,0,0,0,0,0,0,0,0,0,0,0,0,0,0,0,0,0,0,0.0,0,63,8,0,0,0,0,0,0,0,0,0,0,0,0,0,2001,6,0,0,0,0,0,0,0,0,169,0,0,0,0,0,0,0,0,0,0,0,LSkill2091,Gathering,Your possibility for getting item from monster hunting increases
skill_2093,2093,Gathering,2091,3,17,2,15,0,0,0,0,0,0,0,0,0,0,0,0,0,0,0,0,0,0,0.0,0,63,10,0,0,0,0,0,0,0,0,0,0,0,0,0,2001,7,0,0,0,0,0,0,0,0,169,0,0,0,0,0,0,0,0,0,0,0,LSkill2091,Gathering,Your possibility for getting item from monster hunting increases
skill_2094,2094,Gathering,2091,4,21,2,15,0,0,0,0,0,0,0,0,0,0,0,0,0,0,0,0,0,0,0.0,0,63,12,0,0,0,0,0,0,0,0,0,0,0,0,0,2001,8,0,0,0,0,0,0,0,0,169,0,0,0,0,0,0,0,0,0,0,0,LSkill2091,Gathering,Your possibility for getting item from monster hunting increases
skill_2095,2095,Gathering,2091,5,26,2,15,0,0,0,0,0,0,0,0,0,0,0,0,0,0,0,0,0,0,0.0,0,63,13,0,0,0,0,0,0,0,0,0,0,0,0,0,2001,9,0,0,0,0,0,0,0,0,169,0,0,0,0,0,0,0,0,0,0,0,LSkill2091,Gathering,Your possibility for getting item from monster hunting increases
skill_2096,2096,Gathering,2091,6,32,2,15,0,0,0,0,0,0,0,0,0,0,0,0,0,0,0,0,0,0,0.0,0,63,14,0,0,0,0,0,0,0,0,0,0,0,67,0,2001,10,0,0,0,0,0,0,0,0,169,0,0,0,0,0,0,0,0,0,0,0,LSkill2091,Gathering,Your possibility for getting item from monster hunting increases
skill_2097,2097,Gathering,2091,7,39,2,15,0,0,0,0,0,0,0,0,0,0,0,0,0,0,0,0,0,0,0.0,0,63,15,0,0,0,0,0,0,0,0,0,0,0,0,0,2001,12,0,0,0,0,0,0,0,0,169,0,0,0,0,0,0,0,0,0,0,0,LSkill2091,Gathering,Your possibility for getting item from monster hunting increases
skill_2098,2098,Gathering,2091,8,48,2,15,0,0,0,0,0,0,0,0,0,0,0,0,0,0,0,0,0,0,0.0,0,63,16,0,0,0,0,0,0,0,0,0,0,0,0,0,2001,14,0,0,0,0,0,0,0,0,169,0,0,0,0,0,0,0,0,0,0,0,LSkill2091,Gathering,Your possibility for getting item from monster hunting increases
skill_2099,2099,Gathering,2091,9,59,2,15,0,0,0,0,0,0,0,0,0,0,0,0,0,0,0,0,0,0,0.0,0,63,17,0,0,0,0,0,0,0,0,0,0,0,0,0,2001,16,0,0,0,0,0,0,0,0,169,0,0,0,0,0,0,0,0,0,0,0,LSkill2091,Gathering,Your possibility for getting item from monster hunting increases
skill_2100,2100,Gathering,2091,10,72,2,15,0,0,0,0,0,0,0,0,0,0,0,0,0,0,0,0,0,0,0.0,0,63,18,0,0,0,0,0,0,0,0,0,0,0,0,0,2001,18,0,0,0,0,0,0,0,0,169,0,0,0,0,0,0,0,0,0,0,0,LSkill2091,Gathering,Your possibility for getting item from monster hunting increases
skill_2101,2101,Employ Troops,2101,1,15,2,15,0,0,0,0,0,0,0,0,0,0,0,0,0,0,0,0,0,0,0.0,0,62,30,0,0,0,0,0,0,0,0,0,0,0,44,0,2001,6,0,0,0,0,0,0,0,0,190,0,0,0,0,0,0,0,0,0,0,0,LSkill2101,Employ Troops,You can increase in Max gauge of summoning.
skill_2102,2102,Employ Troops,2101,2,18,2,15,0,0,0,0,0,0,0,0,0,0,0,0,0,0,0,0,0,0,0.0,0,62,40,0,0,0,0,0,0,0,0,0,0,0,0,0,2001,7,0,0,0,0,0,0,0,0,190,0,0,0,0,0,0,0,0,0,0,0,LSkill2101,Employ Troops,You can increase in Max gauge of summoning.
skill_2103,2103,Employ Troops,2101,3,21,2,15,0,0,0,0,0,0,0,0,0,0,0,0,0,0,0,0,0,0,0.0,0,62,50,0,0,0,0,0,0,0,0,0,0,0,0,0,2001,8,0,0,0,0,0,0,0,0,190,0,0,0,0,0,0,0,0,0,0,0,LSkill2101,Employ Troops,You can increase in Max gauge of summoning.
skill_2104,2104,Employ Troops,2101,4,25,2,15,0,0,0,0,0,0,0,0,0,0,0,0,0,0,0,0,0,0,0.0,0,62,60,0,0,0,0,0,0,0,0,0,0,0,0,0,2001,9,0,0,0,0,0,0,0,0,190,0,0,0,0,0,0,0,0,0,0,0,LSkill2101,Employ Troops,You can increase in Max gauge of summoning.
skill_2105,2105,Employ Troops,2101,5,29,2,15,0,0,0,0,0,0,0,0,0,0,0,0,0,0,0,0,0,0,0.0,0,62,70,0,0,0,0,0,0,0,0,0,0,0,0,0,2001,10,0,0,0,0,0,0,0,0,190,0,0,0,0,0,0,0,0,0,0,0,LSkill2101,Employ Troops,You can increase in Max gauge of summoning.
skill_2106,2106,Employ Troops,2101,6,34,2,15,0,0,0,0,0,0,0,0,0,0,0,0,0,0,0,0,0,0,0.0,0,62,80,0,0,0,0,0,0,0,0,0,0,0,0,0,2001,12,0,0,0,0,0,0,0,0,190,0,0,0,0,0,0,0,0,0,0,0,LSkill2101,Employ Troops,You can increase in Max gauge of summoning.
skill_2107,2107,Employ Troops,2101,7,39,2,15,0,0,0,0,0,0,0,0,0,0,0,0,0,0,0,0,0,0,0.0,0,62,90,0,0,0,0,0,0,0,0,0,0,0,0,0,2001,14,0,0,0,0,0,0,0,0,190,0,0,0,0,0,0,0,0,0,0,0,LSkill2101,Employ Troops,You can increase in Max gauge of summoning.
skill_2108,2108,Employ Troops,2101,8,45,2,15,0,0,0,0,0,0,0,0,0,0,0,0,0,0,0,0,0,0,0.0,0,62,100,0,0,0,0,0,0,0,0,0,0,0,0,0,2001,16,0,0,0,0,0,0,0,0,190,0,0,0,0,0,0,0,0,0,0,0,LSkill2101,Employ Troops,You can increase in Max gauge of summoning.
skill_2109,2109,Employ Troops,2101,9,52,2,15,0,0,0,0,0,0,0,0,0,0,0,0,0,0,0,0,0,0,0.0,0,62,110,0,0,0,0,0,0,0,0,0,0,0,0,0,2001,18,0,0,0,0,0,0,0,0,190,0,0,0,0,0,0,0,0,0,0,0,LSkill2101,Employ Troops,You can increase in Max gauge of summoning.
skill_2110,2110,Employ Troops,2101,10,60,2,15,0,0,0,0,0,0,0,0,0,0,0,0,0,0,0,0,0,0,0.0,0,62,120,0,0,0,0,0,0,0,0,0,0,0,0,0,2001,20,0,0,0,0,0,0,0,0,190,0,0,0,0,0,0,0,0,0,0,0,LSkill2101,Employ Troops,You can increase in Max gauge of summoning.
skill_2111,2111,Weapon Research,2111,1,10,2,15,0,0,0,0,0,0,0,0,0,0,0,0,0,0,0,0,0,0,0.0,0,13,1,0,0,0,0,0,0,0,0,0,0,0,44,0,2081,1,0,0,0,0,31,20,0,0,147,0,0,0,0,0,0,0,0,0,0,0,LSkill2111,Weapon Research,"With dexterity up, you can upgrade your Weapon Craft Skill."
skill_2112,2112,Weapon Research,2111,2,11,2,15,0,0,0,0,0,0,0,0,0,0,0,0,0,0,0,0,0,0,0.0,0,13,2,0,0,0,0,0,0,0,0,0,0,0,0,0,0,0,0,0,0,0,31,25,0,0,147,0,0,0,0,0,0,0,0,0,0,0,LSkill2111,Weapon Research,"With dexterity up, you can upgrade your Weapon Craft Skill."
skill_2113,2113,Weapon Research,2111,3,12,2,15,0,0,0,0,0,0,0,0,0,0,0,0,0,0,0,0,0,0,0.0,0,13,3,0,0,0,0,0,0,0,0,0,0,0,0,0,0,0,0,0,0,0,31,30,0,0,147,0,0,0,0,0,0,0,0,0,0,0,LSkill2111,Weapon Research,"With dexterity up, you can upgrade your Weapon Craft Skill."
skill_2114,2114,Weapon Research,2111,4,13,2,15,0,0,0,0,0,0,0,0,0,0,0,0,0,0,0,0,0,0,0.0,0,13,4,0,0,0,0,0,0,0,0,0,0,0,0,0,0,0,0,0,0,0,31,35,0,0,147,0,0,0,0,0,0,0,0,0,0,0,LSkill2111,Weapon Research,"With dexterity up, you can upgrade your Weapon Craft Skill."
skill_2115,2115,Weapon Research,2111,5,14,2,15,0,0,0,0,0,0,0,0,0,0,0,0,0,0,0,0,0,0,0.0,0,13,5,0,0,0,0,0,0,0,0,0,0,0,0,0,0,0,0,0,0,0,31,40,0,0,147,0,0,0,0,0,0,0,0,0,0,0,LSkill2111,Weapon Research,"With dexterity up, you can upgrade your Weapon Craft Skill."
skill_2116,2116,Weapon Research,2111,6,15,2,15,0,0,0,0,0,0,0,0,0,0,0,0,0,0,0,0,0,0,0.0,0,13,6,0,0,0,0,0,0,0,0,0,0,0,0,0,0,0,0,0,0,0,31,45,0,0,147,0,0,0,0,0,0,0,0,0,0,0,LSkill2111,Weapon Research,"With dexterity up, you can upgrade your Weapon Craft Skill."
skill_2117,2117,Weapon Research,2111,7,16,2,15,0,0,0,0,0,0,0,0,0,0,0,0,0,0,0,0,0,0,0.0,0,13,7,0,0,0,0,0,0,0,0,0,0,0,0,0,0,0,0,0,0,0,31,50,0,0,147,0,0,0,0,0,0,0,0,0,0,0,LSkill2111,Weapon Research,"With dexterity up, you can upgrade your Weapon Craft Skill."
skill_2118,2118,Weapon Research,2111,8,17,2,15,0,0,0,0,0,0,0,0,0,0,0,0,0,0,0,0,0,0,0.0,0,13,8,0,0,0,0,0,0,0,0,0,0,0,0,0,0,0,0,0,0,0,31,55,0,0,147,0,0,0,0,0,0,0,0,0,0,0,LSkill2111,Weapon Research,"With dexterity up, you can upgrade your Weapon Craft Skill."
skill_2119,2119,Weapon Research,2111,9,18,2,15,0,0,0,0,0,0,0,0,0,0,0,0,0,0,0,0,0,0,0.0,0,13,9,0,0,0,0,0,0,0,0,0,0,0,0,0,0,0,0,0,0,0,31,60,0,0,147,0,0,0,0,0,0,0,0,0,0,0,LSkill2111,Weapon Research,"With dexterity up, you can upgrade your Weapon Craft Skill."
skill_2120,2120,Weapon Research,2111,10,19,2,15,0,0,0,0,0,0,0,0,0,0,0,0,0,0,0,0,0,0,0.0,0,13,10,0,0,0,0,0,0,0,0,0,0,0,0,0,0,0,0,0,0,0,31,65,0,0,147,0,0,0,0,0,0,0,0,0,0,0,LSkill2111,Weapon Research,"With dexterity up, you can upgrade your Weapon Craft Skill."
skill_2121,2121,Weapon Research,2111,11,20,2,15,0,0,0,0,0,0,0,0,0,0,0,0,0,0,0,0,0,0,0.0,0,13,11,0,0,0,0,0,0,0,0,0,0,0,68,0,0,0,0,0,0,0,31,70,0,0,147,0,0,0,0,0,0,0,0,0,0,0,LSkill2111,Weapon Research,"With dexterity up, you can upgrade your Weapon Craft Skill."
skill_2122,2122,Weapon Research,2111,12,21,2,15,0,0,0,0,0,0,0,0,0,0,0,0,0,0,0,0,0,0,0.0,0,13,12,0,0,0,0,0,0,0,0,0,0,0,0,0,0,0,0,0,0,0,31,80,0,0,147,0,0,0,0,0,0,0,0,0,0,0,LSkill2111,Weapon Research,"With dexterity up, you can upgrade your Weapon Craft Skill."
skill_2123,2123,Weapon Research,2111,13,22,2,15,0,0,0,0,0,0,0,0,0,0,0,0,0,0,0,0,0,0,0.0,0,13,13,0,0,0,0,0,0,0,0,0,0,0,0,0,0,0,0,0,0,0,31,90,0,0,147,0,0,0,0,0,0,0,0,0,0,0,LSkill2111,Weapon Research,"With dexterity up, you can upgrade your Weapon Craft Skill."
skill_2124,2124,Weapon Research,2111,14,23,2,15,0,0,0,0,0,0,0,0,0,0,0,0,0,0,0,0,0,0,0.0,0,13,14,0,0,0,0,0,0,0,0,0,0,0,0,0,0,0,0,0,0,0,31,100,0,0,147,0,0,0,0,0,0,0,0,0,0,0,LSkill2111,Weapon Research,"With dexterity up, you can upgrade your Weapon Craft Skill."
skill_2125,2125,Weapon Research,2111,15,24,2,15,0,0,0,0,0,0,0,0,0,0,0,0,0,0,0,0,0,0,0.0,0,13,15,0,0,0,0,0,0,0,0,0,0,0,0,0,0,0,0,0,0,0,31,110,0,0,147,0,0,0,0,0,0,0,0,0,0,0,LSkill2111,Weapon Research,"With dexterity up, you can upgrade your Weapon Craft Skill."
skill_2126,2126,Weapon Research,2111,16,25,2,15,0,0,0,0,0,0,0,0,0,0,0,0,0,0,0,0,0,0,0.0,0,13,16,0,0,0,0,0,0,0,0,0,0,0,0,0,0,0,0,0,0,0,31,120,0,0,147,0,0,0,0,0,0,0,0,0,0,0,LSkill2111,Weapon Research,"With dexterity up, you can upgrade your Weapon Craft Skill."
skill_2127,2127,Weapon Research,2111,17,26,2,15,0,0,0,0,0,0,0,0,0,0,0,0,0,0,0,0,0,0,0.0,0,13,17,0,0,0,0,0,0,0,0,0,0,0,0,0,0,0,0,0,0,0,31,130,0,0,147,0,0,0,0,0,0,0,0,0,0,0,LSkill2111,Weapon Research,"With dexterity up, you can upgrade your Weapon Craft Skill."
skill_2128,2128,Weapon Research,2111,18,27,2,15,0,0,0,0,0,0,0,0,0,0,0,0,0,0,0,0,0,0,0.0,0,13,18,0,0,0,0,0,0,0,0,0,0,0,0,0,0,0,0,0,0,0,31,140,0,0,147,0,0,0,0,0,0,0,0,0,0,0,LSkill2111,Weapon Research,"With dexterity up, you can upgrade your Weapon Craft Skill."
skill_2129,2129,Weapon Research,2111,19,28,2,15,0,0,0,0,0,0,0,0,0,0,0,0,0,0,0,0,0,0,0.0,0,13,19,0,0,0,0,0,0,0,0,0,0,0,0,0,0,0,0,0,0,0,31,150,0,0,147,0,0,0,0,0,0,0,0,0,0,0,LSkill2111,Weapon Research,"With dexterity up, you can upgrade your Weapon Craft Skill."
skill_2130,2130,Weapon Research,2111,20,29,2,15,0,0,0,0,0,0,0,0,0,0,0,0,0,0,0,0,0,0,0.0,0,13,20,0,0,0,0,0,0,0,0,0,0,0,0,0,0,0,0,0,0,0,31,160,0,0,147,0,0,0,0,0,0,0,0,0,0,0,LSkill2111,Weapon Research,"With dexterity up, you can upgrade your Weapon Craft Skill."
skill_2131,2131,Armor Research,2131,1,15,2,15,0,0,0,0,0,0,0,0,0,0,0,0,0,0,0,0,0,0,0.0,0,53,6,0,0,0,0,0,0,0,0,0,0,0,44,0,2081,3,0,0,0,0,31,30,0,0,170,0,0,0,0,0,0,0,0,0,0,0,LSkill2131,Armor Research,"With your defense power up, you can upgrade your Armor Craft Skill."
skill_2132,2132,Armor Research,2131,2,18,2,15,0,0,0,0,0,0,0,0,0,0,0,0,0,0,0,0,0,0,0.0,0,53,12,0,0,0,0,0,0,0,0,0,0,0,0,0,0,0,0,0,0,0,31,45,0,0,170,0,0,0,0,0,0,0,0,0,0,0,LSkill2131,Armor Research,"With your defense power up, you can upgrade your Armor Craft Skill."
skill_2133,2133,Armor Research,2131,3,21,2,15,0,0,0,0,0,0,0,0,0,0,0,0,0,0,0,0,0,0,0.0,0,53,18,0,0,0,0,0,0,0,0,0,0,0,0,0,0,0,0,0,0,0,31,60,0,0,170,0,0,0,0,0,0,0,0,0,0,0,LSkill2131,Armor Research,"With your defense power up, you can upgrade your Armor Craft Skill."
skill_2134,2134,Armor Research,2131,4,24,2,15,0,0,0,0,0,0,0,0,0,0,0,0,0,0,0,0,0,0,0.0,0,53,24,0,0,0,0,0,0,0,0,0,0,0,68,0,0,0,0,0,0,0,31,70,0,0,170,0,0,0,0,0,0,0,0,0,0,0,LSkill2131,Armor Research,"With your defense power up, you can upgrade your Armor Craft Skill."
skill_2135,2135,Armor Research,2131,5,27,2,15,0,0,0,0,0,0,0,0,0,0,0,0,0,0,0,0,0,0,0.0,0,53,30,0,0,0,0,0,0,0,0,0,0,0,0,0,0,0,0,0,0,0,31,85,0,0,170,0,0,0,0,0,0,0,0,0,0,0,LSkill2131,Armor Research,"With your defense power up, you can upgrade your Armor Craft Skill."
skill_2136,2136,Armor Research,2131,6,31,2,15,0,0,0,0,0,0,0,0,0,0,0,0,0,0,0,0,0,0,0.0,0,53,36,0,0,0,0,0,0,0,0,0,0,0,0,0,0,0,0,0,0,0,31,100,0,0,170,0,0,0,0,0,0,0,0,0,0,0,LSkill2131,Armor Research,"With your defense power up, you can upgrade your Armor Craft Skill."
skill_2137,2137,Armor Research,2131,7,35,2,15,0,0,0,0,0,0,0,0,0,0,0,0,0,0,0,0,0,0,0.0,0,53,42,0,0,0,0,0,0,0,0,0,0,0,0,0,0,0,0,0,0,0,31,115,0,0,170,0,0,0,0,0,0,0,0,0,0,0,LSkill2131,Armor Research,"With your defense power up, you can upgrade your Armor Craft Skill."
skill_2138,2138,Armor Research,2131,8,40,2,15,0,0,0,0,0,0,0,0,0,0,0,0,0,0,0,0,0,0,0.0,0,53,48,0,0,0,0,0,0,0,0,0,0,0,0,0,0,0,0,0,0,0,31,130,0,0,170,0,0,0,0,0,0,0,0,0,0,0,LSkill2131,Armor Research,"With your defense power up, you can upgrade your Armor Craft Skill."
skill_2139,2139,Armor Research,2131,9,45,2,15,0,0,0,0,0,0,0,0,0,0,0,0,0,0,0,0,0,0,0.0,0,53,54,0,0,0,0,0,0,0,0,0,0,0,0,0,0,0,0,0,0,0,31,145,0,0,170,0,0,0,0,0,0,0,0,0,0,0,LSkill2131,Armor Research,"With your defense power up, you can upgrade your Armor Craft Skill."
skill_2140,2140,Armor Research,2131,10,51,2,15,0,0,0,0,0,0,0,0,0,0,0,0,0,0,0,0,0,0,0.0,0,53,60,0,0,0,0,0,0,0,0,0,0,0,0,0,0,0,0,0,0,0,31,160,0,0,170,0,0,0,0,0,0,0,0,0,0,0,LSkill2131,Armor Research,"With your defense power up, you can upgrade your Armor Craft Skill."
skill_2141,2141,Combat Mastery,2141,1,4,2,15,0,0,0,0,0,0,0,0,0,0,0,0,0,0,0,0,0,0,0.0,0,50,3,0,0,0,0,0,0,232,233,0,0,0,44,0,0,0,0,0,0,0,0,0,0,0,144,0,0,0,0,0,0,0,0,0,0,0,LSkill2141,Combat Mastery,"You can master upgraded Dealer's combat skill. When you use gun or launcher, you can improve your attack speed."
skill_2142,2142,Combat Mastery,2141,2,5,2,15,0,0,0,0,0,0,0,0,0,0,0,0,0,0,0,0,0,0,0.0,0,50,4,0,0,0,0,0,0,232,233,0,0,0,0,0,0,0,0,0,0,0,0,0,0,0,144,0,0,0,0,0,0,0,0,0,0,0,LSkill2141,Combat Mastery,"You can master upgraded Dealer's combat skill. When you use gun or launcher, you can improve your attack speed."
skill_2143,2143,Combat Mastery,2141,3,7,2,15,0,0,0,0,0,0,0,0,0,0,0,0,0,0,0,0,0,0,0.0,0,50,5,0,0,0,0,0,0,232,233,0,0,0,0,0,0,0,0,0,0,0,0,0,0,0,144,0,0,0,0,0,0,0,0,0,0,0,LSkill2141,Combat Mastery,"You can master upgraded Dealer's combat skill. When you use gun or launcher, you can improve your attack speed."
skill_2144,2144,Combat Mastery,2141,4,9,2,15,0,0,0,0,0,0,0,0,0,0,0,0,0,0,0,0,0,0,0.0,0,50,6,0,0,0,0,0,0,232,233,0,0,0,0,0,0,0,0,0,0,0,0,0,0,0,144,0,0,0,0,0,0,0,0,0,0,0,LSkill2141,Combat Mastery,"You can master upgraded Dealer's combat skill. When you use gun or launcher, you can improve your attack speed."
skill_2145,2145,Combat Mastery,2141,5,11,2,15,0,0,0,0,0,0,0,0,0,0,0,0,0,0,0,0,0,0,0.0,0,50,7,0,0,0,0,0,0,232,233,0,0,0,0,0,0,0,0,0,0,0,0,0,0,0,144,0,0,0,0,0,0,0,0,0,0,0,LSkill2141,Combat Mastery,"You can master upgraded Dealer's combat skill. When you use gun or launcher, you can improve your attack speed."
skill_2146,2146,Combat Mastery,2141,6,13,2,15,0,0,0,0,0,0,0,0,0,0,0,0,0,0,0,0,0,0,0.0,0,50,8,0,0,0,0,0,0,232,233,0,0,0,0,0,0,0,0,0,0,0,0,0,0,0,144,0,0,0,0,0,0,0,0,0,0,0,LSkill2141,Combat Mastery,"You can master upgraded Dealer's combat skill. When you use gun or launcher, you can improve your attack speed."
skill_2147,2147,Combat Mastery,2141,7,15,2,15,0,0,0,0,0,0,0,0,0,0,0,0,0,0,0,0,0,0,0.0,0,50,9,0,0,0,0,0,0,232,233,0,0,0,0,0,0,0,0,0,0,0,0,0,0,0,144,0,0,0,0,0,0,0,0,0,0,0,LSkill2141,Combat Mastery,"You can master upgraded Dealer's combat skill. When you use gun or launcher, you can improve your attack speed."
skill_2148,2148,Combat Mastery,2141,8,18,2,15,0,0,0,0,0,0,0,0,0,0,0,0,0,0,0,0,0,0,0.0,0,50,10,0,0,0,0,0,0,232,233,0,0,0,0,0,0,0,0,0,0,0,0,0,0,0,144,0,0,0,0,0,0,0,0,0,0,0,LSkill2141,Combat Mastery,"You can master upgraded Dealer's combat skill. When you use gun or launcher, you can improve your attack speed."
skill_2149,2149,Combat Mastery,2141,9,21,2,15,0,0,0,0,0,0,0,0,0,0,0,0,0,0,0,0,0,0,0.0,0,50,11,0,0,0,0,0,0,232,233,0,0,0,0,0,0,0,0,0,0,0,0,0,0,0,144,0,0,0,0,0,0,0,0,0,0,0,LSkill2141,Combat Mastery,"You can master upgraded Dealer's combat skill. When you use gun or launcher, you can improve your attack speed."
skill_2150,2150,Combat Mastery,2141,10,24,2,15,0,0,0,0,0,0,0,0,0,0,0,0,0,0,0,0,0,0,0.0,0,50,12,0,0,0,0,0,0,232,233,0,0,0,0,0,0,0,0,0,0,0,0,0,0,0,144,0,0,0,0,0,0,0,0,0,0,0,LSkill2141,Combat Mastery,"You can master upgraded Dealer's combat skill. When you use gun or launcher, you can improve your attack speed."
skill_2151,2151,Combat Mastery,2141,11,27,2,15,0,0,0,0,0,0,0,0,0,0,0,0,0,0,0,0,0,0,0.0,0,50,13,0,0,0,0,0,0,232,233,0,0,0,0,0,0,0,0,0,0,0,31,70,0,0,144,0,0,0,0,0,0,0,0,0,0,0,LSkill2141,Combat Mastery,"You can master upgraded Dealer's combat skill. When you use gun or launcher, you can improve your attack speed."
skill_2152,2152,Combat Mastery,2141,12,30,2,15,0,0,0,0,0,0,0,0,0,0,0,0,0,0,0,0,0,0,0.0,0,50,14,0,0,0,0,0,0,232,233,0,0,0,0,0,0,0,0,0,0,0,0,0,0,0,144,0,0,0,0,0,0,0,0,0,0,0,LSkill2141,Combat Mastery,"You can master upgraded Dealer's combat skill. When you use gun or launcher, you can improve your attack speed."
skill_2153,2153,Combat Mastery,2141,13,33,2,15,0,0,0,0,0,0,0,0,0,0,0,0,0,0,0,0,0,0,0.0,0,50,15,0,0,0,0,0,0,232,233,0,0,0,0,0,0,0,0,0,0,0,0,0,0,0,144,0,0,0,0,0,0,0,0,0,0,0,LSkill2141,Combat Mastery,"You can master upgraded Dealer's combat skill. When you use gun or launcher, you can improve your attack speed."
skill_2154,2154,Combat Mastery,2141,14,36,2,15,0,0,0,0,0,0,0,0,0,0,0,0,0,0,0,0,0,0,0.0,0,50,16,0,0,0,0,0,0,232,233,0,0,0,0,0,0,0,0,0,0,0,0,0,0,0,144,0,0,0,0,0,0,0,0,0,0,0,LSkill2141,Combat Mastery,"You can master upgraded Dealer's combat skill. When you use gun or launcher, you can improve your attack speed."
skill_2155,2155,Combat Mastery,2141,15,40,2,15,0,0,0,0,0,0,0,0,0,0,0,0,0,0,0,0,0,0,0.0,0,50,17,0,0,0,0,0,0,232,233,0,0,0,0,0,0,0,0,0,0,0,0,0,0,0,144,0,0,0,0,0,0,0,0,0,0,0,LSkill2141,Combat Mastery,"You can master upgraded Dealer's combat skill. When you use gun or launcher, you can improve your attack speed."
skill_2156,2156,Combat Mastery,2141,16,44,2,15,0,0,0,0,0,0,0,0,0,0,0,0,0,0,0,0,0,0,0.0,0,50,18,0,0,0,0,0,0,232,233,0,0,0,0,0,0,0,0,0,0,0,0,0,0,0,144,0,0,0,0,0,0,0,0,0,0,0,LSkill2141,Combat Mastery,"You can master upgraded Dealer's combat skill. When you use gun or launcher, you can improve your attack speed."
skill_2157,2157,Combat Mastery,2141,17,48,2,15,0,0,0,0,0,0,0,0,0,0,0,0,0,0,0,0,0,0,0.0,0,50,19,0,0,0,0,0,0,232,233,0,0,0,0,0,0,0,0,0,0,0,0,0,0,0,144,0,0,0,0,0,0,0,0,0,0,0,LSkill2141,Combat Mastery,"You can master upgraded Dealer's combat skill. When you use gun or launcher, you can improve your attack speed."
skill_2158,2158,Combat Mastery,2141,18,52,2,15,0,0,0,0,0,0,0,0,0,0,0,0,0,0,0,0,0,0,0.0,0,50,20,0,0,0,0,0,0,232,233,0,0,0,0,0,0,0,0,0,0,0,0,0,0,0,144,0,0,0,0,0,0,0,0,0,0,0,LSkill2141,Combat Mastery,"You can master upgraded Dealer's combat skill. When you use gun or launcher, you can improve your attack speed."
skill_2159,2159,Combat Mastery,2141,19,57,2,15,0,0,0,0,0,0,0,0,0,0,0,0,0,0,0,0,0,0,0.0,0,50,21,0,53,100,0,0,0,232,233,0,0,0,0,0,0,0,0,0,0,0,0,0,0,0,144,0,0,0,0,0,0,0,0,0,0,0,LSkill2141,Combat Mastery,"You can master upgraded Dealer's combat skill. When you use gun or launcher, you can improve your attack speed."
skill_2160,2160,Combat Mastery,2141,20,62,2,15,0,0,0,0,0,0,0,0,0,0,0,0,0,0,0,0,0,0,0.0,0,50,22,0,53,125,0,0,0,232,233,0,0,0,0,0,0,0,0,0,0,0,31,200,0,0,144,0,0,0,0,0,0,0,0,0,0,0,LSkill2141,Combat Mastery,"You can master upgraded Dealer's combat skill. When you use gun or launcher, you can improve your attack speed."
skill_2161,2161,Combat Mastery,2141,21,67,2,15,0,0,0,0,0,0,0,0,0,0,0,0,0,0,0,0,0,0,0.0,0,50,22,0,53,150,0,0,0,232,233,0,0,0,0,0,0,0,0,0,0,0,31,205,0,0,144,0,0,0,0,0,0,0,0,0,0,0,LSkill2141,Combat Mastery,"You can master upgraded Dealer's combat skill. When you use gun or launcher, you can improve your attack speed."
skill_2162,2162,Combat Mastery,2141,22,72,2,15,0,0,0,0,0,0,0,0,0,0,0,0,0,0,0,0,0,0,0.0,0,50,22,0,53,175,0,0,0,232,233,0,0,0,0,0,0,0,0,0,0,0,31,210,0,0,144,0,0,0,0,0,0,0,0,0,0,0,LSkill2141,Combat Mastery,"You can master upgraded Dealer's combat skill. When you use gun or launcher, you can improve your attack speed."
skill_2163,2163,Combat Mastery,2141,23,77,2,15,0,0,0,0,0,0,0,0,0,0,0,0,0,0,0,0,0,0,0.0,0,50,22,0,53,200,0,0,0,232,233,0,0,0,0,0,0,0,0,0,0,0,31,215,0,0,144,0,0,0,0,0,0,0,0,0,0,0,LSkill2141,Combat Mastery,"You can master upgraded Dealer's combat skill. When you use gun or launcher, you can improve your attack speed."
skill_2164,2164,Combat Mastery,2141,24,82,2,15,0,0,0,0,0,0,0,0,0,0,0,0,0,0,0,0,0,0,0.0,0,50,22,0,53,225,0,0,0,232,233,0,0,0,0,0,0,0,0,0,0,0,31,220,0,0,144,0,0,0,0,0,0,0,0,0,0,0,LSkill2141,Combat Mastery,"You can master upgraded Dealer's combat skill. When you use gun or launcher, you can improve your attack speed."
skill_2165,2165,Combat Mastery,2141,25,87,2,15,0,0,0,0,0,0,0,0,0,0,0,0,0,0,0,0,0,0,0.0,0,50,22,0,53,250,0,0,0,232,233,0,0,0,0,0,0,0,0,0,0,0,31,225,0,0,144,0,0,0,0,0,0,0,0,0,0,0,LSkill2141,Combat Mastery,"You can master upgraded Dealer's combat skill. When you use gun or launcher, you can improve your attack speed."
skill_2201,2201,Power Gun Shot,2201,1,8,1,3,0,5,0,35,1,0,0,0,0,0,0,0,0,1,17,10,0,0,6.9,0,0,0,0,0,0,0,0,2,232,233,0,0,0,44,0,2021,1,0,0,0,0,0,0,0,0,145,95,100,97,100,1,262,148,67,0,0,110,LSkill2201,Power Gun Shot,"With increased power of gun and launcher, you can damage your enemy much"
skill_2202,2202,Power Gun Shot,2201,2,10,1,3,0,5,0,41,1,0,0,0,0,0,0,0,0,1,17,12,0,0,6.9,0,0,0,0,0,0,0,0,2,232,233,0,0,0,0,0,2021,2,0,0,0,0,0,0,0,0,145,95,100,97,100,1,262,148,67,0,0,110,LSkill2201,Power Gun Shot,"With increased power of gun and launcher, you can damage your enemy much"
skill_2203,2203,Power Gun Shot,2201,3,12,1,3,0,5,0,47,1,0,0,0,0,0,0,0,0,1,17,14,0,0,7.1,0,0,0,0,0,0,0,0,2,232,233,0,0,0,0,0,2021,3,0,0,0,0,0,0,0,0,145,95,100,97,100,1,262,148,67,0,0,110,LSkill2201,Power Gun Shot,"With increased power of gun and launcher, you can damage your enemy much"
skill_2204,2204,Power Gun Shot,2201,4,14,1,3,0,5,0,53,1,0,0,0,0,0,0,0,0,1,17,16,0,0,7.1,0,0,0,0,0,0,0,0,2,232,233,0,0,0,0,0,2021,4,0,0,0,0,0,0,0,0,145,95,100,97,100,1,262,148,67,0,0,110,LSkill2201,Power Gun Shot,"With increased power of gun and launcher, you can damage your enemy much"
skill_2205,2205,Power Gun Shot,2201,5,16,1,3,0,5,0,59,1,0,0,0,0,0,0,0,0,1,17,18,0,0,7.3,0,0,0,0,0,0,0,0,2,232,233,0,0,0,0,0,2021,5,0,0,0,0,0,0,0,0,145,95,100,97,100,1,262,148,67,0,0,110,LSkill2201,Power Gun Shot,"With increased power of gun and launcher, you can damage your enemy much"
skill_2206,2206,Power Gun Shot,2201,6,18,1,3,0,5,0,65,1,0,0,0,0,0,0,0,0,1,17,20,0,0,7.3,0,0,0,0,0,0,0,0,2,232,233,0,0,0,0,0,2021,6,0,0,0,0,0,0,0,0,145,95,100,97,100,1,262,148,67,0,0,110,LSkill2201,Power Gun Shot,"With increased power of gun and launcher, you can damage your enemy much"
skill_2207,2207,Power Gun Shot,2201,7,20,1,3,0,5,0,71,1,0,0,0,0,0,0,0,0,1,17,22,0,0,7.5,0,0,0,0,0,0,0,0,2,232,233,0,0,0,0,0,2021,7,0,0,0,0,0,0,0,0,145,95,100,97,100,1,262,148,67,0,0,110,LSkill2201,Power Gun Shot,"With increased power of gun and launcher, you can damage your enemy much"
skill_2208,2208,Power Gun Shot,2201,8,23,1,3,0,5,0,100,1,0,0,0,0,0,0,0,0,1,17,24,0,0,7.5,0,0,0,0,0,0,0,0,2,232,233,0,0,0,0,0,2021,8,0,0,0,0,0,0,0,0,145,95,100,97,100,1,262,148,67,0,0,110,LSkill2201,Power Gun Shot,"With increased power of gun and launcher, you can damage your enemy much"
skill_2209,2209,Power Gun Shot,2201,9,26,1,3,0,5,0,200,1,0,0,0,0,0,0,0,0,1,17,26,0,0,7.7,0,0,0,0,0,0,0,0,2,232,233,0,0,0,0,0,2021,9,0,0,0,0,0,0,0,0,145,95,100,97,100,1,262,148,67,0,0,110,LSkill2201,Power Gun Shot,"With increased power of gun and launcher, you can damage your enemy much"
skill_2210,2210,Power Gun Shot,2201,10,29,1,3,0,5,0,300,1,0,0,0,0,0,0,0,0,1,17,30,0,0,7.7,0,0,0,0,0,0,0,0,2,232,233,0,0,0,0,0,2021,10,0,0,0,0,0,0,0,0,145,95,100,97,100,1,262,148,67,0,0,110,LSkill2201,Power Gun Shot,"With increased power of gun and launcher, you can damage your enemy much"
skill_2211,2211,Sniping Shot,2211,1,35,1,3,0,5,0,130,1,0,0,0,0,0,0,0,0,1,17,45,0,0,9.1,0,0,0,0,0,0,0,0,2,232,233,0,0,0,44,0,2021,10,2201,10,0,0,31,70,0,0,219,95,100,97,100,1,262,148,67,0,0,110,LSkill2211,Sniping Shot,You can give a critical hit to your target at once.
skill_2212,2212,Sniping Shot,2211,2,41,1,3,0,5,0,150,1,0,0,0,0,0,0,0,0,1,17,51,0,0,9.5,0,0,0,0,0,0,0,0,2,232,233,0,0,0,0,0,2021,11,0,0,0,0,0,0,0,0,219,95,100,97,100,1,262,148,67,0,0,110,LSkill2211,Sniping Shot,You can give a critical hit to your target at once.
skill_2213,2213,Sniping Shot,2211,3,48,1,3,0,5,0,170,1,0,0,0,0,0,0,0,0,1,17,57,0,0,9.9,0,0,0,0,0,0,0,0,2,232,233,0,0,0,0,0,2021,12,0,0,0,0,0,0,0,0,219,95,100,97,100,1,262,148,67,0,0,110,LSkill2211,Sniping Shot,You can give a critical hit to your target at once.
skill_2214,2214,Sniping Shot,2211,4,56,1,3,0,5,0,190,1,0,0,0,0,0,0,0,0,1,17,63,0,0,10.3,0,0,0,0,0,0,0,0,2,232,233,0,0,0,0,0,2021,13,0,0,0,0,0,0,0,0,219,95,100,97,100,1,262,148,67,0,0,110,LSkill2211,Sniping Shot,You can give a critical hit to your target at once.
skill_2215,2215,Sniping Shot,2211,5,65,1,3,0,5,0,210,1,0,0,0,0,0,0,0,0,1,17,69,0,0,10.7,0,0,0,0,0,0,0,0,2,232,233,0,0,0,0,0,2021,14,0,0,0,0,0,0,0,0,219,95,100,97,100,1,262,148,67,0,0,110,LSkill2211,Sniping Shot,You can give a critical hit to your target at once.
skill_2216,2216,Sniping Shot,2211,6,75,1,3,0,5,0,230,1,32,0,24,0,1,0,30,6,1,17,75,0,0,11.1,0,0,0,0,0,0,0,0,2,232,233,0,0,0,0,0,2021,15,0,0,0,0,0,0,0,0,219,95,100,97,100,1,262,148,67,0,0,110,LSkill2211,Sniping Shot,You can give a critical hit to your target at once.
skill_2217,2217,Sniping Shot,2211,7,87,1,3,0,5,0,250,1,32,0,24,0,1,0,34,7,1,17,81,0,0,11.5,0,0,0,0,0,0,0,0,2,232,233,0,0,0,0,0,2021,16,0,0,0,0,0,0,0,0,219,95,100,97,100,1,262,148,67,0,0,110,LSkill2211,Sniping Shot,You can give a critical hit to your target at once.
skill_2218,2218,Sniping Shot,2211,8,100,1,3,0,5,0,270,1,32,0,24,0,1,0,38,8,1,17,87,0,0,11.9,0,0,0,0,0,0,0,0,2,232,233,0,0,0,0,0,2021,17,0,0,0,0,0,0,0,0,219,95,100,97,100,1,262,148,67,0,0,110,LSkill2211,Sniping Shot,You can give a critical hit to your target at once.
skill_2219,2219,Sniping Shot,2211,9,115,1,3,0,5,0,290,1,32,0,24,0,1,0,42,9,1,17,93,0,0,12.3,0,0,0,0,0,0,0,0,2,232,233,0,0,0,0,0,2021,18,0,0,0,0,0,0,0,0,219,95,100,97,100,1,262,148,67,0,0,110,LSkill2211,Sniping Shot,You can give a critical hit to your target at once.
skill_2220,2220,Sniping Shot,2211,10,132,1,3,0,5,0,330,1,32,0,24,0,1,0,75,10,1,17,105,0,0,12.7,0,0,0,0,0,0,0,0,2,232,233,0,0,0,0,0,2021,19,0,0,0,0,0,0,0,0,219,95,100,97,100,1,262,148,67,0,2680,2682,LSkill2211,Sniping Shot,You can give a critical hit to your target at once.
skill_2221,2221,Twin Shot,2221,1,8,1,3,0,5,0,40,1,0,0,0,0,0,0,0,0,0,17,20,0,0,5.9,0,0,0,0,0,0,0,0,2,232,233,0,0,0,44,0,2021,1,0,0,0,0,0,0,0,0,172,111,100,91,100,2,171,148,67,0,1041,110,LSkill2221,Twin Shot,Hitting twice with one attack
skill_2222,2222,Twin Shot,2221,2,10,1,3,0,5,0,45,1,0,0,0,0,0,0,0,0,0,17,22,0,0,5.9,0,0,0,0,0,0,0,0,2,232,233,0,0,0,0,0,2021,2,0,0,0,0,0,0,0,0,172,111,106,91,109,2,171,148,67,0,1041,110,LSkill2222,Twin Shot,Hitting twice more rapidly with one attack
skill_2223,2223,Twin Shot,2221,3,12,1,3,0,5,0,50,1,0,0,0,0,0,0,0,0,0,17,24,0,0,5.7,0,0,0,0,0,0,0,0,2,232,233,0,0,0,0,0,2021,3,0,0,0,0,0,0,0,0,172,111,112,91,118,2,171,148,67,0,1041,110,LSkill2222,Twin Shot,Hitting twice more rapidly with one attack
skill_2224,2224,Twin Shot,2221,4,14,1,3,0,5,0,55,1,0,0,0,0,0,0,0,0,0,17,26,0,0,5.7,0,0,0,0,0,0,0,0,2,232,233,0,0,0,0,0,2021,4,0,0,0,0,0,0,0,0,172,111,118,91,127,2,171,148,67,0,1041,110,LSkill2222,Twin Shot,Hitting twice more rapidly with one attack
skill_2225,2225,Twin Shot,2221,5,16,1,3,0,5,0,60,1,0,0,0,0,0,0,0,0,0,17,28,0,0,5.5,0,0,0,0,0,0,0,0,2,232,233,0,0,0,0,0,2021,5,0,0,0,0,0,0,0,0,172,111,124,91,136,2,171,148,67,0,1041,110,LSkill2222,Twin Shot,Hitting twice more rapidly with one attack
skill_2226,2226,Twin Shot,2221,6,19,1,3,0,5,0,65,1,0,0,0,0,0,0,0,0,0,17,30,0,0,5.5,0,0,0,0,0,0,0,0,2,232,233,0,0,0,0,0,2021,6,0,0,0,0,0,0,0,0,172,111,130,91,145,2,171,148,67,0,1041,110,LSkill2222,Twin Shot,Hitting twice more rapidly with one attack
skill_2227,2227,Twin Shot,2221,7,22,1,3,0,5,0,70,1,0,0,0,0,0,0,0,0,0,17,32,0,0,5.3,0,0,0,0,0,0,0,0,2,232,233,0,0,0,0,0,2021,7,0,0,0,0,0,0,0,0,172,111,136,91,154,2,171,148,67,0,1041,110,LSkill2222,Twin Shot,Hitting twice more rapidly with one attack
skill_2228,2228,Twin Shot,2221,8,25,1,3,0,5,0,75,1,0,0,0,0,0,0,0,0,0,17,34,0,0,5.3,0,0,0,0,0,0,0,0,2,232,233,0,0,0,0,0,2021,8,0,0,0,0,0,0,0,0,172,111,142,91,163,2,171,148,67,0,1041,110,LSkill2222,Twin Shot,Hitting twice more rapidly with one attack
skill_2229,2229,Twin Shot,2221,9,29,1,3,0,5,0,82,1,0,0,0,0,0,0,0,0,0,17,36,0,0,5.1,0,0,0,0,0,0,0,0,2,232,233,0,0,0,0,0,2021,9,0,0,0,0,0,0,0,0,172,111,148,91,172,2,171,148,67,0,1041,110,LSkill2222,Twin Shot,Hitting twice more rapidly with one attack
skill_2230,2230,Twin Shot,2221,10,33,1,3,0,5,0,90,1,0,0,0,0,0,0,0,0,0,17,38,0,0,5.1,0,0,0,0,0,0,0,0,2,232,233,0,0,0,0,0,2021,10,0,0,0,0,0,0,0,0,172,111,160,91,181,2,171,148,67,0,1041,110,LSkill2222,Twin Shot,Hitting twice more rapidly with one attack
skill_2231,2231,Triple Shot,2221,11,37,1,3,0,5,0,45,1,0,0,0,0,0,0,0,0,0,17,40,0,0,6.9,0,0,0,0,0,0,0,0,2,232,233,0,0,0,0,0,2021,11,0,0,0,0,31,70,0,0,172,111,120,92,100,2,171,148,67,0,1041,110,LSkill2231,Triple Shot,Hitting three times in succession more rapidly with one attack
skill_2232,2232,Triple Shot,2221,12,41,1,3,0,5,0,50,1,0,0,0,0,0,0,0,0,0,17,42,0,0,6.9,0,0,0,0,0,0,0,0,2,232,233,0,0,0,0,0,2021,12,0,0,0,0,0,0,0,0,172,111,124,92,106,2,171,148,67,0,1041,110,LSkill2231,Triple Shot,Hitting three times in succession more rapidly with one attack
skill_2233,2233,Triple Shot,2221,13,45,1,3,0,5,0,55,1,0,0,0,0,0,0,0,0,0,17,44,0,0,6.7,0,0,0,0,0,0,0,0,2,232,233,0,0,0,0,0,2021,13,0,0,0,0,0,0,0,0,172,111,128,92,112,2,171,148,67,0,1041,110,LSkill2231,Triple Shot,Hitting three times in succession more rapidly with one attack
skill_2234,2234,Triple Shot,2221,14,50,1,3,0,5,0,60,1,0,0,0,0,0,0,0,0,0,17,46,0,0,6.7,0,0,0,0,0,0,0,0,2,232,233,0,0,0,0,0,2021,14,0,0,0,0,0,0,0,0,172,111,132,92,118,2,171,148,67,0,1041,110,LSkill2231,Triple Shot,Hitting three times in succession more rapidly with one attack
skill_2235,2235,Triple Shot,2221,15,55,1,3,0,5,0,65,1,0,0,0,0,0,0,0,0,0,17,48,0,0,6.5,0,0,0,0,0,0,0,0,2,232,233,0,0,0,0,0,2021,15,0,0,0,0,0,0,0,0,172,111,136,92,124,2,171,148,67,0,1041,110,LSkill2231,Triple Shot,Hitting three times in succession more rapidly with one attack
skill_2236,2236,Triple Shot,2221,16,60,1,3,0,5,0,70,1,0,0,0,0,0,0,0,0,0,17,50,0,0,6.5,0,0,0,0,0,0,0,0,2,232,233,0,0,0,0,0,2021,16,0,0,0,0,0,0,0,0,172,111,140,92,130,2,171,148,67,0,1041,110,LSkill2231,Triple Shot,Hitting three times in succession more rapidly with one attack
skill_2237,2237,Triple Shot,2221,17,66,1,3,0,5,0,75,1,0,0,0,0,0,0,0,0,0,17,52,0,0,6.3,0,0,0,0,0,0,0,0,2,232,233,0,0,0,0,0,2021,17,0,0,0,0,0,0,0,0,172,111,144,92,136,2,171,148,67,0,1041,110,LSkill2231,Triple Shot,Hitting three times in succession more rapidly with one attack
skill_2238,2238,Triple Shot,2221,18,72,1,3,0,5,0,80,1,0,0,0,0,0,0,0,0,0,17,54,0,0,6.3,0,0,0,0,0,0,0,0,2,232,233,0,0,0,0,0,2021,18,0,0,0,0,0,0,0,0,172,111,148,92,142,2,171,148,67,0,1041,110,LSkill2231,Triple Shot,Hitting three times in succession more rapidly with one attack
skill_2239,2239,Triple Shot,2221,19,79,1,3,0,5,0,88,1,15,0,7,0,1,0,15,10,0,17,56,0,0,6.1,0,23,0,30,0,0,0,0,2,232,233,0,0,0,0,0,2021,19,0,0,0,0,0,0,0,0,172,111,152,92,148,2,171,148,67,0,1041,110,LSkill2231,Triple Shot,Hitting three times in succession more rapidly with one attack
skill_2240,2240,Triple Shot,2221,20,86,1,3,0,5,0,100,1,15,0,7,0,1,0,20,15,0,17,60,0,0,6.1,0,23,0,50,0,0,0,0,2,232,233,0,0,0,0,0,2021,20,0,0,0,0,0,0,0,0,172,111,156,92,154,2,171,148,67,0,1041,110,LSkill2231,Triple Shot,Hitting three times in succession more rapidly with one attack
skill_2241,2241,Union Weapon,2241,1,10,1,8,0,0,0,0,0,16,0,8,0,0,0,0,100,0,17,30,0,0,129.9,0,24,24,0,0,0,0,0,2,232,233,0,0,0,44,0,2141,3,0,0,0,0,0,0,0,0,176,114,100,153,100,0,221,0,0,0,1754,0,LSkill2241,Union Weapon,You can Increase hitting rate after mastering characters of weapon
skill_2242,2242,Union Weapon,2241,2,13,1,8,0,0,0,0,0,16,0,8,0,0,0,0,102,0,17,32,0,0,131.9,0,24,28,0,0,0,0,0,2,232,233,0,0,0,0,0,2141,4,0,0,0,0,0,0,0,0,176,114,100,153,100,0,221,0,0,0,1754,0,LSkill2241,Union Weapon,You can Increase hitting rate after mastering characters of weapon
skill_2243,2243,Union Weapon,2241,3,16,1,8,0,0,0,0,0,16,0,8,0,0,0,0,104,0,17,34,0,0,133.9,0,24,32,0,0,0,0,0,2,232,233,0,0,0,0,0,2141,5,0,0,0,0,0,0,0,0,176,114,100,153,100,0,221,0,0,0,1754,0,LSkill2241,Union Weapon,You can Increase hitting rate after mastering characters of weapon
skill_2244,2244,Union Weapon,2241,4,20,1,8,0,0,0,0,0,16,0,8,0,0,0,0,106,0,17,36,0,0,135.9,0,24,36,0,0,0,0,0,2,232,233,0,0,0,0,0,2141,6,0,0,0,0,0,0,0,0,176,114,100,153,100,0,221,0,0,0,1754,0,LSkill2241,Union Weapon,You can Increase hitting rate after mastering characters of weapon
skill_2245,2245,Union Weapon,2241,5,25,1,8,0,0,0,0,0,16,0,8,0,0,0,0,108,0,17,38,0,0,137.9,0,24,40,0,0,0,0,0,2,232,233,0,0,0,0,0,2141,7,0,0,0,0,0,0,0,0,176,114,100,153,100,0,221,0,0,0,1754,0,LSkill2241,Union Weapon,You can Increase hitting rate after mastering characters of weapon
skill_2246,2246,Union Weapon,2241,6,31,1,8,0,0,0,0,0,16,0,8,0,0,0,0,110,0,17,40,0,0,139.9,0,24,44,0,0,0,0,0,2,232,233,0,0,0,0,0,2141,8,0,0,0,0,0,0,0,0,176,114,100,153,100,0,221,0,0,0,1754,0,LSkill2241,Union Weapon,You can Increase hitting rate after mastering characters of weapon
skill_2247,2247,Union Weapon,2241,7,38,1,8,0,0,0,0,0,16,0,8,0,0,0,0,112,0,17,42,0,0,141.9,0,24,48,0,0,0,0,0,2,232,233,0,0,0,0,0,2141,9,0,0,0,0,0,0,0,0,176,114,100,153,100,0,221,0,0,0,1754,0,LSkill2241,Union Weapon,You can Increase hitting rate after mastering characters of weapon
skill_2248,2248,Union Weapon,2241,8,46,1,8,0,0,0,0,0,16,0,8,0,0,0,0,114,0,17,44,0,0,143.9,0,24,52,0,0,0,0,0,2,232,233,0,0,0,0,0,2141,10,0,0,0,0,0,0,0,0,176,114,100,153,100,0,221,0,0,0,1754,0,LSkill2241,Union Weapon,You can Increase hitting rate after mastering characters of weapon
skill_2249,2249,Union Weapon,2241,9,55,1,8,0,0,0,0,0,16,0,8,0,0,0,0,116,0,17,46,0,0,145.9,0,24,56,0,0,0,0,0,2,232,233,0,0,0,0,0,2141,11,0,0,0,0,0,0,0,0,176,114,100,153,100,0,221,0,0,0,1754,0,LSkill2241,Union Weapon,You can Increase hitting rate after mastering characters of weapon
skill_2250,2250,Union Weapon,2241,10,66,1,8,0,0,0,0,0,16,0,8,0,0,0,0,120,0,17,48,0,0,147.9,0,24,60,0,0,0,0,0,2,232,233,0,0,0,0,0,2141,12,0,0,0,0,0,0,0,0,176,114,100,153,100,0,221,0,0,0,1754,0,LSkill2241,Union Weapon,You can Increase hitting rate after mastering characters of weapon
skill_2261,2261,Aim Point,2261,1,35,1,3,3700,5,0,100,1,0,0,0,0,0,0,0,0,1,17,40,0,0,12.9,0,0,0,0,0,0,0,0,2,232,233,0,0,0,44,0,2141,10,2241,5,0,0,31,70,0,0,222,95,100,97,100,1,262,148,67,0,0,110,LSkill2261,Aim Point,You can damage your target in a distance.
skill_2262,2262,Aim Point,2261,2,40,1,3,3750,5,0,115,1,0,0,0,0,0,0,0,0,1,17,44,0,0,12.5,0,0,0,0,0,0,0,0,2,232,233,0,0,0,0,0,2141,11,0,0,0,0,0,0,0,0,222,95,100,97,100,1,262,148,67,0,0,110,LSkill2261,Aim Point,You can damage your target in a distance.
skill_2263,2263,Aim Point,2261,3,46,1,3,3800,5,0,130,1,0,0,0,0,0,0,0,0,1,17,48,0,0,12.1,0,0,0,0,0,0,0,0,2,232,233,0,0,0,0,0,2141,12,0,0,0,0,0,0,0,0,222,95,100,97,100,1,262,148,67,0,0,110,LSkill2261,Aim Point,You can damage your target in a distance.
skill_2264,2264,Aim Point,2261,4,53,1,3,3850,5,0,145,1,0,0,0,0,0,0,0,0,1,17,52,0,0,11.7,0,0,0,0,0,0,0,0,2,232,233,0,0,0,0,0,2141,13,0,0,0,0,0,0,0,0,222,95,100,97,100,1,262,148,67,0,0,110,LSkill2261,Aim Point,You can damage your target in a distance.
skill_2265,2265,Aim Point,2261,5,60,1,3,3900,5,0,160,1,0,0,0,0,0,0,0,0,1,17,56,0,0,11.3,0,0,0,0,0,0,0,0,2,232,233,0,0,0,0,0,2141,14,0,0,0,0,0,0,0,0,222,95,100,97,100,1,262,148,67,0,0,110,LSkill2261,Aim Point,You can damage your target in a distance.
skill_2266,2266,Aim Point,2261,6,68,1,3,3950,5,0,175,1,0,0,0,0,0,0,0,0,1,17,60,0,0,10.9,0,0,0,0,0,0,0,0,2,232,233,0,0,0,0,0,2141,15,0,0,0,0,0,0,0,0,222,95,100,97,100,1,262,148,67,0,0,110,LSkill2261,Aim Point,You can damage your target in a distance.
skill_2267,2267,Aim Point,2261,7,77,1,3,4000,5,0,190,1,0,0,0,0,0,0,0,0,1,17,64,0,0,10.5,0,0,0,0,0,0,0,0,2,232,233,0,0,0,0,0,2141,16,0,0,0,0,0,0,0,0,222,95,100,97,100,1,262,148,67,0,0,110,LSkill2261,Aim Point,You can damage your target in a distance.
skill_2268,2268,Aim Point,2261,8,87,1,3,4050,5,0,205,1,0,0,0,0,0,0,0,0,1,17,68,0,0,10.1,0,0,0,0,0,0,0,0,2,232,233,0,0,0,0,0,2141,17,0,0,0,0,0,0,0,0,222,95,100,97,100,1,262,148,67,0,0,110,LSkill2261,Aim Point,You can damage your target in a distance.
skill_2269,2269,Aim Point,2261,9,98,1,3,4100,5,0,220,1,0,0,0,0,0,0,0,0,1,17,72,0,0,9.7,0,0,0,0,0,0,0,0,2,232,233,0,0,0,0,0,2141,18,0,0,0,0,0,0,0,0,222,95,100,97,100,1,262,148,67,0,0,110,LSkill2261,Aim Point,You can damage your target in a distance.
skill_2270,2270,Aim Point,2261,10,111,1,3,4200,5,0,350,1,0,0,0,0,0,0,0,0,1,17,80,0,0,9.3,0,0,0,0,0,0,0,0,2,232,233,0,0,0,0,0,2141,19,0,0,0,0,0,0,0,0,222,95,100,97,100,1,262,148,67,0,0,110,LSkill2261,Aim Point,You can damage your target in a distance.
skill_2271,2271,Poison Fang,2271,1,15,1,3,0,5,800,80,0,8,0,3,0,1,0,40,16,1,17,40,0,0,15.9,0,0,0,0,0,0,0,0,2,232,233,0,0,0,44,0,2141,6,0,0,0,0,0,0,0,0,197,95,100,97,100,1,262,148,67,0,1041,110,LSkill2271,Poison Fang,You can poison your surrounds by firing poison bullet at your target.
skill_2272,2272,Poison Fang,2271,2,19,1,3,0,5,850,90,0,8,0,3,0,1,0,42,17,1,17,44,0,0,16.3,0,0,0,0,0,0,0,0,2,232,233,0,0,0,0,0,2141,7,0,0,0,0,0,0,0,0,197,95,100,97,100,1,262,148,67,0,1041,110,LSkill2271,Poison Fang,You can poison your surrounds by firing poison bullet at your target.
skill_2273,2273,Poison Fang,2271,3,24,1,3,0,5,900,100,0,8,0,3,0,1,0,44,18,1,17,48,0,0,16.7,0,0,0,0,0,0,0,0,2,232,233,0,0,0,0,0,2141,8,0,0,0,0,0,0,0,0,197,95,100,97,100,1,262,148,67,0,1041,110,LSkill2271,Poison Fang,You can poison your surrounds by firing poison bullet at your target.
skill_2274,2274,Poison Fang,2271,4,30,1,3,0,5,950,110,0,8,0,3,0,1,0,46,19,1,17,52,0,0,17.1,0,0,0,0,0,0,0,0,2,232,233,0,0,0,0,0,2141,9,0,0,0,0,0,0,0,0,197,95,100,97,100,1,262,148,67,0,1041,110,LSkill2271,Poison Fang,You can poison your surrounds by firing poison bullet at your target.
skill_2275,2275,Poison Fang,2271,5,37,1,3,0,5,1000,120,0,8,0,3,0,1,0,48,20,1,17,56,0,0,17.5,0,0,0,0,0,0,0,0,2,232,233,0,0,0,0,0,2141,10,0,0,0,0,0,0,0,0,197,95,100,97,100,1,262,148,67,0,1041,110,LSkill2271,Poison Fang,You can poison your surrounds by firing poison bullet at your target.
skill_2276,2276,Poison Fang,2271,6,45,1,3,0,5,1050,130,0,9,0,3,0,1,0,50,21,1,17,60,0,0,17.9,0,0,0,0,0,0,0,0,2,232,233,0,0,0,0,0,2141,11,0,0,0,0,0,0,0,0,197,95,100,97,100,1,262,148,67,0,1041,110,LSkill2271,Poison Fang,You can poison your surrounds by firing poison bullet at your target.
skill_2277,2277,Poison Fang,2271,7,55,1,3,0,5,1100,140,0,9,0,3,0,1,0,52,22,1,17,64,0,0,18.3,0,0,0,0,0,0,0,0,2,232,233,0,0,0,0,0,2141,12,0,0,0,0,0,0,0,0,197,95,100,97,100,1,262,148,67,0,1041,110,LSkill2271,Poison Fang,You can poison your surrounds by firing poison bullet at your target.
skill_2278,2278,Poison Fang,2271,8,67,1,3,0,5,1150,150,0,9,0,3,0,1,0,54,23,1,17,68,0,0,18.7,0,0,0,0,0,0,0,0,2,232,233,0,0,0,0,0,2141,13,0,0,0,0,0,0,0,0,197,95,100,97,100,1,262,148,67,0,1041,110,LSkill2271,Poison Fang,You can poison your surrounds by firing poison bullet at your target.
skill_2279,2279,Poison Fang,2271,9,81,1,3,0,5,1200,160,0,9,0,3,0,1,0,56,24,1,17,72,0,0,19.1,0,0,0,0,0,0,0,0,2,232,233,0,0,0,0,0,2141,14,0,0,0,0,0,0,0,0,197,95,100,97,100,1,262,148,67,0,1041,110,LSkill2271,Poison Fang,You can poison your surrounds by firing poison bullet at your target.
skill_2280,2280,Poison Fang,2271,10,98,1,3,0,5,1250,250,0,10,0,3,0,1,0,90,25,1,17,80,0,0,19.5,0,0,0,0,0,0,0,0,2,232,233,0,0,0,0,0,2141,15,0,0,0,0,0,0,0,0,197,95,100,97,100,1,262,148,67,0,1041,110,LSkill2271,Poison Fang,You can poison your surrounds by firing poison bullet at your target.
skill_2281,2281,Smash Gun,2281,1,15,1,3,300,5,0,60,1,0,0,0,0,0,0,0,0,1,17,20,0,0,8.9,0,0,0,0,0,0,0,0,1,232,233,0,0,0,44,0,2141,5,2241,3,0,0,0,0,0,0,192,129,100,231,100,1,0,0,1551,0,1041,1040,LSkill2281,Smash Gun,You hit hard adjacent enemy with gun
skill_2282,2282,Smash Gun,2281,2,18,1,3,300,5,0,68,1,0,0,0,0,0,0,0,0,1,17,22,0,0,8.9,0,0,0,0,0,0,0,0,1,232,233,0,0,0,0,0,2141,6,0,0,0,0,0,0,0,0,192,129,100,231,100,1,0,0,1551,0,1041,1040,LSkill2281,Smash Gun,You hit hard adjacent enemy with gun
skill_2283,2283,Smash Gun,2281,3,22,1,3,300,5,0,76,1,0,0,0,0,0,0,0,0,1,17,24,0,0,8.9,0,0,0,0,0,0,0,0,1,232,233,0,0,0,0,0,2141,7,0,0,0,0,0,0,0,0,192,129,100,231,100,1,0,0,1551,0,1041,1040,LSkill2281,Smash Gun,You hit hard adjacent enemy with gun
skill_2284,2284,Smash Gun,2281,4,26,1,3,300,5,0,84,1,0,0,0,0,0,0,0,0,1,17,26,0,0,8.9,0,0,0,0,0,0,0,0,1,232,233,0,0,0,0,0,2141,8,0,0,0,0,0,0,0,0,192,129,100,231,100,1,0,0,1551,0,1041,1040,LSkill2281,Smash Gun,You hit hard adjacent enemy with gun
skill_2285,2285,Smash Gun,2281,5,31,1,3,300,5,0,92,1,0,0,0,0,0,0,0,0,1,17,28,0,0,8.9,0,0,0,0,0,0,0,0,1,232,233,0,0,0,0,0,2141,9,0,0,0,0,0,0,0,0,192,129,100,231,100,1,0,0,1551,0,1041,1040,LSkill2281,Smash Gun,You hit hard adjacent enemy with gun
skill_2286,2286,Smash Gun,2281,6,36,1,3,300,5,0,100,1,0,0,0,0,0,0,0,0,1,17,30,0,0,8.9,0,0,0,0,0,0,0,0,1,232,233,0,0,0,0,0,2141,10,0,0,0,0,0,0,0,0,192,129,100,231,100,1,0,0,1551,0,1041,1040,LSkill2281,Smash Gun,You hit hard adjacent enemy with gun
skill_2287,2287,Smash Gun,2281,7,42,1,3,300,5,0,108,1,0,0,0,0,0,0,0,0,1,17,32,0,0,8.9,0,0,0,0,0,0,0,0,1,232,233,0,0,0,0,0,2141,11,0,0,0,0,0,0,0,0,192,129,100,231,100,1,0,0,1551,0,1041,1040,LSkill2281,Smash Gun,You hit hard adjacent enemy with gun
skill_2288,2288,Smash Gun,2281,8,49,1,3,300,5,0,116,1,0,0,0,0,0,0,0,0,1,17,34,0,0,8.9,0,0,0,0,0,0,0,0,1,232,233,0,0,0,0,0,2141,12,0,0,0,0,0,0,0,0,192,129,100,231,100,1,0,0,1551,0,1041,1040,LSkill2281,Smash Gun,You hit hard adjacent enemy with gun
skill_2289,2289,Smash Gun,2281,9,57,1,3,300,5,0,124,1,32,0,24,0,1,0,50,5,1,17,36,0,0,8.9,0,0,0,0,0,0,0,0,1,232,233,0,0,0,0,0,2141,13,0,0,0,0,0,0,0,0,192,129,100,231,100,1,0,0,1551,0,1041,1040,LSkill2281,Smash Gun,You hit hard adjacent enemy with gun
skill_2290,2290,Smash Gun,2281,10,66,1,3,300,5,0,140,1,32,0,24,0,1,0,70,5,1,17,40,0,0,8.9,0,0,0,0,0,0,0,0,1,232,233,0,0,0,0,0,2141,14,0,0,0,0,0,0,0,0,192,129,100,231,100,1,0,0,1551,0,1041,1040,LSkill2281,Smash Gun,You hit hard adjacent enemy with gun
skill_2301,2301,Zuly Storm,2301,1,40,1,17,0,5,1300,160,1,0,0,0,0,0,0,0,0,1,40,100,17,20,15.9,0,0,0,0,0,0,0,0,0,0,0,0,0,0,67,0,2141,10,2311,5,0,0,0,0,0,0,184,115,100,172,100,1,0,0,139,0,0,1121,LSkill2301,Zuly Storm,You damage enemies with zuly storm
skill_2302,2302,Zuly Storm,2301,2,45,1,17,0,5,1330,180,1,0,0,0,0,0,0,0,0,1,40,120,17,22,16.3,0,0,0,0,0,0,0,0,0,0,0,0,0,0,0,0,2141,11,0,0,0,0,0,0,0,0,184,115,100,172,100,1,0,0,139,0,0,1121,LSkill2301,Zuly Storm,You damage enemies with zuly storm
skill_2303,2303,Zuly Storm,2301,3,51,1,17,0,5,1360,200,1,0,0,0,0,0,0,0,0,1,40,140,17,24,16.7,0,0,0,0,0,0,0,0,0,0,0,0,0,0,0,0,2141,12,0,0,0,0,0,0,0,0,184,115,100,172,100,1,0,0,139,0,0,1121,LSkill2301,Zuly Storm,You damage enemies with zuly storm
skill_2304,2304,Zuly Storm,2301,4,57,1,17,0,5,1390,220,1,0,0,0,0,0,0,0,0,1,40,160,17,26,17.1,0,0,0,0,0,0,0,0,0,0,0,0,0,0,0,0,2141,13,0,0,0,0,0,0,0,0,184,115,100,172,100,1,0,0,139,0,0,1121,LSkill2301,Zuly Storm,You damage enemies with zuly storm
skill_2305,2305,Zuly Storm,2301,5,64,1,17,0,5,1420,240,1,0,0,0,0,0,0,0,0,1,40,180,17,28,17.5,0,0,0,0,0,0,0,0,0,0,0,0,0,0,0,0,2141,14,0,0,0,0,0,0,0,0,184,115,100,172,100,1,0,0,139,0,0,1121,LSkill2301,Zuly Storm,You damage enemies with zuly storm
skill_2306,2306,Zuly Storm,2301,6,71,1,17,0,5,1450,260,1,0,0,0,0,0,0,0,0,1,40,200,17,30,17.9,0,0,0,0,0,0,0,0,0,0,0,0,0,0,0,0,2141,15,0,0,0,0,0,0,0,0,184,115,100,172,100,1,0,0,139,0,0,1121,LSkill2301,Zuly Storm,You damage enemies with zuly storm
skill_2307,2307,Zuly Storm,2301,7,79,1,17,0,5,1480,280,1,0,0,0,0,0,0,0,0,1,40,220,17,32,18.3,0,0,0,0,0,0,0,0,0,0,0,0,0,0,0,0,2141,16,0,0,0,0,0,0,0,0,184,115,100,172,100,1,0,0,139,0,0,1121,LSkill2301,Zuly Storm,You damage enemies with zuly storm
skill_2308,2308,Zuly Storm,2301,8,88,1,17,0,5,1510,300,1,0,0,0,0,0,0,0,0,1,40,240,17,34,18.7,0,0,0,0,0,0,0,0,0,0,0,0,0,0,0,0,2141,17,0,0,0,0,0,0,0,0,184,115,100,172,100,1,0,0,139,0,0,1121,LSkill2301,Zuly Storm,You damage enemies with zuly storm
skill_2309,2309,Zuly Storm,2301,9,98,1,17,0,5,1540,320,1,0,0,0,0,0,0,0,0,1,40,260,17,36,19.1,0,0,0,0,0,0,0,0,0,0,0,0,0,0,0,0,2141,18,0,0,0,0,0,0,0,0,184,115,100,172,100,1,0,0,139,0,0,1121,LSkill2301,Zuly Storm,You damage enemies with zuly storm
skill_2310,2310,Zuly Storm,2301,10,109,1,17,0,5,1570,350,1,0,0,0,0,0,0,0,0,1,40,300,17,40,19.5,0,0,0,0,0,0,0,0,0,0,0,0,0,0,0,0,2141,19,0,0,0,0,0,0,0,0,184,115,100,172,100,1,0,0,139,0,0,1121,LSkill2301,Zuly Storm,You damage enemies with zuly storm
skill_2311,2311,Zuly Pink,2311,1,20,1,6,2500,5,0,110,1,0,0,0,0,0,0,0,0,2,40,40,17,10,6.9,0,0,0,0,0,0,0,0,2,0,0,0,0,0,44,0,2141,8,0,0,0,0,0,0,0,0,198,116,150,211,100,1,281,0,199,0,1801,1693,LSkill2311,Zuly Pink,You can damage your target with Zuly.
skill_2312,2312,Zuly Pink,2311,2,24,1,6,2540,5,0,130,1,0,0,0,0,0,0,0,0,2,40,48,17,11,6.7,0,0,0,0,0,0,0,0,2,0,0,0,0,0,0,0,2141,9,0,0,0,0,0,0,0,0,198,116,155,211,100,1,281,0,199,0,1801,1693,LSkill2311,Zuly Pink,You can damage your target with Zuly.
skill_2313,2313,Zuly Pink,2311,3,29,1,6,2580,5,0,150,1,0,0,0,0,0,0,0,0,2,40,56,17,12,6.5,0,0,0,0,0,0,0,0,2,0,0,0,0,0,0,0,2141,10,0,0,0,0,0,0,0,0,198,116,160,211,100,1,281,0,199,0,1801,1693,LSkill2311,Zuly Pink,You can damage your target with Zuly.
skill_2314,2314,Zuly Pink,2311,4,34,1,6,2620,5,0,170,1,0,0,0,0,0,0,0,0,2,40,64,17,13,6.3,0,0,0,0,0,0,0,0,2,0,0,0,0,0,0,0,2141,11,0,0,0,0,0,0,0,0,198,116,165,211,100,1,281,0,199,0,1801,1693,LSkill2311,Zuly Pink,You can damage your target with Zuly.
skill_2315,2315,Zuly Pink,2311,5,40,1,6,2660,5,0,190,1,0,0,0,0,0,0,0,0,2,40,72,17,14,6.1,0,0,0,0,0,0,0,0,2,0,0,0,0,0,0,0,2141,12,0,0,0,0,0,0,0,0,198,116,170,211,100,1,281,0,199,0,1801,1693,LSkill2311,Zuly Pink,You can damage your target with Zuly.
skill_2316,2316,Zuly Pink,2311,6,47,1,6,2700,5,0,215,1,0,0,0,0,0,0,0,0,2,40,80,17,15,5.9,0,0,0,0,0,0,0,0,2,0,0,0,0,0,0,0,2141,13,0,0,0,0,0,0,0,0,198,116,175,211,100,1,281,0,199,0,1801,1693,LSkill2311,Zuly Pink,You can damage your target with Zuly.
skill_2317,2317,Zuly Pink,2311,7,55,1,6,2750,5,0,240,1,0,0,0,0,0,0,0,0,2,40,90,17,16,5.7,0,0,0,0,0,0,0,0,2,0,0,0,0,0,0,0,2141,14,0,0,0,0,0,0,0,0,198,116,180,211,100,1,281,0,199,0,1801,1693,LSkill2311,Zuly Pink,You can damage your target with Zuly.
skill_2318,2318,Zuly Pink,2311,8,64,1,6,2800,5,0,265,1,0,0,0,0,0,0,0,0,2,40,100,17,17,5.5,0,0,0,0,0,0,0,0,2,0,0,0,0,0,0,0,2141,15,0,0,0,0,0,0,0,0,198,116,185,211,100,1,281,0,199,0,1801,1693,LSkill2311,Zuly Pink,You can damage your target with Zuly.
skill_2319,2319,Zuly Pink,2311,9,75,1,6,2850,5,0,290,1,0,0,0,0,0,0,0,0,2,40,110,17,18,5.3,0,0,0,0,0,0,0,0,2,0,0,0,0,0,0,0,2141,16,0,0,0,0,0,0,0,0,198,116,190,211,100,1,281,0,199,0,1801,1693,LSkill2311,Zuly Pink,You can damage your target with Zuly.
skill_2320,2320,Zuly Pink,2311,10,87,1,6,3000,5,0,330,1,0,0,0,0,0,0,0,0,2,40,130,17,20,5.1,0,0,0,0,0,0,0,0,2,0,0,0,0,0,0,0,2141,17,0,0,0,0,0,0,0,0,198,116,195,211,100,1,281,0,199,0,1801,1693,LSkill2311,Zuly Pink,You can damage your target with Zuly.
skill_2323,2323,Warfare,2323,1,60,1,17,0,5,1450,270,1,17,19,9,11,1,1,0,10,1,40,200,0,0,17.9,0,24,0,10,18,0,7,0,2,232,233,0,0,0,67,0,0,0,0,0,0,0,31,230,0,0,300,115,100,212,100,1,0,0,1567,0,0,1570,LSkill6216,Warfare,"By using your experience on wars, you can make your enemies step back and slow down temporarily."
skill_2324,2324,Warfare,2323,2,70,1,17,0,5,1480,290,1,17,19,9,11,1,1,0,12,1,40,220,0,0,18.3,0,24,0,20,18,0,10,0,2,232,233,0,0,0,67,0,0,0,0,0,0,0,31,232,0,0,300,115,100,212,100,1,0,0,1567,0,0,1570,LSkill6216,Warfare,"By using your experience on wars, you can make your enemies step back and slow down temporarily."
skill_2325,2325,Warfare,2323,3,80,1,17,0,5,1510,320,1,17,19,9,11,1,1,0,14,1,40,240,0,0,18.9,0,24,0,30,18,0,12,0,2,232,233,0,0,0,67,0,0,0,0,0,0,0,31,234,0,0,300,115,100,212,100,1,0,0,1567,0,0,1570,LSkill6216,Warfare,"By using your experience on wars, you can make your enemies step back and slow down temporarily."
skill_2326,2326,Warfare,2323,4,90,1,17,0,5,1540,350,1,17,19,9,11,1,1,0,17,1,40,260,0,0,19.9,0,24,0,40,18,0,15,0,2,232,233,0,0,0,67,0,0,0,0,0,0,0,31,236,0,0,300,115,100,212,100,1,0,0,1567,0,0,1570,LSkill6216,Warfare,"By using your experience on wars, you can make your enemies step back and slow down temporarily."
skill_2327,2327,Warfare,2323,5,100,1,17,0,5,1570,400,1,17,19,9,11,1,1,0,20,1,40,300,0,0,22.9,0,24,0,60,18,0,20,0,2,232,233,0,0,0,67,0,0,0,0,0,0,0,31,238,0,0,300,115,100,212,100,1,0,0,1567,0,0,1570,LSkill6216,Warfare,"By using your experience on wars, you can make your enemies step back and slow down temporarily."
skill_2329,2329,Hidden Power,2329,1,60,1,6,2700,5,0,500,1,23,0,15,0,1,0,48,25,2,40,80,17,0,11.7,0,21,22,11,0,0,0,0,2,232,233,0,0,0,68,0,0,0,0,0,0,0,31,230,0,0,299,111,195,216,100,1,259,1003,1201,0,413,413,LSkill6215,Hidden Power,"By understanding how inner power works, you can release a powerful aura unto your target, causing them m-def to decreased."
skill_2330,2330,Hidden Power,2329,2,70,1,6,2750,5,0,530,1,23,0,15,0,1,0,55,30,2,40,90,17,0,11.5,0,21,24,12,0,0,0,0,2,232,233,0,0,0,68,0,0,0,0,0,0,0,31,232,0,0,299,111,195,216,100,1,259,1003,1201,0,413,413,LSkill6215,Hidden Power,"By understanding how inner power works, you can release a powerful aura unto your target, causing them m-def to decreased."
skill_2331,2331,Hidden Power,2329,3,80,1,6,2800,5,0,540,1,23,0,15,0,1,0,60,30,2,40,100,17,0,11.3,0,21,26,13,0,0,0,0,2,232,233,0,0,0,68,0,0,0,0,0,0,0,31,234,0,0,299,111,195,216,100,1,259,1003,1201,0,413,413,LSkill6215,Hidden Power,"By understanding how inner power works, you can release a powerful aura unto your target, causing them m-def to decreased."
skill_2332,2332,Hidden Power,2329,4,90,1,6,2850,5,0,550,1,23,0,15,0,1,0,65,25,2,40,110,17,0,11.1,0,21,28,20,0,0,0,0,2,232,233,0,0,0,68,0,0,0,0,0,0,0,31,236,0,0,299,111,195,216,100,1,259,1003,1201,0,413,413,LSkill6215,Hidden Power,"By understanding how inner power works, you can release a powerful aura unto your target, causing them m-def to decreased."
skill_2333,2333,Hidden Power,2329,5,100,1,6,3000,5,0,600,1,23,0,15,0,1,0,68,30,2,40,130,17,0,10.9,0,21,30,30,0,0,0,0,2,232,233,0,0,0,68,0,0,0,0,0,0,0,31,238,0,0,299,115,195,172,100,1,259,1003,1201,0,413,413,LSkill6215,Hidden Power,"By understanding how inner power works, you can release a powerful aura unto your target, causing them m-def to decreased."
skill_2351,2351,Employ Warrior,2351,1,20,1,14,0,0,0,0,0,0,0,0,0,0,0,0,0,0,40,150,0,0,4.9,0,0,0,0,0,0,0,851,2,0,0,0,0,0,44,0,2101,1,0,0,0,0,0,0,0,0,179,118,100,155,100,1,221,90,0,0,0,0,LSkill2351,Employ Warrior,"With Zuly, you employ warrior who is specialized in near attacking"
skill_2352,2352,Employ Warrior,2351,2,22,1,14,0,0,0,0,0,0,0,0,0,0,0,0,0,0,40,160,0,0,4.9,0,0,0,0,0,0,0,852,2,0,0,0,0,0,0,0,0,0,0,0,0,0,0,0,0,0,179,118,100,155,100,1,221,90,0,0,0,0,LSkill2351,Employ Warrior,"With Zuly, you employ warrior who is specialized in near attacking"
skill_2353,2353,Employ Warrior,2351,3,25,1,14,0,0,0,0,0,0,0,0,0,0,0,0,0,0,40,170,0,0,4.9,0,0,0,0,0,0,0,853,2,0,0,0,0,0,0,0,2101,2,0,0,0,0,0,0,0,0,179,118,100,155,100,1,221,90,0,0,0,0,LSkill2351,Employ Warrior,"With Zuly, you employ warrior who is specialized in near attacking"
skill_2354,2354,Employ Warrior,2351,4,28,1,14,0,0,0,0,0,0,0,0,0,0,0,0,0,0,40,180,0,0,4.9,0,0,0,0,0,0,0,854,2,0,0,0,0,0,0,0,0,0,0,0,0,0,0,0,0,0,179,118,100,155,100,1,221,90,0,0,0,0,LSkill2351,Employ Warrior,"With Zuly, you employ warrior who is specialized in near attacking"
skill_2355,2355,Employ Warrior,2351,5,31,1,14,0,0,0,0,0,0,0,0,0,0,0,0,0,0,40,190,0,0,4.9,0,0,0,0,0,0,0,855,2,0,0,0,0,0,0,0,2101,3,0,0,0,0,0,0,0,0,179,118,100,155,100,1,221,90,0,0,0,0,LSkill2351,Employ Warrior,"With Zuly, you employ warrior who is specialized in near attacking"
skill_2356,2356,Employ Warrior,2351,6,34,1,14,0,0,0,0,0,0,0,0,0,0,0,0,0,0,40,200,0,0,4.9,0,0,0,0,0,0,0,856,2,0,0,0,0,0,0,0,0,0,0,0,0,0,0,0,0,0,179,118,100,155,100,1,221,90,0,0,0,0,LSkill2351,Employ Warrior,"With Zuly, you employ warrior who is specialized in near attacking"
skill_2357,2357,Employ Warrior,2351,7,37,1,14,0,0,0,0,0,0,0,0,0,0,0,0,0,0,40,210,0,0,4.9,0,0,0,0,0,0,0,857,2,0,0,0,0,0,0,0,2101,4,0,0,0,0,0,0,0,0,179,118,100,155,100,1,221,90,0,0,0,0,LSkill2351,Employ Warrior,"With Zuly, you employ warrior who is specialized in near attacking"
skill_2358,2358,Employ Warrior,2351,8,41,1,14,0,0,0,0,0,0,0,0,0,0,0,0,0,0,40,220,0,0,4.9,0,0,0,0,0,0,0,858,2,0,0,0,0,0,0,0,0,0,0,0,0,0,0,0,0,0,179,118,100,155,100,1,221,90,0,0,0,0,LSkill2351,Employ Warrior,"With Zuly, you employ warrior who is specialized in near attacking"
skill_2359,2359,Employ Warrior,2351,9,45,1,14,0,0,0,0,0,0,0,0,0,0,0,0,0,0,40,230,0,0,4.9,0,0,0,0,0,0,0,859,2,0,0,0,0,0,0,0,2101,5,0,0,0,0,0,0,0,0,179,118,100,155,100,1,221,90,0,0,0,0,LSkill2351,Employ Warrior,"With Zuly, you employ warrior who is specialized in near attacking"
skill_2360,2360,Employ Warrior,2351,10,49,1,14,0,0,0,0,0,0,0,0,0,0,0,0,0,0,40,250,0,0,4.9,0,0,0,0,0,0,0,860,2,0,0,0,0,0,0,0,2101,6,0,0,0,0,0,0,0,0,179,118,100,155,100,1,221,90,0,0,0,0,LSkill2351,Employ Warrior,"With Zuly, you employ warrior who is specialized in near attacking"
skill_2361,2361,Employ Hunter,2361,1,25,1,14,0,0,0,0,0,0,0,0,0,0,0,0,0,0,40,200,0,0,5.9,0,0,0,0,0,0,0,861,2,0,0,0,0,0,67,0,2101,5,2351,3,0,0,0,0,0,0,182,118,100,155,100,1,221,90,0,0,0,0,LSkill2361,Employ Hunter,"With Zuly, you employed hunter who is specialized in long-distance attacking"
skill_2362,2362,Employ Hunter,2361,2,28,1,14,0,0,0,0,0,0,0,0,0,0,0,0,0,0,40,210,0,0,5.9,0,0,0,0,0,0,0,862,2,0,0,0,0,0,0,0,0,0,0,0,0,0,0,0,0,0,182,118,100,155,100,1,221,90,0,0,0,0,LSkill2361,Employ Hunter,"With Zuly, you employed hunter who is specialized in long-distance attacking"
skill_2363,2363,Employ Hunter,2361,3,32,1,14,0,0,0,0,0,0,0,0,0,0,0,0,0,0,40,220,0,0,5.9,0,0,0,0,0,0,0,863,2,0,0,0,0,0,0,0,2101,6,0,0,0,0,0,0,0,0,182,118,100,155,100,1,221,90,0,0,0,0,LSkill2361,Employ Hunter,"With Zuly, you employed hunter who is specialized in long-distance attacking"
skill_2364,2364,Employ Hunter,2361,4,36,1,14,0,0,0,0,0,0,0,0,0,0,0,0,0,0,40,230,0,0,5.9,0,0,0,0,0,0,0,864,2,0,0,0,0,0,0,0,0,0,0,0,0,0,0,0,0,0,182,118,100,155,100,1,221,90,0,0,0,0,LSkill2361,Employ Hunter,"With Zuly, you employed hunter who is specialized in long-distance attacking"
skill_2365,2365,Employ Hunter,2361,5,40,1,14,0,0,0,0,0,0,0,0,0,0,0,0,0,0,40,240,0,0,5.9,0,0,0,0,0,0,0,865,2,0,0,0,0,0,0,0,2101,7,0,0,0,0,0,0,0,0,182,118,100,155,100,1,221,90,0,0,0,0,LSkill2361,Employ Hunter,"With Zuly, you employed hunter who is specialized in long-distance attacking"
skill_2366,2366,Employ Hunter,2361,6,45,1,14,0,0,0,0,0,0,0,0,0,0,0,0,0,0,40,250,0,0,5.9,0,0,0,0,0,0,0,866,2,0,0,0,0,0,0,0,0,0,0,0,0,0,0,0,0,0,182,118,100,155,100,1,221,90,0,0,0,0,LSkill2361,Employ Hunter,"With Zuly, you employed hunter who is specialized in long-distance attacking"
skill_2367,2367,Employ Hunter,2361,7,50,1,14,0,0,0,0,0,0,0,0,0,0,0,0,0,0,40,260,0,0,5.9,0,0,0,0,0,0,0,867,2,0,0,0,0,0,0,0,2101,8,0,0,0,0,0,0,0,0,182,118,100,155,100,1,221,90,0,0,0,0,LSkill2361,Employ Hunter,"With Zuly, you employed hunter who is specialized in long-distance attacking"
skill_2368,2368,Employ Hunter,2361,8,56,1,14,0,0,0,0,0,0,0,0,0,0,0,0,0,0,40,270,0,0,5.9,0,0,0,0,0,0,0,868,2,0,0,0,0,0,0,0,0,0,0,0,0,0,0,0,0,0,182,118,100,155,100,1,221,90,0,0,0,0,LSkill2361,Employ Hunter,"With Zuly, you employed hunter who is specialized in long-distance attacking"
skill_2369,2369,Employ Hunter,2361,9,62,1,14,0,0,0,0,0,0,0,0,0,0,0,0,0,0,40,280,0,0,5.9,0,0,0,0,0,0,0,869,2,0,0,0,0,0,0,0,2101,9,0,0,0,0,0,0,0,0,182,118,100,155,100,1,221,90,0,0,0,0,LSkill2361,Employ Hunter,"With Zuly, you employed hunter who is specialized in long-distance attacking"
skill_2370,2370,Employ Hunter,2361,10,69,1,14,0,0,0,0,0,0,0,0,0,0,0,0,0,0,40,300,0,0,5.9,0,0,0,0,0,0,0,870,2,0,0,0,0,0,0,0,2101,10,0,0,0,0,0,0,0,0,182,118,100,155,100,1,221,90,0,0,0,0,LSkill2361,Employ Hunter,"With Zuly, you employed hunter who is specialized in long-distance attacking"
skill_2371,2371,Terror Knight,2371,1,40,1,14,0,0,0,0,0,0,0,0,0,0,0,0,0,0,40,250,17,100,7.9,0,0,0,0,0,0,0,871,2,0,0,0,0,0,67,0,2101,8,2361,3,0,0,0,0,0,0,189,118,100,155,100,1,221,90,0,0,0,0,LSkill2371,Terror Knight,Calling Terror Knight
skill_2372,2372,Terror Knight,2371,2,45,1,14,0,0,0,0,0,0,0,0,0,0,0,0,0,0,40,265,17,105,8.1,0,0,0,0,0,0,0,872,2,0,0,0,0,0,0,0,0,0,0,0,0,0,0,0,0,0,189,118,100,155,100,1,221,90,0,0,0,0,LSkill2371,Terror Knight,Calling Terror Knight
skill_2373,2373,Terror Knight,2371,3,51,1,14,0,0,0,0,0,0,0,0,0,0,0,0,0,0,40,280,17,110,8.3,0,0,0,0,0,0,0,873,2,0,0,0,0,0,0,0,2101,9,0,0,0,0,0,0,0,0,189,118,100,155,100,1,221,90,0,0,0,0,LSkill2371,Terror Knight,Calling Terror Knight
skill_2374,2374,Terror Knight,2371,4,58,1,14,0,0,0,0,0,0,0,0,0,0,0,0,0,0,40,295,17,115,8.5,0,0,0,0,0,0,0,874,2,0,0,0,0,0,0,0,0,0,0,0,0,0,0,0,0,0,189,118,100,155,100,1,221,90,0,0,0,0,LSkill2371,Terror Knight,Calling Terror Knight
skill_2375,2375,Terror Knight,2371,5,65,1,14,0,0,0,0,0,0,0,0,0,0,0,0,0,0,40,310,17,120,8.7,0,0,0,0,0,0,0,875,2,0,0,0,0,0,0,0,2101,10,0,0,0,0,0,0,0,0,189,118,100,155,100,1,221,90,0,0,0,0,LSkill2371,Terror Knight,Calling Terror Knight
skill_2376,2376,Terror Knight,2371,6,73,1,14,0,0,0,0,0,0,0,0,0,0,0,0,0,0,40,325,17,125,8.9,0,0,0,0,0,0,0,876,2,0,0,0,0,0,0,0,0,0,0,0,0,0,0,0,0,0,189,118,100,155,100,1,221,90,0,0,0,0,LSkill2371,Terror Knight,Calling Terror Knight
skill_2377,2377,Terror Knight,2371,7,82,1,14,0,0,0,0,0,0,0,0,0,0,0,0,0,0,40,340,17,130,9.1,0,0,0,0,0,0,0,877,2,0,0,0,0,0,0,0,0,0,0,0,0,0,0,0,0,0,189,118,100,155,100,1,221,90,0,0,0,0,LSkill2371,Terror Knight,Calling Terror Knight
skill_2378,2378,Terror Knight,2371,8,92,1,14,0,0,0,0,0,0,0,0,0,0,0,0,0,0,40,355,17,135,9.3,0,0,0,0,0,0,0,878,2,0,0,0,0,0,0,0,0,0,0,0,0,0,0,0,0,0,189,118,100,155,100,1,221,90,0,0,0,0,LSkill2371,Terror Knight,Calling Terror Knight
skill_2379,2379,Terror Knight,2371,9,103,1,14,0,0,0,0,0,0,0,0,0,0,0,0,0,0,40,370,17,140,9.5,0,0,0,0,0,0,0,879,2,0,0,0,0,0,0,0,0,0,0,0,0,0,0,0,0,0,189,118,100,155,100,1,221,90,0,0,0,0,LSkill2371,Terror Knight,Calling Terror Knight
skill_2380,2380,Terror Knight,2371,10,115,1,14,0,0,0,0,0,0,0,0,0,0,0,0,0,0,40,400,17,145,9.7,0,0,0,0,0,0,0,880,2,0,0,0,0,0,0,0,0,0,0,0,0,0,0,0,0,0,189,118,100,155,100,1,221,90,0,0,0,0,LSkill2371,Terror Knight,Calling Terror Knight
skill_2381,2381,Land Mine,2381,1,40,1,14,0,0,0,0,0,0,0,0,0,0,0,0,0,0,17,250,0,0,0.9,0,0,0,0,0,0,0,891,2,0,0,0,0,0,67,0,2101,8,2371,3,0,0,31,200,0,0,189,118,100,155,100,1,221,90,0,0,0,0,LSkill2381,Employ Furious Beast,Calling Furiois Beast from the wild.
skill_2382,2382,Land Mine,2381,2,45,1,14,0,0,0,0,0,0,0,0,0,0,0,0,0,0,17,265,0,0,1.1,0,0,0,0,0,0,0,891,2,0,0,0,0,0,0,0,0,0,0,0,0,0,31,201,0,0,189,118,100,155,100,1,221,90,0,0,0,0,LSkill2381,Employ Furious Beast,Calling Furiois Beast from the wild.
skill_2383,2383,Land Mine,2381,3,51,1,14,0,0,0,0,0,0,0,0,0,0,0,0,0,0,17,280,0,0,1.3,0,0,0,0,0,0,0,892,2,0,0,0,0,0,0,0,2101,9,0,0,0,0,31,202,0,0,189,118,100,155,100,1,221,90,0,0,0,0,LSkill2381,Employ Furious Beast,Calling Furiois Beast from the wild.
skill_2384,2384,Land Mine,2381,4,58,1,14,0,0,0,0,0,0,0,0,0,0,0,0,0,0,17,298,0,0,1.5,0,0,0,0,0,0,0,893,2,0,0,0,0,0,0,0,0,0,0,0,0,0,31,203,0,0,189,118,100,155,100,1,221,90,0,0,0,0,LSkill2381,Employ Furious Beast,Calling Furiois Beast from the wild.
skill_2385,2385,Land Mine,2381,5,65,1,14,0,0,0,0,0,0,0,0,0,0,0,0,0,0,17,310,0,0,1.7,0,0,0,0,0,0,0,894,2,0,0,0,0,0,0,0,2101,10,0,0,0,0,31,204,0,0,189,118,100,155,100,1,221,90,0,0,0,0,LSkill2381,Employ Furious Beast,Calling Furiois Beast from the wild.
skill_2386,2386,Land Mine,2381,6,73,1,14,0,0,0,0,0,0,0,0,0,0,0,0,0,0,17,325,0,0,1.9,0,0,0,0,0,0,0,895,2,0,0,0,0,0,0,0,0,0,0,0,0,0,31,205,0,0,189,118,100,155,100,1,221,90,0,0,0,0,LSkill2381,Employ Furious Beast,Calling Furiois Beast from the wild.
skill_2387,2387,Land Mine,2381,7,82,1,14,0,0,0,0,0,0,0,0,0,0,0,0,0,0,17,340,0,0,2.1,0,0,0,0,0,0,0,896,2,0,0,0,0,0,0,0,0,0,0,0,0,0,31,206,0,0,189,118,100,155,100,1,221,90,0,0,0,0,LSkill2381,Employ Furious Beast,Calling Furiois Beast from the wild.
skill_2388,2388,Land Mine,2381,8,92,1,14,0,0,0,0,0,0,0,0,0,0,0,0,0,0,17,355,0,0,2.3,0,0,0,0,0,0,0,897,2,0,0,0,0,0,0,0,0,0,0,0,0,0,31,207,0,0,189,118,100,155,100,1,221,90,0,0,0,0,LSkill2381,Employ Furious Beast,Calling Furiois Beast from the wild.
skill_2389,2389,Land Mine,2381,9,103,1,14,0,0,0,0,0,0,0,0,0,0,0,0,0,0,17,370,0,0,2.5,0,0,0,0,0,0,0,898,2,0,0,0,0,0,0,0,0,0,0,0,0,0,31,208,0,0,189,118,100,155,100,1,221,90,0,0,0,0,LSkill2381,Employ Furious Beast,Calling Furiois Beast from the wild.
skill_2390,2390,Land Mine,2381,10,115,1,14,0,0,0,0,0,0,0,0,0,0,0,0,0,0,17,400,0,0,2.9,0,0,0,0,0,0,0,899,2,0,0,0,0,0,0,0,0,0,0,0,0,0,31,210,0,0,189,118,100,155,100,1,221,90,0,0,0,0,LSkill2381,Employ Furious Beast,Calling Furiois Beast from the wild.
skill_2395,2395,Land Mine,2381,1,0,1,14,0,0,0,0,0,0,0,0,0,0,0,0,0,0,17,250,0,0,0.9,0,0,0,0,0,0,0,578,2,0,0,0,0,0,0,0,0,0,0,0,0,0,0,0,0,0,189,118,100,155,100,1,221,90,0,0,0,0,LSkill2381,Employ Furious Beast,Calling Furiois Beast from the wild.
skill_2401,2401,Natural Item Craft,2401,1,5,1,2,0,0,0,41,0,0,0,0,0,0,0,0,0,0,17,50,0,0,0.0,0,0,0,0,0,0,0,0,0,0,0,0,0,0,44,0,2001,1,0,0,0,0,0,0,0,0,148,112,100,151,100,0,221,90,0,0,1752,1501,LSkill2401,Natural Item Craft,Craft of natural item
skill_2402,2402,Natural Item Craft,2401,2,10,1,2,0,0,0,41,0,0,0,0,0,0,0,0,0,0,17,55,0,0,0.0,0,0,0,0,0,0,0,0,0,0,0,0,0,0,0,0,2001,2,0,0,0,0,0,0,0,0,148,112,100,151,100,0,221,90,0,0,1752,1501,LSkill2401,Natural Item Craft,Craft of natural item
skill_2403,2403,Natural Item Craft,2401,3,15,1,2,0,0,0,41,0,0,0,0,0,0,0,0,0,0,17,60,0,0,0.0,0,0,0,0,0,0,0,0,0,0,0,0,0,0,0,0,2001,3,0,0,0,0,0,0,0,0,148,112,100,151,100,0,221,90,0,0,1752,1501,LSkill2401,Natural Item Craft,Craft of natural item
skill_2404,2404,Natural Item Craft,2401,4,20,1,2,0,0,0,41,0,0,0,0,0,0,0,0,0,0,17,65,0,0,0.0,0,0,0,0,0,0,0,0,0,0,0,0,0,0,0,0,2001,4,0,0,0,0,0,0,0,0,148,112,100,151,100,0,221,90,0,0,1752,1501,LSkill2401,Natural Item Craft,Craft of natural item
skill_2405,2405,Natural Item Craft,2401,5,25,1,2,0,0,0,41,0,0,0,0,0,0,0,0,0,0,17,70,0,0,0.0,0,0,0,0,0,0,0,0,0,0,0,0,0,0,0,0,2001,5,0,0,0,0,0,0,0,0,148,112,100,151,100,0,221,90,0,0,1752,1501,LSkill2401,Natural Item Craft,Craft of natural item
skill_2406,2406,Natural Item Craft,2401,6,30,1,2,0,0,0,41,0,0,0,0,0,0,0,0,0,0,17,75,0,0,0.0,0,0,0,0,0,0,0,0,0,0,0,0,0,0,0,0,2001,6,0,0,0,0,0,0,0,0,148,112,100,151,100,0,221,90,0,0,1752,1501,LSkill2401,Natural Item Craft,Craft of natural item
skill_2407,2407,Natural Item Craft,2401,7,35,1,2,0,0,0,41,0,0,0,0,0,0,0,0,0,0,17,80,0,0,0.0,0,0,0,0,0,0,0,0,0,0,0,0,0,0,0,0,2001,7,0,0,0,0,0,0,0,0,148,112,100,151,100,0,221,90,0,0,1752,1501,LSkill2401,Natural Item Craft,Craft of natural item
skill_2408,2408,Natural Item Craft,2401,8,40,1,2,0,0,0,41,0,0,0,0,0,0,0,0,0,0,17,85,0,0,0.0,0,0,0,0,0,0,0,0,0,0,0,0,0,0,0,0,2001,8,0,0,0,0,0,0,0,0,148,112,100,151,100,0,221,90,0,0,1752,1501,LSkill2401,Natural Item Craft,Craft of natural item
skill_2409,2409,Natural Item Craft,2401,9,45,1,2,0,0,0,41,0,0,0,0,0,0,0,0,0,0,17,90,0,0,0.0,0,0,0,0,0,0,0,0,0,0,0,0,0,0,0,0,2001,9,0,0,0,0,0,0,0,0,148,112,100,151,100,0,221,90,0,0,1752,1501,LSkill2401,Natural Item Craft,Craft of natural item
skill_2410,2410,Natural Item Craft,2401,10,50,1,2,0,0,0,41,0,0,0,0,0,0,0,0,0,0,17,95,0,0,0.0,0,0,0,0,0,0,0,0,0,0,0,0,0,0,0,0,2001,10,0,0,0,0,0,0,0,0,148,112,100,151,100,0,221,90,0,0,1752,1501,LSkill2401,Natural Item Craft,Craft of natural item
skill_2411,2411,SubItem Craft,2411,1,12,1,2,0,0,0,16,0,0,0,0,0,0,0,0,0,0,17,50,0,0,0.0,0,0,0,0,0,0,0,0,0,0,0,0,0,0,44,0,2111,1,0,0,0,0,0,0,0,0,195,112,100,151,100,0,221,90,0,0,1752,1501,LSkill2411,SubItem Craft,"Craft of shield, bag, back equipment, wings and etc"
skill_2412,2412,SubItem Craft,2411,2,14,1,2,0,0,0,16,0,0,0,0,0,0,0,0,0,0,17,55,0,0,0.0,0,0,0,0,0,0,0,0,0,0,0,0,0,0,0,0,2111,2,0,0,0,0,0,0,0,0,195,112,100,151,100,0,221,90,0,0,1752,1501,LSkill2411,SubItem Craft,"Craft of shield, bag, back equipment, wings and etc"
skill_2413,2413,SubItem Craft,2411,3,16,1,2,0,0,0,16,0,0,0,0,0,0,0,0,0,0,17,60,0,0,0.0,0,0,0,0,0,0,0,0,0,0,0,0,0,0,0,0,2111,4,0,0,0,0,0,0,0,0,195,112,100,151,100,0,221,90,0,0,1752,1501,LSkill2411,SubItem Craft,"Craft of shield, bag, back equipment, wings and etc"
skill_2414,2414,SubItem Craft,2411,4,18,1,2,0,0,0,16,0,0,0,0,0,0,0,0,0,0,17,65,0,0,0.0,0,0,0,0,0,0,0,0,0,0,0,0,0,0,0,0,2111,6,0,0,0,0,0,0,0,0,195,112,100,151,100,0,221,90,0,0,1752,1501,LSkill2411,SubItem Craft,"Craft of shield, bag, back equipment, wings and etc"
skill_2415,2415,SubItem Craft,2411,5,20,1,2,0,0,0,16,0,0,0,0,0,0,0,0,0,0,17,70,0,0,0.0,0,0,0,0,0,0,0,0,0,0,0,0,0,0,0,0,2111,8,0,0,0,0,0,0,0,0,195,112,100,151,100,0,221,90,0,0,1752,1501,LSkill2411,SubItem Craft,"Craft of shield, bag, back equipment, wings and etc"
skill_2416,2416,SubItem Craft,2411,6,22,1,2,0,0,0,16,0,0,0,0,0,0,0,0,0,0,17,75,0,0,0.0,0,0,0,0,0,0,0,0,0,0,0,0,0,0,68,0,2111,10,0,0,0,0,0,0,0,0,195,112,100,151,100,0,221,90,0,0,1752,1501,LSkill2411,SubItem Craft,"Craft of shield, bag, back equipment, wings and etc"
skill_2417,2417,SubItem Craft,2411,7,24,1,2,0,0,0,16,0,0,0,0,0,0,0,0,0,0,17,80,0,0,0.0,0,0,0,0,0,0,0,0,0,0,0,0,0,0,0,0,2111,11,0,0,0,0,0,0,0,0,195,112,100,151,100,0,221,90,0,0,1752,1501,LSkill2411,SubItem Craft,"Craft of shield, bag, back equipment, wings and etc"
skill_2418,2418,SubItem Craft,2411,8,26,1,2,0,0,0,16,0,0,0,0,0,0,0,0,0,0,17,85,0,0,0.0,0,0,0,0,0,0,0,0,0,0,0,0,0,0,0,0,2111,13,0,0,0,0,0,0,0,0,195,112,100,151,100,0,221,90,0,0,1752,1501,LSkill2411,SubItem Craft,"Craft of shield, bag, back equipment, wings and etc"
skill_2419,2419,SubItem Craft,2411,9,28,1,2,0,0,0,16,0,0,0,0,0,0,0,0,0,0,17,90,0,0,0.0,0,0,0,0,0,0,0,0,0,0,0,0,0,0,0,0,2111,14,0,0,0,0,0,0,0,0,195,112,100,151,100,0,221,90,0,0,1752,1501,LSkill2411,SubItem Craft,"Craft of shield, bag, back equipment, wings and etc"
skill_2420,2420,SubItem Craft,2411,10,30,1,2,0,0,0,16,0,0,0,0,0,0,0,0,0,0,17,95,0,0,0.0,0,0,0,0,0,0,0,0,0,0,0,0,0,0,0,0,2111,15,0,0,0,0,0,0,0,0,195,112,100,151,100,0,221,90,0,0,1752,1501,LSkill2411,SubItem Craft,"Craft of shield, bag, back equipment, wings and etc"
skill_2421,2421,SubItem Craft,2411,11,33,1,2,0,0,0,16,0,0,0,0,0,0,0,0,0,0,17,100,0,0,0.0,0,0,0,0,0,0,0,0,0,0,0,0,0,0,0,0,2111,16,0,0,0,0,0,0,0,0,195,112,100,151,100,0,221,90,0,0,1752,1501,LSkill2411,SubItem Craft,"Craft of shield, bag, back equipment, wings and etc"
skill_2422,2422,SubItem Craft,2411,12,36,1,2,0,0,0,16,0,0,0,0,0,0,0,0,0,0,17,105,0,0,0.0,0,0,0,0,0,0,0,0,0,0,0,0,0,0,0,0,2111,17,0,0,0,0,0,0,0,0,195,112,100,151,100,0,221,90,0,0,1752,1501,LSkill2411,SubItem Craft,"Craft of shield, bag, back equipment, wings and etc"
skill_2423,2423,SubItem Craft,2411,13,39,1,2,0,0,0,16,0,0,0,0,0,0,0,0,0,0,17,110,0,0,0.0,0,0,0,0,0,0,0,0,0,0,0,0,0,0,0,0,2111,18,0,0,0,0,0,0,0,0,195,112,100,151,100,0,221,90,0,0,1752,1501,LSkill2411,SubItem Craft,"Craft of shield, bag, back equipment, wings and etc"
skill_2424,2424,SubItem Craft,2411,14,42,1,2,0,0,0,16,0,0,0,0,0,0,0,0,0,0,17,115,0,0,0.0,0,0,0,0,0,0,0,0,0,0,0,0,0,0,0,0,2111,19,0,0,0,0,0,0,0,0,195,112,100,151,100,0,221,90,0,0,1752,1501,LSkill2411,SubItem Craft,"Craft of shield, bag, back equipment, wings and etc"
skill_2425,2425,SubItem Craft,2411,15,45,1,2,0,0,0,16,0,0,0,0,0,0,0,0,0,0,17,120,0,0,0.0,0,0,0,0,0,0,0,0,0,0,0,0,0,0,0,0,2111,20,0,0,0,0,0,0,0,0,195,112,100,151,100,0,221,90,0,0,1752,1501,LSkill2411,SubItem Craft,"Craft of shield, bag, back equipment, wings and etc"
skill_2431,2431,Sword Craft,2431,1,15,1,2,0,0,0,11,0,0,0,0,0,0,0,0,0,0,17,50,0,0,0.0,0,0,0,0,0,0,0,0,0,0,0,0,0,0,44,0,2111,1,0,0,0,0,0,0,0,0,150,112,100,151,100,0,221,90,0,0,1752,1501,LSkill2431,Sword Craft,"Craft of one-hand sword, two-hand sword and dual swords"
skill_2432,2432,Sword Craft,2431,2,17,1,2,0,0,0,11,0,0,0,0,0,0,0,0,0,0,17,55,0,0,0.0,0,0,0,0,0,0,0,0,0,0,0,0,0,0,0,0,2111,3,0,0,0,0,0,0,0,0,150,112,100,151,100,0,221,90,0,0,1752,1501,LSkill2431,Sword Craft,"Craft of one-hand sword, two-hand sword and dual swords"
skill_2433,2433,Sword Craft,2431,3,19,1,2,0,0,0,11,0,0,0,0,0,0,0,0,0,0,17,60,0,0,0.0,0,0,0,0,0,0,0,0,0,0,0,0,0,0,0,0,2111,5,0,0,0,0,0,0,0,0,150,112,100,151,100,0,221,90,0,0,1752,1501,LSkill2431,Sword Craft,"Craft of one-hand sword, two-hand sword and dual swords"
skill_2434,2434,Sword Craft,2431,4,21,1,2,0,0,0,11,0,0,0,0,0,0,0,0,0,0,17,65,0,0,0.0,0,0,0,0,0,0,0,0,0,0,0,0,0,0,0,0,2111,7,0,0,0,0,0,0,0,0,150,112,100,151,100,0,221,90,0,0,1752,1501,LSkill2431,Sword Craft,"Craft of one-hand sword, two-hand sword and dual swords"
skill_2435,2435,Sword Craft,2431,5,23,1,2,0,0,0,11,0,0,0,0,0,0,0,0,0,0,17,70,0,0,0.0,0,0,0,0,0,0,0,0,0,0,0,0,0,0,0,0,2111,9,0,0,0,0,0,0,0,0,150,112,100,151,100,0,221,90,0,0,1752,1501,LSkill2431,Sword Craft,"Craft of one-hand sword, two-hand sword and dual swords"
skill_2436,2436,Sword Craft,2431,6,25,1,2,0,0,0,11,0,0,0,0,0,0,0,0,0,0,17,75,0,0,0.0,0,0,0,0,0,0,0,0,0,0,0,0,0,0,68,0,2111,11,0,0,0,0,0,0,0,0,150,112,100,151,100,0,221,90,0,0,1752,1501,LSkill2431,Sword Craft,"Craft of one-hand sword, two-hand sword and dual swords"
skill_2437,2437,Sword Craft,2431,7,28,1,2,0,0,0,11,0,0,0,0,0,0,0,0,0,0,17,80,0,0,0.0,0,0,0,0,0,0,0,0,0,0,0,0,0,0,0,0,2111,12,0,0,0,0,0,0,0,0,150,112,100,151,100,0,221,90,0,0,1752,1501,LSkill2431,Sword Craft,"Craft of one-hand sword, two-hand sword and dual swords"
skill_2438,2438,Sword Craft,2431,8,31,1,2,0,0,0,11,0,0,0,0,0,0,0,0,0,0,17,85,0,0,0.0,0,0,0,0,0,0,0,0,0,0,0,0,0,0,0,0,2111,13,0,0,0,0,0,0,0,0,150,112,100,151,100,0,221,90,0,0,1752,1501,LSkill2431,Sword Craft,"Craft of one-hand sword, two-hand sword and dual swords"
skill_2439,2439,Sword Craft,2431,9,34,1,2,0,0,0,11,0,0,0,0,0,0,0,0,0,0,17,90,0,0,0.0,0,0,0,0,0,0,0,0,0,0,0,0,0,0,0,0,2111,14,0,0,0,0,0,0,0,0,150,112,100,151,100,0,221,90,0,0,1752,1501,LSkill2431,Sword Craft,"Craft of one-hand sword, two-hand sword and dual swords"
skill_2440,2440,Sword Craft,2431,10,37,1,2,0,0,0,11,0,0,0,0,0,0,0,0,0,0,17,95,0,0,0.0,0,0,0,0,0,0,0,0,0,0,0,0,0,0,0,0,2111,15,0,0,0,0,0,0,0,0,150,112,100,151,100,0,221,90,0,0,1752,1501,LSkill2431,Sword Craft,"Craft of one-hand sword, two-hand sword and dual swords"
skill_2441,2441,Sword Craft,2431,11,40,1,2,0,0,0,11,0,0,0,0,0,0,0,0,0,0,17,100,0,0,0.0,0,0,0,0,0,0,0,0,0,0,0,0,0,0,0,0,2111,16,0,0,0,0,0,0,0,0,150,112,100,151,100,0,221,90,0,0,1752,1501,LSkill2431,Sword Craft,"Craft of one-hand sword, two-hand sword and dual swords"
skill_2442,2442,Sword Craft,2431,12,43,1,2,0,0,0,11,0,0,0,0,0,0,0,0,0,0,17,105,0,0,0.0,0,0,0,0,0,0,0,0,0,0,0,0,0,0,0,0,2111,17,0,0,0,0,0,0,0,0,150,112,100,151,100,0,221,90,0,0,1752,1501,LSkill2431,Sword Craft,"Craft of one-hand sword, two-hand sword and dual swords"
skill_2443,2443,Sword Craft,2431,13,47,1,2,0,0,0,11,0,0,0,0,0,0,0,0,0,0,17,110,0,0,0.0,0,0,0,0,0,0,0,0,0,0,0,0,0,0,0,0,2111,18,0,0,0,0,0,0,0,0,150,112,100,151,100,0,221,90,0,0,1752,1501,LSkill2431,Sword Craft,"Craft of one-hand sword, two-hand sword and dual swords"
skill_2444,2444,Sword Craft,2431,14,51,1,2,0,0,0,11,0,0,0,0,0,0,0,0,0,0,17,115,0,0,0.0,0,0,0,0,0,0,0,0,0,0,0,0,0,0,0,0,2111,19,0,0,0,0,0,0,0,0,150,112,100,151,100,0,221,90,0,0,1752,1501,LSkill2431,Sword Craft,"Craft of one-hand sword, two-hand sword and dual swords"
skill_2445,2445,Sword Craft,2431,15,55,1,2,0,0,0,11,0,0,0,0,0,0,0,0,0,0,17,120,0,0,0.0,0,0,0,0,0,0,0,0,0,0,0,0,0,0,0,0,2111,20,0,0,0,0,0,0,0,0,150,112,100,151,100,0,221,90,0,0,1752,1501,LSkill2431,Sword Craft,"Craft of one-hand sword, two-hand sword and dual swords"
skill_2451,2451,Blunt Weapon Craft,2451,1,15,1,2,0,0,0,12,0,0,0,0,0,0,0,0,0,0,17,50,0,0,0.0,0,0,0,0,0,0,0,0,0,0,0,0,0,0,44,0,2111,1,0,0,0,0,0,0,0,0,151,112,100,151,100,0,221,90,0,0,1752,1501,LSkill2451,Blunt Weapon Craft,"Craft of one-hand blunt weapon, ax, spear and Katar"
skill_2452,2452,Blunt Weapon Craft,2451,2,17,1,2,0,0,0,12,0,0,0,0,0,0,0,0,0,0,17,55,0,0,0.0,0,0,0,0,0,0,0,0,0,0,0,0,0,0,0,0,2111,2,0,0,0,0,0,0,0,0,151,112,100,151,100,0,221,90,0,0,1752,1501,LSkill2451,Blunt Weapon Craft,"Craft of one-hand blunt weapon, ax, spear and Katar"
skill_2453,2453,Blunt Weapon Craft,2451,3,19,1,2,0,0,0,12,0,0,0,0,0,0,0,0,0,0,17,60,0,0,0.0,0,0,0,0,0,0,0,0,0,0,0,0,0,0,0,0,2111,4,0,0,0,0,0,0,0,0,151,112,100,151,100,0,221,90,0,0,1752,1501,LSkill2451,Blunt Weapon Craft,"Craft of one-hand blunt weapon, ax, spear and Katar"
skill_2454,2454,Blunt Weapon Craft,2451,4,21,1,2,0,0,0,12,0,0,0,0,0,0,0,0,0,0,17,65,0,0,0.0,0,0,0,0,0,0,0,0,0,0,0,0,0,0,0,0,2111,6,0,0,0,0,0,0,0,0,151,112,100,151,100,0,221,90,0,0,1752,1501,LSkill2451,Blunt Weapon Craft,"Craft of one-hand blunt weapon, ax, spear and Katar"
skill_2455,2455,Blunt Weapon Craft,2451,5,23,1,2,0,0,0,12,0,0,0,0,0,0,0,0,0,0,17,70,0,0,0.0,0,0,0,0,0,0,0,0,0,0,0,0,0,0,0,0,2111,8,0,0,0,0,0,0,0,0,151,112,100,151,100,0,221,90,0,0,1752,1501,LSkill2451,Blunt Weapon Craft,"Craft of one-hand blunt weapon, ax, spear and Katar"
skill_2456,2456,Blunt Weapon Craft,2451,6,25,1,2,0,0,0,12,0,0,0,0,0,0,0,0,0,0,17,75,0,0,0.0,0,0,0,0,0,0,0,0,0,0,0,0,0,0,68,0,2111,10,0,0,0,0,0,0,0,0,151,112,100,151,100,0,221,90,0,0,1752,1501,LSkill2451,Blunt Weapon Craft,"Craft of one-hand blunt weapon, ax, spear and Katar"
skill_2457,2457,Blunt Weapon Craft,2451,7,28,1,2,0,0,0,12,0,0,0,0,0,0,0,0,0,0,17,80,0,0,0.0,0,0,0,0,0,0,0,0,0,0,0,0,0,0,0,0,2111,11,0,0,0,0,0,0,0,0,151,112,100,151,100,0,221,90,0,0,1752,1501,LSkill2451,Blunt Weapon Craft,"Craft of one-hand blunt weapon, ax, spear and Katar"
skill_2458,2458,Blunt Weapon Craft,2451,8,31,1,2,0,0,0,12,0,0,0,0,0,0,0,0,0,0,17,85,0,0,0.0,0,0,0,0,0,0,0,0,0,0,0,0,0,0,0,0,2111,12,0,0,0,0,0,0,0,0,151,112,100,151,100,0,221,90,0,0,1752,1501,LSkill2451,Blunt Weapon Craft,"Craft of one-hand blunt weapon, ax, spear and Katar"
skill_2459,2459,Blunt Weapon Craft,2451,9,34,1,2,0,0,0,12,0,0,0,0,0,0,0,0,0,0,17,90,0,0,0.0,0,0,0,0,0,0,0,0,0,0,0,0,0,0,0,0,2111,14,0,0,0,0,0,0,0,0,151,112,100,151,100,0,221,90,0,0,1752,1501,LSkill2451,Blunt Weapon Craft,"Craft of one-hand blunt weapon, ax, spear and Katar"
skill_2460,2460,Blunt Weapon Craft,2451,10,37,1,2,0,0,0,12,0,0,0,0,0,0,0,0,0,0,17,95,0,0,0.0,0,0,0,0,0,0,0,0,0,0,0,0,0,0,0,0,2111,15,0,0,0,0,0,0,0,0,151,112,100,151,100,0,221,90,0,0,1752,1501,LSkill2451,Blunt Weapon Craft,"Craft of one-hand blunt weapon, ax, spear and Katar"
skill_2461,2461,Blunt Weapon Craft,2451,11,40,1,2,0,0,0,12,0,0,0,0,0,0,0,0,0,0,17,100,0,0,0.0,0,0,0,0,0,0,0,0,0,0,0,0,0,0,0,0,2111,16,0,0,0,0,0,0,0,0,151,112,100,151,100,0,221,90,0,0,1752,1501,LSkill2451,Blunt Weapon Craft,"Craft of one-hand blunt weapon, ax, spear and Katar"
skill_2462,2462,Blunt Weapon Craft,2451,12,43,1,2,0,0,0,12,0,0,0,0,0,0,0,0,0,0,17,105,0,0,0.0,0,0,0,0,0,0,0,0,0,0,0,0,0,0,0,0,2111,17,0,0,0,0,0,0,0,0,151,112,100,151,100,0,221,90,0,0,1752,1501,LSkill2451,Blunt Weapon Craft,"Craft of one-hand blunt weapon, ax, spear and Katar"
skill_2463,2463,Blunt Weapon Craft,2451,13,47,1,2,0,0,0,12,0,0,0,0,0,0,0,0,0,0,17,110,0,0,0.0,0,0,0,0,0,0,0,0,0,0,0,0,0,0,0,0,2111,18,0,0,0,0,0,0,0,0,151,112,100,151,100,0,221,90,0,0,1752,1501,LSkill2451,Blunt Weapon Craft,"Craft of one-hand blunt weapon, ax, spear and Katar"
skill_2464,2464,Blunt Weapon Craft,2451,14,51,1,2,0,0,0,12,0,0,0,0,0,0,0,0,0,0,17,115,0,0,0.0,0,0,0,0,0,0,0,0,0,0,0,0,0,0,0,0,2111,19,0,0,0,0,0,0,0,0,151,112,100,151,100,0,221,90,0,0,1752,1501,LSkill2451,Blunt Weapon Craft,"Craft of one-hand blunt weapon, ax, spear and Katar"
skill_2465,2465,Blunt Weapon Craft,2451,15,55,1,2,0,0,0,12,0,0,0,0,0,0,0,0,0,0,17,120,0,0,0.0,0,0,0,0,0,0,0,0,0,0,0,0,0,0,0,0,2111,20,0,0,0,0,0,0,0,0,151,112,100,151,100,0,221,90,0,0,1752,1501,LSkill2451,Blunt Weapon Craft,"Craft of one-hand blunt weapon, ax, spear and Katar"
skill_2471,2471,Bow Craft,2471,1,14,1,2,0,0,0,13,0,0,0,0,0,0,0,0,0,0,17,50,0,0,0.0,0,0,0,0,0,0,0,0,0,0,0,0,0,0,44,0,2111,1,0,0,0,0,0,0,0,0,152,112,100,151,100,0,221,90,0,0,1752,1501,LSkill2471,Bow Craft,Craft of bow and bow gun
skill_2472,2472,Bow Craft,2471,2,16,1,2,0,0,0,13,0,0,0,0,0,0,0,0,0,0,17,55,0,0,0.0,0,0,0,0,0,0,0,0,0,0,0,0,0,0,0,0,2111,3,0,0,0,0,0,0,0,0,152,112,100,151,100,0,221,90,0,0,1752,1501,LSkill2471,Bow Craft,Craft of bow and bow gun
skill_2473,2473,Bow Craft,2471,3,18,1,2,0,0,0,13,0,0,0,0,0,0,0,0,0,0,17,60,0,0,0.0,0,0,0,0,0,0,0,0,0,0,0,0,0,0,0,0,2111,5,0,0,0,0,0,0,0,0,152,112,100,151,100,0,221,90,0,0,1752,1501,LSkill2471,Bow Craft,Craft of bow and bow gun
skill_2474,2474,Bow Craft,2471,4,20,1,2,0,0,0,13,0,0,0,0,0,0,0,0,0,0,17,65,0,0,0.0,0,0,0,0,0,0,0,0,0,0,0,0,0,0,0,0,2111,7,0,0,0,0,0,0,0,0,152,112,100,151,100,0,221,90,0,0,1752,1501,LSkill2471,Bow Craft,Craft of bow and bow gun
skill_2475,2475,Bow Craft,2471,5,22,1,2,0,0,0,13,0,0,0,0,0,0,0,0,0,0,17,70,0,0,0.0,0,0,0,0,0,0,0,0,0,0,0,0,0,0,0,0,2111,9,0,0,0,0,0,0,0,0,152,112,100,151,100,0,221,90,0,0,1752,1501,LSkill2471,Bow Craft,Craft of bow and bow gun
skill_2476,2476,Bow Craft,2471,6,24,1,2,0,0,0,13,0,0,0,0,0,0,0,0,0,0,17,75,0,0,0.0,0,0,0,0,0,0,0,0,0,0,0,0,0,0,68,0,2111,11,0,0,0,0,0,0,0,0,152,112,100,151,100,0,221,90,0,0,1752,1501,LSkill2471,Bow Craft,Craft of bow and bow gun
skill_2477,2477,Bow Craft,2471,7,26,1,2,0,0,0,13,0,0,0,0,0,0,0,0,0,0,17,80,0,0,0.0,0,0,0,0,0,0,0,0,0,0,0,0,0,0,0,0,2111,12,0,0,0,0,0,0,0,0,152,112,100,151,100,0,221,90,0,0,1752,1501,LSkill2471,Bow Craft,Craft of bow and bow gun
skill_2478,2478,Bow Craft,2471,8,28,1,2,0,0,0,13,0,0,0,0,0,0,0,0,0,0,17,85,0,0,0.0,0,0,0,0,0,0,0,0,0,0,0,0,0,0,0,0,2111,13,0,0,0,0,0,0,0,0,152,112,100,151,100,0,221,90,0,0,1752,1501,LSkill2471,Bow Craft,Craft of bow and bow gun
skill_2479,2479,Bow Craft,2471,9,30,1,2,0,0,0,13,0,0,0,0,0,0,0,0,0,0,17,90,0,0,0.0,0,0,0,0,0,0,0,0,0,0,0,0,0,0,0,0,2111,14,0,0,0,0,0,0,0,0,152,112,100,151,100,0,221,90,0,0,1752,1501,LSkill2471,Bow Craft,Craft of bow and bow gun
skill_2480,2480,Bow Craft,2471,10,33,1,2,0,0,0,13,0,0,0,0,0,0,0,0,0,0,17,95,0,0,0.0,0,0,0,0,0,0,0,0,0,0,0,0,0,0,0,0,2111,15,0,0,0,0,0,0,0,0,152,112,100,151,100,0,221,90,0,0,1752,1501,LSkill2471,Bow Craft,Craft of bow and bow gun
skill_2481,2481,Bow Craft,2471,11,36,1,2,0,0,0,13,0,0,0,0,0,0,0,0,0,0,17,100,0,0,0.0,0,0,0,0,0,0,0,0,0,0,0,0,0,0,0,0,2111,16,0,0,0,0,0,0,0,0,152,112,100,151,100,0,221,90,0,0,1752,1501,LSkill2471,Bow Craft,Craft of bow and bow gun
skill_2482,2482,Bow Craft,2471,12,39,1,2,0,0,0,13,0,0,0,0,0,0,0,0,0,0,17,105,0,0,0.0,0,0,0,0,0,0,0,0,0,0,0,0,0,0,0,0,2111,17,0,0,0,0,0,0,0,0,152,112,100,151,100,0,221,90,0,0,1752,1501,LSkill2471,Bow Craft,Craft of bow and bow gun
skill_2483,2483,Bow Craft,2471,13,42,1,2,0,0,0,13,0,0,0,0,0,0,0,0,0,0,17,110,0,0,0.0,0,0,0,0,0,0,0,0,0,0,0,0,0,0,0,0,2111,18,0,0,0,0,0,0,0,0,152,112,100,151,100,0,221,90,0,0,1752,1501,LSkill2471,Bow Craft,Craft of bow and bow gun
skill_2484,2484,Bow Craft,2471,14,45,1,2,0,0,0,13,0,0,0,0,0,0,0,0,0,0,17,115,0,0,0.0,0,0,0,0,0,0,0,0,0,0,0,0,0,0,0,0,2111,19,0,0,0,0,0,0,0,0,152,112,100,151,100,0,221,90,0,0,1752,1501,LSkill2471,Bow Craft,Craft of bow and bow gun
skill_2485,2485,Bow Craft,2471,15,48,1,2,0,0,0,13,0,0,0,0,0,0,0,0,0,0,17,120,0,0,0.0,0,0,0,0,0,0,0,0,0,0,0,0,0,0,0,0,2111,20,0,0,0,0,0,0,0,0,152,112,100,151,100,0,221,90,0,0,1752,1501,LSkill2471,Bow Craft,Craft of bow and bow gun
skill_2491,2491,Magic Weapon Craft,2491,1,14,1,2,0,0,0,15,0,0,0,0,0,0,0,0,0,0,17,50,0,0,0.0,0,0,0,0,0,0,0,0,0,0,0,0,0,0,44,0,2111,1,0,0,0,0,0,0,0,0,153,112,100,151,100,0,221,90,0,0,1752,1501,LSkill2491,Magic Weapon Craft,Craft of magic staff and wand
skill_2492,2492,Magic Weapon Craft,2491,2,16,1,2,0,0,0,15,0,0,0,0,0,0,0,0,0,0,17,55,0,0,0.0,0,0,0,0,0,0,0,0,0,0,0,0,0,0,0,0,2111,3,0,0,0,0,0,0,0,0,153,112,100,151,100,0,221,90,0,0,1752,1501,LSkill2491,Magic Weapon Craft,Craft of magic staff and wand
skill_2493,2493,Magic Weapon Craft,2491,3,18,1,2,0,0,0,15,0,0,0,0,0,0,0,0,0,0,17,60,0,0,0.0,0,0,0,0,0,0,0,0,0,0,0,0,0,0,0,0,2111,5,0,0,0,0,0,0,0,0,153,112,100,151,100,0,221,90,0,0,1752,1501,LSkill2491,Magic Weapon Craft,Craft of magic staff and wand
skill_2494,2494,Magic Weapon Craft,2491,4,20,1,2,0,0,0,15,0,0,0,0,0,0,0,0,0,0,17,65,0,0,0.0,0,0,0,0,0,0,0,0,0,0,0,0,0,0,0,0,2111,7,0,0,0,0,0,0,0,0,153,112,100,151,100,0,221,90,0,0,1752,1501,LSkill2491,Magic Weapon Craft,Craft of magic staff and wand
skill_2495,2495,Magic Weapon Craft,2491,5,22,1,2,0,0,0,15,0,0,0,0,0,0,0,0,0,0,17,70,0,0,0.0,0,0,0,0,0,0,0,0,0,0,0,0,0,0,0,0,2111,9,0,0,0,0,0,0,0,0,153,112,100,151,100,0,221,90,0,0,1752,1501,LSkill2491,Magic Weapon Craft,Craft of magic staff and wand
skill_2496,2496,Magic Weapon Craft,2491,6,24,1,2,0,0,0,15,0,0,0,0,0,0,0,0,0,0,17,75,0,0,0.0,0,0,0,0,0,0,0,0,0,0,0,0,0,0,68,0,2111,11,0,0,0,0,0,0,0,0,153,112,100,151,100,0,221,90,0,0,1752,1501,LSkill2491,Magic Weapon Craft,Craft of magic staff and wand
skill_2497,2497,Magic Weapon Craft,2491,7,26,1,2,0,0,0,15,0,0,0,0,0,0,0,0,0,0,17,80,0,0,0.0,0,0,0,0,0,0,0,0,0,0,0,0,0,0,0,0,2111,12,0,0,0,0,0,0,0,0,153,112,100,151,100,0,221,90,0,0,1752,1501,LSkill2491,Magic Weapon Craft,Craft of magic staff and wand
skill_2498,2498,Magic Weapon Craft,2491,8,28,1,2,0,0,0,15,0,0,0,0,0,0,0,0,0,0,17,85,0,0,0.0,0,0,0,0,0,0,0,0,0,0,0,0,0,0,0,0,2111,13,0,0,0,0,0,0,0,0,153,112,100,151,100,0,221,90,0,0,1752,1501,LSkill2491,Magic Weapon Craft,Craft of magic staff and wand
skill_2499,2499,Magic Weapon Craft,2491,9,30,1,2,0,0,0,15,0,0,0,0,0,0,0,0,0,0,17,90,0,0,0.0,0,0,0,0,0,0,0,0,0,0,0,0,0,0,0,0,2111,14,0,0,0,0,0,0,0,0,153,112,100,151,100,0,221,90,0,0,1752,1501,LSkill2491,Magic Weapon Craft,Craft of magic staff and wand
skill_2500,2500,Magic Weapon Craft,2491,10,33,1,2,0,0,0,15,0,0,0,0,0,0,0,0,0,0,17,95,0,0,0.0,0,0,0,0,0,0,0,0,0,0,0,0,0,0,0,0,2111,15,0,0,0,0,0,0,0,0,153,112,100,151,100,0,221,90,0,0,1752,1501,LSkill2491,Magic Weapon Craft,Craft of magic staff and wand
skill_2501,2501,Magic Weapon Craft,2491,11,36,1,2,0,0,0,15,0,0,0,0,0,0,0,0,0,0,17,100,0,0,0.0,0,0,0,0,0,0,0,0,0,0,0,0,0,0,0,0,2111,16,0,0,0,0,0,0,0,0,153,112,100,151,100,0,221,90,0,0,1752,1501,LSkill2491,Magic Weapon Craft,Craft of magic staff and wand
skill_2502,2502,Magic Weapon Craft,2491,12,39,1,2,0,0,0,15,0,0,0,0,0,0,0,0,0,0,17,105,0,0,0.0,0,0,0,0,0,0,0,0,0,0,0,0,0,0,0,0,2111,17,0,0,0,0,0,0,0,0,153,112,100,151,100,0,221,90,0,0,1752,1501,LSkill2491,Magic Weapon Craft,Craft of magic staff and wand
skill_2503,2503,Magic Weapon Craft,2491,13,42,1,2,0,0,0,15,0,0,0,0,0,0,0,0,0,0,17,110,0,0,0.0,0,0,0,0,0,0,0,0,0,0,0,0,0,0,0,0,2111,18,0,0,0,0,0,0,0,0,153,112,100,151,100,0,221,90,0,0,1752,1501,LSkill2491,Magic Weapon Craft,Craft of magic staff and wand
skill_2504,2504,Magic Weapon Craft,2491,14,45,1,2,0,0,0,15,0,0,0,0,0,0,0,0,0,0,17,115,0,0,0.0,0,0,0,0,0,0,0,0,0,0,0,0,0,0,0,0,2111,19,0,0,0,0,0,0,0,0,153,112,100,151,100,0,221,90,0,0,1752,1501,LSkill2491,Magic Weapon Craft,Craft of magic staff and wand
skill_2505,2505,Magic Weapon Craft,2491,15,48,1,2,0,0,0,15,0,0,0,0,0,0,0,0,0,0,17,120,0,0,0.0,0,0,0,0,0,0,0,0,0,0,0,0,0,0,0,0,2111,20,0,0,0,0,0,0,0,0,153,112,100,151,100,0,221,90,0,0,1752,1501,LSkill2491,Magic Weapon Craft,Craft of magic staff and wand
skill_2511,2511,Gun Craft,2511,1,15,1,2,0,0,0,14,0,0,0,0,0,0,0,0,0,0,17,50,0,0,0.0,0,0,0,0,0,0,0,0,0,0,0,0,0,0,44,0,2111,1,0,0,0,0,0,0,0,0,154,112,100,151,100,0,221,90,0,0,1752,1501,LSkill2511,Gun Craft,Craft of gun and launcher
skill_2512,2512,Gun Craft,2511,2,17,1,2,0,0,0,14,0,0,0,0,0,0,0,0,0,0,17,55,0,0,0.0,0,0,0,0,0,0,0,0,0,0,0,0,0,0,0,0,2111,2,0,0,0,0,0,0,0,0,154,112,100,151,100,0,221,90,0,0,1752,1501,LSkill2511,Gun Craft,Craft of gun and launcher
skill_2513,2513,Gun Craft,2511,3,19,1,2,0,0,0,14,0,0,0,0,0,0,0,0,0,0,17,60,0,0,0.0,0,0,0,0,0,0,0,0,0,0,0,0,0,0,0,0,2111,4,0,0,0,0,0,0,0,0,154,112,100,151,100,0,221,90,0,0,1752,1501,LSkill2511,Gun Craft,Craft of gun and launcher
skill_2514,2514,Gun Craft,2511,4,21,1,2,0,0,0,14,0,0,0,0,0,0,0,0,0,0,17,65,0,0,0.0,0,0,0,0,0,0,0,0,0,0,0,0,0,0,0,0,2111,6,0,0,0,0,0,0,0,0,154,112,100,151,100,0,221,90,0,0,1752,1501,LSkill2511,Gun Craft,Craft of gun and launcher
skill_2515,2515,Gun Craft,2511,5,23,1,2,0,0,0,14,0,0,0,0,0,0,0,0,0,0,17,70,0,0,0.0,0,0,0,0,0,0,0,0,0,0,0,0,0,0,0,0,2111,8,0,0,0,0,0,0,0,0,154,112,100,151,100,0,221,90,0,0,1752,1501,LSkill2511,Gun Craft,Craft of gun and launcher
skill_2516,2516,Gun Craft,2511,6,25,1,2,0,0,0,14,0,0,0,0,0,0,0,0,0,0,17,75,0,0,0.0,0,0,0,0,0,0,0,0,0,0,0,0,0,0,68,0,2111,10,0,0,0,0,0,0,0,0,154,112,100,151,100,0,221,90,0,0,1752,1501,LSkill2511,Gun Craft,Craft of gun and launcher
skill_2517,2517,Gun Craft,2511,7,28,1,2,0,0,0,14,0,0,0,0,0,0,0,0,0,0,17,80,0,0,0.0,0,0,0,0,0,0,0,0,0,0,0,0,0,0,0,0,2111,11,0,0,0,0,0,0,0,0,154,112,100,151,100,0,221,90,0,0,1752,1501,LSkill2511,Gun Craft,Craft of gun and launcher
skill_2518,2518,Gun Craft,2511,8,31,1,2,0,0,0,14,0,0,0,0,0,0,0,0,0,0,17,85,0,0,0.0,0,0,0,0,0,0,0,0,0,0,0,0,0,0,0,0,2111,13,0,0,0,0,0,0,0,0,154,112,100,151,100,0,221,90,0,0,1752,1501,LSkill2511,Gun Craft,Craft of gun and launcher
skill_2519,2519,Gun Craft,2511,9,34,1,2,0,0,0,14,0,0,0,0,0,0,0,0,0,0,17,90,0,0,0.0,0,0,0,0,0,0,0,0,0,0,0,0,0,0,0,0,2111,14,0,0,0,0,0,0,0,0,154,112,100,151,100,0,221,90,0,0,1752,1501,LSkill2511,Gun Craft,Craft of gun and launcher
skill_2520,2520,Gun Craft,2511,10,37,1,2,0,0,0,14,0,0,0,0,0,0,0,0,0,0,17,95,0,0,0.0,0,0,0,0,0,0,0,0,0,0,0,0,0,0,0,0,2111,15,0,0,0,0,0,0,0,0,154,112,100,151,100,0,221,90,0,0,1752,1501,LSkill2511,Gun Craft,Craft of gun and launcher
skill_2521,2521,Gun Craft,2511,11,40,1,2,0,0,0,14,0,0,0,0,0,0,0,0,0,0,17,100,0,0,0.0,0,0,0,0,0,0,0,0,0,0,0,0,0,0,0,0,2111,16,0,0,0,0,0,0,0,0,154,112,100,151,100,0,221,90,0,0,1752,1501,LSkill2511,Gun Craft,Craft of gun and launcher
skill_2522,2522,Gun Craft,2511,12,43,1,2,0,0,0,14,0,0,0,0,0,0,0,0,0,0,17,105,0,0,0.0,0,0,0,0,0,0,0,0,0,0,0,0,0,0,0,0,2111,17,0,0,0,0,0,0,0,0,154,112,100,151,100,0,221,90,0,0,1752,1501,LSkill2511,Gun Craft,Craft of gun and launcher
skill_2523,2523,Gun Craft,2511,13,47,1,2,0,0,0,14,0,0,0,0,0,0,0,0,0,0,17,110,0,0,0.0,0,0,0,0,0,0,0,0,0,0,0,0,0,0,0,0,2111,18,0,0,0,0,0,0,0,0,154,112,100,151,100,0,221,90,0,0,1752,1501,LSkill2511,Gun Craft,Craft of gun and launcher
skill_2524,2524,Gun Craft,2511,14,51,1,2,0,0,0,14,0,0,0,0,0,0,0,0,0,0,17,115,0,0,0.0,0,0,0,0,0,0,0,0,0,0,0,0,0,0,0,0,2111,19,0,0,0,0,0,0,0,0,154,112,100,151,100,0,221,90,0,0,1752,1501,LSkill2511,Gun Craft,Craft of gun and launcher
skill_2525,2525,Gun Craft,2511,15,55,1,2,0,0,0,14,0,0,0,0,0,0,0,0,0,0,17,120,0,0,0.0,0,0,0,0,0,0,0,0,0,0,0,0,0,0,0,0,2111,20,0,0,0,0,0,0,0,0,154,112,100,151,100,0,221,90,0,0,1752,1501,LSkill2511,Gun Craft,Craft of gun and launcher
skill_2531,2531,Normal Armor Craft,2531,1,20,1,2,0,0,0,19,0,0,0,0,0,0,0,0,0,0,17,60,0,0,0.0,0,0,0,0,0,0,0,0,0,0,0,0,0,0,44,0,2131,1,0,0,0,0,0,0,0,0,173,112,100,151,100,0,221,90,0,0,1752,1501,LSkill2531,Normal Armor Craft,"Craft of clothes, hat, gloves, shoes and face accessories"
skill_2532,2532,Normal Armor Craft,2531,2,24,1,2,0,0,0,19,0,0,0,0,0,0,0,0,0,0,17,65,0,0,0.0,0,0,0,0,0,0,0,0,0,0,0,0,0,0,0,0,2131,2,0,0,0,0,0,0,0,0,173,112,100,151,100,0,221,90,0,0,1752,1501,LSkill2531,Normal Armor Craft,"Craft of clothes, hat, gloves, shoes and face accessories"
skill_2533,2533,Normal Armor Craft,2531,3,28,1,2,0,0,0,19,0,0,0,0,0,0,0,0,0,0,17,70,0,0,0.0,0,0,0,0,0,0,0,0,0,0,0,0,0,0,0,0,2131,3,0,0,0,0,0,0,0,0,173,112,100,151,100,0,221,90,0,0,1752,1501,LSkill2531,Normal Armor Craft,"Craft of clothes, hat, gloves, shoes and face accessories"
skill_2534,2534,Normal Armor Craft,2531,4,33,1,2,0,0,0,19,0,0,0,0,0,0,0,0,0,0,17,75,0,0,0.0,0,0,0,0,0,0,0,0,0,0,0,0,0,0,68,0,2131,4,0,0,0,0,0,0,0,0,173,112,100,151,100,0,221,90,0,0,1752,1501,LSkill2531,Normal Armor Craft,"Craft of clothes, hat, gloves, shoes and face accessories"
skill_2535,2535,Normal Armor Craft,2531,5,39,1,2,0,0,0,19,0,0,0,0,0,0,0,0,0,0,17,80,0,0,0.0,0,0,0,0,0,0,0,0,0,0,0,0,0,0,0,0,2131,5,0,0,0,0,0,0,0,0,173,112,100,151,100,0,221,90,0,0,1752,1501,LSkill2531,Normal Armor Craft,"Craft of clothes, hat, gloves, shoes and face accessories"
skill_2536,2536,Normal Armor Craft,2531,6,45,1,2,0,0,0,19,0,0,0,0,0,0,0,0,0,0,17,85,0,0,0.0,0,0,0,0,0,0,0,0,0,0,0,0,0,0,0,0,2131,6,0,0,0,0,0,0,0,0,173,112,100,151,100,0,221,90,0,0,1752,1501,LSkill2531,Normal Armor Craft,"Craft of clothes, hat, gloves, shoes and face accessories"
skill_2537,2537,Normal Armor Craft,2531,7,52,1,2,0,0,0,19,0,0,0,0,0,0,0,0,0,0,17,90,0,0,0.0,0,0,0,0,0,0,0,0,0,0,0,0,0,0,0,0,2131,7,0,0,0,0,0,0,0,0,173,112,100,151,100,0,221,90,0,0,1752,1501,LSkill2531,Normal Armor Craft,"Craft of clothes, hat, gloves, shoes and face accessories"
skill_2538,2538,Normal Armor Craft,2531,8,60,1,2,0,0,0,19,0,0,0,0,0,0,0,0,0,0,17,95,0,0,0.0,0,0,0,0,0,0,0,0,0,0,0,0,0,0,0,0,2131,8,0,0,0,0,0,0,0,0,173,112,100,151,100,0,221,90,0,0,1752,1501,LSkill2531,Normal Armor Craft,"Craft of clothes, hat, gloves, shoes and face accessories"
skill_2539,2539,Normal Armor Craft,2531,9,69,1,2,0,0,0,19,0,0,0,0,0,0,0,0,0,0,17,100,0,0,0.0,0,0,0,0,0,0,0,0,0,0,0,0,0,0,0,0,2131,9,0,0,0,0,0,0,0,0,173,112,100,151,100,0,221,90,0,0,1752,1501,LSkill2531,Normal Armor Craft,"Craft of clothes, hat, gloves, shoes and face accessories"
skill_2540,2540,Normal Armor Craft,2531,10,80,1,2,0,0,0,19,0,0,0,0,0,0,0,0,0,0,17,105,0,0,0.0,0,0,0,0,0,0,0,0,0,0,0,0,0,0,0,0,2131,10,0,0,0,0,0,0,0,0,173,112,100,151,100,0,221,90,0,0,1752,1501,LSkill2531,Normal Armor Craft,"Craft of clothes, hat, gloves, shoes and face accessories"
skill_2551,2551,Combat Armor Craft,2551,1,20,1,2,0,0,0,17,0,0,0,0,0,0,0,0,0,0,17,60,0,0,0.0,0,0,0,0,0,0,0,0,0,0,0,0,0,0,44,0,0,0,0,0,0,0,0,0,0,0,174,112,100,151,100,0,221,90,0,0,1752,1501,LSkill2551,Combat Armor Craft,"Craft of combat armor, helmet, gauntlet and boots"
skill_2552,2552,Combat Armor Craft,2551,2,24,1,2,0,0,0,17,0,0,0,0,0,0,0,0,0,0,17,65,0,0,0.0,0,0,0,0,0,0,0,0,0,0,0,0,0,0,44,0,2131,2,0,0,0,0,0,0,0,0,174,112,100,151,100,0,221,90,0,0,1752,1501,LSkill2551,Combat Armor Craft,"Craft of combat armor, helmet, gauntlet and boots"
skill_2553,2553,Combat Armor Craft,2551,3,28,1,2,0,0,0,17,0,0,0,0,0,0,0,0,0,0,17,70,0,0,0.0,0,0,0,0,0,0,0,0,0,0,0,0,0,0,0,0,2131,3,0,0,0,0,0,0,0,0,174,112,100,151,100,0,221,90,0,0,1752,1501,LSkill2551,Combat Armor Craft,"Craft of combat armor, helmet, gauntlet and boots"
skill_2554,2554,Combat Armor Craft,2551,4,33,1,2,0,0,0,17,0,0,0,0,0,0,0,0,0,0,17,75,0,0,0.0,0,0,0,0,0,0,0,0,0,0,0,0,0,0,68,0,2131,4,0,0,0,0,0,0,0,0,174,112,100,151,100,0,221,90,0,0,1752,1501,LSkill2551,Combat Armor Craft,"Craft of combat armor, helmet, gauntlet and boots"
skill_2555,2555,Combat Armor Craft,2551,5,39,1,2,0,0,0,17,0,0,0,0,0,0,0,0,0,0,17,80,0,0,0.0,0,0,0,0,0,0,0,0,0,0,0,0,0,0,0,0,2131,5,0,0,0,0,0,0,0,0,174,112,100,151,100,0,221,90,0,0,1752,1501,LSkill2551,Combat Armor Craft,"Craft of combat armor, helmet, gauntlet and boots"
skill_2556,2556,Combat Armor Craft,2551,6,45,1,2,0,0,0,17,0,0,0,0,0,0,0,0,0,0,17,85,0,0,0.0,0,0,0,0,0,0,0,0,0,0,0,0,0,0,0,0,2131,6,0,0,0,0,0,0,0,0,174,112,100,151,100,0,221,90,0,0,1752,1501,LSkill2551,Combat Armor Craft,"Craft of combat armor, helmet, gauntlet and boots"
skill_2557,2557,Combat Armor Craft,2551,7,52,1,2,0,0,0,17,0,0,0,0,0,0,0,0,0,0,17,90,0,0,0.0,0,0,0,0,0,0,0,0,0,0,0,0,0,0,0,0,2131,7,0,0,0,0,0,0,0,0,174,112,100,151,100,0,221,90,0,0,1752,1501,LSkill2551,Combat Armor Craft,"Craft of combat armor, helmet, gauntlet and boots"
skill_2558,2558,Combat Armor Craft,2551,8,60,1,2,0,0,0,17,0,0,0,0,0,0,0,0,0,0,17,95,0,0,0.0,0,0,0,0,0,0,0,0,0,0,0,0,0,0,0,0,2131,8,0,0,0,0,0,0,0,0,174,112,100,151,100,0,221,90,0,0,1752,1501,LSkill2551,Combat Armor Craft,"Craft of combat armor, helmet, gauntlet and boots"
skill_2559,2559,Combat Armor Craft,2551,9,69,1,2,0,0,0,17,0,0,0,0,0,0,0,0,0,0,17,100,0,0,0.0,0,0,0,0,0,0,0,0,0,0,0,0,0,0,0,0,2131,9,0,0,0,0,0,0,0,0,174,112,100,151,100,0,221,90,0,0,1752,1501,LSkill2551,Combat Armor Craft,"Craft of combat armor, helmet, gauntlet and boots"
skill_2560,2560,Combat Armor Craft,2551,10,80,1,2,0,0,0,17,0,0,0,0,0,0,0,0,0,0,17,105,0,0,0.0,0,0,0,0,0,0,0,0,0,0,0,0,0,0,0,0,2131,10,0,0,0,0,0,0,0,0,174,112,100,151,100,0,221,90,0,0,1752,1501,LSkill2551,Combat Armor Craft,"Craft of combat armor, helmet, gauntlet and boots"
skill_2564,2564,Combat Armor Craft,2564,1,1,0,2,0,0,0,17,0,0,0,0,0,0,0,0,0,0,17,60,0,0,0.0,0,0,0,0,0,0,0,0,0,0,0,0,0,0,0,0,0,0,0,0,0,0,0,0,0,0,174,112,100,151,100,0,221,90,0,0,1752,1501,LSkill2551,Combat Armor Craft,"Craft of combat armor, helmet, gauntlet and boots"
skill_2566,2566,Magic Armor Craft,2566,1,1,0,2,0,0,0,18,0,0,0,0,0,0,0,0,0,0,17,60,0,0,0.0,0,0,0,0,0,0,0,0,0,0,0,0,0,0,0,0,0,0,0,0,0,0,0,0,0,0,175,112,100,151,100,0,221,90,0,0,1752,1501,LSkill2571,Magic Armor Craft,"Craft of magic clothes, hat, gloves and boots"
skill_2571,2571,Magic Armor Craft,2571,1,20,1,2,0,0,0,18,0,0,0,0,0,0,0,0,0,0,17,60,0,0,0.0,0,0,0,0,0,0,0,0,0,0,0,0,0,0,44,0,0,0,0,0,0,0,0,0,0,0,175,112,100,151,100,0,221,90,0,0,1752,1501,LSkill2571,Magic Armor Craft,"Craft of magic clothes, hat, gloves and boots"
skill_2572,2572,Magic Armor Craft,2571,2,24,1,2,0,0,0,18,0,0,0,0,0,0,0,0,0,0,17,65,0,0,0.0,0,0,0,0,0,0,0,0,0,0,0,0,0,0,44,0,2131,2,0,0,0,0,0,0,0,0,175,112,100,151,100,0,221,90,0,0,1752,1501,LSkill2571,Magic Armor Craft,"Craft of magic clothes, hat, gloves and boots"
skill_2573,2573,Magic Armor Craft,2571,3,28,1,2,0,0,0,18,0,0,0,0,0,0,0,0,0,0,17,70,0,0,0.0,0,0,0,0,0,0,0,0,0,0,0,0,0,0,0,0,2131,3,0,0,0,0,0,0,0,0,175,112,100,151,100,0,221,90,0,0,1752,1501,LSkill2571,Magic Armor Craft,"Craft of magic clothes, hat, gloves and boots"
skill_2574,2574,Magic Armor Craft,2571,4,33,1,2,0,0,0,18,0,0,0,0,0,0,0,0,0,0,17,75,0,0,0.0,0,0,0,0,0,0,0,0,0,0,0,0,0,0,68,0,2131,4,0,0,0,0,0,0,0,0,175,112,100,151,100,0,221,90,0,0,1752,1501,LSkill2571,Magic Armor Craft,"Craft of magic clothes, hat, gloves and boots"
skill_2575,2575,Magic Armor Craft,2571,5,39,1,2,0,0,0,18,0,0,0,0,0,0,0,0,0,0,17,80,0,0,0.0,0,0,0,0,0,0,0,0,0,0,0,0,0,0,0,0,2131,5,0,0,0,0,0,0,0,0,175,112,100,151,100,0,221,90,0,0,1752,1501,LSkill2571,Magic Armor Craft,"Craft of magic clothes, hat, gloves and boots"
skill_2576,2576,Magic Armor Craft,2571,6,45,1,2,0,0,0,18,0,0,0,0,0,0,0,0,0,0,17,85,0,0,0.0,0,0,0,0,0,0,0,0,0,0,0,0,0,0,0,0,2131,6,0,0,0,0,0,0,0,0,175,112,100,151,100,0,221,90,0,0,1752,1501,LSkill2571,Magic Armor Craft,"Craft of magic clothes, hat, gloves and boots"
skill_2577,2577,Magic Armor Craft,2571,7,52,1,2,0,0,0,18,0,0,0,0,0,0,0,0,0,0,17,90,0,0,0.0,0,0,0,0,0,0,0,0,0,0,0,0,0,0,0,0,2131,7,0,0,0,0,0,0,0,0,175,112,100,151,100,0,221,90,0,0,1752,1501,LSkill2571,Magic Armor Craft,"Craft of magic clothes, hat, gloves and boots"
skill_2578,2578,Magic Armor Craft,2571,8,60,1,2,0,0,0,18,0,0,0,0,0,0,0,0,0,0,17,95,0,0,0.0,0,0,0,0,0,0,0,0,0,0,0,0,0,0,0,0,2131,8,0,0,0,0,0,0,0,0,175,112,100,151,100,0,221,90,0,0,1752,1501,LSkill2571,Magic Armor Craft,"Craft of magic clothes, hat, gloves and boots"
skill_2579,2579,Magic Armor Craft,2571,9,69,1,2,0,0,0,18,0,0,0,0,0,0,0,0,0,0,17,100,0,0,0.0,0,0,0,0,0,0,0,0,0,0,0,0,0,0,0,0,2131,9,0,0,0,0,0,0,0,0,175,112,100,151,100,0,221,90,0,0,1752,1501,LSkill2571,Magic Armor Craft,"Craft of magic clothes, hat, gloves and boots"
skill_2580,2580,Magic Armor Craft,2571,10,80,1,2,0,0,0,18,0,0,0,0,0,0,0,0,0,0,17,105,0,0,0.0,0,0,0,0,0,0,0,0,0,0,0,0,0,0,0,0,2131,10,0,0,0,0,0,0,0,0,175,112,100,151,100,0,221,90,0,0,1752,1501,LSkill2571,Magic Armor Craft,"Craft of magic clothes, hat, gloves and boots"
skill_2581,2581,Magic Armor Craft,2571,11,80,1,2,0,0,0,18,0,0,0,0,0,0,0,0,0,0,17,110,0,0,0.0,0,0,0,0,0,0,0,0,0,0,0,0,0,0,0,0,2131,10,0,0,0,0,31,245,0,0,175,112,100,151,100,0,221,90,0,0,1752,1501,LSkill2571,Magic Armor Craft,"Craft of magic clothes, hat, gloves and boots"
skill_2591,2591,Cart Craft,2591,1,40,1,2,0,0,0,21,0,0,0,0,0,0,0,0,0,0,17,100,0,0,0.0,0,0,0,0,0,0,0,0,0,0,0,0,0,0,68,0,2081,8,0,0,0,0,0,0,0,0,180,112,100,151,100,0,221,90,0,0,1752,1501,LSkill2591,Cart Craft,Craft of parts required for tuning a cart
skill_2592,2592,Cart Craft,2591,2,43,1,2,0,0,0,21,0,0,0,0,0,0,0,0,0,0,17,120,0,0,0.0,0,0,0,0,0,0,0,0,0,0,0,0,0,0,0,0,0,0,0,0,0,0,0,0,0,0,180,112,100,151,100,0,221,90,0,0,1752,1501,LSkill2591,Cart Craft,Craft of parts required for tuning a cart
skill_2593,2593,Cart Craft,2591,3,47,1,2,0,0,0,21,0,0,0,0,0,0,0,0,0,0,17,140,0,0,0.0,0,0,0,0,0,0,0,0,0,0,0,0,0,0,0,0,0,0,0,0,0,0,0,0,0,0,180,112,100,151,100,0,221,90,0,0,1752,1501,LSkill2591,Cart Craft,Craft of parts required for tuning a cart
skill_2594,2594,Cart Craft,2591,4,51,1,2,0,0,0,21,0,0,0,0,0,0,0,0,0,0,17,160,0,0,0.0,0,0,0,0,0,0,0,0,0,0,0,0,0,0,0,0,2081,9,0,0,0,0,0,0,0,0,180,112,100,151,100,0,221,90,0,0,1752,1501,LSkill2591,Cart Craft,Craft of parts required for tuning a cart
skill_2595,2595,Cart Craft,2591,5,55,1,2,0,0,0,21,0,0,0,0,0,0,0,0,0,0,17,180,0,0,0.0,0,0,0,0,0,0,0,0,0,0,0,0,0,0,0,0,0,0,0,0,0,0,0,0,0,0,180,112,100,151,100,0,221,90,0,0,1752,1501,LSkill2591,Cart Craft,Craft of parts required for tuning a cart
skill_2596,2596,Cart Craft,2591,6,59,1,2,0,0,0,21,0,0,0,0,0,0,0,0,0,0,17,200,0,0,0.0,0,0,0,0,0,0,0,0,0,0,0,0,0,0,0,0,0,0,0,0,0,0,0,0,0,0,180,112,100,151,100,0,221,90,0,0,1752,1501,LSkill2591,Cart Craft,Craft of parts required for tuning a cart
skill_2597,2597,Cart Craft,2591,7,64,1,2,0,0,0,21,0,0,0,0,0,0,0,0,0,0,17,220,0,0,0.0,0,0,0,0,0,0,0,0,0,0,0,0,0,0,0,0,2081,10,0,0,0,0,0,0,0,0,180,112,100,151,100,0,221,90,0,0,1752,1501,LSkill2591,Cart Craft,Craft of parts required for tuning a cart
skill_2598,2598,Cart Craft,2591,8,69,1,2,0,0,0,21,0,0,0,0,0,0,0,0,0,0,17,240,0,0,0.0,0,0,0,0,0,0,0,0,0,0,0,0,0,0,0,0,0,0,0,0,0,0,0,0,0,0,180,112,100,151,100,0,221,90,0,0,1752,1501,LSkill2591,Cart Craft,Craft of parts required for tuning a cart
skill_2599,2599,Cart Craft,2591,9,74,1,2,0,0,0,21,0,0,0,0,0,0,0,0,0,0,17,260,0,0,0.0,0,0,0,0,0,0,0,0,0,0,0,0,0,0,0,0,0,0,0,0,0,0,0,0,0,0,180,112,100,151,100,0,221,90,0,0,1752,1501,LSkill2591,Cart Craft,Craft of parts required for tuning a cart
skill_2600,2600,Cart Craft,2591,10,79,1,2,0,0,0,21,0,0,0,0,0,0,0,0,0,0,17,280,0,0,0.0,0,0,0,0,0,0,0,0,0,0,0,0,0,0,0,0,2081,10,2634,5,0,0,0,0,0,0,180,112,100,151,100,0,221,90,0,0,1752,1501,LSkill2591,Cart Craft,Craft of parts required for tuning a cart
skill_2601,2601,Castle Gear,2601,1,50,1,2,0,0,0,22,0,0,0,0,0,0,0,0,0,0,17,100,0,0,0.0,0,0,0,0,0,0,0,0,0,0,0,0,0,0,68,0,2081,10,0,0,0,0,0,0,0,0,180,112,100,151,100,0,221,90,0,0,1752,1501,LSkill2601,Castle Gear,Craft of parts required for tuning a castle gear
skill_2602,2602,Castle Gear,2601,2,54,1,2,0,0,0,22,0,0,0,0,0,0,0,0,0,0,17,120,0,0,0.0,0,0,0,0,0,0,0,0,0,0,0,0,0,0,0,0,0,0,0,0,0,0,0,0,0,0,180,112,100,151,100,0,221,90,0,0,1752,1501,LSkill2601,Castle Gear,Craft of parts required for tuning a castle gear
skill_2603,2603,Castle Gear,2601,3,58,1,2,0,0,0,22,0,0,0,0,0,0,0,0,0,0,17,140,0,0,0.0,0,0,0,0,0,0,0,0,0,0,0,0,0,0,0,0,0,0,0,0,0,0,0,0,0,0,180,112,100,151,100,0,221,90,0,0,1752,1501,LSkill2601,Castle Gear,Craft of parts required for tuning a castle gear
skill_2604,2604,Castle Gear,2601,4,62,1,2,0,0,0,22,0,0,0,0,0,0,0,0,0,0,17,160,0,0,0.0,0,0,0,0,0,0,0,0,0,0,0,0,0,0,0,0,0,0,0,0,0,0,0,0,0,0,180,112,100,151,100,0,221,90,0,0,1752,1501,LSkill2601,Castle Gear,Craft of parts required for tuning a castle gear
skill_2605,2605,Castle Gear,2601,5,67,1,2,0,0,0,22,0,0,0,0,0,0,0,0,0,0,17,180,0,0,0.0,0,0,0,0,0,0,0,0,0,0,0,0,0,0,0,0,0,0,0,0,0,0,0,0,0,0,180,112,100,151,100,0,221,90,0,0,1752,1501,LSkill2601,Castle Gear,Craft of parts required for tuning a castle gear
skill_2606,2606,Castle Gear,2601,6,72,1,2,0,0,0,22,0,0,0,0,0,0,0,0,0,0,17,200,0,0,0.0,0,0,0,0,0,0,0,0,0,0,0,0,0,0,0,0,0,0,0,0,0,0,0,0,0,0,180,112,100,151,100,0,221,90,0,0,1752,1501,LSkill2601,Castle Gear,Craft of parts required for tuning a castle gear
skill_2607,2607,Castle Gear,2601,7,77,1,2,0,0,0,22,0,0,0,0,0,0,0,0,0,0,17,220,0,0,0.0,0,0,0,0,0,0,0,0,0,0,0,0,0,0,0,0,0,0,0,0,0,0,0,0,0,0,180,112,100,151,100,0,221,90,0,0,1752,1501,LSkill2601,Castle Gear,Craft of parts required for tuning a castle gear
skill_2608,2608,Castle Gear,2601,8,83,1,2,0,0,0,22,0,0,0,0,0,0,0,0,0,0,17,240,0,0,0.0,0,0,0,0,0,0,0,0,0,0,0,0,0,0,0,0,0,0,0,0,0,0,0,0,0,0,180,112,100,151,100,0,221,90,0,0,1752,1501,LSkill2601,Castle Gear,Craft of parts required for tuning a castle gear
skill_2609,2609,Castle Gear,2601,9,89,1,2,0,0,0,22,0,0,0,0,0,0,0,0,0,0,17,260,0,0,0.0,0,0,0,0,0,0,0,0,0,0,0,0,0,0,0,0,0,0,0,0,0,0,0,0,0,0,180,112,100,151,100,0,221,90,0,0,1752,1501,LSkill2601,Castle Gear,Craft of parts required for tuning a castle gear
skill_2610,2610,Castle Gear,2601,10,95,1,2,0,0,0,22,0,0,0,0,0,0,0,0,0,0,17,280,0,0,0.0,0,0,0,0,0,0,0,0,0,0,0,0,0,0,0,0,2634,5,0,0,0,0,0,0,0,0,180,112,100,151,100,0,221,90,0,0,1752,1501,LSkill2601,Castle Gear,Craft of parts required for tuning a castle gear
skill_2611,2611,Gem Cutting,2611,1,30,1,2,0,0,0,35,0,0,0,0,0,0,0,0,0,0,17,100,0,0,0.0,0,0,0,0,0,0,0,0,0,0,0,0,0,0,68,0,2081,7,0,0,0,0,0,0,0,0,188,112,100,151,100,0,221,90,0,0,1752,1501,LSkill2611,Gem Cutting,Production of high-quality of jewel by upgrading low- quality one
skill_2612,2612,Gem Cutting,2611,2,35,1,2,0,0,0,35,0,0,0,0,0,0,0,0,0,0,17,120,0,0,0.0,0,0,0,0,0,0,0,0,0,0,0,0,0,0,0,0,0,0,0,0,0,0,0,0,0,0,188,112,100,151,100,0,221,90,0,0,1752,1501,LSkill2611,Gem Cutting,Production of high-quality of jewel by upgrading low- quality one
skill_2613,2613,Gem Cutting,2611,3,40,1,2,0,0,0,35,0,0,0,0,0,0,0,0,0,0,17,140,0,0,0.0,0,0,0,0,0,0,0,0,0,0,0,0,0,0,0,0,2081,8,0,0,0,0,0,0,0,0,188,112,100,151,100,0,221,90,0,0,1752,1501,LSkill2611,Gem Cutting,Production of high-quality of jewel by upgrading low- quality one
skill_2614,2614,Gem Cutting,2611,4,46,1,2,0,0,0,35,0,0,0,0,0,0,0,0,0,0,17,160,0,0,0.0,0,0,0,0,0,0,0,0,0,0,0,0,0,0,0,0,0,0,0,0,0,0,0,0,0,0,188,112,100,151,100,0,221,90,0,0,1752,1501,LSkill2611,Gem Cutting,Production of high-quality of jewel by upgrading low- quality one
skill_2615,2615,Gem Cutting,2611,5,53,1,2,0,0,0,35,0,0,0,0,0,0,0,0,0,0,17,180,0,0,0.0,0,0,0,0,0,0,0,0,0,0,0,0,0,0,0,0,2081,9,0,0,0,0,0,0,0,0,188,112,100,151,100,0,221,90,0,0,1752,1501,LSkill2611,Gem Cutting,Production of high-quality of jewel by upgrading low- quality one
skill_2616,2616,Gem Cutting,2611,6,60,1,2,0,0,0,35,0,0,0,0,0,0,0,0,0,0,17,200,0,0,0.0,0,0,0,0,0,0,0,0,0,0,0,0,0,0,0,0,0,0,0,0,0,0,0,0,0,0,188,112,100,151,100,0,221,90,0,0,1752,1501,LSkill2611,Gem Cutting,Production of high-quality of jewel by upgrading low- quality one
skill_2617,2617,Gem Cutting,2611,7,68,1,2,0,0,0,35,0,0,0,0,0,0,0,0,0,0,17,220,0,0,0.0,0,0,0,0,0,0,0,0,0,0,0,0,0,0,0,0,2081,10,0,0,0,0,0,0,0,0,188,112,100,151,100,0,221,90,0,0,1752,1501,LSkill2611,Gem Cutting,Production of high-quality of jewel by upgrading low- quality one
skill_2618,2618,Gem Cutting,2611,8,76,1,2,0,0,0,35,0,0,0,0,0,0,0,0,0,0,17,240,0,0,0.0,0,0,0,0,0,0,0,0,0,0,0,0,0,0,0,0,2081,10,0,0,0,0,0,0,31,200,188,112,100,151,100,0,221,90,0,0,1752,1501,LSkill2611,Gem Cutting,Production of high-quality of jewel by upgrading low- quality one
skill_2619,2619,Gem Cutting,2611,9,84,1,2,0,0,0,35,0,0,0,0,0,0,0,0,0,0,17,260,0,0,0.0,0,0,0,0,0,0,0,0,0,0,0,0,0,0,0,0,2081,10,0,0,0,0,0,0,31,205,188,112,100,151,100,0,221,90,0,0,1752,1501,LSkill2611,Gem Cutting,Production of high-quality of jewel by upgrading low- quality one
skill_2621,2621,Item Divide,2621,1,20,1,2,0,0,0,41,0,0,0,0,0,0,0,0,0,0,17,50,0,0,0.0,0,0,0,0,0,0,0,0,0,0,0,0,0,0,44,0,2081,4,0,0,0,0,0,0,0,0,193,112,100,151,100,0,221,90,0,0,1752,1501,LSkill2621,Item Divide,you can divide gemmed items or use divided item as a material
skill_2624,2624,Smelting,2624,1,30,1,2,0,0,0,36,0,0,0,0,0,0,0,0,0,0,17,100,0,0,0.0,0,0,0,0,0,0,0,0,0,0,0,0,0,0,68,0,2081,7,0,0,0,0,0,0,0,0,249,112,100,151,100,0,221,90,0,0,1752,1501,LSkill2624,,
skill_2625,2625,Smelting,2624,2,35,1,2,0,0,0,36,0,0,0,0,0,0,0,0,0,0,17,120,0,0,0.0,0,0,0,0,0,0,0,0,0,0,0,0,0,0,0,0,0,0,0,0,0,0,0,0,0,0,249,112,100,151,100,0,221,90,0,0,1752,1501,LSkill2624,,
skill_2626,2626,Smelting,2624,3,40,1,2,0,0,0,36,0,0,0,0,0,0,0,0,0,0,17,140,0,0,0.0,0,0,0,0,0,0,0,0,0,0,0,0,0,0,0,0,2081,8,0,0,0,0,0,0,0,0,249,112,100,151,100,0,221,90,0,0,1752,1501,LSkill2624,,
skill_2631,2631,Refine Item,2631,1,20,1,2,0,0,0,42,0,0,0,0,0,0,0,0,0,0,17,50,0,0,0.0,0,0,0,0,0,0,0,0,0,0,0,0,0,0,68,0,2081,5,0,0,0,0,0,0,0,0,196,112,100,151,100,0,221,90,0,0,1752,1501,LSkill2631,Refine Item,Upgrading quality of item through refining. You can have item with one level up
skill_2634,2634,Hover Craft Mastery,2634,1,40,2,15,0,0,0,0,0,0,0,0,0,0,0,0,0,0,0,0,0,0,0.0,0,55,50,0,0,0,0,0,0,0,0,0,0,0,44,0,2081,10,0,0,0,0,0,0,0,0,140,0,0,0,0,0,0,0,0,0,0,0,LSkill2634,Hover Craft Mastery,Hover Craft Mastery
skill_2635,2635,Hover Craft Mastery,2634,2,45,2,15,0,0,0,0,0,0,0,0,0,0,0,0,0,0,0,0,0,0,0.0,0,55,70,0,0,0,0,0,0,0,0,0,0,0,44,0,2081,10,0,0,0,0,0,0,0,0,140,0,0,0,0,0,0,0,0,0,0,0,LSkill2634,Hover Craft Mastery,Hover Craft Mastery
skill_2636,2636,Hover Craft Mastery,2634,3,50,2,15,0,0,0,0,0,0,0,0,0,0,0,0,0,0,0,0,0,0,0.0,0,55,90,0,0,0,0,0,0,0,0,0,0,0,44,0,2081,10,0,0,0,0,0,0,0,0,140,0,0,0,0,0,0,0,0,0,0,0,LSkill2634,Hover Craft Mastery,Hover Craft Mastery
skill_2637,2637,Hover Craft Mastery,2634,4,55,2,15,0,0,0,0,0,0,0,0,0,0,0,0,0,0,0,0,0,0,0.0,0,55,120,0,0,0,0,0,0,0,0,0,0,0,44,0,2081,10,0,0,0,0,0,0,0,0,140,0,0,0,0,0,0,0,0,0,0,0,LSkill2634,Hover Craft Mastery,Hover Craft Mastery
skill_2638,2638,Hover Craft Mastery,2634,5,60,2,15,0,0,0,0,0,0,0,0,0,0,0,0,0,0,0,0,0,0,0.0,0,55,150,0,0,0,0,0,0,0,0,0,0,0,44,0,2081,10,0,0,0,0,0,0,0,0,140,0,0,0,0,0,0,0,0,0,0,0,LSkill2634,Hover Craft Mastery,Hover Craft Mastery
skill_2641,2641,??????????,2641,1,30,1,2,0,0,0,31,0,0,0,0,0,0,0,0,0,0,17,100,0,0,0.0,0,0,0,0,0,0,0,0,0,0,0,0,0,0,68,0,2081,1,0,0,0,0,31,201,0,0,187,112,100,151,100,0,221,90,0,0,1752,1501,LSkill2641,Jewel Item Craft,"Craft of ring, earring and necklace"
skill_2642,2642,??????????,2641,2,40,1,2,0,0,0,31,0,0,0,0,0,0,0,0,0,0,17,150,0,0,0.0,0,0,0,0,0,0,0,0,0,0,0,0,0,0,68,0,2081,2,0,0,0,0,31,202,0,0,187,112,100,151,100,0,221,90,0,0,1752,1501,LSkill2641,Jewel Item Craft,"Craft of ring, earring and necklace"
skill_2643,2643,??????????,2641,3,50,1,2,0,0,0,31,0,0,0,0,0,0,0,0,0,0,17,100,0,0,0.0,0,0,0,0,0,0,0,0,0,0,0,0,0,0,68,0,2081,3,0,0,0,0,31,203,0,0,187,112,100,151,100,0,221,90,0,0,1752,1501,LSkill2641,Jewel Item Craft,"Craft of ring, earring and necklace"
skill_2644,2644,??????????,2641,4,60,1,2,0,0,0,31,0,0,0,0,0,0,0,0,0,0,17,250,0,0,0.0,0,0,0,0,0,0,0,0,0,0,0,0,0,0,68,0,2081,4,0,0,0,0,31,204,0,0,187,112,100,151,100,0,221,90,0,0,1752,1501,LSkill2641,Jewel Item Craft,"Craft of ring, earring and necklace"
skill_2645,2645,??????????,2641,5,70,1,2,0,0,0,31,0,0,0,0,0,0,0,0,0,0,17,300,0,0,0.0,0,0,0,0,0,0,0,0,0,0,0,0,0,0,68,0,2081,5,0,0,0,0,31,205,0,0,187,112,100,151,100,0,221,90,0,0,1752,1501,LSkill2641,Jewel Item Craft,"Craft of ring, earring and necklace"
skill_2650,2650,??????????,2641,10,70,1,2,0,0,0,31,0,0,0,0,0,0,0,0,0,0,17,300,0,0,0.0,0,0,0,0,0,0,0,0,0,0,0,0,0,0,68,0,2081,5,0,0,0,0,31,205,0,0,187,112,100,151,100,0,221,90,0,0,1752,1501,LSkill2641,Jewel Item Craft,"Craft of ring, earring and necklace"
skill_2652,2652,Camouflage,2652,1,30,1,8,0,0,0,0,0,33,15,25,7,0,1,0,40,0,17,30,0,0,89.9,0,0,0,0,23,0,21,0,0,232,233,0,0,0,67,0,0,0,0,0,0,0,31,200,0,0,292,114,100,153,100,1,0,0,0,0,1754,0,LSkill2652,Camouflage,Use elite military tactics to blend into your surroundings.
skill_2653,2653,Camouflage,2652,2,32,1,8,0,0,0,0,0,33,15,25,7,0,1,0,60,0,17,32,0,0,79.9,0,0,0,0,23,0,22,0,0,232,233,0,0,0,67,0,0,0,0,0,0,0,31,202,0,0,292,114,100,153,100,1,0,0,0,0,1754,0,LSkill2652,Camouflage,Use elite military tactics to blend into your surroundings.
skill_2654,2654,Camouflage,2652,3,34,1,8,0,0,0,0,0,33,15,25,7,0,1,0,80,0,17,34,0,0,69.9,0,0,0,0,23,0,23,0,0,232,233,0,0,0,67,0,0,0,0,0,0,0,31,204,0,0,292,114,100,153,100,1,0,0,0,0,1754,0,LSkill2652,Camouflage,Use elite military tactics to blend into your surroundings.
skill_2655,2655,Camouflage,2652,4,36,1,8,0,0,0,0,0,33,15,25,7,0,1,0,100,0,17,36,0,0,59.9,0,0,0,0,23,0,24,0,0,232,233,0,0,0,67,0,0,0,0,0,0,0,31,206,0,0,292,114,100,153,100,1,0,0,0,0,1754,0,LSkill2652,Camouflage,Use elite military tactics to blend into your surroundings.
skill_2656,2656,Camouflage,2652,5,38,1,8,0,0,0,0,0,33,15,25,7,0,1,0,120,0,17,38,0,0,39.9,0,0,0,0,23,0,25,0,0,232,233,0,0,0,67,0,0,0,0,0,0,0,31,208,0,0,292,114,100,153,100,1,0,0,0,0,1754,0,LSkill2652,Camouflage,Use elite military tactics to blend into your surroundings.
skill_2658,2658,Bullet Shower,2658,1,71,1,17,0,5,1450,300,1,0,0,0,0,0,0,0,0,1,40,200,17,30,17.9,0,0,0,0,0,0,0,0,0,0,0,0,0,0,67,0,0,0,0,0,0,0,31,200,0,0,286,115,100,172,100,1,0,0,1122,0,0,1121,LSkill2658,Bullet Shower,Fire an entire clip of bullets into the air to shower down upon multiple enemies.
skill_2659,2659,Bullet Shower,2658,2,79,1,17,0,5,1480,320,1,0,0,0,0,0,0,0,0,1,40,220,17,32,18.3,0,0,0,0,0,0,0,0,0,0,0,0,0,0,67,0,0,0,0,0,0,0,31,202,0,0,286,115,100,172,100,1,0,0,1122,0,0,1121,LSkill2658,Bullet Shower,Fire an entire clip of bullets into the air to shower down upon multiple enemies.
skill_2660,2660,Bullet Shower,2658,3,88,1,17,0,5,1510,340,1,0,0,0,0,0,0,0,0,1,40,240,17,34,18.7,0,0,0,0,0,0,0,0,0,0,0,0,0,0,67,0,0,0,0,0,0,0,31,204,0,0,286,115,100,172,100,1,0,0,1122,0,0,1121,LSkill2658,Bullet Shower,Fire an entire clip of bullets into the air to shower down upon multiple enemies.
skill_2661,2661,Bullet Shower,2658,4,98,1,17,0,5,1540,360,1,0,0,0,0,0,0,0,0,1,40,260,17,36,19.1,0,0,0,0,0,0,0,0,0,0,0,0,0,0,67,0,0,0,0,0,0,0,31,206,0,0,286,115,100,172,100,1,0,0,1122,0,0,1121,LSkill2658,Bullet Shower,Fire an entire clip of bullets into the air to shower down upon multiple enemies.
skill_2662,2662,Bullet Shower,2658,5,109,1,17,0,5,1570,380,1,0,0,0,0,0,0,0,0,1,40,300,17,40,19.5,0,0,0,0,0,0,0,0,0,0,0,0,0,0,67,0,0,0,0,0,0,0,31,208,0,0,286,115,100,172,100,1,0,0,1122,0,0,1121,LSkill2658,Bullet Shower,Fire an entire clip of bullets into the air to shower down upon multiple enemies.
skill_2664,2664,Cannon Smash,2664,1,50,1,3,300,5,0,320,1,17,15,9,7,1,1,100,8,1,17,85,0,0,10.7,3,24,0,21,23,0,42,0,2,232,233,0,0,0,67,0,0,0,0,0,0,0,31,200,0,0,403,128,100,93,100,1,0,0,67,0,1036,1035,LSkill2664,Cannon Smash,"Crash your cannon into your enemy, causing his speed to decrease."
skill_2665,2665,Cannon Smash,2664,2,52,1,3,300,5,0,340,1,17,15,9,7,1,1,102,8,1,17,85,0,0,10.5,3,24,0,22,23,0,44,0,2,232,233,0,0,0,67,0,0,0,0,0,0,0,31,202,0,0,403,128,104,93,100,1,0,0,67,0,1036,1035,LSkill2664,Cannon Smash,"Crash your cannon into your enemy, causing his speed to decrease."
skill_2666,2666,Cannon Smash,2664,3,54,1,3,300,5,0,360,1,17,15,9,7,1,1,104,8,1,17,85,0,0,10.3,3,24,0,23,23,0,46,0,2,232,233,0,0,0,67,0,0,0,0,0,0,0,31,204,0,0,403,128,108,93,100,1,0,0,67,0,1036,1035,LSkill2664,Cannon Smash,"Crash your cannon into your enemy, causing his speed to decrease."
skill_2667,2667,Cannon Smash,2664,4,56,1,3,300,5,0,380,1,17,15,9,7,1,1,106,8,1,17,85,0,0,10.1,3,24,0,24,23,0,48,0,2,232,233,0,0,0,67,0,0,0,0,0,0,0,31,206,0,0,403,128,112,93,100,1,0,0,67,0,1036,1035,LSkill2664,Cannon Smash,"Crash your cannon into your enemy, causing his speed to decrease."
skill_2668,2668,Cannon Smash,2664,5,58,1,3,300,5,0,400,1,17,15,9,7,1,1,108,8,1,17,85,0,0,9.9,3,24,0,25,23,0,50,0,2,232,233,0,0,0,67,0,0,0,0,0,0,0,31,208,0,0,403,128,116,93,100,1,0,0,67,0,1036,1035,LSkill2664,Cannon Smash,"Crash your cannon into your enemy, causing his speed to decrease."
skill_2670,2670,Pistol Whip,2670,1,50,1,3,300,5,0,320,1,21,19,13,11,1,1,100,8,1,17,85,0,0,10.7,3,19,0,21,18,0,42,0,2,232,233,0,0,0,68,0,0,0,0,0,0,0,31,200,0,0,381,128,100,93,100,1,0,0,67,0,1036,1035,LSkill2670,Pistol Whip,"Smack your enemy with your gun, causing his attack and defense to decrease."
skill_2671,2671,Pistol Whip,2670,2,52,1,3,300,5,0,340,1,21,19,13,11,1,1,102,8,1,17,85,0,0,10.5,3,19,0,22,18,0,44,0,2,232,233,0,0,0,68,0,0,0,0,0,0,0,31,202,0,0,381,128,104,93,100,1,0,0,67,0,1036,1035,LSkill2670,Pistol Whip,"Smack your enemy with your gun, causing his attack and defense to decrease."
skill_2672,2672,Pistol Whip,2670,3,54,1,3,300,5,0,360,1,21,19,13,11,1,1,104,8,1,17,85,0,0,10.3,3,19,0,23,18,0,46,0,2,232,233,0,0,0,68,0,0,0,0,0,0,0,31,204,0,0,381,128,108,93,100,1,0,0,67,0,1036,1035,LSkill2670,Pistol Whip,"Smack your enemy with your gun, causing his attack and defense to decrease."
skill_2673,2673,Pistol Whip,2670,4,56,1,3,300,5,0,380,1,21,19,13,11,1,1,106,8,1,17,85,0,0,10.1,3,19,0,24,18,0,48,0,2,232,233,0,0,0,68,0,0,0,0,0,0,0,31,206,0,0,381,128,112,93,100,1,0,0,67,0,1036,1035,LSkill2670,Pistol Whip,"Smack your enemy with your gun, causing his attack and defense to decrease."
skill_2674,2674,Pistol Whip,2670,5,58,1,3,300,5,0,400,1,21,19,13,11,1,1,108,8,1,17,85,0,0,9.9,3,19,0,25,18,0,50,0,2,232,233,0,0,0,68,0,0,0,0,0,0,0,31,208,0,0,381,128,116,93,100,1,0,0,67,0,1036,1035,LSkill2670,Pistol Whip,"Smack your enemy with your gun, causing his attack and defense to decrease."
skill_2676,2676,Spinning Shot,2676,1,71,1,17,0,5,1450,300,1,0,0,0,0,0,0,0,0,1,40,200,17,30,17.9,0,0,0,0,0,0,0,0,0,0,0,0,0,0,68,0,0,0,0,0,0,0,31,200,0,0,265,115,100,172,100,1,0,0,1122,0,0,1121,LSkill2676,Spinning Shot,"Rotate around, firing bullets at multiple enemies in a short burst of rage."
skill_2677,2677,Spinning Shot,2676,2,79,1,17,0,5,1480,320,1,0,0,0,0,0,0,0,0,1,40,220,17,32,18.3,0,0,0,0,0,0,0,0,0,0,0,0,0,0,68,0,0,0,0,0,0,0,31,202,0,0,265,115,100,172,100,1,0,0,1122,0,0,1121,LSkill2676,Spinning Shot,"Rotate around, firing bullets at multiple enemies in a short burst of rage."
skill_2678,2678,Spinning Shot,2676,3,88,1,17,0,5,1510,340,1,0,0,0,0,0,0,0,0,1,40,240,17,34,18.7,0,0,0,0,0,0,0,0,0,0,0,0,0,0,68,0,0,0,0,0,0,0,31,204,0,0,265,115,100,172,100,1,0,0,1122,0,0,1121,LSkill2676,Spinning Shot,"Rotate around, firing bullets at multiple enemies in a short burst of rage."
skill_2679,2679,Spinning Shot,2676,4,98,1,17,0,5,1540,360,1,0,0,0,0,0,0,0,0,1,40,260,17,36,19.1,0,0,0,0,0,0,0,0,0,0,0,0,0,0,68,0,0,0,0,0,0,0,31,206,0,0,265,115,100,172,100,1,0,0,1122,0,0,1121,LSkill2676,Spinning Shot,"Rotate around, firing bullets at multiple enemies in a short burst of rage."
skill_2680,2680,Spinning Shot,2676,5,109,1,17,0,5,1570,380,1,0,0,0,0,0,0,0,0,1,40,300,17,40,19.5,0,0,0,0,0,0,0,0,0,0,0,0,0,0,68,0,0,0,0,0,0,0,31,208,0,0,265,115,100,172,100,1,0,0,1122,0,0,1121,LSkill2676,Spinning Shot,"Rotate around, firing bullets at multiple enemies in a short burst of rage."
skill_2682,2682,Earthquake,2682,1,36,1,17,0,5,750,280,1,0,0,0,0,0,0,0,0,1,17,75,0,0,29.9,12,0,0,0,0,0,0,0,2,232,233,0,0,0,68,0,0,0,0,0,0,0,31,200,0,0,47,115,100,173,100,1,0,0,139,0,1386,1121,LSkill2682,Earthquake,"Fire your gun into the ground, causing an earthquake to erupt and damage surrounding enemies."
skill_2683,2683,Earthquake,2682,2,38,1,17,0,5,750,300,1,0,0,0,0,0,0,0,0,1,17,78,0,0,27.9,12,0,0,0,0,0,0,0,2,232,233,0,0,0,68,0,0,0,0,0,0,0,31,202,0,0,47,115,100,173,100,1,0,0,139,0,1386,1121,LSkill2682,Earthquake,"Fire your gun into the ground, causing an earthquake to erupt and damage surrounding enemies."
skill_2684,2684,Earthquake,2682,3,40,1,17,0,5,750,320,1,0,0,0,0,0,0,0,0,1,17,81,0,0,25.9,12,0,0,0,0,0,0,0,2,232,233,0,0,0,68,0,0,0,0,0,0,0,31,204,0,0,47,115,100,173,100,1,0,0,139,0,1386,1121,LSkill2682,Earthquake,"Fire your gun into the ground, causing an earthquake to erupt and damage surrounding enemies."
skill_2685,2685,Earthquake,2682,4,42,1,17,0,5,750,340,1,0,0,0,0,0,0,0,0,1,17,84,0,0,23.9,12,0,0,0,0,0,0,0,2,232,233,0,0,0,68,0,0,0,0,0,0,0,31,206,0,0,47,115,100,173,100,1,0,0,139,0,1386,1121,LSkill2682,Earthquake,"Fire your gun into the ground, causing an earthquake to erupt and damage surrounding enemies."
skill_2686,2686,Earthquake,2682,5,44,1,17,0,5,750,360,1,0,0,0,0,0,0,0,0,1,17,87,0,0,21.9,12,0,0,0,0,0,0,0,2,232,233,0,0,0,68,0,0,0,0,0,0,0,31,208,0,0,47,115,100,173,100,1,0,0,139,0,1386,1121,LSkill2682,Earthquake,"Fire your gun into the ground, causing an earthquake to erupt and damage surrounding enemies."
skill_2688,2688,Elite Sniping,2688,1,75,1,3,1200,5,0,250,1,31,0,23,0,1,0,0,4,1,17,75,0,0,11.1,0,0,0,0,0,0,0,0,2,232,233,0,0,0,68,0,0,0,0,0,0,0,31,200,0,0,394,95,100,97,100,1,262,1228,67,0,0,110,LSkill2688,Elite Sniping,An impressive shot of extreme distance that will put your opponet into a coma.
skill_2689,2689,Elite Sniping,2688,2,87,1,3,1400,5,0,270,1,31,0,23,0,1,0,0,4,1,17,81,0,0,11.5,0,0,0,0,0,0,0,0,2,232,233,0,0,0,68,0,0,0,0,0,0,0,31,202,0,0,394,95,100,97,100,1,262,1228,67,0,0,110,LSkill2688,Elite Sniping,An impressive shot of extreme distance that will put your opponet into a coma.
skill_2690,2690,Elite Sniping,2688,3,100,1,3,1600,5,0,290,1,31,0,23,0,1,0,0,4,1,17,87,0,0,11.9,0,0,0,0,0,0,0,0,2,232,233,0,0,0,68,0,0,0,0,0,0,0,31,204,0,0,394,95,100,97,100,1,262,1228,67,0,0,110,LSkill2688,Elite Sniping,An impressive shot of extreme distance that will put your opponet into a coma.
skill_2691,2691,Elite Sniping,2688,4,115,1,3,1800,5,0,310,1,31,0,23,0,1,0,0,4,1,17,93,0,0,12.3,0,0,0,0,0,0,0,0,2,232,233,0,0,0,68,0,0,0,0,0,0,0,31,206,0,0,394,95,100,97,100,1,262,1228,67,0,0,110,LSkill2688,Elite Sniping,An impressive shot of extreme distance that will put your opponet into a coma.
skill_2692,2692,Elite Sniping,2688,5,132,1,3,2000,5,0,330,1,31,0,23,0,1,0,0,4,1,17,105,0,0,12.7,0,0,0,0,0,0,0,0,2,232,233,0,0,0,68,0,0,0,0,0,0,0,31,208,0,0,394,95,100,97,100,1,262,1228,67,0,0,110,LSkill2688,Elite Sniping,An impressive shot of extreme distance that will put your opponet into a coma.
skill_2694,2694,Desperado,2694,1,60,1,3,1200,5,0,250,1,31,0,23,0,1,0,0,4,1,17,75,0,0,11.1,0,0,0,0,0,0,0,0,2,232,233,0,0,0,67,0,0,0,0,0,0,0,31,220,0,0,405,95,100,97,100,1,262,1231,1232,0,0,1668,LSkill2694,Desperado,Fire a powerful shot enchanted with the power of storm.
skill_2695,2695,Desperado,2694,2,70,1,3,1400,5,0,270,1,31,0,23,0,1,0,0,4,1,17,81,0,0,11.5,0,0,0,0,0,0,0,0,2,232,233,0,0,0,67,0,0,0,0,0,0,0,31,222,0,0,405,95,100,97,100,1,262,1231,1232,0,0,1668,LSkill2694,Desperado,Fire a powerful shot enchanted with the power of storm.
skill_2696,2696,Desperado,2694,3,80,1,3,1600,5,0,290,1,31,0,23,0,1,0,0,4,1,17,87,0,0,11.9,0,0,0,0,0,0,0,0,2,232,233,0,0,0,67,0,0,0,0,0,0,0,31,224,0,0,405,95,100,97,100,1,262,1231,1232,0,0,1668,LSkill2694,Desperado,Fire a powerful shot enchanted with the power of storm.
skill_2697,2697,Desperado,2694,4,90,1,3,1800,5,0,310,1,31,0,23,0,1,0,0,4,1,17,93,0,0,12.3,0,0,0,0,0,0,0,0,2,232,233,0,0,0,67,0,0,0,0,0,0,0,31,226,0,0,405,95,100,97,100,1,262,1231,1232,0,0,1668,LSkill2694,Desperado,Fire a powerful shot enchanted with the power of storm.
skill_2698,2698,Desperado,2694,5,100,1,3,2000,5,0,330,1,31,0,23,0,1,0,0,4,1,17,105,0,0,12.7,0,0,0,0,0,0,0,0,2,232,233,0,0,0,67,0,0,0,0,0,0,0,31,228,0,0,405,95,100,97,100,1,262,1231,1232,0,0,1668,LSkill2694,Desperado,Fire a powerful shot enchanted with the power of storm.
skill_2700,2700,Elekitra,2700,1,60,1,3,1200,5,0,230,1,21,0,13,0,1,0,90,15,1,17,75,0,0,11.1,0,0,0,0,0,0,0,0,2,232,233,0,0,0,68,0,0,0,0,0,0,0,31,220,0,0,404,95,100,97,100,1,262,1231,1232,0,0,1316,LSkill2700,Elekitra,Fire a powerful shot enchanted with the power of thunder.
skill_2701,2701,Elekitra,2700,2,70,1,3,1400,5,0,250,1,21,0,13,0,1,0,90,15,1,17,81,0,0,11.5,0,0,0,0,0,0,0,0,2,232,233,0,0,0,68,0,0,0,0,0,0,0,31,222,0,0,404,95,100,97,100,1,262,1231,1232,0,0,1316,LSkill2700,Elekitra,Fire a powerful shot enchanted with the power of thunder.
skill_2702,2702,Elekitra,2700,3,80,1,3,1600,5,0,270,1,21,0,13,0,1,0,90,15,1,17,87,0,0,11.9,0,0,0,0,0,0,0,0,2,232,233,0,0,0,68,0,0,0,0,0,0,0,31,224,0,0,404,95,100,97,100,1,262,1231,1232,0,0,1316,LSkill2700,Elekitra,Fire a powerful shot enchanted with the power of thunder.
skill_2703,2703,Elekitra,2700,4,90,1,3,1800,5,0,290,1,21,0,13,0,1,0,90,15,1,17,93,0,0,12.3,0,0,0,0,0,0,0,0,2,232,233,0,0,0,68,0,0,0,0,0,0,0,31,226,0,0,404,95,100,97,100,1,262,1231,1232,0,0,1316,LSkill2700,Elekitra,Fire a powerful shot enchanted with the power of thunder.
skill_2704,2704,Elekitra,2700,5,100,1,3,2000,5,0,310,1,21,0,13,0,1,0,90,20,1,17,105,0,0,12.7,0,19,30,20,0,0,0,0,2,232,233,0,0,0,68,0,0,0,0,0,0,0,31,228,0,0,404,95,100,97,100,1,262,1231,1232,0,0,1316,LSkill2700,Elekitra,Fire a powerful shot enchanted with the power of thunder.
skill_2710,2710,Zuly Stun,2710,1,37,1,6,700,5,0,819,1,0,0,0,0,0,0,0,0,2,40,6000,17,100,10.9,0,0,0,0,0,0,0,0,2,0,0,0,0,0,44,0,2141,13,0,0,0,0,0,0,0,0,198,116,175,211,100,1,281,0,199,0,1801,1693,LSkill6191,,
skill_2711,2711,Zuly Stun,2710,2,47,1,6,900,5,0,850,1,0,0,0,0,0,0,0,0,2,40,7000,17,200,10.9,0,0,0,0,0,0,0,0,2,0,0,0,0,0,44,0,2141,14,0,0,0,0,0,0,0,0,198,116,180,211,100,1,281,0,199,0,1801,1693,LSkill6191,,
skill_2712,2712,Zuly Stun,2710,3,57,1,6,1100,5,0,879,1,0,0,0,0,0,0,0,0,2,40,8000,17,300,10.9,0,0,0,0,0,0,0,0,2,0,0,0,0,0,44,0,2141,15,0,0,0,0,0,0,0,0,198,116,185,211,100,1,281,0,199,0,1801,1693,LSkill6191,,
skill_2713,2713,Zuly Stun,2710,4,67,1,6,1300,5,0,909,1,32,0,24,0,1,0,40,5,2,40,9000,17,400,10.9,0,0,0,0,0,0,0,0,2,0,0,0,0,0,44,0,2141,16,0,0,0,0,0,0,0,0,198,116,190,211,100,1,281,0,199,0,1801,1693,LSkill6191,,
skill_2714,2714,Zuly Stun,2710,5,77,1,6,1500,5,0,939,1,32,0,24,0,1,0,75,5,2,40,10000,17,500,10.9,0,0,0,0,0,0,0,0,2,0,0,0,0,0,44,0,2141,17,0,0,0,0,0,0,0,0,198,116,195,211,100,1,281,0,199,0,1801,1693,LSkill6191,,
skill_2801,2801,Jelly Bean,2801,1,0,0,14,0,0,0,0,0,0,0,0,0,0,0,0,0,0,76,100,0,0,0.0,0,0,0,0,0,0,0,901,2,0,0,0,0,0,0,0,0,0,0,0,0,0,0,0,0,0,17,118,100,155,100,1,221,90,0,0,0,0,,,
skill_2802,2802,Jelly Nut,2802,1,0,0,14,0,0,0,0,0,0,0,0,0,0,0,0,0,0,76,100,0,0,0.0,0,0,0,0,0,0,0,902,2,0,0,0,0,0,0,0,0,0,0,0,0,0,0,0,0,0,17,118,100,155,100,1,221,90,0,0,0,0,,,
skill_2803,2803,Choropy,2803,1,0,0,14,0,0,0,0,0,0,0,0,0,0,0,0,0,0,76,100,0,0,0.0,0,0,0,0,0,0,0,903,2,0,0,0,0,0,0,0,0,0,0,0,0,0,0,0,0,0,17,118,100,155,100,1,221,90,0,0,0,0,,,
skill_2804,2804,Pumpkin,2804,1,0,0,14,0,0,0,0,0,0,0,0,0,0,0,0,0,0,76,100,0,0,0.0,0,0,0,0,0,0,0,904,2,0,0,0,0,0,0,0,0,0,0,0,0,0,0,0,0,0,17,118,100,155,100,1,221,90,0,0,0,0,,,
skill_2805,2805,Dalping,2805,1,0,0,14,0,0,0,0,0,0,0,0,0,0,0,0,0,0,76,100,0,0,0.0,0,0,0,0,0,0,0,905,2,0,0,0,0,0,0,0,0,0,0,0,0,0,0,0,0,0,17,118,100,155,100,1,221,90,0,0,0,0,,,
skill_2806,2806,Honey Bee,2806,1,0,0,14,0,0,0,0,0,0,0,0,0,0,0,0,0,0,76,100,0,0,0.0,0,0,0,0,0,0,0,906,2,0,0,0,0,0,0,0,0,0,0,0,0,0,0,0,0,0,17,118,100,155,100,1,221,90,0,0,0,0,,,
skill_2807,2807,Hornet,2807,1,0,0,14,0,0,0,0,0,0,0,0,0,0,0,0,0,0,76,100,0,0,0.0,0,0,0,0,0,0,0,907,2,0,0,0,0,0,0,0,0,0,0,0,0,0,0,0,0,0,17,118,100,155,100,1,221,90,0,0,0,0,,,
skill_2808,2808,Pomic,2808,1,0,0,14,0,0,0,0,0,0,0,0,0,0,0,0,0,0,76,100,0,0,0.0,0,0,0,0,0,0,0,908,2,0,0,0,0,0,0,0,0,0,0,0,0,0,0,0,0,0,17,118,100,155,100,1,221,90,0,0,0,0,,,
skill_2809,2809,Pomic Soldier,2809,1,0,0,14,0,0,0,0,0,0,0,0,0,0,0,0,0,0,76,100,0,0,0.0,0,0,0,0,0,0,0,909,2,0,0,0,0,0,0,0,0,0,0,0,0,0,0,0,0,0,17,118,100,155,100,1,221,90,0,0,0,0,,,
skill_2810,2810,Beetle,2810,1,0,0,14,0,0,0,0,0,0,0,0,0,0,0,0,0,0,76,100,0,0,0.0,0,0,0,0,0,0,0,910,2,0,0,0,0,0,0,0,0,0,0,0,0,0,0,0,0,0,17,118,100,155,100,1,221,90,0,0,0,0,,,
skill_2811,2811,Turtle,2811,1,0,0,14,0,0,0,0,0,0,0,0,0,0,0,0,0,0,76,100,0,0,0.0,0,0,0,0,0,0,0,911,2,0,0,0,0,0,0,0,0,0,0,0,0,0,0,0,0,0,17,118,100,155,100,1,221,90,0,0,0,0,,,
skill_2812,2812,Crack,2812,1,0,0,14,0,0,0,0,0,0,0,0,0,0,0,0,0,0,76,100,0,0,0.0,0,0,0,0,0,0,0,912,2,0,0,0,0,0,0,0,0,0,0,0,0,0,0,0,0,0,17,118,100,155,100,1,221,90,0,0,0,0,,,
skill_2813,2813,Rackie,2813,1,0,0,14,0,0,0,0,0,0,0,0,0,0,0,0,0,0,76,100,0,0,0.0,0,0,0,0,0,0,0,913,2,0,0,0,0,0,0,0,0,0,0,0,0,0,0,0,0,0,17,118,100,155,100,1,221,90,0,0,0,0,,,
skill_2814,2814,Woopy,2814,1,0,0,14,0,0,0,0,0,0,0,0,0,0,0,0,0,0,76,100,0,0,0.0,0,0,0,0,0,0,0,914,2,0,0,0,0,0,0,0,0,0,0,0,0,0,0,0,0,0,17,118,100,155,100,1,221,90,0,0,0,0,,,
skill_2815,2815,Moldie,2815,1,0,0,14,0,0,0,0,0,0,0,0,0,0,0,0,0,0,76,100,0,0,0.0,0,0,0,0,0,0,0,915,2,0,0,0,0,0,0,0,0,0,0,0,0,0,0,0,0,0,17,118,100,155,100,1,221,90,0,0,0,0,,,
skill_2816,2816,Krawfy,2816,1,0,0,14,0,0,0,0,0,0,0,0,0,0,0,0,0,0,76,100,0,0,0.0,0,0,0,0,0,0,0,916,2,0,0,0,0,0,0,0,0,0,0,0,0,0,0,0,0,0,17,118,100,155,100,1,221,90,0,0,0,0,,,
skill_2817,2817,Porkie,2817,1,0,0,14,0,0,0,0,0,0,0,0,0,0,0,0,0,0,76,100,0,0,0.0,0,0,0,0,0,0,0,917,2,0,0,0,0,0,0,0,0,0,0,0,0,0,0,0,0,0,17,118,100,155,100,1,221,90,0,0,0,0,,,
skill_2818,2818,Grunter,2818,1,0,0,14,0,0,0,0,0,0,0,0,0,0,0,0,0,0,76,100,0,0,0.0,0,0,0,0,0,0,0,918,2,0,0,0,0,0,0,0,0,0,0,0,0,0,0,0,0,0,17,118,100,155,100,1,221,90,0,0,0,0,,,
skill_2819,2819,Grunter Leader,2819,1,0,0,14,0,0,0,0,0,0,0,0,0,0,0,0,0,0,76,100,0,0,0.0,0,0,0,0,0,0,0,919,2,0,0,0,0,0,0,0,0,0,0,0,0,0,0,0,0,0,17,118,100,155,100,1,221,90,0,0,0,0,,,
skill_2820,2820,Kaiman,2820,1,0,0,14,0,0,0,0,0,0,0,0,0,0,0,0,0,0,76,100,0,0,0.0,0,0,0,0,0,0,0,920,2,0,0,0,0,0,0,0,0,0,0,0,0,0,0,0,0,0,17,118,100,155,100,1,221,90,0,0,0,0,,,
skill_2821,2821,Doonga,2821,1,0,0,14,0,0,0,0,0,0,0,0,0,0,0,0,0,0,76,100,0,0,0.0,0,0,0,0,0,0,0,921,2,0,0,0,0,0,0,0,0,0,0,0,0,0,0,0,0,0,17,118,100,155,100,1,221,90,0,0,0,0,,,
skill_2822,2822,Doonga Warrior,2822,1,0,0,14,0,0,0,0,0,0,0,0,0,0,0,0,0,0,76,100,0,0,0.0,0,0,0,0,0,0,0,922,2,0,0,0,0,0,0,0,0,0,0,0,0,0,0,0,0,0,17,118,100,155,100,1,221,90,0,0,0,0,,,
skill_2823,2823,Doonga Captain,2823,1,0,0,14,0,0,0,0,0,0,0,0,0,0,0,0,0,0,76,100,0,0,0.0,0,0,0,0,0,0,0,923,2,0,0,0,0,0,0,0,0,0,0,0,0,0,0,0,0,0,17,118,100,155,100,1,221,90,0,0,0,0,,,
skill_2824,2824,Jewel Golem,2824,1,0,0,14,0,0,0,0,0,0,0,0,0,0,0,0,0,0,76,100,0,0,0.0,0,0,0,0,0,0,0,924,2,0,0,0,0,0,0,0,0,0,0,0,0,0,0,0,0,0,17,118,100,155,100,1,221,90,0,0,0,0,,,
skill_2825,2825,Aqua Guard,2825,1,0,0,14,0,0,0,0,0,0,0,0,0,0,0,0,0,0,76,100,0,0,0.0,0,0,0,0,0,0,0,925,2,0,0,0,0,0,0,0,0,0,0,0,0,0,0,0,0,0,17,118,100,155,100,1,221,90,0,0,0,0,,,
skill_2826,2826,Clown,2826,1,0,0,14,0,0,0,0,0,0,0,0,0,0,0,0,0,0,76,100,0,0,0.0,0,0,0,0,0,0,0,926,2,0,0,0,0,0,0,0,0,0,0,0,0,0,0,0,0,0,17,118,100,155,100,1,221,90,0,0,0,0,,,
skill_2827,2827,Candle Ghost,2827,1,0,0,14,0,0,0,0,0,0,0,0,0,0,0,0,0,0,76,100,0,0,0.0,0,0,0,0,0,0,0,927,2,0,0,0,0,0,0,0,0,0,0,0,0,0,0,0,0,0,17,118,100,155,100,1,221,90,0,0,0,0,,,
skill_2828,2828,Goblin Worker,2828,1,0,0,14,0,0,0,0,0,0,0,0,0,0,0,0,0,0,76,100,0,0,0.0,0,0,0,0,0,0,0,928,2,0,0,0,0,0,0,0,0,0,0,0,0,0,0,0,0,0,17,118,100,155,100,1,221,90,0,0,0,0,,,
skill_2829,2829,Goblin Guard,2829,1,0,0,14,0,0,0,0,0,0,0,0,0,0,0,0,0,0,76,100,0,0,0.0,0,0,0,0,0,0,0,929,2,0,0,0,0,0,0,0,0,0,0,0,0,0,0,0,0,0,17,118,100,155,100,1,221,90,0,0,0,0,,,
skill_2830,2830,Goblin Warrior,2830,1,0,0,14,0,0,0,0,0,0,0,0,0,0,0,0,0,0,76,100,0,0,0.0,0,0,0,0,0,0,0,930,2,0,0,0,0,0,0,0,0,0,0,0,0,0,0,0,0,0,17,118,100,155,100,1,221,90,0,0,0,0,,,
skill_2831,2831,Slag,2831,1,0,0,14,0,0,0,0,0,0,0,0,0,0,0,0,0,0,76,100,0,0,0.0,0,0,0,0,0,0,0,931,2,0,0,0,0,0,0,0,0,0,0,0,0,0,0,0,0,0,17,118,100,155,100,1,221,90,0,0,0,0,,,
skill_2832,2832,Lunar Wolf,2832,1,0,0,14,0,0,0,0,0,0,0,0,0,0,0,0,0,0,76,100,0,0,0.0,0,0,0,0,0,0,0,932,2,0,0,0,0,0,0,0,0,0,0,0,0,0,0,0,0,0,17,118,100,155,100,1,221,90,0,0,0,0,,,
skill_2833,2833,Yeti Hunter,2833,1,0,0,14,0,0,0,0,0,0,0,0,0,0,0,0,0,0,76,100,0,0,0.0,0,0,0,0,0,0,0,933,2,0,0,0,0,0,0,0,0,0,0,0,0,0,0,0,0,0,17,118,100,155,100,1,221,90,0,0,0,0,,,
skill_2834,2834,Yeti Guard,2834,1,0,0,14,0,0,0,0,0,0,0,0,0,0,0,0,0,0,76,100,0,0,0.0,0,0,0,0,0,0,0,934,2,0,0,0,0,0,0,0,0,0,0,0,0,0,0,0,0,0,17,118,100,155,100,1,221,90,0,0,0,0,,,
skill_2835,2835,Yeti Rider,2835,1,0,0,14,0,0,0,0,0,0,0,0,0,0,0,0,0,0,76,100,0,0,0.0,0,0,0,0,0,0,0,935,2,0,0,0,0,0,0,0,0,0,0,0,0,0,0,0,0,0,17,118,100,155,100,1,221,90,0,0,0,0,,,
skill_2836,2836,Goblin King,2836,1,0,0,14,0,0,0,0,0,0,0,0,0,0,0,0,0,0,76,100,0,0,0.0,0,0,0,0,0,0,0,936,2,0,0,0,0,0,0,0,0,0,0,0,0,0,0,0,0,0,17,118,100,155,100,1,221,90,0,0,0,0,,,
skill_2837,2837,Cherry Smouly,2837,1,0,0,14,0,0,0,0,0,0,0,0,0,0,0,0,0,0,76,100,0,0,0.0,0,0,0,0,0,0,0,937,2,0,0,0,0,0,0,0,0,0,0,0,0,0,0,0,0,0,17,118,100,155,100,1,221,90,0,0,0,0,,,
skill_2838,2838,???? ??????,2838,1,0,0,14,0,0,0,0,0,0,0,0,0,0,0,0,0,0,76,100,0,0,0.0,0,0,0,0,0,0,0,938,2,0,0,0,0,0,0,0,0,0,0,0,0,0,0,0,0,0,17,118,100,155,100,1,221,90,0,0,0,0,,,
skill_2839,2839,???? ??????,2839,1,0,0,14,0,0,0,0,0,0,0,0,0,0,0,0,0,0,76,100,0,0,0.0,0,0,0,0,0,0,0,1699,2,0,0,0,0,0,0,0,0,0,0,0,0,0,0,0,0,0,17,118,100,155,100,1,221,90,0,0,0,0,,,
skill_2840,2840,GMCG,2840,1,0,0,14,0,0,0,0,0,0,0,0,0,0,0,0,0,0,76,100,0,0,0.0,0,0,0,0,0,0,0,966,2,0,0,0,0,0,0,0,0,0,0,0,0,0,0,0,0,0,17,118,100,155,100,1,221,90,0,0,0,0,,,
skill_2850,2850,Orogorudo Rock F,2850,1,0,0,14,0,0,0,0,0,0,0,0,0,0,0,0,0,0,0,0,0,0,0.0,0,0,0,0,0,0,0,0,0,0,0,0,0,0,0,0,0,0,0,0,0,0,0,0,0,0,0,101,100,25,100,1,0,0,0,0,1802,110,,,
skill_2851,2851,Orogorudo Rock E,2851,1,0,0,14,0,0,0,0,0,0,0,0,0,0,0,0,0,0,0,0,0,0,0.0,0,0,0,0,0,0,0,0,0,0,0,0,0,0,0,0,0,0,0,0,0,0,0,0,0,0,0,101,100,25,100,1,0,0,0,0,1802,110,,,
skill_2852,2852,Orogorudo Rock D,2852,1,0,0,14,0,0,0,0,0,0,0,0,0,0,0,0,0,0,0,0,0,0,0.0,0,0,0,0,0,0,0,0,0,0,0,0,0,0,0,0,0,0,0,0,0,0,0,0,0,0,0,101,100,25,100,1,0,0,0,0,1802,110,,,
skill_2853,2853,Orogorudo Rock C,2853,1,0,0,14,0,0,0,0,0,0,0,0,0,0,0,0,0,0,0,0,0,0,0.0,0,0,0,0,0,0,0,0,0,0,0,0,0,0,0,0,0,0,0,0,0,0,0,0,0,0,0,101,100,25,100,1,0,0,0,0,1802,110,,,
skill_2854,2854,Orogorudo Rock B,2854,1,0,0,14,0,0,0,0,0,0,0,0,0,0,0,0,0,0,0,0,0,0,0.0,0,0,0,0,0,0,0,0,0,0,0,0,0,0,0,0,0,0,0,0,0,0,0,0,0,0,0,101,100,25,100,1,0,0,0,0,1802,110,,,
skill_2855,2855,Orogorudo Rock A,2855,1,0,0,14,0,0,0,0,0,0,0,0,0,0,0,0,0,0,0,0,0,0,0.0,0,0,0,0,0,0,0,0,0,0,0,0,0,0,0,0,0,0,0,0,0,0,0,0,0,0,0,101,100,25,100,1,0,0,0,0,1802,110,,,
skill_2861,2861,???? ????,2870,1,0,0,14,0,0,0,0,0,0,0,0,0,0,0,0,0,0,0,0,0,0,0.0,0,0,0,0,0,0,0,1605,0,0,0,0,0,0,0,0,0,0,0,0,0,0,0,0,0,0,0,101,100,25,100,1,0,0,0,0,1802,110,,,
skill_2862,2862,???? ????,2871,1,0,0,14,0,0,0,0,0,0,0,0,0,0,0,0,0,0,0,0,0,0,0.0,0,0,0,0,0,0,0,1606,0,0,0,0,0,0,0,0,0,0,0,0,0,0,0,0,0,0,0,101,100,25,100,1,0,0,0,0,1802,110,,,
skill_2863,2863,???? ????,2872,1,0,0,14,0,0,0,0,0,0,0,0,0,0,0,0,0,0,0,0,0,0,0.0,0,0,0,0,0,0,0,1607,0,0,0,0,0,0,0,0,0,0,0,0,0,0,0,0,0,0,0,101,100,25,100,1,0,0,0,0,1802,110,,,
skill_2864,2864,???? ????,2873,1,0,0,14,0,0,0,0,0,0,0,0,0,0,0,0,0,0,0,0,0,0,0.0,0,0,0,0,0,0,0,1608,0,0,0,0,0,0,0,0,0,0,0,0,0,0,0,0,0,0,0,101,100,25,100,1,0,0,0,0,1801,110,,,
skill_2865,2865,???? ????,2874,1,0,0,14,0,0,0,0,0,0,0,0,0,0,0,0,0,0,0,0,0,0,0.0,0,0,0,0,0,0,0,1609,0,0,0,0,0,0,0,0,0,0,0,0,0,0,0,0,0,0,0,101,100,25,100,1,0,0,0,0,1801,110,,,
skill_2866,2866,???? ????,2875,1,0,0,14,0,0,0,0,0,0,0,0,0,0,0,0,0,0,0,0,0,0,0.0,0,0,0,0,0,0,0,1610,0,0,0,0,0,0,0,0,0,0,0,0,0,0,0,0,0,0,0,101,100,25,100,1,0,0,0,0,1836,110,,,
skill_2870,2870,???? ????,2870,1,0,0,14,0,0,0,0,0,0,0,0,0,0,0,0,0,0,0,0,0,0,0.0,0,0,0,0,0,0,0,1605,0,0,0,0,0,0,0,0,0,0,0,0,0,0,0,0,0,0,0,101,100,25,100,1,0,0,0,0,1802,110,,,
skill_2871,2871,???? ????,2871,1,0,0,14,0,0,0,0,0,0,0,0,0,0,0,0,0,0,0,0,0,0,0.0,0,0,0,0,0,0,0,1606,0,0,0,0,0,0,0,0,0,0,0,0,0,0,0,0,0,0,0,101,100,25,100,1,0,0,0,0,1802,110,,,
skill_2872,2872,???? ????,2872,1,0,0,14,0,0,0,0,0,0,0,0,0,0,0,0,0,0,0,0,0,0,0.0,0,0,0,0,0,0,0,1607,0,0,0,0,0,0,0,0,0,0,0,0,0,0,0,0,0,0,0,101,100,25,100,1,0,0,0,0,1802,110,,,
skill_2873,2873,???? ????,2873,1,0,0,14,0,0,0,0,0,0,0,0,0,0,0,0,0,0,0,0,0,0,0.0,0,0,0,0,0,0,0,1608,0,0,0,0,0,0,0,0,0,0,0,0,0,0,0,0,0,0,0,101,100,25,100,1,0,0,0,0,1801,110,,,
skill_2874,2874,???? ????,2874,1,0,0,14,0,0,0,0,0,0,0,0,0,0,0,0,0,0,0,0,0,0,0.0,0,0,0,0,0,0,0,1609,0,0,0,0,0,0,0,0,0,0,0,0,0,0,0,0,0,0,0,101,100,25,100,1,0,0,0,0,1801,110,,,
skill_2875,2875,???? ????,2875,1,0,0,14,0,0,0,0,0,0,0,0,0,0,0,0,0,0,0,0,0,0,0.0,0,0,0,0,0,0,0,1610,0,0,0,0,0,0,0,0,0,0,0,0,0,0,0,0,0,0,0,101,100,25,100,1,0,0,0,0,1836,110,,,
skill_2881,2881,???? ????,2870,1,0,0,14,0,0,0,0,0,0,0,0,0,0,0,0,0,0,0,0,0,0,0.0,0,0,0,0,0,0,0,1605,0,0,0,0,0,0,0,0,0,0,0,0,0,0,0,0,0,0,0,101,100,25,100,1,0,0,0,0,1802,110,,,
skill_2882,2882,???? ????,2871,1,0,0,14,0,0,0,0,0,0,0,0,0,0,0,0,0,0,0,0,0,0,0.0,0,0,0,0,0,0,0,1606,0,0,0,0,0,0,0,0,0,0,0,0,0,0,0,0,0,0,0,101,100,25,100,1,0,0,0,0,1802,110,,,
skill_2883,2883,???? ????,2872,1,0,0,14,0,0,0,0,0,0,0,0,0,0,0,0,0,0,0,0,0,0,0.0,0,0,0,0,0,0,0,1607,0,0,0,0,0,0,0,0,0,0,0,0,0,0,0,0,0,0,0,101,100,25,100,1,0,0,0,0,1802,110,,,
skill_2884,2884,???? ????,2873,1,0,0,14,0,0,0,0,0,0,0,0,0,0,0,0,0,0,0,0,0,0,0.0,0,0,0,0,0,0,0,1608,0,0,0,0,0,0,0,0,0,0,0,0,0,0,0,0,0,0,0,101,100,25,100,1,0,0,0,0,1801,110,,,
skill_2885,2885,???? ????,2874,1,0,0,14,0,0,0,0,0,0,0,0,0,0,0,0,0,0,0,0,0,0,0.0,0,0,0,0,0,0,0,1609,0,0,0,0,0,0,0,0,0,0,0,0,0,0,0,0,0,0,0,101,100,25,100,1,0,0,0,0,1801,110,,,
skill_2886,2886,???? ????,2875,1,0,0,14,0,0,0,0,0,0,0,0,0,0,0,0,0,0,0,0,0,0,0.0,0,0,0,0,0,0,0,1610,0,0,0,0,0,0,0,0,0,0,0,0,0,0,0,0,0,0,0,101,100,25,100,1,0,0,0,0,1836,110,,,
skill_2891,2891,???? ????,2891,1,0,0,14,0,0,0,0,0,0,0,0,0,0,0,0,0,0,0,0,0,0,0.0,0,0,0,0,0,0,0,991,0,0,0,0,0,0,0,0,0,0,0,0,0,0,0,0,0,0,0,101,100,216,100,1,0,0,0,0,1801,110,,,
skill_2892,2892,??????????,2892,1,0,0,14,0,0,0,0,0,0,0,0,0,0,0,0,0,0,0,0,0,0,0.0,0,0,0,0,0,0,0,992,0,0,0,0,0,0,0,0,0,0,0,0,0,0,0,0,0,0,0,101,100,216,100,1,0,0,0,0,1801,110,,,
skill_2893,2893,???? ????,2893,1,0,0,14,0,0,0,0,0,0,0,0,0,0,0,0,0,0,0,0,0,0,0.0,0,0,0,0,0,0,0,993,0,0,0,0,0,0,0,0,0,0,0,0,0,0,0,0,0,0,0,101,100,216,100,1,0,0,0,0,1801,110,,,
skill_2895,2895,?????? ????,2895,1,0,1,8,0,1,1300,0,0,18,24,10,16,0,0,200,3200,0,76,0,0,0,2.7,0,18,550,0,20,350,0,0,0,0,0,0,0,0,0,0,48,0,0,0,0,0,0,0,0,0,106,114,100,153,100,1,0,0,0,0,1754,0,LSkill1481,Aim Shot,"By gathering your energy when using a bow, you can damage enemy much."
skill_2896,2896,?????? ???,2896,1,0,1,8,0,1,1300,0,0,22,28,14,20,0,0,200,3200,0,76,0,0,0,2.7,0,19,250,0,22,250,0,0,0,0,0,0,0,0,0,0,48,0,0,0,0,0,0,0,0,0,28,114,100,153,100,1,0,0,0,0,1754,0,LSkill1501,Power Attack,You can damage enemy much by gathering your power when you use combat weapon or near weapon
skill_2897,2897,??????????,2896,2,0,1,8,0,1,1300,0,0,18,28,10,20,0,0,200,3200,0,76,0,0,0,2.7,0,19,250,0,22,250,0,0,0,0,0,0,0,0,0,0,0,0,0,0,0,0,0,0,0,0,210,112,100,151,100,0,221,90,0,0,1752,1501,LSkill1251,Evasion Aura,You can improve dodge rate of party members around you temporarily.
skill_2898,2898,???????? ????,2898,1,0,0,11,1800,3,0,0,0,0,0,0,0,0,0,0,0,0,0,10,0,0,0.0,0,0,0,0,0,0,0,918,0,0,0,0,0,0,0,0,0,0,0,0,0,0,0,0,0,0,0,20,200,33,100,1,0,0,0,0,0,0,,,
skill_2901,2901,??????????,2901,0,0,0,8,0,3,1400,0,0,18,0,10,0,0,0,200,20,0,0,0,0,0,0.0,0,18,10,15,0,0,0,0,2,0,0,0,0,0,0,0,0,0,0,0,0,0,0,0,0,0,84,0,0,0,0,0,0,0,0,0,0,5,,,
skill_2902,2902,????????????,2902,0,0,0,8,0,3,1400,0,0,16,0,8,0,0,0,200,15,0,0,0,0,0,0.0,0,24,20,0,0,0,0,0,2,0,0,0,0,0,0,0,0,0,0,0,0,0,0,0,0,0,84,0,0,0,0,0,0,0,0,0,0,5,,,
skill_2903,2903,??????????,2903,0,0,0,8,0,3,1400,0,0,24,0,16,0,0,0,200,20,0,0,0,0,0,0.0,0,20,20,20,0,0,0,0,2,0,0,0,0,0,0,0,0,0,0,0,0,0,0,0,0,0,84,0,0,0,0,0,0,0,0,0,0,5,,,
skill_2904,2904,??????????,2904,0,0,0,8,0,3,1400,0,0,20,0,12,0,0,0,200,20,0,0,0,0,0,0.0,0,19,15,15,0,0,0,0,2,0,0,0,0,0,0,0,0,0,0,0,0,0,0,0,0,0,84,0,0,0,0,0,0,0,0,0,0,5,,,
skill_2905,2905,"????,????????",2905,0,0,0,8,0,3,1400,0,0,20,22,12,14,0,0,200,18,0,0,0,0,0,0.0,0,19,10,12,21,15,25,0,2,0,0,0,0,0,0,0,0,0,0,0,0,0,0,0,0,0,84,0,0,0,0,0,0,0,0,0,0,5,,,
skill_2906,2906,??????????,2906,0,0,0,8,0,3,1400,0,0,28,0,20,0,0,0,200,20,0,0,0,0,0,0.0,0,22,20,15,0,0,0,0,2,0,0,0,0,0,0,0,0,0,0,0,0,0,0,0,0,0,84,0,0,0,0,0,0,0,0,0,0,5,,,
skill_2907,2907,????????????,2907,0,0,0,8,0,3,1400,0,0,14,0,6,0,0,0,200,20,0,0,0,0,0,0.0,0,23,70,25,0,0,0,0,2,0,0,0,0,0,0,0,0,0,0,0,0,0,0,0,0,0,84,0,0,0,0,0,0,0,0,0,0,5,,,
skill_2908,2908,??????????,2908,0,0,0,12,0,3,1400,40,0,35,0,27,0,0,0,200,20,0,0,0,0,0,0.0,0,0,0,0,0,0,0,0,2,0,0,0,0,0,0,0,0,0,0,0,0,0,0,0,0,0,84,0,0,0,0,0,0,0,0,0,0,5,,,
skill_2909,2909,????????,2909,0,0,0,10,0,3,1600,0,0,0,0,0,0,0,0,0,0,0,0,0,0,0,0.0,0,16,1000,0,0,0,0,0,2,0,0,0,0,0,0,0,0,0,0,0,0,0,0,0,0,0,0,0,0,0,0,0,0,0,0,0,0,0,,,
skill_2910,2910,????????????,2910,0,0,0,12,0,0,0,0,0,38,0,31,0,0,0,200,2,0,0,0,0,0,0.0,0,0,0,0,0,0,0,0,2,0,0,0,0,0,0,0,0,0,0,0,0,0,0,0,0,0,84,0,0,0,0,0,0,0,0,0,0,5,,,
skill_2911,2911,??????????,2911,0,0,0,8,0,0,0,0,0,18,0,10,0,0,0,200,26,0,0,0,0,0,0.0,0,18,12,15,0,0,0,0,2,0,0,0,0,0,0,0,0,0,0,0,0,0,0,0,0,0,84,0,0,0,0,0,0,0,0,0,0,5,,,
skill_2912,2912,????????????,2912,0,0,0,8,0,0,0,0,0,16,0,8,0,0,0,200,22,0,0,0,0,0,0.0,0,24,30,0,0,0,0,0,2,0,0,0,0,0,0,0,0,0,0,0,0,0,0,0,0,0,84,0,0,0,0,0,0,0,0,0,0,5,,,
skill_2913,2913,??????????,2913,0,0,0,8,0,0,0,0,0,24,0,16,0,0,0,200,30,0,0,0,0,0,0.0,0,20,20,25,0,0,0,0,2,0,0,0,0,0,0,0,0,0,0,0,0,0,0,0,0,0,84,0,0,0,0,0,0,0,0,0,0,5,,,
skill_2914,2914,??????????,2914,0,0,0,8,0,0,0,0,0,20,0,12,0,0,0,200,28,0,0,0,0,0,0.0,0,19,15,15,0,0,0,0,2,0,0,0,0,0,0,0,0,0,0,0,0,0,0,0,0,0,84,0,0,0,0,0,0,0,0,0,0,5,,,
skill_2915,2915,"????,????????",2915,0,0,0,8,0,0,0,0,0,20,22,12,14,0,0,200,28,0,0,0,0,0,0.0,0,19,10,12,21,20,25,0,2,0,0,0,0,0,0,0,0,0,0,0,0,0,0,0,0,0,84,0,0,0,0,0,0,0,0,0,0,5,,,
skill_2916,2916,??????????,2916,0,0,0,8,0,0,0,0,0,28,0,20,0,0,0,200,28,0,0,0,0,0,0.0,0,22,20,16,0,0,0,0,2,0,0,0,0,0,0,0,0,0,0,0,0,0,0,0,0,0,84,0,0,0,0,0,0,0,0,0,0,5,,,
skill_2917,2917,????????????,2917,0,0,0,8,0,0,0,0,0,14,0,6,0,0,0,200,27,0,0,0,0,0,0.0,0,23,100,25,0,0,0,0,2,0,0,0,0,0,0,0,0,0,0,0,0,0,0,0,0,0,84,0,0,0,0,0,0,0,0,0,0,5,,,
skill_2918,2918,????????????,2918,0,0,0,12,0,0,0,0,0,39,0,32,0,0,0,200,2,0,0,0,0,0,0.0,0,0,0,0,0,0,0,0,2,0,0,0,0,0,0,0,0,0,0,0,0,0,0,0,0,0,84,0,0,0,0,0,0,0,0,0,0,5,,,
skill_2919,2919,??????????,2919,0,0,0,12,0,0,0,25,0,36,0,28,0,0,0,200,22,0,0,0,0,0,0.0,0,0,0,0,0,0,0,0,2,0,0,0,0,0,0,0,0,0,0,0,0,0,0,0,0,0,84,0,0,0,0,0,0,0,0,0,0,5,,,
skill_2920,2920,??????,2920,0,0,0,12,0,0,0,0,0,33,0,25,0,0,0,200,22,0,0,0,0,0,0.0,0,0,0,0,0,0,0,0,0,0,0,0,0,0,0,0,0,0,0,0,0,0,0,0,0,0,84,0,0,0,0,0,0,0,0,0,0,5,,,
skill_2921,2921,??????????,2921,0,0,0,8,0,0,0,0,0,18,0,10,0,0,0,200,35,0,0,0,0,0,0.0,0,18,20,18,0,0,0,0,2,0,0,0,0,0,0,0,0,0,0,0,0,0,0,0,0,0,84,0,0,0,0,0,0,0,0,0,0,5,,,
skill_2922,2922,????????????,2922,0,0,0,8,0,0,0,0,0,16,0,8,0,0,0,200,25,0,0,0,0,0,0.0,0,24,40,0,0,0,0,0,2,0,0,0,0,0,0,0,0,0,0,0,0,0,0,0,0,0,84,0,0,0,0,0,0,0,0,0,0,5,,,
skill_2923,2923,??????????,2923,0,0,0,8,0,0,0,0,0,24,0,16,0,0,0,200,35,0,0,0,0,0,0.0,0,20,25,35,0,0,0,0,2,0,0,0,0,0,0,0,0,0,0,0,0,0,0,0,0,0,84,0,0,0,0,0,0,0,0,0,0,5,,,
skill_2924,2924,??????????,2924,0,0,0,8,0,0,0,0,0,20,0,12,0,0,0,200,35,0,0,0,0,0,0.0,0,19,20,20,0,0,0,0,2,0,0,0,0,0,0,0,0,0,0,0,0,0,0,0,0,0,84,0,0,0,0,0,0,0,0,0,0,5,,,
skill_2925,2925,"????,????????",2925,0,0,0,8,0,0,0,0,0,20,22,12,14,0,0,200,30,0,0,0,0,0,0.0,0,19,15,20,21,25,35,0,2,0,0,0,0,0,0,0,0,0,0,0,0,0,0,0,0,0,84,0,0,0,0,0,0,0,0,0,0,5,,,
skill_2926,2926,??????????,2926,0,0,0,8,0,0,0,0,0,28,0,20,0,0,0,200,35,0,0,0,0,0,0.0,0,22,30,25,0,0,0,0,2,0,0,0,0,0,0,0,0,0,0,0,0,0,0,0,0,0,84,0,0,0,0,0,0,0,0,0,0,5,,,
skill_2927,2927,????????????,2927,0,0,0,8,0,0,0,0,0,14,0,6,0,0,0,200,35,0,0,0,0,0,0.0,0,23,130,30,0,0,0,0,2,0,0,0,0,0,0,0,0,0,0,0,0,0,0,0,0,0,84,0,0,0,0,0,0,0,0,0,0,5,,,
skill_2928,2928,??????????,2928,0,0,0,12,0,0,0,50,0,35,0,27,0,0,0,200,35,0,0,0,0,0,0.0,0,0,0,0,0,0,0,0,2,0,0,0,0,0,0,0,0,0,0,0,0,0,0,0,0,0,84,0,0,0,0,0,0,0,0,0,0,5,,,
skill_2929,2929,??????????,2929,0,0,0,12,0,0,0,40,0,36,0,28,0,0,0,200,28,0,0,0,0,0,0.0,0,0,0,0,0,0,0,0,2,0,0,0,0,0,0,0,0,0,0,0,0,0,0,0,0,0,84,0,0,0,0,0,0,0,0,0,0,5,,,
skill_2930,2930,??????,2930,0,0,0,12,0,0,0,0,0,34,0,26,0,0,0,200,25,0,0,0,0,0,0.0,0,0,0,0,0,0,0,0,0,0,0,0,0,0,0,0,0,0,0,0,0,0,0,0,0,0,84,0,0,0,0,0,0,0,0,0,0,5,,,
skill_2931,2931,??????????,2931,0,0,0,8,0,3,2000,0,0,18,0,10,0,0,0,200,35,0,0,0,0,0,0.0,0,18,20,15,0,0,0,0,2,0,0,0,0,0,0,0,0,0,0,0,0,0,0,0,0,0,84,0,0,0,0,0,0,0,0,0,0,5,,,
skill_2932,2932,????????????,2932,0,0,0,8,0,3,2000,0,0,16,0,8,0,0,0,200,25,0,0,0,0,0,0.0,0,24,35,0,0,0,0,0,2,0,0,0,0,0,0,0,0,0,0,0,0,0,0,0,0,0,84,0,0,0,0,0,0,0,0,0,0,5,,,
skill_2933,2933,??????????,2933,0,0,0,8,0,3,2000,0,0,24,0,16,0,0,0,200,35,0,0,0,0,0,0.0,0,20,25,30,0,0,0,0,2,0,0,0,0,0,0,0,0,0,0,0,0,0,0,0,0,0,84,0,0,0,0,0,0,0,0,0,0,5,,,
skill_2934,2934,??????????,2934,0,0,0,8,0,3,2000,0,0,20,0,12,0,0,0,200,35,0,0,0,0,0,0.0,0,19,20,15,0,0,0,0,2,0,0,0,0,0,0,0,0,0,0,0,0,0,0,0,0,0,84,0,0,0,0,0,0,0,0,0,0,5,,,
skill_2935,2935,"????,????????",2935,0,0,0,8,0,3,2000,0,0,20,22,12,14,0,0,200,30,0,0,0,0,0,0.0,0,19,15,15,21,20,30,0,2,0,0,0,0,0,0,0,0,0,0,0,0,0,0,0,0,0,84,0,0,0,0,0,0,0,0,0,0,5,,,
skill_2936,2936,??????????,2936,0,0,0,8,0,3,2000,0,0,28,0,20,0,0,0,200,35,0,0,0,0,0,0.0,0,22,30,20,0,0,0,0,2,0,0,0,0,0,0,0,0,0,0,0,0,0,0,0,0,0,84,0,0,0,0,0,0,0,0,0,0,5,,,
skill_2937,2937,????????????,2937,0,0,0,8,0,3,2000,0,0,14,0,6,0,0,0,200,35,0,0,0,0,0,0.0,0,23,150,20,0,0,0,0,2,0,0,0,0,0,0,0,0,0,0,0,0,0,0,0,0,0,84,0,0,0,0,0,0,0,0,0,0,5,,,
skill_2938,2938,??????????,2938,0,0,0,12,0,3,2000,50,0,35,0,27,0,0,0,200,35,0,0,0,0,0,0.0,0,0,0,0,0,0,0,0,2,0,0,0,0,0,0,0,0,0,0,0,0,0,0,0,0,0,84,0,0,0,0,0,0,0,0,0,0,5,,,
skill_2939,2939,??????????,2939,0,0,0,12,0,3,2000,40,0,36,0,28,0,0,0,200,28,0,0,0,0,0,0.0,0,0,0,0,0,0,0,0,2,0,0,0,0,0,0,0,0,0,0,0,0,0,0,0,0,0,84,0,0,0,0,0,0,0,0,0,0,5,,,
skill_2940,2940,????????????,2940,0,0,0,12,0,3,2000,0,0,38,0,31,0,0,0,200,2,0,0,0,0,0,0.0,0,0,0,0,0,0,0,0,2,0,0,0,0,0,0,0,0,0,0,0,0,0,0,0,0,0,84,0,0,0,0,0,0,0,0,0,0,5,,,
skill_2941,2941,??????????,2941,0,0,0,9,3000,5,0,0,0,19,0,11,0,1,0,100,35,0,0,0,0,0,0.0,0,18,10,15,0,0,0,0,2,0,0,0,0,0,0,0,0,0,0,0,0,0,0,0,0,0,84,6,100,7,100,0,252,133,0,0,0,0,,,
skill_2942,2942,????????????,2942,0,0,0,9,3000,5,0,0,0,17,0,9,0,1,0,100,30,0,0,0,0,0,0.0,0,24,40,0,0,0,0,0,2,0,0,0,0,0,0,0,0,0,0,0,0,0,0,0,0,0,84,6,100,7,100,0,252,133,0,0,0,0,,,
skill_2943,2943,??????????,2943,0,0,0,9,3000,5,0,0,0,25,0,17,0,1,0,100,35,0,0,0,0,0,0.0,0,20,20,15,0,0,0,0,2,0,0,0,0,0,0,0,0,0,0,0,0,0,0,0,0,0,84,6,100,7,100,0,252,133,0,0,0,0,,,
skill_2944,2944,??????????,2944,0,0,0,9,3000,5,0,0,0,21,0,13,0,1,0,100,35,0,0,0,0,0,0.0,0,19,20,15,0,0,0,0,2,0,0,0,0,0,0,0,0,0,0,0,0,0,0,0,0,0,84,6,100,7,100,0,252,133,0,0,0,0,,,
skill_2945,2945,"????,????????",2945,0,0,0,9,3000,5,0,0,0,21,23,13,15,1,1,100,30,0,0,0,0,0,0.0,0,19,20,15,21,20,20,0,2,0,0,0,0,0,0,0,0,0,0,0,0,0,0,0,0,0,84,6,100,7,100,0,252,133,0,0,0,0,,,
skill_2946,2946,??????????,2946,0,0,0,9,3000,5,0,0,0,29,0,21,0,1,0,100,35,0,0,0,0,0,0.0,0,22,20,20,0,0,0,0,2,0,0,0,0,0,0,0,0,0,0,0,0,0,0,0,0,0,84,6,100,7,100,0,252,133,0,0,0,0,,,
skill_2947,2947,"????,???? ????",2947,0,0,0,9,3000,5,0,0,0,15,17,7,9,1,1,100,30,0,0,0,0,0,0.0,0,23,50,30,24,30,0,0,2,0,0,0,0,0,0,0,0,0,0,0,0,0,0,0,0,0,84,6,100,7,100,0,252,133,0,0,0,0,,,
skill_2948,2948,"????,???? ????",2948,0,0,0,9,3000,5,0,0,0,15,29,7,21,1,1,100,30,0,0,0,0,0,0.0,0,23,50,20,22,20,20,0,2,0,0,0,0,0,0,0,0,0,0,0,0,0,0,0,0,0,84,6,100,7,100,0,252,133,0,0,0,0,,,
skill_2949,2949,"????????,????????",2949,0,0,0,9,3000,5,0,0,0,16,25,8,17,0,1,100,30,0,0,0,0,0,0.0,0,24,20,5,20,20,20,0,2,0,0,0,0,0,0,0,0,0,0,0,0,0,0,0,0,0,84,6,100,7,100,0,252,133,0,0,0,0,,,
skill_2950,2950,"????????,????????",2950,0,0,0,9,3000,5,0,0,0,18,17,10,9,0,1,100,30,0,0,0,0,0,0.0,0,18,20,5,24,40,0,0,2,0,0,0,0,0,0,0,0,0,0,0,0,0,0,0,0,0,84,6,100,7,100,0,252,133,0,0,0,0,,,
skill_2951,2951,??????????,2951,0,0,0,9,3200,5,0,0,0,19,0,11,0,1,0,160,40,0,0,0,0,0,0.0,0,18,20,20,0,0,0,0,2,0,0,0,0,0,0,0,0,0,0,0,0,0,0,0,0,0,84,6,100,7,100,0,252,133,0,0,0,0,,,
skill_2952,2952,????????????,2952,0,0,0,9,3200,5,0,0,0,17,0,9,0,1,0,160,35,0,0,0,0,0,0.0,0,24,50,0,0,0,0,0,2,0,0,0,0,0,0,0,0,0,0,0,0,0,0,0,0,0,84,6,100,7,100,0,252,133,0,0,0,0,,,
skill_2953,2953,??????????,2953,0,0,0,9,3200,5,0,0,0,25,0,17,0,1,0,160,40,0,0,0,0,0,0.0,0,20,20,25,0,0,0,0,2,0,0,0,0,0,0,0,0,0,0,0,0,0,0,0,0,0,84,6,100,7,100,0,252,133,0,0,0,0,,,
skill_2954,2954,??????????,2954,0,0,0,9,3200,5,0,0,0,21,0,13,0,1,0,160,40,0,0,0,0,0,0.0,0,19,20,25,0,0,0,0,2,0,0,0,0,0,0,0,0,0,0,0,0,0,0,0,0,0,84,6,100,7,100,0,252,133,0,0,0,0,,,
skill_2955,2955,"????,????????",2955,0,0,0,9,3200,5,0,0,0,21,23,13,15,1,1,160,35,0,0,0,0,0,0.0,0,19,20,20,21,20,30,0,2,0,0,0,0,0,0,0,0,0,0,0,0,0,0,0,0,0,84,6,100,7,100,0,252,133,0,0,0,0,,,
skill_2956,2956,??????????,2956,0,0,0,9,3200,5,0,0,0,29,0,21,0,1,0,160,40,0,0,0,0,0,0.0,0,22,20,30,0,0,0,0,2,0,0,0,0,0,0,0,0,0,0,0,0,0,0,0,0,0,84,6,100,7,100,0,252,133,0,0,0,0,,,
skill_2957,2957,"????,???? ????",2957,0,0,0,9,3200,5,0,0,0,15,17,7,9,1,1,160,40,0,0,0,0,0,0.0,0,23,50,35,24,40,0,0,2,0,0,0,0,0,0,0,0,0,0,0,0,0,0,0,0,0,84,6,100,7,100,0,252,133,0,0,0,0,,,
skill_2958,2958,"????,???? ????",2958,0,0,0,9,3200,5,0,0,0,15,29,7,21,1,1,160,40,0,0,0,0,0,0.0,0,23,50,30,22,20,30,0,2,0,0,0,0,0,0,0,0,0,0,0,0,0,0,0,0,0,84,6,100,7,100,0,252,133,0,0,0,0,,,
skill_2959,2959,"????????,????????",2959,0,0,0,9,3200,5,0,0,0,16,25,8,17,0,1,160,40,0,0,0,0,0,0.0,0,24,25,10,20,20,30,0,2,0,0,0,0,0,0,0,0,0,0,0,0,0,0,0,0,0,84,6,100,7,100,0,252,133,0,0,0,0,,,
skill_2960,2960,"????????,????????",2960,0,0,0,9,3200,5,0,0,0,18,17,10,9,0,1,160,40,0,0,0,0,0,0.0,0,18,20,10,24,50,0,0,2,0,0,0,0,0,0,0,0,0,0,0,0,0,0,0,0,0,84,6,100,7,100,0,252,133,0,0,0,0,,,
skill_2961,2961,????????????,2961,0,0,0,13,3200,5,0,0,0,39,0,32,0,0,0,50,2,0,0,0,0,0,0.0,0,0,0,0,0,0,0,0,2,0,0,0,0,0,0,0,0,0,0,0,0,0,0,0,0,0,84,6,100,7,100,0,252,133,0,0,0,0,,,
skill_2962,2962,??????1,2962,0,0,0,13,3200,5,0,0,0,30,0,22,0,1,0,55,20,0,0,0,0,0,0.0,0,0,0,0,0,0,0,0,2,0,0,0,0,0,0,0,0,0,0,0,0,0,0,0,0,0,84,6,100,7,100,0,252,133,0,0,0,0,,,
skill_2963,2963,??????2,2963,0,0,0,13,3200,5,0,0,0,30,0,22,0,1,0,70,35,0,0,0,0,0,0.0,0,0,0,0,0,0,0,0,2,0,0,0,0,0,0,0,0,0,0,0,0,0,0,0,0,0,84,6,100,7,100,0,252,133,0,0,0,0,,,
skill_2964,2964,????1,2964,0,0,0,13,3200,5,0,0,0,7,0,3,0,1,0,60,15,0,0,0,0,0,0.0,0,0,0,0,0,0,0,0,2,0,0,0,0,0,0,0,0,0,0,0,0,0,0,0,0,0,84,6,100,7,100,0,252,133,0,0,0,0,,,
skill_2965,2965,????2,2965,0,0,0,13,3200,5,0,0,0,8,0,3,0,1,0,70,20,0,0,0,0,0,0.0,0,0,0,0,0,0,0,0,2,0,0,0,0,0,0,0,0,0,0,0,0,0,0,0,0,0,84,6,100,7,100,0,252,133,0,0,0,0,,,
skill_2966,2966,????3,2966,0,0,0,13,3200,5,0,0,0,9,0,3,0,1,0,80,25,0,0,0,0,0,0.0,0,0,0,0,0,0,0,0,2,0,0,0,0,0,0,0,0,0,0,0,0,0,0,0,0,0,84,6,100,7,100,0,252,133,0,0,0,0,,,
skill_2967,2967,????1,2967,0,0,0,13,3200,5,0,0,0,31,0,23,0,1,0,50,8,0,0,0,0,0,0.0,0,0,0,0,0,0,0,0,0,0,0,0,0,0,0,0,0,0,0,0,0,0,0,0,0,0,84,6,100,7,100,0,252,133,0,0,0,0,,,
skill_2968,2968,????2,2968,0,0,0,13,3200,5,0,0,0,31,0,23,0,1,0,70,14,0,0,0,0,0,0.0,0,0,0,0,0,0,0,0,0,0,0,0,0,0,0,0,0,0,0,0,0,0,0,0,0,0,84,6,100,7,100,0,252,133,0,0,0,0,,,
skill_2969,2969,????1,2969,0,0,0,13,3200,5,0,0,0,32,0,24,0,1,0,45,3,0,0,0,0,0,0.0,0,0,0,0,0,0,0,0,2,0,0,0,0,0,0,0,0,0,0,0,0,0,0,0,0,0,84,6,100,7,100,0,252,133,0,0,0,0,,,
skill_2970,2970,????2,2970,0,0,0,13,3200,5,0,0,0,32,0,24,0,1,0,60,7,0,0,0,0,0,0.0,0,0,0,0,0,0,0,0,2,0,0,0,0,0,0,0,0,0,0,0,0,0,0,0,0,0,84,6,100,7,100,0,252,133,0,0,0,0,,,
skill_2971,2971,????hp ????(????????),2971,0,0,0,10,0,7,1000,0,0,0,0,0,0,0,0,0,0,0,0,0,0,0,0.0,0,16,20,0,17,10,0,0,0,0,0,0,0,0,0,0,0,0,0,0,0,0,0,0,0,0,84,0,0,0,0,0,0,0,140,0,0,1501,"???? ?????? HP,MP?? ??????????.",,
skill_2972,2972,????hp ????(????????),2972,0,0,0,10,0,7,1000,0,0,0,0,0,0,0,0,0,0,0,0,0,0,0,0.0,0,16,25,0,17,15,0,0,0,0,0,0,0,0,0,0,0,0,0,0,0,0,0,0,0,0,84,0,0,0,0,0,0,0,140,0,0,1501,,,
skill_2973,2973,????hp ????(????????),2973,0,0,0,10,0,7,1000,0,0,0,0,0,0,0,0,0,0,0,0,0,0,0,0.0,0,16,30,0,17,20,0,0,0,0,0,0,0,0,0,0,0,0,0,0,0,0,0,0,0,0,84,0,0,0,0,0,0,0,140,0,0,1501,,,
skill_2974,2974,????hp ????(????????),2974,0,0,0,10,0,7,1500,0,0,0,0,0,0,0,0,0,0,0,0,0,0,0,0.0,0,16,350,0,17,200,0,0,0,0,0,0,0,0,0,0,0,0,0,0,0,0,0,0,0,0,84,0,0,0,0,0,0,0,140,0,0,1501,,,
skill_2975,2975,????hp ????(????????),2975,0,0,0,10,0,7,1500,0,0,0,0,0,0,0,0,0,0,0,0,0,0,0,0.0,0,16,500,0,17,300,0,0,0,0,0,0,0,0,0,0,0,0,0,0,0,0,0,0,0,0,84,0,0,0,0,0,0,0,140,0,0,1501,,,
skill_2976,2976,??????(??????????),2976,0,0,0,9,2000,4,0,0,1,25,0,17,0,1,0,100,3,0,0,0,0,0,0.0,0,20,0,30,0,0,0,0,0,0,0,0,0,0,0,0,0,0,0,0,0,0,0,0,0,0,87,0,0,0,0,0,0,0,0,0,0,0,???????? ???????? ???????????? ?????? ???????? ????.,,
skill_2981,2981,???? ??????,2981,0,0,0,6,2700,5,0,30,0,0,0,0,0,0,0,0,0,2,0,0,0,0,0.0,0,0,0,0,0,0,0,0,2,0,0,0,0,0,0,0,0,0,0,0,0,0,0,0,0,0,84,8,100,9,100,0,437,133,0,0,385,387,,,
skill_2982,2982,???? ??????,2982,0,0,0,6,2800,5,0,35,0,0,0,0,0,0,0,0,0,2,0,0,0,0,0.0,0,0,0,0,0,0,0,0,2,0,0,0,0,0,0,0,0,0,0,0,0,0,0,0,0,0,84,8,100,9,100,0,437,133,0,0,385,387,,,
skill_2983,2983,?????? ??????(??),2983,0,0,0,17,0,5,1000,30,0,21,0,13,0,1,0,35,20,1,0,0,0,0,0.0,0,19,20,20,0,0,0,0,2,0,0,0,0,0,0,0,0,0,0,0,0,0,0,0,0,0,84,8,100,9,100,0,0,0,0,0,389,242,,,
skill_2984,2984,?????? ??????(??),2984,0,0,0,17,0,5,1200,40,0,32,0,24,0,1,0,45,5,1,0,0,0,0,0.0,0,0,0,0,0,0,0,0,2,0,0,0,0,0,0,0,0,0,0,0,0,0,0,0,0,0,84,8,100,9,100,0,0,0,0,0,389,242,,,
skill_2986,2986,????????(??),2986,0,0,0,3,0,5,0,32,1,0,0,0,0,0,0,0,0,1,0,0,0,0,0.0,0,0,0,0,0,0,0,0,1,0,0,0,0,0,0,0,0,0,0,0,0,0,0,0,0,0,25,8,100,9,100,1,0,0,67,0,1036,1035,?????????? ???? ???? ?????? ???? ?????? ?????? ???? ??????.,,
skill_2987,2987,????????(??),2987,0,0,0,3,0,5,0,40,1,29,21,21,13,1,1,5,25,1,0,0,0,0,0.0,0,22,15,14,19,20,12,0,1,0,0,0,0,0,0,0,0,0,0,0,0,0,0,0,0,0,25,8,100,9,100,1,0,0,67,0,1036,1035,?????????? ???? ???? ?????? ???? ?????? ?????? ???? ??????.,,
skill_2988,2988,3????(??),2987,0,0,0,3,0,5,0,10,1,0,0,0,0,0,0,0,0,0,0,0,0,0,0.0,0,0,0,0,0,0,0,0,1,0,0,0,0,0,0,0,0,0,0,0,0,0,0,0,0,0,32,111,100,92,125,3,0,0,67,0,1031,370,???????? ???? ?? ?????? 3?? ???? ????????.,,
skill_2989,2989,???? ??????,2989,0,0,0,6,2000,5,0,20,0,0,0,0,0,0,0,0,0,1,0,0,0,0,0.0,0,0,0,0,0,0,0,0,2,0,0,0,0,0,0,0,0,0,0,0,0,0,0,0,0,0,84,8,100,9,100,0,449,67,83,0,385,1298,,,
skill_2991,2991,???? ????,2991,0,0,0,17,0,5,1000,5,1,7,0,3,0,1,0,200,15,1,0,0,0,0,0.0,0,0,0,0,0,0,0,0,2,0,0,0,0,0,0,0,0,0,0,0,0,0,0,0,0,0,40,115,100,172,100,1,0,0,139,0,0,1121,?????????? ???? ?????????? ???? ?????? ?????? ???????? ??????.,,
skill_2992,2992,???? ????,2992,0,0,0,17,200,5,1000,300,1,0,0,0,0,0,0,0,0,1,0,0,0,0,0.0,0,0,0,0,0,0,0,0,0,0,0,0,0,0,0,0,0,0,0,0,0,0,0,0,0,0,40,115,100,172,100,1,0,0,139,0,0,1322,?????????? ???? ?????????? ???? ?????? ?????? ???????? ??????.,,
skill_2994,2994,???? ??????(??),2994,0,0,0,17,0,5,1400,30,0,0,0,0,0,0,0,0,0,1,0,0,0,0,0.0,0,0,0,0,0,0,0,0,2,0,0,0,0,0,0,0,0,0,0,0,0,0,0,0,0,0,84,8,100,9,100,0,0,0,0,0,1901,1035,,,
skill_2995,2995,???? ??????(??),2995,0,0,0,17,0,5,1800,40,0,0,0,0,0,0,0,0,0,1,0,0,0,0,0.0,0,0,0,0,0,0,0,0,2,0,0,0,0,0,0,0,0,0,0,0,0,0,0,0,0,0,84,8,100,9,100,0,0,0,0,0,1901,1035,,,
skill_2997,2997,??????????(??),2997,0,0,0,6,3000,5,0,25,1,15,17,7,9,1,1,15,10,2,0,0,0,0,0.0,0,23,0,40,24,0,30,0,2,0,0,0,0,0,0,0,0,0,0,0,0,0,0,0,0,0,93,8,100,9,100,0,262,90,1573,0,0,1501,?????? ???????? ?????? ???????????? ?????????? ?????????? ??????????.,,
skill_2998,2998,??????????,2998,0,0,0,6,3000,5,0,35,1,15,17,7,9,1,1,20,20,2,0,0,0,0,0.0,0,23,0,50,24,0,40,0,2,0,0,0,0,0,0,0,0,0,0,0,0,0,0,0,0,0,93,8,100,9,100,0,262,90,1573,0,0,1501,?????? ???????? ?????? ???????????? ?????????? ?????????? ??????????.,,
skill_2999,2999,????????(??),2999,0,0,0,6,3000,5,0,35,1,21,0,13,0,1,0,8,10,2,0,0,0,0,0.0,0,19,0,15,0,0,0,0,2,0,0,0,0,0,0,0,0,0,0,0,0,0,0,0,0,0,96,8,100,9,100,0,263,90,1568,0,0,1501,?????? ???????? ?????? ???????????? ???????? ??????????.,,
skill_3000,3000,????????,3000,0,0,0,6,3000,5,0,45,1,21,0,13,0,1,0,15,20,2,0,0,0,0,0.0,0,19,0,25,0,0,0,0,2,0,0,0,0,0,0,0,0,0,0,0,0,0,0,0,0,0,96,8,100,9,100,0,263,90,1568,0,0,1501,?????? ???????? ?????? ???????????? ???????? ??????????.,,
skill_3001,3001,?????? ????,3001,0,0,0,8,0,5,2000,0,0,19,0,11,0,1,0,60,30,0,0,0,0,0,0.0,0,18,0,20,0,0,0,0,2,0,0,0,0,0,0,0,0,0,0,0,0,0,0,0,0,0,84,0,0,0,0,0,0,0,0,0,0,5,,,
skill_3002,3002,???????? ????,3002,0,0,0,8,0,5,2500,0,0,17,0,9,0,1,0,60,30,0,0,0,0,0,0.0,0,24,50,0,0,0,0,0,2,0,0,0,0,0,0,0,0,0,0,0,0,0,0,0,0,0,84,0,0,0,0,0,0,0,0,0,0,5,,,
skill_3003,3003,?????? ????,3003,0,0,0,8,0,5,2500,0,0,25,0,17,0,1,0,60,30,0,0,0,0,0,0.0,0,20,0,20,0,0,0,0,2,0,0,0,0,0,0,0,0,0,0,0,0,0,0,0,0,0,84,0,0,0,0,0,0,0,0,0,0,5,,,
skill_3004,3004,?????? ????,3004,0,0,0,8,0,5,2000,0,0,21,0,13,0,1,0,60,30,0,0,0,0,0,0.0,0,19,0,20,0,0,0,0,2,0,0,0,0,0,0,0,0,0,0,0,0,0,0,0,0,0,84,0,0,0,0,0,0,0,0,0,0,5,,,
skill_3005,3005,?????? ????,3005,0,0,0,8,0,5,2500,0,0,29,0,21,0,1,0,60,30,0,0,0,0,0,0.0,0,22,0,50,0,0,0,0,2,0,0,0,0,0,0,0,0,0,0,0,0,0,0,0,0,0,84,0,0,0,0,0,0,0,0,0,0,5,,,
skill_3006,3006,????????????,3006,0,0,0,12,0,5,3000,0,0,39,0,32,0,0,0,80,2,0,0,0,0,0,0.0,0,0,0,0,0,0,0,0,2,0,0,0,0,0,0,0,0,0,0,0,0,0,0,0,0,0,84,0,0,0,0,0,0,0,0,0,0,5,,,
skill_3011,3011,???????? ??????(??),3011,0,0,0,17,0,5,1000,45,0,21,0,13,0,1,0,25,20,1,0,0,0,0,0.0,0,19,20,20,0,0,0,0,2,0,0,0,0,0,0,0,0,0,0,0,0,0,0,0,0,0,84,8,100,9,100,0,0,0,0,0,0,1310,,,
skill_3012,3012,???? ????(??),3012,0,0,0,17,0,5,1400,45,0,21,0,13,0,1,0,35,20,1,0,0,0,0,0.0,0,19,20,20,0,0,0,0,2,0,0,0,0,0,0,0,0,0,0,0,0,0,0,0,0,0,84,8,100,9,100,0,0,0,0,0,0,1310,,,
skill_3013,3013,???? ????(??),3013,0,0,0,17,0,5,1400,55,0,32,0,24,0,1,0,30,5,1,0,0,0,0,0.0,0,0,0,0,0,0,0,0,2,0,0,0,0,0,0,0,0,0,0,0,0,0,0,0,0,0,84,8,100,9,100,0,0,0,0,0,0,1310,,,
skill_3014,3014,???????? ????(??),3014,0,0,0,17,0,5,1400,60,0,21,0,13,0,1,0,30,20,1,0,0,0,0,0.0,0,19,20,20,0,0,0,0,2,0,0,0,0,0,0,0,0,0,0,0,0,0,0,0,0,0,84,8,100,9,100,0,0,0,0,0,0,1310,,,
skill_3015,3015,???? ?????? ????(??),3015,0,0,0,7,3000,5,1600,55,0,0,0,0,0,0,0,0,0,1,0,0,0,0,0.0,0,0,0,0,0,0,0,0,2,0,0,0,0,0,0,0,0,0,0,0,0,0,0,0,0,0,84,8,100,9,100,0,0,0,0,0,0,1310,,,
skill_3016,3016,???????? ????(??),3016,0,0,0,7,3000,5,1600,62,0,0,0,0,0,0,0,0,0,1,0,0,0,0,0.0,0,0,0,0,0,0,0,0,2,0,0,0,0,0,0,0,0,0,0,0,0,0,0,0,0,0,84,8,100,9,100,0,0,0,0,0,0,1310,,,
skill_3017,3017,??????(??????????),3017,0,0,0,17,0,5,1200,55,0,0,0,0,0,0,0,0,0,1,0,0,0,0,0.0,0,0,0,0,0,0,0,0,2,0,0,0,0,0,0,0,0,0,0,0,0,0,0,0,0,0,84,8,100,9,100,0,0,0,0,0,389,1310,,,
skill_3018,3018,????????(??????????),3018,0,0,0,17,0,5,1500,80,0,39,0,32,0,0,0,40,0,1,0,0,0,0,0.0,0,0,0,0,0,0,0,0,2,0,0,0,0,0,0,0,0,0,0,0,0,0,0,0,0,0,84,8,100,9,100,0,0,0,0,0,389,1310,,,
skill_3019,3019,???? ???? ????,3019,0,0,0,3,0,5,0,35,0,0,0,0,0,0,0,0,0,1,0,0,0,0,0.0,0,0,0,0,0,0,0,0,1,0,0,0,0,0,0,0,0,0,0,0,0,0,0,0,0,0,25,8,100,9,100,1,0,0,67,0,0,1310,,,
skill_3020,3020,??????????(????),3020,0,0,0,17,0,5,2000,100,0,23,0,15,0,1,0,30,28,1,0,0,0,0,0.0,0,21,30,30,0,0,0,0,2,0,0,0,0,0,0,0,0,0,0,0,0,0,0,0,0,0,84,8,100,9,100,0,0,0,1574,0,389,1637,,,
skill_3021,3021,???? ??????(??),3021,0,0,0,6,3000,5,0,60,1,0,0,0,0,0,0,0,0,2,0,0,0,0,0.0,0,0,0,0,0,0,0,0,2,0,0,0,0,0,0,0,0,0,0,0,0,0,0,0,0,0,93,8,100,9,100,0,262,90,1573,0,0,1310,,,
skill_3022,3022,???? ??????(????????),3022,0,0,0,6,3000,5,0,50,1,23,0,15,0,1,0,50,20,2,0,0,0,0,0.0,0,21,0,35,0,0,0,0,2,0,0,0,0,0,0,0,0,0,0,0,0,0,0,0,0,0,93,8,100,9,100,0,262,90,1573,0,0,1310,,,
skill_3023,3023,?????? ??????(????????),3023,0,0,0,6,3000,5,1000,50,1,23,0,15,0,1,0,40,16,2,0,0,0,0,0.0,0,21,0,30,0,0,0,0,2,0,0,0,0,0,0,0,0,0,0,0,0,0,0,0,0,0,93,8,100,9,100,0,262,90,1573,0,0,1310,,,
skill_3024,3024,???????? ????(????),3024,0,0,0,6,3000,5,1000,40,1,8,0,3,0,1,0,50,20,2,0,0,0,0,0.0,0,0,0,0,0,0,0,0,2,0,0,0,0,0,0,0,0,0,0,0,0,0,0,0,0,0,93,8,100,9,100,0,276,148,1563,0,0,1040,,,
skill_3025,3025,??????????(??),3025,0,0,0,6,3000,5,0,70,1,0,0,0,0,0,0,0,0,2,0,0,0,0,0.0,0,0,0,0,0,0,0,0,2,0,0,0,0,0,0,0,0,0,0,0,0,0,0,0,0,0,93,8,100,9,100,0,262,90,1573,0,0,1310,,,
skill_3026,3026,????????,3026,0,0,0,6,3000,5,0,30,1,32,0,24,0,1,0,50,2,2,0,0,0,0,0.0,0,0,0,0,0,0,0,0,2,0,0,0,0,0,0,0,0,0,0,0,0,0,0,0,0,0,93,8,100,9,100,0,221,90,1573,0,0,1501,,,
skill_3027,3027,????????,3027,0,0,0,6,3000,5,0,70,1,15,17,7,9,1,1,15,10,2,0,0,0,0,0.0,0,23,0,40,24,0,30,0,2,0,0,0,0,0,0,0,0,0,0,0,0,0,0,0,0,0,93,8,100,9,100,0,263,90,67,0,0,1124,,,
skill_3028,3028,??????(????),3028,0,0,0,6,3000,5,0,40,1,0,0,0,0,0,0,0,0,2,0,0,0,0,0.0,0,0,0,0,0,0,0,0,2,0,0,0,0,0,0,0,0,0,0,0,0,0,0,0,0,0,93,8,100,9,100,0,262,90,1573,0,0,1310,,,
skill_3031,3031,??????????(??????),3031,0,0,0,17,0,5,1000,50,1,0,0,0,0,0,0,0,0,1,0,0,0,0,0.0,0,0,0,0,0,0,0,0,2,0,0,0,0,0,0,0,0,0,0,0,0,0,0,0,0,0,47,115,100,173,100,1,0,0,139,0,0,1121,,,
skill_3032,3032,??????(????),3032,0,0,0,6,3000,5,800,50,0,58,0,3,0,1,0,80,20,2,0,0,0,0,0.0,0,0,0,0,0,0,0,0,2,0,0,0,0,0,0,0,0,0,0,0,0,0,0,0,0,0,93,8,100,9,100,0,460,90,67,0,0,1124,,,
skill_3033,3033,????????(????),3033,0,0,0,17,0,5,1200,50,1,0,0,0,0,0,0,0,0,1,0,0,0,0,0.0,0,0,0,0,0,0,0,0,2,0,0,0,0,0,0,0,0,0,0,0,0,0,0,0,0,0,84,8,100,9,100,0,0,0,0,0,389,242,,,
skill_3034,3034,????(?????? ????),3034,0,0,0,3,0,5,0,100,0,0,0,0,0,0,0,0,0,1,0,0,0,0,0.0,0,0,0,0,0,0,0,0,2,0,0,0,0,0,0,0,0,0,0,0,0,0,0,0,0,0,25,8,100,9,100,1,0,0,67,0,1036,1035,,,
skill_3036,3036,dummy original 1,3036,1,0,1,8,0,8,2000,0,0,18,24,10,16,0,0,200,3600,0,0,0,0,0,0.0,0,18,400,0,20,260,0,0,0,0,0,0,0,0,0,0,0,0,0,0,0,0,0,0,0,0,136,8,100,151,100,0,221,90,141,0,1752,1501,,,
skill_3037,3037,dummy original 2,3037,1,0,1,8,0,8,2000,0,0,20,22,12,14,0,0,200,3600,0,0,0,0,0,0.0,0,19,310,0,21,300,0,0,0,0,0,0,0,0,0,0,0,0,0,0,0,0,0,0,0,0,136,8,100,151,100,0,221,90,141,0,1752,1501,,,
skill_3038,3038,dummy original 3,3038,1,0,1,8,0,8,2000,0,0,16,26,8,18,0,0,200,3600,0,0,0,0,0,0.0,0,24,58,0,26,220,0,0,0,0,0,0,0,0,0,0,0,0,0,0,0,0,0,0,0,0,136,8,100,151,100,0,221,90,141,0,1752,1501,,,
skill_3039,3039,dummy original 4,3039,1,0,1,8,0,8,2000,0,0,14,28,6,20,0,0,200,3600,0,0,0,0,0,0.0,0,23,200,0,22,360,0,0,0,0,0,0,0,0,0,0,0,0,0,0,0,0,0,0,0,0,136,8,100,151,100,0,221,90,141,0,1752,1501,,,
skill_3041,3041,?????????? ????(??),3041,0,0,0,17,0,5,500,70,0,0,0,0,0,0,0,0,0,2,0,0,0,0,0.0,0,0,0,0,0,0,0,0,2,0,0,0,0,0,0,0,0,0,0,0,0,0,0,0,0,0,84,8,100,9,100,0,0,0,0,0,1333,242,,,
skill_3042,3042,?????????? ????(??),3042,0,0,0,17,0,5,550,90,0,0,0,0,0,0,0,0,0,2,0,0,0,0,0.0,0,0,0,0,0,0,0,0,2,0,0,0,0,0,0,0,0,0,0,0,0,0,0,0,0,0,84,8,100,9,100,0,0,0,0,0,1333,242,,,
skill_3043,3043,?????????? ????(??),3043,0,0,0,17,0,5,600,110,0,0,0,0,0,0,0,0,0,2,0,0,0,0,0.0,0,0,0,0,0,0,0,0,2,0,0,0,0,0,0,0,0,0,0,0,0,0,0,0,0,0,84,8,100,9,100,0,0,0,0,0,1333,242,,,
skill_3045,3045,?????? ????????(??),3045,0,0,0,7,0,5,2000,100,0,32,0,24,0,1,0,200,3,2,0,0,0,0,0.0,0,0,0,0,0,0,0,0,2,0,0,0,0,0,0,0,0,0,0,0,0,0,0,0,0,0,93,8,100,9,100,0,0,0,0,0,1340,1124,,,
skill_3046,3046,?????? ????????(??),3046,0,0,0,7,0,5,2000,200,0,32,0,24,0,1,0,200,5,2,0,0,0,0,0.0,0,0,0,0,0,0,0,0,2,0,0,0,0,0,0,0,0,0,0,0,0,0,0,0,0,0,93,8,100,9,100,0,0,0,0,0,1340,1124,,,
skill_3048,3048,?????? ???????? (??),3048,0,0,0,6,800,5,800,80,0,58,0,3,0,1,0,70,15,2,0,0,0,0,0.0,0,0,0,0,0,0,0,0,2,0,0,0,0,0,0,0,0,0,0,0,0,0,0,0,0,0,93,8,100,9,100,0,460,90,0,0,0,1124,,,
skill_3049,3049,?????? ???????? (??),3049,0,0,0,6,900,5,800,100,0,58,0,3,0,1,0,70,15,2,0,0,0,0,0.0,0,0,0,0,0,0,0,0,2,0,0,0,0,0,0,0,0,0,0,0,0,0,0,0,0,0,93,8,100,9,100,0,460,90,0,0,0,1124,,,
skill_3050,3050,?????? ???????? (??),3050,0,0,0,6,1000,5,800,120,0,58,0,3,0,1,0,70,15,2,0,0,0,0,0.0,0,0,0,0,0,0,0,0,2,0,0,0,0,0,0,0,0,0,0,0,0,0,0,0,0,0,93,8,100,9,100,0,460,90,0,0,0,1124,,,
skill_3052,3052,?????? ???????? (3??),3052,0,0,0,6,1000,5,1000,50,0,32,0,24,0,1,0,60,3,2,0,0,0,0,0.0,0,0,0,0,0,0,0,0,2,0,0,0,0,0,0,0,0,0,0,0,0,0,0,0,0,0,93,8,100,9,100,0,460,90,0,0,0,1124,,,
skill_3053,3053,???????????? ???????? (5??),3053,0,0,0,6,0,5,1000,0,0,32,0,24,0,1,0,80,5,2,0,0,0,0,0.0,0,0,0,0,0,0,0,0,2,0,0,0,0,0,0,0,0,0,0,0,0,0,0,0,0,0,93,8,100,9,100,0,460,90,0,0,0,1124,,,
skill_3055,3055,?????? ???? ?????? (??),3055,0,0,0,17,0,5,1500,100,0,30,0,22,0,1,0,30,10,2,0,0,0,0,0.0,0,16,0,20,0,0,0,0,2,0,0,0,0,0,0,0,0,0,0,0,0,0,0,0,0,0,93,8,100,9,100,0,0,0,0,0,389,1310,,,
skill_3056,3056,?????? ???? ?????? (??),3056,0,0,0,17,0,5,2000,120,0,30,0,22,0,1,0,40,15,2,0,0,0,0,0.0,0,16,0,40,0,0,0,0,2,0,0,0,0,0,0,0,0,0,0,0,0,0,0,0,0,0,93,8,100,9,100,0,0,0,0,0,389,1310,,,
skill_3057,3057,?????? ???? ?????? (??),3057,0,0,0,17,0,5,2500,150,0,30,0,22,0,1,0,50,20,2,0,0,0,0,0.0,0,16,0,60,0,0,0,0,2,0,0,0,0,0,0,0,0,0,0,0,0,0,0,0,0,0,93,8,100,9,100,0,0,0,0,0,389,1310,,,
skill_3059,3059,"????,?????? ?????? (??)",3059,0,0,0,13,2500,5,0,0,0,9,0,3,0,1,0,80,30,0,0,0,0,0,0.0,0,0,0,0,0,0,0,0,2,0,0,0,0,0,0,0,0,0,0,0,0,0,0,0,0,0,84,6,100,7,100,0,462,133,0,0,0,0,,,
skill_3060,3060,"????,?????? ?????? (??)",3060,0,0,0,13,3000,5,0,0,0,10,0,3,0,1,0,90,40,0,0,0,0,0,0.0,0,0,0,0,0,0,0,0,2,0,0,0,0,0,0,0,0,0,0,0,0,0,0,0,0,0,84,6,100,7,100,0,462,133,0,0,0,0,,,
skill_3062,3062,?????? ???? ????,3062,0,0,0,7,0,3,2500,0,0,31,0,23,0,1,0,200,15,0,0,0,0,0,0.0,0,0,0,0,0,0,0,0,2,0,0,0,0,0,0,0,0,0,0,0,0,0,0,0,0,0,84,0,0,0,0,0,0,0,0,0,1341,0,,,
skill_3064,3064,???? ??????????,3064,0,0,0,10,0,0,0,0,0,20,0,12,0,0,0,200,600,0,0,0,0,0,0.0,0,19,0,50,0,0,0,0,2,0,0,0,0,0,0,0,0,0,0,0,0,0,0,0,0,0,84,0,0,0,0,0,0,0,0,0,0,5,,,
skill_3066,3066,?????? ??????,3066,0,0,0,10,0,0,0,0,0,33,0,25,0,0,0,200,100,0,0,0,0,0,0.0,0,0,0,0,0,0,0,0,0,0,0,0,0,0,0,0,0,0,0,0,0,0,0,0,0,0,84,0,0,0,0,0,0,0,0,0,0,5,,,
skill_3068,3068,?????? ???????? ????,3068,0,0,0,9,1200,5,0,0,0,15,0,7,0,1,0,100,15,0,0,0,0,0,0.0,0,23,0,50,0,0,0,0,2,0,0,0,0,0,0,0,0,0,0,0,0,0,0,0,0,0,84,6,100,7,100,0,252,133,0,0,0,0,,,
skill_3069,3069,???? ????(??),3069,0,0,0,17,0,5,550,60,0,0,0,0,0,0,0,0,0,2,0,0,0,0,0.0,0,0,0,0,0,0,0,0,2,0,0,0,0,0,0,0,0,0,0,0,0,0,0,0,0,0,84,8,100,9,100,0,0,0,0,0,389,242,,,
skill_3071,3071,?????? ???? (????),3071,0,0,0,3,2000,5,0,25,1,0,0,0,0,0,0,0,0,0,0,0,0,0,0.0,0,0,0,0,0,0,0,0,2,0,0,0,0,0,0,0,0,0,0,0,0,0,0,0,0,0,93,8,100,9,100,0,465,90,1573,0,0,1501,,,
skill_3072,3072,?????? ???? (????),3072,0,0,0,3,2000,5,0,25,1,0,0,0,0,0,0,0,0,0,0,0,0,0,0.0,0,0,0,0,0,0,0,0,2,0,0,0,0,0,0,0,0,0,0,0,0,0,0,0,0,0,93,8,100,9,100,0,466,90,1573,0,0,1501,,,
skill_3076,3076,Buff fairy 1,3076,1,0,1,8,0,8,2000,0,0,18,24,10,16,0,0,200,3600,0,0,0,0,0,0.0,0,18,60,20,20,50,20,0,0,0,0,0,0,0,0,0,0,0,0,0,0,0,0,0,0,0,136,8,200,151,200,0,221,90,141,0,1752,1501,,,
skill_3077,3077,Buff fairy 2,3077,1,0,1,8,0,8,2000,0,0,20,22,12,14,0,0,200,3600,0,0,0,0,0,0.0,0,19,70,0,21,90,20,0,0,0,0,0,0,0,0,0,0,0,0,0,0,0,0,0,0,0,136,8,200,151,200,0,221,90,141,0,1752,1501,,,
skill_3078,3078,Buff fairy 3,3078,1,0,1,8,0,8,2000,0,0,16,26,8,18,0,0,200,3600,0,0,0,0,0,0.0,0,24,20,20,26,40,20,0,0,0,0,0,0,0,0,0,0,0,0,0,0,0,0,0,0,0,136,8,200,151,200,0,221,90,141,0,1752,1501,,,
skill_3079,3079,Buff fairy 4,3079,1,0,1,8,0,8,2000,0,0,14,28,6,20,0,0,200,3600,0,0,0,0,0,0.0,0,23,120,20,22,60,20,0,0,0,0,0,0,0,0,0,0,0,0,0,0,0,0,0,0,0,136,8,200,151,200,0,221,90,141,0,1752,1501,,,
skill_3080,3080,dummy original 1,3036,1,0,1,8,0,8,2000,0,0,18,24,10,16,0,0,200,3600,0,0,0,0,0,0.0,0,18,300,0,20,160,0,0,0,0,0,0,0,0,0,0,0,0,0,0,0,0,0,0,0,0,136,8,100,151,100,0,221,90,141,0,1752,1501,,,
skill_3081,3081,dummy original 2,3037,1,0,1,8,0,8,2000,0,0,20,22,12,14,0,0,200,3600,0,0,0,0,0,0.0,0,19,210,0,21,200,0,0,0,0,0,0,0,0,0,0,0,0,0,0,0,0,0,0,0,0,136,8,100,151,100,0,221,90,141,0,1752,1501,,,
skill_3082,3082,dummy original 3,3038,1,0,1,8,0,8,2000,0,0,16,26,8,18,0,0,200,3600,0,0,0,0,0,0.0,0,24,38,0,26,120,0,0,0,0,0,0,0,0,0,0,0,0,0,0,0,0,0,0,0,0,136,8,100,151,100,0,221,90,141,0,1752,1501,,,
skill_3083,3083,dummy original 4,3039,1,0,1,8,0,8,2000,0,0,14,28,6,20,0,0,200,3600,0,0,0,0,0,0.0,0,23,90,0,22,260,0,0,0,0,0,0,0,0,0,0,0,0,0,0,0,0,0,0,0,0,136,8,100,151,100,0,221,90,141,0,1752,1501,,,
skill_3091,3091,Slow Speed Scroll,3121,1,10,1,6,2500,5,0,100,1,15,0,7,0,1,0,1000,25,2,76,5000,0,0,11.9,0,15,310,50,0,0,0,0,2,0,0,0,0,0,0,0,0,0,0,0,0,0,0,0,0,0,39,101,100,103,100,1,251,90,67,0,1603,1121,,,
skill_3092,3092,Slow Attack Scroll,3122,1,12,1,6,2500,5,0,100,1,17,0,9,0,1,0,1000,25,2,76,5000,0,0,11.9,0,17,310,50,0,0,0,0,2,0,0,0,0,0,0,0,0,0,0,0,0,0,0,0,0,0,39,101,100,103,100,1,251,90,67,0,1603,1121,,,
skill_3093,3093,Atk Decrease Scroll,3123,1,13,1,6,2500,5,0,100,1,19,0,11,0,1,0,1000,25,2,76,5000,0,0,11.9,0,19,310,50,0,0,0,0,2,0,0,0,0,0,0,0,0,0,0,0,0,0,0,0,0,0,39,101,100,103,100,1,251,90,67,0,1603,1121,,,
skill_3094,3094,Magic Decrease Scroll,3121,1,10,1,6,2500,5,0,100,1,23,0,15,0,1,0,1000,25,2,76,5000,0,0,11.9,0,23,310,50,0,0,0,0,2,0,0,0,0,0,0,0,0,0,0,0,0,0,0,0,0,0,39,101,100,103,100,1,251,90,67,0,1603,1121,,,
skill_3095,3095,Hitting Decrease Scroll,3122,1,12,1,6,2500,5,0,100,1,25,0,17,0,1,0,1000,25,2,76,5000,0,0,11.9,0,25,310,50,0,0,0,0,2,0,0,0,0,0,0,0,0,0,0,0,0,0,0,0,0,0,39,101,100,103,100,1,251,90,67,0,1603,1121,,,
skill_3096,3096,Crit Decrease Scroll,3123,1,13,1,6,2500,5,0,100,1,27,0,19,0,1,0,1000,25,2,76,5000,0,0,11.9,0,27,310,50,0,0,0,0,2,0,0,0,0,0,0,0,0,0,0,0,0,0,0,0,0,0,39,101,100,103,100,1,251,90,67,0,1603,1121,,,
skill_3097,3097,Dodge Decrease Scroll,3123,1,13,1,6,2500,5,0,100,1,29,0,21,0,1,0,1000,25,2,76,5000,0,0,11.9,0,29,310,50,0,0,0,0,2,0,0,0,0,0,0,0,0,0,0,0,0,0,0,0,0,0,39,101,100,103,100,1,251,90,67,0,1603,1121,,,
skill_3098,3098,Fainted,3123,1,13,1,6,2500,5,0,100,1,32,0,24,0,1,0,50,25,2,76,5000,0,0,11.9,0,32,310,50,0,0,0,0,2,0,0,0,0,0,0,0,0,0,0,0,0,0,0,0,0,0,39,101,100,103,100,1,251,90,67,0,1603,1121,,,
skill_3099,3099,Back to Normal,3123,1,13,1,6,2500,5,0,100,1,39,0,32,0,0,0,30,25,2,76,5000,0,0,11.9,0,39,310,50,0,0,0,0,2,0,0,0,0,0,0,0,0,0,0,0,0,0,0,0,0,0,39,101,100,103,100,1,251,90,67,0,1603,1121,,,
skill_3101,3101,Purify Scroll (Solo),3101,1,6,1,12,0,0,0,0,0,38,0,31,0,0,0,0,2,0,76,500,0,0,0.0,0,0,0,0,0,0,0,0,0,0,0,0,0,0,0,0,0,0,0,0,0,0,0,0,0,0,84,112,100,151,100,0,0,0,0,0,1752,0,?????? ???? ?????????? ??????????,,
skill_3102,3102,Detect Scroll (Solo),3102,1,8,1,12,0,0,0,0,0,0,0,0,0,0,0,0,60,0,76,500,0,0,0.0,0,0,0,0,0,0,0,0,0,0,0,0,0,0,0,0,0,0,0,0,0,0,0,0,0,0,84,112,100,151,100,0,0,0,0,0,1752,0,"?????? ???????? ?????? ?????? ??????, ?????? ?????? ?????? ?????? ?? ????????",,
skill_3103,3103,Ghost Potion,3103,1,10,1,12,0,0,0,0,0,33,0,25,0,0,0,0,60,0,76,500,0,0,0.0,0,0,0,0,0,0,0,0,0,0,0,0,0,0,0,0,0,0,0,0,0,0,0,0,0,0,84,112,100,151,100,0,0,0,0,0,1752,0,"?????? ???????? ?????? ?????? ??????, ???????????? ?????? ???? ????",,
skill_3106,3106,HP Scroll (Solo),3106,1,13,1,8,0,0,0,0,0,44,0,4,0,2,0,0,420,0,76,500,0,0,0.0,0,38,200,30,0,0,0,0,2,0,0,0,0,0,0,0,0,0,0,0,0,0,0,0,0,0,127,114,100,153,100,1,0,0,0,0,1754,0,?????? ????HP?? 7???? ??????????,,
skill_3107,3107,MP Scroll (Solo),3107,1,13,1,8,0,0,0,0,0,45,0,5,0,2,0,0,420,0,76,500,0,0,0.0,0,39,100,30,0,0,0,0,2,0,0,0,0,0,0,0,0,0,0,0,0,0,0,0,0,0,127,114,100,153,100,1,0,0,0,0,1754,0,?????? ????MP?? 7???? ??????????,,
skill_3108,3108,Dexterity Scroll (Solo),3108,1,15,1,8,0,0,0,0,0,46,53,6,20,2,2,0,420,0,76,500,0,0,0.0,0,23,400,0,22,30,20,0,2,0,0,0,0,0,0,0,0,0,0,0,0,0,0,0,0,0,127,114,100,153,100,1,0,0,0,0,1754,0,?????? ?????????? ???????? 7???? ??????????,,
skill_3109,3109,Strength Scroll (Solo),3109,1,16,1,8,0,0,0,0,0,48,47,10,8,2,2,0,420,0,76,500,0,0,0.0,0,18,50,10,24,40,0,0,2,0,0,0,0,0,0,0,0,0,0,0,0,0,0,0,0,0,127,114,100,153,100,1,0,0,0,0,1754,0,?????? ???????? ?????????? 7???? ??????????,,
skill_3110,3110,Defense Scroll (Solo),3110,1,16,1,8,0,0,0,0,0,49,50,12,14,2,2,0,420,0,76,500,0,0,0.0,0,19,50,10,21,50,20,0,2,0,0,0,0,0,0,0,0,0,0,0,0,0,0,0,0,0,127,114,100,153,100,1,0,0,0,0,1754,0,?????? ???????? ?????????? 7???? ??????????,,
skill_3111,3111,Accuracy Scroll (Solo),3111,1,16,1,8,0,0,0,0,0,51,52,16,18,2,2,0,420,0,76,500,0,0,0.0,0,20,50,20,26,50,20,0,2,0,0,0,0,0,0,0,0,0,0,0,0,0,0,0,0,0,127,114,100,153,100,1,0,0,0,0,1754,0,?????? ???????? ?????????? 7???? ??????????,,
skill_3112,3112,Damage Scroll (Solo),3112,1,16,1,12,0,0,0,30,0,54,0,28,0,2,0,0,420,0,76,700,0,0,0.0,0,0,0,0,0,0,0,0,2,0,0,0,0,0,0,0,0,0,0,0,0,0,0,0,0,0,127,114,100,153,100,1,0,0,0,0,1754,0,7???? 30%?? ???????????? ????????,,
skill_3113,3113,Advanced HP Scroll (Solo),3113,1,20,1,8,0,0,0,0,0,44,0,4,0,2,0,0,600,0,76,1000,0,0,0.0,0,38,300,50,0,0,0,0,2,0,0,0,0,0,0,0,0,0,0,0,0,0,0,0,0,0,127,114,100,153,100,1,0,0,0,0,1754,0,?????? ????HP?? 10???? ??????????,,
skill_3114,3114,Advanced MP Scroll (Solo),3114,1,20,1,8,0,0,0,0,0,45,0,5,0,2,0,0,600,0,76,1000,0,0,0.0,0,39,200,50,0,0,0,0,2,0,0,0,0,0,0,0,0,0,0,0,0,0,0,0,0,0,127,114,100,153,100,1,0,0,0,0,1754,0,?????? ????MP?? 10???? ??????????,,
skill_3115,3115,Advanced Dexterity Scroll (Solo),3115,1,20,1,8,0,0,0,0,0,46,53,6,20,2,2,0,600,0,76,1000,0,0,0.0,0,23,500,0,22,50,30,0,2,0,0,0,0,0,0,0,0,0,0,0,0,0,0,0,0,0,127,114,100,153,100,1,0,0,0,0,1754,0,?????? ?????????? ???????? 10???? ??????????,,
skill_3116,3116,Advanced Strength Scroll (Solo),3116,1,25,1,8,0,0,0,0,0,48,47,10,8,2,2,0,600,0,76,1000,0,0,0.0,0,18,70,20,24,50,0,0,2,0,0,0,0,0,0,0,0,0,0,0,0,0,0,0,0,0,127,114,100,153,100,1,172,0,0,0,1754,110,?????? ???????? ?????????? 10???? ??????????,,
skill_3117,3117,Advanced Defense Scroll (Solo),3117,1,25,1,8,0,0,0,0,0,49,50,12,14,2,2,0,600,0,76,1000,0,0,0.0,0,19,70,20,21,70,30,0,2,0,0,0,0,0,0,0,0,0,0,0,0,0,0,0,0,0,127,114,100,153,100,1,172,0,0,0,1754,110,?????? ???????? ?????????? 10???? ??????????,,
skill_3118,3118,Advanced Accuracy Scroll (Solo),3118,1,25,1,8,0,0,0,0,0,51,52,16,18,2,2,0,600,0,76,1000,0,0,0.0,0,20,70,30,26,70,30,0,2,0,0,0,0,0,0,0,0,0,0,0,0,0,0,0,0,0,127,114,100,153,100,1,172,0,0,0,1754,110,?????? ???????? ?????????? 10???? ??????????,,
skill_3119,3119,Advanced Damage Scroll (Solo),3119,1,25,1,12,0,0,0,50,0,54,0,28,0,2,0,0,600,0,76,1300,0,0,0.0,0,0,0,0,0,0,0,0,2,0,0,0,0,0,0,0,0,0,0,0,0,0,0,0,0,0,127,114,100,153,100,1,0,0,0,0,1754,0,10???? 50%?? ???????????? ????????,,
skill_3121,3121,Blue Icicle,3121,1,10,1,6,2500,5,0,10,1,23,0,15,0,1,0,80,20,2,76,50,0,0,0.0,0,21,30,50,0,0,0,0,2,0,0,0,0,0,0,0,0,0,0,0,0,0,0,0,0,0,39,101,100,103,100,1,251,90,67,0,1603,1121,,,
skill_3122,3122,Green Icicle,3122,1,12,1,6,2500,5,0,10,1,11,0,3,0,1,0,90,15,2,76,50,0,0,0.0,0,0,0,0,0,0,0,0,2,0,0,0,0,0,0,0,0,0,0,0,0,0,0,0,0,0,39,101,100,103,100,1,251,90,67,0,1603,1121,,,
skill_3123,3123,White Icicle,3123,1,13,1,6,2500,5,0,10,1,30,0,22,0,1,0,80,20,2,76,50,0,0,0.0,0,0,0,0,0,0,0,0,2,0,0,0,0,0,0,0,0,0,0,0,0,0,0,0,0,0,39,101,100,103,100,1,251,90,67,0,1603,1121,,,
skill_3126,3126,Snowball,3126,1,1,1,11,2600,8,0,0,0,0,0,0,0,0,0,0,0,0,0,0,0,0,0.0,0,0,0,0,0,0,0,0,0,0,0,0,0,0,0,0,0,0,0,0,0,0,0,0,0,0,39,135,160,76,150,1,301,90,83,0,0,1311,,,
skill_3131,3131,Strength Scroll (Solo),3131,1,13,1,12,0,0,0,0,0,48,0,10,0,2,0,0,600,0,0,0,0,0,0.0,0,18,80,0,0,0,0,0,2,0,0,0,0,0,0,0,0,0,0,0,0,0,0,0,0,0,127,114,100,153,100,1,0,0,0,0,1754,0,,,
skill_3132,3132,Damage Scroll (Solo),3132,1,13,1,12,0,0,0,37,0,54,0,28,0,2,0,0,600,0,0,0,0,0,0.0,0,18,0,37,0,0,0,0,2,0,0,0,0,0,0,0,0,0,0,0,0,0,0,0,0,0,127,114,100,153,100,1,0,0,0,0,1754,0,,,
skill_3133,3133,Advanced Defense Scroll (Solo),3133,1,13,1,12,0,0,0,0,0,49,0,12,0,2,0,0,600,0,0,0,0,0,0.0,0,19,85,0,0,0,0,0,2,0,0,0,0,0,0,0,0,0,0,0,0,0,0,0,0,0,127,114,100,153,100,1,0,0,0,0,1754,0,,,
skill_3134,3134,Advanced Dexterity Scroll (Solo),3134,1,13,1,12,0,0,0,0,0,53,0,20,0,2,0,0,600,0,0,0,0,0,0.0,0,22,80,0,0,0,0,0,2,0,0,0,0,0,0,0,0,0,0,0,0,0,0,0,0,0,127,114,100,153,100,1,0,0,0,0,1754,0,,,
skill_3135,3135,??????,3135,1,13,1,12,0,0,0,0,0,50,0,14,0,2,0,0,600,0,0,0,0,0,0.0,0,21,130,0,0,0,0,0,2,0,0,0,0,0,0,0,0,0,0,0,0,0,0,0,0,0,127,114,100,153,100,1,0,0,0,0,1754,0,,,
skill_3136,3136,????????,3136,1,13,1,12,0,0,0,0,0,47,0,8,0,2,0,0,600,0,0,0,0,0,0.0,0,24,46,0,0,0,0,0,2,0,0,0,0,0,0,0,0,0,0,0,0,0,0,0,0,0,127,114,100,153,100,1,0,0,0,0,1754,0,,,
skill_3137,3137,Advanced Accuracy Scroll (Solo),3137,1,13,1,12,0,0,0,0,0,51,0,16,0,2,0,0,600,0,0,0,0,0,0.0,0,20,90,0,0,0,0,0,2,0,0,0,0,0,0,0,0,0,0,0,0,0,0,0,0,0,127,114,100,153,100,1,0,0,0,0,1754,0,,,
skill_3138,3138,Advanced HP Scroll (Solo),3138,1,13,1,12,0,0,0,0,0,44,0,4,0,2,0,0,600,0,0,0,0,0,0.0,0,38,660,0,0,0,0,0,2,0,0,0,0,0,0,0,0,0,0,0,0,0,0,0,0,0,127,114,100,153,100,1,0,0,0,0,1754,0,,,
skill_3139,3139,Advanced MP Scroll (Solo),3139,1,13,1,12,0,0,0,0,0,45,0,5,0,2,0,0,600,0,0,0,0,0,0.0,0,39,500,0,0,0,0,0,2,0,0,0,0,0,0,0,0,0,0,0,0,0,0,0,0,0,127,114,100,153,100,1,0,0,0,0,1754,0,,,
skill_3140,3140,????????,3140,1,13,1,12,0,0,0,0,0,52,0,18,0,2,0,0,600,0,0,0,0,0,0.0,0,26,100,0,0,0,0,0,2,0,0,0,0,0,0,0,0,0,0,0,0,0,0,0,0,0,127,114,100,153,100,1,0,0,0,0,1754,0,,,
skill_3148,3148,???????? ????,3148,1,1,1,18,4,0,0,0,0,0,0,0,0,0,0,0,0,0,17,0,0,0,0.0,0,79,495,530,0,0,0,0,0,0,0,0,0,0,0,0,0,0,0,0,0,0,0,0,0,0,97,103,100,202,100,1,0,0,0,0,161,244,,,
skill_3149,3149,???????? ????,3149,1,1,1,18,1,0,0,0,0,0,0,0,0,0,0,0,0,0,17,0,0,0,0.0,0,67,522,486,0,0,0,0,0,0,0,0,0,0,0,0,0,0,0,0,0,0,0,0,0,0,97,103,100,202,100,1,0,0,0,0,161,244,,,
skill_3150,3150,???????? ????,3150,1,1,1,18,1,0,0,0,0,0,0,0,0,0,0,0,0,0,17,0,0,0,0.0,0,10,508,532,0,0,0,0,0,0,0,0,0,0,0,0,0,0,0,0,0,0,0,0,0,0,97,103,100,202,100,1,0,0,0,0,161,244,,,
skill_3151,3151,???????? ????,3151,1,1,1,18,1,0,0,0,0,0,0,0,0,0,0,0,0,0,17,0,0,0,0.0,0,1,525,525,0,0,0,0,0,0,0,0,0,0,0,0,0,0,0,0,0,0,0,0,0,0,97,103,100,202,100,1,0,0,0,0,161,244,,,
skill_3152,3152,?????????? ????,3152,1,1,1,18,1,0,0,0,0,0,0,0,0,0,0,0,0,0,17,0,0,0,0.0,0,2,551,526,0,0,0,0,0,0,0,0,0,0,0,0,0,0,0,0,0,0,0,0,0,0,97,103,100,322,100,1,0,0,0,0,161,244,,,
skill_3153,3153,???????? ????,3153,1,1,1,18,2,0,0,0,0,0,0,0,0,0,0,0,0,0,17,0,0,0,0.0,0,51,536,510,0,0,0,0,0,0,0,0,0,0,0,0,0,0,0,0,0,0,0,0,0,0,97,103,100,322,100,1,0,0,0,0,161,244,,,
skill_3154,3154,?????????? ????,3154,1,1,1,18,3,0,0,0,0,0,0,0,0,0,0,0,0,0,17,0,0,0,0.0,0,61,543,460,0,0,0,0,0,0,0,0,0,0,0,0,0,0,0,0,0,0,0,0,0,0,97,103,100,322,100,1,0,0,0,0,161,244,,,
skill_3155,3155,?????????? ????,3155,1,1,1,18,3,0,0,0,0,0,0,0,0,0,0,0,0,0,17,0,0,0,0.0,0,64,503,532,0,0,0,0,0,0,0,0,0,0,0,0,0,0,0,0,0,0,0,0,0,0,97,103,100,322,100,1,0,0,0,0,161,244,,,
skill_3156,3156,?????????? ????,3156,1,1,1,18,1,0,0,0,0,0,0,0,0,0,0,0,0,0,17,0,0,0,0.0,0,41,534,518,0,0,0,0,0,0,0,0,0,0,0,0,0,0,0,0,0,0,0,0,0,0,97,103,100,322,100,1,0,0,0,0,161,244,,,
skill_3157,3157,?????????? ????,3157,1,1,1,18,4,0,0,0,0,0,0,0,0,0,0,0,0,0,17,0,0,0,0.0,0,75,516,527,0,0,0,0,0,0,0,0,0,0,0,0,0,0,0,0,0,0,0,0,0,0,97,103,100,322,100,1,0,0,0,0,161,244,,,
skill_3158,3158,?????????? ????,3158,1,1,1,18,1,0,0,0,0,0,0,0,0,0,0,0,0,0,17,0,0,0,0.0,0,18,510,506,0,0,0,0,0,0,0,0,0,0,0,0,0,0,0,0,0,0,0,0,0,0,97,103,100,322,100,1,0,0,0,0,161,244,,,
skill_3159,3159,?????????? ????,3159,1,1,1,18,4,0,0,0,0,0,0,0,0,0,0,0,0,0,17,0,0,0,0.0,0,78,563,484,0,0,0,0,0,0,0,0,0,0,0,0,0,0,0,0,0,0,0,0,0,0,97,103,100,322,100,1,0,0,0,0,161,244,,,
skill_3160,3160,?????????? ????,3160,1,1,1,18,4,0,0,0,0,0,0,0,0,0,0,0,0,0,17,0,0,0,0.0,0,76,532,527,0,0,0,0,0,0,0,0,0,0,0,0,0,0,0,0,0,0,0,0,0,0,97,103,100,322,100,1,0,0,0,0,161,244,,,
skill_3162,3162,????????(??),3162,0,0,0,17,0,5,2000,300,0,0,0,0,0,0,0,0,0,5,0,0,0,0,0.0,0,0,0,0,0,0,0,0,2,0,0,0,0,0,0,0,0,0,0,0,0,0,0,0,0,0,84,9,100,9,100,0,221,133,0,0,0,1557,,,
skill_3165,3165,?????????? ????,3165,1,1,1,18,1,0,0,0,0,0,0,0,0,0,0,0,0,0,17,0,0,0,0.0,0,60,529,507,0,0,0,0,0,0,0,0,0,0,0,0,0,0,0,0,0,0,0,0,0,0,97,103,100,322,100,1,0,0,0,0,161,244,,,
skill_3166,3166,????????(??),3587,0,0,0,17,0,5,2000,300,0,0,0,0,0,0,0,0,0,5,0,0,0,0,0.0,0,0,0,0,0,0,0,0,2,0,0,0,0,0,0,0,0,0,0,0,0,0,0,0,0,0,84,9,100,9,100,0,221,133,0,0,0,1557,,,
skill_3167,3167,?????????? ????,3167,1,1,1,18,1,0,0,0,0,0,0,0,0,0,0,0,0,0,17,0,0,0,0.0,0,6,519,532,0,0,0,0,0,0,0,0,0,0,0,0,0,0,0,0,0,0,0,0,0,0,97,103,100,322,100,1,0,0,0,0,161,244,,,
skill_3168,3168,?????????? ????,3168,1,1,1,18,1,0,0,0,0,0,0,0,0,0,0,0,0,0,17,0,0,0,0.0,0,6,519,523,0,0,0,0,0,0,0,0,0,0,0,0,0,0,0,0,0,0,0,0,0,0,97,103,100,322,100,1,0,0,0,0,161,244,,,
skill_3169,3169,?????????? ????,3169,1,1,1,18,1,0,0,0,0,0,0,0,0,0,0,0,0,0,17,0,0,0,0.0,0,42,520,520,0,0,0,0,0,0,0,0,0,0,0,0,0,0,0,0,0,0,0,0,0,0,97,103,100,322,100,1,0,0,0,0,161,244,,,
skill_3170,3170,?????????? ????,3170,1,1,1,18,1,0,0,0,0,0,0,0,0,0,0,0,0,0,17,0,0,0,0.0,0,60,529,507,0,0,0,0,0,0,0,0,0,0,0,0,0,0,0,0,0,0,0,0,0,0,97,103,100,322,100,1,0,0,0,0,161,244,,,
skill_3171,3171,Para Dance [Basic],3171,1,0,0,10,0,1,1200,0,0,0,0,0,0,0,0,0,0,0,0,0,0,0,0.0,0,76,30,0,0,0,0,0,0,0,0,0,0,0,0,0,0,0,0,0,0,0,0,0,0,0,68,41,100,51,100,0,0,0,0,0,0,0,,,
skill_3172,3172,Para Dance [Practical],3172,1,0,0,10,0,1,1200,0,0,0,0,0,0,0,0,0,0,0,0,0,0,0,0.0,0,76,35,0,0,0,0,0,0,0,0,0,0,0,0,0,0,0,0,0,0,0,0,0,0,0,68,41,100,52,100,0,0,0,0,0,0,0,,,
skill_3173,3173,Para Dance [Intermediate],3173,1,0,0,10,0,1,1200,0,0,0,0,0,0,0,0,0,0,0,0,0,0,0,0.0,0,76,40,0,0,0,0,0,0,0,0,0,0,0,0,0,0,0,0,0,0,0,0,0,0,0,68,41,100,53,100,0,0,0,0,0,0,0,,,
skill_3174,3174,Para Dance [Refined],3174,1,0,0,10,0,1,1200,0,0,0,0,0,0,0,0,0,0,0,0,0,0,0,0.0,0,76,50,0,0,0,0,0,0,0,0,0,0,0,0,0,0,0,0,0,0,0,0,0,0,0,68,41,100,54,100,0,0,0,0,0,0,0,,,
skill_3175,3175,Funky Dance [Basic],3175,1,0,0,10,0,1,1200,0,0,0,0,0,0,0,0,0,0,0,0,0,0,0,0.0,0,76,60,0,0,0,0,0,0,0,0,0,0,0,0,0,0,0,0,0,0,0,0,0,0,0,68,41,100,55,100,0,0,0,0,0,0,0,,,
skill_3176,3176,Funky Dance [Intermediate],3176,1,0,0,10,0,1,1200,0,0,0,0,0,0,0,0,0,0,0,0,0,0,0,0.0,0,76,70,0,0,0,0,0,0,0,0,0,0,0,0,0,0,0,0,0,0,0,0,0,0,0,68,41,100,56,100,0,0,0,0,0,0,0,,,
skill_3177,3177,Rhumba (M),3177,1,0,0,10,0,1,0,0,0,0,0,0,0,0,0,0,0,0,0,0,0,0,0.0,0,0,0,0,0,0,0,0,0,0,0,0,0,0,0,0,0,0,0,0,0,0,0,0,0,0,68,31,100,57,100,0,0,0,0,0,0,0,,,
skill_3178,3178,Waltz (M),3178,1,0,0,10,0,1,0,0,0,0,0,0,0,0,0,0,0,0,0,0,0,0,0.0,0,0,0,0,0,0,0,0,0,0,0,0,0,0,0,0,0,0,0,0,0,0,0,0,0,0,68,31,100,59,100,0,0,0,0,0,0,0,,,
skill_3179,3179,Jive (M),3179,1,0,0,10,0,1,0,0,0,0,0,0,0,0,0,0,0,0,0,0,0,0,0.0,0,0,0,0,0,0,0,0,0,0,0,0,0,0,0,0,0,0,0,0,0,0,0,0,0,0,68,31,100,61,100,0,0,0,0,0,0,0,,,
skill_3180,3180,Cha-Cha (M),3180,1,0,0,10,0,1,0,0,0,0,0,0,0,0,0,0,0,0,0,0,0,0,0.0,0,0,0,0,0,0,0,0,0,0,0,0,0,0,0,0,0,0,0,0,0,0,0,0,0,0,68,31,100,63,100,0,0,0,0,0,0,0,,,
skill_3181,3181,Ice Charm,3181,1,40,0,17,0,10,3000,500,0,17,0,9,0,1,0,50,60,2,76,5000,0,0,3.9,0,24,0,60,0,0,0,0,0,0,0,0,0,0,0,0,0,0,0,0,0,0,0,0,0,0,201,115,100,172,100,1,0,0,1576,0,0,1310,,,
skill_3182,3182,Spark Charm,3182,1,40,0,17,0,10,2000,400,0,32,0,24,0,1,0,40,40,2,76,5000,0,0,3.9,0,0,0,0,0,0,0,0,0,0,0,0,0,0,0,0,0,0,0,0,0,0,0,0,0,0,201,115,100,172,100,1,264,90,1572,0,0,1634,,,
skill_3183,3183,Blood Charm,3183,1,40,0,17,0,10,3000,900,0,0,0,0,0,0,0,0,0,2,76,5000,0,0,3.9,0,0,0,0,0,0,0,0,0,0,0,0,0,0,0,0,0,0,0,0,0,0,0,0,0,0,201,115,100,172,100,1,0,0,1574,0,0,1124,,,
skill_3184,3184,Rhumba (F),3184,1,0,0,10,0,1,0,0,0,0,0,0,0,0,0,0,0,0,0,0,0,0,0.0,0,0,0,0,0,0,0,0,0,0,0,0,0,0,0,0,0,0,0,0,0,0,0,0,0,0,68,31,100,58,100,0,0,0,0,0,0,0,,,
skill_3185,3185,Waltz (F),3185,1,0,0,10,0,1,0,0,0,0,0,0,0,0,0,0,0,0,0,0,0,0,0.0,0,0,0,0,0,0,0,0,0,0,0,0,0,0,0,0,0,0,0,0,0,0,0,0,0,0,68,31,100,60,100,0,0,0,0,0,0,0,,,
skill_3186,3186,Jive (F),3186,1,0,0,10,0,1,0,0,0,0,0,0,0,0,0,0,0,0,0,0,0,0,0.0,0,0,0,0,0,0,0,0,0,0,0,0,0,0,0,0,0,0,0,0,0,0,0,0,0,0,68,31,100,62,100,0,0,0,0,0,0,0,,,
skill_3187,3187,Cha-Cha (F),3187,1,0,0,10,0,1,0,0,0,0,0,0,0,0,0,0,0,0,0,0,0,0,0.0,0,0,0,0,0,0,0,0,0,0,0,0,0,0,0,0,0,0,0,0,0,0,0,0,0,0,68,31,100,64,100,0,0,0,0,0,0,0,,,
skill_3196,3196,Return to Normal (All),3210,1,0,0,12,0,8,6000,0,0,39,0,32,0,0,0,200,2,0,76,0,0,0,2.7,0,0,0,0,0,0,0,0,0,0,0,0,0,0,0,0,3220,1,0,0,0,0,0,0,0,0,22,112,100,151,100,0,221,90,141,0,1752,1501,LSKILL3210,Return to Normal (All),Return player status to normal.
skill_3197,3197,HEAL ALL (HP/MP),3201,1,0,0,10,0,3,6000,0,0,0,0,0,0,0,0,200,0,0,76,0,0,0,2.7,0,16,5000,0,17,5000,0,0,0,0,0,0,0,0,0,0,3220,1,0,0,0,0,0,0,0,0,41,112,100,151,100,0,221,90,141,0,1752,1501,LSKILL3201,Healing (All),Restore Player HP/MP
skill_3198,3198,ADD DMG,3198,1,0,0,8,0,3,500,50,0,36,35,28,27,0,0,200,2000,0,76,0,0,0,2.7,0,0,0,0,0,0,0,0,0,0,0,0,0,0,0,0,3221,1,0,0,0,0,0,0,0,0,63,112,100,151,100,0,221,90,141,0,1752,1501,LSKILL3223,Additional Damage (All),Additional Damage (All)
skill_3199,3199,HP+MP,3199,1,0,0,8,0,3,500,0,0,12,13,4,5,0,0,200,2000,0,76,0,0,0,2.7,0,38,2000,0,39,2000,0,0,0,0,0,0,0,0,0,0,3221,1,0,0,0,0,0,0,0,0,63,112,100,151,100,0,221,90,141,0,1752,1501,LSKILL3222,HP/MP (All),HP/MP (All)
skill_3200,3200,STORM charm test,3200,1,40,0,17,0,10,3000,1100,0,23,0,15,0,1,0,58,0,2,0,0,0,0,3.9,0,0,0,0,0,0,0,0,0,0,0,0,0,0,0,0,0,0,0,0,0,0,0,0,0,0,201,115,100,172,100,1,0,0,1574,0,0,1669,,,
skill_3202,3202,AP+HIT,3202,1,0,0,8,0,3,500,0,0,18,24,10,16,0,0,200,2000,0,76,0,0,0,2.7,0,18,1000,0,20,1000,0,0,0,0,0,0,0,0,0,0,3221,1,0,0,0,0,0,0,0,0,63,112,100,151,100,0,221,90,141,0,1752,1501,LSKILL3202,Atk Power/Hitting Rate (All),Increase player attack and hitting rate.
skill_3203,3203,DEF+MR,3203,1,0,0,8,0,3,500,0,0,20,22,12,14,0,0,200,2000,0,76,0,0,0,2.7,0,19,1000,0,21,1000,0,0,0,0,0,0,0,0,0,0,3221,1,0,0,0,0,0,0,0,0,63,112,100,151,100,0,221,90,141,0,1752,1501,LSKILL3203,Defense/Magic Resist (All),Increase player defense and magic resistance
skill_3204,3204,MSPD+DR,3205,1,0,0,8,0,3,500,0,0,14,28,6,20,0,0,200,2000,0,76,0,0,0,2.7,0,23,1000,0,22,1000,0,0,0,0,0,0,0,0,0,0,3221,1,0,0,0,0,0,0,0,0,63,112,100,151,100,0,221,90,141,0,1752,1501,LSKILL3205,Rapid Run/Dodge Rate (All),Increase player movement and dodge rate.
skill_3205,3205,HASTE+CRIT,3204,1,0,0,8,0,3,500,0,0,16,26,8,18,0,0,200,2000,0,76,0,0,0,2.7,0,24,200,0,26,1000,0,0,0,0,0,0,0,0,0,0,3221,1,0,0,0,0,0,0,0,0,63,112,100,151,100,0,221,90,141,0,1752,1501,LSKILL3204,Haste/Critical (All),Increase player haste and critical attack.
skill_3206,3206,HASTE+CRIT,3208,1,0,0,8,0,3,1000,0,0,16,26,8,18,0,0,200,2,0,76,0,0,0,2.7,0,24,34,0,26,57,0,0,0,0,0,0,0,0,0,0,3220,1,0,0,0,0,0,0,0,0,107,112,100,151,100,0,221,90,141,0,1752,1501,LSKILL3204,Haste/Critical (All),Increase player haste and critical attack.
skill_3207,3207,DEF+MR,3207,1,0,0,8,0,3,1000,0,0,20,22,12,14,0,0,200,2,0,76,0,0,0,2.7,0,19,85,0,21,130,0,0,0,0,0,0,0,0,0,0,3220,1,0,0,0,0,0,0,0,0,102,112,100,151,100,0,221,90,141,0,1752,1501,LSKILL3203,Defense/Magic Resist (All),Increase player defense and magic resistance
skill_3208,3208,AP+HIT,3206,1,0,0,8,0,3,1000,0,0,18,24,10,16,0,0,200,2,0,76,0,0,0,2.7,0,18,70,0,20,80,0,0,0,0,0,0,0,0,0,0,3220,1,0,0,0,0,0,0,0,0,86,112,100,151,100,0,221,90,141,0,1752,1501,LSKILL3202,Atk Power/Hitting Rate (All),Increase player attack and hitting rate.
skill_3209,3209,MSPD+DR,3209,1,0,0,8,0,3,1000,0,0,14,28,6,20,0,0,200,2,0,76,0,0,0,2.7,0,23,200,0,22,70,0,0,0,0,0,0,0,0,0,0,3220,1,0,0,0,0,0,0,0,0,81,112,100,151,100,0,221,90,141,0,1752,1501,LSKILL3205,Rapid Run/Dodge Rate (All),Increase player movement and dodge rate.
skill_3211,3211,ADD DMG,3211,1,0,0,8,0,3,1000,30,0,36,35,28,27,0,0,200,2,0,76,0,0,0,2.7,0,0,0,0,0,0,0,0,0,0,0,0,0,0,0,0,3220,1,0,0,0,0,0,0,0,0,87,112,100,151,100,0,221,90,141,0,1752,1501,LSKILL3223,Additional Damage (All),Additional Damage (All)
skill_3212,3212,HP+MP,3212,1,0,0,8,0,3,1000,0,0,12,13,4,5,0,0,200,2,0,76,0,0,0,2.7,0,38,800,0,39,400,0,0,0,0,0,0,0,0,0,0,3220,1,0,0,0,0,0,0,0,0,78,112,100,151,100,0,221,90,141,0,1752,1501,LSKILL3222,HP/MP (All),HP/MP (All)
skill_3214,3214,Faint (Target ALL),3215,1,0,0,13,4000,7,6000,1000,0,32,0,24,0,1,0,200,1200,0,76,0,0,0,2.7,0,0,0,0,0,0,0,0,0,0,0,0,0,0,0,0,3220,1,0,0,0,0,0,0,0,0,43,112,100,151,100,0,221,90,141,0,1752,1501,LSKILL3217,Faint (Target),Faint a player so they can't move.
skill_3215,3215,Faint (Target),3217,1,0,0,13,4000,8,0,0,0,32,0,24,0,1,0,0,1200,0,76,0,0,0,2.7,0,0,0,0,0,0,0,0,0,0,0,0,0,0,0,0,3220,1,0,0,0,0,0,0,0,0,43,112,100,151,100,0,221,90,141,0,1752,1501,LSKILL3217,Faint (Target),Faint a player so they can't move.
skill_3216,3216,PK PLAYER (Target),3216,1,0,0,6,4000,8,0,5000,0,58,0,3,0,1,0,0,1200,3,76,0,0,0,0.7,0,0,0,0,0,0,0,0,0,0,0,0,0,0,0,0,3220,0,0,0,0,0,0,0,0,0,138,101,200,94,100,1,261,90,145,0,1041,1304,LSKILL3216,Magic Attack (Target),Hit a player with a magic attack.
skill_3217,3217,Faint (Target),3217,1,0,0,13,4000,8,0,0,0,32,0,24,0,1,0,0,1200,0,76,0,0,0,2.7,0,0,0,0,0,0,0,0,0,0,0,0,0,0,0,0,3220,1,0,0,0,0,0,0,0,0,43,112,100,151,100,0,221,90,141,0,1752,1501,LSKILL3217,Faint (Target),Faint a player so they can't move.
skill_3218,3218,Dumb (Target),3218,1,0,0,13,4000,8,0,0,0,30,0,22,0,1,0,0,1200,0,76,0,0,0,2.7,0,0,0,0,0,0,0,0,0,0,0,0,0,0,0,0,3220,1,0,0,0,0,0,0,0,0,21,112,100,151,100,0,221,90,141,0,1752,1501,LSKILL3218,Dumb (Target),Make another player unable to use skills.
skill_3219,3219,return to normal,3219,1,0,0,13,4000,8,0,0,0,39,0,32,0,0,0,200,2,0,76,0,0,0,2.7,0,0,0,0,0,0,0,0,0,0,0,0,0,0,0,0,3220,1,0,0,0,0,0,0,0,0,21,112,100,151,100,0,221,90,141,0,1752,1501,LSKILL3219,,
skill_3220,3220,GM Skill Mastery,3220,1,0,2,15,0,0,0,0,0,0,0,0,0,0,0,0,0,0,0,0,0,0,0.0,0,0,0,0,0,0,0,0,0,0,0,0,0,0,0,0,0,0,0,0,0,0,0,0,0,0,136,0,0,0,0,0,0,0,0,0,0,0,LSKILL3220,GM Skill Mastery,GM Skill required to learn GM buffs.
skill_3221,3221,Developer Skill Mastery,3221,1,0,2,15,0,0,0,0,0,0,0,0,0,0,0,0,0,0,0,0,0,0,0.0,0,0,0,0,0,0,0,0,0,0,0,0,0,0,0,0,0,0,0,0,0,0,0,0,0,0,136,0,0,0,0,0,0,0,0,0,0,0,LSKILL3221,Developer Skill Mastery,GM Skill required to learn GM buffs.
skill_3225,3225,????????,3225,1,0,0,10,0,8,6000,0,0,0,0,0,0,0,0,200,300,0,76,100,0,0,19.9,0,17,300,0,0,0,0,0,0,0,0,0,0,0,0,0,0,0,0,0,0,0,0,0,0,0,68,41,100,53,100,0,0,0,0,0,0,0,,,
skill_3226,3226,???? ???? ????,3226,1,0,0,12,0,8,6000,0,0,37,0,30,0,1,0,200,300,0,17,1,0,0,2.7,0,0,0,0,0,0,0,0,0,0,0,0,0,0,0,0,3220,1,0,0,0,0,0,0,0,0,68,112,100,151,100,0,221,90,141,0,1752,1501,,,
skill_3227,3227,???? ???? ????,3227,1,0,0,12,0,8,6000,0,0,38,0,31,0,0,0,200,300,0,17,1,0,0,2.7,0,0,0,0,0,0,0,0,0,0,0,0,0,0,0,0,3220,1,0,0,0,0,0,0,0,0,68,112,100,151,100,0,221,90,141,0,1752,1501,,,
skill_3229,3229,Summon Baby Spike,3229,1,0,0,14,0,0,0,0,0,0,0,0,0,0,0,0,0,0,0,0,0,0,1.9,0,0,0,0,0,0,0,1476,2,0,0,0,0,0,0,0,0,0,0,0,0,0,0,0,0,0,133,118,100,155,100,1,221,90,0,0,0,0,LSkill3229,Summon Baby Spike,Summon a cute little puppy.
skill_3230,3230,Summon Spike,3229,2,9999,0,14,0,0,0,0,0,0,0,0,0,0,0,0,0,0,0,0,0,0,1.9,0,0,0,0,0,0,0,1477,2,0,0,0,0,0,0,0,0,0,0,0,0,0,0,0,0,0,133,118,100,155,100,1,221,90,0,0,0,0,LSkill3230,Summon Spike,Summon a dog to aid you in battle.
skill_3231,3231,Summon Mighty Spike,3229,3,9999,0,14,0,0,0,0,0,0,0,0,0,0,0,0,0,0,0,0,0,0,1.9,0,0,0,0,0,0,0,1478,2,0,0,0,0,0,0,0,0,0,0,0,0,0,0,0,0,0,133,118,100,155,100,1,221,90,0,0,0,0,LSkill3231,Summon Mighty Spike,Summon a mighty wolf to aid you in battle.
skill_3232,3232,Summon Spike the Destroyer,3229,4,9999,0,14,0,0,0,0,0,0,0,0,0,0,0,0,0,0,0,0,0,0,1.9,0,0,0,0,0,0,0,1479,2,0,0,0,0,0,0,0,0,0,0,0,0,0,0,0,0,0,133,118,100,155,100,1,221,90,0,0,0,0,LSkill3232,Summon Spike the Destroyer,Summon the legendary Spike the Destroyer.
skill_3234,3234,Summon Baby Fluffy,3234,1,0,0,14,0,0,0,0,0,0,0,0,0,0,0,0,0,0,0,0,0,0,1.9,0,0,0,0,0,0,0,1481,2,0,0,0,0,0,0,0,0,0,0,0,0,0,0,0,0,0,133,118,100,155,100,1,221,90,0,0,0,0,LSkill3234,Summon Baby Fluffy,Summon a cute little kitten.
skill_3235,3235,Summon Fluffy,3234,2,9999,0,14,0,0,0,0,0,0,0,0,0,0,0,0,0,0,0,0,0,0,1.9,0,0,0,0,0,0,0,1482,2,0,0,0,0,0,0,0,0,0,0,0,0,0,0,0,0,0,133,118,100,155,100,1,221,90,0,0,0,0,LSkill3235,Summon Fluffy,Summon a cat to aid you in battle.
skill_3236,3236,Summon Mystic Fluffy,3234,3,9999,0,14,0,0,0,0,0,0,0,0,0,0,0,0,0,0,0,0,0,0,1.9,0,0,0,0,0,0,0,1483,2,0,0,0,0,0,0,0,0,0,0,0,0,0,0,0,0,0,133,118,100,155,100,1,221,90,0,0,0,0,LSkill3236,Summon Mystic Fluffy,Summon a mystic lion to aid you in battle.
skill_3237,3237,Summon Fluffy the Sage,3234,4,9999,0,14,0,0,0,0,0,0,0,0,0,0,0,0,0,0,0,0,0,0,1.9,0,0,0,0,0,0,0,1484,2,0,0,0,0,0,0,0,0,0,0,0,0,0,0,0,0,0,133,118,100,155,100,1,221,90,0,0,0,0,LSkill3237,Summon Fluffy the Sage,Summon the legendary Fluffy the Sage.
skill_3239,3239,Summon Baby Melody,3239,1,0,0,14,0,0,0,0,0,0,0,0,0,0,0,0,0,0,0,0,0,0,1.9,0,0,0,0,0,0,0,1486,2,0,0,0,0,0,0,0,0,0,0,0,0,0,0,0,0,0,133,118,100,155,100,1,221,90,0,0,0,0,LSkill3239,Summon Baby Melody,Summon a cute baby girl.
skill_3240,3240,Summon Melody,3239,2,9999,0,14,0,0,0,0,0,0,0,0,0,0,0,0,0,0,0,0,0,0,1.9,0,0,0,0,0,0,0,1487,2,0,0,0,0,0,0,0,0,0,0,0,0,0,0,0,0,0,133,118,100,155,100,1,221,90,0,0,0,0,LSkill3240,Summon Melody,Summon a girl to aid you in battle.
skill_3241,3241,Summon Magical Melody,3239,3,9999,0,14,0,0,0,0,0,0,0,0,0,0,0,0,0,0,0,0,0,0,1.9,0,0,0,0,0,0,0,1488,2,0,0,0,0,0,0,0,0,0,0,0,0,0,0,0,0,0,133,118,100,155,100,1,221,90,0,0,0,0,LSkill3241,Summon Magical Melody,Summon a magical girl to support you in battle.
skill_3242,3242,Summon Melody the Divine,3239,4,9999,0,14,0,0,0,0,0,0,0,0,0,0,0,0,0,0,0,0,0,0,1.9,0,0,0,0,0,0,0,1489,2,0,0,0,0,0,0,0,0,0,0,0,0,0,0,0,0,0,133,118,100,155,100,1,221,90,0,0,0,0,LSkill3242,Summon Melody the Divine,Summon the legendary Melody the Divine.
skill_3244,3244,Summon Baby Max,3244,1,0,0,14,0,0,0,0,0,0,0,0,0,0,0,0,0,0,0,0,0,0,1.9,0,0,0,0,0,0,0,1491,2,0,0,0,0,0,0,0,0,0,0,0,0,0,0,0,0,0,133,118,100,155,100,1,221,90,0,0,0,0,LSkill3244,Summon Baby Max,Summon a cute baby boy.
skill_3245,3245,Summon Max,3244,2,9999,0,14,0,0,0,0,0,0,0,0,0,0,0,0,0,0,0,0,0,0,1.9,0,0,0,0,0,0,0,1492,2,0,0,0,0,0,0,0,0,0,0,0,0,0,0,0,0,0,133,118,100,155,100,1,221,90,0,0,0,0,LSkill3245,Summon Max,Summon a boy to aid you in battle.
skill_3246,3246,Summon Ultra Max,3244,3,9999,0,14,0,0,0,0,0,0,0,0,0,0,0,0,0,0,0,0,0,0,1.9,0,0,0,0,0,0,0,1493,2,0,0,0,0,0,0,0,0,0,0,0,0,0,0,0,0,0,133,118,100,155,100,1,221,90,0,0,0,0,LSkill3246,Summon Ultra Max,Summon a warrior to aid you in battle.
skill_3247,3247,Summon Max the Brave,3244,4,9999,0,14,0,0,0,0,0,0,0,0,0,0,0,0,0,0,0,0,0,0,1.9,0,0,0,0,0,0,0,1494,2,0,0,0,0,0,0,0,0,0,0,0,0,0,0,0,0,0,133,118,100,155,100,1,221,90,0,0,0,0,LSkill3247,Summon Max the Brave,Summon the legendary Max the Brave.
skill_3251,3251,Congratulation,3251,1,0,0,14,0,0,0,0,0,0,0,0,0,0,0,0,0,0,0,0,0,0,0.0,0,0,0,0,0,0,0,991,0,0,0,0,0,0,0,0,0,0,0,0,0,0,0,0,0,0,0,101,100,216,100,1,0,0,0,0,1801,110,,,
skill_3252,3252,Happy Birthday,3252,1,0,0,14,0,0,0,0,0,0,0,0,0,0,0,0,0,0,0,0,0,0,0.0,0,0,0,0,0,0,0,991,0,0,0,0,0,0,0,0,0,0,0,0,0,0,0,0,0,0,0,101,100,216,100,1,0,0,0,0,1801,110,,,
skill_3253,3253,Thank You,3253,1,0,0,14,0,0,0,0,0,0,0,0,0,0,0,0,0,0,0,0,0,0,0.0,0,0,0,0,0,0,0,991,0,0,0,0,0,0,0,0,0,0,0,0,0,0,0,0,0,0,0,101,100,216,100,1,0,0,0,0,1801,110,,,
skill_3254,3254,I Love You,3254,1,0,0,14,0,0,0,0,0,0,0,0,0,0,0,0,0,0,0,0,0,0,0.0,0,0,0,0,0,0,0,991,0,0,0,0,0,0,0,0,0,0,0,0,0,0,0,0,0,0,0,101,100,216,100,1,0,0,0,0,1801,110,,,
skill_3260,3260,Merry Christmas,3260,1,0,0,10,0,3,100,0,0,0,0,0,0,0,0,0,0,0,0,0,0,0,0.0,0,16,100,0,0,0,0,0,0,0,0,0,0,0,0,0,0,0,0,0,0,0,0,0,0,0,68,112,100,151,100,0,221,90,0,0,1752,1501,,,
skill_3261,3261,Congratulation,3261,1,0,0,10,0,3,100,0,0,0,0,0,0,0,0,0,0,0,0,0,0,0,0.0,0,16,100,0,0,0,0,0,0,0,0,0,0,0,0,0,0,0,0,0,0,0,0,0,0,0,68,112,100,151,100,0,221,90,0,0,1752,1501,,,
skill_3262,3262,Happy Birthday,3262,1,0,0,10,0,3,100,0,0,0,0,0,0,0,0,0,0,0,0,0,0,0,0.0,0,16,100,0,0,0,0,0,0,0,0,0,0,0,0,0,0,0,0,0,0,0,0,0,0,0,68,112,100,151,100,0,221,90,0,0,1752,1501,,,
skill_3263,3263,Thank You,3263,1,0,0,10,0,3,100,0,0,0,0,0,0,0,0,0,0,0,0,0,0,0,0.0,0,16,100,0,0,0,0,0,0,0,0,0,0,0,0,0,0,0,0,0,0,0,0,0,0,0,68,112,100,151,100,0,221,90,0,0,1752,1501,,,
skill_3264,3264,I Love You,3264,1,0,0,10,0,3,100,0,0,0,0,0,0,0,0,0,0,0,0,0,0,0,0.0,0,16,100,0,0,0,0,0,0,0,0,0,0,0,0,0,0,0,0,0,0,0,0,0,0,0,68,112,100,151,100,0,221,90,0,0,1752,1501,,,
skill_3270,3270,Merry Christmas,3270,1,0,0,10,0,3,100,0,0,0,0,0,0,0,0,0,0,0,0,0,0,0,0.0,0,16,100,0,0,0,0,0,0,0,0,0,0,0,0,0,0,0,0,0,0,0,0,0,0,0,68,112,100,151,100,0,221,90,0,0,1752,1501,,,
skill_3271,3271,????(??????????),3271,1,0,0,10,0,3,100,0,0,0,0,0,0,0,0,0,0,0,0,0,0,0,0.0,0,16,100,0,0,0,0,0,0,0,0,0,0,0,0,0,0,0,0,0,0,0,0,0,0,0,68,112,100,151,100,0,221,90,0,0,1752,1501,,,
skill_3272,3272,????(??????????),3272,1,0,0,10,0,3,100,0,0,0,0,0,0,0,0,0,0,0,0,0,0,0,0.0,0,16,100,0,0,0,0,0,0,0,0,0,0,0,0,0,0,0,0,0,0,0,0,0,0,0,68,112,100,151,100,0,221,90,0,0,1752,1501,,,
skill_3273,3273,????(??????????),3273,1,0,0,10,0,3,100,0,0,0,0,0,0,0,0,0,0,0,0,0,0,0,0.0,0,16,100,0,0,0,0,0,0,0,0,0,0,0,0,0,0,0,0,0,0,0,0,0,0,0,68,112,100,151,100,0,221,90,0,0,1752,1501,,,
skill_3274,3274,????(??????????),3274,1,0,0,10,0,3,100,0,0,0,0,0,0,0,0,0,0,0,0,0,0,0,0.0,0,16,100,0,0,0,0,0,0,0,0,0,0,0,0,0,0,0,0,0,0,0,0,0,0,0,68,112,100,151,100,0,221,90,0,0,1752,1501,,,
skill_3275,3275,????(??????????),3275,1,0,0,10,0,3,100,0,0,0,0,0,0,0,0,0,0,0,0,0,0,0,0.0,0,16,100,0,0,0,0,0,0,0,0,0,0,0,0,0,0,0,0,0,0,0,0,0,0,0,68,112,100,151,100,0,221,90,0,0,1752,1501,,,
skill_3276,3276,????(??????????),3276,1,0,0,10,0,3,100,0,0,0,0,0,0,0,0,0,0,0,0,0,0,0,0.0,0,16,100,0,0,0,0,0,0,0,0,0,0,0,0,0,0,0,0,0,0,0,0,0,0,0,68,112,100,151,100,0,221,90,0,0,1752,1501,,,
skill_3277,3277,????(??????????),3277,1,0,0,10,0,3,100,0,0,0,0,0,0,0,0,0,0,0,0,0,0,0,0.0,0,16,100,0,0,0,0,0,0,0,0,0,0,0,0,0,0,0,0,0,0,0,0,0,0,0,68,112,100,151,100,0,221,90,0,0,1752,1501,,,
skill_3278,3278,????(??????????),3278,1,0,0,10,0,3,100,0,0,0,0,0,0,0,0,0,0,0,0,0,0,0,0.0,0,16,100,0,0,0,0,0,0,0,0,0,0,0,0,0,0,0,0,0,0,0,0,0,0,0,68,112,100,151,100,0,221,90,0,0,1752,1501,,,
skill_3279,3279,????(??????????),3279,1,0,0,10,0,3,100,0,0,0,0,0,0,0,0,0,0,0,0,0,0,0,0.0,0,16,100,0,0,0,0,0,0,0,0,0,0,0,0,0,0,0,0,0,0,0,0,0,0,0,68,112,100,151,100,0,221,90,0,0,1752,1501,,,
skill_3281,3281,?????? ????(??),3281,1,60,1,12,0,0,0,50,0,54,0,28,0,2,0,0,600,0,0,0,0,0,0.0,0,0,0,0,0,0,0,0,2,0,0,0,0,0,0,0,0,0,0,0,0,0,0,0,0,0,127,114,100,153,100,1,0,0,0,0,1754,0,,,
skill_3282,3282,???? ????(??),3282,1,50,1,8,0,0,0,0,0,49,50,12,14,2,2,0,600,0,0,0,0,0,0.0,0,19,0,30,21,0,30,0,2,0,0,0,0,0,0,0,0,0,0,0,0,0,0,0,0,0,127,114,100,153,100,1,0,0,0,0,1754,0,,,
skill_3283,3283,?????? ????(??),3283,1,50,1,8,0,0,0,0,0,46,47,6,8,2,2,0,600,0,0,0,0,0,0.0,0,23,0,50,24,0,50,0,2,0,0,0,0,0,0,0,0,0,0,0,0,0,0,0,0,0,127,114,100,153,100,1,0,0,0,0,1754,0,,,
skill_3284,3284,HP&MP ????(??),3284,1,50,1,8,0,0,0,0,0,44,45,4,5,2,2,0,600,0,0,0,0,0,0.0,0,38,100,50,39,50,50,0,2,0,0,0,0,0,0,0,0,0,0,0,0,0,0,0,0,0,127,114,100,153,100,1,0,0,0,0,1754,0,,,
skill_3285,3285,??????,3285,1,0,0,10,0,3,100,0,0,0,0,0,0,0,0,0,0,0,0,0,0,0,0.0,0,0,0,0,0,0,0,0,0,0,0,0,0,0,0,0,0,0,0,0,0,0,0,0,0,0,68,112,100,151,100,0,221,9,0,0,1752,1501,,,
skill_3286,3286,??????,3286,1,0,0,10,0,3,100,0,0,0,0,0,0,0,0,0,0,0,0,0,0,0,0.0,0,0,0,0,0,0,0,0,0,0,0,0,0,0,0,0,0,0,0,0,0,0,0,0,0,0,68,112,100,151,100,0,221,9,0,0,1752,1501,,,
skill_3287,3287,????,3287,1,0,0,10,0,3,100,0,0,0,0,0,0,0,0,0,0,0,0,0,0,0,0.0,0,0,0,0,0,0,0,0,0,0,0,0,0,0,0,0,0,0,0,0,0,0,0,0,0,0,68,112,100,151,100,0,221,9,0,0,1752,1501,,,
skill_3288,3288,??,3288,1,0,0,10,0,3,100,0,0,0,0,0,0,0,0,0,0,0,0,0,0,0,0.0,0,0,0,0,0,0,0,0,0,0,0,0,0,0,0,0,0,0,0,0,0,0,0,0,0,0,68,112,100,151,100,0,221,9,0,0,1752,1501,,,
skill_3289,3289,????????,3289,1,0,0,10,0,3,100,0,0,0,0,0,0,0,0,0,0,0,0,0,0,0,0.0,0,0,0,0,0,0,0,0,0,0,0,0,0,0,0,0,0,0,0,0,0,0,0,0,0,0,68,112,100,151,100,0,221,9,0,0,1752,1501,,,
skill_3291,3291,???????? ?????? - ?????? ???? ????,3291,1,1,1,18,1,0,0,0,0,0,0,0,0,0,0,0,0,0,17,0,0,0,0.0,0,31,552,545,0,0,0,0,0,0,0,0,0,0,0,0,0,0,0,0,0,0,0,0,0,0,97,103,100,322,100,1,0,0,0,0,161,244,,,
skill_3292,3292,???????? ?????? - ?????? ???? ????,3292,1,1,1,18,1,0,0,0,0,0,0,0,0,0,0,0,0,0,17,0,0,0,0.0,0,25,550,553,0,0,0,0,0,0,0,0,0,0,0,0,0,0,0,0,0,0,0,0,0,0,97,103,100,322,100,1,0,0,0,0,161,244,,,
skill_3293,3293,???????? ?????? - ?????? ????,3293,1,1,1,18,1,0,0,0,0,0,0,0,0,0,0,0,0,0,17,0,0,0,0.0,0,24,552,537,0,0,0,0,0,0,0,0,0,0,0,0,0,0,0,0,0,0,0,0,0,0,97,103,100,322,100,1,0,0,0,0,161,244,,,
skill_3294,3294,???????? ?????? - ?????? ????,3294,1,1,1,18,1,0,0,0,0,0,0,0,0,0,0,0,0,0,17,0,0,0,0.0,0,28,530,510,0,0,0,0,0,0,0,0,0,0,0,0,0,0,0,0,0,0,0,0,0,0,97,103,100,322,100,1,0,0,0,0,161,244,,,
skill_3295,3295,???????? ?????? - ?????? ????,3295,1,1,1,18,3,0,0,0,0,0,0,0,0,0,0,0,0,0,17,0,0,0,0.0,0,62,584,517,0,0,0,0,0,0,0,0,0,0,0,0,0,0,0,0,0,0,0,0,0,0,97,103,100,322,100,1,0,0,0,0,161,244,,,
skill_3296,3296,???????? ?????? - ?????? ????,3296,1,1,1,18,3,0,0,0,0,0,0,0,0,0,0,0,0,0,17,0,0,0,0.0,0,63,539,443,0,0,0,0,0,0,0,0,0,0,0,0,0,0,0,0,0,0,0,0,0,0,97,103,100,322,100,1,0,0,0,0,161,244,,,
skill_3297,3297,Happy New Year,3297,1,0,0,10,0,3,100,0,0,0,0,0,0,0,0,0,0,0,0,0,0,0,0.0,0,16,100,0,0,0,0,0,0,0,0,0,0,0,0,0,0,0,0,0,0,0,0,0,0,0,68,112,100,151,100,0,221,90,0,0,1752,1501,,,
skill_3298,3298,Halloween,3298,1,0,0,10,0,3,100,0,0,0,0,0,0,0,0,0,0,0,0,0,0,0,0.0,0,16,100,0,0,0,0,0,0,0,0,0,0,0,0,0,0,0,0,0,0,0,0,0,0,0,68,112,100,151,100,0,221,90,0,0,1752,1501,,,
skill_3299,3299,Halloween,3299,1,0,0,10,0,3,100,0,0,0,0,0,0,0,0,0,0,0,0,0,0,0,0.0,0,16,100,0,0,0,0,0,0,0,0,0,0,0,0,0,0,0,0,0,0,0,0,0,0,0,68,112,100,151,100,0,221,90,0,0,1752,1501,,,
skill_3300,3300,Halloween,3300,1,0,0,10,0,3,100,0,0,0,0,0,0,0,0,0,0,0,0,0,0,0,0.0,0,16,100,0,0,0,0,0,0,0,0,0,0,0,0,0,0,0,0,0,0,0,0,0,0,0,68,112,100,151,100,0,221,90,0,0,1752,1501,,,
skill_3301,3301,Valentines,3301,1,0,0,10,0,3,100,0,0,0,0,0,0,0,0,0,0,0,0,0,0,0,0.0,0,16,100,0,0,0,0,0,0,0,0,0,0,0,0,0,0,0,0,0,0,0,0,0,0,0,68,112,100,151,100,0,221,90,0,0,1752,1501,,,
skill_3310,3310,Alek surge,3310,5,100,1,3,0,5,0,350,1,58,32,3,24,1,1,0,7,1,17,68,0,0,10.9,0,0,0,0,0,0,0,0,1,211,212,221,222,223,0,0,0,0,0,0,0,0,0,0,0,0,379,606,150,608,120,1,0,0,1551,0,1366,1366,LSkill0104,ETC Trigger Surge,ETC iROSE 2nd Soldier Fencing Skill.
skill_3311,3311,Alek pulse,3311,5,100,1,3,0,5,0,280,1,32,0,24,0,1,0,0,5,1,17,124,0,0,9.9,0,0,0,0,0,0,0,0,1,211,212,221,222,223,0,0,0,0,0,0,0,0,0,0,0,0,385,614,150,616,120,1,0,0,67,0,1036,1035,LSkill0106,ETC Strike Pulse,ETC iROSE 2nd Soldier Fencing Skill.
skill_3312,3312,Alek Heal,3312,10,62,1,10,0,1,4000,0,0,38,0,31,0,0,0,0,1,0,17,85,0,0,0.1,0,16,1000,0,0,0,0,0,0,0,0,0,0,0,0,0,0,0,0,0,0,0,0,0,0,0,68,112,100,151,100,0,221,90,0,0,1752,1508,LSkill0921,Healing,You can recover your and your party member's HP at the same time
skill_3320,3320,Para Dance [Basic],3320,1,0,0,10,0,1,1200,0,0,0,0,0,0,0,0,0,0,0,0,0,0,0,0.0,0,76,30,0,0,0,0,0,0,0,0,0,0,0,0,0,0,0,0,0,0,0,0,0,0,0,68,20,100,78,100,0,0,0,0,0,0,0,,,
skill_3321,3321,Para Dance [Basic],3321,1,0,0,10,0,1,1200,0,0,0,0,0,0,0,0,0,0,0,0,0,0,0,0.0,0,76,30,0,0,0,0,0,0,0,0,0,0,0,0,0,0,0,0,0,0,0,0,0,0,0,68,20,100,79,100,0,0,0,0,0,0,0,,,
skill_3322,3322,Para Dance [Basic],3322,1,0,0,10,0,1,1200,0,0,0,0,0,0,0,0,0,0,0,0,0,0,0,0.0,0,76,30,0,0,0,0,0,0,0,0,0,0,0,0,0,0,0,0,0,0,0,0,0,0,0,68,20,100,80,100,0,0,0,0,0,0,0,,,
skill_3323,3323,Para Dance [Basic],3323,1,0,0,10,0,1,1200,0,0,0,0,0,0,0,0,0,0,0,0,0,0,0,0.0,0,76,30,0,0,0,0,0,0,0,0,0,0,0,0,0,0,0,0,0,0,0,0,0,0,0,68,20,100,81,100,0,0,0,0,0,0,0,,,
skill_3324,3324,Para Dance [Basic],3324,1,0,0,10,0,1,1200,0,0,0,0,0,0,0,0,0,0,0,0,0,0,0,0.0,0,76,30,0,0,0,0,0,0,0,0,0,0,0,0,0,0,0,0,0,0,0,0,0,0,0,68,20,100,82,100,0,0,0,0,0,0,0,,,
skill_3325,3325,Para Dance [Basic],3325,1,0,0,10,0,1,1200,0,0,0,0,0,0,0,0,0,0,0,0,0,0,0,0.0,0,76,30,0,0,0,0,0,0,0,0,0,0,0,0,0,0,0,0,0,0,0,0,0,0,0,68,20,100,83,100,0,0,0,0,0,0,0,,,
skill_3326,3326,Para Dance [Basic],3326,1,0,0,10,0,1,1200,0,0,0,0,0,0,0,0,0,0,0,0,0,0,0,0.0,0,76,30,0,0,0,0,0,0,0,0,0,0,0,0,0,0,0,0,0,0,0,0,0,0,0,68,20,100,84,100,0,0,0,0,0,0,0,,,
skill_3327,3327,Para Dance [Basic],3327,1,0,0,10,0,1,1200,0,0,0,0,0,0,0,0,0,0,0,0,0,0,0,0.0,0,76,30,0,0,0,0,0,0,0,0,0,0,0,0,0,0,0,0,0,0,0,0,0,0,0,68,20,100,85,100,0,0,0,0,0,0,0,,,
skill_3328,3328,Para Dance [Basic],3328,1,0,0,10,0,1,1200,0,0,0,0,0,0,0,0,0,0,0,0,0,0,0,0.0,0,76,30,0,0,0,0,0,0,0,0,0,0,0,0,0,0,0,0,0,0,0,0,0,0,0,68,20,100,86,100,0,0,0,0,0,0,0,,,
skill_3329,3329,Para Dance [Basic],3329,1,0,0,10,0,1,1200,0,0,0,0,0,0,0,0,0,0,0,0,0,0,0,0.0,0,76,30,0,0,0,0,0,0,0,0,0,0,0,0,0,0,0,0,0,0,0,0,0,0,0,68,20,100,87,100,0,0,0,0,0,0,0,,,
skill_3361,3361,cactar,3161,0,0,0,17,0,5,3000,200,0,30,0,22,0,1,0,200,5,4,0,0,0,0,0.0,0,0,0,0,0,0,0,0,2,0,0,0,0,0,0,0,0,0,0,0,0,0,0,0,0,0,0,7,100,9,100,0,0,0,0,0,0,0,,,
skill_3362,3362,cactar,3162,0,0,0,12,0,5,3000,200,0,10,0,3,0,1,0,200,20,0,0,0,0,0,0.0,0,0,0,0,0,0,0,0,2,0,0,0,0,0,0,0,0,0,0,0,0,0,0,0,0,0,84,9,100,7,100,0,221,436,0,0,0,0,,,
skill_3363,3363,cactar,3163,0,0,0,17,0,5,3000,200,0,30,0,22,0,1,0,200,5,4,0,0,0,0,0.0,0,0,0,0,0,0,0,0,2,0,0,0,0,0,0,0,0,0,0,0,0,0,0,0,0,0,0,7,100,9,100,0,0,0,0,0,0,0,,,
skill_3364,3364,cactar,3164,0,0,0,12,0,5,3000,200,0,10,0,3,0,1,0,200,20,0,0,0,0,0,0.0,0,0,0,0,0,0,0,0,2,0,0,0,0,0,0,0,0,0,0,0,0,0,0,0,0,0,84,9,100,7,100,0,221,436,0,0,0,0,,,
skill_3401,3401,Numbing Stomp,3401,0,0,3,15,0,0,0,0,0,0,0,0,0,0,0,0,0,0,0,0,0,0,0.0,0,0,0,0,0,0,0,0,0,0,0,0,0,0,0,0,0,0,0,0,0,0,0,0,0,0,26,0,0,0,0,0,0,0,0,0,0,0,LSkill3401,,
skill_3402,3402,Dance of the Blind,3402,0,0,3,15,0,0,0,0,0,0,0,0,0,0,0,0,0,0,0,0,0,0,0.0,0,0,0,0,0,0,0,0,0,0,0,0,0,0,0,0,0,0,0,0,0,0,0,0,0,0,26,0,0,0,0,0,0,0,0,0,0,0,LSkill3402,,
skill_3403,3403,Blinding Hora,3403,0,0,3,15,0,0,0,0,0,0,0,0,0,0,0,0,0,0,0,0,0,0,0.0,0,0,0,0,0,0,0,0,0,0,0,0,0,0,0,0,0,0,0,0,0,0,0,0,0,0,26,0,0,0,0,0,0,0,0,0,0,0,LSkill3403,,
skill_3404,3404,Dance of Confusion,3404,0,0,3,15,0,0,0,0,0,0,0,0,0,0,0,0,0,0,0,0,0,0,0.0,0,0,0,0,0,0,0,0,0,0,0,0,0,0,0,0,0,0,0,0,0,0,0,0,0,0,26,0,0,0,0,0,0,0,0,0,0,0,LSkill3404,,
skill_3405,3405,Confusing Stomp,3405,0,0,3,15,0,0,0,0,0,0,0,0,0,0,0,0,0,0,0,0,0,0,0.0,0,0,0,0,0,0,0,0,0,0,0,0,0,0,0,0,0,0,0,0,0,0,0,0,0,0,26,0,0,0,0,0,0,0,0,0,0,0,LSkill3405,,
skill_3411,3411,Slowing Symphony,3411,1,0,3,15,0,0,0,0,0,0,0,0,0,0,0,0,0,0,0,0,0,0,0.0,0,0,0,0,0,0,0,0,0,0,0,0,0,0,0,0,0,0,0,0,0,0,0,0,0,0,26,0,0,0,0,0,0,0,0,0,0,0,LSkill3411,,
skill_3412,3412,Sonic Wave,3412,1,0,3,15,0,0,0,0,0,0,0,0,0,0,0,0,0,0,0,0,0,0,0.0,0,0,0,0,0,0,0,0,0,0,0,0,0,0,0,0,0,0,0,0,0,0,0,0,0,0,26,0,0,0,0,0,0,0,0,0,0,0,LSkill3412,,
skill_3416,3416,Venomous Kiss,3416,1,0,3,15,0,0,0,0,0,0,0,0,0,0,0,0,0,0,0,0,0,0,0.0,0,0,0,0,0,0,0,0,0,0,0,0,0,0,0,0,0,0,0,0,0,0,0,0,0,0,235,0,0,0,0,0,0,0,0,0,0,0,LSkill3416,,
skill_3417,3417,Silencing Spin,3417,1,0,3,15,0,0,0,0,0,0,0,0,0,0,0,0,0,0,0,0,0,0,0.0,0,0,0,0,0,0,0,0,0,0,0,0,0,0,0,0,0,0,0,0,0,0,0,0,0,0,235,0,0,0,0,0,0,0,0,0,0,0,LSkill3417,,
skill_3421,3421,Clan Battleground,3421,0,0,3,15,0,0,0,0,0,0,0,0,0,0,0,0,0,0,0,0,0,0,0.0,0,0,0,0,0,0,0,0,0,0,0,0,0,0,0,0,0,0,0,0,0,0,0,0,0,0,236,0,0,0,0,0,0,0,0,0,0,0,LSkill3421,Clan Battleground,You can use the Clan Battleground and earn Clan Funds.
skill_3431,3431,Clan Base Camp,3431,0,4320,3,15,0,0,0,0,0,0,0,0,0,0,0,0,0,0,0,0,0,0,0.0,0,0,0,0,0,0,0,0,0,0,0,0,0,0,0,0,0,0,0,0,0,0,0,0,0,0,234,0,0,0,0,0,0,0,0,0,0,0,LSkill3431,Clan Base Camp,You can use Clan base camp while you lease.
skill_3432,3432,Clan Base Camp,3432,0,4320,3,15,0,0,0,0,0,0,0,0,0,0,0,0,0,0,0,0,0,0,0.0,0,0,0,0,0,0,0,0,0,0,0,0,0,0,0,0,0,0,0,0,0,0,0,0,0,0,234,0,0,0,0,0,0,0,0,0,0,0,LSkill3432,Clan Base Camp,You can use Clan base camp while you lease.
skill_3500,3500,landmine,3500,0,0,0,17,0,5,2000,300,0,32,0,24,0,1,0,0,1,1,0,0,0,0,0.0,0,21,30,30,0,0,0,0,2,0,0,0,0,0,0,0,0,0,0,0,0,0,0,0,0,0,84,8,100,9,100,0,0,0,1228,0,389,111,,,
skill_3501,3501,??????????,3501,1,0,1,17,0,5,1200,60,1,0,0,0,0,0,0,0,0,1,77,100,0,0,15.9,0,0,0,0,0,0,0,0,2,512,0,0,0,0,0,0,0,0,0,0,0,0,0,0,0,0,40,311,100,313,100,1,0,0,139,0,0,1121,LSkill3501,Sand Storm,Call upon a sand storm to lower the evasion of surrounding enemies.
skill_3502,3502,??????????,3502,1,0,1,17,0,5,1400,70,1,0,0,0,0,0,0,0,0,1,77,200,0,0,15.9,0,0,0,0,0,0,0,0,2,512,0,0,0,0,0,0,0,0,0,0,0,0,0,0,0,0,40,311,100,313,100,1,0,0,139,0,0,1121,LSkill3502,Shield Breaker,Burst your energy around you causing your surrounding enemies to loose defense.
skill_3503,3503,??????????????(pen6),3503,0,0,0,3,0,5,0,250,1,0,0,0,0,0,0,0,0,4,0,0,0,0,0.0,0,0,0,0,0,0,0,0,1,0,0,0,0,0,0,0,0,0,0,0,0,0,0,0,0,0,25,8,100,9,100,1,0,0,67,0,1036,1035,,,
skill_3504,3504,??????????????(pen2),3504,0,0,0,3,0,5,0,300,1,0,0,0,0,0,0,0,0,4,0,0,0,0,0.0,0,0,0,0,0,0,0,0,1,0,0,0,0,0,0,0,0,0,0,0,0,0,0,0,0,0,25,8,100,9,100,1,0,0,67,0,1036,1035,,,
skill_3505,3505,??????????????(penegu),3505,0,0,0,8,0,0,0,0,0,20,0,12,0,0,0,200,28,0,0,0,0,0,0.0,0,19,0,15,0,0,0,0,2,0,0,0,0,0,0,0,0,0,0,0,0,0,0,0,0,0,84,6,100,7,100,0,0,0,0,0,0,0,,,
skill_3506,3506,??????(??????),3506,0,0,0,6,2800,5,0,220,0,0,0,0,0,0,0,0,0,5,0,0,0,0,0.0,0,0,0,0,0,0,0,0,1,0,0,0,0,0,0,0,0,0,0,0,0,0,0,0,0,0,84,8,100,9,100,0,425,133,0,0,385,1369,,,
skill_3507,3507,????????(??????),3507,0,0,0,6,2800,5,0,150,0,0,0,0,0,0,0,0,0,5,0,0,0,0,0.0,0,0,0,0,0,0,0,0,1,0,0,0,0,0,0,0,0,0,0,0,0,0,0,0,0,0,84,8,100,9,100,0,425,133,0,0,385,1369,,,
skill_3508,3508,????????????,3508,0,0,0,17,0,5,400,200,0,0,0,0,0,0,0,50,0,4,0,0,0,0,0.0,0,0,0,0,0,0,0,0,2,0,0,0,0,0,0,0,0,0,0,0,0,0,0,0,0,0,84,8,100,9,100,1,0,0,67,0,0,1125,,,
skill_3509,3509,????????????,3509,0,0,0,17,0,5,700,300,0,0,0,0,0,0,0,70,0,4,0,0,0,0,0.0,0,0,0,0,0,0,0,0,2,0,0,0,0,0,0,0,0,0,0,0,0,0,0,0,0,0,84,8,100,9,100,1,0,0,67,0,0,1125,,,
skill_3510,3510,????????????,3510,0,0,0,17,0,5,1000,400,0,0,0,0,0,0,0,90,0,4,0,0,0,0,0.0,0,0,0,0,0,0,0,0,2,0,0,0,0,0,0,0,0,0,0,0,0,0,0,0,0,0,84,8,100,9,100,1,0,0,67,0,0,1310,,,
skill_3511,3511,?????? ????,3511,1,0,1,6,2500,5,0,90,1,23,0,15,0,1,0,60,15,2,77,80,17,100,9.9,0,21,0,25,0,0,0,0,2,512,0,0,0,0,0,0,0,0,0,0,0,0,0,0,0,0,39,311,100,313,100,1,251,90,67,0,1603,1121,LSkill3511,,
skill_3512,3512,????????????,3512,0,0,0,8,0,0,0,0,0,14,0,6,0,0,0,100,3,0,0,0,0,0,0.0,0,23,0,300,0,0,0,0,2,0,0,0,0,0,0,0,0,0,0,0,0,0,0,0,0,0,84,6,100,7,0,0,0,0,0,0,0,0,,,
skill_3513,3513,????????3????,3513,0,0,0,3,0,5,0,300,1,0,0,0,0,0,0,0,0,4,0,0,0,0,0.0,0,0,0,0,0,0,0,0,1,0,0,0,0,0,0,0,0,0,0,0,0,0,0,0,0,0,32,8,100,9,125,3,0,0,67,0,1031,370,,,
skill_3514,3514,????????3????,3514,0,0,0,3,0,5,0,300,1,0,0,0,0,0,0,0,0,4,0,0,0,0,0.0,0,0,0,0,0,0,0,0,1,0,0,0,0,0,0,0,0,0,0,0,0,0,0,0,0,0,32,8,100,9,125,3,0,0,67,0,1031,370,,,
skill_3515,3515,??????????????,3515,0,0,0,8,0,0,0,0,0,18,0,10,0,0,0,70,20,0,0,0,0,0,0.0,0,18,0,25,0,0,0,0,2,0,0,0,0,0,0,0,0,0,0,0,0,0,0,0,0,0,84,6,100,7,0,0,0,0,0,0,0,0,,,
skill_3516,3516,????????????????,3516,0,0,0,13,2000,5,0,30,0,10,0,3,0,1,0,70,30,0,0,0,0,0,0.0,0,0,0,0,0,0,0,0,2,0,0,0,0,0,0,0,0,0,0,0,0,0,0,0,0,0,84,6,100,7,100,0,462,133,0,0,0,0,,,
skill_3517,3517,????????????????,3517,0,0,0,17,0,5,1000,300,0,0,0,0,0,0,0,90,0,4,0,0,0,0,0.0,0,0,0,0,0,0,0,0,2,0,0,0,0,0,0,0,0,0,0,0,0,0,0,0,0,0,84,8,100,9,100,0,0,0,0,0,0,1374,,,
skill_3518,3518,????????????,3518,0,0,0,3,0,5,0,250,1,0,0,0,0,0,0,0,0,4,0,0,0,0,0.0,0,0,0,0,0,0,0,0,1,0,0,0,0,0,0,0,0,0,0,0,0,0,0,0,0,0,25,8,100,9,100,1,0,0,67,0,1036,1311,,,
skill_3519,3519,????????(??????%),3519,0,0,0,9,1000,7,0,0,0,20,0,12,0,0,0,0,600,0,0,0,0,0,0.0,0,19,0,15,0,0,0,0,2,0,0,0,0,0,0,0,0,0,0,0,0,0,0,0,0,0,84,6,100,7,100,0,221,0,0,0,0,0,,,
skill_3520,3520,??????????????,321,1,1,1,8,0,0,0,0,0,18,29,10,21,0,1,0,15,0,17,15,0,0,39.9,0,18,0,10,22,0,20,0,2,0,0,0,0,0,0,0,0,0,0,0,0,0,31,40,0,0,29,341,100,343,100,0,221,90,0,0,1752,1501,,,
skill_3522,3522,????????????????,3522,0,0,0,17,0,5,700,120,0,0,0,0,0,0,0,70,0,4,0,0,0,0,0.0,0,0,0,0,0,0,0,0,2,0,0,0,0,0,0,0,0,0,0,0,0,0,0,0,0,0,84,8,100,9,100,1,0,0,67,0,1387,1125,,,
skill_3523,3523,????????????????,3523,0,0,0,17,0,5,700,120,0,0,0,0,0,0,0,70,0,4,0,0,0,0,0.0,0,0,0,0,0,0,0,0,2,0,0,0,0,0,0,0,0,0,0,0,0,0,0,0,0,0,84,8,100,9,100,1,0,0,67,0,1387,1125,,,
skill_3524,3524,??????????????,3524,0,0,0,17,0,5,700,120,0,0,0,0,0,0,0,70,0,4,0,0,0,0,0.0,0,0,0,0,0,0,0,0,2,0,0,0,0,0,0,0,0,0,0,0,0,0,0,0,0,0,84,8,100,9,100,1,0,0,67,0,1389,1125,,,
skill_3525,3525,????????(??),3525,0,0,0,3,0,5,0,200,1,0,0,0,0,0,0,0,0,4,0,0,0,0,0.0,0,0,0,0,0,0,0,0,1,0,0,0,0,0,0,0,0,0,0,0,0,0,0,0,0,0,25,8,100,9,100,2,0,0,67,0,0,1551,,,
skill_3526,3526,????????(??),3526,0,0,0,3,0,5,0,250,1,29,21,21,13,1,1,5,25,4,0,0,0,0,0.0,0,22,15,14,19,20,12,0,1,0,0,0,0,0,0,0,0,0,0,0,0,0,0,0,0,0,25,8,100,9,100,2,0,0,67,0,0,1551,,,
skill_3527,3527,??????????????,3527,0,0,0,3,0,5,0,190,1,0,0,0,0,0,0,0,3,4,0,0,0,0,0.0,0,0,0,0,0,0,0,0,1,0,0,0,0,0,0,0,0,0,0,0,0,0,0,0,0,0,25,8,100,9,100,1,0,0,67,0,1036,1035,,,
skill_3528,3528,?????? ????1,3528,0,0,0,8,0,0,0,0,0,24,0,16,0,0,0,0,0,0,0,0,0,0,0.0,0,0,0,0,0,0,0,0,2,0,0,0,0,0,0,0,0,0,0,0,0,0,0,0,0,0,84,6,100,7,100,0,0,0,0,0,0,5,,,
skill_3529,3529,?????? ????2,3529,0,0,0,8,0,0,0,0,0,24,0,16,0,0,0,0,0,0,0,0,0,0,0.0,0,0,0,0,0,0,0,0,2,0,0,0,0,0,0,0,0,0,0,0,0,0,0,0,0,0,84,6,100,9,100,0,0,0,0,0,0,5,,,
skill_3530,3530,?????? ??????(????????),3530,1,0,24,17,0,5,100,2,1,0,0,0,0,0,0,0,0,0,0,0,0,0,0.0,0,0,0,0,0,0,0,0,2,0,0,0,0,0,0,0,0,0,0,0,0,0,0,0,0,0,372,115,100,212,100,1,0,0,1555,0,0,1121,1,,
skill_3531,3531,?????? ??????(??????),3531,1,0,0,8,0,0,0,0,0,48,47,10,8,2,2,0,1200,0,0,0,0,0,0.0,0,18,100,100,0,0,0,0,2,0,0,0,0,0,0,0,0,0,0,0,0,0,0,0,0,0,127,114,100,153,100,1,0,0,0,0,1754,0,,,
skill_3533,3533,????????,3533,0,0,0,3,0,5,0,150,1,0,0,0,0,0,0,0,0,4,0,0,0,0,0.0,0,0,0,0,0,0,0,0,1,0,0,0,0,0,0,0,0,0,0,0,0,0,0,0,0,0,25,8,100,9,100,1,0,0,67,0,1036,1035,,,
skill_3534,3534,????????,3534,0,0,0,3,0,5,0,200,1,0,0,0,0,0,0,0,0,4,0,0,0,0,0.0,0,0,0,0,0,0,0,0,1,0,0,0,0,0,0,0,0,0,0,0,0,0,0,0,0,0,25,8,100,9,100,1,0,0,67,0,1036,1399,,,
skill_3535,3535,????????,3535,0,0,0,8,0,0,0,0,0,14,0,6,0,0,0,100,15,0,0,0,0,0,0.0,0,23,0,300,0,0,0,0,2,0,0,0,0,0,0,0,0,0,0,0,0,0,0,0,0,0,84,6,100,7,0,0,0,0,0,0,0,0,,,
skill_3536,3536,??????????,3536,0,0,0,8,0,0,0,0,0,18,0,10,0,0,0,100,20,0,0,0,0,0,0.0,0,18,0,25,0,0,0,0,2,0,0,0,0,0,0,0,0,0,0,0,0,0,0,0,0,0,84,6,100,7,0,0,0,0,0,0,0,0,,,
skill_3537,3537,??????????,3537,0,0,0,8,0,0,0,0,0,20,0,12,0,0,0,200,20,0,0,0,0,0,0.0,0,19,0,15,0,0,0,0,2,0,0,0,0,0,0,0,0,0,0,0,0,0,0,0,0,0,84,6,100,7,100,0,0,0,0,0,0,0,,,
skill_3538,3538,????????,3538,0,0,0,3,0,5,0,250,1,0,0,0,0,0,0,0,0,4,0,0,0,0,0.0,0,0,0,0,0,0,0,0,1,0,0,0,0,0,0,0,0,0,0,0,0,0,0,0,0,0,25,8,100,9,100,1,0,0,67,0,1036,1395,,,
skill_3539,3539,????????,3539,0,0,0,8,0,0,0,0,0,14,0,6,0,0,0,100,15,0,0,0,0,0,0.0,0,23,0,300,0,0,0,0,2,0,0,0,0,0,0,0,0,0,0,0,0,0,0,0,0,0,84,6,100,7,0,0,0,0,0,0,0,0,,,
skill_3540,3540,????????????,3540,0,0,0,9,2000,5,0,0,0,21,0,13,0,1,0,90,20,0,0,0,0,0,0.0,0,19,0,10,0,0,0,0,2,0,0,0,0,0,0,0,0,0,0,0,0,0,0,0,0,0,84,6,100,7,100,0,0,0,0,0,0,5,,,
skill_3541,3541,????????,3541,0,0,0,8,0,0,0,0,0,18,0,10,0,0,0,100,20,0,0,0,0,0,0.0,0,18,0,25,0,0,0,0,2,0,0,0,0,0,0,0,0,0,0,0,0,0,0,0,0,0,84,6,100,7,0,0,0,0,0,0,0,0,,,
skill_3542,3542,????????????,3542,0,0,0,8,0,0,0,0,0,18,0,10,0,0,0,100,20,0,0,0,0,0,0.0,0,18,0,25,0,0,0,0,2,0,0,0,0,0,0,0,0,0,0,0,0,0,0,0,0,0,84,6,100,7,0,0,0,0,0,0,0,0,,,
skill_3543,3543,????????,3543,0,0,0,3,0,5,0,300,1,0,0,0,0,0,0,0,0,4,0,0,0,0,0.0,0,0,0,0,0,0,0,0,1,0,0,0,0,0,0,0,0,0,0,0,0,0,0,0,0,0,25,8,100,9,100,1,0,0,67,0,1036,1395,,,
skill_3544,3544,????????,3544,0,0,0,3,0,5,0,250,1,0,0,0,0,0,0,0,0,4,0,0,0,0,0.0,0,0,0,0,0,0,0,0,1,0,0,0,0,0,0,0,0,0,0,0,0,0,0,0,0,0,25,8,100,9,100,1,0,0,67,0,1036,1399,,,
skill_3545,3545,????????,3545,0,0,0,3,0,5,0,200,1,0,0,0,0,0,0,0,0,4,0,0,0,0,0.0,0,0,0,0,0,0,0,0,1,0,0,0,0,0,0,0,0,0,0,0,0,0,0,0,0,0,25,8,100,9,100,1,0,0,67,0,1036,1035,,,
skill_3548,3548,????????(??),3548,0,0,0,3,0,5,0,150,1,0,0,0,0,0,0,0,0,4,0,0,0,0,0.0,0,0,0,0,0,0,0,0,1,0,0,0,0,0,0,0,0,0,0,0,0,0,0,0,0,0,25,8,100,9,100,1,0,0,67,0,1358,1035,,,
skill_3549,3549,????????(??),3549,0,0,0,3,0,5,0,200,1,0,0,0,0,0,0,0,0,4,0,0,0,0,0.0,0,0,0,0,0,0,0,0,1,0,0,0,0,0,0,0,0,0,0,0,0,0,0,0,0,0,25,8,100,9,100,1,0,0,67,0,1358,1035,,,
skill_3550,3550,????????,3550,0,0,0,8,0,0,0,0,0,14,0,6,0,0,0,100,10,0,0,0,0,0,0.0,0,23,0,300,0,0,0,0,2,0,0,0,0,0,0,0,0,0,0,0,0,0,0,0,0,0,84,6,100,7,0,0,0,0,0,0,0,0,,,
skill_3551,3551,??????????,3551,0,0,0,3,0,5,0,200,1,0,0,0,0,0,0,0,5,4,0,0,0,0,0.0,0,0,0,0,0,0,0,0,1,0,0,0,0,0,0,0,0,0,0,0,0,0,0,0,0,0,25,8,100,9,100,1,0,0,67,0,1358,1035,,,
skill_3552,3552,??????,3552,0,0,0,9,1500,5,0,0,0,30,0,22,0,1,0,40,10,0,0,0,0,0,0.0,0,16,0,40,0,0,0,0,2,0,0,0,0,0,0,0,0,0,0,0,0,0,0,0,0,0,93,6,100,7,100,0,0,0,0,0,1358,1310,,,
skill_3553,3553,???????? (??),3553,0,0,0,13,800,5,0,30,0,58,0,3,0,1,0,70,15,0,0,0,0,0,0.0,0,0,0,0,0,0,0,0,2,0,0,0,0,0,0,0,0,0,0,0,0,0,0,0,0,0,93,6,100,7,100,0,462,133,0,0,192,0,,,
skill_3554,3554,???????? (??),3554,0,0,0,13,900,5,0,40,0,58,0,3,0,1,0,70,15,0,0,0,0,0,0.0,0,0,0,0,0,0,0,0,2,0,0,0,0,0,0,0,0,0,0,0,0,0,0,0,0,0,93,6,100,7,100,0,462,133,0,0,192,0,,,
skill_3555,3555,???????? (??),3555,0,0,0,13,1000,5,0,50,0,58,0,3,0,1,0,70,15,0,0,0,0,0,0.0,0,0,0,0,0,0,0,0,2,0,0,0,0,0,0,0,0,0,0,0,0,0,0,0,0,0,93,6,100,7,100,0,462,133,0,0,192,0,,,
skill_3556,3556,????????,3556,0,0,0,7,0,5,1000,200,1,0,0,0,0,0,0,0,0,4,0,0,0,0,0.0,0,0,0,0,0,0,0,0,1,0,0,0,0,0,0,0,0,0,0,0,0,0,0,0,0,0,25,8,100,9,100,1,461,0,0,0,1036,0,,,
skill_3557,3557,????,3557,0,0,0,8,0,5,1800,0,0,31,0,23,0,1,0,200,15,0,0,0,0,0,0.0,0,0,0,0,0,0,0,0,2,0,0,0,0,0,0,0,0,0,0,0,0,0,0,0,0,0,84,6,100,7,100,0,0,0,0,0,1340,0,,,
skill_3560,3560,????????,3560,0,0,0,8,0,5,1800,0,1,0,0,0,0,0,0,100,5,0,0,0,0,0,0.0,0,0,0,0,0,0,0,0,1,0,0,0,0,0,0,0,0,0,0,0,0,0,0,0,0,0,25,6,100,7,100,1,0,0,67,0,1556,1035,,,
skill_3561,3561,"????????(????,????)",3561,0,0,0,17,0,5,2000,220,0,0,0,0,0,0,0,0,0,5,0,0,0,0,0.0,0,0,0,0,0,0,0,0,2,0,0,0,0,0,0,0,0,0,0,0,0,0,0,0,0,0,84,8,100,9,100,0,471,133,0,0,1555,1557,,,
skill_3562,3562,1??????,3562,0,0,0,9,1500,5,0,0,1,0,0,0,0,0,0,80,5,0,0,0,0,0,0.0,0,0,0,0,0,0,0,0,1,0,0,0,0,0,0,0,0,0,0,0,0,0,0,0,0,0,25,6,100,7,100,1,0,0,67,0,1358,1035,,,
skill_3563,3563,??????,3563,0,0,0,9,1500,5,0,0,0,30,0,22,0,1,0,80,10,0,0,0,0,0,0.0,0,16,0,40,0,0,0,0,2,0,0,0,0,0,0,0,0,0,0,0,0,0,0,0,0,0,93,6,100,7,100,0,0,0,0,0,1358,1310,,,
skill_3564,3564,"????????(????,????)",3564,0,0,0,17,0,5,2000,220,0,0,0,0,0,0,0,0,0,5,0,0,0,0,0.0,0,0,0,0,0,0,0,0,2,0,0,0,0,0,0,0,0,0,0,0,0,0,0,0,0,0,84,8,100,9,100,0,472,133,0,0,1556,1558,,,
skill_3567,3567,????????(??),3567,0,0,0,3,0,5,0,150,1,0,0,0,0,0,0,0,0,4,0,0,0,0,0.0,0,0,0,0,0,0,0,0,1,0,0,0,0,0,0,0,0,0,0,0,0,0,0,0,0,0,25,8,100,9,100,1,0,0,67,0,1358,1035,,,
skill_3568,3568,????????(??),3568,0,0,0,3,0,5,0,200,1,0,0,0,0,0,0,0,0,4,0,0,0,0,0.0,0,0,0,0,0,0,0,0,1,0,0,0,0,0,0,0,0,0,0,0,0,0,0,0,0,0,25,8,100,9,100,1,0,0,67,0,1358,1035,,,
skill_3569,3569,????????(??),3569,0,0,0,17,0,5,1500,180,0,0,0,0,0,0,0,0,0,5,0,0,0,0,0.0,0,0,0,0,0,0,0,0,2,0,0,0,0,0,0,0,0,0,0,0,0,0,0,0,0,0,84,8,100,9,100,0,221,133,0,0,1555,1557,,,
skill_3570,3570,????????(??),3570,0,0,0,17,0,5,2000,220,0,0,0,0,0,0,0,0,0,5,0,0,0,0,0.0,0,0,0,0,0,0,0,0,2,0,0,0,0,0,0,0,0,0,0,0,0,0,0,0,0,0,84,8,100,9,100,0,221,133,0,0,1555,1557,,,
skill_3571,3571,??????(????),3571,0,0,0,3,0,5,0,200,1,0,0,0,0,0,0,0,10,4,0,0,0,0,0.0,0,0,0,0,0,0,0,0,1,0,0,0,0,0,0,0,0,0,0,0,0,0,0,0,0,0,25,8,100,9,100,1,0,0,67,0,1358,1035,,,
skill_3572,3572,??????????,3572,0,0,0,3,0,5,0,180,1,0,0,0,0,0,0,0,5,4,0,0,0,0,0.0,0,0,0,0,0,0,0,0,1,0,0,0,0,0,0,0,0,0,0,0,0,0,0,0,0,0,25,8,100,9,100,1,0,0,67,0,1358,1035,,,
skill_3573,3573,????????(??),3573,0,0,0,3,700,5,0,250,1,0,0,0,0,0,0,0,0,4,0,0,0,0,0.0,0,0,0,0,0,0,0,0,1,0,0,0,0,0,0,0,0,0,0,0,0,0,0,0,0,0,25,8,100,9,100,1,0,0,67,0,1358,1035,,,
skill_3574,3574,????(????),3574,0,0,0,8,0,3,1000,0,0,18,0,10,0,0,0,200,10,0,0,0,0,0,0.0,0,18,0,7,0,0,0,0,2,0,0,0,0,0,0,0,0,0,0,0,0,0,0,0,0,0,84,6,100,7,100,0,0,0,0,0,0,5,,,
skill_3575,3575,????????????????,3575,0,0,0,6,1500,5,0,180,1,0,0,0,0,0,0,0,0,4,0,0,0,0,0.0,0,0,0,0,0,0,0,0,1,0,0,0,0,0,0,0,0,0,0,0,0,0,0,0,0,0,25,8,100,9,100,1,162,0,67,0,1358,94,,,
skill_3576,3576,????(????),3576,0,0,0,8,0,3,1500,0,0,18,0,10,0,0,0,200,10,0,0,0,0,0,0.0,0,18,0,7,0,0,0,0,2,0,0,0,0,0,0,0,0,0,0,0,0,0,0,0,0,0,84,6,100,7,100,0,0,0,0,0,0,5,,,
skill_3577,3577,????????????????,3577,0,0,0,6,1500,5,0,200,1,0,0,0,0,0,0,0,0,4,0,0,0,0,0.0,0,0,0,0,0,0,0,0,1,0,0,0,0,0,0,0,0,0,0,0,0,0,0,0,0,0,25,8,100,9,100,1,162,0,67,0,1358,1035,,,
skill_3578,3578,??????????,3578,0,0,0,8,0,0,0,0,0,20,0,12,0,0,0,200,20,0,0,0,0,0,0.0,0,19,0,15,0,0,0,0,2,0,0,0,0,0,0,0,0,0,0,0,0,0,0,0,0,0,84,6,100,7,100,0,0,0,0,0,0,0,,,
skill_3579,3579,??????????,3579,0,0,0,9,2000,5,0,0,0,21,0,13,0,1,0,100,20,0,0,0,0,0,0.0,0,19,0,10,0,0,0,0,2,0,0,0,0,0,0,0,0,0,0,0,0,0,0,0,0,0,84,6,100,7,100,0,0,0,0,0,0,5,,,
skill_3580,3580,????????????????,3580,0,0,0,6,5000,5,0,180,0,0,0,0,0,0,0,0,0,4,0,0,0,0,0.0,0,0,0,0,0,0,0,0,1,0,0,0,0,0,0,0,0,0,0,0,0,0,0,0,0,0,25,8,100,9,100,1,473,0,67,0,1397,1035,,,
skill_3581,3581,??????????,3581,0,0,0,8,0,0,0,0,0,20,0,12,0,0,0,200,20,0,0,0,0,0,0.0,0,19,0,15,0,0,0,0,2,0,0,0,0,0,0,0,0,0,0,0,0,0,0,0,0,0,84,6,100,7,100,0,0,0,0,0,0,0,,,
skill_3582,3582,??????????????,3582,0,0,0,17,0,5,2000,280,0,0,0,0,0,0,0,0,5,4,0,0,0,0,0.0,0,0,0,0,0,0,0,0,2,0,0,0,0,0,0,0,0,0,0,0,0,0,0,0,0,0,0,8,100,9,100,0,0,0,0,0,1387,0,,,
skill_3585,3585,??????????,3585,0,0,0,8,0,0,0,0,0,18,0,10,0,0,0,100,30,0,0,0,0,0,0.0,0,18,0,7,0,0,0,0,2,0,0,0,0,0,0,0,0,0,0,0,0,0,0,0,0,0,84,6,100,7,100,0,0,0,0,0,0,5,,,
skill_3586,3586,????????(??),3586,0,0,0,3,0,5,0,300,1,0,0,0,0,0,0,0,0,4,0,0,0,0,0.0,0,0,0,0,0,0,0,0,1,0,0,0,0,0,0,0,0,0,0,0,0,0,0,0,0,0,0,8,100,9,100,1,0,0,0,0,0,1035,,,
skill_3587,3587,????????(??),3587,0,0,0,17,0,5,2000,300,0,0,0,0,0,0,0,0,0,5,0,0,0,0,0.0,0,0,0,0,0,0,0,0,2,0,0,0,0,0,0,0,0,0,0,0,0,0,0,0,0,0,84,8,100,9,100,0,221,133,0,0,0,1557,,,
skill_3588,3588,????????????????,3588,0,0,0,8,0,0,0,0,0,30,0,22,0,1,0,100,30,0,0,0,0,0,0.0,0,0,0,0,0,0,0,0,2,0,0,0,0,0,0,0,0,0,0,0,0,0,0,0,0,0,0,6,100,7,100,0,0,0,0,0,0,1310,,,
skill_3589,3589,??????,3589,0,0,0,6,2000,5,0,350,1,0,0,0,0,0,0,0,30,4,0,0,0,0,0.0,0,0,0,0,0,0,0,0,1,0,0,0,0,0,0,0,0,0,0,0,0,0,0,0,0,0,0,8,100,9,100,1,162,0,0,0,0,1035,,,
skill_3590,3590,????????(??),3590,0,0,0,3,0,5,0,350,1,0,0,0,0,0,0,0,0,4,0,0,0,0,0.0,0,0,0,0,0,0,0,0,1,0,0,0,0,0,0,0,0,0,0,0,0,0,0,0,0,0,0,8,100,9,100,1,0,0,0,0,0,1035,,,
skill_3591,3591,????????(??),3591,0,0,0,17,0,5,2500,350,0,0,0,0,0,0,0,0,0,5,0,0,0,0,0.0,0,0,0,0,0,0,0,0,2,0,0,0,0,0,0,0,0,0,0,0,0,0,0,0,0,0,84,8,100,9,100,0,221,133,0,0,0,1557,,,
skill_3592,3592,????????,3592,0,0,0,7,0,5,3000,375,1,20,0,12,0,0,0,0,0,4,0,0,0,0,0.0,0,19,0,15,0,0,0,0,1,0,0,0,0,0,0,0,0,0,0,0,0,0,0,0,0,0,84,6,100,7,100,0,0,0,67,0,0,1035,,,
skill_3593,3593,????????????,3593,0,0,0,8,0,0,0,0,0,0,0,0,0,0,0,100,30,0,0,0,0,0,0.0,0,0,0,0,0,0,0,0,2,0,0,0,0,0,0,0,0,0,0,0,0,0,0,0,0,0,0,6,100,7,100,0,0,0,0,0,0,0,,,
skill_3594,3594,????????(HP?),3594,0,0,0,10,0,0,0,0,0,0,0,0,0,0,0,100,0,0,0,0,0,0,0.0,0,0,0,0,0,0,0,0,2,0,0,0,0,0,0,0,0,0,0,0,0,0,0,0,0,0,0,6,100,7,100,0,0,0,0,0,0,0,,,
skill_3595,3595,??????????????,3595,0,0,0,17,0,5,3000,400,0,0,0,0,0,0,0,0,3,4,0,0,0,0,0.0,0,0,0,0,0,0,0,0,2,0,0,0,0,0,0,0,0,0,0,0,0,0,0,0,0,0,0,8,100,9,100,0,0,0,0,0,0,0,,,
skill_3596,3596,????????????????,3596,0,0,0,12,0,5,3000,0,0,38,0,31,0,0,0,200,2,0,0,0,0,0,0.0,0,0,0,0,0,0,0,0,2,0,0,0,0,0,0,0,0,0,0,0,0,0,0,0,0,0,84,6,100,7,100,0,221,133,0,0,0,0,,,
skill_3597,3597,??????????,3597,0,0,0,8,0,5,3000,0,0,0,0,0,0,0,0,200,30,0,0,0,0,0,0.0,0,0,0,0,0,0,0,0,2,0,0,0,0,0,0,0,0,0,0,0,0,0,0,0,0,0,84,6,100,7,100,0,221,133,0,0,0,0,,,
skill_3598,3598,????????,3598,0,0,0,8,0,5,3000,0,0,0,0,0,0,0,0,200,20,0,0,0,0,0,0.0,0,0,0,0,0,0,0,0,2,0,0,0,0,0,0,0,0,0,0,0,0,0,0,0,0,0,84,6,100,7,100,0,221,133,0,0,0,0,,,
skill_3599,3599,????????????,3599,0,0,0,8,0,5,3000,0,0,21,0,13,0,1,0,100,30,0,0,0,0,0,0.0,0,19,0,10,0,0,0,0,2,0,0,0,0,0,0,0,0,0,0,0,0,0,0,0,0,0,84,6,100,7,100,0,221,133,0,0,0,0,,,
skill_3600,3600,????????????????,3600,0,0,0,6,2000,5,0,300,1,0,0,0,0,0,0,0,0,4,0,0,0,0,0.0,0,0,0,0,0,0,0,0,1,0,0,0,0,0,0,0,0,0,0,0,0,0,0,0,0,0,25,8,100,9,100,1,162,0,67,0,1358,94,,,
skill_3604,3604,bird,3604,0,0,0,10,0,0,0,0,0,0,0,0,0,0,0,100,0,0,0,0,0,0,0.0,0,16,1000,0,0,0,0,0,2,0,0,0,0,0,0,0,0,0,0,0,0,0,0,0,0,0,0,6,100,7,100,0,0,0,0,0,0,0,,,
skill_3605,3605,bird,3605,0,0,0,17,0,5,3000,200,0,30,0,22,0,1,0,0,5,4,0,0,0,0,0.0,0,0,0,0,0,0,0,0,2,0,0,0,0,0,0,0,0,0,0,0,0,0,0,0,0,0,0,8,100,9,100,0,0,0,0,0,0,0,,,
skill_3606,3606,bird,3606,0,0,0,12,0,5,3000,0,0,32,0,24,0,1,0,50,2,0,0,0,0,0,0.0,0,0,0,0,0,0,0,0,2,0,0,0,0,0,0,0,0,0,0,0,0,0,0,0,0,0,84,6,100,7,100,0,221,133,0,0,0,0,,,
skill_3607,3607,bird,3607,0,0,0,8,0,5,3000,0,0,15,0,7,0,1,0,50,5,0,0,0,0,0,0.0,0,23,0,75,0,0,0,0,2,0,0,0,0,0,0,0,0,0,0,0,0,0,0,0,0,0,84,6,100,7,100,0,221,133,0,0,0,0,,,
skill_3608,3608,AOE Movement Speed Reduction,3608,0,0,0,12,0,5,3000,0,0,38,0,31,0,0,0,1000,20,0,0,0,0,0,0.0,0,15,310,50,25,310,50,0,2,0,0,0,0,0,0,0,0,0,0,0,0,0,0,0,0,0,84,6,100,7,100,0,221,133,0,0,0,0,,,
skill_3609,3609,AOE Movement Speed Reduction,3609,0,0,0,8,0,5,3000,0,0,38,0,31,0,0,0,1000,20,0,0,0,0,0,0.0,0,19,310,50,30,310,50,0,2,0,0,0,0,0,0,0,0,0,0,0,0,0,0,0,0,0,84,6,100,7,100,0,221,133,0,0,0,0,,,
skill_3610,3610,AOE Movement Speed Reduction,3610,0,0,0,8,0,5,3000,0,0,38,0,31,0,0,0,1000,20,0,0,0,0,0,0.0,0,23,310,50,0,0,0,0,2,0,0,0,0,0,0,0,0,0,0,0,0,0,0,0,0,0,84,6,100,7,100,0,221,133,0,0,0,0,,,
skill_3611,3611,aleksandros,3611,0,0,0,17,0,5,5000,5000,1,0,0,0,0,0,0,0,0,6,0,0,0,0,0.0,0,0,0,0,0,0,0,0,2,0,0,0,0,0,0,0,0,0,0,0,0,0,0,0,0,0,0,6,100,0,0,0,0,0,417,0,0,1124,,,
skill_3612,3612,aleksandros,3612,0,0,0,6,0,5,3000,200,1,11,0,3,0,1,0,70,10,4,0,0,0,0,0.0,0,0,0,0,0,0,0,0,1,0,0,0,0,0,0,0,0,0,0,0,0,0,0,0,0,0,0,8,100,9,100,1,162,0,0,0,0,0,,,
skill_3613,3613,aleksandros minion,3613,0,0,0,17,0,5,3000,200,0,32,0,24,0,1,0,70,3,4,0,0,0,0,0.0,0,0,0,0,0,0,0,0,2,0,0,0,0,0,0,0,0,0,0,0,0,0,0,0,0,0,0,8,100,9,100,0,0,0,0,0,0,0,,,
skill_3614,3614,aleksandros,3614,0,0,0,17,0,5,6000,5000,1,0,0,0,0,0,0,0,0,6,0,0,0,0,0.0,0,0,0,0,0,0,0,0,2,0,0,0,0,0,0,0,0,0,0,0,0,0,0,0,0,0,0,6,100,0,0,0,0,0,417,0,0,1124,,,
skill_3615,3615,aleksandros,3615,0,0,0,6,0,5,5000,250,1,11,0,3,0,1,0,70,10,4,0,0,0,0,0.0,0,0,0,0,0,0,0,0,1,0,0,0,0,0,0,0,0,0,0,0,0,0,0,0,0,0,0,8,100,9,100,1,162,0,0,0,0,0,,,
skill_3616,3616,AOE Movement Speed Reduction,3616,0,0,0,8,0,5,3000,0,0,38,0,31,0,0,0,1000,4,0,0,0,0,0,0.0,0,32,0,0,0,0,0,0,2,0,0,0,0,0,0,0,0,0,0,0,0,0,0,0,0,0,84,6,100,7,100,0,221,133,0,0,0,0,,,
skill_3620,3620,Sucker Punch,3620,1,1,1,3,0,5,0,500,1,0,0,0,0,0,0,50,2,1,17,33,0,0,3.9,0,0,0,0,0,0,0,0,2,251,252,0,0,0,0,0,0,0,0,0,0,0,0,0,0,0,105,111,100,217,100,1,0,0,67,0,1068,1040,LSkill0034,Throwing 100 Zuly,Give 100 Zuly to other character
skill_3622,3622,Freezing Assault,3622,1,1,1,3,0,5,0,1000,1,0,0,0,0,0,0,0,8,1,17,41,0,0,3.9,0,0,0,0,0,0,0,0,2,251,252,0,0,0,0,0,0,0,0,0,0,0,0,0,0,0,105,111,100,218,100,1,0,0,137,0,1031,1834,LSkill0034,Throwing 100 Zuly,Give 100 Zuly to other character
skill_3624,3624,Feast,3624,1,1,1,19,0,5,0,400,1,0,0,0,0,0,0,0,0,1,17,72,0,0,3.9,0,16,675,0,0,0,0,0,1,251,252,0,0,0,0,0,0,0,0,0,0,0,0,0,0,0,105,129,100,94,200,1,0,0,67,0,1551,242,LSkill0034,Throwing 100 Zuly,Give 100 Zuly to other character
skill_3626,3626,Blink,3626,1,1,1,8,0,0,0,0,0,14,33,6,25,0,0,0,1,0,17,76,0,0,3.9,0,23,4000,0,0,0,0,0,2,251,252,0,0,0,0,0,0,0,0,0,0,0,0,0,0,0,105,114,145,153,100,1,221,90,0,0,1754,1501,LSkill0034,Throwing 100 Zuly,Give 100 Zuly to other character
skill_3628,3628,Blare,3628,1,1,1,17,0,5,2000,500,1,58,0,3,0,1,0,90,12,2,16,1500,0,0,3.9,0,0,0,0,0,0,0,0,2,251,252,0,0,0,0,0,0,0,0,0,0,0,0,0,0,0,105,113,100,176,200,1,0,0,1576,0,1389,1367,LSkill0034,Throwing 100 Zuly,Give 100 Zuly to other character
skill_3630,3630,Sundering Slice,3630,1,1,1,17,0,5,1200,500,1,0,0,0,0,0,0,0,0,1,17,80,0,0,9.9,0,0,0,0,0,0,0,0,2,251,252,0,0,0,0,0,0,0,0,0,0,0,0,0,0,0,105,131,120,44,200,1,0,0,1555,0,0,1121,LSkill0034,Throwing 100 Zuly,Give 100 Zuly to other character
skill_3632,3632,Land Mine,3632,1,0,1,14,0,0,0,0,0,0,0,0,0,0,0,0,0,0,17,250,0,0,0.9,0,0,0,0,0,0,0,578,2,0,0,0,0,0,0,0,0,0,0,0,0,0,0,0,0,0,189,118,100,155,100,1,221,90,0,0,0,0,LSkill2381,Employ Furious Beast,Calling Furiois Beast from the wild.
skill_3634,3634,Asura's Wrath,3634,1,1,1,17,0,5,1200,500,1,0,0,0,0,0,0,0,0,1,17,80,0,0,10.9,0,0,0,0,0,0,0,0,2,251,252,0,0,0,0,0,0,0,0,0,0,0,0,0,0,0,113,113,90,176,100,1,0,0,1555,0,46,40,LSkill0034,Throwing 100 Zuly,Give 100 Zuly to other character
skill_3638,3638,Increase Summon Capacity,3638,1,1,2,15,0,0,0,0,0,0,0,0,0,0,0,0,0,0,0,0,0,0,0.0,0,62,200,0,0,0,0,0,0,0,0,0,0,0,0,0,0,0,0,0,0,0,0,0,0,0,190,0,0,0,0,0,0,0,0,0,0,0,LSkill2101,Employ Troops,You can increase in Max gauge of summoning.
skill_3642,3642,Assassinate,3642,1,1,1,6,300,5,850,800,1,21,29,13,21,1,1,45,22,2,17,51,0,0,10.9,0,22,0,35,19,0,35,0,2,0,0,0,0,0,0,0,0,0,0,0,0,0,31,208,0,0,279,111,156,47,120,1,221,148,1256,0,36,22,LSkill0034,Throwing 100 Zuly,Give 100 Zuly to other character
skill_3643,3643,Photon Beam,3643,1,1,1,6,2000,5,0,220,1,10,0,3,0,1,0,90,30,2,17,80,0,0,8.1,0,0,0,0,0,0,0,0,2,0,0,0,0,0,0,0,0,0,0,0,0,0,0,0,0,0,128,111,140,65,100,1,221,0,67,0,25,57,LSkill0034,Throwing 100 Zuly,Give 100 Zuly to other character
skill_3644,3644,Blaze,3644,1,1,1,6,1500,5,0,500,1,0,0,0,0,0,0,0,0,1,17,30,0,0,5.9,0,0,0,0,0,0,0,0,1,251,252,0,0,0,0,0,0,0,0,0,0,0,0,0,0,0,105,111,120,34,120,1,291,148,67,0,20,22,LSkill0034,Throwing 100 Zuly,Give 100 Zuly to other character
skill_3660,3660,cry,3660,0,0,0,10,0,0,0,0,0,0,0,0,0,0,0,0,0,0,0,0,0,0,3.9,0,0,0,0,0,0,0,0,0,0,0,0,0,0,0,0,0,0,0,0,0,0,0,0,0,0,752,113,800,510,100,0,0,0,0,0,2494,0,LSkill0057,Cry,Cry
skill_3661,3661,flip,3661,0,0,0,10,0,0,0,0,0,0,0,0,0,0,0,0,0,0,0,0,0,0,3.9,0,0,0,0,0,0,0,0,0,0,0,0,0,0,0,0,0,0,0,0,0,0,0,0,0,0,756,113,800,511,100,0,0,0,0,0,2501,0,LSkill0058,Flip,Flip
skill_3662,3662,lose,3662,0,0,0,10,0,0,0,0,0,0,0,0,0,0,0,0,0,0,0,0,0,0,3.9,0,0,0,0,0,0,0,0,0,0,0,0,0,0,0,0,0,0,0,0,0,0,0,0,0,0,710,113,800,512,100,0,0,0,0,0,2495,0,LSkill0059,Lose,Lose
skill_3663,3663,rest,3663,0,0,0,10,0,0,0,0,0,0,0,0,0,0,0,0,0,0,0,0,0,0,3.9,0,0,0,0,0,0,0,0,0,0,0,0,0,0,0,0,0,0,0,0,0,0,0,0,0,0,739,113,800,513,100,0,0,0,0,0,2512,0,LSkill0060,Rest,Rest
skill_3664,3664,sleep,3664,0,0,0,10,0,0,0,0,0,0,0,0,0,0,0,0,0,0,0,0,0,0,3.9,0,0,0,0,0,0,0,0,0,0,0,0,0,0,0,0,0,0,0,0,0,0,0,0,0,0,725,113,800,514,100,0,0,0,0,0,2511,0,LSkill0061,Sleep,Sleep
skill_3665,3665,workout,3665,0,0,0,10,0,0,0,0,0,0,0,0,0,0,0,0,0,0,0,0,0,0,3.9,0,0,0,0,0,0,0,0,0,0,0,0,0,0,0,0,0,0,0,0,0,0,0,0,0,0,711,113,800,515,100,0,0,0,0,0,2501,0,LSkill0062,Work Out,Work Out
skill_3666,3666,mime,3666,0,0,0,10,0,0,0,0,0,0,0,0,0,0,0,0,0,0,0,0,0,0,3.9,0,0,0,0,0,0,0,0,0,0,0,0,0,0,0,0,0,0,0,0,0,0,0,0,0,0,782,113,800,516,100,0,0,0,0,0,2501,0,LSkill0063,Mime,Mime
skill_3667,3667,bigwave,3667,0,0,0,10,0,0,0,0,0,0,0,0,0,0,0,0,0,0,0,0,0,0,3.9,0,0,0,0,0,0,0,0,0,0,0,0,0,0,0,0,0,0,0,0,0,0,0,0,0,0,712,113,800,517,100,0,0,0,0,0,2501,0,LSkill0064,Big Wave,Big Wave
skill_3676,3676,sidestep,3676,1,0,0,10,0,1,1200,0,0,0,0,0,0,0,0,0,0,0,0,0,0,0,0.0,0,0,0,0,0,0,0,0,0,0,0,0,0,0,0,0,0,0,0,0,0,0,0,0,0,0,68,113,800,520,100,0,0,0,0,0,2501,0,,,
skill_3677,3677,sexy,3677,1,0,0,10,0,1,1200,0,0,0,0,0,0,0,0,0,0,0,0,0,0,0,0.0,0,76,30,0,0,0,0,0,0,0,0,0,0,0,0,0,0,0,0,0,0,0,0,0,0,0,68,113,800,521,100,0,0,0,0,0,2501,0,,,
skill_3678,3678,zombie,3681,1,0,0,10,0,1,1200,0,0,0,0,0,0,0,0,0,0,0,0,0,0,0,0.0,0,76,30,0,0,0,0,0,0,0,0,0,0,0,0,0,0,0,0,0,0,0,0,0,0,0,68,113,800,522,100,0,0,0,0,0,2501,0,,,
skill_3681,3681,DANCE,3681,1,0,0,10,0,1,1200,0,0,0,0,0,0,0,0,0,0,0,0,0,0,0,0.0,0,76,30,0,0,0,0,0,0,0,0,0,0,0,0,0,0,0,0,0,0,0,0,0,0,0,68,113,800,351,100,0,0,0,0,0,2501,0,,,
skill_3682,3682,xxx,3682,1,0,0,10,0,1,1200,0,0,0,0,0,0,0,0,0,0,0,0,0,0,0,0.0,0,0,0,0,0,0,0,0,0,0,0,0,0,0,0,0,0,0,0,0,0,0,0,0,0,0,68,113,800,523,100,0,0,0,0,0,2501,0,,,
skill_3683,3683,xxx,3683,1,0,0,10,0,1,1200,0,0,0,0,0,0,0,0,0,0,0,0,0,0,0,0.0,0,76,30,0,0,0,0,0,0,0,0,0,0,0,0,0,0,0,0,0,0,0,0,0,0,0,68,113,800,524,100,0,0,0,0,0,2501,0,,,
skill_3684,3684,xxx,3684,1,0,0,10,0,1,1200,0,0,0,0,0,0,0,0,0,0,0,0,0,0,0,0.0,0,0,0,0,0,0,0,0,0,0,0,0,0,0,0,0,0,0,0,0,0,0,0,0,0,0,68,113,800,525,100,0,0,0,0,0,2501,0,,,
skill_3685,3685,xxx,3685,1,0,0,10,0,1,1200,0,0,0,0,0,0,0,0,0,0,0,0,0,0,0,0.0,0,76,30,0,0,0,0,0,0,0,0,0,0,0,0,0,0,0,0,0,0,0,0,0,0,0,68,113,800,526,100,0,0,0,0,0,2501,0,,,
skill_3686,3686,xxx,3686,1,0,0,10,0,1,1200,0,0,0,0,0,0,0,0,0,0,0,0,0,0,0,0.0,0,0,0,0,0,0,0,0,0,0,0,0,0,0,0,0,0,0,0,0,0,0,0,0,0,0,68,113,800,527,100,0,0,0,0,0,2501,0,,,
skill_3687,3687,xxx,3687,1,0,0,10,0,1,1200,0,0,0,0,0,0,0,0,0,0,0,0,0,0,0,0.0,0,76,30,0,0,0,0,0,0,0,0,0,0,0,0,0,0,0,0,0,0,0,0,0,0,0,68,113,800,528,100,0,0,0,0,0,2501,0,,,
skill_3688,3688,xxx,3688,1,0,0,10,0,1,1200,0,0,0,0,0,0,0,0,0,0,0,0,0,0,0,0.0,0,76,30,0,0,0,0,0,0,0,0,0,0,0,0,0,0,0,0,0,0,0,0,0,0,0,68,113,800,529,100,0,0,0,0,0,2501,0,,,
skill_3689,3689,xxx,3689,1,0,0,10,0,1,1200,0,0,0,0,0,0,0,0,0,0,0,0,0,0,0,0.0,0,0,0,0,0,0,0,0,0,0,0,0,0,0,0,0,0,0,0,0,0,0,0,0,0,0,68,113,800,530,100,0,0,0,0,0,2501,0,,,
skill_3690,3690,xxx,3690,1,0,0,10,0,1,1200,0,0,0,0,0,0,0,0,0,0,0,0,0,0,0,0.0,0,76,30,0,0,0,0,0,0,0,0,0,0,0,0,0,0,0,0,0,0,0,0,0,0,0,68,113,800,531,100,0,0,0,0,0,2501,0,,,
skill_3691,3691,xxx,3691,1,0,0,10,0,1,1200,0,0,0,0,0,0,0,0,0,0,0,0,0,0,0,0.0,0,0,0,0,0,0,0,0,0,0,0,0,0,0,0,0,0,0,0,0,0,0,0,0,0,0,68,113,800,532,100,0,0,0,0,0,2501,0,,,
skill_3692,3692,xxx,3691,1,0,0,10,0,1,1200,0,0,0,0,0,0,0,0,0,0,0,0,0,0,0,0.0,0,76,30,0,0,0,0,0,0,0,0,0,0,0,0,0,0,0,0,0,0,0,0,0,0,0,68,113,800,533,100,0,0,0,0,0,2501,0,,,
skill_3693,3693,xxx,3693,1,0,0,10,0,1,1200,0,0,0,0,0,0,0,0,0,0,0,0,0,0,0,0.0,0,0,0,0,0,0,0,0,0,0,0,0,0,0,0,0,0,0,0,0,0,0,0,0,0,0,68,113,800,534,100,0,0,0,0,0,2501,0,,,
skill_3694,3694,xxx,3694,1,0,0,10,0,1,1200,0,0,0,0,0,0,0,0,0,0,0,0,0,0,0,0.0,0,76,30,0,0,0,0,0,0,0,0,0,0,0,0,0,0,0,0,0,0,0,0,0,0,0,68,113,800,535,100,0,0,0,0,0,2501,0,,,
skill_3695,3695,xxx,3695,1,0,0,10,0,1,1200,0,0,0,0,0,0,0,0,0,0,0,0,0,0,0,0.0,0,0,0,0,0,0,0,0,0,0,0,0,0,0,0,0,0,0,0,0,0,0,0,0,0,0,68,113,800,536,100,0,0,0,0,0,2501,0,,,
skill_3696,3696,xxx,3696,1,0,0,10,0,1,1200,0,0,0,0,0,0,0,0,0,0,0,0,0,0,0,0.0,0,76,30,0,0,0,0,0,0,0,0,0,0,0,0,0,0,0,0,0,0,0,0,0,0,0,68,113,800,537,100,0,0,0,0,0,2501,0,,,
skill_3697,3697,xxx,3697,1,0,0,10,0,1,1200,0,0,0,0,0,0,0,0,0,0,0,0,0,0,0,0.0,0,0,0,0,0,0,0,0,0,0,0,0,0,0,0,0,0,0,0,0,0,0,0,0,0,0,68,113,800,538,100,0,0,0,0,0,2501,0,,,
skill_3698,3698,xxx,3698,1,0,0,10,0,1,1200,0,0,0,0,0,0,0,0,0,0,0,0,0,0,0,0.0,0,76,30,0,0,0,0,0,0,0,0,0,0,0,0,0,0,0,0,0,0,0,0,0,0,0,68,113,800,539,100,0,0,0,0,0,2501,0,,,
skill_3699,3699,xxx,3699,1,0,0,10,0,1,1200,0,0,0,0,0,0,0,0,0,0,0,0,0,0,0,0.0,0,0,0,0,0,0,0,0,0,0,0,0,0,0,0,0,0,0,0,0,0,0,0,0,0,0,68,113,800,540,100,0,0,0,0,0,2501,0,,,
skill_3700,3700,xxx,3670,1,0,0,10,0,1,1200,0,0,0,0,0,0,0,0,0,0,0,0,0,0,0,0.0,0,0,0,0,0,0,0,0,0,0,0,0,0,0,0,0,0,0,0,0,0,0,0,0,0,0,68,113,800,541,100,0,0,0,0,0,2501,0,,,
skill_3900,3900,????HP????????,3900,1,20,1,8,0,0,0,0,0,0,0,0,0,0,0,0,420,0,0,0,0,0,0.0,0,0,0,0,0,0,0,0,2,0,0,0,0,0,0,0,0,0,0,0,0,0,0,0,0,0,127,111,100,151,100,1,0,0,0,0,0,0,1,,
skill_3901,3901,????MP????????,3901,1,20,1,8,0,0,0,0,0,0,0,0,0,0,0,0,420,0,0,0,0,0,0.0,0,0,0,0,0,0,0,0,2,0,0,0,0,0,0,0,0,0,0,0,0,0,0,0,0,0,127,111,100,151,100,1,0,0,0,0,0,0,1,,
skill_3902,3902,????????????,3902,1,6,1,12,0,0,0,0,0,0,0,0,0,0,0,0,2,0,0,0,0,0,0.0,0,0,0,0,0,0,0,0,0,0,0,0,0,0,0,0,0,0,0,0,0,0,0,0,0,0,84,111,100,151,100,1,0,0,0,0,0,0,1,,
skill_3903,3903,??????????????,3903,1,10,1,12,0,0,0,0,0,0,0,0,0,0,0,0,60,0,0,0,0,0,0.0,0,0,0,0,0,0,0,0,0,0,0,0,0,0,0,0,0,0,0,0,0,0,0,0,0,0,84,111,100,151,100,1,0,0,0,0,0,0,1,,
skill_3904,3904,??????????????,3904,1,15,1,8,0,0,0,0,0,0,0,0,0,0,0,0,420,0,0,0,0,0,0.0,0,0,0,0,0,0,0,0,2,0,0,0,0,0,0,0,0,0,0,0,0,0,0,0,0,0,127,111,100,151,100,1,0,0,0,0,0,0,1,,
skill_3905,3905,??????????????,3905,1,16,1,8,0,0,0,0,0,0,0,0,0,0,0,0,420,0,0,0,0,0,0.0,0,0,0,0,0,0,0,0,2,0,0,0,0,0,0,0,0,0,0,0,0,0,0,0,0,0,127,111,100,151,100,1,0,0,0,0,0,0,1,,
skill_3906,3906,??????????????,3906,1,16,1,8,0,0,0,0,0,0,0,0,0,0,0,0,420,0,0,0,0,0,0.0,0,0,0,0,0,0,0,0,2,0,0,0,0,0,0,0,0,0,0,0,0,0,0,0,0,0,127,111,100,151,100,1,0,0,0,0,0,0,1,,
skill_3907,3907,??????????????,3907,1,16,1,8,0,0,0,0,0,0,0,0,0,0,0,0,420,0,0,0,0,0,0.0,0,0,0,0,0,0,0,0,2,0,0,0,0,0,0,0,0,0,0,0,0,0,0,0,0,0,127,111,100,151,100,1,0,0,0,0,0,0,1,,
skill_3908,3908,??????????????,3908,1,25,1,8,0,0,0,0,0,0,0,0,0,0,0,0,420,0,0,0,0,0,0.0,0,0,0,0,0,0,0,0,2,0,0,0,0,0,0,0,0,0,0,0,0,0,0,0,0,0,127,111,100,151,100,1,172,0,0,0,0,0,1,,
skill_3909,3909,??????????????,3909,1,16,1,8,0,0,0,0,0,0,0,0,0,0,0,0,420,0,0,0,0,0,0.0,0,0,0,0,0,0,0,0,2,0,0,0,0,0,0,0,0,0,0,0,0,0,0,0,0,0,127,111,100,151,100,1,0,0,0,0,0,0,1,,
skill_3910,3910,????????????????,3910,1,16,1,8,0,0,0,0,0,0,0,0,0,0,0,0,420,0,0,0,0,0,0.0,0,0,0,0,0,0,0,0,2,0,0,0,0,0,0,0,0,0,0,0,0,0,0,0,0,0,127,111,100,151,100,1,0,0,0,0,0,0,1,,
skill_3911,3911,????????????????,3911,1,25,1,8,0,0,0,0,0,0,0,0,0,0,0,0,420,0,0,0,0,0,0.0,0,0,0,0,0,0,0,0,2,0,0,0,0,0,0,0,0,0,0,0,0,0,0,0,0,0,127,111,100,151,100,1,172,0,0,0,0,0,1,,
skill_3912,3912,??????????????,3912,1,25,1,12,0,0,0,20,0,0,0,0,0,0,0,0,420,0,0,0,0,0,0.0,0,0,0,0,0,0,0,0,2,0,0,0,0,0,0,0,0,0,0,0,0,0,0,0,0,0,127,111,100,151,100,1,0,0,0,0,0,0,1,,
skill_3915,3915,????????,3915,1,25,1,10,0,0,0,0,0,0,0,0,0,0,0,0,0,0,0,0,0,0,0.0,0,0,0,0,0,0,0,0,2,0,0,0,0,0,0,0,0,0,0,0,0,0,0,0,0,0,127,111,100,151,100,1,172,0,0,0,0,0,1,,
skill_3916,3916,????????,3916,1,25,1,10,0,0,0,0,0,0,0,0,0,0,0,0,0,0,0,0,0,0,0.0,0,0,0,0,0,0,0,0,2,0,0,0,0,0,0,0,0,0,0,0,0,0,0,0,0,0,127,111,100,151,100,1,172,0,0,0,0,0,1,,
skill_3917,3917,????????,3917,1,25,1,10,0,0,0,0,0,0,0,0,0,0,0,0,0,0,0,0,0,0,0.0,0,0,0,0,0,0,0,0,2,0,0,0,0,0,0,0,0,0,0,0,0,0,0,0,0,0,127,111,100,151,100,1,172,0,0,0,0,0,1,,
skill_3918,3918,????????,3918,1,25,1,10,0,0,0,0,0,0,0,0,0,0,0,0,0,0,0,0,0,0,0.0,0,0,0,0,0,0,0,0,2,0,0,0,0,0,0,0,0,0,0,0,0,0,0,0,0,0,127,111,100,151,100,1,172,0,0,0,0,0,1,,
skill_3919,3919,????????,3919,1,25,1,10,0,0,0,0,0,0,0,0,0,0,0,0,0,0,0,0,0,0,0.0,0,0,0,0,0,0,0,0,2,0,0,0,0,0,0,0,0,0,0,0,0,0,0,0,0,0,127,111,100,151,100,1,172,0,0,0,0,0,1,,
skill_4001,4001,????????????,4001,1,1,41,11,1800,6,0,0,1,0,0,0,0,0,0,0,0,0,17,60,0,0,19.9,0,0,0,0,0,0,0,0,2,0,0,0,0,0,0,0,0,0,0,0,0,0,31,100,0,0,851,112,100,151,100,0,221,90,0,0,1752,1507,1,,
skill_4002,4002,??????????,4002,1,1,41,11,1800,8,0,0,0,0,0,0,0,0,0,0,0,0,17,60,0,0,11.9,0,0,0,0,0,0,0,0,2,0,0,0,0,0,0,0,0,0,0,0,0,0,31,100,0,0,848,112,160,151,130,0,221,90,0,0,1751,1501,1,,
skill_4201,4201,????????,0,0,0,0,0,0,0,0,0,0,0,0,0,0,0,0,0,0,0,0,0,0,0,0.0,0,0,0,0,0,0,0,0,0,0,0,0,0,0,0,0,0,0,0,0,0,0,0,0,0,0,871,0,0,0,0,0,0,0,0,0,0,0,,,
skill_4211,4211,????????????,4211,1,1,41,8,0,10,500,0,1,0,0,0,0,0,0,5,4,0,17,57,0,0,4.9,0,0,0,0,0,0,0,0,2,0,0,0,0,0,41,0,416,2,0,0,0,0,31,100,0,0,853,113,100,176,100,1,0,0,86,0,1753,1035,1,,
skill_4212,4212,????????????,4211,2,1,41,8,0,10,600,0,1,0,0,0,0,0,0,20,5,0,17,64,0,0,5.9,0,0,0,0,0,0,0,0,2,0,0,0,0,0,41,0,0,0,0,0,0,0,31,110,0,0,853,113,100,176,100,1,0,0,86,0,1753,1035,1,,
skill_4213,4213,????????????,4211,3,1,41,8,0,10,700,0,1,0,0,0,0,0,0,35,6,0,17,71,0,0,7.9,0,0,0,0,0,0,0,0,2,0,0,0,0,0,41,0,0,0,0,0,0,0,31,120,0,0,853,113,100,176,100,1,0,0,86,0,1753,1035,1,,
skill_4214,4214,????????????,4211,4,1,41,8,0,10,800,0,1,0,0,0,0,0,0,50,7,0,17,78,0,0,9.9,0,0,0,0,0,0,0,0,2,0,0,0,0,0,41,0,0,0,0,0,0,0,31,130,0,0,853,113,100,176,100,1,0,0,86,0,1753,1035,1,,
skill_4401,4401,??????,4401,1,1,41,20,1000,9,0,40,0,0,0,0,0,0,0,0,0,0,17,250,0,0,9.9,0,0,0,0,0,0,0,0,0,242,0,0,0,0,42,0,976,1,0,0,0,0,31,50,0,0,846,194,100,195,100,1,266,90,0,0,0,1501,1,,
skill_4402,4402,??????,4401,2,1,41,20,1000,9,0,50,0,0,0,0,0,0,0,0,0,0,17,300,0,0,9.9,0,0,0,0,0,0,0,0,0,242,0,0,0,0,42,0,976,1,0,0,0,0,31,55,0,0,846,194,100,195,100,1,266,90,0,0,0,1501,1,,
skill_4403,4403,??????,4401,3,1,41,20,1000,9,0,60,0,0,0,0,0,0,0,0,0,0,17,350,0,0,9.9,0,0,0,0,0,0,0,0,0,242,0,0,0,0,42,0,976,1,0,0,0,0,31,60,0,0,846,194,100,195,100,1,266,90,0,0,0,1501,1,,
skill_4406,4406,????????,0,0,0,0,0,0,0,0,0,0,0,0,0,0,0,0,0,0,0,0,0,0,0,0.0,0,0,0,0,0,0,0,0,0,0,0,0,0,0,0,0,0,0,0,0,0,0,0,0,0,0,849,0,0,0,0,0,0,0,0,0,0,0,,,
skill_4407,4407,????????,0,0,0,0,0,0,0,0,0,0,0,0,0,0,0,0,0,0,0,0,0,0,0,0.0,0,0,0,0,0,0,0,0,0,0,0,0,0,0,0,0,0,0,0,0,0,0,0,0,0,0,849,0,0,0,0,0,0,0,0,0,0,0,,,
skill_4408,4408,????????,0,0,0,0,0,0,0,0,0,0,0,0,0,0,0,0,0,0,0,0,0,0,0,0.0,0,0,0,0,0,0,0,0,0,0,0,0,0,0,0,0,0,0,0,0,0,0,0,0,0,0,849,0,0,0,0,0,0,0,0,0,0,0,,,
skill_4601,4601,??????????,4601,1,1,41,14,0,0,0,0,0,0,0,0,0,0,0,0,0,0,17,160,0,0,11.9,0,0,0,0,0,0,0,891,2,0,0,0,0,0,43,0,0,0,0,0,0,0,31,100,0,0,872,118,100,155,100,1,221,90,0,0,0,0,1,,
skill_4602,4602,??????????,4601,2,1,41,14,0,0,0,0,0,0,0,0,0,0,0,0,0,0,17,165,0,0,11.9,0,0,0,0,0,0,0,892,2,0,0,0,0,0,43,0,0,0,0,0,0,0,31,110,0,0,872,118,100,155,100,1,221,90,0,0,0,0,1,,
skill_4603,4603,??????????,4601,3,1,41,14,0,0,0,0,0,0,0,0,0,0,0,0,0,0,17,170,0,0,11.9,0,0,0,0,0,0,0,893,2,0,0,0,0,0,43,0,0,0,0,0,0,0,31,120,0,0,872,118,100,155,100,1,221,90,0,0,0,0,1,,
skill_4604,4604,??????????,4601,4,1,41,14,0,0,0,0,0,0,0,0,0,0,0,0,0,0,17,175,0,0,11.9,0,0,0,0,0,0,0,894,2,0,0,0,0,0,43,0,0,0,0,0,0,0,31,130,0,0,872,118,100,155,100,1,221,90,0,0,0,0,1,,
skill_4605,4605,??????????,4601,5,1,41,14,0,0,0,0,0,0,0,0,0,0,0,0,0,0,17,180,0,0,11.9,0,0,0,0,0,0,0,895,2,0,0,0,0,0,43,0,0,0,0,0,0,0,31,140,0,0,872,118,100,155,100,1,221,90,0,0,0,0,1,,
skill_4606,4606,??????????,4601,6,1,41,14,0,0,0,0,0,0,0,0,0,0,0,0,0,0,17,185,0,0,11.9,0,0,0,0,0,0,0,896,2,0,0,0,0,0,43,0,0,0,0,0,0,0,31,150,0,0,872,118,100,155,100,1,221,90,0,0,0,0,1,,
skill_4607,4607,??????????,4601,7,1,41,14,0,0,0,0,0,0,0,0,0,0,0,0,0,0,17,190,0,0,11.9,0,0,0,0,0,0,0,897,2,0,0,0,0,0,43,0,0,0,0,0,0,0,31,160,0,0,872,118,100,155,100,1,221,90,0,0,0,0,1,,
skill_4608,4608,??????????,4601,8,1,41,14,0,0,0,0,0,0,0,0,0,0,0,0,0,0,17,195,0,0,11.9,0,0,0,0,0,0,0,898,2,0,0,0,0,0,43,0,0,0,0,0,0,0,31,170,0,0,872,118,100,155,100,1,221,90,0,0,0,0,1,,
skill_4609,4609,??????????,4601,9,1,41,14,0,0,0,0,0,0,0,0,0,0,0,0,0,0,17,200,0,0,11.9,0,0,0,0,0,0,0,899,2,0,0,0,0,0,43,0,0,0,0,0,0,0,31,180,0,0,872,118,100,155,100,1,221,90,0,0,0,0,1,,
skill_4801,4801,??????????????,4801,1,1,41,2,0,0,0,33,0,0,0,0,0,0,0,0,0,0,17,120,0,0,0.0,0,0,0,0,0,0,0,0,0,0,0,0,0,0,44,0,0,0,0,0,0,0,31,100,0,0,859,112,100,151,100,0,221,90,0,0,1752,1501,,,
skill_4802,4802,??????????????,4801,2,1,41,2,0,0,0,33,0,0,0,0,0,0,0,0,0,0,17,130,0,0,0.0,0,0,0,0,0,0,0,0,0,0,0,0,0,0,44,0,0,0,0,0,0,0,31,110,0,0,859,112,100,151,100,0,221,90,0,0,1752,1501,,,
skill_4803,4803,??????????????,4801,3,1,41,2,0,0,0,33,0,0,0,0,0,0,0,0,0,0,17,140,0,0,0.0,0,0,0,0,0,0,0,0,0,0,0,0,0,0,44,0,0,0,0,0,0,0,31,120,0,0,859,112,100,151,100,0,221,90,0,0,1752,1501,,,
skill_4804,4804,??????????????,4801,4,1,41,2,0,0,0,33,0,0,0,0,0,0,0,0,0,0,17,150,0,0,0.0,0,0,0,0,0,0,0,0,0,0,0,0,0,0,44,0,0,0,0,0,0,0,31,130,0,0,859,112,100,151,100,0,221,90,0,0,1752,1501,,,
skill_4805,4805,??????????????,4801,5,1,41,2,0,0,0,33,0,0,0,0,0,0,0,0,0,0,17,160,0,0,0.0,0,0,0,0,0,0,0,0,0,0,0,0,0,0,44,0,0,0,0,0,0,0,31,140,0,0,859,112,100,151,100,0,221,90,0,0,1752,1501,,,
skill_4806,4806,??????????????,4801,6,1,41,2,0,0,0,33,0,0,0,0,0,0,0,0,0,0,17,170,0,0,0.0,0,0,0,0,0,0,0,0,0,0,0,0,0,0,44,0,0,0,0,0,0,0,31,150,0,0,859,112,100,151,100,0,221,90,0,0,1752,1501,,,
skill_4807,4807,??????????????,4801,7,1,41,2,0,0,0,33,0,0,0,0,0,0,0,0,0,0,17,180,0,0,0.0,0,0,0,0,0,0,0,0,0,0,0,0,0,0,44,0,0,0,0,0,0,0,31,160,0,0,859,112,100,151,100,0,221,90,0,0,1752,1501,,,
skill_4808,4808,??????????????,4801,8,1,41,2,0,0,0,33,0,0,0,0,0,0,0,0,0,0,17,190,0,0,0.0,0,0,0,0,0,0,0,0,0,0,0,0,0,0,44,0,0,0,0,0,0,0,31,170,0,0,859,112,100,151,100,0,221,90,0,0,1752,1501,,,
skill_4809,4809,??????????????,4801,9,1,41,2,0,0,0,33,0,0,0,0,0,0,0,0,0,0,17,200,0,0,0.0,0,0,0,0,0,0,0,0,0,0,0,0,0,0,44,0,0,0,0,0,0,0,31,180,0,0,859,112,100,151,100,0,221,90,0,0,1752,1501,,,
skill_4811,4811,????????????,4811,1,1,41,2,0,0,0,31,0,0,0,0,0,0,0,0,0,0,17,120,0,0,0.0,0,0,0,0,0,0,0,0,0,0,0,0,0,0,44,0,0,0,0,0,0,0,31,100,0,0,858,112,100,151,100,0,221,90,0,0,1752,1501,,,
skill_4812,4812,????????????,4811,2,1,41,2,0,0,0,31,0,0,0,0,0,0,0,0,0,0,17,130,0,0,0.0,0,0,0,0,0,0,0,0,0,0,0,0,0,0,44,0,0,0,0,0,0,0,31,110,0,0,858,112,100,151,100,0,221,90,0,0,1752,1501,,,
skill_4813,4813,????????????,4811,3,1,41,2,0,0,0,31,0,0,0,0,0,0,0,0,0,0,17,140,0,0,0.0,0,0,0,0,0,0,0,0,0,0,0,0,0,0,44,0,0,0,0,0,0,0,31,120,0,0,858,112,100,151,100,0,221,90,0,0,1752,1501,,,
skill_4814,4814,????????????,4811,4,1,41,2,0,0,0,31,0,0,0,0,0,0,0,0,0,0,17,150,0,0,0.0,0,0,0,0,0,0,0,0,0,0,0,0,0,0,44,0,0,0,0,0,0,0,31,130,0,0,858,112,100,151,100,0,221,90,0,0,1752,1501,,,
skill_4815,4815,????????????,4811,5,1,41,2,0,0,0,31,0,0,0,0,0,0,0,0,0,0,17,160,0,0,0.0,0,0,0,0,0,0,0,0,0,0,0,0,0,0,44,0,0,0,0,0,0,0,31,140,0,0,858,112,100,151,100,0,221,90,0,0,1752,1501,,,
skill_4816,4816,????????????,4811,6,1,41,2,0,0,0,31,0,0,0,0,0,0,0,0,0,0,17,170,0,0,0.0,0,0,0,0,0,0,0,0,0,0,0,0,0,0,44,0,0,0,0,0,0,0,31,150,0,0,858,112,100,151,100,0,221,90,0,0,1752,1501,,,
skill_4817,4817,????????????,4811,7,1,41,2,0,0,0,31,0,0,0,0,0,0,0,0,0,0,17,180,0,0,0.0,0,0,0,0,0,0,0,0,0,0,0,0,0,0,44,0,0,0,0,0,0,0,31,160,0,0,858,112,100,151,100,0,221,90,0,0,1752,1501,,,
skill_4818,4818,????????????,4811,8,1,41,2,0,0,0,31,0,0,0,0,0,0,0,0,0,0,17,190,0,0,0.0,0,0,0,0,0,0,0,0,0,0,0,0,0,0,44,0,0,0,0,0,0,0,31,170,0,0,858,112,100,151,100,0,221,90,0,0,1752,1501,,,
skill_4819,4819,????????????,4811,9,1,41,2,0,0,0,31,0,0,0,0,0,0,0,0,0,0,17,200,0,0,0.0,0,0,0,0,0,0,0,0,0,0,0,0,0,0,44,0,0,0,0,0,0,0,31,180,0,0,858,112,100,151,100,0,221,90,0,0,1752,1501,,,
skill_4821,4821,????????,0,0,0,0,0,0,0,0,0,0,0,0,0,0,0,0,0,0,0,0,0,0,0,0.0,0,0,0,0,0,0,0,0,0,0,0,0,0,0,0,0,0,0,0,0,0,0,0,0,0,0,861,0,0,0,0,0,0,0,0,0,0,0,,,
skill_4822,4822,????????,0,0,0,0,0,0,0,0,0,0,0,0,0,0,0,0,0,0,0,0,0,0,0,0.0,0,0,0,0,0,0,0,0,0,0,0,0,0,0,0,0,0,0,0,0,0,0,0,0,0,0,861,0,0,0,0,0,0,0,0,0,0,0,,,
skill_4823,4823,????????,0,0,0,0,0,0,0,0,0,0,0,0,0,0,0,0,0,0,0,0,0,0,0,0.0,0,0,0,0,0,0,0,0,0,0,0,0,0,0,0,0,0,0,0,0,0,0,0,0,0,0,861,0,0,0,0,0,0,0,0,0,0,0,,,
skill_5000,5000,???????? ????,5000,0,0,31,1,7,0,0,0,0,0,0,0,0,0,0,0,0,0,0,0,0,0,29.9,0,0,0,0,0,0,0,0,0,0,0,0,0,0,0,0,0,0,0,0,0,0,0,0,0,0,702,0,0,261,100,0,0,0,0,0,0,0,3,,
skill_5001,5001,???????? ????????,5001,0,0,32,1,14,0,0,0,0,0,0,0,0,0,0,0,0,0,0,0,0,0,29.9,0,0,0,0,0,0,0,0,0,0,0,0,0,0,0,0,0,0,0,0,0,0,0,0,0,0,703,0,0,261,100,0,0,0,0,0,0,0,5,,
skill_5501,5501,??????,5501,0,0,51,11,1800,6,0,0,1,0,0,0,0,0,0,0,0,0,17,60,0,0,19.9,0,0,0,0,0,0,0,0,2,0,0,0,0,0,0,0,0,0,0,0,0,0,31,100,0,0,850,112,100,151,100,0,221,90,0,0,1752,1507,1,,
skill_5502,5502,??????,5502,0,0,51,11,1800,8,0,0,0,0,0,0,0,0,0,0,0,0,17,60,0,0,11.9,0,0,0,0,0,0,0,0,2,0,0,0,0,0,0,0,0,0,0,0,0,0,31,40,0,0,847,112,160,151,130,0,221,90,0,0,1751,1501,1,,
skill_5503,5503,??????????,5503,0,0,51,14,0,0,0,0,0,0,0,0,0,0,0,0,0,0,0,0,0,0,0.0,0,0,0,0,0,0,0,941,2,0,0,0,0,0,0,0,0,0,0,0,0,0,0,0,0,0,872,118,100,155,100,1,221,90,0,0,0,0,1,,
skill_5504,5504,????????,5504,0,0,51,14,0,0,0,0,0,0,0,0,0,0,0,0,0,0,0,0,0,0,0.0,0,0,0,0,0,0,0,965,2,0,0,0,0,0,0,0,0,0,0,0,0,0,0,0,0,0,872,118,100,155,100,1,221,90,0,0,0,0,1,,
skill_5570,5570,????,5570,0,0,51,16,0,0,0,0,0,0,0,0,0,0,0,0,0,0,0,0,0,0,0.0,0,0,0,0,0,0,0,0,2,0,0,0,0,0,0,0,0,0,0,0,0,0,0,0,0,0,873,20,200,23,100,0,0,0,0,0,0,0,1,,
skill_5571,5571,????,5571,0,0,51,16,0,0,0,0,0,0,0,0,0,0,0,0,0,0,0,0,0,0,0.0,0,0,0,0,0,0,0,0,2,0,0,0,0,0,0,0,0,0,0,0,0,0,0,0,0,0,874,20,200,22,100,0,0,0,0,0,0,0,1,,
skill_5572,5572,????,5572,0,0,51,16,0,0,0,0,0,0,0,0,0,0,0,0,0,0,0,0,0,0,0.0,0,0,0,0,0,0,0,0,2,0,0,0,0,0,0,0,0,0,0,0,0,0,0,0,0,0,875,20,200,26,100,0,0,0,0,0,0,0,1,,
skill_5573,5573,????,5573,0,0,51,16,0,0,0,0,0,0,0,0,0,0,0,0,0,0,0,0,0,0,0.0,0,0,0,0,0,0,0,0,2,0,0,0,0,0,0,0,0,0,0,0,0,0,0,0,0,0,876,20,200,25,100,0,0,0,0,0,0,0,1,,
skill_5574,5574,????,5574,0,0,51,11,160,3,0,0,0,0,0,0,0,0,0,0,0,0,0,0,0,0,2.9,0,0,0,0,0,0,0,0,2,0,0,0,0,0,0,0,0,0,0,0,0,0,0,0,0,0,877,20,200,21,100,0,0,0,0,0,0,0,1,,
skill_5575,5575,????,5575,0,0,51,16,0,0,0,0,0,0,0,0,0,0,0,0,0,0,0,0,0,0,0.0,0,0,0,0,0,0,0,0,2,0,0,0,0,0,0,0,0,0,0,0,0,0,0,0,0,0,878,20,200,27,100,0,0,0,0,0,0,0,1,,
skill_5576,5576,????,5576,0,0,51,16,0,0,0,0,0,0,0,0,0,0,0,0,0,0,0,0,0,0,0.0,0,0,0,0,0,0,0,0,2,0,0,0,0,0,0,0,0,0,0,0,0,0,0,0,0,0,879,20,200,28,100,0,0,0,0,0,0,0,1,,
skill_5577,5577,????,5577,0,0,51,16,0,0,0,0,0,0,0,0,0,0,0,0,0,0,0,0,0,0,0.0,0,0,0,0,0,0,0,0,2,0,0,0,0,0,0,0,0,0,0,0,0,0,0,0,0,0,880,20,200,30,100,0,0,0,0,0,0,0,1,,
skill_5580,5580,?????? ????,5580,1,0,0,11,160,3,0,0,0,0,0,0,0,0,0,0,0,0,17,10,0,0,2.9,0,16,20,0,0,0,0,0,0,0,0,0,0,0,0,0,0,0,0,0,0,0,0,0,0,0,5,20,200,21,100,0,0,0,0,0,0,140,1,,
skill_5581,5581,?????? ??????,5581,1,0,0,11,160,3,0,0,0,0,0,0,0,0,0,0,0,0,17,10,0,0,2.9,0,17,15,0,0,0,0,0,0,0,0,0,0,0,0,0,0,0,0,0,0,0,0,0,0,0,5,20,200,21,100,0,0,0,0,0,0,140,1,,
skill_5582,5582,????,5582,0,0,0,11,100,3,0,0,0,0,0,0,0,0,0,0,0,0,17,0,0,0,0.0,0,16,100,0,0,0,0,0,0,0,0,0,0,0,0,0,0,0,0,0,0,0,0,0,0,0,5,0,0,21,100,0,0,0,0,0,0,0,1,,
skill_5583,5583,???? ????(10????),5583,0,0,0,11,500,3,0,0,0,0,0,0,0,0,0,0,0,0,40,10,0,0,0.0,0,40,10,0,0,0,0,0,0,0,0,0,0,0,0,0,0,0,0,0,0,0,0,0,0,0,4,0,0,21,100,0,0,0,0,0,0,0,1,,
skill_5584,5584,???? ????(50????),5584,0,0,0,11,500,3,0,0,0,0,0,0,0,0,0,0,0,0,40,50,0,0,0.0,0,40,50,0,0,0,0,0,0,0,0,0,0,0,0,0,0,0,0,0,0,0,0,0,0,0,4,0,0,21,100,0,0,0,0,0,0,0,1,,
skill_5585,5585,?????? ????,5585,0,0,0,16,0,0,0,0,0,0,0,0,0,0,0,0,0,0,0,0,0,0,2.9,0,0,0,0,0,0,0,0,0,0,0,0,0,0,0,0,0,0,0,0,0,0,0,0,0,0,13,20,200,23,100,0,0,0,0,0,0,0,1,,
skill_5586,5586,?????? ????,5586,0,0,0,16,0,0,0,0,0,0,0,0,0,0,0,0,0,0,0,0,0,0,2.9,0,0,0,0,0,0,0,0,0,0,0,0,0,0,0,0,0,0,0,0,0,0,0,0,0,0,15,20,200,22,100,0,0,0,0,0,0,0,1,,
skill_5587,5587,?????? ????,5587,0,0,0,16,0,0,0,0,0,0,0,0,0,0,0,0,0,0,0,0,0,0,2.9,0,0,0,0,0,0,0,0,0,0,0,0,0,0,0,0,0,0,0,0,0,0,0,0,0,0,14,20,200,31,100,0,0,0,0,0,0,0,1,,
skill_5588,5588,?????? ????,5588,0,0,0,11,160,8,0,0,0,0,0,0,0,0,0,0,0,0,17,10,0,0,2.9,0,16,20,0,0,0,0,0,0,0,0,0,0,0,0,0,0,0,0,0,0,0,0,0,0,0,24,20,200,21,100,0,0,0,0,0,0,140,1,,
skill_5589,5589,?????? ??????,5589,0,0,0,11,160,8,0,0,0,0,0,0,0,0,0,0,0,0,17,10,0,0,2.9,0,17,15,0,0,0,0,0,0,0,0,0,0,0,0,0,0,0,0,0,0,0,0,0,0,0,23,20,200,21,100,0,0,0,0,0,0,140,1,,
skill_5590,5590,????,5590,0,0,0,16,0,0,0,0,0,0,0,0,0,0,0,0,0,0,0,0,0,0,2.9,0,0,0,0,0,0,0,0,0,0,0,0,0,0,0,0,0,0,0,0,0,0,0,0,0,0,17,20,200,26,100,0,0,0,0,0,0,0,1,,
skill_5591,5591,??????,5591,0,0,0,16,0,0,0,0,0,0,0,0,0,0,0,0,0,0,0,0,0,0,2.9,0,0,0,0,0,0,0,0,0,0,0,0,0,0,0,0,0,0,0,0,0,0,0,0,0,0,18,20,200,27,100,0,0,0,0,0,0,0,1,,
skill_5592,5592,????,5592,0,0,0,16,0,0,0,0,0,0,0,0,0,0,0,0,0,0,0,0,0,0,2.9,0,0,0,0,0,0,0,0,0,0,0,0,0,0,0,0,0,0,0,0,0,0,0,0,0,0,11,20,200,30,100,0,0,0,0,0,0,0,1,,
skill_5593,5593,????,5593,0,0,0,16,0,0,0,0,0,0,0,0,0,0,0,0,0,0,0,0,0,0,2.9,0,0,0,0,0,0,0,0,0,0,0,0,0,0,0,0,0,0,0,0,0,0,0,0,0,0,19,20,200,28,100,0,0,0,0,0,0,0,1,,
skill_5594,5594,????,5594,0,0,0,16,0,0,0,0,0,0,0,0,0,0,0,0,0,0,0,0,0,0,2.9,0,0,0,0,0,0,0,0,0,0,0,0,0,0,0,0,0,0,0,0,0,0,0,0,0,0,16,20,200,25,100,0,0,0,0,0,0,0,1,,
skill_5595,5595,????1,5595,0,0,0,16,0,8,1400,0,0,0,0,0,0,0,0,0,0,0,17,10,0,0,11.9,0,76,10,0,0,0,0,0,0,0,0,0,0,0,0,0,0,0,0,0,0,0,0,0,0,0,68,41,100,53,100,0,0,0,0,0,0,0,,,
skill_5601,5601,?????? ????????,5601,0,0,51,15,0,0,0,0,0,0,0,0,0,0,0,0,0,0,0,0,0,0,0.0,0,0,0,0,0,0,0,0,0,0,0,0,0,0,41,0,0,0,0,0,0,0,0,0,0,0,884,0,0,0,0,0,0,0,0,0,0,0,,,
skill_5602,5602,?????? ????????,5602,0,0,51,15,0,0,0,0,0,0,0,0,0,0,0,0,0,0,0,0,0,0,0.0,0,0,0,0,0,0,0,0,0,0,0,0,0,0,41,0,0,0,0,0,0,0,0,0,0,0,885,0,0,0,0,0,0,0,0,0,0,0,,,
skill_5603,5603,?????? ??????,5603,0,0,51,15,0,0,0,0,0,0,0,0,0,0,0,0,0,0,0,0,0,0,0.0,0,0,0,0,0,0,0,0,0,0,0,0,0,0,41,0,0,0,0,0,0,0,0,0,0,0,886,0,0,0,0,0,0,0,0,0,0,0,,,
skill_5604,5604,?????? ??????,5604,0,0,51,15,0,0,0,0,0,0,0,0,0,0,0,0,0,0,0,0,0,0,0.0,0,0,0,0,0,0,0,0,0,0,0,0,0,0,41,0,0,0,0,0,0,0,0,0,0,0,887,0,0,0,0,0,0,0,0,0,0,0,,,
skill_5605,5605,?????? ??????,5605,0,0,51,15,0,0,0,0,0,0,0,0,0,0,0,0,0,0,0,0,0,0,0.0,0,0,0,0,0,0,0,0,0,0,0,0,0,0,41,0,0,0,0,0,0,0,0,0,0,0,888,0,0,0,0,0,0,0,0,0,0,0,,,
skill_5606,5606,?????? ??????,5606,0,0,51,15,0,0,0,0,0,0,0,0,0,0,0,0,0,0,0,0,0,0,0.0,0,0,0,0,0,0,0,0,0,0,0,0,0,0,41,0,0,0,0,0,0,0,0,0,0,0,889,0,0,0,0,0,0,0,0,0,0,0,,,
skill_5607,5607,?????? ????????,5607,0,0,51,15,0,0,0,0,0,0,0,0,0,0,0,0,0,0,0,0,0,0,0.0,0,0,0,0,0,0,0,0,0,0,0,0,0,0,41,0,0,0,0,0,0,0,0,0,0,0,890,0,0,0,0,0,0,0,0,0,0,0,,,
skill_5608,5608,?????? ????????,5608,0,0,51,15,0,0,0,0,0,0,0,0,0,0,0,0,0,0,0,0,0,0,0.0,0,0,0,0,0,0,0,0,0,0,0,0,0,0,41,0,0,0,0,0,0,0,0,0,0,0,891,0,0,0,0,0,0,0,0,0,0,0,,,
skill_5701,5701,????????,5701,0,0,51,20,1000,9,0,70,0,0,0,0,0,0,0,0,0,0,17,250,0,0,9.9,0,0,0,0,0,0,0,0,0,0,0,0,0,0,42,0,0,0,0,0,0,0,0,0,0,0,845,194,100,195,100,1,266,90,0,0,0,1501,1,,
skill_5702,5702,?????? ??????,5702,0,0,51,15,0,0,0,0,0,0,0,0,0,0,0,0,0,0,0,0,0,0,0.0,0,0,0,0,0,0,0,0,0,0,0,0,0,0,42,0,0,0,0,0,0,0,0,0,0,0,892,0,0,0,0,0,0,0,0,0,0,0,,,
skill_5703,5703,?????? ??????,5703,0,0,51,15,0,0,0,0,0,0,0,0,0,0,0,0,0,0,0,0,0,0,0.0,0,0,0,0,0,0,0,0,0,0,0,0,0,0,42,0,0,0,0,0,0,0,0,0,0,0,893,0,0,0,0,0,0,0,0,0,0,0,,,
skill_5704,5704,?????? ????,5704,0,0,51,15,0,0,0,0,0,0,0,0,0,0,0,0,0,0,0,0,0,0,0.0,0,0,0,0,0,0,0,0,0,0,0,0,0,0,42,0,0,0,0,0,0,0,0,0,0,0,894,0,0,0,0,0,0,0,0,0,0,0,,,
skill_5705,5705,?????? ????,5705,0,0,51,15,0,0,0,0,0,0,0,0,0,0,0,0,0,0,0,0,0,0,0.0,0,0,0,0,0,0,0,0,0,0,0,0,0,0,42,0,0,0,0,0,0,0,0,0,0,0,895,0,0,0,0,0,0,0,0,0,0,0,,,
skill_5801,5801,?????? ??,5801,0,0,51,15,0,0,0,0,0,0,0,0,0,0,0,0,0,0,0,0,0,0,0.0,0,0,0,0,0,0,0,0,0,0,0,0,0,0,43,0,0,0,0,0,0,0,0,0,0,0,897,0,0,0,0,0,0,0,0,0,0,0,,,
skill_5802,5802,?????? ??,5802,0,0,51,15,0,0,0,0,0,0,0,0,0,0,0,0,0,0,0,0,0,0,0.0,0,0,0,0,0,0,0,0,0,0,0,0,0,0,43,0,0,0,0,0,0,0,0,0,0,0,898,0,0,0,0,0,0,0,0,0,0,0,,,
skill_5803,5803,?????? ??????,5803,0,0,51,15,0,0,0,0,0,0,0,0,0,0,0,0,0,0,0,0,0,0,0.0,0,0,0,0,0,0,0,0,0,0,0,0,0,0,43,0,0,0,0,0,0,0,0,0,0,0,899,0,0,0,0,0,0,0,0,0,0,0,,,
skill_5804,5804,?????? ??????,5804,0,0,51,15,0,0,0,0,0,0,0,0,0,0,0,0,0,0,0,0,0,0,0.0,0,0,0,0,0,0,0,0,0,0,0,0,0,0,43,0,0,0,0,0,0,0,0,0,0,0,900,0,0,0,0,0,0,0,0,0,0,0,,,
skill_5805,5805,?????? ??????,5805,0,0,51,15,0,0,0,0,0,0,0,0,0,0,0,0,0,0,0,0,0,0,0.0,0,0,0,0,0,0,0,0,0,0,0,0,0,0,43,0,0,0,0,0,0,0,0,0,0,0,901,0,0,0,0,0,0,0,0,0,0,0,,,
skill_5806,5806,?????? ??????,5806,0,0,51,15,0,0,0,0,0,0,0,0,0,0,0,0,0,0,0,0,0,0,0.0,0,0,0,0,0,0,0,0,0,0,0,0,0,0,43,0,0,0,0,0,0,0,0,0,0,0,902,0,0,0,0,0,0,0,0,0,0,0,,,
skill_5807,5807,?????? ??????,5807,0,0,51,6,1800,5,0,750,1,32,0,24,0,1,0,67,6,2,17,237,0,0,9.9,0,0,0,0,0,0,0,0,2,241,0,0,0,0,0,0,801,18,0,0,0,0,0,0,0,0,70,117,90,154,120,3,269,1574,1574,0,1754,1310,,,
skill_5808,5808,?????? ??????,5808,0,0,51,7,3000,5,1800,430,1,23,0,15,0,1,0,78,22,2,17,150,0,0,14.9,0,21,0,25,0,0,0,0,0,241,242,0,0,0,63,0,0,0,0,0,0,0,31,208,0,0,269,117,100,154,100,1,287,1112,1574,0,1834,1310,,,
skill_5809,5809,?????? ??????,5809,0,0,51,7,4000,5,800,410,1,0,0,0,0,0,0,0,0,1,17,90,0,0,10.9,0,0,0,0,0,0,0,0,2,231,271,0,0,0,66,0,0,0,0,0,0,0,31,208,0,0,121,213,100,215,100,0,288,148,1122,0,1068,243,,,
skill_5901,5901,??????????,0,0,0,0,0,0,0,0,0,0,0,0,0,0,0,0,0,0,0,0,0,0,0,0.0,0,0,0,0,0,0,0,0,0,0,0,0,0,0,0,0,0,0,0,0,0,0,0,0,0,0,860,0,0,0,0,0,0,0,0,0,0,0,,,
skill_5902,5902,?????? ??,5902,0,0,51,15,0,0,0,0,0,0,0,0,0,0,0,0,0,0,0,0,0,0,0.0,0,0,0,0,0,0,0,0,0,0,0,0,0,0,44,0,0,0,0,0,0,0,0,0,0,0,903,0,0,0,0,0,0,0,0,0,0,0,,,
skill_5903,5903,?????? ??,5903,0,0,51,15,0,0,0,0,0,0,0,0,0,0,0,0,0,0,0,0,0,0,0.0,0,0,0,0,0,0,0,0,0,0,0,0,0,0,44,0,0,0,0,0,0,0,0,0,0,0,904,0,0,0,0,0,0,0,0,0,0,0,,,
skill_5904,5904,?????? ????,5904,0,0,51,15,0,0,0,0,0,0,0,0,0,0,0,0,0,0,0,0,0,0,0.0,0,0,0,0,0,0,0,0,0,0,0,0,0,0,44,0,0,0,0,0,0,0,0,0,0,0,905,0,0,0,0,0,0,0,0,0,0,0,,,
skill_5905,5905,?????? ????,5905,0,0,51,15,0,0,0,0,0,0,0,0,0,0,0,0,0,0,0,0,0,0,0.0,0,0,0,0,0,0,0,0,0,0,0,0,0,0,44,0,0,0,0,0,0,0,0,0,0,0,906,0,0,0,0,0,0,0,0,0,0,0,,,
skill_6200,6200,DO NOT USE,0,0,0,0,0,0,0,0,0,0,0,0,0,0,0,0,0,0,0,0,0,0,0,0.0,0,0,0,0,0,0,0,0,0,0,0,0,0,0,0,0,0,0,0,0,0,0,0,0,0,0,0,0,0,0,0,0,0,0,0,0,0,0,,,
skill_6201,6201,DO NOT USE,0,0,0,0,0,0,0,0,0,0,0,0,0,0,0,0,0,0,0,0,0,0,0,0.0,0,0,0,0,0,0,0,0,0,0,0,0,0,0,0,0,0,0,0,0,0,0,0,0,0,0,0,0,0,0,0,0,0,0,0,0,0,0,,,
skill_6202,6202,DO NOT USE,0,0,0,0,0,0,0,0,0,0,0,0,0,0,0,0,0,0,0,0,0,0,0,0.0,0,0,0,0,0,0,0,0,0,0,0,0,0,0,0,0,0,0,0,0,0,0,0,0,0,0,0,0,0,0,0,0,0,0,0,0,0,0,,,
skill_6203,6203,DO NOT USE,0,0,0,0,0,0,0,0,0,0,0,0,0,0,0,0,0,0,0,0,0,0,0,0.0,0,0,0,0,0,0,0,0,0,0,0,0,0,0,0,0,0,0,0,0,0,0,0,0,0,0,0,0,0,0,0,0,0,0,0,0,0,0,,,
skill_6204,6204,DO NOT USE,0,0,0,0,0,0,0,0,0,0,0,0,0,0,0,0,0,0,0,0,0,0,0,0.0,0,0,0,0,0,0,0,0,0,0,0,0,0,0,0,0,0,0,0,0,0,0,0,0,0,0,0,0,0,0,0,0,0,0,0,0,0,0,,,
skill_6205,6205,DO NOT USE,0,0,0,0,0,0,0,0,0,0,0,0,0,0,0,0,0,0,0,0,0,0,0,0.0,0,0,0,0,0,0,0,0,0,0,0,0,0,0,0,0,0,0,0,0,0,0,0,0,0,0,0,0,0,0,0,0,0,0,0,0,0,0,,,
skill_6206,6206,DO NOT USE,0,0,0,0,0,0,0,0,0,0,0,0,0,0,0,0,0,0,0,0,0,0,0,0.0,0,0,0,0,0,0,0,0,0,0,0,0,0,0,0,0,0,0,0,0,0,0,0,0,0,0,0,0,0,0,0,0,0,0,0,0,0,0,,,
skill_6207,6207,DO NOT USE,0,0,0,0,0,0,0,0,0,0,0,0,0,0,0,0,0,0,0,0,0,0,0,0.0,0,0,0,0,0,0,0,0,0,0,0,0,0,0,0,0,0,0,0,0,0,0,0,0,0,0,0,0,0,0,0,0,0,0,0,0,0,0,,,
skill_6208,6208,DO NOT USE,0,0,0,0,0,0,0,0,0,0,0,0,0,0,0,0,0,0,0,0,0,0,0,0.0,0,0,0,0,0,0,0,0,0,0,0,0,0,0,0,0,0,0,0,0,0,0,0,0,0,0,0,0,0,0,0,0,0,0,0,0,0,0,,,
skill_6209,6209,DO NOT USE,0,0,0,0,0,0,0,0,0,0,0,0,0,0,0,0,0,0,0,0,0,0,0,0.0,0,0,0,0,0,0,0,0,0,0,0,0,0,0,0,0,0,0,0,0,0,0,0,0,0,0,0,0,0,0,0,0,0,0,0,0,0,0,,,
skill_6211,6211,DO NOT USE,0,0,0,0,0,0,0,0,0,0,0,0,0,0,0,0,0,0,0,0,0,0,0,0.0,0,0,0,0,0,0,0,0,0,0,0,0,0,0,0,0,0,0,0,0,0,0,0,0,0,0,0,0,0,0,0,0,0,0,0,0,0,0,,,
skill_6212,6212,DO NOT USE,0,0,0,0,0,0,0,0,0,0,0,0,0,0,0,0,0,0,0,0,0,0,0,0.0,0,0,0,0,0,0,0,0,0,0,0,0,0,0,0,0,0,0,0,0,0,0,0,0,0,0,0,0,0,0,0,0,0,0,0,0,0,0,,,
skill_6213,6213,DO NOT USE,0,0,0,0,0,0,0,0,0,0,0,0,0,0,0,0,0,0,0,0,0,0,0,0.0,0,0,0,0,0,0,0,0,0,0,0,0,0,0,0,0,0,0,0,0,0,0,0,0,0,0,0,0,0,0,0,0,0,0,0,0,0,0,,,
skill_6214,6214,DO NOT USE,0,0,0,0,0,0,0,0,0,0,0,0,0,0,0,0,0,0,0,0,0,0,0,0.0,0,0,0,0,0,0,0,0,0,0,0,0,0,0,0,0,0,0,0,0,0,0,0,0,0,0,0,0,0,0,0,0,0,0,0,0,0,0,,,
skill_6215,6215,DO NOT USE,0,0,0,0,0,0,0,0,0,0,0,0,0,0,0,0,0,0,0,0,0,0,0,0.0,0,0,0,0,0,0,0,0,0,0,0,0,0,0,0,0,0,0,0,0,0,0,0,0,0,0,0,0,0,0,0,0,0,0,0,0,0,0,,,
skill_6216,6216,DO NOT USE,0,0,0,0,0,0,0,0,0,0,0,0,0,0,0,0,0,0,0,0,0,0,0,0.0,0,0,0,0,0,0,0,0,0,0,0,0,0,0,0,0,0,0,0,0,0,0,0,0,0,0,0,0,0,0,0,0,0,0,0,0,0,0,,,
skill_6217,6217,DO NOT USE,0,0,0,0,0,0,0,0,0,0,0,0,0,0,0,0,0,0,0,0,0,0,0,0.0,0,0,0,0,0,0,0,0,0,0,0,0,0,0,0,0,0,0,0,0,0,0,0,0,0,0,0,0,0,0,0,0,0,0,0,0,0,0,,,
skill_6218,6218,DO NOT USE,0,0,0,0,0,0,0,0,0,0,0,0,0,0,0,0,0,0,0,0,0,0,0,0.0,0,0,0,0,0,0,0,0,0,0,0,0,0,0,0,0,0,0,0,0,0,0,0,0,0,0,0,0,0,0,0,0,0,0,0,0,0,0,,,
skill_6219,6219,DO NOT USE,0,0,0,0,0,0,0,0,0,0,0,0,0,0,0,0,0,0,0,0,0,0,0,0.0,0,0,0,0,0,0,0,0,0,0,0,0,0,0,0,0,0,0,0,0,0,0,0,0,0,0,0,0,0,0,0,0,0,0,0,0,0,0,,,
skill_6220,6220,DO NOT USE,0,0,0,0,0,0,0,0,0,0,0,0,0,0,0,0,0,0,0,0,0,0,0,0.0,0,0,0,0,0,0,0,0,0,0,0,0,0,0,0,0,0,0,0,0,0,0,0,0,0,0,0,0,0,0,0,0,0,0,0,0,0,0,,,
skill_6222,6222,DO NOT USE,0,0,0,0,0,0,0,0,0,0,0,0,0,0,0,0,0,0,0,0,0,0,0,0.0,0,0,0,0,0,0,0,0,0,0,0,0,0,0,0,0,0,0,0,0,0,0,0,0,0,0,0,0,0,0,0,0,0,0,0,0,0,0,,,
skill_6223,6223,DO NOT USE,0,0,0,0,0,0,0,0,0,0,0,0,0,0,0,0,0,0,0,0,0,0,0,0.0,0,0,0,0,0,0,0,0,0,0,0,0,0,0,0,0,0,0,0,0,0,0,0,0,0,0,0,0,0,0,0,0,0,0,0,0,0,0,,,
skill_6224,6224,DO NOT USE,0,0,0,0,0,0,0,0,0,0,0,0,0,0,0,0,0,0,0,0,0,0,0,0.0,0,0,0,0,0,0,0,0,0,0,0,0,0,0,0,0,0,0,0,0,0,0,0,0,0,0,0,0,0,0,0,0,0,0,0,0,0,0,,,
skill_6225,6225,DO NOT USE,0,0,0,0,0,0,0,0,0,0,0,0,0,0,0,0,0,0,0,0,0,0,0,0.0,0,0,0,0,0,0,0,0,0,0,0,0,0,0,0,0,0,0,0,0,0,0,0,0,0,0,0,0,0,0,0,0,0,0,0,0,0,0,,,
skill_6226,6226,DO NOT USE,0,0,0,0,0,0,0,0,0,0,0,0,0,0,0,0,0,0,0,0,0,0,0,0.0,0,0,0,0,0,0,0,0,0,0,0,0,0,0,0,0,0,0,0,0,0,0,0,0,0,0,0,0,0,0,0,0,0,0,0,0,0,0,,,
skill_6227,6227,DO NOT USE,0,0,0,0,0,0,0,0,0,0,0,0,0,0,0,0,0,0,0,0,0,0,0,0.0,0,0,0,0,0,0,0,0,0,0,0,0,0,0,0,0,0,0,0,0,0,0,0,0,0,0,0,0,0,0,0,0,0,0,0,0,0,0,,,
skill_6228,6228,DO NOT USE,0,0,0,0,0,0,0,0,0,0,0,0,0,0,0,0,0,0,0,0,0,0,0,0.0,0,0,0,0,0,0,0,0,0,0,0,0,0,0,0,0,0,0,0,0,0,0,0,0,0,0,0,0,0,0,0,0,0,0,0,0,0,0,,,
skill_6229,6229,DO NOT USE,0,0,0,0,0,0,0,0,0,0,0,0,0,0,0,0,0,0,0,0,0,0,0,0.0,0,0,0,0,0,0,0,0,0,0,0,0,0,0,0,0,0,0,0,0,0,0,0,0,0,0,0,0,0,0,0,0,0,0,0,0,0,0,,,
skill_6230,6230,DO NOT USE,0,0,0,0,0,0,0,0,0,0,0,0,0,0,0,0,0,0,0,0,0,0,0,0.0,0,0,0,0,0,0,0,0,0,0,0,0,0,0,0,0,0,0,0,0,0,0,0,0,0,0,0,0,0,0,0,0,0,0,0,0,0,0,,,
skill_6231,6231,DO NOT USE,0,0,0,0,0,0,0,0,0,0,0,0,0,0,0,0,0,0,0,0,0,0,0,0.0,0,0,0,0,0,0,0,0,0,0,0,0,0,0,0,0,0,0,0,0,0,0,0,0,0,0,0,0,0,0,0,0,0,0,0,0,0,0,,,
skill_6233,6233,DO NOT USE,0,0,0,0,0,0,0,0,0,0,0,0,0,0,0,0,0,0,0,0,0,0,0,0.0,0,0,0,0,0,0,0,0,0,0,0,0,0,0,0,0,0,0,0,0,0,0,0,0,0,0,0,0,0,0,0,0,0,0,0,0,0,0,,,
skill_6234,6234,DO NOT USE,0,0,0,0,0,0,0,0,0,0,0,0,0,0,0,0,0,0,0,0,0,0,0,0.0,0,0,0,0,0,0,0,0,0,0,0,0,0,0,0,0,0,0,0,0,0,0,0,0,0,0,0,0,0,0,0,0,0,0,0,0,0,0,,,
skill_6235,6235,DO NOT USE,0,0,0,0,0,0,0,0,0,0,0,0,0,0,0,0,0,0,0,0,0,0,0,0.0,0,0,0,0,0,0,0,0,0,0,0,0,0,0,0,0,0,0,0,0,0,0,0,0,0,0,0,0,0,0,0,0,0,0,0,0,0,0,,,
skill_6236,6236,DO NOT USE,0,0,0,0,0,0,0,0,0,0,0,0,0,0,0,0,0,0,0,0,0,0,0,0.0,0,0,0,0,0,0,0,0,0,0,0,0,0,0,0,0,0,0,0,0,0,0,0,0,0,0,0,0,0,0,0,0,0,0,0,0,0,0,,,
skill_6237,6237,DO NOT USE,0,0,0,0,0,0,0,0,0,0,0,0,0,0,0,0,0,0,0,0,0,0,0,0.0,0,0,0,0,0,0,0,0,0,0,0,0,0,0,0,0,0,0,0,0,0,0,0,0,0,0,0,0,0,0,0,0,0,0,0,0,0,0,,,
skill_6238,6238,DO NOT USE,0,0,0,0,0,0,0,0,0,0,0,0,0,0,0,0,0,0,0,0,0,0,0,0.0,0,0,0,0,0,0,0,0,0,0,0,0,0,0,0,0,0,0,0,0,0,0,0,0,0,0,0,0,0,0,0,0,0,0,0,0,0,0,,,
skill_6239,6239,DO NOT USE,0,0,0,0,0,0,0,0,0,0,0,0,0,0,0,0,0,0,0,0,0,0,0,0.0,0,0,0,0,0,0,0,0,0,0,0,0,0,0,0,0,0,0,0,0,0,0,0,0,0,0,0,0,0,0,0,0,0,0,0,0,0,0,,,
skill_6240,6240,DO NOT USE,0,0,0,0,0,0,0,0,0,0,0,0,0,0,0,0,0,0,0,0,0,0,0,0.0,0,0,0,0,0,0,0,0,0,0,0,0,0,0,0,0,0,0,0,0,0,0,0,0,0,0,0,0,0,0,0,0,0,0,0,0,0,0,,,
skill_6241,6241,DO NOT USE,0,0,0,0,0,0,0,0,0,0,0,0,0,0,0,0,0,0,0,0,0,0,0,0.0,0,0,0,0,0,0,0,0,0,0,0,0,0,0,0,0,0,0,0,0,0,0,0,0,0,0,0,0,0,0,0,0,0,0,0,0,0,0,,,
skill_6242,6242,DO NOT USE,0,0,0,0,0,0,0,0,0,0,0,0,0,0,0,0,0,0,0,0,0,0,0,0.0,0,0,0,0,0,0,0,0,0,0,0,0,0,0,0,0,0,0,0,0,0,0,0,0,0,0,0,0,0,0,0,0,0,0,0,0,0,0,,,
skill_6244,6244,DO NOT USE,0,0,0,0,0,0,0,0,0,0,0,0,0,0,0,0,0,0,0,0,0,0,0,0.0,0,0,0,0,0,0,0,0,0,0,0,0,0,0,0,0,0,0,0,0,0,0,0,0,0,0,0,0,0,0,0,0,0,0,0,0,0,0,,,
skill_6245,6245,DO NOT USE,0,0,0,0,0,0,0,0,0,0,0,0,0,0,0,0,0,0,0,0,0,0,0,0.0,0,0,0,0,0,0,0,0,0,0,0,0,0,0,0,0,0,0,0,0,0,0,0,0,0,0,0,0,0,0,0,0,0,0,0,0,0,0,,,
skill_6246,6246,DO NOT USE,0,0,0,0,0,0,0,0,0,0,0,0,0,0,0,0,0,0,0,0,0,0,0,0.0,0,0,0,0,0,0,0,0,0,0,0,0,0,0,0,0,0,0,0,0,0,0,0,0,0,0,0,0,0,0,0,0,0,0,0,0,0,0,,,
skill_6247,6247,DO NOT USE,0,0,0,0,0,0,0,0,0,0,0,0,0,0,0,0,0,0,0,0,0,0,0,0.0,0,0,0,0,0,0,0,0,0,0,0,0,0,0,0,0,0,0,0,0,0,0,0,0,0,0,0,0,0,0,0,0,0,0,0,0,0,0,,,
skill_6248,6248,DO NOT USE,0,0,0,0,0,0,0,0,0,0,0,0,0,0,0,0,0,0,0,0,0,0,0,0.0,0,0,0,0,0,0,0,0,0,0,0,0,0,0,0,0,0,0,0,0,0,0,0,0,0,0,0,0,0,0,0,0,0,0,0,0,0,0,,,
skill_6249,6249,DO NOT USE,0,0,0,0,0,0,0,0,0,0,0,0,0,0,0,0,0,0,0,0,0,0,0,0.0,0,0,0,0,0,0,0,0,0,0,0,0,0,0,0,0,0,0,0,0,0,0,0,0,0,0,0,0,0,0,0,0,0,0,0,0,0,0,,,
skill_6250,6250,DO NOT USE,0,0,0,0,0,0,0,0,0,0,0,0,0,0,0,0,0,0,0,0,0,0,0,0.0,0,0,0,0,0,0,0,0,0,0,0,0,0,0,0,0,0,0,0,0,0,0,0,0,0,0,0,0,0,0,0,0,0,0,0,0,0,0,,,
skill_6251,6251,DO NOT USE,0,0,0,0,0,0,0,0,0,0,0,0,0,0,0,0,0,0,0,0,0,0,0,0.0,0,0,0,0,0,0,0,0,0,0,0,0,0,0,0,0,0,0,0,0,0,0,0,0,0,0,0,0,0,0,0,0,0,0,0,0,0,0,,,
skill_6252,6252,DO NOT USE,0,0,0,0,0,0,0,0,0,0,0,0,0,0,0,0,0,0,0,0,0,0,0,0.0,0,0,0,0,0,0,0,0,0,0,0,0,0,0,0,0,0,0,0,0,0,0,0,0,0,0,0,0,0,0,0,0,0,0,0,0,0,0,,,
skill_6253,6253,DO NOT USE,0,0,0,0,0,0,0,0,0,0,0,0,0,0,0,0,0,0,0,0,0,0,0,0.0,0,0,0,0,0,0,0,0,0,0,0,0,0,0,0,0,0,0,0,0,0,0,0,0,0,0,0,0,0,0,0,0,0,0,0,0,0,0,,,
skill_6255,6255,DO NOT USE,0,0,0,0,0,0,0,0,0,0,0,0,0,0,0,0,0,0,0,0,0,0,0,0.0,0,0,0,0,0,0,0,0,0,0,0,0,0,0,0,0,0,0,0,0,0,0,0,0,0,0,0,0,0,0,0,0,0,0,0,0,0,0,,,
skill_6256,6256,DO NOT USE,0,0,0,0,0,0,0,0,0,0,0,0,0,0,0,0,0,0,0,0,0,0,0,0.0,0,0,0,0,0,0,0,0,0,0,0,0,0,0,0,0,0,0,0,0,0,0,0,0,0,0,0,0,0,0,0,0,0,0,0,0,0,0,,,
skill_6257,6257,DO NOT USE,0,0,0,0,0,0,0,0,0,0,0,0,0,0,0,0,0,0,0,0,0,0,0,0.0,0,0,0,0,0,0,0,0,0,0,0,0,0,0,0,0,0,0,0,0,0,0,0,0,0,0,0,0,0,0,0,0,0,0,0,0,0,0,,,
skill_6258,6258,DO NOT USE,0,0,0,0,0,0,0,0,0,0,0,0,0,0,0,0,0,0,0,0,0,0,0,0.0,0,0,0,0,0,0,0,0,0,0,0,0,0,0,0,0,0,0,0,0,0,0,0,0,0,0,0,0,0,0,0,0,0,0,0,0,0,0,,,
skill_6259,6259,DO NOT USE,0,0,0,0,0,0,0,0,0,0,0,0,0,0,0,0,0,0,0,0,0,0,0,0.0,0,0,0,0,0,0,0,0,0,0,0,0,0,0,0,0,0,0,0,0,0,0,0,0,0,0,0,0,0,0,0,0,0,0,0,0,0,0,,,
skill_6260,6260,DO NOT USE,0,0,0,0,0,0,0,0,0,0,0,0,0,0,0,0,0,0,0,0,0,0,0,0.0,0,0,0,0,0,0,0,0,0,0,0,0,0,0,0,0,0,0,0,0,0,0,0,0,0,0,0,0,0,0,0,0,0,0,0,0,0,0,,,
skill_6261,6261,DO NOT USE,0,0,0,0,0,0,0,0,0,0,0,0,0,0,0,0,0,0,0,0,0,0,0,0.0,0,0,0,0,0,0,0,0,0,0,0,0,0,0,0,0,0,0,0,0,0,0,0,0,0,0,0,0,0,0,0,0,0,0,0,0,0,0,,,
skill_6262,6262,DO NOT USE,0,0,0,0,0,0,0,0,0,0,0,0,0,0,0,0,0,0,0,0,0,0,0,0.0,0,0,0,0,0,0,0,0,0,0,0,0,0,0,0,0,0,0,0,0,0,0,0,0,0,0,0,0,0,0,0,0,0,0,0,0,0,0,,,
skill_6263,6263,DO NOT USE,0,0,0,0,0,0,0,0,0,0,0,0,0,0,0,0,0,0,0,0,0,0,0,0.0,0,0,0,0,0,0,0,0,0,0,0,0,0,0,0,0,0,0,0,0,0,0,0,0,0,0,0,0,0,0,0,0,0,0,0,0,0,0,,,
skill_6264,6264,DO NOT USE,0,0,0,0,0,0,0,0,0,0,0,0,0,0,0,0,0,0,0,0,0,0,0,0.0,0,0,0,0,0,0,0,0,0,0,0,0,0,0,0,0,0,0,0,0,0,0,0,0,0,0,0,0,0,0,0,0,0,0,0,0,0,0,,,
skill_6266,6266,DO NOT USE,0,0,0,0,0,0,0,0,0,0,0,0,0,0,0,0,0,0,0,0,0,0,0,0.0,0,0,0,0,0,0,0,0,0,0,0,0,0,0,0,0,0,0,0,0,0,0,0,0,0,0,0,0,0,0,0,0,0,0,0,0,0,0,,,
skill_6267,6267,DO NOT USE,0,0,0,0,0,0,0,0,0,0,0,0,0,0,0,0,0,0,0,0,0,0,0,0.0,0,0,0,0,0,0,0,0,0,0,0,0,0,0,0,0,0,0,0,0,0,0,0,0,0,0,0,0,0,0,0,0,0,0,0,0,0,0,,,
skill_6268,6268,DO NOT USE,0,0,0,0,0,0,0,0,0,0,0,0,0,0,0,0,0,0,0,0,0,0,0,0.0,0,0,0,0,0,0,0,0,0,0,0,0,0,0,0,0,0,0,0,0,0,0,0,0,0,0,0,0,0,0,0,0,0,0,0,0,0,0,,,
skill_6269,6269,DO NOT USE,0,0,0,0,0,0,0,0,0,0,0,0,0,0,0,0,0,0,0,0,0,0,0,0.0,0,0,0,0,0,0,0,0,0,0,0,0,0,0,0,0,0,0,0,0,0,0,0,0,0,0,0,0,0,0,0,0,0,0,0,0,0,0,,,
skill_6270,6270,DO NOT USE,0,0,0,0,0,0,0,0,0,0,0,0,0,0,0,0,0,0,0,0,0,0,0,0.0,0,0,0,0,0,0,0,0,0,0,0,0,0,0,0,0,0,0,0,0,0,0,0,0,0,0,0,0,0,0,0,0,0,0,0,0,0,0,,,
skill_6271,6271,DO NOT USE,0,0,0,0,0,0,0,0,0,0,0,0,0,0,0,0,0,0,0,0,0,0,0,0.0,0,0,0,0,0,0,0,0,0,0,0,0,0,0,0,0,0,0,0,0,0,0,0,0,0,0,0,0,0,0,0,0,0,0,0,0,0,0,,,
skill_6272,6272,DO NOT USE,0,0,0,0,0,0,0,0,0,0,0,0,0,0,0,0,0,0,0,0,0,0,0,0.0,0,0,0,0,0,0,0,0,0,0,0,0,0,0,0,0,0,0,0,0,0,0,0,0,0,0,0,0,0,0,0,0,0,0,0,0,0,0,,,
skill_6273,6273,DO NOT USE,0,0,0,0,0,0,0,0,0,0,0,0,0,0,0,0,0,0,0,0,0,0,0,0.0,0,0,0,0,0,0,0,0,0,0,0,0,0,0,0,0,0,0,0,0,0,0,0,0,0,0,0,0,0,0,0,0,0,0,0,0,0,0,,,
skill_6274,6274,DO NOT USE,0,0,0,0,0,0,0,0,0,0,0,0,0,0,0,0,0,0,0,0,0,0,0,0.0,0,0,0,0,0,0,0,0,0,0,0,0,0,0,0,0,0,0,0,0,0,0,0,0,0,0,0,0,0,0,0,0,0,0,0,0,0,0,,,
skill_6275,6275,DO NOT USE,0,0,0,0,0,0,0,0,0,0,0,0,0,0,0,0,0,0,0,0,0,0,0,0.0,0,0,0,0,0,0,0,0,0,0,0,0,0,0,0,0,0,0,0,0,0,0,0,0,0,0,0,0,0,0,0,0,0,0,0,0,0,0,,,
skill_6277,6277,DO NOT USE,0,0,0,0,0,0,0,0,0,0,0,0,0,0,0,0,0,0,0,0,0,0,0,0.0,0,0,0,0,0,0,0,0,0,0,0,0,0,0,0,0,0,0,0,0,0,0,0,0,0,0,0,0,0,0,0,0,0,0,0,0,0,0,,,
skill_6278,6278,DO NOT USE,0,0,0,0,0,0,0,0,0,0,0,0,0,0,0,0,0,0,0,0,0,0,0,0.0,0,0,0,0,0,0,0,0,0,0,0,0,0,0,0,0,0,0,0,0,0,0,0,0,0,0,0,0,0,0,0,0,0,0,0,0,0,0,,,
skill_6279,6279,DO NOT USE,0,0,0,0,0,0,0,0,0,0,0,0,0,0,0,0,0,0,0,0,0,0,0,0.0,0,0,0,0,0,0,0,0,0,0,0,0,0,0,0,0,0,0,0,0,0,0,0,0,0,0,0,0,0,0,0,0,0,0,0,0,0,0,,,
skill_6280,6280,DO NOT USE,0,0,0,0,0,0,0,0,0,0,0,0,0,0,0,0,0,0,0,0,0,0,0,0.0,0,0,0,0,0,0,0,0,0,0,0,0,0,0,0,0,0,0,0,0,0,0,0,0,0,0,0,0,0,0,0,0,0,0,0,0,0,0,,,
skill_6281,6281,DO NOT USE,0,0,0,0,0,0,0,0,0,0,0,0,0,0,0,0,0,0,0,0,0,0,0,0.0,0,0,0,0,0,0,0,0,0,0,0,0,0,0,0,0,0,0,0,0,0,0,0,0,0,0,0,0,0,0,0,0,0,0,0,0,0,0,,,
skill_6282,6282,DO NOT USE,0,0,0,0,0,0,0,0,0,0,0,0,0,0,0,0,0,0,0,0,0,0,0,0.0,0,0,0,0,0,0,0,0,0,0,0,0,0,0,0,0,0,0,0,0,0,0,0,0,0,0,0,0,0,0,0,0,0,0,0,0,0,0,,,
skill_6283,6283,DO NOT USE,0,0,0,0,0,0,0,0,0,0,0,0,0,0,0,0,0,0,0,0,0,0,0,0.0,0,0,0,0,0,0,0,0,0,0,0,0,0,0,0,0,0,0,0,0,0,0,0,0,0,0,0,0,0,0,0,0,0,0,0,0,0,0,,,
skill_6284,6284,DO NOT USE,0,0,0,0,0,0,0,0,0,0,0,0,0,0,0,0,0,0,0,0,0,0,0,0.0,0,0,0,0,0,0,0,0,0,0,0,0,0,0,0,0,0,0,0,0,0,0,0,0,0,0,0,0,0,0,0,0,0,0,0,0,0,0,,,
skill_6285,6285,DO NOT USE,0,0,0,0,0,0,0,0,0,0,0,0,0,0,0,0,0,0,0,0,0,0,0,0.0,0,0,0,0,0,0,0,0,0,0,0,0,0,0,0,0,0,0,0,0,0,0,0,0,0,0,0,0,0,0,0,0,0,0,0,0,0,0,,,
skill_6286,6286,DO NOT USE,0,0,0,0,0,0,0,0,0,0,0,0,0,0,0,0,0,0,0,0,0,0,0,0.0,0,0,0,0,0,0,0,0,0,0,0,0,0,0,0,0,0,0,0,0,0,0,0,0,0,0,0,0,0,0,0,0,0,0,0,0,0,0,,,
